# callgrind format
version: 1
creator: callgrind-3.25.1
pid: 9946
cmd:  ././alignment/pearson ./data/1024.data ./data_o/1024_seq.data
part: 1


desc: I1 cache: 32768 B, 64 B, 8-way associative
desc: D1 cache: 49152 B, 64 B, 12-way associative
desc: LL cache: 25165824 B, 64 B, 12-way associative

desc: Timerange: Basic block 0 - 838187874
desc: Trigger: Program termination

positions: instr line
events: Ir Dr Dw I1mr D1mr D1mw ILmr DLmr DLmw Bc Bcm Bi Bim
summary: 5040626551 1405712535 501041700 43336 67970117 487146 2644 9980 461640 635058014 8544265 38760638 12009


ob=(4) ???
fl=(198) ???
fn=(674) 0x0000000004847000
0x4847000 0 1 0 0 1 0 0 1
+4 0 1
+4 0 1 1
+7 0 1
+3 0 1 0 0 0 0 0 0 0 0 1 1
+4 0 1
+4 0 1 1

fn=(722) 0x0000000004910000
0x4910000 0 1 0 0 1 0 0 1
+4 0 1
+4 0 1 1 0 0 1
+7 0 1
+3 0 1 0 0 0 0 0 0 0 0 1
+4 0 1
+4 0 1 1

fn=(712) 0x0000000004b59000
0x4b59000 0 1 0 0 1 0 0 1
+4 0 1
+4 0 1 1 0 0 1
+7 0 1
+3 0 1 0 0 0 0 0 0 0 0 1
+4 0 1
+4 0 1 1

fn=(930) 0x0000000004ccd2f0
0x4ccd2f0 0 1 0 0 1 0 0 1
+4 0 1 1 0 0 0 0 0 0 0 0 0 1 1
cob=(2) /usr/lib/libc.so.6
cfi=(265) /usr/src/debug/glibc/glibc/string/../sysdeps/x86_64/multiarch/strcmp-avx2.S
cfn=(932) __strncmp_avx2
calls=1 0x175e20 206 
* 0 25 5 0 2 1 0 2 0 0 4 1

fn=(1742) 0x0000000004a92e84
0x4a92e84 0 1 0 0 1 0 0 1
+4 0 1
+4 0 1
+4 0 1 1

fn=(1122) 0x0000000004ccd340
0x4ccd340 0 2 0 0 1 0 0 1
+4 0 2 2 0 0 1 0 0 1 0 0 0 2 1
cob=(2)
cfi=(304) /usr/src/debug/glibc/glibc/string/../sysdeps/x86_64/multiarch/strchr-avx2.S
cfn=(1124) __strchr_avx2
calls=2 0x174160 53 
* 0 42 6 0 4 1 0 4 1 0 6 2

fn=(1666) 0x0000000004004588
0x4004588 0 1 0 0 1 0 0 1
+4 0 1
+4 0 1
+4 0 1 1

fn=(696) 0x0000000004c80000
0x4c80000 0 1 0 0 1 0 0 1
+4 0 1
+4 0 1 1 0 0 1
+7 0 1
+3 0 1 0 0 0 0 0 0 0 0 1 1
+4 0 1
+4 0 1 1

fn=(1762) 0x0000000004bf1510
0x4bf1510 0 1 0 0 1 0 0 1
+4 0 1
+4 0 1
+4 0 1 1

fn=(688) 0x0000000004ccd330
0x4ccd330 0 1 0 0 1 0 0 1
+4 0 1 1 0 0 1 0 0 0 0 0 0 1 1
cob=(2)
cfi=(202) /usr/src/debug/glibc/glibc/string/../sysdeps/x86_64/multiarch/strrchr-avx2.S
cfn=(690) __strrchr_avx2
calls=1 0x176bf0 53 
* 0 22 2 0 2 1 0 2 0 0 3 1

fn=(1000) 0x0000000004002000
0x4002000 0 1 0 0 1 0 0 1
+4 0 1
+4 0 1 1 0 0 1
+7 0 1
+3 0 1 0 0 0 0 0 0 0 0 1 1
+4 0 1
+4 0 1 1

fn=(1538) 0x0000000004ccd2a0
0x4ccd2a0 0 1047552 0 0 1 0 0 1
+4 0 1047552 1047552 0 0 1 0 0 1 0 0 0 1047552 1
cob=(2)
cfi=(304)
cfn=(1540) __strchrnul_avx2
calls=1047552 0x1743a0 53 
* 0 19903488 2095104 0 2 0 0 2 0 0 2095104

fn=(812) 0x0000000004ccd250
0x4ccd250 0 1572421 0 0 3 0 0 2
+4 0 1572421 1572421 0 0 1 0 0 0 0 0 0 1572421 3
cob=(2)
cfi=(240) /usr/src/debug/glibc/glibc/string/../sysdeps/x86_64/multiarch/strlen-avx2.S
cfn=(814) __strlen_avx2
calls=1572421 0x174d40 52 
* 0 22013894 3144842 0 1 8 0 1 7 0 3144842 8

fn=(1782) 0x0000000004ca2f88
0x4ca2f88 0 1 0 0 1 0 0 1
+4 0 1
+4 0 1
+4 0 1 1

fn=(1684) 0x0000000004847274
0x4847274 0 1 0 0 1 0 0 1
+4 0 1
+4 0 1
+4 0 1 1 0 1 0 0 1

ob=(7) /usr/lib/libstdc++.so.6.0.35
fl=(389) /usr/src/debug/gcc/gcc/libstdc++-v3/libsupc++/eh_globals.cc
fn=(1718) __cxa_get_globals
0xb56b0 62 2 0 0 1 0 0 1
+4 * 2 0 2
+1 * 2
+3 * 2
+7 * 2 2 2 1 1 0 1 1 0 0 0 2 1
cob=(1) /usr/lib/ld-linux-x86-64.so.2
cfi=(390) /usr/src/debug/glibc/glibc/elf/../sysdeps/x86_64/tls_get_addr.S
cfn=(1720) __tls_get_addr
calls=2 0x19850 -33 
* * 24 14 0 1 3 0 1 3 0 4
+6 * 2 2
+1 * 2
+6 * 2 2

fl=(259) /usr/src/debug/gcc/gcc/libstdc++-v3/src/c++11/compatibility-condvar.cc
fn=(918) _GLOBAL__sub_I_compatibility_condvar.cc
0xb2690 108 1
+4 -26 1 0 1 0 0 1
+11 +26 1 1

fl=(244) /usr/src/debug/gcc/gcc-build/x86_64-pc-linux-gnu/libstdc++-v3/src/c++98/numeric_members_cow.cc
fn=(836) std::numpunct<char>::_M_initialize_numpunct(__locale_struct*)
0xd7fe0 92 1 0 0 1 0 0 1
+4 * 1 0 1
+1 * 1
+3 * 1
+4 * 1 0 1
+4 * 1
+3 * 1 0 1
+4 * 1
+3 +1 1 1
+5 * 1 0 0 1 0 0 1 0 0 1
+6 +3 1
+3 * 1 0 0 0 0 0 0 0 0 1
0xd8078 +68 1 1 0 1 0 0 1
+4 * 1
+7 +1 1 0 1
+8 +4 1 1
+4 -5 1 0 1
+4 +3 1
+7 +2 1 1
+4 -2 1 0 1
+4 +1 1 0 1
+8 +1 1 1
+1 * 1 1
+5 -70 1 1 0 1 0 0 1
+4 * 1
+7 * 1 0 1
+4 +1 1 0 1 1 0 0 1
+8 +1 1 0 1
+4 +2 1 0 1
+4 +1 1 1
+4 * 1 0 1
+4 +3 1 1
+7 * 1 1
+3 -1 1
+2 * 1
+7 * 1
+11 * 1
+11 +1 1 1 0 1 0 0 1
+4 * 1 1
+4 * 1 0 1
+4 -1 1
+4 * 1
+4 * 1 0 0 0 0 0 0 0 0 1 1
-20 +1 35 35
+4 * 35 35
+4 * 35 0 35
+4 -1 35
+4 * 35
+4 * 35 0 0 0 0 0 0 0 0 35 8
+2 +4 1 1
+7 * 1 1
+3 -1 1
+2 * 1
+8 * 1
+11 * 1
+11 +1 1 1 0 1 0 0 1
+4 * 1 1
+4 * 1 0 1
+4 -1 1
+4 * 1
+4 * 1 0 0 0 0 0 0 0 0 1 1
-20 +1 25 25
+4 * 25 25
+4 * 25 0 25
+4 -1 25
+4 * 25
+4 * 25 0 0 0 0 0 0 0 0 25 7
+2 * 1

fn=(848) std::numpunct<wchar_t>::_M_initialize_numpunct(__locale_struct*)
0xd8360 183 1 0 0 1 0 0 1
+4 * 1 0 1
+1 * 1
+3 * 1
+4 * 1 0 1
+4 * 1
+3 * 1 0 1
+4 * 1
+3 +1 1 1
+5 * 1 0 0 1 0 0 1 0 0 1
+6 +3 1
+3 * 1 0 0 0 0 0 0 0 0 1 1
+86 +69 1 0 0 1 0 0 1
+7 +1 1 0 1
+8 +4 1 1
+4 -5 1 0 1
+4 +3 1
+7 +2 1 1
+4 -2 1 0 1
+4 +1 1 0 1
+8 +1 1 1
+1 * 1 1
+3 -71 1 1 0 1 0 0 1
+4 * 1
+7 * 1 0 1
+4 +4 1
+10 * 1 0 1
+4 +6 1 1
+7 -9 1 0 1
+8 +1 1 0 1
+4 +8 1 1 0 1 0 0 1
+3 -2 1
+2 * 1
+5 * 1
+11 * 1
+11 +2 1 1
+4 * 1 0 1
+4 -2 1
+4 * 1
+4 * 1 0 0 0 0 0 0 0 0 1 1
-16 +2 35 35
+4 * 35 0 35
+4 -2 35
+4 * 35
+4 * 35 0 0 0 0 0 0 0 0 35 5
+2 +6 1 1
+7 * 1 1
+3 -2 1
+2 * 1
+2 +2 1 1 0 1 0 0 1
+4 * 1 0 1
+7 -2 1
+4 * 1
+4 * 1 0 0 0 0 0 0 0 0 1 1
-19 +2 25 25
+4 * 25 0 25
+7 -2 25
+4 * 25
+4 * 25 0 0 0 0 0 0 0 0 25 7
+2 * 1

fl=(295) /usr/src/debug/gcc/gcc-build/x86_64-pc-linux-gnu/libstdc++-v3/src/c++11/basic_file.cc
fn=(1088) std::__basic_file<char>::open(char const*, std::_Ios_Openmode, int)
0xfa3f0 255 2 0 0 2 0 0 2
+4 * 2 0 2
+1 * 2
+3 * 2
+4 * 2 0 2
+4 * 2 0 0 2 0 0 2
+3 +2 2
+2 -2 2 0 2
+4 +2 2 0 2
cfn=(1090) (anonymous namespace)::fopen_mode(std::_Ios_Openmode)
calls=2 0xfa1b0 93 
* * 18 4 0 5 2 0 5 2 0 2 1 2 2
+5 * 2
+3 +1 2
+3 * 2 0 0 0 0 0 0 0 0 2
+2 * 2 0 2
+4 * 2
+3 * 2
+3 * 2 2 2 0 0 0 0 0 0 0 0 2 1
cfn=(1086) std::__basic_file<char>::is_open() const
calls=2 0xfa290 +46 
* * 8 4
+6 * 2
+2 * 2 0 0 0 0 0 0 0 0 2
+2 +2 2
+3 * 2
+3 * 2 2 2 0 0 0 0 0 0 0 0 2 2
cob=(2)
cfi=(296) /usr/src/debug/glibc/glibc/libio/iofopen.c
cfn=(1092) fopen@@GLIBC_2.2.5
calls=2 0x820b0 85 
* * 1069 237 229 82 19 21 82 15 19 121 38 4 2
+6 * 2 0 2
+4 * 2
+3 * 2
+3 * 2 0 0 2 0 0 2 0 0 2
+2 +2 2 0 2
+6 +1 2 2
+4 * 2
+3 +4 2
+3 * 2 2
+4 * 2 2
+4 * 2 2
+1 * 2 2

fn=(1160) std::__basic_file<char>::xsgetn(char*, long)
0xfa510 334 770 0 0 1 0 0 1
+4 * 770 0 770
+1 * 770
+3 * 770 0 770
+2 * 770
+3 * 770 0 770
+2 * 770
+3 * 770 0 770
+2 * 770
+3 * 770 0 770
+1 * 770
+19 +14 770
+3 * 770 770 770 1 273 0 1 0 0 0 0 770 1
cfn=(1162) std::__basic_file<char>::fd()
calls=770 0xfa480 -39 
* * 7700 3850 0 771 1329 0 2 0 0 1540 0 770 1
fi=(310) /usr/include/bits/unistd.h
+6 32 770
+3 * 770
+3 * 770
+2 * 770 770 770 0 768 0 0 0 0 0 0 770 1
cob=(2)
cfi=(311) /usr/src/debug/glibc/glibc/io/../sysdeps/unix/sysv/linux/read.c
cfn=(1168) read
calls=770 0x110010 -7 
* * 28490 10010 5390 2 768 0 1 0 0 1540 3
+6 * 770
fe=(295)
+3 349 770
+4 * 770 0 0 0 0 0 0 0 0 770
+2 +3 770
+3 * 770 770
+1 * 770 770
+2 * 770 770
+2 * 770 770
+2 * 770 770
+1 * 770 770

fn=(1466) std::__basic_file<char>::~__basic_file()
0xfa500 210 2 0 0 1 0 0 1
+4 * 2 0 2
+1 * 2
+3 +1 2 2 2 0 0 0 0 0 0 0 0 2 1
cfn=(1438) std::__basic_file<char>::close()
calls=2 0xfa4a0 318 
* * 36 12 6 0 0 0 0 0 0 2 2 2
+6 * 2 2
+1 * 2 2

fn=(1086)
0xfa290 304 13
+4 * 13 13
+4 * 13
+3 * 13 13

fn=(1076) std::__basic_file<char>::__basic_file(pthread_mutex_t*)
0xfa280 207 2 0 0 1 0 0 1
+4 +1 2 0 2
+7 * 2 0 2
+4 * 2 2

fn=(1612) std::__basic_file<char>::xsputn_2(char const*, long, char const*, long)
0xfa5e0 367 1319 0 0 1 0 0 1
+4 * 1319 0 1319
+1 * 1319
+3 * 1319 0 1319
+2 * 1319 0 1319
+2 * 1319
+3 * 1319 0 1319
+2 * 1319
+3 * 1319 0 1319
+2 * 1319
+3 * 1319 0 1319
+1 * 1319
+3 * 1319 0 0 1 0 0 1
+4 * 1319 0 1319
+4 * 1319 0 1319
+4 * 1319 1319
+9 * 1319 0 1319
+4 * 1319
+2 +3 1319 1319 1319 0 1 0 0 1 0 0 0 1319 1
cfn=(1162)
calls=1319 0xfa480 -61 
* * 13190 6595 0 1 1 0 1 1 0 2638 2 1319
+6 167 1319 0 1319
+4 370 1319
+3 163 1319
+3 * 1319
+4 +5 1319 0 1319
+4 -5 1319
+3 +9 1319 0 1319
+4 +3 1319
+5 * 1319
+4 * 1319 0 0 1 0 0 1
+3 -2 1319 0 1319
+4 +2 1319 1319 1319 0 1 0 0 1 0 0 0 1319 1
cob=(2)
cfi=(374) /usr/src/debug/glibc/glibc/misc/../sysdeps/unix/sysv/linux/writev.c
cfn=(1614) writev
calls=1319 0x11cec0 25 
* * 50122 17147 9233 1 0 0 1 0 0 2638
+6 +1 1319
+4 * 1319 0 0 0 0 0 0 0 0 1319
+2 +6 1319
+3 * 1319 0 0 0 0 0 0 0 0 1319
+40 387 1319 1319 0 1 0 0 1
+4 * 1319 1319
+9 * 1319 0 0 0 0 0 0 0 0 1319 1
+2 * 1319
+4 * 1319
+3 * 1319 1319
+1 * 1319 1319
+2 * 1319 1319
+2 * 1319 1319
+2 * 1319 1319
+2 * 1319 1319
+1 * 1319 1319

fn=(1622) std::__basic_file<char>::xsputn(char const*, long)
0xfa570 356 1 0 0 1 0 0 1
+4 * 1 0 1
+1 * 1
+3 * 1 0 1
+2 * 1 0 1
+2 * 1
+3 * 1 0 1 1 0 0 1
+2 * 1
+3 * 1 0 1
+1 132 1
+3 360 1 1 1 0 0 0 0 0 0 0 0 1 1
cfn=(1162)
calls=1 0xfa480 -51 
* * 10 5 0 0 0 0 0 0 0 2 1 1
+6 * 1
+3 141 1
+3 * 1
+3 * 1
+3 * 1 1 1 0 1 0 0 1 0 0 0 1 1
cob=(2)
cfi=(375) /usr/src/debug/glibc/glibc/io/../sysdeps/unix/sysv/linux/write.c
cfn=(1624) write
calls=1 0x110b40 25 
* * 37 13 7 1 0 0 1 0 0 2 1
+6 +1 1
+4 * 1 0 0 0 0 0 0 0 0 1
+2 +6 1
+3 * 1 0 0 0 0 0 0 0 0 1 1
+39 362 1 1
+1 148 1
+3 362 1 1
+2 * 1 1
+2 * 1 1
+2 * 1 1
+1 * 1 1

fn=(1162)
0xfa480 309 2090 0 0 2 0 0 2
+4 * 2090 2090
+3 * 2090 2090 0 0 288 0 0 1 0 0 0 2090 1
cob=(2)
cfi=(309) /usr/src/debug/glibc/glibc/libio/fileno.c
cfn=(1164) fileno
calls=2090 0x8ae90 32 
* * 14630 6270 0 770 1042 0 1 0 0 4180 3

fn=(1090)
0xfa1b0 93 2 0 0 1 0 0 1
+3 * 2
+3 * 2 0 0 0 0 0 0 0 0 2 1
+2 * 2
+7 * 2 2 0 2 2 0 2 2
+4 * 2
+3 * 2 0 0 0 0 0 0 0 0 0 0 2 2
0xfa268 +8 1 0 0 1 0 0 1
+7 * 1 1
+1 -6 1 0 0 1 0 0 1
+7 * 1 1

fn=(1438)
0xfa4a0 318 4
+4 * 4 0 4
+1 * 4
+3 * 4 0 4
+1 * 4
+3 * 4
+4 +2 4 4 4 0 0 0 0 0 0 0 0 4 1
cfn=(1086)
calls=4 0xfa290 -16 
* * 16 8
+6 -1 4
+2 +1 4
+2 * 4 0 0 0 0 0 0 0 0 4 2
+2 +3 2 2
+4 * 2 0 0 1 0 0 1 0 0 2 2
+12 +7 2 2
+4 * 2
+3 * 2 2
+1 * 2 2
+4 * 2 0 2
+4 -6 2 2
+3 * 2 2 2 0 1 0 0 0 0 0 0 2 1
cob=(2)
cfi=(349) /usr/src/debug/glibc/glibc/libio/iofclose.c
cfn=(1440) fclose@@GLIBC_2.2.5
calls=2 0x813f0 34 
* * 682 200 120 72 26 2 68 4 0 106 40 6 3
+6 -5 2 2
+4 +6 2 0 2
+7 -6 2
+2 * 2
+4 +11 2 2
+4 * 2 2
+1 * 2
+3 * 2 2

fl=(211) /usr/src/debug/gcc/gcc/libstdc++-v3/src/c++98/ios_init.cc
fn=(728) std::ios_base::Init::Init()
0xcbb90 78 1 0 0 1 0 0 1
+4 * 1 0 1
+1 * 1
+3 * 1
fi=(212) /usr/src/debug/gcc/gcc-build/x86_64-pc-linux-gnu/libstdc++-v3/include/ext/atomicity.h
+4 +63 1 1 0 0 1
fe=(211)
+7 -63 1 0 1
fi=(212)
+4 +38 1
+7 +25 1 1
+3 * 1 0 0 0 0 0 0 0 0 1
+2 -25 1 1 0 0 1 0 0 1
+2 +5 1
+3 * 1 0 1
fe=(211)
+2 -41 1
+2 * 1 0 0 0 0 0 0 0 0 1 1
+25 * 1 1 0 1 1 0 1
+7 * 1 0 1
fi=(246) /usr/src/debug/gcc/gcc-build/x86_64-pc-linux-gnu/libstdc++-v3/include/streambuf
+4 475 1
+4 * 1
+7 * 1 0 1
+4 * 1
+4 * 1
+4 * 1 0 1
+4 * 1
+5 * 1 0 0 1 0 0 1
+5 * 1 1 0 0 1
+7 * 1 0 1
+4 * 1
+4 * 1 0 1 0 0 1
+7 * 1
+4 * 1 0 1
+4 * 1
+5 * 1 0 1
+4 * 1 1 0 0 1
+7 * 1 0 1
+4 * 1
+4 * 1
+4 * 1 0 1 1 0 1 1
+7 * 1
+5 * 1
+5 * 1 1 0 0 1
+7 -1 1 0 1
+11 * 1
+4 * 1
+4 * 1 0 1
+4 * 1
fe=(211)
+5 83 1
fi=(246)
+7 475 1 0 1 1 0 0 1
fe=(211)
+7 83 1 0 1 0 0 1
+3 +2 1 1 0 0 1
fi=(246)
+7 475 1 0 1
fe=(211)
+4 85 1 1
fi=(246)
+3 475 1 1 1 0 1 1 0 0 0 0 0 1 1
cfi=(213) /usr/src/debug/gcc/gcc/libstdc++-v3/src/c++11/locale_init.cc
cfn=(732) std::locale::locale()
calls=1 0xe7cd0 269 
* * 35598 10190 3942 277 142 101 277 21 94 6947 308 814 132
+6 * 1 1
fi=(386) /usr/src/debug/gcc/gcc-build/x86_64-pc-linux-gnu/libstdc++-v3/include/ext/stdio_sync_filebuf.h
+5 83 1 1 0 0 1
fi=(246)
+7 475 1
+7 * 1 1
fi=(386)
+5 83 1 0 1
+7 * 1
fe=(211)
+4 +3 1 1 0 1 0 0 1
fi=(246)
+7 475 1 0 1 0 0 1
+7 * 1 0 1
fe=(211)
+7 86 1 1
fi=(246)
+3 475 1 0 1
fi=(386)
+7 83 1 0 1
+7 * 1 0 1
fi=(246)
+10 474 1 0 1
+11 +1 1 1 1 0 0 0 0 0 0 0 0 1 1
cfi=(213)
cfn=(732)
calls=1 0xe7cd0 269 
* * 25 9 5 0 0 0 0 0 0 3 1
+6 * 1 1 0 1 0 0 1
fe=(211)
+5 87 1 1
fi=(386)
+7 -4 1 0 1
fi=(246)
+7 475 1 1
+5 * 1
fi=(386)
+7 83 1 0 1
fe=(211)
+7 +4 1 1
fi=(246)
+3 475 1 0 1 0 0 1
+7 * 1 0 1 0 0 1
+7 * 1 0 1
fi=(386)
+7 83 1 0 1 1 0 0 1
fi=(246)
+10 474 1 0 1
+11 +1 1 1 1 0 0 0 0 0 0 0 0 1 1
cfi=(213)
cfn=(732)
calls=1 0xe7cd0 269 
* * 25 9 5 0 0 0 0 0 0 3
fi=(247) /usr/src/debug/gcc/gcc-build/x86_64-pc-linux-gnu/libstdc++-v3/include/bits/basic_ios.h
+6 +3 1 1 0 0 1
fi=(386)
+7 83 1 0 1
+7 * 1 0 1
+7 * 1 0 1
fi=(247)
+10 478 1
+4 * 1 1 1 0 1 0 0 0 0 0 0 1 1
cfi=(248) /usr/src/debug/gcc/gcc/libstdc++-v3/src/c++11/ios.cc
cfn=(862) std::ios_base::ios_base()
calls=1 0xe6240 76 
* * 85 11 29 3 0 4 3 0 4 11 2 1 1
+6 * 1 1 0 1 0 0 1
+5 -1 1
fi=(253) /usr/src/debug/gcc/gcc-build/x86_64-pc-linux-gnu/libstdc++-v3/include/bits/ostream.h
+2 93 1
+4 * 1 1
fi=(247)
+5 477 1 0 1
fi=(253)
+8 93 1
fi=(247)
+7 477 1 0 1
+11 +1 1 0 1
+8 * 1 0 1 0 0 1 0 0 1
fi=(253)
+8 93 1 0 1
+4 * 1 1 1 1 0 0 1 0 0 0 0 1 1
cfi=(250) /usr/src/debug/gcc/gcc-build/x86_64-pc-linux-gnu/libstdc++-v3/include/bits/basic_ios.tcc
cfn=(866) std::basic_ios<char, std::char_traits<char> >::init(std::basic_streambuf<char, std::char_traits<char> >*)
calls=1 0x138d90 +38 
* * 951 109 73 25 7 0 25 2 0 40 18 10 10
fi=(247)
+6 478 1 1 0 0 1
+7 * 1
+4 * 1 1 1 0 0 0 0 0 0 0 0 1 1
cfi=(248)
cfn=(862)
calls=1 0xe6240 76 
* * 85 11 29 0 0 3 0 0 3 11 6 1
+6 * 1
+4 -1 1
fi=(254) /usr/src/debug/gcc/gcc-build/x86_64-pc-linux-gnu/libstdc++-v3/include/istream
+2 103 1
+4 -1 1 1 0 0 1
fi=(247)
+7 477 1 0 1
fi=(254)
+8 103 1
fi=(247)
+7 477 1 0 1
fi=(254)
+11 102 1 0 0 1 0 0 1
+4 * 1
+4 * 1 0 1
+8 * 1 0 1
+4 * 1 0 1
fi=(247)
+4 478 1 0 1
+8 * 1 0 1
fi=(254)
+8 103 1 1 1 0 0 0 0 0 0 0 0 1 1
cfi=(250)
cfn=(866)
calls=1 0x138d90 +28 
* * 153 61 34 0 0 0 0 0 0 12 7 8
fi=(247)
+6 478 1 1 0 0 1
+7 * 1
+5 * 1 1 1 0 0 0 0 0 0 0 0 1 1
cfi=(248)
cfn=(862)
calls=1 0xe6240 76 
* * 85 11 29 0 0 4 0 0 0 11 5 1
fi=(253)
+6 93 1 1 0 1 0 0 1
fi=(247)
+5 478 1
+4 -1 1
+2 * 1 0 1 0 0 1
fi=(253)
+9 93 1
+7 * 1
fi=(247)
+5 477 1 0 1
+12 +1 1 0 1
+9 * 1 0 1
fi=(253)
+9 93 1 0 1 1 0 0 1
+5 * 1 1 1 0 0 0 0 0 0 0 0 1 1
cfi=(250)
cfn=(866)
calls=1 0x138d90 +38 
* * 153 61 34 0 0 0 0 0 0 12 0 8
fi=(247)
+6 478 1 1 0 0 1
+7 * 1
+4 * 1 0 1
+4 * 1 1 1 0 0 0 0 0 0 0 0 1 1
cfi=(248)
cfn=(862)
calls=1 0xe6240 76 
* * 85 11 29 0 0 4 0 0 4 11 4 1
fi=(253)
+6 93 1 1
fi=(247)
+5 478 1
+4 -1 1
+2 * 1 0 1
fi=(253)
+11 93 1 1
+4 * 1
fi=(247)
+7 477 1 0 1 1 0 0 1
+8 +1 1 0 1
+8 * 1 0 1
fi=(253)
+8 93 1 0 1
+4 * 1 1 1 0 0 0 0 0 0 0 0 1 1
cfi=(250)
cfn=(866)
calls=1 0x138d90 +38 
* * 153 61 34 0 0 0 0 0 0 12 0 8
fe=(211)
+6 +9 1 1
fi=(246)
+7 475 1 1
+5 * 1
fi=(247)
+4 326 1 0 1
+7 * 1 0 1
fi=(246)
+8 475 1 0 0 1 0 0 1
fe=(211)
+7 102 1 1
fi=(246)
+3 475 1 0 1 0 0 1
fi=(249) /usr/src/debug/gcc/gcc-build/x86_64-pc-linux-gnu/libstdc++-v3/include/bits/ios_base.h
+7 107 1 0 1
fi=(246)
+9 475 1 0 1
+7 * 1 0 1
+7 * 1 0 1
+4 -1 1 0 1
+11 +1 1 1 1 0 0 0 0 0 0 0 0 1 1
cfi=(213)
cfn=(732)
calls=1 0xe7cd0 269 
* * 25 9 5 0 0 0 0 0 0 3
+6 * 1 1
fi=(386)
+5 83 1 1 0 1 0 0 1
+7 * 1 0 1 0 0 1
fi=(246)
+7 475 1 1
+5 * 1
fi=(386)
+7 83 1 0 1
+10 * 1
fe=(211)
+4 +20 1 1
fi=(246)
+7 475 1 0 1 0 0 1
+7 * 1 0 1
fe=(211)
+7 103 1 1
fi=(246)
+3 475 1 0 1 1 0 1 1
fi=(386)
+7 83 1 0 1
fi=(246)
+7 474 1 0 1
+11 +1 1 1 1 0 0 0 0 0 0 0 0 1 1
cfi=(213)
cfn=(732)
calls=1 0xe7cd0 269 
* * 25 9 5 0 0 0 0 0 0 3 1
+6 * 1 1
fe=(211)
+5 104 1 1
fi=(386)
+7 -21 1 0 1
fi=(246)
+7 475 1 1
+5 * 1
fi=(386)
+7 83 1 0 1 1 0 0 1
fe=(211)
+7 +21 1 1
fi=(246)
+3 475 1 0 1 0 0 1
+7 * 1 0 1
+7 * 1 0 1
fi=(386)
+7 83 1 0 1
fi=(246)
+10 474 1 0 1
+11 +1 1 1 1 0 0 0 0 0 0 0 0 1 1
cfi=(213)
cfn=(732)
calls=1 0xe7cd0 269 
* * 25 9 5 0 0 0 0 0 0 3
fi=(247)
+6 +3 1 1 0 0 1
fi=(386)
+7 83 1 0 1 1 0 0 1
+7 * 1 0 1
+7 * 1 0 1
fi=(247)
+10 478 1
+4 * 1 1 1 0 0 0 0 0 0 0 0 1 1
cfi=(248)
cfn=(862)
calls=1 0xe6240 76 
* * 85 11 29 0 0 4 0 0 4 11 1 1
+6 * 1 1
fi=(253)
+5 93 1
+4 * 1 1
fi=(247)
+5 477 1 0 1
fi=(253)
+8 93 1
fi=(247)
+7 477 1 0 1 1 0 0 1
+11 * 1 0 1
+11 +1 1 0 1
+8 * 1 0 1 0 0 1 0 0 1
fi=(253)
+8 93 1 0 1
+4 * 1 1 1 0 0 0 0 0 0 0 0 1 1
cfi=(250)
cfn=(888) std::basic_ios<wchar_t, std::char_traits<wchar_t> >::init(std::basic_streambuf<wchar_t, std::char_traits<wchar_t> >*)
calls=1 0x139a50 +38 
* * 155 63 35 6 1 0 6 0 0 11 0 9 6
fi=(247)
+6 478 1 1 0 0 1
+7 * 1
+4 * 1 1 1 0 0 0 0 0 0 0 0 1 1
cfi=(248)
cfn=(862)
calls=1 0xe6240 76 
* * 85 11 29 0 0 4 0 0 4 11 6 1
fi=(254)
+6 102 1 1 0 1 1 0 1
fi=(247)
+7 478 1
+4 -1 1 0 1
+11 * 1 0 1
fi=(254)
+11 103 1
+7 * 1
+4 -1 1
+4 * 1
fi=(247)
+4 477 1 0 1
fi=(254)
+8 102 1 0 1
+4 * 1 0 1 1 0 0 1
+4 * 1 0 1
fi=(247)
+8 478 1 0 1
+8 * 1 0 1
fi=(254)
+8 103 1 1 1 0 0 0 0 0 0 0 0 1 1
cfi=(250)
cfn=(888)
calls=1 0x139a50 +28 
* * 155 63 35 0 0 0 0 0 0 11 0 9
fi=(247)
+6 478 1 1
+7 * 1
+5 * 1 1 1 0 0 0 0 0 0 0 0 1 1
cfi=(248)
cfn=(862)
calls=1 0xe6240 76 
* * 85 11 29 0 0 4 0 0 0 11 6 1
fi=(253)
+6 93 1 1
fi=(247)
+5 478 1
+4 -1 1 0 1 1 0 1 1
+12 * 1 0 1
fi=(253)
+9 93 1
+7 * 1
fi=(247)
+5 477 1 0 1
+12 +1 1 0 1
+9 * 1 0 1
fi=(253)
+9 93 1 0 1
+5 * 1 1 1 1 0 0 1 0 0 0 0 1 1
cfi=(250)
cfn=(888)
calls=1 0x139a50 +38 
* * 155 63 35 0 0 0 0 0 0 11 0 9
fi=(247)
+6 478 1 1
+7 * 1
+4 * 1 0 1
+4 * 1 1 1 0 0 0 0 0 0 0 0 1 1
cfi=(248)
cfn=(862)
calls=1 0xe6240 76 
* * 85 11 29 0 0 4 0 0 0 11 0 1
fi=(253)
+6 93 1 1
fi=(247)
+5 478 1
+4 -1 1 0 1
+11 * 1 0 1
fi=(253)
+11 93 1 1
+4 * 1 0 0 1 0 0 1
fi=(247)
+7 477 1 0 1
+8 +1 1 0 1
+8 * 1 0 1
fi=(253)
+8 93 1 0 1
+4 * 1 1 1 0 0 0 0 0 0 0 0 1 1
cfi=(250)
cfn=(888)
calls=1 0x139a50 +38 
* * 155 63 35 0 0 0 0 0 0 11 0 9
fi=(212)
+6 +58 1 1
fi=(247)
+7 326 1 0 1
fi=(249)
+7 107 1 0 1
fi=(247)
+9 326 1 0 1 1 0 0 1
fi=(212)
+8 151 1 1
+3 * 1 0 0 0 0 0 0 0 0 1
+2 -19 1 0 1
+3 * 1 1
+4 * 1 1
+4 * 1 1
+4 * 1 1
fe=(211)
+4 -11 1 1
+4 * 1 1
+1 * 1 1

fn=(1700) std::ios_base::Init::~Init()
0xcc270 123 1 0 0 1 0 0 1
fi=(212)
+4 -66 1 1 0 0 1
+7 +59 1 0 0 1 0 0 1
+7 +25 1 1
+3 * 1 0 0 0 0 0 0 0 0 1
+2 -25 1 1 0 0 1
+2 +5 1
+3 * 1 0 1
fe=(211)
+2 +6 1
+3 * 1 0 0 0 0 0 0 0 0 1 1
+21 -4 1 0 1
+1 +11 1 1 0 0 1 0 0 1
+7 -11 1
+3 +11 1 1 1 0 1 0 0 1 0 0 0 1 1
cfi=(355) /usr/src/debug/gcc/gcc-build/x86_64-pc-linux-gnu/libstdc++-v3/include/bits/ostream.tcc
cfn=(1704) std::ostream::flush()
calls=1 0x15aee0 +91 
* * 127 52 20 13 13 2 13 11 0 18 6 4 4
+6 +1 1 1 0 0 1
+7 * 1 1 1 1 0 0 1 0 0 0 0 1 1
cfi=(355)
cfn=(1704)
calls=1 0x15aee0 +90 
* * 394 161 65 5 13 2 5 11 0 54 10 15 5
+6 +1 1 1 0 0 1
+7 * 1 1 1 0 0 0 0 0 0 0 0 1 1
cfi=(355)
cfn=(1704)
calls=1 0x15aee0 +89 
* * 127 52 20 0 2 0 0 2 0 18 2 4
+6 +3 1 1 0 0 1
+7 * 1 1 1 0 1 0 0 1 0 0 0 1 1
cfi=(355)
cfn=(1724) std::basic_ostream<wchar_t, std::char_traits<wchar_t> >::flush()
calls=1 0x15e820 +86 
* * 127 52 20 7 6 0 7 6 0 18 4 4 3
+6 +1 1 1 0 0 1 0 0 1
+7 * 1 1 1 0 0 0 0 0 0 0 0 1 1
cfi=(355)
cfn=(1724)
calls=1 0x15e820 +85 
* * 394 161 65 1 5 0 1 5 0 54 8 15 3
+6 +1 1 1 0 0 1 0 0 1
+7 * 1 1 1 0 0 0 0 0 0 0 0 1 1
cfi=(355)
cfn=(1724)
calls=1 0x15e820 +84 
* * 127 52 20 0 2 0 0 2 0 18 3 4
+6 +6 1 1
+1 * 1 1

fl=(316) /usr/src/debug/gcc/gcc-build/x86_64-pc-linux-gnu/libstdc++-v3/include/bits/cow_string.h
fn=(1282) std::string::reserve(unsigned long)
0x1091e0 3668 1048576 0 0 1 0 0 1
+4 * 1048576 0 1048576
+1 * 1048576
+3 * 1048576 0 1048576
+1 * 1048576
+4 330 1048576 1048576
+3 3668 1048576 1048576
+9 * 1048576 0 1048576
+4 * 1048576
+3 1060 1048576 1048576 0 1 0 0 1
+4 * 1048576
+4 3677 1048576
+3 * 1048576 0 0 0 0 0 0 0 0 1048576
+2 +10 1048576
+3 * 1048576
+4 * 1048576 1048576
+4 * 1048576 1048576 1048576 0 17 0 0 0 0 0 0 1048576 1
cfn=(1284) std::string::_Rep::_M_clone(std::allocator<char> const&, unsigned long)
calls=1048576 0x109140 3800 
* * 99614853 23068692 17825800 6 44 26 5 1 1 12582933 16 3145728 1025
+6 * 1048576
+3 330 1048576 1048576
+3 +8 1048576
+4 -69 1048576 1048576
+7 * 1048576 0 0 0 0 0 0 0 0 1048576
+2 +65 1048576 0 1048576
+3 3690 1048576 1048576
+4 * 1048576 1048576 0 1 0 0 1
+9 * 1048576 0 0 0 0 0 0 0 0 1048576
+6 * 1048576 1048576
+4 * 1048576 1048576
+1 * 1048576 1048576

fn=(1286) std::string::_Rep::_S_create(unsigned long, unsigned long, std::allocator<char> const&)
0x108050 3722 1048576 0 0 1 0 0 1
+4 +6 1048576
+10 -6 1048576 0 1048576
+1 * 1048576
+3 * 1048576 0 1048576
+1 * 1048576
+4 +6 1048576
+3 * 1048576 0 0 0 0 0 0 0 0 1048576
+2 * 1048576
+3 +35 1048576
+3 * 1048576 0 0 0 0 0 0 0 0 1048576
+2 * 1048576
+4 * 1048576
+3 * 1048576
+4 +8 1048576 0 0 1 0 0 1
+4 +1 1048576
+6 * 1048576 0 0 0 0 0 0 0 0 1048576 4
+39 +7 1048576
fi=(287) /usr/src/debug/gcc/gcc-build/x86_64-pc-linux-gnu/libstdc++-v3/include/bits/new_allocator.h
+4 162 1048576 1048576 1048576 0 0 0 0 0 0 0 0 1048576 1024
cfi=(288) /usr/src/debug/gcc/gcc/libstdc++-v3/libsupc++/new_op.cc
cfn=(1046) operator new(unsigned long)
calls=1048576 0xb6f20 43 
* * 48234629 10485780 6291464 0 22 26 0 1 1 7340053 6 1048576
fe=(316)
+6 3786 1048576 0 1048576
+4 +10 1048576 1048576 0 1 0 0 1
+4 233 1048576 0 1048576
+7 3796 1048576 1048576
+1 * 1048576 1048576

fn=(1294) std::string::push_back(char)
0x109910 1437 2096629 0 0 1 0 0 1
+4 * 2096629 0 2096629
+1 * 2096629
+3 * 2096629 0 2096629
+2 * 2096629
+3 * 2096629 0 2096629
+2 * 2096629 0 2096629
+1 * 2096629
+4 330 2096629 2096629
+3 961 2096629 2096629
+4 1439 2096629
+5 +1 2096629 2096629
+4 * 2096629 0 0 0 0 0 0 0 0 2096629
fi=(212)
+2 57 2096629 2096629
fe=(316)
+7 221 2096629 2096629
+3 * 2096629 0 0 1 0 0 1 0 0 2096629
+2 1440 2096629 2096629
+3 * 2096629
+3 * 2096629
+2 * 2096629 0 0 0 0 0 0 0 0 2096629 5
fi=(315) /usr/src/debug/gcc/gcc-build/x86_64-pc-linux-gnu/libstdc++-v3/include/bits/char_traits.h
+26 355 2096629 0 2096629
fe=(316)
+4 -25 2096629 2096629
+3 +8 2096629
+4 -99 2096629 2096629
+7 * 2096629 0 0 0 0 0 0 0 0 2096629 6
+34 -6 2096629 0 2096629 1 0 0 1
+7 +10 2096629 0 2096629
fi=(315)
+4 355 2096629 0 2096629
fe=(316)
+6 1444 2096629
+4 * 2096629 2096629
+1 * 2096629 2096629
+2 * 2096629 2096629
+2 * 2096629 2096629
+1 * 2096629 2096629

fn=(1284)
0x109140 3800 1048576 0 0 2 0 0 1
+4 * 1048576 0 1048576
+1 * 1048576
+3 * 1048576 0 1048576
+1 * 1048576
+3 * 1048576
+4 +4 1048576 1048576
+3 * 1048576
+3 +1 1048576
+3 * 1048576 1048576
+4 * 1048576 1048576 1048576 0 22 0 0 0 0 0 0 1048576 1
cfn=(1286)
calls=1048576 0x108050 -83 
* * 73400453 14680084 11534344 3 22 26 3 1 1 10485781 10 2097152 1024
+6 +2 1048576 1048576
+3 -2 1048576
+3 252 1048576
+4 3807 1048576
+3 * 1048576 0 0 0 0 0 0 0 0 1048576 3
+32 239 1048576 1048576 0 1 0 0 1
+7 * 1048576 0 0 0 0 0 0 0 0 1048576 3
+36 -6 1048576 0 1048576
+7 3812 1048576
+3 243 1048576 0 1048576
fi=(315)
+3 355 1048576 0 1048576
fe=(316)
+5 3812 1048576 1048576
+4 * 1048576 1048576
+1 * 1048576 1048576

fn=(1308) std::basic_string<char, std::char_traits<char>, std::allocator<char> >::~basic_string()
0xf0170 758 1048576 0 0 2 0 0 1
+4 330 1048576 1048576
+3 +8 1048576
+4 -69 1048576 1048576 0 1 0 0 1
+7 * 1048576 0 0 0 0 0 0 0 0 1048576
+2 759 1048576 1048576

fl=(286) /usr/src/debug/gcc/gcc-build/x86_64-pc-linux-gnu/libstdc++-v3/include/bits/basic_string.tcc
fn=(1042) std::__cxx11::basic_string<char, std::char_traits<char>, std::allocator<char> >::_M_create(unsigned long&, unsigned long)
0x16ed80 143 1027 0 0 1 0 0 1
+4 +5 1027
+10 * 1027 1027
+3 * 1027
+3 * 1027 0 0 0 0 0 0 0 0 1027
+2 +16 1027
+4 -10 1027
+3 * 1027 0 0 0 0 0 0 0 0 1027
+2 * 1027
+3 * 1027
+3 * 1027 0 0 0 0 0 0 0 0 1027 5
fi=(287)
+20 +8 1027 1027 0 0 2 0 0 1 0 0 0 1027 1
cfi=(288)
cfn=(1046)
calls=1027 0xb6f20 43 
* * 343293 58409 44046 2061 1034 3 16 1 2 72728 3120 1027 1
fe=(286)

fn=(1232) std::__cxx11::basic_string<char, std::char_traits<char>, std::allocator<char> >::_M_append(char const*, unsigned long) [clone .isra.0]
0xd2e80 476 1792 0 1792 1024 0 0 1
+1 * 1792
+3 * 1792
fi=(319) /usr/src/debug/gcc/gcc-build/x86_64-pc-linux-gnu/libstdc++-v3/include/bits/basic_string.h
+3 258 1792
fe=(286)
+4 476 1792
+3 * 1792
fi=(319)
+4 1189 1792 1792
+4 238 1792 1792
+3 +41 1792
+3 * 1792 0 0 0 0 0 0 0 0 1792 3
+2 1303 1791 1791
fe=(286)
+4 479 1791
+4 +2 1791
+3 * 1791 0 0 0 0 0 0 0 0 1791 2
-7 -2 1
+4 +2 1
+3 * 1 0 0 0 0 0 0 0 0 1 1
+2 +2 1791
+3 * 1791 0 0 0 0 0 0 0 0 1791
+2 +1 1791
fi=(319)
+3 -30 1791
+4 * 1791 0 0 0 0 0 0 0 0 1791 2
+2 * 1791 0 1791
fi=(315)
+4 -22 1791
+3 * 1791 0 1791 1023
+4 * 1791 1791 1791 0 1 0 0 0 0 0 0 1791 1
cob=(2)
cfi=(290) /usr/src/debug/glibc/glibc/string/../sysdeps/x86_64/multiarch/memmove-vec-unaligned-erms.S
cfn=(1054) __memcpy_avx_unaligned_erms
calls=1791 0x171fc0 255 
* * 643928 204940 199671 1 69 5457 0 0 0 59980 1834
fi=(319)
+6 238 1791 1791
fi=(315)
+4 432 1791 1791
fi=(319)
+4 238 1791 1791
fi=(315)
+3 355 1791 0 1791
fi=(319)
+5 233 1791 0 1791
fe=(286)
+4 491 1791 1791
+1 * 1791 1791
+1 * 1 0 1 1 0 0 1
+4 -4 1
+3 * 1
+3 * 1
+2 * 1 0 1
+4 * 1 1 1 0 0 0 0 0 0 0 0 1 1
cfn=(1236) std::__cxx11::basic_string<char, std::char_traits<char>, std::allocator<char> >::_M_mutate(unsigned long, unsigned long, char const*, unsigned long)
calls=1 0x16f240 -99 
* * 834 242 223 13 4 97 13 0 97 87 22 4 2
fi=(319)
+6 238 1 1
+4 * 1 1
+4 * 1 1
fi=(315)
+3 355 1 0 1
fi=(319)
+5 233 1 0 1
fe=(286)
+4 491 1 1
+1 * 1 1
fi=(319)
+5 1303 1 0 0 1 0 0 1
+5 * 1
fe=(286)

fn=(1236)
0x16f240 388 1 0 0 1 0 0 1
+4 * 1 0 1
+1 +6 1
+3 * 1
+3 -6 1
+3 * 1 0 1
+2 * 1 0 1
fi=(319)
+2 256 1
fe=(286)
+4 388 1 0 1
+2 * 1 0 1
+2 * 1 0 1
+1 * 1
+3 * 1
fi=(319)
+4 1189 1 1
fe=(286)
+4 388 1 1
+9 * 1 0 1
+4 * 1
+3 +6 1
+3 * 1 0 1
fi=(319)
+4 279 1 1
+3 * 1 0 0 1 0 0 1 0 0 1 1
+10 1303 1
+4 * 1 0 1
fe=(286)
+4 395 1
+4 * 1
+3 * 1 0 1
+4 -3 1
+3 +3 1
+3 * 1 1 1 0 1 0 0 0 0 0 0 1 1
cfn=(1042)
calls=1 0x16ed80 143 
* * 160 26 14 0 1 1 0 0 1 25 6 2
+6 +2 1
+3 * 1 1
+4 * 1 1
+4 -2 1
+3 +2 1 0 0 0 0 0 0 0 0 1 1
+57 +2 1 0 0 1 0 0 1
+3 * 1 0 0 0 0 0 0 0 0 1 1
+2 * 1
+3 * 1 0 0 0 0 0 0 0 0 1
+2 +1 1
fi=(319)
+4 +54 1 0 0 1 0 0 1
+4 * 1 0 0 0 0 0 0 0 0 1
+6 * 1 0 1
fi=(315)
+4 -22 1
+3 * 1
+3 * 1 0 1
+4 * 1 1 1 0 0 0 0 0 0 0 0 1 1
cob=(2)
cfi=(290)
cfn=(1054)
calls=1 0x171fc0 255 
* * 603 196 193 6 2 96 6 0 96 54 11
+6 * 1 1
+4 * 1 1
+4 * 1
+1 * 1
fe=(286)
+11 -31 1
+3 * 1 0 0 0 0 0 0 0 0 1 1
fi=(319)
+45 238 1 1 0 1 0 0 1
+3 +41 1
+3 * 1 0 0 0 0 0 0 0 0 1 1
+16 -14 1 1
+4 -37 1 0 1
+3 +37 1 0 1 1 0 0 1
fe=(286)
+4 408 1 1
+4 * 1 1
+9 * 1 0 0 0 0 0 0 0 0 1
+2 * 1
+4 * 1 1
+1 * 1 1
+2 * 1 1
+2 * 1 1
+2 * 1 1
+2 * 1 1
+1 * 1 1
fi=(319)
+50 1303 1 0 0 1 0 0 1
+5 * 1
fe=(286)

fl=(313) /usr/src/debug/gcc/gcc-build/x86_64-pc-linux-gnu/libstdc++-v3/include/bits/locale_facets.tcc
fn=(1178) std::istreambuf_iterator<char, std::char_traits<char> > std::num_get<char, std::istreambuf_iterator<char, std::char_traits<char> > >::_M_extract_int<unsigned int>(std::istreambuf_iterator<char, std::char_traits<char> >, std::istreambuf_iterator<char, std::char_traits<char> >, std::ios_base&, std::_Ios_Iostate&, unsigned int&) const
0x154e50 378 1 0 0 1 0 0 1
+4 * 1 0 1
fi=(249)
+1 853 1
fe=(313)
+7 378 1
+3 * 1 0 1
+2 * 1
+3 * 1 0 1
+2 * 1
+6 * 1 0 1
+2 * 1 0 1
+2 * 1
+3 * 1 0 1
+1 * 1
+3 * 1
+7 * 1 1 0 1 0 0 1
+4 * 1 0 1
+4 * 1 0 1
+4 * 1 0 1
+7 * 1 1
+4 * 1 0 1
+4 * 1 0 1
+4 * 1 0 1
+7 * 1 1
+9 * 1 0 1
+4 * 1 1
+3 * 1 0 1
+3 +10 1 0 1
cfn=(1180) std::__use_cache<std::__numpunct_cache<char> >::operator()(std::locale const&) const [clone .isra.0]
calls=1 0x149e10 57 
* * 27 12 5 2 0 0 2 0 0 2 2 1 1
+5 +8 1 1
+3 -8 1 0 0 1 0 0 1
fi=(249)
+3 87 1 1
+5 * 1
fe=(313)
+3 396 1
fi=(249)
+3 87 1 0 1
fe=(313)
+3 396 1 0 0 0 0 0 0 0 0 1
+2 * 1
+3 * 1
+6 * 1
+5 * 1
fi=(314) /usr/src/debug/gcc/gcc-build/x86_64-pc-linux-gnu/libstdc++-v3/include/bits/streambuf_iterator.h
+4 238 1 0 1
+4 * 1
+4 * 1
+4 * 1 0 1
+4 * 1 0 1
+3 * 1 0 1
cfn=(1182) std::istreambuf_iterator<char, std::char_traits<char> >::equal(std::istreambuf_iterator<char, std::char_traits<char> > const&) const
calls=1 0x14d6d0 -37 
* * 29 8 1 2 0 0 2 0 0 3 1
+6 * 1 1 0 1 0 0 1
+4 * 1
fe=(313)
+2 403 1
+2 * 1 0 0 0 0 0 0 0 0 1
+6 * 1 0 1
fi=(314)
+3 154 1
+4 * 1 0 1
cfn=(1186) std::istreambuf_iterator<char, std::char_traits<char> >::_M_get() const
calls=1 0x14d7a0 +52 
* * 12 6 0 2 0 0 2 0 0 3 1
fe=(313)
+6 406 1 1
fi=(314)
+5 154 1 1
+4 * 1 1
fe=(313)
+4 408 1 1
fi=(315)
+5 +41 1
fe=(313)
+3 -42 1
+2 * 1 1
+4 * 1 0 0 0 0 0 0 0 0 1
+2 * 1 1
+4 * 1 0 0 0 0 0 0 0 0 1 1
0x154f9e +13 1 0 1 1 0 0 1
+4 +1 1 0 1
+7 +3 1
+3 * 1 0 0 0 0 0 0 0 0 1 1
+12 +1 1 1
+4 * 1 0 0 0 0 0 0 0 0 1
+2 +2 1 1 0 1 0 0 1
+4 * 1 0 0 0 0 0 0 0 0 1
+6 +10 1 1
+4 * 1 0 0 0 0 0 0 0 0 1
+6 * 1
+2 +29 1
+4 * 1 0 0 0 0 0 0 0 0 1
+6 * 1
+3 * 1 0 1
+4 * 1 0 1
fi=(316)
+7 312 1 1
+7 * 1 0 1
+7 * 1
+4 * 1 0 1 1 0 0 1
fe=(313)
+4 472 1
+3 * 1 0 0 0 0 0 0 0 0 1
+6 +8 1
+5 * 1
+2 +5 1 1
+8 -5 1 0 1
+4 * 1
+3 * 1 0 1
+3 +5 1
+3 * 1 0 0 0 0 0 0 0 0 1 1
0x155180 +2 1 0 0 1 0 0 1
+2 * 1 0 0 0 0 0 0 0 0 1
fi=(224) /usr/src/debug/gcc/gcc-build/x86_64-pc-linux-gnu/libstdc++-v3/include/bits/locale_facets.h
+6 2178 1 1
fe=(313)
+4 475 1 0 1
+4 +6 1
fi=(224)
+3 2178 1
+3 * 1
fe=(313)
+10 497 4 4
+4 * 4
+4 +1 4
+3 * 4
+3 +1 4
fi=(246)
+3 -1 4 0 4
+3 * 4 4
+4 +3 4 4
fe=(313)
+4 -1 4 0 4
fi=(246)
+4 328 4 0 0 1 0 0 1
+3 * 4 0 0 0 0 0 0 0 0 4
+6 511 4
+4 * 4 0 4
+4 -10 4
+3 350 4
+3 * 4 0 0 0 0 0 0 0 0 4
fi=(314)
+6 209 4 4
+4 * 4
+3 * 4
+3 * 4
+3 * 4
+2 * 4 0 0 0 0 0 0 0 0 4
fe=(313)
+6 503 4
+3 * 4 0 0 0 0 0 0 0 0 4
fi=(314)
+6 209 4
+3 * 4 0 0 0 0 0 0 0 0 4
fi=(246)
+6 498 4 4
+4 350 4 4
+4 * 4 0 0 0 0 0 0 0 0 4
fi=(315)
+6 455 4 4
fe=(313)
+4 +30 4
fi=(224)
+6 2176 4 4
+4 * 4 0 0 0 0 0 0 0 0 4
-4 * 1 1 0 1 0 0 1
+4 * 1 0 0 0 0 0 0 0 0 1
+2 +2 5
+4 * 5 0 0 0 0 0 0 0 0 5 1
+6 * 4
+3 * 4 0 0 0 0 0 0 0 0 4
+6 +1 4
+5 * 4
fe=(313)
+3 493 4 4 0 1 0 0 1
+4 * 4 0 0 0 0 0 0 0 0 4 3
fi=(316)
0x1552db 330 1 1 0 1 0 0 1
fe=(313)
+4 559 1 1 0 0 1 0 0 1
+5 * 1 0 0 0 0 0 0 0 0 1
+6 +14 1 1
+4 * 1 0 0 0 0 0 0 0 0 1
+6 * 1 1
+3 * 1
+2 * 1 0 0 0 0 0 0 0 0 1 1
+32 +16 1 0 0 1 0 0 1
+2 * 1 0 0 0 0 0 0 0 0 1 1
+12 +2 1 0 1
fi=(316)
+4 338 1
fe=(313)
+4 591 1 1
+4 * 1 0 1
+4 * 1 1
fi=(316)
+4 269 1 1 0 1 0 0 1
+7 * 1 0 0 0 0 0 0 0 0 1
fe=(313)
+6 592 1 1
+4 * 1 1
+9 * 1 0 0 0 0 0 0 0 0 1
+6 * 1
+7 * 1
+3 * 1
+3 * 1 1
+1 * 1 1
+2 * 1 1
+2 * 1 1
+2 * 1 1
+2 * 1 1
+1 * 1 1
0x1553da -19 1 0 0 1 0 0 1
+3 * 1 0 0 0 0 0 0 0 0 1
+6 +5 1 1
+4 * 1 0 0 0 0 0 0 0 0 1 1
0x155468 474 1 0 0 1 0 0 1
+3 +60 1
+2 * 1
0x155610 +53 1 0 0 1 0 0 1
+3 * 1
+2 * 1 1
+4 * 1
+4 * 1 1
+7 * 1 0 1
+3 * 1
+33 406 1 0 1 1 0 0 1
+4 * 1

fn=(1280) std::num_get<char, std::istreambuf_iterator<char, std::char_traits<char> > >::do_get(std::istreambuf_iterator<char, std::char_traits<char> >, std::istreambuf_iterator<char, std::char_traits<char> >, std::ios_base&, std::_Ios_Iostate&, double&) const
0x152d20 709 1048576 0 0 1 0 0 1
+4 * 1048576 0 1048576
+1 * 1048576
+3 * 1048576 0 1048576
+2 * 1048576 0 1048576
+2 +5 1048576
+4 -5 1048576
+3 +5 1048576
+5 -5 1048576 0 1048576
+2 * 1048576
+3 * 1048576 0 1048576
+2 * 1048576 0 1048576
+1 * 1048576 0 0 1 0 0 1
+4 * 1048576 1048576
+4 * 1048576 0 1048576
+4 +5 1048576
+3 -5 1048576 0 1048576
+4 * 1048576 1048576
+4 * 1048576 0 1048576
+4 * 1048576 0 1048576
+4 * 1048576 0 1048576
+4 * 1048576 0 1048576
fi=(316)
+4 312 1048576 1048576
+9 * 1048576 0 1048576
+4 * 1048576 1048576 0 0 23
+7 * 1048576
+4 * 1048576 0 1048576 1 0 0 1
fe=(313)
+4 714 1048576 1048576 1048576 0 584 0 0 0 0 0 0 1048576 1
cfi=(316)
cfn=(1282)
calls=1048576 0x1091e0 3668 
* * 130023557 35651604 23068680 9 61 26 8 1 1 15728661 16 4194304 1026
+6 +1 1048576 1048576
+4 * 1048576 1048576
+4 * 1048576 0 1048576
+2 * 1048576
+3 * 1048576 1048576
+4 * 1048576 1048576
+4 * 1048576 0 1048576
+1 * 1048576 1048576
+4 * 1048576 1048576 1048576 0 0 0 0 0 0 0 0 1048576 1
cfn=(1288) std::num_get<char, std::istreambuf_iterator<char, std::char_traits<char> > >::_M_extract_float(std::istreambuf_iterator<char, std::char_traits<char> >, std::istreambuf_iterator<char, std::char_traits<char> >, std::ios_base&, std::_Ios_Iostate&, std::string&) const
calls=1048576 0x151d00 152 
* * 541042551 174053134 85977457 5690 1164 0 29 0 0 88078292 1050729 4194805 1027
+6 * 1048576
+3 * 1048576 0 1048576
+4 * 1048576 1048576
+1 * 1048576 1048576
+1 * 1048576 0 1048576
+4 +1 1048576 1048576 1048576 0 54 0 0 0 0 0 0 1048576 1
cfi=(215) /usr/src/debug/gcc/gcc/libstdc++-v3/src/c++98/locale.cc
cfn=(746) std::locale::facet::_S_get_c_locale()
calls=1048576 0xcd670 221 
* * 18874368 6291456 2097152 1 20 0 0 0 0 2097152 0 1048576
+6 * 1048576 0 1048576
+4 * 1048576 0 0 1 0 0 1
+4 * 1048576
+3 * 1048576 1048576
+4 * 1048576 1048576
+4 * 1048576 1048576 1048576 0 533 0 0 0 0 0 0 1048576 1
cfi=(219) /usr/src/debug/gcc/gcc-build/x86_64-pc-linux-gnu/libstdc++-v3/src/c++98/c++locale.cc
cfn=(1310) void std::__convert_to_v<double>(char const*, double&, std::_Ios_Iostate&, __locale_struct* const&)
calls=1048576 0xdc840 75 
* * 816505924 151337387 86578473 11397 2856 2397 87 9 0 126885755 2292880 4088167 1027
fi=(314)
+6 209 1048576 1048576
+4 * 1048576
+3 * 1048576
+3 * 1048576
+3 * 1048576
+2 * 1048576
+2 * 1048576 0 0 0 0 0 0 0 0 1048576 1026
+6 * 1048576 1048576
+4 * 1048576
+3 * 1048576 1048576
+5 * 1048576 0 0 0 0 0 0 0 0 1048576 4
fe=(313)
+6 717 1048576
+2 * 1048576 0 0 1024 0 0 1 0 0 1048576 2
fi=(249)
+2 198 1024 0 1024
fe=(313)
+3 719 1024
+3 * 1024 1024
+3 * 1024 1024
+4 * 1024
+10 * 1024
+3 * 1024
+3 * 1024
fi=(316)
+3 330 1024 1024
+4 +8 1024
+4 -69 1024 1024
+7 * 1024 0 0 0 0 0 0 0 0 1024 1
fe=(313)
-44 719 1047552
+3 * 1047552 1047552
+3 * 1047552 1047552
+4 * 1047552
+10 * 1047552
+3 * 1047552
+3 * 1047552
fi=(316)
+3 330 1047552 1047552
+4 +8 1047552
+4 -69 1047552 1047552
+7 * 1047552 0 0 0 0 0 0 0 0 1047552 2
fe=(313)
+6 720 1048576 1048576
+4 * 1048576 1048576 0 907 0 0 1
+9 * 1048576 0 0 0 0 0 0 0 0 1048576
+6 * 1048576
+4 * 1048576
+3 * 1048576
+3 * 1048576 1048576
+1 * 1048576 1048576
+2 * 1048576 1048576
+2 * 1048576 1048576
+2 * 1048576 1048576
+2 * 1048576 1048576
+1 * 1048576 1048576
fi=(246)
+50 350 1047552 1047552 0 1024 0 0 1
+4 * 1047552
+2 * 1047552 1047552
+4 * 1047552 0 0 0 0 0 0 0 0 1047552 2
fi=(212)
+54 57 1048576 1048576 0 1024 0 0 1
+7 +84 1048576 1048576
+3 * 1048576 0 0 0 0 0 0 0 0 1048576
+2 -25 1048576 1048576
+3 +4 1048576
+3 * 1048576 0 1048576
fi=(316)
+3 282 1048576
+2 * 1048576 0 0 0 0 0 0 0 0 1048576
fi=(287)
+6 -99 1048576 1048576 1048576 0 1 0 0 0 0 0 0 1048576 1
cfi=(338) /usr/src/debug/gcc/gcc/libstdc++-v3/libsupc++/del_op.cc
cfn=(1348) operator delete(void*)
calls=1048576 0xb4de0 48 
* * 36700440 10485799 4194357 13 4 12 10 1 12 6291498 1036 1048577 2
+6 -79 1048576
fe=(313)

fn=(1288)
0x151d00 152 1048576 0 0 1 0 0 1
+4 * 1048576 0 1048576
fi=(249)
+1 853 1048576
fe=(313)
+7 152 1048576
+3 * 1048576 0 1048576
+2 * 1048576
+3 * 1048576 0 1048576
+2 * 1048576 0 1048576
+2 * 1048576
+3 * 1048576 0 1048576
+2 * 1048576 0 1048576
+1 * 1048576
+4 * 1048576 1048576
+4 * 1048576 0 1048576
+4 * 1048576 0 1048576
+4 * 1048576 1048576
+3 * 1048576 0 1048576
+4 * 1048576 1048576
+4 * 1048576 0 1048576
+4 * 1048576 0 1048576 1 0 0 1
+7 * 1048576 1048576
+9 * 1048576 0 1048576
+4 * 1048576 1048576
+4 * 1048576 0 1048576
+3 +8 1048576 0 1048576
cfn=(1180)
calls=1048576 0x149e10 57 
* * 28311552 12582912 5242880 1935 39 0 0 0 0 2097152 3 1048576
fi=(314)
+5 +78 1048576 1048576
+3 * 1048576 0 1048576
+4 * 1048576
+4 * 1048576 0 1048576
fe=(313)
+4 -78 1048576
fi=(314)
+3 +78 1048576
+4 * 1048576 0 1048576
+3 * 1048576 0 1048576
+4 * 1048576 0 1048576
cfn=(1182)
calls=1048576 0x14d6d0 -37 
* * 30408704 8388608 1048576 0 0 0 0 0 0 3145728 2
fe=(313)
+6 -70 1048576 0 0 1 0 0 1
+2 * 1048576 0 0 0 0 0 0 0 0 1048576 2
0x151e11 371 1048576 0 1048576 1024 0 0 1
+4 +1 1048576 1048576
+7 -1 1048576 0 1048576
+4 * 1048576 1048576
+4 * 1048576 1048576
+4 +1 1048576 1048576 1048576 0 49 0 0 0 0 0 0 1048576 1024
cfi=(316)
cfn=(1308)
calls=1048576 0xf0170 758 
* * 6291456 3145728 0 3 0 0 2 0 0 1048576
+6 * 1048576 1048576
+4 * 1048576 1048576
+9 * 1048576 0 0 913 0 0 1 0 0 1048576
+6 * 1048576
+4 * 1048576
+3 * 1048576
+3 * 1048576 1048576
+1 * 1048576 1048576
+2 * 1048576 1048576
+2 * 1048576 1048576
+2 * 1048576 1048576
+2 * 1048576 1048576
+1 * 1048576 1048576
fi=(314)
+59 238 1048576 1048576 0 768 0 0 1
+3 -84 1048576
+4 +84 1048576 1048576
+4 * 1048576 0 1048576
+3 -84 1048576 0 1048576
cfn=(1186)
calls=1048576 0x14d7a0 +52 
* * 12582912 6291456 0 0 0 0 0 0 0 3145728 1
fe=(313)
+6 +17 1048576 1048576 0 0 521
fi=(314)
+6 -17 1048576 1048576
+4 * 1048576
fi=(315)
+2 449 1048576
fe=(313)
+3 173 1048576 1048576 0 0 23
fi=(314)
+6 -19 1048576 1048576
fe=(313)
+4 +19 1048576
+2 -1 1048576 0 0 1023 0 0 1
+3 * 1048576 0 0 0 0 0 0 0 0 1048576
+6 * 1048576 1048576
+5 * 1048576 0 0 0 0 0 0 0 0 1048576
+6 * 1048576
+3 +17 1048576 0 1048576
+7 * 1048576
+3 * 1048576
+2 * 1048576 1048576
+4 * 1048576
+2 * 1048576 0 0 0 0 0 0 0 0 1048576 2
+13 +1 2096629 2096629
+5 * 2096629 0 0 0 0 0 0 0 0 2096629 2
+6 +2 1048576 1048576 0 1 0 0 1
+5 * 1048576 0 0 0 0 0 0 0 0 1048576 523
+6 +2 1048053
+3 * 1048053 0 0 0 0 0 0 0 0 1048053 2
fi=(246)
+24 511 1048053
+4 * 1048053 0 1048053
fi=(314)
+4 246 1048053 0 1048053
+4 * 1048053
+4 * 1048053
+4 * 1048053 0 1048053 1 0 0 1
+7 * 1048053 0 1048053
+4 * 1048053 0 1048053
+4 * 1048053 0 1048053
cfn=(1182)
calls=1048053 0x14d6d0 -45 
* * 30393537 8384424 1048053 0 0 0 0 0 0 3144159 2
fe=(313)
+6 -45 1048053
+2 * 1048053 0 0 0 0 0 0 0 0 1048053
fi=(314)
+2 +45 1048053 1048053
+4 * 1048053 1048053
+4 -92 1048053
+4 * 1048053 0 1048053
cfn=(1186)
calls=1048053 0x14d7a0 +52 
* * 12576636 6288318 0 0 0 0 0 0 0 3144159 2
+6 * 1048053 1048053
+4 * 1048053 1048053
fe=(313)
+4 +35 1048053
fi=(315)
+5 449 1048053
fe=(313)
+3 189 1048053 1048053
+6 * 1048053
+2 * 1048053
+2 * 1048053 0 0 0 0 0 0 0 0 1048053 2
fi=(316)
+17 1276 1048053 0 0 2 0 0 1
+5 * 1048053
+3 * 1048053 1048053 1048053 0 0 0 0 0 0 0 0 1048053 1
cfn=(1294)
calls=1048053 0x109910 1437 
* * 35633802 13624689 8384424 3 0 0 3 0 0 4192212 4
fe=(313)
+6 199 1048053 0 1048053
fi=(246)
+4 498 1048053 1048053
+4 328 1048053 1048053
+4 * 1048053 0 0 0 0 0 0 0 0 1048053 2
fi=(316)
0x1524f6 961 1048576 1048576 0 1 0 0 1
fe=(313)
+4 359 1048576 1048576
+5 * 1048576 0 0 1 0 0 1 0 0 1048576 4
fi=(246)
0x15257e -25 1048576 0 0 1 0 0 1
+4 * 1048576 0 1048576
fe=(313)
+7 173 1048576 0 1048576
+4 * 1048576 0 1048576
+4 * 1048576
fi=(246)
+7 498 4193803 4193803
+4 350 4193803 4193803
+4 * 4193803 0 0 0 0 0 0 0 0 4193803
fi=(315)
+6 455 4193803 4193803
fe=(313)
+4 173 4193803
fi=(224)
+6 2178 4193803
+4 * 4193803
+2 * 4193803 0 0 0 0 0 0 0 0 4193803 1048598
-6 * 1048576
+4 * 1048576
+2 * 1048576 0 0 0 0 0 0 0 0 1048576 2
fi=(316)
+6 330 3146251 3146251
+3 961 3146251 3146251 0 1 0 0 1
+4 1439 3146251
+4 +1 3146251 3146251
+4 * 3146251 0 0 0 0 0 0 0 0 3146251 2
fi=(212)
+2 57 3146251 3146251
fi=(316)
+7 221 3146251 3146251
+3 * 3146251 0 0 0 0 0 0 0 0 3146251
+6 1440 3146251 3146251
+3 * 3146251
+2 * 3146251 0 0 0 0 0 0 0 0 3146251 2
fi=(315)
+42 355 3146251 0 3146251
fi=(316)
+4 -25 3146251 3146251
+3 +8 3146251
+4 -99 3146251 3146251
+4 * 3146251 0 0 0 0 0 0 0 0 3146251 4
fe=(313)
+6 -13 3146251
fi=(246)
+6 498 3146251 3146251
+4 +3 3146251 3146251
+4 328 3146251
+3 * 3146251 0 0 0 0 0 0 0 0 3146251
-11 498 1048576 1048576 0 1 0 0 1
+4 +3 1048576 1048576
+4 328 1048576
+3 * 1048576 0 0 0 0 0 0 0 0 1048576
+6 511 4194827
+4 * 4194827 0 4194827
+4 350 4194827 0 0 1 0 0 1
+3 * 4194827 0 0 0 0 0 0 0 0 4194827 1024
fi=(314)
+6 209 4193803 4193803
+4 * 4193803
+4 * 4193803
+3 * 4193803
+3 * 4193803
+3 * 4193803
+2 * 4193803 0 0 0 0 0 0 0 0 4193803
fe=(313)
+6 +52 4193803
+3 * 4193803 0 0 0 0 0 0 0 0 4193803
fi=(314)
+6 -52 4193803
+3 * 4193803 0 0 0 0 0 0 0 0 4193803 2
fe=(313)
+18 +19 2096128 2096128 0 1 0 0 1
+5 * 2096128 0 0 0 0 0 0 0 0 2096128 525
+6 +6 1047552 1047552
+8 * 1047552 0 0 0 0 0 0 0 0 1047552
+2 +1 1047552 1047552
+8 * 1047552 0 0 0 0 0 0 0 0 1047552 2
fi=(246)
0x1527d0 353 1024 1024 0 1 0 0 1
+3 * 1024
+3 * 1024 1024 1024 0 1 0 0 0 0 0 0 1024 1
cfi=(327) /usr/src/debug/gcc/gcc-build/x86_64-pc-linux-gnu/libstdc++-v3/include/bits/sstream.tcc
cfn=(1368) std::__cxx11::basic_stringbuf<char, std::char_traits<char>, std::allocator<char> >::underflow()
calls=1024 0x161a80 153 
* * 16384 5120 0 2 0 0 2 0 0 5120 2
+3 * 1024
fi=(314)
+3 209 1024
+3 * 1024 0 0 0 0 0 0 0 0 1024
+6 * 1024 1024
+3 * 1024
+3 * 1024
+3 * 1024
+3 * 1024
+3 * 1024
+2 * 1024 0 0 0 0 0 0 0 0 1024
fe=(313)
+6 +52 1024
+3 * 1024 0 0 0 0 0 0 0 0 1024 1
fi=(316)
+25 -28 3146251 0 3146251
+7 +10 3146251 0 3146251
fi=(315)
+4 355 3146251 0 3146251
+5 * 3146251
fi=(316)
+8 1440 3146251 0 0 1 0 0 1
+3 * 3146251
fe=(313)
+85 229 1048576 1048576 0 1 0 0 1
+4 * 1048576 1048576
+3 * 1048576 0 0 0 0 0 0 0 0 1048576
+6 +3 1048576 0 1048576
fi=(316)
+4 1276 1048576
+5 * 1048576
+3 * 1048576 1048576 1048576 0 0 0 0 0 0 0 0 1048576 1
cfn=(1294)
calls=1048576 0x109910 1437 
* * 35651584 13631488 8388608 0 0 0 0 0 0 4194304 7
+6 +1 1048576 0 1048576
+4 * 1048576
fi=(314)
0x152a49 210 1024
+3 * 1024
fi=(316)
+5 312 1048576 1048576 0 1 0 0 1
+7 * 1048576 0 1048576
+4 * 1048576
+3 * 1048576
+3 * 1048576
+3 * 1048576
+4 * 1048576 0 1048576
+4 * 1048576 0 1048576
fe=(313)
+4 -98 1048576
+2 * 1048576 0 0 0 0 0 0 0 0 1048576 1
+2 +4 1048576 1048576 0 0 531
+9 * 1048576 0 0 1 0 0 1 0 0 1048576 4

fn=(1524) std::ostreambuf_iterator<char, std::char_traits<char> > std::num_put<char, std::ostreambuf_iterator<char, std::char_traits<char> > >::_M_insert_float<double>(std::ostreambuf_iterator<char, std::char_traits<char> >, std::ios_base&, char, char, double) const
0x14a5a0 999 523776 0 0 1 0 0 1
+4 * 523776 0 523776
+1 * 523776
+3 * 523776 0 523776
+2 * 523776
+3 * 523776 0 523776
+2 * 523776 0 523776
+2 * 523776 0 523776
+2 * 523776
+3 * 523776 0 523776
+1 * 523776
+3 * 523776
+4 * 523776 0 523776 1 0 0 1
+4 * 523776 0 523776
+7 * 523776 0 523776
+7 * 523776 0 523776
fi=(249)
+5 853 523776 523776
+9 * 523776 0 523776
+4 * 523776
fe=(313)
+7 1006 523776 0 523776
cfn=(1180)
calls=523776 0x149e10 57 
* * 14141952 6285312 2618880 2 2 0 2 2 0 1047552 2 523776
fi=(249)
+5 766 523776 523776
fe=(313)
+4 1018 523776
+4 * 523776
+3 -12 523776
+3 +3 523776 0 0 1 0 0 1
+5 +9 523776
+4 -9 523776
+3 * 523776
+4 +9 523776 523776 523776 0 0 0 0 0 0 0 0 523776 1
cfi=(356) /usr/src/debug/gcc/gcc/libstdc++-v3/src/c++98/locale_facets.cc
cfn=(1528) std::__num_base::_S_format_float(std::ios_base const&, char*, char)
calls=523776 0xce4d0 64 
* * 16760832 1047552 2095104 4 0 0 4 0 0 3142656 10
fi=(249)
+6 87 523776 523776
fe=(313)
+3 1028 523776
fi=(249)
+3 87 523776
fe=(313)
+5 1028 523776
+3 * 523776 0 0 0 0 0 0 0 0 523776 2
+22 * 523776
+4 * 523776 0 523776
+5 * 523776 0 0 1 0 0 1
+5 * 523776
+4 * 523776 0 523776
+4 +1 523776
+5 * 523776 0 0 0 0 0 0 0 0 523776
+6 +1 523776 523776 523776 0 1 0 0 1 0 0 0 523776 1
cfi=(215)
cfn=(746)
calls=523776 0xcd670 221 
* * 9427968 3142656 1047552 0 2 0 0 2 0 1047552 0 523776
+6 * 523776 523776
+5 * 523776
+3 * 523776
+3 * 523776 0 523776
+4 * 523776
+4 * 523776
+4 * 523776
+5 * 523776 0 523776
+4 * 523776
+3 * 523776 0 0 1 0 0 1
+5 * 523776 0 523776
cfi=(357) /usr/src/debug/gcc/gcc-build/x86_64-pc-linux-gnu/libstdc++-v3/include/x86_64-pc-linux-gnu/bits/c++locale.h
cfn=(1532) std::__convert_from_v(__locale_struct* const&, char*, int, char const*, ...)
calls=523776 0x10ff20 78 
* * 1279962842 289056105 193445900 137 29 19 137 27 19 191127788 4077414 4713984 7
+6 * 523776 0 523776
+3 +7 523776
+3 * 523776 0 0 0 0 0 0 0 0 523776
fi=(252) /usr/src/debug/gcc/gcc-build/x86_64-pc-linux-gnu/libstdc++-v3/include/bits/locale_classes.tcc
0x14a720 119 523776 523776 0 1 0 0 1
+7 * 523776 523776 523776 0 0 0 0 0 0 0 0 523776 1
cfi=(215)
cfn=(768) std::locale::id::_M_id() const
calls=523776 0xcdbe0 507 
* * 3142656 1047552 0 0 0 0 0 0 0 523776
+6 * 523776
+3 +1 523776 523776
+7 +8 523776 523776
+4 * 523776 523776
+4 228 523776 0 0 1 0 0 1
+3 * 523776 0 0 0 0 0 0 0 0 523776
fe=(313)
+6 1071 523776 523776
+4 * 523776
+3 * 523776
+4 * 523776
+3 * 523776
+3 * 523776
+7 * 523776
+3 * 523776
+3 * 523776 0 0 0 0 0 0 0 0 523776 2
+22 * 523776 0 0 1 0 0 1
+5 * 523776
+3 * 523776
+3 * 523776 0 0 0 0 0 0 0 0 523776 2
+6 +2 523776 523776
+4 -2 523776
+5 * 523776
+4 +2 523776
fi=(224)
+4 911 523776 523776
fe=(313)
+4 1071 523776 0 523776
fi=(224)
+4 911 523776
+2 * 523776 0 0 0 0 0 0 0 0 523776 2
fi=(315)
+71 402 523776 0 523776 1 0 0 1
+3 +6 523776 523776
+4 * 523776
+3 * 523776
+5 * 523776 523776 523776 1 1 0 1 1 0 0 0 523776 1
cob=(2)
cfi=(324) /usr/src/debug/glibc/glibc/string/../sysdeps/x86_64/multiarch/memchr-avx2.S
cfn=(1230) __memchr_avx2
calls=523776 0x1715c0 61 
* * 9951744 1047552 0 2 0 0 2 0 0 2095104
fe=(313)
+6 1078 523776 523776
+3 * 523776
fi=(315)
+3 408 523776
fe=(313)
+3 1078 523776 0 0 0 0 0 0 0 0 523776 2
+6 +3 523776 523776 0 0 1 0 0 1
+5 -1 523776 523776
+4 * 523776
+3 +1 523776 0 523776
+3 +6 523776 523776 0 0 1 0 0 1
+5 * 523776 0 0 0 0 0 0 0 0 523776 4
0x14aa4b +27 523776 523776 0 1 0 0 1
fi=(249)
+4 790 523776 523776
fe=(313)
+4 1114 523776
+3 * 523776
+3 * 523776 0 0 0 0 0 0 0 0 523776
fi=(249)
+6 801 523776 523776
+4 * 523776 0 523776
+8 +1 523776
fi=(314)
+2 329 523776
+2 * 523776 0 0 0 0 0 0 0 0 523776
fi=(246)
+2 460 523776 523776
+4 * 523776 523776
+4 * 523776
+3 * 523776
+3 * 523776 523776 523776 1 0 0 1 0 0 0 0 523776 1
cfi=(294) /usr/src/debug/gcc/gcc-build/x86_64-pc-linux-gnu/libstdc++-v3/include/bits/fstream.tcc
cfn=(1576) std::basic_filebuf<char, std::char_traits<char> >::xsputn(char const*, long)
calls=523776 0x12dc00 759 
* * 48806308 14693249 8404177 23 5 124 23 5 0 5767830 522216 1573829 7
fi=(314)
+3 331 523776
+3 * 523776
+5 * 523776
+3 * 523776
+3 * 523776
fe=(313)
+3 1126 523776 523776
+4 * 523776 523776
+9 * 523776 0 0 0 0 0 0 0 0 523776
+6 * 523776
+4 * 523776 523776
+1 * 523776 523776
+2 * 523776 523776
+2 * 523776 523776
+2 * 523776 523776
+2 * 523776 523776
+1 * 523776 523776
fi=(224)
0x14ab30 913 523776 523776 0 1 0 0 1
+4 * 523776
+3 * 523776 0 0 0 0 0 0 0 0 523776
+2 +1 523776 0 523776
+3 * 523776
+3 * 523776
+3 * 523776
+3 * 523776 523776 523776 0 1 0 0 1 0 0 0 523776 1
cob=(2)
cfi=(290)
cfn=(1054)
calls=523776 0x171fc0 255 
* * 5761602 1571328 1047552 0 0 0 0 0 0 1047585 39
fi=(315)
+6 402 523776 523776
+3 * 523776
fe=(313)
+10 1071 523776 0 523776 1 0 0 1
+5 * 523776

fn=(1522) std::num_put<char, std::ostreambuf_iterator<char, std::char_traits<char> > >::do_put(std::ostreambuf_iterator<char, std::char_traits<char> >, std::ios_base&, char, double) const
0x14ac10 1182 523776 0 0 1 0 0 1
+4 +2 523776
+3 * 523776
+4 * 523776 523776 0 0 1 0 0 1 0 0 0 523776 1
cfn=(1524)
calls=523776 0x14a5a0 999 
* * 1462855872 337794794 224372445 182 43 143 182 41 19 212608931 4599695 10478021 20

fn=(1180)
0x149e10 57 1572353 0 1572353 1025 0 0 2
+1 * 1572353
+3 * 1572353
+4 * 1572353 0 1572353
+4 * 1572353
+3 +2 1572353 1572353 0 0 22 0 0 1
+7 -2 1572353 0 1572353
+4 * 1572353 0 1572353
+4 +2 1572353 1572353 1572353 0 0 0 0 0 0 0 0 1572353 1
cfi=(215)
cfn=(768)
calls=1572353 0xcdbe0 507 
* * 9434118 3144706 0 0 0 0 0 0 0 1572353 5
+6 * 1572353
+3 +1 1572353 1572353
+4 +1 1572353 1572353
+4 * 1572353 0 0 914 0 0 2
+4 * 1572353 1572353 0 0 19 0 0 1
+4 * 1572353
+3 * 1572353 0 0 0 0 0 0 0 0 1572353 2
+2 +16 1572353 1572353
+4 * 1572353 1572353
+4 * 1572353 1572353
+4 * 1572353 1572353
+1 * 1572353 1572353

fl=(260) /usr/src/debug/gcc/gcc/libstdc++-v3/src/c++11/compatibility-thread-c++0x.cc
fn=(920) _GLOBAL__sub_I_compatibility_thread_c__0x.cc
0xb26a0 128 1
+4 * 1 0 1
+1 * 1
+3 -74 1 1 1 0 0 0 0 0 0 0 0 1 1
cfi=(261) /usr/src/debug/gcc/gcc/libstdc++-v3/src/c++11/future.cc
cfn=(922) std::future_category()
calls=1 0xe5820 +35 
* * 3 1 0 1 0 0 1
+6 * 1 1
+7 * 1 0 1
+3 +74 1 1
+1 * 1 1

fl=(230) /usr/src/debug/gcc/gcc-build/x86_64-pc-linux-gnu/libstdc++-v3/include/x86_64-pc-linux-gnu/bits/messages_members.h
fn=(830) std::__cxx11::messages<wchar_t>::messages(unsigned long)
0x128450 44 1 0 0 1 0 0 1
+4 * 1 0 1
fi=(222) /usr/src/debug/gcc/gcc-build/x86_64-pc-linux-gnu/libstdc++-v3/include/bits/locale_classes.h
+1 437 1
fe=(230)
+2 44 1
+3 * 1
fi=(222)
+4 437 1
+3 * 1
fe=(230)
+3 44 1 0 1
+4 * 1
fi=(222)
+3 437 1 0 1 0 0 1 0 0 1
fe=(230)
+3 46 1 1
+7 * 1
+4 * 1 0 1
+3 -1 1 1 1 1 0 0 1 0 0 0 0 1 1
cfi=(215)
cfn=(746)
calls=1 0xcd670 221 
* * 18 6 2 0 0 0 0 0 0 2 0 1
+6 * 1 0 1
+4 +1 1 1 1 0 0 0 0 0 0 0 0 1 1
cfi=(215)
cfn=(742) std::locale::facet::_S_get_c_name()
calls=1 0xcd6c0 233 
* * 3 1
+6 * 1 0 1
+4 +1 1 1
+4 * 1 1
+1 * 1 1

fn=(846) std::messages<char>::messages(unsigned long)
0x146ea0 44 1 0 0 1 0 0 1
+4 * 1 0 1
fi=(222)
+1 437 1
fe=(230)
+2 44 1
+3 * 1
fi=(222)
+4 437 1
+3 * 1
fe=(230)
+3 44 1 0 1
+4 * 1
fi=(222)
+3 437 1 0 1 0 0 1 0 0 1
fe=(230)
+3 46 1 1 0 1 0 0 1
+7 * 1
+4 * 1 0 1
+3 -1 1 1 1 0 0 0 0 0 0 0 0 1 1
cfi=(215)
cfn=(746)
calls=1 0xcd670 221 
* * 18 6 2 0 0 0 0 0 0 2 1 1
+6 * 1 0 1
+4 +1 1 1 1 0 0 0 0 0 0 0 0 1 1
cfi=(215)
cfn=(742)
calls=1 0xcd6c0 233 
* * 3 1
+6 * 1 0 1
+4 +1 1 1
+4 * 1 1
+1 * 1 1

fn=(854) std::messages<wchar_t>::messages(unsigned long)
0x1770a0 44 1 0 0 1 0 0 1
+4 * 1 0 1
fi=(222)
+1 437 1
fe=(230)
+2 44 1
+3 * 1
fi=(222)
+4 437 1
+3 * 1
fe=(230)
+3 44 1 0 1
+4 * 1
fi=(222)
+3 437 1 0 1
fe=(230)
+3 46 1 1 0 1 0 0 1
+7 * 1
+4 * 1 0 1
+3 -1 1 1 1 0 0 0 0 0 0 0 0 1
cfi=(215)
cfn=(746)
calls=1 0xcd670 221 
* * 18 6 2 0 0 0 0 0 0 2 1 1
+6 * 1 0 1
+4 +1 1 1 1 0 0 0 0 0 0 0 0 1
cfi=(215)
cfn=(742)
calls=1 0xcd6c0 233 
* * 3 1
+6 * 1 0 1
+4 +1 1 1
+4 * 1 1
+1 * 1 1

fn=(790) std::__cxx11::messages<char>::messages(unsigned long)
0x11d9e0 44 1 0 0 1 0 0 1
+4 * 1 0 1
fi=(222)
+1 437 1
fe=(230)
+2 44 1
+3 * 1
fi=(222)
+4 437 1
+3 * 1
fe=(230)
+3 44 1 0 1
+4 * 1
fi=(222)
+3 437 1 0 1
fe=(230)
+3 46 1 1 0 1 1 0 1
+7 * 1
+4 * 1 0 1
+3 -1 1 1 1 0 0 0 0 0 0 0 0 1 1
cfi=(215)
cfn=(746)
calls=1 0xcd670 221 
* * 18 6 2 0 0 0 0 0 0 2 0 1
+6 * 1 0 1
+4 +1 1 1 1 0 0 0 0 0 0 0 0 1 1
cfi=(215)
cfn=(742)
calls=1 0xcd6c0 233 
* * 3 1
+6 * 1 0 1
+4 +1 1 1
+4 * 1 1
+1 * 1 1

fl=(262) /usr/src/debug/gcc/gcc/libstdc++-v3/libsupc++/eh_alloc.cc
fn=(924) _GLOBAL__sub_I_eh_alloc.cc
0xb26c0 456 1 0 0 1 0 0 1
+4 * 1 0 1
fi=(394) /usr/src/debug/gcc/gcc-build/x86_64-pc-linux-gnu/libstdc++-v3/include/ext/concurrence.h
+1 134 1
fe=(262)
+4 +61 1
+7 456 1
+3 * 1
+4 * 1 0 1
+4 * 1 1
+9 * 1 0 1
+4 * 1
fi=(394)
+2 134 1 0 1 0 0 1
+7 * 1 0 1
+11 * 1 0 1 1 0 0 1
+11 * 1 0 1
fe=(262)
+11 +53 1 0 1
fi=(394)
+11 -53 1 0 1
fe=(262)
+7 +61 1 1 1 0 1 0 0 0 0 0 0 1 1
cob=(2)
cfi=(263) /usr/src/debug/glibc/glibc/stdlib/secure-getenv.c
cfn=(926) secure_getenv
calls=1 0x44750 28 
* * 483 192 8 8 34 0 8 1 0 124 12 2 2
+6 +7 1 0 1
+8 -7 1
+3 +7 1
+7 * 1 0 1 1 0 0 1
+8 * 1 0 1
fi=(395) /usr/src/debug/gcc/gcc-build/x86_64-pc-linux-gnu/libstdc++-v3/include/string_view
+4 -52 1
+7 -1 1 0 1
+8 +1 1 0 1
fi=(396) /usr/src/debug/gcc/gcc-build/x86_64-pc-linux-gnu/libstdc++-v3/include/bits/stl_pair.h
+4 467 1 0 1
fe=(262)
+7 203 1
+3 * 1 0 0 0 0 0 0 0 0 1 1
fi=(266) /usr/src/debug/gcc/gcc-build/x86_64-pc-linux-gnu/libstdc++-v3/include/bits/stl_algobase.h
0xb2828 +34 1 1 0 1 0 0 1
+4 * 1
fe=(262)
+5 -47 1
fi=(266)
+5 +47 1
+2 * 1
fe=(262)
+4 -9 1 1
+4 -38 1 0 0 1 0 0 1
+2 * 1
+4 -52 1
+4 * 1
+4 +95 1
+4 -1 1 0 1
+7 +1 1
+3 * 1 0 0 0 0 0 0 0 0 1 1
+2 456 1 1
+4 * 1 1
+9 * 1 0 0 0 0 0 0 0 0 1
+6 * 1 1
+4 * 1 1
+1 * 1 1
+1 235 1
+3 * 1 1 1 0 1 0 0 0 0 0 0 1 1
cob=(2)
cfi=(195) /usr/src/debug/glibc/glibc/malloc/malloc.c
cfn=(936) malloc
calls=1 0xa8b30 3283 
* * 369 72 45 49 2 2 49 2 2 57 26
+6 * 1 0 1 1 0 0 1
+7 +1 1
+3 * 1 0 0 0 0 0 0 0 0 1
+2 +12 1
+2 -3 1 0 1
+7 +2 1 0 1
+3 +1 1 0 1
+4 456 1

fl=(219)
fn=(1310)
0xdc840 75 1048576 0 0 1 0 0 1
+4 * 1048576 0 1048576
+1 * 1048576
+3 * 1048576 0 1048576
+2 * 1048576 0 1048576
+2 * 1048576
+3 +2 1048576
+4 -2 1048576 0 1048576
+1 * 1048576
+3 * 1048576
+4 * 1048576 1048576
+9 * 1048576 0 1048576
+4 * 1048576
+3 +2 1048576 1048576
+3 * 1048576 1048576 1048576 0 1024 0 0 0 0 0 0 1048576 1024
cob=(2)
cfi=(329) /usr/src/debug/glibc/glibc/stdlib/strtod_l.c
cfn=(1312) strtod_l
calls=1048576 0x4ce00 1781 
* * 778757188 136657323 79238441 11394 1830 2397 84 9 0 119545723 2292863 3039591 3
+6 +4 1048576 1048576
+4 -4 1048576 0 1048576
+6 +4 1048576 0 0 1 0 0 1
+3 * 1048576 0 0 0 0 0 0 0 0 1048576
+2 * 1048576 1048576
+3 * 1048576 0 0 0 0 0 0 0 0 1048576 6
+18 +15 1048576 1048576
+4 * 1048576 1048576
+9 * 1048576 0 0 0 0 0 0 0 0 1048576
+2 * 1048576
+4 * 1048576 1048576
+1 * 1048576 1048576
+2 * 1048576 1048576
+2 * 1048576 1048576
+1 * 1048576 1048576
+7 -10 1048576 1048576 0 0 2
+8 * 1048576 0 0 1 0 0 1 0 0 1048576
+2 * 1048576 0 0 0 0 0 0 0 0 1048576 7
+30 +5 1048576 1048576
+8 * 1048576 0 0 0 0 0 0 0 0 1048576
+2 * 1048576 0 0 0 0 0 0 0 0 1048576 4

fn=(756) std::locale::facet::_S_create_c_locale(__locale_struct*&, char const*, __locale_struct*)
0xdc9f0 134 1 0 0 1 0 0 1
+4 * 1 0 1
+1 * 1
+3 * 1 0 1 0 0 1
+1 * 1
+3 +1 1 0 0 1 0 0 1
+5 -1 1
+4 +1 1 1 1 0 1 0 0 0 0 0 0 1 1
cob=(2)
cfi=(220) /usr/src/debug/glibc/glibc/locale/newlocale.c
cfn=(758) newlocale
calls=1 0x34c40 -92 
* * 39 12 7 5 0 0 5 0 0 6 3
+6 * 1 0 1
+3 +1 1
+3 * 1 0 0 0 0 0 0 0 0 1
+6 +6 1 1
+4 * 1 1
+1 * 1 1

fl=(225) /usr/src/debug/gcc/gcc-build/x86_64-pc-linux-gnu/libstdc++-v3/src/c++98/numeric_members.cc
fn=(778) std::__cxx11::numpunct<char>::_M_initialize_numpunct(__locale_struct*)
0xdaf00 92 1 0 0 1 0 0 1
+4 * 1 0 1
+1 * 1
+3 * 1
+4 * 1 0 1
+4 * 1
+3 * 1 0 1
+4 * 1
+3 +1 1 1
+5 * 1 0 0 0 0 0 0 0 0 1
+6 +3 1
+3 * 1 0 0 0 0 0 0 0 0 1 1
0xdaf98 +68 1 1 0 1 0 0 1
+4 * 1
+7 +1 1 0 1
+8 +4 1 1
+4 -5 1 0 1
+4 +3 1
+7 +2 1 1
+4 -2 1 0 1
+4 +1 1 0 1
+8 +1 1 1
+1 * 1 1
+5 -70 1 1 0 1 0 0 1
+4 * 1
+7 * 1 0 1
+4 +1 1 0 1
+8 +1 1 0 1
+4 +2 1 0 1
+4 +1 1 1
+4 * 1 0 1
+4 +3 1 1 0 0 1
+7 * 1 1 0 1 1 0 1
+3 -1 1
+2 * 1
+7 * 1
+11 * 1
+11 +1 1 1 0 0 1 0 0 1
+4 * 1 1
+4 * 1 0 1
+4 -1 1
+4 * 1
+4 * 1 0 0 0 0 0 0 0 0 1 1
-20 +1 35 35 0 0 1 0 0 1
+4 * 35 35
+4 * 35 0 35
+4 -1 35
+4 * 35
+4 * 35 0 0 0 0 0 0 0 0 35 8
+2 +4 1 1
+7 * 1 1
+3 -1 1 0 0 1 0 0 1
+2 * 1
+8 * 1
+11 * 1
+11 +1 1 1 0 0 1 0 0 1
+4 * 1 1
+4 * 1 0 1
+4 -1 1
+4 * 1
+4 * 1 0 0 0 0 0 0 0 0 1 1
-20 +1 25 25
+4 * 25 25
+4 * 25 0 25
+4 -1 25
+4 * 25
+4 * 25 0 0 0 0 0 0 0 0 25 9
+2 * 1

fn=(820) std::__cxx11::numpunct<wchar_t>::_M_initialize_numpunct(__locale_struct*)
0xdb260 183 1 0 0 1 0 0 1
+4 * 1 0 1
+1 * 1
+3 * 1
+4 * 1 0 1
+4 * 1
+3 * 1 0 1
+4 * 1
+3 +1 1 1
+5 * 1 0 0 1 0 0 1 0 0 1
+6 +3 1
+3 * 1 0 0 0 0 0 0 0 0 1 1
+86 +69 1 0 0 1 0 0 1
+7 +1 1 0 1
+8 +4 1 1
+4 -5 1 0 1
+4 +3 1
+7 +2 1 1
+4 -2 1 0 1
+4 +1 1 0 1
+8 +1 1 1
+1 * 1 1
+3 -71 1 1 0 1 0 0 1
+4 * 1
+7 * 1 0 1
+4 +4 1
+10 * 1 0 1
+4 +6 1 1
+7 -9 1 0 1
+8 +1 1 0 1
+4 +8 1 1 0 1 0 0 1
+3 -2 1
+2 * 1
+5 * 1
+11 * 1
+11 +2 1 1
+4 * 1 0 1
+4 -2 1
+4 * 1
+4 * 1 0 0 0 0 0 0 0 0 1
-16 +2 35 35
+4 * 35 0 35 0 0 2 0 0 2
+4 -2 35
+4 * 35
+4 * 35 0 0 0 0 0 0 0 0 35 8
+2 +6 1 1
+7 * 1 1
+3 -2 1
+2 * 1
+2 +2 1 1 0 1 0 0 1
+4 * 1 0 1
+7 -2 1
+4 * 1
+4 * 1 0 0 0 0 0 0 0 0 1 1
-19 +2 25 25
+4 * 25 0 25 0 0 1 0 0 1
+7 -2 25
+4 * 25
+4 * 25 0 0 0 0 0 0 0 0 25 9
+2 * 1

fl=(327)
fn=(1258) std::__cxx11::basic_stringbuf<char, std::char_traits<char>, std::allocator<char> >::_M_sync(char*, unsigned long, unsigned long)
0x163320 249 1024 0 0 1 0 0 1
fi=(319)
+4 -11 1024 1024
fe=(327)
+4 +11 1024
fi=(319)
+3 +7 1024
+4 1189 1024 1024
+4 279 1024
+3 * 1024 0 0 0 0 0 0 0 0 1024
+6 1303 1024 1024
fe=(327)
+4 252 1024 1024 0 1 0 0 1
+3 +2 1024
+3 +1 1024
+3 +2 1024
+3 * 1024 0 0 0 0 0 0 0 0 1024 1
+10 +8 1024
+4 * 1024 0 0 0 0 0 0 0 0 1024 3
+14 +1 1024
+3 +1 1024
fi=(246)
+3 525 1024 0 1024
fe=(327)
+4 266 1024 0 1024
fi=(246)
+4 527 1024 0 1024
fe=(327)
+4 267 1024 0 0 0 0 0 0 0 0 1024
+2 +2 1024
+3 * 1024 0 0 1 0 0 1
+3 * 1024 1024 0 0 54 0 0 0 0 0 0 1024 1
cfn=(1262) std::__cxx11::basic_stringbuf<char, std::char_traits<char>, std::allocator<char> >::_M_pbump(char*, char*, long)
calls=1024 0x162f40 +11 
* * 11264 1024 3072 2 0 0 2 0 0 1024 3

fn=(1262)
0x162f40 280 1024 0 0 1 0 0 1
fi=(246)
+4 571 1024 0 1024
fe=(327)
+4 280 1024
fi=(246)
+3 572 1024 0 1024
fe=(327)
+4 284 1024
+7 * 1024 0 0 0 0 0 0 0 0 1024 3
0x162ff0 * 1024 0 0 1 0 0 1
fi=(246)
+3 559 1024
+2 * 1024
+3 * 1024 0 1024
fe=(327)
+4 290 1024 1024

fn=(1368)
0x161a80 153 1024 0 0 1 0 0 1
+4 +5 1024 1024
+4 * 1024 0 0 0 0 0 0 0 0 1024
fi=(246)
+2 546 1024 1024
+4 -45 1024 1024
fi=(343) /usr/src/debug/gcc/gcc-build/x86_64-pc-linux-gnu/libstdc++-v3/include/sstream
+4 -27 1024
+3 * 1024 0 0 0 0 0 0 0 0 1024
+2 +3 1024
+3 * 1024 0 0 0 0 0 0 0 0 1024
+2 * 1024
+3 * 1024 0 0 0 0 0 0 0 0 1024
fi=(246)
+2 +21 1024 1024
fe=(327)
+4 163 1024
+3 * 1024 0 0 0 0 0 0 0 0 1024 2
+24 -7 1024 0 0 1 0 0 1
+5 * 1024 1024

fl=(215)
fn=(870) std::locale::operator=(std::locale const&)
0xcd8d0 120 3084 0 0 2 0 0 2
+4 * 3084
+3 +1 3084
+7 * 3084 3084
+3 * 3084 3084
+3 * 3084
+3 * 3084 0 0 0 0 0 0 0 0 3084 9
+38 +4 3084 3084
+3 * 3084 0 3084
+3 +2 3084
+3 * 3084 3084
+17 -4 3084 3084 0 2 0 0 2
+3 * 3084
+3 * 3084 0 0 0 0 0 0 0 0 3084 9

fn=(856) std::locale::locale(std::locale::_Impl*)
0xccd20 88 1 0 0 1 0 0 1
+4 * 1 0 1
+3 +1 1 1

fn=(768)
0xcdbe0 507 2105445 0 0 1 0 0 1
+4 +1 2105445 2105445 0 0 558 0 0 10
+3 * 2105445
+3 * 2105445 0 0 0 0 0 0 0 0 2105445 21
fi=(212)
+2 57 48 48
fe=(215)
+7 521 48 48
+3 * 48 0 0 0 0 0 0 0 0 48 2
+2 +22 48
+7 * 48 48 0 1 0 0 1
+2 * 48
+3 * 48 0 48
+2 * 48
+2 * 48 0 48
+3 +2 48
+4 +1 48 48
-4 -1 2105397
+4 +1 2105397 2105397

fn=(742)
0xcd6c0 233 7 0 0 1 0 0 1
+4 * 7
+7 * 7 7

fn=(746)
0xcd670 221 1572366 0 0 2 0 0 1
fi=(397) /usr/src/debug/gcc/gcc-build/x86_64-pc-linux-gnu/libstdc++-v3/include/x86_64-pc-linux-gnu/bits/gthr-default.h
+4 746 1572366
+7 * 1572366 0 0 1 0 0 1
fe=(215)
+7 221 1572366 0 1572366
+1 * 1572366
fi=(397)
+3 746 1572366 1572366 1572366 0 21 0 0 1 0 0 0 1572366 2
cob=(2)
cfi=(217) /usr/src/debug/glibc/glibc/nptl/pthread_once.c
cfn=(748) pthread_once@@GLIBC_2.34
calls=1572366 0x9d960 136 
* * 9434325 3144765 34 17 6 3 17 3 0 1572380 11 3 3
fe=(215)
+6 226 1572366
+7 * 1572366 1572366
+3 * 1572366
+3 * 1572366 0 0 0 0 0 0 0 0 1572366
+2 +3 1572366 1572366
+1 * 1572366 1572366

fn=(766) std::locale::_Impl::_M_install_facet(std::locale::id const*, std::locale::facet const*)
0xcdc40 325 32 0 0 1 0 0 1
+4 +1 32
+3 * 32 0 0 0 0 0 0 0 0 32
+6 -1 32 0 32
+1 * 32
+3 * 32 0 32
+2 * 32 0 32
+2 * 32 0 32
+2 * 32 0 32
+2 * 32 0 32
+1 * 32
+3 * 32
+3 * 32
+4 * 32 0 32
+4 +3 32 32 32 0 1 0 0 0 0 0 0 32 2
cfn=(768)
calls=32 0xcdbe0 507 
* * 480 160 64 2 8 0 2 7 0 64 2
+6 +3 32 32
+4 -3 32
+3 +3 32
+4 * 32
+3 * 32 0 0 1 0 0 1 0 0 32 9
fi=(212)
0xcdd9f 57 32 32 0 1 0 0 1
+7 +75 32 32
+4 +19 32 32
+4 * 32 0 0 0 0 0 0 0 0 32
+6 -19 32 0 32
fe=(215)
+4 369 32 32
+4 * 32
+4 +1 32 32 0 1 0 0 1
+3 -1 32 0 32
+4 +1 32
+3 * 32 0 0 0 0 0 0 0 0 32 5
0xcdec0 +36 32 32 0 1 0 0 1
+4 * 32 32
+4 * 32 0 32
+3 +15 32 32
+5 * 32 0 0 0 0 0 0 0 0 32
+6 * 32 32
+4 * 32
+3 * 32
+15 * 1536
+4 * 1536 1536
+4 * 1536 0 0 0 0 0 0 0 0 1536 32
+2 +2 1536 1536
+4 +1 1536 0 0 1 0 0 1
+8 * 1536
+3 * 1536 0 0 0 0 0 0 0 0 1536 3
+91 +7 32 0 0 1 0 0 1
+4 * 32 32
+1 * 32 32
+2 * 32 32
+2 * 32 32
+2 * 32 32
+2 * 32 32
+1 * 32 32

fn=(872) std::locale::~locale()
0xcd980 91 5136 0 0 1 0 0 1
+4 +2 5136
+7 * 5136 5136
+3 * 5136 5136
+3 * 5136 0 0 0 0 0 0 0 0 5136 14
fi=(222)
+26 606 5136 5136
fe=(215)

fn=(754) std::locale::facet::_S_initialize_once()
0xcccb0 208 1 0 0 1 0 0 1
+4 +4 1
+7 * 1 1
+4 * 1 0 0 1 0 0 1 0 0 1 1
+9 +4 1
+7 * 1
+2 * 1 1 0 0 0 0 0 0 0 0 0 1 1
cfi=(219)
cfn=(756)
calls=1 0xdc9f0 -82 
* * 53 16 11 7 1 1 7 0 0 7 3 1 1

fl=(248)
fn=(1418) std::ios_base::_M_dispose_callbacks()
0xe6580 177 1026 0 0 2 0 0 2
+4 * 1026 0 1026
+1 * 1026
+3 * 1026
+4 * 1026 0 1026
+4 * 1026
+3 +1 1026 1026
+4 +1 1026
+3 * 1026 0 0 0 0 0 0 0 0 1026 4
+94 +6 1026 0 1026 2 0 0 2
+8 +1 1026 1026
+4 * 1026 1026
+1 * 1026 1026

fn=(1414) std::ios_base::~ios_base()
0xe6610 87 1026 0 0 2 0 0 2
+4 * 1026 0 1026
+1 +2 1026
+2 -2 1026
+3 * 1026 0 1026
+1 * 1026
+3 * 1026
+4 * 1026 1026 0 0 1
+7 * 1026
+4 * 1026 0 1026
+3 +2 1026 1026 1026 0 2 0 0 1 0 0 0 1026 1025
cfn=(1416) std::ios_base::_M_call_callbacks(std::ios_base::event)
calls=1026 0xe6520 +74 
* * 11286 4104 2052 4 0 0 4 0 0 1026 4
+6 +1 1026
+3 * 1026 1026 1026 0 2 0 0 1 0 0 0 1026 1
cfn=(1418)
calls=1026 0xe6580 +87 
* * 13338 4104 3078 4 0 0 4 0 0 1026 4
+6 +1 1026 1026 0 1 1 0 1
+7 * 1026
+4 * 1026
+3 * 1026 0 0 0 0 0 0 0 0 1026 5
+24 +5 1026
+7 * 1026 1026
+4 * 1026 1026
+1 * 1026 1026 0 0 1 0 0 0 0 0 0 1026 1
cfi=(215)
cfn=(872)
calls=1026 0xcd980 -5 
* * 6156 3078 0 0 0 0 0 0 0 1026 4

fn=(862)
0xe6240 76 1034 0 0 1 0 0 1
+4 +3 1034 1034 0 0 1 0 0 1
+7 -2 1034
+4 +2 1034
+4 -2 1034 0 1034 0 0 10 0 0 5
+8 +1 1034 0 1034
fi=(249)
+7 640 1034
+7 * 1034 0 1034 0 0 4 0 0 3
fe=(248)
+8 79 1034
+4 * 1034 0 1034 0 0 3
+3 * 1034
+3 -2 1034 0 1034
+4 +1 1034 0 1034 2 0 0 2
+4 * 1034
+7 * 1034
+11 * 1034
fi=(249)
+11 640 1034 0 1034
fe=(248)
+7 79 1034
fi=(249)
+4 640 1034 0 1034 0 0 1
fe=(248)
+8 79 1034
+3 * 1034 0 0 0 0 0 0 0 0 1034 9
fi=(249)
-22 640 7238 0 7238 0 0 536 0 0 4
fe=(248)
+7 79 7238
fi=(249)
+4 640 7238 0 7238 0 0 13 0 0 6
fe=(248)
+8 79 7238
+3 * 7238 0 0 0 0 0 0 0 0 7238 36
+2 * 1034 0 1034 0 0 1
+7 * 1034 0 0 1 0 0 1
+7 * 1034 0 1034
+7 * 1034 1034 0 0 2 0 0 1 0 0 0 1034 1
cfi=(213)
cfn=(732)
calls=1034 0xe7cd0 269 
* * 25850 9306 5170 0 3 2 0 2 2 3102 2

fn=(1416)
0xe6520 163 1026 0 0 2 0 0 2
+4 * 1026 0 1026
+1 * 1026
+3 * 1026
+4 * 1026 0 1026
+4 +1 1026 1026
+4 +1 1026
+3 * 1026 0 0 0 0 0 0 0 0 1026 4
+53 +8 1026 1026 0 2 0 0 2
+4 * 1026 1026
+1 * 1026 1026

fl=(345) /usr/src/debug/gcc/gcc/libstdc++-v3/libsupc++/del_ops.cc
fn=(1400) operator delete(void*, unsigned long)
0xb4df0 32 1050
+4 +1 1050 1050 0 0 16 0 0 0 0 0 0 1050 1
cfi=(338)
cfn=(1348)
calls=1050 -20 +15 
* * 162335 47863 28059 14 148 12 11 0 0 27058 1114 1050

fl=(338)
fn=(1348)
0xb4de0 48 1052700 0 0 1 0 0 1
+4 +1 1052700 1052700 0 0 19 0 0 0 0 0 0 1052700 1
cob=(2)
cfi=(195)
cfn=(1350) free
calls=1052700 0xa9080 3319 
* * 35224451 9614800 4298144 2091 2242 27 40 681 13 6397241 3298 1 1

fl=(256) /usr/src/debug/gcc/gcc/libstdc++-v3/src/c++20/tzdb.cc
fn=(990) _GLOBAL__sub_I_tzdb.cc
0xb2e20 2389 1
fi=(274) /usr/src/debug/gcc/gcc-build/x86_64-pc-linux-gnu/libstdc++-v3/include/bits/chrono_io.h
+4 412 1
+7 * 1 1 0 0 1 0 0 1
+3 * 1 0 0 0 0 0 0 0 0 1
+2 * 1 0 1
fe=(256)
+3 2389 1 1

fn=(906) _GLOBAL__sub_I.00098_tzdb.cc
0xb2e40 2389 1 0 0 1 0 0 1
+4 210 1
+7 * 1
+7 * 1
+7 * 1 1 0 0 0 0 0 0 0 0 0 1 1
cob=(2)
cfi=(255) /usr/src/debug/glibc/glibc/stdlib/cxa_atexit.c
cfn=(900) __cxa_atexit
calls=1 0x40950 67 
* * 76 13 15 0 0 0 0 0 0 10 1

fl=(288)
fn=(1046)
0xb6f20 43 1052700 0 0 1 0 0 1
+4 * 1052700 0 1052700
+1 +4 1052700
+5 -4 1052700
+3 * 1052700 0 1052700
+1 * 1052700
+4 +4 1052700
+3 * 1052700
+4 * 1052700
+3 +3 1052700
+3 * 1052700 1052700 1052700 1 17 0 1 0 0 0 0 1052700 1
cob=(2)
cfi=(195)
cfn=(936)
calls=1052700 0xa8b30 3283 
* * 32248957 6418609 3228370 3265 2290 2237 48 2 2098 6451532 7597 1 1
+6 * 1052700
+3 * 1052700 0 0 0 0 0 0 0 0 1052700
+2 +9 1052700 1052700
+4 * 1052700 1052700
+1 * 1052700 1052700

fl=(272) /usr/src/debug/gcc/gcc/libstdc++-v3/src/c++98/parallel_settings.cc
fn=(956) _GLOBAL__sub_I_parallel_settings.cc
0xb2a40 42 1 0 0 1 0 0 1
fi=(398) /usr/src/debug/gcc/gcc-build/x86_64-pc-linux-gnu/libstdc++-v3/include/parallel/settings.h
+4 290 1 1
+8 +10 1
+5 +3 1 1
+8 -5 1 0 1 0 0 1 0 0 1
+11 +1 1 0 1
+10 -9 1 0 1 0 0 1 0 0 1
+7 * 1
+4 * 1
+5 +13 1 0 1 1 0 0 1
+7 * 1 1 0 0 1 0 0 1
+8 -13 1 0 1
+7 +10 1
+5 +2 1 1 0 0 1 0 0 1
+7 -2 1
+4 +9 1 0 1 0 0 1 0 0 1
+11 -9 1 0 1
+7 +3 1 0 1
+7 +8 1 0 1 1 0 0 1
+7 +3 1 0 1 0 0 1 0 0 1
+7 +3 1 0 1
+7 +5 1 0 1 0 0 1 0 0 1
+7 * 1 0 1
+7 * 1 0 1
+7 +8 1 1
+8 -28 1 0 1
+7 +11 1
+10 +17 1 0 1 1 0 0 1
+7 * 1 1
+8 -17 1 0 1
+7 +6 1
+10 * 1 0 1
+7 +9 1
+10 +2 1 0 1 0 0 1 0 0 1
+7 * 1 1
+8 -2 1 0 1 1 0 0 1
+7 +8 1
+10 -6 1 0 1
+7 -20 1 0 1
+10 +6 1 0 1
+11 +4 1 0 1
+10 -17 1 0 1
+7 +33 1 0 1 1 0 0 1
+7 +2 1 1 0 0 1 0 0 1
+8 +2 1 0 1
+10 -2 1 0 1
fe=(272)
+7 42 1 1

fl=(371) /usr/src/debug/gcc/gcc-build/x86_64-pc-linux-gnu/libstdc++-v3/include/bits/streambuf.tcc
fn=(1582) std::basic_streambuf<char, std::char_traits<char> >::xsputn(char const*, long)
0x16d8c0 84 1046233 0 0 1 0 0 1
+4 * 1046233 0 1046233
+1 * 1046233
+3 * 1046233
+4 * 1046233 0 1046233
+4 +4 1046233
+3 * 1046233 0 0 0 0 0 0 0 0 1046233
+6 * 1046233 0 1046233
+4 -1 1046233
+2 * 1046233 0 1046233
+4 * 1046233
+3 * 1046233 0 1046233
+4 * 1046233
+3 * 1046233 0 1046233
+4 * 1046233
+3 * 1046233
+1 * 1046233
fi=(246)
+11 546 1046233 1046233 0 1 0 0 1
fe=(371)
+5 91 1046233 1046233
+5 * 1046233
+3 * 1046233 0 0 0 0 0 0 0 0 1046233 1
fi=(246)
-13 546 1 1
fe=(371)
+5 91 1 1
+5 * 1
+3 * 1 0 0 0 0 0 0 0 0 1 1
+2 +12 1 1
+4 * 1 1
fi=(315)
+4 455 1 1
+7 * 1 0 0 0 0 0 0 0 0 1 1
+2 * 1046233 1046233
+4 * 1046233 1046233
+4 * 1046233 1046233
+4 * 1046233 1046233
fe=(371)
+4 114 1046233
+3 * 1046233 1046233
+4 * 1046233 1046233
+1 * 1046233 1046233
+8 -21 1046233
fi=(315)
+3 432 1046233
fe=(371)
+3 93 1046233
fi=(266)
+3 237 1046233
+3 * 1046233
fe=(371)
+4 96 1046233
fi=(315)
+3 432 1046233
+3 * 1046233 1046233 1046233 0 0 0 0 0 0 0 0 1046233 1
cob=(2)
cfi=(290)
cfn=(1054)
calls=1046233 0x171fc0 255 
* * 14127164 2614992 1568759 0 1 127 0 1 0 4187327 549848
fi=(246)
+6 812 1046233 0 1046233
fe=(371)
+5 101 1046233
+3 * 1046233 0 0 0 0 0 0 0 0 1046233 7
fi=(315)
+12 455 1 1 0 1 0 0 1
fe=(371)
+5 103 1
+3 * 1 0 1 0 0 0 0 0 0 0 0 1 1
cfi=(294)
cfn=(1586) std::basic_filebuf<char, std::char_traits<char> >::overflow(int)
calls=1 0x130680 545 
* * 53 14 10 7 0 0 7 0 0 7 3
+2 +1 1
+3 * 1 0 0 0 0 0 0 0 0 1
+2 +2 1 0 0 1 0 0 1
+4 +1 1
+4 -19 1
+3 * 1 0 0 0 0 0 0 0 0 1 1

fl=(245) /usr/src/debug/gcc/gcc-build/x86_64-pc-linux-gnu/libstdc++-v3/src/c++98/monetary_members_cow.cc
fn=(844) std::moneypunct<char, true>::_M_initialize_moneypunct(__locale_struct*, char const*)
0xd60e0 216 1 0 0 1 0 0 1
+4 * 1 0 1
+1 * 1
+3 * 1
+4 * 1 0 1
+4 * 1
+3 * 1 0 1
+4 * 1
+3 +1 1 1
+5 * 1 0 0 1 0 0 1 0 0 1
+6 +3 1
+3 * 1 0 0 0 0 0 0 0 0 1 1
0xd6330 +3 1 1 0 1 0 0 1
+4 +12 1 1
+7 -10 1 0 0 1 0 0 1
+7 -2 1 0 1
+4 +1 1 1
+4 +11 1 1
+2 -11 1 0 1
+4 +1 1 1
+4 * 1 0 1
+4 +1 1 0 1
+8 +1 1 0 1
+4 +1 1 0 1
+4 +1 1 0 1
+8 +1 1 0 1
+4 +1 1 0 1
+8 +1 1 0 1
+4 +1 1 0 1 1 0 0 1
+8 +1 1 0 1
+7 +1 1 0 1
+3 +1 1 1
+4 * 1 0 1
+3 +3 1 1
+7 * 1 1
+3 -1 1
+2 * 1
+5 * 1
+11 * 1
+11 +1 1 1 0 1 0 0 1
+4 * 1 1
+4 * 1 0 1
+4 -1 1
+4 * 1
+4 * 1 0 0 0 0 0 0 0 0 1
-20 +1 10 10
+4 * 10 10
+4 * 10 0 10
+4 -1 10
+4 * 10
+4 * 10 0 0 0 0 0 0 0 0 10 5
+2 366 1 1
+4 * 1 1
+4 * 1 1
+1 * 1 1

fn=(852) std::moneypunct<wchar_t, true>::_M_initialize_moneypunct(__locale_struct*, char const*)
0xd6dc0 558 1 0 0 1 0 0 1
+4 * 1 0 1
+1 * 1
+3 * 1
+4 * 1 0 1
+4 * 1
+3 * 1 0 1
+4 * 1 1
+9 * 1 0 1
+4 * 1
+3 +1 1 1
+5 * 1 0 0 0 0 0 0 0 0 1
+6 +3 1
+3 * 1 0 0 0 0 0 0 0 0 1 1
0xd7015 731 1 1
+4 * 1 1
+9 * 1 0 0 0 0 0 0 0 0 1
+6 * 1 1
+4 * 1 1
+4 * 1 1
+1 * 1 1
+7 565 1 1 0 1 0 0 1
+5 +5 1 0 0 1 0 0 1
+7 -5 1
+10 +2 1
+7 -2 1 0 1
+4 +12 1 1
+7 -7 1 0 1
+4 +7 1 1
+2 -5 1 0 1
+4 +2 1 0 1
+4 +3 1 0 1
+3 -10 1 0 1
+4 +1 1 0 1
+8 +1 1 0 1 1 0 0 1
+4 +2 1 0 1
+8 +2 1 0 1
+8 +2 1 0 1
+8 +1 1 0 1
+7 +2 1 1
+5 * 1 0 1
+3 +5 1 1
+7 -1 1 1
+5 +1 1 1
+3 -2 1
+2 * 1
+7 +2 1 1 0 1 0 0 1
+4 * 1 0 1
+4 -2 1
+4 * 1
+4 * 1 0 0 0 0 0 0 0 0 1
-16 +2 10 10
+4 * 10 0 10
+4 -2 10
+4 * 10
+4 * 10 0 0 0 0 0 0 0 0 10 6
+2 * 1

fn=(842) std::moneypunct<char, false>::_M_initialize_moneypunct(__locale_struct*, char const*)
0xd6620 372 1 0 0 1 0 0 1
+4 * 1 0 1
+1 * 1
+3 * 1
+4 * 1 0 1
+4 * 1
+3 * 1 0 1
+4 * 1
+3 +1 1 1
+5 * 1 0 0 1 0 0 1 0 0 1
+6 +3 1
+3 * 1 0 0 0 0 0 0 0 0 1 1
0xd6860 +3 1 1 0 1 0 0 1
+4 +12 1 1
+7 -10 1
+7 -2 1 0 1
+4 +1 1 1
+4 +11 1 1
+2 -11 1 0 1
+4 +1 1 1 0 1 0 0 1
+4 * 1 0 1
+4 +1 1 0 1
+8 +1 1 0 1
+4 +1 1 0 1
+4 +1 1 0 1
+8 +1 1 0 1
+4 +1 1 0 1
+8 +1 1 0 1
+4 +1 1 0 1
+8 +1 1 0 1
+7 +1 1 0 1 1 0 0 1
+3 +1 1 1
+4 * 1 0 1
+3 +3 1 1
+7 * 1 1
+3 -1 1
+2 * 1
+11 +1 1 1
+4 * 1 1
+4 * 1 0 1
+4 -1 1
+4 * 1
+4 * 1 0 0 0 0 0 0 0 0 1 1
-20 +1 10 10
+4 * 10 10
+4 * 10 0 10
+4 -1 10
+4 * 10
+4 * 10 0 0 0 0 0 0 0 0 10 5
+2 517 1 1
+4 * 1 1
+4 * 1 1
+1 * 1 1

fn=(850) std::moneypunct<wchar_t, false>::_M_initialize_moneypunct(__locale_struct*, char const*)
0xd73e0 741 1 0 0 1 0 0 1
+4 * 1 0 1
+1 * 1
+3 * 1
+4 * 1 0 1
+4 * 1
+3 * 1 0 1
+4 * 1 1
+9 * 1 0 1 1 0 0 1
+4 * 1
+3 +1 1 1
+5 * 1 0 0 0 0 0 0 0 0 1 1
+6 +3 1
+3 * 1 0 0 0 0 0 0 0 0 1 1
0xd7635 914 1 1 0 1 0 0 1
+4 * 1 1
+9 * 1 0 0 0 0 0 0 0 0 1
+6 * 1 1
+4 * 1 1
+4 * 1 1
+1 * 1 1
+7 748 1 1 0 1 0 0 1
+5 +5 1
+7 -5 1
+10 +2 1
+7 -2 1 0 1
+4 +12 1 1
+7 -7 1 0 1 1 0 0 1
+4 +7 1 1
+2 -5 1 0 1
+4 +2 1 0 1
+4 +3 1 0 1
+3 -10 1 0 1
+4 +1 1 0 1
+8 +1 1 0 1
+4 +2 1 0 1
+8 +2 1 0 1
+8 +2 1 0 1
+8 +1 1 0 1
+7 +2 1 1 0 1 0 0 1
+5 * 1 0 1
+3 +5 1 1
+7 -1 1 1
+5 +1 1 1
+3 -2 1
+2 * 1
+7 +2 1 1
+4 * 1 0 1
+4 -2 1
+4 * 1
+4 * 1 0 0 0 0 0 0 0 0 1 1
-16 +2 10 10
+4 * 10 0 10
+4 -2 10
+4 * 10
+4 * 10 0 0 0 0 0 0 0 0 10 5
+2 * 1

fl=(273) /usr/src/debug/gcc/gcc/libstdc++-v3/src/c++11/locale-inst.cc
fn=(966) _GLOBAL__sub_I_cxx11_wlocale_inst.cc
0xb2c20 160 1
fi=(226) /usr/src/debug/gcc/gcc-build/x86_64-pc-linux-gnu/libstdc++-v3/include/bits/locale_facets_nonio.h
+4 1653 1 1
+7 * 1 1 0 0 1 0 0 1
+3 * 1 0 0 0 0 0 0 0 0 1
+2 * 1 0 1
+3 1818 1 1 0 0 1
+7 * 1 1
+3 * 1 0 0 0 0 0 0 0 0 1
+2 * 1 0 1 1 0 0 1
+3 1415 1 1
+7 * 1 1
+3 * 1 0 0 0 0 0 0 0 0 1 1
+2 * 1 0 1
+3 * 1 1 0 0 1
+7 * 1 1
+3 * 1 0 0 0 0 0 0 0 0 1 1
+2 * 1 0 1
fi=(224)
+3 1893 1 1 0 0 1
+7 * 1 1
+3 * 1 0 0 0 0 0 0 0 0 1
+2 * 1 0 1
fi=(226)
+3 796 1 1 0 0 1
+7 * 1 1
+3 * 1 0 0 0 0 0 0 0 0 1
+2 * 1 0 1
+3 2024 1 1 0 1 0 0 1
+7 * 1 1
+3 * 1 0 0 0 0 0 0 0 0 1
+2 * 1 0 1
fi=(222)
+3 839 1 1 0 0 1
+7 * 1 1
+3 * 1 0 0 0 0 0 0 0 0 1
+2 * 1 0 1
fe=(273)
+3 160 1 1

fn=(974) _GLOBAL__sub_I_locale_inst.cc
0xb2ca0 160 1
fi=(224)
+4 2310 1 1
+7 * 1 1
+3 * 1 0 0 0 0 0 0 0 0 1
+2 * 1 0 1
+3 2603 1 1
+7 * 1 1
+3 * 1 0 0 0 0 0 0 0 0 1
+2 * 1 0 1 1 0 0 1
fi=(226)
+3 1653 1 1 0 0 1
+7 * 1 1
+3 * 1 0 0 0 0 0 0 0 0 1 1
+2 * 1 0 1
+3 1818 1 1 0 0 1
+7 * 1 1
+3 * 1 0 0 0 0 0 0 0 0 1 1
+2 * 1 0 1
+3 1415 1 1
+7 * 1 1 0 0 1 0 0 1
+3 * 1 0 0 0 0 0 0 0 0 1
+2 * 1 0 1
+3 * 1 1 0 0 1
+7 * 1 1
+3 * 1 0 0 0 0 0 0 0 0 1
+2 * 1 0 1
fi=(224)
+3 1893 1 1 0 1 0 0 1
+7 * 1 1
+3 * 1 0 0 0 0 0 0 0 0 1
+2 * 1 0 1
fi=(226)
+3 328 1 1 0 0 1
+7 * 1 1
+3 * 1 0 0 0 0 0 0 0 0 1
+2 * 1 0 1
+3 929 1 1
+7 * 1 1
+3 * 1 0 0 0 0 0 0 0 0 1
+2 * 1 0 1
+3 796 1 1
+7 * 1 1
+3 * 1 0 0 0 0 0 0 0 0 1
+2 * 1 0 1
+3 2024 1 1 0 1 0 0 1
+7 * 1 1
+3 * 1 0 0 0 0 0 0 0 0 1
+2 * 1 0 1
fi=(222)
+3 839 1 1
+7 * 1 1
+3 * 1 0 0 0 0 0 0 0 0 1 1
+2 * 1 0 1
fe=(273)
+3 160 1 1

fn=(982) _GLOBAL__sub_I_wlocale_inst.cc
0xb2d60 160 1
fi=(224)
+4 2310 1 1 0 0 1
+7 * 1 1
+3 * 1 0 0 0 0 0 0 0 0 1 1
+2 * 1 0 1
+3 2603 1 1
+7 * 1 1
+3 * 1 0 0 0 0 0 0 0 0 1
+2 * 1 0 1 1 0 0 1
fi=(226)
+3 1653 1 1
+7 * 1 1
+3 * 1 0 0 0 0 0 0 0 0 1
+2 * 1 0 1
+3 1818 1 1 0 0 1
+7 * 1 1
+3 * 1 0 0 0 0 0 0 0 0 1
+2 * 1 0 1
+3 1415 1 1 0 0 1
+7 * 1 1 0 0 1 0 0 1
+3 * 1 0 0 0 0 0 0 0 0 1
+2 * 1 0 1
+3 * 1 1 0 0 1
+7 * 1 1
+3 * 1 0 0 0 0 0 0 0 0 1
+2 * 1 0 1
fi=(224)
+3 1893 1 1 0 1 0 0 1
+7 * 1 1
+3 * 1 0 0 0 0 0 0 0 0 1
+2 * 1 0 1
fi=(226)
+3 328 1 1 0 0 1
+7 * 1 1
+3 * 1 0 0 0 0 0 0 0 0 1
+2 * 1 0 1
+3 929 1 1 0 0 1
+7 * 1 1
+3 * 1 0 0 0 0 0 0 0 0 1
+2 * 1 0 1
+3 796 1 1
+7 * 1 1
+3 * 1 0 0 0 0 0 0 0 0 1 1
+2 * 1 0 1
+3 2024 1 1 0 1 0 0 1
+7 * 1 1
+3 * 1 0 0 0 0 0 0 0 0 1 1
+2 * 1 0 1
fi=(222)
+3 839 1 1
+7 * 1 1
+3 * 1 0 0 0 0 0 0 0 0 1 1
+2 * 1 0 1
fe=(273)
+3 160 1 1

fn=(958) _GLOBAL__sub_I_cxx11_locale_inst.cc
0xb2ba0 160 1
fi=(226)
+4 1653 1 1 0 0 1
+7 * 1 1 0 0 1 0 0 1
+3 * 1 0 0 0 0 0 0 0 0 1
+2 * 1 0 1
+3 1818 1 1
+7 * 1 1
+3 * 1 0 0 0 0 0 0 0 0 1
+2 * 1 0 1 1 0 0 1
+3 1415 1 1
+7 * 1 1
+3 * 1 0 0 0 0 0 0 0 0 1
+2 * 1 0 1
+3 * 1 1
+7 * 1 1
+3 * 1 0 0 0 0 0 0 0 0 1 1
+2 * 1 0 1
fi=(224)
+3 1893 1 1
+7 * 1 1
+3 * 1 0 0 0 0 0 0 0 0 1
+2 * 1 0 1
fi=(226)
+3 796 1 1
+7 * 1 1
+3 * 1 0 0 0 0 0 0 0 0 1
+2 * 1 0 1
+3 2024 1 1 0 1 0 0 1
+7 * 1 1
+3 * 1 0 0 0 0 0 0 0 0 1
+2 * 1 0 1
fi=(222)
+3 839 1 1 0 0 1
+7 * 1 1
+3 * 1 0 0 0 0 0 0 0 0 1
+2 * 1 0 1
fe=(273)
+3 160 1 1

fl=(356)
fn=(1528)
0xce4d0 64 523776 0 0 1 0 0 1
+4 * 523776
+3 * 523776
+2 +2 523776
fi=(249)
+4 695 523776 523776
fe=(356)
+3 66 523776 0 523776
+3 +2 523776
+3 * 523776 0 0 0 0 0 0 0 0 523776 2
+10 +2 523776
+3 * 523776 0 0 0 0 0 0 0 0 523776 2
fi=(249)
+9 +17 523776
+2 * 523776 0 0 1 0 0 1
+5 * 523776
fe=(356)
+6 -10 523776
+6 * 523776 0 0 0 0 0 0 0 0 523776
+2 +4 523776
+5 * 523776 0 523776
+3 +4 523776
+3 * 523776 0 0 0 0 0 0 0 0 523776 2
+15 +9 523776
+3 * 523776
+2 * 523776
+3 -1 523776
+6 * 523776 0 0 0 0 0 0 0 0 523776 2
+23 -11 523776 0 0 1 0 0 1
+4 +9 523776
+3 * 523776 0 0 0 0 0 0 0 0 523776 2
+65 +9 523776 0 0 1 0 0 1
+3 * 523776
+4 * 523776 0 523776
+2 +1 523776 0 523776
+3 +1 523776 523776

fl=(355)
fn=(1518) std::ostream::sentry::sentry(std::ostream&)
0x15b140 50 1047555 0 0 1 0 0 1
+4 +5 1047555 1047555
+3 -3 1047555 0 1047555
+3 -2 1047555
+3 +2 1047555 0 1047555
+4 +3 1047555 1047555
+4 * 1047555
fi=(247)
+3 312 1047555 1047555
+7 148 1047555 1047555 0 0 1 0 0 1
fe=(355)
+3 -93 1047555
+3 * 1047555 0 0 0 0 0 0 0 0 1047555 11
+2 * 1
+2 * 1 0 0 0 0 0 0 0 0 1 1
+7 -5 1 0 1
+1 +6 1
+3 -6 1
+3 * 1
+4 * 1 0 1
+4 * 1 0 1
+4 +6 1 1 1 0 0 0 0 0 0 0 0 1 1
cfn=(1705) std::ostream::flush()'2
calls=1 0x15aee0 225 
* * 127 52 20 0 0 2 0 0 0 18 4 4
+6 +2 1 1
+4 * 1 1
+4 * 1 1
+3 * 1 1
fi=(247)
+4 +90 1 1
fe=(355)
+3 -90 1
+3 * 1
+2 * 1 0 0 0 0 0 0 0 0 1
+2 +1 1 0 1
+3 +3 1 1
+1 * 1 1
+10 -4 1047554 0 0 1 0 0 1
+2 * 1047554 0 0 0 0 0 0 0 0 1047554
+2 +1 1047554 0 1047554
+3 * 1047554 1047554

fn=(1519) std::ostream::sentry::sentry(std::ostream&)'2
0x15b140 50 1
+4 +5 1 1
+3 -3 1 0 1
+3 -2 1
+3 +2 1 0 1
+4 +3 1 1
+4 * 1
fi=(247)
+3 312 1 1
+7 148 1 1
fe=(355)
+3 -93 1
+3 * 1 0 0 0 0 0 0 0 0 1 1
+75 +3 1
+2 * 1 0 0 0 0 0 0 0 0 1
+2 +1 1 0 1
+3 * 1 1

fn=(1704)
0x15aee0 225 3 0 0 1 0 0 1
+4 * 3 0 3
+1 * 3
+3 * 3
+4 +8 3 3 0 0 2 0 0 2
+3 -8 3 0 3
fi=(247)
+4 339 3 3 0 0 1 0 0 1
fe=(355)
+4 225 3 3
+9 * 3 0 3 1 0 0 1
+4 * 3
+3 +8 3 3 0 0 2 0 0 2
+9 * 3 0 0 0 0 0 0 0 0 3 1
+6 +2 3
+3 * 3
+4 * 3 3 3 0 1 1 0 0 0 0 0 3 1
cfn=(1518)
calls=3 0x15b140 50 
* * 188 74 33 0 1 2 0 1 0 25 8 5 1
+6 +1 3 3
+4 * 3 0 0 0 0 0 0 0 0 3
+2 +5 3 3
fi=(247)
+3 +98 3 3
+4 * 3 3
fi=(246)
+8 -59 3 3 0 0 2 0 0 2
+3 * 3 3 3 0 1 0 0 1 0 0 0 3 1
cfi=(386)
cfn=(1706) __gnu_cxx::stdio_sync_filebuf<char, std::char_traits<char> >::sync()
calls=3 0x12c570 -87 
* * 216 78 33 9 12 1 9 9 0 33 6 6 2
fe=(355)
+3 -39 3 0 0 1 0 0 1
+3 * 3 0 0 0 0 0 0 0 0 3
+6 * 3 0 3
fi=(253)
+4 577 3 3
+4 * 3 3
+4 * 3 3
+4 * 3
+3 +1 3 3
+4 * 3 0 0 0 0 0 0 0 0 3 2
+6 -1 1 1
+3 * 1
+2 * 1 0 0 0 0 0 0 0 0 1
+2 +1 1 0 1
+4 * 1 1 1 0 0 0 0 0 0 0 0 1 1
cfi=(388) /usr/src/debug/gcc/gcc/libstdc++-v3/libsupc++/eh_catch.cc
cfn=(1716) std::uncaught_exception()
calls=1 0xb5560 138 
* * 29 14 4 4 6 0 4 6 0 2 0 2 2
+6 * 1
+2 * 1 0 0 0 0 0 0 0 0 1
+2 -63 1 1
+4 * 1 0 1 1 0 0 1
fi=(247)
+4 339 1 1
fi=(253)
+7 515 1 1
+4 +1 1 0 1
+7 +69 1
+3 * 1 0 0 0 0 0 0 0 0 1
fi=(246)
+2 280 1 1
+3 * 1 1 1 0 0 0 0 0 0 0 0 1 1
cfi=(386)
cfn=(1706)
calls=1 0x12c570 -87 
* * 72 26 11 0 0 0 0 0 0 11 1 2
fi=(253)
+3 585 1
+3 * 1 0 0 0 0 0 0 0 0 1
+2 -66 1 1
+4 * 1 1
+4 * 1
+3 * 1 0 1
+4 * 1 1
+4 * 1 1
+4 * 1
fe=(355)
+6 256 1 1
+4 * 1 1
+9 * 1 0 0 0 0 0 0 0 0 1
-13 * 2 2
+4 * 2 2
+9 * 2 0 0 0 0 0 0 0 0 2
+6 * 3
+3 * 3 3
+4 * 3 3
+1 * 3 3
+5 * 2 2 0 1 0 0 1
+4 * 2

fn=(1705)
0x15aee0 225 1
+4 * 1 0 1
+1 * 1
+3 * 1
+4 +8 1 1
+3 -8 1 0 1
fi=(247)
+4 339 1 1
fe=(355)
+4 225 1 1
+9 * 1 0 1
+4 * 1
+3 +8 1 1
+9 * 1 0 0 0 0 0 0 0 0 1
+6 +2 1
+3 * 1
+4 * 1 1 1 0 0 1 0 0 0 0 0 1
cfn=(1519)
calls=1 0x15b140 50 
* * 15 5 3 0 0 0 0 0 0 2 1
+6 +1 1 1
+4 * 1 0 0 0 0 0 0 0 0 1
+2 +5 1 1
fi=(247)
+3 +98 1 1
+4 * 1 1
fi=(246)
+8 -59 1 1
+3 * 1 1 1 0 0 0 0 0 0 0 0 1
cfi=(386)
cfn=(1706)
calls=1 0x12c570 -87 
* * 72 26 11 0 0 1 0 0 0 11 3 2
fe=(355)
+3 -39 1
+3 * 1 0 0 0 0 0 0 0 0 1
+6 * 1 0 1
fi=(253)
+4 577 1 1
+4 * 1 1
+4 * 1 1
+4 * 1
+3 +1 1 1
+4 * 1 0 0 0 0 0 0 0 0 1
fe=(355)
+98 256 1 1
+4 * 1 1
+9 * 1 0 0 0 0 0 0 0 0 1
+6 * 1
+3 * 1 1
+4 * 1 1
+1 * 1 1
+5 * 1 1
+4 * 1

fn=(1724)
0x15e820 225 3 0 0 1 0 0 1
+4 * 3 0 3
+1 * 3
+3 * 3
+4 +8 3 3 0 0 3 0 0 3
+3 -8 3 0 3
fi=(247)
+4 339 3 3 0 0 1 0 0 1
fe=(355)
+4 225 3 3
+9 * 3 0 3 1 0 0 1
+4 * 3
+3 +8 3 3 0 0 3 0 0 3
+9 * 3 0 0 0 0 0 0 0 0 3
+6 +2 3
+3 * 3
+4 * 3 3 3 0 0 0 0 0 0 0 0 3 1
cfn=(1726) std::basic_ostream<wchar_t, std::char_traits<wchar_t> >::sentry::sentry(std::basic_ostream<wchar_t, std::char_traits<wchar_t> >&)
calls=3 0x15ea80 50 
* * 188 74 33 2 1 0 2 1 0 25 7 5 1
+6 +1 3 3
+4 * 3 0 0 0 0 0 0 0 0 3
+2 +5 3 3
fi=(247)
+3 +98 3 3
+4 * 3 3
fi=(246)
+8 -59 3 3 0 0 2 0 0 2
+3 * 3 3 3 0 1 0 0 1 0 0 0 3 1
cfi=(386)
cfn=(1728) __gnu_cxx::stdio_sync_filebuf<wchar_t, std::char_traits<wchar_t> >::sync()
calls=3 0x12c580 -87 
* * 216 78 33 1 2 0 1 2 0 33 3 6 1
fe=(355)
+3 -39 3 0 0 1 0 0 1
+3 * 3 0 0 0 0 0 0 0 0 3 1
+6 * 3 0 3
fi=(253)
+4 577 3 3
+4 * 3 3
+4 * 3 3
+4 * 3
+3 +1 3 3
+4 * 3 0 0 0 0 0 0 0 0 3 3
+6 -1 1 1
+3 * 1
+2 * 1 0 0 0 0 0 0 0 0 1
+2 +1 1 0 1
+4 * 1 1 1 0 0 0 0 0 0 0 0 1 1
cfi=(388)
cfn=(1716)
calls=1 0xb5560 138 
* * 29 14 4 0 0 0 0 0 0 2 0 2
+6 * 1
+2 * 1 0 0 0 0 0 0 0 0 1
+2 -63 1 1
+4 * 1 0 1 1 0 0 1
fi=(247)
+4 339 1 1
fi=(253)
+7 515 1 1
+4 +1 1 0 1
+7 +69 1
+3 * 1 0 0 0 0 0 0 0 0 1
fi=(246)
+2 280 1 1
+3 * 1 1 1 0 0 0 0 0 0 0 0 1 1
cfi=(386)
cfn=(1728)
calls=1 0x12c580 -87 
* * 72 26 11 0 0 0 0 0 0 11 1 2
fi=(253)
+3 585 1
+3 * 1 0 0 0 0 0 0 0 0 1
+2 -66 1 1
+4 * 1 1
+4 * 1
+3 * 1 0 1
+4 * 1 1
+4 * 1 1
+4 * 1
fe=(355)
+6 256 1 1
+4 * 1 1
+9 * 1 0 0 0 0 0 0 0 0 1
-13 * 2 2
+4 * 2 2
+9 * 2 0 0 0 0 0 0 0 0 2
+6 * 3
+3 * 3 3
+4 * 3 3
+1 * 3 3
+5 * 2 2 0 1 0 0 1
+4 * 2

fn=(1725) std::basic_ostream<wchar_t, std::char_traits<wchar_t> >::flush()'2
0x15e820 225 1
+4 * 1 0 1
+1 * 1
+3 * 1
+4 +8 1 1
+3 -8 1 0 1
fi=(247)
+4 339 1 1
fe=(355)
+4 225 1 1
+9 * 1 0 1
+4 * 1
+3 +8 1 1
+9 * 1 0 0 0 0 0 0 0 0 1
+6 +2 1
+3 * 1
+4 * 1 1 1 0 0 0 0 0 0 0 0 1
cfn=(1727) std::basic_ostream<wchar_t, std::char_traits<wchar_t> >::sentry::sentry(std::basic_ostream<wchar_t, std::char_traits<wchar_t> >&)'2
calls=1 0x15ea80 50 
* * 15 5 3 0 0 0 0 0 0 2 1
+6 +1 1 1
+4 * 1 0 0 0 0 0 0 0 0 1
+2 +5 1 1
fi=(247)
+3 +98 1 1
+4 * 1 1
fi=(246)
+8 -59 1 1
+3 * 1 1 1 0 0 0 0 0 0 0 0 1
cfi=(386)
cfn=(1728)
calls=1 0x12c580 -87 
* * 72 26 11 0 0 0 0 0 0 11 0 2
fe=(355)
+3 -39 1
+3 * 1 0 0 0 0 0 0 0 0 1 1
+6 * 1 0 1
fi=(253)
+4 577 1 1
+4 * 1 1
+4 * 1 1
+4 * 1
+3 +1 1 1
+4 * 1 0 0 0 0 0 0 0 0 1 1
fe=(355)
+98 256 1 1
+4 * 1 1
+9 * 1 0 0 0 0 0 0 0 0 1
+6 * 1
+3 * 1 1
+4 * 1 1
+1 * 1 1
+5 * 1 1
+4 * 1

fn=(1726)
0x15ea80 50 3 0 0 1 0 0 1
+4 +5 3 3
+3 -3 3 0 3
+3 -2 3
+3 +2 3 0 3
+4 +3 3 3
+4 * 3
fi=(247)
+3 312 3 3
+7 148 3 3 0 0 1 0 0 1
fe=(355)
+3 -93 3
+3 * 3 0 0 0 0 0 0 0 0 3 3
+2 * 1
+2 * 1 0 0 0 0 0 0 0 0 1 1
+7 -5 1 0 1
+1 +6 1
+3 -6 1
+3 * 1
+4 * 1 0 1
+4 * 1 0 1
+4 +6 1 1 1 0 0 0 0 0 0 0 0 1 1
cfn=(1725)
calls=1 0x15e820 225 
* * 127 52 20 0 0 0 0 0 0 18 3 4
+6 +2 1 1
+4 * 1 1
+4 * 1 1
+3 * 1 1
fi=(247)
+4 +90 1 1
fe=(355)
+3 -90 1
+3 * 1
+2 * 1 0 0 0 0 0 0 0 0 1
+2 +1 1 0 1
+3 +3 1 1
+1 * 1 1
+10 -4 2 0 0 1 0 0 1
+2 * 2 0 0 0 0 0 0 0 0 2
+2 +1 2 0 2
+3 * 2 2

fn=(1727)
0x15ea80 50 1
+4 +5 1 1
+3 -3 1 0 1
+3 -2 1
+3 +2 1 0 1
+4 +3 1 1
+4 * 1
fi=(247)
+3 312 1 1
+7 148 1 1
fe=(355)
+3 -93 1
+3 * 1 0 0 0 0 0 0 0 0 1 1
+75 +3 1
+2 * 1 0 0 0 0 0 0 0 0 1
+2 +1 1 0 1
+3 * 1 1

fn=(1516) std::ostream& std::ostream::_M_insert<double>(double)
0x15d790 67 523776 0 0 1 0 0 1
+4 * 523776 0 523776
+1 * 523776
+3 * 523776 0 523776
+2 * 523776
+5 * 523776 0 523776
+2 * 523776 0 523776
+2 * 523776 0 523776
+1 * 523776
+3 * 523776
+4 +3 523776 523776
+9 * 523776 0 523776
+4 * 523776
+3 * 523776
+4 * 523776 523776 523776 1 1 0 1 1 0 0 0 523776 1
cfn=(1518)
calls=523776 0x15b140 -20 
* * 7856640 2618880 1571328 2 0 0 2 0 0 1047552 4
+6 +1 523776 523776
+4 * 523776 0 0 0 0 0 0 0 0 523776
+2 +6 523776 523776
+3 * 523776 523776
+4 * 523776
+3 * 523776 523776
fi=(247)
+7 -25 523776
+3 * 523776 0 0 0 0 0 0 0 0 523776
+6 390 523776 523776
+7 * 523776 0 0 0 0 0 0 0 0 523776
+6 * 523776 523776
fi=(224)
+8 2474 523776
+3 * 523776 523776 0 1 1 0 1 1
+4 * 523776
+5 * 523776
fi=(247)
+3 339 523776 523776
fi=(314)
+7 -52 523776
fi=(224)
+3 2474 523776
+3 * 523776
+4 * 523776
+3 * 523776 523776 523776 0 1 0 0 1 0 0 0 523776 1
cfi=(313)
cfn=(1522)
calls=523776 0x14ac10 1182 
* * 1464950976 338318570 224372445 183 44 143 183 42 19 212608931 4599695 11001797 21
fe=(355)
+3 82 523776
+2 * 523776 0 0 0 0 0 0 0 0 523776
fi=(253)
+6 577 523776 523776
+4 * 523776 523776
+4 * 523776 523776
+4 * 523776
+3 +1 523776 523776
+4 * 523776 0 0 0 0 0 0 0 0 523776 7
fe=(355)
+9 96 523776 523776 0 1 0 0 1
+4 * 523776 523776
+9 * 523776 0 0 0 0 0 0 0 0 523776
+6 * 523776
+4 * 523776
+3 * 523776 523776
+1 * 523776 523776
+2 * 523776 523776
+2 * 523776 523776
+2 * 523776 523776
+1 * 523776 523776

fl=(210) /usr/src/debug/gcc/gcc/libstdc++-v3/src/c++98/globals_io.cc
fn=(726) _GLOBAL__sub_I.00090_globals_io.cc
0xb2a00 118 1 0 0 1 0 0 1
+4 * 1 0 1
+1 -38 1
+7 +38 1
+3 -38 1 1 1 0 1 0 0 0 0 0 0 1 1
cfi=(211)
cfn=(728)
calls=1 0xcbb90 -2 
* * 38697 10948 4649 337 168 148 337 24 115 7173 366 914 171
+6 * 1 1 0 0 1
+7 * 1
+7 +38 1 1
+1 -38 1
+7 * 1 1 0 0 1 0 0 0 0 0 0 1 1
cob=(2)
cfi=(255)
cfn=(900)
calls=1 0x40950 -13 
* * 73 13 16 8 2 2 8 1 0 9 1

fl=(232) /usr/src/debug/gcc/gcc-build/x86_64-pc-linux-gnu/libstdc++-v3/src/c++11/ctype_members.cc
fn=(808) std::ctype<wchar_t>::_M_convert_to_wmask(unsigned short) const
0xf99b0 60 12 0 0 1 0 0 1
+4 +2 12
+5 * 12 0 0 0 0 0 0 0 0 12 1
+6 * 11 0 0 1 0 0 1 0 0 11 2
+2 * 7
+5 * 7 0 0 0 0 0 0 0 0 7 3
+6 * 6 0 0 0 0 0 0 0 0 6 1
+6 * 4
+4 * 4 0 0 0 0 0 0 0 0 4 2
+6 * 3
+4 * 3 0 0 0 0 0 0 0 0 3 1
+6 * 2
+4 * 2 0 0 0 0 0 0 0 0 2
+6 +36 1 1
+4 * 1
+7 * 1 1 0 0 0 0 0 0 0 0 0 1 1
cob=(2)
cfi=(239) /usr/src/debug/glibc/glibc/wctype/wctype_l.c
cfn=(810) wctype_l
calls=1 0x121c50 -72 
* * 522 96 25 2 0 0 2 0 0 92 12 18
+13 -36 4 0 0 1 0 0 1
+5 * 4 0 0 0 0 0 0 0 0 4 1
+6 * 3 0 0 0 0 0 0 0 0 3
+2 * 3
+5 * 3 0 0 0 0 0 0 0 0 3 1
+6 * 2
+5 * 2 0 0 0 0 0 0 0 0 2 1
+6 +6 1 1
+4 * 1
+7 * 1 1 0 0 0 0 0 0 0 0 0 1 1
cob=(2)
cfi=(239)
cfn=(810)
calls=1 0x121c50 -42 
* * 381 76 21 0 0 0 0 0 0 59 3 14
+50 +3 1 1 0 1 0 0 1
+4 * 1
+7 * 1 1 0 0 0 0 0 0 0 0 0 1 1
cob=(2)
cfi=(239)
cfn=(810)
calls=1 0x121c50 -45 
* * 540 106 27 0 0 0 0 0 0 86 2 20
+13 -9 2 0 0 1 0 0 1
+5 * 2 0 0 0 0 0 0 0 0 2 1
+2 * 1
+5 * 1 0 0 0 0 0 0 0 0 1
+2 +18 1 1
+4 * 1
+7 * 1 1 0 0 0 0 0 0 0 0 0 1 1
cob=(2)
cfi=(239)
cfn=(810)
calls=1 0x121c50 -54 
* * 197 42 14 0 1 0 0 1 0 28 7 7
+31 -3 1 1
+4 * 1
+7 * 1 1 0 0 0 0 0 0 0 0 0 1 1
cob=(2)
cfi=(239)
cfn=(810)
calls=1 0x121c50 -51 
* * 144 32 12 1 2 0 1 1 0 19 5 5
+13 -3 1 1 0 1 0 0 1
+4 * 1
+7 * 1 1 0 0 1 0 0 0 0 0 0 1 1
cob=(2)
cfi=(239)
cfn=(810)
calls=1 0x121c50 -48 
* * 91 22 10 7 6 0 7 2 0 10 2 3 2
+13 +9 1 1
+4 * 1
+7 * 1 1 0 0 0 0 0 0 0 0 0 1 1
cob=(2)
cfi=(239)
cfn=(810)
calls=1 0x121c50 -57 
* * 250 52 16 0 0 0 0 0 0 37 3 9
+13 +21 2
+2 * 2 2
+6 -39 1 1
+4 * 1
+7 * 1 1 0 0 0 0 0 0 0 0 0 1 1
cob=(2)
cfi=(239)
cfn=(810)
calls=1 0x121c50 -39 
* * 328 66 19 0 1 0 0 1 0 50 7 12
+13 +24 1 1 0 1 0 0 1
+4 * 1
+7 * 1 1 0 0 0 0 0 0 0 0 0 1 1
cob=(2)
cfi=(239)
cfn=(810)
calls=1 0x121c50 -63 
* * 191 38 14 0 0 0 0 0 0 26 10 7
+13 -3 1 1
+4 * 1 0 0 1 0 0 1
+7 * 1 1 0 0 0 0 0 0 0 0 0 1 1
cob=(2)
cfi=(239)
cfn=(810)
calls=1 0x121c50 -60 
* * 629 118 29 0 0 0 0 0 0 110 4 22

fn=(794) std::ctype<wchar_t>::_M_initialize_ctype()
0xfa0a0 282 1 0 0 1 0 0 1
+4 * 1 0 1
+1 * 1
+3 * 1 0 1
+2 * 1 0 1
+2 * 1 0 1
+2 * 1
+3 * 1 0 1
+1 +2 1 1
+4 * 1
+2 * 1 1 1 0 1 0 0 0 0 0 0 1 1
cob=(2)
cfi=(233) /usr/src/debug/glibc/glibc/locale/uselocale.c
cfn=(796) uselocale
calls=1 0x361c0 30 
* * 22 9 4 2 0 0 2 0 0 1
+6 * 1 0 0 1 0 0 1
+3 +3 1
+7 +6 128 0 128 0 0 2 0 0 2
+5 -6 128
+4 * 128
+7 * 128 0 0 0 0 0 0 0 0 128 1
fi=(234) /usr/include/wchar.h
+6 +89 128
+2 * 128 128 128 0 1 0 0 0 0 0 0 128 1
cob=(2)
cfi=(235) /usr/src/debug/glibc/glibc/wcsmbs/wctob.c
cfn=(800) wctob
calls=128 0xd2290 30 
* * 2432 640 256 2 0 0 2 0 0 384 1
fe=(232)
+6 -86 128
+3 * 128 0 0 0 0 0 0 0 0 128 3
+4 +5 1 0 1
+5 +4 1
+2 * 1
+1 * 1
fi=(234)
+11 +71 1 0 0 1 0 0 1
+2 * 1 1 1 0 1 0 0 0 0 0 0 1 1
cob=(2)
cfi=(236) /usr/src/debug/glibc/glibc/wcsmbs/btowc.c
cfn=(802) btowc
calls=1 0xc1d70 32 
* * 20 5 2 3 0 0 3 0 0 4
-2 * 255
+2 * 255 255 255 0 0 0 0 0 0 0 0 255
cob=(2)
cfi=(236)
cfn=(802)
calls=255 0xc1d70 32 
* * 9580 3323 1022 4 5 0 4 0 0 1660 8 128 1
fe=(232)
+6 -69 256 0 256 0 0 16 0 0 16
+8 -2 256
+4 +1 256
+7 * 256 0 0 0 0 0 0 0 0 256 6
+2 +3 1
+3 +2 1
+5 * 1
+3 * 1
+2 * 1
+4 * 1 0 0 0 0 0 0 0 0 1
-14 * 3
+5 * 3
+3 * 3
+2 * 3
+4 * 3 0 0 0 0 0 0 0 0 3 3
+2 * 8
+3 +1 8
+3 -1 8 0 8
+9 +1 8 0 0 1 0 0 1
+3 * 8 8 8 0 1 0 0 0 0 0 0 8 1
cfn=(808)
calls=8 0xf99b0 60 
* * 1671 343 106 14 11 0 14 5 0 264 45 64 9
+6 -1 8
+5 +1 8 0 8 0 0 1 0 0 1
+8 -3 8
+4 +2 8
+3 * 8
+2 * 8
+4 * 8 0 0 0 0 0 0 0 0 8 2
+2 * 4
+3 +1 4
+3 -1 4 0 4
+9 +1 4
+3 * 4 4 4 0 0 0 0 0 0 0 0 4 1
cfn=(808)
calls=4 0xf99b0 60 
* * 1748 327 81 4 0 0 4 0 0 313 24 63 3
+6 * 4 0 4 0 0 1 0 0 1
+8 -3 4
+4 * 4
+4 * 4 0 0 0 0 0 0 0 0 4 3
+2 +8 1 1
+1 -2 1
+3 +2 1 1
+2 * 1 1
+2 * 1 1
+2 * 1 1
+1 -2 1 1 0 0 0 0 0 0 0 0 0 1 1
cob=(2)
cfi=(233)
cfn=(796)
calls=1 0x361c0 30 
* * 22 9 4 0 1 0 0 0 0 1
+6 -22 1 0 0 1 0 0 1
+5 * 1

fn=(896) std::ctype<wchar_t>::do_widen(char) const
0xf9ed0 205 4 0 0 1 0 0 1
+4 * 4
+4 * 4 4
+7 * 4 4

fl=(385) /usr/src/debug/gcc/gcc-build/x86_64-pc-linux-gnu/libstdc++-v3/include/bits/shared_ptr_atomic.h
fn=(1698) std::atomic<std::shared_ptr<std::chrono::tzdb_list::_Node> >::~atomic()
0x1e6480 660 1 0 0 1 0 0 1
fi=(399) /usr/src/debug/gcc/gcc-build/x86_64-pc-linux-gnu/libstdc++-v3/include/bits/atomic_base.h
+4 1156 1 1 0 0 1 0 0 1
fe=(385)
+4 426 1
+4 * 1 0 0 0 0 0 0 0 0 1
+2 +1 1
+3 * 1 0 0 0 0 0 0 0 0 1
+2 * 1 1

fl=(228) /usr/src/debug/gcc/gcc-build/x86_64-pc-linux-gnu/libstdc++-v3/include/x86_64-pc-linux-gnu/bits/time_members.h
fn=(786) std::__timepunct<char>::__timepunct(std::__timepunct_cache<char>*, unsigned long)
0x146230 48 1 0 0 1 0 0 1
+4 * 1 0 1
fi=(222)
+1 437 1
fe=(228)
+2 48 1
+3 * 1
fi=(222)
+4 437 1 0 0 1 0 0 1
+3 * 1
fe=(228)
+3 48 1 0 1
+4 * 1
fi=(222)
+3 437 1 0 1
fe=(228)
+3 50 1 1 0 0 1
+7 -1 1 0 1
+4 +1 1
+4 -1 1 0 1
+8 +1 1 0 1
+3 * 1 1 1 0 0 0 0 0 0 0 0 1 1
cfi=(215)
cfn=(742)
calls=1 0xcd6c0 233 
* * 3 1
+6 +1 1
+2 * 1
+3 -1 1 0 1
+4 +1 1 1 1 0 1 0 0 0 0 0 0 1 1
cfi=(229) /usr/src/debug/gcc/gcc-build/x86_64-pc-linux-gnu/libstdc++-v3/src/c++98/time_members.cc
cfn=(788) std::__timepunct<char>::_M_initialize_timepunct(__locale_struct*)
calls=1 0xdb5a0 +15 
* * 152 38 34 14 3 0 14 0 0 4 1 2
+6 * 1 1 0 1 0 0 1
+4 * 1 1
+1 * 1 1

fn=(826) std::__timepunct<wchar_t>::__timepunct(std::__timepunct_cache<wchar_t>*, unsigned long)
0x176610 48 1 0 0 1 0 0 1
+4 * 1 0 1
fi=(222)
+1 437 1
fe=(228)
+2 48 1
+3 * 1
fi=(222)
+4 437 1
+3 * 1
fe=(228)
+3 48 1 0 1
+4 * 1
fi=(222)
+3 437 1 0 1 0 0 1 0 0 1
fe=(228)
+3 50 1 1 0 0 1
+7 -1 1 0 1
+4 +1 1
+4 -1 1 0 1 1 0 0 1
+8 +1 1 0 1
+3 * 1 1 1 0 0 0 0 0 0 0 0 1 1
cfi=(215)
cfn=(742)
calls=1 0xcd6c0 233 
* * 3 1
+6 +1 1
+2 * 1
+3 -1 1 0 1
+4 +1 1 1 1 0 1 0 0 0 0 0 0 1 1
cfi=(229)
cfn=(828) std::__timepunct<wchar_t>::_M_initialize_timepunct(__locale_struct*)
calls=1 0xdbe80 222 
* * 148 38 33 13 3 0 13 0 0 4 1 2 1
+6 * 1 1
+4 * 1 1
+1 * 1 1

fl=(224)
fn=(1176) std::num_get<char, std::istreambuf_iterator<char, std::char_traits<char> > >::do_get(std::istreambuf_iterator<char, std::char_traits<char> >, std::istreambuf_iterator<char, std::char_traits<char> >, std::ios_base&, std::_Ios_Iostate&, unsigned int&) const
0x1559b0 2238 1 0 0 1 0 0 1
+4 +2 1 1 0 0 1 0 0 0 0 0 0 1 1
cfi=(313)
cfn=(1178)
calls=1 0x154e50 378 
* * 380 101 53 24 1 0 24 1 0 70 14 1 1

fl=(243) /usr/src/debug/gcc/gcc/libstdc++-v3/src/c++11/cow-locale_init.cc
fn=(834) std::locale::_Impl::_M_init_extra(std::locale::facet**)
0xebf10 100 1 0 0 1 0 0 1
+4 * 1 0 1
+1 * 1
+3 * 1 0 1
+2 * 1 0 1
+2 * 1 0 1
+2 * 1
+3 * 1 0 1
+2 * 1 0 1
+1 * 1
fi=(224)
+3 1720 1
fe=(243)
+7 100 1
+4 +3 1 1
+4 -2 1 1
+3 +1 1 1
fi=(224)
+4 1720 1
fi=(222)
+2 437 1 0 1 1 0 1 1 0 1
fe=(243)
+10 103 1 0 1
fi=(224)
+4 1719 1 1
+7 * 1 0 1 0 0 1 0 0 1
+7 * 1
+4 * 1 0 1
+7 +1 1 1 1 0 1 0 0 0 0 0 0 1 1
cfi=(244)
cfn=(836)
calls=1 0xd7fe0 92 
* * 416 136 74 7 0 0 7 0 0 64 17
fi=(212)
+6 57 1 1
+7 +94 1 1
+5 * 1 0 0 0 0 0 0 0 0 1
+6 -20 1 0 1 1 0 0 1
fi=(222)
+7 660 1 1
+4 * 1 1 0 0 1
+7 * 1 0 1
+4 * 1 1 1 0 0 0 0 0 0 0 0 1 1
cfi=(215)
cfn=(768)
calls=1 0xcdbe0 507 
* * 15 5 2 0 0 0 0 0 0 2
+6 * 1 1
+4 * 1
+7 * 1 0 1
+4 +56 1 1
+7 437 1 0 1
+10 716 1
+4 * 1 0 1 1 0 0 1
+7 * 1 1 1 0 0 0 0 0 0 0 0 1 1
cfi=(215)
cfn=(746)
calls=1 0xcd670 221 
* * 18 6 2 0 0 0 0 0 0 2 0 1 1
+6 * 1 0 1
fi=(212)
+7 151 1 1
+5 * 1 0 0 0 0 0 0 0 0 1
+6 -20 1 0 1
fi=(222)
+7 660 1 1
+4 * 1 1 0 0 1
+7 * 1 0 1
+4 * 1 1 1 0 0 0 0 0 0 0 0 1 1
cfi=(215)
cfn=(768)
calls=1 0xcdbe0 507 
* * 15 5 2 0 0 0 0 0 0 2 1
+6 * 1 1
fi=(226)
+4 1108 1
fi=(222)
+2 660 1 0 0 1 0 0 1
fi=(226)
+7 1108 1
fi=(222)
+7 660 1 0 1
fi=(226)
+4 1107 1 1 0 0 1
+7 +1 1
fi=(222)
+2 437 1 0 1 0 0 1 0 0 1
fi=(226)
+10 1107 1
+4 * 1 0 1
+7 * 1 0 1
+7 +1 1 1 1 0 1 0 0 0 0 0 0 1 1
cfi=(245)
cfn=(842)
calls=1 0xd6620 372 
* * 107 35 28 5 0 0 5 0 0 13 7
fi=(212)
+6 151 1 1 0 1 0 0 1
+5 * 1 0 0 0 0 0 0 0 0 1
+6 -20 1 0 1
fi=(222)
+7 660 1 1
+4 * 1 1 0 0 1
+7 * 1 0 1
+4 * 1 1 1 0 0 0 0 0 0 0 0 1 1
cfi=(215)
cfn=(768)
calls=1 0xcdbe0 507 
* * 15 5 2 0 0 0 0 0 0 2
+6 * 1 1
+4 * 1
fi=(226)
+7 1108 1
fi=(222)
+7 660 1 0 1
fi=(226)
+4 1107 1 1 0 0 1
+7 +1 1 0 0 1 0 0 1
+2 * 1
fi=(222)
+2 437 1 0 1
fi=(226)
+10 1107 1
+4 * 1 0 1
+7 * 1 1
+4 * 1 0 1
+7 +1 1 1 1 0 1 0 0 0 0 0 0 1 1
cfi=(245)
cfn=(844)
calls=1 0xd60e0 216 
* * 109 35 28 6 0 0 6 0 0 13 6
fi=(212)
+6 151 1 1
+5 * 1 0 0 0 0 0 0 0 0 1
+6 -20 1 0 1
fi=(222)
+7 660 1 1
+4 * 1 1 0 1 1 0 1
+7 * 1 0 1
+4 * 1 1 1 0 0 0 0 0 0 0 0 1 1
cfi=(215)
cfn=(768)
calls=1 0xcdbe0 507 
* * 15 5 2 0 0 0 0 0 0 2
+6 * 1 1
+4 * 1
+7 * 1 0 1
fi=(226)
+4 1530 1 1 0 0 1
fi=(222)
+7 437 1 0 1
fi=(226)
+10 1530 1
+4 * 1 0 1
fi=(212)
+7 151 1 1 0 1 0 0 1
+5 * 1 0 0 0 0 0 0 0 0 1
+6 -19 1 0 1
fi=(222)
+10 660 1 1
+4 * 1 1 0 0 1
+7 * 1 0 1
+4 * 1 1 1 0 0 0 0 0 0 0 0 1 1
cfi=(215)
cfn=(768)
calls=1 0xcdbe0 507 
* * 15 5 2 0 0 0 0 0 0 2
+6 * 1 1
+4 * 1
+7 * 1 0 1
fi=(226)
+4 1690 1 1
fi=(222)
+7 437 1 0 1 1 0 0 1
fi=(226)
+10 1690 1
+4 * 1 0 1
fi=(212)
+7 151 1 1
+5 * 1 0 0 0 0 0 0 0 0 1
+6 -19 1 0 1
fi=(222)
+10 660 1 1
+4 * 1 1
+7 * 1 0 1
+4 * 1 1 1 0 0 0 0 0 0 0 0 1 1
cfi=(215)
cfn=(768)
calls=1 0xcdbe0 507 
* * 15 5 2 0 0 0 0 0 0 2 1
+6 * 1 1
+4 * 1 0 0 1 0 0 1
+7 * 1 0 1
fi=(226)
+4 422 1 1
fi=(222)
+7 +15 1 0 1
fi=(226)
+10 -15 1
+4 * 1 0 1
fi=(212)
+7 151 1 1
+5 * 1 0 0 0 0 0 0 0 0 1
+6 -19 1 0 1
fi=(222)
+10 660 1 1
+4 * 1 1 0 1 0 0 1
+7 * 1 0 1
+4 * 1 1 1 0 0 0 0 0 0 0 0 1 1
cfi=(215)
cfn=(768)
calls=1 0xcdbe0 507 
* * 15 5 2 0 0 0 0 0 0 2
+6 * 1 1
+4 * 1
fe=(243)
+7 112 1
fi=(222)
+7 660 1 0 1
fe=(243)
+4 112 1
+5 * 1 1 1 0 0 0 0 0 0 0 0 1 1
cfi=(230)
cfn=(846)
calls=1 0x146ea0 -68 
* * 41 13 10 2 0 1 2 0 1 2 1 3 2
fi=(212)
+6 +39 1 1
+5 * 1 0 0 0 0 0 0 0 0 1
+6 -20 1 0 1 1 0 0 1
fi=(222)
+7 660 1 1
+4 * 1 1
+7 * 1 0 1
+4 * 1 1 1 0 0 0 0 0 0 0 0 1 1
cfi=(215)
cfn=(768)
calls=1 0xcdbe0 507 
* * 15 5 2 0 0 0 0 0 0 2
+6 * 1 1
fi=(224)
+4 1720 1
fi=(222)
+2 660 1
fi=(224)
+7 1720 1
fi=(222)
+7 660 1 0 1
fe=(243)
+4 115 1 1
fi=(222)
+4 437 1 0 1 0 0 1 0 0 1
fe=(243)
+10 114 1 1 0 1 0 0 1
+4 +1 1 0 1
fi=(224)
+4 1719 1 1
fe=(243)
+7 114 1 0 1
+4 +2 1 1
fi=(224)
+4 1719 1
+4 * 1 0 1
+7 * 1 0 1
+7 +1 1 1 1 0 1 0 0 0 0 0 0 1 1
cfi=(244)
cfn=(848)
calls=1 0xd8360 183 
* * 350 72 73 6 0 0 6 0 0 64 15
fi=(212)
+6 151 1 1
+5 * 1 0 0 0 0 0 0 0 0 1
+6 -20 1 0 1
fi=(222)
+7 660 1 1 0 1 0 0 1
+4 * 1 1 0 0 1
+7 * 1 0 1
+4 * 1 1 1 0 0 0 0 0 0 0 0 1 1
cfi=(215)
cfn=(768)
calls=1 0xcdbe0 507 
* * 15 5 2 0 0 0 0 0 0 2
+6 * 1 1
+4 * 1
+7 * 1 0 1
+4 +56 1 1
+7 437 1 0 1
+10 716 1
+4 * 1 0 1
+7 * 1 1 1 1 0 0 1 0 0 0 0 1 1
cfi=(215)
cfn=(746)
calls=1 0xcd670 221 
* * 18 6 2 0 0 0 0 0 0 2 0 1
+6 * 1 0 1
fi=(212)
+7 151 1 1
+5 * 1 0 0 0 0 0 0 0 0 1
+6 -20 1 0 1
fi=(222)
+7 660 1 1
+4 * 1 1 0 0 1
+7 * 1 0 1
+4 * 1 1 1 0 0 0 0 0 0 0 0 1 1
cfi=(215)
cfn=(768)
calls=1 0xcdbe0 507 
* * 15 5 2 0 0 0 0 0 0 2
+6 * 1 1
fi=(226)
+4 1108 1
fi=(222)
+2 660 1
fi=(226)
+7 1108 1 0 0 1 0 0 1
fi=(222)
+7 660 1 0 1
fi=(226)
+4 1107 1 1 0 0 1
+7 +1 1
fi=(222)
+2 437 1 0 1 0 0 1 0 0 1
fi=(226)
+10 1107 1
+4 * 1 0 1
+7 * 1 1
+4 * 1 0 1
+7 +1 1 1 1 0 0 0 0 0 0 0 0 1 1
cfi=(245)
cfn=(850)
calls=1 0xd73e0 741 
* * 102 26 28 6 0 0 6 0 0 14 8
fi=(212)
+6 151 1 1
+5 * 1 0 0 1 0 0 1 0 0 1
+6 -20 1 0 1
fi=(222)
+7 660 1 1
+4 * 1 1 0 0 1
+7 * 1 0 1
+4 * 1 1 1 0 0 0 0 0 0 0 0 1 1
cfi=(215)
cfn=(768)
calls=1 0xcdbe0 507 
* * 15 5 2 0 0 0 0 0 0 2
+6 * 1 1
+4 * 1
fi=(226)
+7 1108 1
fi=(222)
+7 660 1 0 1
fi=(226)
+4 1107 1 1 0 0 1
+7 +1 1
+2 * 1 0 0 1 0 0 1
fi=(222)
+2 437 1 0 1
fi=(226)
+10 1107 1
+4 * 1 0 1
+7 * 1 0 1
+7 +1 1 1 1 0 0 0 0 0 0 0 0 1 1
cfi=(245)
cfn=(852)
calls=1 0xd6dc0 558 
* * 102 26 28 5 0 0 5 0 0 14 7
fi=(212)
+6 151 1 1
+5 * 1 0 0 0 0 0 0 0 0 1
+6 -20 1 0 1
fi=(222)
+7 660 1 1
+4 * 1 1 0 1 1 0 1
+7 * 1 0 1
+4 * 1 1 1 0 0 0 0 0 0 0 0 1 1
cfi=(215)
cfn=(768)
calls=1 0xcdbe0 507 
* * 15 5 2 0 0 0 0 0 0 2
+6 * 1 1
+4 * 1
+7 * 1 0 1
fi=(226)
+4 1530 1 1 0 0 1
fi=(222)
+7 437 1 0 1
fi=(226)
+10 1530 1
+4 * 1 0 1
fi=(212)
+7 151 1 1
+5 * 1 0 0 1 0 0 1 0 0 1
+6 -19 1 0 1
fi=(222)
+10 660 1 1
+4 * 1 1 0 0 1
+7 * 1 0 1
+4 * 1 1 1 0 0 0 0 0 0 0 0 1 1
cfi=(215)
cfn=(768)
calls=1 0xcdbe0 507 
* * 15 5 2 0 0 0 0 0 0 2 1
+6 * 1 1
+4 * 1
+7 * 1 0 1
fi=(226)
+4 1690 1 1
fi=(222)
+7 437 1 0 1 0 0 1 0 0 1
fi=(226)
+10 1690 1 0 0 1 0 0 1
+4 * 1 0 1
fi=(212)
+7 151 1 1
+5 * 1 0 0 0 0 0 0 0 0 1
+6 -19 1 0 1
fi=(222)
+10 660 1 1
+4 * 1 1 0 0 1
+7 * 1 0 1
+4 * 1 1 1 0 0 0 0 0 0 0 0 1 1
cfi=(215)
cfn=(768)
calls=1 0xcdbe0 507 
* * 15 5 2 0 0 0 0 0 0 2
+6 * 1 1
+4 * 1
+7 * 1 0 1 1 0 0 1
fi=(226)
+4 422 1 1
fi=(222)
+7 +15 1 0 1
fi=(226)
+10 -15 1
+4 * 1 0 1
fi=(212)
+7 151 1 1
+5 * 1 0 0 0 0 0 0 0 0 1
+6 -19 1 0 1
fi=(222)
+10 660 1 1
+4 * 1 1
+7 * 1 0 1 1 0 0 1
+4 * 1 1 1 0 0 0 0 0 0 0 0 1 1
cfi=(215)
cfn=(768)
calls=1 0xcdbe0 507 
* * 15 5 2 0 0 0 0 0 0 2
+6 * 1 1
+4 * 1
fe=(243)
+7 125 1
fi=(222)
+7 660 1 0 1
fe=(243)
+4 125 1
+5 * 1 1 1 0 0 0 0 0 0 0 0 1 1
cfi=(230)
cfn=(854)
calls=1 0x1770a0 -81 
* * 41 13 10 2 0 0 2 0 0 2 1 3
fi=(212)
+6 +26 1 1
+5 * 1 0 0 0 0 0 0 0 0 1
+6 -20 1 0 1
fi=(222)
+7 660 1 1 0 1 0 0 1
+4 * 1 1
+7 * 1 1 1 0 0 0 0 0 0 0 0 1 1
cfi=(215)
cfn=(768)
calls=1 0xcdbe0 507 
* * 15 5 2 0 0 0 0 0 0 2
+6 * 1
fe=(243)
+7 129 1 1
fi=(222)
+7 660 1 0 1
fe=(243)
+4 129 1 1
+4 * 1 1 1 0 0 0 0 0 0 0 0 1 1
cfi=(215)
cfn=(768)
calls=1 0xcdbe0 507 
* * 6 2 0 0 0 0 0 0 0 1 1
+6 +1 1 1
+7 -1 1 0 1
+4 +1 1 1
+4 * 1 1 1 0 0 0 0 0 0 0 0 1 1
cfi=(215)
cfn=(768)
calls=1 0xcdbe0 507 
* * 6 2 0 0 0 0 0 0 0 1 1
+6 +1 1 1 0 1 0 0 1
+7 -1 1 0 1
+4 +1 1 1
+4 * 1 1 1 0 0 0 0 0 0 0 0 1 1
cfi=(215)
cfn=(768)
calls=1 0xcdbe0 507 
* * 6 2 0 0 0 0 0 0 0 1 1
+6 * 1 1
+4 +2 1 1
+7 -2 1 0 1
+4 +2 1 1
+4 * 1 1 1 0 0 0 0 0 0 0 0 1 1
cfi=(215)
cfn=(768)
calls=1 0xcdbe0 507 
* * 6 2 0 0 0 0 0 0 0 1
+6 * 1 1
+4 +1 1 1
+7 -1 1 0 1
+4 +1 1 1
+4 * 1 1 1 1 0 0 1 0 0 0 0 1 1
cfi=(215)
cfn=(768)
calls=1 0xcdbe0 507 
* * 6 2 0 0 0 0 0 0 0 1 1
+6 * 1 1
+4 +1 1 1
+4 * 1 1
+7 -1 1 0 1
+4 +1 1 1 1 0 0 0 0 0 0 0 0 1 1
cfi=(215)
cfn=(768)
calls=1 0xcdbe0 507 
* * 6 2 0 0 0 0 0 0 0 1 1
+6 * 1 0 1
+4 +2 1
+4 * 1 1
+1 * 1 1
+2 * 1 1
+2 * 1 1
+2 * 1 1
+2 * 1 1
+1 * 1 1

fl=(294)
fn=(1618) std::basic_filebuf<char, std::char_traits<char> >::_M_convert_to_external(char*, long)
0x12f140 610 1 0 0 1 0 0 1
+4 * 1 0 1
+1 * 1
+3 * 1 0 1
+2 * 1 0 1
+2 * 1 0 1
+2 * 1 0 1
+2 * 1 0 1
+1 * 1
+4 * 1 1
+9 * 1 0 1
+4 * 1
+3 +6 1 1
fi=(247)
+7 52 1
+3 * 1 0 0 0 0 0 0 0 0 1
fi=(242) /usr/src/debug/gcc/gcc-build/x86_64-pc-linux-gnu/libstdc++-v3/include/bits/codecvt.h
+6 219 1 1
+3 * 1
+3 * 1
+3 * 1 1 1 1 0 0 1 0 0 0 0 1 1
cfi=(223) /usr/src/debug/gcc/gcc/libstdc++-v3/src/c++98/codecvt.cc
cfn=(1158) std::codecvt<char, char, __mbstate_t>::do_always_noconv() const
calls=1 0xc7dd0 100 
* * 3 1
fe=(294)
+3 616 1
+2 * 1 0 0 0 0 0 0 0 0 1 1
0x12f227 +30 1 0 0 1 0 0 1
+5 * 1
+3 * 1
+3 * 1 1 1 0 1 0 0 1 0 0 0 1 1
cfi=(295)
cfn=(1622)
calls=1 0xfa570 356 
* * 74 26 14 3 1 0 3 1 0 6 3 3 2
+6 +22 1
+3 * 1
+3 +1 1 1 0 1 0 0 1
+4 * 1 1
+9 * 1 0 0 0 0 0 0 0 0 1
+6 * 1
+4 * 1 1
+1 * 1 1
+2 * 1 1
+2 * 1 1
+2 * 1 1
+2 * 1 1
+1 * 1 1

fn=(1432) std::basic_filebuf<char, std::char_traits<char> >::close()
0x12f530 253 3 0 0 2 0 0 2
+4 * 3 0 3
+1 * 3
+3 * 3
+4 * 3 0 3
+4 * 3 0 0 2 0 0 2
fi=(305) /usr/src/debug/gcc/gcc-build/x86_64-pc-linux-gnu/libstdc++-v3/include/fstream
+3 +26 3
+4 * 3 3 3 0 2 0 0 0 0 0 0 3 1
cfi=(295)
cfn=(1086)
calls=3 0xfa290 +25 
* * 12 6
fe=(294)
+6 -23 3
+2 * 3 0 0 0 0 0 0 0 0 3 1
+6 +24 2
+3 * 2 2 2 0 2 0 0 1 0 0 0 2 1
cfn=(1434) std::basic_filebuf<char, std::char_traits<char> >::_M_terminate_output()
calls=2 0x12f3a0 952 
* * 232 83 44 15 3 0 15 3 0 25 9 8 7
+6 * 2 0 2
+4 -10 2
+3 +10 2
+3 -12 2 0 2
+7 +1 2 0 2
+7 +1 2 2 2 0 2 0 0 1 0 0 0 2 1
cfn=(1436) std::basic_filebuf<char, std::char_traits<char> >::_M_destroy_internal_buffer()
calls=2 0x12f0c0 68 
* * 292 80 56 10 10 0 10 1 0 46 8 6 1
+6 +4 2 2
+4 -3 2 0 0 2 0 0 2
+2 +19 2
fi=(305)
+4 511 2 2
fe=(294)
+8 271 2 0 2
fi=(246)
+7 572 2 0 2
+8 * 2
+4 * 2 0 2
+5 -1 2
+4 * 2
fe=(294)
+4 274 2 0 2
+7 * 2 0 2
+7 * 2 0 2
fi=(246)
+4 571 2 0 2 2 0 0 2
fe=(294)
+4 290 2 2 2 0 2 0 0 1 0 0 0 2 1
cfi=(295)
cfn=(1438)
calls=2 0xfa4a0 +28 
* * 736 220 132 73 27 2 69 4 0 110 42 10 5
+6 +3 2
+4 * 2 0 0 0 0 0 0 0 0 2
+2 * 2
+3 * 2 0 0 0 0 0 0 0 0 2 1
+2 +3 2
+3 * 2 2
+4 +1 2 2
+4 * 2 2
+1 * 2 2
+23 * 1 1
+4 -40 1
+2 +40 1 1
+1 * 1 1

fn=(1084) std::basic_filebuf<char, std::char_traits<char> >::open(char const*, std::_Ios_Openmode)
0x12f8f0 183 2 0 0 2 0 0 2
+4 * 2 0 2
+1 * 2
+3 * 2
+4 * 2 0 2
+4 * 2 0 0 2 0 0 2
fi=(305)
+3 +96 2
fe=(294)
+4 -96 2 0 2
+4 * 2
+3 * 2 0 2
+4 * 2
fi=(305)
+3 +96 2 2 2 0 1 0 0 1 0 0 0 2 1
cfi=(295)
cfn=(1086)
calls=2 0xfa290 +25 
* * 8 4
fe=(294)
+6 -92 2
+2 * 2 0 0 0 0 0 0 0 0 2
+6 +2 2
+4 * 2
+5 * 2
+3 * 2
+3 * 2 2 2 0 1 0 0 0 0 0 0 2 1
cfi=(295)
cfn=(1088)
calls=2 0xfa3f0 +66 
* * 1161 259 247 93 21 21 93 17 19 129 39 10 7
fi=(305)
+6 +90 2
+4 * 2 2 2 2 0 0 2 0 0 0 0 2 1
cfi=(295)
cfn=(1086)
calls=2 0xfa290 +25 
* * 8 4
fe=(294)
+6 -89 2
+2 * 2 0 0 0 0 0 0 0 0 2
+6 +2 2
+3 * 2 2 2 0 1 0 0 1 0 0 0 2 2
cfn=(1128) std::basic_filebuf<char, std::char_traits<char> >::_M_allocate_internal_buffer()
calls=2 0x12f070 54 
* * 354 81 47 5 8 1 5 1 1 57 20 6 2
+6 +4 2
fi=(305)
+2 511 2 2
fe=(294)
+8 193 2 0 2
+4 +3 2 0 2
+7 +5 2 2
+4 * 2
+4 * 2 0 2
fi=(246)
+5 571 2
+4 * 2
+4 +1 2 0 2 2 0 0 2
fe=(294)
+8 201 2 0 2
+7 * 2 0 2
fi=(249)
+7 -55 2 0 2
fi=(246)
+4 571 2 0 2
fe=(294)
+4 205 2
+4 * 2 0 0 0 0 0 0 0 0 2 2
+27 +4 2
+3 +4 2 2 0 2 0 0 2
+4 * 2 2
+4 * 2 2
+4 * 2 2
+1 * 2 2

fn=(1128)
0x12f070 54 2 0 0 2 0 0 2
+4 +5 2 2
+7 * 2 0 0 0 0 0 0 0 0 2
+2 * 2 2 0 2 0 0 2
+8 * 2 0 0 0 0 0 0 0 0 2 2
+11 -5 2 0 2
+1 * 2
+3 * 2
+3 * 2
+4 +7 2 2
+7 * 2 0 2
+4 * 2 2 2 0 1 0 0 1 0 0 0 2 1
cfi=(306) /usr/src/debug/gcc/gcc/libstdc++-v3/libsupc++/new_opv.cc
cfn=(1130) operator new[](unsigned long)
calls=2 0xb6f90 -30 
* * 320 67 37 1 7 1 1 0 1 53 18 4 1
+6 * 2 2
+4 * 2 0 2
+7 +1 2 0 2
+7 +2 2 2
+1 * 2 2

fn=(1436)
0x12f0c0 68 2 0 0 2 0 0 2
+4 * 2 0 2
+1 * 2
+3 * 2 0 2
+1 * 2
+3 * 2
+4 +3 2 2
+7 * 2 0 0 0 0 0 0 0 0 2
+2 +2 2 2
+7 * 2
+3 * 2 0 0 0 0 0 0 0 0 2
+2 * 2 2 2 0 2 0 0 1 0 0 0 2 1
cfi=(344) /usr/src/debug/gcc/gcc/libstdc++-v3/libsupc++/del_opv.cc
cfn=(1384) operator delete[](void*)
calls=2 0xb4e10 -39 
* * 244 66 40 6 8 0 6 0 0 40 6 4
+6 +1 2 0 2
+11 +1 2 0 2
+7 +2 2 2 0 2 0 0 2
+7 * 2
+3 * 2 0 0 0 0 0 0 0 0 2 2
+8 +1 2 0 2
+11 +2 2
+4 -1 2 0 2
+11 +1 2 0 2
+7 +2 2 2
+4 * 2 2
+1 * 2 2

fn=(1576)
0x12dc00 759 1047552 0 0 1 0 0 1
+4 * 1047552 0 1047552
+1 * 1047552
+3 * 1047552 0 1047552
+2 * 1047552 0 1047552
+2 * 1047552 0 1047552
+1 * 1047552
+3 * 1047552
+4 +8 1047552 1047552
+4 +1 1047552 1047552
+7 -1 1047552
fi=(247)
+4 52 1047552
+3 * 1047552 0 0 0 0 0 0 0 0 1047552
fi=(242)
+6 219 1047552 1047552
+3 * 1047552 0 1047552
+4 -1 1047552
+3 +1 1047552 1047552 1047552 0 1 0 0 1 0 0 0 1047552 1
cfi=(223)
cfn=(1158)
calls=1047552 0xc7dd0 100 
* * 3142656 1047552 0 1 0 0 1
fe=(294)
+3 769 1047552 1047552
+4 * 1047552
+2 * 1047552 0 0 1 0 0 1 0 0 1047552
+2 * 1047552
+3 * 1047552 0 0 0 0 0 0 0 0 1047552
+2 * 1047552 1047552
+7 * 1047552 0 0 0 0 0 0 0 0 1047552
fi=(246)
+2 546 1047552 1047552
fe=(294)
+4 771 1047552 1047552
+4 * 1047552
+3 +3 1047552 1047552
+7 * 1047552 0 0 0 0 0 0 0 0 1047552 4
+2 * 1 1
+7 +1 1
+4 * 1
+4 * 1
+4 +2 1
+3 * 1 0 0 0 0 0 0 0 0 1 1
-3 * 1047551
+3 * 1047551 0 0 0 0 0 0 0 0 1047551 1319
fi=(246)
+2 543 1319 1319
fe=(294)
+4 781 1319 0 0 1 0 0 1
+3 * 1319
+3 * 1319
+4 -2 1319
+3 +2 1319
+3 -2 1319
+3 +2 1319 1319 1319 0 1 0 0 1 0 0 0 1319 1
cfi=(295)
cfn=(1612)
calls=1319 0xfa5e0 367 
* * 125305 39570 29018 6 3 0 6 3 0 9233 3 3957 2
+6 +3 1319
+3 -3 1319
+3 +3 1319
+3 * 1319 0 0 0 0 0 0 0 0 1319 2
+2 +6 1319
+3 * 1319
+3 * 1319
+3 * 1319
+5 * 1319
+4 +10 1319
+4 * 1319 1319
+1 * 1319 1319
+2 * 1319 1319
+2 * 1319 1319
+1 * 1319 1319
+1 * 1046233 0 0 1 0 0 1
+4 -2 1046233
+3 * 1046233
+3 +2 1046233 1046233
+1 * 1046233 1046233
+2 * 1046233 1046233
+2 * 1046233 1046233
+1 -2 1046233 1046233 0 0 0 0 0 0 0 0 0 1046233 1
cfi=(371)
cfn=(1582)
calls=1046233 0x16d8c0 84 
* * 55976554 13077342 9938634 11 1 127 11 1 0 7326037 549862 1046234 2
fi=(305)
+16 511 1319 1319
+8 -5 1319 1319
+4 * 1319
+4 * 1319 0 1319
+5 * 1319
+4 * 1319 0 1319
+4 * 1319 0 0 0 0 0 0 0 0 1319
+2 +7 1319 1319 0 1 0 0 1
+7 * 1319
+4 * 1319 0 0 0 0 0 0 0 0 1319
+2 +1 1319
+5 * 1319
fi=(246)
+5 +55 1319 0 1319
fe=(294)
+4 787 1319 0 1319
+7 * 1319 0 1319
+5 * 1319 0 1319
+5 * 1319

fn=(1074) std::basic_filebuf<char, std::char_traits<char> >::basic_filebuf()
0x12ea70 85 2 0 0 2 0 0 2
+4 * 2 0 2
+1 * 2
+3 * 2 0 2
+1 * 2
fi=(246)
+3 475 2
fe=(294)
+4 85 2 0 0 2 0 0 2
fi=(246)
+4 475 2 2 0 0 1 0 0 1
+7 -1 2 0 2
+8 +1 2
+4 * 2
+5 * 2 0 2
+4 * 2
+4 * 2 0 2
+4 * 2 0 2
+4 * 2 2 2 0 0 0 0 0 0 0 0 2 1
cfi=(213)
cfn=(732)
calls=2 0xe7cd0 269 
* * 50 18 10 0 0 1 0 0 0 6
fe=(294)
+6 92 2 2 0 0 1 0 0 1
+7 -6 2
+4 * 2 0 0 2 0 0 2
+4 * 2 0 2
+4 * 2
+4 +6 2
+4 -6 2 0 2
+8 +6 2 0 2
+3 -6 2 0 2
+8 * 2 0 2
+8 * 2 2 2 0 1 0 0 1 0 0 0 2 1
cfi=(295)
cfn=(1076)
calls=2 0xfa280 207 
* * 8 2 4 1 0 0 1
+6 +4 2
+4 -3 2 0 2 0 0 1
fi=(252)
+8 +32 2 2 0 2 1 0 2 1
fe=(294)
+7 -32 2 0 2
+11 * 2 0 2
+11 +1 2 0 2
+10 * 2 0 2
+11 * 2 0 2
+11 +1 2 0 2 2 0 0 2
+10 +1 2 0 2
+7 +1 2 0 2
+11 -1 2 0 2
+7 +1 2 0 2
+7 * 2 0 2
fi=(252)
+7 +28 2 2 2 0 0 0 0 0 0 0 0 2 1
cfi=(215)
cfn=(768)
calls=2 0xcdbe0 507 
* * 12 4 0 0 1 0 0 1 0 2 2
+6 * 2
+3 +1 2 2
+4 +11 2 2
fe=(294)
+4 -37 2 2
+4 * 2 0 2 2 0 0 2
+7 +1 2 2
+4 * 2 2
+1 * 2 2

fn=(1434)
0x12f3a0 952 2 0 0 2 0 0 2
+4 * 2 0 2
+1 * 2
+3 * 2
+7 +5 2 2
+4 -5 2 0 2
+4 * 2
+6 * 2 0 2 2 0 0 2
+4 * 2 2
+9 * 2 0 2
+4 * 2
+3 +5 2 2
+4 * 2 0 0 0 0 0 0 0 0 2 1
+2 +2 1 1
+3 * 1
+5 * 1
+3 * 1 1 1 0 0 0 0 0 0 0 0 1 1
cfn=(1586)
calls=1 0x130680 545 
* * 166 56 33 8 3 0 8 3 0 17 7 6 5
+3 +1 1
+3 * 1
+4 +6 1 1
+7 * 1 0 0 0 0 0 0 0 0 1
-7 * 1 1
+7 * 1 0 0 0 0 0 0 0 0 1 1
+6 -1 1 1
fi=(247)
+7 52 1 0 0 1 0 0 1
+3 * 1 0 0 0 0 0 0 0 0 1
fi=(242)
+6 219 1 1
+3 * 1 0 1
+4 * 1 1 1 0 0 0 0 0 0 0 0 1 1
cfi=(223)
cfn=(1158)
calls=1 0xc7dd0 100 
* * 3 1
+3 * 1
fe=(294)
+3 965 1
+2 * 1 0 0 0 0 0 0 0 0 1
0x12f480 +44 2 2 0 1 0 0 1
+4 * 2 2
+9 * 2 0 0 0 0 0 0 0 0 2
+2 * 2
+3 * 2 2
+4 * 2 2
+4 * 2 2
+1 * 2 2
+5 * 1 1 0 1 0 0 1
+4 * 1

fn=(1152) std::basic_filebuf<char, std::char_traits<char> >::underflow()
0x12e380 327 770 0 0 1 0 0 1
+4 * 770 0 770
+1 * 770
+3 * 770
+4 * 770 770
+9 * 770 0 770
+4 * 770
+2 +5 770 770 0 0 272
+4 * 770 0 0 0 0 0 0 0 0 770
+6 * 770 0 770
+4 * 770
+3 +2 770 770 0 0 256
+7 * 770 0 0 0 0 0 0 0 0 770
fi=(246)
+2 498 770 770
fi=(305)
+4 230 770 770 0 0 256
+7 * 770 0 0 1 0 0 1 0 0 770
fi=(246)
+2 501 770 770
fe=(294)
+4 346 770
+3 * 770 0 0 0 0 0 0 0 0 770 4
+13 482 770 770
+4 * 770 770
+9 * 770 0 0 0 0 0 0 0 0 770
+6 * 770 770
+1 * 770 770
0x12e47e 346 770 0 770 1 0 0 1
+4 +4 770 770
+7 * 770 0 770
+4 * 770
+6 +7 770 770
+7 -7 770
+3 * 770
+4 * 770
fi=(247)
+4 52 770
+3 * 770 0 0 0 0 0 0 0 0 770
fi=(242)
+6 219 770 770 0 0 272
+3 * 770 770 770 0 769 0 0 0 0 0 0 770 1
cfi=(223)
cfn=(1158)
calls=770 0xc7dd0 100 
* * 2310 770 0 770 0 0 1
fe=(294)
+3 357 770
+2 * 770 0 0 0 0 0 0 0 0 770 4
0x12e6b7 -27 1 0 0 1 0 0 1
+5 * 1 0 0 1 0 0 1
fi=(305)
0x12e74b 509 769 769 0 1 0 0 1
+7 * 769
+2 * 769 769
fi=(246)
+4 +63 769 0 769
fi=(305)
+8 -63 769
fe=(294)
+4 -51 769 0 769
+7 * 769 769
+4 * 769
+5 * 769
fi=(305)
+4 +51 769
+3 * 769 0 769
fi=(246)
+4 +62 769 0 0 1 0 0 1
+4 * 769 0 769
fi=(315)
+4 455 769 769
fi=(246)
+4 571 769 0 769
+4 * 769 769
fi=(315)
+4 455 769 769 0 0 264
+3 * 769
fe=(294)
+58 -96 770 770 0 1 0 0 1
+4 * 770
+4 * 770
+3 * 770 770 770 0 769 0 0 0 0 0 0 770 1
cfi=(295)
cfn=(1160)
calls=770 0xfa510 -25 
* * 56980 20020 10780 775 3138 0 5 0 0 3850 3 2310 3
+6 * 770
+3 +2 770
+3 * 770 0 0 0 0 0 0 0 0 770 3
+6 +94 769 0 0 0 0 0 0 0 0 769 2
fi=(305)
0x12e8f5 +47 1 1 0 1 0 0 1
+4 * 1 1
fi=(246)
+4 +70 1 0 1 1 0 0 1
fi=(305)
+8 -61 1 1
fe=(294)
+8 -44 1 0 1
+7 * 1
+4 * 1 0 1
fi=(246)
+5 571 1
+4 * 1
+4 * 1 0 1
+4 * 1 0 1
+4 * 1 1
+4 * 1
fe=(294)

fn=(1586)
0x130680 545 2 0 0 1 0 0 1
+4 * 2 0 2
+1 * 2
+3 * 2
+4 * 2 2
+9 * 2 0 2
+4 * 2
+2 +6 2 2
+4 * 2 0 0 0 0 0 0 0 0 2 1
+6 * 2 0 2
+4 * 2
+3 * 2 0 2
+4 * 2
+3 +3 2 2
+7 * 2 0 0 0 0 0 0 0 0 2 2
fi=(246)
0x130734 -11 2 2 0 1 0 0 1
+4 +3 2 2
fe=(294)
+4 +16 2
+3 * 2 0 0 1 0 0 1 0 0 2 1
+6 +3 1
+4 * 1 0 0 0 0 0 0 0 0 1 1
+21 +8 1
+3 * 1
+3 * 1 1 1 0 1 0 0 1 0 0 0 1 1
cfn=(1618)
calls=1 0x12f140 +37 
* * 115 41 23 7 2 0 7 2 0 9 4 5 4
+6 * 1
+2 * 1 0 0 0 0 0 0 0 0 1
fi=(305)
+6 -62 1 1
+8 -5 1 1
+4 * 1 0 0 1 0 0 1
+4 * 1 0 1
+5 * 1
+4 * 1 0 1
+4 * 1 0 0 0 0 0 0 0 0 1
+2 +7 1 1
+7 * 1
+4 * 1 0 0 0 0 0 0 0 0 1
+2 +1 1
+5 * 1
fi=(246)
+5 +55 1 0 1
fi=(315)
+4 468 1
+2 * 1
+4 * 1
+4 * 1 0 1
+5 * 1 1
+4 * 1 0 1
+5 * 1 1
fe=(294)
+4 606 1 1
+4 * 1 1
+9 * 1 0 0 0 0 0 0 0 0 1
-13 * 1 1
+4 * 1 1
+9 * 1 0 0 0 0 0 0 0 0 1
+6 * 2 2
+1 * 2 2
+4 -26 1 1 0 1 0 0 1
+7 * 1
+4 * 1 0 0 0 0 0 0 0 0 1 1
fi=(305)
+53 -69 1 1 0 1 0 0 1
+8 * 1
+4 * 1
+4 * 1
+4 -5 1 1
+4 * 1 0 0 0 0 0 0 0 0 1
+6 +8 1 0 0 1 0 0 1
+5 * 1
+5 * 1
fi=(246)
+5 +55 1
fe=(294)
+4 +17 1 0 1
fi=(315)
+7 468 1
+2 * 1 0 1
+4 * 1
+4 * 1
+4 * 1 0 1
+4 * 1 0 1
fe=(294)
+4 587 1
+4 * 1 0 0 0 0 0 0 0 0 1
fi=(315)
+2 449 1
+5 * 1 0 1
+3 +19 1
+3 * 1 1 0 1 0 0 1
fi=(246)
+4 +91 1 0 1
fi=(315)
+5 -91 1 1
+4 * 1
fe=(294)

fl=(318) /usr/src/debug/gcc/gcc/libstdc++-v3/src/c++98/istream-string.cc
fn=(1210) std::basic_istream<char, std::char_traits<char> >& std::getline<char, std::char_traits<char>, std::allocator<char> >(std::basic_istream<char, std::char_traits<char> >&, std::__cxx11::basic_string<char, std::char_traits<char>, std::allocator<char> >&, char)
0xd3390 124 1026 0 0 1 0 0 1
+4 * 1026 0 1026
+1 * 1026
+3 * 1026
+4 * 1026 0 1026
+4 * 1026
+3 * 1026 0 1026
+4 * 1026 0 1026
+3 +12 1026
+5 * 1026 1026
+9 * 1026 0 1026
+4 * 1026
+3 * 1026 0 0 1 0 0 1
+4 * 1026 1026 1026 0 0 0 0 0 0 0 0 1026 1
cfi=(308) /usr/src/debug/gcc/gcc-build/x86_64-pc-linux-gnu/libstdc++-v3/include/bits/istream.tcc
cfn=(1146) std::istream::sentry::sentry(std::istream&, bool)
calls=1026 0x13b990 -85 
* * 31806 10260 7182 0 0 0 0 0 0 3078 8
+6 +1 1026 1026
+4 * 1026 0 0 0 0 0 0 0 0 1026 4
+7 +63 1 1
+4 * 1 1
+3 * 1 1
fi=(249)
+4 -2 1 1
fi=(247)
+3 -30 1 1 1 0 0 0 0 0 0 0 0 1 1
cfi=(250)
cfn=(1136) std::basic_ios<char, std::char_traits<char> >::clear(std::_Ios_Iostate)
calls=1 0x1388f0 46 
* * 9 3 1 0 0 0 0 0 0 1 1
fe=(318)
+6 +34 1026 1026
+4 * 1026 1026
+9 * 1026 0 0 0 0 0 0 0 0 1026
+6 * 1026 1026
+4 * 1026 1026
+4 * 1026 1026
+1 * 1026 1026
fi=(319)
+4 +36 1026 1026 0 1 0 0 1
fe=(318)
+3 -94 1026 1026
+4 * 1026 0 1026
+4 * 1026 0 1026
+4 * 1026 0 1026
fi=(315)
+4 355 1026 0 1026
fe=(318)
+3 144 1026 1026
fi=(319)
+3 +89 1026 0 1026
fi=(247)
+8 339 1026 1026
+4 * 1026 1026
fi=(246)
+8 498 1026 1026
+5 350 1026 1026
+5 * 1026 0 0 1 0 0 1 0 0 1026 1
+6 * 1025 0 1025
fi=(315)
+4 455 1025 1025 0 0 9
+3 * 1025 1025
fe=(318)
+4 133 1025
fi=(315)
+3 455 1025 0 1025
fi=(319)
+3 258 1025
+4 * 1025 0 1025
fe=(318)
+4 148 1025
+3 * 1025 0 0 0 0 0 0 0 0 1025
fi=(315)
-21 455 1 1
fe=(318)
+4 133 1
fi=(315)
+3 455 1 0 1
fi=(319)
+3 258 1
+4 * 1 0 1
fe=(318)
+4 148 1
+3 * 1 0 0 0 0 0 0 0 0 1 1
-3 * 768
+3 * 768 0 0 0 0 0 0 0 0 768
fi=(315)
+6 408 1793 1793
+4 * 1793 0 1793
fe=(318)
+3 149 1793 1793
+3 * 1793 0 0 0 0 0 0 0 0 1793 1
-3 * 1024 1024
+3 * 1024 0 0 0 0 0 0 0 0 1024 21
fi=(246)
+6 498 1792 1792
fe=(318)
+5 152 1792 1792 0 1 0 0 1
+5 +1 1792
+10 * 1792
fi=(319)
+3 1189 1792 1792
fe=(318)
+4 152 1792
fi=(266)
+3 +85 1792
+3 * 1792
fe=(318)
+4 -83 1792
+4 * 1792 0 0 0 0 0 0 0 0 1792
fi=(315)
+6 408 1792 0 1792
+4 * 1792 1792
+3 * 1792
+3 * 1792 0 1792
+4 * 1792 1792 1792 0 304 0 0 0 0 0 0 1792 1024
cob=(2)
cfi=(324)
cfn=(1230)
calls=1792 0x1715c0 61 
* * 722360 203839 0 8 34960 0 8 127 0 117004 3563
fe=(318)
+6 160 1792 1792
+4 * 1792 1792 0 1 0 0 1
+4 * 1792
+3 * 1792
+3 * 1792
fi=(319)
+3 426 1792
fe=(318)
+10 160 1792
fi=(319)
+4 426 1792
+3 * 1792
+3 * 1792 0 0 0 0 0 0 0 0 1792
+6 1594 1792
+3 * 1792
+3 * 1792
+3 * 1792 0 1792
cfi=(286)
cfn=(1232)
calls=1792 0xd2e80 476 
* * 698520 221309 210646 2063 74 5554 16 0 97 67233 1864 1796 4
fi=(246)
+5 809 1792 1792
fe=(318)
+5 163 1792
fi=(246)
+3 809 1792
+3 * 1792 0 1792 1 0 0 1
+5 350 1792 1792
+5 * 1792 0 0 0 0 0 0 0 0 1792 770
fi=(315)
+6 455 1024 1024
fe=(318)
+3 149 1024
+10 * 1024
+3 * 1024 0 0 0 0 0 0 0 0 1024 28
fi=(246)
0xd35d0 498 1025 1025 0 1 0 0 1
fe=(318)
+5 178 1025
fi=(246)
+4 328 1025 1025
+5 * 1025 0 0 0 0 0 0 0 0 1025
+6 511 1025
+4 * 1025 0 1025
fe=(318)
+5 197 1025
+3 * 1025 0 0 0 0 0 0 0 0 1025
+6 * 1025 1025
+4 * 1025 1025
+4 * 1025 1025 0 1 0 0 1
+4 * 1025 1025
+4 * 1025
fi=(246)
+42 353 768 768
+4 * 768
+3 * 768 768 768 0 272 0 0 0 0 0 0 768 1
cfi=(294)
cfn=(1152)
calls=768 0x12e380 -26 
* * 108288 37632 19968 1537 5992 0 0 0 0 10752 7 3840
+3 * 768
fe=(318)
+2 149 768 0 0 1 0 0 1
+10 * 768
+3 * 768 0 0 0 0 0 0 0 0 768 2
fi=(249)
0xd36b0 +64 1 0 0 1 0 0 1
+4 * 1 1
+4 * 1 1
+4 * 1
+2 * 1 1
+4 * 1 1
+4 * 1
+3 * 1
+3 * 1
fi=(246)
+12 353 1 1 0 1 0 0 1
+4 * 1
+3 * 1 1 1 0 0 0 0 0 0 0 0 1 1
cfi=(294)
cfn=(1152)
calls=1 0x12e380 -26 
* * 137 47 26 6 1 0 4 0 0 13 3 5
+3 * 1 0 1
+4 * 1
+2 * 1
fe=(318)

fl=(231) /usr/src/debug/gcc/gcc/libstdc++-v3/src/c++11/ctype.cc
fn=(882) std::ctype<char>::_M_widen_init() const
0xe2cc0 90 1 0 0 1 0 0 1
+4 * 1 0 1
+1 +3 1
+5 * 1
+5 * 1
+4 * 1
+5 * 1
+5 * 1
+5 * 1
+5 * 1
+5 * 1
+5 * 1
+5 -3 1
+3 * 1 0 1
+1 +3 1
+5 * 1 0 0 1 0 0 1
+5 * 1
+7 * 1
+4 * 1
+5 * 1
+5 * 1
+4 * 1
+4 -3 1
+7 * 1 1 0 0 1 0 0 1
+8 +3 1
+5 -3 1 1
+9 * 1 0 1 1 0 0 1
+4 * 1
+3 +3 1
+5 * 1
+5 * 1
+5 * 1
+5 -1 1
+5 +1 1
+5 -1 1
+5 +1 1
+4 -1 1
+4 +1 1
+4 * 1
+4 * 1
+5 * 1 0 0 1 0 0 1
+4 * 1
+5 * 1
+5 * 1
+5 * 1
+4 * 1
+4 * 1
+5 * 1
+5 * 1
+5 * 1
+5 * 1
+4 * 1
+5 * 1
+4 * 1
+5 * 1 0 0 1 0 0 1
+5 * 1
+5 * 1
+4 * 1
+4 * 1
+5 * 1
0xe2d70 * 15
+4 * 15
+4 * 15
+5 * 15
+4 * 15
+5 * 15
+5 * 15
+5 * 15
+4 * 15
+4 * 15
+5 * 15
+5 * 15
+5 * 15
+5 * 15
+4 * 15
+5 * 15
+4 * 15
+5 * 15
+5 * 15
+5 * 15
+4 * 15
+4 * 15
+5 * 15
+5 * 15
+4 * 15
+5 * 15
+5 -1 15
+4 +1 15
+5 * 15
+5 * 15
+5 * 15
+5 * 15
+5 * 15
+5 * 15
+5 * 15
+5 * 15
+5 * 15
+4 * 15
+4 * 15 0 15
+4 -1 15
+3 * 15 0 0 0 0 0 0 0 0 15 8
-78 +1 1
+4 * 1
+5 * 1
+5 -1 1
+4 +1 1
+5 * 1
+5 * 1
+5 * 1
+5 * 1 0 0 1 0 0 1
+5 * 1
+5 * 1
+5 * 1
+5 * 1
+5 * 1
+4 * 1
+4 * 1 0 1
+4 -1 1
+3 * 1 0 0 0 0 0 0 0 0 1 1
+6 +2 1 1
+3 * 1
+4 * 1 1 0 0 1
+4 * 1 1 0 0 1
+7 * 1 0 0 1 0 0 1 0 0 1
fi=(224)
+6 1120 1 1
+8 * 1 0 1
+4 * 1 1
+8 * 1 0 1
+4 * 1 1
+8 * 1 0 1
+4 * 1 1
+8 * 1 0 1
+4 * 1 1
+8 * 1 0 1 1 0 0 1
+4 * 1 1
+8 * 1 0 1
+7 * 1 1
+8 * 1 0 1
+7 * 1 1
+8 * 1 0 1
+7 * 1 1
+8 * 1 0 1
+7 * 1 1 0 1 0 0 1
+8 * 1 0 1
+7 * 1 1
+5 * 1 0 1
+7 * 1 1
+5 * 1 0 1
+7 * 1 1
+5 * 1 0 1
+7 * 1 1
+5 * 1 0 1
+7 * 1 1 0 1 0 0 1
+5 * 1 0 1
+7 * 1 1
+5 * 1 0 1
fe=(231)
+7 98 1
+5 * 1
+3 * 1
+7 * 1 1 1 0 1 0 0 0 0 0 0 1 1
cob=(2)
cfi=(241) /usr/src/debug/glibc/glibc/string/../sysdeps/x86_64/multiarch/memcmp-avx2-movbe.S
cfn=(816) __memcmp_avx2_movbe
calls=1 0x171860 -25 
* * 47 17 0 3 0 0 3 0 0 9
+6 +1 1
+3 * 1
+5 * 1
+2 * 1 0 1
+3 +1 1 1
+4 * 1 1
+9 * 1 0 0 0 0 0 0 0 0 1
+2 * 1 1
+4 * 1 1
+1 * 1 1

fn=(792) std::ctype<wchar_t>::ctype(unsigned long)
0xe2f70 103 1 0 0 1 0 0 1
+4 * 1 0 1
fi=(222)
+1 437 1
fe=(231)
+2 103 1
+3 * 1
fi=(222)
+4 437 1 0 0 1 0 0 1
+3 * 1
fe=(231)
+3 103 1 0 1
+4 * 1
fi=(222)
+3 437 1 0 1 0 0 1 0 0 1
fe=(231)
+3 105 1 1 0 0 1
+7 * 1
+4 * 1 0 1
+3 * 1 1 1 0 0 0 0 0 0 0 0 1 1
cfi=(215)
cfn=(746)
calls=1 0xcd670 221 
* * 18 6 2 0 0 0 0 0 0 2 0 1
+6 * 1 0 1
+4 +1 1
+3 -1 1 0 1
+4 +1 1 1
+4 * 1 1
+1 * 1 1 0 0 1 0 0 0 0 0 0 1 1
cfi=(232)
cfn=(794)
calls=1 0xfa0a0 282 
* * 18234 5060 2286 34 21 20 34 5 20 3155 96 653 19

fl=(308)
fn=(1146)
0x13b990 51 1049603 0 0 1 0 0 1
+4 * 1049603 0 1049603
+1 * 1049603
+3 * 1049603
+3 * 1049603
+4 +4 1049603 1049603
+3 -4 1049603 0 1049603
+4 * 1049603
+3 * 1049603 0 1049603
+4 +1 1049603 0 1049603
+3 +3 1049603 1049603 0 0 1
+4 * 1049603
fi=(247)
+3 +93 1049603 1049603
fe=(308)
+3 -93 1049603
+2 * 1049603 0 0 0 0 0 0 0 0 1049603
+2 * 1049603 0 1049603 1 0 0 1
+4 * 1049603
fi=(247)
+3 312 1049603 1049603
+7 * 1049603 0 1049603
+4 * 1049603
fe=(308)
+3 59 1049603
+3 * 1049603 0 0 0 0 0 0 0 0 1049603 11
fi=(247)
+32 +89 1048577 1048577
fe=(308)
+3 -59 1048577
+2 * 1048577 0 0 0 0 0 0 0 0 1048577 5
+37 -28 1049603 0 0 1 0 0 1
+2 * 1049603 0 0 0 0 0 0 0 0 1049603 4
+2 * 1048577 1048577
+4 * 1048577 0 0 0 0 0 0 0 0 1048577 4
+2 * 1049603 1049603
+4 +35 1049603 1049603
+4 -6 1049603 0 1049603
+4 +6 1049603 1049603
+4 * 1049603 1049603
+4 * 1049603 1049603
+1 * 1049603 1049603
fi=(247)
+1 339 1048577 1048577 0 1 0 0 1
fi=(246)
+7 498 1048577 1048577
+5 350 1048577 1048577
+5 * 1048577 0 0 0 0 0 0 0 0 1048577 1
fe=(308)
+6 67 1048576 1048576
fi=(315)
+7 455 1048576 1048576
fi=(247)
+3 52 1048576
+3 * 1048576 0 0 0 0 0 0 0 0 1048576
fi=(312) /usr/src/debug/gcc/gcc-build/x86_64-pc-linux-gnu/libstdc++-v3/include/x86_64-pc-linux-gnu/bits/ctype_inline.h
+6 -8 1048577 1048577
+4 * 1048577
fe=(308)
+3 +25 1048577 1048577 0 0 27 0 0 2
+5 * 1048577 0 0 0 0 0 0 0 0 1048577 1025
fi=(246)
+2 498 1047552 1047552
+5 +3 1047552 1047552
+5 328 1047552
+3 * 1047552 0 0 0 0 0 0 0 0 1047552
+2 511 1047552
+4 * 1047552 0 1047552
+5 350 1047552
+3 * 1047552 0 0 0 0 0 0 0 0 1047552
fi=(315)
+2 455 1047552 1047552
fi=(312)
+3 44 1047552 1047552
+4 * 1047552
fe=(308)
+3 +25 1047552 1047552
+5 * 1047552 0 0 0 0 0 0 0 0 1047552
+2 +20 1048577 1048577 0 1 0 0 1
+3 * 1048577 1048577
+4 * 1048577
+3 * 1048577
fi=(246)
+77 353 1 1 0 1 0 0 1
+4 * 1
+3 * 1 1 1 0 0 0 0 0 0 0 0 1 1
cfi=(294)
cfn=(1152)
calls=1 0x12e380 -26 
* * 141 49 26 12 3 0 12 0 0 14 6 5 5
fe=(308)
+3 67 1 1
+3 * 1 1
+4 * 1
+3 * 1 1
fi=(247)
+7 -15 1
+3 * 1 0 0 0 0 0 0 0 0 1
fe=(308)
+2 +17 1
+3 * 1 0 0 0 0 0 0 0 0 1
+2 * 1

fn=(1276) std::istream& std::istream::_M_extract<double>(double&)
0x13ea90 101 1048576 0 0 1 0 0 1
+4 * 1048576 0 1048576
+1 +3 1048576
+2 -3 1048576
+3 * 1048576 0 1048576
+2 * 1048576 0 1048576
+1 * 1048576
+3 +3 1048576
+4 -3 1048576
+4 * 1048576 1048576
+9 * 1048576 0 1048576
+4 * 1048576
+3 +3 1048576
+3 * 1048576 1048576 1048576 1 0 0 1 0 0 0 0 1048576 1
cfn=(1146)
calls=1048576 0x13b990 -53 
* * 68144128 27257856 8387584 0 27 0 0 1 0 11531264 1038
+6 +1 1048576 1048576
+4 * 1048576 0 0 0 0 0 0 0 0 1048576
+2 +6 1048576 1048576
+3 -4 1048576 0 1048576
+7 +4 1048576 1048576
+4 * 1048576
+3 * 1048576 1048576
fi=(247)
+7 -59 1048576
+3 * 1048576 0 0 0 0 0 0 0 0 1048576
+6 338 1048576
+2 * 1048576
+6 * 1048576 1048576
+7 * 1048576
+3 * 1048576
fi=(224)
+3 2116 1048576
+3 * 1048576 0 0 1 0 0 1
+4 * 1048576
+3 * 1048576 1048576 0 0 532
+3 * 1048576 1048576 0 0 277
+4 * 1048576 0 1048576
+2 * 1048576
+2 * 1048576 0 1048576
+1 * 1048576 0 1048576 0 0 0 0 0 0 0 0 1048576 1
cfi=(313)
cfn=(1280)
calls=1048576 0x152d20 709 
* * 1648001368 418711796 228131543 21093 5300 2435 142 11 13 247468942 3345698 19817309 3087
+3 * 1048576 1048576
+1 * 1048576 1048576
fe=(308)
+1 125 1048576 1048576
+3 * 1048576
+2 * 1048576 0 0 0 0 0 0 0 0 1048576 1024
+2 +4 1048576 1048576
+4 * 1048576 1048576
+9 * 1048576 0 0 0 0 0 0 0 0 1048576
+2 * 1048576
+4 * 1048576
+3 * 1048576 1048576
+1 * 1048576 1048576
+2 * 1048576 1048576
+1 * 1048576 1048576
+7 -3 1024 1024 0 1 0 0 1
+3 * 1024 1024
+4 * 1024
fi=(249)
+3 +72 1024 1024
fi=(247)
+3 -30 1024 1024 1024 0 278 0 0 0 0 0 0 1024 1
cfi=(250)
cfn=(1136)
calls=1024 0x1388f0 46 
* * 9216 3072 1024 0 0 0 0 0 0 1024 2
+6 * 1024
fe=(308)

fn=(1144) std::istream& std::istream::_M_extract<unsigned int>(unsigned int&)
0x13df30 101 1 0 0 1 0 0 1
+4 * 1 0 1
+1 +3 1
+2 -3 1
+3 * 1 0 1
+2 * 1 0 1
+1 * 1
+3 +3 1 0 0 1 0 0 1
+4 -3 1
+4 * 1 1
+9 * 1 0 1
+4 * 1
+3 +3 1
+3 * 1 1 1 0 1 0 0 0 0 0 0 1 1
cfn=(1146)
calls=1 0x13b990 -53 
* * 201 73 34 18 4 0 18 1 0 23 10 6 6
+6 +1 1 1
+4 * 1 0 0 0 0 0 0 0 0 1
+2 +6 1 1
+3 -4 1 0 1
+7 +4 1 1
+4 * 1
+3 * 1 1
fi=(247)
+7 -59 1 0 0 1 0 0 1
+3 * 1 0 0 0 0 0 0 0 0 1
+6 338 1
+2 * 1
+6 * 1 1
+7 * 1
+3 * 1
fi=(224)
+3 2058 1
+3 * 1
+4 * 1
+3 * 1 1
+3 * 1 1 0 0 1
+4 * 1 0 1
+2 * 1
+2 * 1 0 1
+1 * 1 0 1 0 0 0 0 0 0 0 0 1 1
cfn=(1176)
calls=1 0x1559b0 2238 
* * 382 102 53 25 2 0 25 1 0 70 14 2 2
+3 * 1 1
+1 * 1 1
fe=(308)
+1 125 1 1
+3 * 1
+2 * 1 0 0 0 0 0 0 0 0 1
+2 +4 1 1 0 1 0 0 1
+4 * 1 1
+9 * 1 0 0 0 0 0 0 0 0 1
+2 * 1
+4 * 1
+3 * 1 1
+1 * 1 1
+2 * 1 1
+1 * 1 1

fl=(314)
fn=(1182)
0x14d6d0 201 2096630 0 0 1 0 0 1
+4 * 2096630 0 2096630
+1 * 2096630
+3 * 2096630
+3 * 2096630
+4 +8 2096630 2096630
+3 * 2096630 2096630
+5 * 2096630
+3 * 2096630
+3 * 2096630
+3 * 2096630
+2 * 2096630 0 0 0 0 0 0 0 0 2096630 4
+2 * 2096630 2096630
+3 * 2096630 2096630
+4 * 2096630
+3 * 2096630
+3 * 2096630
+3 * 2096630
+2 * 2096630 0 0 0 0 0 0 0 0 2096630 1
+2 -7 2096630 2096630
+1 * 2096630
+2 * 2096630
+3 * 2096630 2096630
+2 * 2096630 0 0 1 0 0 1
fi=(246)
+2 350 2096630 2096630
+4 * 2096630 2096630
+4 * 2096630 0 0 0 0 0 0 0 0 2096630
fe=(314)
+2 201 2096630
+2 * 2096630

fn=(1186)
0x14d7a0 206 2096630 0 0 1 0 0 1
+4 +3 2096630 2096630
+3 -1 2096630 2096630
+3 +1 2096630
+3 * 2096630 0 0 0 0 0 0 0 0 2096630
+2 * 2096630
+3 * 2096630 0 0 0 0 0 0 0 0 2096630 4
fi=(246)
+6 498 2096630 2096630
+4 350 2096630 2096630
+4 * 2096630 0 0 1 0 0 1 0 0 2096630
fi=(315)
+2 455 2096630 2096630
+3 * 2096630 2096630
fe=(314)

fl=(388)
fn=(1716)
0xb5560 138 2 0 0 1 0 0 1
+4 * 2 0 2
+1 * 2
+3 +2 2 2 2 0 1 0 0 1 0 0 0 2 1
cfi=(389)
cfn=(1718)
calls=2 0xb56b0 -78 
* * 40 20 4 3 4 0 3 4 0 4 0 2 1
+6 +5 2 2
+1 -4 2 2 0 0 1 0 0 1
+3 * 2
+2 * 2
+3 +4 2 2

fl=(213)
fn=(738) std::locale::_Impl::_Impl(unsigned long)
0xe6d40 490 1 0 0 1 0 0 1
+4 * 1 0 1
+1 +5 1
+5 -5 1
+3 * 1 0 1
+2 * 1 0 1
+2 * 1 0 1
+2 * 1 0 1
+2 * 1 0 1
+1 * 1
+4 * 1 1
+9 * 1 0 1 0 0 1
+4 * 1
+3 +5 1
+7 -3 1 0 1 0 0 1 0 0 1
+2 +3 1
+2 -3 1 0 1
+8 +3 1 1 1 1 1 1 1 0 0 0 0 1 1
cob=(2)
cfi=(214) /usr/src/debug/glibc/glibc/string/../sysdeps/x86_64/multiarch/memset-vec-unaligned-erms.S
cfn=(740) __memset_avx2_unaligned_erms
calls=1 0x1729c0 198 
* * 36 2 12 3 1 7 3 0 7 6 1
+6 * 1
+7 +1 1
+2 * 1
+5 * 1
+7 -1 1 0 1
+4 +1 1 1 1 0 0 0 0 0 0 0 0 1 1
cob=(2)
cfi=(214)
cfn=(740)
calls=1 0x1729c0 198 
* * 36 2 12 0 0 6 0 0 6 6
+6 * 1
+7 +3 1
+4 * 1 0 1 0 0 1 0 0 1
+11 -3 1 0 1
+4 +3 1 0 0 1 0 0 1
+7 * 1 0 1
+4 +1 1
+7 * 1 0 1 0 0 1 0 0 1
+7 -1 1 0 1
+7 * 1 0 1
+7 * 1 0 1
+7 * 1 0 1
+7 * 1 0 1
+7 +2 1 1 1 0 0 0 0 0 0 0 0 1 1
cfi=(215)
cfn=(742)
calls=1 0xcd6c0 233 
* * 3 1 0 1 0 0 1
+6 +9 1 0 0 1 0 0 1
+5 * 1
+2 * 1
fi=(400) /usr/include/bits/string_fortified.h
+2 29 1 1 0 0 1 0 0 1
fe=(213)
+3 510 1
fi=(400)
+7 29 1 0 1
fe=(213)
+7 510 1 1 1 0 1 0 0 0 0 0 0 1 1
cfi=(216) /usr/src/debug/gcc/gcc-build/x86_64-pc-linux-gnu/libstdc++-v3/src/c++11/ctype_configure_char.cc
cfn=(744) std::ctype<char>::ctype(unsigned short const*, bool, unsigned long)
calls=1 0xf96b0 121 
* * 247 49 82 25 8 13 25 2 9 23 14 5 5
fi=(222)
+6 653 1 1 0 0 1
+7 * 1
+7 * 1
+3 * 1 1 1 0 1 0 0 0 0 0 0 1 1
cfi=(215)
cfn=(766)
calls=1 0xcdc40 325 
* * 398 119 13 9 1 0 9 0 0 103 6 1 1
fe=(213)
+6 511 1
+5 * 1 0 0 1 0 0 1
+7 * 1 1 1 0 1 0 0 0 0 0 0 1 1
cfi=(223)
cfn=(774) std::codecvt<char, char, __mbstate_t>::codecvt(unsigned long)
calls=1 0xc7f50 38 
* * 36 11 8 2 1 1 2 0 1 2 0 2 1
fi=(222)
+6 653 1 1 0 0 1
+7 * 1
+7 * 1
+3 * 1 1 1 0 0 0 0 0 0 0 0 1 1
cfi=(215)
cfn=(766)
calls=1 0xcdc40 325 
* * 398 119 13 0 1 0 0 0 0 103 4 1
fi=(224)
+6 1636 1
+7 -1 1
+2 +85 1
fi=(222)
+2 437 1 0 1 0 0 1 0 0 1
fi=(224)
+10 1633 1 0 1
+7 +87 1 0 0 1 0 0 1
+7 -84 1
+4 -4 1 0 1
+11 +4 1 0 1
+7 +83 1 1
+7 -87 1 0 1
+11 +87 1
+4 -85 1 0 1
+11 +85 1 0 1 0 0 1 0 0 1
+7 * 1 0 0 1 0 0 1
+7 -85 1 0 1
+11 * 1 0 1
+11 +1 1 0 1 0 0 1 0 0 1
+11 * 1 0 1
+7 +1 1 0 1 0 0 1 0 0 1
fi=(222)
+7 437 1 0 1
fi=(224)
+10 1719 1 0 1 1 0 0 1
+7 +1 1 1 1 0 1 0 0 0 0 0 0 1 1
cfi=(225)
cfn=(778)
calls=1 0xdaf00 92 
* * 416 136 74 5 5 0 5 3 0 64 20
fi=(222)
+6 653 1 1 0 0 1
+7 * 1
+7 * 1
+3 * 1 1 1 0 0 0 0 0 0 0 0 1 1
cfi=(215)
cfn=(766)
calls=1 0xcdc40 325 
* * 398 119 13 0 1 0 0 1 0 103 3 1
fi=(224)
+6 1983 1 1
fi=(222)
+7 653 1 1 0 0 1
+7 * 1
+3 437 1 0 1
+10 653 1 0 0 1 0 0 1
fi=(224)
+7 1983 1
+4 * 1 0 1
fi=(222)
+7 653 1 1 1 0 0 0 0 0 0 0 0 1 1
cfi=(215)
cfn=(766)
calls=1 0xcdc40 325 
* * 398 119 13 0 1 0 0 1 0 103 3 1
fi=(224)
+6 2347 1 1 0 0 1
fi=(222)
+7 653 1 1 0 0 1
+7 * 1
+3 437 1 0 1
+10 653 1
fi=(224)
+7 2347 1
+4 * 1 0 1 1 0 0 1
fi=(222)
+7 653 1 1 1 0 0 0 0 0 0 0 0 1 1
cfi=(215)
cfn=(766)
calls=1 0xcdc40 325 
* * 398 119 13 0 0 0 0 0 0 103 2 1
+6 +63 1 1 0 0 1
+7 437 1 0 1
+10 716 1
+4 * 1 0 1
+7 * 1 1 1 0 0 0 0 0 0 0 0 1 1
cfi=(215)
cfn=(746)
calls=1 0xcd670 221 
* * 18 6 2 0 0 0 0 0 0 2 0 1
+6 * 1 0 1
+7 -63 1 1 0 0 1
+7 * 1
+7 * 1 0 0 1 0 0 1
+3 * 1 1 1 0 0 0 0 0 0 0 0 1 1
cfi=(215)
cfn=(766)
calls=1 0xcdc40 325 
* * 398 119 13 0 0 0 0 0 0 103 3 1
fi=(226)
+6 1026 1
+7 -6 1
+2 +88 1
fi=(222)
+2 437 1
fi=(226)
+7 1020 1 0 1 0 0 1 0 0 1
+7 +88 1
+2 * 1
+7 -82 1
fi=(222)
+4 437 1 0 1
fi=(226)
+10 1026 1 0 1
+7 +81 1 1 0 1 1 0 1
+7 -88 1 0 1
+11 +88 1
+4 -88 1 0 1
+11 * 1 0 1
+7 +2 1 0 1
+11 * 1 0 1
+11 +1 1 0 1 1 0 0 1
+11 * 1 0 1 0 0 1 0 0 1
+11 +1 1 0 1
+11 * 1 0 1
+11 +1 1 0 1
+10 +1 1 0 1
+11 +1 1 0 1 1 0 0 1
fi=(222)
+7 437 1 0 1 0 0 1 0 0 1
fi=(226)
+10 1107 1 0 1
+7 * 1 0 1
+7 +1 1 1 1 0 1 0 0 0 0 0 0 1 1
cfi=(227) /usr/src/debug/gcc/gcc-build/x86_64-pc-linux-gnu/libstdc++-v3/src/c++98/monetary_members.cc
cfn=(782) std::__cxx11::moneypunct<char, false>::_M_initialize_moneypunct(__locale_struct*, char const*)
calls=1 0xd9920 372 
* * 107 35 28 5 4 0 5 2 0 13 8
fi=(222)
+6 653 1 1
+7 * 1
+7 * 1
+3 * 1 1 1 0 0 0 0 0 0 0 0 1 1
cfi=(215)
cfn=(766)
calls=1 0xcdc40 325 
* * 398 119 13 0 0 0 0 0 0 103 2 1
fi=(226)
+6 1026 1 0 0 1 0 0 1
+7 +82 1
+2 * 1
fi=(222)
+2 437 1 0 1 0 0 1 0 0 1
fi=(226)
+10 1019 1 0 1
+7 +89 1
+7 -82 1
+4 -7 1 0 1
+11 +7 1 0 1
+7 -6 1
+2 * 1 0 1
+7 +87 1 1 0 1 1 0 1
+7 -88 1 0 1
+11 +88 1
+4 -86 1 0 1
+11 +86 1 0 1
+7 * 1
+7 -86 1 0 1
+11 +1 1 0 1 1 0 0 1
+11 * 1 0 1 0 0 1 0 0 1
+11 +1 1 0 1
+11 * 1 0 1
+11 +1 1 0 1
+10 +1 1 0 1
+11 +1 1 0 1
fi=(222)
+7 437 1 0 1 1 0 0 1
fi=(226)
+10 1107 1 0 1
+7 +1 1 1 1 0 1 0 0 0 0 0 0 1 1
cfi=(227)
cfn=(784) std::__cxx11::moneypunct<char, true>::_M_initialize_moneypunct(__locale_struct*, char const*)
calls=1 0xd93e0 216 
* * 109 35 28 6 0 0 6 0 0 13 8
fi=(222)
+6 653 1 1 0 0 1
+7 * 1
+7 * 1
+3 * 1 1 1 0 0 0 0 0 0 0 0 1 1
cfi=(215)
cfn=(766)
calls=1 0xcdc40 325 
* * 398 119 13 0 0 0 0 0 0 103 1 1
fi=(226)
+6 1530 1 1 0 0 1
fi=(222)
+7 653 1 1 0 0 1
+7 * 1
+3 437 1 0 1 1 0 0 1
+10 653 1
fi=(226)
+7 1530 1
+4 * 1 0 1
fi=(222)
+7 653 1 1 1 0 0 0 0 0 0 0 0 1 1
cfi=(215)
cfn=(766)
calls=1 0xcdc40 325 
* * 398 119 13 0 0 0 0 0 0 103 1 1
fi=(226)
+6 1690 1 1 0 0 1
fi=(222)
+7 653 1 1 0 0 1
+7 * 1
+3 437 1 0 1 0 0 1 0 0 1
+10 653 1 0 0 1 0 0 1
fi=(226)
+7 1690 1
+4 * 1 0 1
fi=(222)
+7 653 1 1 1 0 0 0 0 0 0 0 0 1 1
cfi=(215)
cfn=(766)
calls=1 0xcdc40 325 
* * 398 119 13 0 0 0 0 0 0 103 1 1
fi=(226)
+6 138 1
+7 -13 1
fi=(222)
+4 437 1 0 1 0 0 1 0 0 1
fe=(213)
+10 +96 1
fi=(226)
+5 138 1 0 1 0 0 1 0 0 1
fe=(213)
+7 533 1
+7 * 1 0 0 1 0 0 1
fi=(226)
+7 138 1
+4 -13 1 0 1
+7 +13 1 0 1
+7 * 1 0 1
+11 -13 1 0 1 0 0 1 0 0 1
+7 * 1 0 1
+7 * 1 0 1
+7 * 1 0 1
+7 * 1 0 1 1 0 1 1 0 1
+7 * 1 0 1
+7 * 1 0 1
+7 * 1 0 1
+7 * 1 0 1 0 0 1 0 0 1
+7 * 1 0 1
+7 * 1 0 1
+7 * 1 0 1
+7 * 1 0 1 0 0 1 0 0 1
+7 * 1 0 1 1 0 0 1
+7 * 1 0 1
+7 * 1 0 1
+7 * 1 0 1 0 0 1 0 0 1
+7 * 1 0 1
+7 * 1 0 1
+7 * 1 0 1
+7 * 1 0 1
+7 * 1 0 1
fe=(213)
+7 533 1 1 1 0 1 0 0 0 0 0 0 1 1
cfi=(228)
cfn=(786)
calls=1 0x146230 48 
* * 178 45 43 17 5 0 17 0 0 4 1 4 2
fi=(222)
+6 653 1 1 0 1 1 0 1
+7 * 1
+7 * 1
+3 * 1 1 1 0 0 0 0 0 0 0 0 1 1
cfi=(215)
cfn=(766)
calls=1 0xcdc40 325 
* * 398 119 13 0 0 0 0 0 0 103 2 1 1
fi=(226)
+6 422 1 1 0 0 1
fi=(222)
+7 653 1 1 0 0 1
+7 * 1
+3 437 1 0 1 0 0 1 0 0 1
+10 653 1
fi=(226)
+7 422 1
+4 * 1 0 1 1 0 0 1
fi=(222)
+7 653 1 1 1 0 0 0 0 0 0 0 0 1 1
cfi=(215)
cfn=(766)
calls=1 0xcdc40 325 
* * 398 119 13 0 0 0 0 0 0 103 1 1
fi=(226)
+6 859 1 1 0 0 1
fi=(222)
+7 653 1 1 0 0 1
+7 * 1
+3 437 1 0 1
+10 653 1
fi=(226)
+7 859 1
+4 * 1 0 1
fi=(222)
+7 653 1 1 1 0 0 0 0 0 0 0 0 1 1
cfi=(215)
cfn=(766)
calls=1 0xcdc40 325 
* * 398 119 13 0 1 0 0 1 0 103 1 1
fe=(213)
+6 537 1 0 0 1 0 0 1
+5 * 1
+7 * 1 1 1 0 1 0 0 0 0 0 0 1 1
cfi=(230)
cfn=(790)
calls=1 0x11d9e0 44 
* * 41 13 10 2 1 0 2 0 0 2 0 3 2
fi=(222)
+6 653 1 1
+7 * 1
+7 * 1
+3 * 1 1 1 0 0 0 0 0 0 0 0 1 1
cfi=(215)
cfn=(766)
calls=1 0xcdc40 325 
* * 398 119 13 0 0 0 0 0 0 103 1 1
fe=(213)
+6 540 1
+5 * 1
+7 * 1 1 1 0 1 0 0 0 0 0 0 1 1
cfi=(231)
cfn=(792)
calls=1 0xe2f70 103 
* * 18272 5071 2295 36 23 21 36 5 21 3157 96 656 21
fi=(222)
+6 653 1 1 0 0 1
+7 * 1 0 0 1 0 0 1
+7 * 1
+3 * 1 1 1 0 0 0 0 0 0 0 0 1 1
cfi=(215)
cfn=(766)
calls=1 0xcdc40 325 
* * 398 119 13 0 1 0 0 1 0 103 3 1
fe=(213)
+6 541 1
+5 * 1
+7 * 1 1 1 0 0 0 0 0 0 0 0 1 1
cfi=(223)
cfn=(818) std::codecvt<wchar_t, char, __mbstate_t>::codecvt(unsigned long)
calls=1 0xc7ff0 118 
* * 36 11 8 2 0 2 2 0 2 2 0 2 1
fi=(222)
+6 653 1 1
+7 * 1
+7 * 1
+3 * 1 1 1 0 0 0 0 0 0 0 0 1 1
cfi=(215)
cfn=(766)
calls=1 0xcdc40 325 
* * 398 119 13 0 0 0 0 0 0 103 1 1
fi=(224)
+6 1636 1
+7 +84 1
fi=(222)
+2 437 1 0 0 1 0 0 1
+7 * 1 0 1 0 0 1 0 0 1
fi=(224)
+10 1633 1 0 1
+7 +87 1
+7 -84 1
+4 -4 1 0 1
+11 +4 1 0 1
+7 +83 1 1 0 0 1
+7 -87 1 0 1 1 0 0 1
+11 +87 1
+4 -85 1 0 1
+11 * 1 0 1
+11 * 1 0 1
+11 +1 1 0 1 0 0 1 0 0 1
+11 * 1 0 1 1 0 0 1
+11 +1 1 0 1
fi=(222)
+7 437 1 0 1
fi=(224)
+10 1719 1 0 1
+7 * 1 0 1 0 0 1 0 0 1
+7 +1 1 1 1 0 1 0 0 0 0 0 0 1 1
cfi=(225)
cfn=(820)
calls=1 0xdb260 183 
* * 350 72 73 6 0 3 6 0 3 64 19
fi=(222)
+6 653 1 1 0 0 1
+7 * 1
+7 * 1
+3 * 1 1 1 0 0 0 0 0 0 0 0 1 1
cfi=(215)
cfn=(766)
calls=1 0xcdc40 325 
* * 398 119 13 0 1 0 0 1 0 103 1 1
fi=(224)
+6 1983 1 1 0 1 1 0 1
fi=(222)
+7 653 1 1
+7 * 1
+3 437 1 0 1
+10 653 1
fi=(224)
+7 1983 1
+4 * 1 0 1
fi=(222)
+7 653 1 1 1 0 0 0 0 0 0 0 0 1 1
cfi=(215)
cfn=(766)
calls=1 0xcdc40 325 
* * 398 119 13 0 1 0 0 1 0 103 1 1
fi=(224)
+6 2347 1 1 0 0 1
fi=(222)
+7 653 1 1 0 0 1
+7 * 1 0 0 1 0 0 1
+3 437 1 0 1
+10 653 1
fi=(224)
+7 2347 1
+4 * 1 0 1
fi=(222)
+7 653 1 1 1 0 0 0 0 0 0 0 0 1 1
cfi=(215)
cfn=(766)
calls=1 0xcdc40 325 
* * 398 119 13 0 0 0 0 0 0 103 1 1
+6 +63 1 1 0 0 1
+7 437 1 0 1
+10 716 1
+4 * 1 0 1
+7 * 1 1 1 1 0 0 1 0 0 0 0 1 1
cfi=(215)
cfn=(746)
calls=1 0xcd670 221 
* * 18 6 2 0 0 0 0 0 0 2 0 1
+6 * 1
+7 * 1
+5 * 1 1 0 0 1
+8 * 1 1
+8 * 1
+5 * 1
+5 * 1 1
+8 * 1 0 1
+7 -64 1
+4 * 1 0 0 1 0 0 1
+4 +1 1
+3 * 1 1 0 0 1
+7 * 1
+4 * 1 0 1
+7 * 1
+7 * 1 0 1
+7 * 1 0 1
+4 * 1 1 1 0 0 0 0 0 0 0 0 1 1
cfi=(215)
cfn=(766)
calls=1 0xcdc40 325 
* * 398 119 13 0 0 0 0 0 0 103 1 1
fi=(226)
+6 1026 1
+7 +82 1
+2 * 1
fi=(222)
+2 437 1 0 1 1 0 1 1 0 1
fi=(226)
+10 1019 1 0 1
+7 +89 1
+7 -82 1
+4 -7 1 0 1
+11 +7 1 0 1
+7 +81 1 1 0 0 1
+7 -88 1 0 1
+11 +88 1
+4 -87 1 0 1 1 0 0 1
+11 +87 1 0 1 0 0 1 0 0 1
+7 * 1
+7 -86 1 0 1
+11 * 1 0 1
+11 +1 1 0 1 0 0 1 0 0 1
+11 * 1 0 1 1 0 0 1
+11 +1 1 0 1
+11 * 1 0 1
+11 +1 1 0 1
+10 +1 1 0 1
+11 +1 1 0 1 0 0 1 0 0 1
fi=(222)
+7 437 1 0 1
fi=(226)
+10 1107 1 0 1 1 0 0 1
+7 +1 1 1 1 0 1 0 0 0 0 0 0 1 1
cfi=(227)
cfn=(822) std::__cxx11::moneypunct<wchar_t, false>::_M_initialize_moneypunct(__locale_struct*, char const*)
calls=1 0xda680 741 
* * 102 26 28 5 0 0 5 0 0 14 9
fi=(222)
+6 653 1 1 0 0 1
+7 * 1
+7 * 1
+3 * 1 1 1 0 0 0 0 0 0 0 0 1 1
cfi=(215)
cfn=(766)
calls=1 0xcdc40 325 
* * 398 119 13 0 0 0 0 0 0 103 1 1
fi=(226)
+6 1026 1
+7 +82 1
+2 * 1
fi=(222)
+2 437 1 0 1
fi=(226)
+10 1019 1 0 1 0 0 1 0 0 1
+7 +89 1 0 0 1 0 0 1
+7 -82 1
+4 -7 1 0 1
+11 +7 1 0 1
+7 +81 1 1 0 0 1
+7 -88 1 0 1
+11 +88 1
+4 -87 1 0 1
+11 +1 1 0 1 1 0 0 1
+11 * 1 0 1
+11 +1 1 0 1
+11 * 1 0 1
+11 +1 1 0 1
+11 * 1 0 1
+11 +1 1 0 1 1 0 1 1 0 1
+10 +1 1 0 1
+11 +1 1 0 1
fi=(222)
+7 437 1 0 1
fi=(226)
+10 1107 1 0 1
+7 * 1 0 1
+7 +1 1 1 1 0 1 0 0 0 0 0 0 1 1
cfi=(227)
cfn=(824) std::__cxx11::moneypunct<wchar_t, true>::_M_initialize_moneypunct(__locale_struct*, char const*)
calls=1 0xda060 558 
* * 102 26 28 6 0 0 6 0 0 14 7
fi=(222)
+6 653 1 1 0 1 0 0 1
+7 * 1
+7 * 1
+3 * 1 1 1 0 0 0 0 0 0 0 0 1 1
cfi=(215)
cfn=(766)
calls=1 0xcdc40 325 
* * 398 119 13 0 0 0 0 0 0 103 1 1
fi=(226)
+6 1530 1 1 0 0 1
fi=(222)
+7 653 1 1 0 0 1
+7 * 1
+3 437 1 0 1
+10 653 1
fi=(226)
+7 1530 1
+4 * 1 0 1
fi=(222)
+7 653 1 1 1 1 0 0 1 0 0 0 0 1 1
cfi=(215)
cfn=(766)
calls=1 0xcdc40 325 
* * 398 119 13 0 0 0 0 0 0 103 1 1
fi=(226)
+6 1690 1 1 0 0 1
fi=(222)
+7 653 1 1 0 0 1
+7 * 1
+3 437 1 0 1
+10 653 1
fi=(226)
+7 1690 1
+4 * 1 0 1
fi=(222)
+7 653 1 1 1 0 0 0 0 0 0 0 0 1
cfi=(215)
cfn=(766)
calls=1 0xcdc40 325 
* * 398 119 13 0 0 0 0 0 0 103 1 1
fi=(226)
+6 138 1
+7 -13 1 0 0 1 0 0 1
fi=(222)
+4 437 1 0 1
fe=(213)
+10 563 1
fi=(226)
+5 138 1 0 1 0 0 1 0 0 1
fe=(213)
+7 563 1
+7 * 1
fi=(226)
+7 138 1
+4 -13 1 0 1
+7 +13 1 0 1
+7 * 1 0 1 1 0 0 1
+11 -13 1 0 1 0 0 1 0 0 1
+7 * 1 0 1
+7 * 1 0 1
+7 * 1 0 1
+7 * 1 0 1 0 0 1 0 0 1
+7 * 1 0 1
+7 * 1 0 1
+7 * 1 0 1
+7 * 1 0 1 1 0 1 1 0 1
+7 * 1 0 1
+7 * 1 0 1
+7 * 1 0 1
+7 * 1 0 1 0 0 1 0 0 1
+7 * 1 0 1
+7 * 1 0 1
+7 * 1 0 1
+7 * 1 0 1 0 0 1 0 0 1
+7 * 1 0 1 1 0 0 1
+7 * 1 0 1
+7 * 1 0 1
+7 * 1 0 1
+7 * 1 0 1
fe=(213)
+7 563 1 1 1 0 0 0 0 0 0 0 0 1 1
cfi=(228)
cfn=(826)
calls=1 0x176610 48 
* * 174 45 42 15 5 1 15 0 1 4 1 4 3
fi=(222)
+6 +90 1 1 0 0 1
+7 * 1
+7 * 1
+3 * 1 1 1 0 0 0 0 0 0 0 0 1 1
cfi=(215)
cfn=(766)
calls=1 0xcdc40 325 
* * 398 119 13 0 0 0 0 0 0 103 1 1
fi=(226)
+6 422 1 1 0 1 0 0 1
fi=(222)
+7 653 1 1
+7 * 1
+3 437 1 0 1
+10 653 1
fi=(226)
+7 422 1
+4 * 1 0 1
fi=(222)
+7 653 1 1 1 0 0 0 0 0 0 0 0 1 1
cfi=(215)
cfn=(766)
calls=1 0xcdc40 325 
* * 398 119 13 0 0 0 0 0 0 103 1 1
fi=(226)
+6 859 1 1 0 0 1
fi=(222)
+7 653 1 1 0 0 1
+7 * 1
+3 437 1 0 1 1 0 0 1
+10 653 1
fi=(226)
+7 859 1
+4 * 1 0 1
fi=(222)
+7 653 1 1 1 0 0 0 0 0 0 0 0 1 1
cfi=(215)
cfn=(766)
calls=1 0xcdc40 325 
* * 398 119 13 0 1 0 0 1 0 103 1 1
fe=(213)
+6 -86 1
+5 * 1
+7 * 1 1 1 0 0 0 0 0 0 0 0 1 1
cfi=(230)
cfn=(830)
calls=1 0x128450 44 
* * 41 13 10 2 0 1 2 0 1 2 0 3 2
fi=(222)
+6 +86 1 1 0 0 1
+7 * 1
+7 * 1 0 0 1 0 0 1
+3 * 1 1 1 0 0 0 0 0 0 0 0 1
cfi=(215)
cfn=(766)
calls=1 0xcdc40 325 
* * 398 119 13 0 0 0 0 0 0 103 1 1
fi=(242)
+6 489 1 1 0 0 1
fi=(222)
+7 653 1 1 0 0 1
+7 * 1
+3 437 1 0 1
+10 653 1
fi=(242)
+7 489 1
+4 * 1 0 1
fi=(222)
+7 653 1 1 1 0 0 0 0 0 0 0 0 1 1
cfi=(215)
cfn=(766)
calls=1 0xcdc40 325 
* * 398 119 13 0 0 0 0 0 0 103 1 1
fi=(242)
+6 546 1 1 0 1 0 0 1
fi=(222)
+7 653 1 1
+7 * 1
+3 437 1 0 1
+10 653 1
fi=(242)
+7 546 1
+4 * 1 0 1
fi=(222)
+7 653 1 1 1 0 0 0 0 0 0 0 0 1 1
cfi=(215)
cfn=(766)
calls=1 0xcdc40 325 
* * 398 119 13 0 0 0 0 0 0 103 1 1
fi=(242)
+6 -49 1 1
fi=(222)
+7 +49 1 1
+7 * 1
+3 437 1 0 1 1 0 0 1
+10 653 1
fi=(242)
+7 -49 1
+4 * 1 0 1
fi=(222)
+7 +49 1 1 1 0 0 0 0 0 0 0 0 1 1
cfi=(215)
cfn=(766)
calls=1 0xcdc40 325 
* * 398 119 13 0 0 0 0 0 0 103 1 1
fi=(242)
+6 +8 1 1
fi=(222)
+7 -8 1 1
+7 * 1
+3 437 1 0 1
+10 653 1 0 0 1 0 0 1
fi=(242)
+7 +8 1
+4 * 1 0 1
fi=(222)
+7 -8 1 1 1 0 0 0 0 0 0 0 0 1 1
cfi=(215)
cfn=(766)
calls=1 0xcdc40 325 
* * 398 119 13 0 0 0 0 0 0 103 1 1
fe=(213)
+6 -63 1 1
+8 * 1 1
+5 +3 1
+4 * 1
+3 -3 1 1
+8 * 1 0 1
+4 * 1 0 1
+4 * 1 0 1
+4 +3 1 0 1 1 0 0 1
cfi=(243)
cfn=(834)
calls=1 0xebf10 100 
* * 1890 600 445 66 21 7 66 0 7 244 70 40 35
+6 +5 1 1
+4 * 1 1
+7 * 1 1 1 0 0 0 0 0 0 0 0 1
cfi=(215)
cfn=(768)
calls=1 0xcdbe0 -91 
* * 6 2 0 0 0 0 0 0 0 1
+6 * 1
+7 +1 1 1
+7 -1 1 0 1
+4 +1 1 1
+4 * 1 1 1 0 0 0 0 0 0 0 0 1 1
cfi=(215)
cfn=(768)
calls=1 0xcdbe0 -92 
* * 6 2 0 0 0 0 0 0 0 1
+6 +1 1 1
+7 -1 1 0 1
+4 +1 1 1
+4 * 1 1 1 1 0 0 1 0 0 0 0 1 1
cfi=(215)
cfn=(768)
calls=1 0xcdbe0 -93 
* * 6 2 0 0 0 0 0 0 0 1
+6 * 1
+7 +1 1 1
+7 -1 1 0 1
+4 +1 1 1
+4 * 1 1 1 0 0 0 0 0 0 0 0 1 1
cfi=(215)
cfn=(768)
calls=1 0xcdbe0 -94 
* * 6 2 0 0 0 0 0 0 0 1
+6 * 1
+7 +2 1 1
+7 -2 1 0 1
+4 +2 1 1
+4 * 1 1 1 0 0 0 0 0 0 0 0 1 1
cfi=(215)
cfn=(768)
calls=1 0xcdbe0 -96 
* * 6 2 0 0 0 0 0 0 0 1
+6 +1 1 1 0 1 0 0 1
+7 -1 1 0 1
+4 +1 1 1
+4 * 1 1 1 0 0 0 0 0 0 0 0 1 1
cfi=(215)
cfn=(768)
calls=1 0xcdbe0 -97 
* * 6 2 0 0 0 0 0 0 0 1
+6 * 1
+7 +1 1 1
+7 -1 1 0 1
+5 +1 1 1
+4 * 1 1 1 0 0 0 0 0 0 0 0 1 1
cfi=(215)
cfn=(768)
calls=1 0xcdbe0 -98 
* * 6 2 0 0 0 0 0 0 0 1
+6 +1 1 1
+4 * 1 1
+7 -1 1 0 1
+5 +1 1 1 1 1 0 0 1 0 0 0 0 1 1
cfi=(215)
cfn=(768)
calls=1 0xcdbe0 -99 
* * 6 2 0 0 0 0 0 0 0 1
+6 * 1
+7 * 1 0 1
+4 +2 1 1
+4 * 1 1
+9 * 1 0 0 0 0 0 0 0 0 1
+2 * 1
+4 * 1 1
+1 * 1 1
+2 * 1 1
+2 * 1 1
+2 * 1 1
+2 * 1 1
+1 * 1 1

fn=(736) std::locale::_S_initialize_once()
0xe7c00 324 1 0 0 1 0 0 1
+4 +4 1
+7 * 1 1
+4 * 1 0 0 0 0 0 0 0 0 1 1
+9 -4 1 0 1
+1 +9 1
+5 * 1
+7 -9 1
+3 +9 1 1 1 0 1 1 0 0 0 0 0 1 1
cfn=(738)
calls=1 0xe6d40 490 
* * 35552 10177 3932 270 139 100 270 20 94 6943 305 812 130
+6 * 1
+7 * 1
+7 +2 1
+7 * 1
+3 -2 1 0 1
+3 +1 1
+7 * 1 0 1
+3 +2 1 1
+1 -1 1 1 0 0 1 0 0 0 0 0 0 1 1
cfi=(215)
cfn=(856)
calls=1 0xccd20 88 
* * 3 1 1 1 0 0 1

fn=(734) std::locale::_S_initialize()
0xe7c60 340 5150 0 0 1 0 0 1
fi=(212)
+4 57 5150 5150 0 0 1 0 0 1
fe=(213)
+7 342 5150 5150 0 0 1
+3 * 5150 0 0 0 0 0 0 0 0 5150
+2 +3 5150
+7 * 5150 5150 0 0 2 0 0 2
+4 * 5150 0 0 0 0 0 0 0 0 5150 1
+2 * 5149 5149
+51 +1 1 0 0 1 0 0 1
cfn=(736)
calls=1 0xe7c00 -22 
* * 35573 10182 3937 272 141 101 272 20 94 6944 306 814 132

fn=(732)
0xe7cd0 269 5150 0 0 1 0 0 1
+4 * 5150 0 5150
+1 * 5150
+3 * 5150 0 5150 0 0 1 0 0 1
+1 * 5150
+3 * 5150
+4 * 5150 0 5150 0 0 2 0 0 1
+7 +2 5150 0 5150 0 0 1 0 0 1
cfn=(734)
calls=5150 0xe7c60 +69 
* * 76773 30781 3937 274 145 101 274 23 94 17244 307 814 132
+6 +11 5150
+7 +1 5150
+7 -1 5150 5150
+3 * 5150 0 5150 1 0 0 1
+3 +1 5150 5150
+3 * 5150 0 0 0 0 0 0 0 0 5150 11
+74 +6 5150 5150 0 1 0 0 1
+4 * 5150 5150
+1 * 5150 5150

fl=(227)
fn=(824)
0xda060 558 1 0 0 1 0 0 1
+4 * 1 0 1
+1 * 1
+3 * 1
+4 * 1 0 1
+4 * 1
+3 * 1 0 1
+4 * 1 1
+9 * 1 0 1 1 0 0 1
+4 * 1
+3 +1 1 1
+5 * 1 0 0 0 0 0 0 0 0 1
+6 +3 1
+3 * 1 0 0 0 0 0 0 0 0 1 1
0xda2b5 731 1 1 0 1 0 0 1
+4 * 1 1
+9 * 1 0 0 0 0 0 0 0 0 1
+6 * 1 1
+4 * 1 1
+4 * 1 1
+1 * 1 1
+7 565 1 1 0 1 0 0 1
+5 +5 1
+7 -5 1
+10 +2 1
+7 -2 1 0 1
+4 +12 1 1
+7 -7 1 0 1 1 0 0 1
+4 +7 1 1
+2 -5 1 0 1
+4 +2 1 0 1
+4 +3 1 0 1
+3 -10 1 0 1
+4 +1 1 0 1
+8 +1 1 0 1
+4 +2 1 0 1
+8 +2 1 0 1
+8 +2 1 0 1
+8 +1 1 0 1
+7 +2 1 1 0 1 0 0 1
+5 * 1 0 1
+3 +5 1 1
+7 -1 1 1
+5 +1 1 1
+3 -2 1
+2 * 1
+7 +2 1 1
+4 * 1 0 1
+4 -2 1
+4 * 1
+4 * 1 0 0 0 0 0 0 0 0 1
-16 +2 10 10
+4 * 10 0 10
+4 -2 10
+4 * 10
+4 * 10 0 0 0 0 0 0 0 0 10 6
+2 * 1

fn=(822)
0xda680 741 1 0 0 1 0 0 1
+4 * 1 0 1
+1 * 1
+3 * 1
+4 * 1 0 1
+4 * 1
+3 * 1 0 1
+4 * 1 1
+9 * 1 0 1
+4 * 1
+3 +1 1 1
+5 * 1 0 0 0 0 0 0 0 0 1
+6 +3 1
+3 * 1 0 0 0 0 0 0 0 0 1 1
0xda8d5 914 1 1
+4 * 1 1
+9 * 1 0 0 0 0 0 0 0 0 1
+6 * 1 1
+4 * 1 1
+4 * 1 1
+1 * 1 1
+7 748 1 1 0 1 0 0 1
+5 +5 1 0 0 1 0 0 1
+7 -5 1
+10 +2 1
+7 -2 1 0 1
+4 +12 1 1
+7 -7 1 0 1
+4 +7 1 1
+2 -5 1 0 1
+4 +2 1 0 1
+4 +3 1 0 1
+3 -10 1 0 1
+4 +1 1 0 1
+8 +1 1 0 1 1 0 0 1
+4 +2 1 0 1
+8 +2 1 0 1
+8 +2 1 0 1
+8 +1 1 0 1
+7 +2 1 1
+5 * 1 0 1
+3 +5 1 1
+7 -1 1 1
+5 +1 1 1
+3 -2 1
+2 * 1
+7 +2 1 1 0 1 0 0 1
+4 * 1 0 1
+4 -2 1
+4 * 1
+4 * 1 0 0 0 0 0 0 0 0 1 1
-16 +2 10 10
+4 * 10 0 10
+4 -2 10
+4 * 10
+4 * 10 0 0 0 0 0 0 0 0 10 7
+2 * 1

fn=(784)
0xd93e0 216 1 0 0 1 0 0 1
+4 * 1 0 1
+1 * 1
+3 * 1
+4 * 1 0 1
+4 * 1
+3 * 1 0 1
+4 * 1
+3 +1 1 1
+5 * 1 0 0 1 0 0 1 0 0 1
+6 +3 1
+3 * 1 0 0 0 0 0 0 0 0 1 1
0xd9630 +3 1 1 0 1 0 0 1
+4 +12 1 1
+7 -10 1 0 0 1 0 0 1
+7 -2 1 0 1
+4 +1 1 1
+4 +11 1 1
+2 -11 1 0 1
+4 +1 1 1
+4 * 1 0 1
+4 +1 1 0 1
+8 +1 1 0 1
+4 +1 1 0 1
+4 +1 1 0 1
+8 +1 1 0 1
+4 +1 1 0 1
+8 +1 1 0 1
+4 +1 1 0 1 1 0 0 1
+8 +1 1 0 1
+7 +1 1 0 1
+3 +1 1 1
+4 * 1 0 1
+3 +3 1 1
+7 * 1 1
+3 -1 1
+2 * 1
+5 * 1
+11 * 1
+11 +1 1 1 0 1 0 0 1
+4 * 1 1
+4 * 1 0 1
+4 -1 1
+4 * 1
+4 * 1 0 0 0 0 0 0 0 0 1 1
-20 +1 10 10
+4 * 10 10
+4 * 10 0 10
+4 -1 10
+4 * 10
+4 * 10 0 0 0 0 0 0 0 0 10 6
+2 366 1 1
+4 * 1 1
+4 * 1 1
+1 * 1 1

fn=(782)
0xd9920 372 1 0 0 1 0 0 1
+4 * 1 0 1
+1 * 1
+3 * 1
+4 * 1 0 1
+4 * 1
+3 * 1 0 1
+4 * 1
+3 +1 1 1
+5 * 1 0 0 1 0 0 1 0 0 1
+6 +3 1
+3 * 1 0 0 0 0 0 0 0 0 1 1
0xd9b60 +3 1 1 0 1 0 0 1
+4 +12 1 1 0 0 1
+7 -10 1
+7 -2 1 0 1
+4 +1 1 1
+4 +11 1 1 0 0 1 0 0 1
+2 -11 1 0 1
+4 +1 1 1 0 1 0 0 1
+4 * 1 0 1
+4 +1 1 0 1
+8 +1 1 0 1
+4 +1 1 0 1
+4 +1 1 0 1
+8 +1 1 0 1
+4 +1 1 0 1
+8 +1 1 0 1
+4 +1 1 0 1
+8 +1 1 0 1
+7 +1 1 0 1 1 0 0 1
+3 +1 1 1
+4 * 1 0 1
+3 +3 1 1 0 0 1
+7 * 1 1
+3 -1 1
+2 * 1
+11 +1 1 1
+4 * 1 1
+4 * 1 0 1
+4 -1 1
+4 * 1
+4 * 1 0 0 0 0 0 0 0 0 1 1
-20 +1 10 10 0 0 1 0 0 1
+4 * 10 10
+4 * 10 0 10
+4 -1 10
+4 * 10
+4 * 10 0 0 0 0 0 0 0 0 10 6
+2 517 1 1
+4 * 1 1
+4 * 1 1
+1 * 1 1

fl=(229)
fn=(788)
0xdb5a0 66 1 0 0 1 0 0 1
+4 * 1 0 1
+1 * 1
+3 * 1 0 1
+2 * 1 0 1
+1 * 1
+3 * 1
+4 * 1 0 1
+4 +1 1 1
+5 * 1 0 0 1 0 0 1 0 0 1
+6 +3 1 1
+5 * 1 0 0 0 0 0 0 0 0 1 1
0xdbab0 192 1 1 0 1 1 0 1
+8 * 1
+7 * 1 1 0 1 0 0 1
+8 * 1
+7 * 1
+5 * 1
+4 * 1
+4 * 1 0 1
+4 * 1 0 1
+4 73 1 1 1 0 0 0 0 0 0 0 0 1
cfi=(215)
cfn=(746)
calls=1 0xcd670 221 
* * 18 6 2 0 0 0 0 0 0 2 0 1
+6 +2 1
+7 * 1 1
+8 * 1 1
+5 -2 1 0 1 1 0 0 1
+4 +2 1 1
+4 * 1
+5 * 1
+7 * 1
+4 * 1
+5 * 1
+7 * 1 0 1
+4 * 1
+5 * 1 1
+8 * 1
+7 * 1
+5 * 1 0 0 1 0 0 1
+7 * 1 0 1
+7 * 1 1 0 0 1
+8 * 1
+4 * 1
+5 * 1
+7 * 1 0 1
+4 * 1
+5 +54 1
+7 -54 1
+4 * 1 0 1
+4 * 1 1 0 1 0 0 1
+8 * 1
+4 * 1
+5 * 1
+7 * 1 0 1
+4 * 1 1
+8 * 1
+4 * 1
+5 * 1
+7 * 1 0 1
+4 * 1 1
+8 * 1
+4 * 1 0 0 1 0 0 1
+5 * 1
+7 * 1 0 1
+4 * 1 1
+8 * 1
+4 * 1
+5 * 1
+7 * 1 0 1
+4 * 1 1
+8 * 1
+4 * 1
+5 * 1 0 0 1 0 0 1
+7 * 1 0 1
+7 * 1 1
+8 * 1
+4 * 1
+5 * 1
+7 * 1 0 1
+7 * 1
+4 * 1 1
+8 * 1 0 1
+7 * 1 1 0 1 0 0 1
+8 * 1
+4 * 1
+5 * 1
+7 * 1 0 1
+7 * 1
+4 * 1 1
+8 * 1
+4 * 1
+5 * 1
+7 * 1 0 1
+7 * 1 1 0 1 0 0 1
+8 * 1
+4 * 1
+5 * 1
+7 * 1 0 1
+7 * 1 1
+8 * 1
+4 * 1
+5 * 1
+7 * 1 0 1
+7 * 1 0 0 1 0 0 1
+5 * 1
+7 * 1 0 1
+7 * 1 1
+5 * 1 1 0 0 1
+8 * 1
+5 * 1
+7 +54 1 0 1
+7 -54 1 0 1
+7 * 1
+4 * 1
+5 * 1 1 0 1 0 0 1
+8 * 1 0 1
+7 * 1 1
+8 * 1
+4 * 1 0 1
+7 * 1
+4 * 1 1
+8 * 1 0 1
+7 * 1 1
+8 * 1 0 0 1 0 0 1
+4 * 1 0 1
+7 * 1
+4 * 1 1
+8 * 1 0 1
+7 * 1
+4 * 1 0 1
+7 192 1
+4 * 1 1
+1 * 1 1
+2 * 1 1
+1 * 1 1

fn=(828)
0xdbe80 222 1 0 0 1 0 0 1
+4 * 1 0 1
+1 * 1
+3 * 1 0 1
+1 * 1
+3 * 1
+4 * 1 0 1
+4 +1 1 1
+5 * 1 0 0 0 0 0 0 0 0 1
+6 +3 1 1
+5 * 1 0 0 0 0 0 0 0 0 1 1
0xdc360 396 1 1 0 1 0 0 1
+8 * 1
+7 * 1 1
+8 * 1
+5 * 1
+4 * 1 0 0 1 0 0 1
+4 * 1 0 1
+4 * 1 0 1
+4 229 1 1 1 0 0 0 0 0 0 0 0 1 1
cfi=(215)
cfn=(746)
calls=1 0xcd670 -8 
* * 18 6 2 0 0 0 0 0 0 2 0 1
+6 +2 1
+7 * 1 1 0 0 1
+8 * 1 1
+5 -2 1 0 1
+4 +2 1 1
+4 * 1
+5 * 1
+7 * 1
+4 * 1 0 0 1 0 0 1
+5 * 1
+7 * 1 0 1
+4 * 1
+5 * 1 1
+8 * 1
+7 * 1
+5 * 1
+7 * 1 0 1
+7 * 1 1 0 0 1
+8 * 1 0 0 1 0 0 1
+4 * 1
+5 * 1
+7 * 1 0 1
+4 +54 1
+7 -54 1 1
+8 * 1
+4 * 1 0 1
+4 * 1 1
+8 * 1
+4 * 1
+5 * 1
+7 * 1 0 1 1 0 0 1
+4 * 1 1
+8 * 1
+4 * 1
+5 * 1
+7 * 1 0 1
+4 * 1 1
+8 * 1
+4 * 1
+5 * 1
+7 * 1 0 1
+4 * 1 1 0 1 0 0 1
+8 * 1
+4 * 1
+5 * 1
+7 * 1 0 1
+4 * 1 1
+8 * 1
+4 * 1
+5 * 1
+7 * 1 0 1
+7 * 1 1
+8 * 1 0 0 1 0 0 1
+4 * 1
+5 * 1
+7 * 1 0 1
+7 * 1
+4 * 1 1
+8 * 1 0 1
+7 * 1
+4 * 1
+5 * 1
+7 * 1 0 1
+7 * 1 1 0 1 0 0 1
+8 * 1
+4 * 1
+5 * 1
+7 * 1 0 1
+7 * 1 1
+8 * 1
+4 * 1
+5 * 1
+7 * 1 0 1
+7 * 1 1 0 1 0 0 1
+8 * 1
+4 * 1
+5 * 1
+7 * 1 0 1
+7 * 1
+5 * 1 1
+8 396 1 1
+4 231 1 1
+5 * 1
+7 +54 1 0 1 1 0 0 1
+7 -54 1
+4 * 1
+5 * 1
+7 * 1 0 1
+7 * 1 1
+8 * 1 0 1
+7 * 1 1 0 0 1
+8 * 1
+4 * 1
+5 * 1
+4 * 1 0 1 1 0 0 1
+7 * 1 1
+8 * 1 0 1
+7 * 1 1
+8 * 1
+4 * 1
+4 * 1 0 1
+7 * 1 1
+8 * 1 0 1
+7 * 1 1
+8 * 1 0 0 1 0 0 1
+4 * 1
+4 * 1 0 1
+7 * 1 0 1
+7 396 1 1
+1 * 1 1

fl=(251) /usr/src/debug/gcc/gcc/libstdc++-v3/src/c++98/ios_locale.cc
fn=(868) std::ios_base::_M_init()
0xcc5a0 39 3084 0 0 1 0 0 1
+4 * 3084 0 3084
+1 * 3084
+3 * 3084 0 3084
+1 * 3084
+4 +2 3084 3084 0 0 3 0 0 2
+8 -2 3084 3084
+9 * 3084 0 3084 1 0 0 1
+4 * 3084
+3 +4 3084 0 3084
+7 -2 3084 0 3084
+4 +3 3084
+4 * 3084 3084 3084 0 0 0 0 0 0 0 0 3084 1
cfi=(213)
cfn=(732)
calls=3084 0xe7cd0 269 
* * 77100 27756 15420 0 0 1 0 0 1 9252 6
+6 * 3084
+4 * 3084
+7 * 3084 3084 3084 0 278 0 0 1 0 0 0 3084 1
cfi=(215)
cfn=(870)
calls=3084 0xcd8d0 +76 
* * 43176 15420 3084 4 0 0 4 0 0 6168 18
+6 * 3084
+4 * 3084 3084 3084 0 1 0 0 1 0 0 0 3084 1
cfi=(215)
cfn=(872)
calls=3084 0xcd980 +47 
* * 18504 9252 0 1 0 0 1 0 0 3084 7
+6 +1 3084 3084
+4 * 3084 3084 0 1 0 0 1
+9 * 3084 0 0 0 0 0 0 0 0 3084
+2 * 3084 3084
+4 * 3084 3084
+1 * 3084 3084

fl=(257) ???
fn=(908) 0x00000000000b2f20
0xb2e90 0 1 0 0 1 0 0 1
+7 0 1
+7 0 1
+3 0 1
+3 0 1
+4 0 1
+4 0 1
+3 0 1
+3 0 1 0 0 0 0 0 0 0 0 1 1
+22 0 1 1 0 1 0 0 1
+88 0 1 0 0 1 0 0 1
+4 0 1

fn=(1686) 0x00000000000b2ed0
0xb2ed0 0 1 0 0 1 0 0 1
+4 0 1 1 0 0 1 0 0 1
+7 0 1 0 0 0 0 0 0 0 0 1
+2 0 1 0 1
+1 0 1 1 0 0 1 0 0 1
+8 0 1
+3 0 1 0 0 0 0 0 0 0 0 1
+2 0 1 1 0 0 1 0 0 1
+7 0 1 1 1 0 0 0 0 0 0 0 0 1 1
cob=(2)
cfi=(382) /usr/src/debug/glibc/glibc/stdlib/cxa_finalize.c
cfn=(1652) __cxa_finalize
calls=1 0x40960 45 
* 0 1538 607 252 35 53 5 35 44 1 230 47 58 27
+6 0 1 0 1
cfn=(1736) 0x00000000000b2e60
calls=1 0xb2e60 0 
* 0 5 1 0 2 0 0 2 0 0 1 1
+5 0 1 0 1 1 0 0 1
+7 0 1 1
+1 0 1 1

fn=(1736)
0xb2e60 0 1 0 0 1 0 0 1
+7 0 1
+7 0 1
+3 0 1 0 0 0 0 0 0 0 0 1 1
+23 0 1 1 0 1 0 0 1

fl=(372) /usr/src/debug/gcc/gcc-build/x86_64-pc-linux-gnu/libstdc++-v3/include/bits/ostream_insert.h
fn=(1604) std::basic_ostream<char, std::char_traits<char> >& std::__ostream_insert<char, std::char_traits<char> >(std::basic_ostream<char, std::char_traits<char> >&, char const*, long)
0x15bf80 84 523776 0 0 1 0 0 1
+4 * 523776 0 523776
+1 * 523776
+3 * 523776 0 523776
+2 * 523776 0 523776
+2 * 523776 0 523776
+2 * 523776 0 523776
+2 * 523776 0 523776
+1 * 523776
+3 * 523776
+4 * 523776 0 523776
+4 +6 523776
+3 * 523776
+4 -6 523776 523776
+9 * 523776 0 523776
+4 * 523776
+3 +6 523776 523776 523776 0 0 0 0 0 0 0 0 523776 1
cfi=(355)
cfn=(1518)
calls=523776 0x15b140 -40 
* * 7856640 2618880 1571328 0 0 0 0 0 0 1047552 4
+6 +1 523776 523776
+4 * 523776 0 0 1 0 0 1 0 0 523776
+6 +4 523776 523776
+3 * 523776 523776
+4 * 523776
fi=(249)
+4 790 523776 523776
fe=(372)
+4 96 523776
+3 * 523776 0 0 0 0 0 0 0 0 523776
fi=(249)
0x15c0b0 801 523776 0 523776 1 0 0 1
fi=(253)
+8 577 523776 523776
+4 * 523776 523776
+4 * 523776 523776 0 1 0 0 1
+4 * 523776
+3 +1 523776 523776
+5 * 523776 0 0 0 0 0 0 0 0 523776 4
fe=(372)
+10 121 523776 523776
+4 * 523776 523776
+9 * 523776 0 0 0 0 0 0 0 0 523776
+6 * 523776
+4 * 523776
+3 * 523776 523776
+1 * 523776 523776
+2 * 523776 523776
+2 * 523776 523776
+2 * 523776 523776
+2 * 523776 523776
+1 * 523776 523776
fi=(247)
+78 339 523776 523776 0 1 0 0 1
fi=(246)
+7 460 523776 523776
+4 * 523776
+3 * 523776 523776
+3 * 523776 523776 523776 0 0 0 0 0 0 0 0 523776 1
cfi=(294)
cfn=(1576)
calls=523776 0x12dc00 759 
* * 51334947 14143539 7858020 0 1 3 0 1 0 7856709 28975 1571466
fe=(372)
+3 60 523776 523776
+3 +50 523776 523776
+4 * 523776
+3 -51 523776
+3 * 523776 0 0 0 0 0 0 0 0 523776 4

fl=(258) /usr/src/debug/gcc/gcc/libstdc++-v3/src/c++11/compatibility-c++0x.cc
fn=(916) std::error_category::error_category()
0xb41f0 180 2 0 0 1 0 0 1
+4 * 2 2 0 0 1
+7 * 2
+4 * 2 0 2 1 0 0 1
+3 * 2 2

fn=(914) _GLOBAL__sub_I_compatibility_c__0x.cc
0xb2600 260 1 0 0 1 0 0 1
+4 * 1 0 1
+1 -72 1
+7 +30 1 0 1 0 0 1
+11 +42 1
+3 -72 1 1 1 0 0 0 0 0 0 0 0 1 1
cfn=(916)
calls=1 0xb41f0 -8 
* * 5 2 1 2 1 0 2
+6 * 1
+7 +30 1
+7 * 1
+7 * 1
+7 -30 1 0 1 1 0 0 1
+7 +30 1 1 1 0 0 0 0 0 0 0 0 1 1
cob=(2)
cfi=(255)
cfn=(900)
calls=1 0x40950 67 
* * 76 13 15 0 0 1 0 0 1 10 3
+6 -15 1
+7 +16 1 0 1
+11 -16 1 1 1 0 0 0 0 0 0 0 0 1 1
cfn=(916)
calls=1 0xb41f0 -23 
* * 5 2 1
+6 * 1
+7 +57 1 1
+1 -42 1
+7 -15 1 0 1
+7 +15 1
+7 * 1 0 0 1 0 0 1
+7 * 1 1 0 0 0 0 0 0 0 0 0 1 1
cob=(2)
cfi=(255)
cfn=(900)
calls=1 0x40950 67 
* * 76 13 15 0 0 0 0 0 0 10 3

fn=(1694) std::error_category::~error_category()
0xb4210 182 2
+4 * 2 2

fn=(1696) std::(anonymous namespace)::generic_error_category::~generic_error_category()
0xb4270 188 1 0 0 1 0 0 1
+4 * 1
+7 * 1 0 1
+3 * 1 1 0 1 0 0 1 0 0 0 0 1 1
cfn=(1694)
calls=1 0xb4210 -6 
* * 2 1

fn=(1692) std::(anonymous namespace)::system_error_category::~system_error_category()
0xb4220 203 1 0 0 1 0 0 1
+4 * 1
+7 * 1 0 1 0 0 1 0 0 1
+3 * 1 1 0 0 1 0 0 1 0 0 0 1 1
cfn=(1694)
calls=1 -30 -21 
* * 2 1

fl=(306)
fn=(1130)
0xb6f90 31 3074 0 0 1 0 0 1
+4 +1 3074 3074 0 0 1 0 0 0 0 0 0 3074 1
cfi=(288)
cfn=(1046)
calls=3074 0xb6f20 +11 
* * 507629 84053 50164 1182 1027 2116 20 0 2075 90250 4307 3075 1

fl=(270) /usr/src/debug/gcc/gcc/libstdc++-v3/src/c++98/bitmap_allocator.cc
fn=(952) _GLOBAL__sub_I_bitmap_allocator.cc
0xb2910 127 1 0 0 1 0 0 1
fi=(271) /usr/src/debug/gcc/gcc-build/x86_64-pc-linux-gnu/libstdc++-v3/include/ext/bitmap_allocator.h
+4 1113 1
+7 * 1
+4 * 1 1 0 0 1
+3 * 1 0 0 0 0 0 0 0 0 1
+2 * 1 0 1
+3 106 1
+7 * 1
+2 * 1 0 1 0 0 1
+4 * 1 0 1
+3 1126 1
+7 * 1 1 0 1 0 0 1
+3 * 1 0 0 0 0 0 0 0 0 1 1
+2 +5 1
+7 * 1 1
+3 * 1 0 0 0 0 0 0 0 0 1
+2 * 1 0 1
fi=(394)
+3 134 1
+7 * 1
+2 * 1 0 1 0 0 1
+3 * 1 0 1
+4 * 1 0 1
+4 * 1 0 1
fi=(271)
+4 1113 1
+7 * 1 1
+3 * 1 0 0 0 0 0 0 0 0 1
+2 * 1 0 1
+3 106 1
+7 * 1
+2 * 1 0 1 0 0 1
+4 * 1 0 1
+3 1126 1
+7 * 1 1
+3 * 1 0 0 0 0 0 0 0 0 1 1
+2 +5 1
+7 * 1 1
+3 * 1 0 0 0 0 0 0 0 0 1
+2 * 1 0 1
fi=(394)
+3 134 1
+7 * 1
+2 * 1 0 1 0 0 1
+3 * 1 0 1
+4 * 1 0 1
+4 * 1 0 1
fe=(270)
+4 -7 1 1
fi=(271)
+1 1126 1 0 1 1 0 0 1
+3 412 1 1 0 1 1 0 1
+8 * 1
+7 +9 1 0 1
+8 -9 1 0 1
+3 * 1
+5 1126 1 0 1
+3 412 1 1
+8 * 1
+7 +9 1 0 1
+8 -9 1 0 1
+3 * 1
fe=(270)

fl=(344)
fn=(1384)
0xb4e10 34 3074 0 0 1024 0 0 1
+4 +1 3074 3074 0 0 2 0 0 0 0 0 0 3074 1
cfi=(338)
cfn=(1348)
calls=3074 -52 +13 
* * 467076 133838 75728 2065 2109 3 20 680 1 78685 1148 3074

fl=(261)
fn=(922)
0xe5820 89 1 0 0 1 0 0 1
+4 * 1
+7 * 1 1

fl=(357)
fn=(1532)
0x10ff20 78 523776 0 0 1 0 0 1
+4 * 523776 0 523776
+1 * 523776
+3 * 523776 0 523776
+2 * 523776
+3 * 523776 0 523776
+2 * 523776
+3 * 523776 0 523776
+2 * 523776 0 523776
+1 * 523776
+2 * 523776
+7 * 523776 0 523776 1 0 0 1
+7 * 523776 0 523776
+7 * 523776
+2 * 523776 0 0 0 0 0 0 0 0 523776
+2 * 523776 0 523776
+7 * 523776 0 523776
+7 * 523776 0 523776
+4 * 523776 0 523776
+4 * 523776 0 523776
+4 * 523776 0 523776
+4 * 523776 0 523776
+4 * 523776 0 523776
+4 * 523776 523776
+9 * 523776 0 523776 1 0 0 1
+7 * 523776
+2 +2 523776 523776
+3 * 523776 523776 523776 0 1 0 0 1 0 0 0 523776 1
cob=(2)
cfi=(233)
cfn=(796)
calls=523776 0x361c0 -50 
* * 11523072 4713984 2095104 2 3 0 2 2 0 523776
+6 +17 523776
+3 * 523776
+3 * 523776
+3 -17 523776
+3 +14 523776
+4 * 523776 0 523776
+10 +3 523776
+7 -3 523776 0 523776
+7 * 523776
+7 * 523776 0 523776 1 0 0 1
+10 * 523776 0 523776
+7 +3 523776 523776 523776 0 0 0 0 0 0 0 0 523776 1
cob=(2)
cfi=(358) /usr/src/debug/glibc/glibc/libio/vsnprintf.c
cfn=(1534) vsnprintf
calls=523776 0x8c330 +5 
* * 1228632794 272819049 177208844 130 24 19 130 23 19 189032684 4077414 3142656 4
+6 +8 523776
+3 -8 523776
+2 +8 523776 523776 523776 0 0 0 0 0 0 0 0 523776 1
cob=(2)
cfi=(233)
cfn=(796)
calls=523776 0x361c0 -75 
* * 11523072 4713984 2095104 0 1 0 0 1 0 523776
+6 +9 523776 523776
+7 * 523776 523776
+9 * 523776 0 0 0 0 0 0 0 0 523776
+2 * 523776
+7 * 523776
+2 * 523776 523776
+1 * 523776 523776
+2 * 523776 523776 0 1 0 0 1
+2 * 523776 523776
+2 * 523776 523776
+1 * 523776 523776

fl=(386)
fn=(1728)
0x12c580 193 5 0 0 1 0 0 1
+4 +1 5 5 0 0 2 0 0 2
+4 * 5 5 0 0 0 0 0 0 0 0 0 5 1
cob=(2)
cfi=(387) /usr/src/debug/glibc/glibc/libio/iofflush.c
cfn=(1708) fflush
calls=5 0x819e0 32 
* * 345 120 55 0 0 0 0 0 0 55 4 5

fn=(1706)
0x12c570 193 5 0 0 1 0 0 1
+4 +1 5 5 0 0 2 0 0 2
+4 * 5 5 0 0 1 0 0 1 0 0 0 5 1
cob=(2)
cfi=(387)
cfn=(1708)
calls=5 0x819e0 32 
* * 345 120 55 8 9 2 8 6 0 55 10 5 1

fl=(250)
fn=(888)
0x139a50 131 4 0 0 1 0 0 1
+4 * 4 0 4
+1 * 4
+3 * 4 0 4
+2 * 4
+3 * 4 0 4
+1 * 4
+3 +3 4 4 4 0 0 0 0 0 0 0 0 4 1
cfi=(251)
cfn=(868)
calls=4 0xcc5a0 -95 
* * 276 108 56 0 0 0 0 0 0 28 0 12
+6 +3 4
+3 * 4
+7 * 4 4 4 0 0 0 0 0 0 0 0 4 1
cfn=(890) std::basic_ios<wchar_t, std::char_traits<wchar_t> >::_M_cache_locale(std::locale const&)
calls=4 0x1395c0 +32 
* * 200 100 36 2 0 0 2 0 0 12 0 12 3
+6 +16 4 4
+7 * 4
+2 * 4 0 0 1 0 0 1
+3 * 4 0 0 0 0 0 0 0 0 4
fi=(224)
+2 299 4 4
+3 * 4
+5 * 4 4 4 0 1 0 0 0 0 0 0 4 1
cfi=(232)
cfn=(896)
calls=4 0xf9ed0 -94 
* * 16 8 0 1 0 0 1
fe=(250)
+3 155 4 0 4
+6 +1 4
+5 * 4 0 4
+6 +8 4
+2 * 4
+3 * 4
+3 -2 4 0 4
+7 -1 4 0 4
+11 +2 4 0 4 1 0 0 1
+7 +1 4 0 4
+3 +1 4 4
+1 * 4 4
+2 * 4 4
+1 * 4 4

fn=(866)
0x138d90 131 3080 0 0 1 0 0 1
+4 * 3080 0 3080
+1 * 3080
+3 * 3080 0 3080
+2 * 3080
+3 * 3080 0 3080
+1 * 3080
+3 * 3080
+4 +3 3080 3080 3080 0 3 0 0 1 0 0 0 3080 1
cfi=(251)
cfn=(868)
calls=3080 0xcc5a0 -95 
* * 212520 83160 43120 8 282 1 8 4 1 21560 31 9240 3
+6 +3 3080
+3 * 3080
+7 * 3080 3080 3080 0 1 0 0 1 0 0 0 3080 1
cfn=(876) std::basic_ios<char, std::char_traits<char> >::_M_cache_locale(std::locale const&)
calls=3080 0x138c10 +32 
* * 154000 77000 27720 3 578 0 3 9 0 9240 6 9240 2051
+6 +16 3080 3080 0 784 0 0 2
+7 * 3080
+2 * 3080
+3 * 3080 0 0 0 0 0 0 0 0 3080
fi=(224)
+2 884 3080 3080 0 0 1 0 0 1
+4 * 3080 0 0 0 0 0 0 0 0 3080 1
+2 +1 3079 3079
fe=(250)
+4 155 3079 0 3079
+6 * 3079
+5 +1 3079 0 3079
+6 +8 3079
+2 * 3079
+3 * 3079
+3 -2 3079 0 3079
+7 -1 3079 0 3079
+11 +2 3079 0 3079 1024 0 0 1
+7 +1 3079 0 3079
+3 +1 3079
+4 * 3079 3079
+1 * 3079 3079
+2 * 3079 3079
+1 * 3079 3079
-61 -10 1 0 1
+6 * 1
+5 +1 1 0 1
+6 +8 1
+2 * 1
+3 * 1
+3 -2 1 0 1
+7 -1 1 0 1
+11 +2 1 0 1
+7 +1 1 0 1
+3 +1 1
+4 * 1 1
+1 * 1 1
+2 * 1 1
+1 * 1 1
fi=(224)
+8 886 1 0 1 1 0 0 1
+4 * 1 1 1 0 1 0 0 0 0 0 0 1 1
cfi=(231)
cfn=(882)
calls=1 0xe2cc0 90 
* * 791 44 37 13 4 0 13 1 0 27 9 1 1
+6 +1 1 1
+4 * 1 1
+3 * 1 1
+4 * 1 1
+7 * 1
+5 * 1 0 0 0 0 0 0 0 0 1 1
fe=(250)

fn=(1136)
0x1388f0 46 1027 0 0 2 0 0 2
fi=(249)
+4 198 1027
+2 * 1027
+3 * 1027 1027 0 2 0 0 2
+8 * 1027
+3 * 1027 0 1027
fe=(250)
+3 52 1027 1027
+3 * 1027 0 0 0 0 0 0 0 0 1027 3
+2 * 1027 1027

fn=(876)
0x138c10 169 3080 0 0 1 0 0 1
+4 * 3080 0 3080
+1 * 3080
+3 * 3080 0 3080
+2 * 3080
+3 * 3080 0 3080
+1 * 3080
fi=(252)
+3 -50 3080 3080 0 0 1 0 0 1
+7 * 3080 3080 3080 0 1 0 0 1 0 0 0 3080 1025
cfi=(215)
cfn=(768)
calls=3080 0xcdbe0 507 
* * 18480 6160 0 0 532 0 0 1 0 3080 2
+6 * 3080 3080 0 0 21 0 0 1
+7 * 3080
+3 +1 3080 3080
+4 +8 3080 3080 0 0 1 0 0 1
fe=(250)
+4 +43 3080 3080 0 1 2 0 1 1
+4 * 3080 0 3080
fi=(252)
+7 -52 3080 3080 3080 0 0 0 0 0 0 0 0 3080 1
cfi=(215)
cfn=(768)
calls=3080 0xcdbe0 507 
* * 18480 6160 0 0 17 0 0 1 0 3080 2
+6 * 3080 3080 0 0 1 0 0 1
+7 * 3080
+3 +1 3080 3080
+4 +10 3080 3080
fe=(250)
+4 +42 3080 3080 0 0 2 0 0 1
+4 * 3080 0 3080
fi=(252)
+7 -53 3080 3080 3080 0 0 0 0 0 0 0 0 3080 1025
cfi=(215)
cfn=(768)
calls=3080 0xcdbe0 507 
* * 18480 6160 0 0 0 0 0 0 0 3080 2
+6 * 3080
+3 +1 3080 3080
+4 +9 3080 3080
fe=(250)
+4 +44 3080 3080 0 1 0 0 1
+4 * 3080 0 3080
+7 +1 3080 3080
+1 * 3080 3080
+2 * 3080 3080
+1 * 3080 3080

fn=(890)
0x1395c0 169 4 0 0 1 0 0 1
+4 * 4 0 4
+1 * 4
+3 * 4 0 4
+2 * 4
+3 * 4 0 4
+1 * 4
fi=(252)
+3 -50 4 4
+7 * 4 4 4 0 0 0 0 0 0 0 0 4 1
cfi=(215)
cfn=(768)
calls=4 0xcdbe0 507 
* * 24 8 0 0 0 0 0 0 0 4
+6 * 4 4
+7 * 4
+3 +1 4 4
+4 +23 4 4
fe=(250)
+4 +28 4 4
+4 * 4 0 4
fi=(252)
+7 -52 4 4 4 1 0 0 1 0 0 0 0 4 1
cfi=(215)
cfn=(768)
calls=4 0xcdbe0 507 
* * 24 8 0 0 0 0 0 0 0 4
+6 * 4 4
+7 * 4
+3 +1 4 4
+4 +25 4 4
fe=(250)
+4 +27 4 4
+4 * 4 0 4
fi=(252)
+7 -53 4 4 4 0 0 0 0 0 0 0 0 4 1
cfi=(215)
cfn=(768)
calls=4 0xcdbe0 507 
* * 24 8 0 0 0 0 0 0 0 4
+6 * 4
+3 +1 4 4
+4 +24 4 4
fe=(250)
+4 +29 4 4
+4 * 4 0 4
+7 +1 4 4
+1 * 4 4
+2 * 4 4
+1 * 4 4

fl=(223)
fn=(774)
0xc7f50 38 1 0 0 1 0 0 1
+4 * 1 0 1
fi=(222)
+1 437 1
fe=(223)
+2 38 1
+3 * 1
fi=(222)
+4 437 1
+3 * 1
fe=(223)
+3 38 1 0 1
+4 * 1
fi=(222)
+3 437 1 0 1 0 0 1 0 0 1
fe=(223)
+3 41 1 1 0 0 1
+7 * 1
+4 * 1 0 1
+3 * 1 1 1 1 0 0 1 0 0 0 0 1 1
cfi=(215)
cfn=(746)
calls=1 0xcd670 221 
* * 18 6 2 0 0 0 0 0 0 2 0 1
+6 * 1 0 1
+4 +1 1 1
+4 * 1 1
+1 * 1 1

fn=(818)
0xc7ff0 118 1 0 0 1 0 0 1
+4 * 1 0 1
fi=(222)
+1 437 1
fe=(223)
+2 118 1
+3 * 1
fi=(222)
+4 437 1 0 0 1 0 0 1
+3 * 1
fe=(223)
+3 118 1 0 1
+4 * 1
fi=(222)
+3 437 1 0 1 0 0 1 0 0 1
fe=(223)
+3 121 1 1
+7 * 1
+4 * 1 0 1
+3 * 1 1 1 0 0 0 0 0 0 0 0 1 1
cfi=(215)
cfn=(746)
calls=1 0xcd670 221 
* * 18 6 2 0 0 0 0 0 0 2 0 1
+6 * 1 0 1 0 0 1 0 0 1
+4 +1 1 1
+4 * 1 1
+1 * 1 1

fn=(1158)
0xc7dd0 100 1048324 0 0 771 0 0 2
+4 * 1048324
+5 * 1048324 1048324

fl=(216)
fn=(744)
0xf96b0 121 1 0 0 1 0 0 1
+4 * 1 0 1
fi=(222)
+1 437 1
fe=(216)
+2 121 1
+3 * 1 0 1 0 0 1
+2 * 1
+3 * 1 0 1 1 0 0 1
+2 * 1
+3 * 1 0 1
+1 * 1
+3 * 1
fi=(222)
+4 437 1
+3 * 1
+3 * 1 0 1 0 0 1 0 0 1
fe=(216)
+3 127 1 1 0 0 1
+7 * 1
+4 * 1 0 1
+3 -5 1 1 1 0 1 0 0 0 0 0 0 1 1
cfi=(215)
cfn=(746)
calls=1 0xcd670 +99 
* * 147 39 36 19 5 3 19 2 0 16 9 4 4
+6 +1 1
+3 -1 1 0 1
+4 +1 1
+3 * 1
+3 * 1 0 1
+3 +1 1 1 0 0 1
+4 * 1 0 1 1 0 1 1 0 1
+4 +1 1 1
+4 * 1 0 1
+4 +1 1
+3 * 1 0 0 0 0 0 0 0 0 1 1
+6 * 1 0 1
+4 +3 1
+4 * 1
+2 -2 1 0 1
+4 * 1 0 1
+7 +2 1 0 1 0 0 1 0 0 1
+7 * 1 0 1
+7 * 1 0 1 0 0 1 0 0 1
+7 * 1 0 1 1 0 0 1
+7 * 1
+2 * 1
+3 * 1 0 1
+5 * 1 0 1
+5 * 1 0 1 0 0 1 0 0 1
+5 * 1 0 1
+5 * 1
+5 * 1 0 0 0 0 0 0 0 0 1 1
-30 * 2
+2 * 2
+3 * 2 0 2
+5 * 2 0 2
+5 * 2 0 2 0 0 1 0 0 1
+5 * 2 0 2
+5 * 2
+5 * 2 0 0 0 0 0 0 0 0 2 1
+2 +1 1
+4 * 1
+2 * 1 0 1 0 0 1 0 0 1
+7 * 1 0 1
+7 * 1 0 1
+7 * 1 0 1 1 0 0 1
+7 * 1
+2 * 1
+3 * 1 0 1
+8 * 1 0 1
+8 * 1 0 1 0 0 1 0 0 1
+8 * 1 0 1
+8 * 1
+5 * 1 0 0 0 0 0 0 0 0 1 1
-42 * 2
+2 * 2
+3 * 2 0 2
+8 * 2 0 2
+8 * 2 0 2 0 0 1 0 0 1
+8 * 2 0 2
+8 * 2
+5 * 2 0 0 0 0 0 0 0 0 2 1
+2 +1 1
+4 * 1 1
+1 * 1 1
+2 * 1 1
+2 * 1 1
+1 * 1 1
+5 -5 1 1 0 1 0 0 1
+4 * 1

ob=(1)
fl=(9) /usr/src/debug/glibc/glibc/elf/../sysdeps/unix/sysv/linux/dl-sysdep.c
fn=(16) _dl_sysdep_start
0x1ed10 102 1 0 0 1 0 0 1
+4 * 1 0 1
+1 * 1
+3 * 1 0 1
+1 * 1
+3 +4 1
+4 -4 1
+4 +1 1 0 1
+7 +3 1 0 1 0 0 1 0 0 1
cfn=(18) _dl_sysdep_parse_arguments
calls=1 0x1de00 -28 
* * 488 129 79 12 14 12 12 14 12 111 21
+5 +4 1 1
+7 * 1 0 1
cfi=(12) /usr/src/debug/glibc/glibc/elf/dl-tunables.c
cfn=(24) __GI___tunables_init
calls=1 0x14900 294 
* * 16107 2603 20 9 38 4 9 38 4 4165 213
+5 +3 1 0 1 1 0 0 1
cfi=(14) /usr/src/debug/glibc/glibc/elf/dl-sort-maps.c
cfn=(28) _dl_sort_maps_init
calls=1 0x12860 289 
* * 32 7 4 4 2 0 4 2 0 3 2
+5 +2 1
+2 * 1 0 1
cfi=(15) /usr/src/debug/glibc/glibc/elf/../sysdeps/unix/sysv/linux/brk.c
cfn=(32) brk
calls=1 0x24110 -79 
* * 8 1 1 1 0 1 1 0 1 1
fi=(6) /usr/src/debug/glibc/glibc/elf/../sysdeps/x86_64/dl-machine.h
+5 +94 1 0 1
cfi=(16) /usr/src/debug/glibc/glibc/elf/../sysdeps/x86/dl-get-cpu-features.c
cfn=(36) _dl_x86_init_cpu_features
calls=1 0x19520 37 
* * 7301 835 476 103 27 10 103 27 10 1629 229
fe=(9)
+5 -87 1 1
+7 * 1
+3 * 1 0 0 0 0 0 0 0 0 1
+2 +1 1 0 1
cfi=(23) /usr/src/debug/glibc/glibc/string/../sysdeps/x86_64/multiarch/../multiarch/strlen-sse2.S
cfn=(64) strlen
calls=1 0x28660 -66 
* * 17 2 0 2 1 0 2 1 0 2
+5 * 1 0 1
+7 +2 1
+2 * 1 0 1
cfi=(24) /usr/src/debug/glibc/glibc/elf/../misc/sbrk.c
cfn=(66) sbrk
calls=1 0x24b20 -88 
* * 13 3 1 2 0 0 2 0 0 2 1
+5 * 1
+7 * 1
+3 * 1 0 0 0 0 0 0 0 0 1
+2 +12 1 1
+6 * 1
+2 * 1 0 0 1 0 0 1 0 0 1
+2 +3 1 1
+3 * 1 1
+4 * 1
+4 * 1 1
+7 * 1 0 1 0 0 0 0 0 0 0 0 1 1
cfi=(2) /usr/src/debug/glibc/glibc/elf/rtld.c
cfn=(68) dl_main
calls=1 0x206c0 1356 
* * 2618649 661359 245176 924 17480 2664 897 8583 1796 408156 16859 5503 1305
+2 +3 1 1 0 0 1
+4 * 1 1
+4 * 1 1
+1 * 1 1

fn=(18)
0x1de00 78 1 0 1 1 0 0 1
+1 +2 1
+4 -2 1
+3 * 1 0 1
+2 * 1 0 1
+2 * 1 0 1
+2 * 1 0 1
+2 * 1 0 1
+1 * 1
+3 * 1
+7 +1 1 1
+4 +1 1 0 1
+7 -1 1 0 1
+6 +2 1
+2 * 1
+5 * 1 0 1 0 0 1 0 0 1
+7 +2 1 1 0 0 1 0 0 1
+5 * 1 0 0 1 0 0 1 0 0 1
+2 * 1
+4 * 1
+11 -1 1
+4 +1 1 1
+5 * 1 0 0 0 0 0 0 0 0 1 1
-9 -1 55
+4 +1 55 55 0 0 7 0 0 7
+5 * 55 0 0 0 0 0 0 0 0 55 9
+2 +3 1
+4 +4 1
+7 * 1
+5 * 1
+2 -4 1 0 1 0 0 1 0 0 1
+7 +4 1 0 1 0 0 1 0 0 1
cfi=(10) /usr/src/debug/glibc/glibc/string/../sysdeps/x86_64/multiarch/../multiarch/memset-vec-unaligned-erms.S
cfn=(20) memset
calls=1 0x26630 +47 
* * 63 1 28 4 0 6 4 0 6 9 5
fi=(11) /usr/src/debug/glibc/glibc/elf/../sysdeps/unix/sysv/linux/dl-parse_auxv.h
+6 -48 1 1
+4 -9 1 0 0 1 0 0 1
+7 +1 1 0 1
+11 -1 1 0 1
+7 +2 1 0 1
+11 +7 1
+3 * 1 0 0 0 0 0 0 0 0 1
+6 * 1
+10 * 1
+11 +1 1 0 0 1 0 0 1
+4 * 1 0 0 0 0 0 0 0 0 1
-4 * 21
+4 * 21 0 0 0 0 0 0 0 0 21
+2 +1 22 22
+5 * 22 0 22
+8 -2 22 22 0 0 6 0 0 6
+5 * 22
+4 * 22
+3 * 22 0 0 0 0 0 0 0 0 22 6
+2 +23 1 1
+7 * 1
fe=(9)
+5 +28 1 1
+8 * 1 1
+8 * 1 1 0 1 0 0 1
fi=(11)
+7 -28 1
fe=(9)
+3 +29 1 1
+6 +1 1 1
fi=(11)
+7 -30 1
+4 -18 1 1
+7 +20 1
+5 -19 1 1
+7 +19 1 1
+7 -18 1 1
fe=(9)
+7 +44 1
fi=(11)
+5 -41 1 1 0 1 0 0 1
+7 +1 1 1
+7 +1 1 1
+8 +1 1 1
+7 +2 1 1
+7 +10 1 1
+8 * 1 1
+8 * 1 1
+4 -15 1 0 1
+7 +1 1 0 1 1 0 0 1
+7 -5 1 0 1 0 0 1 0 0 1
+7 +1 1 0 1
+7 +5 1 0 1
+8 +3 1 0 1 0 0 1 0 0 1
+7 -7 1 0 1
+7 -4 1 0 1
+7 +1 1 0 1
fe=(9)
+7 +47 1 0 1
+3 +1 1 0 1
fi=(11)
+4 -40 1 0 1 1 0 0 1
+7 +12 1 0 1 0 0 1 0 0 1
+7 -2 1 0 1
fe=(9)
+6 +28 1 0 1
+3 +3 1
+7 * 1 1
+1 * 1 1
+2 * 1 1
+2 * 1 1
+2 * 1 1
+2 * 1 1
+1 * 1 1

fn=(654) _dl_sysdep_start_cleanup
0x1edd0 147 1 0 0 1 0 0 1
+4 +1 1 1

fl=(70) /usr/src/debug/glibc/glibc/io/../sysdeps/unix/sysv/linux/pread64_nocancel.c
fn=(246) __pread64_nocancel
0x253b0 25 2 0 0 1 0 0 1
+4 * 2
+3 +1 2
+5 * 2
+2 * 2
+6 * 2 0 0 0 0 0 0 0 0 2
+2 +1 2 2

fl=(181) /usr/src/debug/glibc/glibc/elf/dl-find_object.c
fn=(614) _dlfo_sort_mappings
0x55c0 553 1 0 0 1 0 0 1
+4 +1 1
+4 * 1 0 0 0 0 0 0 0 0 1
+6 -1 1 0 1
+1 * 1
+3 +4 1
+3 * 1
+3 -4 1
+3 * 1 0 1
+2 +4 1
+4 -4 1 0 1
+1 * 1
+3 * 1
+11 +8 1
+3 +1 1
+4 -1 1 1
+3 +1 1
+3 * 1 0 0 1 0 0 1 0 0 1
-13 -1 4
+3 +1 4
+4 -1 4 4
+3 +1 4
+3 * 4 0 0 0 0 0 0 0 0 4 1
+6 * 5
+4 * 5
+3 * 5
+3 * 5
+8 * 5
+11 +1 5 5
+3 * 5
+3 +2 5
+4 * 5
+4 -3 5
+4 * 5
+4 * 5
+3 * 5 0 0 0 0 0 0 0 0 5 3
-25 +1 10 10
+3 * 10
+3 +2 10
+4 * 10
+4 -3 10
+4 * 10
+4 * 10
+3 * 10 0 0 0 0 0 0 0 0 10 6
+2 +8 5
+4 * 5 0 0 1 0 0 1
+4 * 5 5
+3 +1 5 5
+5 -1 5 5
+4 * 5 5
+5 * 5 5
+4 +1 5 0 5
+3 * 5 5
+6 * 5 0 5
+4 * 5 5
+4 * 5 0 5
+4 +1 5 0 5
+3 * 5 0 5
+4 * 5 0 5
+4 * 5 0 5
+5 -15 5
+3 * 5
+3 * 5 0 0 0 0 0 0 0 0 5 4
+6 +17 1 1
+1 * 1 1
+2 * 1 1
+1 * 1 1

fn=(612) _dlfo_process_initial
0x50c0 505 2 0 2 1 0 0 1
+1 * 2
+3 * 2
+3 * 2
+4 * 2 0 2
+4 +1 2 2
+7 -1 2 0 2
+4 * 2 0 2
+4 +4 2 2
+7 * 2 0 0 0 0 0 0 0 0 2
+6 +5 2 2 0 0 1
+7 * 2
+7 * 2
+3 * 2 0 0 1 0 0 1 0 0 2
+6 * 2 0 2
+4 -1 2
+3 * 2
+3 * 2 0 2
+4 +1 2
+3 * 2
+2 * 2
+11 +1 2 2
+3 * 2
+3 * 2 0 0 0 0 0 0 0 0 2 1
+10 +1 14 14 0 0 2
+4 -1 14
+3 * 14 0 0 0 0 0 0 0 0 14 2
+2 +3 14
+3 * 14 0 0 0 0 0 0 0 0 14 2
+2 * 12 12 0 1 0 0 1
+4 * 12 0 0 0 0 0 0 0 0 12
+2 +3 12 12
+8 * 12
+3 * 12
+2 * 12 0 0 0 0 0 0 0 0 12 6
+63 -7 2 0 0 1 0 0 1
+4 * 2
+4 * 2 2
+8 * 2 0 0 0 0 0 0 0 0 2
+6 * 2 2
+4 * 2 2
+4 +34 2
+3 -2 2 0 2
+7 +2 2 2
+4 * 2 2
+4 * 2 2
+4 * 2 2
+1 * 2 2
+11 -24 12 12 0 1 0 0 1
+8 * 12 0 0 0 0 0 0 0 0 12 6
+14 +5 12 12 0 0 1
+7 * 12
+3 * 12 0 0 0 0 0 0 0 0 12 4
+2 +3 6
+4 -1 6
+3 * 6
+4 * 6 0 6
cfi=(182) /usr/src/debug/glibc/glibc/elf/./dl-find_object.h
cfn=(610) _dl_find_object_from_map
calls=6 0x4f00 105 
* * 696 119 46 0 70 4 0 0 4 213 23
+5 +2 12 0 0 1 0 0 1
+4 * 12

fn=(608) _dl_find_object_init
0x56a0 578 1 0 0 1 0 0 1
+4 * 1 0 1
+1 * 1
+3 * 1
+4 +3 1 1 0 0 1
+7 -3 1 0 1
+4 +5 1 1
+7 * 1 0 0 1 0 0 1 0 0 1 1
+17 +13 1 0 1
cfn=(612)
calls=1 0x50c0 -91 
* * 150 43 7 6 4 0 6 0 0 42 11
+5 * 1
+3 +1 1 1
+7 * 1
+4 * 1
fi=(29) /usr/src/debug/glibc/glibc/elf/../include/rtld-malloc.h
+4 56 1 1 1 0 0 0 0 0 0 0 0 1 1
cfi=(28) /usr/src/debug/glibc/glibc/elf/dl-minimal-malloc.c
cfn=(80) __minimal_malloc
calls=1 0xc690 -20 
* * 18 3 3 0 1 1 0 0 0 3 1
fe=(181)
+6 597 1 0 1
+7 +2 1
+3 * 1 0 0 0 0 0 0 0 0 1
+2 +3 1
+3 * 1 0 0 1 0 0 1 0 0 1
+6 * 1 0 1
+4 +5 1 0 1
+11 +1 1 0 1
cfn=(612)
calls=1 0x50c0 505 
* * 870 162 59 0 70 4 0 0 4 255 33
+5 +3 1 1
+7 * 1 1
+4 * 1
+3 * 1 0 0 0 0 0 0 0 0 1 1
+6 +10 1 1
+4 * 1 1
+1 * 1 1
0x57d0 -37 1 0 0 1 0 0 1
+7 * 1 0 1
cfi=(182)
cfn=(610)
calls=1 0x4f00 105 
* * 129 22 8 3 11 1 3 0 0 40 12
+5 * 1
+12 +29 1 0 1
cfn=(614)
calls=1 0x55c0 -60 
* * 282 59 38 3 0 0 3 0 0 26 14
+6 +3 1 1
+7 * 1 1
+7 * 1 0 0 1 0 0 1
+5 * 1
+4 * 1 1
+4 * 1 0 1
+7 +2 1

fl=(184) /usr/src/debug/glibc/glibc/elf/dl-lookup-direct.c
fn=(620) _dl_lookup_direct
0xc480 74 3 0 0 1 0 0 1
+4 * 3 0 3
+1 * 3
+3 * 3
+4 * 3 0 3
+4 +1 3 3
+7 -1 3 0 3
+4 * 3
+3 * 3 0 3
+4 * 3
+3 * 3 0 3
+4 +2 3
+3 * 3 0 0 0 0 0 0 0 0 3
+6 +2 3
+2 * 3 0 3
+4 * 3
+3 * 3
+2 * 3 3 0 1 0 0 1
+6 * 3 3
+7 * 3 3 0 0 2
+3 +1 3
+2 * 3 0 0 0 0 0 0 0 0 3
+2 +2 3 3
+7 * 3 0 3
+4 +5 3
+7 * 3 0 3
+4 * 3
+3 * 3
+5 * 3 0 3
+4 * 3
+2 * 3
+11 -2 3 3 0 1 3 0 1
+4 * 3
+3 * 3
+3 * 3
+2 * 3 0 0 0 0 0 0 0 0 3
-12 * 2 2
+4 * 2
+3 * 2
+3 * 2
+2 * 2 0 0 0 0 0 0 0 0 2 1
+2 +2 3 3
+4 +1 3 3
+3 * 3
+3 * 3
+3 * 3 3
+4 -1 3
+4 * 3
+4 +1 3 0 3
cfn=(622) check_match
calls=3 0xc380 -56 
* * 478 120 27 4 17 0 4 7 0 49 12 3 3
+5 * 3
+3 +3 3
+3 * 3 0 0 0 0 0 0 0 0 3 1
+2 +3 2
+4 * 2
+4 * 2 0 0 0 0 0 0 0 0 2 2
+36 +23 3 3 0 1 0 0 1
+4 * 3 3
+4 * 3
+3 * 3 3
+4 * 3 3
+4 * 3 3
+4 * 3 3
+1 * 3 3

fn=(622)
0xc380 31 3 0 3 1 0 0 1
+1 * 3
+3 * 3
+4 +1 3 3
+4 -1 3 0 3
+4 * 3
+3 * 3 0 3
+4 * 3
+3 +1 3 3
fi=(4) /usr/src/debug/glibc/glibc/elf/../sysdeps/generic/ldsodefs.h
+4 +47 3
fe=(184)
+2 -48 3 0 3
+4 * 3 0 3
+4 +1 3 3
+7 * 3 0 0 0 0 0 0 0 0 3 3
+8 +1 3
+3 * 3
+4 * 3 0 0 1 0 0 1
+4 +2 3 3 0 0 3 0 0 1
+4 * 3
+3 +1 3 3 0 0 1 0 0 1
+5 * 3 0 0 0 0 0 0 0 0 3
+6 +12 3
+5 * 3 3 3
+3 * 3 0 0 0 0 0 0 0 0 3
+2 +3 3 3
+4 * 3 0 3
+4 * 3
+3 * 3 3
+4 +2 3 3
+2 * 3
+4 * 3 0 3
cfi=(35) /usr/src/debug/glibc/glibc/string/../sysdeps/x86_64/multiarch/../multiarch/strcmp-sse2.S
cfn=(104) strcmp
calls=3 0x27000 +45 
* * 241 36 0 0 7 0 0 4 0 25 6 3 3
+5 * 3
+2 * 3 0 0 0 0 0 0 0 0 3 2
+2 +4 3 3 0 1 0 0 1
+7 * 3 3 0 0 3
+5 +1 3
+5 * 3
+4 * 3 3
+7 * 3 3 0 0 1
+5 * 3 0 0 0 0 0 0 0 0 3
+2 +1 3 3
+4 * 3
+3 * 3 0 3
cfi=(35)
cfn=(104)
calls=3 0x27000 +39 
* * 75 21 0 0 2 0 0 1 0 9 1
+5 -19 3 3
+4 * 3
+2 * 3
+5 * 3
+4 +24 3
+3 * 3 3 0 1 0 0 1
+4 * 3 3
+4 * 3 3
+4 * 3 3
+4 * 3 3
+1 * 3 3

fl=(54) /usr/src/debug/glibc/glibc/elf/dl-misc.c
fn=(232) _dl_sysdep_read_whole_file
0xc900 36 1 0 0 1 0 0 1
+4 * 1 0 1
+1 +3 1
+2 -3 1
+3 * 1 0 1
+2 * 1
+3 * 1 0 1
+1 * 1
+3 +3 1
+5 -3 1
+7 +3 1 0 1 0 0 1 0 0 1
cfi=(56) /usr/src/debug/glibc/glibc/io/../sysdeps/unix/sysv/linux/open64_nocancel.c
cfn=(190) __open_nocancel
calls=1 0x25340 -11 
* * 21 2 2 0 0 0 0 0 0 3
+5 +1 1
+7 * 1
+2 * 1 0 0 0 0 0 0 0 0 1 1
+19 +2 1 0 0 1 0 0 1
+7 * 1
+2 * 1 0 1
+6 * 1 0 1
cfi=(59) /usr/src/debug/glibc/glibc/io/../sysdeps/unix/sysv/linux/fstat64.c
cfn=(198) fstat
calls=1 0x250e0 -12 
* * 6 1 0 0 0 0 0 0 0 1
+5 * 1 1
+7 * 1
+2 * 1 0 0 0 0 0 0 0 0 1
+2 +2 1 1 0 0 1 0 0 1
+4 * 1 0 1
+3 +3 1
+3 * 1 0 0 0 0 0 0 0 0 1 1
+9 +13 1
+3 * 1 0 1
+7 * 1 0 1
cfi=(64) /usr/src/debug/glibc/glibc/io/../sysdeps/unix/sysv/linux/close_nocancel.c
cfn=(212) __GI___close_nocancel
calls=1 0x25210 -35 
* * 6 1 0 0 0 0 0 0 0 1
+5 * 1 1
+7 +3 1
+7 * 1 1
+1 * 1 1
+2 * 1
+3 * 1 1
+1 * 1 1
+10 -14 1 0 0 1 0 0 1
+3 * 1
+3 * 1
+5 * 1
+2 * 1 0 1
+7 * 1 0 1
cfi=(61) /usr/src/debug/glibc/glibc/misc/../sysdeps/unix/sysv/linux/mmap64.c
cfn=(204) mmap
calls=1 0x25580 -2 
* * 26 4 3 0 0 0 0 0 0 4 2
+5 * 1 1
+7 * 1
+3 * 1

fn=(176) _dl_name_match_p
0xc9d0 68 133 0 0 1 0 0 1
+4 * 133 0 133
+1 * 133
+3 * 133 0 133
+2 * 133
+3 * 133 0 133
+1 * 133
+3 +1 133 133
+4 * 133 0 133 0 0 1 0 0 1
cfi=(35)
cfn=(104)
calls=133 0x27000 +29 
* * 4456 880 0 9 2 0 9 2 0 525 85 51 44
+5 * 133
+2 * 133 0 0 0 0 0 0 0 0 133
+2 +3 133 133
+4 +2 133
+3 * 133 0 0 0 0 0 0 0 0 133 8
+11 +4 129 129
+4 -4 129
+3 * 129 0 0 0 0 0 0 0 0 129 30
+2 +1 151 151 0 1 0 0 1
+3 * 151
+3 * 151 0 151
cfi=(35)
cfn=(104)
calls=151 0x27000 +23 
* * 5664 1042 0 14 1 0 14 1 0 658 122 71 27
+5 * 151
+2 * 151 0 0 0 0 0 0 0 0 151 26
+2 +6 22 22
+1 -11 22
+5 +11 22 22
+2 * 22 22
+1 * 22 22
+7 * 111 111
+1 -1 111
+2 +1 111 111
+2 * 111 111
+1 * 111 111

fn=(592) _dl_higher_prime_number
0xca30 85 2
+4 +38 2
+7 -1 2
+4 +3 2 0 0 1 0 0 1
+65 +2 10
+3 * 10
+3 * 10
+3 * 10
+4 * 10
+4 * 10
+3 * 10
+3 * 10
+4 +1 10 10 0 0 4 0 0 2
+2 * 10
+3 * 10 0 0 0 0 0 0 0 0 10 3
+2 +3 7
+3 -6 7
+3 * 7 0 0 0 0 0 0 0 0 7 7
-3 * 5 0 0 1 0 0 1
+3 * 5 0 0 0 0 0 0 0 0 5 4
+2 +18 2 2
+2 +1 2 2
+4 -15 3
+4 * 3

fl=(52) /usr/src/debug/glibc/glibc/elf/dl-catch.c
fn=(256) _dl_receive_error
0x2330 190 1 0 0 1 0 0 1
+4 * 1 0 1
+1 58 1 1
+7 190 1
+3 * 1 0 1 1 0 0 1
+2 * 1 0 1
+1 +2 1 1
+7 58 1 0 0 0 0 0 0 0 0 1
+2 +1 1 1
+7 +11 1 0 1
+11 196 1 0 1
+7 +2 1
+3 * 1 0 1 0 0 0 0 0 0 0 0 1 1
cfi=(2)
cfn=(258) version_check_doit
calls=1 0x1f860 674 
* * 29777 8759 1701 52 140 82 52 137 80 6223 485 108 67
+2 69 1 1
+7 * 1 0 0 0 0 0 0 0 0 1 1
+2 +1 1 0 1
+7 201 1 0 1
+7 +1 1 1 0 1 0 0 1
+1 * 1 1
+2 * 1 1
+1 * 1 1

fn=(164) _dl_catch_error
0x2590 258 1 0 0 1 0 0 1
+4 * 1 0 1
+1 * 1
+3 * 1 0 1
+2 * 1
+3 * 1 0 1
+2 +2 1
+4 -2 1
+3 +2 1
+3 -2 1 0 1
+1 * 1
+3 +2 1
+3 -2 1
+4 +2 1 0 1
cfn=(166) _dl_catch_exception
calls=1 0x23c0 -52 
* * 2632 585 312 109 38 38 109 38 38 454 146 9 4
+5 * 1
+2 +1 1 1
+4 * 1 0 1 1 0 0 1
+4 +1 1 1
+4 +1 1 1
+4 -1 1 0 1
+4 +3 1
+2 -2 1 0 1
+3 +2 1
+4 * 1 1
+1 * 1 1
+2 * 1 1
+2 * 1 1
+1 * 1 1

fn=(166)
0x23c0 208 14 0 0 1 0 0 1
+4 * 14 0 14
+1 * 14
+3 * 14 0 14
+1 * 14
+7 * 14 0 14 0 0 2 0 0 2
+7 58 14 14 0 0 1 0 0 1
+7 208 14 0 14
+7 * 14 0 14 0 0 1 0 0 1
+7 +3 14
+3 * 14 0 0 0 0 0 0 0 0 14
+6 +21 14 14
+7 * 14 0 14 1 0 1 1 0 1
+7 +1 14
+7 * 14 0 14
+7 58 14
+2 * 14 0 0 0 0 0 0 0 0 14 7
+38 239 14
+7 * 14 0 0 1 0 0 1
+2 * 14 0 14 0 0 1 0 0 1
cfi=(53) /usr/src/debug/glibc/glibc/setjmp/../sysdeps/x86_64/setjmp.S
cfn=(168) __sigsetjmp
calls=14 0x258f0 31 
* * 336 70 126 3 0 3 3 0 3
+5 * 14
+4 * 14
+2 * 14 0 0 0 0 0 0 0 0 14
+6 +2 14 0 14
+6 * 14 14
+7 * 14 14
+7 * 14 0 14 0 0 0 0 0 0 0 0 14 2
cfi=(66) /usr/src/debug/glibc/glibc/elf/dl-deps.c
cfn=(226) openaux
calls=13 0x37c0 61 
* * 24986 5064 2345 82 179 198 81 179 198 4448 657 85 34
cfi=(2)
cfn=(170) map_doit
calls=1 0x1f440 641 
* * 2564 568 288 101 36 34 101 36 34 450 145 8 3
+2 69 14 14
+7 * 14 14
+6 * 14 0 0 0 0 0 0 0 0 14
+2 +1 14 14
+7 * 14 0 14
+7 243 14 14
+7 * 14
+4 * 14 0 14
+8 * 14 0 14
+3 +9 14 14
+4 * 14 14
+1 * 14 14
+7 59 14 14 0 1 1 0 1 1
+7 * 14 0 14
+7 +11 14
+7 * 14 0 14 1 0 0 1
+7 * 14

fl=(7) /usr/src/debug/glibc/glibc/elf/dl-minimal.c
fn=(12) __rtld_malloc_init_stubs
0x1cf80 42 1 0 0 1 0 0 1
+4 +1 1
+7 * 1 0 1 0 0 1 0 0 1
+7 +1 1
+7 * 1 0 1
+7 +1 1
+7 * 1 0 1
+7 +1 1
+7 * 1 0 1 0 0 1 0 0 1
+7 +1 1 1

fn=(624) __rtld_malloc_init_real
0x1d1c0 76 1 0 0 1 0 0 1
+4 * 1 0 1
+1 +10 1
fi=(185) /usr/src/debug/glibc/glibc/elf/../sysdeps/generic/dl-hash.h
+7 -41 1
+5 -1 1
+4 * 1
fe=(7)
+4 +32 1
+3 * 1 0 1
+2 * 1 0 1
+2 * 1 0 1
+2 * 1 0 1
+1 * 1
+3 * 1
+4 +11 1 0 1
+7 -1 1 0 1
fi=(185)
+4 -43 1
+5 * 1
+6 +5 1 0 0 1 0 0 1
+4 * 1
+4 * 1
+3 +14 1
+3 * 1
+4 * 1
+6 * 1
+3 -17 1 1
+3 * 1
+3 * 1 0 0 0 0 0 0 0 0 1 1
-33 +3 5
+4 * 5
+4 * 5
+3 +14 5
+3 * 5
+4 * 5
+6 * 5
+3 -17 5 5
+3 * 5
+3 * 5 0 0 0 0 0 0 0 0 5 4
fe=(7)
+2 +46 1
+4 * 1
fi=(185)
+3 -24 1
fe=(7)
+5 +22 1 0 1
+8 +2 1
fi=(185)
+7 -19 1 0 1 1 0 0 1
fe=(7)
+3 +19 1 0 1
cfn=(628) lookup_malloc_symbol
calls=1 0x1d0f0 -30 
* * 651 200 81 3 6 0 3 0 0 96 14
+5 +1 1
+4 * 1
+3 * 1
+7 -1 1
+3 +1 1 0 1
cfn=(628)
calls=1 0x1d0f0 -31 
* * 640 197 81 0 9 0 0 0 0 95 9
+5 +1 1
+4 * 1
+3 * 1
+7 -1 1
+3 +1 1 0 1
cfn=(628)
calls=1 0x1d0f0 -32 
* * 684 203 81 0 7 0 0 1 0 105 11
+5 +1 1
+4 * 1
+3 * 1
+7 -1 1 0 0 1 0 0 1
+3 +1 1 0 1
cfn=(628)
calls=1 0x1d0f0 -33 
* * 685 199 81 0 4 0 0 0 0 101 7 1 1
+5 +5 1 0 1
+7 +1 1 0 1
+7 +1 1 0 1
+7 +1 1 0 1 0 0 1
+7 +1 1
+4 * 1 1
+1 * 1 1
+2 * 1 1
+2 * 1 1
+2 * 1 1
+1 * 1 1

fn=(628)
0x1d0f0 61 4 0 4 1 0 0 1
+1 * 4
+3 +3 4
+3 -3 4
+3 * 4 0 4
+1 * 4
+3 +3 4 0 0 1 0 0 1
+4 -3 4
+4 +3 4 4
+7 * 4
+3 * 4
+3 * 4 0 4
+2 * 4 0 4
+2 -1 4 0 4
+8 +1 4 0 4
cfi=(80) /usr/src/debug/glibc/glibc/elf/dl-lookup.c
cfn=(302) _dl_lookup_symbol_x
calls=4 0xb780 767 
* * 2504 747 296 0 26 0 0 1 0 377 35 1 1
+5 +4 4 4
+4 * 4 4
+1 -4 4
+3 +4 4 4
+1 * 4 4
+4 * 4
+3 * 4
+2 * 4 0 0 0 0 0 0 0 0 4 2
+6 +1 4 4 0 1 0 0 1
+5 * 4 0 0 0 0 0 0 0 0 4
+2 * 4
+3 * 4 0 0 0 0 0 0 0 0 4 2
+2 * 4 4
+3 * 4 4
+4 +2 4 0 4
fi=(186) /usr/src/debug/glibc/glibc/elf/./dl-sym-post.h
+4 -30 4
+2 * 4 0 0 0 0 0 0 0 0 4
+2 +12 4 4
+6 * 4
+2 * 4 0 0 0 0 0 0 0 0 4 2
fe=(7)
+2 +19 4 4
+4 * 4 4
+4 * 4 4
+1 * 4 4

fl=(24)
fn=(66)
0x24b20 37 1 0 0 1 0 0 1
+4 * 1 0 1
+1 * 1
+3 * 1
+3 * 1
+4 +3 1 1
+7 +18 1
+3 * 1 0 0 0 0 0 0 0 0 1
+2 +4 1
+3 * 1 0 0 0 0 0 0 0 0 1 1
+39 +16 1 1 0 1 0 0 1
+1 * 1
+3 * 1 1

fl=(35)
fn=(104)
0x27000 98 3585 0 0 2 0 0 1
+4 +33 3585
+2 +1 3585
+2 +2 3585
+4 +1 3585
+4 +21 3585
+3 +1 3585 0 0 0 0 0 0 0 0 3585 869
+2 +1 1981
+3 +1 1981 0 0 0 0 0 0 0 0 1981 192
+2 +1 1799 1799 0 0 250 0 0 95
+4 +1 1799 1799 0 0 24 0 0 13
+4 +1 1799 1799
+5 +1 1799 1799
+5 +17 1799
+4 +1 1799
+4 +1 1799
+4 +1 1799
+4 +1 1799
+4 +1 1799 0 0 1 0 0 1
+6 +1 1799 0 0 0 0 0 0 0 0 1799 93
+6 +5 67
+4 +1 67
+4 * 67
+1 * 67
+11 +9 67
+4 +1 67
+4 +1 67
+5 +1 67
+3 +1 67
+3 +1 67
+3 +1 67
+2 +1 67 0 0 0 0 0 0 0 0 67 9
-24 -7 1786 0 0 1
+4 +1 1786
+4 +1 1786
+5 +1 1786
+3 +1 1786
+3 +1 1786
+3 +1 1786
+2 +1 1786 0 0 0 0 0 0 0 0 1786 32
+2 +1 530 0 0 0 0 0 0 0 0 530 158
+2 +1 342
+3 +1 342
+1 +1 342
+3 +2 342
+4 +1 342
+3 +1 342
+7 +1 342 342 0 0 10 0 0 2
+4 +1 342
+4 +1 342 0 0 0 0 0 0 0 0 0 0 342 244
-22 -5 188 0 0 2 0 0 1
+4 +1 188
+3 +1 188
+7 +1 188 188 0 0 3 0 0 1
+4 +1 188
+4 +1 188 0 0 0 0 0 0 0 0 0 0 188 143
+7 +10 1323 1323 0 0 15 0 0 3
+4 +1 1323
+4 +1 1323
+4 +2 1323 1323 0 0 13 0 0 5
+4 +6 1323
+4 +1 1323
+5 +1 1323
+2 +1 1323
+3 +1 1323 0 0 3 0 0 2
+3 +5 1323 0 0 0 0 0 0 0 0 1323 77
+6 +2 133
+7 +1 133
+7 +1 133
+4 * 133
+7 +8 133 133 0 0 7 0 0 1
+5 +1 133 133 0 0 10 0 0 1
+5 +3 133
+4 +1 133
+4 +1 133
+4 +1 133
+4 +1 133
+6 +1 133 0 0 3 0 0 2 0 0 133 12
-32 -9 3 3
+5 +1 3 3
+5 +3 3
+4 +1 3
+4 +1 3
+4 +1 3
+4 +1 3
+6 +1 3 0 0 0 0 0 0 0 0 3 2
+6 +6 4
+4 +1 4 4
+5 +1 4 4 0 0 3 0 0 1
+5 +3 4
+4 +1 4
+4 +1 4
+4 +1 4
+4 +1 4
+6 +1 4 0 0 0 0 0 0 0 0 4 1
+6 +5 3
+4 +1 3
+12 +9 1 0 0 1 0 0 1
+4 +1 1 1
+4 +1 1 1 0 0 1 0 0 1
+4 +1 1
+4 +1 1
+5 +2 1
+4 +1 1
+4 +1 1
+5 +1 1
+2 +1 1
+3 +1 1
+3 +1 1 0 0 0 0 0 0 0 0 1 1
+6 +1 1 1
+4 +3 1
+4 +1 1
+7 +1 1 0 0 1 0 0 1
+6 +6 1
+4 +1 1
+7 +1 1
+7 * 1
+9 +4 1
+4 +1 1 0 0 0 0 0 0 0 0 1
+6 +3 1 1 0 0 1
+5 +1 1 1
+5 +1 1
+4 +2 1
+5 +1 1 0 0 1 0 0 1
+5 +1 1
+4 +4 1
+4 +1 1
+4 +1 1
+4 +1 1
+4 +1 1
+6 +1 1 0 0 0 0 0 0 0 0 1
0x27280 +75 4 0 0 3 0 0 1
+4 +1 4 4 0 0 1
+4 +1 4 4 0 0 1
+4 +1 4
+4 +1 4
+5 +2 4
+4 +1 4
+4 +1 4
+5 +1 4
+2 +1 4
+3 +1 4
+3 +1 4 0 0 0 0 0 0 0 0 4
+6 +1 4 4
+4 +3 4
+4 +1 4
+7 +1 4 0 0 3 0 0 1
+6 +6 4
+4 +1 4
+7 +1 4
+7 * 4
+9 +4 4
+4 +1 4 0 0 0 0 0 0 0 0 4
+6 +3 4 4
+5 +1 4 4 0 0 1 0 0 1
+5 +1 4
+4 +2 4
+5 +1 4 0 0 3 0 0 1
+5 +1 4
+4 +4 4
+4 +1 4
+4 +1 4
+4 +1 4
+4 +1 4
+6 +1 4 0 0 0 0 0 0 0 0 4 1
0x273c0 +69 14 0 0 1 0 0 1
+4 +1 14 14 0 0 3 0 0 1
+4 +1 14 14 0 0 2 0 0 2
+4 +1 14
+4 +1 14
+5 +2 14
+4 +1 14
+4 +1 14
+5 +1 14
+2 +1 14
+3 +1 14
+3 +1 14 0 0 0 0 0 0 0 0 14 6
+6 +1 7 7
+4 +4 7
+4 +1 7
+7 +1 7 0 0 1 0 0 1
+6 +6 7
+4 +1 7
+7 +1 7
+7 * 7
+9 +4 7
+4 +1 7 0 0 0 0 0 0 0 0 7 1
+6 +3 7 7 0 0 1 0 0 1
+5 +1 7 7 0 0 2 0 0 2
+5 +1 7
+4 +2 7
+5 +1 7 0 0 1 0 0 1
+5 +1 7
+4 +4 7
+4 +1 7
+4 +1 7
+4 +1 7
+4 +1 7
+6 +1 7 0 0 0 0 0 0 0 0 7 2
0x274c0 +41 1 0 0 1 0 0 1
+4 +1 1
+4 +1 1
+6 +1 1 0 0 0 0 0 0 0 0 1
+2 +7 1
+4 +1 1
+7 +1 1
+37 +16 12 0 0 2 0 0 1
+4 +1 12 12 0 0 4
+4 +1 12 12 0 0 2 0 0 1
+4 +1 12
+4 +1 12
+5 +2 12
+4 +1 12
+4 +1 12
+5 +1 12
+2 +1 12
+3 +1 12
+3 +1 12 0 0 0 0 0 0 0 0 12
+6 +1 12 12
+4 +4 12
+4 +1 12
+7 +1 12 0 0 2 0 0 1
+6 +6 12
+4 +1 12
+7 +1 12
+7 * 12
+9 +4 12
+4 +1 12 0 0 0 0 0 0 0 0 12
+6 +3 12 12 0 0 3
+5 +1 12 12 0 0 1 0 0 1
+5 +1 12
+4 +2 12
+5 +1 12 0 0 2 0 0 1
+5 +1 12
+4 +4 12
+4 +1 12
+4 +1 12
+4 +1 12
+4 +1 12
+6 +1 12 0 0 0 0 0 0 0 0 12 1
+6 +7 1
+4 +1 1
+4 +2 1
+4 +1 1 0 0 0 0 0 0 0 0 1
+2 +2 1 1 0 0 1
+5 +1 1 1
+5 +1 1
+4 +2 1 0 0 1 0 0 1
+5 +1 1
+5 +1 1
+4 +4 1
+4 +1 1
+4 +1 1
+4 +1 1
+4 +1 1
+6 +1 1 0 0 0 0 0 0 0 0 1 1
+94 +41 18 0 0 2 0 0 1
+4 +1 18 18 0 0 7 0 0 3
+4 +1 18 18 0 0 5 0 0 5
+4 +1 18
+4 +1 18
+5 +2 18
+4 +1 18
+4 +1 18
+5 +1 18
+2 +1 18
+3 +1 18
+3 +1 18 0 0 0 0 0 0 0 0 18 10
+6 +1 16 16
+4 +4 16
+4 +1 16
+7 +1 16 0 0 1 0 0 1
+6 +6 16
+4 +1 16
+7 +1 16
+7 * 16
+9 +4 16
+4 +1 16 0 0 0 0 0 0 0 0 16
-4 -1 4
+4 +1 4 0 0 0 0 0 0 0 0 4
+6 +3 20 20 0 0 3 0 0 3
+5 +1 20 20 0 0 3 0 0 2
+5 +1 20
+4 +2 20
+5 +1 20 0 0 1 0 0 1
+5 +1 20
+4 +4 20
+4 +1 20
+4 +1 20
+4 +1 20
+4 +1 20
+6 +1 20 0 0 0 0 0 0 0 0 20 10
+6 +7 11
+4 +1 11
+4 +2 11
+4 +1 11 0 0 0 0 0 0 0 0 11
+2 +2 11 11 0 0 1 0 0 1
+5 +1 11 11 0 0 2
+5 +1 11
+4 +2 11 0 0 1 0 0 1
+5 +1 11
+5 +1 11
+4 +4 11
+4 +1 11
+4 +1 11
+4 +1 11
+4 +1 11
+6 +1 11 0 0 0 0 0 0 0 0 11 5
+6 +7 4
+4 +1 4
+4 +1 4
+80 +32 21 0 0 1 0 0 1
+4 +1 21 21 0 0 3 0 0 3
+4 +1 21 21 0 0 1 0 0 1
+4 +1 21
+4 +1 21
+5 +2 21
+4 +1 21
+4 +1 21
+5 +1 21
+2 +1 21
+3 +1 21
+3 +1 21 0 0 0 0 0 0 0 0 21 1
+6 +1 16 16
+4 +4 16
+4 +1 16
+7 +1 16 0 0 1 0 0 1
+6 +6 16
+4 +1 16
+7 +1 16
+7 * 16
+9 +4 16
+4 +1 16 0 0 0 0 0 0 0 0 16
+6 +3 16 16 0 0 2
+5 +1 16 16 0 0 4 0 0 2
+5 +1 16
+4 +2 16
+5 +1 16 0 0 1 0 0 1
+5 +1 16
+4 +4 16
+4 +1 16
+4 +1 16
+4 +1 16
+4 +1 16
+6 +1 16 0 0 0 0 0 0 0 0 16 1
0x278c0 +69 15 0 0 2 0 0 1
+4 +1 15 15 0 0 4 0 0 1
+4 +1 15 15 0 0 2 0 0 1
+4 +1 15
+4 +1 15
+5 +2 15
+4 +1 15
+4 +1 15
+5 +1 15
+2 +1 15
+3 +1 15
+3 +1 15 0 0 0 0 0 0 0 0 15 8
+6 +1 14 14
+4 +4 14
+4 +1 14
+7 +1 14 0 0 2 0 0 1
+6 +6 14
+4 +1 14
+7 +1 14
+7 * 14
+9 +4 14
+4 +1 14 0 0 0 0 0 0 0 0 14
-4 -1 4
+4 +1 4 0 0 0 0 0 0 0 0 4
+6 +3 18 18 0 0 5 0 0 2
+5 +1 18 18 0 0 3 0 0 3
+5 +1 18
+4 +2 18
+5 +1 18 0 0 2 0 0 1
+5 +1 18
+4 +4 18
+4 +1 18
+4 +1 18
+4 +1 18
+4 +1 18
+6 +1 18 0 0 0 0 0 0 0 0 18 5
+6 +7 9
+4 +1 9
+4 +2 9
+4 +1 9 0 0 0 0 0 0 0 0 9
+2 +2 9 9
+5 +1 9 9 0 0 4
+5 +1 9
+4 +2 9 0 0 2 0 0 1
+5 +1 9
+5 +1 9
+4 +4 9
+4 +1 9
+4 +1 9
+4 +1 9
+4 +1 9
+6 +1 9 0 0 0 0 0 0 0 0 9 5
+6 +7 4
+4 +1 4
+4 +1 4
+80 +32 20 0 0 2 0 0 1
+4 +1 20 20 0 0 5 0 0 3
+4 +1 20 20 0 0 4 0 0 3
+4 +1 20
+4 +1 20
+5 +2 20
+4 +1 20
+4 +1 20
+5 +1 20
+2 +1 20
+3 +1 20
+3 +1 20 0 0 0 0 0 0 0 0 20 6
+6 +1 12 12
+4 +4 12
+4 +1 12
+7 +1 12 0 0 2 0 0 1
+6 +6 12
+4 +1 12
+7 +1 12
+7 * 12
+9 +4 12
+4 +1 12 0 0 0 0 0 0 0 0 12
-4 -1 2
+4 +1 2 0 0 0 0 0 0 0 0 2
+6 +3 14 14 0 0 1 0 0 1
+5 +1 14 14 0 0 7 0 0 5
+5 +1 14
+4 +2 14
+5 +1 14 0 0 2 0 0 1
+5 +1 14
+4 +4 14
+4 +1 14
+4 +1 14
+4 +1 14
+4 +1 14
+6 +1 14 0 0 0 0 0 0 0 0 14 7
+6 +7 5
+4 +1 5
+4 +2 5
+4 +1 5 0 0 0 0 0 0 0 0 5
+2 +2 5 5
+5 +1 5 5
+5 +1 5
+4 +2 5 0 0 2 0 0 1
+5 +1 5
+5 +1 5
+4 +4 5
+4 +1 5
+4 +1 5
+4 +1 5
+4 +1 5
+6 +1 5 0 0 0 0 0 0 0 0 5 5
+6 +7 2
+4 +1 2
+4 +1 2
+80 +32 31 0 0 3 0 0 2
+4 +1 31 31 0 0 4 0 0 2
+4 +1 31 31 0 0 6 0 0 2
+4 +1 31
+4 +1 31
+5 +2 31
+4 +1 31
+4 +1 31
+5 +1 31
+2 +1 31
+3 +1 31
+3 +1 31 0 0 0 0 0 0 0 0 31 15
+6 +1 21 21
+4 +4 21
+4 +1 21
+7 +1 21 0 0 3 0 0 2
+6 +6 21
+4 +1 21
+7 +1 21
+7 * 21
+9 +4 21
+4 +1 21 0 0 0 0 0 0 0 0 21
-4 -1 1
+4 +1 1 0 0 0 0 0 0 0 0 1
+6 +3 22 22 0 0 2 0 0 2
+5 +1 22 22 0 0 6 0 0 4
+5 +1 22
+4 +2 22
+5 +1 22 0 0 3 0 0 2
+5 +1 22
+4 +4 22
+4 +1 22
+4 +1 22
+4 +1 22
+4 +1 22
+6 +1 22 0 0 0 0 0 0 0 0 22 7
+6 +7 7
+4 +1 7
+4 +2 7
+4 +1 7 0 0 0 0 0 0 0 0 7
+2 +2 7 7
+5 +1 7 7 0 0 1
+5 +1 7
+4 +2 7 0 0 3 0 0 2
+5 +1 7
+5 +1 7
+4 +4 7
+4 +1 7
+4 +1 7
+4 +1 7
+4 +1 7
+6 +1 7 0 0 0 0 0 0 0 0 7 3
+6 +7 1
+4 +1 1
+4 +1 1
+80 +32 47 0 0 2 0 0 1
+4 +1 47 47 0 0 8 0 0 6
+4 +1 47 47 0 0 8 0 0 3
+4 +1 47
+4 +1 47
+5 +2 47
+4 +1 47
+4 +1 47
+5 +1 47
+2 +1 47
+3 +1 47
+3 +1 47 0 0 0 0 0 0 0 0 47 14
+6 +1 20 20
+4 +4 20
+4 +1 20
+7 +1 20 0 0 2 0 0 1
+6 +6 20
+4 +1 20
+7 +1 20
+7 * 20
+9 +4 20
+4 +1 20 0 0 0 0 0 0 0 0 20
-4 -1 3
+4 +1 3 0 0 0 0 0 0 0 0 3
+6 +3 23 23 0 0 2
+5 +1 23 23 0 0 7 0 0 4
+5 +1 23
+4 +2 23
+5 +1 23 0 0 2 0 0 1
+5 +1 23
+4 +4 23
+4 +1 23
+4 +1 23
+4 +1 23
+4 +1 23
+6 +1 23 0 0 0 0 0 0 0 0 23 8
+6 +7 5
+4 +1 5
+4 +2 5
+4 +1 5 0 0 0 0 0 0 0 0 5
+2 +2 5 5 0 0 1
+5 +1 5 5 0 0 1 0 0 1
+5 +1 5
+4 +2 5 0 0 2 0 0 1
+5 +1 5
+5 +1 5
+4 +4 5
+4 +1 5
+4 +1 5
+4 +1 5
+4 +1 5
+6 +1 5 0 0 0 0 0 0 0 0 5 2
+6 +7 3
+4 +1 3
+4 +1 3
+80 +32 22 0 0 2 0 0 1
+4 +1 22 22 0 0 2 0 0 2
+4 +1 22 22 0 0 4 0 0 3
+4 +1 22
+4 +1 22
+5 +2 22
+4 +1 22
+4 +1 22
+5 +1 22
+2 +1 22
+3 +1 22
+3 +1 22 0 0 0 0 0 0 0 0 22 14
+6 +1 11 11
+4 +4 11
+4 +1 11
+7 +1 11 0 0 1 0 0 1
+6 +6 11
+4 +1 11
+7 +1 11
+7 * 11
+9 +4 11
+4 +1 11 0 0 0 0 0 0 0 0 11
+6 +3 11 11 0 0 3 0 0 3
+5 +1 11 11 0 0 3
+5 +1 11
+4 +2 11
+5 +1 11 0 0 1 0 0 1
+5 +1 11
+4 +4 11
+4 +1 11
+4 +1 11
+4 +1 11
+4 +1 11
+6 +1 11 0 0 0 0 0 0 0 0 11 5
+6 +7 2
+4 +1 2
+4 +2 2
+4 +1 2 0 0 0 0 0 0 0 0 2
+2 +2 2 2
+5 +1 2 2
+5 +1 2
+4 +2 2 0 0 1 0 0 1
+5 +1 2
+5 +1 2
+4 +4 2
+4 +1 2
+4 +1 2
+4 +1 2
+4 +1 2
+6 +1 2 0 0 0 0 0 0 0 0 2 1
+94 +41 83 0 0 2 0 0 1
+4 +1 83 83 0 0 5 0 0 2
+4 +1 83 83 0 0 7 0 0 1
+4 +1 83
+4 +1 83
+5 +2 83
+4 +1 83
+4 +1 83
+5 +1 83
+2 +1 83
+3 +1 83
+3 +1 83 0 0 0 0 0 0 0 0 83 10
+6 +1 70 70
+4 +4 70
+4 +1 70
+7 +1 70 0 0 3 0 0 1
+6 +6 70
+4 +1 70
+7 +1 70
+7 * 70
+9 +4 70
+4 +1 70 0 0 0 0 0 0 0 0 70
-4 -1 1
+4 +1 1 0 0 0 0 0 0 0 0 1
+6 +3 71 71 0 0 5 0 0 2
+5 +1 71 71 0 0 9 0 0 4
+5 +1 71
+4 +2 71
+5 +1 71 0 0 3 0 0 1
+5 +1 71
+4 +4 71
+4 +1 71
+4 +1 71
+4 +1 71
+4 +1 71
+6 +1 71 0 0 0 0 0 0 0 0 71 6
+6 +7 1
+4 +1 1
+4 +2 1
+4 +1 1 0 0 0 0 0 0 0 0 1
+2 +2 1 1 0 0 1
+5 +1 1 1
+5 +1 1
+4 +2 1 0 0 1 0 0 1
+5 +1 1
+5 +1 1
+4 +4 1
+4 +1 1
+4 +1 1
+4 +1 1
+4 +1 1
+6 +1 1 0 0 0 0 0 0 0 0 1
+6 +7 1
+4 +1 1
+4 +1 1
+80 +32 160 0 0 2 0 0 1
+4 +1 160 160 0 0 6 0 0 4
+4 +1 160 160 0 0 8 0 0 3
+4 +1 160
+4 +1 160
+5 +2 160
+4 +1 160
+4 +1 160
+5 +1 160
+2 +1 160
+3 +1 160
+3 +1 160 0 0 0 0 0 0 0 0 160 139
+6 +1 138 138
+4 +4 138
+4 +1 138
+7 +1 138 0 0 2 0 0 1
+6 +6 138
+4 +1 138
+7 +1 138
+7 * 138
+9 +4 138
+4 +1 138 0 0 0 0 0 0 0 0 138
-4 -1 2
+4 +1 2 0 0 0 0 0 0 0 0 2
+6 +3 140 140 0 0 5 0 0 1
+5 +1 140 140 0 0 6 0 0 2
+5 +1 140
+4 +2 140
+5 +1 140 0 0 2 0 0 1
+5 +1 140
+4 +4 140
+4 +1 140
+4 +1 140
+4 +1 140
+4 +1 140
+6 +1 140 0 0 0 0 0 0 0 0 140 9
+6 +7 4
+4 +1 4
+4 +2 4
+4 +1 4 0 0 0 0 0 0 0 0 4
+2 +2 4 4 0 0 1 0 0 1
+5 +1 4 4
+5 +1 4
+4 +2 4 0 0 1 0 0 1
+5 +1 4
+5 +1 4
+4 +4 4
+4 +1 4
+4 +1 4
+4 +1 4
+4 +1 4
+6 +1 4 0 0 0 0 0 0 0 0 4 2
+6 +7 2
+4 +1 2
+4 +1 2
+80 +32 42 0 0 2 0 0 1
+4 +1 42 42 0 0 7 0 0 3
+4 +1 42 42 0 0 3 0 0 3
+4 +1 42
+4 +1 42
+5 +2 42
+4 +1 42
+4 +1 42
+5 +1 42
+2 +1 42
+3 +1 42
+3 +1 42 0 0 0 0 0 0 0 0 42 16
+6 +1 11 11
+4 +4 11
+4 +1 11
+7 +1 11 0 0 2 0 0 1
+6 +6 11
+4 +1 11
+7 +1 11
+7 * 11
+9 +4 11
+4 +1 11 0 0 0 0 0 0 0 0 11
+6 +3 11 11 0 0 4 0 0 2
+5 +1 11 11 0 0 2 0 0 2
+5 +1 11
+4 +2 11
+5 +1 11 0 0 2 0 0 1
+5 +1 11
+4 +4 11
+4 +1 11
+4 +1 11
+4 +1 11
+4 +1 11
+6 +1 11 0 0 0 0 0 0 0 0 11 2
0x282c0 +69 40 0 0 2 0 0 1
+4 +1 40 40 0 0 8 0 0 5
+4 +1 40 40 0 0 7 0 0 3
+4 +1 40
+4 +1 40
+5 +2 40
+4 +1 40
+4 +1 40
+5 +1 40
+2 +1 40
+3 +1 40
+3 +1 40 0 0 0 0 0 0 0 0 40 16
+6 +2 17 17
+4 +4 17
+4 +1 17
+7 +1 17 0 0 2 0 0 1
+6 +6 17
+4 +1 17
+7 +2 17
+7 * 17
+9 +4 17
+4 +1 17 0 0 0 0 0 0 0 0 17
-4 -1 1
+4 +1 1 0 0 0 0 0 0 0 0 1
+6 +3 18 18 0 0 2
+5 +1 18 18 0 0 5 0 0 3
+5 +1 18
+4 +2 18
+5 +1 18 0 0 2 0 0 1
+5 +1 18
+4 +4 18
+4 +1 18
+4 +1 18
+4 +1 18
+4 +1 18
+6 +1 18 0 0 0 0 0 0 0 0 18 5
+6 +7 4
+4 +1 4
+4 +2 4
+4 +1 4 0 0 0 0 0 0 0 0 4
+2 +2 4 4
+5 +1 4 4 0 0 1
+5 +1 4
+4 +2 4 0 0 2 0 0 1
+5 +1 4
+5 +1 4
+4 +4 4
+4 +1 4
+4 +1 4
+4 +1 4
+4 +1 4
+6 +1 4 0 0 0 0 0 0 0 0 4 2
+2 +7 1
+4 +1 1
+4 +1 1
+84 +34 503 0 0 1
+5 +2 503
+4 +1 503
+4 +1 503
+3 +1 503 0 0 0 0 0 0 0 0 503 44
-11 -3 1350
+4 +1 1350
+4 +1 1350
+3 +1 1350 0 0 0 0 0 0 0 0 1350 27
+2 +1 342
+3 * 342
+11 +5 342
+4 +6 342 342
+4 +1 342 342
+4 +8 342
+2 +1 342 342
-14 -16 3243 0 0 1 0 0 1
+4 +6 3243 3243
+4 +1 3243 3243
+4 +8 3243
+2 +1 3243 3243

fn=(264) strncmp
0x28800 98 1 0 0 1 0 0 1
+4 +27 1
+3 +1 1 0 0 0 0 0 0 0 0 1
+6 +1 1
+4 +1 1 0 0 0 0 0 0 0 0 1
+6 +1 1
+3 +2 1
+2 +1 1
+2 +2 1
+4 +1 1
+4 +21 1
+3 +1 1 0 0 0 0 0 0 0 0 1
+2 +1 1
+3 +1 1 0 0 0 0 0 0 0 0 1 1
+82 +42 1 0 0 1 0 0 1
+4 +1 1
+4 +1 1
+5 +1 1
+3 +1 1
+3 +1 1
+3 +1 1
+2 +1 1 0 0 0 0 0 0 0 0 1
+2 +1 1 0 0 0 0 0 0 0 0 1
+2 +1 1
+3 +1 1
+1 +1 1
+3 +2 1
+4 +1 1
+3 +1 1
+7 +1 1 1 0 0 1 0 0 1
+4 +1 1
+4 +1 1 0 0 0 0 0 0 0 0 0 0 1 1
0x29e90 1970 1 0 0 1 0 0 1
+4 +1 1 1
+4 +1 1 1
+4 +1 1
+4 +1 1
+5 +2 1
+4 +1 1
+4 +1 1
+5 +1 1
+2 +1 1
+3 +1 1
+3 +1 1 0 0 0 0 0 0 0 0 1 1
0x2a015 2095 1 0 0 1 0 0 1
+4 +1 1
+4 +1 1
+3 +1 1 0 0 0 0 0 0 0 0 1 1
+2 +1 1
+3 * 1
+11 +5 1
+4 +3 1
+3 +1 1 0 0 0 0 0 0 0 0 1
+2 +2 1 1
+4 +1 1 1 0 1 0 0 1
+4 +8 1
+2 +1 1 1

fl=(69) /usr/src/debug/glibc/glibc/misc/../sysdeps/unix/sysv/linux/setvmaname.c
fn=(240) __set_vma_name
0x25700 60 3 0 0 1 0 0 1
+4 * 3 0 3
+1 * 3
+3 * 3 0 3
+2 * 3
+3 * 3 0 3
+2 * 3
+3 * 3 0 3
+1 * 3
+3 * 3
+4 +1 3 0 3 0 0 1 0 0 1
cfn=(242) __is_decorate_maps_enabled
calls=3 0x25690 -28 
* * 50 12 4 2 1 0 2 1 0 8 5
+5 * 3
+2 * 3 0 0 0 0 0 0 0 0 3 3
+30 +9 3 0 0 1 0 0 1
+4 * 3 3
+1 * 3 3
+2 * 3 3
+2 * 3 3
+1 * 3 3

fn=(242)
0x25690 33 5 0 0 1 0 0 1
+4 +1 5 5
+6 * 5
+2 * 5 0 0 0 0 0 0 0 0 5 3
+2 * 1
+3 * 1 0 0 0 0 0 0 0 0 1 1
+15 +9 4
+2 +7 4 4
+6 -17 1 0 1
+1 +4 1
+2 * 1
+5 -4 1 0 0 1 0 0 1
+3 * 1
+4 +4 1
+4 * 1 0 1
cfi=(12)
cfn=(30) __tunable_get_val
calls=1 0x14f60 435 
* * 18 4 1 0 1 0 0 1 0 3 2
+5 * 1 1
+3 * 1
+2 * 1 0 0 0 0 0 0 0 0 1
+2 +5 1 0 1
+10 +1 1
+2 +7 1 1
+1 * 1 1

fl=(197) /usr/src/debug/glibc/glibc/elf/dl-init.c
fn=(672) call_init
0x6110 29 8 8 0 2 1 0 1
+4 * 8 0 0 0 0 0 0 0 0 8 8
+12 -2 8 0 8
+1 * 8
+3 * 8
+4 +8 8 8
+7 -8 8 0 8 0 0 1
+4 * 8
+3 * 8 0 8
+4 * 8
+3 * 8 0 8 1 0 0 1
+4 * 8
+3 * 8 0 8
+4 * 8
+3 +8 8
+2 * 8 0 0 0 0 0 0 0 0 8 8
+10 +2 8
+2 * 8 0 0 0 0 0 0 0 0 8 2
+6 +6 7 7
+7 +3 7 7 0 0 1
+4 -3 7
+3 * 7 0 7
+6 +3 7 7 0 0 5
+3 * 7 0 0 0 0 0 0 0 0 7 1
+6 +5 6 6 0 1 0 0 1
+7 * 6 0 0 0 0 0 0 0 0 6
+6 +8 6 6 0 0 4
+7 * 6
+3 * 6 0 0 0 0 0 0 0 0 6 2
+2 +1 4 4 0 0 3
+4 * 4
+3 * 4 4
+3 * 4
+3 * 4
+3 * 4 0 4 0 0 0 0 0 0 0 0 4 4
cob=(4)
cfi=(198)
cfn=(722)
calls=1 0x4910000 -60 
* * 7 2 0 1 1 0 1 0 0 1
cob=(4)
cfi=(198)
cfn=(712)
calls=1 0x4b59000 -60 
* * 7 2 0 1 1 0 1 0 0 1
cob=(4)
cfi=(198)
cfn=(696)
calls=1 0x4c80000 -60 
* * 7 2 0 1 1 0 1 0 0 1 1
cob=(4)
cfi=(198)
cfn=(674)
calls=1 0x4847000 -60 
* * 7 2 0 1 0 0 1 0 0 1 1
+2 +3 6 6 0 0 4
+7 +1 6
+3 * 6 0 0 0 0 0 0 0 0 6 1
+2 +6 5 5 0 0 1
+7 * 5 5 0 0 4
+4 * 5 0 0 1 0 0 1
+4 +3 5
+2 * 5 0 0 0 0 0 0 0 0 5
+2 -1 5 5
+3 * 5 5
+4 * 5
+3 * 5 0 5
+4 * 5
+4 * 5
+4 * 5
+4 * 16
+4 +2 16
+3 * 16
+3 * 16
+3 * 16 16 16 0 3 0 0 0 0 0 0 16 16
cob=(7)
cfi=(256)
cfn=(990)
calls=1 0xb2e20 2389 
* * 6 2 1 0 1 0 0 1 0 1
cob=(7)
cfi=(273)
cfn=(982)
calls=1 0xb2d60 +86 
* * 50 25 12 3 7 0 3 1 0 12 4
cob=(7)
cfi=(273)
cfn=(974)
calls=1 0xb2ca0 +86 
* * 50 25 12 3 5 0 3 1 0 12 3
cob=(7)
cfi=(273)
cfn=(966)
calls=1 0xb2c20 +86 
* * 34 17 8 2 6 0 2 1 0 8 2
cob=(7)
cfi=(273)
cfn=(958)
calls=1 0xb2ba0 +86 
* * 34 17 8 2 3 0 2 1 0 8 1
cob=(7)
cfi=(272)
cfn=(956)
calls=1 0xb2a40 -32 
* * 47 9 28 6 3 6 6 3 6
cob=(7)
cfi=(270)
cfn=(952)
calls=1 0xb2910 +53 
* * 57 9 22 4 2 4 4 0 0 6 2
cob=(7)
cfi=(262)
cfn=(924)
calls=1 0xb26c0 456 
* * 910 274 75 63 38 3 63 3 2 185 40 4 4
cob=(7)
cfi=(260)
cfn=(920)
calls=1 0xb26a0 +54 
* * 11 5 3 1 0 0 1 0 0 0 0 1 1
cob=(7)
cfi=(259)
cfn=(918)
calls=1 0xb2690 +34 
* * 3 1 1 0 0 1
cob=(7)
cfi=(258)
cfn=(914)
calls=1 0xb2600 260 
* * 184 35 40 5 1 2 5 0 1 20 6 4 4
cob=(7)
cfi=(257)
cfn=(908)
calls=1 0xb2f20 -74 
* * 12 1 0 3 0 0 3 0 0 1 1
cob=(7)
cfi=(256)
cfn=(906)
calls=1 0xb2e40 2389 
* * 81 14 15 1 0 0 1 0 0 10 1 1 1
cob=(6) /usr/lib/libgcc_s.so.1
cfi=(208) ???
cfn=(706) 0x0000000000005600
calls=1 0x5600 -74 
* * 12 1 0 3 0 0 3 0 0 1 1
cob=(2)
cfi=(204) /usr/src/debug/glibc/glibc/libio/stdfiles.c
cfn=(694) _IO_stdfiles_init
calls=1 0x27580 -10 
* * 22 5 3 1 4 1 1 0 0 4 2
cob=(2)
cfi=(203) /usr/src/debug/glibc/glibc/libio/vtables.c
cfn=(692) check_stdfiles_vtables
calls=1 0x27510 545 
* * 12 7 0 2 5 0 2 0 0 3 1
-9 * 5
+3 * 5
+3 * 5
+3 * 5 5 5 0 3 0 0 0 0 0 0 5 5
cob=(7)
cfi=(210)
cfn=(726)
calls=1 0xb2a00 +44 
* * 38780 10965 4667 346 173 150 346 25 115 7182 367 916 173
cob=(3) /usr/lib/libm.so.6
cfi=(209) ???
cfn=(716) 0x0000000000010a80
calls=1 0x10a80 -74 
* * 12 1 0 3 0 0 3 0 0 1 1
cob=(6)
cfi=(205) /usr/src/debug/gcc/gcc/libgcc/config/i386/cpuinfo.c
cfn=(700) __cpu_indicator_init@GCC_4.8.0
calls=1 0x42d0 -14 
* * 367 14 45 39 2 0 39 0 0 100 30
cob=(2)
cfi=(200) /usr/src/debug/glibc/glibc/csu/init-first.c
cfn=(684) _init_first
calls=1 0x274a0 -28 
* * 69 18 10 8 5 3 8 1 1 7 2 1 1
cob=(5) /usr/lib/valgrind/vgpreload_core-amd64-linux.so
cfi=(199) ???
cfn=(678) 0x00000000000010e0
calls=1 0x10e0 -74 
* * 12 1 0 3 0 0 3 0 0 1
+2 -1 21
+3 * 21
+3 * 21 0 0 0 0 0 0 0 0 21 12
+2 * 5 5
+4 +3 5 5
+4 * 5 5 0 1 0 0 1
+4 * 5 5
+4 * 5 5
+4 * 5 5
+1 * 5 5
-17 * 3 3
+4 * 3 3
+4 * 3 3
+4 * 3 3
+4 * 3 3
+1 * 3 3
+4 -29 1
+2 * 1 0 0 0 0 0 0 0 0 1 1

fn=(670) _dl_init
0x6250 81 1 0 0 1 0 0 1
+4 * 1 0 1
+1 * 1
+3 * 1 0 1
+2 * 1
+3 * 1 0 1
+2 * 1
+3 * 1 0 1
+2 * 1
+3 * 1 0 1
+2 * 1
+3 * 1 0 1
+1 * 1
+4 +1 1 1 0 0 1
+7 +1 1 1
+7 +3 1 1 0 1 0 0 1
+7 * 1
+3 * 1 0 0 0 0 0 0 0 0 1 1
+6 +8 1
+3 * 1 0 0 0 0 0 0 0 0 1 1
+7 +25 1 1
+7 +1 1
+2 * 1 0 0 0 0 0 0 0 0 1
+2 * 1
+3 * 1
+4 * 1
+5 +1 1 1
+7 * 1
+3 * 1
+3 * 1
+3 * 1 1 0 1 0 0 1
+4 -1 1
+4 +1 1 0 1
cfn=(672)
calls=1 0x6110 -92 
* * 38 14 6 0 2 0 0 0 0 7 4
-24 * 6 6
+7 * 6
+3 * 6
+3 * 6
+3 * 6 6
+4 -1 6
+4 +1 6 0 6
cfn=(672)
calls=6 0x6110 -92 
* * 41208 11572 5012 499 283 170 498 37 125 7624 494 950 207
+5 -1 7 0 0 1
+4 * 7 0 0 0 0 0 0 0 0 7 6
+2 +7 1
+4 * 1 1
+1 * 1 1
+2 * 1 1
+2 * 1 1
+2 * 1 1
+2 * 1 1
+1 * 1 1
+79 -22 1 0 1 1 0 0 1
+4 -17 1 0 1
cfn=(672)
calls=1 0x6110 -59 
* * 83 25 9 9 2 1 9 0 0 11 3 2 2
+5 +1 1 1
+4 * 1 0 1 1 0 0 1
+11 * 1

fl=(45) /usr/src/debug/glibc/glibc/string/../sysdeps/x86_64/multiarch/../multiarch/memcmp-sse2.S
fn=(134) bcmp
0x26160 59 1 0 0 1 0 0 1
+4 +12 1
+4 +1 1 0 0 0 0 0 0 0 0 1
+6 +22 1
+3 +1 1 0 0 0 0 0 0 0 0 1 1
+47 +45 1 1 0 1 0 0 1
+3 +1 1 1
+3 +2 1
+3 +1 1 0 0 0 0 0 0 0 0 1
+2 +2 1 1
+5 +1 1 1
+5 +2 1
+3 +1 1 0 0 0 0 0 0 0 0 1 1
+24 +47 1 0 0 1 0 0 1
+3 +1 1
+3 +1 1
+3 +1 1
+2 +1 1
+3 +1 1 1

fl=(49) /usr/src/debug/glibc/glibc/elf/dl-debug_state.c
fn=(154) _dl_debug_state
0x37b0 28 2 0 0 2 0 0 1
+4 +1 2 2

fl=(43) /usr/src/debug/glibc/glibc/elf/dl-hwcaps_split.c
fn=(128) _dl_hwcaps_split
0x1cba0 25 15
+4 * 15
+3 +1 15 15
+3 * 15
+3 * 15 0 0 0 0 0 0 0 0 15 3
+2 +4 12 12
+4 * 12 0 12
+3 +4 12 12 0 0 1 0 0 1
+3 * 12
+2 * 12 0 0 0 0 0 0 0 0 12 6
+2 * 6
+3 +1 6
+4 * 6 0 6
+3 -1 6 6
+3 * 6
+2 * 6 0 0 0 0 0 0 0 0 6
+2 +2 12 0 0 1 0 0 1
+2 * 12 0 0 0 0 0 0 0 0 12 3
+2 -11 9 0 9
+1 +16 9
+5 -16 9
+3 * 9 0 9
+1 * 9
+3 * 9
+4 +16 9 0 9
+4 * 9 0 9
cfi=(44) /usr/src/debug/glibc/glibc/string/../sysdeps/x86_64/multiarch/../multiarch/strchr-sse2.S
cfn=(130) index
calls=9 0x26dd0 -9 
* * 216 27 0 2 1 0 2 1 0 18
+5 +1 9 9
+4 * 9
+3 * 9 0 0 0 0 0 0 0 0 9 3
+2 +3 6
+3 * 6 0 6
+4 +2 6 6
+4 -1 6
+5 +1 6 6
+1 * 6 6
+10 -20 6 0 0 1 0 0 1
+2 +20 6 6
+6 -4 3 0 3
cfi=(23)
cfn=(64)
calls=3 0x28660 +14 
* * 51 6 0 0 0 0 0 0 0 6
+5 * 3 0 3
+4 +4 3 3
+4 -1 3
+5 +1 3 3
+1 * 3 3

fn=(132) _dl_hwcaps_contains
0x1cc30 66 6
+4 +1 6
+3 * 6 0 0 0 0 0 0 0 0 6 4
0x1ccdd +1 6
+5 +9 6 6

fn=(126) _dl_hwcaps_split_masked
0x1ccf0 51 11 0 0 1 0 0 1
+4 * 11 0 11
+1 * 11
+3 * 11 0 11
+1 * 11
+3 * 11
+4 +3 11 0 0 1 0 0 1
+3 * 11 0 11
cfn=(128)
calls=11 0x1cba0 -29 
* * 443 85 45 4 1 0 4 1 0 56 14
-3 * 3
+3 * 3 0 3
cfn=(128)
calls=3 0x1cba0 -29 
* * 177 33 21 0 1 0 0 1 0 21
+5 * 14
+2 * 14 0 0 0 0 0 0 0 0 14 5
+2 +2 9 9
+3 +1 9
+2 * 9
+2 * 9 0 9
+3 +1 9
+2 * 9 0 0 0 0 0 0 0 0 9 2
+2 * 6 6
+4 * 6 6
+3 * 6 6
+4 * 6 0 6
cfn=(132)
calls=6 0x1cc30 +8 
* * 30 6 0 0 0 0 0 0 0 6 4
+5 * 6
+2 * 6 0 0 0 0 0 0 0 0 6
+2 +4 11 11
+4 * 11 11
+1 * 11 11

fl=(183) /usr/src/debug/glibc/glibc/elf/../sysdeps/nptl/dl-mutex.c
fn=(618) __rtld_mutex_init
0x1d370 30 1 0 0 1 0 0 1
+4 * 1 0 1
+1 +10 1
+6 * 1 0 0 1 0 0 1
+7 * 1
+5 * 1
+7 -10 1
+3 * 1 0 1
+2 * 1 0 1
+1 +7 1 1
+7 +3 1
+3 * 1 0 1
cfi=(184)
cfn=(620)
calls=1 0xc480 +34 
* * 238 59 19 8 7 0 8 2 0 25 7 1 1
+5 +4 1
+3 * 1 0 0 0 0 0 0 0 0 1
+6 +1 1
+3 * 1
+3 * 1
+4 * 1 1
+5 * 1 0 0 0 0 0 0 0 0 1
+2 * 1
+3 * 1 0 0 1 0 0 1 0 0 1
+2 * 1 1
+3 * 1 1
+4 +2 1
+6 * 1
+5 * 1
+3 * 1
+7 * 1
+7 -2 1 0 1
+7 +2 1 0 1
cfi=(184)
cfn=(620)
calls=1 0xc480 +27 
* * 222 57 19 0 6 0 0 1 0 21 5 1 1
+5 * 1
+3 +4 1
+3 * 1 0 0 0 0 0 0 0 0 1
+6 +1 1 1 0 1 0 0 1
+5 * 1 0 0 0 0 0 0 0 0 1
+2 * 1
+3 * 1 0 0 0 0 0 0 0 0 1
+2 * 1 1
+3 * 1 1
+4 +1 1 1
+1 * 1 1
+2 -1 1 0 1
+7 +1 1 1
+1 * 1 1

fl=(381) /usr/src/debug/glibc/glibc/elf/dl-call_fini.c
fn=(1644) _dl_call_fini
0x1fb0 24 7 0 0 1 0 0 1
+4 * 7 0 7
+1 * 7
+3 * 7
+4 * 7 0 7
+4 * 7 0 0 1 0 0 1
+3 +4 7 7 0 0 1
+7 * 7 0 0 0 0 0 0 0 0 7 2
+6 +6 7 7 0 0 7 0 0 6
+7 -2 7 0 7
+8 +3 7
+3 * 7 0 0 0 0 0 0 0 0 7 2
+2 +4 5 5 0 0 2 0 0 2
+7 * 5 5 0 0 5 0 0 4
+4 +3 5
+4 * 5 0 0 0 0 0 0 0 0 5 2
+2 * 5 0 5
+4 -4 5 5 0 0 1 0 0 1
+4 * 5 5 0 1 1 0 1 1
+4 * 5 0 5
+4 * 5
+4 * 5
+4 * 5
+3 +5 5 5 5 0 5 0 0 5 0 0 0 5 5
cob=(6)
cfi=(391) /usr/src/debug/gcc/gcc/libgcc/unwind-dw2-fde.c
cfn=(1764) release_registered_frames
calls=1 0x42a0 +15 
* * 42 14 12 3 1 0 3 1 0 6 4
cob=(3)
cfi=(209)
cfn=(1744) release_registered_frames
calls=1 0x10990 -43 
* * 42 14 12 2 1 0 2 1 0 6 4
cob=(7)
cfi=(257)
cfn=(1686)
calls=1 0xb2ed0 -43 
* * 1556 614 256 39 56 5 39 47 1 233 48 59 28
cob=(5)
cfi=(199)
cfn=(1670) 0x0000000000001090
calls=1 0x1090 -43 
* * 117 29 16 4 2 0 4 2 0 26 7 1 1
cob=(8) /home/ikea/Projects/DV1674-A2/pearson/alignment/pearson
cfi=(275) ???
cfn=(1646) 0x0000000000002cb0
calls=1 0x2cb0 -43 
* * 117 29 16 12 7 1 12 7 1 26 6 1 1
* * 2 2 2 0 1 0 0 1 0 0 0 2 2
cob=(6)
cfi=(208)
cfn=(1768) 0x00000000000055b0
calls=1 0x55b0 -43 
* * 117 29 16 3 2 0 3 2 0 26 2 1 1
cob=(3)
cfi=(209)
cfn=(1748) 0x0000000000010a30
calls=1 0x10a30 -43 
* * 117 29 16 3 2 0 3 2 0 26 2 1 1
+2 -1 7
+4 * 7
+3 * 7 0 0 0 0 0 0 0 0 7 3
+2 * 5 5
+4 * 5 5
+4 +5 5 5 0 0 5 0 0 4
+7 +1 5
+3 * 5 0 0 0 0 0 0 0 0 5 1
-10 -1 2 2 0 0 2 0 0 2
+7 +1 2
+3 * 2 0 0 0 0 0 0 0 0 2 2
+2 +1 5 5
+4 +1 5 5
+4 -1 5 5 0 0 4 0 0 4
+4 +1 5 5
+1 -1 5 0 0 0 0 0 0 0 0 0 0 5 5
cob=(4)
cfi=(198)
cfn=(1782)
calls=1 0x4ca2f88 -49 
* * 4 1 0 1 0 0 1
cob=(4)
cfi=(198)
cfn=(1762)
calls=1 0x4bf1510 -49 
* * 4 1 0 1 0 0 1
cob=(4)
cfi=(198)
cfn=(1742)
calls=1 0x4a92e84 -49 
* * 4 1 0 1 0 0 1
cob=(4)
cfi=(198)
cfn=(1684)
calls=1 0x4847274 -49 
* * 4 1 0 2 0 0 2
cob=(4)
cfi=(198)
cfn=(1666)
calls=1 0x4004588 -49 
* * 4 1 0 1 0 0 1
+4 +1 2 2 0 1 0 0 1
+4 * 2 2
+1 * 2 2

fl=(32) /usr/src/debug/glibc/glibc/elf/dl-load.c
fn=(116) _dl_init_paths
0x7c40 680 1 0 0 1 0 0 1
+4 * 1 0 1
+1 * 1
+3 * 1 0 1
+2 * 1
+3 * 1
+3 * 1 0 1
+2 +14 1
+7 -14 1 0 1
+2 * 1
+3 * 1
+3 +14 1
+7 -14 1 0 1
+1 +14 1 0 1
cfi=(40) /usr/src/debug/glibc/glibc/elf/dl-hwcaps.c
cfn=(118) _dl_important_hwcaps
calls=1 0x1c7a0 171 
* * 1320 278 228 29 2 5 29 2 5 154 43 2 2
fi=(29)
+5 56 1
fe=(32)
+5 694 1 0 1
fi=(29)
+7 56 1 1 1 0 0 0 0 0 0 0 0 1 1
cfi=(28)
cfn=(80)
calls=1 0xc690 -20 
* * 18 3 3 0 0 0 0 0 0 3 1
fe=(32)
+6 699 1 0 1 1 0 1 1 0 1
+7 +2 1
+3 * 1 0 0 0 0 0 0 0 0 1
+6 +12 1
+10 * 1
+3 -4 1 1
+7 +4 1
+8 * 1
+3 * 1
+4 * 1
+4 * 1
fi=(29)
+4 56 1 1 1 1 0 0 1 0 0 0 0 1 1
cfi=(28)
cfn=(80)
calls=1 0xc690 -20 
* * 18 3 3 0 0 0 0 0 0 3 1
fe=(32)
+6 713 1 0 1 0 0 1 0 0 1
+4 +2 1 1
+7 * 1 1
+3 * 1
+3 * 1 0 0 0 0 0 0 0 0 1
+6 +17 1
+7 +9 1 1
+7 -19 1 0 1
+7 -1 1 0 1
+10 +11 1
+5 +3 1 0 0 1 0 0 1
+7 -5 1 0 1
+4 +5 1 0 1
+4 +1 1 0 1
+8 -4 1 0 1
+4 +9 1
+3 * 1 0 0 0 0 0 0 0 0 1
+2 +1 1
+4 * 1
+4 * 1
+2 * 1 0 1
cfi=(10)
cfn=(20)
calls=1 0x26630 137 
* * 14 1 2 0 0 1 0 0 1 2 2
+6 +2 1 0 1
+7 +12 1 1
+7 +3 1 0 0 1 0 0 1
+7 -8 1 0 1
+8 -1 1 0 1
+11 +9 1
+3 * 1
+4 +2 1 1
+7 * 1
+3 * 1
+2 * 1 0 0 0 0 0 0 0 0 1
+6 +2 1 1
+7 * 1
+3 * 1 0 0 0 0 0 0 0 0 1 1
+75 +36 1 0 0 1 0 0 1
+3 * 1 0 0 0 0 0 0 0 0 1 1
+9 +31 1 0 1
+11 +1 1
+4 * 1 1
+1 * 1 1
+2 * 1 1
+2 * 1 1
+2 * 1 1
+1 * 1 1
+75 -49 1 1 0 1 0 0 1
+7 -2 1 0 1 1 0 0 1
+11 +2 1
+3 * 1 0 0 0 0 0 0 0 0 1 1
0x7f4e +14 1 0 1 1 0 0 1
+11 * 1

fn=(180) _dl_map_new_object
0x9c70 1933 5
+4 * 5 0 5
+1 * 5
+3 * 5 0 5
+2 * 5 0 5
+2 * 5
+3 * 5 0 5 1 0 0 1
+2 * 5
+3 * 5 0 5
+2 * 5
+3 * 5 0 5
+1 * 5
+3 * 5
+7 * 5 0 5 0 0 2 0 0 2
+6 * 5 0 5 0 0 1 0 0 1
+6 +10 5 5
+7 * 5 0 0 0 0 0 0 0 0 5 4
+11 +12 5 5
+6 -5 5 0 5
+7 -15 5 0 5 1 0 0 1
+11 +20 5
+2 * 5 0 0 0 0 0 0 0 0 5
+6 +14 5
+5 * 5
+3 * 5 0 5 0 0 2 0 0 2
cfi=(44)
cfn=(130)
calls=5 0x26dd0 32 
* * 120 15 0 0 0 0 0 0 0 10
+5 * 5
+3 * 5 0 0 0 0 0 0 0 0 5 2
+6 2121 1
+3 * 1 0 0 0 0 0 0 0 0 1
+6 -1 1
+3 * 1
+3 * 1 0 1
cfn=(182) expand_dynamic_string_token
calls=1 0x75a0 375 
* * 170 29 19 9 0 2 9 0 2 16 6 1 1
+5 +6 1
+3 -7 1 0 1 1 0 0 1
+7 +1 1
+3 +2 1
+3 * 1 0 0 0 0 0 0 0 0 1
+6 +4 1
+7 * 1
+2 * 1
+6 * 1
+3 * 1
+3 * 1
+7 * 1 0 1
+7 * 1 0 1
cfn=(188) open_verify.constprop.0
calls=1 0x6710 1511 
* * 106 22 14 9 1 1 9 1 1 18 2
+5 +3 1 1 0 1 0 0 1
+7 * 1
+3 -3 1
+2 +3 1 0 0 0 0 0 0 0 0 1
+6 +58 1 1
+7 -46 1
+2 * 1
+7 * 1
+4 +46 1 1
+6 * 1 0 1
+2 * 1
+3 * 1
+3 * 1 1 1
+6 * 1 1
+7 * 1
+3 * 1 0 0 1 0 0 1
+3 * 1 0 1
+2 * 1 0 1
+1 * 1 0 1
cfn=(194) _dl_map_object_from_fd
calls=1 0x81b0 948 
* * 1815 409 205 66 33 25 66 33 25 359 112 5 1
-49 -46 4
+2 * 4
+7 * 4
+4 +46 4 4
+6 * 4 0 4
+2 * 4
+3 * 4
+3 * 4 4 4
+6 * 4 4
+7 * 4
+3 * 4
+3 * 4 0 4
+2 * 4 0 4
+1 * 4 0 4
cfn=(194)
calls=4 0x81b0 948 
* * 8989 1781 1358 16 114 186 15 114 186 1775 330 20
+5 * 5
+4 +2 5
+4 * 5 5
+1 * 5 5
+2 * 5 5
+2 * 5 5
+2 * 5 5
+2 * 5 5
+1 * 5 5
0x9e68 1973 4 0 0 1 0 0 1
+3 * 4 0 4
cfi=(23)
cfn=(64)
calls=4 0x28660 57 
* * 68 8 0 0 0 0 0 0 0 8
+5 * 4
+4 * 4 0 4
+7 +2 4 4 0 1 0 0 1
+7 * 4 0 0 0 0 0 0 0 0 4
+6 +7 4
+3 * 4 0 0 0 0 0 0 0 0 4
+6 * 4 4
+8 * 4 0 0 0 0 0 0 0 0 4 2
0x9f58 +4 4 4 0 1 0 0 1
+7 +8 4 0 4
+7 * 4
+3 * 4
+3 * 4 0 4
+7 -8 4 0 4
+7 +5 4 0 0 1 0 0 1
+7 * 4 0 4
+7 +3 4
+3 * 4 0 4
+7 * 4
+6 -3 4 4
+8 * 4
+3 * 4 0 0 0 0 0 0 0 0 4 2
+6 +1 4
+3 * 4
+5 * 4
+8 * 4
+3 * 4 0 4 1 0 0 1
cfn=(228) cache_rpath
calls=4 0x7bd0 656 
* * 32 8 0 2 0 0 2 0 0 4 2
+5 * 4
+2 * 4 0 0 0 0 0 0 0 0 4 2
0xa03c -1 4 4 0 1 0 0 1
+7 * 4 4
+7 * 4 4
+7 +15 4
+3 * 4 0 0 0 0 0 0 0 0 4
+6 +1 4 4
+7 * 4
+3 * 4 0 0 0 0 0 0 0 0 4
+6 * 4 4
+7 * 4 0 4
+6 * 4
+3 * 4
+2 * 4 0 0 1 0 0 1 0 0 4
+6 * 4
+81 +32 4 0 0 1 0 0 1
+3 * 4 0 0 0 0 0 0 0 0 4
+6 * 4
+4 +1 4
+7 * 4
+5 * 4
+7 * 4
+3 * 4 0 4
cfn=(228)
calls=4 0x7bd0 656 
* * 32 8 0 0 0 0 0 0 0 4 2
+5 * 4
+2 * 4 0 0 1 0 0 1 0 0 4
+6 +8 4
+7 * 4 0 0 0 0 0 0 0 0 4
+6 +2 4 4
+6 * 4
+2 * 4 0 0 0 0 0 0 0 0 4
+6 +4 4
+3 * 4 0 4
cfi=(67) /usr/src/debug/glibc/glibc/elf/dl-cache.c
cfn=(230) _dl_load_cache_lookup
calls=4 0x16160 386 
* * 5203 832 191 25 62 6 25 62 6 1192 101 4
+5 * 4
+3 +2 4
+3 * 4 0 0 0 0 0 0 0 0 4
+6 +4 4
+3 * 4 0 0 0 0 0 0 0 0 4
+6 +8 4 4 0 1 0 0 1
+7 * 4 0 0 0 0 0 0 0 0 4
+6 +23 4
+3 * 4
+7 * 4
+3 * 4
+5 * 4
+3 * 4
+7 * 4
+3 * 4 0 4
+7 * 4 0 4
cfn=(188)
calls=4 0x6710 1511 
* * 459 89 58 3 1 1 3 1 1 79 8
+5 * 4
+2 +4 4
+3 * 4 0 0 0 0 0 0 0 0 4
+6 +18 4 4 0 1 0 0 1
+7 -17 4 0 4
+7 +17 4 4
+7 * 4 0 0 0 0 0 0 0 0 4 2
0xa2ce 2008 4 4 0 1 0 0 1
+7 * 4 4
+7 * 4
+5 * 4
+7 * 4 0 4
+7 * 4 0 4
cfn=(228)
calls=4 0x7bd0 656 
* * 32 8 0 0 0 0 0 0 0 4 2
+5 * 4
+2 * 4 0 0 0 0 0 0 0 0 4
+6 +9 4 0 0 1 0 0 1
+7 * 4 0 0 0 0 0 0 0 0 4
+6 +15 4 4
+8 * 4 0 0 0 0 0 0 0 0 4 2

fn=(182)
0x75a0 375 1 0 1 1 0 0 1
+1 * 1
+3 * 1 0 1
+2 * 1
+3 +10 1
+3 -10 1 0 1
+1 * 1
+3 * 1
+4 +10 1 0 1
cfn=(184) _dl_dst_count
calls=1 0x7360 228 
* * 62 9 3 5 0 1 5 0 1 4 2
+5 +3 1
+3 * 1 0 0 0 0 0 0 0 0 1
+2 +12 1 0 0 1 0 0 1
+4 -11 1
+3 +11 1 1
+1 * 1 1
+2 * 1 1
+1 -11 1
cfi=(55) /usr/src/debug/glibc/glibc/string/strdup.c
cfn=(186) strdup
calls=1 0x28600 40 
* * 91 17 12 2 0 1 2 0 1 11 4 1 1

fn=(216) _dl_notify_new_object
0x6670 908 5 0 5 1 0 0 1
+1 * 5
+3 * 5 0 5
+2 * 5
+3 +2 5
+3 -2 5 0 5
+2 * 5 0 0 1 0 0 1
+3 * 5 0 5
+2 * 5
+3 * 5 0 5
+1 +2 5 0 5
cfi=(46) /usr/src/debug/glibc/glibc/elf/dl-debug.c
cfn=(218) _dl_debug_update
calls=5 0x3600 94 
* * 35 10 0 1 0 0 1 0 0 10 5
+5 * 5
+3 +1 5 5
+3 * 5
+2 * 5 0 0 0 0 0 0 0 0 5 4
+25 +21 5 5
+5 * 5
+7 * 5 5
+4 * 5 5
+7 * 5 0 0 0 0 0 0 0 0 5 2
+12 -4 5 0 0 1 0 0 1
+3 * 5 0 0 0 0 0 0 0 0 5 3
+13 +7 5 5
+1 -2 5
+3 * 5
+3 +2 5 5
+2 * 5 5
+2 * 5 5
+2 * 5 5
+1 -2 5
cfi=(50) /usr/src/debug/glibc/glibc/elf/dl-audit.c
cfn=(220) _dl_audit_objopen
calls=5 0x19ec0 77 
* * 25 10 0 1 0 0 1 0 0 5

fn=(94) _dl_process_pt_gnu_property
0x7fb0 842 6 0 0 1 0 0 1
+4 +8 6 6
+5 * 6 0 0 0 0 0 0 0 0 6
+6 -6 6 6 0 1 0 0 1
+4 +12 6
+4 * 6 0 0 0 0 0 0 0 0 6
+6 -13 6 6
+3 +13 6
+5 -13 6 6
+4 * 6
+3 +13 6
+3 * 6
+69 +3 6 6 0 1 6 0 1 6
+2 * 6
+3 * 6 0 0 0 0 0 0 0 0 6
+2 +1 6 6
+4 * 6 0 0 0 0 0 0 0 0 6
+2 +1 6 6
+7 * 6 0 0 0 0 0 0 0 0 6
+2 +3 6 6
+3 * 6
+3 * 6 0 0 1 0 0 1 0 0 6
+6 +1 6
+2 * 6
+3 * 6 0 0 0 0 0 0 0 0 6 2
+6 +4 6
+4 +1 6
+4 * 6
fi=(33) /usr/src/debug/glibc/glibc/elf/../sysdeps/x86/dl-prop.h
+7 97 3
+6 * 3 0 0 0 0 0 0 0 0 3
+6 258 3 3
+7 * 3
+3 * 3 0 0 0 0 0 0 0 0 3
fe=(32)
+6 888 3
+6 * 3 0 0 0 0 0 0 0 0 3 2
+6 +4 5
+4 * 5
+4 * 5
+4 +2 5
+3 * 5
+3 * 5
+4 * 5 0 0 0 0 0 0 0 0 5
+6 -20 11 0 0 1 0 0 1
+2 * 11 11 0 0 1 0 0 1
+2 +4 11
+2 * 11 0 0 0 0 0 0 0 0 11
+2 -3 11 11
+3 +6 11
+4 +1 11
+4 * 11
+3 * 11 0 0 0 0 0 0 0 0 11
fi=(33)
+2 95 11
+3 * 11 0 0 1 0 0 1
+7 * 11
+7 * 11 0 0 0 0 0 0 0 0 11 5
+2 +7 8
+3 * 8 0 0 0 0 0 0 0 0 8
+2 +16 8 8
+3 -3 8
+6 * 8 0 0 0 0 0 0 0 0 8 4
+6 252 3
+2 * 3 0 0 0 0 0 0 0 0 3
+2 +5 3 3
+7 -4 3 0 3
+6 +4 3
+3 * 3
+3 * 3 0 3
+6 +3 3 3 0 1 0 0 1
fe=(32)
+12 904 3 3
fi=(33)
+89 254 5 0 0 1 0 0 1
+2 * 5 0 0 0 0 0 0 0 0 5
+2 +1 5 0 5
+6 +2 5 5
+7 * 5
+3 * 5
+3 * 5 0 5
+6 +3 5
fe=(32)

fn=(194)
0x81b0 948 5 0 5 1 0 0 1
+1 * 5
+3 * 5 0 5
+2 * 5 0 5
+2 * 5
+3 * 5 0 5
+2 * 5 0 5
+2 * 5 0 0 1 0 0 1
+3 * 5 0 5
+1 * 5
+7 +15 5 5
+3 -15 5 0 5 0 0 1 0 0 1
+7 * 5 0 5 0 0 1 0 0 1
+7 +15 5
+5 -15 5 0 5
+6 * 5 0 5
+7 +15 5 0 5
+6 * 5 0 0 0 0 0 0 0 0 5 4
+93 +85 5 5 0 1 0 0 1
+3 * 5
+3 * 5 0 5
+6 * 5 0 0 0 0 0 0 0 0 5
+6 +10 5 5
+7 * 5 0 0 0 0 0 0 0 0 5
+6 +7 5 5
+4 * 5 5
+4 * 5
+3 * 5 5
+3 * 5 5 0 1 0 0 1
+7 * 5 5
+7 * 5 0 5
cfi=(27) /usr/src/debug/glibc/glibc/elf/dl-object.c
cfn=(74) _dl_new_object
calls=5 0xcd40 59 
* * 1747 354 253 9 7 43 9 7 43 252 75 15 1
+5 * 5
+3 +1 5
+3 * 5 0 0 0 0 0 0 0 0 5
+6 +11 5 5
+4 +1 5 5
+5 -1 5 0 5 0 0 3 0 0 3
+7 +2 5 5
+5 +3 5 5
+4 -1 5
+4 -2 5 0 5
+7 +3 5 0 0 1 0 0 1
+4 * 5 5
+3 * 5 0 0 0 0 0 0 0 0 5 1
+6 +1 4
+5 * 4 0 4
+7 +19 4 4
+7 * 4
+3 -2 4 0 4
+7 +2 4
+4 * 4
+4 * 4
+3 * 4
+6 * 4
+3 * 4 0 0 1 0 0 1
+3 * 4 0 0 0 0 0 0 0 0 4 1
-40 * 1 1
+7 * 1
+3 -2 1 0 1
+7 +2 1
+4 * 1
+4 * 1
+3 * 1
+6 * 1
+3 * 1
+3 * 1 0 0 0 0 0 0 0 0 1 1
+22 * 5
+5 * 5
+3 * 5
+3 * 5 0 0 0 0 0 0 0 0 5
+2 * 5 0 5
+5 * 5
+5 * 5
+3 * 5
+4 * 5 0 5
+7 +10 5 5 0 1 0 0 1
+7 -10 5
+4 * 5 0 5
+7 +10 5
+3 * 5
+3 * 5 0 0 0 0 0 0 0 0 5
+6 +27 5 5
+7 -33 5
+2 -3 5
+2 +2 5 0 5
+7 -1 5 0 5
+7 +44 5
fi=(31) /usr/src/debug/glibc/glibc/elf/../include/stackinfo.h
+3 62 5 0 5
fe=(32)
+8 1139 5 0 0 1 0 0 1
+4 -41 5 0 5
+10 +50 5
fi=(31)
+3 62 5 0 5
+7 * 5 0 5
+7 * 5
fe=(32)
+11 1113 39
+3 * 39 0 0 0 0 0 0 0 0 39 5
+6 * 34
+3 * 34 0 0 0 0 0 0 0 0 34 1
+6 * 33
+3 * 33 0 0 1 0 0 1 0 0 33 14
+6 +26 20 20 0 0 2 0 0 2
+4 * 20 20
+4 * 20
+3 * 20
+3 * 20
+3 * 20 0 0 0 0 0 0 0 0 20
+6 +10 20 20 0 0 2 0 0 2
+4 * 20
+4 -1 20
+3 -1 20
+4 +1 20 20
+7 * 20
+3 +1 20
+3 +2 20 20 0 0 1 0 0 1
+4 -3 20 0 20 0 0 2 0 0 2
+3 +1 20 0 0 1 0 0 1
+5 +2 20 0 20 0 0 5 0 0 5
+4 +2 20 20 0 0 1 0 0 1
+4 -4 20
+3 +1 20 0 20
+4 +3 20
+3 -4 20 0 20
+4 +4 20
+3 * 20
+4 * 20
+4 * 20
+3 * 20
+4 +2 20
+3 * 20 0 20 0 0 2 0 0 2
+4 +13 20
+4 * 20 0 0 0 0 0 0 0 0 20 5
+2 * 15 15
+4 * 15
+3 * 15 0 15
fi=(31)
+6 62 15 15
+3 * 15
fe=(32)
+6 1173 15
fi=(31)
+4 62 15
+3 * 15
+3 * 15
+3 * 15
+3 * 15 15
+7 * 15
+3 * 15 0 15
fe=(32)
+5 1147 15
+3 * 15
+1 -35 15
+4 * 15
+3 * 15 0 0 0 0 0 0 0 0 15
fi=(31)
-51 62 5 5
+3 * 5
fe=(32)
+6 1173 5
fi=(31)
+4 62 5
+3 * 5
+3 * 5
+3 * 5
+3 * 5 5
+7 * 5
+3 * 5 0 5
fe=(32)
+5 1147 5
+3 * 5
+1 -35 5
+4 * 5
+3 * 5 0 0 0 0 0 0 0 0 5
-7 * 40
+4 * 40
+3 * 40 0 0 0 0 0 0 0 0 40
+2 +1 65 65 0 1 12 0 1 12
+2 * 65
+3 * 65 0 0 1 0 0 1 0 0 65 3
+6 * 62 0 0 0 0 0 0 0 0 62 17
+6 * 23
+6 * 23 0 0 0 0 0 0 0 0 23 5
+6 * 18
+6 * 18 0 0 0 0 0 0 0 0 18 9
+2 1214 5 5 0 0 1 0 0 1
+5 1112 5
+4 1214 5 5
+5 * 5 0 5 0 0 1 0 0 1
+7 1112 5
+3 * 5 0 0 0 0 0 0 0 0 5
+2 * 5
+8 -34 5 5 0 1 0 0 1
+7 * 5 5
+7 1229 5
+3 1078 5 5
+7 * 5 0 5
+6 * 5 5
+7 * 5
+4 1219 5
+3 * 5 0 0 0 0 0 0 0 0 5
+6 * 5
+3 * 5
+11 +11 5 0 0 1 0 0 1
+3 -1 5
+4 +1 5 0 5
+3 -1 5
+4 * 5
+3 * 5 0 0 0 0 0 0 0 0 5 2
-17 +1 15
+3 -1 15
+4 +1 15 0 15
+3 -1 15
+4 * 15
+3 * 15 0 0 0 0 0 0 0 0 15 4
+2 +7 5 5
+7 * 5 0 0 0 0 0 0 0 0 5
+6 +10 5 5
+5 * 5 0 0 0 0 0 0 0 0 5
+6 * 5 5
+7 * 5 0 0 0 0 0 0 0 0 5
+6 +7 5
+4 * 5 5 0 1 0 0 1
+7 * 5 5
+7 * 5 5
fi=(60) /usr/src/debug/glibc/glibc/elf/./dl-map-segments.h
+8 29 5 5
fe=(32)
+8 1253 5 5
+5 * 5
+3 * 5 0 5
fi=(60)
+7 29 5
+3 * 5 0 0 0 0 0 0 0 0 5
+6 +1 5 5
+7 * 5 5
+7 * 5 0 0 1 0 0 1
+5 * 5
+3 * 5 5
+7 * 5 5
+7 * 5 5
+8 * 5 0 5 0 0 1 0 0 1
cfi=(61)
cfn=(204)
calls=5 0x25580 +17 
* * 140 25 15 3 0 1 3 0 1 25 2
+5 +72 5 0 5
+7 -72 5
+3 +73 5
+4 * 5 0 0 0 0 0 0 0 0 5
+6 +3 5 5
+7 * 5 0 0 1 0 0 1
+3 +1 5
+3 -1 5 0 5
+7 +1 5 0 5
+3 +2 5 5
+7 * 5 0 0 0 0 0 0 0 0 5 2
+63 +17 5 0 5 1 0 0 1
+7 -44 5 5
fi=(62) /usr/src/debug/glibc/glibc/elf/./dl-load.h
+7 +9 5 5
+8 * 5 0 0 0 0 0 0 0 0 5 3
-8 * 15 15
+8 * 15 0 0 0 0 0 0 0 0 15
fi=(60)
+6 +59 20 20
+4 * 20 20
+4 * 20
+3 * 20 0 0 0 0 0 0 0 0 20 11
+2 +6 5 5
+3 +2 5 5 0 1 0 0 1
+7 -2 5
+3 +3 5
+3 -2 5
+3 +2 5
+3 -1 5
+5 * 5
+3 +3 5
+3 * 5
+3 * 5
+4 +5 5
+3 * 5 0 0 0 0 0 0 0 0 5
+2 +3 5 5
+4 * 5
+4 * 5 0 0 0 0 0 0 0 0 5
+6 +8 5
+3 * 5 0 5
+7 * 5
+2 * 5
+3 * 5 0 5
+7 * 5
+3 * 5 0 5
cfi=(10)
cfn=(20)
calls=5 0x26630 -40 
* * 833 5 438 1 0 111 0 0 111 119 26
+6 * 5 5
+7 * 5 5
+7 +6 5
+3 * 5 0 0 0 0 0 0 0 0 5 2
+6 +41 20 0 0 1 0 0 1
+4 -88 20
+4 * 20 20
+7 * 20
+3 * 20 0 0 1 0 0 1 0 0 20 5
+6 +2 15 15
+4 * 15 15
+4 * 15
+3 * 15 0 0 0 0 0 0 0 0 15
+6 +2 15 15
+4 * 15 15
+4 +1 15
+3 -1 15
+5 * 15 15
+7 * 15 15
+3 * 15 0 15
cfi=(61)
cfn=(204)
calls=15 0x25580 -93 
* * 315 60 45 0 0 0 0 0 0 45
+5 * 15
+4 * 15 0 0 0 0 0 0 0 0 15 2
fi=(58) /usr/src/debug/glibc/glibc/elf/../sysdeps/posix/dl-fileid.h
0x8770 37 5 5 0 1 0 0 1
+6 * 5
+7 * 5 0 5 1 0 2 1 0 2
cfi=(59)
cfn=(198)
calls=5 0x250e0 -7 
* * 30 5 0 1 0 0 1 0 0 5
+5 * 5
+2 * 5 0 0 0 0 0 0 0 0 5
+6 +3 5 5 0 0 1 0 0 1
fe=(32)
+7 999 5
fi=(58)
+7 40 5 0 5
+7 +1 5 5
+7 * 5 0 5
fe=(32)
+7 999 5 5
+5 * 5 5
+4 * 5 5
+7 * 5 5 0 1 0 0 1
+7 * 5
+3 * 5 0 0 0 0 0 0 0 0 5 4
+25 * 20 20
+4 * 20
+3 * 20 0 0 0 0 0 0 0 0 20 5
+6 +1 20 20
+7 * 20 0 0 0 0 0 0 0 0 20
fi=(58)
+2 49 20 20 0 0 1 0 0 1
+7 * 20 0 0 0 0 0 0 0 0 20 5
+2 * 10 10
+7 * 10 0 0 0 0 0 0 0 0 10 4
fe=(32)
+42 1458 5 0 0 1 0 0 1
+4 * 5
+3 * 5 5
+1 * 5 5
+2 * 5 5
+2 * 5 5
+2 * 5 5
+2 * 5 5
+1 * 5 5
+7 1133 1 1
+4 * 1 0 1
+7 +1 1
+13 -15 5 5 0 1 1 0 1 1
+5 * 5 0 0 0 0 0 0 0 0 5
+6 +7 5 5
+4 +2 5 5
+8 -2 5 0 5
+4 +1 5 5 0 0 1 0 0 1
+4 +1 5 0 0 1 0 0 1
+4 -1 5
+4 * 5 0 5
+7 +1 5 5
+4 * 5
+2 * 5
+3 * 5
+3 * 5
+3 * 5
+3 * 5 0 5
+6 * 5
fi=(31)
+10 62 5 5
+3 * 5
+6 * 5
+3 * 5
+3 * 5 0 0 1 0 0 1
+3 * 5
+3 * 5
+3 * 5 0 5
fe=(32)
+6 1211 5
+10 -34 3 3 0 0 1 0 0 1
+4 * 3
+3 * 3 0 0 0 0 0 0 0 0 3
+6 +5 3 3 0 0 1 0 0 1
+4 -1 3
+5 * 3
+5 +5 3
+4 -5 3
+4 * 3 0 3 1 0 3 1 0 3
+7 -55 3 3
+4 +60 3
+3 * 3
+3 * 3
+4 * 3 0 3 0 0 1 0 0 1
+7 +1 3 3
+4 +3 3 0 3 0 0 1 0 0 1
+7 -3 3 0 3
+7 +8 3 3
+7 * 3
+3 * 3
+3 * 3 0 0 0 0 0 0 0 0 3 2
+66 1086 1 0 0 1 0 0 1
+4 * 1
+3 * 1 0 0 1 0 0 1
+3 * 1
+6 * 1
+3 * 1
+3 * 1 0 0 0 0 0 0 0 0 1 1
+22 * 1
+5 * 1
+3 * 1
+3 * 1 0 0 0 0 0 0 0 0 1 1
+6 * 1
+5 +1 1 1
+6 * 1
+3 -1 1
+4 +1 1
+3 -1 1 0 1
+7 +1 1 0 1
cfi=(70)
cfn=(246)
calls=1 0x253b0 25 
* * 7 1 0 0 0 0 0 0 0 1
+5 * 1
+3 * 1 0 0 0 0 0 0 0 0 1 1
+23 -69 5 5 0 1 0 0 1
+5 * 5 0 0 0 0 0 0 0 0 5 3
0x8b58 1269 5 5 0 1 0 0 1
+4 * 5 5
+7 * 5
+3 * 5 0 0 0 0 0 0 0 0 5
+6 +1 5 5
fi=(63) /usr/src/debug/glibc/glibc/elf/get-dynamic-info.h
+3 39 5
fe=(32)
+3 1270 5 0 5
fi=(63)
+4 39 5 0 0 0 0 0 0 0 0 5
+6 +6 5 5 0 0 5 0 0 5
+3 * 5 0 0 1 0 0 1
+3 * 5 0 0 0 0 0 0 0 0 5
+6 -2 5
+4 * 5
+4 +10 6
+6 +15 6 0 6 0 0 2 0 0 2
+4 -23 6 6 0 0 2 0 0 2
+4 * 6
+4 * 6
+3 * 6 0 0 0 0 0 0 0 0 6 2
-15 +23 132 0 132 0 0 30 0 0 30
+4 -23 132 132 0 0 32 0 0 32
+4 * 132
+4 * 132
+3 * 132 0 0 0 0 0 0 0 0 132 7
+6 +4 138
+4 * 138 0 0 0 0 0 0 0 0 138 53
+2 +3 36
+7 -1 36
+4 * 36 0 0 0 0 0 0 0 0 36 4
+2 +3 30
+6 * 30
+3 * 30
+4 * 30 0 0 0 0 0 0 0 0 30 5
+2 +1 25
+6 * 25
+3 * 25
+3 * 25
fi=(62)
+2 +37 4 4 0 1 0 0 1
+4 * 4 4
+4 * 4
+3 * 4 0 0 0 0 0 0 0 0 4
+6 +2 4 4
+5 -1 4 4
+4 * 4 4
+4 +1 4
+4 -1 4
+3 * 4 0 0 1 0 0 1
+3 +1 4
+3 -1 4
+3 * 4 0 0 0 0 0 0 0 0 4
+6 +3 4
+3 * 4
+3 * 4 0 4
+7 * 4
fi=(63)
+30 -40 5
+4 * 5 0 0 1 0 0 1
+3 * 5
+3 * 5
+4 * 5 0 0 0 0 0 0 0 0 5
+6 +3 5
+6 * 5
+3 * 5
+4 * 5 0 0 0 0 0 0 0 0 5 2
+23 +13 5
+3 * 5 0 0 0 0 0 0 0 0 5
+6 * 5 5 0 1 0 0 1
+7 * 5 0 0 0 0 0 0 0 0 5
+6 +12 5 5
+4 * 5
+3 * 5 0 0 0 0 0 0 0 0 5 2
+6 +1 5 5
+4 * 5
+3 * 5 0 0 0 0 0 0 0 0 5 5
+2 * 2 0 2
+4 +1 2 2
+4 * 2
+3 * 2 0 0 0 0 0 0 0 0 2
-7 * 3 3
+4 * 3
+3 * 3 0 0 0 0 0 0 0 0 3
+2 * 5 0 5
+4 +1 5 5
+4 * 5
+3 * 5 0 0 0 0 0 0 0 0 5
+2 * 5 0 5
+4 +1 5 5 0 1 0 0 1
+7 * 5
+3 * 5
+3 * 5 0 0 0 0 0 0 0 0 5
+2 * 5 0 5
+4 +1 5 5 0 0 1 0 0 1
+7 * 5
+3 * 5 0 0 0 0 0 0 0 0 5 2
+2 * 2 0 2
+4 +1 2 2
+7 * 2
+3 * 2 0 0 0 0 0 0 0 0 2
-10 * 3 3 0 0 1 0 0 1
+7 * 3
+3 * 3 0 0 0 0 0 0 0 0 3 1
+2 * 4 0 4
+4 +1 4 4
+7 * 4
+3 * 4 0 0 0 0 0 0 0 0 4
-10 * 1 1
+7 * 1
+3 * 1 0 0 0 0 0 0 0 0 1
+2 * 5 0 5
+4 +12 5 5 0 1 0 0 1
+4 +7 5 5 0 0 1 0 0 1
+7 -7 5
+3 * 5 0 0 0 0 0 0 0 0 5
+6 * 5 5
+4 * 5
+3 * 5 0 0 0 0 0 0 0 0 5
+2 * 5
+3 * 5 0 5
+4 +7 5
+3 * 5 0 0 0 0 0 0 0 0 5 3
+2 +5 2 2
+5 * 2 0 0 0 0 0 0 0 0 2
+6 +8 5 5
+7 * 5 5
+5 * 5 0 0 1 0 0 1 0 0 5
+6 +6 5 5
+7 * 5
+3 * 5 0 0 0 0 0 0 0 0 5
+2 +1 5 5
+7 * 5 5
+5 * 5 0 0 0 0 0 0 0 0 5 2
+6 +17 5 5
+7 * 5
+3 * 5 0 0 0 0 0 0 0 0 5
+2 +5 5 5
+4 * 5 0 5 0 0 1 0 0 1
+6 +2 5
+3 * 5 0 0 0 0 0 0 0 0 5 4
+9 +2 5 0 0 1 0 0 1
+3 * 5 0 0 0 0 0 0 0 0 5 4
+9 +2 5
+3 * 5 0 0 0 0 0 0 0 0 5
+2 +1 5 0 5
+7 +3 5 5
+7 * 5
+3 * 5 0 0 0 0 0 0 0 0 5
+6 +2 5 5
+4 * 5 0 5
+6 * 5
+2 +1 5
+2 * 5 0 0 0 0 0 0 0 0 5 2
+9 +9 5 5 0 1 0 0 1
+7 * 5 0 0 0 0 0 0 0 0 5
+6 * 5 5
+6 +6 5
+3 * 5 0 0 0 0 0 0 0 0 5
+2 +1 5 5
+7 * 5 0 5
+7 +3 5 5
+8 * 5 0 0 0 0 0 0 0 0 5 2
fe=(32)
+13 1276 5 0 0 1 0 0 1
+2 * 5
+6 +1 5
+2 * 5 0 0 0 0 0 0 0 0 5 2
+13 +2 5
+2 * 5 0 0 0 0 0 0 0 0 5 2
+16 +10 5 5
+7 * 5
+3 * 5 0 0 0 0 0 0 0 0 5
+6 +19 5 5
+3 * 5 0 5 1 0 0 1
+7 +2 5 5
+6 * 5
+2 * 5 5
+6 * 5
+2 * 5 0 0 0 0 0 0 0 0 5
+6 +20 5 5 0 0 2 0 0 2
+7 * 5
+3 * 5 0 0 0 0 0 0 0 0 5 2
+2 +1 3 3
+3 * 3 0 3
+7 +6 3 3
+7 * 3 3
+7 * 3
+4 * 3
+4 * 3
+3 * 3 0 0 0 0 0 0 0 0 3
-25 * 2 2
+7 * 2 2
+7 * 2
+4 * 2 0 0 1 0 0 1
+4 * 2
+3 * 2 0 0 0 0 0 0 0 0 2
+6 * 5 5
+7 * 5
+12 +1 53
+5 * 53 0 0 0 0 0 0 0 0 53 19
+2 +6 5
+3 * 5
+3 * 5
+3 * 5 0 5
cfn=(94)
calls=5 0x7fb0 842 
* * 420 82 14 1 6 0 1 6 0 100 12
+6 -7 65 65
+7 * 65 0 0 0 0 0 0 0 0 65 5
+6 +1 65 65 0 1 55 0 1 55
+4 +6 65
+4 -6 65
+3 * 65 0 0 0 0 0 0 0 0 65 19
fi=(33)
+2 149 12 12
+7 * 12 0 0 0 0 0 0 0 0 12 8
fe=(32)
0x90e1 1086 1 0 1
+5 * 1
+18 1349 5 5 0 1 0 0 1
+6 * 5 0 5 1 0 0 1
cfi=(64)
cfn=(212)
calls=5 0x25210 25 
* * 30 5 0 1 0 0 1 0 0 5
+5 * 5
+2 * 5 0 0 0 0 0 0 0 0 5
+6 +13 5 5
+7 * 5 0 0 0 0 0 0 0 0 5
+6 +2 5 5
+7 * 5 5
+3 * 5
+3 * 5 0 5
+7 +2 5 5
+7 * 5 0 0 0 0 0 0 0 0 5
+6 +16 5
+3 * 5 0 5 1 0 0 1
cfi=(8) /usr/src/debug/glibc/glibc/elf/dl-setup_hash.c
cfn=(14) _dl_setup_hash
calls=5 0x12690 25 
* * 135 40 30 0 5 0 0 5 0 15
+5 +4 5 5
+4 * 5 0 0 0 0 0 0 0 0 5
+2 +1 5 5
+8 * 5 0 0 0 0 0 0 0 0 5
+6 +17 5 5
+7 * 5 0 0 0 0 0 0 0 0 5 2
+2 +1 1 0 1
+7 +3 1 1
+7 * 1 0 1
+7 * 1 1
+7 * 1 0 1 1 0 0 1
+7 +5 1 1
+8 * 1 0 0 0 0 0 0 0 0 1
-36 -5 4 4
+7 * 4 0 4
+7 * 4 4
+7 * 4 0 4
+7 +5 4 4
+8 * 4 0 0 0 0 0 0 0 0 4
+6 +5 5 5
+8 * 5 0 0 0 0 0 0 0 0 5
+6 +10 5 5
+5 * 5
+7 * 5 5
+6 * 5 0 0 0 0 0 0 0 0 5 3
+6 +8 5 5
+8 * 5 0 0 0 0 0 0 0 0 5 2
+2 +1 3 3
+7 * 3
+3 * 3
+2 * 3 0 0 0 0 0 0 0 0 3
+6 +5 3
+3 * 3 0 3
cfi=(47) /usr/src/debug/glibc/glibc/elf/../elf/dl-tls.c
cfn=(244) _dl_assign_tls_modid
calls=3 0x133a0 161 
* * 36 12 9 2 0 0 2 0 0 3
+5 +7 5 5 0 1 0 0 1
+4 * 5
+3 * 5 0 5
cfi=(27)
cfn=(88) _dl_add_to_namespace_list
calls=5 0xcca0 31 
* * 255 65 45 0 0 0 0 0 0 25 15 10
+5 +3 5 5
+4 * 5 0 0 0 0 0 0 0 0 5
+6 +3 5 5
+4 * 5 5
+3 * 5
+3 * 5 0 5
cfn=(216)
calls=5 0x6670 908 
* * 210 65 30 5 0 0 5 0 0 30 14
+5 * 5 0 0 1 0 0 1
fi=(60)
0x9317 189 2 0 0 1 0 0 1
+3 * 2 2
+4 * 2
+3 * 2
+6 -3 2 2
+8 +3 2
+5 * 2
+3 * 2
+3 * 2 0 2 1 0 0 1
+7 -3 2 0 2
+7 * 2
+4 * 2 0 2
+7 * 2 0 2
+7 * 2 0 2
+7 * 2 0 2
+4 +3 2 0 2
cfi=(61)
cfn=(204)
calls=2 0x25580 47 
* * 42 8 6 0 0 0 0 0 0 6
+5 +3 2
+4 * 2 0 0 0 0 0 0 0 0 2
+6 +2 2 0 2
cfi=(69)
cfn=(242)
calls=2 0x25690 33 
* * 12 4 0 0 0 0 0 0 0 2 1
+5 * 2
+2 * 2 0 0 1 0 0 1 0 0 2 2
fi=(4)
0x9680 -98 5 5 0 1 0 0 1
+7 * 5
+3 * 5 0 0 0 0 0 0 0 0 5 1
+6 * 4 4
+7 * 4 4
+4 +3 4
+2 * 4
+3 +1 4 4
+4 -1 4 4
+4 * 4 0 0 0 0 0 0 0 0 4 2
+5 +1 4
fe=(32)
+3 1429 4
+3 * 4
+3 * 4 0 0 0 0 0 0 0 0 4
+6 * 4 0 0 1 0 0 1
+7 * 4 0 4
cfi=(35)
cfn=(104)
calls=4 0x27000 98 
* * 100 28 0 0 5 0 0 5 0 12 2
+5 * 4
+2 * 4 0 0 0 0 0 0 0 0 4 3
+6 +1 1 1
+5 * 1 0 1
+5 * 1
fi=(63)
0x9748 62 5 0 0 1 0 0 1
+6 * 5
+3 * 5
+4 * 5 0 0 0 0 0 0 0 0 5
+6 +2 5
+6 * 5
+3 * 5
+3 * 5
fe=(32)

fn=(184)
0x7360 228 14 0 0 1 0 0 1
+4 * 14 0 14
+1 +3 14
+5 -3 14
+3 * 14
+4 * 14 0 14 0 0 1 0 0 1
+4 +7 14
+3 -4 14 0 14 0 0 1 0 0 1
cfi=(44)
cfn=(130)
calls=14 0x26dd0 32 
* * 456 57 0 3 6 0 3 6 0 33 9
+5 +3 14
+3 * 14 0 0 1 0 0 1 0 0 14
+2 +20 14
+3 * 14 14
+4 * 14 14
+1 * 14 14

fn=(188)
0x6710 1511 5 0 5 1 0 0 1
+1 * 5
+3 * 5 0 5
+2 * 5
+3 * 5 0 5
+2 * 5 0 5
+2 * 5 0 5
+2 * 5
+3 * 5 0 5
+1 * 5
+3 * 5
+4 +32 5 5
+6 -32 5 0 5
+4 +32 5
+2 * 5 0 0 0 0 0 0 0 0 5
+6 +19 5 0 0 1 0 0 1
+5 * 5
+3 * 5
+2 * 5 0 5
cfi=(56)
cfn=(190)
calls=5 0x25340 28 
* * 105 10 10 1 0 1 1 0 1 15
+5 * 5
+3 +2 5
+3 * 5 0 0 0 0 0 0 0 0 5
+6 +8 5 0 5
+10 +6 5
+2 -5 5 0 5 0 0 1 0 0 1
+7 +6 5
+5 -1 5
+5 * 5
+3 +1 5
+3 -1 5 0 5
cfi=(57) /usr/src/debug/glibc/glibc/io/../sysdeps/unix/sysv/linux/read_nocancel.c
cfn=(192) __read_nocancel
calls=5 0x253e0 25 
* * 30 5 0 1 0 0 1 0 0 5
+5 * 5 0 0 1 0 0 1
+3 +4 5 5
+3 -2 5
+3 * 5 0 0 0 0 0 0 0 0 5
+2 +2 5
+3 * 5 0 5
+3 +2 5
+4 * 5 0 0 0 0 0 0 0 0 5
+2 +6 5
+4 * 5 0 0 0 0 0 0 0 0 5
+6 +15 5
+10 * 5 5
+4 * 5
+3 * 5 0 0 0 0 0 0 0 0 5 2
+2 * 3
+10 * 3
+3 * 3 0 0 0 0 0 0 0 0 3
+2 * 5 5 0 1 1 0 1 1
+4 * 5
+2 * 5 0 0 0 0 0 0 0 0 5
+6 * 5 5
+3 * 5
+2 * 5 0 0 0 0 0 0 0 0 5 4
+77 * 5 5 0 1 0 0 1
+3 * 5
+2 * 5 0 0 0 0 0 0 0 0 5
+2 * 5
+3 +64 5 5
+4 * 5 0 0 0 0 0 0 0 0 5
+6 +5 5 5
+5 * 5 0 0 0 0 0 0 0 0 5
+6 +8 5 5 0 1 0 0 1
+4 * 5
+3 * 5
+4 * 5 0 0 0 0 0 0 0 0 5 1
+6 +6 5 5 0 0 1 0 0 1
+5 * 5 0 0 0 0 0 0 0 0 5
+6 +6 5 5
+5 +1 5 5
+4 -1 5
+4 +1 5
+5 * 5
+3 * 5 0 0 0 0 0 0 0 0 5 1
+2 +33 5
+4 * 5
+3 * 5 5
+1 * 5 5
+2 * 5 5
+2 * 5 5
+2 * 5 5 0 1 0 0 1
+2 * 5 5
+1 * 5 5
+37 -29 1
+4 * 1
+3 * 1
+3 * 1
+6 * 1
+3 * 1
+3 * 1 0 0 0 0 0 0 0 0 1 1
+22 * 1 0 0 1 0 0 1
+5 * 1
+3 * 1
+3 * 1 0 0 0 0 0 0 0 0 1
+2 * 1 0 1
+5 * 1
+5 +1 1
+3 * 1
+3 -1 1
+4 +1 1 0 1
cfi=(70)
cfn=(246)
calls=1 0x253b0 25 
* * 7 1 0 1 0 0 1 0 0 1
+5 * 1
+3 * 1 0 0 1 0 0 1 0 0 1 1

fn=(172) _dl_map_object
0xa780 2194 14 0 0 1 0 0 1
+4 * 14 0 14
+1 * 14
+3 * 14 0 14
+2 * 14
+3 * 14 0 14
+2 * 14
+3 +1 14
+3 -1 14 0 14 0 0 1 0 0 1
+2 * 14
+3 * 14 0 14
+2 * 14
+3 * 14 0 14
+1 * 14
+3 * 14
+4 +1 14 0 14 0 0 1 0 0 1
+4 * 14 0 14
cfn=(174) _dl_lookup_map
calls=14 0x9b50 1898 
* * 9141 2067 472 31 4 3 31 4 3 1317 217 63 35
+5 +1 14 14
+4 * 14
+3 * 14 0 0 0 0 0 0 0 0 14 4
+2 +3 9
+4 * 9 9
+1 * 9 9
+2 * 9 9
+2 * 9 9
+2 * 9 9
+2 * 9 9
+1 * 9 9
+9 * 5 0 0 1 0 0 1
+4 -1 5
+3 * 5
+3 * 5
+3 * 5
+3 * 5
+3 +1 5 5
+1 * 5 5
+2 * 5 5
+2 * 5 5
+2 * 5 5
+2 * 5 5
+1 -1 5
cfn=(180)
calls=5 0x9c70 1933 
* * 17687 3335 1993 148 211 226 147 211 226 3567 581 30 2

fn=(174)
0x9b50 1898 14 0 0 1 0 0 1
+4 * 14 0 14
+1 * 14
+3 * 14 0 14 0 0 1 0 0 1
+2 * 14 0 14
+1 * 14
+4 +1 14
+3 * 14 0 0 0 0 0 0 0 0 14
+6 +1 14 14 0 0 1 0 0 1
+7 * 14 0 0 0 0 0 0 0 0 14
+6 +3 14
+4 * 14
+7 * 14 0 0 1 0 0 1
+3 * 14 14
+4 * 14
+3 * 14 0 0 0 0 0 0 0 0 14 3
+54 * 51 51
+4 * 51
+3 * 51 0 0 0 0 0 0 0 0 51 5
+6 +5 60 60 0 1 0 0 1
+7 * 60 60
+7 * 60
+3 * 60
+3 * 60
+2 * 60
+2 * 60 0 0 0 0 0 0 0 0 60
+2 +2 60
+3 * 60
+3 * 60 0 60 0 0 1 0 0 1
cfi=(54)
cfn=(176)
calls=60 0xc9d0 68 
* * 6440 1405 314 23 3 1 23 3 1 814 162 57 31
+5 * 60
+2 * 60 0 0 0 0 0 0 0 0 60 6
+2 +2 51 51
+7 * 51 0 0 0 0 0 0 0 0 51
fi=(4)
+2 96 51 51 0 1 0 0 1
+7 * 51
+3 * 51 0 0 0 0 0 0 0 0 51 23
+2 +4 28 28
+4 -1 28 28
+4 * 28 28
+4 * 28
+2 * 28 28
+7 * 28 0 0 0 0 0 0 0 0 28
+2 +1 28
fe=(32)
+3 1912 28
+3 * 28 0 0 0 0 0 0 0 0 28
+2 +1 28
+3 * 28 0 28
+4 * 28 0 28
cfi=(35)
cfn=(104)
calls=28 0x27000 98 
* * 873 193 0 3 0 0 3 0 0 104 13 6 4
+5 * 28
+2 * 28 0 0 0 0 0 0 0 0 28 5
+22 +13 14 0 0 1 0 0 1
+4 * 14
+3 * 14 14
+1 * 14 14
+2 * 14 14
+1 * 14 14

fn=(228)
0x7bd0 656 12 12 0 1 0 0 1
+3 -1 12
+3 * 12
+3 +1 12
+4 * 12 0 0 0 0 0 0 0 0 12 6
+90 +1 12 0 0 1 0 0 1
+2 +16 12
+2 * 12 12

fl=(56)
fn=(190)
0x25340 28 6 0 0 1 0 0 1
+4 * 6 0 6
+1 +3 6
+3 -3 6
+3 * 6
+3 * 6 0 6 0 0 1 0 0 1
+4 +3 6
+4 * 6 0 0 0 0 0 0 0 0 6
+2 * 6
+2 * 6
+2 * 6
+6 * 6 0 0 0 0 0 0 0 0 6
+2 +8 6
+2 * 6
+5 * 6
+3 * 6
+5 * 6
+2 * 6
+6 * 6 0 0 0 0 0 0 0 0 6
+2 +2 6 6
+1 * 6 6

fl=(57)
fn=(192)
0x253e0 25 5 0 0 1 0 0 1
+4 +1 5
+2 * 5
+2 * 5
+6 * 5 0 0 0 0 0 0 0 0 5
+2 +1 5 5

fl=(59)
fn=(198)
0x250e0 30 6 0 0 1 0 0 1
+4 +9 6
+5 * 6
+2 * 6
+6 * 6 0 0 0 0 0 0 0 0 6
+2 +33 6 6

fl=(71) /usr/src/debug/glibc/glibc/malloc/scratch_buffer_set_array_size.c
fn=(248) __libc_scratch_buffer_set_array_size
0x25440 30 5 0 0 1 0 0 1
+4 * 5 0 5
+1 * 5
+3 * 5
+3 * 5
+3 * 5
+4 * 5
+3 * 5 0 5
+4 * 5 0 5
+4 * 5
+3 * 5
+3 * 5
+3 +4 5
+3 +1 5
+4 * 5 0 0 0 0 0 0 0 0 5 2
+7 +10 5 5
+4 * 5 0 0 0 0 0 0 0 0 5 2
+49 +18 5 5 0 1 0 0 1
+4 * 5 5
+4 -17 5
+5 +17 5 5
+1 * 5 5

fl=(73) /usr/src/debug/glibc/glibc/elf/dl-version.c
fn=(262) _dl_check_map_versions
0x15000 155 7 0 0 1 0 0 1
+4 * 7 0 7
+1 * 7
+3 * 7
+7 +15 7 7
+4 * 7
+3 * 7 0 0 0 0 0 0 0 0 7
+6 * 7 0 7
+4 +2 7 7
+4 * 7 0 7
+4 * 7 0 7
+4 * 7 0 7
+4 * 7 7
+7 * 7 0 0 0 0 0 0 0 0 7
+6 +2 7 7 0 1 2 0 1 1
+7 * 7 0 7
+6 * 7
+3 +1 7 7
+7 +2 7
+3 * 7 0 0 0 0 0 0 0 0 7 2
+6 +3 5 5
+4 * 5 5
+3 * 5 0 5
+4 +4 5 5 0 0 4 0 0 4
+4 * 5 0 0 0 0 0 0 0 0 5
+6 -20 5 0 5
+7 -8 5 0 5 1 0 0 1
+10 +69 5 0 5
+7 * 5 0 5
+7 * 5 0 5
+7 * 5
+3 * 5
+3 * 5
+2 36 5 5
+5 * 5
+7 200 5 5
+3 * 5 5
+7 36 5 5
+4 * 5
+3 * 5 0 0 1 0 0 1 0 0 5
-29 * 8 8
+5 * 8
+7 200 8 8 0 0 1 0 0 1
+3 * 8 8
+7 36 8 8
+4 * 8
+3 * 8 0 0 0 0 0 0 0 0 8
+6 * 13
+3 * 13
+3 * 13
+7 +1 60 60
+5 -1 60
+3 * 60 0 0 0 0 0 0 0 0 60
+6 +2 73
+3 * 73
+3 * 73 0 73
cfi=(54)
cfn=(176)
calls=73 0xc9d0 +30 
* * 7349 1595 369 2 0 0 2 0 0 915 109 65 40
+5 * 73
+2 * 73 0 0 0 0 0 0 0 0 73 7
+2 * 13
+3 * 13
+3 208 13
+3 * 13 0 0 0 0 0 0 0 0 13
+6 +5 13 13 0 0 2 0 0 2
+3 99 13 0 13 1 0 0 1
+7 * 13 0 13
+7 * 13 13
+4 * 13 0 13
+7 213 13
+3 * 13
+5 +4 13 13 0 0 4 0 0 4
+3 * 13 13
+7 +1 13 13
+4 * 13 13
+3 -1 13
+4 +4 13 13
+4 * 13 0 13
+7 -3 13 13 0 1 0 0 1
+7 * 13 13
+4 * 13 13
+4 * 13 0 0 0 0 0 0 0 0 13 7
-47 -1 47 47 0 0 12 0 0 12
+3 * 47 47
+7 +1 47 47
+4 * 47 47
+3 -1 47
+4 +4 47 47
+4 * 47 0 47
+7 -3 47 47
+7 * 47 47
+4 * 47 47
+4 * 47 0 0 0 0 0 0 0 0 47 12
+2 * 13 13
+7 * 13 13
+3 * 13
+7 * 13
+3 * 13
+4 56 13 13
+4 * 13 13
+4 * 13 13
+8 * 13 0 0 0 0 0 0 0 0 13 9
-16 * 47 47
+4 * 47 47
+4 * 47 47
+8 * 47 0 0 0 0 0 0 0 0 47 16
+6 +8 60 60 0 1 0 0 1
+7 * 60 0 0 0 0 0 0 0 0 60
+6 +6 60 60
+7 * 60
+3 * 60 0 0 0 0 0 0 0 0 60 3
+6 +16 60 60 0 0 1
+4 +1 60
+3 * 60 0 0 0 0 0 0 0 0 60
+6 +2 60 60
+4 +5 60 60 0 0 5 0 0 5
+4 * 60 0 0 0 0 0 0 0 0 60
+2 * 60 0 60
+7 * 60
+3 * 60
+3 * 60 0 60 1 0 0 1
+7 * 60
+3 * 60 0 60
+4 * 60
+3 +14 60 60 0 0 1 0 0 1
+4 * 60 0 0 0 0 0 0 0 0 60
-4 * 1001 1001 0 0 13 0 0 13
+4 * 1001 0 0 0 0 0 0 0 0 1001 64
+6 +12 1001 1001 0 0 13 0 0 13
+4 * 1001
+2 * 1001 0 0 0 0 0 0 0 0 1001 2
+6 +4 1001
+3 -30 1001 1001 0 0 31 0 0 31
+6 * 1001 0 0 0 0 0 0 0 0 1001 6
0x1527e 231 60 60 0 1 0 0 1
+4 * 60
+5 * 60
+3 * 60
+4 +3 60 60
+3 * 60
+2 * 60 0 0 0 0 0 0 0 0 60 16
+2 +5 47
+3 -24 47
+8 110 60 60 0 1 0 0 1
+4 +3 60 0 60
+4 * 60 60 0 0 1 0 0 1
+5 * 60
+3 * 60 0 60
cfi=(35)
cfn=(104)
calls=60 0x27000 -15 
* * 2745 479 0 10 30 0 10 30 0 309 85 27 22
+5 * 60 60
+4 * 60
+2 * 60 0 0 1 0 0 1 0 0 60 1
+6 * 60 60
+4 224 60
+3 * 60 60
+6 * 60 0 0 0 0 0 0 0 0 60 11
+2 +1 3
+7 * 3
+3 * 3 0 3
cfi=(35)
cfn=(104)
calls=3 0x27000 98 
* * 224 29 0 3 2 0 3 2 0 23 10 3 3
+5 * 3
+2 * 3 0 0 0 0 0 0 0 0 3 1
+2 +3 3 0 3
+8 * 3
+5 * 13 0 13
+4 * 13 13
+7 * 13 13 0 1 0 0 1
+7 +15 13 13
+3 * 13
+2 * 13 0 0 0 0 0 0 0 0 13 5
+6 +5 8
+3 -50 8
0x154aa +59 5 5 0 1 0 0 1
+7 * 5 5
+7 * 5 5
+7 * 5 5 0 1 0 0 1
+4 * 5
+3 * 5 0 0 0 0 0 0 0 0 5 1
+6 +3 5 5
+4 * 5 5
+3 +3 5 5
+4 * 5 5
+3 * 5
+5 * 5
+2 * 5
+3 +3 5 5
+3 -3 5 0 5
+3 +3 5
+2 * 5 0 0 0 0 0 0 0 0 5
+2 * 5
+7 * 5
+11 +4 5
+3 -7 5 5
+4 * 5
+5 * 5
+2 * 5
+3 +3 5 5
+3 * 5
+2 * 5 0 0 0 0 0 0 0 0 5 3
-22 +4 136
+3 -7 136 136 0 0 9 0 0 9
+4 * 136
+5 * 136
+2 * 136
+3 +3 136 136 0 0 7 0 0 7
+3 * 136
+2 * 136 0 0 0 0 0 0 0 0 136 21
+2 * 5 0 5
+3 +8 5 5
+3 * 5
+2 * 5 0 0 0 0 0 0 0 0 5
+6 +6 6 6 0 1 0 0 1
+3 * 6 0 6
fi=(29)
+4 44 6
fe=(73)
+5 280 6
+3 * 6
fi=(29)
+3 44 6 6 6 0 0 0 0 0 0 0 0 6 1
cfi=(28)
cfn=(76) __minimal_calloc
calls=6 0xc7e0 +36 
* * 253 41 33 0 0 1 0 0 0 32 11 6
fe=(73)
+6 281 6 6 0 1 0 0 1
+4 * 6
+3 -2 6 0 6
fi=(29)
+7 44 6
fe=(73)
+3 281 6 0 0 0 0 0 0 0 0 6
+6 +13 6 6
+7 -3 6 0 6
+7 +3 6 6 0 0 1
+4 * 6 6
+8 * 6 0 0 0 0 0 0 0 0 6
+6 * 6 0 6 0 0 1
+7 +2 6
+3 * 6 0 0 1 0 0 1 0 0 6 1
+6 +3 5 5
+4 * 5 5
+3 * 5
+4 +4 5 5
+3 * 5
+3 * 5
-6 * 8 8
+3 * 8
+3 * 8
+10 +18 47
+3 -15 47 47
+4 +2 47
+2 * 47
+6 * 47
+3 * 47 0 0 0 0 0 0 0 0 47
-15 -2 13 13
+4 +2 13
+2 * 13
+6 * 13
+3 * 13 0 0 0 0 0 0 0 0 13 2
+2 +2 60
+3 +1 60
+6 -1 60 60
+3 * 60 0 0 1 0 0 1
+6 * 60
+4 +1 60 0 60 0 0 21 0 0 21
+4 +1 60 60
+3 -2 60 0 60
+5 +2 60
+3 * 60 0 60 0 0 4 0 0 4
+4 +1 60 60
+3 * 60
+3 * 60 0 60
+5 +3 60 60
+3 * 60
+2 * 60 0 0 0 0 0 0 0 0 60 18
+2 +8 13 13
+3 * 13
+2 * 13 0 0 0 0 0 0 0 0 13 3
+2 +5 8
+3 -28 8
+2 +71 6
+3 * 6 0 0 0 0 0 0 0 0 6 1
+2 +1 5 5 0 1 0 0 1
+5 * 5 0 0 0 0 0 0 0 0 5
+2 +1 5 5
+8 * 5 0 0 0 0 0 0 0 0 5 2
+2 +1 4 4
+8 * 4 0 0 0 0 0 0 0 0 4 1
+6 +19 6 6
+6 * 6 6
+4 * 6 6
+4 * 6 6
+4 * 6 6
+4 * 6 6
+1 * 6 6
+57 -60 6 0 0 1 0 0 1
+3 * 6 0 0 0 0 0 0 0 0 6 1
+2 +3 5 5
+4 * 5 5
+3 * 5
+5 +20 141
+3 -14 141 141
+4 * 141 0 0 0 0 0 0 0 0 141
-4 * 5 5
+4 * 5 0 0 0 0 0 0 0 0 5 3
+2 -2 141 141
+3 +6 141 141
+4 +1 141 141
+3 +1 141 141
+3 -1 141
+6 * 141
+4 +1 141
+3 -1 141 0 141 0 0 38 0 0 38
+4 +1 141 0 141
+4 +1 141 0 141 0 0 17 0 0 17
+9 +3 141 141
+3 * 141
+2 * 141 0 0 0 0 0 0 0 0 141 13
-5 * 5 5
+3 * 5
+2 * 5 0 0 0 0 0 0 0 0 5 2
+2 +11 6 6 0 1 0 0 1
+3 * 6 0 0 1 0 0 1
+4 * 6
+5 * 6
+9 * 213
+4 * 213
+3 * 213 0 0 0 0 0 0 0 0 213 6
+6 +1 213 213
+4 * 213 0 0 0 0 0 0 0 0 213 11
+2 +1 12
+7 * 12 0 12
+3 * 12
+2 164 2 0 2
+7 -8 2 0 2
+10 257 2 0 0 1 0 0 1
+3 * 2 0 0 0 0 0 0 0 0 2 1
+6 * 1 1
+4 * 1 1
+4 * 1 1
+4 * 1 1
+4 -86 1 0 1
+10 394 1 1
+6 * 1 1
+1 * 1 1
+47 274 1 1 0 1 0 0 1
+3 * 1
+2 * 1 0 0 0 0 0 0 0 0 1 1
0x157e5 377 1 1 0 1 0 0 1
+4 * 1 1
+4 * 1 1
+8 * 1 0 0 0 0 0 0 0 0 1 1
+5 +2 1 1
+4 * 1 1 0 1 0 0 1
+3 * 1
+3 * 1 0 0 0 0 0 0 0 0 1 1
+28 * 29 29
+4 * 29
+4 * 29
+3 * 29 0 0 0 0 0 0 0 0 29 1
+6 +1 29
+4 * 29 0 0 0 0 0 0 0 0 29 4
+2 +2 1 1
+4 +1 1
+5 * 1 0 0 1 0 0 1
+7 -1 1
+3 +1 1 0 1
cfi=(35)
cfn=(264)
calls=1 0x28800 98 
* * 57 6 0 5 1 0 5 1 0 9 3 1 1
+6 * 1
+3 * 1
+2 * 1 0 0 0 0 0 0 0 0 1 1

fn=(260) _dl_check_all_versions
0x158e0 399 1 0 0 1 0 0 1
+4 * 1 0 1
+1 * 1
+3 * 1
+4 * 1 0 1
+4 +4 1
+3 * 1 0 0 0 0 0 0 0 0 1
+2 * 1 0 1
+4 -2 1
+3 * 1
+3 * 1 0 1 1 0 0 1
+4 * 1
+3 * 1 0 1
+4 * 1
+3 * 1
+28 +4 7 7
+7 * 7 0 0 0 0 0 0 0 0 7
+2 * 7
+3 * 7
+3 * 7
+3 * 7 0 7
cfn=(262)
calls=7 0x15000 155 
* * 29670 8734 1686 47 140 82 47 137 80 6207 479 108 67
+5 -2 7 7 0 1 0 0 1
+4 +1 7
+3 -1 7
+3 * 7 0 0 0 0 0 0 0 0 7 5
+2 +5 1
+3 * 1 1
+4 * 1 1
+4 * 1 1
+4 * 1 1
+4 * 1 1
+1 * 1 1

fl=(55)
fn=(186)
0x28600 40 5 0 0 1 0 0 1
+4 * 5 0 5
+1 * 5
+3 * 5 0 5
+2 * 5
+3 * 5 0 5
+1 +1 5 0 5
cfi=(23)
cfn=(64)
calls=5 +82 +16 
* * 175 25 0 1 0 0 1 0 0 15 3
+5 * 5
fi=(401) /usr/src/debug/glibc/glibc/string/../include/rtld-malloc.h
+4 +15 5
+3 * 5 5 5 0 0 0 0 0 0 0 0 5 1
cfi=(28)
cfn=(80)
calls=5 0xc690 -20 
* * 90 15 15 0 0 0 0 0 0 15 1
fe=(55)
+6 -12 5
+3 * 5 0 0 0 0 0 0 0 0 5
+2 +3 5
+3 * 5
+3 +1 5 5
+1 -1 5
+3 +1 5 5
+2 * 5 5
+1 -1 5
cfi=(30) /usr/src/debug/glibc/glibc/string/../sysdeps/x86_64/multiarch/memmove-vec-unaligned-erms.S
cfn=(84) memcpy
calls=5 0x26440 210 
* * 63 17 12 0 0 3 0 0 3 12 2

fl=(46)
fn=(152) _dl_debug_change_state
0x3650 104 2 0 0 2 0 0 1
+4 +3 2
+7 -2 2 0 2
+3 +2 2
+3 * 2 0 0 0 0 0 0 0 0 2 2
+2 +4 2
cfi=(49)
cfn=(154)
calls=2 0x37b0 -83 
* * 4 2 0 2 0 0 1
+13 -4 2 2
+7 * 2
+3 * 2 0 0 0 0 0 0 0 0 2 2

fn=(218)
0x3600 94 6 0 0 2 0 0 1
+4 -17 6
+7 -1 6
+3 * 6 0 0 0 0 0 0 0 0 6 5
+18 +20 6 6 0 0 1
+5 * 6 0 0 0 0 0 0 0 0 6
+2 +4 6 6

fn=(146) _dl_debug_initialize
0x3690 120 1 0 0 1 0 0 1
+4 -44 1
+3 * 1 0 0 0 0 0 0 0 0 1
+2 +46 1 1 0 0 1 0 0 1
+8 * 1 0 0 0 0 0 0 0 0 1
+2 +5 1
+3 * 1 1
+8 * 1
+7 +27 1 0 1
+10 * 1 0 1 1 0 0 1
+7 * 1 0 1
+7 +3 1 1
+8 * 1 0 0 0 0 0 0 0 0 1 1
+6 -37 1
+7 +48 1 1
0x3760 -8 1 1 0 1 0 0 1
+7 * 1 0 1
+7 +2 1 1
+7 * 1
+3 * 1 0 0 0 0 0 0 0 0 1 1

fn=(632) _dl_debug_post_relocate
0x3570 46 1 0 0 1 0 0 1
+4 * 1 0 1
+1 +6 1
+3 * 1
+3 * 1
+3 -6 1 0 0 1 0 0 1
+3 * 1
+4 +6 1 1
+7 * 1
+7 * 1 0 1
+2 * 1
+4 * 1 0 1
+2 -1 1 0 1
+8 +1 1 0 1
cfi=(80)
cfn=(302)
calls=1 0xb780 767 
* * 632 186 74 0 7 0 0 1 0 98 4
+5 +2 1 1
+1 * 1 1
+1 -2 1
+3 +2 1 1
+4 * 1 1
+5 * 1 0 0 0 0 0 0 0 0 1
+2 +2 1 1
+5 * 1 0 0 0 0 0 0 0 0 1
+2 * 1 0 0 1 0 0 1
+3 * 1 0 0 0 0 0 0 0 0 1
+2 * 1 1
+3 * 1 1
+4 * 1
+3 +1 1
+7 * 1
+3 * 1 0 0 0 0 0 0 0 0 1 1
+15 +13 1 1
+1 * 1 1

fl=(61)
fn=(204)
0x25580 47 26 0 0 1 0 0 1
+4 +3 26
+7 * 26 0 0 0 0 0 0 0 0 26
+2 -3 26 0 26
+1 * 26
+3 * 26 0 26 0 0 2 0 0 1
+2 * 26
+3 * 26 0 26
+1 * 26
+3 +6 26
+3 * 26 0 0 0 0 0 0 0 0 26 6
+2 +5 26
+3 * 26
+3 * 26
+5 * 26
+2 * 26
+6 * 26 0 0 0 0 0 0 0 0 26
+2 +2 26 26
+1 * 26 26
+2 * 26 26
+1 * 26 26
+56 -7 9 0 0 1 0 0 1
+2 * 9
+6 * 9
+3 * 9
+2 * 9 0 0 0 0 0 0 0 0 9 4
+2 * 5 5 0 1 0 0 1
+7 * 5 0 0 0 0 0 0 0 0 5

fl=(14)
fn=(28)
0x12860 289 1 0 0 1 0 0 1
+4 * 1 0 1
+1 +1 1
+2 * 1
+5 -1 1
+3 * 1
+4 +1 1
+4 * 1 0 1
cfi=(12)
cfn=(30)
calls=1 0x14f60 435 
* * 18 4 1 2 2 0 2 2 0 3 2
+5 +2 1
+2 * 1 1 0 1 0 0 1
+4 * 1
+3 -1 1 0 1
+6 +2 1 1
+1 * 1 1

fn=(252) _dl_sort_maps
0x12890 298 2 0 0 1 0 0 1
+4 * 2 0 2
+1 * 2
+3 * 2 0 2
+2 * 2
+4 * 2 0 2
+2 * 2 0 2
+2 * 2
+3 * 2 0 2
+2 * 2
+3 * 2 0 2
+1 * 2
+4 +8 2 2 0 0 1 0 0 1
+7 -8 2 0 2
+3 +8 2
+3 * 2 0 0 2 0 0 2 0 0 2 2
0x12b7c -95 2 0 0 2 0 0 2
+2 -28 2 0 0 2 0 0 2
+3 -2 2 0 2
+4 +1 2 2
+3 +29 2
+4 -28 2
+4 * 2 0 0 0 0 0 0 0 0 2 2
+6 * 2
+3 * 2
+3 +1 2 2
+4 -1 2
+4 +1 2 0 2
+7 -1 2
+2 * 2 0 0 0 0 0 0 0 0 2 2
-17 +1 12 12
+4 -1 12
+4 +1 12 0 12
+7 -1 12
+2 * 12 0 0 0 0 0 0 0 0 12 10
+2 +28 2
+4 * 2
+3 * 2
+4 * 2
+4 * 2 0 0 2 0 0 2
+3 * 2
+7 * 2
+3 * 2
+3 * 2 0 0 0 0 0 0 0 0 2 2
+22 * 2
+5 * 2
+3 * 2
+3 * 2 0 0 0 0 0 0 0 0 2
+2 * 2 0 2 0 0 1
+5 +5 2
+4 +3 2
+4 * 2 0 2 2 0 0 2
+4 * 2
+3 -3 2 0 2
+4 +3 2
+2 * 2 2
+4 * 2
+4 * 2 0 2
+4 * 2
+3 * 2
+3 -1 2 0 2
+4 +3 2 0 2
+4 * 2
+3 * 2
+2 * 12
+4 * 12
+2 * 12 0 0 0 0 0 0 0 0 12
+6 +2 14 14
+4 -83 14 14 0 2 0 0 2
+7 * 14 0 0 0 0 0 0 0 0 14
+2 +3 14
+3 * 14
+4 * 14 0 14 0 0 1
cfn=(254) dfs_traversal.part.0
calls=14 0x12760 -8 
* * 513 144 56 6 11 0 6 10 0 116 34
+5 +83 14 14
+4 * 14
+3 * 14 0 0 0 0 0 0 0 0 14 11
+2 +18 2
+3 * 2 2
+4 * 2 2
+4 * 2 2
+5 * 2 2
+4 * 2 0 0 0 0 0 0 0 0 2 2
+80 +32 2 0 0 2 0 0 2
+3 * 2 0 0 2 0 0 2 0 0 2
+2 * 2 2
+4 * 2 0 0 0 0 0 0 0 0 2 1
+55 +7 2
+4 +27 2 0 0 2 0 0 2
+4 * 2 2
+1 * 2 2
+2 * 2 2
+2 * 2 2
+2 * 2 2
+2 * 2 2
+1 * 2 2
+92 -47 2 0 0 2 0 0 2
+3 * 2
+3 * 2 0 2
cfi=(30)
cfn=(84)
calls=2 0x26440 -53 
* * 38 10 8 3 0 0 3 0 0 8 4
+6 * 2

fn=(254)
0x12760 135 14 0 14 2 0 0 2
+1 * 14
+3 * 14
+3 * 14
+3 * 14
+4 +10 14 14 0 0 4 0 0 4
+7 -2 14 0 14
+7 +2 14
+3 * 14 0 0 2 0 0 2 0 0 14 3
+2 +2 11 11 0 0 6 0 0 6
+3 * 11
+3 * 11 0 0 0 0 0 0 0 0 11
+2 * 11
+5 -7 11 11
+7 * 11 0 0 0 0 0 0 0 0 11
-7 * 24 24
+7 * 24 0 0 0 0 0 0 0 0 24 4
+2 +7 35 35 0 0 1
+4 * 35
+4 * 35
+3 * 35 0 0 0 0 0 0 0 0 35 17
+2 +9 14
+3 * 14 0 0 0 0 0 0 0 0 14 5
+2 +15 14 14
+3 * 14
+4 * 14 0 14
+3 +1 14 0 14
+4 +1 14 14
+1 * 14 14
+64 -17 7 7 0 1 0 0 1
+7 * 7 0 0 1 0 0 1
+3 * 7 0 0 0 0 0 0 0 0 7 5

fl=(27)
fn=(74)
0xcd40 59 6 0 0 1 0 0 1
+4 * 6 0 6
+1 * 6
+3 * 6 0 6 0 0 1 0 0 1
+2 * 6
+3 * 6 0 6
+2 * 6 0 6 0 0 1 0 0 1
+2 * 6
+3 * 6 0 6
+2 * 6 0 6 0 0 1 0 0 1
+1 * 6
+4 * 6 0 6
+4 * 6 0 6 0 0 1 0 0 1
+3 * 6 0 6
+4 * 6 0 6
+4 +3 6
+7 * 6 0 0 0 0 0 0 0 0 6 1
+6 +18 5 5
+6 +3 5
+3 * 5 0 5 0 0 1 0 0 1
cfi=(23)
cfn=(64)
calls=5 0x28660 -26 
* * 103 13 0 0 0 0 0 0 0 11 1
+5 +4 5
+2 -4 5
+3 +4 5
+4 +5 5
+8 -9 5
+4 * 5 0 5
+4 * 5 0 5
fi=(29)
+4 -39 5
+5 * 5 5 5 0 0 0 0 0 0 0 0 5
cfi=(28)
cfn=(76)
calls=5 0xc7e0 +36 
* * 257 43 34 6 1 2 6 1 2 33 14 5
fe=(27)
-9 +39 1 0 1 1 0 1 1 0 1
fi=(29)
+4 -39 1
+5 * 1 1 1 0 0 0 0 0 0 0 0 1 1
cfi=(28)
cfn=(76)
calls=1 0xc7e0 +36 
* * 34 4 4 5 0 1 5 0 1 4 3 1 1
+6 * 6
fe=(27)
+3 +51 6
+3 * 6 0 0 0 0 0 0 0 0 6 1
+6 +4 6 6
+4 -1 6 0 6 1 0 4 1 0 4
+4 +6 6
+3 -5 6
+8 +5 6 6
+4 -5 6 0 6 0 0 6 0 0 6
+7 +4 6
+4 +1 6
+4 * 6 0 6
+4 -1 6 0 6 0 0 2 0 0 2
+4 +1 6 0 6
cfi=(30)
cfn=(84)
calls=6 0x26440 210 
* * 77 19 13 2 1 8 2 1 8 17 10
+6 * 6 6
+4 +15 6 6
+4 -15 6 0 6 0 0 1 0 0 1
+4 +2 6 0 6 1 0 0 1
+8 +13 6 6
+3 * 6 0 0 0 0 0 0 0 0 6 4
+6 +6 1
+4 +2 1 1 0 0 1 0 0 1
+8 * 1 0 1
+4 * 1 1
+4 * 1
+3 * 1
+3 * 1
+2 * 1 0 1
+7 +3 1 1
+7 * 1 0 0 0 0 0 0 0 0 1 1
-38 -3 5 5 0 0 5 0 0 5
+8 * 5 0 5
+4 * 5 5
+4 * 5
+3 * 5
+3 * 5
+2 * 5 0 5
+7 +3 5 5
+7 * 5 0 0 0 0 0 0 0 0 5 4
+6 +6 6 6
+4 -4 6 0 6 1 0 1 1 0 1
+7 +4 6 0 6
+4 +3 6
+2 * 6 0 0 0 0 0 0 0 0 6 4
+2 * 1
+7 * 1
+4 * 1
+7 * 1
+3 * 1
+7 * 1
+1 * 1
+11 * 1
fi=(4)
+11 1380 1 0 0 1 0 0 1
+3 * 1
+3 * 1
fe=(27)
+4 139 1
+4 * 1
+4 +2 1 0 1 0 0 1 0 0 1
+3 -2 1
+3 * 1 0 0 0 0 0 0 0 0 1 1
fi=(4)
-24 1380 15
+3 * 15
+3 * 15
fe=(27)
+4 139 15
+4 * 15
+4 +2 15 0 15 0 0 3 0 0 3
+3 -2 15
+3 * 15 0 0 0 0 0 0 0 0 15 9
+2 +16 6 6
+5 * 6
+7 -5 6 0 6 0 0 6 0 0 6
+11 -1 6
+7 +30 6
+7 -30 6 0 6 1 0 0 1
+7 +6 6 6 0 0 1 0 0 1
+4 * 6
+3 * 6 0 0 0 0 0 0 0 0 6 1
+6 +2 5
+7 * 5 0 5 0 0 3 0 0 3
+7 +3 5
+3 * 5 0 0 0 0 0 0 0 0 5
+6 -3 5
+5 * 5
+1 +7 5
+3 * 5 5
+7 * 5
+3 * 5 0 0 0 0 0 0 0 0 5
+2 +4 5
+2 * 5 0 0 0 0 0 0 0 0 5 1
+12 +8 1 0 1 1 0 0 1
+3 +3 1 0 1
+7 +10 1 1
+4 * 1 1
+4 * 1
+3 * 1 0 0 0 0 0 0 0 0 1 1
-18 -10 5 0 5 0 0 1 0 0 1
+7 +10 5 5
+4 * 5 5
+4 * 5
+3 * 5 0 0 0 0 0 0 0 0 5
+6 +2 5 0 5
cfi=(23)
cfn=(64)
calls=5 0x28660 57 
* * 175 25 0 0 1 0 0 1 0 15 2
+5 +21 5
+3 -21 5
+3 * 5
+4 * 5 0 5
+4 +17 5
+3 -13 5 0 0 1 0 0 1
+4 * 5 0 0 0 0 0 0 0 0 5
+2 * 5
0xcfb2 +50 5 5 0 1 0 0 1
+4 * 5 5
+4 * 5 0 5
cfi=(30)
cfn=(142) mempcpy
calls=5 0x26430 -48 
* * 73 17 12 0 0 3 0 0 3 12 1
+6 +5 84
+3 * 84
+4 +1 84 84
+3 * 84 0 0 0 0 0 0 0 0 84 28
+2 +4 5
+3 * 5
+4 +1 5 0 5
+3 +3 5 0 5 0 0 1 0 0 1
+7 +4 5
+4 * 5
+3 * 5 5
+1 * 5 5
+2 * 5 5
+2 * 5 5
+2 * 5 5
+2 * 5 5
+1 * 5 5
-17 * 1
+4 * 1
+3 * 1 1
+1 * 1 1
+2 * 1 1
+2 * 1 1
+2 * 1 1
+2 * 1 1
+1 * 1 1
+2 131 6 0 6 1 0 6 1 0 6
+11 * 6
+5 -8 5
+3 -4 5 5
+4 * 5 0 0 0 0 0 0 0 0 5 4
+17 +34 1 0 0 1 0 0 1
+2 +7 1
+3 * 1 0 0 0 0 0 0 0 0 1
+6 * 1
+3 * 1
+10 +8 5 5
+7 * 5
+6 * 5
+3 * 5 0 0 1 0 0 1 0 0 5 2
fi=(29)
+56 56 5
+3 * 5 5 5 0 0 0 0 0 0 0 0 5 1
cfi=(28)
cfn=(80)
calls=5 0xc690 -20 
* * 90 15 15 0 0 0 0 0 0 15 1
+6 * 5
fe=(27)
+3 200 5
+3 * 5 0 0 0 0 0 0 0 0 5
+2 -1 5
+3 * 5
+12 64 1 0 0 1 0 0 1
+7 * 1 0 0 0 0 0 0 0 0 1 1
+73 +2 1 1 0 1 0 0 1
+3 * 1
+2 * 1 0 0 0 0 0 0 0 0 1
+6 +1 1 1
+5 * 1 0 0 0 0 0 0 0 0 1
+6 * 1 0 1 1 0 0 1
+8 * 1
+5 * 1
+5 * 1
+3 +10 1
+5 -6 1
+7 * 1

fn=(88)
0xcca0 31 6 0 0 1 0 0 1
+4 * 6 0 6
+1 * 6
+3 * 6 0 6
+2 * 6
+3 +2 6
+7 -2 6 0 6
+1 * 6
+3 +2 6 6 6 0 0 0 0 0 0 0 0 6 1
cfi=(25) /usr/src/debug/glibc/glibc/elf/../sysdeps/nptl/dl-tls_init_tp.c
cfn=(90) rtld_mutex_dummy
calls=6 0x14180 +10 
* * 18 6
+6 +2 6 0 0 1 0 0 1
+4 * 6
+7 * 6 6
+4 * 6
+3 * 6 0 0 0 0 0 0 0 0 6 1
+2 * 5
+3 * 5
+11 +3 5
+3 * 5 5
+4 * 5
+3 * 5 0 0 0 0 0 0 0 0 5 5
-10 * 15
+3 * 15 15
+4 * 15
+3 * 15 0 0 0 0 0 0 0 0 15 10
+2 +2 5 0 5
+5 +2 5 0 5
+4 +4 5
+4 +1 5 5
+7 +3 5
+7 -4 5 0 5
+5 +1 5 0 5
+8 +1 5
+4 +3 5 5
+1 -3 5 0 5
+7 +3 5 5
+2 * 5 5
+1 -1 5 5 0 0 0 0 0 0 0 0 0 5
cfi=(25)
cfn=(90)
calls=5 0x14180 -7 
* * 15 5
-46 -4 1
+4 +1 1 1 0 0 1 0 0 1
+7 +3 1
+7 -4 1 0 1
+5 +1 1 0 1
+8 +1 1
+4 +3 1 1
+1 -3 1 0 1
+7 +3 1 1
+2 * 1 1
+1 -1 1 1 0 0 0 0 0 0 0 0 0 1 1
cfi=(25)
cfn=(90)
calls=1 0x14180 -7 
* * 3 1
+13 -5 1 0 1 1 0 0 1
+4 * 1

fl=(41) /usr/src/debug/glibc/glibc/elf/../sysdeps/x86_64/dl-hwcaps-subdirs.c
fn=(120) _dl_hwcaps_subdirs_active
0x1cb20 29 1 0 0 1 0 0 1
fi=(20) /usr/src/debug/glibc/glibc/elf/../sysdeps/x86/get-isa-level.h
+4 +2 1 1
+6 * 1
+2 * 1
+5 * 1 0 0 0 0 0 0 0 0 1 1
+15 +1 1 1 0 1 0 0 1
+6 * 1
+3 * 1 0 0 0 0 0 0 0 0 1
+2 +7 1 1
+6 * 1
+2 * 1
+2 * 1
+5 * 1 0 0 0 0 0 0 0 0 1
+2 +1 1 1
+6 * 1
+2 * 1
+3 * 1 0 0 0 0 0 0 0 0 1
+2 +8 1
+2 * 1
+6 * 1 0 0 0 0 0 0 0 0 1
+2 +3 1 1
+6 * 1
+2 * 1 0 0 1 0 0 1
+6 * 1 0 0 0 0 0 0 0 0 1 1
+8 +3 1
+3 * 1 0 0 0 0 0 0 0 0 1
fe=(41)
+2 -3 1
+2 * 1
+6 * 1
+3 * 1
+3 +1 1 1

fl=(30)
fn=(142)
0x26430 197 10 0 0 2 0 0 1
+4 +1 10
+3 +1 10
+3 +1 10
+13 +17 10
+4 +1 10 0 0 0 0 0 0 0 0 10 5
+2 +2 6 6 0 0 1
+3 +1 6
+4 +1 6 0 0 0 0 0 0 0 0 6 2
+2 +2 4 4
+5 +1 4 0 4 0 0 1 0 0 1
+3 +1 4 0 4 0 0 1 0 0 1
+5 +2 4 4
+13 +80 4
+3 +1 4 0 0 0 0 0 0 0 0 4 2
+2 +2 2
+3 +4 2 0 0 0 0 0 0 0 0 2
+2 +1 2
+3 +1 2 0 0 0 0 0 0 0 0 2 1
+18 +8 2 2
+17 +39 2 2
+5 +1 2 2
+3 +1 2 0 2
+3 +1 2 0 2
+5 +1 2 2
+1 +7 2 2 0 0 1
+5 +1 2 2
+5 +1 2 0 2 0 0 1 0 0 1
+3 +1 2 0 2
+4 +1 2 0 2 0 0 2 0 0 2
+5 +1 2 0 2
+5 +1 2 2
+4 +11 2
+7 +1 2 0 0 0 0 0 0 0 0 2
+2 +2 2 2
+4 +1 2
+4 +1 2 0 0 0 0 0 0 0 0 2

fn=(84)
0x26440 210 40 0 0 3 0 0 2
+4 +1 40
+3 +6 40
+4 +1 40 0 0 0 0 0 0 0 0 40 6
+2 +2 33 33 0 0 9 0 0 1
+3 +1 33
+4 +1 33 0 0 0 0 0 0 0 0 33 13
+2 +2 17 17 0 0 1
+5 +1 17 0 17 0 0 5 0 0 5
+3 +1 17 0 17 0 0 3 0 0 3
+5 +2 17 17
+13 +80 7
+3 +1 7 0 0 0 0 0 0 0 0 7 5
+2 +2 1
+3 +4 1 0 0 0 0 0 0 0 0 1
+2 +1 1
+3 +1 1 0 0 0 0 0 0 0 0 1
+2 +1 1 1 0 1 1 0 1 1
+2 +1 1 0 0 0 0 0 0 0 0 1 1
+12 +4 1 0 1 0 0 1 0 0 1
+2 +2 1 1
+17 +39 6 6
+5 +1 6 6
+3 +1 6 0 6 0 0 4 0 0 4
+3 +1 6 0 6 0 0 1 0 0 1
+5 +1 6 6
+1 +7 8 8 0 1 0 0 1
+5 +1 8 8
+5 +1 8 0 8 0 0 1 0 0 1
+3 +1 8 0 8 0 0 2 0 0 2
+4 +1 8 0 8 0 0 2 0 0 2
+5 +1 8 0 8
+5 +1 8 8
+4 +11 16 0 0 2 0 0 2
+7 +1 16 0 0 0 0 0 0 0 0 16 1
+2 +2 15 15 0 0 2
+4 +1 15
+4 +1 15 0 0 0 0 0 0 0 0 15 7
+2 +2 7 7 0 0 2
+4 +1 7 7 0 0 3
+4 +1 7 7 0 0 4
+5 +1 7 7
+5 +1 7 7
+5 +1 7 7
+5 +1 7 0 7 1 0 0 1
+3 +1 7 0 7 0 0 1 0 0 1
+4 +1 7 0 7 0 0 4 0 0 4
+4 +1 7 0 7 0 0 2 0 0 2
+4 +1 7 0 7 0 0 3 0 0 3
+5 +1 7 0 7
+5 +1 7 0 7
+5 +1 7 0 7
+5 +1 7 7
+1 +4 1
+3 +1 1
+3 +4 1
+3 +2 1 0 0 0 0 0 0 0 0 1
+6 +16 1
+4 +3 1
+3 +2 1
+4 +2 1 0 0 1 0 0 1
+6 +4 1
+3 +1 1 0 0 0 0 0 0 0 0 1
+2 +9 1 1 0 0 1 0 0 1
+5 +1 1 1
+5 +2 1
+3 +2 1
+4 +1 1 1
+5 +1 1 1 0 0 1 0 0 1
+6 +3 1
+3 +2 1
+3 +2 1
+3 +2 1
+5 +6 1 1
+3 +1 1 1 0 0 1 0 0 1
+4 +1 1 1
+4 +1 1 1 0 1 0 0 1
+4 +1 1
+4 +1 1 0 1
+3 +1 1 0 1 0 0 1 0 0 1
+4 +1 1 0 1
+4 +1 1 0 1
+4 +1 1
+4 +1 1
+3 +1 1 0 0 0 0 0 0 0 0 1 1
-41 -11 2 2
+3 +1 2 2 0 0 1 0 0 1
+4 +1 2 2
+4 +1 2 2
+4 +1 2
+4 +1 2 0 2
+3 +1 2 0 2 0 0 2 0 0 2
+4 +1 2 0 2
+4 +1 2 0 2
+4 +1 2
+4 +1 2
+3 +1 2 0 0 0 0 0 0 0 0 2 1
+2 +2 1 0 1 0 0 1 0 0 1
+4 +1 1 0 1
+4 +1 1 0 1
+4 +1 1 0 1
+4 +2 1 0 1
+3 +4 1 1

fl=(187) /usr/src/debug/glibc/glibc/elf/dl-call-libc-early-init.c
fn=(634) _dl_call_libc_early_init
0x1f40 27 1 0 0 1 0 0 1
+4 +2 1
+3 * 1 0 0 0 0 0 0 0 0 1
+2 -2 1 0 1
+1 +6 1
+5 * 1
+6 * 1
+7 -6 1
+3 * 1 0 1
+1 * 1
+2 +6 1
+7 -6 1
+4 +6 1 0 1
+4 * 1 0 1
cfi=(184)
cfn=(620)
calls=1 0xc480 +41 
* * 199 54 19 0 9 0 0 4 0 19 4 1 1
+5 * 1
+3 +4 1
+3 * 1 0 0 1 0 0 1 0 0 1
+6 * 1 1
+4 +2 1 1
+5 * 1 0 0 0 0 0 0 0 0 1
+2 * 1 1
+3 +1 1
+3 -1 1 1
+4 +2 1 1
+4 * 1 1
+1 -1 1 0 0 0 0 0 0 0 0 0 0 1 1
cob=(2)
cfi=(188) /usr/src/debug/glibc/glibc/elf/libc_early_init.c
cfn=(636) __libc_early_init
calls=1 0x16e4f0 -6 
* * 1111 114 308 28 39 37 26 22 36 183 28 14 14

fl=(17) /usr/src/debug/glibc/glibc/elf/../sysdeps/x86/cpu-features.c
fn=(38) init_cpu_features.constprop.0
0x18010 728 1 0 1 1 0 0 1
+1 +3 1
+2 -3 1
+3 * 1 0 1
+2 * 1 0 1
+2 * 1 0 1
+2 * 1 0 1
+2 * 1 0 1
+1 * 1
+7 +3 1 0 1
+7 +9 1 0 1 0 0 1 0 0 1
+10 -8 1 0 1
+7 +1 1 0 1 1 0 0 1
+7 +9 1 0 1 0 0 1 0 0 1
+11 +9 1
+2 * 1 0 1
+6 +3 1
+6 * 1 0 0 0 0 0 0 0 0 1
+6 * 1
+6 * 1 0 0 0 0 0 0 0 0 1
+6 * 1
+6 * 1 0 0 0 0 0 0 0 0 1
+6 +6 1
+4 * 1 0 0 1 0 0 1
+4 * 1
+4 * 1
+4 * 1
+3 * 1 0 1
cfn=(40) get_common_indices.constprop.0
calls=1 0x17020 431 
* * 71 10 23 7 0 3 7 0 3 8 1
+5 409 1
+5 * 1
+2 * 1
+2 +1 1
+5 * 1 0 0 0 0 0 0 0 0 1
+2 +1 1
+5 * 1
+2 * 1 0 1
+6 * 1 0 1
+6 * 1 0 1
+6 * 1 0 1 1 0 0 1
+6 +5 1
+6 * 1 0 0 0 0 0 0 0 0 1
+2 +1 1
+5 * 1
+2 * 1 0 1 0 0 1 0 0 1
+6 * 1 0 1
+6 * 1 0 1
+6 * 1 0 1
+6 +5 1
+6 * 1 0 0 0 0 0 0 0 0 1
+2 +1 1
+5 * 1
+2 * 1 0 1
+6 * 1 0 1 1 0 0 1
+6 * 1 0 1
+6 * 1 0 1
+6 765 1 0 1
cfn=(44) update_active.constprop.0
calls=1 0x17a40 90 
* * 200 42 39 19 1 2 19 1 2 21 12
+5 +4 1 1
+6 +4 1 1
+3 1156 1 1
+7 770 1
+2 * 1
+6 * 1 0 1
+6 +3 1
+3 * 1 0 0 0 0 0 0 0 0 1 1
+27 901 1 1 0 1 0 0 1
+7 * 1 0 0 0 0 0 0 0 0 1
+2 +7 1
+3 * 1 0 1
+6 +60 1 1
+7 * 1 0 0 0 0 0 0 0 0 1
+2 +7 1 1
+7 * 1 0 0 0 0 0 0 0 0 1
+2 +2 1
+3 * 1 0 1
+6 +4 1 0 0 1 0 0 1
+7 * 1 0 0 0 0 0 0 0 0 1 1
+11 +6 1 1
+7 * 1 0 0 0 0 0 0 0 0 1 1
+14 1156 1
+3 +8 1
+2 +1 1
fi=(21) /usr/src/debug/glibc/glibc/elf/../sysdeps/x86/dl-cacheinfo.h
+2 977 1 1
fe=(17)
+7 1156 1
+6 758 1
fi=(21)
+6 1010 1 0 0 1 0 0 1
+2 * 1
+3 * 1
+3 * 1 0 1
+6 * 1
+4 * 1 0 1
fe=(17)
+4 755 1
0x18267 1148 1 1 0 1 0 0 1
+6 * 1
+3 * 1 0 0 0 0 0 0 0 0 1
+2 +1 1
+3 * 1 0 1
+6 +3 1
+3 * 1 0 0 0 0 0 0 0 0 1
+2 +1 1 0 0 1 0 0 1
+3 * 1 0 1
+6 +3 1
+2 * 1 0 0 0 0 0 0 0 0 1 1
+14 +9 1 0 1
+6 +1 1 1
+3 -3 1 0 1
+7 +1 1 0 1
+6 +2 1 0 1
fi=(21)
+6 861 1
+4 * 1 0 0 0 0 0 0 0 0 1 1
0x18369 964 1 1 0 1 0 0 1
+7 +5 1 0 1
+7 +11 1
+3 -7 1 1 0 1 0 0 1
+7 +2 1 0 1
+7 +5 1
+5 -16 1 0 1 0 0 1 0 0 1
+7 +1 1 1
+7 +15 1
+4 -10 1 0 1
+7 -5 1 0 1
+7 +1 1 1
+7 +5 1 0 1
+7 -5 1 0 1 1 0 0 1
+7 +1 1 1
+7 +5 1 0 1
+7 -5 1 0 1
+7 +1 1 1
+7 +5 1 0 1
+7 -5 1 0 1
+7 +6 1 0 1
+7 +37 1 1
+7 * 1 0 0 0 0 0 0 0 0 1
+2 -17 1 1
+4 * 1 0 0 1 0 0 1
+2 * 1
+3 +8 1
+3 * 1
+4 +29 1
+10 * 1
+5 * 1
+3 * 1
+4 * 1
+7 * 1
+4 +9 1
+7 * 1 0 0 0 0 0 0 0 0 1 1
+42 +20 1 1 0 1 0 0 1
+7 * 1
+5 +13 1
+3 * 1
+5 -13 1
+4 +6 1
+4 +20 1 0 0 1 0 0 1
+7 -20 1
+4 +7 1
+2 -7 1 0 1
+7 +7 1 0 1
cfi=(12)
cfn=(30)
calls=1 0x14f60 435 
* * 17 4 1 0 2 0 0 2 0 3 1
+5 * 1 1
+4 +5 1
+3 * 1
+5 -3 1
+3 * 1 1
+8 +3 1
+2 * 1 0 1
cfi=(12)
cfn=(30)
calls=1 0x14f60 435 
* * 17 4 1 0 2 0 0 2 0 3 1
+5 * 1 1
+4 +80 1 1
+4 -68 1
+3 * 1 0 0 1 0 0 1
+5 -10 1
+3 +78 1
+4 * 1 1
+8 -72 1 1
+7 * 1
+4 +72 1 0 1
+7 -68 1
+2 +68 1 0 1
+4 -68 1 0 1
cfi=(12)
cfn=(30)
calls=1 0x14f60 435 
* * 17 4 1 0 2 0 0 2 0 3 1
+5 * 1 1
+4 +5 1
+3 -4 1
+10 +4 1 0 0 1 0 0 1
+5 -4 1
+7 * 1
+3 +55 1
+4 -51 1
+2 +51 1 0 1
+7 -51 1 0 1
cfi=(12)
cfn=(30)
calls=1 0x14f60 435 
* * 17 4 1 0 2 0 0 2 0 3 1
+5 * 1 1
+4 +5 1
+3 -4 1
+10 +4 1
+5 -4 1
+7 * 1
+3 +37 1 0 0 1 0 0 1
+4 -33 1
+2 +33 1 0 1
+7 * 1 0 1
+7 -33 1 0 1
cfi=(12)
cfn=(30)
calls=1 0x14f60 435 
* * 17 4 1 0 2 0 0 2 0 3
+5 * 1 1
+4 +7 1
+3 -6 1 1
+7 +6 1
+5 +42 1 1
+8 -42 1
+2 * 1 0 1
cfi=(12)
cfn=(30)
calls=1 0x14f60 435 
* * 17 4 1 0 2 0 0 2 0 3
+5 +2 1 1 0 1 0 0 1
+7 -2 1 1
+4 +2 1 1
+7 +40 1
+3 -40 1 0 0 0 0 0 0 0 0 1
+6 -2 1 0 1
+7 +26 1 0 1
+4 * 1 1
+4 * 1
+4 * 1
+3 * 1
+5 * 1 0 1
+8 * 1 0 1
+8 * 1 0 1 1 0 0 1
+8 * 1 0 1
cfi=(12)
cfn=(60) __GI___tunable_set_val
calls=1 0x148e0 162 
* * 39 7 4 4 0 0 4 0 0 6 1
+5 +6 1 1
+7 * 1 0 0 0 0 0 0 0 0 1
+6 +3 1 1
+4 * 1
+4 * 1
+3 * 1
+5 * 1 1
+7 * 1 0 1
+8 * 1 0 1 1 0 0 1
+8 * 1 0 1
+4 * 1 0 1
+8 * 1 0 1
cfi=(12)
cfn=(60)
calls=1 0x148e0 162 
* * 39 7 4 0 0 0 0 0 0 6 1
+5 +2 1 1
+4 * 1
+4 * 1
+3 * 1
+5 * 1 0 1
+4 * 1 0 1
+8 * 1 0 1
+8 * 1 0 1
+8 * 1 0 1 1 0 0 1
cfi=(12)
cfn=(60)
calls=1 0x148e0 162 
* * 39 7 4 0 0 0 0 0 0 6 1
+5 +1 1 1
+7 * 1 1
+4 * 1
+4 * 1
+5 * 1 0 1
+8 * 1 0 1
+4 * 1
+3 * 1 0 1
+8 * 1 0 1
+8 * 1 0 1
cfi=(12)
cfn=(60)
calls=1 0x148e0 162 
* * 39 7 4 0 0 0 0 0 0 6 1
+5 +1 1 0 1
+4 * 1 1 0 1 0 0 1
+4 * 1
+10 * 1 0 1
+4 * 1
+4 * 1
+3 * 1
+5 * 1
+3 * 1 0 1
+8 * 1 0 1
+8 * 1 0 1
cfi=(12)
cfn=(60)
calls=1 0x148e0 162 
* * 39 7 4 0 0 0 0 0 0 6
+5 +3 1
+4 * 1
+3 * 1 0 1
+4 * 1 1 0 1 0 0 1
+7 * 1
+5 * 1 0 1
+8 * 1 0 1
+8 * 1 0 1
+4 * 1
+3 * 1 0 1
cfi=(12)
cfn=(60)
calls=1 0x148e0 162 
* * 39 7 4 0 0 0 0 0 0 6
+5 +8 1 0 1
+7 +1 1 1
fe=(17)
+4 +12 1
fi=(21)
+2 -8 1 1
+7 -2 1 1 0 1 0 0 1
fe=(17)
+7 +10 1
+3 * 1
fi=(21)
+7 -12 1 0 1
+7 +1 1 1
+7 +3 1 0 1
+7 -2 1 0 1
+7 -1 1 0 1
+7 +2 1 0 1
+7 +2 1 0 1
fe=(17)
+7 +7 1 0 1 1 0 0 1
cfi=(12)
cfn=(30)
calls=1 0x14f60 435 
* * 16 3 1 1 2 0 1 2 0 2 2
+5 +3 1
+7 * 1
+3 * 1
+5 * 1 0 1
cfi=(12)
cfn=(30)
calls=1 0x14f60 435 
* * 18 4 1 0 0 0 0 0 0 3 2
+5 +9 1 1
+6 +4 1 1
+6 -4 1
+5 * 1 0 0 0 0 0 0 0 0 1 1
+97 +55 1 1 0 1 0 0 1
+7 -1 1 0 1
+11 +1 1 0 0 0 0 0 0 0 0 1 1
+6 +45 1
+7 * 1
+3 * 1
+5 * 1 0 1
cfi=(12)
cfn=(30)
calls=1 0x14f60 435 
* * 16 3 1 0 2 0 0 2 0 2 2
+5 +2 1
+7 * 1
+3 * 1 0 0 1 0 0 1
+5 * 1 0 1
cfi=(12)
cfn=(30)
calls=1 0x14f60 435 
* * 16 3 1 0 1 0 0 1 0 2 2
+5 +4 1 1
+8 * 1 0 0 0 0 0 0 0 0 1
+6 +3 1 1
+7 * 1 0 0 0 0 0 0 0 0 1
+6 * 1
+7 * 1
+7 +3 1 0 1 0 0 1 0 0 1
+7 +35 1
+3 * 1
+7 * 1
+5 -32 1 0 1
+7 +32 1 0 1
cfi=(12)
cfn=(30)
calls=1 0x14f60 435 
* * 18 4 1 0 2 0 0 2 0 3 2
+5 +7 1
+7 * 1 1
+1 * 1 1
+2 * 1 1
+2 * 1 1
+2 * 1 1
+2 * 1 1
+1 * 1 1
fi=(21)
+11 1046 1 0 0 1 0 0 1
+3 * 1 0 0 0 0 0 0 0 0 1
+2 * 1 0 1
+11 +3 1 0 0 1 0 0 1
+5 +1 1 0 1
+11 * 1
fe=(17)
+8 1195 1
+2 +1 1
+3 -1 1
+6 +1 1
+2 * 1 0 0 0 0 0 0 0 0 1 1
+75 +45 1 1 0 1 0 0 1
+6 * 1
+5 * 1 0 0 0 0 0 0 0 0 1 1
+23 +27 1 0 1
+7 * 1
+23 -10 1 0 0 1 0 0 1
+2 * 1
+5 * 1 0 0 0 0 0 0 0 0 1
+6 +1 1 1 0 1 0 0 1
+6 * 1
+2 * 1
+5 * 1 0 0 0 0 0 0 0 0 1
+6 +6 1
+7 -3 1 1
+7 * 1 0 0 0 0 0 0 0 0 1 1
fi=(21)
0x189f0 863 1 0 0 1 0 0 1
+5 * 1 0 1
+7 * 1 0 1 1 0 0 1
cfn=(52) handle_intel.constprop.0
calls=1 0x17960 266 
* * 466 50 18 13 6 0 13 6 0 110 31
+5 +1 1
+5 -1 1 0 1
+7 +1 1 0 1
cfn=(52)
calls=1 0x17960 266 
* * 533 50 18 0 0 0 0 0 0 130 27
+5 +4 1
+5 -4 1
+3 * 1 0 1
+4 +1 1 0 1
+4 +3 1 0 1
cfn=(52)
calls=1 0x17960 266 
* * 483 50 18 0 0 0 0 0 0 114 12
+5 +2 1
+5 -2 1 0 1
+7 +2 1 0 1
cfn=(52)
calls=1 0x17960 266 
* * 475 50 18 1 0 0 1 0 0 116 9
+5 +3 1
+5 -3 1 0 1 1 0 0 1
+7 +1 1 1
+7 * 1 0 1
+7 +2 1 0 1
cfn=(52)
calls=1 0x17960 266 
* * 456 50 18 0 0 0 0 0 0 111 12
+5 +2 1
+5 -2 1 0 1
+7 +2 1 0 1
cfn=(52)
calls=1 0x17960 266 
* * 458 50 18 0 0 0 0 0 0 112 10
+5 +2 1
+5 -2 1 0 1
+7 +2 1 0 1
cfn=(52)
calls=1 0x17960 266 
* * 508 50 18 0 0 0 0 0 0 122 18
+5 +2 1
+5 -2 1 0 1 1 0 0 1
+4 +2 1 0 1
cfn=(52)
calls=1 0x17960 266 
* * 498 50 18 0 0 0 0 0 0 123 10
+5 +2 1
+5 -2 1 0 1
+7 +2 1 0 1
cfn=(52)
calls=1 0x17960 266 
* * 500 50 18 0 0 0 0 0 0 124 9
+5 +3 1
+5 -2 1 0 1
+7 -1 1 0 1
+7 +3 1 0 1
cfn=(52)
calls=1 0x17960 266 
* * 523 50 18 0 0 0 0 0 0 131 14
+5 +2 1
+5 -2 1 0 1
+7 +2 1 0 1 1 0 0 1
cfn=(52)
calls=1 0x17960 266 
* * 525 50 18 0 0 0 0 0 0 132 9
+5 +2 1
+5 -2 1
+3 +2 1 0 1
cfn=(52)
calls=1 0x17960 266 
* * 526 50 18 0 0 0 0 0 0 131 11
+5 +2 1 1
+4 * 1
+4 * 1
+4 * 1
+4 -2 1 0 1
+7 +2 1 0 1
+7 * 1 0 1
cfn=(58) get_common_cache_info.constprop.0
calls=1 0x171d0 624 
* * 219 24 19 13 0 0 13 0 0 42 13
+5 1001 1 1
+4 -6 1 1
+4 * 1 1
+7 * 1 1 0 1 0 0 1
+7 +6 1
+4 -6 1 0 1
+7 * 1 1
+7 +6 1
+3 * 1
+4 -6 1 0 1
+4 * 1 1
+7 +6 1
+4 * 1 1
+7 * 1 1
+7 -1 1 0 0 1 0 0 1
+4 * 1
fe=(17)
0x191d0 775 1 1 0 1 0 0 1
+3 * 1 1
+3 * 1
+3 * 1 0 1
+3 565 1
+6 * 1 0 0 0 0 0 0 0 0 1
+6 * 1
+7 * 1 1 0 0 1 0 0 1
+4 781 1
+4 * 1 0 0 0 0 0 0 0 0 1
+6 * 1 0 0 1 0 0 1 0 0 1
+6 * 1
+4 * 1 0 0 0 0 0 0 0 0 1 1
0x19357 +37 1 0 0 1 0 0 1
+3 * 1 0 0 0 0 0 0 0 0 1
+2 +3 1
+7 * 1 0 1
+7 926 1 0 1
+11 +1 1 1
+3 * 1

fn=(40)
0x17020 431 1 0 1 1 0 0 1
+1 * 1
+3 * 1 0 1
+1 +4 1
+3 * 1 0 0 0 0 0 0 0 0 1
+2 * 1
+3 * 1
+3 +3 1
+5 * 1
+2 * 1 0 1 0 0 1 0 0 1
+6 +5 1
+2 * 1 0 0 1 0 0 1
+3 -5 1 0 1
+6 +5 1
+3 -5 1 0 1
+6 +4 1 0 1
+6 +1 1 0 1
+2 +1 1
+2 * 1
+3 * 1
+3 * 1 0 1
+2 +1 1
+2 * 1
+3 * 1
+6 * 1 0 1
+3 +1 1
+2 * 1
+3 * 1 0 1
+3 +1 1 1
+3 * 1 0 0 1 0 0 1 0 0 1
+6 +7 1 1
+7 * 1 0 0 0 0 0 0 0 0 1
+6 +2 1
+5 * 1
+2 * 1
+2 * 1 0 1
+6 +5 1
+5 -5 1 0 1
+6 +5 1
+5 -5 1 0 1
+6 * 1 0 1
+6 +5 1
+2 +7 1 1 0 1 0 0 1
+7 -7 1 0 1 0 0 1 0 0 1
+6 * 1 0 1
+6 * 1 0 1
+6 * 1 0 1
+6 +7 1 0 0 0 0 0 0 0 0 1
+6 +1 1
+5 * 1
+5 * 1
+2 +6 1 1
+7 -6 1 0 1 0 0 1 0 0 1
+6 * 1 0 1
+6 * 1 0 1 1 0 0 1
+6 * 1 0 1
+6 +6 1 0 0 0 0 0 0 0 0 1 1
fi=(18) /usr/src/debug/glibc/glibc/elf/../sysdeps/unix/sysv/linux/x86/dl-minsigstacksize.h
+77 24 1 1 0 1 0 0 1
+8 * 1 0 0 0 0 0 0 0 0 1
+2 +3 1 1
+7 * 1 0 0 0 0 0 0 0 0 1
+2 +1 1 1
+7 * 1 0 0 0 0 0 0 0 0 1
+2 +37 1
+5 * 1
+2 * 1
+2 +9 1 0 0 1 0 0 1
+6 * 1 0 1
fe=(17)
+7 490 1 1
+4 * 1 1
+1 * 1 1

fn=(44)
0x17a40 90 1 0 1 1 0 0 1
+1 * 1
+3 * 1 0 1
+2 * 1 0 1
+2 * 1 0 1
+2 * 1 0 1
+2 * 1 0 1
+1 * 1
+4 +4 1 1
+6 +37 1 1
+7 -9 1 1
+7 -18 1 1
+6 -1 1
+2 -1 1
+2 +25 1
+2 -14 1 1
+7 -10 1
+6 -1 1 0 0 1 0 0 1
+6 * 1 1
+6 +25 1
+6 -24 1
+2 +27 1
+3 -26 1 0 1
+6 +17 1
+3 +6 1
+2 +7 1
+3 -22 1
+5 +18 1
+7 -18 1 1
+6 +18 1 1
+7 +4 1 0 0 1 0 0 1
+6 -7 1 0 1
+6 +7 1 1
+6 -7 1 0 1
+6 -6 1
+6 +13 1 0 1 0 0 1 0 0 1
+6 -13 1 1
+6 -9 1 0 1
+6 +18 1 0 1
+7 +4 1 0 1
+6 +1 1 1
+6 +7 1 1 0 1 0 0 1
+7 +5 1 1
+7 -8 1
+2 -4 1 0 1
+6 +13 1 1 0 0 1 0 0 1
+6 -9 1
+6 * 1 1
+6 +7 1
+3 -7 1 0 1
+6 * 1
+3 +1 1 1
+6 +8 1
+3 * 1 0 1 1 0 0 1
+6 +3 1
+3 -5 1
+7 * 1 1
+7 -6 1
+6 * 1 0 1
+6 +1 1 1
+6 +10 1
+6 * 1
+2 -5 1 0 1
+7 -5 1
+6 * 1 0 1
+6 +6 1 0 0 1 0 0 1
+3 * 1
+6 * 1 1
+6 +4 1
+7 * 1
+3 -4 1 0 1
+6 +4 1 0 1
+6 +14 1
+2 * 1 0 0 0 0 0 0 0 0 1 1
+8 389 1
+2 * 1 0 0 0 0 0 0 0 0 1 1
+9 +4 1 1
+6 * 1 0 0 1 0 0 1
+3 * 1 0 0 0 0 0 0 0 0 1 1
fi=(19) /usr/src/debug/glibc/glibc/elf/../sysdeps/unix/sysv/linux/x86/dl-hwcap2.h
+34 25 1 1
+7 * 1 0 0 0 0 0 0 0 0 1 1
fi=(20)
+13 +6 1
+2 -3 1
+2 +3 1
+5 * 1 0 0 0 0 0 0 0 0 1 1
fe=(17)
+6 402 1 0 1
+6 +1 1
+4 * 1 1
+1 * 1 1
+2 * 1 1
+2 * 1 1
+2 * 1 1
+2 * 1 1
+1 * 1 1
+4 163 1 0 1 1 0 0 1
+10 +6 1
+3 * 1
+6 * 1
+2 * 1 0 1
+6 * 1 0 1 1 0 0 1
+6 +1 1
+2 * 1
+3 * 1 0 1
+6 +2 1
+2 * 1
+2 * 1 0 0 0 0 0 0 0 0 1 1
+6 +91 1 1
+6 -1 1
+2 * 1 0 0 0 0 0 0 0 0 1 1
0x17cd0 +17 1 1 0 1 0 0 1
+6 * 1
+2 * 1
+5 * 1 0 0 0 0 0 0 0 0 1
+6 +16 1 1
+7 * 1 0 0 0 0 0 0 0 0 1 1
+16 +4 1 0 1 1 0 0 1
+10 +1 1 1
+6 +3 1
+3 * 1
+4 * 1 1
+7 * 1 0 1
+7 +4 1
+3 * 1 0 0 0 0 0 0 0 0 1
+6 +4 1
+5 * 1
+2 * 1
+2 +1 1
+2 * 1 0 0 0 0 0 0 0 0 1
+6 +5 1
+6 -1 1 0 0 1 0 0 1
+3 +10 1
+3 -6 1
+2 +2 1 0 1
+6 -2 1 0 1
+7 +3 1 0 1 0 0 1 0 0 1
+7 +3 1 0 0 0 0 0 0 0 0 1 1
0x17e00 +63 1 0 0 1 0 0 1
fi=(20)
+3 30 1 1
fe=(17)
+6 389 1
+3 * 1
fi=(20)
+12 32 1 1
+6 * 1
+3 * 1 0 0 0 0 0 0 0 0 1
+6 +7 1 1
+6 * 1
+2 * 1
+2 * 1
+6 * 1 0 0 0 0 0 0 0 0 1
+6 +1 1 1 0 1 0 0 1
+6 * 1
+3 * 1 0 0 0 0 0 0 0 0 1
+6 +8 1
+2 * 1
+5 * 1 0 0 0 0 0 0 0 0 1
+2 +1 1 1
+6 +2 1
+2 * 1
+2 * 1
+6 * 1 0 0 0 0 0 0 0 0 1 1
fe=(17)
+83 176 1 0 0 1 0 0 1
+6 * 1 0 0 0 0 0 0 0 0 1
+2 +6 1 0 0 1 0 0 1
+4 * 1 0 0 0 0 0 0 0 0 1 1
+6 +14 1
+3 +12 1
+6 * 1 1
+6 -30 1 0 1
+10 +18 1
+5 +12 1
+6 -12 1
+3 +12 1 0 1
+6 -12 1 0 1
+6 +2 1
+3 * 1 0 0 1 0 0 1
+3 * 1 1
+6 * 1 0 1
+6 +6 1
+3 * 1
+5 * 1
+3 * 1 0 1
+6 +2 1 1
+6 * 1
+5 * 1
+3 * 1 0 1
+6 +7 1 1
+6 * 1
+2 * 1
+2 * 1 0 0 1 0 0 1 0 0 1 1
0x17fd0 -24 1 0 1 1 0 0 1
+10 -5 1
+3 * 1 0 1
+6 +4 1
fi=(20)
+5 54 1
+3 * 1 0 0 0 0 0 0 0 0 1
+6 +9 1
+2 * 1
+2 * 1
+5 * 1
+3 * 1
+7 * 1
fe=(17)

fl=(25)
fn=(70) __tls_pre_init_tp
0x14190 54 1 0 0 1 0 0 1
+4 * 1
+7 * 1
+4 * 1
+4 +3 1
+5 * 1
+5 * 1
+5 * 1
+4 * 1
+4 * 1
+4 * 1 0 1 1 0 1 1 0 1
+3 * 1 0 1
+4 * 1 0 1
+4 +5 1
+7 * 1 0 1
+7 +1 1 0 1
+7 +2 1 1

fn=(284) __tls_init_tp
0x141e0 69 1 0 0 1
+4 * 1 0 1
fi=(402) /usr/src/debug/glibc/glibc/elf/../include/list.h
+1 -25 1
fe=(25)
+7 +25 1
+3 * 1
fi=(402)
+4 -26 1 1 0 0 1
fe=(25)
+7 +27 1 1 0 1 0 0 1
+9 +3 1
fi=(402)
+7 -30 1 0 1
fe=(25)
+7 +33 1
fi=(402)
+7 -32 1 0 1
+7 +1 1 0 1
+4 +2 1 0 1
fe=(25)
+7 +29 1
+5 * 1
+2 * 1 0 1
+6 +1 1
+7 +18 1 0 0 1 0 0 1
+5 -6 1
+7 -12 1 0 1
+9 +1 1 0 1
+12 +1 1 0 1
+12 +5 1 1
+7 * 1 0 1
+8 +11 1
+5 -6 1 0 1 1 0 0 1
+7 +2 1 0 1
+7 +1 1 0 1
+11 +3 1
+2 +16 1
+2 * 1
+4 * 1
+5 * 1 0 1
cfi=(12)
cfn=(30)
calls=1 0x14f60 435 
* * 18 4 1 0 0 0 0 0 0 3 2
fi=(77) /usr/src/debug/glibc/glibc/elf/../sysdeps/unix/sysv/linux/rseq-internal.h
+5 -11 1 1
+3 -7 1 1
+7 +7 1
+2 * 1 0 0 0 0 0 0 0 0 1 1
+2 +24 1 0 1
fe=(25)
+9 -11 1 0 1
+10 +6 1 1
+7 * 1 0 1
+9 +1 1 1
+1 * 1 1
fi=(77)
+4 -12 1 1 0 1 0 0 1
+6 * 1
+5 -15 1 0 1
+4 * 1
+3 +15 1
+2 * 1
+3 +4 1
+2 -19 1 1 0 1 0 0 1
+9 +19 1
+2 * 1 0 1
+3 * 1 0 1
cfi=(10)
cfn=(20)
calls=1 0x26630 +25 
* * 13 1 2 0 0 1 0 0 1 2
+6 +4 1 1
+4 +2 1
+6 * 1
+2 -6 1
+3 +6 1
+5 -2 1 0 1
+9 +2 1 1
+3 * 1
+2 +1 1
+5 * 1 0 0 0 0 0 0 0 0 1 1
fe=(25)

fn=(90)
0x14180 43 178
+4 +2 178
+2 * 178 178

fl=(390)
fn=(1720)
0x19850 29 2 0 0 1 0 0 1
+4 +1 2 2
+9 +1 2 2 0 0 1 0 0 1
+7 +2 2 2 0 0 1 0 0 1
+3 +1 2 0 0 0 0 0 0 0 0 2
+2 +1 2 2 0 0 1 0 0 1
+3 +3 2
+4 +1 2 2
+4 +4 2
+4 +1 2 0 0 0 0 0 0 0 0 2
+2 +1 2 2
+4 +1 2 2

fl=(15)
fn=(32)
0x24110 36 1 0 0 1 0 0 1
fi=(403) /usr/src/debug/glibc/glibc/elf/../sysdeps/unix/sysv/linux/brk_call.h
+4 -12 1
+5 * 1
fe=(15)
+2 +13 1 0 1 0 0 1 0 0 1
+7 +1 1
+3 * 1 0 0 0 0 0 0 0 0 1
+2 +6 1
+2 +1 1 1

fl=(79) /usr/src/debug/glibc/glibc/elf/dl-reloc.c
fn=(468) _dl_protect_relro
0xf670 352 7 0 0 1 0 0 1
+4 +1 7 7 0 0 3
+7 * 7
+3 * 7 0 0 0 0 0 0 0 0 7
+2 +3 7 7 0 1 0 0 1
+7 * 7 7
+7 * 7 7
+3 * 7
+3 * 7
+3 +3 7
+3 -3 7
+3 +3 7
+3 +4 7
+3 * 7 0 0 0 0 0 0 0 0 7 4
+13 -11 7 0 7
+1 +12 7
+3 * 7
+5 * 7
+3 -12 7
+3 * 7 0 7
+1 * 7 0 0 1 0 0 1
+3 +12 7
+3 -12 7
+4 +12 7 0 7
cfi=(141) /usr/src/debug/glibc/glibc/misc/../sysdeps/unix/syscall-template.S
cfn=(470) mprotect
calls=7 0x25630 117 
* * 42 7 0 2 0 0 1 0 0 7 2
+5 * 7
+2 * 7 0 0 0 0 0 0 0 0 7
+2 +6 7 7
+4 * 7 7
+1 * 7 7

fn=(294) _dl_relocate_object_no_relro
0xf7e0 207 7 0 0 1 0 0 1
+4 * 7 0 7
+1 * 7
+3 * 7
+3 * 7 0 7
+2 * 7 0 7
+2 * 7
+3 * 7 0 7
+2 * 7 0 7
+2 * 7 0 7
+1 * 7
+7 * 7 0 7 1 0 0 1
+6 +16 7
+6 -16 7 0 7
+7 +16 7 0 0 0 0 0 0 0 0 7
+2 +3 7 7 0 0 1
+6 * 7
+2 * 7 0 0 0 0 0 0 0 0 7 6
+85 -6 7 0 0 1 0 0 1
+2 +26 7 7
+6 * 7
+3 * 7 0 0 0 0 0 0 0 0 7
+2 +1 7 7 0 1 6 0 1
+8 * 7 0 0 0 0 0 0 0 0 7 4
+6 -30 2 2
+6 * 2
+3 * 2 0 2
+6 +33 2
+2 * 2 0 0 0 0 0 0 0 0 2 2
+6 +7 2 2
+7 * 2
+3 * 2 0 0 0 0 0 0 0 0 2
fi=(6)
+6 78 2 2
+8 * 2 0 0 0 0 0 0 0 0 2 1
+2 * 1 1 0 1 0 0 1
+7 * 1
+3 * 1 0 0 0 0 0 0 0 0 1 1
+2 +6 1 1
+4 * 1 1 0 0 1
+4 * 1 1
+8 * 1 0 0 0 0 0 0 0 0 1 1
+5 +4 1 1 0 0 1 0 0 1
+4 * 1
+3 * 1 0 0 0 0 0 0 0 0 1
+6 +6 1 0 1
+4 +9 1
+3 * 1 0 0 0 0 0 0 0 0 1
+6 +23 1 1 0 0 1
+7 * 1 0 1
fe=(79)
+4 +88 1 0 1
fi=(4)
+10 79 1 1
fe=(79)
+8 296 1
+7 * 1 1 0 0 1
fi=(4)
+3 79 1
+2 * 1
fe=(79)
+3 296 1
+3 * 1 0 0 0 0 0 0 0 0 1
fi=(4)
-26 79 6 6 0 1 0 0 1
fe=(79)
+8 296 6
+7 * 6 6 0 0 2
fi=(4)
+3 79 6
+2 * 6
fe=(79)
+3 296 6
+3 * 6 0 0 0 0 0 0 0 0 6 1
+6 * 6 6 0 0 5
+7 * 6
+3 * 6 0 0 0 0 0 0 0 0 6 1
+6 * 5
+2 * 5
+2 * 5 0 0 1 0 0 1
+4 * 5 5 0 0 4
+4 * 5 5 0 0 1
+7 * 5 5 0 0 2
+4 * 5
+2 * 5
+3 * 5
+3 * 5 0 0 0 0 0 0 0 0 5 2
+37 * 23
+3 * 23 0 23 0 0 23 0 0 19
+3 * 23
+4 * 23
+4 * 23
+3 * 23 0 0 0 0 0 0 0 0 23 1
-7 * 141
+4 * 141
+3 * 141 0 0 0 0 0 0 0 0 141 8
+2 * 164 164 0 1 25 0 1 25
+3 * 164
+3 * 164 0 0 0 0 0 0 0 0 164 22
+2 * 141
+3 * 141
+3 * 141 0 0 0 0 0 0 0 0 141 18
+31 * 2656
+3 * 2656
+4 * 2656
+3 * 2656 0 0 0 0 0 0 0 0 2656 247
-3 * 141 0 0 1 0 0 1
+3 * 141 0 0 0 0 0 0 0 0 141 46
+2 * 1453
+3 * 1453
+4 * 1453
+2 * 1453
+11 * 1453
+3 * 1453 0 0 0 0 0 0 0 0 1453 215
-3 * 2954
+3 * 2954 0 0 0 0 0 0 0 0 2954 320
+2 * 3095 0 3095 0 0 728 0 0 724
+3 * 3095
+3 * 3095 0 0 0 0 0 0 0 0 3095 150
+6 * 2954
+4 * 2954
fi=(4)
+11 79 5 5 0 1 0 0 1
fe=(79)
+8 296 5 5
fi=(4)
+3 79 5
+2 * 5
fe=(79)
+3 296 5 5
+4 * 5
+4 * 5 0 5
+8 * 5 0 5
+7 * 5 0 5
+8 * 5 0 5
+7 * 5 0 5
+4 * 5 0 5
+4 * 5 0 0 1 0 0 1
+3 * 5 0 0 0 0 0 0 0 0 5
-49 * 2 2
+4 * 2
+4 * 2 0 2
+8 * 2 0 2
+7 * 2 0 2
+8 * 2 0 2
+7 * 2 0 2
+4 * 2 0 2
+4 * 2
+3 * 2 0 0 0 0 0 0 0 0 2
+6 * 7 7 0 0 6
+4 * 7
+2 * 7
+3 * 7 0 0 0 0 0 0 0 0 7
+2 * 7
+2 * 7 7 0 0 6 0 0 1
+7 * 7
+4 * 7
+3 * 7 7 0 0 1
+7 * 7 0 7
+4 * 7 7
+4 * 7 0 7
+4 * 7
+3 * 7 0 0 0 0 0 0 0 0 7 6
+2 * 1 1 0 0 1
+4 * 1 0 1
+4 * 1 1
+8 * 1 0 0 0 0 0 0 0 0 1
-8 * 6 6 0 1 1 0 1
+8 * 6 0 0 0 0 0 0 0 0 6 4
+2 * 3 3
+7 * 3
+2 * 3
+5 * 3
+4 * 3 3
+4 * 3 3
+4 * 3
+3 * 3
+4 * 3 3 0 0 1
+4 * 3
+4 * 3 0 3
+4 * 3
+4 * 3
+3 * 3 0 0 1 0 0 1 0 0 3
+6 * 3 3
+7 * 3
+3 * 3 0 0 0 0 0 0 0 0 3 2
+6 * 1 1
+6 * 1 0 1
+4 * 1 0 1
+4 * 1 0 1
fi=(5) /usr/src/debug/glibc/glibc/elf/do-rel.h
+3 53 1 0 1
+7 * 1
+3 * 1
+4 * 1
+3 * 1 0 1
+6 * 1 0 1
fe=(79)
+7 296 1 1
fi=(5)
+4 49 1 1
+4 +4 1 1
+4 +27 1 1
+4 -32 1
+5 +1 1
+4 +1 1
+4 -1 1
+4 +1 1
+5 +3 1
+2 * 1
+3 * 1
+4 -3 1
+4 +3 1 1
+4 * 1 0 1
+7 -3 1 0 1
+8 +30 1
+3 * 1 0 0 0 0 0 0 0 0 1 1
0xfae7 -27 6 0 6
+7 * 6
+3 * 6
+4 * 6
+3 * 6 0 6
+6 * 6 0 6 1 0 0 1
fe=(79)
+7 296 6 6
fi=(5)
+4 49 6 6
+4 +4 6 6
+4 +27 6 6
+4 -32 6
+5 +1 6
+4 +1 6
+4 -1 6
+4 +1 6
+5 +3 6
+2 * 6
+3 * 6
+4 -3 6
+4 +3 6 6
+4 * 6 0 6 1 0 0 1
+7 -3 6 0 6
+8 +30 6
+3 * 6 0 0 0 0 0 0 0 0 6 3
fe=(79)
-73 296 7 7 0 0 1
fi=(5)
+4 49 7 7
+4 +4 7 7
+4 +27 7 7
+4 -32 7
+5 +1 7
+4 +1 7
+4 -1 7
+4 +1 7
+5 +3 7
+2 * 7
+3 * 7
+4 -3 7
+4 +3 7 7
+4 * 7 0 7
+7 -3 7 0 7
+8 +30 7
+3 * 7 0 0 0 0 0 0 0 0 7 6
+6 +3 1
+5 * 1
+3 * 1 0 0 0 0 0 0 0 0 1
+6 -11 1
+3 * 1
+3 * 1
+5 * 1 0 1
+7 * 1
+3 * 1
fi=(6)
+9 509 41 41
+3 * 41
+3 +4 41
+4 * 41 0 0 0 0 0 0 0 0 41
+2 +3 41 41
+7 * 41
+3 * 41 0 0 0 0 0 0 0 0 41 1
+6 +1 41 0 41 0 0 5 0 0 5
fi=(5)
+4 83 41
+4 * 41
+3 * 41 0 0 0 0 0 0 0 0 41 1
+6 +2 41 41 0 1 15 0 1 15
+4 * 41
+2 * 41
+3 * 41 0 0 0 0 0 0 0 0 41 3
0xfdb0 -2 1 1 0 1 0 0 1
+7 * 1
+3 * 1
+3 * 1
+3 +13 1 0 0 1 0 0 1
+3 * 1 0 0 0 0 0 0 0 0 1 1
fe=(79)
+92 296 11 0 0 1 0 0 1
+4 * 11
+4 * 11
+3 * 11 0 0 0 0 0 0 0 0 11 4
fi=(6)
+6 725 7 7
+6 * 7 7
+7 * 7
+3 * 7 7 0 1 0 0 1
+7 * 7 7
+7 * 7
+2 * 7 0 0 0 0 0 0 0 0 7 2
+2 +4 6 6
+7 * 6 0 0 0 0 0 0 0 0 6
fe=(79)
+6 298 7
+3 * 7 0 0 0 0 0 0 0 0 7
+6 * 7
+2 * 7 0 0 0 0 0 0 0 0 7 2
+6 +23 7 0 7
+8 +3 7
+3 * 7 0 0 1 0 0 1 0 0 7
+6 +14 7
+4 * 7 7
+1 * 7 7 0 0 1
+2 * 7 7
+2 * 7 7
+2 * 7 7
+2 * 7 7
+1 * 7 7
fi=(5)
0xff00 105 13 0 0 1 0 0 1
+7 * 13
+3 * 13 0 0 0 0 0 0 0 0 13 9
+6 +12 2 2 0 0 1
+7 * 2
+3 * 2 0 0 0 0 0 0 0 0 2
+6 +3 11 11 0 0 4
+4 * 11 0 11
+7 * 11 11
+8 * 11 0 0 0 0 0 0 0 0 11 9
+15 +2 11 11 0 1 0 0 1
+7 * 11 0 0 0 0 0 0 0 0 11 5
+6 -49 6 0 6
fi=(6)
+11 282 6 0 6
+11 * 6 0 6
+7 * 6 0 6
+7 * 6
+2 * 6
fi=(5)
+11 124 6 6 0 1 4 0 1
+4 * 6 6
+7 +1 6 6
+7 -1 6
+3 +5 6
+3 -5 6
+4 * 6 6 0 0 6 0 0 3
+4 +1 6
+4 * 6
+4 * 6 0 6
+4 +4 6
+4 * 6 0 0 0 0 0 0 0 0 6 1
-48 -5 4685 4685 0 0 1413 0 0 1412
+4 * 4685 4685
+7 +1 4685 4685
+7 -1 4685
+3 +5 4685
+3 -5 4685
+4 * 4685 4685 0 0 1577 0 0 252
+4 +1 4685
+4 * 4685
+4 * 4685 0 4685
+4 +4 4685
+4 * 4685 0 0 0 0 0 0 0 0 4685 9
+6 -2 4609
+5 -1 4609 4609 0 1 0 0 1
+7 * 4609 4609
+3 * 4609 0 4609
+4 +1 4609
+4 * 4609 4609 0 0 1
+7 -1 4609 0 4609
+7 +1 4609
fi=(6)
+4 262 4609
+4 * 4609 0 0 0 0 0 0 0 0 4609 12
+6 +7 4609
+4 * 4609 0 0 0 0 0 0 0 0 4609
+6 +4 4609
+3 * 4609 0 0 0 0 0 0 0 0 4609 2
fe=(79)
+6 170 4609 4609 0 1 2555 0 1 1792
+6 * 4609
+2 * 4609
+4 * 4609 0 0 0 0 0 0 0 0 4609 6
fi=(4)
+6 -18 4593 4593
+6 * 4593
+3 * 4593
fe=(79)
+3 +19 4593
+3 * 4593 0 0 0 0 0 0 0 0 4593 2
+6 +3 4593 4593 0 0 4 0 0 1
+7 * 4593 0 0 0 0 0 0 0 0 4593 930
+6 +8 2858
+4 * 2858 0 0 0 0 0 0 0 0 2858 2
+6 * 2847
+4 * 2847 0 0 1 0 0 1
+4 * 2847 0 0 0 0 0 0 0 0 2847 5
+6 * 4
+5 * 4
+3 * 4 4 4
+4 * 4
+4 +4 4 4
+4 * 4 4
+4 -3 4 0 4
+7 +1 4 0 4
+7 +2 4 4
+4 * 4
+2 * 4 4
+8 * 4 0 0 0 0 0 0 0 0 4
-36 * 2854 2854
+4 * 2854 2854
+4 -3 2854 0 2854
+7 +1 2854 0 2854
+7 +2 2854 2854
+4 * 2854
+2 * 2854 2854
+8 * 2854 0 0 0 0 0 0 0 0 2854 2
+5 * 2858 0 0 1 0 0 1
+3 +1 2858
+3 -1 2858
+3 +2 2858
+3 * 2858 0 0 0 0 0 0 0 0 2858
+2 -1 2858 2858 0 0 129
+4 * 2858
+3 * 2858
+4 * 2858 0 2858
+7 +3 2858 2858
+7 * 2858
+4 * 2858
+3 * 2858 0 2858
+2 * 2858 0 2858
+2 * 2858 0 2858
cfi=(80)
cfn=(302)
calls=2858 0xb780 767 
* * 2063338 519412 188991 80 10575 10 72 4264 6 304352 12499 506 262
+5 +3 2858 2858
+4 +1 2858 2858 0 1 0 0 1
+7 * 2858 0 2858 0 0 1
+7 -4 2858
+3 +3 2858 0 2858
+7 +1 2858 2858
+1 * 2858 2858
fi=(6)
+2 +88 2858
+3 * 2858
+3 * 2858 0 0 0 0 0 0 0 0 2858 4
-6 * 1735
+3 * 1735
+3 * 1735 0 0 0 0 0 0 0 0 1735
+2 +3 4573 4573
+4 -3 4573 4573
+4 * 4573 4573
+4 * 4573
+3 * 4573
+4 * 4573 0 0 0 0 0 0 0 0 4573
-15 * 16 16
+4 * 16 16 0 0 1 0 0 1
+4 * 16
+3 * 16
+4 * 16 0 0 0 0 0 0 0 0 16
+6 * 4589 4589 0 0 17
+3 +4 4589
+2 * 4589 0 0 0 0 0 0 0 0 4589 40
+2 * 31
+3 * 31 0 0 0 0 0 0 0 0 31 1
+6 +26 4578 0 0 1 0 0 1
+4 * 4578 0 0 0 0 0 0 0 0 4578
+6 * 4609
+7 * 4609 4609 0 0 5 0 0 2
+4 * 4609
+3 * 4609 0 0 0 0 0 0 0 0 0 0 4609 781
+8 493 3 3 0 0 1 0 0 1
+3 * 3
+4 * 3 0 0 0 0 0 0 0 0 3
+2 +5 3
+4 * 3 0 0 0 0 0 0 0 0 3
+6 +1 3 3 0 0 1 0 0 1
+4 * 3 3
fi=(5)
+3 114 3
fi=(6)
+4 499 3
+3 * 3 0 3 0 0 2 0 0 2
fi=(5)
+4 114 3
+3 * 3 0 0 0 0 0 0 0 0 3 1
-3 * 11 0 0 1 0 0 1
+3 * 11 0 0 0 0 0 0 0 0 11 2
+2 +3 11 11 0 0 6
+7 * 11
+3 * 11 0 0 0 0 0 0 0 0 11 9
+6 * 2
fe=(79)
+30 296 2 0 0 1 0 0 1
+3 * 2 0 0 0 0 0 0 0 0 2
+6 * 2
+3 * 2 0 2
+4 * 2
fi=(6)
0x10248 418 4576 4576 0 1 0 0 1
+7 * 4576 0 4576 0 0 1392 0 0 550
fi=(5)
+3 141 4576 4576
+3 * 4576
+4 * 4576 0 0 0 0 0 0 0 0 4576
-7 * 11 11
+3 * 11
+4 * 11 0 0 0 0 0 0 0 0 11
-4 * 20
+4 * 20 0 0 0 0 0 0 0 0 20
+6 -19 4691
+4 * 4691 4691
+7 * 4691 0 0 0 0 0 0 0 0 4691 52
+6 +33 6 6
+7 * 6 6
+7 * 6 6 0 1 0 0 1
+7 * 6
+3 * 6 0 0 0 0 0 0 0 0 6 3
+6 +1 3 3
+7 * 3
+3 * 3 0 0 0 0 0 0 0 0 3 1
fe=(79)
+6 +30 3 0 3
+7 * 3
+3 * 3
+3 * 3 0 3
+7 * 3
fi=(5)
+27 -29 82 82 0 1 0 0 1
+4 * 82
+3 * 82 0 0 0 0 0 0 0 0 82 4
+2 +3 82 82
+7 * 82
+4 +4 82 82
+3 -2 82 82
+7 +1 82 82
+7 -3 82 82
+4 +2 82
+4 * 82
+4 * 82 0 82 1 0 0 1
fe=(79)
+4 +8 82 82 0 0 1
+5 * 82
+2 * 82
+4 * 82 0 0 0 0 0 0 0 0 82 21
fi=(6)
0x103ce 282 82 82 0 1 0 0 1
+4 * 82 82
+4 * 82
+3 * 82
+4 * 82 0 0 0 0 0 0 0 0 82
+6 +4 82
+2 * 82 0 0 0 0 0 0 0 0 82 11
+11 471 82 82
+4 * 82 82
+3 +1 82 82
+7 * 82 0 0 0 0 0 0 0 0 82
+2 +1 82 0 82 1 0 0 1 0 0 0 0 82 82
cfi=(16)
cfn=(616) __x86_cpu_features
calls=1 0x194f0 76 
* * 6 2 0 2 0 0 1 0 0 1
cob=(3)
cfi=(176) /usr/src/debug/glibc/glibc/math/../sysdeps/x86_64/fpu/multiarch/s_cosf.c
cfn=(586) cosf
calls=1 0x7d080 28 
* * 10 4 0 1 0 0 1 0 0 1
cob=(3)
cfi=(175) /usr/src/debug/glibc/glibc/math/../sysdeps/x86_64/fpu/multiarch/e_exp.c
cfn=(582) __exp_finite@GLIBC_2.15
calls=1 0x569b0 29 
* * 9 4 0 2 0 0 2 0 0 2 1
cob=(3)
cfi=(174) /usr/src/debug/glibc/glibc/math/../sysdeps/x86_64/fpu/multiarch/e_expf.c
cfn=(578) expf@@GLIBC_2.27
calls=2 0x76dc0 29 
* * 20 8 0 1 0 0 1 0 0 2
cob=(3)
cfi=(146) /usr/src/debug/glibc/glibc/math/../sysdeps/x86_64/fpu/multiarch/s_sin.c
cfn=(574) cos
calls=1 0x6a950 36 
* * 9 4 0 1 0 0 1 0 0 2
cob=(3)
cfi=(173) /usr/src/debug/glibc/glibc/math/../sysdeps/x86_64/fpu/multiarch/e_logf.c
cfn=(570) logf@@GLIBC_2.27
calls=1 0x7b250 29 
* * 10 4 0 2 0 0 2 0 0 1
cob=(3)
cfi=(172) /usr/src/debug/glibc/glibc/math/../sysdeps/x86_64/fpu/multiarch/s_tan.c
cfn=(566) tan
calls=1 0x6bf10 28 
* * 9 4 0 2 0 0 2 0 0 2 1
cob=(3)
cfi=(171) /usr/src/debug/glibc/glibc/math/../sysdeps/x86_64/fpu/multiarch/e_log2.c
cfn=(562) log2@@GLIBC_2.29
calls=1 0x62c80 29 
* * 10 4 0 1 0 0 1 0 0 1
cob=(3)
cfi=(170) /usr/src/debug/glibc/glibc/math/../sysdeps/x86_64/fpu/multiarch/s_sincosf.c
cfn=(558) sincosf
calls=1 0x7ea20 28 
* * 10 4 0 1 0 0 1 0 0 1 1
cob=(3)
cfi=(169) /usr/src/debug/glibc/glibc/math/../sysdeps/x86_64/fpu/multiarch/e_powf.c
cfn=(554) powf@@GLIBC_2.27
calls=1 0x7b690 32 
* * 10 4 0 2 0 0 2 0 0 1
cob=(3)
cfi=(168) /usr/src/debug/glibc/glibc/math/../sysdeps/x86_64/fpu/multiarch/s_ceilf.c
cfn=(552) ceilf
calls=1 0x7c150 33 
* * 7 3 0 1 0 0 1
cob=(3)
cfi=(167) /usr/src/debug/glibc/glibc/math/../sysdeps/x86_64/fpu/multiarch/s_ceil.c
cfn=(550) ceil
calls=1 0x65150 33 
* * 7 3 0 1 0 0 1
cob=(3)
cfi=(166) /usr/src/debug/glibc/glibc/math/../sysdeps/x86_64/fpu/multiarch/e_pow.c
cfn=(546) __pow_finite@GLIBC_2.15
calls=1 0x63780 29 
* * 8 4 0 1 0 0 1 0 0 2 1
cob=(3)
cfi=(165) /usr/src/debug/glibc/glibc/math/../sysdeps/x86_64/fpu/multiarch/e_log2f.c
cfn=(542) log2f@@GLIBC_2.27
calls=1 0x7b0f0 29 
* * 10 4 0 2 0 0 2 0 0 1
cob=(3)
cfi=(164) /usr/src/debug/glibc/glibc/math/../sysdeps/x86_64/fpu/multiarch/s_log1p.c
cfn=(538) __log1p
calls=1 0x68cc0 28 
* * 10 4 0 1 0 0 1 0 0 1
cob=(3)
cfi=(163) /usr/src/debug/glibc/glibc/math/../sysdeps/x86_64/fpu/multiarch/e_log.c
cfn=(534) __log_finite@GLIBC_2.15
calls=1 0x62f80 29 
* * 9 4 0 2 0 0 2 0 0 2
cob=(3)
cfi=(162) /usr/src/debug/glibc/glibc/math/../sysdeps/x86_64/fpu/multiarch/s_atan.c
cfn=(530) atan
calls=1 0x64f80 28 
* * 9 4 0 2 0 0 2 0 0 2 1
cob=(3)
cfi=(156) /usr/src/debug/glibc/glibc/math/../sysdeps/x86_64/fpu/multiarch/e_asin.c
cfn=(526) __acos_finite@GLIBC_2.15
calls=1 0x54690 37 
* * 8 4 0 1 0 0 1 0 0 2 1
cob=(3)
cfi=(161) /usr/src/debug/glibc/glibc/math/../sysdeps/x86_64/fpu/multiarch/s_sinf.c
cfn=(522) sinf
calls=1 0x7e9e0 28 
* * 10 4 0 2 0 0 2 0 0 1
cob=(3)
cfi=(160) /usr/src/debug/glibc/glibc/math/../sysdeps/x86_64/fpu/multiarch/s_fma.c
cfn=(520) fma
calls=1 0x68510 49 
* * 6 3 0 2 0 0 2 0 0 1 1
cob=(3)
cfi=(159) /usr/src/debug/glibc/glibc/math/../sysdeps/x86_64/fpu/multiarch/s_floorf.c
cfn=(518) floorf
calls=1 0x7d8a0 33 
* * 7 3 0 2 0 0 2
cob=(3)
cfi=(158) /usr/src/debug/glibc/glibc/math/../sysdeps/x86_64/fpu/multiarch/s_floor.c
cfn=(516) floor
calls=1 0x67f50 33 
* * 7 3 0 1 0 0 1
cob=(3)
cfi=(157) /usr/src/debug/glibc/glibc/math/../sysdeps/x86_64/fpu/multiarch/s_roundeven.c
cfn=(514) roundeven
calls=1 0x69590 32 
* * 7 3 0 1 0 0 1
cob=(3)
cfi=(156)
cfn=(510) __asin_finite@GLIBC_2.15
calls=1 0x54650 29 
* * 8 4 0 2 0 0 2 0 0 2 1
cob=(3)
cfi=(155) /usr/src/debug/glibc/glibc/math/../sysdeps/x86_64/fpu/multiarch/s_expm1.c
cfn=(506) expm1
calls=1 0x67f00 28 
* * 10 4 0 1 0 0 1 0 0 1
cob=(3)
cfi=(154) /usr/src/debug/glibc/glibc/math/../sysdeps/x86_64/fpu/multiarch/e_exp2f.c
cfn=(502) exp2f@@GLIBC_2.27
calls=1 0x6cad0 29 
* * 10 4 0 2 0 0 2 0 0 1
cob=(3)
cfi=(153) /usr/src/debug/glibc/glibc/math/../sysdeps/x86_64/fpu/multiarch/s_truncf.c
cfn=(500) truncf
calls=1 0x7f0b0 33 
* * 7 3 0 2 0 0 2
cob=(3)
cfi=(152) /usr/src/debug/glibc/glibc/math/../sysdeps/x86_64/fpu/multiarch/e_sinh.c
cfn=(496) __sinh_finite@GLIBC_2.15
calls=1 0x63af0 28 
* * 10 4 0 2 0 0 2 0 0 1
cob=(3)
cfi=(150) /usr/src/debug/glibc/glibc/math/../sysdeps/x86_64/fpu/multiarch/e_atanh.c
cfn=(492) __atanh_finite@GLIBC_2.15
calls=1 0x563c0 28 
* * 10 4 0 1 0 0 1 0 0 1
cob=(3)
cfi=(149) /usr/src/debug/glibc/glibc/math/../sysdeps/x86_64/fpu/multiarch/s_roundevenf.c
cfn=(490) roundevenf
calls=1 0x7e7e0 32 
* * 7 3 0 2 0 0 2
cob=(3)
cfi=(148) /usr/src/debug/glibc/glibc/math/../sysdeps/x86_64/fpu/multiarch/e_atan2.c
cfn=(486) __atan2_finite@GLIBC_2.15
calls=1 0x553d0 28 
* * 9 4 0 2 0 0 2 0 0 2
cob=(3)
cfi=(146)
cfn=(482) sin
calls=1 0x6a900 29 
* * 9 4 0 2 0 0 2 0 0 2 1
cob=(3)
cfi=(145) /usr/src/debug/glibc/glibc/math/../sysdeps/x86_64/fpu/multiarch/s_fmaf.c
cfn=(480) fmaf
calls=1 0x7d9c0 44 
* * 6 3 0 1 0 0 1 0 0 1 1
cob=(3)
cfi=(143) /usr/src/debug/glibc/glibc/math/../sysdeps/x86_64/fpu/multiarch/s_sincos.c
cfn=(476) sincos
calls=1 0x6b3d0 29 
* * 8 4 0 2 0 0 2 0 0 2 1
cob=(3)
cfi=(142) /usr/src/debug/glibc/glibc/math/../sysdeps/x86_64/fpu/multiarch/s_trunc.c
cfn=(474) trunc
calls=1 0x6c1a0 33 
* * 7 3 0 2 0 0 2
cob=(2)
cfi=(140) /usr/src/debug/glibc/glibc/string/../sysdeps/x86_64/multiarch/strspn.c
cfn=(466) strspn
calls=1 0xb05c0 29 
* * 7 3 0 1 0 0 1
cob=(2)
cfi=(138) /usr/src/debug/glibc/glibc/string/../sysdeps/x86_64/multiarch/memchr.c
cfn=(462) memchr
calls=1 0xac600 29 
* * 22 4 0 2 0 0 2 0 0 4
cob=(2)
cfi=(137) /usr/src/debug/glibc/glibc/string/../sysdeps/x86_64/multiarch/memmove.c
cfn=(458) memmove
calls=1 0xad070 29 
* * 22 4 0 4 0 0 4 0 0 6 1
cob=(2)
cfi=(136) /usr/src/debug/glibc/glibc/string/../sysdeps/x86_64/multiarch/strncpy.c
cfn=(454) strncpy
calls=1 0xb0220 29 
* * 20 4 0 1 0 0 1 0 0 4
cob=(2)
cfi=(135) /usr/src/debug/glibc/glibc/string/../sysdeps/x86_64/multiarch/strlen.c
cfn=(450) strlen
calls=1 0xaff50 29 
* * 24 5 0 2 0 0 2 0 0 5 1
cob=(2)
cfi=(134) /usr/src/debug/glibc/glibc/string/../sysdeps/x86_64/multiarch/strcasecmp_l.c
cfn=(446) strcasecmp_l
calls=1 0xad680 31 
* * 22 6 0 3 0 0 3 0 0 5 1
cob=(2)
cfi=(133) /usr/src/debug/glibc/glibc/string/../sysdeps/x86_64/multiarch/strcpy.c
cfn=(442) strcpy
calls=1 0xaf440 29 
* * 19 4 0 1 0 0 1 0 0 5 1
cob=(2)
cfi=(131) /usr/src/debug/glibc/glibc/string/../sysdeps/x86_64/multiarch/memcmp.c
cfn=(438) bcmp
calls=1 0xac680 29 
* * 24 5 0 2 0 0 2 0 0 5
cob=(2)
cfi=(130) /usr/src/debug/glibc/glibc/string/../sysdeps/x86_64/multiarch/strchrnul.c
cfn=(434) strchrnul
calls=1 0xae2c0 31 
* * 24 5 0 2 0 0 2 0 0 5
cob=(2)
cfi=(129) /usr/src/debug/glibc/glibc/string/../sysdeps/x86_64/multiarch/strncase_l.c
cfn=(430) strncasecmp_l
calls=1 0xb0070 31 
* * 22 6 0 2 0 0 2 0 0 5 2
cob=(2)
cfi=(128) /usr/src/debug/glibc/glibc/wcsmbs/../sysdeps/x86_64/multiarch/wcscpy.c
cfn=(428) wcscpy
calls=1 0xc4e00 60 
* * 17 4 0 2 0 0 2 0 0 4
cob=(2)
cfi=(127) /usr/src/debug/glibc/glibc/string/../sysdeps/x86_64/multiarch/strcspn.c
cfn=(426) strcspn
calls=1 0xaf4b0 29 
* * 7 3 0 2 0 0 2
cob=(2)
cfi=(126) /usr/src/debug/glibc/glibc/string/../sysdeps/x86_64/multiarch/strcasecmp.c
cfn=(422) strcasecmp
calls=1 0xad5e0 31 
* * 22 6 0 3 0 0 3 0 0 5 2
cob=(2)
cfi=(125) /usr/src/debug/glibc/glibc/string/../sysdeps/x86_64/multiarch/strncmp.c
cfn=(420) strncmp
calls=1 0xb0180 67 
* * 22 6 0 3 0 0 3 0 0 5 1
cob=(2)
cfi=(123) /usr/src/debug/glibc/glibc/wcsmbs/../sysdeps/x86_64/multiarch/wmemchr.c
cfn=(416) wmemchr
calls=2 0xd2440 31 
* * 44 8 0 2 0 0 2 0 0 8 1
cob=(2)
cfi=(121) /usr/src/debug/glibc/glibc/string/../sysdeps/x86_64/multiarch/stpncpy.c
cfn=(412) stpncpy
calls=1 0xad570 31 
* * 20 4 0 1 0 0 1 0 0 4 1
cob=(2)
cfi=(120) /usr/src/debug/glibc/glibc/wcsmbs/../sysdeps/x86_64/multiarch/wcscmp.c
cfn=(408) wcscmp
calls=1 0xc3e50 30 
* * 24 5 0 2 0 0 2 0 0 5 1
cob=(2)
cfi=(119) /usr/src/debug/glibc/glibc/string/../sysdeps/x86_64/multiarch/strrchr.c
cfn=(404) rindex
calls=1 0xb03a0 28 
* * 24 5 0 2 0 0 2 0 0 5 1
cob=(2)
cfi=(118) /usr/src/debug/glibc/glibc/string/../sysdeps/x86_64/multiarch/strchr.c
cfn=(402) index
calls=1 0xae240 65 
* * 21 4 0 2 0 0 2 0 0 5 1
cob=(2)
cfi=(97) /usr/src/debug/glibc/glibc/wcsmbs/../sysdeps/x86_64/multiarch/wcscat.c
cfn=(398) wcschr
calls=2 0xc3db0 31 
* * 48 10 0 2 0 0 2 0 0 10
cob=(2)
cfi=(116) /usr/src/debug/glibc/glibc/string/../sysdeps/x86_64/multiarch/memrchr.c
cfn=(394) memrchr
calls=1 0xad290 29 
* * 24 5 0 2 0 0 2 0 0 5 1
cob=(2)
cfi=(114) /usr/src/debug/glibc/glibc/string/../sysdeps/x86_64/multiarch/memset.c
cfn=(390) memset
calls=1 0xad310 29 
* * 23 4 0 4 0 0 4 0 0 7 2
cob=(2)
cfi=(113) /usr/src/debug/glibc/glibc/string/../sysdeps/x86_64/multiarch/strcmp.c
cfn=(388) strcmp
calls=1 0xae340 79 
* * 20 6 0 3 0 0 3 0 0 5 1
cob=(2)
cfi=(112) /usr/src/debug/glibc/glibc/string/../sysdeps/x86_64/multiarch/strpbrk.c
cfn=(386) strpbrk
calls=1 0xb0370 29 
* * 7 3 0 1 0 0 1
cob=(2)
cfi=(110) /usr/src/debug/glibc/glibc/string/../sysdeps/x86_64/multiarch/strnlen.c
cfn=(382) strnlen
calls=2 0xb02f0 31 
* * 48 10 0 3 1 0 3 0 0 10 1
cob=(2)
cfi=(109) /usr/src/debug/glibc/glibc/wcsmbs/../sysdeps/x86_64/multiarch/wcsnlen.c
cfn=(378) wcsnlen
calls=1 0xc5940 30 
* * 20 6 0 2 0 0 2 0 0 5 1
cob=(2)
cfi=(107) /usr/src/debug/glibc/glibc/wcsmbs/../sysdeps/x86_64/multiarch/wcslen.c
cfn=(374) wcslen
calls=1 0xc5020 29 
* * 20 6 0 3 0 0 3 0 0 5
cob=(2)
cfi=(106) /usr/src/debug/glibc/glibc/debug/../sysdeps/x86_64/multiarch/mempcpy_chk.c
cfn=(370) __mempcpy_chk
calls=1 0x129680 29 
* * 22 4 0 4 0 0 4 0 0 6 3
cob=(2)
cfi=(105) /usr/src/debug/glibc/glibc/debug/../sysdeps/x86_64/multiarch/memcpy_chk.c
cfn=(366) __memcpy_chk
calls=1 0x129460 29 
* * 22 4 0 4 0 0 4 0 0 6 3
cob=(2)
cfi=(104) /usr/src/debug/glibc/glibc/wcsmbs/../sysdeps/x86_64/multiarch/wcsncpy.c
cfn=(362) wcsncpy
calls=1 0xc58e0 31 
* * 18 4 0 2 0 0 2 0 0 3 1
cob=(2)
cfi=(103) /usr/src/debug/glibc/glibc/string/../sysdeps/x86_64/multiarch/memcpy.c
cfn=(358) memcpy@@GLIBC_2.14
calls=1 0xac770 29 
* * 22 4 0 4 0 0 4 0 0 6 3
cob=(2)
cfi=(101) /usr/src/debug/glibc/glibc/debug/../sysdeps/x86_64/multiarch/memset_chk.c
cfn=(354) __memset_chk
calls=1 0x129790 29 
* * 23 4 0 4 0 0 4 0 0 7 2
cob=(2)
cfi=(100) /usr/src/debug/glibc/glibc/string/../sysdeps/x86_64/multiarch/strcat.c
cfn=(350) strcat
calls=1 0xae1d0 29 
* * 19 4 0 2 0 0 2 0 0 5 1
cob=(2)
cfi=(98) /usr/src/debug/glibc/glibc/wcsmbs/../sysdeps/x86_64/multiarch/wmemset.c
cfn=(346) wmemset
calls=2 0xd2570 31 
* * 36 8 0 2 0 0 2 0 0 8
cob=(2)
cfi=(97)
cfn=(342) wcscat
calls=1 0xc3d50 31 
* * 18 4 0 2 0 0 2 0 0 3 1
cob=(2)
cfi=(95) /usr/src/debug/glibc/glibc/wcsmbs/../sysdeps/x86_64/multiarch/wmemcmp.c
cfn=(338) wmemcmp
calls=1 0xd24c0 29 
* * 24 5 0 2 0 0 2 0 0 5 2
cob=(2)
cfi=(93) /usr/src/debug/glibc/glibc/debug/../sysdeps/x86_64/multiarch/memmove_chk.c
cfn=(334) __memmove_chk
calls=1 0x129570 29 
* * 22 4 0 4 0 0 4 0 0 6 4
cob=(2)
cfi=(91) /usr/src/debug/glibc/glibc/string/../sysdeps/x86_64/multiarch/stpcpy.c
cfn=(330) stpcpy
calls=1 0xad500 33 
* * 19 4 0 2 0 0 2 0 0 5 1
cob=(2)
cfi=(89) /usr/src/debug/glibc/glibc/wcsmbs/../sysdeps/x86_64/multiarch/wcpcpy.c
cfn=(326) wcpncpy
calls=1 0xc39d0 31 
* * 18 4 0 2 0 0 2 0 0 3 1
cob=(2)
cfi=(87) /usr/src/debug/glibc/glibc/string/../sysdeps/x86_64/multiarch/mempcpy.c
cfn=(322) mempcpy
calls=1 0xad180 33 
* * 22 4 0 4 0 0 4 0 0 6 3
cob=(2)
cfi=(85) /usr/src/debug/glibc/glibc/string/../sysdeps/x86_64/multiarch/strncase.c
cfn=(318) strncasecmp
calls=1 0xaffd0 31 
* * 22 6 0 3 1 0 3 0 0 5 1
cob=(2)
cfi=(83) /usr/src/debug/glibc/glibc/string/../sysdeps/x86/cacheinfo.c
cfn=(314) __x86_cacheinfo
calls=1 0xc1b90 86 
* * 30 10 9 3 2 3 3 0 3 3 1
+2 +1 82 82
fi=(5)
+7 156 82
fi=(6)
+4 474 82 0 82 0 0 4 0 0 3
fi=(5)
+5 156 82
+3 * 82 0 0 0 0 0 0 0 0 82 28
+6 * 3 3
fe=(79)
+7 296 3
+4 * 3
+4 * 3
+3 * 3 0 0 0 0 0 0 0 0 3
+6 * 3
+2 * 3
fi=(5)
+11 51 3 3 0 1 0 0 1
fi=(4)
+3 +28 3 3
+8 * 3
fi=(5)
-11 -28 4 4
fi=(4)
+3 +28 4 4
+8 * 4
fi=(6)
0x104cc 347 2 2 0 1 0 0 1
+4 * 2
+3 * 2 0 0 0 0 0 0 0 0 2 1
+6 +11 2 2
+7 -9 2 2 0 0 1 0 0 1
+4 * 2 2
+4 +9 2 0 2
fi=(5)
+3 141 2 2
+3 * 2
+4 * 2 0 0 0 0 0 0 0 0 2 2
fi=(6)
0x105e7 341 4 0 0 1 0 0 1
+3 * 4 0 0 0 0 0 0 0 0 4
+6 +1 4 4 0 0 4
+7 * 4 4
+7 * 4 0 4 1 0 3 1 0 2
fi=(5)
+3 141 4 4
+3 * 4
fi=(6)
0x10676 395 16 16 0 1 0 0 1
+4 * 16
+3 * 16 0 0 1 0 0 1 0 0 16
+6 +2 16 16
+7 * 16
+4 * 16
+4 * 16 0 0 0 0 0 0 0 0 16
+6 +4 16 16
+4 +9 16 16
+7 -9 16
+3 * 16 16 0 0 2 0 0 2
+4 +9 16 0 16 0 0 6 0 0 6
fi=(5)
+3 141 16 16
+3 * 16
fi=(6)
+5 455 11 11
+4 * 11
+3 * 11 0 0 1 0 0 1 0 0 11
+6 +5 11 11
+5 * 11 11
+4 -1 11
+3 * 11 0 11
+7 * 11 11
+7 +1 11
+3 * 11
+4 -1 11 0 11
cfi=(30)
cfn=(84)
calls=11 0x26440 210 
* * 293 90 79 4 25 17 3 5 17 42 8
+6 +2 11 11
+4 * 11 11
+5 * 11 11
+7 * 11
+3 * 11 0 0 0 0 0 0 0 0 11 2
+2 +1 11 0 0 1 0 0 1
+3 * 11 0 0 0 0 0 0 0 0 11 5
+82 -44 2806 2806 0 1 339 0 1 339
+4 * 2806
fe=(79)
+25 187 16
fi=(6)
+3 +95 16
+3 * 16
fe=(79)
+10 +14 141 0 0 1 0 0 1
+7 * 141
fi=(5)
+9 131 82 82
+8 +2 82 0 82
+7 -2 82 0 0 0 0 0 0 0 0 82 6
+6 +1 3 0 3
+7 * 3
+84 -60 11 0 0 1 0 0 1
+6 * 11
fi=(6)
0x10950 287 31 31 0 1 0 0 1
+7 * 31 0 0 0 0 0 0 0 0 31
+6 +3 31
+3 * 31 0 0 0 0 0 0 0 0 31
+6 +1 31 31
+8 * 31
+2 * 31 0 0 0 0 0 0 0 0 31
0x109f0 +11 31 0 31 1 0 0 1
+7 * 31 0 31
+7 +7 31 0 31 1 0 0 1 0 0 0 0 31 31
cob=(2)
cfi=(98)
cfn=(346)
calls=1 0xd2570 31 
* * 18 4 0 0 0 0 0 0 0 4
cob=(2)
cfi=(93)
cfn=(334)
calls=1 0x129570 29 
* * 22 4 0 0 0 0 0 0 0 6
cob=(2)
cfi=(120)
cfn=(408)
calls=1 0xc3e50 30 
* * 24 5 0 0 4 0 0 0 0 5
cob=(2)
cfi=(136)
cfn=(454)
calls=1 0xb0220 29 
* * 20 4 0 0 0 0 0 0 0 4
cob=(2)
cfi=(131)
cfn=(438)
calls=1 0xac680 29 
* * 24 5 0 0 2 0 0 0 0 5 1
cob=(2)
cfi=(113)
cfn=(388)
calls=1 0xae340 79 
* * 20 6 0 1 3 0 0 0 0 5 1
cob=(2)
cfi=(118)
cfn=(402)
calls=1 0xae240 65 
* * 21 4 0 0 0 0 0 0 0 5 1
cob=(2)
cfi=(140)
cfn=(466)
calls=1 0xb05c0 29 
* * 7 3 0 0 1
cob=(2)
cfi=(179) /usr/src/debug/glibc/glibc/debug/../sysdeps/x86_64/multiarch/wmemset_chk.c
cfn=(600) __wmemset_chk
calls=1 0x12a9a0 29 
* * 18 4 0 2 2 0 2 0 0 4 1
cob=(2)
cfi=(178) /usr/src/debug/glibc/glibc/string/../sysdeps/x86_64/multiarch/strstr.c
cfn=(598) strstr
calls=1 0xb0f50 52 
* * 7 3 0 1 1 0 1
cob=(2)
cfi=(123)
cfn=(416)
calls=1 0xd2440 31 
* * 22 4 0 0 0 0 0 0 0 4 1
cob=(2)
cfi=(105)
cfn=(366)
calls=1 0x129460 29 
* * 22 4 0 0 1 0 0 0 0 6 3
cob=(2)
cfi=(125)
cfn=(420)
calls=1 0xb0180 67 
* * 22 6 0 0 0 0 0 0 0 5 1
cob=(2)
cfi=(177) /usr/src/debug/glibc/glibc/time/../sysdeps/unix/sysv/linux/gettimeofday.c
cfn=(596) gettimeofday
calls=1 0xd8b40 41 
* * 7 3 0 1 1 0 1
cob=(2)
cfi=(95)
cfn=(338)
calls=1 0xd24c0 29 
* * 24 5 0 0 2 0 0 0 0 5 1
cob=(2)
cfi=(138)
cfn=(462)
calls=1 0xac600 29 
* * 22 4 0 0 0 0 0 0 0 4 1
cob=(2)
cfi=(107)
cfn=(374)
calls=1 0xc5020 29 
* * 20 6 0 1 0 0 0 0 0 5 1
cob=(2)
cfi=(101)
cfn=(354)
calls=2 0x129790 29 
* * 46 8 0 0 0 0 0 0 0 14 2
cob=(2)
cfi=(137)
cfn=(458)
calls=3 0xad070 29 
* * 66 12 0 0 0 0 0 0 0 18 3
cob=(2)
cfi=(103)
cfn=(358)
calls=3 0xac770 29 
* * 66 12 0 0 1 0 0 0 0 18 3
cob=(2)
cfi=(114)
cfn=(390)
calls=3 0xad310 29 
* * 69 12 0 0 3 0 0 0 0 21 2
cob=(2)
cfi=(135)
cfn=(450)
calls=3 0xaff50 29 
* * 72 15 0 0 4 0 0 0 0 15 2
+3 * 31 31
+7 * 31 31
+7 * 31
+3 +3 31
+4 * 31 0 0 0 0 0 0 0 0 31 9
fi=(5)
+42 73 2 0 2 1 0 0 1
+11 +98 2 2
+7 * 2 0 0 0 0 0 0 0 0 2 1
+6 * 1 0 1
+7 * 1 0 1
+7 * 1 0 1
+7 * 1
+3 +2 1 1 0 0 1 0 0 1
+4 * 1 1
+7 * 1
+3 +3 1 0 0 1 0 0 1
+3 -3 1
+4 * 1
+4 * 1
+4 * 1 0 1
+4 +3 1
+4 * 1 0 0 0 0 0 0 0 0 1
-37 -3 5 5 0 0 2 0 0 2
+4 * 5 5
+7 * 5
+3 +3 5
+3 -3 5
+4 * 5
+4 * 5
+4 * 5 0 5
+4 +3 5
+4 * 5 0 0 0 0 0 0 0 0 5
+6 -2 6 6
+7 * 6 6
+3 +10 6 0 6
fi=(6)
+4 +78 6
+4 * 6 0 0 0 0 0 0 0 0 6
+6 +7 6
+4 * 6 0 0 0 0 0 0 0 0 6
+6 +4 6
+3 * 6 0 0 1 0 0 1 0 0 6
fe=(79)
+6 170 6 6 0 0 3 0 0 3
+6 * 6
+2 * 6
+4 * 6 0 0 0 0 0 0 0 0 6 2
fi=(4)
+6 -18 6 6
+6 * 6
+3 * 6
fe=(79)
+3 +19 6
+3 * 6 0 0 0 0 0 0 0 0 6
+6 +3 6 6 0 0 1
+7 * 6 0 0 0 0 0 0 0 0 6
+6 +8 6
+4 * 6 0 0 1 0 0 1 0 0 6
+6 * 6
+4 * 6
+4 * 6 0 0 0 0 0 0 0 0 6 1
+22 +4 6 6
+4 * 6 6
+4 -3 6 0 6
+7 +1 6 0 6
+7 +2 6 6
+4 * 6
+2 * 6 6 0 1 0 0 1
+8 * 6 0 0 0 0 0 0 0 0 6 2
+5 * 6 0 6
+7 * 6
+3 +4 6
+3 * 6
+3 * 6 0 6
+2 * 6 6
+7 * 6
+4 -4 6
+3 +4 6 0 6
+2 * 6 0 6
cfi=(80)
cfn=(302)
calls=6 0xb780 767 
* * 3611 985 365 0 35 0 0 5 0 575 43 1
+5 +3 6 6
+4 +1 6 6
+7 * 6 0 6 1 0 0 1
+7 -4 6
+3 +3 6 0 6
+7 +1 6 6
+1 * 6 6
fi=(6)
+1 +88 6
+3 * 6
+3 * 6 0 0 0 0 0 0 0 0 6 2
+2 +3 3 3
+4 -3 3 3
+4 * 3 3
+4 * 3
+3 * 3
+4 * 3 0 0 0 0 0 0 0 0 3
+6 * 3 3
+3 +4 3
+2 * 3 0 0 0 0 0 0 0 0 3 2
+11 +26 6 0 0 1 0 0 1
+4 * 6 0 0 0 0 0 0 0 0 6
+6 * 6
+7 * 6 6 0 0 1 0 0 1
+4 * 6
+3 * 6 0 0 0 0 0 0 0 0 0 0 6 1
fe=(79)
+66 -62 5 0 0 1 0 0 1
+2 * 5 0 0 0 0 0 0 0 0 5
+6 +7 5 5 0 0 1
+7 * 5
+3 * 5 0 0 0 0 0 0 0 0 5 1
+6 -9 5 0 5
+10 * 5 0 0 1 0 0 1
fi=(6)
+13 418 6 0 6 0 0 1 0 0 1
fi=(5)
+3 187 6 6
+3 * 6
+4 * 6 0 0 0 0 0 0 0 0 6
+6 -16 6
+4 * 6 6
+7 * 6 0 0 0 0 0 0 0 0 6 5
+6 +31 1 1
+7 * 1 1
+7 * 1 1
+7 * 1 0 0 1 0 0 1
+3 * 1 0 0 0 0 0 0 0 0 1 1
0x110e8 -15 82
fi=(6)
+3 +95 82
+3 * 82
fe=(79)
+10 175 1735 1735 0 1 0 0 1
+7 * 1735 0 0 1 0 0 1
+4 * 1735 0 0 0 0 0 0 0 0 1735
+6 * 1735
+4 * 1735
+4 * 1735 0 0 0 0 0 0 0 0 1735 5
+2 * 2
+5 * 2 2 2
+4 * 2 0 0 0 0 0 0 0 0 2 2
+6 * 2
+3 * 2 0 0 0 0 0 0 0 0 2
+6 +3 1735 1735
+7 -1 1735 0 1735
+8 +19 1735 1735
+7 -18 1735 0 1735
+4 * 1735
+5 -3 1733
+2 * 1733 0 0 0 0 0 0 0 0 1733 2
fi=(5)
+4 72 2843 0 0 1 0 0 1
+3 * 2843
0x1147e +1 6 0 0 1 0 0 1
+3 * 6
fe=(79)

fn=(292) _dl_relocate_object
0x11f90 343 8 0 0 1 0 0 1
+4 +1 8 8
+7 * 8 0 0 0 0 0 0 0 0 8 3
+2 * 2 2
+3 -1 6 0 6
+1 * 6
+3 * 6
+4 +3 6 0 6
+4 * 6 0 6
cfn=(294)
calls=6 0xf7e0 207 
* * 2543210 642954 238160 312 16820 2194 301 8130 1338 393987 14919 5234 1156
+5 +1 6 6
+4 +1 6 6 0 0 2
+1 -1 6
cfn=(468)
calls=6 0xf670 +5 
* * 210 48 18 5 3 0 4 0 0 24 5

fl=(47)
fn=(606) _dl_allocate_tls_init
0x13800 612 1 0 0 1 0 0 1
+4 * 1 0 1
+1 * 1
+3 * 1
+4 * 1 0 1
+4 * 1 0 1
+4 +1 1
+3 * 1 0 0 0 0 0 0 0 0 1
+6 * 1 0 1
+4 +4 1 1 0 0 1
+4 +6 1
+7 * 1 0 1
+4 +3 1
+7 * 1 0 1
+4 * 1 0 1
+4 * 1 0 1 1 0 0 1
+4 -9 1 0 1
+4 +6 1 1 1 0 0 0 0 0 0 0 0 1 1
cfi=(25)
cfn=(90)
calls=1 0x14180 43 
* * 3 1
+6 +3 1 1
+7 * 1 1 0 0 1
+4 * 1 0 0 0 0 0 0 0 0 1
+6 +36 1 1
+7 -43 1
+2 +43 1
+3 * 1
+6 -19 1
+3 * 1
+3 * 1
+4 * 1 1
+3 * 1 0 0 1 0 0 1 0 0 1 1
+6 * 1
+3 * 1
+3 * 1
+3 * 1 0 1
+4 * 1
+3 * 1
+3 * 1
+10 +9 3
+3 * 3
+4 * 3 3
+5 +1 3
+3 * 3 0 0 0 0 0 0 0 0 3
+6 +6 3 3
+5 * 3 3 0 1 0 0 1
+7 * 3 0 0 0 0 0 0 0 0 3
+6 +3 3 3 0 0 2
+7 -2 3
+3 +6 3 3
+7 -6 3
+4 +2 3 3 0 0 1
+8 * 3
+3 +4 3
+4 -4 3
+4 * 3 3
+4 * 3 0 3 0 0 1 0 0 1
+3 +3 3
+4 * 3 0 0 0 0 0 0 0 0 3
+6 +4 3 0 0 1 0 0 1
+3 * 3 0 0 0 0 0 0 0 0 3
+6 +1 3 3
+7 * 3 3 0 0 1
+7 * 3
+3 * 3 0 0 0 0 0 0 0 0 3
+6 +2 3
+3 * 3 0 0 0 0 0 0 0 0 3
+6 +1 3 3
+4 * 3
+3 +9 3 0 3
+3 +10 3 3
+5 * 3 0 0 0 0 0 0 0 0 3
+8 * 3 0 3 1 0 0 1
+4 +2 3 3
+7 * 3 0 3
+4 * 3 0 3
+4 * 3 0 3
cfi=(30)
cfn=(142)
calls=3 0x26430 197 
* * 47 7 4 1 2 2 0 0 2 12 5
+6 * 3 3
+4 * 3 3
+4 * 3
+2 * 3
+3 * 3
+3 * 3 0 3
cfi=(10)
cfn=(20)
calls=3 0x26630 137 
* * 52 3 12 4 0 1 0 0 1 8 3
+6 +3 3 3
+4 * 3 3
+4 * 3 0 0 0 0 0 0 0 0 3
+2 +1 3 0 3
+7 +4 3 3
+7 -59 3
+4 * 3
+4 * 3 3
+3 * 3 0 0 0 0 0 0 0 0 3
+2 +6 4 0 0 1 0 0 1
+3 * 4 0 0 0 0 0 0 0 0 4 3
+6 +59 1
+7 * 1 1 1 0 0 0 0 0 0 0 0 1 1
cfi=(25)
cfn=(90)
calls=1 0x14180 43 
* * 3 1
+6 +3 1 1
+4 * 1 1
+4 * 1 1
+4 * 1 1
+4 * 1 0 1
+3 * 1 1 0 1 0 0 1
+4 * 1 1
+4 +3 1 1
+4 * 1 1
+1 * 1 1

fn=(276) _dl_allocate_tls_storage
0x13720 517 1 0 0 1 0 0 1
+4 * 1 0 1
+1 * 1
+3 * 1
+4 * 1 0 1
fi=(75) /usr/src/debug/glibc/glibc/elf/./dl-tls_block_align.h
+4 23 1 1
fe=(47)
+7 +74 1 1 1 0 0 0 0 0 0 1
+8 523 1 1 0 1 0 0 1
+7 * 1
fi=(29)
+5 56 1 1 1 0 0 0 0 0 0 0 0 1 1
cfi=(28)
cfn=(80)
calls=1 0xc690 -20 
* * 105 21 18 0 0 0 0 0 0 11 7
fe=(47)
+6 525 1
+3 * 1 0 0 0 0 0 0 0 0 1
fi=(75)
+2 41 1 1
+7 * 1 0 1
+4 +6 1
+2 * 1
+3 * 1
+5 * 1
+3 * 1
+3 +5 1
+2 -5 1
+3 +5 1
+5 -4 1 0 0 1 0 0 1
+8 +4 1 0 1
cfi=(10)
cfn=(20)
calls=1 0x26630 +85 
* * 273 1 148 1 0 37 0 0 37 39 5
fe=(47)
+6 535 1 0 1 0 0 1 0 0 1
fi=(75)
+7 52 1
fe=(47)
+3 537 1 0 1
cfn=(280) allocate_dtv
calls=1 0x12f60 -77 
* * 48 10 9 2 0 0 2 0 0 5 2 2 1
+5 * 1
+3 +1 1
+3 * 1 0 0 0 0 0 0 0 0 1
+2 +2 1 1
+7 * 1 0 0 0 0 0 0 0 0 1
+2 103 1 1 1 0 0 0 0 0 0 1
+8 * 1 1
+4 545 1
+3 * 1 1
+4 * 1 1
+1 * 1 1

fn=(280)
0x12f60 460 1 0 1 1 0 0 1
fi=(29)
+1 44 1
fe=(47)
+5 460 1
+3 * 1 0 1
+2 * 1
+3 * 1 0 1
+1 +5 1 1
+7 +5 1
fi=(29)
+4 44 1 1 1 0 0 0 0 0 0 0 0 1 1
cfi=(28)
cfn=(76)
calls=1 0xc7e0 +36 
* * 28 4 3 0 0 0 0 0 0 4 2 1
fe=(47)
+6 471 1 0 0 1 0 0 1
+3 * 1 0 0 0 0 0 0 0 0 1
+2 -2 1
+4 +11 1
+4 -11 1 0 1
+4 +11 1 0 1
+5 * 1
+3 +6 1 1
+1 * 1 1
+2 * 1 1
+1 * 1 1

fn=(472) _dl_add_to_slotinfo
0x13e80 1177 3 0 0 1 0 0 1
+4 +1 3 3
+8 * 3 0 0 0 0 0 0 0 0 3
+2 * 3 3
+7 * 3 0 0 0 0 0 0 0 0 3 2
+2 -1 3 0 3
+1 * 3
+3 * 3
+3 * 3
+3 * 3
+4 +9 3 3
+7 +3 3 3 0 0 1
+7 +1 3
+28 +4 3 3 0 1 1 0 1
+3 * 3
+3 * 3 0 0 0 0 0 0 0 0 3
+2 +45 3
+5 -9 3
+3 * 3 0 0 0 0 0 0 0 0 3 2
+17 +3 3
+4 * 3 0 3 0 0 2 0 0 1
+5 +1 3 3
+7 * 3 0 0 1 0 0 1
+4 * 3 0 3
+5 +5 3
+3 -3 3 0 3
+8 +4 3 3
+1 * 3 3

fn=(244)
0x133a0 161 3 0 0 1 0 0 1
+4 * 3 0 3
+1 * 3
+3 * 3
+4 +3 3 3
+7 * 3 3
+7 * 3 0 0 0 0 0 0 0 0 3
+2 +53 3
+4 +2 3 0 3 1 0 0 1
+7 +3 3 0 3
+7 +1 3 3
+1 * 3 3

fn=(270) _dl_tls_static_surplus_init
0x13300 133 1 0 0 1 0 0 1
+4 * 1 0 1
+1 +3 1
+2 -3 1
+3 * 1 0 1
+2 * 1
+3 +3 1
+5 -3 1 0 1
+1 +3 1
+4 -3 1
+4 +3 1 0 1
cfi=(12)
cfn=(30)
calls=1 0x14f60 435 
* * 17 4 1 0 2 0 0 2 0 3
+5 * 1 1
+4 +1 1
+2 * 1
+4 * 1
+5 * 1 0 1
cfi=(12)
cfn=(30)
calls=1 0x14f60 435 
* * 17 4 1 0 1 0 0 1 0 3
+5 +1 1
+5 +2 1
+5 -3 1 1 0 1 0 0 1
+4 +1 1
+3 * 1
+4 +2 1
+3 * 1
+3 * 1 0 0 0 0 0 0 0 0 1
+2 +3 1
+3 +2 1 0 1
+7 -26 1
+4 * 1
+3 * 1
+3 +28 1
+7 * 1
+2 * 1 0 1
+7 +1 1
+4 * 1 1
+1 * 1 1
+2 * 1 1
+1 * 1 1

fn=(272) _dl_determine_tlsoffset
0x13510 251 1 0 0 1 0 0 1
+4 * 1 0 1
+1 * 1
+3 * 1
+4 +37 1 1
+7 -37 1 0 1
+4 * 1 0 1
+4 * 1 0 1
+4 +37 1
+3 * 1 0 0 0 0 0 0 0 0 1
+6 * 1 0 1
+4 -2 1
+2 -32 1 0 0 1 0 0 1
+3 -1 1
+3 -1 1
+6 * 1
+6 +63 3
+4 * 3
+2 * 3
+3 +3 3
+3 -3 3
+3 * 3
+3 * 3
+3 * 3
+3 * 3
+4 +5 3
+3 +7 3 0 3
+7 -7 3
+3 * 3
+3 * 3
+4 * 3
+4 +3 3
+3 -34 3 3
+4 -1 3
+3 * 3 0 0 0 0 0 0 0 0 3
-7 +1 4 4
+4 -1 4
+3 * 4 0 0 0 0 0 0 0 0 4 1
+2 +3 7 7 0 1 3 0 1
+7 * 7
+3 * 7 0 0 0 0 0 0 0 0 7 3
+2 +4 3 3
+7 -1 3 3
+7 +5 3
+3 -5 3
+3 +1 3
+4 -1 3
+3 +3 3
+3 * 3
+4 +2 3 0 0 1 0 0 1
+3 * 3
+3 * 3 0 0 0 0 0 0 0 0 3 3
+60 -11 1 1 0 1 0 0 1
fi=(74) /usr/src/debug/glibc/glibc/elf/../sysdeps/unix/sysv/linux/dl-extra_tls.h
+4 32 1
+2 * 1
+4 * 1
+5 +12 1
+6 -12 1 0 1
cfi=(12)
cfn=(30)
calls=1 0x14f60 435 
* * 18 4 1 0 2 0 0 2 0 3 2
+5 +1 1 1
+3 * 1
+2 * 1 0 0 0 0 0 0 0 0 1
+2 +4 1 1
+6 * 1
+5 * 1 1
+7 * 1
+2 * 1
+3 * 1
+2 * 1
+5 * 1 0 0 1 0 0 1
+3 * 1
+3 * 1
+3 +14 1
+2 * 1
+4 * 1
+5 * 1 0 1
cfi=(12)
cfn=(30)
calls=1 0x14f60 435 
* * 18 4 1 0 0 0 0 0 0 3 2
+5 +1 1 1
+3 * 1
+2 * 1 0 0 0 0 0 0 0 0 1 1
fe=(47)
+19 350 1
+5 * 1
+2 * 1
+3 * 1
+3 * 1
+3 * 1 0 0 1 0 0 1
+3 +14 1
+2 +91 1 0 1
+7 +1 1 1
+4 -95 1
+3 +2 1 0 1
+7 +93 1 1
+4 -95 1
+3 * 1 0 1
+7 +3 1 1
+7 * 1
+5 * 1
+3 +92 1 1
+4 -92 1
+3 * 1
+3 * 1
+3 +2 1
+7 * 1 0 1
+7 +90 1 1
+1 * 1 1
fi=(74)
+5 54 1 1 0 1 0 0 1
fe=(47)
+7 344 1
+3 * 1
+3 * 1
+4 +6 1
+3 * 1 0 0 0 0 0 0 0 0 1
+2 * 1

fn=(148) _dl_count_modids
0x134a0 228 1 0 0 1 0 0 1
+4 +2 1 1
+7 * 1 0 0 0 0 0 0 0 0 1
+2 +1 1 1 0 0 1 0 0 1
+7 +15 1
+3 * 1 1

fn=(604) _dl_tls_initial_modid_limit_setup
0x13e30 1138 1 0 0 1 0 0 1
+4 +1 1 1
+7 +3 1
+5 * 1 1 0 1 0 0 1
+3 * 1
+4 * 1 0 0 0 0 0 0 0 0 1 1
+9 +6 3 3
+7 * 3 0 0 0 0 0 0 0 0 3
+2 -6 3
+4 * 3
+3 * 3 0 0 0 0 0 0 0 0 3
+2 +2 4
+3 * 4
+4 * 4 4 0 0 1 0 0 1
+5 +1 4
+3 * 4 0 0 0 0 0 0 0 0 4 3
+2 +6 1 0 1 0 0 1
+7 +1 1 1

fl=(64)
fn=(212)
0x25210 25 6 0 0 1 0 0 1
+4 +1 6
+5 * 6
+2 * 6
+6 * 6 0 0 0 0 0 0 0 0 6
+2 +1 6 6

fl=(378) /usr/src/debug/glibc/glibc/elf/dl-fini.c
fn=(1636) _dl_fini
0x5ea0 26 1 0 0 1 0 0 1
+4 * 1 0 1
+1 * 1
+3 * 1 0 1
+2 * 1 0 1
+2 * 1 0 1
+2 +17 1
+3 -17 1 0 1
+2 * 1 0 1
+1 * 1
+4 * 1 0 1
+7 +20 1 1 0 1 1 0 1 1
+7 * 1
+3 * 1
+4 * 1 0 0 0 0 0 0 0 0 1
+2 * 1
+4 * 1
+7 * 1
+3 * 1
+3 +3 1
+7 * 1 1 1 0 1 0 0 1 0 0 0 1 1
cob=(2)
cfi=(379) /usr/src/debug/glibc/glibc/nptl/pthread_mutex_lock.c
cfn=(1638) pthread_mutex_lock@@GLIBC_2.2.5
calls=1 0x9ba40 +22 
* * 38 9 5 5 1 0 5 0 0 8 1
+6 +2 1 1 0 0 1 0 0 1
+3 +3 1
+2 * 1 0 0 0 0 0 0 0 0 1
+2 +2 1 1
+3 * 1 1 0 0 1
+7 * 1 0 0 1 0 0 1
+3 * 1
+3 * 1 0 0 0 0 0 0 0 0 1 1
+15 -10 1
+4 * 1
+4 * 1
+4 * 1 0 0 0 0 0 0 0 0 1
+2 +95 1 1
+4 * 1 0 0 0 0 0 0 0 0 1
+2 * 1 1
+6 * 1 0 1
+7 +2 1
+6 -2 1
+2 * 1 0 0 0 0 0 0 0 0 1
+2 +6 1 1
+7 * 1 0 0 0 0 0 0 0 0 1
+6 +7 1
+4 * 1 1
+1 * 1 1
+2 * 1 1
+2 * 1 1
+2 * 1 1
+2 * 1 1
+1 * 1 1
+7 -91 1 0 0 1 0 0 1
+5 * 1
+3 * 1 0 1
+3 -2 1 0 1
+4 +2 1 0 1
cfi=(50)
cfn=(656) _dl_audit_activity_nsid
calls=1 0x19da0 -22 
* * 8 3 0 2 1 0 2 1 0 1 1
+5 +5 1 1
+3 * 1
+3 * 1
+3 * 1 0 0 1 0 0 1
+8 * 1
+4 * 1
+4 * 1
+3 * 1
+7 * 1
+3 * 1
+3 * 1 0 0 0 0 0 0 0 0 1 1
+22 * 1
+5 * 1
+3 * 1
+3 * 1 0 0 0 0 0 0 0 0 1
+2 * 1 0 1 1 0 0 1
+5 +6 1 1
+3 -6 1
+3 +4 1
+3 +2 1
+2 * 1
+3 * 1 0 0 0 0 0 0 0 0 1 1
+25 +2 7 7 0 0 7 0 0 4
+4 * 7 0 0 0 0 0 0 0 0 7 1
+2 +2 7
+2 * 7 0 0 0 0 0 0 0 0 7 1
+6 +2 7
+2 * 7 0 7
+4 +1 7 0 7 1 0 7 1 0 6
+6 +1 7
+3 +4 7 0 7 0 0 6 0 0 4
+7 -12 7 7 0 0 3 0 0 2
+4 * 7
+3 * 7 0 0 0 0 0 0 0 0 7 4
+2 +19 1
+2 * 1
+3 * 1
+3 * 1 0 0 0 0 0 0 0 0 1
+2 * 1
+2 * 1 0 0 0 0 0 0 0 0 1
+6 +1 1
+3 * 1
+3 * 1
+2 * 1 0 0 0 0 0 0 0 0 1 1
+17 +6 1 0 0 1 0 0 1
+3 * 1
+3 * 1
+5 * 1 0 1
+3 * 1 0 1
+4 * 1 0 1
cfi=(14)
cfn=(252)
calls=1 0x12890 298 
* * 502 131 61 18 12 2 18 11 0 107 43
+5 +9 1
+7 * 1 1 1 0 0 0 0 0 0 0 0 1 1
cob=(2)
cfi=(380) /usr/src/debug/glibc/glibc/nptl/pthread_mutex_unlock.c
cfn=(1640) pthread_mutex_unlock@@GLIBC_2.2.5
calls=1 0x9d530 357 
* * 34 7 5 4 0 0 4 0 0 8 2
+6 +5 1 1
+3 * 1
+2 * 1 0 0 0 0 0 0 0 0 1
+2 * 1 1
+4 * 1
+4 * 1
+9 * 7
+4 +14 7 0 7
+8 -14 7
+3 * 7 0 0 0 0 0 0 0 0 7 1
+2 +2 7 7 0 1 0 0 1
+3 +2 7 7
+8 * 7 0 0 0 0 0 0 0 0 7 2
+2 +2 7
+3 * 7 0 7
+4 * 7 0 7
+4 * 7 0 7
cfi=(381)
cfn=(1644)
calls=7 0x1fb0 -96 
* * 2357 847 382 76 105 6 76 92 2 382 85 75 44
+5 +3 7
+3 * 7 0 7
cfi=(50)
cfn=(1668) _dl_audit_objclose
calls=7 0x19f90 -26 
* * 35 14 0 1 0 0 1 0 0 7
+5 * 7 7
+4 * 7 7
+4 * 7
+2 +8 1 0 0 1 0 0 1
+3 * 1 0 0 0 0 0 0 0 0 1 1
+10 +4 1
+2 * 1
+3 * 1 0 1
cfi=(50)
cfn=(656)
calls=1 0x19da0 -94 
* * 8 3 0 0 0 0 0 0 0 1 1
+5 * 1 1
+4 * 1

fl=(10)
fn=(20)
0x26630 137 12 0 0 2 0 0 1
+4 +1 12
+4 * 12
+3 * 12
+4 * 12 0 0 2 0 0 1
+4 * 12
+5 +5 12
+4 +1 12 0 0 0 0 0 0 0 0 12 7
+6 +3 9
+4 +1 9 0 0 0 0 0 0 0 0 9 5
+2 +2 2 0 2 0 0 2 0 0 2
+5 +1 2 0 2
+3 +1 2 2
+10 +84 7 0 7 0 0 5 0 0 5
+3 +1 7 0 7
+4 +12 7
+3 +3 7
+4 +1 7 0 0 0 0 0 0 0 0 7
+2 +12 7 0 7 0 0 3 0 0 3
+4 +1 7 0 7 4 0 2 1 0 2
+4 +13 7
+4 +1 7
+7 +2 7 0 0 0 0 0 0 0 0 7
+2 +3 6
+4 +3 6
+4 * 6
+9 +3 6 0 6 0 0 1 0 0 1
+3 +1 6 0 6
+4 +1 6 0 6 0 0 2 0 0 2
+4 +1 6 0 6 0 0 1 0 0 1
+4 +1 6
+4 +1 6
+3 +1 6 0 0 0 0 0 0 0 0 6 4
-22 -6 135 0 135 0 0 74 0 0 74
+3 +1 135 0 135
+4 +1 135 0 135 0 0 59 0 0 59
+4 +1 135 0 135 0 0 2 0 0 2
+4 +1 135
+4 +1 135
+3 +1 135 0 0 0 0 0 0 0 0 135 22
+2 +3 7 0 7 0 0 2 0 0 2
+3 +1 7 0 7 0 0 1 0 0 1
+4 +1 7 0 7 1 0 0 1
+4 +1 7 0 7 0 0 1 0 0 1
+4 +5 7 7
+9 +46 3 0 0 1
+5 +2 3
+3 +1 3 0 0 0 0 0 0 0 0 3 3
+24 +39 3 0 3 0 0 1 0 0 1
+3 +1 3 0 3 0 0 1 0 0 1
+5 +2 3 3

fl=(182)
fn=(610)
0x4f00 105 7 7 0 1 3 0 1
+7 -4 7
+3 +4 7 0 7 0 0 2 0 0 1
+3 +1 7 7
+7 * 7 0 7 0 0 1 0 0 1
+4 +1 7 0 7
+4 +8 7 0 7 0 0 2 0 0 2
+8 +1 7 0 7
+8 +5 7 7 0 0 4
+7 * 7 7 0 0 2
+7 * 7
+4 * 7 0 0 1 0 0 1
+3 +1 7
+3 * 7 0 0 0 0 0 0 0 0 7
+2 -19 7
+2 * 7
+8 +21 75
+6 * 75 0 0 0 0 0 0 0 0 75 11
+2 +12 5 5
+3 +2 5
+3 -2 5 5 0 0 3
+4 * 5 0 5
+4 +7 5
+3 * 5 0 0 0 0 0 0 0 0 5 2
+2 -21 77
+4 * 77
+3 * 77 0 0 0 0 0 0 0 0 77 2
+2 +2 82 82 0 0 65
+2 * 82
+6 * 82 0 0 0 0 0 0 0 0 82 18
+2 +3 7 7 0 1 1 0 1
+3 +5 7
+3 -5 7 7 0 0 3
+4 * 7 0 7
+4 +16 7
+3 * 7 0 0 0 0 0 0 0 0 7 2
+2 +5 7 0 7
+7 +1 7 7

fl=(283) /usr/src/debug/glibc/glibc/elf/../sysdeps/x86_64/dl-trampoline.h
fn=(1030) _dl_runtime_resolve_xsave
0x14550 39 23 0 0 1 0 0 1
+4 +5 23 0 23
+1 +3 23
+3 +2 23
+4 +10 23 23 0 0 3 0 0 1
+7 +6 23 0 23 0 0 3 0 0 1
+4 +1 23 0 23
+5 +1 23 0 23
+5 +1 23 0 23
+5 +1 23 0 23
+5 +1 23 0 23
+5 +1 23 0 23 1 0 0 1
+5 +4 23
+5 +1 23
+2 +3 23 0 23
+8 +1 23 0 23
+8 +2 23 0 23
+8 +1 23 0 23
+8 +1 23 0 23
+8 +1 23 0 23
+8 +1 23 0 23 1 0 0 1
+8 +1 23 0 23
+8 +2 23 0 782 0 0 15 0 0 5
+5 +7 23 23
+4 +1 23 23
+4 +1 23 0 23 0 0 3 0 0 1
cfi=(284) /usr/src/debug/glibc/glibc/elf/dl-runtime.c
cfn=(1032) _dl_fixup
calls=23 0x11fc0 -52 
* * 20446 5204 1814 95 320 34 20 74 13 2813 223 35 28
+5 +1 23
+3 +5 23
+5 +1 23
+2 +1 23 828
+5 +2 23 23
+5 +1 23 23
+5 +1 23 23
+5 +1 23 23 0 1 0 0 1
+5 +1 23 23
+5 +1 23 23
+5 +1 23 23
+4 +2 23
+3 +2 23 23
+4 +4 23
+4 +2 23 0 0 0 0 0 0 0 0 0 0 23 23

fl=(78) /usr/src/debug/glibc/glibc/elf/../sysdeps/x86_64/dl-cet.c
fn=(290) dl_cet_check
0x16630 269 1 0 1 1 0 0 1
+1 * 1
+3 * 1
+3 * 1
+4 +6 1
+3 * 1 0 0 1 0 0 1 0 0 1
+6 +2 1 1
+6 * 1
+3 -1 1 0 1
+6 +6 1 1
+8 +3 1 0 1
+3 -3 1
+3 +1 1
+4 -1 1
+3 +1 1
+4 -1 1 0 1
+3 +1 1 0 1
+4 +5 1
+3 * 1 0 0 0 0 0 0 0 0 1
+2 +5 1
+2 * 1 0 0 0 0 0 0 0 0 1 1
0x166e5 +25 1 1 0 1 0 0 1
+1 * 1 1

fn=(288) _dl_cet_check
0x169d0 361 1 0 0 1 0 0 1
+4 +1 1
cfn=(290)
calls=1 0x16630 -93 
* * 23 4 5 3 0 0 3 0 0 3 1

fn=(666) _dl_cet_setup_features
0x16950 331 1 0 0 1 0 0 1
+4 +3 1
+2 * 1 0 0 0 0 0 0 0 0 1 1
+42 +16 1 1 0 1 0 0 1

fl=(1) ???
fn=(0) 0x000000000001f300
0x1f300 0 1 0 0 1 0 0 1
+3 0 1 0 1 0 0 1 0 0 1
cfi=(2)
cfn=(2) _dl_start
calls=1 0x1fec0 519 
* 0 2643519 665038 245842 1091 17575 2713 1063 8675 1845 414253 17368 5504 1306
+5 0 1 0 0 1
+3 0 1
+3 0 1 1
+6 0 1
+6 0 1 0 0 0 0 0 0 0 0 1 1
+19 0 1
+2 0 1
+4 0 1 0 1
cfi=(78)
cfn=(666)
calls=1 0x16950 331 
* 0 4 1 0 2 0 0 2 0 0 1 1
+5 0 1
+3 0 1
+3 0 1 1 0 1 0 0 1
+4 0 1
+3 0 1
+4 0 1 1
+7 0 1
+5 0 1
+4 0 1
+2 0 1 0 1
cfi=(197)
cfn=(670)
calls=1 0x6250 81 
* 0 41431 11637 5043 514 288 171 512 37 125 7652 509 952 209
+5 0 1 0 0 1
+7 0 1
+3 0 1 0 0 0 0 0 0 0 0 0 0 1 1
cob=(8)
cfi=(275)
cfn=(996) (below main)
calls=1 0x2c10 0 
* 0 5037941574 1405035856 500790812 41725 67952254 484261 1065 1268 459669 634636107 8526386 38754181 10493

fl=(44)
fn=(130)
0x26dd0 32 28 0 0 1 0 0 1
+4 +1 28
+4 +1 28
+2 +1 28
+5 +1 28
+4 +1 28
+5 +1 28
+4 +1 28
+5 +1 28 0 0 0 0 0 0 0 0 28
+6 +1 28 28 0 0 5 0 0 5
+4 +1 28
+4 +1 28 0 0 1 0 0 1
+4 +1 28
+4 +1 28
+4 +1 28
+4 +1 28
+4 +1 28
+2 +1 28 0 0 0 0 0 0 0 0 28 5
+2 +1 23
+3 +4 23
+5 +1 23
+4 +1 23 23
+3 +1 23
+4 +2 23 23
+6 +4 5 5
+5 +1 5
+4 +1 5
+4 +1 5 0 0 1 0 0 1
+4 +1 5
+4 +1 5
+4 +1 5 5 0 0 1 0 0 1
+5 +1 5
+4 +1 5
+4 +1 5
+4 +1 5
+4 +1 5
+4 +1 5
+4 +1 5 5 0 0 1 0 0 1
+5 +1 5
+4 +1 5
+4 +1 5
+4 +1 5
+3 +1 5
+4 +1 5 0 0 1 0 0 1
+4 +1 5
+4 +1 5
+3 +1 5
+3 +1 5 0 0 0 0 0 0 0 0 5 4
0x26f40 +52 5 0 0 1 0 0 1
+4 +4 5
+5 +1 5
+4 +1 5 5
+3 +1 5
+4 +2 5 5

fl=(50)
fn=(1010) _dl_audit_preinit
0x1a040 118 1 0 0 1 0 0 1
+4 +1 1 1 0 0 1
+6 * 1
+2 * 1 0 0 0 0 0 0 0 0 1
+2 * 1 1

fn=(156) _dl_audit_activity_map
0x19cf0 29 1 0 0 1 0 0 1
+4 +2 1 1
+6 * 1
+2 * 1 0 0 1 0 0 1 0 0 1 1
0x19d90 +6 1 1 0 1 0 0 1

fn=(220)
0x19ec0 77 5 0 0 1 0 0 1
+4 +1 5 5
+6 * 5
+2 * 5 0 0 0 0 0 0 0 0 5
+2 * 5 5

fn=(656)
0x19da0 41 3 0 0 1 0 0 1
+4 +4 3
+4 * 3
+7 * 3 3
+4 +2 3 3 0 0 1 0 0 1
+6 * 3
+2 * 3 0 0 0 0 0 0 0 0 3 3
+7 +4 3 3 0 2 0 0 2

fn=(1668)
0x19f90 97 7 0 0 1 0 0 1
+4 +1 7 7
+6 * 7
+2 * 7 0 0 0 0 0 0 0 0 7
+2 * 7 7

fl=(12)
fn=(30)
0x14f60 435 34 0 0 3 0 0 1
+4 +3 34
+2 * 34
+7 -3 34
+3 +3 34
+7 * 34
+4 * 34 34 0 0 31 0 0 29
+3 * 34 0 0 3 0 0 1
+3 * 34 0 0 0 0 0 0 0 0 34 3
+2 +9 31 31 0 0 19 0 0 14
+4 -9 31
+2 * 31 0 0 0 0 0 0 0 0 31 14
+2 +19 21 0 21
+3 +7 21
+7 * 21 21 0 0 4 0 0 4
+5 * 21 0 0 0 0 0 0 0 0 21 13
-12 * 13
+7 * 13 13 0 0 2 0 0 1
+5 * 13 0 0 0 0 0 0 0 0 13 13
+22 +2 34 34
+8 -19 13 0 13
+3 +1 13
+5 +9 3 0 0 1 0 0 1
+5 * 3

fn=(60)
0x148e0 162 6 0 0 1 0 0 1
+4 +1 6
+2 * 6
+7 * 6
+7 * 6
+3 +2 6
cfn=(62) do_tunable_update_val
calls=6 0x14700 -92 
* * 198 42 24 3 0 0 3 0 0 36 4

fn=(24)
0x14900 294 1 0 0 1 0 0 1
+4 +6 1 1
+6 * 1
+2 * 1 0 0 0 0 0 0 0 0 1
+6 -6 1 0 1
+1 +10 1
+4 * 1
+2 -10 1
+3 * 1 0 1
+2 * 1 0 1
+2 * 1 0 1
+2 * 1
+3 * 1 0 1
+2 * 1 0 1
+1 * 1
+7 +10 1
+2 * 1
+3 * 1 0 1 0 0 1 0 0 1
+8 * 1 0 1 1 0 0 1
+8 * 1 0 1 0 0 1 0 0 1
+8 * 1 0 1
+8 * 1
+5 * 1 0 0 0 0 0 0 0 0 1 1
-42 * 2
+2 * 2
+3 * 2 0 2
+8 * 2 0 2
+8 * 2 0 2 0 0 2 0 0 2
+8 * 2 0 2
+8 * 2
+5 * 2 0 0 0 0 0 0 0 0 2 1
+2 * 1 0 1
+12 * 1 0 1
+8 * 1
+1 43 1
+3 * 1 0 0 0 0 0 0 0 0 1
-3 * 56
+3 * 56 0 0 0 0 0 0 0 0 56
+6 * 57 57
+4 * 57
+3 * 57 0 0 1 0 0 1 0 0 57 1
+6 +6 56 56 0 0 19 0 0 19
+3 -3 56
+4 +3 56
+2 * 56 0 0 0 0 0 0 0 0 56
+6 * 56
+2 * 56 0 0 0 0 0 0 0 0 56
+2 * 56
+5 * 56
+2 * 56 56 0 0 2 0 0 2
+4 * 56
+3 * 56
+4 * 56
+2 * 56 0 0 0 0 0 0 0 0 56
-13 * 584 584 0 0 6 0 0 6
+4 * 584
+3 * 584
+4 * 584
+2 * 584 0 0 0 0 0 0 0 0 584
+2 * 640
+3 * 640 0 0 0 0 0 0 0 0 640 69
+2 +4 56
+2 * 56 0 0 0 0 0 0 0 0 56
+2 +4 56
fi=(13) /usr/src/debug/glibc/glibc/elf/dl-tunables.h
+5 160 56 0 0 1 0 0 1
fe=(12)
+4 57 56
fi=(13)
+3 160 56
fe=(12)
+5 57 56
fi=(13)
+7 160 56 56
+3 * 56
+2 * 56 0 0 0 0 0 0 0 0 56
-5 * 1 1
+3 * 1
+2 * 1 0 0 0 0 0 0 0 0 1
+6 +1 57
+3 * 57 0 0 0 0 0 0 0 0 57 5
+6 -1 1
+4 * 1
+4 * 1 1 0 0 1 0 0 1
+3 * 1
+3 * 1 0 0 0 0 0 0 0 0 1 1
fe=(12)
+78 319 504 0 0 1 0 0 1
+7 +3 504
+3 * 504 504 0 0 1 0 0 1
+4 -2 504
+7 * 504
+7 * 504
+5 +2 504 504 0 0 9 0 0 9
+3 * 504
+2 * 504 0 0 0 0 0 0 0 0 504 8
+2 -5 504
+4 * 504
+4 * 504 0 0 0 0 0 0 0 0 504 64
+2 * 56
fi=(13)
+14 160 635 635 0 1 0 0 1
+3 * 635
+3 * 635 0 0 0 0 0 0 0 0 635
+2 +1 635
+3 * 635 0 0 0 0 0 0 0 0 635 46
+2 -1 131 131
+4 * 131
+4 * 131
+4 * 131
+2 * 131 0 0 0 0 0 0 0 0 131 8
fe=(12)
+68 337 1 1 0 1 0 0 1
+6 * 1
+2 * 1 0 0 0 0 0 0 0 0 1
+2 * 1
+7 * 1
+7 * 1
+9 +3 9
+4 * 9
+3 * 9 0 0 0 0 0 0 0 0 9 1
+2 +3 9 9 0 1 0 0 1
+3 * 9
+3 * 9 0 0 0 0 0 0 0 0 9 4
+66 +9 1
+7 * 1 1
+1 * 1 1
+2 * 1 1
+2 * 1 1
+2 * 1 1
+2 * 1 1
+1 * 1 1
fi=(13)
+6 165 56 0 0 1 0 0 1
+3 * 56
+3 * 56 0 0 0 0 0 0 0 0 56 4
fe=(12)

fn=(62)
0x14700 73 6 6 0 1 0 0 1
+3 -3 6
+3 * 6
+3 +3 6
+3 * 6 0 0 0 0 0 0 0 0 6
+6 * 6
+2 * 6 0 0 0 0 0 0 0 0 6
+2 +10 6 6
+3 +11 6 6
+4 +1 6 6
+4 -1 6
+3 * 6 0 0 0 0 0 0 0 0 6
+6 * 6 6
+3 +1 6
+3 * 6
+3 * 6 0 0 0 0 0 0 0 0 6
+2 * 6 6
+3 +4 6
+3 * 6
+4 +2 6 0 0 1 0 0 1
+3 * 6
+4 +4 6
+3 -4 6
+4 * 6
+4 +11 6
+3 * 6 0 0 0 0 0 0 0 0 6
+6 +1 6
+3 * 6 0 0 0 0 0 0 0 0 6 4
+68 +3 6 0 6 1 0 0 1
+4 +1 6 0 6
+4 +1 6 0 6
+4 +1 6 0 6
+4 * 6 6

fl=(21)
fn=(58)
0x171d0 624 1 0 1 1 0 0 1
+1 * 1
+3 * 1
+3 * 1
+4 * 1 0 1
+4 * 1
+3 * 1 0 1
+4 * 1
+3 * 1 0 1
+4 * 1
+3 * 1 0 1
+4 +18 1 1
+3 +29 1 1
+6 -32 1 1 0 1 0 0 1
+6 +32 1
+6 -17 1
+3 * 1 0 0 0 0 0 0 0 0 1
+6 -11 1 1
+3 +28 1
+2 * 1 0 0 0 0 0 0 0 0 1
+6 * 1 0 1
+4 +4 1
+3 * 1 0 0 0 0 0 0 0 0 1
+6 -26 1 0 1
+7 +31 1
+5 -14 1 0 1
+7 +17 1 0 1 1 0 0 1
+4 -32 1 1
+7 * 1
+2 * 1
+3 * 1 0 1
+4 +32 1
+3 * 1 0 1
+3 * 1
+9 +10 4
+2 * 4
+3 * 4
+3 * 4
+3 * 4 0 0 0 0 0 0 0 0 4 1
+6 * 3
+3 * 3 0 0 0 0 0 0 0 0 3 2
+2 +14 1
+4 * 1 0 0 0 0 0 0 0 0 1
+6 +4 1
+3 +3 1
+2 +1 1
+3 -4 1
+5 * 1 0 1
+3 +3 1
+2 * 1
+3 * 1 0 1
+3 +6 1
+2 * 1 0 0 0 0 0 0 0 0 1 1
+6 -37 3
+3 * 3
+5 * 3
+2 * 3
+2 +6 3
+4 * 3 0 0 0 0 0 0 0 0 3
-13 -6 1 0 0 1 0 0 1
+5 * 1
+2 * 1
+2 +6 1
+4 * 1 0 0 0 0 0 0 0 0 1
+2 +1 4
+2 * 4 0 0 0 0 0 0 0 0 4 4
+73 828 1 1 0 1 0 0 1
+4 +7 1 0 1
+3 +1 1 0 1
+4 +1 1 0 1
+3 +1 1 1
+4 * 1 1
+4 * 1 1
+4 * 1 1
+4 * 1 1
+1 * 1 1
+84 698 1 0 0 1 0 0 1
+4 * 1 0 0 0 0 0 0 0 0 1
+6 +4 1
+3 +1 1
+3 -1 1 0 0 1 0 0 1
+5 * 1
+3 +18 1
+2 * 1 0 0 0 0 0 0 0 0 1 1
+6 -69 1 1
+7 * 1
+3 * 1 1
+4 * 1
+4 * 1
+4 * 1
+3 +75 1
+3 * 1 0 0 0 0 0 0 0 0 1
+6 * 1 1
+4 * 1 0 0 0 0 0 0 0 0 1
+6 +8 1
+3 +2 1 1 0 1 0 0 1
+4 -2 1
+3 * 1
+2 * 1 1
+4 * 1
+3 * 1
+2 +2 1
+3 * 1 0 0 0 0 0 0 0 0 1
+6 -2 1
+3 * 1
+3 +22 1 0 1
+4 * 1
+3 * 1
+3 * 1
+3 * 1
+3 +5 1
+6 * 1 0 0 0 0 0 0 0 0 1 1
+6 -21 1
+3 * 1
+5 * 1
+2 * 1
+2 +4 1
+6 * 1 0 0 0 0 0 0 0 0 1
-15 -4 1 0 0 1 0 0 1
+5 * 1
+2 * 1
+2 +4 1
+6 * 1 0 0 0 0 0 0 0 0 1
+2 * 2
+6 * 2 0 0 0 0 0 0 0 0 2
+2 +2 2
+6 * 2 0 0 0 0 0 0 0 0 2 1
+2 +3 1
+4 * 1 0 0 0 0 0 0 0 0 1
+6 +5 1
+4 +2 1
+6 * 1
+3 +1 1
+3 +1 1
+4 -2 1 0 0 1 0 0 1
+3 * 1
+3 +1 1
+3 -19 1
+3 * 1 0 0 0 0 0 0 0 0 1 1
-3 * 1
+3 * 1 0 0 0 0 0 0 0 0 1
+2 * 1
+3 * 1
+3 * 1
+3 * 1 1
+4 +46 1
+3 * 1 0 0 0 0 0 0 0 0 1
+6 +2 1 1
+3 -1 1
+4 +1 1
+2 * 1 0 0 0 0 0 0 0 0 1
+6 +2 1 1
+4 * 1 0 0 0 0 0 0 0 0 1
+6 -1 1 0 1
+4 +25 1 1 0 1 0 0 1
+3 +11 1
+3 * 1 0 0 0 0 0 0 0 0 1
+6 +1 1
+3 * 1
+2 * 1
+2 * 1
+3 * 1
+3 +4 1 1
+4 * 1 0 0 0 0 0 0 0 0 1 1
+52 -64 1 0 0 1 0 0 1
+4 * 1 0 0 0 0 0 0 0 0 1
+2 -7 1
+3 +11 1 1
+4 * 1 0 0 0 0 0 0 0 0 1
+6 +3 1 1
+4 +2 1
+5 * 1
+3 * 1
+2 * 1
+2 +1 1
+2 * 1 0 1
+3 +5 1
+4 * 1 0 0 1 0 0 1

fn=(52)
0x17960 266 12 12 0 1 0 0 1
+7 * 12 0 0 0 0 0 0 0 0 12
+6 -5 12 0 12
+1 +17 12
+5 -17 12
+3 * 12 0 12
+2 * 12 0 12
+2 * 12 0 12
+2 * 12
+3 * 12 0 12
+1 * 12 0 0 1 0 0 1
+4 +11 12 0 12
+4 +6 12
+2 * 12
+3 * 12
+3 +4 12
+2 * 12 0 0 0 0 0 0 0 0 12 9
+20 +34 12
+4 * 12 12
+1 * 12 12
+2 * 12 12
+2 * 12 12
+2 * 12 12
+1 * 12 12
+6 -29 12
+2 +3 12
+4 * 12 0 0 1 0 0 1
+4 -3 12
+2 +3 12 0 12
cfn=(54) intel_check_word.constprop.0
calls=12 0x176b0 133 
* * 4176 420 60 6 6 0 6 6 0 1176 103
+5 +2 12
+3 * 12 0 0 0 0 0 0 0 0 12
+2 +3 12
+4 * 12
+4 * 12
+2 * 12
+3 * 12 0 12
cfn=(54)
calls=12 0x176b0 133 
* * 1319 96 60 5 0 0 5 0 0 232 48
+5 +2 12
+3 * 12 0 0 0 0 0 0 0 0 12 12

fn=(54)
0x176b0 133 24 0 0 1 0 0 1
+2 * 24 0 0 0 0 0 0 0 0 24
+6 -4 24 0 24
+1 * 24
+3 +10 24 0 0 1 0 0 1
+5 * 24
+2 * 24
+3 +87 24
+7 -97 24
+3 * 24 0 24
+2 * 24 0 24
+2 +90 24
+6 -90 24 0 24
+2 * 24
+3 +10 24
+6 * 24
+4 -10 24 0 24
+1 +10 24
+4 +73 24 24
+7 * 24
+3 * 24 24
+7 -73 24 0 0 1 0 0 1
+4 +73 24
+3 * 24
+2 -69 24
+3 +2 24
+2 * 24 0 0 0 0 0 0 0 0 24 9
+67 -10 12
+2 257 12 12
+1 * 12 12
+2 * 12 12
+2 * 12 12
+2 * 12 12
+1 * 12 12
-8 * 12 12
+1 * 12 12
+2 * 12 12
+2 * 12 12
+2 * 12 12
+1 * 12 12
+18 -31 48 0 0 1 0 0 1
+3 * 48
+3 * 48
fi=(22) /usr/src/debug/glibc/glibc/elf/../bits/stdlib-bsearch.h
+5 28 48
+3 * 48
+3 * 48
fe=(21)
+4 +92 48 48 0 0 1 0 0 1
+3 * 48 0 0 0 0 0 0 0 0 48
fi=(22)
-13 -92 276
+3 * 276
+3 * 276
fe=(21)
+4 +92 276 276 0 0 5 0 0 5
+3 * 276 0 0 0 0 0 0 0 0 276
+2 +3 324 0 0 0 0 0 0 0 0 324 38
+2 * 264
fi=(22)
+3 -97 264
+3 * 264 0 0 0 0 0 0 0 0 264 34
-3 * 60
+3 * 60 0 0 0 0 0 0 0 0 60 14
fe=(21)
+2 141 48
+2 * 48
+3 * 48 0 0 0 0 0 0 0 0 48 2
+2 * 36
+9 +2 36
+3 +2 36
+2 * 36 0 0 0 0 0 0 0 0 36
+6 * 60 0 0 1 0 0 1
+2 +8 60
+6 * 60 0 0 0 0 0 0 0 0 60 2
+2 +51 48
+3 * 48 0 0 0 0 0 0 0 0 48 8
fi=(22)
+24 44 60 0 0 1 0 0 1
+4 -1 60
+4 +3 60
+3 * 60
fe=(21)
+53 165 12 0 0 1 0 0 1
+5 * 12
+2 * 12
+2 +3 12
+2 * 12
+3 * 12 0 0 0 0 0 0 0 0 12
+6 +9 12
+3 * 12
+4 +1 12
+4 * 12
+4 +1 12
+4 * 12
+4 +1 12
+4 * 12 0 0 1 0 0 1
+4 -18 12
+2 * 12
+11 +12 12
+3 * 12 0 0 0 0 0 0 0 0 12
+2 +1 12
+4 * 12 0 0 0 0 0 0 0 0 12 4
+2 +22 21
+3 -32 21
+5 * 21
+2 * 21
+2 +3 21
+2 * 21
+3 * 21 0 0 0 0 0 0 0 0 21 1
+6 +4 32
+3 * 32
+3 +2 32
+3 * 32
+4 * 32 0 0 1 0 0 1
+3 * 32 0 0 0 0 0 0 0 0 32 7
+2 +3 20
+3 * 20 0 0 0 0 0 0 0 0 20 4
+2 * 9
+3 * 9 0 0 0 0 0 0 0 0 9 3
+2 +1 18
+3 * 18 0 0 0 0 0 0 0 0 18 4
+2 * 7
+3 * 7 0 0 0 0 0 0 0 0 7 4
+2 +1 15
+3 * 15 0 0 0 0 0 0 0 0 15 2
+2 * 4
+3 * 4 0 0 0 0 0 0 0 0 4 3
+2 +1 12
+3 * 12 0 0 0 0 0 0 0 0 12 5
+7 +2 11
+7 +2 11
+3 * 11 0 0 0 0 0 0 0 0 11 4
+2 +6 7
+4 * 7 0 0 0 0 0 0 0 0 7 3
+2 +3 4 0 0 1 0 0 1
+4 * 4 0 0 0 0 0 0 0 0 4
+6 +1 4
+6 * 4
+4 * 4
+42 -3 3
+3 * 3
+3 * 3
+14 +9 1
+7 * 1
+5 -14 4 0 0 1 0 0 1
+2 +2 4
+2 +1 4
+3 -2 4
+3 -1 4
+3 +2 4
+6 * 4
+3 -2 4
+3 +3 4
+3 -2 4
+2 * 4
+6 * 4
+3 +2 4
+3 * 4
+3 * 4

fl=(28)
fn=(594) __minimal_free
0xc820 97 2
+4 +2 2 2
+7 * 2
+3 * 2 0 0 0 0 0 0 0 0 2
+2 * 2 2

fn=(80)
0xc690 36 39 0 0 2 0 0 1
+4 +1 39 39 0 0 3
+7 * 39
+3 * 39 0 0 0 0 0 0 0 0 39 1
+6 +11 38 38
+7 * 38
+4 * 38
+4 +3 38
+4 -3 38 0 38
+7 +3 38 0 0 1
+3 * 38 0 0 0 0 0 0 0 0 38 3
-22 -3 1
+4 * 1
+4 +3 1
+4 -3 1 0 1
+7 +3 1 0 0 1 0 0 1
+3 * 1 0 0 0 0 0 0 0 0 1
+2 * 36
+3 * 36
+3 * 36
+3 * 36 0 0 0 0 0 0 0 0 36 23
+6 +5 3 3
+7 * 3
+3 * 3
+5 * 3
+3 +1 3
+3 * 3 0 0 0 0 0 0 0 0 3 3
+11 -21 3 0 3
+1 +24 3
+3 * 3
+6 * 3 0 0 1 0 0 1
+5 -24 3
+3 * 3 0 3
+2 * 3
+3 +24 3
+2 -24 3 0 3
+1 +23 3
+4 +1 3
+5 * 3
+3 -24 3
+4 +24 3 0 3 0 0 1 0 0 1
cfi=(61)
cfn=(204)
calls=3 0x25580 -13 
* * 78 12 9 0 0 1 0 0 0 12 6
+5 +2 3
+4 * 3 0 0 0 0 0 0 0 0 3
+6 +2 3
+3 * 3
+7 * 3
+3 * 3 0 3
+4 * 3 0 3 1 0 0 1
cfi=(69)
cfn=(240)
calls=3 0x25700 -4 
* * 107 27 19 4 1 1 4 1 1 11 8
+5 +1 3 3
+4 * 3 3
+7 * 3
+3 * 3 0 0 0 0 0 0 0 0 3 1
+2 +2 3
+3 +4 3
+4 -1 3 0 3
+7 -3 3 0 3
+7 +4 3 0 3
+7 +2 3
+4 * 3 3
+1 * 3 3
+2 * 3 3
+1 * 3 3
+11 -3 36 0 36 0 0 4 0 0 1
+7 +1 36 0 36
+7 +2 36 36
+2 -30 1 1 0 1 0 0 1
+7 -1 1
+7 +1 1
+5 +1 1
+3 * 1
+3 -2 1 0 1
+7 * 1
+8 +28 1 1
+7 * 1

fn=(76)
0xc7e0 80 17 0 0 1 0 0 1
+4 +4 17
+3 * 17
+3 * 17
+3 +3 17
+3 +1 17
+4 * 17
+3 * 17 0 0 0 0 0 0 0 0 17 11
fi=(29)
+7 -32 17 0 0 1 0 0 1
+3 * 17 17 0 0 0 0 0 0 0 0 0 17 1
cfi=(28)
cfn=(80)
calls=17 0xc690 -20 
* * 514 91 86 11 3 6 9 1 3 72 27
fe=(28)

fl=(65) /usr/src/debug/glibc/glibc/io/../sysdeps/unix/sysv/linux/access.c
fn=(222) access
0x250b0 25 1 0 0 1 0 0 1
+4 +2 1
+5 * 1
+2 * 1
+6 * 1 0 0 0 0 0 0 0 0 1 1
+7 * 1
+2 * 1 0 1
+6 * 1
+5 +4 1 1

fl=(26) /usr/src/debug/glibc/glibc/elf/dl-environ.c
fn=(72) _dl_next_ld_env_entry
0x1c5e0 28 2 0 0 1 0 0 1
+4 +1 2 2
+3 +3 2 2
+3 * 2
+3 * 2 0 0 0 0 0 0 0 0 2 1
+2 * 1 1
+17 * 55 55
+4 +13 55
+4 -13 55
+3 * 55 0 0 0 0 0 0 0 0 55
+2 +2 56 56 0 1 0 0 1
+3 * 56 0 0 0 0 0 0 0 0 56 15
+2 +1 6 6
+4 * 6 0 0 0 0 0 0 0 0 6 5
+2 * 1 1
+4 * 1 0 0 0 0 0 0 0 0 1
+2 +5 1
+4 -3 1
+4 +3 1 0 1
+3 +2 1 1

fl=(141)
fn=(470)
0x25630 117 7 0 0 1
+4 * 7
+5 * 7
+2 * 7 0 0 1 0 0 1
+6 * 7 0 0 0 0 0 0 0 0 7 2
+2 +5 7 7

fn=(660) munmap
0x25660 117 1
+4 * 1
+5 * 1
+2 * 1
+6 * 1 0 0 0 0 0 0 0 0 1
+2 +5 1 1

fl=(67)
fn=(230)
0x16160 386 4 0 0 1 0 0 1
+4 * 4 0 4
+1 * 4
+3 * 4
+3 * 4 0 4
+1 * 4
+4 +2 4 4
+7 * 4 0 0 0 0 0 0 0 0 4
+6 +3 4 4 0 1 0 0 1
+7 * 4
+3 * 4 0 0 0 0 0 0 0 0 4 1
+6 +69 3
+4 * 3 0 0 0 0 0 0 0 0 3
+6 * 3 3
+7 +5 3 3
+7 * 3
+4 * 3 0 0 0 0 0 0 0 0 3
-11 * 1 1
+7 * 1
+4 * 1 0 0 0 0 0 0 0 0 1
+6 +3 4 4
+3 * 4
+4 * 4
+6 * 4 0 4 1 0 0 1
cfn=(236) search_cache
calls=4 0x15aa0 198 
* * 4333 682 95 12 59 2 12 59 2 1086 86
+5 * 4
+3 +15 4 4
+7 * 4 0 0 0 0 0 0 0 0 4
+6 +4 4
+3 * 4 0 0 0 0 0 0 0 0 4
+2 +8 4
+3 * 4 0 4
cfi=(23)
cfn=(64)
calls=4 0x28660 57 
* * 140 20 0 0 1 0 0 1 0 12 2
+5 +1 4
+3 -1 4
+4 +1 4
+4 * 4
+3 * 4
+7 * 4
+3 * 4
+3 * 4 0 0 0 0 0 0 0 0 4 2
+22 * 4 0 0 1 0 0 1
+5 * 4
+3 * 4
+3 * 4 0 0 0 0 0 0 0 0 4 2
+2 * 4
+5 +1 4
+3 * 4
+3 -1 4
+4 +1 4 0 4
cfi=(30)
cfn=(84)
calls=4 0x26440 210 
* * 44 12 8 0 0 0 0 0 0 8
+6 * 4
+3 +1 4 0 4
cfi=(55)
cfn=(186)
calls=4 0x28600 40 
* * 332 60 40 0 0 2 0 0 2 36 2 4
+5 * 4
+3 +1 4
+3 * 4 4 0 1 0 0 1
+4 * 4 4
+1 * 4 4
+76 -3 4 0 4
+5 * 4
+11 394 1 0 0 1 0 0 1
+7 * 1
+5 * 1
+7 * 1 0 1 0 0 1 0 0 1
+4 * 1 0 1
cfi=(54)
cfn=(232)
calls=1 0xc900 36 
* * 103 16 16 3 1 1 3 1 1 12 4
+5 * 1
+3 +8 1 0 0 1 0 0 1
+4 * 1 0 0 0 0 0 0 0 0 1
+2 * 1 1
+7 * 1 1
+4 * 1
+4 * 1 0 0 0 0 0 0 0 0 1
+6 +1 1
+10 * 1 1 0 0 1 0 0 1
+3 * 1
+10 * 1 1
+4 * 1
+3 * 1 0 0 0 0 0 0 0 0 1 1
0x16418 -17 1
+3 * 1
+5 +17 1 1 0 1 0 0 1
+7 * 1 0 0 0 0 0 0 0 0 1
+6 +3 1
+10 * 1
+3 +1 1 1
+3 -1 1 0 0 1 0 0 1
+4 * 1
+4 * 1
+3 * 1 0 0 0 0 0 0 0 0 1
fi=(68) /usr/src/debug/glibc/glibc/elf/../sysdeps/generic/dl-cache.h
+6 194 1 1
+4 +1 1
+2 * 1 0 0 0 0 0 0 0 0 1
+2 * 1
+3 * 1
+2 * 1 0 0 0 0 0 0 0 0 1 1
fe=(67)
+37 414 1 0 1 1 0 0 1
+7 +1 1 0 1
+7 * 1

fn=(658) _dl_unload_cache
0x164f0 508 1 0 0 1 0 0 1
+4 +1 1 1 0 0 1
+7 * 1
+4 * 1 0 0 1 0 0 1
+4 * 1 0 0 0 0 0 0 0 0 1 1
+13 -1 1 0 1
+1 +3 1 1
+7 -3 1
+3 +3 1 0 1
cfi=(141)
cfn=(660)
calls=1 0x25660 117 
* * 6 1 0 0 0 0 0 0 0 1
+5 +7 1 1
+1 -6 1 0 1
+11 +4 1 0 1
+10 +2 1 1

fn=(238) _dl_cache_libcmp
0x159a0 340 39 0 0 1 0 0 1
+4 * 39
+3 +1 39 39
+3 * 39
+2 * 39 0 0 0 0 0 0 0 0 39
-5 * 5 5
+3 * 5
+2 * 5 0 0 0 0 0 0 0 0 5 2
+2 +4 224 224 0 0 31 0 0 31
+4 -2 224
+3 +20 224
+4 -20 224
+2 * 224 0 0 0 0 0 0 0 0 224 5
+2 +20 219 0 0 1 0 0 1
+4 * 219 0 0 0 0 0 0 0 0 219
+6 +2 219
+3 * 219 0 0 0 0 0 0 0 0 219 34
+6 -24 185 185
+4 +28 185
+4 +1 185
+4 -29 185
+2 * 185 0 0 0 0 0 0 0 0 185 9
+2 +32 5 5
+3 * 5
+2 * 5 5
+11 -28 5
+4 * 5 0 0 0 0 0 0 0 0 5
+6 +8 5 5
+4 -2 5 0 0 1 0 0 1
+3 +1 5
+4 * 5
+4 -1 5
+4 +2 5
+4 * 5
+4 * 5 0 0 0 0 0 0 0 0 5 2
+35 +2 5 5
+4 * 5
+3 * 5 0 0 1 0 0 1
+3 -3 5
+3 +3 5 0 0 0 0 0 0 0 0 5 2
+51 +2 5
+2 * 5 0 0 0 0 0 0 0 0 5 2
+20 +9 34
+3 * 34
+3 * 34 34

fn=(236)
0x15aa0 198 4 0 4 1 0 0 1
+1 * 4
+3 * 4
+7 * 4 0 4
+4 * 4 0 4
+4 * 4 0 4
+4 +8 4
+3 * 4 0 0 0 0 0 0 0 0 4
+6 * 4 0 4 1 0 1 1 0 1
+4 * 4
+3 * 4
+2 * 4 0 4
+4 * 4
+3 * 4 0 4
+4 * 4
+3 * 4 0 4
+4 * 4
+3 * 4 0 4
+4 * 4
+6 332 16
+4 206 16
+3 * 16 0 0 0 0 0 0 0 0 16
+2 +2 34
+4 * 34
+3 * 34
+4 * 34
+3 * 34 0 0 1 0 0 1
+3 +1 34
+3 -23 34
+3 * 34
+4 +23 34 34 0 0 27 0 0 27
+5 +4 34
+3 * 34 0 0 0 0 0 0 0 0 34
+2 +4 34 34
+4 * 34 34
+4 * 34 0 34 0 0 1 0 0 1
cfn=(238)
calls=34 0x159a0 340 
* * 2798 426 0 4 28 0 4 28 0 764 49
+5 +1 34
+2 * 34 0 0 0 0 0 0 0 0 34 2
+2 329 30 0 0 0 0 0 0 0 0 30 19
+2 +1 14
+4 206 14
+3 * 14 0 0 0 0 0 0 0 0 14 2
+48 336 4 0 0 1 0 0 1
+4 208 4
+3 * 4 0 4
+4 * 4
+4 * 4 0 4
+4 * 4
+5 * 4
+3 * 4 4
+4 * 4 4 0 1 0 0 1
+4 * 4
+5 +20 5 5 0 0 1 0 0 1
+3 +3 5
+3 * 5 0 0 0 0 0 0 0 0 5
+2 +2 5
+3 * 5
+3 * 5
+3 * 5 0 5
cfn=(238)
calls=5 0x159a0 340 
* * 535 81 0 0 3 0 0 3 0 147 7
+5 * 5
+2 * 5 0 0 0 0 0 0 0 0 5 2
+2 +2 1
+4 -9 1
+3 * 1 0 0 0 0 0 0 0 0 1 1
-3 * 4
+3 * 4 0 0 0 0 0 0 0 0 4 2
+2 * 4
+3 * 4 4
+4 * 4 4
+4 +9 4 0 4
+10 * 4 0 0 1 0 0 1
+3 * 4
+4 +37 4 0 4
+4 * 4 0 4
+8 * 4
+4 * 4
+3 * 4
+3 * 4
+20 -27 4
+3 * 4 0 0 0 0 0 0 0 0 4 2
+27 +10 4 4 0 1 0 0 1
+7 * 4 0 0 0 0 0 0 0 0 4
+2 +1 4 4
+4 * 4
+2 * 4 0 0 0 0 0 0 0 0 4
+2 +7 4 4
+4 * 4 0 0 0 0 0 0 0 0 4
+2 +9 4
fi=(68)
+10 125 4 4
fe=(67)
+4 272 4
+10 * 4 0 0 1 0 0 1
+3 * 4
+3 * 4 0 0 0 0 0 0 0 0 4
+2 +9 4 4
+5 * 4 0 0 0 0 0 0 0 0 4
+2 +5 4
+3 * 4 0 0 0 0 0 0 0 0 4
+2 +27 4 4
+4 * 4
+3 +2 4 4
+4 * 4 4
+4 +21 4
+3 * 4 4
+4 * 4 4
+4 * 4 4
+4 * 4 4
+1 * 4 4

fl=(8)
fn=(14)
0x12690 25 7 0 0 1 0 0 1
+4 +3 7 7
+7 * 7
+3 * 7 0 0 0 0 0 0 0 0 7
+2 +3 7 7
+4 * 7 7
+7 * 7 0 0 0 0 0 0 0 0 7
+2 +1 7 7 0 0 7 0 0 7
+2 * 7 0 7
+6 +2 7 7
+3 -1 7 7
+3 +3 7
+4 * 7 0 0 1 0 0 1
+3 * 7 0 0 0 0 0 0 0 0 7
+6 +1 7 0 7
+7 +1 7
+4 * 7 7
+3 +2 7 0 7
+7 -2 7 0 7
+6 +3 7
+3 * 7
+4 +4 7
+2 * 7
+3 -2 7 0 7
+7 +2 7
+4 * 7 0 7 1 0 0 1
+7 +5 7 7

fl=(51) /usr/src/debug/glibc/glibc/string/../string/strcspn.c
fn=(160) strcspn
0x28480 32 1 0 0 1 0 0 1
+4 * 1 0 1
+1 * 1
+3 * 1
+3 * 1
+7 +1 1 1 0 0 1 0 0 1
+3 * 1
+2 * 1 0 0 0 0 0 0 0 0 1
+6 +1 1 1
+4 * 1 0 0 0 0 0 0 0 0 1
+6 +5 1
+4 * 1
+7 * 1 0 1 0 0 1 0 0 1
+7 * 1 0 1
+7 * 1 0 1 1 0 0 1
+7 * 1 0 1 0 0 1 0 0 1
+7 +1 1 0 1
+7 * 1 0 1
+7 * 1 0 1
+7 * 1 0 1 0 0 1 0 0 1
+7 +1 1 0 1
+4 * 1 0 1
+4 * 1 0 1
+4 * 1 0 1 0 0 1 0 0 1
+4 +1 1 0 1
+4 * 1 0 1 1 0 0 1
+4 * 1 0 1
+4 * 1 0 1
+4 +2 1
+6 +3 1 1
+3 * 1
+4 * 1 0 1
+4 +1 1
+2 * 1 0 0 0 0 0 0 0 0 1 1
-13 -1 2 2
+3 * 2
+4 * 2 0 2
+4 +1 2
+2 * 2 0 0 0 0 0 0 0 0 2 1
+2 +3 1 1
+4 * 1
+2 * 1 1
+8 * 1 0 0 0 0 0 0 0 0 1
+6 +1 1 1
+5 * 1
+5 * 1 1 0 1 0 0 1
+8 * 1 0 0 0 0 0 0 0 0 1
+2 +1 1 1
+5 * 1
+5 * 1 1
+8 * 1 0 0 0 0 0 0 0 0 1
+2 +1 1 1
+5 * 1
+5 * 1 1
+8 * 1 0 0 0 0 0 0 0 0 1
+2 +2 1
+3 * 1
+4 * 1
+10 +6 1 1 0 1 0 0 1
+4 -1 1
+4 +1 1 1
+4 +2 1 1
+4 * 1 1
+4 -1 1 1
+4 * 1 1
+5 +2 1 1
+4 +2 1 1
+5 * 1
+3 * 1
+3 * 1
+3 * 1
+3 * 1 0 0 0 0 0 0 0 0 1 1
-50 -5 11 11 0 0 1 0 0 1
+4 -1 11
+4 +1 11 11
+4 +2 11 11
+4 * 11 11
+4 -1 11 11
+4 * 11 11
+5 +2 11 11
+4 +2 11 11
+5 * 11
+3 * 11
+3 * 11
+3 * 11
+3 * 11 0 0 0 0 0 0 0 0 11 9
+2 +2 1
+3 +1 1
+3 * 1 0 0 0 0 0 0 0 0 1
+2 * 1
+4 * 1 0 0 1 0 0 1
+3 +1 1 1
+1 * 1 1

fl=(2)
fn=(170)
0x1f440 641 1 0 0 1 0 0 1
+4 * 1 0 1
+1 +2 1
+2 -2 1
+3 * 1 0 1
+1 * 1
+3 * 1
+4 +2 1 1
+4 +1 1 1
+3 * 1 1
+4 -1 1
+7 * 1
+3 +1 1
+3 * 1
+2 * 1 0 1 0 0 1 0 0 1
cfi=(32)
cfn=(172)
calls=1 0xa780 2194 
* * 2545 562 284 100 36 33 100 36 33 450 145 8 3
+5 * 1 0 1
+4 +2 1 1
+4 * 1 1
+1 * 1 1

fn=(68)
0x206c0 1356 1 0 0 1 0 0 1
+4 * 1 0 1
+1 196 1
+4 1356 1
+3 * 1 0 1
+2 * 1 0 1
+2 * 1 0 1
+2 * 1
+3 * 1 0 1
+2 * 1
+3 * 1 0 1
+1 * 1
+7 * 1 0 1 0 0 1 0 0 1
+6 * 1 0 1
+7 198 1 0 1
+11 301 1 0 1 1 0 0 1
+7 +1 1 0 1
+4 196 1 0 1
+7 +99 1 0 1
+4 * 1 0 1
+4 * 1 0 1
+4 1368 1 0 1 0 0 1 0 0 1
cfi=(25)
cfn=(70)
calls=1 0x14190 54 
* * 17 1 5 2 0 1 2 0 1
+5 2745 1 1
+6 2513 1 1
+7 2745 1 0 1
+6 * 1
+2 * 1 0 0 0 0 0 0 0 0 1
+6 2584 1 0 1
+7 +2 1 0 0 1 0 0 1
+3 +15 1
+7 * 1
+7 -13 1
+7 * 1 0 1
cfi=(26)
cfn=(72)
calls=1 0x1c5e0 28 
* * 355 121 1 2 0 0 2 0 0 119 21
-7 * 1
+7 * 1 0 1
cfi=(26)
cfn=(72)
calls=1 0x1c5e0 28 
* * 6 3 0 0 0 0 0 0 0 1
+5 * 2
+3 * 2
+3 * 2 0 0 0 0 0 0 0 0 2 1
+2 +4 1 1
+3 * 1
+3 * 1 0 0 0 0 0 0 0 0 1
+2 -2 1
+2 +2 1
+2 * 1 0 0 0 0 0 0 0 0 1
+2 * 1
+3 * 1
+11 +1 1 0 0 1 0 0 1
+4 -1 1 1
+4 * 1
+2 * 1 0 0 0 0 0 0 0 0 1
-10 +1 6
+4 -1 6 6
+4 * 6
+2 * 6 0 0 0 0 0 0 0 0 6
+2 * 7
+3 * 7 0 0 0 0 0 0 0 0 7 4
+2 +9 1
+4 * 1
+4 * 1 0 0 0 0 0 0 0 0 1
+2 * 1 1 0 0 1 0 0 1
+4 * 1
+3 * 1 0 0 0 0 0 0 0 0 0 0 1 1
+14 2712 1 1
+8 * 1 0 0 0 0 0 0 0 0 1 1
+16 +10 1 1 0 1 0 0 1
+6 * 1
+2 * 1 0 0 0 0 0 0 0 0 1 1
+11 1378 1 1
+7 +1 1 1
+7 * 1
+7 -1 1 1
+3 * 1 0 1
+7 +1 1 1
+3 * 1 0 0 1 0 0 1 0 0 1 1
0x20a66 2626 1 1 0 1 0 0 1
+6 * 1 0 0 0 0 0 0 0 0 1
+6 +10 1 1
+6 * 1 0 0 0 0 0 0 0 0 1 1
0x20bf6 1646 1 0 0 1 0 0 1
+7 * 1
+3 * 1 0 0 1 0 0 1
+2 * 1
+2 * 1
+6 * 1
+3 * 1
+3 * 1 0 1
cfi=(27)
cfn=(74)
calls=1 0xcd40 59 
* * 284 29 50 20 3 12 20 3 12 36 20 2 2
+5 * 1
+3 +2 1
+3 * 1 0 0 0 0 0 0 0 0 1
+6 +1 1 0 1
+7 +1 1 1
+7 +5 1
+2 * 1
+3 -5 1 0 1
+8 +1 1 1 0 1 0 0 1
+7 * 1 1
+3 * 1 0 1
+7 +4 1 0 1
cfi=(27)
cfn=(88)
calls=1 0xcca0 31 
* * 33 9 8 3 1 0 3 1 0 1 1 2 2
+5 +1 1 1
+7 * 1 0 0 0 0 0 0 0 0 1
+6 1361 1 0 1
+7 1094 1 1
+7 +1 1 1
+8 +27 1
+3 -21 1 1 0 0 1 0 0 1
+8 +2 1 0 1 1 0 0 1
+8 +19 1
+4 -18 1 0 1
+8 -3 1 0 1 0 0 1 0 0 1
+8 +21 1
+4 * 1
+3 * 1 0 0 0 0 0 0 0 0 1
+6 * 1
+3 -25 1
+3 +26 1
+7 -4 1
+2 * 1
+8 +4 1 1 0 1 1 0 1 1
+2 * 1
+3 * 1 0 0 0 0 0 0 0 0 1
-5 * 14 14 0 0 7 0 0 7
+2 * 14
+3 * 14 0 0 0 0 0 0 0 0 14 5
+2 * 10
+2 * 10 0 0 0 0 0 0 0 0 10
+2 * 10
+3 * 10 0 0 0 0 0 0 0 0 10
+2 * 10 10 0 0 2 0 0 2
+4 * 10
+3 * 10 0 0 0 0 0 0 0 0 0 0 10 5
+9 * 5
+6 * 5 0 0 0 0 0 0 0 0 5 1
+6 * 4
+6 * 4 0 0 0 0 0 0 0 0 4 3
+2 +80 1 1
+5 * 1 1
+5 * 1 0 1
+8 -81 1
+4 * 1
+3 * 1 0 0 0 0 0 0 0 0 1
-7 * 6 0 0 1 0 0 1
+4 * 6
+3 * 6 0 0 0 0 0 0 0 0 6 5
+2 +87 1
+3 * 1
+3 * 1
+11 +1 12
+5 * 12 0 0 0 0 0 0 0 0 12 8
+2 +6 1
+3 * 1
+5 * 1
+3 * 1 0 1
cfi=(32)
cfn=(94)
calls=1 0x7fb0 842 
* * 54 13 2 7 1 0 7 1 0 13 1
+6 -7 15
+3 * 15 0 0 0 0 0 0 0 0 15 1
+6 +1 15 15 0 1 0 0 1
+5 +6 15
+4 -6 15
+3 * 15 0 0 0 0 0 0 0 0 15 6
fi=(33)
+2 149 3 3
+8 * 3 0 0 0 0 0 0 0 0 3 3
fe=(2)
0x20f80 1127 1 0 0 1 0 0 1
+3 -5 1
+4 +5 1 1
+4 * 1 0 1
+3 -5 1
+3 * 1 0 0 0 0 0 0 0 0 1 1
+11 +21 1 1
+3 * 1 1 0 0 1 0 0 1
+4 -21 1
+4 +25 1
+6 -5 1 0 1
+7 +3 1
+7 * 1 0 1 1 0 0 1
+7 -23 1
+3 * 1 0 0 0 0 0 0 0 0 1 1
+11 +10 1 1
+3 * 1 1
+4 -10 1
+4 +10 1 0 1
+4 +1 1 1
+4 * 1 1
+8 * 1
+2 * 1
+3 * 1
+3 * 1
+3 * 1
+3 * 1
+2 * 1 0 1
+7 -11 1
+3 * 1 0 0 0 0 0 0 0 0 1 1
+11 +34 4 4 0 1 0 0 1
+7 * 4 4 0 0 1 0 0 1
+4 -1 4 4
+3 +1 4
+3 * 4
+3 * 4
+3 * 4
+3 -1 4
+3 +2 4 4
+7 * 4 0 0 0 0 0 0 0 0 4 2
+2 +1 1 0 1
+7 +2 1 1 0 1 0 0 1
+8 * 1
+4 * 1 0 0 0 0 0 0 0 0 1
-12 * 3 3
+8 * 3
+4 * 3 0 0 0 0 0 0 0 0 3
+2 +1 4
+3 * 4 0 0 0 0 0 0 0 0 4 1
+2 * 3
+3 * 3 0 0 0 0 0 0 0 0 3 2
+13 +4 4 4 0 0 3 0 0 3
+4 * 4
+3 +1 4 4
+7 * 4 0 0 0 0 0 0 0 0 4
+2 +1 4 0 4
+7 +4 4
+5 -49 4
+4 +49 4 0 0 1 0 0 1
+3 -49 4
+3 * 4 0 0 0 0 0 0 0 0 4 1
+33 +87 1
+3 +13 1 1 0 0 1 0 0 1
+7 * 1
+3 * 1 0 0 0 0 0 0 0 0 1 1
+12 +3 1 1 0 1 0 0 1
+8 * 1 0 0 0 0 0 0 0 0 1 1
+13 +2 1 1
+8 * 1 0 0 0 0 0 0 0 0 1
+6 1679 1 0 1
cfi=(34) /usr/src/debug/glibc/glibc/elf/dl-execstack-tunable.c
cfn=(100) _dl_handle_execstack_tunable
calls=1 0x4e70 24 
* * 33 7 3 2 1 0 2 1 0 5 2
fi=(4)
+5 96 1 1
+7 * 1
+3 * 1 0 0 0 0 0 0 0 0 1
+2 +3 1 1
+7 * 1
+2 * 1 1 0 1 0 0 1
+7 * 1 1
+8 +1 1 1
fe=(2)
+4 1685 1 1
+4 * 1
+3 * 1 0 0 0 0 0 0 0 0 1
+2 +1 1 1
+7 * 1
+3 * 1 1
+4 * 1 0 1
cfi=(35)
cfn=(104)
calls=1 0x27000 98 
* * 25 7 0 3 2 0 3 2 0 3 1
+5 * 1
+2 * 1 0 0 0 0 0 0 0 0 1
+2 +3 1 0 1 0 0 1 0 0 1
+7 +1 1 0 1 1 0 0 1
+11 +1 1 0 1
+10 +2 1 1
+5 * 1 0 0 0 0 0 0 0 0 1
+6 +1 1
+7 * 1 0 1
+4 +5 1 1
+7 * 1 0 0 0 0 0 0 0 0 1
+6 +2 1 1
+7 * 1 0 0 0 0 0 0 0 0 1
fi=(3) /usr/src/debug/glibc/glibc/elf/./get-dynamic-info.h
+6 39 1 1
+4 * 1 0 0 1 0 0 1
+3 * 1 0 0 0 0 0 0 0 0 1
+6 +6 1 1 0 0 1 0 0 1
+3 * 1
+3 * 1 0 0 0 0 0 0 0 0 1
+2 -2 1
+4 * 1
+8 +25 28 0 28 0 0 8 0 0 8
+4 -23 28 28 0 0 7 0 0 7
+4 * 28
+4 * 28
+3 * 28 0 0 0 0 0 0 0 0 28 1
+2 +4 28
+4 * 28 0 0 0 0 0 0 0 0 28 5
+2 +3 6
+7 -1 6
+4 * 6 0 0 0 0 0 0 0 0 6
+2 +3 6
+5 * 6
+3 * 6
+4 * 6 0 0 0 0 0 0 0 0 6 1
+6 +1 5
+5 * 5
+3 * 5
+3 * 5
fi=(31)
+2 +7 1 1 0 1 0 0 1
+3 * 1
fe=(2)
+5 1122 1
fi=(31)
+4 62 1
+3 * 1
+3 * 1
+2 * 1
+2 * 1
+3 * 1 0 1
fe=(2)
+6 1122 1 0 0 1 0 0 1
+3 * 1 0 0 0 0 0 0 0 0 1 1
fi=(3)
+11 72 1 1
+3 * 1
+3 * 1 0 0 0 0 0 0 0 0 1 1
+40 +51 1 1 0 1 0 0 1
+7 * 1 1
+5 * 1 0 0 0 0 0 0 0 0 1
+6 +6 1 1
+7 * 1
+3 * 1 0 0 0 0 0 0 0 0 1 1
+20 +18 1 1
+7 * 1
+3 * 1 0 0 0 0 0 0 0 0 1 1
+46 +15 1 1 0 1 0 0 1
+7 * 1
+3 * 1 0 0 0 0 0 0 0 0 1
+2 +2 1 1
+4 * 1 0 1
+7 * 1
+2 +1 1
+2 * 1 0 0 0 0 0 0 0 0 1 1
+10 +9 1 1 0 1 0 0 1
+7 * 1 0 0 0 0 0 0 0 0 1
+6 +6 1
+3 * 1 0 0 0 0 0 0 0 0 1 1
+16 +4 1 1
+8 * 1 0 0 0 0 0 0 0 0 1 1
fi=(4)
+13 -88 1 1 0 1 0 0 1
+7 * 1
+3 * 1 0 0 0 0 0 0 0 0 1 1
fe=(2)
+60 1714 1 0 0 1 0 0 1
+3 * 1 0 1
cfi=(8)
cfn=(14)
calls=1 0x12690 25 
* * 27 8 6 0 1 0 0 1 0 3
+5 +3 1 1
+4 * 1 0 0 0 0 0 0 0 0 1
fi=(36) /usr/src/debug/glibc/glibc/elf/./setup-vdso.h
+6 24 1 1
+8 * 1 0 0 0 0 0 0 0 0 1 1
fi=(39) /usr/src/debug/glibc/glibc/elf/./dl-main.h
0x21dfd +85 1 1 0 1 0 0 1
+4 * 1 1
fi=(38) /usr/src/debug/glibc/glibc/elf/../sysdeps/unix/sysv/linux/dl-vdso-setup.h
+4 -55 1 0 1
fi=(39)
+7 +55 1 1
+4 * 1 1
+4 * 1 0 1
cfi=(32)
cfn=(116)
calls=1 0x7c40 680 
* * 1450 301 260 38 2 8 38 2 8 169 50 4 4
fe=(2)
+5 1742 1 1
+7 * 1
+2 * 1 0 1
cfi=(46)
cfn=(146)
calls=1 0x3690 120 
* * 20 6 4 3 1 0 3 1 0 4 2
+5 +7 1 1
+8 -5 1 0 1
+7 -2 1
+3 +7 1 0 0 0 0 0 0 0 0 1 1
+6 +4 1 1 0 1 0 0 1
+7 +3 1 0 1
+7 -3 1
+3 * 1
+3 * 1 0 1
+6 +1 1 0 1
+4 +3 1 0 1
+8 1252 1 1 0 0 1 0 0 1
+8 1755 1 0 1
+4 1252 1 0 0 0 0 0 0 0 0 1
+6 +1 1 1
+8 * 1 0 0 1 0 0 1 0 0 1
+6 +5 1 1
+7 -3 1
+7 * 1 1
+7 +2 1 0 1 0 0 1 0 0 1
+7 +11 1
+4 -10 1 0 1
+8 +3 1 0 1
+7 +7 1
+3 * 1
+3 * 1 0 0 0 0 0 0 0 0 1
+2 +4 1 1 0 1 0 0 1
+7 -5 1
+2 +5 1
+3 * 1
+3 * 1
+5 -3 8
+4 -1 8
+3 * 8 0 0 0 0 0 0 0 0 8 1
+2 +2 12 12 0 0 7 0 0 7
+3 * 12 0 0 0 0 0 0 0 0 12 6
+2 +2 4 4 0 0 2 0 0 2
+4 +1 4 4
+7 * 4 0 0 0 0 0 0 0 0 4
+2 -1 4
+3 * 4
+3 +2 4
+3 * 4 0 0 0 0 0 0 0 0 4 4
+14 +5 4 4 0 1 1 0 1 1
+4 -10 4
+4 +10 4
+5 * 4
+3 -11 4
+3 * 4 0 0 0 0 0 0 0 0 4 3
+2 * 1
+4 * 1
+5 +18 1
+4 +1 1 1
+6 * 1 0 0 0 0 0 0 0 0 1 1
+10 -1 1
+3 * 1 0 0 0 0 0 0 0 0 1 1
+16 224 1 1 0 1 0 0 1
+4 * 1 1
+8 -1 1 1
+7 +1 1 1
+4 * 1
+3 * 1 0 0 0 0 0 0 0 0 1 1
0x21fd3 1771 1 1 0 1 0 0 1
+4 * 1 0 0 0 0 0 0 0 0 1
+6 1362 1 0 1
+11 1775 1
+6 +1 1 1
+8 * 1 0 0 0 0 0 0 0 0 1
+6 +24 1 0 1 1 0 0 1
cfi=(47)
cfn=(148)
calls=1 0x134a0 228 
* * 6 3 0 1 1 0 1 1 0 1
+5 * 1 0 1
fi=(48) /usr/src/debug/glibc/glibc/elf/../sysdeps/generic/dl-debug.h
+7 29 1 1
+7 * 1
+3 * 1 0 0 0 0 0 0 0 0 1
+2 +1 1 0 1
fe=(2)
+4 1806 1
+5 * 1
+3 * 1 0 1
cfi=(46)
cfn=(152)
calls=1 0x3650 104 
* * 11 2 1 2 0 0 2 0 0 2 2
+5 +1 1
+1 +4 1
+5 * 1
+3 * 1 0 1
cfi=(50)
cfn=(156)
calls=1 0x19cf0 29 
* * 5 2 0 3 0 0 3 0 0 1 1
+5 +5 1 1
+7 * 1 1
+4 * 1 0 0 1 0 0 1 0 0 1
+6 +2 1
+3 +2 1 1
+5 * 1 0 0 0 0 0 0 0 0 1 1
+6 +9 1 1
+5 * 1 0 0 0 0 0 0 0 0 1
+6 +16 1
+5 * 1
+7 * 1 0 1
cfi=(65)
cfn=(222)
calls=1 0x250b0 25 
* * 9 1 1 1 0 0 1 0 0 1 1
+5 * 1
+2 * 1 0 0 0 0 0 0 0 0 1
+6 +76 1 1
+7 * 1 1
+3 * 1 0 0 1 0 0 1
+3 * 1 0 0 0 0 0 0 0 0 1 1
+6 +16 1 1
+7 * 1
+3 * 1 0 0 0 0 0 0 0 0 1 1
+9 84 1
+2 1947 1
+2 84 1
+3 * 1
+4 1947 1
+3 * 1
+3 84 1
+3 1947 1 1
+4 * 1
+3 * 1
+3 * 1
+3 84 1 0 1 1 0 0 1
+7 1947 1 0 1
cfi=(66)
cfn=(224) _dl_map_object_deps
calls=1 0x3810 143 
* * 29718 5996 3086 129 187 216 128 186 216 5283 811 104 37
+5 91 1
+2 1957 1 1
+7 * 1 1
+7 -4 1 1
+7 +16 1 1
+7 91 1
+4 * 1
+3 +9 1 1
+7 * 1 0 1
+7 1953 1
+2 * 1 0 0 1 0 0 1 0 0 1
+6 * 1
+3 * 1
+4 * 1
+4 * 1
+6 * 1
+11 +1 1 1
+3 -1 1
+4 +1 1 0 1
+7 -1 1
+3 * 1 0 0 0 0 0 0 0 0 1 1
-17 +1 6 6
+3 -1 6
+4 +1 6 0 6
+7 -1 6
+3 * 6 0 0 0 0 0 0 0 0 6 5
+2 +4 1 0 1
+4 +1 1
+3 * 1 0 0 0 0 0 0 0 0 1
+2 +1 1 0 1
+4 +2 1 0 0 1 0 0 1
+3 * 1 0 0 0 0 0 0 0 0 1
+6 * 1
+4 * 1
+5 * 1
+14 * 5
+3 * 5
+4 * 5
+2 * 5 0 0 0 0 0 0 0 0 5
+2 +1 6 6
+3 * 6
+3 * 6 0 0 0 0 0 0 0 0 6 6
+2 +7 1
+3 * 1 1
+4 +1 1 1
+3 -1 1 0 1 1 0 0 1
+7 +1 1
+2 * 1 0 0 0 0 0 0 0 0 1
+6 +2 1
+3 +2 1
+2 * 1 0 0 0 0 0 0 0 0 1 1
+47 +16 1 0 0 1 0 0 1
+3 * 1 0 0 0 0 0 0 0 0 1
+6 * 1
+5 * 1
+2 +1 1 0 1
+4 +1 1 1
+7 * 1
+3 * 1 0 0 0 0 0 0 0 0 1 1
+16 +10 1 0 1
+6 +2 1
+7 -1 1
+2 * 1
+3 * 1 0 0 1 0 0 1
+3 +1 1
+3 * 1
+7 * 1
+7 -1 1 0 1
+6 +1 1 0 1
cfi=(52)
cfn=(256)
calls=1 0x2330 190 
* * 29798 8767 1709 55 140 82 55 137 80 6225 486 109 68
+5 +10 1 1
+7 * 1 0 1
+6 +1 1 1
+8 * 1 0 0 0 0 0 0 0 0 1 1
+6 +3 1
+3 * 1 0 0 0 0 0 0 0 0 1
+2 820 1 1 0 1 0 0 1
fi=(404) /usr/src/debug/glibc/glibc/elf/../sysdeps/unix/sysv/linux/dl-osinfo.h
+7 39 1 1
+3 * 1
fe=(2)
+2 822 1 0 1
fi=(404)
+9 52 1 1
fe=(2)
+4 831 1 0 1
+9 +2 1 0 1
+7 +5 1 0 1
+11 2023 1 1
+3 * 1
+2 * 1 0 0 0 0 0 0 0 0 1
+6 2226 1 1 0 1 0 0 1
+9 -4 1
+7 * 1 0 1
+7 +10 1 1
+7 -6 1 0 1
+7 +6 1 0 1
+7 +3 1 1
+7 * 1 0 0 0 0 0 0 0 0 1
+6 +8 1 1
+7 * 1 1 0 1 0 0 1
fi=(33)
+3 36 1 1
+7 +1 1
+2 * 1 0 0 0 0 0 0 0 0 1
+2 * 1 1
+7 * 1
+3 +16 1 1
+6 * 1
+4 * 1
+8 -16 6
+4 +3 6 6
+3 +9 6 6
+7 * 6 0 0 0 0 0 0 0 0 6
-10 -9 1 1
+3 +9 1 1
+7 * 1 0 0 0 0 0 0 0 0 1
+2 * 7
+3 * 7 0 0 0 0 0 0 0 0 7 1
+2 * 6 6
+4 * 6 0 0 0 0 0 0 0 0 6
+2 +4 6
+2 * 6
+2 * 6 6
+6 * 6 0 0 0 0 0 0 0 0 6 2
+6 -16 7 0 0 1 0 0 1
+3 * 7 0 0 0 0 0 0 0 0 7 5
+2 +34 1
+3 * 1
+3 * 1 0 1
cfi=(78)
cfn=(288)
calls=1 0x169d0 361 
* * 25 4 5 4 0 0 4 0 0 3 1
fe=(2)
+5 2247 1
+2 * 1 1
+8 * 1
+3 +3 1 0 1 0 0 1
+6 +5 1 1
+8 * 1 0 0 0 0 0 0 0 0 1
+2 84 1 0 0 1 0 0 1
+2 2260 1 1
+7 -1 1 1
+6 84 1
+3 * 1
+4 2259 1 0 1
+6 84 1
+3 2259 1
+2 * 1
+2 * 1 1
+7 * 1
+3 * 1 0 1
cfi=(79)
cfn=(292)
calls=1 0x11f90 343 
* * 79819 19568 8437 186 552 229 185 533 228 13747 960 177 81
+5 91 1
+2 +9 1 1 0 0 1
+6 -9 1
+4 * 1 0 0 1 0 0 1
+3 +9 1
+3 * 1 0 1 0 0 1
+7 -16 1
+2 * 1
+3 2268 1 1
+7 84 1
+4 * 1
+3 2269 1
+2 * 1 0 0 0 0 0 0 0 0 1
+6 * 1
+4 * 1 0 1
+7 * 1
+3 * 1
+7 * 1 0 1 1 0 0 1
+7 * 1
+4 * 1
+10 * 4
+4 * 4
+4 * 4 0 0 0 0 0 0 0 0 4 1
+2 +2 7 7 0 0 2
+7 * 7 7 0 0 2
+4 +5 7 7
+4 * 7 7 0 0 7
+4 +2 7
+3 * 7 0 0 0 0 0 0 0 0 7 1
+6 +6 7 0 7
+8 +2 7 7 0 1 0 0 1
+3 * 7
+2 * 7
+3 * 7 7 0 0 7 0 0 1
+7 * 7
+3 * 7
+2 * 7
+3 * 7 0 7
cfi=(79)
cfn=(292)
calls=7 0x11f90 343 
* * 2463675 623456 229759 132 16273 1965 121 7597 1110 380272 13967 5057 1075
+5 +4 7 7 0 0 1
+8 * 7 0 0 0 0 0 0 0 0 7 4
+2 * 3 3 0 0 2
+7 * 3 0 0 0 0 0 0 0 0 3
+2 +1 3
+5 * 3
+3 -22 3
+4 +22 3 0 3
cfi=(47)
cfn=(472)
calls=3 0x13e80 1177 
* * 84 24 12 3 2 2 3 0 1 12 4
+5 -22 3 0 0 1 0 0 1
+4 * 3 0 0 0 0 0 0 0 0 3 2
+2 * 1 1 0 0 1
+7 * 1 1
+7 91 1
+2 * 1
+4 * 1
+3 +1 1
+3 * 1 0 1 0 0 1
+7 2298 1 0 1
cfi=(47)
cfn=(604)
calls=1 0x13e30 1138 
* * 43 10 1 2 1 1 2 1 0 11 4
+5 +6 1 1
+8 * 1 0 0 0 0 0 0 0 0 1
+6 +4 1 1
+7 * 1 0 0 1 0 0 1 0 0 1
+6 * 1 1
+8 * 1 0 0 0 0 0 0 0 0 1
+6 +2 1 0 1
+8 +7 1 1
+7 * 1
+5 * 1 0 1
cfi=(47)
cfn=(606)
calls=1 0x13800 612 
* * 321 82 53 13 8 4 8 0 4 54 12 2 2
+5 +3 1 1
+7 * 1 0 0 0 0 0 0 0 0 1
+6 +4 1 1
+7 * 1 1 0 1 1 0 1
+7 * 1 0 0 0 0 0 0 0 0 1
+6 +3 1 0 1
cfi=(181)
cfn=(608)
calls=1 0x56a0 578 
* * 1489 301 126 17 87 6 17 0 4 370 73 1 1
+5 +5 1 1
+8 * 1 0 0 0 0 0 0 0 0 1
+2 84 1
+2 2336 1
+2 * 1 1
+7 84 1
+3 * 1
+4 2336 1
+3 84 1
+3 2336 1
+2 * 1 0 1
cfi=(79)
cfn=(294)
calls=1 0xf7e0 207 
* * 252 72 39 2 8 1 1 0 0 41 17 1 1
+5 91 1
+2 * 1 0 0 1 0 0 1
+4 * 1
+3 +9 1
+3 * 1 0 1
+7 2339 1 0 1
cfi=(183)
cfn=(618)
calls=1 0x1d370 30 
* * 504 127 45 12 13 0 12 3 0 52 12 2 2
+5 +1 1
+3 * 1 0 1
cfi=(7)
cfn=(624)
calls=1 0x1d1c0 76 
* * 2770 811 341 7 26 1 7 1 0 403 46 1 1
+5 +3 1
+3 * 1 0 1
cfi=(46)
cfn=(632)
calls=1 0x3570 46 
* * 664 196 79 3 7 0 3 1 0 102 5
+5 +4 1
+3 * 1 0 1
cfi=(79)
cfn=(468)
calls=1 0xf670 352 
* * 35 8 3 0 0 0 0 0 0 4 1
+5 +5 1 1
+7 * 1
+5 * 1 0 1
cfi=(187)
cfn=(634)
calls=1 0x1f40 27 
* * 1336 174 331 30 48 37 28 26 36 205 32 16 16
+5 +7 1 0 1 1
cfi=(9)
cfn=(654)
calls=1 0x1edd0 147 
* * 2 1 0 1 0 0 1
+5 +4 1
+2 * 1 0 1
cfi=(46)
cfn=(218)
calls=1 0x3600 94 
* * 7 2 0 1 1 0 0 0 0 2
+5 +1 1
+2 * 1
+3 -1 1
+3 +1 1 0 1
cfi=(46)
cfn=(152)
calls=1 0x3650 104 
* * 11 2 1 2 0 0 0 0 0 2 2
+5 +1 1
+1 +3 1
+2 * 1
+2 * 1 0 1
cfi=(50)
cfn=(656)
calls=1 0x19da0 41 
* * 8 3 0 1 0 0 1 0 0 1 1
+5 +4 1 0 1
cfi=(67)
cfn=(658)
calls=1 0x164f0 508 
* * 19 5 4 2 1 0 2 0 0 2 1
+5 +5 1
+4 * 1 1 0 0 1
+1 * 1 1
+2 * 1 1
+2 * 1 1
+2 * 1 1
+2 * 1 1
+1 * 1 1
+1 225 1 0 0 1 0 0 1
+3 * 1 0 0 0 0 0 0 0 0 1
+6 -2 1 1 0 1 0 0 1
+7 +2 1
+3 * 1 0 0 0 0 0 0 0 0 1 1
0x225ed 2280 1 0 1 1 0 0 1
+7 +1 1 1
+4 -3 1
+3 * 1 0 0 1 0 0 1 0 0 1 1
0x226bc 1762 1 1 0 1 1 0 1 1
+8 1289 1 1 0 0 1 0 0 1
+5 * 1 1
+5 * 1 0 1
+7 1762 1 0 0 0 0 0 0 0 0 1 1
fi=(3)
+19 56 1 0 0 1 0 0 1
+3 * 1
+3 * 1
+3 * 1
+3 * 1 0 0 0 0 0 0 0 0 1
+6 +3 1
+5 * 1 0 0 1 0 0 1
+3 * 1
+4 * 1 0 0 0 0 0 0 0 0 1 1
fe=(2)
+56 1976 1 1 0 1 0 0 1
+7 -4 1 0 1
+11 +4 1
+3 * 1 0 0 0 0 0 0 0 0 1 1
+29 +14 1 1
+7 * 1
+2 * 1 1
+4 * 1 0 0 1 0 0 1
fi=(37) /usr/src/debug/glibc/glibc/elf/../sysdeps/unix/sysv/linux/dl-vdso.h
0x227ea 40 1 1 0 1 0 0 1
+7 +1 1
+7 * 1 0 1
+7 * 1 0 0 1 0 0 1
+4 * 1
+3 * 1 0 0 0 0 0 0 0 0 1
fi=(38)
+6 -11 1 0 1
+11 +3 1 0 1
+11 +3 1 0 1
+11 +3 1 0 1
+11 +6 1 0 1 1 0 0 1
+11 * 1
+2 * 1
fi=(3)
0x22bd5 +27 1 1 0 1 0 0 1
+8 * 1 0 0 0 0 0 0 0 0 1
+6 +12 1 1
+4 * 1
+3 * 1 0 0 0 0 0 0 0 0 1 1
+6 +1 1 1
+4 * 1
+3 * 1 0 0 0 0 0 0 0 0 1
+2 * 1 0 1
+4 +1 1 1 0 1 0 0 1
+4 * 1
+3 * 1 0 0 0 0 0 0 0 0 1
+2 * 1 0 1
+4 +1 1 1
+4 * 1
+3 * 1 0 0 0 0 0 0 0 0 1
+2 * 1 0 1
+4 +1 1 1
+7 * 1
+3 * 1
+3 * 1 0 0 0 0 0 0 0 0 1 1
+6 +1 1 1
+7 * 1
+3 * 1 0 0 0 0 0 0 0 0 1
+2 * 1 0 1
+4 +1 1 1 0 1 0 0 1
+7 * 1
+3 * 1 0 0 0 0 0 0 0 0 1
+2 * 1 0 1
+4 +1 1 1
+7 * 1
+3 * 1 0 0 0 0 0 0 0 0 1
+2 * 1 0 1
+4 +12 1 1
+4 +7 1 1
+7 -7 1
+3 * 1 0 0 0 0 0 0 0 0 1
+6 * 1 1
+4 * 1
+3 * 1 0 0 0 0 0 0 0 0 1
+2 * 1
+3 * 1 0 1
+4 +7 1 0 0 1 0 0 1
+3 * 1 0 0 0 0 0 0 0 0 1
+6 +5 1 1
+5 * 1 0 0 0 0 0 0 0 0 1 1
fe=(2)
0x22e03 1752 1 1 0 1 0 0 1
+7 * 1 1
+3 * 1 0 1
+7 * 1
0x230cb 2016 1 0 0 1 0 0 1
+2 * 1 0 1
cfn=(266) init_tls
calls=1 0x1fde0 734 
* * 933 127 252 26 9 39 24 5 39 108 32 5 3
+5 * 1 0 1
+7 * 1
fi=(3)
0x232dd 62 1 0 0 1 0 0 1
+5 * 1
+3 * 1
+4 * 1 0 0 0 0 0 0 0 0 1
+6 +2 1
+5 * 1
+3 * 1
+3 * 1
fe=(2)
+95 2636 1 1 0 1 0 0 1
+7 * 1 0 0 0 0 0 0 0 0 1
+6 +2 1
+4 * 1 0 1
+4 +1 1
+82 1925 1 0 0 1 0 0 1
+3 * 1
+3 * 1
+8 * 1
+4 * 1
+4 * 1
+3 * 1
+7 * 1
+3 * 1
+3 * 1 0 0 0 0 0 0 0 0 1 1
0x2353b 84 1 0 0 1 0 0 1
+2 1824 1 1 0 1 0 0 1
+4 84 1
+4 * 1
+3 1824 1
+3 84 1
+3 1824 1
+7 * 1 0 1
cfn=(158) handle_preload_list
calls=1 0x205a0 852 
* * 3003 729 364 125 40 44 125 40 44 486 161 9 4
+6 * 1
+3 91 1
+2 * 1
+4 * 1
+3 +9 1
+3 * 1 0 1
+7 * 1
0x237b2 1925 1 0 0 1 0 0 1
+5 * 1
+3 * 1
+3 * 1 0 0 0 0 0 0 0 0 1
+2 * 1 0 1 1 0 0 1
+5 * 1
+5 +1 1
+2 -1 1
+4 +4 1
+2 * 1
+3 * 1 0 1
+4 +1 1 1
+4 +1 1
+3 * 1 0 0 0 0 0 0 0 0 1
+2 +1 1
+3 * 1 0 0 0 0 0 0 0 0 1
+6 -7 1
+3 * 1

fn=(258)
0x1f860 674 1 0 0 1 0 0 1
+4 * 1 0 1
+1 +2 1
+5 -2 1
+3 * 1 0 1
+1 * 1
+3 * 1
+4 +2 1 1
+3 * 1 1
+7 * 1 0 1 1 0 0 1
cfi=(73)
cfn=(260)
calls=1 0x158e0 399 
* * 29762 8754 1698 50 140 82 50 137 80 6222 484 108 67
+5 * 1
+2 * 1 0 0 0 0 0 0 0 0 1 1
+8 +4 1 1
+4 * 1 1
+1 * 1 1

fn=(266)
0x1fde0 734 1 0 1 1 0 0 1
+1 * 1
+3 * 1
+4 +6 1 1
+8 -6 1 0 1
+4 +2 1 1
+7 * 1 0 1 1 0 0 1
+7 +4 1 0 0 0 0 0 0 0 0 1
fi=(29)
+6 44 1 0 1
+4 * 1
fe=(2)
+3 751 1
fi=(29)
+4 44 1
fe=(2)
+5 750 1
+4 -4 1
fi=(29)
+4 44 1 1 1 0 0 0 0 0 0 0 0 1 1
cfi=(28)
cfn=(76)
calls=1 0xc7e0 +36 
* * 28 4 3 0 0 0 0 0 0 4 2 1
fe=(2)
+6 759 1
+3 -10 1 0 1
+7 -3 1 0 1
+3 +10 1 0 1
+8 +3 1 0 1
cfi=(47)
cfn=(270)
calls=1 0x13300 133 
* * 71 14 9 2 3 0 2 3 0 7
+5 +3 1 0 1 1 0 0 1
cfi=(47)
cfn=(272)
calls=1 0x13510 251 
* * 233 41 16 8 5 0 8 2 0 27 12
+5 +7 1 0 1
cfi=(47)
cfn=(276)
calls=1 0x13720 517 
* * 464 43 184 6 0 38 5 0 38 60 14 3 2
+5 * 1
+3 +1 1
+3 * 1 0 0 0 0 0 0 0 0 1
+2 +6 1 1
fi=(76) /usr/src/debug/glibc/glibc/elf/../sysdeps/generic/dl-call_tls_init_tp.h
+4 31 1
+5 * 1
fe=(2)
+3 776 1 0 1
fi=(76)
+7 31 1
+5 * 1 0 1
+3 * 1 0 1
+4 * 1
+2 * 1
+2 * 1 0 0 0 0 0 0 0 0 1
+2 +2 1 0 1
cfi=(25)
cfn=(284)
calls=1 0x141e0 +36 
* * 95 17 24 6 1 1 5 0 1 7 4
fe=(2)
+5 783 1
+3 -3 1 0 1 1 0 0 1
+7 +2 1 1
+4 +1 1 1
+4 * 1 1
+1 * 1 1

fn=(2)
0x1fec0 519 1 0 0 1 0 0 1
+4 * 1 0 1
+1 * 1
+3 * 1 0 1
+2 * 1 0 1
+2 * 1 0 1
+2 * 1 0 1
+2 * 1 0 1 0 0 1 0 0 1
+1 * 1
+4 * 1 0 1 0 0 1 0 0 1
+4 84 1
fi=(6)
+2 -29 1
fe=(2)
+7 549 1 0 1 0 0 1 0 0 1
+7 -4 1 0 1 0 0 1 0 0 1
+7 84 1
+4 * 1
+3 * 1 0 1 0 0 1 0 0 1
+7 548 1 0 0 1 0 0 1
+7 * 1 0 1
fi=(3)
+7 45 1 1 0 0 1 0 0 1
+7 * 1
+3 * 1 0 0 0 0 0 0 0 0 1
+6 * 1
+7 +23 1
+7 * 1
+12 * 17 0 17 0 0 7 0 0 7
+4 -23 17 17 0 0 4 0 0 4
+4 * 17
+4 * 17
+3 * 17 0 0 0 0 0 0 0 0 17 1
+2 +4 17 0 0 1 0 0 1
+4 * 17 0 0 0 0 0 0 0 0 17 10
+2 +3 5
+7 -1 5
+4 * 5 0 0 0 0 0 0 0 0 5
+2 +3 5
+5 * 5
+3 * 5
+4 * 5 0 0 0 0 0 0 0 0 5 1
+2 +1 4
+5 * 4
+3 * 4
+3 * 4
+5 +1 1
+3 * 1
+3 * 1 0 0 1 0 0 1
+3 * 1
+3 * 1 0 0 0 0 0 0 0 0 1 1
fi=(4)
+20 +23 1 1
fi=(3)
+7 +31 1
+7 * 1 1 0 0 1 0 0 1
+7 -38 1
+3 * 1
+4 * 1 0 0 0 0 0 0 0 0 1
+6 +12 1 1
+4 * 1 0 0 1 0 0 1
+3 * 1 0 0 0 0 0 0 0 0 1 1
+6 +1 1 1 0 0 1 0 0 1
+7 * 1
+3 * 1 0 0 0 0 0 0 0 0 1 1
+6 +1 1 1
+7 * 1
+3 * 1 0 0 0 0 0 0 0 0 1
+2 * 1 0 1
+4 +1 1 1
+7 * 1
+3 * 1 0 0 0 0 0 0 0 0 1
+2 * 1 0 1
+4 +1 1 1
+7 * 1 0 0 1 0 0 1
+3 * 1
+3 * 1 0 0 0 0 0 0 0 0 1
+2 * 1 0 1
+4 +1 1 1
+7 * 1
+3 * 1 0 0 0 0 0 0 0 0 1 1
+6 +1 1 1
+7 * 1
+3 * 1 0 0 0 0 0 0 0 0 1
+2 * 1 0 1
+4 +1 1 1
+7 * 1
+3 * 1 0 0 0 0 0 0 0 0 1
+2 * 1 0 1
+4 +12 1 1 0 1 0 0 1
+7 * 1
+3 * 1
+3 * 1 0 0 0 0 0 0 0 0 1
+6 * 1 1
+4 * 1
+3 * 1 0 0 0 0 0 0 0 0 1 1
+6 +7 1
+3 * 1 0 0 0 0 0 0 0 0 1 1
+16 +13 1 1
+7 * 1 1
+5 * 1 0 0 0 0 0 0 0 0 1
+6 +6 1 1 0 1 0 0 1
+7 * 1
+3 * 1 0 0 0 0 0 0 0 0 1
+2 +1 1 1
+7 * 1 1
+5 * 1 0 0 0 0 0 0 0 0 1
+6 +3 1 1
+8 * 1 0 0 0 0 0 0 0 0 1
+6 +1 1 1
+7 * 1
+3 * 1 0 0 0 0 0 0 0 0 1
+6 +5 1 1 0 1 0 0 1
+7 * 1
+3 * 1 0 0 0 0 0 0 0 0 1
+2 * 1 1
+5 * 1 0 0 0 0 0 0 0 0 1
+6 +3 1 1
+7 * 1
+3 * 1 0 0 0 0 0 0 0 0 1
+2 * 1 1
+8 * 1 0 0 0 0 0 0 0 0 1
fe=(2)
+6 565 1
+3 * 1 0 0 0 0 0 0 0 0 1
+6 * 1
+2 * 1
+3 * 1
+4 * 1 1 0 1 0 0 1
+4 * 1 1
+7 * 1 1
+4 * 1
+3 * 1
+3 * 1 0 0 0 0 0 0 0 0 1 1
+13 * 2
+3 * 2
+4 * 2 0 2 0 0 2 0 0 2
+3 * 2
+4 * 2
+3 * 2 0 0 0 0 0 0 0 0 2
+6 * 4 4 0 0 1 0 0 1
+3 * 4
+2 * 4 0 0 0 0 0 0 0 0 4 2
+2 * 2 0 0 1 0 0 1
+3 * 2
+3 * 2 0 0 0 0 0 0 0 0 2 2
+28 * 28
+3 * 28
+4 * 28
+2 * 28 0 0 0 0 0 0 0 0 28
-2 * 2
+2 * 2 0 0 0 0 0 0 0 0 2 1
+2 * 29
+3 * 29
+4 * 29
+3 * 29
+11 * 29
+2 * 29 0 0 0 0 0 0 0 0 29 5
-2 * 9
+2 * 9 0 0 0 0 0 0 0 0 9 2
+2 * 11 0 11 0 0 3 0 0 3
+3 * 11
+3 * 11 0 0 0 0 0 0 0 0 11 2
+2 * 9
+4 * 9
fi=(3)
+8 59 1 0 0 1 0 0 1
+5 * 1
+3 * 1
+4 * 1 0 0 0 0 0 0 0 0 1 1
fe=(2)
+84 565 2 0 0 1 0 0 1
+4 * 2 0 0 1 0 0 1
+7 * 2
+3 * 2 0 0 0 0 0 0 0 0 2 1
+6 * 1 1
+7 * 1
fi=(4)
+4 79 1
fe=(2)
+2 565 1 0 1
+8 * 1 1
+7 * 1 0 1
fi=(4)
+8 79 1
fe=(2)
+3 565 1 0 1
+4 * 1 0 1
+4 * 1
+3 * 1 0 0 1 0 0 1 0 0 1
+6 * 1 1
+4 * 1
+2 * 1
+3 * 1 0 0 0 0 0 0 0 0 1
+2 * 1
+2 * 1 1
+7 * 1
+4 * 1
+3 * 1 1
+7 * 1 0 1
+4 * 1 1
+4 * 1 0 1
+4 * 1
+3 * 1 0 0 0 0 0 0 0 0 1 1
+10 * 1 0 0 1 0 0 1
+3 * 1 0 0 0 0 0 0 0 0 1 1
+80 * 1 0 0 1 0 0 1
fi=(5)
+4 53 1
fe=(2)
+3 565 1 1
fi=(5)
+4 49 1 1
+4 +4 1
+3 * 1
+3 * 1
+4 -4 1
+4 -1 1
+5 +1 1
+4 +4 1 1
+7 * 1 1 0 1 0 0 1
+4 +3 1
+3 * 1 0 0 0 0 0 0 0 0 1 1
fe=(2)
-45 565 1 1
fi=(5)
+4 49 1 1
+4 +4 1
+3 * 1
+3 * 1
+4 -4 1
+4 -1 1
+5 +1 1
+4 +4 1 1
+7 * 1 1
+4 +3 1
+3 * 1 0 0 0 0 0 0 0 0 1 1
+61 -6 2 0 0 1 0 0 1
+4 * 2
+5 * 2
+4 * 2
+5 +11 2
+3 * 2 0 0 0 0 0 0 0 0 2 1
+2 * 1
+6 +2 1 1
fi=(6)
+4 273 1
+3 * 1
+4 * 1 0 0 0 0 0 0 0 0 1
fi=(5)
+2 63 1
+4 +2 1 1
+3 -1 1
+4 * 1
fi=(6)
+4 282 1
+2 * 1 0 0 1 0 0 1
+3 * 1 0 0 0 0 0 0 0 0 1
+2 * 1 1 0 0 1 0 0 1
+5 * 1 1
+5 * 1 1
+4 * 1
+4 * 1
+5 * 1 0 0 0 0 0 0 0 0 1
+2 * 1 1
+7 +4 1
+4 * 1 0 0 0 0 0 0 0 0 1 1
+8 +26 1
+4 * 1 0 0 0 0 0 0 0 0 1
+2 * 1
+4 * 1 0 0 0 0 0 0 0 0 1 1
fi=(5)
+13 61 1 0 0 1 0 0 1
+4 * 1
+3 * 1 0 0 0 0 0 0 0 0 1
fe=(2)
+2 565 2
+4 * 2
+4 * 2
+3 * 2 0 0 0 0 0 0 0 0 2 1
fi=(5)
+2 51 1 1
fi=(4)
+7 +28 1 1
+7 * 1
fe=(2)
+86 567 1 0 1 1 0 0 1
+7 454 1 0 1 0 0 1 0 0 1
cfi=(7)
cfn=(12)
calls=1 0x1cf80 42 
* * 10 1 4 1 0 2 1 0 2
+5 +4 1
+7 * 1 1
+8 * 1
+5 * 1
+4 * 1 0 1
+7 84 1
+2 476 1
+7 84 1
+4 * 1
+3 * 1 0 1 1 0 0 1
+7 476 1 0 1
cfi=(8)
cfn=(14)
calls=1 0x12690 25 
* * 27 8 6 3 1 0 3 1 0 3
+5 +1 1
+7 +4 1
+7 +9 1 0 1
+7 -13 1 0 1
+7 +19 1
+7 -17 1 0 1 0 0 1 0 0 1
+7 +2 1 0 1
+7 +15 1 1
+4 * 1 0 1
cfi=(9)
cfn=(16)
calls=1 0x1ed10 102 
* * 2642652 664949 245769 1060 17563 2692 1033 8665 1824 414072 17325 5504 1306
+5 * 1 0 0 1
+3 +2 1 1
+7 * 1 0 0 0 0 0 0 0 0 1
+6 +87 1
+4 * 1
+3 * 1 1 0 0 1
+1 * 1 1 0 0 1
+2 * 1 1
+2 * 1 1
+2 * 1 1
+2 * 1 1
+1 * 1 1
fi=(3)
+6 62 1 0 0 1 0 0 1
+5 * 1
+3 * 1
+4 * 1 0 0 0 0 0 0 0 0 1
+6 +2 1
+5 * 1 0 0 1 0 0 1
+3 * 1
+3 * 1
+68 +39 1 0 0 1 0 0 1
+3 * 1 0 1
+4 * 1
fe=(2)

fn=(162) do_preload
0x1f520 787 1 0 1 1 0 0 1
+1 +12 1
+7 -12 1
+3 * 1 0 1
+2 * 1
+3 * 1 0 1
+2 +12 1
+4 * 1
+4 -12 1 0 1
+1 * 1
+3 * 1 0 0 1 0 0 1
+4 +6 1 0 1
+4 +6 1
+4 -2 1 1
+7 -3 1 0 1
+4 +5 1
+4 -10 1 0 1
+8 +6 1 0 1
+7 +4 1 0 1
cfi=(52)
cfn=(164)
calls=1 0x2590 258 
* * 2660 593 320 111 38 38 111 38 38 454 146 9 4
+5 +1 1 1
+4 * 1
+3 * 1 0 0 0 0 0 0 0 0 1
+2 +8 1
+2 * 1 1
+7 * 1 0 0 1 0 0 1
+3 +6 1
+4 * 1 1
+1 * 1 1
+2 * 1 1
+2 * 1 1
+1 * 1 1

fn=(158)
0x205a0 852 1 0 0 1 0 0 1
+4 * 1 0 1
+1 * 1
+3 * 1 0 1
+2 * 1 0 1
+2 * 1 0 1
+2 * 1 0 1
+2 * 1 0 1
+1 * 1
+7 * 1 0 1 0 0 1 0 0 1
+4 * 1
+4 +5 1 1 0 1 0 0 1
+3 * 1 0 0 0 0 0 0 0 0 1
+6 * 1
+3 * 1
+3 * 1
+3 -4 1
+3 * 1
+18 +17 1
+3 182 1 1
+6 872 1 1
+3 * 1
+4 182 1
+2 * 1 0 0 0 0 0 0 0 0 1
+6 874 1 1
+7 * 1 0 0 0 0 0 0 0 0 1
+2 +1 1
+3 * 1
+3 * 1
+7 * 1 0 1
cfn=(162)
calls=1 0x1f520 -88 
* * 2691 601 329 114 38 38 114 38 38 455 146 9 4
+5 * 1
+3 -18 1 1
+3 * 1 0 0 0 0 0 0 0 0 1 1
+2 +3 1 0 0 1 0 0 1
+7 * 1
+3 * 1 0 1
cfi=(51)
cfn=(160)
calls=1 0x28480 32 
* * 238 111 20 6 2 4 6 2 4 22 12
+6 * 1
+3 +1 1
+4 * 1
+6 * 1 0 0 1 0 0 1 0 0 1
+2 +2 1
+3 * 1
+3 * 1
+7 * 1 0 1
cfi=(30)
cfn=(84)
calls=1 0x26440 210 
* * 19 5 4 1 0 1 1 0 1 4 2
+6 +1 1 0 1
+9 * 1
+6 +14 1
+7 * 1
+3 * 1 1
+1 * 1 1
+2 * 1 1
+2 * 1 1
+2 * 1 1
+2 * 1 1
+1 * 1 1

fl=(66)
fn=(224)
0x3810 143 1 0 0 1 0 0 1
+4 * 1 0 1
+1 * 1
+3 * 1
+3 * 1
+3 * 1 0 1
+2 * 1 0 1
+2 * 1
+3 * 1
+2 +1 1
+3 -1 1 0 1
+2 +1 1
+4 -1 1 0 1
+2 +1 1
+8 -1 1 0 1
+1 +1 1
+4 * 1 0 0 1 0 0 1
+4 -1 1
+7 +1 1
+3 -1 1 0 1 0 0 1 0 0 1
+7 +1 1
+7 * 1
+3 * 1
+3 * 1
+3 * 1 0 0 0 0 0 0 0 0 1 1
+22 * 1
+5 * 1 0 0 1 0 0 1
+3 * 1
+3 * 1 0 0 0 0 0 0 0 0 1 1
+6 -8 1 1
+8 +8 1
+5 * 1
+4 -8 1
+3 -6 1
+4 -2 1 0 1 0 0 1 0 0 1
+6 +16 1
+3 -8 1
+3 -7 1 0 1
+4 +1 1 0 1
+4 +6 1 0 1
+7 +24 1
+2 * 1 0 0 1 0 0 1 0 0 1
+6 * 1
+3 * 1
+4 -28 1
+5 * 1 0 1 0 0 1 0 0 1
+7 * 1
+7 -2 1
+3 +31 1 1
+3 -33 1 0 1
+6 +32 1
+4 -30 1
+3 * 1
+4 +30 1
+4 -30 1
+4 -1 1 0 1 1 0 0 1
+4 +1 1 0 1
+4 +6 1 1
+8 * 1
+3 * 1
+3 * 1 0 1
+7 +24 1
+3 * 1 0 0 0 0 0 0 0 0 1
+2 * 1
+4 +28 1 1
+4 * 1
+4 * 1 0 1
+7 -24 1 1
+7 +18 1 1 0 1 0 0 1
+7 +4 1
fi=(72) /usr/src/debug/glibc/glibc/elf/../include/scratch_buffer.h
+3 78 1 0 1 0 0 1 0 0 1
fe=(66)
+11 184 1 0 1
+10 -20 1 0 1
fi=(72)
+8 -87 1
+7 * 1 0 1
fe=(66)
+7 228 1 0 1
+7 * 1 0 1
+7 * 1 0 1 1 0 0 1
+7 * 1
+3 -31 1 1
+7 -4 1 0 1
+7 +4 1
+3 * 1 0 0 0 0 0 0 0 0 1 1
-17 * 6 6 0 0 1
+7 -4 6 0 6
+7 +4 6
+3 * 6 0 0 0 0 0 0 0 0 6 5
+8 +11 7 7
+5 * 7 0 0 0 0 0 0 0 0 7 3
+6 * 2 2 0 0 1 0 0 1
+8 * 2 0 0 0 0 0 0 0 0 2
+6 -18 2
+2 +18 2 2
+8 * 2 0 0 0 0 0 0 0 0 2
+6 417 7 0 0 1 0 0 1
+3 * 7 0 0 0 0 0 0 0 0 7 3
+6 +2 5
+2 +3 5
+4 * 5 0 5
+7 -3 5
+3 * 5 0 5
+8 +3 5
+4 -3 5 0 5
+7 +3 5 0 5
fi=(29)
+6 56 5 5 5 1 0 0 1 0 0 0 0 5 1
cfi=(28)
cfn=(80)
calls=5 0xc690 -20 
* * 90 15 15 0 0 0 0 0 0 15 3
fe=(66)
+6 423 5 5
+6 * 5 5
+7 * 5
+3 * 5 5
fi=(29)
+7 56 5
fe=(66)
+3 423 5 0 0 0 0 0 0 0 0 5
+6 +7 5
+4 * 5 0 5
+7 * 5
+8 * 5 0 5
+6 -1 5 0 5 0 0 1 0 0 1
+3 +1 5 0 5
cfi=(30)
cfn=(84)
calls=5 0x26440 210 
* * 63 17 12 0 0 0 0 0 0 12 3
+6 +1 5 5
+6 * 5
+8 * 5
+3 * 5
+3 * 5
+4 * 5 0 5
cfi=(30)
cfn=(84)
calls=5 0x26440 210 
* * 63 17 12 0 0 4 0 0 4 12 4
+6 +3 5 0 5
+7 +1 5 0 5
+8 * 5 5
+7 +4 5 5
+3 * 5
+3 * 5 0 0 0 0 0 0 0 0 5 4
-6 * 2 2 0 1 0 0 1
+3 * 2
+3 * 2 0 0 0 0 0 0 0 0 2 2
+2 188 6 6
+4 * 6
+12 442 6 6
+3 * 6
+2 * 6 0 0 0 0 0 0 0 0 6 5
+2 -1 7 7 0 1 0 0 1
+4 +1 7
+3 * 7 0 0 0 0 0 0 0 0 7 5
+2 183 1
+3 * 1 1
+7 * 1 0 1
+10 * 1 1
+7 * 1 1
+7 * 1
+14 +27 5 5 0 1 0 0 1
+4 * 5 5
+4 * 5 5
+8 * 5 0 0 0 0 0 0 0 0 5 3
+5 +8 5 5
+6 +3 5 5
+4 -6 5 0 5 0 0 1 0 0 1
+7 +1 5 0 5
+7 +2 5 0 5 1 0 0 1
+6 +3 5 5
+4 -4 5 0 5
+7 +4 5
+3 * 5 0 0 0 0 0 0 0 0 5
+6 +7 5
+7 -9 5 0 5
+7 +13 5 0 5
+7 -4 5
+3 +4 5 0 5
+7 * 5 0 5
+7 * 5 0 5 1 0 0 1
+7 -4 5 0 5
+7 +4 5
+3 * 5
+2 -10 5
+4 * 5 0 0 0 0 0 0 0 0 5
-4 * 142
+4 * 142 0 0 0 0 0 0 0 0 142 10
+6 +6 13 13
+7 * 13 13
+5 * 13
+3 * 13 0 13 0 0 1 0 0 1
cfi=(32)
cfn=(184)
calls=13 0x7360 * 
* * 590 90 39 0 6 1 0 6 1 43 7
+5 * 13
+3 * 13
+3 * 13 0 0 0 0 0 0 0 0 13 7
0x3c3f +4 13 0 0 1 0 0 1
+7 * 13
+7 -2 13 0 13
+7 +2 13
+7 * 13 0 13
cfi=(52)
cfn=(166)
calls=13 0x23c0 -24 
* * 25870 5285 2657 82 179 202 81 179 202 4500 663 98 35
+5 +1 13 13
+8 * 13 0 0 0 0 0 0 0 0 13
+6 +9 13 13
+7 +2 13 13
+7 * 13 0 0 0 0 0 0 0 0 13 6
+2 +5 5 0 0 1 0 0 1
+3 * 5
+3 * 5 0 0 0 0 0 0 0 0 5 3
+22 * 5
+4 * 5 0 5
+5 +6 5 5
+7 +2 5 0 5
+7 -8 5
+5 * 5
+4 +3 5 0 5
+4 +1 5 0 5 1 0 0 1
+6 +1 5 0 5
+8 +1 5 0 5
+4 +4 5 5
+7 -3 5 0 5
+7 +3 5
+3 * 5
+3 * 5 0 5
+6 +4 5 5
+7 * 5
+3 * 5 0 0 0 0 0 0 0 0 5 2
-10 * 8 8
+7 * 8
+3 * 8 0 0 0 0 0 0 0 0 8
+2 +1 9
+3 * 9
+4 * 9 0 9
+4 -43 9 9
+5 * 9
+4 * 9
+3 * 9 0 0 0 0 0 0 0 0 9 3
-12 * 138 138
+5 * 138
+4 * 138
+3 * 138 0 0 0 0 0 0 0 0 138 14
+6 * 5
+3 * 5 5
+7 * 5 5
+7 * 5 5
+7 * 5
+5 +7 13 0 0 1 0 0 1
+3 * 13
0x3dc0 +38 134 0 0 1 0 0 1
+4 * 134
+6 * 134 0 0 0 0 0 0 0 0 134 3
fi=(72)
0x3f34 85 1 1 0 1 0 0 1
+7 * 1 0 0 1 0 0 1
+7 * 1
+3 * 1 0 0 0 0 0 0 0 0 1 1
fe=(66)
+22 448 1 1
+6 * 1
+2 * 1 0 0 0 0 0 0 0 0 1
+2 * 1
+3 * 1 0 0 0 0 0 0 0 0 1
+2 +1 1 0 1
+7 +3 1 1
+7 * 1 0 1
+7 * 1 0 0 1 0 0 1
+3 * 1 0 0 0 0 0 0 0 0 1 1
+32 +11 1 1
+6 * 1 0 1
+7 * 1
+4 * 1
fi=(29)
+4 56 1 1 1 0 0 0 0 0 0 0 0 1 1
cfi=(28)
cfn=(80)
calls=1 0xc690 -20 
* * 18 3 3 0 0 0 0 0 0 3 1
fe=(66)
+6 465 1 1 0 1 0 0 1
+7 * 1
fi=(29)
+3 56 1
fe=(66)
+3 465 1 0 0 0 0 0 0 0 0 1
+6 +5 1 1
+6 +2 1
+6 -2 1
+3 +1 1 0 1
+7 -1 1
+4 +4 1
+2 -4 1 0 1
+7 +4 1
+13 * 6
+2 +4 6 6
+5 * 6
+3 * 6 0 0 0 0 0 0 0 0 6
-8 * 1 1 0 1 0 0 1
+5 * 1
+3 * 1 0 0 0 0 0 0 0 0 1
+6 +6 7
+3 +1 7 0 7 0 0 2 0 0 2
+4 * 7
+3 -1 7
+4 +6 7 0 7
+7 -16 7 7
+5 * 7
+3 * 7 0 0 0 0 0 0 0 0 7 6
+2 +21 1 1
+7 * 1
+3 * 1 0 0 0 0 0 0 0 0 1 1
0x4213 +37 1 0 0 1 0 0 1
+3 * 1 0 0 0 0 0 0 0 0 1 1
+6 +15 1
+3 -11 1 1
+7 +21 1
+8 -24 1
+3 * 1 0 0 0 0 0 0 0 0 1 1
0x42b1 +20 1 1 0 1 0 0 1
+3 -1 1
+7 * 1
+2 * 1
+3 * 1 0 1 1 0 0 1
+7 +1 1 1
+5 -1 1 1
+5 * 1
+3 * 1
+2 * 1
+3 * 1 0 1
cfi=(14)
cfn=(252)
calls=1 0x12890 298 
* * 435 109 61 12 0 0 12 0 0 85 27
+5 +5 1 0 1
+8 +2 1 0 1
+7 +1 1 0 1
+8 +1 1 1
+7 * 1
+3 * 1 0 0 1 0 0 1 0 0 1 1
+21 +7 1 1
+7 * 1
+3 * 1 0 0 0 0 0 0 0 0 1 1
+10 +3 1 1
+6 * 1
+2 * 1 0 0 0 0 0 0 0 0 1
+6 +3 1
+4 * 1 1
+1 * 1 1
+2 * 1 1
+2 * 1 1 0 1 0 0 1
+2 * 1 1
+2 * 1 1
+1 * 1 1
+76 198 7 7 0 1 0 0 1
+8 * 7 0 0 0 0 0 0 0 0 7 1
+6 * 7 7
+7 * 7 0 0 0 0 0 0 0 0 7 1
+6 * 6 6
+8 * 6
+3 * 6 0 0 0 0 0 0 0 0 6 1
+6 * 5 0 5 1 0 0 1
+7 +3 5
fi=(72)
+3 -70 5
+5 * 5
+7 * 5 0 5
cfi=(71)
cfn=(248)
calls=5 0x25440 30 
* * 110 25 15 2 0 0 2 0 0 10 4
fe=(66)
+6 +70 5 5
+7 * 5
+2 * 5 0 0 0 0 0 0 0 0 5
+6 +4 5 5
+7 * 5
0x4540 409 1 0 1
+7 547 1
+3 * 1 0 1
cfi=(30)
cfn=(84)
calls=1 0x26440 210 
* * 19 5 4 0 0 0 0 0 0 4 2
+6 * 1 1
+7 * 1
+9 -53 1 0 0 1 0 0 1
+3 * 1
+37 144 1 0 1 1 0 0 1
+5 * 1

fn=(226)
0x37c0 61 13 0 0 1 0 0 1
+4 * 13 0 13
+1 * 13
+3 * 13 0 13
+1 * 13
+3 * 13
+4 +7 13 13
+3 -4 13 13
+3 * 13 13
+4 * 13 13
+4 +1 13 13
+7 -1 13 13
+4 * 13
+2 * 13
+3 * 13
+2 * 13
+5 * 13
+3 * 13 0 13
cfi=(32)
cfn=(172)
calls=13 0xa780 2194 
* * 24700 4947 2293 81 179 198 80 179 198 4448 657 85 34
+5 * 13 0 13
+4 +5 13 13
+4 * 13 13
+1 * 13 13

fl=(34)
fn=(100)
0x4e70 24 1 0 0 1 0 0 1
+4 * 1 0 1
+1 +1 1
+2 * 1
+5 -1 1
+3 * 1 0 0 1 0 0 1
+4 +1 1
+4 * 1 0 1
cfi=(12)
cfn=(30)
calls=1 0x14f60 435 
* * 18 4 1 0 1 0 0 1 0 3 2
+5 * 1 1
+3 * 1
+2 * 1 0 0 0 0 0 0 0 0 1
+2 * 1
+3 * 1 0 0 0 0 0 0 0 0 1
+2 +14 1 1
+1 * 1 1

fl=(284)
fn=(1032)
0x11fc0 46 23 0 0 1 0 0 1
+4 * 23 0 23
+1 +2 23
+2 -2 23
+3 * 23 0 23
+2 * 23 0 23
+2 * 23 0 23
+2 * 23 0 23
+2 +9 23
+3 -9 23 0 23
+1 * 23
fi=(405) /usr/src/debug/glibc/glibc/elf/../sysdeps/x86_64/dl-runtime.h
+3 -18 23
fe=(284)
+4 +18 23
+4 +2 23 23 0 0 2 0 0 1
+4 * 23 23 0 0 3 0 0 1
+3 * 23 23 0 0 2 0 0 1
+7 * 23 23 0 0 3 0 0 1
+4 * 23
+4 * 23
+4 * 23
+4 +1 23 23 0 1 0 0 1
+4 * 23 23
+4 +5 23 23 0 0 2 0 0 1
+7 +1 23 23 0 0 3 0 0 1
+4 * 23
+4 * 23
+3 +1 23 23 0 0 11 0 0 2
+4 +2 23 23
+4 -2 23
+3 * 23
+4 * 23
+4 * 23
+3 * 23
+4 * 23 0 23 0 0 3 0 0 1
+4 +7 23
+4 * 23 0 0 1 0 0 1 0 0 23 1
+6 +4 23 23 0 0 18 0 0 10
+4 * 23 0 0 0 0 0 0 0 0 23
+6 +4 23 23 0 0 2 0 0 1
+7 -22 23
+3 +20 23
+3 +2 23
+3 * 23 0 0 0 0 0 0 0 0 23 3
+2 +4 23
+3 * 23 23 0 0 3 0 0 1
+4 * 23 23 0 0 6 0 0 1
+3 +1 23
+6 * 23
+4 * 23 23
+7 * 23
+4 -7 23
+2 * 23 23 0 1 6 0 1 1
+4 * 23
+2 * 23
+4 +16 23 23
+8 -1 23
+5 +1 23
+2 * 23 0 0 0 0 0 0 0 0 23 14
+19 +10 23 23
+2 * 23 23 0 0 2 0 0 1
+7 * 23 0 23
+2 * 23
+6 * 23 0 23
+1 * 23
+4 * 23 0 0 1 0 0 1
+3 * 23
+3 * 23 0 23
cfi=(80)
cfn=(302)
calls=23 0xb780 767 
* * 17998 4342 1532 77 252 31 9 50 12 2549 192 33 26
+5 +4 23 23
+2 * 23 23
+2 * 23 23
+9 -4 23
+3 +4 23
+3 * 23 0 0 0 0 0 0 0 0 23 1
+6 +10 23 23
+4 * 23
+3 * 23 0 0 0 0 0 0 0 0 23
+6 * 23 23
+5 * 23 0 0 0 0 0 0 0 0 23
+6 * 23
+3 * 23 0 0 1 0 0 1 0 0 23
+6 * 23 23
+3 * 23 23
+4 * 23 0 23
+4 +15 23 23
+4 * 23
+3 * 23
+2 * 23 0 0 0 0 0 0 0 0 23 2
+6 +9 23 23 0 0 3 0 0 1
+7 * 23
+3 * 23 0 0 0 0 0 0 0 0 23 6
+30 +26 23 23 0 3 0 0 2
+6 * 23
+2 * 23 0 0 0 0 0 0 0 0 23
fi=(6)
+2 +64 23 0 23
fe=(284)
+4 -60 23
+4 * 23 23
+1 * 23 23
+2 * 23 23
+2 * 23 23
+2 * 23 23
+2 * 23 23
+1 * 23 23
0x121c8 -1 23 23 0 2 0 0 2
+4 * 23
0x12250 -39 2 0 2 1 0 0 1
fi=(406) /usr/src/debug/glibc/glibc/elf/../sysdeps/x86_64/dl-irel.h
+4 -91 2 0 2 0 0 0 0 0 0 0 0 2 2
cob=(2)
cfi=(103)
cfn=(358)
calls=1 0xac770 -3 
* * 22 4 0 4 0 0 0 0 0 6 3
cob=(2)
cfi=(135)
cfn=(450)
calls=1 0xaff50 -3 
* * 24 5 0 2 2 0 0 0 0 5 1
fe=(284)
+2 +93 2 2
+4 * 2 0 2
+4 * 2

fl=(16)
fn=(616)
0x194f0 76 1 0 0 1 0 0 1
+4 -37 1 1
+6 * 1
+2 * 1 0 0 0 0 0 0 0 0 1
+2 +37 1
+2 * 1 1 0 1

fn=(36)
0x19520 37 1 0 0 1 0 0 1
+4 +2 1 1
+6 * 1
+2 * 1 0 0 0 0 0 0 0 0 1 1
+4 +2 1
cfi=(17)
cfn=(38)
calls=1 0x18010 728 
* * 7296 834 476 102 27 10 102 27 10 1628 228

fl=(53)
fn=(168)
0x258f0 31 14 0 0 1 0 0 1
+4 +2 14 0 14
+3 +9 14
+3 +1 14 14 0 1 0 0 1
+7 * 14
+4 +1 14 0 14
+4 +4 14 0 14 0 0 1 0 0 1
+4 +1 14 0 14
+4 +1 14 0 14
+4 +1 14 0 14
+4 +1 14
+5 +2 14 14
+7 * 14
+4 +2 14 0 14 0 0 1 0 0 1
+4 +1 14 14
+4 +1 14
+1 +2 14 14
+7 * 14
+4 +2 14 0 14 1 0 0 1
+4 +8 14
+2 +3 14
+5 +1 14 0 14 0 0 1 0 0 1
+4 +7 14
+2 +1 14 14

fl=(80)
fn=(302)
0xb780 767 2892 0 0 1 0 0 1
+4 * 2892 0 2892
+1 +3 2892
+4 -3 2892
+3 * 2892 0 2892 0 0 3 0 0 1
+2 * 2892
+3 * 2892 0 2892
+2 * 2892 0 2892
+2 * 2892 0 2892
+2 * 2892
+3 * 2892 0 2892
+1 * 2892
+3 * 2892
+7 * 2892 0 2892 0 0 4 0 0 1
+4 * 2892 0 2892 0 0 4 0 0 1
+7 * 2892 0 2892
+4 +3 2892 0 2892
fi=(81) /usr/src/debug/glibc/glibc/elf/../sysdeps/generic/dl-new-hash.h
+7 74 2892 2892 0 0 1830 0 0 1236
+3 +3 2892
+2 * 2892 0 0 1 0 0 1 0 0 2892
+6 -8 2892
+3 +1 2892
+6 * 2892
+1 +10 2892 2892 0 0 46 0 0 31
+4 +1 2892
+2 * 2892 0 0 0 0 0 0 0 0 2892
-6 -1 59084 59084 0 0 772 0 0 612
+4 +1 59084
+2 * 59084 0 0 0 0 0 0 0 0 59084 1457
+6 +20 60521
+7 -2 60521
+2 +6 60521
+4 -3 60521
+3 * 60521
+2 +2 60521
+3 -30 60521 60521 0 0 815 0 0 640
+3 +3 60521
+2 * 60521 0 0 0 0 0 0 0 0 60521 1484
fe=(80)
+2 770 2892 2892
+8 -1 2892 0 0 2 0 0 1
+5 +4 2892 0 2892 0 0 2 0 0 1
+8 -4 2892 0 2892
+4 +1 2892 0 2892
+4 +7 2892
+3 * 2892 0 0 0 0 0 0 0 0 2892 30
+2 * 2865 2865
+4 * 2865 0 0 0 0 0 0 0 0 2865
+6 +5 2892 2892
+7 * 2892 2892 0 0 2
+3 -2 2892 2892
+5 * 2892 0 0 0 0 0 0 0 0 2892 1
+6 +6 2892
+3 * 2892 0 0 2 0 0 1 0 0 2892
+6 -7 2892
+2 * 2892 0 2892
+7 -8 2892 2892
+7 +15 2892
+3 * 2892
+11 * 23 23
+4 * 23
+4 * 23
+2 * 23
+3 * 23 0 0 0 0 0 0 0 0 23 2
+2 +1 2892 2892
+3 * 2892 2892
+3 * 2892 2892 2892 0 0 4 0 0 3
+3 * 2892
+4 * 2892
+4 * 2892 0 2892 2 0 0 1
+1 * 2892 2892
+3 * 2892
+3 * 2892 2892 2892
+3 * 2892 0 2892
+1 * 2892
+3 * 2892 0 2892
+2 * 2892 0 2892
+1 * 2892 0 2892 0 0 4 0 0 3
cfn=(306) do_lookup_x
calls=2892 0xabc0 344 
* * 1078553 322323 127633 138 7407 20 69 1801 8 150828 9786 541 289
+5 * 2892
+4 * 2892
+2 * 2892 0 0 0 0 0 0 0 0 2892 3
+2 +5 2892 2892
+7 * 2892 2892
+5 * 2892 0 0 0 0 0 0 0 0 2892 2
+6 +23 2869 2869
+3 +1 2869
+3 * 2869 0 0 0 0 0 0 0 0 2869 5
+2 * 2864 2864
+4 * 2864
+2 * 2864
+2 * 2864 0 0 3 0 0 1 0 0 2864
+2 +7 2869 2869
+4 -7 2869
+3 +35 2869 2869
+8 * 2869
+3 * 2869
+2 * 2869 0 0 0 0 0 0 0 0 2869
+6 * 2869
+3 * 2869
+3 +14 2869 2869 0 0 23 0 0 1
+7 * 2869
+2 * 2869 0 0 0 0 0 0 0 0 2869 1
+6 +3 2869 2869
+7 * 2869 0 0 0 0 0 0 0 0 2869
+6 +17 2869 2869 0 2 0 0 1
+4 -74 2869 0 2869
+3 +76 2869
+4 * 2869
+3 * 2869 2869
+1 * 2869 2869
+2 * 2869 2869
+2 * 2869 2869
+2 * 2869 2869
+2 * 2869 2869
+1 * 2869 2869
-20 -76 23 0 23
+3 +76 23
+4 * 23
+3 * 23 23
+1 * 23 23
+2 * 23 23
+2 * 23 23
+2 * 23 23
+2 * 23 23
+1 * 23 23
fi=(81)
+58 87 1455 0 0 2 0 0 1
+3 +1 1455
+3 +1 1455
+3 * 1455
+4 +1 1455
fe=(80)
0xb9f8 794 23 23 0 1 0 0 1
+3 * 23
+3 * 23 0 0 0 0 0 0 0 0 23
+2 * 23 23 0 1 0 0 1
+4 * 23
+3 * 23
+2 * 23 0 0 0 0 0 0 0 0 23 2
0xba82 +78 23 0 0 1 0 0 1
+2 -60 23
+3 * 23
+72 +54 1 0 1 1 0 0 1
+11 * 1

fn=(306)
0xabc0 344 2892 0 2892 2 0 0 1
+1 * 2892
+3 * 2892
+3 * 2892
+3 * 2892
+7 * 2892 0 2892
+4 * 2892 2892
+4 * 2892 0 2892
+4 * 2892 2892
+4 * 2892 0 2892 0 0 4 0 0 2
+4 * 2892 2892
fi=(82) /usr/src/debug/glibc/glibc/elf/../sysdeps/generic/dl-protected.h
+4 29 2892
fe=(80)
+3 344 2892 0 2892
+4 * 2892 0 2892
+4 * 2892 0 2892
+4 * 2892 0 2892
+4 * 2892 0 2892
+4 +6 2892 2892 0 2 2 0 1 1
fi=(82)
+4 29 2892 0 2892
fe=(80)
+4 351 2892 2892
fi=(82)
+3 29 2892
+3 * 2892
+3 * 2892 2892
+4 * 2892
fe=(80)
+11 393 9809 9809 0 0 7 0 0 2
+6 * 9809
+2 * 9809 0 0 0 0 0 0 0 0 9809
+2 +8 9809 9809 0 0 17 0 0 2
+4 -4 9809 0 9809
+7 +1 9809 0 9809
+8 +3 9809 9809 0 2 14 0 1 2
+4 * 9809
+2 * 9809 9809
+7 * 9809 0 0 0 0 0 0 0 0 9809 8
+8 +1 9809 9809 0 0 4 0 0 1
+4 * 9809 9809 0 0 2
+4 +3 9809 9809
+7 -3 9809 0 9809
+4 +4 9809
+3 * 9809 0 0 0 0 0 0 0 0 9809
+6 +3 9809
+3 +4 9809 9809
+6 -4 9809
+3 +1 9809 9809
+6 -2 9809 9809 0 0 1735 0 0 214
+4 +5 9809
+3 * 9809
+2 * 9809
+2 +3 9809
+3 * 9809
+3 * 9809
+3 * 9809
+3 * 9809
+3 * 9809
+3 * 9809 0 0 0 0 0 0 0 0 9809 3200
+6 +99 6831
+4 * 6831
+3 * 6831 0 0 0 0 0 0 0 0 6831 23
+6 355 9820 9820 0 2 11 0 1 1
+5 * 9820 9820 0 0 20 0 0 3
+4 +3 9820
+3 * 9820 0 0 0 0 0 0 0 0 9820 2
+2 +4 9820 0 0 1 0 0 1
+4 * 9820 0 0 0 0 0 0 0 0 9820 26
+2 * 33 33
+7 * 33 0 0 0 0 0 0 0 0 33 4
+2 +21 9809 9809 0 0 13 0 0 2
+7 * 9809 0 0 0 0 0 0 0 0 9809 22
+17 +4 9809 9809 0 0 2
+7 * 9809 0 0 0 0 0 0 0 0 9809 16
fi=(4)
0xae40 151 2869 2869 0 4 0 0 1
+4 * 2869
+2 +1 2869
+3 * 2869
+3 * 2869
fe=(80)
+3 473 2869
+3 * 2869 0 0 0 0 0 0 0 0 2869
fi=(82)
+6 29 2869
+3 * 2869 0 0 0 0 0 0 0 0 2869 14
fe=(80)
+12 480 2869 2869
+4 * 2869
+3 * 2869
+2 * 2869 0 0 0 0 0 0 0 0 2869 800
+6 * 1211
+2 * 1211 0 0 0 0 0 0 0 0 1211 52
+6 * 1129
+2 * 1129 0 0 1 0 0 1 0 0 1129
+2 +16 2787 2787 0 1
+4 * 2787 0 2787
+3 +1 2787 0 2787
+4 +1 2787 2787
+4 * 2787
+5 +21 2787 2787
+4 * 2787 2787
+4 * 2787 2787
+4 * 2787 2787
+4 * 2787 2787
+1 * 2787 2787
-26 -21 82 82
+4 * 82
+5 +21 82 82
+4 * 82 82
+4 * 82 82
+4 * 82 82
+4 * 82 82
+1 * 82 82
-17 * 23 23
+4 * 23 23
+4 * 23 23
+4 * 23 23
+4 * 23 23
+1 * 23 23
+43 -52 122 122 0 2 0 0 1
+4 * 122 0 0 0 0 0 0 0 0 122 3
+2 * 2 2
+4 +2 2
+3 * 2 0 0 0 0 0 0 0 0 2 2
+6 +46 120
+4 * 120 120
+4 * 120
+3 * 120 0 0 0 0 0 0 0 0 120 2
+16 +3 23
+2 * 23
+6 -98 3002 0 0 2 0 0 1
+3 * 3002
+2 * 3002
+2 -1 3002 3002
+7 * 3002 3002 0 0 1495 0 0 236
+3 +2 3002
+2 * 3002 0 0 0 0 0 0 0 0 3002 13
+6 +2 2989 2989
+7 * 2989 0 2989
+4 +5 2989 0 2989 0 0 4 0 0 2
+7 * 2989 0 2989
+4 * 2989
+5 * 2989
+3 * 2989 0 0 3 0 0 1
+3 * 2989 0 2989
+4 * 2989 0 2989
+4 * 2989 0 2989
+4 * 2989 0 2989
+4 * 2989 0 2989
+4 * 2989
+10 +8 4604
+4 * 4604
+4 * 4604 0 0 0 0 0 0 0 0 4604 124
+6 -10 7471 7471 0 0 2403 0 0 566
+4 * 7471
+3 * 7471
+3 * 7471
+2 * 7471 0 0 0 0 0 0 0 0 7471 3187
+2 +3 2881
+4 * 2881 0 0 3 0 0 1
+4 * 2881 2881
+4 * 2881 2881
+4 -1 2881
+7 +1 2881 0 2881 0 0 5 0 0 2
+1 * 2881
+4 * 2881 2881
+4 -1 2881
+3 +1 2881 0 2881
+1 * 2881 2881
+3 -1 2881
+3 +1 2881 0 2881
+1 -1 2881
+4 +1 2881 2881 2881
+3 +1 2881
+2 -1 2881 0 2881
+1 * 2881 2881
+4 +1 2881
+4 -1 2881
+4 * 2881 2881 0 2 0 0 1
+4 * 2881 0 2881
cfn=(308) check_match
calls=2881 0xaa20 70 
* * 283218 79249 20455 84 1485 5 33 664 2 33316 1902 369 284
+5 +4 2881
+4 * 2881
+3 * 2881 0 0 0 0 0 0 0 0 2881 7
+2 * 2867
+3 * 2867 2867
+4 * 2867 2867
+4 * 2867
+3 * 2867 2867
+7 * 2867 2867
+4 * 2867 2867
+4 * 2867 2867
+4 * 2867
0xb080 219 82 82 0 1 0 0 1
+4 +2 82
+7 -2 82 0 82
+4 * 82 0 82
+4 +2 82
+4 -2 82 0 82
+4 * 82 0 82
+4 +2 82
+5 +2 82
+3 -2 82 0 82
+7 * 82
+3 * 82 82 82 0 3 0 0 0 0 0 0 82 1
cfi=(25)
cfn=(90)
calls=82 0x14180 43 
* * 246 82
+6 +2 82 82 0 0 2 0 0 1
+5 +2 82 82
+4 * 82 82 0 1 0 0 1
+4 * 82
+3 * 82 0 0 0 0 0 0 0 0 82 1
+6 -1 81 81
+5 +3 81
+3 * 81
+2 * 81
+3 * 81 0 81
+4 * 81
+3 +1 81 81
+4 -1 81 0 81
+7 * 81 0 81
+7 +1 81
+4 -1 81
+3 +1 81
+2 * 81
+3 -1 81 0 81 1 0 0 1
+7 * 81
+3 * 81
+3 +1 81
+4 * 81
+3 -1 81
+3 * 81
+3 * 81
+4 * 81
+3 * 81
+3 * 81 0 81
+7 * 81
+3 * 81
+3 * 81
+4 * 81 0 81
+4 * 81
+3 * 81
+3 * 81 0 0 1 0 0 1
+3 * 81
+3 * 81
+3 * 81
+3 * 81
-42 * 46
+3 * 46 0 46
+7 * 46
+3 * 46
+3 * 46
+4 * 46 0 46
+4 * 46
+3 * 46
+3 * 46
+3 * 46
+3 * 46
+3 * 46
+3 * 46
+6 +24 176
+3 * 176 0 0 0 0 0 0 0 0 176 82
+6 +3 95
+3 +1 95
+3 * 95
+3 * 95 0 0 0 0 0 0 0 0 95 44
+6 -23 176 176 0 0 101 0 0 43
+4 -1 176 176
+4 * 176 0 0 0 0 0 0 0 0 176 16
+80 484 1658 1658 0 2 2 0 2 1
+6 * 1658
+2 * 1658 0 0 0 0 0 0 0 0 1658 7
+36 +5 1 0 1
fi=(29)
+4 44 1
+5 * 1
+5 * 1 0 1
+4 * 1 1 1 1 0 0 1 0 0 0 0 1 1
cfi=(28)
cfn=(76)
calls=1 0xc7e0 +36 
* * 28 4 3 2 1 1 0 0 0 4 2 1
+6 * 1
fe=(80)
+3 299 1
+3 * 1 0 0 0 0 0 0 0 0 1
+6 +3 1 0 1
+5 -75 1 1
+4 +70 1
+6 +7 1 1
+7 -7 1 1
+4 +6 1 0 1
+9 -76 1
+3 +70 1 1
+4 +7 1 0 1
+5 167 1 0 0 1 0 0 1
+10 * 1
+3 * 1
+3 * 1
+3 * 1
+3 * 1
+4 * 1
+4 * 1
+3 * 1
+4 * 1
+3 * 1
+3 * 1
+3 +1 1
+10 * 1
+3 * 1
+4 * 1 0 0 1 0 0 1
+4 * 1
+3 * 1
+4 313 1 1
+2 -1 1 1
+4 * 1
+3 * 1
+4 * 1
+3 -5 1 1
+4 * 1 0 0 0 0 0 0 0 0 1 1
-20 +6 81 81
+2 -1 81 81
+4 * 81
+3 * 81
+4 * 81
+3 -5 81 81
+4 * 81 0 0 0 0 0 0 0 0 81 12
+76 +19 82 82 0 1 0 0 1
+5 * 82
+7 * 82 0 82
+4 +2 82 82
+7 -2 82 0 82
+6 +2 82 82 82 0 0 0 0 0 0 0 0 82 1
cfi=(25)
cfn=(90)
calls=82 0x14180 43 
* * 246 82
+6 +2 82 82
+4 * 82 82
+4 +1 82 0 82
+4 -1 82 0 82
+3 +1 82
+5 173 38
+3 * 38
+3 * 38
+4 * 38
+3 * 38
-10 * 82 0 0 1 0 0 1
+3 * 82
+4 * 82
+3 * 82
+19 -2 84
+3 +1 84
+3 * 84
+3 * 84 0 0 0 0 0 0 0 0 84 37
+2 -3 166 166 0 1 2 0 1 2
+5 * 166 0 0 0 0 0 0 0 0 166 54
+2 +7 82 0 82
+3 +1 82 0 82
+4 +1 82 0 82
+4 +1 82 0 82
+4 315 82 82
+7 * 82
+3 * 82
+2 * 82 0 0 0 0 0 0 0 0 82 14
+59 -56 81 0 0 1 0 0 1
+3 * 81 81
+5 * 81
+3 * 81 81
+4 * 81
+7 * 81 0 0 1 0 0 1
+4 * 81 81
+7 * 81 81
+7 * 81 81
+7 * 81 81
+4 * 81 81
+5 * 81
+4 * 81
+3 * 81 0 0 0 0 0 0 0 0 81 13
+6 +7 2
+4 * 2 0 2
+7 * 2 0 2
+4 * 2 0 2 1 0 0 1
cfi=(54)
cfn=(592)
calls=2 0xca30 85 
* * 159 14 0 2 4 0 2 2 0 22 14
fi=(29)
+5 44 2
fe=(80)
+5 266 2
fi=(29)
+3 44 2
+3 * 2 2 2 0 0 0 0 0 0 0 0 2 1
cfi=(28)
cfn=(76)
calls=2 0xc7e0 +36 
* * 56 8 6 0 1 1 0 0 0 8 4 2
+6 * 2
fe=(80)
+3 269 2
+3 * 2 0 0 0 0 0 0 0 0 2
+6 168 2
+5 * 2 2
+4 276 2 2
+4 * 2 2
+7 * 2 2
+7 168 2 0 2
+4 * 2
+3 * 2 0 0 1 0 0 1
+4 276 2
+3 * 2 2
+4 * 2
+4 * 2 0 0 0 0 0 0 0 0 2 1
+6 * 2 0 2
+4 * 2
+7 +1 2 2 0 0 2 0 0 1
+4 * 2
+3 * 2 0 0 0 0 0 0 0 0 2 2
-7 * 90 90 0 0 22 0 0 1
+4 * 90
+3 * 90 0 0 0 0 0 0 0 0 90 23
+2 +1 70
+5 * 70 70
+3 167 70
+2 278 70 70
+4 * 70 70
+5 * 70
+3 167 70 0 0 1 0 0 1
+3 +1 70
+2 -1 70
+3 +1 70
+2 * 70 70
+4 * 70
+4 +1 70
+3 * 70
+4 * 70
+3 * 70
+4 * 70
+3 * 70
-10 * 5
+3 * 5
+4 * 5
+3 * 5
+30 +2 14
+3 +1 14
+3 * 14
+3 * 14 0 0 0 0 0 0 0 0 14 6
+6 -3 84 84 0 0 57 0 0 56
+5 * 84 0 0 0 0 0 0 0 0 84 13
+2 +7 70 0 70
+2 +3 70 0 70
+4 -2 70 0 70
+4 +99 70
+4 * 70
+3 * 70 0 0 0 0 0 0 0 0 70 24
-7 * 22 0 0 1 0 0 1
+4 * 22
+3 * 22 0 0 0 0 0 0 0 0 22 9
+6 * 2 2
+4 +6 2 2
+5 * 2
+7 * 2 0 2 1 0 0 1
+4 * 2
+3 * 2 0 2
+4 * 2 0 2
+4 * 2
+3 * 2 2 2 0 0 0 0 0 0 0 0 2 1
cfi=(28)
cfn=(594)
calls=2 0xc820 97 
* * 10 4 0 0 0 0 0 0 0 2
+4 +4 2 2
+7 167 2
+2 285 2
+3 * 2 2
+4 * 2 2
+4 -2 2 0 2
+4 +3 2 0 2
+4 167 2 2
+4 285 2 0 2
+4 +1 2 2
+4 -2 2
+3 167 2
+3 +1 2 2
+4 -1 2
+3 +1 2
+2 * 2 2
+4 * 2
+4 * 2
+14 +88 46 0 0 1 0 0 1
+3 * 46
+3 * 46
+3 * 46
+3 * 46 46
+4 * 46
+3 * 46
+3 * 46
+3 * 46
0xb63e 445 122 0 0 2 0 0 1
+3 * 122 122
+4 * 122 122
+7 * 122 122
+4 * 122 122
+4 * 122 122
+4 * 122 122
+4 * 122
0xb6d0 173 5 0 0 1 0 0 1
+3 * 5

fn=(308)
0xaa20 70 2881 0 2881 2 0 0 1
+1 * 2881
+3 * 2881
+3 * 2881
+3 * 2881
+4 * 2881 2881 0 0 296 0 0 185
+5 +3 2881 2881
+5 -3 2881 0 2881 0 0 5 0 0 2
+4 * 2881
+3 * 2881 0 0 1 0 0 1
+3 +3 2881 2881 0 0 327 0 0 227
+5 * 2881 0 0 0 0 0 0 0 0 2881
+6 * 2881
+2 * 2881
+3 * 2881
+3 * 2881
+3 +13 2881
+5 * 2881
+2 * 2881
+3 * 2881
+3 * 2881 0 0 0 0 0 0 0 0 2881
+6 * 2881 0 2881
+4 * 2881
+3 * 2881 0 2881
+4 * 2881
+3 +3 2881
+3 * 2881 0 0 0 0 0 0 0 0 2881 320
+2 * 335 335 0 1
+3 * 335
+3 * 335 335
+4 * 335 0 335
cfi=(35)
cfn=(104)
calls=335 0x27000 +9 
* * 17171 2929 0 64 371 0 24 190 0 1913 504 164 140
+5 * 335
+2 * 335 0 0 0 0 0 0 0 0 335
+6 +4 2881 2881 0 1 0 0 1
+4 * 2881 2881 0 0 22 0 0 1
+7 +1 2881
+3 * 2881 0 0 0 0 0 0 0 0 2881 6
+2 +4 2877
+3 * 2877 0 0 0 0 0 0 0 0 2877
+2 +4 2877 2877
+3 * 2877 2877 0 0 228 0 0 53
+4 +1 2877
+3 * 2877
+5 * 2877
+4 * 2877 2877 0 1 0 0 1
+4 * 2877 2877
+7 * 2877
+4 * 2877 2877
+5 * 2877 2877 0 0 64 0 0 1
+3 * 2877 0 0 0 0 0 0 0 0 2877 20
+2 +1 2864 2864 0 0 14
+3 * 2864 2864 0 0 6
+4 * 2864 0 2864
+3 * 2864 0 2864
+4 * 2864 0 2864
cfi=(35)
cfn=(104)
calls=2864 0x27000 -6 
* * 94113 18067 0 10 153 0 2 7 0 10888 1039 205 144
+5 * 2864 2864
+4 * 2864 2864
+3 * 2864
+2 * 2864 0 0 0 0 0 0 0 0 2864
+2 +54 2867
+3 * 2867 2867
+4 * 2867 2867
+4 +1 2867 2867 0 1 0 0 1
+4 * 2867 2867
+1 * 2867 2867
+4 -18 4
+3 * 4 0 0 0 0 0 0 0 0 4 1
+2 +2 4 4
+3 * 4 4 0 0 3
+4 +1 4
+2 -1 4
+2 * 4
+6 +1 4
+4 * 4
+3 * 4
+3 -1 4
+2 * 4 0 0 0 0 0 0 0 0 4 2
+2 +4 1
+3 * 1 0 0 0 0 0 0 0 0 1 1
+25 -38 13 13 0 2 0 0 1
+5 * 13
+2 * 13 0 0 0 0 0 0 0 0 13
+2 +1 13 13
+3 +1 13 13 0 0 1
+3 * 13 0 0 0 0 0 0 0 0 13 8
+2 * 1
+3 * 1 0 0 0 0 0 0 0 0 1 1
+4 * 12 12
+4 * 12 12
+4 -33 12
+2 +81 12 12
+4 * 12 12
+1 * 12 12
-5 * 2 2
+4 * 2 2
+1 * 2 2
+33 -47 2 2 0 1 0 0 1
+4 * 2 2
+4 * 2 2
+2 * 2
+3 * 2 0 2
+2 * 2
+2 * 2 0 0 0 0 0 0 0 0 2
+2 +3 2 2
+4 * 2 2
+4 * 2 0 2
+3 * 2 2
+4 -37 2
+2 * 2

fl=(23)
fn=(64)
0x28660 57 27 0 0 1 0 0 1
+4 +44 27
+4 +1 27
+4 +1 27
+4 +1 27
+4 +1 27
+3 +1 27
+3 +1 27 0 0 1 0 0 1
+7 +2 27
+7 +2 27 0 0 0 0 0 0 0 0 27
+2 +31 27 27 0 0 1 0 0 1
+4 +1 27
+4 +1 27
+4 +1 27
+2 +1 27 0 0 0 0 0 0 0 0 27 8
+2 +1 12
+3 +2 12 12
+1 +4 15
+4 +1 15 15
+5 +1 15 15
+5 +1 15 15 0 0 2 0 0 2
+5 +1 15
+4 +1 15
+5 +1 15
+4 +1 15 0 0 1 0 0 1
+4 +1 15
+4 +1 15
+3 +1 15
+4 +1 15
+3 +5 15
+3 * 15
+3 * 15
+4 * 15
+3 * 15
+3 * 15 0 0 0 0 0 0 0 0 15
+2 * 15
+4 * 15 15

fl=(40)
fn=(118)
0x1c7a0 171 1 0 0 1 0 0 1
+4 * 1 0 1
+1 * 1
+3 * 1 0 1
+2 * 1 0 1
+2 * 1
+3 * 1 0 1
+2 +3 1
+3 -3 1 0 1
+2 +3 1
+3 -3 1 0 1
+1 * 1
+3 * 1 0 0 1 0 0 1
+7 * 1 0 1 0 0 1 0 0 1
+4 * 1 0 1
+4 * 1 0 1
+7 +2 1 0 1 0 0 1 0 0 1
cfi=(41)
cfn=(120)
calls=1 0x1cb20 29 
* * 31 6 0 3 0 0 3 0 0 7 2
fi=(42) /usr/src/debug/glibc/glibc/elf/./dl-hwcaps.h
+5 43 1 0 1
fe=(40)
+4 173 1 0 1
fi=(42)
+3 45 1 0 1
+8 +32 1 0 1
+7 +1 1 0 1
+8 * 1
fe=(40)
+28 -27 1 0 0 1 0 0 1
+4 * 1 0 1
cfi=(43)
cfn=(126)
calls=1 0x1ccf0 * 
* * 20 5 3 3 0 0 3 0 0 2 2
+5 * 1
+2 * 1 0 0 0 0 0 0 0 0 1
fi=(42)
+2 -8 1
+7 +2 1 0 1
+8 -2 1 0 1
+4 +34 1 1
+3 * 1 0 1
+3 +1 1 1
+4 * 1 0 1
+4 * 1 0 0 1 0 0 1
fe=(40)
+8 -24 2 2
+4 -1 2
+4 +1 2
+3 +2 2
+3 * 2
+4 -5 2
+4 * 2 0 2
cfi=(43)
cfn=(126)
calls=2 0x1ccf0 * 
* * 133 28 17 0 0 0 0 0 0 17 5
-4 * 1
+4 * 1 0 1
cfi=(43)
cfn=(126)
calls=1 0x1ccf0 * 
* * 152 30 20 3 2 0 3 2 0 19 3
+5 * 3
+2 * 3 0 0 0 0 0 0 0 0 3 2
+2 +48 1
+3 * 1 0 1
+4 * 1
+4 * 1 0 1
fi=(29)
+7 -43 1
+3 * 1 1 1 1 0 0 1 0 0 0 0 1 1
cfi=(28)
cfn=(80)
calls=1 0xc690 -20 
* * 18 3 3 0 0 0 0 0 0 3 1
fe=(40)
+6 +43 1 0 1
+7 +2 1
+3 * 1 0 0 0 0 0 0 0 0 1
+6 +3 1 0 1
+7 * 1 1
+4 +3 1
fi=(42)
+3 -64 1 0 1
+4 +2 1 0 1
+8 * 1
fe=(40)
+43 +66 1 0 0 1 0 0 1
+4 * 1 0 1
cfi=(43)
cfn=(128)
calls=1 0x1cba0 -86 
* * 7 2 0 0 0 0 0 0 0 1 1
+5 * 1
+2 * 1 0 0 0 0 0 0 0 0 1
fi=(42)
+2 -68 1
+7 +2 1 0 1
+8 -2 1 0 1
+4 +34 1 1
+3 * 1 0 1
+3 +1 1 1 0 1 0 0 1
+4 * 1 0 1
+4 * 1
fe=(40)
+11 +48 2 2
+4 * 2
+3 * 2
+4 * 2 2
+7 * 2 0 2 0 0 1 0 0 1
+3 +1 2 2
+4 * 2 0 2
+3 +1 2
+4 +1 2
+4 -1 2 0 2
+3 -4 2
+4 * 2 0 2
cfi=(43)
cfn=(126)
calls=2 0x1ccf0 -73 
* * 133 28 17 0 0 0 0 0 0 17 5
-4 * 1
+4 * 1 0 1
cfi=(43)
cfn=(126)
calls=1 0x1ccf0 -73 
* * 152 30 20 0 0 0 0 0 0 19 3
+5 * 3 0 0 1 0 0 1
+2 * 3 0 0 0 0 0 0 0 0 3 2
+2 +8 1
+3 * 1
+3 * 1 0 0 0 0 0 0 0 0 1
+6 +9 1 1
+7 * 1
+4 * 1 0 0 0 0 0 0 0 0 1
+6 +3 1 1
+7 * 1 0 1
+7 * 1
+5 * 1 0 1
+7 * 1 0 1
+4 * 1 0 1 1 0 0 1
+4 * 1 0 1
+7 * 1 0 1
+7 * 1
+4 * 1
+11 -2 1 1
+4 * 1
+3 * 1 0 1
+4 * 1
+3 * 1
+4 * 1
+4 * 1
+10 +8 1 1 0 1 0 0 1
+4 * 1 1
+4 +4 1 1
+4 * 1 1
+3 -4 1
+3 * 1
+3 +4 1
+4 * 1
+3 * 1 0 1
cfi=(45)
cfn=(134)
calls=1 0x26160 -95 
* * 19 5 0 3 0 0 3 0 0 4 2
+5 +1 1
+2 * 1 0 0 0 0 0 0 0 0 1
+2 +1 1 0 0 0 0 0 0 0 0 1 1
+7 +4 1 1
+5 +1 1 1
+4 * 1
+5 +1 1 0 1
+3 -20 1 0 0 1 0 0 1
+4 * 1
+4 +19 1 0 1
+3 +1 1 0 1
+5 -20 1
+4 * 1 0 0 0 0 0 0 0 0 1
+2 * 1 1
+4 -1 1
+4 * 1 1
+4 * 1 0 0 0 0 0 0 0 0 1
+6 * 1 1
+7 * 1 1
+7 * 1 1
+7 * 1 1 0 1 0 0 1
+7 +47 1 1
+4 * 1
+5 * 1 0 1
+4 * 1 0 1 0 0 1 0 0 1
+3 -3 1
+4 +7 1 1
+7 -7 1
+3 +7 1
fi=(29)
+5 56 1 1 1 0 0 0 0 0 0 0 0 1 1
cfi=(28)
cfn=(80)
calls=1 0xc690 -20 
* * 18 3 3 0 0 0 0 0 0 3 1
+6 * 1
fe=(40)
+3 193 1
+3 * 1 0 0 0 0 0 0 0 0 1
+6 +8 1 1
+4 +1 1
+3 * 1 0 0 1 0 0 1
+4 * 1
+2 * 1
+5 * 1 0 1
+4 -1 1 1
+3 * 1
+4 * 1
+3 +1 1 0 1
+4 * 1 0 1
cfn=(138) copy_hwcaps
calls=1 0x1c700 73 
* * 44 10 12 1 0 0 1 0 0 3 2
+5 +1 1 1
+3 * 1 1
+4 * 1
+4 * 1
+7 * 1 0 1
cfn=(138)
calls=1 0x1c700 73 
* * 379 81 68 2 0 1 2 0 1 43 11
+5 * 1 1
+4 +4 1 1
+4 -23 1 1 0 1 0 0 1
+4 +23 1 0 1
+3 +1 1 0 1
+8 -24 1 1
+7 * 1
+4 * 1 0 1
+3 +31 1
+7 * 1
+3 * 1 1
+1 * 1 1
+2 * 1 1
+2 * 1 1
+2 * 1 1
+2 * 1 1
+1 * 1 1

fn=(138)
0x1c700 73 2 0 2 1 0 0 1
+1 * 2
+3 * 2 0 2
+2 +6 2
+10 -6 2 0 2
+2 +6 2
+10 -6 2 0 2
+1 * 2
+3 * 2
fi=(42)
+4 -30 2 0 2
+4 +2 2 0 2
+8 +32 2 0 2
+3 +1 2 0 2
+4 * 2
fe=(40)

ob=(5)
fl=(199)
fn=(1670)
0x1090 0 1 0 0 1 0 0 1
+4 0 1 1 0 0 1 0 0 1
+7 0 1 0 0 0 0 0 0 0 0 1
+2 0 1 0 1
+1 0 1 1 0 0 1 0 0 1
+8 0 1
+3 0 1 0 0 0 0 0 0 0 0 1 1

ob=(1)
fl=(40)
fn=(138)
fi=(42)
0x1c740 78 2 2 0 1 0 0 1
+4 * 2 2
fe=(40)
+3 +1 2 2
+4 * 2 2
+4 -1 2 0 2
+3 +1 2
+4 * 2 0 2 0 0 1 0 0 1
+4 * 2 0 2
+4 * 2 0 2
cfi=(30)
cfn=(142)
calls=2 0x26430 197 
* * 26 6 4 1 0 0 1 0 0 4 4
+6 +4 2 0 2
+3 +2 2 2
+4 +2 2
+4 -3 2 2
+3 +1 2
+4 * 2 0 2
+4 +1 2
+4 * 2 0 2
+3 +1 2 0 2
+4 -11 2
+4 * 2 0 2
cfi=(43)
cfn=(126)
calls=2 0x1ccf0 -25 
* * 133 28 17 0 0 0 0 0 0 17 4

ob=(5)
fl=(199)
fn=(1670)
0x10ab 0 1 1
+7 0 1 1 1 0 0 0 0 0 0 0 0 1 1
cob=(2)
cfi=(382)
cfn=(1652)
calls=1 0x40960 45 
* 0 99 22 12 0 0 0 0 0 0 23 5
+6 0 1 0 1
cfn=(1678) 0x0000000000001020
calls=1 0x1020 0 
* 0 5 1 0 2 0 0 2 0 0 1 1
+5 0 1 0 1 1 0 0 1
+7 0 1 1
+1 0 1 1

fn=(1678)
0x1020 0 1 0 0 1 0 0 1
+7 0 1
+7 0 1
+3 0 1 0 0 0 0 0 0 0 0 1 1
+23 0 1 1 0 1 0 0 1

fn=(678)
0x1050 0 1 0 0 1 0 0 1
+7 0 1
+7 0 1
+3 0 1
+3 0 1
+4 0 1
+4 0 1
+3 0 1
+3 0 1 0 0 0 0 0 0 0 0 1

ob=(1)
fl=(40)
fn=(138)
0x1c785 76 2
+4 * 2 0 2
cfi=(43)
cfn=(126)
calls=2 0x1ccf0 -25 
* * 172 35 23 0 0 0 0 0 0 21 3
+5 * 4
+2 * 4 0 0 0 0 0 0 0 0 4 2
+2 +13 2
+4 * 2 2
+1 * 2 2
+2 * 2 2
+2 * 2 2
+1 * 2 2

ob=(5)
fl=(199)
fn=(678)
0x1088 0 1 1 0 1 0 0 1
+88 0 1 0 0 1 0 0 1
+4 0 1

ob=(6)
fl=(205)
fn=(700)
0x42d0 60 1 0 0 1 0 0 1
fi=(207) /usr/src/debug/gcc/gcc/libgcc/../gcc/common/config/i386/cpuinfo.h
+4 1172 1 1 0 0 1
+7 * 1 1 0 0 1
+2 * 1
+2 * 1 0 0 0 0 0 0 0 0 1
fe=(205)
+6 60 1 0 1
fi=(206) /usr/src/debug/gcc/gcc-build/gcc/include/cpuid.h
+1 315 1
fe=(205)
+2 60 1
+3 * 1
+4 * 1 0 1
fi=(206)
+4 315 1
+2 +21 1
+2 * 1 0 0 0 0 0 0 0 0 1
+6 +3 1
+2 * 1 0 0 1 0 0 1
+2 * 1
+3 * 1
fi=(207)
+3 1185 1
+2 * 1 0 0 0 0 0 0 0 0 1
fi=(206)
+6 315 1
+2 * 1
+2 +21 1
+2 * 1 0 0 0 0 0 0 0 0 1
+6 * 1 0 1
+4 +3 1
+5 * 1 0 1
+4 * 1 0 1
+4 * 1 0 1
+4 * 1
+2 * 1
fi=(207)
+3 1199 1
+2 +1 1
fi=(206)
+3 339 1
fi=(207)
+3 1199 1
+3 +1 1 0 0 1 0 0 1
+4 -1 1
+3 +1 1
+4 -1 1 0 1
+3 +2 1
+2 +1 1
+3 -2 1
+3 +2 1
+3 -1 1
+3 +1 1 0 1
+3 778 1
+2 1201 1
+6 778 1
+5 1201 1 0 1
+3 778 1
+2 * 1 0 0 0 0 0 0 0 0 1 1
+20 +24 1 0 0 1 0 0 1
+7 * 1 0 0 0 0 0 0 0 0 1
+2 92 1 0 1
+4 804 1
+7 * 1 0 0 0 0 0 0 0 0 1
+2 92 1 0 1
+4 806 1
+7 * 1 0 0 0 0 0 0 0 0 1
+2 92 1 0 1
+4 808 1
+7 * 1 0 0 0 0 0 0 0 0 1
+2 92 1 0 1
+4 +9 1
+7 810 1 0 0 1 0 0 1
+7 * 1 0 0 0 0 0 0 0 0 1 1
+6 +2 1
+7 * 1 0 0 0 0 0 0 0 0 1 1
+6 +3 1
+7 * 1 0 0 0 0 0 0 0 0 1
+2 92 1 0 1
+4 817 1
+3 * 1
+5 * 1 0 0 0 0 0 0 0 0 1
+2 92 1 0 1
+7 819 1
+4 * 1 0 0 0 0 0 0 0 0 1 1
+2 92 1 0 1 1 0 0 1
+7 821 1
+4 * 1 0 0 0 0 0 0 0 0 1
+2 92 1 0 1
+4 823 1
+7 * 1 0 0 0 0 0 0 0 0 1 1
+2 92 1 0 1
+4 825 1
+7 * 1 0 0 0 0 0 0 0 0 1
+2 92 1 0 1
+7 827 1
+7 * 1 0 0 0 0 0 0 0 0 1
+2 92 1 0 1
+7 829 1
+2 * 1 0 0 1 0 0 1 0 0 1 1
+6 +2 1
+7 * 1 0 0 0 0 0 0 0 0 1 1
+6 +2 1
+7 * 1 0 0 0 0 0 0 0 0 1 1
+6 +2 1
+2 * 1 0 0 0 0 0 0 0 0 1
+2 92 1 0 1
+7 837 1
+7 * 1 0 0 0 0 0 0 0 0 1 1
+6 +2 1
+7 * 1 0 0 1 0 0 1 0 0 1 1
+6 +2 1
+3 * 1 0 0 0 0 0 0 0 0 1
+2 +2 1
+7 * 1 0 0 0 0 0 0 0 0 1
+2 92 1 0 1
+7 845 1
+7 * 1 0 0 0 0 0 0 0 0 1
+2 92 1 0 1
+7 847 1
+7 * 1 0 0 0 0 0 0 0 0 1 1
+6 +5 1
+4 * 1 0 0 0 0 0 0 0 0 1
+6 +4 1 0 0 1 0 0 1
+5 * 1
+2 * 1
+2 * 1
+3 * 1
+3 +1 1
+3 * 1 0 0 0 0 0 0 0 0 1
+2 92 1 0 1
+7 859 1
+4 * 1 0 0 0 0 0 0 0 0 1
+6 +2 1
+4 * 1 0 0 0 0 0 0 0 0 1
+6 +2 1
+7 * 1 0 0 0 0 0 0 0 0 1
+6 +2 1
+3 * 1 0 0 0 0 0 0 0 0 1 1
+2 +2 1 0 0 1 0 0 1
+4 * 1 0 0 0 0 0 0 0 0 1
+2 92 1 0 1
+7 869 1
+7 * 1 0 0 0 0 0 0 0 0 1
+6 +2 1
+7 * 1 0 0 0 0 0 0 0 0 1
+6 +3 1
+7 * 1 0 0 0 0 0 0 0 0 1
+2 92 1 0 1
+7 876 1
+4 * 1 0 0 1 0 0 1 0 0 1
+6 +2 1
+7 * 1 0 0 0 0 0 0 0 0 1 1
+6 +2 1
+7 * 1 0 0 0 0 0 0 0 0 1
+6 +2 1
+7 * 1 0 0 0 0 0 0 0 0 1
+6 +2 1
+7 * 1 0 0 0 0 0 0 0 0 1
+6 +2 1
+7 * 1 0 0 1 0 0 1 0 0 1
+6 +3 1
+4 * 1 0 0 0 0 0 0 0 0 1
+6 +2 1
+7 * 1 0 0 0 0 0 0 0 0 1
+6 +2 1
+7 * 1 0 0 0 0 0 0 0 0 1
+6 +2 1
+7 * 1 0 0 0 0 0 0 0 0 1
+6 +2 1
+7 * 1 0 0 0 0 0 0 0 0 1
+6 +2 1 0 0 1 0 0 1
+7 * 1 0 0 0 0 0 0 0 0 1
+6 +2 1
+7 * 1 0 0 0 0 0 0 0 0 1
+6 +2 1
+4 * 1 0 0 0 0 0 0 0 0 1 1
+6 +2 1
+4 * 1 0 0 0 0 0 0 0 0 1
+6 +4 1
+3 * 1 0 0 0 0 0 0 0 0 1
+6 +2 1
+6 * 1 0 0 1 0 0 1 0 0 1 1
+6 +2 1
+6 * 1 0 0 0 0 0 0 0 0 1
+6 +2 1
+6 * 1 0 0 0 0 0 0 0 0 1
+6 +2 1
+3 * 1 0 0 0 0 0 0 0 0 1
+6 +2 1
+3 * 1 0 0 0 0 0 0 0 0 1 1
+38 +9 1 0 0 1 0 0 1
+3 * 1 0 0 0 0 0 0 0 0 1 1
0x4708 +30 1 0 0 1 0 0 1
+2 * 1 0 0 0 0 0 0 0 0 1 1
0x47e8 +58 1 0 0 1 0 0 1
+4 * 1 0 0 0 0 0 0 0 0 1
+2 +2 1
+5 * 1
+5 * 1
+2 +1 1
+2 * 1 0 0 1 0 0 1 0 0 1
+6 +2 1
+2 * 1 0 0 0 0 0 0 0 0 1
+6 +2 1
+2 * 1 0 0 0 0 0 0 0 0 1
+6 +5 1
+4 * 1 0 0 0 0 0 0 0 0 1 1
+52 +69 1 0 0 1 0 0 1
+5 * 1
+2 * 1
+3 +4 1
+5 * 1 0 0 0 0 0 0 0 0 1
+6 +2 1
+5 * 1
+2 +2 1
+3 * 1 0 0 0 0 0 0 0 0 1 1
+9 +2 1
+3 * 1 0 0 0 0 0 0 0 0 1 1
+6 +2 1
+2 * 1
+3 * 1 0 0 1 0 0 1 0 0 1 1
+6 +2 1
+3 * 1 0 0 0 0 0 0 0 0 1
+6 +2 1
+6 * 1 0 0 0 0 0 0 0 0 1
+6 +2 1
+2 * 1 0 0 0 0 0 0 0 0 1 1
+6 +2 1
+3 * 1 0 0 0 0 0 0 0 0 1
+6 +2 1
+6 * 1 0 0 0 0 0 0 0 0 1
+6 +3 1
+6 * 1 0 0 1 0 0 1 0 0 1 1
+6 +2 1
+6 * 1 0 0 0 0 0 0 0 0 1
+6 +2 1
+2 * 1 0 0 0 0 0 0 0 0 1
+6 +3 1
+3 * 1 0 0 0 0 0 0 0 0 1
+2 +2 1
+6 * 1 0 0 0 0 0 0 0 0 1
+9 +2 1
+3 * 1 0 0 0 0 0 0 0 0 1
+6 +5 1
+7 * 1 0 0 0 0 0 0 0 0 1
+2 +2 1 0 0 1 0 0 1
+5 * 1
+2 * 1
+3 +1 1
+3 * 1 0 0 0 0 0 0 0 0 1
+6 +2 1
+7 * 1 0 0 0 0 0 0 0 0 1
+6 +4 1
+7 * 1 0 0 0 0 0 0 0 0 1
+6 +61 1
+7 * 1 0 0 0 0 0 0 0 0 1 1
+52 +16 1 0 1 1 0 0 1
+2 75 1 1
+2 1265 1
+5 * 1 0 0 0 0 0 0 0 0 1
+2 66 1 1
+3 1266 1
+3 * 1 0 0 0 0 0 0 0 0 1 1
+6 -93 1 1
+4 * 1 1
+4 * 1
+2 * 1 1
+4 * 1 1
fe=(205)
+4 62 1
+13 +2 1 1
+4 * 1 1
+1 * 1 1
fi=(207)
+4 784 1 0 0 1 0 0 1
+2 * 1
+3 +3 1
+2 * 1
+2 * 1
+3 * 1 0 0 0 0 0 0 0 0 1 1
+12 +7 1
+2 * 1 0 0 1 0 0 1
+3 * 1
+2 * 1
+6 * 1
+4 +2 1
+3 -1 1
+3 * 1 0 1
+3 * 1
+5 1211 1
+4 * 1 0 0 0 0 0 0 0 0 1
+6 +5 1
+4 * 1 0 0 0 0 0 0 0 0 1
+6 776 1
+5 * 1
+5 101 1 0 1
+6 * 1 0 0 1 0 0 1
+5 * 1 0 1
+6 * 1
+5 * 1 0 1
+6 * 1
+5 * 1 0 1
+7 * 1
+5 * 1 0 1
+4 * 1
+5 * 1 0 1
+6 * 1
+5 * 1 0 1 1 0 0 1
+6 * 1
+5 776 1
+3 * 1
0x4c31 1217 1 1 0 1 0 0 1
+3 * 1 1
+3 364 1
+6 * 1 0 0 1 0 0 1 0 0 1
+6 * 1
+3 * 1 0 0 0 0 0 0 0 0 1 1
0x4f6d 791 1 0 0 1 0 0 1
+2 * 1
+3 -2 1
+6 +2 1
+2 * 1
+3 * 1 0 0 1 0 0 1
+4 * 1
+18 1271 1
+2 101 1 0 1
+7 1271 1
+2 * 1
+6 * 1 0 0 0 0 0 0 0 0 1
+6 +1 1
+2 * 1
+2 * 1
+6 * 1 0 0 0 0 0 0 0 0 1
+6 101 1 1
+3 * 1
+2 * 1 0 0 1 0 0 1
+3 * 1 0 1
+3 1281 1
+2 * 1
+2 * 1
+6 * 1 0 0 0 0 0 0 0 0 1
+6 +1 1
+2 * 1
+5 * 1 0 0 0 0 0 0 0 0 1
+6 101 1
+2 * 1
+2 * 1
+2 * 1
+3 * 1
+3 * 1
+6 * 1
+3 * 1 0 1
+3 * 1
+28 * 1 0 1
+6 * 1
+5 * 1 0 1 1 0 0 1
+6 * 1
+51 * 1 0 1 1 0 0 1
+6 * 1
+68 * 1 0 1 1 0 0 1
+4 * 1
+16 * 1 0 1
+6 * 1
+25 * 1 0 1 1 0 0 1
+6 * 1
0x5277 364 1 0 0 1 0 0 1
+3 * 1 0 0 0 0 0 0 0 0 1 1
0x53bf * 1 0 0 1 0 0 1
+3 * 1
+3 * 1 0 0 0 0 0 0 0 0 1
+6 * 1
+5 * 1
+3 * 1
+5 * 1 0 0 0 0 0 0 0 0 1 1
0x54f9 +99 1 0 0 1 0 0 1
+10 * 1 0 1
+4 +2 1
fe=(205)

fl=(208)
fn=(706)
0x5570 0 1 0 0 1 0 0 1
+7 0 1
+7 0 1 0 0 1 0 0 1
+3 0 1
+3 0 1
+4 0 1
+4 0 1
+3 0 1
+3 0 1 0 0 0 0 0 0 0 0 1 1
+22 0 1 1
+88 0 1 0 0 1 0 0 1
+4 0 1

fn=(1768)
0x55b0 0 1 0 0 1 0 0 1
+4 0 1 1 0 0 1 0 0 1
+7 0 1 0 0 0 0 0 0 0 0 1
+2 0 1 0 1
+1 0 1 1 0 1 1 0 1 1
+8 0 1
+3 0 1 0 0 0 0 0 0 0 0 1
+2 0 1 1
+7 0 1 1 1 0 0 0 0 0 0 0 0 1 1
cob=(2)
cfi=(382)
cfn=(1652)
calls=1 0x40960 45 
* 0 99 22 12 0 0 0 0 0 0 23 2
+6 0 1 0 1
cfn=(1776) 0x0000000000005540
calls=1 0x5540 0 
* 0 5 1 0 1 0 0 1 0 0 1
+5 0 1 0 1
+7 0 1 1
+1 0 1 1

fn=(1776)
0x5540 0 1 0 0 1 0 0 1
+7 0 1
+7 0 1
+3 0 1 0 0 0 0 0 0 0 0 1
+23 0 1 1

fl=(391)
fn=(1764)
0x42a0 58 1 0 0 1 0 0 1
+4 * 1 0 1
+1 +3 1
+7 -3 1
+3 +3 1 0 1
cfi=(392) /usr/src/debug/gcc/gcc/libgcc/unwind-dw2-btree.h
cfn=(1766) btree_destroy
calls=1 -95 354 
* * 16 6 4 1 1 0 1 1 0 3 2
+5 +1 1
+7 * 1 0 1
cfi=(392)
cfn=(1766)
calls=1 0x4250 354 
* * 16 6 4 0 0 0 0 0 0 3 2
+5 +1 1 0 1 1 0 0 1
+7 +1 1 1
+1 * 1 1

fl=(392)
fn=(1766)
0x4250 354 2 0 2 1 0 0 1
+1 +3 2
+2 -3 2
+3 * 2 0 2
+2 * 2
+3 * 2 0 2
+1 +3 2 2 2 0 1 0 0 1 0 2
+3 +1 2
+3 * 2 0 0 0 0 0 0 0 0 2 2
+2 +4 2 2
+5 * 2
+3 * 2 0 0 0 0 0 0 0 0 2 2
+27 +6 2 2
+1 * 2 2
+2 * 2 2
+1 * 2 2

ob=(2)
fl=(114)
fn=(390)
0xad310 29 4 0 0 1 0 0 1
fi=(115) /usr/src/debug/glibc/glibc/string/../sysdeps/x86_64/multiarch/ifunc-memset.h
+4 +32 4 4 0 0 1
+7 * 4
+7 * 4 4 0 0 1
+6 * 4
+3 * 4 0 0 0 0 0 0 0 0 4
+2 +3 4 4 0 0 1
+6 * 4
+6 * 4 0 0 0 0 0 0 0 0 4
+2 +16 4
+3 * 4 0 0 0 0 0 0 0 0 4
+2 +4 4 0 0 1 0 0 1
+2 * 4
+2 * 4
+5 * 4 0 0 0 0 0 0 0 0 4
+6 +8 4
+3 * 4 0 0 0 0 0 0 0 0 4 2
fe=(114)
+75 -63 4 4 0 1 0 0 1
fi=(115)
+67 +71 4 0 0 1 0 0 1
+3 * 4 0 0 0 0 0 0 0 0 4
+2 -48 4
+7 +1 4
+3 * 4 0 0 0 0 0 0 0 0 4 2
fe=(114)

fl=(116)
fn=(394)
0xad290 29 1 0 0 1 0 0 1
fi=(111) /usr/src/debug/glibc/glibc/string/../sysdeps/x86_64/multiarch/ifunc-avx2.h
+4 +9 1 1
+7 * 1 1
+6 +2 1
+2 * 1
+2 * 1
+6 * 1 0 0 0 0 0 0 0 0 1 1
+13 +1 1 1
+7 * 1 0 0 1 0 0 1 0 0 1
+2 +1 1 1
+6 * 1
+3 * 1 0 0 0 0 0 0 0 0 1
+2 +4 1
+2 * 1
+2 * 1
+5 * 1 0 0 0 0 0 0 0 0 1
+2 +3 1
+7 * 1
+3 * 1 0 0 0 0 0 0 0 0 1
+2 +3 1
+3 * 1
+7 * 1
+7 * 1
+4 * 1 1
fe=(116)

fl=(217)
fn=(750) __pthread_once_slow.isra.0
0x9d810 67 1 0 1 1 0 0 1
+1 * 1
+3 * 1
+3 * 1 0 1
+1 * 1
+4 * 1 1
+9 * 1 0 1
+4 * 1
+3 +9 1 1
+3 +4 1
+2 * 1 0 0 0 0 0 0 0 0 1 1
+2 +52 1 1
+4 * 1 1
+9 * 1 0 0 0 0 0 0 0 0 1
+6 * 1 1
+4 * 1 1
+1 * 1 1
+5 -44 1 1 0 1 1 0 1 1
+6 * 1
+3 +4 1 0 1
+5 * 1 0 0 0 0 0 0 0 0 1
+2 +4 1
+2 * 1 0 0 0 0 0 0 0 0 1 1
+78 +18 1 0 0 1 0 0 1
+4 * 1
+4 * 1
+4 * 1 0 1 0 0 1
+4 * 1 0 0 1 0 0 1
+7 * 1
+7 * 1 0 1
+7 * 1 0 1
+4 * 1 0 1
+4 * 1 0 1
+4 * 1 0 1
+7 * 1 0 1
+4 * 1 0 1
+4 * 1 0 1
cfi=(218) /usr/src/debug/glibc/glibc/nptl/cleanup_compat.c
cfn=(752) _pthread_cleanup_push@@GLIBC_2.34
calls=1 0x94b80 -89 
* * 7 2 4 1 1 0 1
+5 +2 1 1
+4 * 1 0 1 0 0 0 0 0 0 0 0 1 1
cob=(7)
cfi=(215)
cfn=(754)
calls=1 0xcccb0 +92 
* * 60 18 11 9 1 1 9 0 0 8 4 2 2
+3 +2 1
+2 * 1 0 0 1 0 0 1
+4 * 1 0 1
cfi=(218)
cfn=(760) _pthread_cleanup_pop@@GLIBC_2.34
calls=1 0x94bb0 -78 
* * 6 2 1 1 0 0 1 0 0 1 1
fi=(221) /usr/src/debug/glibc/glibc/nptl/../sysdeps/nptl/futex-internal.h
+5 +71 1
+3 * 1
+5 * 1
+5 * 1
fe=(217)
+5 -65 1 1
+4 * 1 0 1
fi=(221)
+7 +65 1
+3 * 1
+2 * 1
+6 * 1 0 0 0 0 0 0 0 0 1 1
fe=(217)

fn=(748)
0x9d960 136 1572366 0 0 1 0 0 1
+4 +3 1572366 1572366 0 0 3 0 0 2
+2 +1 1572366
+2 * 1572366 0 0 0 0 0 0 0 0 1572366 3
+2 +4 1572365
+2 * 1572365 1572365
+4 -8 1 0 1
+1 * 1
+3 +7 1 0 1 0 0 1
cfn=(750)
calls=1 0x9d810 -76 
* * 125 32 32 16 3 2 16 1 0 14 8 3 3
+5 +1 1
+2 * 1 1
+1 * 1 1

fl=(179)
fn=(600)
0x12a9a0 29 1 0 0 1 0 0 1
fi=(180) /usr/src/debug/glibc/glibc/debug/../sysdeps/x86_64/multiarch/ifunc-wmemset.h
+4 +7 1 1
+7 * 1 1 0 0 1
+6 * 1
+3 * 1 0 0 0 0 0 0 0 0 1
+2 +1 1 1 0 0 1
+6 * 1
+3 * 1 0 0 1 0 0 1 0 0 1
+2 +3 1
+2 * 1 0 0 0 0 0 0 0 0 1
+2 +8 1
+7 * 1
+3 * 1 0 0 0 0 0 0 0 0 1 1
+2 +3 1
+7 * 1
+3 * 1
+7 * 1
fe=(179)
+4 -22 1 1

fl=(376) /usr/src/debug/glibc/glibc/stdlib/exit.c
fn=(1632) __run_exit_handlers
0x40f10 45 1 0 0 1 0 0 1
+4 * 1 0 1
+1 * 1
+3 * 1 0 1
+2 * 1 0 1
+2 * 1
+3 * 1 0 1
+2 * 1
+3 * 1 0 1
+2 * 1 0 1
+1 * 1
+4 * 1 0 1 0 0 1
+3 +2 1 1
+9 * 1 1 0 0 1 0 0 1
+7 * 1 0 0 0 0 0 0 0 0 1
+2 * 1 0 0 1 0 0 1
+2 * 1
+5 * 1 0 1
+8 * 1 0 0 0 0 0 0 0 0 1
+6 * 1 0 1
+7 * 1 0 1
+7 +3 1
+2 * 1 0 0 0 0 0 0 0 0 1 1
+6 +3 1
+7 * 1
+2 * 1
+5 * 1 0 1 0 0 1 0 0 1
+4 * 1 0 0 1 0 0 1 0 0 1 1
+6 * 1
+2 * 1
+11 +11 1 1 0 0 1 0 0 1
+3 +2 1
+3 * 1 0 0 0 0 0 0 0 0 1
+6 +8 5 5
+4 * 5
+3 * 5 0 0 0 0 0 0 0 0 5 1
+6 +2 5
+4 +1 5 5
+7 -1 5 0 5
+4 +3 5
+4 * 5
+3 * 5 5 0 1 1 0 1 1
+4 * 5
+4 * 5 0 0 0 0 0 0 0 0 5
+6 * 5
+4 * 5 0 0 0 0 0 0 0 0 5 1
+6 * 4
+4 * 4 0 0 0 0 0 0 0 0 4 2
+61 +44 1 1 0 1 0 0 1
+7 * 1
+3 * 1 0 0 0 0 0 0 0 0 1
+6 -49 1 1
+4 * 1
+3 * 1 0 0 0 0 0 0 0 0 1 1
+6 +55 1 1
+3 * 1 0 1
+3 +1 1
+3 * 1 0 0 0 0 0 0 0 0 1 1
+34 +6 1 0 0 1 0 0 1
+2 -66 1 0 1
+7 +66 1 1 1 0 0 0 0 0 0 1
+2 * 1
+3 * 1 0 0 0 0 0 0 0 0 1
+6 +2 1 1
+4 * 1 0 0 0 0 0 0 0 0 1 1
+6 +3 1 0 0 1 0 0 1
+3 * 1 0 1
cfi=(393) /usr/src/debug/glibc/glibc/posix/../sysdeps/unix/sysv/linux/_exit.c
cfn=(1788) _Exit
calls=1 0xe6730 27 
* * 5 1 0 2 0 0 2
+79 -29 1 1 0 1 0 0 1
+4 +1 1 1 0 0 1 0 0 1
+4 -2 1 0 1
+8 +3 1
+3 +3 1
+2 -3 1
+4 * 1 1
+9 +3 1 1 1 0 0 0 0 0 0 1
+2 * 1
+3 * 1 0 0 0 0 0 0 0 0 1
+2 +1 1
+3 * 1
+3 * 1 0 1 1 0 0 1 0 0 0 0 1 1
cob=(1)
cfi=(378)
cfn=(1636)
calls=1 0x5ea0 -92 
* * 3286 1077 527 116 133 21 116 113 12 564 147 77 46
+2 +1 1
+2 * 1
+5 * 1 0 1
+4 * 1 0 0 0 0 0 0 0 0 1
0x41172 -68 1 0 1 1 0 0 1
cfi=(377) /usr/src/debug/glibc/glibc/stdlib/cxa_thread_atexit_impl.c
cfn=(1634) __call_tls_dtors
calls=1 0x40d00 +97 
* * 13 6 3 2 1 0 2 1 0 1 1
+5 * 1
+5 +88 1 0 1 1 0 0 1
cfi=(297) /usr/src/debug/glibc/glibc/libio/genops.c
cfn=(1784) _IO_cleanup
calls=1 0x92aa0 882 
* * 390 138 74 23 7 0 23 5 0 81 23
+5 * 1

fn=(1630) exit
0x411c0 147 1 0 0 1 0 0 1
+4 * 1 0 1
+1 +1 1
+5 * 1
+5 * 1
+7 -1 1
+3 +1 1 0 1
cfn=(1632)
calls=1 0x40f10 45 
* * 3840 1249 630 154 145 23 154 123 13 679 180 78 47

fl=(379)
fn=(1638)
0x9ba40 71 1 0 0 1 0 0 1
+4 +3 1 1
+3 +2 1
+1 +2 1
+2 * 1
+3 * 1 0 0 0 0 0 0 0 0 1
+2 -7 1 0 1
+1 * 1
+3 * 1
+4 +10 1 1 0 0 1
+8 +2 1
+3 * 1 0 0 0 0 0 0 0 0 1
+39 +75 1 0 1 1 0 0 1
+3 +2 1 0 1
+4 +3 1
+1 -59 1
+2 +62 1 1
+1 * 1 1
+44 -76 1 0 0 1 0 0 1
+3 * 1 0 0 0 0 0 0 0 0 1
+6 +5 1 1
+3 * 1 0 0 0 0 0 0 0 0 1 1
+52 -51 1 1 0 1 0 0 1
+3 +1 1
+6 * 1 0 0 0 0 0 0 0 0 1
+2 * 1 1
+7 * 1 0 0 0 0 0 0 0 0 1
+2 * 1 1
+3 * 1
+3 * 1 0 0 0 0 0 0 0 0 1
+2 +1 1 0 1
+6 * 1
+3 * 1
+11 +64 1 1
+3 * 1
+2 * 1 0 0 0 0 0 0 0 0 1
+6 +1 1 0 1 1 0 0 1
+7 * 1

fl=(309)
fn=(1164)
0x8ae90 32 2090 0 0 770 0 0 1
+4 +3 2090 2090 0 0 274
+4 * 2090 0 0 0 0 0 0 0 0 2090 1
+2 * 2090 2090 0 0 768
+3 * 2090
+2 * 2090 0 0 0 0 0 0 0 0 2090 2
+2 +7 2090 2090

fl=(290)
fn=(1316) __memcpy_chk_avx_unaligned_erms
0x171f90 249 1991015 0 0 2 0 0 1
+4 +1 1991015
+3 +1 1991015 0 0 0 0 0 0 0 0 1991015 1
+6 * 1991015
+2 * 1991015
+11 * 1991015
+11 * 1991015
+11 +4 1991015
+4 +1 1991015
+3 +6 1991015
+4 +1 1991015 0 0 0 0 0 0 0 0 1991015 6
+37 +42 1991015
+3 +1 1991015 0 0 0 0 0 0 0 0 1991015
+2 +2 1991015
+3 +1 1991015 0 0 0 0 0 0 0 0 1991015 6
+72 +55 1991015 1991015 0 1 49 0 1 1
+5 +1 1991015 1991015
+3 +1 1991015 0 1991015
+3 +1 1991015 0 1991015
+5 +1 1991015 1991015

fn=(1054)
0x171fc0 255 2096623 0 0 1 0 0 1
+4 +1 2096623
+3 +6 2096623
+4 +1 2096623 0 0 0 0 0 0 0 0 2096623 19
+2 +2 2825 2825 0 0 15
+4 +1 2825
+4 +1 2825 0 0 0 0 0 0 0 0 2825 23
+6 +3 13 13
+6 +1 13 0 13
+4 +1 13 0 13
+6 +3 13
+3 * 13 13
+2 +30 2093798
+3 +1 2093798 0 0 0 0 0 0 0 0 2093798 549896
+2 +2 523819
+3 +1 523819 0 0 0 0 0 0 0 0 523819 40
+2 +2 523708
+3 +4 523708 0 0 0 0 0 0 0 0 523708 1
+2 +1 523707
+3 +1 523707 0 0 0 0 0 0 0 0 523707
+2 +1 523707 523707 0 0 1 0 0 1
+2 +1 523707 0 0 0 0 0 0 0 0 523707 2
+12 +4 523707 0 523707 0 0 3
+2 +2 523707 523707
+1 +6 1 1
+4 +1 1 1
+2 +1 1 0 1
+4 +1 1 0 1
+2 +1 1 1
+1 +7 1569979 1569979 0 1 0 0 1
+4 +1 1569979 1569979
+6 +1 1569979 0 1569979 0 0 101
+4 +1 1569979 0 1569979 0 0 23
+6 +2 1569979 1569979
+10 +17 111 111 0 1 0 0 1
+5 +1 111 111
+3 +1 111 0 111
+3 +1 111 0 111
+5 +1 111 111
+1 +7 22 22
+6 +1 22 22
+6 +1 22 0 22 0 0 1
+4 +1 22 0 22
+5 +1 22 0 22
+6 +1 22 0 22
+6 +1 22
+3 * 22 22
+11 +5 2812 2812 0 1 17 0 1
+7 +1 2812 0 0 0 0 0 0 0 0 2812 5
+6 +5 2803
+7 +1 2803 0 0 0 0 0 0 0 0 2803 71
+2 +2 66 66 0 0 1
+5 +1 66
+7 +1 66 0 0 0 0 0 0 0 0 66 3
+2 +2 44 44 0 0 1
+5 +1 44 44
+5 +1 44 44
+6 +1 44 44 0 0 1
+6 +1 44 44
+6 +1 44 44 0 1
+6 +1 44 0 44
+4 +1 44 0 44
+5 +1 44 0 44 0 0 1 0 0 1
+5 +1 44 0 44 0 0 1
+5 +1 44 0 44 0 0 1 0 0 1
+6 +1 44 0 44
+6 +1 44 0 44 0 0 1 0 0 1
+6 +1 44 0 44
+6 +1 44
+3 * 44 44
+1 +4 2737 0 0 1 0 0 1
+3 +1 2737
+3 +4 2737
+3 +2 2737 0 0 1 0 0 1 0 0 2737
+6 +4 2737 2737 0 0 75
+7 +1 2737 0 0 0 0 0 0 0 0 2737
+6 +11 2737
+4 +3 2737
+3 +2 2737
+4 +2 2737
+6 +4 2737
+3 +1 2737 0 0 0 0 0 0 0 0 2737 38
+6 +9 2708 2708
+6 +1 2708 2708
+6 +2 2708
+3 +2 2708
+4 +1 2708 2708 0 3 4 0 1
+6 +1 2708 2708
+6 +3 2708
+3 +2 2708
+3 +2 2708
+3 +2 2708
+5 * 2708
+8 +6 2708 2708 0 0 1
+4 +1 2708 2708 0 0 3
+5 +1 2708 2708 0 0 1
+5 +1 2708 2708 0 0 3
+5 +1 2708
+4 +1 2708 0 2708 0 0 16 0 0 1
+4 +1 2708 0 2708 0 0 74 0 0 3
+5 +1 2708 0 2708 0 0 13 0 0 1
+5 +1 2708 0 2708 0 0 108 0 0 3
+5 +1 2708
+4 +1 2708
+3 +1 2708 0 0 0 0 0 0 0 0 2708 13
-49 -11 92306 92306 0 0 14
+4 +1 92306 92306 0 0 38
+5 +1 92306 92306 0 0 13
+5 +1 92306 92306 0 0 35
+5 +1 92306
+4 +1 92306 0 92306 0 0 719 0 0 30
+4 +1 92306 0 92306 0 0 6255 0 0 62
+5 +1 92306 0 92306 0 0 802 0 0 30
+5 +1 92306 0 92306 0 0 8054 0 0 62
+5 +1 92306
+4 +1 92306
+3 +1 92306 0 0 0 0 0 0 0 0 92306 2707
+2 +2 2708 0 2708 0 0 27 0 0 3
+5 +1 2708 0 2708 0 0 57 0 0 1
+5 +1 2708 0 2708
+5 +1 2708 0 2708
+4 +2 2708 0 2708
+4 +4 2708
+3 * 2708 2708
+8 +13 29 29 0 1 0 0 1
+5 +1 29 29 0 0 1
+5 +2 29 0 0 2 0 0 1
+8 +1 29 29
+5 +1 29 29
+6 +2 29
+3 +2 29
+4 +2 29
+3 * 29
+4 +6 29 29 0 0 1
+5 +1 29 29
+5 +1 29 29 0 0 1
+5 +1 29 29
+4 +1 29
+4 +1 29 0 29 0 0 2 0 0 2
+5 +1 29 0 29 1 0 11 1 0 2
+5 +1 29 0 29
+5 +1 29 0 29 0 0 2 0 0 2
+4 +1 29
+4 +1 29
+3 +1 29 0 0 0 0 0 0 0 0 29 2
-49 -11 918 918 0 0 62
+5 +1 918 918
+5 +1 918 918 0 0 61
+5 +1 918 918
+4 +1 918
+4 +1 918 0 918
+5 +1 918 0 918 0 0 160 0 0 108
+5 +1 918 0 918
+5 +1 918 0 918 0 0 150 0 0 108
+4 +1 918
+4 +1 918
+3 +1 918 0 0 0 0 0 0 0 0 918 37
+2 +2 29 0 29 0 0 2 0 0 2
+4 +1 29 0 29
+5 +1 29 0 29
+5 +1 29 0 29
+5 +2 29 0 29
+6 +1 29
+3 * 29 29
+17 +9 6 6 0 1 3 0 1
+5 +7 6
+6 +1 6 0 0 0 0 0 0 0 0 6 1
+2 +6 5
+3 +3 5
+5 +2 5
+4 +3 5
+5 +1 5
+3 +2 5
+3 +2 5 5 5 0 1 5 0 0 5 5 2
* * 769840 769835 769835 0 12026 12026 0 0 12023 769840 19
+2 +2 5 0 5 0 0 3
+5 +2 5 0 5 0 0 2
+6 +2 5
+3 * 5 5 0 0 4
+12 +5 9 0 0 1 0 0 1
+3 +1 9
+3 +4 9
+3 +2 9 0 0 0 0 0 0 0 0 9
+6 +3 9
+3 +4 9 9 0 0 9
+7 +1 9 0 0 0 0 0 0 0 0 9 3
+2 +4 6 6
+7 +4 6 0 0 0 0 0 0 0 0 6 2
+16 +24 1
+3 +2 1
+4 +2 1
+4 +2 1 0 0 1 0 0 1
+4 +3 1
+3 +1 1
+3 +2 1 1 1 0 0 1 0 0 1 1 1
* * 262096 262095 262095 0 4095 4095 0 0 4094 262096 7
+2 +3 1 0 1 0 0 1
+5 +2 1 0 1 0 0 1
+6 +2 1
+3 * 1 1 0 0 1
+9 +17 3 3
+7 +1 3
+3 +1 3 0 0 0 0 0 0 0 0 3
+6 +5 3
+3 +1 3
+3 +1 3 0 0 0 0 0 0 0 0 3
+6 +7 3 3 0 1 3 0 1
+5 +6 3 0 3
+4 +2 3 0 3 0 0 3 0 0 3
+5 +8 3
+3 +1 3
+4 +2 3
+4 +2 3
+3 +2 3
+3 +2 3
+3 +8 3
+2 +1 3
+3 +1 3
+6 +1 3 0 0 0 0 0 0 0 0 3
+6 +5 3
+4 +1 3
+3 +1 3 0 0 0 0 0 0 0 0 3
+6 +3 3 0 0 1 0 0 1
+6 +2 3
+4 * 3
+10 +5 3
+5 +2 3
+7 * 3
+7 +1 3
+7 * 3
+7 +1 3
+7 * 3
+7 +1 3 0 0 1 0 0 1
+7 * 3
+7 +2 3 3
+4 * 3 3
+5 * 3 3 0 0 3
+5 * 3 3
+5 +1 3 3 0 0 3
+8 * 3 3
+8 * 3 3 0 0 3
+8 * 3 3
+8 +1 3 0 0 1 0 0 1
+4 +2 3 0 3
+4 * 3 0 3
+5 * 3 0 3 0 0 3 0 0 3
+5 * 3 0 3
+5 +1 3 0 3 0 0 3 0 0 3
+8 * 3 0 3
+8 * 3 0 3 0 0 3 0 0 3
+8 * 3 0 3
+8 +1 3
+4 +1 3
+2 +1 3 0 0 1 0 0 1 0 0 3 2
0x172350 -15 890
+5 +2 890
+7 * 890
+7 +1 890
+7 * 890
+7 +1 890
+7 * 890
+7 +1 890
+7 * 890
+7 +2 890 890 0 0 890
+4 * 890 890
+5 * 890 890 0 0 890
+5 * 890 890
+5 +1 890 890 0 0 890
+8 * 890 890
+8 * 890 890 0 0 890
+8 * 890 890
+8 +1 890
+4 +2 890 0 890 0 0 890 0 0 890
+4 * 890 0 890
+5 * 890 0 890 0 0 890 0 0 890
+5 * 890 0 890
+5 +1 890 0 890 0 0 890 0 0 890
+8 * 890 0 890
+8 * 890 0 890 0 0 890 0 0 890
+8 * 890 0 890
+8 +1 890
+4 +1 890
+2 +1 890 0 0 0 0 0 0 0 0 890 2
0x172355 -13 27683
+7 * 27683
+7 +1 27683
+7 * 27683
+7 +1 27683
+7 * 27683
+7 +1 27683
+7 * 27683
+7 +2 27683 27683 0 0 27683
+4 * 27683 27683
+5 * 27683 27683 0 0 27683
+5 * 27683 27683
+5 +1 27683 27683 0 0 27683
+8 * 27683 27683
+8 * 27683 27683 0 0 27683
+8 * 27683 27683
+8 +1 27683
+4 +2 27683 0 27683 0 0 27683 0 0 27683
+4 * 27683 0 27683
+5 * 27683 0 27683 0 0 27683 0 0 27683
+5 * 27683 0 27683
+5 +1 27683 0 27683 0 0 27683 0 0 27683
+8 * 27683 0 27683
+8 * 27683 0 27683 0 0 27683 0 0 27683
+8 * 27683 0 27683
+8 +1 27683
+4 +1 27683
+2 +1 27683 0 0 0 0 0 0 0 0 27683 915
+6 +1 893
+7 +1 893
+7 +1 893
+3 +1 893 0 0 0 0 0 0 0 0 893 5
+6 +1 3
+3 +3 3
+6 +1 3 0 0 0 0 0 0 0 0 3
+2 +5 157
+7 * 157
+7 +1 157
+7 * 157 0 0 1 0 0 1
+7 +1 157 157 0 0 157
+4 +1 157 157
+5 +1 157 157 0 0 157
+5 +1 157 157
+5 +1 157
+4 +1 157
+3 +1 157 0 157 0 0 157 0 0 157
+4 +1 157 0 157
+5 +1 157 0 157 0 0 157 0 0 157
+5 +1 157 0 157
+5 +1 157
+4 +1 157
+6 +1 157 0 0 0 0 0 0 0 0 157 17
+2 +4 3 3
+6 +1 3 3 0 1 3 0 1
+6 +1 3 3
+6 +1 3 3 0 0 3
+6 +2 3 0 3
+6 +1 3 0 3 0 0 3 0 0 3
+6 +1 3 0 3
+6 +1 3 0 3 0 0 3 0 0 1
+6 +1 3
+3 * 3 3 0 0 3

fl=(296)
fn=(1094) __fopen_internal
0x81f80 57 2 0 0 2 0 0 2
+4 * 2 0 2
+1 * 2
+3 * 2
+4 * 2 0 2
+4 * 2
+3 +8 2
+5 -8 2 0 2
+4 * 2
+3 * 2 0 2
+4 * 2
+3 * 2 0 2
+4 +8 2 2 2 0 1 0 0 1 0 0 0 2 1
cfi=(195)
cfn=(936)
calls=2 0xa8b30 3283 
* * 193 32 14 0 7 2 0 3 1 33 12
+6 +2 2
+3 * 2 0 0 0 0 0 0 0 0 2
+6 * 2 0 2
+4 * 2
+3 +3 2 0 0 2 0 0 2
+7 +2 2
+2 * 2
+2 * 2
+7 * 2
+3 * 2
+3 -2 2 0 2 0 0 2 0 0 2
+7 +2 2
+7 * 2 0 2
cfi=(297)
cfn=(1096) _IO_no_init
calls=2 0x92010 589 
* * 116 18 60 10 2 11 10 2 10 4 1
+6 +1 2
+7 +1 2
+3 -1 2 0 2
+7 +1 2 0 2 2 0 0 2
cfi=(298) /usr/src/debug/glibc/glibc/libio/fileops.c
cfn=(1100) _IO_new_file_init_internal
calls=2 0x8e610 +33 
* * 222 64 64 23 3 2 23 3 2 26 8
+5 +1 2
+3 * 2
+3 * 2
+3 * 2
+3 * 2 0 2
cfi=(298)
cfn=(1108) _IO_file_fopen@@GLIBC_2.2.5
calls=2 0x8eaf0 247 
* * 438 105 67 41 6 4 41 6 4 52 17 2 1
+5 * 2
+3 * 2 0 0 0 0 0 0 0 0 2
+2 -38 2 2
+4 * 2 0 0 0 0 0 0 0 0 2
+2 * 2 2
+4 +44 2
+3 * 2 2
+4 * 2 2
+4 * 2 2
+4 * 2 2
+4 * 2 2
+1 * 2 2

fn=(1092)
0x820b0 85 2 0 0 2 0 0 2
+4 +1 2
+5 * 2
cfn=(1094)
calls=2 0x81f80 -29 
* * 1063 237 229 80 19 21 80 15 19 121 38 4 2

fl=(349)
fn=(1440)
0x813f0 34 2 0 0 2 0 0 2
+4 * 2 0 2
+1 * 2
+3 * 2 0 2
+2 * 2 0 2
+2 * 2 0 2
+1 * 2
+3 * 2 0 0 2 0 0 2
+4 +14 2 2
+3 * 2
+7 * 2 0 0 0 0 0 0 0 0 2 2
+30 +9 2 2
fi=(351) /usr/src/debug/glibc/glibc/libio/libioP.h
+7 1037 2
+7 * 2
+3 * 2
+3 +1 2 0 0 2 0 0 2
+7 * 2 0 0 0 0 0 0 0 0 2
fe=(349)
+6 57 2
+2 * 2
+3 * 2 2 2 0 2 0 0 1 0 0 0 2 1
cfi=(298)
cfn=(1458) _IO_file_finish@@GLIBC_2.2.5
calls=2 0x8e930 202 
* * 50 16 4 7 0 0 7 0 0 10 10
+4 +1 2 2
+7 * 2
+3 * 2 0 0 0 0 0 0 0 0 2 2
fi=(351)
+69 963 2 2 0 2 0 0 2
+7 * 2
+3 * 2 2 0 0 2 0 0 1
+7 * 2
+3 +1 2
+2 * 2 0 0 0 0 0 0 0 0 2
+2 * 2 2 0 0 2
+7 * 2 0 0 0 0 0 0 0 0 2
+2 +6 2
+3 * 2 2 2 0 2 0 0 1 0 0 0 2 1
cfi=(195)
cfn=(1350)
calls=2 0xa9080 3319 
* * 66 18 8 1 6 0 1 0 0 12
fe=(349)
+6 76 2
+4 * 2
+3 * 2 2
+1 * 2 2
+2 * 2 2
+2 * 2 2
+1 * 2 2
+4 -27 2 0 2 2 0 0 2
cfi=(297)
cfn=(1442) _IO_un_link
calls=2 0x910c0 +18 
* * 202 66 48 22 10 2 18 0 0 30 11
+5 +2 2 2
+3 * 2
+7 * 2 0 0 0 0 0 0 0 0 2
+6 * 2 2
+7 * 2 2 0 2 0 0 2
+7 * 2 2
+9 * 2 2
+4 * 2 0 0 0 0 0 0 0 0 2 2
+46 +1 2 0 0 2 0 0 2
+7 * 2 0 0 0 0 0 0 0 0 2
fi=(351)
+25 991 2
+2 * 2 0 0 0 0 0 0 0 0 2
+6 +1 2 2
+7 * 2 2
+7 * 2 2
+3 * 2 0 0 0 0 0 0 0 0 2
+2 * 2
+2 * 2 0 0 0 0 0 0 0 0 2
+2 * 2 0 2
+8 * 2 2
+7 * 2 0 2
+6 * 2
fe=(349)
+14 51 2 0 0 2 0 0 2
+3 * 2 0 0 0 0 0 0 0 0 2
+6 * 2 0 2
+6 * 2 0 2
+4 +1 2 2
+3 -1 2
+26 +20 2 2
+5 * 2 0 0 0 0 0 0 0 0 2 2
+40 -18 2 0 0 2 0 0 2
+3 * 2 0 2 2 0 0 2
cfi=(298)
cfn=(1446) _IO_file_close_it@@GLIBC_2.2.5
calls=2 0x8e6a0 +76 
* * 210 50 36 22 2 0 22 1 0 28 11 2 1
+5 * 2
fi=(351)
+3 991 2 2
+2 * 2
+5 * 2
fe=(349)

fl=(370) /usr/src/debug/glibc/glibc/stdio-common/Xprintf_buffer_done.c
fn=(1566) __printf_buffer_done
0x5c070 25 523776 0 0 1 0 0 1
+4 +1 523776 523776
+3 * 523776
+2 * 523776 0 0 0 0 0 0 0 0 523776
+2 +5 523776 523776
+4 * 523776 523776 0 1 0 0 1
+3 +2 523776
+2 * 523776
+3 * 523776 523776
+4 * 523776 0 0 0 0 0 0 0 0 523776
+2 * 523776
+3 * 523776 0 0 0 0 0 0 0 0 523776
+2 * 523776
+3 * 523776
+3 * 523776 0 0 0 0 0 0 0 0 523776 2
+2 * 523776
+2 * 523776 0 0 0 0 0 0 0 0 523776 1
+2 +7 523776 523776

fl=(238) /usr/src/debug/glibc/glibc/iconv/gconv_simple.c
fn=(806) __gconv_btwoc_ascii
0x2ab40 49 128 0 0 1 0 0 1
+4 +2 128
+4 * 128
+3 * 128
+5 * 128
+3 +3 128 128

fl=(89)
fn=(326)
0xc39d0 31 1 0 0 1 0 0 1
fi=(90) /usr/src/debug/glibc/glibc/wcsmbs/../sysdeps/x86_64/multiarch/ifunc-wcs.h
+4 +8 1 1
+7 * 1 1
+6 +1 1
+2 * 1
+2 * 1
+6 * 1 0 0 0 0 0 0 0 0 1 1
+13 +1 1 1
+6 * 1 0 0 1 0 0 1
+3 * 1 0 0 0 0 0 0 0 0 1
+2 +4 1
+2 * 1
+5 * 1 0 0 0 0 0 0 0 0 1
+2 +3 1
+3 * 1
+7 * 1
+7 * 1
+4 * 1 1
fe=(89)

fl=(95)
fn=(338)
0xd24c0 29 2 0 0 1 0 0 1
fi=(96) /usr/src/debug/glibc/glibc/wcsmbs/../sysdeps/x86_64/multiarch/ifunc-memcmp.h
+4 +5 2 2 0 0 1
+7 * 2 2
+6 * 2
+2 * 2
+2 * 2
+6 * 2 0 0 0 0 0 0 0 0 2 2
+13 +1 2 2
+7 * 2 0 0 0 0 0 0 0 0 2
+2 +2 2 2 0 0 1
+6 * 2
+3 * 2 0 0 0 0 0 0 0 0 2 1
+2 +4 2
+2 * 2
+2 * 2 0 0 1 0 0 1
+5 * 2 0 0 0 0 0 0 0 0 2
+2 +3 2
+7 * 2
+3 * 2 0 0 0 0 0 0 0 0 2
+2 +3 2
+3 * 2
+7 * 2
+7 * 2
+4 * 2 2
fe=(95)

fl=(303) /usr/src/debug/glibc/glibc/string/../string/strstr.c
fn=(1120) __GI_strstr
0xb0b60 77 2 0 0 2 0 0 2
+4 * 2 0 2
+1 * 2
+3 * 2
+7 * 2 0 2
+4 * 2 0 2
+4 +5 2 2 0 0 2 0 0 2
+3 -5 2 2 0 2 0 0 2
+9 * 2 0 2
+4 * 2
+2 +5 2
+2 * 2 0 0 0 0 0 0 0 0 2
+6 * 2 0 2
+4 +2 2
+4 * 2 0 2 0 0 1 0 0 1
+7 * 2
+3 * 2 0 2
cob=(4)
cfi=(198)
cfn=(1122)
calls=2 0x4ccd340 -84 
* * 46 8 0 5 2 0 5 2 0 6 2 2 1
+5 * 2
+3 +1 2
+3 * 2 0 0 0 0 0 0 0 0 2 2
0xb0dcc +1 2 2 0 2 0 0 2
+4 +75 2 2
+4 * 2 2
+9 * 2 0 0 0 0 0 0 0 0 2
+6 * 2
+3 * 2 2
+4 * 2 2
+4 * 2 2
+1 * 2 2

fl=(106)
fn=(370)
0x129680 29 1 0 0 1 0 0 1
fi=(94) /usr/src/debug/glibc/glibc/debug/../sysdeps/x86_64/multiarch/ifunc-memmove.h
+4 +27 1 1
+7 +1 1
+7 -1 1 1
+6 +1 1
+3 * 1 0 0 0 0 0 0 0 0 1 1
+5 +3 1 1
+6 * 1
+6 * 1 0 0 0 0 0 0 0 0 1 1
+52 +14 1 0 0 1 0 0 1
+3 * 1 0 0 0 0 0 0 0 0 1 1
+53 +3 1 0 0 1 0 0 1
+2 * 1 0 0 0 0 0 0 0 0 1
+2 +8 1
+6 * 1 0 0 0 0 0 0 0 0 1
+2 +8 1
+3 * 1 0 0 0 0 0 0 0 0 1
+2 +3 1
+6 * 1
+7 * 1
+7 * 1 0 0 1 0 0 1
+4 * 1 1
fe=(106)

fl=(203)
fn=(692)
0x27510 545 1 0 0 1 0 0 1
+4 +1 1 1 0 0 1
+7 * 1
+7 * 1 1 0 0 1
+7 * 1 0 0 0 0 0 0 0 0 1 1
+30 +1 1 1 0 1 1 0 1
+7 * 1 1 0 0 1
+7 * 1 0 0 0 0 0 0 0 0 1
+2 +1 1 1
+7 * 1 1 0 0 1
+7 * 1 0 0 0 0 0 0 0 0 1
+2 +2 1 1

fl=(204)
fn=(694)
0x27580 64 1 0 0 1 0 0 1
+4 +2 1 1 0 0 1
+7 +1 1
+3 * 1 0 0 0 0 0 0 0 0 1
+2 -1 1
+7 * 1
+9 +3 1 0 1
+7 -1 1
+4 * 1 1 0 0 1
+4 -1 1
+3 * 1 0 0 0 0 0 0 0 0 1 1
-18 +2 2 0 2 0 0 1
+7 -1 2
+4 * 2 2 0 0 2
+4 -1 2
+3 * 2 0 0 0 0 0 0 0 0 2 1
+2 +3 1 1

fl=(365) /usr/src/debug/glibc/glibc/nptl/alloca_cutoff.c
fn=(1554) __libc_alloca_cutoff
0x949c0 27 523776 0 0 1 0 0 1
+4 +1 523776 523776 0 0 1 0 0 1
+9 * 523776
+4 * 523776
+4 * 523776
+7 * 523776
+5 * 523776
+4 * 523776
+3 * 523776
+3 * 523776
+3 +7 523776 523776

fl=(85)
fn=(318)
0xaffd0 31 1 0 0 1 0 0 1
fi=(86) /usr/src/debug/glibc/glibc/string/../sysdeps/x86_64/multiarch/ifunc-strcasecmp.h
+4 +5 1 1
+7 +1 1 1 0 0 1
+6 * 1
+2 * 1
+6 * 1 0 0 0 0 0 0 0 0 1 1
fe=(85)
+43 -6 1
+3 * 1 1
fi=(86)
+9 +7 1 1 0 1 0 0 1
+6 * 1
+6 * 1 0 0 0 0 0 0 0 0 1
+2 +4 1 1
+6 * 1
+2 * 1
+6 * 1 0 0 0 0 0 0 0 0 1
+2 +3 1 0 0 1 0 0 1
+7 * 1 1
+7 * 1 0 0 0 0 0 0 0 0 1
+2 +3 1
+6 * 1
+7 * 1 0 0 0 0 0 0 0 0 1
+2 * 1
fe=(85)

fl=(110)
fn=(382)
0xb02f0 31 2 0 0 1 0 0 1
fi=(111)
+4 +7 2 2
+7 * 2 2 0 1 0 0 1
+6 +2 2
+2 * 2
+2 * 2
+6 * 2 0 0 0 0 0 0 0 0 2 1
+13 +1 2 2 0 0 1
+7 * 2 0 0 0 0 0 0 0 0 2
+2 +1 2 2
+6 * 2
+3 * 2 0 0 0 0 0 0 0 0 2
+2 +4 2
+2 * 2
+2 * 2
+5 * 2 0 0 0 0 0 0 0 0 2
+2 +3 2
+7 * 2 0 0 1 0 0 1
+3 * 2 0 0 0 0 0 0 0 0 2
+2 +3 2
+3 * 2
+7 * 2
+7 * 2
+4 * 2 2
fe=(110)

fl=(133)
fn=(442)
0xaf440 29 1 0 0 1 0 0 1
fi=(92) /usr/src/debug/glibc/glibc/string/../sysdeps/x86_64/multiarch/ifunc-strcpy.h
+4 +9 1 1
+7 * 1 1
+6 +1 1 1
+6 -1 1
+3 * 1 0 0 0 0 0 0 0 0 1
+2 +1 1
+3 * 1 0 0 0 0 0 0 0 0 1
+2 +4 1
+2 * 1
+2 * 1
+5 * 1 0 0 0 0 0 0 0 0 1
+2 +3 1
+7 * 1
+3 * 1 0 0 0 0 0 0 0 0 1
+2 +3 1
+7 * 1
+3 * 1 0 0 0 0 0 0 0 0 1 1
fe=(133)
+37 -20 1 1

fl=(98)
fn=(346)
0xd2570 31 3 0 0 1 0 0 1
fi=(99) /usr/src/debug/glibc/glibc/wcsmbs/../sysdeps/x86_64/multiarch/ifunc-wmemset.h
+4 +5 3 3
+7 * 3 3 0 1 0 0 1
+6 * 3
+3 * 3 0 0 0 0 0 0 0 0 3
+2 +1 3 3
+6 * 3
+3 * 3 0 0 0 0 0 0 0 0 3
+2 +3 3
+2 * 3 0 0 0 0 0 0 0 0 3
+2 +8 3
+7 * 3
+3 * 3 0 0 0 0 0 0 0 0 3
+2 +3 3
+7 * 3
+3 * 3
+7 * 3
fe=(98)
+4 -20 3 3

fl=(239)
fn=(810)
0x121c50 26 10 0 0 1 0 0 1
+4 * 10 0 10
+1 * 10
+3 * 10 0 10
+2 * 10 0 10
+2 * 10
+3 * 10 0 10
+2 * 10 0 10
+2 +7 10
+3 -7 10 0 10
+1 * 10
+3 * 10
+4 +3 10 0 10
cob=(4)
cfi=(198)
cfn=(812)
calls=10 0x4ccd250 -29 
* * 160 30 0 2 4 0 2 3 0 20 1 10 1
+5 * 10
+3 +3 10 10
+3 * 10 0 10
+4 * 10 10 0 1 1 0 1
+7 +1 10
+12 +7 48
+5 +1 48 48
+3 * 48 0 0 0 0 0 0 0 0 48 2
+2 -8 48
+4 +2 48
+3 * 48 0 48
cob=(4)
cfi=(198)
cfn=(812)
calls=48 0x4ccd250 -35 
* * 768 144 0 0 1 0 0 1 0 96 4 48
-3 * 10
+3 * 10 0 10
cob=(4)
cfi=(198)
cfn=(812)
calls=10 0x4ccd250 -35 
* * 160 30 0 0 1 0 0 1 0 20 3 10
+5 * 58
+3 +2 58
+3 * 58 0 0 0 0 0 0 0 0 58 10
+2 * 49
+3 * 49
+3 * 49
+3 * 49 49 49 0 0 0 0 0 0 0 0 49 1
cfi=(241)
cfn=(816)
calls=49 0x171860 +36 
* * 1119 227 0 5 0 0 5 0 0 226 31
+6 * 49
+2 * 49 0 0 1 0 0 1 0 0 49 4
+2 +8 10 10
+4 * 10 10 0 0 1
+7 +1 10 10 0 0 2
+5 +1 10
+4 * 10 10
+1 * 10 10
+2 * 10 10
+2 * 10 10
+2 * 10 10
+2 * 10 10
+1 * 10 10

fl=(278) /usr/src/debug/glibc/glibc/setjmp/../sysdeps/x86_64/bsd-_setjmp.S
fn=(1014) _setjmp
0x3e4e0 28 1 0 0 1 0 0 1
+4 +2 1
+2 +2 1
cfi=(279) /usr/src/debug/glibc/glibc/setjmp/../sysdeps/x86_64/setjmp.S
cfn=(1016) __sigsetjmp
calls=1 0x3e410 -1 
* * 28 6 9 3 1 0 3 0 0 2 1

fl=(119)
fn=(404)
0xb03a0 28 1
fi=(111)
+4 +10 1 1
+7 * 1 1
+6 +2 1
+2 * 1
+2 * 1
+6 * 1 0 0 0 0 0 0 0 0 1 1
+13 +1 1 1 0 1 0 0 1
+7 * 1 0 0 0 0 0 0 0 0 1
+2 +1 1 1
+6 * 1
+3 * 1 0 0 0 0 0 0 0 0 1
+2 +4 1
+2 * 1
+2 * 1
+5 * 1 0 0 0 0 0 0 0 0 1
+2 +3 1
+7 * 1
+3 * 1 0 0 0 0 0 0 0 0 1
+2 +3 1
+3 * 1
+7 * 1 0 0 1 0 0 1
+7 * 1
+4 * 1 1
fe=(119)

fl=(136)
fn=(454)
0xb0220 29 2
fi=(122) /usr/src/debug/glibc/glibc/string/../sysdeps/x86_64/multiarch/ifunc-strncpy.h
+4 +6 2 2
+7 * 2 2
+6 * 2
+3 * 2 0 0 0 0 0 0 0 0 2
+2 +1 2 2
+6 * 2
+3 * 2 0 0 1 0 0 1 0 0 2
+2 +4 2
+2 * 2
+2 * 2
+5 * 2 0 0 0 0 0 0 0 0 2
+2 +3 2
+7 * 2
+3 * 2 0 0 0 0 0 0 0 0 2
+2 +3 2
+3 * 2
+7 * 2
+7 * 2
+4 * 2 2
fe=(136)

fl=(196) ???
fn=(652) __popcountdi2
0x194d00 0 1 0 0 1 0 0 1
+4 0 1
+10 0 1
+3 0 1
+3 0 1
+3 0 1
+3 0 1
+10 0 1
+3 0 1
+4 0 1
+3 0 1
+3 0 1
+3 0 1
+3 0 1
+4 0 1
+3 0 1 0 0 1 0 0 1
+10 0 1
+3 0 1
+10 0 1
+4 0 1
+4 0 1 1

fl=(324)
fn=(1230)
0x1715c0 61 525568 0 0 2 0 0 2
+4 +7 525568
+3 +2 525568 0 0 0 0 0 0 0 0 525568
+2 +3 525568
+4 +1 525568
+5 +2 525568
+2 +1 525568
+5 +1 525568
+5 +1 525568 0 0 0 0 0 0 0 0 525568 4
+6 +3 525568 525568 0 0 169 0 0 1
+4 +1 525568
+4 +3 525568
+4 +1 525568 0 0 0 0 0 0 0 0 525568 2
+2 +2 1792
+2 +1 1792 0 0 0 0 0 0 0 0 1792 14
+2 +1 9
+3 +1 9
+3 +2 9
+3 * 9 9
+1 +7 523776 0 0 1 0 0 1
+4 +5 523776
+3 +7 523776
+2 +1 523776 0 0 0 0 0 0 0 0 523776
+2 +1 523776
+3 +1 523776 523776
+2 +5 10 0 0 1 0 0 1
+3 +1 10
+3 +1 10
+3 +1 10
+3 * 10 10
+4 +9 11
+4 +1 11
+4 +1 11
+3 +1 11
+3 * 11 11
+2 +4 11
+4 +1 11
+4 +1 11
+3 +1 11
+3 * 11 11
+2 +5 10
+4 +1 10
+4 +1 10
+3 +1 10
+3 * 10 10
+2 +10 1783 0 0 1 0 0 1
+2 +1 1783
+2 +1 1783
+4 +2 1783
+7 +10 1783 1783 0 0 16
+5 +1 1783
+4 +3 1783
+3 +1 1783 0 0 0 0 0 0 0 0 1783
+6 +2 1783
+2 +1 1783 0 0 0 0 0 0 0 0 1783 69
+2 +2 1773 1773 0 0 178
+5 +1 1773
+4 +1 1773
+2 +1 1773 0 0 1 0 0 1 0 0 1773 11
+2 +2 1762 1762 0 0 1058 0 0 2
+5 +1 1762
+4 +1 1762
+2 +1 1762 0 0 0 0 0 0 0 0 1762 11
+2 +2 1751 1751 0 0 329
+5 +1 1751
+4 +1 1751
+2 +1 1751 0 0 0 0 0 0 0 0 1751 10
+2 +4 1741
+7 +1 1741 0 0 0 0 0 0 0 0 1741
+6 +3 1741
+3 +1 1741
+2 +1 1741
+4 +1 1741
+3 +5 1741
+3 * 1741
+8 +10 1741 1741 0 1 151 0 1
+5 +1 1741 1741
+5 +1 1741 1741 0 0 1209 0 0 2
+5 +1 1741 1741
+5 +1 1741
+4 +1 1741
+4 +1 1741
+4 +2 1741
+4 +6 1741
+2 +1 1741 0 0 0 0 0 0 0 0 1741 22
-38 -15 46363 46363 0 0 14414 0 0 61
+5 +1 46363 46363
+5 +1 46363 46363 0 0 17165 0 0 61
+5 +1 46363 46363
+5 +1 46363
+4 +1 46363
+4 +1 46363
+4 +2 46363
+4 +6 46363
+2 +1 46363 0 0 0 0 0 0 0 0 46363 950
+2 +2 47132
+4 +2 47132
+7 +1 47132 0 0 0 0 0 0 0 0 47132 2397
+2 +4 769 769 0 0 271
+5 +1 769
+4 * 769
+2 +8 769
+2 +1 769 0 0 0 0 0 0 0 0 769
+2 +3 769
+3 +1 769 0 0 0 0 0 0 0 0 769
+6 +4 769
+3 +1 769 0 0 0 0 0 0 0 0 769 3
+2 +3 1 1
+5 +1 1
+4 +1 1
+4 +1 1
+2 +1 1 0 0 0 0 0 0 0 0 1
+2 +1 1
+4 +1 1
+3 +2 1
+3 * 1 1
-3 * 768
+3 * 768 768
+3 +8 972 0 0 1 0 0 1
+4 +1 972
+2 +1 972 0 0 0 0 0 0 0 0 972 37
+2 +2 727
+4 +1 727
+2 +1 727 0 0 0 0 0 0 0 0 727 33
+2 +2 491 0 0 1 0 0 1
+4 +2 491
+4 +1 491
+3 +1 491
+5 +4 491
+4 +2 491
+3 +1 491
+3 * 491 491
+38 +22 245
+4 +4 245
+3 +2 245
+3 +1 245
+3 * 245 245
+3 +4 236 0 0 1 0 0 1
+4 +4 236
+4 +2 236
+3 +1 236
+3 * 236 236

fl=(255)
fn=(902) __internal_atexit
0x40850 36 5 0 0 1 0 0 1
+4 * 5 0 5
+1 * 5
+3 * 5 0 5
+2 * 5 0 5
+2 * 5 0 5
+1 * 5
+4 +5 5
+3 * 5 0 0 0 0 0 0 0 0 5
+6 * 5
+3 +2 5
+7 * 5
+3 * 5
+3 * 5
+2 * 5 0 0 1 0 0 1
+5 * 5 0 5 0 0 1
+4 * 5 0 0 0 0 0 0 0 0 5
+2 +1 5
+3 * 5 0 5
cfn=(904) __new_exitfn
calls=5 0x40720 +36 
* * 162 30 21 4 2 0 4 1 0 24 10
+5 +2 5
+3 * 5 0 0 0 0 0 0 0 0 5
+2 +6 5 5
+9 +5 5
+7 -3 5 0 5 0 0 3 0 0 2
+4 +1 5 0 5
+4 -3 5
+3 +4 5 0 5
+7 -4 5
+4 +1 5 0 5
+4 +4 5
+2 * 5 5 5 1 0 0 1 0 0 5
+2 * 5
+3 * 5 0 0 0 0 0 0 0 0 5
+2 +1 5
+2 +1 5
+4 * 5 5
+1 * 5 5
+2 * 5 5
+2 * 5 5
+1 * 5 5

fn=(900)
0x40950 67 5 0 0 1 0 0 1
+4 +1 5
+7 * 5
cfn=(902)
calls=5 0x40850 -32 
* * 362 65 76 7 2 4 7 1 2 49 10

fn=(904)
0x40720 80 5 0 0 1 0 0 1
+4 +6 5 5 0 0 1 0 0 1
+7 * 5 0 0 0 0 0 0 0 0 5
+6 -6 5 0 5
+1 * 5
+3 * 5
+3 * 5
+4 +11 5 5 0 0 1
+3 * 5 0 0 1 0 0 1
+3 * 5 0 0 0 0 0 0 0 0 5 2
+6 * 5
+3 -10 5
+2 * 5
+3 +12 5 5
+4 * 5
+12 +1 4
+4 * 4
+4 * 4 4
+6 * 4 0 0 0 0 0 0 0 0 4 3
+6 -1 5
+3 * 5 0 0 0 0 0 0 0 0 5 4
+2 -2 1 1
+3 +10 1 0 1 1 0 0 1
+8 -10 1
+3 * 1
+3 * 1 0 0 0 0 0 0 0 0 1 1
+14 +13 4
+4 * 4 0 0 0 0 0 0 0 0 4
+2 +25 4
+3 +1 4
+4 * 4 0 4
+4 -1 4
+4 * 4
+5 +7 4 0 4
+7 +1 4 0 4
+8 +4 4 4
+1 * 4
+3 * 4 4
-19 -5 1 0 1
+7 +1 1 0 1
+8 +4 1 1
+1 * 1
+3 * 1 1
+19 -18 1 0 1 1 0 0 1
+8 -1 1
+4 +12 1

fl=(109)
fn=(378)
0xc5940 30 1 0 0 1 0 0 1
fi=(108) /usr/src/debug/glibc/glibc/wcsmbs/../sysdeps/x86_64/multiarch/ifunc-wcslen.h
+4 +10 1 1
+7 +1 1 1
+6 * 1
+2 * 1
+5 * 1 0 0 0 0 0 0 0 0 1 1
+32 +1 1 1
+6 * 1 0 0 1 0 0 1
+6 * 1 0 0 0 0 0 0 0 0 1
+2 +4 1 1
+6 * 1
+2 * 1
+5 * 1 0 0 0 0 0 0 0 0 1
+2 +3 1
+7 * 1 1
+7 * 1 0 0 0 0 0 0 0 0 1
+2 +3 1
+6 * 1
+7 * 1 0 0 0 0 0 0 0 0 1
fe=(109)
+2 -22 1 1

fl=(374)
fn=(1614)
0x11cec0 25 1319 0 0 1 0 0 1
+4 * 1319 0 1319
+1 +1 1319
+3 * 1319
+3 * 1319
+3 * 1319
+3 * 1319
+2 -1 1319
+3 +1 1319
+4 * 1319 0 1319
+2 * 1319 0 1319
cfi=(302) /usr/src/debug/glibc/glibc/nptl/cancellation.c
cfn=(1116) __syscall_cancel
calls=1319 0x94af0 +48 
* * 32975 14509 5276 0 0 0 0 0 0 2638
+5 +1 1319 1319
+1 * 1319 1319

fl=(100)
fn=(350)
0xae1d0 29 1 0 0 1 0 0 1
fi=(92)
+4 +9 1 1
+7 * 1 1
+6 +1 1 1
+6 -1 1
+3 * 1 0 0 0 0 0 0 0 0 1
+2 +1 1
+3 * 1 0 0 0 0 0 0 0 0 1
+2 +4 1
+2 * 1
+2 * 1
+5 * 1 0 0 0 0 0 0 0 0 1
+2 +3 1 0 0 1 0 0 1
+7 * 1
+3 * 1 0 0 0 0 0 0 0 0 1
+2 +3 1
+7 * 1
+3 * 1 0 0 0 0 0 0 0 0 1 1
fe=(100)
+37 -20 1 1

fl=(201) /usr/src/debug/glibc/glibc/misc/init-misc.c
fn=(686) __init_misc
0x11cef0 30 1 0 0 1 0 0 1
+4 +1 1
+3 * 1 0 0 0 0 0 0 0 0 1
+2 * 1 1
+3 * 1
+3 * 1 0 0 1 0 0 1 0 0 1
+2 -1 1 0 1
+1 +3 1
+3 -3 1
+3 * 1
+4 * 1 0 1
+4 +3 1
+5 * 1 0 1
+4 * 1 0 1
cob=(4)
cfi=(198)
cfn=(688)
calls=1 0x4ccd330 -33 
* * 24 3 0 3 2 0 3 0 0 3 1 1 1
+5 +4 1 1
+4 +1 1 1
+4 -1 1
+4 * 1
+3 * 1 1
+7 * 1
+4 * 1 0 1 0 0 1
+3 +1 1 1 0 1 0 0 1
+7 * 1 1
+3 * 1 0 1
+3 +2 1 1
+1 * 1 1

fl=(363) /usr/src/debug/glibc/glibc/stdlib/../sysdeps/ieee754/dbl-64/dbl2mpn.c
fn=(1550) __mpn_extract_double
0x56980 33 523776 0 0 1 0 0 1
+4 +2 523776
+5 -2 523776
+3 +4 523776
+3 * 523776
+4 * 523776 0 523776
+2 +1 523776
+3 * 523776
+4 * 523776
+6 * 523776
+6 * 523776 0 523776
+2 +9 523776
+10 * 523776
+3 +9 523776
+4 -9 523776 0 523776
+3 +9 523776 0 0 1 0 0 1
+5 * 523776 0 0 0 0 0 0 0 0 523776 2
+29 +47 523776
+5 +4 523776
+5 -4 523776 0 523776
+3 +4 523776 523776

fl=(97)
fn=(342)
0xc3d50 31 1 0 0 1 0 0 1
fi=(90)
+4 +8 1 1
+7 * 1 1
+6 +1 1
+2 * 1
+2 * 1
+6 * 1 0 0 0 0 0 0 0 0 1 1
+13 +1 1 1
+6 * 1 0 0 1 0 0 1
+3 * 1 0 0 0 0 0 0 0 0 1
+2 +4 1
+2 * 1
+5 * 1 0 0 0 0 0 0 0 0 1
+2 +3 1
+3 * 1
+7 * 1
+7 * 1
+4 * 1 1
fe=(97)

fn=(398)
0xc3db0 31 2
fi=(117) /usr/src/debug/glibc/glibc/wcsmbs/../sysdeps/x86_64/multiarch/ifunc-avx2.h
+4 +7 2 2
+7 * 2 2 0 1 0 0 1
+6 +2 2
+2 * 2
+2 * 2
+6 * 2 0 0 0 0 0 0 0 0 2
+13 +1 2 2
+7 * 2 0 0 0 0 0 0 0 0 2
+2 +1 2 2
+6 * 2
+3 * 2 0 0 0 0 0 0 0 0 2
+2 +4 2
+2 * 2
+2 * 2
+5 * 2 0 0 0 0 0 0 0 0 2
+2 +3 2
+7 * 2 0 0 1 0 0 1
+3 * 2 0 0 0 0 0 0 0 0 2
+2 +3 2
+3 * 2
+7 * 2
+7 * 2
+4 * 2 2
fe=(97)

fl=(265)
fn=(932)
0x175e20 206 1 0 0 1 0 0 1
+4 +24 1
+4 +5 1 0 0 0 0 0 0 0 0 1
+2 +14 1
+5 +25 1
+2 +1 1
+2 +1 1
+3 +2 1
+5 +1 1 0 0 1 0 0 1 0 0 1
+6 +4 1 1
+4 +4 1 1 0 0 1
+4 +2 1
+4 +2 1
+4 +3 1
+4 +2 1
+4 +1 1 0 0 0 0 0 0 0 0 1 1
+7 +11 1
+4 +10 1 1
+4 +1 1 1
+4 +3 1
+2 +4 1
+3 * 1 1
+1 +5 1
+2 +1 1
+5 +1 1 0 0 0 0 0 0 0 0 1

fl=(105)
fn=(366)
0x129460 29 2 0 0 1 0 0 1
fi=(94)
+4 +27 2 2
+7 +1 2
+7 -1 2 2
+6 +1 2
+3 * 2 0 0 0 0 0 0 0 0 2 2
+5 +3 2 2 0 1 1 0 1
+6 * 2
+6 * 2 0 0 0 0 0 0 0 0 2 2
+52 +14 2 0 0 1 0 0 1
+3 * 2 0 0 0 0 0 0 0 0 2 2
+53 +3 2
+2 * 2 0 0 0 0 0 0 0 0 2
+2 +8 2 0 0 1 0 0 1
+6 * 2 0 0 0 0 0 0 0 0 2
+2 +8 2
+3 * 2 0 0 0 0 0 0 0 0 2
+2 +3 2
+6 * 2
+7 * 2
+7 * 2
+4 * 2 2
fe=(105)

fl=(121)
fn=(412)
0xad570 31 1
fi=(122)
+4 +4 1 1
+7 * 1 1 0 1 0 0 1
+6 * 1
+3 * 1 0 0 0 0 0 0 0 0 1
+2 +1 1 1
+6 * 1
+3 * 1 0 0 0 0 0 0 0 0 1
+2 +4 1
+2 * 1
+2 * 1
+5 * 1 0 0 0 0 0 0 0 0 1 1
+2 +3 1
+7 * 1
+3 * 1 0 0 0 0 0 0 0 0 1
+2 +3 1
+3 * 1
+7 * 1
+7 * 1
+4 * 1 1
fe=(121)

fl=(131)
fn=(438)
0xac680 29 2 0 0 1 0 0 1
fi=(132) /usr/src/debug/glibc/glibc/string/../sysdeps/x86_64/multiarch/ifunc-memcmp.h
+4 +5 2 2
+7 * 2 2 0 0 1
+6 * 2
+2 * 2
+2 * 2
+6 * 2 0 0 0 0 0 0 0 0 2 1
+13 +1 2 2
+7 * 2 0 0 0 0 0 0 0 0 2
+2 +2 2 2 0 0 1
+6 * 2
+3 * 2 0 0 0 0 0 0 0 0 2
+2 +4 2
+2 * 2
+2 * 2 0 0 1 0 0 1
+5 * 2 0 0 0 0 0 0 0 0 2
+2 +3 2
+7 * 2
+3 * 2 0 0 0 0 0 0 0 0 2
+2 +3 2
+3 * 2
+7 * 2
+7 * 2
+4 * 2 2
fe=(131)

fl=(301) /usr/src/debug/glibc/glibc/io/../sysdeps/unix/sysv/linux/open64.c
fn=(1114) open
0x10f750 30 2 0 0 1 0 0 1
+4 * 2 0 2
+1 * 2
+3 * 2
+3 * 2
+4 * 2 0 2 0 0 1 0 0 1
+4 * 2 2
+9 * 2 0 2
+4 * 2
+2 +3 2
+4 * 2 0 0 0 0 0 0 0 0 2 1
+2 * 1
+2 * 1
+2 * 1
+2 * 1 0 0 1 0 0 1
+6 * 1 0 0 0 0 0 0 0 0 1 1
+2 +8 2 0 0 1 0 0 1
+4 * 2
+3 * 2
+3 * 2
+3 * 2 0 2 0 0 1 0 0 1
+5 * 2
+3 * 2
+7 * 2 0 2
cfi=(302)
cfn=(1116)
calls=2 0x94af0 +33 
* * 50 22 8 4 0 0 4 0 0 4 1
+5 +2 2 2
+4 * 2 2
+9 * 2 0 0 0 0 0 0 0 0 2
+2 * 2 2
+1 * 2 2
+9 -7 1 0 0 1 0 0 1
+4 * 1 0 1
+7 +5 1 1
+4 -5 1 0 1
+4 * 1
+4 * 1 0 1
+4 +2 1

fl=(311)
fn=(1168)
0x110010 25 770 0 0 1 0 0 1
+4 * 770 0 770
+1 +1 770
+3 * 770
+3 * 770
+3 * 770
+2 -1 770
+3 +1 770
+4 * 770 0 770
+2 * 770 0 770
cfi=(302)
cfn=(1116)
calls=770 0x94af0 +48 
* * 19250 8470 3080 1 768 0 0 0 0 1540 3
+5 +1 770 770
+1 * 770 770

fl=(329)
fn=(1314) ____strtod_l_internal
0x4a380 510 1048576 0 0 1 0 0 1
+4 * 1048576 0 1048576
+1 * 1048576
+3 * 1048576 0 1048576
+2 * 1048576 0 1048576
+2 * 1048576 0 1048576
+2 * 1048576
+3 * 1048576 0 1048576
+2 * 1048576 0 1048576
+1 * 1048576
+7 * 1048576 0 1048576 0 0 19
+7 +53 1048576 1048576 0 0 1
+4 -53 1048576 0 1048576
+7 * 1048576 1048576
+9 * 1048576 0 1048576
+4 * 1048576
+2 +55 1048576
+2 * 1048576 0 0 1 0 0 1 0 0 1048576
+6 +24 1048576 0 1048576 0 0 775
+11 -34 1048576
+3 +42 1048576 1048576 0 0 1
+4 +1 1048576
+3 * 1048576 0 1048576 0 0 52
cob=(4)
cfi=(198)
cfn=(812)
calls=1048576 0x4ccd250 0 
* * 16777216 3145728 0 1 2 0 0 1 0 2097152 0 1048576 1
+5 * 1048576 0 1048576
+7 +1 1048576
+3 * 1048576 0 0 0 0 0 0 0 0 1048576
+6 +10 1048576 1048576
+7 +4 1048576 1048576 0 0 22
+4 -10 1048576 0 1048576 1 0 0 1
+11 +6 1048576
+4 * 1048576
+2 * 1048576
+11 * 1048576
+11 +3 1048576
+3 * 1048576 1048576
+5 * 1048576
+4 * 1048576
+3 +1 1048576 1048576
+5 * 1048576 0 0 0 0 0 0 0 0 1048576 1
+2 +3 1048576
+2 * 1048576 0 0 0 0 0 0 0 0 1048576
+6 -12 1048576 0 1048576 1 0 0 1
+10 +17 1048576
+2 * 1048576 0 0 0 0 0 0 0 0 1048576
+6 +13 1048576 1048576
+5 * 1048576
+2 * 1048576 0 0 0 0 0 0 0 0 1048576
+6 * 1048576
+2 * 1048576
+2 * 1048576
+48 +1 1048576 1048576 0 1 0 0 1
+4 * 1048576 0 0 0 0 0 0 0 0 1048576
+2 +8 1048576
+4 * 1048576
+3 * 1048576 0 0 0 0 0 0 0 0 1048576
+6 +48 1048576
+4 * 1048576 0 0 0 0 0 0 0 0 1048576 525
+6 +19 523
+3 * 523 0 0 0 0 0 0 0 0 523
+6 +24 523 523
+4 * 523
+3 516 523
+6 752 523
+3 * 523
+3 +25 523
+4 * 523
+3 * 523 0 0 0 0 0 0 0 0 523 2
-13 -25 1048053 0 0 1 0 0 1
+3 * 1048053
+3 +25 1048053
+4 * 1048053
+3 * 1048053 0 0 0 0 0 0 0 0 1048053
-7 * 523
+4 * 523
+3 * 523 0 0 0 0 0 0 0 0 523
+6 +1 1048576
+4 * 1048576 0 0 0 0 0 0 0 0 1048576
+6 +12 1048576
+3 * 1048576 0 0 0 0 0 0 0 0 1048576
+6 +16 1048576 1048576
+8 * 1048576 0 0 0 0 0 0 0 0 1048576 4
+11 +42 1048576 0 0 1 0 0 1
+4 * 1048576
+3 +9 1048576
+2 * 1048576 0 0 0 0 0 0 0 0 1048576
+6 * 1048576
+2 * 1048576
+18 * 1048576
+4 * 1048576 1048576
+5 * 1048576
+2 * 1048576 0 0 0 0 0 0 0 0 1048576 2
+6 +1 1048576 1048576
+3 * 1048576 0 0 0 0 0 0 0 0 1048576 4
0x4a609 687 531
+4 1769 531 531
+4 * 531 531
+9 * 531 0 0 0 0 0 0 0 0 531
-13 * 1048045 1048045 0 1 0 0 1
+4 * 1048045 1048045
+9 * 1048045 0 0 0 0 0 0 0 0 1048045
+6 * 1048576
+4 * 1048576 1048576
+1 * 1048576 1048576
+2 * 1048576 1048576
+2 * 1048576 1048576
+2 * 1048576 1048576
+2 * 1048576 1048576
+1 * 1048576 1048576
+66 803 523 523 0 1 0 0 1
+5 -22 523
+4 +22 523
+4 -26 523 0 0 1 0 0 1
+95 -36 1048053 0 0 1 0 0 1
+2 * 1048053
+2 * 1048053
+32 * 1048053
+4 * 1048053 1048053
+5 * 1048053
+2 * 1048053 0 0 0 0 0 0 0 0 1048053 2
+6 +1 1048053 1048053 0 1 0 0 1
+3 * 1048053 0 0 0 0 0 0 0 0 1048053 2
+60 864 1048576 1048576 0 1 0 0 1
+7 +1 1048576
+3 +1 1048576
+2 -1 1048576 1048576
+4 +1 1048576
+3 * 1048576
+29 +4 3145728
+4 * 3145728 0 0 0 0 0 0 0 0 3145728 345261
+2 +1 2831092
+4 * 2831092
+4 +2 2831092 2831092
+5 * 2831092
+4 * 2831092
+4 -7 2831092
+4 * 2831092
+4 +1 2831092
+3 * 2831092 0 0 0 0 0 0 0 0 2831092 6
-24 +6 314636 314636
+5 * 314636
+4 * 314636
+4 -7 314636
+4 * 314636
+4 +1 314636
+3 * 314636 0 0 0 0 0 0 0 0 314636 6
-11 -1 1048576 0 0 1 0 0 1
+4 * 1048576
+4 +1 1048576
+3 * 1048576 0 0 0 0 0 0 0 0 1048576 2
+2 * 1048576
+4 * 1048576 0 0 0 0 0 0 0 0 1048576
+2 +9 1048576
+3 * 1048576 0 0 0 0 0 0 0 0 1048576
+6 +6 1048576 1048576
+4 +1 1048576 0 1048576 1 0 0 1
+7 -1 1048576 1048576 0 0 532 0 0 1
+5 +2 1048576
+4 * 1048576 0 0 0 0 0 0 0 0 1048576
+2 * 1048576
+3 * 1048576 0 0 0 0 0 0 0 0 1048576
+6 * 1048576
+10 * 1048576
+3 1015 1048576
+3 * 1048576 0 0 0 0 0 0 0 0 1048576
+2 +2 1048576 1048576
+4 * 1048576 0 0 0 0 0 0 0 0 1048576 2
+2 879 105083
+3 * 105083
+4 * 105083
+11 1019 105083
+4 -2 105083 105083
+4 * 105083 0 0 0 0 0 0 0 0 105083 11476
-8 +2 11560
+4 -2 11560 11560
+4 * 11560 0 0 0 0 0 0 0 0 11560 1148
+2 * 105083
+3 +3 105083
+3 +2 105083
+3 * 105083 0 0 0 0 0 0 0 0 105083 87
+6 * 105083
+3 +3 105083
+3 * 105083 0 0 0 0 0 0 0 0 105083 4
+6 * 1054
+3 * 1054 0 0 0 0 0 0 0 0 1054 494
+6 * 523 523
+7 * 523
+3 * 523 0 0 0 0 0 0 0 0 523
+6 +19 944016 944016 0 1 0 0 1
+7 * 944016
+3 * 944016 0 0 0 0 0 0 0 0 944016
+2 +1 944016 0 944016
+3 +5 944016
+3 * 944016 0 0 0 0 0 0 0 0 944016 103655
-3 * 104029
+3 * 104029 0 0 0 0 0 0 0 0 104029 10384
+6 +9 103965 103965
+5 * 103965 103965
+6 * 103965
+19 * 103965 103965
+3 * 103965 0 0 0 0 0 0 0 0 103965
+2 +2 103965
+2 * 103965
+3 * 103965 0 0 0 0 0 0 0 0 103965 4
+52 +9 103965 103965 0 1 0 0 1
+7 * 103965
+3 * 103965
+3 +1 103965
+4 * 103965 0 0 0 0 0 0 0 0 103965
+6 * 103965
+3 * 103965 0 0 0 0 0 0 0 0 103965
+6 +3 103965 103965
+7 * 103965
+10 * 103965
+3 * 103965
+3 * 103965 0 0 0 0 0 0 0 0 103965
+6 +4 103965
+3 +1 103965
+3 +96 103965
+3 * 103965
+3 * 103965
+3 * 103965
+3 * 103965
+3 * 103965
+4 * 103965
+3 * 103965
+3 * 103965
+4 * 103965
+3 * 103965
+4 +4 103965
+3 -1 103965
+4 +1 103965 0 103965
+7 * 103965
+3 +3 103965
+5 * 103965
+3 * 103965
+3 * 103965 0 0 0 0 0 0 0 0 103965
-64 -7 944080 0 0 1 0 0 1
+3 * 944080
+3 * 944080
+3 * 944080 0 0 1 0 0 1
+3 * 944080
+3 * 944080
+4 * 944080
+3 * 944080
+3 * 944080
+4 * 944080
+3 * 944080
+4 +4 944080
+3 -1 944080
+4 +1 944080 0 944080
+7 * 944080
+3 +3 944080
+5 * 944080
+3 * 944080
+3 * 944080 0 0 0 0 0 0 0 0 944080
+6 +12 1048045 0 0 1 0 0 1
+7 * 1048045 0 0 0 0 0 0 0 0 1048045
+6 +3 1048045
+3 * 1048045 0 0 0 0 0 0 0 0 1048045 2
+6 1359 1047522
+3 * 1047522 0 0 0 0 0 0 0 0 1047522 2
+6 * 1047522
+7 * 1047522
+6 * 1047522 0 0 0 0 0 0 0 0 1047522
+6 +18 1047522 1047522
+3 * 1047522 0 0 0 0 0 0 0 0 1047522 103965
+6 +3 1047522
+10 * 1047522 0 0 1 0 0 1
+5 * 1047522
+3 * 1047522
+4 * 1047522
+4 * 1047522
+3 * 1047522
+3 * 1047522
+3 +13 1047522
+2 -5 1047522
+5 * 1047522 0 0 0 0 0 0 0 0 1047522 3
+36 +13 1047522 0 0 1 0 0 1
+3 * 1047522
+2 +3 1047522
+3 -3 1047522
+3 +3 1047522
+3 * 1047522
+3 * 1047522
+3 * 1047522
+2 * 1047522
+4 +3 1047522
+3 -3 1047522
+3 +3 1047522
+3 * 1047522
+4 * 1047522
+4 +12 1047522
+7 -12 1047522
+4 +5 1047522
+3 -5 1047522 0 1047522 1 0 0 1
+6 +5 1047522
+3 * 1047522 0 1047522
+6 * 1047522
+3 +7 1047522
+4 * 1047522 0 0 0 0 0 0 0 0 1047522 102841
+6 * 952945 952945
+7 * 952945
+6 * 952945
+3 * 952945 0 952945
+7 * 952945
+7 * 952945 0 952945
+7 * 952945 0 952945 1 0 0 1
+7 * 952945
+11 +7 952945 952945 0 0 1 0 0 1
+4 -4 952945
+3 +2 952945
+3 * 952945 0 0 0 0 0 0 0 0 952945
-10 +2 1038070 1038070 0 0 19 0 0 1
+4 -4 1038070
+3 +2 1038070
+3 * 1038070 0 0 0 0 0 0 0 0 1038070 103002
+6 +3 1047522 1047522
+3 -1 1047522
+4 +1 1047522
+7 * 1047522 0 1047522
fi=(330) /usr/src/debug/glibc/glibc/stdlib/../string/bits/string_fortified.h
+7 29 1047522 1047522
fe=(329)
+7 1427 1047522 0 0 1 0 0 1
+8 * 1047522
fi=(330)
+5 29 1047522
+5 * 1047522 1047522 1047522 0 22 0 0 0 0 0 0 1047522 1
cfi=(290)
cfn=(1316)
calls=1047522 0x171f90 249 
* * 20950440 3142566 2095044 3 49 0 2 1 0 4190088 9
+6 * 1047522 1047522
fe=(329)
+7 1445 1047522
+3 * 1047522 0 0 0 0 0 0 0 0 1047522 9529
-3 * 94577
+3 * 94577 0 0 0 0 0 0 0 0 94577 3
+6 -3 1038070
+3 +1 1038070
+4 -24 1038070
+3 * 1038070 0 0 0 0 0 0 0 0 1038070 2
0x4ab70 1044 104560 104560 0 1 0 0 1
+7 * 104560
+3 * 104560 0 0 0 0 0 0 0 0 104560
+2 +1 104560 0 104560
+3 +2 104560
+3 * 104560 0 0 0 0 0 0 0 0 104560 2
+6 +1 531 531
+7 * 531
+3 * 531 0 0 0 0 0 0 0 0 531 2
+22 691 1048053 1048053 0 1 0 0 1
+4 * 1048053 1048053
+5 * 1048053
+3 * 1048053 1048053 0 0 2 0 0 1
+4 * 1048053 0 0 0 0 0 0 0 0 1048053 2
+6 516 1048053 0 0 1 0 0 1
+6 710 1048053
+6 * 1048053
+3 * 1048053 0 0 0 0 0 0 0 0 1048053
+6 516 1048053
+3 * 1048053
+10 712 1048053 1048053
+5 * 1048053
+4 -1 1048053
+4 * 1048053 0 0 0 0 0 0 0 0 1048053
+2 +24 1048053
+4 * 1048053
+3 * 1048053 0 0 0 0 0 0 0 0 1048053 1
+6 -1 1048053
+4 +2 1048053 0 0 1 0 0 1
+4 -2 1048053 1048053
+3 +2 1048053
+3 * 1048053
+2 * 1048053
+3 * 1048053
+3 * 1048053 0 0 0 0 0 0 0 0 1048053 2
0x4ae30 1074 944080 944080 0 1024 0 0 1
+7 +9 944080
+4 * 944080 0 0 1023 0 0 1 0 0 944080 7
0x4afe7 741 1048053 0 0 1 0 0 1
+2 * 1048053 0 0 0 0 0 0 0 0 1048053 2
+6 +8 1048053
+4 * 1048053 0 0 0 0 0 0 0 0 1048053 2
0x4b398 1433 943493 943493 0 1 0 0 1
+3 -1 943493
+4 * 943493
+3 * 943493
+7 * 943493 943493
+7 +1 943493 0 943493
+7 -1 943493
+5 * 943493 943493 0 1 0 0 1
+7 * 943493 0 943493
cfi=(331) /usr/src/debug/glibc/glibc/stdlib/mul.c
cfn=(1322) __mpn_mul
calls=943493 0x55680 48 
* * 58496566 14152395 11321916 6 0 1392 6 0 0 8491437 6
+5 +4 943493 943493
+7 * 943493 943493
+4 * 943493
+5 +1 943493
+3 * 943493 0 0 0 0 0 0 0 0 943493
+6 +1 943493 943493
+7 +1 943493 943493
+7 -1 943493
+4 +1 943493 0 943493
+7 * 943493 0 943493 1 0 0 1
+7 +6 943493
+3 * 943493 0 0 0 0 0 0 0 0 943493
+6 +2 1047522 1047522
+7 * 1047522 1047522
+7 * 1047522 0 0 0 0 0 0 0 0 1047522 2
+6 381 1047522 1047522
+6 -1 1047522 0 1047522
+11 +1 1047522
+2 * 1047522 0 0 0 0 0 0 0 0 1047522
+6 +3 1047522
+4 * 1047522 1047522 0 1 0 0 1
+7 * 1047522 1047522
+7 * 1047522
+7 * 1047522 0 1047522
+2 * 1047522
+7 * 1047522
+3 * 1047522 0 1047522
cfn=(1326) str_to_mpn.part.0.constprop.0
calls=1047522 0x4a0d0 -17 
* * 80435368 16429423 9427698 6 19 56 5 1 0 11785407 972724
+5 1468 1047522
+5 +8 1047522 1047522
+7 -8 1047522 0 1047522
+7 * 1047522 1047522
+8 * 1047522 1047522
+1 * 1047522 1047522
+1 * 1047522 0 0 1 0 0 1
+3 * 1047522 0 0 0 0 0 0 0 0 1047522
+6 * 1047522
+4 * 1047522
+4 +3 1047522
+2 * 1047522 0 0 0 0 0 0 0 0 1047522
+2 +4 1047522 1047522
+7 * 1047522
+2 * 1047522
+3 * 1047522
+3 * 1047522 0 1047522
cfi=(333) /usr/src/debug/glibc/glibc/stdlib/../sysdeps/x86_64/lshift.S
cfn=(1328) __mpn_lshift
calls=1047522 0x55500 28 
* * 16760352 2095044 1047522 2 0 0 2 0 0 3142566 5
+5 +1 1047522 1047522
+7 * 1047522
+2 * 1047522
+3 * 1047522
+3 * 1047522 0 1047522
cfi=(333)
cfn=(1328)
calls=1047522 0x55500 28 
* * 16760352 2095044 1047522 0 0 0 0 0 0 3142566 4
+5 +1 1047522
+3 * 1047522 0 0 0 0 0 0 0 0 1047522 2
+14 +11 1047522 1047522 0 1 0 0 1
+6 * 1047522 0 1047522
+7 * 1047522 0 1047522
+7 +2 1047522
+4 * 1047522 0 0 0 0 0 0 0 0 1047522 2
0x4b953 -71 94577 94577 0 1 0 0 1
+7 * 94577
+6 * 94577
+3 * 94577 0 94577
+7 * 94577
+7 * 94577 0 94577
+7 * 94577 0 94577
+7 * 94577 0 0 1 0 0 1
+48 380 523 0 523
+11 1200 523
+3 381 523
+3 * 523 0 0 1 0 0 1 0 0 523
+6 * 523
+4 * 523
+7 * 523 0 523
+7 +3 523 523
+7 * 523 0 523
+7 * 523
+3 * 523
+3 * 523
+7 * 523 0 523
+2 * 523
+7 * 523 0 523 1 0 0 1
cfn=(1326)
calls=523 0x4a0d0 -17 
* * 26150 6799 4707 0 0 0 0 0 0 2615 8
+5 1206 523 523
+7 * 523 523
+2 +20 523 523
+7 -20 523 523
+7 * 523
+3 * 523
+3 * 523 523
+2 * 523 0 0 0 0 0 0 0 0 523 2
0x4bbb6 +44 523 0 0 1 0 0 1
+4 * 523
+5 * 523 523 0 1 0 0 1
+8 * 523
+3 * 523 0 0 0 0 0 0 0 0 523
+2 * 523
+4 * 523
+3 +1 523
+3 * 523
+3 * 523
+2 * 523 0 523
+6 +4 523
+6 * 523 0 0 0 0 0 0 0 0 523
+6 +6 523 523
+7 * 523 0 0 0 0 0 0 0 0 523
+6 +32 523
+3 * 523 0 0 1 0 0 1 0 0 523
+6 +3 523 523
+6 * 523
+3 * 523
+2 * 523
+3 * 523
+3 * 523
+3 * 523
+3 * 523
+2 +4 523
+5 * 523
+3 * 523
+4 +8 523
+8 -10 523
+3 * 523 0 0 0 0 0 0 0 0 523
+6 +10 523
+5 * 523 523 0 1 0 0 1
+7 * 523 0 523
+7 * 523
+2 * 523
+3 * 523 0 523
cfi=(333)
cfn=(1328)
calls=523 0x55500 28 
* * 8368 1046 523 0 0 0 0 0 0 1569 4
+5 +4 523 523
+8 * 523 0 0 0 0 0 0 0 0 523 2
+13 +15 523 523
+6 * 523
+3 * 523
+3 * 523
+3 * 523
+2 * 523 0 0 1 0 0 1
+7 * 523 0 523
cfn=(1330) round_and_return
calls=523 0x49c80 215 
* * 55438 7322 4707 0 0 0 0 0 0 5753 2
+5 * 523
0x4bdf8 1497 1047522 1047522 0 783 0 0 1
+7 +1 1047522 1047522 0 1024 0 0 1
+7 +1 1047522
+4 * 1047522 0 0 0 0 0 0 0 0 1047522
+6 * 1047522
+3 * 1047522 0 0 0 0 0 0 0 0 1047522
+6 +38 1047522 1047522
fi=(407) /usr/src/debug/glibc/glibc/stdlib/../sysdeps/x86/gmp-arch.h
+7 29 1047522
+3 * 1047522
+2 * 1047522
+3 * 1047522
+3 * 1047522
fe=(329)
+3 1537 1047522
+3 * 1047522 0 0 0 0 0 0 0 0 1047522 1
+78 +4 1047522 0 0 907 0 0 1
+3 * 1047522 1047522
+6 * 1047522
+3 * 1047522
+3 * 1047522
+4 * 1047522
+3 * 1047522
+4 * 1047522 1047522
+7 * 1047522 0 1047522
cfn=(1330)
calls=1047522 0x49c80 215 
* * 107428779 16745922 9951465 4515 1160 103 12 2 0 11013429 527644
+5 * 1047522
+5 -4 1047522 0 0 3 0 0 1
+3 * 1047522 0 0 0 0 0 0 0 0 1047522 2
+18 * 1047522 0 0 1024 0 0 1
+3 * 1047522
+4 * 1047522 1047522
+7 * 1047522
+3 * 1047522
+4 * 1047522
+2 * 1047522
+3 * 1047522
+3 * 1047522 0 0 0 0 0 0 0 0 1047522
+2 * 1047522
+3 * 1047522
+3 +4 1047522
+6 -4 1047522
+2 +4 1047522
+3 * 1047522
+7 -4 1047522
+2 * 1047522
+3 * 1047522 0 1047522 1 0 0 1
+7 +2 1047522
0x4c29d 1393 1047522 0 0 1 0 0 1
+2 +5 1047522
+2 * 1047522 0 0 0 0 0 0 0 0 1047522
+6 * 1047522
+7 * 1047522 0 1047522
+10 * 1047522 0 1047522
+7 * 1047522 0 0 1 0 0 1
fi=(330)
+66 29 943493 0 0 1 0 0 1
fe=(329)
+3 1448 943493
fi=(330)
+8 29 943493
+5 * 943493 943493
+7 * 943493 943493 943493 0 0 0 0 0 0 0 0 943493 1
cfi=(290)
cfn=(1316)
calls=943493 0x171f90 249 
* * 18869860 2830479 1886986 0 0 0 0 0 0 3773972 4
+6 * 943493
fe=(329)

fn=(1330)
0x49c80 215 1048045 0 1048045 1 0 0 1
+1 * 1048045
+3 * 1048045 0 1048045
+2 * 1048045 0 1048045
+2 * 1048045
+3 * 1048045 0 1048045
+2 * 1048045 0 1048045
+2 * 1048045
+3 * 1048045 0 1048045
+1 * 1048045
+3 * 1048045
+4 * 1048045 1048045
+9 * 1048045 0 1048045
+4 * 1048045
fi=(334) /usr/src/debug/glibc/glibc/stdlib/../sysdeps/generic/get-rounding-mode.h
+3 94 1048045 0 1048045
+3 +1 1048045 1048045
+4 +19 1048045
+6 * 1048045
+4 -19 1048045
+4 * 1048045 0 0 1 0 0 1 0 0 1048045
+2 +14 1048045
+6 -14 1048045
+4 * 1048045 0 0 0 0 0 0 0 0 1048045
+2 * 1048045
+3 * 1048045
+4 * 1048045
+4 * 1048045
fe=(329)
+4 218 1048045
+7 * 1048045 0 0 0 0 0 0 0 0 1048045 4
0x49dd8 +97 1048045 0 0 783 0 0 1
+7 * 1048045 0 0 0 0 0 0 0 0 1048045
+6 * 1048045
+3 +3 1048045
+3 * 1048045
+3 -93 1048045
+3 * 1048045
+3 +93 1048045
+3 * 1048045
+3 * 1048045
+4 +3 1048045 0 0 1024 0 0 1
+3 * 1048045 0 0 0 0 0 0 0 0 1048045 7264
+6 * 7738
+7 * 7738
+2 * 7738
+3 * 7738
+3 * 7738
+3 +2 7738 7738
+3 -2 7738
+3 +1 7738
+4 * 7738
+3 * 7738
+3 -1 7738
+4 +1 7738
+3 * 7738
+3 * 7738
+3 * 7738
+3 * 7738 0 7738
cfi=(335) /usr/src/debug/glibc/glibc/stdlib/../include/rounding-mode.h
cfn=(1334) round_away
calls=7738 0x49c40 46 
* * 100594 7738 0 0 0 0 0 0 0 15476
+5 * 7738
+2 * 7738 0 0 7 0 0 0 0 0 7738
+6 +35 531505 0 0 464 0 0 1
+2 -5 531505
+3 * 531505 0 0 0 0 0 0 0 0 531505 2
+6 * 7738
+3 * 7738 0 0 0 0 0 0 0 0 7738
+6 +5 1048045 1048045 0 436
+4 * 1048045 1048045
+9 * 1048045 0 0 0 0 0 0 0 0 1048045
+6 +1 1048045
+4 -1 1048045
+3 * 1048045
+3 +1 1048045 1048045
+1 * 1048045 1048045
+2 * 1048045 1048045
+2 * 1048045 1048045
+2 * 1048045 1048045
+2 * 1048045 1048045 0 769 0 0 1
+1 -1 1048045
cfi=(337) /usr/src/debug/glibc/glibc/stdlib/../sysdeps/ieee754/dbl-64/mpn2dbl.c
cfn=(1338) __mpn_construct_double
calls=1048045 0x56ae0 29 
* * 16768720 2096090 0 2 0 0 2
+63 -34 1040307 1040307 0 1024 0 0 1
+3 -1 1040307
+4 * 1040307
+3 * 1040307
+5 * 1040307
+3 * 1040307
+3 * 1040307
+3 * 1040307 0 1040307 0 0 103
cfi=(335)
cfn=(1334)
calls=1040307 0x49c40 46 
* * 13523991 1040307 0 1 0 0 1 0 0 2080614
+5 +35 1040307
+2 -35 1040307
+3 * 1040307
+2 * 1040307 0 0 0 0 0 0 0 0 1040307 520374
fi=(336) /usr/src/debug/glibc/glibc/stdlib/../stdlib/gmp.h
+6 453 523767
fe=(329)
+4 330 523767
fi=(336)
+5 454 523767 0 523767
fe=(329)
+3 330 523767 0 0 0 0 0 0 0 0 523767
+2 +10 523767
+7 * 523767 0 0 1 0 0 1 0 0 523767 2
0x49f88 +14 1040307 1040307 0 2 589 0 1 1
+8 * 1040307 1040307 0 0 571 0 0 1
+8 +1 1040307

fn=(1312)
0x4ce00 1781 1048576 0 0 1024 0 0 1
+4 +1 1048576
+3 * 1048576
+2 * 1048576
cfn=(1314)
calls=1048576 0x4a380 510 
* * 774562884 136657323 79238441 10370 1830 2397 83 9 0 119545723 2292863 3039591 3

fn=(1326)
0x4a0d0 367 1048045 0 1048045 1 0 0 1
+1 * 1048045
+3 * 1048045 0 1048045 0 0 56
+2 * 1048045
+3 +9 1048045
+2 -9 1048045 0 1048045
+2 * 1048045
+3 * 1048045 0 1048045
+2 * 1048045
+3 * 1048045 0 1048045
+2 * 1048045
+3 * 1048045 0 1048045
+1 +10 1048045
+2 -10 1048045
+4 * 1048045 0 1048045
+4 * 1048045 1048045
+4 * 1048045
+7 +61 2916125 0 0 1 0 0 1
+4 +1 2916125
+3 * 2916125
+5 -14 2916125 2916125
+5 * 2916125
+3 * 2916125
+4 * 2916125 0 0 0 0 0 0 0 0 2916125 859315
+2 +3 943557
+3 * 943557 0 0 0 0 0 0 0 0 943557 4
+11 +7 943557
+3 +3 943557 943557
+5 * 943557
+4 * 943557
+4 +3 943557
+4 * 943557 0 0 0 0 0 0 0 0 943557 10313
-12 -3 1972568
+4 * 1972568
+4 +3 1972568
+4 * 1972568 0 0 0 0 0 0 0 0 1972568 103083
+6 -47 2916125 0 0 2 0 0 1
+3 * 2916125 0 0 0 0 0 0 0 0 2916125 9
0x4a260 +49 1048045 1048045 0 1 0 0 1
+4 * 1048045 1048045
+3 * 1048045
+3 * 1048045 0 0 0 0 0 0 0 0 1048045 8
+16 +7 1048045 0 0 1 0 0 1
+7 * 1048045 1048045 0 0 19 0 0 1
+4 +2 1048045 1048045
+3 * 1048045
+3 * 1048045 0 0 0 0 0 0 0 0 1048045
+2 +2 1048045 0 1048045
+3 +1 1048045 0 1048045
+7 +15 1048045
+4 * 1048045
+3 * 1048045 1048045
+1 * 1048045 1048045
+2 * 1048045 1048045
+2 * 1048045 1048045
+2 * 1048045 1048045
+2 * 1048045 1048045
+1 * 1048045 1048045

fl=(331)
fn=(1322)
0x55680 48 1480111 0 0 2 0 0 2
+4 * 1480111 0 1480111
+1 * 1480111
+3 * 1480111
+3 * 1480111 0 1480111 0 0 1 0 0 1
+2 * 1480111
+3 * 1480111 0 1480111
+2 * 1480111 0 1480111 0 0 473
+2 * 1480111
+3 * 1480111 0 1480111
+2 * 1480111
+3 * 1480111 0 1480111
+1 * 1480111
+3 * 1480111
+4 * 1480111 1480111
+9 * 1480111 0 1480111
+4 * 1480111
+2 +6 1480111
+4 * 1480111 0 0 0 0 0 0 0 0 1480111 1
+2 +12 1480111
+3 * 1480111 0 0 0 0 0 0 0 0 1480111 11
+2 +76 1480111 1480111
+4 * 1480111 1480111
+9 * 1480111 0 0 0 0 0 0 0 0 1480111
+6 * 1480111
+4 * 1480111 1480111
+1 * 1480111 1480111
+2 * 1480111 1480111
+2 * 1480111 1480111
+2 * 1480111 1480111
+2 * 1480111 1480111
+1 * 1480111 1480111
+1 -71 1480111 1480111 0 1 2 0 1 2
+3 +1 1480111
+4 * 1480111 0 0 0 0 0 0 0 0 1480111 7
0x558d0 +69 1480111 0 1480111 2 0 1 2 0 1
+4 -60 1480111 0 1480111 0 0 919
cfi=(332) /usr/src/debug/glibc/glibc/stdlib/../sysdeps/x86_64/mul_1.S
cfn=(1324) __mpn_mul_1
calls=1480111 0x55a50 -50 
* * 37521747 4976951 3496840 5 0 0 5 0 0 5383826 4
+5 * 1480111 1480111
+4 +2 1480111 0 1480111
+4 +5 1480111
+4 * 1480111 0 0 0 0 0 0 0 0 1480111 2

fl=(103)
fn=(358)
0xac770 29 5 0 0 2 0 0 1
fi=(88) /usr/src/debug/glibc/glibc/string/../sysdeps/x86_64/multiarch/ifunc-memmove.h
+4 +27 5 5
+7 +1 5 0 0 2 0 0 1
+7 -1 5 5
+6 +1 5
+3 * 5 0 0 0 0 0 0 0 0 5 3
+5 +3 5 5 0 0 1
+6 * 5
+6 * 5 0 0 0 0 0 0 0 0 5 3
+52 +14 5 0 0 2 0 0 1
+3 * 5 0 0 0 0 0 0 0 0 5 3
+53 +3 5 0 0 2 0 0 1
+2 * 5 0 0 0 0 0 0 0 0 5
+2 +8 5
+6 * 5 0 0 0 0 0 0 0 0 5
+2 +8 5
+3 * 5 0 0 0 0 0 0 0 0 5
+2 +3 5
+6 * 5
+7 * 5
+7 * 5
+4 * 5 5
fe=(103)

fl=(218)
fn=(760)
0x94bb0 40 1
+4 +3 1 1
+4 * 1 0 1 1 0 0 1
+9 +4 1
+2 * 1 0 0 0 0 0 0 0 0 1 1
+21 +2 1 1

fn=(752)
0x94b80 25 1 0 0 1 0 0 1
+4 +3 1 0 1
+3 +1 1 0 1
+4 +1 1 1 0 0 1
+9 * 1 0 1
+4 +2 1 0 1
+9 +1 1 1

fl=(87)
fn=(322)
0xad180 33 1 0 0 1 0 0 1
fi=(88)
+4 +23 1 1
+7 +1 1
+7 -1 1 1
+6 +1 1
+3 * 1 0 0 0 0 0 0 0 0 1 1
+5 +3 1 1
+6 * 1
+6 * 1 0 0 0 0 0 0 0 0 1 1
+52 +14 1 0 0 1 0 0 1
+3 * 1 0 0 0 0 0 0 0 0 1 1
+53 +3 1 0 0 1 0 0 1
+2 * 1 0 0 0 0 0 0 0 0 1
+2 +8 1
+6 * 1 0 0 0 0 0 0 0 0 1
+2 +8 1
+3 * 1 0 0 0 0 0 0 0 0 1
+2 +3 1
+6 * 1
+7 * 1
+7 * 1 0 0 1 0 0 1
+4 * 1 1
fe=(87)

fl=(93)
fn=(334)
0x129570 29 2 0 0 1 0 0 1
fi=(94)
+4 +27 2 2
+7 +1 2 0 0 1 0 0 1
+7 -1 2 2
+6 +1 2
+3 * 2 0 0 0 0 0 0 0 0 2 1
+5 +3 2 2
+6 * 2
+6 * 2 0 0 0 0 0 0 0 0 2 1
+52 +14 2 0 0 1 0 0 1
+3 * 2 0 0 0 0 0 0 0 0 2 1
+53 +3 2 0 0 1 0 0 1
+2 * 2 0 0 0 0 0 0 0 0 2
+2 +8 2
+6 * 2 0 0 0 0 0 0 0 0 2 1
+2 +8 2
+3 * 2 0 0 0 0 0 0 0 0 2
+2 +3 2
+6 * 2
+7 * 2
+7 * 2
+4 * 2 2
fe=(93)

fl=(202)
fn=(690)
0x176bf0 53 1 0 0 1 0 0 1
+4 +1 1
+4 +1 1
+2 +2 1
+5 +1 1 0 0 1 0 0 1
+4 +4 1
+3 +1 1
+5 +1 1 0 0 0 0 0 0 0 0 1
+6 +3 1 1 0 0 1
+4 +2 1
+4 +1 1
+4 +1 1
+2 +1 1 0 0 0 0 0 0 0 0 1
+6 +3 1
+4 +1 1
+4 +2 1
+5 +1 1
+2 +1 1 0 0 0 0 0 0 0 0 1 1
+2 +1 1
+3 +1 1
+3 +9 1
+3 * 1 1

fl=(91)
fn=(330)
0xad500 33 1 0 0 1 0 0 1
fi=(92)
+4 +5 1 1
+7 * 1 1
+6 +1 1 1
+6 -1 1
+3 * 1 0 0 0 0 0 0 0 0 1
+2 +1 1
+3 * 1 0 0 0 0 0 0 0 0 1
+2 +4 1
+2 * 1
+2 * 1
+5 * 1 0 0 0 0 0 0 0 0 1
+2 +3 1
+7 * 1
+3 * 1 0 0 0 0 0 0 0 0 1
+2 +3 1
+7 * 1 0 0 1 0 0 1
+3 * 1 0 0 0 0 0 0 0 0 1 1
fe=(91)
+37 -16 1 1

fl=(354) /usr/src/debug/glibc/glibc/misc/../sysdeps/unix/syscall-template.S
fn=(1500) munmap
0x119dd0 117 5 0 0 2 0 0 1
+4 * 5
+5 * 5
+2 * 5
+6 * 5 0 0 0 0 0 0 0 0 5 4
+2 +5 5 5

fl=(382)
fn=(1652)
0x40960 45 5 0 0 1 0 0 1
+4 * 5 0 5
+1 +3 5
+2 * 5
+5 -3 5
+3 * 5 0 5
+2 * 5 0 5
+2 * 5 0 5
+2 * 5 0 5
+2 * 5
+3 * 5 0 5
+1 * 5
+4 +3 5 0 0 1 0 0 1
+7 * 5 0 5
+5 * 5 0 0 0 0 0 0 0 0 5
+6 +3 5 5
+7 * 5
+3 * 5 0 0 0 0 0 0 0 0 5
+2 * 5
+3 +4 5 5
+4 * 5
+4 * 5
+4 * 5
+5 * 5
+3 * 5 0 0 0 0 0 0 0 0 5
+2 +1 8
+3 * 8 0 0 0 0 0 0 0 0 8 7
+55 -5 1 1
+3 * 1
+3 * 1 0 0 0 0 0 0 0 0 1
+2 +57 5 5 0 1 1 0 1 1
+7 * 5 0 0 1 0 0 1
+3 * 5 0 0 0 0 0 0 0 0 5
+2 * 5
+1 * 5
+11 +4 5 5 0 0 1 0 0 1
+4 * 5
+4 * 5
+4 * 5
+5 * 5
+3 * 5 0 0 0 0 0 0 0 0 5 2
+31 -4 5 5 0 1 0 0 1
+3 * 5
+3 * 5 0 0 0 0 0 0 0 0 5
+2 +11 5
+3 * 5 0 0 0 0 0 0 0 0 5
+2 +1 5
+3 * 5 0 5
cfi=(383) /usr/src/debug/glibc/glibc/posix/register-atfork.c
cfn=(1654) __unregister_atfork
calls=5 0x103380 -38 
* * 90 20 15 2 1 1 2 1 1 20 5
+5 +1 5
+2 * 5 5 5 0 0 0 0 0 0 5
+3 * 5
+3 * 5 0 0 0 0 0 0 0 0 5
+6 +1 5
+4 * 5 5
+1 * 5 5
+2 * 5 5
+2 * 5 5
+2 * 5 5
+2 * 5 5
+1 * 5 5
+4 -66 4 4
+4 * 4 0 0 0 0 0 0 0 0 4 3
+20 * 12 12 0 1 1 0 1 1
+4 * 12 0 0 0 0 0 0 0 0 12 2
+2 -1 8
+4 * 8
+3 * 8 0 0 0 0 0 0 0 0 8
+6 +1 8 8
+4 * 8 0 0 0 0 0 0 0 0 8
+2 -1 8
+4 * 8
+3 * 8 0 0 0 0 0 0 0 0 8 4
+2 -4 4 4
+3 * 4
+3 * 4 0 0 0 0 0 0 0 0 4
+6 * 4 0 0 1 0 0 1
+18 +7 4 4
+7 +2 4 4
+4 +36 4
+2 -5 4 0 4
+7 -33 4 0 4
+4 +35 4 4
+4 * 4
+4 * 4 4
+9 +3 4 4 4 0 0 0 0 0 0 4 1
+3 * 4
+3 * 4 0 0 1 0 0 1 0 0 4
+6 +1 4
+3 * 4
+2 * 4 0 4 0 0 0 0 0 0 0 0 4 4
cob=(7)
cfi=(211)
cfn=(1700)
calls=1 0xcc270 +26 
* * 1322 547 218 29 51 4 29 42 0 182 34 52 21
cob=(7)
cfi=(385)
cfn=(1698)
calls=1 0x1e6480 660 
* * 7 2 0 1 1 0 1 1 0 2
cob=(7)
cfi=(258)
cfn=(1696)
calls=1 0xb4270 +91 
* * 6 2 1 2 0 0 2 0 0 0 0 1 1
cob=(7)
cfi=(258)
cfn=(1692)
calls=1 0xb4220 203 
* * 6 2 1 1 1 1 1 1 1 0 0 1 1
+2 +1 4
+2 * 4
+5 * 4 0 4
+5 * 4 0 0 0 0 0 0 0 0 4
+6 +4 4 4
+4 * 4 4
+7 * 4 0 0 0 0 0 0 0 0 4 1
+6 -47 4
+4 * 4
+3 * 4 0 0 0 0 0 0 0 0 4 3
+6 * 1 0 0 1 0 0 1

fl=(140)
fn=(466)
0xb05c0 29 2 0 0 1 0 0 1
fi=(408) /usr/src/debug/glibc/glibc/string/../sysdeps/x86_64/multiarch/ifunc-sse4_2.h
+4 +7 2 2
+7 * 2
+7 * 2 2 0 0 1
+7 * 2
+7 * 2
fe=(140)
+4 -7 2 2

fl=(126)
fn=(422)
0xad5e0 31 1 0 0 1 0 0 1
fi=(86)
+4 +5 1 1
+7 +1 1 1
+6 * 1
+2 * 1
+6 * 1 0 0 0 0 0 0 0 0 1 1
fe=(126)
+43 -6 1
+3 * 1 1
fi=(86)
+9 +7 1 1 0 1 0 0 1
+6 * 1
+6 * 1 0 0 0 0 0 0 0 0 1
+2 +4 1 1 0 1 0 0 1
+6 * 1
+2 * 1
+6 * 1 0 0 0 0 0 0 0 0 1
+2 +3 1
+7 * 1 1
+7 * 1 0 0 0 0 0 0 0 0 1 1
+2 +3 1
+6 * 1
+7 * 1 0 0 0 0 0 0 0 0 1
+2 * 1
fe=(126)

fl=(192) /usr/src/debug/glibc/glibc/nptl/pthread_mutex_conf.c
fn=(644) __pthread_tunables_init
0x9aee0 55 1 0 0 1 0 0 1
+4 * 1 0 1
+1 +1 1
+5 -1 1
+3 * 1
+4 +1 1 1
+9 * 1 0 1
+4 * 1 0 0 1 0 0 1
+7 * 1
+4 * 1 1 1 0 1 0 0 0 0 0 0 1 1
cob=(1)
cfi=(12)
cfn=(30)
calls=1 0x14f60 435 
* * 18 4 1 2 2 0 0 2 0 3 2
+6 +2 1
+7 * 1
+4 * 1
+5 * 1 1 1 0 0 0 0 0 0 0 0 1 1
cob=(1)
cfi=(12)
cfn=(30)
calls=1 0x14f60 435 
* * 17 4 1 0 2 0 0 2 0 3 1
+6 +2 1
+7 * 1
+4 * 1
+5 * 1 1 1 0 0 0 0 0 0 0 0 1 1
cob=(1)
cfi=(12)
cfn=(30)
calls=1 0x14f60 435 
* * 18 4 1 0 2 0 0 2 0 3 2
+6 +2 1 1
+4 * 1 1 0 1 0 0 1
+9 * 1 0 0 0 0 0 0 0 0 1
+2 * 1 1
+1 * 1 1

fl=(235)
fn=(800)
0xd2290 30 128 0 0 1 0 0 1
+4 * 128 0 128
+1 * 128
+3 * 128
+4 * 128 128
+9 * 128 0 128
+4 * 128
+2 +9 128
+3 * 128 0 0 0 0 0 0 0 0 128
+6 * 128
+2 +6 128
+2 -1 128
+3 * 128 0 0 0 0 0 0 0 0 128
+2 +35 128 128 0 1 0 0 1
+4 * 128 128
+9 * 128 0 0 0 0 0 0 0 0 128 1
+6 * 128 128
+1 * 128
+2 * 128 128

fl=(241)
fn=(816)
0x171860 73 50 0 0 1 0 0 1
+4 +7 50
+4 +1 50 0 0 0 0 0 0 0 0 50 9
+6 +3 1 1
+4 +1 1 1
+4 +1 1
+4 +4 1
+2 +1 1 0 0 1 0 0 1 0 0 1
+6 +2 1
+4 +1 1 0 0 0 0 0 0 0 0 1
+6 +3 1 1
+5 +1 1 1
+5 +1 1
+4 +3 1
+2 +1 1 0 0 0 0 0 0 0 0 1
+6 +3 1
+7 +1 1 0 0 0 0 0 0 0 0 1
+6 +3 1 1
+5 +1 1 1
+5 +1 1
+4 +1 1
+2 +1 1 0 0 1 0 0 1 0 0 1
+6 +1 1 1
+5 +1 1 1
+5 +1 1
+4 +1 1
+2 +1 1 0 0 0 0 0 0 0 0 1
+6 +3 1
+7 +1 1 0 0 0 0 0 0 0 0 1
+6 +6 1 1
+6 +1 1 1
+6 +1 1
+5 +1 1
+5 +4 1 1 0 1 0 0 1
+4 +1 1 1
+5 +2 1 1
+5 +1 1 1
+5 +1 1 1
+5 +1 1 1
+5 +3 1
+4 +1 1
+4 +1 1
+4 +1 1
+4 +1 1
+2 +1 1 0 0 0 0 0 0 0 0 1
+2 +2 1
+3 * 1 1
+14 +4 30 0 0 1 0 0 1
+4 +10 30 30
+4 +1 30 30
+4 +1 30
+2 +3 30
+3 * 30 30
0x171b40 401 49 0 0 1 0 0 1
+3 +1 49 0 0 0 0 0 0 0 0 49
+2 +5 49
+2 +1 49
+2 +1 49
+5 +1 49
+5 +1 49 0 0 0 0 0 0 0 0 49 7
+2 +3 39 39
+4 +1 39 39
+4 +1 39
+4 +1 39
+2 +3 39
+5 +1 39 0 0 0 0 0 0 0 0 39 12
+6 +1 9
+2 +1 9
+3 * 9 9
+13 +6 10 0 0 1 0 0 1
+3 +1 10 0 0 0 0 0 0 0 0 10
+2 +2 10
+3 +1 10 0 0 0 0 0 0 0 0 10
+2 +2 10
+3 +1 10 0 0 0 0 0 0 0 0 10
+6 +2 10 10
+4 +1 10 10
+4 +1 10
+4 +1 10
+4 +1 10 10
+6 +1 10 10
+6 +1 10
+3 +1 10
+3 +1 10
+3 +2 10 0 0 0 0 0 0 0 0 10 3
+2 +2 1 1
+22 +13 9 0 0 1 0 0 1
+2 +1 9
+3 +2 9 9

fl=(304)
fn=(1540)
0x1743a0 53 1047552 0 0 1 0 0 1
+4 +2 1047552
+4 +1 1047552
+2 +1 1047552
+5 +1 1047552
+5 +1 1047552
+4 +3 1047552
+5 +1 1047552 0 0 1 0 0 1 0 0 1047552
+6 +4 1047552 1047552
+4 +1 1047552
+4 +1 1047552
+4 +1 1047552
+4 +1 1047552
+4 +1 1047552
+2 +1 1047552 0 0 0 0 0 0 0 0 1047552
+2 +1 1047552
+4 +13 1047552
+3 +2 1047552
+3 * 1047552 1047552

fn=(1124)
0x174160 53 2 0 0 2 0 0 2
+4 +2 2
+4 +1 2
+2 +1 2
+5 +1 2
+5 +1 2
+4 +3 2
+5 +1 2 0 0 2 0 0 2 0 0 2
+6 +4 2 2 0 0 1 0 0 1
+4 +1 2
+4 +1 2
+4 +1 2
+4 +1 2
+4 +1 2
+2 +1 2 0 0 0 0 0 0 0 0 2
+6 +1 2
+4 +3 2 2
+4 +8 2 0 0 0 0 0 0 0 0 2 2
+9 +8 2
+2 +1 2
+3 * 2 2

fl=(268) /usr/src/debug/glibc/glibc/misc/sbrk.c
fn=(946) sbrk
0x11a880 37 72 0 0 2 0 0 1
+4 * 72 0 72
+1 * 72
+3 * 72
+3 * 72
+4 +6 72 72 0 0 70
+7 * 72 0 0 0 0 0 0 0 0 72 6
+42 -3 72 72 0 3 70 0 1
+7 * 72 72 0 0 71 0 0 1
+3 +18 72
+3 * 72 0 0 0 0 0 0 0 0 72 3
+2 +4 72
+3 * 72 0 0 0 0 0 0 0 0 72 3
+2 +4 68 0 0 0 0 0 0 0 0 68
+2 +1 68
+4 -1 68
+3 * 68 0 0 0 0 0 0 0 0 68
+2 * 68 0 68 0 0 8
+4 +8 68 0 68
cfi=(269) /usr/src/debug/glibc/glibc/misc/../sysdeps/unix/sysv/linux/brk.c
cfn=(948) brk
calls=68 0x111df0 -38 
* * 630 145 77 120 8 8 0 0 0 68 2
+5 -24 68 68
+4 * 68
+2 * 68
+7 * 68
+4 +28 68 68
+1 * 68
+3 * 68 68
-4 * 4 4
+1 * 4
+3 * 4 4
+43 * 1 0 1 1 0 0 1
+4 -19 1
+2 * 1 0 1
cfi=(269)
cfn=(948)
calls=1 0x111df0 -23 
* * 9 2 1 2 0 0 2 0 0 1
+5 * 1
+2 * 1 0 0 0 0 0 0 0 0 1
+2 +6 1 1
+7 * 1 1 0 1 0 0 1
+4 * 1 1
+3 * 1

fl=(335)
fn=(1334)
0x49c40 46 1048045 0 0 1 0 0 1
+7 * 1048045 0 0 0 0 0 0 0 0 1048045
+2 * 1048045
+2 * 1048045
+7 * 1048045 0 0 0 0 0 0 0 0 1048045
+2 +3 1048045
+2 * 1048045
+2 * 1048045
+2 * 1048045
+2 * 1048045
+2 * 1048045
+7 * 1048045
+3 * 1048045 1048045

fl=(337)
fn=(1338)
0x56ae0 29 1048045 0 0 1 0 0 1
+4 +10 1048045 1048045
+3 -6 1048045
+5 +7 1048045
+3 * 1048045
+6 * 1048045
+3 * 1048045
+3 * 1048045
+2 * 1048045 0 0 1 0 0 1
+4 * 1048045
+6 * 1048045
+2 * 1048045
+2 * 1048045
+4 +6 1048045
+3 +1 1048045
+5 * 1048045 1048045

fl=(220)
fn=(758)
0x34c40 43 1 0 0 1 0 0 1
+4 * 1 0 1
+1 * 1
+3 * 1 0 1
+2 * 1 0 1
+2 * 1 0 1
+2 * 1 0 1
+2 * 1
+3 * 1 0 1
+1 * 1
+7 * 1 1
+9 * 1 0 1
+4 * 1
+3 +12 1
+3 * 1 0 0 0 0 0 0 0 0 1 1
0x34e75 277 1 1 0 1 0 0 1
+4 * 1 1
+9 * 1 0 0 0 0 0 0 0 0 1
+6 * 1
+4 * 1
+3 * 1 1
+1 * 1 1
+2 * 1 1
+2 * 1 1
+2 * 1 1
+2 * 1 1
+1 * 1 1
+7 63 1 0 0 1 0 0 1
+3 * 1 0 0 0 0 0 0 0 0 1
+6 +3 1
+7 -10 1
+6 +10 1
+3 * 1 0 0 0 0 0 0 0 0 1
+6 +7 1 1 0 1 0 0 1
+5 * 1 0 0 0 0 0 0 0 0 1 1
0x3510c +2 1
+7 * 1
+13 -2 1 1 0 1 0 0 1
+6 * 1 0 0 0 0 0 0 0 0 1 1

fl=(177)
fn=(596)
0xd8b40 41 1 0 0 1 0 0 1
+4 * 1 1
+7 * 1
+7 * 1 1 0 0 1
+7 * 1
+3 * 1
+4 * 1 1

fl=(348) /usr/src/debug/glibc/glibc/misc/../sysdeps/unix/sysv/linux/setvmaname.c
fn=(1424) __is_decorate_maps_enabled
0x11db00 33 14 0 0 1 0 0 1
+4 * 14 0 14
+1 * 14
+3 * 14
+4 +1 14 14 0 0 12
+9 * 14 0 14
+4 * 14 14 0 0 14
+6 * 14
+2 * 14 0 0 0 0 0 0 0 0 14 4
+2 * 1
+3 * 1 0 0 0 0 0 0 0 0 1 1
+10 +3 1
+4 * 1
+2 * 1
+5 * 1 1 1 1 1 0 1 0 0 0 0 1 1
cob=(1)
cfi=(12)
cfn=(30)
calls=1 0x14f60 435 
* * 18 4 1 2 1 0 0 0 0 3 2
+6 * 1 1
+3 * 1
+2 * 1 0 0 0 0 0 0 0 0 1
+2 +5 1 0 1
+10 +1 1
+2 +7 1 1
+4 * 1 1
+9 * 1 0 0 0 0 0 0 0 0 1
-15 -7 13
+2 +7 13 13
+4 * 13 13
+9 * 13 0 0 0 0 0 0 0 0 13
+2 * 14 14
+1 * 14 14

fn=(1422) __set_vma_name
0x11db80 60 14 0 0 1 0 0 1
+4 * 14 0 14
+1 * 14
+3 * 14 0 14
+2 * 14
+3 * 14 0 14
+2 * 14
+3 * 14 0 14
+1 * 14
+3 * 14
+4 +1 14 0 14
cfn=(1424)
calls=14 0x11db00 -28 
* * 238 90 31 4 28 0 2 0 0 33 7 1 1
+5 * 14
+2 * 14 0 0 0 0 0 0 0 0 14 5
+30 +9 14 0 0 1 0 0 1
+4 * 14 14
+1 * 14 14
+2 * 14 14
+2 * 14 14
+1 * 14 14

fl=(333)
fn=(1328)
0x55500 28 2619343 0 0 2 0 0 2
+4 +1 2619343
+5 +1 2619343
+5 +2 2619343
+2 +1 2619343
+3 +1 2619343 0 0 0 0 0 0 0 0 2619343 9
+32 +12 2619343
+3 +1 2619343 0 0 0 0 0 0 0 0 2619343
+2 +1 2619343 2619343
+3 +1 2619343
+2 +1 2619343 0 0 2 0 0 2
+4 +1 2619343
+4 +1 2619343 0 0 0 0 0 0 0 0 2619343 8
+20 +6 2619343
+3 +1 2619343 0 2619343
+3 +1 2619343 2619343

fl=(361) /usr/src/debug/glibc/glibc/stdio-common/printf_fp.c
fn=(1544) __printf_fp_l_buffer
0x5ecd0 1099 523776 0 0 1 0 0 1
+4 * 523776 0 523776
+1 * 523776
+3 * 523776 0 523776
+2 * 523776 0 523776
+2 * 523776
+3 * 523776 0 523776
+2 * 523776
+3 * 523776 0 523776
+2 * 523776 0 523776 0 0 1 0 0 1
+1 * 523776
+7 * 523776 0 523776 0 0 1 0 0 1
+7 +3 523776 523776
+5 -3 523776 523776 0 1 0 0 1
+9 * 523776 0 523776
+4 * 523776
+3 +3 523776
+4 * 523776 0 0 0 0 0 0 0 0 523776 2
+41 +13 523776
+3 * 523776 0 523776 1 0 0 1
+7 * 523776 0 523776 0 0 1 0 0 1
cob=(4)
cfi=(198)
cfn=(812)
calls=523776 0x4ccd250 0 
* * 8380416 1571328 0 1 1 0 1 1 0 1047552 0 523776
+5 * 523776 523776
+3 * 523776 0 523776
+6 +1 523776 523776 0 0 1 0 0 1
+4 * 523776 0 0 0 0 0 0 0 0 523776
+2 * 523776
+2 * 523776 523776
+7 * 523776 0 0 0 0 0 0 0 0 523776 2
0x5edfe +31 523776 523776 0 1 0 0 1
+4 * 523776 523776
+9 * 523776 0 0 0 0 0 0 0 0 523776
+6 * 523776
+7 * 523776 523776
+1 * 523776 523776
+2 * 523776 523776
+2 * 523776 523776
+2 * 523776 523776
+2 * 523776 523776
+1 * 523776 523776
fi=(362) /usr/src/debug/glibc/glibc/stdio-common/../include/../locale/localeinfo.h
+6 330 523776 523776 0 1 1 0 1 1
+4 * 523776 523776 0 0 1 0 0 1
fe=(361)
+4 1111 523776 0 523776
fi=(362)
+7 330 523776 523776
fe=(361)
+4 1112 523776 0 523776 1 0 1 1 0 1
+7 * 523776
+30 +5 523776
+4 * 523776 0 0 0 0 0 0 0 0 523776 1
+52 +5 523776 523776 0 1 0 0 1
+3 * 523776 523776
+3 * 523776
+3 * 523776
+3 * 523776 523776
+7 * 523776
+3 * 523776 0 523776
cfn=(1548) __printf_fp_buffer_1.isra.0
calls=523776 0x5c810 138 
* * 1022788826 223060329 140020748 91 13 9 91 13 9 169129196 4077392 523776 1
+5 +4 523776

fn=(1558) hack_digit
0x5c6c0 91 9567656 9567656 0 1 0 0 1
+2 * 9567656
+2 * 9567656 0 0 0 0 0 0 0 0 9567656
+2 * 9567656 9567656
+4 * 9567656 0 0 0 0 0 0 0 0 9567656 8870
+6 -3 8904192 0 8904192
+1 * 8904192
+3 * 8904192
+4 +5 8904192 8904192
+4 +2 8904192 8904192
+4 -7 8904192 0 8904192
+4 * 8904192
+3 +7 8904192 8904192
+4 -2 8904192
+3 * 8904192 0 0 0 0 0 0 0 0 8904192 20
0x5c7a0 +2 8904192 0 0 1 0 0 1
+4 * 8904192 0 8904192
+4 +1 8904192
+5 * 8904192
+3 -1 8904192
+4 * 8904192 8904192
+3 +1 8904192 0 8904192
cfi=(332)
cfn=(1324)
calls=8904192 0x55a50 -65 
* * 186988032 26712576 17808384 0 0 0 0 0 0 35616768 3
+5 +31 8904192
+4 -31 8904192 0 8904192
+3 * 8904192 8904192
+4 +32 8904192 8904192
+4 * 8904192
+3 * 8904192 8904192
+1 * 8904192 8904192
+1 -37 9545080 9545080 0 1 0 0 1
+3 +36 9545080
+6 -36 9545080
+3 * 9545080 0 9545080
+3 * 9545080
+2 * 9545080 0 0 0 0 0 0 0 0 9545080 525204
+6 +37 663464
+3 * 663464 663464

fn=(1548)
0x5c810 138 523776 0 523776 1 0 0 1
+1 * 523776
+3 * 523776 0 523776
+2 * 523776 0 523776
+2 * 523776 0 523776
+2 * 523776 0 523776
+2 * 523776 0 523776
+1 * 523776
+7 * 523776 0 523776 0 0 1 0 0 1
+6 * 523776 0 523776 0 0 1 0 0 1
+7 * 523776 0 523776
+7 * 523776 0 523776
+6 * 523776 0 523776 1 0 0 1
+7 * 523776 523776
+9 * 523776 0 523776 0 0 1 0 0 1
+4 * 523776
+2 +21 523776 523776
+5 +18 523776 0 523776
+10 +10 523776 0 523776 0 0 1 0 0 1
+10 -28 523776
+2 * 523776
+3 * 523776
+3 * 523776
+2 * 523776
+3 * 523776
+3 * 523776 0 523776 1 0 0 1
+6 +62 523776
+2 * 523776 0 0 0 0 0 0 0 0 523776 1
0x5c998 +5 523776 523776 0 1 0 0 1
+7 * 523776 523776
+4 * 523776
+3 * 523776 0 0 0 0 0 0 0 0 523776 2
0x5ca60 1030 523776 523776 0 1 0 0 1
+4 * 523776 523776
+9 * 523776 0 0 0 0 0 0 0 0 523776
+6 * 523776
+4 * 523776 523776
+1 * 523776 523776
+2 * 523776 523776
+2 * 523776 523776
+2 * 523776 523776
+2 * 523776 523776
+1 * 523776 523776
+7 230 523776 523776 0 1 0 0 1
+5 * 523776
+4 * 523776 0 0 0 0 0 0 0 0 523776 2
+6 * 523776
+4 * 523776 523776 0 0 1 0 0 1
+8 * 523776 523776 0 0 1 0 0 1
+8 * 523776 0 0 0 0 0 0 0 0 523776 2
+87 +36 523776 523776 0 1 0 0 1
+6 +5 523776
+3 -49 523776 0 523776
+7 +44 523776
+2 * 523776
+2 * 523776
+3 * 523776
+3 +1 523776
+3 +1 523776
+3 +3 523776
+8 * 523776
+3 * 523776
+4 * 523776
+4 * 523776
+3 * 523776
+7 * 523776 0 0 1 0 0 1
+3 * 523776
+3 * 523776 0 0 0 0 0 0 0 0 523776 2
+22 * 523776
+5 * 523776
+3 * 523776
+3 * 523776 0 0 0 0 0 0 0 0 523776
+2 * 523776 0 523776
+5 +1 523776
+3 -1 523776
+5 +1 523776
+3 * 523776
+4 -1 523776
+4 +1 523776 0 0 1 0 0 1
+4 -1 523776 0 523776
+7 +1 523776
+3 * 523776
+7 * 523776
+3 * 523776
+3 * 523776 0 0 0 0 0 0 0 0 523776 2
+22 * 523776
+5 * 523776
+3 * 523776
+3 * 523776 0 0 0 0 0 0 0 0 523776
+2 * 523776 0 523776 1 0 1 1 0 1
+5 * 523776
+5 * 523776
+4 * 523776 0 523776
+4 +1 523776
+3 * 523776
+3 * 523776
+4 * 523776
+4 * 523776
+3 * 523776
+7 * 523776
+3 * 523776
+3 * 523776 0 0 0 0 0 0 0 0 523776 2
+22 * 523776 0 0 1 0 0 1
+5 * 523776
+3 * 523776
+3 * 523776 0 0 0 0 0 0 0 0 523776
+2 * 523776 0 523776 0 0 1 0 0 1
+5 * 523776
+5 +6 523776 0 523776
+8 -6 523776
+4 * 523776 0 523776
+4 +7 523776
+3 * 523776 0 0 0 0 0 0 0 0 523776 2
0x5cf30 665 523776 523776 0 1 0 0 1
+7 +9 523776 523776
+7 -9 523776 523776 0 1 0 0 1
+3 +9 523776 523776
+4 +6 523776 523776
+2 -15 523776 0 523776
+6 +9 523776 523776
+4 * 523776
+3 +6 523776 0 523776
+6 -6 523776 523776 0 0 1 0 0 1
+3 * 523776 0 523776
+6 +2 523776
+4 * 523776 0 0 0 0 0 0 0 0 523776
+6 +16 523776 523776
+6 -6 523776 523776
+7 * 523776 0 0 0 0 0 0 0 0 523776 2
+6 +20 523776 523776 0 1 0 0 1
+6 * 523776
+5 * 523776
+5 * 523776
+2 * 523776
+3 * 523776
+3 -12 523776 523776
+6 +12 523776 0 523776
+6 +1 523776
+2 * 523776 0 0 0 0 0 0 0 0 523776
+6 +1 523776
+3 * 523776 0 0 0 0 0 0 0 0 523776 1342
+6 +13 522448 0 522448
+10 -13 522448 522448 0 1 0 0 1
+6 * 522448 0 522448
+6 +20 522448 522448
+6 +3 522448
+2 * 522448 522448
+7 -11 522448 0 522448
+10 +8 522448
+4 +3 522448 522448
+4 -3 522448 0 522448
+7 +10 522448 522448
+7 * 522448
+3 -7 522448
+3 * 522448 0 522448 1 0 0 1
+6 +7 522448 522448
+7 * 522448 0 0 0 0 0 0 0 0 522448 1
+6 +8 523776 523776
+7 * 523776
fi=(366) /usr/src/debug/glibc/glibc/stdio-common/../sysdeps/pthread/allocalim.h
+4 27 523776
fe=(361)
+3 746 523776 0 523776
fi=(366)
+7 27 523776 0 523776
cfi=(365)
cfn=(1554)
calls=523776 0x949c0 * 
* * 5761536 1047552 0 1 1 0 1 1
+5 +2 523776
+2 * 523776 0 0 0 0 0 0 0 0 523776 7
fe=(361)
+15 759 523776 523776 0 1 0 0 1
+7 * 523776
+3 -67 523776 523776
+6 +67 523776
+4 * 523776
+3 * 523776
+7 * 523776
+3 * 523776
+3 * 523776 0 0 0 0 0 0 0 0 523776 116325
+22 * 523776
+5 * 523776
+3 * 523776 0 0 1 0 0 1
+3 * 523776 0 0 0 0 0 0 0 0 523776
+2 * 523776 0 523776
fi=(366)
+5 29 523776 0 523776
fe=(361)
+10 759 523776
+5 * 523776
+4 * 523776 0 523776
+7 +1 523776 523776
+7 * 523776
+4 * 523776 0 523776
+7 +3 523776
+2 * 523776 0 0 0 0 0 0 0 0 523776
+6 * 523776 523776 0 1 0 0 1
+7 * 523776 0 0 0 0 0 0 0 0 523776 2
+6 +2 1328 1328
+7 * 1328 0 0 0 0 0 0 0 0 1328
+6 +4 1328
+7 * 1328
+3 * 1328 0 1328
cfn=(1558)
calls=1328 0x5c6c0 91 
* * 66400 17264 9296 0 0 0 0 0 0 9296 3
+5 * 1328 1328
+7 * 1328 0 1328
+10 * 1328 0 1328
+3 -3 1328 1328
+6 * 1328 1328
+7 * 1328
+3 * 1328
+5 +7 1328 1328
+7 * 1328 1328
+4 * 1328 0 0 0 0 0 0 0 0 1328 2
+2 * 1328 1328
+7 * 1328
+3 * 1328 0 0 0 0 0 0 0 0 1328 2
+6 +2 1328 1328
+7 * 1328
+4 * 1328 0 1328
+2 -4 1328
+5 +17 1328 0 1328
+10 * 1328 1328
+7 -1 1328
+3 +2 1328
+3 +1 1328
+3 * 1328 0 0 0 0 0 0 0 0 1328 1299
-26 -2 522448 0 522448 1 0 0 1
+10 * 522448 522448
+7 -1 522448
+3 +2 522448
+3 +1 522448
+3 * 522448 0 0 0 0 0 0 0 0 522448
-6 -1 663464
+3 +1 663464
+3 * 663464 0 0 0 0 0 0 0 0 663464
+2 * 9566328 9566328
+7 * 9566328 0 0 0 0 0 0 0 0 9566328 553088
+6 * 9042552 9042552
+8 * 9042552 0 0 0 0 0 0 0 0 9042552 4
+6 +3 9042552
+3 -1 9042552
+4 +2 9042552 0 0 1 0 0 1
+4 -1 9042552 0 9042552
cfn=(1558)
calls=9042552 0x5c6c0 91 
* * 477734440 119941168 67676248 3 0 0 3 0 0 69003176 532748
+5 * 9042552 0 9042552
+4 +3 9042552
+2 * 9042552 0 0 0 0 0 0 0 0 9042552 865632
+2 * 1456530
+2 * 1456530 0 0 0 0 0 0 0 0 1456530 2
+6 -1 8379088
+5 -6 8379088
+3 +1 8379088
+3 * 8379088 0 0 0 0 0 0 0 0 8379088 6
0x5d210 230 523776 0 0 1 0 0 1
+4 * 523776
+7 * 523776
+5 * 523776
+7 * 523776
+3 * 523776 0 523776 0 0 1 0 0 1
cfi=(363)
cfn=(1550)
calls=523776 0x56980 33 
* * 10999296 523776 2095104 2 0 0 2 0 0 523776 2
+5 * 523776
+2 * 523776
+3 * 523776
+3 * 523776
+3 +4 523776
0x5d369 805 523776 523776 0 1 0 0 1
+5 * 523776 523776
+6 * 523776 0 0 0 0 0 0 0 0 523776 2
+7 +1 523776
+3 * 523776 0 523776 1 0 0 1
+6 * 523776 0 523776
cfn=(1558)
calls=523776 0x5c6c0 91 
* * 29323488 7331536 4188880 0 0 0 0 0 0 4188880 1346
+5 +2 523776 523776
+6 * 523776
+2 -2 523776
+2 +2 523776
+4 * 523776
+2 * 523776
+3 * 523776
+3 * 523776 0 0 0 0 0 0 0 0 523776 123266
+2 +2 104840 104840
+7 * 104840
+4 * 104840 0 0 0 0 0 0 0 0 104840 296
+6 +3 104840 104840
+5 * 104840 0 0 0 0 0 0 0 0 104840
+6 +5 104840 104840
+7 * 104840
+12 * 115232
+4 * 115232 115232
+5 * 115232 0 0 0 0 0 0 0 0 115232 11661
+6 * 115232
+3 * 115232 0 0 0 0 0 0 0 0 115232 4
fi=(367) /usr/src/debug/glibc/glibc/stdio-common/../sysdeps/generic/get-rounding-mode.h
+14 94 523776 0 523776 1 0 0 1
+6 +1 523776 523776
+7 * 523776 0 0 1 0 0 1
+4 * 523776
+4 * 523776 0 0 0 0 0 0 0 0 523776
+6 * 523776
+4 * 523776 0 0 0 0 0 0 0 0 523776
+2 * 523776
+4 * 523776 0 0 0 0 0 0 0 0 523776
fi=(368) /usr/src/debug/glibc/glibc/stdio-common/../include/rounding-mode.h
+6 -43 523776
+3 * 523776 0 0 0 0 0 0 0 0 523776 262450
+2 * 261940
+3 * 261940 0 0 0 0 0 0 0 0 261940 130752
+6 +6 130720
+3 * 130720 0 0 0 0 0 0 0 0 130720 25913
fe=(361)
+6 935 261836 261836
+6 -11 261836
+3 * 261836 0 0 0 0 0 0 0 0 261836 4
+5 +3 58089
+4 -1 58089
+4 -2 58089
+3 * 58089 0 0 0 0 0 0 0 0 58089 2590
+2 * 581865 581865 0 1 0 0 1
+5 * 581865 0 0 0 0 0 0 0 0 581865 34892
+2 +7 523776
+3 * 523776 0 0 0 0 0 0 0 0 523776 13
+34 +4 523776
+3 * 523776 0 0 1 0 0 1 0 0 523776 1346
+6 +2 1328 1328
+7 * 1328
+3 * 1328 0 0 0 0 0 0 0 0 1328 10
+6 +19 1328 0 1328
+3 +1 1328 1328
+7 * 1328
+2 * 1328
+3 * 1328
+3 * 1328 0 1328
+4 +4 1328 1328
+6 * 1328
+3 * 1328 0 0 0 0 0 0 0 0 1328 6
0x5d530 +14 1328
+3 * 1328
+4 * 1328 0 1328
+2 +5 1328 1328
+7 * 1328 1328
+4 * 1328 1328
+7 * 1328 0 0 0 0 0 0 0 0 1328 4
-18 * 522448 522448 0 1 0 0 1
+7 * 522448 522448 0 1 0 0 1
+4 * 522448 522448
+7 * 522448 0 0 0 0 0 0 0 0 522448 9
+10 +3 523776 0 523776
+10 * 523776
+2 +4 523776 523776
+6 +9 523776
+2 -5 523776
+3 -3 523776 523776
+7 +3 523776 523776
+7 +5 523776
+3 -9 523776
+2 * 523776 0 0 1 0 0 1 0 0 523776 261844
+6 +1 261425
+4 +6 261425
+3 * 261425
+3 +2 261425
+2 * 261425 0 0 0 0 0 0 0 0 261425
+2 * 261425 261425
+7 * 261425 261425
+3 * 261425
+3 * 261425 0 0 0 0 0 0 0 0 261425
fi=(369) /usr/src/debug/glibc/glibc/stdio-common/../include/printf_buffer.h
+2 163 261425
+3 * 261425 0 0 0 0 0 0 0 0 261425
+6 -15 261425 261425
+7 * 261425 261425
+4 * 261425 261425
+4 * 261425 0 0 0 0 0 0 0 0 261425
+6 +1 261425
+4 * 261425 0 261425
+4 * 261425 0 261425
fe=(361)
+3 1006 261425 261425
+7 * 261425 261425
+4 * 261425
+3 * 261425 0 0 0 0 0 0 0 0 261425
-3 * 262351 0 0 1 0 0 1
+3 * 262351 0 0 0 0 0 0 0 0 262351
fi=(369)
+2 163 523776 523776
+7 * 523776 523776
+4 * 523776 0 0 0 0 0 0 0 0 523776 4
fe=(361)
+11 1009 523776 523776
+6 * 523776
+2 * 523776 0 0 0 0 0 0 0 0 523776 2
0x5d690 799 663464 663464 0 1 0 0 1
+6 * 663464 663464
+6 -1 663464 0 663464
+7 * 663464
+3 * 663464
+2 * 663464
+3 * 663464 0 663464
+6 * 663464
+2 * 663464
+2 * 663464
+4 * 663464
+48 1022 523776 523776 0 1 0 0 1
+7 * 523776 523776
+7 * 523776
+3 * 523776 0 523776
cfi=(360) /usr/src/debug/glibc/glibc/stdio-common/Xprintf_buffer_write.c
cfn=(1542) __printf_buffer_write
calls=523776 0x5c5d0 27 
* * 26188884 7332864 4713984 3 1 0 3 1 0 3142698 58 523776 1
+5 +2 523776 523776 0 1 0 0 1
+7 * 523776 523776
+4 * 523776 0 0 0 0 0 0 0 0 523776 4
+26 +4 523776 523776
+7 * 523776 0 0 0 0 0 0 0 0 523776 4
+42 483 523776 0 0 1 0 0 1
+2 * 523776 0 0 0 0 0 0 0 0 523776 1
0x5d7c8 987 262351 0 0 1 0 0 1
+3 * 262351 0 0 0 0 0 0 0 0 262351 5
+20 +9 262351 262351
+7 * 262351 262351
+3 * 262351
+3 * 262351 0 0 0 0 0 0 0 0 262351
fi=(369)
+2 163 262351
+3 * 262351 0 0 0 0 0 0 0 0 262351
+6 * 262351
fe=(361)
+9 1001 262351 0 0 1 0 0 1
+3 * 262351 0 0 0 0 0 0 0 0 262351
+6 +2 262351
+3 * 262351 0 0 0 0 0 0 0 0 262351 2
+85 830 261940 0 0 1 0 0 1
+3 * 261940 0 0 0 0 0 0 0 0 261940 26355
+6 +10 261940 261940
+7 +15 261940 261940
+5 -20 261940
+4 * 261940 261940 0 1 0 0 1
+7 +5 261940
+3 * 261940
+4 -6 261940
+2 +1 261940 261940
+6 * 261940 0 0 0 0 0 0 0 0 261940 2
+16 +2 29017 0 29017
+3 -2 29017 29017
+4 * 29017
+4 +3 29017
+3 -3 29017
+2 * 29017 0 0 0 0 0 0 0 0 29017
+6 * 290957
+3 * 290957 0 0 0 0 0 0 0 0 290957 31831
+2 +5 261940 261940 0 1 0 0 1
+6 * 261940 261940
+6 * 261940
+4 * 261940
+4 * 261940
+2 * 261940
+2 +2 261940 261940
+6 * 261940 0 0 0 0 0 0 0 0 261940
+6 +2 261940
+3 * 261940 0 261940
+2 +80 261940 261940
+6 * 261940
+2 -69 261940 261940
+6 * 261940 0 0 0 0 0 0 0 0 261940
+6 +80 261940 261940
+6 -11 261940 0 0 1 0 0 1
+3 * 261940 0 0 0 0 0 0 0 0 261940 5
0x5da2c +42 1328 0 1328 1 0 0 1
+5 * 1328
+4 +9 1328 1328
+6 * 1328
+29 809 104840 0 0 1 0 0 1
+5 * 104840
0x5db30 -78 1328 0 1328 1 0 0 1
+10 -20 1328
+3 +20 1328
+2 -20 1328 0 1328 1 0 0 1
+6 +3 1328 1328
+6 * 1328
+3 * 1328
+3 * 1328 0 1328
+6 +2 1328
+4 * 1328 0 1328
+7 +15 1328 1328
+7 * 1328 1328
+4 * 1328
+3 * 1328 0 1328
+6 * 1328
0x5dcae +43 1328 1328 0 1 0 0 1
+7 * 1328
+3 * 1328 0 0 0 0 0 0 0 0 1328
+6 * 1328 1328 0 1 0 0 1
+8 * 1328 0 0 0 0 0 0 0 0 1328 2
+92 +7 522448 522448 0 1 0 0 1
+7 +2 522448 522448
+7 669 522448 0 522448
+10 * 522448 0 0 1 0 0 1
+7 781 522448 0 522448
+4 +2 522448
+4 -1 522448 0 522448
+7 +1 522448 0 522448
+4 * 522448
0x5ddfe 499 523776 0 0 1 0 0 1
+2 * 523776 0 0 1 0 0 1
+3 * 523776 0 523776
cfi=(333)
cfn=(1328)
calls=523776 0x55500 28 
* * 8380416 1047552 523776 2 0 0 2 0 0 1571328 4
+5 +1 523776 523776
+7 * 523776 523776
+7 * 523776
+4 * 523776 0 523776
+7 * 523776 0 523776
+4 +1 523776
+4 * 523776 0 0 0 0 0 0 0 0 523776 2
+31 +2 523776 0 523776 1 0 0 1
+10 +1 523776 523776
+6 * 523776
+2 +7 523776 523776 0 0 1 0 0 1
+6 -7 523776 0 523776
+6 +7 523776 0 0 0 0 0 0 0 0 523776
+26 +7 536618 536618 0 1 0 0 1
+5 +7 536618 536618 0 0 1 0 0 1
+4 -6 536618
+7 -1 536618 536618
+7 * 536618
+4 +1 536618
+5 * 536618 536618
+4 -1 536618
+3 * 536618 0 0 0 0 0 0 0 0 536618 8
+17 +9 536618 536618
+5 * 536618 536618 0 1 0 0 1
+7 +4 536618 536618
+4 -4 536618
+3 * 536618
+4 * 536618
+4 +4 536618
+5 -4 536618 0 536618
+4 +4 536618 536618
+3 * 536618
+3 * 536618 0 0 0 0 0 0 0 0 536618
+6 * 536618
+4 * 536618
+4 * 536618
+3 +1 536618
+3 * 536618
+3 +1 536618
+2 * 536618
+3 * 536618
+4 * 536618
+3 +2 536618 536618
+5 * 536618 0 0 0 0 0 0 0 0 536618
+6 +5 536618 536618
+6 * 536618
+3 * 536618
+2 * 536618
+3 * 536618 0 0 0 0 0 0 0 0 536618 16290
+6 +22 520593
+3 * 520593
+3 * 520593 0 0 0 0 0 0 0 0 520593 4732
+6 +61 536618
+4 * 536618 0 0 0 0 0 0 0 0 536618 14342
+6 * 549750 0 0 1 0 0 1
+2 * 549750 0 0 1 0 0 1 0 0 549750 9412
+6 -2 537794
+3 509 537794
+4 621 537794
+4 511 537794 537794 0 0 1 0 0 1
+5 * 537794 0 0 0 0 0 0 0 0 537794 209
+2 623 2620056
+4 * 2620056 0 0 0 0 0 0 0 0 2620056 28
+6 -2 2618880
+4 509 2618880
+4 +2 2618880 2618880 0 0 1 0 0 1
+3 * 2618880 0 0 0 0 0 0 0 0 2618880 25974
+2 623 2592906
+3 * 2592906 0 0 0 0 0 0 0 0 2592906
+6 509 2592906
+3 * 2592906
+4 621 2592906
+4 511 2592906 2592906 0 1 2 0 1 2
+5 * 2592906 0 0 0 0 0 0 0 0 2592906 497778
+2 * 497776
+10 * 497776 497776
+7 * 497776
-7 * 12868 12868
+7 * 12868
+25 +13 536618
+3 * 536618
+3 * 536618
+3 * 536618
+3 * 536618 0 536618 1 0 0 1
cfi=(331)
cfn=(1322)
calls=536618 0x55680 48 
* * 39709732 8585888 6976034 4 2 2 4 2 2 4292944 19
+5 * 536618
+15 * 25974 25974
+7 +97 25974
+3 * 25974
+6 -79 16025
+4 * 16025 0 0 0 0 0 0 0 0 16025
+6 +4 16025
+5 * 16025
+5 -2 16025 0 16025
+8 +2 16025
+3 * 16025 0 0 1 0 0 1
+3 +16 16025
+3 -16 16025 0 16025
+4 +16 16025
+3 * 16025 0 0 0 0 0 0 0 0 16025
+6 +2 16025 16025
+3 * 16025 0 0 0 0 0 0 0 0 16025 7809
+2 +1 8661 0 0 0 0 0 0 0 0 8661 46
+2 +58 8661
+2 * 8661
+5 -57 45 45
+4 * 45 45
+5 * 45 0 0 0 0 0 0 0 0 45 2
+2 +4 7364
+3 +1 7364
+5 * 7364
+3 -1 7364 0 7364
+6 +1 7364
+2 * 7364
+2 +5 7364
+3 +3 7364 7364
+3 * 7364
+3 * 7364 0 0 0 0 0 0 0 0 7364 1
-9 -3 276814
+3 +3 276814 276814
+3 * 276814
+3 * 276814 0 0 0 0 0 0 0 0 276814 2
-6 * 239049 239049 0 1 0 0 1
+3 * 239049
+3 * 239049 0 0 0 0 0 0 0 0 239049 1
+92 +34 523227 523227 0 1 0 0 1
+7 * 523227 0 523227
cfi=(364) /usr/src/debug/glibc/glibc/stdlib/../sysdeps/x86_64/rshift.S
cfn=(1552) __mpn_rshift
calls=523227 0x566d0 28 
* * 9418086 1569681 1046454 3 0 0 3 0 0 2092908 14
+5 +3 523227 523227
+4 * 523227
+3 * 523227 0 523227
+7 +7 523227 523227
+6 * 523227
+13 -52 515863 0 0 1 0 0 1
+5 * 515863
+3 -1 515863
+3 +1 515863
+2 -1 515863 0 515863
+6 +1 515863
+2 +4 515863
+2 * 515863 0 0 0 0 0 0 0 0 515863 255133
+6 * 276814
+5 +50 510644
+2 * 510644 0 0 0 0 0 0 0 0 510644 140628
+6 +4 119686 119686 0 1 0 0 1
+7 * 119686 119686
+4 * 119686
+5 * 119686 119686
+7 * 119686 0 119686
cfi=(332)
cfn=(1324)
calls=119686 0x55a50 31 
* * 3949638 478744 359058 0 0 0 0 0 0 359058 35
+5 +1 119686 119686
+7 +1 119686 119686
+4 -1 119686 0 119686
+4 +1 119686
+3 * 119686 0 0 0 0 0 0 0 0 119686 8
+14 +3 119686 119686
+6 * 119686 0 0 1 0 0 1
+5 -1 119686 119686
+3 +3 119686 119686
+7 -2 119686
+2 * 119686
+3 -1 119686
+3 * 119686 0 0 0 0 0 0 0 0 119686
+6 * 119686
+5 +1 119686
+2 * 119686 0 0 0 0 0 0 0 0 119686 27
+54 +9 119686 119686
+4 * 119686 0 119686
+7 +2 119686 119686
+6 * 119686 0 0 0 0 0 0 0 0 119686 119686
+6 -1 119686
+3 +3 119686 0 119686
+6 * 119686
-6 * 404090 0 404090 1 0 0 1
+6 * 404090
0x5e2eb 994 262351 0 0 1 0 0 1
+3 * 262351
+3 +2 262351
+2 * 262351 0 0 0 0 0 0 0 0 262351 6
0x5e51d 511 523776 0 0 1 0 0 1
+6 * 523776
+7 * 523776
+2 * 523776
0x5e62c 937 1328 1328 0 1 0 0 1
+7 * 1328 0 0 0 0 0 0 0 0 1328 8
0x5e7af 642 119686 0 0 1 0 0 1
+3 * 119686 0 119686
cfi=(364)
cfn=(1552)
calls=119686 0x566d0 28 
* * 2154348 359058 239372 0 0 0 0 0 0 478744 8
+5 +3 119686 119686
+7 * 119686 0 0 1 0 0 1
0x5e839 -65 523227 0 0 1 0 0 1
+4 * 523227 0 0 1 0 0 1 0 0 523227
+6 +10 523227
+5 -3 523227
+5 +3 523227
+3 * 523227
+2 * 523227 0 0 0 0 0 0 0 0 523227 15
+2 * 523227
+3 * 523227

fl=(195)
fn=(1498) munmap_chunk
0xa47f0 2799 5 0 5 2 0 0 1
+1 +3 5 5
+4 -3 5
+3 +3 5
+2 * 5 0 0 0 0 0 0 0 0 5
+2 1426 5 5
+3 +7 5 0 0 2 0 0 1
+3 +7 5
+4 2804 5
+4 1426 5
+4 +7 5
+3 +7 5
+3 2800 5 5 0 0 4
+7 1440 5
+4 2812 5 5 0 0 4
+4 * 5
+3 * 5
+3 * 5
+4 +1 5
+3 -1 5
+3 +1 5
+4 * 5
+3 * 5
+3 * 5 0 0 0 0 0 0 0 0 5
+2 +3 5 5 5 1 0 0 1 0 0 5
+8 +1 5
+7 * 5
+3 * 5 5 5 0 0 0 0 0 0 5
+8 +6 5 5
+1 -1 5
+3 * 5
cfi=(354)
cfn=(1500)
calls=5 0x119dd0 117 
* * 30 5 0 2 0 0 1 0 0 5 4

fn=(1392) _int_free_create_chunk
0xa4f60 4458 4118 4118 0 1 0 0 1
+4 * 4118 0 0 0 0 0 0 0 0 4118 2
+6 -1 4116 0 4116
+1 * 4116
+3 * 4116
+3 * 4116
+3 * 4116
+4 +7 4116 4116 0 0 2051 0 0 678
+6 * 4116 0 0 0 0 0 0 0 0 4116 1044
+2 +4 3078 0 3078 3 0 0 2
+5 +4 3078
+6 * 3078 0 0 0 0 0 0 0 0 3078
+2 +9 4116 4116
+4 -1 4116
+4 +2 4116 4116
+4 * 4116 0 0 0 0 0 0 0 0 4116 2
+6 +2 4116
+4 * 4116 0 4116 0 0 11 0 0 9
+4 +22 4116
+3 -5 4116 0 4116
+4 +5 4116
+4 -4 4116 0 4116
+4 +1 4116 0 4116
+4 +1 4116 0 4116
+4 +2 4116 0 4116 2 0 0 2
+4 +1 4116 0 4116
+4 +15 4116 4116
+1 * 4116 4116
+9 * 1038 0 1038
+4 -57 1038
+3 * 1038 0 1038
+4 * 1038 0 1038
+4 * 1038 0 1038
+4 * 1038 0 1038
cfn=(1402) unlink_chunk.isra.0
calls=1038 0xa4e90 1592 
* * 22914 9374 3128 3 17 0 3 0 0 5216 12
+5 +1 1038 1038
+4 * 1038 1038
+4 * 1038 1038
+4 * 1038 1038
+4 +6 1038
+6 * 1038 0 0 0 0 0 0 0 0 1038 4
+66 +43 2 0 0 1 0 0 1
+4 +1 2
+3 * 2
+4 * 2 0 2
+4 +1 2 0 2
+4 +5 2 2

fn=(938) __libc_malloc2
0xa7b40 3247 4125 0 4125 1 0 0 1
+1 * 4125
+3 * 4125
+4 +4 4125 4125 0 0 17
+7 -4 4125 0 4125
+4 * 4125
+3 +4 4125 0 0 0 0 0 0 0 0 4125 17
0xa7bc8 +28 4125 4125 0 1 0 0 1
+4 * 4125 4125
+1 * 4125 4125
+83 -26 4125 0 0 1 0 0 1
+3 * 4125
+7 * 4125 0 4125 0 0 17
cfn=(940) _int_malloc
calls=4125 0xa6dc0 3822 
* * 664333 102484 70328 3307 2218 2197 90 1 2102 131284 7580 1 1
+5 +1 4125
+3 * 4125 0 0 0 0 0 0 0 0 4125
+2 * 4125 4125
+4 * 4125
+3 * 4125 0 0 0 0 0 0 0 0 4125 2
fi=(194) /usr/src/debug/glibc/glibc/malloc/arena.c
+2 151 4120
+3 * 4120 0 0 1 0 0 1 0 0 4120 11
fe=(195)

fn=(940)
0xa6dc0 3822 4125 0 0 1 0 0 1
+3 * 4125 0 0 0 0 0 0 0 0 4125 2
+6 -32 4125 0 4125
+1 * 4125
+3 * 4125
+3 1288 4125
+4 3790 4125
+3 * 4125
+4 * 4125 0 4125 0 0 17
+4 * 4125 0 4125
+4 1288 4125
+4 * 4125 0 0 0 0 0 0 0 0 4125
+6 * 4125
+4 3831 4125
+3 * 4125 0 0 0 0 0 0 0 0 4125 1
+6 +16 4125 0 0 1025 0 0 1
+7 * 4125 0 0 0 0 0 0 0 0 4125 9
+6 +54 4116
+3 * 4116
+4 * 4116
+7 * 4116 0 0 0 0 0 0 0 0 4116 3
+6 * 4114
+3 * 4114
+4 * 4114
+7 * 4114 0 0 0 0 0 0 0 0 4114 6
+6 * 4101
+3 * 4101 0 4101
+3 * 4101
+11 +18 4101
+3 +11 4101
+4 * 4101
+4 -12 4101
+2 +1 4101
+4 * 4101
+4 -1 4101 4101
+7 * 4101
+4 * 4101 0 4101
+4 +12 4101 4101 0 0 3
+4 * 4101
+3 * 4101 0 0 0 0 0 0 0 0 4101 1041
-43 -11 24 0 0 1 0 0 1
+3 +11 24
+4 * 24
+4 -12 24
+2 +1 24
+4 * 24
+4 -1 24 24
+7 * 24
+4 * 24 0 24
+4 +12 24 24 0 0 14
+4 * 24
+3 * 24 0 0 0 0 0 0 0 0 24 9
+6 * 2071 0 2071
+4 -1 2071
+2 -5 2071
+3 * 2071 0 2071
+4 * 2071 0 2071 1024 0 0 1
+4 -2 2071 0 2071
+7 +11 2071 2071 0 0 9
+4 * 2071
+4 +3 2071
+4 * 2071 0 0 0 0 0 0 0 0 2071 2
-12 -3 12 12 0 0 1
+4 * 12
+4 +3 12
+4 * 12 0 0 0 0 0 0 0 0 12
+6 +1 2083 2083 0 0 13
+7 * 2083
+3 * 2083 0 0 0 0 0 0 0 0 2083
+6 -3 2083
+4 +5 2083 2083 0 0 15
+4 * 2083
+4 * 2083 0 0 0 0 0 0 0 0 2083 2
+6 +1 2083
+3 * 2083 0 0 1024 0 0 1 0 0 2083 3
+6 +2 2083 2083
+3 * 2083
+4 * 2083
+3 * 2083 0 0 0 0 0 0 0 0 2083 2
+6 -10 2083 2083 0 0 2
+4 +12 2083 2083 0 0 8
+4 * 2083 0 0 0 0 0 0 0 0 2083 4
+6 +1 2083 2083
+4 * 2083 0 0 0 0 0 0 0 0 2083
+6 +2 2083
+3 * 2083 0 0 0 0 0 0 0 0 2083
+6 +11 2083
+7 * 2083 0 0 0 0 0 0 0 0 2083 6
+2 * 4
+3 * 4 0 0 0 0 0 0 0 0 4 2
+6 +29 2079 0 2079 2 0 0 1
+4 +1 2079 0 2079
+4 +4 2079
+3 * 2079 0 0 0 0 0 0 0 0 2079 1023
+6 +31 1056
+7 * 1056 0 0 0 0 0 0 0 0 1056
+6 +8 1056
+3 * 1056
+4 * 1056
+7 * 1056 0 0 0 0 0 0 0 0 1056 7
+6 * 5
+5 * 5
+4 * 5
+4 +1 5
+3 +1 5 5 0 0 5
+3 -1 5
+4 +4 5
+3 * 5 0 0 0 0 0 0 0 0 5 2
-13 -4 1051 0 0 2 0 0 1
+3 +1 1051 1051 0 0 21
+3 -1 1051
+4 +4 1051
+3 * 1051 0 0 0 0 0 0 0 0 1051 12
+6 +5 15 15
+4 * 15 15 0 0 8
+4 * 15
+4 * 15 0 0 0 0 0 0 0 0 15
+6 -2 15
+4 +3 15
+3 * 15 0 0 0 0 0 0 0 0 15 10
+46 +44 1056 0 0 2 0 0 1
+5 * 1056
+3 +9 1056
+4 -9 1056
+2 +10 1056 1056
+3 -10 1056
+4 * 1056 0 1056
+8 +1 1056 0 1056 2 0 0 1
+4 +1 1056 0 1056
+4 +1 1056 0 1056 0 0 8
+4 +1 1056 0 1056
+4 +6 1056
+2 * 1056 0 0 0 0 0 0 0 0 1056 13
0xa705a 3850 9 0 0 1 0 0 1
+3 +2 9 9 0 0 8
+4 -2 9
+4 +2 9
+3 * 9 0 0 0 0 0 0 0 0 9 2
0xa7100 4340 4125 4125 0 1 0 0 1
+4 * 4125 4125
+4 * 4125 4125
+1 * 4125 4125
+7 3901 2
+3 * 2 0 2
+3 * 2
+10 -52 9
+2 * 9
+3 * 9 0 9
+3 * 9
+2 * 9
+3 * 9
+3 * 9
+4 * 9
+12 4105 1056
+3 * 1056
+6 * 1056 0 0 0 0 0 0 0 0 1056
+2 3930 1056 1056
+4 * 1056
+3 * 1056 0 0 0 0 0 0 0 0 1056 8
+6 4111 1044 1044
+3 * 1044
+2 * 1044 0 0 0 0 0 0 0 0 1044
+6 * 1044 1044
+4 * 1044 1044
+4 * 1044 1044
+4 +13 1044 1044
+3 -2 1044
+7 * 1044 0 0 0 0 0 0 0 0 1044 8
-10 +2 2054 2054 0 1 0 0 1
+3 -2 2054
+7 * 2054 0 0 0 0 0 0 0 0 2054 5
+6 * 5
+2 +73 5 5
+3 +1 5
+3 * 5
+5 -1 5
+3 +2 5
+3 * 5
+4 +1 5
+3 * 5 5 0 0 1
+8 +1 5
+5 * 5
+2 * 5
+8 +5 5
+3 * 5
+3 * 5 0 0 0 0 0 0 0 0 5
-53 -9 3091 3091 0 1 0 0 1
+3 +1 3091
+3 * 3091
+5 -1 3091
+3 +2 3091
+3 * 3091
+4 +1 3091
+3 * 3091 3091 0 0 3
+8 +1 3091
+5 * 3091
+2 * 3091
+8 +5 3091
+3 * 3091
+3 * 3091 0 0 0 0 0 0 0 0 3091 12
-6 * 1025
+3 * 1025
+3 * 1025 0 0 0 0 0 0 0 0 1025 1
+2 * 2070
+8 +16 14348
+4 +2 14348
+2 * 14348 0 0 0 0 0 0 0 0 14348
+6 -4 16401 0 0 1 0 0 1
+3 * 16401 0 0 0 0 0 0 0 0 16401 2066
+2 +8 2053 2053 0 0 4
+4 +3 2053
+3 * 2053 0 0 0 0 0 0 0 0 2053 1028
+6 +2 1025
+2 +1 1025
+4 +1 1025
+2 -2 1025
+2 * 1025
+3 * 1025
+3 * 1025 0 1025
+8 -27 1025
+66 3994 1023 0 0 1 0 0 1
+4 * 1023 0 1023
+4 +1 1023 0 0 1 0 0 1
+7 * 1023
+3 * 1023 0 0 0 0 0 0 0 0 1023 2
+7 2919 1023 1023 0 0 1
+7 3998 1023
+7 * 1023 1023 0 0 1
+5 * 1023 0 0 0 0 0 0 0 0 1023
+6 +4 1023 1023
+5 * 1023 0 0 0 0 0 0 0 0 1023 2
+97 3901 13 0 0 1 0 0 1
+3 * 13
+4 * 13
+7 * 13 0 0 0 0 0 0 0 0 13 3
+6 * 4
+3 * 4 0 4
+3 * 4
+6 4031 1051
+3 * 1051
+4 * 1051
+7 * 1051 0 0 1 0 0 1 0 0 1051 5
+6 * 1037
+3 * 1037
+4 * 1037
+7 * 1037 0 0 0 0 0 0 0 0 1037 3
+6 * 1026
+8 * 1026
+4 * 1026
+4 * 1026
0xa73f0 +52 1041 0 1041 1 0 5 1
+4 -51 1041
+3 +51 1041 0 1041
+4 * 1041
+5 1888 1023 1023
+6 4013 1023
+4 1888 1023
+2 * 1023 0 0 0 0 0 0 0 0 1023
+6 * 1027 1027 0 1
+4 * 1027 1027
+4 * 1027 1027
+4 * 1027
+10 3901 9 0 0 1 0 0 1
+3 * 9
+5 * 9
+3 * 9
+4 * 9
+4 * 9
+3 * 9 0 0 1 0 0 1
+4 * 9
+4 * 9
+3 * 9
+4 * 9
+4 * 9 0 9
+4 * 9
+11 +58 4 4 0 1
+4 * 4 0 0 0 0 0 0 0 0 4
+6 +2 4
+4 -1 4
+3 * 4 0 0 0 0 0 0 0 0 4 2
+55 +71 14 0 0 1 0 0 1
+8 * 14
+4 * 14
+4 * 14
+56 +26 15 15 0 1 7 0 1
+4 * 15
+4 * 15 0 0 0 0 0 0 0 0 15 4
+26 +1 15 0 0 1 0 0 1
+3 * 15 0 0 0 0 0 0 0 0 15
+2 +6 15 0 0 0 0 0 0 0 0 15 3
+6 +7 1 1
+4 -1 1 0 1
+4 +1 1 0 1
+4 +1 1 1
+4 * 1 0 0 0 0 0 0 0 0 1
+6 +2 1 0 1
+4 +1 1 1
+4 * 1
+3 * 1 0 1
+4 +2 1 1
+4 +1 1 1
+4 * 1 0 0 0 0 0 0 0 0 1 1
-8 -1 14 14 0 1 7 0 1
+4 +1 14 14
+4 * 14 0 0 0 0 0 0 0 0 14 2
+86 -47 11 0 0 1 0 0 1
+3 * 11
+4 * 11
+7 * 11 0 0 0 0 0 0 0 0 11 2
+6 * 2
+8 * 2
+4 * 2 0 0 1 0 0 1
+4 * 2
+98 3876 2070 0 0 1 0 0 1
+4 * 2070
+3 * 2070
+8 * 2070
+11 4211 15 15
+3 * 15
+4 * 15
+3 * 15 0 0 0 0 0 0 0 0 15 1
+6 * 13
+3 -3 13
+3 * 13
+3 * 13 0 0 0 0 0 0 0 0 13 6
-6 * 2070 0 0 1 0 0 1
+3 * 2070
+3 * 2070 0 0 0 0 0 0 0 0 2070 3
+2 4308 2068 2068
+4 +1 2068 2068 0 0 31
+4 * 2068
+4 +2 2068 2068
+7 * 2068 0 0 0 0 0 0 0 0 2068
+6 +3 2068
+4 * 2068
+3 * 2068 0 0 1 0 0 1 0 0 2068 977
+6 +5 1995
+7 -2 1995
+4 +2 1995
+3 -1 1995 0 1995
+4 +1 1995
+4 -3 1995
+3 +8 1995
+4 -5 1995
+4 +2 1995
+4 -2 1995
+4 * 1995
+3 1888 1995 1995 0 0 6
+6 4319 1995
+4 * 1995 0 1995
+4 +2 1995 0 1995 0 0 1994 0 0 1994
+4 1888 1995 0 0 1 0 0 1
+2 * 1995 0 0 0 0 0 0 0 0 1995 6
+23 4067 14 14 0 0 8
+4 * 14
+17 -36 9
+3 * 9
+5 * 9
+4 * 9
+3 * 9
+4 * 9 0 0 1 0 0 1
+8 * 9
+4 * 9
+4 * 9
+93 4213 2 0 0 1 0 0 1
+3 * 2
+3 * 2
+4 +1 2
+5 * 2
+42 -90 3093 0 0 1 0 0 1
+2 * 3093
+3 * 3093
+4 +3 3093 3093 0 0 1568
+3 -3 3093
+4 +3 3093
+3 * 3093 0 0 0 0 0 0 0 0 3093 12
+6 +1 3 3 0 1 0 0 1
+4 * 3 0 0 0 0 0 0 0 0 3 1
+6 +3 2 2
+4 * 2
+6 +1 2 2
+4 * 2
+3 * 2
+4 * 2
+3 * 2 0 0 0 0 0 0 0 0 2
+2 +6 2 2 0 0 1
+4 * 2 0 0 0 0 0 0 0 0 2 2
+14 +5 2
+3 +1 2
+3 * 2 0 2
+4 -1 2 0 0 1 0 0 1
+3 * 2 0 2
+4 * 2 0 2
+4 * 2 0 2
+4 * 2 0 2
+4 +1 2 0 2
cfn=(1402)
calls=2 0xa4e90 1592 
* * 62 26 10 0 1 0 0 0 0 16 3
+5 +3 2 2
+4 * 2 2
+4 * 2
+4 * 2 2
+4 * 2 2
+4 * 2
+4 * 2 2
+4 * 2 0 0 0 0 0 0 0 0 2 2
+99 1888 1030 1030 0 0 5
+6 4286 1030
+4 1888 1030
+2 * 1030 0 0 0 0 0 0 0 0 1030 3
+11 4334 73 0 0 1 0 0 1
+3 * 73 0 73
+4 * 73 0 73 0 0 4
cfn=(942) sysmalloc
calls=73 0xa6390 2304 
* * 13424 3145 2125 184 453 155 46 1 100 1992 204 1 1
+5 +1 73
+3 * 73 0 0 1 0 0 1 0 0 73 1
+6 1888 73 73 0 0 4
+6 * 73
+2 * 73 0 0 0 0 0 0 0 0 73 7
+22 4238 1028 1028 0 2 3
+4 * 1028
+4 +3 1028
+3 * 1028 0 0 0 0 0 0 0 0 1028
+6 +2 1028
+3 +3 1028
+3 * 1028 0 1028
+4 -3 1028
+3 * 1028 0 1028 2 0 0 1
+4 * 1028 0 1028
+4 * 1028 0 1028
+4 * 1028 0 1028
+4 +3 1028 0 1028 0 0 5
cfn=(1402)
calls=1028 0xa4e90 1592 
* * 31859 13360 5138 0 5 0 0 0 0 8221 1025
+5 +3 1028 1028
+4 * 1028 1028
+4 * 1028
+4 * 1028 1028
+4 * 1028 1028
+4 * 1028
+4 * 1028 1028
+4 * 1028 0 0 0 0 0 0 0 0 1028
+2 +15 1028 1028
+4 +1 1028 1028
+4 * 1028 0 0 0 0 0 0 0 0 1028
+6 -6 1028 0 0 1 0 0 1
+4 +8 1028 0 1028 0 0 3 0 0 2
+4 +1 1028 0 1028
+4 +1 1028 0 1028
+4 +1 1028 0 1028
+4 +3 1028
+7 * 1028 0 0 0 0 0 0 0 0 1028 4
+2 +1 1 0 1
+4 +1 1
+7 * 1 0 0 0 0 0 0 0 0 1
-7 * 1027
+7 * 1027 0 0 0 0 0 0 0 0 1027 1
+2 +2 1028 0 1028 0 0 1 0 0 1
+4 +3 1028
+7 * 1028
+3 * 1028
+3 * 1028
+3 * 1028 0 0 1 0 0 1
+4 * 1028
+3 * 1028
+4 * 1028 0 1028
+4 +2 1028
+3 * 1028
+4 * 1028 0 1028
+4 +1 1028 0 1028
+4 * 1028
+5 -31 2
+7 -1 2 0 2
+6 +1 2
+3 * 2 0 0 0 0 0 0 0 0 2 2
+52 3965 4 0 0 1 0 0 1
+4 -1 4
+3 * 4
+3 +2 4 0 4
+4 * 4 0 4
+4 +1 4 0 4
+4 +1 4 0 4 0 0 3 0 0 3
+4 * 4 0 4 1 0 0 1
+4 +1 4
+7 * 4 0 0 0 0 0 0 0 0 4
+2 +2 4 0 4 0 0 1 0 0 1
+4 +4 4
+7 * 4
+3 * 4
+4 +6 4
+4 -6 4
+4 * 4
+4 * 4
+3 * 4
+4 * 4 0 4
+4 +2 4
+3 * 4
+4 * 4 0 4 0 0 1 0 0 1
+4 1888 4 4 0 1 2 0 1
+6 3978 4 0 4
+3 1888 4
+2 * 4 0 0 0 0 0 0 0 0 4 2

fn=(1350)
0xa9080 3319 1052702 0 0 2 0 0 2
+4 +3 1052702
+3 * 1052702 0 0 0 0 0 0 0 0 1052702 1
+6 +15 1052702
+4 * 1052702 0 0 0 0 0 0 0 0 1052702 1027
+6 -4 1052702 1052702 0 0 28 0 0 1
+4 * 1052702
+3 * 1052702
+4 +8 1052702 1052702 0 0 9
+7 * 1052702
+4 * 1052702 0 0 0 0 0 0 0 0 1052702 1038
+2 +6 1048588 1048588
+7 * 1048588 1048588
+4 * 1048588 0 0 0 0 0 0 0 0 1048588
+6 +6 1048588 1048588 0 2 2 0 2
+7 -3 1048588
+4 * 1048588
+3 +3 1048588 1048588 0 0 1
+4 -3 1048588
+4 +1 1048588
+7 * 1048588 0 0 0 0 0 0 0 0 1048588 2
+2 +2 1048588 1048588 0 0 7 0 0 1
+5 * 1048588
+3 * 1048588 0 0 0 0 0 0 0 0 1048588 1
+2 3007 1048587
+3 +8 1048587
+3 -12 1048587 0 1048587
+4 +4 1048587
+4 * 1048587 1048587 0 0 7
+8 * 1048587 0 1048587
+3 * 1048587 0 1048587
+8 +8 1048587 0 1048587
+5 3354 1048587 1048587
+7 +10 1 0 0 1 0 0 1
+7 * 1
+3 * 1 0 0 0 0 0 0 0 0 1 1
+6 -34 4114
+4 +40 4114
+3 * 4114 0 0 0 0 0 0 0 0 4114
fi=(194)
+6 151 4114
+4 * 4114
+7 * 4114 0 0 0 0 0 0 0 0 4114 6
fe=(195)
+14 3374 4114 0 0 2 0 0 2
+2 * 4114
+3 * 4114
cfn=(1388) _int_free_chunk
calls=4114 0xa6290 4351 
* * 538553 169259 103747 2076 2192 15 28 679 1 85113 1211
0xa920f -9 1 0 0 1 0 0 1
cfn=(1352) tcache_free_init
calls=1 0xa92e0 -53 
* * 285 41 57 8 2 12 5 0 12 41 11 1 1

fn=(1351) free'2
0xa9080 3319 1
+4 +3 1
+3 * 1 0 0 0 0 0 0 0 0 1
+6 +15 1
+4 * 1 0 0 0 0 0 0 0 0 1
+6 -4 1 1
+4 * 1
+3 * 1
+4 +8 1 1
+7 * 1
+4 * 1 0 0 0 0 0 0 0 0 1
+2 +6 1 1
+7 * 1 1
+4 * 1 0 0 0 0 0 0 0 0 1
+6 +6 1 1
+7 -3 1
+4 * 1
+3 +3 1 1
+4 -3 1
+4 +1 1
+7 * 1 0 0 0 0 0 0 0 0 1
+2 +2 1 1
+5 * 1
+3 * 1 0 0 0 0 0 0 0 0 1
+2 3007 1
+3 +8 1
+3 -12 1 0 1
+4 +4 1
+4 * 1 1
+8 * 1 0 1
+3 * 1 0 1
+8 +8 1 0 1
+5 3354 1 1

fn=(1388)
0xa6290 4351 4123 0 4123 1 0 0 1
+1 * 4123
+3 * 4123 0 4123
+1 * 4123
+4 +8 4123 4123 0 0 13
+7 -3 4123 4123
+4 +3 4123 4123 0 0 21
+3 -3 4123
+2 * 4123 0 0 0 0 0 0 0 0 4123 7
+2 +6 4118 4118 0 0 5
+7 * 4118 0 0 0 0 0 0 0 0 4118 2
+2 +6 4118 0 4118 0 0 4
cfn=(1390) _int_free_merge_chunk
calls=4118 0xa6140 +39 
* * 469099 136491 87410 2068 2141 24 21 679 9 76967 1195
+5 +5 4118 4118
+7 * 4118 0 4118 1 0 0 1
+3 +27 4118 4118
+4 * 4118 4118
+1 * 4118 4118
+8 -14 5 5
+6 * 5
+2 * 5 0 0 0 0 0 0 0 0 5 2
+2 +10 5
+3 * 5 0 5 0 0 3
cfn=(1498)
calls=5 0xa47f0 2799 
* * 185 40 15 7 8 0 4 0 0 25 4
+5 -23 5 5
+7 * 5 0 5
+3 +27 5 5
+4 * 5 5
+1 * 5 5
+7 -12 5 5 0 0 4
+7 * 5 0 0 1 0 0 1 0 0 5 2
+2 * 5
+6 * 5 0 0 0 0 0 0 0 0 5
+2 +2 5
+4 +1 5
+4 -1 5 0 5
+7 +1 5 0 5
+7 +1 5
+1 * 5

fn=(1494) systrim.constprop.0
0xa5bc0 2743 3 3 0 1 0 0 1
+7 * 3 3
+4 * 3
+4 +2 3
+4 +1 3
+3 * 3 0 0 0 0 0 0 0 0 3 2
+2 +4 3 3
+7 +1 3
+3 -1 3
+3 * 3 0 0 0 0 0 0 0 0 3
+2 +3 3 3 0 0 3
+7 * 3 3 0 0 3
+4 * 3
+3 * 3
+3 +2 3
+3 * 3 0 0 0 0 0 0 0 0 3 3
+5 -21 3 0 3 1 0 0 1
+1 +28 3
+2 -28 3
+3 * 3
+4 +28 3 0 3
+4 * 3 0 3
+4 * 3 0 3
cfi=(267) /usr/src/debug/glibc/glibc/malloc/morecore.c
cfn=(944) __glibc_morecore
calls=3 0xa5b90 25 
* * 81 24 9 0 9 0 0 0 0 12 8
+6 * 3
+3 +1 3 3
+4 * 3 3
+7 * 3
+3 * 3 0 0 0 0 0 0 0 0 3
+2 +32 3 3
+1 -48 3
+2 +48 3 3

fn=(942)
0xa6390 2304 73 0 73 1 0 0 1
+1 * 73
+3 * 73
+4 +20 73 73 0 0 72
+7 -20 73 0 73 0 0 13
+4 * 73
+3 * 73 0 73
+4 * 73
+3 * 73 0 73
+4 +20 73 73 0 0 72
+4 +11 73
+3 * 73 0 0 0 0 0 0 0 0 73
+6 +1 73 73 0 2 71 0 1
+7 * 73 0 0 0 0 0 0 0 0 73 64
+6 * 68 0 68
+4 * 68 0 68
+4 -11 68 0 68
+4 +35 68 68
+4 +11 68
+4 -10 68 68
+4 * 68
+3 * 68
+4 +1 68
+4 +9 68
+3 * 68 0 0 0 0 0 0 0 0 68 4
+2 * 1
+3 * 1 0 0 0 0 0 0 0 0 1 1
+6 * 67
+4 * 67 0 0 0 0 0 0 0 0 67
+6 * 67
+2 * 67 0 0 0 0 0 0 0 0 67
+6 * 67
+4 * 67
+3 * 67 0 0 0 0 0 0 0 0 67
+6 +6 67
+4 * 67 0 67
+4 * 67
+3 * 67 0 0 0 0 0 0 0 0 67
+6 +3 68 0 0 1 0 0 1
+7 * 68
+3 * 68 0 0 0 0 0 0 0 0 68 3
0xa64c6 2698 68 68 0 1 0 0 1
+7 * 68 68
+7 * 68 0 0 0 0 0 0 0 0 68
+2 +1 68 0 68
+7 +5 68 68
+4 * 68
+4 +3 68 68
+4 * 68 0 0 0 0 0 0 0 0 68 2
+6 +5 68
+2 -2 68
+4 +5 68 68
+4 * 68 68
+4 -3 68 0 0 2 0 0 1
+7 -1 68 0 68
+4 +1 68
+3 * 68
+3 -3 68
+3 +3 68
+4 +1 68
+4 -1 68
+3 * 68
+4 * 68 0 68
+4 +1 68 0 68 0 0 68 0 0 68
+4 +2 68
+4 +6 68 68
+4 * 68 68
+4 * 68 68
+4 * 68 68
+1 * 68 68
-13 * 5 5
+4 * 5 5
+4 * 5 5
+4 * 5 5
+1 * 5 5
+7 2337 5 5 0 1 0 0 1
+6 * 5 5
+6 * 5 0 0 0 0 0 0 0 0 5
+6 +3 5 5
+7 * 5
+4 * 5
+3 * 5 0 0 0 0 0 0 0 0 5
+6 +8 5
+2 * 5
+3 * 5
+3 * 5 0 5 0 0 5
cfn=(1496) sysmalloc_mmap
calls=5 0xa5a50 2244 
* * 594 125 107 5 9 10 5 0 5 77 17
+5 +1 5
+4 * 5 0 0 0 0 0 0 0 0 5 3
0xa6650 +92 68 68 0 2 0 0 1
+7 * 68
+5 +9 68
+2 * 68 68
+4 * 68
+4 * 68
+3 +10 68 68
+8 * 68 0 0 0 0 0 0 0 0 68 12
+6 +7 68
+3 * 68
+5 * 68 0 0 2 0 0 1
+3 * 68
+3 * 68
+3 +8 68
+3 * 68 0 0 0 0 0 0 0 0 68 3
+6 +19 9 9
+7 * 9
+5 +2 9 9
+7 -2 9 0 9
+4 +2 9
+3 * 9 0 0 0 0 0 0 0 0 9 2
0xa6714 +10 9 9 0 1 0 0 1
+4 * 9
+3 * 9
+7 * 9 0 9
+4 * 9 0 9
+4 * 9 0 9
+4 * 9 0 9
cfi=(348)
cfn=(1422)
calls=9 0x11db80 60 
* * 334 105 66 6 19 0 4 0 0 32 8 1 1
+5 +5 9 9
+6 +8 9 9
+4 * 9 9 0 1 0 0 1
+4 * 9 9
+4 -8 9
+3 +8 9
+3 -8 9 0 9
+6 +8 9 0 0 0 0 0 0 0 0 9
+6 +2 9 9
+8 -6 9
+4 +6 9 0 0 0 0 0 0 0 0 9
+6 2624 9
+3 2523 9 0 9
+7 2624 9
+4 * 9 0 0 0 0 0 0 0 0 9
+6 -65 9
+3 +94 9 0 0 1
+3 -1 9 0 9
+7 +1 9
+3 * 9
+4 * 9 0 9 0 0 9 0 0 9
+4 +1 9 0 9
+7 +11 9
+3 * 9 0 0 0 0 0 0 0 0 9
-31 -12 1 0 0 1 0 0 1
+3 -1 1 0 1
+7 +1 1
+3 * 1
+4 * 1 0 1 0 0 1 0 0 1
+4 +1 1 0 1
+7 +11 1
+3 * 1 0 0 0 0 0 0 0 0 1 1
+6 +7 9
+4 * 9
+4 +1 9
+3 * 9
+4 * 9 0 9
+4 +8 9 0 9 1 0 9 1 0 9
+9 +2 9 0 9
+9 +5 9
+4 * 9 0 0 0 0 0 0 0 0 9 1
+6 +2 9 9
+4 * 9
+5 * 9
+3 * 9
+7 * 9
+4 * 9 0 9
cfn=(1388)
calls=9 0xa6290 4351 
* * 882 261 180 2 0 16 0 0 8 135 1
+5 +13 9 9
+7 * 9
+9 * 1 0 0 1 0 0 1
+4 * 1 0 1
+4 * 1
0xa6928 2283 9 9 0 2 0 0 1
+4 * 9
+3 +6 9
+5 * 9 0 9
+4 -6 9
+3 +6 9 0 0 1 0 0 1
+6 -6 9
+5 * 9
+3 +6 9
+5 -6 9
+3 +3 9
+5 * 9
+3 * 9
+4 +3 9
+3 * 9
+2 * 9
+3 * 9 0 9
+4 * 9 0 9
cfi=(347) /usr/src/debug/glibc/glibc/misc/../sysdeps/unix/sysv/linux/mmap64.c
cfn=(1420) mmap
calls=9 0x119430 47 
* * 234 36 27 4 0 0 3 0 0 36 4
+5 +3 9 9
+4 * 9 9
+4 * 9
+4 -3 9
+3 +3 9 0 0 1 0 0 1 0 0 9
+6 1912 9 9
+7 * 9 0 0 0 0 0 0 0 0 9 2
0xa69f8 2504 68 0 68 1 0 8 1
+4 -27 68
+3 * 68 0 68 2 0 0 1
+4 * 68 0 68
cfi=(267)
cfn=(944)
calls=68 0xa5b90 25 
* * 3164 762 420 131 210 16 7 1 0 478 6
+6 +1 68 68
+4 * 68 68
+4 * 68
+3 -1 68
+3 +1 68 0 0 0 0 0 0 0 0 68 2
+2 1912 59 59
+7 * 59 0 0 0 0 0 0 0 0 59 1
+80 2480 68 0 0 2 0 0 1
+1 +3 68
+3 * 68 0 0 0 0 0 0 0 0 68 2
+6 +38 59 59 0 2 0 0 1
+8 * 59 0 0 0 0 0 0 0 0 59 59
+6 +2 59 59
+7 * 59
+3 * 59 0 59
+7 +6 59
+3 * 59 0 0 0 0 0 0 0 0 59 1
+6 +1 58
+3 2703 58 58
+7 2530 58
+4 * 58 0 58
+4 * 58
0xa6b40 -8 1 0 1 1 0 0 1
+7 * 1
+75 +10 1 0 0 1 0 0 1
+2 * 1 0 0 0 0 0 0 0 0 1 1
+74 * 1 0 0 1 0 0 1
+3 * 1 0 0 0 0 0 0 0 0 1 1
+32 +40 1 0 0 1 0 0 1
+3 * 1
+3 * 1 0 0 0 0 0 0 0 0 1
+25 +22 1
+4 * 1
+3 +1 1
+5 * 1
+3 * 1
+3 * 1
+3 +2 1
+3 * 1 0 0 0 0 0 0 0 0 1
+6 * 1 0 1 1 0 0 1
+4 +1 1
+3 * 1 0 1
cfi=(267)
cfn=(944)
calls=1 0xa5b90 25 
* * 27 8 3 0 0 0 0 0 0 4 2
+6 +12 1 1
+4 * 1
+3 -12 1
+3 +12 1 0 0 0 0 0 0 0 0 1
+6 1912 1 1
+7 * 1 0 0 0 0 0 0 0 0 1 1
+83 2559 1 1 0 1 0 0 1
+4 * 1
+71 +1 1 0 1
+4 +12 1
+3 * 1
+25 +41 1 1 0 1 0 0 1
+6 -84 1
+5 * 1
+3 * 1

fn=(1390)
0xa6140 4407 4118 0 4118 2 0 0 2
+1 * 4118
+3 * 4118 0 4118
+2 * 4118 0 4118
+2 * 4118 0 4118 0 0 8
+1 * 4118
+4 +7 4118 4118 0 0 6
+4 * 4118
+3 * 4118 0 0 0 0 0 0 0 0 4118
+6 * 4118
+3 * 4118
+3 -6 4118
+4 +9 4118
+3 * 4118 4118
+4 * 4118 0 0 0 0 0 0 0 0 4118 4
+6 +5 4118 4118 0 0 15 0 0 1
+4 * 4118
+4 * 4118 0 0 0 0 0 0 0 0 4118
+6 +4 4118 0 0 2 0 0 2
+4 * 4118 0 0 0 0 0 0 0 0 4118
+2 -1 4118
+4 +1 4118 4118 0 0 6
+7 * 4118 0 0 0 0 0 0 0 0 4118
+2 1895 4118 4118 0 0 6
+6 * 4118
+2 * 4118 0 0 0 0 0 0 0 0 4118
+6 4433 4118 4118
+4 * 4118 0 0 0 0 0 0 0 0 4118 22
+2 +2 2042 2042
+3 +2 2042
+3 +1 2042 2042 0 0 4
+4 * 2042
+4 * 2042
+3 * 2042 0 0 0 0 0 0 0 0 2042
+6 +2 2042
+3 * 2042 0 2042
+4 -4 2042
+3 +4 2042 0 2042
+4 * 2042 0 2042 0 0 4
cfn=(1402)
calls=2042 0xa4e90 1592 
* * 44969 18398 6136 0 8 0 0 0 0 10225 8
+5 * 2042 2042
+4 * 2042 2042
+4 +4 2042
+3 * 2042
+3 * 2042
+3 * 2042 0 2042
cfn=(1392)
calls=2042 0xa4f60 +14 
* * 57497 12394 18442 2 2053 0 2 677 0 8229 28
-9 * 2076 0 0 1 0 0 1
+3 * 2076
+3 * 2076
+3 * 2076 0 2076 0 0 1
cfn=(1392)
calls=2076 0xa4f60 +14 
* * 90023 25832 25886 8 15 11 7 1 9 13453 1036
+5 +2 4118
+4 -1 4118
+3 +1 4118 4118
+1 -1 4118
+3 +1 4118 4118
+2 * 4118 4118
+2 * 4118 4118
+1 -1 4118
cfn=(1394) _int_free_maybe_trim
calls=4118 0xa5c80 +83 
* * 75414 28533 10230 2052 28 0 6 0 0 12206 95
+42 -28 1986 1986 0 1 0 0 1
+4 * 1986
+4 * 1986
+3 * 1986
+3 * 1986 0 0 0 0 0 0 0 0 1986 2

fn=(1394)
0xa5c80 4528 4118 0 4118 1 0 0 1
+1 * 4118
+3 * 4118
+4 * 4118 4118 0 0 8
+9 * 4118 0 4118
+4 * 4118
+2 +3 4118
+7 * 4118 0 0 0 0 0 0 0 0 4118 57
+6 +2 1973
+7 * 1973 0 1973
+4 * 1973
+3 * 1973
+3 * 1973 0 0 0 0 0 0 0 0 1973 10
fi=(194)
0xa5eb4 607 1970 1970
fe=(195)
+4 4550 1970 1970
+4 * 1970 1970
+9 * 1970 0 0 0 0 0 0 0 0 1970 1
-13 * 2145 2145 0 1024 0 0 1
+4 * 2145 2145 0 1024 0 0 1
+9 * 2145 0 0 0 0 0 0 0 0 2145 2
+6 * 4115 4115
+1 * 4115 4115
+20 -14 1973 1973
+4 * 1973 1973 0 0 1
+4 * 1973
+4 * 1973 1973 0 0 4
+7 * 1973 0 0 0 0 0 0 0 0 1973 10
+2 +1 3 3
+4 * 3 3 0 1 0 0 1
+9 * 3 0 0 0 0 0 0 0 0 3 2
+6 * 3 3
+7 * 3 3
+4 +13 3 3
+1 -13 3
cfn=(1494)
calls=3 0xa5bc0 2743 
* * 174 51 21 2 15 0 2 0 0 24 13

fn=(1402)
0xa4e90 1592 4110 0 4110 1 0 0 1
+1 +2 4110 4110
+4 * 4110
+3 * 4110
+4 -2 4110
+3 +2 4110 4110 0 0 4
+4 * 4110 0 0 0 0 0 0 0 0 4110 2
+6 +3 4110 4110 0 0 5
+4 +3 4110 4110 0 0 8
+4 * 4110 0 0 0 0 0 0 0 0 4110
+2 -2 4110 4110
+4 +2 4110 4110 0 0 9
+4 * 4110 0 0 0 0 0 0 0 0 4110
+2 +3 4110 0 4110 1 0 0 1
+4 +1 4110 0 4110
+4 +1 4110
+7 * 4110 0 0 0 0 0 0 0 0 4110 4
+2 * 4110 4110 0 0 4
+4 * 4110
+3 * 4110 0 0 0 0 0 0 0 0 4110 11
+2 +2 1042 1042 0 0 1
+4 * 1042 0 0 0 0 0 0 0 0 1042 1
+2 +1 1042 1042
+4 * 1042 1042
+4 * 1042 0 0 0 0 0 0 0 0 1042
+2 +3 1042 1042
+5 * 1042 0 0 0 0 0 0 0 0 1042 1028
+2 +14 1040 0 1040
+4 +1 1040 0 1040
+4 +3 1040 1040
+1 * 1040 1040
-1 * 3068 3068
+1 * 3068 3068
+9 -16 2 0 0 1 0 0 1
+3 * 2 0 0 0 0 0 0 0 0 2 2
+53 +1 2
+5 * 2
+4 * 2 0 2
+4 +15 2 2
+1 * 2 2

fn=(1352)
0xa92e0 3312 1 0 1 1 0 0 1
+1 2941 1
+7 3312 1
+3 * 1 0 1
+1 * 1
+3 * 1
+4 2941 1 1
+7 * 1 0 1
+4 3210 1 1 0 1 0 0 1
+8 * 1 0 0 0 0 0 0 0 0 1
+2 +4 1
+2 * 1 0 1
cfn=(1354) tcache_init.part.0
calls=1 0xa7d00 -8 
* * 236 28 49 6 2 12 3 0 12 34 11 1 1
+5 3314 1
+3 +1 1 1
+4 * 1 1
+1 -1 1
cfn=(1351)
calls=1 0xa9080 +5 
* * 33 9 4 0 0 0 0 0 0 6

fn=(1496)
0xa5a50 2244 5 0 5 1 0 0 1
+1 +4 5
+2 * 5
+3 * 5
+6 * 5
+3 -4 5
+3 * 5 0 5
+2 * 5
+3 +4 5
+5 -4 5 0 5
+2 +2 5
+5 * 5
+3 +2 5
+2 -4 5 0 5
+1 +2 5
+3 +2 5
+3 -4 5 0 0 1 0 0 1
+4 +4 5 0 5
cfi=(347)
cfn=(1420)
calls=5 0x119430 47 
* * 130 20 15 0 0 5 0 0 0 20 4
+5 * 5
+3 +3 5
+4 * 5 0 0 0 0 0 0 0 0 5
+2 +2 5
+3 * 5 0 0 0 0 0 0 0 0 5 2
+29 1448 5 0 5 0 0 5 0 0 5
+3 +1 5
+5 2261 5
+5 1449 5 0 0 1 0 0 1
+4 * 5 0 5
+4 2261 5 5 5 0 0 0 0 0 0 5
+8 * 5
+7 * 5
+3 +1 5 5
+3 * 5
+2 * 5 0 0 0 0 0 0 0 0 5 2
+2 * 2 0 2
+8 * 2 0 0 0 0 0 0 0 0 2 1
+2 +3 5
+3 * 5 5 5 0 0 0 0 0 0 5
+9 * 5
+3 +1 5 5
+4 * 5
+3 * 5 0 0 0 0 0 0 0 0 5 2
+2 * 5 0 5
+9 * 5 0 0 0 0 0 0 0 0 5
+2 +4 5
+4 +1 5
+4 * 5
+3 * 5 5
+1 * 5 5
+2 * 5 5
+2 * 5 5
+1 * 5 5
+3 1912 5 5 0 1 0 0 1
+7 * 5 0 0 0 0 0 0 0 0 5 2
+67 2256 5 0 0 1 0 0 1
+7 * 5
+3 * 5
+3 * 5 0 5
cfi=(348)
cfn=(1422)
calls=5 0x11db80 60 
* * 170 55 35 0 9 0 0 0 0 15 4
+5 1448 5
+2 * 5

fn=(936)
0xa8b30 3283 1052703 0 0 1 0 0 1
+4 1269 1052703
+3 * 1052703 0 0 0 0 0 0 0 0 1052703
+2 +19 1052703
+4 3287 1052703 1052703 0 1 18 0 1 1
+7 1288 1052703
+4 * 1052703 0 0 0 0 0 0 0 0 1052703 2
+2 * 1052702
+4 3287 1052702
+3 * 1052702 0 0 0 0 0 0 0 0 1052702 17
+2 +2 1048587
+3 * 1048587
+4 * 1048587
+4 +2 1048587
+4 * 1048587 0 0 0 0 0 0 0 0 1048587
+2 +2 1048588 1048588 0 0 7
+7 * 1048588
+4 * 1048588 1048588 0 0 6
+4 * 1048588 1048588 0 0 30 0 0 4
+5 * 1048588
+3 * 1048588 0 0 0 0 0 0 0 0 1048588 8
+2 3030 1048579
+2 * 1048579 0 0 0 0 0 0 0 0 1048579
+6 +4 1048579
+3 * 1048579
+4 * 1048579 1048579 0 0 4 0 0 1
+3 * 1048579 0 1048579
+5 +4 1048579 0 1048579 0 0 28
+5 +1 1048579 0 1048579
+8 3294 1048579 1048579
+7 -7 1
+4 * 1 0 0 0 0 0 0 0 0 1 1
+2 +19 4124 0 0 1 0 0 1
cfn=(938)
calls=4124 0xa7b40 -59 
* * 746690 123088 82692 3311 2234 2213 94 1 2101 147759 7607 1 1
+10 -17 1
+2 * 1

fn=(1354)
0xa7d00 3206 1 0 1 1 0 0 1
+1 * 1
+3 +8 1
+3 * 1 0 0 0 0 0 0 0 0 1 1
+19 +2 1 1
+7 * 1 0 1
+4 +4 1
+3 * 1 0 0 0 0 0 0 0 0 1
fi=(339) /usr/src/debug/glibc/glibc/malloc/../string/bits/string_fortified.h
+2 59 1
+5 * 1
+3 * 1
+2 * 1 1 1 0 1 0 0 0 0 0 0 1 1
cfi=(214)
cfn=(740)
calls=1 0x1729c0 198 
* * 57 2 24 3 0 11 0 0 11 9 5
fe=(195)
+6 3229 1 1 0 1 0 0 1
fi=(339)
+8 59 1
fe=(195)
+3 3228 1
+4 * 1
+5 * 1
+7 * 1
+4 * 1
+3 * 1
+4 * 1
+5 +1 1 0 1
+3 * 1
+4 * 1 0 1
+4 * 1 0 1
+4 -1 1
+3 * 1 0 0 0 0 0 0 0 0 1 1
-18 +1 2 0 2
+3 * 2
+4 * 2 0 2
+4 * 2 0 2
+4 -1 2
+3 * 2 0 0 0 0 0 0 0 0 2 1
+2 +1 1 0 1
+8 +2 1 1
+1 * 1 1
+19 -13 1 0 0 1 0 0 1
+5 * 1 0 1
cfn=(938)
calls=1 0xa7b40 +29 
* * 133 21 11 0 1 1 0 0 1 20 3
+5 * 1
+3 * 1

fl=(236)
fn=(802)
0xc1d70 32 256 0 0 1 0 0 1
+4 * 256 0 256
+1 * 256
+3 * 256
+4 +5 256 256 0 1 0 0 1
+9 * 256 0 256
+4 * 256
+6 * 256
+6 * 256 0 0 0 0 0 0 0 0 256
+6 * 256
+2 * 256
+3 * 256 0 0 0 0 0 0 0 0 256
+6 * 256
+2 +5 256
+3 * 256 0 0 0 0 0 0 0 0 256 3
+2 +52 128 128
+4 * 128 128
+9 * 128 0 0 0 0 0 0 0 0 128
+6 * 128 128 0 1 0 0 1
+1 * 128 128
+7 -48 128 128
+7 * 128 128
+4 * 128 128 0 0 1
fi=(409) /usr/src/debug/glibc/glibc/wcsmbs/./wcsmbsload.h
+3 +23 128 128
+4 +1 128 128 0 0 1
+3 * 128
+3 * 128 0 0 0 0 0 0 0 0 128
fe=(236)
+6 -23 128 128 0 0 1
+3 * 128 128 0 0 1
+4 +1 128 128 0 0 1
+4 * 128 0 0 0 0 0 0 0 0 128 3
+15 +4 128 128 0 1 0 0 1
+5 * 128 0 0 0 0 0 0 0 0 128
+2 * 128
+3 * 128 0 0 0 0 0 0 0 0 128
+2 +3 128
+3 * 128 0 128
+4 * 128 0 128
+4 * 128 0 128
+3 * 128 0 128
cfi=(237) /usr/src/debug/glibc/glibc/elf/libc-dl-profstub.c
cfn=(804) _dl_mcount_wrapper_check
calls=128 0x16e490 -15 
* * 640 384 0 1 0 0 1 0 0 128 2
+5 * 128 128
+4 * 128 128
+4 * 128 128
+4 * 128 128
+9 * 128 0 0 0 0 0 0 0 0 128
+6 * 128 128
+4 * 128 128 0 1 0 0 1
+3 +39 128 128
+1 -39 128 0 0 0 0 0 0 0 0 0 0 128 1
cfi=(238)
cfn=(806)
calls=128 0x2ab40 -6 
* * 768 128 0 1 0 0 1

fl=(134)
fn=(446)
0xad680 31 1 0 0 1 0 0 1
fi=(86)
+4 +5 1 1
+7 +1 1 1
+6 * 1
+2 * 1
+6 * 1 0 0 0 0 0 0 0 0 1 1
fe=(134)
+43 -6 1
+3 * 1 1
fi=(86)
+9 +7 1 1 0 1 0 0 1
+6 * 1
+6 * 1 0 0 0 0 0 0 0 0 1
+2 +4 1 1
+6 * 1
+2 * 1
+6 * 1 0 0 0 0 0 0 0 0 1
+2 +3 1
+7 * 1 1
+7 * 1 0 0 0 0 0 0 0 0 1
+2 +3 1 0 0 1 0 0 1
+6 * 1
+7 * 1 0 0 0 0 0 0 0 0 1
+2 * 1
fe=(134)

fl=(383)
fn=(1654)
0x103380 82 5 0 0 1 0 0 1
+4 * 5 0 5
+1 * 5
+3 +1 5
+2 * 5
+5 -1 5
+3 * 5
+4 +1 5 0 5 0 0 1 0 0 1
+8 * 5 0 0 0 0 0 0 0 0 5 1
fi=(384) /usr/src/debug/glibc/glibc/posix/../malloc/dynarray-skeleton.c
+6 243 5 5 0 0 1 0 0 1
fe=(383)
+7 71 5
+3 * 5 0 0 0 0 0 0 0 0 5 2
0x1034c0 +38 5 0 0 1 0 0 1
+2 * 5 5 5 0 0 0 0 0 0 5
+6 * 5
+3 * 5 0 0 0 0 0 0 0 0 5 2
+2 +1 5 5
+1 * 5 5

fl=(83)
fn=(314)
0xc1b90 86 1 0 0 1 0 0 1
fi=(84) /usr/src/debug/glibc/glibc/string/../sysdeps/x86/cacheinfo.h
+4 -24 1 1
+7 +3 1 1 0 0 1
+7 * 1
+7 * 1 0 0 0 0 0 0 0 0 1
+2 +2 1
+3 +1 1 0 1 0 0 1 0 0 1
+7 -1 1
+3 * 1 0 1 0 0 1 0 0 1
+7 +7 1 1 0 1 0 0 1
+7 * 1
+7 * 1 0 0 0 0 0 0 0 0 1
+2 +2 1
+3 +1 1 0 1
+7 -1 1
+3 * 1 0 1
+7 +5 1 1
+7 * 1 0 1 0 0 1 0 0 1
+7 +3 1 1
+7 * 1 0 1
+7 +2 1 1 0 1 1 0 1
+7 * 1 0 1
+7 +1 1 1
+7 * 1 0 1
+7 +1 1 1
+7 * 1 0 1
+7 +2 1 1
+7 * 1 0 0 0 0 0 0 0 0 1 1
fe=(83)
+9 -4 1
+2 * 1 1

fl=(264) /usr/src/debug/glibc/glibc/stdlib/getenv.c
fn=(928) getenv
0x41fc0 25 1 0 0 1 0 0 1
+4 * 1 0 1
+1 * 1
+3 * 1 0 1
+2 * 1 0 1
+2 * 1
+3 * 1 0 1
+2 * 1 0 1
+2 * 1 0 1
+1 * 1
+4 +4 1 1
+7 +13 1 1
+7 * 1 1
+3 +1 1
+3 * 1 0 0 0 0 0 0 0 0 1
+6 * 1 1 0 0 1 0 0 1
+4 * 1 0 0 0 0 0 0 0 0 1
+6 +3 1
+3 * 1 0 1 1 0 0 1
cob=(4)
cfi=(198)
cfn=(812)
calls=1 0x4ccd250 -46 
* * 16 3 0 0 0 0 0 0 0 2 0 1 1
+5 * 1
+3 +1 1
+25 * 56
+4 +2 56 56 0 0 7
+4 +1 56
+3 * 56 0 0 0 0 0 0 0 0 56 1
-7 -1 1 1 0 0 1
+4 +1 1
+3 * 1 0 0 0 0 0 0 0 0 1
+2 +5 56 56 0 0 24
+3 * 56 56
+3 * 56 0 0 0 0 0 0 0 0 56 9
+2 +1 1
+3 * 1
+3 * 1
+3 * 1 0 1 1 0 0 1
cob=(4)
cfi=(198)
cfn=(930)
calls=1 0x4ccd2f0 -56 
* * 27 6 0 3 1 0 3 0 0 4 1 1 1
+5 * 1
+2 * 1 0 0 0 0 0 0 0 0 1 1
+35 +13 1 1
+7 * 1
+3 * 1 0 0 0 0 0 0 0 0 1
+6 +85 1
+4 44 1
+2 154 1 1
+1 * 1 1 0 1 0 0 1
+2 * 1 1
+2 * 1 1
+2 * 1 1
+2 * 1 1
+1 * 1 1

fl=(297)
fn=(1096)
0x92010 589 2 0 0 2 0 0 2
+4 * 2 0 2
+1 * 2
+3 * 2 0 2 0 0 1 0 0 1
+2 * 2
+3 * 2 0 2
+2 * 2
+3 * 2 0 2
+2 * 2
+3 * 2 0 2
+1 * 2
+3 +1 2 0 2
cfn=(1098) _IO_old_init
calls=2 0x91fa0 -33 
* * 52 6 26 4 2 5 4 2 5 2 1
+6 +1 2 0 2
+7 +1 2
+3 * 2 0 0 0 0 0 0 0 0 2
+2 +2 2 0 2 2 0 0 2
+7 +4 2
+4 +7 2 0 2 0 0 2 0 0 2
+9 +2 2 0 2 0 0 1
+8 -9 2 0 2
+5 * 2 0 2 0 0 2 0 0 2
+6 * 2 0 2
+6 * 2 0 2
+6 * 2 0 2
+6 +15 2 0 2 2 0 0 2
+11 +1 2 0 2
+11 +1 2 2
+1 * 2 2
+2 * 2 2
+2 * 2 2
+2 * 2 2
+1 * 2 2

fn=(1784)
0x92aa0 882 1 0 0 1 0 0 1
+4 * 1 0 1
+1 * 1
+3 * 1
+4 * 1 0 1
+4 * 1 0 1
+4 * 1 1
+9 * 1 0 1 1 0 0 1
+4 * 1
+2 +1 1 0 1
cfn=(1786) _IO_flush_all
calls=1 0x92300 713 
* * 198 74 35 11 7 0 11 5 0 41 9
+5 -73 1
+4 * 1 0 1
+8 +73 1
+3 -73 1
+7 * 1 0 1
+4 * 1 0 1
cfi=(299) /usr/src/debug/glibc/glibc/nptl/libc-cleanup.c
cfn=(1104) __libc_cleanup_push_defer
calls=1 0x94ed0 24 
* * 13 4 3 0 0 0 0 0 0 1
+5 +1 1 1
+7 * 1 1
+9 * 1 1
+7 * 1 0 0 0 0 0 0 0 0 1
+2 * 1 0 0 1 0 0 1
+3 * 1 0 0 0 0 0 0 0 0 1 1
+59 +3 1 0 1 1 0 0 1
fi=(351)
+4 1037 1
+7 * 1
fe=(297)
+15 832 3 3
+2 * 3
+2 * 3 0 0 0 0 0 0 0 0 3 1
+2 +2 2 2
+6 * 2
+2 * 2 0 0 0 0 0 0 0 0 2
+6 +20 3 0 3
+10 +2 3
+3 * 3 0 0 0 0 0 0 0 0 3
+2 * 3 3 0 1 0 0 1
+7 * 3 3
+7 * 3 3
+3 * 3 0 0 0 0 0 0 0 0 3
+6 * 3
+2 * 3 0 0 0 0 0 0 0 0 3
+6 * 3 0 3
+8 * 3 3
+7 * 3 0 3
+6 * 3
+1 +1 3 0 3
+11 -43 3 3
+4 * 3
+3 * 3 0 0 0 0 0 0 0 0 3 1
+6 +4 3 0 3 1 0 0 1
+7 +1 3 3
+4 * 3 0 0 0 0 0 0 0 0 3
+2 * 3 3
+7 * 3 3
+7 * 3 3
+9 * 3 3
+4 * 3 0 0 0 0 0 0 0 0 3 1
+2 * 3
+3 * 3 0 0 0 0 0 0 0 0 3 2
+43 +8 3 3 0 1 0 0 1
+5 * 3 0 0 0 0 0 0 0 0 3 2
+47 +2 3 3 0 1 0 0 1
+6 * 3
+2 * 3 0 0 0 0 0 0 0 0 3 3
0x92d50 -10 1 1 0 1 0 0 1
+4 +42 1 1
+7 * 1 0 0 0 0 0 0 0 0 1 1
+29 +1 1
+4 * 1 0 1
cfi=(299)
cfn=(1106) __libc_cleanup_pop_restore
calls=1 0x94f20 54 
* * 10 5 1 0 0 0 0 0 0 1 1
+5 +33 1 1
+4 * 1 1
+9 * 1 0 0 0 0 0 0 0 0 1
+6 * 1
+3 * 1 1
+4 * 1 1
+4 * 1 1
+1 * 1 1
+8 -76 3 0 3 1 0 0 1
+6 * 3 0 3
+4 * 3
+14 -8 1 0 1 1 0 0 1
+7 +3 1 1
+7 -3 1 0 1
+10 +3 1
+3 * 1 0 0 0 0 0 0 0 0 1 1
+21 +47 1 1
+6 * 1
+2 * 1 0 0 0 0 0 0 0 0 1
+6 * 1 0 1 1 0 0 1
+11 * 1 0 1
+10 * 1

fn=(1786)
0x92300 713 1 0 0 1 0 0 1
+4 * 1 0 1
+1 * 1
+3 * 1
+4 * 1 0 1
+4 +5 1
+4 -5 1 0 1
+4 * 1 1
+9 * 1 0 1
+4 * 1
+2 +5 1
+7 * 1 0 1
+8 * 1 0 1
+4 * 1 0 1
cfi=(299)
cfn=(1104)
calls=1 0x94ed0 24 
* * 13 4 3 0 1 0 0 0 0 1
+5 +1 1 1 0 1 0 0 1
+7 * 1 1
+9 * 1 1 0 0 1
+7 * 1 0 0 0 0 0 0 0 0 1
+2 * 1
+3 * 1 0 0 0 0 0 0 0 0 1 1
+59 +3 1 0 1 1 0 0 1
+4 -8 1
fi=(351)
+3 1037 1
+7 * 1
fe=(297)
+92 742 3 3 0 1 0 0 1
+4 * 3 0 0 0 0 0 0 0 0 3
+2 * 3 3
+7 * 3 3
+7 * 3 3
+3 * 3 0 0 0 0 0 0 0 0 3
+6 * 3
+2 * 3 0 0 0 0 0 0 0 0 3
+6 * 3 0 3
+8 * 3 3
+7 * 3 0 3
+6 * 3
+6 +1 3 0 3
+11 -21 3 3
+4 * 3
+3 * 3 0 0 0 0 0 0 0 0 3 2
+6 +2 3 0 3 1 0 0 1
+7 +1 3 3 0 0 1 0 0 1
+4 * 3 0 0 0 0 0 0 0 0 3
+2 * 3 3 0 0 1 0 0 1
+7 * 3 3
+7 * 3 3
+9 * 3 3
+4 * 3 0 0 1 0 0 1 0 0 3
+2 * 3
+3 * 3 0 0 0 0 0 0 0 0 3 3
+43 +2 3 3 0 0 1 0 0 1
+7 * 3
+3 * 3 0 0 0 0 0 0 0 0 3
+6 * 3 3 0 1 1 0 1 1
+4 * 3 3
+4 * 3 0 0 0 0 0 0 0 0 3
+2 +7 3 3 0 0 1 0 0 1
+3 * 3
+2 * 3 0 0 0 0 0 0 0 0 3
+6 +1 3 3
+4 * 3 3
+4 * 3 0 0 0 0 0 0 0 0 3 1
+6 * 3
0x92590 -10 1 1 0 1 0 0 1
+4 +22 1 1
+7 * 1 0 0 0 0 0 0 0 0 1
+29 +1 1
+4 * 1 0 1
cfi=(299)
cfn=(1106)
calls=1 0x94f20 54 
* * 10 5 1 0 0 0 0 0 0 1 1
+5 +4 1 1
+4 * 1 1
+9 * 1 0 0 0 0 0 0 0 0 1
+6 * 1
+3 * 1 1
+4 * 1 1
+4 * 1 1
+1 * 1 1
+8 -27 3 0 3 1 0 0 1
+6 * 3 0 3
+4 * 3
+14 -6 1 0 1 1 0 0 1
+7 +3 1 1
+7 -8 1
+3 +5 1 0 1
+10 +3 1
+3 * 1 0 0 0 0 0 0 0 0 1 1
+18 +25 1 1
+6 * 1
+2 * 1 0 0 0 0 0 0 0 0 1
+6 * 1 0 1 1 0 0 1
+11 * 1 0 1
+10 * 1

fn=(1444) __GI__IO_un_link.part.0
0x90d90 66 2 0 2 1 0 0 1
+1 +6 2
+7 -6 2
+3 * 2 0 2
+1 * 2
+4 * 2 2
+9 * 2 0 2
+4 * 2
+3 +6 2
+4 * 2 0 2
+4 * 2 0 2
+8 * 2 0 2 2 0 0 2
cfi=(299)
cfn=(1104)
calls=2 0x94ed0 -48 
* * 26 8 6 2 2 0 0 0 0 2
+5 +1 2 2
+7 * 2 2
+9 * 2 2 0 0 2
+7 * 2 0 0 0 0 0 0 0 0 2
+2 * 2
+3 * 2 0 0 0 0 0 0 0 0 2 2
+43 +2 2 2 0 2 0 0 2
+2 -1 2 0 2
+7 +1 2
+3 * 2 0 0 0 0 0 0 0 0 2
+6 * 2 2 0 0 2
+7 * 2 2
+7 * 2 2
+9 * 2 2 0 0 2
+4 * 2 0 0 0 0 0 0 0 0 2 2
+43 +2 2 2 0 1 2 0 1
+8 * 2 0 0 0 0 0 0 0 0 2
+2 +4 2 2
+7 +1 2 2
+4 +1 2 0 2
+3 +1 2
+3 * 2 0 0 1 0 0 1 0 0 2
+2 +1 2 0 2 0 0 2
+7 +11 2 2
+2 * 2
+2 * 2
+3 * 2 0 2
+2 +2 2 2
+7 * 2
+3 * 2 0 0 0 0 0 0 0 0 2
+6 * 2 2
+7 * 2 2
+3 * 2
+2 * 2 0 0 0 0 0 0 0 0 2
+6 * 2
+2 * 2 0 0 0 0 0 0 0 0 2 1
+6 * 2 0 2 1 0 0 1
+8 * 2 2
+7 +1 2 0 2
+11 -1 2 0 2
+6 +2 2 2
+6 * 2
+2 * 2 0 0 0 0 0 0 0 0 2 2
+15 +1 2
+4 * 2 0 2
cfi=(299)
cfn=(1106)
calls=2 0x94f20 -47 
* * 20 10 2 1 0 0 0 0 0 2 2
+5 +3 2 2
+4 * 2 2 0 2 0 0 2
+9 * 2 0 0 0 0 0 0 0 0 2
+6 * 2 2
+4 * 2 2
+1 * 2 2
+93 -29 2 0 0 2 0 0 2
+3 * 2 0 0 0 0 0 0 0 0 2
+6 * 2 0 2
+6 * 2 0 2 2 0 0 2
+4 * 2
+13 +25 2 0 2
+11 * 2 0 2
+10 * 2
+75 -27 2 0 2 2 0 0 2
+10 * 2 0 2 2 0 0 2
+7 * 2

fn=(1098)
0x91fa0 557 2 0 0 2 0 0 2
+4 +3 2 2 0 0 2 0 0 2
+6 * 2
+2 +5 2
+4 * 2 0 2 0 0 2 0 0 2
+4 -7 2
+6 +12 2 0 2 2 0 0 2
+8 -10 2
+2 -2 2 0 2 0 0 1 0 0 1
+2 +2 2
+3 +16 2
+2 -11 2 0 2
+4 -5 2
+3 +16 2 0 2
+7 * 2 0 2
+4 +5 2 2
+7 -16 2 0 2
+4 * 2 0 2
+4 * 2 0 2
+4 * 2 0 2
+4 * 2 0 2
+4 +16 2
+3 * 2 0 0 0 0 0 0 0 0 2 1
+2 +1 2 0 2 0 0 2 0 0 2
+7 * 2 0 2
+8 +2 2 2

fn=(1102) _IO_link_in
0x910e0 109 4 0 0 1 0 0 1
+4 * 4 0 4
+1 * 4
+3 * 4
+4 +1 4 4
+9 * 4 0 4
+4 * 4 4
+2 * 4
+2 * 4 0 0 0 0 0 0 0 0 4 2
+2 +24 4 4
+4 * 4 4
+9 * 4 0 0 0 0 0 0 0 0 4
+6 * 4 4
+1 * 4 4
+5 -22 2 0 0 2 0 0 2
+2 * 2 0 2 0 0 1 0 0 1
+4 * 2 0 2
+2 +2 2
+7 * 2
+4 * 2 0 2
+4 * 2 0 2
+8 * 2 0 2
cfi=(299)
cfn=(1104)
calls=2 0x94ed0 -90 
* * 26 8 6 2 2 0 2 2 0 2 2
+5 +1 2 2 0 2 0 0 2
+7 * 2 2
+7 * 2 2
+9 * 2 2
+4 * 2
+2 * 2 0 0 0 0 0 0 0 0 2
+2 * 2
+3 * 2 0 0 0 0 0 0 0 0 2 2
0x911f1 +4 2 2 0 2 1 0 2 1
+7 +3 2
+7 * 2 0 2 2 0 0 2
+7 -3 2 0 2
+4 +4 2
+3 * 2 0 0 0 0 0 0 0 0 2
+2 +1 2
+4 * 2 0 2 0 0 1 0 0 1
+7 +2 2 0 2
+7 +2 2
+2 * 2 0 0 0 0 0 0 0 0 2
+6 * 2 2
+7 * 2 2
+3 * 2
+2 * 2 0 0 0 0 0 0 0 0 2
+6 * 2
+2 * 2 0 0 2 0 0 2 0 0 2
+6 * 2 0 2
+8 * 2 2
+7 +1 2 0 2
+11 +1 2 2
+6 -2 2 0 2
+6 +2 2
+2 * 2 0 0 0 0 0 0 0 0 2
+6 * 2 0 2
+11 * 2 0 2 2 0 0 2
+10 * 2
0x91303 +1 2
+4 * 2 0 2
cfi=(299)
cfn=(1106)
calls=2 0x94f20 -77 
* * 20 10 2 1 0 0 1 0 0 2 2
+5 +3 2
+28 -19 2 0 2 2 0 0 2
+10 * 2 0 2
+7 +1 2 0 2
+7 +1 2 2 0 1 0 0 1
+4 * 2 0 0 0 0 0 0 0 0 2
+6 * 2 2
+9 * 2 2
+7 * 2 2
+4 * 2
+3 * 2 0 0 0 0 0 0 0 0 2
+6 * 2 0 2
+6 * 2 0 2
+4 +11 2 2
+2 * 2
+6 -11 2

fn=(1454) _IO_setb
0x91900 355 2 0 0 2 0 0 2
+4 * 2 0 2
+1 * 2
+3 * 2
+3 * 2
+4 +1 2 2
+4 * 2 2
+3 * 2
+3 * 2 0 0 0 0 0 0 0 0 2 2
+6 +3 2 0 2
+4 +2 2
+2 * 2
+3 * 2
+3 * 2
+2 -3 2 0 2
+4 +3 2
+3 * 2 0 2
+3 +3 2 2
+1 * 2 2

fn=(1460) _IO_default_finish
0x92110 628 2 0 0 2 0 0 2
+4 * 2 0 2
+1 * 2
+3 * 2 0 2
+1 * 2
+3 * 2
+4 +2 2 2
+4 * 2
+3 * 2 0 0 0 0 0 0 0 0 2 2
+7 +6 2 2
+4 * 2
+3 * 2 0 0 0 0 0 0 0 0 2 2
+27 +3 2 2 0 2 0 0 2
+4 * 2
+3 * 2 0 0 0 0 0 0 0 0 2 2
+25 68 2 2
+3 * 2 0 0 0 0 0 0 0 0 2 2
+2 651 2 2
+4 * 2 2
+1 * 2 2

fn=(1448) _IO_unsave_markers
0x93090 977 2 0 0 2 0 0 2
+4 +2 2 2
+5 * 2 0 0 0 0 0 0 0 0 2 1
+10 +5 2 2
+5 * 2 0 0 0 0 0 0 0 0 2 2
+72 +2 2 2 0 2 0 0 2

fn=(1442)
0x910c0 67 4 0 0 1
+4 +1 4 4
+3 * 4 0 0 0 0 0 0 0 0 4 2
+2 +36 2 2
+7 -32 2
cfn=(1444)
calls=2 0x90d90 -6 
* * 194 64 48 21 10 2 18 0 0 28 9

fl=(237)
fn=(804)
0x16e490 40 128 0 0 1 0 0 1
+4 +1 128 128
+7 * 128 128
+8 * 128 0 0 0 0 0 0 0 0 128 2
+37 +1 128 128

fl=(137)
fn=(458)
0xad070 29 4 0 0 1 0 0 1
fi=(88)
+4 +27 4 4
+7 +1 4 0 0 1 0 0 1
+7 -1 4 4
+6 +1 4
+3 * 4 0 0 0 0 0 0 0 0 4 2
+5 +3 4 4
+6 * 4
+6 * 4 0 0 0 0 0 0 0 0 4 1
+52 +14 4 0 0 1 0 0 1
+3 * 4 0 0 0 0 0 0 0 0 4 1
+53 +3 4 0 0 1 0 0 1
+2 * 4 0 0 0 0 0 0 0 0 4
+2 +8 4
+6 * 4 0 0 0 0 0 0 0 0 4
+2 +8 4
+3 * 4 0 0 0 0 0 0 0 0 4
+2 +3 4
+6 * 4
+7 * 4
+7 * 4
+4 * 4 4
fe=(137)

fl=(267)
fn=(944)
0xa5b90 25 72 0 0 2 0 0 1
+4 +1 72 72
+7 * 72 0 0 0 0 0 0 0 0 72 2
+2 -1 72 0 72
+1 * 72
+3 +4 72 0 72
cfi=(268)
cfn=(946)
calls=72 0x11a880 +8 
* * 2480 578 288 129 219 16 6 1 0 422 14
+5 -2 72
+2 +7 72 72
+1 -7 72
+4 * 72
+4 +7 72 72

fl=(101)
fn=(354)
0x129790 29 3 0 0 1 0 0 1
fi=(102) /usr/src/debug/glibc/glibc/debug/../sysdeps/x86_64/multiarch/ifunc-memset.h
+4 +32 3 3
+7 * 3
+7 * 3 3
+6 * 3
+3 * 3 0 0 0 0 0 0 0 0 3
+2 +3 3 3
+6 * 3
+6 * 3 0 0 0 0 0 0 0 0 3
+2 +16 3
+3 * 3 0 0 0 0 0 0 0 0 3
+2 +4 3 0 0 1 0 0 1
+2 * 3
+2 * 3
+5 * 3 0 0 0 0 0 0 0 0 3
+6 +8 3
+3 * 3 0 0 0 0 0 0 0 0 3 2
fe=(101)
+75 -63 3 3 0 1 0 0 1
fi=(102)
+67 +71 3 0 0 1 0 0 1
+3 * 3 0 0 0 0 0 0 0 0 3
+2 -48 3
+7 +1 3
+3 * 3 0 0 0 0 0 0 0 0 3 2
fe=(101)

fl=(123)
fn=(416)
0xd2440 31 3 0 0 1 0 0 1
fi=(124) /usr/src/debug/glibc/glibc/wcsmbs/../sysdeps/x86_64/multiarch/ifunc-evex.h
+4 +6 3 3
+7 * 3 3
+6 +1 3
+2 * 3
+2 * 3
+6 * 3 0 0 0 0 0 0 0 0 3 2
+13 +1 3 3
+6 * 3
+3 * 3 0 0 0 0 0 0 0 0 3
+2 +4 3
+2 * 3
+2 * 3
+5 * 3 0 0 0 0 0 0 0 0 3
+2 +8 3 0 0 1 0 0 1
+7 * 3
+3 * 3 0 0 0 0 0 0 0 0 3
+2 +3 3
+7 * 3
+3 * 3
+7 * 3
fe=(123)
+4 -23 3 3

fl=(377)
fn=(1634)
0x40d00 148 1 0 0 1 0 0 1
+4 * 1 0 1
+1 * 1
+3 * 1 0 1
+2 +1 1 1 0 0 1 0 0 1
+7 -1 1 0 1
+1 +1 1 1
+5 * 1
+3 * 1 0 0 0 0 0 0 0 0 1 1
+69 +16 1 1 0 1 0 0 1
+1 * 1 1
+2 * 1 1
+1 * 1 1

fl=(125)
fn=(420)
0xb0180 67 2 0 0 1 0 0 1
+4 -24 2 2
+7 +1 2 2
+6 * 2
+2 * 2
+6 * 2 0 0 0 0 0 0 0 0 2 2
+43 +23 2
+3 * 2 2
+9 -22 2 2 0 1 0 0 1
+6 * 2
+6 * 2 0 0 0 0 0 0 0 0 2
+2 +4 2 2
+6 * 2
+2 * 2
+6 * 2 0 0 0 0 0 0 0 0 2
+2 +3 2
+7 * 2 2
+7 * 2 0 0 0 0 0 0 0 0 2
+2 +3 2 0 0 1 0 0 1
+6 * 2
+7 * 2 0 0 0 0 0 0 0 0 2
+2 * 2

fl=(135)
fn=(450)
0xaff50 29 5 0 0 2 0 0 1
fi=(111)
+4 +9 5 5 0 0 1
+7 * 5 5 0 0 2
+6 +2 5
+2 * 5
+2 * 5
+6 * 5 0 0 0 0 0 0 0 0 5 3
+13 +1 5 5 0 0 2
+7 * 5 0 0 2 0 0 1 0 0 5
+2 +1 5 5 0 0 1
+6 * 5
+3 * 5 0 0 0 0 0 0 0 0 5
+2 +4 5
+2 * 5
+2 * 5
+5 * 5 0 0 0 0 0 0 0 0 5 1
+2 +3 5
+7 * 5
+3 * 5 0 0 0 0 0 0 0 0 5
+2 +3 5
+3 * 5
+7 * 5
+7 * 5
+4 * 5 5
fe=(135)

fl=(129)
fn=(430)
0xb0070 31 1
fi=(86)
+4 +5 1 1
+7 +1 1 1 0 1 0 0 1
+6 * 1
+2 * 1
+6 * 1 0 0 0 0 0 0 0 0 1 1
fe=(129)
+43 -6 1
+3 * 1 1
fi=(86)
+9 +7 1 1 0 1 0 0 1
+6 * 1
+6 * 1 0 0 0 0 0 0 0 0 1
+2 +4 1 1
+6 * 1
+2 * 1
+6 * 1 0 0 0 0 0 0 0 0 1 1
+2 +3 1
+7 * 1 1
+7 * 1 0 0 0 0 0 0 0 0 1
+2 +3 1
+6 * 1
+7 * 1 0 0 0 0 0 0 0 0 1
+2 * 1
fe=(129)

fl=(118)
fn=(402)
0xae240 65 2 0 0 1 0 0 1
+4 -23 2 2
+7 * 2 2
+6 +2 2 2
+6 -1 2
+2 * 2
+2 * 2
+5 * 2 0 0 0 0 0 0 0 0 2 2
+32 +1 2 0 0 1 0 0 1
+3 * 2 0 0 0 0 0 0 0 0 2
+2 +4 2
+2 * 2
+2 * 2
+5 * 2 0 0 0 0 0 0 0 0 2
+2 +3 2
+7 * 2
+3 * 2 0 0 0 0 0 0 0 0 2
+2 +3 2
+7 * 2
+3 * 2 0 0 0 0 0 0 0 0 2
+2 +11 2 2

fl=(200)
fn=(684)
0x274a0 46 1 0 0 1 0 0 1
+4 * 1 0 1
+1 * 1
+2 * 1
+3 * 1
+4 +5 1 1
+7 * 1 0 0 0 0 0 0 0 0 1
+2 +4 1 1 0 0 1
+7 * 1 1 0 1 1 0 1 1
+3 * 1 1
+7 * 1 1
+4 * 1 0 0 0 0 0 0 0 0 1 1
+2 +8 1 1 0 0 1
+7 -2 1 0 1 0 0 1
+6 +10 1
+2 -9 1 0 1
+7 +1 1 0 1 0 0 1 0 0 1
+3 +9 1 1
+1 -1 1
cfi=(201)
cfn=(686)
calls=1 0x11cef0 -41 
* * 50 11 6 6 2 1 6 0 0 5 1 1 1

fl=(375)
fn=(1624)
0x110b40 25 1 0 0 1 0 0 1
+4 * 1 0 1
+1 +1 1
+3 * 1
+3 * 1
+3 * 1
+2 -1 1
+3 +1 1
+4 * 1 0 1
+2 * 1 0 1
cfi=(302)
cfn=(1116)
calls=1 0x94af0 +48 
* * 25 11 4 0 0 0 0 0 0 2 1
+5 +1 1 1
+1 * 1 1

fl=(358)
fn=(1534)
0x8c330 102 523776 0 0 1 0 0 1
+4 * 523776 0 523776
+1 * 523776
+3 * 523776
+3 * 523776 0 0 1 0 0 1
+7 * 523776 523776
+9 * 523776 0 523776
+4 * 523776
fi=(410) /usr/src/debug/glibc/glibc/libio/../include/printf_buffer.h
+3 +35 523776
+4 -13 523776 0 523776
+7 +1 523776 0 523776
+7 +12 523776 0 523776
+7 -10 523776 0 523776
+11 +1 523776 0 523776
fe=(358)
+10 -65 523776 0 0 1 0 0 1
+3 * 523776 0 0 0 0 0 0 0 0 523776
+2 +3 523776 0 523776
+3 +30 523776
+3 * 523776
+2 * 523776
+7 * 523776 0 523776
cfi=(359) /usr/src/debug/glibc/glibc/stdio-common/vfprintf-internal.c
cfn=(1536) __printf_buffer
calls=523776 0x65230 601 
* * 1202443994 266533737 171447308 124 24 19 124 23 19 184842476 4077411 3142656 4
+6 -21 523776 523776
+7 * 523776 523776
+7 * 523776 0 0 0 0 0 0 0 0 523776
+2 +1 523776 0 523776
+3 +11 523776
+7 * 523776 0 523776
cfi=(370)
cfn=(1566)
calls=523776 0x5c070 -62 
* * 9427968 2618880 0 2 0 0 2 0 0 2618880 3
+5 +17 523776 523776
+4 * 523776 523776 0 1 0 0 1
+9 * 523776 0 0 0 0 0 0 0 0 523776
+2 * 523776 523776
+1 * 523776 523776

fl=(214)
fn=(740)
0x1729c0 198 3 0 0 2 0 0 1
+4 +1 3
+4 * 3
+3 +5 3
+4 +1 3 0 0 0 0 0 0 0 0 3 1
+6 +1 3
+5 +1 3
+4 +1 3 0 0 0 0 0 0 0 0 3 2
+34 +21 3 3 0 2 1 0 1
+7 +1 3 0 0 0 0 0 0 0 0 3
+2 +6 3 0 3 0 0 3 0 0 3
+4 +1 3 0 3 0 0 2 0 0 2
+5 +12 3
+3 +3 3
+7 +1 3 0 0 0 0 0 0 0 0 3
+2 +12 3 0 3 0 0 1 0 0 1
+5 +1 3 0 3 0 0 2 0 0 2
+5 +13 3
+4 +1 3
+7 +2 3 0 0 0 0 0 0 0 0 3
+2 +3 3
+7 +3 3
+4 +3 3 0 3 2 0 1 1 0 1
+4 +1 3 0 3 0 0 2 0 0 2
+5 +1 3 0 3 0 0 1 0 0 1
+5 +1 3 0 3 0 0 2 0 0 2
+5 +1 3
+4 +1 3
+3 +1 3 0 0 0 0 0 0 0 0 3 1
-26 -6 3 0 3 0 0 3 0 0 3
+4 +1 3 0 3
+5 +1 3 0 3 0 0 3 0 0 3
+5 +1 3 0 3
+5 +1 3
+4 +1 3
+3 +1 3 0 0 0 0 0 0 0 0 3 2
+2 * 3
+4 +3 3 0 3 0 0 1 0 0 1
+4 +1 3 0 3 0 0 2 0 0 2
+5 +1 3 0 3
+5 +1 3 0 3 0 0 1 0 0 1
+5 +3 3
+3 * 3 3

fl=(112)
fn=(386)
0xb0370 29 1
fi=(408)
+4 +7 1 1
+7 * 1 0 0 1 0 0 1
+7 * 1 1
+7 * 1
+7 * 1
fe=(112)
+4 -7 1 1

fl=(138)
fn=(462)
0xac600 29 2 0 0 1 0 0 1
fi=(139) /usr/src/debug/glibc/glibc/string/../sysdeps/x86_64/multiarch/ifunc-evex.h
+4 +8 2 2
+7 * 2 2
+6 +1 2
+2 * 2
+2 * 2
+6 * 2 0 0 0 0 0 0 0 0 2 1
+13 +1 2 2
+6 * 2
+3 * 2 0 0 0 0 0 0 0 0 2
+2 +4 2
+2 * 2
+2 * 2
+5 * 2 0 0 0 0 0 0 0 0 2
+2 +8 2 0 0 1 0 0 1
+7 * 2
+3 * 2 0 0 0 0 0 0 0 0 2
+2 +3 2
+7 * 2
+3 * 2
+7 * 2
fe=(138)
+4 -25 2 2

fl=(277) /usr/src/debug/glibc/glibc/csu/../sysdeps/nptl/libc_start_call_main.h
fn=(1012) (below main)
0x276c0 30 1 0 1 1 0 0 1
+1 * 1
+3 * 1
+7 * 1 0 1
+7 * 1 0 1
+6 * 1 0 1
+7 +15 1 1
+9 * 1 0 1
+4 * 1
+4 * 1 0 1
cfi=(278)
cfn=(1014)
calls=1 0x3e4e0 -17 
* * 31 6 9 4 1 0 4 0 0 2 1
+5 * 1
+4 +2 1
+2 * 1 0 0 0 0 0 0 0 0 1
+2 +5 1 1 0 1 1 0 1
+9 * 1 0 1
+4 +1 1 1
+9 * 1 0 1
+4 +3 1
+4 * 1 0 1
+9 +3 1 1
+7 * 1 1
+7 * 1 1
+6 * 1 1
+3 * 1 1 1 1 0 0 1 0 0 0 0 1 1
cob=(8)
cfi=(281) /home/ikea/Projects/DV1674-A2/pearson/alignment/pearson.cpp
cfn=(1020) main
calls=1 0x27e0 -48 
* * 5037937486 1405034553 500790126 41550 67952099 484237 890 1145 459655 634635404 8526200 38754098 10441
+6 +24 1 0 0 1 0 0 1
+2 * 1 0 1
cfi=(376)
cfn=(1630)
calls=1 0x411c0 +64 
* * 3847 1249 632 155 145 23 155 123 13 679 180 78 47

fl=(359)
fn=(1536)
0x65230 601 523776 0 0 1 0 0 1
+4 * 523776 0 523776
+1 * 523776
+3 * 523776
+7 * 523776 0 523776 1 0 1 1 0 1
+6 * 523776 0 523776 0 0 1 0 0 1
+4 * 523776
+3 * 523776 0 523776
+4 * 523776 0 523776
+4 * 523776
+3 * 523776 0 523776
+4 * 523776
+3 * 523776 0 523776
fi=(411) /usr/src/debug/glibc/glibc/stdio-common/printf-parse.h
+7 82 523776
+3 * 523776
fe=(359)
+5 628 523776 523776
+9 * 523776 0 523776
+4 * 523776 523776 0 1 0 0 1
+7 +9 523776 523776
+4 -9 523776 523776 0 0 1
+3 +9 523776 0 523776 0 0 1 0 0 1
+7 -9 523776 0 523776
+6 +9 523776 523776
+4 * 523776 0 523776
fi=(411)
+7 82 523776 0 523776 0 0 1 0 0 1
cob=(4)
cfi=(198)
cfn=(1538)
calls=523776 0x4ccd2a0 -82 
* * 10999296 1571328 0 3 1 0 3 1 0 1047552 0 523776 1
fe=(359)
+5 653 523776
+3 -1 523776
+3 +1 523776
fi=(411)
+3 82 523776 0 523776
+7 * 523776
fe=(359)
+3 653 523776
+3 -1 523776 0 523776
cfi=(360)
cfn=(1542)
calls=523776 0x5c5d0 27 
* * 7332864 2095104 1047552 2 0 0 2 0 0 1047552 2
+5 +2 523776 523776 0 1 0 0 1
+3 * 523776
+2 * 523776 0 0 0 0 0 0 0 0 523776
+6 +4 523776 523776
+5 * 523776 0 0 0 0 0 0 0 0 523776 2
+6 +4 523776 523776 0 0 1 0 0 1
+7 * 523776 0 523776
+7 * 523776
+3 * 523776 0 0 0 0 0 0 0 0 523776
+6 * 523776 523776
+8 * 523776 0 0 0 0 0 0 0 0 523776
+6 * 523776 523776 0 1 0 0 1
+8 * 523776 0 0 0 0 0 0 0 0 523776
+6 * 523776 0 523776
+4 -32 523776 0 523776
+10 +11 523776 0 523776 0 0 1 0 0 1
+10 -8 523776 0 523776
+11 * 523776
+4 +71 523776 523776
+6 * 523776
+4 * 523776
+2 * 523776 0 0 0 0 0 0 0 0 523776 2
+52 1043 523776 523776 0 1 0 0 1
+4 * 523776 523776
+9 * 523776 0 0 0 0 0 0 0 0 523776
+6 * 523776 523776
+4 * 523776 523776
+4 * 523776 523776
+4 * 523776 523776
+4 * 523776 523776
+1 * 523776 523776
+4 704 523776 0 0 1 0 0 1
+5 -13 523776
+3 +1 523776
+3 -2 523776
+3 +14 523776 0 523776
+7 * 523776
+4 -18 523776
+3 +18 523776
+7 * 523776
+3 -10 523776 0 0 1 0 0 1
+6 +4 523776 0 523776
+7 -1 523776 0 523776
+10 +7 523776 523776 0 0 1 0 0 1
+4 * 523776
+7 -11 523776 0 523776
+10 -8 523776 0 523776
+10 +19 523776 523776 0 0 1 0 0 1
+4 * 523776
+7 -20 523776 0 523776 1 0 0 1
+10 -1 523776 0 523776
+10 +21 523776
+3 -15 523776
+2 -7 523776 0 523776
+10 * 523776 0 0 0 0 0 0 0 0 0 0 523776 1
+6 * 523776
+4 * 523776
+4 973 523776 523776
+6 * 523776
+2 +2 523776
+4 * 523776 0 0 1 0 0 1
+5 * 523776
+8 * 523776 0 523776 0 0 1 0 0 1
+7 -2 523776
+4 +2 523776 0 523776
+7 * 523776 0 523776
+10 -2 523776
+3 +2 523776 523776
+6 * 523776
+2 * 523776 0 523776
+6 * 523776
+2 * 523776 523776
+7 * 523776 0 0 1 0 0 1
+3 * 523776
+2 * 523776 523776
+7 * 523776
+3 * 523776
+2 * 523776 523776
+7 * 523776
+3 * 523776
+2 * 523776 523776
+7 * 523776
+3 * 523776
+2 * 523776
+3 * 523776
+3 * 523776
+2 * 523776 523776
+7 * 523776
+3 * 523776
+2 * 523776 0 0 1 0 0 1
+5 * 523776 0 523776
+7 * 523776 523776
+7 * 523776 0 523776
+6 +20 523776
+2 * 523776 0 0 0 0 0 0 0 0 523776
+6 * 523776 523776
+4 * 523776
+5 * 523776 0 0 0 0 0 0 0 0 523776
+6 * 523776
+2 * 523776
+3 * 523776 523776
+4 * 523776 0 523776
+4 * 523776 523776
+4 * 523776 0 523776 1 0 0 1
+8 +1 523776
+7 263 523776
+4 +1 523776
+3 996 523776 0 523776
+7 743 523776 523776
+7 264 523776
+7 * 523776
+7 743 523776 523776
+4 263 523776
+4 * 523776 0 0 0 0 0 0 0 0 523776 2
+25 1023 523776 523776 0 1 0 0 1
fi=(411)
+7 82 523776
fe=(359)
+5 1017 523776 0 523776
+7 +6 523776
fi=(411)
+4 82 523776
+3 * 523776 0 523776
cob=(4)
cfi=(198)
cfn=(1538)
calls=523776 0x4ccd2a0 -82 
* * 10999296 1571328 0 0 0 0 0 0 0 1047552 0 523776
fe=(359)
+5 1027 523776
+3 * 523776
+3 +1 523776
fi=(411)
+3 82 523776
fe=(359)
+3 1028 523776
+3 -1 523776 0 523776 1 0 0 1
cfi=(360)
cfn=(1542)
calls=523776 0x5c5d0 27 
* * 7332864 2095104 1047552 0 0 0 0 0 0 1047552 2
+5 +3 523776 523776
+5 * 523776 0 0 0 0 0 0 0 0 523776 2
+13 * 523776 523776
+4 * 523776
0x66480 859 523776 0 0 1 0 0 1
+4 -47 523776 523776
+7 +1 523776 523776
+5 -1 523776
+4 +1 523776
+4 * 523776 0 0 0 0 0 0 0 0 523776 2
+42 +41 523776 0 0 1 0 0 1
+3 * 523776
+4 * 523776
+3 * 523776 0 0 0 0 0 0 0 0 523776
+6 * 523776
+4 * 523776
+7 * 523776
+7 * 523776
+3 * 523776 523776 0 0 1 0 0 1
+4 * 523776
+7 * 523776 523776 0 0 1 0 0 1
+4 * 523776
+3 * 523776 0 0 0 0 0 0 0 0 0 0 523776 1
0x66bf0 266 523776 0 523776 1 0 0 1
cfi=(361)
cfn=(1544)
calls=523776 0x5ecd0 1099 
* * 1059976922 235107177 147353612 99 17 13 99 17 13 172795628 4077397 1047552 1
+5 1000 523776
0x67220 818 523776 523776 0 1 0 0 1
+4 -1 523776
+4 +1 523776
+3 * 523776
+3 * 523776 0 0 0 0 0 0 0 0 523776
+6 +15 523776 523776
+3 * 523776
+3 * 523776 0 0 0 0 0 0 0 0 523776
+6 * 523776 0 0 1 0 0 1
+2 * 523776
+3 * 523776 523776
+4 * 523776 0 523776
+3 +3 523776 523776
+3 * 523776
+5 -19 523776 0 523776
+7 +37 523776 523776
+4 -18 523776
+3 * 523776
+4 * 523776

fl=(113)
fn=(388)
0xae340 79 2 0 0 1 0 0 1
+4 -32 2 2 0 0 1
+7 +1 2 2 0 0 1
+6 +1 2 2 0 0 1
+6 -1 2
+2 * 2
+5 * 2 0 0 0 0 0 0 0 0 2 2
+50 +1 2 0 0 1 0 0 1
+3 * 2 0 0 0 0 0 0 0 0 2
+2 +4 2 2
+6 * 2
+2 * 2
+5 * 2 0 0 0 0 0 0 0 0 2
+2 +3 2
+7 * 2 2
+7 * 2 0 0 0 0 0 0 0 0 2
+2 +3 2
+7 * 2
+3 * 2 0 0 0 0 0 0 0 0 2
+2 +20 2 2 0 2 0 0 1

fl=(120)
fn=(408)
0xc3e50 30 2 0 0 1 0 0 1
fi=(117)
+4 +8 2 2 0 0 1
+7 * 2 2 0 0 1
+6 +2 2
+2 * 2
+2 * 2
+6 * 2 0 0 0 0 0 0 0 0 2
+13 +1 2 2 0 0 1
+7 * 2 0 0 1 0 0 1 0 0 2
+2 +1 2 2 0 0 1
+6 * 2
+3 * 2 0 0 0 0 0 0 0 0 2
+2 +4 2
+2 * 2
+2 * 2
+5 * 2 0 0 0 0 0 0 0 0 2 1
+2 +3 2
+7 * 2
+3 * 2 0 0 0 0 0 0 0 0 2
+2 +3 2
+3 * 2
+7 * 2
+7 * 2
+4 * 2 2
fe=(120)

fl=(104)
fn=(362)
0xc58e0 31 1 0 0 1 0 0 1
fi=(90)
+4 +8 1 1
+7 * 1 1
+6 +1 1
+2 * 1
+2 * 1
+6 * 1 0 0 0 0 0 0 0 0 1 1
+13 +1 1 1 0 1 0 0 1
+6 * 1
+3 * 1 0 0 0 0 0 0 0 0 1
+2 +4 1
+2 * 1
+5 * 1 0 0 0 0 0 0 0 0 1
+2 +3 1
+3 * 1
+7 * 1
+7 * 1
+4 * 1 1
fe=(104)

fl=(364)
fn=(1552)
0x566d0 28 642913 0 0 1 0 0 1
+4 +1 642913
+2 +1 642913
+3 +1 642913 0 0 0 0 0 0 0 0 642913 8
+36 +13 642913
+3 +1 642913 0 0 1 0 0 1 0 0 642913 8
+42 +16 642913 0 0 0 0 0 0 0 0 642913
+2 +1 642913 642913
+3 +1 642913 642913
+4 +1 642913
+2 +1 642913
+4 +1 642913
+4 +1 642913 0 0 0 0 0 0 0 0 642913 6
+16 +5 642913 0 0 1 0 0 1
+4 +1 642913 0 642913
+3 +1 642913
+3 +1 642913 0 642913
+4 +1 642913 642913

fl=(233)
fn=(796)
0x361c0 30 1047554 0 0 2 0 0 2
+4 +1 1047554 1047554 0 0 1 0 0 1
+7 * 1047554
+7 * 1047554 1047554
+4 +2 1047554
+3 * 1047554 0 0 0 0 0 0 0 0 1047554
+2 +3 1047554
+4 -1 1047554
+4 +2 1047554 0 1047554
+4 +28 1047554 1047554 0 0 1
+7 * 1047554 1047554 0 0 3 0 0 2
+4 * 1047554 0 1047554
+4 +1 1047554 1047554
+7 * 1047554 1047554 0 2 0 0 2
+4 * 1047554 0 1047554
+4 +1 1047554 1047554
+7 * 1047554 1047554
+4 * 1047554 0 1047554
+4 +3 1047554
+3 * 1047554
+7 * 1047554
+4 +1 1047554 1047554

fl=(240)
fn=(814)
0x174d40 52 1572423 0 0 1 0 0 1
+4 +13 1572423
+2 +1 1572423
+3 +1 1572423
+4 +3 1572423
+5 +2 1572423
+5 +1 1572423 0 0 0 0 0 0 0 0 1572423 9
+6 +3 1572423 1572423 0 0 9 0 0 8
+4 +1 1572423
+4 +8 1572423
+2 +1 1572423 0 0 0 0 0 0 0 0 1572423
+2 +1 1572423
+4 +5 1572423
+3 * 1572423 1572423

fl=(190) /usr/src/debug/glibc/glibc/resource/../sysdeps/unix/sysv/linux/getrlimit64.c
fn=(640) getrlimit
0x1118a0 38 1 0 0 1 0 0 1
+4 * 1
+3 +1 1
+2 * 1
+2 * 1
+5 * 1
+2 * 1
+2 * 1
+6 * 1 0 0 0 0 0 0 0 0 1
+2 +1 1 1

fl=(380)
fn=(1640)
0x9d530 357 1 0 0 1 0 0 1
+4 +1 1
+5 * 1
cfn=(1642) __pthread_mutex_unlock_usercnt
calls=1 0x9d470 48 
* * 31 7 5 3 0 0 3 0 0 8 2

fn=(1642)
0x9d470 48 1 0 0 1 0 0 1
+4 +3 1 1
+3 +1 1
+2 * 1 0 0 0 0 0 0 0 0 1
+2 +3 1
+3 * 1 0 0 0 0 0 0 0 0 1 1
+2 -7 1 0 1 1 0 0 1
+1 * 1
+3 * 1
+4 +12 1 0 1
+7 +1 1
+2 * 1 0 0 0 0 0 0 0 0 1
+2 -22 1 1
+3 +1 1
+6 * 1 0 0 0 0 0 0 0 0 1
+2 * 1 1
+7 * 1 0 0 0 0 0 0 0 0 1
+2 +1 1 0 1
+6 +27 1
+1 +26 1 1
+1 -24 1
+2 +24 1 1
+31 -31 1 0 1
+4 * 1
+20 +9 1 0 0 1 0 0 1
+3 * 1 0 0 0 0 0 0 0 0 1
+2 +3 1 1
+8 * 1 1
+3 * 1 0 0 0 0 0 0 0 0 1
+2 +3 1 0 1
+4 * 1 0 0 0 0 0 0 0 0 1 1

fl=(130)
fn=(434)
0xae2c0 31 1 0 0 1 0 0 1
fi=(111)
+4 +7 1 1
+7 * 1 1
+6 +2 1
+2 * 1
+2 * 1
+6 * 1 0 0 0 0 0 0 0 0 1
+13 +1 1 1
+7 * 1 0 0 0 0 0 0 0 0 1
+2 +1 1 1
+6 * 1
+3 * 1 0 0 0 0 0 0 0 0 1
+2 +4 1
+2 * 1
+2 * 1 0 0 1 0 0 1
+5 * 1 0 0 0 0 0 0 0 0 1
+2 +3 1
+7 * 1
+3 * 1 0 0 0 0 0 0 0 0 1
+2 +3 1
+3 * 1
+7 * 1
+7 * 1
+4 * 1 1
fe=(130)

fl=(298)
fn=(1108)
0x8eaf0 247 2 0 0 2 0 0 2
+4 * 2 0 2
+1 * 2
+3 * 2
+4 * 2 0 2
+4 * 2 0 0 2 0 0 2
+3 * 2 0 2
+4 * 2 2
+9 * 2 0 2
+4 * 2
+3 +9 2 2
+4 * 2 0 0 0 0 0 0 0 0 2
+6 +2 2 2 0 0 2 0 0 2
+3 * 2
+3 * 2
+3 * 2 0 0 0 0 0 0 0 0 2 1
+6 * 1
+3 * 1 0 0 0 0 0 0 0 0 1 1
+32 +21 2 0 0 2 0 0 2
+4 -1 2
+3 +3 2
+7 * 2 2
+4 * 2
+4 * 2
+4 * 2 0 0 0 0 0 0 0 0 2
+2 * 2
+4 * 2 0 0 0 0 0 0 0 0 2 2
+46 391 2 2 0 2 0 0 2
+4 * 2 2
+9 * 2 0 0 0 0 0 0 0 0 2
+6 * 2
+3 * 2 2
+4 * 2 2
+4 * 2 2
+1 * 2 2
+21 -76 2 0 0 2 0 0 2
+3 * 2
+3 * 2
+3 * 2
+3 * 2
+5 * 2 0 2
cfn=(1112) _IO_file_open
calls=2 0x8ea00 -99 
* * 212 57 39 14 0 3 14 0 3 19 4
+5 * 2
+3 +3 2
+3 * 2 0 0 0 0 0 0 0 0 2 1
+6 +3 2
+4 * 2 0 0 2 0 0 2
+7 * 2 0 2
cfi=(303)
cfn=(1120)
calls=2 0xb0b60 77 
* * 104 26 14 11 4 1 11 4 1 12 4 2 1
+5 +1 2
+3 * 2 0 0 0 0 0 0 0 0 2 2
fi=(300) /usr/src/debug/glibc/glibc/libio/../iconv/gconv_charset.h
0x8ed00 69 1 0 1 1 0 0 1
fe=(298)
+4 258 1
+6 * 1
+6 * 1
+5 * 1
0x8ed88 +23 2 0 0 2 0 0 2
+4 * 2 0 0 0 0 0 0 0 0 2
+2 * 2
+4 * 2 0 0 0 0 0 0 0 0 2
+6 * 2
+3 * 2 0 0 0 0 0 0 0 0 2 2
+21 * 2 2
+4 * 2
fi=(300)
+92 75 1 0 1 1 0 0 1
fe=(298)
+4 262 1
+6 -1 1
+3 -13 1
+2 * 1

fn=(1446)
0x8e6a0 129 2 0 0 2 0 0 2
+4 * 2 0 2
+1 * 2
+3 * 2
+4 * 2 0 2
+4 +2 2 2
+4 * 2
+4 * 2 0 0 0 0 0 0 0 0 2
+6 * 2 0 2 1 0 0 1
+4 * 2
+3 +3 2 0 2
+4 * 2 2
+2 * 2
+2 * 2
+6 +1 2
+6 * 2 0 0 0 0 0 0 0 0 2 2
+6 +2 2
+3 * 2 0 0 0 0 0 0 0 0 2
+6 +14 2
+3 * 2 0 0 0 0 0 0 0 0 2
+2 +1 2 2
+6 * 2
+2 * 2 0 0 0 0 0 0 0 0 2 1
0x8e78e -22 2 0 0 2 0 0 2
+3 +43 2
+3 +2 2
+3 -2 2 0 2
cfi=(297)
cfn=(1448)
calls=2 0x93090 977 
* * 12 6 0 4 0 0 4 0 0 4 3
+5 +3 2 2
+4 * 2 0 0 0 0 0 0 0 0 2
+2 * 2 2
fi=(351)
+7 1037 2
+7 * 2
+3 * 2
+3 +1 2
+6 * 2 0 0 2 0 0 2 0 0 2 1
fe=(298)
+6 176 2
+3 * 2 2 2 0 2 0 0 1 0 0 0 2 1
cfn=(1450) _IO_file_close
calls=2 0x902d0 1225 
* * 18 4 0 3 0 0 3 0 0 2
+8 * 2
+3 +3 2 2
+6 * 2
+2 * 2 0 0 0 0 0 0 0 0 2 2
+60 +8 2 0 0 2 0 0 2
+2 * 2
+2 * 2
+2 * 2
+3 * 2 0 2
cfi=(297)
cfn=(1454)
calls=2 0x91900 355 
* * 38 8 8 2 0 0 2 0 0 2 2
+5 +1 2
+4 +3 2
+3 -3 2 0 2
+4 * 2 0 2
+4 * 2 0 2
+4 +3 2 0 2
cfi=(297)
cfn=(1442)
calls=2 0x910c0 67 
* * 8 4 0 0 0 0 0 0 0 2
+5 +5 2
+3 -4 2 0 2 2 0 0 2
+6 +1 2 0 2
+7 +3 2
+4 * 2 2
+4 -2 2 0 2
+11 +2 2 2
+4 +1 2
+3 * 2 2
+4 * 2 2
+1 * 2 2
+87 -45 2 2 0 2 0 0 2
+4 * 2 2
+4 * 2 0 0 0 0 0 0 0 0 2
+6 * 2

fn=(1450)
0x902d0 1225 2 0 0 2 0 0 2
+4 +3 2 2
+3 * 2
cfi=(350) /usr/src/debug/glibc/glibc/io/../sysdeps/unix/sysv/linux/close_nocancel.c
cfn=(1452) __close_nocancel
calls=2 0x110b60 25 
* * 12 2 0 1 0 0 1 0 0 2

fn=(1458)
0x8e930 202 2 0 0 2 0 0 2
+4 +1 2 2
+4 * 2 0 0 0 0 0 0 0 0 2 2
0x8e9d0 +6 2 0 0 1 0 0 1
+2 * 2
cfi=(297)
cfn=(1460)
calls=2 0x92110 628 
* * 40 14 4 4 0 0 4 0 0 8 8

fn=(1112)
0x8ea00 216 2 0 0 2 0 0 2
+4 * 2 0 2
+1 * 2
+3 * 2
+2 * 2
+2 * 2
+3 * 2 0 2 0 0 1 0 0 1
+2 * 2
+3 * 2 0 2
+1 * 2
+3 * 2
+4 +2 2 2
+4 +1 2
+3 * 2
+5 -1 2 0 0 0 0 0 0 0 0 2
+6 +4 2 0 2
cfi=(301)
cfn=(1114)
calls=2 0x10f750 30 
* * 110 33 21 8 0 2 8 0 2 9 3
+5 * 2
+2 +1 2
+2 * 2 0 0 0 0 0 0 0 0 2
+6 +3 2 2
+2 * 2 0 0 2 0 0 2
+3 +3 2
+3 -4 2 0 2
+3 +1 2
+6 * 2
+5 * 2
+2 +3 2
+7 -3 2 0 2
+2 +3 2 0 0 0 0 0 0 0 0 2 1
+57 +10 2 0 0 2 0 0 2
+3 * 2 0 2
cfi=(297)
cfn=(1102)
calls=2 0x910e0 109 
* * 28 12 4 0 0 0 0 0 0 4
+5 +2 2
+4 -1 2
+3 +1 2 2
+1 * 2 2
+2 * 2 2
+1 * 2 2

fn=(1100)
0x8e610 107 2 0 0 2 0 0 2
+4 * 2 0 2
+1 * 2
+3 * 2 0 2
+1 * 2
+3 * 2
+4 +5 2 0 2
+6 -1 2 0 2
+11 +3 2 0 2
cfi=(297)
cfn=(1102)
calls=2 0x910e0 -5 
* * 196 58 52 19 3 2 19 3 2 26 8
+5 +1 2 0 2
+7 +1 2 2 0 2 0 0 2
+4 * 2 2
+1 * 2 2

fn=(1710) _IO_file_sync@@GLIBC_2.2.5
0x8f810 827 10 0 0 1 0 0 1
+4 * 10 0 10
+1 * 10
+3 * 10 0 10
+1 * 10
+3 * 10
+4 +5 10 10 0 0 1 0 0 1
+4 * 10 10
+4 * 10
+3 * 10 0 0 0 0 0 0 0 0 10 2
+47 +2 10 10 0 1 0 0 1
+4 * 10 10
+4 +1 10 10
+4 * 10 0 0 0 0 0 0 0 0 10
+2 +5 10
+3 * 10 0 0 0 0 0 0 0 0 10
+63 +11 10 0 10 1 0 0 1
+11 +3 10
+2 +1 10 10
+4 * 10 10
+1 * 10 10

fl=(332)
fn=(1324)
0x55a50 31 10503989 0 0 1 0 0 1
+4 +1 10503989 0 10503989
+1 +3 10503989
+3 +1 10503989 10503989
+3 +1 10503989
+3 +1 10503989
+3 +1 10503989
+3 +2 10503989
+3 +1 10503989
+4 +2 10503989
+3 +1 10503989 0 0 0 0 0 0 0 0 10503989 29
+2 +1 10503989
+3 +1 10503989 0 0 0 0 0 0 0 0 10503989 13
+2 +1 9847685 0 0 0 0 0 0 0 0 9847685
+2 +2 9847685
+3 +1 9847685 0 0 0 0 0 0 0 0 9847685
+2 +1 9847685 0 9847685
+3 +1 9847685 0 0 1 0 0 1
+79 +26 656304 0 0 1 0 0 1
+5 +1 656304
+5 +1 656304
+3 +1 656304
+3 +1 656304
+2 +1 656304
+3 +1 656304 656304
+5 +1 656304
+3 +1 656304
+94 +26 656304 0 0 1 0 0 1
+3 +1 656304
+4 +1 656304 0 0 0 0 0 0 0 0 656304
+2 +2 656304 0 656304
+4 +1 656304
+3 +1 656304
+3 +1 656304 0 656304
+5 +1 656304
+3 +1 656304
+3 +2 656304 656304
+1 +3 656304 656304
-4 -5 9847685 0 0 1 0 0 1
+3 +2 9847685 9847685
+1 +3 9847685 9847685

fl=(299)
fn=(1104)
0x94ed0 24 6 0 0 2 0 0 1
+4 +1 6 6
+9 +2 6 6 0 0 3 0 0 1
+9 * 6 0 6
+4 +2 6
+7 * 6 6 0 0 2 0 0 1
+6 +3 6
+2 * 6 0 0 0 0 0 0 0 0 6 2
+2 +14 6
+2 * 6
+3 * 6 0 6 2 0 0 1
+3 +2 6 0 6
+9 +1 6 6

fn=(1106)
0x94f20 54 6
+4 +1 6 6
+9 +2 6 6
+4 * 6 0 6
+9 +2 6 0 0 2 0 0 1
+7 * 6 6
+6 +1 6 6
+3 * 6
+2 * 6 0 0 0 0 0 0 0 0 6 6
+25 +11 6 6

fl=(302)
fn=(1116)
0x94af0 74 2092 0 0 1 0 0 1
+4 * 2092 0 2092
+1 * 2092
+3 +1 2092
+4 * 2092 2092 2092
+3 * 2092 0 2092 1 0 0 1
cfn=(1118) __internal_syscall_cancel
calls=2092 0x94a60 -45 
* * 27196 12552 2092 3 768 0 2 0 0 2092 3
+5 +4 2092 2092
+1 * 2092 2092
+1 * 2092
+6 * 2092 0 0 0 0 0 0 0 0 2092 2
+2 +1 2092 2092
+1 * 2092 2092

fn=(1118)
0x94a60 30 2092 0 0 1 0 0 1
+4 * 2092 0 2092
+1 * 2092
+3 * 2092
+3 * 2092
+4 +7 2092 2092
+9 * 2092 2092 0 0 768
+7 +1 2092 2092 0 2 0 0 1
+7 * 2092 0 0 0 0 0 0 0 0 2092 3
+82 +2 2092 2092
+4 * 2092
+2 +24 2092 2092
+1 * 2092 2092

fl=(263)
fn=(926)
0x44750 28 1 0 0 1 0 0 1
+4 +1 1 1
+7 * 1 1
+2 * 1
+2 * 1 0 0 0 0 0 0 0 0 1
+2 * 1
cfi=(264)
cfn=(928)
calls=1 0x41fc0 -4 
* * 477 190 8 7 34 0 7 1 0 123 12 2 2

fl=(279)
fn=(1016)
0x3e410 31 1 0 0 1 0 0 1
+4 +2 1 0 1
+3 +9 1
+3 +1 1 1
+9 * 1
+4 +1 1 0 1
+4 +4 1 0 1
+4 +1 1 0 1
+4 +1 1 0 1
+4 +1 1 0 1
+4 +1 1
+5 +2 1 1 0 1 0 0 1
+9 * 1
+4 +2 1 0 1
+4 +1 1 1
+4 +1 1
+1 +2 1 1
+9 * 1
+4 +2 1 0 1
+4 +5 1 1 0 0 1
+12 +1 1 0 0 0 0 0 0 0 0 1 1
+11 +17 1 0 0 1 0 0 1
cfi=(280) /usr/src/debug/glibc/glibc/setjmp/sigjmp.c
cfn=(1018) __sigjmp_save
calls=1 +18 -57 
* * 6 1 1 0 0 0 0 0 0 1

fl=(188)
fn=(636)
0x16e4f0 34 1 0 0 1 0 0 1
+4 * 1 0 1
+1 * 1
+3 * 1 0 1
+1 * 1
+2 * 1
+4 * 1 1 0 1 0 0 1
+9 * 1 0 1
+4 * 1
+2 +2 1 0 1
cfi=(189) /usr/src/debug/glibc/glibc/ctype/ctype-info.c
cfn=(638) __ctype_init
calls=1 0x369e0 +1 
* * 17 10 3 2 6 0 2
+5 +3 1 1 0 0 1
fi=(191) /usr/src/debug/glibc/glibc/elf/../sysdeps/nptl/pthread_early_init.h
+7 -6 1
+4 * 1
fe=(188)
+5 +9 1 0 1 0 0 1 0 0 1
+6 -3 1 0 1 0 0 1 0 0 1
+2 +3 1 0 1
fi=(191)
+6 -9 1 0 1
cfi=(190)
cfn=(640)
calls=1 0x1118a0 +5 
* * 10 1 0 1 0 0 1 0 0 1
+5 * 1
+2 * 1 0 0 0 0 0 0 0 0 1
+6 +1 1 1 0 1 0 0 1
+4 +4 1
+5 * 1
+3 * 1
+4 -4 1
+4 * 1 0 0 0 0 0 0 0 0 1
+6 +11 1 1
fi=(412) /usr/src/debug/glibc/glibc/elf/../nptl/nptl-stack.h
+7 +16 1
+2 * 1 1
fi=(191)
+8 -16 1 1
fi=(412)
+4 +16 1
+4 * 1
fi=(191)
+3 -7 1 0 1 0 0 1 0 0 1
fi=(412)
+7 +7 1
+5 * 1 0 0 1 0 0 1
+5 * 1
+4 * 1
+5 * 1
+4 * 1
+3 * 1
+3 * 1
fi=(191)
+3 -9 1
+3 -6 1
+8 +2 1
+3 * 1
+4 +4 1
+3 * 1
+5 * 1
+3 * 1 0 1
+4 +1 1 0 1 1 0 1 1 0 1
+7 +3 1 0 1
cfi=(192)
cfn=(644)
calls=1 0x9aee0 -1 
* * 76 20 8 5 7 0 3 6 0 10 5 3 3
fe=(188)
+5 -9 1
+3 * 1 0 1
cfi=(193) /usr/src/debug/glibc/glibc/stdlib/../sysdeps/unix/sysv/linux/getrandom.c
cfn=(646) __getrandom_early_init
calls=1 0x425b0 238 
* * 18 7 2 3 1 0 3 0 0 3 2
+5 +3 1 1
+4 * 1 1
+9 * 1 0 0 0 0 0 0 0 0 1
+2 +1 1 1
+4 * 1 1
+1 -1 1
cfi=(194)
cfn=(648) __ptmalloc_init
calls=1 0xa86d0 251 
* * 932 66 282 12 24 33 12 16 32 166 21 11 11

fl=(393)
fn=(1788)
0xe6730 27 1 0 0 1 0 0 1
+4 * 1 1
+7 * 1

fl=(127)
fn=(426)
0xaf4b0 29 1 0 0 1 0 0 1
fi=(408)
+4 +7 1 1
+7 * 1 0 0 1 0 0 1
+7 * 1 1
+7 * 1
+7 * 1
fe=(127)
+4 -7 1 1

fl=(280)
fn=(1018)
0x3e490 28 1
+4 +2 1
+2 * 1 0 0 0 0 0 0 0 0 1
+2 -1 1 0 1
+3 +5 1
+2 * 1 1

fl=(347)
fn=(1420)
0x119430 47 14 0 0 1 0 0 1
+4 +3 14
+7 * 14 0 0 0 0 0 0 0 0 14
+2 -3 14 0 14
+1 * 14 0 0 1 0 0 1
+3 * 14 0 14 0 0 5
+2 * 14
+3 * 14 0 14
+1 * 14
+3 +6 14
+3 * 14 0 0 0 0 0 0 0 0 14 4
+2 +5 14
+3 * 14
+3 * 14
+5 * 14
+2 * 14
+6 * 14 0 0 0 0 0 0 0 0 14
+2 +2 14 14
+1 * 14 14
+2 * 14 14
+1 * 14 14
+72 -7 14 0 0 2 0 0 1
+2 * 14
+6 * 14
+3 * 14
+2 * 14 0 0 0 0 0 0 0 0 14 4

fl=(387)
fn=(1708)
0x819e0 32 10 0 0 1 0 0 1
+4 +1 10
+3 * 10 0 0 0 0 0 0 0 0 10 1
+6 -1 10 0 10
+1 * 10
+3 * 10 0 10
+2 * 10 0 10
+1 * 10
+3 * 10
+4 +7 10 10 0 0 2 0 0 1
+4 * 10 0 0 1 0 0 1 0 0 10 9
+2 +1 10 10 0 0 2 0 0 1
fi=(351)
+7 1037 10
+7 * 10
+3 * 10
+3 +1 10
+7 * 10 0 0 0 0 0 0 0 0 10
fe=(387)
+6 40 10
+3 * 10 10 10 0 1 2 0 0 0 0 0 10 1
cfi=(298)
cfn=(1710)
calls=10 0x8f810 827 
* * 210 80 30 3 1 0 3 1 0 30 2
+3 * 10
+2 * 10
fi=(351)
+2 991 10 10
+4 * 10 0 0 0 0 0 0 0 0 10
+2 +1 10 10
+7 * 10 10
+7 * 10 10
+3 * 10 0 0 0 0 0 0 0 0 10
+2 * 10
+2 * 10 0 0 0 0 0 0 0 0 10
+2 * 10 0 10
+8 * 10 10
+7 * 10 0 10
fe=(387)
+6 44 10
+4 * 10
+2 * 10 10
+1 * 10 10
+2 * 10 10
+1 * 10 10
+8 -5 10 10 0 1 2 0 1 2
+7 * 10 10
+7 * 10 10 0 1 0 0 1
+9 * 10 10 0 0 1 0 0 1
+4 * 10 0 0 0 0 0 0 0 0 10
+2 * 10
+3 * 10 0 0 0 0 0 0 0 0 10 2
0x81b08 * 10 0 10 1 0 0 1
+6 * 10 0 10
+4 * 10

fl=(128)
fn=(428)
0xc4e00 60 1 0 0 1 0 0 1
+4 -18 1 1
+7 * 1 1
+6 +1 1
+2 * 1
+2 * 1
+6 * 1 0 0 0 0 0 0 0 0 1
+37 +1 1 1 0 1 0 0 1
+6 * 1
+3 * 1 0 0 0 0 0 0 0 0 1
+2 +3 1
+2 * 1
+5 * 1 0 0 0 0 0 0 0 0 1
+2 +3 1
+7 * 1
+3 * 1 0 0 0 0 0 0 0 0 1
+2 +10 1 1

fl=(193)
fn=(646)
0x425b0 238 1 0 0 1 0 0 1
+4 * 1 0 1
+1 * 1
+3 * 1
+4 * 1 1 0 1 0 0 1
+9 * 1 0 1
+4 * 1
+2 +3 1
+3 * 1 0 0 0 0 0 0 0 0 1 1
+2 * 1 1
+7 * 1 1 0 0 1
+7 * 1
+3 * 1 0 0 0 0 0 0 0 0 1 1
+26 +37 1 1
+4 * 1 1 0 1 0 0 1
+9 * 1 0 0 0 0 0 0 0 0 1
+2 * 1 1
+1 * 1 1

fl=(178)
fn=(598)
0xb0f50 52 1 0 0 1 0 0 1
+4 -6 1 1 0 0 1
+7 * 1
+7 * 1 1
+7 * 1
+7 * 1
+4 +6 1 1

fl=(360)
fn=(1542)
0x5c5d0 27 1571328 0 0 1 0 0 1
+4 +1 1571328 1571328
+3 * 1571328
+2 * 1571328 0 0 0 0 0 0 0 0 1571328
+6 -1 1571328 0 1571328
+1 * 1571328
+3 * 1571328
+4 * 1571328 0 1571328
+4 * 1571328
+3 +4 1571328
+3 * 1571328 0 0 0 0 0 0 0 0 1571328 4
+6 * 523776 0 523776
+4 * 523776
+3 +2 523776 523776 0 1 0 0 1
+4 * 523776 0 523776
+4 * 523776
+3 * 523776 0 523776
+4 * 523776
+3 +3 523776
fi=(413) /usr/src/debug/glibc/glibc/stdio-common/../string/bits/string_fortified.h
+3 -7 523776
fe=(360)
+3 +8 523776
+3 * 523776
fi=(413)
+4 -8 523776
fe=(360)
+3 +12 523776
fi=(413)
+3 -12 523776 523776 523776 0 1 0 0 1 0 0 0 523776 1
cfi=(290)
cfn=(1054)
calls=523776 0x171fc0 255 
* * 5761620 1571328 1047552 1 0 0 1 0 0 1047594 50
fe=(360)
+6 +11 523776 523776
+4 * 523776
+3 * 523776 0 523776
+4 -9 523776
+3 * 523776 0 0 0 0 0 0 0 0 523776 4
+2 +2 523776 523776
+4 * 523776
+3 * 523776 0 0 1 0 0 1 0 0 523776 4
+64 +2 523776 523776
+4 * 523776 523776
+4 * 523776 523776
+4 +9 523776 523776
+4 * 523776 523776
+1 * 523776 523776
-5 * 1047552 1047552 0 1 0 0 1
+4 * 1047552 1047552
+1 * 1047552 1047552

fl=(189)
fn=(638)
0x369e0 37 1 0 0 1 0 0 1
+4 +2 1 1 0 0 1
+7 * 1 1 0 0 1
+7 * 1 1
+4 * 1 1 0 0 1
+3 * 1 1 0 0 1
+4 * 1 0 0 1 0 0 1
+7 * 1 0 1
+4 +2 1 1 0 0 1
+4 * 1 1 0 0 1
+7 * 1
+7 * 1 0 1
+4 +2 1 1
+4 -1 1 1
+7 +1 1
+6 -1 1 0 1
+4 +2 1 1

fl=(194)
fn=(648)
0xa86d0 251 1 0 0 1 0 0 1
+4 * 1 0 1
fi=(414) /usr/src/debug/glibc/glibc/malloc/../sysdeps/unix/sysv/linux/not-cancel.h
+1 96 1
+5 * 1
+5 * 1
fe=(194)
+7 251 1
+3 * 1 0 1
+1 * 1
fi=(414)
+4 96 1 1
+9 * 1 0 1
+4 * 1
+5 * 1 0 0 1 0 0 1
fi=(195)
+2 2960 1
+4 * 1 0 0 0 0 0 0 0 0 1 1
0xa8770 +14 1 0 0 1 0 0 1
+7 +2 1
+6 * 1 0 0 0 0 0 0 0 0 1
+2 -1 1 0 1 1 0 0 1
cfi=(196)
cfn=(652)
calls=1 0x194d00 0 
* * 21 1 0 2 0 0 2
+6 +1 1
+3 * 1
+3 * 1 0 0 0 0 0 0 0 0 1
fe=(194)
+2 275 1 1
+7 * 1 0 0 0 0 0 0 0 0 1 1
+9 +13 1 1 0 0 1
+7 * 1
+7 * 1
+7 * 1 0 1
fi=(195)
+4 1853 1
+4 * 1
+6 +3 1 0 1 1 0 1 1 0 1
+4 * 1 0 1
+4 -3 1
+4 * 1
+3 * 1 0 0 0 0 0 0 0 0 1 1
-15 +3 126 0 126 0 0 32 0 0 31
+4 * 126 0 126
+4 -3 126
+4 * 126
+3 * 126 0 0 0 0 0 0 0 0 126 8
+2 +11 1
fe=(194)
+7 292 1
+4 * 1
fi=(195)
+5 1864 1 0 1
fe=(194)
+7 292 1
+7 * 1 1 1 0 0 0 0 0 0 0 0 1 1
cob=(1)
cfi=(12)
cfn=(30)
calls=1 0x14f60 435 
* * 17 4 1 0 2 0 0 1 0 3 2
+6 +1 1
+7 * 1
+4 * 1 0 0 1 0 0 1
+5 * 1 1 1 0 0 0 0 0 0 0 0 1 1
cob=(1)
cfi=(12)
cfn=(30)
calls=1 0x14f60 435 
* * 18 4 1 0 2 0 0 1 0 3 2
+6 +1 1
+7 * 1
+4 * 1
+5 * 1 1 1 0 0 0 0 0 0 0 0 1 1
cob=(1)
cfi=(12)
cfn=(30)
calls=1 0x14f60 435 
* * 17 4 1 0 1 0 0 0 0 3 1
+6 +1 1
+7 * 1
+4 * 1
+5 * 1 1 1 0 0 0 0 0 0 0 0 1 1
cob=(1)
cfi=(12)
cfn=(30)
calls=1 0x14f60 435 
* * 17 4 1 0 2 0 0 1 0 3 1
+6 +1 1
+7 * 1 0 0 1 0 0 1
+4 * 1
+5 * 1 1 1 0 0 0 0 0 0 0 0 1 1
cob=(1)
cfi=(12)
cfn=(30)
calls=1 0x14f60 435 
* * 18 4 1 0 2 0 0 1 0 3 2
+6 +1 1
+7 * 1
+4 * 1
+5 * 1 1 1 0 0 0 0 0 0 0 0 1 1
cob=(1)
cfi=(12)
cfn=(30)
calls=1 0x14f60 435 
* * 17 4 1 0 2 0 0 1 0 3 1
+6 +1 1
+7 * 1
+4 * 1
+5 * 1 1 1 0 0 0 0 0 0 0 0 1 1
cob=(1)
cfi=(12)
cfn=(30)
calls=1 0x14f60 435 
* * 17 4 1 0 2 0 0 1 0 3 1
+6 +2 1
+7 * 1 0 0 1 0 0 1
+4 * 1
+5 * 1 1 1 0 0 0 0 0 0 0 0 1 1
cob=(1)
cfi=(12)
cfn=(30)
calls=1 0x14f60 435 
* * 17 4 1 0 2 0 0 2 0 3
+6 +1 1
+7 * 1
+4 * 1
+5 * 1 1 1 0 0 0 0 0 0 0 0 1 1
cob=(1)
cfi=(12)
cfn=(30)
calls=1 0x14f60 435 
* * 17 4 1 0 2 0 0 2 0 3
+6 +1 1
+7 * 1
+4 * 1
+5 * 1 1 1 0 0 0 0 0 0 0 0 1 1
cob=(1)
cfi=(12)
cfn=(30)
calls=1 0x14f60 435 
* * 17 4 1 0 2 0 0 2 0 3
+6 +3 1
+7 * 1
+4 * 1
+5 * 1 1 1 0 0 0 0 0 0 0 0 1 1
cob=(1)
cfi=(12)
cfn=(30)
calls=1 0x14f60 435 
* * 17 4 1 0 2 0 0 2 0 3
+6 +2 1 1 0 0 1 0 0 1
+7 * 1
+4 * 1
+6 * 1 0 0 0 0 0 0 0 0 1
+2 +10 1 1
+4 * 1 1
+9 * 1 0 0 0 0 0 0 0 0 1
+2 * 1 1
+4 * 1 1
+1 * 1 1
fi=(195)
+1 2974 1 1 0 1 1 0 1 1
+7 * 1 0 0 1 0 0 1
fe=(194)

fl=(269)
fn=(948)
0x111df0 36 69 0 0 61 0 0 1
fi=(415) /usr/src/debug/glibc/glibc/misc/../sysdeps/unix/sysv/linux/brk_call.h
+4 -12 69
+5 * 69
fe=(269)
+2 +13 69 69 0 61 0 0 1
+7 * 69 0 69
+3 +1 69
+3 * 69 0 0 0 0 0 0 0 0 69 2
+2 +6 60
+2 +1 60 60
+4 -5 9 9 0 0 8
+7 * 9 0 9 0 0 8
+7 +1 9
+5 * 9 9

fl=(276) /usr/src/debug/glibc/glibc/csu/../csu/libc-start.c
fn=(998) __libc_start_main@@GLIBC_2.34
0x277f0 242 1 0 0 1 0 0 1
+4 * 1 0 1
+1 * 1
+3 * 1 0 1
+2 * 1 0 1
+2 * 1
+3 * 1 0 1 1 0 0 1
+2 * 1
+3 * 1 0 1
+2 * 1
+3 * 1 0 1
+1 * 1
+4 * 1 0 1
+4 +69 1
+3 * 1 0 0 0 0 0 0 0 0 1
+2 +1 1
+2 * 1
+2 * 1
+3 * 1 0 1
cfi=(255)
cfn=(900)
calls=1 0x40950 67 
* * 76 13 15 0 0 1 0 0 1 10 2
+5 +25 1 1
+7 * 1 1
+2 * 1
+2 * 1 0 1
+3 * 1
+3 * 1 0 0 0 0 0 0 0 0 1
+6 +6 1 1 0 1 0 0 1
+7 * 1 1
+3 -3 1
+3 * 1 0 0 0 0 0 0 0 0 1 1
+18 +10 1 1
+3 * 1 1 1 0 0 0 0 0 0 0 0 1 1
cob=(1)
cfi=(50)
cfn=(1010)
calls=1 0x1a040 118 
* * 5 2 0 1 1 0 1 0 0 1
+6 +2 1
+2 * 1 0 0 0 0 0 0 0 0 1
+6 +8 1 1
+4 * 1
+3 * 1
+3 * 1 0 1
cfi=(277)
cfn=(1012)
calls=1 0x276c0 30 
* * 5037941390 1405035816 500790778 41713 67952246 484260 1053 1268 459668 634636086 8526381 38754177 10489
+5 128 1 1
+7 * 1 1 0 1 1 0 1
+3 +6 1 1 0 0 1
+7 * 1
+3 * 1 0 0 0 0 0 0 0 0 1
+2 +1 1 0 1
+4 * 1 1 0 0 1
+4 * 1
+3 * 1
+3 * 1 1
+3 * 1 0 1 0 0 0 0 0 0 0 0 1 1
cob=(4)
cfi=(198)
cfn=(1000)
calls=1 0x4002000 0 
* * 7 2 0 1 1 0 1 0 0 1 1
+2 * 1 1
+4 +3 1 1 0 0 1
+7 +1 1
+3 * 1 0 0 0 0 0 0 0 0 1
+2 +3 1 1
+7 * 1 1 0 0 1
+4 * 1 0 0 1 0 0 1
+4 +2 1
+2 * 1 0 0 0 0 0 0 0 0 1
+2 -1 1 1
+3 * 1 1
+4 * 1
+3 * 1
+4 * 1
+4 * 1 0 1
+4 * 1
+13 +2 1 0 1
+4 * 1
+3 * 1
+3 * 1 1 1 0 0 0 0 0 0 0 0 1 1
cob=(8)
cfi=(275)
cfn=(1004) 0x0000000000002d00
calls=1 0x2d00 0 
* * 12 1 0 3 0 0 3 0 0 1 1
+2 -1 1
+3 * 1 1
+4 * 1 0 0 0 0 0 0 0 0 1
+2 * 1 0 0 1 0 0 1

fl=(107)
fn=(374)
0xc5020 29 2 0 0 1 0 0 1
fi=(108)
+4 +11 2 2
+7 +1 2 2
+6 * 2
+2 * 2
+5 * 2 0 0 0 0 0 0 0 0 2 1
+32 +1 2 2 0 1 0 0 1
+6 * 2
+6 * 2 0 0 0 0 0 0 0 0 2
+2 +4 2 2
+6 * 2
+2 * 2
+5 * 2 0 0 0 0 0 0 0 0 2
+2 +3 2
+7 * 2 2 0 2 0 0 1
+7 * 2 0 0 0 0 0 0 0 0 2
+2 +3 2
+6 * 2
+7 * 2 0 0 0 0 0 0 0 0 2
fe=(107)
+2 -23 2 2

fl=(350)
fn=(1452)
0x110b60 25 2 0 0 1 0 0 1
+4 +1 2
+5 * 2
+2 * 2
+6 * 2 0 0 0 0 0 0 0 0 2
+2 +1 2 2

ob=(8)
fl=(275)
fn=(1646)
0x2cb0 0 1 0 0 1 0 0 1
+4 0 1 1 0 0 1 0 0 1
+7 0 1 0 0 0 0 0 0 0 0 1
+2 0 1 0 1
+1 0 1 1 0 1 1 0 1 1
+8 0 1
+3 0 1 0 0 0 0 0 0 0 0 1
+2 0 1 1 0 0 1 0 0 1
+7 0 1 1 1 0 0 0 0 0 0 0 0 1 1
cob=(2)
cfi=(382)
cfn=(1652)
calls=1 0x40960 45 
* 0 99 22 12 9 4 1 9 4 1 23 6
+6 0 1 0 1
cfn=(1660) 0x0000000000002c40
calls=1 0x2c40 0 
* 0 5 1 0 1 0 0 1 0 0 1
+5 0 1 0 1
+7 0 1 1
+1 0 1 1

fn=(1004)
0x2c70 0 1 0 0 1 0 0 1
+7 0 1
+7 0 1 0 0 1 0 0 1
+3 0 1
+3 0 1
+4 0 1
+4 0 1
+3 0 1
+3 0 1 0 0 0 0 0 0 0 0 1 1
+22 0 1 1
+88 0 1 0 0 1 0 0 1
+4 0 1

fn=(996)
0x2c10 0 1 0 0 1 0 0 1
+4 0 1
+2 0 1
+3 0 1 1
+1 0 1
+3 0 1
+4 0 1 0 1
+1 0 1 0 1
+1 0 1
+3 0 1
+2 0 1
+7 0 1 1 1 0 1 0 0 0 0 0 0 1 1
cob=(2)
cfi=(276)
cfn=(998)
calls=1 0x277f0 242 
* 0 5037941562 1405035854 500790809 41724 67952253 484261 1064 1268 459669 634636107 8526386 38754180 10492

fn=(1660)
0x2c40 0 1 0 0 1 0 0 1
+7 0 1
+7 0 1
+3 0 1 0 0 0 0 0 0 0 0 1
+23 0 1 1

fl=(328) /home/ikea/Projects/DV1674-A2/pearson/alignment/vector.cpp
fn=(1378) Vector::~Vector()
0x2d90 14 3075 3075 0 0 513 0 0 129
+4 * 3075
+3 * 3075 0 0 0 0 0 0 0 0 3075 3
+2 +2 3072
cob=(7)
cfi=(344)
cfn=(1384)
calls=3072 0xb4e10 +18 
* * 472980 136846 75688 3083 2103 3 15 680 1 78645 1142 6144 1
cob=(1)
cfi=(283)
cfn=(1030)
calls=1 0x14550 +23 
* * 696 230 128 1 10 0 0 1 0 84 7 3 3
* * 3076 3074 2 0 1 0 0 1 0 0 0 3073 2
+7 +4 3 3

fn=(1270) Vector::get_data()
0x2ed0 46 1024 1024 0 1024 0 0 1
+4 +1 1024 1024

fn=(1264) Vector::Vector(unsigned int)
0x2db0 22 1024 0 1024 1 0 0 1
+1 * 1024
+3 * 1024 0 1024
+2 * 1024
+2 * 1024
+8 * 1024 0 1024 1 0 0 1
cob=(7)
cfi=(306)
cfn=(1130)
calls=1024 0xb6f90 +9 
* * 151554 31738 18428 2 2 1 2 0 1 29689 1038 2048
cob=(1)
cfi=(283)
cfn=(1030)
calls=1 0x14550 +17 
* * 723 233 128 0 10 0 0 1 0 87 6 3 1
* * 1028 1026 2 0 0 0 0 0 0 0 0 1025 1024
+5 * 1024 0 1024
+4 * 1024 1024
+1 * 1024 1024

fn=(1484) Vector::dot(Vector const&) const
0x3150 122 524800 0 0 1 0 0 1
+3 +6 524800 524800 0 0 263
+2 -6 524800
+3 +6 524800
+2 * 524800 0 0 0 0 0 0 0 0 524800 2
+2 * 524800
+3 * 524800
+4 +2 524800 524800
+4 -78 524800 524800 0 0 130562
+4 * 524800
+3 * 524800
+2 * 524800
+4 * 524800
+2 * 524800
+3 * 524800
+7 +81 524800 524800 0 1 260237 0 1
+5 * 524800 524800 0 0 515
+5 * 524800
+3 * 524800 524800 0 0 260
+6 * 524800
+4 * 524800
+4 * 524800 524800 0 0 131643
+6 * 524800
+4 * 524800
+4 * 524800
+4 -5 524800
+2 * 524800 0 0 0 0 0 0 0 0 524800 9
-47 +5 133824000 133824000 0 0 33149078
+5 * 133824000 133824000 0 0 64280
+5 * 133824000
+3 * 133824000 133824000 0 0 66087
+6 * 133824000
+4 * 133824000
+4 * 133824000 133824000 0 0 33633755
+6 * 133824000
+4 * 133824000
+4 * 133824000
+4 -5 133824000
+2 * 133824000 0 0 0 0 0 0 0 0 133824000 524847
+2 +8 524800
+4 * 524800
+4 * 524800
+4 * 524800 0 0 1 0 0 1
+4 * 524800
+4 * 524800
+4 * 524800
+4 * 524800 524800

fn=(1376) Vector::Vector(Vector const&)
0x2de0 26 2048 0 2048
+2 * 2048
+3 * 2048 0 2048
+1 * 2048
+3 * 2048 0 2048
+1 * 2048 2048 0 0 256
+2 -4 2048 0 2048 0 0 700 0 0 255
+3 +4 2048
+3 -4 2048
+4 * 2048 0 2048
cob=(7)
cfi=(306)
cfn=(1130)
calls=2048 0xb6f90 +9 
* * 361903 55322 31699 1180 1019 2114 18 0 2073 60508 3251 4097 1
* * 2048 2048 0 0 0 0 0 0 0 0 0 2048 2
+5 * 2048 0 2048
+4 +6 2048 0 0 1024 0 0 1
+2 * 2048 0 0 0 0 0 0 0 0 2048
+2 +2 2048 2048
+5 * 2048
+3 * 2048
+3 * 2048
+4 * 2048
+3 * 2048
+4 * 2048 0 0 0 0 0 0 0 0 2048
+2 * 2048
+3 * 2048
+2 * 2048
+2 * 2048
+3 * 2048
+5 * 2048
+11 * 2048
+11 * 2048 2048 0 1024 512 0 1
+5 * 2048 2048 0 0 256
+6 +3 2048
+3 -3 2048 0 2048 0 0 506 0 0 506
+4 * 2048 0 2048 0 0 513 0 0 513
+5 -2 2048
+4 * 2048
+2 * 2048 0 0 0 0 0 0 0 0 2048 2
-29 +2 522240 522240 0 0 65280
+5 * 522240 522240 0 0 65280
+6 +3 522240
+3 -3 522240 0 522240 0 0 129646 0 0 129540
+4 * 522240 0 522240 0 0 129916 0 0 129916
+5 -2 522240
+4 * 522240
+2 * 522240 0 0 0 0 0 0 0 0 522240 2061
+2 +7 2048 2048
+1 * 2048 2048
+1 * 2048 2048
+2 * 2048 2048

fn=(1478) Vector::Vector()
0x2d80 10 3 0 3
+6 * 3 0 3
+8 * 3 3

fn=(1482) Vector::prepeare()
0x3210 113 1024 0 1024 1 0 0 1
+1 * 1024
+3 * 1024 0 1024
+1 * 1024
+4 -44 1024 1024 0 0 256
+2 * 1024
+2 * 1024 0 0 0 0 0 0 0 0 1024
+6 * 1024
+4 * 1024 1024
+4 * 1024
+4 +2 1024
+2 * 1024
+3 * 1024
+4 * 1024
+3 * 1024
+3 * 1024 0 0 1 0 0 1
+3 * 1024
+3 * 1024
+6 * 1024
+11 * 1024
+11 +3 1024 1024 0 0 509
+4 * 1024 1024 0 0 257
+5 * 1024
+3 * 1024
+4 * 1024
+4 * 1024
+4 -5 1024
+2 * 1024 0 0 0 0 0 0 0 0 1024 3
-26 +5 261120 261120 0 0 64902
+4 * 261120 261120 0 0 65663
+5 * 261120
+3 * 261120
+4 * 261120
+4 * 261120
+4 -5 261120
+2 * 261120 0 0 0 0 0 0 0 0 261120 1043
+2 +8 1024
+4 * 1024 0 0 1 0 0 1
+4 * 1024
+2 * 1024
+4 * 1024
+4 * 1024
+4 * 1024
+4 * 1024
+4 * 1024
+4 * 1024
+4 +13 1024
+4 * 1024
+4 * 1024
+11 * 1024
+11 +2 1024 1024 0 1 0 0 1
+5 * 1024 1024
+4 * 1024
+3 * 1024
+4 * 1024
+4 * 1024
+4 * 1024 0 1024
+4 * 1024 0 1024
+4 * 1024
+2 * 1024 0 0 0 0 0 0 0 0 1024 2
-34 * 261120 261120
+5 * 261120 261120
+4 * 261120
+3 * 261120
+4 * 261120
+4 * 261120
+4 * 261120 0 261120
+4 * 261120 0 261120
+4 * 261120
+2 * 261120 0 0 0 0 0 0 0 0 261120 1038
+2 -9 1024
+3 * 1024
+3 * 1024 0 1024
cfn=(1484)
calls=1024 0x3150 +39 
* * 3169280 1052672 0 3 0 0 3 0 0 263168 1039
+5 +1 1024
+4 * 1024
+4 * 1024 0 0 0 0 0 0 0 0 1024
+6 * 1024 0 0 1 0 0 1
+4 +18 1024
+4 * 1024
+4 * 1024
+3 +2 1024
+2 * 1024
+4 * 1024
+2 * 1024
+11 * 1024
+11 * 1024
+11 * 1024
+11 * 1024 1024 0 1 0 0 1
+5 * 1024 1024
+4 * 1024
+3 * 1024
+4 * 1024
+4 * 1024
+4 * 1024 0 1024
+4 * 1024 0 1024
+4 * 1024
+3 * 1024 0 0 0 0 0 0 0 0 1024 2
-35 * 261120 261120
+5 * 261120 261120
+4 * 261120
+3 * 261120
+4 * 261120
+4 * 261120
+4 * 261120 0 261120
+4 * 261120 0 261120
+4 * 261120
+3 * 261120 0 0 0 0 0 0 0 0 261120 1038
+2 +14 1024
+4 * 1024 1024
+1 * 1024 1024
+1 * 1024 1024

fl=(353) /home/ikea/Projects/DV1674-A2/pearson/alignment/analysis.cpp
fn=(1476) Analysis::correlation_coefficients(std::vector<Vector, std::allocator<Vector> >)
0x4280 14 1 0 0 1 0 0 1
+7 +1 1
+4 -1 1 0 1
+8 * 1
+3 * 1 0 1
+8 * 1 0 1
+8 * 1 1 0 0 1
+9 * 1 0 1
+5 * 1
+3 +1 1 0 1 0 0 1
+8 * 1 0 1 1 0 0 1
+3 +1 1
+5 * 1 0 1
cfi=(328)
cfn=(1478)
calls=1 0x2d80 -6 
* * 3 1 2
+5 +2 1
+5 * 1 0 1
cfi=(328)
cfn=(1478)
calls=1 0x2d80 -8 
* * 3 1 2
+5 * 1
+5 * 1 0 1
cfi=(328)
cfn=(1478)
calls=1 0x2d80 -8 
* * 3 1 2
+5 * 1 0 1
fi=(320) /usr/include/c++/16.1.1/bits/stl_vector.h
+8 1109 1 1
+4 * 1 1
+4 * 1 0 1
+8 * 1 0 1
+8 * 1 0 0 1 0 0 1
+3 * 1
fe=(353)
+4 21 1
+3 * 1 0 0 0 0 0 0 0 0 1
+2 * 1
+5 * 1
+3 * 1
+4 * 1
fi=(320)
+8 1254 1023 1023
+4 * 1023
+4 * 1023
fe=(353)
+3 23 1023 0 1023
cfi=(328)
cfn=(1482)
calls=1023 0x3210 +90 
* * 10555314 2628087 1050621 0 131457 0 0 0 0 1050621 4125
fi=(320)
-3 1254 1
fe=(353)
+3 23 1 0 1
cfi=(328)
cfn=(1482)
calls=1 0x3210 +90 
* * 10318 2569 1027 9 130 0 9 0 0 1027 40
+5 -2 1024
+3 * 1024 0 0 0 0 0 0 0 0 1024 2
+2 +5 1
+4 * 1 0 0 0 0 0 0 0 0 1
+6 -5 1 0 1 1 0 1 1
+9 +5 1 0 1
+8 +2 1 0 1
+5 * 1 1
+4 * 1
+3 * 1 0 0 0 0 0 0 0 0 1
-12 * 1022 0 1022
+5 * 1022 1022
+4 * 1022
+3 * 1022 0 0 0 0 0 0 0 0 1022
fi=(320)
+6 1254 1023 1023
+5 * 1023
+4 * 1023
fi=(321) /usr/include/c++/16.1.1/bits/new_allocator.h
+5 203 523756 0 523756 0 0 65467 0 0 65444
fe=(353)
+4 28 523756
fi=(320)
+3 1413 523756
fe=(353)
+4 28 523756
fi=(320)
+4 1413 523756 0 523756
fe=(353)
+4 28 523756
+3 * 523756 0 0 0 0 0 0 0 0 523756 1023
fi=(320)
+6 1254 523776 523776 0 1 8 0 1
+4 * 523776
+4 * 523776
fe=(353)
+3 30 523776 0 523776
cfi=(328)
cfn=(1484)
calls=523776 0x3150 +92 
* * 1621086720 538441728 0 0 67436680 0 0 0 0 134610432 523819
+5 * 523776
fi=(342) /usr/include/c++/16.1.1/bits/stl_algobase.h
+4 238 523776 523776 0 0 9 0 0 1
+8 -1 523776
+4 * 523776 0 0 0 0 0 0 0 0 523776
+2 +19 523776 523776
+8 * 523776
fi=(320)
+4 1408 523776 523776 0 0 1
+4 * 523776 523776 0 1 0 0 1
+4 * 523776
+3 * 523776 0 0 0 0 0 0 0 0 523776 19
+2 1109 20 20
+3 * 20
+3 * 20
+3 * 20
+3 2194 20
+10 1109 20
+4 2194 20
+3 * 20 0 0 0 0 0 0 0 0 20
fi=(342)
+6 261 20
+3 * 20
+5 * 20 0 20 0 0 13
+5 * 20
+4 * 20 0 20
+5 * 20 0 20 1 0 0 1
fi=(320)
+5 2197 20
+3 * 20 0 20
+6 +1 20
+10 * 20
+3 * 20
fi=(321)
+4 162 20
+4 * 20
+3 * 20 0 20
+5 * 20 0 20
cob=(7)
cfi=(288)
cfn=(1046)
calls=20 0xb6f20 43 
* * 4840 867 607 15 207 82 13 0 18 832 117 20
* * 20 20 0 0 16 0 0 0 0 0 0 20
+5 +41 20 20
+5 * 20 20
+6 -41 20
fi=(322) /usr/include/c++/16.1.1/bits/stl_uninitialized.h
+3 1382 20 20 0 1 0 0 1
+5 * 20 20
+5 * 20
fi=(321)
+3 203 20 0 20 0 0 17 0 0 15
fi=(322)
+5 1382 20 0 0 0 0 0 0 0 0 20 1
+2 +12 19
+3 * 19
+3 * 19 0 19
+5 * 19 0 19
+5 * 19 0 19
+5 * 19 0 19
cob=(2)
cfi=(290)
cfn=(1054)
calls=19 0x171fc0 255 
* * 1380291 1130832 1130777 13 65567 65534 10 0 65505 1044909 487
* * 19 19 0 0 16 0 0 0 0 0 0 19
+5 * 19 19 0 0 7
+5 * 19 19
+5 * 19 19
+5 * 19
fi=(323) /usr/include/c++/16.1.1/bits/vector.tcc
+3 610 19
fi=(320)
+5 1872 19
+3 * 19 0 0 0 0 0 0 0 0 19 2
fi=(323)
-8 610 1 0 0 1 0 0 1
fi=(320)
+5 1872 1
+3 * 1 0 0 0 0 0 0 0 0 1 1
fi=(323)
+2 648 19
fi=(321)
+3 183 19
+3 * 19 0 19
fi=(323)
+5 648 19
+3 * 19 0 19
fi=(321)
+5 183 19 0 19
cob=(7)
cfi=(345)
cfn=(1400)
calls=19 0xb4df0 32 
* * 2032 593 294 9 148 11 9 0 0 338 55 38
* * 19 19 0 0 7 0 0 0 0 0 0 19
+5 * 19 19
+5 * 19 19
fi=(323)
+5 653 19 0 19 0 0 7
fe=(353)
+3 28 19
fi=(323)
+3 655 19 19
fe=(353)
+5 28 19
fi=(323)
+4 654 19 0 19
+4 +1 19 0 19
fe=(353)
+4 28 19
+3 * 19 0 0 0 0 0 0 0 0 19 9
fi=(323)
-26 653 1 0 1
fe=(353)
+3 28 1
fi=(323)
+3 655 1 1
fe=(353)
+5 28 1
fi=(323)
+4 654 1 0 1
+4 +1 1 0 1 1 0 0 1
fe=(353)
+4 28 1
+3 * 1 0 0 0 0 0 0 0 0 1 1
+12 -2 1023 0 1023 0 0 1019
+6 * 1023
+5 * 1023 1023
+4 * 1023 0 0 0 0 0 0 0 0 1023 3
+6 +10 1
+5 * 1 0 1
cfi=(328)
cfn=(1378)
calls=1 0x2d90 -22 
* * 4 2 0 0 1 0 0 1 0 1
+5 * 1
+5 * 1 0 1
cfi=(328)
cfn=(1378)
calls=1 0x2d90 -22 
* * 4 2 0 0 0 0 0 0 0 1 1
+5 * 1
+5 * 1 0 1 1 0 0 1
cfi=(328)
cfn=(1378)
calls=1 0x2d90 -22 
* * 4 2 0 0 0 0 0 0 0 1 1
+5 * 1 1
+5 * 1 1 0 0 1
+9 * 1 0 0 0 0 0 0 0 0 1
+2 * 1
+3 * 1 1 0 0 1 0 0 1
+8 * 1 1
+8 * 1 1
+8 * 1 1
+8 * 1 1
+8 * 1 1 0 1 0 0 1
+8 * 1
+7 * 1 1

fl=(291) /home/ikea/Projects/DV1674-A2/pearson/alignment/dataset.cpp
fn=(1504) Dataset::write(std::vector<double, std::allocator<double> >, std::__cxx11::basic_string<char, std::char_traits<char>, std::allocator<char> >)
0x33a0 54 1 0 1 1 0 0 1
+2 * 1 0 1
+2 * 1 0 1
+1 * 1
+3 * 1 0 1
+1 * 1
+7 * 1 1 0 0 1
+9 * 1 0 1 1 0 0 1
+8 * 1
fi=(292) /usr/include/c++/16.1.1/bits/basic_ios.h
+3 478 1
+8 * 1 0 1 0 0 1
cob=(7)
cfi=(248)
cfn=(862)
calls=1 0xe6240 76 
* * 85 11 29 1 5 6 1 4 1 11 3 1
* * 1 1 0 0 1 0 0 0 0 0 0 1
fi=(325) /usr/include/c++/16.1.1/bits/ostream.h
+5 -37 1 1 0 0 1 0 0 1
fi=(292)
+7 +37 1
fi=(325)
+7 -37 1
fi=(292)
+2 +37 1 0 1
+8 * 1
+4 -1 1
+2 * 1 0 1
+8 +1 1 0 1
+8 * 1 0 1 1 0 0 1
fi=(325)
+8 -37 1 1 0 0 1 0 0 1
fi=(292)
+5 +36 1 0 1
fi=(325)
+12 -36 1
+5 * 1 1 0 0 1 0 0 1
+7 * 1 0 1 0 0 1
+5 * 1 0 1
+3 * 1 0 1
cob=(7)
cfi=(250)
cfn=(866)
calls=1 0x138d90 131 
* * 153 61 34 4 15 1 4 15 1 12 0 8 2
* * 1 1 0 0 1 0 0 0 0 0 0 1
fi=(293) /usr/include/c++/16.1.1/fstream
+5 834 1
+7 * 1
+5 * 1 0 0 1 0 0 1
+4 * 1 0 1
+5 * 1 0 1
+8 * 1 0 1
cob=(7)
cfi=(294)
cfn=(1074)
calls=1 0x12ea70 85 
* * 85 24 34 6 5 2 6 5 0 4 1 3
* * 1 1 0 0 1 0 0 0 0 0 0 1 1
+5 +1 1
+5 * 1
+8 * 1 0 1
cob=(7)
cfi=(250)
cfn=(866)
calls=1 0x138d90 131 
* * 153 61 34 0 0 0 0 0 0 12 4 8
* * 1 1 0 0 0 0 0 0 0 0 0 1
+5 345 1 1
+3 * 1
+5 * 1
+5 * 1 0 1
cob=(7)
cfi=(294)
cfn=(1084)
calls=1 0x12f8f0 183 
* * 758 184 165 49 25 14 49 15 12 90 30 12 3
* * 1 1 0 0 1 0 0 0 0 0 0 1 1
+5 1025 1 1
+5 * 1 1 0 0 1 0 0 1
+4 * 1 0 0 1 0 0 1
+5 -5 1
+3 * 1 0 0 0 0 0 0 0 0 1
+6 +5 1
+2 * 1 0 1
cob=(7)
cfi=(250)
cfn=(1136)
calls=1 0x1388f0 46 
* * 9 3 1 2 0 0 2 0 0 1
* * 1 1 0 1 1 0 1 0 0 0 0 1 1
fe=(291)
+5 59 1 1
+8 * 1 0 0 0 0 0 0 0 0 1 1
fi=(320)
+6 1109 1 1
fe=(291)
+4 65 1
+2 * 1 1
+4 * 1 0 0 0 0 0 0 0 0 1 1
+2 * 1
fi=(373) /usr/include/c++/16.1.1/iomanip
+1 222 1 1
fi=(325)
+5 +10 1 1 0 0 1
+5 * 1
fi=(416) /usr/include/c++/16.1.1/bits/ios_base.h
+5 777 1 1 0 1 0 0 1
+4 * 1 0 1
fi=(325)
+9 232 1 0 1
cob=(7)
cfi=(355)
cfn=(1516)
calls=1 0x15d790 67 
* * 2886 680 445 164 42 19 164 40 19 416 110 24 20
cob=(1)
cfi=(283)
cfn=(1030)
calls=1 0x14550 39 
* * 831 253 128 9 48 18 9 47 18 105 10 2 2
* * 5 3 2 0 1 0 0 1 0 0 0 2 1
fi=(373)
-28 -10 523775 523775
fi=(325)
+5 +10 523775 523775 0 0 65472
+5 * 523775
fi=(416)
+5 777 523775 523775
+4 * 523775 0 523775
fi=(325)
+9 232 523775 0 523775
cob=(7)
cfi=(355)
cfn=(1516)
calls=523775 0x15d790 67 
* * 1501612410 352983618 230133536 25 5 124 25 5 0 216798723 4599596 12049325 3
* * 523775 523775 0 0 0 0 0 0 0 0 0 523775 1
+5 739 523776
+5 * 523776
+7 * 523776
+3 * 523776 0 523776
cob=(7)
cfi=(372)
cfn=(1604)
calls=523776 0x15bf80 84 
* * 87475491 29856819 15190884 5 1 3 5 1 0 11523141 28987 2619018 2
cob=(1)
cfi=(283)
cfn=(1030)
calls=1 0x14550 39 
* * 1207 315 128 0 10 0 0 10 0 165 10 2 1
* * 523780 523778 2 1 0 0 1 0 0 0 0 523777 2
fi=(320)
+5 1109 523776 523776
+4 * 523776 523776
fe=(291)
+4 65 523776
fi=(320)
+4 1109 523776
+3 * 523776
fe=(291)
+4 65 523776
+3 * 523776 0 0 0 0 0 0 0 0 523776 5
fi=(293)
+2 1053 1 0 0 1 0 0 1
+5 * 1 0 1
cob=(7)
cfi=(294)
cfn=(1432)
calls=1 0x12f530 253 
* * 769 235 150 55 30 1 55 11 0 103 32 20 7
* * 1 1 0 1 1 0 1 0 0 0 0 1 1
+5 * 1
+3 * 1 0 0 0 0 0 0 0 0 1
+6 918 1 1 0 0 1 0 0 1
+8 * 1
+7 261 1
+5 918 1 0 1
+8 * 1
+5 * 1
+4 * 1 0 1
+5 261 1 0 1
cob=(7)
cfi=(294)
cfn=(1432)
calls=1 0x12f530 -8 
* * 18 6 3 0 0 0 0 0 0 1 1 1
* * 1 1 0 0 0 0 0 0 0 0 0 1
+5 +3 1 0 0 1 0 0 1
+8 * 1 0 1
cob=(7)
cfi=(295)
cfn=(1466)
calls=1 0xfa500 -54 
* * 24 9 5 1 0 0 1 0 0 1 1 2
* * 1 1 0 0 0 0 0 0 0 0 0 1 1
fi=(346) /usr/include/c++/16.1.1/streambuf
+5 -57 1
+7 * 1
+5 * 1 0 1
+5 * 1 0 1
cob=(7)
cfi=(215)
cfn=(872)
calls=1 0xcd980 91 
* * 6 3 0 0 0 0 0 0 0 1
* * 1 1 0 0 1 0 0 0 0 0 0 1
fi=(325)
+5 101 1 1 0 0 1
+5 * 1 1 0 0 1
+7 * 1 0 1
fi=(292)
+5 297 1
fi=(325)
+8 101 1 0 1
fi=(292)
+5 297 1 0 0 1 0 0 1
+7 * 1 0 1
+8 * 1 0 1
cob=(7)
cfi=(248)
cfn=(1414)
calls=1 0xe6610 87 
* * 51 18 10 5 4 0 5 2 0 4 2 3 1
* * 1 1 0 1 0 0 1 0 0 0 0 1 1
fe=(291)
+5 72 1 1 0 0 1
+8 * 1 1
+9 * 1 0 0 0 0 0 0 0 0 1
+6 * 1
+7 * 1 1
+1 * 1 1
+1 * 1 1
+2 * 1 1
+2 * 1 1

fn=(1056) Dataset::read(std::__cxx11::basic_string<char, std::char_traits<char>, std::allocator<char> >)
0x3700 19 1 0 1 1 0 0 1
+2 +2 1
+4 -2 1 0 1
+2 * 1 0 1
+2 * 1 0 1
+2 * 1 0 1
+1 * 1 0 1
+1 * 1
+3 * 1
+7 * 1 1
+9 * 1 0 1
+8 * 1
+3 +2 1 0 1
+8 * 1 0 1
fi=(292)
+3 478 1
fe=(291)
+8 20 1 0 1 1 0 0 1
fi=(292)
+8 478 1 0 1
cob=(7)
cfi=(248)
cfn=(862)
calls=1 0xe6240 76 
* * 85 11 29 0 0 0 0 0 0 11 5 1
cob=(1)
cfi=(283)
cfn=(1030)
calls=1 0x14550 39 
* * 785 246 128 4 10 17 0 2 0 98 11 3 3
* * 5 3 2 1 0 0 1 0 0 0 0 2 1
+5 * 1
+7 -1 1
fi=(307) /usr/include/c++/16.1.1/istream
+2 714 1
fi=(292)
+2 478 1 0 1
fi=(307)
+8 713 1 1 0 0 1
fi=(292)
+7 478 1
+4 -1 1 0 1
fi=(307)
+8 713 1 1
+7 +1 1 0 0 1 0 0 1
fi=(292)
+8 478 1 0 1
+8 * 1 0 1
fi=(307)
+8 713 1 0 1
+8 * 1 1
fi=(292)
+4 477 1 0 1
fi=(307)
+12 713 1 0 1
+8 +1 1 1
+7 -1 1 0 1 1 0 0 1
+12 +1 1 1
+4 * 1 0 1
cob=(7)
cfi=(250)
cfn=(866)
calls=1 0x138d90 131 
* * 153 61 34 0 0 0 0 0 0 12 3 8
cob=(1)
cfi=(283)
cfn=(1030)
calls=1 0x14550 39 
* * 1152 308 128 2 11 0 0 2 0 161 12 2 1
* * 5 3 2 1 1 0 1 0 0 0 0 2 1
fi=(293)
+5 561 1
+7 * 1
+8 * 1 0 1
+8 * 1
+4 * 1 0 1
+8 * 1 0 1
cob=(7)
cfi=(294)
cfn=(1074)
calls=1 0x12ea70 85 
* * 85 24 34 7 0 0 7 0 0 4 1 3 3
cob=(1)
cfi=(283)
cfn=(1030)
calls=1 0x14550 39 
* * 1011 282 128 4 8 0 0 1 0 134 10 3 3
* * 5 3 2 1 1 0 1 0 0 0 0 2 1
+5 +1 1
+8 * 1 0 0 1 0 0 1
+8 * 1 0 1
cob=(7)
cfi=(250)
cfn=(866)
calls=1 0x138d90 131 
* * 153 61 34 0 0 0 0 0 0 12 4 8
* * 1 1 0 0 0 0 0 0 0 0 0 1 1
+5 345 1 1
+4 * 1
+5 * 1
+8 * 1 0 1
cob=(7)
cfi=(294)
cfn=(1084)
calls=1 0x12f8f0 183 
* * 867 186 161 59 7 8 59 5 8 102 31 12 11
cob=(1)
cfi=(283)
cfn=(1030)
calls=1 0x14550 39 
* * 1144 304 128 1 8 0 0 0 0 154 7 3 3
* * 5 3 2 0 0 0 0 0 0 0 0 2 1
+5 750 1 1
+8 * 1
+8 * 1 1 0 0 1
+4 -5 1
+3 * 1 0 0 0 0 0 0 0 0 1
+6 +5 1
+2 * 1 0 1 1 0 0 1
cob=(7)
cfi=(250)
cfn=(1136)
calls=1 0x1388f0 46 
* * 9 3 1 2 0 0 2 0 0 1
cob=(1)
cfi=(283)
cfn=(1030)
calls=1 0x14550 39 
* * 1041 290 128 0 11 0 0 1 0 140 9 2 1
* * 5 3 2 1 0 0 1 0 0 0 0 2 1
fe=(291)
+5 26 1 1
+8 * 1 0 0 0 0 0 0 0 0 1 1
fi=(293)
0x38ba 643 1 0 0 1 0 0 1
+7 261 1
+8 643 1 0 1
+8 * 1
+4 * 1 0 1
+8 264 1
+7 * 1 0 1
+8 -3 1 0 1
cob=(7)
cfi=(294)
cfn=(1432)
calls=1 0x12f530 -8 
* * 583 172 114 51 18 1 47 0 0 84 28 12 10
cob=(1)
cfi=(283)
cfn=(1030)
calls=1 0x14550 39 
* * 1059 289 128 13 49 13 1 0 0 144 11 3 3
* * 5 3 2 0 1 0 0 0 0 0 0 2 1
+5 +3 1
+8 * 1 0 1
cob=(7)
cfi=(295)
cfn=(1466)
calls=1 0xfa500 -54 
* * 24 9 5 0 0 0 0 0 0 1 1 2 1
cob=(1)
cfi=(283)
cfn=(1030)
calls=1 0x14550 39 
* * 856 257 128 2 11 0 0 1 0 108 7 3 3
* * 5 3 2 0 0 0 0 0 0 0 0 2 1
fi=(346)
+5 -57 1 0 0 1 0 0 1
+7 * 1
+8 * 1 0 1
+8 * 1 0 1
cob=(7)
cfi=(215)
cfn=(872)
calls=1 0xcd980 91 
* * 6 3 0 0 0 0 0 0 0 1 1
* * 1 1 0 0 0 0 0 0 0 0 0 1
fi=(307)
+5 -95 1 1 0 0 1
+7 * 1 1
fi=(292)
+7 297 1
fi=(307)
+8 112 1 0 1
+8 * 1 1 0 0 1
+4 * 1 0 1 1 0 0 1
fi=(292)
+8 297 1
+7 * 1 0 1
fi=(307)
+8 112 1 0 1
fi=(292)
+12 297 1 0 1
cob=(7)
cfi=(248)
cfn=(1414)
calls=1 0xe6610 87 
* * 51 18 10 0 1 0 0 0 0 4 4 3
* * 1 1 0 0 0 0 0 0 0 0 0 1
fe=(291)
+5 50 1 1
+8 * 1 1
+9 * 1 0 0 0 0 0 0 0 0 1
+6 * 1 0 0 1
+7 * 1
+3 * 1 1 0 0 1
+1 * 1 1
+1 * 1 1
+2 * 1 1
+2 * 1 1
+2 * 1 1
+2 * 1 1
fi=(307)
+1 191 1 0 0 1 0 0 1
+5 * 1
+8 * 1 0 1
cob=(7)
cfi=(308)
cfn=(1144)
calls=1 0x13df30 -90 
* * 634 193 96 47 8 0 47 2 0 97 24 10 10
cob=(1)
cfi=(283)
cfn=(1030)
calls=1 0x14550 39 
* * 850 258 128 0 8 0 0 0 0 107 6 2 2
* * 5 3 2 0 0 0 0 0 0 0 0 2 1
fi=(289) /usr/include/c++/16.1.1/bits/basic_string.h
+5 +17 1
fi=(282) /usr/include/c++/16.1.1/bits/char_traits.h
+8 355 1 0 1
fi=(289)
+8 208 1 0 1
+8 4464 1 1 0 1 0 0 1
+8 233 1 0 1
+12 4462 1 1
+4 * 1 1
fi=(292)
+8 52 1
+3 * 1 0 0 0 0 0 0 0 0 1
fi=(317) /usr/include/c++/16.1.1/bits/locale_facets.h
+6 884 1 1
+4 * 1 0 0 0 0 0 0 0 0 1
+6 +1 1 1
fi=(289)
+4 4464 1
+3 * 1
+8 * 1 0 0 1 0 0 1
+8 * 1
+3 * 1 0 1
+5 * 1 0 1
cob=(7)
cfi=(318)
cfn=(1210)
calls=1 0xd3390 124 
* * 93 36 23 6 0 0 6 0 0 10 4 1 1
cob=(1)
cfi=(283)
cfn=(1030)
calls=1 0x14550 39 
* * 1391 347 128 4 11 0 0 0 0 196 8 2 2
* * 5 3 2 0 0 0 0 0 0 0 0 2 1
fi=(320)
+5 1201 1 1
+3 * 1 1
fe=(291)
+4 38 1 1
fi=(320)
+4 1201 1
+3 -1 1
+3 * 1
fi=(323)
+4 75 1
+3 * 1 0 0 0 0 0 0 0 0 1
fi=(321)
+6 +87 1
fi=(320)
+4 1109 1 1
fi=(321)
+4 162 1
+3 * 1 0 1
+4 * 1 0 1 1 0 0 1
cob=(7)
cfi=(288)
cfn=(1046)
calls=1 0xb6f20 43 
* * 152 24 14 0 1 1 0 0 1 23 7 1
cob=(1)
cfi=(283)
cfn=(1030)
calls=1 0x14550 39 
* * 669 230 128 0 6 0 0 0 0 81 6 2 2
* * 5 3 2 0 0 0 0 0 0 0 0 2 1
+5 * 1
fi=(322)
+3 +2 1
+3 * 1 0 0 0 0 0 0 0 0 1 1
fi=(320)
+98 1109 1 0 0 1 0 0 1
+3 397 1
+3 * 1 0 0 0 0 0 0 0 0 1 1
fi=(323)
+13 101 1 1 0 1 0 0 1
+4 -1 1
+3 -1 1 0 1
+3 +1 1 0 1
+4 +1 1
+3 * 1 0 1
fi=(289)
+4 4464 1 1
+8 * 1 1
+4 * 1 1
fi=(292)
+8 52 1
+3 * 1 0 0 0 0 0 0 0 0 1
+6 * 1 1 0 0 1
+8 * 1 1
+7 * 1 0 1 1 0 0 1
fi=(317)
+5 884 1 1
+4 * 1 0 0 0 0 0 0 0 0 1
+6 * 1
+2 +1 1 1
fi=(289)
+4 4464 1 1
+5 * 1
+8 * 1 0 1
cob=(7)
cfi=(318)
cfn=(1210)
calls=1 0xd3390 124 
* * 1673 495 257 25 101 97 25 97 97 211 39 7 4
* * 1 1 0 0 0 0 0 0 0 0 0 1 1
fi=(317)
-17 885 1024 1024
fi=(289)
+4 4464 1024 1024
+5 * 1024
+8 * 1024 0 1024
cob=(7)
cfi=(318)
cfn=(1210)
calls=1024 0xd3390 124 
* * 1701815 520485 264455 3595 41511 5457 9 30 0 214767 6231 9221 1027
* * 1024 1024 0 0 40 0 0 0 0 0 0 1024
fe=(291)
+5 40 1025 1025
fi=(292)
+3 148 1025 1025
fe=(291)
+4 40 1025 1025
+5 * 1025 0 0 0 0 0 0 0 0 1025 1
fi=(292)
+6 478 1024
+8 * 1024 0 0 1 0 0 1
+8 * 1024 0 1024
cob=(7)
cfi=(248)
cfn=(862)
calls=1024 0xe6240 76 
* * 87040 11264 29696 0 1 533 0 0 0 11264 9 1024
* * 1024 1024 0 0 0 0 0 0 0 0 0 1024 1
fi=(307)
+5 713 1024 1024 0 0 1
fi=(292)
+7 477 1024
fi=(307)
+2 714 1024
fi=(292)
+2 478 1024
+7 * 1024
+4 -1 1024 0 1024
fi=(307)
+8 713 1024 1024
fi=(292)
+7 478 1024 0 1024
+8 * 1024 0 1024 1 0 0 1
+8 * 1024 0 1024
fi=(307)
+8 713 1024 1024 0 0 1
fi=(292)
+4 477 1024 0 1024
fi=(307)
+12 713 1024 0 1024
+8 * 1024 0 1024
+8 * 1024 0 1024
+12 +1 1024 1024
+4 * 1024
+3 * 1024 0 1024 1 0 0 1
cob=(7)
cfi=(250)
cfn=(866)
calls=1024 0x138d90 131 
* * 156672 62464 34816 1805 848 0 0 0 0 12288 0 8192 2046
* * 1024 1024 0 0 0 0 0 0 0 0 0 1024
fi=(325)
+5 441 1024 1024 0 0 1
+7 * 1024
+2 * 1024 1024 0 0 1
+5 * 1024 0 1024
+8 * 1024
+8 * 1024 1024
+7 * 1024 0 1024
+3 * 1024 0 1024
cob=(7)
cfi=(250)
cfn=(866)
calls=1024 0x138d90 131 
* * 156672 62464 34816 0 0 0 0 0 0 12288 6 8192
* * 1024 1024 0 0 0 0 0 0 0 0 0 1024
fi=(307)
+5 1032 1024 1024
+7 * 1024 1024
fi=(326) /usr/include/c++/16.1.1/sstream
+7 1206 1024 0 0 1 0 0 1
fi=(346)
+4 475 1024
fi=(326)
+8 1206 1024 1024
fi=(307)
+6 1032 1024 1024 0 0 1
+4 * 1024 0 1024
fi=(326)
+8 1206 1024
+7 * 1024 0 1024
+8 * 1024
+4 * 1024 0 1024
+8 * 1024 0 1024
+8 * 1024 0 1024 1 0 0 1
+8 * 1024 0 1024
+8 * 1024 0 1024
fi=(346)
+8 475 1024 0 1024
cob=(7)
cfi=(213)
cfn=(732)
calls=1024 0xe7cd0 269 
* * 25600 9216 5120 0 0 0 0 0 0 3072
cob=(1)
cfi=(283)
cfn=(1030)
calls=1 0x14550 39 
* * 781 245 128 1 6 0 0 0 0 98 6 3 3
* * 1028 1026 2 0 530 0 0 0 0 0 0 1025 2
fi=(326)
+5 157 1024
fi=(289)
+7 +81 1024 1024
fi=(326)
+8 -82 1024 0 1024
+11 +1 1024 0 1024
fi=(289)
+8 +47 1024 0 0 1 0 0 1
+8 1189 1024 1024
+8 204 1024 0 1024
+8 713 1024
+3 * 1024 0 0 0 0 0 0 0 0 1024 3
fi=(285) /usr/include/c++/16.1.1/bits/basic_string.tcc
+11 231 1024 0 1024
+5 +2 1024
+4 * 1024 0 0 0 0 0 0 0 0 1024 3
fi=(282)
+33 355 1024 0 1024 1 0 0 1
fi=(326)
+5 +46 1024
+2 * 1024 1024
+8 * 1024
+2 * 1024
fi=(289)
+8 233 1024 0 1024
fi=(326)
+8 397 1024 0 1024
+11 +4 1024 0 1024
cob=(7)
cfi=(327)
cfn=(1258)
calls=1024 0x163320 249 
* * 35840 6144 6144 5 54 0 5 0 0 5120 7 1024 1
cob=(1)
cfi=(283)
cfn=(1030)
calls=1 0x14550 39 
* * 1121 305 128 1 11 0 1 1 0 153 8 2 1
* * 1028 1026 2 0 0 0 0 0 0 0 0 1025 2
+5 1207 1024 0 0 1 0 0 1
+8 * 1024
+8 * 1024 0 1024
cob=(7)
cfi=(250)
cfn=(866)
calls=1024 0x138d90 131 
* * 156672 62464 34816 0 0 0 0 0 0 12288 6 8192
* * 1024 1024 0 0 0 0 0 0 0 0 0 1024
fe=(291)
+5 43 1024 1024
+4 * 1024
+5 * 1024 0 1024
cfi=(328)
cfn=(1264)
calls=1024 0x2db0 -21 
* * 162521 35045 22654 4 12 1 4 1 1 29776 1044 3076 1025
+5 +1 1024
+5 * 1024 0 1024
cfi=(328)
cfn=(1270)
calls=1024 0x2ed0 +2 
* * 2048 2048 0 1024 0 0 1
+5 * 1024 1024
fi=(307)
+4 230 1024
+5 * 1024
fe=(291)
+3 44 1024
fi=(340) /usr/include/c++/16.1.1/bits/stream_iterator.h
+3 +38 1024 0 1024
fe=(291)
+5 -38 1024 0 1024 1 0 0 1
fi=(340)
+3 +38 1024 0 1024
fi=(307)
+5 230 1024 0 1024
cob=(7)
cfi=(308)
cfn=(1276)
calls=1024 0x13ea90 101 
* * 1715653 448974 239270 20837 6115 2435 129 11 13 254092 4442 21402 3088
cob=(1)
cfi=(283)
cfn=(1030)
calls=1 0x14550 39 
* * 836 255 128 4 9 0 0 2 0 105 9 2 2
* * 1028 1026 2 1 0 0 1 0 0 0 0 1025 1
fi=(340)
+5 -78 1024 1024
+3 * 1024 1024
fi=(292)
+3 -4 1024 1024
fi=(340)
+4 +4 1024 1024
+5 * 1024 0 0 0 0 0 0 0 0 1024 2
fi=(341) /usr/include/c++/16.1.1/bits/stl_algo.h
+16 690 1024
+2 * 1024 0 0 0 0 0 0 0 0 1024
fi=(340)
+2 86 1024 1024
+5 * 1024 1024
+6 +3 1024 1024
+5 -1 1024 0 1024 1 0 0 1
+5 +1 1024 0 1024
+4 -1 1024 0 1024
fi=(342)
+6 583 1024 0 1024
+5 +2 1024
+3 * 1024 0 0 0 0 0 0 0 0 1024
+2 * 1024
+3 -1 1024
+4 * 1024
+4 * 1024
fi=(340)
+5 152 1046528 1046528
fi=(342)
+5 584 1046528
fi=(340)
+4 152 1046528
+3 * 1046528 0 0 0 0 0 0 0 0 1046528
-3 * 1024
+3 * 1024 0 0 0 0 0 0 0 0 1024
fi=(307)
+2 +78 1047552
+5 * 1047552 0 1047552
cob=(7)
cfi=(308)
cfn=(1276)
calls=1047552 0x13ea90 101 
* * 1767922579 464402214 245719089 260 299 0 17 1 0 262941442 3343320 21894083 2
* * 1047552 1047552 0 0 0 0 0 0 0 0 0 1047552 1
fi=(340)
+5 -78 1047552 1047552 0 783 0 0 1
fi=(292)
+3 -4 1047552 1047552
fi=(340)
+4 +4 1047552 1047552
+5 * 1047552 0 0 0 0 0 0 0 0 1047552
fi=(342)
+16 583 1047552 1047552
+6 * 1047552 0 1047552 0 0 3785 0 0 127
+5 +2 1047552
+3 * 1047552 0 0 0 0 0 0 0 0 1047552 2
fi=(320)
+2 1408 1024 1024
fi=(321)
+4 203 1024
fi=(320)
+5 1408 1024 1024
+4 * 1024 0 0 0 0 0 0 0 0 1024
fi=(321)
+6 203 1024 0 1024 1024 0 0 1
cfi=(328)
cfn=(1376)
calls=1024 0x2de0 26 
* * 2334330 560264 547138 3216 912 131775 15 0 131585 301526 4212 3073 2
fi=(320)
+5 1413 1024 0 1024
fe=(291)
+5 47 1024
+5 * 1024 0 1024
cfi=(328)
cfn=(1378)
calls=1024 0x2d90 -33 
* * 135713 37065 20610 3083 20 0 14 1 0 22581 1041 3076 6
fi=(326)
+5 1216 1024
fi=(289)
+7 238 1024 1024
fi=(326)
+8 1216 1024 0 1024
+8 * 1024
+4 * 1024 0 1024
+8 * 1024
+4 * 1024 0 1024 1024 0 0 1
fi=(289)
+8 279 1024
+8 * 1024
+3 * 1024 0 0 0 0 0 0 0 0 1024
+2 +25 1024 1024
+8 * 1024
fi=(321)
+4 183 1024 0 1024
cob=(7)
cfi=(345)
cfn=(1400)
calls=1024 0xb4df0 32 
* * 161637 48097 27648 2 0 0 2 0 0 26593 1040 2048 1
cob=(1)
cfi=(283)
cfn=(1030)
calls=1 0x14550 39 
* * 692 233 128 0 12 0 0 0 0 84 11 2 1
* * 1028 1026 2 2 523 0 0 0 0 0 0 1025 2
fi=(346)
+5 +24 1024
+7 * 1024
+8 * 1024 0 1024
+8 * 1024 0 1024
cob=(7)
cfi=(215)
cfn=(872)
calls=1024 0xcd980 91 
* * 6144 3072 0 0 0 0 0 0 0 1024 2
cob=(1)
cfi=(283)
cfn=(1030)
calls=1 0x14550 39 
* * 808 249 128 1 8 0 0 0 0 106 10 3 3
* * 1028 1026 2 1 0 0 1 0 0 0 0 1025 2
fi=(307)
+5 1028 1024 1024 0 1024 0 0 1
+7 * 1024 1024
fi=(292)
+7 297 1024
fi=(307)
+8 1028 1024 1024 0 0 40
+4 * 1024 0 1024
fi=(325)
+8 101 1024 1024
+5 * 1024 1024
+7 * 1024 0 1024
+8 * 1024 0 1024
fi=(307)
+8 +11 1024 1024 0 0 2
+4 * 1024 1024 0 1024 0 0 1
+7 * 1024 0 1024
+8 * 1024 0 1024
fi=(292)
+8 297 1024
+7 * 1024 0 1024
fi=(307)
+8 112 1024 0 1024
fi=(292)
+12 297 1024 0 1024
cob=(7)
cfi=(248)
cfn=(1414)
calls=1024 0xe6610 87 
* * 52224 18432 10240 6 2 0 6 0 0 4096 11 3072 1026
cob=(1)
cfi=(283)
cfn=(1030)
calls=1 0x14550 39 
* * 788 247 128 0 9 0 0 0 0 100 6 3 3
* * 1028 1026 2 1 0 0 0 0 0 0 0 1025 1024
fi=(289)
+5 4464 1024 1024
+8 * 1024 1024 0 1 0 0 1
+4 * 1024 1024 0 0 3
fi=(292)
+8 52 1024
+3 * 1024 0 0 0 0 0 0 0 0 1024
fi=(317)
+6 884 1024 1024
+4 * 1024 0 0 0 0 0 0 0 0 1024 3
fi=(285)
+90 235 1024 0 0 1 0 0 1
+5 * 1024
+8 * 1024
+2 * 1024 0 1024 1 0 0 1
cob=(7)
cfi=(286)
cfn=(1042)
calls=1024 0x16ed80 -92 
* * 355208 60393 44012 2057 1027 1 12 0 1 75743 3105 2048
* * 1024 1024 0 0 0 0 0 0 0 0 0 1024 1024
fi=(289)
+5 -7 1024 0 1024
fi=(285)
+8 +7 1024
fi=(289)
+3 +30 1024 1024
+5 * 1024 0 1024
fi=(282)
+8 432 1024
+3 * 1024
+3 * 1024 0 1024
cob=(2)
cfi=(290)
cfn=(1054)
calls=1024 0x171fc0 255 
* * 619520 200704 197632 1 0 10656 1 0 95 55296 1044
* * 1024 1024 0 0 0 0 0 0 0 0 0 1024 1
fi=(285)
+5 257 1024 1024
fi=(289)
+5 -19 1024 1024
fi=(282)
+8 432 1024
fi=(289)
+28 238 1 1 0 1 0 0 1
+8 +41 1
+8 * 1
+3 * 1 0 0 0 0 0 0 0 0 1
+6 +25 1 1
+8 * 1
fi=(321)
+4 183 1 0 1
cob=(7)
cfi=(345)
cfn=(1400)
calls=1 0xb4df0 32 
* * 153 46 27 0 0 0 0 0 0 25 3 2
* * 1 1 0 0 0 0 0 0 0 0 0 1
+5 -79 1
fi=(322)
0x40a4 +60 1 0 0 1 0 0 1
+3 * 1
fe=(291)

fl=(281)
fn=(1020)
0x27e0 11 1 0 1 1 0 0 1
+2 * 1 0 1
+2 * 1 0 1
+2 * 1 0 1
+2 * 1 0 1
+1 * 1 0 1
+1 * 1
+7 * 1 1
+9 * 1 0 1 1 0 0 1
+8 * 1
+3 +1 1
+3 * 1 0 0 0 0 0 0 0 0 1
+6 +5 1 1
fi=(289)
+4 204 1
+5 * 1 0 1
+5 734 1
+3 * 1 0 0 0 0 0 0 0 0 1
fi=(282)
+6 396 1
+3 * 1 0 1
cob=(2)
cfi=(240)
cfn=(814)
calls=1 0x174d40 52 
* * 14 2 0 0 0 0 0 0 0 2 1
cob=(1)
cfi=(283)
cfn=(1030)
calls=1 0x14550 39 
* * 840 280 140 37 26 7 13 2 2 115 16 3 3
* * 5 3 2 1 1 0 1 0 0 0 0 2 2
fi=(285)
+5 231 1 0 1
fi=(282)
+5 396 1
fi=(285)
+3 233 1
+4 * 1 0 0 0 0 0 0 0 0 1 1
+24 +24 1 1 0 1 0 0 1
fi=(282)
+5 +98 1 1
fe=(281)
+5 17 1
+5 * 1
fi=(282)
+3 355 1 0 1
fi=(289)
+4 233 1 0 1
fe=(281)
+5 17 1 0 1
cfi=(291)
cfn=(1056)
calls=1 0x3700 +2 
* * 1791708513 472901292 249399719 41049 52277 154780 452 158 131928 267138731 3365829 23028728 10372
fi=(289)
+5 238 1 1 0 0 1
+5 +41 1
+3 * 1 0 0 0 0 0 0 0 0 1
+2 +25 1 1
+5 * 1 0 0 1 0 0 1
fi=(321)
+4 183 1 0 1
cob=(7)
cfi=(345)
cfn=(1400)
calls=1 0xb4df0 32 
* * 37 11 4 0 0 0 0 0 0 6 0 2
* * 1 1 0 0 0 0 0 0 0 0 0 1
fi=(320)
+5 1109 1 1
+5 * 1 1
+4 389 1
+3 * 1
+3 * 1 0 0 0 0 0 0 0 0 1 1
fi=(321)
+6 162 1
+3 * 1 0 1
cob=(7)
cfi=(288)
cfn=(1046)
calls=1 0xb6f20 43 
* * 366 67 52 9 0 3 1 0 0 71 15 1
* * 1 1 0 0 0 0 0 0 0 0 0 1 1
+5 * 1
fi=(320)
+3 409 1
+3 -2 1 0 1
+5 +2 1 0 1
fi=(322)
+5 164 1
fi=(320)
+3 408 1 0 1
fi=(322)
+5 164 1 0 0 1 0 0 1
+3 * 1 0 0 0 0 0 0 0 0 1
+2 * 1
+2 * 1
fi=(352) /usr/include/c++/16.1.1/bits/stl_construct.h
+11 -31 1
+3 * 1
+3 * 1 0 1
cfi=(328)
cfn=(1376)
calls=1 0x2de0 26 
* * 2334 575 554 2 129 107 2 0 0 307 12 3 1
-6 * 1023
+3 * 1023
+3 * 1023 0 1023
cfi=(328)
cfn=(1376)
calls=1023 0x2de0 26 
* * 2285079 557395 544871 10 131562 131513 3 0 131218 287059 1090 3069
fi=(322)
+5 +31 1024
+4 * 1024
+4 * 1024
+3 * 1024 0 0 0 0 0 0 0 0 1024 3
fe=(281)
+2 18 1
+5 * 1
fi=(320)
+5 625 1 0 1 0 0 1
fe=(281)
+5 18 1 0 1
cfi=(353)
cfn=(1476)
calls=1 0x4280 -4 
* * 1644057379 544827942 3758040 58 67634257 132152 53 3 130982 138282623 529706 116
fi=(320)
+5 792 1 1 0 1 0 0 1
+5 * 1 1
fi=(352)
+5 225 1
+3 * 1 0 0 0 0 0 0 0 0 1
+2 * 1
+5 -59 1
+3 +59 1
+4 -59 1 0 1
cfi=(328)
cfn=(1378)
calls=1 0x2d90 14 
* * 127 35 20 0 14 0 0 1 0 21 4 3
-7 * 1023
+3 +59 1023
+4 -59 1023 0 1023
cfi=(328)
cfn=(1378)
calls=1023 0x2d90 14 
* * 176232 52939 27557 1 1304 1 1 0 0 29535 90 3069
+5 +59 1024
+3 * 1024 0 0 0 0 0 0 0 0 1024 7
fi=(320)
+2 375 1 1
+5 +22 1
+3 * 1 0 0 0 0 0 0 0 0 1
+2 -22 1 1
+5 * 1
fi=(321)
+3 183 1 0 1
cob=(7)
cfi=(345)
cfn=(1400)
calls=1 0xb4df0 32 
* * 162 50 29 0 4 1 0 0 0 28 5 2
* * 1 1 0 0 1 0 0 0 0 0 0 1
fe=(281)
+5 19 1 1 0 0 1 0 0 1
fi=(289)
+4 204 1 0 1 1 0 0 1
+5 734 1
+3 * 1 0 0 0 0 0 0 0 0 1 1
fi=(282)
+6 396 1
+3 * 1 0 1
cob=(2)
cfi=(240)
cfn=(814)
calls=1 0x174d40 52 
* * 14 2 0 0 1 0 0 1 0 2
* * 1 1 0 0 1 0 0 1 0 0 0 1 1
fi=(285)
+5 231 1 0 1
fi=(282)
+5 396 1
fi=(285)
+3 233 1
+4 * 1 0 0 0 0 0 0 0 0 1 1
+24 +24 1 1
fi=(282)
+5 +98 1 1
+5 * 1 0 1 1 0 0 1
fi=(320)
+4 1109 1 1
+5 389 1 1
fi=(289)
+5 233 1 0 1
fi=(320)
+5 389 1
+3 * 1 0 0 0 0 0 0 0 0 1
fi=(321)
+6 162 1
+3 * 1 0 1
cob=(7)
cfi=(288)
cfn=(1046)
calls=1 0xb6f20 43 
* * 1248 209 123 0 16 6 0 0 1 275 25 1
* * 1 1 0 0 0 0 0 0 0 0 0 1
fi=(320)
+5 409 1
fi=(322)
+4 294 1
+3 * 1
+3 * 1
fi=(320)
+3 407 1 0 1
+5 +1 1 0 1
+5 +1 1 0 1
fi=(322)
+5 294 1 0 1 1 0 0 1
cob=(2)
cfi=(290)
cfn=(1054)
calls=1 0x171fc0 -39 
* * 460992 130950 130946 0 65476 65472 0 0 65472 16904 516
* * 1 1 0 0 0 0 0 0 0 0 0 1
fe=(281)
+5 19 1
+5 * 1
fi=(320)
+5 625 1 0 1 0 0 1
fe=(281)
+5 19 1 0 1
cfi=(291)
cfn=(1504)
calls=1 0x33a0 +35 
* * 1599046788 386508767 246896949 339 65680 190 339 161 51 228846571 4628794 15715994 51
fi=(320)
+5 375 1 1
+5 +22 1
+3 * 1 0 0 0 0 0 0 0 0 1
+2 -22 1 1
+5 * 1
fi=(321)
+3 183 1 0 1
cob=(7)
cfi=(345)
cfn=(1400)
calls=1 0xb4df0 32 
* * 90 21 9 3 4 0 0 0 0 14 3 2
* * 1 1 0 1 0 0 1 0 0 0 0 1
fi=(289)
+5 +55 1 1
+5 +41 1
+3 * 1 0 0 0 0 0 0 0 0 1
+2 +25 1 1
+5 * 1 0 0 1 0 0 1
fi=(321)
+4 183 1 0 1
cob=(7)
cfi=(345)
cfn=(1400)
calls=1 0xb4df0 32 
* * 37 11 4 0 2 0 0 0 0 6 1 2
* * 1 1 0 0 0 0 0 0 0 0 0 1
fi=(320)
+5 375 1 1 0 0 1
+5 +22 1
+3 * 1 0 0 0 0 0 0 0 0 1
+2 -22 1 1
+5 * 1
fi=(321)
+3 183 1 0 1
cob=(7)
cfi=(345)
cfn=(1400)
calls=1 0xb4df0 32 
* * 90 21 9 0 1 0 0 0 0 14 5 2
* * 1 1 0 0 0 0 0 0 0 0 0 1
fi=(320)
+5 792 1 1
+5 * 1 1
fi=(352)
+4 225 1
+3 * 1 0 0 0 0 0 0 0 0 1
+2 * 1
+3 -59 1
+3 +59 1
+4 -59 1 0 1
cfi=(328)
cfn=(1378)
calls=1 0x2d90 14 
* * 127 35 20 0 3 2 0 3 1 21 5 3
-7 * 1023
+3 +59 1023
+4 -59 1023 0 1023
cfi=(328)
cfn=(1378)
calls=1023 0x2d90 14 
* * 176841 53148 27611 0 1285 0 0 805 0 29643 10 3069
+5 +59 1024
+3 * 1024 0 0 1 0 0 1 0 0 1024 2
fi=(320)
+2 375 1 1 0 0 1
+4 +22 1
+3 * 1 0 0 0 0 0 0 0 0 1
+2 -22 1 1
+5 * 1
fi=(321)
+3 183 1 0 1
cob=(7)
cfi=(345)
cfn=(1400)
calls=1 0xb4df0 32 
* * 197 63 35 0 5 0 0 0 0 34 2 2
* * 1 1 0 0 1 0 0 0 0 0 0 1
fe=(281)
+5 22 1 1 0 0 1 0 0 1
+8 * 1 1
+9 * 1 0 0 0 0 0 0 0 0 1
+6 * 1
+7 * 1
+2 * 1 1
+1 * 1 1
+1 * 1 1
+2 * 1 1
+2 * 1 1
+2 * 1 1 0 1 1 0 0 1
+2 * 1 1
fi=(285)
+60 235 1 0 0 1 0 0 1
+2 * 1 0 0 1 0 0 1
+5 * 1
+5 * 1 0 1
cob=(7)
cfi=(286)
cfn=(1042)
calls=1 0x16ed80 -92 
* * 58 12 6 0 6 1 0 1 0 10 2 2
* * 1 1 0 0 1 0 0 1 0 0 0 1 1
fi=(289)
+5 -7 1 0 1
fi=(285)
+5 +7 1
fi=(289)
+3 +30 1 1
+5 * 1 0 1
fi=(282)
+5 432 1
+3 * 1
+3 * 1 0 1
cob=(2)
cfi=(290)
cfn=(1054)
calls=1 0x171fc0 255 
* * 11 3 2 0 0 0 0 0 0 2 2
* * 1 1 0 0 1 0 0 0 0 0 0 1
+5 * 1
fi=(285)
+5 235 1 0 0 1 0 0 1
+5 * 1
+5 * 1
+2 * 1 0 1 1 0 0 1
cob=(7)
cfi=(286)
cfn=(1042)
calls=1 0x16ed80 -92 
* * 191 32 14 5 2 0 5 1 0 31 12 2 2
cob=(1)
cfi=(283)
cfn=(1030)
calls=1 0x14550 39 
* * 1150 314 136 7 16 0 0 3 0 157 18 2 2
* * 5 3 2 1 1 0 1 0 0 0 0 2 1
fi=(289)
+5 -7 1 0 1
fi=(285)
+5 +7 1
fi=(289)
+3 +30 1 1
+5 * 1 0 1
fi=(282)
+5 432 1
+3 * 1
+3 * 1 0 1
cob=(2)
cfi=(290)
cfn=(1054)
calls=1 0x171fc0 255 
* * 11 3 2 2 0 0 2 0 0 2 2
cob=(1)
cfi=(283)
cfn=(1030)
calls=1 0x14550 39 
* * 958 315 151 8 15 0 0 1 0 131 19 3 3
* * 5 3 2 1 1 0 1 0 0 0 0 2 1
+5 * 1
fe=(281)

ob=(3)
fl=(152)
fn=(496)
0x63af0 28 1 0 0 1 0 0 1
fi=(151) /usr/src/debug/glibc/glibc/math/../sysdeps/x86_64/fpu/multiarch/ifunc-fma.h
+4 +1 1 1
+7 * 1 0 0 1 0 0 1
+7 * 1 1
+7 * 1 0 0 0 0 0 0 0 0 1
+2 +1 1 1
+7 * 1
+7 * 1
+7 * 1
fe=(152)
+4 -2 1 1

fl=(150)
fn=(492)
0x563c0 28 1 0 0 1 0 0 1
fi=(151)
+4 +1 1 1
+7 * 1
+7 * 1 1
+7 * 1 0 0 0 0 0 0 0 0 1
+2 +1 1 1
+7 * 1
+7 * 1
+7 * 1
fe=(150)
+4 -2 1 1

fl=(163)
fn=(534)
0x62f80 29 1 0 0 1 0 0 1
fi=(147) /usr/src/debug/glibc/glibc/math/../sysdeps/x86_64/fpu/multiarch/ifunc-avx-fma4.h
+4 +3 1 1
+7 * 1 1
+6 * 1
+3 * 1 0 0 0 0 0 0 0 0 1
+2 +1 1
+7 * 1 1
+7 * 1 0 0 0 0 0 0 0 0 1
fe=(163)
+42 -4 1 1 0 1 0 0 1

fl=(155)
fn=(506)
0x67f00 28 1 0 0 1 0 0 1
fi=(151)
+4 +1 1 1
+7 * 1
+7 * 1 1
+7 * 1 0 0 0 0 0 0 0 0 1
+2 +1 1 1
+7 * 1
+7 * 1
+7 * 1
fe=(155)
+4 -2 1 1

fl=(153)
fn=(500)
0x7f0b0 33 1 0 0 1 0 0 1
fi=(417) /usr/src/debug/glibc/glibc/math/../sysdeps/x86_64/fpu/multiarch/ifunc-sse4_1.h
+4 -4 1 1
+7 * 1 0 0 1 0 0 1
+7 * 1 1
+7 * 1
+7 * 1
fe=(153)
+4 +4 1 1

fl=(162)
fn=(530)
0x64f80 28 1 0 0 1 0 0 1
fi=(147)
+4 +4 1 1
+7 * 1 1
+6 * 1
+3 * 1 0 0 0 0 0 0 0 0 1
+2 +1 1
+7 * 1 1
+7 * 1 0 0 0 0 0 0 0 0 1 1
fe=(162)
+42 -5 1 1 0 1 0 0 1

fl=(143)
fn=(476)
0x6b3d0 29 1 0 0 1 0 0 1
fi=(144) /usr/src/debug/glibc/glibc/math/../sysdeps/x86_64/fpu/multiarch/ifunc-fma4.h
+4 +2 1 1
+7 * 1 1
+7 * 1 0 0 0 0 0 0 0 0 1
+2 +1 1
+7 * 1 1
+7 * 1 0 0 0 0 0 0 0 0 1 1
fe=(143)
+27 -3 1 1 0 1 0 0 1

fl=(164)
fn=(538)
0x68cc0 28 1 0 0 1 0 0 1
fi=(151)
+4 +1 1 1
+7 * 1
+7 * 1 1
+7 * 1 0 0 0 0 0 0 0 0 1
+2 +1 1 1
+7 * 1
+7 * 1
+7 * 1
fe=(164)
+4 -2 1 1

fl=(154)
fn=(502)
0x6cad0 29 1 0 0 1 0 0 1
+4 * 1 1
+7 * 1
+7 * 1 1
+7 * 1 0 0 0 0 0 0 0 0 1
fi=(151)
+2 +1 1 1
+7 * 1
+7 * 1
+7 * 1 0 0 1 0 0 1
fe=(154)
+4 -1 1 1

fl=(170)
fn=(558)
0x7ea20 28 1
fi=(151)
+4 +1 1 1
+7 * 1
+7 * 1 1
+7 * 1 0 0 0 0 0 0 0 0 1 1
+2 +1 1 1 0 1 0 0 1
+7 * 1
+7 * 1
+7 * 1
fe=(170)
+4 -2 1 1

fl=(168)
fn=(552)
0x7c150 33 1 0 0 1 0 0 1
fi=(417)
+4 -4 1 1
+7 * 1
+7 * 1 1
+7 * 1
+7 * 1
fe=(168)
+4 +4 1 1

fl=(146)
fn=(482)
0x6a900 29 1 0 0 1 0 0 1
fi=(147)
+4 +3 1 1
+7 * 1 1
+6 * 1
+3 * 1 0 0 0 0 0 0 0 0 1
+2 +1 1
+7 * 1 1
+7 * 1 0 0 0 0 0 0 0 0 1 1
fe=(146)
+42 -4 1 1 0 1 0 0 1

fn=(574)
0x6a950 36 1
fi=(147)
+4 -4 1 1
+7 * 1 1
+6 * 1
+3 * 1 0 0 0 0 0 0 0 0 1
+2 +1 1
+7 * 1 1
+7 * 1 0 0 0 0 0 0 0 0 1
fe=(146)
+42 +3 1 1 0 1 0 0 1

fl=(158)
fn=(516)
0x67f50 33 1 0 0 1 0 0 1
fi=(417)
+4 -4 1 1
+7 * 1
+7 * 1 1
+7 * 1
+7 * 1
fe=(158)
+4 +4 1 1

fl=(169)
fn=(554)
0x7b690 32 1 0 0 1 0 0 1
fi=(151)
+4 -3 1 1
+7 * 1
+7 * 1 1
+7 * 1 0 0 0 0 0 0 0 0 1
+2 +1 1 1
+7 * 1
+7 * 1
+7 * 1 0 0 1 0 0 1
fe=(169)
+4 +2 1 1

fl=(161)
fn=(522)
0x7e9e0 28 1 0 0 1 0 0 1
fi=(151)
+4 +1 1 1
+7 * 1
+7 * 1 1
+7 * 1 0 0 0 0 0 0 0 0 1
+2 +1 1 1 0 1 0 0 1
+7 * 1
+7 * 1
+7 * 1
fe=(161)
+4 -2 1 1

fl=(166)
fn=(546)
0x63780 29 1 0 0 1 0 0 1
fi=(144)
+4 +2 1 1
+7 * 1 1
+7 * 1 0 0 0 0 0 0 0 0 1
+2 +1 1
+7 * 1 1
+7 * 1 0 0 0 0 0 0 0 0 1 1
fe=(166)
+27 -3 1 1

fl=(142)
fn=(474)
0x6c1a0 33 1 0 0 1 0 0 1
fi=(417)
+4 -4 1 1
+7 * 1
+7 * 1 1
+7 * 1
+7 * 1 0 0 1 0 0 1
fe=(142)
+4 +4 1 1

fl=(148)
fn=(486)
0x553d0 28 1 0 0 1 0 0 1
fi=(147)
+4 +4 1 1
+7 * 1 1
+6 * 1
+3 * 1 0 0 0 0 0 0 0 0 1
+2 +1 1
+7 * 1 1
+7 * 1 0 0 0 0 0 0 0 0 1
fe=(148)
+42 -5 1 1 0 1 0 0 1

fl=(156)
fn=(526)
0x54690 37 1
fi=(144)
+4 -6 1 1
+7 * 1 1
+7 * 1 0 0 0 0 0 0 0 0 1
+2 +1 1
+7 * 1 1
+7 * 1 0 0 0 0 0 0 0 0 1 1
fe=(156)
+27 +5 1 1 0 1 0 0 1

fn=(510)
0x54650 29 1 0 0 1 0 0 1
fi=(144)
+4 +2 1 1
+7 * 1 1
+7 * 1 0 0 0 0 0 0 0 0 1
+2 +1 1
+7 * 1 1
+7 * 1 0 0 0 0 0 0 0 0 1 1
fe=(156)
+27 -3 1 1 0 1 0 0 1

fl=(173)
fn=(570)
0x7b250 29 1 0 0 1 0 0 1
+4 * 1 1
+7 * 1
+7 * 1 1
+7 * 1 0 0 0 0 0 0 0 0 1
fi=(151)
+2 +1 1 1
+7 * 1
+7 * 1
+7 * 1 0 0 1 0 0 1
fe=(173)
+4 -1 1 1

fl=(175)
fn=(582)
0x569b0 29 1 0 0 1 0 0 1
fi=(147)
+4 +3 1 1
+7 * 1 1 0 1 0 0 1
+6 * 1
+3 * 1 0 0 0 0 0 0 0 0 1
+2 +1 1
+7 * 1 1
+7 * 1 0 0 0 0 0 0 0 0 1 1
fe=(175)
+42 -4 1 1

fl=(159)
fn=(518)
0x7d8a0 33 1 0 0 1 0 0 1
fi=(417)
+4 -4 1 1
+7 * 1
+7 * 1 1
+7 * 1
+7 * 1 0 0 1 0 0 1
fe=(159)
+4 +4 1 1

fl=(209)
fn=(716)
0x109f0 0 1 0 0 1 0 0 1
+7 0 1
+7 0 1 0 0 1 0 0 1
+3 0 1
+3 0 1
+4 0 1
+4 0 1
+3 0 1
+3 0 1 0 0 0 0 0 0 0 0 1 1
+22 0 1 1
+88 0 1 0 0 1 0 0 1
+4 0 1

fn=(1746) btree_destroy
0x10940 0 2 0 2 1 0 0 1
+1 0 2
+2 0 2
+3 0 2 0 2
+2 0 2
+3 0 2 0 2
+1 0 2 2 2 0 1 0 0 1 0 2 1
+3 0 2
+3 0 2 0 0 0 0 0 0 0 0 2 1
+2 0 2 2
+5 0 2
+3 0 2 0 0 0 0 0 0 0 0 2 2
+27 0 2 2
+1 0 2 2
+2 0 2 2
+1 0 2 2

fn=(1748)
0x10a30 0 1 0 0 1 0 0 1
+4 0 1 1 0 0 1 0 0 1
+7 0 1 0 0 0 0 0 0 0 0 1
+2 0 1 0 1
+1 0 1 1 0 1 1 0 1 1
+8 0 1
+3 0 1 0 0 0 0 0 0 0 0 1
+2 0 1 1
+7 0 1 1 1 0 0 0 0 0 0 0 0 1 1
cob=(2)
cfi=(382)
cfn=(1652)
calls=1 0x40960 45 
* 0 99 22 12 0 0 0 0 0 0 23 2
+6 0 1 0 1
cfn=(1756) 0x00000000000109c0
calls=1 0x109c0 0 
* 0 5 1 0 1 0 0 1 0 0 1
+5 0 1 0 1
+7 0 1 1
+1 0 1 1

fn=(1756)
0x109c0 0 1 0 0 1 0 0 1
+7 0 1
+7 0 1
+3 0 1 0 0 0 0 0 0 0 0 1
+23 0 1 1

fn=(1744)
0x10990 0 1 0 0 1 0 0 1
+4 0 1 0 1
+1 0 1
+7 0 1
+3 0 1 0 1
cfn=(1746)
calls=1 -95 0 
* 0 16 6 4 1 1 0 1 1 0 3 2
+5 0 1
+7 0 1 0 1
cfn=(1746)
calls=1 0x10940 0 
* 0 16 6 4 0 0 0 0 0 0 3 2
+5 0 1 0 1
+7 0 1 1
+1 0 1 1

fl=(174)
fn=(578)
0x76dc0 29 2 0 0 1 0 0 1
+4 * 2 2
+7 * 2
+7 * 2 2
+7 * 2 0 0 0 0 0 0 0 0 2
fi=(151)
+2 +1 2 2
+7 * 2
+7 * 2
+7 * 2
fe=(174)
+4 -1 2 2

fl=(160)
fn=(520)
0x68510 49 1 0 0 1 0 0 1
+4 * 1 1
+7 * 1
+7 * 1 1
+7 * 1 0 0 0 0 0 0 0 0 1 1
+27 * 1 1 0 1 0 0 1

fl=(145)
fn=(480)
0x7d9c0 44 1 0 0 1 0 0 1
+4 * 1 1
+7 * 1
+7 * 1 1
+7 * 1 0 0 0 0 0 0 0 0 1 1
+27 * 1 1

fl=(172)
fn=(566)
0x6bf10 28 1 0 0 1 0 0 1
fi=(147)
+4 +4 1 1
+7 * 1 1
+6 * 1
+3 * 1 0 0 0 0 0 0 0 0 1
+2 +1 1
+7 * 1 1
+7 * 1 0 0 0 0 0 0 0 0 1 1
fe=(172)
+42 -5 1 1 0 1 0 0 1

fl=(176)
fn=(586)
0x7d080 28 1 0 0 1 0 0 1
fi=(151)
+4 +1 1 1
+7 * 1
+7 * 1 1
+7 * 1 0 0 0 0 0 0 0 0 1
+2 +1 1 1
+7 * 1
+7 * 1
+7 * 1
fe=(176)
+4 -2 1 1

fl=(165)
fn=(542)
0x7b0f0 29 1 0 0 1 0 0 1
+4 * 1 1
+7 * 1 0 0 1 0 0 1
+7 * 1 1
+7 * 1 0 0 0 0 0 0 0 0 1
fi=(151)
+2 +1 1 1
+7 * 1
+7 * 1
+7 * 1
fe=(165)
+4 -1 1 1

fl=(171)
fn=(562)
0x62c80 29 1 0 0 1 0 0 1
+4 * 1 1
+7 * 1
+7 * 1 1
+7 * 1 0 0 0 0 0 0 0 0 1
fi=(151)
+2 +1 1 1
+7 * 1
+7 * 1
+7 * 1
fe=(171)
+4 -1 1 1

fl=(167)
fn=(550)
0x65150 33 1 0 0 1 0 0 1
fi=(417)
+4 -4 1 1
+7 * 1
+7 * 1 1
+7 * 1
+7 * 1
fe=(167)
+4 +4 1 1

fl=(149)
fn=(490)
0x7e7e0 32 1 0 0 1 0 0 1
fi=(417)
+4 -3 1 1
+7 * 1
+7 * 1 1
+7 * 1
+7 * 1 0 0 1 0 0 1
fe=(149)
+4 +3 1 1

fl=(157)
fn=(514)
0x69590 32 1 0 0 1 0 0 1
fi=(417)
+4 -3 1 1
+7 * 1
+7 * 1 1
+7 * 1
+7 * 1
fe=(157)
+4 +3 1 1

totals: 5040626549 1405712535 501041700 43335 67970117 487146 2643 9980 461640 635058014 8544265 38760638 12009
