# callgrind format
version: 1
creator: callgrind-3.25.1
pid: 49688
cmd:  ./../pearson ../data/128.data ../data_o/128_seq.data
part: 1


desc: I1 cache: 32768 B, 64 B, 8-way associative
desc: D1 cache: 49152 B, 64 B, 12-way associative
desc: LL cache: 25165824 B, 64 B, 12-way associative

desc: Timerange: Basic block 0 - 11862020
desc: Trigger: Program termination

positions: instr line
events: Ir Dr Dw I1mr D1mr D1mw ILmr DLmr DLmw Bc Bcm Bi Bim
summary: 59751919 15830941 8340877 4737 143846 10443 2417 8790 8148 8593563 189612 618307 35858


ob=(7) /usr/lib/libstdc++.so.6.0.34
fl=(244) /usr/src/debug/gcc/gcc/libstdc++-v3/src/c++98/ios_locale.cc
fn=(850) std::ios_base::_M_init()
0xc7480 39 396 0 0 1 0 0 1
+4 * 396 0 396
+1 * 396
+3 * 396 0 396
+2 * 396 0 396
+1 * 396
+4 +2 396 396 0 0 2 0 0 1
+8 -2 396 396
+9 * 396 0 396
+4 * 396
+3 +4 396 0 396
+7 -2 396 0 396
+4 +3 396
+4 * 396 396 396 0 0 1 0 0 0 0 0 396 2
cfi=(206) /usr/src/debug/gcc/gcc/libstdc++-v3/src/c++11/locale_init.cc
cfn=(714) std::locale::locale()
calls=396 0xe1ba0 269 
* * 10296 3960 2376 0 0 0 0 0 0 1188 11
+6 * 396
+4 * 396 0 0 1 0 0 1
+7 * 396 396 396 0 2 0 0 0 0 0 0 396 1
cfi=(207) /usr/src/debug/gcc/gcc/libstdc++-v3/src/c++98/locale.cc
cfn=(852) std::locale::operator=(std::locale const&)
calls=396 0xc8610 +76 
* * 5544 1980 396 4 0 0 2 0 0 792 18
+6 * 396
+4 * 396 396 396 0 1 0 0 0 0 0 0 396 1
cfi=(207)
cfn=(854) std::locale::~locale()
calls=396 0xc86c0 +47 
* * 2376 1188 0 1 0 0 1 0 0 396 6
+6 +1 396 396
+4 * 396 396
+9 * 396 0 0 0 0 0 0 0 0 396
+2 * 396
+4 * 396 396
+1 * 396 396
+2 * 396 396
+1 * 396 396

fl=(217) /usr/src/debug/gcc/gcc-build/x86_64-pc-linux-gnu/libstdc++-v3/src/c++98/numeric_members.cc
fn=(758) std::__cxx11::numpunct<char>::_M_initialize_numpunct(__locale_struct*)
0xd53c0 92 1 0 0 1 0 0 1
+4 * 1 0 1
+1 * 1
+3 * 1 0 1
+2 * 1 0 1
+2 * 1 0 1
+2 * 1
+3 * 1 0 1
+1 * 1
+3 * 1
+4 +1 1 1
+5 * 1 0 0 0 0 0 0 0 0 1
+6 +3 1
+3 * 1 0 0 0 0 0 0 0 0 1 1
0xd5457 +68 1 1 0 1 0 0 1
+4 * 1
+7 +1 1 0 1
+8 -1 1 0 1
+4 +3 1
+7 * 1 0 1
+4 +1 1 0 1
+8 +1 1
+4 * 1 1
+1 * 1 1
+2 * 1 1
+2 * 1 1
+2 * 1 1
+1 * 1 1
+3 -70 1 1 0 1 0 0 1
+4 * 1
+7 * 1 0 1
+4 +1 1 0 1
+8 +1 1 0 1
+4 +2 1 0 1
+4 +1 1 1
+4 * 1 0 1
+4 +3 1 1 0 0 1
+7 * 1 1 0 1 1 0 1
+3 -1 1
+2 * 1
+7 * 1
+11 * 1
+11 +1 1 1 0 0 1 0 0 1
+4 * 1 1
+4 * 1 0 1
+4 -1 1
+4 * 1
+4 * 1 0 0 0 0 0 0 0 0 1 1
-20 +1 35 35 0 0 1 0 0 1
+4 * 35 35
+4 * 35 0 35
+4 -1 35
+4 * 35
+4 * 35 0 0 0 0 0 0 0 0 35 8
+2 +4 1 1
+7 * 1 1
+3 -1 1 0 0 1 0 0 1
+2 * 1
+8 * 1
+11 * 1
+11 +1 1 1 0 0 1 0 0 1
+4 * 1 1
+4 * 1 0 1
+4 -1 1
+4 * 1
+4 * 1 0 0 0 0 0 0 0 0 1 1
-20 +1 25 25
+4 * 25 25
+4 * 25 0 25
+4 -1 25
+4 * 25
+4 * 25 0 0 0 0 0 0 0 0 25 9
+2 * 1

fn=(800) std::__cxx11::numpunct<wchar_t>::_M_initialize_numpunct(__locale_struct*)
0xd5700 183 1 0 0 1 0 0 1
+4 * 1 0 1
+1 * 1
+3 * 1 0 1
+2 * 1 0 1
+2 * 1 0 1
+2 * 1
+3 * 1 0 1
+1 * 1
+3 +1 1 1
+5 * 1 0 0 0 0 0 0 0 0 1
+6 +3 1
+3 * 1 0 0 0 0 0 0 0 0 1 1
+86 +69 1 0 0 1 0 0 1
+7 +1 1 0 1
+8 -1 1 0 1
+4 +3 1
+7 * 1 0 1
+4 +1 1 0 1
+8 +1 1 1
+1 * 1 1
+2 * 1 1
+2 * 1 1
+2 * 1 1
+1 * 1 1
+9 -71 1 1 0 1 0 0 1
+4 * 1
+7 * 1 0 1
+4 +4 1 1 0 1 1 0 1 1
+7 -3 1 0 1
+8 +3 1 0 1
+4 +6 1 1
+7 -8 1 0 1
+4 +8 1 1
+3 -2 1
+2 * 1
+8 * 1
+11 * 1
+11 +2 1 1 0 1 0 0 1
+4 * 1 0 1
+4 -2 1
+4 * 1
+4 * 1 0 0 0 0 0 0 0 0 1 1
-16 +2 35 35
+4 * 35 0 35 0 0 2 0 0 2
+4 -2 35
+4 * 35
+4 * 35 0 0 0 0 0 0 0 0 35 7
+2 +6 1 1
+7 * 1 1
+3 -2 1
+2 * 1
+2 +2 1 1
+4 * 1 0 1
+7 -2 1
+4 * 1
+4 * 1 0 0 0 0 0 0 0 0 1 1
-19 +2 25 25
+4 * 25 0 25 0 0 1 0 0 1
+7 -2 25
+4 * 25
+4 * 25 0 0 0 0 0 0 0 0 25 9
+2 * 1

fl=(300) /usr/src/debug/gcc/gcc-build/x86_64-pc-linux-gnu/libstdc++-v3/include/streambuf
fn=(1282) std::basic_streambuf<char, std::char_traits<char> >::sbumpc() [clone .isra.0]
0x13a630 494 16376 16376 0 1 0 0 1
+4 328 16376 16376
+4 * 16376 0 0 0 0 0 0 0 0 16376
+2 507 16376
+4 * 16376 0 16376 1 0 0 1
+4 336 16376 16376

fl=(221) /usr/src/debug/gcc/gcc-build/x86_64-pc-linux-gnu/libstdc++-v3/src/c++98/time_members.cc
fn=(808) std::__timepunct<wchar_t>::_M_initialize_timepunct(__locale_struct*)
0xd62f0 222 1 0 0 1 0 0 1
+4 * 1 0 1
+1 * 1
+3 * 1 0 1
+1 * 1
+3 * 1
+4 * 1 0 1 1 0 0 1
+4 +1 1 1
+5 * 1 0 0 0 0 0 0 0 0 1
+6 +3 1 1
+5 * 1 0 0 0 0 0 0 0 0 1 1
0xd67d0 396 1 1 0 1 0 0 1
+8 * 1
+7 * 1 1
+8 * 1
+5 * 1
+4 * 1
+4 * 1 0 1
+4 * 1 0 1
+4 229 1 1 1 1 0 0 1 0 0 0 0 1 1
cfi=(207)
cfn=(726) std::locale::facet::_S_get_c_locale()
calls=1 0xc8390 -8 
* * 18 6 2 0 0 0 0 0 0 2 0 1
+6 +2 1
+7 * 1 1 0 0 1
+8 * 1 1
+5 -2 1 0 1
+4 +2 1 1
+4 * 1
+5 * 1
+7 * 1
+4 * 1
+5 * 1
+7 * 1 0 1
+4 * 1 0 0 1 0 0 1
+5 * 1 1
+8 * 1
+7 * 1
+5 * 1
+7 * 1 0 1
+7 * 1 1 0 0 1
+8 * 1
+4 * 1
+5 * 1
+7 * 1 0 1 1 0 0 1
+4 +54 1
+7 -54 1 1
+8 * 1
+4 * 1 0 1
+4 * 1 1
+8 * 1
+4 * 1
+5 * 1
+7 * 1 0 1
+4 * 1 1
+8 * 1
+4 * 1 0 0 1 0 0 1
+5 * 1
+7 * 1 0 1
+4 * 1 1
+8 * 1
+4 * 1
+5 * 1
+7 * 1 0 1
+4 * 1 1
+8 * 1
+4 * 1
+5 * 1 0 0 1 0 0 1
+7 * 1 0 1
+4 * 1 1
+8 * 1
+4 * 1
+5 * 1
+7 * 1 0 1
+7 * 1 1
+8 * 1
+4 * 1
+5 * 1
+7 * 1 0 1 1 0 0 1
+7 * 1
+4 * 1 1
+8 * 1 0 1
+7 * 1
+4 * 1
+5 * 1
+7 * 1 0 1
+7 * 1 1
+8 * 1
+4 * 1 0 0 1 0 0 1
+5 * 1
+7 * 1 0 1
+7 * 1 1
+8 * 1
+4 * 1
+5 * 1
+7 * 1 0 1
+7 * 1 1
+8 * 1
+4 * 1
+5 * 1 0 0 1 0 0 1
+7 * 1 0 1
+7 * 1
+5 * 1 1
+8 396 1 1
+4 231 1 1
+5 * 1
+7 +54 1 0 1
+7 -54 1
+4 * 1
+5 * 1 0 0 1 0 0 1
+7 * 1 0 1
+7 * 1 1
+8 * 1 0 1
+7 * 1 1 0 0 1
+8 * 1
+4 * 1
+5 * 1
+4 * 1 0 1
+7 * 1 1
+8 * 1 0 1 1 0 0 1
+7 * 1 1
+8 * 1
+4 * 1
+4 * 1 0 1
+7 * 1 1
+8 * 1 0 1
+7 * 1 1
+8 * 1
+4 * 1
+4 * 1 0 1
+7 * 1 0 1 1 0 0 1
+7 396 1 1
+1 * 1 1

fn=(768) std::__timepunct<char>::_M_initialize_timepunct(__locale_struct*)
0xd5a10 66 1 0 0 1 0 0 1
+4 * 1 0 1
+1 * 1
+3 * 1 0 1
+2 * 1 0 1
+1 * 1
+3 * 1
+4 * 1 0 1
+4 +1 1 1
+5 * 1 0 0 0 0 0 0 0 0 1
+6 +3 1 1
+5 * 1 0 0 0 0 0 0 0 0 1 1
0xd5f20 192 1 1 0 1 1 0 1
+8 * 1
+7 * 1 1
+8 * 1
+7 * 1 0 0 1 0 0 1
+5 * 1
+4 * 1
+4 * 1 0 1
+4 * 1 0 1
+4 73 1 1 1 0 0 0 0 0 0 0 0 1 1
cfi=(207)
cfn=(726)
calls=1 0xc8390 221 
* * 18 6 2 0 0 0 0 0 0 2 0 1
+6 +2 1
+7 * 1 1
+8 * 1 1
+5 -2 1 0 1
+4 +2 1 1
+4 * 1
+5 * 1 0 0 1 0 0 1
+7 * 1
+4 * 1
+5 * 1
+7 * 1 0 1
+4 * 1
+5 * 1 1
+8 * 1
+7 * 1
+5 * 1
+7 * 1 0 1
+7 * 1 1 0 1 1 0 1
+8 * 1
+4 * 1
+5 * 1
+7 * 1 0 1
+4 * 1
+5 +54 1
+7 -54 1
+4 * 1 0 1
+4 * 1 1
+8 * 1
+4 * 1
+5 * 1 0 0 1 0 0 1
+7 * 1 0 1
+4 * 1 1
+8 * 1
+4 * 1
+5 * 1
+7 * 1 0 1
+4 * 1 1
+8 * 1
+4 * 1
+5 * 1
+7 * 1 0 1
+4 * 1 1 0 1 0 0 1
+8 * 1
+4 * 1
+5 * 1
+7 * 1 0 1
+4 * 1 1
+8 * 1
+4 * 1
+5 * 1
+7 * 1 0 1
+7 * 1 1 0 1 0 0 1
+8 * 1
+4 * 1
+5 * 1
+7 * 1 0 1
+7 * 1
+4 * 1 1
+8 * 1 0 1
+7 * 1 1
+8 * 1
+4 * 1
+5 * 1 0 0 1 0 0 1
+7 * 1 0 1
+7 * 1
+4 * 1 1
+8 * 1
+4 * 1
+5 * 1
+7 * 1 0 1
+7 * 1 1
+8 * 1
+4 * 1
+5 * 1 0 0 1 0 0 1
+7 * 1 0 1
+7 * 1 1
+8 * 1
+4 * 1
+5 * 1
+7 * 1 0 1
+7 * 1
+5 * 1
+7 * 1 0 1
+7 * 1 1 0 1 0 0 1
+5 * 1 1 0 0 1
+8 * 1
+5 * 1
+7 +54 1 0 1
+7 -54 1 0 1
+7 * 1
+4 * 1
+5 * 1 1
+8 * 1 0 1
+7 * 1 1 0 1 0 0 1
+8 * 1
+4 * 1 0 1
+7 * 1
+4 * 1 1
+8 * 1 0 1
+7 * 1 1
+8 * 1
+4 * 1 0 1
+7 * 1
+4 * 1 1 0 1 0 0 1
+8 * 1 0 1
+7 * 1
+4 * 1 0 1
+7 192 1
+4 * 1 1
+1 * 1 1
+2 * 1 1
+1 * 1 1

fl=(307) /usr/src/debug/gcc/gcc-build/x86_64-pc-linux-gnu/libstdc++-v3/include/bits/streambuf_iterator.h
fn=(1166) std::istreambuf_iterator<char, std::char_traits<char> >::equal(std::istreambuf_iterator<char, std::char_traits<char> > const&) const
0x1444f0 201 32761 0 0 1 0 0 1
+4 * 32761 0 32761
+1 * 32761
+3 * 32761
+3 * 32761
+4 +8 32761 32761 0 1 0 0 1
+3 * 32761 32761
+5 * 32761
+3 * 32761
+3 * 32761
+3 * 32761
+2 * 32761 0 0 0 0 0 0 0 0 32761 5
+2 * 32761 32761
+3 * 32761 32761
+4 * 32761
+3 * 32761
+3 * 32761
+3 * 32761
+2 * 32761 0 0 0 0 0 0 0 0 32761
+2 -7 32761 32761
+1 * 32761
+2 * 32761
+3 * 32761 32761
+2 * 32761
fi=(300)
+2 350 32761 32761
+4 * 32761 32761
+4 * 32761 0 0 0 0 0 0 0 0 32761
fe=(307)
+2 201 32761
+2 * 32761

fn=(1170) std::istreambuf_iterator<char, std::char_traits<char> >::_M_get() const
0x111640 206 32761 0 0 1 0 0 1
+4 +3 32761 32761
+3 -1 32761 32761
+3 +1 32761
+3 * 32761 0 0 0 0 0 0 0 0 32761
+2 * 32761
+3 * 32761 0 0 0 0 0 0 0 0 32761 4
fi=(300)
+6 494 32761 32761
+4 350 32761 32761
+4 * 32761 0 0 0 0 0 0 0 0 32761
fi=(304) /usr/src/debug/gcc/gcc-build/x86_64-pc-linux-gnu/libstdc++-v3/include/bits/char_traits.h
+2 452 32761 32761
+3 * 32761 32761
fe=(307)

fl=(310) /usr/src/debug/gcc/gcc/libstdc++-v3/src/c++98/istream-string.cc
fn=(1194) std::basic_istream<char, std::char_traits<char> >& std::getline<char, std::char_traits<char>, std::allocator<char> >(std::basic_istream<char, std::char_traits<char> >&, std::__cxx11::basic_string<char, std::char_traits<char>, std::allocator<char> >&, char)
0xcdda0 124 130 0 0 1 0 0 1
+4 * 130 0 130
+1 * 130
+3 * 130 0 130
+2 * 130 0 130
+2 * 130
+3 * 130 0 130
+2 * 130 0 130
+2 * 130
+3 +12 130
+3 -12 130 0 130
+1 * 130
+4 * 130 0 130 1 0 0 1
+3 +12 130
+5 * 130 130
+9 * 130 0 130
+4 * 130
+4 * 130 130 130 0 0 0 0 0 0 0 0 130 1
cfi=(299) /usr/src/debug/gcc/gcc-build/x86_64-pc-linux-gnu/libstdc++-v3/include/bits/istream.tcc
cfn=(1128) std::istream::sentry::sentry(std::istream&, bool)
calls=130 0x132ab0 -85 
* * 3900 1300 910 0 0 0 0 0 0 390 7
+6 +1 130 130
+4 * 130 0 0 0 0 0 0 0 0 130 4
+7 +63 1 1
+3 * 1 1
+4 * 1
fi=(241) /usr/src/debug/gcc/gcc-build/x86_64-pc-linux-gnu/libstdc++-v3/include/bits/ios_base.h
+3 -2 1 1
fi=(239) /usr/src/debug/gcc/gcc-build/x86_64-pc-linux-gnu/libstdc++-v3/include/bits/basic_ios.h
+3 -31 1 1 1 0 0 0 0 0 0 0 0 1 1
cfi=(243) /usr/src/debug/gcc/gcc-build/x86_64-pc-linux-gnu/libstdc++-v3/include/bits/basic_ios.tcc
cfn=(1118) std::basic_ios<char, std::char_traits<char> >::clear(std::_Ios_Iostate)
calls=1 0x12fab0 46 
* * 9 3 1 0 0 0 0 0 0 1
fe=(310)
+6 +35 130 130
+4 * 130 130
+9 * 130 0 0 0 0 0 0 0 0 130 1
+6 * 130
+4 * 130
+3 * 130 130
+1 * 130 130
+2 * 130 130
+2 * 130 130
+2 * 130 130
+2 * 130 130
+1 * 130 130
fi=(311) /usr/src/debug/gcc/gcc-build/x86_64-pc-linux-gnu/libstdc++-v3/include/bits/basic_string.h
+1 +32 130 0 130 2 0 0 1
+9 +5 130 130
fi=(304)
+4 352 130 0 130
fe=(310)
+3 144 130 130
fi=(239)
+3 338 130 130
+4 * 130 130
fi=(300)
+8 494 130 130 0 1 0 0 1
+4 350 130 130
+4 * 130 0 0 0 0 0 0 0 0 130 1
fi=(304)
+6 452 129 129
fi=(311)
+3 259 129
fi=(304)
+5 452 129 129
fe=(310)
+4 153 129
fi=(311)
+10 259 129 0 129
fi=(304)
+4 452 129 0 129
+3 * 129
fe=(310)
+2 148 129
+3 * 129 0 0 0 0 0 0 0 0 129 127
fi=(311)
-31 259 1
fi=(304)
+5 452 1 1
fe=(310)
+4 153 1
fi=(311)
+10 259 1 0 1
fi=(304)
+4 452 1 0 1
+3 * 1
fe=(310)
+2 148 1
+3 * 1 0 0 0 0 0 0 0 0 1 1
-3 * 12
+3 * 12 0 0 0 0 0 0 0 0 12
fi=(304)
+6 405 141 141
+4 * 141 0 141
fe=(310)
+3 149 141 141
+3 * 141 0 0 1 0 0 1 0 0 141 1
-3 * 128 128
+3 * 128 0 0 0 0 0 0 0 0 128 10
fi=(300)
+6 494 140 140
fe=(310)
+4 152 140 140
+4 +1 140
+3 * 140
fi=(311)
+3 1165 140 140
fe=(310)
+5 152 140
fi=(258) /usr/src/debug/gcc/gcc-build/x86_64-pc-linux-gnu/libstdc++-v3/include/bits/stl_algobase.h
+3 +87 140
+3 * 140
fe=(310)
+4 -85 140
+4 * 140 0 0 0 0 0 0 0 0 140
fi=(304)
+6 405 140 0 140
+4 * 140 140
+3 * 140
+3 * 140 0 140
+4 * 140 0 140
+4 * 140 140 140 1 0 0 1 0 0 0 0 140 1
cob=(2) /usr/lib/libc.so.6
cfi=(316) /usr/src/debug/glibc/glibc/string/../sysdeps/x86_64/multiarch/memchr-avx2.S
cfn=(1214) __memchr_avx2
calls=140 0x16d380 61 
* * 17116 3852 0 9 128 0 9 127 0 3048 412
fe=(310)
+6 160 140 140
fi=(311)
+4 422 140
fi=(304)
+3 -17 140
fe=(310)
+3 160 140
+3 * 140
+3 * 140 140
fi=(311)
+5 422 140 140
+4 * 140
+3 * 140 0 0 0 0 0 0 0 0 140
+6 1570 140
+3 * 140
+3 * 140
+3 * 140 0 140
+4 * 140 0 140
cfi=(278) /usr/src/debug/gcc/gcc-build/x86_64-pc-linux-gnu/libstdc++-v3/include/bits/basic_string.tcc
cfn=(1216) std::__cxx11::basic_string<char, std::char_traits<char>, std::allocator<char> >::_M_append(char const*, unsigned long) [clone .isra.0]
calls=140 0xcd8f0 444 
* * 17583 4937 4086 19 3 13 18 0 13 2182 73 144 4
fi=(300)
+5 804 140 140
+4 * 140 140
+4 * 140 0 0 1 0 0 1
fe=(310)
+3 163 140
fi=(300)
+3 804 140 0 140
+4 350 140 140
+4 * 140 0 0 0 0 0 0 0 0 140 12
fe=(310)
+6 149 128
fi=(304)
+10 452 128 128
fe=(310)
+3 149 128
+3 * 128 0 0 0 0 0 0 0 0 128 11
fi=(300)
0xcdfd0 494 129 129 0 1 0 0 1
fe=(310)
+4 178 129
fi=(300)
+4 328 129 129
+4 * 129 0 0 0 0 0 0 0 0 129
+6 507 129
+4 * 129 0 129
fe=(310)
+4 197 129
fi=(300)
+6 353 12 12
+3 * 12
+3 * 12 12 12 0 1 0 0 0 0 0 0 12 12
cfi=(286) /usr/src/debug/gcc/gcc-build/x86_64-pc-linux-gnu/libstdc++-v3/include/bits/fstream.tcc
cfn=(1134) std::basic_filebuf<char, std::char_traits<char> >::underflow()
calls=12 0x1249b0 -26 
* * 1716 600 324 28 1 0 0 0 0 168 0 60
fe=(310)
+3 149 12 0 0 1 0 0 1
+10 * 12
+3 * 12 0 0 0 0 0 0 0 0 12 2
0xce080 +48 1
+3 * 1 0 0 0 0 0 0 0 0 1
+2 * 1
+5 +2 1
fi=(300)
+6 353 1 1 0 1 0 0 1
+3 * 1
+3 * 1 1 1 0 0 0 0 0 0 0 0 1 1
cfi=(286)
cfn=(1134)
calls=1 0x1249b0 -26 
* * 140 48 27 5 0 0 3 0 0 13 1 5
+3 * 1
fe=(310)

fl=(262) /usr/src/debug/gcc/gcc/libstdc++-v3/src/c++98/bitmap_allocator.cc
fn=(934) _GLOBAL__sub_I_bitmap_allocator.cc
0xae170 127 1 0 0 1 0 0 1
fi=(263) /usr/src/debug/gcc/gcc-build/x86_64-pc-linux-gnu/libstdc++-v3/include/ext/bitmap_allocator.h
+4 1113 1
+7 * 1 1 0 0 1
+3 * 1 0 0 0 0 0 0 0 0 1
+2 * 1 0 1 1 0 0 1
+3 106 1
+7 * 1
+2 * 1
+4 * 1 0 1 0 0 1
+4 * 1 0 1
+3 1126 1
+7 * 1 1
+3 * 1 0 0 0 0 0 0 0 0 1 1
+2 +5 1
+7 * 1 1
+3 * 1 0 0 0 0 0 0 0 0 1
fi=(264) /usr/src/debug/gcc/gcc-build/x86_64-pc-linux-gnu/libstdc++-v3/include/ext/concurrence.h
+2 134 1
fi=(263)
+7 1131 1 0 1
fi=(264)
+3 134 1
+5 * 1
+2 * 1 0 1 1 0 1 1
* * 10 0 9 0 0 0 0 0 0 10 10
fi=(263)
+2 1113 1
+7 * 1 1
+3 * 1 0 0 0 0 0 0 0 0 1
+2 * 1 0 1
+3 106 1
+7 * 1
+2 * 1
+4 * 1 0 1 0 0 1
+4 * 1 0 1
+3 1126 1
+7 * 1 1
+3 * 1 0 0 0 0 0 0 0 0 1 1
+2 +5 1
+7 * 1 1
+3 * 1 0 0 0 0 0 0 0 0 1
fi=(264)
+2 134 1
fi=(263)
+7 1131 1 0 1
fi=(264)
+3 134 1
+5 * 1
+2 * 1 0 1 0 0 1
* * 10 0 9 0 0 0 0 0 0 10 10
fe=(262)
+2 -7 1 1
fi=(263)
+1 1126 1 0 1 1 0 0 1
+3 412 1 1 0 0 1
+8 * 1
+7 +9 1 0 1
+8 -9 1 0 1
+3 +10 1
+5 1126 1 0 1
+3 412 1 1
+8 * 1
+7 +9 1 0 1
+8 -9 1 0 1
+3 +10 1
fe=(262)

fl=(206)
fn=(716) std::locale::_S_initialize()
0xe1b30 340 670 0 0 129 0 0 1
fi=(205) /usr/src/debug/gcc/gcc-build/x86_64-pc-linux-gnu/libstdc++-v3/include/ext/atomicity.h
+4 54 670 670 0 0 1
fe=(206)
+7 342 670 670 0 0 1
+3 * 670 0 0 0 0 0 0 0 0 670 1
+2 +3 670 0 0 15 0 0 1
+7 * 670 670 0 0 2 0 0 1
+4 * 670 0 0 0 0 0 0 0 0 670 3
+2 * 669 669
+51 +1 1
cfn=(718) std::locale::_S_initialize_once()
calls=1 0xe1ad0 -22 
* * 36139 10478 4342 249 135 101 249 20 94 7067 313 812 129

fn=(714)
0xe1ba0 269 670 0 0 15 0 0 1
+4 * 670 0 670
+1 * 670
+3 * 670 0 670
+2 * 670 0 670
+1 * 670
+3 * 670 0 670 0 0 1 0 0 1
+7 +2 670 0 670 0 0 2
cfn=(716)
calls=670 0xe1b30 +69 
* * 41499 13157 4342 393 139 101 251 21 94 8407 317 812 129
+6 +11 670 0 0 129 0 0 1
+7 +1 670
+7 -1 670 670
+4 * 670 0 670
+3 +1 670 670
+3 * 670 0 0 0 0 0 0 0 0 670 19
+77 +6 670 670 0 2 0 0 1
+1 * 670 670
+2 * 670 670
+1 * 670 670

fn=(720) std::locale::_Impl::_Impl(unsigned long)
0xe0c40 490 1 0 0 1 0 0 1
+4 * 1 0 1
+1 +5 1
+7 * 1
+5 -5 1
+3 * 1 0 1
+2 * 1 0 1
+2 * 1 0 1
+2 * 1 0 1
+2 * 1 0 1 0 0 1
+1 * 1
+3 * 1
+4 * 1 1
+9 * 1 0 1
+4 * 1
+2 +2 1 0 1 0 0 1 0 0 1
+2 * 1 0 1
+8 +3 1
+3 * 1 0 1 1 0 0 1
+4 +1 1
+7 * 1 0 1
+4 -1 1 0 1 0 0 1 0 0 1
* * 48 0 47 0 0 6 0 0 6 48 8
+3 +1 1
+3 * 1
+5 * 1 0 1 0 0 1 0 0 1
* * 48 0 47 0 0 5 0 0 5 48 7
+3 +3 1
+5 * 1
+7 * 1 0 1 0 0 1 0 0 1
* * 11 0 10 0 0 1 0 0 1 11 8
+3 * 1
+7 * 1 0 1
+4 +1 1
+7 * 1 0 1 1 0 0 1
+7 +1 1 1 1 0 0 1 0 0 0 0 0 1 1
cfi=(207)
cfn=(722) std::locale::facet::_S_get_c_name()
calls=1 0xc83e0 233 
* * 3 1 0 1 0 0 1
+6 +9 1
+5 * 1
+2 * 1
fi=(381) /usr/include/bits/string_fortified.h
+2 29 1 1 0 0 1 0 0 1
fe=(206)
+3 510 1
fi=(381)
+7 29 1 0 1
fe=(206)
+7 510 1 1 1 0 1 0 0 0 0 0 0 1 1
cfi=(208) /usr/src/debug/gcc/gcc-build/x86_64-pc-linux-gnu/libstdc++-v3/src/c++11/ctype_configure_char.cc
cfn=(724) std::ctype<char>::ctype(unsigned short const*, bool, unsigned long)
calls=1 0xf1e00 121 
* * 269 50 117 22 9 13 22 2 9 81 27 5 5
fi=(214) /usr/src/debug/gcc/gcc-build/x86_64-pc-linux-gnu/libstdc++-v3/include/bits/locale_classes.h
+6 652 1 1 0 0 1
+7 * 1
+7 * 1
+3 * 1 1 1 1 1 0 1 0 0 0 0 1 1
cfi=(207)
cfn=(746) std::locale::_Impl::_M_install_facet(std::locale::id const*, std::locale::facet const*)
calls=1 0xc8980 325 
* * 398 119 13 8 1 0 8 0 0 103 6 1 1
fe=(206)
+6 511 1
+5 * 1
+7 * 1 1 1 0 1 0 0 0 0 0 0 1 1
cfi=(215) /usr/src/debug/gcc/gcc/libstdc++-v3/src/c++98/codecvt.cc
cfn=(754) std::codecvt<char, char, __mbstate_t>::codecvt(unsigned long)
calls=1 0xc2dc0 38 
* * 37 12 9 1 1 1 1 0 1 2 0 2 1
fi=(214)
+6 652 1 1 0 0 1
+7 * 1
+7 * 1
+3 * 1 1 1 0 0 0 0 0 0 0 0 1 1
cfi=(207)
cfn=(746)
calls=1 0xc8980 325 
* * 398 119 13 0 1 0 0 0 0 103 4 1
fi=(216) /usr/src/debug/gcc/gcc-build/x86_64-pc-linux-gnu/libstdc++-v3/include/bits/locale_facets.h
+6 1636 1
+7 -1 1
+2 +85 1
fi=(214)
+2 436 1 0 1 0 0 1 0 0 1
fi=(216)
+10 1633 1 0 1 1 0 0 1
+7 +87 1
+7 -84 1
+4 -4 1 0 1
+11 +4 1 0 1
+7 +83 1 1 0 0 1
+7 -87 1 0 1
+11 +87 1
+4 -85 1 0 1 1 0 0 1
+11 +85 1 0 1 0 0 1 0 0 1
+7 * 1
+7 -85 1 0 1
+11 * 1 0 1
+11 +1 1 0 1 0 0 1 0 0 1
+11 * 1 0 1
+7 +1 1 0 1 1 0 1 1 0 1
fi=(214)
+7 436 1 0 1
fi=(216)
+10 1719 1 0 1
+7 +1 1 1 1 0 1 0 0 0 0 0 0 1 1
cfi=(217)
cfn=(758)
calls=1 0xd53c0 92 
* * 421 138 76 5 5 0 5 3 0 64 20
fi=(214)
+6 652 1 1 0 0 1
+7 * 1
+7 * 1
+3 * 1 1 1 0 0 0 0 0 0 0 0 1 1
cfi=(207)
cfn=(746)
calls=1 0xc8980 325 
* * 398 119 13 0 1 0 0 1 0 103 3 1
fi=(216)
+6 1983 1 1 0 0 1
fi=(214)
+7 652 1 1 0 0 1
+7 * 1 0 0 1 0 0 1
+3 436 1 0 1
+10 652 1
fi=(216)
+7 1983 1
+4 * 1 0 1
fi=(214)
+7 652 1 1 1 0 0 0 0 0 0 0 0 1 1
cfi=(207)
cfn=(746)
calls=1 0xc8980 325 
* * 398 119 13 0 1 0 0 1 0 103 3 1
fi=(216)
+6 2347 1 1 0 0 1
fi=(214)
+7 652 1 1 0 0 1
+7 * 1
+3 436 1 0 1
+10 652 1 0 0 1 0 0 1
fi=(216)
+7 2347 1
+4 * 1 0 1
fi=(214)
+7 652 1 1 1 0 0 0 0 0 0 0 0 1 1
cfi=(207)
cfn=(746)
calls=1 0xc8980 325 
* * 398 119 13 0 0 0 0 0 0 103 3 1
+6 +63 1 1 0 0 1
+7 436 1 0 1
+10 715 1
+4 * 1 0 1
+7 * 1 1 1 0 0 0 0 0 0 0 0 1 1
cfi=(207)
cfn=(726)
calls=1 0xc8390 221 
* * 18 6 2 0 0 0 0 0 0 2 0 1
+6 * 1 0 1
+7 -63 1 1 0 1 1 0 1
+7 * 1
+7 * 1
+3 * 1 1 1 0 0 0 0 0 0 0 0 1 1
cfi=(207)
cfn=(746)
calls=1 0xc8980 325 
* * 398 119 13 0 0 0 0 0 0 103 3 1
fi=(218) /usr/src/debug/gcc/gcc-build/x86_64-pc-linux-gnu/libstdc++-v3/include/bits/locale_facets_nonio.h
+6 1026 1
+7 -6 1
+2 +88 1
fi=(214)
+2 436 1
fi=(218)
+7 1020 1 0 1 0 0 1 0 0 1
+7 +88 1
+2 * 1
+7 -82 1
fi=(214)
+4 436 1 0 1 1 0 0 1
fi=(218)
+10 1026 1 0 1
+7 +81 1 1 0 0 1
+7 -88 1 0 1
+11 +88 1
+4 -88 1 0 1
+11 * 1 0 1
+7 +2 1 0 1
+11 * 1 0 1 1 0 0 1
+11 +1 1 0 1
+11 * 1 0 1 0 0 1 0 0 1
+11 +1 1 0 1
+11 * 1 0 1
+11 +1 1 0 1 1 0 0 1
+10 +1 1 0 1
+11 +1 1 0 1
fi=(214)
+7 436 1 0 1 0 0 1 0 0 1
fi=(218)
+10 1107 1 0 1
+7 * 1 0 1
+7 +1 1 1 1 0 1 0 0 0 0 0 0 1 1
cfi=(219) /usr/src/debug/gcc/gcc-build/x86_64-pc-linux-gnu/libstdc++-v3/src/c++98/monetary_members.cc
cfn=(762) std::__cxx11::moneypunct<char, false>::_M_initialize_moneypunct(__locale_struct*, char const*)
calls=1 0xd3ec0 372 
* * 114 38 31 5 2 0 5 1 0 13 8
fi=(214)
+6 652 1 1 0 0 1
+7 * 1
+7 * 1 0 0 1 0 0 1
+3 * 1 1 1 0 0 0 0 0 0 0 0 1 1
cfi=(207)
cfn=(746)
calls=1 0xc8980 325 
* * 398 119 13 0 0 0 0 0 0 103 1 1
fi=(218)
+6 1026 1
+7 +82 1
+2 * 1
fi=(214)
+2 436 1 0 1 0 0 1 0 0 1
fi=(218)
+10 1019 1 0 1
+7 +89 1
+7 -82 1
+4 -7 1 0 1
+11 +7 1 0 1 1 0 0 1
+7 -6 1
+2 * 1 0 1
+7 +87 1 1 0 0 1
+7 -88 1 0 1
+11 +88 1
+4 -86 1 0 1
+11 +86 1 0 1
+7 * 1
+7 -86 1 0 1 1 0 0 1
+11 +1 1 0 1
+11 * 1 0 1 0 0 1 0 0 1
+11 +1 1 0 1
+11 * 1 0 1
+11 +1 1 0 1
+10 +1 1 0 1 1 0 0 1
+11 +1 1 0 1
fi=(214)
+7 436 1 0 1
fi=(218)
+10 1107 1 0 1
+7 +1 1 1 1 0 1 0 0 0 0 0 0 1 1
cfi=(219)
cfn=(764) std::__cxx11::moneypunct<char, true>::_M_initialize_moneypunct(__locale_struct*, char const*)
calls=1 0xd39a0 216 
* * 114 38 31 6 0 0 6 0 0 13 2
fi=(214)
+6 652 1 1 0 0 1
+7 * 1
+7 * 1
+3 * 1 1 1 0 0 0 0 0 0 0 0 1 1
cfi=(207)
cfn=(746)
calls=1 0xc8980 325 
* * 398 119 13 0 0 0 0 0 0 103 1 1
fi=(218)
+6 1530 1 1 0 1 1 0 1
fi=(214)
+7 652 1 1 0 0 1
+7 * 1
+3 436 1 0 1
+10 652 1
fi=(218)
+7 1530 1
+4 * 1 0 1
fi=(214)
+7 652 1 1 1 0 0 0 0 0 0 0 0 1 1
cfi=(207)
cfn=(746)
calls=1 0xc8980 325 
* * 398 119 13 0 0 0 0 0 0 103 1 1
fi=(218)
+6 1690 1 1 0 0 1
fi=(214)
+7 652 1 1
+7 * 1
+3 436 1 0 1 1 0 1 1 0 1
+10 652 1
fi=(218)
+7 1690 1
+4 * 1 0 1
fi=(214)
+7 652 1 1 1 0 0 0 0 0 0 0 0 1 1
cfi=(207)
cfn=(746)
calls=1 0xc8980 325 
* * 398 119 13 0 0 0 0 0 0 103 1 1
fi=(218)
+6 138 1
+7 -13 1
fi=(214)
+4 436 1 0 1 0 0 1 0 0 1
fe=(206)
+10 +97 1
fi=(218)
+5 138 1 0 1 1 0 1 1 0 1
fe=(206)
+7 533 1
+7 * 1
fi=(218)
+7 138 1
+4 -13 1 0 1
+7 +13 1 0 1
+7 * 1 0 1
+11 -13 1 0 1 0 0 1 0 0 1
+7 * 1 0 1
+7 * 1 0 1 1 0 0 1
+7 * 1 0 1
+7 * 1 0 1 0 0 1 0 0 1
+7 * 1 0 1
+7 * 1 0 1
+7 * 1 0 1
+7 * 1 0 1 0 0 1 0 0 1
+7 * 1 0 1
+7 * 1 0 1
+7 * 1 0 1
+7 * 1 0 1 1 0 1 1 0 1
+7 * 1 0 1
+7 * 1 0 1
+7 * 1 0 1
+7 * 1 0 1 0 0 1 0 0 1
+7 * 1 0 1
+7 * 1 0 1
+7 * 1 0 1
+7 * 1 0 1
+7 * 1 0 1 1 0 0 1
fe=(206)
+7 533 1 1 1 0 1 0 0 0 0 0 0 1 1
cfi=(220) /usr/src/debug/gcc/gcc-build/x86_64-pc-linux-gnu/libstdc++-v3/include/x86_64-pc-linux-gnu/bits/time_members.h
cfn=(766) std::__timepunct<char>::__timepunct(std::__timepunct_cache<char>*, unsigned long)
calls=1 0x13d110 48 
* * 179 46 43 15 5 0 15 0 0 4 1 4 3
fi=(214)
+6 652 1 1 0 0 1
+7 * 1
+7 * 1
+3 * 1 1 1 0 0 0 0 0 0 0 0 1 1
cfi=(207)
cfn=(746)
calls=1 0xc8980 325 
* * 398 119 13 0 0 0 0 0 0 103 3 1
fi=(218)
+6 422 1 1 0 0 1
fi=(214)
+7 652 1 1 0 0 1
+7 * 1
+3 436 1 0 1 0 0 1 0 0 1
+10 652 1 0 0 1 0 0 1
fi=(218)
+7 422 1
+4 * 1 0 1
fi=(214)
+7 652 1 1 1 0 0 0 0 0 0 0 0 1 1
cfi=(207)
cfn=(746)
calls=1 0xc8980 325 
* * 398 119 13 0 0 0 0 0 0 103 1 1
fi=(218)
+6 859 1 1 0 0 1
fi=(214)
+7 652 1 1 0 0 1
+7 * 1
+3 436 1 0 1
+10 652 1
fi=(218)
+7 859 1
+4 * 1 0 1 1 0 0 1
fi=(214)
+7 652 1 1 1 0 0 0 0 0 0 0 0 1 1
cfi=(207)
cfn=(746)
calls=1 0xc8980 325 
* * 398 119 13 0 1 0 0 1 0 103 1 1
fe=(206)
+6 537 1
+5 * 1
+7 * 1 1 1 0 1 0 0 0 0 0 0 1 1
cfi=(222) /usr/src/debug/gcc/gcc-build/x86_64-pc-linux-gnu/libstdc++-v3/include/x86_64-pc-linux-gnu/bits/messages_members.h
cfn=(770) std::__cxx11::messages<char>::messages(unsigned long)
calls=1 0x110b80 44 
* * 42 14 11 1 1 0 1 0 0 2 0 3 2
fi=(214)
+6 652 1 1
+7 * 1
+7 * 1
+3 * 1 1 1 0 0 0 0 0 0 0 0 1 1
cfi=(207)
cfn=(746)
calls=1 0xc8980 325 
* * 398 119 13 0 0 0 0 0 0 103 1 1
fe=(206)
+6 540 1
+5 * 1
+7 * 1 1 1 1 1 0 1 0 0 0 0 1 1
cfi=(223) /usr/src/debug/gcc/gcc/libstdc++-v3/src/c++11/ctype.cc
cfn=(772) std::ctype<wchar_t>::ctype(unsigned long)
calls=1 0xdd090 103 
* * 18710 5326 2552 32 23 21 32 5 21 3127 77 656 21
fi=(214)
+6 652 1 1 0 0 1
+7 * 1
+7 * 1
+3 * 1 1 1 0 0 0 0 0 0 0 0 1 1
cfi=(207)
cfn=(746)
calls=1 0xc8980 325 
* * 398 119 13 0 1 0 0 1 0 103 3 1
fe=(206)
+6 541 1
+5 * 1
+7 * 1 1 1 0 0 0 0 0 0 0 0 1 1
cfi=(215)
cfn=(798) std::codecvt<wchar_t, char, __mbstate_t>::codecvt(unsigned long)
calls=1 0xc2e60 118 
* * 37 12 9 2 0 2 2 0 2 2 0 2 1
fi=(214)
+6 652 1 1
+7 * 1
+7 * 1
+3 * 1 1 1 1 0 0 1 0 0 0 0 1 1
cfi=(207)
cfn=(746)
calls=1 0xc8980 325 
* * 398 119 13 0 0 0 0 0 0 103 1 1
fi=(216)
+6 1636 1
+7 +84 1
fi=(214)
+2 436 1
+7 * 1 0 1 0 0 1 0 0 1
fi=(216)
+10 1633 1 0 1
+7 +87 1
+7 -84 1
+4 -4 1 0 1
+11 +4 1 0 1 1 0 0 1
+7 +83 1 1 0 0 1
+7 -87 1 0 1
+11 +87 1
+4 -85 1 0 1
+11 * 1 0 1
+11 * 1 0 1
+11 +1 1 0 1 1 0 1 1 0 1
+11 * 1 0 1
+11 +1 1 0 1
fi=(214)
+7 436 1 0 1
fi=(216)
+10 1719 1 0 1
+7 * 1 0 1 0 0 1 0 0 1
+7 +1 1 1 1 0 1 0 0 0 0 0 0 1 1
cfi=(217)
cfn=(800)
calls=1 0xd5700 183 
* * 353 75 75 5 1 3 5 1 3 64 19
fi=(214)
+6 652 1 1 0 0 1
+7 * 1 0 0 1 0 0 1
+7 * 1
+3 * 1 1 1 0 0 0 0 0 0 0 0 1 1
cfi=(207)
cfn=(746)
calls=1 0xc8980 325 
* * 398 119 13 0 1 0 0 1 0 103 1 1
fi=(216)
+6 1983 1 1 0 0 1
fi=(214)
+7 652 1 1
+7 * 1
+3 436 1 0 1
+10 652 1
fi=(216)
+7 1983 1
+4 * 1 0 1
fi=(214)
+7 652 1 1 1 0 0 0 0 0 0 0 0 1 1
cfi=(207)
cfn=(746)
calls=1 0xc8980 325 
* * 398 119 13 0 1 0 0 1 0 103 1 1
fi=(216)
+6 2347 1 1 0 1 1 0 1
fi=(214)
+7 652 1 1
+7 * 1
+3 436 1 0 1
+10 652 1
fi=(216)
+7 2347 1
+4 * 1 0 1
fi=(214)
+7 652 1 1 1 0 0 0 0 0 0 0 0 1 1
cfi=(207)
cfn=(746)
calls=1 0xc8980 325 
* * 398 119 13 0 0 0 0 0 0 103 1 1
+6 +63 1 1
+7 436 1 0 1 1 0 0 1
+10 715 1
+4 * 1 0 1
+7 * 1 1 1 0 0 0 0 0 0 0 0 1 1
cfi=(207)
cfn=(726)
calls=1 0xc8390 221 
* * 18 6 2 0 0 0 0 0 0 2 0 1
+6 * 1
+7 * 1
+5 * 1 1 0 0 1
+8 * 1 1
+8 * 1
+5 * 1
+5 * 1 1 0 1 0 0 1
+8 * 1 0 1
+7 -64 1
+4 * 1
+4 +1 1
+3 * 1 1 0 0 1
+7 * 1
+4 * 1 0 1 0 0 1
+7 * 1
+7 * 1 0 1
+7 * 1 0 1
+4 * 1 1 1 0 0 0 0 0 0 0 0 1 1
cfi=(207)
cfn=(746)
calls=1 0xc8980 325 
* * 398 119 13 0 0 0 0 0 0 103 1 1
fi=(218)
+6 1026 1 0 0 1 0 0 1
+7 +82 1
+2 * 1
fi=(214)
+2 436 1 0 1 0 0 1 0 0 1
fi=(218)
+10 1019 1 0 1
+7 +89 1
+7 -82 1
+4 -7 1 0 1
+11 +7 1 0 1
+7 +81 1 1
+7 -88 1 0 1 1 0 0 1
+11 +88 1
+4 -87 1 0 1
+11 +87 1 0 1 0 0 1 0 0 1
+7 * 1
+7 -86 1 0 1
+11 * 1 0 1
+11 +1 1 0 1 1 0 1 1 0 1
+11 * 1 0 1
+11 +1 1 0 1
+11 * 1 0 1
+11 +1 1 0 1
+10 +1 1 0 1
+11 +1 1 0 1 1 0 1 1 0 1
fi=(214)
+7 436 1 0 1
fi=(218)
+10 1107 1 0 1
+7 +1 1 1 1 0 0 0 0 0 0 0 0 1 1
cfi=(219)
cfn=(802) std::__cxx11::moneypunct<wchar_t, false>::_M_initialize_moneypunct(__locale_struct*, char const*)
calls=1 0xd4ba0 741 
* * 109 30 31 6 0 0 6 0 0 14 6
fi=(214)
+6 652 1 1 0 0 1
+7 * 1
+7 * 1
+3 * 1 1 1 0 0 0 0 0 0 0 0 1 1
cfi=(207)
cfn=(746)
calls=1 0xc8980 325 
* * 398 119 13 0 0 0 0 0 0 103 1 1
fi=(218)
+6 1026 1
+7 +82 1
+2 * 1
fi=(214)
+2 436 1 0 1 1 0 0 1
fi=(218)
+10 1019 1 0 1 0 0 1 0 0 1
+7 +89 1
+7 -82 1
+4 -7 1 0 1
+11 +7 1 0 1
+7 +81 1 1 0 0 1
+7 -88 1 0 1
+11 +88 1
+4 -87 1 0 1 1 0 0 1
+11 +1 1 0 1
+11 * 1 0 1
+11 +1 1 0 1
+11 * 1 0 1
+11 +1 1 0 1 1 0 0 1
+11 * 1 0 1
+11 +1 1 0 1 0 0 1 0 0 1
+10 +1 1 0 1
+11 +1 1 0 1
fi=(214)
+7 436 1 0 1
fi=(218)
+10 1107 1 0 1
+7 * 1 0 1 1 0 0 1
+7 +1 1 1 1 0 1 0 0 0 0 0 0 1 1
cfi=(219)
cfn=(804) std::__cxx11::moneypunct<wchar_t, true>::_M_initialize_moneypunct(__locale_struct*, char const*)
calls=1 0xd45c0 558 
* * 109 30 31 5 0 0 5 0 0 14 7
fi=(214)
+6 652 1 1
+7 * 1
+7 * 1
+3 * 1 1 1 0 0 0 0 0 0 0 0 1 1
cfi=(207)
cfn=(746)
calls=1 0xc8980 325 
* * 398 119 13 0 0 0 0 0 0 103 1 1
fi=(218)
+6 1530 1 1 0 0 1
fi=(214)
+7 652 1 1 0 0 1
+7 * 1
+3 436 1 0 1
+10 652 1
fi=(218)
+7 1530 1 0 0 1 0 0 1
+4 * 1 0 1
fi=(214)
+7 652 1 1 1 0 0 0 0 0 0 0 0 1 1
cfi=(207)
cfn=(746)
calls=1 0xc8980 325 
* * 398 119 13 0 0 0 0 0 0 103 1 1
fi=(218)
+6 1690 1 1 0 0 1
fi=(214)
+7 652 1 1
+7 * 1
+3 436 1 0 1
+10 652 1
fi=(218)
+7 1690 1
+4 * 1 0 1
fi=(214)
+7 652 1 1 1 1 0 0 1 0 0 0 0 1
cfi=(207)
cfn=(746)
calls=1 0xc8980 325 
* * 398 119 13 0 0 0 0 0 0 103 1 1
fi=(218)
+6 138 1
+7 -13 1
fi=(214)
+4 436 1 0 1
fe=(206)
+10 563 1
fi=(218)
+5 138 1 0 1 0 0 1 0 0 1
fe=(206)
+7 563 1
+7 * 1
fi=(218)
+7 138 1
+4 -13 1 0 1
+7 +13 1 0 1 1 0 0 1
+7 * 1 0 1
+11 -13 1 0 1 0 0 1 0 0 1
+7 * 1 0 1
+7 * 1 0 1
+7 * 1 0 1
+7 * 1 0 1 0 0 1 0 0 1
+7 * 1 0 1
+7 * 1 0 1 1 0 0 1
+7 * 1 0 1
+7 * 1 0 1 0 0 1 0 0 1
+7 * 1 0 1
+7 * 1 0 1
+7 * 1 0 1
+7 * 1 0 1 0 0 1 0 0 1
+7 * 1 0 1
+7 * 1 0 1
+7 * 1 0 1
+7 * 1 0 1 1 0 1 1 0 1
+7 * 1 0 1
+7 * 1 0 1
+7 * 1 0 1
+7 * 1 0 1
+7 * 1 0 1
fe=(206)
+7 563 1 1 1 0 0 0 0 0 0 0 0 1 1
cfi=(220)
cfn=(806) std::__timepunct<wchar_t>::__timepunct(std::__timepunct_cache<wchar_t>*, unsigned long)
calls=1 0x16c0e0 48 
* * 175 46 42 16 5 1 16 0 1 4 1 4 3
fi=(214)
+6 +89 1 1 0 0 1
+7 * 1
+7 * 1 0 0 1 0 0 1
+3 * 1 1 1 0 0 0 0 0 0 0 0 1 1
cfi=(207)
cfn=(746)
calls=1 0xc8980 325 
* * 398 119 13 0 0 0 0 0 0 103 1 1
fi=(218)
+6 422 1 1 0 0 1
fi=(214)
+7 652 1 1
+7 * 1
+3 436 1 0 1
+10 652 1
fi=(218)
+7 422 1
+4 * 1 0 1
fi=(214)
+7 652 1 1 1 0 0 0 0 0 0 0 0 1 1
cfi=(207)
cfn=(746)
calls=1 0xc8980 325 
* * 398 119 13 0 0 0 0 0 0 103 1 1
fi=(218)
+6 859 1 1 0 1 1 0 1
fi=(214)
+7 652 1 1 0 0 1
+7 * 1
+3 436 1 0 1
+10 652 1
fi=(218)
+7 859 1
+4 * 1 0 1
fi=(214)
+7 652 1 1 1 0 0 0 0 0 0 0 0 1 1
cfi=(207)
cfn=(746)
calls=1 0xc8980 325 
* * 398 119 13 0 1 0 0 1 0 103 1 1
fe=(206)
+6 -85 1
+5 * 1
+7 * 1 1 1 0 1 0 0 0 0 0 0 1 1
cfi=(222)
cfn=(810) std::__cxx11::messages<wchar_t>::messages(unsigned long)
calls=1 0x11f880 44 
* * 42 14 11 1 0 1 1 0 1 2 0 3 2
fi=(214)
+6 +85 1 1 0 1 1 0 1
+7 * 1
+7 * 1
+3 * 1 1 1 0 0 0 0 0 0 0 0 1
cfi=(207)
cfn=(746)
calls=1 0xc8980 325 
* * 398 119 13 0 0 0 0 0 0 103 1 1
fi=(234) /usr/src/debug/gcc/gcc-build/x86_64-pc-linux-gnu/libstdc++-v3/include/bits/codecvt.h
+6 489 1 1 0 0 1
fi=(214)
+7 652 1 1
+7 * 1
+3 436 1 0 1
+10 652 1
fi=(234)
+7 489 1
+4 * 1 0 1 1 0 0 1
fi=(214)
+7 652 1 1 1 0 0 0 0 0 0 0 0 1 1
cfi=(207)
cfn=(746)
calls=1 0xc8980 325 
* * 398 119 13 0 0 0 0 0 0 103 1 1
fi=(234)
+6 546 1 1 0 0 1
fi=(214)
+7 652 1 1
+7 * 1
+3 436 1 0 1
+10 652 1
fi=(234)
+7 546 1
+4 * 1 0 1
fi=(214)
+7 652 1 1 1 0 0 0 0 0 0 0 0 1 1
cfi=(207)
cfn=(746)
calls=1 0xc8980 325 
* * 398 119 13 0 0 0 0 0 0 103 1 1
fi=(234)
+6 -48 1 1 0 1 0 0 1
fi=(214)
+7 +48 1 1
+7 * 1
+3 436 1 0 1
+10 652 1
fi=(234)
+7 -48 1
+4 * 1 0 1
fi=(214)
+7 +48 1 1 1 0 0 0 0 0 0 0 0 1 1
cfi=(207)
cfn=(746)
calls=1 0xc8980 325 
* * 398 119 13 0 0 0 0 0 0 103 1 1
fi=(234)
+6 +9 1 1 0 0 1
fi=(214)
+7 -9 1 1
+7 * 1
+3 436 1 0 1 1 0 0 1
+10 652 1
fi=(234)
+7 +9 1
+4 * 1 0 1
fi=(214)
+7 -9 1 1 1 0 0 0 0 0 0 0 0 1 1
cfi=(207)
cfn=(746)
calls=1 0xc8980 325 
* * 398 119 13 0 0 0 0 0 0 103 1 1
fe=(206)
+6 -62 1 1
+8 * 1 1
+5 +3 1
+4 * 1
+3 -3 1 1
+8 * 1 0 1 1 0 0 1
+4 * 1 0 1
+4 * 1 0 1
+4 +3 1 0 1
cfi=(235) /usr/src/debug/gcc/gcc/libstdc++-v3/src/c++11/cow-locale_init.cc
cfn=(814) std::locale::_Impl::_M_init_extra(std::locale::facet**)
calls=1 0xe5b90 100 
* * 1926 621 463 60 18 7 60 0 7 244 68 40 34
+6 +5 1 1
+4 * 1 1
+7 * 1 1 1 0 0 0 0 0 0 0 0 1 1
cfi=(207)
cfn=(748) std::locale::id::_M_id() const
calls=1 0xc8910 -91 
* * 6 2 0 0 0 0 0 0 0 1 1
+6 * 1
+7 +1 1 1
+7 -1 1 0 1
+4 +1 1 1
+4 * 1 1 1 0 0 0 0 0 0 0 0 1 1
cfi=(207)
cfn=(748)
calls=1 0xc8910 -92 
* * 6 2 0 0 0 0 0 0 0 1
+6 +1 1 1 0 1 0 0 1
+7 -1 1 0 1
+4 +1 1 1
+4 * 1 1 1 0 0 0 0 0 0 0 0 1 1
cfi=(207)
cfn=(748)
calls=1 0xc8910 -93 
* * 6 2 0 0 0 0 0 0 0 1
+6 * 1
+7 +1 1 1
+7 -1 1 0 1
+4 +1 1 1
+4 * 1 1 1 0 0 0 0 0 0 0 0 1
cfi=(207)
cfn=(748)
calls=1 0xc8910 -94 
* * 6 2 0 0 0 0 0 0 0 1
+6 * 1
+7 +2 1 1
+7 -2 1 0 1
+4 +2 1 1 0 1 0 0 1
+4 * 1 1 1 0 0 0 0 0 0 0 0 1 1
cfi=(207)
cfn=(748)
calls=1 0xc8910 -96 
* * 6 2 0 0 0 0 0 0 0 1
+6 +1 1 1
+7 -1 1 0 1
+4 +1 1 1
+4 * 1 1 1 0 0 0 0 0 0 0 0 1 1
cfi=(207)
cfn=(748)
calls=1 0xc8910 -97 
* * 6 2 0 0 0 0 0 0 0 1
+6 * 1
+7 +1 1 1
+7 -1 1 0 1
+5 +1 1 1
+4 * 1 1 1 0 0 0 0 0 0 0 0 1 1
cfi=(207)
cfn=(748)
calls=1 0xc8910 -98 
* * 6 2 0 0 0 0 0 0 0 1
+6 +1 1 1
+4 * 1 1 0 1 0 0 1
+7 -1 1 0 1
+5 +1 1 1 1 0 0 0 0 0 0 0 0 1 1
cfi=(207)
cfn=(748)
calls=1 0xc8910 -99 
* * 6 2 0 0 0 0 0 0 0 1
+6 * 1
+7 * 1 0 1
+4 +2 1 1
+4 * 1 1
+9 * 1 0 0 0 0 0 0 0 0 1
+2 * 1
+4 * 1 1
+1 * 1 1
+2 * 1 1
+2 * 1 1
+2 * 1 1
+2 * 1 1
+1 * 1 1

fn=(718)
0xe1ad0 324 1 0 0 1 0 0 1
+4 +4 1
+7 * 1 1
+4 * 1 0 0 0 0 0 0 0 0 1 1
+9 -4 1 0 1
+1 +9 1
+5 * 1
+7 -9 1
+3 +9 1 1 1 0 1 0 0 0 0 0 0 1 1
cfn=(720)
calls=1 0xe0c40 490 
* * 36118 10473 4337 247 134 101 247 20 94 7066 312 810 127
+6 * 1
+7 * 1
+7 +2 1
+7 * 1
+3 -2 1 0 1
+3 +1 1
+7 * 1 0 1
+3 +2 1 1
+1 -1 1 1 0 0 0 0 0 0 0 0 0 1 1
cfi=(207)
cfn=(836) std::locale::locale(std::locale::_Impl*)
calls=1 0xc7c30 88 
* * 3 1 1 1 0 0 1

fl=(235)
fn=(814)
0xe5b90 100 1 0 0 1 0 0 1
+4 * 1 0 1
+1 * 1
+3 * 1 0 1
+2 * 1 0 1
+2 * 1 0 1
+2 * 1
+3 * 1 0 1
+2 * 1 0 1
+1 * 1
fi=(216)
+3 1720 1
fe=(235)
+7 100 1
+4 +3 1 1
+4 -2 1 1
+3 +1 1 1
fi=(216)
+4 1720 1
fi=(214)
+2 436 1 0 1 1 0 1 1 0 1
fe=(235)
+10 103 1 0 1
fi=(216)
+4 1719 1 1 0 0 1
+7 * 1 0 1 0 0 1 0 0 1
+7 * 1
+4 * 1 0 1
+7 +1 1 1 1 0 0 0 0 0 0 0 0 1 1
cfi=(236) /usr/src/debug/gcc/gcc-build/x86_64-pc-linux-gnu/libstdc++-v3/src/c++98/numeric_members_cow.cc
cfn=(816) std::numpunct<char>::_M_initialize_numpunct(__locale_struct*)
calls=1 0xd25c0 92 
* * 421 138 76 5 0 0 5 0 0 64 10
fi=(205)
+6 54 1 1
+7 +56 1 1
+5 * 1 0 0 0 0 0 0 0 0 1
+6 -16 1 0 1 1 0 0 1
fi=(214)
+7 659 1 1
+4 * 1 1 0 0 1
+7 * 1 0 1
+4 * 1 1 1 0 0 0 0 0 0 0 0 1 1
cfi=(207)
cfn=(748)
calls=1 0xc8910 507 
* * 15 5 2 0 0 0 0 0 0 2
+6 * 1 1
+4 * 1
+7 * 1 0 1
+4 +56 1 1 0 0 1
+7 436 1 0 1
+10 715 1
+4 * 1 0 1 1 0 0 1
+7 * 1 1 1 0 0 0 0 0 0 0 0 1 1
cfi=(207)
cfn=(726)
calls=1 0xc8390 221 
* * 18 6 2 0 0 0 0 0 0 2 0 1
+6 * 1 0 1
fi=(205)
+7 110 1 1
+5 * 1 0 0 0 0 0 0 0 0 1
+6 -16 1 0 1
fi=(214)
+7 659 1 1
+4 * 1 1
+7 * 1 0 1
+4 * 1 1 1 0 0 0 0 0 0 0 0 1 1
cfi=(207)
cfn=(748)
calls=1 0xc8910 507 
* * 15 5 2 0 0 0 0 0 0 2 1
+6 * 1 1
fi=(218)
+4 1108 1
fi=(214)
+2 659 1 0 0 1 0 0 1
fi=(218)
+7 1108 1
fi=(214)
+7 659 1 0 1
fi=(218)
+4 1107 1 1
+7 +1 1
fi=(214)
+2 436 1 0 1 0 0 1 0 0 1
fi=(218)
+10 1107 1
+4 * 1 0 1
+7 * 1 0 1
+7 +1 1 1 1 0 0 0 0 0 0 0 0 1 1
cfi=(237) /usr/src/debug/gcc/gcc-build/x86_64-pc-linux-gnu/libstdc++-v3/src/c++98/monetary_members_cow.cc
cfn=(822) std::moneypunct<char, false>::_M_initialize_moneypunct(__locale_struct*, char const*)
calls=1 0xd0ce0 372 
* * 114 38 31 5 0 0 5 0 0 13 10
fi=(205)
+6 110 1 1 0 1 0 0 1
+5 * 1 0 0 0 0 0 0 0 0 1
+6 -16 1 0 1
fi=(214)
+7 659 1 1
+4 * 1 1 0 0 1
+7 * 1 0 1
+4 * 1 1 1 0 0 0 0 0 0 0 0 1 1
cfi=(207)
cfn=(748)
calls=1 0xc8910 507 
* * 15 5 2 0 0 0 0 0 0 2
+6 * 1 1
+4 * 1
fi=(218)
+7 1108 1
fi=(214)
+7 659 1 0 1
fi=(218)
+4 1107 1 1 0 0 1
+7 +1 1 0 0 1 0 0 1
+2 * 1
fi=(214)
+2 436 1 0 1
fi=(218)
+10 1107 1
+4 * 1 0 1
+7 * 1 1
+4 * 1 0 1
+7 +1 1 1 1 0 1 0 0 0 0 0 0 1 1
cfi=(237)
cfn=(824) std::moneypunct<char, true>::_M_initialize_moneypunct(__locale_struct*, char const*)
calls=1 0xd07c0 216 
* * 114 38 31 4 0 0 4 0 0 13 8
fi=(205)
+6 110 1 1
+5 * 1 0 0 0 0 0 0 0 0 1
+6 -16 1 0 1
fi=(214)
+7 659 1 1
+4 * 1 1 0 1 0 0 1
+7 * 1 0 1
+4 * 1 1 1 0 0 0 0 0 0 0 0 1 1
cfi=(207)
cfn=(748)
calls=1 0xc8910 507 
* * 15 5 2 0 0 0 0 0 0 2
+6 * 1 1
+4 * 1
+7 * 1 0 1
fi=(218)
+4 1530 1 1
fi=(214)
+7 436 1 0 1
fi=(218)
+10 1530 1
+4 * 1 0 1
fi=(205)
+7 110 1 1 0 1 0 0 1
+5 * 1 0 0 0 0 0 0 0 0 1
+6 -16 1 0 1
fi=(214)
+10 659 1 1
+4 * 1 1
+7 * 1 0 1
+4 * 1 1 1 0 0 0 0 0 0 0 0 1 1
cfi=(207)
cfn=(748)
calls=1 0xc8910 507 
* * 15 5 2 0 0 0 0 0 0 2
+6 * 1 1
+4 * 1
+7 * 1 0 1
fi=(218)
+4 1690 1 1
fi=(214)
+7 436 1 0 1 1 0 0 1
fi=(218)
+10 1690 1
+4 * 1 0 1
fi=(205)
+7 110 1 1
+5 * 1 0 0 0 0 0 0 0 0 1
+6 -16 1 0 1
fi=(214)
+10 659 1 1
+4 * 1 1
+7 * 1 0 1
+4 * 1 1 1 0 0 0 0 0 0 0 0 1 1
cfi=(207)
cfn=(748)
calls=1 0xc8910 507 
* * 15 5 2 0 0 0 0 0 0 2 1
+6 * 1 1
+4 * 1 0 0 1 0 0 1
+7 * 1 0 1
fi=(218)
+4 422 1 1
fi=(214)
+7 +14 1 0 1
fi=(218)
+10 -14 1
+4 * 1 0 1
fi=(205)
+7 110 1 1
+5 * 1 0 0 0 0 0 0 0 0 1
+6 -16 1 0 1
fi=(214)
+10 659 1 1
+4 * 1 1 0 1 0 0 1
+7 * 1 0 1
+4 * 1 1 1 0 0 0 0 0 0 0 0 1 1
cfi=(207)
cfn=(748)
calls=1 0xc8910 507 
* * 15 5 2 0 0 0 0 0 0 2
+6 * 1 1
+4 * 1
fe=(235)
+7 112 1
fi=(214)
+7 659 1 0 1
fe=(235)
+4 112 1
+5 * 1 1 1 0 0 0 0 0 0 0 0 1 1
cfi=(222)
cfn=(826) std::messages<char>::messages(unsigned long)
calls=1 0x13dd60 -68 
* * 42 14 11 2 0 1 2 0 1 2 0 3 2
fi=(205)
+6 -2 1 1
+5 * 1 0 0 0 0 0 0 0 0 1 1
+6 -16 1 0 1 1 0 0 1
fi=(214)
+7 659 1 1
+4 * 1 1
+7 * 1 0 1
+4 * 1 1 1 0 0 0 0 0 0 0 0 1 1
cfi=(207)
cfn=(748)
calls=1 0xc8910 507 
* * 15 5 2 0 0 0 0 0 0 2
+6 * 1 1
fi=(216)
+4 1720 1
fi=(214)
+2 659 1
fi=(216)
+7 1720 1
fi=(214)
+7 659 1 0 1
fe=(235)
+4 115 1 1
fi=(214)
+4 436 1 0 1 0 0 1 0 0 1
fe=(235)
+10 114 1 1 0 1 0 0 1
+4 +1 1 0 1
fi=(216)
+4 1719 1 1 0 0 1
fe=(235)
+7 114 1 0 1
+4 +2 1 1
fi=(216)
+4 1719 1
+4 * 1 0 1
+7 * 1 0 1
+7 +1 1 1 1 0 1 0 0 0 0 0 0 1 1
cfi=(236)
cfn=(828) std::numpunct<wchar_t>::_M_initialize_numpunct(__locale_struct*)
calls=1 0xd2940 183 
* * 353 75 75 5 0 0 5 0 0 64 20
fi=(205)
+6 110 1 1
+5 * 1 0 0 0 0 0 0 0 0 1
+6 -16 1 0 1
fi=(214)
+7 659 1 1 0 1 0 0 1
+4 * 1 1 0 0 1
+7 * 1 0 1
+4 * 1 1 1 0 0 0 0 0 0 0 0 1 1
cfi=(207)
cfn=(748)
calls=1 0xc8910 507 
* * 15 5 2 0 0 0 0 0 0 2
+6 * 1 1
+4 * 1
+7 * 1 0 1
+4 +56 1 1
+7 436 1 0 1
+10 715 1
+4 * 1 0 1
+7 * 1 1 1 1 0 0 1 0 0 0 0 1 1
cfi=(207)
cfn=(726)
calls=1 0xc8390 221 
* * 18 6 2 0 0 0 0 0 0 2 0 1
+6 * 1 0 1
fi=(205)
+7 110 1 1
+5 * 1 0 0 0 0 0 0 0 0 1
+6 -16 1 0 1
fi=(214)
+7 659 1 1
+4 * 1 1 0 0 1
+7 * 1 0 1
+4 * 1 1 1 0 0 0 0 0 0 0 0 1 1
cfi=(207)
cfn=(748)
calls=1 0xc8910 507 
* * 15 5 2 0 0 0 0 0 0 2
+6 * 1 1
fi=(218)
+4 1108 1
fi=(214)
+2 659 1
fi=(218)
+7 1108 1 0 0 1 0 0 1
fi=(214)
+7 659 1 0 1
fi=(218)
+4 1107 1 1
+7 +1 1
fi=(214)
+2 436 1 0 1 0 0 1 0 0 1
fi=(218)
+10 1107 1
+4 * 1 0 1
+7 * 1 1
+4 * 1 0 1
+7 +1 1 1 1 0 1 0 0 0 0 0 0 1 1
cfi=(237)
cfn=(830) std::moneypunct<wchar_t, false>::_M_initialize_moneypunct(__locale_struct*, char const*)
calls=1 0xd1a20 741 
* * 109 30 31 6 0 0 6 0 0 14 6
fi=(205)
+6 110 1 1
+5 * 1 0 0 1 0 0 1 0 0 1
+6 -16 1 0 1
fi=(214)
+7 659 1 1
+4 * 1 1 0 0 1
+7 * 1 0 1
+4 * 1 1 1 0 0 0 0 0 0 0 0 1 1
cfi=(207)
cfn=(748)
calls=1 0xc8910 507 
* * 15 5 2 0 0 0 0 0 0 2
+6 * 1 1
+4 * 1
fi=(218)
+7 1108 1
fi=(214)
+7 659 1 0 1
fi=(218)
+4 1107 1 1 0 0 1
+7 +1 1
+2 * 1 0 0 1 0 0 1
fi=(214)
+2 436 1 0 1
fi=(218)
+10 1107 1
+4 * 1 0 1
+7 * 1 0 1
+7 +1 1 1 1 0 0 0 0 0 0 0 0 1 1
cfi=(237)
cfn=(832) std::moneypunct<wchar_t, true>::_M_initialize_moneypunct(__locale_struct*, char const*)
calls=1 0xd1440 558 
* * 109 30 31 5 0 0 5 0 0 14 5
fi=(205)
+6 110 1 1
+5 * 1 0 0 0 0 0 0 0 0 1
+6 -16 1 0 1
fi=(214)
+7 659 1 1
+4 * 1 1 0 1 1 0 1
+7 * 1 0 1
+4 * 1 1 1 0 0 0 0 0 0 0 0 1 1
cfi=(207)
cfn=(748)
calls=1 0xc8910 507 
* * 15 5 2 0 0 0 0 0 0 2
+6 * 1 1
+4 * 1
+7 * 1 0 1
fi=(218)
+4 1530 1 1 0 0 1
fi=(214)
+7 436 1 0 1
fi=(218)
+10 1530 1
+4 * 1 0 1
fi=(205)
+7 110 1 1
+5 * 1 0 0 1 0 0 1 0 0 1
+6 -16 1 0 1
fi=(214)
+10 659 1 1
+4 * 1 1 0 0 1
+7 * 1 0 1
+4 * 1 1 1 0 0 0 0 0 0 0 0 1 1
cfi=(207)
cfn=(748)
calls=1 0xc8910 507 
* * 15 5 2 0 0 0 0 0 0 2
+6 * 1 1
+4 * 1
+7 * 1 0 1
fi=(218)
+4 1690 1 1
fi=(214)
+7 436 1 0 1 0 0 1 0 0 1
fi=(218)
+10 1690 1 0 0 1 0 0 1
+4 * 1 0 1
fi=(205)
+7 110 1 1
+5 * 1 0 0 0 0 0 0 0 0 1
+6 -16 1 0 1
fi=(214)
+10 659 1 1
+4 * 1 1
+7 * 1 0 1
+4 * 1 1 1 0 0 0 0 0 0 0 0 1 1
cfi=(207)
cfn=(748)
calls=1 0xc8910 507 
* * 15 5 2 0 0 0 0 0 0 2
+6 * 1 1
+4 * 1
+7 * 1 0 1 1 0 0 1
fi=(218)
+4 422 1 1 0 0 1
fi=(214)
+7 +14 1 0 1
fi=(218)
+10 -14 1
+4 * 1 0 1
fi=(205)
+7 110 1 1
+5 * 1 0 0 0 0 0 0 0 0 1
+6 -16 1 0 1
fi=(214)
+10 659 1 1
+4 * 1 1
+7 * 1 0 1 1 0 0 1
+4 * 1 1 1 0 0 0 0 0 0 0 0 1 1
cfi=(207)
cfn=(748)
calls=1 0xc8910 507 
* * 15 5 2 0 0 0 0 0 0 2
+6 * 1 1
+4 * 1
fe=(235)
+7 125 1
fi=(214)
+7 659 1 0 1
fe=(235)
+4 125 1
+5 * 1 1 1 0 0 0 0 0 0 0 0 1 1
cfi=(222)
cfn=(834) std::messages<wchar_t>::messages(unsigned long)
calls=1 0x16cb80 -81 
* * 42 14 11 1 1 0 1 0 0 2 0 3
fi=(205)
+6 -15 1 1
+5 * 1 0 0 0 0 0 0 0 0 1
+6 -16 1 0 1
fi=(214)
+7 659 1 1 0 1 0 0 1
+4 * 1 1
+7 * 1 1 1 0 0 0 0 0 0 0 0 1 1
cfi=(207)
cfn=(748)
calls=1 0xc8910 507 
* * 15 5 2 0 0 0 0 0 0 2
+6 * 1
fe=(235)
+7 129 1 1
fi=(214)
+7 659 1 0 1
fe=(235)
+4 129 1 1
+4 * 1 1 1 0 0 0 0 0 0 0 0 1 1
cfi=(207)
cfn=(748)
calls=1 0xc8910 507 
* * 6 2 0 0 0 0 0 0 0 1 1
+6 +1 1 1
+7 -1 1 0 1
+4 +1 1 1
+4 * 1 1 1 0 0 0 0 0 0 0 0 1 1
cfi=(207)
cfn=(748)
calls=1 0xc8910 507 
* * 6 2 0 0 0 0 0 0 0 1 1
+6 +1 1 1 0 1 0 0 1
+7 -1 1 0 1
+4 +1 1 1
+4 * 1 1 1 0 0 0 0 0 0 0 0 1 1
cfi=(207)
cfn=(748)
calls=1 0xc8910 507 
* * 6 2 0 0 0 0 0 0 0 1 1
+6 * 1 1
+4 +2 1 1
+7 -2 1 0 1
+4 +2 1 1
+4 * 1 1 1 0 0 0 0 0 0 0 0 1 1
cfi=(207)
cfn=(748)
calls=1 0xc8910 507 
* * 6 2 0 0 0 0 0 0 0 1 1
+6 * 1 1
+4 +1 1 1
+7 -1 1 0 1
+4 +1 1 1
+4 * 1 1 1 1 0 0 1 0 0 0 0 1 1
cfi=(207)
cfn=(748)
calls=1 0xc8910 507 
* * 6 2 0 0 0 0 0 0 0 1 1
+6 * 1 1
+4 +1 1 1
+4 * 1 1
+7 -1 1 0 1
+4 +1 1 1 1 0 0 0 0 0 0 0 0 1 1
cfi=(207)
cfn=(748)
calls=1 0xc8910 507 
* * 6 2 0 0 0 0 0 0 0 1 1
+6 * 1 0 1
+4 +2 1
+4 * 1 1
+1 * 1 1
+2 * 1 1
+2 * 1 1
+2 * 1 1
+2 * 1 1
+1 * 1 1

fl=(319) /usr/src/debug/gcc/gcc-build/x86_64-pc-linux-gnu/libstdc++-v3/include/bits/sstream.tcc
fn=(1240) std::__cxx11::basic_stringbuf<char, std::char_traits<char>, std::allocator<char> >::_M_sync(char*, unsigned long, unsigned long)
0x15a050 249 128 0 0 1 0 0 1
fi=(311)
+4 -10 128 128
fe=(319)
+4 +10 128
fi=(311)
+3 +8 128
+4 1165 128 128
+4 280 128
+3 * 128 0 0 0 0 0 0 0 0 128
+6 1279 128 128
fe=(319)
+4 252 128 128
+3 +2 128
+3 +1 128
+3 +2 128
+3 * 128 0 0 0 0 0 0 0 0 128 3
+10 +8 128 0 0 1 0 0 1
+4 * 128 0 0 0 0 0 0 0 0 128 3
+14 +1 128
+3 +1 128
fi=(300)
+3 520 128 0 128
fe=(319)
+4 266 128 0 128
fi=(300)
+4 522 128 0 128
fe=(319)
+4 267 128 0 0 0 0 0 0 0 0 128
+2 +2 128
+3 * 128
+3 * 128 128 0 0 0 0 0 0 0 0 0 128 1
cfn=(1244) std::__cxx11::basic_stringbuf<char, std::char_traits<char>, std::allocator<char> >::_M_pbump(char*, char*, long)
calls=128 0x159ca0 +11 
* * 1408 128 384 3 0 0 2 0 0 128 3

fn=(1244)
0x159ca0 280 128 0 0 2 0 0 1
fi=(300)
+4 566 128 0 128
fe=(319)
+4 280 128
fi=(300)
+3 567 128 0 128
fe=(319)
+4 284 128
+7 * 128 0 0 0 0 0 0 0 0 128 3
0x159d50 * 128 0 0 1 0 0 1
fi=(300)
+3 554 128
+2 * 128
+3 * 128 0 128
fe=(319)
+4 290 128 128

fn=(1344) std::__cxx11::basic_stringbuf<char, std::char_traits<char>, std::allocator<char> >::underflow()
0x1587f0 153 128 0 0 1 0 0 1
+4 +5 128 128
+4 * 128 0 0 0 0 0 0 0 0 128
fi=(300)
+2 541 128 128
+4 -44 128 128 0 1 0 0 1
fi=(334) /usr/src/debug/gcc/gcc-build/x86_64-pc-linux-gnu/libstdc++-v3/include/sstream
+4 -77 128
+3 * 128 0 0 0 0 0 0 0 0 128
+2 +3 128
+3 * 128 0 0 0 0 0 0 0 0 128
+2 * 128
+3 * 128 0 0 0 0 0 0 0 0 128
fi=(300)
+2 +71 128 128
fe=(319)
+4 163 128
+3 * 128 0 0 0 0 0 0 0 0 128 128
+24 -7 128
+5 * 128 128

fl=(207)
fn=(734) std::locale::facet::_S_initialize_once()
0xc7bc0 208 1 0 0 1 0 0 1
+4 +4 1
+7 * 1 1
+4 * 1 0 0 0 0 0 0 0 0 1 1
+9 +4 1
+7 * 1
+2 * 1 1 0 0 1 0 0 0 0 0 0 1 1
cfi=(211) /usr/src/debug/gcc/gcc-build/x86_64-pc-linux-gnu/libstdc++-v3/src/c++98/c++locale.cc
cfn=(736) std::locale::facet::_S_create_c_locale(__locale_struct*&, char const*, __locale_struct*)
calls=1 0xd6e60 -82 
* * 52 16 11 7 1 1 7 0 0 7 3 1 1

fn=(746)
0xc8980 325 32 0 0 1 0 0 1
+4 * 32 0 32
+1 * 32
+3 * 32 0 32
+2 * 32 0 32
+2 * 32 0 32
+2 * 32 0 32
+2 * 32 0 32
+1 * 32
+4 * 32 0 32
+4 +1 32
+3 * 32 0 0 0 0 0 0 0 0 32 2
+6 * 32
+3 * 32
+3 +2 32 32 32 0 1 0 0 0 0 0 0 32 1
cfn=(748)
calls=32 0xc8910 507 
* * 480 160 64 1 8 0 1 7 0 64
+6 +3 32 32
+4 -3 32
+3 +3 32
+4 * 32
+3 * 32 0 0 1 0 0 1 0 0 32 8
fi=(205)
0xc8adf 54 32 32 0 1 0 0 1
+7 +40 32 32
+4 +16 32 32
+4 * 32 0 0 0 0 0 0 0 0 32
+6 -16 32 0 32
fe=(207)
+4 369 32 32
+4 * 32
+4 +1 32 32 0 1 0 0 1
+3 -1 32 0 32
+4 +1 32
+3 * 32 0 0 0 0 0 0 0 0 32 6
0xc8c00 +36 32 32 0 1 0 0 1
+4 * 32 32
+4 * 32 0 32
+3 +15 32 32
+5 * 32 0 0 0 0 0 0 0 0 32
+2 * 32 32
+4 * 32
+3 * 32
+19 * 1536
+4 * 1536 1536
+4 * 1536 0 0 0 0 0 0 0 0 1536 32
+2 +2 1536 1536
+4 +1 1536 0 0 1 0 0 1
+8 * 1536
+3 * 1536 0 0 0 0 0 0 0 0 1536 4
+75 +7 32 0 0 1 0 0 1
+4 * 32 32
+1 * 32 32
+2 * 32 32
+2 * 32 32
+2 * 32 32
+2 * 32 32
+1 * 32 32

fn=(722)
0xc83e0 233 7 0 0 1 0 0 1
+4 * 7
+7 * 7 7

fn=(726)
0xc8390 221 24526 0 0 2 0 0 1
fi=(382) /usr/src/debug/gcc/gcc-build/x86_64-pc-linux-gnu/libstdc++-v3/include/x86_64-pc-linux-gnu/bits/gthr-default.h
+4 746 24526
+7 * 24526
fe=(207)
+7 221 24526 0 24526
+1 * 24526
fi=(382)
+3 746 24526 24526 24526 0 2 1 0 0 0 0 0 24526 1
cob=(2)
cfi=(209) /usr/src/debug/glibc/glibc/nptl/pthread_once.c
cfn=(728) pthread_once@@GLIBC_2.34
calls=24526 0x9bf10 136 
* * 147287 49086 35 19 7 3 17 2 0 24540 9 3 3
fe=(207)
+6 226 24526
+7 * 24526 24526
+3 * 24526
+3 * 24526 0 0 0 0 0 0 0 0 24526
+2 +3 24526 24526
+1 * 24526 24526

fn=(854)
0xc86c0 91 656 0 0 2 0 0 1
+4 +2 656
+7 * 656 656
+3 * 656 656
+3 * 656 0 0 0 0 0 0 0 0 656 141
fi=(214)
+26 605 656 656
fe=(207)

fn=(836)
0xc7c30 88 1 0 0 1 0 0 1
+4 * 1 0 1
+3 +1 1 1

fn=(748)
0xc8910 507 33893 0 0 1 0 0 1
+4 +1 33893 33893 0 0 11 0 0 7
+3 * 33893
+3 * 33893 0 0 0 0 0 0 0 0 33893 22
fi=(205)
+2 54 48 48
fe=(207)
+7 521 48 48
+3 * 48 0 0 0 0 0 0 0 0 48
+2 +22 48
+7 * 48 48
+2 * 48
+3 * 48 0 48
+2 * 48
+2 * 48 0 48
+3 +2 48
+4 +1 48 48
-4 -1 33845
+4 +1 33845 33845

fn=(852)
0xc8610 120 396 0 0 2 0 0 1
+4 * 396
+3 +1 396
+7 * 396 396
+3 * 396 396
+3 * 396
+3 * 396 0 0 0 0 0 0 0 0 396 9
+38 +4 396 396
+3 * 396 0 396
+3 +2 396
+3 * 396 396
+17 -4 396 396 0 2 0 0 1
+3 * 396
+3 * 396 0 0 0 0 0 0 0 0 396 9

fl=(330) /usr/src/debug/gcc/gcc/libstdc++-v3/libsupc++/del_op.cc
fn=(1330) operator delete(void*)
0xb0620 48 16918 0 0 1 0 0 1
+4 +1 16918 16918 0 0 9 0 0 0 0 0 0 16918 1
cob=(2)
cfi=(188) /usr/src/debug/glibc/glibc/malloc/malloc.c
cfn=(1332) free
calls=16918 0xa7f30 3516 
* * 614708 163726 73756 28 347 5 21 0 0 125134 154

fl=(344) /usr/src/debug/gcc/gcc-build/x86_64-pc-linux-gnu/libstdc++-v3/include/bits/ostream.tcc
fn=(1494) std::ostream::sentry::sentry(std::ostream&)
0x1520d0 50 16259 0 0 1 0 0 1
+4 +5 16259 16259
+3 -3 16259 0 16259
+3 -2 16259
+3 +2 16259 0 16259
+4 +3 16259 16259
+4 * 16259
fi=(239)
+3 311 16259 16259
+7 147 16259 16259 0 0 1
fe=(344)
+3 -92 16259
+3 * 16259 0 0 0 0 0 0 0 0 16259 11
+2 * 1
+2 * 1 0 0 0 0 0 0 0 0 1 1
+7 -5 1 0 1 1 0 0 1
+1 +6 1
+3 -6 1
+3 * 1
+4 * 1 0 1
+4 * 1 0 1
+4 +6 1 1 1 0 0 0 0 0 0 0 0 1 1
cfn=(1683) std::ostream::flush()'2
calls=1 0x151ea0 225 
* * 129 53 21 0 0 0 0 0 0 18 5 4
+6 +2 1 1
+4 * 1 1
+4 * 1 1
+3 * 1 1
fi=(239)
+4 +89 1 1
fe=(344)
+3 -89 1
+3 * 1
+2 * 1 0 0 0 0 0 0 0 0 1
+2 +1 1 0 1
+3 +3 1 1
+1 * 1 1
+10 -4 16258 0 0 1 0 0 1
+2 * 16258 0 0 0 0 0 0 0 0 16258
+2 +1 16258 0 16258
+3 * 16258 16258

fn=(1495) std::ostream::sentry::sentry(std::ostream&)'2
0x1520d0 50 1
+4 +5 1 1
+3 -3 1 0 1
+3 -2 1
+3 +2 1 0 1
+4 +3 1 1
+4 * 1
fi=(239)
+3 311 1 1
+7 147 1 1
fe=(344)
+3 -92 1
+3 * 1 0 0 0 0 0 0 0 0 1
+75 +3 1
+2 * 1 0 0 0 0 0 0 0 0 1
+2 +1 1 0 1
+3 * 1 1

fn=(1682) std::ostream::flush()
0x151ea0 225 3 0 0 1 0 0 1
+4 * 3 0 3
+1 * 3
+3 * 3 0 3
+2 * 3 0 3
+2 * 3 0 3
+1 * 3
+4 +8 3 3 0 0 2
+3 -8 3 3
+9 * 3 0 3 1 0 0 1
+4 * 3
fi=(239)
+3 338 3 3 0 0 1
fe=(344)
+4 233 3 3 0 0 2
+9 * 3 0 0 0 0 0 0 0 0 3
+2 +2 3
+3 * 3
+4 * 3 3 3 0 0 0 0 0 0 0 0 3 1
cfn=(1494)
calls=3 0x1520d0 50 
* * 190 75 34 1 1 0 1 0 0 25 9 5 1
+6 +1 3 3
+4 * 3 0 0 0 0 0 0 0 0 3 1
+2 +5 3 3
fi=(239)
+3 +97 3 3
+4 * 3 3
fi=(300)
+8 -58 3 3 0 0 2
+3 * 3 3 3 0 1 0 0 0 0 0 0 3 1
cfi=(238) /usr/src/debug/gcc/gcc-build/x86_64-pc-linux-gnu/libstdc++-v3/include/ext/stdio_sync_filebuf.h
cfn=(1684) __gnu_cxx::stdio_sync_filebuf<char, std::char_traits<char> >::sync()
calls=3 0x123a80 -87 
* * 216 78 33 10 9 0 10 2 0 33 9 6 2
fe=(344)
+3 -39 3
+3 * 3 0 0 1 0 0 1 0 0 3
fi=(242) /usr/src/debug/gcc/gcc-build/x86_64-pc-linux-gnu/libstdc++-v3/include/bits/ostream.h
+6 577 3 3
+4 * 3 3
+4 * 3 3
+4 * 3
+3 +1 3 3
+4 * 3 0 0 0 0 0 0 0 0 3 1
fe=(344)
+2 256 3 3
+4 * 3 3
+9 * 3 0 0 0 0 0 0 0 0 3
+6 * 3
+4 * 3
+3 * 3 3
+1 * 3 3
+2 * 3 3
+2 * 3 3
+1 * 3 3
fi=(242)
+7 577 1 1 0 1 0 0 1
+3 * 1
+2 * 1 0 0 0 0 0 0 0 0 1
+2 +1 1 0 1
+4 * 1 1 1 0 0 0 0 0 0 0 0 1 1
cfi=(375) /usr/src/debug/gcc/gcc/libstdc++-v3/libsupc++/eh_catch.cc
cfn=(1694) std::uncaught_exception()
calls=1 0xb0d70 138 
* * 29 14 4 5 6 0 5 0 0 2 1 2 2
+6 * 1
+2 * 1 0 0 0 0 0 0 0 0 1
+2 -63 1 1
fi=(239)
+4 338 1 1
fi=(242)
+7 515 1 1
+4 +1 1 0 1
+7 +69 1
+3 * 1 0 0 0 0 0 0 0 0 1 1
fi=(300)
+2 280 1 1
+3 * 1 1 1 0 0 0 0 0 0 0 0 1 1
cfi=(238)
cfn=(1684)
calls=1 0x123a80 -87 
* * 72 26 11 0 0 0 0 0 0 11 2 2
fi=(242)
+3 585 1
+3 * 1 0 0 0 0 0 0 0 0 1
+2 -66 1 1
+4 * 1 1 0 1 0 0 1
+4 * 1
+3 * 1 0 1
+4 * 1
fe=(344)

fn=(1683)
0x151ea0 225 1
+4 * 1 0 1
+1 * 1
+3 * 1 0 1
+2 * 1 0 1
+2 * 1 0 1
+1 * 1
+4 +8 1 1
+3 -8 1 1
+9 * 1 0 1
+4 * 1
fi=(239)
+3 338 1 1
fe=(344)
+4 233 1 1
+9 * 1 0 0 0 0 0 0 0 0 1 1
+2 +2 1
+3 * 1
+4 * 1 1 1 0 0 0 0 0 0 0 0 1
cfn=(1495)
calls=1 0x1520d0 50 
* * 15 5 3 0 0 0 0 0 0 2
+6 +1 1 1
+4 * 1 0 0 0 0 0 0 0 0 1
+2 +5 1 1
fi=(239)
+3 +97 1 1
+4 * 1 1
fi=(300)
+8 -58 1 1
+3 * 1 1 1 0 0 0 0 0 0 0 0 1
cfi=(238)
cfn=(1684)
calls=1 0x123a80 -87 
* * 72 26 11 0 0 0 0 0 0 11 4 2
fe=(344)
+3 -39 1
+3 * 1 0 0 0 0 0 0 0 0 1
fi=(242)
+6 577 1 1
+4 * 1 1
+4 * 1 1
+4 * 1
+3 +1 1 1
+4 * 1 0 0 0 0 0 0 0 0 1
fe=(344)
+2 256 1 1
+4 * 1 1
+9 * 1 0 0 0 0 0 0 0 0 1
+6 * 1
+4 * 1
+3 * 1 1
+1 * 1 1
+2 * 1 1
+2 * 1 1
+1 * 1 1

fn=(1702) std::basic_ostream<wchar_t, std::char_traits<wchar_t> >::flush()
0x1556d0 225 3 0 0 1 0 0 1
+4 * 3 0 3
+1 * 3
+3 * 3 0 3
+2 * 3 0 3
+2 * 3 0 3
+1 * 3
+4 +8 3 3 0 0 3
+3 -8 3 3
+9 * 3 0 3
+4 * 3
fi=(239)
+3 338 3 3 0 0 1
fe=(344)
+4 233 3 3 0 1 3 0 1
+9 * 3 0 0 0 0 0 0 0 0 3 1
+2 +2 3
+3 * 3
+4 * 3 3 3 0 0 0 0 0 0 0 0 3 1
cfn=(1704) std::basic_ostream<wchar_t, std::char_traits<wchar_t> >::sentry::sentry(std::basic_ostream<wchar_t, std::char_traits<wchar_t> >&)
calls=3 0x155900 50 
* * 190 75 34 2 1 0 2 0 0 25 5 5 1
+6 +1 3 3
+4 * 3 0 0 0 0 0 0 0 0 3
+2 +5 3 3
fi=(239)
+3 +97 3 3
+4 * 3 3
fi=(300)
+8 -58 3 3 0 0 2
+3 * 3 3 3 0 1 0 0 0 0 0 0 3 1
cfi=(238)
cfn=(1706) __gnu_cxx::stdio_sync_filebuf<wchar_t, std::char_traits<wchar_t> >::sync()
calls=3 0x123a90 -87 
* * 216 78 33 0 2 0 0 0 0 33 3 6 1
fe=(344)
+3 -39 3
+3 * 3 0 0 0 0 0 0 0 0 3
fi=(242)
+6 577 3 3
+4 * 3 3
+4 * 3 3
+4 * 3 0 0 1 0 0 1
+3 +1 3 3
+4 * 3 0 0 0 0 0 0 0 0 3 3
fe=(344)
+2 256 3 3
+4 * 3 3
+9 * 3 0 0 0 0 0 0 0 0 3 1
+6 * 3
+4 * 3
+3 * 3 3
+1 * 3 3
+2 * 3 3
+2 * 3 3
+1 * 3 3
fi=(242)
+7 577 1 1
+3 * 1
+2 * 1 0 0 0 0 0 0 0 0 1
+2 +1 1 0 1
+4 * 1 1 1 1 0 0 1 0 0 0 0 1 1
cfi=(375)
cfn=(1694)
calls=1 0xb0d70 138 
* * 29 14 4 0 0 0 0 0 0 2 0 2
+6 * 1
+2 * 1 0 0 0 0 0 0 0 0 1
+2 -63 1 1
fi=(239)
+4 338 1 1
fi=(242)
+7 515 1 1
+4 +1 1 0 1
+7 +69 1
+3 * 1 0 0 0 0 0 0 0 0 1
fi=(300)
+2 280 1 1
+3 * 1 1 1 0 0 0 0 0 0 0 0 1 1
cfi=(238)
cfn=(1706)
calls=1 0x123a90 -87 
* * 72 26 11 0 0 0 0 0 0 11 1 2
fi=(242)
+3 585 1
+3 * 1 0 0 0 0 0 0 0 0 1
+2 -66 1 1
+4 * 1 1
+4 * 1
+3 * 1 0 1
+4 * 1
fe=(344)

fn=(1703) std::basic_ostream<wchar_t, std::char_traits<wchar_t> >::flush()'2
0x1556d0 225 1
+4 * 1 0 1
+1 * 1
+3 * 1 0 1
+2 * 1 0 1
+2 * 1 0 1
+1 * 1
+4 +8 1 1
+3 -8 1 1
+9 * 1 0 1
+4 * 1
fi=(239)
+3 338 1 1
fe=(344)
+4 233 1 1
+9 * 1 0 0 0 0 0 0 0 0 1
+2 +2 1
+3 * 1
+4 * 1 1 1 0 0 0 0 0 0 0 0 1
cfn=(1705) std::basic_ostream<wchar_t, std::char_traits<wchar_t> >::sentry::sentry(std::basic_ostream<wchar_t, std::char_traits<wchar_t> >&)'2
calls=1 0x155900 50 
* * 15 5 3 0 0 0 0 0 0 2 1
+6 +1 1 1
+4 * 1 0 0 0 0 0 0 0 0 1
+2 +5 1 1
fi=(239)
+3 +97 1 1
+4 * 1 1
fi=(300)
+8 -58 1 1
+3 * 1 1 1 0 0 0 0 0 0 0 0 1
cfi=(238)
cfn=(1706)
calls=1 0x123a90 -87 
* * 72 26 11 0 0 0 0 0 0 11 0 2
fe=(344)
+3 -39 1
+3 * 1 0 0 0 0 0 0 0 0 1
fi=(242)
+6 577 1 1
+4 * 1 1
+4 * 1 1
+4 * 1
+3 +1 1 1
+4 * 1 0 0 0 0 0 0 0 0 1 1
fe=(344)
+2 256 1 1
+4 * 1 1
+9 * 1 0 0 0 0 0 0 0 0 1 1
+6 * 1
+4 * 1
+3 * 1 1
+1 * 1 1
+2 * 1 1
+2 * 1 1
+1 * 1 1

fn=(1704)
0x155900 50 3 0 0 1 0 0 1
+4 +5 3 3
+3 -3 3 0 3
+3 -2 3
+3 +2 3 0 3
+4 +3 3 3
+4 * 3
fi=(239)
+3 311 3 3
+7 147 3 3 0 0 1
fe=(344)
+3 -92 3
+3 * 3 0 0 0 0 0 0 0 0 3 1
+2 * 1
+2 * 1 0 0 0 0 0 0 0 0 1 1
+7 -5 1 0 1
+1 +6 1
+3 -6 1
+3 * 1
+4 * 1 0 1
+4 * 1 0 1
+4 +6 1 1 1 0 0 0 0 0 0 0 0 1 1
cfn=(1703)
calls=1 0x1556d0 225 
* * 129 53 21 0 0 0 0 0 0 18 3 4
+6 +2 1 1
+4 * 1 1
+4 * 1 1
+3 * 1 1
fi=(239)
+4 +89 1 1
fe=(344)
+3 -89 1
+3 * 1
+2 * 1 0 0 0 0 0 0 0 0 1
+2 +1 1 0 1
+3 +3 1 1
+1 * 1 1
+10 -4 2 0 0 1 0 0 1
+2 * 2 0 0 0 0 0 0 0 0 2
+2 +1 2 0 2
+3 * 2 2

fn=(1705)
0x155900 50 1
+4 +5 1 1
+3 -3 1 0 1
+3 -2 1
+3 +2 1 0 1
+4 +3 1 1
+4 * 1
fi=(239)
+3 311 1 1
+7 147 1 1
fe=(344)
+3 -92 1
+3 * 1 0 0 0 0 0 0 0 0 1 1
+75 +3 1
+2 * 1 0 0 0 0 0 0 0 0 1
+2 +1 1 0 1
+3 * 1 1

fn=(1492) std::ostream& std::ostream::_M_insert<double>(double)
0x154690 67 8128 0 0 1 0 0 1
+4 * 8128 0 8128
+1 * 8128
+3 * 8128 0 8128
+2 * 8128
+5 * 8128 0 8128
+2 * 8128 0 8128
+2 * 8128 0 8128
+2 * 8128 0 8128
+1 * 8128
+3 * 8128
+4 +3 8128 8128
+9 * 8128 0 8128
+4 * 8128
+3 * 8128 0 0 1 0 0 1
+4 * 8128 8128 8128 0 0 0 0 0 0 0 0 8128 1
cfn=(1494)
calls=8128 0x1520d0 -20 
* * 121920 40640 24384 2 0 0 2 0 0 16256 3
+6 +1 8128 8128
+4 * 8128 0 0 0 0 0 0 0 0 8128
+2 +6 8128 8128
+3 * 8128 8128
+4 * 8128
+3 * 8128 8128
fi=(239)
+7 -26 8128
+3 * 8128 0 0 0 0 0 0 0 0 8128
+6 389 8128 8128
+7 * 8128 0 0 0 0 0 0 0 0 8128
fi=(216)
+6 2474 8128 8128
fi=(239)
+8 338 8128 8128 0 1 0 0 1
fi=(216)
+7 2474 8128 8128 0 0 1
+4 * 8128
+2 * 8128
+3 * 8128
fi=(307)
+5 287 8128
+3 * 8128
fi=(216)
+3 2474 8128 8128 8128 0 1 0 0 0 0 0 0 8128 1
cfi=(306) /usr/src/debug/gcc/gcc-build/x86_64-pc-linux-gnu/libstdc++-v3/include/bits/locale_facets.tcc
cfn=(1500) std::num_put<char, std::ostreambuf_iterator<char, std::char_traits<char> > >::do_put(std::ostreambuf_iterator<char, std::char_traits<char> >, std::ios_base&, char, double) const
calls=8128 0x141960 1182 
* * 22683162 5393498 3509122 181 45 141 167 14 0 3272642 69497 170729 21
fe=(344)
+3 82 8128
+2 * 8128 0 0 0 0 0 0 0 0 8128
fi=(242)
+6 577 8128 8128
+4 * 8128 8128
+4 * 8128 8128
+4 * 8128
+3 +1 8128 8128
+5 * 8128 0 0 0 0 0 0 0 0 8128 5
fe=(344)
+10 96 8128 8128 0 1 0 0 1
+4 * 8128 8128
+9 * 8128 0 0 0 0 0 0 0 0 8128 2
+6 * 8128
+4 * 8128
+3 * 8128 8128
+1 * 8128 8128
+2 * 8128 8128
+2 * 8128 8128
+2 * 8128 8128
+2 * 8128 8128
+1 * 8128 8128

fl=(215)
fn=(798)
0xc2e60 118 1 0 0 1 0 0 1
+4 * 1 0 1
fi=(214)
+1 436 1
+2 * 1
+3 * 1
fe=(215)
+3 118 1
+3 * 1 0 1
+2 * 1 0 1
+1 * 1
fi=(214)
+3 436 1 0 1 0 0 1 0 0 1
fe=(215)
+3 121 1 1
+7 * 1 0 0 1 0 0 1
+4 * 1 0 1
+3 * 1 1 1 0 0 0 0 0 0 0 0 1 1
cfi=(207)
cfn=(726)
calls=1 0xc8390 221 
* * 18 6 2 0 0 0 0 0 0 2 0 1
+6 * 1 0 1 0 0 1 0 0 1
+4 +1 1 1
+1 * 1 1
+2 * 1 1
+1 * 1 1

fn=(754)
0xc2dc0 38 1 0 0 1 0 0 1
+4 * 1 0 1
fi=(214)
+1 436 1
+2 * 1
+3 * 1
fe=(215)
+3 38 1
+3 * 1 0 1
+2 * 1 0 1
+1 * 1
fi=(214)
+3 436 1 0 1 0 0 1 0 0 1
fe=(215)
+3 41 1 1 0 0 1
+7 * 1
+4 * 1 0 1
+3 * 1 1 1 0 0 0 0 0 0 0 0 1 1
cfi=(207)
cfn=(726)
calls=1 0xc8390 221 
* * 18 6 2 0 0 0 0 0 0 2 0 1
+6 * 1 0 1
+4 +1 1 1
+1 * 1 1
+2 * 1 1
+1 * 1 1

fn=(1140) std::codecvt<char, char, __mbstate_t>::do_always_noconv() const
0xc2c80 100 16272 0 0 3 0 0 1
+4 * 16272
+5 * 16272 16272

fl=(345) /usr/src/debug/gcc/gcc/libstdc++-v3/src/c++98/locale_facets.cc
fn=(1506) std::__num_base::_S_format_float(std::ios_base const&, char*, char)
0xc9200 64 8128 0 0 1 0 0 1
+4 * 8128
+3 * 8128
+2 +2 8128
fi=(241)
+4 695 8128 8128
fe=(345)
+3 66 8128 0 8128
+3 +2 8128
+3 * 8128 0 0 0 0 0 0 0 0 8128 1
+10 +2 8128
+3 * 8128 0 0 0 0 0 0 0 0 8128
fi=(241)
+9 +17 8128
+2 * 8128
+5 * 8128
fe=(345)
+6 -10 8128
+6 * 8128 0 0 1 0 0 1 0 0 8128
+2 +4 8128
+5 * 8128 0 8128
+3 +4 8128
+3 * 8128 0 0 0 0 0 0 0 0 8128 2
+15 +9 8128
+3 * 8128
+2 * 8128
+3 -1 8128
+6 * 8128 0 0 0 0 0 0 0 0 8128 2
+23 -11 8128 0 0 1 0 0 1
+4 +9 8128
+3 * 8128 0 0 0 0 0 0 0 0 8128 1
+65 +9 8128 0 0 1 0 0 1
+3 * 8128
+4 * 8128 0 8128
+2 +1 8128 0 8128
+3 +1 8128 8128

fl=(204) /usr/src/debug/gcc/gcc/libstdc++-v3/src/c++98/ios_init.cc
fn=(1678) std::ios_base::Init::~Init()
0xc7140 123 1 0 0 1 0 0 1
fi=(205)
+4 -69 1 1 0 0 1
+7 +32 1
+7 +14 1 1
+3 * 1 0 0 0 0 0 0 0 0 1
+2 -14 1 1
+2 +1 1
+3 * 1 0 1
fe=(204)
+2 +40 1
+3 * 1 0 0 0 0 0 0 0 0 1 1
+21 -4 1 0 1
+1 +11 1 1 0 0 1
+7 -11 1 0 0 1 0 0 1
+3 +11 1 1 1 0 1 0 0 0 0 0 0 1 1
cfi=(344)
cfn=(1682)
calls=1 0x151ea0 +91 
* * 129 53 21 13 11 0 13 1 0 18 6 4 4
+6 +1 1 1 0 0 1
+7 * 1 1 1 0 0 0 0 0 0 0 0 1 1
cfi=(344)
cfn=(1682)
calls=1 0x151ea0 +90 
* * 397 162 66 8 11 0 8 1 0 54 16 15 5
+6 +1 1 1
+7 * 1 1 1 0 0 0 0 0 0 0 0 1 1
cfi=(344)
cfn=(1682)
calls=1 0x151ea0 +89 
* * 129 53 21 0 2 0 0 0 0 18 2 4
+6 +3 1 1 0 0 1
+7 * 1 1 1 0 1 0 0 0 0 0 0 1 1
cfi=(344)
cfn=(1702)
calls=1 0x1556d0 +86 
* * 129 53 21 5 6 0 5 0 0 18 4 4 3
+6 +1 1 1 0 0 1
+7 * 1 1 1 0 0 0 0 0 0 0 0 1 1
cfi=(344)
cfn=(1702)
calls=1 0x1556d0 +85 
* * 397 162 66 1 5 0 1 0 0 54 8 15 3
+6 +1 1 1 0 1 1 0 1
+7 * 1 1 1 0 0 0 0 0 0 0 0 1 1
cfi=(344)
cfn=(1702)
calls=1 0x1556d0 +84 
* * 129 53 21 0 2 0 0 0 0 18 2 4
+6 +6 1 1
+1 * 1 1

fn=(710) std::ios_base::Init::Init()
0xc6a80 78 1 0 0 1 0 0 1
+4 * 1 0 1
+1 * 1
+3 * 1 0 1
+2 * 1 0 1
+2 * 1 0 1
+2 * 1 0 1
+2 * 1 0 1
+1 * 1
fi=(205)
+4 +22 1 1 0 0 1
+7 -14 1
+7 +14 1 1
+3 * 1 0 0 0 0 0 0 0 0 1
+2 -14 1 1 0 0 1 0 0 1
+2 +1 1
+3 * 1 0 1
fe=(204)
+2 -7 1
+2 * 1 0 0 0 0 0 0 0 0 1 1
+36 * 1 1 0 1 1 0 1
fi=(300)
+7 475 1
+4 * 1
+7 -1 1 0 1 0 0 1
+11 +1 1 0 1 0 0 1
+7 * 1
+4 * 1 0 0 1 0 0 1
+4 * 1 0 1
+7 * 1
+5 * 1 1 0 0 1
+7 * 1
+5 * 1
+4 * 1
+4 * 1 0 1
+4 * 1
+5 * 1 1 0 0 1
+7 * 1 0 1
+4 * 1
+4 * 1
+4 * 1 0 0 1 0 0 1
+5 * 1 1 0 0 1
+7 * 1
+5 * 1
+4 * 1
+4 * 1 0 1
+4 * 1
fe=(204)
+5 83 1
fi=(300)
+7 475 1 0 1
fe=(204)
+7 83 1 0 1 0 0 1
+3 +2 1 1 0 0 1
fi=(300)
+7 475 1 0 1
fe=(204)
+4 85 1 1
fi=(300)
+3 475 1 1 1 1 1 0 1 0 0 0 0 1 1
cfi=(206)
cfn=(714)
calls=1 0xe1ba0 269 
* * 36165 10487 4348 254 136 102 254 21 94 7070 315 812 129
fi=(238)
+6 83 1 1 0 0 1
fi=(300)
+7 475 1
+4 * 1 1
fi=(238)
+5 83 1 0 1
fi=(300)
+7 475 1
fi=(238)
+7 83 1
fe=(204)
+4 +3 1 1
fi=(300)
+7 475 1 0 1 0 0 1
+7 * 1 0 1
fe=(204)
+7 86 1 1
fi=(300)
+3 475 1 0 1 1 0 0 1
fi=(238)
+7 83 1 0 1
+7 * 1 0 1
fi=(300)
+10 474 1 0 1
+11 +1 1 1 1 0 0 0 0 0 0 0 0 1 1
cfi=(206)
cfn=(714)
calls=1 0xe1ba0 269 
* * 26 10 6 0 0 0 0 0 0 3 1
fe=(204)
+6 87 1 1 0 0 1
fi=(300)
+7 475 1
+4 * 1 1
+5 * 1 0 1 0 0 1
+7 * 1 0 0 1 0 0 1
+7 * 1 0 1 0 0 1
fi=(238)
+7 83 1 0 1
fe=(204)
+7 +4 1 1
fi=(300)
+3 475 1 0 1
fi=(238)
+7 83 1 0 1
+7 * 1 0 1
fi=(300)
+10 474 1 0 1
+11 +1 1 1 1 0 0 0 0 0 0 0 0 1 1
cfi=(206)
cfn=(714)
calls=1 0xe1ba0 269 
* * 26 10 6 0 0 0 0 0 0 3 1
fi=(239)
+6 +2 1 1 0 1 0 0 1
fi=(238)
+7 83 1 0 1
+7 * 1 0 1
+7 * 1 0 1
fi=(239)
+10 477 1
+4 * 1 1 1 0 1 0 0 0 0 0 0 1 1
cfi=(240) /usr/src/debug/gcc/gcc/libstdc++-v3/src/c++11/ios.cc
cfn=(842) std::ios_base::ios_base()
calls=1 0xe02a0 76 
* * 86 12 30 3 0 4 3 0 4 11 5 1 1
fi=(242)
+6 93 1 1
fi=(239)
+5 476 1
+2 +1 1
+4 -1 1 0 1
fi=(242)
+8 93 1
+4 * 1 0 0 1 0 0 1
fi=(239)
+7 476 1 0 1
+11 +1 1 0 1
+8 * 1 0 1 0 0 1 0 0 1
fi=(242)
+8 93 1 0 1
+4 * 1 1 1 0 0 0 0 0 0 0 0 1 1
cfi=(243)
cfn=(848) std::basic_ios<char, std::char_traits<char> >::init(std::basic_streambuf<char, std::char_traits<char> >*)
calls=1 0x12ff60 +38 
* * 958 111 75 26 8 0 26 2 0 40 18 10 10
fi=(239)
+6 477 1 1 0 0 1
+7 * 1
+4 * 1 1 1 0 0 0 0 0 0 0 0 1 1
cfi=(240)
cfn=(842)
calls=1 0xe02a0 76 
* * 86 12 30 0 0 3 0 0 3 11 6 1
+6 * 1
+4 -1 1 0 0 1 0 0 1
fi=(246) /usr/src/debug/gcc/gcc-build/x86_64-pc-linux-gnu/libstdc++-v3/include/istream
+2 99 1
+4 -1 1 1
fi=(239)
+7 476 1 0 1
fi=(246)
+8 99 1
fi=(239)
+7 476 1 0 1
fi=(246)
+11 98 1
+4 * 1
+4 * 1 0 1
+8 * 1 0 1
+4 * 1 0 1
fi=(239)
+4 477 1 0 1 1 0 0 1
+8 * 1 0 1
fi=(246)
+8 99 1 1 1 0 0 0 0 0 0 0 0 1 1
cfi=(243)
cfn=(848)
calls=1 0x12ff60 +32 
* * 157 63 36 0 0 0 0 0 0 12 5 8 1
fi=(239)
+6 477 1 1 0 0 1
+7 * 1
+5 * 1 1 1 0 0 0 0 0 0 0 0 1 1
cfi=(240)
cfn=(842)
calls=1 0xe02a0 76 
* * 86 12 30 0 0 4 0 0 0 11 2 1
fi=(242)
+6 93 1 1
fi=(239)
+5 477 1
+4 -1 1
+2 * 1 0 1 0 0 1
fi=(242)
+9 93 1 0 0 1 0 0 1
+7 * 1
fi=(239)
+5 476 1 0 1
+12 +1 1 0 1
+9 * 1 0 1
fi=(242)
+9 93 1 0 1
+5 * 1 1 1 0 0 0 0 0 0 0 0 1 1
cfi=(243)
cfn=(848)
calls=1 0x12ff60 +38 
* * 157 63 36 0 0 0 0 0 0 12 0 8
fi=(239)
+6 477 1 1 0 0 1
+7 * 1
+4 * 1 0 1
+4 * 1 1 1 1 0 0 1 0 0 0 0 1 1
cfi=(240)
cfn=(842)
calls=1 0xe02a0 76 
* * 86 12 30 0 0 4 0 0 4 11 0 1
fi=(242)
+6 93 1 1
fi=(239)
+5 477 1
+4 -1 1
+2 * 1 0 1
fi=(242)
+11 93 1 1
+4 * 1
fi=(239)
+7 476 1 0 1
+8 +1 1 0 1
+8 * 1 0 1
fi=(242)
+8 93 1 0 1 1 0 0 1
+4 * 1 1 1 0 0 0 0 0 0 0 0 1 1
cfi=(243)
cfn=(848)
calls=1 0x12ff60 +38 
* * 157 63 36 0 0 0 0 0 0 12 0 8
fe=(204)
+6 +9 1 1
fi=(300)
+7 475 1 1
+5 * 1
fi=(239)
+4 325 1 0 1
+7 * 1 0 1
fi=(300)
+8 475 1
fe=(204)
+7 102 1 1
fi=(300)
+3 475 1 0 1 0 0 1
fi=(241)
+7 107 1 0 1 1 0 0 1
fi=(300)
+9 475 1 0 1
+7 * 1 0 1
+7 -1 1 0 1
+11 +1 1 1 1 0 0 0 0 0 0 0 0 1 1
cfi=(206)
cfn=(714)
calls=1 0xe1ba0 269 
* * 26 10 6 0 0 0 0 0 0 3 1
fi=(238)
+6 83 1 1
fi=(300)
+7 475 1
+4 * 1 1
fi=(238)
+5 83 1 0 1 0 0 1
fi=(300)
+7 475 1
fi=(238)
+7 83 1 0 0 1 0 0 1
fe=(204)
+4 +20 1 1
fi=(300)
+7 475 1 0 1 0 0 1
+7 * 1 0 1
fe=(204)
+7 103 1 1
fi=(300)
+3 475 1 0 1 0 0 1
fi=(238)
+7 83 1 0 1
+7 * 1 0 1
fi=(300)
+10 474 1 0 1
+11 +1 1 1 1 1 0 0 1 0 0 0 0 1 1
cfi=(206)
cfn=(714)
calls=1 0xe1ba0 269 
* * 26 10 6 0 0 0 0 0 0 3 1
fe=(204)
+6 104 1 1
fi=(300)
+7 475 1
+4 * 1 1
+5 * 1 0 1 0 0 1
+7 * 1
+7 * 1 0 1
fi=(238)
+7 83 1 0 1
fe=(204)
+7 +21 1 1
fi=(300)
+3 475 1 0 1
fi=(238)
+7 83 1 0 1
+7 * 1 0 1 1 0 0 1
fi=(300)
+10 474 1 0 1
+11 +1 1 1 1 0 0 0 0 0 0 0 0 1 1
cfi=(206)
cfn=(714)
calls=1 0xe1ba0 269 
* * 26 10 6 0 0 0 0 0 0 3 2
fi=(239)
+6 +2 1 1 0 0 1
fi=(238)
+7 83 1 0 1
+7 * 1 0 1
+7 * 1 0 1
fi=(239)
+10 477 1
+4 * 1 1 1 1 0 0 1 0 0 0 0 1 1
cfi=(240)
cfn=(842)
calls=1 0xe02a0 76 
* * 86 12 30 0 0 4 0 0 4 11 4 1
fi=(242)
+6 93 1 1
fi=(239)
+5 477 1
+4 -1 1 0 1
+11 * 1 0 1
fi=(242)
+11 93 1
+7 * 1
fi=(239)
+4 476 1 0 1
+8 +1 1 0 1
+8 * 1 0 1 1 0 1 1 0 1
fi=(242)
+8 93 1 0 1
+4 * 1 1 1 0 0 0 0 0 0 0 0 1 1
cfi=(243)
cfn=(868) std::basic_ios<wchar_t, std::char_traits<wchar_t> >::init(std::basic_streambuf<wchar_t, std::char_traits<wchar_t> >*)
calls=1 0x130bb0 +38 
* * 159 65 37 7 1 0 7 0 0 11 0 9 6
fi=(239)
+6 477 1 1 0 0 1
+7 * 1
+4 * 1 1 1 0 0 0 0 0 0 0 0 1 1
cfi=(240)
cfn=(842)
calls=1 0xe02a0 76 
* * 86 12 30 0 0 4 0 0 4 11 6 1
fi=(246)
+6 98 1 1 0 0 1
fi=(239)
+7 477 1
+4 -1 1 0 1
+11 * 1 0 1 1 0 0 1
fi=(246)
+11 99 1
+7 * 1
+4 -1 1
+4 * 1
fi=(239)
+4 476 1 0 1
fi=(246)
+8 98 1 0 1
+4 * 1 0 1
+4 * 1 0 1
fi=(239)
+8 477 1 0 1
+8 * 1 0 1
fi=(246)
+8 99 1 1 1 1 0 0 1 0 0 0 0 1 1
cfi=(243)
cfn=(868)
calls=1 0x130bb0 +32 
* * 159 65 37 0 0 0 0 0 0 11 0 9
fi=(239)
+6 477 1 1 0 0 1
+7 * 1
+5 * 1 1 1 0 0 0 0 0 0 0 0 1 1
cfi=(240)
cfn=(842)
calls=1 0xe02a0 76 
* * 86 12 30 0 0 4 0 0 0 11 5 1
fi=(242)
+6 93 1 1
fi=(239)
+5 477 1
+4 -1 1 0 1 0 0 1
+12 * 1 0 1
fi=(242)
+9 93 1
+7 * 1
fi=(239)
+5 476 1 0 1 1 0 0 1
+12 +1 1 0 1
+9 * 1 0 1
fi=(242)
+9 93 1 0 1
+5 * 1 1 1 0 0 0 0 0 0 0 0 1 1
cfi=(243)
cfn=(868)
calls=1 0x130bb0 +38 
* * 159 65 37 0 0 0 0 0 0 11 0 9
fi=(239)
+6 477 1 1
+7 * 1
+4 * 1 0 1
+4 * 1 1 1 0 0 0 0 0 0 0 0 1 1
cfi=(240)
cfn=(842)
calls=1 0xe02a0 76 
* * 86 12 30 0 0 4 0 0 0 11 0 1
fi=(242)
+6 93 1 1 0 1 0 0 1
fi=(239)
+5 477 1
+4 -1 1 0 1
+11 * 1 0 1
fi=(242)
+11 93 1 1
+4 * 1
fi=(239)
+7 476 1 0 1
+8 +1 1 0 1
+8 * 1 0 1
fi=(242)
+8 93 1 0 1 1 0 0 1
+4 * 1 1 1 0 0 0 0 0 0 0 0 1 1
cfi=(243)
cfn=(868)
calls=1 0x130bb0 +38 
* * 159 65 37 0 0 0 0 0 0 11 0 9
fi=(205)
+6 +17 1 1
fi=(239)
+7 325 1 0 1
fi=(241)
+7 107 1 0 1
fi=(239)
+9 325 1 0 1
fi=(205)
+8 110 1 1
+3 * 1 0 0 0 0 0 0 0 0 1
+2 -16 1 0 1
fe=(204)
+3 +27 1
+4 * 1 1
+1 * 1 1
+2 * 1 1
+2 * 1 1
+2 * 1 1
+2 * 1 1
+1 * 1 1

fl=(249) ???
fn=(1664) 0x00000000000ae710
0xae710 0 1 0 0 1
+4 0 1 1 0 0 1
+7 0 1 0 0 0 0 0 0 0 0 1 1
+2 0 1 0 1
+1 0 1 1 0 0 1
+8 0 1
+3 0 1 0 0 0 0 0 0 0 0 1
+2 0 1 1 0 0 1
+7 0 1 1 1 0 0 0 0 0 0 0 0 1 1
cob=(2)
cfi=(370) /usr/src/debug/glibc/glibc/stdlib/cxa_finalize.c
cfn=(1630) __cxa_finalize
calls=1 0x40500 45 
* 0 1552 613 258 36 47 1 35 3 0 230 53 58 27
+6 0 1 0 1
cfn=(1714) 0x00000000000ae6a0
calls=1 0xae6a0 0 
* 0 5 1 0 2 0 0 0 0 0 1 1
+5 0 1 0 1 1
+7 0 1 1
+1 0 1 1

fn=(1714)
0xae6a0 0 1 0 0 1
+7 0 1
+7 0 1
+3 0 1 0 0 0 0 0 0 0 0 1 1
+23 0 1 1 0 1

fn=(888) 0x00000000000ae760
0xae6d0 0 1 0 0 1 0 0 1
+7 0 1
+7 0 1
+3 0 1
+3 0 1
+4 0 1
+4 0 1
+3 0 1
+3 0 1 0 0 0 0 0 0 0 0 1 1
+22 0 1 1 0 1 0 0 1
+88 0 1 0 0 1 0 0 1
+4 0 1

fl=(308) /usr/src/debug/gcc/gcc-build/x86_64-pc-linux-gnu/libstdc++-v3/include/bits/cow_string.h
fn=(1264) std::string::reserve(unsigned long)
0x1013b0 3652 16384 0 0 1 0 0 1
+4 * 16384 0 16384
+1 * 16384
+3 * 16384 0 16384
+2 * 16384 0 16384
+1 * 16384
+4 330 16384 16384 0 1 0 0 1
+3 3652 16384 16384
+9 * 16384 0 16384
+4 * 16384
+3 1060 16384 16384
+4 * 16384
+4 3661 16384
+3 * 16384 0 0 0 0 0 0 0 0 16384
+2 +10 16384
+3 * 16384
+4 * 16384 16384
+4 * 16384 16384 16384 0 0 0 0 0 0 0 0 16384 1
cfn=(1266) std::string::_Rep::_M_clone(std::allocator<char> const&, unsigned long)
calls=16384 0x101310 3784 
* * 1605793 360475 278540 6 1 1 5 0 1 196631 16399 49152 16385
+6 * 16384
+3 330 16384 16384
+3 +8 16384
+4 -69 16384 16384 0 1 0 0 1
+7 * 16384 0 0 0 0 0 0 0 0 16384
+2 +65 16384 0 16384
+3 3674 16384 16384
+4 * 16384 16384
+9 * 16384 0 0 0 0 0 0 0 0 16384
+6 * 16384
+4 * 16384 16384
+1 * 16384 16384
+2 * 16384 16384
+1 * 16384 16384

fn=(1184) std::basic_string<char, std::char_traits<char>, std::allocator<char> >::~basic_string()
0xe9c70 758 16385 0 0 1 0 0 1
+4 330 16385 16385
+3 +8 16385
+4 -69 16385 16385 0 1 0 0 1
+7 * 16385 0 0 0 0 0 0 0 0 16385
+2 759 16385 16385

fn=(1276) std::string::push_back(char)
0x101a10 1437 32760 0 0 1 0 0 1
+4 * 32760 0 32760
+1 * 32760
+3 * 32760 0 32760
+2 * 32760
+3 * 32760 0 32760
+2 * 32760 0 32760
+1 * 32760
+4 330 32760 32760
+3 961 32760 32760
+4 1439 32760
+5 +1 32760 32760
+4 * 32760 0 0 0 0 0 0 0 0 32760
fi=(205)
+2 54 32760 32760
fe=(308)
+7 221 32760 32760
+3 * 32760 0 0 1 0 0 1 0 0 32760 2
+2 1440 32760 32760
+3 * 32760
+2 * 32760 0 0 0 0 0 0 0 0 32760 6
fi=(304)
+26 352 32760 0 32760
fe=(308)
+4 -22 32760 32760
+3 +8 32760
+4 -99 32760 32760
+7 * 32760 0 0 0 0 0 0 0 0 32760 6
+29 1440 32760 0 0 1 0 0 1
+3 * 32760
+5 233 32760 0 32760
+7 +10 32760 0 32760
fi=(304)
+4 352 32760 0 32760
fe=(308)
+6 1444 32760
+4 * 32760 32760
+1 * 32760 32760
+2 * 32760 32760
+2 * 32760 32760
+1 * 32760 32760

fn=(1268) std::string::_Rep::_S_create(unsigned long, unsigned long, std::allocator<char> const&)
0x100210 3706 16384 0 0 1 0 0 1
+4 +6 16384
+10 -6 16384 0 16384
+1 * 16384
+3 * 16384 0 16384
+1 * 16384
+4 +6 16384
+3 * 16384 0 0 0 0 0 0 0 0 16384
+2 * 16384
+3 +35 16384
+3 * 16384 0 0 0 0 0 0 0 0 16384
+2 * 16384
+4 * 16384
+3 * 16384
+4 +8 16384 0 0 1 0 0 1
+4 +1 16384
+6 * 16384 0 0 0 0 0 0 0 0 16384 16384
+39 +7 16384
fi=(279) /usr/src/debug/gcc/gcc-build/x86_64-pc-linux-gnu/libstdc++-v3/include/bits/new_allocator.h
+4 151 16384 16384 16384 0 0 0 0 0 0 0 0 16384 1
cfi=(280) /usr/src/debug/gcc/gcc/libstdc++-v3/libsupc++/new_op.cc
cfn=(1026) operator new(unsigned long)
calls=16384 0xb26a0 43 
* * 802977 163867 98316 1 0 1 0 0 1 114711 11 16384 16256
fe=(308)
+6 3770 16384 0 16384
+4 +10 16384 16384 0 1 0 0 1
+4 233 16384 0 16384
+7 3780 16384 16384
+1 * 16384 16384

fn=(1266)
0x101310 3784 16384 0 0 1 0 0 1
+4 * 16384 0 16384
+1 * 16384
+3 * 16384 0 16384
+1 * 16384
+3 * 16384
+4 +4 16384 16384
+3 * 16384
+3 +1 16384
+3 * 16384 16384
+4 * 16384 16384 16384 0 1 0 0 0 0 0 0 16384 128
cfn=(1268)
calls=16384 0x100210 -83 
* * 1196193 229403 180236 4 0 1 3 0 1 163863 16395 32768 16257
+6 +2 16384 16384
+3 -2 16384
+3 252 16384
+4 3791 16384
+3 * 16384 0 0 1 0 0 1 0 0 16384 1
+32 239 16384 16384
+7 * 16384 0 0 0 0 0 0 0 0 16384 3
+36 -6 16384 0 16384
+7 3796 16384
+3 243 16384 0 16384
fi=(304)
+3 352 16384 0 16384
fe=(308)
+5 3796 16384 16384
+4 * 16384 16384
+1 * 16384 16384

fl=(299)
fn=(1258) std::istream& std::istream::_M_extract<double>(double&)
0x135b10 101 16384 0 0 111 0 0 1
+4 * 16384 0 16384
+1 +3 16384
+2 -3 16384
+3 * 16384 0 16384
+2 * 16384 0 16384
+1 * 16384
+3 +3 16384
+4 -3 16384
+4 * 16384 16384
+9 * 16384 0 16384
+4 * 16384
+3 +3 16384
+3 * 16384 16384 16384 2 0 0 1 0 0 0 0 16384 1
cfn=(1128)
calls=16384 0x132ab0 -53 
* * 1046912 425344 130944 23 2 0 0 1 0 179840 397
+6 +1 16384 16384
+4 * 16384 0 0 0 0 0 0 0 0 16384
+2 +6 16384 16384
+3 -4 16384 0 16384
+7 +4 16384 16384
+4 * 16384
+3 * 16384 16384
fi=(239)
+7 -60 16384
+3 * 16384 0 0 0 0 0 0 0 0 16384
fi=(216)
+6 2114 16384 16384
+7 * 16384
+2 * 16384
+6 * 16384
+3 * 16384
+3 +2 16384
+3 * 16384 16384 0 1 0 0 1
+3 * 16384 0 16384
+2 * 16384
+3 * 16384
+4 * 16384 0 16384
+1 * 16384
+2 * 16384 16384 16384 0 0 0 0 0 0 0 0 16384 1
cfi=(306)
cfn=(1262) std::num_get<char, std::istreambuf_iterator<char, std::char_traits<char> > >::do_get(std::istreambuf_iterator<char, std::char_traits<char> >, std::istreambuf_iterator<char, std::char_traits<char> >, std::ios_base&, std::_Ios_Iostate&, double&) const
calls=16384 0x149b30 709 
* * 25954940 6751519 3659535 1173 18 1 139 8 1 3866662 82428 309742 33048
+3 * 16384 16384
+1 * 16384 16384
fe=(299)
+1 125 16384 16384
+3 * 16384
+2 * 16384 0 0 0 0 0 0 0 0 16384 129
+2 +4 16384 16384
+4 * 16384 16384
+9 * 16384 0 0 0 0 0 0 0 0 16384 2
+2 * 16384
+4 * 16384
+3 * 16384 16384
+1 * 16384 16384
+2 * 16384 16384
+1 * 16384 16384
+11 -3 128 128 0 128 0 0 1
+3 * 128 128
+4 * 128
fi=(241)
+3 +72 128 128
fi=(239)
+3 -31 128 128 128 0 0 0 0 0 0 0 0 128 128
cfi=(243)
cfn=(1118)
calls=128 0x12fab0 46 
* * 1152 384 128 0 0 0 0 0 0 128
+6 * 128
fe=(299)

fn=(1126) std::istream& std::istream::_M_extract<unsigned int>(unsigned int&)
0x134fb0 101 1 0 0 1 0 0 1
+4 * 1 0 1
+1 +3 1
+2 -3 1
+3 * 1 0 1
+2 * 1 0 1
+1 * 1
+3 +3 1 0 0 1 0 0 1
+4 -3 1
+4 * 1 1
+9 * 1 0 1
+4 * 1
+3 +3 1
+3 * 1 1 1 0 1 0 0 0 0 0 0 1 1
cfn=(1128)
calls=1 0x132ab0 -53 
* * 202 74 35 19 6 0 19 1 0 23 4 6 6
+6 +1 1 1
+4 * 1 0 0 0 0 0 0 0 0 1
+2 +6 1 1
+3 -4 1 0 1
+7 +4 1 1
+4 * 1
+3 * 1 1
fi=(239)
+7 -60 1 0 0 1 0 0 1
+3 * 1 0 0 0 0 0 0 0 0 1
fi=(216)
+6 2056 1 1
+7 * 1
+2 * 1
+6 * 1
+3 * 1
+3 +2 1
+3 * 1 1
+3 * 1 0 1
+2 * 1
+3 * 1
+4 * 1 0 1
+1 * 1
+2 * 1 1 1 0 1 0 0 0 0 0 0 1 1
cfn=(1160) std::num_get<char, std::istreambuf_iterator<char, std::char_traits<char> > >::do_get(std::istreambuf_iterator<char, std::char_traits<char> >, std::istreambuf_iterator<char, std::char_traits<char> >, std::ios_base&, std::_Ios_Iostate&, unsigned int&) const
calls=1 0x14c9a0 2238 
* * 331 91 50 28 4 0 28 1 0 59 13 3 2
+3 * 1 1
+1 * 1 1
fe=(299)
+1 125 1 1
+3 * 1
+2 * 1 0 0 0 0 0 0 0 0 1 1
+2 +4 1 1
+4 * 1 1 0 1 0 0 1
+9 * 1 0 0 0 0 0 0 0 0 1
+2 * 1
+4 * 1
+3 * 1 1
+1 * 1 1
+2 * 1 1
+1 * 1 1

fn=(1128)
0x132ab0 51 16515 0 0 1 0 0 1
+4 * 16515 0 16515
+1 * 16515
+3 * 16515
+3 * 16515 0 16515
+2 * 16515 0 16515
+2 * 16515 0 16515 1 0 0 1
+2 * 16515 0 16515
+1 +4 16515 16515
+3 -4 16515
+3 +1 16515 0 16515
+3 +3 16515 16515 0 0 1
+4 * 16515
fi=(239)
+3 +92 16515 16515
fe=(299)
+3 -92 16515
+2 * 16515 0 0 0 0 0 0 0 0 16515 2
+2 * 16515
fi=(239)
+3 311 16515 16515
+7 * 16515
fe=(299)
+3 59 16515
+3 * 16515 0 0 0 0 0 0 0 0 16515 137
fi=(239)
+32 +88 16385 16385
fe=(299)
+3 -58 16385
+2 * 16385 0 0 0 0 0 0 0 0 16385 6
+26 -28 16515 0 0 1 0 0 1
+2 * 16515 0 0 0 0 0 0 0 0 16515 3
+2 * 16385 16385
+4 * 16385 0 0 0 0 0 0 0 0 16385 131
+2 +29 16515 0 16515
+4 +6 16515 16515
+1 * 16515 16515
+2 * 16515 16515
+2 * 16515 16515
+2 * 16515 16515
+1 * 16515 16515
fi=(239)
+2 338 16385 16385 0 14 0 0 1
fi=(300)
+7 494 16385 16385
+5 350 16385 16385
+5 * 16385 0 0 0 0 0 0 0 0 16385 1
fe=(299)
+6 67 16384 16384
fi=(304)
+7 452 16384 16384
fi=(239)
+3 51 16384
+3 * 16384 0 0 0 0 0 0 0 0 16384
fi=(305) /usr/src/debug/gcc/gcc-build/x86_64-pc-linux-gnu/libstdc++-v3/include/x86_64-pc-linux-gnu/bits/ctype_inline.h
+6 -7 16385 16385
+4 * 16385
fe=(299)
+3 +25 16385 16385 0 0 2 0 0 2
+5 * 16385 0 0 0 0 0 0 0 0 16385 128
fi=(300)
+2 494 16256 16256
+5 +3 16256 16256
+5 328 16256
+3 * 16256 0 0 0 0 0 0 0 0 16256
+2 507 16256
+4 * 16256 0 16256
+5 350 16256
+3 * 16256 0 0 0 0 0 0 0 0 16256
fi=(304)
+2 452 16256 16256
fi=(305)
+3 44 16256 16256
+4 * 16256
fe=(299)
+3 +25 16256 16256
+5 * 16256 0 0 0 0 0 0 0 0 16256
+2 +20 16385 16385 0 11 0 0 1
+3 * 16385 16385
+4 * 16385
+3 * 16385
fi=(300)
+69 353 1 1 0 1 0 0 1
+4 * 1
+3 * 1 1 1 0 1 0 0 0 0 0 0 1 1
cfi=(286)
cfn=(1134)
calls=1 0x1249b0 -26 
* * 143 50 27 12 4 0 12 0 0 14 0 5 5
fe=(299)
+3 67 1 1 0 1 0 0 1
+3 * 1 1
+4 * 1
+3 * 1 1
fi=(239)
+7 -16 1
+3 * 1 0 0 0 0 0 0 0 0 1
fe=(299)
+2 +18 1
+3 * 1 0 0 0 0 0 0 0 0 1
+2 * 1

fl=(265) /usr/src/debug/gcc/gcc/libstdc++-v3/src/c++98/parallel_settings.cc
fn=(940) _GLOBAL__sub_I_parallel_settings.cc
0xae2a0 42 1
fi=(383) /usr/src/debug/gcc/gcc-build/x86_64-pc-linux-gnu/libstdc++-v3/include/parallel/settings.h
+4 290 1 1
+8 +10 1
+5 +3 1 1
+8 -5 1 0 1 1 0 1 1 0 1
+11 -9 1 0 1
+11 +1 1 0 1 0 0 1 0 0 1
+7 * 1
+4 * 1
+5 +13 1 0 1
+7 * 1 1 0 0 1 0 0 1
+8 -13 1 0 1
+7 +10 1
+5 +2 1 1 0 1 0 0 1
+7 -2 1
+4 +9 1 0 1 0 0 1 0 0 1
+11 -9 1 0 1
+7 +3 1 0 1
+7 +8 1 0 1
+7 +3 1 0 1 0 0 1 0 0 1
+7 +3 1 0 1
+7 +5 1 0 1 0 0 1 0 0 1
+7 * 1 0 1 1 0 0 1
+7 * 1 0 1
+7 +8 1 1
+8 -28 1 0 1
+7 -13 1
+10 +41 1 0 1
+7 * 1 1
+8 -41 1 0 1
+7 * 1 0 0 1 0 0 1
+10 * 1 0 1
+7 +39 1 1 0 0 1 0 0 1
+7 +2 1 0 1 0 0 1 0 0 1
+7 * 1 1
+8 -2 1 0 1
+7 -39 1 0 1
+11 +27 1 0 1
+11 -27 1 0 1 1 0 0 1
+11 +14 1 0 1
+7 +27 1 0 1
+7 +6 1 1
+7 +2 1 1 0 0 1 0 0 1
+8 +2 1 0 1
+10 -4 1 0 1
+7 +2 1 0 1
fe=(265)
+7 42 1 1

fl=(361) /usr/src/debug/gcc/gcc-build/x86_64-pc-linux-gnu/libstdc++-v3/include/bits/ostream_insert.h
fn=(1584) std::basic_ostream<char, std::char_traits<char> >& std::__ostream_insert<char, std::char_traits<char> >(std::basic_ostream<char, std::char_traits<char> >&, char const*, long)
0x152ec0 84 8128 0 0 1 0 0 1
+4 * 8128 0 8128
+1 * 8128
+3 * 8128 0 8128
+2 * 8128 0 8128
+2 * 8128 0 8128
+2 * 8128 0 8128
+2 * 8128 0 8128
+1 * 8128
+3 * 8128
+4 * 8128 0 8128
+4 +6 8128
+3 * 8128
+4 -6 8128 8128
+9 * 8128 0 8128
+4 * 8128
+3 +6 8128 8128 8128 0 0 0 0 0 0 0 0 8128 1
cfi=(344)
cfn=(1494)
calls=8128 0x1520d0 -40 
* * 121920 40640 24384 0 0 0 0 0 0 16256 5
+6 +1 8128 8128
+4 * 8128 0 0 1 0 0 1 0 0 8128
+6 +4 8128 8128
+3 * 8128 8128
+4 * 8128
fi=(241)
+4 790 8128 8128
+4 * 8128 0 8128
fe=(361)
+4 96 8128
+3 * 8128 0 0 0 0 0 0 0 0 8128 2
fi=(241)
0x152ff0 801 8128 0 8128 1 0 0 1
fi=(242)
+8 577 8128 8128
+4 * 8128 8128
+4 * 8128 8128 0 1 0 0 1
+4 * 8128
+3 +1 8128 8128
+5 * 8128 0 0 0 0 0 0 0 0 8128 2
fe=(361)
+10 121 8128 8128
+4 * 8128 8128
+9 * 8128 0 0 0 0 0 0 0 0 8128
+6 * 8128
+4 * 8128
+3 * 8128 8128
+1 * 8128 8128
+2 * 8128 8128
+2 * 8128 8128
+2 * 8128 8128
+2 * 8128 8128
+1 * 8128 8128
fi=(239)
+78 338 8128 8128 0 1 0 0 1
fi=(300)
+7 460 8128 8128
+4 * 8128
+3 * 8128 8128
+3 * 8128 8128 8128 0 0 0 0 0 0 0 0 8128 1
cfi=(286)
cfn=(1554) std::basic_filebuf<char, std::char_traits<char> >::xsputn(char const*, long)
calls=8128 0x125640 759 
* * 812800 219456 121920 0 1 4 0 1 0 130048 8135 24384
fe=(361)
+3 60 8128 8128
+3 * 8128 8128
+4 * 8128
+3 -1 8128
+3 * 8128 0 0 0 0 0 0 0 0 8128 2

fl=(266) /usr/src/debug/gcc/gcc/libstdc++-v3/src/c++11/locale-inst.cc
fn=(958) _GLOBAL__sub_I_locale_inst.cc
0xae500 160 1 0 0 1 0 0 1
fi=(216)
+4 2310 1 1
+7 * 1 1
+3 * 1 0 0 0 0 0 0 0 0 1
+2 * 1 0 1
+3 2603 1 1
+7 * 1 1
+3 * 1 0 0 0 0 0 0 0 0 1
+2 * 1 0 1
fi=(218)
+3 1653 1 1 0 0 1
+7 * 1 1
+3 * 1 0 0 0 0 0 0 0 0 1
+2 * 1 0 1
+3 1818 1 1 0 0 1
+7 * 1 1
+3 * 1 0 0 0 0 0 0 0 0 1
+2 * 1 0 1
+3 1415 1 1 0 1 0 0 1
+7 * 1 1 0 0 1 0 0 1
+3 * 1 0 0 0 0 0 0 0 0 1
+2 * 1 0 1
+3 * 1 1 0 0 1
+7 * 1 1
+3 * 1 0 0 0 0 0 0 0 0 1
+2 * 1 0 1
fi=(216)
+3 1893 1 1
+7 * 1 1
+3 * 1 0 0 0 0 0 0 0 0 1
+2 * 1 0 1
fi=(218)
+3 328 1 1 0 0 1
+7 * 1 1
+3 * 1 0 0 0 0 0 0 0 0 1
+2 * 1 0 1
+3 929 1 1 0 1 0 0 1
+7 * 1 1
+3 * 1 0 0 0 0 0 0 0 0 1
+2 * 1 0 1
+3 796 1 1 0 0 1
+7 * 1 1
+3 * 1 0 0 0 0 0 0 0 0 1
+2 * 1 0 1
+3 2024 1 1
+7 * 1 1
+3 * 1 0 0 0 0 0 0 0 0 1
+2 * 1 0 1
fi=(214)
+3 838 1 1
+7 * 1 1
+3 * 1 0 0 0 0 0 0 0 0 1
+2 * 1 0 1
fe=(266)
+3 160 1 1

fn=(966) _GLOBAL__sub_I_wlocale_inst.cc
0xae5c0 160 1 0 0 1 0 0 1
fi=(216)
+4 2310 1 1
+7 * 1 1
+3 * 1 0 0 0 0 0 0 0 0 1
+2 * 1 0 1
+3 2603 1 1 0 0 1
+7 * 1 1
+3 * 1 0 0 0 0 0 0 0 0 1
+2 * 1 0 1
fi=(218)
+3 1653 1 1
+7 * 1 1
+3 * 1 0 0 0 0 0 0 0 0 1 1
+2 * 1 0 1
+3 1818 1 1
+7 * 1 1
+3 * 1 0 0 0 0 0 0 0 0 1
+2 * 1 0 1
+3 1415 1 1 0 1 1 0 1
+7 * 1 1 0 0 1 0 0 1
+3 * 1 0 0 0 0 0 0 0 0 1
+2 * 1 0 1
+3 * 1 1
+7 * 1 1
+3 * 1 0 0 0 0 0 0 0 0 1
+2 * 1 0 1
fi=(216)
+3 1893 1 1 0 0 1
+7 * 1 1
+3 * 1 0 0 0 0 0 0 0 0 1
+2 * 1 0 1
fi=(218)
+3 328 1 1
+7 * 1 1
+3 * 1 0 0 0 0 0 0 0 0 1
+2 * 1 0 1
+3 929 1 1 0 1 1 0 1
+7 * 1 1
+3 * 1 0 0 0 0 0 0 0 0 1 1
+2 * 1 0 1
+3 796 1 1
+7 * 1 1
+3 * 1 0 0 0 0 0 0 0 0 1
+2 * 1 0 1
+3 2024 1 1
+7 * 1 1
+3 * 1 0 0 0 0 0 0 0 0 1
+2 * 1 0 1
fi=(214)
+3 838 1 1
+7 * 1 1
+3 * 1 0 0 0 0 0 0 0 0 1
+2 * 1 0 1
fe=(266)
+3 160 1 1

fn=(942) _GLOBAL__sub_I_cxx11_locale_inst.cc
0xae400 160 1 0 0 1 0 0 1
fi=(218)
+4 1653 1 1 0 0 1
+7 * 1 1 0 0 1 0 0 1
+3 * 1 0 0 0 0 0 0 0 0 1
+2 * 1 0 1
+3 1818 1 1
+7 * 1 1
+3 * 1 0 0 0 0 0 0 0 0 1
+2 * 1 0 1
+3 1415 1 1 0 0 1
+7 * 1 1
+3 * 1 0 0 0 0 0 0 0 0 1
+2 * 1 0 1
+3 * 1 1
+7 * 1 1
+3 * 1 0 0 0 0 0 0 0 0 1
+2 * 1 0 1
fi=(216)
+3 1893 1 1 0 1 1 0 1
+7 * 1 1
+3 * 1 0 0 0 0 0 0 0 0 1
+2 * 1 0 1
fi=(218)
+3 796 1 1
+7 * 1 1
+3 * 1 0 0 0 0 0 0 0 0 1
+2 * 1 0 1
+3 2024 1 1
+7 * 1 1
+3 * 1 0 0 0 0 0 0 0 0 1
+2 * 1 0 1
fi=(214)
+3 838 1 1 0 0 1
+7 * 1 1
+3 * 1 0 0 0 0 0 0 0 0 1
+2 * 1 0 1
fe=(266)
+3 160 1 1

fn=(950) _GLOBAL__sub_I_cxx11_wlocale_inst.cc
0xae480 160 1 0 0 1 0 0 1
fi=(218)
+4 1653 1 1
+7 * 1 1 0 0 1 0 0 1
+3 * 1 0 0 0 0 0 0 0 0 1
+2 * 1 0 1
+3 1818 1 1 0 0 1
+7 * 1 1
+3 * 1 0 0 0 0 0 0 0 0 1
+2 * 1 0 1
+3 1415 1 1
+7 * 1 1
+3 * 1 0 0 0 0 0 0 0 0 1
+2 * 1 0 1
+3 * 1 1 0 0 1
+7 * 1 1
+3 * 1 0 0 0 0 0 0 0 0 1
+2 * 1 0 1
fi=(216)
+3 1893 1 1 0 1 0 0 1
+7 * 1 1
+3 * 1 0 0 0 0 0 0 0 0 1
+2 * 1 0 1
fi=(218)
+3 796 1 1 0 0 1
+7 * 1 1
+3 * 1 0 0 0 0 0 0 0 0 1
+2 * 1 0 1
+3 2024 1 1
+7 * 1 1
+3 * 1 0 0 0 0 0 0 0 0 1
+2 * 1 0 1
fi=(214)
+3 838 1 1
+7 * 1 1
+3 * 1 0 0 0 0 0 0 0 0 1
+2 * 1 0 1
fe=(266)
+3 160 1 1

fl=(216)
fn=(1160)
0x14c9a0 2238 1 0 0 1 0 0 1
+4 +2 1 1 0 0 1 0 0 0 0 0 0 1 1
cfi=(306)
cfn=(1162) std::istreambuf_iterator<char, std::char_traits<char> > std::num_get<char, std::istreambuf_iterator<char, std::char_traits<char> > >::_M_extract_int<unsigned int>(std::istreambuf_iterator<char, std::char_traits<char> >, std::istreambuf_iterator<char, std::char_traits<char> >, std::ios_base&, std::_Ios_Iostate&, unsigned int&) const
calls=1 0x14bdb0 378 
* * 329 90 50 27 3 0 27 1 0 59 13 2 1

fl=(250) /usr/src/debug/gcc/gcc/libstdc++-v3/src/c++11/compatibility-c++0x.cc
fn=(1672) std::error_category::~error_category()
0xafa70 182 2 0 0 1
+4 * 2 2

fn=(1674) std::(anonymous namespace)::generic_error_category::~generic_error_category()
0xafad0 188 1 0 0 1 0 0 1
+4 * 1
+7 * 1 0 1
+3 * 1 1 0 0 0 0 0 0 0 0 0 1 1
cfn=(1672)
calls=1 0xafa70 -6 
* * 2 1

fn=(896) std::error_category::error_category()
0xafa50 180 2 0 0 1 0 0 1
+4 * 2 2 0 0 1
+7 * 2
+4 * 2 0 2
+3 * 2 2

fn=(1670) std::(anonymous namespace)::system_error_category::~system_error_category()
0xafa80 203 1 0 0 1 0 0 1
+4 * 1
+7 * 1 0 1 0 0 1
+3 * 1 1 0 0 1 0 0 0 0 0 0 1 1
cfn=(1672)
calls=1 -30 -21 
* * 2 1 0 1

fn=(894) _GLOBAL__sub_I_compatibility_c__0x.cc
0xade90 260 1 0 0 1 0 0 1
+4 * 1 0 1
+1 -72 1
+7 +30 1 0 1 0 0 1
+11 +42 1
+3 -72 1 1 1 0 0 0 0 0 0 0 0 1 1
cfn=(896)
calls=1 0xafa50 -8 
* * 5 2 1 1 1 0 1
+6 * 1
+7 +30 1
+7 * 1 0 0 1 0 0 1
+7 * 1
+7 -30 1 0 1
+7 +30 1 1 1 0 0 0 0 0 0 0 0 1 1
cob=(2)
cfi=(247) /usr/src/debug/glibc/glibc/stdlib/cxa_atexit.c
cfn=(880) __cxa_atexit
calls=1 0x404f0 67 
* * 76 13 15 0 0 1 0 0 1 10 2
+6 -15 1
+7 +16 1 0 1
+11 -16 1 1 1 0 0 0 0 0 0 0 0 1 1
cfn=(896)
calls=1 0xafa50 -23 
* * 5 2 1
+6 * 1
+7 +57 1 1
+1 -42 1
+7 -15 1 0 1 1 0 0 1
+7 +15 1
+7 * 1
+7 * 1 1 0 0 0 0 0 0 0 0 0 1 1
cob=(2)
cfi=(247)
cfn=(880)
calls=1 0x404f0 67 
* * 76 13 15 0 0 0 0 0 0 10 2

fl=(376) /usr/src/debug/gcc/gcc/libstdc++-v3/libsupc++/eh_globals.cc
fn=(1696) __cxa_get_globals
0xb0ec0 62 2 0 0 1 0 0 1
+4 * 2 0 2
+1 * 2
+3 * 2
+7 * 2 2 2 0 1 0 0 0 0 0 0 2 1
cob=(1) /usr/lib/ld-linux-x86-64.so.2
cfi=(377) /usr/src/debug/glibc/glibc/elf/../sysdeps/x86_64/tls_get_addr.S
cfn=(1698) __tls_get_addr
calls=2 0x195b0 -33 
* * 24 14 0 2 3 0 2 0 0 4 1
+6 * 2 2
+1 * 2
+6 * 2 2

fl=(238)
fn=(1706)
0x123a90 193 5
+4 +1 5 5 0 0 2
+4 * 5 5 0 0 0 0 0 0 0 0 0 5 1
cob=(2)
cfi=(374) /usr/src/debug/glibc/glibc/libio/iofflush.c
cfn=(1686) fflush
calls=5 0x80590 32 
* * 345 120 55 0 0 0 0 0 0 55 4 5

fn=(1684)
0x123a80 193 5 0 0 1 0 0 1
+4 +1 5 5 0 0 2
+4 * 5 5 0 0 1 0 0 0 0 0 0 5 1
cob=(2)
cfi=(374)
cfn=(1686)
calls=5 0x80590 32 
* * 345 120 55 9 6 0 9 2 0 55 15 5 1

fl=(237)
fn=(830)
0xd1a20 741 1 0 0 1 0 0 1
+4 * 1 0 1
+1 * 1
+3 * 1 0 1
+2 * 1 0 1
+2 * 1 0 1
+2 * 1 0 1
+2 * 1
+3 * 1 0 1
+1 * 1
+4 * 1 1 0 1 0 0 1
+9 * 1 0 1
+4 * 1
+3 +1 1 1
+5 * 1 0 0 0 0 0 0 0 0 1
+6 +3 1
+3 * 1 0 0 0 0 0 0 0 0 1 1
0xd1c5e 914 1 1 0 1 0 0 1
+4 * 1 1
+9 * 1 0 0 0 0 0 0 0 0 1
+6 * 1
+4 * 1 1
+1 * 1 1
+2 * 1 1
+2 * 1 1
+2 * 1 1
+2 * 1 1
+1 * 1 1
+1 748 1 1 0 1 0 0 1
+5 * 1 1
+7 +5 1
+7 -3 1
+7 -2 1 0 1
+4 +12 1 1
+7 -7 1 0 1
+4 +7 1 1
+2 -5 1 0 1
+4 +2 1 0 1
+4 +3 1 0 1
+3 -10 1 0 1
+4 +1 1 0 1 1 0 0 1
+8 +1 1 0 1
+4 +2 1 0 1
+8 +2 1 0 1
+8 +2 1 0 1
+8 +1 1 0 1
+7 +2 1 1
+5 * 1 0 1
+3 +5 1 1
+7 -1 1 1
+5 +1 1 1
+3 -2 1
+2 * 1
+2 +2 1 1 0 1 0 0 1
+4 * 1 0 1
+4 -2 1
+4 * 1
+4 * 1 0 0 0 0 0 0 0 0 1 1
-16 +2 10 10
+4 * 10 0 10
+4 -2 10
+4 * 10
+4 * 10 0 0 0 0 0 0 0 0 10 4
+2 * 1

fn=(824)
0xd07c0 216 1 0 0 1 0 0 1
+4 * 1 0 1
+1 * 1
+3 * 1 0 1
+2 * 1 0 1
+2 * 1 0 1
+2 * 1 0 1
+2 * 1
+3 * 1 0 1
+1 * 1
+3 * 1
+4 +1 1 1
+5 * 1 0 0 0 0 0 0 0 0 1
+6 +3 1
+3 * 1 0 0 0 0 0 0 0 0 1 1
0xd0a00 +3 1 1 0 1 0 0 1
+4 +12 1 1
+7 -10 1
+7 -2 1 0 1
+4 +1 1 1
+4 +11 1 1
+2 -11 1 0 1
+4 +1 1 1
+4 * 1 0 1
+4 +1 1 0 1
+8 +1 1 0 1
+4 +1 1 0 1
+4 +1 1 0 1
+8 +1 1 0 1 1 0 0 1
+4 +1 1 0 1
+8 +1 1 0 1
+4 +1 1 0 1
+8 +1 1 0 1
+7 +1 1 0 1
+3 +1 1 1
+4 * 1 0 1
+3 +3 1 1
+7 * 1 1
+3 -1 1
+2 * 1
+11 +1 1 1 0 1 0 0 1
+4 * 1 1
+4 * 1 0 1
+4 -1 1
+4 * 1
+4 * 1 0 0 0 0 0 0 0 0 1 1
-20 +1 10 10
+4 * 10 10
+4 * 10 0 10
+4 -1 10
+4 * 10
+4 * 10 0 0 0 0 0 0 0 0 10 6
+2 366 1
+4 * 1 1
+1 * 1 1
+2 * 1 1
+2 * 1 1
+2 * 1 1
+2 * 1 1
+1 * 1 1

fn=(832)
0xd1440 558 1 0 0 1 0 0 1
+4 * 1 0 1
+1 * 1
+3 * 1 0 1
+2 * 1 0 1
+2 * 1 0 1
+2 * 1 0 1
+2 * 1
+3 * 1 0 1
+1 * 1
+4 * 1 1
+9 * 1 0 1
+4 * 1
+3 +1 1 1
+5 * 1 0 0 0 0 0 0 0 0 1
+6 +3 1
+3 * 1 0 0 0 0 0 0 0 0 1 1
0xd167e 731 1 1 0 1 0 0 1
+4 * 1 1
+9 * 1 0 0 0 0 0 0 0 0 1
+6 * 1
+4 * 1 1
+1 * 1 1
+2 * 1 1
+2 * 1 1
+2 * 1 1
+2 * 1 1
+1 * 1 1
+1 565 1 1 0 1 0 0 1
+5 * 1 1
+7 +5 1
+7 -3 1
+7 -2 1 0 1
+4 +12 1 1 0 1 0 0 1
+7 -7 1 0 1
+4 +7 1 1
+2 -5 1 0 1
+4 +2 1 0 1
+4 +3 1 0 1
+3 -10 1 0 1
+4 +1 1 0 1
+8 +1 1 0 1
+4 +2 1 0 1
+8 +2 1 0 1
+8 +2 1 0 1
+8 +1 1 0 1 1 0 0 1
+7 +2 1 1
+5 * 1 0 1
+3 +5 1 1
+7 -1 1 1
+5 +1 1 1
+3 -2 1
+2 * 1
+2 +2 1 1
+4 * 1 0 1
+4 -2 1
+4 * 1
+4 * 1 0 0 0 0 0 0 0 0 1 1
-16 +2 10 10
+4 * 10 0 10
+4 -2 10
+4 * 10
+4 * 10 0 0 0 0 0 0 0 0 10 3
+2 * 1

fn=(822)
0xd0ce0 372 1 0 0 1 0 0 1
+4 * 1 0 1
+1 * 1
+3 * 1 0 1
+2 * 1 0 1
+2 * 1 0 1
+2 * 1 0 1
+2 * 1
+3 * 1 0 1
+1 * 1
+3 * 1
+4 +1 1 1
+5 * 1 0 0 1 0 0 1 0 0 1
+6 +3 1
+3 * 1 0 0 0 0 0 0 0 0 1 1
0xd0f08 +3 1 1 0 1 0 0 1
+4 +12 1 1
+7 -10 1
+7 -2 1 0 1
+4 +1 1 1
+4 +11 1 1
+2 -11 1 0 1
+4 +1 1 1
+4 * 1 0 1
+4 +1 1 0 1
+8 +1 1 0 1
+4 +1 1 0 1
+4 +1 1 0 1 1 0 0 1
+8 +1 1 0 1
+4 +1 1 0 1
+8 +1 1 0 1
+4 +1 1 0 1
+8 +1 1 0 1
+7 +1 1 0 1
+3 +1 1 1
+4 * 1 0 1
+3 +3 1 1
+7 * 1 1
+3 -1 1
+2 * 1
+3 +1 1 1 0 1 0 0 1
+4 * 1 1
+4 * 1 0 1
+4 -1 1
+4 * 1
+4 * 1 0 0 0 0 0 0 0 0 1 1
-20 +1 10 10
+4 * 10 10
+4 * 10 0 10
+4 -1 10
+4 * 10
+4 * 10 0 0 0 0 0 0 0 0 10 8
+2 517 1
+4 * 1 1
+1 * 1 1
+2 * 1 1
+2 * 1 1
+2 * 1 1
+2 * 1 1
+1 * 1 1

fl=(253) /usr/src/debug/gcc/gcc/libstdc++-v3/src/c++11/future.cc
fn=(902) std::future_category()
0xdf8a0 89 1 0 0 1 0 0 1
+4 * 1
+7 * 1 1

fl=(287) /usr/src/debug/gcc/gcc-build/x86_64-pc-linux-gnu/libstdc++-v3/src/c++11/basic_file.cc
fn=(1590) std::__basic_file<char>::xsputn_2(char const*, long, char const*, long)
0xf2c30 367 20 0 0 1 0 0 1
+4 * 20 0 20
+1 * 20
+3 * 20 0 20
+2 * 20 0 20
+2 * 20
+3 * 20 0 20 1 0 0 1
+2 * 20
+3 * 20 0 20
+2 * 20
+3 * 20 0 20
+1 * 20
+3 * 20
+4 * 20 0 20
+4 * 20 0 20
+4 * 20 20
+9 * 20 0 20
+4 * 20
+2 +3 20 20 20 0 1 0 0 0 0 0 0 20 1
cfn=(1144) std::__basic_file<char>::fd()
calls=20 0xf2ae0 -61 
* * 200 100 0 1 1 0 0 0 0 40 0 20
+6 167 20 0 20
+4 370 20
+3 163 20
+3 * 20
+4 +5 20 0 20
+4 * 20 0 0 1 0 0 1
+4 -5 20
+3 * 20 0 20
+4 +9 20 0 20
+4 +3 20 20
+4 * 20
+5 * 20
+3 -2 20 0 20
+4 +2 20 20 20 0 0 0 0 0 0 0 0 20 1
cob=(2)
cfi=(362) /usr/src/debug/glibc/glibc/misc/../sysdeps/unix/sysv/linux/writev.c
cfn=(1592) writev
calls=20 0x11a6b0 25 
* * 760 260 140 2 0 0 1 0 0 40
+6 +1 20
+4 * 20 0 0 0 0 0 0 0 0 20
+2 +6 20
+3 * 20 0 0 0 0 0 0 0 0 20 1
+32 387 20 20 0 1 0 0 1
+4 * 20 20
+9 * 20 0 0 0 0 0 0 0 0 20 2
+2 * 20
+4 * 20
+3 * 20 20
+1 * 20 20
+2 * 20 20
+2 * 20 20
+2 * 20 20
+2 * 20 20
+1 * 20 20

fn=(1072) std::__basic_file<char>::open(char const*, std::_Ios_Openmode, int)
0xf2a70 255 2 0 0 2 0 0 1
+4 * 2 0 2
+1 * 2
+3 * 2 0 2
+2 * 2 0 2
+2 * 2 0 2
+1 * 2
+3 +2 2 0 0 2 0 0 1
+2 -2 2
+4 +2 2 0 2
cfn=(1074) (anonymous namespace)::fopen_mode(std::_Ios_Openmode)
calls=2 0xf2870 93 
* * 18 4 0 6 2 0 2 2 0 2 1 2 2
+5 +1 2
+3 * 2 0 0 0 0 0 0 0 0 2
+2 * 2
+3 * 2
+3 * 2
+3 * 2 2 2 0 0 0 0 0 0 0 0 2 1
cfn=(1070) std::__basic_file<char>::is_open() const
calls=2 0xf2950 +46 
* * 8 4
+6 * 2
+2 * 2 0 0 0 0 0 0 0 0 2
+2 +2 2
+3 * 2
+3 * 2 2 2 0 1 0 0 0 0 0 0 2 1
cob=(2)
cfi=(288) /usr/src/debug/glibc/glibc/libio/iofopen.c
cfn=(1076) fopen@@GLIBC_2.2.5
calls=2 0x80c50 85 
* * 1130 253 243 82 17 22 48 4 7 123 43 4 3
+6 * 2 0 2
+3 * 2
+3 * 2 0 0 0 0 0 0 0 0 2
+2 +2 2 0 2
+4 +5 2
+4 -4 2 0 0 1 0 0 1
+3 +4 2 2
+1 * 2 2
+2 * 2 2
+2 * 2 2
+1 * 2 2

fn=(1142) std::__basic_file<char>::xsgetn(char*, long)
0xf2b60 334 14 0 0 14 0 0 1
+4 * 14 0 14
+1 * 14
+3 * 14 0 14
+2 * 14
+3 * 14 0 14
+2 * 14
+3 * 14 0 14
+2 * 14
+3 * 14 0 14
+1 * 14
+19 +14 14 0 0 14 0 0 1
+3 * 14 14 14 0 1 0 0 0 0 0 0 14 1
cfn=(1144)
calls=14 0xf2ae0 -39 
* * 140 70 0 1 1 0 1 0 0 28 0 14 1
fi=(302) /usr/include/bits/unistd.h
+6 32 14
+3 * 14
+3 * 14
+2 * 14 14 14 0 0 0 0 0 0 0 0 14 1
cob=(2)
cfi=(303) /usr/src/debug/glibc/glibc/io/../sysdeps/unix/sysv/linux/read.c
cfn=(1150) read
calls=14 0x10da50 -7 
* * 518 182 98 1 1 0 1 0 0 28
+6 * 14
fe=(287)
+3 349 14
+4 * 14 0 0 0 0 0 0 0 0 14
+2 +3 14
+3 * 14 14
+1 * 14 14
+2 * 14 14
+2 * 14 14
+2 * 14 14
+1 * 14 14

fn=(1432) std::__basic_file<char>::~__basic_file()
0xf2b50 210 2
+4 * 2 0 2
+1 * 2
+3 +1 2 2 2 0 0 0 0 0 0 0 0 2 1
cfn=(1404) std::__basic_file<char>::close()
calls=2 -88 318 
* * 34 12 6 0 0 0 0 0 0 2 2 2
+6 * 2 2
+1 * 2 2

fn=(1600) std::__basic_file<char>::xsputn(char const*, long)
0xf2bc0 356 1 0 0 1 0 0 1
+4 * 1 0 1
+1 * 1
+3 * 1 0 1
+2 * 1 0 1
+2 * 1
+3 * 1 0 1
+2 * 1
+3 * 1 0 1
+1 132 1
+3 360 1 1 1 0 0 0 0 0 0 0 0 1 1
cfn=(1144)
calls=1 0xf2ae0 -51 
* * 10 5 0 0 0 0 0 0 0 2 0 1
+6 * 1
+3 141 1
+3 * 1
+3 * 1
+3 * 1 1 1 0 1 0 0 0 0 0 0 1 1
cob=(2)
cfi=(363) /usr/src/debug/glibc/glibc/io/../sysdeps/unix/sysv/linux/write.c
cfn=(1602) write
calls=1 0x10e520 25 
* * 37 13 7 1 0 0 1 0 0 2
+6 +1 1
+4 * 1 0 0 0 0 0 0 0 0 1
+2 +6 1
+3 * 1 0 0 0 0 0 0 0 0 1
+39 362 1 1
+1 * 1
+3 * 1 1
+2 * 1 1
+2 * 1 1
+2 * 1 1
+1 * 1 1

fn=(1070)
0xf2950 304 13
+4 * 13 13
+4 * 13
+3 * 13 13

fn=(1404)
0xf2b00 318 4 0 0 2 0 0 1
+4 * 4 0 4
+1 * 4
+3 * 4 0 4
+1 * 4
+3 * 4
+4 +2 4 4 4 0 0 0 0 0 0 0 0 4 2
cfn=(1070)
calls=4 0xf2950 -16 
* * 16 8
+6 * 4
+2 * 4 0 0 0 0 0 0 0 0 4 2
+2 +3 2 2
+4 * 2 0 0 0 0 0 0 0 0 2 2
+9 +4 2
+3 +3 2 2
+4 * 2 2
+1 * 2 2
+1 -6 2 2
+3 * 2 2 2 0 2 0 0 0 0 0 0 2 1
cob=(2)
cfi=(338) /usr/src/debug/glibc/glibc/libio/iofclose.c
cfn=(1406) fclose@@GLIBC_2.2.5
calls=2 0x80060 34 
* * 688 200 120 68 26 2 37 0 0 108 34 6 3
+6 +1 2 0 2
+7 +1 2 0 0 1
+2 * 2 0 0 0 0 0 0 0 0 2 1
+2 +4 2 2
+4 -11 2
+2 +11 2 2
+1 * 2 2

fn=(1060) std::__basic_file<char>::__basic_file(pthread_mutex_t*)
0xf2940 207 2 0 0 1 0 0 1
+4 +1 2 0 2
+7 * 2 0 2
+4 * 2 2

fn=(1144)
0xf2ae0 309 35
+4 * 35 35
+3 * 35 35 0 0 2 0 0 0 0 0 0 35 1
cob=(2)
cfi=(301) /usr/src/debug/glibc/glibc/libio/fileno.c
cfn=(1146) fileno
calls=35 0x89940 32 
* * 245 105 0 2 0 0 1 0 0 70

fn=(1074)
0xf2870 93 2 0 0 2
+3 * 2
+3 * 2 0 0 0 0 0 0 0 0 2 1
+2 * 2
+7 * 2 2 0 2 2 0 1 2
+4 * 2
+3 * 2 0 0 0 0 0 0 0 0 0 0 2 2
0xf2918 +8 1 0 0 1 0 0 1
+7 * 1 1
+17 -6 1 0 0 1
+7 * 1 1

fl=(278)
fn=(1216)
0xcd8f0 444 140 0 140 1 0 0 1
+1 * 140
+3 * 140
fi=(311)
+3 259 140
fe=(278)
+4 444 140
+3 * 140 0 0 1 0 0 1
fi=(311)
+4 1165 140 140
+4 239 140 140
+3 +41 140
+3 * 140 0 0 0 0 0 0 0 0 140 1
+2 1279 139 139
fe=(278)
+4 447 139
+4 +2 139
+3 * 139 0 0 0 0 0 0 0 0 139
-7 -2 1
+4 +2 1
+3 * 1 0 0 0 0 0 0 0 0 1 1
+2 +2 139
+3 * 139 0 0 0 0 0 0 0 0 139 1
+2 +1 139
fi=(311)
+3 -2 139
+4 * 139 0 0 0 0 0 0 0 0 139 4
+2 * 139 0 139
fi=(304)
+4 -21 139
+3 * 139 0 139
+4 * 139 139 139 0 0 0 0 0 0 0 0 139 1
cob=(2)
cfi=(282) /usr/src/debug/glibc/glibc/string/../sysdeps/x86_64/multiarch/memmove-vec-unaligned-erms.S
cfn=(1038) __memcpy_avx_unaligned_erms
calls=139 0x16dd80 255 
* * 13005 3592 3187 3 0 0 2 0 0 1573 49
fi=(311)
+6 239 139 139
+4 454 139 139
+4 239 139 139
+3 -5 139 0 139
fi=(304)
+4 352 139 0 139
fe=(278)
+5 459 139 139
+1 * 139 139
+1 * 1 0 1 1 0 0 1
+4 -4 1
+3 * 1
+3 * 1
+2 * 1 0 1
+4 * 1 1 1 0 0 0 0 0 0 0 0 1 1
cfn=(1220) std::__cxx11::basic_string<char, std::char_traits<char>, std::allocator<char> >::_M_mutate(unsigned long, unsigned long, char const*, unsigned long)
calls=1 0x165530 -99 
* * 380 86 59 12 3 13 12 0 13 51 17 4 2
fi=(311)
+6 239 1 1
+4 * 1 1
+4 * 1 1
+3 -5 1 0 1
fi=(304)
+4 352 1 0 1
fe=(278)
+5 459 1 1
+1 * 1 1
fi=(311)
+5 1279 1 0 0 1 0 0 1
+5 * 1
fe=(278)

fn=(1022) std::__cxx11::basic_string<char, std::char_traits<char>, std::allocator<char> >::_M_create(unsigned long&, unsigned long)
0x1650b0 143 131 0 0 2 0 0 1
+4 +5 131
+10 * 131 131 0 1 0 0 1
+3 * 131
+3 * 131 0 0 0 0 0 0 0 0 131
+2 +16 131
+4 -10 131
+3 * 131 0 0 0 0 0 0 0 0 131 1
+2 * 131
+3 * 131
+3 * 131 0 0 0 0 0 0 0 0 131 5
fi=(279)
+20 -3 131 131 0 0 1 0 0 0 0 0 0 131 1
cfi=(280)
cfn=(1026)
calls=131 0xb26a0 43 
* * 7183 1422 949 14 3 15 14 0 14 1103 43 131 1
fe=(278)

fn=(1220)
0x165530 356 1 0 0 1 0 0 1
+4 * 1 0 1
+1 +6 1
+3 * 1
+3 -6 1
+3 * 1 0 1
+2 * 1 0 0 1 0 0 1
+3 * 1 0 1
+2 * 1
+3 * 1 0 1
+2 * 1 0 1
+2 * 1 0 1
+1 * 1
+4 * 1 0 1
fi=(311)
+4 1165 1 1
+9 * 1 0 1
+4 * 1 1
fe=(278)
+4 362 1
+3 * 1 0 1
fi=(311)
+4 257 1
+4 * 1 0 1
+4 +23 1 1
+3 * 1 0 0 0 0 0 0 0 0 1 1
+10 1279 1 0 0 1 0 0 1
+4 * 1 0 1
fe=(278)
+4 363 1
+4 * 1
+3 -3 1
+3 +3 1
+3 * 1 1 1 0 1 0 0 0 0 0 0 1 1
cfn=(1022)
calls=1 0x1650b0 143 
* * 211 37 18 0 0 1 0 0 1 31 8 2
+6 +2 1
+3 * 1 1
+4 -2 1
+3 +2 1 0 0 0 0 0 0 0 0 1 1
+35 +2 1 1 0 1 0 0 1
+5 * 1 0 0 0 0 0 0 0 0 1
+2 * 1
+3 * 1 0 0 0 0 0 0 0 0 1
+2 +1 1
fi=(311)
+5 +82 1
+4 * 1 0 0 0 0 0 0 0 0 1
fi=(304)
+6 -21 1 0 1
+4 * 1
+3 * 1 1
+4 * 1 1 1 0 0 0 0 0 0 0 0 1 1
cob=(2)
cfi=(282)
cfn=(1038)
calls=1 0x16dd80 255 
* * 101 28 25 5 2 12 5 0 12 12 5
+6 * 1 1
+4 * 1
fe=(278)
+6 -60 1 0 0 1 0 0 1
+3 * 1 0 0 0 0 0 0 0 0 1 1
fi=(311)
+30 239 1 1
+3 +41 1 1
+4 * 1 0 0 0 0 0 0 0 0 1 1
+8 -14 1 1
+4 -37 1 0 1
+3 +37 1 0 1
fe=(278)
+4 376 1 1
+4 * 1 1 0 1 0 0 1
+9 * 1 0 0 0 0 0 0 0 0 1
+2 * 1
+4 * 1 1
+1 * 1 1
+2 * 1 1
+2 * 1 1
+2 * 1 1
+2 * 1 1
+1 * 1 1
fi=(311)
+56 1279 1 0 0 1 0 0 1
+5 * 1
fe=(278)

fl=(311)
fn=(1440) std::__cxx11::basic_string<char, std::char_traits<char>, std::allocator<char> >::_M_dispose()
0x165110 296 2 0 0 1 0 0 1
+4 -57 2 2 0 0 2
+3 +18 2
+4 +23 2
+3 * 2 0 0 0 0 0 0 0 0 2
fi=(279)
+2 172 2
+3 * 2 2 0 0 0 0 0 0 0 0 0 2 1
cfi=(330)
cfn=(1330)
calls=2 0xb0620 48 
* * 72 20 8 0 4 0 0 0 0 14 1 2
fe=(311)

fl=(286)
fn=(1390) std::basic_filebuf<char, std::char_traits<char> >::close()
0x129bd0 253 3 0 0 2 0 0 1
+4 * 3 0 3
+1 * 3
+3 * 3 0 3
+2 * 3 0 3
fi=(296) /usr/src/debug/gcc/gcc-build/x86_64-pc-linux-gnu/libstdc++-v3/include/fstream
+2 +26 3
fe=(286)
+4 -26 3 0 3
+1 * 3
+4 * 3 3
+9 * 3 0 3
+4 * 3
fi=(296)
+3 +26 3
+3 * 3 3 3 0 2 0 0 0 0 0 0 3 1
cfi=(287)
cfn=(1070)
calls=3 0xf2950 +25 
* * 12 6
fe=(286)
+6 -23 3
+2 * 3 0 0 2 0 0 1 0 0 3 1
+6 +9 2 0 2
+4 +15 2
+3 * 2 2 2 0 2 0 0 0 0 0 0 2 1
cfn=(1392) std::basic_filebuf<char, std::char_traits<char> >::_M_terminate_output()
calls=2 0x126790 952 
* * 245 88 49 11 3 0 9 0 0 26 10 8 7
+6 * 2
+3 -10 2
+3 -2 2 0 2
+7 +1 2 0 2
+7 +1 2 2 2 0 2 0 0 0 0 0 0 2 1
cfn=(1394) std::basic_filebuf<char, std::char_traits<char> >::_M_destroy_internal_buffer()
calls=2 0x1264b0 68 
* * 329 89 59 21 11 0 15 0 0 53 14 6 1
+6 +1 2
fi=(300)
+2 567 2 0 2
fe=(286)
+8 290 2
fi=(296)
+3 511 2 2 0 2 0 0 1
fe=(286)
+8 271 2 0 2
+7 +3 2 2
fi=(300)
+4 520 2
+4 +2 2 0 2
+5 +44 2
+4 -46 2
fe=(286)
+4 274 2 0 2
+7 * 2 0 2
fi=(300)
+7 520 2 0 2
+4 +46 2 0 2
fe=(286)
+4 290 2 2 2 0 2 0 0 0 0 0 0 2 2
cfi=(287)
cfn=(1404)
calls=2 0xf2b00 +28 
* * 736 218 130 71 28 2 38 0 0 114 37 10 6
+6 +3 2
+4 * 2 0 0 0 0 0 0 0 0 2 2
+2 * 2 0 0 2 0 0 1
+3 * 2 0 0 0 0 0 0 0 0 2
+2 +4 3 3
+4 * 3 3
+9 * 3 0 0 0 0 0 0 0 0 3
+2 * 3
+4 * 3
+3 * 3 3
+1 * 3 3
+2 * 3 3
+2 * 3 3
+1 * 3 3
+7 -40 1
+2 * 1

fn=(1566) std::basic_filebuf<char, std::char_traits<char> >::overflow(int)
0x1269e0 545 2 0 0 1 0 0 1
+4 * 2 0 2
+1 * 2
+3 * 2 0 2
+2 * 2 0 2
+1 * 2
+4 * 2 2
+9 * 2 0 2
+4 * 2
+2 +6 2 2 0 1 0 0 1
+4 * 2 0 0 0 0 0 0 0 0 2
+6 * 2
+3 * 2
+3 +3 2 2
+7 * 2 0 0 0 0 0 0 0 0 2 2
fi=(300)
0x126a95 -16 2 2 0 1 0 0 1
+4 +3 2 2
fe=(286)
+4 +21 2
+3 * 2 0 0 0 0 0 0 0 0 2 1
+6 +3 1
+4 * 1 0 0 0 0 0 0 0 0 1 1
+21 +8 1 0 0 1 0 0 1
+3 * 1
+3 * 1 1 1 0 1 0 0 0 0 0 0 1 1
cfn=(1596) std::basic_filebuf<char, std::char_traits<char> >::_M_convert_to_external(char*, long)
calls=1 0x126530 +37 
* * 115 41 23 5 2 0 5 0 0 9 1 5 4
+6 * 1
+2 * 1 0 0 0 0 0 0 0 0 1 1
fi=(296)
+6 -62 1 1
+8 -5 1 1
+4 * 1
fi=(300)
+4 +16 1 0 1
+5 * 1
+4 -2 1 0 1
fi=(296)
+4 -14 1 0 0 0 0 0 0 0 0 1 1
+2 +7 1 1
+7 * 1
+4 * 1 0 0 0 0 0 0 0 0 1
+2 +1 1
+5 * 1
fi=(300)
+5 +53 1 0 1
+4 -1 1 0 1
+5 * 1 0 1
fi=(304)
+5 465 1
+4 * 1 0 0 0 0 0 0 0 0 1 1
+2 * 1 0 0 1 0 0 1
fe=(286)
+3 606 1 1
+4 * 1 1
+9 * 1 0 0 0 0 0 0 0 0 1
-13 * 1 1
+4 * 1 1
+9 * 1 0 0 0 0 0 0 0 0 1
+6 * 2
+4 * 2 2
+1 * 2 2
+2 * 2 2
+1 * 2 2
+5 -26 1 1 0 1 0 0 1
+7 * 1
+4 * 1 0 0 0 0 0 0 0 0 1 1
fi=(304)
+19 465 1
+2 * 1
fi=(296)
+16 +46 1 1
+8 * 1
+4 * 1
+4 * 1 0 0 1 0 0 1
+4 -5 1 1
+4 * 1 0 0 0 0 0 0 0 0 1
+2 +8 1
+5 * 1
+5 * 1
fi=(300)
+5 +6 1
fe=(286)
+4 +66 1 0 1
fi=(300)
+7 -66 1 0 1
+4 * 1
+4 * 1
+4 * 1 0 1
+4 * 1 0 1
fe=(286)
+4 +67 1
+4 * 1 0 0 0 0 0 0 0 0 1
fi=(304)
+2 446 1 0 0 1 0 0 1
+5 * 1 0 1
fi=(300)
+3 554 1 0 1
fi=(304)
+5 -89 1
fe=(286)

fn=(1596)
0x126530 610 1
+4 * 1 0 1
+1 * 1
+3 * 1 0 1
+2 * 1 0 1
+2 * 1 0 1
+2 * 1 0 1
+2 * 1 0 1 1 0 0 1
+1 * 1
+4 * 1 1
+9 * 1 0 1
+4 * 1
+3 +6 1 1
fi=(239)
+7 51 1
+3 * 1 0 0 0 0 0 0 0 0 1
fi=(234)
+6 219 1 1
+3 * 1
+3 * 1
+3 * 1 1 1 0 0 0 0 0 0 0 0 1 1
cfi=(215)
cfn=(1140)
calls=1 0xc2c80 100 
* * 3 1
fe=(286)
+3 616 1
+2 * 1 0 0 0 0 0 0 0 0 1 1
0x12661c +30 1 0 0 1 0 0 1
+4 * 1
+3 * 1
+3 * 1 1 1 0 1 0 0 0 0 0 0 1 1
cfi=(287)
cfn=(1600)
calls=1 0xf2bc0 356 
* * 74 26 14 2 1 0 2 0 0 6 0 3 2
+6 +22 1
+3 * 1
+3 +1 1 1
+4 * 1 1
+9 * 1 0 0 1 0 0 1 0 0 1
+6 * 1
+4 * 1 1
+1 * 1 1
+2 * 1 1
+2 * 1 1
+2 * 1 1
+2 * 1 1
+1 * 1 1

fn=(1058) std::basic_filebuf<char, std::char_traits<char> >::basic_filebuf()
0x125e80 85 2 0 0 2 0 0 1
+4 * 2 0 2
+1 * 2
+3 * 2 0 2
+1 * 2
fi=(300)
+3 475 2
fe=(286)
+4 85 2
fi=(300)
+4 475 2 2 0 0 1
+7 -1 2 0 2 0 0 1
+8 +1 2
+4 * 2
+5 * 2 0 2
+4 * 2
+4 * 2 0 2
+4 * 2 0 2
+4 * 2 2 2 2 0 0 1 0 0 0 0 2 1
cfi=(206)
cfn=(714)
calls=2 0xe1ba0 269 
* * 52 20 12 0 0 0 0 0 0 6 1
fe=(286)
+6 92 2 2 0 0 1
+7 -6 2
+4 * 2
+4 * 2 0 2 0 0 1
+4 * 2
+4 +6 2
+4 -6 2 0 2
+4 +6 2 0 2
+3 -6 2 0 2
+8 * 2 2 2 0 1 0 0 0 0 0 0 2 1
cfi=(287)
cfn=(1060)
calls=2 0xf2940 207 
* * 8 2 4 1 0 0 1
+6 +4 2
+4 -3 2 0 2
fi=(245) /usr/src/debug/gcc/gcc-build/x86_64-pc-linux-gnu/libstdc++-v3/include/bits/locale_classes.tcc
+8 +32 2 2 0 2 1 0 1
fe=(286)
+7 -32 2 0 2
+11 * 2 0 2 0 0 1
+11 +1 2 0 2
+10 * 2 0 2
+11 * 2 0 2
+11 +1 2 0 2 2 0 0 1
+10 +1 2 0 2
+7 +1 2 0 2
+11 -1 2 0 2
+7 +1 2 0 2
+7 * 2 0 2
fi=(245)
+7 +28 2 2 2 0 0 0 0 0 0 0 0 2 1
cfi=(207)
cfn=(748)
calls=2 0xc8910 507 
* * 12 4 0 0 1 0 0 0 0 2 2
+6 * 2
+3 +1 2 2
+4 +11 2 2
fe=(286)
+4 -37 2 2 0 2 0 0 1
+4 * 2 0 2
+7 +1 2 2
+4 * 2 2
+1 * 2 2

fn=(1394)
0x1264b0 68 2
+4 * 2 0 2
+1 * 2
+3 * 2 0 2
+1 * 2
+3 * 2
+4 +3 2 2 0 2 0 0 1
+7 * 2 0 0 0 0 0 0 0 0 2
+2 +2 2 2
+7 * 2
+3 * 2 0 0 0 0 0 0 0 0 2
+2 * 2 2 2 0 0 0 0 0 0 0 0 2 1
cfi=(335) /usr/src/debug/gcc/gcc/libstdc++-v3/libsupc++/del_opv.cc
cfn=(1362) operator delete[](void*)
calls=2 0xb0650 -39 
* * 281 75 43 18 11 0 13 0 0 47 12 4
+6 +1 2 0 2
+11 +1 2 0 2
+7 +2 2 2
+7 * 2
+3 * 2 0 0 0 0 0 0 0 0 2 2
+8 +1 2 0 2 1 0 0 1
+11 +2 2
+4 -1 2 0 2
+11 +1 2 0 2
+7 +2 2 2
+4 * 2 2
+1 * 2 2

fn=(1134)
0x1249b0 327 14 0 0 1 0 0 1
+4 * 14 0 14
+1 * 14
+3 * 14 0 14
+2 * 14 0 14
+2 * 14 0 14
+2 * 14 0 14
+1 * 14 0 0 1 0 0 1
+4 * 14 14
+9 * 14 0 14
+4 * 14
+2 +5 14 14
+4 * 14 0 0 0 0 0 0 0 0 14
+6 * 14
+3 +2 14 14
+7 * 14 0 0 0 0 0 0 0 0 14
fi=(300)
+6 494 14 14
fi=(296)
+4 230 14 14
+7 * 14 0 0 0 0 0 0 0 0 14
fi=(300)
+6 497 14 14 0 2 0 0 1
fe=(286)
+4 346 14
+3 * 14 0 0 0 0 0 0 0 0 14
+6 +4 14 14
+7 * 14
+6 +7 14 14
+7 -7 14
+3 * 14
+4 * 14
fi=(239)
+4 51 14
+3 * 14 0 0 0 0 0 0 0 0 14
fi=(234)
+6 219 14 14
+3 * 14 14 14 0 1 0 0 0 0 0 0 14 1
cfi=(215)
cfn=(1140)
calls=14 0xc2c80 100 
* * 42 14 0 2 0 0 1
fe=(286)
+3 357 14
+2 * 14 0 0 0 0 0 0 0 0 14
0x124c23 -27 1 0 0 1 0 0 1
+5 * 1
fi=(304)
0x124cc4 452 13 13 0 1 0 0 1
fe=(286)
+3 +30 13 13
+4 * 13 13
+9 * 13 0 0 0 0 0 0 0 0 13
-13 * 1 1
+4 * 1 1
+9 * 1 0 0 0 0 0 0 0 0 1
+6 * 14
+4 * 14 14
+1 * 14 14
+2 * 14 14
+2 * 14 14
+2 * 14 14
+1 * 14 14
0x124de0 359 14 0 0 1 0 0 1
+3 * 14 14
+4 * 14
+4 * 14 14 14 0 1 0 0 0 0 0 0 14 1
cfi=(287)
cfn=(1142)
calls=14 0xf2b60 -25 
* * 1036 364 196 30 3 0 4 0 0 70 0 42 3
+6 * 14
+3 +2 14
+3 * 14 0 0 0 0 0 0 0 0 14 1
+6 +94 13 0 0 2 0 0 1 0 0 13
fi=(296)
+6 +54 13 13
fi=(300)
+7 +58 13 0 13
fe=(286)
+8 458 13 0 13
fi=(296)
+7 +51 13
+3 * 13
+5 * 13 13
+4 * 13
+4 * 13
fi=(300)
+4 +11 13 0 13
+4 +46 13
+4 -44 13 0 13
+4 +44 13 0 13
+4 * 13 0 0 2 0 0 1
fi=(296)
0x124ea8 -55 1 1 0 1 0 0 1
fi=(300)
+8 +56 1 0 1
fe=(286)
+8 467 1 0 1
fi=(300)
+7 +53 1 0 0 1 0 0 1
+4 +2 1 0 1
+5 +44 1
+4 -46 1
+4 +46 1 0 1
+4 -46 1 0 1
+4 * 1
fe=(286)

fn=(1110) std::basic_filebuf<char, std::char_traits<char> >::_M_allocate_internal_buffer()
0x126460 54 2 0 0 1 0 0 1
+4 +5 2 2
+7 * 2 0 0 0 0 0 0 0 0 2
+2 * 2 2
+8 * 2 0 0 0 0 0 0 0 0 2 2
+11 -5 2 0 2 1 0 0 1
+1 * 2
+3 * 2
+3 * 2
+4 +7 2 2
+7 * 2 0 2
+4 * 2 2 2 0 1 0 0 0 0 0 0 2 2
cfi=(297) /usr/src/debug/gcc/gcc/libstdc++-v3/libsupc++/new_opv.cc
cfn=(1112) operator new[](unsigned long)
calls=2 0xb2710 -30 
* * 594 100 65 2 13 3 1 0 1 109 20 4 1
+6 * 2 2
+4 * 2 0 2
+7 +1 2 0 2
+7 +2 2 2
+1 * 2 2

fn=(1392)
0x126790 952 2 0 0 2 0 0 1
+4 * 2 0 2
+1 * 2
+3 * 2 0 2
+2 * 2 0 2
+2 * 2 0 2
+2 * 2 0 2
+2 * 2
+6 * 2 0 2
+1 * 2
+7 +5 2 2
+4 -5 2 2
+9 * 2 0 2
+4 * 2 0 0 2 0 0 1
+3 +5 2 2
+4 * 2 0 0 0 0 0 0 0 0 2 2
+2 +2 1 1
+4 * 1
+5 * 1
+3 * 1 1 1 0 0 0 0 0 0 0 0 1 1
cfn=(1566)
calls=1 0x1269e0 545 
* * 168 56 33 6 3 0 6 0 0 18 6 6 5
+3 +1 1
+3 * 1
+4 +6 1 1
+8 * 1 0 0 0 0 0 0 0 0 1
-8 * 1 1
+8 * 1 0 0 0 0 0 0 0 0 1 1
+2 -1 1 1
fi=(239)
+7 51 1
+3 * 1 0 0 0 0 0 0 0 0 1
fi=(234)
+6 219 1 1
+3 * 1 1 1 0 0 0 0 0 0 0 0 1 1
cfi=(215)
cfn=(1140)
calls=1 0xc2c80 100 
* * 3 1
+3 * 1
fe=(286)
+2 965 1
+2 * 1 0 0 0 0 0 0 0 0 1
+2 +44 2 2 0 1 0 0 1
+4 * 2 2
+9 * 2 0 0 0 0 0 0 0 0 2 1
+6 * 2
+7 * 2
+3 * 2 2
+1 * 2 2
+2 * 2 2
+2 * 2 2
+2 * 2 2
+2 * 2 2
+1 * 2 2

fn=(1554)
0x125640 759 16256 0 0 1 0 0 1
+4 * 16256 0 16256
+1 * 16256
+3 * 16256 0 16256
+2 * 16256 0 16256
+2 * 16256 0 16256
+1 * 16256
+3 * 16256
+4 +8 16256 16256
+4 +1 16256 16256
+7 -1 16256
fi=(239)
+4 51 16256
+3 * 16256 0 0 0 0 0 0 0 0 16256
fi=(234)
+6 219 16256 16256
+3 * 16256 0 16256
+4 -1 16256
+3 +1 16256 16256 16256 0 1 0 0 0 0 0 0 16256 1
cfi=(215)
cfn=(1140)
calls=16256 0xc2c80 100 
* * 48768 16256 0 1
fe=(286)
+3 769 16256 16256
+4 * 16256
+2 * 16256 0 0 1 0 0 1 0 0 16256
+2 * 16256
+3 * 16256 0 0 0 0 0 0 0 0 16256
+2 * 16256 16256
+7 * 16256 0 0 0 0 0 0 0 0 16256
fi=(300)
+2 541 16256 16256
fe=(286)
+4 771 16256 16256
+4 * 16256
+3 +3 16256 16256
+7 * 16256 0 0 0 0 0 0 0 0 16256 4
+2 * 1 1
+7 +1 1
+4 * 1
+4 * 1
+4 +2 1
+3 * 1 0 0 0 0 0 0 0 0 1 1
-3 * 16255
+3 * 16255 0 0 0 0 0 0 0 0 16255 20
fi=(300)
+2 538 20 20
fe=(286)
+4 781 20 0 0 1 0 0 1
+3 * 20
+3 * 20
+4 -2 20
+3 +2 20
+3 -2 20
+3 +2 20 20 20 0 1 0 0 0 0 0 0 20 1
cfi=(287)
cfn=(1590)
calls=20 0xf2c30 367 
* * 1940 620 460 7 2 0 5 0 0 140 3 60 2
+6 +3 20
+3 -3 20
+3 +3 20
+3 * 20 0 0 0 0 0 0 0 0 20 2
+2 +6 20
+3 * 20
+3 * 20
+3 * 20
+5 * 20
+4 +10 20
+4 * 20 20
+1 * 20 20
+2 * 20 20
+2 * 20 20
+1 * 20 20
+1 * 16236 0 0 1 0 0 1
+4 -2 16236
+3 * 16236
+3 +2 16236 16236
+1 * 16236 16236
+2 * 16236 16236
+2 * 16236 16236
+1 -2 16236 16236 0 0 1 0 0 0 0 0 0 16236 1
cfi=(360) /usr/src/debug/gcc/gcc-build/x86_64-pc-linux-gnu/libstdc++-v3/include/bits/streambuf.tcc
cfn=(1560) std::basic_streambuf<char, std::char_traits<char> >::xsputn(char const*, long)
calls=16236 0x163c90 84 
* * 901221 202960 154243 10 2 127 10 1 0 129940 16256 16237 2
fi=(296)
+16 511 20 20
+8 -5 20 20
+4 * 20
fi=(300)
+4 +16 20 0 20
+5 * 20
+4 -2 20 0 20
fi=(296)
+4 -14 20 0 0 0 0 0 0 0 0 20
+2 +7 20 20 0 1 0 0 1
+7 * 20
+4 * 20 0 0 0 0 0 0 0 0 20
+2 +1 20
+5 * 20
fi=(300)
+5 +53 20 0 20
fe=(286)
+4 787 20 0 20
fi=(300)
+7 566 20 0 20
+5 * 20 0 20
+5 * 20
fe=(286)

fn=(1068) std::basic_filebuf<char, std::char_traits<char> >::open(char const*, std::_Ios_Openmode)
0x12a820 183 2 0 0 2 0 0 1
+4 * 2 0 2
+1 * 2
+3 * 2 0 2
+2 * 2
+3 * 2 0 2
+2 * 2
+3 * 2 0 2
+2 * 2 0 2
+1 * 2
fi=(296)
+3 +96 2
+4 * 2 2 2 2 2 0 1 0 0 0 0 2 1
cfi=(287)
cfn=(1070)
calls=2 0xf2950 +25 
* * 8 4
fe=(286)
+6 -92 2
+2 * 2 0 0 0 0 0 0 0 0 2
+6 +2 2
+4 * 2
+5 * 2
+3 * 2
+3 * 2 2 2 0 2 0 0 0 0 0 0 2 1
cfi=(287)
cfn=(1072)
calls=2 0xf2a70 +66 
* * 1220 275 261 93 20 22 53 6 7 131 44 10 7
fi=(296)
+6 +90 2
+4 * 2 2 2 0 0 0 0 0 0 0 0 2 1
cfi=(287)
cfn=(1070)
calls=2 0xf2950 +25 
* * 8 4
fe=(286)
+6 -89 2
+2 * 2 0 0 0 0 0 0 0 0 2
+6 +2 2
+3 * 2 2 2 0 1 0 0 0 0 0 0 2 2
cfn=(1110)
calls=2 0x126460 54 
* * 628 114 75 4 14 3 3 0 1 113 22 6 3
+6 +4 2
fi=(296)
+2 511 2 2 0 2 0 0 1
fe=(286)
+8 193 2 0 2
+4 +3 2 0 2
+7 +5 2 2
fi=(300)
+4 520 2
+4 +2 2 0 2
+5 +44 2
+4 -46 2
+4 +47 2 0 2
fe=(286)
+8 201 2 0 2
+7 * 2 0 2
fi=(300)
+7 520 2 0 2
+4 +46 2 0 2 2 0 0 1
fe=(286)
+4 205 2
+4 * 2 0 0 0 0 0 0 0 0 2 2
+27 +4 2
+3 +4 2 2
+1 * 2 2
+2 * 2 2
+2 * 2 2
+2 * 2 2
+1 * 2 2

fl=(306)
fn=(1270) std::num_get<char, std::istreambuf_iterator<char, std::char_traits<char> > >::_M_extract_float(std::istreambuf_iterator<char, std::char_traits<char> >, std::istreambuf_iterator<char, std::char_traits<char> >, std::ios_base&, std::_Ios_Iostate&, std::string&) const
0x148ae0 152 16384 0 0 1 0 0 1
+4 * 16384 0 16384
fi=(241)
+1 853 16384
fe=(306)
+7 152 16384
+3 * 16384 0 16384
+2 * 16384 0 16384
+2 * 16384 0 16384
+2 * 16384 0 16384
+2 * 16384 0 16384
+1 * 16384
+7 * 16384 16384 0 111 0 0 1
+4 * 16384 0 16384
+4 * 16384 0 16384
+4 * 16384 0 16384
+4 * 16384 0 16384
+4 * 16384 0 16384
+7 * 16384 16384
+9 * 16384 0 16384
+4 * 16384 16384
+4 +8 16384 0 16384
cfn=(1164) std::__use_cache<std::__numpunct_cache<char> >::operator()(std::locale const&) const [clone .isra.0]
calls=16384 0x140c30 57 
* * 458752 212992 98304 0 0 0 0 0 0 32768 2 16384
fi=(307)
+5 +78 16384
fe=(306)
+4 -78 16384
fi=(307)
+3 +78 16384
+4 * 16384 0 16384 14 0 0 1
+7 * 16384 0 16384
+7 * 16384
+3 * 16384 0 16384
cfn=(1166)
calls=16384 0x1444f0 -37 
* * 475136 131072 16384 0 0 0 0 0 0 49152 2
fe=(306)
+6 -70 16384
+2 * 16384 0 0 0 0 0 0 0 0 16384 2
0x148be9 371 16384 0 16384 111 0 0 1
+4 +1 16384 16384
+7 -1 16384 0 16384
+4 * 16384 16384
+4 * 16384 16384
+4 +1 16384 16384 16384 1 0 0 1 0 0 0 0 16384 128
cfi=(308)
cfn=(1184)
calls=16384 0xe9c70 758 
* * 98304 49152 0 0 0 0 0 0 0 16384
+6 * 16384 16384
+4 * 16384 16384
+9 * 16384 0 0 0 0 0 0 0 0 16384
+6 * 16384
+7 * 16384
+3 * 16384
+3 * 16384 16384
+1 * 16384 16384
+2 * 16384 16384
+2 * 16384 16384
+2 * 16384 16384
+2 * 16384 16384
+1 * 16384 16384
fi=(307)
+64 238 16384 16384 0 1 0 0 1
+3 -84 16384 16384
+7 +84 16384 16384
+4 * 16384 0 16384 1 0 0 1
+3 -84 16384 0 16384
cfn=(1170)
calls=16384 0x111640 +52 
* * 196608 98304 0 0 0 0 0 0 0 49152 2
fe=(306)
+6 +17 16384 16384
fi=(307)
+6 -17 16384 16384
+4 * 16384
fi=(304)
+2 446 16384
fe=(306)
+3 173 16384 16384
fi=(307)
+6 -19 16384 16384
fe=(306)
+4 +19 16384
+2 -1 16384
+3 * 16384 0 0 0 0 0 0 0 0 16384
+6 * 16384 16384
+5 * 16384 0 0 0 0 0 0 0 0 16384
+6 +14 16384 0 16384
+4 * 16384
+3 -1 16384
+2 +1 16384 0 0 1 0 0 1
+3 * 16384
+2 * 16384
+3 * 16384
+3 * 16384 16384
+4 +3 16384
+2 * 16384 0 0 0 0 0 0 0 0 16384 2
+12 +1 32760 32760
+4 * 32760 0 0 0 0 0 0 0 0 32760 2
+6 +2 16384 16384
+4 * 16384 0 0 0 0 0 0 0 0 16384 8
+6 +2 16376
+3 * 16376 0 0 0 0 0 0 0 0 16376 2
fi=(307)
+2 -19 16376
fe=(306)
+3 +24 16376
fi=(307)
+3 -24 16376 0 16376
cfi=(300)
cfn=(1282)
calls=16376 0x13a630 494 
* * 98256 49128 16376 2 0 0 2 0 0 16376
+5 +71 16376 0 16376 1 0 0 1
+4 * 16376 16376
+7 * 16376 0 16376
+7 * 16376 16376
+7 * 16376 0 16376
+4 * 16376 0 16376
+4 * 16376 0 16376
cfn=(1166)
calls=16376 0x1444f0 -45 
* * 474904 131008 16376 0 0 0 0 0 0 49128 2
fe=(306)
+6 -45 16376
+2 * 16376 0 0 0 0 0 0 0 0 16376
fi=(307)
+2 +45 16376 16376
+4 * 16376 16376
+4 -92 16376 16376
+7 * 16376 0 16376
cfn=(1170)
calls=16376 0x111640 +52 
* * 196512 98256 0 0 0 0 0 0 0 49128 2
+6 * 16376 16376
+4 * 16376 16376
fi=(304)
+4 446 16376
+5 * 16376
fe=(306)
+2 189 16376 16376
+5 * 16376
+2 * 16376
+2 * 16376 0 0 0 0 0 0 0 0 16376
fi=(308)
+8 1276 16376 16376 0 1 0 0 1
+4 * 16376
+5 * 16376 16376 16376 0 0 0 0 0 0 0 0 16376 1
cfn=(1276)
calls=16376 0x101a10 1437 
* * 573160 212888 131008 3 0 0 3 0 0 65504 4
+6 +1 16376
0x149326 961 16384 16384 0 1 0 0 1
fe=(306)
+4 359 16384 16384
+5 * 16384 0 0 0 0 0 0 0 0 16384 2
fi=(300)
0x14939e -25 16384 0 0 1 0 0 1
+4 * 16384 0 16384
fe=(306)
+7 186 16384 0 16384
+4 * 16384 0 16384
+7 * 16384
fi=(205)
+12 54 49160 49160
fi=(308)
+7 221 49160 49160
+3 * 49160 0 0 0 0 0 0 0 0 49160
+6 1440 49160 49160
+3 * 49160
+2 * 49160 0 0 0 0 0 0 0 0 49160 2
+6 * 49160
fi=(304)
+3 352 49160 0 49160
fi=(308)
+4 -22 49160 49160
fe=(306)
+3 226 49160 0 49160
fi=(308)
+4 338 49160
+4 -99 49160 49160
+4 * 49160 0 0 0 0 0 0 0 0 49160 4
fi=(300)
+6 494 65544 65544 0 1 0 0 1
+4 +3 65544 65544
+4 328 65544 0 0 1 0 0 1
+3 * 65544 0 0 0 0 0 0 0 0 65544 1
+6 507 65544
+4 * 65544 0 65544
+4 350 65544
+3 * 65544 0 0 0 0 0 0 0 0 65544 128
fi=(307)
+6 209 65416 65416
+4 * 65416
+4 * 65416
+3 * 65416
+3 * 65416
+3 * 65416
+3 * 65416 0 0 0 0 0 0 0 0 65416
fe=(306)
+6 +52 65416
+3 * 65416 0 0 0 0 0 0 0 0 65416
fi=(307)
+6 -52 65416
+3 * 65416 0 0 0 0 0 0 0 0 65416
fi=(300)
+2 494 65416 65416
+4 350 65416 65416
+4 * 65416 0 0 0 0 0 0 0 0 65416
fi=(304)
+6 452 65416 65416
fe=(306)
+4 220 65416
fi=(216)
+6 2178 65416
+4 * 65416
+2 * 65416 0 0 0 0 0 0 0 0 65416 16272
-6 * 16384 0 0 1 0 0 1
+4 * 16384
+2 * 16384 0 0 0 0 0 0 0 0 16384 2
fi=(308)
+2 330 49160 49160
+3 961 49160 49160
+4 1439 49160
+4 +1 49160 49160
+4 * 49160 0 0 0 0 0 0 0 0 49160 2
fe=(306)
+63 228 32640 32640 0 1 0 0 1
+5 * 32640 0 0 0 0 0 0 0 0 32640 10
+6 +6 16256 16256 0 1 0 0 1
+8 * 16256 0 0 0 0 0 0 0 0 16256 1
+2 +1 16256 16256
+8 * 16256 0 0 0 0 0 0 0 0 16256 2
fi=(300)
0x1495f0 353 128 128 0 1 0 0 1
+3 * 128
+3 * 128 128 128 0 1 0 0 0 0 0 0 128 13
cfi=(319)
cfn=(1344)
calls=128 0x1587f0 153 
* * 2048 640 0 2 0 0 2 0 0 640 128
+3 * 128
fi=(307)
+3 209 128
+3 * 128 0 0 1 0 0 1 0 0 128
+6 * 128 128
+3 * 128
+3 * 128
+3 * 128
+3 * 128
+3 * 128
+2 * 128
+3 * 128 0 0 0 0 0 0 0 0 128
fe=(306)
+6 +52 128
+3 * 128 0 0 0 0 0 0 0 0 128 3
fi=(308)
+30 -28 49160 0 49160 1 0 0 1
+7 +10 49160 0 49160
fi=(304)
+4 352 49160 0 49160
fi=(308)
+6 248 49160
fe=(306)
+79 -19 16384 16384 0 1 0 0 1
+4 * 16384 16384
+6 * 16384 0 0 0 0 0 0 0 0 16384
+6 +3 16384 0 16384
fi=(308)
+7 1276 16384
+5 * 16384
+3 * 16384 16384 16384 1 0 0 1 0 0 0 0 16384 16384
cfn=(1276)
calls=16384 0x101a10 1437 
* * 573440 212992 131072 0 0 0 0 0 0 65536 10
+6 +1 16384 0 16384
+4 * 16384
fi=(307)
0x149859 210 128
+3 * 128
fi=(308)
+5 312 16384 0 16384 1 0 0 1
+4 * 16384
+3 * 16384
+3 * 16384
+3 * 16384
+3 * 16384 16384
+7 * 16384 0 16384
+4 * 16384 0 16384 1 0 0 1
+6 * 16384 16384
+4 * 16384
+4 * 16384 0 16384
+4 * 16384 0 16384
fe=(306)
+4 -98 16384
+2 * 16384 0 0 0 0 0 0 0 0 16384
+2 +4 16384 16384
+9 * 16384 0 0 0 0 0 0 0 0 16384 4

fn=(1262)
0x149b30 709 16384 0 0 111 0 0 1
+4 * 16384 0 16384
+1 * 16384
+3 * 16384 0 16384
+2 * 16384 0 16384
+2 +5 16384
+4 -5 16384 0 0 14 0 0 1
+3 +5 16384
+5 -5 16384 0 16384
+2 * 16384
+3 * 16384 0 16384
+2 * 16384 0 16384
+1 * 16384
+4 * 16384 16384
+4 * 16384 0 16384
+4 +5 16384
+3 -5 16384 0 16384
+4 * 16384 16384
+4 * 16384 0 16384
+4 * 16384 0 16384
+4 * 16384 0 16384
+4 * 16384 0 16384
fi=(308)
+4 312 16384 16384
+9 * 16384 0 16384 11 0 0 1
+4 * 16384 16384
+7 * 16384
+4 * 16384 0 16384
fe=(306)
+4 714 16384 16384 16384 0 1 0 0 0 0 0 0 16384 1
cfi=(308)
cfn=(1264)
calls=16384 0x1013b0 3652 
* * 2130081 573467 376844 9 1 1 8 0 1 245783 16399 65536 16386
+6 +1 16384 16384
+4 * 16384 16384
+4 * 16384 0 16384
+2 * 16384
+3 * 16384 16384
+4 * 16384 16384
+4 * 16384 0 16384
+1 * 16384 16384
+4 * 16384 16384 16384 0 0 0 0 0 0 0 0 16384 1
cfn=(1270)
calls=16384 0x148ae0 152 
* * 8520312 2801576 1392672 264 1 0 31 0 0 1376224 16601 65656 16526
+6 * 16384
+3 * 16384 0 16384
+4 * 16384 16384 0 1 0 0 1
+1 * 16384 16384
+1 * 16384 0 16384
+4 +1 16384 16384 16384 0 0 0 0 0 0 0 0 16384 1
cfi=(207)
cfn=(726)
calls=16384 0xc8390 221 
* * 294912 98304 32768 2 1 0 0 0 0 32768 0 16384
+6 * 16384 0 16384
+4 * 16384
+4 * 16384
+3 * 16384 16384
+4 * 16384 16384
+4 * 16384 16384 16384 0 0 0 0 0 0 0 0 16384 1
cfi=(211)
cfn=(1292) void std::__convert_to_v<double>(char const*, double&, std::_Ios_Iostate&, __locale_struct* const&)
calls=16384 0xd6cb0 75 
* * 12781795 2475612 1381987 751 13 0 87 8 0 1966255 49285 63862 130
fi=(307)
+6 209 16384 16384
+4 * 16384
+3 * 16384
+3 * 16384
+3 * 16384
+2 * 16384
+2 * 16384 0 0 0 0 0 0 0 0 16384 128
+6 * 16384 16384
+4 * 16384 0 0 1 0 0 1
+3 * 16384 16384
+5 * 16384 0 0 0 0 0 0 0 0 16384 4
fe=(306)
+6 717 16384
+2 * 16384 0 0 0 0 0 0 0 0 16384 5
fi=(241)
+2 198 128 0 128
fe=(306)
+3 719 128
+3 * 128 128
+3 * 128 128
+4 * 128
+10 * 128
+3 * 128
+3 * 128
fi=(308)
+3 330 128 128
+4 +8 128
+4 -69 128 128
+7 * 128 0 0 0 0 0 0 0 0 128 2
fe=(306)
-44 719 16256
+3 * 16256 16256
+3 * 16256 16256
+4 * 16256
+10 * 16256
+3 * 16256
+3 * 16256
fi=(308)
+3 330 16256 16256
+4 +8 16256
+4 -69 16256 16256 0 1 0 0 1
+7 * 16256 0 0 0 0 0 0 0 0 16256 2
fe=(306)
+6 720 16384 16384
+4 * 16384 16384
+9 * 16384 0 0 0 0 0 0 0 0 16384 1
+6 * 16384
+4 * 16384
+3 * 16384
+3 * 16384 16384
+1 * 16384 16384
+2 * 16384 16384
+2 * 16384 16384
+2 * 16384 16384
+2 * 16384 16384
+1 * 16384 16384
fi=(300)
+50 350 16256 16256 0 2 0 0 1
+4 * 16256
+2 * 16256 16256
+4 * 16256 0 0 0 0 0 0 0 0 16256
fi=(205)
+54 54 16384 16384 0 1 0 0 1
+7 +46 16384 16384
+3 * 16384 0 0 0 0 0 0 0 0 16384 1
+2 -14 16384 16384
+3 +1 16384
+3 * 16384 0 16384
fi=(308)
+3 282 16384
+2 * 16384 0 0 0 0 0 0 0 0 16384
fi=(279)
+6 172 16384 16384 16384 1 1 0 1 0 0 0 0 16384 1
cfi=(330)
cfn=(1330)
calls=16384 0xb0620 48 
* * 589824 163840 65536 4 0 0 4 0 0 114688 0 16384 1
fi=(308)
+6 3598 16384
fe=(306)

fn=(1502) std::ostreambuf_iterator<char, std::char_traits<char> > std::num_put<char, std::ostreambuf_iterator<char, std::char_traits<char> > >::_M_insert_float<double>(std::ostreambuf_iterator<char, std::char_traits<char> >, std::ios_base&, char, char, double) const
0x1412e0 999 8128 0 0 1 0 0 1
+4 * 8128 0 8128
+1 * 8128
+3 * 8128 0 8128
+2 * 8128
+3 * 8128 0 8128
+2 * 8128 0 8128
+2 * 8128 0 8128
+2 * 8128
+3 * 8128 0 8128
+1 * 8128
+3 * 8128
+4 * 8128 0 8128 1 0 0 1
+4 * 8128 0 8128
+7 * 8128 0 8128
+7 * 8128 0 8128
fi=(241)
+5 853 8128 8128
+9 * 8128 0 8128
+4 * 8128
fe=(306)
+7 1006 8128 0 8128
cfn=(1164)
calls=8128 0x140c30 57 
* * 227584 105664 48768 2 2 0 0 0 0 16256 3 8128
fi=(241)
+5 766 8128 8128
fe=(306)
+4 1018 8128
+4 * 8128
+3 -12 8128
+3 +3 8128 0 0 1 0 0 1
+5 * 8128
+3 * 8128
+4 +9 8128
+4 * 8128 0 8128
+4 * 8128
+3 * 8128 8128 8128 0 0 0 0 0 0 0 0 8128 1
cfi=(345)
cfn=(1506)
calls=8128 0xc9200 64 
* * 260096 16256 32512 4 0 0 4 0 0 48768 6
fi=(241)
+6 87 8128 8128
fe=(306)
+3 1028 8128
fi=(241)
+3 87 8128
fe=(306)
+5 1028 8128
+3 * 8128 0 0 0 0 0 0 0 0 8128 2
+23 * 8128 0 0 1 0 0 1
+4 * 8128 0 8128
+6 * 8128
+5 * 8128
+4 * 8128 0 8128
+4 +1 8128
+5 * 8128 0 0 0 0 0 0 0 0 8128
+6 +1 8128 8128 8128 0 1 0 0 0 0 0 0 8128 1
cfi=(207)
cfn=(726)
calls=8128 0xc8390 221 
* * 146304 48768 16256 1 2 0 0 0 0 16256 0 8128
+6 * 8128 8128
+5 * 8128
+3 * 8128
+3 * 8128 0 8128
+4 * 8128
+4 * 8128 8128
+4 * 8128 0 0 1 0 0 1
+5 * 8128 0 8128
+7 * 8128
+3 * 8128
+5 * 8128 0 8128
cfi=(346) /usr/src/debug/gcc/gcc-build/x86_64-pc-linux-gnu/libstdc++-v3/include/x86_64-pc-linux-gnu/bits/c++locale.h
cfn=(1510) std::__convert_from_v(__locale_struct* const&, char*, int, char const*, ...)
calls=8128 0x107db0 78 
* * 19771739 4612729 3012903 135 29 18 129 14 0 2931173 61318 73152 7
+6 * 8128 0 8128
+3 +7 8128
+3 * 8128 0 0 0 0 0 0 0 0 8128 2
fi=(245)
0x141470 119 8128 8128 0 1 0 0 1
+7 * 8128 8128 8128 0 0 0 0 0 0 0 0 8128 1
cfi=(207)
cfn=(748)
calls=8128 0xc8910 507 
* * 48768 16256 0 0 0 0 0 0 0 8128
+6 * 8128
+3 +1 8128 8128 0 1 0 0 1
+7 +8 8128 8128
+4 * 8128 8128
+4 228 8128
+3 * 8128 0 0 0 0 0 0 0 0 8128
fe=(306)
+6 1071 8128 8128
+4 * 8128
+3 * 8128
+4 * 8128
+3 * 8128
+3 * 8128
+7 * 8128
+3 * 8128
+3 * 8128 0 0 0 0 0 0 0 0 8128 2
+23 * 8128 0 0 1 0 0 1
+5 * 8128
+3 * 8128
+3 * 8128 0 0 0 0 0 0 0 0 8128
+6 +2 8128 8128
+4 -2 8128
+5 * 8128
+4 +2 8128
fi=(216)
+4 911 8128 8128
fe=(306)
+4 1071 8128 0 8128
fi=(216)
+4 911 8128
+2 * 8128 0 0 0 0 0 0 0 0 8128 2
fi=(304)
+71 399 8128 0 8128 1 0 0 1
+3 +6 8128 8128
+4 * 8128
+3 * 8128
+5 * 8128 8128 8128 0 1 0 0 0 0 0 0 8128 1
cob=(2)
cfi=(316)
cfn=(1214)
calls=8128 0x16d380 61 
* * 154432 16256 0 2 0 0 0 0 0 32512 3
fe=(306)
+6 1078 8128 8128
+3 * 8128
fi=(304)
+3 405 8128
fe=(306)
+3 1078 8128 0 0 0 0 0 0 0 0 8128
+6 +3 8128 8128 0 0 1
+5 -1 8128 8128
+4 * 8128
+3 +1 8128 0 8128
+3 +6 8128 8128 0 0 1
+5 * 8128 0 0 0 0 0 0 0 0 8128 2
0x1417a3 +27 8128 8128 0 1 0 0 1
fi=(241)
+4 790 8128 8128
fe=(306)
+4 1114 8128
+3 * 8128
+3 * 8128 0 0 0 0 0 0 0 0 8128
fi=(241)
+6 801 8128 8128
+4 * 8128 0 8128 1 0 0 1
+8 +1 8128
fi=(307)
+2 329 8128
+2 * 8128 0 0 0 0 0 0 0 0 8128
fi=(300)
+2 460 8128 8128
+4 * 8128 8128
+4 * 8128
+3 * 8128
+3 * 8128 8128 8128 0 0 0 0 0 0 0 0 8128 1
cfi=(286)
cfn=(1554)
calls=8128 0x125640 759 
* * 773757 228065 130459 23 6 123 20 0 0 97628 8151 24425 7
fi=(307)
+3 331 8128
+3 * 8128
+5 * 8128
+3 * 8128
+3 * 8128
fe=(306)
+3 1126 8128 8128
+4 * 8128 8128
+9 * 8128 0 0 0 0 0 0 0 0 8128
+6 * 8128 0 0 1 0 0 1
+4 * 8128 8128
+1 * 8128 8128
+2 * 8128 8128
+2 * 8128 8128
+2 * 8128 8128
+2 * 8128 8128
+1 * 8128 8128
fi=(216)
0x141880 913 8128 8128
+4 * 8128
+3 * 8128 0 0 0 0 0 0 0 0 8128
+2 +1 8128 0 8128
+3 * 8128
+3 * 8128
+3 * 8128
+3 * 8128 8128 8128 0 1 0 0 0 0 0 0 8128 1
cob=(2)
cfi=(282)
cfn=(1038)
calls=8128 0x16dd80 255 
* * 89410 24384 16256 0 0 0 0 0 0 16257 6
fi=(304)
+6 399 8128 8128
+3 * 8128
fe=(306)
+10 1071 8128 0 8128 1 0 0 1
+6 * 8128

fn=(1162)
0x14bdb0 378 1 0 0 1 0 0 1
+4 * 1 0 1
+1 * 1
+3 * 1 0 1
+2 * 1 0 1
+2 * 1 0 1
+2 * 1 0 0 1 0 0 1
+6 * 1 0 1
+2 * 1 0 1
+1 * 1
+3 * 1
+7 * 1 1
+4 * 1 0 1
+4 * 1 0 1
+4 * 1 0 1
+7 * 1 1
+4 * 1 0 1
+4 * 1 0 1
+4 * 1 0 1
fi=(241)
+7 853 1 1
+9 * 1 0 1 1 0 0 1
+4 * 1
fe=(306)
+7 388 1 0 1
cfn=(1164)
calls=1 0x140c30 57 
* * 28 13 6 2 0 0 2 0 0 2 1 1
+5 * 1
fi=(241)
+3 87 1 1
+3 * 1
+3 * 1 0 1
fe=(306)
+3 396 1
+3 * 1 0 0 0 0 0 0 0 0 1
+2 * 1
+3 * 1
+6 * 1
+5 * 1
fi=(307)
+4 238 1
+4 * 1
+4 * 1 0 1
+4 * 1 0 0 1 0 0 1
+3 * 1 0 1
+4 * 1 0 1
cfn=(1166)
calls=1 0x1444f0 -37 
* * 29 8 1 2 0 0 2 0 0 3 1
+6 * 1
+3 * 1 1
+4 * 1 0 1
+4 * 1 1
+3 * 1 0 1
fe=(306)
+6 403 1
+3 * 1 0 0 0 0 0 0 0 0 1
fi=(307)
+6 154 1
+3 * 1 0 1
cfn=(1170)
calls=1 0x111640 +52 
* * 12 6 0 1 0 0 1 0 0 3
fe=(306)
+6 406 1 1 0 0 1
fi=(307)
+5 154 1 1
+4 * 1 1
fe=(306)
+4 408 1 1 0 1 0 0 1
fi=(304)
+5 +38 1
fe=(306)
+3 -39 1
+2 * 1 0 0 0 0 0 0 0 0 1
+2 * 1 1
+4 * 1 0 0 0 0 0 0 0 0 1 1
0x14befd +13 1 0 1 1 0 0 1
+7 +1 1 0 1
+10 +3 1
+3 * 1 0 0 0 0 0 0 0 0 1 1
+12 +1 1 1
+4 * 1 0 0 0 0 0 0 0 0 1
+2 +2 1 1
+4 * 1 0 0 0 0 0 0 0 0 1
+6 +10 1 1
+7 * 1 0 0 0 0 0 0 0 0 1
+6 * 1
+3 +29 1 0 0 1 0 0 1
+4 * 1 0 0 0 0 0 0 0 0 1
+6 * 1
+3 * 1
+3 * 1 0 1
fi=(308)
+7 312 1 1
+7 * 1
+4 * 1 0 1
fe=(306)
+4 472 1
+3 * 1 0 0 0 0 0 0 0 0 1
+6 * 1
+4 * 1 0 1
+7 +8 1
+5 * 1
+2 +5 1 1 0 1 0 0 1
+8 -5 1 0 1
+7 * 1
+3 * 1 0 1
+3 +5 1
+3 * 1 0 0 0 0 0 0 0 0 1
+6 +2 1
+3 * 1 0 0 0 0 0 0 0 0 1 1
fi=(307)
+6 209 1 1
fe=(306)
+7 475 1 0 1
fi=(216)
+4 2178 1
fi=(307)
+3 209 1
fe=(306)
+4 481 1
+3 * 1
+6 +16 3 3 0 1 0 0 1
+8 * 3 3
+4 +1 3
+3 * 3
+3 * 3 0 3
fi=(300)
+3 -4 3 3
fe=(306)
+4 +5 3
+3 +1 3 0 3
fi=(300)
+7 328 3
+3 * 3 0 0 0 0 0 0 0 0 3 2
+6 507 3
+4 * 3 0 3
+4 350 3
+3 * 3 0 0 0 0 0 0 0 0 3
fi=(307)
+6 209 3 3
+5 * 3
+4 * 3
+3 * 3 0 0 0 0 0 0 0 0 3
+6 * 3
fe=(306)
+3 503 3
+3 * 3 0 0 0 0 0 0 0 0 3
fi=(307)
+6 209 3
+3 * 3 0 0 0 0 0 0 0 0 3
fi=(300)
+6 494 3 3
+4 350 3 3
+4 * 3 0 0 0 0 0 0 0 0 3
fi=(304)
+6 452 3 3
fe=(306)
+3 +35 3
fi=(216)
+6 2176 3
+3 * 3 0 0 0 0 0 0 0 0 3
-3 * 1 0 0 1 0 0 1
+3 * 1 0 0 1 0 0 1 0 0 1
+6 +2 4
+3 * 4 0 0 0 0 0 0 0 0 4 1
+6 * 3
+2 * 3 0 0 0 0 0 0 0 0 3
+6 +6 3
fe=(306)
+3 493 3 3
+4 * 3 0 0 0 0 0 0 0 0 3 2
fi=(308)
0x14c0ef 961 1 1 0 1 0 0 1
fe=(306)
+4 559 1 1 0 0 1 0 0 1
+5 * 1 0 0 0 0 0 0 0 0 1
+6 +14 1 1 0 1 0 0 1
+6 * 1
+2 * 1 0 0 0 0 0 0 0 0 1
+45 +16 1
+3 * 1 0 0 0 0 0 0 0 0 1 1
+12 +2 1 0 1 1 0 0 1
+4 +1 1 1
+7 -1 1 0 1
+4 * 1 1
+4 * 1 1
+4 +1 1 1 1 0 1 0 0 0 0 0 0 1 1
cfi=(308)
cfn=(1184)
calls=1 0xe9c70 758 
* * 6 3 0 2 0 0 2 0 0 1
+6 * 1 1
+4 * 1 1
+9 * 1 0 0 0 0 0 0 0 0 1
+6 * 1
+7 * 1
+3 * 1
+3 * 1 1
+1 * 1 1 0 1 0 0 1
+2 * 1 1
+2 * 1 1
+2 * 1 1
+2 * 1 1
+1 * 1 1
0x14c1fb -19 1 0 0 1 0 0 1
+3 * 1 0 0 1 0 0 1 0 0 1 1
+6 +5 1 1
+4 * 1 0 0 0 0 0 0 0 0 1 1
0x14c510 474 1 0 0 1 0 0 1
+3 * 1
+3 * 1
0x14c5f0 587 1 0 0 1 0 0 1
+3 * 1
+2 * 1 1
+7 * 1
+4 * 1 1
+7 * 1 0 1
+3 * 1
+30 406 1 0 1 1 0 0 1
+7 * 1

fn=(1500)
0x141960 1182 8128 0 0 1 0 0 1
+4 +2 8128
+3 * 8128
+4 * 8128 8128 0 0 1 0 0 0 0 0 0 8128 1
cfn=(1502)
calls=8128 0x1412e0 999 
* * 22650650 5385370 3509122 180 44 141 166 14 0 3272642 69497 162601 20

fn=(1164)
0x140c30 57 24513 0 24513 2 0 0 1
+1 * 24513
+3 * 24513 0 24513
+2 * 24513 0 24513
+2 * 24513 0 24513
+2 * 24513
+3 +2 24513 24513 0 2 1 0 1
+7 -2 24513 0 24513
+1 +2 24513 24513 24513 0 0 0 0 0 0 0 0 24513
cfi=(207)
cfn=(748)
calls=24513 0xc8910 507 
* * 147078 49026 0 0 0 0 0 0 0 24513 6
+6 * 24513
+3 +1 24513 24513
+4 +1 24513 24513
+4 * 24513
+4 * 24513 24513 0 0 1
+4 * 24513
+3 * 24513 0 0 0 0 0 0 0 0 24513
+2 +16 24513 24513
+1 * 24513 24513
+2 * 24513 24513
+2 * 24513 24513
+2 * 24513 24513
+1 * 24513 24513

fl=(251) /usr/src/debug/gcc/gcc/libstdc++-v3/src/c++11/compatibility-condvar.cc
fn=(898) _GLOBAL__sub_I_compatibility_condvar.cc
0xadf20 108 1
+4 -26 1 0 1 0 0 1
+11 +26 1 1

fl=(254) /usr/src/debug/gcc/gcc/libstdc++-v3/libsupc++/eh_alloc.cc
fn=(904) _GLOBAL__sub_I_eh_alloc.cc
0xadf50 456 1
+4 * 1 0 1
fi=(264)
+1 134 1
fe=(254)
+4 +61 1
+7 456 1
+3 * 1 0 1
+2 * 1 0 1
+2 * 1 0 1
+2 * 1 0 1
+2 * 1 0 1
+1 * 1
+4 * 1 1
+9 * 1 0 1
+4 * 1
fi=(264)
+2 134 1 0 1 1 0 1 1
+7 * 1 0 1
fe=(254)
+7 +53 1
fi=(264)
+4 -53 1 0 1
fe=(254)
+11 +53 1 0 1
+11 * 1 0 1
+7 +8 1 1 1 0 1 0 0 0 0 0 0 1 1
cob=(2)
cfi=(255) /usr/src/debug/glibc/glibc/stdlib/secure-getenv.c
cfn=(906) secure_getenv
calls=1 0x44200 28 
* * 649 255 9 8 48 0 8 1 0 167 18 3 1
+6 +7 1 0 1
+8 -7 1
+3 +7 1 0 0 1 0 0 1
+7 * 1 0 1
+8 * 1 0 1
fi=(384) /usr/src/debug/gcc/gcc-build/x86_64-pc-linux-gnu/libstdc++-v3/include/string_view
+4 -56 1
+7 -1 1 0 1
+8 +1 1 0 1
fi=(385) /usr/src/debug/gcc/gcc-build/x86_64-pc-linux-gnu/libstdc++-v3/include/bits/stl_pair.h
+4 902 1 0 1
fe=(254)
+7 203 1
+3 * 1 0 0 0 0 0 0 0 0 1 1
fi=(258)
0xae090 +36 1 1 0 1 0 0 1
+3 * 1
fe=(254)
+5 -49 1
fi=(258)
+5 +49 1
+2 * 1
fe=(254)
+3 -11 1 1
+3 -38 1
+2 * 1
+3 +42 1
+3 * 1
+3 -94 1
+4 * 1
+4 * 1
+4 +94 1 0 1 1 0 0 1
+7 +1 1 0 0 0 0 0 0 0 0 1 1
+2 456 1 1
+4 * 1 1
+9 * 1 0 0 0 0 0 0 0 0 1
+6 * 1
+4 * 1 1
+1 * 1 1
+2 * 1 1
+2 * 1 1
+2 * 1 1
+2 * 1 1
+1 * 1 1
+1 235 1
+3 * 1 1 1 0 1 0 0 0 0 0 0 1 1
cob=(2)
cfi=(188)
cfn=(916) malloc
calls=1 0xa7970 3480 
* * 415 86 53 48 3 2 48 2 2 64 24
+6 * 1 0 1
+7 +1 1
+3 * 1 0 0 0 0 0 0 0 0 1
+2 +12 1
+2 -3 1 0 1 1 0 0 1
+7 +2 1 0 1
+3 +1 1 0 1
+4 * 1

fl=(360)
fn=(1560)
0x163c90 84 16236 0 0 1 0 0 1
+4 * 16236 0 16236
+1 * 16236
+3 * 16236 0 16236
+2 * 16236
+3 * 16236 0 16236
+2 * 16236
+3 * 16236 0 16236
+2 * 16236
+3 * 16236 0 16236
+2 * 16236 0 16236
+1 +3 16236
+2 -3 16236
+4 +4 16236
+3 * 16236 0 0 0 0 0 0 0 0 16236
-3 * 16237
+3 * 16237 0 0 0 0 0 0 0 0 16237 8132
fi=(300)
+2 541 16237 16237
fe=(360)
+4 91 16237 16237
+4 * 16237
+3 * 16237 0 0 1 0 0 1 0 0 16237 1
+2 +2 16236
fi=(304)
+3 429 16236
fe=(360)
+3 93 16236
fi=(258)
+3 239 16236
+3 * 16236
fe=(360)
+4 96 16236
fi=(304)
+3 429 16236
fe=(360)
+3 97 16236
fi=(304)
+3 429 16236 16236 16236 0 0 0 0 0 0 0 0 16236 1
cob=(2)
cfi=(282)
cfn=(1038)
calls=16236 0x16dd80 255 
* * 219238 40580 24344 0 1 127 0 1 0 64985 8113
fi=(300)
+6 807 16236 0 16236
fe=(360)
+4 101 16236
+3 * 16236 0 0 0 0 0 0 0 0 16236 6
+8 +2 1 1
+4 * 1 1
fi=(304)
+4 452 1 1 0 0 1
+7 * 1 0 0 1 0 0 1 0 0 1 1
fe=(360)
+2 114 16236
+4 * 16236
+3 * 16236 16236
+1 * 16236 16236
+2 * 16236 16236
+2 * 16236 16236
+2 * 16236 16236
+2 * 16236 16236
+1 * 16236 16236
fi=(304)
+6 452 1 1
fe=(360)
+4 103 1
+3 * 1 0 1 0 0 0 0 0 0 0 0 1 1
cfi=(286)
cfn=(1566)
calls=1 0x1269e0 545 
* * 53 14 10 7 0 0 7 0 0 7 3
+2 +1 1
+3 * 1 0 0 0 0 0 0 0 0 1
+2 +2 1
+4 +1 1
+4 * 1

fl=(373) /usr/src/debug/gcc/gcc-build/x86_64-pc-linux-gnu/libstdc++-v3/include/bits/shared_ptr_atomic.h
fn=(1676) std::atomic<std::shared_ptr<std::chrono::tzdb_list::_Node> >::~atomic()
0x1d5f00 631 1 0 0 1 0 0 1
fi=(386) /usr/src/debug/gcc/gcc-build/x86_64-pc-linux-gnu/libstdc++-v3/include/bits/atomic_base.h
+4 501 1 1 0 0 1 0 0 1
fe=(373)
+4 -76 1
+4 * 1 0 0 0 0 0 0 0 0 1
+2 +1 1
+3 * 1 0 0 0 0 0 0 0 0 1
+2 * 1 1

fl=(335)
fn=(1362)
0xb0650 34 386 0 0 1 0 0 1
+4 +1 386 386 0 0 2 0 0 0 0 0 0 386 1
cfi=(330)
cfn=(1330)
calls=386 -52 +13 
* * 52278 15012 7442 22 309 0 17 0 0 9224 39 386

fl=(336) /usr/src/debug/gcc/gcc/libstdc++-v3/libsupc++/del_ops.cc
fn=(1368) operator delete(void*, unsigned long)
0xb0630 32 146
+4 +1 146 146 0 0 7 0 0 0 0 0 0 146 1
cfi=(330)
cfn=(1330)
calls=146 -20 +15 
* * 6370 1772 770 3 43 5 1 0 0 1208 114 146

fl=(236)
fn=(816)
0xd25c0 92 1 0 0 1 0 0 1
+4 * 1 0 1
+1 * 1
+3 * 1 0 1
+2 * 1 0 1
+2 * 1 0 1
+2 * 1
+3 * 1 0 1
+1 * 1
+3 * 1
+4 +1 1 1
+5 * 1 0 0 0 0 0 0 0 0 1
+6 +3 1
+3 * 1 0 0 0 0 0 0 0 0 1 1
0xd2657 +68 1 1 0 1 0 0 1
+4 * 1
+7 +1 1 0 1
+8 -1 1 0 1
+4 +3 1
+7 * 1 0 1
+4 +1 1 0 1
+8 +1 1
+4 * 1 1
+1 * 1 1
+2 * 1 1
+2 * 1 1
+2 * 1 1
+1 * 1 1
+3 -70 1 1 0 1 0 0 1
+4 * 1
+7 * 1 0 1
+4 +1 1 0 1
+8 +1 1 0 1
+4 +2 1 0 1
+4 +1 1 1
+4 * 1 0 1
+4 +3 1 1
+7 * 1 1 0 1 0 0 1
+3 -1 1
+2 * 1
+7 * 1
+11 * 1
+11 +1 1 1
+4 * 1 1
+4 * 1 0 1
+4 -1 1
+4 * 1
+4 * 1 0 0 0 0 0 0 0 0 1
-20 +1 35 35
+4 * 35 35
+4 * 35 0 35
+4 -1 35
+4 * 35
+4 * 35 0 0 0 0 0 0 0 0 35 1
+2 +4 1 1
+7 * 1 1
+3 -1 1 0 0 1 0 0 1
+2 * 1
+8 * 1
+11 * 1
+11 +1 1 1
+4 * 1 1
+4 * 1 0 1
+4 -1 1
+4 * 1
+4 * 1 0 0 0 0 0 0 0 0 1 1
-20 +1 25 25
+4 * 25 25
+4 * 25 0 25
+4 -1 25
+4 * 25
+4 * 25 0 0 0 0 0 0 0 0 25 7
+2 * 1

fn=(828)
0xd2940 183 1 0 0 1 0 0 1
+4 * 1 0 1
+1 * 1
+3 * 1 0 1
+2 * 1 0 1
+2 * 1 0 1
+2 * 1
+3 * 1 0 1
+1 * 1
+3 +1 1 1
+5 * 1 0 0 0 0 0 0 0 0 1
+6 +3 1
+3 * 1 0 0 0 0 0 0 0 0 1 1
+86 +69 1 0 0 1 0 0 1
+7 +1 1 0 1
+8 -1 1 0 1
+4 +3 1
+7 * 1 0 1
+4 +1 1 0 1
+8 +1 1 1
+1 * 1 1
+2 * 1 1
+2 * 1 1
+2 * 1 1
+1 * 1 1
+9 -71 1 1 0 1 0 0 1
+4 * 1
+7 * 1 0 1
+4 +4 1 1 0 1 0 0 1
+7 -3 1 0 1
+8 +3 1 0 1
+4 +6 1 1
+7 -8 1 0 1
+4 +8 1 1
+3 -2 1
+2 * 1
+8 * 1
+11 * 1
+11 +2 1 1 0 1 0 0 1
+4 * 1 0 1
+4 -2 1
+4 * 1
+4 * 1 0 0 0 0 0 0 0 0 1 1
-16 +2 35 35
+4 * 35 0 35
+4 -2 35
+4 * 35
+4 * 35 0 0 0 0 0 0 0 0 35 8
+2 +6 1 1
+7 * 1 1
+3 -2 1
+2 * 1
+2 +2 1 1
+4 * 1 0 1
+7 -2 1
+4 * 1
+4 * 1 0 0 0 0 0 0 0 0 1 1
-19 +2 25 25
+4 * 25 0 25
+7 -2 25
+4 * 25
+4 * 25 0 0 0 0 0 0 0 0 25 9
+2 * 1

fl=(346)
fn=(1510)
0x107db0 78 8128 0 0 1 0 0 1
+4 * 8128 0 8128
+1 * 8128
+3 * 8128 0 8128
+2 * 8128
+3 * 8128 0 8128
+2 * 8128 0 0 1 0 0 1
+3 * 8128 0 8128
+2 * 8128 0 8128
+1 * 8128
+2 * 8128
+7 * 8128 0 8128
+7 * 8128 0 8128
+7 * 8128
+2 * 8128 0 0 0 0 0 0 0 0 8128
+2 * 8128 0 8128
+7 * 8128 0 8128
+7 * 8128 0 8128
+4 * 8128 0 8128
+4 * 8128 0 8128
+4 * 8128 0 8128
+4 * 8128 0 8128 1 0 0 1
+4 * 8128 0 8128
+4 * 8128 8128
+9 * 8128 0 8128
+7 * 8128
+2 +2 8128 8128
+3 * 8128 8128 8128 0 1 0 0 0 0 0 0 8128 1
cob=(2)
cfi=(225) /usr/src/debug/glibc/glibc/locale/uselocale.c
cfn=(776) uselocale
calls=8128 0x35c40 -50 
* * 178816 73152 32512 2 4 0 0 0 0 8128 2
+6 +17 8128
+3 * 8128
+3 * 8128
+3 -17 8128
+3 +14 8128
+4 * 8128 0 8128
+10 +3 8128 0 0 1 0 0 1
+7 -3 8128 0 8128
+7 * 8128
+7 * 8128 0 8128
+10 * 8128 0 8128
+7 +3 8128 8128 8128 0 0 0 0 0 0 0 0 8128 1
cob=(2)
cfi=(347) /usr/src/debug/glibc/glibc/libio/vsnprintf.c
cfn=(1512) vsnprintf
calls=8128 0x8ad60 +5 
* * 18975195 4360761 2760935 128 23 18 124 14 0 2898661 61316 48768 4
+6 +8 8128
+3 -8 8128
+2 +8 8128 8128 8128 0 0 0 0 0 0 0 0 8128 1
cob=(2)
cfi=(225)
cfn=(776)
calls=8128 0x35c40 -75 
* * 178816 73152 32512 0 1 0 0 0 0 8128
+6 +9 8128 8128
+7 * 8128 8128 0 1 0 0 1
+9 * 8128 0 0 0 0 0 0 0 0 8128
+2 * 8128
+7 * 8128
+2 * 8128 8128
+1 * 8128 8128
+2 * 8128 8128
+2 * 8128 8128
+2 * 8128 8128
+1 * 8128 8128

fl=(252) /usr/src/debug/gcc/gcc/libstdc++-v3/src/c++11/compatibility-thread-c++0x.cc
fn=(900) _GLOBAL__sub_I_compatibility_thread_c__0x.cc
0xadf30 128 1
+4 * 1 0 1
+1 * 1
+3 -74 1 1 1 0 0 0 0 0 0 0 0 1 1
cfi=(253)
cfn=(902)
calls=1 0xdf8a0 +35 
* * 3 1 0 1 0 0 1
+6 * 1 1 0 1 0 0 1
+7 * 1 0 1
+3 +74 1 1
+1 * 1 1

fl=(203) /usr/src/debug/gcc/gcc/libstdc++-v3/src/c++98/globals_io.cc
fn=(708) _GLOBAL__sub_I.00090_globals_io.cc
0xae260 118 1 0 0 1 0 0 1
+4 * 1 0 1
+1 -38 1
+7 +38 1
+3 -38 1 1 1 0 1 0 0 0 0 0 0 1 1
cfi=(204)
cfn=(710)
calls=1 0xc6a80 -2 
* * 39311 11268 5082 315 163 148 315 24 115 7296 373 912 169
+6 * 1 1 0 0 1
+7 * 1 0 0 1 0 0 1
+7 +38 1 1
+1 -38 1
+7 * 1 1 0 0 0 0 0 0 0 0 0 1 1
cob=(2)
cfi=(247)
cfn=(880)
calls=1 0x404f0 -13 
* * 73 13 16 8 2 2 8 1 1 9 1

fl=(297)
fn=(1112)
0xb2710 31 386 0 0 1 0 0 1
+4 +1 386 386 0 0 1 0 0 0 0 0 0 386 1
cfi=(280)
cfn=(1026)
calls=386 0xb26a0 +11 
* * 58154 10591 5632 302 30 257 1 0 252 8596 367 386 128

fl=(280)
fn=(1026)
0xb26a0 43 16918 0 0 1 0 0 1
+4 * 16918 0 16918
+1 +4 16918
+5 -4 16918
+3 * 16918 0 16918
+1 * 16918
+4 +4 16918
+3 * 16918
+4 * 16918
+3 +3 16918
+3 * 16918 16918 16918 1 8 0 1 0 0 0 0 16918 16385
cob=(2)
cfi=(188)
cfn=(916)
calls=16918 0xa7970 3480 
* * 601800 108889 54582 341 140 313 35 0 276 108235 547
+6 * 16918
+3 * 16918 0 0 0 0 0 0 0 0 16918 2
+2 +9 16918 16918
+4 * 16918 16918
+1 * 16918 16918

fl=(211)
fn=(736)
0xd6e60 134 1 0 0 1 0 0 1
+4 * 1 0 1
+1 * 1
+3 * 1 0 1
+1 * 1
+3 +1 1
+5 -1 1
+4 +1 1 1 1 0 1 0 0 0 0 0 0 1 1
cob=(2)
cfi=(212) /usr/src/debug/glibc/glibc/locale/newlocale.c
cfn=(738) newlocale
calls=1 0x34640 -92 
* * 38 12 7 5 0 1 5 0 0 6 3
+6 * 1 0 1
+3 +1 1 0 0 1 0 0 1
+3 * 1 0 0 0 0 0 0 0 0 1
+6 +6 1 1
+4 * 1 1
+1 * 1 1

fn=(1292)
0xd6cb0 75 16384 0 0 1 0 0 1
+4 * 16384 0 16384
+1 * 16384
+3 * 16384 0 16384
+2 * 16384 0 16384
+2 * 16384
+3 +2 16384 0 0 1 0 0 1
+4 -2 16384 0 16384
+1 * 16384
+3 * 16384
+4 * 16384 16384
+9 * 16384 0 16384
+4 * 16384
+3 +2 16384 16384
+3 * 16384 16384 16384 0 1 0 0 0 0 0 0 16384 1
cob=(2)
cfi=(321) /usr/src/debug/glibc/glibc/stdlib/strtod_l.c
cfn=(1294) strtod_l
calls=16384 0x4c480 1784 
* * 12191971 2246236 1267299 747 12 0 83 8 0 1851567 49196 47478 129
+6 +4 16384 16384
+4 -4 16384 0 16384
+6 +4 16384
+3 * 16384 0 0 0 0 0 0 0 0 16384
+2 * 16384 16384
+3 * 16384 0 0 0 0 0 0 0 0 16384 77
+18 +15 16384 16384
+4 * 16384 16384
+9 * 16384 0 0 0 0 0 0 0 0 16384
+2 * 16384
+4 * 16384 16384
+1 * 16384 16384
+2 * 16384 16384
+2 * 16384 16384
+1 * 16384 16384
+7 -10 16384 16384 0 1 0 0 1
+8 * 16384 0 0 0 0 0 0 0 0 16384
+2 * 16384 0 0 0 0 0 0 0 0 16384 6
+30 +5 16384 16384 0 1 0 0 1
+8 * 16384 0 0 0 0 0 0 0 0 16384 2
+2 * 16384 0 0 0 0 0 0 0 0 16384 4

fl=(224) /usr/src/debug/gcc/gcc-build/x86_64-pc-linux-gnu/libstdc++-v3/src/c++11/ctype_members.cc
fn=(774) std::ctype<wchar_t>::_M_initialize_ctype()
0xf2760 273 1 0 0 1 0 0 1
+4 * 1 0 1
+1 * 1
+3 * 1 0 1
+2 * 1 0 1
+2 * 1 0 1
+2 * 1
+3 * 1 0 1
+1 +2 1 1
+4 * 1
+2 * 1 1 1 0 1 0 0 0 0 0 0 1 1
cob=(2)
cfi=(225)
cfn=(776)
calls=1 0x35c40 30 
* * 22 9 4 2 0 0 2 0 0 1
+6 * 1 0 0 1 0 0 1
+3 +3 1
+7 +6 128 0 128 0 0 2 0 0 2
+5 -6 128
+4 * 128
+7 * 128 0 0 0 0 0 0 0 0 128 1
fi=(226) /usr/include/wchar.h
+6 +73 128
+2 * 128 128 128 0 1 0 0 0 0 0 0 128 1
cob=(2)
cfi=(227) /usr/src/debug/glibc/glibc/wcsmbs/wctob.c
cfn=(780) wctob
calls=128 0xd0a20 30 
* * 2432 640 256 2 0 0 2 0 0 384 1
fe=(224)
+6 -70 128
+3 * 128 0 0 0 0 0 0 0 0 128 1
+4 +5 1 0 1
+5 +5 1
+2 * 1
+1 * 1
fi=(226)
+11 +54 1 0 0 1 0 0 1
+2 * 1 1 1 0 1 0 0 0 0 0 0 1 1
cob=(2)
cfi=(228) /usr/src/debug/glibc/glibc/wcsmbs/btowc.c
cfn=(782) btowc
calls=1 0xc0940 32 
* * 22 6 3 2 0 0 2 0 0 4
-2 * 255
+2 * 255 255 255 0 0 0 0 0 0 0 0 255
cob=(2)
cfi=(228)
cfn=(782)
calls=255 0xc0940 32 
* * 10090 3578 1277 4 5 0 4 0 0 1660 9 128 1
fe=(224)
+6 -53 256 0 256 0 0 16 0 0 16
+8 -2 256
+4 +1 256
+7 * 256 0 0 0 0 0 0 0 0 256 6
+2 +3 1
+2 +2 1
+5 * 1
+2 * 1
+2 * 1
+4 * 1 0 0 0 0 0 0 0 0 1 1
-13 * 3
+5 * 3
+2 * 3
+2 * 3
+4 * 3 0 0 0 0 0 0 0 0 3 2
+2 * 8
+3 +1 8
+3 -1 8 0 8
+9 +1 8
+3 * 8 8 8 1 1 0 1 0 0 0 0 8 1
cfn=(788) std::ctype<wchar_t>::_M_convert_to_wmask(unsigned short) const
calls=8 0xf20d0 60 
* * 1671 343 106 15 11 0 15 5 0 264 40 64 9
+6 -1 8
+5 +1 8 0 8 0 0 1 0 0 1
+8 -3 8
+4 +2 8
+2 * 8
+2 * 8
+4 * 8 0 0 0 0 0 0 0 0 8 2
+2 * 4
+3 +1 4
+3 -1 4 0 4
+9 +1 4 4 4 0 0 0 0 0 0 0 0 4 1
cfn=(788)
calls=4 0xf20d0 60 
* * 1677 325 81 0 0 0 0 0 0 283 14 63 3
+6 * 4 0 4 0 0 1 0 0 1
+8 -3 4
+4 * 4
+4 * 4 0 0 0 0 0 0 0 0 4
+2 +8 1 1
+1 -2 1
+3 +2 1 1
+2 * 1 1
+2 * 1 1
+2 * 1 1
+1 -2 1 1 0 0 0 0 0 0 0 0 0 1 1
cob=(2)
cfi=(225)
cfn=(776)
calls=1 0x35c40 30 
* * 22 9 4 0 1 0 0 0 0 1
+6 * 1 0 0 1 0 0 1
+5 * 1

fn=(788)
0xf20d0 60 12 0 0 1 0 0 1
+4 +2 12
+5 * 12 0 0 0 0 0 0 0 0 12 3
+6 * 11 0 0 0 0 0 0 0 0 11 2
+2 * 7
+5 * 7 0 0 0 0 0 0 0 0 7 1
+6 * 6 0 0 0 0 0 0 0 0 6 1
+6 * 4
+4 * 4 0 0 0 0 0 0 0 0 4 1
+6 * 3
+4 * 3 0 0 0 0 0 0 0 0 3 1
+6 * 2
+4 * 2 0 0 0 0 0 0 0 0 2 1
+6 +36 1 1
+4 * 1
+7 * 1 1 0 0 0 0 0 0 0 0 0 1 1
cob=(2)
cfi=(231) /usr/src/debug/glibc/glibc/wctype/wctype_l.c
cfn=(790) wctype_l
calls=1 0x11f2a0 -72 
* * 487 96 25 0 0 0 0 0 0 77 3 18
+13 -36 4 0 0 1 0 0 1
+5 * 4 0 0 0 0 0 0 0 0 4 1
+6 * 3 0 0 0 0 0 0 0 0 3
+2 * 3
+5 * 3 0 0 0 0 0 0 0 0 3 1
+6 * 2 0 0 1 0 0 1
+5 * 2 0 0 0 0 0 0 0 0 2 1
+6 +6 1 1
+4 * 1
+7 * 1 1 0 0 0 0 0 0 0 0 0 1 1
cob=(2)
cfi=(231)
cfn=(790)
calls=1 0x11f2a0 -42 
* * 381 76 21 0 0 0 0 0 0 59 3 14
+50 +3 1 1
+4 * 1
+7 * 1 1 0 0 0 0 0 0 0 0 0 1 1
cob=(2)
cfi=(231)
cfn=(790)
calls=1 0x11f2a0 -45 
* * 540 106 27 0 0 0 0 0 0 86 3 20
+13 -9 2 0 0 1 0 0 1
+5 * 2 0 0 0 0 0 0 0 0 2 1
+2 * 1
+5 * 1 0 0 0 0 0 0 0 0 1
+2 +18 1 1
+4 * 1
+7 * 1 1 0 0 0 0 0 0 0 0 0 1 1
cob=(2)
cfi=(231)
cfn=(790)
calls=1 0x11f2a0 -54 
* * 197 42 14 0 0 0 0 0 0 28 6 7
+31 -3 1 1
+4 * 1
+7 * 1 1 0 0 0 0 0 0 0 0 0 1 1
cob=(2)
cfi=(231)
cfn=(790)
calls=1 0x11f2a0 -51 
* * 144 32 12 1 2 0 1 1 0 19 5 5
+13 -3 1 1 0 1 0 0 1
+4 * 1
+7 * 1 1 0 1 1 0 1 0 0 0 0 1 1
cob=(2)
cfi=(231)
cfn=(790)
calls=1 0x11f2a0 -48 
* * 91 22 10 7 6 0 7 2 0 10 3 3 2
+13 +9 1 1
+4 * 1
+7 * 1 1 0 0 0 0 0 0 0 0 0 1 1
cob=(2)
cfi=(231)
cfn=(790)
calls=1 0x11f2a0 -57 
* * 250 52 16 0 1 0 0 1 0 37 3 9
+13 +21 2
+2 * 2 2
+6 -39 1 1
+4 * 1
+7 * 1 1 0 0 0 0 0 0 0 0 0 1 1
cob=(2)
cfi=(231)
cfn=(790)
calls=1 0x11f2a0 -39 
* * 328 66 19 0 1 0 0 1 0 50 6 12
+13 +24 1 1 0 1 0 0 1
+4 * 1
+7 * 1 1 0 0 0 0 0 0 0 0 0 1 1
cob=(2)
cfi=(231)
cfn=(790)
calls=1 0x11f2a0 -63 
* * 191 38 14 0 0 0 0 0 0 26 6 7
+13 -3 1 1
+4 * 1
+7 * 1 1 0 0 0 0 0 0 0 0 0 1 1
cob=(2)
cfi=(231)
cfn=(790)
calls=1 0x11f2a0 -60 
* * 593 116 29 0 0 0 0 0 0 95 2 22

fn=(876) std::ctype<wchar_t>::do_widen(char) const
0xf2590 205 4 0 0 1 0 0 1
+4 * 4
+4 * 4 4
+7 * 4 4

fl=(222)
fn=(810)
0x11f880 44 1 0 0 1 0 0 1
+4 * 1 0 1
fi=(214)
+1 436 1
+2 * 1
+3 * 1
fe=(222)
+3 44 1
+3 * 1 0 1
+2 * 1 0 1
+1 * 1
fi=(214)
+3 436 1 0 1 0 0 1 0 0 1
fe=(222)
+3 46 1 1
+7 * 1
+4 * 1 0 1
+3 -1 1 1 1 0 0 0 0 0 0 0 0 1 1
cfi=(207)
cfn=(726)
calls=1 0xc8390 221 
* * 18 6 2 0 0 0 0 0 0 2 0 1
+6 * 1 0 1
+4 +1 1 1 1 0 0 0 0 0 0 0 0 1 1
cfi=(207)
cfn=(722)
calls=1 0xc83e0 233 
* * 3 1
+6 * 1 0 1
+4 +1 1 1
+1 * 1 1
+2 * 1 1
+1 * 1 1

fn=(770)
0x110b80 44 1 0 0 1 0 0 1
+4 * 1 0 1
fi=(214)
+1 436 1
+2 * 1
+3 * 1
fe=(222)
+3 44 1
+3 * 1 0 1
+2 * 1 0 1
+1 * 1
fi=(214)
+3 436 1 0 1
fe=(222)
+3 46 1 1 0 0 1
+7 * 1
+4 * 1 0 1
+3 -1 1 1 1 0 0 0 0 0 0 0 0 1 1
cfi=(207)
cfn=(726)
calls=1 0xc8390 221 
* * 18 6 2 0 0 0 0 0 0 2 0 1
+6 * 1 0 1
+4 +1 1 1 1 0 0 0 0 0 0 0 0 1 1
cfi=(207)
cfn=(722)
calls=1 0xc83e0 233 
* * 3 1
+6 * 1 0 1
+4 +1 1 1
+1 * 1 1
+2 * 1 1
+1 * 1 1

fn=(834)
0x16cb80 44 1 0 0 1 0 0 1
+4 * 1 0 1
fi=(214)
+1 436 1
+2 * 1
+3 * 1
fe=(222)
+3 44 1
+3 * 1 0 1
+2 * 1 0 1
+1 * 1
fi=(214)
+3 436 1 0 1
fe=(222)
+3 46 1 1 0 0 1
+7 * 1
+4 * 1 0 1
+3 -1 1 1 1 0 0 0 0 0 0 0 0 1
cfi=(207)
cfn=(726)
calls=1 0xc8390 221 
* * 18 6 2 0 0 0 0 0 0 2 0 1
+6 * 1 0 1
+4 +1 1 1 1 0 0 0 0 0 0 0 0 1
cfi=(207)
cfn=(722)
calls=1 0xc83e0 233 
* * 3 1
+6 * 1 0 1
+4 +1 1 1
+1 * 1 1
+2 * 1 1
+1 * 1 1

fn=(826)
0x13dd60 44 1 0 0 1 0 0 1
+4 * 1 0 1
fi=(214)
+1 436 1
+2 * 1
+3 * 1
fe=(222)
+3 44 1
+3 * 1 0 1
+2 * 1 0 1
+1 * 1
fi=(214)
+3 436 1 0 1 0 0 1 0 0 1
fe=(222)
+3 46 1 1
+7 * 1 0 0 1 0 0 1
+4 * 1 0 1
+3 -1 1 1 1 0 0 0 0 0 0 0 0 1 1
cfi=(207)
cfn=(726)
calls=1 0xc8390 221 
* * 18 6 2 0 0 0 0 0 0 2 0 1
+6 * 1 0 1
+4 +1 1 1 1 0 0 0 0 0 0 0 0 1 1
cfi=(207)
cfn=(722)
calls=1 0xc83e0 233 
* * 3 1
+6 * 1 0 1
+4 +1 1 1
+1 * 1 1
+2 * 1 1
+1 * 1 1

fl=(240)
fn=(842)
0xe02a0 76 138 0 0 1 0 0 1
+4 +3 138 138 0 0 1
+7 -2 138
+4 +2 138
+4 -2 138 0 138 0 0 9 0 0 5
+8 +1 138 0 138 1 0 0 1
fi=(241)
+7 640 138
+7 * 138 0 138 0 0 4 0 0 3
fe=(240)
+8 79 138
+4 * 138 0 138 0 0 3
+3 * 138
+3 -2 138 0 138
+4 +1 138 0 138
+4 * 138
+7 * 138
+11 * 138
fi=(241)
+11 640 138 0 138 2 0 0 1
fe=(240)
+7 79 138
fi=(241)
+4 640 138 0 138
fe=(240)
+8 79 138
+3 * 138 0 0 0 0 0 0 0 0 138 12
fi=(241)
-22 640 966 0 966 0 0 4 0 0 4
fe=(240)
+7 79 966
fi=(241)
+4 640 966 0 966 0 0 14 0 0 6
fe=(240)
+8 79 966
+3 * 966 0 0 0 0 0 0 0 0 966 33
+2 * 138 0 138
+7 * 138
+7 * 138 0 138
+7 * 138 138 0 0 1 0 0 0 0 0 0 138 129
cfi=(206)
cfn=(714)
calls=138 0xe1ba0 269 
* * 3588 1380 828 285 3 2 0 0 1 414 2

fn=(1384) std::ios_base::_M_dispose_callbacks()
0xe05d0 177 130 0 0 1 0 0 1
+4 * 130 0 130
+1 * 130
+3 * 130 0 130
+2 * 130 0 130
+2 * 130
+3 * 130 0 130
+1 * 130
+4 +1 130 130
+4 +1 130
+3 * 130 0 0 0 0 0 0 0 0 130 4
+70 +6 130 0 130 2 0 0 1
+9 +1 130
+4 * 130 130
+1 * 130 130
+2 * 130 130
+2 * 130 130
+1 * 130 130

fn=(1382) std::ios_base::_M_call_callbacks(std::ios_base::event)
0xe0580 163 130 0 0 1 0 0 1
+4 * 130 0 130
+1 * 130
+3 * 130 0 130
+2 * 130 0 130
+2 * 130 0 130
+1 * 130
+4 +1 130 130
+4 +1 130
+3 * 130 0 0 0 0 0 0 0 0 130 130
+28 +8 130
+4 * 130 130
+1 * 130 130
+2 * 130 130
+2 * 130 130
+1 * 130 130

fn=(1380) std::ios_base::~ios_base()
0xe0650 87 130 0 0 2 0 0 1
+4 * 130 0 130
+1 +2 130
+2 -2 130
+3 * 130 0 130
+1 * 130
+3 * 130
+4 * 130 130 0 0 1
+7 * 130
+4 * 130 0 130
+3 +2 130 130 130 0 2 0 0 0 0 0 0 130 129
cfn=(1382)
calls=130 0xe0580 +74 
* * 2080 780 520 1 0 0 1 0 0 130 130
+6 +1 130
+3 * 130 130 130 0 2 0 0 0 0 0 0 130 1
cfn=(1384)
calls=130 0xe05d0 +87 
* * 2340 780 650 3 0 0 2 0 0 130 4
+6 +1 130 130 0 2 1 0 1
+7 * 130
+4 * 130
+3 * 130 0 0 0 0 0 0 0 0 130 5
+24 +5 130
+7 * 130 130
+4 * 130 130
+1 * 130 130 0 0 1 0 0 0 0 0 0 130 1
cfi=(207)
cfn=(854)
calls=130 0xc86c0 -5 
* * 780 390 0 0 0 0 0 0 0 130 130

fl=(220)
fn=(766)
0x13d110 48 1 0 0 1 0 0 1
+4 * 1 0 1
fi=(214)
+1 436 1
+2 * 1
fe=(220)
+3 49 1
fi=(214)
+5 436 1
fe=(220)
+3 48 1
+3 * 1 0 1
+2 * 1 0 1
+1 * 1
fi=(214)
+3 436 1 0 1
fe=(220)
+3 50 1 1 0 0 1
+7 -1 1 0 1
+4 +1 1
+4 * 1 0 1
+3 * 1 1 1 1 0 0 1 0 0 0 0 1 1
cfi=(207)
cfn=(722)
calls=1 0xc83e0 233 
* * 3 1
+6 +1 1
+2 * 1
+3 -1 1 0 1
+4 +1 1 1 1 0 1 0 0 0 0 0 0 1 1
cfi=(221)
cfn=(768)
calls=1 0xd5a10 +15 
* * 152 38 34 13 3 0 13 0 0 4 1 2 1
+6 * 1 1
+1 * 1 1
+2 * 1 1
+1 * 1 1

fn=(806)
0x16c0e0 48 1 0 0 1 0 0 1
+4 * 1 0 1
fi=(214)
+1 436 1
+2 * 1
fe=(220)
+3 49 1
fi=(214)
+5 436 1
fe=(220)
+3 48 1
+3 * 1 0 1
+2 * 1 0 1
+1 * 1
fi=(214)
+3 436 1 0 1 0 0 1 0 0 1
fe=(220)
+3 50 1 1 0 1 1 0 1
+7 -1 1 0 1
+4 +1 1
+4 * 1 0 1
+3 * 1 1 1 0 0 0 0 0 0 0 0 1 1
cfi=(207)
cfn=(722)
calls=1 0xc83e0 233 
* * 3 1
+6 +1 1
+2 * 1
+3 -1 1 0 1
+4 +1 1 1 1 0 1 0 0 0 0 0 0 1 1
cfi=(221)
cfn=(808)
calls=1 0xd62f0 222 
* * 148 38 33 14 3 0 14 0 0 4 1 2 1
+6 * 1 1
+1 * 1 1
+2 * 1 1
+1 * 1 1

fl=(248) /usr/src/debug/gcc/gcc/libstdc++-v3/src/c++20/tzdb.cc
fn=(886) _GLOBAL__sub_I.00098_tzdb.cc
0xae680 2174 1 0 0 1 0 0 1
+4 198 1
+7 * 1
+7 * 1
+7 * 1 1 0 0 0 0 0 0 0 0 0 1 1
cob=(2)
cfi=(247)
cfn=(880)
calls=1 0x404f0 67 
* * 76 13 15 0 0 0 0 0 0 10 2

fl=(223)
fn=(772)
0xdd090 103 1 0 0 1 0 0 1
+4 * 1 0 1
fi=(214)
+1 436 1
+2 * 1
+3 * 1
fe=(223)
+3 103 1
+3 * 1 0 1
+2 * 1 0 1
+1 * 1
fi=(214)
+3 436 1 0 1 0 0 1 0 0 1
fe=(223)
+3 105 1 1 0 0 1
+7 * 1
+4 * 1 0 1
+3 * 1 1 1 0 0 0 0 0 0 0 0 1 1
cfi=(207)
cfn=(726)
calls=1 0xc8390 221 
* * 18 6 2 0 0 0 0 0 0 2 0 1
+6 * 1 0 1 1 0 0 1
+4 +1 1
+3 -1 1 0 1
+4 +1 1 1
+1 * 1 1
+2 * 1 1
+1 * 1 1 0 0 1 0 0 0 0 0 0 1 1
cfi=(224)
cfn=(774)
calls=1 0xf2760 273 
* * 18671 5314 2542 30 21 20 30 5 20 3125 77 653 19

fn=(864) std::ctype<char>::_M_widen_init() const
0xdcdc0 90 1 0 0 1 0 0 1
+4 * 1 0 1
+1 +3 1
+5 * 1
+5 * 1
+4 * 1
+5 * 1
+5 * 1
+5 * 1
+5 * 1
+5 * 1
+5 * 1
+5 -3 1
+3 * 1 0 1
+1 +3 1
+5 * 1 0 0 1 0 0 1
+5 * 1
+7 * 1
+4 * 1
+5 * 1
+5 * 1
+4 * 1
+4 * 1
+3 -3 1
+7 * 1 1 0 0 1 0 0 1
+8 +3 1
+5 -3 1 1 0 1 0 0 1
+9 * 1 0 1
+4 * 1
+3 +3 1
+5 * 1
+5 * 1
+5 * 1
+5 -1 1
+5 +1 1
+5 -1 1
+5 +1 1
+4 -1 1
+4 * 1
+2 * 1
+11 +1 1 0 0 1 0 0 1
+4 * 1
+4 * 1
+5 * 1
+4 * 1
+5 * 1
+5 * 1
+5 * 1
+4 * 1
+4 * 1
+5 * 1
+5 * 1
+5 * 1
+5 * 1
+4 * 1 0 0 1 0 0 1
+5 * 1
+4 * 1
+5 * 1
+5 * 1
+5 * 1
-88 * 15
+4 * 15
+4 * 15
+5 * 15
+4 * 15
+5 * 15
+5 * 15
+5 * 15
+4 * 15
+4 * 15
+5 * 15
+5 * 15
+5 * 15
+5 * 15
+4 * 15
+5 * 15
+4 * 15
+5 * 15
+5 * 15
+5 * 15
+4 * 15
+4 * 15
+5 * 15
+5 * 15
+4 * 15
+5 * 15
+5 -1 15
+4 +1 15
+5 * 15
+5 * 15
+5 * 15
+5 * 15
+5 * 15
+5 * 15
+5 * 15
+5 * 15
+5 * 15
+4 * 15
+4 * 15 0 15
+4 -1 15
+3 * 15 0 0 0 0 0 0 0 0 15 8
-92 +1 1
+4 * 1
+5 * 1
+5 * 1
+4 * 1
+5 * 1
+5 -1 1
+4 +1 1 0 0 1 0 0 1
+5 * 1
+5 * 1
+5 * 1
+5 * 1
+5 * 1
+5 * 1
+5 * 1
+5 * 1
+5 * 1
+4 * 1
+4 * 1 0 1
+4 -1 1
+3 * 1 0 0 0 0 0 0 0 0 1 1
+6 +2 1 1 0 1 0 0 1
+3 * 1
+4 * 1 1 0 0 1
+4 * 1 1 0 0 1
+7 * 1 0 0 0 0 0 0 0 0 1
fi=(216)
+6 1120 1 1
+8 * 1 0 1
+4 * 1 1
+8 * 1 0 1
+4 * 1 1
+8 * 1 0 1
+4 * 1 1 0 1 0 0 1
+8 * 1 0 1
+4 * 1 1
+8 * 1 0 1
+4 * 1 1
+8 * 1 0 1
+7 * 1 1
+8 * 1 0 1
+7 * 1 1
+8 * 1 0 1
+7 * 1 1 0 1 0 0 1
+8 * 1 0 1
+7 * 1 1
+8 * 1 0 1
+7 * 1 1
+5 * 1 0 1
+7 * 1 1
+5 * 1 0 1
+7 * 1 1
+5 * 1 0 1 1 0 0 1
+7 * 1 1
+5 * 1 0 1
+7 * 1 1
+5 * 1 0 1
+7 * 1 1
+5 * 1 0 1
fe=(223)
+7 98 1
+5 * 1
+3 * 1
+3 * 1 1 1 0 1 0 0 0 0 0 0 1 1
cob=(2)
cfi=(233) /usr/src/debug/glibc/glibc/string/../sysdeps/x86_64/multiarch/memcmp-avx2-movbe.S
cfn=(796) __memcmp_avx2_movbe
calls=1 0x16d620 -25 
* * 47 17 0 3 0 0 3 0 0 9
+6 +1 1
+3 * 1
+5 * 1
+2 * 1 0 1 1 0 0 1
+3 +1 1 1
+4 * 1 1
+9 * 1 0 0 0 0 0 0 0 0 1
+2 * 1 1
+4 * 1 1
+1 * 1 1

fl=(243)
fn=(858) std::basic_ios<char, std::char_traits<char> >::_M_cache_locale(std::locale const&)
0x12fdd0 169 392 0 0 1 0 0 1
+4 * 392 0 392
+1 * 392
+3 * 392 0 392
+2 * 392
+3 * 392 0 392
+1 * 392
fi=(245)
+3 -50 392 392 0 0 1
+7 * 392 392 392 0 1 0 0 0 0 0 0 392 1
cfi=(207)
cfn=(748)
calls=392 0xc8910 507 
* * 2352 784 0 0 1 0 0 0 0 392 2
+6 * 392 392 0 0 1
+7 * 392
+3 +1 392 392
+4 +8 392 392 0 0 1
fe=(243)
+4 +43 392 392 0 2 1 0 1
+4 * 392 0 392
fi=(245)
+7 -52 392 392 392 0 0 0 0 0 0 0 0 392 1
cfi=(207)
cfn=(748)
calls=392 0xc8910 507 
* * 2352 784 0 0 1 0 0 0 0 392 2
+6 * 392 392 0 0 1
+7 * 392
+3 +1 392 392
+4 +10 392 392
fe=(243)
+4 +42 392 392 0 0 1
+4 * 392 0 392
fi=(245)
+7 -53 392 392 392 0 0 0 0 0 0 0 0 392 1
cfi=(207)
cfn=(748)
calls=392 0xc8910 507 
* * 2352 784 0 0 0 0 0 0 0 392 1
+6 * 392
+3 +1 392 392
+4 +9 392 392
fe=(243)
+4 +44 392 392 0 1 0 0 1
+4 * 392 0 392
+7 +1 392 392
+1 * 392 392
+2 * 392 392
+1 * 392 392

fn=(848)
0x12ff60 131 392 0 0 1 0 0 1
+4 * 392 0 392
+1 * 392
+3 * 392 0 392
+2 * 392
+3 * 392 0 392
+1 * 392
+3 * 392
+4 +3 392 392 392 0 2 0 0 0 0 0 0 392 1
cfi=(244)
cfn=(850)
calls=392 0xc7480 -95 
* * 28616 11368 6272 7 5 1 5 1 0 2744 35 1176 4
+6 +3 392
+3 * 392 0 0 1 0 0 1
+7 * 392 392 392 0 1 0 0 0 0 0 0 392 1
cfn=(858)
calls=392 0x12fdd0 +32 
* * 19600 9800 3528 4 9 0 3 0 0 1176 5 1176 3
+6 +16 392 392
+7 * 392
+2 * 392
+3 * 392 0 0 0 0 0 0 0 0 392
fi=(216)
+2 884 392 392 0 0 1
+4 * 392 0 0 0 0 0 0 0 0 392 1
+2 +1 391 391
fe=(243)
+4 155 391 0 391
+6 * 391
+5 +1 391 0 391
+6 +8 391
+2 * 391
+3 * 391
+3 -2 391 0 391
+7 -1 391 0 391
+11 +2 391 0 391
+7 +1 391 0 391
+3 +1 391
+4 * 391 391
+1 * 391 391
+2 * 391 391
+1 * 391 391
-61 -10 1 0 1
+6 * 1
+5 +1 1 0 1
+6 +8 1
+2 * 1
+3 * 1
+3 -2 1 0 1
+7 -1 1 0 1
+11 +2 1 0 1
+7 +1 1 0 1
+3 +1 1
+4 * 1 1
+1 * 1 1
+2 * 1 1
+1 * 1 1
fi=(216)
+8 886 1 0 1 1 0 0 1
+4 * 1 1 1 0 1 0 0 0 0 0 0 1 1
cfi=(223)
cfn=(864)
calls=1 0xdcdc0 90 
* * 794 44 37 14 4 0 14 1 0 27 9 1 1
+6 +1 1 1
+4 * 1 1
+3 * 1 1
+4 * 1 1 0 1 0 0 1
+7 * 1
+5 * 1 0 0 0 0 0 0 0 0 1 1
fe=(243)

fn=(870) std::basic_ios<wchar_t, std::char_traits<wchar_t> >::_M_cache_locale(std::locale const&)
0x130750 169 4 0 0 1 0 0 1
+4 * 4 0 4
+1 * 4
+3 * 4 0 4
+2 * 4
+3 * 4 0 4
+1 * 4
fi=(245)
+3 -50 4 4
+7 * 4 4 4 0 0 0 0 0 0 0 0 4 1
cfi=(207)
cfn=(748)
calls=4 0xc8910 507 
* * 24 8 0 0 0 0 0 0 0 4
+6 * 4 4
+7 * 4
+3 +1 4 4
+4 +23 4 4
fe=(243)
+4 +28 4 4 0 1 0 0 1
+4 * 4 0 4
fi=(245)
+7 -52 4 4 4 0 0 0 0 0 0 0 0 4 1
cfi=(207)
cfn=(748)
calls=4 0xc8910 507 
* * 24 8 0 0 0 0 0 0 0 4
+6 * 4 4
+7 * 4
+3 +1 4 4
+4 +25 4 4
fe=(243)
+4 +27 4 4
+4 * 4 0 4
fi=(245)
+7 -53 4 4 4 0 0 0 0 0 0 0 0 4 1
cfi=(207)
cfn=(748)
calls=4 0xc8910 507 
* * 24 8 0 0 0 0 0 0 0 4
+6 * 4
+3 +1 4 4
+4 +24 4 4
fe=(243)
+4 +29 4 4 0 1 0 0 1
+4 * 4 0 4
+7 +1 4 4
+1 * 4 4
+2 * 4 4
+1 * 4 4

fn=(1118)
0x12fab0 46 131 0 0 1 0 0 1
fi=(241)
+4 198 131
+2 * 131
+3 * 131 131 0 1 0 0 1
+8 * 131
+3 * 131 0 131
+3 -5 131 131
fe=(243)
+3 52 131 0 0 0 0 0 0 0 0 131
+2 * 131 131

fn=(868)
0x130bb0 131 4 0 0 1 0 0 1
+4 * 4 0 4
+1 * 4
+3 * 4 0 4
+2 * 4
+3 * 4 0 4
+1 * 4 0 0 1 0 0 1
+3 +3 4 4 4 0 0 0 0 0 0 0 0 4 1
cfi=(244)
cfn=(850)
calls=4 0xc7480 -95 
* * 292 116 64 0 0 0 0 0 0 28 0 12
+6 +3 4
+3 * 4
+7 * 4 4 4 0 0 0 0 0 0 0 0 4 1
cfn=(870)
calls=4 0x130750 +32 
* * 200 100 36 3 0 0 3 0 0 12 0 12 3
+6 +16 4 4
+7 * 4
+2 * 4
+3 * 4 0 0 0 0 0 0 0 0 4
fi=(216)
+2 299 4 4
+3 * 4
+5 * 4 4 4 0 1 0 0 0 0 0 0 4 1
cfi=(224)
cfn=(876)
calls=4 0xf2590 -94 
* * 16 8 0 1 0 0 1
fe=(243)
+3 155 4 0 4
+6 * 4
+5 +1 4 0 4 1 0 0 1
+6 +8 4
+2 * 4
+3 * 4
+3 -2 4 0 4
+7 -1 4 0 4
+11 +2 4 0 4
+7 +1 4 0 4
+3 +1 4 4
+1 * 4 4
+2 * 4 4
+1 * 4 4

fl=(208)
fn=(724)
0xf1e00 121 1 0 0 1 0 0 1
+4 * 1 0 1
fi=(214)
+1 436 1
fe=(208)
+2 121 1
+3 * 1 0 1
+2 * 1
+3 * 1 0 1
+2 * 1
+3 * 1 0 1
+1 * 1
+3 * 1
fi=(214)
+4 436 1
+3 * 1
+3 * 1 0 1 0 0 1 0 0 1
fe=(208)
+3 127 1 1 0 0 1
+7 * 1
+4 * 1 0 1
+3 -5 1 1 1 0 1 0 0 0 0 0 0 1 1
cfi=(207)
cfn=(726)
calls=1 0xc8390 +99 
* * 149 40 37 18 6 4 18 2 0 16 9 4 4
+6 +1 1
+3 -1 1 0 1
+4 +1 1 0 0 1 0 0 1
+3 * 1
+3 * 1 0 1
+3 +1 1 1 0 0 1
+4 * 1 0 1 0 0 1 0 0 1
+4 +1 1 1
+4 * 1 0 1
+4 +1 1
+3 * 1 0 0 0 0 0 0 0 0 1 1
+2 +3 1
+4 * 1
+2 * 1
+2 -3 1 0 1
+4 +3 1
+4 -2 1 0 1
+4 +2 1
+2 -2 1 0 1
+7 +2 1 0 0 1 0 0 1
+6 * 1 0 1
+8 * 1 0 1 0 0 1 0 0 1
+11 * 1
+3 * 1 0 1 0 0 0 0 0 0 1 1
* * 31 0 30 0 0 3 0 0 3 31 8
+3 +1 1
+7 * 1 0 1
+11 * 1 0 1
+11 * 1
+4 * 1
+2 * 1
+6 * 1
+3 * 1 0 1 0 0 0 0 0 0 1 1
* * 31 0 30 0 0 3 0 0 3 31 7
+3 +1 1
+4 * 1 1
+1 * 1 1
+2 * 1 1
+2 * 1 1
+1 * 1 1
+5 -5 1 1 0 1 0 0 1
+4 * 1

fl=(219)
fn=(804)
0xd45c0 558 1 0 0 1 0 0 1
+4 * 1 0 1
+1 * 1
+3 * 1 0 1
+2 * 1 0 1
+2 * 1 0 1
+2 * 1 0 1
+2 * 1
+3 * 1 0 1
+1 * 1
+4 * 1 1
+9 * 1 0 1
+4 * 1
+3 +1 1 1
+5 * 1 0 0 0 0 0 0 0 0 1
+6 +3 1
+3 * 1 0 0 0 0 0 0 0 0 1 1
0xd47fe 731 1 1 0 1 0 0 1
+4 * 1 1
+9 * 1 0 0 0 0 0 0 0 0 1
+6 * 1
+4 * 1 1
+1 * 1 1
+2 * 1 1
+2 * 1 1
+2 * 1 1
+2 * 1 1
+1 * 1 1
+1 565 1 1 0 1 0 0 1
+5 * 1 1
+7 +5 1
+7 -3 1
+7 -2 1 0 1
+4 +12 1 1 0 1 0 0 1
+7 -7 1 0 1
+4 +7 1 1
+2 -5 1 0 1
+4 +2 1 0 1
+4 +3 1 0 1
+3 -10 1 0 1
+4 +1 1 0 1
+8 +1 1 0 1
+4 +2 1 0 1
+8 +2 1 0 1
+8 +2 1 0 1
+8 +1 1 0 1 1 0 0 1
+7 +2 1 1
+5 * 1 0 1
+3 +5 1 1
+7 -1 1 1
+5 +1 1 1
+3 -2 1
+2 * 1
+2 +2 1 1
+4 * 1 0 1
+4 -2 1
+4 * 1
+4 * 1 0 0 0 0 0 0 0 0 1 1
-16 +2 10 10
+4 * 10 0 10
+4 -2 10
+4 * 10
+4 * 10 0 0 0 0 0 0 0 0 10 5
+2 * 1

fn=(764)
0xd39a0 216 1 0 0 1 0 0 1
+4 * 1 0 1
+1 * 1
+3 * 1 0 1
+2 * 1 0 1
+2 * 1 0 1
+2 * 1 0 1
+2 * 1
+3 * 1 0 1
+1 * 1
+3 * 1
+4 +1 1 1
+5 * 1 0 0 1 0 0 1 0 0 1
+6 +3 1
+3 * 1 0 0 0 0 0 0 0 0 1 1
0xd3be0 +3 1 1 0 1 0 0 1
+4 +12 1 1
+7 -10 1
+7 -2 1 0 1
+4 +1 1 1
+4 +11 1 1
+2 -11 1 0 1
+4 +1 1 1 0 1 0 0 1
+4 * 1 0 1
+4 +1 1 0 1
+8 +1 1 0 1
+4 +1 1 0 1
+4 +1 1 0 1
+8 +1 1 0 1
+4 +1 1 0 1
+8 +1 1 0 1
+4 +1 1 0 1
+8 +1 1 0 1
+7 +1 1 0 1 1 0 0 1
+3 +1 1 1
+4 * 1 0 1
+3 +3 1 1
+7 * 1 1
+3 -1 1
+2 * 1
+11 +1 1 1
+4 * 1 1
+4 * 1 0 1
+4 -1 1
+4 * 1
+4 * 1 0 0 0 0 0 0 0 0 1
-20 +1 10 10
+4 * 10 10
+4 * 10 0 10
+4 -1 10
+4 * 10
+4 * 10 0 0 0 0 0 0 0 0 10 1
+2 366 1
+4 * 1 1
+1 * 1 1
+2 * 1 1
+2 * 1 1 0 1 0 0 1
+2 * 1 1
+2 * 1 1
+1 * 1 1

fn=(802)
0xd4ba0 741 1 0 0 1 0 0 1
+4 * 1 0 1
+1 * 1
+3 * 1 0 1
+2 * 1 0 1
+2 * 1 0 1
+2 * 1 0 1
+2 * 1
+3 * 1 0 1
+1 * 1
+4 * 1 1 0 1 0 0 1
+9 * 1 0 1
+4 * 1
+3 +1 1 1
+5 * 1 0 0 0 0 0 0 0 0 1
+6 +3 1
+3 * 1 0 0 0 0 0 0 0 0 1 1
0xd4dde 914 1 1 0 1 0 0 1
+4 * 1 1
+9 * 1 0 0 0 0 0 0 0 0 1
+6 * 1
+4 * 1 1
+1 * 1 1
+2 * 1 1
+2 * 1 1
+2 * 1 1
+2 * 1 1
+1 * 1 1
+1 748 1 1 0 1 0 0 1
+5 * 1 1
+7 +5 1
+7 -3 1
+7 -2 1 0 1
+4 +12 1 1
+7 -7 1 0 1
+4 +7 1 1
+2 -5 1 0 1
+4 +2 1 0 1
+4 +3 1 0 1
+3 -10 1 0 1
+4 +1 1 0 1 1 0 0 1
+8 +1 1 0 1
+4 +2 1 0 1
+8 +2 1 0 1
+8 +2 1 0 1
+8 +1 1 0 1
+7 +2 1 1
+5 * 1 0 1
+3 +5 1 1
+7 -1 1 1
+5 +1 1 1
+3 -2 1
+2 * 1
+2 +2 1 1 0 1 0 0 1
+4 * 1 0 1
+4 -2 1
+4 * 1
+4 * 1 0 0 0 0 0 0 0 0 1 1
-16 +2 10 10
+4 * 10 0 10
+4 -2 10
+4 * 10
+4 * 10 0 0 0 0 0 0 0 0 10 4
+2 * 1

fn=(762)
0xd3ec0 372 1 0 0 1 0 0 1
+4 * 1 0 1
+1 * 1
+3 * 1 0 1
+2 * 1 0 1
+2 * 1 0 1
+2 * 1 0 1
+2 * 1
+3 * 1 0 1
+1 * 1
+3 * 1
+4 +1 1 1
+5 * 1 0 0 0 0 0 0 0 0 1
+6 +3 1
+3 * 1 0 0 0 0 0 0 0 0 1 1
0xd40e8 +3 1 1 0 1 0 0 1
+4 +12 1 1
+7 -10 1
+7 -2 1 0 1
+4 +1 1 1 0 1 0 0 1
+4 +11 1 1 0 0 1 0 0 1
+2 -11 1 0 1
+4 +1 1 1
+4 * 1 0 1
+4 +1 1 0 1
+8 +1 1 0 1
+4 +1 1 0 1
+4 +1 1 0 1
+8 +1 1 0 1
+4 +1 1 0 1
+8 +1 1 0 1
+4 +1 1 0 1
+8 +1 1 0 1 1 0 0 1
+7 +1 1 0 1
+3 +1 1 1
+4 * 1 0 1
+3 +3 1 1 0 0 1
+7 * 1 1
+3 -1 1
+2 * 1
+3 +1 1 1
+4 * 1 1
+4 * 1 0 1
+4 -1 1
+4 * 1
+4 * 1 0 0 0 0 0 0 0 0 1 1
-20 +1 10 10
+4 * 10 10
+4 * 10 0 10
+4 -1 10
+4 * 10
+4 * 10 0 0 0 0 0 0 0 0 10 6
+2 517 1
+4 * 1 1
+1 * 1 1
+2 * 1 1
+2 * 1 1 0 1 0 0 1
+2 * 1 1
+2 * 1 1
+1 * 1 1

fl=(375)
fn=(1694)
0xb0d70 138 2 0 0 1 0 0 1
+4 * 2 0 2
+1 * 2
+3 +2 2 2 2 0 1 0 0 0 0 0 0 2 1
cfi=(376)
cfn=(1696)
calls=2 0xb0ec0 -78 
* * 40 20 4 3 4 0 3 0 0 4 1 2 1
+6 +5 2 2
+1 -4 2 2 0 1 1 0 1
+3 * 2
+2 * 2
+3 +4 2 2

ob=(8) /home/ikea/Projects/DV1674/dv1674_a2/pearson/pearson
fl=(283) /home/ikea/Projects/DV1674/dv1674_a2/pearson/dataset.cpp
fn=(1040) Dataset::read(std::__cxx11::basic_string<char, std::char_traits<char>, std::allocator<char> >)
0x37e0 19 1 0 1 1 0 0 1
+2 +2 1
+4 -2 1 0 1
+2 * 1 0 1
+2 * 1 0 1
+2 * 1 0 1
+1 * 1
+3 * 1 0 1
+1 * 1
+7 * 1 1 0 1 0 0 1
+9 * 1 0 1
+8 * 1
+3 +2 1 0 1
fi=(284) /usr/include/c++/15.2.1/bits/basic_ios.h
+8 477 1
+8 * 1
fe=(283)
+8 21 1 0 1
fi=(284)
+3 477 1
+3 * 1 0 1
fe=(283)
+5 20 1 0 1
fi=(284)
+8 477 1 0 1
+5 * 1 0 1 1 0 0 1
cob=(7)
cfi=(240)
cfn=(842)
calls=1 0xe02a0 76 
* * 86 12 30 0 0 0 0 0 0 11 5 1
cob=(1)
cfi=(275) /usr/src/debug/glibc/glibc/elf/../sysdeps/x86_64/dl-trampoline.h
cfn=(1010) _dl_runtime_resolve_xsave
calls=1 0x142e0 39 
* * 756 248 132 3 11 17 0 2 0 93 8 2 2
* * 5 3 2 1 0 0 1 0 0 0 0 2 1
+5 * 1
+7 -1 1
fi=(298) /usr/include/c++/15.2.1/istream
+2 703 1
fi=(284)
+2 477 1 0 1
fi=(298)
+8 702 1 1 0 0 1
fi=(284)
+7 477 1
+4 -1 1 0 1
fi=(298)
+8 702 1 1
fi=(284)
+7 477 1 0 1
+8 * 1 0 1
fi=(298)
+8 702 1 0 1 1 0 0 1
+8 * 1 1 0 0 1
fi=(284)
+4 476 1 0 1
fi=(298)
+12 702 1 0 1
+8 +1 1 1
+7 -1 1 0 1
+12 +1 1 1
+4 * 1
+3 * 1 0 1
cob=(7)
cfi=(243)
cfn=(848)
calls=1 0x12ff60 131 
* * 157 63 36 0 0 0 0 0 0 12 5 8
cob=(1)
cfi=(275)
cfn=(1010)
calls=1 0x142e0 39 
* * 1159 311 132 0 10 0 0 1 0 161 12 2 2
* * 5 3 2 1 1 0 1 0 0 0 0 2 1
fi=(285) /usr/include/c++/15.2.1/fstream
+5 561 1 0 0 1 0 0 1
+7 * 1
+8 * 1 0 1
+8 * 1
+3 * 1
+4 * 1 0 1
+8 * 1 0 1
+5 * 1 0 1
cob=(7)
cfi=(286)
cfn=(1058)
calls=1 0x125e80 85 
* * 85 25 34 6 0 0 6 0 0 4 2 3 3
cob=(1)
cfi=(275)
cfn=(1010)
calls=1 0x142e0 39 
* * 976 285 132 4 8 0 0 1 0 129 9 2 2
* * 5 3 2 1 1 0 1 0 0 0 0 2 1
+5 +1 1
+3 * 1
+3 * 1 0 1
cob=(7)
cfi=(243)
cfn=(848)
calls=1 0x12ff60 131 
* * 157 63 36 0 0 0 0 0 0 12 4 8
* * 1 1 0 0 0 0 0 0 0 0 0 1 1
+5 345 1 1
+3 * 1 1
+5 * 1 0 0 1 0 0 1
+5 * 1 0 1
cob=(7)
cfi=(286)
cfn=(1068)
calls=1 0x12a820 183 
* * 940 205 175 62 7 8 59 4 8 106 32 12 11
cob=(1)
cfi=(275)
cfn=(1010)
calls=1 0x142e0 39 
* * 1109 307 132 2 8 0 0 0 0 149 7 2 2
* * 5 3 2 0 0 0 0 0 0 0 0 2 1
+5 746 1 1
+8 * 1 1
+5 * 1 1 0 0 1
+4 -1 1
+3 * 1 0 0 0 0 0 0 0 0 1
+6 +5 1
+2 * 1 0 1
cob=(7)
cfi=(243)
cfn=(1118)
calls=1 0x12fab0 46 
* * 9 3 1 2 0 0 2 0 0 1
cob=(1)
cfi=(275)
cfn=(1010)
calls=1 0x142e0 39 
* * 1020 295 132 2 8 0 0 1 0 136 9 1 1
* * 5 3 2 1 0 0 1 0 0 0 0 2 1
fe=(283)
+5 26 1 1
+8 * 1 0 0 0 0 0 0 0 0 1 1
fi=(285)
0x399d 643 1 0 0 1 0 0 1
+7 261 1 1
+5 643 1 0 1
+8 * 1
+4 * 1 0 1
+8 264 1 0 0 1 0 0 1
+7 * 1 0 1
+8 -3 1 0 1
cob=(7)
cfi=(286)
cfn=(1390)
calls=1 0x129bd0 -8 
* * 603 176 117 62 18 1 59 0 0 88 31 12 10
cob=(1)
cfi=(275)
cfn=(1010)
calls=1 0x142e0 39 
* * 998 290 132 7 44 14 0 0 0 136 13 1 1
* * 5 3 2 0 1 0 0 0 0 0 0 2 1
+5 +3 1
+8 * 1 0 1
cob=(7)
cfi=(287)
cfn=(1432)
calls=1 0xf2b50 -54 
* * 23 9 5 0 0 0 0 0 0 1 1 2 1
cob=(1)
cfi=(275)
cfn=(1010)
calls=1 0x142e0 39 
* * 821 260 132 3 13 0 0 1 0 103 10 2 2
* * 5 3 2 0 0 0 0 0 0 0 0 2 1
fi=(337) /usr/include/c++/15.2.1/streambuf
+5 -57 1
+7 * 1
+8 * 1 0 1
+8 * 1 0 1
cob=(7)
cfi=(207)
cfn=(854)
calls=1 0xc86c0 91 
* * 6 3 0 0 0 0 0 0 0 1 1
* * 1 1 0 0 0 0 0 0 0 0 0 1
fi=(298)
+5 -99 1 1 0 1 1 0 1
fi=(284)
+7 296 1 1
fi=(298)
+5 108 1 1
+7 * 1 0 1
+8 * 1 1 0 0 1
+4 * 1 0 1
fi=(284)
+8 296 1
+7 * 1 0 1
fi=(298)
+8 108 1 0 1
fi=(284)
+12 296 1 0 1
cob=(7)
cfi=(240)
cfn=(1380)
calls=1 0xe0650 87 
* * 61 22 14 0 1 0 0 0 0 4 4 3
* * 1 1 0 0 0 0 0 0 0 0 0 1
fe=(283)
+5 50 1 1
+8 * 1 1
+9 * 1 0 0 0 0 0 0 0 0 1 1
+6 * 1
+7 * 1
+3 * 1 1 0 0 1
+1 * 1 1
+1 * 1 1
+2 * 1 1
+2 * 1 1
+2 * 1 1
+2 * 1 1
fi=(298)
+4 187 1 1 0 1 0 0 1
+5 * 1
+5 * 1 0 1
cob=(7)
cfi=(299)
cfn=(1126)
calls=1 0x134fb0 -86 
* * 583 183 94 51 12 0 51 2 0 86 18 11 10
cob=(1)
cfi=(275)
cfn=(1010)
calls=1 0x142e0 39 
* * 836 263 132 0 9 0 0 0 0 105 5 2 1
* * 5 3 2 0 0 0 0 0 0 0 0 2 1
fi=(274) /usr/include/c++/15.2.1/bits/basic_string.h
+5 +22 1 0 0 1 0 0 1
fi=(387) /usr/include/c++/15.2.1/bits/char_traits.h
+8 352 1 0 1
fi=(274)
+8 209 1 0 1
+5 * 1 0 1
+8 4409 1 1
+8 234 1 0 1
+12 4407 1 1
+4 * 1 1
fi=(284)
+8 51 1
+3 * 1 0 0 1 0 0 1 0 0 1
fi=(309) /usr/include/c++/15.2.1/bits/locale_facets.h
+6 884 1 1
+4 * 1 0 0 0 0 0 0 0 0 1
fi=(274)
+6 4409 1 1
+4 * 1
+8 * 1 1
+5 * 1
+3 * 1 0 1
+5 * 1 0 1
cob=(7)
cfi=(310)
cfn=(1194)
calls=1 0xcdda0 124 
* * 91 34 22 6 0 0 6 0 0 9 4 1 1
cob=(1)
cfi=(275)
cfn=(1010)
calls=1 0x142e0 39 
* * 1399 352 132 0 13 0 0 2 0 196 9 2 2
* * 5 3 2 0 0 0 0 0 0 0 0 2 1
fi=(312) /usr/include/c++/15.2.1/bits/stl_vector.h
+5 1211 1 1
+4 * 1 1
fe=(283)
+4 38 1 1
fi=(312)
+5 1211 1
+3 -1 1
+3 * 1 0 0 1 0 0 1
fi=(315) /usr/include/c++/15.2.1/bits/vector.tcc
+4 72 1
+3 * 1 0 0 0 0 0 0 0 0 1 1
fi=(313) /usr/include/c++/15.2.1/bits/new_allocator.h
+6 +79 1
+4 * 1 0 1
fi=(312)
+5 1119 1 1
fi=(313)
+4 151 1
+3 * 1 0 1
+4 * 1 0 1
cob=(7)
cfi=(280)
cfn=(1026)
calls=1 0xb26a0 43 
* * 181 32 18 0 1 1 0 0 1 25 8 1
cob=(1)
cfi=(275)
cfn=(1010)
calls=1 0x142e0 39 
* * 639 233 132 0 8 0 0 1 0 76 8 1 1
* * 5 3 2 0 0 0 0 0 0 0 0 2 1
fi=(314) /usr/include/c++/15.2.1/bits/stl_uninitialized.h
+5 -7 1
+3 * 1 1
fi=(313)
+5 +7 1
fi=(314)
+3 -7 1 0 0 0 0 0 0 0 0 1 1
fi=(312)
+91 1119 1 0 0 1 0 0 1
+3 395 1
+3 * 1 0 0 0 0 0 0 0 0 1 1
fi=(315)
+10 97 1
+3 -1 1 0 1
+4 +2 1 1
+4 -1 1 0 1
+4 +1 1 0 1
fi=(274)
+4 4409 1 1
+8 * 1 1
+4 * 1 1 0 1 0 0 1
fi=(284)
+8 51 1
+3 * 1 0 0 0 0 0 0 0 0 1
+6 * 1 1 0 0 1
+8 * 1 1
+7 * 1 0 1
fi=(309)
+5 884 1 1
+4 * 1 0 0 0 0 0 0 0 0 1
+6 * 1
fi=(274)
+6 4409 1 1
+4 * 1 1
+5 * 1 1
+5 * 1 0 1 1 0 0 1
cob=(7)
cfi=(310)
cfn=(1194)
calls=1 0xcdda0 124 
* * 673 171 94 24 16 13 24 13 13 90 32 7 4
* * 1 1 0 0 0 0 0 0 0 0 0 1 1
-14 * 128 128 0 128
+4 * 128 128
+5 * 128 128
+5 * 128 0 128
cob=(7)
cfi=(310)
cfn=(1194)
calls=128 0xcdda0 124 
* * 53723 15500 8186 42 117 0 10 114 0 7194 627 485 15
* * 128 128 0 0 0 0 0 0 0 0 0 128
fe=(283)
+5 40 129 129
fi=(284)
+3 147 129 129
fe=(283)
+4 40 129 129
+5 * 129 0 0 0 0 0 0 0 0 129 1
fi=(284)
+6 477 128
+8 * 128
+8 * 128
+3 * 128 0 128
+4 * 128 0 128
cob=(7)
cfi=(240)
cfn=(842)
calls=128 0xe02a0 76 
* * 11008 1536 3840 280 0 0 0 0 0 1408 11 128 127
* * 128 128 0 0 0 0 0 0 0 0 0 128 128
fi=(298)
+5 702 128 128 0 0 1
fi=(284)
+7 476 128
fi=(298)
+2 703 128
fi=(284)
+2 477 128 0 0 1 0 0 1
+7 * 128
+4 -1 128 0 128
fi=(298)
+8 702 128 128
fi=(284)
+7 477 128 0 128
+8 * 128 0 128
+8 * 128 0 128
fi=(298)
+8 702 128 128 0 0 1
fi=(284)
+4 476 128 0 128
fi=(298)
+12 702 128 0 128 2 0 0 1
+8 * 128 0 128
+8 * 128 0 128
+12 +1 128 128
+4 * 128
+3 * 128 0 128
cob=(7)
cfi=(243)
cfn=(848)
calls=128 0x12ff60 131 
* * 20096 8064 4608 1 0 0 0 0 0 1536 0 1024
* * 128 128 0 0 0 0 0 0 0 0 0 128 1
fi=(317) /usr/include/c++/15.2.1/bits/ostream.h
+5 441 128 128
+7 * 128
+2 * 128 128 0 0 1
+4 * 128 0 128
+8 * 128 0 0 1 0 0 1
+8 * 128 128
+7 * 128 0 128
+3 * 128 0 128
cob=(7)
cfi=(243)
cfn=(848)
calls=128 0x12ff60 131 
* * 20096 8064 4608 0 0 0 0 0 0 1536 7 1024
* * 128 128 0 0 0 0 0 0 0 0 0 128
fi=(298)
+5 1021 128 128
+7 * 128 128
fi=(318) /usr/include/c++/15.2.1/sstream
+7 +53 128
+4 * 128 128
fi=(298)
+6 -53 128 128 0 0 1
+4 * 128 0 128
fi=(318)
+8 +53 128
+7 * 128 0 128 1 0 0 1
+8 * 128
+4 * 128 0 128
fi=(337)
+8 475 128
+8 * 128
+3 * 128 0 128
fi=(318)
+5 1074 128 0 128
+8 * 128 0 128
+8 * 128 0 128
+8 * 128 0 128 1 0 0 1
fi=(337)
+8 475 128 0 128
cob=(7)
cfi=(206)
cfn=(714)
calls=128 0xe1ba0 269 
* * 3328 1280 768 0 0 0 0 0 0 384 1
cob=(1)
cfi=(275)
cfn=(1010)
calls=1 0x142e0 39 
* * 759 247 132 0 8 0 0 0 0 94 6 2 2
* * 132 130 2 0 0 0 0 0 0 0 0 129 2
fi=(318)
+5 151 128
fi=(274)
+7 +88 128 128
fi=(318)
+8 -89 128 0 128
+11 +1 128 0 128
fi=(274)
+8 +54 128
+8 1165 128 128
+8 205 128 0 128
+5 * 128 0 128 1 0 0 1
+8 689 128
+3 * 128 0 0 0 0 0 0 0 0 128 2
fi=(277) /usr/include/c++/15.2.1/bits/basic_string.tcc
+11 231 128 0 128
+8 +2 128
+4 * 128 0 0 0 0 0 0 0 0 128 3
fi=(274)
+30 +1 128 0 128 1 0 0 1
fi=(318)
+8 347 128
+2 * 128
+2 * 128
fi=(387)
+8 +5 128 0 128
fi=(318)
+5 -5 128 128
+8 -4 128 0 128
+11 +4 128 0 128
cob=(7)
cfi=(319)
cfn=(1240)
calls=128 0x15a050 -98 
* * 4480 768 768 5 0 0 4 0 0 640 9 128 1
cob=(1)
cfi=(275)
cfn=(1010)
calls=1 0x142e0 39 
* * 1145 312 132 0 10 0 0 0 0 155 6 2 2
* * 132 130 2 0 0 0 0 0 0 0 0 129 2
+5 1075 128 128
+4 * 128
+8 * 128 0 128
cob=(7)
cfi=(243)
cfn=(848)
calls=128 0x12ff60 131 
* * 20096 8064 4608 0 0 0 0 0 0 1536 7 1024
* * 128 128 0 0 0 0 0 0 0 0 0 128
fe=(283)
+5 43 128 0 0 1 0 0 1
+5 * 128 128
+4 * 128
+3 * 128 0 128
+5 * 128 0 128
cfi=(320) /home/ikea/Projects/DV1674/dv1674_a2/pearson/vector.cpp
cfn=(1246) Vector::Vector(unsigned int)
calls=128 0x2cf0 -21 
* * 9244 2181 1554 2 9 1 2 1 1 995 13 386 2
+5 +1 128
+3 * 128 0 128
cfi=(320)
cfn=(1252) Vector::get_data()
calls=128 0x2e10 +2 
* * 256 256 0 2 0 0 1
fi=(298)
+5 226 128
+8 * 128
fe=(283)
+3 44 128 0 128
+5 * 128 128
fi=(331) /usr/include/c++/15.2.1/bits/stream_iterator.h
+5 +38 128 0 128
+8 * 128 0 128 1 0 0 1
fi=(298)
+8 226 128 0 128
cob=(7)
cfi=(299)
cfn=(1258)
calls=128 0x135b10 101 
* * 216053 57797 30676 1255 18 1 126 8 1 31803 1116 2676 513
cob=(1)
cfi=(275)
cfn=(1010)
calls=1 0x142e0 39 
* * 829 260 132 0 10 0 0 1 0 104 10 2 2
* * 132 130 2 1 0 0 1 0 0 0 0 129 1
fi=(331)
+5 -74 128 128
+3 * 128 128
fi=(284)
+5 -5 128 128
fi=(331)
+4 +5 128 128
+5 * 128 0 0 0 0 0 0 0 0 128 128
fi=(332) /usr/include/c++/15.2.1/bits/stl_algo.h
+22 692 128
+3 * 128 0 0 0 0 0 0 0 0 128
+6 * 128 128
fi=(331)
+8 89 128 128 0 1 0 0 1
+8 * 128 128
+9 -1 128 0 128
+8 +1 128 0 128
+7 -1 128 0 128
fi=(333) /usr/include/c++/15.2.1/bits/stl_algobase.h
+9 585 128 0 128
+4 +2 128
+4 * 128 0 0 0 0 0 0 0 0 128
+2 * 128
+4 -1 128
+4 * 128
fi=(298)
+4 226 128 0 0 1 0 0 1
+8 * 128 0 128
+5 * 128
fi=(331)
+5 -74 16128 16128
fi=(333)
+8 586 16128
fi=(331)
+4 152 16128
+3 * 16128 0 0 0 0 0 0 0 0 16128
-3 * 128
+3 * 128 0 0 0 0 0 0 0 0 128
fi=(298)
+2 +74 16256 16256
+5 * 16256 0 16256
cob=(7)
cfi=(299)
cfn=(1258)
calls=16256 0x135b10 101 
* * 27606919 7414874 3907515 183 2 0 17 1 0 4080363 81840 339962 32665
* * 16256 16256 0 0 0 0 0 0 0 0 0 16256 1
fi=(331)
+5 -74 16256 16256
fi=(284)
+3 -5 16256 16256
fi=(331)
+4 +5 16256 16256
+5 * 16256 0 0 0 0 0 0 0 0 16256 4
fi=(333)
+22 585 16256 16256 0 1 0 0 1
+9 * 16256 0 16256 0 0 15 0 0 15
+6 +2 16256
+3 * 16256 0 0 0 0 0 0 0 0 16256
fi=(312)
+2 1418 128 128
fi=(313)
+4 191 128 128
fi=(312)
+5 1418 128 128
+4 * 128 0 0 0 0 0 0 0 0 128
fi=(313)
+6 191 128 0 128
cfi=(320)
cfn=(1354) Vector::Vector(Vector const&)
calls=128 0x2d30 26 
* * 61855 13739 11289 296 6 2112 2 0 2111 7965 415 384 129
fi=(312)
+5 1423 128 0 128
fe=(283)
+5 47 128 128 0 1 0 0 1
+5 * 128 0 128
cfi=(320)
cfn=(1356) Vector::~Vector()
calls=128 0x2cd0 -33 
* * 6197 1902 646 7 9 0 1 3 0 1105 7 387 5
fi=(318)
+5 1084 128
fi=(274)
+7 239 128 128
fi=(318)
+8 1084 128 0 128
+8 * 128
+4 * 128 0 128
+8 * 128
+4 * 128 0 128
fi=(274)
+8 280 128 128
+5 * 128 0 0 0 0 0 0 0 0 128
+2 +25 128 128 0 1 0 0 1
+8 * 128
fi=(313)
+4 172 128 0 128
cob=(7)
cfi=(336)
cfn=(1368)
calls=128 0xb0630 32 
* * 4864 1408 512 0 0 0 0 0 0 896 79 256 1
cob=(1)
cfi=(275)
cfn=(1010)
calls=1 0x142e0 39 
* * 723 237 132 3 10 0 0 0 0 86 8 3 2
* * 132 130 2 0 0 0 0 0 0 0 0 129 2
fi=(337)
+5 +35 128 128
+5 * 128
+7 * 128 0 128
+8 * 128 0 128
cob=(7)
cfi=(207)
cfn=(854)
calls=128 0xc86c0 91 
* * 768 384 0 0 0 0 0 0 0 128 3
cob=(1)
cfi=(275)
cfn=(1010)
calls=1 0x142e0 39 
* * 783 252 132 0 5 0 0 0 0 101 11 2 2
* * 132 130 2 1 0 0 1 0 0 0 0 129 128
fi=(298)
+5 1017 128 128
+7 * 128 128
fi=(284)
+7 296 128 128
fi=(298)
+4 1017 128 128
+4 * 128 0 128 1 0 0 1
fi=(317)
+8 101 128 128
+4 * 128 128
+7 * 128 0 128
+8 * 128 0 128
fi=(298)
+8 +7 128 128
+4 * 128 128
+7 * 128 0 128
+8 * 128 0 128
fi=(284)
+8 296 128 0 0 1 0 0 1
+7 * 128 0 128
fi=(298)
+8 108 128 0 128
fi=(284)
+12 296 128 0 128
cob=(7)
cfi=(240)
cfn=(1380)
calls=128 0xe0650 87 
* * 7808 2816 1792 5 2 0 5 0 0 512 261 384 130
cob=(1)
cfi=(275)
cfn=(1010)
calls=1 0x142e0 39 
* * 771 249 132 3 9 0 0 0 0 96 6 2 2
* * 132 130 2 0 0 0 0 0 0 0 0 129 128
fi=(274)
+5 4409 128 128
+8 * 128 128
+4 * 128 128
fi=(284)
+8 51 128
+3 * 128 0 0 0 0 0 0 0 0 128
fi=(309)
+6 884 128 128
+4 * 128 0 0 1 0 0 1 0 0 128 3
fi=(277)
0x4120 235 128 0 0 1 0 0 1
+8 * 128
+8 * 128
+2 * 128 0 128
cob=(7)
cfi=(278)
cfn=(1022)
calls=128 0x1650b0 -92 
* * 7958 1561 780 0 0 1 0 0 1 1301 4 256
* * 128 128 0 0 0 0 0 0 0 0 0 128 128
fi=(274)
+5 -6 128 0 128
fi=(277)
+8 +6 128 0 0 1 0 0 1
fi=(274)
+3 +31 128 128
+8 * 128 0 128
fi=(387)
+8 429 128
+3 * 128
+3 * 128 0 128
cob=(2)
cfi=(282)
cfn=(1038)
calls=128 0x16dd80 255 
* * 12928 3584 3200 0 0 11 0 0 11 1536 139
* * 128 128 0 0 0 0 0 0 0 0 0 128 1
fi=(277)
+5 257 128 128
fi=(274)
+8 -18 128 128
fi=(387)
+8 429 128
fi=(274)
+27 239 1 1 0 1 0 0 1
+8 +41 1 1
+5 * 1 0 0 0 0 0 0 0 0 1
+6 +25 1 1
+8 * 1
fi=(313)
+4 172 1 0 1
cob=(7)
cfi=(336)
cfn=(1368)
calls=1 0xb0630 32 
* * 38 11 4 0 0 0 0 0 0 7 2 2
* * 1 1 0 0 0 0 0 0 0 0 0 1
fi=(274)
+5 896 1
fi=(314)
+36 144 1 0 0 1 0 0 1
+3 * 1
fe=(283)

fn=(1478) Dataset::write(std::vector<double, std::allocator<double> >, std::__cxx11::basic_string<char, std::char_traits<char>, std::allocator<char> >)
0x3460 54 1 0 1 1 0 0 1
+2 * 1 0 1
+2 * 1 0 1
+2 * 1 0 1
+2 * 1 0 1
+1 * 1
+3 * 1 0 1
+1 * 1
+7 * 1 1 0 0 1
+9 * 1 0 1 1 0 1 1
+8 * 1
fi=(284)
+3 477 1
+8 * 1 0 1 0 0 1
cob=(7)
cfi=(240)
cfn=(842)
calls=1 0xe02a0 76 
* * 86 12 30 6 5 5 0 0 0 11 3 1 1
* * 1 1 0 0 1 0 0 0 0 0 0 1 1
+5 * 1
fi=(317)
+4 -36 1
+5 * 1
fi=(284)
+2 +36 1
fi=(317)
+7 -36 1 1 0 0 1
fi=(284)
+7 +36 1 0 1
+8 * 1 0 1
+8 -1 1
+2 * 1 0 1 1 0 0 1
fi=(317)
+8 -35 1 1 0 0 1
fi=(284)
+7 +36 1 0 1
fi=(317)
+8 -36 1 1 0 0 1
fi=(284)
+4 +35 1 0 1
fi=(317)
+12 -35 1 0 1
+5 * 1 0 1
+3 * 1 0 1
cob=(7)
cfi=(243)
cfn=(848)
calls=1 0x12ff60 131 
* * 157 63 36 2 15 1 0 0 0 12 1 8
* * 1 1 0 0 1 0 0 0 0 0 0 1
fi=(285)
+5 834 1
+7 * 1
+5 * 1 0 1 1 0 0 1
+5 * 1
+4 * 1 0 1
+8 * 1 0 1
cob=(7)
cfi=(286)
cfn=(1058)
calls=1 0x125e80 85 
* * 85 25 34 5 5 3 0 0 0 4 1 3
* * 1 1 0 0 1 0 0 0 0 0 0 1 1
+5 +1 1
+5 * 1
+8 * 1 0 1
cob=(7)
cfi=(243)
cfn=(848)
calls=1 0x12ff60 131 
* * 157 63 36 0 0 0 0 0 0 12 4 8
* * 1 1 0 0 0 0 0 0 0 0 0 1
+5 345 1 1 0 0 1
+3 * 1
+5 * 1
+5 * 1 0 1
cob=(7)
cfi=(286)
cfn=(1068)
calls=1 0x12a820 183 
* * 1020 216 195 43 32 17 1 2 0 144 36 12 4
* * 1 1 0 0 1 0 0 0 0 0 0 1 1
+5 1021 1 1
+5 * 1 0 0 1 0 0 1
+5 * 1 1 0 0 1
+4 -1 1
+3 * 1 0 0 0 0 0 0 0 0 1
+6 +5 1
+2 * 1 0 1
cob=(7)
cfi=(243)
cfn=(1118)
calls=1 0x12fab0 46 
* * 9 3 1 0 0 0 0 0 0 1
* * 1 1 0 1 1 0 0 0 0 0 0 1 1
fe=(283)
+5 59 1 1
+8 * 1 0 0 0 0 0 0 0 0 1
fi=(312)
+6 1119 1 1
+4 * 1 1
+4 * 1
+2 * 1
+3 * 1
+4 * 1
fi=(343) /usr/include/c++/15.2.1/iomanip
+9 222 8128 8128 0 1 0 0 1
fi=(317)
+5 +10 8128 8128 0 0 1015
+5 * 8128
fi=(388) /usr/include/c++/15.2.1/bits/ios_base.h
+5 777 8128 8128
+4 * 8128 0 8128
fi=(317)
+9 232 8128 0 8128
cob=(7)
cfi=(344)
cfn=(1492)
calls=8128 0x154690 67 
* * 23252122 5629210 3606658 187 47 141 173 14 0 3337666 69507 186985 23
cob=(1)
cfi=(275)
cfn=(1010)
calls=1 0x142e0 39 
* * 816 260 132 3 45 18 0 1 0 102 9 2 2
* * 8132 8130 2 0 1 0 0 0 0 0 0 8129 2
+5 739 8128
+5 * 8128
+7 * 8128
+3 * 8128 0 8128
cob=(7)
cfi=(361)
cfn=(1584)
calls=8128 0x152ec0 84 
* * 1381760 463296 243840 5 1 4 5 1 0 186944 8146 40640 2
cob=(1)
cfi=(275)
cfn=(1010)
calls=1 0x142e0 39 
* * 1193 320 132 1 12 0 0 0 0 163 9 2 1
* * 8132 8130 2 0 0 0 0 0 0 0 0 8129 2
fi=(312)
+5 1119 8128 8128
+4 * 8128 8128
+4 +1 8128
+4 -1 8128
+3 * 8128
fe=(283)
+4 65 8128
+3 * 8128 0 0 0 0 0 0 0 0 8128 3
-3 * 1 0 0 1 0 0 1
+3 * 1 0 0 0 0 0 0 0 0 1 1
fi=(285)
+2 1053 1
+5 * 1 0 1
cob=(7)
cfi=(286)
cfn=(1390)
calls=1 0x129bd0 253 
* * 819 251 159 49 32 1 7 0 0 113 32 20 9
* * 1 1 0 0 1 0 0 0 0 0 0 1 1
+5 * 1
+3 * 1 0 0 0 0 0 0 0 0 1 1
+6 918 1
+7 261 1
+5 918 1 1 0 0 1
+8 * 1 0 1
+8 * 1 0 0 1 0 0 1
+7 * 1
+5 * 1
+4 * 1 0 1
+5 261 1 0 1
cob=(7)
cfi=(286)
cfn=(1390)
calls=1 0x129bd0 -8 
* * 31 11 6 0 0 0 0 0 0 2 1 1
* * 1 1 0 0 0 0 0 0 0 0 0 1
+5 +3 1
+8 * 1 0 1
cob=(7)
cfi=(287)
cfn=(1432)
calls=1 0xf2b50 -54 
* * 23 9 5 0 0 0 0 0 0 1 1 2
* * 1 1 0 1 0 0 0 0 0 0 0 1 1
fi=(337)
+5 -57 1
+7 * 1
+5 * 1 0 1
+5 * 1 0 1
cob=(7)
cfi=(207)
cfn=(854)
calls=1 0xc86c0 91 
* * 6 3 0 1 0 0 0 0 0 1 1
* * 1 1 0 0 1 0 0 0 0 0 0 1
fi=(317)
+5 101 1 1 0 0 1
+4 * 1 1 0 1 1 0 1
+7 * 1 0 1
fi=(284)
+5 296 1
fi=(317)
+8 101 1 0 1
fi=(284)
+5 296 1
+7 * 1 0 1
+8 * 1 0 1
cob=(7)
cfi=(240)
cfn=(1380)
calls=1 0xe0650 87 
* * 61 22 14 3 4 0 0 0 0 4 4 3 1
* * 1 1 0 1 0 0 0 0 0 0 0 1 1
fe=(283)
+5 72 1 1
+8 * 1 1
+9 * 1 0 0 1 0 0 1 0 0 1
+6 * 1
+7 * 1 1 0 0 1
+1 * 1 1
+1 * 1 1
+2 * 1 1
+2 * 1 1
+2 * 1 1
+2 * 1 1

fl=(274)
fn=(1002) std::__cxx11::basic_string<char, std::char_traits<char>, std::allocator<char> >::basic_string<std::allocator<char> >(char const*, std::allocator<char> const&)
0x2b70 706 2 0 2 1
+2 * 2 0 2
+1 * 2 0 2
+1 * 2
+4 246 2 2 0 2 0 0 1
+9 * 2 0 2
+5 * 2
+4 -41 2 0 2 0 0 1
+3 710 2
+3 * 2 0 0 0 0 0 0 0 0 2
+6 * 2
fi=(387)
+3 393 2
+3 * 2
+3 * 2 0 2
cob=(2)
cfi=(232) /usr/src/debug/glibc/glibc/string/../sysdeps/x86_64/multiarch/strlen-avx2.S
cfn=(794) __strlen_avx2
calls=2 0x170b00 52 
* * 28 4 0 1 1 0 0 0 0 4
cob=(1)
cfi=(275)
cfn=(1010)
calls=1 0x142e0 39 
* * 884 290 147 41 33 10 14 1 1 119 15 4 4
* * 6 4 2 1 2 0 1 0 0 0 0 3 3
fi=(277)
+5 231 2 0 2
fi=(387)
+5 393 2
fi=(277)
+3 233 2
+4 * 2 0 0 0 0 0 0 0 0 2 2
fe=(274)
+16 +1 2 0 2
fi=(387)
+4 352 2 0 2
fe=(274)
+5 715 2 2
+5 * 2 2
+9 * 2 0 0 0 0 0 0 0 0 2
+2 * 2
+4 * 2 2
+1 * 2 2
+1 * 2 2
+2 * 2 2
fi=(277)
+15 235 2 0 0 2 0 0 1
+5 * 2
+2 * 2
+3 * 2 0 2
+5 * 2 0 2 2 0 0 1
cob=(7)
cfi=(278)
cfn=(1022)
calls=2 0x1650b0 -92 
* * 586 86 151 17 4 13 16 0 12 164 37 4 2
cob=(1)
cfi=(275)
cfn=(1010)
calls=1 0x142e0 39 
* * 1168 317 139 8 17 0 0 3 0 157 20 2 2
* * 6 4 2 1 2 0 1 0 0 0 0 3 2
+5 * 2 2
fe=(274)
+5 -6 2 0 2
fi=(277)
+3 +6 2
fe=(274)
+3 +31 2 2
+5 * 2 0 2
fi=(387)
+4 429 2
+3 * 2
+3 * 2
+3 * 2 0 2
cob=(2)
cfi=(282)
cfn=(1038)
calls=2 0x16dd80 255 
* * 22 6 4 2 0 0 2 0 0 4 4
cob=(1)
cfi=(275)
cfn=(1010)
calls=1 0x142e0 39 
* * 1058 339 165 8 16 0 0 1 0 141 19 4 3
* * 6 4 2 1 2 0 1 0 0 0 0 3 1
fi=(277)
+5 257 2 2
fe=(274)
+5 -18 2 2
fi=(387)
+3 429 2
fe=(274)

fl=(267) ???
fn=(976) (below main)
0x2a60 0 1 0 0 1 0 0 1
+4 0 1
+2 0 1
+3 0 1 1
+1 0 1
+3 0 1
+4 0 1 0 1
+1 0 1 0 1
+1 0 1
+3 0 1
+2 0 1
+7 0 1 1 1 1 1 0 1 0 0 0 0 1 1
cob=(2)
cfi=(268) /usr/src/debug/glibc/glibc/csu/../csu/libc-start.c
cfn=(978) __libc_start_main@@GLIBC_2.34
calls=1 0x276a0 242 
* 0 57048105 15141621 8082351 3152 126801 7611 854 189 6196 8170376 172352 611875 34319

fn=(1624) 0x0000000000002b00
0x2b00 0 1 0 0 1 0 0 1
+4 0 1 1 0 0 1
+7 0 1 0 0 0 0 0 0 0 0 1
+2 0 1 0 1
+1 0 1 1 0 0 1
+8 0 1
+3 0 1 0 0 0 0 0 0 0 0 1
+2 0 1 1 0 0 1
+7 0 1 1 1 0 0 0 0 0 0 0 0 1 1
cob=(2)
cfi=(370)
cfn=(1630)
calls=1 0x40500 45 
* 0 99 22 12 8 4 1 8 1 1 23 4
+6 0 1 0 1
cfn=(1638) 0x0000000000002a90
calls=1 0x2a90 0 
* 0 5 1 0 1 0 0 0 0 0 1
+5 0 1 0 1
+7 0 1 1
+1 0 1 1

fn=(984) 0x0000000000002b50
0x2ac0 0 1 0 0 1 0 0 1
+7 0 1
+7 0 1
+3 0 1
+3 0 1
+4 0 1
+4 0 1
+3 0 1
+3 0 1 0 0 0 0 0 0 0 0 1 1
+22 0 1 1
+88 0 1 0 0 1 0 0 1
+4 0 1

fn=(1638)
0x2a90 0 1 0 0 1
+7 0 1
+7 0 1
+3 0 1 0 0 0 0 0 0 0 0 1
+23 0 1 1

fl=(273) /home/ikea/Projects/DV1674/dv1674_a2/pearson/pearson.cpp
fn=(1000) main
0x2780 11 1 0 1 1 0 0 1
+2 * 1 0 1
+2 * 1 0 1
+2 * 1 0 1
+2 * 1 0 1
+1 * 1 0 1
+1 * 1
+7 * 1 1
+9 * 1 0 1
+8 * 1
+3 +1 1
+3 * 1 0 0 0 0 0 0 0 0 1
+6 +5 1 1
+4 * 1
+8 * 1
+5 * 1 0 1 1 0 0 1
cfi=(274)
cfn=(1002)
calls=1 0x2b70 706 
* * 3720 1045 618 81 70 22 38 5 13 578 92 18 15
+5 * 1
+5 * 1
+8 * 1
+3 * 1 0 1
+5 * 1 0 1
cfi=(283)
cfn=(1040)
calls=1 0x37e0 +2 
* * 28354507 7671404 4029319 2490 416 2195 418 156 2162 4193275 84971 366556 34190
fi=(274)
+5 896 1 0 0 1
+8 * 1 0 1
cob=(7)
cfi=(311)
cfn=(1440)
calls=1 0x165110 296 
* * 43 12 4 1 1 0 1 0 0 8 0 2 1
cob=(1)
cfi=(275)
cfn=(1010)
calls=1 0x142e0 39 
* * 1149 310 132 4 15 1 1 4 0 157 10 2 2
* * 5 3 2 1 0 0 1 0 0 0 0 2 1
fi=(312)
+5 1119 1 1
+5 * 1 1
+5 387 1
+3 * 1
+3 * 1 0 0 1 0 0 1 0 0 1
fi=(313)
+6 151 1
+3 * 1 0 1
cob=(7)
cfi=(280)
cfn=(1026)
calls=1 0xb26a0 43 
* * 378 62 43 20 2 0 20 0 0 77 23 1
* * 1 1 0 0 0 0 0 0 0 0 0 1 1
+5 * 1 0 1
fi=(312)
+4 405 1 1
+4 * 1
+5 +2 1
+4 -2 1
+4 +2 1 0 1 0 0 1
+5 -2 1 0 1
fi=(314)
+5 144 1
+3 * 1 0 0 0 0 0 0 0 0 1
+6 * 1
+3 * 1
+1 * 1
fi=(341) /usr/include/c++/15.2.1/bits/stl_construct.h
+11 -11 1 0 0 1 0 0 1
+3 * 1
+3 * 1 0 1
cfi=(320)
cfn=(1354)
calls=1 0x2d30 26 
* * 337 82 76 0 16 0 0 0 0 41 4 3
-6 * 127
+3 * 127
+3 * 127 0 127
cfi=(320)
cfn=(1354)
calls=127 0x2d30 26 
* * 62683 13799 11342 7 2107 2018 1 0 1983 8268 203 381
fi=(314)
+5 +11 128
+4 * 128
+4 * 128
+3 * 128 0 0 0 0 0 0 0 0 128 3
fe=(273)
+2 18 1
+5 * 1
fi=(312)
+5 635 1 0 1 0 0 1
fe=(273)
+5 18 1 0 1
cfi=(342) /home/ikea/Projects/DV1674/dv1674_a2/pearson/analysis.cpp
cfn=(1454) Analysis::correlation_coefficients(std::vector<Vector, std::allocator<Vector> >)
calls=1 0x43b0 -4 
* * 3710411 1223117 91942 30 121389 2163 25 1 2035 359810 9014 80 1
+5 * 1
+5 * 1 0 1
cfi=(312)
cfn=(1472) std::vector<Vector, std::allocator<Vector> >::~vector()
calls=1 0x2c60 800 
* * 24853 7093 3508 6 166 0 6 0 0 4333 26 387
+5 +1 1 1 0 0 1
+4 * 1
+5 * 1 0 0 1 0 0 1
+8 * 1 0 1
cfi=(274)
cfn=(1002)
calls=1 0x2b70 706 
* * 134 31 22 6 7 2 0 0 0 17 5 5 2
fi=(312)
+5 1119 1 1
+5 387 1 1
+5 * 1
+3 * 1 0 0 0 0 0 0 0 0 1
fi=(313)
+6 151 1
+3 * 1 0 1
cob=(7)
cfi=(280)
cfn=(1026)
calls=1 0xb26a0 43 
* * 503 84 63 0 5 2 0 0 0 95 14 1
* * 1 1 0 0 0 0 0 0 0 0 0 1
fi=(312)
+5 405 1
+5 +2 1
fi=(314)
+4 273 1
+3 * 1
fi=(312)
+3 405 1
fi=(314)
+4 273 1
fi=(312)
+3 407 1 0 1 1 0 0 1
+5 -2 1 0 1
fi=(314)
+5 273 1 0 1
cob=(2)
cfi=(282)
cfn=(1038)
calls=1 0x16dd80 -18 
* * 65008 64982 64978 0 1019 993 0 0 0 64984 4
* * 1 1 0 0 0 0 0 0 0 0 0 1
fe=(273)
+5 19 1
+8 * 1
fi=(312)
+5 635 1 0 1 0 0 1
fe=(273)
+5 19 1 0 1
cfi=(283)
cfn=(1478)
calls=1 0x3460 +35 
* * 24792893 6150697 3875699 318 1231 192 196 18 0 3533313 77760 243956 54
fi=(312)
+5 376 1 1 0 1
+5 +19 1
+3 * 1 0 0 0 0 0 0 0 0 1
+2 -19 1 1
+5 * 1
fi=(313)
+3 172 1 0 1
cob=(7)
cfi=(336)
cfn=(1368)
calls=1 0xb0630 32 
* * 190 57 32 2 2 2 0 0 0 30 7 2
* * 1 1 0 0 0 0 0 0 0 0 0 1
fi=(274)
+5 896 1 0 0 1 0 0 1
+8 * 1 0 1
cob=(7)
cfi=(311)
cfn=(1440)
calls=1 0x165110 296 
* * 43 12 4 0 5 0 0 0 0 8 1 2
* * 1 1 0 0 0 0 0 0 0 0 0 1 1
fi=(312)
+5 376 1 1
+5 +19 1
+3 * 1 0 0 0 0 0 0 0 0 1 1
+2 -19 1 1
+5 * 1
fi=(313)
+3 172 1 0 1
cob=(7)
cfi=(336)
cfn=(1368)
calls=1 0xb0630 32 
* * 183 57 26 1 4 0 1 0 0 31 8 2
* * 1 1 0 0 0 0 0 0 0 0 0 1
fe=(273)
+5 22 1 1 0 0 1
+5 * 1 0 1
cfi=(312)
cfn=(1472)
calls=1 0x2c60 800 
* * 25936 7424 3683 2 196 1 0 0 0 4511 15 387
+5 * 1 1
+8 * 1 1
+9 * 1 0 0 0 0 0 0 0 0 1
+2 * 1 0 0 1 0 0 1
+7 * 1
+2 * 1 1
+1 * 1 1 0 0 1
+1 * 1 1
+2 * 1 1
+2 * 1 1
+2 * 1 1
+2 * 1 1

fl=(312)
fn=(1472)
0x2c60 800 2 0 2 2 0 0 1
+2 * 2
+3 * 2 0 2
+1 * 2 0 2
+1 +2 2 2
+4 * 2 2
fi=(341)
+3 211 2
+3 * 2 0 0 0 0 0 0 0 0 2
+2 * 2
+2 * 2
+11 -45 2 0 0 2 0 0 1
+3 +45 2
+4 -45 2 0 2
cfi=(320)
cfn=(1356)
calls=2 +73 14 
* * 187 51 22 0 16 0 0 0 0 34 3 6
-7 * 254
+3 +45 254
+4 -45 254 0 254
cfi=(320)
cfn=(1356)
calls=254 +73 14 
* * 48998 14376 6865 4 342 0 4 0 0 8503 23 762
+5 +45 256
+3 * 256 0 0 0 0 0 0 0 0 256 7
fe=(312)
+2 376 2 2
+4 +19 2
+3 * 2 0 0 0 0 0 0 0 0 2 2
+2 -19 2 2
fi=(313)
+5 172 2
fe=(312)
+3 376 2
+3 805 2 2
+1 * 2 2
+1 * 2 2
fi=(313)
+2 172 2
cob=(7)
cfi=(336)
cfn=(1368)
calls=2 0xb0630 32 
* * 282 74 42 0 3 1 0 0 0 47 6 4
* * 2 2 0 0 1 0 0 0 0 0 0 2
fe=(312)

fl=(342)
fn=(1454)
0x43b0 14 1 0 1 1 0 0 1
+2 +1 1
+4 -1 1 0 1
+2 * 1 0 1
+2 * 1 0 1
+2 * 1 0 1
+1 * 1 0 1
+1 * 1 0 0 1 0 0 1
+3 * 1
+7 * 1 1
+9 * 1 0 1
+8 * 1
+3 +1 1 0 1
+8 * 1 0 1
+3 +1 1
+5 * 1 0 1
+5 * 1 0 1
cfi=(320)
cfn=(1456) Vector::Vector()
calls=1 0x2cc0 -6 
* * 3 1 2
+5 +2 1
+5 * 1
+3 * 1 0 1 1 0 0 1
+5 * 1 0 1
cfi=(320)
cfn=(1456)
calls=1 0x2cc0 -8 
* * 3 1 2
+5 * 1
+5 * 1
+3 * 1 0 1
+5 * 1 0 1
cfi=(320)
cfn=(1456)
calls=1 0x2cc0 -8 
* * 3 1 2
fi=(312)
+5 1119 1 1
+3 * 1 1
+4 * 1
+3 * 1
fe=(342)
+4 21 1
+3 * 1 0 0 0 0 0 0 0 0 1
+2 * 1
+4 * 1
+3 * 1
+4 * 1
fi=(312)
+8 1264 127 127
+3 * 127
+4 * 127
fe=(342)
+3 23 127 0 127
cfi=(320)
cfn=(1460) Vector::prepeare()
calls=127 0x32d0 +90 
* * 172085 49911 16637 0 2096 0 0 0 0 16637 536
fi=(312)
-3 1264 1 0 0 1 0 0 1
fe=(342)
+3 23 1 0 1
cfi=(320)
cfn=(1460)
calls=1 0x32d0 +90 
* * 1355 393 131 9 18 0 9 0 0 131 32
+5 -2 128
+3 * 128 0 0 0 0 0 0 0 0 128 3
+2 +5 1
+4 * 1 0 0 0 0 0 0 0 0 1
+6 -5 1 0 1 0 0 1
+9 +5 1 0 1
+8 * 1
fi=(312)
+1 1264 1 1
fe=(342)
+5 28 1 0 1
+5 * 1 1
fi=(312)
+4 1264 1 0 0 1 0 0 1
+4 * 1 0 1
fe=(342)
+4 28 1
+2 * 1
+3 * 1 0 0 0 0 0 0 0 0 1 1
fi=(312)
-27 1264 126 126
fe=(342)
+5 28 126 0 126
+5 * 126 126
fi=(312)
+4 1264 126
+4 * 126 0 126
fe=(342)
+4 28 126
+2 * 126
+3 * 126 0 0 0 0 0 0 0 0 126 2
fi=(313)
+13 191 8114 0 8114 0 0 1010 0 0 1005
fe=(342)
+4 28 8114
fi=(312)
+3 1423 8114
fe=(342)
+4 28 8114
fi=(312)
+4 1423 8114 0 8114
fe=(342)
+4 28 8114
+3 * 8114 0 0 0 0 0 0 0 0 8114 127
fi=(312)
+6 1264 8128 8128
+3 * 8128
+4 * 8128 8128
fe=(342)
+4 30 8128 0 8128 1 0 0 1
cfi=(320)
cfn=(1462) Vector::dot(Vector const&) const
calls=8128 0x3210 +92 
* * 3308096 1072896 0 0 118108 0 0 0 0 268224 8155
+5 * 8128
fi=(333)
+4 234 8128 8128 0 0 2 0 0 1
+8 +5 8128
+4 * 8128 0 0 0 0 0 0 0 0 8128
+2 +19 8128 8128
+8 * 8128
fi=(312)
+4 1418 8128 8128
+4 * 8128 8128
+4 * 8128
+3 * 8128 0 0 0 0 0 0 0 0 8128 13
+2 2199 14
+10 1119 14 14
+3 * 14
+3 * 14 0 0 1 0 0 1
+3 * 14
+4 2199 14
+3 * 14 0 0 0 0 0 0 0 0 14
fi=(333)
+6 263 14
+3 * 14
+6 * 14 0 14 0 0 1
+5 * 14
+4 * 14 0 14
+5 * 14 0 14
fi=(312)
+5 2202 14
+3 * 14 0 14
+6 +1 14
+10 * 14 0 0 1 0 0 1
+3 * 14
fi=(313)
+4 151 14
+4 * 14
+3 * 14 0 14
cob=(7)
cfi=(280)
cfn=(1026)
calls=14 0xb26a0 43 
* * 3112 503 315 6 107 37 2 0 8 546 83 14
* * 14 14 0 0 7 0 0 0 0 0 0 14
+5 +40 14 14
+5 * 14 14
+6 -40 14
fi=(314)
+3 1331 14 14
+5 * 14 14
+5 * 14
fi=(313)
+3 191 14 0 14 0 0 11 0 0 8
fi=(314)
+5 1331 14 0 0 0 0 0 0 0 0 14 1
+2 +12 13
+3 * 13
+3 * 13 0 13
+5 * 13 0 13
+5 * 13 0 13
+5 * 13 0 13
cob=(2)
cfi=(282)
cfn=(1038)
calls=13 0x16dd80 255 
* * 50865 49628 49597 3 998 1018 2 0 1014 49261 37
* * 13 13 0 0 7 0 0 0 0 0 0 13 1
+5 * 13 13 0 0 1
+5 * 13 13
+5 * 13 13
+5 * 13
fi=(315)
+3 601 13
fi=(312)
+5 1882 13
+3 * 13 0 0 0 0 0 0 0 0 13 1
fi=(315)
-8 601 1 0 0 1 0 0 1
fi=(312)
+5 1882 1
+3 * 1 0 0 0 0 0 0 0 0 1 1
fi=(315)
+2 639 13
fi=(313)
+3 172 13
+3 * 13 0 13
fi=(315)
+5 639 13
+3 * 13 0 13
fi=(313)
+5 172 13 0 13
cob=(7)
cfi=(336)
cfn=(1368)
calls=13 0xb0630 32 
* * 1105 311 154 0 41 2 0 0 0 197 12 26
* * 13 13 0 0 1 0 0 0 0 0 0 13
+5 * 13 13
+5 * 13 13
fi=(315)
+5 644 13 0 13 0 0 1
fe=(342)
+3 28 13
fi=(315)
+3 646 13
fe=(342)
+3 28 13
fi=(315)
+4 645 13 0 13
+4 +1 13 0 13
fe=(342)
+4 28 13
+3 * 13 0 0 0 0 0 0 0 0 13 3
fi=(315)
-24 644 1 0 1 1 0 0 1
fe=(342)
+3 28 1
fi=(315)
+3 646 1
fe=(342)
+3 28 1
fi=(315)
+4 645 1 0 1
+4 +1 1 0 1
fe=(342)
+4 28 1
+3 * 1 0 0 0 0 0 0 0 0 1 1
+13 -2 127 0 127 0 0 82
+6 * 127
+4 * 127 127
+4 * 127 0 0 1 0 0 1 0 0 127 3
+6 +10 1 1
+5 * 1 0 1
cfi=(320)
cfn=(1356)
calls=1 0x2cd0 -22 
* * 4 2 0 0 1 0 0 0 0 1 1
+5 * 1 1
+5 * 1 0 1
cfi=(320)
cfn=(1356)
calls=1 0x2cd0 -22 
* * 4 2 0 0 0 0 0 0 0 1 1
+5 * 1 1
+5 * 1 0 1
cfi=(320)
cfn=(1356)
calls=1 0x2cd0 -22 
* * 4 2 0 0 0 0 0 0 0 1 1
+5 * 1 1
+8 * 1 1 0 0 1
+9 * 1 0 0 0 0 0 0 0 0 1
+2 * 1
+7 * 1
+3 * 1 1 0 0 1
+1 * 1 1 0 1 0 0 1
+1 * 1 1
+2 * 1 1
+2 * 1 1
+2 * 1 1
+2 * 1 1

fl=(320)
fn=(1460)
0x32d0 113 128 0 128 1 0 0 1
+1 * 128
+3 * 128 0 128
+1 * 128
+4 -44 128 128 0 0 33
+3 * 128
+2 * 128 0 0 0 0 0 0 0 0 128
+6 * 128
+4 * 128 128
+3 -2 128
+4 -1 128
+4 -1 128
+4 -1 128
+4 * 128
+3 * 128 0 0 1 0 0 1
+3 * 128
+4 * 128
+3 +7 128
+3 * 128
+2 * 128
+4 * 128
+3 * 128
+1 * 128
+11 * 128 128 0 0 65
+4 +1 128 128
+5 -3 128
+4 +4 128 128 0 0 32
+5 +1 128 128
+5 -5 128
+3 * 128 0 0 0 0 0 0 0 0 128 3
-26 +2 3968 3968 0 0 992
+4 +1 3968 3968
+5 -3 3968
+4 +4 3968 3968 0 0 992
+5 +1 3968 3968
+5 -5 3968
+3 * 3968 0 0 0 0 0 0 0 0 3968 138
+2 +8 128
+4 * 128 0 0 1 0 0 1
+3 * 128
+2 * 128
+4 * 128
+4 * 128
+4 * 128
+4 * 128
+4 +13 128
+4 * 128
+35 * 3968
+4 +2 3968 3968
+5 * 3968 3968
+4 * 3968
+3 * 3968
+4 * 3968
+4 * 3968 0 3968
+4 * 3968 0 3968
+3 * 3968
+3 * 3968
+2 * 3968 0 0 0 0 0 0 0 0 3968 141
-32 * 128 128 0 1 0 0 1
+5 * 128 128
+4 * 128
+3 * 128
+4 * 128
+4 * 128 0 128
+4 * 128 0 128
+3 * 128
+3 * 128
+2 * 128 0 0 0 0 0 0 0 0 128 2
+2 -9 128
+3 * 128
+3 * 128 0 128
cfn=(1462)
calls=128 0x3210 +39 
* * 52096 16896 0 3 0 0 3 0 0 4224 140
+5 +1 128
+4 * 128
+4 * 128 0 0 0 0 0 0 0 0 128
+6 * 128 0 0 1 0 0 1
+4 +18 128
+4 * 128
+4 * 128
+3 +2 128
+2 * 128
+4 * 128
+11 * 128
+11 * 128
+11 * 128
+11 * 128 128 0 1 0 0 1
+5 * 128 128
+4 * 128
+3 * 128
+4 * 128
+4 * 128
+4 * 128 0 128
+4 * 128 0 128
+4 * 128
+2 * 128 0 0 0 0 0 0 0 0 128 2
-34 * 3968 3968
+5 * 3968 3968
+4 * 3968
+3 * 3968
+4 * 3968
+4 * 3968
+4 * 3968 0 3968
+4 * 3968 0 3968
+4 * 3968
+2 * 3968 0 0 0 0 0 0 0 0 3968 142
+2 +14 128
+4 * 128 128
+1 * 128 128
+1 * 128 128

fn=(1246)
0x2cf0 22 128 0 128 1 0 0 1
+1 * 128 0 128
+1 * 128
+3 * 128
+2 * 128
+3 * 128
+4 * 128 0 0 1 0 0 1
+4 * 128 0 128
cob=(7)
cfi=(297)
cfn=(1112)
calls=128 0xb2710 +9 
* * 6673 1433 780 0 1 1 0 0 1 917 8 256
cob=(1)
cfi=(275)
cfn=(1010)
calls=1 0x142e0 +17 
* * 647 234 132 0 8 0 0 1 0 78 5 1 1
* * 132 130 2 0 0 0 0 0 0 0 0 129 1
+5 * 128 0 128
+3 * 128 0 128
+3 * 128
+4 * 128 128
+1 * 128 128
+1 * 128 128

fn=(1354)
0x2d30 26 256 0 256
+2 * 256
+3 * 256 0 256
+1 * 256
+3 * 256 0 256
+1 * 256 256 0 0 32
+3 * 256
+3 -4 256 0 0 1 0 0 1
+4 * 256 0 256
cob=(7)
cfi=(297)
cfn=(1112)
calls=256 0xb2710 +9 
* * 51659 9444 4787 301 17 253 1 0 250 7570 339 512 128
* * 256 256 0 0 0 0 0 0 0 0 0 256 1
+5 * 256 0 256 0 0 63 0 0 31
+3 * 256 0 256
+4 +6 256
+2 * 256 0 0 0 0 0 0 0 0 256 4
+2 +2 256 256
+4 * 256
+3 * 256
+3 * 256
+4 * 256
+3 * 256
+4 * 256 0 0 0 0 0 0 0 0 256 2
+2 * 256
+3 * 256
+2 * 256
+2 * 256
+3 * 256
+11 * 256 256 0 1 64 0 1
+5 * 256 256 0 0 32
+6 +3 256
+3 -3 256 0 256 0 0 63 0 0 63
+4 * 256 0 256 0 0 62 0 0 62
+5 -2 256
+4 * 256
+2 * 256 0 0 0 0 0 0 0 0 256 4
-29 +2 7936 7936 0 0 992
+5 * 7936 7936 0 0 992
+6 +3 7936
+3 -3 7936 0 7936 0 0 1876 0 0 1875
+4 * 7936 0 7936 0 0 1813 0 0 1813
+5 -2 7936
+4 * 7936
+2 * 7936 0 0 0 0 0 0 0 0 7936 273
+2 +7 256 256
+1 * 256 256
+1 * 256 256
+2 * 256 256

fn=(1252)
0x2e10 46 128 128 0 2 0 0 1
+3 +1 128 128

fn=(1456)
0x2cc0 10 3 0 3
+7 * 3 0 3
+7 * 3 3

fn=(1462)
0x3210 122 8256 0 0 1 0 0 1
+3 +6 8256 8256 0 0 23
+3 -6 8256
+3 +6 8256
+2 * 8256 0 0 0 0 0 0 0 0 8256
+2 * 8256
+3 -76 8256
+4 +78 8256 8256
+3 -78 8256 8256 0 0 1790
+3 * 8256
+3 * 8256
+2 * 8256
+4 * 8256
+2 * 8256
+3 * 8256
+8 +81 8256 8256 0 1 3623 0 1
+5 * 8256 8256 0 0 42
+5 * 8256
+3 * 8256 8256 0 0 21
+6 * 8256
+4 * 8256
+4 * 8256 8256 0 0 1732
+6 * 8256
+4 * 8256
+4 * 8256
+4 -5 8256
+2 * 8256 0 0 0 0 0 0 0 0 8256 6
-47 +5 255936 255936 0 0 54329
+5 * 255936 255936 0 0 621
+5 * 255936
+3 * 255936 255936 0 0 626
+6 * 255936
+4 * 255936
+4 * 255936 255936 0 0 55301
+6 * 255936
+4 * 255936
+4 * 255936
+4 -5 255936
+2 * 255936 0 0 0 0 0 0 0 0 255936 8289
+2 +8 8256
+4 * 8256
+4 * 8256
+4 * 8256 0 0 1 0 0 1
+4 * 8256
+4 * 8256
+4 * 8256
+4 * 8256 8256

fn=(1356)
0x2cd0 14 387 387 0 0 58
+3 * 387
+3 * 387 0 0 0 0 0 0 0 0 387 3
+2 +2 384
cob=(7)
cfi=(335)
cfn=(1362)
calls=384 0xb0650 +18 
* * 52769 15323 7399 5 300 0 5 0 0 9177 27 768 1
cob=(1)
cfi=(275)
cfn=(1010)
calls=1 0x142e0 +23 
* * 689 236 132 6 9 0 0 3 0 81 6 2 2
* * 388 386 2 0 1 0 0 0 0 0 0 385 2
+8 +4 3 3

ob=(2)
fl=(256) /usr/src/debug/glibc/glibc/stdlib/getenv.c
fn=(908) getenv
0x41b00 25 1 0 0 1 0 0 1
+4 * 1 0 1
+1 * 1
+3 * 1 0 1
+2 * 1 0 1
+2 * 1
+3 * 1 0 1
+2 * 1 0 1
+2 * 1 0 1
+1 * 1
+4 +4 1 1
+7 +13 1 1
+7 * 1 1
+3 +1 1
+3 * 1 0 0 0 0 0 0 0 0 1
+6 * 1 1 0 0 1 0 0 1
+4 * 1 0 0 0 0 0 0 0 0 1
+6 +3 1
+3 * 1 0 1 1 0 0 1
cob=(4) ???
cfi=(191) ???
cfn=(792) 0x0000000004c72240
calls=1 0x4c72240 -46 
* * 16 3 0 0 0 0 0 0 0 2 0 1
+5 * 1
+3 +1 1
+25 * 75
+4 +2 75 75 0 0 10
+4 +1 75
+3 * 75 0 0 0 0 0 0 0 0 75 1
-7 -1 1 1
+4 +1 1
+3 * 1 0 0 0 0 0 0 0 0 1
+2 +5 75 75 0 0 35
+3 * 75 75
+3 * 75 0 0 0 0 0 0 0 0 75 13
+2 +1 2
+3 * 2
+3 * 2
+3 * 2 0 2 1 0 0 1
cob=(4)
cfi=(191)
cfn=(910) 0x0000000004c722e0
calls=2 0x4c722e0 -56 
* * 54 12 0 3 2 0 3 0 0 8 2 2 1
+5 * 2
+2 * 2 0 0 0 0 0 0 0 0 2 2
+35 +13 1 1
+7 * 1
+3 * 1 0 0 0 0 0 0 0 0 1
+6 +85 1
+4 44 1
+2 154 1 1
+1 * 1 1 0 1 0 0 1
+2 * 1 1
+2 * 1 1
+2 * 1 1
+2 * 1 1
+1 * 1 1

fl=(269) /usr/src/debug/glibc/glibc/csu/../sysdeps/nptl/libc_start_call_main.h
fn=(992) (below main)
0x27600 29 1 0 1 1 0 0 1
+1 * 1
+3 * 1
+7 * 1 0 1
+4 * 1 0 1
+3 * 1 0 1
+7 +15 1 1
+9 * 1 0 1
+4 * 1
+4 * 1 0 1
cfi=(270) /usr/src/debug/glibc/glibc/setjmp/../sysdeps/x86_64/bsd-_setjmp.S
cfn=(994) _setjmp
calls=1 0x3e140 -16 
* * 31 6 9 4 1 0 4 0 0 2 1
+5 * 1
+4 +2 1
+2 * 1 0 0 0 0 0 0 0 0 1
+2 +5 1 1 0 0 1
+9 * 1 0 1 1 0 0 1
+4 +1 1 1
+9 * 1 0 1
+4 +3 1
+4 * 1 0 1
+9 +3 1 1
+7 * 1 1
+7 * 1 1
+3 * 1 1
+3 * 1 1 1 0 0 0 0 0 0 0 0 1 1
cob=(8)
cfi=(273)
cfn=(1000)
calls=1 0x2780 -47 
* * 57043977 15140299 8081650 2979 126654 7594 716 184 6193 8169671 172161 611793 34268
+3 +16 1 0 0 1
+2 * 1 0 1
cfi=(364) /usr/src/debug/glibc/glibc/stdlib/exit.c
cfn=(1608) exit
calls=1 0x40d70 +73 
* * 3899 1270 650 157 137 16 123 5 2 681 184 78 47

fl=(108) /usr/src/debug/glibc/glibc/string/../sysdeps/x86_64/multiarch/memset.c
fn=(372) memset
0xac1e0 29 3 0 0 1 0 0 1
fi=(109) /usr/src/debug/glibc/glibc/string/../sysdeps/x86_64/multiarch/ifunc-memset.h
+4 +32 3 3 0 0 1
+7 * 3
+7 * 3 3 0 0 1
+6 * 3
+3 * 3 0 0 0 0 0 0 0 0 3 1
+2 +3 3 3 0 1 1 0 1
+6 * 3
+6 * 3 0 0 0 0 0 0 0 0 3
+2 +16 3
+3 * 3 0 0 0 0 0 0 0 0 3
+2 +4 3
+2 * 3
+2 * 3
+5 * 3 0 0 0 0 0 0 0 0 3
+6 +8 3
+3 * 3 0 0 0 0 0 0 0 0 3 3
fe=(108)
+75 -63 3 3 0 1 0 0 1
fi=(109)
+67 +71 3 0 0 1 0 0 1
+3 * 3 0 0 0 0 0 0 0 0 3
+2 -48 3
+7 +1 3
+3 * 3 0 0 1 0 0 1 0 0 3 3
fe=(108)

fl=(195) /usr/src/debug/glibc/glibc/string/../sysdeps/x86_64/multiarch/strrchr-avx2.S
fn=(672) __strrchr_avx2
0x1729b0 53 1 0 0 1 0 0 1
+4 +1 1
+4 +1 1
+2 +2 1
+5 +1 1 0 0 1 0 0 1
+4 +4 1
+3 +1 1
+5 +1 1 0 0 0 0 0 0 0 0 1
+6 +3 1 1 0 0 1 0 0 1
+4 +2 1
+4 +1 1
+4 +1 1
+2 +1 1 0 0 0 0 0 0 0 0 1
+6 +3 1
+4 +1 1
+4 +2 1
+5 +1 1
+2 +1 1 0 0 0 0 0 0 0 0 1 1
+2 +1 1
+3 +1 1
+3 +9 1
+3 * 1 1

fl=(323) /usr/src/debug/glibc/glibc/stdlib/mul.c
fn=(1304) __mpn_mul
0x54700 48 21654 0 0 1 0 0 1
+4 * 21654 0 21654
+1 * 21654
+3 * 21654
+3 * 21654 0 21654
+2 * 21654
+3 * 21654 0 21654
+2 * 21654 0 21654
+2 * 21654
+3 * 21654 0 21654
+2 * 21654
+3 * 21654 0 21654 0 0 1
+1 * 21654
+3 * 21654
+4 * 21654 21654
+9 * 21654 0 21654
+4 * 21654
+2 +6 21654
+4 * 21654 0 0 0 0 0 0 0 0 21654
+2 +12 21654
+3 * 21654 0 0 0 0 0 0 0 0 21654 8
+2 +76 21654 21654
+4 * 21654 21654
+9 * 21654 0 0 0 0 0 0 0 0 21654
+6 * 21654
+4 * 21654 21654
+1 * 21654 21654
+2 * 21654 21654
+2 * 21654 21654
+2 * 21654 21654
+2 * 21654 21654
+1 * 21654 21654
+1 -71 21654 21654 0 1 2 0 1 1
+3 +1 21654
+4 * 21654 0 0 0 0 0 0 0 0 21654 6
0x54950 +69 21654 0 21654 2 0 0 1
+4 -60 21654 0 21654 0 0 1
cfi=(324) /usr/src/debug/glibc/glibc/stdlib/../sysdeps/x86_64/mul_1.S
cfn=(1306) __mpn_mul_1
calls=21654 0x54ad0 -50 
* * 537870 71890 50236 259 0 0 4 0 0 79688 5
+5 * 21654 21654
+4 +2 21654 0 21654
+4 +5 21654
+4 * 21654 0 0 0 0 0 0 0 0 21654 4

fl=(118) /usr/src/debug/glibc/glibc/string/../sysdeps/x86_64/multiarch/strchr.c
fn=(396) index
0xad080 65 2 0 0 1 0 0 1
+4 -23 2 2
+7 * 2 2
+6 +2 2 2
+6 -1 2
+2 * 2
+2 * 2
+5 * 2 0 0 0 0 0 0 0 0 2 2
+32 +1 2 0 0 1 0 0 1
+3 * 2 0 0 0 0 0 0 0 0 2
+2 +4 2
+2 * 2
+2 * 2
+5 * 2 0 0 0 0 0 0 0 0 2 1
+2 +3 2
+7 * 2
+3 * 2 0 0 0 0 0 0 0 0 2
+2 +3 2
+7 * 2
+3 * 2 0 0 0 0 0 0 0 0 2
+2 +11 2 2

fl=(140) /usr/src/debug/glibc/glibc/string/../sysdeps/x86_64/multiarch/strspn.c
fn=(462) strspn
0xaf370 29 2 0 0 1 0 0 1
fi=(389) /usr/src/debug/glibc/glibc/string/../sysdeps/x86_64/multiarch/ifunc-sse4_2.h
+4 +7 2 2
+7 * 2 0 0 1 0 0 1
+7 * 2 2 0 0 1
+7 * 2
+7 * 2
fe=(140)
+4 -7 2 2

fl=(348) /usr/src/debug/glibc/glibc/stdio-common/vfprintf-internal.c
fn=(1514) __printf_buffer
0x64050 601 8128 0 0 1 0 0 1
+4 * 8128 0 8128
+1 * 8128
+3 * 8128 0 8128
+2 * 8128 0 8128
+2 * 8128
+3 * 8128 0 8128
+2 * 8128 0 8128
+2 * 8128 0 8128
+1 * 8128
fi=(390) /usr/src/debug/glibc/glibc/stdio-common/printf-parse.h
+3 82 8128
fe=(348)
+3 601 8128
+7 * 8128 0 8128 0 0 1
fi=(390)
+7 82 8128
fe=(348)
+5 601 8128 0 8128 1 0 1 1
+7 * 8128 0 8128 0 0 1
+6 +27 8128 8128
+9 * 8128 0 8128
+4 * 8128 8128
+7 +9 8128 8128
+4 -9 8128 8128
+3 +9 8128 0 8128 0 0 1
+7 -9 8128 0 8128
+6 +9 8128 8128
+4 * 8128 0 8128
fi=(390)
+7 82 8128 0 8128 1 0 0 1
cob=(4)
cfi=(191)
cfn=(1516) 0x0000000004c72290
calls=8128 0x4c72290 -82 
* * 170688 24384 0 3 1 0 3 0 0 16256 0 8128 1
fe=(348)
+5 653 8128
+3 -1 8128
+3 +1 8128
fi=(390)
+3 82 8128 0 8128
+7 * 8128
fe=(348)
+3 653 8128
+3 -1 8128 0 8128
cfi=(349) /usr/src/debug/glibc/glibc/stdio-common/Xprintf_buffer_write.c
cfn=(1520) __printf_buffer_write
calls=8128 0x5b530 27 
* * 154432 56896 40640 3 0 1 3 0 0 16256 2
+5 +2 8128 8128
+3 * 8128
+2 * 8128 0 0 0 0 0 0 0 0 8128
+6 +4 8128 8128
+4 * 8128 0 0 0 0 0 0 0 0 8128
+6 +4 8128 8128 0 0 1 0 0 1
+7 * 8128 0 8128
+7 * 8128 0 0 1 0 0 1
+3 * 8128 0 0 0 0 0 0 0 0 8128
+6 * 8128 8128
+8 * 8128 0 0 0 0 0 0 0 0 8128
+6 * 8128 8128
+8 -32 8128 0 8128
+10 +11 8128 0 8128
+10 -8 8128 0 8128
+11 +29 8128 0 0 0 0 0 0 0 0 8128
+2 +42 8128 8128 0 1 0 0 1
+5 * 8128
+4 * 8128
+2 * 8128 0 0 0 0 0 0 0 0 8128 2
+37 1043 8128 8128
+4 * 8128 8128
+9 * 8128 0 0 1 0 0 1 0 0 8128
+6 * 8128
+4 * 8128 8128
+1 * 8128 8128
+2 * 8128 8128
+2 * 8128 8128
+2 * 8128 8128
+2 * 8128 8128
+1 * 8128 8128
0x64220 704 8128 0 0 1 0 0 1
+4 * 8128
+4 -12 8128
+3 +6 8128 0 8128
+7 +6 8128
+3 * 8128
+7 -13 8128
+3 -1 8128 0 0 1 0 0 1
+3 +14 8128
+2 -10 8128
+6 -8 8128
+3 +11 8128 0 8128
+10 +7 8128 8128 0 0 1 0 0 1
+4 * 8128
+7 -11 8128 0 8128
+10 -8 8128 0 8128
+10 -1 8128 0 8128
+10 +20 8128 8128 0 1 1 0 1 1
+4 * 8128
+7 -21 8128 0 8128
+10 -1 8128 0 8128
+10 +22 8128
+3 -15 8128
+2 * 8128 0 0 0 0 0 0 0 0 0 0 8128 1
+12 * 8128
+4 * 8128
+4 972 8128 8128
+7 * 8128 0 0 1 0 0 1 0 0 8128
+6 +3 8128
+2 * 8128
+3 * 8128
+3 * 8128
+5 * 8128 0 8128
+10 * 8128 8128
+6 * 8128
+2 * 8128
+8 * 8128
+4 * 8128 0 8128
+7 * 8128
+2 * 8128 8128
+7 * 8128 0 8128 1 0 0 1
+6 * 8128 0 8128
+7 * 8128
+3 * 8128
+2 * 8128 8128
+7 * 8128
+3 * 8128
+2 * 8128 8128
+7 * 8128
+3 * 8128
+2 * 8128 8128
+7 * 8128
+3 * 8128
+2 * 8128
+3 * 8128
+3 * 8128
+2 * 8128 8128 0 1 0 0 1
+7 * 8128
+3 * 8128
+2 * 8128
+5 * 8128 0 8128
+7 * 8128 8128
+7 * 8128 0 8128
+6 +20 8128
+2 * 8128 0 0 0 0 0 0 0 0 8128 2
+6 * 8128 8128
+7 * 8128 8128
+3 * 8128
+5 * 8128 0 0 0 0 0 0 0 0 8128
+6 * 8128 0 0 1 0 0 1
+2 * 8128
+3 * 8128 8128
+4 * 8128 0 8128
+3 * 8128 8128
+4 * 8128 0 8128
+8 +1 8128
+7 263 8128
+4 +1 8128
+3 996 8128 0 8128
+7 743 8128 8128
+7 264 8128
+7 * 8128 0 0 1 0 0 1
+7 743 8128 8128
+4 263 8128
+4 * 8128 0 0 0 0 0 0 0 0 8128 2
+22 1023 8128
fi=(390)
+4 82 8128
fe=(348)
+5 1017 8128 0 8128
fi=(390)
+7 82 8128
+3 * 8128 0 8128
cob=(4)
cfi=(191)
cfn=(1516)
calls=8128 0x4c72290 -82 
* * 170688 24384 0 0 0 0 0 0 0 16256 0 8128
fe=(348)
+5 1027 8128
+3 * 8128
+3 +1 8128 0 0 1 0 0 1
fi=(390)
+3 82 8128
fe=(348)
+3 1028 8128
+3 -1 8128 0 8128
cfi=(349)
cfn=(1520)
calls=8128 0x5b530 27 
* * 154432 56896 40640 0 0 0 0 0 0 16256 2
+5 +3 8128 8128
+4 * 8128 0 0 0 0 0 0 0 0 8128 2
0x64770 708 8128 0 0 1 0 0 1
+4 813 8128 8128
+5 -1 8128
+4 +1 8128
+3 * 8128 0 0 1 0 0 1 0 0 8128 2
+31 +41 8128
+3 * 8128
+4 * 8128
+3 * 8128 0 0 0 0 0 0 0 0 8128
+6 * 8128
+4 * 8128
+7 * 8128
+3 * 8128
+3 * 8128 8128 0 1 1 0 1 1
+4 * 8128
+7 * 8128
+7 * 8128 8128 0 0 1 0 0 1
+4 * 8128
+3 * 8128 0 0 0 0 0 0 0 0 0 0 8128 1
0x65880 266 8128 0 8128 1 0 0 1
cfi=(350) /usr/src/debug/glibc/glibc/stdio-common/printf_fp.c
cfn=(1522) __printf_fp_l_buffer
calls=8128 0x5dba0 1099 
* * 16227931 3710521 2256999 95 17 12 91 9 0 2638565 61302 16256 1
+5 1000 8128
0x660a8 818 8128 8128 0 1 0 0 1
+5 -1 8128
+4 +1 8128
+3 * 8128
+3 * 8128 0 0 0 0 0 0 0 0 8128
+6 +15 8128 8128 0 1 0 0 1
+7 * 8128 8128
+2 * 8128
+3 * 8128 0 0 0 0 0 0 0 0 8128
+6 * 8128 8128
+7 * 8128
+2 * 8128
+3 * 8128 0 8128
+2 * 8128 8128
+4 +3 8128 8128
+2 * 8128
+5 +18 8128 8128
+4 -37 8128
+3 +19 8128
+2 * 8128
+3 * 8128
+3 * 8128

fl=(99) /usr/src/debug/glibc/glibc/string/../sysdeps/x86_64/multiarch/strcat.c
fn=(344) strcat
0xad010 29 1 0 0 1 0 0 1
fi=(91) /usr/src/debug/glibc/glibc/string/../sysdeps/x86_64/multiarch/ifunc-strcpy.h
+4 +9 1 1
+7 * 1 1
+6 +1 1 1
+6 -1 1
+3 * 1 0 0 0 0 0 0 0 0 1
+2 +1 1
+3 * 1 0 0 0 0 0 0 0 0 1
+2 +4 1
+2 * 1
+2 * 1
+5 * 1 0 0 0 0 0 0 0 0 1
+2 +3 1 0 0 1 0 0 1
+7 * 1
+3 * 1 0 0 0 0 0 0 0 0 1
+2 +3 1
+7 * 1
+3 * 1 0 0 0 0 0 0 0 0 1 1
fe=(99)
+37 -20 1 1

fl=(115) /usr/src/debug/glibc/glibc/string/../sysdeps/x86_64/multiarch/memrchr.c
fn=(388) memrchr
0xac160 29 1 0 0 1 0 0 1
fi=(112) /usr/src/debug/glibc/glibc/string/../sysdeps/x86_64/multiarch/ifunc-avx2.h
+4 +9 1 1
+7 * 1
+7 * 1 1
+6 +2 1
+2 * 1
+2 * 1 0 0 1 0 0 1
+6 * 1 0 0 0 0 0 0 0 0 1
+6 +1 1 1
+7 * 1 0 0 0 0 0 0 0 0 1
+2 +1 1 1
+6 * 1
+6 * 1 0 0 0 0 0 0 0 0 1
+2 +4 1
+2 * 1
+2 * 1
+6 * 1 0 0 0 0 0 0 0 0 1
+2 +3 1
+7 * 1
+3 * 1 0 0 0 0 0 0 0 0 1
+2 +3 1
+6 * 1
+7 * 1
+7 * 1
+4 * 1 1
fe=(115)

fl=(347)
fn=(1512)
0x8ad60 102 8128 0 0 1 0 0 1
+4 * 8128 0 8128
fi=(391) /usr/src/debug/glibc/glibc/libio/../include/printf_buffer.h
+1 +22 8128
fe=(347)
+5 -22 8128
fi=(391)
+3 +22 8128
fe=(347)
+4 -22 8128
+3 * 8128 0 8128
+1 * 8128
+7 * 8128 8128 0 1 0 0 1
+9 * 8128 0 8128
+4 * 8128
fi=(391)
+3 +35 8128
+4 -13 8128 0 8128
+7 +13 8128 0 8128
+7 -10 8128 0 8128
+11 +1 8128 0 8128
fe=(347)
+10 -65 8128
+3 * 8128 0 0 0 0 0 0 0 0 8128
+2 +3 8128 0 8128
+3 +30 8128
+3 * 8128
+2 * 8128 0 0 1 0 0 1
+7 * 8128 0 8128 0 0 1
cfi=(348)
cfn=(1514)
calls=8128 0x64050 601 
* * 18544411 4255097 2671527 122 23 17 118 14 0 2833637 61316 48768 4
+6 -21 8128 8128
+7 * 8128 8128
+7 * 8128 0 0 0 0 0 0 0 0 8128
+2 +1 8128 0 8128
+3 +11 8128
+7 * 8128 0 8128
cfi=(359) /usr/src/debug/glibc/glibc/stdio-common/Xprintf_buffer_done.c
cfn=(1544) __printf_buffer_done
calls=8128 0x5aff0 -62 
* * 146304 40640 0 2 0 0 2 0 0 40640
+5 +17 8128 8128
+4 * 8128 8128
+9 * 8128 0 0 0 0 0 0 0 0 8128
+2 * 8128 8128
+4 * 8128 8128
+1 * 8128 8128 0 1 0 0 1

fl=(212)
fn=(738)
0x34640 43 1 0 0 1 0 0 1
+4 * 1 0 1
+1 * 1
+3 * 1 0 1
+2 * 1 0 1
+2 * 1 0 1 0 0 1
+2 * 1 0 1
+2 * 1
+3 * 1 0 1
+1 * 1
+7 * 1 1
+9 * 1 0 1
+4 * 1
+3 +12 1
+3 * 1 0 0 0 0 0 0 0 0 1 1
0x34875 277 1 1 0 1 0 0 1
+4 * 1 1
+9 * 1 0 0 0 0 0 0 0 0 1
+6 * 1
+4 * 1
+3 * 1 1
+1 * 1 1
+2 * 1 1
+2 * 1 1
+2 * 1 1
+2 * 1 1
+1 * 1 1
+7 63 1 0 0 1 0 0 1
+3 * 1 0 0 0 0 0 0 0 0 1
+6 +3 1
+7 -10 1
+6 +10 1
+3 * 1 0 0 0 0 0 0 0 0 1
+6 +7 1 1 0 1 0 0 1
+5 * 1 0 0 0 0 0 0 0 0 1 1
0x34b60 +2 1 0 0 1 0 0 1
+7 -2 1 1
+6 * 1 0 0 0 0 0 0 0 0 1 1

fl=(104) /usr/src/debug/glibc/glibc/debug/../sysdeps/x86_64/multiarch/memcpy_chk.c
fn=(360) __memcpy_chk
0x126b70 29 2 0 0 1 0 0 1
fi=(93) /usr/src/debug/glibc/glibc/debug/../sysdeps/x86_64/multiarch/ifunc-memmove.h
+4 +27 2 2
+7 * 2 0 0 1 0 0 1
+7 * 2 2
+6 +1 2
+3 * 2 0 0 0 0 0 0 0 0 2 2
+5 +3 2 2 0 0 1
+6 * 2
+6 * 2 0 0 0 0 0 0 0 0 2 2
+52 +14 2 0 0 1 0 0 1
+3 * 2 0 0 0 0 0 0 0 0 2 2
+53 +3 2 0 0 1 0 0 1
+2 * 2 0 0 0 0 0 0 0 0 2
+2 +8 2
+6 * 2 0 0 0 0 0 0 0 0 2
+2 +8 2
+3 * 2 0 0 0 0 0 0 0 0 2
+2 +3 2
+6 * 2
+7 * 2
+7 * 2
+4 * 2 2
fe=(104)

fl=(321)
fn=(1294)
0x4c480 1784 16384 0 0 1 0 0 1
+4 +1 16384
+3 * 16384
+2 * 16384
cfn=(1296) ____strtod_l_internal
calls=16384 0x49b40 510 
* * 12126435 2246236 1267299 746 12 0 82 8 0 1851567 49196 47478 129

fn=(1296)
0x49b40 510 16384 0 0 14 0 0 1
+4 * 16384 0 16384
+1 * 16384
+3 * 16384 0 16384
+2 +79 16384
+3 -79 16384 0 16384
+2 * 16384 0 16384
+2 +45 16384
+3 -45 16384 0 16384
+2 * 16384
+3 * 16384 0 16384
+1 * 16384
+7 * 16384 0 16384
+7 +53 16384 16384 0 0 1
+5 -53 16384 0 16384
+7 * 16384 16384
+9 * 16384 0 16384 11 0 0 1
+4 * 16384
+2 +55 16384
+2 * 16384 0 0 0 0 0 0 0 0 16384
+6 +32 16384 16384 0 0 1
+4 +1 16384
+3 * 16384 0 16384
cob=(4)
cfi=(191)
cfn=(792)
calls=16384 0x4c72240 0 
* * 262144 49152 0 111 1 0 0 1 0 32768 0 16384
+5 * 16384 0 16384
+7 +1 16384
+3 * 16384 0 0 0 0 0 0 0 0 16384
+6 +10 16384 16384
+7 +4 16384 16384 0 0 1
+5 -10 16384 0 16384
+11 +6 16384 0 0 111 0 0 1
+4 * 16384
+8 * 16384
+11 * 16384
+11 +3 16384
+3 * 16384 16384
+5 * 16384
+4 * 16384
+3 +1 16384 16384
+5 * 16384 0 0 0 0 0 0 0 0 16384 1
+2 +3 16384
+2 * 16384 0 0 0 0 0 0 0 0 16384
+6 -12 16384 0 16384 1 0 0 1
+10 +17 16384
+2 * 16384 0 0 0 0 0 0 0 0 16384
+6 +13 16384 16384
+3 * 16384
+2 * 16384 0 0 0 0 0 0 0 0 16384
+6 * 16384
+2 * 16384
+2 * 16384
+49 +1 16384 16384 0 1 0 0 1
+4 * 16384 0 0 0 0 0 0 0 0 16384 1
+2 +8 16384
+4 * 16384
+3 * 16384 0 0 0 0 0 0 0 0 16384 2
+6 +48 16384
+4 * 16384 0 0 0 0 0 0 0 0 16384 10
+6 +19 8
+3 * 8 0 0 0 0 0 0 0 0 8 8
+6 516 8 0 8
+10 734 8 8
+5 * 8
+3 516 8
+3 * 8
+3 777 8
+4 * 8
+3 * 8 0 0 0 0 0 0 0 0 8 8
-13 516 16376 0 0 1 0 0 1
+3 * 16376
+3 777 16376
+4 * 16376
+3 * 16376 0 0 0 0 0 0 0 0 16376
-7 * 8
+4 * 8
+3 * 8 0 0 0 0 0 0 0 0 8
+6 +1 16384 16384
+7 * 16384 0 0 0 0 0 0 0 0 16384
+6 +12 16384
+3 * 16384 0 0 0 0 0 0 0 0 16384 1
+6 +16 16384
+3 * 16384 0 0 0 0 0 0 0 0 16384 2
+11 +42 16384 0 0 1 0 0 1
+4 * 16384
+3 +9 16384
+2 * 16384 0 0 0 0 0 0 0 0 16384
+6 * 16384
+2 * 16384
+16 * 16384
+4 * 16384 16384
+4 * 16384
+2 * 16384 0 0 0 0 0 0 0 0 16384 2
+6 +1 16384 16384
+3 * 16384 0 0 0 0 0 0 0 0 16384 4
0x49dd1 687 8
+4 1772 8 8
+4 * 8 8
+9 * 8 0 0 0 0 0 0 0 0 8 2
-13 * 16376 16376 0 1 0 0 1
+4 * 16376 16376
+9 * 16376 0 0 0 0 0 0 0 0 16376 2
+6 * 16384
+4 * 16384 16384
+1 * 16384 16384
+2 * 16384 16384
+2 * 16384 16384
+2 * 16384 16384
+2 * 16384 16384
+1 * 16384 16384
+74 803 8 8 0 1 0 0 1
+5 -22 8
+4 +22 8
+4 -26 8
0x49eb1 -36 16376 0 0 1 0 0 1
+2 * 16376
+2 * 16376
+11 * 16376
+4 * 16376 16376
+4 * 16376
+2 * 16376 0 0 0 0 0 0 0 0 16376
+6 +1 16376 16376 0 1 0 0 1
+4 * 16376 0 0 0 0 0 0 0 0 16376 2
+60 864 16384 16384 0 1 0 0 1
+7 +1 16384
+3 * 16384 16384
+7 +1 16384
+2 -1 16384 16384
+4 +1 16384
+3 * 16384
+31 +4 49152
+4 * 49152 0 0 0 0 0 0 0 0 49152 5454
+2 +1 44218
+4 * 44218
+4 +2 44218 44218
+5 * 44218
+4 * 44218
+4 -7 44218
+4 * 44218
+4 +1 44218
+3 * 44218 0 0 0 0 0 0 0 0 44218 6
-24 +6 4934 4934
+5 * 4934
+4 * 4934
+4 -7 4934
+4 * 4934
+4 +1 4934
+3 * 4934 0 0 0 0 0 0 0 0 4934 6
-11 -1 16384 0 0 1 0 0 1
+4 * 16384
+4 +1 16384
+3 * 16384 0 0 0 0 0 0 0 0 16384 2
+2 * 16384
+4 * 16384 0 0 0 0 0 0 0 0 16384
+2 +9 16384
+3 * 16384 0 0 0 0 0 0 0 0 16384
+6 +6 16384 16384 0 1 0 0 1
+5 +1 16384 0 16384
+7 -1 16384 16384 0 0 1 0 0 1
+5 +2 16384 16384
+7 * 16384 0 0 0 0 0 0 0 0 16384 1
+2 * 16384
+3 * 16384 0 0 0 0 0 0 0 0 16384 2
+6 * 16384
+2 * 16384
+11 +98 16384
+3 +33 16384
+3 * 16384 0 0 0 0 0 0 0 0 16384
+2 +2 16384 16384
+4 * 16384 0 0 0 0 0 0 0 0 16384 2
+2 879 1658 0 0 1 0 0 1
+3 * 1658
+4 * 1658
+11 1019 1658
+4 -2 1658 1658
+4 * 1658 0 0 0 0 0 0 0 0 1658 186
-8 +2 172
+4 -2 172 172
+4 * 172 0 0 0 0 0 0 0 0 172 18
+2 * 1658
+3 +3 1658
+3 +2 1658
+3 * 1658 0 0 0 0 0 0 0 0 1658
+6 * 1658
+3 +3 1658
+3 * 1658 0 0 0 0 0 0 0 0 1658 3
+6 * 16
+3 * 16 0 0 0 0 0 0 0 0 16 10
+6 * 8 8
+7 * 8
+3 * 8 0 0 0 0 0 0 0 0 8 1
+6 +19 14734 14734 0 1 0 0 1
+7 * 14734
+3 * 14734 0 0 0 0 0 0 0 0 14734
+2 +1 14734 0 14734
+3 +5 14734
+3 * 14734 0 0 0 0 0 0 0 0 14734 1655
-3 * 1642
+3 * 1642 0 0 0 0 0 0 0 0 1642 183
+6 +9 1666 1666
+3 * 1666 1666
+4 * 1666
+7 * 1666 1666
+3 * 1666 0 0 0 0 0 0 0 0 1666
+2 +2 1666
+2 * 1666
+3 * 1666 0 0 0 0 0 0 0 0 1666 4
+52 +9 1666 1666 0 1 0 0 1
+7 * 1666
+3 * 1666
+3 +1 1666 1666
+7 * 1666 0 0 0 0 0 0 0 0 1666
+6 * 1666
+3 * 1666 0 0 0 0 0 0 0 0 1666
+6 +3 1666 1666
+7 * 1666
+10 * 1666
+3 * 1666
+3 * 1666 0 0 0 0 0 0 0 0 1666
+6 +4 1666
+3 +1 1666
+3 +96 1666
+3 * 1666
+3 * 1666
+3 * 1666
+3 * 1666
+3 * 1666
+4 * 1666
+3 * 1666
+3 * 1666
+4 * 1666
+3 * 1666
+4 +4 1666
+3 -1 1666
+4 +1 1666 0 1666
+7 * 1666
+3 +3 1666
+5 * 1666
+3 * 1666
+3 * 1666 0 0 0 0 0 0 0 0 1666
-64 -7 14710 0 0 1 0 0 1
+3 * 14710
+3 * 14710 0 0 1 0 0 1
+3 * 14710
+3 * 14710
+3 * 14710
+4 * 14710
+3 * 14710
+3 * 14710
+4 * 14710
+3 * 14710
+4 +4 14710
+3 -1 14710
+4 +1 14710 0 14710
+7 * 14710
+3 +3 14710
+5 * 14710
+3 * 14710
+3 * 14710 0 0 0 0 0 0 0 0 14710
+6 +12 16376 0 0 1 0 0 1
+7 * 16376 0 0 0 0 0 0 0 0 16376
+6 +3 16376
+3 * 16376 0 0 0 0 0 0 0 0 16376 2
+6 1359 16368
+3 * 16368 0 0 0 0 0 0 0 0 16368
+6 * 16368
+7 * 16368
+6 * 16368 0 0 0 0 0 0 0 0 16368
+6 +18 16368 16368
+4 * 16368 0 0 0 0 0 0 0 0 16368 3
+6 +3 16368 0 0 1 0 0 1
+10 * 16368
+5 * 16368
+3 * 16368
+4 * 16368
+4 * 16368
+3 +13 16368
+2 -13 16368
+3 * 16368
+3 +8 16368
+5 * 16368 0 0 0 0 0 0 0 0 16368 4
+28 +13 16368 0 0 1 0 0 1
+3 * 16368
+3 +3 16368
+3 * 16368
+3 -3 16368
+3 +3 16368
+3 * 16368
+2 * 16368
+4 +6 16368
+2 -3 16368
+5 -3 16368
+3 * 16368
+3 +3 16368
+4 * 16368
+3 * 16368 0 16368
+6 +5 16368
+3 * 16368
+7 * 16368
+3 * 16368 0 0 1 0 0 1
+3 * 16368 0 16368
+6 * 16368
+3 +7 16368
+4 * 16368 0 0 0 0 0 0 0 0 16368 1644
+6 * 14866 14866
+7 * 14866
+6 * 14866
+3 * 14866 0 14866
+7 * 14866
+7 * 14866 0 14866
+7 * 14866 0 14866 1 0 0 1
+7 * 14866
+4 * 14866
+11 +3 14866 0 14866
+7 +4 14866 14866 0 0 1 0 0 1
+4 -4 14866
+3 +2 14866
+3 * 14866 0 0 0 0 0 0 0 0 14866
-17 -2 16228 0 16228
+7 +4 16228 16228 0 0 1 0 0 1
+4 -4 16228
+3 +2 16228
+3 * 16228 0 0 0 0 0 0 0 0 16228 1648
+6 +3 16368 16368
+3 -1 16368
+4 +1 16368
+7 * 16368 0 16368
fi=(322) /usr/src/debug/glibc/glibc/stdlib/../string/bits/string_fortified.h
+7 29 16368 16368 0 1 0 0 1
fe=(321)
+7 1427 16368
+8 * 16368
fi=(322)
+5 29 16368
+5 * 16368 16368 16368 0 1 0 0 0 0 0 0 16368 1
cfi=(282)
cfn=(1298) __memcpy_chk_avx_unaligned_erms
calls=16368 0x16dd50 249 
* * 327360 49104 32736 2 1 0 2 1 0 65472 7
+6 * 16368 16368
+7 * 16368 16368
fe=(321)
+7 1445 16368
+3 * 16368 0 0 0 0 0 0 0 0 16368 143
-3 * 1502
+3 * 1502 0 0 0 0 0 0 0 0 1502
+6 -3 16228
+3 +1 16228
+4 -24 16228
+3 * 16228 0 0 0 0 0 0 0 0 16228 2
0x4a33b 1044 1650 1650 0 1 0 0 1
+7 * 1650
+3 * 1650 0 0 0 0 0 0 0 0 1650
+2 +1 1650 0 1650
+3 +2 1650
+3 * 1650 0 0 0 0 0 0 0 0 1650 4
+6 767 8 8
+6 * 8
+2 * 8 0 0 0 0 0 0 0 0 8 2
+21 -76 16376 16376 0 1 0 0 1
+5 * 16376 16376
+5 * 16376
+3 * 16376 16376 0 1 1 0 1 1
+4 * 16376 0 0 0 0 0 0 0 0 16376
+6 516 16376 0 16376
+10 710 16376
+6 * 16376
+3 * 16376 0 0 0 0 0 0 0 0 16376
+6 516 16376
+3 * 16376
+2 * 16376
+11 712 16376 16376
+5 * 16376
+4 -1 16376
+4 * 16376 0 0 0 0 0 0 0 0 16376
+2 +24 16376 0 0 1 0 0 1
+4 * 16376
+3 * 16376 0 0 0 0 0 0 0 0 16376
+6 -1 16376
+4 +2 16376 16376
+7 -2 16376 16376
+3 +2 16376
+3 * 16376
+2 * 16376
+3 * 16376
+3 * 16376 0 0 0 0 0 0 0 0 16376 2
0x4a7f0 1074 14710 14710 0 1 0 0 1
+7 +9 14710 14710
+7 * 14710 0 0 1 0 0 1 0 0 14710 6
0x4a9f0 741 16376 0 0 1 0 0 1
+2 * 16376 0 0 0 0 0 0 0 0 16376 2
+6 +8 16376 16376
+7 * 16376 0 0 1 0 0 1 0 0 16376 2
0x4ad88 1433 14726 14726 0 1 0 0 1
+3 -1 14726
+4 * 14726
+3 * 14726
+7 * 14726 14726
+7 +1 14726 0 14726
+7 -1 14726
+5 * 14726 14726
+7 * 14726 0 14726
cfi=(323)
cfn=(1304)
calls=14726 0x54700 48 
* * 913012 220890 176712 260 0 0 6 0 0 132534 7
+5 +4 14726 14726
+7 +1 14726 14726 0 1 0 0 1
+7 * 14726
+3 -1 14726 14726
+4 * 14726
+5 +1 14726 0 0 0 0 0 0 0 0 14726
+6 +1 14726 14726
+7 +1 14726 14726
+7 -1 14726
+4 +1 14726 0 14726
+7 * 14726 0 14726
+7 +6 14726
+3 * 14726 0 0 1 0 0 1 0 0 14726
+6 +2 16368 16368
+7 * 16368 16368
+7 * 16368 0 0 0 0 0 0 0 0 16368 2
+6 381 16368 16368
+6 -1 16368 0 16368
+11 +1 16368
+2 * 16368 0 0 0 0 0 0 0 0 16368
+6 * 16368
+4 * 16368 16368
+7 * 16368
+3 * 16368 16368 0 1 0 0 1
+7 * 16368 0 16368
+2 * 16368
+7 * 16368
+7 * 16368 0 16368
cfn=(1308) str_to_mpn.part.0.constprop.0
calls=16368 0x49890 -14 
* * 1272526 256636 147312 5 1 0 5 1 0 183992 29771
+5 1468 16368
+5 +7 16368 16368
+7 -7 16368 0 16368
+7 +2 16368 16368
+1 -2 16368 16368
+9 +2 16368 16368
+1 -2 16368
+4 * 16368
+3 +2 16368
+2 * 16368 0 0 1 0 0 1 0 0 16368 6
+6 +17 16368
+3 * 16368 0 16368
+7 +2 16368
+4 * 16368 0 0 0 0 0 0 0 0 16368 2
0x4b339 1718 1502 1502 0 1 0 0 1
+7 * 1502 0 0 1 0 0 1
+6 * 1502
+3 * 1502 0 1502
+7 * 1502
+7 * 1502 0 1502
+7 * 1502 0 1502
+7 * 1502
+37 380 8 0 8 1 0 0 1
+11 1200 8
+3 381 8
+3 * 8 0 0 0 0 0 0 0 0 8
+6 * 8
+4 * 8 0 8
+7 * 8
+3 * 8
+7 * 8 0 8
+2 * 8 8
+7 * 8 0 0 1 0 0 1
+3 * 8
+7 * 8
+7 * 8 0 8
+7 * 8 0 8
cfn=(1308)
calls=8 0x49890 -14 
* * 408 104 72 0 0 0 0 0 0 40 7
+5 1206 8 8
+7 * 8 8
+1 +20 8 8
+7 -20 8 8
+7 * 8
+3 * 8
+3 * 8 8
+2 * 8 0 0 0 0 0 0 0 0 8 2
0x4b590 +44 8 0 0 1 0 0 1
+4 +1 8
+3 -1 8 8
+9 +1 8
+4 -1 8
+4 +1 8
+3 * 8
+3 +4 8
+7 * 8 0 0 0 0 0 0 0 0 8
+6 +6 8
+4 * 8 0 0 1 0 0 1 0 0 8
+6 +32 8
+3 * 8 0 0 0 0 0 0 0 0 8
+6 +3 8
+4 +4 8
+7 -4 8
+3 +4 8 0 8
+7 -4 8
+3 * 8
+3 * 8
+4 * 8
+3 * 8
+2 +4 8
+5 * 8
+3 * 8
+4 * 8 0 0 1 0 0 1
+3 -2 8
+3 * 8 0 0 0 0 0 0 0 0 8
+6 +10 8
+5 * 8 8
+7 * 8
+2 * 8
+3 * 8 0 8
cfi=(325) /usr/src/debug/glibc/glibc/stdlib/../sysdeps/x86_64/lshift.S
cfn=(1310) __mpn_lshift
calls=8 0x54580 28 
* * 128 16 8 0 0 0 0 0 0 24 10
+5 +4 8
+3 * 8 0 0 0 0 0 0 0 0 8 2
+13 +15 8 8
+6 * 8
+3 * 8
+3 * 8
+3 * 8 8 0 2 0 0 1
+7 * 8
+2 * 8 0 8
cfn=(1312) round_and_return
calls=8 0x49440 215 
* * 776 104 64 0 0 0 0 0 0 88 2
+5 * 8
0x4b74a 1474 16368 16368 0 1 0 0 1
+7 * 16368
+2 * 16368
+3 * 16368 0 16368
+7 * 16368
+3 * 16368 0 16368
cfi=(325)
cfn=(1310)
calls=16368 0x54580 28 
* * 261888 32736 16368 2 0 0 2 0 0 49104 4
+5 +1 16368 16368
+7 * 16368 16368
+7 * 16368
+3 * 16368
+3 * 16368 0 16368
cfi=(325)
cfn=(1310)
calls=16368 0x54580 28 
* * 261888 32736 16368 0 0 0 0 0 0 49104 3
+5 +1 16368 16368 0 1 0 0 1
+7 * 16368
+3 * 16368 0 0 0 0 0 0 0 0 16368 2
0x4b854 1637 16368 16368 0 1 0 0 1
+6 * 16368 16368
+7 * 16368
+3 * 16368 16368
+7 * 16368 0 16368
cfn=(1312)
calls=16368 0x49440 215 
* * 1531885 245270 139181 22 1 0 10 1 0 172273 8319
+5 * 16368
0x4b9a9 1496 16368 16368 0 1 0 0 1
+7 +1 16368 16368
+7 +1 16368
+4 * 16368 0 0 1 0 0 1 0 0 16368
+6 * 16368
+3 * 16368 0 0 0 0 0 0 0 0 16368
+6 +4 16368
+3 * 16368
+2 * 16368
+3 * 16368
+3 * 16368
+3 +38 16368
+2 * 16368 0 0 0 0 0 0 0 0 16368 2
+75 +4 16368 0 0 1 0 0 1
+3 * 16368
+3 * 16368
+4 * 16368
+4 * 16368
+13 -4 16368 0 0 1 0 0 1
+3 * 16368 0 0 0 0 0 0 0 0 16368 2
+14 * 16368
+3 * 16368
+4 * 16368
+3 * 16368
+4 * 16368
+3 * 16368
+3 * 16368
+3 * 16368 0 0 0 0 0 0 0 0 16368
+2 * 16368
+3 * 16368
+3 +5 16368
+6 -5 16368
+2 +5 16368
+3 * 16368 0 0 1 0 0 1
+7 -5 16368
+2 * 16368 0 16368
+7 +4 16368
+3 -4 16368
+3 * 16368 0 16368
+7 +2 16368
0x4bb53 1393 16368 0 0 14 0 0 1
+2 +5 16368
+2 * 16368 0 0 0 0 0 0 0 0 16368
+6 * 16368
+7 * 16368
+2 * 16368 0 16368
+7 * 16368
+66 1145 14726 0 14726 14 0 0 1
fi=(322)
+7 29 14726
+3 * 14726
+5 * 14726 14726 0 128 0 0 1
fe=(321)
+7 1448 14726
fi=(322)
+8 29 14726 14726 14726 0 0 0 0 0 0 0 0 14726 128
cfi=(282)
cfn=(1298)
calls=14726 0x16dd50 249 
* * 294520 44178 29452 0 0 0 0 0 0 58904 4
+6 * 14726 14726
+7 * 14726
fe=(321)

fn=(1308)
0x49890 367 16376 0 16376 1 0 0 1
+1 * 16376
+3 * 16376 0 16376
+2 * 16376
+3 +9 16376
+2 -9 16376 0 16376
+2 * 16376
+3 * 16376 0 16376
+2 * 16376
+3 * 16376 0 16376
+2 * 16376
+3 * 16376 0 16376
+1 +10 16376
+2 -10 16376
+4 * 16376 0 16376
+4 * 16376 16376
+4 * 16376
+7 +61 45526 0 0 1 0 0 1
+4 +1 45526
+3 * 45526
+5 -14 45526 45526
+5 * 45526
+3 * 45526
+3 * 45526 0 0 0 0 0 0 0 0 45526 13410
+2 +3 14702
+3 * 14702 0 0 0 0 0 0 0 0 14702 4
+11 +7 14702
+3 +3 14702 14702
+5 * 14702
+4 * 14702
+4 +3 14702
+4 * 14702 0 0 0 0 0 0 0 0 14702 152
-12 -3 30824
+4 * 30824
+4 +3 30824
+4 * 30824 0 0 0 0 0 0 0 0 30824 1610
+6 -47 45526 0 0 1 0 0 1
+3 * 45526 0 0 0 0 0 0 0 0 45526 6
0x49a20 +49 16376 16376 0 1 0 0 1
+4 * 16376 16376
+3 * 16376
+3 * 16376 0 0 0 0 0 0 0 0 16376 14596
+16 +7 16376 0 0 1 0 0 1
+7 * 16376
+3 * 16376 16376 0 0 1 0 0 1
+4 +2 16376 16376
+3 * 16376
+3 * 16376 0 0 0 0 0 0 0 0 16376
+2 +2 16376 0 16376
+3 +1 16376 0 16376
+7 +15 16376
+4 * 16376
+3 * 16376 16376
+1 * 16376 16376
+2 * 16376 16376
+2 * 16376 16376
+2 * 16376 16376
+2 * 16376 16376
+1 * 16376 16376

fn=(1312)
0x49440 215 16376 0 16376 1 0 0 1
+1 * 16376
+3 * 16376 0 16376
+2 * 16376
+3 * 16376 0 16376
+2 * 16376 0 16376
+2 * 16376
+3 * 16376 0 16376
+1 * 16376
+3 * 16376
+4 * 16376 16376
+9 * 16376 0 16376
+4 * 16376
fi=(326) /usr/src/debug/glibc/glibc/stdlib/../sysdeps/generic/get-rounding-mode.h
+3 94 16376 0 16376
+3 +1 16376 16376
+4 * 16376
+4 * 16376
+4 * 16376 0 0 0 0 0 0 0 0 16376
+6 * 16376 0 0 1 0 0 1 0 0 16376
+6 * 16376
+3 * 16376
+3 * 16376
+4 * 16376
fe=(321)
+4 218 16376
+7 * 16376 0 0 0 0 0 0 0 0 16376 3
0x4959d +97 16376 0 0 1 0 0 1
+7 * 16376 0 0 0 0 0 0 0 0 16376
+6 +3 16376
+3 * 16376
+3 -93 16376
+3 +93 16376
+3 * 16376
+4 +3 16376
+3 * 16376 0 0 1 0 0 1 0 0 16376 128
+6 * 133
+7 * 133
+2 * 133
+3 * 133
+3 * 133
+3 +2 133 133
+3 -2 133
+3 +1 133
+4 * 133
+3 -1 133
+3 * 133
+4 +1 133
+3 * 133
+3 -1 133
+3 +1 133
+3 * 133 0 133
cfi=(327) /usr/src/debug/glibc/glibc/stdlib/../include/rounding-mode.h
cfn=(1316) round_away
calls=133 0x49400 46 
* * 1596 133 0 0 0 0 0 0 0 266
+5 * 133
+2 * 133 0 0 0 0 0 0 0 0 133
+6 +35 8370 0 0 1 0 0 1
+2 -5 8370
+3 * 8370 0 0 0 0 0 0 0 0 8370 2
+6 * 133
+3 * 133 0 0 0 0 0 0 0 0 133
+6 +5 16376 16376
+4 * 16376 16376
+9 * 16376 0 0 0 0 0 0 0 0 16376 2
+6 +1 16376
+4 -1 16376
+3 * 16376
+3 +1 16376 16376
+1 * 16376 16376
+2 * 16376 16376
+2 * 16376 16376
+2 * 16376 16376
+1 -1 16376
cfi=(329) /usr/src/debug/glibc/glibc/stdlib/../sysdeps/ieee754/dbl-64/mpn2dbl.c
cfn=(1320) __mpn_construct_double
calls=16376 0x55b80 29 
* * 262016 32752 0 13 0 0 1
+53 -34 16243 16243 0 1 0 0 1
+3 -1 16243
+4 * 16243
+3 * 16243
+5 * 16243 0 0 1 0 0 1
+3 * 16243
+3 * 16243
+3 * 16243 0 16243
cfi=(327)
cfn=(1316)
calls=16243 0x49400 46 
* * 194916 16243 0 1 0 0 1 0 0 32486
+5 +35 16243
+2 -35 16243
+3 * 16243
+2 * 16243 0 0 0 0 0 0 0 0 16243 8184
fi=(328) /usr/src/debug/glibc/glibc/stdlib/../stdlib/gmp.h
+2 453 8237
fe=(321)
+4 330 8237
fi=(328)
+5 454 8237 0 8237
fe=(321)
+3 330 8237 0 0 0 0 0 0 0 0 8237
+2 +10 8237
+7 * 8237 0 0 0 0 0 0 0 0 8237 2
+37 +14 16243 16243 0 1 1 0 1 1
+8 * 16243 16243
+8 +1 16243

fl=(102) /usr/src/debug/glibc/glibc/string/../sysdeps/x86_64/multiarch/memcpy.c
fn=(352) memcpy@@GLIBC_2.14
0xab660 29 5 0 0 2 0 0 1
fi=(87) /usr/src/debug/glibc/glibc/string/../sysdeps/x86_64/multiarch/ifunc-memmove.h
+4 +27 5 5
+7 * 5
+7 * 5 5
+6 +1 5
+3 * 5 0 0 0 0 0 0 0 0 5 5
+5 +3 5 5 0 2 0 0 1
+6 * 5
+6 * 5 0 0 0 0 0 0 0 0 5 4
+52 +14 5 0 0 2 0 0 1
+3 * 5 0 0 0 0 0 0 0 0 5 4
+53 +3 5
+2 * 5 0 0 0 0 0 0 0 0 5
+2 +8 5 0 0 2 0 0 1
+6 * 5 0 0 0 0 0 0 0 0 5
+2 +8 5
+3 * 5 0 0 0 0 0 0 0 0 5
+2 +3 5
+6 * 5
+7 * 5
+7 * 5
+4 * 5 5
fe=(102)

fl=(294) /usr/src/debug/glibc/glibc/string/../string/strstr.c
fn=(1102) __GI_strstr
0xaf920 77 2 0 0 2 0 0 1
+4 * 2 0 2
+1 * 2
+3 * 2 0 2
+2 * 2 0 2
+2 * 2 0 2
+2 * 2 0 2
+2 * 2 0 2
+1 * 2
+7 +5 2 2 0 0 2 0 0 1
+4 -5 2 2 0 2 0 0 1
+9 * 2 0 2
+4 * 2
+2 * 2 0 2 0 0 1
+7 +5 2
+3 * 2 0 0 0 0 0 0 0 0 2
+6 +2 2
+4 * 2
+3 * 2
+3 * 2 0 2
cob=(4)
cfi=(191)
cfn=(1104) 0x0000000004c72330
calls=2 0x4c72330 -84 
* * 46 8 0 6 1 0 2 0 0 6 2 2 2
+5 * 2
+3 +1 2
+3 * 2 0 0 0 0 0 0 0 0 2 2
0xafb53 -40 2 0 0 2 0 0 1
+3 161 2 2
+4 * 2 2
+9 * 2 0 0 0 0 0 0 0 0 2
+6 * 2
+7 * 2
+3 * 2 2
+1 * 2 2
+2 * 2 2
+2 * 2 2
+2 * 2 2
+2 * 2 2
+1 * 2 2

fl=(229) /usr/src/debug/glibc/glibc/elf/libc-dl-profstub.c
fn=(784) _dl_mcount_wrapper_check
0x16a450 40 128 0 0 1 0 0 1
+4 +1 128 128
+7 * 128 128
+8 * 128 0 0 0 0 0 0 0 0 128 2
+37 +1 128 128

fl=(353) /usr/src/debug/glibc/glibc/stdlib/../sysdeps/x86_64/rshift.S
fn=(1530) __mpn_rshift
0x55770 28 8755 0 0 1 0 0 1
+4 +1 8755
+2 +1 8755
+3 +1 8755 0 0 0 0 0 0 0 0 8755 6
+36 +13 8755 0 0 1 0 0 1
+3 +1 8755 0 0 0 0 0 0 0 0 8755 8
+42 +16 8755 0 0 1 0 0 1 0 0 8755
+2 +1 8755 8755
+3 +1 8755 8755
+4 +1 8755
+2 +1 8755
+4 +1 8755
+4 +1 8755 0 0 0 0 0 0 0 0 8755 6
+16 +5 8755
+4 +1 8755 0 8755
+3 +1 8755
+3 +1 8755 0 8755
+4 +1 8755 8755

fl=(271) /usr/src/debug/glibc/glibc/setjmp/../sysdeps/x86_64/setjmp.S
fn=(996) __sigsetjmp
0x3e070 31 1 0 0 1 0 0 1
+4 +2 1 0 1
+3 +9 1
+3 +1 1 1 0 1 0 0 1
+9 * 1
+4 +1 1 0 1
+4 +4 1 0 1
+4 +1 1 0 1
+4 +1 1 0 1
+4 +1 1 0 1
+4 +1 1
+5 +2 1 1
+9 * 1
+4 +2 1 0 1
+4 +1 1 1
+4 +1 1
+1 +2 1 1
+9 * 1 0 0 1 0 0 1
+4 +2 1 0 1
+4 +5 1 1 0 0 1
+12 +1 1 0 0 0 0 0 0 0 0 1 1
+11 +17 1
cfi=(272) /usr/src/debug/glibc/glibc/setjmp/sigjmp.c
cfn=(998) __sigjmp_save
calls=1 +18 -57 
* * 6 1 1 0 0 0 0 0 0 1

fl=(350)
fn=(1522)
0x5dba0 1099 8128 0 0 1 0 0 1
+4 * 8128 0 8128
+1 * 8128
+3 * 8128 0 8128
+2 * 8128 0 8128
+2 * 8128
+3 * 8128 0 8128
+2 * 8128
+3 * 8128 0 8128
+2 * 8128 0 8128
+1 * 8128
+7 * 8128 0 8128 1 0 1 1
+7 +3 8128 8128
+5 -3 8128 8128
+9 * 8128 0 8128
+4 * 8128
+3 +3 8128
+4 * 8128 0 0 0 0 0 0 0 0 8128 1
+41 +13 8128 0 0 1 0 0 1
+3 * 8128 0 8128
+7 * 8128 0 8128
cob=(4)
cfi=(191)
cfn=(792)
calls=8128 0x4c72240 0 
* * 130048 24384 0 1 1 0 0 1 0 16256 0 8128
+5 * 8128 8128
+3 * 8128 0 8128
+6 +1 8128 8128 0 0 1
+4 * 8128 0 0 0 0 0 0 0 0 8128
+2 * 8128
+2 * 8128 8128
+7 * 8128 0 0 0 0 0 0 0 0 8128 2
0x5dcce +31 8128 8128
+4 * 8128 8128
+9 * 8128 0 0 0 0 0 0 0 0 8128
+6 * 8128
+7 * 8128 8128
+1 * 8128 8128
+2 * 8128 8128
+2 * 8128 8128
+2 * 8128 8128
+2 * 8128 8128
+1 * 8128 8128
fi=(351) /usr/src/debug/glibc/glibc/stdio-common/../include/../locale/localeinfo.h
+6 330 8128 8128 0 1 1 0 1
+4 * 8128 8128 0 0 1
fe=(350)
+4 1111 8128 0 8128 1 0 1 1
fi=(351)
+7 330 8128 8128
fe=(350)
+4 1112 8128 0 8128
+7 * 8128
+30 +5 8128
+4 * 8128 0 0 0 0 0 0 0 0 8128 2
+52 +5 8128 8128 0 1 0 0 1
+3 * 8128 8128
+3 * 8128
+3 * 8128
+3 * 8128 8128
+7 * 8128
+3 * 8128 0 8128 1 0 0 1
cfn=(1526) __printf_fp_buffer_1.isra.0
calls=8128 0x5b750 138 
* * 15650843 3523577 2143207 87 13 10 84 8 0 2581669 61297 8128 1
+5 +4 8128

fn=(1526)
0x5b750 138 8128 0 8128 1 0 0 1
+1 * 8128
+3 * 8128 0 8128
+2 * 8128 0 8128
+2 * 8128 0 8128 0 0 1
+2 * 8128 0 8128
+2 * 8128 0 8128
+1 * 8128
+3 * 8128
+7 * 8128 0 8128 0 0 1
+7 * 8128 0 8128 0 0 1
+6 * 8128 0 8128
+6 * 8128 0 8128 1 0 0 1
+7 * 8128 8128
+9 * 8128 0 8128
+4 * 8128
+2 +21 8128 8128
+5 +18 8128 0 8128 0 0 1
+10 +10 8128 0 8128
+10 -28 8128
+2 * 8128
+3 * 8128
+3 * 8128
+2 * 8128
+3 * 8128
+3 * 8128 0 8128
+6 +62 8128 0 0 1 0 0 1
+2 * 8128 0 0 0 0 0 0 0 0 8128 2
0x5b8d0 +5 8128 8128 0 1 0 0 1
+7 * 8128 8128
+4 * 8128
+3 * 8128 0 0 0 0 0 0 0 0 8128 2
+66 +4 8128 8128 0 1 0 0 1
+5 * 8128
+4 * 8128 0 0 0 0 0 0 0 0 8128
+6 * 8128
+4 * 8128 8128 0 0 1 0 0 1
+8 * 8128 8128 0 1 1 0 1 1
+8 * 8128 0 0 0 0 0 0 0 0 8128 2
0x5b9c0 1030 8128 8128 0 1 0 0 1
+4 * 8128 8128
+9 * 8128 0 0 0 0 0 0 0 0 8128
+6 * 8128
+4 * 8128 8128
+1 * 8128 8128
+2 * 8128 8128
+2 * 8128 8128
+2 * 8128 8128
+2 * 8128 8128
+1 * 8128 8128
+60 266 8128 8128 0 1 0 0 1
+6 +5 8128
+3 -49 8128 0 8128
+7 +44 8128
+2 * 8128
+2 * 8128
+3 * 8128
+3 +1 8128
+3 +1 8128
+3 * 8128
+2 +3 8128 0 0 1 0 0 1
+8 * 8128
+3 * 8128
+7 * 8128
+3 * 8128
+3 * 8128 0 0 0 0 0 0 0 0 8128 2
+23 * 8128
+3 * 8128
+6 * 8128
+3 * 8128
+3 * 8128 0 0 0 0 0 0 0 0 8128
+2 * 8128 0 8128 1 0 0 1
+6 +1 8128
+3 -1 8128
+5 +1 8128
+3 * 8128
+7 -1 8128
+4 +1 8128
+3 -1 8128 0 8128
+7 +1 8128
+3 * 8128 0 0 0 0 0 0 0 0 8128 1
+23 * 8128 0 0 1 0 0 1
+3 * 8128
+6 * 8128
+3 * 8128
+3 * 8128 0 0 0 0 0 0 0 0 8128
+2 * 8128 0 8128
+6 * 8128
+5 +1 8128
+3 -1 8128
+4 +1 8128
+7 -1 8128 0 8128
+4 +1 8128
+3 * 8128
+3 * 8128
+3 * 8128 0 0 0 0 0 0 0 0 8128 3
+23 * 8128 0 0 1 0 0 1
+5 * 8128
+3 * 8128
+3 * 8128 0 0 0 0 0 0 0 0 8128
+2 * 8128 0 8128 0 0 1
+6 * 8128
+5 +6 8128 0 8128
+8 -6 8128
+4 * 8128 0 8128
+4 +7 8128
+3 * 8128 0 0 0 0 0 0 0 0 8128 2
0x5be40 665 8128 8128 0 1 0 0 1
+7 +9 8128 8128
+7 -9 8128 8128
+3 +9 8128 8128
+4 +6 8128 8128
+2 -15 8128 0 8128
+6 +9 8128 8128
+4 * 8128
+3 +6 8128 0 8128
+6 -6 8128 8128 0 0 1 0 0 1
+3 * 8128 0 8128
+6 +2 8128
+3 * 8128 0 0 0 0 0 0 0 0 8128 2761
+6 +16 8128 8128 0 1 0 0 1
+6 -6 8128 8128
+7 * 8128 0 0 0 0 0 0 0 0 8128
+6 +20 8128 8128
+6 * 8128
+5 * 8128
+2 * 8128
+3 * 8128
+5 * 8128
+3 -12 8128 8128
+6 +12 8128 0 8128
+6 +1 8128
+2 * 8128 0 0 0 0 0 0 0 0 8128 1
+6 +1 8128
+3 * 8128 0 0 1 0 0 1 0 0 8128 4
+6 +13 8124 0 8124
+10 * 8124 8124
+6 * 8124 0 8124
+6 +7 8124 8124
+7 +3 8124
+3 * 8124 8124
+7 -11 8124 0 8124
+10 +8 8124
+4 +3 8124 8124
+4 -3 8124 0 8124 1 0 0 1
+7 +10 8124 8124
+7 * 8124
+3 -7 8124
+4 * 8124 0 8124
+6 +7 8124 8124
+7 * 8124 0 0 0 0 0 0 0 0 8124 2
+6 +8 8128 8128
+7 * 8128
fi=(355) /usr/src/debug/glibc/glibc/stdio-common/../sysdeps/pthread/allocalim.h
+4 27 8128
fe=(350)
+3 746 8128 0 8128
fi=(355)
+7 27 8128 0 8128
cfi=(354) /usr/src/debug/glibc/glibc/nptl/alloca_cutoff.c
cfn=(1532) __libc_alloca_cutoff
calls=8128 0x93090 * 
* * 81280 16256 0 1 1 0 1 0 0 8128
+5 +2 8128 0 0 1 0 0 1
+2 * 8128 0 0 0 0 0 0 0 0 8128 6
fe=(350)
+15 759 8128 8128
+7 * 8128
+3 -67 8128 8128
+6 +67 8128
+4 * 8128
+3 * 8128
+7 * 8128
+3 * 8128
+3 * 8128 0 0 0 0 0 0 0 0 8128 4
+23 * 8128 0 0 1 0 0 1
+5 * 8128
+3 * 8128
+3 * 8128 0 0 0 0 0 0 0 0 8128
+2 * 8128 0 8128
fi=(355)
+6 29 8128 0 8128
fe=(350)
+10 759 8128
+5 * 8128
+4 * 8128 0 8128
+7 +1 8128 8128
+7 * 8128 0 0 1 0 0 1
+4 * 8128 0 8128
+7 +3 8128
+2 * 8128 0 0 0 0 0 0 0 0 8128 4
+6 * 8128 8128
+7 * 8128 0 0 0 0 0 0 0 0 8128 2
+6 +2 4 4
+7 * 4 0 0 0 0 0 0 0 0 4
+6 +4 4
+7 * 4
+3 * 4 0 4
+7 * 4 0 4 1 0 0 1
cfn=(1536) hack_digit
calls=4 0x5b600 91 
* * 204 52 28 0 0 0 0 0 0 28 2
+5 * 4 4
+7 * 4 0 4
+10 * 4 0 4
+3 -3 4 4
+6 * 4 4
+7 * 4
+3 * 4
+5 +7 4 4
+7 * 4 4
+4 * 4 0 0 0 0 0 0 0 0 4
+2 * 4 4
+7 * 4
+3 * 4 0 0 0 0 0 0 0 0 4 2
+6 +2 4 4
+7 * 4
+4 -4 4
+6 +4 4 0 4
+3 +13 4 0 4
+10 * 4 4
+7 -1 4
+3 +2 4
+3 +1 4
+3 * 4 0 0 0 0 0 0 0 0 4
-26 -2 8124 0 8124 1 0 0 1
+10 * 8124 8124
+7 -1 8124
+3 +2 8124
+3 +1 8124
+3 * 8124 0 0 0 0 0 0 0 0 8124
-6 -1 6777
+3 +1 6777
+3 * 6777 0 0 0 0 0 0 0 0 6777
+2 * 144949 144949
+7 * 144949 0 0 1 0 0 1 0 0 144949 8152
+6 * 136821 136821
+8 * 136821 0 0 0 0 0 0 0 0 136821
+6 +3 136821 136821
+7 -1 136821
+4 +2 136821
+4 -1 136821 0 136821
cfn=(1536)
calls=136821 0x5b600 91 
* * 7500249 1847664 1047069 4 0 0 3 0 0 1060623 8628
+5 * 136821 0 136821
+4 +3 136821
+2 * 136821 0 0 0 0 0 0 0 0 136821 13463
+2 * 19100
+3 * 19100 0 0 0 0 0 0 0 0 19100 1
+6 -1 130044
+6 -6 130044
+3 +1 130044
+3 * 130044 0 0 0 0 0 0 0 0 130044 6
+44 230 8128 0 0 1 0 0 1
+4 * 8128
+7 * 8128
+5 * 8128 0 0 1 0 0 1
+7 * 8128
+3 * 8128 0 8128 0 0 1
cfi=(352) /usr/src/debug/glibc/glibc/stdlib/../sysdeps/ieee754/dbl-64/dbl2mpn.c
cfn=(1528) __mpn_extract_double
calls=8128 0x55a20 33 
* * 170688 8128 32512 3 0 1 3 0 0 8128 2
+5 * 8128
+3 * 8128
+3 * 8128
+4 * 8128
+4 +4 8128
0x5c299 805 8128 8128 0 1 0 0 1
+5 * 8128 8128
+7 * 8128 0 0 0 0 0 0 0 0 8128 4
+7 +1 8128 8128
+7 * 8128 0 8128
+6 * 8128 0 8128
cfn=(1536)
calls=8128 0x5b600 91 
* * 463272 113788 65020 0 0 0 0 0 0 65020 18
+5 +2 8128 8128 0 1 0 0 1
+6 * 8128
+2 -2 8128
+2 +2 8128
+4 * 8128
+2 * 8128
+3 * 8128
+3 * 8128 0 0 0 0 0 0 0 0 8128 1964
+2 +2 1666 1666
+7 * 1666
+4 * 1666 0 0 0 0 0 0 0 0 1666
+6 +3 1666 1666
+5 * 1666 0 0 0 0 0 0 0 0 1666
+6 +5 1666 1666
+7 * 1666
+7 * 1819
+4 * 1819 1819
+5 * 1819 0 0 0 0 0 0 0 0 1819 169
+6 * 1819
+3 * 1819 0 0 0 0 0 0 0 0 1819 3
fi=(356) /usr/src/debug/glibc/glibc/stdio-common/../sysdeps/generic/get-rounding-mode.h
+14 94 8128 0 8128 1 0 0 1
+6 +1 8128 8128
+7 * 8128
+4 * 8128
+4 * 8128 0 0 0 0 0 0 0 0 8128 2
+6 * 8128 0 0 1 0 0 1 0 0 8128 2
+6 * 8128
+3 * 8128 0 0 0 0 0 0 0 0 8128 6
fi=(357) /usr/src/debug/glibc/glibc/stdio-common/../include/rounding-mode.h
+27 -37 2075
+3 * 2075 0 0 0 0 0 0 0 0 2075 4
fe=(350)
+6 935 4053 4053
+6 -11 4053
+3 * 4053 0 0 0 0 0 0 0 0 4053 4
+15 +3 895
+4 -1 895
+4 -2 895
+3 * 895 0 0 0 0 0 0 0 0 895 474
+2 * 9023 9023 0 1 0 0 1
+5 * 9023 0 0 0 0 0 0 0 0 9023 545
+2 +7 8128
+3 * 8128 0 0 0 0 0 0 0 0 8128 14
+34 +4 8128
+3 * 8128 0 0 1 0 0 1 0 0 8128 16
+6 +2 4 4
+7 * 4
+3 * 4 0 0 0 0 0 0 0 0 4 2
+6 +19 4 0 4
+3 +1 4 4
+7 * 4
+2 * 4
+3 * 4
+3 * 4 0 4
+4 +4 4 4
+6 * 4
+3 * 4 0 0 0 0 0 0 0 0 4 2
0x5c470 +14 4
+3 * 4
+4 * 4 0 4
+2 +5 4 4
+7 * 4 4
+4 * 4 4
+7 * 4 0 0 0 0 0 0 0 0 4 2
-18 * 8124 8124 0 1 0 0 1
+7 * 8124 8124 0 1 0 0 1
+4 * 8124 8124
+7 * 8124 0 0 0 0 0 0 0 0 8124 206
+10 +3 8128 0 8128
+10 * 8128
+2 +4 8128 8128
+6 +9 8128
+2 -5 8128
+3 -3 8128 8128
+7 +3 8128 8128
+7 +5 8128
+3 -9 8128
+2 * 8128 0 0 1 0 0 1 0 0 8128 4082
+6 +1 4052
+4 +6 4052
+3 * 4052
+3 * 4052
+2 * 4052 0 4052
+6 +2 4052
+2 * 4052 0 0 0 0 0 0 0 0 4052
+2 * 4052 4052
+7 * 4052 4052
+3 * 4052
+3 * 4052 0 0 0 0 0 0 0 0 4052
fi=(358) /usr/src/debug/glibc/glibc/stdio-common/../include/printf_buffer.h
+2 163 4052
+2 * 4052 0 0 0 0 0 0 0 0 4052 1
+6 -15 4052 4052
+4 * 4052 4052
+4 * 4052 0 0 0 0 0 0 0 0 4052
+6 +1 4052
+4 * 4052 0 4052
+4 * 4052 0 4052
fe=(350)
+3 1006 4052 4052
+7 * 4052 4052
+4 * 4052
+3 * 4052 0 0 0 0 0 0 0 0 4052
-3 * 4076 0 0 1 0 0 1
+3 * 4076 0 0 0 0 0 0 0 0 4076
fi=(358)
+2 163 8128 8128
+7 * 8128 8128
+4 * 8128 0 0 0 0 0 0 0 0 8128 4
fe=(350)
+16 1009 8128 8128
+6 * 8128
+2 * 8128 0 0 1 0 0 1 0 0 8128 4
0x5c602 +13 8128 8128 0 1 0 0 1
+7 * 8128
+3 * 8128
+3 * 8128 0 8128
cfi=(349)
cfn=(1520)
calls=8128 0x5b530 27 
* * 398274 113792 73152 1 1 0 1 0 0 48769 15 8128 1
+5 +2 8128 8128
+7 * 8128 8128
+4 * 8128 0 0 0 0 0 0 0 0 8128 3
+26 +4 8128 8128
+7 * 8128 0 0 0 0 0 0 0 0 8128 3
+32 799 6777 6777 0 1 0 0 1
+6 * 6777 6777
+6 -1 6777 0 6777
+7 * 6777
+3 * 6777
+2 * 6777
+3 * 6777 0 6777
+6 * 6777
+2 * 6777
+2 * 6777
+4 * 6777
+5 483 8128 0 0 1 0 0 1
+2 * 8128 0 0 0 0 0 0 0 0 8128 2
0x5c708 987 4076 0 0 1 0 0 1
+3 * 4076 0 0 0 0 0 0 0 0 4076 253
+28 +9 4076 4076
+7 * 4076 4076
+3 * 4076
+3 * 4076 0 0 0 0 0 0 0 0 4076 1
fi=(358)
+2 163 4076
+2 * 4076 0 0 0 0 0 0 0 0 4076
+6 * 4076
fe=(350)
+2 1001 4076 0 0 1 0 0 1
+3 * 4076 0 0 0 0 0 0 0 0 4076
+6 +2 4076
+3 * 4076 0 0 0 0 0 0 0 0 4076 2
fi=(357)
+52 52 8128 0 0 1 0 0 1
+3 * 8128 0 0 0 0 0 0 0 0 8128 4129
+6 * 4075
+4 * 4075 0 0 0 0 0 0 0 0 4075 1999
fe=(350)
+6 830 4075
+3 * 4075 0 0 0 0 0 0 0 0 4075
+6 +5 4075 4075
+5 * 4075 4075
+6 * 4075
+4 * 4075
+3 * 4075
+2 * 4075 0 0 0 0 0 0 0 0 4075
+6 * 4075
+3 * 4075 0 0 0 0 0 0 0 0 4075 479
+2 * 3669
+5 * 442
+3 * 442 0 0 0 0 0 0 0 0 442 48
+2 +2 442 0 442
+3 -2 442
+3 * 442 442
+4 * 442
+4 * 442
+2 * 442 0 0 0 0 0 0 0 0 442 6
+2 +3 406
+3 * 406
+2 +2 406 406
+6 * 406 406
+6 * 406
+4 * 406
+2 * 406
+2 * 406
+4 * 406
+2 * 406
+2 +2 406 406
+6 * 406 0 0 0 0 0 0 0 0 406
-34 -2 3669 3669 0 1 0 0 1
+6 * 3669 3669
+6 * 3669
+4 * 3669
+2 * 3669
+2 * 3669
+4 * 3669
+2 * 3669
+2 +2 3669 3669
+6 * 3669 0 0 1 0 0 1 0 0 3669
+6 +2 4075
+3 * 4075 0 4075
+2 +80 4075 4075
+6 * 4075
+2 -69 4075 4075
+6 * 4075 0 0 0 0 0 0 0 0 4075
+6 +80 4075 4075
+6 -11 4075
+3 * 4075 0 0 0 0 0 0 0 0 4075 10
0x5c94c +42 4 0 4
+5 * 4
+4 +9 4 4
+6 * 4
+29 809 1666 0 0 1 0 0 1
+5 * 1666 0 0 1 0 0 1
0x5ca40 -78 4 0 4 1 0 0 1
+10 -20 4
+3 +20 4
+3 -20 4 0 4
+6 +3 4 4
+6 * 4
+3 +2 4
+3 -2 4 0 4
+6 +2 4
+4 * 4 0 4
+7 +15 4 4
+7 * 4 4
+4 * 4 0 0 1 0 0 1
+4 * 4 0 4
+6 * 4
0x5cbdb +43 4 4 0 1 0 0 1
+7 * 4
+3 * 4 0 0 0 0 0 0 0 0 4
+2 * 4 4
+8 * 4 0 0 0 0 0 0 0 0 4
0x5cc63 +7 8124 8124 0 1 0 0 1
+7 +2 8124 8124
+7 669 8124 0 8124
+10 781 8124 0 8124
+4 +2 8124 0 0 1 0 0 1
+4 -1 8124 0 8124
+7 +1 8124 0 8124
+4 * 8124
+7 * 8124 0 8124
+7 * 8124
0x5cd16 499 8128 0 0 1 0 0 1
+3 * 8128
+3 * 8128 0 8128 0 0 1
cfi=(325)
cfn=(1310)
calls=8128 0x54580 28 
* * 130048 16256 8128 0 0 0 0 0 0 24384 3
+5 +1 8128 8128
+7 * 8128 8128
+7 * 8128
+4 * 8128 0 8128
+7 * 8128 0 8128
+4 +1 8128 0 0 1 0 0 1
+4 * 8128 0 0 0 0 0 0 0 0 8128 2
+31 +2 8128 0 8128
+10 +1 8128 8128
+6 * 8128
+2 +7 8128 8128 0 0 1 0 0 1
+6 -7 8128 0 8128
+6 +7 8128 0 0 1 0 0 1 0 0 8128 2
+33 +7 6928 6928
+4 +1 6928 6928
+4 * 6928
+7 -1 6928 6928
+7 +2 6928 6928 0 0 1
+4 -2 6928
+4 * 6928 0 0 1 0 0 1
+3 * 6928 0 0 0 0 0 0 0 0 6928 6
+22 +9 6928 6928
+4 * 6928 6928
+7 +4 6928 6928
+4 -4 6928
+3 * 6928
+4 * 6928
+4 +4 6928
+5 -4 6928 0 6928
+4 +4 6928 6928
+3 * 6928
+3 * 6928 0 0 1 0 0 1 0 0 6928
+6 * 6928
+4 * 6928
+4 * 6928
+3 +1 6928
+3 * 6928
+3 +1 6928
+2 * 6928
+3 * 6928
+4 * 6928
+3 +2 6928 6928
+4 * 6928 0 0 0 0 0 0 0 0 6928
+6 +5 6928 6928
+6 * 6928
+3 * 6928
+2 * 6928
+3 * 6928 0 0 0 0 0 0 0 0 6928 2135
+6 +22 5149
+3 * 5149
+3 * 5149 0 0 0 0 0 0 0 0 5149 29
+6 +61 6928
+4 * 6928 0 0 0 0 0 0 0 0 6928 137
+6 * 8287 0 0 1 0 0 1
+2 * 8287 0 0 0 0 0 0 0 0 8287 5
+6 -2 8205
+3 509 8205
+4 621 8205
+4 511 8205 8205 0 0 1 0 0 1
+4 * 8205 0 0 0 0 0 0 0 0 8205 4
+2 623 41917
+4 * 41917 0 0 0 0 0 0 0 0 41917 1275
+6 -2 40640
+4 509 40640 0 0 1 0 0 1
+4 +2 40640 40640 0 0 1 0 0 1
+3 * 40640 0 0 0 0 0 0 0 0 40640 159
+2 623 40481
+3 * 40481 0 0 0 0 0 0 0 0 40481
+6 509 40481
+3 * 40481
+4 621 40481
+4 511 40481 40481 0 0 2 0 0 1
+4 * 40481 0 0 0 0 0 0 0 0 40481 6700
+2 * 6696
+4 * 6696
+11 * 6696 6696
+7 * 6696
-7 * 73 73
+7 * 73
+25 +14 6928 0 0 1 0 0 1
+5 -1 6928
+3 * 6928
+3 * 6928
+3 * 6928 0 6928
cfi=(323)
cfn=(1304)
calls=6928 0x54700 48 
* * 512672 110848 90064 3 2 2 1 1 0 55424 16
+5 * 6928
+13 * 159 159
+7 +97 159
+3 * 159
+6 -79 1779 0 0 1 0 0 1
+4 * 1779 0 0 0 0 0 0 0 0 1779
+6 +4 1779
+5 * 1779
+5 -2 1779 0 1779
+8 +2 1779
+3 * 1779
+3 +16 1779
+3 -16 1779 0 1779
+4 +16 1779
+3 * 1779 0 0 0 0 0 0 0 0 1779
+6 +2 1779 1779
+3 * 1779 0 0 0 0 0 0 0 0 1779 897
+2 +1 907 0 0 0 0 0 0 0 0 907 24
+2 +58 907
+2 * 907
+5 -57 24 24
+4 * 24 24
+5 * 24 0 0 0 0 0 0 0 0 24 1
+2 +4 872
+3 +1 872
+5 * 872
+3 -1 872 0 872
+6 +1 872
+2 * 872
+3 +5 872
+3 +3 872 872
+3 * 872
+3 * 872 0 0 0 0 0 0 0 0 872 2
-9 -3 3784 0 0 1 0 0 1
+3 +3 3784 3784
+3 * 3784
+3 * 3784 0 0 0 0 0 0 0 0 3784 1
-6 * 1338 1338
+3 * 1338
+3 * 1338 0 0 0 0 0 0 0 0 1338 2
+94 +34 5994 5994
+7 * 5994 0 5994
cfi=(353)
cfn=(1530)
calls=5994 0x55770 28 
* * 107892 17982 11988 3 0 0 3 0 0 23976 14
+5 +3 5994 5994
+4 * 5994
+3 * 5994 0 5994
+7 +7 5994 5994
+6 * 5994
+13 -52 5122 0 0 1 0 0 1
+5 * 5122
+3 -1 5122
+3 +1 5122 0 0 1 0 0 1
+2 -1 5122 0 5122
+6 +1 5122
+3 +4 5122
+2 * 5122 0 0 0 0 0 0 0 0 5122 1631
+6 * 3784
+5 +50 6769
+2 * 6769 0 0 0 0 0 0 0 0 6769 686
+6 +4 2761 2761
+7 * 2761 2761
+4 * 2761
+5 * 2761 2761
+7 * 2761 0 2761
cfi=(324)
cfn=(1306)
calls=2761 0x54ad0 31 
* * 91113 11044 8283 0 0 0 0 0 0 8283 8
+5 +1 2761 2761 0 1 0 0 1
+7 +1 2761 2761
+4 -1 2761 0 2761
+4 +1 2761
+3 * 2761 0 0 0 0 0 0 0 0 2761 7
+14 +3 2761 2761
+6 * 2761
+5 -1 2761 2761
+3 +3 2761 2761
+7 -2 2761
+2 * 2761
+3 -1 2761
+3 * 2761 0 0 0 0 0 0 0 0 2761 5
+6 * 2761 0 0 1 0 0 1
+5 +1 2761
+2 * 2761 0 0 0 0 0 0 0 0 2761 6
+54 +9 2761 2761
+4 * 2761 0 2761
+7 +2 2761 2761
+6 * 2761 0 0 0 0 0 0 0 0 2761
+6 -1 2761
+4 +3 2761 0 2761
+7 * 2761
-7 * 5367 0 5367 1 0 0 1
+7 * 5367
0x5d217 994 4076 0 0 1 0 0 1
+3 * 4076
+3 * 4076
+2 * 4076 0 4076
+6 +2 4076
+2 * 4076 0 0 0 0 0 0 0 0 4076
+6 * 4076
0x5d43a 511 8128 0 0 1 0 0 1
+6 * 8128 0 0 1 0 0 1
+7 * 8128
+3 * 8128
0x5d4da 937 4 4 0 1 0 0 1
+7 * 4 0 0 0 0 0 0 0 0 4 2
0x5d6ea 642 2761 0 0 1 0 0 1
+3 * 2761 0 2761
cfi=(353)
cfn=(1530)
calls=2761 0x55770 28 
* * 49698 8283 5522 0 0 0 0 0 0 11044 6
+5 +3 2761 2761
+7 * 2761
+19 834 3669
+2 * 3669
+34 580 5994 0 0 1 0 0 1
+4 * 5994 0 0 0 0 0 0 0 0 5994
+6 +10 5994
+5 -3 5994 0 0 1 0 0 1
+5 +3 5994
+3 * 5994
+2 * 5994 0 0 0 0 0 0 0 0 5994
+2 * 5994
+3 * 5994

fn=(1536)
0x5b600 91 144953 144953 0 1 0 0 1
+2 * 144953
+2 * 144953 0 0 0 0 0 0 0 0 144953
+2 * 144953 144953
+4 * 144953 0 0 0 0 0 0 0 0 144953 35
+6 -3 138176 0 138176
+1 * 138176
+3 * 138176 0 138176
+2 * 138176 0 138176
+1 * 138176
+3 * 138176
+4 +5 138176 138176
+4 +2 138176 138176
+4 * 138176 138176
+4 -2 138176
+3 * 138176 0 0 0 0 0 0 0 0 138176 16
0x5b6e0 +2 138176 0 0 1 0 0 1
+4 +1 138176
+5 * 138176
+3 -1 138176
+4 * 138176 138176
+3 +1 138176 0 138176
cfi=(324)
cfn=(1306)
calls=138176 0x54ad0 -65 
* * 2901696 414528 276352 1 0 0 0 0 0 552704 1
+5 * 138176 0 138176
+3 +31 138176
+4 +1 138176
+4 * 138176 138176
+1 * 138176
+3 * 138176 138176
+2 * 138176 138176
+1 * 138176 138176
+6 -37 144885 144885 0 1 0 0 1
+3 * 144885
+6 * 144885
+3 * 144885 0 144885
+3 * 144885
+2 * 144885 0 0 0 0 0 0 0 0 144885 8596
+6 +37 6777
+3 * 6777 6777

fl=(339) /usr/src/debug/glibc/glibc/io/../sysdeps/unix/sysv/linux/close_nocancel.c
fn=(1418) __close_nocancel
0x10e540 25 2 0 0 2 0 0 1
+4 +1 2
+5 * 2
+2 * 2
+6 * 2 0 0 0 0 0 0 0 0 2 2
+2 +1 2 2

fl=(134) /usr/src/debug/glibc/glibc/string/../sysdeps/x86_64/multiarch/strcasecmp_l.c
fn=(442) strcasecmp_l
0xac530 31 1
fi=(85) /usr/src/debug/glibc/glibc/string/../sysdeps/x86_64/multiarch/ifunc-strcasecmp.h
+4 +5 1 1
+7 +1 1 1 0 1 0 0 1
+6 * 1
+2 * 1
+6 * 1 0 0 0 0 0 0 0 0 1 1
fe=(134)
+43 -6 1
+3 * 1 1
fi=(85)
+9 +7 1 1 0 1 0 0 1
+6 * 1
+6 * 1 0 0 0 0 0 0 0 0 1
+2 +4 1 1
+6 * 1
+2 * 1
+6 * 1 0 0 0 0 0 0 0 0 1
+2 +3 1
+7 * 1 1
+7 * 1 0 0 0 0 0 0 0 0 1
+2 +3 1
+6 * 1
+7 * 1 0 0 0 0 0 0 0 0 1
+2 * 1
fe=(134)

fl=(136) /usr/src/debug/glibc/glibc/string/../sysdeps/x86_64/multiarch/strncpy.c
fn=(450) strncpy
0xaf000 29 2 0 0 1 0 0 1
fi=(122) /usr/src/debug/glibc/glibc/string/../sysdeps/x86_64/multiarch/ifunc-strncpy.h
+4 +6 2 2
+7 * 2
+7 * 2 2
+6 * 2
+3 * 2 0 0 0 0 0 0 0 0 2 1
+2 +1 2 2
+6 * 2
+3 * 2 0 0 0 0 0 0 0 0 2
+2 +4 2
+2 * 2
+2 * 2
+5 * 2 0 0 0 0 0 0 0 0 2
+2 +3 2
+7 * 2
+3 * 2 0 0 0 0 0 0 0 0 2
+2 +3 2 0 0 1 0 0 1
+3 * 2
+7 * 2
+7 * 2
+4 * 2 2
fe=(136)

fl=(368) /usr/src/debug/glibc/glibc/nptl/pthread_mutex_unlock.c
fn=(1618) pthread_mutex_unlock@@GLIBC_2.2.5
0x9bac0 367 1 0 0 1 0 0 1
+4 +1 1
+5 * 1
cfn=(1620) __pthread_mutex_unlock_usercnt
calls=1 0x9b9b0 48 
* * 35 8 5 4 0 0 4 0 0 9 5

fn=(1620)
0x9b9b0 48 1 0 0 1 0 0 1
+4 +3 1 1
+3 +1 1
+2 * 1 0 0 0 0 0 0 0 0 1
+2 -4 1 0 1
+1 * 1
+3 * 1 0 0 1 0 0 1
+4 +9 1
+5 * 1 0 0 0 0 0 0 0 0 1 1
+2 +5 1 0 1
+7 +1 1
+2 * 1 0 0 0 0 0 0 0 0 1 1
+2 -24 1 1
+3 +1 1
+6 * 1 0 0 0 0 0 0 0 0 1
+2 * 1 1
+7 * 1 0 0 0 0 0 0 0 0 1
+2 +1 1 0 1
+6 +29 1
+1 +2 1
+2 +32 1 1
+1 * 1 1
+29 -39 1 0 1
+4 * 1
+20 +9 1 0 0 1 0 0 1
+5 * 1 0 0 0 0 0 0 0 0 1 1
+17 +6 1 1 0 1 0 0 1
+3 * 1
+3 * 1
+3 * 1 0 0 0 0 0 0 0 0 1
+2 +4 1 1
+8 * 1 1
+3 * 1 0 0 0 0 0 0 0 0 1 1
+9 +3 1 0 1
+4 * 1 0 0 0 0 0 0 0 0 1 1

fl=(272)
fn=(998)
0x3e0f0 28 1
+4 +2 1
+2 * 1 0 0 0 0 0 0 0 0 1
+2 -1 1 0 1
+3 +5 1
+2 * 1 1

fl=(172) /usr/src/debug/glibc/glibc/string/../sysdeps/x86_64/multiarch/strstr.c
fn=(582) strstr
0xafc70 44 1 0 0 1 0 0 1
+4 * 1 1 0 0 1
+7 * 1 0 0 1 0 0 1
+7 * 1 1 0 0 1
+7 * 1
+7 * 1
+4 * 1 1

fl=(370)
fn=(1630)
0x40500 45 5 0 0 1 0 0 1
+4 * 5 0 5
+1 +3 5
+2 * 5
+5 -3 5
+3 * 5 0 5
+2 * 5 0 5
+2 * 5 0 5
+2 * 5 0 5
+2 * 5
+3 * 5 0 5
+1 * 5
+4 +3 5
+7 * 5 0 5
+6 * 5 0 0 0 0 0 0 0 0 5
+6 +3 5 5
+7 * 5
+3 * 5 0 0 0 0 0 0 0 0 5 2
+2 * 5
+2 +4 5 5 0 1 0 0 1
+4 * 5
+4 * 5
+4 * 5
+5 * 5
+3 * 5 0 0 0 0 0 0 0 0 5
+2 +1 8
+3 * 8 0 0 0 0 0 0 0 0 8 4
+55 -5 1 1
+3 * 1
+3 * 1 0 0 0 0 0 0 0 0 1
+2 +57 5 5 0 1 1 0 1
+7 * 5
+3 * 5 0 0 0 0 0 0 0 0 5
+2 * 5
+1 * 5
+11 +4 5 5 0 0 1
+4 * 5
+4 * 5
+4 * 5 0 0 1 0 0 1
+5 * 5
+3 * 5 0 0 0 0 0 0 0 0 5 1
+31 -4 5 5
+3 * 5
+3 * 5 0 0 0 0 0 0 0 0 5
+2 +11 5
+3 * 5 0 0 0 0 0 0 0 0 5
+2 +1 5
+3 * 5 0 5
cfi=(371) /usr/src/debug/glibc/glibc/posix/register-atfork.c
cfn=(1632) __unregister_atfork
calls=5 0x101600 -38 
* * 90 20 15 2 1 1 2 1 1 20 2
+5 +1 5
+2 * 5 5 5 0 0 0 0 0 0 5
+4 * 5 0 0 1 0 0 1
+3 * 5 0 0 0 0 0 0 0 0 5
+6 +1 5
+4 * 5 5
+1 * 5 5
+2 * 5 5
+2 * 5 5
+2 * 5 5
+2 * 5 5
+1 * 5 5
+11 -66 4 4
+4 * 4 0 0 0 0 0 0 0 0 4 3
+28 * 12 12 0 1 1 0 1
+4 * 12 0 0 0 0 0 0 0 0 12 4
+2 -1 8
+4 * 8
+3 * 8 0 0 0 0 0 0 0 0 8 1
+6 +1 8 8
+4 * 8 0 0 0 0 0 0 0 0 8
+2 -1 8
+4 * 8
+3 * 8 0 0 0 0 0 0 0 0 8 4
+2 -4 4 4
+3 * 4
+3 * 4 0 0 0 0 0 0 0 0 4
+6 * 4
+85 +7 4 4 0 1 0 0 1
+7 +2 4 4
+4 +36 4
+2 -5 4 0 4
+7 -33 4 0 4
+4 +35 4 4
+4 * 4
+4 * 4 4
+9 +3 4 4 4 0 0 0 0 0 0 4
+4 * 4
+3 * 4 0 0 0 0 0 0 0 0 4
+2 +1 4
+3 * 4
+2 * 4 0 4 0 0 0 0 0 0 0 0 4 4
cob=(7)
cfi=(204)
cfn=(1678)
calls=1 0xc7140 +26 
* * 1336 553 224 30 45 0 30 2 0 182 39 52 21
cob=(7)
cfi=(373)
cfn=(1676)
calls=1 0x1d5f00 631 
* * 7 2 0 1 1 0 1 1 0 2
cob=(7)
cfi=(250)
cfn=(1674)
calls=1 0xafad0 +91 
* * 6 2 1 1 0 0 1 0 0 0 0 1 1
cob=(7)
cfi=(250)
cfn=(1670)
calls=1 0xafa80 203 
* * 6 2 1 2 1 1 1 0 0 0 0 1 1
+2 +1 4
+2 * 4 0 0 1 0 0 1
+5 * 4 0 4
+6 * 4 0 0 0 0 0 0 0 0 4 1
+2 +4 4 4
+4 * 4 4
+7 * 4 0 0 0 0 0 0 0 0 4
+6 -47 4
+4 * 4
+3 * 4 0 0 0 0 0 0 0 0 4 2
+6 * 1

fl=(116) /usr/src/debug/glibc/glibc/wcsmbs/../sysdeps/x86_64/multiarch/wcschr.c
fn=(392) wcschr
0xc2920 31 2
fi=(117) /usr/src/debug/glibc/glibc/wcsmbs/../sysdeps/x86_64/multiarch/ifunc-avx2.h
+4 +7 2 2
+7 * 2
+7 * 2 2
+6 +2 2
+2 * 2
+2 * 2 0 0 1 0 0 1
+6 * 2 0 0 0 0 0 0 0 0 2
+6 +1 2 2
+7 * 2 0 0 0 0 0 0 0 0 2
+2 +1 2 2
+6 * 2
+6 * 2 0 0 0 0 0 0 0 0 2
+2 +4 2
+2 * 2
+2 * 2
+6 * 2 0 0 0 0 0 0 0 0 2
+2 +3 2
+7 * 2
+3 * 2 0 0 0 0 0 0 0 0 2
+2 +3 2
+6 * 2 0 0 1 0 0 1
+7 * 2
+7 * 2
+4 * 2 2
fe=(116)

fl=(88) /usr/src/debug/glibc/glibc/wcsmbs/../sysdeps/x86_64/multiarch/wcpncpy.c
fn=(320) wcpncpy
0xc2510 31 1 0 0 1 0 0 1
fi=(89) /usr/src/debug/glibc/glibc/wcsmbs/../sysdeps/x86_64/multiarch/ifunc-wcs.h
+4 +8 1 1
+7 * 1
+7 +1 1 1
+6 * 1
+2 * 1
+6 * 1 0 0 0 0 0 0 0 0 1 1
+16 +1 1 1 0 1 0 0 1
+6 * 1
+3 * 1 0 0 0 0 0 0 0 0 1
+2 +4 1
+6 * 1 0 0 0 0 0 0 0 0 1
+2 +3 1
+3 * 1
+7 * 1
+7 * 1
fe=(88)
+4 -17 1
+3 * 1 1

fl=(282)
fn=(1298)
0x16dd50 249 31094 0 0 1 0 0 1
+4 +1 31094
+3 +1 31094 0 0 0 0 0 0 0 0 31094
+6 * 31094
+2 * 31094
+11 * 31094
+11 * 31094
+11 +4 31094
+4 +1 31094
+3 +6 31094
+4 +1 31094 0 0 0 0 0 0 0 0 31094 6
+37 +42 31094
+3 +1 31094 0 0 0 0 0 0 0 0 31094
+2 +2 31094
+3 +1 31094 0 0 0 0 0 0 0 0 31094 5
+72 +55 31094 31094 0 1 1 0 1 1
+5 +1 31094 31094
+3 +1 31094 0 31094
+3 +1 31094 0 31094
+5 +1 31094 31094

fn=(1038)
0x16dd80 255 32776 0 0 1 0 0 1
+4 +1 32776
+3 +6 32776
+4 +1 32776 0 0 0 0 0 0 0 0 32776 16
+2 +2 276 276 0 0 4
+4 +1 276
+4 +1 276 0 0 0 0 0 0 0 0 276 134
+6 +3 2 2
+6 +1 2 0 2
+4 +1 2 0 2
+6 +3 2
+3 * 2 2
+2 +30 32500
+3 +1 32500 0 0 0 0 0 0 0 0 32500 8116
+2 +2 8136
+3 +1 8136 0 0 0 0 0 0 0 0 8136 5
+2 +2 8129
+3 +4 8129 0 0 0 0 0 0 0 0 8129 1
+2 +1 8128
+3 +1 8128 0 0 0 0 0 0 0 0 8128 2
+2 +1 8128 8128 0 0 1 0 0 1
+2 +1 8128 0 0 0 0 0 0 0 0 8128
+12 +4 8128 0 8128 0 0 4
+2 +2 8128 8128
+1 +6 1 1 0 1
+4 +1 1 1
+2 +1 1 0 1
+4 +1 1 0 1
+2 +1 1 1
+1 +7 24364 24364 0 1 0 0 1
+4 +1 24364 24364
+6 +1 24364 0 24364 0 0 104
+4 +1 24364 0 24364 0 0 19
+6 +2 24364 24364
+10 +17 7 7
+5 +1 7 7
+3 +1 7 0 7
+3 +1 7 0 7
+5 +1 7 7
+1 +7 1 1
+6 +1 1 1
+6 +1 1 0 1
+4 +1 1 0 1 0 0 1
+5 +1 1 0 1
+6 +1 1 0 1
+6 +1 1
+3 * 1 1
+11 +5 274 274 0 1 9 0 1
+7 +1 274 0 0 0 0 0 0 0 0 274 3
+6 +5 271
+7 +1 271 0 0 0 0 0 0 0 0 271 9
+2 +2 6 6
+5 +1 6
+7 +1 6 0 0 0 0 0 0 0 0 6 1
+2 +2 5 5
+5 +1 5 5
+5 +1 5 5
+6 +1 5 5
+6 +1 5 5
+6 +1 5 5
+6 +1 5 0 5
+4 +1 5 0 5 0 0 1 0 0 1
+5 +1 5 0 5
+5 +1 5 0 5 0 0 1 0 0 1
+5 +1 5 0 5
+6 +1 5 0 5 0 0 1 0 0 1
+6 +1 5 0 5
+6 +1 5 0 5
+6 +1 5
+3 * 5 5
+1 +4 265 0 0 1 0 0 1
+3 +1 265
+3 +4 265
+3 +2 265 0 0 1 0 0 1 0 0 265
+6 +4 265 265 0 0 6
+7 +1 265 0 0 0 0 0 0 0 0 265
+6 +11 265
+4 +3 265
+3 +2 265
+4 +2 265
+6 +4 265
+3 +1 265 0 0 0 0 0 0 0 0 265 29
+6 +9 255 255
+6 +1 255 255
+6 +2 255
+3 +2 255
+4 +1 255 255 0 1 0 0 1
+6 +1 255 255
+6 +3 255
+3 +2 255
+3 +2 255
+3 +2 255
+5 * 255
+8 +6 255 255
+4 +1 255 255 0 0 2
+5 +1 255 255
+5 +1 255 255 0 0 2
+5 +1 255
+4 +1 255 0 255 0 0 3 0 0 3
+4 +1 255 0 255 0 0 4 0 0 4
+5 +1 255 0 255 1 0 1 1 0 1
+5 +1 255 0 255 0 0 4 0 0 4
+5 +1 255
+4 +1 255
+3 +1 255 0 0 0 0 0 0 0 0 255 6
-49 -11 998 998
+4 +1 998 998 0 0 16
+5 +1 998 998
+5 +1 998 998 0 0 15
+5 +1 998
+4 +1 998 0 998 0 0 2 0 0 2
+4 +1 998 0 998 0 0 28 0 0 28
+5 +1 998 0 998 0 0 2 0 0 2
+5 +1 998 0 998 0 0 28 0 0 28
+5 +1 998
+4 +1 998
+3 +1 998 0 0 0 0 0 0 0 0 998 19
+2 +2 255 0 255 0 0 4 0 0 4
+5 +1 255 0 255 0 0 1 0 0 1
+5 +1 255 0 255
+5 +1 255 0 255
+4 +2 255 0 255
+4 +4 255
+3 * 255 255
+8 +13 10 10 0 0 2
+5 +1 10 10
+5 +2 10 0 0 1 0 0 1
+8 +1 10 10 0 0 2
+5 +1 10 10
+6 +2 10
+3 +2 10
+4 +2 10
+3 * 10
+4 +6 10 10
+5 +1 10 10
+5 +1 10 10
+5 +1 10 10
+4 +1 10
+4 +1 10 0 10 0 0 1 0 0 1
+5 +1 10 0 10 2 0 1 1 0 1
+5 +1 10 0 10 0 0 1 0 0 1
+5 +1 10 0 10 0 0 1 0 0 1
+4 +1 10
+4 +1 10
+3 +1 10 0 0 0 0 0 0 0 0 10 2
-49 -11 124 124 0 0 60
+5 +1 124 124 0 0 28
+5 +1 124 124 0 0 60
+5 +1 124 124 0 0 28
+4 +1 124
+4 +1 124 0 124 0 0 30 0 0 30
+5 +1 124 0 124 0 0 62 0 0 62
+5 +1 124 0 124 0 0 30 0 0 30
+5 +1 124 0 124 0 0 62 0 0 62
+4 +1 124
+4 +1 124
+3 +1 124 0 0 0 0 0 0 0 0 124 7
+2 +2 10 0 10 0 0 1 0 0 1
+4 +1 10 0 10 0 0 1 0 0 1
+5 +1 10 0 10
+5 +1 10 0 10
+5 +2 10 0 10
+6 +1 10
+3 * 10 10
+17 +9 3 3 0 1 1 0 1
+5 +7 3
+6 +1 3 0 0 0 0 0 0 0 0 3
+2 +6 3
+3 +3 3
+5 +2 3
+4 +3 3
+5 +1 3
+3 +2 3
+3 +2 3 3 3 0 1 2 0 0 2 3 2
* * 114048 114045 114045 0 1778 1758 0 0 765 114048 10
+2 +2 3 0 3 0 0 2
+5 +2 3 0 3 0 0 1
+6 +2 3
+3 * 3 3 0 0 2
+12 +5 3 0 0 1 0 0 1
+3 +1 3
+3 +4 3
+3 +2 3 0 0 0 0 0 0 0 0 3
+6 +3 3
+3 +4 3 3 0 0 3
+7 +1 3 0 0 0 0 0 0 0 0 3
+2 +4 3 3
+7 +4 3 0 0 0 0 0 0 0 0 3 3

fl=(119) /usr/src/debug/glibc/glibc/string/../sysdeps/x86_64/multiarch/strrchr.c
fn=(398) rindex
0xaf170 28 1
fi=(112)
+4 +10 1 1
+7 * 1 0 0 1 0 0 1
+7 * 1 1
+6 +2 1
+2 * 1
+2 * 1
+6 * 1 0 0 0 0 0 0 0 0 1 1
+6 +1 1 1
+7 * 1 0 0 0 0 0 0 0 0 1
+2 +1 1 1
+6 * 1
+6 * 1 0 0 0 0 0 0 0 0 1
+2 +4 1
+2 * 1
+2 * 1
+6 * 1 0 0 0 0 0 0 0 0 1
+2 +3 1 0 0 1 0 0 1
+7 * 1
+3 * 1 0 0 0 0 0 0 0 0 1
+2 +3 1
+6 * 1
+7 * 1
+7 * 1
+4 * 1 1
fe=(119)

fl=(349)
fn=(1520)
0x5b530 27 24384 0 0 1 0 0 1
+4 +1 24384 24384
+3 * 24384
+2 * 24384 0 0 0 0 0 0 0 0 24384
+6 -1 24384 0 24384
+1 * 24384 0 0 1 0 0 1
+3 * 24384 0 24384 0 0 1
+2 * 24384 0 24384
+2 * 24384 0 24384
+2 * 24384
+3 * 24384 0 24384
+1 +4 24384
+3 * 24384 0 0 0 0 0 0 0 0 24384 4
+2 * 8128
+3 * 8128
+3 +2 8128 8128
+4 * 8128
+4 +3 8128
fi=(392) /usr/src/debug/glibc/glibc/stdio-common/../string/bits/string_fortified.h
+3 -7 8128
fe=(349)
+3 +8 8128
+3 * 8128
fi=(392)
+4 -8 8128
fe=(349)
+3 +12 8128
fi=(392)
+3 -12 8128 8128 8128 0 1 0 0 0 0 0 0 8128 1
cfi=(282)
cfn=(1038)
calls=8128 0x16dd80 255 
* * 89410 24384 16256 0 0 0 0 0 0 16257 8
fe=(349)
+6 +11 8128 8128
+4 * 8128
+3 * 8128 0 8128
+4 -9 8128
+3 * 8128 0 0 0 0 0 0 0 0 8128 3
+2 +2 8128 8128 0 1 0 0 1
+4 * 8128
+3 * 8128 0 0 0 0 0 0 0 0 8128 4
+64 +11 24384 24384 0 1 0 0 1
+1 * 24384 24384
+2 * 24384 24384
+2 * 24384 24384
+2 * 24384 24384
+1 * 24384 24384

fl=(364)
fn=(1610) __run_exit_handlers
0x40ac0 45 1 0 0 1 0 0 1
+4 * 1 0 1
+1 * 1
+3 * 1 0 1
+2 * 1 0 1
+2 * 1
+3 * 1 0 1
+2 * 1
+3 * 1 0 1
+2 * 1 0 1
+1 * 1
+4 * 1 0 1
+3 +2 1 1
+9 * 1 1 0 0 1
+7 * 1 0 0 0 0 0 0 0 0 1 1
+2 * 1
+2 * 1
+5 * 1 0 1
+8 * 1 0 0 1 0 0 1 0 0 1
+6 * 1 0 1
+7 * 1 0 1
+7 +3 1
+2 * 1 0 0 0 0 0 0 0 0 1 1
+6 +3 1
+7 * 1
+2 * 1
+5 * 1 0 1 0 0 1
+4 * 1 0 0 0 0 0 0 0 0 1
+6 * 1
+2 * 1
+11 +11 1 1 0 1 1 0 1
+3 +2 1
+3 * 1 0 0 0 0 0 0 0 0 1
+6 +8 5 5
+4 * 5
+3 * 5 0 0 0 0 0 0 0 0 5 2
+6 +2 5
+4 +1 5 5
+7 -1 5 0 5
+4 +3 5
+4 * 5
+3 * 5 5 0 0 1
+4 * 5
+4 * 5 0 0 0 0 0 0 0 0 5
+6 * 5 0 0 1 0 0 1
+4 * 5 0 0 0 0 0 0 0 0 5 1
+6 * 4
+4 * 4 0 0 0 0 0 0 0 0 4 4
+61 +44 1 1 0 1 0 0 1
+7 * 1
+3 * 1 0 0 0 0 0 0 0 0 1
+6 -49 1 1
+4 * 1
+3 * 1 0 0 0 0 0 0 0 0 1
+6 +55 1 1
+3 * 1 0 1
+3 +1 1
+3 * 1 0 0 0 0 0 0 0 0 1 1
+34 +6 1 0 0 1 0 0 1
+2 -66 1 0 1
+7 +66 1 1 1 0 0 0 0 0 0 1
+2 * 1
+3 * 1 0 0 0 0 0 0 0 0 1
+6 +2 1 1
+4 * 1 0 0 0 0 0 0 0 0 1 1
+6 +3 1
+3 * 1 0 1
cfi=(380) /usr/src/debug/glibc/glibc/posix/../sysdeps/unix/sysv/linux/_exit.c
cfn=(1768) _Exit
calls=1 0xe50d0 27 
* * 5 1 0 1 0 0 1
+79 -29 1 1 0 1 0 0 1
+4 +1 1 1 0 0 1
+4 -2 1 0 1
+8 +3 1
+3 +3 1
+2 -3 1
+4 * 1 1
+9 +3 1 1 1 0 0 0 0 0 0 1
+2 * 1
+3 * 1 0 0 0 0 0 0 0 0 1
+2 +1 1
+3 * 1
+3 * 1 0 1 0 0 0 0 0 0 0 0 1 1
cob=(1)
cfi=(366) /usr/src/debug/glibc/glibc/elf/dl-fini.c
cfn=(1614) _dl_fini
calls=1 0x5f60 -92 
* * 3331 1096 543 117 127 15 83 4 2 566 142 77 46
+2 +1 1
+2 * 1
+5 * 1 0 1
+4 * 1 0 0 1 0 0 1 0 0 1
0x40d25 +20 1 0 1
cfi=(289) /usr/src/debug/glibc/glibc/libio/genops.c
cfn=(1762) _IO_cleanup
calls=1 0x912a0 882 
* * 397 140 76 25 5 0 25 1 0 81 30
+5 * 1
+5 -88 1 0 1 1 0 0 1
cfi=(365) /usr/src/debug/glibc/glibc/stdlib/cxa_thread_atexit_impl.c
cfn=(1612) __call_tls_dtors
calls=1 0x408b0 +97 
* * 13 6 3 3 1 0 3 0 0 1 1
+5 * 1

fn=(1608)
0x40d70 147 1 0 0 1 0 0 1
+4 * 1 0 1
+1 +1 1
+5 * 1
+5 * 1 0 0 1 0 0 1
+7 -1 1
+3 +1 1 0 1
cfn=(1610)
calls=1 0x40ac0 45 
* * 3892 1270 648 155 137 16 121 5 2 681 184 78 47

fl=(367) /usr/src/debug/glibc/glibc/nptl/pthread_mutex_lock.c
fn=(1616) pthread_mutex_lock@@GLIBC_2.2.5
0x99f60 77 1 0 0 1 0 0 1
+4 +3 1 1
+3 +2 1
+1 +2 1
+2 * 1
+3 * 1 0 0 0 0 0 0 0 0 1
+6 -7 1 0 1
+1 * 1
+3 * 1
+4 +11 1 0 0 1 0 0 1
+6 * 1 0 0 0 0 0 0 0 0 1 1
+74 +91 1 1 0 1 0 0 1
+8 +3 1 0 1
+3 +2 1 0 1
+4 +3 1
+1 -63 1
+2 +66 1 1
+1 * 1 1
+58 -93 1 0 0 1 0 0 1
+6 * 1 0 0 0 0 0 0 0 0 1
+2 +11 1 1
+3 * 1
+3 * 1
+3 * 1 0 0 0 0 0 0 0 0 1
+6 +4 1 1
+8 +3 1 1
+3 * 1 0 0 0 0 0 0 0 0 1 1
+65 -71 1 1 0 1 0 0 1
+3 +1 1 0 0 1 0 0 1
+6 * 1 0 0 0 0 0 0 0 0 1
+2 * 1 1
+7 * 1 0 0 0 0 0 0 0 0 1 1
+2 * 1 1
+2 * 1
+2 * 1 0 0 0 0 0 0 0 0 1
+2 +1 1 0 1
+6 +84 1 1
+3 * 1
+2 * 1 0 0 0 0 0 0 0 0 1
+6 +1 1 0 1
+7 * 1

fl=(187) /usr/src/debug/glibc/glibc/malloc/arena.c
fn=(630) __ptmalloc_init
0xa76d0 252 1 0 0 1 0 0 1
+4 * 1 0 1
fi=(393) /usr/src/debug/glibc/glibc/malloc/../sysdeps/unix/sysv/linux/not-cancel.h
+1 96 1
+5 * 1
+5 * 1
fe=(187)
+7 252 1
+3 * 1 0 1
+2 * 1 0 1
+1 * 1
fi=(393)
+4 96 1 1
+9 * 1 0 1
+4 * 1 0 0 1 0 0 1
+5 * 1
fi=(188)
+2 3155 1
+4 * 1 0 0 0 0 0 0 0 0 1 1
0xa7770 +13 1 0 0 1 0 0 1
+7 * 1
+6 * 1 0 0 0 0 0 0 0 0 1
+2 +1 1 0 1 1 0 0 1
cfi=(189) ???
cfn=(634) __popcountdi2
calls=1 0x190ad0 0 
* * 21 1 0 2 0 0 2
+6 +1 1
+3 * 1
+3 * 1 0 0 0 0 0 0 0 0 1
fe=(187)
+2 276 1 1
+7 * 1 0 0 0 0 0 0 0 0 1 1
+9 +4 1 1 0 0 1
+7 * 1
+7 * 1
+7 * 1 0 1
fi=(188)
+4 1957 1
+4 * 1
+6 +3 1 0 0 1 0 0 1
+5 -3 1
+4 +3 1
+4 * 1 0 1 0 0 1 0 0 1
+3 -3 1
+3 * 1 0 0 0 0 0 0 0 0 1 1
-19 +3 126
+5 -3 126
+4 +3 126
+4 * 126 0 126 0 0 32 0 0 31
+3 -3 126
+3 * 126 0 0 0 0 0 0 0 0 126 8
+2 +11 1 0 1
+7 +3 1
fe=(187)
+7 284 1
+7 * 1
fi=(188)
+5 1969 1 0 1 0 0 1 0 0 1
fe=(187)
+10 284 1
fi=(188)
+4 1971 1 0 1 1 0 0 1
fe=(187)
+7 284 1 1 1 0 0 0 0 0 0 0 0 1 1
cob=(1)
cfi=(11) /usr/src/debug/glibc/glibc/elf/dl-tunables.c
cfn=(28) __tunable_get_val
calls=1 0x14cf0 438 
* * 17 4 1 0 2 0 0 1 0 3 1
+6 +1 1
+7 * 1
+4 * 1
+5 * 1 1 1 0 0 0 0 0 0 0 0 1 1
cob=(1)
cfi=(11)
cfn=(28)
calls=1 0x14cf0 438 
* * 18 4 1 0 1 0 0 0 0 3 1
+6 +1 1
+7 * 1
+4 * 1
+5 * 1 1 1 0 0 0 0 0 0 0 0 1 1
cob=(1)
cfi=(11)
cfn=(28)
calls=1 0x14cf0 438 
* * 17 4 1 0 2 0 0 1 0 3 1
+6 +1 1
+7 * 1 0 0 1 0 0 1
+4 * 1
+5 * 1 1 1 0 0 0 0 0 0 0 0 1 1
cob=(1)
cfi=(11)
cfn=(28)
calls=1 0x14cf0 438 
* * 17 4 1 0 2 0 0 1 0 3
+6 +1 1
+7 * 1
+4 * 1
+5 * 1 1 1 0 0 0 0 0 0 0 0 1 1
cob=(1)
cfi=(11)
cfn=(28)
calls=1 0x14cf0 438 
* * 18 4 1 0 2 0 0 1 0 3 1
+6 +1 1
+7 * 1
+4 * 1
+5 * 1 1 1 0 0 0 0 0 0 0 0 1 1
cob=(1)
cfi=(11)
cfn=(28)
calls=1 0x14cf0 438 
* * 17 4 1 0 2 0 0 1 0 3 1
+6 +1 1
+7 * 1 0 0 1 0 0 1
+4 * 1
+5 * 1 1 1 0 0 0 0 0 0 0 0 1 1
cob=(1)
cfi=(11)
cfn=(28)
calls=1 0x14cf0 438 
* * 17 4 1 0 2 0 0 1 0 3
+6 +2 1
+7 * 1
+4 * 1
+5 * 1 1 1 0 0 0 0 0 0 0 0 1 1
cob=(1)
cfi=(11)
cfn=(28)
calls=1 0x14cf0 438 
* * 17 4 1 0 2 0 0 2 0 3
+6 +1 1
+7 * 1
+4 * 1
+5 * 1 1 1 0 0 0 0 0 0 0 0 1 1
cob=(1)
cfi=(11)
cfn=(28)
calls=1 0x14cf0 438 
* * 17 4 1 0 2 0 0 2 0 3
+6 +1 1 0 0 1 0 0 1
+7 * 1
+4 * 1
+5 * 1 1 1 0 0 0 0 0 0 0 0 1 1
cob=(1)
cfi=(11)
cfn=(28)
calls=1 0x14cf0 438 
* * 17 4 1 0 2 0 0 2 0 3
+6 +3 1
+7 * 1
+4 * 1
+5 * 1 1 1 0 0 0 0 0 0 0 0 1 1
cob=(1)
cfi=(11)
cfn=(28)
calls=1 0x14cf0 438 
* * 17 4 1 0 2 0 0 2 0 3
+6 +1 1
+7 * 1
+4 * 1
+5 * 1 1 1 0 0 0 0 0 0 0 0 1 1
cob=(1)
cfi=(11)
cfn=(28)
calls=1 0x14cf0 438 
* * 17 4 1 0 2 0 0 2 0 3
+6 +2 1 1 0 0 1 0 0 1
+7 * 1
+4 * 1
+6 * 1 0 0 0 0 0 0 0 0 1
+2 +10 1 1
+4 * 1 1
+9 * 1 0 0 0 0 0 0 0 0 1
+2 * 1
+4 * 1 1
+1 * 1 1
+2 * 1 1
+1 * 1 1
fi=(188)
+1 3168 1 1 0 1 1 0 1 1
+7 * 1
fe=(187)

fl=(84) /usr/src/debug/glibc/glibc/string/../sysdeps/x86_64/multiarch/strncase.c
fn=(312) strncasecmp
0xaedc0 31 1 0 0 1 0 0 1
fi=(85)
+4 +5 1 1
+7 +1 1 1 0 0 1
+6 * 1
+2 * 1
+6 * 1 0 0 0 0 0 0 0 0 1 1
fe=(84)
+43 -6 1
+3 * 1 1
fi=(85)
+9 +7 1 1 0 1 0 0 1
+6 * 1
+6 * 1 0 0 0 0 0 0 0 0 1
+2 +4 1 1
+6 * 1
+2 * 1
+6 * 1 0 0 0 0 0 0 0 0 1
+2 +3 1
+7 * 1 1
+7 * 1 0 0 0 0 0 0 0 0 1
+2 +3 1 0 0 1 0 0 1
+6 * 1
+7 * 1 0 0 0 0 0 0 0 0 1
+2 * 1
fe=(84)

fl=(111) /usr/src/debug/glibc/glibc/string/../sysdeps/x86_64/multiarch/strnlen.c
fn=(380) strnlen
0xaf0c0 31 2 0 0 1 0 0 1
fi=(112)
+4 +7 2 2
+7 * 2
+7 * 2 2
+6 +2 2
+2 * 2
+2 * 2
+6 * 2 0 0 0 0 0 0 0 0 2 1
+6 +1 2 2 0 0 1
+7 * 2 0 0 0 0 0 0 0 0 2
+2 +1 2 2
+6 * 2
+6 * 2 0 0 0 0 0 0 0 0 2 1
+2 +4 2 0 0 1 0 0 1
+2 * 2
+2 * 2
+6 * 2 0 0 0 0 0 0 0 0 2
+2 +3 2
+7 * 2
+3 * 2 0 0 0 0 0 0 0 0 2
+2 +3 2
+6 * 2
+7 * 2
+7 * 2
+4 * 2 2
fe=(111)

fl=(230) /usr/src/debug/glibc/glibc/iconv/gconv_simple.c
fn=(786) __gconv_btwoc_ascii
0x2a8c0 49 128 0 0 1 0 0 1
+4 +2 128
+4 * 128
+3 * 128
+5 * 128
+3 +3 128 128

fl=(255)
fn=(906)
0x44200 28 1 0 0 1 0 0 1
+4 +1 1 1
+7 * 1 1
+2 * 1
+2 * 1 0 0 0 0 0 0 0 0 1
+2 * 1
cfi=(256)
cfn=(908)
calls=1 0x41b00 -4 
* * 643 253 9 7 48 0 7 1 0 166 18 3 1

fl=(96) /usr/src/debug/glibc/glibc/wcsmbs/../sysdeps/x86_64/multiarch/wcscat.c
fn=(336) wcscat
0xc28b0 31 1 0 0 1 0 0 1
fi=(89)
+4 +8 1 1
+7 * 1 0 0 1 0 0 1
+7 +1 1 1
+6 * 1
+2 * 1
+6 * 1 0 0 0 0 0 0 0 0 1 1
+16 +1 1 1
+6 * 1
+3 * 1 0 0 0 0 0 0 0 0 1
+2 +4 1
+6 * 1 0 0 0 0 0 0 0 0 1
+2 +3 1
+3 * 1
+7 * 1 0 0 1 0 0 1
+7 * 1
fe=(96)
+4 -17 1
+3 * 1 1

fl=(138) /usr/src/debug/glibc/glibc/string/../sysdeps/x86_64/multiarch/memchr.c
fn=(458) memchr
0xab4f0 29 2 0 0 1 0 0 1
fi=(139) /usr/src/debug/glibc/glibc/string/../sysdeps/x86_64/multiarch/ifunc-evex.h
+4 +8 2 2
+7 * 2 0 0 1 0 0 1
+7 * 2 2
+6 +1 2
+2 * 2
+2 * 2
+6 * 2 0 0 0 0 0 0 0 0 2 1
+6 +1 2 2
+6 * 2
+3 * 2 0 0 0 0 0 0 0 0 2
+2 +4 2
+6 * 2 0 0 0 0 0 0 0 0 2
+2 +8 2
+7 * 2
+3 * 2 0 0 0 0 0 0 0 0 2
+2 +3 2
+3 * 2
+7 * 2
+7 * 2
fe=(138)
+4 -25 2 2

fl=(362)
fn=(1592)
0x11a6b0 25 20 0 0 1 0 0 1
+4 * 20 0 20
+1 +1 20
+3 * 20
+3 * 20
+3 * 20 0 0 1
+3 * 20
+2 -1 20
+3 +1 20
+4 * 20 0 20
+2 * 20 0 20
cfi=(293) /usr/src/debug/glibc/glibc/nptl/cancellation.c
cfn=(1098) __syscall_cancel
calls=20 0x931e0 +48 
* * 500 220 80 0 0 0 0 0 0 40
+5 +1 20 20
+1 * 20 20

fl=(329)
fn=(1320)
0x55b80 29 16376 0 0 13 0 0 1
+4 +10 16376 16376
+3 -6 16376
+5 +7 16376
+3 * 16376
+6 * 16376
+3 * 16376
+3 * 16376
+2 * 16376
+4 * 16376
+6 * 16376
+2 * 16376
+2 * 16376
+4 +6 16376
+3 +1 16376
+5 * 16376 16376

fl=(260) /usr/src/debug/glibc/glibc/misc/sbrk.c
fn=(926) sbrk
0x118050 37 4 0 0 3 0 0 1
+4 * 4 0 4
+1 * 4
+3 * 4
+3 * 4
+4 +6 4 4 0 0 2
+7 * 4 0 0 0 0 0 0 0 0 4 4
+28 +35 1 1
+1 * 1
+3 * 1 1
+10 -38 4 4 0 2 2 0 1
+7 * 4 4 0 0 3 0 0 1
+3 +18 4
+3 * 4 0 0 0 0 0 0 0 0 4 1
+2 +4 4
+3 * 4 0 0 0 0 0 0 0 0 4 1
+2 +4 3 0 0 0 0 0 0 0 0 3
+2 +1 3
+4 -1 3
+3 * 3 0 0 0 0 0 0 0 0 3 1
+2 * 3 0 3
+4 +8 3 0 3 0 0 1
cfi=(261) /usr/src/debug/glibc/glibc/misc/../sysdeps/unix/sysv/linux/brk.c
cfn=(928) brk
calls=3 0x10f7b0 -38 
* * 27 6 3 1 0 0 0 0 0 3
+5 * 3 3
+4 * 3
+2 * 3 0 0 0 0 0 0 0 0 3
+2 +4 3 3 0 1
+1 * 3
+3 * 3 3
+44 * 1 0 1 1 0 0 1
+4 -19 1
+2 * 1 0 1
cfi=(261)
cfn=(928)
calls=1 0x10f7b0 -23 
* * 9 2 1 2 0 0 2 0 0 1
+5 * 1
+2 * 1 0 0 0 0 0 0 0 0 1
+2 +4 1 1 0 1 0 0 1
+7 * 1 1
+4 * 1 1
+3 * 1

fl=(292) /usr/src/debug/glibc/glibc/io/../sysdeps/unix/sysv/linux/open64.c
fn=(1096) open
0x10d270 30 2 0 0 2 0 0 1
+4 * 2 0 2
+1 * 2
+3 * 2
+3 * 2
+4 * 2 0 2 2 0 1 1
+4 * 2 2
+9 * 2 0 2
+4 * 2
+2 +3 2
+4 * 2 0 0 0 0 0 0 0 0 2 1
+2 * 1
+2 * 1
+2 * 1
+2 * 1
+6 * 1 0 0 0 0 0 0 0 0 1
+2 +8 2
+4 * 2
+3 * 2
+3 * 2
+3 * 2 0 2
+5 * 2
+3 * 2 0 0 1 0 0 1
+7 * 2 0 2
cfi=(293)
cfn=(1098)
calls=2 0x931e0 +33 
* * 50 22 8 2 0 1 2 0 0 4 2
+5 +2 2 2
+4 * 2 2
+9 * 2 0 0 0 0 0 0 0 0 2
+2 * 2 2
+1 * 2 2
+9 -7 1
+4 * 1 0 1 0 0 1
+7 +5 1 1
+4 -5 1 0 1
+4 * 1
+4 * 1 0 1
+4 +2 1

fl=(100) /usr/src/debug/glibc/glibc/debug/../sysdeps/x86_64/multiarch/memset_chk.c
fn=(348) __memset_chk
0x126ea0 29 3 0 0 1 0 0 1
fi=(101) /usr/src/debug/glibc/glibc/debug/../sysdeps/x86_64/multiarch/ifunc-memset.h
+4 +32 3 3
+7 * 3
+7 * 3 3
+6 * 3
+3 * 3 0 0 0 0 0 0 0 0 3
+2 +3 3 3 0 1 0 0 1
+6 * 3
+6 * 3 0 0 0 0 0 0 0 0 3
+2 +16 3
+3 * 3 0 0 0 0 0 0 0 0 3
+2 +4 3
+2 * 3
+2 * 3
+5 * 3 0 0 0 0 0 0 0 0 3
+6 +8 3
+3 * 3 0 0 0 0 0 0 0 0 3 2
fe=(100)
+75 -63 3 3 0 1 0 0 1
fi=(101)
+67 +71 3 0 0 1 0 0 1
+3 * 3 0 0 0 0 0 0 0 0 3
+2 -48 3
+7 +1 3
+3 * 3 0 0 1 0 0 1 0 0 3 3
fe=(100)

fl=(371)
fn=(1632)
0x101600 82 5 0 0 1 0 0 1
+4 * 5 0 5
+1 * 5
+3 +1 5
+2 * 5
+5 -1 5
+3 * 5
+4 +1 5 0 5 0 0 1 0 0 1
+8 * 5 0 0 0 0 0 0 0 0 5
fi=(372) /usr/src/debug/glibc/glibc/posix/../malloc/dynarray-skeleton.c
+6 243 5 5 0 0 1 0 0 1
fe=(371)
+7 71 5
+3 * 5 0 0 0 0 0 0 0 0 5 2
0x101740 +38 5 0 0 1 0 0 1
+2 * 5 5 5 0 0 0 0 0 0 5
+6 * 5
+3 * 5 0 0 0 0 0 0 0 0 5
+2 +1 5 5
+1 * 5 5

fl=(301)
fn=(1146)
0x89940 32 35 0 0 2 0 0 1
+4 +3 35 35
+4 * 35 0 0 0 0 0 0 0 0 35
+2 * 35 35
+3 * 35
+2 * 35 0 0 0 0 0 0 0 0 35
+2 +7 35 35

fl=(120) /usr/src/debug/glibc/glibc/wcsmbs/../sysdeps/x86_64/multiarch/wcscmp.c
fn=(402) wcscmp
0xc29c0 30 2 0 0 1 0 0 1
fi=(117)
+4 +8 2 2
+7 * 2
+7 * 2 2 0 0 1
+6 +2 2
+2 * 2
+2 * 2
+6 * 2 0 0 0 0 0 0 0 0 2
+6 +1 2 2 0 0 1
+7 * 2 0 0 0 0 0 0 0 0 2
+2 +1 2 2 0 0 1
+6 * 2
+6 * 2 0 0 0 0 0 0 0 0 2
+2 +4 2 0 0 1 0 0 1
+2 * 2
+2 * 2
+6 * 2 0 0 0 0 0 0 0 0 2
+2 +3 2
+7 * 2
+3 * 2 0 0 0 0 0 0 0 0 2
+2 +3 2
+6 * 2
+7 * 2
+7 * 2
+4 * 2 2
fe=(120)

fl=(228)
fn=(782)
0xc0940 32 256 0 0 1 0 0 1
+4 * 256 0 256
+1 * 256
+3 * 256 0 256
+1 * 256
+7 +5 256 256
+9 * 256 0 256
+4 * 256
+6 * 256
+6 * 256 0 0 0 0 0 0 0 0 256
+6 * 256
+2 * 256
+3 * 256 0 0 0 0 0 0 0 0 256 1
+6 * 256
+2 +5 256
+3 * 256 0 0 1 0 0 1 0 0 256 3
+2 +52 128 128
+4 * 128 128
+9 * 128 0 0 0 0 0 0 0 0 128
+6 * 128 128
+4 * 128 128
+1 * 128 128
+7 -48 128 128
+7 * 128 128
+4 * 128 128 0 0 1
fi=(394) /usr/src/debug/glibc/glibc/wcsmbs/./wcsmbsload.h
+3 +23 128 128
+4 +1 128 128 0 0 1
+3 * 128
+3 * 128 0 0 0 0 0 0 0 0 128
fe=(228)
+6 -23 128 128 0 1 1 0 1
+3 * 128 128 0 0 1
+4 +1 128 128 0 0 1
+4 * 128 0 0 0 0 0 0 0 0 128 3
+15 +4 128 128
+5 * 128 0 0 0 0 0 0 0 0 128
+2 * 128
+3 * 128 0 0 0 0 0 0 0 0 128
+2 +3 128
+3 * 128 0 128
+4 * 128 0 128
+4 * 128 0 128
+6 * 128 0 128
cfi=(229)
cfn=(784)
calls=128 0x16a450 -15 
* * 640 384 0 1 0 0 1 0 0 128 2
+5 * 128 128
+4 * 128 128 0 1 0 0 1
+4 * 128 128
+4 * 128 128
+9 * 128 0 0 0 0 0 0 0 0 128
+6 * 128 128
+7 * 128 128
+3 +39 128 128
+4 * 128 128
+1 -39 128 0 0 0 0 0 0 0 0 0 0 128 1
cfi=(230)
cfn=(786)
calls=128 0x2a8c0 -6 
* * 768 128 0 1 0 0 1

fl=(231)
fn=(790)
0x11f2a0 26 10 0 0 1 0 0 1
+4 * 10 0 10
+1 * 10
+3 * 10 0 10
+2 * 10 0 10
+2 * 10
+3 * 10 0 10
+2 * 10 0 10
+2 +7 10
+3 -7 10 0 10
+1 * 10
+3 * 10
+4 +3 10 0 10 1 0 0 1
cob=(4)
cfi=(191)
cfn=(792)
calls=10 0x4c72240 -29 
* * 160 30 0 2 4 0 2 3 0 20 1 10 1
+5 * 10
+3 +3 10 10
+3 * 10 0 10
+4 * 10 10 0 0 1
+7 +1 10
+12 +7 48
+5 +1 48 48
+3 * 48 0 0 0 0 0 0 0 0 48
+2 -8 48
+4 +2 48
+3 * 48 0 48
cob=(4)
cfi=(191)
cfn=(792)
calls=48 0x4c72240 -35 
* * 768 144 0 0 1 0 0 1 0 96 0 48
-3 * 10
+3 * 10 0 10
cob=(4)
cfi=(191)
cfn=(792)
calls=10 0x4c72240 -35 
* * 160 30 0 0 1 0 0 1 0 20 4 10
+5 * 58
+3 +2 58
+3 * 58 0 0 0 0 0 0 0 0 58 10
+2 * 49 0 0 1 0 0 1
+3 * 49
+3 * 49
+3 * 49 49 49 0 0 0 0 0 0 0 0 49 1
cfi=(233)
cfn=(796)
calls=49 0x16d620 +36 
* * 1048 225 0 3 0 0 3 0 0 196 23
+6 * 49
+2 * 49 0 0 0 0 0 0 0 0 49 2
+2 +8 10 10
+4 * 10 10 0 0 1
+7 +1 10 10 0 0 2
+5 +1 10
+4 * 10 10
+1 * 10 10
+2 * 10 10
+2 * 10 10
+2 * 10 10
+2 * 10 10
+1 * 10 10

fl=(86) /usr/src/debug/glibc/glibc/string/../sysdeps/x86_64/multiarch/mempcpy.c
fn=(316) mempcpy
0xac050 33 1 0 0 1 0 0 1
fi=(87)
+4 +23 1 1
+7 * 1
+7 * 1 1
+6 +1 1
+3 * 1 0 0 0 0 0 0 0 0 1
+5 +3 1 1
+6 * 1
+6 * 1 0 0 0 0 0 0 0 0 1 1
+52 +14 1 0 0 1 0 0 1
+3 * 1 0 0 0 0 0 0 0 0 1 1
+53 +3 1 0 0 1 0 0 1
+2 * 1 0 0 0 0 0 0 0 0 1
+2 +8 1
+6 * 1 0 0 0 0 0 0 0 0 1
+2 +8 1
+3 * 1 0 0 0 0 0 0 0 0 1
+2 +3 1
+6 * 1 0 0 1 0 0 1
+7 * 1
+7 * 1
+4 * 1 1
fe=(86)

fl=(92) /usr/src/debug/glibc/glibc/debug/../sysdeps/x86_64/multiarch/memmove_chk.c
fn=(328) __memmove_chk
0x126c80 29 2 0 0 2 0 0 1
fi=(93)
+4 +27 2 2
+7 * 2
+7 * 2 2
+6 +1 2
+3 * 2 0 0 0 0 0 0 0 0 2 2
+5 +3 2 2
+6 * 2
+6 * 2 0 0 0 0 0 0 0 0 2 2
+52 +14 2 0 0 1 0 0 1
+3 * 2 0 0 0 0 0 0 0 0 2 2
+53 +3 2 0 0 1 0 0 1
+2 * 2 0 0 0 0 0 0 0 0 2
+2 +8 2
+6 * 2 0 0 0 0 0 0 0 0 2
+2 +8 2
+3 * 2 0 0 0 0 0 0 0 0 2 1
+2 +3 2
+6 * 2
+7 * 2
+7 * 2 0 0 1 0 0 1
+4 * 2 2
fe=(92)

fl=(90) /usr/src/debug/glibc/glibc/string/../sysdeps/x86_64/multiarch/stpcpy.c
fn=(324) stpcpy
0xac3c0 33 1 0 0 1 0 0 1
fi=(91)
+4 +5 1 1
+7 * 1 1
+6 +1 1 1
+6 -1 1
+3 * 1 0 0 0 0 0 0 0 0 1
+2 +1 1
+3 * 1 0 0 0 0 0 0 0 0 1
+2 +4 1
+2 * 1
+2 * 1
+5 * 1 0 0 0 0 0 0 0 0 1
+2 +3 1
+7 * 1
+3 * 1 0 0 0 0 0 0 0 0 1
+2 +3 1
+7 * 1 0 0 1 0 0 1
+3 * 1 0 0 0 0 0 0 0 0 1
fe=(90)
+37 -16 1 1

fl=(171) /usr/src/debug/glibc/glibc/time/../sysdeps/unix/sysv/linux/gettimeofday.c
fn=(580) gettimeofday
0xd70f0 41 1 0 0 1 0 0 1
+4 * 1 1
+7 * 1 0 0 1 0 0 1
+7 * 1 1 0 0 1
+7 * 1
+3 * 1
+4 * 1 1

fl=(259) /usr/src/debug/glibc/glibc/malloc/morecore.c
fn=(924) __glibc_morecore
0xa46b0 25 4 0 0 1 0 0 1
+4 +1 4 4
+7 * 4 0 0 0 0 0 0 0 0 4 1
+2 -1 4 0 4
+1 * 4 0 0 2 0 0 1
+3 +4 4 0 4
cfi=(260)
cfn=(926)
calls=4 0x118050 +8 
* * 136 34 16 11 7 1 6 1 0 26 7
+5 +1 4
+4 * 4 0 0 0 0 0 0 0 0 4
+2 +4 4 4
+1 * 4 4

fl=(288)
fn=(1076)
0x80c50 85 2 0 0 2 0 0 1
+4 +1 2
+5 * 2
cfn=(1078) __fopen_internal
calls=2 0x80b50 -29 
* * 1124 253 243 80 17 22 47 4 7 123 43 4 3

fn=(1078)
0x80b50 57 2 0 0 2 0 0 1
+4 * 2 0 2
+1 * 2
+3 * 2 0 2
+2 * 2
+3 * 2 0 2
+2 * 2
+3 * 2 0 2
+2 * 2
+3 +8 2
+5 -8 2 0 2
+2 * 2 0 2
+1 * 2
+4 +8 2 2 2 0 1 1 0 0 0 0 0 2 1
cfi=(188)
cfn=(916)
calls=2 0xa7970 3480 
* * 224 38 18 1 6 2 1 0 1 35 13
+6 +2 2
+3 * 2 0 0 2 0 0 1 0 0 2
+6 * 2
+3 +3 2
+7 +2 2
+2 * 2
+2 * 2
+7 -2 2 0 2 0 0 2 0 0 1
+7 +2 2
+3 * 2
+3 * 2
+7 * 2 0 2
cfi=(289)
cfn=(1080) _IO_no_init
calls=2 0x90850 589 
* * 116 18 60 10 2 10 5 1 5 4
+6 +1 2
+7 +1 2
+3 -1 2 0 2 2 0 0 1
+7 +1 2 0 2
cfi=(290) /usr/src/debug/glibc/glibc/libio/fileops.c
cfn=(1084) _IO_new_file_init_internal
calls=2 0x8cf50 +33 
* * 228 66 66 25 3 3 15 0 0 26 10
+5 +1 2
+3 * 2
+3 * 2
+3 * 2
+3 * 2 0 2
cfi=(290)
cfn=(1092) _IO_file_fopen@@GLIBC_2.2.5
calls=2 0x8d430 247 
* * 460 113 75 36 5 4 22 3 0 52 18 2 2
+5 * 2
+3 * 2 0 0 0 0 0 0 0 0 2
+2 -38 2 2
+4 * 2 0 0 0 0 0 0 0 0 2 2
+48 +44 2 0 0 2 0 0 1
+4 * 2
+3 * 2 2
+1 * 2 2
+2 * 2 2
+2 * 2 2
+2 * 2 2
+2 * 2 2
+1 * 2 2

fl=(270)
fn=(994)
0x3e140 28 1 0 0 1 0 0 1
+4 +2 1
+2 +2 1
cfi=(271)
cfn=(996)
calls=1 0x3e070 -1 
* * 28 6 9 3 1 0 3 0 0 2 1

fl=(103) /usr/src/debug/glibc/glibc/wcsmbs/../sysdeps/x86_64/multiarch/wcsncpy.c
fn=(356) wcsncpy
0xc43c0 31 1 0 0 1 0 0 1
fi=(89)
+4 +8 1 1
+7 * 1
+7 +1 1 1
+6 * 1
+2 * 1
+6 * 1 0 0 0 0 0 0 0 0 1 1
+16 +1 1 1
+6 * 1
+3 * 1 0 0 0 0 0 0 0 0 1
+2 +4 1 0 0 1 0 0 1
+6 * 1 0 0 0 0 0 0 0 0 1
+2 +3 1
+3 * 1
+7 * 1
+7 * 1
fe=(103)
+4 -17 1
+3 * 1 1

fl=(324)
fn=(1306)
0x54ad0 31 162591 0 0 1 0 0 1
+4 +1 162591 0 162591
+1 +3 162591
+3 +1 162591 162591
+3 +1 162591
+3 +1 162591
+3 +1 162591
+3 +2 162591
+3 +1 162591
+4 +2 162591
+3 +1 162591 0 0 0 0 0 0 0 0 162591 1
+2 +1 162591
+3 +1 162591 0 0 0 0 0 0 0 0 162591 13
+2 +1 152902 0 0 0 0 0 0 0 0 152902
+2 +2 152902
+3 +1 152902 0 0 0 0 0 0 0 0 152902
+2 +1 152902 0 152902
+3 +1 152902 0 0 129 0 0 1
+79 +26 9689 0 0 1 0 0 1
+5 +1 9689
+5 +1 9689
+3 +1 9689
+3 +1 9689
+2 +1 9689
+3 +1 9689 9689
+5 +1 9689
+3 +1 9689
+94 +26 9689 0 0 1
+3 +1 9689
+4 +1 9689 0 0 0 0 0 0 0 0 9689
+2 +2 9689 0 9689
+4 +1 9689
+3 +1 9689
+3 +1 9689 0 9689
+5 +1 9689
+3 +1 9689
+3 +2 9689 9689
+1 +3 9689 9689
-4 -5 152902 0 0 128 0 0 1
+3 +2 152902 152902
+1 +3 152902 152902

fl=(289)
fn=(1764) _IO_flush_all
0x90b40 713 1 0 0 1 0 0 1
+4 * 1 0 1
+1 * 1
+3 * 1 0 1
+2 * 1 0 1
+2 +5 1
+4 -5 1 0 1
+2 * 1 0 1
+1 * 1
+4 * 1 1
+9 * 1 0 1
+4 * 1
+2 +5 1
+7 * 1 0 1
+8 * 1 0 1
+4 * 1 0 1
cfi=(291) /usr/src/debug/glibc/glibc/nptl/libc-cleanup.c
cfn=(1088) __libc_cleanup_push_defer
calls=1 0x938f0 24 
* * 13 4 3 0 0 0 0 0 0 1
+5 +1 1 1 0 1 0 0 1
+7 * 1 1
+9 * 1 1
+7 * 1 0 0 0 0 0 0 0 0 1
+2 * 1
+3 * 1 0 0 0 0 0 0 0 0 1 1
+59 -5 1 0 0 1 0 0 1
fi=(340) /usr/src/debug/glibc/glibc/libio/libioP.h
+3 1036 1
+7 * 1
fe=(289)
+89 742 3 3 0 1 0 0 1
+4 * 3 0 0 0 0 0 0 0 0 3
+2 * 3 3 0 1 0 0 1
+7 * 3 3
+7 * 3 3
+3 * 3 0 0 0 0 0 0 0 0 3
+6 * 3
+2 * 3 0 0 0 0 0 0 0 0 3
+6 * 3 0 3
+8 * 3 3
+7 * 3 0 3
+6 * 3
+3 * 3
+11 +1 3 0 3
+11 -21 3 3
+4 * 3
+3 * 3 0 0 0 0 0 0 0 0 3 3
+6 +2 3 0 3 1 0 0 1
+7 +1 3 3 0 0 1
+4 * 3 0 0 0 0 0 0 0 0 3
+2 * 3 3 0 0 1
+7 * 3 3
+7 * 3 3
+9 * 3 3
+4 * 3 0 0 1 0 0 1 0 0 3 2
+2 * 3
+3 * 3 0 0 0 0 0 0 0 0 3 3
+43 +2 3 3 0 0 1
+7 * 3
+3 * 3 0 0 0 0 0 0 0 0 3
+6 * 3 3 0 1 1 0 1 1
+4 * 3 3
+4 * 3 0 0 0 0 0 0 0 0 3
+2 +7 3 3 0 0 1
+3 * 3
+2 * 3 0 0 0 0 0 0 0 0 3
+6 +1 3 3
+4 * 3 3
+4 * 3 0 0 0 0 0 0 0 0 3 3
+6 * 3
0x90df0 +12 1 1 0 1 0 0 1
+7 * 1 0 0 0 0 0 0 0 0 1
+2 * 1 1
+6 * 1 0 0 1 0 0 1
+2 * 1 0 0 0 0 0 0 0 0 1
+2 * 1 0 1
+11 * 1 0 1
+10 +1 1
+4 * 1 0 1
cfi=(291)
cfn=(1090) __libc_cleanup_pop_restore
calls=1 0x93940 54 
* * 10 5 1 0 0 0 0 0 0 1 1
+5 +4 1 1
+4 * 1 1
+9 * 1 0 0 0 0 0 0 0 0 1
+6 * 1
+4 * 1
+3 * 1 1
+1 * 1 1
+2 * 1 1
+2 * 1 1
+2 * 1 1
+1 * 1 1
+5 -27 3 0 3 1 0 0 1
+6 * 3 0 3
+4 * 3
0x90ed8 -6 1 0 1 1 0 0 1
+7 +3 1 1
+7 -8 1
+3 +5 1 0 1
+10 +3 1
+3 * 1 0 0 0 0 0 0 0 0 1 1

fn=(1080)
0x90850 589 2 0 0 2 0 0 1
+4 * 2 0 2
+1 * 2
+3 * 2 0 2
+2 * 2
+3 * 2 0 2
+2 * 2
+3 * 2 0 2
+2 * 2
+3 * 2 0 2
+1 * 2
+3 +1 2 0 2
cfn=(1082) _IO_old_init
calls=2 0x907e0 -33 
* * 52 6 26 4 2 5 2 1 3 2
+6 +1 2 0 2
+7 +1 2
+3 * 2 0 0 0 0 0 0 0 0 2
+2 +2 2 0 2 2 0 0 1
+7 +4 2
+4 +7 2 0 2 0 0 2 0 0 1
+9 +2 2 0 2 0 0 1
+8 -9 2 0 2
+5 * 2 0 2 0 0 2 0 0 1
+6 * 2 0 2
+6 * 2 0 2
+6 * 2 0 2
+6 +15 2 0 2 2 0 0 1
+11 +1 2 0 2
+11 +1 2 2
+1 * 2 2
+2 * 2 2
+2 * 2 2
+2 * 2 2
+1 * 2 2

fn=(1082)
0x907e0 557 2 0 0 2 0 0 1
+4 +3 2 2 0 0 2 0 0 1
+6 * 2
+2 +5 2
+4 * 2 0 2 0 0 2 0 0 1
+4 -7 2
+6 +12 2 0 2 2 0 0 1
+8 -10 2
+2 -2 2 0 2 0 0 1 0 0 1
+2 +2 2
+3 +16 2
+2 -11 2 0 2
+4 -5 2
+3 +16 2 0 2
+7 * 2 0 2
+4 +5 2 2
+7 -16 2 0 2
+4 * 2 0 2
+4 * 2 0 2
+4 * 2 0 2
+4 * 2 0 2
+4 +16 2
+3 * 2 0 0 0 0 0 0 0 0 2
+2 +1 2 0 2 0 0 2 0 0 1
+7 * 2 0 2
+8 +2 2 2

fn=(1420) _IO_setb
0x90160 355 2 0 0 2 0 0 1
+4 * 2 0 2
+1 * 2
+3 * 2
+3 * 2
+4 +1 2 2
+4 * 2 2
+3 * 2
+3 * 2 0 0 0 0 0 0 0 0 2 1
+6 +3 2 0 2 2 0 0 1
+4 +2 2
+2 * 2
+3 * 2
+3 * 2
+2 -3 2 0 2
+4 +3 2
+3 * 2 0 2
+3 +3 2 2
+1 * 2 2

fn=(1426) _IO_default_finish
0x90950 628 2 0 0 2 0 0 1
+4 * 2 0 2
+1 * 2
+3 * 2 0 2
+1 * 2
+3 * 2
+4 +2 2 2
+4 * 2
+3 * 2 0 0 0 0 0 0 0 0 2 2
+7 +6 2 2
+4 * 2
+3 * 2 0 0 0 0 0 0 0 0 2 2
+27 +3 2 2 0 1 0 0 1
+4 * 2
+3 * 2 0 0 0 0 0 0 0 0 2 2
+25 68 2 2
+3 * 2 0 0 0 0 0 0 0 0 2
+2 651 2 2
+4 * 2 2
+1 * 2 2

fn=(1086) _IO_link_in
0x8f8f0 109 4 0 0 1 0 0 1
+4 * 4 0 4
+1 * 4
+3 * 4
+4 +1 4 4 0 2 0 0 1
+9 * 4 0 4
+4 * 4 4
+2 * 4
+2 * 4 0 0 0 0 0 0 0 0 4 2
+2 +24 4 4
+4 * 4 4
+9 * 4 0 0 0 0 0 0 0 0 4 1
+6 * 4 4
+1 * 4 4
+5 -22 2
+2 +2 2
+4 -2 2 0 2 0 0 1
+4 * 2 0 2
+2 +2 2
+7 * 2
+3 * 2 0 2 2 0 0 1
+4 * 2 0 2
+4 * 2 0 2
+8 * 2 0 2 0 0 1
cfi=(291)
cfn=(1088)
calls=2 0x938f0 -90 
* * 26 8 6 2 2 0 2 0 0 2
+5 +1 2 2
+7 * 2 2
+7 * 2 2
+9 * 2 2
+4 * 2
+2 * 2 2
+4 * 2 0 0 0 0 0 0 0 0 2 1
+2 * 2
+3 * 2 0 0 0 0 0 0 0 0 2 2
0x8fa0e +4 2 2 0 2 1 0 1
+7 +3 2
+7 * 2 0 2
+7 -3 2 0 2
+4 +4 2
+3 * 2 0 0 0 0 0 0 0 0 2 2
+2 +1 2
+4 * 2 0 2 0 0 1
+7 +2 2 0 2
+7 +2 2
+2 * 2 0 0 2 0 0 1 0 0 2
+6 * 2 2
+7 * 2 2
+4 * 2
+2 * 2 0 0 0 0 0 0 0 0 2
+6 * 2
+2 * 2 0 0 0 0 0 0 0 0 2
+6 * 2 0 2
+8 * 2 2
+7 +1 2 0 2
+11 +1 2 2 0 2 0 0 1
+6 -2 2 0 2
+6 +2 2
+2 * 2 0 0 0 0 0 0 0 0 2
+6 * 2 0 2
+11 * 2 0 2
+10 * 2
0x8fb2f +1 2 0 0 2 0 0 1
+3 * 2 0 2
cfi=(291)
cfn=(1090)
calls=2 0x93940 -77 
* * 20 10 2 2 0 0 2 0 0 2 2
+5 +3 2
+65 -19 2 0 2 2 0 0 1
+10 * 2 0 2
+7 +1 2 0 2
+7 +1 2 2
+4 * 2 0 0 0 0 0 0 0 0 2
+6 * 2 2
+9 * 2 2
+7 * 2 2
+4 * 2
+3 * 2 0 0 0 0 0 0 0 0 2
+6 * 2 0 2
+6 * 2 0 2 2 0 0 1
+4 +11 2 2
+2 * 2
+6 -11 2

fn=(1414) _IO_unsave_markers
0x91870 977 2 0 0 2 0 0 1
+4 +2 2 2
+5 * 2 0 0 0 0 0 0 0 0 2 2
+10 +5 2 2 0 2 0 0 1
+5 * 2 0 0 0 0 0 0 0 0 2 2
+72 +2 2 2 0 2 0 0 1

fn=(1410) __GI__IO_un_link.part.0
0x8f5a0 66 2 0 2 1 0 0 1
+1 +6 2
+7 -6 2
+3 * 2 0 2
+2 * 2 0 2
+1 * 2
+4 * 2 2
+9 * 2 0 2
+4 * 2 0 0 1 0 0 1
+3 +6 2
+4 * 2 0 2
+4 * 2 0 2
+8 * 2 0 2
cfi=(291)
cfn=(1088)
calls=2 0x938f0 -48 
* * 26 8 6 1 2 0 0 0 0 2
+5 +1 2 2
+7 * 2 2
+9 * 2 2 0 0 2
+7 * 2 0 0 0 0 0 0 0 0 2
+2 * 2
+3 * 2 0 0 0 0 0 0 0 0 2 2
+43 +2 2 2 0 2 0 0 1
+2 -1 2 0 2
+7 +1 2
+3 * 2 0 0 0 0 0 0 0 0 2
+6 * 2 2 0 0 2
+7 * 2 2
+7 * 2 2 0 2 0 0 1
+9 * 2 2 0 0 2
+4 * 2 0 0 0 0 0 0 0 0 2
+2 * 2
+3 * 2 0 0 0 0 0 0 0 0 2 2
+43 +2 2 2 0 2 2 0 1
+8 * 2 0 0 0 0 0 0 0 0 2
+2 +4 2 2
+7 +1 2 2
+4 +1 2 0 2
+3 +1 2
+3 * 2 0 0 0 0 0 0 0 0 2
+2 +1 2 0 2 0 0 2
+7 +11 2 2
+2 * 2
+2 * 2
+3 * 2 0 2
+2 +2 2 2
+7 * 2
+3 * 2 0 0 0 0 0 0 0 0 2
+6 * 2 2
+7 * 2 2 0 2 0 0 1
+3 * 2
+2 * 2 0 0 0 0 0 0 0 0 2
+6 * 2
+2 * 2 0 0 0 0 0 0 0 0 2
+6 * 2 0 2
+8 * 2 2
+7 +1 2 0 2
+11 -1 2 0 2
+6 +2 2 2
+6 * 2
+2 * 2 0 0 0 0 0 0 0 0 2
+6 * 2 0 2 1 0 0 1
+11 * 2 0 2
+10 * 2
0x8f785 +1 2 0 0 2 0 0 1
+4 * 2 0 2
cfi=(291)
cfn=(1090)
calls=2 0x93940 -47 
* * 20 10 2 3 0 0 0 0 0 2 2
+5 +3 2 2
+4 * 2 2
+9 * 2 0 0 0 0 0 0 0 0 2
+6 * 2
+4 * 2 2
+1 * 2 2
+2 * 2 2
+1 * 2 2
+55 -31 2 0 2 2 0 0 1
+10 * 2 0 2
+7 * 2
+95 +2 2 0 2 2 0 0 1
+6 * 2 0 2
+4 * 2

fn=(1762)
0x912a0 882 1 0 0 1 0 0 1
+4 * 1 0 1
+1 * 1
+3 * 1 0 1
+2 * 1 0 1
+2 * 1 0 1
+2 * 1 0 1
+1 * 1
+4 * 1 1
+9 * 1 0 1
+4 * 1 0 0 1 0 0 1
+2 +1 1 0 1
cfn=(1764)
calls=1 0x90b40 713 
* * 203 75 36 12 5 0 12 1 0 41 14
+5 -73 1
+4 * 1 0 1
+8 +73 1
+3 -73 1
+7 * 1 0 1
+4 * 1 0 1
cfi=(291)
cfn=(1088)
calls=1 0x938f0 24 
* * 13 4 3 0 0 0 0 0 0 1
+5 +1 1 1
+7 * 1 1
+9 * 1 1
+7 * 1 0 0 0 0 0 0 0 0 1
+2 * 1 0 0 1 0 0 1
+3 * 1 0 0 0 0 0 0 0 0 1 1
fi=(340)
+59 1036 1 0 0 1 0 0 1
+7 * 1
fe=(289)
+20 832 3 3
+2 * 3
+2 * 3 0 0 0 0 0 0 0 0 3 1
+2 +2 2 2
+6 * 2
+2 * 2 0 0 0 0 0 0 0 0 2
+6 +20 3 0 3
+10 +2 3
+3 * 3 0 0 0 0 0 0 0 0 3 2
+2 * 3 3 0 1 0 0 1
+7 * 3 3
+7 * 3 3
+3 * 3 0 0 0 0 0 0 0 0 3
+6 * 3
+2 * 3 0 0 0 0 0 0 0 0 3
+6 * 3 0 3
+8 * 3 3
+7 * 3 0 3
+6 * 3
+1 +1 3 0 3
+11 -43 3 3
+4 * 3
+3 * 3 0 0 0 0 0 0 0 0 3 1
+6 +4 3 0 3 1 0 0 1
+7 +1 3 3
+4 * 3 0 0 0 0 0 0 0 0 3 1
+2 * 3 3
+7 * 3 3
+7 * 3 3
+9 * 3 3
+4 * 3 0 0 0 0 0 0 0 0 3 1
+2 * 3
+3 * 3 0 0 0 0 0 0 0 0 3 2
+43 +8 3 3 0 1 0 0 1
+5 * 3 0 0 0 0 0 0 0 0 3 1
+47 +2 3 3 0 1 0 0 1
+6 * 3
+2 * 3 0 0 0 0 0 0 0 0 3 2
0x91560 +32 1 1 0 1 0 0 1
+7 * 1 0 0 0 0 0 0 0 0 1 1
+2 * 1 1
+6 * 1
+2 * 1 0 0 0 0 0 0 0 0 1 1
+2 * 1 0 1
+11 * 1 0 1
+10 +1 1
+4 * 1 0 1
cfi=(291)
cfn=(1090)
calls=1 0x93940 54 
* * 10 5 1 0 0 0 0 0 0 1 1
+5 +33 1 1
+4 * 1 1
+9 * 1 0 0 0 0 0 0 0 0 1
+6 * 1
+4 * 1
+3 * 1 1
+1 * 1 1
+2 * 1 1
+2 * 1 1
+2 * 1 1
+1 * 1 1
+5 -76 3 0 3 1 0 0 1
+6 * 3 0 3 1 0 0 1
+4 * 3
0x91630 -8 1 0 1 1 0 0 1
+7 +3 1 1
+7 -3 1 0 1 1 0 0 1
+10 +3 1
+3 * 1 0 0 0 0 0 0 0 0 1 1

fn=(1408) _IO_un_link
0x8f8d0 67 4
+4 +1 4 4
+3 * 4 0 0 0 0 0 0 0 0 4 2
+2 +36 2 2
+7 * 2
cfn=(1410)
calls=2 0x8f5a0 -38 
* * 200 66 50 21 10 2 10 0 0 28 6

fl=(130) /usr/src/debug/glibc/glibc/string/../sysdeps/x86_64/multiarch/strchrnul.c
fn=(430) strchrnul
0xad100 31 1 0 0 1 0 0 1
fi=(112)
+4 +7 1 1
+7 * 1
+7 * 1 1
+6 +2 1
+2 * 1
+2 * 1
+6 * 1 0 0 0 0 0 0 0 0 1 1
+6 +1 1 1
+7 * 1 0 0 0 0 0 0 0 0 1
+2 +1 1 1
+6 * 1
+6 * 1 0 0 0 0 0 0 0 0 1
+2 +4 1 0 0 1 0 0 1
+2 * 1
+2 * 1
+6 * 1 0 0 0 0 0 0 0 0 1
+2 +3 1
+7 * 1
+3 * 1 0 0 0 0 0 0 0 0 1
+2 +3 1
+6 * 1
+7 * 1
+7 * 1
+4 * 1 1
fe=(130)

fl=(137) /usr/src/debug/glibc/glibc/string/../sysdeps/x86_64/multiarch/memmove.c
fn=(454) memmove
0xabf40 29 4 0 0 1 0 0 1
fi=(87)
+4 +27 4 4
+7 * 4
+7 * 4 4
+6 +1 4
+3 * 4 0 0 0 0 0 0 0 0 4 3
+5 +3 4 4
+6 * 4
+6 * 4 0 0 0 0 0 0 0 0 4 3
+52 +14 4 0 0 1 0 0 1
+3 * 4 0 0 0 0 0 0 0 0 4 3
+53 +3 4 0 0 1 0 0 1
+2 * 4 0 0 0 0 0 0 0 0 4
+2 +8 4
+6 * 4 0 0 0 0 0 0 0 0 4
+2 +8 4
+3 * 4 0 0 0 0 0 0 0 0 4
+2 +3 4
+6 * 4
+7 * 4
+7 * 4 0 0 1 0 0 1
+4 * 4 4
fe=(137)

fl=(186) /usr/src/debug/glibc/glibc/nptl/../sysdeps/unix/sysv/linux/x86/elision-conf.c
fn=(628) __lll_elision_init
0x93450 92 1 0 0 1 0 0 1
+4 * 1 0 1
+1 +4 1
+5 -4 1
+3 * 1 0 1
+1 +4 1
+4 -4 1
+4 +4 1 1
+9 * 1 0 1
+4 * 1
+7 * 1 1 1 0 0 0 0 0 0 0 0 1 1
cob=(1)
cfi=(11)
cfn=(28)
calls=1 0x14cf0 438 
* * 18 4 1 0 2 0 0 2 0 3 2
+6 +2 1 0 0 1 0 0 1
+7 * 1
+4 * 1
+5 * 1 1 1 0 0 0 0 0 0 0 0 1 1
cob=(1)
cfi=(11)
cfn=(28)
calls=1 0x14cf0 438 
* * 18 4 1 0 2 0 0 2 0 3 2
+6 +2 1
+7 * 1
+4 * 1
+5 * 1 1 1 0 0 0 0 0 0 0 0 1 1
cob=(1)
cfi=(11)
cfn=(28)
calls=1 0x14cf0 438 
* * 18 4 1 0 2 0 0 2 0 3 1
+6 +2 1
+7 * 1
+4 * 1
+5 * 1 1 1 1 0 0 1 0 0 0 0 1 1
cob=(1)
cfi=(11)
cfn=(28)
calls=1 0x14cf0 438 
* * 18 4 1 0 2 0 0 2 0 3 1
+6 +2 1
+7 * 1
+4 * 1
+5 * 1 1 1 0 0 0 0 0 0 0 0 1 1
cob=(1)
cfi=(11)
cfn=(28)
calls=1 0x14cf0 438 
* * 18 4 1 0 2 0 0 2 0 3
+6 +3 1 1 0 0 1 0 0 1
+6 * 1
+2 * 1 0 0 0 0 0 0 0 0 1
+2 +1 1 0 1 0 0 1 0 0 1
+10 +1 1 1
+4 * 1 1
+9 * 1 0 0 0 0 0 0 0 0 1
+2 * 1 1
+4 * 1 1
+1 * 1 1 0 1 0 0 1

fl=(325)
fn=(1310)
0x54580 28 40872 0 0 1 0 0 1
+4 +1 40872
+5 +1 40872
+5 +2 40872
+2 +1 40872
+3 +1 40872 0 0 0 0 0 0 0 0 40872 13
+32 +12 40872
+3 +1 40872 0 0 0 0 0 0 0 0 40872
+2 +1 40872 40872
+3 +1 40872
+2 +1 40872 0 0 1 0 0 1
+4 +1 40872
+4 +1 40872 0 0 0 0 0 0 0 0 40872 7
+20 +6 40872
+3 +1 40872 0 40872
+3 +1 40872 40872

fl=(189)
fn=(634)
0x190ad0 0 1 0 0 1 0 0 1
+4 0 1
+10 0 1
+3 0 1
+3 0 1
+3 0 1
+3 0 1
+10 0 1
+3 0 1
+4 0 1
+3 0 1 0 0 1 0 0 1
+3 0 1
+3 0 1
+3 0 1
+4 0 1
+3 0 1
+10 0 1
+3 0 1
+10 0 1
+4 0 1
+4 0 1 1

fl=(123) /usr/src/debug/glibc/glibc/wcsmbs/../sysdeps/x86_64/multiarch/wmemchr.c
fn=(410) wmemchr
0xd0be0 31 3 0 0 1 0 0 1
fi=(124) /usr/src/debug/glibc/glibc/wcsmbs/../sysdeps/x86_64/multiarch/ifunc-evex.h
+4 +6 3 3
+7 * 3
+7 * 3 3
+6 +1 3
+2 * 3
+2 * 3 0 0 1 0 0 1
+6 * 3 0 0 0 0 0 0 0 0 3 1
+6 +1 3 3
+6 * 3
+3 * 3 0 0 0 0 0 0 0 0 3 1
+2 +4 3
+6 * 3 0 0 0 0 0 0 0 0 3
+2 +8 3
+7 * 3
+3 * 3 0 0 0 0 0 0 0 0 3
+2 +3 3
+3 * 3
+7 * 3
+7 * 3
fe=(123)
+4 -23 3 3

fl=(233)
fn=(796)
0x16d620 73 50 0 0 1 0 0 1
+4 +7 50
+4 +1 50 0 0 0 0 0 0 0 0 50 8
+6 +3 1 1
+4 +1 1 1
+4 +1 1
+4 +4 1
+2 +1 1 0 0 1 0 0 1 0 0 1
+6 +2 1
+4 +1 1 0 0 0 0 0 0 0 0 1
+6 +3 1 1
+5 +1 1 1
+5 +1 1
+4 +3 1
+2 +1 1 0 0 0 0 0 0 0 0 1
+6 +3 1
+7 +1 1 0 0 0 0 0 0 0 0 1
+6 +3 1 1
+5 +1 1 1
+5 +1 1
+4 +1 1
+2 +1 1 0 0 1 0 0 1 0 0 1
+6 +1 1 1
+5 +1 1 1
+5 +1 1
+4 +1 1
+2 +1 1 0 0 0 0 0 0 0 0 1
+6 +3 1
+7 +1 1 0 0 0 0 0 0 0 0 1
+6 +6 1 1
+6 +1 1 1
+6 +1 1
+5 +1 1
+5 +4 1 1 0 1 0 0 1
+4 +1 1 1
+5 +2 1 1
+5 +1 1 1
+5 +1 1 1
+5 +1 1 1
+5 +3 1
+4 +1 1
+4 +1 1
+4 +1 1
+4 +1 1
+2 +1 1 0 0 0 0 0 0 0 0 1
+2 +2 1
+3 * 1 1
+14 +4 39 0 0 1 0 0 1
+4 +10 39 39
+4 +1 39 39
+4 +1 39
+2 +3 39
+3 * 39 39
0x16d900 401 49 0 0 1 0 0 1
+3 +1 49 0 0 0 0 0 0 0 0 49
+2 +5 49
+2 +1 49
+2 +1 49
+5 +1 49
+5 +1 49 0 0 0 0 0 0 0 0 49 2
+2 +3 49 49
+4 +1 49 49
+4 +1 49
+4 +1 49
+2 +3 49
+5 +1 49 0 0 0 0 0 0 0 0 49 13
+6 +1 10
+2 +1 10
+3 * 10 10

fl=(182) /usr/src/debug/glibc/glibc/resource/../sysdeps/unix/sysv/linux/getrlimit64.c
fn=(620) getrlimit
0x10f280 38 1 0 0 1 0 0 1
+4 * 1
+3 +1 1
+2 * 1
+2 * 1
+5 * 1
+2 * 1
+2 * 1
+6 * 1 0 0 0 0 0 0 0 0 1
+2 +1 1 1

fl=(121) /usr/src/debug/glibc/glibc/string/../sysdeps/x86_64/multiarch/stpncpy.c
fn=(406) stpncpy
0xac430 31 1
fi=(122)
+4 +4 1 1
+7 * 1 0 0 1 0 0 1
+7 * 1 1
+6 * 1
+3 * 1 0 0 0 0 0 0 0 0 1 1
+2 +1 1 1
+6 * 1
+3 * 1 0 0 0 0 0 0 0 0 1
+2 +4 1
+2 * 1
+2 * 1
+5 * 1 0 0 0 0 0 0 0 0 1
+2 +3 1
+7 * 1
+3 * 1 0 0 0 0 0 0 0 0 1
+2 +3 1
+3 * 1
+7 * 1
+7 * 1 0 0 1 0 0 1
+4 * 1 1
fe=(121)

fn=(416) strcasecmp
0xac490 31 1
fi=(85)
+4 +5 1 1
+7 +1 1 1
+6 * 1
+2 * 1
+6 * 1 0 0 0 0 0 0 0 0 1 1
fi=(126) /usr/src/debug/glibc/glibc/string/../sysdeps/x86_64/multiarch/strcasecmp.c
+43 -6 1
+3 * 1 1
fi=(85)
+9 +7 1 1 0 1 0 0 1
+6 * 1
+6 * 1 0 0 0 0 0 0 0 0 1
+2 +4 1 1
+6 * 1
+2 * 1
+6 * 1 0 0 0 0 0 0 0 0 1
+2 +3 1 0 0 1 0 0 1
+7 * 1 1
+7 * 1 0 0 0 0 0 0 0 0 1
+2 +3 1
+6 * 1
+7 * 1 0 0 0 0 0 0 0 0 1
+2 * 1
fe=(121)

fl=(227)
fn=(780)
0xd0a20 30 128 0 0 1 0 0 1
+4 * 128 0 128
+1 * 128
+3 * 128
+4 * 128 128
+9 * 128 0 128
+4 * 128
+2 +9 128
+3 * 128 0 0 1 0 0 1 0 0 128 1
+6 * 128
+2 +6 128
+2 -1 128
+3 * 128 0 0 0 0 0 0 0 0 128
+2 +35 128 128
+4 * 128 128
+9 * 128 0 0 0 0 0 0 0 0 128
+6 * 128 128
+1 * 128
+2 * 128 128

fl=(338)
fn=(1406)
0x80060 34 2 0 0 2 0 0 1
+4 * 2 0 2
+1 * 2
+3 * 2 0 2
+2 * 2 0 2
+1 * 2
+3 * 2
+4 +14 2 2
+3 * 2
+7 * 2 0 0 2 0 0 1 0 0 2 2
+30 +9 2 2
fi=(340)
+7 1036 2
+7 * 2
+3 * 2
+3 +1 2
+7 * 2 0 0 0 0 0 0 0 0 2
fe=(338)
+6 57 2
+2 * 2
+3 * 2 2 2 2 2 0 1 0 0 0 0 2 1
cfi=(290)
cfn=(1424) _IO_file_finish@@GLIBC_2.2.5
calls=2 0x8d270 202 
* * 50 16 4 7 0 0 4 0 0 10 7
+3 +1 2 2
+7 * 2
+3 * 2 0 0 0 0 0 0 0 0 2
+6 +13 2 2
+5 * 2 0 0 0 0 0 0 0 0 2 2
fi=(340)
+10 962 2 2
+7 * 2
+3 * 2 2 0 0 2
+7 * 2
+3 +1 2
+2 * 2 0 0 0 0 0 0 0 0 2
+2 * 2 2 0 0 1
+7 * 2 0 0 0 0 0 0 0 0 2
+2 +6 2
+3 * 2 2 2 0 2 0 0 0 0 0 0 2 1
cfi=(188)
cfn=(1332)
calls=2 0xa7f30 3516 
* * 68 18 8 0 7 0 0 0 0 14 1
fe=(338)
+6 76 2
+4 * 2
+3 * 2 2
+1 * 2 2
+2 * 2 2
+1 * 2 2
+9 -27 2 0 2 1 0 0 1
cfi=(289)
cfn=(1408)
calls=2 0x8f8d0 +18 
* * 208 68 50 21 10 2 10 0 0 30 8
+5 +2 2 2
+3 * 2
+7 * 2 0 0 0 0 0 0 0 0 2
+6 * 2 2
+7 * 2 2 0 2 0 0 1
+7 * 2 2
+9 * 2 2
+4 * 2 0 0 0 0 0 0 0 0 2 2
+46 +1 2 0 0 1 0 0 1
+7 * 2 0 0 0 0 0 0 0 0 2 2
fi=(340)
+25 990 2
+2 * 2 0 0 0 0 0 0 0 0 2
+6 +1 2 2
+7 * 2 2
+7 * 2 2
+3 * 2 0 0 0 0 0 0 0 0 2
+2 * 2
+2 * 2 0 0 0 0 0 0 0 0 2
+2 * 2 0 2
+8 * 2 2
+7 * 2 0 2
+6 * 2
fe=(338)
+14 51 2 0 0 1 0 0 1
+3 * 2 0 0 0 0 0 0 0 0 2
+6 * 2 0 2
+6 * 2 0 2
+4 +1 2 2
+3 -1 2
0x8027d +2 2 0 0 2 0 0 1
+3 * 2 0 2 2 0 0 1
cfi=(290)
cfn=(1412) _IO_file_close_it@@GLIBC_2.2.5
calls=2 0x8cfe0 +76 
* * 212 50 36 25 2 0 14 0 0 28 10 2 1
+5 * 2
fi=(340)
+3 990 2 2
+2 * 2
+5 * 2
fe=(338)

fl=(125) /usr/src/debug/glibc/glibc/string/../sysdeps/x86_64/multiarch/strncmp.c
fn=(414) strncmp
0xaef60 67 2 0 0 1 0 0 1
+4 -24 2 2
+7 +1 2 2
+6 * 2
+2 * 2
+6 * 2 0 0 0 0 0 0 0 0 2 2
+43 +23 2
+3 * 2 2
+9 -22 2 2 0 1 0 0 1
+6 * 2
+6 * 2 0 0 0 0 0 0 0 0 2
+2 +4 2 2 0 1 0 0 1
+6 * 2
+2 * 2
+6 * 2 0 0 0 0 0 0 0 0 2
+2 +3 2
+7 * 2 2
+7 * 2 0 0 0 0 0 0 0 0 2 1
+2 +3 2
+6 * 2
+7 * 2 0 0 0 0 0 0 0 0 2
+2 * 2

fl=(303)
fn=(1150)
0x10da50 25 14 0 0 1 0 0 1
+4 * 14 0 14
+1 +1 14
+3 * 14
+3 * 14
+3 * 14
+2 -1 14
+3 +1 14
+4 * 14 0 14
+2 * 14 0 14
cfi=(293)
cfn=(1098)
calls=14 0x931e0 +48 
* * 350 154 56 0 1 0 0 0 0 28
+5 +1 14 14
+1 * 14 14

fl=(374)
fn=(1686)
0x80590 32 10 0 0 1 0 0 1
+4 +1 10
+3 * 10 0 0 0 0 0 0 0 0 10 2
+6 -1 10 0 10
+1 * 10
+3 * 10 0 10
+2 * 10 0 10
+1 * 10
+3 * 10
+4 +7 10 10 0 0 1 0 0 1
+4 * 10 0 0 0 0 0 0 0 0 10 8
+2 +1 10 10 0 0 1
fi=(340)
+7 1036 10
+7 * 10 0 0 1 0 0 1
+3 * 10
+3 +1 10
+7 * 10 0 0 0 0 0 0 0 0 10
fe=(374)
+6 40 10
+3 * 10 10 10 0 0 0 0 0 0 0 0 10 1
cfi=(290)
cfn=(1688) _IO_file_sync@@GLIBC_2.2.5
calls=10 0x8e120 827 
* * 210 80 30 3 1 0 3 1 0 30 4
+3 * 10
+2 * 10
fi=(340)
+2 990 10 10
+4 * 10 0 0 0 0 0 0 0 0 10
+2 +1 10 10
+7 * 10 10
+7 * 10 10
+3 * 10 0 0 0 0 0 0 0 0 10 2
+2 * 10
+2 * 10 0 0 0 0 0 0 0 0 10
+2 * 10 0 10
+8 * 10 10
+7 * 10 0 10
fe=(374)
+6 44 10
+4 * 10
+2 * 10 10
+1 * 10 10
+2 * 10 10
+1 * 10 10
+8 -5 10 10 0 1 2 0 1
+7 * 10 10
+7 * 10 10
+9 * 10 10 0 0 1
+4 * 10 0 0 0 0 0 0 0 0 10
+2 * 10
+3 * 10 0 0 1 0 0 1 0 0 10 3
0x806b8 * 10 0 10 1 0 0 1
+6 * 10 0 10 1 0 0 1
+4 * 10

fl=(180) /usr/src/debug/glibc/glibc/elf/libc_early_init.c
fn=(616) __libc_early_init
0x16a4b0 35 1 0 0 1 0 0 1
+4 * 1 0 1
+1 * 1
+3 * 1 0 1
+1 * 1
+4 * 1 1 0 1 0 0 1
+9 * 1 0 1
+4 * 1
+2 +2 1 0 1
cfi=(181) /usr/src/debug/glibc/glibc/ctype/ctype-info.c
cfn=(618) __ctype_init
calls=1 0x36760 * 
* * 17 10 3 2 6 0 2
+5 +3 1 1 0 0 1
fi=(183) /usr/src/debug/glibc/glibc/elf/../sysdeps/nptl/pthread_early_init.h
+7 -7 1
+5 * 1
fe=(180)
+4 +7 1 0 1 0 0 1 0 0 1
+2 +3 1 0 1 0 0 1 0 0 1
+6 * 1 0 1
fi=(183)
+6 -10 1 0 1
cfi=(182)
cfn=(620)
calls=1 0x10f280 +5 
* * 10 1 0 1 0 0 1 0 0 1
+5 * 1
+5 * 1
+2 * 1 0 0 0 0 0 0 0 0 1
+2 +1 1 1 0 1 0 0 1
+4 +4 1
+5 * 1
+3 * 1
+4 * 1
+4 * 1
+4 +7 1 1 0 0 1
fi=(395) /usr/src/debug/glibc/glibc/elf/../nptl/nptl-stack.h
+7 +16 1
+2 * 1 1
+7 * 1 1
fi=(183)
+7 -16 1 1
fi=(395)
+4 +16 1
+5 * 1
fi=(183)
+3 -7 1 0 1 0 0 1 0 0 1
fi=(395)
+7 +7 1 0 0 1 0 0 1
+3 * 1
fi=(183)
+3 -9 1
+3 -6 1
+8 +2 1
+3 * 1
+4 +4 1
+3 * 1
+5 * 1
+3 * 1 0 1
+4 +1 1 0 1 0 0 1 0 0 1
+7 +3 1 0 1
cfi=(184) /usr/src/debug/glibc/glibc/nptl/pthread_mutex_conf.c
cfn=(624) __pthread_tunables_init
calls=1 0x99500 -1 
* * 78 21 9 4 6 0 2 5 0 10 5 3 3
fe=(180)
+5 -8 1
+3 * 1 0 1
cfi=(185) /usr/src/debug/glibc/glibc/stdlib/../sysdeps/unix/sysv/linux/getrandom.c
cfn=(626) __getrandom_early_init
calls=1 0x42080 238 
* * 18 7 2 2 1 0 2 0 0 3 1
+5 +3 1 0 1
cfi=(186)
cfn=(628)
calls=1 0x93450 +41 
* * 127 32 14 4 11 1 4 11 1 17 6 5 5
+5 +4 1 1 0 1 0 0 1
+4 * 1 1
+9 * 1 0 0 0 0 0 0 0 0 1
+2 +1 1 1
+4 * 1 1
+1 -1 1
cfi=(187)
cfn=(630)
calls=1 0xa76d0 252 
* * 1085 72 160 12 26 34 12 18 33 169 16 12 12

fl=(131) /usr/src/debug/glibc/glibc/string/../sysdeps/x86_64/multiarch/memcmp.c
fn=(434) bcmp
0xab570 29 2 0 0 1 0 0 1
fi=(132) /usr/src/debug/glibc/glibc/string/../sysdeps/x86_64/multiarch/ifunc-memcmp.h
+4 +5 2 2
+7 * 2 0 0 1 0 0 1
+7 * 2 2
+6 * 2
+2 * 2
+2 * 2
+6 * 2 0 0 0 0 0 0 0 0 2 2
fe=(131)
+2 -5 2
+3 * 2 2
fi=(132)
+9 +6 2 2
+7 * 2 0 0 0 0 0 0 0 0 2
+2 +2 2 2 0 0 1
+6 * 2
+3 * 2 0 0 0 0 0 0 0 0 2
+2 +4 2
+6 * 2 0 0 0 0 0 0 0 0 2
+2 +3 2 0 0 1 0 0 1
+7 * 2
+3 * 2 0 0 0 0 0 0 0 0 2
+2 +3 2
+3 * 2
+7 * 2
+7 * 2
+4 * 2
fe=(131)

fl=(291)
fn=(1088)
0x938f0 24 6 0 0 1 0 0 1
+4 +1 6 6
+9 +2 6 6 0 2 3 0 1
+9 * 6 0 6
+4 +2 6
+7 * 6 6 0 0 1
+6 +3 6
+2 * 6 0 0 0 0 0 0 0 0 6
+2 +14 6
+2 * 6
+3 * 6 0 6
+3 +2 6 0 6
+9 +1 6 6

fn=(1090)
0x93940 54 6 0 0 3 0 0 1
+4 +3 6 6
+4 * 6 0 6
+9 +2 6 6
+9 * 6
+7 * 6 6
+6 +1 6 6
+3 * 6
+2 * 6 0 0 0 0 0 0 0 0 6 6
+25 +11 6 6 0 2 0 0 1

fl=(110) /usr/src/debug/glibc/glibc/wcsmbs/../sysdeps/x86_64/multiarch/wcsnlen.c
fn=(376) wcsnlen
0xc4430 30 1
fi=(107) /usr/src/debug/glibc/glibc/wcsmbs/../sysdeps/x86_64/multiarch/ifunc-wcslen.h
+4 +10 1 1
+7 +1 1 1 0 1 0 0 1
+6 * 1
+2 * 1
+5 * 1 0 0 0 0 0 0 0 0 1 1
+32 +1 1 1
+6 * 1
+6 * 1 0 0 0 0 0 0 0 0 1
+2 +4 1 1
+6 * 1
+2 * 1 0 0 1 0 0 1
+5 * 1 0 0 0 0 0 0 0 0 1
+2 +3 1
+7 * 1 1
+7 * 1 0 0 0 0 0 0 0 0 1
+2 +3 1
+6 * 1
+7 * 1 0 0 0 0 0 0 0 0 1
fe=(110)
+2 -22 1 1

fl=(184)
fn=(624)
0x99500 55 1 0 0 1 0 0 1
+4 * 1 0 1
+1 +1 1
+5 -1 1
+3 * 1 0 1
+1 +1 1
+4 -1 1
+4 +1 1 1
+9 * 1 0 1
+4 * 1
+7 * 1 1 1 0 1 0 0 0 0 0 0 1 1
cob=(1)
cfi=(11)
cfn=(28)
calls=1 0x14cf0 438 
* * 18 4 1 2 1 0 0 1 0 3 2
+6 +2 1
+7 * 1
+4 * 1
+5 * 1 1 1 1 0 0 1 0 0 0 0 1 1
cob=(1)
cfi=(11)
cfn=(28)
calls=1 0x14cf0 438 
* * 17 4 1 0 2 0 0 2 0 3 1
+6 +2 1
+7 * 1
+4 * 1
+5 * 1 1 1 0 0 0 0 0 0 0 0 1 1
cob=(1)
cfi=(11)
cfn=(28)
calls=1 0x14cf0 438 
* * 18 4 1 0 2 0 0 2 0 3 2
+6 +2 1 1
+4 * 1 1
+9 * 1 0 0 0 0 0 0 0 0 1
+2 * 1 1
+4 * 1 1
+1 * 1 1

fl=(295) /usr/src/debug/glibc/glibc/string/../sysdeps/x86_64/multiarch/strchr-avx2.S
fn=(1106) __strchr_avx2
0x16ff20 53 2 0 0 2 0 0 1
+4 +2 2
+4 +1 2
+2 +1 2
+5 +1 2
+5 +1 2
+4 +3 2
+5 +1 2 0 0 2 0 0 1 0 0 2
+6 +4 2 2
+4 +1 2
+4 +1 2
+4 +1 2
+4 +1 2
+4 +1 2
+2 +1 2 0 0 0 0 0 0 0 0 2
+6 +1 2
+4 +3 2 2
+4 +8 2 0 0 0 0 0 0 0 0 2 2
+9 +8 2
+2 +1 2
+3 * 2 2

fn=(1518) __strchrnul_avx2
0x170160 53 16256 0 0 1 0 0 1
+4 +2 16256
+4 +1 16256
+2 +1 16256
+5 +1 16256
+5 +1 16256
+4 +3 16256
+5 +1 16256 0 0 1 0 0 1 0 0 16256
+6 +4 16256 16256
+4 +1 16256
+4 +1 16256
+4 +1 16256
+4 +1 16256
+4 +1 16256
+2 +1 16256 0 0 0 0 0 0 0 0 16256
+2 +1 16256
+4 +13 16256
+3 +2 16256
+3 * 16256 16256

fl=(106) /usr/src/debug/glibc/glibc/wcsmbs/../sysdeps/x86_64/multiarch/wcslen.c
fn=(368) wcslen
0xc3b00 29 2 0 0 1 0 0 1
fi=(107)
+4 +11 2 2
+7 +1 2 2
+6 * 2
+2 * 2
+5 * 2 0 0 0 0 0 0 0 0 2 2
+32 +1 2 2
+6 * 2 0 0 1 0 0 1
+6 * 2 0 0 0 0 0 0 0 0 2
+2 +4 2 2
+6 * 2
+2 * 2
+5 * 2 0 0 0 0 0 0 0 0 2
+2 +3 2
+7 * 2 2
+7 * 2 0 0 0 0 0 0 0 0 2
+2 +3 2
+6 * 2
+7 * 2 0 0 0 0 0 0 0 0 2
fe=(106)
+2 -23 2 2

fl=(363)
fn=(1602)
0x10e520 25 1 0 0 1 0 0 1
+4 * 1 0 1
+1 +1 1
+3 * 1
+3 * 1
+3 * 1
+2 -1 1
+3 +1 1
+4 * 1 0 1
+2 * 1 0 1
cfi=(293)
cfn=(1098)
calls=1 0x931e0 +48 
* * 25 11 4 0 0 0 0 0 0 2
+5 +1 1 1
+1 * 1 1

fl=(129) /usr/src/debug/glibc/glibc/string/../sysdeps/x86_64/multiarch/strncase_l.c
fn=(426) strncasecmp_l
0xaee60 31 1
fi=(85)
+4 +5 1 1
+7 +1 1 1
+6 * 1
+2 * 1
+6 * 1 0 0 0 0 0 0 0 0 1 1
fe=(129)
+43 -6 1
+3 * 1 1
fi=(85)
+9 +7 1 1 0 1 0 0 1
+6 * 1
+6 * 1 0 0 0 0 0 0 0 0 1
+2 +4 1 1 0 1 0 0 1
+6 * 1
+2 * 1
+6 * 1 0 0 0 0 0 0 0 0 1
+2 +3 1
+7 * 1 1
+7 * 1 0 0 0 0 0 0 0 0 1
+2 +3 1
+6 * 1
+7 * 1 0 0 0 0 0 0 0 0 1
+2 * 1
fe=(129)

fl=(257) /usr/src/debug/glibc/glibc/string/../sysdeps/x86_64/multiarch/strcmp-avx2.S
fn=(912) __strncmp_avx2
0x171be0 206 2 0 0 1 0 0 1
+4 +24 2
+4 +5 2 0 0 0 0 0 0 0 0 2
+2 +14 2
+5 +25 2
+2 +1 2
+2 +1 2
+3 +2 2
+5 +1 2 0 0 1 0 0 1 0 0 2
+6 +4 2 2
+4 +4 2 2 0 0 2
+4 +2 2
+4 +2 2
+4 +3 2
+4 +2 2
+4 +1 2 0 0 0 0 0 0 0 0 2 2
+7 +11 2
+4 +10 2 2
+4 +1 2 2
+4 +3 2
+2 +4 2
+3 * 2 2
+1 +5 2
+2 +1 2
+5 +1 2 0 0 0 0 0 0 0 0 2

fl=(290)
fn=(1416) _IO_file_close
0x8eb30 1225 2 0 0 2 0 0 1
+4 +3 2 2
+3 * 2
cfi=(339)
cfn=(1418)
calls=2 0x10e540 25 
* * 12 2 0 2 0 0 1 0 0 2 2

fn=(1412)
0x8cfe0 129 2 0 0 2 0 0 1
+4 * 2 0 2
+1 * 2
+3 * 2 0 2
+2 * 2 0 2
+2 * 2 0 2
+1 * 2
+4 +2 2 2
+4 * 2
+4 * 2 0 0 0 0 0 0 0 0 2 1
+6 +3 2 2 0 2 0 0 1
+2 * 2
+3 * 2
+2 * 2
+6 +1 2
+6 * 2 0 0 0 0 0 0 0 0 2
+6 +2 2
+3 * 2 0 0 0 0 0 0 0 0 2
+6 +14 2
+3 * 2 0 0 0 0 0 0 0 0 2
+2 +1 2 2
+6 * 2
+2 * 2 0 0 0 0 0 0 0 0 2
0x8d0ce -22 2 0 0 2 0 0 1
+3 +43 2
+3 +2 2
+3 -2 2 0 2
cfi=(289)
cfn=(1414)
calls=2 0x91870 977 
* * 12 6 0 6 0 0 3 0 0 4 4
+5 +3 2 2
+4 * 2 0 0 0 0 0 0 0 0 2
+2 * 2 2
fi=(340)
+7 1036 2
+7 * 2
+3 * 2
+3 +1 2
+6 * 2 0 0 1 0 0 1 0 0 2
fe=(290)
+6 176 2
+3 * 2 2 2 0 2 0 0 0 0 0 0 2 1
cfn=(1416)
calls=2 0x8eb30 1225 
* * 18 4 0 4 0 0 2 0 0 2 2
+8 * 2
+3 +3 2 2
+6 * 2
+2 * 2 0 0 0 0 0 0 0 0 2 2
+60 +8 2 0 0 1 0 0 1
+2 * 2
+2 * 2
+2 * 2
+3 * 2 0 2
cfi=(289)
cfn=(1420)
calls=2 0x90160 355 
* * 38 8 8 4 0 0 2 0 0 2 1
+5 +1 2
+4 +3 2
+3 -3 2 0 2
+4 * 2 0 2
+4 * 2 0 2
+4 +3 2 0 2
cfi=(289)
cfn=(1408)
calls=2 0x8f8d0 67 
* * 8 4 0 0 0 0 0 0 0 2
+5 +5 2
+3 -4 2 0 2 2 0 0 1
+6 +1 2 0 2
+7 +3 2
+4 -2 2 0 2
+11 +3 2
+4 * 2
+3 * 2 2
+1 * 2 2
+2 * 2 2
+2 * 2 2
+1 * 2 2
+90 -45 2 2 0 1 0 0 1
+4 * 2 2
+4 * 2 0 0 0 0 0 0 0 0 2
+6 * 2

fn=(1092)
0x8d430 247 2 0 0 1 0 0 1
+4 * 2 0 2
+1 * 2
+3 * 2 0 2
+2 * 2 0 2
+2 * 2 0 2
+2 * 2 0 2
+2 * 2 0 2 1 0 0 1
+1 * 2
+3 * 2
+4 * 2 2
+9 * 2 0 2
+4 * 2
+3 +9 2 2
+4 * 2 0 0 0 0 0 0 0 0 2 1
+6 +2 2 2 0 0 2 0 0 2
+3 * 2
+3 * 2
+3 * 2 0 0 0 0 0 0 0 0 2 1
+6 * 1
+3 * 1 0 0 0 0 0 0 0 0 1 1
+28 +21 2 0 0 2 0 0 1
+4 -8 2
+3 +10 2
+7 * 2 2
+4 * 2
+4 * 2
+4 * 2 0 0 0 0 0 0 0 0 2
+2 * 2
+4 * 2 0 0 0 0 0 0 0 0 2 2
+49 391 2 2 0 2 0 0 1
+4 * 2 2
+9 * 2 0 0 0 0 0 0 0 0 2
+6 * 2
+4 * 2
+3 * 2 2
+1 * 2 2
+2 * 2 2
+2 * 2 2
+2 * 2 2
+2 * 2 2
+1 * 2 2
+36 -76 2 0 0 2 0 0 1
+3 * 2
+3 * 2
+3 * 2
+3 * 2
+5 * 2 0 2
cfn=(1094) _IO_file_open
calls=2 0x8d340 -99 
* * 212 57 39 12 0 3 8 0 0 19 5
+5 * 2 0 0 1 0 0 1
+3 +3 2
+3 * 2 0 0 0 0 0 0 0 0 2
+2 +3 2
+4 * 2
+7 * 2 0 2
cfi=(294)
cfn=(1102)
calls=2 0xaf920 77 
* * 118 30 18 12 3 1 5 1 0 12 4 2 2
+5 +1 2
+3 * 2 0 0 0 0 0 0 0 0 2 2
0x8d640 -64 1 0 0 1 0 0 1
+6 * 1
+6 * 1
+5 * 1
0x8d6e0 +23 2 0 0 1 0 0 1
+4 * 2 0 0 0 0 0 0 0 0 2
+6 * 2
+4 * 2 0 0 0 0 0 0 0 0 2
+6 * 2
+3 * 2 0 0 0 0 0 0 0 0 2 2
0x8d868 -19 1 0 0 1 0 0 1
+6 -1 1
+3 -13 1
+2 * 1

fn=(1084)
0x8cf50 107 2 0 0 2 0 0 1
+4 * 2 0 2
+1 * 2
+3 * 2 0 2
+1 * 2
+3 * 2
+4 +5 2 0 2
+6 -1 2 0 2
+11 +3 2 0 2
cfi=(289)
cfn=(1086)
calls=2 0x8f8f0 -5 
* * 202 60 54 21 3 3 13 0 0 26 10
+5 +1 2 0 2
+7 +1 2 2 0 2 0 0 1
+4 * 2 2
+1 * 2 2

fn=(1094)
0x8d340 216 2 0 0 1 0 0 1
+4 * 2 0 2
+1 * 2
+3 * 2
+2 * 2
+2 * 2
+3 * 2 0 2
+2 * 2
+3 * 2 0 2
+1 * 2
+3 * 2
+4 +2 2 2
+4 +1 2
+3 * 2
+5 -1 2 0 0 0 0 0 0 0 0 2
+6 +4 2 0 2
cfi=(292)
cfn=(1096)
calls=2 0x10d270 30 
* * 110 33 21 7 0 3 5 0 0 9 3
+5 * 2
+2 +1 2
+2 * 2 0 0 0 0 0 0 0 0 2
+6 +3 2 2
+2 * 2 0 0 2 0 0 1
+3 +3 2
+3 -4 2 0 2
+3 +1 2
+6 * 2
+5 * 2
+2 +3 2
+7 -3 2 0 2
+2 +3 2 0 0 0 0 0 0 0 0 2 2
+57 +10 2 0 0 2 0 0 1
+3 * 2 0 2
cfi=(289)
cfn=(1086)
calls=2 0x8f8f0 109 
* * 28 12 4 0 0 0 0 0 0 4
+5 +2 2
+4 -1 2
+3 +1 2 2
+1 * 2 2
+2 * 2 2
+1 * 2 2

fn=(1688)
0x8e120 827 10 0 0 1 0 0 1
+4 * 10 0 10
+1 * 10
+3 * 10 0 10
+1 * 10
+3 * 10
+4 +5 10 10 0 0 1 0 0 1
+4 * 10 10
+4 * 10
+3 * 10 0 0 0 0 0 0 0 0 10 2
+47 +2 10 10 0 1 0 0 1
+4 * 10 10
+4 +1 10 10
+4 * 10 0 0 0 0 0 0 0 0 10
+2 +5 10
+3 * 10 0 0 0 0 0 0 0 0 10 2
+63 +11 10 0 10 1 0 0 1
+11 * 10
+2 +4 10 10
+4 * 10 10
+1 * 10 10

fn=(1424)
0x8d270 202 2 0 0 2 0 0 1
+4 +1 2 2
+4 * 2 0 0 0 0 0 0 0 0 2 1
0x8d310 +6 2 0 0 2 0 0 1
+2 * 2
cfi=(289)
cfn=(1426)
calls=2 0x90950 628 
* * 40 14 4 3 0 0 2 0 0 8 6

fl=(316)
fn=(1214)
0x16d380 61 8268 0 0 2 0 0 1
+4 +7 8268
+3 +2 8268 0 0 0 0 0 0 0 0 8268
+2 +3 8268
+4 +1 8268
+5 +2 8268
+2 +1 8268
+5 +1 8268
+5 +1 8268 0 0 0 0 0 0 0 0 8268
+6 +3 8268 8268 0 0 1 0 0 1
+4 +1 8268
+4 +3 8268
+4 +1 8268 0 0 0 0 0 0 0 0 8268 6
+2 +2 139
+2 +1 139 0 0 0 0 0 0 0 0 139 133
+2 +1 3
+3 +1 3
+3 +2 3
+3 * 3 3
+1 +7 8129 0 0 2 0 0 1
+4 +5 8129
+3 +7 8129
+2 +1 8129 0 0 0 0 0 0 0 0 8129
+2 +1 8129
+3 +1 8129 8129
+66 +45 136 0 0 1 0 0 1
+2 +1 136
+2 +1 136
+4 +2 136
+7 +10 136 136
+5 +1 136
+4 +3 136
+3 +1 136 0 0 0 0 0 0 0 0 136
+6 +2 136
+2 +1 136 0 0 0 0 0 0 0 0 136
+2 +2 136 136
+5 +1 136
+4 +1 136
+2 +1 136 0 0 1 0 0 1 0 0 136
+2 +2 136 136 0 0 11 0 0 11
+5 +1 136
+4 +1 136
+2 +1 136 0 0 0 0 0 0 0 0 136
+2 +2 136 136
+5 +1 136
+4 +1 136
+2 +1 136 0 0 0 0 0 0 0 0 136
+2 +4 136
+7 +1 136 0 0 0 0 0 0 0 0 136 4
+6 +3 132
+3 +1 132
+2 +1 132
+4 +1 132
+3 +5 132
+3 * 132
+8 +10 132 132 0 1 0 0 1
+5 +1 132 132
+5 +1 132 132 0 0 12 0 0 11
+5 +1 132 132
+5 +1 132
+4 +1 132
+4 +1 132
+4 +2 132
+4 +6 132
+2 +1 132 0 0 0 0 0 0 0 0 132
-38 -15 620 620 0 0 52 0 0 52
+5 +1 620 620
+5 +1 620 620 0 0 52 0 0 52
+5 +1 620 620
+5 +1 620
+4 +1 620
+4 +1 620
+4 +2 620
+4 +6 620
+2 +1 620 0 0 0 0 0 0 0 0 620 124
+2 +2 628
+4 +2 628
+7 +1 628 0 0 0 0 0 0 0 0 628 142
+2 +4 8 8
+5 +1 8
+4 * 8
+2 +8 8
+2 +1 8 0 0 0 0 0 0 0 0 8
+2 +3 8
+3 +1 8 0 0 0 0 0 0 0 0 8
+6 +4 8
+3 +1 8 0 0 0 0 0 0 0 0 8 2
+26 +11 8
+3 * 8 8
+3 +8 124 0 0 1 0 0 1
+4 +1 124
+2 +1 124 0 0 0 0 0 0 0 0 124
+2 +2 124
+4 +1 124
+2 +1 124 0 0 0 0 0 0 0 0 124 4
+82 +46 124 0 0 1 0 0 1
+4 +4 124
+4 +2 124
+3 +1 124
+3 * 124 124
+2 +5 4 4
+8 +1 4
+4 +5 4
+4 +2 4
+2 +1 4 0 0 0 0 0 0 0 0 4
+2 +3 4
+3 +1 4 0 0 0 0 0 0 0 0 4
+6 * 4
+3 +3 4 4 0 1 0 0 1
+5 +1 4
+4 +1 4
+2 +1 4 0 0 0 0 0 0 0 0 4
+2 +2 4 4
+5 +1 4
+4 +3 4
+7 +1 4
+5 +3 4
+2 +1 4 0 0 0 0 0 0 0 0 4
+2 +4 4
+3 +1 4 0 0 0 0 0 0 0 0 4
+30 +12 4 0 0 1 0 0 1
+3 * 4 4

fl=(181)
fn=(618)
0x36760 37 1 0 0 1 0 0 1
+4 +2 1 1 0 0 1
+7 * 1 1 0 0 1
+7 * 1 1
+4 * 1 1 0 0 1
+3 * 1 1 0 0 1
+4 * 1 0 0 1 0 0 1
+7 * 1 0 1
+4 +2 1 1 0 0 1
+4 * 1 1 0 0 1
+7 * 1
+7 * 1 0 1
+4 +2 1 1
+4 -1 1 1
+7 +1 1
+6 -1 1 0 1
+4 +2 1 1

fl=(247)
fn=(882) __internal_atexit
0x403f0 36 5 0 0 1 0 0 1
+4 * 5 0 5
+1 * 5
+3 * 5 0 5
+2 * 5 0 5
+2 * 5 0 5
+1 * 5 0 0 1 0 0 1
+4 +5 5
+3 * 5 0 0 0 0 0 0 0 0 5
+6 * 5
+3 +2 5
+7 * 5
+3 * 5
+3 * 5
+2 * 5
+5 * 5 0 5 0 0 1
+4 * 5 0 0 0 0 0 0 0 0 5
+2 +1 5
+3 * 5 0 5
cfn=(884) __new_exitfn
calls=5 0x402c0 +36 
* * 162 30 21 4 2 0 4 1 0 24 9
+5 +2 5
+3 * 5 0 0 0 0 0 0 0 0 5
+2 +9 5 0 5 0 0 3 0 0 3
+4 +2 5
+7 -5 5 0 0 1 0 0 1
+3 +2 5 0 5
+4 +2 5 0 5
+7 -4 5 5
+9 * 5
+4 +1 5 0 5
+4 +4 5
+2 * 5 5 5 0 0 0 0 0 0 5
+2 * 5
+3 * 5 0 0 0 0 0 0 0 0 5
+2 +1 5
+2 +1 5
+4 * 5 5
+1 * 5 5
+2 * 5 5
+2 * 5 5
+1 * 5 5

fn=(880)
0x404f0 67 5 0 0 1 0 0 1
+4 +1 5
+7 * 5
cfn=(882)
calls=5 0x403f0 -32 
* * 362 65 76 7 2 4 7 1 3 49 9

fn=(884)
0x402c0 80 5 0 0 1 0 0 1
+4 +6 5 5 0 0 1 0 0 1
+7 * 5 0 0 0 0 0 0 0 0 5
+6 -6 5 0 5
+1 * 5
+3 * 5
+3 * 5
+4 +11 5 5 0 0 1
+3 -10 5
+2 +10 5
+3 * 5
+3 * 5 0 0 0 0 0 0 0 0 5
+6 * 5
+3 +2 5 5
+4 * 5
+12 +1 4
+4 * 4
+4 * 4 4
+6 * 4 0 0 0 0 0 0 0 0 4 4
+6 -1 5 0 0 1 0 0 1
+3 * 5 0 0 0 0 0 0 0 0 5 4
+2 -2 1 1
+3 +10 1 0 1
+8 -10 1
+3 * 1
+3 * 1 0 0 0 0 0 0 0 0 1 1
+14 +13 4
+4 * 4 0 0 0 0 0 0 0 0 4
+2 +25 4
+3 +1 4
+4 * 4 0 4
+4 -1 4
+4 * 4
+5 +7 4 0 4
+7 +5 4
+3 -4 4 0 4
+8 +4 4 4
+1 * 4 4
-19 -5 1 0 1
+7 +5 1
+3 -4 1 0 1
+8 +4 1 1
+1 * 1 1
+19 -18 1 0 1 1 0 0 1
+8 -1 1 0 0 1 0 0 1
+4 +12 1

fl=(188)
fn=(1030) tcache_init.part.0
0xa6c00 3395 1 0 1 1 0 0 1
+1 +11 1
+5 -11 1
+3 +11 1 0 1
cfn=(918) __libc_malloc2
calls=1 0xa6a10 +38 
* * 156 26 15 5 1 1 5 0 1 22 11
+5 * 1
+3 * 1 1
+7 * 1 0 1
+4 +2 1
+3 * 1 0 0 0 0 0 0 0 0 1
fi=(281) /usr/src/debug/glibc/glibc/malloc/../string/bits/string_fortified.h
+2 59 1
+4 * 1
+3 * 1
+2 * 1 0 1
+7 * 1 0 1
+11 * 1
+4 * 1 0 0 1 0 0 1
+3 * 1
+6 * 1
+3 * 1 0 1 0 0 0 0 0 0 1 1
* * 94 0 93 0 0 11 0 0 11 94 9
fe=(188)
+3 3411 1
+7 +1 1 1
+8 * 1
+4 * 1
+5 * 1
+4 * 1
+3 * 1
+4 * 1
+5 * 1 0 1
+3 * 1
+4 * 1 0 1
+4 * 1 0 1
+4 -1 1
+3 * 1 0 0 0 0 0 0 0 0 1 1
-18 +1 2 0 2
+3 * 2
+4 * 2 0 2
+4 * 2 0 2
+4 -1 2
+3 * 2 0 0 0 0 0 0 0 0 2 1
+2 +1 1 0 1
+8 +2 1 1
+1 * 1 1

fn=(918)
0xa6a10 3444 280 0 280 1 0 0 1
+1 * 280
+3 * 280 0 280 0 0 7
+2 * 280 0 280
+1 * 280
+3 * 280
+4 +4 280 280 0 0 7
+7 * 280 0 0 0 0 0 0 0 0 280 13
0xa6a8f +28 280 0 0 1 0 0 1
+4 * 280 280
+1 * 280 280
+2 * 280 280
+1 * 280 280
0xa6b10 -26 280 0 0 2 0 0 1
+3 * 280
+7 * 280 0 280
cfn=(920) _int_malloc
calls=280 0xa59a0 3977 
* * 39847 6392 3495 377 120 296 72 1 268 5904 400
+5 +1 280
+3 * 280 0 0 0 0 0 0 0 0 280 1
+2 * 280 280
+4 * 280
+3 * 280 0 0 0 0 0 0 0 0 280
fi=(187)
+6 151 280
+3 * 280 0 0 0 0 0 0 0 0 280 8
fe=(188)

fn=(922) sysmalloc
0xa50f0 2543 3 0 3 2 0 0 1
+1 * 3
+3 * 3 0 3
+2 * 3 0 3
+2 * 3 0 3
+2 * 3
+3 * 3 0 3
+2 * 3 0 3 0 0 1
+1 * 3 0 0 1 0 0 1
+4 +20 3 3 0 0 2
+7 -20 3 3 0 0 1
+9 * 3 0 3
+4 * 3
+3 +20 3 3 0 0 2
+4 +11 3
+3 * 3 0 0 0 0 0 0 0 0 3
+6 +1 3 3 0 0 2
+7 * 3 0 0 0 0 0 0 0 0 3
+6 -11 3 0 3
+4 +35 3 3
+4 +11 3 0 0 1 0 0 1
+4 -10 3 3
+4 * 3
+3 * 3
+4 +1 3
+4 +9 3
+3 * 3 0 0 0 0 0 0 0 0 3 2
+2 * 1
+4 * 1
+3 * 1 0 0 0 0 0 0 0 0 1 1
+2 * 2
+4 * 2 0 0 0 0 0 0 0 0 2
+6 * 2
+2 * 2 0 0 0 0 0 0 0 0 2
+6 * 2
+4 * 2
+3 * 2 0 0 0 0 0 0 0 0 2
+6 +6 2 0 0 1
+4 * 2
+3 * 2 0 0 0 0 0 0 0 0 2
+6 +3 3 0 0 1 0 0 1
+7 * 3
+3 * 3 0 0 0 0 0 0 0 0 3 3
0xa5210 2932 3 3 0 1 0 0 1
+7 * 3 3
+7 * 3 0 0 0 0 0 0 0 0 3
+2 +1 3 0 3
+7 +5 3 3
+4 * 3
+4 +3 3
+3 * 3 0 0 0 0 0 0 0 0 3
+6 +5 3
+7 * 3 0 0 1 0 0 1
+2 -2 3
+4 +2 3
+3 -1 3 0 3
+4 +1 3
+3 -3 3
+3 +3 3
+4 +1 3
+4 -1 3
+3 * 3
+4 * 3 0 3
+4 +1 3 0 3 0 0 3 0 0 3
+4 +2 3
+4 +6 3 3
+4 * 3 3
+9 * 3 0 0 0 0 0 0 0 0 3
+6 * 3 0 0 1 0 0 1
+4 * 3 3
+1 * 3 3
+2 * 3 3
+2 * 3 3
+2 * 3 3
+2 * 3 3
+1 * 3 3
0xa5388 2680 3 3 0 2 0 0 1
+7 * 3
+5 +9 3
+3 * 3
+3 * 3 3
+4 * 3
+4 +13 3 3
+7 * 3
+3 * 3 0 0 0 0 0 0 0 0 3
+6 +8 3
+5 * 3
+3 * 3
+3 * 3
+3 * 3 0 3 2 0 0 1
+4 +8 3
+3 * 3 0 0 0 0 0 0 0 0 3 3
0xa5451 +48 1 1 0 1 0 0 1
+7 * 1 0 0 0 0 0 0 0 0 1
+6 * 1
+3 * 1 0 0 0 0 0 0 0 0 1 1
+32 +40 1 0 0 1 0 0 1
+3 * 1
+3 * 1 0 0 0 0 0 0 0 0 1 1
+25 +22 1
+3 * 1
+3 +1 1
+5 * 1
+3 * 1
+3 * 1
+3 * 1
+3 +2 1 0 0 0 0 0 0 0 0 1
+6 * 1 0 1 1 0 0 1
+4 +1 1
+3 * 1 0 1
+4 * 1 0 1
cfi=(259)
cfn=(924)
calls=1 0xa46b0 25 
* * 26 8 3 0 0 0 0 0 0 5 3
+6 +12 1 1
+4 * 1 1
+4 * 1
+3 -12 1
+3 +12 1 0 0 0 0 0 0 0 0 1
+6 2019 1 1
+7 * 1
+4 * 1
+3 * 1 0 0 0 0 0 0 0 0 1
+6 2793 1 1
+4 * 1
0xa5608 2937 3 0 3 3 0 0 1
+4 2720 3
+3 * 3 0 3
+4 * 3 0 3
+4 * 3 0 3
+4 * 3 0 3 0 0 1
cfi=(259)
cfn=(924)
calls=3 0xa46b0 25 
* * 150 38 21 14 7 1 8 1 0 29 5
+6 +1 3 3
+4 * 3 3
+4 * 3
+3 * 3 3
+4 -1 3
+3 +1 3 0 0 0 0 0 0 0 0 3 2
+2 2019 3 3
+7 * 3 3
+4 * 3 0 0 3 0 0 1
+4 * 3
+3 * 3 0 0 0 0 0 0 0 0 3 2
+60 2723 3 0 0 2 0 0 1
+1 +3 3
+3 * 3 0 0 0 0 0 0 0 0 3
+6 +29 3 3
+8 +2 3 3
+4 -2 3 0 0 0 0 0 0 0 0 3 1
+6 +2 3 3
+7 * 3
+3 * 3 0 3
+7 +6 3
+3 * 3 0 0 0 0 0 0 0 0 3 1
+6 +1 2
+3 2937 2 2 0 1
+7 2764 2
+4 * 2 0 2
+4 * 2
+30 2887 1 0 0 1 0 0 1
+3 -1 1 0 1
+7 +1 1
+3 * 1
+4 * 1 0 1 0 0 1 0 0 1
+4 +1 1 0 1 1 0 0 1
+7 +11 1
+3 * 1 0 0 0 0 0 0 0 0 1 1
0xa5770 2756 1 0 1 1 0 0 1
+7 * 1
0xa57e0 +38 1 0 1 1 0 0 1
+4 * 1
+3 * 1
0xa5895 2028 1 0 0 1 0 0 1
+3 * 1
+5 * 1

fn=(1402) _int_free_create_chunk
0xa3ab0 4817 261 261 0 2 0 0 1
+4 * 261 0 0 0 0 0 0 0 0 261 1
+6 -1 260 0 260
+1 * 260
+3 * 260 0 0 1 0 0 1
+3 * 260
+3 * 260
+4 +7 260 260 0 0 219
+6 * 260 0 0 0 0 0 0 0 0 260 5
+2 +4 257 0 257
+5 +4 257
+6 * 257 0 0 0 0 0 0 0 0 257
+2 +9 260 260
+4 -1 260
+4 +2 260 260 0 0 1
+4 * 260 0 0 0 0 0 0 0 0 260
+6 +2 260
+4 * 260 0 260 0 0 2
+4 +22 260
+3 -5 260 0 260
+4 +5 260 0 0 1 0 0 1
+4 -4 260 0 260
+4 +1 260 0 260
+4 +1 260 0 260
+4 +2 260 0 260
+4 +1 260 0 260
+4 +15 260 260
+1 * 260 260
+9 * 3 0 3 1
+4 -57 3
+3 * 3 0 3
+4 * 3 0 3
+4 * 3 0 3
+4 * 3 0 3 0 0 1
cfn=(1448) unlink_chunk.isra.0
calls=3 0xa3830 1619 
* * 66 27 9 0 0 0 0 0 0 15 2
+5 +1 3 3
+4 * 3 3
+4 * 3 3 0 1 0 0 1
+4 * 3 3
+4 +6 3
+6 * 3 0 0 0 0 0 0 0 0 3 2
+66 +43 1 0 0 1 0 0 1
+4 +1 1
+3 * 1
+4 * 1 0 1
+4 +1 1 0 1
+4 +5 1 1

fn=(1398) _int_free_chunk
0xa4dd0 4634 261 0 261 1 0 0 1
+1 * 261
+3 * 261
+3 * 261
+3 * 261
+3 * 261
+3 * 261 0 261
+1 * 261
+4 1805 261 261 0 0 2
+7 4642 261
+3 * 261 0 0 0 0 0 0 0 0 261 1
0xa4e90 +78 261 261 0 1 7 0 1
+7 -3 261 261
+4 +3 261 261 0 0 7
+3 -3 261
+2 * 261 0 0 0 0 0 0 0 0 261
+2 +6 261 261 0 0 2
+7 * 261 0 0 0 0 0 0 0 0 261
+6 +6 261
+3 * 261
+3 * 261
+3 * 261 0 261 0 0 1
cfn=(1400) _int_free_merge_chunk
calls=261 0xa4c60 +39 
* * 32342 9692 6084 19 246 4 14 0 0 5447 47
+5 +2 261
+21 +28 261 261 0 1 0 0 1
+7 * 261 0 261
+3 +2 261 261
+4 * 261 261
+1 * 261 261

fn=(1448)
0xa3830 1619 266 0 266 1 0 0 1
+1 +2 266 266
+4 * 266
+3 * 266
+4 -2 266
+3 +2 266 266 0 1 1 0 1
+4 * 266 0 0 0 0 0 0 0 0 266
+6 +3 266 266 0 0 3
+4 +3 266 266 0 0 3
+4 * 266 0 0 0 0 0 0 0 0 266
+2 -2 266 266
+4 +2 266 266
+4 * 266 0 0 0 0 0 0 0 0 266
+2 +3 266 0 266
+4 +1 266 0 266
+4 +1 266
+7 * 266 0 0 0 0 0 0 0 0 266 3
+2 * 264 264
+4 * 264
+3 * 264 0 0 0 0 0 0 0 0 264 5
+2 +2 13 13
+4 * 13 0 0 0 0 0 0 0 0 13
+2 +1 13 13 0 1 0 0 1
+4 * 13 13
+4 * 13 0 0 0 0 0 0 0 0 13
+2 +3 13 13 0 0 2
+5 * 13 0 0 0 0 0 0 0 0 13
+2 +14 13 0 13
+4 +1 13 0 13
+4 +3 13 13
+1 * 13 13
-1 * 253 253
+1 * 253 253

fn=(920)
0xa59a0 3977 280 0 280 1 0 0 1
+1 * 280
+3 * 280 0 280
+2 * 280 0 280
+2 * 280 0 280 0 0 7
+2 * 280 0 280
+2 * 280 0 280
+1 * 280
+4 1337 280
+3 * 280 0 0 0 0 0 0 0 0 280
+6 +19 280
+4 * 280 0 0 1 0 0 1
+3 * 280
+3 * 280
+4 * 280 0 0 0 0 0 0 0 0 280
+6 * 280
+4 4018 280
+3 * 280 0 0 0 0 0 0 0 0 280
+6 1805 280 280 0 0 8
+7 4045 280
+3 * 280 0 0 0 0 0 0 0 0 280 9
+6 +67 4
+3 * 4
+4 -65 4
+4 * 4
+3 * 4
+4 * 4 0 0 2 0 0 1
+4 +3 4 4 0 0 1
+4 +2 4
+3 * 4 0 0 0 0 0 0 0 0 4 4
0xa5b0e 4623 280
+4 * 280
+3 * 280 280
+1 * 280 280
+2 * 280 280
+2 * 280 280
+2 * 280 280
+2 * 280 280
+1 * 280 280
+1 4110 276 0 0 128 0 0 1
+7 * 276 0 0 0 0 0 0 0 0 276 9
+6 +62 269
+3 * 269
+4 * 269
+4 * 269
+7 * 269 0 0 15 0 0 1 0 0 269 4
+2 * 9
+3 * 9
+4 * 9
+4 * 9
+7 * 9 0 0 0 0 0 0 0 0 9 4
+2 * 5
+3 * 5
+4 * 5
+4 * 5
+7 * 5 0 0 0 0 0 0 0 0 5 3
+2 * 3
+3 * 3
+5 * 3
+3 * 3
+4 * 3
+4 * 3
+3 * 3 0 0 1 0 0 1
+3 * 3
+4 * 3
+4 * 3
+4 * 3
+4 * 3
+3 * 3
+11 +1 3 3 0 0 1
+4 * 3
+2 * 3 0 0 0 0 0 0 0 0 3
-6 * 266 266 0 13 7
+4 * 266
+2 * 266 0 0 0 0 0 0 0 0 266 1
+6 +19 280
+3 +1 280 280 0 0 7
+7 -2 280
+2 +1 280
+4 * 280
+4 +1 280 280 0 128 6 0 1
+5 * 280 0 0 0 0 0 0 0 0 280 4
+2 -2 278 278
+7 * 278
+4 +12 278 278 0 0 8
+4 * 278
+4 * 278 0 278
+8 * 278
+3 * 278 0 0 0 0 0 0 0 0 278 142
-19 * 2 2
+4 * 2
+4 * 2 0 2
+8 * 2
+3 * 2 0 0 0 0 0 0 0 0 2 2
+6 -1 17 0 17
+7 * 17
+3 * 17 0 17
+4 * 17
+3 +4 17 17 0 0 6
+4 * 17 0 0 1 0 0 1
+4 +3 17
+4 * 17 0 0 0 0 0 0 0 0 17 2
-12 -3 2 2
+4 * 2
+4 +3 2
+4 * 2 0 0 0 0 0 0 0 0 2
+6 +1 19 19 0 0 6
+7 * 19
+3 * 19 0 0 0 0 0 0 0 0 19 4
+6 -3 19
+4 +5 19 19 0 0 6
+5 +1 19
+4 * 19 0 0 0 0 0 0 0 0 19
+6 * 19
+3 * 19 0 0 0 0 0 0 0 0 19 2
+6 +2 19 19
+4 * 19 0 0 1 0 0 1
+4 * 19
+3 * 19 0 0 0 0 0 0 0 0 19
+6 -10 19 19 0 0 4
+4 +12 19 19
+4 * 19 0 0 0 0 0 0 0 0 19
+6 +1 19 19
+4 * 19 0 0 0 0 0 0 0 0 19 1
+6 +2 19
+3 * 19 0 0 0 0 0 0 0 0 19
+6 +11 19
+7 * 19 0 0 0 0 0 0 0 0 19 6
+2 * 4
+3 * 4 0 0 0 0 0 0 0 0 4 2
+6 +29 15 0 15 1 0 0 1
+4 +1 15 0 15
+4 +4 15
+3 * 15 0 0 0 0 0 0 0 0 15
+6 +29 15
+6 * 15 0 0 0 0 0 0 0 0 15 1
+6 +8 14
+3 * 14
+4 * 14
+6 * 14 0 0 0 0 0 0 0 0 14 5
+6 * 4
+3 * 4
+5 * 4 0 4
+3 * 4
+3 * 4
+4 +1 4
+3 +1 4 4 0 0 3
+4 -1 4
+5 +4 4
+3 * 4 0 0 0 0 0 0 0 0 4
-15 -4 10 0 0 1 0 0 1
+3 +1 10 10 0 0 9
+4 -1 10
+5 +4 10
+3 * 10 0 0 0 0 0 0 0 0 10 5
+6 +5 1 1
+5 * 1 1 0 0 1
+5 * 1
+4 * 1 0 0 0 0 0 0 0 0 1 1
+6 -2 1
+4 +3 1
+3 * 1 0 0 0 0 0 0 0 0 1
+6 +6 1 1 0 0 1
+4 * 1 1
+4 * 1 0 0 0 0 0 0 0 0 1
+6 +3 1
+5 * 1
+5 * 1
+4 * 1 0 1
+4 +2 1 0 1
+4 * 1 0 1
+4 +33 1 1
+3 * 1
+6 +9 1 0 1
+5 -9 1
+2 * 1
+3 * 1
+3 * 1
+2 * 1 0 1 0 0 1
+8 +2 1 0 1
+4 -1 1 0 1
+4 +2 1 0 1
+4 +7 1 1
+3 -6 1 0 1
+5 +6 1
+2 * 1 0 0 0 0 0 0 0 0 1 1
-54 -10 15 15 0 1 0 0 1
+3 * 15
+6 +9 15 0 15
+5 -9 15
+2 * 15
+3 * 15
+3 * 15
+2 * 15 0 15 0 0 5
+8 +2 15 0 15 1 0 0 1
+4 -1 15 0 15
+4 +2 15 0 15
+4 +7 15 15
+3 -6 15 0 15
+5 +6 15
+2 * 15 0 0 0 0 0 0 0 0 15 9
0xa5e2e 4113 11 0 0 2 0 0 1
+3 +2 11 11 0 0 6
+4 -2 11
+4 +2 11
+3 * 11 0 0 2 0 0 1 0 0 11 6
0xa5f6b -63 4 0 0 2 0 0 1
+5 * 4
+4 * 4
0xa6020 4376 16 0 0 1 0 0 1
+4 * 16
+3 * 16
+5 * 16 0 0 0 0 0 0 0 0 16
+2 4203 16 16
+4 * 16
+3 * 16 0 0 0 0 0 0 0 0 16 2
+6 4382 14 14
+3 * 14
+3 * 14 14
+4 * 14
+2 * 14 0 0 0 0 0 0 0 0 14
+6 +11 277 0 0 1 0 0 1
+4 * 277
+7 * 277 0 0 0 0 0 0 0 0 277 6
+2 +2 269
+4 * 269
+3 * 269
+4 +3 269 269 0 0 11
+3 -3 269
+4 +3 269
+3 * 269 0 0 0 0 0 0 0 0 269 10
+2 +1 1 1
+4 * 1 0 0 0 0 0 0 0 0 1
+6 * 277
+3 * 277 0 0 1 0 0 1
+3 * 277
+3 +67 277
+4 +1 277
+3 +1 277
+3 -1 277
+5 +1 277
+4 +1 277
+3 * 277 277 0 0 3
+8 +1 277
+5 * 277
+2 * 277
+7 +5 277
+3 * 277
+2 * 277 0 0 0 0 0 0 0 0 277 7
-5 * 9
+3 * 9
+2 * 9 0 0 0 0 0 0 0 0 9 6
+2 * 274
+9 +16 168
+4 +2 168
+2 * 168 0 0 0 0 0 0 0 0 168
+6 -4 186 0 0 1 0 0 1
+2 * 186 0 0 0 0 0 0 0 0 186 43
+2 +8 18 18 0 0 3
+4 +3 18
+3 * 18 0 0 0 0 0 0 0 0 18 8
+6 +2 9
+2 +1 9
+4 +1 9
+2 -2 9
+2 * 9
+2 * 9
+3 * 9 0 9
+8 -27 9
0xa6190 4302 10 0 0 1 0 0 1
+3 * 10
+4 * 10
+6 * 10 0 0 0 0 0 0 0 0 10 4
+6 * 5
+3 * 5
+4 * 5
+6 * 5 0 0 0 0 0 0 0 0 5 3
+6 * 2
+8 * 2
+3 * 2
+3 * 2 0 2
+3 * 2
+4 * 2
+21 -70 4 4 0 1 0 0 1
+4 * 4 0 0 0 0 0 0 0 0 4
+6 +2 4
+4 -1 4
+3 * 4 0 0 0 0 0 0 0 0 4 3
+6 +27 1 0 1
+4 +1 1 0 1
+4 +4 1
+3 * 1 0 0 0 0 0 0 0 0 1
+6 +29 1 0 1
+7 * 1
+6 * 1
+6 * 1 0 0 0 0 0 0 0 0 1
+6 +2 2 0 0 1 0 0 1
+3 * 2 0 2
+3 +1 2
+4 * 2
+2 * 2
+4 +1 2 2 0 0 2
+3 -1 2
+4 +1 2
+8 * 5 0 0 1 0 0 1
+8 +4 5
+3 * 5
+3 * 5 0 5
+3 * 5
+4 * 5
+59 +52 13 0 0 1 0 0 1
+5 -51 13
+3 +51 13
+4 * 13 0 13
+4 * 13
0xa6320 3241 7 0 0 2 0 0 1
+2 4112 7
+3 * 7
+3 * 7
+4 * 7
+3 * 7
+4 * 7
0xa63f0 -47 274 0 0 1 0 0 1
+4 * 274
+3 * 274
+8 * 274 0 0 1 0 0 1
+33 4482 276 276
+2 * 276
+4 * 276
+2 * 276 0 0 0 0 0 0 0 0 276 5
+6 * 270
+3 -3 270
+3 * 270
+3 * 270 0 0 0 0 0 0 0 0 270 7
-6 * 274
+3 * 274
+3 * 274 0 0 0 0 0 0 0 0 274 14
+2 4579 268 268
+4 +1 268 268 0 1 2 0 1
+4 * 268
+4 +2 268 268 0 0 2
+7 * 268 0 0 0 0 0 0 0 0 268 2
+6 +3 268
+5 * 268
+3 * 268 0 0 0 0 0 0 0 0 268 7
+6 +17 3 3
+4 * 3
+2 * 3 0 0 0 0 0 0 0 0 3 2
0xa64d0 4302 3
+3 * 3
+4 * 3
+6 * 3 0 0 0 0 0 0 0 0 3
+2 * 3
+8 * 3
+3 * 3
+3 * 3 0 3
+3 * 3
+4 * 3
+5 4484 6 0 0 1 0 0 1
+3 * 6
+3 * 6 0 0 1 0 0 1
+5 +1 6
+5 * 6
0xa6588 +24 9 9 0 1 1 0 1
+4 * 9
+3 * 9
+3 * 9
+4 +3 9
+3 * 9 0 0 0 0 0 0 0 0 9
+6 +2 9
+3 +3 9
+3 * 9 0 9
+4 -3 9
+3 * 9 0 9
+4 * 9 0 9
+4 * 9 0 9
+4 +3 9 0 9 0 0 1
cfn=(1448)
calls=9 0xa3830 1619 
* * 267 112 43 3 2 0 3 0 0 68 2
+5 +3 9 9 0 1 0 0 1
+4 * 9 9
+4 * 9 9
+4 * 9 9
+4 * 9
+4 * 9 0 0 0 0 0 0 0 0 9 3
+6 +15 9 9
+4 +1 9 9
+4 * 9 0 0 0 0 0 0 0 0 9 1
+6 +3 9
+5 * 9
+5 -9 9
+4 +9 9
+4 * 9 0 9 0 0 2
+4 +1 9 0 9
+4 +1 9 0 9 1 0 0 1
+4 +3 9
+7 * 9 0 0 0 0 0 0 0 0 9 2
+2 +1 1 0 1
+4 +1 1
+7 * 1 0 0 0 0 0 0 0 0 1 1
-7 * 8
+7 * 8 0 0 0 0 0 0 0 0 8 1
+2 +2 7
+4 * 7 0 7
+4 +3 7
+7 * 7
+3 * 7
+3 * 7
+3 * 7
+4 * 7
+3 * 7
+4 * 7 0 7 1 0 0 1
+5 +2 7
+3 * 7
+4 * 7 0 7
+4 +1 7 0 7
+4 1996 7 7
+6 4557 7
+4 1996 7
+2 * 7 0 0 0 0 0 0 0 0 7 1
-59 4551 2
+7 * 2
+3 * 2
+3 * 2
+3 * 2
+4 * 2
+3 * 2
+4 * 2 0 2
+5 +2 2
+3 * 2
+4 * 2 0 2
+4 +1 2 0 2
+4 1996 2 2
+6 4557 2
+4 1996 2
+2 * 2 0 0 0 0 0 0 0 0 2 2
0xa685d 4595 265
+4 +1 265
+3 * 265
+3 * 265 0 265 0 0 6
cfn=(930) alloc_perturb
calls=265 0xa2ed0 1995 
* * 1325 530 0 0 0 0 0 0 0 265
+5 +1 265
+5 -9 265 0 0 1 0 0 1
+3 * 265
+3 * 265
+4 +2 265 0 0 1 0 0 1
+7 * 265
+3 -1 265 0 265
+4 +1 265
+3 -3 265
+3 +3 265
+3 +2 265
+4 -2 265
+4 * 265
+3 * 265
+4 * 265 0 265
+5 +2 265 0 265 0 0 264 0 0 264
+4 * 265
+2 4238 3
+4 -1 3
+3 +3 3
+5 -1 3 0 3
+4 +1 3
+4 * 3 0 3 1 0 0 1
+5 +1 3
+5 * 3
+4 * 3 0 3 0 0 3
+4 +1 3
+6 * 3 0 0 0 0 0 0 0 0 3 2
+10 +6 3
+7 * 3
+3 * 3
+3 * 3
+3 * 3
+4 * 3
+3 * 3
+4 * 3 0 3
+4 +2 3
+3 * 3
+4 * 3 0 3
+4 +1 3 0 3
+4 +3 3
+4 +1 3
+3 * 3
+3 * 3 0 3
cfn=(930)
calls=3 0xa2ed0 1995 
* * 15 6 0 0 0 0 0 0 0 3
+5 +1 3
+5 4617 3 0 0 2 0 0 1
+3 * 3
+3 * 3 0 3
+4 * 3 0 3
cfn=(922)
calls=3 0xa50f0 2543 
* * 576 140 91 44 14 7 28 1 4 92 26
+5 * 3
+3 +1 3
+3 * 3 0 0 0 0 0 0 0 0 3 2
+6 +1 3 3 0 3 0 0 1
+4 * 3
+3 * 3 0 3
cfn=(930)
calls=3 0xa2ed0 1995 
* * 15 6 0 1 0 0 1 0 0 3 1
+5 * 3

fn=(1028) tcache_malloc_init
0xa6ca0 3397 1 1 0 1 0 0 1
+7 * 1 1
+4 * 1 0 0 0 0 0 0 0 0 1
+2 +28 1 0 1
+1 * 1
+3 * 1
+4 -23 1 1
+7 * 1 1 0 1 0 0 1
+8 * 1 0 0 0 0 0 0 0 0 1
+2 * 1 0 1
+4 * 1 0 1
cfn=(1030)
calls=1 0xa6c00 -7 
* * 298 30 124 7 1 12 7 0 12 121 23
+5 * 1 1
+4 +26 1 1
+1 -1 1
cfn=(918)
calls=1 0xa6a10 +17 
* * 169 29 15 2 0 0 2 0 0 24 10

fn=(1332)
0xa7f30 3516 16920 0 0 2 0 0 1
+4 +3 16920
+3 * 16920 0 0 0 0 0 0 0 0 16920 3
+6 +15 16920 0 0 2 0 0 1
+4 * 16920 0 0 0 0 0 0 0 0 16920 3
+6 -4 16920 16920 0 0 14
+4 * 16920
+3 * 16920
+4 +10 16920 16920 0 0 3
+7 * 16920 0 0 0 0 0 0 0 0 16920 8
+2 * 16909 16909 0 0 2
+7 * 16909 16909 0 0 2
+4 * 16909
+3 * 16909 0 0 0 0 0 0 0 0 16909 2
+2 +6 16909 16909 0 0 1
+7 * 16909 16909 0 0 58
+4 * 16909 0 0 0 0 0 0 0 0 16909 78
+6 +3 16909
+4 * 16909 0 0 1 0 0 1
+3 * 16909
+4 +1 16909
+7 * 16909 0 0 0 0 0 0 0 0 16909 4
+2 +2 16909 16909 0 0 5
+4 * 16909
+3 * 16909 0 0 0 0 0 0 0 0 16909 5
+2 3201 16659
+3 +8 16659
+3 -12 16659 0 16659
+4 +4 16659
+4 * 16659 16659 0 0 5
+8 * 16659 0 16659
+3 +1 16659 0 16659
+8 +7 16659 0 16659
+4 3553 16659 16659
+2 -4 11 0 0 1 0 0 1
+4 -22 11
+4 +40 11
+3 * 11 0 0 0 0 0 0 0 0 11
-7 -40 250
+4 +40 250
+3 * 250 0 0 0 0 0 0 0 0 250 1
fi=(187)
+6 151 261
+4 * 261
+7 * 261 0 0 0 0 0 0 0 0 261 3
fe=(188)
+14 3571 261
+2 * 261
+3 * 261
cfn=(1398)
calls=261 0xa4dd0 4634 
* * 39650 12041 7128 22 264 5 17 0 0 6230 48

fn=(1400)
0xa4c60 4768 261 0 261 1 0 0 1
+1 * 261
+3 * 261 0 261
+2 * 261 0 261
+2 * 261 0 261 0 0 1
+1 * 261
+4 +5 261 261 0 0 3
+4 * 261
+3 * 261 0 0 0 0 0 0 0 0 261
+6 * 261
+3 * 261
+3 -4 261 0 0 2 0 0 1
+4 +7 261
+3 * 261 261 0 0 3
+4 * 261 0 0 0 0 0 0 0 0 261 2
+6 +5 261 261 0 0 2
+4 * 261
+4 * 261 0 0 0 0 0 0 0 0 261
+6 +4 261
+4 * 261 0 0 0 0 0 0 0 0 261
+6 -1 261
+4 +1 261 261 0 0 3
+7 * 261 0 0 0 0 0 0 0 0 261
+6 2003 261 261
+6 * 261 0 0 1 0 0 1
+2 * 261 0 0 0 0 0 0 0 0 261
+6 4792 261 261
+4 * 261 0 0 0 0 0 0 0 0 261 9
+2 +2 254 254
+3 +2 254
+3 +1 254 254 0 0 3
+4 * 254
+4 * 254
+3 * 254 0 0 0 0 0 0 0 0 254
+6 +2 254
+3 * 254 0 254
+4 -4 254
+3 +4 254 0 254
+4 * 254 0 254
cfn=(1448)
calls=254 0xa3830 1619 
* * 5630 2305 772 0 7 0 0 0 0 1284 4
+5 * 254 254
+4 * 254 254
+4 +4 254
+3 * 254
+3 * 254
+3 * 254 0 254
cfn=(1402)
calls=254 0xa3ab0 +14 
* * 7123 1533 2286 1 216 1 1 0 0 1018 3
-9 * 7 0 0 1 0 0 1
+3 * 7
+3 * 7
+3 * 7 0 7
cfn=(1402)
calls=7 0xa3ab0 +14 
* * 258 68 77 6 4 2 4 0 0 38 7
+5 +91 261
+6 * 261 0 0 0 0 0 0 0 0 261 10
+2 -89 135
+4 * 135 135
+1 * 135 135
+2 * 135 135
+2 * 135 135
+1 * 135 135
+8 * 126
+4 * 126
+3 * 126 126
+1 * 126 126
+2 * 126 126
+2 * 126 126
+1 * 126
cfn=(1476) _int_free_maybe_consolidate.part.0
calls=126 0xa47a0 +82 
* * 4158 1764 882 6 2 0 4 0 0 504 10
+43 -29 261 261 0 1 3 0 1
+4 * 261
+4 * 261
+3 * 261
+3 * 261 0 0 0 0 0 0 0 0 261 2

fn=(930)
0xa2ed0 1995 271 0 0 1 0 0 1
+3 +1 271 271
+6 * 271
+2 * 271 0 0 0 0 0 0 0 0 271 1
+2 +2 271 271

fn=(916)
0xa7970 3480 16921 0 0 1 0 0 1
+4 1337 16921
+3 * 16921 0 0 0 0 0 0 0 0 16921 1
+6 +19 16921 0 0 1 0 0 1
+4 * 16921
+3 * 16921
+4 * 16921
+4 * 16921
+5 * 16921
+4 3489 16921 16921 0 0 9 0 0 1
+7 * 16921 0 0 0 0 0 0 0 0 16921 9
+2 +3 16909 16909 0 0 2
+7 * 16909 16909 0 0 2
+4 * 16909
+3 * 16909 0 0 0 0 0 0 0 0 16909 1
+6 -1 16908
+3 * 16908
+4 * 16908
+4 +4 16908 0 0 1 0 0 1
+4 * 16908 0 0 0 0 0 0 0 0 16908
+2 +2 16908
+4 * 16908 16908 0 0 6
+5 * 16908
+3 * 16908 0 0 0 0 0 0 0 0 16908 139
+2 3224 16642
+2 * 16642 0 0 0 0 0 0 0 0 16642
+6 +4 16642
+3 * 16642
+4 * 16642 16642 0 0 3
+3 * 16642 0 16642
+5 +4 16642 0 16642 0 0 3
+5 +1 16642 0 16642
+8 3498 16642 16642
+11 +12 278 0 0 1 0 0 1
cfn=(918)
calls=278 0xa6a10 -66 
* * 45962 8017 4585 374 126 302 68 1 267 6978 401
0xa7a90 -17 1 0 0 1 0 0 1
cfn=(1028)
calls=1 0xa6ca0 -96 
* * 481 65 142 11 1 12 11 0 12 147 33

fn=(1476)
0xa47a0 4887 126 0 126 2 0 0 1
+1 * 126
+3 * 126 0 126
+2 * 126 0 126
+2 * 126 0 126
+2 * 126 0 126
+2 * 126 0 126
+1 * 126
+4 * 126 126
+9 * 126 0 126
+4 * 126 0 0 2 0 0 1
+3 +9 126 126
+3 * 126
+2 * 126 0 0 0 0 0 0 0 0 126
+6 +3 126
+7 * 126
+3 * 126 0 0 0 0 0 0 0 0 126 5
0xa4980 +17 126 126 0 1 0 0 1
+4 * 126 126
+9 * 126 0 0 0 0 0 0 0 0 126
+6 * 126
+4 * 126 126
+1 * 126 126
+2 * 126 126
+2 * 126 126
+2 * 126 126
+2 * 126 126
+1 * 126 126
+31 -14 126 126 0 1 0 0 1
+4 * 126 126
+4 * 126
+4 * 126 126 0 0 2
+7 * 126 0 0 0 0 0 0 0 0 126 5

fl=(113) /usr/src/debug/glibc/glibc/string/../sysdeps/x86_64/multiarch/strpbrk.c
fn=(384) strpbrk
0xaf140 29 1 0 0 1 0 0 1
fi=(389)
+4 +7 1 1
+7 * 1
+7 * 1 1
+7 * 1
+7 * 1
fe=(113)
+4 -7 1 1

fl=(193) /usr/src/debug/glibc/glibc/csu/init-first.c
fn=(666) _init_first
0x273c0 46 1 0 0 1 0 0 1
+4 * 1 0 1
+1 * 1
+2 * 1
+3 * 1
+4 +5 1 1
+7 * 1 0 0 0 0 0 0 0 0 1
+2 +4 1 1 0 0 1
+7 * 1 1 0 0 1 0 0 1
+3 * 1 1
+7 * 1 1
+4 * 1 0 0 0 0 0 0 0 0 1 1
+2 +8 1 1 0 0 1
+7 -2 1 0 1 0 0 1
+6 +10 1
+2 -9 1 0 1 1 0 0 1
+7 +1 1 0 1 0 0 1 0 0 1
+3 +9 1 1
+1 -1 1
cfi=(194) /usr/src/debug/glibc/glibc/misc/init-misc.c
cfn=(668) __init_misc
calls=1 0x11a6e0 -41 
* * 50 11 6 5 2 1 5 1 0 5 1 1 1

fl=(133) /usr/src/debug/glibc/glibc/string/../sysdeps/x86_64/multiarch/strcpy.c
fn=(438) strcpy
0xae1f0 29 1 0 0 1 0 0 1
fi=(91)
+4 +9 1 1
+7 * 1 1 0 1 0 0 1
+6 +1 1 1
+6 -1 1
+3 * 1 0 0 0 0 0 0 0 0 1
+2 +1 1
+3 * 1 0 0 0 0 0 0 0 0 1
+2 +4 1
+2 * 1
+2 * 1
+5 * 1 0 0 0 0 0 0 0 0 1
+2 +3 1
+7 * 1
+3 * 1 0 0 0 0 0 0 0 0 1
+2 +3 1
+7 * 1
+3 * 1 0 0 0 0 0 0 0 0 1 1
fe=(133)
+37 -20 1 1

fl=(196) /usr/src/debug/glibc/glibc/libio/vtables.c
fn=(674) check_stdfiles_vtables
0x27430 545 1
+4 +1 1 1 0 0 1
+7 * 1 0 0 1 0 0 1
+7 * 1 1 0 0 1
+7 * 1 0 0 0 0 0 0 0 0 1 1
+30 +1 1 1 0 0 1
+7 * 1 1 0 0 1
+7 * 1 0 0 0 0 0 0 0 0 1
+2 +1 1 1
+7 * 1 1 0 1 1 0 1
+7 * 1 0 0 0 0 0 0 0 0 1
+2 +2 1 1

fl=(197) /usr/src/debug/glibc/glibc/libio/stdfiles.c
fn=(676) _IO_stdfiles_init
0x274a0 64 1
+4 +3 1 1 0 0 1
+7 * 1
+3 * 1 0 0 0 0 0 0 0 0 1
+2 -1 1
+7 * 1
+9 +3 1 0 1 1 0 0 1
+7 -1 1
+4 -1 1 1 0 0 1
+4 * 1
+3 * 1 0 0 0 0 0 0 0 0 1 1
-18 +2 2 0 2 0 0 1
+7 -1 2
+4 -1 2 2 0 0 2
+4 * 2
+3 * 2 0 0 0 0 0 0 0 0 2 1
+2 +3 1 1

fl=(114) /usr/src/debug/glibc/glibc/string/../sysdeps/x86_64/multiarch/strcmp.c
fn=(386) strcmp
0xad180 79 2 0 0 1 0 0 1
+4 -32 2 2 0 0 1
+7 +1 2 2 0 0 1
+6 +1 2 2 0 0 1
+6 -1 2
+2 * 2
+5 * 2 0 0 0 0 0 0 0 0 2 2
+50 +1 2 0 0 1 0 0 1
+3 * 2 0 0 0 0 0 0 0 0 2
+2 +4 2 2
+6 * 2
+2 * 2
+5 * 2 0 0 0 0 0 0 0 0 2 1
+2 +3 2
+7 * 2 2
+7 * 2 0 0 0 0 0 0 0 0 2
+2 +3 2
+7 * 2
+3 * 2 0 0 0 0 0 0 0 0 2
+2 +20 2 2 0 1 0 0 1

fl=(261)
fn=(928)
0x10f7b0 36 4 0 0 1 0 0 1
fi=(396) /usr/src/debug/glibc/glibc/misc/../sysdeps/unix/sysv/linux/brk_call.h
+4 -12 4
+5 * 4
fe=(261)
+2 +13 4 4 0 2 0 0 1
+7 * 4 0 4
+3 +1 4
+3 * 4 0 0 0 0 0 0 0 0 4
+2 +6 4
+2 +1 4 4

fl=(94) /usr/src/debug/glibc/glibc/wcsmbs/../sysdeps/x86_64/multiarch/wmemcmp.c
fn=(332) wmemcmp
0xd0c60 29 2 0 0 1 0 0 1
fi=(95) /usr/src/debug/glibc/glibc/wcsmbs/../sysdeps/x86_64/multiarch/ifunc-memcmp.h
+4 +5 2 2
+7 * 2
+7 * 2 2
+6 * 2
+2 * 2
+2 * 2 0 0 1 0 0 1
+6 * 2 0 0 0 0 0 0 0 0 2 2
fe=(94)
+2 -5 2
+3 * 2 2
fi=(95)
+9 +6 2 2
+7 * 2 0 0 0 0 0 0 0 0 2
+2 +2 2 2
+6 * 2
+3 * 2 0 0 0 0 0 0 0 0 2
+2 +4 2
+6 * 2 0 0 0 0 0 0 0 0 2 1
+2 +3 2
+7 * 2
+3 * 2 0 0 0 0 0 0 0 0 2
+2 +3 2
+3 * 2 0 0 1 0 0 1
+7 * 2
+7 * 2
+4 * 2
fe=(94)

fl=(97) /usr/src/debug/glibc/glibc/wcsmbs/../sysdeps/x86_64/multiarch/wmemset.c
fn=(340) wmemset
0xd0d10 31 3 0 0 1 0 0 1
fi=(98) /usr/src/debug/glibc/glibc/wcsmbs/../sysdeps/x86_64/multiarch/ifunc-wmemset.h
+4 +5 3 3
+7 * 3
+7 * 3 3
+6 * 3
+3 * 3 0 0 0 0 0 0 0 0 3
+2 +1 3 3
+6 * 3
+3 * 3 0 0 0 0 0 0 0 0 3 3
fe=(97)
+39 -6 3 3 0 1 0 0 1

fl=(365)
fn=(1612)
0x408b0 148 1 0 0 1 0 0 1
+4 * 1 0 1
+1 * 1
+3 * 1 0 1
+2 +1 1 1 0 1 1 0 1
+7 -1 1 0 1
+1 +1 1 1
+5 * 1
+3 * 1 0 0 0 0 0 0 0 0 1 1
+69 +16 1 1 0 1 0 0 1
+1 * 1 1
+2 * 1 1
+1 * 1 1

fl=(268)
fn=(978)
0x276a0 242 1 0 0 1 0 0 1
+4 * 1 0 1
+1 * 1
+3 * 1 0 1
+2 * 1 0 1
+2 * 1
+3 * 1 0 1
+2 * 1
+3 * 1 0 1
+2 * 1
+3 * 1 0 1
+1 * 1
+4 * 1 0 1 1 0 0 1
+4 +69 1
+3 * 1 0 0 0 0 0 0 0 0 1
+2 +1 1
+2 * 1
+2 * 1
+3 * 1 0 1
cfi=(247)
cfn=(880)
calls=1 0x404f0 67 
* * 76 13 15 0 0 1 0 0 1 10 2
+5 +25 1 1
+7 * 1 1
+2 * 1
+2 * 1 0 1
+3 * 1
+3 * 1 0 0 0 0 0 0 0 0 1
+6 +6 1 1
+7 * 1 1
+3 -3 1
+3 * 1 0 0 0 0 0 0 0 0 1 1
+18 +10 1 1
+3 * 1 1 1 0 0 0 0 0 0 0 0 1 1
cob=(1)
cfi=(49) /usr/src/debug/glibc/glibc/elf/dl-audit.c
cfn=(990) _dl_audit_preinit
calls=1 0x19d10 118 
* * 5 2 0 1 1 0 1 0 0 1
+6 +2 1
+2 * 1 0 0 0 0 0 0 0 0 1 1
+6 +8 1 1
+4 * 1
+3 * 1
+3 * 1 0 1
cfi=(269)
cfn=(992)
calls=1 0x27600 29 
* * 57047933 15141583 8082320 3143 126793 7610 845 189 6195 8170355 172346 611872 34316
+5 128 1 1 0 1 0 0 1
+7 * 1 1 0 0 1
+3 +6 1 1 0 0 1
+7 * 1
+3 * 1 0 0 0 0 0 0 0 0 1
+2 +1 1 0 1 1 0 0 1
+4 * 1 1 0 0 1
+4 * 1
+3 * 1
+3 * 1 1
+3 * 1 0 1 0 0 0 0 0 0 0 0 1 1
cob=(4)
cfi=(191)
cfn=(980) 0x0000000004002000
calls=1 0x4002000 0 
* * 7 2 0 1 1 0 1 0 0 1 1
+2 * 1 1
+4 +3 1 1 0 0 1
+7 +1 1
+3 * 1 0 0 0 0 0 0 0 0 1
+2 +3 1 1
+7 * 1 1 0 0 1
+4 * 1
+4 +2 1
+2 * 1 0 0 0 0 0 0 0 0 1
+2 -1 1 1
+3 * 1 1
+4 * 1
+3 * 1 0 0 1 0 0 1
+4 * 1
+4 * 1 0 1
+4 * 1
+13 +2 1 0 1
+4 * 1
+3 * 1
+3 * 1 1 1 0 1 0 0 0 0 0 0 1 1
cob=(8)
cfi=(267)
cfn=(984)
calls=1 0x2b50 0 
* * 12 1 0 2 0 0 2 0 0 1 1
+2 -1 1
+3 * 1 1
+4 * 1 0 0 0 0 0 0 0 0 1
+2 * 1

fl=(293)
fn=(1098)
0x931e0 74 37 0 0 1 0 0 1
+4 * 37 0 37
+1 * 37
+3 +1 37
+4 * 37 37 37
+3 * 37 0 37 0 0 1
cfn=(1100) __internal_syscall_cancel
calls=37 0x93150 -45 
* * 481 222 37 1 1 0 1 0 0 37 2
+5 +4 37 37
+1 * 37 37
+1 * 37
+6 * 37 0 0 0 0 0 0 0 0 37
+2 +1 37 37
+1 * 37 37

fn=(1100)
0x93150 30 37 0 0 1 0 0 1
+4 * 37 0 37
+1 * 37
+3 * 37
+3 * 37
+4 +7 37 37
+9 * 37 37 0 0 1
+7 +1 37 37
+7 * 37 0 0 0 0 0 0 0 0 37 2
+82 +2 37 37
+4 * 37
+2 +24 37 37
+1 * 37 37

fl=(185)
fn=(626)
0x42080 238 1 0 0 1 0 0 1
+4 * 1 0 1
+1 * 1
+3 * 1
+4 * 1 1
+9 * 1 0 1
+4 * 1
+2 +3 1
+3 * 1 0 0 0 0 0 0 0 0 1
+2 * 1 1
+7 * 1 1 0 0 1
+7 * 1
+3 * 1 0 0 0 0 0 0 0 0 1 1
+26 +37 1 1 0 1 0 0 1
+4 * 1 1
+9 * 1 0 0 0 0 0 0 0 0 1
+2 * 1 1
+1 * 1 1

fl=(105) /usr/src/debug/glibc/glibc/debug/../sysdeps/x86_64/multiarch/mempcpy_chk.c
fn=(364) __mempcpy_chk
0x126d90 29 1 0 0 1 0 0 1
fi=(93)
+4 +27 1 1
+7 * 1
+7 * 1 1
+6 +1 1
+3 * 1 0 0 0 0 0 0 0 0 1 1
+5 +3 1 1
+6 * 1
+6 * 1 0 0 0 0 0 0 0 0 1 1
+52 +14 1 0 0 1 0 0 1
+3 * 1 0 0 0 0 0 0 0 0 1 1
+53 +3 1 0 0 1 0 0 1
+2 * 1 0 0 0 0 0 0 0 0 1
+2 +8 1
+6 * 1 0 0 0 0 0 0 0 0 1
+2 +8 1
+3 * 1 0 0 0 0 0 0 0 0 1
+2 +3 1
+6 * 1 0 0 1 0 0 1
+7 * 1
+7 * 1
+4 * 1 1
fe=(105)

fl=(359)
fn=(1544)
0x5aff0 25 8128 0 0 1 0 0 1
+4 +1 8128 8128
+3 * 8128
+2 * 8128 0 0 0 0 0 0 0 0 8128
+2 +5 8128 8128
+4 * 8128 8128 0 1 0 0 1
+3 +2 8128
+2 * 8128
+3 * 8128 8128
+4 * 8128 0 0 0 0 0 0 0 0 8128
+2 * 8128
+3 * 8128 0 0 0 0 0 0 0 0 8128
+2 * 8128
+3 * 8128
+3 * 8128 0 0 0 0 0 0 0 0 8128
+2 * 8128
+2 * 8128 0 0 0 0 0 0 0 0 8128
+2 +7 8128 8128

fl=(210) /usr/src/debug/glibc/glibc/nptl/cleanup_compat.c
fn=(732) _pthread_cleanup_push@@GLIBC_2.34
0x93270 25 1 0 0 1 0 0 1
+4 +3 1 0 1
+3 +1 1 0 1
+4 +1 1 1 0 1 1 0 1
+9 * 1 0 1
+4 +2 1 0 1
+9 +1 1 1

fn=(740) _pthread_cleanup_pop@@GLIBC_2.34
0x932a0 40 1
+4 +3 1 1
+4 * 1 0 1
+9 +4 1
+2 * 1 0 0 0 0 0 0 0 0 1 1
+21 +2 1 1 0 1 0 0 1

fl=(327)
fn=(1316)
0x49400 46 16376 0 0 1 0 0 1
+7 * 16376 0 0 0 0 0 0 0 0 16376
+2 * 16376
+5 * 16376 0 0 0 0 0 0 0 0 16376
+2 +3 16376
+2 * 16376
+2 * 16376
+2 * 16376
+2 * 16376
+2 * 16376
+3 * 16376
+3 * 16376 16376

fl=(352)
fn=(1528)
0x55a20 33 8128 0 0 1 0 0 1
+4 +2 8128
+5 -2 8128
+3 +4 8128
+3 * 8128
+4 * 8128 0 8128
+2 +1 8128
+3 * 8128
+4 * 8128 0 0 1 0 0 1
+6 * 8128
+6 * 8128 0 8128
+2 +9 8128
+10 * 8128
+3 +9 8128
+4 -9 8128 0 8128 0 0 1
+3 +9 8128
+5 * 8128 0 0 0 0 0 0 0 0 8128 2
+29 +47 8128 0 0 1 0 0 1
+5 +4 8128
+5 -4 8128 0 8128
+3 +4 8128 8128

fl=(82) /usr/src/debug/glibc/glibc/string/../sysdeps/x86/cacheinfo.c
fn=(308) __x86_cacheinfo
0xc0750 86 1 0 0 1 0 0 1
fi=(83) /usr/src/debug/glibc/glibc/string/../sysdeps/x86/cacheinfo.h
+4 -24 1 1
+7 +3 1 1 0 0 1
+7 * 1
+7 * 1 0 0 0 0 0 0 0 0 1
+2 +2 1
+3 +1 1 0 1 0 0 1 0 0 1
+7 -1 1
+3 * 1 0 1
+7 +7 1 1 0 1 0 0 1
+7 * 1
+7 * 1 0 0 0 0 0 0 0 0 1
+2 +2 1
+3 +1 1 0 1
+7 -1 1
+3 * 1 0 1
+7 +5 1 1
+7 * 1 0 1 0 0 1 0 0 1
+7 +3 1 1
+7 * 1 0 1
+7 +2 1 1 0 1 1 0 1
+7 * 1 0 1
+7 +1 1 1
+7 * 1 0 1
+7 +1 1 1
+7 * 1 0 1
+7 +2 1 1
+7 * 1 0 0 0 0 0 0 0 0 1 1
fe=(82)
+9 -4 1
+2 * 1 1

fl=(135) /usr/src/debug/glibc/glibc/string/../sysdeps/x86_64/multiarch/strlen.c
fn=(446) strlen
0xaed40 29 5 0 0 2 0 0 1
fi=(112)
+4 +9 5 5 0 0 1
+7 * 5
+7 * 5 5 0 0 2
+6 +2 5
+2 * 5
+2 * 5
+6 * 5 0 0 0 0 0 0 0 0 5 3
+6 +1 5 5 0 0 2
+7 * 5 0 0 0 0 0 0 0 0 5
+2 +1 5 5 0 0 1
+6 * 5
+6 * 5 0 0 0 0 0 0 0 0 5
+2 +4 5 0 0 2 0 0 1
+2 * 5
+2 * 5
+6 * 5 0 0 0 0 0 0 0 0 5
+2 +3 5
+7 * 5
+3 * 5 0 0 0 0 0 0 0 0 5
+2 +3 5
+6 * 5
+7 * 5
+7 * 5
+4 * 5 5
fe=(135)

fl=(232)
fn=(794)
0x170b00 52 24583 0 0 113 0 0 1
+4 +13 24583
+2 +1 24583
+3 +1 24583
+4 +3 24583
+5 +2 24583
+5 +1 24583 0 0 0 0 0 0 0 0 24583 2
+6 +3 24583 24583 0 0 8 0 0 7
+4 +1 24583
+4 +8 24583
+2 +1 24583 0 0 0 0 0 0 0 0 24583 3
+2 +1 24583
+4 +5 24583
+3 * 24583 24583

fl=(209)
fn=(728)
0x9bf10 136 24526 0 0 3 0 0 1
+4 +3 24526 24526 0 0 3 0 0 1
+2 +1 24526
+2 * 24526 0 0 0 0 0 0 0 0 24526 1
+2 +4 24525
+2 * 24525 24525
+4 -8 1 0 1
+1 * 1
+3 +7 1 0 1
cfn=(730) __pthread_once_slow.isra.0
calls=1 0x9bdc0 -76 
* * 127 33 33 16 4 3 16 1 0 14 8 3 3
+5 +1 1
+2 * 1 1
+1 * 1 1

fn=(730)
0x9bdc0 67 1 0 1 1 0 0 1
+1 * 1
+3 * 1
+3 * 1 0 1
+2 * 1 0 1
+1 * 1
+4 * 1 1
+9 * 1 0 1
+4 * 1
+3 +9 1 1
+3 +4 1
+2 * 1 0 0 0 0 0 0 0 0 1 1
+2 +52 1 1
+4 * 1 1
+9 * 1 0 0 0 0 0 0 0 0 1
+6 * 1
+4 * 1 1
+1 * 1 1
+2 * 1 1
+1 * 1 1
+8 -44 1 1 0 1 1 0 1 1
+6 * 1
+3 +4 1 0 1
+5 * 1 0 0 0 0 0 0 0 0 1
+2 +9 1
+2 * 1 0 0 0 0 0 0 0 0 1 1
+78 +13 1 0 0 1 0 0 1
+4 * 1
+4 * 1
+4 * 1 0 1 0 0 1
+4 * 1
+7 * 1 0 0 1 0 0 1
+7 * 1 0 1
+7 * 1 0 1
+4 * 1 0 1
+4 * 1 0 1
+4 * 1 0 1
+7 * 1 0 1
+4 * 1 0 1
+4 * 1 0 1 0 0 1
cfi=(210)
cfn=(732)
calls=1 0x93270 -89 
* * 7 2 4 2 1 0 2
+5 +2 1 1
+4 * 1 0 1 0 0 0 0 0 0 0 0 1 1
cob=(7)
cfi=(207)
cfn=(734)
calls=1 0xc7bc0 +92 
* * 59 18 11 8 2 1 8 0 0 8 4 2 2
+3 +2 1
+2 * 1
+4 * 1 0 1
cfi=(210)
cfn=(740)
calls=1 0x932a0 -78 
* * 6 2 1 1 0 0 1 0 0 1 1
fi=(213) /usr/src/debug/glibc/glibc/nptl/../sysdeps/nptl/futex-internal.h
+5 +91 1 0 0 1 0 0 1
+3 * 1
+5 * 1
+5 * 1
fe=(209)
+5 -85 1 1
+4 * 1 0 1
fi=(213)
+7 +85 1
+3 * 1
+2 * 1
+6 * 1 0 0 0 0 0 0 0 0 1 1
fe=(209)

fl=(127) /usr/src/debug/glibc/glibc/string/../sysdeps/x86_64/multiarch/strcspn.c
fn=(422) strcspn
0xae260 29 1 0 0 1 0 0 1
fi=(389)
+4 +7 1 1
+7 * 1
+7 * 1 1
+7 * 1
+7 * 1 0 0 1 0 0 1
fe=(127)
+4 -7 1 1

fl=(194)
fn=(668)
0x11a6e0 30 1 0 0 1 0 0 1
+4 +1 1
+3 * 1 0 0 0 0 0 0 0 0 1
+2 * 1 1
+3 * 1
+3 * 1 0 0 0 0 0 0 0 0 1
+2 -1 1 0 1
+1 +3 1
+3 -3 1
+3 * 1
+4 * 1 0 1
+4 +3 1 0 0 1 0 0 1
+5 * 1 0 1
+4 * 1 0 1
cob=(4)
cfi=(191)
cfn=(670) 0x0000000004c72320
calls=1 0x4c72320 -33 
* * 24 3 0 3 2 0 3 1 0 3 1 1 1
+5 +4 1 1
+4 +1 1 1
+4 -1 1
+4 * 1
+3 * 1 1
+7 * 1
+4 * 1 0 1 0 0 1
+3 +1 1 1
+7 * 1 1
+3 * 1 0 1
+3 +2 1 1
+1 * 1 1

fl=(354)
fn=(1532)
0x93090 27 8128 0 0 1 0 0 1
+4 +1 8128 8128 0 0 1
+9 * 8128
+4 * 8128
+5 * 8128
+6 * 8128 0 0 0 0 0 0 0 0 8128
+2 * 8128
+2 * 8128
+3 * 8128
+3 +7 8128 8128

fl=(128) /usr/src/debug/glibc/glibc/wcsmbs/../sysdeps/x86_64/multiarch/wcscpy.c
fn=(424) wcscpy
0xc38e0 60 1 0 0 1 0 0 1
+4 -18 1 1
+7 * 1 1
+6 +1 1
+2 * 1
+2 * 1
+6 * 1 0 0 0 0 0 0 0 0 1 1
+37 +1 1 1 0 1 0 0 1
+6 * 1
+3 * 1 0 0 0 0 0 0 0 0 1
+2 +3 1
+2 * 1
+5 * 1 0 0 0 0 0 0 0 0 1
+2 +3 1
+7 * 1
+3 * 1 0 0 0 0 0 0 0 0 1
+2 +10 1 1 0 1 0 0 1

fl=(225)
fn=(776)
0x35c40 30 16258 0 0 2 0 0 1
+4 +1 16258 16258 0 0 1
+7 * 16258
+7 * 16258 16258 0 0 1
+4 +2 16258
+3 * 16258 0 0 0 0 0 0 0 0 16258 2
+2 +3 16258
+4 -1 16258
+4 +2 16258 0 16258
+4 +28 16258 16258 0 0 1
+7 * 16258 16258 0 0 3
+4 * 16258 0 16258
+4 +1 16258 16258
+7 * 16258 16258 0 2 0 0 1
+4 * 16258 0 16258
+4 +1 16258 16258
+7 * 16258 16258
+4 * 16258 0 16258
+4 +3 16258
+3 * 16258
+7 * 16258
+4 +1 16258 16258

fl=(380)
fn=(1768)
0xe50d0 27 1 0 0 1 0 0 1
+4 * 1 1
+7 * 1

ob=(1)
fl=(64) /usr/src/debug/glibc/glibc/io/../sysdeps/unix/sysv/linux/access.c
fn=(216) access
0x24920 25 1 0 0 1 0 0 1
+4 +2 1
+5 * 1
+2 * 1
+6 * 1 0 0 0 0 0 0 0 0 1 1
+7 * 1
+2 * 1 0 1
+6 * 1
+5 +4 1 1

fl=(78) /usr/src/debug/glibc/glibc/elf/dl-reloc.c
fn=(286) _dl_relocate_object
0x11e00 343 8 0 0 1 0 0 1
+4 +1 8 8
+7 * 8 0 0 0 0 0 0 0 0 8 5
+2 * 2 2
+3 -1 6 0 6
+1 * 6
+3 * 6
+4 +3 6 0 6
+4 * 6 0 6
cfn=(288) _dl_relocate_object_no_relro
calls=6 0xf560 207 
* * 2555991 654100 245151 317 15941 2142 312 7982 1315 393902 14116 5211 1179
+5 +1 6 6
+4 +1 6 6 0 0 2
+1 -1 6
cfn=(464) _dl_protect_relro
calls=6 0xf3f0 +5 
* * 210 48 18 4 2 0 4 0 0 24 6

fn=(464)
0xf3f0 352 7 0 0 1 0 0 1
+4 +1 7 7 0 0 2
+7 * 7
+3 * 7 0 0 0 0 0 0 0 0 7
+2 +3 7 7 0 1 0 0 1
+7 * 7 7
+7 * 7 7
+3 * 7
+3 * 7
+3 +3 7
+3 -3 7
+3 +3 7
+3 +4 7
+3 * 7 0 0 0 0 0 0 0 0 7 7
+13 -11 7 0 7
+1 +12 7
+3 * 7
+5 * 7
+3 -12 7
+3 * 7 0 7
+1 * 7 0 0 1 0 0 1
+3 +12 7
+3 -12 7
+4 +12 7 0 7
cfi=(141) /usr/src/debug/glibc/glibc/misc/../sysdeps/unix/syscall-template.S
cfn=(466) mprotect
calls=7 0x24e80 117 
* * 42 7 0 1 0 0 1 0 0 7
+5 * 7
+2 * 7 0 0 0 0 0 0 0 0 7
+2 +6 7 7
+4 * 7 7
+1 * 7 7

fn=(288)
0xf560 207 7 0 0 1 0 0 1
+4 * 7 0 7
+1 * 7
+3 * 7 0 7
+2 * 7 0 7
+2 * 7
+3 * 7 0 7
+2 +13 7
+3 -13 7 0 7
+2 * 7 0 7
+1 * 7
+2 * 7
+7 * 7 0 7 1 0 0 1
+6 +16 7
+6 -16 7 0 7
+7 +16 7 0 0 0 0 0 0 0 0 7
+2 +3 7 7 0 0 1
+6 * 7
+2 * 7 0 0 0 0 0 0 0 0 7 4
+83 +20 7 7 0 1 0 0 1
+6 * 7
+2 * 7 0 0 0 0 0 0 0 0 7
+2 +1 7 7 0 1 6 0 1
+8 * 7 0 0 0 0 0 0 0 0 7 5
+6 -30 2 2
+7 * 2
+4 +33 2
+2 * 2 0 0 0 0 0 0 0 0 2 1
+6 +7 2 2
+7 * 2 0 2
+7 * 2
+3 * 2 0 0 0 0 0 0 0 0 2
fi=(6) /usr/src/debug/glibc/glibc/elf/../sysdeps/x86_64/dl-machine.h
+6 78 2 2
+8 * 2 0 0 0 0 0 0 0 0 2 1
+2 * 1
+3 * 1 0 0 0 0 0 0 0 0 1
+2 +6 1 1
+4 * 1 1 0 0 1
+4 * 1 1
+8 * 1 0 0 0 0 0 0 0 0 1 1
+5 +4 1 1 0 0 1 0 0 1
+4 * 1
+3 * 1 0 0 0 0 0 0 0 0 1
+6 +6 1 0 1
+4 +9 1
+2 * 1 0 0 0 0 0 0 0 0 1
+6 +23 1 1 0 0 1
+7 * 1 0 1
fi=(4) /usr/src/debug/glibc/glibc/elf/../sysdeps/generic/ldsodefs.h
+4 -47 1 1
fe=(78)
+8 296 1
+7 * 1 1 0 0 1
fi=(4)
+3 79 1
+3 * 1
fe=(78)
+4 296 1
+3 * 1 0 0 0 0 0 0 0 0 1
fi=(4)
-28 79 6 6 0 1 0 0 1
fe=(78)
+8 296 6
+7 * 6 6 0 0 3
fi=(4)
+3 79 6
+3 * 6
fe=(78)
+4 296 6
+3 * 6 0 0 0 0 0 0 0 0 6 1
+6 * 6 6 0 0 5
+7 * 6
+3 * 6 0 0 0 0 0 0 0 0 6 1
+6 * 5 5 0 0 4
+4 * 5
+3 * 5
+4 * 5
+4 * 5 5 0 1 2 0 1
+7 * 5 5 0 0 2
+4 * 5
+3 * 5
+3 * 5 0 0 0 0 0 0 0 0 5 2
+6 * 5
+3 * 5
+11 * 24
+3 * 24 0 24 0 0 24 0 0 20
+3 * 24
+4 * 24
+4 * 24
+3 * 24 0 0 0 0 0 0 0 0 24 1
-7 * 121
+4 * 121
+3 * 121 0 0 0 0 0 0 0 0 121 4
+2 * 145 145 0 0 22 0 0 22
+3 * 145
+2 * 145 0 0 0 0 0 0 0 0 145 23
+2 * 121
+3 * 121
+3 * 121 0 0 1 0 0 1 0 0 121 16
+32 * 2286
+3 * 2286
+4 * 2286
+2 * 2286 0 0 0 0 0 0 0 0 2286 222
-2 * 121
+2 * 121 0 0 0 0 0 0 0 0 121 52
+2 * 1090
+3 * 1090
+4 * 1090
+3 * 1090
+11 * 1090
+2 * 1090 0 0 0 0 0 0 0 0 1090 181
-2 * 2875
+2 * 2875 0 0 0 0 0 0 0 0 2875 305
+2 * 2996 0 2996 1 0 685 1 0 681
+3 * 2996
+3 * 2996 0 0 0 0 0 0 0 0 2996 129
+6 * 2875
+4 * 2875
fi=(4)
+12 79 5 5
fe=(78)
+8 296 5 5
fi=(4)
+3 79 5
+3 * 5
fe=(78)
+4 296 5 5
+4 * 5
+4 * 5 0 5
+4 * 5 0 5 1 0 0 1
+4 * 5 0 5
+4 * 5 0 5
+4 * 5
+3 * 5 0 0 0 0 0 0 0 0 5
-27 * 2 2
+4 * 2
+4 * 2 0 2
+4 * 2 0 2
+4 * 2 0 2
+4 * 2 0 2
+4 * 2
+3 * 2 0 0 0 0 0 0 0 0 2
+6 * 7 7 0 0 6
+4 * 7
+2 * 7
+3 * 7 0 0 0 0 0 0 0 0 7
+2 * 7
+4 * 7
+3 * 7
+4 * 7 7 0 0 1
+7 * 7 7
+4 * 7
+5 * 7 7 0 0 6 0 0 1
+7 * 7 0 0 1 0 0 1
+5 * 7
+4 * 7 0 7
+4 * 7
+3 * 7 0 0 0 0 0 0 0 0 7 6
+2 * 1 1 0 0 1
+4 * 1 0 1
+4 * 1 1
+8 * 1 0 0 0 0 0 0 0 0 1
-8 * 6 6
+8 * 6 0 0 0 0 0 0 0 0 6 4
+2 * 3 3
+7 * 3
+3 * 3 3
+4 * 3 3
+4 * 3 3 0 0 1
+4 * 3
+4 * 3 0 0 1 0 0 1
+4 * 3
+3 * 3
+4 * 3
+4 * 3
+4 * 3 0 3
+4 * 3
+3 * 3 0 0 0 0 0 0 0 0 3
+6 * 3
+3 * 3 0 0 0 0 0 0 0 0 3 2
+6 * 1
+5 * 1
+5 * 1 0 1
+4 * 1
+4 * 1 0 1
+4 * 1 0 1
+7 * 1
+4 * 1
+3 * 1 0 1
+6 * 1 0 1
+7 * 1
+3 * 1 1
fi=(5) /usr/src/debug/glibc/glibc/elf/do-rel.h
+5 49 1 1
+4 +4 1
+3 +27 1 1
+4 -32 1
+5 +1 1
+4 +1 1
+4 -1 1
+4 +4 1 1
+4 -3 1
+5 * 1
+4 +3 1 1
+4 -3 1
+5 * 1 0 1
+8 +3 1
+4 * 1
+4 +27 1
+3 * 1 0 0 0 0 0 0 0 0 1 1
fe=(78)
0xf83d 296 6 0 6 1 0 0 1
+7 * 6
+4 * 6
+3 * 6 0 6
+6 * 6 0 6
+7 * 6
+3 * 6 6
fi=(5)
+5 49 6 6
+4 +4 6
+3 +27 6 6
+4 -32 6
+5 +1 6
+4 +1 6
+4 -1 6
+4 +4 6 6
+4 -3 6 0 0 1 0 0 1
+5 * 6
+4 +3 6 6
+4 -3 6
+5 * 6 0 6
+8 +3 6
+4 * 6
+4 +27 6
+3 * 6 0 0 0 0 0 0 0 0 6 5
fe=(78)
-74 296 7 7 0 0 2
fi=(5)
+5 49 7 7
+4 +4 7
+3 +27 7 7
+4 -32 7
+5 +1 7
+4 +1 7
+4 -1 7
+4 +4 7 7
+4 -3 7
+5 * 7
+4 +3 7 7
+4 -3 7
+5 * 7 0 7
+8 +3 7
+4 * 7
+4 +27 7
+3 * 7 0 0 0 0 0 0 0 0 7 6
+6 +3 1
+3 * 1 0 0 0 0 0 0 0 0 1 1
+6 * 1 0 1
+7 * 1 1 0 1 0 0 1
+7 * 1
+3 * 1
+3 * 1
fi=(6)
+8 509 41 41
+3 * 41
+3 +4 41
+4 * 41 0 0 0 0 0 0 0 0 41
+2 +3 41 41
+7 * 41
+3 * 41 0 0 0 0 0 0 0 0 41
+6 +1 41 0 41 0 0 5 0 0 5
fi=(5)
+3 83 41
+4 * 41
+3 * 41 0 0 0 0 0 0 0 0 41 1
+6 +2 41 41 0 0 15 0 0 15
+4 * 41 0 0 1 0 0 1
+2 * 41
+3 * 41 0 0 0 0 0 0 0 0 41 4
0xfab0 -2 1 1 0 1 0 0 1
+7 * 1
+3 * 1
+3 +13 1
+3 * 1 0 0 1 0 0 1 0 0 1 1
fe=(78)
+91 296 11 0 0 1 0 0 1
+4 * 11
+4 * 11
+3 * 11 0 0 0 0 0 0 0 0 11 4
fi=(6)
+6 725 7 7
+6 * 7 7
+8 * 7
+3 * 7 7 0 1 0 0 1
+6 * 7
+2 * 7 0 0 0 0 0 0 0 0 7 1
+2 +4 6 6
+7 * 6 0 0 0 0 0 0 0 0 6
fe=(78)
+6 298 7
+2 * 7 0 0 0 0 0 0 0 0 7
+6 * 7
+3 * 7 0 0 0 0 0 0 0 0 7
+6 +23 7 0 7
+8 +3 7 7
+8 * 7 0 0 0 0 0 0 0 0 7
+6 +14 7
+4 * 7 7
+1 * 7 7 0 1 2 0 1
+2 * 7 7
+2 * 7 7
+2 * 7 7
+2 * 7 7
+1 * 7 7
fi=(5)
0xfc00 105 13 0 0 1 0 0 1
+7 * 13
+3 * 13 0 0 0 0 0 0 0 0 13 2
+2 +9 11
+3 * 11 0 0 0 0 0 0 0 0 11 8
+2 * 1
+4 * 1
fi=(6)
+11 493 1 1 0 0 1
+3 * 1
+4 * 1 0 0 0 0 0 0 0 0 1
-7 * 2 2 0 0 1 0 0 1
+3 * 2
+4 * 2 0 0 0 0 0 0 0 0 2
+2 +5 3
+4 * 3 0 0 0 0 0 0 0 0 3
+6 +1 3 3
+4 * 3 3
fi=(5)
+3 114 3
fi=(6)
+4 499 3
+3 * 3 0 3 0 0 2 0 0 2
fi=(5)
+4 114 3
+3 * 3 0 0 0 0 0 0 0 0 3 2
+2 +3 13 13 0 1 7 0 1
+7 * 13 0 13
+7 * 13
+3 * 13 0 0 0 0 0 0 0 0 13 2
+6 +3 11 11
+7 * 11 11 0 0 3
+4 * 11 0 11
+7 * 11 11
+8 * 11 0 0 1 0 0 1 0 0 11
+6 +2 11 11
+7 * 11 0 0 0 0 0 0 0 0 11 5
fe=(78)
+6 +68 6
fi=(5)
+4 73 6 0 6
fe=(78)
+11 190 6 0 6
fi=(6)
+7 431 6 0 6
+7 * 6 0 6
+11 * 6 0 6
+7 * 6 0 6 1 0 0 1
+7 * 6
+1 * 6
fi=(5)
+11 124 6 6 0 0 4 0 0 1
+4 * 6 6
+7 +1 6 6
+7 -1 6
+3 +5 6
+3 -5 6
+4 * 6 6 0 0 6 0 0 3
+4 +1 6
+4 * 6
+4 * 6 0 6
+4 +4 6
+4 * 6 0 0 1 0 0 1 0 0 6 1
-48 -5 4629 4629 0 0 1368 0 0 1367
+4 * 4629 4629
+7 +1 4629 4629
+7 -1 4629
+3 +5 4629
+3 -5 4629
+4 * 4629 4629 0 0 1531 0 0 244
+4 +1 4629
+4 * 4629
+4 * 4629 0 4629
+4 +4 4629
+4 * 4629 0 0 0 0 0 0 0 0 4629 8
+6 -2 4559
+5 -1 4559 4559
+7 * 4559 4559 0 0 1
+3 * 4559 0 4559
+4 +1 4559
+4 * 4559 4559
+7 -1 4559 0 4559
+7 +1 4559
fi=(6)
+4 262 4559
+4 * 4559 0 0 0 0 0 0 0 0 4559
+6 +7 4559
+4 * 4559 0 0 1 0 0 1 0 0 4559
+6 +4 4559
+3 * 4559 0 0 0 0 0 0 0 0 4559 6
fe=(78)
+6 170 4559 4559 0 0 2539 0 0 1799
+6 * 4559
+2 * 4559
+4 * 4559 0 0 0 0 0 0 0 0 4559 6
fi=(4)
+6 -18 4542 4542
+6 * 4542
+3 * 4542
fe=(78)
+3 +19 4542
+3 * 4542 0 0 0 0 0 0 0 0 4542
+6 +3 4542 4542 0 0 4
+7 * 4542 0 0 0 0 0 0 0 0 4542 931
+6 +8 2824 0 0 1 0 0 1
+4 * 2824 0 0 0 0 0 0 0 0 2824
+6 -8 2824
+6 * 2824
+7 * 2824 0 0 0 0 0 0 0 0 2824 4
+2 * 2820
+6 * 2820
+4 * 2820 0 0 0 0 0 0 0 0 2820 3
+2 * 2809
+3 * 2809
+4 * 2809
+4 +12 2809 2809
+4 * 2809 2809
+4 -3 2809 0 2809
+7 +1 2809 0 2809 1 0 0 1
+7 +2 2809 2809
+4 * 2809
+2 * 2809 2809
+8 * 2809 0 0 0 0 0 0 0 0 2809 2
-36 * 15 15
+4 * 15 15
+4 -3 15 0 15
+7 +1 15 0 15
+7 +2 15 15
+4 * 15
+2 * 15 15
+8 * 15 0 0 0 0 0 0 0 0 15 2
+5 * 2824
+3 +1 2824
+3 -1 2824
+3 +2 2824
+3 * 2824 0 0 0 0 0 0 0 0 2824
+2 -1 2824 2824 0 0 122
+4 * 2824
+3 * 2824
+4 * 2824 0 2824
+7 +3 2824 2824
+7 * 2824 0 0 1 0 0 1
+4 * 2824
+3 * 2824 0 2824
+2 * 2824 0 2824
+2 * 2824 0 2824
cfi=(79) /usr/src/debug/glibc/glibc/elf/dl-lookup.c
cfn=(296) _dl_lookup_symbol_x
calls=2824 0xb780 769 
* * 2064414 532022 199344 89 9797 10 87 4142 5 299979 11829 541 292
+5 +3 2824 2824
+4 +1 2824 2824
+7 * 2824
+5 -4 2824
+3 +4 2824
+5 * 2824
+4 * 2824 0 2824 0 0 2
+8 * 2824 2824
+1 * 2824 2824
fi=(6)
+2 +88 2824
+3 * 2824
+3 * 2824 0 0 0 0 0 0 0 0 2824 2
-6 * 1718
+3 * 1718
+3 * 1718 0 0 0 0 0 0 0 0 1718
+2 +3 4522 4522 0 1 0 0 1
+4 -3 4522 4522
+4 * 4522 4522
+4 * 4522
+3 * 4522
+4 * 4522 0 0 0 0 0 0 0 0 4522
-15 * 17 17
+4 * 17 17
+4 * 17
+3 * 17
+4 * 17 0 0 0 0 0 0 0 0 17
+6 * 4539 4539 0 0 17
+3 +4 4539
+2 * 4539 0 0 0 0 0 0 0 0 4539 36
+2 * 29
+3 * 29 0 0 0 0 0 0 0 0 29 2
+6 +26 4530
+4 * 4530 0 0 0 0 0 0 0 0 4530
+6 * 4559
+7 * 4559 4559 0 0 5 0 0 2
+4 * 4559
+3 * 4559 0 0 1 0 0 1 0 0 0 0 4559 781
+8 418 2789 2789 0 0 364 0 0 364
+4 * 2789 2789
+7 * 2789 0 2789 0 0 852 0 0 359
fi=(5)
+3 141 2789 2789
+3 * 2789
+4 * 2789 0 0 0 0 0 0 0 0 2789 1
fi=(6)
-17 418 1736 1736
+7 * 1736 0 1736 0 0 529 0 0 212
fi=(5)
+3 141 1736 1736
+3 * 1736
+4 * 1736 0 0 0 0 0 0 0 0 1736
-7 * 11 11
+3 * 11
+4 * 11 0 0 0 0 0 0 0 0 11
-4 * 23
+4 * 23 0 0 0 0 0 0 0 0 23
+6 -19 4635
+4 * 4635 4635
+7 * 4635 0 0 0 0 0 0 0 0 4635 36
+6 +33 6 6
+7 * 6 6 0 1 0 0 1
+7 * 6 6
+7 * 6 6
+7 * 6
+3 * 6 0 0 0 0 0 0 0 0 6 3
+6 +1 3 3
+7 * 3
+3 * 3 0 0 0 0 0 0 0 0 3
+6 * 3 0 3
+7 * 3
+3 * 3
+3 * 3
+3 * 3 0 3
+7 * 3 0 0 1 0 0 1
+3 * 3
+42 +1 76 76
+4 * 76
+3 * 76 0 0 0 0 0 0 0 0 76
+2 +3 76 76
+7 * 76 0 0 1 0 0 1
+4 +4 76 76
+3 -2 76 76
+7 +1 76 76
+8 -3 76 76
+4 +2 76
+4 * 76
+4 * 76 0 76
fe=(78)
+4 +8 76 76 0 0 2 0 0 1
+5 * 76
+2 * 76
+3 * 76 0 0 0 0 0 0 0 0 76 21
fi=(6)
0x10040 282 76 76 0 1 0 0 1
+4 * 76 76
+4 * 76
+3 * 76
+4 * 76 0 0 0 0 0 0 0 0 76
+6 +4 76
+3 * 76 0 0 0 0 0 0 0 0 76 12
+11 471 76 76 0 0 1
+4 * 76 76
+4 +1 76 76
+7 * 76 0 0 0 0 0 0 0 0 76 2
+2 +1 76 0 76 0 0 0 0 0 0 0 0 76 76
cfi=(15) /usr/src/debug/glibc/glibc/elf/../sysdeps/x86/dl-get-cpu-features.c
cfn=(596) __x86_cpu_features
calls=1 0x19250 76 
* * 6 2 0 1 0 0 1 0 0 1
cob=(3) /usr/lib/libm.so.6
cfi=(170) /usr/src/debug/glibc/glibc/math/../sysdeps/x86_64/fpu/multiarch/s_cosf.c
cfn=(570) cosf
calls=1 0x704b0 28 
* * 10 4 0 2 0 0 2 0 0 1
cob=(3)
cfi=(169) /usr/src/debug/glibc/glibc/math/../sysdeps/x86_64/fpu/multiarch/e_exp.c
cfn=(566) __exp_finite@GLIBC_2.15
calls=1 0x53c10 29 
* * 9 4 0 2 0 0 2 0 0 2 1
cob=(3)
cfi=(168) /usr/src/debug/glibc/glibc/math/../sysdeps/x86_64/fpu/multiarch/e_expf.c
cfn=(562) expf@@GLIBC_2.27
calls=2 0x6b250 29 
* * 20 8 0 2 0 0 2 0 0 2
cob=(3)
cfi=(145) /usr/src/debug/glibc/glibc/math/../sysdeps/x86_64/fpu/multiarch/s_sin.c
cfn=(558) cos
calls=1 0x5ed30 36 
* * 9 4 0 1 0 0 1 0 0 2 1
cob=(3)
cfi=(167) /usr/src/debug/glibc/glibc/math/../sysdeps/x86_64/fpu/multiarch/e_logf.c
cfn=(554) logf@@GLIBC_2.27
calls=1 0x6f5a0 29 
* * 10 4 0 2 0 0 2 0 0 1
cob=(3)
cfi=(166) /usr/src/debug/glibc/glibc/math/../sysdeps/x86_64/fpu/multiarch/s_tan.c
cfn=(550) tan
calls=1 0x602c0 28 
* * 9 4 0 2 0 0 2 0 0 2 1
cob=(3)
cfi=(165) /usr/src/debug/glibc/glibc/math/../sysdeps/x86_64/fpu/multiarch/e_log2.c
cfn=(546) log2@@GLIBC_2.29
calls=1 0x582f0 29 
* * 10 4 0 2 0 0 2 0 0 1
cob=(3)
cfi=(164) /usr/src/debug/glibc/glibc/math/../sysdeps/x86_64/fpu/multiarch/s_sincosf.c
cfn=(542) sincosf
calls=1 0x72310 28 
* * 10 4 0 1 0 0 1 0 0 1
cob=(3)
cfi=(163) /usr/src/debug/glibc/glibc/math/../sysdeps/x86_64/fpu/multiarch/e_powf.c
cfn=(538) powf@@GLIBC_2.27
calls=1 0x6f9c0 32 
* * 10 4 0 1 0 0 1 0 0 1
cob=(3)
cfi=(162) /usr/src/debug/glibc/glibc/math/../sysdeps/x86_64/fpu/multiarch/e_pow.c
cfn=(534) __pow_finite@GLIBC_2.15
calls=1 0x58db0 29 
* * 8 4 0 2 0 0 2 0 0 2 2
cob=(3)
cfi=(161) /usr/src/debug/glibc/glibc/math/../sysdeps/x86_64/fpu/multiarch/e_log2f.c
cfn=(530) log2f@@GLIBC_2.27
calls=1 0x6f440 29 
* * 10 4 0 1 0 0 1 0 0 1
cob=(3)
cfi=(160) /usr/src/debug/glibc/glibc/math/../sysdeps/x86_64/fpu/multiarch/s_log1p.c
cfn=(526) __log1p
calls=1 0x5cf70 28 
* * 10 4 0 2 0 0 2 0 0 1
cob=(3)
cfi=(159) /usr/src/debug/glibc/glibc/math/../sysdeps/x86_64/fpu/multiarch/e_log.c
cfn=(522) __log_finite@GLIBC_2.15
calls=1 0x585f0 29 
* * 9 4 0 2 0 0 2 0 0 2 1
cob=(3)
cfi=(158) /usr/src/debug/glibc/glibc/math/../sysdeps/x86_64/fpu/multiarch/s_atan.c
cfn=(518) atan
calls=1 0x5a690 28 
* * 9 4 0 2 0 0 2 0 0 2 1
cob=(3)
cfi=(154) /usr/src/debug/glibc/glibc/math/../sysdeps/x86_64/fpu/multiarch/e_asin.c
cfn=(514) __acos_finite@GLIBC_2.15
calls=1 0x52790 37 
* * 8 4 0 1 0 0 1 0 0 2 1
cob=(3)
cfi=(157) /usr/src/debug/glibc/glibc/math/../sysdeps/x86_64/fpu/multiarch/s_sinf.c
cfn=(510) sinf
calls=1 0x722d0 28 
* * 10 4 0 2 0 0 2 0 0 1
cob=(3)
cfi=(156) /usr/src/debug/glibc/glibc/math/../sysdeps/x86_64/fpu/multiarch/s_fma.c
cfn=(508) fma
calls=1 0x5c310 49 
* * 6 3 0 2 0 0 2 0 0 1 1
cob=(3)
cfi=(155) /usr/src/debug/glibc/glibc/math/../sysdeps/x86_64/fpu/multiarch/s_roundeven.c
cfn=(506) roundeven
calls=1 0x5d820 32 
* * 7 3 0 2 0 0 2
cob=(3)
cfi=(154)
cfn=(502) __asin_finite@GLIBC_2.15
calls=1 0x52750 29 
* * 8 4 0 2 0 0 2 0 0 2 2
cob=(3)
cfi=(153) /usr/src/debug/glibc/glibc/math/../sysdeps/x86_64/fpu/multiarch/s_expm1.c
cfn=(498) expm1
calls=1 0x5b7d0 28 
* * 10 4 0 2 0 0 2 0 0 1
cob=(3)
cfi=(152) /usr/src/debug/glibc/glibc/math/../sysdeps/x86_64/fpu/multiarch/e_exp2f.c
cfn=(494) exp2f@@GLIBC_2.27
calls=1 0x61310 29 
* * 10 4 0 2 0 0 2 0 0 1
cob=(3)
cfi=(151) /usr/src/debug/glibc/glibc/math/../sysdeps/x86_64/fpu/multiarch/e_sinh.c
cfn=(490) __sinh_finite@GLIBC_2.15
calls=1 0x594f0 28 
* * 10 4 0 2 0 0 2 0 0 1
cob=(3)
cfi=(149) /usr/src/debug/glibc/glibc/math/../sysdeps/x86_64/fpu/multiarch/e_atanh.c
cfn=(486) __atanh_finite@GLIBC_2.15
calls=1 0x53630 28 
* * 10 4 0 2 0 0 2 0 0 1
cob=(3)
cfi=(148) /usr/src/debug/glibc/glibc/math/../sysdeps/x86_64/fpu/multiarch/s_roundevenf.c
cfn=(484) roundevenf
calls=1 0x720d0 32 
* * 7 3 0 1 0 0 1
cob=(3)
cfi=(147) /usr/src/debug/glibc/glibc/math/../sysdeps/x86_64/fpu/multiarch/e_atan2.c
cfn=(480) __atan2_finite@GLIBC_2.15
calls=1 0x534b0 28 
* * 9 4 0 2 0 0 2 0 0 2 1
cob=(3)
cfi=(145)
cfn=(476) sin
calls=1 0x5ece0 29 
* * 9 4 0 2 0 0 2 0 0 2 1
cob=(3)
cfi=(144) /usr/src/debug/glibc/glibc/math/../sysdeps/x86_64/fpu/multiarch/s_fmaf.c
cfn=(474) fmaf
calls=1 0x70e60 44 
* * 6 3 0 2 0 0 2 0 0 1 1
cob=(3)
cfi=(142) /usr/src/debug/glibc/glibc/math/../sysdeps/x86_64/fpu/multiarch/s_sincos.c
cfn=(470) sincos
calls=1 0x5f780 28 
* * 8 4 0 1 0 0 1 0 0 2 1
cob=(2)
cfi=(140)
cfn=(462)
calls=1 0xaf370 29 
* * 7 3 0 2 0 0 2
cob=(2)
cfi=(138)
cfn=(458)
calls=1 0xab4f0 29 
* * 21 4 0 2 0 0 2 0 0 4
cob=(2)
cfi=(137)
cfn=(454)
calls=1 0xabf40 29 
* * 22 4 0 4 0 0 4 0 0 6 3
cob=(2)
cfi=(136)
cfn=(450)
calls=1 0xaf000 29 
* * 21 4 0 2 0 0 2 0 0 4 1
cob=(2)
cfi=(135)
cfn=(446)
calls=1 0xaed40 29 
* * 25 5 0 2 0 0 2 0 0 5
cob=(2)
cfi=(134)
cfn=(442)
calls=1 0xac530 31 
* * 22 6 0 2 0 0 2 0 0 5 1
cob=(2)
cfi=(133)
cfn=(438)
calls=1 0xae1f0 29 
* * 19 4 0 2 0 0 2 0 0 5 1
cob=(2)
cfi=(131)
cfn=(434)
calls=1 0xab570 29 
* * 25 5 0 3 0 0 3 0 0 5 1
cob=(2)
cfi=(130)
cfn=(430)
calls=1 0xad100 31 
* * 25 5 0 2 0 0 2 0 0 5 1
cob=(2)
cfi=(129)
cfn=(426)
calls=1 0xaee60 31 
* * 22 6 0 2 0 0 2 0 0 5 1
cob=(2)
cfi=(128)
cfn=(424)
calls=1 0xc38e0 60 
* * 17 4 0 3 0 0 3 0 0 4 1
cob=(2)
cfi=(127)
cfn=(422)
calls=1 0xae260 29 
* * 7 3 0 2 0 0 2
cob=(2)
cfi=(121)
cfn=(416)
calls=1 0xac490 31 
* * 22 6 0 2 0 0 2 0 0 5 1
cob=(2)
cfi=(125)
cfn=(414)
calls=1 0xaef60 67 
* * 22 6 0 3 0 0 3 0 0 5 2
cob=(2)
cfi=(123)
cfn=(410)
calls=2 0xd0be0 31 
* * 42 8 0 2 0 0 2 0 0 8
cob=(2)
cfi=(121)
cfn=(406)
calls=1 0xac430 31 
* * 21 4 0 2 0 0 2 0 0 4 1
cob=(2)
cfi=(120)
cfn=(402)
calls=1 0xc29c0 30 
* * 25 5 0 2 0 0 2 0 0 5
cob=(2)
cfi=(119)
cfn=(398)
calls=1 0xaf170 28 
* * 25 5 0 2 0 0 2 0 0 5 1
cob=(2)
cfi=(118)
cfn=(396)
calls=1 0xad080 65 
* * 21 4 0 2 0 0 2 0 0 5 1
cob=(2)
cfi=(116)
cfn=(392)
calls=2 0xc2920 31 
* * 50 10 0 2 0 0 2 0 0 10
cob=(2)
cfi=(115)
cfn=(388)
calls=1 0xac160 29 
* * 25 5 0 2 0 0 2 0 0 5
cob=(2)
cfi=(114)
cfn=(386)
calls=1 0xad180 79 
* * 20 6 0 3 0 0 3 0 0 5 2
cob=(2)
cfi=(113)
cfn=(384)
calls=1 0xaf140 29 
* * 7 3 0 1 0 0 1
cob=(2)
cfi=(111)
cfn=(380)
calls=2 0xaf0c0 31 
* * 50 10 0 2 1 0 2 0 0 10 2
cob=(2)
cfi=(110)
cfn=(376)
calls=1 0xc4430 30 
* * 20 6 0 2 0 0 2 0 0 5 1
cob=(2)
cfi=(108)
cfn=(372)
calls=1 0xac1e0 29 
* * 23 4 0 5 0 0 5 0 0 7 2
cob=(2)
cfi=(106)
cfn=(368)
calls=1 0xc3b00 29 
* * 20 6 0 2 0 0 2 0 0 5 1
cob=(2)
cfi=(105)
cfn=(364)
calls=1 0x126d90 29 
* * 22 4 0 4 0 0 4 0 0 6 3
cob=(2)
cfi=(104)
cfn=(360)
calls=1 0x126b70 29 
* * 22 4 0 4 0 0 4 0 0 6 3
cob=(2)
cfi=(103)
cfn=(356)
calls=1 0xc43c0 31 
* * 18 4 0 2 0 0 2 0 0 3 1
cob=(2)
cfi=(102)
cfn=(352)
calls=1 0xab660 29 
* * 22 4 0 4 0 0 4 0 0 6 3
cob=(2)
cfi=(100)
cfn=(348)
calls=1 0x126ea0 29 
* * 23 4 0 5 0 0 5 0 0 7 1
cob=(2)
cfi=(99)
cfn=(344)
calls=1 0xad010 29 
* * 19 4 0 2 0 0 2 0 0 5 1
cob=(2)
cfi=(97)
cfn=(340)
calls=2 0xd0d10 31 
* * 20 8 0 2 0 0 2 0 0 4 2
cob=(2)
cfi=(96)
cfn=(336)
calls=1 0xc28b0 31 
* * 18 4 0 3 0 0 3 0 0 3 1
cob=(2)
cfi=(94)
cfn=(332)
calls=1 0xd0c60 29 
* * 25 5 0 3 0 0 3 0 0 5 1
cob=(2)
cfi=(92)
cfn=(328)
calls=1 0x126c80 29 
* * 22 4 0 4 0 0 4 0 0 6 4
cob=(2)
cfi=(90)
cfn=(324)
calls=1 0xac3c0 33 
* * 19 4 0 2 0 0 2 0 0 5
cob=(2)
cfi=(88)
cfn=(320)
calls=1 0xc2510 31 
* * 18 4 0 2 0 0 2 0 0 3 1
cob=(2)
cfi=(86)
cfn=(316)
calls=1 0xac050 33 
* * 22 4 0 4 0 0 4 0 0 6 2
cob=(2)
cfi=(84)
cfn=(312)
calls=1 0xaedc0 31 
* * 22 6 0 3 1 0 3 0 0 5 1
cob=(2)
cfi=(82)
cfn=(308)
calls=1 0xc0750 86 
* * 30 10 9 3 2 2 3 0 2 3 1
fi=(5)
+2 156 76
fi=(6)
+4 474 76 0 76 0 0 5 0 0 3
fi=(5)
+4 156 76 0 0 1 0 0 1
+3 * 76 0 0 0 0 0 0 0 0 76 24
+6 * 3 3
fe=(78)
+7 296 3
+4 * 3
+3 * 3
+4 * 3
+3 * 3 0 0 0 0 0 0 0 0 3
fi=(5)
+6 51 7 7
fi=(4)
+3 +28 7 7
+8 * 7
fi=(6)
0x102b0 347 2 2 0 1 0 0 1
+4 * 2
+3 * 2 0 0 0 0 0 0 0 0 2
+6 +11 2 2
+7 -9 2 2
+4 * 2 2
+4 +9 2 0 2 0 0 1
fi=(5)
+3 141 2 2
+3 * 2
fi=(6)
+14 341 4 0 0 1 0 0 1
+3 * 4 0 0 0 0 0 0 0 0 4
+6 +1 4 4 0 0 3
+7 * 4 4
+7 * 4 0 4 0 0 2 0 0 2
fi=(5)
+3 141 4 4
+3 * 4 0 0 1 0 0 1
fi=(6)
0x10380 395 17 17 0 1 0 0 1
+4 * 17
+3 * 17 0 0 0 0 0 0 0 0 17 2
+6 +2 17 17
+7 * 17
+4 * 17
+4 * 17 0 0 0 0 0 0 0 0 17 1
+6 +4 17 17
+4 +9 17 17
+7 -9 17
+3 * 17 17 0 0 2 0 0 2
+4 +9 17 0 17 0 0 6 0 0 6
fi=(5)
+3 141 17 17
+3 * 17
fi=(6)
+6 455 11 11 0 1 0 0 1
+4 * 11
+3 * 11 0 0 0 0 0 0 0 0 11
+6 +5 11 11
+5 * 11 11 0 0 1 0 0 1
+4 -1 11
+3 * 11 0 11
+7 * 11 11
+7 +1 11
+3 * 11
+4 -1 11 0 11
cfi=(29) /usr/src/debug/glibc/glibc/string/../sysdeps/x86_64/multiarch/memmove-vec-unaligned-erms.S
cfn=(82) memcpy
calls=11 0x25cc0 210 
* * 293 90 79 5 25 17 3 5 17 42 8
+6 +2 11 11
+4 * 11 11
+5 * 11 11
+7 * 11
+3 * 11 0 0 0 0 0 0 0 0 11 1
+2 +1 11
+3 * 11 0 0 0 0 0 0 0 0 11 5
+36 +3 17 0 0 1 0 0 1
+3 282 17
+3 * 17
fi=(5)
+10 132 76 76 0 1 0 0 1
+7 +1 76 0 76
+7 -1 76
+3 * 76
+4 * 76 0 76
+7 +2 76
fi=(6)
0x104d0 287 29 29 0 1 0 0 1
+7 * 29 0 0 0 0 0 0 0 0 29
+6 +3 29
+3 * 29 0 0 0 0 0 0 0 0 29
+6 +1 29 29
+8 * 29
+2 * 29 0 0 0 0 0 0 0 0 29
0x1056f +11 29 0 29 1 0 0 1
+7 * 29 0 29
+7 +7 29 0 29 0 0 0 0 0 0 0 0 29 29
cob=(2)
cfi=(97)
cfn=(340)
calls=1 0xd0d10 31 
* * 10 4 0 0 0 0 0 0 0 2 1
cob=(2)
cfi=(92)
cfn=(328)
calls=1 0x126c80 29 
* * 22 4 0 1 0 0 0 0 0 6 3
cob=(2)
cfi=(120)
cfn=(402)
calls=1 0xc29c0 30 
* * 25 5 0 0 3 0 0 0 0 5
cob=(2)
cfi=(136)
cfn=(450)
calls=1 0xaf000 29 
* * 21 4 0 0 0 0 0 0 0 4
cob=(2)
cfi=(131)
cfn=(434)
calls=1 0xab570 29 
* * 25 5 0 0 1 0 0 0 0 5 1
cob=(2)
cfi=(114)
cfn=(386)
calls=1 0xad180 79 
* * 20 6 0 0 3 0 0 0 0 5 1
cob=(2)
cfi=(118)
cfn=(396)
calls=1 0xad080 65 
* * 21 4 0 0 0 0 0 0 0 5 2
cob=(2)
cfi=(140)
cfn=(462)
calls=1 0xaf370 29 
* * 7 3 0 0 1
cob=(2)
cfi=(172)
cfn=(582)
calls=1 0xafc70 44 
* * 7 3 0 2 2 0 2
cob=(2)
cfi=(123)
cfn=(410)
calls=1 0xd0be0 31 
* * 21 4 0 0 0 0 0 0 0 4 2
cob=(2)
cfi=(104)
cfn=(360)
calls=1 0x126b70 29 
* * 22 4 0 0 1 0 0 0 0 6 3
cob=(2)
cfi=(125)
cfn=(414)
calls=1 0xaef60 67 
* * 22 6 0 0 0 0 0 0 0 5 1
cob=(2)
cfi=(171)
cfn=(580)
calls=1 0xd70f0 41 
* * 7 3 0 2 1 0 2
cob=(2)
cfi=(94)
cfn=(332)
calls=1 0xd0c60 29 
* * 25 5 0 0 0 0 0 0 0 5 2
cob=(2)
cfi=(138)
cfn=(458)
calls=1 0xab4f0 29 
* * 21 4 0 0 0 0 0 0 0 4 1
cob=(2)
cfi=(106)
cfn=(368)
calls=1 0xc3b00 29 
* * 20 6 0 0 0 0 0 0 0 5 1
cob=(2)
cfi=(100)
cfn=(348)
calls=2 0x126ea0 29 
* * 46 8 0 0 0 0 0 0 0 14 4
cob=(2)
cfi=(137)
cfn=(454)
calls=3 0xabf40 29 
* * 66 12 0 0 0 0 0 0 0 18 6
cob=(2)
cfi=(102)
cfn=(352)
calls=3 0xab660 29 
* * 66 12 0 0 0 0 0 0 0 18 7
cob=(2)
cfi=(108)
cfn=(372)
calls=2 0xac1e0 29 
* * 46 8 0 0 3 0 0 0 0 14 5
cob=(2)
cfi=(135)
cfn=(446)
calls=3 0xaed40 29 
* * 75 15 0 0 4 0 0 0 0 15 2
+3 * 29 29
+7 * 29 29
+7 * 29
+3 +3 29
+4 * 29 0 0 0 0 0 0 0 0 29 12
fe=(78)
+27 175 1718 1718 0 1 0 0 1
+7 * 1718
+4 * 1718 0 0 1 0 0 1 0 0 1718
+6 * 1718
+7 * 1718 0 0 0 0 0 0 0 0 1718 3
+6 * 1716
+4 * 1716 0 0 0 0 0 0 0 0 1716
+6 * 1716
+4 * 1716 0 0 0 0 0 0 0 0 1716
+6 * 1716
+3 * 1716
+2 * 1716 0 0 0 0 0 0 0 0 1716
+6 +3 1718 1718
+7 -1 1718 0 1718
+8 +19 1718 1718
+7 -18 1718 0 1718
+4 * 1718
+9 296 2 0 0 1 0 0 1
+3 * 2 0 0 0 0 0 0 0 0 2 2
+6 * 2
+3 * 2 0 2
+4 * 2
0x10770 * 121 0 0 1 0 0 1
+7 * 121
+9 * 76 0 0 1 0 0 1
fi=(6)
+5 -14 76
+3 * 76
fe=(78)
+24 175 2
+6 * 2
+3 * 2 0 0 0 0 0 0 0 0 2
+6 * 2
fi=(5)
+25 73 2 0 2 1 0 0 1
+11 +98 2 2
+7 * 2 0 0 0 0 0 0 0 0 2 1
fe=(78)
+6 +19 1
+4 * 1 0 1
+7 * 1 0 1
+7 * 1 0 1
+7 * 1 0 1
fi=(5)
+7 -17 1 1 0 1 1 0 1 1
+4 * 1 1
+7 * 1
+3 +3 1
+3 -3 1
+4 * 1
+4 * 1
+4 * 1 0 1
+4 +3 1
+4 * 1 0 0 0 0 0 0 0 0 1
-37 -3 5 5 0 0 2 0 0 2
+4 * 5 5
+7 * 5
+3 +3 5
+3 -3 5
+4 * 5
+4 * 5
+4 * 5 0 5
+4 +3 5
+4 * 5 0 0 0 0 0 0 0 0 5
+6 -2 6 6
+7 * 6 6
+3 +10 6 0 6
fi=(6)
+4 +78 6
+4 * 6 0 0 1 0 0 1 0 0 6
+6 +7 6
+4 * 6 0 0 0 0 0 0 0 0 6
+6 +4 6
+3 * 6 0 0 0 0 0 0 0 0 6
fe=(78)
+6 170 6 6 0 0 3 0 0 3
+6 * 6
+2 * 6
+4 * 6 0 0 0 0 0 0 0 0 6
fi=(4)
+6 -18 6 6
+6 * 6
+3 * 6
fe=(78)
+3 +19 6
+3 * 6 0 0 0 0 0 0 0 0 6
+6 +3 6 6 0 1 1 0 1
+7 * 6 0 0 0 0 0 0 0 0 6
+6 +8 6
+4 * 6 0 0 0 0 0 0 0 0 6
+6 -8 6
+6 * 6
+7 * 6 0 0 0 0 0 0 0 0 6
+2 * 6
+6 * 6
+4 * 6 0 0 0 0 0 0 0 0 6
+2 * 6
+3 * 6
+4 * 6
+4 +12 6 6
+4 * 6 6 0 1 0 0 1
+4 -3 6 0 6
+7 +1 6 0 6
+7 +2 6 6
+4 * 6
+2 * 6 6
+8 * 6 0 0 0 0 0 0 0 0 6 2
+5 * 6 0 6
+7 * 6
+3 +4 6
+3 * 6
+3 * 6 0 6
+2 * 6 6
+7 * 6
+4 -4 6 0 0 1 0 0 1
+3 +4 6 0 6
+2 * 6 0 6
cfi=(79)
cfn=(296)
calls=6 0xb780 769 
* * 3736 1065 416 0 30 0 0 4 0 577 42 1 1
+5 +3 6 6
+4 +1 6 6
+7 * 6
+5 -4 6
+3 +4 6
+5 * 6
+4 * 6 0 6
+8 * 6 6
+1 * 6 6
fi=(6)
+1 +88 6
+3 * 6
+3 * 6 0 0 0 0 0 0 0 0 6 2
+2 +3 3 3
+4 -3 3 3
+4 * 3 3 0 1 0 0 1
+4 * 3
+3 * 3
+4 * 3 0 0 0 0 0 0 0 0 3
+6 * 3 3
+3 +4 3
+2 * 3 0 0 0 0 0 0 0 0 3 2
+11 +26 6
+4 * 6 0 0 0 0 0 0 0 0 6
+6 * 6
+7 * 6 6 0 0 1 0 0 1
+4 * 6
+3 * 6 0 0 0 0 0 0 0 0 0 0 6 1
+7 418 6 0 6 1 0 1 1 0 1
fi=(5)
+3 187 6 6
+3 * 6
+4 * 6 0 0 0 0 0 0 0 0 6
+6 -16 6
+4 * 6 6
+7 * 6 0 0 0 0 0 0 0 0 6 5
+6 +31 1 1
+7 * 1 1
+7 * 1 1
+7 * 1 1
+7 * 1
+3 * 1 0 0 1 0 0 1 0 0 1 1
fe=(78)
0x11047 +48 5 0 0 1 0 0 1
+2 * 5 0 0 0 0 0 0 0 0 5
+6 +7 5 5 0 0 1
+7 * 5 0 5
+7 * 5
+3 * 5 0 0 0 0 0 0 0 0 5
+6 -9 5
+3 * 5

fl=(72) /usr/src/debug/glibc/glibc/elf/dl-version.c
fn=(254) _dl_check_all_versions
0x15670 399 1 0 0 1 0 0 1
+4 * 1 0 1
+1 * 1
+3 * 1 0 1
+2 * 1 0 1
+2 * 1 0 1
+2 * 1 0 1
+1 +4 1 0 0 1 0 0 1
+3 * 1 0 0 0 0 0 0 0 0 1
+2 * 1
+3 * 1
+3 * 1
+3 -2 1
+3 * 1
+25 +4 7 7
+7 * 7 0 0 0 0 0 0 0 0 7
+2 * 7
+3 * 7
+3 * 7
+3 * 7 0 7
cfn=(256) _dl_check_map_versions
calls=7 0x14d80 155 
* * 28974 8648 1669 48 136 79 48 130 78 6067 432 90 59
+5 -2 7 7 0 1 0 0 1
+4 +1 7
+3 -1 7
+3 * 7 0 0 0 0 0 0 0 0 7 3
+2 +5 1 1
+1 * 1
+3 * 1 1
+2 * 1 1
+2 * 1 1
+2 * 1 1
+1 * 1 1

fn=(256)
0x14d80 155 7 0 0 1 0 0 1
+4 * 7 0 7
+1 * 7
+3 * 7 0 7
+2 * 7 0 7
+2 * 7 0 7
+2 * 7 0 7
+2 * 7 0 7
+1 * 7
+7 +15 7 7
+4 * 7
+3 * 7 0 0 0 0 0 0 0 0 7
+6 +2 7 7
+4 * 7 7
+7 * 7 0 0 0 0 0 0 0 0 7
+6 +2 7 7 0 0 1
+7 * 7 0 7 1 0 0 1
+6 * 7
+3 +1 7 7
+7 +2 7
+3 * 7 0 0 0 0 0 0 0 0 7 2
+6 +3 5 5
+4 * 5 5
+3 +4 5 5 0 0 4 0 0 4
+4 * 5 0 0 0 0 0 0 0 0 5
+6 -20 5 0 5
+7 -8 5 0 5
+10 +69 5 0 5
+7 * 5 0 5 1 0 0 1
+7 * 5 0 5
+7 * 5
+3 * 5
+3 * 5
+2 * 5
+11 36 5 5
+5 * 5
+7 200 5 5
+3 * 5 5
+7 36 5 5
+4 * 5
+3 * 5 0 0 1 0 0 1 0 0 5
-29 * 8 8
+5 * 8
+7 200 8 8
+3 * 8 8
+7 36 8 8
+4 * 8
+3 * 8 0 0 0 0 0 0 0 0 8
+6 * 13
+3 * 13
+3 * 13
+7 +1 60 60
+5 -1 60
+3 * 60 0 0 0 0 0 0 0 0 60
+6 +2 73
+3 * 73
+3 * 73 0 73
cfi=(53) /usr/src/debug/glibc/glibc/elf/dl-misc.c
cfn=(172) _dl_name_match_p
calls=73 0xc950 +30 
* * 6975 1612 369 2 0 0 2 0 0 864 111 48 32
+5 * 73
+2 * 73 0 0 0 0 0 0 0 0 73 7
+2 * 13
+3 * 13
+3 208 13
+3 * 13 0 0 0 0 0 0 0 0 13 1
+6 +5 13 13 0 0 2 0 0 2
+3 99 13 0 13 1 0 0 1
+7 * 13 0 13
+7 * 13 13
+4 * 13 0 13
+7 213 13
+3 * 13
+5 +4 13 13 0 0 4 0 0 4
+3 * 13 13
+7 +1 13 13
+4 * 13 13
+3 -1 13
+4 +4 13 13
+4 * 13 0 13
+7 -3 13 13 0 1 0 0 1
+7 * 13 13
+4 * 13 13
+4 * 13 0 0 0 0 0 0 0 0 13 5
-47 -1 47 47 0 0 13 0 0 13
+3 * 47 47
+7 +1 47 47
+4 * 47 47
+3 -1 47
+4 +4 47 47
+4 * 47 0 47
+7 -3 47 47
+7 * 47 47
+4 * 47 47
+4 * 47 0 0 0 0 0 0 0 0 47 9
+2 * 13 13
+7 * 13 13
+3 * 13
+7 * 13
+3 * 13
+4 56 13 13
+4 * 13 13
+4 * 13 13
+8 * 13 0 0 0 0 0 0 0 0 13 8
-16 * 47 47
+4 * 47 47
+4 * 47 47
+8 * 47 0 0 0 0 0 0 0 0 47 12
+6 +8 60 60 0 1 0 0 1
+7 * 60 0 0 0 0 0 0 0 0 60
+6 +6 60 60 0 0 1
+7 * 60
+3 * 60 0 0 0 0 0 0 0 0 60 1
+6 +16 60 60 0 0 1
+4 +1 60
+3 * 60 0 0 0 0 0 0 0 0 60
+6 +2 60 60
+4 +5 60 60 0 0 5 0 0 5
+4 * 60 0 0 0 0 0 0 0 0 60
+2 * 60 0 60
+7 * 60
+3 * 60
+3 * 60 0 60 1 0 0 1
+7 * 60
+3 * 60 0 60
+4 * 60
+3 +14 60 60 0 0 2 0 0 2
+4 * 60 0 0 0 0 0 0 0 0 60
-4 * 986 986 0 0 15 0 0 15
+4 * 986 0 0 0 0 0 0 0 0 986 64
+6 +12 986 986 0 0 12 0 0 12
+4 * 986
+2 * 986 0 0 0 0 0 0 0 0 986 2
+6 +4 986
+3 -30 986 986 0 0 27 0 0 27
+6 * 986 0 0 0 0 0 0 0 0 986 6
0x14ffe 231 60 60 0 1 0 0 1
+4 * 60
+5 * 60
+3 * 60
+4 +3 60 60
+3 * 60
+2 * 60 0 0 0 0 0 0 0 0 60 14
+2 +5 47
+3 -24 47
+8 110 60 60 0 1 2 0 1 2
+4 +3 60 0 60
+4 * 60 60 0 0 1 0 0 1
+5 * 60
+3 * 60 0 60
cfi=(33) /usr/src/debug/glibc/glibc/string/../sysdeps/x86_64/multiarch/../multiarch/strcmp-sse2.S
cfn=(100) strcmp
calls=60 0x26880 -15 
* * 2697 476 0 16 27 0 16 27 0 301 63 28 24
+5 * 60 60
+4 * 60
+2 * 60 0 0 1 0 0 1 0 0 60
+6 * 60 60
+4 224 60
+3 * 60 60
+6 * 60 0 0 0 0 0 0 0 0 60 9
+2 +1 3
+7 * 3
+3 * 3 0 3
cfi=(33)
cfn=(100)
calls=3 0x26880 98 
* * 181 29 0 0 1 0 0 1 0 20 5 2 2
+5 * 3
+2 * 3 0 0 0 0 0 0 0 0 3 1
+2 +3 3 0 3
+8 * 3
+5 * 13 0 13
+4 * 13 13
+7 * 13 13 0 1 0 0 1
+7 +15 13 13
+3 * 13
+2 * 13 0 0 0 0 0 0 0 0 13 4
+6 +5 8
+3 -50 8
0x1522a +59 5 5 0 1 0 0 1
+7 * 5 5
+7 * 5 5
+7 * 5 0 0 1 0 0 1
+3 * 5 0 0 0 0 0 0 0 0 5 1
+6 +3 5 5
+4 * 5 5
+3 +3 5 5
+4 * 5 5
+3 * 5
+5 * 5
+2 * 5
+3 * 5 0 5
+3 * 5
+2 +3 5 5
+3 * 5
+2 * 5 0 0 0 0 0 0 0 0 5
+2 * 5
+9 * 5
+11 +4 5
+3 -7 5 5
+4 * 5
+5 * 5
+2 * 5
+3 +3 5 5
+3 * 5
+2 * 5 0 0 0 0 0 0 0 0 5 4
-22 +4 130
+3 -7 130 130 0 0 11 0 0 11
+4 * 130
+5 * 130
+2 * 130
+3 +3 130 130 0 0 4 0 0 4
+3 * 130
+2 * 130 0 0 0 0 0 0 0 0 130 21
+2 * 5 0 5
+3 +8 5 5
+3 * 5
+2 * 5 0 0 0 0 0 0 0 0 5
+6 +6 6 6 0 1 0 0 1
+3 * 6 0 6
fi=(28) /usr/src/debug/glibc/glibc/elf/../include/rtld-malloc.h
+4 44 6
fe=(72)
+5 280 6
+3 * 6
fi=(28)
+3 44 6 6 6 0 0 0 0 0 0 0 0 6 1
cfi=(27) /usr/src/debug/glibc/glibc/elf/dl-minimal-malloc.c
cfn=(74) __minimal_calloc
calls=6 0xc780 +36 
* * 259 41 33 0 0 0 0 0 0 32 10 6
fe=(72)
+6 281 6 6 0 1 0 0 1
+4 * 6
+3 -2 6 0 6
fi=(28)
+7 44 6
fe=(72)
+3 281 6 0 0 0 0 0 0 0 0 6
+6 +13 6 6 0 0 1
+7 -3 6 0 6
+7 +3 6 6 0 0 1
+4 * 6 6
+8 * 6 0 0 0 0 0 0 0 0 6
+6 * 6 0 6 0 0 1
+7 +2 6
+3 * 6 0 0 1 0 0 1 0 0 6 1
+6 +3 5 5
+3 * 5 5
+4 * 5
+3 * 5
+1 +4 5 5
+3 * 5
+3 * 5
-6 * 8 8
+3 * 8
+3 * 8
+10 +18 47
+3 -15 47 47
+4 +2 47
+3 -2 47
+3 +2 47
+7 -2 47
+6 +2 47
+3 * 47 0 0 0 0 0 0 0 0 47
-26 -2 13 13
+4 +2 13
+3 -2 13
+3 +2 13
+7 -2 13
+6 +2 13
+3 * 13 0 0 0 0 0 0 0 0 13
+2 +2 60 0 0 1 0 0 1
+4 +1 60
+6 -1 60 60
+3 * 60
+4 +1 60 0 60 0 0 19 0 0 19
+5 +1 60 60
+3 -2 60 0 60
+5 +2 60
+3 * 60 0 60 0 0 6 0 0 6
+4 +1 60 60
+3 * 60
+3 * 60 0 60 0 0 2 0 0 2
+5 +3 60 60
+3 * 60
+2 * 60 0 0 0 0 0 0 0 0 60 20
+2 +8 13 13
+3 * 13
+2 * 13 0 0 1 0 0 1 0 0 13 3
+6 +5 8
+3 -28 8
+2 +71 6
+3 * 6 0 0 0 0 0 0 0 0 6 1
+2 +1 5 5
+5 * 5 0 0 0 0 0 0 0 0 5
+2 +1 5 5 0 0 1
+8 * 5 0 0 0 0 0 0 0 0 5 1
+2 +1 4 4
+8 * 4 0 0 0 0 0 0 0 0 4 1
+6 +19 7 7
+6 * 7
+7 * 7 7
+1 * 7 7
+2 * 7 7
+2 * 7 7
+2 * 7 7
+2 * 7 7 0 1 0 0 1
+1 * 7 7
+57 164 2 0 2
+7 -8 2 0 2
+10 257 2
+3 * 2 0 0 0 0 0 0 0 0 2 1
+6 * 1
+2 +77 5 0 0 1 0 0 1
+3 * 5 0 0 0 0 0 0 0 0 5 1
+2 +3 5 5
+4 * 5
+33 +20 135
+3 -14 135 135
+5 * 135 0 0 0 0 0 0 0 0 135
-5 * 5 5 0 1 0 0 1
+5 * 5 0 0 0 0 0 0 0 0 5 3
+2 -2 135 135
+4 +6 135 135
+5 +1 135 135
+4 +1 135 135
+4 -1 135
+5 * 135
+4 +1 135
+3 -1 135 0 135 0 0 35 0 0 35
+4 +1 135 0 135
+4 +1 135 0 135 0 0 16 0 0 16
+9 +3 135 135
+4 * 135
+2 * 135 0 0 0 0 0 0 0 0 135 13
-6 * 5 5
+4 * 5
+2 * 5 0 0 0 0 0 0 0 0 5 1
+2 * 6 6 0 1 0 0 1
+3 * 6
+4 * 6
+5 * 6
+4 +11 207
+4 * 207
+3 * 207 0 0 0 0 0 0 0 0 207 6
+6 +1 207 207
+4 * 207 0 0 0 0 0 0 0 0 207 10
+2 +1 12
+7 * 12 0 12
+3 * 12
+59 -32 1
+3 * 1 0 0 0 0 0 0 0 0 1
+2 -40 1 1
+3 * 1
+5 -20 1 1 0 1 0 0 1
+3 * 1
+2 * 1 0 0 0 0 0 0 0 0 1 1
0x1558c 377 1 1 0 1 0 0 1
+4 * 1 1
+4 * 1 1
+8 * 1 0 0 0 0 0 0 0 0 1 1
+5 +2 1 1
+4 * 1 1
+3 * 1
+3 * 1 0 0 0 0 0 0 0 0 1 1
+21 * 29 29
+4 * 29
+4 * 29
+3 * 29 0 0 0 0 0 0 0 0 29 2
+6 +1 29 0 0 1 0 0 1
+4 * 29 0 0 0 0 0 0 0 0 29 3
+2 +2 1 1
+4 +1 1
+5 * 1
+7 -1 1
+3 +1 1 0 1
cfi=(33)
cfn=(258) strncmp
calls=1 0x28080 98 
* * 32 7 0 4 0 0 4 0 0 6 1
+6 * 1
+2 * 1 0 0 0 0 0 0 0 0 1 1

fl=(32) /usr/src/debug/glibc/glibc/elf/dl-execstack-tunable.c
fn=(96) _dl_handle_execstack_tunable
0x4f20 24 1 0 0 1 0 0 1
+4 * 1 0 1
+1 +1 1
+2 * 1
+5 -1 1
+3 * 1
+4 +1 1
+4 * 1 0 1
cfi=(11)
cfn=(28)
calls=1 0x14cf0 438 
* * 18 4 1 0 2 0 0 2 0 3 2
+5 * 1 1
+3 * 1 0 0 1 0 0 1
+2 * 1 0 0 0 0 0 0 0 0 1
+2 * 1
+3 * 1 0 0 0 0 0 0 0 0 1
+2 +14 1 1
+1 * 1 1

fl=(22) /usr/src/debug/glibc/glibc/string/../sysdeps/x86_64/multiarch/../multiarch/strlen-sse2.S
fn=(62) strlen
0x27ee0 57 27 0 0 1 0 0 1
+4 +44 27
+4 +1 27
+4 +1 27
+4 +1 27
+4 +1 27
+3 +1 27
+3 +1 27 0 0 1 0 0 1
+7 +2 27
+7 +2 27 0 0 0 0 0 0 0 0 27
+2 +31 27 27 0 0 2 0 0 2
+4 +1 27
+4 +1 27
+4 +1 27
+2 +1 27 0 0 0 0 0 0 0 0 27 7
+2 +1 12
+3 +2 12 12
+1 +4 15
+4 +1 15 15
+5 +1 15 15 0 0 1 0 0 1
+5 +1 15 15
+5 +1 15
+4 +1 15
+5 +1 15
+4 +1 15 0 0 1 0 0 1
+4 +1 15
+4 +1 15
+3 +1 15
+4 +1 15
+3 +5 15
+3 * 15
+3 * 15
+4 * 15
+3 * 15
+3 * 15 0 0 0 0 0 0 0 0 15
+2 * 15
+4 * 15 15

fl=(13) /usr/src/debug/glibc/glibc/elf/dl-sort-maps.c
fn=(248) dfs_traversal.part.0
0x125c0 135 14 0 14 2 0 0 1
+1 * 14
+3 * 14
+3 * 14
+3 * 14
+4 +10 14 14 0 0 5
+7 -2 14 0 14
+7 +2 14
+3 * 14 0 0 0 0 0 0 0 0 14 3
+2 +2 11 11 0 0 6
+3 * 11
+3 * 11 0 0 0 0 0 0 0 0 11
+2 * 11
+5 -7 11 11
+7 * 11 0 0 0 0 0 0 0 0 11
-7 * 24 24
+7 * 24 0 0 0 0 0 0 0 0 24
+2 +7 35 35 0 0 1
+4 * 35
+4 * 35
+3 * 35 0 0 0 0 0 0 0 0 35 16
+2 +9 14 0 0 2 0 0 1
+3 * 14 0 0 0 0 0 0 0 0 14 5
+2 +15 14 14
+3 * 14
+4 * 14 0 14
+3 +1 14 0 14
+4 +1 14 14
+1 * 14 14
+64 -17 7 7 0 1 0 0 1
+7 * 7
+3 * 7 0 0 0 0 0 0 0 0 7 5

fn=(26) _dl_sort_maps_init
0x126c0 289 1 0 0 1 0 0 1
+4 * 1 0 1
+1 +1 1
+2 * 1
+5 -1 1
+3 * 1
+4 +1 1
+4 * 1 0 1
cfi=(11)
cfn=(28)
calls=1 0x14cf0 438 
* * 18 4 1 3 2 0 3 2 0 3 2
+5 +2 1
+2 * 1 1
+4 * 1
+3 -1 1 0 1
+6 +2 1 1
+1 * 1 1

fn=(246) _dl_sort_maps
0x126f0 298 2 0 0 2
+4 * 2 0 2
+1 * 2
+3 * 2 0 2
+2 * 2
+3 * 2 0 2
+2 * 2 0 0 2 0 0 1
+3 * 2 0 2
+2 * 2 0 2
+2 * 2
+3 * 2 0 2
+1 * 2
+4 +8 2 2 0 0 1
+7 -8 2 0 2
+3 +8 2
+3 * 2 0 0 0 0 0 0 0 0 2 2
0x129bd -95 2 0 0 2 0 0 1
+2 -28 2 0 0 2 0 0 1
+3 -2 2 0 2
+4 +1 2 2
+3 +29 2
+4 -28 2
+4 * 2 0 0 0 0 0 0 0 0 2 1
+6 * 2
+3 * 2
+3 +1 2 2
+4 -1 2
+4 +1 2 0 2
+7 -1 2
+2 * 2 0 0 0 0 0 0 0 0 2 2
-17 +1 12 12
+4 -1 12
+4 +1 12 0 12
+7 -1 12
+2 * 12 0 0 0 0 0 0 0 0 12 10
+2 +28 2
+4 * 2
+3 * 2
+4 * 2
+4 * 2 0 0 2 0 0 1
+3 * 2
+7 * 2
+3 * 2
+3 * 2 0 0 0 0 0 0 0 0 2 2
+23 * 2
+5 * 2
+3 * 2
+3 * 2 0 0 0 0 0 0 0 0 2
+2 * 2 0 2
+6 +5 2
+4 +3 2 0 0 2 0 0 1
+4 * 2 0 2
+4 * 2
+3 -3 2 0 2
+4 +3 2
+2 * 2 2
+4 * 2
+4 * 2
+4 * 2 0 2
+4 * 2
+3 * 2
+3 -1 2 0 2
+4 +3 2
+3 * 2
+3 * 2
+2 * 12
+4 * 12
+3 * 12 0 0 0 0 0 0 0 0 12 1
+6 +2 14 14 0 2 0 0 1
+4 -83 14 14
+7 * 14 0 0 0 0 0 0 0 0 14
+2 * 14
+3 * 14 0 14
+4 * 14 0 14
cfn=(248)
calls=14 0x125c0 -5 
* * 513 144 56 5 12 0 3 0 0 116 29
+5 * 14 14
+4 +86 14 14
+4 * 14
+3 * 14 0 0 0 0 0 0 0 0 14 11
+2 +18 2
+3 * 2
+3 * 2 2
+4 * 2 2
+4 * 2
+3 * 2 2
+4 * 2 0 0 0 0 0 0 0 0 2 2
+80 +32 2 0 0 2 0 0 1
+3 * 2 0 0 0 0 0 0 0 0 2
+2 * 2 2
+4 * 2 0 0 0 0 0 0 0 0 2 2
+55 +7 2 0 0 2 0 0 1
+4 +27 2
+4 * 2 2
+1 * 2 2
+2 * 2 2
+2 * 2 2
+2 * 2 2
+2 * 2 2
+1 * 2 2
+94 -47 2 0 0 2 0 0 1
+3 * 2
+3 * 2 0 2 2 0 0 1
cfi=(29)
cfn=(82)
calls=2 0x25cc0 -53 
* * 38 10 8 3 0 0 0 0 0 8 4
+6 * 2

fl=(70) /usr/src/debug/glibc/glibc/malloc/scratch_buffer_set_array_size.c
fn=(242) __libc_scratch_buffer_set_array_size
0x24cb0 30 5 0 0 1 0 0 1
+4 * 5 0 5
+1 * 5
+3 * 5
+3 * 5
+3 * 5 0 5
+2 * 5 0 5 1 0 0 1
+2 * 5 0 5
+1 * 5
+3 * 5
+4 * 5
+3 * 5
+3 * 5
+3 +4 5
+3 +1 5
+4 * 5 0 0 0 0 0 0 0 0 5 2
+7 +10 5 5
+4 * 5 0 0 0 0 0 0 0 0 5 2
+41 +18 5 0 0 1 0 0 1
+4 -17 5
+5 +17 5 5
+1 * 5 5
+2 * 5 5
+2 * 5 5
+1 * 5 5

fl=(58) /usr/src/debug/glibc/glibc/io/../sysdeps/unix/sysv/linux/fstat64.c
fn=(194) fstat
0x24950 30 6 0 0 1 0 0 1
+4 +9 6
+5 * 6
+2 * 6
+6 * 6 0 0 0 0 0 0 0 0 6
+2 +33 6 6

fl=(23) /usr/src/debug/glibc/glibc/elf/../misc/sbrk.c
fn=(64) sbrk
0x24380 37 1 0 0 1 0 0 1
+4 * 1 0 1
+1 * 1
+3 * 1
+3 * 1
+4 +3 1 1
+7 +18 1
+3 * 1 0 0 0 0 0 0 0 0 1
+2 +4 1
+3 * 1 0 0 0 0 0 0 0 0 1 1
+30 +16 1 1
+1 * 1
+3 * 1 1 0 1 0 0 1

fl=(16) /usr/src/debug/glibc/glibc/elf/../sysdeps/x86/cpu-features.c
fn=(36) init_cpu_features.constprop.0
0x17d00 724 1 0 1 1 0 0 1
+1 +23 1
+2 -23 1
+3 * 1 0 1
+2 * 1 0 1
+2 * 1 0 1
+2 * 1 0 1
+2 * 1 0 1
+1 * 1
+7 +3 1 0 1
+7 +9 1 0 1 0 0 1 0 0 1
+10 -8 1 0 1
+7 +1 1 0 1
+7 +9 1 0 1 0 0 1 0 0 1
+11 +9 1 0 0 1 0 0 1
+2 * 1 0 1
+6 +3 1
+6 * 1 0 0 0 0 0 0 0 0 1
+6 * 1
+6 * 1 0 0 0 0 0 0 0 0 1
+6 * 1
+6 * 1 0 0 0 0 0 0 0 0 1
+6 +6 1
+4 * 1
+4 * 1
+4 * 1
+4 * 1
+3 * 1 0 1 1 0 0 1
cfn=(38) get_common_indices.constprop.0
calls=1 0x16d50 431 
* * 71 10 23 5 0 3 5 0 3 8 1
+5 409 1
+5 * 1
+2 * 1
+2 +1 1
+5 * 1 0 0 0 0 0 0 0 0 1
+2 +1 1
+5 * 1
+2 * 1 0 1
+6 * 1 0 1
+6 * 1 0 1
+6 * 1 0 1
+6 +5 1
+6 * 1 0 0 0 0 0 0 0 0 1
+2 +1 1
+5 * 1 0 0 1 0 0 1
+2 * 1 0 1 0 0 1 0 0 1
+6 * 1 0 1
+6 * 1 0 1
+6 * 1 0 1
+6 +5 1
+6 * 1 0 0 0 0 0 0 0 0 1
+2 +1 1
+5 * 1
+2 * 1 0 1
+6 * 1 0 1
+6 * 1 0 1
+6 * 1 0 1 1 0 0 1
+6 761 1 0 1
cfn=(42) update_active.constprop.0
calls=1 0x17740 90 
* * 196 42 39 18 1 1 18 1 1 21 11
+5 +4 1 1
+6 +42 1 1
+6 -38 1 1
+3 +15 1 1
+3 -18 1
+2 +41 1 0 1
+6 -36 1 1
+3 -5 1
+6 +39 1 1
+7 -39 1 0 1
+6 +3 1
+3 * 1 0 0 0 0 0 0 0 0 1 1
+22 886 1 1 0 1 0 0 1
+7 * 1 0 0 0 0 0 0 0 0 1 1
+6 +65 1 1
+7 * 1 0 0 0 0 0 0 0 0 1
+6 +7 1 1
+7 * 1 0 0 0 0 0 0 0 0 1
+2 +2 1
+3 * 1 0 1
+6 +4 1 0 0 1 0 0 1
+7 * 1 0 0 0 0 0 0 0 0 1
+6 +6 1 1
+7 * 1 0 0 0 0 0 0 0 0 1 1
+14 1126 1
+3 754 1
+6 1126 1
fi=(20) /usr/src/debug/glibc/glibc/elf/../sysdeps/x86/dl-cacheinfo.h
+6 999 1
+2 * 1
+3 * 1
+3 * 1 0 1
+6 * 1
+4 * 1 0 1 1 0 0 1
fe=(16)
+4 751 1
0x17f63 1118 1 1 0 1 0 0 1
+6 * 1
+3 * 1 0 0 0 0 0 0 0 0 1
+2 +1 1
+3 * 1 0 1
+6 +3 1
+3 * 1 0 0 0 0 0 0 0 0 1
+2 +1 1
+3 * 1 0 1 1 0 0 1
+6 +3 1
+2 * 1 0 0 0 0 0 0 0 0 1 1
+14 +7 1 0 1
+7 +1 1 0 1
+6 +1 1 0 1
+6 +1 1 0 1
fi=(20)
+6 850 1
+4 * 1 0 0 0 0 0 0 0 0 1 1
0x18062 953 1 1 0 1 0 0 1
+7 +5 1 0 1
+7 +11 1
+3 -7 1 1
+7 +2 1 0 1 1 0 0 1
+7 +5 1
+5 -16 1 0 1 0 0 1 0 0 1
+7 +1 1 1
+7 +15 1
+4 -10 1 0 1
+7 -5 1 0 1
+7 +1 1 1
+7 +5 1 0 1
+7 -5 1 0 1
+7 +1 1 1 0 1 0 0 1
+7 +5 1 0 1
+7 -5 1 0 1
+7 +1 1 1
+7 +5 1 0 1
+7 -5 1 0 1
+7 +6 1 0 1
+7 +37 1 1
+7 * 1 0 0 0 0 0 0 0 0 1
+2 -17 1 1
+4 * 1
+2 * 1
+3 +8 1 0 0 1 0 0 1
+3 * 1
+4 +29 1
+10 * 1
+5 * 1
+3 * 1
+4 * 1
+7 * 1
+4 +9 1
+7 * 1 0 0 0 0 0 0 0 0 1 1
+42 +20 1 1 0 1 0 0 1
+7 * 1
+5 +13 1
+3 * 1
+5 -13 1
+4 +6 1
+4 * 1
+4 +7 1
+2 * 1 0 1
cfi=(11)
cfn=(28)
calls=1 0x14cf0 438 
* * 17 4 1 0 2 0 0 2 0 3 1
+5 * 1 1 0 1 0 0 1
+4 +5 1
+3 * 1
+5 -3 1
+3 * 1 1
+8 +3 1
+2 * 1 0 1
cfi=(11)
cfn=(28)
calls=1 0x14cf0 438 
* * 17 4 1 0 2 0 0 2 0 3 1
+5 * 1 1
+4 +80 1 1
+4 -68 1
+3 -4 1
+7 +4 1
+5 -10 1
+3 +78 1
+4 * 1 1 0 1 0 0 1
+8 -72 1 1
+7 * 1
+4 +72 1 0 1
+7 -68 1
+2 +68 1 0 1
+4 -72 1 0 1
+7 +4 1 0 1
cfi=(11)
cfn=(28)
calls=1 0x14cf0 438 
* * 17 4 1 0 2 0 0 2 0 3 1
+5 * 1 1
+4 +5 1
+3 -4 1
+10 +4 1
+5 -4 1 0 0 1 0 0 1
+7 * 1
+3 +55 1
+4 -51 1
+2 +51 1 0 1
+7 -51 1 0 1
cfi=(11)
cfn=(28)
calls=1 0x14cf0 438 
* * 17 4 1 0 2 0 0 2 0 3 1
+5 * 1 1
+4 +5 1
+3 -4 1
+10 +4 1
+5 -4 1
+7 * 1
+3 +37 1 1
+8 -33 1 0 0 1 0 0 1
+2 +33 1 0 1
+7 * 1 0 1
+7 -33 1 0 1
cfi=(11)
cfn=(28)
calls=1 0x14cf0 438 
* * 17 4 1 0 2 0 0 2 0 3
+5 * 1 1
+4 +7 1
+3 -6 1 1
+7 +6 1
+5 +42 1
+4 -42 1
+2 +42 1 0 1
+7 -42 1 0 1
cfi=(11)
cfn=(28)
calls=1 0x14cf0 438 
* * 17 4 1 0 2 0 0 2 0 3
+5 +2 1 1 0 1 0 0 1
+7 -2 1 1
+4 +2 1 1
+7 * 1 0 0 0 0 0 0 0 0 1
+6 -2 1 0 1
+7 +26 1 0 1
+4 * 1 1
+4 * 1
+4 * 1
+3 * 1
+5 * 1 0 1
+8 * 1 0 1
+8 * 1 0 1 1 0 0 1
+8 * 1 0 1
cfi=(11)
cfn=(58) __GI___tunable_set_val
calls=1 0x14660 162 
* * 39 7 4 4 0 0 4 0 0 6 1
+5 +6 1 1
+7 * 1 0 0 0 0 0 0 0 0 1
+6 +3 1 1
+4 * 1
+4 * 1
+3 * 1
+5 * 1 1
+7 * 1 0 1
+8 * 1 0 1
+8 * 1 0 1 1 0 0 1
+4 * 1 0 1
+8 * 1 0 1
cfi=(11)
cfn=(58)
calls=1 0x14660 162 
* * 39 7 4 0 0 0 0 0 0 6 1
+5 +2 1 1
+4 * 1
+4 * 1
+3 * 1
+5 * 1 0 1
+8 * 1 0 1
+8 * 1 0 1
+8 * 1 0 1
+4 * 1 0 1
cfi=(11)
cfn=(58)
calls=1 0x14660 162 
* * 39 7 4 0 0 0 0 0 0 6 1
+5 +1 1 1 0 1 0 0 1
+7 * 1 1
+4 * 1
+4 * 1
+5 * 1 0 1
+8 * 1 0 1
+4 * 1
+3 * 1 0 1
+8 * 1 0 1
+8 * 1 0 1
cfi=(11)
cfn=(58)
calls=1 0x14660 162 
* * 39 7 4 0 0 0 0 0 0 6 1
+5 +1 1 0 1
+4 * 1 1
+4 * 1 0 0 1 0 0 1
+10 * 1 0 1
+4 * 1
+4 * 1
+3 * 1
+5 * 1
+3 * 1 0 1
+8 * 1 0 1
+8 * 1 0 1
cfi=(11)
cfn=(58)
calls=1 0x14660 162 
* * 39 7 4 0 0 0 0 0 0 6
+5 +3 1
+4 * 1
+3 * 1 0 1
+4 * 1 1 0 1 0 0 1
+7 * 1
+5 * 1 0 1
+8 * 1 0 1
+8 * 1 0 1
+4 * 1
+3 * 1 0 1
cfi=(11)
cfn=(58)
calls=1 0x14660 162 
* * 39 7 4 0 0 0 0 0 0 6
+5 +9 1 1
fe=(16)
+4 -7 1
fi=(20)
+2 +9 1 1
+7 +2 1 1
+7 -1 1 1
fe=(16)
+7 -10 1 0 0 1 0 0 1
fi=(20)
+7 +6 1 0 1
+7 +1 1 0 1
+7 +1 1 1
+7 +1 1 0 1
fe=(16)
+7 -9 1
fi=(20)
+3 +11 1 0 1
+7 -1 1 0 1
+7 -2 1 0 1
+7 +4 1 0 1 1 0 0 1
fe=(16)
+7 -12 1 0 1
cfi=(11)
cfn=(28)
calls=1 0x14cf0 438 
* * 16 3 1 0 2 0 0 2 0 2 2
+5 +3 1
+7 * 1
+3 * 1
+5 * 1 0 1
cfi=(11)
cfn=(28)
calls=1 0x14cf0 438 
* * 18 4 1 0 0 0 0 0 0 3 2
+5 +9 1 1
+6 +4 1 1
+6 -4 1
+5 * 1 0 0 0 0 0 0 0 0 1 1
+97 +55 1 1 0 1 0 0 1
+7 -1 1 0 1
+11 +1 1 0 0 0 0 0 0 0 0 1 1
+6 +45 1
+7 * 1
+3 * 1
+5 * 1 0 1
cfi=(11)
cfn=(28)
calls=1 0x14cf0 438 
* * 16 3 1 0 2 0 0 2 0 2 2
+5 +2 1
+7 * 1 0 0 1 0 0 1
+3 * 1
+5 * 1 0 1
cfi=(11)
cfn=(28)
calls=1 0x14cf0 438 
* * 16 3 1 0 1 0 0 1 0 2 2
+5 +4 1 1
+8 * 1 0 0 0 0 0 0 0 0 1
+6 +3 1 1
+7 * 1 0 0 0 0 0 0 0 0 1
+6 * 1
+7 * 1
+7 +3 1 0 1 0 0 1 0 0 1
+7 +35 1
+3 * 1
+7 * 1
+5 -32 1 0 1
+7 +32 1 0 1
cfi=(11)
cfn=(28)
calls=1 0x14cf0 438 
* * 18 4 1 0 2 0 0 2 0 3 2
+5 +7 1
+7 * 1 1
+1 * 1 1
+2 * 1 1
+2 * 1 1
+2 * 1 1
+2 * 1 1
+1 * 1 1
fi=(20)
+7 1035 1 0 0 1 0 0 1
+3 * 1 0 0 0 0 0 0 0 0 1
+2 * 1 0 1
+11 +3 1 0 0 1 0 0 1
+5 +1 1 0 1
+11 * 1
fe=(16)
+8 1165 1
+2 +1 1
+3 -1 1
+6 +1 1
+2 * 1 0 0 0 0 0 0 0 0 1 1
+75 +45 1 1 0 1 0 0 1
+6 * 1
+5 * 1 0 0 0 0 0 0 0 0 1 1
+23 +27 1 0 1
+7 * 1
+23 -10 1 0 0 1 0 0 1
+2 * 1
+5 * 1 0 0 0 0 0 0 0 0 1
+6 +1 1 1 0 1 0 0 1
+6 * 1
+2 * 1
+5 * 1 0 0 0 0 0 0 0 0 1
+6 +6 1
+7 -3 1 1
+7 * 1 0 0 0 0 0 0 0 0 1 1
fi=(20)
0x186e0 852 1 0 0 1 0 0 1
+5 * 1 0 1
+7 * 1 0 1
cfn=(50) handle_intel.constprop.0
calls=1 0x17650 255 
* * 465 51 20 13 6 0 13 6 0 110 31
+5 +1 1
+5 -1 1 0 1
+7 +1 1 0 1 1 0 0 1
cfn=(50)
calls=1 0x17650 255 
* * 532 51 20 0 0 0 0 0 0 130 28
+5 +4 1
+5 -4 1
+3 * 1 0 1
+4 +1 1 0 1
+4 +3 1 0 1
cfn=(50)
calls=1 0x17650 255 
* * 482 51 20 0 0 0 0 0 0 114 12
+5 +2 1
+5 -2 1 0 1
+7 +2 1 0 1
cfn=(50)
calls=1 0x17650 255 
* * 474 51 20 1 0 0 1 0 0 116 9
+5 +3 1
+5 -3 1 0 1
+7 +1 1 1
+7 * 1 0 1 1 0 0 1
+7 +2 1 0 1
cfn=(50)
calls=1 0x17650 255 
* * 455 51 20 0 0 0 0 0 0 111 12
+5 +2 1
+5 -2 1 0 1
+7 +2 1 0 1
cfn=(50)
calls=1 0x17650 255 
* * 457 51 20 0 0 0 0 0 0 112 10
+5 +2 1
+5 -2 1 0 1
+7 +2 1 0 1
cfn=(50)
calls=1 0x17650 255 
* * 507 51 20 0 0 0 0 0 0 122 17
+5 +2 1
+5 -2 1 0 1
+4 +2 1 0 1
cfn=(50)
calls=1 0x17650 255 
* * 497 51 20 0 0 0 0 0 0 123 10
+5 +2 1
+5 -2 1 0 1 1 0 0 1
+7 +2 1 0 1
cfn=(50)
calls=1 0x17650 255 
* * 499 51 20 0 0 0 0 0 0 124 9
+5 +3 1
+5 -2 1 0 1
+7 -1 1 0 1
+7 +3 1 0 1
cfn=(50)
calls=1 0x17650 255 
* * 522 51 20 0 0 0 0 0 0 131 15
+5 +2 1
+5 -2 1 0 1
+7 +2 1 0 1
cfn=(50)
calls=1 0x17650 255 
* * 524 51 20 0 0 0 0 0 0 132 9
+5 +2 1
+5 -2 1
+3 +2 1 0 1
cfn=(50)
calls=1 0x17650 255 
* * 525 51 20 0 0 0 0 0 0 131 11
+5 +2 1 1 0 1 0 0 1
+4 * 1
+4 * 1
+4 * 1
+4 -2 1 0 1
+7 +2 1 0 1
+7 * 1 0 1
cfn=(56) get_common_cache_info.constprop.0
calls=1 0x16ef0 613 
* * 225 24 19 13 0 0 13 0 0 43 13
+5 990 1 1
+4 -6 1 1
+4 * 1 1
+7 * 1 1
+7 +6 1
+4 -6 1 0 1 1 0 0 1
+7 * 1 1
+7 +6 1
+3 * 1
+4 -6 1 0 1
+4 * 1 1
+7 +6 1
+4 * 1 1
+7 * 1 1
+7 -1 1
+4 * 1
fe=(16)
0x18e30 -96 1 0 0 1 0 0 1
+3 * 1 0 1
+6 +4 1
0x18f38 771 1 1 0 1 0 0 1
+3 * 1
+3 * 1 0 1 1 0 0 1
+3 563 1
+6 * 1 0 0 0 0 0 0 0 0 1
+6 * 1
+7 * 1 1 0 0 1 0 0 1
+5 777 1
+4 * 1 0 0 0 0 0 0 0 0 1
+6 * 1 0 0 0 0 0 0 0 0 1
+6 * 1
+4 * 1 0 0 0 0 0 0 0 0 1 1
0x190c8 +37 1 0 0 1 0 0 1
+3 * 1 0 0 0 0 0 0 0 0 1
+2 +3 1
+7 * 1 0 1
+7 +94 1 0 1
+11 +1 1
+6 * 1

fn=(38)
0x16d50 431 1 0 1 1 0 0 1
+1 * 1
+3 * 1 0 1
+1 +4 1
+3 * 1 0 0 0 0 0 0 0 0 1
+2 * 1
+3 * 1
+3 +3 1
+5 * 1
+2 * 1 0 1 0 0 1 0 0 1
+6 +5 1
+2 * 1
+3 -5 1 0 1
+6 +5 1
+3 -5 1 0 1 1 0 0 1
+6 +4 1 0 1
+6 +1 1 0 1
+2 +1 1
+2 * 1
+3 * 1
+3 * 1 0 1
+2 +1 1
+2 * 1
+3 * 1
+6 * 1 0 1
+3 +1 1
+2 * 1
+3 * 1 0 1
+3 +1 1 1
+3 * 1 0 0 0 0 0 0 0 0 1
+6 +7 1 1
+7 * 1 0 0 0 0 0 0 0 0 1
+6 +2 1 0 0 1 0 0 1
+5 * 1
+2 * 1
+2 * 1 0 1
+6 +5 1
+5 -5 1 0 1
+6 +5 1
+5 -5 1 0 1
+6 * 1 0 1
+6 +5 1
+2 +7 1 1
+7 -7 1 0 1 0 0 1 0 0 1
+6 * 1 0 1
+6 * 1 0 1 1 0 0 1
+6 * 1 0 1
+6 +7 1 0 0 0 0 0 0 0 0 1
+2 +1 1
+5 * 1
+5 * 1
+2 +6 1 1
+7 -6 1 0 1 0 0 1 0 0 1
+6 * 1 0 1
+6 * 1 0 1
+6 * 1 0 1
+6 +6 1 0 0 0 0 0 0 0 0 1 1
fi=(17) /usr/src/debug/glibc/glibc/elf/../sysdeps/unix/sysv/linux/x86/dl-minsigstacksize.h
+77 24 1 1 0 1 0 0 1
+8 * 1 0 0 0 0 0 0 0 0 1
+2 +3 1 1
+7 * 1 0 0 0 0 0 0 0 0 1
+2 +1 1 1
+7 * 1 0 0 0 0 0 0 0 0 1
+2 +37 1
+5 * 1
+2 * 1
+2 +9 1
+6 * 1 0 1
fe=(16)
+7 490 1 1
+4 * 1 1
+1 * 1 1

fn=(42)
0x17740 90 1 0 1 1 0 0 1
+1 * 1
+3 * 1 0 1
+2 * 1 0 1
+2 * 1 0 1
+2 * 1 0 1
+2 * 1 0 1
+1 * 1
+4 +4 1 1
+6 +37 1 1
+7 -9 1 1
+7 -18 1 1
+6 -1 1
+2 -1 1
+2 +25 1
+2 -14 1 1
+7 -10 1
+6 -1 1 0 0 1 0 0 1
+6 * 1 1
+6 +25 1
+6 -24 1
+2 +27 1
+3 -26 1 0 1
+6 +17 1
+3 +6 1
+2 +7 1
+3 -22 1
+5 +18 1
+7 -18 1 1
+6 +18 1 1
+7 +4 1 0 0 1 0 0 1
+6 -7 1 0 1
+6 +7 1 1
+6 -7 1 0 1
+6 -6 1
+6 +13 1 0 1
+6 -13 1 1
+6 -9 1 0 1
+6 +18 1 0 1
+7 +4 1 0 1
+6 +1 1 1
+6 +7 1 1 0 1 0 0 1
+7 +5 1 1
+7 -8 1
+2 -4 1 0 1
+6 +13 1 1 0 0 1 0 0 1
+6 -9 1
+6 * 1 1
+6 +7 1
+3 -7 1 0 1
+6 * 1
+3 +1 1 1
+6 +8 1
+3 * 1 0 1 1 0 0 1
+6 +3 1
+3 -5 1
+7 * 1 1
+7 -6 1
+6 * 1 0 1
+6 +1 1 1
+6 +10 1
+6 * 1
+2 -5 1 0 1
+7 -5 1
+6 * 1 0 1
+6 +6 1 0 0 1 0 0 1
+3 * 1
+6 * 1 1
+6 +4 1
+7 * 1
+3 -4 1 0 1
+6 +4 1 0 1
+6 +14 1
+2 * 1 0 0 0 0 0 0 0 0 1
+6 -2 1 0 1
+10 +6 1
+3 * 1
+6 * 1 0 0 1 0 0 1
+2 * 1 0 1
+6 * 1 0 1
+6 +1 1
+2 * 1
+3 * 1 0 1
+6 +2 1
+2 * 1
+2 * 1 0 0 0 0 0 0 0 0 1 1
+6 +91 1 1
+6 -1 1
+2 * 1 0 0 0 0 0 0 0 0 1 1
0x17950 +17 1 1 0 1 0 0 1
+6 * 1
+2 * 1
+5 * 1 0 0 0 0 0 0 0 0 1
+6 +16 1 1
+7 * 1 0 0 0 0 0 0 0 0 1 1
+16 +4 1 0 1 1 0 0 1
+10 +1 1 1
+6 +3 1
+3 * 1
+4 * 1 1
+7 * 1 0 1
+7 +4 1
+3 * 1 0 0 0 0 0 0 0 0 1 1
fi=(18) /usr/src/debug/glibc/glibc/elf/../sysdeps/x86/get-isa-level.h
+2 30 1 1
fe=(16)
+6 389 1
+4 * 1 0 0 0 0 0 0 0 0 1 1
+9 +4 1 1
+6 * 1
+3 * 1 0 0 1 0 0 1 0 0 1 1
fi=(19) /usr/src/debug/glibc/glibc/elf/../sysdeps/unix/sysv/linux/x86/dl-hwcap2.h
+34 25 1 1
+7 * 1 0 0 0 0 0 0 0 0 1 1
fi=(18)
+13 +6 1
+2 -3 1
+2 +3 1
+5 * 1 0 0 0 0 0 0 0 0 1 1
fe=(16)
+6 402 1 0 1
+6 +1 1
+4 * 1 1
+1 * 1 1
+2 * 1 1
+2 * 1 1
+2 * 1 1
+2 * 1 1
+1 * 1 1
+7 -92 1 0 0 1 0 0 1
+5 * 1
+2 * 1
+2 +1 1
+2 * 1 0 0 0 0 0 0 0 0 1
+6 +5 1
+6 -1 1
+3 +10 1
+3 -6 1
+2 +2 1 0 1 1 0 0 1
+6 -2 1 0 1
+7 +3 1 0 1 0 0 1 0 0 1
+7 +3 1 0 0 0 0 0 0 0 0 1 1
fi=(18)
0x17b00 32 1 1 0 1 0 0 1
+6 * 1
+3 * 1 0 0 0 0 0 0 0 0 1
+6 +7 1 1
+6 * 1
+2 * 1
+2 * 1
+6 * 1 0 0 0 0 0 0 0 0 1
+6 +1 1 1
+6 * 1
+3 * 1 0 0 0 0 0 0 0 0 1
+6 +8 1
+2 -1 1
+5 +1 1
+5 * 1 0 0 1 0 0 1 0 0 1
+6 +3 1 1
+6 * 1
+2 * 1
+6 * 1 0 0 0 0 0 0 0 0 1
+6 +3 1
+3 * 1 0 0 0 0 0 0 0 0 1
+6 +9 1
+6 * 1
+5 * 1
+5 * 1
+3 * 1
fe=(16)
+74 176 1 0 0 1 0 0 1
+6 * 1 0 0 0 0 0 0 0 0 1
+2 +6 1
+4 * 1 0 0 0 0 0 0 0 0 1 1
+6 +14 1
+3 +12 1
+6 * 1 1
+6 -30 1 0 1
+10 +18 1
+5 +12 1
+6 -12 1
+3 +12 1 0 1
+6 -12 1 0 1 1 0 0 1
+6 +2 1
+3 * 1
+3 * 1 1
+6 * 1 0 1
+6 +6 1
+3 * 1
+5 * 1
+3 * 1 0 1
+6 +2 1 1
+6 * 1
+5 * 1
+3 * 1 0 1
+6 +7 1 1 0 1 0 0 1
+6 * 1
+2 * 1
+2 * 1 0 0 0 0 0 0 0 0 1 1
0x17ce0 -24 1 0 1 1 0 0 1
+10 -5 1
+3 * 1 0 1
+6 +4 1

fl=(66) /usr/src/debug/glibc/glibc/elf/dl-cache.c
fn=(224) _dl_load_cache_lookup
0x15eb0 386 4 0 0 1 0 0 1
+4 * 4 0 4
+1 * 4
+3 * 4
+3 * 4 0 4
+1 * 4
+4 +2 4 4 0 1 0 0 1
+7 * 4 0 0 0 0 0 0 0 0 4
+6 +3 4 4
+7 * 4
+3 * 4 0 0 0 0 0 0 0 0 4 1
+6 +69 3
+4 * 3 0 0 0 0 0 0 0 0 3
+6 * 3 3
+7 +5 3 3
+7 * 3
+4 * 3 0 0 0 0 0 0 0 0 3
-11 * 1 1
+7 * 1
+4 * 1 0 0 0 0 0 0 0 0 1
+6 +3 4 4 0 1 0 0 1
+3 * 4
+4 * 4
+6 * 4
+3 * 4 0 4
cfn=(230) search_cache
calls=4 0x157f0 206 
* * 5081 812 107 12 72 0 12 72 0 1296 101
+5 * 4
+3 +15 4 4
+7 * 4 0 0 0 0 0 0 0 0 4
+6 +4 4
+3 * 4 0 0 0 0 0 0 0 0 4
+6 +8 4
+3 * 4 0 4
cfi=(22)
cfn=(62)
calls=4 0x27ee0 57 
* * 140 20 0 0 1 0 0 1 0 12 2
+5 +1 4
+3 -1 4
+4 +1 4
+4 * 4 0 0 1 0 0 1
+3 * 4
+7 * 4
+3 * 4
+3 * 4 0 0 0 0 0 0 0 0 4 2
+23 * 4
+5 * 4
+3 * 4
+3 * 4 0 0 0 0 0 0 0 0 4 2
+6 * 4
+5 +1 4
+3 * 4 0 0 1 0 0 1
+3 -1 4
+4 +1 4 0 4
cfi=(29)
cfn=(82)
calls=4 0x25cc0 210 
* * 44 12 8 0 0 0 0 0 0 8
+6 * 4
+3 +1 4 0 4
cfi=(54) /usr/src/debug/glibc/glibc/string/strdup.c
cfn=(182) strdup
calls=4 0x27e80 40 
* * 332 60 40 0 0 2 0 0 2 36 2 4
+5 +1 4 4
+4 * 4 4
+1 * 4 4
+54 394 1 0 0 1 0 0 1
+7 * 1
+5 * 1
+7 * 1 0 1
+4 * 1 0 1
cfi=(53)
cfn=(226) _dl_sysdep_read_whole_file
calls=1 0xc880 36 
* * 103 16 16 3 1 3 3 1 3 12 4
+5 * 1
+3 +8 1
+4 * 1 0 0 0 0 0 0 0 0 1
+2 * 1 1
+7 * 1 1
+4 * 1 0 0 1 0 0 1
+4 * 1 0 0 0 0 0 0 0 0 1
+6 +1 1
+10 * 1 1 0 0 1 0 0 1
+3 * 1
+10 * 1 1
+4 * 1
+3 * 1 0 0 0 0 0 0 0 0 1 1
+56 +93 4 0 4 1 0 0 1
+6 * 4
0x16158 -93 1 1 0 1 0 0 1
+7 * 1 0 0 0 0 0 0 0 0 1
+6 +3 1
+10 * 1
+3 * 1
+4 * 1
+4 +1 1 1
+3 -1 1
+3 * 1 0 0 1 0 0 1 0 0 1
fi=(67) /usr/src/debug/glibc/glibc/elf/../sysdeps/generic/dl-cache.h
+6 194 1 1
+4 +1 1
+2 * 1 0 0 0 0 0 0 0 0 1
+2 * 1
+3 * 1
+2 * 1 0 0 0 0 0 0 0 0 1 1
fe=(66)
+45 414 1 0 1 1 0 0 1
+7 +1 1 0 1
+7 * 1

fn=(232) _dl_cache_libcmp
0x15700 340 47 0 0 1 0 0 1
+4 +1 47 47
+3 * 47
+2 * 47 0 0 0 0 0 0 0 0 47
-5 * 6 6
+3 * 6
+2 * 6 0 0 0 0 0 0 0 0 6 2
+2 +4 268 268 0 0 38 0 0 38
+3 -2 268
+4 +2 268
+3 -2 268
+4 * 268 0 0 0 0 0 0 0 0 268 9
+2 +20 262
+3 * 262 0 0 0 0 0 0 0 0 262
+6 +2 262
+2 * 262 0 0 0 0 0 0 0 0 262 41
+6 -24 221 221
+4 +28 221
+4 +1 221
+4 -29 221
+2 * 221 0 0 0 0 0 0 0 0 221 10
+2 +32 6 6
+3 * 6
+2 * 6 6
+7 -28 6 0 0 1 0 0 1
+3 * 6 0 0 0 0 0 0 0 0 6
+6 +8 6 6
+4 -2 6
+3 +1 6
+4 * 6
+3 -1 6
+4 +2 6
+4 * 6
+4 * 6 0 0 0 0 0 0 0 0 6 2
+45 +2 6 6 0 1 0 0 1
+4 * 6
+3 * 6
+4 -3 6
+3 +3 6 0 0 0 0 0 0 0 0 6 2
+50 +2 6
+2 * 6 0 0 0 0 0 0 0 0 6 2
+6 +9 41
+2 * 41 41

fn=(230)
0x157f0 206 4 0 0 1 0 0 1
+3 * 4 0 0 0 0 0 0 0 0 4
+6 -8 4 0 4
+1 +11 4
+3 * 4
+3 -11 4 0 0 1 0 0 1
+3 * 4 0 4
+2 * 4
+3 * 4 0 4
+2 * 4 0 4
+2 * 4
+3 * 4 0 4
+2 * 4
+3 * 4 0 4
+1 +1 4
+2 -1 4
+7 * 4 0 4
+4 * 4 0 4
+4 +11 4 0 4
+4 * 4
+6 332 17
+4 206 17
+3 * 17 0 0 0 0 0 0 0 0 17
+2 +2 41
+4 * 41
+3 * 41 0 0 1 0 0 1
+4 * 41
+3 -22 41 41
+4 +22 41
+3 +1 41
+3 -23 41
+4 +23 41 41 0 0 33 0 0 33
+5 +4 41
+3 * 41 0 0 0 0 0 0 0 0 41
+2 +4 41 41
+4 * 41
+3 * 41 0 41
cfn=(232)
calls=41 0x15700 340 
* * 3217 501 0 3 36 0 3 36 0 900 56
+5 +1 41
+2 * 41 0 0 0 0 0 0 0 0 41 2
+2 329 37 0 0 0 0 0 0 0 0 37 22
+2 +1 20
+4 206 20
+3 * 20 0 0 0 0 0 0 0 0 20 2
+24 +8 4 4 0 1 0 0 1
+4 * 4
+4 -6 4
+3 * 4 0 4
+4 * 4 0 4
+7 * 4
+4 * 4
+5 * 4
+3 * 4
+3 * 4 4
+4 * 4
+7 +20 6 6 0 0 1 0 0 1
+3 +3 6
+3 * 6 0 0 0 0 0 0 0 0 6
+2 +2 6
+3 * 6
+3 * 6
+3 * 6 0 6
cfn=(232)
calls=6 0x15700 340 
* * 684 106 0 0 2 0 0 2 0 190 12
+5 * 6
+2 * 6 0 0 0 0 0 0 0 0 6 1
+2 +2 2
+4 -9 2
+3 * 2 0 0 0 0 0 0 0 0 2 2
-3 * 4 0 0 1 0 0 1
+3 * 4 0 0 0 0 0 0 0 0 4 2
+2 * 4 4
+4 * 4
+3 * 4 4
+7 +9 4 0 4
+7 * 4
+3 * 4 4
+4 +37 4 0 4 1 0 0 1
+11 * 4
+4 * 4 0 4
+3 * 4
+3 * 4
+3 * 4
+3 * 4
+3 * 4 0 4
+4 * 4
+27 -27 4 4
+4 * 4 0 0 1 0 0 1 0 0 4 2
+34 +10 4 4
+4 * 4 4
+6 * 4 0 0 0 0 0 0 0 0 4
+2 +1 4
+3 * 4 4
+3 * 4
+3 * 4 0 0 0 0 0 0 0 0 4
+2 +7 4 4
+4 * 4 0 0 0 0 0 0 0 0 4
+2 +9 4 0 0 1 0 0 1
fi=(67)
+10 125 4 4
fe=(66)
+4 272 4
+10 * 4
+3 * 4
+3 * 4 0 0 0 0 0 0 0 0 4
+2 +9 4 4
+8 * 4 0 0 0 0 0 0 0 0 4
+2 +5 4
+3 * 4 0 0 0 0 0 0 0 0 4
+6 +27 4
+4 +23 4
+7 * 4
+3 * 4 4 0 1 0 0 1
+1 * 4 4
+2 * 4 4
+2 * 4 4
+2 * 4 4
+2 * 4 4
+1 * 4 4

fn=(640) _dl_unload_cache
0x16230 508 1 0 0 1 0 0 1
+4 +1 1 1 0 0 1
+7 * 1
+4 * 1 0 0 1 0 0 1
+4 * 1 0 0 0 0 0 0 0 0 1 1
+13 -1 1 0 1
+1 +3 1 1
+7 -3 1
+3 +3 1 0 1
cfi=(141)
cfn=(642) munmap
calls=1 0x24eb0 117 
* * 6 1 0 0 0 0 0 0 0 1
+5 +7 1 1
+1 -6 1 0 1
+11 +4 1 0 1
+10 +2 1 1

fl=(14) /usr/src/debug/glibc/glibc/elf/../sysdeps/unix/sysv/linux/brk.c
fn=(30) brk
0x23a50 36 1 0 0 1 0 0 1
fi=(397) /usr/src/debug/glibc/glibc/elf/../sysdeps/unix/sysv/linux/brk_call.h
+4 -12 1
+5 * 1
fe=(14)
+2 +13 1 0 1 0 0 1 0 0 1
+7 +1 1
+3 * 1 0 0 0 0 0 0 0 0 1
+2 +6 1
+2 +1 1 1

fl=(33)
fn=(258)
0x28080 98 1 0 0 1 0 0 1
+4 +27 1
+3 +1 1 0 0 0 0 0 0 0 0 1
+6 +1 1
+4 +1 1 0 0 0 0 0 0 0 0 1
+6 +1 1
+3 +2 1
+2 +1 1
+2 +2 1
+4 +1 1
+4 +21 1
+3 +1 1 0 0 0 0 0 0 0 0 1
+2 +1 1
+3 +1 1 0 0 0 0 0 0 0 0 1
+2 +1 1 1
+4 +1 1 1
+4 +1 1 1
+5 +1 1 1 0 1 0 0 1
+5 +17 1
+4 +1 1
+4 +1 1
+4 +1 1
+4 +1 1
+4 +1 1
+6 +1 1 0 0 0 0 0 0 0 0 1 1
0x298b0 2104 1 0 0 1 0 0 1
+4 +3 1
+3 +1 1 0 0 0 0 0 0 0 0 1
+2 +2 1 1
+4 +1 1 1 0 1 0 0 1
+4 +8 1
+2 +1 1 1

fn=(100)
0x26880 98 3547 0 0 2 0 0 1
+4 +33 3547
+2 +1 3547
+2 +2 3547
+4 +1 3547
+4 +21 3547
+3 +1 3547 0 0 0 0 0 0 0 0 3547 303
+2 +1 3188
+3 +1 3188 0 0 0 0 0 0 0 0 3188 216
+2 +1 2926 2926 0 0 238 0 0 92
+4 +1 2926 2926 0 0 20 0 0 9
+4 +1 2926 2926
+5 +1 2926 2926
+5 +17 2926
+4 +1 2926
+4 +1 2926
+4 +1 2926
+4 +1 2926
+4 +1 2926
+6 +1 2926 0 0 0 0 0 0 0 0 2926 97
+6 +5 69
+4 +1 69
+4 * 69
+1 * 69
+11 +9 69
+4 +1 69
+4 +1 69
+5 +1 69
+3 +1 69
+3 +1 69
+3 +1 69
+2 +1 69 0 0 0 0 0 0 0 0 69 6
-24 -7 621 0 0 2 0 0 1
+4 +1 621
+4 +1 621
+5 +1 621
+3 +1 621
+3 +1 621
+3 +1 621
+2 +1 621 0 0 0 0 0 0 0 0 621 23
+2 +1 548 0 0 0 0 0 0 0 0 548 204
+2 +1 240
+3 +1 240
+1 +1 240 0 0 1 0 0 1
+3 +2 240
+4 +1 240
+3 +1 240
+7 +1 240 240 0 0 8 0 0 2
+4 +1 240
+4 +1 240 0 0 0 0 0 0 0 0 0 0 240 187
-22 -5 308
+4 +1 308
+3 +1 308
+7 +1 308 308 0 0 6
+4 +1 308
+4 +1 308 0 0 0 0 0 0 0 0 0 0 308 223
+7 +10 142 142 0 0 11 0 0 2
+4 +1 142
+4 +1 142
+4 +2 142 142 0 0 12 0 0 2
+4 +6 142
+4 +1 142
+5 +1 142
+2 +1 142
+3 +1 142 0 0 2 0 0 1
+3 +5 142 0 0 0 0 0 0 0 0 142 8
+6 +2 81
+7 +1 81
+7 +1 81
+4 * 81
+7 +8 81 81 0 0 14
+5 +1 81 81 0 0 11 0 0 2
+5 +3 81
+4 +1 81
+4 +1 81
+4 +1 81
+4 +1 81
+6 +1 81 0 0 2 0 0 1 0 0 81 7
-32 -9 1 1
+5 +1 1 1 0 0 1
+5 +3 1
+4 +1 1
+4 +1 1
+4 +1 1
+4 +1 1
+6 +1 1 0 0 0 0 0 0 0 0 1
+6 +6 4
+4 +1 4 4
+5 +1 4 4
+5 +3 4
+4 +1 4
+4 +1 4
+4 +1 4
+4 +1 4
+6 +1 4 0 0 0 0 0 0 0 0 4 4
+6 +5 1
+4 +1 1
+12 +9 2 0 0 1 0 0 1
+4 +1 2 2
+4 +1 2 2
+4 +1 2
+4 +1 2
+5 +2 2
+4 +1 2
+4 +1 2
+5 +1 2
+2 +1 2
+3 +1 2
+3 +1 2 0 0 0 0 0 0 0 0 2 1
+6 +1 2 2
+4 +3 2
+4 +1 2
+7 +1 2 0 0 1 0 0 1
+6 +6 2
+4 +1 2
+7 +1 2
+7 * 2
+9 +4 2
+4 +1 2 0 0 0 0 0 0 0 0 2
+6 +3 2 2 0 0 1 0 0 1
+5 +1 2 2
+5 +1 2
+4 +2 2
+5 +1 2 0 0 1 0 0 1
+5 +1 2
+4 +4 2
+4 +1 2
+4 +1 2
+4 +1 2
+4 +1 2
+6 +1 2 0 0 0 0 0 0 0 0 2 1
+6 +6 2
+4 +1 2
+4 +2 2
+4 +1 2 0 0 0 0 0 0 0 0 2
+2 +2 2 2
+5 +1 2 2
+5 +1 2
+4 +2 2 0 0 1 0 0 1
+5 +1 2
+5 +1 2
+4 +4 2
+4 +1 2
+4 +1 2
+4 +1 2
+4 +1 2
+6 +1 2 0 0 0 0 0 0 0 0 2 2
+94 +48 7 0 0 2 0 0 1
+4 +1 7 7 0 0 2 0 0 1
+4 +1 7 7 0 0 3 0 0 1
+4 +1 7
+4 +1 7
+5 +2 7
+4 +1 7
+4 +1 7
+5 +1 7
+2 +1 7
+3 +1 7
+3 +1 7 0 0 0 0 0 0 0 0 7 1
+6 +1 7 7
+4 +3 7
+4 +1 7
+7 +1 7 0 0 2 0 0 1
+6 +6 7
+4 +1 7
+7 +1 7
+7 * 7
+9 +4 7
+4 +1 7 0 0 0 0 0 0 0 0 7
+6 +3 7 7 0 0 1
+5 +1 7 7 0 0 2 0 0 1
+5 +1 7
+4 +2 7
+5 +1 7 0 0 2 0 0 1
+5 +1 7
+4 +4 7
+4 +1 7
+4 +1 7
+4 +1 7
+4 +1 7
+6 +1 7 0 0 0 0 0 0 0 0 7 2
0x26c40 +69 7 0 0 2 0 0 1
+4 +1 7 7 0 0 2 0 0 1
+4 +1 7 7 0 0 2 0 0 2
+4 +1 7
+4 +1 7
+5 +2 7
+4 +1 7
+4 +1 7
+5 +1 7
+2 +1 7
+3 +1 7
+3 +1 7 0 0 0 0 0 0 0 0 7
+6 +1 7 7
+4 +4 7
+4 +1 7
+7 +1 7 0 0 2 0 0 1
+6 +6 7
+4 +1 7
+7 +1 7
+7 * 7
+9 +4 7
+4 +1 7 0 0 0 0 0 0 0 0 7 1
-4 -1 2
+4 +1 2 0 0 0 0 0 0 0 0 2
+6 +3 9 9 0 0 3 0 0 3
+5 +1 9 9 0 0 2 0 0 1
+5 +1 9
+4 +2 9
+5 +1 9 0 0 2 0 0 1
+5 +1 9
+4 +4 9
+4 +1 9
+4 +1 9
+4 +1 9
+4 +1 9
+6 +1 9 0 0 0 0 0 0 0 0 9 2
+6 +7 2
+4 +1 2
+4 +2 2
+4 +1 2 0 0 0 0 0 0 0 0 2
+2 +2 2 2
+5 +1 2 2
+5 +1 2
+4 +2 2 0 0 1 0 0 1
+5 +1 2
+5 +1 2
+4 +4 2
+4 +1 2
+4 +1 2
+4 +1 2
+4 +1 2
+6 +1 2 0 0 0 0 0 0 0 0 2 1
+6 +7 2
+4 +1 2
+4 +1 2
+80 +32 6 0 0 2 0 0 1
+4 +1 6 6 0 0 2 0 0 2
+4 +1 6 6 0 0 2
+4 +1 6
+4 +1 6
+5 +2 6
+4 +1 6
+4 +1 6
+5 +1 6
+2 +1 6
+3 +1 6
+3 +1 6 0 0 0 0 0 0 0 0 6 2
+6 +1 6 6
+4 +4 6
+4 +1 6
+7 +1 6 0 0 2 0 0 1
+6 +6 6
+4 +1 6
+7 +1 6
+7 * 6
+9 +4 6
+4 +1 6 0 0 0 0 0 0 0 0 6
-4 -1 2
+4 +1 2 0 0 0 0 0 0 0 0 2
+6 +3 8 8 0 0 2
+5 +1 8 8 0 0 1 0 0 1
+5 +1 8
+4 +2 8
+5 +1 8 0 0 2 0 0 1
+5 +1 8
+4 +4 8
+4 +1 8
+4 +1 8
+4 +1 8
+4 +1 8
+6 +1 8 0 0 0 0 0 0 0 0 8 6
+6 +7 2
+4 +1 2
+4 +2 2
+4 +1 2 0 0 0 0 0 0 0 0 2
+2 +2 2 2
+5 +1 2 2
+5 +1 2
+4 +2 2 0 0 1 0 0 1
+5 +1 2
+5 +1 2
+4 +4 2
+4 +1 2
+4 +1 2
+4 +1 2
+4 +1 2
+6 +1 2 0 0 0 0 0 0 0 0 2 1
+6 +7 2
+4 +1 2
+4 +1 2
+80 +32 14 0 0 1 0 0 1
+4 +1 14 14 0 0 1
+4 +1 14 14 0 0 3 0 0 1
+4 +1 14
+4 +1 14
+5 +2 14
+4 +1 14
+4 +1 14
+5 +1 14
+2 +1 14
+3 +1 14
+3 +1 14 0 0 0 0 0 0 0 0 14 6
+6 +1 9 9
+4 +4 9
+4 +1 9
+7 +1 9 0 0 1 0 0 1
+6 +6 9
+4 +1 9
+7 +1 9
+7 * 9
+9 +4 9
+4 +1 9 0 0 0 0 0 0 0 0 9 1
-4 -1 2
+4 +1 2 0 0 0 0 0 0 0 0 2 1
+6 +3 11 11 0 0 3
+5 +1 11 11 0 0 4 0 0 1
+5 +1 11
+4 +2 11
+5 +1 11 0 0 1 0 0 1
+5 +1 11
+4 +4 11
+4 +1 11
+4 +1 11
+4 +1 11
+4 +1 11
+6 +1 11 0 0 0 0 0 0 0 0 11 6
+6 +7 4
+4 +1 4
+4 +2 4
+4 +1 4 0 0 0 0 0 0 0 0 4
+2 +2 4 4
+5 +1 4 4
+5 +1 4
+4 +2 4 0 0 1 0 0 1
+5 +1 4
+5 +1 4
+4 +4 4
+4 +1 4
+4 +1 4
+4 +1 4
+4 +1 4
+6 +1 4 0 0 0 0 0 0 0 0 4 3
+6 +7 2
+4 +1 2
+4 +1 2
+16 +4 1 0 0 1 0 0 1
+4 +1 1
+4 +1 1
+6 +1 1 0 0 0 0 0 0 0 0 1
+2 +7 1
+4 +1 1
+7 +1 1
+37 +16 6 0 0 2 0 0 1
+4 +1 6 6 0 0 1 0 0 1
+4 +1 6 6 0 0 1
+4 +1 6
+4 +1 6
+5 +2 6
+4 +1 6
+4 +1 6
+5 +1 6
+2 +1 6
+3 +1 6
+3 +1 6 0 0 0 0 0 0 0 0 6 1
+6 +1 5 5
+4 +4 5
+4 +1 5
+7 +1 5 0 0 2 0 0 1
+6 +6 5
+4 +1 5
+7 +1 5
+7 * 5
+9 +4 5
+4 +1 5 0 0 0 0 0 0 0 0 5
-4 -1 2
+4 +1 2 0 0 0 0 0 0 0 0 2
+6 +3 7 7 0 0 1
+5 +1 7 7 0 0 2
+5 +1 7
+4 +2 7
+5 +1 7 0 0 2 0 0 1
+5 +1 7
+4 +4 7
+4 +1 7
+4 +1 7
+4 +1 7
+4 +1 7
+6 +1 7 0 0 0 0 0 0 0 0 7 4
+6 +7 3
+4 +1 3
+4 +2 3
+4 +1 3 0 0 0 0 0 0 0 0 3
+2 +2 3 3
+5 +1 3 3
+5 +1 3
+4 +2 3 0 0 1 0 0 1
+5 +1 3
+5 +1 3
+4 +4 3
+4 +1 3
+4 +1 3
+4 +1 3
+4 +1 3
+6 +1 3 0 0 0 0 0 0 0 0 3 1
+6 +7 2
+4 +1 2
+4 +1 2
+80 +32 25 0 0 1 0 0 1
+4 +1 25 25 0 0 5 0 0 1
+4 +1 25 25 0 0 5 0 0 1
+4 +1 25
+4 +1 25
+5 +2 25
+4 +1 25
+4 +1 25
+5 +1 25
+2 +1 25
+3 +1 25
+3 +1 25 0 0 0 0 0 0 0 0 25 3
+6 +1 19 19
+4 +4 19
+4 +1 19
+7 +1 19 0 0 1 0 0 1
+6 +6 19
+4 +1 19
+7 +1 19
+7 * 19
+9 +4 19
+4 +1 19 0 0 0 0 0 0 0 0 19
+6 +3 19 19 0 0 1
+5 +1 19 19 0 0 4 0 0 1
+5 +1 19
+4 +2 19
+5 +1 19 0 0 1 0 0 1
+5 +1 19
+4 +4 19
+4 +1 19
+4 +1 19
+4 +1 19
+4 +1 19
+6 +1 19 0 0 0 0 0 0 0 0 19 3
0x27280 +69 15 0 0 2 0 0 1
+4 +1 15 15 0 0 2
+4 +1 15 15 0 0 4 0 0 2
+4 +1 15
+4 +1 15
+5 +2 15
+4 +1 15
+4 +1 15
+5 +1 15
+2 +1 15
+3 +1 15
+3 +1 15 0 0 0 0 0 0 0 0 15 3
+6 +1 13 13
+4 +4 13
+4 +1 13
+7 +1 13 0 0 2 0 0 1
+6 +6 13
+4 +1 13
+7 +1 13
+7 * 13
+9 +4 13
+4 +1 13 0 0 0 0 0 0 0 0 13
-4 -1 3
+4 +1 3 0 0 0 0 0 0 0 0 3
+6 +3 16 16 0 0 5 0 0 3
+5 +1 16 16 0 0 3 0 0 2
+5 +1 16
+4 +2 16
+5 +1 16 0 0 2 0 0 1
+5 +1 16
+4 +4 16
+4 +1 16
+4 +1 16
+4 +1 16
+4 +1 16
+6 +1 16 0 0 0 0 0 0 0 0 16 5
+6 +7 4
+4 +1 4
+4 +2 4
+4 +1 4 0 0 0 0 0 0 0 0 4 1
+2 +2 4 4
+5 +1 4 4
+5 +1 4
+4 +2 4 0 0 1 0 0 1
+5 +1 4
+5 +1 4
+4 +4 4
+4 +1 4
+4 +1 4
+4 +1 4
+4 +1 4
+6 +1 4 0 0 0 0 0 0 0 0 4 1
+6 +7 3
+4 +1 3
+4 +1 3
+80 +32 37 0 0 1 0 0 1
+4 +1 37 37 0 0 3 0 0 2
+4 +1 37 37 0 0 5 0 0 2
+4 +1 37
+4 +1 37
+5 +2 37
+4 +1 37
+4 +1 37
+5 +1 37
+2 +1 37
+3 +1 37
+3 +1 37 0 0 0 0 0 0 0 0 37 13
+6 +1 17 17
+4 +4 17
+4 +1 17
+7 +1 17 0 0 2 0 0 1
+6 +6 17
+4 +1 17
+7 +1 17
+7 * 17
+9 +4 17
+4 +1 17 0 0 0 0 0 0 0 0 17
-4 -1 2
+4 +1 2 0 0 0 0 0 0 0 0 2
+6 +3 19 19 0 0 4 0 0 1
+5 +1 19 19 0 0 5 0 0 4
+5 +1 19
+4 +2 19
+5 +1 19 0 0 2 0 0 1
+5 +1 19
+4 +4 19
+4 +1 19
+4 +1 19
+4 +1 19
+4 +1 19
+6 +1 19 0 0 0 0 0 0 0 0 19 4
+6 +7 4
+4 +1 4
+4 +2 4
+4 +1 4 0 0 0 0 0 0 0 0 4
+2 +2 4 4 0 0 1 0 0 1
+5 +1 4 4 0 0 2
+5 +1 4
+4 +2 4 0 0 1 0 0 1
+5 +1 4
+5 +1 4
+4 +4 4
+4 +1 4
+4 +1 4
+4 +1 4
+4 +1 4
+6 +1 4 0 0 0 0 0 0 0 0 4 3
+6 +7 2
+4 +1 2
+4 +1 2
+80 +32 41 0 0 2 0 0 1
+4 +1 41 41 0 0 12 0 0 5
+4 +1 41 41 0 0 4
+4 +1 41
+4 +1 41
+5 +2 41
+4 +1 41
+4 +1 41
+5 +1 41
+2 +1 41
+3 +1 41
+3 +1 41 0 0 0 0 0 0 0 0 41 13
+6 +1 19 19
+4 +4 19
+4 +1 19
+7 +1 19 0 0 1 0 0 1
+6 +6 19
+4 +1 19
+7 +1 19
+7 * 19
+9 +4 19
+4 +1 19 0 0 0 0 0 0 0 0 19
-4 -1 4
+4 +1 4 0 0 0 0 0 0 0 0 4
+6 +3 23 23 0 0 5 0 0 2
+5 +1 23 23 0 0 6 0 0 3
+5 +1 23
+4 +2 23
+5 +1 23 0 0 2 0 0 1
+5 +1 23
+4 +4 23
+4 +1 23
+4 +1 23
+4 +1 23
+4 +1 23
+6 +1 23 0 0 0 0 0 0 0 0 23 9
+6 +7 6
+4 +1 6
+4 +2 6
+4 +1 6 0 0 0 0 0 0 0 0 6 1
+2 +2 6 6
+5 +1 6 6 0 0 1
+5 +1 6
+4 +2 6 0 0 3 0 0 1
+5 +1 6
+5 +1 6
+4 +4 6
+4 +1 6
+4 +1 6
+4 +1 6
+4 +1 6
+6 +1 6 0 0 0 0 0 0 0 0 6 3
+6 +7 4
+4 +1 4
+4 +1 4
+80 +32 57 0 0 1 0 0 1
+4 +1 57 57 0 0 8 0 0 4
+4 +1 57 57 0 0 6 0 0 4
+4 +1 57
+4 +1 57
+5 +2 57
+4 +1 57
+4 +1 57
+5 +1 57
+2 +1 57
+3 +1 57
+3 +1 57 0 0 0 0 0 0 0 0 57 21
+6 +1 47 47
+4 +4 47
+4 +1 47
+7 +1 47 0 0 1 0 0 1
+6 +6 47
+4 +1 47
+7 +1 47
+7 * 47
+9 +4 47
+4 +1 47 0 0 0 0 0 0 0 0 47 1
+6 +3 47 47 0 0 5 0 0 1
+5 +1 47 47 0 0 4 0 0 3
+5 +1 47
+4 +2 47
+5 +1 47 0 0 1 0 0 1
+5 +1 47
+4 +4 47
+4 +1 47
+4 +1 47
+4 +1 47
+4 +1 47
+6 +1 47 0 0 0 0 0 0 0 0 47 6
+6 +7 1
+4 +1 1
+4 +2 1
+4 +1 1 0 0 0 0 0 0 0 0 1
+2 +2 1 1
+5 +1 1 1
+5 +1 1
+4 +2 1 0 0 1 0 0 1
+5 +1 1
+5 +1 1
+4 +4 1
+4 +1 1
+4 +1 1
+4 +1 1
+4 +1 1
+6 +1 1 0 0 0 0 0 0 0 0 1
+94 +41 41 0 0 2 0 0 1
+4 +1 41 41 0 0 7 0 0 4
+4 +1 41 41 0 0 14 0 0 7
+4 +1 41
+4 +1 41
+5 +2 41
+4 +1 41
+4 +1 41
+5 +1 41
+2 +1 41
+3 +1 41
+3 +1 41 0 0 0 0 0 0 0 0 41 7
+6 +1 33 33
+4 +4 33
+4 +1 33
+7 +1 33 0 0 2 0 0 1
+6 +6 33
+4 +1 33
+7 +1 33
+7 * 33
+9 +4 33
+4 +1 33 0 0 0 0 0 0 0 0 33
-4 -1 2
+4 +1 2 0 0 0 0 0 0 0 0 2
+6 +3 35 35 0 0 10 0 0 5
+5 +1 35 35 0 0 5 0 0 2
+5 +1 35
+4 +2 35
+5 +1 35 0 0 2 0 0 1
+5 +1 35
+4 +4 35
+4 +1 35
+4 +1 35
+4 +1 35
+4 +1 35
+6 +1 35 0 0 0 0 0 0 0 0 35 8
+6 +7 6
+4 +1 6
+4 +2 6
+4 +1 6 0 0 0 0 0 0 0 0 6 2
+2 +2 6 6
+5 +1 6 6 0 0 3
+5 +1 6
+4 +2 6 0 0 2 0 0 1
+5 +1 6
+5 +1 6
+4 +4 6
+4 +1 6
+4 +1 6
+4 +1 6
+4 +1 6
+6 +1 6 0 0 0 0 0 0 0 0 6 5
+6 +7 2
+4 +1 2
+4 +1 2
+80 +32 172 0 0 2 0 0 1
+4 +1 172 172 0 0 8 0 0 6
+4 +1 172 172 0 0 14 0 0 3
+4 +1 172
+4 +1 172
+5 +2 172
+4 +1 172
+4 +1 172
+5 +1 172
+2 +1 172
+3 +1 172
+3 +1 172 0 0 0 0 0 0 0 0 172 22
+6 +1 32 32
+4 +4 32
+4 +1 32
+7 +1 32 0 0 2 0 0 1
+6 +6 32
+4 +1 32
+7 +1 32
+7 * 32
+9 +4 32
+4 +1 32 0 0 0 0 0 0 0 0 32 3
-4 -1 4
+4 +1 4 0 0 0 0 0 0 0 0 4 1
+6 +3 36 36 0 0 11 0 0 2
+5 +1 36 36 0 0 6 0 0 5
+5 +1 36
+4 +2 36
+5 +1 36 0 0 2 0 0 1
+5 +1 36
+4 +4 36
+4 +1 36
+4 +1 36
+4 +1 36
+4 +1 36
+6 +1 36 0 0 0 0 0 0 0 0 36 14
+6 +7 8
+4 +1 8
+4 +2 8
+4 +1 8 0 0 0 0 0 0 0 0 8
+2 +2 8 8 0 0 1
+5 +1 8 8 0 0 1
+5 +1 8
+4 +2 8 0 0 2 0 0 1
+5 +1 8
+5 +1 8
+4 +4 8
+4 +1 8
+4 +1 8
+4 +1 8
+4 +1 8
+6 +1 8 0 0 0 0 0 0 0 0 8 5
+6 +7 4
+4 +1 4
+4 +1 4
+16 +4 2 0 0 1 0 0 1
+4 +1 2
+4 +1 2
+6 +1 2 0 0 0 0 0 0 0 0 2
+2 +7 2
+4 +1 2
+7 +1 2
+37 +16 79 0 0 3 0 0 1
+4 +1 79 79 0 0 11 0 0 6
+4 +1 79 79 0 0 9 0 0 2
+4 +1 79
+4 +1 79
+5 +2 79
+4 +1 79
+4 +1 79
+5 +1 79
+2 +1 79
+3 +1 79
+3 +1 79 0 0 0 0 0 0 0 0 79 26
+6 +1 47 47
+4 +4 47
+4 +1 47
+7 +1 47 0 0 2 0 0 1
+6 +6 47
+4 +1 47
+7 +1 47
+7 * 47
+9 +4 47
+4 +1 47 0 0 0 0 0 0 0 0 47
+6 +3 47 47 0 0 7 0 0 3
+5 +1 47 47 0 0 4 0 0 3
+5 +1 47
+4 +2 47
+5 +1 47 0 0 2 0 0 1
+5 +1 47
+4 +4 47
+4 +1 47
+4 +1 47
+4 +1 47
+4 +1 47
+6 +1 47 0 0 0 0 0 0 0 0 47 10
+6 +7 1
+4 +1 1
+4 +2 1
+4 +1 1 0 0 0 0 0 0 0 0 1
+2 +2 1 1
+5 +1 1 1
+5 +1 1
+4 +2 1 0 0 1 0 0 1
+5 +1 1
+5 +1 1
+4 +4 1
+4 +1 1
+4 +1 1
+4 +1 1
+4 +1 1
+6 +1 1 0 0 0 0 0 0 0 0 1 1
+94 +41 39 0 0 3 0 0 1
+4 +1 39 39 0 0 7 0 0 5
+4 +1 39 39 0 0 9 0 0 5
+4 +1 39
+4 +1 39
+5 +2 39
+4 +1 39
+4 +1 39
+5 +1 39
+2 +1 39
+3 +1 39
+3 +1 39 0 0 0 0 0 0 0 0 39 13
+6 +2 13 13
+4 +4 13
+4 +1 13
+7 +1 13 0 0 3 0 0 1
+6 +6 13
+4 +1 13
+7 +2 13
+7 * 13
+9 +4 13
+4 +1 13 0 0 0 0 0 0 0 0 13
+6 +3 13 13 0 0 5 0 0 3
+5 +1 13 13 0 0 1
+5 +1 13
+4 +2 13
+5 +1 13 0 0 3 0 0 1
+5 +1 13
+4 +4 13
+4 +1 13
+4 +1 13
+4 +1 13
+4 +1 13
+6 +1 13 0 0 0 0 0 0 0 0 13 3
0x27c80 +71 357 0 0 1
+5 +2 357
+4 +1 357
+4 +1 357
+3 +1 357 0 0 0 0 0 0 0 0 357 40
-11 -3 333 0 0 2 0 0 1
+4 +1 333
+4 +1 333
+3 +1 333 0 0 0 0 0 0 0 0 333 26
+2 +1 240
+3 * 240
+11 +5 240
+4 +6 240 240
+4 +1 240 240
+4 +8 240
+2 +1 240 240
-14 -16 3307
+4 +6 3307 3307
+4 +1 3307 3307
+4 +8 3307
+2 +1 3307 3307

fl=(27)
fn=(78) __minimal_malloc
0xc630 36 39 0 0 1 0 0 1
+4 +1 39 39 0 0 3
+7 * 39
+3 * 39 0 0 1 0 0 1 0 0 39 1
+6 +11 38 38
+7 * 38
+4 * 38
+4 +3 38
+4 -3 38 0 38
+7 +3 38
+3 * 38 0 0 0 0 0 0 0 0 38 4
-22 -3 1
+4 * 1
+4 +3 1
+4 -3 1 0 1
+7 +3 1
+3 * 1 0 0 0 0 0 0 0 0 1
+2 * 36
+3 * 36
+3 * 36
+3 * 36 0 0 0 0 0 0 0 0 36 23
+6 +5 3 3
+7 * 3
+3 * 3 0 0 1 0 0 1
+5 * 3
+3 +1 3
+3 * 3 0 0 0 0 0 0 0 0 3 2
+11 -21 3 0 3
+1 +24 3
+3 * 3
+6 * 3
+5 -24 3
+3 * 3 0 3
+2 * 3
+3 +24 3
+2 -24 3 0 3
+1 +23 3
+4 +1 3
+5 * 3
+3 -24 3
+4 +24 3 0 3 1 0 0 1
cfi=(60) /usr/src/debug/glibc/glibc/misc/../sysdeps/unix/sysv/linux/mmap64.c
cfn=(198) mmap
calls=3 0x24dd0 -13 
* * 78 12 9 0 0 1 0 0 1 12 5
+5 +2 3
+4 * 3 0 0 0 0 0 0 0 0 3
+6 +2 3
+3 * 3
+7 * 3
+3 * 3 0 3
+4 * 3 0 3
cfi=(68) /usr/src/debug/glibc/glibc/misc/../sysdeps/unix/sysv/linux/setvmaname.c
cfn=(234) __set_vma_name
calls=3 0x24f50 -4 
* * 107 27 19 5 2 1 4 2 1 11 8
+5 +1 3 3
+4 * 3 3
+7 * 3
+3 * 3 0 0 0 0 0 0 0 0 3 1
+2 +2 3
+3 +4 3
+4 -1 3 0 3
+7 -3 3 0 3
+7 +4 3 0 3
+7 +2 3
+4 * 3 3
+1 * 3 3
+2 * 3 3
+1 * 3 3
+11 -3 36 0 36 0 0 4 0 0 1
+7 +1 36 0 36
+7 +2 36 36
+2 -30 1 1 0 1 0 0 1
+7 -1 1
+7 +1 1 0 0 1 0 0 1
+5 +1 1
+3 * 1
+3 -2 1 0 1
+7 * 1
+8 +28 1 1
+7 * 1

fn=(74)
0xc780 80 17 0 0 1 0 0 1
+4 +4 17
+3 -4 17
+3 * 17
+3 * 17
+3 * 17
+3 +7 17
+3 +1 17
+4 * 17
+3 * 17 0 0 0 0 0 0 0 0 17 11
fi=(28)
+7 -32 17 17 0 0 2 0 0 0 0 0 0 17 1
cfi=(27)
cfn=(78)
calls=17 0xc630 -20 
* * 601 109 101 11 4 5 10 2 3 80 32
fe=(27)

fn=(578) __minimal_free
0xc7c0 97 2 0 0 1 0 0 1
+4 +2 2 2
+7 * 2
+3 * 2 0 0 0 0 0 0 0 0 2
+2 * 2 2

fl=(48) /usr/src/debug/glibc/glibc/elf/dl-debug_state.c
fn=(150) _dl_debug_state
0x37c0 28 2 0 0 2 0 0 1
+4 +1 2 2

fl=(79)
fn=(300) do_lookup_x
0xac30 344 2859 0 2859 2 0 0 1
+1 * 2859
+3 * 2859
+3 * 2859 0 2859
+2 * 2859 0 2859
+2 * 2859 0 2859
+2 * 2859 0 2859
+2 * 2859 0 2859 0 0 4 0 0 1
+1 * 2859 0 0 1 0 0 1
+7 * 2859 0 2859
+4 * 2859 2859
+4 * 2859 2859
+4 +1 2859 2859 0 0 2
+4 -1 2859 0 2859 0 0 4 0 0 1
+4 * 2859 0 2859
+4 * 2859 0 2859
fi=(81) /usr/src/debug/glibc/glibc/elf/../sysdeps/generic/dl-protected.h
+4 29 2859
fe=(79)
+3 351 2859 2859
fi=(81)
+3 29 2859 2859
+4 * 2859
+3 * 2859 0 2859
+4 * 2859
fe=(79)
+12 393 9697 9697 0 3 5 0 1
+6 * 9697
+2 * 9697 0 0 0 0 0 0 0 0 9697
+2 +8 9697 9697 0 0 17
+4 -4 9697 0 9697
+7 +1 9697 0 9697
+8 +3 9697 9697 0 0 15
+4 * 9697
+2 * 9697 9697
+7 * 9697 0 0 0 0 0 0 0 0 9697 6
+8 +1 9697 9697 0 0 2
+4 * 9697 9697
+4 +3 9697 9697 0 1 0 0 1
+7 -3 9697 0 9697
+4 +4 9697
+3 * 9697 0 0 0 0 0 0 0 0 9697
+6 +3 9697
+3 +4 9697 9697
+6 -4 9697
+3 +1 9697 9697
+6 -2 9697 9697 0 0 1063 0 0 147
+4 +5 9697
+3 * 9697
+2 * 9697
+2 +3 9697
+3 * 9697
+3 * 9697
+3 * 9697
+3 * 9697
+3 * 9697
+3 * 9697 0 0 0 0 0 0 0 0 9697 3221
+6 +99 6872 0 6872
+5 * 6872 6872
+4 * 6872 0 0 0 0 0 0 0 0 6872 23
+6 355 9708 9708 0 1 0 0 1
+4 * 9708 9708 0 0 11
+4 * 9708 9708 0 0 17
+4 +3 9708
+3 * 9708 0 0 0 0 0 0 0 0 9708 4
+2 +4 9708
+4 * 9708 0 0 0 0 0 0 0 0 9708 31
+2 * 33 33
+7 * 33 0 0 0 0 0 0 0 0 33 4
+2 +21 9697 9697 0 0 13
+7 * 9697 0 0 0 0 0 0 0 0 9697 16
+17 +4 9697 9697 0 1 1 0 1
+7 * 9697 0 0 0 0 0 0 0 0 9697 16
fi=(4)
0xae90 151 2836 2836 0 2 0 0 1
+4 * 2836
+2 +1 2836
+3 * 2836
+3 * 2836
fe=(79)
+3 473 2836
+3 * 2836 0 0 0 0 0 0 0 0 2836 2
fi=(81)
+6 29 2836
+3 * 2836 0 0 0 0 0 0 0 0 2836 15
fe=(79)
+12 480 2836 2836
+4 * 2836
+3 * 2836
+2 * 2836 0 0 0 0 0 0 0 0 2836 822
+6 * 1176
+2 * 1176 0 0 0 0 0 0 0 0 1176 49
+6 * 1094
+2 * 1094 0 0 0 0 0 0 0 0 1094
+6 +16 2754 2754
+4 * 2754 0 2754
+3 +1 2754 0 2754
+4 +22 2754
+4 -21 2754
+5 +21 2754 2754
+1 * 2754 2754
+2 * 2754 2754
+2 * 2754 2754
+2 * 2754 2754
+2 * 2754 2754
+1 * 2754 2754
-19 * 82
+4 -21 82
+5 +21 82 82
+1 * 82 82
+2 * 82 82
+2 * 82 82
+2 * 82 82
+2 * 82 82
+1 * 82 82
+4 -99 3019 0 0 2 0 0 1
+3 * 3019
+2 * 3019
+2 -1 3019 3019 0 2 0 0 1
+7 * 3019 3019 0 0 1479 0 0 234
+3 +2 3019
+2 * 3019 0 0 0 0 0 0 0 0 3019 12
+6 +2 3007 3007
+7 +6 3007 0 3007
+4 * 3007
+3 * 3007
+3 * 3007 0 3007
+7 * 3007
+3 -6 3007
+4 +6 3007
+4 * 3007 0 3007
+4 * 3007 0 3007
+4 * 3007 0 3007
+4 * 3007 0 3007 3 0 0 1
+4 * 3007 0 3007
+7 * 3007
+21 +7 4689
+4 * 4689
+3 * 4689 0 0 0 0 0 0 0 0 4689 176
+6 -10 7523 7523 0 0 2413 0 0 560
+4 * 7523
+2 * 7523
+3 * 7523
+2 * 7523 0 0 0 0 0 0 0 0 7523 3159
+2 +2 2848
+3 * 2848 2848 0 2 0 0 1
+4 +1 2848
+4 * 2848 2848 2848 0 0 5 0 0 1
+3 -1 2848
+4 +1 2848
+4 * 2848 2848
+4 +1 2848
+2 -1 2848 0 2848
+1 * 2848 2848
+4 * 2848 0 2848
+2 +1 2848
+4 -1 2848 2848 2848
+3 * 2848
+4 * 2848 2848
+4 * 2848 0 2848
+1 * 2848 2848
+4 * 2848 2848
+3 * 2848 0 2848 0 0 5 0 0 1
cfn=(302) check_match
calls=2848 0xaaa0 70 
* * 270508 80271 20219 91 1482 5 36 629 1 31731 1213 400 313
+5 +4 2848
+4 * 2848
+3 * 2848 0 0 1 0 0 1 0 0 2848 6
+2 * 2834
+3 * 2834 2834
+7 * 2834
+3 * 2834
+3 * 2834 2834
+4 * 2834 2834
+4 * 2834 2834
+4 * 2834 2834
+7 * 2834
0xb078 219 82 82 0 1 0 0 1
+4 * 82
+3 +2 82 0 0 1 0 0 1
+7 -2 82 0 82
+4 * 82 0 82
+4 +2 82
+4 -2 82 0 82
+4 +2 82
+5 +2 82
+3 -2 82 0 82
+7 * 82
+3 * 82 82 82 0 3 0 0 0 0 0 0 82 1
cfi=(24) /usr/src/debug/glibc/glibc/elf/../sysdeps/nptl/dl-tls_init_tp.c
cfn=(88) rtld_mutex_dummy
calls=82 0x13f20 43 
* * 246 82
+6 +2 82 82 0 0 3 0 0 1
+5 +2 82 82
+4 * 82
+3 * 82 0 0 0 0 0 0 0 0 82 1
+6 -1 81 81 0 1 0 0 1
+5 +3 81
+3 * 81
+2 * 81
+3 * 81 0 81
+4 * 81
+3 +1 81 81
+4 -1 81 0 81
+7 * 81 0 81
+7 +1 81
+4 -1 81
+3 +1 81
+2 * 81
+3 -1 81 0 81
+7 * 81
+3 * 81
+3 +1 81 0 0 1 0 0 1
+4 * 81
+3 -1 81
+3 * 81
+4 * 81
+3 * 81
+3 * 81
+3 * 81 0 81
+4 * 81
+3 * 81
+4 * 81
+3 * 81 0 81
+7 * 81
+3 * 81
+4 * 81
-34 * 46
+3 * 46
+3 * 46 0 46
+4 * 46
+3 * 46
+4 * 46
+3 * 46 0 46
+7 * 46
+3 * 46
+4 * 46
+6 +24 176
+3 * 176 0 0 0 0 0 0 0 0 176 84
+6 +3 95
+3 +1 95
+3 * 95
+3 * 95 0 0 0 0 0 0 0 0 95 44
+6 -23 176 176 0 1 99 0 1 42
+4 -1 176 176
+4 * 176 0 0 0 0 0 0 0 0 176 20
+72 484 1660 1660 0 1 2 0 1
+6 * 1660
+2 * 1660 0 0 0 0 0 0 0 0 1660 7
+48 +35 23 0 0 1 0 0 1
+4 -1 23
+2 +1 23 23
+1 * 23 23
+2 * 23 23
+2 * 23 23
+2 * 23 23
+2 * 23 23
+1 * 23 23
+1 * 1 0 1
fi=(28)
+4 44 1
+5 * 1
+5 * 1 1 1 0 0 0 0 0 0 0 0 1
cfi=(27)
cfn=(74)
calls=1 0xc780 +36 
* * 29 4 3 0 2 1 0 0 0 4 2 1
+6 * 1
fe=(79)
+3 299 1 0 0 1 0 0 1
+3 * 1 0 0 0 0 0 0 0 0 1
+6 -72 1
+3 +70 1 1
+4 * 1 1
+4 +5 1 0 1
+5 +2 1 1
+7 -7 1
+6 +6 1 0 1
+9 +1 1 0 1
+5 167 1
+10 * 1 0 0 1 0 0 1
+3 * 1
+3 * 1
+3 * 1
+3 * 1
+4 * 1
+4 * 1
+3 * 1
+4 * 1
+3 * 1
+3 * 1
+3 +1 1
+10 * 1
+3 * 1
+4 * 1
+4 * 1
+3 * 1
+4 308 1 1
+2 * 1 1 0 1 0 0 1
+4 * 1
+3 * 1
+4 * 1
+3 -1 1 1
+4 * 1 0 0 0 0 0 0 0 0 1 1
-20 +1 81 81
+2 * 81 81
+4 * 81
+3 * 81
+4 * 81
+3 -1 81 81
+4 * 81 0 0 0 0 0 0 0 0 81 12
+55 +19 82 82 0 1 0 0 1
+5 * 82
+7 * 82 0 82
+4 +2 82 82
+7 -2 82 0 82
+6 +2 82 82 82 0 0 0 0 0 0 0 0 82 1
cfi=(24)
cfn=(88)
calls=82 0x13f20 43 
* * 246 82
+6 +2 82 82
+4 * 82 82
+4 +1 82 0 82
+4 -1 82 0 82
+3 +1 82
+5 173 38
+3 * 38
+3 * 38
+4 * 38
+3 * 38
-10 * 82 0 0 1 0 0 1
+3 * 82
+4 * 82
+3 * 82
+19 -2 84
+3 +1 84
+3 * 84
+3 * 84 0 0 0 0 0 0 0 0 84 36
+2 -3 166 166 0 0 2 0 0 2
+5 * 166 0 0 0 0 0 0 0 0 166 56
+2 +7 82 0 82
+3 +1 82 0 82
+4 +1 82 0 82
+4 +1 82 0 82 1 0 0 1
+4 315 82 82
+7 * 82
+3 * 82
+2 * 82 0 0 0 0 0 0 0 0 82 15
+89 467 173 173 0 2 0 0 1
+4 * 173 0 0 0 0 0 0 0 0 173 1
+6 * 2 2
+4 +2 2
+3 * 2 0 0 0 0 0 0 0 0 2 2
+17 259 81 0 0 1 0 0 1
+3 * 81 81
+5 * 81
+3 * 81 81
+4 * 81
+7 * 81
+4 * 81 81
+7 * 81 81
+7 * 81 81
+7 * 81 81
+7 * 81 0 0 1 0 0 1
+3 * 81 81
+5 * 81 81
+4 * 81
+4 * 81
+3 * 81 0 0 0 0 0 0 0 0 81 15
+6 +7 2
+4 * 2 0 2
+7 * 2 0 2
+4 * 2 0 2
+4 * 2 0 2
cfi=(53)
cfn=(576) _dl_higher_prime_number
calls=2 0xc9b0 85 
* * 159 14 0 2 4 0 2 2 0 22 14
fi=(28)
+5 44 2
fe=(79)
+5 266 2
fi=(28)
+3 44 2
+3 * 2 2 2 0 0 0 0 0 0 0 0 2 1
cfi=(27)
cfn=(74)
calls=2 0xc780 +36 
* * 58 8 6 0 2 1 0 0 0 8 4 2
+6 * 2 0 0 1 0 0 1
fe=(79)
+3 269 2
+3 * 2 0 0 0 0 0 0 0 0 2
+6 168 2
+5 * 2 2
+7 276 2 2
+4 * 2 2
+4 * 2 2
+4 168 2 0 2
+4 * 2
+3 * 2
+4 276 2
+3 * 2 0 0 0 0 0 0 0 0 2
+6 * 2 0 2
+4 * 2
+4 +1 2 2 0 1 2 0 1 1
+4 * 2
+3 * 2 0 0 0 0 0 0 0 0 2 1
-7 * 90 90 0 0 23 0 0 1
+4 * 90
+3 * 90 0 0 0 0 0 0 0 0 90 26
+2 +1 70
+5 * 70 70
+3 167 70
+2 278 70 70
+4 * 70 70
+5 * 70
+3 167 70
+3 +1 70
+2 -1 70
+3 +1 70
+2 * 70 70
+4 * 70
+4 +1 70
+3 * 70
+4 * 70
+3 * 70
+4 * 70 0 0 1 0 0 1
+3 * 70
-10 * 5
+3 * 5
+4 * 5
+3 * 5
+30 +2 14
+3 +1 14
+3 * 14
+3 * 14 0 0 0 0 0 0 0 0 14 5
+6 -3 84 84 0 0 56 0 0 56
+5 * 84 0 0 0 0 0 0 0 0 84 19
+2 +7 70 0 70
+2 +3 70 0 70
+4 -2 70 0 70
+4 +99 70
+4 * 70
+3 * 70 0 0 0 0 0 0 0 0 70 22
-7 * 22 0 0 1 0 0 1
+4 * 22
+3 * 22 0 0 0 0 0 0 0 0 22 7
+6 * 2 2
+4 +6 2 2
+5 * 2
+7 * 2 0 2
+4 * 2
+3 * 2 0 2
+4 * 2
+3 * 2 2 2 0 0 0 0 0 0 0 0 2 1
cfi=(27)
cfn=(578)
calls=2 0xc7c0 97 
* * 10 4 0 1 0 0 1 0 0 2
+4 +4 2 2
+7 167 2
+2 285 2
+3 * 2 2
+4 * 2 2
+4 -2 2 0 2
+4 +3 2 0 2
+4 167 2 2
+4 285 2 0 2
+4 -1 2
+3 167 2
+3 +1 2 2
+4 -1 2
+3 +1 2
+2 * 2 2
+4 * 2
+4 * 2
+6 +88 46 0 0 1 0 0 1
+3 * 46
+3 * 46 46
+4 * 46
+3 * 46
+3 * 46 0 0 1 0 0 1
+3 * 46
0xb648 445 173 0 0 2 0 0 1
+3 * 173 173
+4 * 173
+3 * 173 173
+4 * 173 173
+7 * 173 173
+4 * 173 173
+7 * 173
0xb6d8 173 5 0 0 1 0 0 1
+3 * 5

fn=(296)
0xb780 769 2859 0 0 2 0 0 1
+4 * 2859 0 2859
+1 * 2859
+3 * 2859 0 2859 0 0 4
+2 * 2859 0 2859
+2 * 2859 0 2859
+2 * 2859
+3 * 2859 0 2859
+2 * 2859
+3 * 2859 0 2859
+1 * 2859
+3 * 2859
+7 * 2859 0 2859 0 0 4
+7 * 2859 0 2859
+7 * 2859 0 2859
fi=(80) /usr/src/debug/glibc/glibc/elf/../sysdeps/generic/dl-new-hash.h
+7 74 2859 2859 0 0 1810 0 0 1231
+5 +3 2859
+2 * 2859 0 0 2 0 0 1 0 0 2859
+6 -8 2859
+3 +1 2859
+6 * 2859
+4 +10 2859 2859 0 0 49 0 0 45
+4 +1 2859
+2 * 2859 0 0 0 0 0 0 0 0 2859 3
-6 -1 58474 58474 0 0 776 0 0 621
+4 +1 58474
+2 * 58474 0 0 0 0 0 0 0 0 58474 1447
+6 +20 59888
+7 -2 59888
+2 +6 59888
+4 -3 59888
+3 * 59888
+2 +2 59888
+3 -30 59888 59888 0 0 757 0 0 588
+3 +3 59888
+2 * 59888 0 0 0 0 0 0 0 0 59888 1450
fe=(79)
+2 771 2859
+5 +4 2859 0 2859 2 0 2 1
+8 -4 2859 0 2859 0 0 4
+4 +8 2859
+3 * 2859 0 0 0 0 0 0 0 0 2859 30
+6 * 2832 2832
+4 * 2832 0 0 0 0 0 0 0 0 2832
+6 +3 2832 2832
+5 * 2832 0 0 0 0 0 0 0 0 2832
+6 +6 2832 2832
+7 -7 2832
+2 +7 2832 2832 0 0 1
+3 * 2832
+3 * 2832 0 0 0 0 0 0 0 0 2832
+6 * 2859
+4 * 2859 0 0 2 0 0 1
+3 -15 2859
+4 +15 2859
+3 -15 2859 2859
+7 * 2859 0 2859
+7 * 2859
+4 * 2859 0 2859
+7 * 2859
+3 * 2859 0 2859
+7 * 2859
+3 * 2859
+8 +15 23 23
+4 * 23
+4 +1 23 23
+5 -1 23
+2 * 23
+3 * 23 0 0 0 0 0 0 0 0 23 2
+2 +1 2859 2859 0 2 0 0 1
+6 * 2859 2859
+3 * 2859 0 2859
+4 * 2859 2859 2859 0 0 4 0 0 1
+6 * 2859 2859
+7 * 2859 2859
+7 * 2859 0 2859
+1 * 2859
+3 * 2859 2859
+3 * 2859 2859 2859
+3 * 2859 0 2859
+1 * 2859
+3 * 2859 0 2859 0 0 4
+1 * 2859 0 2859
+1 * 2859 0 2859 2 0 0 1
cfn=(300)
calls=2859 0xac30 344 
* * 1060265 334742 133252 141 6718 25 75 1675 5 148273 9169 572 317
+5 * 2859
+4 * 2859
+2 * 2859 0 0 0 0 0 0 0 0 2859 3
+2 * 2859 2859
+4 * 2859 2859
+7 * 2859
+3 * 2859 0 2859
+7 +5 2859
+3 * 2859 0 0 0 0 0 0 0 0 2859 3
+6 +23 2836 2836
+3 -28 2836 2836
+4 +29 2836
+3 * 2836 0 0 0 0 0 0 0 0 2836 5
+6 * 2831 2831
+4 * 2831
+3 * 2831 0 0 2 0 0 1
+2 * 2831
+2 * 2831 0 0 0 0 0 0 0 0 2831
+2 +35 2836 2836
+8 * 2836
+3 * 2836
+2 * 2836 0 0 0 0 0 0 0 0 2836 2
+6 * 2836
+3 * 2836
+3 * 2836
+3 * 2836
+3 * 2836
+3 +14 2836 2836 0 0 26
+7 * 2836
+2 * 2836 0 0 0 0 0 0 0 0 2836 3
+6 +3 2836 2836
+7 * 2836 0 0 1 0 0 1 0 0 2836
+6 -57 2859 2859
+7 * 2859 0 2859
+4 +76 2859
+4 * 2859
+3 * 2859 2859
+1 * 2859 2859
+2 * 2859 2859
+2 * 2859 2859
+2 * 2859 2859
+2 * 2859 2859
+1 * 2859 2859
fi=(80)
0xba30 87 1445 0 0 3 0 0 1
+3 +1 1445
+3 +1 1445
+3 * 1445
+4 +1 1445 0 0 2 0 0 1
fe=(79)
+11 782 27 27
+5 * 27 0 0 0 0 0 0 0 0 27
+2 +6 27 27
+7 * 27 27
+3 * 27
+3 * 27 0 0 0 0 0 0 0 0 27
+6 -7 27
+2 * 27
+12 +37 5
+3 * 5
0xbaf0 -34 23 0 0 1 0 0 1
+3 * 23
+3 * 23
+3 +12 23 23
+4 * 23
+3 * 23 0 0 1 0 0 1 0 0 23
+2 * 23 23
+4 * 23
+3 * 23
+2 * 23 0 0 0 0 0 0 0 0 23 2
0xbb87 +18 23 0 23
+11 * 23
+3 * 23
+11 +54 1 0 1 1 0 0 1
+11 * 1

fn=(302)
0xaaa0 70 2848 0 0 1 0 0 1
+3 * 2848 2848 0 0 293 0 0 175
+5 +3 2848 2848
+5 * 2848
+3 * 2848 2848 0 0 320 0 0 221
+5 * 2848 0 0 0 0 0 0 0 0 2848
+6 * 2848
+3 * 2848 0 0 1 0 0 1
+3 * 2848
+3 * 2848
+3 +13 2848
+5 * 2848
+2 * 2848
+3 * 2848
+3 * 2848 0 0 0 0 0 0 0 0 2848
+6 -16 2848 0 2848
+1 * 2848
+3 * 2848 0 2848
+2 * 2848
+3 * 2848 0 2848
+2 * 2848
+3 * 2848 0 2848
+1 * 2848
+3 * 2848
+4 +19 2848
+3 * 2848 0 0 0 0 0 0 0 0 2848 312
+2 * 330 330
+3 * 330 330
+4 * 330
+3 * 330 0 0 3
+3 * 330 0 330 0 0 4
cfi=(33)
cfn=(100)
calls=330 0x26880 +9 
* * 17920 2925 0 69 377 0 30 179 0 1992 561 189 163
+5 * 330
+2 * 330 0 0 0 0 0 0 0 0 330
+6 +4 2848 2848 0 1 0 0 1
+4 * 2848 2848 0 0 14
+7 +1 2848
+3 * 2848 0 0 0 0 0 0 0 0 2848 6
+2 +4 2844
+3 * 2844 0 0 0 0 0 0 0 0 2844
+6 +4 2844 2844
+3 * 2844 2844 0 0 227 0 0 48
+5 +1 2844
+3 * 2844
+5 * 2844
+4 * 2844 2844
+4 * 2844 2844 0 4 0 0 1
+7 * 2844
+4 * 2844 2844
+5 * 2844 2844 0 0 59
+3 * 2844 0 0 0 0 0 0 0 0 2844 15
+6 +1 2831 2831 0 0 16
+3 * 2831 2831 0 0 3
+4 * 2831 0 2831
+4 * 2831 0 2831
+4 * 2831 0 2831 0 0 1 0 0 1
cfi=(33)
cfn=(100)
calls=2831 0x26880 -6 
* * 79440 19763 0 6 169 0 0 6 0 9460 302 211 150
+5 * 2831 2831
+4 * 2831 2831
+4 +54 2831
+3 -54 2831
+2 * 2831 0 0 0 0 0 0 0 0 2831 6
+2 +55 2848
+4 * 2848 0 0 4 0 0 1
+3 * 2848 2848
+1 * 2848 2848
+2 * 2848 2848
+2 * 2848 2848
+1 * 2848 2848
+7 -1 4
+3 -17 4
+3 * 4 0 0 0 0 0 0 0 0 4
+2 +2 4 4
+3 * 4 4 0 0 3
+4 +1 4
+2 -1 4
+2 * 4
+6 +1 4
+4 * 4
+3 * 4
+3 -1 4
+2 * 4 0 0 0 0 0 0 0 0 4 3
+2 +4 1
+3 * 1 0 0 0 0 0 0 0 0 1
+2 -35 2 2
+4 * 2 2
+4 * 2 2
+2 * 2
+3 * 2 0 2
+2 * 2
+2 * 2 0 0 0 0 0 0 0 0 2
+2 +3 2 2
+4 * 2 0 2
+3 -37 2
+2 * 2
-2 * 12
+2 * 12
+8 +31 13 13 0 2 0 0 1
+5 * 13
+2 * 13 0 0 0 0 0 0 0 0 13
+2 +1 13 13
+3 +1 13 13 0 0 1
+3 * 13 0 0 0 0 0 0 0 0 13 7
+2 * 1
+4 * 1 0 0 0 0 0 0 0 0 1 1

fl=(173) /usr/src/debug/glibc/glibc/elf/dl-find_object.c
fn=(592) _dlfo_process_initial
0x5180 505 2 0 2 1 0 0 1
+1 * 2
+3 * 2
+3 * 2 0 2
+2 * 2 0 2
+2 * 2 0 2
+2 * 2 0 2
+2 * 2 0 2
+1 * 2
+4 +1 2 2
+7 +3 2 2
+9 * 2 0 0 0 0 0 0 0 0 2
+6 +5 2 2 0 0 1
+7 * 2
+7 * 2 0 2
+4 * 2
+3 * 2 0 0 1 0 0 1 0 0 2
+6 * 2 0 2
+8 * 2
+3 * 2
+3 * 2
+2 * 2
+11 +1 2 2
+3 * 2
+3 * 2 0 0 0 0 0 0 0 0 2 2
+10 +1 14 14 0 0 1
+4 -1 14
+3 * 14 0 0 0 0 0 0 0 0 14 2
+2 +3 14
+3 * 14 0 0 0 0 0 0 0 0 14 2
+2 * 12 12 0 1 0 0 1
+4 * 12 0 0 0 0 0 0 0 0 12
+2 +3 12 12
+7 * 12
+3 * 12
+2 * 12 0 0 0 0 0 0 0 0 12 6
+64 -7 2 0 0 1 0 0 1
+4 * 2
+4 * 2 2
+7 * 2 0 0 0 0 0 0 0 0 2
+6 +34 2 2
+4 -2 2 0 2
+7 +2 2
+4 * 2 2
+1 * 2 2
+2 * 2 2
+2 * 2 2
+2 * 2 2
+2 * 2 2
+1 * 2 2
+2 -24 12 12 0 1 0 0 1
+7 * 12 0 0 0 0 0 0 0 0 12 6
+14 +5 12 12 0 0 1
+7 * 12
+3 * 12 0 0 0 0 0 0 0 0 12 4
+2 +3 6
+4 -1 6
+3 * 6
+4 * 6 0 6
cfi=(174) /usr/src/debug/glibc/glibc/elf/./dl-find_object.h
cfn=(590) _dl_find_object_from_map
calls=6 0x4fc0 105 
* * 707 118 45 0 70 5 0 0 5 216 25
+5 +2 12
+4 * 12

fn=(588) _dl_find_object_init
0x5760 578 1 0 0 1 0 0 1
+4 * 1 0 1
+1 * 1
+3 * 1 0 1
+2 * 1 0 1
+1 * 1
+4 +3 1 1 0 0 1
+7 +2 1 1
+7 * 1 0 0 1 0 0 1 0 0 1 1
+17 +13 1 0 1
cfn=(592)
calls=1 0x5180 -91 
* * 152 44 9 5 3 0 5 0 0 42 11
+5 * 1
+3 +1 1 1
+7 * 1
+4 * 1
fi=(28)
+4 56 1 1 1 0 1 0 0 0 0 0 0 1 1
cfi=(27)
cfn=(78)
calls=1 0xc630 -20 
* * 18 3 3 0 1 1 0 0 0 3 1
fe=(173)
+6 597 1 0 1
+7 +2 1
+3 * 1 0 0 0 0 0 0 0 0 1
+2 +3 1
+3 * 1 0 0 0 0 0 0 0 0 1
+6 * 1 0 1 1 0 0 1
+4 +5 1 0 1
+11 +1 1 0 1
cfn=(592)
calls=1 0x5180 505 
* * 883 162 60 0 70 5 0 0 5 258 36
+5 +3 1 1
+7 * 1 1
+4 * 1
+3 * 1 0 0 0 0 0 0 0 0 1 1
+6 +10 1
+4 * 1 1
+1 * 1 1
+2 * 1 1
+1 * 1 1
0x5890 -37 1 0 0 1 0 0 1
+7 * 1 0 1
cfi=(174)
cfn=(590)
calls=1 0x4fc0 105 
* * 135 21 7 3 12 1 3 0 0 43 15
+5 * 1
+12 +29 1 0 1
cfn=(594) _dlfo_sort_mappings
calls=1 0x5680 -60 
* * 282 59 33 3 0 0 3 0 0 26 17
+6 +3 1 1
+7 * 1 1
+7 * 1 0 0 1 0 0 1
+5 * 1
+4 * 1 1
+4 * 1 0 1
+7 +2 1

fn=(594)
0x5680 553 1 0 0 1 0 0 1
+4 +1 1
+4 * 1 0 0 0 0 0 0 0 0 1
+6 -1 1 0 1
+1 * 1
+3 +4 1
+3 * 1
+3 -4 1
+3 * 1 0 1
+2 +4 1
+4 -4 1 0 1
+1 * 1
+3 * 1
+11 +8 1
+3 +1 1
+4 -1 1 1
+3 +1 1
+3 * 1 0 0 1 0 0 1 0 0 1
-13 -1 4
+3 +1 4
+4 -1 4 4
+3 +1 4
+3 * 4 0 0 0 0 0 0 0 0 4 1
+6 * 5
+4 * 5
+3 * 5
+3 * 5
+8 * 5
+11 +1 5 5
+3 * 5
+3 +2 5
+4 * 5
+4 -3 5
+4 * 5
+4 * 5
+3 * 5 0 0 0 0 0 0 0 0 5 5
-25 +1 10 10
+3 * 10
+3 +2 10
+4 * 10
+4 -3 10
+4 * 10
+4 * 10
+3 * 10 0 0 0 0 0 0 0 0 10 7
+2 +8 5
+4 * 5 0 0 1 0 0 1
+4 * 5 5
+3 +1 5 5
+5 * 5
+5 * 5 5
+4 -1 5 5
+5 * 5 5
+4 +1 5 0 5
+3 * 5 5
+6 * 5 0 5
+4 * 5 5
+4 * 5 0 5
+4 +1 5 0 5
+4 * 5 0 5
+4 * 5 0 5
+5 -15 5
+3 * 5
+3 * 5 0 0 0 0 0 0 0 0 5 4
+6 +17 1 1
+1 * 1 1
+2 * 1 1
+1 * 1 1

fl=(174)
fn=(590)
0x4fc0 105 7 7 0 1 3 0 1
+7 +10 7
+4 +1 7
+4 -11 7 0 7 0 0 3 0 0 2
+3 +1 7 7
+7 * 7 0 7
+4 +1 7 0 7 0 0 1 0 0 1
+4 +8 7 0 7 0 0 2 0 0 2
+8 +1 7 0 7
+8 +5 7 7 0 0 5
+7 * 7 7 0 0 1
+7 * 7 0 0 1 0 0 1
+4 * 7
+3 +1 7
+3 * 7 0 0 0 0 0 0 0 0 7
+2 -19 7
+2 * 7
+3 +21 77
+6 * 77 0 0 0 0 0 0 0 0 77 14
+2 +12 3 3
+3 +2 3
+3 -2 3 3 0 0 2
+4 * 3 0 3
+3 +7 3
+3 * 3 0 0 0 0 0 0 0 0 3 2
+2 -21 81
+4 * 81
+3 * 81 0 0 0 0 0 0 0 0 81 4
+2 +2 84 84 0 0 67
+2 * 84
+6 * 84 0 0 0 0 0 0 0 0 84 18
+2 +3 7 7 0 0 1
+3 +5 7 0 0 1 0 0 1
+3 -5 7 7 0 0 3
+4 * 7 0 7
+3 +16 7
+3 * 7 0 0 0 0 0 0 0 0 7 2
+2 +5 7 0 7
+7 +1 7 7

fl=(275)
fn=(1010)
0x142e0 39 24 0 0 1 0 0 1
+4 +5 24 0 24
+1 +3 24
+3 +2 24
+4 +10 24 24 0 0 3
+7 +6 24 0 24 0 0 3
+4 +1 24 0 24
+5 +1 24 0 24 1 0 0 1
+5 +1 24 0 24
+5 +1 24 0 24
+5 +1 24 0 24
+5 +1 24 0 24
+5 +4 24
+5 +1 24
+2 +3 24 0 24
+8 +1 24 0 24
+8 +2 24 0 24
+8 +1 24 0 24
+8 +1 24 0 24 1 0 0 1
+8 +1 24 0 24
+8 +1 24 0 24
+8 +1 24 0 24
+8 +2 24 0 816 0 0 14
+5 +7 24 24
+4 +1 24 24
+4 +1 24 0 24 0 0 3
cfi=(276) /usr/src/debug/glibc/glibc/elf/dl-runtime.c
cfn=(1012) _dl_fixup
calls=24 0x11e30 -52 
* * 21343 5579 1999 94 336 40 11 24 1 2918 230 25 21
+5 +1 24
+3 +5 24
+5 +1 24
+2 +1 24 864
+5 +2 24 24 0 1 0 0 1
+5 +1 24 24
+5 +1 24 24
+5 +1 24 24
+5 +1 24 24
+5 +1 24 24
+5 +1 24 24
+4 +2 24
+3 +2 24 24
+4 +4 24
+4 +2 24 0 0 0 0 0 0 0 0 0 0 24 24

fl=(68)
fn=(234)
0x24f50 60 3 0 0 1 0 0 1
+4 * 3 0 3
+1 * 3
+3 * 3 0 3
+2 * 3
+3 * 3 0 3
+2 * 3
+3 * 3 0 3
+1 * 3
+3 * 3
+4 +1 3 0 3
cfn=(236) __is_decorate_maps_enabled
calls=3 0x24ee0 -28 
* * 50 12 4 3 2 1 2 2 1 8 5
+5 * 3
+2 * 3 0 0 0 0 0 0 0 0 3 3
+30 +9 3 0 0 1 0 0 1
+4 * 3 3
+1 * 3 3
+2 * 3 3
+2 * 3 3
+1 * 3 3

fn=(236)
0x24ee0 33 5 0 0 1 0 0 1
+4 +1 5 5
+6 * 5
+2 * 5 0 0 0 0 0 0 0 0 5 3
+2 * 1
+3 * 1 0 0 0 0 0 0 0 0 1 1
+15 -1 1 0 1 1 0 0 1
+1 +4 1
+2 * 1
+5 -4 1
+3 * 1
+4 +4 1
+4 * 1 0 1 0 0 1 0 0 1
cfi=(11)
cfn=(28)
calls=1 0x14cf0 438 
* * 18 4 1 1 2 0 0 2 0 3 2
+5 * 1 1
+3 * 1
+2 * 1 0 0 0 0 0 0 0 0 1
+2 +5 1 0 1
+10 +1 1
+2 +7 1 1
+1 * 1 1
+28 -7 4
+2 * 4 4

fl=(65) /usr/src/debug/glibc/glibc/elf/dl-deps.c
fn=(218) _dl_map_object_deps
0x3850 143 1 0 0 1 0 0 1
+4 * 1 0 1
+1 * 1
+3 * 1
+2 * 1
+3 +1 1
+3 -1 1
+3 +1 1
+4 -1 1
+3 +1 1
+8 -1 1 0 1
+2 * 1 0 1
+2 +1 1
+4 -1 1 0 1
+2 +1 1
+4 -1 1 0 1 1 0 0 1
+2 +1 1
+3 -1 1 0 1
+1 +1 1
+7 -1 1
+7 * 1 0 1 0 0 1 0 0 1
+7 +1 1
+3 * 1
+3 * 1
+3 * 1 0 0 0 0 0 0 0 0 1 1
+23 * 1
+5 * 1 0 0 1 0 0 1
+3 * 1
+3 * 1 0 0 0 0 0 0 0 0 1 1
+6 -8 1 1
+8 +8 1
+5 * 1
+4 -8 1
+3 -6 1
+4 -2 1 0 1 0 0 1 0 0 1
+6 +8 1
+3 +8 1 0 1
+7 -15 1 0 1
+4 +1 1 0 1
+4 +6 1 0 1 1 0 0 1
+7 +24 1
+2 * 1 0 0 0 0 0 0 0 0 1
+6 * 1
+3 * 1
+4 -28 1
+5 * 1 0 1
+7 * 1
+2 -2 1
+3 +31 1 1
+3 -33 1 0 1
+6 +32 1
+4 -30 1
+3 * 1
+4 +30 1
+4 -30 1
+4 -1 1 0 0 1 0 0 1
+5 * 1
+5 * 1
+4 * 1 0 1
+4 +7 1 1
+7 * 1
+3 * 1
+3 * 1 0 1
+6 +24 1
+3 * 1 0 0 0 0 0 0 0 0 1
+2 * 1
+4 +28 1 1
+4 * 1
+4 * 1 0 1
+7 -6 1 1 0 1 0 0 1
+7 -18 1 1
+7 +64 1
fi=(71) /usr/src/debug/glibc/glibc/elf/../include/scratch_buffer.h
+3 78 1 0 1 0 0 1 0 0 1
fe=(65)
+11 228 1 0 1
fi=(71)
+7 77 1
fe=(65)
+7 +87 1 0 1
+8 +20 1 0 1
+10 +44 1 0 1
fi=(71)
+7 77 1 0 1 1 0 0 1
fe=(65)
+7 228 1 0 1
+7 * 1
+3 -31 1 1
+7 -4 1 0 1
+7 +4 1
+3 * 1 0 0 0 0 0 0 0 0 1 1
-17 * 6 6 0 0 1
+7 -4 6 0 6
+7 +4 6
+3 * 6 0 0 0 0 0 0 0 0 6 5
+8 +11 7 7
+5 * 7 0 0 0 0 0 0 0 0 7 3
+6 * 2 2 0 0 2 0 0 2
+8 * 2 0 0 0 0 0 0 0 0 2
+6 -18 2
+3 +18 2 2
+8 * 2 0 0 0 0 0 0 0 0 2
+6 417 7 0 0 1 0 0 1
+3 * 7 0 0 0 0 0 0 0 0 7 2
+6 +2 5
+3 +3 5
+5 -3 5
+4 * 5 0 5
+7 * 5 0 5
+8 +3 5
+4 * 5 0 5 1 0 0 1
fi=(28)
+7 56 5 5 5 0 0 0 0 0 0 0 0 5 1
cfi=(27)
cfn=(78)
calls=5 0xc630 -20 
* * 90 15 15 0 0 0 0 0 0 15 3
fe=(65)
+6 423 5 5
+7 * 5
fi=(28)
+3 56 5
fe=(65)
+3 423 5 0 0 0 0 0 0 0 0 5
+6 +7 5
+8 -1 5 0 5 0 0 1 0 0 1
+3 +1 5
+4 * 5 0 5
cfi=(29)
cfn=(82)
calls=5 0x25cc0 210 
* * 63 17 12 0 0 0 0 0 0 12 3
+6 +1 5 5
+7 * 5
+8 * 5
+3 * 5
+4 * 5
+4 * 5 0 5
cfi=(29)
cfn=(82)
calls=5 0x25cc0 210 
* * 63 17 12 0 0 4 0 0 4 12 6
+6 +4 5 0 5
+8 -1 5 0 5
+7 +5 5 5
+3 * 5
+2 * 5 0 0 0 0 0 0 0 0 5 4
-5 * 2 2 0 1 0 0 1
+3 * 2
+2 * 2 0 0 0 0 0 0 0 0 2 2
+2 188 6 6
+4 * 6
+6 442 6 6
+3 * 6
+2 * 6 0 0 0 0 0 0 0 0 6 5
+2 -1 7 7
+4 +1 7
+3 * 7 0 0 0 0 0 0 0 0 7 5
+2 183 1 1
+7 * 1 1
+7 * 1
+3 * 1
+3 * 1 1
+7 * 1
+5 +27 5 5 0 1 0 0 1
+4 * 5 5
+4 * 5 5
+8 * 5 0 0 0 0 0 0 0 0 5 3
+6 +8 5 5
+6 +3 5 5
+4 -6 5 0 5 1 0 1 1 0 1
+7 +1 5 0 5
+7 +2 5 0 5
+6 +3 5 5
+4 -4 5 0 5
+7 +4 5
+3 * 5 0 0 0 0 0 0 0 0 5
+6 +7 5
+7 +4 5
+7 -13 5 0 5
+7 +9 5
+3 +4 5 0 0 1 0 0 1
+7 * 5 0 5 0 0 1 0 0 1
+7 * 5 0 5
+7 * 5 0 5
+7 * 5 0 5
+7 * 5 0 5
+7 * 5 0 5
+7 -4 5 0 5
+7 +4 5
+3 * 5
+5 -10 5 0 0 1 0 0 1
+4 * 5 0 0 0 0 0 0 0 0 5 1
-4 * 142
+4 * 142 0 0 0 0 0 0 0 0 142 10
+6 +6 13 13
+7 * 13 13
+5 * 13
+3 * 13 0 13
cfi=(30) /usr/src/debug/glibc/glibc/elf/dl-load.c
cfn=(180) _dl_dst_count
calls=13 0x7360 * 
* * 603 103 52 0 5 1 0 5 1 43 7
+5 * 13
+3 * 13
+3 * 13 0 0 0 0 0 0 0 0 13 8
0x3c82 +4 13 13 0 1 0 0 1
+7 * 13 13
+7 * 13
+7 -2 13 0 13
+7 +2 13 0 13
cfi=(51) /usr/src/debug/glibc/glibc/elf/dl-catch.c
cfn=(162) _dl_catch_exception
calls=13 0x23b0 -24 
* * 26587 5369 2669 75 195 202 74 195 202 4687 724 98 33
+5 +1 13 13
+8 * 13 0 0 0 0 0 0 0 0 13
+6 +9 13 13
+7 +2 13 13
+7 * 13 0 0 1 0 0 1 0 0 13 5
+2 +5 5
+3 * 5
+3 * 5 0 0 0 0 0 0 0 0 5 3
+23 * 5
+4 * 5 0 5
+6 +6 5 5
+7 +2 5 0 5
+7 -8 5
+5 * 5
+4 +3 5 0 5 1 0 0 1
+4 +1 5 0 5
+6 +1 5 0 5
+8 +1 5 0 5
+4 +4 5 5
+7 -3 5 0 5
+7 +3 5
+3 * 5
+3 * 5 0 5
+6 +4 5 5
+7 * 5
+3 * 5 0 0 0 0 0 0 0 0 5 3
-10 * 8 8
+7 * 8
+3 * 8 0 0 0 0 0 0 0 0 8
+2 +1 9
+3 * 9
+4 * 9 0 9
+4 -43 9 9
+5 * 9
+4 * 9
+3 * 9 0 0 0 0 0 0 0 0 9 3
-12 * 138 138
+5 * 138
+4 * 138
+3 * 138 0 0 0 0 0 0 0 0 138 14
+6 * 5
+3 * 5 5
+7 * 5 5
+7 * 5 5
+7 * 5
+8 +7 13 0 0 1 0 0 1
+3 * 13
+21 +38 134 0 0 1 0 0 1
+4 * 134
+6 * 134 0 0 0 0 0 0 0 0 134 7
fi=(71)
0x3f89 85 1 1 0 1 0 0 1
+7 * 1
+3 * 1 0 0 0 0 0 0 0 0 1 1
fe=(65)
+50 448 1 1 0 1 0 0 1
+6 * 1
+2 * 1 0 0 0 0 0 0 0 0 1
+2 * 1
+3 * 1 0 0 0 0 0 0 0 0 1
+2 +1 1 0 1
+7 +3 1 1
+7 * 1 0 1
+7 * 1
+3 * 1 0 0 0 0 0 0 0 0 1 1
+32 +11 1 1 0 1 0 0 1
+6 * 1 0 1
+7 * 1 0 1
+7 * 1
+4 * 1 0 1
+7 * 1
fi=(28)
+4 56 1 1 1 0 0 0 0 0 0 0 0 1 1
cfi=(27)
cfn=(78)
calls=1 0xc630 -20 
* * 18 3 3 0 0 0 0 0 0 3 1
fe=(65)
+6 465 1 1
+7 * 1 1 0 1 0 0 1
+7 * 1
+3 * 1 1
fi=(28)
+7 56 1
fe=(65)
+3 465 1 0 0 0 0 0 0 0 0 1
+6 +5 1 1
+6 * 1 1
+7 +2 1
+6 -2 1
+3 +1 1 0 1
+7 -1 1
+4 +4 1
+2 -4 1 0 1
+7 +4 1 0 0 1 0 0 1
+64 * 6
+2 +4 6 6
+4 * 6
+3 * 6 0 0 0 0 0 0 0 0 6
-7 * 1 1 0 1 0 0 1
+4 * 1
+3 * 1 0 0 0 0 0 0 0 0 1
+6 +6 7
+3 +1 7 0 7 0 0 2 0 0 2
+4 * 7
+3 -1 7
+4 +6 7 0 7
+7 -16 7 7
+4 * 7
+3 * 7 0 0 0 0 0 0 0 0 7 6
+2 +21 1 1
+7 * 1
+3 * 1 0 0 0 0 0 0 0 0 1 1
0x4313 +37 1 0 0 1 0 0 1
+3 * 1 0 0 0 0 0 0 0 0 1 1
+6 +15 1
+3 -11 1 1
+7 +12 1
+8 -15 1
+3 * 1 0 0 0 0 0 0 0 0 1 1
0x43b1 +20 1 1 0 1 0 0 1
+3 -1 1
+7 * 1
+2 * 1
+3 * 1 0 1 1 0 0 1
+7 +1 1 1
+5 * 1 0 1
+7 -1 1 1
+5 * 1
+3 * 1
+2 * 1
+3 * 1 0 1
cfi=(13)
cfn=(246)
calls=1 0x126f0 298 
* * 444 115 67 13 0 0 12 0 0 85 29
+5 +5 1 0 1
+8 +2 1 1
+7 +1 1 0 1
+8 +1 1
+3 * 1 1 0 1 0 0 1
+7 -2 1 0 1
+7 +2 1 0 0 0 0 0 0 0 0 1 1
+28 +7 1 1
+7 * 1
+3 * 1 0 0 0 0 0 0 0 0 1 1
+21 +3 1 0 0 1 0 0 1
+3 * 1 0 0 0 0 0 0 0 0 1
+6 +3 1
+4 * 1 1
+1 * 1 1
+2 * 1 1
+2 * 1 1
+2 * 1 1
+2 * 1 1
+1 * 1 1
+65 198 7 7 0 1 0 0 1
+8 * 7 0 0 0 0 0 0 0 0 7
+6 * 7 7
+7 * 7 0 0 0 0 0 0 0 0 7 1
+6 * 6 6 0 1 0 0 1
+8 * 6
+3 * 6 0 0 0 0 0 0 0 0 6 1
+6 +3 5
fi=(71)
+3 -70 5
+7 * 5
+5 * 5 0 5
cfi=(70)
cfn=(242)
calls=5 0x24cb0 30 
* * 125 30 20 3 0 0 3 0 0 10 4
fe=(65)
+6 +70 5
+2 * 5 0 0 0 0 0 0 0 0 5
+6 +4 5 5
+7 * 5
0x4640 409 1 0 1 1 0 0 1
+7 547 1
+3 * 1 0 1
+7 * 1 0 1
cfi=(29)
cfn=(82)
calls=1 0x25cc0 210 
* * 19 5 4 0 0 0 0 0 0 4 2
+6 * 1 1
+7 * 1 1
+7 * 1
+35 144 1 0 1 1 0 1 1 0 1
+6 * 1

fn=(220) openaux
0x3800 61 13 0 0 1 0 0 1
+4 * 13 0 13
+1 * 13
+3 * 13 0 13
+1 * 13
+3 * 13
+4 +7 13 13
+3 -4 13 13
+3 * 13 13
+4 * 13 13
+4 +1 13 13
+7 -1 13 13
+4 * 13
+2 * 13
+3 * 13
+2 * 13
+5 * 13
+3 * 13 0 13
cfi=(30)
cfn=(168) _dl_map_object
calls=13 0xa840 2189 
* * 25417 5044 2331 74 195 198 73 195 198 4635 716 85 32
+5 * 13 0 13
+4 +5 13 13
+4 * 13 13
+1 * 13 13

fl=(175) /usr/src/debug/glibc/glibc/elf/../sysdeps/nptl/dl-mutex.c
fn=(598) __rtld_mutex_init
0x1cb70 30 1 0 0 1 0 0 1
+4 * 1 0 1
+1 +10 1
+6 * 1 0 0 1 0 0 1
+7 * 1
+5 * 1
+7 -10 1
+3 * 1 0 1
+2 * 1 0 1
+1 +7 1 1
+7 +3 1
+3 * 1 0 1
cfi=(176) /usr/src/debug/glibc/glibc/elf/dl-lookup-direct.c
cfn=(600) _dl_lookup_direct
calls=1 0xc480 +34 
* * 246 54 19 7 9 0 7 3 0 26 13 2 2
+5 +4 1
+3 * 1 0 0 0 0 0 0 0 0 1
+6 +1 1
+3 * 1
+3 * 1
+4 * 1 1
+5 * 1 0 0 0 0 0 0 0 0 1
+2 * 1
+3 * 1 0 0 1 0 0 1 0 0 1
+2 * 1 1
+3 * 1 1
+4 +2 1
+6 * 1
+5 * 1
+3 * 1
+7 * 1
+7 -2 1 0 1
+7 +2 1 0 1
cfi=(176)
cfn=(600)
calls=1 0xc480 +27 
* * 224 53 19 0 5 0 0 0 0 22 8 2 2
+5 * 1
+3 +4 1
+3 * 1 0 0 0 0 0 0 0 0 1
+6 +1 1 1 0 1 0 0 1
+5 * 1 0 0 0 0 0 0 0 0 1
+2 * 1
+3 * 1 0 0 0 0 0 0 0 0 1 1
+2 * 1 1
+3 * 1 1
+4 +1 1 1
+1 * 1 1
+2 -1 1 0 1
+7 +1 1 1
+1 * 1 1

fl=(2) /usr/src/debug/glibc/glibc/elf/rtld.c
fn=(2) _dl_start
0x1f690 520 1 0 0 1 0 0 1
+4 * 1 0 1
+1 * 1
+3 * 1 0 1
+2 * 1 0 1
+2 * 1 0 1
+2 * 1 0 1
+2 * 1 0 1
+1 * 1
+4 * 1 0 1 0 0 1 0 0 1
+4 84 1
fi=(6)
+2 -29 1
fe=(2)
+7 550 1 0 1 0 0 1 0 0 1
+7 -4 1 0 1 0 0 1 0 0 1
+7 84 1 0 0 1 0 0 1
+4 * 1
+3 * 1 0 1 0 0 1 0 0 1
+7 549 1
+7 * 1 0 1
fi=(3) /usr/src/debug/glibc/glibc/elf/./get-dynamic-info.h
+7 45 1 1 0 0 1 0 0 1
+7 * 1
+3 * 1 0 0 0 0 0 0 0 0 1
+6 * 1
+7 +23 1
+7 * 1
+12 * 17 0 17 0 0 7 0 0 7
+4 -23 17 17 0 0 4 0 0 4
+4 * 17
+4 * 17
+3 * 17 0 0 0 0 0 0 0 0 17 1
+2 +4 17 0 0 1 0 0 1
+4 * 17 0 0 0 0 0 0 0 0 17 10
+2 +3 5
+7 -1 5
+4 * 5 0 0 0 0 0 0 0 0 5
+2 +3 5
+5 * 5
+3 * 5
+4 * 5 0 0 0 0 0 0 0 0 5 1
+2 +1 4
+5 * 4
+3 * 4
+3 * 4
+5 +1 1 0 0 1 0 0 1
+3 * 1
+3 * 1
+3 * 1
+3 * 1 0 0 0 0 0 0 0 0 1 1
fi=(4)
+20 +23 1 1
fi=(3)
+7 +31 1 1 0 0 1 0 0 1
+7 -38 1
+2 * 1
+3 * 1 0 0 1 0 0 1 0 0 1
+6 +12 1 1
+7 * 1
+3 * 1 0 0 0 0 0 0 0 0 1 1
+6 +1 1 1 0 0 1 0 0 1
+7 * 1
+3 * 1 0 0 0 0 0 0 0 0 1 1
+6 +1 1 1
+7 * 1
+3 * 1 0 0 0 0 0 0 0 0 1
+2 * 1 0 1
+4 +1 1 1
+7 * 1
+3 * 1 0 0 0 0 0 0 0 0 1
+2 * 1 0 1 1 0 0 1
+4 +1 1 1
+7 * 1
+3 * 1
+3 * 1 0 0 0 0 0 0 0 0 1
+2 * 1 0 1
+4 +1 1 1
+7 * 1
+3 * 1 0 0 0 0 0 0 0 0 1 1
+6 +1 1 1
+7 * 1
+3 * 1 0 0 0 0 0 0 0 0 1
+2 * 1 0 1
+4 +1 1 1
+7 * 1
+3 * 1 0 0 0 0 0 0 0 0 1
+2 * 1 0 1 1 0 0 1
+4 +12 1 1
+7 * 1
+3 * 1
+3 * 1 0 0 0 0 0 0 0 0 1
+6 * 1 1
+4 * 1
+3 * 1 0 0 0 0 0 0 0 0 1 1
+6 +7 1
+3 * 1 0 0 0 0 0 0 0 0 1 1
+16 +13 1 1
+7 * 1 1 0 1 0 0 1
+5 * 1 0 0 0 0 0 0 0 0 1
+6 +6 1 1
+7 * 1
+3 * 1 0 0 0 0 0 0 0 0 1
+2 +1 1 1
+7 * 1 1
+5 * 1 0 0 0 0 0 0 0 0 1
+6 +3 1 1
+8 * 1 0 0 0 0 0 0 0 0 1
+6 +1 1 1
+7 * 1
+3 * 1 0 0 1 0 0 1 0 0 1
+6 +5 1 1
+7 * 1
+3 * 1 0 0 0 0 0 0 0 0 1
+2 * 1 1
+5 * 1 0 0 0 0 0 0 0 0 1
+6 +3 1 1
+7 * 1
+3 * 1 0 0 0 0 0 0 0 0 1
+2 * 1 1
+8 * 1 0 0 0 0 0 0 0 0 1
fe=(2)
+6 566 1
+3 * 1 0 0 0 0 0 0 0 0 1
+6 * 1 1 0 1 0 0 1
+4 * 1
+3 * 1
+4 * 1
+4 * 1 1
+7 * 1 1
+4 * 1
+3 * 1
+3 * 1 0 0 0 0 0 0 0 0 1 1
+33 * 2
+3 * 2
+4 * 2 0 2 0 0 2 0 0 2
+3 * 2
+4 * 2
+3 * 2 0 0 0 0 0 0 0 0 2
+6 * 5 5 0 1 2 0 1 2
+3 * 5
+2 * 5 0 0 0 0 0 0 0 0 5 2
+2 * 3
+3 * 3
+3 * 3 0 0 0 0 0 0 0 0 3 3
+28 * 13
+3 * 13
+4 * 13
+2 * 13 0 0 0 0 0 0 0 0 13
-2 * 3
+2 * 3 0 0 0 0 0 0 0 0 3
+2 * 16
+3 * 16
+4 * 16
+3 * 16
+11 * 16
+2 * 16 0 0 0 0 0 0 0 0 16 8
-2 * 9
+2 * 9 0 0 0 0 0 0 0 0 9 1
+2 * 12 0 12 0 0 4 0 0 4
+3 * 12
+3 * 12 0 0 0 0 0 0 0 0 12 3
+2 * 9
+4 * 9
fi=(3)
+8 59 1 0 0 1 0 0 1
+5 * 1
+3 * 1 0 0 1 0 0 1
+4 * 1 0 0 0 0 0 0 0 0 1 1
fe=(2)
+76 566 3 0 0 1 0 0 1
+4 * 3
+7 * 3
+3 * 3 0 0 0 0 0 0 0 0 3 2
+6 * 1 1
+7 * 1
fi=(4)
+4 79 1
fe=(2)
+2 566 1 1
+7 * 1
+2 * 1 0 1 0 0 1 0 0 1
fi=(4)
+4 79 1 0 0 1 0 0 1
+3 * 1
fe=(2)
+2 566 1 0 1
+4 * 1 0 1
+4 * 1 0 1
+4 * 1
+3 * 1 0 0 0 0 0 0 0 0 1
+2 * 1 1
+4 * 1
+2 * 1
+3 * 1 0 0 0 0 0 0 0 0 1
+2 * 1
+4 * 1
+3 * 1
+4 * 1 1
+7 * 1 1
+4 * 1
+5 * 1 1 0 1 0 0 1
+7 * 1
+5 * 1
+4 * 1 0 1
+4 * 1
+3 * 1 0 0 0 0 0 0 0 0 1 1
+10 * 1
+3 * 1 0 0 0 0 0 0 0 0 1 1
+90 * 1 0 0 1 0 0 1
+4 * 1 1 0 1 0 0 1
fi=(5)
+6 49 1 1
+5 +4 1
+3 -4 1
+4 -1 1
+5 +1 1
+4 +4 1 1
+7 * 1 1
+4 * 1
+4 * 1
+4 +3 1
+3 * 1 0 0 0 0 0 0 0 0 1 1
fe=(2)
-49 566 1 1
fi=(5)
+6 49 1 1
+5 +4 1
+3 -4 1
+4 -1 1
+5 +1 1
+4 +4 1 1
+7 * 1 1
+4 * 1
+4 * 1
+4 +3 1
+3 * 1 0 0 0 0 0 0 0 0 1 1
+54 -6 2 0 0 1 0 0 1
+4 * 2
+5 * 2
+4 * 2
+5 +11 2
+3 * 2 0 0 0 0 0 0 0 0 2 1
+2 * 1
+6 +2 1 1 0 1 0 0 1
fi=(6)
+4 273 1
+3 * 1
+3 * 1 0 0 0 0 0 0 0 0 1
fi=(5)
+2 63 1
+4 +2 1 1
+4 -1 1
+4 * 1
fi=(6)
+4 282 1
+2 * 1
+3 * 1 0 0 0 0 0 0 0 0 1
+2 * 1 1 0 0 1 0 0 1
+5 * 1 1
+5 * 1 1
+4 * 1
+4 * 1
+5 * 1 0 0 0 0 0 0 0 0 1
+2 * 1 1 0 1 0 0 1
+7 +4 1
+4 * 1 0 0 0 0 0 0 0 0 1 1
+8 +26 1
+4 * 1 0 0 0 0 0 0 0 0 1
+2 * 1
+4 * 1 0 0 0 0 0 0 0 0 1 1
fi=(5)
+13 61 1
+4 * 1
+3 * 1 0 0 0 0 0 0 0 0 1
fe=(2)
+2 566 2
+4 * 2
+4 * 2
+3 * 2 0 0 0 0 0 0 0 0 2 1
fi=(5)
+2 51 1 1 0 1 0 0 1
fi=(4)
+7 +28 1 1
+7 * 1
fe=(2)
+86 568 1 0 1 1 0 0 1
+7 455 1 0 1
cfi=(7) /usr/src/debug/glibc/glibc/elf/dl-minimal.c
cfn=(12) __rtld_malloc_init_stubs
calls=1 0x1c780 42 
* * 10 1 4 1 0 2 1 0 2
+5 +4 1
+7 * 1 1
+8 * 1
+5 * 1 0 0 1 0 0 1
+4 * 1 0 1
+7 84 1
+2 477 1
+7 84 1
+4 * 1
+3 * 1 0 1
+7 477 1 0 1
cfi=(8) /usr/src/debug/glibc/glibc/elf/dl-setup_hash.c
cfn=(14) _dl_setup_hash
calls=1 0x124f0 25 
* * 27 8 6 3 1 0 3 1 0 3
+5 +1 1
+7 +4 1
+7 +9 1 0 1
+7 -13 1 0 1 1 0 0 1
+7 +19 1
+7 -17 1 0 1 0 0 1 0 0 1
+7 +2 1 0 1
+7 +15 1 1
+4 * 1 0 1
cfi=(9) /usr/src/debug/glibc/glibc/elf/../sysdeps/unix/sysv/linux/dl-sysdep.c
cfn=(16) _dl_sysdep_start
calls=1 0x1e560 102 
* * 2660750 677181 252946 1062 16733 2639 1044 8551 1804 415187 16678 5479 1331
+5 * 1 0 0 1
+3 +2 1 1
+7 * 1 0 0 0 0 0 0 0 0 1
+6 +87 1
+4 * 1
+3 * 1 1 0 0 1
+1 * 1 1
+2 * 1 1
+2 * 1 1
+2 * 1 1 0 1
+2 * 1 1
+1 * 1 1
fi=(3)
+6 62 1 0 0 1 0 0 1
+5 * 1
+3 * 1
+4 * 1 0 0 0 0 0 0 0 0 1
+6 +2 1
+5 * 1
+3 * 1
+3 * 1
+49 +39 1 0 0 1 0 0 1
+3 * 1 0 1
+4 * 1
fe=(2)

fn=(158) do_preload
0x1ed60 788 1 0 1 1 0 0 1
+1 +12 1
+7 -12 1
+3 * 1 0 1
+2 * 1
+3 * 1 0 1
+2 +12 1
+4 * 1
+4 -12 1 0 1
+1 * 1
+3 * 1 0 0 1 0 0 1
+4 +6 1 0 1
+4 +6 1
+4 -2 1 1
+7 -3 1 0 1
+4 +5 1
+4 -10 1 0 1
+8 +6 1 0 1
+7 +4 1 0 1
cfi=(51)
cfn=(160) _dl_catch_error
calls=1 0x2580 258 
* * 2659 584 325 107 37 38 107 37 38 454 157 9 3
+5 +1 1 1
+4 * 1
+3 * 1 0 0 0 0 0 0 0 0 1
+2 +8 1
+2 * 1 1
+7 * 1 0 0 1 0 0 1
+3 +6 1
+4 * 1 1
+1 * 1 1
+2 * 1 1
+2 * 1 1
+1 * 1 1

fn=(154) handle_preload_list
0x1fd70 853 1 0 0 1 0 0 1
+4 * 1 0 1
+1 * 1
+3 * 1 0 1
+2 * 1 0 1
+2 * 1 0 1
+2 * 1 0 1
+2 * 1 0 1 1 0 0 1
+1 * 1
+7 * 1 0 1 0 0 1 0 0 1
+5 * 1
+4 +5 1 1
+3 * 1 0 0 0 0 0 0 0 0 1
+6 * 1 0 1
+7 * 1
+3 * 1
+3 -4 1
+3 * 1
+13 +17 1
+3 182 1 1
+6 873 1 1
+3 * 1
+4 182 1
+2 * 1 0 0 0 0 0 0 0 0 1
+6 875 1 1
+7 * 1 0 0 0 0 0 0 0 0 1
+2 +1 1 1
+7 * 1
+3 * 1
+7 * 1 0 1
cfn=(158)
calls=1 0x1ed60 -88 
* * 2690 592 334 110 37 38 110 37 38 455 157 9 3
+5 * 1
+3 -18 1 1
+3 * 1 0 0 0 0 0 0 0 0 1 1
+2 +3 1 0 0 1 0 0 1
+7 * 1
+3 * 1 0 1 1 0 0 1
cfi=(50) /usr/src/debug/glibc/glibc/string/../string/strcspn.c
cfn=(156) strcspn
calls=1 0x27d00 32 
* * 238 111 20 6 2 4 6 2 4 22 12
+6 * 1
+3 +1 1
+4 * 1
+6 * 1 0 0 0 0 0 0 0 0 1
+2 +2 1
+3 * 1
+3 * 1
+7 * 1 0 1
cfi=(29)
cfn=(82)
calls=1 0x25cc0 210 
* * 19 5 4 1 0 1 1 0 1 4 2
+6 +1 1 0 1
+9 * 1
+10 +14 1 0 0 1 0 0 1
+7 * 1
+3 * 1 1
+1 * 1 1
+2 * 1 1
+2 * 1 1
+2 * 1 1
+2 * 1 1
+1 * 1 1

fn=(66) dl_main
0x1fe90 1357 1 0 0 1 0 0 1
+4 * 1 0 1
+1 196 1
+4 1357 1
+3 * 1 0 1
+2 * 1 0 1
+2 * 1 0 1
+2 * 1
+3 * 1 0 1
+2 * 1
+3 * 1 0 1
+1 * 1
+7 * 1 0 1 0 0 1 0 0 1
+6 * 1 0 1
+7 198 1 0 1 1 0 0 1
+11 301 1 0 1
+7 +1 1 0 1
+4 196 1 0 1
+7 +99 1 0 1
+4 * 1 0 1
+4 * 1 0 1
+4 1369 1 0 1 0 0 1 0 0 1
cfi=(24)
cfn=(68) __tls_pre_init_tp
calls=1 0x13f30 54 
* * 17 1 5 2 0 1 2 0 1
+5 2735 1 1
+6 2512 1 1
+7 2735 1 0 1
+6 * 1 0 0 1 0 0 1
+2 * 1 0 0 0 0 0 0 0 0 1
+6 2583 1 0 1 0 0 1 0 0 1
+7 +2 1
+3 +15 1
+7 * 1
+7 -13 1
+7 * 1 0 1
cfi=(25) /usr/src/debug/glibc/glibc/elf/dl-environ.c
cfn=(70) _dl_next_ld_env_entry
calls=1 0x1bdc0 28 
* * 479 164 1 2 0 0 2 0 0 162 26
-7 * 1
+7 * 1 0 1
cfi=(25)
cfn=(70)
calls=1 0x1bdc0 28 
* * 6 3 0 0 0 0 0 0 0 1
+5 * 2
+3 * 2
+3 * 2 0 0 0 0 0 0 0 0 2 1
+2 +4 1 1
+3 * 1
+3 * 1 0 0 0 0 0 0 0 0 1
+2 -2 1
+2 +2 1
+2 * 1 0 0 1 0 0 1 0 0 1
+2 * 1
+8 * 1
+11 * 1
+11 +1 1
+4 -1 1 1
+4 * 1
+2 * 1 0 0 0 0 0 0 0 0 1
-10 +1 6
+4 -1 6 6
+4 * 6
+2 * 6 0 0 0 0 0 0 0 0 6
+2 * 7
+3 * 7 0 0 0 0 0 0 0 0 7 4
+2 +9 1
+4 * 1
+4 * 1 0 0 0 0 0 0 0 0 1
+2 * 1 1 0 0 1 0 0 1
+4 * 1 0 0 1 0 0 1
+3 * 1 0 0 0 0 0 0 0 0 0 0 1 1
+14 2712 1 1
+6 * 1
+2 * 1 0 0 0 0 0 0 0 0 1 1
+11 1379 1 1
+7 +1 1 1
+7 * 1
+7 -1 1 1
+3 * 1 0 1 1 0 0 1
+7 +1 1 1
+3 * 1 0 0 0 0 0 0 0 0 1 1
0x20231 2625 1 1 0 1 0 0 1
+6 * 1 0 0 0 0 0 0 0 0 1
+6 +10 1 1 0 1 0 0 1
+6 * 1 0 0 0 0 0 0 0 0 1 1
0x203b6 1647 1 0 0 1 0 0 1
+7 * 1
+3 * 1 0 0 1 0 0 1
+2 * 1
+2 * 1
+6 * 1
+3 * 1
+3 * 1 0 1
cfi=(26) /usr/src/debug/glibc/glibc/elf/dl-object.c
cfn=(72) _dl_new_object
calls=1 0xcca0 59 
* * 285 29 50 21 3 15 21 3 15 36 21 2 2
+5 * 1 0 1
+7 +2 1
+3 * 1 0 0 0 0 0 0 0 0 1
+6 +1 1 1
+7 +1 1 1
+7 +5 1
+2 -5 1 0 1
+8 +1 1 1 0 1 0 0 1
+7 -2 1
+3 * 1 0 1
+7 +2 1 1
+3 * 1 0 1
+7 +4 1 0 1
cfi=(26)
cfn=(86) _dl_add_to_namespace_list
calls=1 0xcc00 31 
* * 33 9 8 2 1 0 2 1 0 1 1 2 2
+5 +1 1 1
+7 * 1 0 0 0 0 0 0 0 0 1
+6 1095 1 1
+7 +1 1 1
+8 1362 1
+3 1123 1
+3 -21 1 1 0 1 0 0 1
+7 * 1 1 0 0 1 0 0 1
+8 +21 1
+4 -19 1 0 1
+7 +1 1 0 1
+7 +18 1
+4 -21 1 0 1
+7 +21 1
+3 * 1 0 0 0 0 0 0 0 0 1
+6 +1 1 0 1
+7 -1 1
+3 -25 1 0 0 1 0 0 1
+3 +22 1
+3 +4 1
+7 * 1
+3 * 1
+2 * 1 1 0 0 1 0 0 1
+2 * 1
+3 * 1 0 0 0 0 0 0 0 0 1
-5 * 13 13 0 0 6 0 0 6
+2 * 13
+3 * 13 0 0 0 0 0 0 0 0 13 4
+6 * 10
+2 * 10 0 0 0 0 0 0 0 0 10
+2 * 10
+3 * 10 0 0 0 0 0 0 0 0 10
+2 * 10 10 0 0 2 0 0 2
+4 * 10
+3 * 10 0 0 0 0 0 0 0 0 0 0 10 5
+3 +33 4 4
+7 * 4 4 0 0 1 0 0 1
+4 -1 4 4
+3 +1 4
+3 * 4 0 0 1 0 0 1
+3 * 4
+3 * 4
+3 -1 4
+3 +2 4 4
+7 * 4 0 0 0 0 0 0 0 0 4 2
+2 +1 1 0 1
+7 +2 1 1
+8 * 1
+4 * 1 0 0 0 0 0 0 0 0 1
-12 * 3 3
+8 * 3
+4 * 3 0 0 0 0 0 0 0 0 3
+2 +1 4
+3 * 4 0 0 0 0 0 0 0 0 4 1
+2 * 3
+3 * 3 0 0 0 0 0 0 0 0 3 2
+13 +4 4 4 0 1 3 0 1 3
+4 * 4
+3 +1 4 4
+7 * 4 0 0 0 0 0 0 0 0 4
+2 +1 4 0 4
+7 +4 4
+5 * 4
+3 -49 4
+4 * 4
+3 * 4 0 0 0 0 0 0 0 0 4 3
-7 * 5
+4 * 5
+3 * 5 0 0 0 0 0 0 0 0 5 4
+6 * 1 1
+7 * 1 0 1
+7 * 1 0 1
+7 * 1 1 0 1 0 0 1
+7 * 1
+3 * 1
+3 * 1
+4 +88 11
+5 * 11 0 0 0 0 0 0 0 0 11 7
+2 +6 1
+3 * 1
+5 * 1
+3 * 1 0 1
cfi=(30)
cfn=(90) _dl_process_pt_gnu_property
calls=1 0x7f70 842 
* * 54 13 2 7 0 0 7 0 0 13 1
+6 -7 14
+3 * 14 0 0 0 0 0 0 0 0 14 1
+6 +1 14 14
+5 +6 14
+4 -6 14
+3 * 14 0 0 0 0 0 0 0 0 14 6
fi=(31) /usr/src/debug/glibc/glibc/elf/../sysdeps/x86/dl-prop.h
+2 149 3 3 0 1 0 0 1
+8 * 3 0 0 0 0 0 0 0 0 3 3
fe=(2)
0x207b0 1128 1 0 0 1 0 0 1
+3 -5 1
+4 +5 1 1
+4 * 1 0 1
+3 -5 1 0 0 1 0 0 1
+3 * 1 0 0 0 0 0 0 0 0 1 1
+11 +21 1 1
+3 * 1 1 0 0 1 0 0 1
+4 -21 1
+4 +25 1
+6 -5 1 0 1
+7 +3 1
+7 * 1 0 1
+7 -23 1
+3 * 1 0 0 0 0 0 0 0 0 1 1
+11 +10 1 1 0 1 0 0 1
+3 * 1 1
+4 -10 1
+4 +10 1 0 1
+4 +1 1 1
+4 * 1 1
+8 * 1
+3 * 1
+3 * 1
+4 * 1
+3 * 1
+3 * 1
+3 * 1 0 1
+7 -11 1
+3 * 1 0 0 0 0 0 0 0 0 1 1
+16 +1 4 0 0 1 0 0 1
+6 * 4 0 0 0 0 0 0 0 0 4 1
+6 * 3
+6 * 3 0 0 0 0 0 0 0 0 3 2
+6 +80 1 1 0 0 1 0 0 1
+5 -81 1
+4 +81 1 1
+5 * 1 0 1
+7 -81 1
+3 * 1 0 0 0 0 0 0 0 0 1
+6 * 1 0 0 1 0 0 1
+22 +87 1
+3 * 1 1
+8 * 1 1
+8 +13 1 1
+7 * 1 1 0 0 1 0 0 1
+7 * 1
+3 * 1 0 0 0 0 0 0 0 0 1 1
+19 +3 1 1 0 1 0 0 1
+7 * 1 1
+8 * 1 0 0 0 0 0 0 0 0 1 1
+13 +2 1 1
+8 * 1 0 0 0 0 0 0 0 0 1
+6 1682 1 0 1
cfi=(32)
cfn=(96)
calls=1 0x4f20 24 
* * 33 7 3 2 2 0 2 2 0 5 2
fi=(4)
+5 96 1 1 0 1 0 0 1
+7 * 1
+3 * 1 0 0 0 0 0 0 0 0 1
+2 +3 1 1
+7 * 1
+2 * 1 1
+7 * 1 1
+8 +1 1 1
fe=(2)
+4 1688 1 1
+4 * 1
+3 * 1 0 0 0 0 0 0 0 0 1
+2 +1 1 1
+7 * 1
+3 * 1 1
+3 * 1 0 1
cfi=(33)
cfn=(100)
calls=1 0x26880 98 
* * 50 6 0 5 3 0 5 3 0 6 2 1 1
+5 * 1
+2 * 1 0 0 1 0 0 1 0 0 1
+2 +3 1 0 1 0 0 1 0 0 1
+7 +1 1 0 1
+11 +1 1 0 1
+10 +2 1 1
+5 * 1 0 0 0 0 0 0 0 0 1
+6 +1 1
+7 * 1 0 1
+4 +5 1 1
+7 * 1 0 0 0 0 0 0 0 0 1
+6 +2 1 0 0 1 0 0 1
+3 * 1 0 0 0 0 0 0 0 0 1
fi=(3)
+6 39 1 1
+7 * 1 1
+4 * 1
+3 * 1 0 0 0 0 0 0 0 0 1
+6 +6 1 1 0 0 1 0 0 1
+3 -2 1
+4 +2 1
+3 * 1 0 0 0 0 0 0 0 0 1 1
+15 +23 28 0 28 0 0 6 0 0 6
+4 -23 28 28 0 0 7 0 0 7
+4 * 28
+4 * 28
+3 * 28 0 0 0 0 0 0 0 0 28 1
+2 +4 28 0 0 1 0 0 1
+4 * 28 0 0 0 0 0 0 0 0 28 11
+2 +3 6
+7 -1 6
+4 * 6 0 0 0 0 0 0 0 0 6
+2 +3 6
+5 * 6
+3 * 6
+4 * 6 0 0 0 0 0 0 0 0 6 1
+6 +1 5
+5 * 5
+3 * 5
+3 * 5
fe=(2)
+9 1200 1 1 0 1 0 0 1
+3 -77 1
+4 +77 1 0 1
+6 -77 1
+3 * 1 0 0 0 0 0 0 0 0 1 1
fi=(3)
+39 72 1 1
+7 * 1 1 0 1 0 0 1
+3 * 1
+3 * 1 0 0 0 0 0 0 0 0 1 1
+25 +43 1 1
+5 * 1 0 0 0 0 0 0 0 0 1
+6 +7 1 1
+7 * 1 1
+5 * 1 0 0 0 0 0 0 0 0 1
+6 +1 1 1 0 1 0 0 1
+7 * 1 1
+7 * 1 1
+5 * 1 0 0 0 0 0 0 0 0 1
+6 +6 1 1
+7 * 1
+3 * 1 0 0 0 0 0 0 0 0 1 1
+27 +18 1 1
+7 * 1 1 0 1 0 0 1
+7 * 1
+3 * 1 0 0 0 0 0 0 0 0 1 1
+59 +15 1 1 0 1 0 0 1
+7 * 1 1
+7 * 1
+3 * 1 0 0 0 0 0 0 0 0 1
+2 +2 1 1
+4 * 1 0 1
+6 * 1
+2 +1 1
+2 * 1 0 0 0 0 0 0 0 0 1 1
+9 +9 1 1
+7 * 1 0 0 0 0 0 0 0 0 1
+6 +6 1
+3 * 1 0 0 0 0 0 0 0 0 1 1
+23 +4 1 1 0 1 0 0 1
+7 * 1 1
+8 * 1 0 0 0 0 0 0 0 0 1 1
fi=(4)
+13 -88 1 1
+7 * 1 1
+7 * 1 0 0 1 0 0 1
+3 * 1 0 0 0 0 0 0 0 0 1 1
fe=(2)
+59 1717 1 1 0 1 0 0 1
+7 * 1 0 1
cfi=(8)
cfn=(14)
calls=1 0x124f0 25 
* * 27 8 6 0 1 0 0 1 0 3
+5 +3 1 1
+4 * 1 0 0 0 0 0 0 0 0 1
fi=(34) /usr/src/debug/glibc/glibc/elf/./setup-vdso.h
+6 24 1 1
+8 * 1 0 0 0 0 0 0 0 0 1 1
fi=(37) /usr/src/debug/glibc/glibc/elf/./dl-main.h
0x2168b +85 1 1 0 1 0 0 1
+4 * 1 1
fi=(36) /usr/src/debug/glibc/glibc/elf/../sysdeps/unix/sysv/linux/dl-vdso-setup.h
+4 -55 1 0 1
fi=(37)
+7 +55 1 1
+4 * 1 1
+4 * 1 0 1
cfi=(30)
cfn=(112) _dl_init_paths
calls=1 0x7c00 680 
* * 1509 305 264 44 1 9 44 1 9 169 49 4 3
fe=(2)
+5 1745 1 1
+7 * 1
+2 * 1 0 1
cfi=(45) /usr/src/debug/glibc/glibc/elf/dl-debug.c
cfn=(142) _dl_debug_initialize
calls=1 0x36b0 120 
* * 21 5 4 4 1 0 4 1 0 5 2
+5 +7 1 1
+8 -7 1 0 1 1 0 0 1
+7 +2 1 0 1
+7 +5 1 0 0 0 0 0 0 0 0 1 1
+6 +4 1 1
+7 +1 1 1
+7 +2 1 0 1
+7 -3 1
+3 * 1
+3 * 1 0 1
+6 +1 1 1
+7 * 1 0 1
+4 +3 1 0 1 1 0 0 1
+8 1253 1 1 0 0 1 0 0 1
+8 1758 1 0 1
+4 1253 1 0 0 0 0 0 0 0 0 1
+6 +1 1 1
+8 * 1 0 0 0 0 0 0 0 0 1
+6 +5 1 1
+7 -1 1 1
+7 -2 1
+7 * 1 1 0 1 0 0 1
+7 +13 1
+4 -11 1 0 1 0 0 1 0 0 1
+7 +1 1 0 1
+7 +3 1 0 1
+7 +7 1
+3 * 1
+3 * 1 0 0 0 0 0 0 0 0 1
+2 +4 1 1
+7 -5 1
+2 +5 1
+3 * 1
+3 * 1
+15 -3 8
+4 -1 8
+3 * 8 0 0 0 0 0 0 0 0 8 1
+2 +2 12 12 0 1 7 0 1 7
+3 * 12 0 0 0 0 0 0 0 0 12 6
+2 +2 4 4 0 0 2 0 0 2
+4 +1 4 4
+7 * 4 0 0 0 0 0 0 0 0 4
+2 -1 4
+3 * 4
+3 +2 4
+3 * 4 0 0 0 0 0 0 0 0 4 4
+14 +5 4 4 0 0 1 0 0 1
+4 -10 4
+4 +10 4
+5 * 4 0 0 1 0 0 1
+3 -11 4
+3 * 4 0 0 0 0 0 0 0 0 4 3
+2 * 1
+4 * 1
+21 +18 1
+4 +1 1 1
+6 * 1 0 0 0 0 0 0 0 0 1 1
+10 -1 1
+3 * 1 0 0 0 0 0 0 0 0 1 1
+16 223 1 1 0 1 0 0 1
fi=(4)
+7 79 1 1
fe=(2)
+7 224 1 1
+4 -1 1 1 0 0 1 0 0 1
+7 +1 1
fi=(4)
+2 79 1 0 1
fe=(2)
+6 224 1 1
+4 * 1
+3 * 1 0 0 0 0 0 0 0 0 1 1
0x218af 1774 1 1 0 1 0 0 1
+4 * 1 0 0 0 0 0 0 0 0 1
+6 1363 1 0 1 1 0 0 1
+11 1778 1
+6 +1 1 1
+8 * 1 0 0 0 0 0 0 0 0 1
+6 +24 1 0 1
cfi=(46) /usr/src/debug/glibc/glibc/elf/../elf/dl-tls.c
cfn=(144) _dl_count_modids
calls=1 0x132c0 226 
* * 6 3 0 1 1 0 1 1 0 1
+5 * 1 0 1
fi=(47) /usr/src/debug/glibc/glibc/elf/../sysdeps/generic/dl-debug.h
+7 29 1 1
+7 * 1 1
+7 * 1
+3 * 1 0 0 0 0 0 0 0 0 1
+2 +1 1 1
+7 * 1 0 1 1 0 0 1
fe=(2)
+4 1809 1 1
+7 * 1
+5 * 1
+3 * 1 0 1
cfi=(45)
cfn=(148) _dl_debug_change_state
calls=1 0x3670 104 
* * 11 2 1 2 0 0 2 0 0 2 2
+5 +1 1
+1 +4 1 1
+7 * 1
+5 * 1 0 1
cfi=(49)
cfn=(152) _dl_audit_activity_map
calls=1 0x199d0 29 
* * 5 2 0 2 0 0 2 0 0 1 1
+5 +5 1 1
+4 * 1 0 0 0 0 0 0 0 0 1
+6 +2 1
+3 +2 1 1
+5 * 1 0 0 0 0 0 0 0 0 1 1
+6 +9 1 1 0 1 0 0 1
+5 * 1 0 0 0 0 0 0 0 0 1
+6 +16 1
+5 * 1
+7 * 1 0 1
cfi=(64)
cfn=(216)
calls=1 0x24920 25 
* * 9 1 1 1 0 0 1 0 0 1 1
+5 * 1
+2 * 1 0 0 0 0 0 0 0 0 1
+6 +76 1 1
+3 * 1
+3 * 1 0 0 0 0 0 0 0 0 1 1
+6 +16 1 1
+7 * 1
+3 * 1 0 0 0 0 0 0 0 0 1 1
+9 84 1 0 0 1 0 0 1
+2 1950 1
+2 84 1
+3 * 1
+4 1950 1
+3 * 1 1
+7 84 1
+3 1950 1 1
+4 * 1
+3 * 1
+3 * 1
+3 * 1
+3 * 1 0 1
cfi=(65)
cfn=(218)
calls=1 0x3850 143 
* * 30459 6114 3115 125 203 216 123 202 216 5470 880 104 35
+5 91 1
+2 1960 1 1
+7 * 1 1
+7 -4 1 1 0 1 0 0 1
+6 +16 1 1
+7 91 1
+4 * 1
+3 +9 1
+3 * 1 0 1
+7 1956 1
+2 * 1 0 0 0 0 0 0 0 0 1
+6 * 1
+3 * 1
+4 * 1
+4 * 1
+4 * 1
+11 +1 1 1 0 1 0 0 1
+3 -1 1
+4 +1 1 0 1
+7 -1 1
+3 * 1 0 0 0 0 0 0 0 0 1 1
-17 +1 6 6
+3 -1 6
+4 +1 6 0 6
+7 -1 6
+3 * 6 0 0 0 0 0 0 0 0 6 5
+2 +4 1 0 1
+4 +1 1
+3 * 1 0 0 0 0 0 0 0 0 1
+2 +1 1 0 1
+4 +2 1
+3 * 1 0 0 0 0 0 0 0 0 1
+6 * 1 1
+7 * 1
+4 * 1
+5 * 1
+7 * 5
+3 * 5
+4 * 5
+2 * 5 0 0 0 0 0 0 0 0 5
+2 +1 6 6 0 1 0 0 1
+3 * 6
+3 * 6 0 0 0 0 0 0 0 0 6 6
+2 +7 1
+3 * 1 1
+4 +1 1 1
+3 -1 1 0 1
+7 +1 1
+2 * 1 0 0 0 0 0 0 0 0 1
+6 +2 1
+3 +2 1
+2 * 1 0 0 0 0 0 0 0 0 1 1
+47 +16 1 0 0 1 0 0 1
+3 * 1 0 0 0 0 0 0 0 0 1
+6 * 1
+5 * 1
+2 +1 1 1
+7 * 1 0 1
+4 +1 1 1 0 1 0 0 1
+7 * 1
+3 * 1 0 0 0 0 0 0 0 0 1 1
+23 +10 1 0 1
+6 +2 1
+7 -1 1
+2 * 1
+3 * 1
+3 +1 1
+3 * 1
+7 * 1 0 0 1 0 0 1
+7 -1 1 0 1
+6 +1 1 0 1
cfi=(51)
cfn=(250) _dl_receive_error
calls=1 0x2320 190 
* * 29101 8681 1692 55 136 79 55 130 78 6085 436 91 60
+5 +10 1 1
+8 +1 1 1
+8 * 1 0 0 0 0 0 0 0 0 1 1
+6 +3 1
+3 * 1 0 0 0 0 0 0 0 0 1
+2 821 1 1
fi=(398) /usr/src/debug/glibc/glibc/elf/../sysdeps/unix/sysv/linux/dl-osinfo.h
+7 39 1 1
+3 * 1
fe=(2)
+2 823 1 0 1
fi=(398)
+9 52 1 1 0 1 0 0 1
fe=(2)
+4 832 1 0 1
+9 +7 1 0 1
+11 -5 1 0 1
+7 2026 1 1
+3 * 1
+2 * 1 0 0 0 0 0 0 0 0 1
+6 2225 1 1
+7 * 1
+7 +4 1 1
+8 -4 1 0 1 1 0 0 1
+7 +10 1 1
+7 -6 1 0 1
+7 +6 1 0 1
+7 +3 1 1
+7 * 1 0 0 0 0 0 0 0 0 1
+6 +8 1 1
+7 * 1 1
fi=(31)
+3 36 1 1
+7 * 1 1
+6 +1 1
+2 * 1 0 0 1 0 0 1 0 0 1 1
+2 * 1 1
+7 * 1
+3 +16 1 1
+6 * 1 1
+7 * 1 1
+7 * 1
+4 * 1
+5 * 6
+4 -13 6 6
+3 +9 6 6
+7 * 6 0 0 0 0 0 0 0 0 6
-10 -9 1 1
+3 +9 1 1
+7 * 1 0 0 0 0 0 0 0 0 1
+2 * 7
+3 * 7 0 0 0 0 0 0 0 0 7 1
+2 * 6 6
+4 * 6 0 0 0 0 0 0 0 0 6
+2 +4 6
+3 * 6
+3 * 6 6 0 0 1
+7 * 6 0 0 0 0 0 0 0 0 6
+6 -16 7 0 0 1 0 0 1
+3 * 7 0 0 0 0 0 0 0 0 7 5
+2 +34 1 1
+7 * 1
fe=(2)
+3 2250 1
fi=(31)
+3 71 1 0 1
cfi=(77) /usr/src/debug/glibc/glibc/elf/../sysdeps/x86_64/dl-cet.c
cfn=(282) _dl_cet_check
calls=1 0x16710 361 
* * 25 4 5 4 0 0 4 0 0 3
fe=(2)
+5 2250 1 1
+8 * 1
+4 +3 1 0 1 0 0 1
+7 +5 1 1 0 1 0 0 1
+8 * 1 0 0 0 0 0 0 0 0 1
+2 84 1
+2 2263 1 1
+7 -1 1 1
+6 * 1 1
+7 84 1
+3 * 1
+4 * 1
+3 2262 1
+2 * 1
+2 * 1
+3 * 1
+3 * 1 0 1
cfi=(78)
cfn=(286)
calls=1 0x11e00 343 
* * 83019 20503 9064 193 572 232 193 551 226 13973 997 180 90
+5 91 1
+2 * 1
+4 * 1 0 0 1 0 0 1
+3 +9 1
+3 * 1 0 1
+7 -16 1
+2 * 1
+3 2271 1 1
+7 84 1
+4 * 1
+3 2271 1 1
+6 +1 1
+2 * 1 0 0 0 0 0 0 0 0 1
+6 * 1
+4 * 1 0 1
+7 * 1 1
+7 * 1 0 0 1 0 0 1
+7 * 1 0 1
+7 * 1
+4 * 1
+7 * 4
+4 * 4
+4 * 4 0 0 0 0 0 0 0 0 4 1
+2 +2 7 7 0 0 2
+8 * 7 7 0 0 2
+4 +5 7 7
+4 * 7 7 0 0 7
+4 +2 7
+3 * 7 0 0 0 0 0 0 0 0 7 1
+6 +6 7 0 7 1 0 0 1
+8 +2 7 7
+3 * 7
+2 * 7
+3 * 7 7 0 0 7 0 0 1
+7 * 7
+3 * 7
+2 * 7
+3 * 7 0 7
cfi=(78)
cfn=(286)
calls=7 0x11e00 343 
* * 2473256 633667 236123 129 15373 1910 124 7431 1089 379961 13130 5031 1089
+5 +4 7 7 0 0 2
+8 * 7 0 0 0 0 0 0 0 0 7 4
+2 * 3 3 0 0 2
+7 * 3 0 0 0 0 0 0 0 0 3 2
+2 +1 3
+5 * 3
+3 -22 3 0 0 1 0 0 1
+4 +22 3 0 3
cfi=(46)
cfn=(468) _dl_add_to_slotinfo
calls=3 0x13c40 1169 
* * 81 24 12 3 2 1 3 0 1 12 2
+5 -22 3
+4 * 3 0 0 0 0 0 0 0 0 3 1
+2 * 1 1 0 0 1
+8 * 1 1
+7 91 1
+2 * 1
+4 * 1
+3 +1 1
+3 * 1 0 1 0 0 1
+7 2301 1 0 1
cfi=(46)
cfn=(584) _dl_tls_initial_modid_limit_setup
calls=1 0x13bf0 1130 
* * 43 10 1 2 1 1 2 0 0 11 3
+5 +6 1 1
+8 * 1 0 0 1 0 0 1 0 0 1
+6 +4 1
+3 * 1 0 0 0 0 0 0 0 0 1
+6 * 1 1
+8 * 1 0 0 0 0 0 0 0 0 1
+6 +2 1 0 1
+8 +7 1 1
+7 * 1
+5 * 1 0 1
cfi=(46)
cfn=(586) _dl_allocate_tls_init
calls=1 0x13620 608 
* * 322 82 53 10 8 4 8 0 4 54 15 2 2
+5 +3 1 1
+7 * 1 0 0 0 0 0 0 0 0 1
+6 +4 1 1 0 1 0 0 1
+7 * 1 1 0 0 1
+7 * 1 0 0 0 0 0 0 0 0 1
+6 +3 1 0 1
cfi=(173)
cfn=(588)
calls=1 0x5760 578 
* * 1513 302 124 16 88 7 16 0 5 376 82 1 1
+5 +5 1 1
+8 * 1 0 0 0 0 0 0 0 0 1
+2 84 1
+2 2339 1
+2 * 1 1
+7 * 1 1
+7 * 1 1
+7 84 1
+3 * 1 0 0 1 0 0 1
+4 * 1
+3 2339 1
+2 * 1 0 1
cfi=(78)
cfn=(288)
calls=1 0xf560 207 
* * 260 74 38 1 8 1 1 0 0 40 14 1 1
+5 91 1
+2 * 1
+4 * 1
+3 +9 1
+3 * 1 0 1
+7 2342 1 0 1
cfi=(175)
cfn=(598)
calls=1 0x1cb70 30 
* * 514 118 45 11 14 0 11 3 0 54 22 4 4
+5 +1 1
+3 * 1 0 1
cfi=(7)
cfn=(604) __rtld_malloc_init_real
calls=1 0x1c9c0 76 
* * 3198 896 391 7 32 0 7 1 0 451 51 6 4
+5 +3 1
+3 * 1 0 1
cfi=(45)
cfn=(612) _dl_debug_post_relocate
calls=1 0x3590 46 
* * 706 208 87 3 9 0 2 1 0 104 11 1 1
+5 +4 1 1
+7 * 1 0 1
cfi=(78)
cfn=(464)
calls=1 0xf3f0 352 
* * 35 8 3 0 0 0 0 0 0 4 1
+5 +5 1 1 0 1 0 0 1
+7 * 1
+5 * 1 0 1
cfi=(179) /usr/src/debug/glibc/glibc/elf/dl-call-libc-early-init.c
cfn=(614) _dl_call_libc_early_init
calls=1 0x1f40 27 
* * 1668 215 225 32 63 39 30 39 38 229 37 23 23
+5 +7 1 0 1
cfi=(9)
cfn=(636) _dl_sysdep_start_cleanup
calls=1 0x1e620 147 
* * 2 1 0 1 0 0 1
+5 +4 1
+2 * 1 0 1
cfi=(45)
cfn=(212) _dl_debug_update
calls=1 0x3620 94 
* * 7 2 0 1 1 0 0 0 0 2 1
+5 +1 1
+2 * 1
+3 -1 1
+3 +1 1 0 1
cfi=(45)
cfn=(148)
calls=1 0x3670 104 
* * 11 2 1 2 0 0 0 0 0 2 2
+5 +1 1
+1 +3 1
+2 * 1
+2 * 1 0 1
cfi=(49)
cfn=(638) _dl_audit_activity_nsid
calls=1 0x19a70 41 
* * 8 3 0 2 0 0 1 0 0 1 1
+5 +4 1 0 1
cfi=(66)
cfn=(640)
calls=1 0x16230 508 
* * 19 5 4 2 1 0 2 0 0 2 1
+5 +5 1
+4 * 1 1 0 0 1
+1 * 1 1
+2 * 1 1 0 1
+2 * 1 1
+2 * 1 1
+2 * 1 1 0 0 1
+1 * 1 1
+1 225 1 0 0 1 0 0 1
+3 * 1 0 0 0 0 0 0 0 0 1
+6 -2 1 1
+7 * 1 1
+7 +2 1
+3 * 1 0 0 0 0 0 0 0 0 1 1
0x21f0a 2283 1 0 1 1 0 0 1
+7 +1 1 1
+4 -3 1
+3 * 1 0 0 0 0 0 0 0 0 1 1
+94 1765 1 1 0 1 1 0 1 1
+8 1290 1 1 0 1 1 0 1 1
+5 * 1 1
+5 * 1 0 1
+7 1765 1 0 0 0 0 0 0 0 0 1 1
fi=(3)
+99 56 1 0 0 1 0 0 1
+3 * 1
+3 * 1
+3 * 1
+3 * 1 0 0 1 0 0 1 0 0 1
+6 +3 1
+5 * 1
+3 * 1
+4 * 1 0 0 0 0 0 0 0 0 1 1
fe=(2)
0x220b0 1979 1 1 0 1 0 0 1
+7 -4 1 0 1
+11 +4 1
+3 * 1 0 0 0 0 0 0 0 0 1 1
+29 +14 1 1
+7 * 1
+2 * 1 1
+4 * 1
fi=(35) /usr/src/debug/glibc/glibc/elf/../sysdeps/unix/sysv/linux/dl-vdso.h
+5 40 1 0 0 1 0 0 1
+7 * 1 1 0 1 0 0 1
+7 +1 1
+4 * 1 0 1
+7 * 1
+3 * 1 0 0 0 0 0 0 0 0 1
fi=(36)
+6 -11 1 0 1
+11 +3 1 0 1
+11 +3 1 0 1
+11 +3 1 0 1 1 0 0 1
+11 +6 1 0 1
fi=(35)
+11 +10 1
+2 * 1
fi=(3)
0x225f7 +17 1 1 0 1 0 0 1
+7 * 1 1 0 1 0 0 1
+7 * 1 0 0 0 0 0 0 0 0 1
+6 +12 1 1
+4 * 1
+3 * 1 0 0 0 0 0 0 0 0 1 1
+6 +1 1 1
+7 * 1 1
+4 * 1
+3 * 1 0 0 0 0 0 0 0 0 1
+2 * 1 0 1
+4 +1 1 1
+7 * 1 1
+4 * 1
+3 * 1 0 0 0 0 0 0 0 0 1
+2 * 1 0 1
+4 +1 1 1 0 1 0 0 1
+7 * 1 1
+4 * 1
+3 * 1 0 0 0 0 0 0 0 0 1
+2 * 1 0 1
+4 +1 1 1
+7 * 1 1 0 0 1 0 0 1
+7 * 1
+3 * 1 0 0 0 0 0 0 0 0 1 1
+6 +1 1 1
+7 * 1 1
+7 * 1
+3 * 1 0 0 0 0 0 0 0 0 1
+2 * 1 0 1 1 0 0 1
+4 +1 1 1
+7 * 1 1
+7 * 1
+3 * 1 0 0 0 0 0 0 0 0 1
+2 * 1 0 1
+4 +1 1 1
+7 * 1 1
+7 * 1
+3 * 1 0 0 0 0 0 0 0 0 1
+2 * 1 0 1
+4 +12 1 1
+7 * 1 1
+4 +7 1 1 0 1 0 0 1
+7 -7 1
+3 * 1 0 0 0 0 0 0 0 0 1
+6 * 1 1
+4 * 1
+3 * 1 0 0 0 0 0 0 0 0 1
+2 * 1
+3 * 1 0 1
+4 +7 1
+3 * 1 0 0 0 0 0 0 0 0 1 1
fe=(2)
0x2287d 1755 1 1 0 1 0 0 1
+7 * 1 1
+3 * 1 0 1
+7 * 1
0x229e5 2019 1 0 0 1 0 0 1
+2 * 1 0 1
cfn=(260) init_tls
calls=1 0x1f5c0 735 
* * 963 126 399 25 7 40 25 5 40 364 36 5 3
+5 * 1 0 1
+7 * 1
fi=(3)
0x22c03 62 1 0 0 1 0 0 1
+5 * 1
+3 * 1
+4 * 1 0 0 0 0 0 0 0 0 1
+6 +2 1
+5 * 1
+3 * 1
+3 * 1
fe=(2)
0x22cd3 2635 1 1 0 1 0 0 1
+7 * 1 0 0 0 0 0 0 0 0 1
+6 +2 1
+4 * 1 0 1
+4 +1 1
0x22f5f 84 1 0 0 1 0 0 1
+2 1827 1 1
+7 * 1 1
+4 84 1
+4 * 1
+3 * 1
+3 1827 1
+7 * 1 0 1 1 0 0 1
cfn=(154)
calls=1 0x1fd70 853 
* * 3002 721 370 122 39 44 122 39 44 486 172 9 3
+6 * 1
+3 91 1
+2 * 1
+4 * 1
+3 +9 1
+3 * 1 0 1
+7 * 1
+5 1928 1
+3 * 1
+3 * 1
+8 * 1
+4 * 1
+4 * 1
+3 * 1
+7 * 1 0 0 1 0 0 1
+3 * 1
+3 * 1 0 0 0 0 0 0 0 0 1 1
0x23114 * 1 0 0 1 0 0 1
+5 * 1
+3 * 1
+3 * 1 0 0 0 0 0 0 0 0 1
+2 * 1 0 1
+6 * 1
+5 +1 1
+2 -1 1
+4 +4 1
+2 * 1
+3 * 1 0 1
+4 +1 1 1
+4 +1 1 0 0 1 0 0 1
+3 * 1 0 0 0 0 0 0 0 0 1
+2 +1 1
+3 * 1 0 0 0 0 0 0 0 0 1
+6 -7 1
+3 * 1

fn=(252) version_check_doit
0x1f320 675 1 0 0 1 0 0 1
+4 * 1 0 1
+1 +2 1
+5 -2 1
+3 * 1 0 1
+1 * 1
+3 * 1
+4 +2 1 1
+3 * 1 1
+7 * 1 0 1 1 0 0 1
cfi=(72)
cfn=(254)
calls=1 0x15670 399 
* * 29065 8668 1681 51 136 79 51 130 78 6082 435 90 59
+5 * 1
+2 * 1 0 0 0 0 0 0 0 0 1 1
+8 +4 1 1
+4 * 1 1
+1 * 1 1

fn=(260)
0x1f5c0 735 1 0 1 1 0 0 1
+1 +6 1 1
+8 -6 1
+3 * 1 0 1
+2 * 1 0 1
+1 +2 1 1
+7 * 1 0 1
+7 +4 1 0 0 0 0 0 0 0 0 1
fi=(28)
+6 44 1
fe=(2)
+3 752 1
fi=(28)
+4 44 1
fe=(2)
+5 747 1
+4 +4 1
fi=(28)
+4 44 1 1 1 0 0 0 0 0 0 0 0 1 1
cfi=(27)
cfn=(74)
calls=1 0xc780 +36 
* * 29 4 3 0 0 0 0 0 0 4 3 1
fe=(2)
+6 760 1
+3 -10 1 0 1 1 0 0 1
+7 -3 1 0 1
+3 +10 1 0 1
+8 +3 1 0 1
cfi=(46)
cfn=(264) _dl_tls_static_surplus_init
calls=1 0x13130 131 
* * 73 15 10 3 3 0 3 3 0 7
+5 +3 1 0 1
cfi=(46)
cfn=(266) _dl_determine_tlsoffset
calls=1 0x13330 249 
* * 234 41 16 9 4 0 9 2 0 27 12
+5 +7 1 0 1
cfi=(46)
cfn=(270) _dl_allocate_tls_storage
calls=1 0x13540 515 
* * 491 41 332 4 0 39 4 0 39 316 17 3 2
+5 * 1
+3 +1 1
+3 * 1 0 0 0 0 0 0 0 0 1
+2 +6 1 1
fi=(75) /usr/src/debug/glibc/glibc/elf/../sysdeps/generic/dl-call_tls_init_tp.h
+4 31 1
+5 * 1
fe=(2)
+3 777 1 0 1
fi=(75)
+7 31 1 0 0 1 0 0 1
+5 * 1 0 1
+3 * 1 0 1
+4 * 1
+2 * 1
+2 * 1 0 0 0 0 0 0 0 0 1
+2 +2 1 0 1
cfi=(24)
cfn=(278) __tls_init_tp
calls=1 0x13f80 +36 
* * 95 17 22 6 0 1 6 0 1 7 4
fe=(2)
+5 784 1
+3 -3 1 0 1
+7 +3 1 1
+1 * 1 1
+2 * 1 1
+1 * 1 1

fn=(166) map_doit
0x1ec80 642 1 0 0 1 0 0 1
+4 * 1 0 1
+1 +2 1
+2 -2 1
+3 * 1 0 1
+1 * 1
+3 * 1
+4 +2 1 1
+4 +1 1 1
+3 * 1 1
+4 -1 1
+7 * 1
+3 +1 1
+3 * 1
+2 * 1 0 1 0 0 1 0 0 1
cfi=(30)
cfn=(168)
calls=1 0xa840 2189 
* * 2544 554 291 97 35 34 97 35 34 450 156 8 2
+5 * 1 0 1
+4 +2 1 1
+4 * 1 1
+1 * 1 1

fl=(43) /usr/src/debug/glibc/glibc/string/../sysdeps/x86_64/multiarch/../multiarch/memcmp-sse2.S
fn=(130) bcmp
0x259e0 59 1 0 0 1 0 0 1
+4 +12 1
+4 +1 1 0 0 0 0 0 0 0 0 1
+6 +22 1
+3 +1 1 0 0 0 0 0 0 0 0 1 1
+47 +45 1 1 0 1 0 0 1
+3 +1 1 1
+3 +2 1
+3 +1 1 0 0 0 0 0 0 0 0 1
+2 +2 1 1
+5 +1 1 1
+5 +2 1
+3 +1 1 0 0 0 0 0 0 0 0 1 1
+24 +47 1 0 0 1 0 0 1
+3 +1 1
+3 +1 1
+3 +1 1
+2 +1 1
+3 +1 1 1

fl=(42) /usr/src/debug/glibc/glibc/string/../sysdeps/x86_64/multiarch/../multiarch/strchr-sse2.S
fn=(126) index
0x26650 32 28 0 0 1 0 0 1
+4 +1 28
+4 +1 28
+2 +1 28
+5 +1 28
+4 +1 28
+5 +1 28
+4 +1 28
+5 +1 28 0 0 0 0 0 0 0 0 28
+6 +1 28 28 0 0 2 0 0 2
+4 +1 28
+4 +1 28 0 0 1 0 0 1
+4 +1 28
+4 +1 28
+4 +1 28
+4 +1 28
+4 +1 28
+2 +1 28 0 0 0 0 0 0 0 0 28 5
+2 +1 23
+3 +4 23
+5 +1 23
+4 +1 23 23
+3 +1 23
+4 +2 23 23
+6 +4 5 5
+5 +1 5
+4 +1 5
+4 +1 5 0 0 1 0 0 1
+4 +1 5
+4 +1 5
+4 +1 5 5 0 0 3 0 0 3
+5 +1 5
+4 +1 5
+4 +1 5
+4 +1 5
+4 +1 5
+4 +1 5
+4 +1 5 5
+5 +1 5
+4 +1 5
+4 +1 5
+4 +1 5
+3 +1 5
+4 +1 5 0 0 1 0 0 1
+4 +1 5
+4 +1 5
+3 +1 5
+3 +1 5 0 0 0 0 0 0 0 0 5 4
0x267c0 +52 5 0 0 1 0 0 1
+4 +4 5
+5 +1 5
+4 +1 5 5
+3 +1 5
+4 +2 5 5

fl=(46)
fn=(274) allocate_dtv
0x12dc0 458 1 0 1 1 0 0 1
fi=(28)
+1 44 1
fe=(46)
+5 458 1
+3 * 1 0 1
+2 * 1
+3 * 1 0 1
+1 +5 1 1
+7 +5 1
fi=(28)
+4 44 1 1 1 0 0 0 0 0 0 0 0 1 1
cfi=(27)
cfn=(74)
calls=1 0xc780 +36 
* * 116 22 18 0 0 0 0 0 0 12 7 1
fe=(46)
+6 469 1
+3 * 1 0 0 0 0 0 0 0 0 1
+2 -2 1
+4 +11 1
+4 -11 1 0 1 0 0 1 0 0 1
+4 +11 1 0 1
+5 * 1
+3 +6 1 1
+1 * 1 1
+2 * 1 1
+1 * 1 1

fn=(586)
0x13620 608 1 0 0 1 0 0 1
+4 * 1 0 1
+1 * 1
+3 * 1 0 1
+2 * 1 0 1
+2 * 1 0 1
+2 * 1 0 1
+2 * 1 0 1
+1 * 1
+4 * 1 0 1
+4 * 1 0 1
+3 +1 1
+3 * 1 0 0 1 0 0 1 0 0 1
+6 +4 1 1 0 0 1
+4 +9 1
+7 -3 1
+7 -6 1 0 1
+4 +6 1 1 1 0 0 0 0 0 0 0 0 1 1
cfi=(24)
cfn=(88)
calls=1 0x13f20 43 
* * 3 1
+6 +3 1 1
+7 * 1 1 0 0 1
+4 * 1 0 0 0 0 0 0 0 0 1
+6 +36 1 1
+7 -43 1
+2 +43 1
+3 * 1
+2 -19 1 0 0 1 0 0 1
+3 * 1
+3 * 1
+4 * 1 1
+3 * 1 0 0 0 0 0 0 0 0 1
+6 * 1
+3 * 1
+3 * 1
+3 * 1 0 1
+4 * 1
+3 * 1
+3 * 1
+10 +9 3
+3 * 3
+4 * 3 3
+5 +1 3
+3 * 3 0 0 1 0 0 1 0 0 3
+6 +6 3 3
+5 * 3 3
+7 * 3 0 0 0 0 0 0 0 0 3
+6 +3 3 3 0 0 2
+7 -2 3
+3 +6 3 3
+7 -6 3
+4 +2 3 3 0 0 1
+8 * 3
+3 +4 3
+4 -4 3
+4 * 3 3 0 1 0 0 1
+4 * 3 0 3 0 0 1 0 0 1
+3 +3 3
+4 * 3 0 0 0 0 0 0 0 0 3
+6 +4 3
+3 * 3 0 0 0 0 0 0 0 0 3
+6 +1 3 3
+7 * 3 3 0 0 1
+7 * 3
+3 * 3 0 0 0 0 0 0 0 0 3
+6 +2 3
+3 * 3 0 0 0 0 0 0 0 0 3
+6 +1 3 3
+4 * 3
+3 +9 3 0 3 1 0 0 1
+3 +10 3 3
+5 * 3 0 0 0 0 0 0 0 0 3 2
+8 * 3 0 3
+4 +2 3 3
+7 * 3 0 3
+4 * 3 0 3
+4 * 3 0 3
cfi=(29)
cfn=(136) mempcpy
calls=3 0x25cb0 197 
* * 47 7 4 1 2 1 0 0 1 12 5
+6 * 3 3
+4 * 3 3
+4 * 3
+2 * 3
+3 * 3
+3 * 3 0 3
cfi=(44) /usr/src/debug/glibc/glibc/string/../sysdeps/x86_64/multiarch/../multiarch/memset-vec-unaligned-erms.S
cfn=(140) memset
calls=3 0x25eb0 137 
* * 52 3 12 1 0 2 0 0 2 8 4
+6 +3 3 3
+4 * 3 3
+4 * 3 0 0 0 0 0 0 0 0 3 1
+2 +1 3 0 3
+7 +4 3 3
+7 -59 3
+4 * 3
+4 * 3 3
+3 * 3 0 0 0 0 0 0 0 0 3
+2 +6 4 0 0 1 0 0 1
+3 * 4 0 0 0 0 0 0 0 0 4 3
+6 +59 1
+7 * 1 1 1 0 0 0 0 0 0 0 0 1 1
cfi=(24)
cfn=(88)
calls=1 0x13f20 43 
* * 3 1
+6 +3 1 1
+4 * 1 0 1 1 0 0 1
+3 +3 1 1
+4 * 1
+4 * 1 1
+1 * 1 1
+2 * 1 1
+2 * 1 1
+2 * 1 1
+2 * 1 1
+1 * 1 1

fn=(264)
0x13130 131 1 0 0 1 0 0 1
+4 * 1 0 1
+1 +3 1
+2 -3 1
+3 * 1 0 1
+2 * 1 0 1
+2 +3 1 0 0 1 0 0 1
+4 -3 1
+3 +3 1
+5 -3 1 0 1
+1 * 1
+4 +3 1 0 1
cfi=(11)
cfn=(28)
calls=1 0x14cf0 438 
* * 17 4 1 0 2 0 0 2 0 3
+5 * 1 1
+4 +1 1
+2 * 1
+4 * 1
+5 * 1 0 1
cfi=(11)
cfn=(28)
calls=1 0x14cf0 438 
* * 17 4 1 0 1 0 0 1 0 3
+5 +1 1
+5 +2 1
+5 -3 1 1
+4 +1 1
+3 * 1
+4 +2 1
+3 * 1 0 0 1 0 0 1
+3 * 1 0 0 0 0 0 0 0 0 1
+2 +3 1
+3 +2 1 0 1
+7 -26 1
+4 * 1
+3 * 1
+3 +28 1
+7 * 1
+2 * 1 0 1
+7 +1 1
+4 * 1 1
+1 * 1 1
+2 * 1 1
+2 * 1 1
+1 * 1 1

fn=(584)
0x13bf0 1130 1 0 0 1 0 0 1
+4 +1 1 1
+7 +3 1
+5 * 1 1 0 1 0 0 1
+3 * 1
+4 * 1 0 0 0 0 0 0 0 0 1
+9 +6 3 3
+7 * 3 0 0 0 0 0 0 0 0 3
+2 -6 3
+4 * 3
+3 * 3 0 0 0 0 0 0 0 0 3
+2 +2 4
+3 * 4
+4 * 4 4 0 0 1
+5 +1 4
+3 * 4 0 0 0 0 0 0 0 0 4 3
+2 +6 1 0 1 0 0 1
+7 +1 1 1

fn=(144)
0x132c0 226 1 0 0 1 0 0 1
+4 +2 1 1
+7 * 1 0 0 0 0 0 0 0 0 1
+2 +1 1 1 0 0 1 0 0 1
+7 +15 1
+3 * 1 1

fn=(270)
0x13540 515 1 0 0 1 0 0 1
+4 * 1 0 1
+1 * 1
+3 * 1 0 1
+2 * 1 0 1
+1 * 1
fi=(74) /usr/src/debug/glibc/glibc/elf/./dl-tls_block_align.h
+4 23 1 1
fe=(46)
+7 +74 1 1 1 0 0 0 0 0 0 1
+8 521 1 1
+7 * 1
fi=(28)
+5 56 1 1 1 0 0 0 0 0 0 0 0 1 1
cfi=(27)
cfn=(78)
calls=1 0xc630 -20 
* * 18 3 3 0 0 0 0 0 0 3
fe=(46)
+6 523 1
+3 * 1 0 0 0 0 0 0 0 0 1
fi=(74)
+6 41 1 1
+7 * 1 0 0 1 0 0 1
+3 +6 1
+2 * 1
+5 * 1
+3 * 1
+3 +5 1
+2 -5 1
+3 +1 1
+8 +4 1
+4 * 1
+3 * 1 0 1 0 0 1 0 0 1
+7 * 1 0 1 0 0 1 0 0 1
+11 * 1
+4 * 1
+3 * 1 0 0 1 0 0 1
+6 * 1
+3 * 1 0 1 0 0 0 0 0 0 1 1
* * 295 0 294 0 0 35 0 0 35 295 9
fe=(46)
+3 533 1 0 1 0 0 1 0 0 1
+7 +2 1
+3 * 1 0 1
cfn=(274)
calls=1 0x12dc0 -77 
* * 136 28 24 1 0 1 1 0 1 13 7 2 1
+5 +1 1
+3 * 1 0 0 0 0 0 0 0 0 1
+2 103 1 1 1 0 0 0 0 0 0 1
+8 541 1
+4 * 1 1
+1 * 1 1
+2 * 1 1
+1 * 1 1

fn=(238) _dl_assign_tls_modid
0x131d0 159 3 0 0 1 0 0 1
+4 +3 3 3
+7 * 3 3
+7 -3 3 0 3
+1 * 3
+3 +3 3 0 0 0 0 0 0 0 0 3
+2 +53 3
+4 +2 3 0 3
+7 +3 3 0 3
+7 +1 3 3
+1 * 3 3

fn=(266)
0x13330 249 1 0 0 1 0 0 1
+4 * 1 0 1
+1 * 1
+3 * 1 0 1
+2 * 1 0 1
+2 * 1 0 1
+2 * 1 0 1
+1 +35 1 0 0 1 0 0 1
+2 -35 1
+4 +37 1 1
+7 * 1
+3 * 1 0 0 0 0 0 0 0 0 1 1
+6 -34 1
+3 -1 1
+3 -1 1
+6 * 1
+7 +63 3
+4 * 3
+2 * 3
+3 +3 3
+3 -3 3
+3 * 3
+3 * 3
+3 * 3
+3 * 3
+4 +5 3
+3 +7 3 0 3
+7 -7 3
+3 * 3
+3 * 3
+4 * 3
+4 +3 3
+3 -34 3 3
+4 -1 3
+3 * 3 0 0 0 0 0 0 0 0 3
-7 +1 4 4
+4 -1 4
+3 * 4 0 0 0 0 0 0 0 0 4 1
+2 +3 7 7 0 1 2 0 1
+7 * 7
+3 * 7 0 0 0 0 0 0 0 0 7 4
+2 +4 3 3
+7 -1 3 3 0 1 0 0 1
+7 +5 3
+3 -5 3
+3 +1 3
+4 -1 3
+3 +3 3
+3 * 3
+4 +2 3
+3 * 3
+3 * 3 0 0 0 0 0 0 0 0 3 2
fi=(73) /usr/src/debug/glibc/glibc/elf/../sysdeps/unix/sysv/linux/dl-extra_tls.h
+68 32 1 0 0 1 0 0 1
+2 * 1
+4 * 1
+5 +12 1
+6 -12 1 0 1
cfi=(11)
cfn=(28)
calls=1 0x14cf0 438 
* * 18 4 1 0 2 0 0 2 0 3 1
+5 +1 1 1
+3 * 1
+2 * 1 0 0 0 0 0 0 0 0 1
+2 +4 1 1 0 1 0 0 1
+6 * 1
+5 * 1 1
+7 * 1
+2 * 1
+3 * 1
+2 * 1
+5 * 1
+3 * 1
+3 * 1
+3 +14 1
+2 * 1
+4 * 1
+5 * 1 0 1
cfi=(11)
cfn=(28)
calls=1 0x14cf0 438 
* * 18 4 1 0 0 0 0 0 0 3 2
+5 +1 1 1
+3 * 1
+2 * 1 0 0 0 0 0 0 0 0 1 1
fe=(46)
+19 348 1 0 0 1 0 0 1
+5 * 1
+2 * 1
+3 * 1
+3 * 1
+3 * 1
+3 +14 1
+2 +91 1 0 1
+7 -94 1
+3 +2 1 0 1
+7 -2 1
+3 * 1 0 1
+7 +3 1 1
+7 * 1
+5 * 1
+3 * 1
+3 * 1
+3 * 1
+3 +2 1
+7 * 1 0 1
+7 +90 1
+4 * 1 1
+1 * 1 1
+2 * 1 1
+2 * 1 1
+2 * 1 1
+1 * 1 1
fi=(73)
+2 54 1 1 0 1 0 0 1
fe=(46)
+7 342 1
+3 * 1
+3 * 1 0 0 1 0 0 1
+4 +6 1
+3 * 1 0 0 0 0 0 0 0 0 1
+2 * 1

fn=(468)
0x13c40 1169 3 0 0 1 0 0 1
+4 +1 3 3
+8 * 3 0 0 0 0 0 0 0 0 3
+2 * 3
+3 * 3 3
+7 * 3 0 0 0 0 0 0 0 0 3
+2 -1 3 0 3
+1 * 3
+3 * 3
+3 * 3
+4 +9 3 3
+7 +3 3 3 0 0 1
+7 +1 3
+28 +4 3 3 0 1 1 0 1
+3 * 3
+3 * 3 0 0 0 0 0 0 0 0 3
+2 +36 3
+3 * 3 0 0 0 0 0 0 0 0 3 2
+22 +3 3
+4 * 3 0 3 0 0 1 0 0 1
+5 +1 3 3
+7 * 3 0 0 1 0 0 1
+4 * 3 0 3
+5 +5 3
+5 -3 3 0 3
+8 +4 3 3
+1 * 3 3

fl=(53)
fn=(576)
0xc9b0 85 2
+4 +38 2
+7 -1 2
+4 +3 2 0 0 1 0 0 1
+65 +2 10
+3 * 10
+3 * 10
+3 * 10
+4 * 10
+4 * 10
+3 * 10
+3 * 10
+4 +1 10 10 0 0 4 0 0 2
+2 * 10
+3 * 10 0 0 0 0 0 0 0 0 10 3
+2 +3 7
+3 -6 7
+3 * 7 0 0 0 0 0 0 0 0 7 7
-3 * 5 0 0 1 0 0 1
+3 * 5 0 0 0 0 0 0 0 0 5 4
+2 +18 2 2
+2 +1 2 2
+4 -15 3
+4 * 3

fn=(172)
0xc950 68 133 0 0 1 0 0 1
+4 * 133 0 133
+1 * 133
+3 * 133 0 133 0 0 1 0 0 1
+2 * 133
+3 * 133 0 133
+1 * 133
+3 +1 133 133
+4 * 133 0 133
cfi=(33)
cfn=(100)
calls=133 0x26880 +29 
* * 4064 898 0 4 0 0 4 0 0 480 80 33 26
+5 * 133
+2 +1 133
+5 -1 133 0 0 0 0 0 0 0 0 133
+2 +3 133 133
+4 +2 133
+3 * 133 0 0 0 0 0 0 0 0 133 14
+6 +4 129 129
+4 -4 129
+3 * 129 0 0 0 0 0 0 0 0 129 26
+2 +1 151 151 0 1 0 0 1
+3 * 151
+3 * 151 0 151
cfi=(33)
cfn=(100)
calls=151 0x26880 +23 
* * 5634 1039 0 10 1 0 10 1 0 644 141 74 37
+5 * 151
+2 * 151 0 0 0 0 0 0 0 0 151 29
+2 -5 22
+5 +11 22 22
+1 * 22 22
+2 * 22 22
+1 * 22 22
+7 * 111 111
+1 -1 111
+2 +1 111 111
+2 * 111 111
+1 * 111 111

fn=(226)
0xc880 36 1 0 0 1 0 0 1
+4 * 1 0 1
+1 +3 1
+2 -3 1
+3 * 1 0 1 0 0 1 0 0 1
+2 * 1
+3 * 1 0 1
+1 * 1
+3 +3 1
+5 -3 1
+7 +3 1 0 1 0 0 1 0 0 1
cfi=(55) /usr/src/debug/glibc/glibc/io/../sysdeps/unix/sysv/linux/open64_nocancel.c
cfn=(186) __open_nocancel
calls=1 0x24bb0 -11 
* * 21 2 2 0 0 1 0 0 1 3
+5 +1 1
+7 * 1
+2 * 1 0 0 0 0 0 0 0 0 1 1
+19 +2 1 0 0 1 0 0 1
+7 * 1
+2 * 1 0 1
+6 * 1 0 1
cfi=(58)
cfn=(194)
calls=1 0x24950 -12 
* * 6 1 0 0 0 0 0 0 0 1
+5 * 1 1
+7 * 1
+2 * 1 0 0 0 0 0 0 0 0 1
+2 +2 1 1 0 0 1 0 0 1
+4 * 1 0 1
+3 +3 1
+3 * 1 0 0 0 0 0 0 0 0 1 1
+9 +13 1
+3 * 1 0 1
+7 * 1 0 1
cfi=(63) /usr/src/debug/glibc/glibc/io/../sysdeps/unix/sysv/linux/close_nocancel.c
cfn=(206) __GI___close_nocancel
calls=1 0x24a80 -35 
* * 6 1 0 0 0 0 0 0 0 1
+5 * 1 1
+7 +3 1
+7 * 1 1
+1 * 1 1
+2 * 1
+3 * 1 1
+1 * 1 1
+10 -14 1 0 0 1 0 0 1
+3 * 1
+3 * 1
+5 * 1
+2 * 1 0 1
+7 * 1 0 1
cfi=(60)
cfn=(198)
calls=1 0x24dd0 -2 
* * 26 4 3 0 0 0 0 0 0 4 2
+5 * 1 1
+7 * 1
+3 * 1

fl=(276)
fn=(1012)
0x11e30 46 24 0 0 2
+4 * 24 0 24
+1 +2 24
+2 -2 24
+3 * 24 0 24
+2 * 24 0 24
+2 * 24 0 24
+2 * 24 0 24 1 0 0 1
+2 +9 24
+3 -9 24 0 24
+1 * 24
fi=(399) /usr/src/debug/glibc/glibc/elf/../sysdeps/x86_64/dl-runtime.h
+3 -18 24
fe=(276)
+4 +18 24
+4 +2 24 24 0 0 2
+4 * 24 24 0 0 2
+3 * 24 24 0 0 2
+7 * 24 24 0 0 3
+4 * 24
+4 * 24
+4 * 24
+4 +1 24 24
+4 * 24 24
+4 +5 24 24 0 0 2
+7 +1 24 24 0 1 3 0 1
+4 * 24
+4 * 24
+3 +1 24 24 0 0 9
+4 +2 24 24 0 0 2
+4 -2 24
+3 * 24
+4 * 24
+4 * 24
+3 * 24
+4 * 24 0 24 0 0 3
+4 +7 24
+4 * 24 0 0 0 0 0 0 0 0 24 2
+6 +4 24 24 0 0 18 0 0 12
+4 * 24 0 0 0 0 0 0 0 0 24 1
+6 +4 24 24 0 1 3 0 1
+7 -22 24
+3 +20 24
+3 +2 24
+3 * 24 0 0 0 0 0 0 0 0 24 1
+2 +4 24
+3 * 24 24 0 0 3
+4 * 24 24 0 0 6
+3 +1 24
+6 * 24
+4 * 24 24 0 0 2
+7 * 24
+4 -7 24
+2 * 24 24 0 0 6
+4 * 24
+3 * 24
+4 +16 24 24 0 1 0 0 1
+8 -1 24
+5 +1 24
+2 * 24 0 0 0 0 0 0 0 0 24 19
+19 +10 24 24 0 0 2
+7 * 24 24
+2 * 24 0 24
+2 * 24
+6 * 24 0 24
+1 * 24
+3 * 24
+4 * 24
+3 * 24 0 24
cfi=(79)
cfn=(296)
calls=24 0xb780 769 
* * 18790 4680 1705 75 269 37 1 12 1 2643 194 23 19
+5 * 24
+3 +4 24 24 0 2 0 0 1
+8 * 24 24
+2 * 24 24
+2 * 24
+2 * 24 0 0 0 0 0 0 0 0 24
+6 +10 24 24
+4 * 24
+3 * 24 0 0 0 0 0 0 0 0 24
+6 * 24 24
+5 * 24 0 0 0 0 0 0 0 0 24
+6 * 24
+3 * 24 0 0 0 0 0 0 0 0 24
+6 * 24 24
+3 * 24 24
+4 * 24 0 24
+4 +15 24 24 0 1 0 0 1
+4 * 24
+3 * 24
+2 * 24 0 0 0 0 0 0 0 0 24 4
+6 +9 24 24
+7 * 24
+3 * 24 0 0 0 0 0 0 0 0 24 5
+30 +26 24 24
+6 * 24
+2 * 24 0 0 0 0 0 0 0 0 24
fi=(6)
+2 +64 24 0 24 1 0 0 1
fe=(276)
+4 -60 24
+4 * 24 24
+1 * 24 24
+2 * 24 24
+2 * 24 24
+2 * 24 24
+2 * 24 24
+1 * 24 24
0x12038 -1 24 24 0 1 0 0 1
+4 * 24 0 0 1 0 0 1
0x120c0 -39 2 0 2 1 0 0 1
fi=(400) /usr/src/debug/glibc/glibc/elf/../sysdeps/x86_64/dl-irel.h
+4 -91 2 0 2 0 0 0 0 0 0 0 0 2 2
cob=(2)
cfi=(102)
cfn=(352)
calls=1 0xab660 -3 
* * 22 4 0 4 0 0 0 0 0 6 3
cob=(2)
cfi=(135)
cfn=(446)
calls=1 0xaed40 -3 
* * 25 5 0 2 2 0 0 0 0 5 1
fe=(276)
+2 +93 2 2
+4 * 2 0 2
+4 * 2

fl=(44)
fn=(140)
0x25eb0 137 10 0 0 1 0 0 1
+4 +1 10
+4 * 10
+3 * 10
+4 * 10 0 0 1 0 0 1
+4 * 10
+5 +5 10
+4 +1 10 0 0 0 0 0 0 0 0 10 5
+6 +3 7
+4 +1 7 0 0 0 0 0 0 0 0 7 3
+2 +2 2 0 2 0 0 2 0 0 2
+5 +1 2 0 2
+3 +1 2 2
+10 +84 5 0 5 0 0 5 0 0 5
+3 +1 5 0 5
+4 +12 5
+3 +3 5
+4 +1 5 0 0 0 0 0 0 0 0 5
+2 +12 5 0 5 0 0 2 0 0 2
+4 +1 5 0 5 1 0 2 1 0 2
+4 +13 5
+4 +1 5
+7 +2 5 0 0 0 0 0 0 0 0 5 1
+2 +3 4
+4 +3 4
+4 * 4
+9 +3 4 0 4
+3 +1 4 0 4
+4 +1 4 0 4 0 0 1 0 0 1
+4 +1 4 0 4 0 0 1 0 0 1
+4 +1 4
+4 +1 4
+3 +1 4 0 0 0 0 0 0 0 0 4 2
-22 -6 96 0 96 0 0 39 0 0 39
+3 +1 96 0 96
+4 +1 96 0 96 0 0 55 0 0 55
+4 +1 96 0 96 0 0 2 0 0 2
+4 +1 96
+4 +1 96
+3 +1 96 0 0 0 0 0 0 0 0 96 17
+2 +3 5 0 5 0 0 1 0 0 1
+3 +1 5 0 5 0 0 1 0 0 1
+4 +1 5 0 5
+4 +1 5 0 5 0 0 1 0 0 1
+4 +5 5 5
+9 +46 3 0 0 2 0 0 1
+5 +2 3
+3 +1 3 0 0 0 0 0 0 0 0 3 3
+24 +39 3 0 3 0 0 1 0 0 1
+3 +1 3 0 3
+5 +2 3 3

fl=(38) /usr/src/debug/glibc/glibc/elf/dl-hwcaps.c
fn=(114) _dl_important_hwcaps
0x1bf80 171 1 0 0 1 0 0 1
+4 * 1 0 1
+1 * 1
+3 * 1 0 1
+2 * 1
+3 * 1 0 1
+2 * 1
+4 * 1 0 1
+2 +3 1
+3 -3 1 0 1
+2 +3 1
+3 -3 1 0 1
+1 * 1
+3 * 1
+7 * 1 0 1 0 0 1 0 0 1
+4 * 1 0 1
+4 * 1 0 1
+7 +2 1 0 1 0 0 1 0 0 1
cfi=(39) /usr/src/debug/glibc/glibc/elf/../sysdeps/x86_64/dl-hwcaps-subdirs.c
cfn=(116) _dl_hwcaps_subdirs_active
calls=1 0x1c310 29 
* * 36 6 0 3 0 0 3 0 0 7 1
fi=(40) /usr/src/debug/glibc/glibc/elf/./dl-hwcaps.h
+5 43 1 0 1
fe=(38)
+4 173 1 0 1 1 0 0 1
fi=(40)
+3 45 1 0 1
+8 +32 1 0 1
+7 +1 1 0 1
+8 +1 1
fe=(38)
+24 -28 1
+3 * 1 0 1
cfi=(41) /usr/src/debug/glibc/glibc/elf/dl-hwcaps_split.c
cfn=(122) _dl_hwcaps_split_masked
calls=1 0x1c510 * 
* * 20 5 3 3 0 1 3 0 1 2 2
+5 * 1
+2 * 1 0 0 0 0 0 0 0 0 1
fi=(40)
+2 -8 1 0 0 1 0 0 1
+7 +2 1 0 1
+8 -2 1 0 1
+4 +34 1 1
+3 * 1 0 1
+3 +1 1 1
+4 * 1 0 1
+4 +1 1
fe=(38)
+9 -25 2 2
+4 -1 2
+4 +1 2
+3 +2 2
+3 * 2
+4 -5 2
+3 * 2 0 2
cfi=(41)
cfn=(122)
calls=2 0x1c510 * 
* * 140 28 17 0 0 0 0 0 0 17 5
-3 * 1
+3 * 1 0 1 1 0 0 1
cfi=(41)
cfn=(122)
calls=1 0x1c510 * 
* * 158 30 20 5 1 0 5 1 0 19 3
+5 * 3
+2 * 3 0 0 0 0 0 0 0 0 3 2
+2 +48 1
+3 * 1 0 1
+4 * 1
+4 * 1 0 1
fi=(28)
+7 -43 1
+3 * 1 1 1 0 0 0 0 0 0 0 0 1 1
cfi=(27)
cfn=(78)
calls=1 0xc630 -20 
* * 18 3 3 0 0 0 0 0 0 3 1
fe=(38)
+6 +45 1 1
+4 * 1
+3 -2 1 0 1
+7 +2 1 0 0 0 0 0 0 0 0 1
fi=(40)
+6 -58 1 0 1
+4 * 1
+3 * 1
fe=(38)
+2 +61 1 0 1 1 0 0 1
fi=(40)
+7 -59 1 0 1
+8 * 1 0 1
+4 +1 1
fe=(38)
+45 +65 1 0 0 1 0 0 1
+3 * 1 0 1
cfi=(41)
cfn=(124) _dl_hwcaps_split
calls=1 0x1c3a0 -86 
* * 7 2 0 0 0 0 0 0 0 1 1
+5 * 1
+2 * 1 0 0 0 0 0 0 0 0 1
fi=(40)
+2 -68 1
+3 * 1
+3 +2 1 0 1
+8 -2 1
+3 * 1
+7 * 1 0 1
+4 +34 1 1
+3 * 1 0 1
+3 +1 1 1
+4 * 1 0 1
+4 * 1
+3 * 1
+3 * 1
+3 +1 1
fe=(38)
+3 +47 2 2
+4 * 2
+3 * 2
+4 * 2 2
+7 * 2 0 2
+3 +1 2 2
+4 * 2 0 2
+3 +1 2
+3 +1 2
+4 -1 2 0 2
+3 -4 2
+3 * 2 0 2
cfi=(41)
cfn=(122)
calls=2 0x1c510 -73 
* * 140 28 17 0 0 0 0 0 0 17 5
-3 * 1 0 0 1 0 0 1
+3 * 1 0 1
cfi=(41)
cfn=(122)
calls=1 0x1c510 -73 
* * 158 30 20 0 0 0 0 0 0 19 3
+5 * 3
+2 * 3 0 0 0 0 0 0 0 0 3 2
+2 +8 1
+3 * 1 1
+4 * 1
+3 * 1 0 0 1 0 0 1 0 0 1
+6 +9 1 1
+7 * 1
+4 * 1 0 0 0 0 0 0 0 0 1
+6 +3 1 1
+7 * 1 0 1
+7 * 1
+5 * 1 0 1
+7 * 1 0 1
+4 * 1 0 1
+4 * 1 0 1
+7 * 1 0 1 1 0 0 1
+7 * 1 0 1
+7 * 1
+6 -2 1 1
+4 * 1
+3 * 1 0 1
+4 * 1
+3 * 1
+4 * 1
+4 * 1
+10 +8 1 1
+4 * 1 1
+4 +4 1 1
+4 * 1 1
+3 -4 1 0 0 1 0 0 1
+3 * 1
+3 +4 1
+4 * 1
+3 * 1 0 1
cfi=(43)
cfn=(130)
calls=1 0x259e0 -95 
* * 19 5 0 3 0 0 3 0 0 4 2
+5 +1 1
+2 * 1 0 0 0 0 0 0 0 0 1
+2 +1 1 0 0 0 0 0 0 0 0 1 1
+7 +4 1 1
+5 +1 1 1
+4 * 1
+5 +1 1 0 1
+3 -20 1
+4 * 1
+4 +19 1 0 1
+3 +1 1 0 1
+5 -20 1 0 0 1 0 0 1
+4 * 1 0 0 0 0 0 0 0 0 1
+2 * 1 1
+4 -1 1
+4 * 1 1
+4 * 1 0 0 0 0 0 0 0 0 1
+6 * 1 1
+7 * 1 1
+7 * 1 1
+7 * 1 1
+7 * 1 1
+7 +47 1 1
+4 * 1 0 0 1 0 0 1
+5 * 1 0 1
+4 * 1 0 1 0 0 1 0 0 1
+3 -3 1
+4 +7 1 1
+7 -7 1
+3 +7 1
fi=(28)
+5 56 1 1 1 0 0 0 0 0 0 0 0 1
cfi=(27)
cfn=(78)
calls=1 0xc630 -20 
* * 18 3 3 0 0 0 0 0 0 3 1
+6 * 1
fe=(38)
+3 193 1
+3 * 1 0 0 0 0 0 0 0 0 1
+6 +8 1 1
+4 +1 1
+3 * 1
+3 * 1
+2 * 1
+5 * 1 0 1 1 0 0 1
+4 -1 1 1
+3 * 1
+4 * 1
+3 +1 1 0 1
+4 * 1 0 1
cfn=(134) copy_hwcaps
calls=1 0x1bee0 73 
* * 46 11 13 3 0 1 3 0 1 3 2
+5 +1 1 1
+3 * 1 1
+4 * 1
+3 * 1
+7 * 1 0 1
cfn=(134)
calls=1 0x1bee0 73 
* * 394 82 69 1 0 2 1 0 2 43 11
+5 * 1 1
+4 +4 1 1
+4 -23 1 1
+4 +23 1 0 1
+3 +1 1 0 1 1 0 0 1
+8 -24 1 1
+7 * 1
+4 * 1 0 1
+3 +31 1
+7 * 1
+3 * 1 1
+1 * 1 1
+2 * 1 1
+2 * 1 1
+2 * 1 1
+2 * 1 1
+1 * 1 1

fn=(134)
0x1bee0 73 2 0 2 1 0 0 1
+1 * 2
+3 * 2 0 2
+2 * 2
+3 * 2 0 2
+2 +6 2
+10 -6 2 0 2
+2 +6 2 0 0 1 0 0 1
+10 -6 2 0 2
+1 * 2
fi=(40)
+4 -30 2 0 2
+4 +2 2 0 2
+8 +32 2 0 2
+3 +1 2 0 2
+4 +1 2
fe=(38)
+7 -1 2 2
+4 * 2 2
+3 +1 2 2
+4 * 2 2
+4 -1 2 0 2
+3 +1 2
+4 * 2 0 2 0 0 1 0 0 1
+4 * 2 0 2 0 0 1 0 0 1
+4 * 2 0 2
cfi=(29)
cfn=(136)
calls=2 0x25cb0 197 
* * 26 6 4 1 0 0 1 0 0 4 4
+6 +4 2 0 2
+3 +2 2 2
+4 +2 2
+4 -3 2 2
+3 +1 2
+4 * 2 0 2
+4 +1 2
+4 * 2 0 2
+3 +1 2 0 2
+4 -11 2
+4 * 2 0 2
cfi=(41)
cfn=(122)
calls=2 0x1c510 -25 
* * 140 28 17 0 0 0 0 0 0 17 4
-4 * 2 0 0 1 0 0 1
+4 * 2 0 2
cfi=(41)
cfn=(122)
calls=2 0x1c510 -25 
* * 178 35 23 0 0 1 0 0 1 21 3
+5 * 4
+2 * 4 0 0 0 0 0 0 0 0 4 2
+2 +13 2
+4 * 2 2
+1 * 2 2
+2 * 2 2
+2 * 2 2
+2 * 2 2
+1 * 2 2

fl=(11)
fn=(28)
0x14cf0 438 39 0 0 2 0 0 1
+4 +3 39
+2 * 39
+7 -3 39
+3 +3 39 0 0 1 0 0 1
+7 * 39
+4 * 39 39 0 0 36 0 0 35
+3 * 39
+3 * 39 0 0 0 0 0 0 0 0 39 4
+2 +9 36 36 0 0 22 0 0 18
+4 -9 36
+2 * 36 0 0 0 0 0 0 0 0 36 16
+2 +19 22 0 22
+3 +7 22
+7 * 22 22 0 0 8 0 0 6
+5 * 22 0 0 0 0 0 0 0 0 22 11
-12 * 17
+7 * 17 17 0 0 2 0 0 2
+5 * 17 0 0 0 0 0 0 0 0 17 10
+22 +2 39 39
+8 -19 17 0 17 3 0 0 1
+3 +1 17
+5 +9 3
+5 * 3

fn=(60) do_tunable_update_val
0x14480 73 6 6 0 1 0 0 1
+3 -3 6
+3 * 6
+3 +3 6
+3 * 6 0 0 0 0 0 0 0 0 6
+6 * 6
+2 * 6 0 0 0 0 0 0 0 0 6
+2 +10 6 6
+3 +11 6 6
+4 +1 6 6
+4 -1 6
+3 * 6 0 0 0 0 0 0 0 0 6
+6 * 6 6
+3 +1 6
+3 * 6
+3 * 6 0 0 0 0 0 0 0 0 6
+2 * 6 6
+3 +4 6
+3 * 6
+4 +2 6 0 0 1 0 0 1
+3 * 6
+4 +4 6
+3 -4 6
+4 * 6
+4 +11 6
+3 * 6 0 0 0 0 0 0 0 0 6
+6 +1 6
+3 * 6 0 0 0 0 0 0 0 0 6 4
+68 +3 6 0 6 1 0 0 1
+4 +1 6 0 6
+4 +1 6 0 6
+4 +1 6 0 6
+4 * 6 6

fn=(22) __GI___tunables_init
0x14680 294 1 0 0 1 0 0 1
+4 +6 1 1
+6 * 1
+2 * 1 0 0 0 0 0 0 0 0 1
+6 -6 1 0 1
+1 +10 1
+5 * 1
+2 -10 1
+3 * 1 0 1
+2 * 1 0 1
+2 * 1
+7 * 1 0 1
+2 * 1 0 1
+2 * 1
+3 +10 1
+7 -10 1 0 1
+1 * 1
+7 +10 1 0 1 1 0 1 1 0 1
* * 27 0 26 0 0 3 0 0 3 27 10
+3 +2 1
+4 * 1
+11 43 1
+3 * 1 0 0 0 0 0 0 0 0 1
-3 * 75
+3 * 75 0 0 0 0 0 0 0 0 75
+6 * 76 76
+4 * 76
+3 * 76 0 0 0 0 0 0 0 0 76 1
+6 +6 75 75 0 0 23 0 0 23
+4 -3 75
+4 +3 75
+2 * 75 0 0 0 0 0 0 0 0 75
+6 * 75
+2 * 75 0 0 0 0 0 0 0 0 75
+2 * 75
+5 * 75
+1 * 75 75 0 1 1 0 1 1
+5 * 75
+3 * 75
+4 * 75
+2 * 75 0 0 0 0 0 0 0 0 75
-14 * 892 892 0 0 13 0 0 13
+5 * 892
+3 * 892
+4 * 892
+2 * 892 0 0 0 0 0 0 0 0 892
+2 * 967
+3 * 967 0 0 0 0 0 0 0 0 967 89
+2 +4 75
+2 * 75 0 0 0 0 0 0 0 0 75
+2 +4 75
fi=(12) /usr/src/debug/glibc/glibc/elf/dl-tunables.h
+5 160 75
fe=(11)
+4 57 75
fi=(12)
+3 160 75
fe=(11)
+5 57 75
+7 * 75
+4 * 75
fi=(12)
+11 160 75 75 0 1 0 0 1
+3 +1 75
+2 * 75 0 0 0 0 0 0 0 0 75
-5 -1 2 2
+3 +1 2
+2 * 2 0 0 0 0 0 0 0 0 2
+6 * 77
+3 * 77 0 0 0 0 0 0 0 0 77 7
+6 -1 2
+4 * 2
+4 * 2 2 0 0 1 0 0 1
+3 * 2
+3 * 2 0 0 0 0 0 0 0 0 2 2
fe=(11)
+30 319 675 0 0 1 0 0 1
+7 * 675
+3 * 675 675 0 0 1 0 0 1
+4 +1 675
+7 * 675
+7 * 675
+5 +2 675 675 0 0 9 0 0 9
+3 * 675
+2 * 675 0 0 0 0 0 0 0 0 675 17
+2 -5 675
+4 * 675
+4 * 675 0 0 0 0 0 0 0 0 675 87
+2 * 75
fi=(12)
+14 160 763 763 0 1 0 0 1
+4 +1 763
+3 * 763 0 0 0 0 0 0 0 0 763 52
+2 * 88
+3 * 88 0 0 0 0 0 0 0 0 88
+2 -1 88 88
+4 * 88
+4 * 88
+4 * 88
+2 * 88 0 0 0 0 0 0 0 0 88 10
fe=(11)
+85 340 1 1 0 1 0 0 1
+6 * 1
+3 * 1
+2 * 1 0 0 0 0 0 0 0 0 1
+2 * 1 0 0 1 0 0 1
+7 * 1
+27 +3 9
+4 * 9
+3 * 9 0 0 0 0 0 0 0 0 9 1
+2 +3 9 9
+3 * 9
+3 * 9 0 0 0 0 0 0 0 0 9 4
+64 +9 1 0 0 1 0 0 1
+7 * 1 1
+1 * 1 1
+2 * 1 1
+2 * 1 1
+2 * 1 1
+2 * 1 1
+1 * 1 1
fi=(12)
+8 165 75 0 0 1 0 0 1
+2 * 75
+3 * 75 0 0 0 0 0 0 0 0 75 5
fe=(11)

fn=(58)
0x14660 162 6 0 0 1 0 0 1
+4 +1 6
+2 * 6
+7 * 6
+7 * 6
+3 +2 6
cfn=(60)
calls=6 0x14480 -92 
* * 198 42 24 3 0 0 3 0 0 36 4

fl=(8)
fn=(14)
0x124f0 25 7 0 0 1 0 0 1
+4 +3 7 7
+7 * 7
+3 * 7 0 0 0 0 0 0 0 0 7
+2 +3 7 7 0 1 0 0 1
+4 * 7 7
+7 * 7 0 0 0 0 0 0 0 0 7
+2 +1 7 7 0 0 7 0 0 7
+2 * 7 0 7
+6 +2 7 7 0 0 1 0 0 1
+3 -1 7 7
+3 +3 7
+4 * 7
+3 * 7 0 0 0 0 0 0 0 0 7
+6 +1 7 0 7
+7 +1 7
+4 * 7 7
+3 +2 7 0 7
+7 -2 7 0 7 1 0 0 1
+6 +3 7
+3 * 7
+4 +4 7
+2 * 7
+3 -2 7 0 7
+7 +2 7
+4 * 7 0 7
+7 +5 7 7

fl=(179)
fn=(614)
0x1f40 27 1 0 0 1 0 0 1
+4 +2 1
+3 * 1 0 0 0 0 0 0 0 0 1
+2 -2 1 0 1
+1 +6 1
+5 * 1
+6 * 1
+7 -6 1
+3 * 1 0 1
+1 * 1
+2 +6 1
+7 -6 1
+4 +6 1 0 1
+4 * 1 0 1
cfi=(176)
cfn=(600)
calls=1 0xc480 +41 
* * 253 55 19 0 11 0 0 5 0 24 9 2 2
+5 * 1
+3 +4 1
+3 * 1 0 0 1 0 0 1 0 0 1
+6 * 1 1
+4 +2 1 1
+5 * 1 0 0 0 0 0 0 0 0 1
+2 * 1 1
+3 +1 1
+3 -1 1 1
+4 +2 1 1
+4 * 1 1
+1 -1 1 0 0 0 0 0 0 0 0 0 0 1 1
cob=(2)
cfi=(180)
cfn=(616)
calls=1 0x16a4b0 -5 
* * 1389 154 202 30 52 39 28 34 38 202 28 20 20

fl=(45)
fn=(142)
0x36b0 120 1 0 0 1 0 0 1
+4 -44 1
+3 * 1 0 0 0 0 0 0 0 0 1
+2 +46 1 1 0 1 1 0 1 1
+8 * 1 0 0 0 0 0 0 0 0 1
+2 +5 1
+3 * 1 0 0 0 0 0 0 0 0 1
+2 * 1 0 1
+7 +1 1
+7 +26 1 0 1
+10 -26 1 0 1
+7 +29 1 1
+8 * 1 0 0 0 0 0 0 0 0 1 1
+6 -37 1
+7 +49 1
+3 * 1 1
0x3778 -9 1 1 0 1 0 0 1
+7 * 1 0 1 1 0 0 1
+7 +2 1 1
+7 * 1
+3 * 1 0 0 0 0 0 0 0 0 1 1

fn=(612)
0x3590 46 1 0 0 1 0 0 1
+4 * 1 0 1
+1 +6 1
+3 * 1
+3 * 1
+3 -6 1
+3 * 1
+4 +6 1 1
+7 * 1
+7 * 1 0 1
+2 * 1
+4 * 1 0 1
+2 -1 1 0 1 1 0 0 1
+8 +1 1 0 1
cfi=(79)
cfn=(296)
calls=1 0xb780 769 
* * 674 198 82 0 9 0 0 1 0 100 9 1 1
+5 +2 1 1
+1 * 1 1
+1 -2 1
+3 +2 1 1
+4 * 1 1
+5 * 1 0 0 0 0 0 0 0 0 1
+2 +2 1 1
+5 * 1 0 0 0 0 0 0 0 0 1
+2 * 1
+3 * 1 0 0 0 0 0 0 0 0 1 1
+2 * 1 1
+3 * 1 1
+4 * 1
+3 +1 1
+7 * 1
+3 * 1 0 0 0 0 0 0 0 0 1 1
+15 +13 1 1 0 1
+1 * 1 1

fn=(148)
0x3670 104 2 0 0 1 0 0 1
+4 +3 2
+7 -2 2 0 2
+3 +2 2 0 0 1
+3 * 2 0 0 0 0 0 0 0 0 2 2
+2 +4 2
cfi=(48)
cfn=(150)
calls=2 0x37c0 -83 
* * 4 2 0 2 0 0 1
+13 -4 2 2
+7 * 2
+3 * 2 0 0 0 0 0 0 0 0 2 2

fn=(212)
0x3620 94 6 0 0 1 0 0 1
+4 -17 6
+7 -1 6
+3 * 6 0 0 0 0 0 0 0 0 6 6
+18 +20 6 6 0 1 1
+5 * 6 0 0 0 0 0 0 0 0 6 1
+2 +4 6 6

fl=(15)
fn=(34) _dl_x86_init_cpu_features
0x19280 37 1 0 0 1 0 0 1
+4 +2 1 1
+6 * 1
+2 * 1 0 0 0 0 0 0 0 0 1 1
+4 +2 1
cfi=(16)
cfn=(36)
calls=1 0x17d00 724 
* * 7287 846 502 98 27 9 98 27 9 1629 228

fn=(596)
0x19250 76 1 0 0 1 0 0 1
+4 -37 1 1
+6 * 1
+2 * 1 0 0 0 0 0 0 0 0 1
+2 +37 1
+2 * 1 1

fl=(39)
fn=(116)
0x1c310 29 1 0 0 1 0 0 1
fi=(18)
+4 +2 1 1
fe=(39)
+6 +7 1
fi=(18)
+2 -7 1
+2 * 1
+5 * 1 0 0 0 0 0 0 0 0 1 1
fe=(39)
+2 +21 1
+2 * 1 1
fi=(18)
+9 -20 1 1
+6 * 1
+3 * 1 0 0 0 0 0 0 0 0 1
+2 +7 1 1 0 1 0 0 1
fe=(39)
+6 -1 1
fi=(18)
+2 +1 1
+2 * 1
+2 * 1
+6 * 1 0 0 0 0 0 0 0 0 1
+2 +1 1 1
+6 * 1
+2 * 1
+3 * 1 0 0 0 0 0 0 0 0 1
+2 +8 1
fe=(39)
+2 -5 1
fi=(18)
+5 +5 1
+5 * 1 0 0 0 0 0 0 0 0 1
+2 +3 1 1
+6 * 1
+2 * 1
+6 * 1 0 0 0 0 0 0 0 0 1
+2 +3 1
+3 * 1 0 0 0 0 0 0 0 0 1
fe=(39)
+2 -3 1 0 0 1 0 0 1
+6 * 1
+5 * 1
+5 * 1
+3 * 1

fl=(24)
fn=(88)
0x13f20 43 178
+4 +2 178
+2 * 178 178

fn=(278)
0x13f80 69 1 0 0 1 0 0 1
+4 * 1 0 1
fi=(401) /usr/src/debug/glibc/glibc/elf/../include/list.h
+1 -25 1
fe=(24)
+7 +25 1
+3 * 1
fi=(401)
+4 -26 1 1
fe=(24)
+7 +27 1 1
+9 +3 1
fi=(401)
+7 -30 1 0 1
+7 +1 1 0 1
+7 +1 1 0 1
+4 +2 1 0 1 1 0 0 1
fe=(24)
+7 +29 1
+7 * 1
+5 * 1
+2 * 1 0 1
+6 +1 1
+7 * 1 0 1
+9 +1 1 0 1
+12 +5 1 1
+7 * 1 0 1 1 0 0 1
+8 +5 1
+7 +6 1
+5 -3 1 0 1
+11 +3 1
+5 -6 1
+5 * 1
+4 * 1 0 1
+7 +6 1
+2 +16 1
+2 * 1
+4 * 1
+5 * 1 0 1
cfi=(11)
cfn=(28)
calls=1 0x14cf0 438 
* * 18 4 1 0 0 0 0 0 0 3 2
fi=(76) /usr/src/debug/glibc/glibc/elf/../sysdeps/unix/sysv/linux/rseq-internal.h
+5 -10 1 1 0 1 0 0 1
+3 -7 1 1
+7 +7 1
+2 * 1 0 0 0 0 0 0 0 0 1 1
+2 +24 1 0 1
fe=(24)
+9 -12 1 0 1
+10 +6 1 1
+7 * 1 0 1
+9 +1 1 1
+1 * 1 1
fi=(76)
+6 -11 1 1
+6 * 1 0 0 1 0 0 1
+5 -15 1 0 1
+4 * 1
+3 +15 1
+2 * 1
+3 +4 1
+2 -19 1 1
+9 +19 1 0 1
+3 * 1
+2 * 1 0 1
cfi=(44)
cfn=(140)
calls=1 0x25eb0 +25 
* * 13 1 2 0 0 1 0 0 1 2
+6 +4 1 1
+4 -4 1
+3 +4 1 0 1
+9 +2 1
+6 * 1 1
+3 * 1
+2 * 1 0 0 1 0 0 1
+5 * 1
+2 +1 1
+5 * 1 0 0 0 0 0 0 0 0 1 1
fe=(24)

fn=(68)
0x13f30 54 1 0 0 1 0 0 1
+4 * 1
+7 * 1
+4 * 1 0 0 1 0 0 1
+4 +3 1
+5 * 1
+5 * 1
+5 * 1
+4 * 1
+4 * 1
+4 * 1 0 1 0 0 1 0 0 1
+3 * 1 0 1
+4 * 1 0 1
+4 +5 1
+7 * 1 0 1
+7 +1 1 0 1
+7 +2 1 1

fl=(1) ???
fn=(0) 0x000000000001eb40
0x1eb40 0 1 0 0 1 0 0 1
+3 0 1 0 1 0 0 1 0 0 1
cfi=(2)
cfn=(2)
calls=1 0x1f690 520 
* 0 2661496 677271 253019 1095 16745 2660 1075 8562 1825 415345 16725 5479 1331
+5 0 1 0 0 1
+3 0 1
+3 0 1 1
+6 0 1
+6 0 1 0 0 0 0 0 0 0 0 1 1
+19 0 1
+2 0 1
+4 0 1 0 1
cfi=(77)
cfn=(648) _dl_cet_setup_features
calls=1 0x16690 331 
* 0 4 1 0 2 0 0 2 0 0 1 1
+5 0 1
+3 0 1
+3 0 1 1 0 1 1 0 1
+4 0 1
+3 0 1
+4 0 1 1
+7 0 1
+5 0 1
+4 0 1
+2 0 1 0 1
cfi=(190) /usr/src/debug/glibc/glibc/elf/dl-init.c
cfn=(652) _dl_init
calls=1 0x6300 81 
* 0 42279 12043 5501 482 298 171 482 39 126 7840 533 951 206
+5 0 1 0 0 1
+7 0 1
+3 0 1 0 0 0 0 0 0 0 0 0 0 1 1
cob=(8)
cfi=(267)
cfn=(976)
calls=1 0x2a60 0 
* 0 57048117 15141623 8082354 3154 126802 7611 856 189 6196 8170376 172352 611876 34320

fl=(29)
fn=(82)
0x25cc0 210 40 0 0 3 0 0 1
+4 +1 40
+3 +6 40
+4 +1 40 0 0 0 0 0 0 0 0 40 8
+2 +2 33 33 0 0 9 0 0 1
+3 +1 33
+4 +1 33 0 0 0 0 0 0 0 0 33 13
+2 +2 17 17 0 0 1
+5 +1 17 0 17 0 0 5 0 0 5
+3 +1 17 0 17 0 0 3 0 0 3
+5 +2 17 17
+13 +80 7
+3 +1 7 0 0 0 0 0 0 0 0 7 5
+2 +2 1
+3 +4 1 0 0 0 0 0 0 0 0 1
+2 +1 1
+3 +1 1 0 0 0 0 0 0 0 0 1 1
+2 +1 1 1 0 1 1 0 1 1
+2 +1 1 0 0 0 0 0 0 0 0 1 1
+12 +4 1 0 1 0 0 1 0 0 1
+2 +2 1 1
+17 +39 6 6
+5 +1 6 6
+3 +1 6 0 6 0 0 4 0 0 4
+3 +1 6 0 6 0 0 1 0 0 1
+5 +1 6 6
+1 +7 8 8 0 1
+5 +1 8 8
+5 +1 8 0 8 0 0 1 0 0 1
+3 +1 8 0 8 0 0 2 0 0 2
+4 +1 8 0 8 0 0 1 0 0 1
+5 +1 8 0 8
+5 +1 8 8
+4 +11 16 0 0 3 0 0 1
+7 +1 16 0 0 0 0 0 0 0 0 16 1
+2 +2 15 15 0 0 2
+4 +1 15
+4 +1 15 0 0 0 0 0 0 0 0 15 7
+2 +2 7 7 0 0 2
+4 +1 7 7 0 0 3
+4 +1 7 7 0 0 4
+5 +1 7 7
+5 +1 7 7
+5 +1 7 7
+5 +1 7 0 7 1 0 0 1
+3 +1 7 0 7 0 0 1 0 0 1
+4 +1 7 0 7 0 0 4 0 0 4
+4 +1 7 0 7 0 0 2 0 0 2
+4 +1 7 0 7 0 0 3 0 0 3
+5 +1 7 0 7
+5 +1 7 0 7
+5 +1 7 0 7
+5 +1 7 7
+1 +4 1
+3 +1 1
+3 +4 1
+3 +2 1 0 0 0 0 0 0 0 0 1
+6 +16 1
+4 +3 1
+3 +2 1
+4 +2 1 0 0 1 0 0 1
+6 +4 1
+3 +1 1 0 0 0 0 0 0 0 0 1
+2 +9 1 1 0 0 1 0 0 1
+5 +1 1 1
+5 +2 1
+3 +2 1
+4 +1 1 1
+5 +1 1 1 0 0 1 0 0 1
+6 +3 1
+3 +2 1
+3 +2 1
+3 +2 1
+5 +6 1 1
+3 +1 1 1 0 0 1 0 0 1
+4 +1 1 1
+4 +1 1 1 0 1 0 0 1
+4 +1 1
+4 +1 1 0 1
+3 +1 1 0 1 0 0 1 0 0 1
+4 +1 1 0 1
+4 +1 1 0 1
+4 +1 1
+4 +1 1
+3 +1 1 0 0 0 0 0 0 0 0 1 1
-41 -11 2 2
+3 +1 2 2 0 0 1 0 0 1
+4 +1 2 2
+4 +1 2 2
+4 +1 2
+4 +1 2 0 2
+3 +1 2 0 2 0 0 2 0 0 2
+4 +1 2 0 2
+4 +1 2 0 2
+4 +1 2
+4 +1 2
+3 +1 2 0 0 0 0 0 0 0 0 2 1
+2 +2 1 0 1 0 0 1 0 0 1
+4 +1 1 0 1
+4 +1 1 0 1
+4 +1 1 0 1
+4 +2 1 0 1
+3 +4 1 1

fn=(136)
0x25cb0 197 10 0 0 2 0 0 1
+4 +1 10
+3 +1 10
+3 +1 10
+13 +17 10
+4 +1 10 0 0 0 0 0 0 0 0 10 3
+2 +2 6 6 0 0 1
+3 +1 6
+4 +1 6 0 0 0 0 0 0 0 0 6 2
+2 +2 4 4
+5 +1 4 0 4 0 0 1 0 0 1
+3 +1 4 0 4 0 0 1 0 0 1
+5 +2 4 4
+13 +80 4
+3 +1 4 0 0 0 0 0 0 0 0 4 2
+2 +2 2
+3 +4 2 0 0 0 0 0 0 0 0 2
+2 +1 2
+3 +1 2 0 0 0 0 0 0 0 0 2 2
+18 +8 2 2
+17 +39 2 2
+5 +1 2 2
+3 +1 2 0 2
+3 +1 2 0 2
+5 +1 2 2
+1 +7 2 2 0 0 1
+5 +1 2 2
+5 +1 2 0 2 0 0 1 0 0 1
+3 +1 2 0 2 0 0 1 0 0 1
+4 +1 2 0 2
+5 +1 2 0 2
+5 +1 2 2
+4 +11 2
+7 +1 2 0 0 0 0 0 0 0 0 2
+2 +2 2 2
+4 +1 2
+4 +1 2 0 0 0 0 0 0 0 0 2 1

fl=(9)
fn=(18) _dl_sysdep_parse_arguments
0x1d640 78 1 0 1 1 0 0 1
+1 +2 1
+4 -2 1
+3 * 1 0 1 0 0 1 0 0 1
+2 * 1 0 1
+2 * 1 0 1
+2 * 1 0 1
+2 * 1 0 1
+1 * 1
+7 +1 1 1 0 0 1 0 0 1
+4 +1 1 0 1
+7 -1 1 0 1
+6 +2 1
+2 * 1
+5 * 1 0 1 0 0 1 0 0 1
+7 +2 1 1
+4 * 1 0 0 0 0 0 0 0 0 1
+2 * 1
+3 -1 1 0 0 1 0 0 1
+4 +1 1 1
+4 * 1 0 0 0 0 0 0 0 0 1 1
-8 -1 74
+4 +1 74 74 0 0 10 0 0 10
+4 * 74 0 0 0 0 0 0 0 0 74 9
+2 +7 1
+2 * 1
+7 * 1
+5 * 1 0 1 0 0 1 0 0 1
* * 52 0 51 0 0 6 0 0 6 52 10
fi=(10) /usr/src/debug/glibc/glibc/elf/../sysdeps/unix/sysv/linux/dl-parse_auxv.h
+3 -48 1 1
fe=(9)
+4 +44 1
fi=(10)
+4 -53 1
fe=(9)
+7 +53 1 0 1 0 0 1 0 0 1
fi=(10)
+7 -53 1 0 1
+7 +1 1 0 1 1 0 0 1
+11 +1 1 0 1
+11 +7 1
+3 * 1 0 0 0 0 0 0 0 0 1
+6 * 1
+9 +1 1
+4 * 1 0 0 0 0 0 0 0 0 1
-4 * 21
+4 * 21 0 0 0 0 0 0 0 0 21
+2 +1 22 22 0 0 5 0 0 5
+4 * 22 0 22
+8 -2 22 22
+4 * 22
+4 * 22
+3 * 22 0 0 0 0 0 0 0 0 22 6
+2 +13 1 1 0 1 0 0 1
+7 +10 1
fe=(9)
+5 +29 1 1
fi=(10)
+6 -27 1
fe=(9)
+6 +26 1 1
+7 +2 1 1
fi=(10)
+7 -40 1 0 1
+7 +2 1 1
fe=(9)
+7 +37 1 0 1
fi=(10)
+6 -47 1 1
+7 +10 1 0 1 1 0 0 1
+7 +8 1 1
+7 -17 1 1
+7 +1 1 1
+7 +16 1
+3 -15 1 1
+7 +1 1 1
+7 +14 1
+4 +2 1 1
+7 -15 1 1
+7 +1 1 1 0 1 0 0 1
+7 +1 1 1
+8 * 1 1
+8 +13 1
+3 * 1 1
+4 * 1
+4 -18 1 0 1
+7 +6 1 1
+7 -5 1 0 1
+7 +5 1 0 1
+7 +2 1 1 0 1 0 0 1
+7 -6 1 0 1
+7 +6 1 0 1
fe=(9)
+7 +37 1 1
fi=(10)
+6 -42 1 0 1
+7 -4 1 0 1 0 0 1 0 0 1
+7 +5 1 0 1
+7 +1 1 0 1
+8 -8 1 0 1
+7 +21 1 0 1 1 0 1 1 0 1
+7 -20 1 0 1
+7 +18 1 0 1
fe=(9)
+6 +28 1 0 1
+3 +1 1 0 1
+3 +1 1 0 1
+4 +1 1
+7 * 1 1
+1 * 1 1
+2 * 1 1
+2 * 1 1
+2 * 1 1
+2 * 1 1
+1 * 1 1

fn=(636)
0x1e620 147 1 0 0 1 0 0 1
+4 +1 1 1

fn=(16)
0x1e560 102 1 0 0 1 0 0 1
+4 * 1 0 1
+1 * 1
+3 * 1 0 1 0 0 1 0 0 1
+1 * 1
+3 +4 1
+4 -4 1
+4 +1 1 0 1
+7 +3 1 0 1
cfn=(18)
calls=1 0x1d640 -28 
* * 538 149 106 8 16 12 8 16 12 173 26
+5 +4 1 1 0 1 0 0 1
+7 * 1 0 1
cfi=(11)
cfn=(22)
calls=1 0x14680 294 
* * 20239 3416 33 10 48 4 10 48 4 4878 285
+5 +3 1 0 1
cfi=(13)
cfn=(26)
calls=1 0x126c0 289 
* * 32 7 4 4 2 0 4 2 0 3 2
+5 +2 1
+2 * 1 0 1
cfi=(14)
cfn=(30)
calls=1 0x23a50 -79 
* * 8 1 1 1 0 1 1 0 1 1
fi=(6)
+5 +94 1 0 1
cfi=(15)
cfn=(34)
calls=1 0x19280 37 
* * 7292 847 502 99 27 9 99 27 9 1630 229
fe=(9)
+5 -87 1 1
+7 * 1
+3 * 1 0 0 0 0 0 0 0 0 1
+2 +1 1 0 1
cfi=(22)
cfn=(62)
calls=1 0x27ee0 -66 
* * 17 2 0 2 1 0 2 1 0 2
+5 * 1 0 1
+7 +2 1
+2 * 1 0 1
cfi=(23)
cfn=(64)
calls=1 0x24380 -88 
* * 13 3 1 2 0 0 2 0 0 2 1
+5 * 1 0 0 1 0 0 1
+7 * 1
+3 * 1 0 0 0 0 0 0 0 0 1
+2 +12 1 1
+6 * 1
+2 * 1 0 0 0 0 0 0 0 0 1
+2 +3 1 1
+3 * 1 1
+4 * 1
+4 * 1 1
+7 * 1 0 1 0 0 0 0 0 0 0 0 1 1
cfi=(2)
cfn=(66)
calls=1 0x1fe90 1357 
* * 2632574 672746 252287 932 16638 2612 915 8457 1777 408495 16135 5478 1330
+2 +3 1 1 0 1
+4 * 1 1
+4 * 1 1 0 0 1
+1 * 1 1

fl=(50)
fn=(156)
0x27d00 32 1 0 0 1 0 0 1
+4 * 1 0 1
+1 * 1
+3 * 1
+3 * 1
+7 +1 1 1 0 0 1 0 0 1
+3 * 1
+2 * 1 0 0 0 0 0 0 0 0 1
+6 +1 1 1
+4 * 1 0 0 0 0 0 0 0 0 1
+6 +5 1
+4 * 1
+7 * 1 0 1 0 0 1 0 0 1
+7 * 1 0 1
+7 * 1 0 1 1 0 0 1
+7 * 1 0 1
+7 +1 1 0 1 0 0 1 0 0 1
+7 * 1 0 1
+7 * 1 0 1
+7 * 1 0 1
+7 +1 1 0 1 0 0 1 0 0 1
+4 * 1 0 1
+4 * 1 0 1
+4 * 1 0 1
+4 +1 1 0 1 0 0 1 0 0 1
+4 * 1 0 1 1 0 0 1
+4 * 1 0 1
+4 * 1 0 1
+4 +2 1
+6 +3 1 1
+3 * 1
+4 * 1 0 1
+4 +1 1
+2 * 1 0 0 0 0 0 0 0 0 1 1
-13 -1 2 2
+3 * 2
+4 * 2 0 2
+4 +1 2
+2 * 2 0 0 0 0 0 0 0 0 2 1
+2 +3 1 1
+4 * 1
+2 * 1 1
+8 * 1 0 0 0 0 0 0 0 0 1
+6 +1 1 1
+5 * 1
+5 * 1 1 0 1 0 0 1
+8 * 1 0 0 0 0 0 0 0 0 1
+2 +1 1 1
+5 * 1
+5 * 1 1
+8 * 1 0 0 0 0 0 0 0 0 1
+2 +1 1 1
+5 * 1
+5 * 1 1
+8 * 1 0 0 0 0 0 0 0 0 1
+2 +2 1
+3 * 1
+4 * 1
+10 +6 1 1 0 1 0 0 1
+4 -1 1
+4 +1 1 1
+4 +2 1 1
+4 * 1 1
+4 -1 1 1
+4 * 1 1
+5 +2 1 1
+4 +2 1 1
+5 * 1
+3 * 1
+3 * 1
+3 * 1
+3 * 1 0 0 0 0 0 0 0 0 1 1
-50 -5 11 11 0 0 1 0 0 1
+4 -1 11
+4 +1 11 11
+4 +2 11 11
+4 * 11 11
+4 -1 11 11
+4 * 11 11
+5 +2 11 11
+4 +2 11 11
+5 * 11
+3 * 11
+3 * 11
+3 * 11
+3 * 11 0 0 0 0 0 0 0 0 11 9
+2 +2 1
+3 +1 1
+3 * 1 0 0 0 0 0 0 0 0 1
+2 * 1
+4 * 1 0 0 1 0 0 1
+3 +1 1 1
+1 * 1 1

fl=(60)
fn=(198)
0x24dd0 47 26 0 0 1 0 0 1
+4 +3 26
+7 * 26 0 0 0 0 0 0 0 0 26
+2 -3 26 0 26
+1 * 26
+3 * 26 0 26 0 0 2 0 0 2
+2 * 26
+3 * 26 0 26
+1 * 26
+3 +6 26
+3 * 26 0 0 0 0 0 0 0 0 26 6
+2 +5 26
+3 * 26
+3 * 26
+5 * 26
+2 * 26
+6 * 26 0 0 0 0 0 0 0 0 26
+2 +2 26 26
+1 * 26 26
+2 * 26 26
+1 * 26 26
+32 -7 9 0 0 1 0 0 1
+2 * 9
+6 * 9
+3 * 9
+2 * 9 0 0 0 0 0 0 0 0 9 3
+2 * 5 5
+7 * 5 0 0 0 0 0 0 0 0 5 2

fl=(52) /usr/src/debug/glibc/glibc/setjmp/../sysdeps/x86_64/setjmp.S
fn=(164) __sigsetjmp
0x25140 31 14 0 0 1 0 0 1
+4 +2 14 0 14
+3 +9 14
+3 +1 14 14
+7 * 14
+4 +1 14 0 14
+4 +4 14 0 14 0 0 1 0 0 1
+4 +1 14 0 14
+4 +1 14 0 14 0 0 1 0 0 1
+4 +1 14 0 14
+4 +1 14
+5 +2 14 14
+7 * 14
+4 +2 14 0 14
+4 +1 14 14 0 1 0 0 1
+4 +1 14
+1 +2 14 14
+7 * 14
+4 +2 14 0 14
+4 +8 14
+2 +3 14
+5 +1 14 0 14 0 0 1 0 0 1
+4 +7 14
+2 +1 14 14

fl=(30)
fn=(176) _dl_map_new_object
0x9d00 1928 5 0 0 1 0 0 1
+4 * 5 0 5
+1 * 5
+3 * 5 0 5
+2 * 5 0 5
+2 * 5
+3 * 5 0 5
+2 * 5
+3 * 5 0 5
+2 * 5
+3 * 5 0 5
+1 * 5
+3 * 5
+7 * 5 0 5 0 0 2 0 0 2
+6 * 5 0 5 0 0 1 0 0 1
+6 +10 5 5
+7 * 5 0 0 0 0 0 0 0 0 5 3
+11 +12 5 5 0 1 0 0 1
+6 -5 5 0 5
+7 -15 5 0 5
+11 +20 5
+2 * 5 0 0 0 0 0 0 0 0 5
+6 +14 5
+5 * 5
+3 * 5 0 5 0 0 2 0 0 2
cfi=(42)
cfn=(126)
calls=5 0x26650 32 
* * 120 15 0 0 0 0 0 0 0 10
+5 * 5
+3 * 5 0 0 0 0 0 0 0 0 5 2
+6 2116 1
+3 * 1 0 0 1 0 0 1 0 0 1
+6 -1 1
+3 * 1
+3 * 1 0 1
cfn=(178) expand_dynamic_string_token
calls=1 0x7580 375 
* * 171 30 20 8 0 2 8 0 2 16 6 1 1
+5 +6 1
+3 -7 1 0 1
+7 +1 1
+3 +2 1
+3 * 1 0 0 0 0 0 0 0 0 1
+6 +4 1
+7 * 1
+2 * 1
+6 * 1
+3 * 1
+3 * 1
+7 * 1 0 1 1 0 0 1
+7 * 1 0 1
cfn=(184) open_verify.constprop.0
calls=1 0x6780 1522 
* * 105 22 15 9 1 1 9 1 1 18 2
+5 +3 1 1
+7 * 1
+3 -3 1
+2 +3 1 0 0 0 0 0 0 0 0 1
+6 +58 1 1
+7 -46 1
+2 * 1
+7 * 1
+4 +46 1 1
+6 * 1 0 1
+2 * 1
+3 * 1
+3 * 1 1 1 1 0 0 1
+6 * 1 1
+7 * 1
+3 * 1
+3 * 1 0 1
+2 * 1 0 1
+1 * 1 0 1
cfn=(190) _dl_map_object_from_fd
calls=1 0x8160 948 
* * 1811 400 210 66 33 26 66 33 26 359 122 5 1
-49 -46 4
+2 * 4
+7 * 4
+4 +46 4 4
+6 * 4 0 4
+2 * 4
+3 * 4
+3 * 4 4 4
+6 * 4 4
+7 * 4
+3 * 4
+3 * 4 0 4
+2 * 4 0 4
+1 * 4 0 4
cfn=(190)
calls=4 0x8160 948 
* * 8950 1744 1376 15 118 186 14 118 186 1768 349 20
+5 * 5
+4 +2 5
+4 * 5 5
+1 * 5 5
+2 * 5 5
+2 * 5 5
+2 * 5 5
+2 * 5 5
+1 * 5 5
0x9ef8 1968 4 0 0 1 0 0 1
+3 * 4 0 4
cfi=(22)
cfn=(62)
calls=4 0x27ee0 57 
* * 68 8 0 0 0 0 0 0 0 8
+5 * 4 0 0 1 0 0 1
+4 * 4 0 4
+7 +2 4 4
+7 * 4 0 0 0 0 0 0 0 0 4
+6 +7 4
+3 * 4 0 0 0 0 0 0 0 0 4
+6 * 4 4
+8 * 4 0 0 0 0 0 0 0 0 4 2
0x9fe8 +4 4 4 0 1 0 0 1
+7 +8 4 0 4 0 0 1 0 0 1
+7 * 4
+3 * 4 0 4
+7 * 4 0 0 1 0 0 1
+7 -8 4 0 4
+7 +5 4
+7 * 4 0 4
+7 +3 4
+3 * 4 0 4
+7 * 4 0 4
+7 * 4
+3 -3 4 4
+7 * 4
+3 * 4 0 0 0 0 0 0 0 0 4 2
+6 +1 4 0 0 1 0 0 1
+3 * 4
+5 * 4
+7 * 4
+3 * 4 0 4
cfn=(222) cache_rpath
calls=4 0x7b90 656 
* * 32 8 0 2 0 0 2 0 0 4 2
+5 * 4
+2 * 4 0 0 0 0 0 0 0 0 4 2
0xa0ca -1 4 4 0 1 0 0 1
+7 * 4 4
+7 * 4 4
+7 * 4 4
+7 +15 4
+3 * 4 0 0 0 0 0 0 0 0 4
+6 +1 4 4
+7 * 4
+3 * 4 0 0 0 0 0 0 0 0 4
+6 * 4 4 0 1 0 0 1
+7 * 4 0 4
+6 * 4
+3 * 4
+2 * 4 0 0 0 0 0 0 0 0 4
+6 * 4
+76 +32 4 0 0 1 0 0 1
+3 * 4 0 0 0 0 0 0 0 0 4
+6 * 4
+4 +1 4
+7 * 4
+5 * 4 0 0 1 0 0 1
+7 * 4
+3 * 4 0 4
cfn=(222)
calls=4 0x7b90 656 
* * 32 8 0 0 0 0 0 0 0 4 2
+5 * 4
+2 * 4 0 0 0 0 0 0 0 0 4
+6 +8 4
+7 * 4 0 0 0 0 0 0 0 0 4
+6 +2 4 4
+6 * 4
+2 * 4 0 0 0 0 0 0 0 0 4
+6 +4 4
+3 * 4 0 4
cfi=(66)
cfn=(224)
calls=4 0x15eb0 386 
* * 5945 962 203 26 75 5 26 75 5 1402 116 4
+5 * 4
+3 +2 4
+3 * 4 0 0 1 0 0 1 0 0 4
+6 +4 4
+3 * 4 0 0 0 0 0 0 0 0 4
+6 +31 4
+3 -23 4 4
+7 * 4 0 0 0 0 0 0 0 0 4
+6 +23 4
+7 * 4
+3 * 4
+5 * 4
+3 * 4
+7 * 4
+3 * 4 0 4
+7 * 4 0 4 1 0 0 1
cfn=(184)
calls=4 0x6780 1522 
* * 456 92 62 6 1 1 6 1 1 79 14
+5 * 4
+2 +4 4
+3 * 4 0 0 0 0 0 0 0 0 4
+6 +18 4 4
+7 -17 4 0 4
+7 +17 4 4
+7 * 4 0 0 0 0 0 0 0 0 4 3
0xa35e 2003 4 4 0 1 0 0 1
+7 * 4 4
+7 * 4
+5 * 4
+7 * 4 0 4
+7 * 4 0 4 1 0 0 1
cfn=(222)
calls=4 0x7b90 656 
* * 32 8 0 0 0 0 0 0 0 4 2
+5 * 4
+2 * 4 0 0 0 0 0 0 0 0 4
+6 +9 4
+7 * 4 0 0 0 0 0 0 0 0 4
+6 +15 4 4
+8 * 4 0 0 0 0 0 0 0 0 4 2

fn=(178)
0x7580 375 1 0 1 1 0 0 1
+1 * 1
+3 * 1 0 1
+2 * 1
+3 +10 1
+3 -10 1 0 1
+1 * 1
+3 * 1
+4 +10 1 0 1 0 0 1 0 0 1
cfn=(180)
calls=1 0x7360 228 
* * 63 10 4 5 0 0 5 0 0 4 2
+5 +3 1
+3 * 1 0 0 0 0 0 0 0 0 1
+2 +12 1
+4 -11 1
+3 +11 1 1
+1 * 1 1
+2 * 1 1
+1 -11 1
cfi=(54)
cfn=(182)
calls=1 0x27e80 40 
* * 91 17 12 2 0 1 2 0 1 11 4 1 1

fn=(184)
0x6780 1522 5 0 5 1 0 0 1
+1 * 5
+3 * 5 0 5
+2 * 5 0 5
+2 * 5
+3 * 5 0 5
+2 * 5 0 5
+2 * 5 0 5
+1 * 5
+3 * 5
+4 +32 5 5
+6 -32 5 0 5
+4 * 5 0 5
+4 +32 5
+2 * 5 0 0 0 0 0 0 0 0 5
+6 +19 5
+5 * 5
+3 * 5
+2 * 5 0 5 0 0 1 0 0 1
cfi=(55)
cfn=(186)
calls=5 0x24bb0 28 
* * 105 10 10 2 0 0 2 0 0 15 4
+5 * 5
+3 +2 5 0 0 1 0 0 1
+3 * 5 0 0 0 0 0 0 0 0 5
+6 +8 5 0 5
+10 +1 5
+2 * 5 0 5 0 0 1 0 0 1
+7 +6 5
+5 -1 5
+5 * 5
+3 +1 5
+3 -1 5 0 5
cfi=(56) /usr/src/debug/glibc/glibc/io/../sysdeps/unix/sysv/linux/read_nocancel.c
cfn=(188) __read_nocancel
calls=5 0x24c50 25 
* * 30 5 0 1 0 0 1 0 0 5
+5 * 5
+3 +4 5 5
+3 -2 5
+3 * 5 0 0 0 0 0 0 0 0 5
+2 +2 5
+3 * 5 0 5 1 0 0 1
+3 +2 5
+4 * 5 0 0 0 0 0 0 0 0 5
+2 +6 5
+4 * 5 0 0 0 0 0 0 0 0 5
+6 +15 5
+10 * 5 5
+4 * 5 0 0 0 0 0 0 0 0 5 4
+6 * 5 5 0 0 1 0 0 1
+5 * 5
+2 * 5 0 0 0 0 0 0 0 0 5
+6 * 5 5
+4 * 5
+2 * 5 0 0 0 0 0 0 0 0 5
+2 * 5 5
+4 * 5
+2 * 5 0 0 1 0 0 1 0 0 5 3
+64 * 5 0 0 1 0 0 1
+3 +62 5 5
+5 * 5 0 0 0 0 0 0 0 0 5
+2 +5 5 5
+6 * 5 0 0 0 0 0 0 0 0 5
+2 +6 5 5
+5 * 5
+3 * 5
+4 * 5 0 0 0 0 0 0 0 0 5
+6 +6 5 5
+6 * 5 0 0 0 0 0 0 0 0 5
+6 +6 5 5 0 0 1 0 0 1
+5 +1 5 5
+4 -1 5
+4 +1 5 0 0 1 0 0 1
+4 * 5
+3 * 5 0 0 0 0 0 0 0 0 5 1
+2 +26 5
+4 * 5
+3 * 5 5
+1 * 5 5
+2 * 5 5
+2 * 5 5
+2 * 5 5
+2 * 5 5
+1 * 5 5
+73 -22 1 0 0 1 0 0 1
+5 * 1
+3 * 1
+3 * 1
+6 * 1
+3 * 1
+3 * 1 0 0 0 0 0 0 0 0 1 1
+23 * 1 0 0 1 0 0 1
+5 * 1
+3 * 1
+3 * 1 0 0 0 0 0 0 0 0 1
+6 * 1
+5 +1 1
+3 * 1
+3 -1 1
+4 +1 1 0 1
cfi=(69) /usr/src/debug/glibc/glibc/io/../sysdeps/unix/sysv/linux/pread64_nocancel.c
cfn=(240) __pread64_nocancel
calls=1 0x24c20 25 
* * 7 1 0 1 0 0 1 0 0 1
+5 * 1
+3 * 1 0 0 0 0 0 0 0 0 1 1
+98 -91 3 0 0 1 0 0 1
+10 * 3 3
+4 * 3 0 0 0 0 0 0 0 0 3 2
+82 +90 1 0 1 1 0 0 1
+6 * 1 0 0 1 0 0 1

fn=(90)
0x7f70 842 6 0 0 1 0 0 1
+4 +8 6 6
+5 * 6 0 0 0 0 0 0 0 0 6
+6 -6 6 6 0 1 0 0 1
+4 +12 6
+4 * 6 0 0 0 0 0 0 0 0 6
+6 -13 6 6
+3 +13 6
+5 -13 6 6
+4 * 6
+3 +13 6
+3 * 6
+69 +3 6 6 0 1 5 0 1 5
+2 * 6
+3 * 6 0 0 0 0 0 0 0 0 6
+2 +1 6 6
+4 * 6 0 0 0 0 0 0 0 0 6
+2 +1 6 6
+7 * 6 0 0 0 0 0 0 0 0 6
+2 +3 6 6
+3 * 6
+3 * 6 0 0 1 0 0 1 0 0 6
+6 +1 6
+2 * 6
+3 * 6 0 0 0 0 0 0 0 0 6
+6 +4 6
+4 +1 6
+4 * 6
fi=(31)
+7 97 3
+6 * 3 0 0 0 0 0 0 0 0 3
+6 258 3 3
+7 * 3
+3 * 3 0 0 0 0 0 0 0 0 3
fe=(30)
+6 888 3
+6 * 3 0 0 0 0 0 0 0 0 3 2
+2 +4 5
+4 * 5
+4 * 5
+4 +2 5
+3 * 5
+3 * 5
+4 * 5 0 0 0 0 0 0 0 0 5
+6 -20 11 0 0 1 0 0 1
+2 * 11 11 0 0 2 0 0 2
+2 +4 11
+2 * 11 0 0 0 0 0 0 0 0 11
+2 -3 11 11
+3 +6 11
+4 +1 11
+4 * 11
+3 * 11 0 0 0 0 0 0 0 0 11
fi=(31)
+2 95 11
+3 * 11 0 0 1 0 0 1
+7 * 11
+7 * 11 0 0 0 0 0 0 0 0 11 5
+2 +7 8
+3 * 8 0 0 0 0 0 0 0 0 8
+2 +16 8 8 0 0 2 0 0 2
+3 -3 8
+6 * 8 0 0 0 0 0 0 0 0 8 5
+2 252 3
+2 * 3 0 0 0 0 0 0 0 0 3 2
fe=(30)
+37 904 3 3
fi=(31)
+60 257 3 3 0 1 0 0 1
+7 -4 3 0 3
+6 +4 3
+3 * 3
+3 * 3 0 3
+6 +3 3 3
+2 -6 5
+2 * 5 0 0 0 0 0 0 0 0 5
+2 +1 5 0 5
+6 +2 5 5
+7 * 5
+3 * 5
+3 * 5 0 5
+6 +3 5
fe=(30)

fn=(190)
0x8160 948 5 0 5 1 0 0 1
+1 * 5
+3 * 5 0 5
+2 * 5
+3 * 5 0 5
+2 * 5 0 5
+2 * 5
+3 * 5 0 5
+2 * 5 0 5
+1 * 5
+3 * 5
+7 +15 5 5
+3 -15 5 0 5 1 0 1 1 0 1
+7 * 5 0 5 0 0 2 0 0 2
+7 +15 5
+5 -15 5 0 5
+6 +15 5 0 5
+6 * 5 0 0 0 0 0 0 0 0 5 3
+86 +85 5 5 0 1 0 0 1
+3 * 5
+3 * 5 0 5 1 0 0 1
+6 * 5 0 0 0 0 0 0 0 0 5
+6 +10 5 5
+7 * 5 0 0 0 0 0 0 0 0 5
+6 +7 5 5
+4 * 5 5
+4 * 5
+3 * 5 5
+3 * 5 5
+7 * 5 5
+7 * 5 0 5
cfi=(26)
cfn=(72)
calls=5 0xcca0 59 
* * 1762 354 253 9 8 42 8 8 42 252 74 15 1
+5 * 5
+3 +1 5
+3 * 5 0 0 1 0 0 1 0 0 5
+6 +11 5 5
+4 +1 5 5
+5 -1 5 0 5 0 0 2 0 0 2
+8 +2 5 5
+5 +3 5 5
+4 -3 5 0 5
+9 +2 5
+4 +1 5
+4 * 5 5
+3 * 5 0 0 0 0 0 0 0 0 5 1
+6 +1 4
+5 * 4 0 4 1 0 0 1
+7 +19 4 4
+9 * 4
+3 -2 4 0 4
+7 +2 4
+4 * 4
+4 * 4
+3 * 4
+6 * 4
+3 * 4
+3 * 4 0 0 0 0 0 0 0 0 4 2
-42 * 1 1
+9 * 1
+3 -2 1 0 1
+7 +2 1
+4 * 1
+4 * 1
+3 * 1
+6 * 1
+3 * 1
+3 * 1 0 0 0 0 0 0 0 0 1 1
+23 * 5 0 0 1 0 0 1
+5 * 5
+3 * 5
+3 * 5 0 0 0 0 0 0 0 0 5
+2 * 5 0 5
+6 * 5
+5 * 5
+3 * 5
+4 * 5
+3 +10 5 5
+7 -10 5
+4 * 5 0 5
+7 +10 5
+3 * 5
+3 * 5 0 0 1 0 0 1 0 0 5
+6 +27 5 5
+7 -33 5
+2 -3 5
+2 +2 5 0 5
+7 -1 5 0 5
+7 +8 5 5
+7 +36 5
+3 +27 5 0 5
+7 -36 5
+4 -41 5 0 5
+10 +50 5
+3 +27 5 0 5 1 0 0 1
+7 * 5 0 5
+7 * 5
+5 -62 39
+3 * 39 0 0 0 0 0 0 0 0 39 5
+6 * 34
+3 * 34 0 0 0 0 0 0 0 0 34 1
+6 * 33
+3 * 33 0 0 0 0 0 0 0 0 33 14
+6 +26 20 20 0 0 5 0 0 5
+4 * 20 20
+4 * 20
+3 * 20
+3 * 20
+3 * 20 0 0 1 0 0 1 0 0 20
+6 +8 20
+4 +2 20 20 0 0 2 0 0 2
+4 -1 20
+3 -1 20
+4 +1 20
+3 +1 20
+3 +2 20 20
+4 -3 20 0 20
+7 * 20 0 20 0 0 4 0 0 4
+4 +1 20
+5 +2 20 0 20 0 0 3 0 0 3
+5 +2 20 20
+4 -4 20
+3 * 20 0 20
+5 +4 20
+3 * 20 0 0 1 0 0 1
+3 -3 20 0 20
+5 +3 20
+4 * 20
+4 * 20
+3 * 20
+4 +2 20
+3 * 20 0 20 0 0 2 0 0 2
+5 +13 20
+4 * 20 0 0 0 0 0 0 0 0 20 5
+2 * 15 15
+7 * 15 15
+5 * 15
+4 * 15 0 15
+7 +6 15
+4 +1 15 15
+3 * 15
+6 * 15
+3 * 15
+3 * 15
+3 * 15
+3 * 15
+3 * 15 0 15
+5 -28 15
+3 * 15
+1 -35 15
+4 * 15
+3 * 15 0 0 0 0 0 0 0 0 15
-44 +62 5
+4 +1 5 5
+3 * 5
+6 * 5
+3 * 5
+3 * 5
+3 * 5
+3 * 5
+3 * 5 0 5 0 0 1 0 0 1
+5 -28 5
+3 * 5
+1 -35 5
+4 * 5
+3 * 5 0 0 0 0 0 0 0 0 5
-7 * 39
+4 * 39
+3 * 39 0 0 0 0 0 0 0 0 39
+2 +1 64 64 0 1 10 0 1 10
+2 * 64
+3 * 64 0 0 0 0 0 0 0 0 64 7
+6 * 61 0 0 0 0 0 0 0 0 61 17
+6 * 22
+6 * 22 0 0 1 0 0 1 0 0 22 5
+6 * 17
+6 * 17 0 0 0 0 0 0 0 0 17 13
+2 1225 5 5 0 0 1 0 0 1
+5 1112 5
+4 1225 5 5
+5 * 5 0 5
+9 1112 5
+3 * 5 0 0 0 0 0 0 0 0 5
+2 * 5
+6 1230 5 5
+7 * 5 5
+7 * 5 0 0 1 0 0 1
+3 * 5 0 0 0 0 0 0 0 0 5 2
+6 1078 5 5
+7 1240 5
+2 1078 5 0 5
+6 * 5
+4 * 5
+6 1241 5
+3 -1 5
+4 +1 5 0 5
+3 -1 5
+4 * 5
+3 * 5 0 0 0 0 0 0 0 0 5 2
-17 +1 15
+3 -1 15
+4 +1 15 0 15
+3 -1 15
+4 * 15
+3 * 15 0 0 0 0 0 0 0 0 15 4
+2 +7 5 5
+7 * 5 0 0 0 0 0 0 0 0 5
+6 +10 5 5 0 1 0 0 1
+6 * 5 0 0 0 0 0 0 0 0 5
+6 * 5 5
+7 * 5 0 0 0 0 0 0 0 0 5
+6 +7 5
+4 * 5 5
+7 * 5 5
fi=(59) /usr/src/debug/glibc/glibc/elf/./dl-map-segments.h
+8 29 5 5
fe=(30)
+8 1264 5 5
+5 * 5 0 5
+7 * 5 0 0 1 0 0 1
+3 * 5 0 5
fi=(59)
+7 29 5
+3 * 5 0 0 0 0 0 0 0 0 5
+6 +1 5 5
+7 * 5 5
+7 * 5
+5 * 5 5
+7 * 5 5
+7 * 5 5
+7 * 5 5 0 1 0 0 1
+8 * 5 0 5
cfi=(60)
cfn=(198)
calls=5 0x24dd0 +17 
* * 140 25 15 2 0 1 2 0 1 25 4
+5 +72 5 0 5
+8 -72 5
+3 +73 5
+4 * 5 0 0 0 0 0 0 0 0 5
+6 +3 5 5
+7 * 5
+3 +1 5 5
+7 -1 5 0 5
+8 +1 5 0 5
+4 +2 5 5 0 1 0 0 1
+7 * 5 0 0 0 0 0 0 0 0 5 2
+56 +17 5 0 5 1 0 0 1
+9 -44 5
fi=(61) /usr/src/debug/glibc/glibc/elf/./dl-load.h
+3 +9 5 5
+9 * 5 0 0 0 0 0 0 0 0 5 3
-9 * 15 15
+9 * 15 0 0 0 0 0 0 0 0 15
fi=(59)
+6 +59 20 20
+4 * 20 20
+4 * 20
+3 * 20 0 0 0 0 0 0 0 0 20 11
+6 +6 5 5
+4 +2 5 5
+7 -2 5
+3 +3 5
+3 -2 5
+4 +2 5
+3 -1 5 0 0 1 0 0 1
+5 * 5
+3 +3 5
+3 * 5
+3 * 5
+4 +5 5
+3 * 5 0 0 0 0 0 0 0 0 5
+2 +3 5 5
+4 * 5
+4 * 5 0 0 0 0 0 0 0 0 5
+6 +8 5
+3 * 5 0 5
+7 * 5
+2 * 5
+3 * 5 0 5
+7 * 5
+3 * 5 0 5
+7 * 5 0 5
cfi=(44)
cfn=(140)
calls=5 0x25eb0 -40 
* * 826 5 434 1 0 110 1 0 110 118 25
+6 * 5 5
+7 * 5 5
+7 * 5 5
+7 +6 5
+3 * 5 0 0 0 0 0 0 0 0 5 2
+6 +41 20 0 0 1 0 0 1
+4 -88 20
+4 * 20
+3 * 20
+3 * 20 0 0 0 0 0 0 0 0 20 5
+6 +2 15 15
+4 * 15 15 0 1 0 0 1
+4 * 15
+3 * 15 0 0 0 0 0 0 0 0 15
+6 +2 15 15
+4 * 15 15
+4 +1 15
+3 -1 15
+5 * 15 15
+7 * 15 15
+4 * 15 0 15
cfi=(60)
cfn=(198)
calls=15 0x24dd0 -93 
* * 315 60 45 0 0 0 0 0 0 45
+5 * 15
+4 * 15 0 0 0 0 0 0 0 0 15 2
fi=(57) /usr/src/debug/glibc/glibc/elf/../sysdeps/posix/dl-fileid.h
0x8730 37 5 5 0 1 0 0 1
+6 * 5
+7 * 5 0 5 1 0 2 1 0 2
cfi=(58)
cfn=(194)
calls=5 0x24950 -7 
* * 30 5 0 1 0 0 1 0 0 5
+5 * 5
+2 * 5 0 0 0 0 0 0 0 0 5
+6 +3 5 5 0 0 1 0 0 1
fe=(30)
+7 999 5
fi=(57)
+7 40 5 0 5
+7 +1 5 5
+7 * 5 0 5
fe=(30)
+7 999 5 5
+5 * 5 5
+4 * 5 5
+7 * 5 5 0 1 0 0 1
+7 * 5
+3 * 5 0 0 0 0 0 0 0 0 5 4
+25 * 20 20
+5 * 20
+3 * 20 0 0 0 0 0 0 0 0 20 5
+6 +1 20 20
+9 * 20 0 0 0 0 0 0 0 0 20
fi=(57)
+2 49 20 20 0 1 1 0 1 1
+8 * 20 0 0 0 0 0 0 0 0 20 5
+2 * 10 10
+8 * 10 0 0 0 0 0 0 0 0 10 4
fe=(30)
+39 1469 5
+4 * 5
+3 * 5 5
+1 * 5 5
+2 * 5 5
+2 * 5 5
+2 * 5 5
+2 * 5 5
+1 * 5 5
+5 1133 1 1
+4 * 1 0 1
+8 +1 1
+12 -15 5 5 0 1 1 0 1 1
+5 * 5 0 0 0 0 0 0 0 0 5
+6 +9 5 5
+9 -2 5 5
+4 * 5 0 5
+5 +1 5 5 0 1 1 0 1 1
+4 +1 5
+4 -1 5
+4 * 5 0 5
+9 +1 5 5
+4 * 5
+3 * 5
+3 * 5
+3 * 5
+3 * 5
+3 * 5 0 5
+8 * 5
+11 +93 5 5
+3 * 5 0 5 1 0 0 1
+6 +1 5
+15 -34 3 3 0 0 1 0 0 1
+4 * 3
+3 * 3 0 0 0 0 0 0 0 0 3
+6 +5 3 3 0 0 1 0 0 1
+4 -1 3
+5 * 3
+5 +5 3
+4 -5 3
+4 * 3 0 3 0 0 3 0 0 3
+9 -66 3 3
+4 +71 3 0 0 1 0 0 1
+3 * 3
+3 * 3
+4 * 3 0 3 0 0 1 0 0 1
+8 +1 3 3
+4 +3 3 0 3 0 0 1 0 0 1
+8 -3 3 0 3
+8 +8 3 3
+9 * 3
+3 * 3
+4 * 3 0 0 0 0 0 0 0 0 3 2
+66 1086 1 0 0 1 0 0 1
+4 * 1
+3 * 1 0 0 1 0 0 1
+3 * 1
+6 * 1
+3 * 1
+3 * 1 0 0 0 0 0 0 0 0 1 1
+23 * 1
+5 * 1
+3 * 1
+3 * 1 0 0 0 0 0 0 0 0 1 1
+6 * 1
+5 +1 1 1
+6 * 1
+3 -1 1
+4 +1 1
+3 -1 1 0 1
+7 +1 1 0 1
cfi=(69)
cfn=(240)
calls=1 0x24c20 25 
* * 7 1 0 0 0 0 0 0 0 1
+5 * 1
+3 * 1 0 0 0 0 0 0 0 0 1 1
+30 -69 5 5 0 1 0 0 1
+5 * 5 0 0 1 0 0 1 0 0 5 3
0x8b28 1280 5 5 0 1 0 0 1
+5 * 5 5
+7 * 5
+3 * 5 0 0 0 0 0 0 0 0 5
+6 +1 5 5 0 1 0 0 1
+4 * 5
+4 * 5 0 5
fi=(62) /usr/src/debug/glibc/glibc/elf/get-dynamic-info.h
+5 39 5
+3 * 5 0 0 0 0 0 0 0 0 5
+6 +6 5 5 0 0 5 0 0 5
+3 -2 5
+5 +2 5
+3 * 5 0 0 0 0 0 0 0 0 5 5
+10 +8 6
+6 +15 6 0 6 0 0 2 0 0 2
+4 -23 6 6 0 0 2 0 0 2
+4 * 6
+4 * 6
+3 * 6 0 0 0 0 0 0 0 0 6
-15 +23 132 0 132 0 0 33 0 0 33
+4 -23 132 132 0 0 33 0 0 33
+4 * 132
+4 * 132
+3 * 132 0 0 0 0 0 0 0 0 132 7
+6 +4 138
+4 * 138 0 0 0 0 0 0 0 0 138 59
+2 +3 36
+7 -1 36
+4 * 36 0 0 0 0 0 0 0 0 36 4
+2 +3 30
+6 * 30
+3 * 30
+4 * 30 0 0 0 0 0 0 0 0 30 5
+2 +1 25
+5 * 25
+3 * 25
+3 * 25
fi=(61)
+2 +37 4 4 0 1 0 0 1
+4 * 4 4
+4 * 4
+3 * 4 0 0 1 0 0 1 0 0 4
+6 +2 4 4
+5 -1 4 4
+4 * 4 4
+4 +1 4
+4 -1 4
+3 * 4
+3 +1 4
+3 -1 4
+3 * 4 0 0 0 0 0 0 0 0 4
+6 +3 4
+3 * 4
+3 * 4 0 4
+8 * 4
fi=(62)
+5 -40 5
+4 * 5
+3 * 5 0 0 1 0 0 1
+3 * 5
+4 * 5 0 0 0 0 0 0 0 0 5
+6 +3 5
+6 * 5
+3 * 5
+4 * 5 0 0 0 0 0 0 0 0 5 2
+23 +13 5
+3 * 5 0 0 0 0 0 0 0 0 5
+6 * 5 5 0 1 0 0 1
+9 * 5 0 0 0 0 0 0 0 0 5
+6 +12 5 5
+5 * 5
+3 * 5 0 0 0 0 0 0 0 0 5 2
+6 +1 5 5
+5 * 5
+3 * 5 0 0 0 0 0 0 0 0 5 5
+2 * 2 0 2
+4 +1 2 2
+5 * 2
+3 * 2 0 0 0 0 0 0 0 0 2
-8 * 3 3
+5 * 3
+3 * 3 0 0 0 0 0 0 0 0 3
+2 * 5 0 5
+4 +1 5 5
+5 * 5
+3 * 5 0 0 0 0 0 0 0 0 5
+2 * 5 0 5 1 0 0 1
+4 +1 5 5
+8 * 5
+3 * 5 0 0 0 0 0 0 0 0 5
+2 * 5 0 5
+4 +1 5 5 0 0 1 0 0 1
+8 * 5
+3 * 5 0 0 0 0 0 0 0 0 5 2
+2 * 2 0 2
+4 +1 2 2
+8 * 2
+3 * 2 0 0 0 0 0 0 0 0 2
-11 * 3 3 0 0 1 0 0 1
+8 * 3
+3 * 3 0 0 0 0 0 0 0 0 3 1
+2 * 4 0 4
+4 +1 4 4
+8 * 4
+3 * 4 0 0 0 0 0 0 0 0 4
-11 * 1 1
+8 * 1
+3 * 1 0 0 1 0 0 1 0 0 1
+2 * 5 0 5
+4 +12 5 5
+5 +7 5 5
+8 -7 5
+3 * 5 0 0 0 0 0 0 0 0 5
+6 * 5 5
+4 * 5
+3 * 5 0 0 0 0 0 0 0 0 5
+2 * 5
+3 * 5 0 5
+4 +7 5
+3 * 5 0 0 0 0 0 0 0 0 5 3
+2 +5 2 2
+5 * 2 0 0 0 0 0 0 0 0 2
+6 +7 2 2
+6 * 2 0 0 0 0 0 0 0 0 2
+2 +1 5 5 0 1 0 0 1
+8 * 5 5
+5 * 5 0 0 0 0 0 0 0 0 5
+6 +6 5 5
+8 * 5
+3 * 5 0 0 0 0 0 0 0 0 5
+2 +1 5 5
+8 * 5 5
+5 * 5 0 0 0 0 0 0 0 0 5
+6 +17 5 5
+8 * 5 0 0 1 0 0 1
+3 * 5 0 0 0 0 0 0 0 0 5
+2 +5 5 5
+4 * 5 0 5 0 0 2 0 0 2
+8 +2 5
+3 * 5 0 0 0 0 0 0 0 0 5 4
+10 +2 5
+3 * 5 0 0 0 0 0 0 0 0 5 4
+10 +2 5
+3 * 5 0 0 0 0 0 0 0 0 5
+2 +1 5 0 5
+8 +3 5 5
+8 * 5 0 0 1 0 0 1
+3 * 5 0 0 0 0 0 0 0 0 5
+6 +2 5 5
+4 * 5 0 5
+8 * 5
+2 +1 5
+3 * 5 0 0 0 0 0 0 0 0 5 1
+11 +9 5 5
+7 * 5 0 0 0 0 0 0 0 0 5
+6 +6 5
+2 * 5 0 0 0 0 0 0 0 0 5
+2 +1 5 5
+8 * 5 0 5 1 0 0 1
+8 +3 5 5
+9 * 5 0 0 0 0 0 0 0 0 5 2
fe=(30)
+14 1287 5
+2 * 5
+6 +1 5
+2 * 5 0 0 0 0 0 0 0 0 5 2
+13 +2 5
+2 * 5 0 0 0 0 0 0 0 0 5 2
+16 +10 5 5 0 1 0 0 1
+8 * 5
+3 * 5 0 0 0 0 0 0 0 0 5
+6 +19 5 5
+4 * 5 0 5
+8 +2 5 5
+6 * 5
+2 * 5 5
+6 * 5
+2 * 5 0 0 0 0 0 0 0 0 5
+6 +20 5 5 0 0 2 0 0 2
+8 * 5 0 0 1 0 0 1
+3 * 5 0 0 0 0 0 0 0 0 5 2
+2 +1 3 3
+4 * 3 0 3
+8 +6 3 3
+9 * 3 3
+8 * 3 3
+7 * 3
+4 * 3
+4 * 3
+3 * 3 0 0 0 0 0 0 0 0 3 2
-35 * 2 2
+9 * 2 2
+8 * 2 2
+7 * 2
+4 * 2
+4 * 2
+3 * 2 0 0 0 0 0 0 0 0 2 2
+13 +1 52
+5 * 52 0 0 0 0 0 0 0 0 52 20
+2 +6 5
+3 * 5
+3 * 5
+3 * 5 0 5
cfn=(90)
calls=5 0x7f70 842 
* * 420 82 14 0 9 0 0 9 0 100 13
+6 -7 64 64
+8 * 64 0 0 0 0 0 0 0 0 64 5
+6 +1 64 64 0 1 54 0 1 54
+3 +6 64
+4 -6 64
+3 * 64 0 0 0 0 0 0 0 0 64 25
fi=(31)
+2 149 12 12
+9 * 12 0 0 0 0 0 0 0 0 12 7
fe=(30)
0x9090 984 5 0 5 1 0 0 1
+7 * 5
+18 1086 1 0 1
+6 * 1
+41 1360 5 5 0 1 0 0 1
+6 * 5 0 5
cfi=(63)
cfn=(206)
calls=5 0x24a80 25 
* * 30 5 0 1 0 0 1 0 0 5
+5 * 5
+2 * 5 0 0 0 0 0 0 0 0 5
+6 +13 5 5
+7 * 5 0 0 0 0 0 0 0 0 5
+6 +2 5 5
+8 * 5 5 0 1 0 0 1
+4 * 5
+3 * 5 0 5
+8 +2 5 5
+7 * 5 0 0 0 0 0 0 0 0 5
+6 +16 5
+3 * 5 0 5
cfi=(8)
cfn=(14)
calls=5 0x124f0 25 
* * 135 40 30 0 6 0 0 6 0 15
+5 +4 5 5
+4 * 5 0 0 0 0 0 0 0 0 5
+2 +1 5 5
+9 * 5 0 0 0 0 0 0 0 0 5
+6 +17 5 5 0 1 0 0 1
+9 * 5 0 0 0 0 0 0 0 0 5 4
+2 +1 1 0 1
+7 +3 1 1
+7 * 1 0 1
+8 * 1 1
+7 * 1 0 1
+8 +5 1 1
+8 * 1 0 0 0 0 0 0 0 0 1
-38 -5 4 4
+7 * 4 0 4
+8 * 4 4
+7 * 4 0 4
+8 +5 4 4
+8 * 4 0 0 0 0 0 0 0 0 4
+6 +5 5 5
+8 * 5 0 0 1 0 0 1 0 0 5
+6 +10 5 5
+5 * 5
+7 * 5 5
+6 * 5 0 0 0 0 0 0 0 0 5 3
+6 +8 5 5
+9 * 5 0 0 0 0 0 0 0 0 5 2
+2 +1 3 3
+9 * 3
+3 * 3
+2 * 3 0 0 0 0 0 0 0 0 3
+6 +5 3
+3 * 3 0 3
cfi=(46)
cfn=(238)
calls=3 0x131d0 159 
* * 33 12 9 1 0 0 1 0 0 3
+5 +7 5 5 0 1 0 0 1
+4 * 5
+3 * 5 0 5
cfi=(26)
cfn=(86)
calls=5 0xcc00 31 
* * 255 65 45 0 0 0 0 0 0 25 15 10
+5 +3 5 5
+4 * 5 0 0 0 0 0 0 0 0 5
+6 +3 5 5
+4 * 5 5
+3 * 5
+3 * 5 0 5
cfn=(210) _dl_notify_new_object
calls=5 0x66e0 908 
* * 210 65 30 5 0 0 5 0 0 30 15
+5 * 5
fi=(59)
0x92ce 189 2 0 0 1 0 0 1
+3 * 2 2
+4 * 2
+3 * 2
+6 -3 2 2 0 0 1 0 0 1
+8 +3 2
+3 * 2
+5 * 2
+3 * 2 0 2
+7 -3 2 0 2
+7 * 2 0 0 1 0 0 1
+4 +3 2 0 2
+7 -3 2 0 2
+7 * 2 0 2
+7 * 2 0 2
+7 * 2 0 2
+4 +3 2 0 2
cfi=(60)
cfn=(198)
calls=2 0x24dd0 47 
* * 42 8 6 0 0 0 0 0 0 6
+5 +3 2
+4 * 2 0 0 0 0 0 0 0 0 2
+6 +2 2 0 2
cfi=(68)
cfn=(236)
calls=2 0x24ee0 33 
* * 12 4 0 0 0 0 0 0 0 2 1
+5 * 2
+2 * 2 0 0 0 0 0 0 0 0 2 2
fi=(4)
0x96cc -98 5 5 0 1 0 0 1
+8 * 5
+3 * 5 0 0 0 0 0 0 0 0 5 1
+6 * 4 4
+9 * 4 4
+5 +3 4
+2 * 4
+3 +1 4 4
+4 -1 4 4
+4 * 4 0 0 0 0 0 0 0 0 4 2
+6 +1 4 0 0 1 0 0 1
fe=(30)
+3 1440 4
+3 * 4
+3 * 4 0 0 0 0 0 0 0 0 4
+6 * 4
+7 * 4 0 4
cfi=(33)
cfn=(100)
calls=4 0x26880 98 
* * 100 28 0 0 5 0 0 5 0 12 1
+5 * 4
+2 * 4 0 0 0 0 0 0 0 0 4 3
+6 +1 1 1
+5 * 1 0 1
+5 * 1
fi=(62)
0x97a2 62 5 0 0 1 0 0 1
+6 * 5
+3 * 5
+4 * 5 0 0 0 0 0 0 0 0 5
+6 +2 5
+6 * 5
+3 * 5 0 0 1 0 0 1
+3 * 5
fe=(30)

fn=(112)
0x7c00 680 1 0 0 1 0 0 1
+4 * 1 0 1
+1 * 1
+3 * 1 0 1
+2 * 1
+3 * 1
+3 * 1 0 1
+2 +14 1
+7 -14 1 0 1
+2 * 1
+3 * 1
+3 +14 1
+7 -14 1 0 1
+1 +14 1 0 1
cfi=(38)
cfn=(114)
calls=1 0x1bf80 171 
* * 1379 282 232 32 1 7 32 1 7 154 42 2 1
fi=(28)
+5 56 1
fe=(30)
+5 694 1 0 1
fi=(28)
+7 56 1 1 1 0 0 0 0 0 0 0 0 1 1
cfi=(27)
cfn=(78)
calls=1 0xc630 -20 
* * 18 3 3 0 0 0 0 0 0 3 1
fe=(30)
+6 699 1 0 1 1 0 1 1 0 1
+7 +2 1
+3 * 1 0 0 0 0 0 0 0 0 1
+6 +12 1
+10 * 1
+3 -4 1 1
+7 +4 1
+8 * 1
+3 * 1
+4 * 1
+4 * 1
fi=(28)
+4 56 1 1 1 1 0 0 1 0 0 0 0 1 1
cfi=(27)
cfn=(78)
calls=1 0xc630 -20 
* * 18 3 3 0 0 0 0 0 0 3 1
fe=(30)
+6 713 1 0 1
+4 +2 1 1
+7 * 1 1
+3 * 1
+3 * 1 0 0 0 0 0 0 0 0 1
+6 +17 1
+7 +9 1 1
+7 -19 1 0 1
+7 -1 1 0 1
+10 +11 1
+5 +3 1 0 0 1 0 0 1
+7 -5 1 0 1
+4 +5 1 0 1
+4 +1 1 0 1 0 0 1 0 0 1
+8 -4 1 0 1
+4 +9 1
+3 * 1 0 0 0 0 0 0 0 0 1
+2 +1 1
+4 * 1
+4 * 1
+2 * 1 0 1
cfi=(44)
cfn=(140)
calls=1 0x25eb0 137 
* * 14 1 2 3 0 0 3 0 0 2 2
+6 +2 1 0 1
+7 +12 1 1
+7 +3 1 0 0 1 0 0 1
+7 -8 1 0 1
+8 -1 1 0 1
+11 +9 1
+3 * 1
+4 +2 1 1
+7 * 1
+3 * 1
+2 * 1 0 0 0 0 0 0 0 0 1
+6 +2 1 1
+7 * 1
+3 * 1 0 0 0 0 0 0 0 0 1 1
+75 +36 1 0 0 1 0 0 1
+3 * 1 0 0 0 0 0 0 0 0 1 1
+9 +31 1 0 1
+11 +1 1
+4 * 1 1
+1 * 1 1
+2 * 1 1
+2 * 1 1
+2 * 1 1
+1 * 1 1
+75 -49 1 1 0 1 0 0 1
+7 -2 1 0 1 1 0 0 1
+11 +2 1
+3 * 1 0 0 0 0 0 0 0 0 1 1
0x7f0e +14 1 0 1 1 0 0 1
+11 * 1

fn=(180)
0x7360 228 14 0 0 1 0 0 1
+4 * 14 0 14
+1 +3 14
+5 -3 14
+3 * 14 0 14
+2 +7 14
+3 -7 14 0 14
+1 +3 14 0 14 0 0 1 0 0 1
cfi=(42)
cfn=(126)
calls=14 0x26650 32 
* * 456 57 0 3 5 0 3 5 0 33 9
+5 +3 14
+3 * 14 0 0 0 0 0 0 0 0 14
+2 +20 14
+3 * 14 14 0 1 0 0 1
+1 * 14 14
+2 * 14 14
+1 * 14 14

fn=(210)
0x66e0 908 5 0 5 1 0 0 1
+1 * 5
+3 * 5 0 5
+2 * 5
+3 +2 5
+3 -2 5 0 5
+2 * 5
+3 * 5 0 5
+2 * 5
+3 * 5 0 5
+1 +2 5 0 5
cfi=(45)
cfn=(212)
calls=5 0x3620 94 
* * 35 10 0 1 0 0 1 0 0 10 6
+5 * 5
+3 +1 5 5 0 1 0 0 1
+3 * 5
+2 * 5 0 0 0 0 0 0 0 0 5 4
+25 +21 5 5
+5 * 5
+7 * 5 5
+4 * 5 5
+7 * 5 0 0 0 0 0 0 0 0 5 2
+12 -4 5 0 0 1 0 0 1
+3 * 5 0 0 0 0 0 0 0 0 5 3
+13 +7 5 5
+1 -2 5
+3 * 5
+3 +2 5 5
+2 * 5 5
+2 * 5 5
+2 * 5 5
+1 -2 5
cfi=(49)
cfn=(214) _dl_audit_objopen
calls=5 0x19b80 77 
* * 25 10 0 1 0 0 1 0 0 5

fn=(222)
0x7b90 656 12 12 0 1 0 0 1
+3 -1 12
+3 * 12
+3 +1 12
+4 * 12 0 0 0 0 0 0 0 0 12 6
+90 +1 12 0 0 1 0 0 1
+2 +16 12
+2 * 12 12

fn=(168)
0xa840 2189 14 0 0 1 0 0 1
+4 * 14 0 14
+1 * 14
+3 * 14 0 14 0 0 1 0 0 1
+2 * 14
+3 * 14 0 14
+2 * 14
+3 +1 14
+3 -1 14 0 14
+2 * 14
+3 * 14 0 14
+2 * 14
+3 * 14 0 14
+1 * 14
+3 * 14
+4 +1 14 0 14 0 0 1 0 0 1
+4 * 14 0 14 0 0 1 0 0 1
cfn=(170) _dl_lookup_map
calls=14 0x9bf0 1893 
* * 9153 2064 472 19 2 2 19 2 2 1301 238 63 32
+5 +1 14 14
+4 * 14
+3 * 14 0 0 0 0 0 0 0 0 14 3
+2 +3 9
+4 * 9 9
+1 * 9 9
+2 * 9 9
+2 * 9 9
+2 * 9 9
+2 * 9 9
+1 * 9 9
+9 * 5 0 0 1 0 0 1
+4 -1 5
+3 * 5
+3 * 5
+3 * 5
+3 * 5
+3 +1 5 5
+1 * 5 5
+2 * 5 5
+2 * 5 5
+2 * 5 5
+2 * 5 5
+1 -1 5
cfn=(176)
calls=5 0x9d00 1928 
* * 18391 3427 2038 150 228 227 149 228 227 3770 631 30 2

fn=(170)
0x9bf0 1893 14 0 0 1 0 0 1
+4 * 14 0 14
+1 * 14
+3 * 14 0 14
+2 * 14 0 14
+1 * 14
+4 +1 14 0 0 1 0 0 1
+3 * 14 0 0 0 0 0 0 0 0 14
+6 +1 14 14 0 0 1 0 0 1
+7 * 14 0 0 0 0 0 0 0 0 14
+6 +3 14
+4 * 14
+7 * 14
+3 * 14 14
+4 * 14
+3 * 14 0 0 0 0 0 0 0 0 14 1
+22 * 51 51
+4 * 51
+3 * 51 0 0 0 0 0 0 0 0 51 6
+6 +5 60 60 0 1 0 0 1
+7 * 60 60
+7 * 60
+3 * 60
+3 * 60
+2 * 60
+2 * 60 0 0 0 0 0 0 0 0 60
+2 +2 60
+3 * 60
+3 * 60 0 60 0 0 1 0 0 1
cfi=(53)
cfn=(172)
calls=60 0xc950 68 
* * 6525 1403 314 14 1 1 14 1 1 806 179 59 31
+5 * 60
+2 * 60 0 0 0 0 0 0 0 0 60 5
+2 +2 51 51
+7 * 51 0 0 0 0 0 0 0 0 51
fi=(4)
+2 96 51 51 0 1 0 0 1
+7 * 51
+3 * 51 0 0 0 0 0 0 0 0 51 28
+2 +4 28 28
+4 -1 28 28
+4 * 28 28
+4 * 28
+2 * 28 28
+7 * 28 0 0 0 0 0 0 0 0 28
+2 +1 28
fe=(30)
+3 1907 28
+3 * 28 0 0 0 0 0 0 0 0 28
+2 +1 28
+3 * 28 0 28
+4 * 28 0 28
cfi=(33)
cfn=(100)
calls=28 0x26880 98 
* * 795 192 0 0 0 0 0 0 0 96 14 4 1
+5 * 28
+2 * 28 0 0 0 0 0 0 0 0 28 5
+22 +13 9
+4 * 9
+3 * 9 9
+1 * 9 9
+2 * 9 9
+1 * 9 9
+15 * 5 0 0 1 0 0 1
+4 -1 5
+2 +1 5
+3 * 5 5
+1 * 5 5
+2 * 5 5
+1 * 5 5

fl=(55)
fn=(186)
0x24bb0 28 6 0 0 1 0 0 1
+4 * 6 0 6
+1 +3 6
+3 -3 6
+3 * 6
+3 * 6 0 6 1 0 1 1 0 1
+4 +3 6
+4 * 6 0 0 0 0 0 0 0 0 6 3
+2 * 6
+2 * 6
+2 * 6
+6 * 6 0 0 0 0 0 0 0 0 6 1
+2 +8 6
+2 * 6
+5 * 6
+3 * 6
+5 * 6
+2 * 6
+6 * 6 0 0 0 0 0 0 0 0 6
+2 +2 6 6
+1 * 6 6

fl=(56)
fn=(188)
0x24c50 25 5 0 0 1 0 0 1
+4 +1 5
+2 * 5
+2 * 5
+6 * 5 0 0 0 0 0 0 0 0 5
+2 +1 5 5

fl=(7)
fn=(12)
0x1c780 42 1 0 0 1 0 0 1
+4 +1 1
+7 * 1 0 1 0 0 1 0 0 1
+7 +1 1
+7 * 1 0 1 0 0 1 0 0 1
+7 +1 1
+7 * 1 0 1
+7 +1 1
+7 * 1 0 1
+7 +1 1 1

fn=(604)
0x1c9c0 76 1 0 0 1 0 0 1
+4 * 1 0 1
+1 +10 1
fi=(177) /usr/src/debug/glibc/glibc/elf/../sysdeps/generic/dl-hash.h
+7 -41 1
+5 -1 1
+4 * 1
fe=(7)
+4 +32 1
+3 * 1 0 1
+2 * 1 0 1
+2 * 1 0 1
+2 * 1 0 1
+2 * 1 0 1
+1 * 1
+3 * 1
+4 +11 1 0 1
+7 -1 1 0 1
fi=(177)
+4 -43 1
+5 * 1
+4 +5 1 0 0 1 0 0 1
+4 * 1
+4 * 1
+3 +14 1
+3 * 1
+4 * 1
+6 * 1
+3 -17 1 1
+3 * 1
+3 * 1 0 0 0 0 0 0 0 0 1
-33 +3 5
+4 * 5
+4 * 5
+3 +14 5
+3 * 5
+4 * 5
+6 * 5
+3 -17 5 5
+3 * 5
+3 * 5 0 0 0 0 0 0 0 0 5 4
fe=(7)
+2 +46 1
+4 * 1
fi=(177)
+3 -24 1
fe=(7)
+5 +22 1 0 1
+8 +2 1
fi=(177)
+7 -19 1 0 1 1 0 0 1
fe=(7)
+3 +19 1 0 1
cfn=(608) lookup_malloc_symbol
calls=1 0x1c8f0 -30 
* * 778 222 95 3 7 0 3 0 0 107 17 2 2
+5 +1 1
+4 * 1
+3 * 1
+7 -1 1
+3 +1 1 0 1
cfn=(608)
calls=1 0x1c8f0 -31 
* * 769 223 95 0 10 0 0 0 0 114 12 1
+5 +1 1
+4 * 1
+3 * 1
+7 -1 1
+3 +1 1 0 1
cfn=(608)
calls=1 0x1c8f0 -32 
* * 837 228 95 0 11 0 0 1 0 123 12 2 2
+5 +1 1
+4 * 1
+3 * 1
+7 -1 1 0 0 1 0 0 1
+3 +1 1 0 1
cfn=(608)
calls=1 0x1c8f0 -33 
* * 702 210 88 0 4 0 0 0 0 101 6 1
+5 +5 1 0 1
+7 +1 1 0 1
+7 +1 1 0 1
+7 +1 1 0 1
+7 +1 1
+4 * 1 1
+1 * 1 1
+2 * 1 1
+2 * 1 1
+2 * 1 1
+2 * 1 1
+1 * 1 1

fn=(608)
0x1c8f0 61 4 0 4 1 0 0 1
+1 * 4
+3 +3 4
+3 -3 4
+3 * 4 0 4
+1 * 4
+3 +3 4 0 0 1 0 0 1
+4 -3 4
+4 +3 4 4
+7 * 4
+3 * 4
+3 * 4 0 4
+2 * 4 0 4
+2 -1 4 0 4
+8 +1 4 0 4
cfi=(79)
cfn=(296)
calls=4 0xb780 769 
* * 2930 831 345 0 32 0 0 1 0 425 45 6 4
+5 +4 4 4
+4 * 4 4
+1 -4 4
+3 +4 4 4
+1 * 4 4
+4 * 4
+3 * 4
+2 * 4 0 0 0 0 0 0 0 0 4
+6 +1 4 4 0 1 0 0 1
+5 * 4 0 0 0 0 0 0 0 0 4
+2 * 4
+3 * 4 0 0 0 0 0 0 0 0 4 2
+2 * 4 4
+3 * 4 4
+4 +2 4 0 4
fi=(178) /usr/src/debug/glibc/glibc/elf/./dl-sym-post.h
+4 -30 4
+2 * 4 0 0 0 0 0 0 0 0 4
+2 +12 4 4
+6 * 4
+2 * 4 0 0 0 0 0 0 0 0 4
fe=(7)
+2 +19 4 4
+4 * 4 4
+4 * 4 4
+1 * 4 4

fl=(77)
fn=(284) dl_cet_check
0x16370 269 1 0 1 1 0 0 1
+1 * 1
+3 * 1
+3 * 1
+4 +6 1
+3 * 1 0 0 1 0 0 1 0 0 1
+6 +2 1 1
+6 * 1
+3 -1 1 0 1
+6 +6 1 1
+8 +3 1 0 1
+3 -3 1
+3 +1 1
+4 -1 1
+3 +1 1
+4 -1 1 0 1
+3 +1 1 0 1
+4 +5 1
+3 * 1 0 0 0 0 0 0 0 0 1
+2 +5 1
+2 * 1 0 0 0 0 0 0 0 0 1
0x16427 +25 1 1 0 1 0 0 1
+1 * 1 1

fn=(648)
0x16690 331 1 0 0 1 0 0 1
+4 +3 1
+2 * 1 0 0 0 0 0 0 0 0 1 1
+42 +16 1 1 0 1 0 0 1

fn=(282)
0x16710 361 1 0 0 1 0 0 1
+4 +1 1
cfn=(284)
calls=1 0x16370 -93 
* * 23 4 5 3 0 0 3 0 0 3

fl=(63)
fn=(206)
0x24a80 25 6 0 0 1 0 0 1
+4 +1 6
+5 * 6
+2 * 6
+6 * 6 0 0 0 0 0 0 0 0 6
+2 +1 6 6

fl=(141)
fn=(466)
0x24e80 117 7 0 0 1 0 0 1
+4 * 7
+5 * 7
+2 * 7
+6 * 7 0 0 0 0 0 0 0 0 7
+2 +5 7 7

fn=(642)
0x24eb0 117 1
+4 * 1
+5 * 1
+2 * 1
+6 * 1 0 0 0 0 0 0 0 0 1
+2 +5 1 1

fl=(366)
fn=(1614)
0x5f60 26 1 0 0 1 0 0 1
+4 * 1 0 1
+1 * 1
+3 * 1 0 1
+2 * 1 0 1
+2 * 1 0 1
+2 +17 1
+3 -17 1 0 1
+2 * 1 0 1
+1 * 1
+4 * 1 0 1
+7 +20 1 1 0 1 1 0 1
+7 * 1
+3 * 1
+4 * 1 0 0 0 0 0 0 0 0 1
+2 * 1
+4 * 1
+7 * 1
+3 * 1
+3 +3 1
+7 * 1 1 1 0 1 0 0 0 0 0 0 1 1
cob=(2)
cfi=(367)
cfn=(1616)
calls=1 0x99f60 +28 
* * 41 11 5 6 0 0 6 0 0 9 3
+6 +2 1 1 0 0 1
+3 +3 1
+2 * 1 0 0 0 0 0 0 0 0 1
+2 +2 1 1
+3 * 1 1 0 0 1
+7 * 1 0 0 1 0 0 1
+3 * 1
+3 * 1 0 0 0 0 0 0 0 0 1 1
+15 -10 1
+4 * 1
+4 * 1
+4 * 1 0 0 0 0 0 0 0 0 1
+2 +95 1 1
+4 * 1 0 0 0 0 0 0 0 0 1
+2 * 1 1
+6 * 1 0 1
+7 +2 1
+6 -2 1
+2 * 1 0 0 0 0 0 0 0 0 1
+2 +6 1 1
+7 * 1 0 0 0 0 0 0 0 0 1
+6 +7 1
+4 * 1 1
+1 * 1 1
+2 * 1 1
+2 * 1 1
+2 * 1 1
+2 * 1 1
+1 * 1 1
+7 -91 1 0 0 1 0 0 1
+5 * 1
+3 * 1 0 1
+3 -2 1 0 1
+4 +2 1 0 1
cfi=(49)
cfn=(638)
calls=1 0x19a70 -22 
* * 8 3 0 2 1 0 0 0 0 1 1
+5 +5 1 1
+3 * 1
+3 * 1
+3 * 1 0 0 1 0 0 1
+8 * 1
+4 * 1
+4 * 1
+3 * 1
+7 * 1
+3 * 1
+3 * 1 0 0 0 0 0 0 0 0 1 1
+23 * 1
+5 * 1
+3 * 1
+3 * 1 0 0 1 0 0 1 0 0 1
+2 * 1 0 1
+6 +6 1 1
+3 -6 1
+3 +4 1
+3 +2 1
+2 * 1
+3 * 1 0 0 0 0 0 0 0 0 1 1
+23 +2 7 7 0 0 7
+4 * 7 0 0 0 0 0 0 0 0 7
+2 +2 7
+2 * 7 0 0 0 0 0 0 0 0 7
+6 +2 7
+2 * 7 0 7
+4 +1 7 0 7 1 0 7 1 0 1
+6 +1 7
+3 +4 7 0 7 0 0 6
+7 -12 7 7 0 0 3
+4 * 7
+3 * 7 0 0 0 0 0 0 0 0 7 4
+2 +19 1
+2 * 1
+3 * 1
+3 * 1 0 0 0 0 0 0 0 0 1
+2 * 1
+2 * 1 0 0 0 0 0 0 0 0 1 1
+6 +1 1
+3 * 1
+3 * 1
+2 * 1 0 0 0 0 0 0 0 0 1 1
+17 +6 1 0 0 1 0 0 1
+3 * 1
+3 * 1
+5 * 1 0 1
+3 * 1 0 1
+4 * 1 0 1
cfi=(13)
cfn=(246)
calls=1 0x126f0 298 
* * 511 137 67 17 13 0 1 0 0 107 37
+5 +9 1
+7 * 1 1 1 0 0 0 0 0 0 0 0 1 1
cob=(2)
cfi=(368)
cfn=(1618)
calls=1 0x9bac0 367 
* * 38 8 5 5 0 0 5 0 0 9 5
+6 +5 1 1
+3 * 1
+2 * 1 0 0 0 0 0 0 0 0 1
+2 * 1 1
+4 * 1
+4 * 1
+9 * 7
+4 +14 7 0 7
+8 -14 7
+3 * 7 0 0 0 0 0 0 0 0 7 3
+2 +2 7 7 0 1 0 0 1
+3 +2 7 7
+8 * 7 0 0 0 0 0 0 0 0 7 1
+2 +2 7
+3 * 7 0 7
+4 * 7 0 7
+4 * 7 0 7
cfi=(369) /usr/src/debug/glibc/glibc/elf/dl-call_fini.c
cfn=(1622) _dl_call_fini
calls=7 0x1fb0 -96 
* * 2386 857 392 76 99 2 60 4 1 382 80 75 44
+5 +3 7
+3 * 7 0 7
cfi=(49)
cfn=(1646) _dl_audit_objclose
calls=7 0x19c60 -26 
* * 35 14 0 1 0 0 1 0 0 7 1
+5 * 7 7
+4 * 7 7
+4 * 7
+2 +8 1 0 0 1 0 0 1
+3 * 1 0 0 0 0 0 0 0 0 1 1
+10 +4 1
+2 * 1
+3 * 1 0 1
cfi=(49)
cfn=(638)
calls=1 0x19a70 -94 
* * 8 3 0 0 0 0 0 0 0 1 1
+5 * 1 1
+4 * 1

fl=(41)
fn=(124)
0x1c3a0 25 15
+4 * 15
+3 +1 15 15
+3 * 15
+3 * 15 0 0 0 0 0 0 0 0 15 3
+6 +4 12 12
+4 * 12 0 12
+3 +4 12 12 0 0 1 0 0 1
+3 * 12
+3 * 12 0 0 1 0 0 1 0 0 12 6
+2 * 6
+4 * 6
+4 * 6
+11 * 6
+11 +1 6 0 6
+3 * 6
+3 -1 6 6
+3 * 6
+4 * 6
+3 * 6 0 0 0 0 0 0 0 0 6
+2 +2 12
+2 * 12 0 0 0 0 0 0 0 0 12 3
+2 -11 9 0 9
+1 +16 9
+5 -16 9
+3 * 9 0 9
+1 * 9
+3 * 9
+4 +16 9 0 9
+4 * 9 0 9
cfi=(42)
cfn=(126)
calls=9 0x26650 -9 
* * 216 27 0 2 0 0 2 0 0 18
+5 +4 9 9
+4 * 9
+3 * 9
+3 -3 9
+3 * 9 0 0 0 0 0 0 0 0 9 3
+2 +1 6 0 6
+4 +3 6
+5 +1 6 6
+4 * 6 6
+1 * 6 6
+3 -20 6 0 0 1 0 0 1
+2 +20 6 6
+6 -4 3 0 3
cfi=(22)
cfn=(62)
calls=3 0x27ee0 +14 
* * 51 6 0 0 0 0 0 0 0 6
+5 * 3
+3 +3 3
+5 -3 3 0 3
+4 +4 3 3
+4 * 3 3
+1 * 3 3

fn=(122)
0x1c510 51 11 0 0 1 0 0 1
+4 * 11 0 11
+1 * 11
+3 * 11 0 11 0 0 1 0 0 1
+1 * 11
+3 * 11
+4 +3 11
+3 * 11 0 11 0 0 1 0 0 1
cfn=(124)
calls=11 0x1c3a0 -29 
* * 467 85 45 4 1 0 4 1 0 56 14
-3 * 3
+3 * 3 0 3
cfn=(124)
calls=3 0x1c3a0 -29 
* * 192 33 21 0 0 0 0 0 0 21
+5 * 14
+2 * 14 0 0 0 0 0 0 0 0 14 5
+2 +2 9 9
+3 +1 9
+2 * 9
+2 * 9 0 9
+3 +1 9
+2 * 9 0 0 0 0 0 0 0 0 9 2
+2 * 6 6
+4 * 6 6
+3 * 6 6
+4 * 6 0 6
cfn=(128) _dl_hwcaps_contains
calls=6 0x1c450 +8 
* * 30 6 0 2 0 0 2 0 0 6 4
+5 * 6
+2 * 6 0 0 0 0 0 0 0 0 6
+2 +4 11 11 0 1 0 0 1
+4 * 11 11
+1 * 11 11

fn=(128)
0x1c450 66 6 0 0 1 0 0 1
+4 +1 6
+3 * 6 0 0 0 0 0 0 0 0 6 4
0x1c4fd +1 6 0 0 1 0 0 1
+5 +9 6 6

fl=(377)
fn=(1698)
0x195b0 29 2 0 0 1 0 0 1
+4 +1 2 2
+9 +1 2 2 0 1 1 0 1
+7 +2 2 2 0 0 1
+3 +1 2 0 0 0 0 0 0 0 0 2 1
+2 +1 2 2 0 0 1
+3 +3 2
+4 +1 2 2
+4 +4 2
+4 +1 2 0 0 0 0 0 0 0 0 2
+2 +1 2 2
+4 +1 2 2

fl=(69)
fn=(240)
0x24c20 25 2 0 0 1 0 0 1
+4 * 2
+3 +1 2
+5 * 2
+2 * 2
+6 * 2 0 0 0 0 0 0 0 0 2
+2 +1 2 2

fl=(176)
fn=(600)
0xc480 74 3 0 0 1 0 0 1
+4 * 3 0 3
+1 * 3
+3 * 3 0 3
+2 * 3
+3 * 3 0 3
+2 * 3 0 3
+2 * 3 0 3
+2 * 3
+3 * 3 0 3
+1 * 3
+4 * 3 0 3
+4 +1 3 3
+7 -1 3 0 3
+4 +2 3
+3 * 3 0 0 0 0 0 0 0 0 3
+6 +2 3
+2 * 3
+3 * 3
+2 +37 3
+2 -37 3 3 0 1 0 0 1
+6 * 3 3
+7 * 3 3 0 0 3
+3 +1 3
+2 * 3 0 0 0 0 0 0 0 0 3 2
+2 +2 3 3
+7 * 3 0 3
+4 * 3
+4 * 3
+1 +3 3 3 0 0 3
+3 * 3
+3 * 3
+3 * 3
+2 * 3 0 0 0 0 0 0 0 0 3 1
-11 * 2 2
+3 * 2
+3 * 2
+3 * 2
+2 * 2 0 0 0 0 0 0 0 0 2 1
+2 +3 3 3
+3 * 3 3
+4 -1 3
+3 +1 3
+3 -1 3 3
+4 +1 3
+3 -1 3
+4 +1 3 0 3
cfn=(602) check_match
calls=3 0xc3a0 -56 
* * 545 112 27 4 19 0 4 8 0 56 21 6 6
+5 * 3
+3 +3 3
+3 * 3 0 0 0 0 0 0 0 0 3 3
+2 +3 2 0 0 1 0 0 1
+4 * 2
+4 * 2 0 0 0 0 0 0 0 0 2 2
+4 +23 3
+4 * 3
+3 * 3 3
+1 * 3 3
+2 * 3 3
+2 * 3 3
+2 * 3 3
+2 * 3 3
+1 * 3 3

fn=(602)
0xc3a0 31 3 0 3 1 0 0 1
+1 * 3
+3 * 3 0 3
+2 * 3 0 3
+2 * 3 0 3
+2 * 3
+3 * 3 0 3
+2 * 3
+3 * 3 0 3
+1 * 3
+4 +1 3 3
+4 * 3 3
fi=(4)
+4 +47 3 0 0 1 0 0 1
fe=(176)
+2 -47 3 3
+7 * 3 0 0 0 0 0 0 0 0 3 1
+8 +1 3
+3 * 3
+4 * 3
+4 +2 3 3 0 0 3 0 0 1
+4 * 3
+3 +1 3 3
+5 * 3 0 0 0 0 0 0 0 0 3
+2 +12 3
+5 * 3 3 3
+3 * 3 0 0 0 0 0 0 0 0 3
+2 +3 3 3
+4 * 3
+3 * 3 3
+4 +2 3 3
+2 * 3 0 0 1 0 0 1
+4 * 3 0 3
cfi=(33)
cfn=(100)
calls=3 0x26880 +45 
* * 209 28 0 0 8 0 0 5 0 22 9 3 3
+5 * 3
+2 * 3 0 0 0 0 0 0 0 0 3
+2 +4 3 3
+7 * 3 3 0 0 3
+5 +1 3
+5 * 3
+4 * 3 3
+7 * 3 3 0 0 1
+5 * 3 0 0 0 0 0 0 0 0 3 2
+2 +1 3 3
+4 * 3
+3 * 3 0 3
cfi=(33)
cfn=(100)
calls=3 0x26880 +39 
* * 171 21 0 0 4 0 0 2 0 19 9 3 3
+5 -19 3
+2 * 3 0 0 1 0 0 1
+5 * 3
+4 +24 3
+4 * 3
+3 * 3 3
+1 * 3 3
+2 * 3 3
+2 * 3 3
+2 * 3 3
+2 * 3 3
+1 * 3 3

fl=(25)
fn=(70)
0x1bdc0 28 2 0 0 1 0 0 1
+4 +1 2 2
+3 +3 2 2
+3 * 2
+3 * 2 0 0 0 0 0 0 0 0 2 1
+2 * 1 1
+17 * 74 74
+4 +13 74
+4 -13 74
+3 * 74 0 0 0 0 0 0 0 0 74
+2 +2 75 75
+3 * 75 0 0 0 0 0 0 0 0 75 19
+2 +1 11 11
+4 * 11 0 0 0 0 0 0 0 0 11 6
+2 * 1 1
+4 * 1 0 0 0 0 0 0 0 0 1
+2 +5 1 0 0 1 0 0 1
+4 -3 1
+4 +3 1 0 1
+3 +2 1 1

fl=(51)
fn=(250)
0x2320 190 1 0 0 1 0 0 1
+4 * 1 0 1
+1 58 1 1
+7 190 1
+3 * 1 0 1
+2 +2 1 1
+7 -2 1 0 1
+1 58 1 0 0 0 0 0 0 0 0 1
+2 +1 1 1 0 1 0 0 1
+7 +11 1 0 1
+11 196 1 0 1
+7 +2 1
+3 * 1 0 1 0 0 0 0 0 0 0 0 1 1
cfi=(2)
cfn=(252)
calls=1 0x1f320 675 
* * 29080 8673 1684 53 136 79 53 130 78 6083 436 90 59
+2 69 1 1
+7 * 1 0 0 0 0 0 0 0 0 1
+2 +1 1 0 1
+7 202 1 1
+1 -1 1 0 1
+7 +1 1 1
+2 * 1 1
+1 * 1 1

fn=(160)
0x2580 258 1 0 0 1 0 0 1
+4 * 1 0 1
+1 * 1
+3 * 1 0 1
+2 * 1
+3 * 1 0 1
+2 +2 1
+4 -2 1
+3 +2 1
+3 -2 1 0 1
+1 * 1
+3 +2 1
+3 -2 1
+4 +2 1 0 1
cfn=(162)
calls=1 0x23b0 -52 
* * 2631 576 317 105 37 38 105 37 38 454 157 9 3
+5 * 1
+2 +1 1 1
+4 * 1 0 1
+4 +1 1 1
+4 +1 1 1
+4 -1 1 0 1
+4 +3 1 0 0 1 0 0 1
+2 -2 1 0 1
+3 +2 1
+4 * 1 1
+1 * 1 1
+2 * 1 1
+2 * 1 1
+1 * 1 1

fn=(162)
0x23b0 208 14 0 0 1 0 0 1
+4 * 14 0 14
+1 * 14
+3 * 14 0 14
+1 * 14
+7 * 14 0 14 1 0 2 1 0 2
+7 58 14 14 0 0 1 0 0 1
+7 208 14 0 14
+7 * 14 0 14 0 0 1 0 0 1
+7 +3 14
+3 * 14 0 0 0 0 0 0 0 0 14 2
+6 +21 14 14
+8 * 14
+7 * 14
+5 * 14
+4 * 14 0 14 1 0 1 1 0 1
+7 58 14
+2 * 14 0 0 0 0 0 0 0 0 14 7
+38 239 14
+7 * 14
+2 * 14 0 14
cfi=(52)
cfn=(164)
calls=14 0x25140 31 
* * 336 70 126 2 0 3 2 0 3
+5 * 14
+4 * 14
+2 * 14 0 0 1 0 0 1 0 0 14
+6 +2 14 14
+7 * 14 14
+7 * 14 0 14 0 0 0 0 0 0 0 0 14 2
cfi=(65)
cfn=(220)
calls=13 0x3800 61 
* * 25703 5161 2383 75 195 198 74 195 198 4635 716 85 32
cfi=(2)
cfn=(166)
calls=1 0x1ec80 642 
* * 2563 560 295 98 35 35 98 35 35 450 156 8 2
+2 69 14 14
+7 +1 14 14
+7 -1 14 0 0 0 0 0 0 0 0 14
+2 +1 14 0 14
+7 243 14 14
+7 * 14
+4 * 14 0 14
+8 * 14 0 14
+3 -25 14
+2 +34 14 14
+4 * 14 14
+1 * 14 14
+6 59 14 14 0 1 1 0 1 1
+7 * 14 0 14
+7 +11 14
+7 * 14 0 14
+7 * 14

fl=(54)
fn=(182)
0x27e80 40 5 0 0 1 0 0 1
+4 * 5 0 5
+1 * 5
+3 * 5 0 5
+2 * 5
+3 * 5 0 5
+1 +1 5 0 5
cfi=(22)
cfn=(62)
calls=5 +82 +16 
* * 175 25 0 1 0 0 1 0 0 15 3
+5 * 5
fi=(402) /usr/src/debug/glibc/glibc/string/../include/rtld-malloc.h
+4 +15 5
+3 * 5 5 5 0 0 0 0 0 0 0 0 5 1
cfi=(27)
cfn=(78)
calls=5 0xc630 -20 
* * 90 15 15 0 0 0 0 0 0 15 1
fe=(54)
+6 -12 5
+3 * 5 0 0 0 0 0 0 0 0 5
+2 +3 5
+3 * 5
+3 +1 5 5
+1 -1 5
+3 +1 5 5
+2 * 5 5
+1 -1 5
cfi=(29)
cfn=(82)
calls=5 0x25cc0 210 
* * 63 17 12 0 0 3 0 0 3 12 2

fl=(369)
fn=(1622)
0x1fb0 24 7 0 0 1
+4 * 7 0 7
+1 * 7
+3 * 7 0 7
+2 * 7
+3 * 7 0 7
+2 * 7 0 7
+1 * 7 0 0 1 0 0 1
+4 +4 7 7 0 0 1
+7 * 7 0 0 0 0 0 0 0 0 7 2
+6 +6 7 7 0 0 7
+7 -2 7 0 7
+8 +3 7
+3 * 7 0 0 0 0 0 0 0 0 7 2
+2 +4 5 5 0 0 2
+7 * 5 5 0 0 5
+4 +3 5
+4 * 5 0 0 0 0 0 0 0 0 5
+2 -4 5 5 0 0 2
+4 * 5 5 0 0 2
+4 * 5 0 0 1 0 0 1
+4 * 5
+4 * 5
+10 +5 5 5 5 0 5 0 0 0 0 0 0 5 5
cob=(6) /usr/lib/libgcc_s.so.1
cfi=(378) /usr/src/debug/gcc/gcc/libgcc/unwind-dw2-fde.c
cfn=(1742) release_registered_frames
calls=1 0x4230 +15 
* * 42 14 12 3 1 0 2 0 0 6 2
cob=(3)
cfi=(202) ???
cfn=(1722) release_registered_frames
calls=1 0xf800 -43 
* * 42 14 12 3 1 0 3 0 0 6 3
cob=(7)
cfi=(249)
cfn=(1664)
calls=1 0xae710 -43 
* * 1570 620 262 40 50 1 35 3 0 233 55 59 28
cob=(5) /usr/lib/valgrind/vgpreload_core-amd64-linux.so
cfi=(192) ???
cfn=(1648) 0x0000000000001090
calls=1 0x1090 -43 
* * 117 29 16 4 2 0 0 0 0 26 5 1 1
cob=(8)
cfi=(267)
cfn=(1624)
calls=1 0x2b00 -43 
* * 117 29 16 10 7 1 9 1 1 26 4 1 1
* * 2 2 2 0 0 0 0 0 0 0 0 2 2
cob=(6)
cfi=(201) ???
cfn=(1746) 0x00000000000053c0
calls=1 0x53c0 -43 
* * 117 29 16 2 2 0 2 0 0 26 2 1 1
cob=(3)
cfi=(202)
cfn=(1726) 0x000000000000f8a0
calls=1 0xf8a0 -43 
* * 117 29 16 3 2 0 0 0 0 26 2 1 1
+2 -1 7
+4 * 7
+3 * 7 0 0 0 0 0 0 0 0 7 2
+2 +5 7 7 0 0 7
+7 +1 7
+3 * 7 0 0 0 0 0 0 0 0 7 1
+2 +1 5 5
+4 * 5 5 0 0 3
+4 +1 5
+4 * 5 5
+1 * 5 5
+2 * 5 5
+2 * 5 5
+1 -1 5 0 0 0 0 0 0 0 0 0 0 5 5
cob=(4)
cfi=(191)
cfn=(1760) 0x0000000004c47868
calls=1 0x4c47868 -49 
* * 4 1 0 1 0 0 1
cob=(4)
cfi=(191)
cfn=(1740) 0x0000000004bac808
calls=1 0x4bac808 -49 
* * 4 1 0 1 0 0 1
cob=(4)
cfi=(191)
cfn=(1720) 0x0000000004a6ab74
calls=1 0x4a6ab74 -49 
* * 4 1 0 2 0 0 2
cob=(4)
cfi=(191)
cfn=(1662) 0x0000000004846274
calls=1 0x4846274 -49 
* * 4 1 0 2 0 0 2
cob=(4)
cfi=(191)
cfn=(1644) 0x000000000400466c
calls=1 0x400466c -49 
* * 4 1 0 1
+7 +1 2 0 0 1 0 0 1
+4 * 2 2
+1 * 2 2
+2 * 2 2
+2 * 2 2
+1 * 2 2

fl=(20)
fn=(52) intel_check_word.constprop.0
0x173a0 123 24 0 0 1 0 0 1
+2 * 24 0 0 0 0 0 0 0 0 24
+6 -4 24 0 24
+1 * 24
+3 +10 24
+5 * 24
+2 * 24
+3 +87 24
+7 -97 24
+3 * 24 0 24 1 0 0 1
+2 * 24 0 24
+2 +90 24
+6 -90 24 0 24
+2 * 24
+3 +10 24
+6 * 24
+4 -10 24 0 24
+1 +10 24
+4 +73 24 24
+7 * 24
+3 * 24 24
+7 -73 24
+4 +73 24
+3 * 24
+2 -69 24
+3 +2 24
+2 * 24 0 0 1 0 0 1 0 0 24 8
+67 -10 12
+2 246 12 12
+1 * 12 12
+2 * 12 12
+2 * 12 12
+2 * 12 12
+1 * 12 12
-8 * 12 12
+1 * 12 12
+2 * 12 12
+2 * 12 12
+2 * 12 12
+1 * 12 12
+18 -30 48 0 0 1 0 0 1
+3 * 48
+3 * 48
fi=(21) /usr/src/debug/glibc/glibc/elf/../bits/stdlib-bsearch.h
+5 28 48
+3 * 48
+3 * 48
fe=(20)
+4 +82 48 48 0 0 1 0 0 1
+3 * 48 0 0 0 0 0 0 0 0 48
fi=(21)
-13 -82 276
+3 * 276
+3 * 276
fe=(20)
+4 +82 276 276 0 0 5 0 0 5
+3 * 276 0 0 0 0 0 0 0 0 276
+2 +3 324 0 0 0 0 0 0 0 0 324 38
+2 * 264
fi=(21)
+3 -87 264
+3 * 264 0 0 0 0 0 0 0 0 264 34
-3 * 60
+3 * 60 0 0 0 0 0 0 0 0 60 14
fe=(20)
+2 131 48
+2 * 48
+3 * 48 0 0 0 0 0 0 0 0 48 2
+2 +2 36
+3 +2 36
+2 * 36 0 0 0 0 0 0 0 0 36
+6 * 60 0 0 1 0 0 1
+2 +8 60
+6 * 60 0 0 0 0 0 0 0 0 60 2
+2 +51 48
+3 * 48 0 0 0 0 0 0 0 0 48 8
fi=(21)
+33 44 60 0 0 1 0 0 1
+4 -1 60
+4 +3 60
+3 * 60
fe=(20)
+53 155 12 0 0 1 0 0 1
+5 * 12
+2 * 12
+2 +3 12
+2 * 12
+3 * 12 0 0 0 0 0 0 0 0 12
+6 +9 12
+3 * 12
+4 +1 12
+4 * 12
+4 +1 12
+4 * 12
+4 +1 12
+4 * 12
+4 -18 12
+2 * 12
+11 +12 12
+3 * 12 0 0 0 0 0 0 0 0 12
+2 +1 12
+4 * 12 0 0 0 0 0 0 0 0 12 4
+2 +22 21
+3 -32 21
+5 * 21
+2 * 21
+2 +3 21
+2 * 21
+3 * 21 0 0 0 0 0 0 0 0 21 1
+6 +4 32 0 0 1 0 0 1
+3 * 32
+3 +2 32
+3 * 32
+4 * 32
+3 * 32 0 0 0 0 0 0 0 0 32 7
+2 +3 20
+3 * 20 0 0 0 0 0 0 0 0 20 4
+2 * 9
+3 * 9 0 0 0 0 0 0 0 0 9 3
+2 +1 18
+3 * 18 0 0 0 0 0 0 0 0 18 4
+2 * 7
+3 * 7 0 0 0 0 0 0 0 0 7 4
+2 +1 15
+3 * 15 0 0 0 0 0 0 0 0 15 4
+2 * 4
+3 * 4 0 0 0 0 0 0 0 0 4 3
+2 +1 12
+3 * 12 0 0 0 0 0 0 0 0 12 5
+7 +2 11 0 0 1 0 0 1
+7 +2 11
+3 * 11 0 0 0 0 0 0 0 0 11 4
+2 +6 7
+4 * 7 0 0 0 0 0 0 0 0 7 3
+2 +3 4
+4 * 4 0 0 0 0 0 0 0 0 4
+6 +1 4
+6 * 4 0 0 1 0 0 1
+4 * 4
+42 -3 3
+3 * 3
+3 * 3
+14 -5 4 0 0 1 0 0 1
+2 +2 4
+2 +1 4
+3 -2 4
+3 -1 4
+3 +2 4
+6 * 4
+3 -2 4
+3 +3 4
+3 -2 4
+2 * 4
+6 * 4
+3 +2 4
+3 * 4
+3 * 4
+13 +11 1
+7 * 1

fn=(56)
0x16ef0 613 1 0 1 1 0 0 1
+1 * 1
+3 * 1
+3 * 1 0 1
+2 * 1
+3 * 1 0 1
+2 * 1 0 1
+2 * 1 0 1 1 0 0 1
+2 * 1
+3 * 1 0 1
+1 * 1
+3 +18 1 1
+3 +29 1 1
+6 -32 1 1
+6 +32 1
+6 -17 1
+3 * 1 0 0 0 0 0 0 0 0 1
+6 -11 1 1
+3 +28 1
+2 * 1 0 0 0 0 0 0 0 0 1
+6 +4 1
+3 * 1 0 0 0 0 0 0 0 0 1
+6 -26 1 0 1 1 0 0 1
+7 +31 1
+5 -14 1 0 1
+7 +17 1 0 1
+4 -32 1 1
+7 * 1
+2 * 1
+3 * 1 0 1
+4 +32 1
+3 * 1 0 1
+3 * 1
+8 +10 4
+2 * 4
+3 * 4
+3 * 4
+3 * 4 0 0 0 0 0 0 0 0 4 1
+6 * 3
+3 * 3 0 0 0 0 0 0 0 0 3 2
+2 +14 1
+4 * 1 0 0 0 0 0 0 0 0 1
+6 +4 1
+3 +3 1
+2 +1 1
+3 -4 1
+5 * 1 0 1
+3 +3 1
+2 * 1
+3 * 1 0 1
+3 +6 1
+2 * 1 0 0 0 0 0 0 0 0 1 1
+6 -37 3
+3 * 3
+5 * 3
+2 * 3
+2 +6 3
+4 * 3 0 0 0 0 0 0 0 0 3
-13 -6 1 0 0 1 0 0 1
+5 * 1
+2 * 1
+2 +6 1
+4 * 1 0 0 1 0 0 1 0 0 1
+2 +1 4
+2 * 4 0 0 0 0 0 0 0 0 4 4
+46 812 1
+3 * 1 0 0 0 0 0 0 0 0 1
+2 * 1
+2 * 1 0 0 0 0 0 0 0 0 1
+2 +1 1
+3 * 1
+2 * 1 0 0 1 0 0 1
+2 * 1
+3 * 1
+3 +4 1 1
+4 * 1 0 0 0 0 0 0 0 0 1 1
+27 +7 1 0 1
+3 +1 1 0 1
+4 +1 1 0 1
+3 +1 1 1
+1 * 1 1
+2 * 1 1
+2 * 1 1
+2 * 1 1
+2 * 1 1
+1 * 1 1
+53 687 1 0 0 1 0 0 1
+4 * 1 0 0 0 0 0 0 0 0 1
+6 +4 1
+3 +1 1
+3 -1 1 0 0 1 0 0 1
+5 * 1
+3 +18 1
+2 * 1 0 0 0 0 0 0 0 0 1 1
+6 -69 1 1
+7 * 1
+3 * 1 1
+4 * 1
+4 * 1
+4 * 1
+3 +75 1
+3 * 1 0 0 0 0 0 0 0 0 1
+6 * 1 1
+4 * 1 0 0 0 0 0 0 0 0 1
+6 +8 1
+3 +2 1 1 0 1 0 0 1
+4 -2 1
+3 * 1
+2 * 1 1
+4 * 1
+3 * 1
+2 +2 1
+3 * 1 0 0 0 0 0 0 0 0 1
+6 -2 1
+3 * 1
+3 +22 1 0 1
+4 * 1
+3 * 1
+3 * 1
+3 * 1
+3 +5 1
+6 * 1 0 0 0 0 0 0 0 0 1 1
+6 -21 1
+3 * 1
+5 * 1
+2 * 1
+2 +3 1
+6 +1 1
+6 * 1 0 0 0 0 0 0 0 0 1
-21 -4 1 0 0 1 0 0 1
+5 * 1
+2 * 1
+2 +3 1
+6 +1 1
+6 * 1 0 0 0 0 0 0 0 0 1
+2 * 2
+2 * 2 0 0 0 0 0 0 0 0 2
+2 +2 2
+6 * 2 0 0 0 0 0 0 0 0 2 1
+2 +3 1
+4 * 1 0 0 0 0 0 0 0 0 1
+6 +5 1
+4 +2 1
+6 * 1
+3 +1 1
+3 +1 1
+4 -2 1 0 0 1 0 0 1
+3 * 1
+3 +1 1
+3 -19 1
+3 * 1 0 0 0 0 0 0 0 0 1 1
-3 * 1
+3 * 1 0 0 0 0 0 0 0 0 1
+2 * 1
+3 * 1
+3 * 1
+3 * 1 1
+4 +46 1
+3 * 1 0 0 0 0 0 0 0 0 1
+6 +2 1 1
+3 -1 1
+4 +1 1
+2 * 1 0 0 0 0 0 0 0 0 1
+6 +2 1 1
+4 * 1 0 0 0 0 0 0 0 0 1
+6 -1 1
+3 * 1 0 1
+3 +25 1 1
+3 * 1
+5 * 1
+37 -48 1 0 0 1 0 0 1
+4 * 1 0 0 0 0 0 0 0 0 1
+6 -7 1
+3 +11 1 1 0 1 0 0 1
+4 * 1 0 0 0 0 0 0 0 0 1
+6 +3 1 1
+4 +2 1
+5 * 1
+3 * 1
+2 * 1
+2 +1 1
+2 * 1 0 1
+3 +5 1
+4 * 1

fn=(50)
0x17650 255 12 12 0 1 0 0 1
+7 * 12 0 0 0 0 0 0 0 0 12
+6 -5 12 0 12
+1 +17 12
+5 -17 12
+3 * 12 0 12
+2 * 12 0 12
+2 * 12 0 12
+2 * 12 0 12
+2 * 12
+3 * 12 0 12
+1 * 12
+4 +11 12 0 12
+4 +6 12
+2 * 12 0 12
+3 * 12 0 0 1 0 0 1
+3 +4 12
+2 * 12 0 0 0 0 0 0 0 0 12 9
+20 +34 12
+4 * 12 12
+1 * 12 12
+2 * 12 12
+2 * 12 12
+2 * 12 12
+2 * 12 12
+1 * 12 12
+10 -29 12
+2 +3 12
+4 * 12
+4 -3 12
+2 +3 12 0 12 1 0 0 1
cfn=(52)
calls=12 0x173a0 123 
* * 4140 420 60 6 6 0 6 6 0 1176 102
+5 +2 12
+3 * 12 0 0 0 0 0 0 0 0 12
+2 +3 12
+4 * 12
+4 * 12
+2 * 12
+3 * 12 0 12
cfn=(52)
calls=12 0x173a0 123 
* * 1319 96 60 5 0 0 5 0 0 232 50
+5 +2 12
+3 * 12 0 0 0 0 0 0 0 0 12 12

fl=(49)
fn=(638)
0x19a70 41 3 0 0 2
+4 +4 3
+4 * 3
+7 * 3 3 0 2 0 0 1
+4 +2 3 3 0 0 1
+6 * 3
+2 * 3 0 0 0 0 0 0 0 0 3 3
+7 +4 3 3

fn=(152)
0x199d0 29 1 0 0 1 0 0 1
+4 +2 1 1
+6 * 1
+2 * 1 0 0 0 0 0 0 0 0 1 1
0x19a60 +6 1 1 0 1 0 0 1

fn=(990)
0x19d10 118 1 0 0 1 0 0 1
+4 +1 1 1 0 0 1
+6 * 1
+2 * 1 0 0 0 0 0 0 0 0 1
+2 * 1 1

fn=(214)
0x19b80 77 5 0 0 1 0 0 1
+4 +1 5 5
+6 * 5
+2 * 5 0 0 0 0 0 0 0 0 5
+2 * 5 5

fn=(1646)
0x19c60 97 7 0 0 1 0 0 1
+4 +1 7 7
+6 * 7
+2 * 7 0 0 0 0 0 0 0 0 7 1
+2 * 7 7

fl=(26)
fn=(86)
0xcc00 31 6 0 0 1 0 0 1
+4 * 6 0 6
+1 * 6
+3 * 6 0 6
+2 * 6
+3 +2 6
+7 -2 6 0 6
+1 * 6
+3 +2 6 6 6 0 0 0 0 0 0 0 0 6 1
cfi=(24)
cfn=(88)
calls=6 0x13f20 +10 
* * 18 6
+6 +2 6
+4 * 6
+7 * 6 6
+4 * 6
+3 * 6 0 0 0 0 0 0 0 0 6 1
+2 * 5
+3 * 5
+11 +3 5
+3 * 5 5
+4 * 5
+3 * 5 0 0 0 0 0 0 0 0 5 5
-10 * 15
+3 * 15 15
+4 * 15
+3 * 15 0 0 0 0 0 0 0 0 15 10
+2 +2 5 0 5
+5 +2 5 0 5
+4 +4 5
+4 +1 5 5
+7 +3 5
+7 -4 5 0 5
+5 +1 5 0 5
+8 +1 5
+4 +3 5 5
+1 -3 5 0 5
+7 +3 5 5
+2 * 5 5
+1 -1 5 5 0 0 0 0 0 0 0 0 0 5
cfi=(24)
cfn=(88)
calls=5 0x13f20 -7 
* * 15 5
-46 -4 1 0 0 1 0 0 1
+4 +1 1 1 0 0 1 0 0 1
+7 +3 1
+7 -4 1 0 1
+5 +1 1 0 1
+8 +1 1
+4 +3 1 1
+1 -3 1 0 1
+7 +3 1 1
+2 * 1 1
+1 -1 1 1 0 0 0 0 0 0 0 0 0 1 1
cfi=(24)
cfn=(88)
calls=1 0x13f20 -7 
* * 3 1
+13 -5 1 0 1
+4 * 1

fn=(72)
0xcca0 59 6 0 0 1 0 0 1
+4 * 6 0 6
+1 * 6
+3 * 6 0 6
+2 * 6
+3 * 6 0 6
+2 * 6 0 6 0 0 2 0 0 2
+2 * 6
+3 * 6 0 6
+2 * 6 0 6 0 0 1 0 0 1
+1 * 6
+4 * 6 0 6
+4 * 6 0 6 1 0 0 1
+3 * 6 0 6
+4 * 6 0 6
+4 +3 6
+7 * 6 0 0 0 0 0 0 0 0 6 1
+6 +18 5 5
+6 +3 5
+3 * 5 0 5 0 0 2 0 0 2
cfi=(22)
cfn=(62)
calls=5 0x27ee0 -26 
* * 103 13 0 0 0 0 0 0 0 11 1
+5 +4 5
+2 -4 5
+3 +4 5
+4 +5 5
+8 -9 5
+4 * 5 0 5
+4 * 5 0 5
fi=(28)
+4 -39 5
+5 * 5 5 5 0 0 0 0 0 0 0 0 5
cfi=(27)
cfn=(74)
calls=5 0xc780 +36 
* * 262 43 34 7 2 2 6 2 2 33 14 5
fe=(26)
-9 +39 1 0 1 1 0 1 1 0 1
fi=(28)
+4 -39 1
+5 * 1 1 1 0 0 0 0 0 0 0 0 1 1
cfi=(27)
cfn=(74)
calls=1 0xc780 +36 
* * 35 4 4 5 0 1 5 0 1 4 3 1 1
+6 * 6
fe=(26)
+3 +51 6
+3 * 6 0 0 0 0 0 0 0 0 6
+6 +5 6 6
+4 -2 6 0 6 0 0 5 0 0 5
+4 +6 6
+3 -4 6
+8 +4 6 6
+4 -5 6 0 6 0 0 6 0 0 6
+7 +4 6
+4 +1 6
+4 * 6 0 6 1 0 0 1
+4 -1 6 0 6 0 0 1 0 0 1
+4 +1 6 0 6
cfi=(29)
cfn=(82)
calls=6 0x25cc0 210 
* * 77 19 13 2 1 7 2 1 7 17 11
+6 * 6 6
+4 +15 6 6
+4 -15 6 0 6 0 0 2 0 0 2
+4 +2 6 0 6
+8 +13 6 6
+3 * 6 0 0 0 0 0 0 0 0 6 4
+6 +6 1
+4 +2 1 1 0 0 1 0 0 1
+8 * 1 0 1
+4 * 1 1
+4 * 1 0 0 1 0 0 1
+3 * 1
+3 * 1
+2 * 1 0 1
+7 +3 1 1
+7 * 1 0 0 0 0 0 0 0 0 1 1
-38 -3 5 5 0 0 5 0 0 5
+8 * 5 0 5
+4 * 5 5
+4 * 5
+3 * 5
+3 * 5
+2 * 5 0 5
+7 +3 5 5
+7 * 5 0 0 0 0 0 0 0 0 5 4
+6 +6 6 6
+4 -4 6 0 6 0 0 2 0 0 2
+7 +4 6 0 6
+4 +3 6
+2 * 6 0 0 0 0 0 0 0 0 6 4
+2 * 1
+7 * 1
+4 * 1
+7 * 1 0 0 1 0 0 1
+3 * 1
+7 * 1
+1 * 1
+11 * 1
fi=(4)
+11 1389 1
+3 * 1
+3 * 1
fe=(26)
+4 139 1
+4 * 1
+4 +2 1 0 1 0 0 1 0 0 1
+3 -2 1
+3 * 1 0 0 0 0 0 0 0 0 1 1
fi=(4)
-24 1389 15
+3 * 15
+3 * 15
fe=(26)
+4 139 15
+4 * 15
+4 +2 15 0 15 0 0 3 0 0 3
+3 -2 15
+3 * 15 0 0 0 0 0 0 0 0 15 9
+2 +16 6 6
+5 * 6 0 0 1 0 0 1
+7 -5 6 0 6 0 0 6 0 0 6
+11 -1 6
+7 * 6 0 6
+7 +6 6 6 0 0 1 0 0 1
+4 * 6
+3 * 6 0 0 0 0 0 0 0 0 6 4
+6 +2 5
+7 * 5 0 5 0 0 2 0 0 2
+7 +3 5
+3 * 5 0 0 0 0 0 0 0 0 5
+6 -3 5
+5 * 5
+8 +7 5
+3 * 5 5
+7 * 5
+3 * 5 0 0 0 0 0 0 0 0 5
+2 +4 5
+7 * 5
+2 * 5 0 0 0 0 0 0 0 0 5 2
+6 +8 1 0 1 1 0 0 1
+3 +13 1 1
+4 -10 1
+7 * 1 0 1 1 0 1 1 0 1
+7 +10 1 1
+4 * 1
+3 * 1 0 0 0 0 0 0 0 0 1 1
-25 * 5 5
+4 -10 5
+7 * 5 0 5 0 0 1 0 0 1
+7 +10 5 5
+4 * 5
+3 * 5 0 0 0 0 0 0 0 0 5
+6 +2 5 0 5
cfi=(22)
cfn=(62)
calls=5 0x27ee0 57 
* * 175 25 0 0 1 0 0 1 0 15 1
+5 +21 5
+3 -21 5
+3 * 5
+4 * 5 0 5
+4 +17 5
+3 -13 5
+4 * 5 0 0 0 0 0 0 0 0 5
+2 * 5
0xcf1a +50 5 5 0 1 0 0 1
+4 * 5 5
+4 * 5 0 5
cfi=(29)
cfn=(136)
calls=5 0x25cb0 -48 
* * 73 17 12 0 0 3 0 0 3 12 1
+6 * 5
+8 +5 5
+3 * 5
+4 +1 5 5
+3 * 5 0 0 0 0 0 0 0 0 5 1
-10 -1 79
+3 * 79
+4 +1 79 79
+3 * 79 0 0 0 0 0 0 0 0 79 23
+2 +4 5
+3 * 5
+4 +1 5 0 5
+3 +3 5 0 5 0 0 2 0 0 2
+7 +4 5
+4 * 5
+3 * 5 5
+1 * 5 5
+2 * 5 5
+2 * 5 5
+2 * 5 5
+2 * 5 5
+1 * 5 5
-17 * 1
+4 * 1
+3 * 1 1
+1 * 1 1
+2 * 1 1
+2 * 1 1
+2 * 1 1
+2 * 1 1
+1 * 1 1
+2 131 6 0 6 1 0 6 1 0 6
+11 * 6
+5 -8 5
+3 -4 5 5
+4 * 5 0 0 0 0 0 0 0 0 5 4
+17 +34 1 0 0 1 0 0 1
+2 +7 1
+3 * 1 0 0 0 0 0 0 0 0 1
+6 * 1
+7 * 1
+6 +8 5 5
+7 * 5
+7 * 5
+3 * 5 0 0 0 0 0 0 0 0 5 2
fi=(28)
+55 56 5 0 0 1 0 0 1
+3 * 5 5 5 0 0 0 0 0 0 0 0 5 1
cfi=(27)
cfn=(78)
calls=5 0xc630 -20 
* * 90 15 15 0 0 0 0 0 0 15 2
+6 * 5
fe=(26)
+3 200 5
+3 * 5 0 0 0 0 0 0 0 0 5
+2 -1 5
+3 * 5
+12 64 1 0 0 1 0 0 1
+7 * 1 0 0 0 0 0 0 0 0 1 1
+73 +2 1 1 0 1 0 0 1
+3 * 1
+2 * 1 0 0 0 0 0 0 0 0 1
+6 +1 1 1
+5 * 1 0 0 0 0 0 0 0 0 1
+6 * 1 0 1
+8 * 1
+5 * 1
+5 * 1 0 0 1 0 0 1
+3 +10 1
+5 -6 1
+7 * 1

fl=(190)
fn=(654) call_init
0x61d0 29 8 8 0 1 0 0 1
+4 * 8 0 0 0 0 0 0 0 0 8 6
+12 -2 8 0 8
+1 * 8
+3 * 8 0 8
+2 * 8 0 8
+2 * 8
+3 * 8 0 8
+2 * 8
+3 * 8 0 8
+2 * 8
+3 * 8 0 8
+1 * 8
+3 * 8
+4 +8 8 8 0 1 0 0 1
+7 * 8
+2 * 8 0 0 0 0 0 0 0 0 8 8
+10 +2 8
+2 * 8 0 0 0 0 0 0 0 0 8 2
+6 +6 7 7
+7 +3 7 7 0 0 1
+4 -3 7
+3 * 7 0 7
+6 +3 7 7 0 0 5
+3 * 7 0 0 0 0 0 0 0 0 7 1
+6 +5 6 6
+7 * 6 0 0 1 0 0 1 0 0 6
+6 +8 6 6 0 0 5
+7 * 6
+3 * 6 0 0 0 0 0 0 0 0 6 2
+2 +1 4 4 0 0 3
+4 * 4
+3 * 4 4
+3 * 4
+3 * 4
+3 * 4 0 4 0 0 0 0 0 0 0 0 4 4
cob=(4)
cfi=(191)
cfn=(704) 0x0000000004916000
calls=1 0x4916000 -60 
* * 7 2 0 1 1 0 1 0 0 1
cob=(4)
cfi=(191)
cfn=(694) 0x0000000004b22000
calls=1 0x4b22000 -60 
* * 7 2 0 1 1 0 1 0 0 1
cob=(4)
cfi=(191)
cfn=(678) 0x0000000004c25000
calls=1 0x4c25000 -60 
* * 7 2 0 1 1 0 1 0 0 1 1
cob=(4)
cfi=(191)
cfn=(656) 0x0000000004846000
calls=1 0x4846000 -60 
* * 7 2 0 1 0 0 1 0 0 1 1
+2 +3 6 6 0 0 4
+7 +1 6
+3 * 6 0 0 0 0 0 0 0 0 6 2
+2 +6 5 5 0 0 1
+7 * 5 5 0 0 5
+4 * 5
+4 +3 5
+2 * 5 0 0 0 0 0 0 0 0 5
+2 -1 5 5 0 1 0 0 1
+3 * 5 5
+4 * 5
+3 * 5
+4 * 5
+4 * 5
+7 * 15
+4 +2 15
+3 * 15
+3 * 15
+3 * 15 15 15 0 3 0 0 0 0 0 0 15 15
cob=(7)
cfi=(266)
cfn=(966)
calls=1 0xae5c0 +86 
* * 50 25 12 3 5 0 3 1 0 12 2
cob=(7)
cfi=(266)
cfn=(958)
calls=1 0xae500 +86 
* * 50 25 12 3 6 0 3 1 0 12
cob=(7)
cfi=(266)
cfn=(950)
calls=1 0xae480 +86 
* * 34 17 8 2 4 0 2 1 0 8
cob=(7)
cfi=(266)
cfn=(942)
calls=1 0xae400 +86 
* * 34 17 8 2 5 0 2 1 0 8
cob=(7)
cfi=(265)
cfn=(940)
calls=1 0xae2a0 -32 
* * 47 11 28 5 3 6 5 3 6
cob=(7)
cfi=(262)
cfn=(934)
calls=1 0xae170 +53 
* * 74 9 34 4 2 4 4 0 0 26 22
cob=(7)
cfi=(254)
cfn=(904)
calls=1 0xadf50 456 
* * 1132 355 87 61 53 3 61 3 2 235 44 5 3
cob=(7)
cfi=(252)
cfn=(900)
calls=1 0xadf30 +54 
* * 11 5 3 2 0 0 2 0 0 0 0 1 1
cob=(7)
cfi=(251)
cfn=(898)
calls=1 0xadf20 +34 
* * 3 1 1 0 0 1
cob=(7)
cfi=(250)
cfn=(894)
calls=1 0xade90 260 
* * 184 35 40 4 1 2 4 0 1 20 4 4 4
cob=(7)
cfi=(249)
cfn=(888)
calls=1 0xae760 -74 
* * 12 1 0 3 0 0 3 0 0 1 1
cob=(7)
cfi=(248)
cfn=(886)
calls=1 0xae680 2174 
* * 81 14 15 1 0 0 1 0 0 10 2 1 1
cob=(6)
cfi=(201)
cfn=(688) 0x0000000000005410
calls=1 0x5410 -74 
* * 12 1 0 2 0 0 2 0 0 1 1
cob=(2)
cfi=(197)
cfn=(676)
calls=1 0x274a0 -10 
* * 22 5 3 1 4 1 1 0 0 4 2
cob=(2)
cfi=(196)
cfn=(674)
calls=1 0x27430 545 
* * 12 7 0 2 5 0 2 0 0 3 1
-9 * 5
+3 * 5
+3 * 5
+3 * 5 5 5 0 3 0 0 0 0 0 0 5 5
cob=(7)
cfi=(203)
cfn=(708)
calls=1 0xae260 +44 
* * 39394 11285 5100 325 167 150 325 25 116 7305 374 914 171
cob=(3)
cfi=(202)
cfn=(698) 0x000000000000f8f0
calls=1 0xf8f0 -74 
* * 12 1 0 3 0 0 3 0 0 1 1
cob=(6)
cfi=(198) /usr/src/debug/gcc/gcc/libgcc/config/i386/cpuinfo.c
cfn=(682) __cpu_indicator_init@GCC_4.8.0
calls=1 0x4260 -14 
* * 362 17 45 36 4 0 36 2 0 97 31 1 1
cob=(2)
cfi=(193)
cfn=(666)
calls=1 0x273c0 -28 
* * 69 18 10 7 5 3 7 2 1 7 2 1 1
cob=(5)
cfi=(192)
cfn=(660) 0x00000000000010e0
calls=1 0x10e0 -74 
* * 12 1 0 3 0 0 3 0 0 1 1
+2 -1 20
+3 * 20
+3 * 20 0 0 0 0 0 0 0 0 20 14
+2 +3 8
+4 * 8 8
+1 * 8 8
+2 * 8 8
+2 * 8 8
+2 * 8 8
+2 * 8 8
+1 * 8 8
+3 -29 1 0 0 1 0 0 1
+2 * 1 0 0 0 0 0 0 0 0 1 1

fn=(652)
0x6300 81 1 0 0 1 0 0 1
+4 * 1 0 1
+1 * 1
+3 * 1 0 1
+2 * 1
+3 * 1 0 1
+2 * 1
+3 * 1 0 1
+2 * 1
+3 * 1 0 1
+2 * 1
+3 * 1 0 1
+1 * 1
+4 +1 1 1 0 0 1
+7 +1 1 1
+7 +3 1 1
+7 * 1
+3 * 1 0 0 0 0 0 0 0 0 1 1
+6 +8 1 0 0 1 0 0 1
+3 * 1 0 0 0 0 0 0 0 0 1
+7 +25 1 1
+7 +1 1
+2 * 1 0 0 0 0 0 0 0 0 1
+2 * 1
+3 * 1
+4 * 1
+5 +1 1 1
+7 * 1
+3 * 1
+3 * 1
+3 * 1 1
+4 -1 1
+4 +1 1 0 1
cfn=(654)
calls=1 0x61d0 -92 
* * 41 15 7 0 2 0 0 0 0 7 3
-24 * 6 6
+7 * 6
+3 * 6
+3 * 6
+3 * 6 6
+4 -1 6
+4 +1 6 0 6
cfn=(654)
calls=6 0x61d0 -92 
* * 42052 11977 5469 470 292 170 470 39 126 7812 518 949 204
+5 -1 7 0 0 1 0 0 1
+4 * 7 0 0 0 0 0 0 0 0 7 6
+2 +7 1
+4 * 1 1
+1 * 1 1
+2 * 1 1
+2 * 1 1
+2 * 1 1
+2 * 1 1
+1 * 1 1
+79 -22 1 0 1 1 0 1 1
+4 -17 1 0 1
cfn=(654)
calls=1 0x61d0 -59 
* * 84 25 9 8 3 0 8 0 0 11 5 2 2
+5 +1 1 1
+4 * 1 0 1
+11 * 1

ob=(6)
fl=(379) /usr/src/debug/gcc/gcc/libgcc/unwind-dw2-btree.h
fn=(1744) btree_destroy
0x41e0 354 2 0 2 1 0 0 1
+1 +3 2
+2 -3 2
+3 * 2 0 2
+2 * 2
+3 * 2 0 2
+1 +3 2 2 2 0 1 0 0 0 0 2
+3 +1 2
+3 * 2 0 0 0 0 0 0 0 0 2
+2 +4 2 2
+5 * 2
+3 * 2 0 0 0 0 0 0 0 0 2 2
+27 +6 2 2
+1 * 2 2
+2 * 2 2
+1 * 2 2

fl=(198)
fn=(682)
0x4260 60 1 0 0 1 0 0 1
fi=(200) /usr/src/debug/gcc/gcc/libgcc/../gcc/common/config/i386/cpuinfo.h
+4 1123 1 1 0 0 1
+7 * 1 1 0 0 1
+2 * 1
+2 * 1 0 0 0 0 0 0 0 0 1
fe=(198)
+6 60 1 0 1
fi=(199) /usr/src/debug/gcc/gcc-build/gcc/include/cpuid.h
+1 309 1
fe=(198)
+2 60 1
+3 * 1 0 1
+2 * 1 0 1
+2 * 1 0 1 1 0 0 1
+2 * 1 0 1
+2 * 1 0 1
fi=(199)
+1 309 1
+2 +21 1
+2 * 1 0 0 0 0 0 0 0 0 1
+6 +3 1
+2 * 1
+2 * 1
+3 * 1
fi=(200)
+3 1136 1
+2 * 1 0 0 0 0 0 0 0 0 1
fi=(199)
+6 309 1
+2 * 1
+2 +21 1
+2 * 1 0 0 0 0 0 0 0 0 1
+6 +3 1
+5 * 1
+2 * 1
fi=(200)
+3 1150 1
+2 +1 1
fi=(199)
+3 333 1
fi=(200)
+3 1150 1 0 0 1 0 0 1
+3 +1 1
+4 -1 1
+3 +1 1
+4 -1 1 0 1
+3 +2 1
+2 +1 1
+3 -2 1
+3 +2 1
+3 -1 1
+3 +1 1 0 1
+3 744 1
+2 1152 1
+6 744 1
+5 1152 1 0 1
+3 744 1
+2 * 1 0 0 0 0 0 0 0 0 1 1
+20 +24 1 0 0 1 0 0 1
+7 * 1 0 0 0 0 0 0 0 0 1
+2 92 1 0 1
+4 770 1
+7 * 1 0 0 0 0 0 0 0 0 1
+2 92 1 0 1
+4 772 1
+7 * 1 0 0 0 0 0 0 0 0 1
+2 92 1 0 1
+4 774 1
+7 * 1 0 0 0 0 0 0 0 0 1 1
+2 92 1 0 1
+4 +9 1 0 0 1 0 0 1
+7 776 1
+7 * 1 0 0 0 0 0 0 0 0 1 1
+6 +2 1
+7 * 1 0 0 0 0 0 0 0 0 1 1
+6 +3 1
+7 * 1 0 0 0 0 0 0 0 0 1
+2 92 1 0 1
+4 783 1
+3 * 1
+5 * 1 0 0 0 0 0 0 0 0 1
+2 92 1 0 1
+7 785 1
+4 * 1 0 0 0 0 0 0 0 0 1 1
+2 92 1 0 1 1 0 0 1
+7 787 1
+4 * 1 0 0 0 0 0 0 0 0 1
+2 92 1 0 1
+4 789 1
+7 * 1 0 0 0 0 0 0 0 0 1
+2 92 1 0 1
+4 791 1
+7 * 1 0 0 0 0 0 0 0 0 1 1
+2 92 1 0 1
+7 793 1
+7 * 1 0 0 0 0 0 0 0 0 1
+2 92 1 0 1
+7 795 1
+2 * 1 0 0 1 0 0 1 0 0 1 1
+6 +2 1
+7 * 1 0 0 0 0 0 0 0 0 1 1
+6 +2 1
+7 * 1 0 0 0 0 0 0 0 0 1 1
+6 +2 1
+2 * 1 0 0 0 0 0 0 0 0 1 1
+2 92 1 0 1
+7 803 1
+7 * 1 0 0 0 0 0 0 0 0 1 1
+6 +2 1
+7 * 1 0 0 1 0 0 1 0 0 1 1
+6 +2 1
+3 * 1 0 0 0 0 0 0 0 0 1
+2 +2 1
+7 * 1 0 0 0 0 0 0 0 0 1
+2 92 1 0 1
+7 811 1
+7 * 1 0 0 0 0 0 0 0 0 1
+2 92 1 0 1
+7 813 1
+7 * 1 0 0 0 0 0 0 0 0 1 1
+6 +5 1
+4 * 1 0 0 0 0 0 0 0 0 1
+6 +4 1 0 0 1 0 0 1
+5 * 1
+2 * 1
+2 * 1
+3 * 1
+3 +1 1
+3 * 1 0 0 0 0 0 0 0 0 1
+2 92 1 0 1
+7 825 1
+4 * 1 0 0 0 0 0 0 0 0 1
+6 +2 1
+4 * 1 0 0 0 0 0 0 0 0 1
+6 +2 1
+7 * 1 0 0 0 0 0 0 0 0 1
+6 +2 1
+3 * 1 0 0 1 0 0 1 0 0 1
+2 +2 1
+4 * 1 0 0 0 0 0 0 0 0 1
+2 92 1 0 1
+7 835 1
+7 * 1 0 0 0 0 0 0 0 0 1
+6 +2 1
+7 * 1 0 0 0 0 0 0 0 0 1
+6 +3 1
+7 * 1 0 0 0 0 0 0 0 0 1
+2 92 1 0 1
+7 842 1
+4 * 1 0 0 1 0 0 1 0 0 1
+6 +2 1
+7 * 1 0 0 0 0 0 0 0 0 1 1
+6 +2 1
+7 * 1 0 0 0 0 0 0 0 0 1
+6 +2 1
+7 * 1 0 0 0 0 0 0 0 0 1
+6 +2 1
+7 * 1 0 0 0 0 0 0 0 0 1 1
+6 +2 1
+7 * 1 0 0 1 0 0 1 0 0 1
+6 +3 1
+4 * 1 0 0 0 0 0 0 0 0 1
+6 +2 1
+7 * 1 0 0 0 0 0 0 0 0 1
+6 +2 1
+7 * 1 0 0 0 0 0 0 0 0 1
+6 +2 1
+7 * 1 0 0 0 0 0 0 0 0 1
+6 +2 1
+7 * 1 0 0 1 0 0 1 0 0 1
+6 +2 1
+7 * 1 0 0 0 0 0 0 0 0 1
+6 +2 1
+7 * 1 0 0 0 0 0 0 0 0 1
+6 +2 1
+4 * 1 0 0 0 0 0 0 0 0 1
+6 +2 1
+4 * 1 0 0 0 0 0 0 0 0 1
+6 +4 1
+3 * 1 0 0 0 0 0 0 0 0 1
+6 +2 1
+6 * 1 0 0 1 0 0 1 0 0 1
+6 +2 1
+6 * 1 0 0 0 0 0 0 0 0 1
+6 +2 1
+6 * 1 0 0 0 0 0 0 0 0 1
+6 +2 1
+3 * 1 0 0 0 0 0 0 0 0 1 1
+6 +2 1
+3 * 1 0 0 0 0 0 0 0 0 1 1
+38 +9 1 0 0 1 0 0 1
+3 * 1 0 0 0 0 0 0 0 0 1
0x4689 +30 1 0 0 1 0 0 1
+2 * 1 0 0 0 0 0 0 0 0 1 1
0x4769 +58 1 0 0 1 0 0 1
+4 * 1 0 0 0 0 0 0 0 0 1
+2 +2 1
+5 * 1
+5 * 1
+2 +1 1
+2 * 1 0 0 1 0 0 1 0 0 1
+6 +2 1
+2 * 1 0 0 0 0 0 0 0 0 1
+6 +2 1
+2 * 1 0 0 0 0 0 0 0 0 1
+6 +5 1
+4 * 1 0 0 0 0 0 0 0 0 1 1
+52 +63 1 0 0 1 0 0 1
+5 * 1
+2 * 1
+3 +4 1
+5 * 1 0 0 0 0 0 0 0 0 1
+6 +2 1
+5 * 1
+2 +2 1
+3 * 1 0 0 0 0 0 0 0 0 1 1
+9 +2 1
+3 * 1 0 0 0 0 0 0 0 0 1 1
+6 +2 1
+2 * 1 0 0 1 0 0 1
+3 * 1 0 0 0 0 0 0 0 0 1 1
+6 +2 1
+3 * 1 0 0 0 0 0 0 0 0 1
+6 +2 1
+6 * 1 0 0 0 0 0 0 0 0 1
+6 +2 1
+2 * 1 0 0 0 0 0 0 0 0 1 1
+6 +2 1
+3 * 1 0 0 0 0 0 0 0 0 1
+6 +2 1
+6 * 1 0 0 0 0 0 0 0 0 1
+6 +3 1
+6 * 1 0 0 1 0 0 1 0 0 1 1
+6 +2 1
+6 * 1 0 0 0 0 0 0 0 0 1
+6 +2 1
+2 * 1 0 0 0 0 0 0 0 0 1
+6 +3 1
+3 * 1 0 0 0 0 0 0 0 0 1 1
+2 +2 1
+6 * 1 0 0 0 0 0 0 0 0 1 1
+9 +2 1
+3 * 1 0 0 0 0 0 0 0 0 1
+6 +5 1
+7 * 1 0 0 0 0 0 0 0 0 1
+2 +2 1 0 0 1 0 0 1
+5 * 1
+2 * 1
+3 +1 1
+3 * 1 0 0 0 0 0 0 0 0 1
+6 +2 1
+7 * 1 0 0 0 0 0 0 0 0 1
+6 75 1 1
+2 1159 1
+7 * 1 0 0 0 0 0 0 0 0 1 1
+52 +16 1 0 1 1 0 0 1
+2 75 1 1
+2 1216 1
+5 * 1 0 0 0 0 0 0 0 0 1
+2 66 1 1
+3 1217 1
+3 * 1 0 0 0 0 0 0 0 0 1 1
fe=(198)
+21 64 1 1
+1 * 1 1
+2 * 1 1
+2 * 1 1
+2 * 1 1
+2 * 1 1
+1 * 1 1
fi=(200)
+4 750 1 0 0 1 0 0 1
+2 * 1
+3 +3 1
+2 * 1
+2 * 1
+3 * 1 0 0 0 0 0 0 0 0 1 1
+12 +7 1
+2 * 1
+3 * 1
+2 * 1
+6 * 1
+4 +2 1
+3 -1 1
+3 * 1 0 1 1 0 0 1
+3 * 1
+5 1162 1
+4 * 1 0 0 0 0 0 0 0 0 1
+6 +5 1
+4 * 1 0 0 0 0 0 0 0 0 1 1
+6 +8 1
+5 * 1
+5 101 1 0 1
+6 +2 1
+5 -2 1 0 1
+6 +2 1
+5 -2 1 0 1 1 0 0 1
+6 +2 1
+5 -2 1 0 1
+7 +2 1
+5 -2 1 0 1
+4 +2 1
+5 -2 1 0 1
+6 +2 1
+5 -2 1 0 1
+6 +2 1
+5 742 1
+3 * 1
+84 1222 1 0 0 1 0 0 1
+2 101 1 0 1
+7 1222 1
+2 * 1
+6 * 1 0 0 0 0 0 0 0 0 1
+6 +1 1
+2 * 1
+2 * 1
+6 * 1 0 0 0 0 0 0 0 0 1
+6 101 1 1
+3 * 1
+2 * 1
+3 * 1 0 1
+3 1232 1
+2 * 1
+2 * 1 0 0 1 0 0 1
+6 * 1 0 0 0 0 0 0 0 0 1
+6 +1 1
+2 * 1
+5 * 1 0 0 0 0 0 0 0 0 1
+6 101 1
+2 * 1
+2 * 1
+2 * 1
+3 * 1
+3 * 1
+6 * 1
+3 * 1 0 1
+3 1124 1
+2 * 1
0x4bdc +44 1 1 0 1 0 0 1
+3 * 1 1
+3 348 1
+6 * 1 0 0 0 0 0 0 0 0 1
+6 * 1
+3 * 1 0 0 0 0 0 0 0 0 1
+6 * 1
+3 * 1
+6 * 1 0 0 1 0 0 1 0 0 1 1
+6 * 1
+7 * 1 1 0 0 1 0 0 1
+4 * 1
+3 * 1 0 0 0 0 0 0 0 0 0 0 1 1
0x4db0 +99 1 1 0 1 1 0 1 1
+7 * 1 0 1
+4 +2 1
0x4f16 757 1 0 0 1 0 0 1
+2 * 1
+3 -2 1
+6 +2 1
+2 * 1
+3 * 1
+4 * 1
+41 101 1 0 1 1 0 0 1
+4 +2 1
+16 -2 1 0 1
+6 +2 1
+25 -2 1 0 1 1 0 0 1
+6 +2 1
0x5056 -2 1 0 1 1 0 0 1
+6 +2 1
+51 -2 1 0 1
+6 +2 1
+5 -2 1 0 1 1 0 0 1
+6 +2 1
fe=(198)

fl=(378)
fn=(1742)
0x4230 58 1 0 0 1 0 0 1
+4 * 1 0 1
+1 +3 1
+7 -3 1
+3 +3 1 0 1 1
cfi=(379)
cfn=(1744)
calls=1 -95 354 
* * 16 6 4 1 1 0 1 0 0 3 1
+5 +1 1
+7 * 1 0 1
cfi=(379)
cfn=(1744)
calls=1 0x41e0 354 
* * 16 6 4 0 0 0 0 0 0 3 1
+5 +1 1 0 1
+7 +1 1 1
+1 * 1 1

fl=(201)
fn=(1746)
0x53c0 0 1 0 0 1 0 0 1
+4 0 1 1 0 0 1
+7 0 1 0 0 0 0 0 0 0 0 1
+2 0 1 0 1
+1 0 1 1 0 0 1
+8 0 1
+3 0 1 0 0 0 0 0 0 0 0 1
+2 0 1 1
+7 0 1 1 1 0 0 0 0 0 0 0 0 1 1
cob=(2)
cfi=(370)
cfn=(1630)
calls=1 0x40500 45 
* 0 99 22 12 0 0 0 0 0 0 23 1
+6 0 1 0 1
cfn=(1754) 0x0000000000005350
calls=1 0x5350 0 
* 0 5 1 0 1 0 0 1 0 0 1 1
+5 0 1 0 1
+7 0 1 1
+1 0 1 1

fn=(688)
0x5380 0 1 0 0 1 0 0 1
+7 0 1
+7 0 1
+3 0 1
+3 0 1
+4 0 1
+4 0 1
+3 0 1
+3 0 1 0 0 0 0 0 0 0 0 1 1
+22 0 1 1
+88 0 1 0 0 1 0 0 1
+4 0 1

fn=(1754)
0x5350 0 1 0 0 1 0 0 1
+7 0 1
+7 0 1
+3 0 1 0 0 0 0 0 0 0 0 1 1
+23 0 1 1

ob=(3)
fl=(163)
fn=(538)
0x6f9c0 32 1 0 0 1 0 0 1
fi=(150) /usr/src/debug/glibc/glibc/math/../sysdeps/x86_64/fpu/multiarch/ifunc-fma.h
+4 -3 1 1
+7 * 1
+7 * 1 1
+7 * 1 0 0 0 0 0 0 0 0 1
+2 +1 1 1
+7 * 1
+7 * 1
+7 * 1
fe=(163)
+4 +2 1 1

fl=(155)
fn=(506)
0x5d820 32 1 0 0 1 0 0 1
fi=(403) /usr/src/debug/glibc/glibc/math/../sysdeps/x86_64/fpu/multiarch/ifunc-sse4_1.h
+4 -3 1 1
+7 * 1
+7 * 1 1
+7 * 1
+7 * 1 0 0 1 0 0 1
fe=(155)
+4 +3 1 1

fl=(148)
fn=(484)
0x720d0 32 1 0 0 1 0 0 1
fi=(403)
+4 -3 1 1
+7 * 1
+7 * 1 1
+7 * 1
+7 * 1
fe=(148)
+4 +3 1 1

fl=(156)
fn=(508)
0x5c310 49 1 0 0 1 0 0 1
+4 * 1 1
+7 * 1
+7 * 1 1
+7 * 1 0 0 0 0 0 0 0 0 1 1
+27 * 1 1 0 1 0 0 1

fl=(149)
fn=(486)
0x53630 28 1 0 0 1 0 0 1
fi=(150)
+4 +1 1 1
+7 * 1 0 0 1 0 0 1
+7 * 1 1
+7 * 1 0 0 0 0 0 0 0 0 1
+2 +1 1 1
+7 * 1
+7 * 1
+7 * 1
fe=(149)
+4 -2 1 1

fl=(161)
fn=(530)
0x6f440 29 1 0 0 1 0 0 1
+4 * 1 1
+7 * 1
+7 * 1 1
+7 * 1 0 0 0 0 0 0 0 0 1
fi=(150)
+2 +1 1 1
+7 * 1
+7 * 1
+7 * 1
fe=(161)
+4 -1 1 1

fl=(167)
fn=(554)
0x6f5a0 29 1 0 0 1 0 0 1
+4 * 1 1
+7 * 1
+7 * 1 1
+7 * 1 0 0 0 0 0 0 0 0 1
fi=(150)
+2 +1 1 1 0 1 0 0 1
+7 * 1
+7 * 1
+7 * 1
fe=(167)
+4 -1 1 1

fl=(169)
fn=(566)
0x53c10 29 1 0 0 1 0 0 1
fi=(146) /usr/src/debug/glibc/glibc/math/../sysdeps/x86_64/fpu/multiarch/ifunc-avx-fma4.h
+4 +3 1 1
+7 * 1 1
+6 * 1
+3 * 1 0 0 0 0 0 0 0 0 1
+2 * 1
+7 +1 1 1
+7 * 1 0 0 0 0 0 0 0 0 1 1
fe=(169)
+42 -4 1 1 0 1 0 0 1

fl=(153)
fn=(498)
0x5b7d0 28 1 0 0 1 0 0 1
fi=(150)
+4 +1 1 1
+7 * 1
+7 * 1 1
+7 * 1 0 0 0 0 0 0 0 0 1
+2 +1 1 1
+7 * 1
+7 * 1
+7 * 1 0 0 1 0 0 1
fe=(153)
+4 -2 1 1

fl=(168)
fn=(562)
0x6b250 29 2 0 0 1 0 0 1
+4 * 2 2
+7 * 2
+7 * 2 2
+7 * 2 0 0 0 0 0 0 0 0 2
fi=(150)
+2 +1 2 2
+7 * 2
+7 * 2
+7 * 2 0 0 1 0 0 1
fe=(168)
+4 -1 2 2

fl=(152)
fn=(494)
0x61310 29 1 0 0 1 0 0 1
+4 * 1 1
+7 * 1
+7 * 1 1
+7 * 1 0 0 0 0 0 0 0 0 1
fi=(150)
+2 +1 1 1
+7 * 1
+7 * 1
+7 * 1 0 0 1 0 0 1
fe=(152)
+4 -1 1 1

fl=(166)
fn=(550)
0x602c0 28 1 0 0 1 0 0 1
fi=(146)
+4 +4 1 1
+7 * 1 1
+6 * 1
+3 * 1 0 0 0 0 0 0 0 0 1
+2 * 1
+7 +1 1 1
+7 * 1 0 0 0 0 0 0 0 0 1 1
fe=(166)
+42 -5 1 1 0 1 0 0 1

fl=(170)
fn=(570)
0x704b0 28 1 0 0 1 0 0 1
fi=(150)
+4 +1 1 1
+7 * 1 0 0 1 0 0 1
+7 * 1 1
+7 * 1 0 0 0 0 0 0 0 0 1
+2 +1 1 1
+7 * 1
+7 * 1
+7 * 1
fe=(170)
+4 -2 1 1

fl=(145)
fn=(476)
0x5ece0 29 1 0 0 1 0 0 1
fi=(146)
+4 +3 1 1
+7 * 1 1
+6 * 1
+3 * 1 0 0 0 0 0 0 0 0 1
+2 * 1
+7 +1 1 1 0 1 0 0 1
+7 * 1 0 0 0 0 0 0 0 0 1 1
fe=(145)
+42 -4 1 1

fn=(558)
0x5ed30 36 1
fi=(146)
+4 -4 1 1
+7 * 1 1 0 1 0 0 1
+6 * 1
+3 * 1 0 0 0 0 0 0 0 0 1
+2 * 1
+7 +1 1 1
+7 * 1 0 0 0 0 0 0 0 0 1 1
fe=(145)
+42 +3 1 1

fl=(159)
fn=(522)
0x585f0 29 1 0 0 1 0 0 1
fi=(146)
+4 +3 1 1
+7 * 1 1 0 1 0 0 1
+6 * 1
+3 * 1 0 0 0 0 0 0 0 0 1
+2 * 1
+7 +1 1 1
+7 * 1 0 0 0 0 0 0 0 0 1 1
fe=(159)
+42 -4 1 1

fl=(165)
fn=(546)
0x582f0 29 1 0 0 1 0 0 1
+4 * 1 1
+7 * 1 0 0 1 0 0 1
+7 * 1 1
+7 * 1 0 0 0 0 0 0 0 0 1
fi=(150)
+2 +1 1 1
+7 * 1
+7 * 1
+7 * 1
fe=(165)
+4 -1 1 1

fl=(158)
fn=(518)
0x5a690 28 1 0 0 1 0 0 1
fi=(146)
+4 +4 1 1
+7 * 1 1
+6 * 1
+3 * 1 0 0 0 0 0 0 0 0 1
+2 * 1
+7 +1 1 1
+7 * 1 0 0 0 0 0 0 0 0 1 1
fe=(158)
+42 -5 1 1 0 1 0 0 1

fl=(154)
fn=(514)
0x52790 37 1
fi=(143) /usr/src/debug/glibc/glibc/math/../sysdeps/x86_64/fpu/multiarch/ifunc-fma4.h
+4 -6 1 1
+7 * 1 1
+7 * 1 0 0 0 0 0 0 0 0 1
+2 * 1
+7 +1 1 1
+7 * 1 0 0 0 0 0 0 0 0 1 1
fe=(154)
+27 +5 1 1 0 1 0 0 1

fn=(502)
0x52750 29 1 0 0 1 0 0 1
fi=(143)
+4 +2 1 1
+7 * 1 1
+7 * 1 0 0 0 0 0 0 0 0 1 1
+2 * 1
+7 +1 1 1
+7 * 1 0 0 0 0 0 0 0 0 1 1
fe=(154)
+27 -3 1 1 0 1 0 0 1

fl=(160)
fn=(526)
0x5cf70 28 1 0 0 1 0 0 1
fi=(150)
+4 +1 1 1
+7 * 1 0 0 1 0 0 1
+7 * 1 1
+7 * 1 0 0 0 0 0 0 0 0 1
+2 +1 1 1
+7 * 1
+7 * 1
+7 * 1
fe=(160)
+4 -2 1 1

fl=(147)
fn=(480)
0x534b0 28 1 0 0 1 0 0 1
fi=(146)
+4 +4 1 1
+7 * 1 1 0 1 0 0 1
+6 * 1
+3 * 1 0 0 0 0 0 0 0 0 1
+2 * 1
+7 +1 1 1
+7 * 1 0 0 0 0 0 0 0 0 1 1
fe=(147)
+42 -5 1 1

fl=(151)
fn=(490)
0x594f0 28 1 0 0 1 0 0 1
fi=(150)
+4 +1 1 1
+7 * 1 0 0 1 0 0 1
+7 * 1 1
+7 * 1 0 0 0 0 0 0 0 0 1
+2 +1 1 1
+7 * 1
+7 * 1
+7 * 1
fe=(151)
+4 -2 1 1

fl=(142)
fn=(470)
0x5f780 28 1 0 0 1 0 0 1
fi=(143)
+4 +3 1 1
+7 * 1 1
+7 * 1 0 0 0 0 0 0 0 0 1
+2 * 1
+7 +1 1 1
+7 * 1 0 0 0 0 0 0 0 0 1 1
fe=(142)
+27 -4 1 1

fl=(157)
fn=(510)
0x722d0 28 1 0 0 1 0 0 1
fi=(150)
+4 +1 1 1
+7 * 1
+7 * 1 1
+7 * 1 0 0 0 0 0 0 0 0 1
+2 +1 1 1
+7 * 1
+7 * 1
+7 * 1 0 0 1 0 0 1
fe=(157)
+4 -2 1 1

fl=(144)
fn=(474)
0x70e60 44 1 0 0 1 0 0 1
+4 * 1 1
+7 * 1
+7 * 1 1
+7 * 1 0 0 0 0 0 0 0 0 1 1
+27 * 1 1 0 1 0 0 1

fl=(162)
fn=(534)
0x58db0 29 1 0 0 1 0 0 1
fi=(143)
+4 +2 1 1
+7 * 1 1 0 1 0 0 1
+7 * 1 0 0 0 0 0 0 0 0 1 1
+2 * 1
+7 +1 1 1
+7 * 1 0 0 0 0 0 0 0 0 1 1
fe=(162)
+27 -3 1 1

fl=(164)
fn=(542)
0x72310 28 1
fi=(150)
+4 +1 1 1
+7 * 1
+7 * 1 1
+7 * 1 0 0 0 0 0 0 0 0 1
+2 +1 1 1
+7 * 1
+7 * 1
+7 * 1 0 0 1 0 0 1
fe=(164)
+4 -2 1 1

fl=(202)
fn=(698)
0xf860 0 1 0 0 1 0 0 1
+7 0 1
+7 0 1
+3 0 1
+3 0 1
+4 0 1
+4 0 1
+3 0 1 0 0 1 0 0 1
+3 0 1 0 0 0 0 0 0 0 0 1 1
+22 0 1 1
+88 0 1 0 0 1 0 0 1
+4 0 1

fn=(1724) btree_destroy
0xf7b0 0 2 0 2 1 0 0 1
+1 0 2
+2 0 2
+3 0 2 0 2
+2 0 2
+3 0 2 0 2
+1 0 2 2 2 0 1 0 0 0 0 2
+3 0 2 0 0 1 0 0 1
+3 0 2 0 0 0 0 0 0 0 0 2 1
+2 0 2 2
+5 0 2
+3 0 2 0 0 0 0 0 0 0 0 2 2
+27 0 2 2
+1 0 2 2
+2 0 2 2
+1 0 2 2

fn=(1726)
0xf8a0 0 1 0 0 1
+4 0 1 1 0 0 1
+7 0 1 0 0 0 0 0 0 0 0 1
+2 0 1 0 1
+1 0 1 1 0 0 1
+8 0 1
+3 0 1 0 0 0 0 0 0 0 0 1
+2 0 1 1 0 1
+7 0 1 1 1 0 0 0 0 0 0 0 0 1 1
cob=(2)
cfi=(370)
cfn=(1630)
calls=1 0x40500 45 
* 0 99 22 12 0 0 0 0 0 0 23 2
+6 0 1 0 1
cfn=(1734) 0x000000000000f830
calls=1 0xf830 0 
* 0 5 1 0 1 0 0 0 0 0 1
+5 0 1 0 1
+7 0 1 1
+1 0 1 1

fn=(1734)
0xf830 0 1
+7 0 1
+7 0 1 0 0 1
+3 0 1 0 0 0 0 0 0 0 0 1
+23 0 1 1

fn=(1722)
0xf800 0 1 0 0 1 0 0 1
+4 0 1 0 1
+1 0 1
+7 0 1
+3 0 1 0 1
cfn=(1724)
calls=1 -95 0 
* 0 16 6 4 2 1 0 2 0 0 3 2
+5 0 1
+7 0 1 0 1
cfn=(1724)
calls=1 0xf7b0 0 
* 0 16 6 4 0 0 0 0 0 0 3 1
+5 0 1 0 1
+7 0 1 1
+1 0 1 1

ob=(4)
fl=(191)
fn=(670)
0x4c72320 0 1 0 0 1 0 0 1
+4 0 1 1 0 0 1 0 0 0 0 0 0 1 1
cob=(2)
cfi=(195)
cfn=(672)
calls=1 0x1729b0 53 
* 0 22 2 0 2 1 0 2 1 0 3 1

fn=(1720)
0x4a6ab74 0 1 0 0 1 0 0 1
+4 0 1
+4 0 1
+4 0 1 1 0 1 0 0 1

fn=(980)
0x4002000 0 1 0 0 1 0 0 1
+4 0 1
+4 0 1 1 0 0 1
+7 0 1
+3 0 1 0 0 0 0 0 0 0 0 1 1
+4 0 1
+4 0 1 1

fn=(694)
0x4b22000 0 1 0 0 1 0 0 1
+4 0 1
+4 0 1 1 0 0 1
+7 0 1
+3 0 1 0 0 0 0 0 0 0 0 1
+4 0 1
+4 0 1 1

fn=(704)
0x4916000 0 1 0 0 1 0 0 1
+4 0 1
+4 0 1 1 0 0 1
+7 0 1
+3 0 1 0 0 0 0 0 0 0 0 1
+4 0 1
+4 0 1 1

fn=(1104)
0x4c72330 0 2 0 0 2
+4 0 2 2 0 0 1 0 0 0 0 0 0 2 2
cob=(2)
cfi=(295)
cfn=(1106)
calls=2 0x16ff20 53 
* 0 42 6 0 4 0 0 2 0 0 6 2

fn=(1662)
0x4846274 0 1 0 0 1 0 0 1
+4 0 1
+4 0 1
+4 0 1 1 0 1 0 0 1

fn=(1740)
0x4bac808 0 1 0 0 1 0 0 1
+4 0 1
+4 0 1
+4 0 1 1

fn=(678)
0x4c25000 0 1 0 0 1 0 0 1
+4 0 1
+4 0 1 1 0 0 1
+7 0 1
+3 0 1 0 0 0 0 0 0 0 0 1 1
+4 0 1
+4 0 1 1

fn=(1644)
0x400466c 0 1 0 0 1
+4 0 1
+4 0 1
+4 0 1 1

fn=(656)
0x4846000 0 1 0 0 1 0 0 1
+4 0 1
+4 0 1 1
+7 0 1
+3 0 1 0 0 0 0 0 0 0 0 1 1
+4 0 1
+4 0 1 1

fn=(910)
0x4c722e0 0 2 0 0 1 0 0 1
+4 0 2 2 0 0 0 0 0 0 0 0 0 2 1
cob=(2)
cfi=(257)
cfn=(912)
calls=2 0x171be0 206 
* 0 50 10 0 2 2 0 2 0 0 8 2

ob=(5)
fl=(192)
fn=(660)
0x1050 0 1 0 0 1 0 0 1
+7 0 1
+7 0 1
+3 0 1
+3 0 1
+4 0 1
+4 0 1
+3 0 1
+3 0 1 0 0 0 0 0 0 0 0 1 1
+22 0 1 1 0 1 0 0 1
+88 0 1 0 0 1 0 0 1
+4 0 1

fn=(1648)
0x1090 0 1 0 0 1
+4 0 1 1 0 0 1
+7 0 1 0 0 0 0 0 0 0 0 1 1
+2 0 1 0 1
+1 0 1 1 0 0 1
+8 0 1
+3 0 1 0 0 0 0 0 0 0 0 1
+2 0 1 1
+7 0 1 1 1 0 0 0 0 0 0 0 0 1 1
cob=(2)
cfi=(370)
cfn=(1630)
calls=1 0x40500 45 
* 0 99 22 12 0 0 0 0 0 0 23 3
+6 0 1 0 1
cfn=(1656) 0x0000000000001020
calls=1 0x1020 0 
* 0 5 1 0 2 0 0 0 0 0 1 1
+5 0 1 0 1 1
+7 0 1 1
+1 0 1 1

fn=(1656)
0x1020 0 1 0 0 1
+7 0 1
+7 0 1
+3 0 1 0 0 0 0 0 0 0 0 1 1
+23 0 1 1 0 1

ob=(4)
fl=(191)
fn=(792)
0x4c72240 0 24581 0 0 2 0 0 1
+4 0 24581 24581 0 0 1 0 0 0 0 0 0 24581 1
cob=(2)
cfi=(232)
cfn=(794)
calls=24581 0x170b00 52 
* 0 344134 49162 0 112 7 0 1 7 0 49162 5

fn=(1516)
0x4c72290 0 16256 0 0 1 0 0 1
+4 0 16256 16256 0 0 1 0 0 0 0 0 0 16256 1
cob=(2)
cfi=(295)
cfn=(1518)
calls=16256 0x170160 53 
* 0 308864 32512 0 2 0 0 2 0 0 32512

fn=(1760)
0x4c47868 0 1 0 0 1 0 0 1
+4 0 1
+4 0 1
+4 0 1 1

totals: 59751917 15830941 8340877 4737 143846 10443 2417 8790 8148 8593563 189612 618307 35858
