# callgrind format
version: 1
creator: callgrind-3.25.1
pid: 49706
cmd:  ./../pearson ../data/512.data ../data_o/512_seq.data
part: 1


desc: I1 cache: 32768 B, 64 B, 8-way associative
desc: D1 cache: 49152 B, 64 B, 12-way associative
desc: LL cache: 25165824 B, 64 B, 12-way associative

desc: Timerange: Basic block 0 - 196101227
desc: Trigger: Program termination

positions: instr line
events: Ir Dr Dw I1mr D1mr D1mw ILmr DLmr DLmw Bc Bcm Bi Bim
summary: 1069142370 293829159 129989989 20346 8602721 118950 2443 8791 116992 144491195 2712795 9708979 531579


ob=(7) /usr/lib/libstdc++.so.6.0.34
fl=(310) /usr/src/debug/gcc/gcc/libstdc++-v3/src/c++98/istream-string.cc
fn=(1194) std::basic_istream<char, std::char_traits<char> >& std::getline<char, std::char_traits<char>, std::allocator<char> >(std::basic_istream<char, std::char_traits<char> >&, std::__cxx11::basic_string<char, std::char_traits<char>, std::allocator<char> >&, char)
0xcdda0 124 514 0 0 1 0 0 1
+4 * 514 0 514
+1 * 514
+3 * 514 0 514
+2 * 514 0 514
+2 * 514
+3 * 514 0 514
+2 * 514 0 514
+2 * 514
+3 +12 514
+3 -12 514 0 514
+1 * 514
+4 * 514 0 514 1 0 0 1
+3 +12 514
+5 * 514 514
+9 * 514 0 514
+4 * 514
+4 * 514 514 514 0 0 0 0 0 0 0 0 514 1
cfi=(299) /usr/src/debug/gcc/gcc-build/x86_64-pc-linux-gnu/libstdc++-v3/include/bits/istream.tcc
cfn=(1128) std::istream::sentry::sentry(std::istream&, bool)
calls=514 0x132ab0 -85 
* * 15420 5140 3598 1 0 0 0 0 0 1542 7
+6 +1 514 514
+4 * 514 0 0 0 0 0 0 0 0 514 4
+7 +63 1 1
+3 * 1 1
+4 * 1
fi=(241) /usr/src/debug/gcc/gcc-build/x86_64-pc-linux-gnu/libstdc++-v3/include/bits/ios_base.h
+3 -2 1 1
fi=(239) /usr/src/debug/gcc/gcc-build/x86_64-pc-linux-gnu/libstdc++-v3/include/bits/basic_ios.h
+3 -31 1 1 1 0 0 0 0 0 0 0 0 1 1
cfi=(243) /usr/src/debug/gcc/gcc-build/x86_64-pc-linux-gnu/libstdc++-v3/include/bits/basic_ios.tcc
cfn=(1118) std::basic_ios<char, std::char_traits<char> >::clear(std::_Ios_Iostate)
calls=1 0x12fab0 46 
* * 9 3 1 0 0 0 0 0 0 1
fe=(310)
+6 +35 514 514
+4 * 514 514
+9 * 514 0 0 0 0 0 0 0 0 514 1
+6 * 514
+4 * 514
+3 * 514 514
+1 * 514 514
+2 * 514 514
+2 * 514 514
+2 * 514 514
+2 * 514 514
+1 * 514 514
fi=(311) /usr/src/debug/gcc/gcc-build/x86_64-pc-linux-gnu/libstdc++-v3/include/bits/basic_string.h
+1 +32 514 0 514 2 0 0 1
+9 +5 514 514
fi=(304) /usr/src/debug/gcc/gcc-build/x86_64-pc-linux-gnu/libstdc++-v3/include/bits/char_traits.h
+4 352 514 0 514
fe=(310)
+3 144 514 514
fi=(239)
+3 338 514 514
+4 * 514 514
fi=(300) /usr/src/debug/gcc/gcc-build/x86_64-pc-linux-gnu/libstdc++-v3/include/streambuf
+8 494 514 514 0 1 0 0 1
+4 350 514 514
+4 * 514 0 0 0 0 0 0 0 0 514 1
fi=(304)
+6 452 513 513 0 0 1
fi=(311)
+3 259 513
fi=(304)
+5 452 513 513
fe=(310)
+4 153 513
fi=(311)
+10 259 513 0 513
fi=(304)
+4 452 513 0 513
+3 * 513
fe=(310)
+2 148 513
+3 * 513 0 0 0 0 0 0 0 0 513 511
fi=(311)
-31 259 1
fi=(304)
+5 452 1 1
fe=(310)
+4 153 1
fi=(311)
+10 259 1 0 1
fi=(304)
+4 452 1 0 1
+3 * 1
fe=(310)
+2 148 1
+3 * 1 0 0 0 0 0 0 0 0 1
-3 * 192
+3 * 192 0 0 0 0 0 0 0 0 192
fi=(304)
+6 405 705 705
+4 * 705 0 705
fe=(310)
+3 149 705 705
+3 * 705 0 0 1 0 0 1 0 0 705 1
-3 * 512 512
+3 * 512 0 0 0 0 0 0 0 0 512 34
fi=(300)
+6 494 704 704
fe=(310)
+4 152 704 704
+4 +1 704
+3 * 704
fi=(311)
+3 1165 704 704
fe=(310)
+5 152 704
fi=(258) /usr/src/debug/gcc/gcc-build/x86_64-pc-linux-gnu/libstdc++-v3/include/bits/stl_algobase.h
+3 +87 704
+3 * 704
fe=(310)
+4 -85 704
+4 * 704 0 0 0 0 0 0 0 0 704
fi=(304)
+6 405 704 0 704
+4 * 704 704
+3 * 704
+3 * 704 0 704
+4 * 704 0 704
+4 * 704 704 704 1 0 0 1 0 0 0 0 704 1
cob=(2) /usr/lib/libc.so.6
cfi=(316) /usr/src/debug/glibc/glibc/string/../sysdeps/x86_64/multiarch/memchr-avx2.S
cfn=(1214) __memchr_avx2
calls=704 0x16d380 61 
* * 193046 52222 0 8 687 0 8 127 0 31795 2064
fe=(310)
+6 160 704 704
fi=(311)
+4 422 704
fi=(304)
+3 -17 704
fe=(310)
+3 160 704
+3 * 704
+3 * 704 704
fi=(311)
+5 422 704 704
+4 * 704
+3 * 704 0 0 0 0 0 0 0 0 704 11
+6 1570 704
+3 * 704
+3 * 704
+3 * 704 0 704
+4 * 704 0 704
cfi=(278) /usr/src/debug/gcc/gcc-build/x86_64-pc-linux-gnu/libstdc++-v3/include/bits/basic_string.tcc
cfn=(1216) std::__cxx11::basic_string<char, std::char_traits<char>, std::allocator<char> >::_M_append(char const*, unsigned long) [clone .isra.0]
calls=704 0xcd8f0 444 
* * 189124 58645 54486 19 4 49 17 0 49 19273 1012 708 4
fi=(300)
+5 804 704 704
+4 * 704 704
+4 * 704 0 0 1 0 0 1
fe=(310)
+3 163 704
fi=(300)
+3 804 704 0 704
+4 350 704 704
+4 * 704 0 0 0 0 0 0 0 0 704 160
fe=(310)
+6 149 512
fi=(304)
+10 452 512 512
fe=(310)
+3 149 512
+3 * 512 0 0 0 0 0 0 0 0 512 10
fi=(300)
0xcdfd0 494 513 513 0 1 0 0 1
fe=(310)
+4 178 513
fi=(300)
+4 328 513 513
+4 * 513 0 0 0 0 0 0 0 0 513
+6 507 513
+4 * 513 0 513
fe=(310)
+4 197 513
fi=(300)
+6 353 192 192
+3 * 192
+3 * 192 192 192 0 1 0 0 0 0 0 0 192 192
cfi=(286) /usr/src/debug/gcc/gcc-build/x86_64-pc-linux-gnu/libstdc++-v3/include/bits/fstream.tcc
cfn=(1134) std::basic_filebuf<char, std::char_traits<char> >::underflow()
calls=192 0x1249b0 -26 
* * 27456 9600 5184 772 150 0 0 0 0 2688 1 960
fe=(310)
+3 149 192 0 0 1 0 0 1
+10 * 192
+3 * 192 0 0 0 0 0 0 0 0 192 2
0xce080 +48 1
+3 * 1 0 0 0 0 0 0 0 0 1
+2 * 1
+5 +2 1
fi=(300)
+6 353 1 1 0 1 0 0 1
+3 * 1
+3 * 1 1 1 0 0 0 0 0 0 0 0 1 1
cfi=(286)
cfn=(1134)
calls=1 0x1249b0 -26 
* * 140 48 27 7 0 0 3 0 0 13 1 5
+3 * 1
fe=(310)

fl=(262) /usr/src/debug/gcc/gcc/libstdc++-v3/src/c++98/bitmap_allocator.cc
fn=(934) _GLOBAL__sub_I_bitmap_allocator.cc
0xae170 127 1 0 0 1 0 0 1
fi=(263) /usr/src/debug/gcc/gcc-build/x86_64-pc-linux-gnu/libstdc++-v3/include/ext/bitmap_allocator.h
+4 1113 1
+7 * 1 1 0 0 1
+3 * 1 0 0 0 0 0 0 0 0 1
+2 * 1 0 1 1 0 0 1
+3 106 1
+7 * 1
+2 * 1
+4 * 1 0 1 0 0 1
+4 * 1 0 1
+3 1126 1
+7 * 1 1
+3 * 1 0 0 0 0 0 0 0 0 1 1
+2 +5 1
+7 * 1 1
+3 * 1 0 0 0 0 0 0 0 0 1
fi=(264) /usr/src/debug/gcc/gcc-build/x86_64-pc-linux-gnu/libstdc++-v3/include/ext/concurrence.h
+2 134 1
fi=(263)
+7 1131 1 0 1
fi=(264)
+3 134 1
+5 * 1
+2 * 1 0 1 1 0 1 1
* * 10 0 9 0 0 0 0 0 0 10 10
fi=(263)
+2 1113 1
+7 * 1 1
+3 * 1 0 0 0 0 0 0 0 0 1
+2 * 1 0 1
+3 106 1
+7 * 1
+2 * 1
+4 * 1 0 1 0 0 1
+4 * 1 0 1
+3 1126 1
+7 * 1 1
+3 * 1 0 0 0 0 0 0 0 0 1 1
+2 +5 1
+7 * 1 1
+3 * 1 0 0 0 0 0 0 0 0 1
fi=(264)
+2 134 1
fi=(263)
+7 1131 1 0 1
fi=(264)
+3 134 1
+5 * 1
+2 * 1 0 1 0 0 1
* * 10 0 9 0 0 0 0 0 0 10 10
fe=(262)
+2 -7 1 1
fi=(263)
+1 1126 1 0 1 1 0 0 1
+3 412 1 1 0 0 1
+8 * 1
+7 +9 1 0 1
+8 -9 1 0 1
+3 +10 1
+5 1126 1 0 1
+3 412 1 1
+8 * 1
+7 +9 1 0 1
+8 -9 1 0 1
+3 +10 1
fe=(262)

fl=(206) /usr/src/debug/gcc/gcc/libstdc++-v3/src/c++11/locale_init.cc
fn=(716) std::locale::_S_initialize()
0xe1b30 340 2590 0 0 513 0 0 1
fi=(205) /usr/src/debug/gcc/gcc-build/x86_64-pc-linux-gnu/libstdc++-v3/include/ext/atomicity.h
+4 54 2590 2590 0 0 1
fe=(206)
+7 342 2590 2590 0 0 1
+3 * 2590 0 0 0 0 0 0 0 0 2590 1
+2 +3 2590 0 0 513 0 0 1
+7 * 2590 2590 0 0 2 0 0 1
+4 * 2590 0 0 0 0 0 0 0 0 2590 3
+2 * 2589 2589
+51 +1 1
cfn=(718) std::locale::_S_initialize_once()
calls=1 0xe1ad0 -22 
* * 36139 10478 4342 249 135 101 249 20 94 7067 313 812 129

fn=(714) std::locale::locale()
0xe1ba0 269 2590 0 0 195 0 0 1
+4 * 2590 0 2590
+1 * 2590
+3 * 2590 0 2590
+2 * 2590 0 2590
+1 * 2590
+3 * 2590 0 2590 0 0 1 0 0 1
+7 +2 2590 0 2590 0 0 2
cfn=(716)
calls=2590 0xe1b30 +69 
* * 56859 20837 4342 1275 139 101 251 21 94 12247 317 812 129
+6 +11 2590 0 0 513 0 0 1
+7 +1 2590
+7 -1 2590 2590
+4 * 2590 0 2590
+3 +1 2590 2590
+3 * 2590 0 0 0 0 0 0 0 0 2590 19
+77 +6 2590 2590 0 2 0 0 1
+1 * 2590 2590
+2 * 2590 2590
+1 * 2590 2590

fn=(720) std::locale::_Impl::_Impl(unsigned long)
0xe0c40 490 1 0 0 1 0 0 1
+4 * 1 0 1
+1 +5 1
+7 * 1
+5 -5 1
+3 * 1 0 1
+2 * 1 0 1
+2 * 1 0 1
+2 * 1 0 1
+2 * 1 0 1 0 0 1
+1 * 1
+3 * 1
+4 * 1 1
+9 * 1 0 1
+4 * 1
+2 +2 1 0 1 0 0 1 0 0 1
+2 * 1 0 1
+8 +3 1
+3 * 1 0 1 1 0 0 1
+4 +1 1
+7 * 1 0 1
+4 -1 1 0 1 0 0 1 0 0 1
* * 48 0 47 0 0 6 0 0 6 48 8
+3 +1 1
+3 * 1
+5 * 1 0 1 0 0 1 0 0 1
* * 48 0 47 0 0 5 0 0 5 48 7
+3 +3 1
+5 * 1
+7 * 1 0 1 0 0 1 0 0 1
* * 11 0 10 0 0 1 0 0 1 11 8
+3 * 1
+7 * 1 0 1
+4 +1 1
+7 * 1 0 1 1 0 0 1
+7 +1 1 1 1 0 0 1 0 0 0 0 0 1 1
cfi=(207) /usr/src/debug/gcc/gcc/libstdc++-v3/src/c++98/locale.cc
cfn=(722) std::locale::facet::_S_get_c_name()
calls=1 0xc83e0 233 
* * 3 1 0 1 0 0 1
+6 +9 1
+5 * 1
+2 * 1
fi=(384) /usr/include/bits/string_fortified.h
+2 29 1 1 0 0 1 0 0 1
fe=(206)
+3 510 1
fi=(384)
+7 29 1 0 1
fe=(206)
+7 510 1 1 1 0 1 0 0 0 0 0 0 1 1
cfi=(208) /usr/src/debug/gcc/gcc-build/x86_64-pc-linux-gnu/libstdc++-v3/src/c++11/ctype_configure_char.cc
cfn=(724) std::ctype<char>::ctype(unsigned short const*, bool, unsigned long)
calls=1 0xf1e00 121 
* * 269 50 117 22 9 13 22 2 9 81 27 5 5
fi=(214) /usr/src/debug/gcc/gcc-build/x86_64-pc-linux-gnu/libstdc++-v3/include/bits/locale_classes.h
+6 652 1 1 0 0 1
+7 * 1
+7 * 1
+3 * 1 1 1 1 1 0 1 0 0 0 0 1 1
cfi=(207)
cfn=(746) std::locale::_Impl::_M_install_facet(std::locale::id const*, std::locale::facet const*)
calls=1 0xc8980 325 
* * 398 119 13 8 1 0 8 0 0 103 6 1 1
fe=(206)
+6 511 1
+5 * 1
+7 * 1 1 1 0 1 0 0 0 0 0 0 1 1
cfi=(215) /usr/src/debug/gcc/gcc/libstdc++-v3/src/c++98/codecvt.cc
cfn=(754) std::codecvt<char, char, __mbstate_t>::codecvt(unsigned long)
calls=1 0xc2dc0 38 
* * 37 12 9 1 1 1 1 0 1 2 0 2 1
fi=(214)
+6 652 1 1 0 0 1
+7 * 1
+7 * 1
+3 * 1 1 1 0 0 0 0 0 0 0 0 1 1
cfi=(207)
cfn=(746)
calls=1 0xc8980 325 
* * 398 119 13 0 1 0 0 0 0 103 4 1
fi=(216) /usr/src/debug/gcc/gcc-build/x86_64-pc-linux-gnu/libstdc++-v3/include/bits/locale_facets.h
+6 1636 1
+7 -1 1
+2 +85 1
fi=(214)
+2 436 1 0 1 0 0 1 0 0 1
fi=(216)
+10 1633 1 0 1 1 0 0 1
+7 +87 1
+7 -84 1
+4 -4 1 0 1
+11 +4 1 0 1
+7 +83 1 1 0 0 1
+7 -87 1 0 1
+11 +87 1
+4 -85 1 0 1 1 0 0 1
+11 +85 1 0 1 0 0 1 0 0 1
+7 * 1
+7 -85 1 0 1
+11 * 1 0 1
+11 +1 1 0 1 0 0 1 0 0 1
+11 * 1 0 1
+7 +1 1 0 1 1 0 1 1 0 1
fi=(214)
+7 436 1 0 1
fi=(216)
+10 1719 1 0 1
+7 +1 1 1 1 0 1 0 0 0 0 0 0 1 1
cfi=(217) /usr/src/debug/gcc/gcc-build/x86_64-pc-linux-gnu/libstdc++-v3/src/c++98/numeric_members.cc
cfn=(758) std::__cxx11::numpunct<char>::_M_initialize_numpunct(__locale_struct*)
calls=1 0xd53c0 92 
* * 421 138 76 5 5 0 5 3 0 64 20
fi=(214)
+6 652 1 1 0 0 1
+7 * 1
+7 * 1
+3 * 1 1 1 0 0 0 0 0 0 0 0 1 1
cfi=(207)
cfn=(746)
calls=1 0xc8980 325 
* * 398 119 13 0 1 0 0 1 0 103 3 1
fi=(216)
+6 1983 1 1 0 0 1
fi=(214)
+7 652 1 1 0 0 1
+7 * 1 0 0 1 0 0 1
+3 436 1 0 1
+10 652 1
fi=(216)
+7 1983 1
+4 * 1 0 1
fi=(214)
+7 652 1 1 1 0 0 0 0 0 0 0 0 1 1
cfi=(207)
cfn=(746)
calls=1 0xc8980 325 
* * 398 119 13 0 1 0 0 1 0 103 3 1
fi=(216)
+6 2347 1 1 0 0 1
fi=(214)
+7 652 1 1 0 0 1
+7 * 1
+3 436 1 0 1
+10 652 1 0 0 1 0 0 1
fi=(216)
+7 2347 1
+4 * 1 0 1
fi=(214)
+7 652 1 1 1 0 0 0 0 0 0 0 0 1 1
cfi=(207)
cfn=(746)
calls=1 0xc8980 325 
* * 398 119 13 0 0 0 0 0 0 103 3 1
+6 +63 1 1 0 0 1
+7 436 1 0 1
+10 715 1
+4 * 1 0 1
+7 * 1 1 1 0 0 0 0 0 0 0 0 1 1
cfi=(207)
cfn=(726) std::locale::facet::_S_get_c_locale()
calls=1 0xc8390 221 
* * 18 6 2 0 0 0 0 0 0 2 0 1
+6 * 1 0 1
+7 -63 1 1 0 1 1 0 1
+7 * 1
+7 * 1
+3 * 1 1 1 0 0 0 0 0 0 0 0 1 1
cfi=(207)
cfn=(746)
calls=1 0xc8980 325 
* * 398 119 13 0 0 0 0 0 0 103 3 1
fi=(218) /usr/src/debug/gcc/gcc-build/x86_64-pc-linux-gnu/libstdc++-v3/include/bits/locale_facets_nonio.h
+6 1026 1
+7 -6 1
+2 +88 1
fi=(214)
+2 436 1
fi=(218)
+7 1020 1 0 1 0 0 1 0 0 1
+7 +88 1
+2 * 1
+7 -82 1
fi=(214)
+4 436 1 0 1 1 0 0 1
fi=(218)
+10 1026 1 0 1
+7 +81 1 1 0 0 1
+7 -88 1 0 1
+11 +88 1
+4 -88 1 0 1
+11 * 1 0 1
+7 +2 1 0 1
+11 * 1 0 1 1 0 0 1
+11 +1 1 0 1
+11 * 1 0 1 0 0 1 0 0 1
+11 +1 1 0 1
+11 * 1 0 1
+11 +1 1 0 1 1 0 0 1
+10 +1 1 0 1
+11 +1 1 0 1
fi=(214)
+7 436 1 0 1 0 0 1 0 0 1
fi=(218)
+10 1107 1 0 1
+7 * 1 0 1
+7 +1 1 1 1 0 1 0 0 0 0 0 0 1 1
cfi=(219) /usr/src/debug/gcc/gcc-build/x86_64-pc-linux-gnu/libstdc++-v3/src/c++98/monetary_members.cc
cfn=(762) std::__cxx11::moneypunct<char, false>::_M_initialize_moneypunct(__locale_struct*, char const*)
calls=1 0xd3ec0 372 
* * 114 38 31 5 2 0 5 1 0 13 8
fi=(214)
+6 652 1 1 0 0 1
+7 * 1
+7 * 1 0 0 1 0 0 1
+3 * 1 1 1 0 0 0 0 0 0 0 0 1 1
cfi=(207)
cfn=(746)
calls=1 0xc8980 325 
* * 398 119 13 0 0 0 0 0 0 103 1 1
fi=(218)
+6 1026 1
+7 +82 1
+2 * 1
fi=(214)
+2 436 1 0 1 0 0 1 0 0 1
fi=(218)
+10 1019 1 0 1
+7 +89 1
+7 -82 1
+4 -7 1 0 1
+11 +7 1 0 1 1 0 0 1
+7 -6 1
+2 * 1 0 1
+7 +87 1 1 0 0 1
+7 -88 1 0 1
+11 +88 1
+4 -86 1 0 1
+11 +86 1 0 1
+7 * 1
+7 -86 1 0 1 1 0 0 1
+11 +1 1 0 1
+11 * 1 0 1 0 0 1 0 0 1
+11 +1 1 0 1
+11 * 1 0 1
+11 +1 1 0 1
+10 +1 1 0 1 1 0 0 1
+11 +1 1 0 1
fi=(214)
+7 436 1 0 1
fi=(218)
+10 1107 1 0 1
+7 +1 1 1 1 0 1 0 0 0 0 0 0 1 1
cfi=(219)
cfn=(764) std::__cxx11::moneypunct<char, true>::_M_initialize_moneypunct(__locale_struct*, char const*)
calls=1 0xd39a0 216 
* * 114 38 31 6 0 0 6 0 0 13 2
fi=(214)
+6 652 1 1 0 0 1
+7 * 1
+7 * 1
+3 * 1 1 1 0 0 0 0 0 0 0 0 1 1
cfi=(207)
cfn=(746)
calls=1 0xc8980 325 
* * 398 119 13 0 0 0 0 0 0 103 1 1
fi=(218)
+6 1530 1 1 0 1 1 0 1
fi=(214)
+7 652 1 1 0 0 1
+7 * 1
+3 436 1 0 1
+10 652 1
fi=(218)
+7 1530 1
+4 * 1 0 1
fi=(214)
+7 652 1 1 1 0 0 0 0 0 0 0 0 1 1
cfi=(207)
cfn=(746)
calls=1 0xc8980 325 
* * 398 119 13 0 0 0 0 0 0 103 1 1
fi=(218)
+6 1690 1 1 0 0 1
fi=(214)
+7 652 1 1
+7 * 1
+3 436 1 0 1 1 0 1 1 0 1
+10 652 1
fi=(218)
+7 1690 1
+4 * 1 0 1
fi=(214)
+7 652 1 1 1 0 0 0 0 0 0 0 0 1 1
cfi=(207)
cfn=(746)
calls=1 0xc8980 325 
* * 398 119 13 0 0 0 0 0 0 103 1 1
fi=(218)
+6 138 1
+7 -13 1
fi=(214)
+4 436 1 0 1 0 0 1 0 0 1
fe=(206)
+10 +97 1
fi=(218)
+5 138 1 0 1 1 0 1 1 0 1
fe=(206)
+7 533 1
+7 * 1
fi=(218)
+7 138 1
+4 -13 1 0 1
+7 +13 1 0 1
+7 * 1 0 1
+11 -13 1 0 1 0 0 1 0 0 1
+7 * 1 0 1
+7 * 1 0 1 1 0 0 1
+7 * 1 0 1
+7 * 1 0 1 0 0 1 0 0 1
+7 * 1 0 1
+7 * 1 0 1
+7 * 1 0 1
+7 * 1 0 1 0 0 1 0 0 1
+7 * 1 0 1
+7 * 1 0 1
+7 * 1 0 1
+7 * 1 0 1 1 0 1 1 0 1
+7 * 1 0 1
+7 * 1 0 1
+7 * 1 0 1
+7 * 1 0 1 0 0 1 0 0 1
+7 * 1 0 1
+7 * 1 0 1
+7 * 1 0 1
+7 * 1 0 1
+7 * 1 0 1 1 0 0 1
fe=(206)
+7 533 1 1 1 0 1 0 0 0 0 0 0 1 1
cfi=(220) /usr/src/debug/gcc/gcc-build/x86_64-pc-linux-gnu/libstdc++-v3/include/x86_64-pc-linux-gnu/bits/time_members.h
cfn=(766) std::__timepunct<char>::__timepunct(std::__timepunct_cache<char>*, unsigned long)
calls=1 0x13d110 48 
* * 179 46 43 15 5 0 15 0 0 4 1 4 3
fi=(214)
+6 652 1 1 0 0 1
+7 * 1
+7 * 1
+3 * 1 1 1 0 0 0 0 0 0 0 0 1 1
cfi=(207)
cfn=(746)
calls=1 0xc8980 325 
* * 398 119 13 0 0 0 0 0 0 103 3 1
fi=(218)
+6 422 1 1 0 0 1
fi=(214)
+7 652 1 1 0 0 1
+7 * 1
+3 436 1 0 1 0 0 1 0 0 1
+10 652 1 0 0 1 0 0 1
fi=(218)
+7 422 1
+4 * 1 0 1
fi=(214)
+7 652 1 1 1 0 0 0 0 0 0 0 0 1 1
cfi=(207)
cfn=(746)
calls=1 0xc8980 325 
* * 398 119 13 0 0 0 0 0 0 103 1 1
fi=(218)
+6 859 1 1 0 0 1
fi=(214)
+7 652 1 1 0 0 1
+7 * 1
+3 436 1 0 1
+10 652 1
fi=(218)
+7 859 1
+4 * 1 0 1 1 0 0 1
fi=(214)
+7 652 1 1 1 0 0 0 0 0 0 0 0 1 1
cfi=(207)
cfn=(746)
calls=1 0xc8980 325 
* * 398 119 13 0 1 0 0 1 0 103 1 1
fe=(206)
+6 537 1
+5 * 1
+7 * 1 1 1 0 1 0 0 0 0 0 0 1 1
cfi=(222) /usr/src/debug/gcc/gcc-build/x86_64-pc-linux-gnu/libstdc++-v3/include/x86_64-pc-linux-gnu/bits/messages_members.h
cfn=(770) std::__cxx11::messages<char>::messages(unsigned long)
calls=1 0x110b80 44 
* * 42 14 11 1 1 0 1 0 0 2 0 3 2
fi=(214)
+6 652 1 1
+7 * 1
+7 * 1
+3 * 1 1 1 0 0 0 0 0 0 0 0 1 1
cfi=(207)
cfn=(746)
calls=1 0xc8980 325 
* * 398 119 13 0 0 0 0 0 0 103 1 1
fe=(206)
+6 540 1
+5 * 1
+7 * 1 1 1 1 1 0 1 0 0 0 0 1 1
cfi=(223) /usr/src/debug/gcc/gcc/libstdc++-v3/src/c++11/ctype.cc
cfn=(772) std::ctype<wchar_t>::ctype(unsigned long)
calls=1 0xdd090 103 
* * 18710 5326 2552 32 23 21 32 5 21 3127 77 656 21
fi=(214)
+6 652 1 1 0 0 1
+7 * 1
+7 * 1
+3 * 1 1 1 0 0 0 0 0 0 0 0 1 1
cfi=(207)
cfn=(746)
calls=1 0xc8980 325 
* * 398 119 13 0 1 0 0 1 0 103 3 1
fe=(206)
+6 541 1
+5 * 1
+7 * 1 1 1 0 0 0 0 0 0 0 0 1 1
cfi=(215)
cfn=(798) std::codecvt<wchar_t, char, __mbstate_t>::codecvt(unsigned long)
calls=1 0xc2e60 118 
* * 37 12 9 2 0 2 2 0 2 2 0 2 1
fi=(214)
+6 652 1 1
+7 * 1
+7 * 1
+3 * 1 1 1 1 0 0 1 0 0 0 0 1 1
cfi=(207)
cfn=(746)
calls=1 0xc8980 325 
* * 398 119 13 0 0 0 0 0 0 103 1 1
fi=(216)
+6 1636 1
+7 +84 1
fi=(214)
+2 436 1
+7 * 1 0 1 0 0 1 0 0 1
fi=(216)
+10 1633 1 0 1
+7 +87 1
+7 -84 1
+4 -4 1 0 1
+11 +4 1 0 1 1 0 0 1
+7 +83 1 1 0 0 1
+7 -87 1 0 1
+11 +87 1
+4 -85 1 0 1
+11 * 1 0 1
+11 * 1 0 1
+11 +1 1 0 1 1 0 1 1 0 1
+11 * 1 0 1
+11 +1 1 0 1
fi=(214)
+7 436 1 0 1
fi=(216)
+10 1719 1 0 1
+7 * 1 0 1 0 0 1 0 0 1
+7 +1 1 1 1 0 1 0 0 0 0 0 0 1 1
cfi=(217)
cfn=(800) std::__cxx11::numpunct<wchar_t>::_M_initialize_numpunct(__locale_struct*)
calls=1 0xd5700 183 
* * 353 75 75 5 1 3 5 1 3 64 19
fi=(214)
+6 652 1 1 0 0 1
+7 * 1 0 0 1 0 0 1
+7 * 1
+3 * 1 1 1 0 0 0 0 0 0 0 0 1 1
cfi=(207)
cfn=(746)
calls=1 0xc8980 325 
* * 398 119 13 0 1 0 0 1 0 103 1 1
fi=(216)
+6 1983 1 1 0 0 1
fi=(214)
+7 652 1 1
+7 * 1
+3 436 1 0 1
+10 652 1
fi=(216)
+7 1983 1
+4 * 1 0 1
fi=(214)
+7 652 1 1 1 0 0 0 0 0 0 0 0 1 1
cfi=(207)
cfn=(746)
calls=1 0xc8980 325 
* * 398 119 13 0 1 0 0 1 0 103 1 1
fi=(216)
+6 2347 1 1 0 1 1 0 1
fi=(214)
+7 652 1 1
+7 * 1
+3 436 1 0 1
+10 652 1
fi=(216)
+7 2347 1
+4 * 1 0 1
fi=(214)
+7 652 1 1 1 0 0 0 0 0 0 0 0 1 1
cfi=(207)
cfn=(746)
calls=1 0xc8980 325 
* * 398 119 13 0 0 0 0 0 0 103 1 1
+6 +63 1 1
+7 436 1 0 1 1 0 0 1
+10 715 1
+4 * 1 0 1
+7 * 1 1 1 0 0 0 0 0 0 0 0 1 1
cfi=(207)
cfn=(726)
calls=1 0xc8390 221 
* * 18 6 2 0 0 0 0 0 0 2 0 1
+6 * 1
+7 * 1
+5 * 1 1 0 0 1
+8 * 1 1
+8 * 1
+5 * 1
+5 * 1 1 0 1 0 0 1
+8 * 1 0 1
+7 -64 1
+4 * 1
+4 +1 1
+3 * 1 1 0 0 1
+7 * 1
+4 * 1 0 1 0 0 1
+7 * 1
+7 * 1 0 1
+7 * 1 0 1
+4 * 1 1 1 0 0 0 0 0 0 0 0 1 1
cfi=(207)
cfn=(746)
calls=1 0xc8980 325 
* * 398 119 13 0 0 0 0 0 0 103 1 1
fi=(218)
+6 1026 1 0 0 1 0 0 1
+7 +82 1
+2 * 1
fi=(214)
+2 436 1 0 1 0 0 1 0 0 1
fi=(218)
+10 1019 1 0 1
+7 +89 1
+7 -82 1
+4 -7 1 0 1
+11 +7 1 0 1
+7 +81 1 1
+7 -88 1 0 1 1 0 0 1
+11 +88 1
+4 -87 1 0 1
+11 +87 1 0 1 0 0 1 0 0 1
+7 * 1
+7 -86 1 0 1
+11 * 1 0 1
+11 +1 1 0 1 1 0 1 1 0 1
+11 * 1 0 1
+11 +1 1 0 1
+11 * 1 0 1
+11 +1 1 0 1
+10 +1 1 0 1
+11 +1 1 0 1 1 0 1 1 0 1
fi=(214)
+7 436 1 0 1
fi=(218)
+10 1107 1 0 1
+7 +1 1 1 1 0 0 0 0 0 0 0 0 1 1
cfi=(219)
cfn=(802) std::__cxx11::moneypunct<wchar_t, false>::_M_initialize_moneypunct(__locale_struct*, char const*)
calls=1 0xd4ba0 741 
* * 109 30 31 6 0 0 6 0 0 14 6
fi=(214)
+6 652 1 1 0 0 1
+7 * 1
+7 * 1
+3 * 1 1 1 0 0 0 0 0 0 0 0 1 1
cfi=(207)
cfn=(746)
calls=1 0xc8980 325 
* * 398 119 13 0 0 0 0 0 0 103 1 1
fi=(218)
+6 1026 1
+7 +82 1
+2 * 1
fi=(214)
+2 436 1 0 1 1 0 0 1
fi=(218)
+10 1019 1 0 1 0 0 1 0 0 1
+7 +89 1
+7 -82 1
+4 -7 1 0 1
+11 +7 1 0 1
+7 +81 1 1 0 0 1
+7 -88 1 0 1
+11 +88 1
+4 -87 1 0 1 1 0 0 1
+11 +1 1 0 1
+11 * 1 0 1
+11 +1 1 0 1
+11 * 1 0 1
+11 +1 1 0 1 1 0 0 1
+11 * 1 0 1
+11 +1 1 0 1 0 0 1 0 0 1
+10 +1 1 0 1
+11 +1 1 0 1
fi=(214)
+7 436 1 0 1
fi=(218)
+10 1107 1 0 1
+7 * 1 0 1 1 0 0 1
+7 +1 1 1 1 0 1 0 0 0 0 0 0 1 1
cfi=(219)
cfn=(804) std::__cxx11::moneypunct<wchar_t, true>::_M_initialize_moneypunct(__locale_struct*, char const*)
calls=1 0xd45c0 558 
* * 109 30 31 5 0 0 5 0 0 14 7
fi=(214)
+6 652 1 1
+7 * 1
+7 * 1
+3 * 1 1 1 0 0 0 0 0 0 0 0 1 1
cfi=(207)
cfn=(746)
calls=1 0xc8980 325 
* * 398 119 13 0 0 0 0 0 0 103 1 1
fi=(218)
+6 1530 1 1 0 0 1
fi=(214)
+7 652 1 1 0 0 1
+7 * 1
+3 436 1 0 1
+10 652 1
fi=(218)
+7 1530 1 0 0 1 0 0 1
+4 * 1 0 1
fi=(214)
+7 652 1 1 1 0 0 0 0 0 0 0 0 1 1
cfi=(207)
cfn=(746)
calls=1 0xc8980 325 
* * 398 119 13 0 0 0 0 0 0 103 1 1
fi=(218)
+6 1690 1 1 0 0 1
fi=(214)
+7 652 1 1
+7 * 1
+3 436 1 0 1
+10 652 1
fi=(218)
+7 1690 1
+4 * 1 0 1
fi=(214)
+7 652 1 1 1 1 0 0 1 0 0 0 0 1
cfi=(207)
cfn=(746)
calls=1 0xc8980 325 
* * 398 119 13 0 0 0 0 0 0 103 1 1
fi=(218)
+6 138 1
+7 -13 1
fi=(214)
+4 436 1 0 1
fe=(206)
+10 563 1
fi=(218)
+5 138 1 0 1 0 0 1 0 0 1
fe=(206)
+7 563 1
+7 * 1
fi=(218)
+7 138 1
+4 -13 1 0 1
+7 +13 1 0 1 1 0 0 1
+7 * 1 0 1
+11 -13 1 0 1 0 0 1 0 0 1
+7 * 1 0 1
+7 * 1 0 1
+7 * 1 0 1
+7 * 1 0 1 0 0 1 0 0 1
+7 * 1 0 1
+7 * 1 0 1 1 0 0 1
+7 * 1 0 1
+7 * 1 0 1 0 0 1 0 0 1
+7 * 1 0 1
+7 * 1 0 1
+7 * 1 0 1
+7 * 1 0 1 0 0 1 0 0 1
+7 * 1 0 1
+7 * 1 0 1
+7 * 1 0 1
+7 * 1 0 1 1 0 1 1 0 1
+7 * 1 0 1
+7 * 1 0 1
+7 * 1 0 1
+7 * 1 0 1
+7 * 1 0 1
fe=(206)
+7 563 1 1 1 0 0 0 0 0 0 0 0 1 1
cfi=(220)
cfn=(806) std::__timepunct<wchar_t>::__timepunct(std::__timepunct_cache<wchar_t>*, unsigned long)
calls=1 0x16c0e0 48 
* * 175 46 42 16 5 1 16 0 1 4 1 4 3
fi=(214)
+6 +89 1 1 0 0 1
+7 * 1
+7 * 1 0 0 1 0 0 1
+3 * 1 1 1 0 0 0 0 0 0 0 0 1 1
cfi=(207)
cfn=(746)
calls=1 0xc8980 325 
* * 398 119 13 0 0 0 0 0 0 103 1 1
fi=(218)
+6 422 1 1 0 0 1
fi=(214)
+7 652 1 1
+7 * 1
+3 436 1 0 1
+10 652 1
fi=(218)
+7 422 1
+4 * 1 0 1
fi=(214)
+7 652 1 1 1 0 0 0 0 0 0 0 0 1 1
cfi=(207)
cfn=(746)
calls=1 0xc8980 325 
* * 398 119 13 0 0 0 0 0 0 103 1 1
fi=(218)
+6 859 1 1 0 1 1 0 1
fi=(214)
+7 652 1 1 0 0 1
+7 * 1
+3 436 1 0 1
+10 652 1
fi=(218)
+7 859 1
+4 * 1 0 1
fi=(214)
+7 652 1 1 1 0 0 0 0 0 0 0 0 1 1
cfi=(207)
cfn=(746)
calls=1 0xc8980 325 
* * 398 119 13 0 1 0 0 1 0 103 1 1
fe=(206)
+6 -85 1
+5 * 1
+7 * 1 1 1 0 1 0 0 0 0 0 0 1 1
cfi=(222)
cfn=(810) std::__cxx11::messages<wchar_t>::messages(unsigned long)
calls=1 0x11f880 44 
* * 42 14 11 1 0 1 1 0 1 2 0 3 2
fi=(214)
+6 +85 1 1 0 1 1 0 1
+7 * 1
+7 * 1
+3 * 1 1 1 0 0 0 0 0 0 0 0 1
cfi=(207)
cfn=(746)
calls=1 0xc8980 325 
* * 398 119 13 0 0 0 0 0 0 103 1 1
fi=(234) /usr/src/debug/gcc/gcc-build/x86_64-pc-linux-gnu/libstdc++-v3/include/bits/codecvt.h
+6 489 1 1 0 0 1
fi=(214)
+7 652 1 1
+7 * 1
+3 436 1 0 1
+10 652 1
fi=(234)
+7 489 1
+4 * 1 0 1 1 0 0 1
fi=(214)
+7 652 1 1 1 0 0 0 0 0 0 0 0 1 1
cfi=(207)
cfn=(746)
calls=1 0xc8980 325 
* * 398 119 13 0 0 0 0 0 0 103 1 1
fi=(234)
+6 546 1 1 0 0 1
fi=(214)
+7 652 1 1
+7 * 1
+3 436 1 0 1
+10 652 1
fi=(234)
+7 546 1
+4 * 1 0 1
fi=(214)
+7 652 1 1 1 0 0 0 0 0 0 0 0 1 1
cfi=(207)
cfn=(746)
calls=1 0xc8980 325 
* * 398 119 13 0 0 0 0 0 0 103 1 1
fi=(234)
+6 -48 1 1 0 1 0 0 1
fi=(214)
+7 +48 1 1
+7 * 1
+3 436 1 0 1
+10 652 1
fi=(234)
+7 -48 1
+4 * 1 0 1
fi=(214)
+7 +48 1 1 1 0 0 0 0 0 0 0 0 1 1
cfi=(207)
cfn=(746)
calls=1 0xc8980 325 
* * 398 119 13 0 0 0 0 0 0 103 1 1
fi=(234)
+6 +9 1 1 0 0 1
fi=(214)
+7 -9 1 1
+7 * 1
+3 436 1 0 1 1 0 0 1
+10 652 1
fi=(234)
+7 +9 1
+4 * 1 0 1
fi=(214)
+7 -9 1 1 1 0 0 0 0 0 0 0 0 1 1
cfi=(207)
cfn=(746)
calls=1 0xc8980 325 
* * 398 119 13 0 0 0 0 0 0 103 1 1
fe=(206)
+6 -62 1 1
+8 * 1 1
+5 +3 1
+4 * 1
+3 -3 1 1
+8 * 1 0 1 1 0 0 1
+4 * 1 0 1
+4 * 1 0 1
+4 +3 1 0 1
cfi=(235) /usr/src/debug/gcc/gcc/libstdc++-v3/src/c++11/cow-locale_init.cc
cfn=(814) std::locale::_Impl::_M_init_extra(std::locale::facet**)
calls=1 0xe5b90 100 
* * 1926 621 463 60 18 7 60 0 7 244 68 40 34
+6 +5 1 1
+4 * 1 1
+7 * 1 1 1 0 0 0 0 0 0 0 0 1 1
cfi=(207)
cfn=(748) std::locale::id::_M_id() const
calls=1 0xc8910 -91 
* * 6 2 0 0 0 0 0 0 0 1 1
+6 * 1
+7 +1 1 1
+7 -1 1 0 1
+4 +1 1 1
+4 * 1 1 1 0 0 0 0 0 0 0 0 1 1
cfi=(207)
cfn=(748)
calls=1 0xc8910 -92 
* * 6 2 0 0 0 0 0 0 0 1
+6 +1 1 1 0 1 0 0 1
+7 -1 1 0 1
+4 +1 1 1
+4 * 1 1 1 0 0 0 0 0 0 0 0 1 1
cfi=(207)
cfn=(748)
calls=1 0xc8910 -93 
* * 6 2 0 0 0 0 0 0 0 1
+6 * 1
+7 +1 1 1
+7 -1 1 0 1
+4 +1 1 1
+4 * 1 1 1 0 0 0 0 0 0 0 0 1
cfi=(207)
cfn=(748)
calls=1 0xc8910 -94 
* * 6 2 0 0 0 0 0 0 0 1
+6 * 1
+7 +2 1 1
+7 -2 1 0 1
+4 +2 1 1 0 1 0 0 1
+4 * 1 1 1 0 0 0 0 0 0 0 0 1 1
cfi=(207)
cfn=(748)
calls=1 0xc8910 -96 
* * 6 2 0 0 0 0 0 0 0 1
+6 +1 1 1
+7 -1 1 0 1
+4 +1 1 1
+4 * 1 1 1 0 0 0 0 0 0 0 0 1 1
cfi=(207)
cfn=(748)
calls=1 0xc8910 -97 
* * 6 2 0 0 0 0 0 0 0 1
+6 * 1
+7 +1 1 1
+7 -1 1 0 1
+5 +1 1 1
+4 * 1 1 1 0 0 0 0 0 0 0 0 1 1
cfi=(207)
cfn=(748)
calls=1 0xc8910 -98 
* * 6 2 0 0 0 0 0 0 0 1
+6 +1 1 1
+4 * 1 1 0 1 0 0 1
+7 -1 1 0 1
+5 +1 1 1 1 0 0 0 0 0 0 0 0 1 1
cfi=(207)
cfn=(748)
calls=1 0xc8910 -99 
* * 6 2 0 0 0 0 0 0 0 1
+6 * 1
+7 * 1 0 1
+4 +2 1 1
+4 * 1 1
+9 * 1 0 0 0 0 0 0 0 0 1
+2 * 1
+4 * 1 1
+1 * 1 1
+2 * 1 1
+2 * 1 1
+2 * 1 1
+2 * 1 1
+1 * 1 1

fn=(718)
0xe1ad0 324 1 0 0 1 0 0 1
+4 +4 1
+7 * 1 1
+4 * 1 0 0 0 0 0 0 0 0 1 1
+9 -4 1 0 1
+1 +9 1
+5 * 1
+7 -9 1
+3 +9 1 1 1 0 1 0 0 0 0 0 0 1 1
cfn=(720)
calls=1 0xe0c40 490 
* * 36118 10473 4337 247 134 101 247 20 94 7066 312 810 127
+6 * 1
+7 * 1
+7 +2 1
+7 * 1
+3 -2 1 0 1
+3 +1 1
+7 * 1 0 1
+3 +2 1 1
+1 -1 1 1 0 0 0 0 0 0 0 0 0 1 1
cfi=(207)
cfn=(836) std::locale::locale(std::locale::_Impl*)
calls=1 0xc7c30 88 
* * 3 1 1 1 0 0 1

fl=(235)
fn=(814)
0xe5b90 100 1 0 0 1 0 0 1
+4 * 1 0 1
+1 * 1
+3 * 1 0 1
+2 * 1 0 1
+2 * 1 0 1
+2 * 1
+3 * 1 0 1
+2 * 1 0 1
+1 * 1
fi=(216)
+3 1720 1
fe=(235)
+7 100 1
+4 +3 1 1
+4 -2 1 1
+3 +1 1 1
fi=(216)
+4 1720 1
fi=(214)
+2 436 1 0 1 1 0 1 1 0 1
fe=(235)
+10 103 1 0 1
fi=(216)
+4 1719 1 1 0 0 1
+7 * 1 0 1 0 0 1 0 0 1
+7 * 1
+4 * 1 0 1
+7 +1 1 1 1 0 0 0 0 0 0 0 0 1 1
cfi=(236) /usr/src/debug/gcc/gcc-build/x86_64-pc-linux-gnu/libstdc++-v3/src/c++98/numeric_members_cow.cc
cfn=(816) std::numpunct<char>::_M_initialize_numpunct(__locale_struct*)
calls=1 0xd25c0 92 
* * 421 138 76 5 0 0 5 0 0 64 10
fi=(205)
+6 54 1 1
+7 +56 1 1
+5 * 1 0 0 0 0 0 0 0 0 1
+6 -16 1 0 1 1 0 0 1
fi=(214)
+7 659 1 1
+4 * 1 1 0 0 1
+7 * 1 0 1
+4 * 1 1 1 0 0 0 0 0 0 0 0 1 1
cfi=(207)
cfn=(748)
calls=1 0xc8910 507 
* * 15 5 2 0 0 0 0 0 0 2
+6 * 1 1
+4 * 1
+7 * 1 0 1
+4 +56 1 1 0 0 1
+7 436 1 0 1
+10 715 1
+4 * 1 0 1 1 0 0 1
+7 * 1 1 1 0 0 0 0 0 0 0 0 1 1
cfi=(207)
cfn=(726)
calls=1 0xc8390 221 
* * 18 6 2 0 0 0 0 0 0 2 0 1
+6 * 1 0 1
fi=(205)
+7 110 1 1
+5 * 1 0 0 0 0 0 0 0 0 1
+6 -16 1 0 1
fi=(214)
+7 659 1 1
+4 * 1 1
+7 * 1 0 1
+4 * 1 1 1 0 0 0 0 0 0 0 0 1 1
cfi=(207)
cfn=(748)
calls=1 0xc8910 507 
* * 15 5 2 0 0 0 0 0 0 2 1
+6 * 1 1
fi=(218)
+4 1108 1
fi=(214)
+2 659 1 0 0 1 0 0 1
fi=(218)
+7 1108 1
fi=(214)
+7 659 1 0 1
fi=(218)
+4 1107 1 1
+7 +1 1
fi=(214)
+2 436 1 0 1 0 0 1 0 0 1
fi=(218)
+10 1107 1
+4 * 1 0 1
+7 * 1 0 1
+7 +1 1 1 1 0 0 0 0 0 0 0 0 1 1
cfi=(237) /usr/src/debug/gcc/gcc-build/x86_64-pc-linux-gnu/libstdc++-v3/src/c++98/monetary_members_cow.cc
cfn=(822) std::moneypunct<char, false>::_M_initialize_moneypunct(__locale_struct*, char const*)
calls=1 0xd0ce0 372 
* * 114 38 31 5 0 0 5 0 0 13 10
fi=(205)
+6 110 1 1 0 1 0 0 1
+5 * 1 0 0 0 0 0 0 0 0 1
+6 -16 1 0 1
fi=(214)
+7 659 1 1
+4 * 1 1 0 0 1
+7 * 1 0 1
+4 * 1 1 1 0 0 0 0 0 0 0 0 1 1
cfi=(207)
cfn=(748)
calls=1 0xc8910 507 
* * 15 5 2 0 0 0 0 0 0 2
+6 * 1 1
+4 * 1
fi=(218)
+7 1108 1
fi=(214)
+7 659 1 0 1
fi=(218)
+4 1107 1 1 0 0 1
+7 +1 1 0 0 1 0 0 1
+2 * 1
fi=(214)
+2 436 1 0 1
fi=(218)
+10 1107 1
+4 * 1 0 1
+7 * 1 1
+4 * 1 0 1
+7 +1 1 1 1 0 1 0 0 0 0 0 0 1 1
cfi=(237)
cfn=(824) std::moneypunct<char, true>::_M_initialize_moneypunct(__locale_struct*, char const*)
calls=1 0xd07c0 216 
* * 114 38 31 4 0 0 4 0 0 13 8
fi=(205)
+6 110 1 1
+5 * 1 0 0 0 0 0 0 0 0 1
+6 -16 1 0 1
fi=(214)
+7 659 1 1
+4 * 1 1 0 1 0 0 1
+7 * 1 0 1
+4 * 1 1 1 0 0 0 0 0 0 0 0 1 1
cfi=(207)
cfn=(748)
calls=1 0xc8910 507 
* * 15 5 2 0 0 0 0 0 0 2
+6 * 1 1
+4 * 1
+7 * 1 0 1
fi=(218)
+4 1530 1 1
fi=(214)
+7 436 1 0 1
fi=(218)
+10 1530 1
+4 * 1 0 1
fi=(205)
+7 110 1 1 0 1 0 0 1
+5 * 1 0 0 0 0 0 0 0 0 1
+6 -16 1 0 1
fi=(214)
+10 659 1 1
+4 * 1 1
+7 * 1 0 1
+4 * 1 1 1 0 0 0 0 0 0 0 0 1 1
cfi=(207)
cfn=(748)
calls=1 0xc8910 507 
* * 15 5 2 0 0 0 0 0 0 2
+6 * 1 1
+4 * 1
+7 * 1 0 1
fi=(218)
+4 1690 1 1
fi=(214)
+7 436 1 0 1 1 0 0 1
fi=(218)
+10 1690 1
+4 * 1 0 1
fi=(205)
+7 110 1 1
+5 * 1 0 0 0 0 0 0 0 0 1
+6 -16 1 0 1
fi=(214)
+10 659 1 1
+4 * 1 1
+7 * 1 0 1
+4 * 1 1 1 0 0 0 0 0 0 0 0 1 1
cfi=(207)
cfn=(748)
calls=1 0xc8910 507 
* * 15 5 2 0 0 0 0 0 0 2 1
+6 * 1 1
+4 * 1 0 0 1 0 0 1
+7 * 1 0 1
fi=(218)
+4 422 1 1
fi=(214)
+7 +14 1 0 1
fi=(218)
+10 -14 1
+4 * 1 0 1
fi=(205)
+7 110 1 1
+5 * 1 0 0 0 0 0 0 0 0 1
+6 -16 1 0 1
fi=(214)
+10 659 1 1
+4 * 1 1 0 1 0 0 1
+7 * 1 0 1
+4 * 1 1 1 0 0 0 0 0 0 0 0 1 1
cfi=(207)
cfn=(748)
calls=1 0xc8910 507 
* * 15 5 2 0 0 0 0 0 0 2
+6 * 1 1
+4 * 1
fe=(235)
+7 112 1
fi=(214)
+7 659 1 0 1
fe=(235)
+4 112 1
+5 * 1 1 1 0 0 0 0 0 0 0 0 1 1
cfi=(222)
cfn=(826) std::messages<char>::messages(unsigned long)
calls=1 0x13dd60 -68 
* * 42 14 11 2 0 1 2 0 1 2 0 3 2
fi=(205)
+6 -2 1 1
+5 * 1 0 0 0 0 0 0 0 0 1 1
+6 -16 1 0 1 1 0 0 1
fi=(214)
+7 659 1 1
+4 * 1 1
+7 * 1 0 1
+4 * 1 1 1 0 0 0 0 0 0 0 0 1 1
cfi=(207)
cfn=(748)
calls=1 0xc8910 507 
* * 15 5 2 0 0 0 0 0 0 2
+6 * 1 1
fi=(216)
+4 1720 1
fi=(214)
+2 659 1
fi=(216)
+7 1720 1
fi=(214)
+7 659 1 0 1
fe=(235)
+4 115 1 1
fi=(214)
+4 436 1 0 1 0 0 1 0 0 1
fe=(235)
+10 114 1 1 0 1 0 0 1
+4 +1 1 0 1
fi=(216)
+4 1719 1 1 0 0 1
fe=(235)
+7 114 1 0 1
+4 +2 1 1
fi=(216)
+4 1719 1
+4 * 1 0 1
+7 * 1 0 1
+7 +1 1 1 1 0 1 0 0 0 0 0 0 1 1
cfi=(236)
cfn=(828) std::numpunct<wchar_t>::_M_initialize_numpunct(__locale_struct*)
calls=1 0xd2940 183 
* * 353 75 75 5 0 0 5 0 0 64 20
fi=(205)
+6 110 1 1
+5 * 1 0 0 0 0 0 0 0 0 1
+6 -16 1 0 1
fi=(214)
+7 659 1 1 0 1 0 0 1
+4 * 1 1 0 0 1
+7 * 1 0 1
+4 * 1 1 1 0 0 0 0 0 0 0 0 1 1
cfi=(207)
cfn=(748)
calls=1 0xc8910 507 
* * 15 5 2 0 0 0 0 0 0 2
+6 * 1 1
+4 * 1
+7 * 1 0 1
+4 +56 1 1
+7 436 1 0 1
+10 715 1
+4 * 1 0 1
+7 * 1 1 1 1 0 0 1 0 0 0 0 1 1
cfi=(207)
cfn=(726)
calls=1 0xc8390 221 
* * 18 6 2 0 0 0 0 0 0 2 0 1
+6 * 1 0 1
fi=(205)
+7 110 1 1
+5 * 1 0 0 0 0 0 0 0 0 1
+6 -16 1 0 1
fi=(214)
+7 659 1 1
+4 * 1 1 0 0 1
+7 * 1 0 1
+4 * 1 1 1 0 0 0 0 0 0 0 0 1 1
cfi=(207)
cfn=(748)
calls=1 0xc8910 507 
* * 15 5 2 0 0 0 0 0 0 2
+6 * 1 1
fi=(218)
+4 1108 1
fi=(214)
+2 659 1
fi=(218)
+7 1108 1 0 0 1 0 0 1
fi=(214)
+7 659 1 0 1
fi=(218)
+4 1107 1 1
+7 +1 1
fi=(214)
+2 436 1 0 1 0 0 1 0 0 1
fi=(218)
+10 1107 1
+4 * 1 0 1
+7 * 1 1
+4 * 1 0 1
+7 +1 1 1 1 0 1 0 0 0 0 0 0 1 1
cfi=(237)
cfn=(830) std::moneypunct<wchar_t, false>::_M_initialize_moneypunct(__locale_struct*, char const*)
calls=1 0xd1a20 741 
* * 109 30 31 6 0 0 6 0 0 14 6
fi=(205)
+6 110 1 1
+5 * 1 0 0 1 0 0 1 0 0 1
+6 -16 1 0 1
fi=(214)
+7 659 1 1
+4 * 1 1 0 0 1
+7 * 1 0 1
+4 * 1 1 1 0 0 0 0 0 0 0 0 1 1
cfi=(207)
cfn=(748)
calls=1 0xc8910 507 
* * 15 5 2 0 0 0 0 0 0 2
+6 * 1 1
+4 * 1
fi=(218)
+7 1108 1
fi=(214)
+7 659 1 0 1
fi=(218)
+4 1107 1 1 0 0 1
+7 +1 1
+2 * 1 0 0 1 0 0 1
fi=(214)
+2 436 1 0 1
fi=(218)
+10 1107 1
+4 * 1 0 1
+7 * 1 0 1
+7 +1 1 1 1 0 0 0 0 0 0 0 0 1 1
cfi=(237)
cfn=(832) std::moneypunct<wchar_t, true>::_M_initialize_moneypunct(__locale_struct*, char const*)
calls=1 0xd1440 558 
* * 109 30 31 5 0 0 5 0 0 14 5
fi=(205)
+6 110 1 1
+5 * 1 0 0 0 0 0 0 0 0 1
+6 -16 1 0 1
fi=(214)
+7 659 1 1
+4 * 1 1 0 1 1 0 1
+7 * 1 0 1
+4 * 1 1 1 0 0 0 0 0 0 0 0 1 1
cfi=(207)
cfn=(748)
calls=1 0xc8910 507 
* * 15 5 2 0 0 0 0 0 0 2
+6 * 1 1
+4 * 1
+7 * 1 0 1
fi=(218)
+4 1530 1 1 0 0 1
fi=(214)
+7 436 1 0 1
fi=(218)
+10 1530 1
+4 * 1 0 1
fi=(205)
+7 110 1 1
+5 * 1 0 0 1 0 0 1 0 0 1
+6 -16 1 0 1
fi=(214)
+10 659 1 1
+4 * 1 1 0 0 1
+7 * 1 0 1
+4 * 1 1 1 0 0 0 0 0 0 0 0 1 1
cfi=(207)
cfn=(748)
calls=1 0xc8910 507 
* * 15 5 2 0 0 0 0 0 0 2
+6 * 1 1
+4 * 1
+7 * 1 0 1
fi=(218)
+4 1690 1 1
fi=(214)
+7 436 1 0 1 0 0 1 0 0 1
fi=(218)
+10 1690 1 0 0 1 0 0 1
+4 * 1 0 1
fi=(205)
+7 110 1 1
+5 * 1 0 0 0 0 0 0 0 0 1
+6 -16 1 0 1
fi=(214)
+10 659 1 1
+4 * 1 1
+7 * 1 0 1
+4 * 1 1 1 0 0 0 0 0 0 0 0 1 1
cfi=(207)
cfn=(748)
calls=1 0xc8910 507 
* * 15 5 2 0 0 0 0 0 0 2
+6 * 1 1
+4 * 1
+7 * 1 0 1 1 0 0 1
fi=(218)
+4 422 1 1 0 0 1
fi=(214)
+7 +14 1 0 1
fi=(218)
+10 -14 1
+4 * 1 0 1
fi=(205)
+7 110 1 1
+5 * 1 0 0 0 0 0 0 0 0 1
+6 -16 1 0 1
fi=(214)
+10 659 1 1
+4 * 1 1
+7 * 1 0 1 1 0 0 1
+4 * 1 1 1 0 0 0 0 0 0 0 0 1 1
cfi=(207)
cfn=(748)
calls=1 0xc8910 507 
* * 15 5 2 0 0 0 0 0 0 2
+6 * 1 1
+4 * 1
fe=(235)
+7 125 1
fi=(214)
+7 659 1 0 1
fe=(235)
+4 125 1
+5 * 1 1 1 0 0 0 0 0 0 0 0 1 1
cfi=(222)
cfn=(834) std::messages<wchar_t>::messages(unsigned long)
calls=1 0x16cb80 -81 
* * 42 14 11 1 1 0 1 0 0 2 0 3
fi=(205)
+6 -15 1 1
+5 * 1 0 0 0 0 0 0 0 0 1
+6 -16 1 0 1
fi=(214)
+7 659 1 1 0 1 0 0 1
+4 * 1 1
+7 * 1 1 1 0 0 0 0 0 0 0 0 1 1
cfi=(207)
cfn=(748)
calls=1 0xc8910 507 
* * 15 5 2 0 0 0 0 0 0 2
+6 * 1
fe=(235)
+7 129 1 1
fi=(214)
+7 659 1 0 1
fe=(235)
+4 129 1 1
+4 * 1 1 1 0 0 0 0 0 0 0 0 1 1
cfi=(207)
cfn=(748)
calls=1 0xc8910 507 
* * 6 2 0 0 0 0 0 0 0 1 1
+6 +1 1 1
+7 -1 1 0 1
+4 +1 1 1
+4 * 1 1 1 0 0 0 0 0 0 0 0 1 1
cfi=(207)
cfn=(748)
calls=1 0xc8910 507 
* * 6 2 0 0 0 0 0 0 0 1 1
+6 +1 1 1 0 1 0 0 1
+7 -1 1 0 1
+4 +1 1 1
+4 * 1 1 1 0 0 0 0 0 0 0 0 1 1
cfi=(207)
cfn=(748)
calls=1 0xc8910 507 
* * 6 2 0 0 0 0 0 0 0 1 1
+6 * 1 1
+4 +2 1 1
+7 -2 1 0 1
+4 +2 1 1
+4 * 1 1 1 0 0 0 0 0 0 0 0 1 1
cfi=(207)
cfn=(748)
calls=1 0xc8910 507 
* * 6 2 0 0 0 0 0 0 0 1 1
+6 * 1 1
+4 +1 1 1
+7 -1 1 0 1
+4 +1 1 1
+4 * 1 1 1 1 0 0 1 0 0 0 0 1 1
cfi=(207)
cfn=(748)
calls=1 0xc8910 507 
* * 6 2 0 0 0 0 0 0 0 1 1
+6 * 1 1
+4 +1 1 1
+4 * 1 1
+7 -1 1 0 1
+4 +1 1 1 1 0 0 0 0 0 0 0 0 1 1
cfi=(207)
cfn=(748)
calls=1 0xc8910 507 
* * 6 2 0 0 0 0 0 0 0 1 1
+6 * 1 0 1
+4 +2 1
+4 * 1 1
+1 * 1 1
+2 * 1 1
+2 * 1 1
+2 * 1 1
+2 * 1 1
+1 * 1 1

fl=(207)
fn=(748)
0xc8910 507 528485 0 0 1 0 0 1
+4 +1 528485 528485 0 0 11 0 0 7
+3 * 528485
+3 * 528485 0 0 0 0 0 0 0 0 528485 22
fi=(205)
+2 54 48 48
fe=(207)
+7 521 48 48
+3 * 48 0 0 0 0 0 0 0 0 48
+2 +22 48
+7 * 48 48
+2 * 48
+3 * 48 0 48
+2 * 48
+2 * 48 0 48
+3 +2 48
+4 +1 48 48
-4 -1 528437
+4 +1 528437 528437

fn=(852) std::locale::operator=(std::locale const&)
0xc8610 120 1548 0 0 2 0 0 1
+4 * 1548
+3 +1 1548
+7 * 1548 1548
+3 * 1548 1548
+3 * 1548
+3 * 1548 0 0 0 0 0 0 0 0 1548 9
+38 +4 1548 1548
+3 * 1548 0 1548
+3 +2 1548
+3 * 1548 1548
+17 -4 1548 1548 0 5 0 0 1
+3 * 1548
+3 * 1548 0 0 0 0 0 0 0 0 1548 9

fn=(734) std::locale::facet::_S_initialize_once()
0xc7bc0 208 1 0 0 1 0 0 1
+4 +4 1
+7 * 1 1
+4 * 1 0 0 0 0 0 0 0 0 1 1
+9 +4 1
+7 * 1
+2 * 1 1 0 0 1 0 0 0 0 0 0 1 1
cfi=(211) /usr/src/debug/gcc/gcc-build/x86_64-pc-linux-gnu/libstdc++-v3/src/c++98/c++locale.cc
cfn=(736) std::locale::facet::_S_create_c_locale(__locale_struct*&, char const*, __locale_struct*)
calls=1 0xd6e60 -82 
* * 52 16 11 7 1 1 7 0 0 7 3 1 1

fn=(746)
0xc8980 325 32 0 0 1 0 0 1
+4 * 32 0 32
+1 * 32
+3 * 32 0 32
+2 * 32 0 32
+2 * 32 0 32
+2 * 32 0 32
+2 * 32 0 32
+1 * 32
+4 * 32 0 32
+4 +1 32
+3 * 32 0 0 0 0 0 0 0 0 32 2
+6 * 32
+3 * 32
+3 +2 32 32 32 0 1 0 0 0 0 0 0 32 1
cfn=(748)
calls=32 0xc8910 507 
* * 480 160 64 1 8 0 1 7 0 64
+6 +3 32 32
+4 -3 32
+3 +3 32
+4 * 32
+3 * 32 0 0 1 0 0 1 0 0 32 8
fi=(205)
0xc8adf 54 32 32 0 1 0 0 1
+7 +40 32 32
+4 +16 32 32
+4 * 32 0 0 0 0 0 0 0 0 32
+6 -16 32 0 32
fe=(207)
+4 369 32 32
+4 * 32
+4 +1 32 32 0 1 0 0 1
+3 -1 32 0 32
+4 +1 32
+3 * 32 0 0 0 0 0 0 0 0 32 6
0xc8c00 +36 32 32 0 1 0 0 1
+4 * 32 32
+4 * 32 0 32
+3 +15 32 32
+5 * 32 0 0 0 0 0 0 0 0 32
+2 * 32 32
+4 * 32
+3 * 32
+19 * 1536
+4 * 1536 1536
+4 * 1536 0 0 0 0 0 0 0 0 1536 32
+2 +2 1536 1536
+4 +1 1536 0 0 1 0 0 1
+8 * 1536
+3 * 1536 0 0 0 0 0 0 0 0 1536 4
+75 +7 32 0 0 1 0 0 1
+4 * 32 32
+1 * 32 32
+2 * 32 32
+2 * 32 32
+2 * 32 32
+2 * 32 32
+1 * 32 32

fn=(722)
0xc83e0 233 7 0 0 1 0 0 1
+4 * 7
+7 * 7 7

fn=(726)
0xc8390 221 392974 0 0 3 0 0 1
fi=(385) /usr/src/debug/gcc/gcc-build/x86_64-pc-linux-gnu/libstdc++-v3/include/x86_64-pc-linux-gnu/bits/gthr-default.h
+4 746 392974
+7 * 392974
fe=(207)
+7 221 392974 0 392974
+1 * 392974
fi=(385)
+3 746 392974 392974 392974 0 3 1 0 0 0 0 0 392974 1
cob=(2)
cfi=(209) /usr/src/debug/glibc/glibc/nptl/pthread_once.c
cfn=(728) pthread_once@@GLIBC_2.34
calls=392974 0x9bf10 136 
* * 2357975 785982 35 19 7 3 17 2 0 392988 9 3 3
fe=(207)
+6 226 392974
+7 * 392974 392974
+3 * 392974
+3 * 392974 0 0 0 0 0 0 0 0 392974
+2 +3 392974 392974
+1 * 392974 392974

fn=(854) std::locale::~locale()
0xc86c0 91 2576 0 0 2 0 0 1
+4 +2 2576
+7 * 2576 2576
+3 * 2576 2576
+3 * 2576 0 0 0 0 0 0 0 0 2576 15
fi=(214)
+26 605 2576 2576
fe=(207)

fn=(836)
0xc7c30 88 1 0 0 1 0 0 1
+4 * 1 0 1
+3 +1 1 1

fl=(336) /usr/src/debug/gcc/gcc/libstdc++-v3/libsupc++/del_ops.cc
fn=(1376) operator delete(void*, unsigned long)
0xb0630 32 534
+4 +1 534 534 0 0 13 0 0 0 0 0 0 534 1
cfi=(330) /usr/src/debug/gcc/gcc/libstdc++-v3/libsupc++/del_op.cc
cfn=(1330) operator delete(void*)
calls=534 -20 +15 
* * 81306 22688 13146 535 98 9 17 0 0 13741 572 534

fl=(215)
fn=(798)
0xc2e60 118 1 0 0 1 0 0 1
+4 * 1 0 1
fi=(214)
+1 436 1
+2 * 1
+3 * 1
fe=(215)
+3 118 1
+3 * 1 0 1
+2 * 1 0 1
+1 * 1
fi=(214)
+3 436 1 0 1 0 0 1 0 0 1
fe=(215)
+3 121 1 1
+7 * 1 0 0 1 0 0 1
+4 * 1 0 1
+3 * 1 1 1 0 0 0 0 0 0 0 0 1 1
cfi=(207)
cfn=(726)
calls=1 0xc8390 221 
* * 18 6 2 0 0 0 0 0 0 2 0 1
+6 * 1 0 1 0 0 1 0 0 1
+4 +1 1 1
+1 * 1 1
+2 * 1 1
+1 * 1 1

fn=(754)
0xc2dc0 38 1 0 0 1 0 0 1
+4 * 1 0 1
fi=(214)
+1 436 1
+2 * 1
+3 * 1
fe=(215)
+3 38 1
+3 * 1 0 1
+2 * 1 0 1
+1 * 1
fi=(214)
+3 436 1 0 1 0 0 1 0 0 1
fe=(215)
+3 41 1 1 0 0 1
+7 * 1
+4 * 1 0 1
+3 * 1 1 1 0 0 0 0 0 0 0 0 1 1
cfi=(207)
cfn=(726)
calls=1 0xc8390 221 
* * 18 6 2 0 0 0 0 0 0 2 0 1
+6 * 1 0 1
+4 +1 1 1
+1 * 1 1
+2 * 1 1
+1 * 1 1

fn=(1140) std::codecvt<char, char, __mbstate_t>::do_always_noconv() const
0xc2c80 100 261828 0 0 195 0 0 1
+4 * 261828
+5 * 261828 261828

fl=(204) /usr/src/debug/gcc/gcc/libstdc++-v3/src/c++98/ios_init.cc
fn=(1692) std::ios_base::Init::~Init()
0xc7140 123 1 0 0 1 0 0 1
fi=(205)
+4 -69 1 1 0 0 1
+7 +32 1
+7 +14 1 1
+3 * 1 0 0 0 0 0 0 0 0 1
+2 -14 1 1 0 0 1
+2 +1 1
+3 * 1 0 1
fe=(204)
+2 +40 1
+3 * 1 0 0 0 0 0 0 0 0 1 1
+21 -4 1 0 1
+1 +11 1 1 0 0 1
+7 -11 1 0 0 1 0 0 1
+3 +11 1 1 1 0 1 0 0 0 0 0 0 1 1
cfi=(347) /usr/src/debug/gcc/gcc-build/x86_64-pc-linux-gnu/libstdc++-v3/include/bits/ostream.tcc
cfn=(1696) std::ostream::flush()
calls=1 0x151ea0 +91 
* * 129 53 21 13 13 1 13 1 0 18 6 4 4
+6 +1 1 1 0 0 1
+7 * 1 1 1 0 0 0 0 0 0 0 0 1 1
cfi=(347)
cfn=(1696)
calls=1 0x151ea0 +90 
* * 397 162 66 8 12 2 8 1 0 54 15 15 5
+6 +1 1 1 0 0 1
+7 * 1 1 1 0 0 0 0 0 0 0 0 1 1
cfi=(347)
cfn=(1696)
calls=1 0x151ea0 +89 
* * 129 53 21 0 2 0 0 0 0 18 2 4
+6 +3 1 1 0 0 1
+7 * 1 1 1 0 1 0 0 0 0 0 0 1 1
cfi=(347)
cfn=(1716) std::basic_ostream<wchar_t, std::char_traits<wchar_t> >::flush()
calls=1 0x1556d0 +86 
* * 129 53 21 5 6 0 5 0 0 18 4 4 3
+6 +1 1 1 0 0 1
+7 * 1 1 1 0 0 0 0 0 0 0 0 1 1
cfi=(347)
cfn=(1716)
calls=1 0x1556d0 +85 
* * 397 162 66 1 5 0 1 0 0 54 8 15 3
+6 +1 1 1 0 1 1 0 1
+7 * 1 1 1 0 0 0 0 0 0 0 0 1 1
cfi=(347)
cfn=(1716)
calls=1 0x1556d0 +84 
* * 129 53 21 0 2 0 0 0 0 18 2 4
+6 +6 1 1
+1 * 1 1

fn=(710) std::ios_base::Init::Init()
0xc6a80 78 1 0 0 1 0 0 1
+4 * 1 0 1
+1 * 1
+3 * 1 0 1
+2 * 1 0 1
+2 * 1 0 1
+2 * 1 0 1
+2 * 1 0 1
+1 * 1
fi=(205)
+4 +22 1 1 0 0 1
+7 -14 1
+7 +14 1 1
+3 * 1 0 0 0 0 0 0 0 0 1
+2 -14 1 1 0 0 1 0 0 1
+2 +1 1
+3 * 1 0 1
fe=(204)
+2 -7 1
+2 * 1 0 0 0 0 0 0 0 0 1 1
+36 * 1 1 0 1 1 0 1
fi=(300)
+7 475 1
+4 * 1
+7 -1 1 0 1 0 0 1
+11 +1 1 0 1 0 0 1
+7 * 1
+4 * 1 0 0 1 0 0 1
+4 * 1 0 1
+7 * 1
+5 * 1 1 0 0 1
+7 * 1
+5 * 1
+4 * 1
+4 * 1 0 1
+4 * 1
+5 * 1 1 0 0 1
+7 * 1 0 1
+4 * 1
+4 * 1
+4 * 1 0 0 1 0 0 1
+5 * 1 1 0 0 1
+7 * 1
+5 * 1
+4 * 1
+4 * 1 0 1
+4 * 1
fe=(204)
+5 83 1
fi=(300)
+7 475 1 0 1
fe=(204)
+7 83 1 0 1 0 0 1
+3 +2 1 1 0 0 1
fi=(300)
+7 475 1 0 1
fe=(204)
+4 85 1 1
fi=(300)
+3 475 1 1 1 1 1 0 1 0 0 0 0 1 1
cfi=(206)
cfn=(714)
calls=1 0xe1ba0 269 
* * 36165 10487 4348 254 136 102 254 21 94 7070 315 812 129
fi=(238) /usr/src/debug/gcc/gcc-build/x86_64-pc-linux-gnu/libstdc++-v3/include/ext/stdio_sync_filebuf.h
+6 83 1 1 0 0 1
fi=(300)
+7 475 1
+4 * 1 1
fi=(238)
+5 83 1 0 1
fi=(300)
+7 475 1
fi=(238)
+7 83 1
fe=(204)
+4 +3 1 1
fi=(300)
+7 475 1 0 1 0 0 1
+7 * 1 0 1
fe=(204)
+7 86 1 1
fi=(300)
+3 475 1 0 1 1 0 0 1
fi=(238)
+7 83 1 0 1
+7 * 1 0 1
fi=(300)
+10 474 1 0 1
+11 +1 1 1 1 0 0 0 0 0 0 0 0 1 1
cfi=(206)
cfn=(714)
calls=1 0xe1ba0 269 
* * 26 10 6 0 0 0 0 0 0 3 1
fe=(204)
+6 87 1 1 0 0 1
fi=(300)
+7 475 1
+4 * 1 1
+5 * 1 0 1 0 0 1
+7 * 1 0 0 1 0 0 1
+7 * 1 0 1 0 0 1
fi=(238)
+7 83 1 0 1
fe=(204)
+7 +4 1 1
fi=(300)
+3 475 1 0 1
fi=(238)
+7 83 1 0 1
+7 * 1 0 1
fi=(300)
+10 474 1 0 1
+11 +1 1 1 1 0 0 0 0 0 0 0 0 1 1
cfi=(206)
cfn=(714)
calls=1 0xe1ba0 269 
* * 26 10 6 0 0 0 0 0 0 3 1
fi=(239)
+6 +2 1 1 0 1 0 0 1
fi=(238)
+7 83 1 0 1
+7 * 1 0 1
+7 * 1 0 1
fi=(239)
+10 477 1
+4 * 1 1 1 0 1 0 0 0 0 0 0 1 1
cfi=(240) /usr/src/debug/gcc/gcc/libstdc++-v3/src/c++11/ios.cc
cfn=(842) std::ios_base::ios_base()
calls=1 0xe02a0 76 
* * 86 12 30 3 0 4 3 0 4 11 5 1 1
fi=(242) /usr/src/debug/gcc/gcc-build/x86_64-pc-linux-gnu/libstdc++-v3/include/bits/ostream.h
+6 93 1 1
fi=(239)
+5 476 1
+2 +1 1
+4 -1 1 0 1
fi=(242)
+8 93 1
+4 * 1 0 0 1 0 0 1
fi=(239)
+7 476 1 0 1
+11 +1 1 0 1
+8 * 1 0 1 0 0 1 0 0 1
fi=(242)
+8 93 1 0 1
+4 * 1 1 1 0 0 0 0 0 0 0 0 1 1
cfi=(243)
cfn=(848) std::basic_ios<char, std::char_traits<char> >::init(std::basic_streambuf<char, std::char_traits<char> >*)
calls=1 0x12ff60 +38 
* * 958 111 75 26 8 0 26 2 0 40 18 10 10
fi=(239)
+6 477 1 1 0 0 1
+7 * 1
+4 * 1 1 1 0 0 0 0 0 0 0 0 1 1
cfi=(240)
cfn=(842)
calls=1 0xe02a0 76 
* * 86 12 30 0 0 3 0 0 3 11 6 1
+6 * 1
+4 -1 1 0 0 1 0 0 1
fi=(246) /usr/src/debug/gcc/gcc-build/x86_64-pc-linux-gnu/libstdc++-v3/include/istream
+2 99 1
+4 -1 1 1
fi=(239)
+7 476 1 0 1
fi=(246)
+8 99 1
fi=(239)
+7 476 1 0 1
fi=(246)
+11 98 1
+4 * 1
+4 * 1 0 1
+8 * 1 0 1
+4 * 1 0 1
fi=(239)
+4 477 1 0 1 1 0 0 1
+8 * 1 0 1
fi=(246)
+8 99 1 1 1 0 0 0 0 0 0 0 0 1 1
cfi=(243)
cfn=(848)
calls=1 0x12ff60 +32 
* * 157 63 36 0 0 0 0 0 0 12 5 8 1
fi=(239)
+6 477 1 1 0 0 1
+7 * 1
+5 * 1 1 1 0 0 0 0 0 0 0 0 1 1
cfi=(240)
cfn=(842)
calls=1 0xe02a0 76 
* * 86 12 30 0 0 4 0 0 0 11 2 1
fi=(242)
+6 93 1 1
fi=(239)
+5 477 1
+4 -1 1
+2 * 1 0 1 0 0 1
fi=(242)
+9 93 1 0 0 1 0 0 1
+7 * 1
fi=(239)
+5 476 1 0 1
+12 +1 1 0 1
+9 * 1 0 1
fi=(242)
+9 93 1 0 1
+5 * 1 1 1 0 0 0 0 0 0 0 0 1 1
cfi=(243)
cfn=(848)
calls=1 0x12ff60 +38 
* * 157 63 36 0 0 0 0 0 0 12 0 8
fi=(239)
+6 477 1 1 0 0 1
+7 * 1
+4 * 1 0 1
+4 * 1 1 1 1 0 0 1 0 0 0 0 1 1
cfi=(240)
cfn=(842)
calls=1 0xe02a0 76 
* * 86 12 30 0 0 4 0 0 4 11 0 1
fi=(242)
+6 93 1 1
fi=(239)
+5 477 1
+4 -1 1
+2 * 1 0 1
fi=(242)
+11 93 1 1
+4 * 1
fi=(239)
+7 476 1 0 1
+8 +1 1 0 1
+8 * 1 0 1
fi=(242)
+8 93 1 0 1 1 0 0 1
+4 * 1 1 1 0 0 0 0 0 0 0 0 1 1
cfi=(243)
cfn=(848)
calls=1 0x12ff60 +38 
* * 157 63 36 0 0 0 0 0 0 12 0 8
fe=(204)
+6 +9 1 1
fi=(300)
+7 475 1 1
+5 * 1
fi=(239)
+4 325 1 0 1
+7 * 1 0 1
fi=(300)
+8 475 1
fe=(204)
+7 102 1 1
fi=(300)
+3 475 1 0 1 0 0 1
fi=(241)
+7 107 1 0 1 1 0 0 1
fi=(300)
+9 475 1 0 1
+7 * 1 0 1
+7 -1 1 0 1
+11 +1 1 1 1 0 0 0 0 0 0 0 0 1 1
cfi=(206)
cfn=(714)
calls=1 0xe1ba0 269 
* * 26 10 6 0 0 0 0 0 0 3 1
fi=(238)
+6 83 1 1
fi=(300)
+7 475 1
+4 * 1 1
fi=(238)
+5 83 1 0 1 0 0 1
fi=(300)
+7 475 1
fi=(238)
+7 83 1 0 0 1 0 0 1
fe=(204)
+4 +20 1 1
fi=(300)
+7 475 1 0 1 0 0 1
+7 * 1 0 1
fe=(204)
+7 103 1 1
fi=(300)
+3 475 1 0 1 0 0 1
fi=(238)
+7 83 1 0 1
+7 * 1 0 1
fi=(300)
+10 474 1 0 1
+11 +1 1 1 1 1 0 0 1 0 0 0 0 1 1
cfi=(206)
cfn=(714)
calls=1 0xe1ba0 269 
* * 26 10 6 0 0 0 0 0 0 3 1
fe=(204)
+6 104 1 1
fi=(300)
+7 475 1
+4 * 1 1
+5 * 1 0 1 0 0 1
+7 * 1
+7 * 1 0 1
fi=(238)
+7 83 1 0 1
fe=(204)
+7 +21 1 1
fi=(300)
+3 475 1 0 1
fi=(238)
+7 83 1 0 1
+7 * 1 0 1 1 0 0 1
fi=(300)
+10 474 1 0 1
+11 +1 1 1 1 0 0 0 0 0 0 0 0 1 1
cfi=(206)
cfn=(714)
calls=1 0xe1ba0 269 
* * 26 10 6 0 0 0 0 0 0 3 2
fi=(239)
+6 +2 1 1 0 0 1
fi=(238)
+7 83 1 0 1
+7 * 1 0 1
+7 * 1 0 1
fi=(239)
+10 477 1
+4 * 1 1 1 1 0 0 1 0 0 0 0 1 1
cfi=(240)
cfn=(842)
calls=1 0xe02a0 76 
* * 86 12 30 0 0 4 0 0 4 11 4 1
fi=(242)
+6 93 1 1
fi=(239)
+5 477 1
+4 -1 1 0 1
+11 * 1 0 1
fi=(242)
+11 93 1
+7 * 1
fi=(239)
+4 476 1 0 1
+8 +1 1 0 1
+8 * 1 0 1 1 0 1 1 0 1
fi=(242)
+8 93 1 0 1
+4 * 1 1 1 0 0 0 0 0 0 0 0 1 1
cfi=(243)
cfn=(868) std::basic_ios<wchar_t, std::char_traits<wchar_t> >::init(std::basic_streambuf<wchar_t, std::char_traits<wchar_t> >*)
calls=1 0x130bb0 +38 
* * 159 65 37 7 1 0 7 0 0 11 0 9 6
fi=(239)
+6 477 1 1 0 0 1
+7 * 1
+4 * 1 1 1 0 0 0 0 0 0 0 0 1 1
cfi=(240)
cfn=(842)
calls=1 0xe02a0 76 
* * 86 12 30 0 0 4 0 0 4 11 6 1
fi=(246)
+6 98 1 1 0 0 1
fi=(239)
+7 477 1
+4 -1 1 0 1
+11 * 1 0 1 1 0 0 1
fi=(246)
+11 99 1
+7 * 1
+4 -1 1
+4 * 1
fi=(239)
+4 476 1 0 1
fi=(246)
+8 98 1 0 1
+4 * 1 0 1
+4 * 1 0 1
fi=(239)
+8 477 1 0 1
+8 * 1 0 1
fi=(246)
+8 99 1 1 1 1 0 0 1 0 0 0 0 1 1
cfi=(243)
cfn=(868)
calls=1 0x130bb0 +32 
* * 159 65 37 0 0 0 0 0 0 11 0 9
fi=(239)
+6 477 1 1 0 0 1
+7 * 1
+5 * 1 1 1 0 0 0 0 0 0 0 0 1 1
cfi=(240)
cfn=(842)
calls=1 0xe02a0 76 
* * 86 12 30 0 0 4 0 0 0 11 5 1
fi=(242)
+6 93 1 1
fi=(239)
+5 477 1
+4 -1 1 0 1 0 0 1
+12 * 1 0 1
fi=(242)
+9 93 1
+7 * 1
fi=(239)
+5 476 1 0 1 1 0 0 1
+12 +1 1 0 1
+9 * 1 0 1
fi=(242)
+9 93 1 0 1
+5 * 1 1 1 0 0 0 0 0 0 0 0 1 1
cfi=(243)
cfn=(868)
calls=1 0x130bb0 +38 
* * 159 65 37 0 0 0 0 0 0 11 0 9
fi=(239)
+6 477 1 1
+7 * 1
+4 * 1 0 1
+4 * 1 1 1 0 0 0 0 0 0 0 0 1 1
cfi=(240)
cfn=(842)
calls=1 0xe02a0 76 
* * 86 12 30 0 0 4 0 0 0 11 0 1
fi=(242)
+6 93 1 1 0 1 0 0 1
fi=(239)
+5 477 1
+4 -1 1 0 1
+11 * 1 0 1
fi=(242)
+11 93 1 1
+4 * 1
fi=(239)
+7 476 1 0 1
+8 +1 1 0 1
+8 * 1 0 1
fi=(242)
+8 93 1 0 1 1 0 0 1
+4 * 1 1 1 0 0 0 0 0 0 0 0 1 1
cfi=(243)
cfn=(868)
calls=1 0x130bb0 +38 
* * 159 65 37 0 0 0 0 0 0 11 0 9
fi=(205)
+6 +17 1 1
fi=(239)
+7 325 1 0 1
fi=(241)
+7 107 1 0 1
fi=(239)
+9 325 1 0 1
fi=(205)
+8 110 1 1
+3 * 1 0 0 0 0 0 0 0 0 1
+2 -16 1 0 1
fe=(204)
+3 +27 1
+4 * 1 1
+1 * 1 1
+2 * 1 1
+2 * 1 1
+2 * 1 1
+2 * 1 1
+1 * 1 1

fl=(249) ???
fn=(888) 0x00000000000ae760
0xae6d0 0 1 0 0 1 0 0 1
+7 0 1
+7 0 1
+3 0 1
+3 0 1
+4 0 1
+4 0 1
+3 0 1
+3 0 1 0 0 0 0 0 0 0 0 1 1
+22 0 1 1 0 1 0 0 1
+88 0 1 0 0 1 0 0 1
+4 0 1

fn=(1678) 0x00000000000ae710
0xae710 0 1 0 0 1
+4 0 1 1 0 0 1
+7 0 1 0 0 0 0 0 0 0 0 1 1
+2 0 1 0 1
+1 0 1 1 0 0 1
+8 0 1
+3 0 1 0 0 0 0 0 0 0 0 1
+2 0 1 1 0 0 1
+7 0 1 1 1 0 0 0 0 0 0 0 0 1 1
cob=(2)
cfi=(373) /usr/src/debug/glibc/glibc/stdlib/cxa_finalize.c
cfn=(1644) __cxa_finalize
calls=1 0x40500 45 
* 0 1552 613 258 36 52 4 35 3 0 230 52 58 27
+6 0 1 0 1
cfn=(1728) 0x00000000000ae6a0
calls=1 0xae6a0 0 
* 0 5 1 0 2 0 0 0 0 0 1 1
+5 0 1 0 1 1
+7 0 1 1
+1 0 1 1

fn=(1728)
0xae6a0 0 1 0 0 1
+7 0 1
+7 0 1
+3 0 1 0 0 0 0 0 0 0 0 1 1
+23 0 1 1 0 1

fl=(308) /usr/src/debug/gcc/gcc-build/x86_64-pc-linux-gnu/libstdc++-v3/include/bits/cow_string.h
fn=(1184) std::basic_string<char, std::char_traits<char>, std::allocator<char> >::~basic_string()
0xe9c70 758 262145 0 0 2 0 0 1
+4 330 262145 262145
+3 +8 262145
+4 -69 262145 262145 0 194 0 0 1
+7 * 262145 0 0 0 0 0 0 0 0 262145
+2 759 262145 262145

fn=(1264) std::string::reserve(unsigned long)
0x1013b0 3652 262144 0 0 1 0 0 1
+4 * 262144 0 262144
+1 * 262144
+3 * 262144 0 262144
+2 * 262144 0 262144
+1 * 262144
+4 330 262144 262144 0 1 0 0 1
+3 3652 262144 262144
+9 * 262144 0 262144
+4 * 262144
+3 1060 262144 262144
+4 * 262144
+4 3661 262144
+3 * 262144 0 0 0 0 0 0 0 0 262144
+2 +10 262144
+3 * 262144
+4 * 262144 262144
+4 * 262144 262144 262144 0 0 0 0 0 0 0 0 262144 1
cfn=(1266) std::string::_Rep::_M_clone(std::allocator<char> const&, unsigned long)
calls=262144 0x101310 3784 
* * 25690273 5767195 4456460 6 1 1 5 0 1 3145751 262159 786432 262145
+6 * 262144
+3 330 262144 262144
+3 +8 262144
+4 -69 262144 262144 0 1 0 0 1
+7 * 262144 0 0 0 0 0 0 0 0 262144
+2 +65 262144 0 262144
+3 3674 262144 262144
+4 * 262144 262144
+9 * 262144 0 0 0 0 0 0 0 0 262144
+6 * 262144
+4 * 262144 262144
+1 * 262144 262144
+2 * 262144 262144
+1 * 262144 262144

fn=(1276) std::string::push_back(char)
0x101a10 1437 524134 0 0 1 0 0 1
+4 * 524134 0 524134
+1 * 524134
+3 * 524134 0 524134
+2 * 524134
+3 * 524134 0 524134
+2 * 524134 0 524134
+1 * 524134
+4 330 524134 524134
+3 961 524134 524134
+4 1439 524134
+5 +1 524134 524134
+4 * 524134 0 0 0 0 0 0 0 0 524134
fi=(205)
+2 54 524134 524134
fe=(308)
+7 221 524134 524134
+3 * 524134 0 0 1 0 0 1 0 0 524134 2
+2 1440 524134 524134
+3 * 524134
+2 * 524134 0 0 0 0 0 0 0 0 524134 6
fi=(304)
+26 352 524134 0 524134
fe=(308)
+4 -22 524134 524134
+3 +8 524134
+4 -99 524134 524134
+7 * 524134 0 0 0 0 0 0 0 0 524134 6
+29 1440 524134 0 0 1 0 0 1
+3 * 524134
+5 233 524134 0 524134
+7 +10 524134 0 524134
fi=(304)
+4 352 524134 0 524134
fe=(308)
+6 1444 524134
+4 * 524134 524134
+1 * 524134 524134
+2 * 524134 524134
+2 * 524134 524134
+1 * 524134 524134

fn=(1268) std::string::_Rep::_S_create(unsigned long, unsigned long, std::allocator<char> const&)
0x100210 3706 262144 0 0 1 0 0 1
+4 +6 262144
+10 -6 262144 0 262144
+1 * 262144
+3 * 262144 0 262144
+1 * 262144
+4 +6 262144
+3 * 262144 0 0 0 0 0 0 0 0 262144
+2 * 262144
+3 +35 262144
+3 * 262144 0 0 0 0 0 0 0 0 262144
+2 * 262144
+4 * 262144
+3 * 262144
+4 +8 262144 0 0 1 0 0 1
+4 +1 262144
+6 * 262144 0 0 0 0 0 0 0 0 262144 262144
+39 +7 262144
fi=(279) /usr/src/debug/gcc/gcc-build/x86_64-pc-linux-gnu/libstdc++-v3/include/bits/new_allocator.h
+4 151 262144 262144 262144 0 0 0 0 0 0 0 0 262144 1
cfi=(280) /usr/src/debug/gcc/gcc/libstdc++-v3/libsupc++/new_op.cc
cfn=(1026) operator new(unsigned long)
calls=262144 0xb26a0 43 
* * 12845217 2621467 1572876 1 0 1 0 0 1 1835031 11 262144 261632
fe=(308)
+6 3770 262144 0 262144
+4 +10 262144 262144 0 1 0 0 1
+4 233 262144 0 262144
+7 3780 262144 262144
+1 * 262144 262144

fn=(1266)
0x101310 3784 262144 0 0 1 0 0 1
+4 * 262144 0 262144
+1 * 262144
+3 * 262144 0 262144
+1 * 262144
+3 * 262144
+4 +4 262144 262144
+3 * 262144
+3 +1 262144
+3 * 262144 262144
+4 * 262144 262144 262144 0 1 0 0 0 0 0 0 262144 512
cfn=(1268)
calls=262144 0x100210 -83 
* * 19136673 3670043 2883596 4 0 1 3 0 1 2621463 262155 524288 261633
+6 +2 262144 262144
+3 -2 262144
+3 252 262144
+4 3791 262144
+3 * 262144 0 0 1 0 0 1 0 0 262144 1
+32 239 262144 262144
+7 * 262144 0 0 0 0 0 0 0 0 262144 3
+36 -6 262144 0 262144
+7 3796 262144
+3 243 262144 0 262144
fi=(304)
+3 352 262144 0 262144
fe=(308)
+5 3796 262144 262144
+4 * 262144 262144
+1 * 262144 262144

fl=(299)
fn=(1126) std::istream& std::istream::_M_extract<unsigned int>(unsigned int&)
0x134fb0 101 1 0 0 1 0 0 1
+4 * 1 0 1
+1 +3 1
+2 -3 1
+3 * 1 0 1
+2 * 1 0 1
+1 * 1
+3 +3 1 0 0 1 0 0 1
+4 -3 1
+4 * 1 1
+9 * 1 0 1
+4 * 1
+3 +3 1
+3 * 1 1 1 0 1 0 0 0 0 0 0 1 1
cfn=(1128)
calls=1 0x132ab0 -53 
* * 202 74 35 19 6 0 19 1 0 23 4 6 6
+6 +1 1 1
+4 * 1 0 0 0 0 0 0 0 0 1
+2 +6 1 1
+3 -4 1 0 1
+7 +4 1 1
+4 * 1
+3 * 1 1
fi=(239)
+7 -60 1 0 0 1 0 0 1
+3 * 1 0 0 0 0 0 0 0 0 1
fi=(216)
+6 2056 1 1
+7 * 1
+2 * 1
+6 * 1
+3 * 1
+3 +2 1
+3 * 1 1
+3 * 1 0 1
+2 * 1
+3 * 1
+4 * 1 0 1
+1 * 1
+2 * 1 1 1 0 1 0 0 0 0 0 0 1 1
cfn=(1160) std::num_get<char, std::istreambuf_iterator<char, std::char_traits<char> > >::do_get(std::istreambuf_iterator<char, std::char_traits<char> >, std::istreambuf_iterator<char, std::char_traits<char> >, std::ios_base&, std::_Ios_Iostate&, unsigned int&) const
calls=1 0x14c9a0 2238 
* * 331 91 50 28 4 0 28 1 0 59 13 3 2
+3 * 1 1
+1 * 1 1
fe=(299)
+1 125 1 1
+3 * 1
+2 * 1 0 0 0 0 0 0 0 0 1 1
+2 +4 1 1
+4 * 1 1 0 1 0 0 1
+9 * 1 0 0 0 0 0 0 0 0 1
+2 * 1
+4 * 1
+3 * 1 1
+1 * 1 1
+2 * 1 1
+1 * 1 1

fn=(1258) std::istream& std::istream::_M_extract<double>(double&)
0x135b10 101 262144 0 0 512 0 0 1
+4 * 262144 0 262144
+1 +3 262144
+2 -3 262144
+3 * 262144 0 262144
+2 * 262144 0 262144
+1 * 262144
+3 +3 262144
+4 -3 262144
+4 * 262144 262144
+9 * 262144 0 262144
+4 * 262144
+3 +3 262144
+3 * 262144 262144 262144 194 0 0 1 0 0 0 0 262144 1
cfn=(1128)
calls=262144 0x132ab0 -53 
* * 16770560 6813184 2096640 687 2 0 0 1 0 2882048 581
+6 +1 262144 262144
+4 * 262144 0 0 0 0 0 0 0 0 262144
+2 +6 262144 262144
+3 -4 262144 0 262144
+7 +4 262144 262144
+4 * 262144
+3 * 262144 262144
fi=(239)
+7 -60 262144
+3 * 262144 0 0 0 0 0 0 0 0 262144
fi=(216)
+6 2114 262144 262144
+7 * 262144
+2 * 262144
+6 * 262144
+3 * 262144
+3 +2 262144
+3 * 262144 262144 0 1 0 0 1
+3 * 262144 0 262144
+2 * 262144
+3 * 262144
+4 * 262144 0 262144
+1 * 262144
+2 * 262144 262144 262144 0 0 0 0 0 0 0 0 262144 1
cfi=(306) /usr/src/debug/gcc/gcc-build/x86_64-pc-linux-gnu/libstdc++-v3/include/bits/locale_facets.tcc
cfn=(1262) std::num_get<char, std::istreambuf_iterator<char, std::char_traits<char> > >::do_get(std::istreambuf_iterator<char, std::char_traits<char> >, std::istreambuf_iterator<char, std::char_traits<char> >, std::ios_base&, std::_Ios_Iostate&, double&) const
calls=262144 0x149b30 709 
* * 415295668 108035833 58556150 8954 19 1 139 8 1 61868628 1307333 4954685 525516
+3 * 262144 262144
+1 * 262144 262144
fe=(299)
+1 125 262144 262144
+3 * 262144
+2 * 262144 0 0 0 0 0 0 0 0 262144 513
+2 +4 262144 262144
+4 * 262144 262144
+9 * 262144 0 0 0 0 0 0 0 0 262144 2
+2 * 262144
+4 * 262144
+3 * 262144 262144
+1 * 262144 262144
+2 * 262144 262144
+1 * 262144 262144
+11 -3 512 512 0 512 0 0 1
+3 * 512 512
+4 * 512
fi=(241)
+3 +72 512 512
fi=(239)
+3 -31 512 512 512 0 0 0 0 0 0 0 0 512 512
cfi=(243)
cfn=(1118)
calls=512 0x12fab0 46 
* * 4608 1536 512 0 0 0 0 0 0 512
+6 * 512
fe=(299)

fn=(1128)
0x132ab0 51 262659 0 0 1 0 0 1
+4 * 262659 0 262659
+1 * 262659
+3 * 262659
+3 * 262659 0 262659
+2 * 262659 0 262659
+2 * 262659 0 262659 1 0 0 1
+2 * 262659 0 262659
+1 +4 262659 262659
+3 -4 262659
+3 +1 262659 0 262659
+3 +3 262659 262659 0 0 1
+4 * 262659
fi=(239)
+3 +92 262659 262659
fe=(299)
+3 -92 262659
+2 * 262659 0 0 0 0 0 0 0 0 262659
+2 * 262659
fi=(239)
+3 311 262659 262659
+7 * 262659
fe=(299)
+3 59 262659
+3 * 262659 0 0 0 0 0 0 0 0 262659 67
fi=(239)
+32 +88 262145 262145
fe=(299)
+3 -58 262145
+2 * 262145 0 0 0 0 0 0 0 0 262145 5
+26 -28 262659 0 0 2 0 0 1
+2 * 262659 0 0 0 0 0 0 0 0 262659 3
+2 * 262145 262145
+4 * 262145 0 0 0 0 0 0 0 0 262145 4
+2 +29 262659 0 262659
+4 +6 262659 262659
+1 * 262659 262659
+2 * 262659 262659
+2 * 262659 262659
+2 * 262659 262659
+1 * 262659 262659
fi=(239)
+2 338 262145 262145 0 512 0 0 1
fi=(300)
+7 494 262145 262145
+5 350 262145 262145
+5 * 262145 0 0 0 0 0 0 0 0 262145 1
fe=(299)
+6 67 262144 262144
fi=(304)
+7 452 262144 262144
fi=(239)
+3 51 262144
+3 * 262144 0 0 0 0 0 0 0 0 262144
fi=(305) /usr/src/debug/gcc/gcc-build/x86_64-pc-linux-gnu/libstdc++-v3/include/x86_64-pc-linux-gnu/bits/ctype_inline.h
+6 -7 262145 262145
+4 * 262145
fe=(299)
+3 +25 262145 262145 0 0 2 0 0 2
+5 * 262145 0 0 0 0 0 0 0 0 262145 512
fi=(300)
+2 494 261632 261632
+5 +3 261632 261632
+5 328 261632
+3 * 261632 0 0 0 0 0 0 0 0 261632
+2 507 261632
+4 * 261632 0 261632
+5 350 261632
+3 * 261632 0 0 0 0 0 0 0 0 261632
fi=(304)
+2 452 261632 261632
fi=(305)
+3 44 261632 261632
+4 * 261632
fe=(299)
+3 +25 261632 261632
+5 * 261632 0 0 0 0 0 0 0 0 261632
+2 +20 262145 262145 0 177 0 0 1
+3 * 262145 262145
+4 * 262145
+3 * 262145
fi=(300)
+69 353 1 1 0 1 0 0 1
+4 * 1
+3 * 1 1 1 0 1 0 0 0 0 0 0 1 1
cfi=(286)
cfn=(1134)
calls=1 0x1249b0 -26 
* * 143 50 27 12 4 0 12 0 0 14 0 5 5
fe=(299)
+3 67 1 1 0 1 0 0 1
+3 * 1 1
+4 * 1
+3 * 1 1
fi=(239)
+7 -16 1
+3 * 1 0 0 0 0 0 0 0 0 1
fe=(299)
+2 +18 1
+3 * 1 0 0 0 0 0 0 0 0 1
+2 * 1

fl=(265) /usr/src/debug/gcc/gcc/libstdc++-v3/src/c++98/parallel_settings.cc
fn=(940) _GLOBAL__sub_I_parallel_settings.cc
0xae2a0 42 1
fi=(386) /usr/src/debug/gcc/gcc-build/x86_64-pc-linux-gnu/libstdc++-v3/include/parallel/settings.h
+4 290 1 1
+8 +10 1
+5 +3 1 1
+8 -5 1 0 1 1 0 1 1 0 1
+11 -9 1 0 1
+11 +1 1 0 1 0 0 1 0 0 1
+7 * 1
+4 * 1
+5 +13 1 0 1
+7 * 1 1 0 0 1 0 0 1
+8 -13 1 0 1
+7 +10 1
+5 +2 1 1 0 1 0 0 1
+7 -2 1
+4 +9 1 0 1 0 0 1 0 0 1
+11 -9 1 0 1
+7 +3 1 0 1
+7 +8 1 0 1
+7 +3 1 0 1 0 0 1 0 0 1
+7 +3 1 0 1
+7 +5 1 0 1 0 0 1 0 0 1
+7 * 1 0 1 1 0 0 1
+7 * 1 0 1
+7 +8 1 1
+8 -28 1 0 1
+7 -13 1
+10 +41 1 0 1
+7 * 1 1
+8 -41 1 0 1
+7 * 1 0 0 1 0 0 1
+10 * 1 0 1
+7 +39 1 1 0 0 1 0 0 1
+7 +2 1 0 1 0 0 1 0 0 1
+7 * 1 1
+8 -2 1 0 1
+7 -39 1 0 1
+11 +27 1 0 1
+11 -27 1 0 1 1 0 0 1
+11 +14 1 0 1
+7 +27 1 0 1
+7 +6 1 1
+7 +2 1 1 0 0 1 0 0 1
+8 +2 1 0 1
+10 -4 1 0 1
+7 +2 1 0 1
fe=(265)
+7 42 1 1

fl=(266) /usr/src/debug/gcc/gcc/libstdc++-v3/src/c++11/locale-inst.cc
fn=(942) _GLOBAL__sub_I_cxx11_locale_inst.cc
0xae400 160 1 0 0 1 0 0 1
fi=(218)
+4 1653 1 1 0 0 1
+7 * 1 1 0 0 1 0 0 1
+3 * 1 0 0 0 0 0 0 0 0 1
+2 * 1 0 1
+3 1818 1 1
+7 * 1 1
+3 * 1 0 0 0 0 0 0 0 0 1
+2 * 1 0 1
+3 1415 1 1 0 0 1
+7 * 1 1
+3 * 1 0 0 0 0 0 0 0 0 1
+2 * 1 0 1
+3 * 1 1
+7 * 1 1
+3 * 1 0 0 0 0 0 0 0 0 1
+2 * 1 0 1
fi=(216)
+3 1893 1 1 0 1 1 0 1
+7 * 1 1
+3 * 1 0 0 0 0 0 0 0 0 1
+2 * 1 0 1
fi=(218)
+3 796 1 1
+7 * 1 1
+3 * 1 0 0 0 0 0 0 0 0 1
+2 * 1 0 1
+3 2024 1 1
+7 * 1 1
+3 * 1 0 0 0 0 0 0 0 0 1
+2 * 1 0 1
fi=(214)
+3 838 1 1 0 0 1
+7 * 1 1
+3 * 1 0 0 0 0 0 0 0 0 1
+2 * 1 0 1
fe=(266)
+3 160 1 1

fn=(950) _GLOBAL__sub_I_cxx11_wlocale_inst.cc
0xae480 160 1 0 0 1 0 0 1
fi=(218)
+4 1653 1 1
+7 * 1 1 0 0 1 0 0 1
+3 * 1 0 0 0 0 0 0 0 0 1
+2 * 1 0 1
+3 1818 1 1 0 0 1
+7 * 1 1
+3 * 1 0 0 0 0 0 0 0 0 1
+2 * 1 0 1
+3 1415 1 1
+7 * 1 1
+3 * 1 0 0 0 0 0 0 0 0 1
+2 * 1 0 1
+3 * 1 1 0 0 1
+7 * 1 1
+3 * 1 0 0 0 0 0 0 0 0 1
+2 * 1 0 1
fi=(216)
+3 1893 1 1 0 1 0 0 1
+7 * 1 1
+3 * 1 0 0 0 0 0 0 0 0 1
+2 * 1 0 1
fi=(218)
+3 796 1 1 0 0 1
+7 * 1 1
+3 * 1 0 0 0 0 0 0 0 0 1
+2 * 1 0 1
+3 2024 1 1
+7 * 1 1
+3 * 1 0 0 0 0 0 0 0 0 1
+2 * 1 0 1
fi=(214)
+3 838 1 1
+7 * 1 1
+3 * 1 0 0 0 0 0 0 0 0 1
+2 * 1 0 1
fe=(266)
+3 160 1 1

fn=(958) _GLOBAL__sub_I_locale_inst.cc
0xae500 160 1 0 0 1 0 0 1
fi=(216)
+4 2310 1 1
+7 * 1 1
+3 * 1 0 0 0 0 0 0 0 0 1
+2 * 1 0 1
+3 2603 1 1
+7 * 1 1
+3 * 1 0 0 0 0 0 0 0 0 1
+2 * 1 0 1
fi=(218)
+3 1653 1 1 0 0 1
+7 * 1 1
+3 * 1 0 0 0 0 0 0 0 0 1
+2 * 1 0 1
+3 1818 1 1 0 0 1
+7 * 1 1
+3 * 1 0 0 0 0 0 0 0 0 1
+2 * 1 0 1
+3 1415 1 1 0 1 0 0 1
+7 * 1 1 0 0 1 0 0 1
+3 * 1 0 0 0 0 0 0 0 0 1
+2 * 1 0 1
+3 * 1 1 0 0 1
+7 * 1 1
+3 * 1 0 0 0 0 0 0 0 0 1
+2 * 1 0 1
fi=(216)
+3 1893 1 1
+7 * 1 1
+3 * 1 0 0 0 0 0 0 0 0 1
+2 * 1 0 1
fi=(218)
+3 328 1 1 0 0 1
+7 * 1 1
+3 * 1 0 0 0 0 0 0 0 0 1
+2 * 1 0 1
+3 929 1 1 0 1 0 0 1
+7 * 1 1
+3 * 1 0 0 0 0 0 0 0 0 1
+2 * 1 0 1
+3 796 1 1 0 0 1
+7 * 1 1
+3 * 1 0 0 0 0 0 0 0 0 1
+2 * 1 0 1
+3 2024 1 1
+7 * 1 1
+3 * 1 0 0 0 0 0 0 0 0 1
+2 * 1 0 1
fi=(214)
+3 838 1 1
+7 * 1 1
+3 * 1 0 0 0 0 0 0 0 0 1
+2 * 1 0 1
fe=(266)
+3 160 1 1

fn=(966) _GLOBAL__sub_I_wlocale_inst.cc
0xae5c0 160 1 0 0 1 0 0 1
fi=(216)
+4 2310 1 1
+7 * 1 1
+3 * 1 0 0 0 0 0 0 0 0 1
+2 * 1 0 1
+3 2603 1 1 0 0 1
+7 * 1 1
+3 * 1 0 0 0 0 0 0 0 0 1
+2 * 1 0 1
fi=(218)
+3 1653 1 1
+7 * 1 1
+3 * 1 0 0 0 0 0 0 0 0 1 1
+2 * 1 0 1
+3 1818 1 1
+7 * 1 1
+3 * 1 0 0 0 0 0 0 0 0 1
+2 * 1 0 1
+3 1415 1 1 0 1 1 0 1
+7 * 1 1 0 0 1 0 0 1
+3 * 1 0 0 0 0 0 0 0 0 1
+2 * 1 0 1
+3 * 1 1
+7 * 1 1
+3 * 1 0 0 0 0 0 0 0 0 1
+2 * 1 0 1
fi=(216)
+3 1893 1 1 0 0 1
+7 * 1 1
+3 * 1 0 0 0 0 0 0 0 0 1
+2 * 1 0 1
fi=(218)
+3 328 1 1
+7 * 1 1
+3 * 1 0 0 0 0 0 0 0 0 1
+2 * 1 0 1
+3 929 1 1 0 1 1 0 1
+7 * 1 1
+3 * 1 0 0 0 0 0 0 0 0 1 1
+2 * 1 0 1
+3 796 1 1
+7 * 1 1
+3 * 1 0 0 0 0 0 0 0 0 1
+2 * 1 0 1
+3 2024 1 1
+7 * 1 1
+3 * 1 0 0 0 0 0 0 0 0 1
+2 * 1 0 1
fi=(214)
+3 838 1 1
+7 * 1 1
+3 * 1 0 0 0 0 0 0 0 0 1
+2 * 1 0 1
fe=(266)
+3 160 1 1

fl=(216)
fn=(1160)
0x14c9a0 2238 1 0 0 1 0 0 1
+4 +2 1 1 0 0 1 0 0 0 0 0 0 1 1
cfi=(306)
cfn=(1162) std::istreambuf_iterator<char, std::char_traits<char> > std::num_get<char, std::istreambuf_iterator<char, std::char_traits<char> > >::_M_extract_int<unsigned int>(std::istreambuf_iterator<char, std::char_traits<char> >, std::istreambuf_iterator<char, std::char_traits<char> >, std::ios_base&, std::_Ios_Iostate&, unsigned int&) const
calls=1 0x14bdb0 378 
* * 329 90 50 27 3 0 27 1 0 59 13 2 1

fl=(250) /usr/src/debug/gcc/gcc/libstdc++-v3/src/c++11/compatibility-c++0x.cc
fn=(896) std::error_category::error_category()
0xafa50 180 2 0 0 1 0 0 1
+4 * 2 2 0 0 1
+7 * 2
+4 * 2 0 2
+3 * 2 2

fn=(1686) std::error_category::~error_category()
0xafa70 182 2 0 0 1
+4 * 2 2

fn=(1688) std::(anonymous namespace)::generic_error_category::~generic_error_category()
0xafad0 188 1 0 0 1 0 0 1
+4 * 1
+7 * 1 0 1
+3 * 1 1 0 0 0 0 0 0 0 0 0 1 1
cfn=(1686)
calls=1 0xafa70 -6 
* * 2 1

fn=(894) _GLOBAL__sub_I_compatibility_c__0x.cc
0xade90 260 1 0 0 1 0 0 1
+4 * 1 0 1
+1 -72 1
+7 +30 1 0 1 0 0 1
+11 +42 1
+3 -72 1 1 1 0 0 0 0 0 0 0 0 1 1
cfn=(896)
calls=1 0xafa50 -8 
* * 5 2 1 1 1 0 1
+6 * 1
+7 +30 1
+7 * 1 0 0 1 0 0 1
+7 * 1
+7 -30 1 0 1
+7 +30 1 1 1 0 0 0 0 0 0 0 0 1 1
cob=(2)
cfi=(247) /usr/src/debug/glibc/glibc/stdlib/cxa_atexit.c
cfn=(880) __cxa_atexit
calls=1 0x404f0 67 
* * 76 13 15 0 0 1 0 0 1 10 2
+6 -15 1
+7 +16 1 0 1
+11 -16 1 1 1 0 0 0 0 0 0 0 0 1 1
cfn=(896)
calls=1 0xafa50 -23 
* * 5 2 1
+6 * 1
+7 +57 1 1
+1 -42 1
+7 -15 1 0 1 1 0 0 1
+7 +15 1
+7 * 1
+7 * 1 1 0 0 0 0 0 0 0 0 0 1 1
cob=(2)
cfi=(247)
cfn=(880)
calls=1 0x404f0 67 
* * 76 13 15 0 0 0 0 0 0 10 2

fn=(1684) std::(anonymous namespace)::system_error_category::~system_error_category()
0xafa80 203 1 0 0 1 0 0 1
+4 * 1
+7 * 1 0 1 0 0 1
+3 * 1 1 0 0 1 0 0 0 0 0 0 1 1
cfn=(1686)
calls=1 -30 -21 
* * 2 1 0 1

fl=(335) /usr/src/debug/gcc/gcc/libstdc++-v3/libsupc++/del_opv.cc
fn=(1362) operator delete[](void*)
0xb0650 34 1538 0 0 152 0 0 1
+4 +1 1538 1538 0 0 2 0 0 0 0 0 0 1538 1
cfi=(330)
cfn=(1330)
calls=1538 -52 +13 
* * 258897 72383 40782 1247 1048 4 12 0 0 42436 563 1538

fl=(378) /usr/src/debug/gcc/gcc/libstdc++-v3/libsupc++/eh_catch.cc
fn=(1708) std::uncaught_exception()
0xb0d70 138 2 0 0 1 0 0 1
+4 * 2 0 2
+1 * 2
+3 +2 2 2 2 0 1 0 0 0 0 0 0 2 1
cfi=(379) /usr/src/debug/gcc/gcc/libstdc++-v3/libsupc++/eh_globals.cc
cfn=(1710) __cxa_get_globals
calls=2 0xb0ec0 -78 
* * 40 20 4 3 4 0 3 0 0 4 2 2 1
+6 +5 2 2
+1 -4 2 2 0 1 1 0 1
+3 * 2
+2 * 2
+3 +4 2 2

fl=(238)
fn=(1720) __gnu_cxx::stdio_sync_filebuf<wchar_t, std::char_traits<wchar_t> >::sync()
0x123a90 193 5
+4 +1 5 5 0 0 2
+4 * 5 5 0 0 0 0 0 0 0 0 0 5 1
cob=(2)
cfi=(377) /usr/src/debug/glibc/glibc/libio/iofflush.c
cfn=(1700) fflush
calls=5 0x80590 32 
* * 345 120 55 0 0 0 0 0 0 55 3 5

fn=(1698) __gnu_cxx::stdio_sync_filebuf<char, std::char_traits<char> >::sync()
0x123a80 193 5 0 0 1 0 0 1
+4 +1 5 5 0 0 2
+4 * 5 5 0 0 1 0 0 0 0 0 0 5 1
cob=(2)
cfi=(377)
cfn=(1700)
calls=5 0x80590 32 
* * 345 120 55 9 8 2 9 2 0 55 14 5 1

fl=(347)
fn=(1506) std::ostream& std::ostream::_M_insert<double>(double)
0x154690 67 130816 0 0 1 0 0 1
+4 * 130816 0 130816
+1 * 130816
+3 * 130816 0 130816
+2 * 130816
+5 * 130816 0 130816
+2 * 130816 0 130816
+2 * 130816 0 130816
+2 * 130816 0 130816
+1 * 130816
+3 * 130816
+4 +3 130816 130816
+9 * 130816 0 130816
+4 * 130816
+3 * 130816 0 0 1 0 0 1
+4 * 130816 130816 130816 0 0 0 0 0 0 0 0 130816 1
cfn=(1508) std::ostream::sentry::sentry(std::ostream&)
calls=130816 0x1520d0 -20 
* * 1962240 654080 392448 2 0 0 2 0 0 261632 5
+6 +1 130816 130816
+4 * 130816 0 0 0 0 0 0 0 0 130816
+2 +6 130816 130816
+3 * 130816 130816
+4 * 130816
+3 * 130816 130816
fi=(239)
+7 -26 130816
+3 * 130816 0 0 0 0 0 0 0 0 130816
+6 389 130816 130816
+7 * 130816 0 0 0 0 0 0 0 0 130816
fi=(216)
+6 2474 130816 130816
fi=(239)
+8 338 130816 130816 0 1 0 0 1
fi=(216)
+7 2474 130816 130816 0 0 1
+4 * 130816
+2 * 130816
+3 * 130816
fi=(307) /usr/src/debug/gcc/gcc-build/x86_64-pc-linux-gnu/libstdc++-v3/include/bits/streambuf_iterator.h
+5 287 130816
+3 * 130816
fi=(216)
+3 2474 130816 130816 130816 0 1 0 0 0 0 0 0 130816 1
cfi=(306)
cfn=(1514) std::num_put<char, std::ostreambuf_iterator<char, std::char_traits<char> > >::do_put(std::ostreambuf_iterator<char, std::char_traits<char> >, std::ios_base&, char, double) const
calls=130816 0x141960 1182 
* * 368951989 87589703 56942720 184 45 137 167 14 0 53290257 1105790 2747769 21
fe=(347)
+3 82 130816
+2 * 130816 0 0 0 0 0 0 0 0 130816
fi=(242)
+6 577 130816 130816
+4 * 130816 130816
+4 * 130816 130816
+4 * 130816
+3 +1 130816 130816
+5 * 130816 0 0 0 0 0 0 0 0 130816 6
fe=(347)
+10 96 130816 130816 0 1 0 0 1
+4 * 130816 130816
+9 * 130816 0 0 0 0 0 0 0 0 130816 2
+6 * 130816
+4 * 130816
+3 * 130816 130816
+1 * 130816 130816
+2 * 130816 130816
+2 * 130816 130816
+2 * 130816 130816
+2 * 130816 130816
+1 * 130816 130816

fn=(1696)
0x151ea0 225 3 0 0 1 0 0 1
+4 * 3 0 3
+1 * 3
+3 * 3 0 3
+2 * 3 0 3
+2 * 3 0 3
+1 * 3
+4 +8 3 3 0 0 2
+3 -8 3 3
+9 * 3 0 3 1 0 0 1
+4 * 3
fi=(239)
+3 338 3 3 0 0 1
fe=(347)
+4 233 3 3 0 0 2
+9 * 3 0 0 0 0 0 0 0 0 3
+2 +2 3
+3 * 3
+4 * 3 3 3 0 1 0 0 0 0 0 0 3 1
cfn=(1508)
calls=3 0x1520d0 50 
* * 190 75 34 1 1 2 1 0 0 25 9 5 1
+6 +1 3 3
+4 * 3 0 0 0 0 0 0 0 0 3 1
+2 +5 3 3
fi=(239)
+3 +97 3 3
+4 * 3 3
fi=(300)
+8 -58 3 3 0 0 2
+3 * 3 3 3 0 1 0 0 0 0 0 0 3 1
cfi=(238)
cfn=(1698)
calls=3 0x123a80 -87 
* * 216 78 33 10 11 1 10 2 0 33 8 6 2
fe=(347)
+3 -39 3
+3 * 3 0 0 1 0 0 1 0 0 3
fi=(242)
+6 577 3 3
+4 * 3 3
+4 * 3 3
+4 * 3
+3 +1 3 3
+4 * 3 0 0 0 0 0 0 0 0 3 1
fe=(347)
+2 256 3 3
+4 * 3 3
+9 * 3 0 0 0 0 0 0 0 0 3
+6 * 3
+4 * 3
+3 * 3 3
+1 * 3 3
+2 * 3 3
+2 * 3 3
+1 * 3 3
fi=(242)
+7 577 1 1 0 1 0 0 1
+3 * 1
+2 * 1 0 0 0 0 0 0 0 0 1
+2 +1 1 0 1
+4 * 1 1 1 0 0 0 0 0 0 0 0 1 1
cfi=(378)
cfn=(1708)
calls=1 0xb0d70 138 
* * 29 14 4 5 6 0 5 0 0 2 1 2 2
+6 * 1
+2 * 1 0 0 0 0 0 0 0 0 1
+2 -63 1 1
fi=(239)
+4 338 1 1
fi=(242)
+7 515 1 1
+4 +1 1 0 1
+7 +69 1
+3 * 1 0 0 0 0 0 0 0 0 1 1
fi=(300)
+2 280 1 1
+3 * 1 1 1 0 0 0 0 0 0 0 0 1 1
cfi=(238)
cfn=(1698)
calls=1 0x123a80 -87 
* * 72 26 11 0 0 0 0 0 0 11 2 2
fi=(242)
+3 585 1
+3 * 1 0 0 0 0 0 0 0 0 1
+2 -66 1 1
+4 * 1 1 0 1 0 0 1
+4 * 1
+3 * 1 0 1
+4 * 1
fe=(347)

fn=(1697) std::ostream::flush()'2
0x151ea0 225 1
+4 * 1 0 1
+1 * 1
+3 * 1 0 1
+2 * 1 0 1
+2 * 1 0 1
+1 * 1
+4 +8 1 1
+3 -8 1 1
+9 * 1 0 1 0 0 1
+4 * 1
fi=(239)
+3 338 1 1
fe=(347)
+4 233 1 1
+9 * 1 0 0 0 0 0 0 0 0 1 1
+2 +2 1
+3 * 1
+4 * 1 1 1 0 0 0 0 0 0 0 0 1
cfn=(1509) std::ostream::sentry::sentry(std::ostream&)'2
calls=1 0x1520d0 50 
* * 15 5 3 0 0 0 0 0 0 2
+6 +1 1 1
+4 * 1 0 0 0 0 0 0 0 0 1
+2 +5 1 1
fi=(239)
+3 +97 1 1
+4 * 1 1
fi=(300)
+8 -58 1 1
+3 * 1 1 1 0 0 0 0 0 0 0 0 1
cfi=(238)
cfn=(1698)
calls=1 0x123a80 -87 
* * 72 26 11 0 0 1 0 0 0 11 4 2
fe=(347)
+3 -39 1
+3 * 1 0 0 0 0 0 0 0 0 1
fi=(242)
+6 577 1 1
+4 * 1 1
+4 * 1 1
+4 * 1
+3 +1 1 1
+4 * 1 0 0 0 0 0 0 0 0 1
fe=(347)
+2 256 1 1
+4 * 1 1
+9 * 1 0 0 0 0 0 0 0 0 1
+6 * 1
+4 * 1
+3 * 1 1
+1 * 1 1
+2 * 1 1
+2 * 1 1
+1 * 1 1

fn=(1716)
0x1556d0 225 3 0 0 1 0 0 1
+4 * 3 0 3
+1 * 3
+3 * 3 0 3
+2 * 3 0 3
+2 * 3 0 3
+1 * 3
+4 +8 3 3 0 0 3
+3 -8 3 3
+9 * 3 0 3
+4 * 3
fi=(239)
+3 338 3 3 0 0 1
fe=(347)
+4 233 3 3 0 1 3 0 1
+9 * 3 0 0 0 0 0 0 0 0 3 1
+2 +2 3
+3 * 3
+4 * 3 3 3 0 0 0 0 0 0 0 0 3 1
cfn=(1718) std::basic_ostream<wchar_t, std::char_traits<wchar_t> >::sentry::sentry(std::basic_ostream<wchar_t, std::char_traits<wchar_t> >&)
calls=3 0x155900 50 
* * 190 75 34 2 1 0 2 0 0 25 5 5 1
+6 +1 3 3
+4 * 3 0 0 0 0 0 0 0 0 3
+2 +5 3 3
fi=(239)
+3 +97 3 3
+4 * 3 3
fi=(300)
+8 -58 3 3 0 0 2
+3 * 3 3 3 0 1 0 0 0 0 0 0 3 1
cfi=(238)
cfn=(1720)
calls=3 0x123a90 -87 
* * 216 78 33 0 2 0 0 0 0 33 2 6 1
fe=(347)
+3 -39 3
+3 * 3 0 0 0 0 0 0 0 0 3
fi=(242)
+6 577 3 3
+4 * 3 3
+4 * 3 3
+4 * 3 0 0 1 0 0 1
+3 +1 3 3
+4 * 3 0 0 0 0 0 0 0 0 3 3
fe=(347)
+2 256 3 3
+4 * 3 3
+9 * 3 0 0 0 0 0 0 0 0 3 1
+6 * 3
+4 * 3
+3 * 3 3
+1 * 3 3
+2 * 3 3
+2 * 3 3
+1 * 3 3
fi=(242)
+7 577 1 1
+3 * 1
+2 * 1 0 0 0 0 0 0 0 0 1
+2 +1 1 0 1
+4 * 1 1 1 1 0 0 1 0 0 0 0 1 1
cfi=(378)
cfn=(1708)
calls=1 0xb0d70 138 
* * 29 14 4 0 0 0 0 0 0 2 1 2
+6 * 1
+2 * 1 0 0 0 0 0 0 0 0 1
+2 -63 1 1
fi=(239)
+4 338 1 1
fi=(242)
+7 515 1 1
+4 +1 1 0 1
+7 +69 1
+3 * 1 0 0 0 0 0 0 0 0 1
fi=(300)
+2 280 1 1
+3 * 1 1 1 0 0 0 0 0 0 0 0 1 1
cfi=(238)
cfn=(1720)
calls=1 0x123a90 -87 
* * 72 26 11 0 0 0 0 0 0 11 1 2
fi=(242)
+3 585 1
+3 * 1 0 0 0 0 0 0 0 0 1
+2 -66 1 1
+4 * 1 1
+4 * 1
+3 * 1 0 1
+4 * 1
fe=(347)

fn=(1717) std::basic_ostream<wchar_t, std::char_traits<wchar_t> >::flush()'2
0x1556d0 225 1
+4 * 1 0 1
+1 * 1
+3 * 1 0 1
+2 * 1 0 1
+2 * 1 0 1
+1 * 1
+4 +8 1 1
+3 -8 1 1
+9 * 1 0 1
+4 * 1
fi=(239)
+3 338 1 1
fe=(347)
+4 233 1 1
+9 * 1 0 0 0 0 0 0 0 0 1
+2 +2 1
+3 * 1
+4 * 1 1 1 0 0 0 0 0 0 0 0 1
cfn=(1719) std::basic_ostream<wchar_t, std::char_traits<wchar_t> >::sentry::sentry(std::basic_ostream<wchar_t, std::char_traits<wchar_t> >&)'2
calls=1 0x155900 50 
* * 15 5 3 0 0 0 0 0 0 2 1
+6 +1 1 1
+4 * 1 0 0 0 0 0 0 0 0 1
+2 +5 1 1
fi=(239)
+3 +97 1 1
+4 * 1 1
fi=(300)
+8 -58 1 1
+3 * 1 1 1 0 0 0 0 0 0 0 0 1
cfi=(238)
cfn=(1720)
calls=1 0x123a90 -87 
* * 72 26 11 0 0 0 0 0 0 11 0 2
fe=(347)
+3 -39 1
+3 * 1 0 0 0 0 0 0 0 0 1
fi=(242)
+6 577 1 1
+4 * 1 1
+4 * 1 1
+4 * 1
+3 +1 1 1
+4 * 1 0 0 0 0 0 0 0 0 1 1
fe=(347)
+2 256 1 1
+4 * 1 1
+9 * 1 0 0 0 0 0 0 0 0 1 1
+6 * 1
+4 * 1
+3 * 1 1
+1 * 1 1
+2 * 1 1
+2 * 1 1
+1 * 1 1

fn=(1718)
0x155900 50 3 0 0 1 0 0 1
+4 +5 3 3
+3 -3 3 0 3
+3 -2 3
+3 +2 3 0 3
+4 +3 3 3
+4 * 3
fi=(239)
+3 311 3 3
+7 147 3 3 0 0 1
fe=(347)
+3 -92 3
+3 * 3 0 0 0 0 0 0 0 0 3 1
+2 * 1
+2 * 1 0 0 0 0 0 0 0 0 1 1
+7 -5 1 0 1
+1 +6 1
+3 -6 1
+3 * 1
+4 * 1 0 1
+4 * 1 0 1
+4 +6 1 1 1 0 0 0 0 0 0 0 0 1 1
cfn=(1717)
calls=1 0x1556d0 225 
* * 129 53 21 0 0 0 0 0 0 18 3 4
+6 +2 1 1
+4 * 1 1
+4 * 1 1
+3 * 1 1
fi=(239)
+4 +89 1 1
fe=(347)
+3 -89 1
+3 * 1
+2 * 1 0 0 0 0 0 0 0 0 1
+2 +1 1 0 1
+3 +3 1 1
+1 * 1 1
+10 -4 2 0 0 1 0 0 1
+2 * 2 0 0 0 0 0 0 0 0 2
+2 +1 2 0 2
+3 * 2 2

fn=(1719)
0x155900 50 1
+4 +5 1 1
+3 -3 1 0 1
+3 -2 1
+3 +2 1 0 1
+4 +3 1 1
+4 * 1
fi=(239)
+3 311 1 1
+7 147 1 1
fe=(347)
+3 -92 1
+3 * 1 0 0 0 0 0 0 0 0 1 1
+75 +3 1
+2 * 1 0 0 0 0 0 0 0 0 1
+2 +1 1 0 1
+3 * 1 1

fn=(1508)
0x1520d0 50 261635 0 0 1 0 0 1
+4 +5 261635 261635
+3 -3 261635 0 261635
+3 -2 261635
+3 +2 261635 0 261635
+4 +3 261635 261635
+4 * 261635
fi=(239)
+3 311 261635 261635
+7 147 261635 261635 0 0 1
fe=(347)
+3 -92 261635
+3 * 261635 0 0 0 0 0 0 0 0 261635 13
+2 * 1
+2 * 1 0 0 0 0 0 0 0 0 1 1
+7 -5 1 0 1 1 0 0 1
+1 +6 1
+3 -6 1
+3 * 1
+4 * 1 0 1
+4 * 1 0 1
+4 +6 1 1 1 0 0 0 0 0 0 0 0 1 1
cfn=(1697)
calls=1 0x151ea0 225 
* * 129 53 21 0 0 2 0 0 0 18 5 4
+6 +2 1 1
+4 * 1 1
+4 * 1 1
+3 * 1 1
fi=(239)
+4 +89 1 1
fe=(347)
+3 -89 1
+3 * 1
+2 * 1 0 0 0 0 0 0 0 0 1
+2 +1 1 0 1
+3 +3 1 1
+1 * 1 1
+10 -4 261634 0 0 1 0 0 1
+2 * 261634 0 0 0 0 0 0 0 0 261634
+2 +1 261634 0 261634
+3 * 261634 261634

fn=(1509)
0x1520d0 50 1
+4 +5 1 1
+3 -3 1 0 1
+3 -2 1
+3 +2 1 0 1
+4 +3 1 1
+4 * 1
fi=(239)
+3 311 1 1
+7 147 1 1
fe=(347)
+3 -92 1
+3 * 1 0 0 0 0 0 0 0 0 1
+75 +3 1
+2 * 1 0 0 0 0 0 0 0 0 1
+2 +1 1 0 1
+3 * 1 1

fl=(237)
fn=(824)
0xd07c0 216 1 0 0 1 0 0 1
+4 * 1 0 1
+1 * 1
+3 * 1 0 1
+2 * 1 0 1
+2 * 1 0 1
+2 * 1 0 1
+2 * 1
+3 * 1 0 1
+1 * 1
+3 * 1
+4 +1 1 1
+5 * 1 0 0 0 0 0 0 0 0 1
+6 +3 1
+3 * 1 0 0 0 0 0 0 0 0 1 1
0xd0a00 +3 1 1 0 1 0 0 1
+4 +12 1 1
+7 -10 1
+7 -2 1 0 1
+4 +1 1 1
+4 +11 1 1
+2 -11 1 0 1
+4 +1 1 1
+4 * 1 0 1
+4 +1 1 0 1
+8 +1 1 0 1
+4 +1 1 0 1
+4 +1 1 0 1
+8 +1 1 0 1 1 0 0 1
+4 +1 1 0 1
+8 +1 1 0 1
+4 +1 1 0 1
+8 +1 1 0 1
+7 +1 1 0 1
+3 +1 1 1
+4 * 1 0 1
+3 +3 1 1
+7 * 1 1
+3 -1 1
+2 * 1
+11 +1 1 1 0 1 0 0 1
+4 * 1 1
+4 * 1 0 1
+4 -1 1
+4 * 1
+4 * 1 0 0 0 0 0 0 0 0 1 1
-20 +1 10 10
+4 * 10 10
+4 * 10 0 10
+4 -1 10
+4 * 10
+4 * 10 0 0 0 0 0 0 0 0 10 6
+2 366 1
+4 * 1 1
+1 * 1 1
+2 * 1 1
+2 * 1 1
+2 * 1 1
+2 * 1 1
+1 * 1 1

fn=(832)
0xd1440 558 1 0 0 1 0 0 1
+4 * 1 0 1
+1 * 1
+3 * 1 0 1
+2 * 1 0 1
+2 * 1 0 1
+2 * 1 0 1
+2 * 1
+3 * 1 0 1
+1 * 1
+4 * 1 1
+9 * 1 0 1
+4 * 1
+3 +1 1 1
+5 * 1 0 0 0 0 0 0 0 0 1
+6 +3 1
+3 * 1 0 0 0 0 0 0 0 0 1 1
0xd167e 731 1 1 0 1 0 0 1
+4 * 1 1
+9 * 1 0 0 0 0 0 0 0 0 1
+6 * 1
+4 * 1 1
+1 * 1 1
+2 * 1 1
+2 * 1 1
+2 * 1 1
+2 * 1 1
+1 * 1 1
+1 565 1 1 0 1 0 0 1
+5 * 1 1
+7 +5 1
+7 -3 1
+7 -2 1 0 1
+4 +12 1 1 0 1 0 0 1
+7 -7 1 0 1
+4 +7 1 1
+2 -5 1 0 1
+4 +2 1 0 1
+4 +3 1 0 1
+3 -10 1 0 1
+4 +1 1 0 1
+8 +1 1 0 1
+4 +2 1 0 1
+8 +2 1 0 1
+8 +2 1 0 1
+8 +1 1 0 1 1 0 0 1
+7 +2 1 1
+5 * 1 0 1
+3 +5 1 1
+7 -1 1 1
+5 +1 1 1
+3 -2 1
+2 * 1
+2 +2 1 1
+4 * 1 0 1
+4 -2 1
+4 * 1
+4 * 1 0 0 0 0 0 0 0 0 1 1
-16 +2 10 10
+4 * 10 0 10
+4 -2 10
+4 * 10
+4 * 10 0 0 0 0 0 0 0 0 10 3
+2 * 1

fn=(822)
0xd0ce0 372 1 0 0 1 0 0 1
+4 * 1 0 1
+1 * 1
+3 * 1 0 1
+2 * 1 0 1
+2 * 1 0 1
+2 * 1 0 1
+2 * 1
+3 * 1 0 1
+1 * 1
+3 * 1
+4 +1 1 1
+5 * 1 0 0 1 0 0 1 0 0 1
+6 +3 1
+3 * 1 0 0 0 0 0 0 0 0 1 1
0xd0f08 +3 1 1 0 1 0 0 1
+4 +12 1 1
+7 -10 1
+7 -2 1 0 1
+4 +1 1 1
+4 +11 1 1
+2 -11 1 0 1
+4 +1 1 1
+4 * 1 0 1
+4 +1 1 0 1
+8 +1 1 0 1
+4 +1 1 0 1
+4 +1 1 0 1 1 0 0 1
+8 +1 1 0 1
+4 +1 1 0 1
+8 +1 1 0 1
+4 +1 1 0 1
+8 +1 1 0 1
+7 +1 1 0 1
+3 +1 1 1
+4 * 1 0 1
+3 +3 1 1
+7 * 1 1
+3 -1 1
+2 * 1
+3 +1 1 1 0 1 0 0 1
+4 * 1 1
+4 * 1 0 1
+4 -1 1
+4 * 1
+4 * 1 0 0 0 0 0 0 0 0 1 1
-20 +1 10 10
+4 * 10 10
+4 * 10 0 10
+4 -1 10
+4 * 10
+4 * 10 0 0 0 0 0 0 0 0 10 8
+2 517 1
+4 * 1 1
+1 * 1 1
+2 * 1 1
+2 * 1 1
+2 * 1 1
+2 * 1 1
+1 * 1 1

fn=(830)
0xd1a20 741 1 0 0 1 0 0 1
+4 * 1 0 1
+1 * 1
+3 * 1 0 1
+2 * 1 0 1
+2 * 1 0 1
+2 * 1 0 1
+2 * 1
+3 * 1 0 1
+1 * 1
+4 * 1 1 0 1 0 0 1
+9 * 1 0 1
+4 * 1
+3 +1 1 1
+5 * 1 0 0 0 0 0 0 0 0 1
+6 +3 1
+3 * 1 0 0 0 0 0 0 0 0 1 1
0xd1c5e 914 1 1 0 1 0 0 1
+4 * 1 1
+9 * 1 0 0 0 0 0 0 0 0 1
+6 * 1
+4 * 1 1
+1 * 1 1
+2 * 1 1
+2 * 1 1
+2 * 1 1
+2 * 1 1
+1 * 1 1
+1 748 1 1 0 1 0 0 1
+5 * 1 1
+7 +5 1
+7 -3 1
+7 -2 1 0 1
+4 +12 1 1
+7 -7 1 0 1
+4 +7 1 1
+2 -5 1 0 1
+4 +2 1 0 1
+4 +3 1 0 1
+3 -10 1 0 1
+4 +1 1 0 1 1 0 0 1
+8 +1 1 0 1
+4 +2 1 0 1
+8 +2 1 0 1
+8 +2 1 0 1
+8 +1 1 0 1
+7 +2 1 1
+5 * 1 0 1
+3 +5 1 1
+7 -1 1 1
+5 +1 1 1
+3 -2 1
+2 * 1
+2 +2 1 1 0 1 0 0 1
+4 * 1 0 1
+4 -2 1
+4 * 1
+4 * 1 0 0 0 0 0 0 0 0 1 1
-16 +2 10 10
+4 * 10 0 10
+4 -2 10
+4 * 10
+4 * 10 0 0 0 0 0 0 0 0 10 4
+2 * 1

fl=(348) /usr/src/debug/gcc/gcc/libstdc++-v3/src/c++98/locale_facets.cc
fn=(1520) std::__num_base::_S_format_float(std::ios_base const&, char*, char)
0xc9200 64 130816 0 0 1 0 0 1
+4 * 130816
+3 * 130816
+2 +2 130816
fi=(241)
+4 695 130816 130816
fe=(348)
+3 66 130816 0 130816
+3 +2 130816
+3 * 130816 0 0 0 0 0 0 0 0 130816 1
+10 +2 130816
+3 * 130816 0 0 0 0 0 0 0 0 130816
fi=(241)
+9 +17 130816
+2 * 130816
+5 * 130816
fe=(348)
+6 -10 130816
+6 * 130816 0 0 1 0 0 1 0 0 130816
+2 +4 130816
+5 * 130816 0 130816
+3 +4 130816
+3 * 130816 0 0 0 0 0 0 0 0 130816 2
+15 +9 130816
+3 * 130816
+2 * 130816
+3 -1 130816
+6 * 130816 0 0 0 0 0 0 0 0 130816 2
+23 -11 130816 0 0 1 0 0 1
+4 +9 130816
+3 * 130816 0 0 0 0 0 0 0 0 130816 1
+65 +9 130816 0 0 1 0 0 1
+3 * 130816
+4 * 130816 0 130816
+2 +1 130816 0 130816
+3 +1 130816 130816

fl=(253) /usr/src/debug/gcc/gcc/libstdc++-v3/src/c++11/future.cc
fn=(902) std::future_category()
0xdf8a0 89 1 0 0 1 0 0 1
+4 * 1
+7 * 1 1

fl=(287) /usr/src/debug/gcc/gcc-build/x86_64-pc-linux-gnu/libstdc++-v3/src/c++11/basic_file.cc
fn=(1072) std::__basic_file<char>::open(char const*, std::_Ios_Openmode, int)
0xf2a70 255 2 0 0 2 0 0 1
+4 * 2 0 2
+1 * 2
+3 * 2 0 2
+2 * 2 0 2
+2 * 2 0 2
+1 * 2
+3 +2 2 0 0 2 0 0 1
+2 -2 2
+4 +2 2 0 2
cfn=(1074) (anonymous namespace)::fopen_mode(std::_Ios_Openmode)
calls=2 0xf2870 93 
* * 18 4 0 6 2 0 2 2 0 2 1 2 2
+5 +1 2
+3 * 2 0 0 0 0 0 0 0 0 2
+2 * 2
+3 * 2
+3 * 2
+3 * 2 2 2 0 0 0 0 0 0 0 0 2 1
cfn=(1070) std::__basic_file<char>::is_open() const
calls=2 0xf2950 +46 
* * 8 4
+6 * 2
+2 * 2 0 0 0 0 0 0 0 0 2
+2 +2 2
+3 * 2
+3 * 2 2 2 0 1 0 0 0 0 0 0 2 1
cob=(2)
cfi=(288) /usr/src/debug/glibc/glibc/libio/iofopen.c
cfn=(1076) fopen@@GLIBC_2.2.5
calls=2 0x80c50 85 
* * 1130 253 243 82 17 22 48 4 7 123 43 4 3
+6 * 2 0 2
+3 * 2
+3 * 2 0 0 0 0 0 0 0 0 2
+2 +2 2 0 2
+4 +5 2
+4 -4 2 0 0 1 0 0 1
+3 +4 2 2
+1 * 2 2
+2 * 2 2
+2 * 2 2
+1 * 2 2

fn=(1142) std::__basic_file<char>::xsgetn(char*, long)
0xf2b60 334 194 0 0 194 0 0 1
+4 * 194 0 194
+1 * 194
+3 * 194 0 194
+2 * 194
+3 * 194 0 194
+2 * 194
+3 * 194 0 194
+2 * 194
+3 * 194 0 194
+1 * 194
+19 +14 194 0 0 194 0 0 1
+3 * 194 194 194 0 1 0 0 0 0 0 0 194 1
cfn=(1144) std::__basic_file<char>::fd()
calls=194 0xf2ae0 -39 
* * 1940 970 0 1 1 0 1 0 0 388 1 194 1
fi=(302) /usr/include/bits/unistd.h
+6 32 194
+3 * 194
+3 * 194
+2 * 194 194 194 0 0 0 0 0 0 0 0 194 1
cob=(2)
cfi=(303) /usr/src/debug/glibc/glibc/io/../sysdeps/unix/sysv/linux/read.c
cfn=(1150) read
calls=194 0x10da50 -7 
* * 7178 2522 1358 1 9 0 1 0 0 388
+6 * 194
fe=(287)
+3 349 194
+4 * 194 0 0 0 0 0 0 0 0 194
+2 +3 194
+3 * 194 194
+1 * 194 194
+2 * 194 194
+2 * 194 194
+2 * 194 194
+1 * 194 194

fn=(1434) std::__basic_file<char>::~__basic_file()
0xf2b50 210 2
+4 * 2 0 2
+1 * 2
+3 +1 2 2 2 0 0 0 0 0 0 0 0 2 1
cfn=(1406) std::__basic_file<char>::close()
calls=2 -88 318 
* * 34 12 6 0 0 0 0 0 0 2 2 2
+6 * 2 2
+1 * 2 2

fn=(1070)
0xf2950 304 13
+4 * 13 13
+4 * 13
+3 * 13 13

fn=(1060) std::__basic_file<char>::__basic_file(pthread_mutex_t*)
0xf2940 207 2 0 0 1 0 0 1
+4 +1 2 0 2
+7 * 2 0 2
+4 * 2 2

fn=(1144)
0xf2ae0 309 523
+4 * 523 523
+3 * 523 523 0 0 2 0 0 0 0 0 0 523 1
cob=(2)
cfi=(301) /usr/src/debug/glibc/glibc/libio/fileno.c
cfn=(1146) fileno
calls=523 0x89940 32 
* * 3661 1569 0 2 0 0 1 0 0 1046 1

fn=(1406)
0xf2b00 318 4 0 0 2 0 0 1
+4 * 4 0 4
+1 * 4
+3 * 4 0 4
+1 * 4
+3 * 4
+4 +2 4 4 4 0 0 0 0 0 0 0 0 4 2
cfn=(1070)
calls=4 0xf2950 -16 
* * 16 8
+6 * 4
+2 * 4 0 0 0 0 0 0 0 0 4 2
+2 +3 2 2
+4 * 2 0 0 0 0 0 0 0 0 2 2
+9 +4 2
+3 +3 2 2
+4 * 2 2
+1 * 2 2
+1 -6 2 2
+3 * 2 2 2 0 2 0 0 0 0 0 0 2 1
cob=(2)
cfi=(338) /usr/src/debug/glibc/glibc/libio/iofclose.c
cfn=(1408) fclose@@GLIBC_2.2.5
calls=2 0x80060 34 
* * 688 200 120 71 28 2 37 0 0 108 33 6 3
+6 +1 2 0 2
+7 +1 2 0 0 1
+2 * 2 0 0 0 0 0 0 0 0 2 1
+2 +4 2 2
+4 -11 2
+2 +11 2 2
+1 * 2 2

fn=(1604) std::__basic_file<char>::xsputn_2(char const*, long, char const*, long)
0xf2c30 367 328 0 0 1 0 0 1
+4 * 328 0 328
+1 * 328
+3 * 328 0 328
+2 * 328 0 328
+2 * 328
+3 * 328 0 328 1 0 0 1
+2 * 328
+3 * 328 0 328
+2 * 328
+3 * 328 0 328
+1 * 328
+3 * 328
+4 * 328 0 328
+4 * 328 0 328
+4 * 328 328
+9 * 328 0 328
+4 * 328
+2 +3 328 328 328 0 1 0 0 0 0 0 0 328 1
cfn=(1144)
calls=328 0xf2ae0 -61 
* * 3280 1640 0 1 1 0 0 0 0 656 0 328
+6 167 328 0 328
+4 370 328
+3 163 328
+3 * 328
+4 +5 328 0 328
+4 * 328 0 0 1 0 0 1
+4 -5 328
+3 * 328 0 328
+4 +9 328 0 328
+4 +3 328 328
+4 * 328
+5 * 328
+3 -2 328 0 328
+4 +2 328 328 328 0 0 0 0 0 0 0 0 328 1
cob=(2)
cfi=(365) /usr/src/debug/glibc/glibc/misc/../sysdeps/unix/sysv/linux/writev.c
cfn=(1606) writev
calls=328 0x11a6b0 25 
* * 12464 4264 2296 2 0 0 1 0 0 656
+6 +1 328
+4 * 328 0 0 0 0 0 0 0 0 328
+2 +6 328
+3 * 328 0 0 0 0 0 0 0 0 328 1
+32 387 328 328 0 1 0 0 1
+4 * 328 328
+9 * 328 0 0 0 0 0 0 0 0 328 2
+2 * 328
+4 * 328
+3 * 328 328
+1 * 328 328
+2 * 328 328
+2 * 328 328
+2 * 328 328
+2 * 328 328
+1 * 328 328

fn=(1074)
0xf2870 93 2 0 0 2
+3 * 2
+3 * 2 0 0 0 0 0 0 0 0 2 1
+2 * 2
+7 * 2 2 0 2 2 0 1 2
+4 * 2
+3 * 2 0 0 0 0 0 0 0 0 0 0 2 2
0xf2918 +8 1 0 0 1 0 0 1
+7 * 1 1
+17 -6 1 0 0 1
+7 * 1 1

fn=(1614) std::__basic_file<char>::xsputn(char const*, long)
0xf2bc0 356 1 0 0 1 0 0 1
+4 * 1 0 1
+1 * 1
+3 * 1 0 1
+2 * 1 0 1
+2 * 1
+3 * 1 0 1
+2 * 1
+3 * 1 0 1
+1 132 1
+3 360 1 1 1 0 0 0 0 0 0 0 0 1 1
cfn=(1144)
calls=1 0xf2ae0 -51 
* * 10 5 0 0 0 0 0 0 0 2 0 1
+6 * 1
+3 141 1
+3 * 1
+3 * 1
+3 * 1 1 1 0 1 0 0 0 0 0 0 1 1
cob=(2)
cfi=(366) /usr/src/debug/glibc/glibc/io/../sysdeps/unix/sysv/linux/write.c
cfn=(1616) write
calls=1 0x10e520 25 
* * 37 13 7 1 0 0 1 0 0 2
+6 +1 1
+4 * 1 0 0 0 0 0 0 0 0 1
+2 +6 1
+3 * 1 0 0 0 0 0 0 0 0 1
+39 362 1 1
+1 * 1
+3 * 1 1
+2 * 1 1
+2 * 1 1
+2 * 1 1
+1 * 1 1

fl=(278)
fn=(1216)
0xcd8f0 444 704 0 704 1 0 0 1
+1 * 704
+3 * 704
fi=(311)
+3 259 704
fe=(278)
+4 444 704
+3 * 704 0 0 1 0 0 1
fi=(311)
+4 1165 704 704
+4 239 704 704
+3 +41 704
+3 * 704 0 0 0 0 0 0 0 0 704 3
+2 1279 703 703
fe=(278)
+4 447 703
+4 +2 703
+3 * 703 0 0 0 0 0 0 0 0 703 2
-7 -2 1
+4 +2 1
+3 * 1 0 0 0 0 0 0 0 0 1 1
+2 +2 703
+3 * 703 0 0 0 0 0 0 0 0 703 1
+2 +1 703
fi=(311)
+3 -2 703
+4 * 703 0 0 0 0 0 0 0 0 703 4
+2 * 703 0 703
fi=(304)
+4 -21 703
+3 * 703 0 703
+4 * 703 703 703 0 0 0 0 0 0 0 0 703 1
cob=(2)
cfi=(282) /usr/src/debug/glibc/glibc/string/../sysdeps/x86_64/multiarch/memmove-vec-unaligned-erms.S
cfn=(1038) __memcpy_avx_unaligned_erms
calls=703 0x16dd80 255 
* * 167438 52156 50131 2 0 0 0 0 0 16395 978
fi=(311)
+6 239 703 703
+4 454 703 703
+4 239 703 703
+3 -5 703 0 703
fi=(304)
+4 352 703 0 703
fe=(278)
+5 459 703 703
+1 * 703 703
+1 * 1 0 1 1 0 0 1
+4 -4 1
+3 * 1
+3 * 1
+2 * 1 0 1
+4 * 1 1 1 0 0 0 0 0 0 0 0 1 1
cfn=(1220) std::__cxx11::basic_string<char, std::char_traits<char>, std::allocator<char> >::_M_mutate(unsigned long, unsigned long, char const*, unsigned long)
calls=1 0x165530 -99 
* * 568 154 131 13 4 49 13 0 49 64 23 4 2
fi=(311)
+6 239 1 1
+4 * 1 1
+4 * 1 1
+3 -5 1 0 1
fi=(304)
+4 352 1 0 1
fe=(278)
+5 459 1 1
+1 * 1 1
fi=(311)
+5 1279 1 0 0 1 0 0 1
+5 * 1
fe=(278)

fn=(1022) std::__cxx11::basic_string<char, std::char_traits<char>, std::allocator<char> >::_M_create(unsigned long&, unsigned long)
0x1650b0 143 515 0 0 2 0 0 1
+4 +5 515
+10 * 515 515 0 1 0 0 1
+3 * 515
+3 * 515 0 0 0 0 0 0 0 0 515
+2 +16 515
+4 -10 515
+3 * 515 0 0 0 0 0 0 0 0 515 1
+2 * 515
+3 * 515
+3 * 515 0 0 0 0 0 0 0 0 515 5
fi=(279)
+20 -3 515 515 0 0 1 0 0 0 0 0 0 515 1
cfi=(280)
cfn=(1026)
calls=515 0xb26a0 43 
* * 177714 31315 22160 567 7 15 29 0 14 35463 2114 515 1
fe=(278)

fn=(1220)
0x165530 356 1 0 0 1 0 0 1
+4 * 1 0 1
+1 +6 1
+3 * 1
+3 -6 1
+3 * 1 0 1
+2 * 1 0 0 1 0 0 1
+3 * 1 0 1
+2 * 1
+3 * 1 0 1
+2 * 1 0 1
+2 * 1 0 1
+1 * 1
+4 * 1 0 1
fi=(311)
+4 1165 1 1
+9 * 1 0 1
+4 * 1 1
fe=(278)
+4 362 1
+3 * 1 0 1
fi=(311)
+4 257 1
+4 * 1 0 1
+4 +23 1 1
+3 * 1 0 0 0 0 0 0 0 0 1 1
+10 1279 1 0 0 1 0 0 1
+4 * 1 0 1
fe=(278)
+4 363 1
+4 * 1
+3 -3 1
+3 +3 1
+3 * 1 1 1 0 1 0 0 0 0 0 0 1 1
cfn=(1022)
calls=1 0x1650b0 143 
* * 185 33 18 0 1 1 0 0 1 26 8 2
+6 +2 1
+3 * 1 1
+4 -2 1
+3 +2 1 0 0 0 0 0 0 0 0 1 1
+35 +2 1 1 0 1 0 0 1
+5 * 1 0 0 0 0 0 0 0 0 1
+2 * 1
+3 * 1 0 0 0 0 0 0 0 0 1
+2 +1 1
fi=(311)
+5 +82 1
+4 * 1 0 0 0 0 0 0 0 0 1
fi=(304)
+6 -21 1 0 1
+4 * 1
+3 * 1 1
+4 * 1 1 1 0 0 0 0 0 0 0 0 1 1
cob=(2)
cfi=(282)
cfn=(1038)
calls=1 0x16dd80 255 
* * 315 100 97 6 2 48 6 0 48 30 11
+6 * 1 1
+4 * 1
fe=(278)
+6 -60 1 0 0 1 0 0 1
+3 * 1 0 0 0 0 0 0 0 0 1 1
fi=(311)
+30 239 1 1
+3 +41 1 1
+4 * 1 0 0 0 0 0 0 0 0 1 1
+8 -14 1 1
+4 -37 1 0 1
+3 +37 1 0 1
fe=(278)
+4 376 1 1
+4 * 1 1 0 1 0 0 1
+9 * 1 0 0 0 0 0 0 0 0 1
+2 * 1
+4 * 1 1
+1 * 1 1
+2 * 1 1
+2 * 1 1
+2 * 1 1
+2 * 1 1
+1 * 1 1
fi=(311)
+56 1279 1 0 0 1 0 0 1
+5 * 1
fe=(278)

fl=(311)
fn=(1442) std::__cxx11::basic_string<char, std::char_traits<char>, std::allocator<char> >::_M_dispose()
0x165110 296 2 0 0 1 0 0 1
+4 -57 2 2 0 0 2
+3 +18 2
+4 +23 2
+3 * 2 0 0 0 0 0 0 0 0 2
fi=(279)
+2 172 2
+3 * 2 2 0 0 0 0 0 0 0 0 0 2 1
cfi=(330)
cfn=(1330)
calls=2 0xb0620 48 
* * 72 20 8 0 4 0 0 0 0 14 1 2
fe=(311)

fl=(286)
fn=(1400) std::basic_filebuf<char, std::char_traits<char> >::close()
0x129bd0 253 3 0 0 2 0 0 1
+4 * 3 0 3
+1 * 3
+3 * 3 0 3
+2 * 3 0 3
fi=(296) /usr/src/debug/gcc/gcc-build/x86_64-pc-linux-gnu/libstdc++-v3/include/fstream
+2 +26 3
fe=(286)
+4 -26 3 0 3
+1 * 3
+4 * 3 3
+9 * 3 0 3
+4 * 3
fi=(296)
+3 +26 3
+3 * 3 3 3 0 2 0 0 0 0 0 0 3 1
cfi=(287)
cfn=(1070)
calls=3 0xf2950 +25 
* * 12 6
fe=(286)
+6 -23 3
+2 * 3 0 0 2 0 0 1 0 0 3 1
+6 +9 2 0 2
+4 +15 2
+3 * 2 2 2 0 2 0 0 0 0 0 0 2 1
cfn=(1402) std::basic_filebuf<char, std::char_traits<char> >::_M_terminate_output()
calls=2 0x126790 952 
* * 245 88 49 11 3 0 9 0 0 26 11 8 7
+6 * 2
+3 -10 2
+3 -2 2 0 2
+7 +1 2 0 2
+7 +1 2 2 2 0 2 0 0 0 0 0 0 2 1
cfn=(1404) std::basic_filebuf<char, std::char_traits<char> >::_M_destroy_internal_buffer()
calls=2 0x1264b0 68 
* * 298 76 52 9 9 0 2 0 0 48 8 6 1
+6 +1 2
fi=(300)
+2 567 2 0 2
fe=(286)
+8 290 2
fi=(296)
+3 511 2 2 0 2 0 0 1
fe=(286)
+8 271 2 0 2
+7 +3 2 2
fi=(300)
+4 520 2
+4 +2 2 0 2
+5 +44 2
+4 -46 2
fe=(286)
+4 274 2 0 2
+7 * 2 0 2
fi=(300)
+7 520 2 0 2
+4 +46 2 0 2
fe=(286)
+4 290 2 2 2 0 2 0 0 0 0 0 0 2 2
cfi=(287)
cfn=(1406)
calls=2 0xf2b00 +28 
* * 736 218 130 74 30 2 38 0 0 114 36 10 6
+6 +3 2
+4 * 2 0 0 0 0 0 0 0 0 2 2
+2 * 2 0 0 2 0 0 1
+3 * 2 0 0 0 0 0 0 0 0 2
+2 +4 3 3
+4 * 3 3
+9 * 3 0 0 0 0 0 0 0 0 3
+2 * 3
+4 * 3
+3 * 3 3
+1 * 3 3
+2 * 3 3
+2 * 3 3
+1 * 3 3
+7 -40 1
+2 * 1

fn=(1580) std::basic_filebuf<char, std::char_traits<char> >::overflow(int)
0x1269e0 545 2 0 0 1 0 0 1
+4 * 2 0 2
+1 * 2
+3 * 2 0 2
+2 * 2 0 2
+1 * 2
+4 * 2 2
+9 * 2 0 2
+4 * 2
+2 +6 2 2 0 1 0 0 1
+4 * 2 0 0 0 0 0 0 0 0 2
+6 * 2
+3 * 2
+3 +3 2 2
+7 * 2 0 0 0 0 0 0 0 0 2 2
fi=(300)
0x126a95 -16 2 2 0 1 0 0 1
+4 +3 2 2
fe=(286)
+4 +21 2
+3 * 2 0 0 0 0 0 0 0 0 2 1
+6 +3 1
+4 * 1 0 0 0 0 0 0 0 0 1 1
+21 +8 1 0 0 1 0 0 1
+3 * 1
+3 * 1 1 1 0 1 0 0 0 0 0 0 1 1
cfn=(1610) std::basic_filebuf<char, std::char_traits<char> >::_M_convert_to_external(char*, long)
calls=1 0x126530 +37 
* * 115 41 23 5 2 0 5 0 0 9 1 5 4
+6 * 1
+2 * 1 0 0 0 0 0 0 0 0 1 1
fi=(296)
+6 -62 1 1
+8 -5 1 1
+4 * 1
fi=(300)
+4 +16 1 0 1
+5 * 1
+4 -2 1 0 1
fi=(296)
+4 -14 1 0 0 0 0 0 0 0 0 1 1
+2 +7 1 1
+7 * 1
+4 * 1 0 0 0 0 0 0 0 0 1
+2 +1 1
+5 * 1
fi=(300)
+5 +53 1 0 1
+4 -1 1 0 1
+5 * 1 0 1
fi=(304)
+5 465 1
+4 * 1 0 0 0 0 0 0 0 0 1 1
+2 * 1 0 0 1 0 0 1
fe=(286)
+3 606 1 1
+4 * 1 1
+9 * 1 0 0 0 0 0 0 0 0 1
-13 * 1 1
+4 * 1 1
+9 * 1 0 0 0 0 0 0 0 0 1
+6 * 2
+4 * 2 2
+1 * 2 2
+2 * 2 2
+1 * 2 2
+5 -26 1 1 0 1 0 0 1
+7 * 1
+4 * 1 0 0 0 0 0 0 0 0 1 1
fi=(304)
+19 465 1
+2 * 1
fi=(296)
+16 +46 1 1
+8 * 1
+4 * 1
+4 * 1 0 0 1 0 0 1
+4 -5 1 1
+4 * 1 0 0 0 0 0 0 0 0 1
+2 +8 1
+5 * 1
+5 * 1
fi=(300)
+5 +6 1
fe=(286)
+4 +66 1 0 1
fi=(300)
+7 -66 1 0 1
+4 * 1
+4 * 1
+4 * 1 0 1
+4 * 1 0 1
fe=(286)
+4 +67 1
+4 * 1 0 0 0 0 0 0 0 0 1
fi=(304)
+2 446 1 0 0 1 0 0 1
+5 * 1 0 1
fi=(300)
+3 554 1 0 1
fi=(304)
+5 -89 1
fe=(286)

fn=(1404)
0x1264b0 68 2
+4 * 2 0 2
+1 * 2
+3 * 2 0 2
+1 * 2
+3 * 2
+4 +3 2 2 0 2 0 0 1
+7 * 2 0 0 0 0 0 0 0 0 2
+2 +2 2 2
+7 * 2
+3 * 2 0 0 0 0 0 0 0 0 2
+2 * 2 2 2 0 0 0 0 0 0 0 0 2 1
cfi=(335)
cfn=(1362)
calls=2 0xb0650 -39 
* * 250 62 36 6 9 0 0 0 0 42 6 4
+6 +1 2 0 2
+11 +1 2 0 2
+7 +2 2 2
+7 * 2
+3 * 2 0 0 0 0 0 0 0 0 2 2
+8 +1 2 0 2 1 0 0 1
+11 +2 2
+4 -1 2 0 2
+11 +1 2 0 2
+7 +2 2 2
+4 * 2 2
+1 * 2 2

fn=(1058) std::basic_filebuf<char, std::char_traits<char> >::basic_filebuf()
0x125e80 85 2 0 0 2 0 0 1
+4 * 2 0 2
+1 * 2
+3 * 2 0 2
+1 * 2
fi=(300)
+3 475 2
fe=(286)
+4 85 2
fi=(300)
+4 475 2 2 0 0 1
+7 -1 2 0 2 0 0 1
+8 +1 2
+4 * 2
+5 * 2 0 2
+4 * 2
+4 * 2 0 2
+4 * 2 0 2
+4 * 2 2 2 2 0 0 1 0 0 0 0 2 1
cfi=(206)
cfn=(714)
calls=2 0xe1ba0 269 
* * 52 20 12 0 0 0 0 0 0 6 1
fe=(286)
+6 92 2 2 0 0 1
+7 -6 2
+4 * 2
+4 * 2 0 2 0 0 1
+4 * 2
+4 +6 2
+4 -6 2 0 2
+4 +6 2 0 2
+3 -6 2 0 2
+8 * 2 2 2 0 1 0 0 0 0 0 0 2 1
cfi=(287)
cfn=(1060)
calls=2 0xf2940 207 
* * 8 2 4 1 0 0 1
+6 +4 2
+4 -3 2 0 2
fi=(245) /usr/src/debug/gcc/gcc-build/x86_64-pc-linux-gnu/libstdc++-v3/include/bits/locale_classes.tcc
+8 +32 2 2 0 2 1 0 1
fe=(286)
+7 -32 2 0 2
+11 * 2 0 2 0 0 1
+11 +1 2 0 2
+10 * 2 0 2
+11 * 2 0 2
+11 +1 2 0 2 2 0 0 1
+10 +1 2 0 2
+7 +1 2 0 2
+11 -1 2 0 2
+7 +1 2 0 2
+7 * 2 0 2
fi=(245)
+7 +28 2 2 2 0 0 0 0 0 0 0 0 2 1
cfi=(207)
cfn=(748)
calls=2 0xc8910 507 
* * 12 4 0 0 1 0 0 0 0 2 2
+6 * 2
+3 +1 2 2
+4 +11 2 2
fe=(286)
+4 -37 2 2 0 2 0 0 1
+4 * 2 0 2
+7 +1 2 2
+4 * 2 2
+1 * 2 2

fn=(1134)
0x1249b0 327 194 0 0 1 0 0 1
+4 * 194 0 194
+1 * 194
+3 * 194 0 194
+2 * 194 0 194
+2 * 194 0 194
+2 * 194 0 194
+1 * 194 0 0 1 0 0 1
+4 * 194 194
+9 * 194 0 194
+4 * 194
+2 +5 194 194 0 0 1
+4 * 194 0 0 0 0 0 0 0 0 194
+6 * 194
+3 +2 194 194 0 0 1
+7 * 194 0 0 0 0 0 0 0 0 194
fi=(300)
+6 494 194 194
fi=(296)
+4 230 194 194 0 0 7
+7 * 194 0 0 0 0 0 0 0 0 194
fi=(300)
+6 497 194 194 0 2 0 0 1
fe=(286)
+4 346 194
+3 * 194 0 0 0 0 0 0 0 0 194
+6 +4 194 194
+7 * 194
+6 +7 194 194
+7 -7 194
+3 * 194
+4 * 194
fi=(239)
+4 51 194
+3 * 194 0 0 0 0 0 0 0 0 194
fi=(234)
+6 219 194 194 0 0 132
+3 * 194 194 194 0 1 0 0 0 0 0 0 194 1
cfi=(215)
cfn=(1140)
calls=194 0xc2c80 100 
* * 582 194 0 194 0 0 1
fe=(286)
+3 357 194
+2 * 194 0 0 0 0 0 0 0 0 194
0x124c23 -27 1 0 0 1 0 0 1
+5 * 1
fi=(304)
0x124cc4 452 193 193 0 193 0 0 1
fe=(286)
+3 +30 193 193
+4 * 193 193
+9 * 193 0 0 0 0 0 0 0 0 193
-13 * 1 1 0 1
+4 * 1 1
+9 * 1 0 0 0 0 0 0 0 0 1
+6 * 194
+4 * 194 194
+1 * 194 194
+2 * 194 194
+2 * 194 194
+2 * 194 194
+1 * 194 194
0x124de0 359 194 0 0 2 0 0 1
+3 * 194 194
+4 * 194
+4 * 194 194 194 0 1 0 0 0 0 0 0 194 1
cfi=(287)
cfn=(1142)
calls=194 0xf2b60 -25 
* * 14356 5044 2716 390 11 0 4 0 0 970 1 582 3
+6 * 194
+3 +2 194
+3 * 194 0 0 0 0 0 0 0 0 194 1
+6 +94 193 0 0 2 0 0 1 0 0 193
fi=(296)
+6 +54 193 193
fi=(300)
+7 +58 193 0 193
fe=(286)
+8 458 193 0 193
fi=(296)
+7 +51 193
+3 * 193
+5 * 193 193
+4 * 193
+4 * 193
fi=(300)
+4 +11 193 0 193
+4 +46 193
+4 -44 193 0 193
+4 +44 193 0 193
+4 * 193 0 0 2 0 0 1
fi=(296)
0x124ea8 -55 1 1 0 1 0 0 1
fi=(300)
+8 +56 1 0 1
fe=(286)
+8 467 1 0 1
fi=(300)
+7 +53 1 0 0 1 0 0 1
+4 +2 1 0 1
+5 +44 1
+4 -46 1
+4 +46 1 0 1
+4 -46 1 0 1
+4 * 1
fe=(286)

fn=(1402)
0x126790 952 2 0 0 2 0 0 1
+4 * 2 0 2
+1 * 2
+3 * 2 0 2
+2 * 2 0 2
+2 * 2 0 2
+2 * 2 0 2
+2 * 2
+6 * 2 0 2
+1 * 2
+7 +5 2 2
+4 -5 2 2
+9 * 2 0 2
+4 * 2 0 0 2 0 0 1
+3 +5 2 2
+4 * 2 0 0 0 0 0 0 0 0 2 2
+2 +2 1 1
+4 * 1
+5 * 1
+3 * 1 1 1 0 0 0 0 0 0 0 0 1 1
cfn=(1580)
calls=1 0x1269e0 545 
* * 168 56 33 6 3 0 6 0 0 18 6 6 5
+3 +1 1
+3 * 1
+4 +6 1 1
+8 * 1 0 0 0 0 0 0 0 0 1 1
-8 * 1 1
+8 * 1 0 0 0 0 0 0 0 0 1 1
+2 -1 1 1
fi=(239)
+7 51 1
+3 * 1 0 0 0 0 0 0 0 0 1
fi=(234)
+6 219 1 1
+3 * 1 1 1 0 0 0 0 0 0 0 0 1 1
cfi=(215)
cfn=(1140)
calls=1 0xc2c80 100 
* * 3 1
+3 * 1
fe=(286)
+2 965 1
+2 * 1 0 0 0 0 0 0 0 0 1
+2 +44 2 2 0 1 0 0 1
+4 * 2 2
+9 * 2 0 0 0 0 0 0 0 0 2 1
+6 * 2
+7 * 2
+3 * 2 2
+1 * 2 2
+2 * 2 2
+2 * 2 2
+2 * 2 2
+2 * 2 2
+1 * 2 2

fn=(1568) std::basic_filebuf<char, std::char_traits<char> >::xsputn(char const*, long)
0x125640 759 261632 0 0 1 0 0 1
+4 * 261632 0 261632
+1 * 261632
+3 * 261632 0 261632
+2 * 261632 0 261632
+2 * 261632 0 261632
+1 * 261632
+3 * 261632
+4 +8 261632 261632
+4 +1 261632 261632
+7 -1 261632
fi=(239)
+4 51 261632
+3 * 261632 0 0 0 0 0 0 0 0 261632
fi=(234)
+6 219 261632 261632
+3 * 261632 0 261632
+4 -1 261632
+3 +1 261632 261632 261632 0 1 0 0 0 0 0 0 261632 1
cfi=(215)
cfn=(1140)
calls=261632 0xc2c80 100 
* * 784896 261632 0 1
fe=(286)
+3 769 261632 261632
+4 * 261632
+2 * 261632 0 0 1 0 0 1 0 0 261632
+2 * 261632
+3 * 261632 0 0 0 0 0 0 0 0 261632
+2 * 261632 261632
+7 * 261632 0 0 0 0 0 0 0 0 261632
fi=(300)
+2 541 261632 261632
fe=(286)
+4 771 261632 261632
+4 * 261632
+3 +3 261632 261632
+7 * 261632 0 0 0 0 0 0 0 0 261632 4
+2 * 1 1
+7 +1 1
+4 * 1
+4 * 1
+4 +2 1
+3 * 1 0 0 0 0 0 0 0 0 1 1
-3 * 261631
+3 * 261631 0 0 0 0 0 0 0 0 261631 328
fi=(300)
+2 538 328 328
fe=(286)
+4 781 328 0 0 1 0 0 1
+3 * 328
+3 * 328
+4 -2 328
+3 +2 328
+3 -2 328
+3 +2 328 328 328 0 1 0 0 0 0 0 0 328 1
cfi=(287)
cfn=(1604)
calls=328 0xf2c30 367 
* * 31816 10168 7544 7 2 0 5 0 0 2296 3 984 2
+6 +3 328
+3 -3 328
+3 +3 328
+3 * 328 0 0 0 0 0 0 0 0 328 2
+2 +6 328
+3 * 328
+3 * 328
+3 * 328
+5 * 328
+4 +10 328
+4 * 328 328
+1 * 328 328
+2 * 328 328
+2 * 328 328
+1 * 328 328
+1 * 261304 0 0 1 0 0 1
+4 -2 261304
+3 * 261304
+3 +2 261304 261304
+1 * 261304 261304
+2 * 261304 261304
+2 * 261304 261304
+1 -2 261304 261304 0 0 1 0 0 0 0 0 0 261304 1
cfi=(363) /usr/src/debug/gcc/gcc-build/x86_64-pc-linux-gnu/libstdc++-v3/include/bits/streambuf.tcc
cfn=(1574) std::basic_streambuf<char, std::char_traits<char> >::xsputn(char const*, long)
calls=261304 0x163c90 84 
* * 14503217 3266168 2482247 10 2 127 10 1 0 2091058 266096 261305 2
fi=(296)
+16 511 328 328
+8 -5 328 328
+4 * 328
fi=(300)
+4 +16 328 0 328
+5 * 328
+4 -2 328 0 328
fi=(296)
+4 -14 328 0 0 0 0 0 0 0 0 328
+2 +7 328 328 0 1 0 0 1
+7 * 328
+4 * 328 0 0 0 0 0 0 0 0 328
+2 +1 328
+5 * 328
fi=(300)
+5 +53 328 0 328
fe=(286)
+4 787 328 0 328
fi=(300)
+7 566 328 0 328
+5 * 328 0 328
+5 * 328
fe=(286)

fn=(1110) std::basic_filebuf<char, std::char_traits<char> >::_M_allocate_internal_buffer()
0x126460 54 2 0 0 1 0 0 1
+4 +5 2 2
+7 * 2 0 0 0 0 0 0 0 0 2
+2 * 2 2
+8 * 2 0 0 0 0 0 0 0 0 2 2
+11 -5 2 0 2 1 0 0 1
+1 * 2
+3 * 2
+3 * 2
+4 +7 2 2
+7 * 2 0 2
+4 * 2 2 2 0 1 0 0 0 0 0 0 2 2
cfi=(297) /usr/src/debug/gcc/gcc/libstdc++-v3/libsupc++/new_opv.cc
cfn=(1112) operator new[](unsigned long)
calls=2 0xb2710 -30 
* * 372 81 44 5 8 1 4 0 1 57 12 4 1
+6 * 2 2
+4 * 2 0 2
+7 +1 2 0 2
+7 +2 2 2
+1 * 2 2

fn=(1068) std::basic_filebuf<char, std::char_traits<char> >::open(char const*, std::_Ios_Openmode)
0x12a820 183 2 0 0 2 0 0 1
+4 * 2 0 2
+1 * 2
+3 * 2 0 2
+2 * 2
+3 * 2 0 2
+2 * 2
+3 * 2 0 2
+2 * 2 0 2
+1 * 2
fi=(296)
+3 +96 2
+4 * 2 2 2 2 2 0 1 0 0 0 0 2 1
cfi=(287)
cfn=(1070)
calls=2 0xf2950 +25 
* * 8 4
fe=(286)
+6 -92 2
+2 * 2 0 0 0 0 0 0 0 0 2
+6 +2 2
+4 * 2
+5 * 2
+3 * 2
+3 * 2 2 2 0 2 0 0 0 0 0 0 2 1
cfi=(287)
cfn=(1072)
calls=2 0xf2a70 +66 
* * 1220 275 261 93 20 22 53 6 7 131 44 10 7
fi=(296)
+6 +90 2
+4 * 2 2 2 0 0 0 0 0 0 0 0 2 1
cfi=(287)
cfn=(1070)
calls=2 0xf2950 +25 
* * 8 4
fe=(286)
+6 -89 2
+2 * 2 0 0 0 0 0 0 0 0 2
+6 +2 2
+3 * 2 2 2 0 1 0 0 0 0 0 0 2 2
cfn=(1110)
calls=2 0x126460 54 
* * 406 95 54 7 9 1 6 0 1 61 14 6 3
+6 +4 2
fi=(296)
+2 511 2 2 0 2 0 0 1
fe=(286)
+8 193 2 0 2
+4 +3 2 0 2
+7 +5 2 2
fi=(300)
+4 520 2
+4 +2 2 0 2
+5 +44 2
+4 -46 2
+4 +47 2 0 2
fe=(286)
+8 201 2 0 2
+7 * 2 0 2
fi=(300)
+7 520 2 0 2
+4 +46 2 0 2 2 0 0 1
fe=(286)
+4 205 2
+4 * 2 0 0 0 0 0 0 0 0 2 2
+27 +4 2
+3 +4 2 2
+1 * 2 2
+2 * 2 2
+2 * 2 2
+2 * 2 2
+1 * 2 2

fn=(1610)
0x126530 610 1
+4 * 1 0 1
+1 * 1
+3 * 1 0 1
+2 * 1 0 1
+2 * 1 0 1
+2 * 1 0 1
+2 * 1 0 1 1 0 0 1
+1 * 1
+4 * 1 1
+9 * 1 0 1
+4 * 1
+3 +6 1 1
fi=(239)
+7 51 1
+3 * 1 0 0 0 0 0 0 0 0 1
fi=(234)
+6 219 1 1
+3 * 1
+3 * 1
+3 * 1 1 1 0 0 0 0 0 0 0 0 1 1
cfi=(215)
cfn=(1140)
calls=1 0xc2c80 100 
* * 3 1
fe=(286)
+3 616 1
+2 * 1 0 0 0 0 0 0 0 0 1 1
0x12661c +30 1 0 0 1 0 0 1
+4 * 1
+3 * 1
+3 * 1 1 1 0 1 0 0 0 0 0 0 1 1
cfi=(287)
cfn=(1614)
calls=1 0xf2bc0 356 
* * 74 26 14 2 1 0 2 0 0 6 0 3 2
+6 +22 1
+3 * 1
+3 +1 1 1
+4 * 1 1
+9 * 1 0 0 1 0 0 1 0 0 1
+6 * 1
+4 * 1 1
+1 * 1 1
+2 * 1 1
+2 * 1 1
+2 * 1 1
+2 * 1 1
+1 * 1 1

fl=(306)
fn=(1164) std::__use_cache<std::__numpunct_cache<char> >::operator()(std::locale const&) const [clone .isra.0]
0x140c30 57 392961 0 392961 2 0 0 1
+1 * 392961
+3 * 392961 0 392961
+2 * 392961 0 392961
+2 * 392961 0 392961
+2 * 392961
+3 +2 392961 392961 0 3 1 0 1
+7 -2 392961 0 392961
+1 +2 392961 392961 392961 0 0 0 0 0 0 0 0 392961
cfi=(207)
cfn=(748)
calls=392961 0xc8910 507 
* * 2357766 785922 0 0 0 0 0 0 0 392961 6
+6 * 392961
+3 +1 392961 392961
+4 +1 392961 392961
+4 * 392961
+4 * 392961 392961 0 0 1
+4 * 392961
+3 * 392961 0 0 0 0 0 0 0 0 392961
+2 +16 392961 392961
+1 * 392961 392961
+2 * 392961 392961
+2 * 392961 392961
+2 * 392961 392961
+1 * 392961 392961

fn=(1516) std::ostreambuf_iterator<char, std::char_traits<char> > std::num_put<char, std::ostreambuf_iterator<char, std::char_traits<char> > >::_M_insert_float<double>(std::ostreambuf_iterator<char, std::char_traits<char> >, std::ios_base&, char, char, double) const
0x1412e0 999 130816 0 0 1 0 0 1
+4 * 130816 0 130816
+1 * 130816
+3 * 130816 0 130816
+2 * 130816
+3 * 130816 0 130816
+2 * 130816 0 130816
+2 * 130816 0 130816
+2 * 130816
+3 * 130816 0 130816
+1 * 130816
+3 * 130816
+4 * 130816 0 130816 1 0 0 1
+4 * 130816 0 130816
+7 * 130816 0 130816
+7 * 130816 0 130816
fi=(241)
+5 853 130816 130816
+9 * 130816 0 130816
+4 * 130816
fe=(306)
+7 1006 130816 0 130816
cfn=(1164)
calls=130816 0x140c30 57 
* * 3662848 1700608 784896 2 2 0 0 0 0 261632 3 130816
fi=(241)
+5 766 130816 130816
fe=(306)
+4 1018 130816
+4 * 130816
+3 -12 130816
+3 +3 130816 0 0 1 0 0 1
+5 * 130816
+3 * 130816
+4 +9 130816
+4 * 130816 0 130816
+4 * 130816
+3 * 130816 130816 130816 0 0 0 0 0 0 0 0 130816 1
cfi=(348)
cfn=(1520)
calls=130816 0xc9200 64 
* * 4186112 261632 523264 4 0 0 4 0 0 784896 6
fi=(241)
+6 87 130816 130816
fe=(306)
+3 1028 130816
fi=(241)
+3 87 130816
fe=(306)
+5 1028 130816
+3 * 130816 0 0 0 0 0 0 0 0 130816 2
+23 * 130816 0 0 1 0 0 1
+4 * 130816 0 130816
+6 * 130816
+5 * 130816
+4 * 130816 0 130816
+4 +1 130816
+5 * 130816 0 0 0 0 0 0 0 0 130816
+6 +1 130816 130816 130816 0 1 0 0 0 0 0 0 130816 1
cfi=(207)
cfn=(726)
calls=130816 0xc8390 221 
* * 2354688 784896 261632 2 2 0 0 0 0 261632 0 130816
+6 * 130816 130816
+5 * 130816
+3 * 130816
+3 * 130816 0 130816
+4 * 130816
+4 * 130816 130816
+4 * 130816 0 0 1 0 0 1
+5 * 130816 0 130816
+7 * 130816
+3 * 130816
+5 * 130816 0 130816
cfi=(349) /usr/src/debug/gcc/gcc-build/x86_64-pc-linux-gnu/libstdc++-v3/include/x86_64-pc-linux-gnu/bits/c++locale.h
cfn=(1524) std::__convert_from_v(__locale_struct* const&, char*, int, char const*, ...)
calls=130816 0x107db0 78 
* * 322095742 75024078 48956613 137 29 18 129 14 0 47794696 974913 1177344 7
+6 * 130816 0 130816
+3 +7 130816
+3 * 130816 0 0 0 0 0 0 0 0 130816 2
fi=(245)
0x141470 119 130816 130816 0 1 0 0 1
+7 * 130816 130816 130816 0 0 0 0 0 0 0 0 130816 1
cfi=(207)
cfn=(748)
calls=130816 0xc8910 507 
* * 784896 261632 0 0 0 0 0 0 0 130816
+6 * 130816
+3 +1 130816 130816 0 1 0 0 1
+7 +8 130816 130816
+4 * 130816 130816
+4 228 130816
+3 * 130816 0 0 0 0 0 0 0 0 130816
fe=(306)
+6 1071 130816 130816
+4 * 130816
+3 * 130816
+4 * 130816
+3 * 130816
+3 * 130816
+7 * 130816
+3 * 130816
+3 * 130816 0 0 0 0 0 0 0 0 130816 2
+23 * 130816 0 0 1 0 0 1
+5 * 130816
+3 * 130816
+3 * 130816 0 0 0 0 0 0 0 0 130816
+6 +2 130816 130816
+4 -2 130816
+5 * 130816
+4 +2 130816
fi=(216)
+4 911 130816 130816
fe=(306)
+4 1071 130816 0 130816
fi=(216)
+4 911 130816
+2 * 130816 0 0 0 0 0 0 0 0 130816 2
fi=(304)
+71 399 130816 0 130816 1 0 0 1
+3 +6 130816 130816
+4 * 130816
+3 * 130816
+5 * 130816 130816 130816 0 1 0 0 0 0 0 0 130816 1
cob=(2)
cfi=(316)
cfn=(1214)
calls=130816 0x16d380 61 
* * 2485504 261632 0 2 0 0 0 0 0 523264 4
fe=(306)
+6 1078 130816 130816
+3 * 130816
fi=(304)
+3 405 130816
fe=(306)
+3 1078 130816 0 0 0 0 0 0 0 0 130816
+6 +3 130816 130816 0 0 1
+5 -1 130816 130816
+4 * 130816
+3 +1 130816 0 130816
+3 +6 130816 130816 0 0 1
+5 * 130816 0 0 0 0 0 0 0 0 130816 2
0x1417a3 +27 130816 130816 0 1 0 0 1
fi=(241)
+4 790 130816 130816
fe=(306)
+4 1114 130816
+3 * 130816
+3 * 130816 0 0 0 0 0 0 0 0 130816
fi=(241)
+6 801 130816 130816
+4 * 130816 0 130816 1 0 0 1
+8 +1 130816
fi=(307)
+2 329 130816
+2 * 130816 0 0 0 0 0 0 0 0 130816
fi=(300)
+2 460 130816 130816
+4 * 130816 130816
+4 * 130816
+3 * 130816
+3 * 130816 130816 130816 0 0 0 0 0 0 0 0 130816 1
cfi=(286)
cfn=(1568)
calls=130816 0x125640 759 
* * 12451625 3670137 2099387 23 6 119 20 0 0 1571074 130841 393081 7
fi=(307)
+3 331 130816
+3 * 130816
+5 * 130816
+3 * 130816
+3 * 130816
fe=(306)
+3 1126 130816 130816
+4 * 130816 130816
+9 * 130816 0 0 0 0 0 0 0 0 130816
+6 * 130816 0 0 1 0 0 1
+4 * 130816 130816
+1 * 130816 130816
+2 * 130816 130816
+2 * 130816 130816
+2 * 130816 130816
+2 * 130816 130816
+1 * 130816 130816
fi=(216)
0x141880 913 130816 130816
+4 * 130816
+3 * 130816 0 0 0 0 0 0 0 0 130816
+2 +1 130816 0 130816
+3 * 130816
+3 * 130816
+3 * 130816
+3 * 130816 130816 130816 0 1 0 0 0 0 0 0 130816 1
cob=(2)
cfi=(282)
cfn=(1038)
calls=130816 0x16dd80 255 
* * 1438990 392448 261632 0 0 0 0 0 0 261639 13
fi=(304)
+6 399 130816 130816
+3 * 130816
fe=(306)
+10 1071 130816 0 130816 1 0 0 1
+6 * 130816

fn=(1270) std::num_get<char, std::istreambuf_iterator<char, std::char_traits<char> > >::_M_extract_float(std::istreambuf_iterator<char, std::char_traits<char> >, std::istreambuf_iterator<char, std::char_traits<char> >, std::ios_base&, std::_Ios_Iostate&, std::string&) const
0x148ae0 152 262144 0 0 1 0 0 1
+4 * 262144 0 262144
fi=(241)
+1 853 262144
fe=(306)
+7 152 262144
+3 * 262144 0 262144
+2 * 262144 0 262144
+2 * 262144 0 262144
+2 * 262144 0 262144
+2 * 262144 0 262144
+1 * 262144
+7 * 262144 262144 0 512 0 0 1
+4 * 262144 0 262144
+4 * 262144 0 262144
+4 * 262144 0 262144
+4 * 262144 0 262144
+4 * 262144 0 262144
+7 * 262144 262144
+9 * 262144 0 262144
+4 * 262144 262144
+4 +8 262144 0 262144
cfn=(1164)
calls=262144 0x140c30 57 
* * 7340032 3407872 1572864 1 0 0 0 0 0 524288 2 262144
fi=(307)
+5 +78 262144
fe=(306)
+4 -78 262144
fi=(307)
+3 +78 262144
+4 * 262144 0 262144 512 0 0 1
+7 * 262144 0 262144
+7 * 262144
+3 * 262144 0 262144
cfn=(1166) std::istreambuf_iterator<char, std::char_traits<char> >::equal(std::istreambuf_iterator<char, std::char_traits<char> > const&) const
calls=262144 0x1444f0 -37 
* * 7602176 2097152 262144 0 0 0 0 0 0 786432 2
fe=(306)
+6 -70 262144
+2 * 262144 0 0 0 0 0 0 0 0 262144 2
0x148be9 371 262144 0 262144 457 0 0 1
+4 +1 262144 262144
+7 -1 262144 0 262144
+4 * 262144 262144
+4 * 262144 262144
+4 +1 262144 262144 262144 1 0 0 1 0 0 0 0 262144 512
cfi=(308)
cfn=(1184)
calls=262144 0xe9c70 758 
* * 1572864 786432 0 194 0 0 0 0 0 262144
+6 * 262144 262144
+4 * 262144 262144
+9 * 262144 0 0 0 0 0 0 0 0 262144
+6 * 262144
+7 * 262144
+3 * 262144
+3 * 262144 262144
+1 * 262144 262144
+2 * 262144 262144
+2 * 262144 262144
+2 * 262144 262144
+2 * 262144 262144
+1 * 262144 262144
fi=(307)
+64 238 262144 262144 0 2 0 0 1
+3 -84 262144 262144
+7 +84 262144 262144
+4 * 262144 0 262144 194 0 0 1
+3 -84 262144 0 262144
cfn=(1170) std::istreambuf_iterator<char, std::char_traits<char> >::_M_get() const
calls=262144 0x111640 +52 
* * 3145728 1572864 0 0 0 0 0 0 0 786432 2
fe=(306)
+6 +17 262144 262144
fi=(307)
+6 -17 262144 262144
+4 * 262144
fi=(304)
+2 446 262144
fe=(306)
+3 173 262144 262144
fi=(307)
+6 -19 262144 262144
fe=(306)
+4 +19 262144
+2 -1 262144
+3 * 262144 0 0 0 0 0 0 0 0 262144
+6 * 262144 262144
+5 * 262144 0 0 0 0 0 0 0 0 262144
+6 +14 262144 0 262144
+4 * 262144
+3 -1 262144
+2 +1 262144 0 0 194 0 0 1
+3 * 262144
+2 * 262144
+3 * 262144
+3 * 262144 262144
+4 +3 262144
+2 * 262144 0 0 0 0 0 0 0 0 262144 2
+12 +1 524134 524134
+4 * 524134 0 0 0 0 0 0 0 0 524134 2
+6 +2 262144 262144
+4 * 262144 0 0 0 0 0 0 0 0 262144 154
+6 +2 261990
+3 * 261990 0 0 0 0 0 0 0 0 261990 2
fi=(307)
+2 -19 261990
fe=(306)
+3 +24 261990
fi=(307)
+3 -24 261990 0 261990
cfi=(300)
cfn=(1282) std::basic_streambuf<char, std::char_traits<char> >::sbumpc() [clone .isra.0]
calls=261990 0x13a630 494 
* * 1571940 785970 261990 17 0 0 2 0 0 261990
+5 +71 261990 0 261990 1 0 0 1
+4 * 261990 261990
+7 * 261990 0 261990
+7 * 261990 261990
+7 * 261990 0 261990
+4 * 261990 0 261990
+4 * 261990 0 261990
cfn=(1166)
calls=261990 0x1444f0 -45 
* * 7597710 2095920 261990 0 0 0 0 0 0 785970 2
fe=(306)
+6 -45 261990
+2 * 261990 0 0 0 0 0 0 0 0 261990
fi=(307)
+2 +45 261990 261990
+4 * 261990 261990
+4 -92 261990 261990
+7 * 261990 0 261990
cfn=(1170)
calls=261990 0x111640 +52 
* * 3143880 1571940 0 0 0 0 0 0 0 785970 2
+6 * 261990 261990
+4 * 261990 261990
fi=(304)
+4 446 261990
+5 * 261990
fe=(306)
+2 189 261990 261990
+5 * 261990
+2 * 261990
+2 * 261990 0 0 0 0 0 0 0 0 261990
fi=(308)
+8 1276 261990 261990 0 2 0 0 1
+4 * 261990
+5 * 261990 261990 261990 0 0 0 0 0 0 0 0 261990 1
cfn=(1276)
calls=261990 0x101a10 1437 
* * 9169650 3405870 2095920 3 0 0 3 0 0 1047960 4
+6 +1 261990
0x149326 961 262144 262144 0 1 0 0 1
fe=(306)
+4 359 262144 262144
+5 * 262144 0 0 0 0 0 0 0 0 262144 2
fi=(300)
0x14939e -25 262144 0 0 1 0 0 1
+4 * 262144 0 262144
fe=(306)
+7 186 262144 0 262144
+4 * 262144 0 262144
+7 * 262144
fi=(205)
+12 54 786586 786586
fi=(308)
+7 221 786586 786586
+3 * 786586 0 0 0 0 0 0 0 0 786586
+6 1440 786586 786586
+3 * 786586
+2 * 786586 0 0 0 0 0 0 0 0 786586 2
+6 * 786586
fi=(304)
+3 352 786586 0 786586
fi=(308)
+4 -22 786586 786586
fe=(306)
+3 226 786586 0 786586
fi=(308)
+4 338 786586
+4 -99 786586 786586
+4 * 786586 0 0 0 0 0 0 0 0 786586 4
fi=(300)
+6 494 1048730 1048730 0 1 0 0 1
+4 +3 1048730 1048730
+4 328 1048730 0 0 1 0 0 1
+3 * 1048730 0 0 0 0 0 0 0 0 1048730 1
+6 507 1048730
+4 * 1048730 0 1048730
+4 350 1048730
+3 * 1048730 0 0 0 0 0 0 0 0 1048730 512
fi=(307)
+6 209 1048218 1048218
+4 * 1048218
+4 * 1048218
+3 * 1048218
+3 * 1048218
+3 * 1048218
+3 * 1048218 0 0 0 0 0 0 0 0 1048218
fe=(306)
+6 +52 1048218
+3 * 1048218 0 0 0 0 0 0 0 0 1048218
fi=(307)
+6 -52 1048218
+3 * 1048218 0 0 0 0 0 0 0 0 1048218
fi=(300)
+2 494 1048218 1048218
+4 350 1048218 1048218
+4 * 1048218 0 0 0 0 0 0 0 0 1048218
fi=(304)
+6 452 1048218 1048218
fe=(306)
+4 220 1048218
fi=(216)
+6 2178 1048218
+4 * 1048218
+2 * 1048218 0 0 0 0 0 0 0 0 1048218 261940
-6 * 262144 0 0 1 0 0 1
+4 * 262144
+2 * 262144 0 0 0 0 0 0 0 0 262144 2
fi=(308)
+2 330 786586 786586
+3 961 786586 786586
+4 1439 786586
+4 +1 786586 786586
+4 * 786586 0 0 0 0 0 0 0 0 786586 2
fe=(306)
+63 228 523776 523776 0 1 0 0 1
+5 * 523776 0 0 0 0 0 0 0 0 523776 156
+6 +6 261632 261632 0 1 0 0 1
+8 * 261632 0 0 0 0 0 0 0 0 261632 1
+2 +1 261632 261632
+8 * 261632 0 0 0 0 0 0 0 0 261632 2
fi=(300)
0x1495f0 353 512 512 0 1 0 0 1
+3 * 512
+3 * 512 512 512 0 1 0 0 0 0 0 0 512 193
cfi=(319) /usr/src/debug/gcc/gcc-build/x86_64-pc-linux-gnu/libstdc++-v3/include/bits/sstream.tcc
cfn=(1344) std::__cxx11::basic_stringbuf<char, std::char_traits<char>, std::allocator<char> >::underflow()
calls=512 0x1587f0 153 
* * 8192 2560 0 2 0 0 2 0 0 2560 512
+3 * 512
fi=(307)
+3 209 512
+3 * 512 0 0 5 0 0 1 0 0 512
+6 * 512 512
+3 * 512
+3 * 512
+3 * 512
+3 * 512
+3 * 512
+2 * 512
+3 * 512 0 0 0 0 0 0 0 0 512
fe=(306)
+6 +52 512
+3 * 512 0 0 0 0 0 0 0 0 512 3
fi=(308)
+30 -28 786586 0 786586 16 0 0 1
+7 +10 786586 0 786586
fi=(304)
+4 352 786586 0 786586
fi=(308)
+6 248 786586
fe=(306)
+79 -19 262144 262144 0 1 0 0 1
+4 * 262144 262144
+6 * 262144 0 0 0 0 0 0 0 0 262144
+6 +3 262144 0 262144
fi=(308)
+7 1276 262144
+5 * 262144
+3 * 262144 262144 262144 1 0 0 1 0 0 0 0 262144 262144
cfn=(1276)
calls=262144 0x101a10 1437 
* * 9175040 3407872 2097152 0 0 0 0 0 0 1048576 10
+6 +1 262144 0 262144
+4 * 262144
fi=(307)
0x149859 210 512
+3 * 512
fi=(308)
+5 312 262144 0 262144 1 0 0 1
+4 * 262144
+3 * 262144
+3 * 262144
+3 * 262144
+3 * 262144 262144
+7 * 262144 0 262144
+4 * 262144 0 262144 1 0 0 1
+6 * 262144 262144
+4 * 262144
+4 * 262144 0 262144
+4 * 262144 0 262144
fe=(306)
+4 -98 262144
+2 * 262144 0 0 0 0 0 0 0 0 262144
+2 +4 262144 262144
+9 * 262144 0 0 0 0 0 0 0 0 262144 4

fn=(1514)
0x141960 1182 130816 0 0 1 0 0 1
+4 +2 130816
+3 * 130816
+4 * 130816 130816 0 0 1 0 0 0 0 0 0 130816 1
cfn=(1516)
calls=130816 0x1412e0 999 
* * 368428725 87458887 56942720 183 44 137 166 14 0 53290257 1105790 2616953 20

fn=(1162)
0x14bdb0 378 1 0 0 1 0 0 1
+4 * 1 0 1
+1 * 1
+3 * 1 0 1
+2 * 1 0 1
+2 * 1 0 1
+2 * 1 0 0 1 0 0 1
+6 * 1 0 1
+2 * 1 0 1
+1 * 1
+3 * 1
+7 * 1 1
+4 * 1 0 1
+4 * 1 0 1
+4 * 1 0 1
+7 * 1 1
+4 * 1 0 1
+4 * 1 0 1
+4 * 1 0 1
fi=(241)
+7 853 1 1
+9 * 1 0 1 1 0 0 1
+4 * 1
fe=(306)
+7 388 1 0 1
cfn=(1164)
calls=1 0x140c30 57 
* * 28 13 6 2 0 0 2 0 0 2 1 1
+5 * 1
fi=(241)
+3 87 1 1
+3 * 1
+3 * 1 0 1
fe=(306)
+3 396 1
+3 * 1 0 0 0 0 0 0 0 0 1
+2 * 1
+3 * 1
+6 * 1
+5 * 1
fi=(307)
+4 238 1
+4 * 1
+4 * 1 0 1
+4 * 1 0 0 1 0 0 1
+3 * 1 0 1
+4 * 1 0 1
cfn=(1166)
calls=1 0x1444f0 -37 
* * 29 8 1 2 0 0 2 0 0 3 1
+6 * 1
+3 * 1 1
+4 * 1 0 1
+4 * 1 1
+3 * 1 0 1
fe=(306)
+6 403 1
+3 * 1 0 0 0 0 0 0 0 0 1
fi=(307)
+6 154 1
+3 * 1 0 1
cfn=(1170)
calls=1 0x111640 +52 
* * 12 6 0 1 0 0 1 0 0 3
fe=(306)
+6 406 1 1 0 0 1
fi=(307)
+5 154 1 1
+4 * 1 1
fe=(306)
+4 408 1 1 0 1 0 0 1
fi=(304)
+5 +38 1
fe=(306)
+3 -39 1
+2 * 1 0 0 0 0 0 0 0 0 1
+2 * 1 1
+4 * 1 0 0 0 0 0 0 0 0 1 1
0x14befd +13 1 0 1 1 0 0 1
+7 +1 1 0 1
+10 +3 1
+3 * 1 0 0 0 0 0 0 0 0 1 1
+12 +1 1 1
+4 * 1 0 0 0 0 0 0 0 0 1
+2 +2 1 1
+4 * 1 0 0 0 0 0 0 0 0 1
+6 +10 1 1
+7 * 1 0 0 0 0 0 0 0 0 1
+6 * 1
+3 +29 1 0 0 1 0 0 1
+4 * 1 0 0 0 0 0 0 0 0 1
+6 * 1
+3 * 1
+3 * 1 0 1
fi=(308)
+7 312 1 1
+7 * 1
+4 * 1 0 1
fe=(306)
+4 472 1
+3 * 1 0 0 0 0 0 0 0 0 1
+6 * 1
+4 * 1 0 1
+7 +8 1
+5 * 1
+2 +5 1 1 0 1 0 0 1
+8 -5 1 0 1
+7 * 1
+3 * 1 0 1
+3 +5 1
+3 * 1 0 0 0 0 0 0 0 0 1
+6 +2 1
+3 * 1 0 0 0 0 0 0 0 0 1 1
fi=(307)
+6 209 1 1
fe=(306)
+7 475 1 0 1
fi=(216)
+4 2178 1
fi=(307)
+3 209 1
fe=(306)
+4 481 1
+3 * 1
+6 +16 3 3 0 1 0 0 1
+8 * 3 3
+4 +1 3
+3 * 3
+3 * 3 0 3
fi=(300)
+3 -4 3 3
fe=(306)
+4 +5 3
+3 +1 3 0 3
fi=(300)
+7 328 3
+3 * 3 0 0 0 0 0 0 0 0 3 2
+6 507 3
+4 * 3 0 3
+4 350 3
+3 * 3 0 0 0 0 0 0 0 0 3
fi=(307)
+6 209 3 3
+5 * 3
+4 * 3
+3 * 3 0 0 0 0 0 0 0 0 3
+6 * 3
fe=(306)
+3 503 3
+3 * 3 0 0 0 0 0 0 0 0 3
fi=(307)
+6 209 3
+3 * 3 0 0 0 0 0 0 0 0 3
fi=(300)
+6 494 3 3
+4 350 3 3
+4 * 3 0 0 0 0 0 0 0 0 3
fi=(304)
+6 452 3 3
fe=(306)
+3 +35 3
fi=(216)
+6 2176 3
+3 * 3 0 0 0 0 0 0 0 0 3
-3 * 1 0 0 1 0 0 1
+3 * 1 0 0 1 0 0 1 0 0 1
+6 +2 4
+3 * 4 0 0 0 0 0 0 0 0 4 1
+6 * 3
+2 * 3 0 0 0 0 0 0 0 0 3
+6 +6 3
fe=(306)
+3 493 3 3
+4 * 3 0 0 0 0 0 0 0 0 3 2
fi=(308)
0x14c0ef 961 1 1 0 1 0 0 1
fe=(306)
+4 559 1 1 0 0 1 0 0 1
+5 * 1 0 0 0 0 0 0 0 0 1
+6 +14 1 1 0 1 0 0 1
+6 * 1
+2 * 1 0 0 0 0 0 0 0 0 1
+45 +16 1
+3 * 1 0 0 0 0 0 0 0 0 1 1
+12 +2 1 0 1 1 0 0 1
+4 +1 1 1
+7 -1 1 0 1
+4 * 1 1
+4 * 1 1
+4 +1 1 1 1 0 1 0 0 0 0 0 0 1 1
cfi=(308)
cfn=(1184)
calls=1 0xe9c70 758 
* * 6 3 0 2 0 0 2 0 0 1
+6 * 1 1
+4 * 1 1
+9 * 1 0 0 0 0 0 0 0 0 1
+6 * 1
+7 * 1
+3 * 1
+3 * 1 1
+1 * 1 1 0 1 0 0 1
+2 * 1 1
+2 * 1 1
+2 * 1 1
+2 * 1 1
+1 * 1 1
0x14c1fb -19 1 0 0 1 0 0 1
+3 * 1 0 0 1 0 0 1 0 0 1 1
+6 +5 1 1
+4 * 1 0 0 0 0 0 0 0 0 1 1
0x14c510 474 1 0 0 1 0 0 1
+3 * 1
+3 * 1
0x14c5f0 587 1 0 0 1 0 0 1
+3 * 1
+2 * 1 1
+7 * 1
+4 * 1 1
+7 * 1 0 1
+3 * 1
+30 406 1 0 1 1 0 0 1
+7 * 1

fn=(1262)
0x149b30 709 262144 0 0 512 0 0 1
+4 * 262144 0 262144
+1 * 262144
+3 * 262144 0 262144
+2 * 262144 0 262144
+2 +5 262144
+4 -5 262144 0 0 512 0 0 1
+3 +5 262144
+5 -5 262144 0 262144
+2 * 262144
+3 * 262144 0 262144
+2 * 262144 0 262144
+1 * 262144
+4 * 262144 262144
+4 * 262144 0 262144
+4 +5 262144
+3 -5 262144 0 262144
+4 * 262144 262144
+4 * 262144 0 262144
+4 * 262144 0 262144
+4 * 262144 0 262144
+4 * 262144 0 262144
fi=(308)
+4 312 262144 262144
+9 * 262144 0 262144 177 0 0 1
+4 * 262144 262144
+7 * 262144
+4 * 262144 0 262144
fe=(306)
+4 714 262144 262144 262144 0 1 0 0 0 0 0 0 262144 1
cfi=(308)
cfn=(1264)
calls=262144 0x1013b0 3652 
* * 34078881 9175067 6029324 9 1 1 8 0 1 3932183 262159 1048576 262146
+6 +1 262144 262144
+4 * 262144 262144
+4 * 262144 0 262144
+2 * 262144
+3 * 262144 262144
+4 * 262144 262144
+4 * 262144 0 262144
+1 * 262144 262144
+4 * 262144 262144 262144 0 0 0 0 0 0 0 0 262144 1
cfn=(1270)
calls=262144 0x148ae0 152 
* * 136309478 44822978 22280904 2126 1 0 31 0 0 22019480 263329 1048934 262850
+6 * 262144
+3 * 262144 0 262144
+4 * 262144 262144 0 1 0 0 1
+1 * 262144 262144
+1 * 262144 0 262144
+4 +1 262144 262144 262144 0 0 0 0 0 0 0 0 262144 1
cfi=(207)
cfn=(726)
calls=262144 0xc8390 221 
* * 4718592 1572864 524288 2 2 0 0 0 0 524288 0 262144
+6 * 262144 0 262144
+4 * 262144
+4 * 262144
+3 * 262144 262144
+4 * 262144 262144
+4 * 262144 262144 262144 0 0 0 0 0 0 0 0 262144 1
cfi=(211)
cfn=(1292) void std::__convert_to_v<double>(char const*, double&, std::_Ios_Iostate&, __locale_struct* const&)
calls=262144 0xd6cb0 75 
* * 204538669 39620892 22118946 4901 13 0 87 8 0 31461029 781318 1022167 514
fi=(307)
+6 209 262144 262144
+4 * 262144
+3 * 262144
+3 * 262144
+3 * 262144
+2 * 262144
+2 * 262144 0 0 0 0 0 0 0 0 262144 512
+6 * 262144 262144
+4 * 262144 0 0 1 0 0 1
+3 * 262144 262144
+5 * 262144 0 0 0 0 0 0 0 0 262144 4
fe=(306)
+6 717 262144
+2 * 262144 0 0 0 0 0 0 0 0 262144 5
fi=(241)
+2 198 512 0 512
fe=(306)
+3 719 512
+3 * 512 512
+3 * 512 512
+4 * 512
+10 * 512
+3 * 512
+3 * 512
fi=(308)
+3 330 512 512
+4 +8 512
+4 -69 512 512
+7 * 512 0 0 0 0 0 0 0 0 512 2
fe=(306)
-44 719 261632
+3 * 261632 261632
+3 * 261632 261632
+4 * 261632
+10 * 261632
+3 * 261632
+3 * 261632
fi=(308)
+3 330 261632 261632
+4 +8 261632
+4 -69 261632 261632 0 2 0 0 1
+7 * 261632 0 0 0 0 0 0 0 0 261632 2
fe=(306)
+6 720 262144 262144
+4 * 262144 262144
+9 * 262144 0 0 0 0 0 0 0 0 262144 1
+6 * 262144
+4 * 262144
+3 * 262144
+3 * 262144 262144
+1 * 262144 262144
+2 * 262144 262144
+2 * 262144 262144
+2 * 262144 262144
+2 * 262144 262144
+1 * 262144 262144
fi=(300)
+50 350 261632 261632 0 512 0 0 1
+4 * 261632
+2 * 261632 261632
+4 * 261632 0 0 0 0 0 0 0 0 261632
fi=(205)
+54 54 262144 262144 0 194 0 0 1
+7 +46 262144 262144
+3 * 262144 0 0 0 0 0 0 0 0 262144 1
+2 -14 262144 262144
+3 +1 262144
+3 * 262144 0 262144
fi=(308)
+3 282 262144
+2 * 262144 0 0 0 0 0 0 0 0 262144
fi=(279)
+6 172 262144 262144 262144 1 1 0 1 0 0 0 0 262144 1
cfi=(330)
cfn=(1330)
calls=262144 0xb0620 48 
* * 9437184 2621440 1048576 4 0 0 4 0 0 1835008 0 262144 1
fi=(308)
+6 3598 262144
fe=(306)

fl=(251) /usr/src/debug/gcc/gcc/libstdc++-v3/src/c++11/compatibility-condvar.cc
fn=(898) _GLOBAL__sub_I_compatibility_condvar.cc
0xadf20 108 1
+4 -26 1 0 1 0 0 1
+11 +26 1 1

fl=(254) /usr/src/debug/gcc/gcc/libstdc++-v3/libsupc++/eh_alloc.cc
fn=(904) _GLOBAL__sub_I_eh_alloc.cc
0xadf50 456 1
+4 * 1 0 1
fi=(264)
+1 134 1
fe=(254)
+4 +61 1
+7 456 1
+3 * 1 0 1
+2 * 1 0 1
+2 * 1 0 1
+2 * 1 0 1
+2 * 1 0 1
+1 * 1
+4 * 1 1
+9 * 1 0 1
+4 * 1
fi=(264)
+2 134 1 0 1 1 0 1 1
+7 * 1 0 1
fe=(254)
+7 +53 1
fi=(264)
+4 -53 1 0 1
fe=(254)
+11 +53 1 0 1
+11 * 1 0 1
+7 +8 1 1 1 0 1 0 0 0 0 0 0 1 1
cob=(2)
cfi=(255) /usr/src/debug/glibc/glibc/stdlib/secure-getenv.c
cfn=(906) secure_getenv
calls=1 0x44200 28 
* * 649 255 9 8 48 0 8 1 0 167 18 3 1
+6 +7 1 0 1
+8 -7 1
+3 +7 1 0 0 1 0 0 1
+7 * 1 0 1
+8 * 1 0 1
fi=(387) /usr/src/debug/gcc/gcc-build/x86_64-pc-linux-gnu/libstdc++-v3/include/string_view
+4 -56 1
+7 -1 1 0 1
+8 +1 1 0 1
fi=(388) /usr/src/debug/gcc/gcc-build/x86_64-pc-linux-gnu/libstdc++-v3/include/bits/stl_pair.h
+4 902 1 0 1
fe=(254)
+7 203 1
+3 * 1 0 0 0 0 0 0 0 0 1 1
fi=(258)
0xae090 +36 1 1 0 1 0 0 1
+3 * 1
fe=(254)
+5 -49 1
fi=(258)
+5 +49 1
+2 * 1
fe=(254)
+3 -11 1 1
+3 -38 1
+2 * 1
+3 +42 1
+3 * 1
+3 -94 1
+4 * 1
+4 * 1
+4 +94 1 0 1 1 0 0 1
+7 +1 1 0 0 0 0 0 0 0 0 1 1
+2 456 1 1
+4 * 1 1
+9 * 1 0 0 0 0 0 0 0 0 1
+6 * 1
+4 * 1 1
+1 * 1 1
+2 * 1 1
+2 * 1 1
+2 * 1 1
+2 * 1 1
+1 * 1 1
+1 235 1
+3 * 1 1 1 0 1 0 0 0 0 0 0 1 1
cob=(2)
cfi=(188) /usr/src/debug/glibc/glibc/malloc/malloc.c
cfn=(916) malloc
calls=1 0xa7970 3480 
* * 415 86 53 48 3 2 48 2 2 64 24
+6 * 1 0 1
+7 +1 1
+3 * 1 0 0 0 0 0 0 0 0 1
+2 +12 1
+2 -3 1 0 1 1 0 0 1
+7 +2 1 0 1
+3 +1 1 0 1
+4 * 1

fl=(236)
fn=(816)
0xd25c0 92 1 0 0 1 0 0 1
+4 * 1 0 1
+1 * 1
+3 * 1 0 1
+2 * 1 0 1
+2 * 1 0 1
+2 * 1
+3 * 1 0 1
+1 * 1
+3 * 1
+4 +1 1 1
+5 * 1 0 0 0 0 0 0 0 0 1
+6 +3 1
+3 * 1 0 0 0 0 0 0 0 0 1 1
0xd2657 +68 1 1 0 1 0 0 1
+4 * 1
+7 +1 1 0 1
+8 -1 1 0 1
+4 +3 1
+7 * 1 0 1
+4 +1 1 0 1
+8 +1 1
+4 * 1 1
+1 * 1 1
+2 * 1 1
+2 * 1 1
+2 * 1 1
+1 * 1 1
+3 -70 1 1 0 1 0 0 1
+4 * 1
+7 * 1 0 1
+4 +1 1 0 1
+8 +1 1 0 1
+4 +2 1 0 1
+4 +1 1 1
+4 * 1 0 1
+4 +3 1 1
+7 * 1 1 0 1 0 0 1
+3 -1 1
+2 * 1
+7 * 1
+11 * 1
+11 +1 1 1
+4 * 1 1
+4 * 1 0 1
+4 -1 1
+4 * 1
+4 * 1 0 0 0 0 0 0 0 0 1
-20 +1 35 35
+4 * 35 35
+4 * 35 0 35
+4 -1 35
+4 * 35
+4 * 35 0 0 0 0 0 0 0 0 35 1
+2 +4 1 1
+7 * 1 1
+3 -1 1 0 0 1 0 0 1
+2 * 1
+8 * 1
+11 * 1
+11 +1 1 1
+4 * 1 1
+4 * 1 0 1
+4 -1 1
+4 * 1
+4 * 1 0 0 0 0 0 0 0 0 1 1
-20 +1 25 25
+4 * 25 25
+4 * 25 0 25
+4 -1 25
+4 * 25
+4 * 25 0 0 0 0 0 0 0 0 25 7
+2 * 1

fn=(828)
0xd2940 183 1 0 0 1 0 0 1
+4 * 1 0 1
+1 * 1
+3 * 1 0 1
+2 * 1 0 1
+2 * 1 0 1
+2 * 1
+3 * 1 0 1
+1 * 1
+3 +1 1 1
+5 * 1 0 0 0 0 0 0 0 0 1
+6 +3 1
+3 * 1 0 0 0 0 0 0 0 0 1 1
+86 +69 1 0 0 1 0 0 1
+7 +1 1 0 1
+8 -1 1 0 1
+4 +3 1
+7 * 1 0 1
+4 +1 1 0 1
+8 +1 1 1
+1 * 1 1
+2 * 1 1
+2 * 1 1
+2 * 1 1
+1 * 1 1
+9 -71 1 1 0 1 0 0 1
+4 * 1
+7 * 1 0 1
+4 +4 1 1 0 1 0 0 1
+7 -3 1 0 1
+8 +3 1 0 1
+4 +6 1 1
+7 -8 1 0 1
+4 +8 1 1
+3 -2 1
+2 * 1
+8 * 1
+11 * 1
+11 +2 1 1 0 1 0 0 1
+4 * 1 0 1
+4 -2 1
+4 * 1
+4 * 1 0 0 0 0 0 0 0 0 1 1
-16 +2 35 35
+4 * 35 0 35
+4 -2 35
+4 * 35
+4 * 35 0 0 0 0 0 0 0 0 35 8
+2 +6 1 1
+7 * 1 1
+3 -2 1
+2 * 1
+2 +2 1 1
+4 * 1 0 1
+7 -2 1
+4 * 1
+4 * 1 0 0 0 0 0 0 0 0 1 1
-19 +2 25 25
+4 * 25 0 25
+7 -2 25
+4 * 25
+4 * 25 0 0 0 0 0 0 0 0 25 9
+2 * 1

fl=(364) /usr/src/debug/gcc/gcc-build/x86_64-pc-linux-gnu/libstdc++-v3/include/bits/ostream_insert.h
fn=(1598) std::basic_ostream<char, std::char_traits<char> >& std::__ostream_insert<char, std::char_traits<char> >(std::basic_ostream<char, std::char_traits<char> >&, char const*, long)
0x152ec0 84 130816 0 0 1 0 0 1
+4 * 130816 0 130816
+1 * 130816
+3 * 130816 0 130816
+2 * 130816 0 130816
+2 * 130816 0 130816
+2 * 130816 0 130816
+2 * 130816 0 130816
+1 * 130816
+3 * 130816
+4 * 130816 0 130816
+4 +6 130816
+3 * 130816
+4 -6 130816 130816
+9 * 130816 0 130816
+4 * 130816
+3 +6 130816 130816 130816 0 0 0 0 0 0 0 0 130816 1
cfi=(347)
cfn=(1508)
calls=130816 0x1520d0 -40 
* * 1962240 654080 392448 0 0 0 0 0 0 261632 5
+6 +1 130816 130816
+4 * 130816 0 0 1 0 0 1 0 0 130816
+6 +4 130816 130816
+3 * 130816 130816
+4 * 130816
fi=(241)
+4 790 130816 130816
+4 * 130816 0 130816
fe=(364)
+4 96 130816
+3 * 130816 0 0 0 0 0 0 0 0 130816 2
fi=(241)
0x152ff0 801 130816 0 130816 1 0 0 1
fi=(242)
+8 577 130816 130816
+4 * 130816 130816
+4 * 130816 130816 0 1 0 0 1
+4 * 130816
+3 +1 130816 130816
+5 * 130816 0 0 0 0 0 0 0 0 130816 2
fe=(364)
+10 121 130816 130816
+4 * 130816 130816
+9 * 130816 0 0 0 0 0 0 0 0 130816
+6 * 130816
+4 * 130816
+3 * 130816 130816
+1 * 130816 130816
+2 * 130816 130816
+2 * 130816 130816
+2 * 130816 130816
+2 * 130816 130816
+1 * 130816 130816
fi=(239)
+78 338 130816 130816 0 1 0 0 1
fi=(300)
+7 460 130816 130816
+4 * 130816
+3 * 130816 130816
+3 * 130816 130816 130816 0 0 0 0 0 0 0 0 130816 1
cfi=(286)
cfn=(1568)
calls=130816 0x125640 759 
* * 13082452 3532320 1962492 0 1 8 0 1 0 2093056 135593 392472
fe=(364)
+3 60 130816 130816
+3 * 130816 130816
+4 * 130816
+3 -1 130816
+3 * 130816 0 0 0 0 0 0 0 0 130816 4

fl=(252) /usr/src/debug/gcc/gcc/libstdc++-v3/src/c++11/compatibility-thread-c++0x.cc
fn=(900) _GLOBAL__sub_I_compatibility_thread_c__0x.cc
0xadf30 128 1
+4 * 1 0 1
+1 * 1
+3 -74 1 1 1 0 0 0 0 0 0 0 0 1 1
cfi=(253)
cfn=(902)
calls=1 0xdf8a0 +35 
* * 3 1 0 1 0 0 1
+6 * 1 1 0 1 0 0 1
+7 * 1 0 1
+3 +74 1 1
+1 * 1 1

fl=(203) /usr/src/debug/gcc/gcc/libstdc++-v3/src/c++98/globals_io.cc
fn=(708) _GLOBAL__sub_I.00090_globals_io.cc
0xae260 118 1 0 0 1 0 0 1
+4 * 1 0 1
+1 -38 1
+7 +38 1
+3 -38 1 1 1 0 1 0 0 0 0 0 0 1 1
cfi=(204)
cfn=(710)
calls=1 0xc6a80 -2 
* * 39311 11268 5082 315 163 148 315 24 115 7296 373 912 169
+6 * 1 1 0 0 1
+7 * 1 0 0 1 0 0 1
+7 +38 1 1
+1 -38 1
+7 * 1 1 0 0 0 0 0 0 0 0 0 1 1
cob=(2)
cfi=(247)
cfn=(880)
calls=1 0x404f0 -13 
* * 73 13 16 8 2 2 8 1 1 9 1

fl=(297)
fn=(1112)
0xb2710 31 1538 0 0 1 0 0 1
+4 +1 1538 1538 0 0 1 0 0 0 0 0 0 1538 1
cfi=(280)
cfn=(1026)
calls=1538 0xb26a0 +11 
* * 288316 50112 29541 55 211 1072 5 0 1024 47642 1706 1538 512

fl=(280)
fn=(1026)
0xb26a0 43 264218 0 0 1 0 0 1
+4 * 264218 0 264218
+1 +4 264218
+5 -4 264218
+3 * 264218 0 264218
+1 * 264218
+4 +4 264218
+3 * 264218
+4 * 264218
+3 +3 264218
+3 * 264218 264218 264218 1 14 0 1 0 0 0 0 264218 262145
cob=(2)
cfi=(188)
cfn=(916)
calls=264218 0xa7970 3480 
* * 9089176 1647031 832573 650 397 1167 50 1 1051 1654794 3958 1 1
+6 * 264218
+3 * 264218 0 0 0 0 0 0 0 0 264218 2
+2 +9 264218 264218
+4 * 264218 264218
+1 * 264218 264218

fl=(211)
fn=(736)
0xd6e60 134 1 0 0 1 0 0 1
+4 * 1 0 1
+1 * 1
+3 * 1 0 1
+1 * 1
+3 +1 1
+5 -1 1
+4 +1 1 1 1 0 1 0 0 0 0 0 0 1 1
cob=(2)
cfi=(212) /usr/src/debug/glibc/glibc/locale/newlocale.c
cfn=(738) newlocale
calls=1 0x34640 -92 
* * 38 12 7 5 0 1 5 0 0 6 3
+6 * 1 0 1
+3 +1 1 0 0 1 0 0 1
+3 * 1 0 0 0 0 0 0 0 0 1
+6 +6 1 1
+4 * 1 1
+1 * 1 1

fn=(1292)
0xd6cb0 75 262144 0 0 194 0 0 1
+4 * 262144 0 262144
+1 * 262144
+3 * 262144 0 262144
+2 * 262144 0 262144
+2 * 262144
+3 +2 262144 0 0 1 0 0 1
+4 -2 262144 0 262144
+1 * 262144
+3 * 262144
+4 * 262144 262144
+9 * 262144 0 262144
+4 * 262144
+3 +2 262144 262144
+3 * 262144 262144 262144 0 1 0 0 0 0 0 0 262144 1
cob=(2)
cfi=(321) /usr/src/debug/glibc/glibc/stdlib/strtod_l.c
cfn=(1294) strtod_l
calls=262144 0x4c480 1784 
* * 195101485 35950876 20283938 4703 12 0 83 8 0 29626021 781303 760023 513
+6 +4 262144 262144
+4 -4 262144 0 262144
+6 +4 262144
+3 * 262144 0 0 0 0 0 0 0 0 262144
+2 * 262144 262144
+3 * 262144 0 0 0 0 0 0 0 0 262144 3
+18 +15 262144 262144
+4 * 262144 262144
+9 * 262144 0 0 0 0 0 0 0 0 262144
+2 * 262144
+4 * 262144 262144
+1 * 262144 262144
+2 * 262144 262144
+2 * 262144 262144
+1 * 262144 262144
+7 -10 262144 262144 0 1 0 0 1
+8 * 262144 0 0 0 0 0 0 0 0 262144
+2 * 262144 0 0 0 0 0 0 0 0 262144 6
+30 +5 262144 262144 0 2 0 0 1
+8 * 262144 0 0 0 0 0 0 0 0 262144 2
+2 * 262144 0 0 0 0 0 0 0 0 262144 4

fl=(224) /usr/src/debug/gcc/gcc-build/x86_64-pc-linux-gnu/libstdc++-v3/src/c++11/ctype_members.cc
fn=(876) std::ctype<wchar_t>::do_widen(char) const
0xf2590 205 4 0 0 1 0 0 1
+4 * 4
+4 * 4 4
+7 * 4 4

fn=(774) std::ctype<wchar_t>::_M_initialize_ctype()
0xf2760 273 1 0 0 1 0 0 1
+4 * 1 0 1
+1 * 1
+3 * 1 0 1
+2 * 1 0 1
+2 * 1 0 1
+2 * 1
+3 * 1 0 1
+1 +2 1 1
+4 * 1
+2 * 1 1 1 0 1 0 0 0 0 0 0 1 1
cob=(2)
cfi=(225) /usr/src/debug/glibc/glibc/locale/uselocale.c
cfn=(776) uselocale
calls=1 0x35c40 30 
* * 22 9 4 2 0 0 2 0 0 1
+6 * 1 0 0 1 0 0 1
+3 +3 1
+7 +6 128 0 128 0 0 2 0 0 2
+5 -6 128
+4 * 128
+7 * 128 0 0 0 0 0 0 0 0 128 1
fi=(226) /usr/include/wchar.h
+6 +73 128
+2 * 128 128 128 0 1 0 0 0 0 0 0 128 1
cob=(2)
cfi=(227) /usr/src/debug/glibc/glibc/wcsmbs/wctob.c
cfn=(780) wctob
calls=128 0xd0a20 30 
* * 2432 640 256 2 0 0 2 0 0 384 1
fe=(224)
+6 -70 128
+3 * 128 0 0 0 0 0 0 0 0 128 1
+4 +5 1 0 1
+5 +5 1
+2 * 1
+1 * 1
fi=(226)
+11 +54 1 0 0 1 0 0 1
+2 * 1 1 1 0 1 0 0 0 0 0 0 1 1
cob=(2)
cfi=(228) /usr/src/debug/glibc/glibc/wcsmbs/btowc.c
cfn=(782) btowc
calls=1 0xc0940 32 
* * 22 6 3 2 0 0 2 0 0 4
-2 * 255
+2 * 255 255 255 0 0 0 0 0 0 0 0 255
cob=(2)
cfi=(228)
cfn=(782)
calls=255 0xc0940 32 
* * 10090 3578 1277 4 5 0 4 0 0 1660 9 128 1
fe=(224)
+6 -53 256 0 256 0 0 16 0 0 16
+8 -2 256
+4 +1 256
+7 * 256 0 0 0 0 0 0 0 0 256 6
+2 +3 1
+2 +2 1
+5 * 1
+2 * 1
+2 * 1
+4 * 1 0 0 0 0 0 0 0 0 1 1
-13 * 3
+5 * 3
+2 * 3
+2 * 3
+4 * 3 0 0 0 0 0 0 0 0 3 2
+2 * 8
+3 +1 8
+3 -1 8 0 8
+9 +1 8
+3 * 8 8 8 1 1 0 1 0 0 0 0 8 1
cfn=(788) std::ctype<wchar_t>::_M_convert_to_wmask(unsigned short) const
calls=8 0xf20d0 60 
* * 1671 343 106 15 11 0 15 5 0 264 40 64 9
+6 -1 8
+5 +1 8 0 8 0 0 1 0 0 1
+8 -3 8
+4 +2 8
+2 * 8
+2 * 8
+4 * 8 0 0 0 0 0 0 0 0 8 2
+2 * 4
+3 +1 4
+3 -1 4 0 4
+9 +1 4 4 4 0 0 0 0 0 0 0 0 4 1
cfn=(788)
calls=4 0xf20d0 60 
* * 1677 325 81 0 0 0 0 0 0 283 14 63 3
+6 * 4 0 4 0 0 1 0 0 1
+8 -3 4
+4 * 4
+4 * 4 0 0 0 0 0 0 0 0 4
+2 +8 1 1
+1 -2 1
+3 +2 1 1
+2 * 1 1
+2 * 1 1
+2 * 1 1
+1 -2 1 1 0 0 0 0 0 0 0 0 0 1 1
cob=(2)
cfi=(225)
cfn=(776)
calls=1 0x35c40 30 
* * 22 9 4 0 1 0 0 0 0 1
+6 * 1 0 0 1 0 0 1
+5 * 1

fn=(788)
0xf20d0 60 12 0 0 1 0 0 1
+4 +2 12
+5 * 12 0 0 0 0 0 0 0 0 12 3
+6 * 11 0 0 0 0 0 0 0 0 11 2
+2 * 7
+5 * 7 0 0 0 0 0 0 0 0 7 1
+6 * 6 0 0 0 0 0 0 0 0 6 1
+6 * 4
+4 * 4 0 0 0 0 0 0 0 0 4 1
+6 * 3
+4 * 3 0 0 0 0 0 0 0 0 3 1
+6 * 2
+4 * 2 0 0 0 0 0 0 0 0 2 1
+6 +36 1 1
+4 * 1
+7 * 1 1 0 0 0 0 0 0 0 0 0 1 1
cob=(2)
cfi=(231) /usr/src/debug/glibc/glibc/wctype/wctype_l.c
cfn=(790) wctype_l
calls=1 0x11f2a0 -72 
* * 487 96 25 0 0 0 0 0 0 77 3 18
+13 -36 4 0 0 1 0 0 1
+5 * 4 0 0 0 0 0 0 0 0 4 1
+6 * 3 0 0 0 0 0 0 0 0 3
+2 * 3
+5 * 3 0 0 0 0 0 0 0 0 3 1
+6 * 2 0 0 1 0 0 1
+5 * 2 0 0 0 0 0 0 0 0 2 1
+6 +6 1 1
+4 * 1
+7 * 1 1 0 0 0 0 0 0 0 0 0 1 1
cob=(2)
cfi=(231)
cfn=(790)
calls=1 0x11f2a0 -42 
* * 381 76 21 0 0 0 0 0 0 59 3 14
+50 +3 1 1
+4 * 1
+7 * 1 1 0 0 0 0 0 0 0 0 0 1 1
cob=(2)
cfi=(231)
cfn=(790)
calls=1 0x11f2a0 -45 
* * 540 106 27 0 0 0 0 0 0 86 3 20
+13 -9 2 0 0 1 0 0 1
+5 * 2 0 0 0 0 0 0 0 0 2 1
+2 * 1
+5 * 1 0 0 0 0 0 0 0 0 1
+2 +18 1 1
+4 * 1
+7 * 1 1 0 0 0 0 0 0 0 0 0 1 1
cob=(2)
cfi=(231)
cfn=(790)
calls=1 0x11f2a0 -54 
* * 197 42 14 0 0 0 0 0 0 28 6 7
+31 -3 1 1
+4 * 1
+7 * 1 1 0 0 0 0 0 0 0 0 0 1 1
cob=(2)
cfi=(231)
cfn=(790)
calls=1 0x11f2a0 -51 
* * 144 32 12 1 2 0 1 1 0 19 5 5
+13 -3 1 1 0 1 0 0 1
+4 * 1
+7 * 1 1 0 1 1 0 1 0 0 0 0 1 1
cob=(2)
cfi=(231)
cfn=(790)
calls=1 0x11f2a0 -48 
* * 91 22 10 7 6 0 7 2 0 10 3 3 2
+13 +9 1 1
+4 * 1
+7 * 1 1 0 0 0 0 0 0 0 0 0 1 1
cob=(2)
cfi=(231)
cfn=(790)
calls=1 0x11f2a0 -57 
* * 250 52 16 0 1 0 0 1 0 37 3 9
+13 +21 2
+2 * 2 2
+6 -39 1 1
+4 * 1
+7 * 1 1 0 0 0 0 0 0 0 0 0 1 1
cob=(2)
cfi=(231)
cfn=(790)
calls=1 0x11f2a0 -39 
* * 328 66 19 0 1 0 0 1 0 50 6 12
+13 +24 1 1 0 1 0 0 1
+4 * 1
+7 * 1 1 0 0 0 0 0 0 0 0 0 1 1
cob=(2)
cfi=(231)
cfn=(790)
calls=1 0x11f2a0 -63 
* * 191 38 14 0 0 0 0 0 0 26 6 7
+13 -3 1 1
+4 * 1
+7 * 1 1 0 0 0 0 0 0 0 0 0 1 1
cob=(2)
cfi=(231)
cfn=(790)
calls=1 0x11f2a0 -60 
* * 593 116 29 0 0 0 0 0 0 95 2 22

fl=(379)
fn=(1710)
0xb0ec0 62 2 0 0 1 0 0 1
+4 * 2 0 2
+1 * 2
+3 * 2
+7 * 2 2 2 0 1 0 0 0 0 0 0 2 1
cob=(1) /usr/lib/ld-linux-x86-64.so.2
cfi=(380) /usr/src/debug/glibc/glibc/elf/../sysdeps/x86_64/tls_get_addr.S
cfn=(1712) __tls_get_addr
calls=2 0x195b0 -33 
* * 24 14 0 2 3 0 2 0 0 4 2
+6 * 2 2
+1 * 2
+6 * 2 2

fl=(222)
fn=(770)
0x110b80 44 1 0 0 1 0 0 1
+4 * 1 0 1
fi=(214)
+1 436 1
+2 * 1
+3 * 1
fe=(222)
+3 44 1
+3 * 1 0 1
+2 * 1 0 1
+1 * 1
fi=(214)
+3 436 1 0 1
fe=(222)
+3 46 1 1 0 0 1
+7 * 1
+4 * 1 0 1
+3 -1 1 1 1 0 0 0 0 0 0 0 0 1 1
cfi=(207)
cfn=(726)
calls=1 0xc8390 221 
* * 18 6 2 0 0 0 0 0 0 2 0 1
+6 * 1 0 1
+4 +1 1 1 1 0 0 0 0 0 0 0 0 1 1
cfi=(207)
cfn=(722)
calls=1 0xc83e0 233 
* * 3 1
+6 * 1 0 1
+4 +1 1 1
+1 * 1 1
+2 * 1 1
+1 * 1 1

fn=(834)
0x16cb80 44 1 0 0 1 0 0 1
+4 * 1 0 1
fi=(214)
+1 436 1
+2 * 1
+3 * 1
fe=(222)
+3 44 1
+3 * 1 0 1
+2 * 1 0 1
+1 * 1
fi=(214)
+3 436 1 0 1
fe=(222)
+3 46 1 1 0 0 1
+7 * 1
+4 * 1 0 1
+3 -1 1 1 1 0 0 0 0 0 0 0 0 1
cfi=(207)
cfn=(726)
calls=1 0xc8390 221 
* * 18 6 2 0 0 0 0 0 0 2 0 1
+6 * 1 0 1
+4 +1 1 1 1 0 0 0 0 0 0 0 0 1
cfi=(207)
cfn=(722)
calls=1 0xc83e0 233 
* * 3 1
+6 * 1 0 1
+4 +1 1 1
+1 * 1 1
+2 * 1 1
+1 * 1 1

fn=(826)
0x13dd60 44 1 0 0 1 0 0 1
+4 * 1 0 1
fi=(214)
+1 436 1
+2 * 1
+3 * 1
fe=(222)
+3 44 1
+3 * 1 0 1
+2 * 1 0 1
+1 * 1
fi=(214)
+3 436 1 0 1 0 0 1 0 0 1
fe=(222)
+3 46 1 1
+7 * 1 0 0 1 0 0 1
+4 * 1 0 1
+3 -1 1 1 1 0 0 0 0 0 0 0 0 1 1
cfi=(207)
cfn=(726)
calls=1 0xc8390 221 
* * 18 6 2 0 0 0 0 0 0 2 0 1
+6 * 1 0 1
+4 +1 1 1 1 0 0 0 0 0 0 0 0 1 1
cfi=(207)
cfn=(722)
calls=1 0xc83e0 233 
* * 3 1
+6 * 1 0 1
+4 +1 1 1
+1 * 1 1
+2 * 1 1
+1 * 1 1

fn=(810)
0x11f880 44 1 0 0 1 0 0 1
+4 * 1 0 1
fi=(214)
+1 436 1
+2 * 1
+3 * 1
fe=(222)
+3 44 1
+3 * 1 0 1
+2 * 1 0 1
+1 * 1
fi=(214)
+3 436 1 0 1 0 0 1 0 0 1
fe=(222)
+3 46 1 1
+7 * 1
+4 * 1 0 1
+3 -1 1 1 1 0 0 0 0 0 0 0 0 1 1
cfi=(207)
cfn=(726)
calls=1 0xc8390 221 
* * 18 6 2 0 0 0 0 0 0 2 0 1
+6 * 1 0 1
+4 +1 1 1 1 0 0 0 0 0 0 0 0 1 1
cfi=(207)
cfn=(722)
calls=1 0xc83e0 233 
* * 3 1
+6 * 1 0 1
+4 +1 1 1
+1 * 1 1
+2 * 1 1
+1 * 1 1

fl=(240)
fn=(1394) std::ios_base::_M_dispose_callbacks()
0xe05d0 177 514 0 0 2 0 0 1
+4 * 514 0 514
+1 * 514
+3 * 514 0 514
+2 * 514 0 514
+2 * 514
+3 * 514 0 514
+1 * 514
+4 +1 514 514
+4 +1 514
+3 * 514 0 0 0 0 0 0 0 0 514 5
+70 +6 514 0 514 5 0 0 1
+9 +1 514
+4 * 514 514
+1 * 514 514
+2 * 514 514
+2 * 514 514
+1 * 514 514

fn=(842)
0xe02a0 76 522 0 0 1 0 0 1
+4 +3 522 522 0 0 1
+7 -2 522
+4 +2 522
+4 -2 522 0 522 0 0 9 0 0 5
+8 +1 522 0 522 1 0 0 1
fi=(241)
+7 640 522
+7 * 522 0 522 0 0 4 0 0 3
fe=(240)
+8 79 522
+4 * 522 0 522 0 0 3
+3 * 522
+3 -2 522 0 522
+4 +1 522 0 522
+4 * 522
+7 * 522
+11 * 522
fi=(241)
+11 640 522 0 522 2 0 0 1
fe=(240)
+7 79 522
fi=(241)
+4 640 522 0 522
fe=(240)
+8 79 522
+3 * 522 0 0 0 0 0 0 0 0 522 12
fi=(241)
-22 640 3654 0 3654 0 0 4 0 0 4
fe=(240)
+7 79 3654
fi=(241)
+4 640 3654 0 3654 0 0 14 0 0 6
fe=(240)
+8 79 3654
+3 * 3654 0 0 0 0 0 0 0 0 3654 33
+2 * 522 0 522
+7 * 522
+7 * 522 0 522
+7 * 522 522 0 0 1 0 0 0 0 0 0 522 513
cfi=(206)
cfn=(714)
calls=522 0xe1ba0 269 
* * 13572 5220 3132 1731 3 2 0 0 1 1566 2

fn=(1392) std::ios_base::_M_call_callbacks(std::ios_base::event)
0xe0580 163 514 0 0 2 0 0 1
+4 * 514 0 514
+1 * 514
+3 * 514 0 514
+2 * 514 0 514
+2 * 514 0 514
+1 * 514
+4 +1 514 514
+4 +1 514
+3 * 514 0 0 0 0 0 0 0 0 514 5
+28 +8 514
+4 * 514 514
+1 * 514 514
+2 * 514 514
+2 * 514 514
+1 * 514 514

fn=(1390) std::ios_base::~ios_base()
0xe0650 87 514 0 0 153 0 0 1
+4 * 514 0 514
+1 +2 514
+2 -2 514
+3 * 514 0 514
+1 * 514
+3 * 514
+4 * 514 514 0 0 1
+7 * 514
+4 * 514 0 514
+3 +2 514 514 514 0 2 0 0 0 0 0 0 514 513
cfn=(1392)
calls=514 0xe0580 +74 
* * 8224 3084 2056 2 0 0 1 0 0 514 5
+6 +1 514
+3 * 514 514 514 0 2 0 0 0 0 0 0 514 1
cfn=(1394)
calls=514 0xe05d0 +87 
* * 9252 3084 2570 7 0 0 2 0 0 514 5
+6 +1 514 514 0 2 1 0 1
+7 * 514
+4 * 514
+3 * 514 0 0 0 0 0 0 0 0 514 5
+24 +5 514
+7 * 514 514
+4 * 514 514
+1 * 514 514 0 0 1 0 0 0 0 0 0 514 1
cfi=(207)
cfn=(854)
calls=514 0xc86c0 -5 
* * 3084 1542 0 0 0 0 0 0 0 514 4

fl=(220)
fn=(766)
0x13d110 48 1 0 0 1 0 0 1
+4 * 1 0 1
fi=(214)
+1 436 1
+2 * 1
fe=(220)
+3 49 1
fi=(214)
+5 436 1
fe=(220)
+3 48 1
+3 * 1 0 1
+2 * 1 0 1
+1 * 1
fi=(214)
+3 436 1 0 1
fe=(220)
+3 50 1 1 0 0 1
+7 -1 1 0 1
+4 +1 1
+4 * 1 0 1
+3 * 1 1 1 1 0 0 1 0 0 0 0 1 1
cfi=(207)
cfn=(722)
calls=1 0xc83e0 233 
* * 3 1
+6 +1 1
+2 * 1
+3 -1 1 0 1
+4 +1 1 1 1 0 1 0 0 0 0 0 0 1 1
cfi=(221) /usr/src/debug/gcc/gcc-build/x86_64-pc-linux-gnu/libstdc++-v3/src/c++98/time_members.cc
cfn=(768) std::__timepunct<char>::_M_initialize_timepunct(__locale_struct*)
calls=1 0xd5a10 +15 
* * 152 38 34 13 3 0 13 0 0 4 1 2 1
+6 * 1 1
+1 * 1 1
+2 * 1 1
+1 * 1 1

fn=(806)
0x16c0e0 48 1 0 0 1 0 0 1
+4 * 1 0 1
fi=(214)
+1 436 1
+2 * 1
fe=(220)
+3 49 1
fi=(214)
+5 436 1
fe=(220)
+3 48 1
+3 * 1 0 1
+2 * 1 0 1
+1 * 1
fi=(214)
+3 436 1 0 1 0 0 1 0 0 1
fe=(220)
+3 50 1 1 0 1 1 0 1
+7 -1 1 0 1
+4 +1 1
+4 * 1 0 1
+3 * 1 1 1 0 0 0 0 0 0 0 0 1 1
cfi=(207)
cfn=(722)
calls=1 0xc83e0 233 
* * 3 1
+6 +1 1
+2 * 1
+3 -1 1 0 1
+4 +1 1 1 1 0 1 0 0 0 0 0 0 1 1
cfi=(221)
cfn=(808) std::__timepunct<wchar_t>::_M_initialize_timepunct(__locale_struct*)
calls=1 0xd62f0 222 
* * 148 38 33 14 3 0 14 0 0 4 1 2 1
+6 * 1 1
+1 * 1 1
+2 * 1 1
+1 * 1 1

fl=(248) /usr/src/debug/gcc/gcc/libstdc++-v3/src/c++20/tzdb.cc
fn=(886) _GLOBAL__sub_I.00098_tzdb.cc
0xae680 2174 1 0 0 1 0 0 1
+4 198 1
+7 * 1
+7 * 1
+7 * 1 1 0 0 0 0 0 0 0 0 0 1 1
cob=(2)
cfi=(247)
cfn=(880)
calls=1 0x404f0 67 
* * 76 13 15 0 0 0 0 0 0 10 2

fl=(223)
fn=(772)
0xdd090 103 1 0 0 1 0 0 1
+4 * 1 0 1
fi=(214)
+1 436 1
+2 * 1
+3 * 1
fe=(223)
+3 103 1
+3 * 1 0 1
+2 * 1 0 1
+1 * 1
fi=(214)
+3 436 1 0 1 0 0 1 0 0 1
fe=(223)
+3 105 1 1 0 0 1
+7 * 1
+4 * 1 0 1
+3 * 1 1 1 0 0 0 0 0 0 0 0 1 1
cfi=(207)
cfn=(726)
calls=1 0xc8390 221 
* * 18 6 2 0 0 0 0 0 0 2 0 1
+6 * 1 0 1 1 0 0 1
+4 +1 1
+3 -1 1 0 1
+4 +1 1 1
+1 * 1 1
+2 * 1 1
+1 * 1 1 0 0 1 0 0 0 0 0 0 1 1
cfi=(224)
cfn=(774)
calls=1 0xf2760 273 
* * 18671 5314 2542 30 21 20 30 5 20 3125 77 653 19

fn=(864) std::ctype<char>::_M_widen_init() const
0xdcdc0 90 1 0 0 1 0 0 1
+4 * 1 0 1
+1 +3 1
+5 * 1
+5 * 1
+4 * 1
+5 * 1
+5 * 1
+5 * 1
+5 * 1
+5 * 1
+5 * 1
+5 -3 1
+3 * 1 0 1
+1 +3 1
+5 * 1 0 0 1 0 0 1
+5 * 1
+7 * 1
+4 * 1
+5 * 1
+5 * 1
+4 * 1
+4 * 1
+3 -3 1
+7 * 1 1 0 0 1 0 0 1
+8 +3 1
+5 -3 1 1 0 1 0 0 1
+9 * 1 0 1
+4 * 1
+3 +3 1
+5 * 1
+5 * 1
+5 * 1
+5 -1 1
+5 +1 1
+5 -1 1
+5 +1 1
+4 -1 1
+4 * 1
+2 * 1
+11 +1 1 0 0 1 0 0 1
+4 * 1
+4 * 1
+5 * 1
+4 * 1
+5 * 1
+5 * 1
+5 * 1
+4 * 1
+4 * 1
+5 * 1
+5 * 1
+5 * 1
+5 * 1
+4 * 1 0 0 1 0 0 1
+5 * 1
+4 * 1
+5 * 1
+5 * 1
+5 * 1
-88 * 15
+4 * 15
+4 * 15
+5 * 15
+4 * 15
+5 * 15
+5 * 15
+5 * 15
+4 * 15
+4 * 15
+5 * 15
+5 * 15
+5 * 15
+5 * 15
+4 * 15
+5 * 15
+4 * 15
+5 * 15
+5 * 15
+5 * 15
+4 * 15
+4 * 15
+5 * 15
+5 * 15
+4 * 15
+5 * 15
+5 -1 15
+4 +1 15
+5 * 15
+5 * 15
+5 * 15
+5 * 15
+5 * 15
+5 * 15
+5 * 15
+5 * 15
+5 * 15
+4 * 15
+4 * 15 0 15
+4 -1 15
+3 * 15 0 0 0 0 0 0 0 0 15 8
-92 +1 1
+4 * 1
+5 * 1
+5 * 1
+4 * 1
+5 * 1
+5 -1 1
+4 +1 1 0 0 1 0 0 1
+5 * 1
+5 * 1
+5 * 1
+5 * 1
+5 * 1
+5 * 1
+5 * 1
+5 * 1
+5 * 1
+4 * 1
+4 * 1 0 1
+4 -1 1
+3 * 1 0 0 0 0 0 0 0 0 1 1
+6 +2 1 1 0 1 0 0 1
+3 * 1
+4 * 1 1 0 0 1
+4 * 1 1 0 0 1
+7 * 1 0 0 0 0 0 0 0 0 1
fi=(216)
+6 1120 1 1
+8 * 1 0 1
+4 * 1 1
+8 * 1 0 1
+4 * 1 1
+8 * 1 0 1
+4 * 1 1 0 1 0 0 1
+8 * 1 0 1
+4 * 1 1
+8 * 1 0 1
+4 * 1 1
+8 * 1 0 1
+7 * 1 1
+8 * 1 0 1
+7 * 1 1
+8 * 1 0 1
+7 * 1 1 0 1 0 0 1
+8 * 1 0 1
+7 * 1 1
+8 * 1 0 1
+7 * 1 1
+5 * 1 0 1
+7 * 1 1
+5 * 1 0 1
+7 * 1 1
+5 * 1 0 1 1 0 0 1
+7 * 1 1
+5 * 1 0 1
+7 * 1 1
+5 * 1 0 1
+7 * 1 1
+5 * 1 0 1
fe=(223)
+7 98 1
+5 * 1
+3 * 1
+3 * 1 1 1 0 1 0 0 0 0 0 0 1 1
cob=(2)
cfi=(233) /usr/src/debug/glibc/glibc/string/../sysdeps/x86_64/multiarch/memcmp-avx2-movbe.S
cfn=(796) __memcmp_avx2_movbe
calls=1 0x16d620 -25 
* * 47 17 0 3 0 0 3 0 0 9
+6 +1 1
+3 * 1
+5 * 1
+2 * 1 0 1 1 0 0 1
+3 +1 1 1
+4 * 1 1
+9 * 1 0 0 0 0 0 0 0 0 1
+2 * 1 1
+4 * 1 1
+1 * 1 1

fl=(349)
fn=(1524)
0x107db0 78 130816 0 0 1 0 0 1
+4 * 130816 0 130816
+1 * 130816
+3 * 130816 0 130816
+2 * 130816
+3 * 130816 0 130816
+2 * 130816 0 0 1 0 0 1
+3 * 130816 0 130816
+2 * 130816 0 130816
+1 * 130816
+2 * 130816
+7 * 130816 0 130816
+7 * 130816 0 130816
+7 * 130816
+2 * 130816 0 0 0 0 0 0 0 0 130816
+2 * 130816 0 130816
+7 * 130816 0 130816
+7 * 130816 0 130816
+4 * 130816 0 130816
+4 * 130816 0 130816
+4 * 130816 0 130816
+4 * 130816 0 130816 1 0 0 1
+4 * 130816 0 130816
+4 * 130816 130816
+9 * 130816 0 130816
+7 * 130816
+2 +2 130816 130816
+3 * 130816 130816 130816 0 1 0 0 0 0 0 0 130816 1
cob=(2)
cfi=(225)
cfn=(776)
calls=130816 0x35c40 -50 
* * 2877952 1177344 523264 2 4 0 0 0 0 130816 2
+6 +17 130816
+3 * 130816
+3 * 130816
+3 -17 130816
+3 +14 130816
+4 * 130816 0 130816
+10 +3 130816 0 0 1 0 0 1
+7 -3 130816 0 130816
+7 * 130816
+7 * 130816 0 130816
+10 * 130816 0 130816
+7 +3 130816 130816 130816 0 0 0 0 0 0 0 0 130816 1
cob=(2)
cfi=(350) /usr/src/debug/glibc/glibc/libio/vsnprintf.c
cfn=(1526) vsnprintf
calls=130816 0x8ad60 +5 
* * 309275774 70968782 44901317 130 23 18 124 14 0 47271432 974910 784896 4
+6 +8 130816
+3 -8 130816
+2 +8 130816 130816 130816 0 0 0 0 0 0 0 0 130816 1
cob=(2)
cfi=(225)
cfn=(776)
calls=130816 0x35c40 -75 
* * 2877952 1177344 523264 0 1 0 0 0 0 130816 1
+6 +9 130816 130816
+7 * 130816 130816 0 1 0 0 1
+9 * 130816 0 0 0 0 0 0 0 0 130816
+2 * 130816
+7 * 130816
+2 * 130816 130816
+1 * 130816 130816
+2 * 130816 130816
+2 * 130816 130816
+2 * 130816 130816
+1 * 130816 130816

fl=(319)
fn=(1240) std::__cxx11::basic_stringbuf<char, std::char_traits<char>, std::allocator<char> >::_M_sync(char*, unsigned long, unsigned long)
0x15a050 249 512 0 0 1 0 0 1
fi=(311)
+4 -10 512 512
fe=(319)
+4 +10 512
fi=(311)
+3 +8 512
+4 1165 512 512
+4 280 512
+3 * 512 0 0 0 0 0 0 0 0 512
+6 1279 512 512
fe=(319)
+4 252 512 512
+3 +2 512
+3 +1 512
+3 +2 512
+3 * 512 0 0 0 0 0 0 0 0 512 3
+10 +8 512 0 0 1 0 0 1
+4 * 512 0 0 0 0 0 0 0 0 512 3
+14 +1 512
+3 +1 512
fi=(300)
+3 520 512 0 512
fe=(319)
+4 266 512 0 512
fi=(300)
+4 522 512 0 512
fe=(319)
+4 267 512 0 0 0 0 0 0 0 0 512
+2 +2 512
+3 * 512
+3 * 512 512 0 0 0 0 0 0 0 0 0 512 1
cfn=(1244) std::__cxx11::basic_stringbuf<char, std::char_traits<char>, std::allocator<char> >::_M_pbump(char*, char*, long)
calls=512 0x159ca0 +11 
* * 5632 512 1536 514 0 0 2 0 0 512 3

fn=(1244)
0x159ca0 280 512 0 0 512 0 0 1
fi=(300)
+4 566 512 0 512
fe=(319)
+4 280 512
fi=(300)
+3 567 512 0 512
fe=(319)
+4 284 512
+7 * 512 0 0 0 0 0 0 0 0 512 3
0x159d50 * 512 0 0 2 0 0 1
fi=(300)
+3 554 512
+2 * 512
+3 * 512 0 512
fe=(319)
+4 290 512 512

fn=(1344)
0x1587f0 153 512 0 0 1 0 0 1
+4 +5 512 512
+4 * 512 0 0 0 0 0 0 0 0 512
fi=(300)
+2 541 512 512
+4 -44 512 512 0 1 0 0 1
fi=(334) /usr/src/debug/gcc/gcc-build/x86_64-pc-linux-gnu/libstdc++-v3/include/sstream
+4 -77 512
+3 * 512 0 0 0 0 0 0 0 0 512
+2 +3 512
+3 * 512 0 0 0 0 0 0 0 0 512
+2 * 512
+3 * 512 0 0 0 0 0 0 0 0 512
fi=(300)
+2 +71 512 512
fe=(319)
+4 163 512
+3 * 512 0 0 0 0 0 0 0 0 512 512
+24 -7 512
+5 * 512 512

fl=(243)
fn=(848)
0x12ff60 131 1544 0 0 2 0 0 1
+4 * 1544 0 1544
+1 * 1544
+3 * 1544 0 1544
+2 * 1544
+3 * 1544 0 1544
+1 * 1544
+3 * 1544
+4 +3 1544 1544 1544 0 2 0 0 0 0 0 0 1544 1
cfi=(244) /usr/src/debug/gcc/gcc/libstdc++-v3/src/c++98/ios_locale.cc
cfn=(850) std::ios_base::_M_init()
calls=1544 0xc7480 -95 
* * 112712 44776 24704 10 5 1 5 1 0 10808 35 4632 4
+6 +3 1544
+3 * 1544 0 0 1 0 0 1
+7 * 1544 1544 1544 0 1 0 0 0 0 0 0 1544 1
cfn=(858) std::basic_ios<char, std::char_traits<char> >::_M_cache_locale(std::locale const&)
calls=1544 0x12fdd0 +32 
* * 77200 38600 13896 4 9 0 3 0 0 4632 5 4632 3
+6 +16 1544 1544
+7 * 1544
+2 * 1544
+3 * 1544 0 0 0 0 0 0 0 0 1544
fi=(216)
+2 884 1544 1544 0 0 1
+4 * 1544 0 0 0 0 0 0 0 0 1544 1
+2 +1 1543 1543
fe=(243)
+4 155 1543 0 1543
+6 * 1543
+5 +1 1543 0 1543
+6 +8 1543
+2 * 1543
+3 * 1543
+3 -2 1543 0 1543 1
+7 -1 1543 0 1543
+11 +2 1543 0 1543
+7 +1 1543 0 1543
+3 +1 1543
+4 * 1543 1543
+1 * 1543 1543
+2 * 1543 1543
+1 * 1543 1543
-61 -10 1 0 1
+6 * 1
+5 +1 1 0 1
+6 +8 1
+2 * 1
+3 * 1
+3 -2 1 0 1
+7 -1 1 0 1
+11 +2 1 0 1
+7 +1 1 0 1
+3 +1 1
+4 * 1 1
+1 * 1 1
+2 * 1 1
+1 * 1 1
fi=(216)
+8 886 1 0 1 1 0 0 1
+4 * 1 1 1 0 1 0 0 0 0 0 0 1 1
cfi=(223)
cfn=(864)
calls=1 0xdcdc0 90 
* * 794 44 37 14 4 0 14 1 0 27 9 1 1
+6 +1 1 1
+4 * 1 1
+3 * 1 1
+4 * 1 1 0 1 0 0 1
+7 * 1
+5 * 1 0 0 0 0 0 0 0 0 1 1
fe=(243)

fn=(870) std::basic_ios<wchar_t, std::char_traits<wchar_t> >::_M_cache_locale(std::locale const&)
0x130750 169 4 0 0 1 0 0 1
+4 * 4 0 4
+1 * 4
+3 * 4 0 4
+2 * 4
+3 * 4 0 4
+1 * 4
fi=(245)
+3 -50 4 4
+7 * 4 4 4 0 0 0 0 0 0 0 0 4 1
cfi=(207)
cfn=(748)
calls=4 0xc8910 507 
* * 24 8 0 0 0 0 0 0 0 4
+6 * 4 4
+7 * 4
+3 +1 4 4
+4 +23 4 4
fe=(243)
+4 +28 4 4 0 1 0 0 1
+4 * 4 0 4
fi=(245)
+7 -52 4 4 4 0 0 0 0 0 0 0 0 4 1
cfi=(207)
cfn=(748)
calls=4 0xc8910 507 
* * 24 8 0 0 0 0 0 0 0 4
+6 * 4 4
+7 * 4
+3 +1 4 4
+4 +25 4 4
fe=(243)
+4 +27 4 4
+4 * 4 0 4
fi=(245)
+7 -53 4 4 4 0 0 0 0 0 0 0 0 4 1
cfi=(207)
cfn=(748)
calls=4 0xc8910 507 
* * 24 8 0 0 0 0 0 0 0 4
+6 * 4
+3 +1 4 4
+4 +24 4 4
fe=(243)
+4 +29 4 4 0 1 0 0 1
+4 * 4 0 4
+7 +1 4 4
+1 * 4 4
+2 * 4 4
+1 * 4 4

fn=(1118)
0x12fab0 46 515 0 0 1 0 0 1
fi=(241)
+4 198 515
+2 * 515
+3 * 515 515 0 1 0 0 1
+8 * 515
+3 * 515 0 515
+3 -5 515 515
fe=(243)
+3 52 515 0 0 0 0 0 0 0 0 515
+2 * 515 515

fn=(868)
0x130bb0 131 4 0 0 1 0 0 1
+4 * 4 0 4
+1 * 4
+3 * 4 0 4
+2 * 4
+3 * 4 0 4
+1 * 4 0 0 1 0 0 1
+3 +3 4 4 4 0 0 0 0 0 0 0 0 4 1
cfi=(244)
cfn=(850)
calls=4 0xc7480 -95 
* * 292 116 64 0 0 0 0 0 0 28 0 12
+6 +3 4
+3 * 4
+7 * 4 4 4 0 0 0 0 0 0 0 0 4 1
cfn=(870)
calls=4 0x130750 +32 
* * 200 100 36 3 0 0 3 0 0 12 0 12 3
+6 +16 4 4
+7 * 4
+2 * 4
+3 * 4 0 0 0 0 0 0 0 0 4
fi=(216)
+2 299 4 4
+3 * 4
+5 * 4 4 4 0 1 0 0 0 0 0 0 4 1
cfi=(224)
cfn=(876)
calls=4 0xf2590 -94 
* * 16 8 0 1 0 0 1
fe=(243)
+3 155 4 0 4
+6 * 4
+5 +1 4 0 4 1 0 0 1
+6 +8 4
+2 * 4
+3 * 4
+3 -2 4 0 4
+7 -1 4 0 4
+11 +2 4 0 4
+7 +1 4 0 4
+3 +1 4 4
+1 * 4 4
+2 * 4 4
+1 * 4 4

fn=(858)
0x12fdd0 169 1544 0 0 1 0 0 1
+4 * 1544 0 1544
+1 * 1544
+3 * 1544 0 1544
+2 * 1544
+3 * 1544 0 1544
+1 * 1544
fi=(245)
+3 -50 1544 1544 0 0 1
+7 * 1544 1544 1544 0 1 0 0 0 0 0 0 1544 1
cfi=(207)
cfn=(748)
calls=1544 0xc8910 507 
* * 9264 3088 0 0 1 0 0 0 0 1544 2
+6 * 1544 1544 0 0 1
+7 * 1544
+3 +1 1544 1544
+4 +8 1544 1544 0 0 1
fe=(243)
+4 +43 1544 1544 0 2 1 0 1
+4 * 1544 0 1544
fi=(245)
+7 -52 1544 1544 1544 0 0 0 0 0 0 0 0 1544 1
cfi=(207)
cfn=(748)
calls=1544 0xc8910 507 
* * 9264 3088 0 0 1 0 0 0 0 1544 2
+6 * 1544 1544 0 0 1
+7 * 1544
+3 +1 1544 1544
+4 +10 1544 1544
fe=(243)
+4 +42 1544 1544 0 0 1
+4 * 1544 0 1544
fi=(245)
+7 -53 1544 1544 1544 0 0 0 0 0 0 0 0 1544 1
cfi=(207)
cfn=(748)
calls=1544 0xc8910 507 
* * 9264 3088 0 0 0 0 0 0 0 1544 1
+6 * 1544
+3 +1 1544 1544
+4 +9 1544 1544
fe=(243)
+4 +44 1544 1544 0 1 0 0 1
+4 * 1544 0 1544
+7 +1 1544 1544
+1 * 1544 1544
+2 * 1544 1544
+1 * 1544 1544

fl=(330)
fn=(1330)
0xb0620 48 264218 0 0 1 0 0 1
+4 +1 264218 264218 0 0 15 0 0 0 0 0 0 264218 1
cob=(2)
cfi=(188)
cfn=(1332) free
calls=264218 0xa7f30 3516 
* * 9249023 2452313 1102512 1785 1135 13 32 0 0 1891199 1136

fl=(208)
fn=(724)
0xf1e00 121 1 0 0 1 0 0 1
+4 * 1 0 1
fi=(214)
+1 436 1
fe=(208)
+2 121 1
+3 * 1 0 1
+2 * 1
+3 * 1 0 1
+2 * 1
+3 * 1 0 1
+1 * 1
+3 * 1
fi=(214)
+4 436 1
+3 * 1
+3 * 1 0 1 0 0 1 0 0 1
fe=(208)
+3 127 1 1 0 0 1
+7 * 1
+4 * 1 0 1
+3 -5 1 1 1 0 1 0 0 0 0 0 0 1 1
cfi=(207)
cfn=(726)
calls=1 0xc8390 +99 
* * 149 40 37 18 6 4 18 2 0 16 9 4 4
+6 +1 1
+3 -1 1 0 1
+4 +1 1 0 0 1 0 0 1
+3 * 1
+3 * 1 0 1
+3 +1 1 1 0 0 1
+4 * 1 0 1 0 0 1 0 0 1
+4 +1 1 1
+4 * 1 0 1
+4 +1 1
+3 * 1 0 0 0 0 0 0 0 0 1 1
+2 +3 1
+4 * 1
+2 * 1
+2 -3 1 0 1
+4 +3 1
+4 -2 1 0 1
+4 +2 1
+2 -2 1 0 1
+7 +2 1 0 0 1 0 0 1
+6 * 1 0 1
+8 * 1 0 1 0 0 1 0 0 1
+11 * 1
+3 * 1 0 1 0 0 0 0 0 0 1 1
* * 31 0 30 0 0 3 0 0 3 31 8
+3 +1 1
+7 * 1 0 1
+11 * 1 0 1
+11 * 1
+4 * 1
+2 * 1
+6 * 1
+3 * 1 0 1 0 0 0 0 0 0 1 1
* * 31 0 30 0 0 3 0 0 3 31 7
+3 +1 1
+4 * 1 1
+1 * 1 1
+2 * 1 1
+2 * 1 1
+1 * 1 1
+5 -5 1 1 0 1 0 0 1
+4 * 1

fl=(219)
fn=(804)
0xd45c0 558 1 0 0 1 0 0 1
+4 * 1 0 1
+1 * 1
+3 * 1 0 1
+2 * 1 0 1
+2 * 1 0 1
+2 * 1 0 1
+2 * 1
+3 * 1 0 1
+1 * 1
+4 * 1 1
+9 * 1 0 1
+4 * 1
+3 +1 1 1
+5 * 1 0 0 0 0 0 0 0 0 1
+6 +3 1
+3 * 1 0 0 0 0 0 0 0 0 1 1
0xd47fe 731 1 1 0 1 0 0 1
+4 * 1 1
+9 * 1 0 0 0 0 0 0 0 0 1
+6 * 1
+4 * 1 1
+1 * 1 1
+2 * 1 1
+2 * 1 1
+2 * 1 1
+2 * 1 1
+1 * 1 1
+1 565 1 1 0 1 0 0 1
+5 * 1 1
+7 +5 1
+7 -3 1
+7 -2 1 0 1
+4 +12 1 1 0 1 0 0 1
+7 -7 1 0 1
+4 +7 1 1
+2 -5 1 0 1
+4 +2 1 0 1
+4 +3 1 0 1
+3 -10 1 0 1
+4 +1 1 0 1
+8 +1 1 0 1
+4 +2 1 0 1
+8 +2 1 0 1
+8 +2 1 0 1
+8 +1 1 0 1 1 0 0 1
+7 +2 1 1
+5 * 1 0 1
+3 +5 1 1
+7 -1 1 1
+5 +1 1 1
+3 -2 1
+2 * 1
+2 +2 1 1
+4 * 1 0 1
+4 -2 1
+4 * 1
+4 * 1 0 0 0 0 0 0 0 0 1 1
-16 +2 10 10
+4 * 10 0 10
+4 -2 10
+4 * 10
+4 * 10 0 0 0 0 0 0 0 0 10 5
+2 * 1

fn=(764)
0xd39a0 216 1 0 0 1 0 0 1
+4 * 1 0 1
+1 * 1
+3 * 1 0 1
+2 * 1 0 1
+2 * 1 0 1
+2 * 1 0 1
+2 * 1
+3 * 1 0 1
+1 * 1
+3 * 1
+4 +1 1 1
+5 * 1 0 0 1 0 0 1 0 0 1
+6 +3 1
+3 * 1 0 0 0 0 0 0 0 0 1 1
0xd3be0 +3 1 1 0 1 0 0 1
+4 +12 1 1
+7 -10 1
+7 -2 1 0 1
+4 +1 1 1
+4 +11 1 1
+2 -11 1 0 1
+4 +1 1 1 0 1 0 0 1
+4 * 1 0 1
+4 +1 1 0 1
+8 +1 1 0 1
+4 +1 1 0 1
+4 +1 1 0 1
+8 +1 1 0 1
+4 +1 1 0 1
+8 +1 1 0 1
+4 +1 1 0 1
+8 +1 1 0 1
+7 +1 1 0 1 1 0 0 1
+3 +1 1 1
+4 * 1 0 1
+3 +3 1 1
+7 * 1 1
+3 -1 1
+2 * 1
+11 +1 1 1
+4 * 1 1
+4 * 1 0 1
+4 -1 1
+4 * 1
+4 * 1 0 0 0 0 0 0 0 0 1
-20 +1 10 10
+4 * 10 10
+4 * 10 0 10
+4 -1 10
+4 * 10
+4 * 10 0 0 0 0 0 0 0 0 10 1
+2 366 1
+4 * 1 1
+1 * 1 1
+2 * 1 1
+2 * 1 1 0 1 0 0 1
+2 * 1 1
+2 * 1 1
+1 * 1 1

fn=(802)
0xd4ba0 741 1 0 0 1 0 0 1
+4 * 1 0 1
+1 * 1
+3 * 1 0 1
+2 * 1 0 1
+2 * 1 0 1
+2 * 1 0 1
+2 * 1
+3 * 1 0 1
+1 * 1
+4 * 1 1 0 1 0 0 1
+9 * 1 0 1
+4 * 1
+3 +1 1 1
+5 * 1 0 0 0 0 0 0 0 0 1
+6 +3 1
+3 * 1 0 0 0 0 0 0 0 0 1 1
0xd4dde 914 1 1 0 1 0 0 1
+4 * 1 1
+9 * 1 0 0 0 0 0 0 0 0 1
+6 * 1
+4 * 1 1
+1 * 1 1
+2 * 1 1
+2 * 1 1
+2 * 1 1
+2 * 1 1
+1 * 1 1
+1 748 1 1 0 1 0 0 1
+5 * 1 1
+7 +5 1
+7 -3 1
+7 -2 1 0 1
+4 +12 1 1
+7 -7 1 0 1
+4 +7 1 1
+2 -5 1 0 1
+4 +2 1 0 1
+4 +3 1 0 1
+3 -10 1 0 1
+4 +1 1 0 1 1 0 0 1
+8 +1 1 0 1
+4 +2 1 0 1
+8 +2 1 0 1
+8 +2 1 0 1
+8 +1 1 0 1
+7 +2 1 1
+5 * 1 0 1
+3 +5 1 1
+7 -1 1 1
+5 +1 1 1
+3 -2 1
+2 * 1
+2 +2 1 1 0 1 0 0 1
+4 * 1 0 1
+4 -2 1
+4 * 1
+4 * 1 0 0 0 0 0 0 0 0 1 1
-16 +2 10 10
+4 * 10 0 10
+4 -2 10
+4 * 10
+4 * 10 0 0 0 0 0 0 0 0 10 4
+2 * 1

fn=(762)
0xd3ec0 372 1 0 0 1 0 0 1
+4 * 1 0 1
+1 * 1
+3 * 1 0 1
+2 * 1 0 1
+2 * 1 0 1
+2 * 1 0 1
+2 * 1
+3 * 1 0 1
+1 * 1
+3 * 1
+4 +1 1 1
+5 * 1 0 0 0 0 0 0 0 0 1
+6 +3 1
+3 * 1 0 0 0 0 0 0 0 0 1 1
0xd40e8 +3 1 1 0 1 0 0 1
+4 +12 1 1
+7 -10 1
+7 -2 1 0 1
+4 +1 1 1 0 1 0 0 1
+4 +11 1 1 0 0 1 0 0 1
+2 -11 1 0 1
+4 +1 1 1
+4 * 1 0 1
+4 +1 1 0 1
+8 +1 1 0 1
+4 +1 1 0 1
+4 +1 1 0 1
+8 +1 1 0 1
+4 +1 1 0 1
+8 +1 1 0 1
+4 +1 1 0 1
+8 +1 1 0 1 1 0 0 1
+7 +1 1 0 1
+3 +1 1 1
+4 * 1 0 1
+3 +3 1 1 0 0 1
+7 * 1 1
+3 -1 1
+2 * 1
+3 +1 1 1
+4 * 1 1
+4 * 1 0 1
+4 -1 1
+4 * 1
+4 * 1 0 0 0 0 0 0 0 0 1 1
-20 +1 10 10
+4 * 10 10
+4 * 10 0 10
+4 -1 10
+4 * 10
+4 * 10 0 0 0 0 0 0 0 0 10 6
+2 517 1
+4 * 1 1
+1 * 1 1
+2 * 1 1
+2 * 1 1 0 1 0 0 1
+2 * 1 1
+2 * 1 1
+1 * 1 1

fl=(244)
fn=(850)
0xc7480 39 1548 0 0 1 0 0 1
+4 * 1548 0 1548
+1 * 1548
+3 * 1548 0 1548
+2 * 1548 0 1548
+1 * 1548
+4 +2 1548 1548 0 0 2 0 0 1
+8 -2 1548 1548
+9 * 1548 0 1548
+4 * 1548
+3 +4 1548 0 1548
+7 -2 1548 0 1548
+4 +3 1548
+4 * 1548 1548 1548 0 0 1 0 0 0 0 0 1548 2
cfi=(206)
cfn=(714)
calls=1548 0xe1ba0 269 
* * 40248 15480 9288 0 0 0 0 0 0 4644 11
+6 * 1548
+4 * 1548 0 0 1 0 0 1
+7 * 1548 1548 1548 0 2 0 0 0 0 0 0 1548 1
cfi=(207)
cfn=(852)
calls=1548 0xc8610 +76 
* * 21672 7740 1548 7 0 0 2 0 0 3096 18
+6 * 1548
+4 * 1548 1548 1548 0 1 0 0 0 0 0 0 1548 1
cfi=(207)
cfn=(854)
calls=1548 0xc86c0 +47 
* * 9288 4644 0 1 0 0 1 0 0 1548 6
+6 +1 1548 1548
+4 * 1548 1548
+9 * 1548 0 0 0 0 0 0 0 0 1548
+2 * 1548
+4 * 1548 1548
+1 * 1548 1548
+2 * 1548 1548
+1 * 1548 1548

fl=(363)
fn=(1574)
0x163c90 84 261304 0 0 1 0 0 1
+4 * 261304 0 261304
+1 * 261304
+3 * 261304 0 261304
+2 * 261304
+3 * 261304 0 261304
+2 * 261304
+3 * 261304 0 261304
+2 * 261304
+3 * 261304 0 261304
+2 * 261304 0 261304
+1 +3 261304
+2 -3 261304
+4 +4 261304
+3 * 261304 0 0 0 0 0 0 0 0 261304 1
-3 * 261305
+3 * 261305 0 0 0 0 0 0 0 0 261305 130809
fi=(300)
+2 541 261305 261305
fe=(363)
+4 91 261305 261305
+4 * 261305
+3 * 261305 0 0 1 0 0 1 0 0 261305 1
+2 +2 261304
fi=(304)
+3 429 261304
fe=(363)
+3 93 261304
fi=(258)
+3 239 261304
+3 * 261304
fe=(363)
+4 96 261304
fi=(304)
+3 429 261304
fe=(363)
+3 97 261304
fi=(304)
+3 429 261304 261304 261304 0 0 0 0 0 0 0 0 261304 1
cob=(2)
cfi=(282)
cfn=(1038)
calls=261304 0x16dd80 255 
* * 3528378 653108 391804 0 1 127 0 1 0 1045831 135274
fi=(300)
+6 807 261304 0 261304
fe=(363)
+4 101 261304
+3 * 261304 0 0 0 0 0 0 0 0 261304 7
+8 +2 1 1
+4 * 1 1
fi=(304)
+4 452 1 1 0 0 1
+7 * 1 0 0 1 0 0 1 0 0 1 1
fe=(363)
+2 114 261304
+4 * 261304
+3 * 261304 261304
+1 * 261304 261304
+2 * 261304 261304
+2 * 261304 261304
+2 * 261304 261304
+2 * 261304 261304
+1 * 261304 261304
fi=(304)
+6 452 1 1
fe=(363)
+4 103 1
+3 * 1 0 1 0 0 0 0 0 0 0 0 1 1
cfi=(286)
cfn=(1580)
calls=1 0x1269e0 545 
* * 53 14 10 7 0 0 7 0 0 7 3
+2 +1 1
+3 * 1 0 0 0 0 0 0 0 0 1
+2 +2 1
+4 +1 1
+4 * 1

fl=(217)
fn=(758)
0xd53c0 92 1 0 0 1 0 0 1
+4 * 1 0 1
+1 * 1
+3 * 1 0 1
+2 * 1 0 1
+2 * 1 0 1
+2 * 1
+3 * 1 0 1
+1 * 1
+3 * 1
+4 +1 1 1
+5 * 1 0 0 0 0 0 0 0 0 1
+6 +3 1
+3 * 1 0 0 0 0 0 0 0 0 1 1
0xd5457 +68 1 1 0 1 0 0 1
+4 * 1
+7 +1 1 0 1
+8 -1 1 0 1
+4 +3 1
+7 * 1 0 1
+4 +1 1 0 1
+8 +1 1
+4 * 1 1
+1 * 1 1
+2 * 1 1
+2 * 1 1
+2 * 1 1
+1 * 1 1
+3 -70 1 1 0 1 0 0 1
+4 * 1
+7 * 1 0 1
+4 +1 1 0 1
+8 +1 1 0 1
+4 +2 1 0 1
+4 +1 1 1
+4 * 1 0 1
+4 +3 1 1 0 0 1
+7 * 1 1 0 1 1 0 1
+3 -1 1
+2 * 1
+7 * 1
+11 * 1
+11 +1 1 1 0 0 1 0 0 1
+4 * 1 1
+4 * 1 0 1
+4 -1 1
+4 * 1
+4 * 1 0 0 0 0 0 0 0 0 1 1
-20 +1 35 35 0 0 1 0 0 1
+4 * 35 35
+4 * 35 0 35
+4 -1 35
+4 * 35
+4 * 35 0 0 0 0 0 0 0 0 35 8
+2 +4 1 1
+7 * 1 1
+3 -1 1 0 0 1 0 0 1
+2 * 1
+8 * 1
+11 * 1
+11 +1 1 1 0 0 1 0 0 1
+4 * 1 1
+4 * 1 0 1
+4 -1 1
+4 * 1
+4 * 1 0 0 0 0 0 0 0 0 1 1
-20 +1 25 25
+4 * 25 25
+4 * 25 0 25
+4 -1 25
+4 * 25
+4 * 25 0 0 0 0 0 0 0 0 25 9
+2 * 1

fn=(800)
0xd5700 183 1 0 0 1 0 0 1
+4 * 1 0 1
+1 * 1
+3 * 1 0 1
+2 * 1 0 1
+2 * 1 0 1
+2 * 1
+3 * 1 0 1
+1 * 1
+3 +1 1 1
+5 * 1 0 0 0 0 0 0 0 0 1
+6 +3 1
+3 * 1 0 0 0 0 0 0 0 0 1 1
+86 +69 1 0 0 1 0 0 1
+7 +1 1 0 1
+8 -1 1 0 1
+4 +3 1
+7 * 1 0 1
+4 +1 1 0 1
+8 +1 1 1
+1 * 1 1
+2 * 1 1
+2 * 1 1
+2 * 1 1
+1 * 1 1
+9 -71 1 1 0 1 0 0 1
+4 * 1
+7 * 1 0 1
+4 +4 1 1 0 1 1 0 1 1
+7 -3 1 0 1
+8 +3 1 0 1
+4 +6 1 1
+7 -8 1 0 1
+4 +8 1 1
+3 -2 1
+2 * 1
+8 * 1
+11 * 1
+11 +2 1 1 0 1 0 0 1
+4 * 1 0 1
+4 -2 1
+4 * 1
+4 * 1 0 0 0 0 0 0 0 0 1 1
-16 +2 35 35
+4 * 35 0 35 0 0 2 0 0 2
+4 -2 35
+4 * 35
+4 * 35 0 0 0 0 0 0 0 0 35 7
+2 +6 1 1
+7 * 1 1
+3 -2 1
+2 * 1
+2 +2 1 1
+4 * 1 0 1
+7 -2 1
+4 * 1
+4 * 1 0 0 0 0 0 0 0 0 1 1
-19 +2 25 25
+4 * 25 0 25 0 0 1 0 0 1
+7 -2 25
+4 * 25
+4 * 25 0 0 0 0 0 0 0 0 25 9
+2 * 1

fl=(300)
fn=(1282)
0x13a630 494 261990 261990 0 1 0 0 1
+4 328 261990 261990
+4 * 261990 0 0 0 0 0 0 0 0 261990
+2 507 261990
+4 * 261990 0 261990 16 0 0 1
+4 336 261990 261990

fl=(376) /usr/src/debug/gcc/gcc-build/x86_64-pc-linux-gnu/libstdc++-v3/include/bits/shared_ptr_atomic.h
fn=(1690) std::atomic<std::shared_ptr<std::chrono::tzdb_list::_Node> >::~atomic()
0x1d5f00 631 1 0 0 1 0 0 1
fi=(389) /usr/src/debug/gcc/gcc-build/x86_64-pc-linux-gnu/libstdc++-v3/include/bits/atomic_base.h
+4 501 1 1 0 0 1 0 0 1
fe=(376)
+4 -76 1
+4 * 1 0 0 0 0 0 0 0 0 1
+2 +1 1
+3 * 1 0 0 0 0 0 0 0 0 1
+2 * 1 1

fl=(221)
fn=(808)
0xd62f0 222 1 0 0 1 0 0 1
+4 * 1 0 1
+1 * 1
+3 * 1 0 1
+1 * 1
+3 * 1
+4 * 1 0 1 1 0 0 1
+4 +1 1 1
+5 * 1 0 0 0 0 0 0 0 0 1
+6 +3 1 1
+5 * 1 0 0 0 0 0 0 0 0 1 1
0xd67d0 396 1 1 0 1 0 0 1
+8 * 1
+7 * 1 1
+8 * 1
+5 * 1
+4 * 1
+4 * 1 0 1
+4 * 1 0 1
+4 229 1 1 1 1 0 0 1 0 0 0 0 1 1
cfi=(207)
cfn=(726)
calls=1 0xc8390 -8 
* * 18 6 2 0 0 0 0 0 0 2 0 1
+6 +2 1
+7 * 1 1 0 0 1
+8 * 1 1
+5 -2 1 0 1
+4 +2 1 1
+4 * 1
+5 * 1
+7 * 1
+4 * 1
+5 * 1
+7 * 1 0 1
+4 * 1 0 0 1 0 0 1
+5 * 1 1
+8 * 1
+7 * 1
+5 * 1
+7 * 1 0 1
+7 * 1 1 0 0 1
+8 * 1
+4 * 1
+5 * 1
+7 * 1 0 1 1 0 0 1
+4 +54 1
+7 -54 1 1
+8 * 1
+4 * 1 0 1
+4 * 1 1
+8 * 1
+4 * 1
+5 * 1
+7 * 1 0 1
+4 * 1 1
+8 * 1
+4 * 1 0 0 1 0 0 1
+5 * 1
+7 * 1 0 1
+4 * 1 1
+8 * 1
+4 * 1
+5 * 1
+7 * 1 0 1
+4 * 1 1
+8 * 1
+4 * 1
+5 * 1 0 0 1 0 0 1
+7 * 1 0 1
+4 * 1 1
+8 * 1
+4 * 1
+5 * 1
+7 * 1 0 1
+7 * 1 1
+8 * 1
+4 * 1
+5 * 1
+7 * 1 0 1 1 0 0 1
+7 * 1
+4 * 1 1
+8 * 1 0 1
+7 * 1
+4 * 1
+5 * 1
+7 * 1 0 1
+7 * 1 1
+8 * 1
+4 * 1 0 0 1 0 0 1
+5 * 1
+7 * 1 0 1
+7 * 1 1
+8 * 1
+4 * 1
+5 * 1
+7 * 1 0 1
+7 * 1 1
+8 * 1
+4 * 1
+5 * 1 0 0 1 0 0 1
+7 * 1 0 1
+7 * 1
+5 * 1 1
+8 396 1 1
+4 231 1 1
+5 * 1
+7 +54 1 0 1
+7 -54 1
+4 * 1
+5 * 1 0 0 1 0 0 1
+7 * 1 0 1
+7 * 1 1
+8 * 1 0 1
+7 * 1 1 0 0 1
+8 * 1
+4 * 1
+5 * 1
+4 * 1 0 1
+7 * 1 1
+8 * 1 0 1 1 0 0 1
+7 * 1 1
+8 * 1
+4 * 1
+4 * 1 0 1
+7 * 1 1
+8 * 1 0 1
+7 * 1 1
+8 * 1
+4 * 1
+4 * 1 0 1
+7 * 1 0 1 1 0 0 1
+7 396 1 1
+1 * 1 1

fn=(768)
0xd5a10 66 1 0 0 1 0 0 1
+4 * 1 0 1
+1 * 1
+3 * 1 0 1
+2 * 1 0 1
+1 * 1
+3 * 1
+4 * 1 0 1
+4 +1 1 1
+5 * 1 0 0 0 0 0 0 0 0 1
+6 +3 1 1
+5 * 1 0 0 0 0 0 0 0 0 1 1
0xd5f20 192 1 1 0 1 1 0 1
+8 * 1
+7 * 1 1
+8 * 1
+7 * 1 0 0 1 0 0 1
+5 * 1
+4 * 1
+4 * 1 0 1
+4 * 1 0 1
+4 73 1 1 1 0 0 0 0 0 0 0 0 1 1
cfi=(207)
cfn=(726)
calls=1 0xc8390 221 
* * 18 6 2 0 0 0 0 0 0 2 0 1
+6 +2 1
+7 * 1 1
+8 * 1 1
+5 -2 1 0 1
+4 +2 1 1
+4 * 1
+5 * 1 0 0 1 0 0 1
+7 * 1
+4 * 1
+5 * 1
+7 * 1 0 1
+4 * 1
+5 * 1 1
+8 * 1
+7 * 1
+5 * 1
+7 * 1 0 1
+7 * 1 1 0 1 1 0 1
+8 * 1
+4 * 1
+5 * 1
+7 * 1 0 1
+4 * 1
+5 +54 1
+7 -54 1
+4 * 1 0 1
+4 * 1 1
+8 * 1
+4 * 1
+5 * 1 0 0 1 0 0 1
+7 * 1 0 1
+4 * 1 1
+8 * 1
+4 * 1
+5 * 1
+7 * 1 0 1
+4 * 1 1
+8 * 1
+4 * 1
+5 * 1
+7 * 1 0 1
+4 * 1 1 0 1 0 0 1
+8 * 1
+4 * 1
+5 * 1
+7 * 1 0 1
+4 * 1 1
+8 * 1
+4 * 1
+5 * 1
+7 * 1 0 1
+7 * 1 1 0 1 0 0 1
+8 * 1
+4 * 1
+5 * 1
+7 * 1 0 1
+7 * 1
+4 * 1 1
+8 * 1 0 1
+7 * 1 1
+8 * 1
+4 * 1
+5 * 1 0 0 1 0 0 1
+7 * 1 0 1
+7 * 1
+4 * 1 1
+8 * 1
+4 * 1
+5 * 1
+7 * 1 0 1
+7 * 1 1
+8 * 1
+4 * 1
+5 * 1 0 0 1 0 0 1
+7 * 1 0 1
+7 * 1 1
+8 * 1
+4 * 1
+5 * 1
+7 * 1 0 1
+7 * 1
+5 * 1
+7 * 1 0 1
+7 * 1 1 0 1 0 0 1
+5 * 1 1 0 0 1
+8 * 1
+5 * 1
+7 +54 1 0 1
+7 -54 1 0 1
+7 * 1
+4 * 1
+5 * 1 1
+8 * 1 0 1
+7 * 1 1 0 1 0 0 1
+8 * 1
+4 * 1 0 1
+7 * 1
+4 * 1 1
+8 * 1 0 1
+7 * 1 1
+8 * 1
+4 * 1 0 1
+7 * 1
+4 * 1 1 0 1 0 0 1
+8 * 1 0 1
+7 * 1
+4 * 1 0 1
+7 192 1
+4 * 1 1
+1 * 1 1
+2 * 1 1
+1 * 1 1

fl=(307)
fn=(1166)
0x1444f0 201 524135 0 0 1 0 0 1
+4 * 524135 0 524135
+1 * 524135
+3 * 524135
+3 * 524135
+4 +8 524135 524135 0 1 0 0 1
+3 * 524135 524135
+5 * 524135
+3 * 524135
+3 * 524135
+3 * 524135
+2 * 524135 0 0 0 0 0 0 0 0 524135 5
+2 * 524135 524135
+3 * 524135 524135
+4 * 524135
+3 * 524135
+3 * 524135
+3 * 524135
+2 * 524135 0 0 0 0 0 0 0 0 524135
+2 -7 524135 524135
+1 * 524135
+2 * 524135
+3 * 524135 524135
+2 * 524135
fi=(300)
+2 350 524135 524135
+4 * 524135 524135
+4 * 524135 0 0 0 0 0 0 0 0 524135
fe=(307)
+2 201 524135
+2 * 524135

fn=(1170)
0x111640 206 524135 0 0 1 0 0 1
+4 +3 524135 524135
+3 -1 524135 524135
+3 +1 524135
+3 * 524135 0 0 0 0 0 0 0 0 524135
+2 * 524135
+3 * 524135 0 0 0 0 0 0 0 0 524135 4
fi=(300)
+6 494 524135 524135
+4 350 524135 524135
+4 * 524135 0 0 0 0 0 0 0 0 524135
fi=(304)
+2 452 524135 524135
+3 * 524135 524135
fe=(307)

ob=(8) /home/ikea/Projects/DV1674/dv1674_a2/pearson/pearson
fl=(283) /home/ikea/Projects/DV1674/dv1674_a2/pearson/dataset.cpp
fn=(1040) Dataset::read(std::__cxx11::basic_string<char, std::char_traits<char>, std::allocator<char> >)
0x37e0 19 1 0 1 1 0 0 1
+2 +2 1
+4 -2 1 0 1
+2 * 1 0 1
+2 * 1 0 1
+2 * 1 0 1
+1 * 1
+3 * 1 0 1
+1 * 1
+7 * 1 1 0 1 0 0 1
+9 * 1 0 1
+8 * 1
+3 +2 1 0 1
fi=(284) /usr/include/c++/15.2.1/bits/basic_ios.h
+8 477 1
+8 * 1
fe=(283)
+8 21 1 0 1
fi=(284)
+3 477 1
+3 * 1 0 1
fe=(283)
+5 20 1 0 1
fi=(284)
+8 477 1 0 1
+5 * 1 0 1 1 0 0 1
cob=(7)
cfi=(240)
cfn=(842)
calls=1 0xe02a0 76 
* * 86 12 30 0 0 0 0 0 0 11 5 1
cob=(1)
cfi=(275) /usr/src/debug/glibc/glibc/elf/../sysdeps/x86_64/dl-trampoline.h
cfn=(1010) _dl_runtime_resolve_xsave
calls=1 0x142e0 39 
* * 756 248 132 3 11 17 0 2 0 93 8 2 2
* * 5 3 2 1 0 0 1 0 0 0 0 2 1
+5 * 1
+7 -1 1
fi=(298) /usr/include/c++/15.2.1/istream
+2 703 1
fi=(284)
+2 477 1 0 1
fi=(298)
+8 702 1 1 0 0 1
fi=(284)
+7 477 1
+4 -1 1 0 1
fi=(298)
+8 702 1 1
fi=(284)
+7 477 1 0 1
+8 * 1 0 1
fi=(298)
+8 702 1 0 1 1 0 0 1
+8 * 1 1 0 0 1
fi=(284)
+4 476 1 0 1
fi=(298)
+12 702 1 0 1
+8 +1 1 1
+7 -1 1 0 1
+12 +1 1 1
+4 * 1
+3 * 1 0 1
cob=(7)
cfi=(243)
cfn=(848)
calls=1 0x12ff60 131 
* * 157 63 36 0 0 0 0 0 0 12 5 8
cob=(1)
cfi=(275)
cfn=(1010)
calls=1 0x142e0 39 
* * 1159 311 132 0 10 0 0 1 0 161 12 2 2
* * 5 3 2 1 1 0 1 0 0 0 0 2 1
fi=(285) /usr/include/c++/15.2.1/fstream
+5 561 1 0 0 1 0 0 1
+7 * 1
+8 * 1 0 1
+8 * 1
+3 * 1
+4 * 1 0 1
+8 * 1 0 1
+5 * 1 0 1
cob=(7)
cfi=(286)
cfn=(1058)
calls=1 0x125e80 85 
* * 85 25 34 6 0 0 6 0 0 4 2 3 3
cob=(1)
cfi=(275)
cfn=(1010)
calls=1 0x142e0 39 
* * 976 285 132 4 8 0 0 1 0 129 9 2 2
* * 5 3 2 1 1 0 1 0 0 0 0 2 1
+5 +1 1
+3 * 1
+3 * 1 0 1
cob=(7)
cfi=(243)
cfn=(848)
calls=1 0x12ff60 131 
* * 157 63 36 0 0 0 0 0 0 12 4 8
* * 1 1 0 0 0 0 0 0 0 0 0 1 1
+5 345 1 1
+3 * 1 1
+5 * 1 0 0 1 0 0 1
+5 * 1 0 1
cob=(7)
cfi=(286)
cfn=(1068)
calls=1 0x12a820 183 
* * 940 205 175 62 7 8 59 4 8 106 32 12 11
cob=(1)
cfi=(275)
cfn=(1010)
calls=1 0x142e0 39 
* * 1109 307 132 2 8 0 0 0 0 149 7 2 2
* * 5 3 2 0 0 0 0 0 0 0 0 2 1
+5 746 1 1
+8 * 1 1
+5 * 1 1 0 0 1
+4 -1 1
+3 * 1 0 0 0 0 0 0 0 0 1
+6 +5 1
+2 * 1 0 1
cob=(7)
cfi=(243)
cfn=(1118)
calls=1 0x12fab0 46 
* * 9 3 1 2 0 0 2 0 0 1
cob=(1)
cfi=(275)
cfn=(1010)
calls=1 0x142e0 39 
* * 1020 295 132 2 8 0 0 1 0 136 9 1 1
* * 5 3 2 1 0 0 1 0 0 0 0 2 1
fe=(283)
+5 26 1 1
+8 * 1 0 0 0 0 0 0 0 0 1 1
fi=(285)
0x399d 643 1 0 0 1 0 0 1
+7 261 1 1
+5 643 1 0 1
+8 * 1
+4 * 1 0 1
+8 264 1 0 0 1 0 0 1
+7 * 1 0 1
+8 -3 1 0 1
cob=(7)
cfi=(286)
cfn=(1400)
calls=1 0x129bd0 -8 
* * 603 176 117 50 18 1 47 0 0 88 27 12 10
cob=(1)
cfi=(275)
cfn=(1010)
calls=1 0x142e0 39 
* * 998 290 132 17 45 14 0 0 0 136 12 1 1
* * 5 3 2 0 1 0 0 0 0 0 0 2 1
+5 +3 1
+8 * 1 0 1
cob=(7)
cfi=(287)
cfn=(1434)
calls=1 0xf2b50 -54 
* * 23 9 5 0 0 0 0 0 0 1 1 2 1
cob=(1)
cfi=(275)
cfn=(1010)
calls=1 0x142e0 39 
* * 821 260 132 3 13 0 0 1 0 103 10 2 2
* * 5 3 2 0 0 0 0 0 0 0 0 2 1
fi=(337) /usr/include/c++/15.2.1/streambuf
+5 -57 1
+7 * 1
+8 * 1 0 1
+8 * 1 0 1
cob=(7)
cfi=(207)
cfn=(854)
calls=1 0xc86c0 91 
* * 6 3 0 0 0 0 0 0 0 1 1
* * 1 1 0 0 0 0 0 0 0 0 0 1
fi=(298)
+5 -99 1 1 0 1 1 0 1
fi=(284)
+7 296 1 1
fi=(298)
+5 108 1 1
+7 * 1 0 1
+8 * 1 1 0 0 1
+4 * 1 0 1
fi=(284)
+8 296 1
+7 * 1 0 1
fi=(298)
+8 108 1 0 1
fi=(284)
+12 296 1 0 1
cob=(7)
cfi=(240)
cfn=(1390)
calls=1 0xe0650 87 
* * 61 22 14 0 1 0 0 0 0 4 4 3
* * 1 1 0 0 0 0 0 0 0 0 0 1
fe=(283)
+5 50 1 1
+8 * 1 1
+9 * 1 0 0 0 0 0 0 0 0 1 1
+6 * 1
+7 * 1
+3 * 1 1 0 0 1
+1 * 1 1
+1 * 1 1
+2 * 1 1
+2 * 1 1
+2 * 1 1
+2 * 1 1
fi=(298)
+4 187 1 1 0 1 0 0 1
+5 * 1
+5 * 1 0 1
cob=(7)
cfi=(299)
cfn=(1126)
calls=1 0x134fb0 -86 
* * 583 183 94 51 12 0 51 2 0 86 18 11 10
cob=(1)
cfi=(275)
cfn=(1010)
calls=1 0x142e0 39 
* * 836 263 132 0 9 0 0 0 0 105 5 2 1
* * 5 3 2 0 0 0 0 0 0 0 0 2 1
fi=(274) /usr/include/c++/15.2.1/bits/basic_string.h
+5 +22 1 0 0 1 0 0 1
fi=(390) /usr/include/c++/15.2.1/bits/char_traits.h
+8 352 1 0 1
fi=(274)
+8 209 1 0 1
+5 * 1 0 1
+8 4409 1 1
+8 234 1 0 1
+12 4407 1 1
+4 * 1 1
fi=(284)
+8 51 1
+3 * 1 0 0 1 0 0 1 0 0 1
fi=(309) /usr/include/c++/15.2.1/bits/locale_facets.h
+6 884 1 1
+4 * 1 0 0 0 0 0 0 0 0 1
fi=(274)
+6 4409 1 1
+4 * 1
+8 * 1 1
+5 * 1
+3 * 1 0 1
+5 * 1 0 1
cob=(7)
cfi=(310)
cfn=(1194)
calls=1 0xcdda0 124 
* * 91 34 22 6 0 0 6 0 0 9 4 1 1
cob=(1)
cfi=(275)
cfn=(1010)
calls=1 0x142e0 39 
* * 1399 352 132 0 13 0 0 2 0 196 9 2 2
* * 5 3 2 0 0 0 0 0 0 0 0 2 1
fi=(312) /usr/include/c++/15.2.1/bits/stl_vector.h
+5 1211 1 1
+4 * 1 1
fe=(283)
+4 38 1 1
fi=(312)
+5 1211 1
+3 -1 1
+3 * 1 0 0 1 0 0 1
fi=(315) /usr/include/c++/15.2.1/bits/vector.tcc
+4 72 1
+3 * 1 0 0 0 0 0 0 0 0 1 1
fi=(313) /usr/include/c++/15.2.1/bits/new_allocator.h
+6 +79 1
+4 * 1 0 1
fi=(312)
+5 1119 1 1
fi=(313)
+4 151 1
+3 * 1 0 1
+4 * 1 0 1
cob=(7)
cfi=(280)
cfn=(1026)
calls=1 0xb26a0 43 
* * 178 31 18 0 0 1 0 0 1 24 4 1
cob=(1)
cfi=(275)
cfn=(1010)
calls=1 0x142e0 39 
* * 639 233 132 0 8 0 0 1 0 76 8 1 1
* * 5 3 2 0 0 0 0 0 0 0 0 2 1
fi=(314) /usr/include/c++/15.2.1/bits/stl_uninitialized.h
+5 -7 1
+3 * 1 1
fi=(313)
+5 +7 1
fi=(314)
+3 -7 1 0 0 0 0 0 0 0 0 1 1
fi=(312)
+91 1119 1 0 0 1 0 0 1
+3 395 1
+3 * 1 0 0 0 0 0 0 0 0 1 1
fi=(315)
+10 97 1
+3 -1 1 0 1
+4 +2 1 1
+4 -1 1 0 1
+4 +1 1 0 1
fi=(274)
+4 4409 1 1
+8 * 1 1
+4 * 1 1 0 1 0 0 1
fi=(284)
+8 51 1
+3 * 1 0 0 0 0 0 0 0 0 1
+6 * 1 1 0 0 1
+8 * 1 1
+7 * 1 0 1
fi=(309)
+5 884 1 1
+4 * 1 0 0 0 0 0 0 0 0 1
+6 * 1
fi=(274)
+6 4409 1 1
+4 * 1 1
+5 * 1 1
+5 * 1 0 1 1 0 0 1
cob=(7)
cfi=(310)
cfn=(1194)
calls=1 0xcdda0 124 
* * 1095 311 166 25 53 49 25 49 49 139 38 7 4
* * 1 1 0 0 0 0 0 0 0 0 0 1 1
-14 * 512 512 0 512
+4 * 512 512
+5 * 512 512
+5 * 512 0 512
cob=(7)
cfi=(310)
cfn=(1194)
calls=512 0xcdda0 124 
* * 486788 147186 76130 787 790 0 7 78 0 61959 3778 3077 195
* * 512 512 0 0 0 0 0 0 0 0 0 512
fe=(283)
+5 40 513 513
fi=(284)
+3 147 513 513
fe=(283)
+4 40 513 513
+5 * 513 0 0 0 0 0 0 0 0 513 1
fi=(284)
+6 477 512
+8 * 512
+8 * 512
+3 * 512 0 512
+4 * 512 0 512
cob=(7)
cfi=(240)
cfn=(842)
calls=512 0xe02a0 76 
* * 44032 6144 15360 1726 0 0 0 0 0 5632 11 512 511
* * 512 512 0 0 0 0 0 0 0 0 0 512 512
fi=(298)
+5 702 512 512 0 0 1
fi=(284)
+7 476 512
fi=(298)
+2 703 512
fi=(284)
+2 477 512 0 0 1 0 0 1
+7 * 512
+4 -1 512 0 512
fi=(298)
+8 702 512 512
fi=(284)
+7 477 512 0 512
+8 * 512 0 512
+8 * 512 0 512
fi=(298)
+8 702 512 512 0 0 1
fi=(284)
+4 476 512 0 512
fi=(298)
+12 702 512 0 512 512 0 0 1
+8 * 512 0 512
+8 * 512 0 512
+12 +1 512 512
+4 * 512
+3 * 512 0 512
cob=(7)
cfi=(243)
cfn=(848)
calls=512 0x12ff60 131 
* * 80384 32256 18432 4 0 0 0 0 0 6144 0 4096
* * 512 512 0 0 0 0 0 0 0 0 0 512 1
fi=(317) /usr/include/c++/15.2.1/bits/ostream.h
+5 441 512 512 0 0 1
+7 * 512
+2 * 512 512 0 0 1
+4 * 512 0 512
+8 * 512 0 0 193 0 0 1
+8 * 512 512
+7 * 512 0 512
+3 * 512 0 512
cob=(7)
cfi=(243)
cfn=(848)
calls=512 0x12ff60 131 
* * 80384 32256 18432 0 0 0 0 0 0 6144 7 4096
* * 512 512 0 0 0 0 0 0 0 0 0 512
fi=(298)
+5 1021 512 512
+7 * 512 512
fi=(318) /usr/include/c++/15.2.1/sstream
+7 +53 512
+4 * 512 512
fi=(298)
+6 -53 512 512 0 0 1
+4 * 512 0 512
fi=(318)
+8 +53 512
+7 * 512 0 512 1 0 0 1
+8 * 512
+4 * 512 0 512
fi=(337)
+8 475 512
+8 * 512
+3 * 512 0 512
fi=(318)
+5 1074 512 0 512
+8 * 512 0 512
+8 * 512 0 512
+8 * 512 0 512 1 0 0 1
fi=(337)
+8 475 512 0 512
cob=(7)
cfi=(206)
cfn=(714)
calls=512 0xe1ba0 269 
* * 13312 5120 3072 0 0 0 0 0 0 1536 1
cob=(1)
cfi=(275)
cfn=(1010)
calls=1 0x142e0 39 
* * 759 247 132 0 8 0 0 0 0 94 6 2 2
* * 516 514 2 0 0 0 0 0 0 0 0 513 2
fi=(318)
+5 151 512
fi=(274)
+7 +88 512 512
fi=(318)
+8 -89 512 0 512
+11 +1 512 0 512
fi=(274)
+8 +54 512
+8 1165 512 512
+8 205 512 0 512
+5 * 512 0 512 1 0 0 1
+8 689 512
+3 * 512 0 0 0 0 0 0 0 0 512 2
fi=(277) /usr/include/c++/15.2.1/bits/basic_string.tcc
+11 231 512 0 512
+8 +2 512
+4 * 512 0 0 0 0 0 0 0 0 512 3
fi=(274)
+30 +1 512 0 512 1 0 0 1
fi=(318)
+8 347 512
+2 * 512
+2 * 512
fi=(390)
+8 +5 512 0 512
fi=(318)
+5 -5 512 512
+8 -4 512 0 512
+11 +4 512 0 512
cob=(7)
cfi=(319)
cfn=(1240)
calls=512 0x15a050 -98 
* * 17920 3072 3072 516 0 0 4 0 0 2560 9 512 1
cob=(1)
cfi=(275)
cfn=(1010)
calls=1 0x142e0 39 
* * 1145 312 132 0 10 0 0 0 0 155 6 2 2
* * 516 514 2 0 0 0 0 0 0 0 0 513 2
+5 1075 512 512
+4 * 512
+8 * 512 0 512
cob=(7)
cfi=(243)
cfn=(848)
calls=512 0x12ff60 131 
* * 80384 32256 18432 0 0 0 0 0 0 6144 7 4096
* * 512 512 0 0 0 0 0 0 0 0 0 512
fe=(283)
+5 43 512 0 0 1 0 0 1
+5 * 512 512
+4 * 512
+3 * 512 0 512
+5 * 512 0 512
cfi=(320) /home/ikea/Projects/DV1674/dv1674_a2/pearson/vector.cpp
cfn=(1246) Vector::Vector(unsigned int)
calls=512 0x2cf0 -21 
* * 88738 19179 12421 4 9 1 4 1 1 15432 1038 1538 2
+5 +1 512
+3 * 512 0 512
cfi=(320)
cfn=(1252) Vector::get_data()
calls=512 0x2e10 +2 
* * 1024 1024 0 2 0 0 1
fi=(298)
+5 226 512
+8 * 512
fe=(283)
+3 44 512 0 512
+5 * 512 512
fi=(331) /usr/include/c++/15.2.1/bits/stream_iterator.h
+5 +38 512 0 512
+8 * 512 0 512 1 0 0 1
fi=(298)
+8 226 512 0 512
cob=(7)
cfi=(299)
cfn=(1258)
calls=512 0x135b10 101 
* * 863339 231079 122621 10004 19 1 126 8 1 127066 3223 10702 2011
cob=(1)
cfi=(275)
cfn=(1010)
calls=1 0x142e0 39 
* * 829 260 132 0 10 0 0 1 0 104 10 2 2
* * 516 514 2 1 0 0 1 0 0 0 0 513 1
fi=(331)
+5 -74 512 512
+3 * 512 512
fi=(284)
+5 -5 512 512
fi=(331)
+4 +5 512 512
+5 * 512 0 0 0 0 0 0 0 0 512 507
fi=(332) /usr/include/c++/15.2.1/bits/stl_algo.h
+22 692 512
+3 * 512 0 0 0 0 0 0 0 0 512
+6 * 512 512
fi=(331)
+8 89 512 512 0 1 0 0 1
+8 * 512 512
+9 -1 512 0 512
+8 +1 512 0 512
+7 -1 512 0 512
fi=(333) /usr/include/c++/15.2.1/bits/stl_algobase.h
+9 585 512 0 512
+4 +2 512
+4 * 512 0 0 0 0 0 0 0 0 512
+2 * 512
+4 -1 512
+4 * 512
fi=(298)
+4 226 512 0 0 1 0 0 1
+8 * 512 0 512
+5 * 512
fi=(331)
+5 -74 261120 261120
fi=(333)
+8 586 261120
fi=(331)
+4 152 261120
+3 * 261120 0 0 0 0 0 0 0 0 261120
-3 * 512
+3 * 512 0 0 0 0 0 0 0 0 512
fi=(298)
+2 +74 261632 261632
+5 * 261632 0 261632
cob=(7)
cfi=(299)
cfn=(1258)
calls=261632 0x135b10 101 
* * 444317769 119340114 62890489 856 2 0 17 1 0 65672698 1305206 5468783 524019
* * 261632 261632 0 0 0 0 0 0 0 0 0 261632 1
fi=(331)
+5 -74 261632 261632
fi=(284)
+3 -5 261632 261632
fi=(331)
+4 +5 261632 261632
+5 * 261632 0 0 0 0 0 0 0 0 261632 4
fi=(333)
+22 585 261632 261632 0 1 0 0 1
+9 * 261632 0 261632 0 0 63 0 0 63
+6 +2 261632
+3 * 261632 0 0 0 0 0 0 0 0 261632
fi=(312)
+2 1418 512 512
fi=(313)
+4 191 512 512
fi=(312)
+5 1418 512 512
+4 * 512 0 0 0 0 0 0 0 0 512
fi=(313)
+6 191 512 0 512
cfi=(320)
cfn=(1354) Vector::Vector(Vector const&)
calls=512 0x2d30 26 
* * 655144 152196 144246 45 90 33024 2 0 33023 85926 1614 1536 513
fi=(312)
+5 1423 512 0 512
fe=(283)
+5 47 512 512 0 1 0 0 1
+5 * 512 0 512
cfi=(320)
cfn=(1356) Vector::~Vector()
calls=512 0x2cd0 -33 
* * 67253 17134 9350 1387 11 0 13 3 0 11345 526 1539 5
fi=(318)
+5 1084 512
fi=(274)
+7 239 512 512
fi=(318)
+8 1084 512 0 512
+8 * 512
+4 * 512 0 512
+8 * 512
+4 * 512 0 512
fi=(274)
+8 280 512 512
+5 * 512 0 0 0 0 0 0 0 0 512
+2 +25 512 512 0 1 0 0 1
+8 * 512
fi=(313)
+4 172 512 0 512
cob=(7)
cfi=(336)
cfn=(1376)
calls=512 0xb0630 32 
* * 79872 22528 12800 515 0 0 4 0 0 13312 527 1024 1
cob=(1)
cfi=(275)
cfn=(1010)
calls=1 0x142e0 39 
* * 723 237 132 3 10 0 0 0 0 86 8 3 2
* * 516 514 2 0 0 0 0 0 0 0 0 513 2
fi=(337)
+5 +35 512 512
+5 * 512
+7 * 512 0 512
+8 * 512 0 512
cob=(7)
cfi=(207)
cfn=(854)
calls=512 0xc86c0 91 
* * 3072 1536 0 0 0 0 0 0 0 512 3
cob=(1)
cfi=(275)
cfn=(1010)
calls=1 0x142e0 39 
* * 783 252 132 0 5 0 0 0 0 101 10 2 2
* * 516 514 2 1 0 0 1 0 0 0 0 513 512
fi=(298)
+5 1017 512 512
+7 * 512 512
fi=(284)
+7 296 512 512
fi=(298)
+4 1017 512 512
+4 * 512 0 512 1 0 0 1
fi=(317)
+8 101 512 512
+4 * 512 512
+7 * 512 0 512
+8 * 512 0 512
fi=(298)
+8 +7 512 512
+4 * 512 512
+7 * 512 0 512
+8 * 512 0 512
fi=(284)
+8 296 512 0 0 1 0 0 1
+7 * 512 0 512
fi=(298)
+8 108 512 0 512
fi=(284)
+12 296 512 0 512
cob=(7)
cfi=(240)
cfn=(1390)
calls=512 0xe0650 87 
* * 31232 11264 7168 159 2 0 5 0 0 2048 11 1536 514
cob=(1)
cfi=(275)
cfn=(1010)
calls=1 0x142e0 39 
* * 771 249 132 3 9 0 0 0 0 96 6 2 2
* * 516 514 2 0 0 0 0 0 0 0 0 513 512
fi=(274)
+5 4409 512 512
+8 * 512 512
+4 * 512 512
fi=(284)
+8 51 512
+3 * 512 0 0 0 0 0 0 0 0 512
fi=(309)
+6 884 512 512
+4 * 512 0 0 1 0 0 1 0 0 512 3
fi=(277)
0x4120 235 512 0 0 1 0 0 1
+8 * 512
+8 * 512
+2 * 512 0 512
cob=(7)
cfi=(278)
cfn=(1022)
calls=512 0x1650b0 -92 
* * 183123 32226 21991 553 1 1 15 0 1 36818 2075 1024
* * 512 512 0 0 0 0 0 0 0 0 0 512 512
fi=(274)
+5 -6 512 0 512
fi=(277)
+8 +6 512 0 0 1 0 0 1
fi=(274)
+3 +31 512 512
+8 * 512 0 512
fi=(390)
+8 429 512
+3 * 512
+3 * 512 0 512
cob=(2)
cfi=(282)
cfn=(1038)
calls=512 0x16dd80 255 
* * 162304 51200 49664 1 0 47 1 0 47 15360 565
* * 512 512 0 0 0 0 0 0 0 0 0 512 1
fi=(277)
+5 257 512 512
fi=(274)
+8 -18 512 512
fi=(390)
+8 429 512
fi=(274)
+27 239 1 1 0 1 0 0 1
+8 +41 1 1
+5 * 1 0 0 0 0 0 0 0 0 1
+6 +25 1 1
+8 * 1
fi=(313)
+4 172 1 0 1
cob=(7)
cfi=(336)
cfn=(1376)
calls=1 0xb0630 32 
* * 156 44 25 0 0 0 0 0 0 26 1 2
* * 1 1 0 0 0 0 0 0 0 0 0 1
fi=(274)
+5 896 1
fi=(314)
+36 144 1 0 0 1 0 0 1
+3 * 1
fe=(283)

fn=(1492) Dataset::write(std::vector<double, std::allocator<double> >, std::__cxx11::basic_string<char, std::char_traits<char>, std::allocator<char> >)
0x3460 54 1 0 1 1 0 0 1
+2 * 1 0 1
+2 * 1 0 1
+2 * 1 0 1
+2 * 1 0 1
+1 * 1
+3 * 1 0 1
+1 * 1
+7 * 1 1 0 0 1
+9 * 1 0 1 1 0 1 1
+8 * 1
fi=(284)
+3 477 1
+8 * 1 0 1 0 0 1
cob=(7)
cfi=(240)
cfn=(842)
calls=1 0xe02a0 76 
* * 86 12 30 6 5 5 0 0 0 11 3 1 1
* * 1 1 0 0 1 0 0 0 0 0 0 1 1
+5 * 1
fi=(317)
+4 -36 1
+5 * 1
fi=(284)
+2 +36 1
fi=(317)
+7 -36 1 1 0 0 1
fi=(284)
+7 +36 1 0 1
+8 * 1 0 1
+8 -1 1
+2 * 1 0 1 1 0 0 1
fi=(317)
+8 -35 1 1 0 0 1
fi=(284)
+7 +36 1 0 1
fi=(317)
+8 -36 1 1 0 0 1
fi=(284)
+4 +35 1 0 1
fi=(317)
+12 -35 1 0 1
+5 * 1 0 1
+3 * 1 0 1
cob=(7)
cfi=(243)
cfn=(848)
calls=1 0x12ff60 131 
* * 157 63 36 4 15 1 0 0 0 12 1 8
* * 1 1 0 0 1 0 0 0 0 0 0 1
fi=(285)
+5 834 1
+7 * 1
+5 * 1 0 1 1 0 0 1
+5 * 1
+4 * 1 0 1
+8 * 1 0 1
cob=(7)
cfi=(286)
cfn=(1058)
calls=1 0x125e80 85 
* * 85 25 34 5 5 3 0 0 0 4 1 3
* * 1 1 0 0 1 0 0 0 0 0 0 1 1
+5 +1 1
+5 * 1
+8 * 1 0 1
cob=(7)
cfi=(243)
cfn=(848)
calls=1 0x12ff60 131 
* * 157 63 36 0 0 0 0 0 0 12 4 8
* * 1 1 0 0 0 0 0 0 0 0 0 1
+5 345 1 1 0 0 1
+3 * 1
+5 * 1
+5 * 1 0 1
cob=(7)
cfi=(286)
cfn=(1068)
calls=1 0x12a820 183 
* * 798 197 174 46 27 15 4 2 0 92 28 12 4
* * 1 1 0 0 1 0 0 0 0 0 0 1 1
+5 1021 1 1
+5 * 1 0 0 1 0 0 1
+5 * 1 1 0 0 1
+4 -1 1
+3 * 1 0 0 0 0 0 0 0 0 1
+6 +5 1
+2 * 1 0 1
cob=(7)
cfi=(243)
cfn=(1118)
calls=1 0x12fab0 46 
* * 9 3 1 0 0 0 0 0 0 1
* * 1 1 0 1 1 0 0 0 0 0 0 1 1
fe=(283)
+5 59 1 1
+8 * 1 0 0 0 0 0 0 0 0 1
fi=(312)
+6 1119 1 1
+4 * 1 1
+4 * 1
+2 * 1
+3 * 1
+4 * 1
fi=(346) /usr/include/c++/15.2.1/iomanip
+9 222 130816 130816 0 1 0 0 1
fi=(317)
+5 +10 130816 130816 0 0 16351
+5 * 130816
fi=(391) /usr/include/c++/15.2.1/bits/ios_base.h
+5 777 130816 130816
+4 * 130816 0 130816
fi=(317)
+9 232 130816 0 130816
cob=(7)
cfi=(347)
cfn=(1506)
calls=130816 0x154690 67 
* * 378109109 91383367 58512512 190 47 137 173 14 0 54336785 1105803 3009401 23
cob=(1)
cfi=(275)
cfn=(1010)
calls=1 0x142e0 39 
* * 816 260 132 3 45 18 0 1 0 102 8 2 2
* * 130820 130818 2 0 1 0 0 0 0 0 0 130817 2
+5 739 130816
+5 * 130816
+7 * 130816
+3 * 130816 0 130816
cob=(7)
cfi=(364)
cfn=(1598)
calls=130816 0x152ec0 84 
* * 22239572 7456800 3924732 5 1 8 5 1 0 3008768 135606 654104 2
cob=(1)
cfi=(275)
cfn=(1010)
calls=1 0x142e0 39 
* * 1193 320 132 2 12 0 0 0 0 163 10 2 1
* * 130820 130818 2 0 0 0 0 0 0 0 0 130817 2
fi=(312)
+5 1119 130816 130816
+4 * 130816 130816
+4 +1 130816
+4 -1 130816
+3 * 130816
fe=(283)
+4 65 130816
+3 * 130816 0 0 0 0 0 0 0 0 130816 5
-3 * 1 0 0 1 0 0 1
+3 * 1 0 0 0 0 0 0 0 0 1 1
fi=(285)
+2 1053 1
+5 * 1 0 1
cob=(7)
cfi=(286)
cfn=(1400)
calls=1 0x129bd0 253 
* * 788 238 152 52 32 1 6 0 0 108 30 20 9
* * 1 1 0 0 1 0 0 0 0 0 0 1 1
+5 * 1
+3 * 1 0 0 0 0 0 0 0 0 1
+6 918 1
+7 261 1
+5 918 1 1 0 0 1
+8 * 1 0 1
+8 * 1 0 0 1 0 0 1
+7 * 1
+5 * 1
+4 * 1 0 1
+5 261 1 0 1
cob=(7)
cfi=(286)
cfn=(1400)
calls=1 0x129bd0 -8 
* * 31 11 6 0 0 0 0 0 0 2 1 1
* * 1 1 0 0 0 0 0 0 0 0 0 1
+5 +3 1
+8 * 1 0 1
cob=(7)
cfi=(287)
cfn=(1434)
calls=1 0xf2b50 -54 
* * 23 9 5 0 0 0 0 0 0 1 1 2
* * 1 1 0 1 0 0 0 0 0 0 0 1 1
fi=(337)
+5 -57 1
+7 * 1
+5 * 1 0 1
+5 * 1 0 1
cob=(7)
cfi=(207)
cfn=(854)
calls=1 0xc86c0 91 
* * 6 3 0 1 0 0 0 0 0 1 1
* * 1 1 0 0 1 0 0 0 0 0 0 1
fi=(317)
+5 101 1 1 0 0 1
+4 * 1 1 0 1 1 0 1
+7 * 1 0 1
fi=(284)
+5 296 1
fi=(317)
+8 101 1 0 1
fi=(284)
+5 296 1
+7 * 1 0 1
+8 * 1 0 1
cob=(7)
cfi=(240)
cfn=(1390)
calls=1 0xe0650 87 
* * 61 22 14 5 4 0 0 0 0 4 4 3 1
* * 1 1 0 1 0 0 0 0 0 0 0 1 1
fe=(283)
+5 72 1 1
+8 * 1 1
+9 * 1 0 0 1 0 0 1 0 0 1
+6 * 1
+7 * 1 1 0 0 1
+1 * 1 1
+1 * 1 1
+2 * 1 1
+2 * 1 1
+2 * 1 1
+2 * 1 1

fl=(274)
fn=(1002) std::__cxx11::basic_string<char, std::char_traits<char>, std::allocator<char> >::basic_string<std::allocator<char> >(char const*, std::allocator<char> const&)
0x2b70 706 2 0 2 1
+2 * 2 0 2
+1 * 2 0 2
+1 * 2
+4 246 2 2 0 2 0 0 1
+9 * 2 0 2
+5 * 2
+4 -41 2 0 2 0 0 1
+3 710 2
+3 * 2 0 0 0 0 0 0 0 0 2
+6 * 2
fi=(390)
+3 393 2
+3 * 2
+3 * 2 0 2
cob=(2)
cfi=(232) /usr/src/debug/glibc/glibc/string/../sysdeps/x86_64/multiarch/strlen-avx2.S
cfn=(794) __strlen_avx2
calls=2 0x170b00 52 
* * 28 4 0 1 1 0 0 0 0 4
cob=(1)
cfi=(275)
cfn=(1010)
calls=1 0x142e0 39 
* * 884 290 147 41 33 10 14 1 1 119 15 4 4
* * 6 4 2 1 2 0 1 0 0 0 0 3 3
fi=(277)
+5 231 2 0 2
fi=(390)
+5 393 2
fi=(277)
+3 233 2
+4 * 2 0 0 0 0 0 0 0 0 2 2
fe=(274)
+16 +1 2 0 2
fi=(390)
+4 352 2 0 2
fe=(274)
+5 715 2 2
+5 * 2 2
+9 * 2 0 0 0 0 0 0 0 0 2
+2 * 2
+4 * 2 2
+1 * 2 2
+1 * 2 2
+2 * 2 2
fi=(277)
+15 235 2 0 0 2 0 0 1
+5 * 2
+2 * 2
+3 * 2 0 2
+5 * 2 0 2 2 0 0 1
cob=(7)
cfi=(278)
cfn=(1022)
calls=2 0x1650b0 -92 
* * 586 86 151 17 6 13 16 0 12 164 37 4 2
cob=(1)
cfi=(275)
cfn=(1010)
calls=1 0x142e0 39 
* * 1168 317 139 8 17 0 0 3 0 157 20 2 2
* * 6 4 2 1 2 0 1 0 0 0 0 3 2
+5 * 2 2
fe=(274)
+5 -6 2 0 2
fi=(277)
+3 +6 2
fe=(274)
+3 +31 2 2
+5 * 2 0 2
fi=(390)
+4 429 2
+3 * 2
+3 * 2
+3 * 2 0 2
cob=(2)
cfi=(282)
cfn=(1038)
calls=2 0x16dd80 255 
* * 22 6 4 2 0 0 2 0 0 4 3
cob=(1)
cfi=(275)
cfn=(1010)
calls=1 0x142e0 39 
* * 1058 339 165 8 16 0 0 1 0 141 19 4 3
* * 6 4 2 1 2 0 1 0 0 0 0 3 1
fi=(277)
+5 257 2 2
fe=(274)
+5 -18 2 2
fi=(390)
+3 429 2
fe=(274)

fl=(267) ???
fn=(1638) 0x0000000000002b00
0x2b00 0 1 0 0 1 0 0 1
+4 0 1 1 0 0 1
+7 0 1 0 0 0 0 0 0 0 0 1
+2 0 1 0 1
+1 0 1 1 0 0 1
+8 0 1
+3 0 1 0 0 0 0 0 0 0 0 1
+2 0 1 1 0 0 1
+7 0 1 1 1 0 0 0 0 0 0 0 0 1 1
cob=(2)
cfi=(373)
cfn=(1644)
calls=1 0x40500 45 
* 0 99 22 12 8 4 1 8 1 1 23 4
+6 0 1 0 1
cfn=(1652) 0x0000000000002a90
calls=1 0x2a90 0 
* 0 5 1 0 1 0 0 0 0 0 1
+5 0 1 0 1
+7 0 1 1
+1 0 1 1

fn=(984) 0x0000000000002b50
0x2ac0 0 1 0 0 1 0 0 1
+7 0 1
+7 0 1
+3 0 1
+3 0 1
+4 0 1
+4 0 1
+3 0 1
+3 0 1 0 0 0 0 0 0 0 0 1 1
+22 0 1 1
+88 0 1 0 0 1 0 0 1
+4 0 1

fn=(976) (below main)
0x2a60 0 1 0 0 1 0 0 1
+4 0 1
+2 0 1
+3 0 1 1
+1 0 1
+3 0 1
+4 0 1 0 1
+1 0 1 0 1
+1 0 1
+3 0 1
+2 0 1
+7 0 1 1 1 1 1 0 1 0 0 0 0 1 1
cob=(2)
cfi=(268) /usr/src/debug/glibc/glibc/csu/../csu/libc-start.c
cfn=(978) __libc_start_main@@GLIBC_2.34
calls=1 0x276a0 242 
* 0 1066438556 293139839 129731463 18761 8585676 116118 880 190 115040 144068008 2695535 9702547 530040

fn=(1652)
0x2a90 0 1 0 0 1
+7 0 1
+7 0 1
+3 0 1 0 0 0 0 0 0 0 0 1
+23 0 1 1

fl=(273) /home/ikea/Projects/DV1674/dv1674_a2/pearson/pearson.cpp
fn=(1000) main
0x2780 11 1 0 1 1 0 0 1
+2 * 1 0 1
+2 * 1 0 1
+2 * 1 0 1
+2 * 1 0 1
+1 * 1 0 1
+1 * 1
+7 * 1 1
+9 * 1 0 1
+8 * 1
+3 +1 1
+3 * 1 0 0 0 0 0 0 0 0 1
+6 +5 1 1
+4 * 1
+8 * 1
+5 * 1 0 1 1 0 0 1
cfi=(274)
cfn=(1002)
calls=1 0x2b70 706 
* * 3720 1045 618 81 70 22 38 5 13 578 92 18 15
+5 * 1
+5 * 1
+8 * 1
+3 * 1 0 1
+5 * 1 0 1
cfi=(283)
cfn=(1040)
calls=1 0x37e0 +2 
* * 451297041 122008160 63984222 18056 1215 33227 438 156 33194 66863108 1319407 5772491 529910
fi=(274)
+5 896 1 0 0 1
+8 * 1 0 1
cob=(7)
cfi=(311)
cfn=(1442)
calls=1 0x165110 296 
* * 43 12 4 1 2 0 1 0 0 8 0 2 1
cob=(1)
cfi=(275)
cfn=(1010)
calls=1 0x142e0 39 
* * 1149 310 132 4 15 1 1 4 0 157 11 2 2
* * 5 3 2 1 0 0 1 0 0 0 0 2 1
fi=(312)
+5 1119 1 1
+5 * 1 1
+5 387 1
+3 * 1
+3 * 1 0 0 1 0 0 1 0 0 1
fi=(313)
+6 151 1
+3 * 1 0 1
cob=(7)
cfi=(280)
cfn=(1026)
calls=1 0xb26a0 43 
* * 233 43 29 4 1 0 0 0 0 47 6 1
* * 1 1 0 0 0 0 0 0 0 0 0 1 1
+5 * 1 0 1
fi=(312)
+4 405 1 1
+4 * 1
+5 +2 1
+4 -2 1
+4 +2 1 0 1 0 0 1
+5 -2 1 0 1
fi=(314)
+5 144 1
+3 * 1 0 0 0 0 0 0 0 0 1
+6 * 1
+3 * 1
+1 * 1
fi=(341) /usr/include/c++/15.2.1/bits/stl_construct.h
+11 -11 1 0 0 1 0 0 1
+3 * 1
+3 * 1 0 1
cfi=(320)
cfn=(1354)
calls=1 0x2d30 26 
* * 1335 312 293 1 64 1 0 0 0 188 7 3
-6 * 511
+3 * 511
+3 * 511 0 511
cfi=(320)
cfn=(1354)
calls=511 0x2d30 26 
* * 633430 151478 143519 6 33073 32945 0 0 32768 79237 560 1533
fi=(314)
+5 +11 512
+4 * 512
+4 * 512
+3 * 512 0 0 0 0 0 0 0 0 512 3
fe=(273)
+2 18 1
+5 * 1
fi=(312)
+5 635 1 0 1 0 0 1
fe=(273)
+5 18 1 0 1
cfi=(342) /home/ikea/Projects/DV1674/dv1674_a2/pearson/analysis.cpp
cfn=(1454) Analysis::correlation_coefficients(std::vector<Vector, std::allocator<Vector> >)
calls=1 0x43b0 -4 
* * 210399539 70113166 1691714 64 8516843 33344 55 2 32709 18566194 133679 105 2
+5 * 1
+5 * 1 0 1
cfi=(312)
cfn=(1488) std::vector<Vector, std::allocator<Vector> >::~vector()
calls=1 0x2c60 800 
* * 104076 30037 16288 2 655 2 2 0 0 16861 35 1539
+5 +1 1 1 0 0 1
+4 * 1
+5 * 1 0 0 1 0 0 1
+8 * 1 0 1
cfi=(274)
cfn=(1002)
calls=1 0x2b70 706 
* * 134 31 22 6 9 2 0 0 0 17 4 5 2
fi=(312)
+5 1119 1 1
+5 387 1 1
+5 * 1
+3 * 1 0 0 0 0 0 0 0 0 1
fi=(313)
+6 151 1
+3 * 1 0 1
cob=(7)
cfi=(280)
cfn=(1026)
calls=1 0xb26a0 43 
* * 524 102 70 0 2 5 0 0 1 87 13 1
* * 1 1 0 0 0 0 0 0 0 0 0 1
fi=(312)
+5 405 1
+5 +2 1
fi=(314)
+4 273 1
+3 * 1
fi=(312)
+3 405 1
fi=(314)
+4 273 1
fi=(312)
+3 407 1 0 1 1 0 0 1
+5 -2 1 0 1
fi=(314)
+5 273 1 0 1
cob=(2)
cfi=(282)
cfn=(1038)
calls=1 0x16dd80 -18 
* * 1046512 1046486 1046482 0 16356 16354 0 0 16352 1046488 4
* * 1 1 0 0 0 0 0 0 0 0 0 1
fe=(273)
+5 19 1
+8 * 1
fi=(312)
+5 635 1 0 1 0 0 1
fe=(273)
+5 19 1 0 1
cfi=(283)
cfn=(1492)
calls=1 0x3460 +35 
* * 402838511 99757142 62830481 332 16562 190 198 18 0 57476887 1241507 3925212 54
fi=(312)
+5 376 1 1 0 1
+5 +19 1
+3 * 1 0 0 0 0 0 0 0 0 1
+2 -19 1 1
+5 * 1
fi=(313)
+3 172 1 0 1
cob=(7)
cfi=(336)
cfn=(1376)
calls=1 0xb0630 32 
* * 95 22 9 5 4 0 0 0 0 15 2 2
* * 1 1 0 0 0 0 0 0 0 0 0 1
fi=(274)
+5 896 1 0 0 1 0 0 1
+8 * 1 0 1
cob=(7)
cfi=(311)
cfn=(1442)
calls=1 0x165110 296 
* * 43 12 4 0 4 0 0 0 0 8 1 2
* * 1 1 0 0 0 0 0 0 0 0 0 1 1
fi=(312)
+5 376 1 1
+5 +19 1
+3 * 1 0 0 0 0 0 0 0 0 1
+2 -19 1 1
+5 * 1
fi=(313)
+3 172 1 0 1
cob=(7)
cfi=(336)
cfn=(1376)
calls=1 0xb0630 32 
* * 95 22 9 0 1 0 0 0 0 15 2 2
* * 1 1 0 0 0 0 0 0 0 0 0 1
fe=(273)
+5 22 1 1 0 0 1
+5 * 1 0 1
cfi=(312)
cfn=(1488)
calls=1 0x2c60 800 
* * 104254 30106 16323 15 645 2 0 0 0 16889 13 1539
+5 * 1 1
+8 * 1 1
+9 * 1 0 0 0 0 0 0 0 0 1
+2 * 1 0 0 1 0 0 1
+7 * 1
+2 * 1 1
+1 * 1 1 0 0 1
+1 * 1 1
+2 * 1 1
+2 * 1 1
+2 * 1 1
+2 * 1 1

fl=(320)
fn=(1462) Vector::dot(Vector const&) const
0x3210 122 131328 0 0 1 0 0 1
+3 +6 131328 131328 0 0 131
+3 -6 131328
+3 +6 131328
+2 * 131328 0 0 0 0 0 0 0 0 131328 1
+2 * 131328
+3 -76 131328
+4 +78 131328 131328
+3 -78 131328 131328 0 0 32752
+3 * 131328
+3 * 131328
+2 * 131328
+4 * 131328
+2 * 131328
+3 * 131328
+8 +81 131328 131328 0 1 65890 0 1
+5 * 131328 131328 0 0 257
+5 * 131328
+3 * 131328 131328 0 0 126
+6 * 131328
+4 * 131328
+4 * 131328 131328 0 0 32629
+6 * 131328
+4 * 131328
+4 * 131328
+4 -5 131328
+2 * 131328 0 0 0 0 0 0 0 0 131328 7
-47 +5 16678656 16678656 0 0 4143622
+5 * 16678656 16678656 0 0 16070
+5 * 16678656
+3 * 16678656 16678656 0 0 15827
+6 * 16678656
+4 * 16678656
+4 * 16678656 16678656 0 0 4159771
+6 * 16678656
+4 * 16678656
+4 * 16678656
+4 -5 16678656
+2 * 16678656 0 0 0 0 0 0 0 0 16678656 131362
+2 +8 131328
+4 * 131328
+4 * 131328
+4 * 131328 0 0 1 0 0 1
+4 * 131328
+4 * 131328
+4 * 131328
+4 * 131328 131328

fn=(1460) Vector::prepeare()
0x32d0 113 512 0 512 1 0 0 1
+1 * 512
+3 * 512 0 512
+1 * 512
+4 -44 512 512 0 0 129
+3 * 512
+2 * 512 0 0 0 0 0 0 0 0 512
+6 * 512
+4 * 512 512
+3 -2 512
+4 -1 512
+4 -1 512
+4 -1 512
+4 * 512
+3 * 512 0 0 1 0 0 1
+3 * 512
+4 * 512
+3 +7 512
+3 * 512
+2 * 512
+4 * 512
+3 * 512
+1 * 512
+11 * 512 512 0 0 258
+4 +1 512 512
+5 -3 512
+4 +4 512 512 0 0 127
+5 +1 512 512
+5 -5 512
+3 * 512 0 0 0 0 0 0 0 0 512 3
-26 +2 65024 65024 0 0 16255
+4 +1 65024 65024
+5 -3 65024
+4 +4 65024 65024 0 0 16257
+5 +1 65024 65024
+5 -5 65024
+3 * 65024 0 0 0 0 0 0 0 0 65024 522
+2 +8 512
+4 * 512 0 0 1 0 0 1
+3 * 512
+2 * 512
+4 * 512
+4 * 512
+4 * 512
+4 * 512
+4 +13 512
+4 * 512
+35 * 65024
+4 +2 65024 65024
+5 * 65024 65024
+4 * 65024
+3 * 65024
+4 * 65024
+4 * 65024 0 65024
+4 * 65024 0 65024
+3 * 65024
+3 * 65024
+2 * 65024 0 0 0 0 0 0 0 0 65024 525
-32 * 512 512 0 1 0 0 1
+5 * 512 512
+4 * 512
+3 * 512
+4 * 512
+4 * 512 0 512
+4 * 512 0 512
+3 * 512
+3 * 512
+2 * 512 0 0 0 0 0 0 0 0 512 2
+2 -9 512
+3 * 512
+3 * 512 0 512
cfn=(1462)
calls=512 0x3210 +39 
* * 798208 264192 0 3 0 0 3 0 0 66048 524
+5 +1 512
+4 * 512
+4 * 512 0 0 0 0 0 0 0 0 512
+6 * 512 0 0 1 0 0 1
+4 +18 512
+4 * 512
+4 * 512
+3 +2 512
+2 * 512
+4 * 512
+11 * 512
+11 * 512
+11 * 512
+11 * 512 512 0 1 0 0 1
+5 * 512 512
+4 * 512
+3 * 512
+4 * 512
+4 * 512
+4 * 512 0 512
+4 * 512 0 512
+4 * 512
+2 * 512 0 0 0 0 0 0 0 0 512 2
-34 * 65024 65024
+5 * 65024 65024
+4 * 65024
+3 * 65024
+4 * 65024
+4 * 65024
+4 * 65024 0 65024
+4 * 65024 0 65024
+4 * 65024
+2 * 65024 0 0 0 0 0 0 0 0 65024 526
+2 +14 512
+4 * 512 512
+1 * 512 512
+1 * 512 512

fn=(1246)
0x2cf0 22 512 0 512 1 0 0 1
+1 * 512 0 512
+1 * 512
+3 * 512
+2 * 512
+3 * 512
+4 * 512 0 0 1 0 0 1
+4 * 512 0 512
cob=(7)
cfi=(297)
cfn=(1112)
calls=512 0xb2710 +9 
* * 80407 16895 9727 2 1 1 2 0 1 15354 1033 1024
cob=(1)
cfi=(275)
cfn=(1010)
calls=1 0x142e0 +17 
* * 647 234 132 0 8 0 0 1 0 78 5 1 1
* * 516 514 2 0 0 0 0 0 0 0 0 513 1
+5 * 512 0 512
+3 * 512 0 512
+3 * 512
+4 * 512 512
+1 * 512 512
+1 * 512 512

fn=(1354)
0x2d30 26 1024 0 1024
+2 * 1024
+3 * 1024 0 1024
+1 * 1024
+3 * 1024 0 1024
+1 * 1024 1024 0 0 128
+3 * 1024
+3 -4 1024 0 0 2 0 0 1
+4 * 1024 0 1024
cob=(7)
cfi=(297)
cfn=(1112)
calls=1024 0xb2710 +9 
* * 210613 34674 19770 49 203 1070 0 0 1022 32231 661 2048 512
* * 1024 1024 0 0 0 0 0 0 0 0 0 1024 1
+5 * 1024 0 1024 0 0 256 0 0 127
+3 * 1024 0 1024
+4 +6 1024
+2 * 1024 0 0 0 0 0 0 0 0 1024 4
+2 +2 1024 1024
+4 * 1024
+3 * 1024
+3 * 1024
+4 * 1024
+3 * 1024
+4 * 1024 0 0 0 0 0 0 0 0 1024 474
+2 * 1024
+3 * 1024
+2 * 1024
+2 * 1024
+3 * 1024
+11 * 1024 1024 0 1 256 0 1
+5 * 1024 1024 0 0 128
+6 +3 1024
+3 -3 1024 0 1024 0 0 256 0 0 256
+4 * 1024 0 1024 0 0 255 0 0 255
+5 -2 1024
+4 * 1024
+2 * 1024 0 0 0 0 0 0 0 0 1024 4
-29 +2 130048 130048 0 0 16256
+5 * 130048 130048 0 0 16256
+6 +3 130048
+3 -3 130048 0 130048 0 0 32194 0 0 32193
+4 * 130048 0 130048 0 0 31939 0 0 31938
+5 -2 130048
+4 * 130048
+2 * 130048 0 0 0 0 0 0 0 0 130048 1038
+2 +7 1024 1024
+1 * 1024 1024
+1 * 1024 1024
+2 * 1024 1024

fn=(1252)
0x2e10 46 512 512 0 2 0 0 1
+3 +1 512 512

fn=(1356)
0x2cd0 14 1539 1539 0 0 258
+3 * 1539
+3 * 1539 0 0 0 0 0 0 0 0 1539 3
+2 +2 1536
cob=(7)
cfi=(335)
cfn=(1362)
calls=1536 0xb0650 +18 
* * 261723 73859 40746 1393 1041 4 13 0 0 42394 557 3072 1
cob=(1)
cfi=(275)
cfn=(1010)
calls=1 0x142e0 +23 
* * 689 236 132 6 9 0 0 3 0 81 6 2 2
* * 1540 1538 2 0 1 0 0 0 0 0 0 1537 2
+8 +4 3 3

fn=(1456) Vector::Vector()
0x2cc0 10 3 0 3
+7 * 3 0 3
+7 * 3 3

fl=(312)
fn=(1488)
0x2c60 800 2 0 2 2 0 0 1
+2 * 2
+3 * 2 0 2
+1 * 2 0 2
+1 +2 2 2
+4 * 2 2
fi=(341)
+3 211 2
+3 * 2 0 0 0 0 0 0 0 0 2
+2 * 2
+2 * 2
+11 -45 2 0 0 2 0 0 1
+3 +45 2
+4 -45 2 0 2
cfi=(320)
cfn=(1356)
calls=2 +73 14 
* * 260 66 36 0 18 2 0 0 0 44 6 6
-7 * 1022
+3 +45 1022
+4 -45 1022 0 1022
cfi=(320)
cfn=(1356)
calls=1022 +73 14 
* * 202583 59969 31494 12 1279 2 0 0 0 32622 31 3066
+5 +45 1024
+3 * 1024 0 0 0 0 0 0 0 0 1024 4
fe=(312)
+2 376 2 2
+4 +19 2
+3 * 2 0 0 0 0 0 0 0 0 2
+2 -19 2 2
fi=(313)
+5 172 2
fe=(312)
+3 376 2
+3 805 2 2
+1 * 2 2
+1 * 2 2
fi=(313)
+2 172 2
cob=(7)
cfi=(336)
cfn=(1376)
calls=2 0xb0630 32 
* * 325 92 51 1 2 0 0 0 0 56 7 4
* * 2 2 0 0 1 0 0 0 0 0 0 2
fe=(312)

fl=(342)
fn=(1454)
0x43b0 14 1 0 1 1 0 0 1
+2 +1 1
+4 -1 1 0 1
+2 * 1 0 1
+2 * 1 0 1
+2 * 1 0 1
+1 * 1 0 1
+1 * 1 0 0 1 0 0 1
+3 * 1
+7 * 1 1 0 0 1
+9 * 1 0 1
+8 * 1
+3 +1 1 0 1
+8 * 1 0 1
+3 +1 1
+5 * 1 0 1
+5 * 1 0 1
cfi=(320)
cfn=(1456)
calls=1 0x2cc0 -6 
* * 3 1 2
+5 +2 1
+5 * 1
+3 * 1 0 1 1 0 0 1
+5 * 1 0 1
cfi=(320)
cfn=(1456)
calls=1 0x2cc0 -8 
* * 3 1 2
+5 * 1
+5 * 1
+3 * 1 0 1
+5 * 1 0 1
cfi=(320)
cfn=(1456)
calls=1 0x2cc0 -8 
* * 3 1 2
fi=(312)
+5 1119 1 1
+3 * 1 1
+4 * 1
+3 * 1
fe=(342)
+4 21 1
+3 * 1 0 0 0 0 0 0 0 0 1
+2 * 1
+4 * 1
+3 * 1
+4 * 1
fi=(312)
+8 1264 511 511
+3 * 511
+4 * 511
fe=(342)
+3 23 511 0 511
cfi=(320)
cfn=(1460)
calls=511 0x32d0 +90 
* * 2654645 789495 263165 0 32961 0 0 0 0 263165 2072
fi=(312)
-3 1264 1 0 0 1 0 0 1
fe=(342)
+3 23 1 0 1
cfi=(320)
cfn=(1460)
calls=1 0x32d0 +90 
* * 5195 1545 515 9 65 0 9 0 0 515 32
+5 -2 512
+3 * 512 0 0 0 0 0 0 0 0 512 3
+2 +5 1
+4 * 1 0 0 0 0 0 0 0 0 1
+6 -5 1 0 1 0 0 1
+9 +5 1 0 1
+8 * 1
fi=(312)
+1 1264 1 1
fe=(342)
+5 28 1 0 1
+5 * 1 1
fi=(312)
+4 1264 1 0 0 1 0 0 1
+4 * 1 0 1
fe=(342)
+4 28 1
+2 * 1
+3 * 1 0 0 0 0 0 0 0 0 1 1
fi=(312)
-27 1264 510 510
fe=(342)
+5 28 510 0 510
+5 * 510 510
fi=(312)
+4 1264 510
+4 * 510 0 510
fe=(342)
+4 28 510
+2 * 510
+3 * 510 0 0 0 0 0 0 0 0 510 2
fi=(313)
+13 191 130798 0 130798 0 0 16348 0 0 16329
fe=(342)
+4 28 130798
fi=(312)
+3 1423 130798
fe=(342)
+4 28 130798
fi=(312)
+4 1423 130798 0 130798
fe=(342)
+4 28 130798
+3 * 130798 0 0 0 0 0 0 0 0 130798 511
fi=(312)
+6 1264 130816 130816
+3 * 130816
+4 * 130816 130816
fe=(342)
+4 30 130816 0 130816 1 0 0 1
cfi=(320)
cfn=(1462)
calls=130816 0x3210 +92 
* * 203942144 67501056 0 0 8467075 0 0 0 0 16875264 130846
+5 * 130816
fi=(333)
+4 234 130816 130816 0 0 6 0 0 1
+8 +5 130816
+4 * 130816 0 0 0 0 0 0 0 0 130816
+2 +19 130816 130816
+8 * 130816
fi=(312)
+4 1418 130816 130816
+4 * 130816 130816
+4 * 130816
+3 * 130816 0 0 0 0 0 0 0 0 130816 17
+2 2199 18
+10 1119 18 18
+3 * 18
+3 * 18 0 0 1 0 0 1
+3 * 18
+4 2199 18
+3 * 18 0 0 0 0 0 0 0 0 18
fi=(333)
+6 263 18
+3 * 18
+6 * 18 0 18 0 0 10
+5 * 18
+4 * 18 0 18
+5 * 18 0 18
fi=(312)
+5 2202 18
+3 * 18 0 18
+6 +1 18
+10 * 18 0 0 1 0 0 1
+3 * 18
fi=(313)
+4 151 18
+4 * 18
+3 * 18 0 18
cob=(7)
cfi=(280)
cfn=(1026)
calls=18 0xb26a0 43 
* * 4482 833 533 25 190 73 18 1 10 718 106 19 1
* * 18 18 0 0 13 0 0 0 0 0 0 18
+5 +40 18 18
+5 * 18 18
+6 -40 18
fi=(314)
+3 1331 18 18
+5 * 18 18
+5 * 18
fi=(313)
+3 191 18 0 18 0 0 14 0 0 10
fi=(314)
+5 1331 18 0 0 0 0 0 0 0 0 18 2
+2 +12 17
+3 * 17
+3 * 17 0 17
+5 * 17 0 17
+5 * 17 0 17
+5 * 17 0 17
cob=(2)
cfi=(282)
cfn=(1038)
calls=17 0x16dd80 255 
* * 1033873 1032532 1032485 4 16402 16383 3 0 16360 1032173 40
* * 17 17 0 0 13 0 0 0 0 0 0 17 1
+5 * 17 17 0 0 5
+5 * 17 17
+5 * 17 17
+5 * 17
fi=(315)
+3 601 17
fi=(312)
+5 1882 17
+3 * 17 0 0 0 0 0 0 0 0 17 1
fi=(315)
-8 601 1 0 0 1 0 0 1
fi=(312)
+5 1882 1
+3 * 1 0 0 0 0 0 0 0 0 1 1
fi=(315)
+2 639 17
fi=(313)
+3 172 17
+3 * 17 0 17
fi=(315)
+5 639 17
+3 * 17 0 17
fi=(313)
+5 172 17 0 17
cob=(7)
cfi=(336)
cfn=(1376)
calls=17 0xb0630 32 
* * 1831 514 252 14 104 9 13 0 0 317 33 34
* * 17 17 0 0 5 0 0 0 0 0 0 17
+5 * 17 17
+5 * 17 17
fi=(315)
+5 644 17 0 17 0 0 5
fe=(342)
+3 28 17
fi=(315)
+3 646 17
fe=(342)
+3 28 17
fi=(315)
+4 645 17 0 17
+4 +1 17 0 17
fe=(342)
+4 28 17
+3 * 17 0 0 0 0 0 0 0 0 17 5
fi=(315)
-24 644 1 0 1 1 0 0 1
fe=(342)
+3 28 1
fi=(315)
+3 646 1
fe=(342)
+3 28 1
fi=(315)
+4 645 1 0 1
+4 +1 1 0 1
fe=(342)
+4 28 1
+3 * 1 0 0 0 0 0 0 0 0 1 1
+13 -2 511 0 511 0 0 501
+6 * 511
+4 * 511 511
+4 * 511 0 0 1 0 0 1 0 0 511 3
+6 +10 1 1
+5 * 1 0 1
cfi=(320)
cfn=(1356)
calls=1 0x2cd0 -22 
* * 4 2 0 0 1 0 0 0 0 1 1
+5 * 1 1
+5 * 1 0 1
cfi=(320)
cfn=(1356)
calls=1 0x2cd0 -22 
* * 4 2 0 0 0 0 0 0 0 1 1
+5 * 1 1
+5 * 1 0 1
cfi=(320)
cfn=(1356)
calls=1 0x2cd0 -22 
* * 4 2 0 0 0 0 0 0 0 1 1
+5 * 1 1
+8 * 1 1 0 0 1
+9 * 1 0 0 0 0 0 0 0 0 1
+2 * 1
+7 * 1
+3 * 1 1 0 0 1
+1 * 1 1 0 1 0 0 1
+1 * 1 1
+2 * 1 1
+2 * 1 1
+2 * 1 1
+2 * 1 1

ob=(2)
fl=(108) /usr/src/debug/glibc/glibc/string/../sysdeps/x86_64/multiarch/memset.c
fn=(372) memset
0xac1e0 29 3 0 0 1 0 0 1
fi=(109) /usr/src/debug/glibc/glibc/string/../sysdeps/x86_64/multiarch/ifunc-memset.h
+4 +32 3 3 0 0 1
+7 * 3
+7 * 3 3 0 0 1
+6 * 3
+3 * 3 0 0 0 0 0 0 0 0 3 1
+2 +3 3 3 0 1 1 0 1
+6 * 3
+6 * 3 0 0 0 0 0 0 0 0 3
+2 +16 3
+3 * 3 0 0 0 0 0 0 0 0 3
+2 +4 3
+2 * 3
+2 * 3
+5 * 3 0 0 0 0 0 0 0 0 3
+6 +8 3
+3 * 3 0 0 0 0 0 0 0 0 3 3
fe=(108)
+75 -63 3 3 0 1 0 0 1
fi=(109)
+67 +71 3 0 0 1 0 0 1
+3 * 3 0 0 0 0 0 0 0 0 3
+2 -48 3
+7 +1 3
+3 * 3 0 0 1 0 0 1 0 0 3 3
fe=(108)

fl=(195) /usr/src/debug/glibc/glibc/string/../sysdeps/x86_64/multiarch/strrchr-avx2.S
fn=(672) __strrchr_avx2
0x1729b0 53 1 0 0 1 0 0 1
+4 +1 1
+4 +1 1
+2 +2 1
+5 +1 1 0 0 1 0 0 1
+4 +4 1
+3 +1 1
+5 +1 1 0 0 0 0 0 0 0 0 1
+6 +3 1 1 0 0 1 0 0 1
+4 +2 1
+4 +1 1
+4 +1 1
+2 +1 1 0 0 0 0 0 0 0 0 1
+6 +3 1
+4 +1 1
+4 +2 1
+5 +1 1
+2 +1 1 0 0 0 0 0 0 0 0 1 1
+2 +1 1
+3 +1 1
+3 +9 1
+3 * 1 1

fl=(118) /usr/src/debug/glibc/glibc/string/../sysdeps/x86_64/multiarch/strchr.c
fn=(396) index
0xad080 65 2 0 0 1 0 0 1
+4 -23 2 2
+7 * 2 2
+6 +2 2 2
+6 -1 2
+2 * 2
+2 * 2
+5 * 2 0 0 0 0 0 0 0 0 2 2
+32 +1 2 0 0 1 0 0 1
+3 * 2 0 0 0 0 0 0 0 0 2
+2 +4 2
+2 * 2
+2 * 2
+5 * 2 0 0 0 0 0 0 0 0 2 1
+2 +3 2
+7 * 2
+3 * 2 0 0 0 0 0 0 0 0 2
+2 +3 2
+7 * 2
+3 * 2 0 0 0 0 0 0 0 0 2
+2 +11 2 2

fl=(140) /usr/src/debug/glibc/glibc/string/../sysdeps/x86_64/multiarch/strspn.c
fn=(462) strspn
0xaf370 29 2 0 0 1 0 0 1
fi=(392) /usr/src/debug/glibc/glibc/string/../sysdeps/x86_64/multiarch/ifunc-sse4_2.h
+4 +7 2 2
+7 * 2 0 0 1 0 0 1
+7 * 2 2 0 0 1
+7 * 2
+7 * 2
fe=(140)
+4 -7 2 2

fl=(99) /usr/src/debug/glibc/glibc/string/../sysdeps/x86_64/multiarch/strcat.c
fn=(344) strcat
0xad010 29 1 0 0 1 0 0 1
fi=(91) /usr/src/debug/glibc/glibc/string/../sysdeps/x86_64/multiarch/ifunc-strcpy.h
+4 +9 1 1
+7 * 1 1
+6 +1 1 1
+6 -1 1
+3 * 1 0 0 0 0 0 0 0 0 1
+2 +1 1
+3 * 1 0 0 0 0 0 0 0 0 1
+2 +4 1
+2 * 1
+2 * 1
+5 * 1 0 0 0 0 0 0 0 0 1
+2 +3 1 0 0 1 0 0 1
+7 * 1
+3 * 1 0 0 0 0 0 0 0 0 1
+2 +3 1
+7 * 1
+3 * 1 0 0 0 0 0 0 0 0 1 1
fe=(99)
+37 -20 1 1

fl=(115) /usr/src/debug/glibc/glibc/string/../sysdeps/x86_64/multiarch/memrchr.c
fn=(388) memrchr
0xac160 29 1 0 0 1 0 0 1
fi=(112) /usr/src/debug/glibc/glibc/string/../sysdeps/x86_64/multiarch/ifunc-avx2.h
+4 +9 1 1
+7 * 1
+7 * 1 1
+6 +2 1
+2 * 1
+2 * 1 0 0 1 0 0 1
+6 * 1 0 0 0 0 0 0 0 0 1
+6 +1 1 1
+7 * 1 0 0 0 0 0 0 0 0 1
+2 +1 1 1
+6 * 1
+6 * 1 0 0 0 0 0 0 0 0 1
+2 +4 1
+2 * 1
+2 * 1
+6 * 1 0 0 0 0 0 0 0 0 1
+2 +3 1
+7 * 1
+3 * 1 0 0 0 0 0 0 0 0 1
+2 +3 1
+6 * 1
+7 * 1
+7 * 1
+4 * 1 1
fe=(115)

fl=(212)
fn=(738)
0x34640 43 1 0 0 1 0 0 1
+4 * 1 0 1
+1 * 1
+3 * 1 0 1
+2 * 1 0 1
+2 * 1 0 1 0 0 1
+2 * 1 0 1
+2 * 1
+3 * 1 0 1
+1 * 1
+7 * 1 1
+9 * 1 0 1
+4 * 1
+3 +12 1
+3 * 1 0 0 0 0 0 0 0 0 1 1
0x34875 277 1 1 0 1 0 0 1
+4 * 1 1
+9 * 1 0 0 0 0 0 0 0 0 1
+6 * 1
+4 * 1
+3 * 1 1
+1 * 1 1
+2 * 1 1
+2 * 1 1
+2 * 1 1
+2 * 1 1
+1 * 1 1
+7 63 1 0 0 1 0 0 1
+3 * 1 0 0 0 0 0 0 0 0 1
+6 +3 1
+7 -10 1
+6 +10 1
+3 * 1 0 0 0 0 0 0 0 0 1
+6 +7 1 1 0 1 0 0 1
+5 * 1 0 0 0 0 0 0 0 0 1 1
0x34b60 +2 1 0 0 1 0 0 1
+7 -2 1 1
+6 * 1 0 0 0 0 0 0 0 0 1 1

fl=(104) /usr/src/debug/glibc/glibc/debug/../sysdeps/x86_64/multiarch/memcpy_chk.c
fn=(360) __memcpy_chk
0x126b70 29 2 0 0 1 0 0 1
fi=(93) /usr/src/debug/glibc/glibc/debug/../sysdeps/x86_64/multiarch/ifunc-memmove.h
+4 +27 2 2
+7 * 2 0 0 1 0 0 1
+7 * 2 2
+6 +1 2
+3 * 2 0 0 0 0 0 0 0 0 2 2
+5 +3 2 2 0 0 1
+6 * 2
+6 * 2 0 0 0 0 0 0 0 0 2 2
+52 +14 2 0 0 1 0 0 1
+3 * 2 0 0 0 0 0 0 0 0 2 2
+53 +3 2 0 0 1 0 0 1
+2 * 2 0 0 0 0 0 0 0 0 2
+2 +8 2
+6 * 2 0 0 0 0 0 0 0 0 2
+2 +8 2
+3 * 2 0 0 0 0 0 0 0 0 2
+2 +3 2
+6 * 2
+7 * 2
+7 * 2
+4 * 2 2
fe=(104)

fl=(357) /usr/src/debug/glibc/glibc/nptl/alloca_cutoff.c
fn=(1546) __libc_alloca_cutoff
0x93090 27 130816 0 0 1 0 0 1
+4 +1 130816 130816 0 0 1
+9 * 130816
+4 * 130816
+5 * 130816
+6 * 130816 0 0 0 0 0 0 0 0 130816
+2 * 130816
+2 * 130816
+3 * 130816
+3 +7 130816 130816

fl=(102) /usr/src/debug/glibc/glibc/string/../sysdeps/x86_64/multiarch/memcpy.c
fn=(352) memcpy@@GLIBC_2.14
0xab660 29 5 0 0 2 0 0 1
fi=(87) /usr/src/debug/glibc/glibc/string/../sysdeps/x86_64/multiarch/ifunc-memmove.h
+4 +27 5 5
+7 * 5
+7 * 5 5
+6 +1 5
+3 * 5 0 0 0 0 0 0 0 0 5 5
+5 +3 5 5 0 2 0 0 1
+6 * 5
+6 * 5 0 0 0 0 0 0 0 0 5 4
+52 +14 5 0 0 2 0 0 1
+3 * 5 0 0 0 0 0 0 0 0 5 4
+53 +3 5
+2 * 5 0 0 0 0 0 0 0 0 5
+2 +8 5 0 0 2 0 0 1
+6 * 5 0 0 0 0 0 0 0 0 5
+2 +8 5
+3 * 5 0 0 0 0 0 0 0 0 5
+2 +3 5
+6 * 5
+7 * 5
+7 * 5
+4 * 5 5
fe=(102)

fl=(294) /usr/src/debug/glibc/glibc/string/../string/strstr.c
fn=(1102) __GI_strstr
0xaf920 77 2 0 0 2 0 0 1
+4 * 2 0 2
+1 * 2
+3 * 2 0 2
+2 * 2 0 2
+2 * 2 0 2
+2 * 2 0 2
+2 * 2 0 2
+1 * 2
+7 +5 2 2 0 0 2 0 0 1
+4 -5 2 2 0 2 0 0 1
+9 * 2 0 2
+4 * 2
+2 * 2 0 2 0 0 1
+7 +5 2
+3 * 2 0 0 0 0 0 0 0 0 2
+6 +2 2
+4 * 2
+3 * 2
+3 * 2 0 2
cob=(4) ???
cfi=(191) ???
cfn=(1104) 0x0000000004c72330
calls=2 0x4c72330 -84 
* * 46 8 0 6 1 0 2 0 0 6 2 2 2
+5 * 2
+3 +1 2
+3 * 2 0 0 0 0 0 0 0 0 2 2
0xafb53 -40 2 0 0 2 0 0 1
+3 161 2 2
+4 * 2 2
+9 * 2 0 0 0 0 0 0 0 0 2
+6 * 2
+7 * 2
+3 * 2 2
+1 * 2 2
+2 * 2 2
+2 * 2 2
+2 * 2 2
+2 * 2 2
+1 * 2 2

fl=(377)
fn=(1700)
0x80590 32 10 0 0 1 0 0 1
+4 +1 10
+3 * 10 0 0 0 0 0 0 0 0 10
+6 -1 10 0 10
+1 * 10
+3 * 10 0 10 0 0 2
+2 * 10 0 10
+1 * 10
+3 * 10
+4 +7 10 10 0 0 1 0 0 1
+4 * 10 0 0 0 0 0 0 0 0 10 8
+2 +1 10 10 0 0 2
fi=(340) /usr/src/debug/glibc/glibc/libio/libioP.h
+7 1036 10
+7 * 10 0 0 1 0 0 1
+3 * 10
+3 +1 10
+7 * 10 0 0 0 0 0 0 0 0 10
fe=(377)
+6 40 10
+3 * 10 10 10 0 1 0 0 0 0 0 0 10 1
cfi=(290) /usr/src/debug/glibc/glibc/libio/fileops.c
cfn=(1702) _IO_file_sync@@GLIBC_2.2.5
calls=10 0x8e120 827 
* * 210 80 30 3 1 0 3 1 0 30 4
+3 * 10
+2 * 10
fi=(340)
+2 990 10 10
+4 * 10 0 0 0 0 0 0 0 0 10
+2 +1 10 10
+7 * 10 10
+7 * 10 10
+3 * 10 0 0 0 0 0 0 0 0 10 2
+2 * 10
+2 * 10 0 0 0 0 0 0 0 0 10
+2 * 10 0 10
+8 * 10 10
+7 * 10 0 10
fe=(377)
+6 44 10
+4 * 10
+2 * 10 10
+1 * 10 10
+2 * 10 10
+1 * 10 10
+8 -5 10 10 0 1 2 0 1
+7 * 10 10
+7 * 10 10
+9 * 10 10 0 0 1
+4 * 10 0 0 0 0 0 0 0 0 10
+2 * 10
+3 * 10 0 0 1 0 0 1 0 0 10 3
0x806b8 * 10 0 10 1 0 0 1
+6 * 10 0 10 1 0 0 1
+4 * 10

fl=(229) /usr/src/debug/glibc/glibc/elf/libc-dl-profstub.c
fn=(784) _dl_mcount_wrapper_check
0x16a450 40 128 0 0 1 0 0 1
+4 +1 128 128
+7 * 128 128
+8 * 128 0 0 0 0 0 0 0 0 128 2
+37 +1 128 128

fl=(329) /usr/src/debug/glibc/glibc/stdlib/../sysdeps/ieee754/dbl-64/mpn2dbl.c
fn=(1320) __mpn_construct_double
0x55b80 29 262027 0 0 173 0 0 1
+4 +10 262027 262027
+3 -6 262027
+5 +7 262027
+3 * 262027
+6 * 262027
+3 * 262027
+3 * 262027
+2 * 262027
+4 * 262027
+6 * 262027
+2 * 262027
+2 * 262027
+4 +6 262027
+3 +1 262027
+5 * 262027 262027

fl=(271) /usr/src/debug/glibc/glibc/setjmp/../sysdeps/x86_64/setjmp.S
fn=(996) __sigsetjmp
0x3e070 31 1 0 0 1 0 0 1
+4 +2 1 0 1
+3 +9 1
+3 +1 1 1 0 1 0 0 1
+9 * 1
+4 +1 1 0 1
+4 +4 1 0 1
+4 +1 1 0 1
+4 +1 1 0 1
+4 +1 1 0 1
+4 +1 1
+5 +2 1 1
+9 * 1
+4 +2 1 0 1
+4 +1 1 1
+4 +1 1
+1 +2 1 1
+9 * 1 0 0 1 0 0 1
+4 +2 1 0 1
+4 +5 1 1 0 0 1
+12 +1 1 0 0 0 0 0 0 0 0 1 1
+11 +17 1
cfi=(272) /usr/src/debug/glibc/glibc/setjmp/sigjmp.c
cfn=(998) __sigjmp_save
calls=1 +18 -57 
* * 6 1 1 0 0 0 0 0 0 1

fl=(134) /usr/src/debug/glibc/glibc/string/../sysdeps/x86_64/multiarch/strcasecmp_l.c
fn=(442) strcasecmp_l
0xac530 31 1
fi=(85) /usr/src/debug/glibc/glibc/string/../sysdeps/x86_64/multiarch/ifunc-strcasecmp.h
+4 +5 1 1
+7 +1 1 1 0 1 0 0 1
+6 * 1
+2 * 1
+6 * 1 0 0 0 0 0 0 0 0 1 1
fe=(134)
+43 -6 1
+3 * 1 1
fi=(85)
+9 +7 1 1 0 1 0 0 1
+6 * 1
+6 * 1 0 0 0 0 0 0 0 0 1
+2 +4 1 1
+6 * 1
+2 * 1
+6 * 1 0 0 0 0 0 0 0 0 1
+2 +3 1
+7 * 1 1
+7 * 1 0 0 0 0 0 0 0 0 1
+2 +3 1
+6 * 1
+7 * 1 0 0 0 0 0 0 0 0 1
+2 * 1
fe=(134)

fl=(136) /usr/src/debug/glibc/glibc/string/../sysdeps/x86_64/multiarch/strncpy.c
fn=(450) strncpy
0xaf000 29 2 0 0 1 0 0 1
fi=(122) /usr/src/debug/glibc/glibc/string/../sysdeps/x86_64/multiarch/ifunc-strncpy.h
+4 +6 2 2
+7 * 2
+7 * 2 2
+6 * 2
+3 * 2 0 0 0 0 0 0 0 0 2 1
+2 +1 2 2
+6 * 2
+3 * 2 0 0 0 0 0 0 0 0 2
+2 +4 2
+2 * 2
+2 * 2
+5 * 2 0 0 0 0 0 0 0 0 2
+2 +3 2
+7 * 2
+3 * 2 0 0 0 0 0 0 0 0 2
+2 +3 2 0 0 1 0 0 1
+3 * 2
+7 * 2
+7 * 2
+4 * 2 2
fe=(136)

fl=(272)
fn=(998)
0x3e0f0 28 1
+4 +2 1
+2 * 1 0 0 0 0 0 0 0 0 1
+2 -1 1 0 1
+3 +5 1
+2 * 1 1

fl=(339) /usr/src/debug/glibc/glibc/io/../sysdeps/unix/sysv/linux/close_nocancel.c
fn=(1420) __close_nocancel
0x10e540 25 2 0 0 2 0 0 1
+4 +1 2
+5 * 2
+2 * 2
+6 * 2 0 0 0 0 0 0 0 0 2 2
+2 +1 2 2

fl=(355) /usr/src/debug/glibc/glibc/stdlib/../sysdeps/ieee754/dbl-64/dbl2mpn.c
fn=(1542) __mpn_extract_double
0x55a20 33 130816 0 0 1 0 0 1
+4 +2 130816
+5 -2 130816
+3 +4 130816
+3 * 130816
+4 * 130816 0 130816
+2 +1 130816
+3 * 130816
+4 * 130816 0 0 1 0 0 1
+6 * 130816
+6 * 130816 0 130816
+2 +9 130816
+10 * 130816
+3 +9 130816
+4 -9 130816 0 130816 0 0 1
+3 +9 130816
+5 * 130816 0 0 0 0 0 0 0 0 130816 2
+29 +47 130816 0 0 1 0 0 1
+5 +4 130816
+5 -4 130816 0 130816
+3 +4 130816 130816

fl=(172) /usr/src/debug/glibc/glibc/string/../sysdeps/x86_64/multiarch/strstr.c
fn=(582) strstr
0xafc70 44 1 0 0 1 0 0 1
+4 * 1 1 0 0 1
+7 * 1 0 0 1 0 0 1
+7 * 1 1 0 0 1
+7 * 1
+7 * 1
+4 * 1 1

fl=(116) /usr/src/debug/glibc/glibc/wcsmbs/../sysdeps/x86_64/multiarch/wcschr.c
fn=(392) wcschr
0xc2920 31 2
fi=(117) /usr/src/debug/glibc/glibc/wcsmbs/../sysdeps/x86_64/multiarch/ifunc-avx2.h
+4 +7 2 2
+7 * 2
+7 * 2 2
+6 +2 2
+2 * 2
+2 * 2 0 0 1 0 0 1
+6 * 2 0 0 0 0 0 0 0 0 2
+6 +1 2 2
+7 * 2 0 0 0 0 0 0 0 0 2
+2 +1 2 2
+6 * 2
+6 * 2 0 0 0 0 0 0 0 0 2
+2 +4 2
+2 * 2
+2 * 2
+6 * 2 0 0 0 0 0 0 0 0 2
+2 +3 2
+7 * 2
+3 * 2 0 0 0 0 0 0 0 0 2
+2 +3 2
+6 * 2 0 0 1 0 0 1
+7 * 2
+7 * 2
+4 * 2 2
fe=(116)

fl=(88) /usr/src/debug/glibc/glibc/wcsmbs/../sysdeps/x86_64/multiarch/wcpncpy.c
fn=(320) wcpncpy
0xc2510 31 1 0 0 1 0 0 1
fi=(89) /usr/src/debug/glibc/glibc/wcsmbs/../sysdeps/x86_64/multiarch/ifunc-wcs.h
+4 +8 1 1
+7 * 1
+7 +1 1 1
+6 * 1
+2 * 1
+6 * 1 0 0 0 0 0 0 0 0 1 1
+16 +1 1 1 0 1 0 0 1
+6 * 1
+3 * 1 0 0 0 0 0 0 0 0 1
+2 +4 1
+6 * 1 0 0 0 0 0 0 0 0 1
+2 +3 1
+3 * 1
+7 * 1
+7 * 1
fe=(88)
+4 -17 1
+3 * 1 1

fl=(282)
fn=(1298) __memcpy_chk_avx_unaligned_erms
0x16dd50 249 497879 0 0 2 0 0 1
+4 +1 497879
+3 +1 497879 0 0 0 0 0 0 0 0 497879
+6 * 497879
+2 * 497879
+11 * 497879
+11 * 497879
+11 +4 497879
+4 +1 497879
+3 +6 497879
+4 +1 497879 0 0 0 0 0 0 0 0 497879 6
+37 +42 497879
+3 +1 497879 0 0 0 0 0 0 0 0 497879
+2 +2 497879
+3 +1 497879 0 0 0 0 0 0 0 0 497879 5
+72 +55 497879 497879 0 1 1 0 1 1
+5 +1 497879 497879
+3 +1 497879 0 497879
+3 +1 497879 0 497879
+5 +1 497879 497879

fn=(1038)
0x16dd80 255 524172 0 0 1 0 0 1
+4 +1 524172
+3 +6 524172
+4 +1 524172 0 0 0 0 0 0 0 0 524172 16
+2 +2 1223 1223 0 0 11
+4 +1 1223
+4 +1 1223 0 0 0 0 0 0 0 0 1223 263
+6 +3 13 13
+6 +1 13 0 13
+4 +1 13 0 13
+6 +3 13
+3 * 13 13
+2 +30 522949
+3 +1 522949 0 0 0 0 0 0 0 0 522949 135296
+2 +2 130842
+3 +1 130842 0 0 0 0 0 0 0 0 130842 13
+2 +2 130805
+3 +4 130805 0 0 0 0 0 0 0 0 130805 1
+2 +1 130804
+3 +1 130804 0 0 0 0 0 0 0 0 130804 2
+2 +1 130804 130804 0 0 1 0 0 1
+2 +1 130804 0 0 0 0 0 0 0 0 130804
+12 +4 130804 0 130804 0 0 8
+2 +2 130804 130804
+1 +6 1 1 0 1
+4 +1 1 1
+2 +1 1 0 1
+4 +1 1 0 1
+2 +1 1 1
+1 +7 392107 392107 0 1 0 0 1
+4 +1 392107 392107
+6 +1 392107 0 392107 0 0 97
+4 +1 392107 0 392107 0 0 22
+6 +2 392107 392107
+10 +17 37 37
+5 +1 37 37
+3 +1 37 0 37
+3 +1 37 0 37
+5 +1 37 37
+1 +7 22 22
+6 +1 22 22
+6 +1 22 0 22
+4 +1 22 0 22
+5 +1 22 0 22 0 0 1
+6 +1 22 0 22
+6 +1 22
+3 * 22 22
+11 +5 1210 1210 0 1 15 0 1
+7 +1 1210 0 0 0 0 0 0 0 0 1210 3
+6 +5 1203
+7 +1 1203 0 0 0 0 0 0 0 0 1203 49
+2 +2 46 46
+5 +1 46
+7 +1 46 0 0 0 0 0 0 0 0 46 5
+2 +2 24 24 0 0 1
+5 +1 24 24
+5 +1 24 24
+6 +1 24 24
+6 +1 24 24 0 0 1
+6 +1 24 24
+6 +1 24 0 24
+4 +1 24 0 24 0 0 1
+5 +1 24 0 24
+5 +1 24 0 24 0 0 1
+5 +1 24 0 24 0 0 1
+6 +1 24 0 24
+6 +1 24 0 24
+6 +1 24 0 24
+6 +1 24
+3 * 24 24
+1 +4 1157 0 0 1 0 0 1
+3 +1 1157
+3 +4 1157
+3 +2 1157 0 0 1 0 0 1 0 0 1157
+6 +4 1157 1157 0 0 6
+7 +1 1157 0 0 0 0 0 0 0 0 1157
+6 +11 1157
+4 +3 1157
+3 +2 1157
+4 +2 1157
+6 +4 1157
+3 +1 1157 0 0 0 0 0 0 0 0 1157 24
+6 +9 1135 1135
+6 +1 1135 1135
+6 +2 1135
+3 +2 1135
+4 +1 1135 1135 0 1 1 0 1
+6 +1 1135 1135 0 0 2
+6 +3 1135
+3 +2 1135
+3 +2 1135
+3 +2 1135
+5 * 1135
+8 +6 1135 1135 0 0 3
+4 +1 1135 1135
+5 +1 1135 1135 0 0 3
+5 +1 1135 1135
+5 +1 1135
+4 +1 1135 0 1135 0 0 3 0 0 2
+4 +1 1135 0 1135 0 0 1 0 0 1
+5 +1 1135 0 1135 0 0 3 0 0 2
+5 +1 1135 0 1135 0 0 1 0 0 1
+5 +1 1135
+4 +1 1135
+3 +1 1135 0 0 0 0 0 0 0 0 1135 2
-49 -11 21886 21886 0 0 22
+4 +1 21886 21886
+5 +1 21886 21886 0 0 19
+5 +1 21886 21886
+5 +1 21886
+4 +1 21886 0 21886 0 0 22 0 0 20
+4 +1 21886 0 21886 0 0 22 0 0 22
+5 +1 21886 0 21886 0 0 22 0 0 20
+5 +1 21886 0 21886 0 0 22 0 0 22
+5 +1 21886
+4 +1 21886
+3 +1 21886 0 0 0 0 0 0 0 0 21886 1184
+2 +2 1135 0 1135 0 0 1 0 0 1
+5 +1 1135 0 1135 0 0 3 0 0 2
+5 +1 1135 0 1135
+5 +1 1135 0 1135
+4 +2 1135 0 1135
+4 +4 1135
+3 * 1135 1135
+8 +13 22 22 0 1 0 0 1
+5 +1 22 22 0 0 2
+5 +2 22 0 0 1 0 0 1
+8 +1 22 22
+5 +1 22 22
+6 +2 22
+3 +2 22
+4 +2 22
+3 * 22
+4 +6 22 22
+5 +1 22 22 0 0 1
+5 +1 22 22 0 0 1
+5 +1 22 22 0 0 1
+4 +1 22
+4 +1 22 0 22 0 0 3 0 0 3
+5 +1 22 0 22 3 0 2 1 0 2
+5 +1 22 0 22 0 0 1 0 0 1
+5 +1 22 0 22 0 0 2 0 0 2
+4 +1 22
+4 +1 22
+3 +1 22 0 0 0 0 0 0 0 0 22 2
-49 -11 532 532 0 0 30
+5 +1 532 532 0 0 62
+5 +1 532 532 0 0 29
+5 +1 532 532 0 0 61
+4 +1 532
+4 +1 532 0 532 0 0 62 0 0 62
+5 +1 532 0 532 0 0 52 0 0 52
+5 +1 532 0 532 0 0 62 0 0 62
+5 +1 532 0 532 0 0 52 0 0 52
+4 +1 532
+4 +1 532
+3 +1 532 0 0 0 0 0 0 0 0 532 29
+2 +2 22 0 22 0 0 2 0 0 2
+4 +1 22 0 22 0 0 1 0 0 1
+5 +1 22 0 22
+5 +1 22 0 22
+5 +2 22 0 22
+6 +1 22
+3 * 22 22
+17 +9 7 7 0 1 5 0 1
+5 +7 7
+6 +1 7 0 0 0 0 0 0 0 0 7 1
+2 +6 6
+3 +3 6
+5 +2 6
+4 +3 6
+5 +1 6
+3 +2 6
+3 +2 6 6 6 0 0 6 0 0 6 6 2
* * 1947408 1947402 1947402 0 30424 30425 0 0 30422 1947408 13
+2 +2 6 0 6 0 0 5
+5 +2 6 0 6 0 0 3
+6 +2 6
+3 * 6 6 0 0 5
+12 +5 7 0 0 1 0 0 1
+3 +1 7
+3 +4 7
+3 +2 7 0 0 0 0 0 0 0 0 7
+6 +3 7
+3 +4 7 7 0 0 7
+7 +1 7 0 0 0 0 0 0 0 0 7
+2 +4 7 7
+7 +4 7 0 0 0 0 0 0 0 0 7 3
+16 +24 1
+3 +2 1
+4 +2 1
+4 +2 1 0 0 1 0 0 1
+4 +3 1
+3 +1 1
+3 +2 1 1 1 0 0 1 0 0 1 1 1
* * 131024 131023 131023 0 2047 2047 0 0 2046 131024 6
+2 +3 1 0 1 0 0 1
+5 +2 1 0 1 0 0 1
+6 +2 1
+3 * 1 1 0 0 1

fl=(119) /usr/src/debug/glibc/glibc/string/../sysdeps/x86_64/multiarch/strrchr.c
fn=(398) rindex
0xaf170 28 1
fi=(112)
+4 +10 1 1
+7 * 1 0 0 1 0 0 1
+7 * 1 1
+6 +2 1
+2 * 1
+2 * 1
+6 * 1 0 0 0 0 0 0 0 0 1 1
+6 +1 1 1
+7 * 1 0 0 0 0 0 0 0 0 1
+2 +1 1 1
+6 * 1
+6 * 1 0 0 0 0 0 0 0 0 1
+2 +4 1
+2 * 1
+2 * 1
+6 * 1 0 0 0 0 0 0 0 0 1
+2 +3 1 0 0 1 0 0 1
+7 * 1
+3 * 1 0 0 0 0 0 0 0 0 1
+2 +3 1
+6 * 1
+7 * 1
+7 * 1
+4 * 1 1
fe=(119)

fl=(187) /usr/src/debug/glibc/glibc/malloc/arena.c
fn=(630) __ptmalloc_init
0xa76d0 252 1 0 0 1 0 0 1
+4 * 1 0 1
fi=(393) /usr/src/debug/glibc/glibc/malloc/../sysdeps/unix/sysv/linux/not-cancel.h
+1 96 1
+5 * 1
+5 * 1
fe=(187)
+7 252 1
+3 * 1 0 1
+2 * 1 0 1
+1 * 1
fi=(393)
+4 96 1 1
+9 * 1 0 1
+4 * 1 0 0 1 0 0 1
+5 * 1
fi=(188)
+2 3155 1
+4 * 1 0 0 0 0 0 0 0 0 1 1
0xa7770 +13 1 0 0 1 0 0 1
+7 * 1
+6 * 1 0 0 0 0 0 0 0 0 1
+2 +1 1 0 1 1 0 0 1
cfi=(189) ???
cfn=(634) __popcountdi2
calls=1 0x190ad0 0 
* * 21 1 0 2 0 0 2
+6 +1 1
+3 * 1
+3 * 1 0 0 0 0 0 0 0 0 1
fe=(187)
+2 276 1 1
+7 * 1 0 0 0 0 0 0 0 0 1 1
+9 +4 1 1 0 0 1
+7 * 1
+7 * 1
+7 * 1 0 1
fi=(188)
+4 1957 1
+4 * 1
+6 +3 1 0 0 1 0 0 1
+5 -3 1
+4 +3 1
+4 * 1 0 1 0 0 1 0 0 1
+3 -3 1
+3 * 1 0 0 0 0 0 0 0 0 1 1
-19 +3 126
+5 -3 126
+4 +3 126
+4 * 126 0 126 0 0 32 0 0 31
+3 -3 126
+3 * 126 0 0 0 0 0 0 0 0 126 8
+2 +11 1 0 1
+7 +3 1
fe=(187)
+7 284 1
+7 * 1
fi=(188)
+5 1969 1 0 1 0 0 1 0 0 1
fe=(187)
+10 284 1
fi=(188)
+4 1971 1 0 1 1 0 0 1
fe=(187)
+7 284 1 1 1 0 0 0 0 0 0 0 0 1 1
cob=(1)
cfi=(11) /usr/src/debug/glibc/glibc/elf/dl-tunables.c
cfn=(28) __tunable_get_val
calls=1 0x14cf0 438 
* * 17 4 1 0 2 0 0 1 0 3 1
+6 +1 1
+7 * 1
+4 * 1
+5 * 1 1 1 0 0 0 0 0 0 0 0 1 1
cob=(1)
cfi=(11)
cfn=(28)
calls=1 0x14cf0 438 
* * 18 4 1 0 1 0 0 0 0 3 1
+6 +1 1
+7 * 1
+4 * 1
+5 * 1 1 1 0 0 0 0 0 0 0 0 1 1
cob=(1)
cfi=(11)
cfn=(28)
calls=1 0x14cf0 438 
* * 17 4 1 0 2 0 0 1 0 3 1
+6 +1 1
+7 * 1 0 0 1 0 0 1
+4 * 1
+5 * 1 1 1 0 0 0 0 0 0 0 0 1 1
cob=(1)
cfi=(11)
cfn=(28)
calls=1 0x14cf0 438 
* * 17 4 1 0 2 0 0 1 0 3
+6 +1 1
+7 * 1
+4 * 1
+5 * 1 1 1 0 0 0 0 0 0 0 0 1 1
cob=(1)
cfi=(11)
cfn=(28)
calls=1 0x14cf0 438 
* * 18 4 1 0 2 0 0 1 0 3 1
+6 +1 1
+7 * 1
+4 * 1
+5 * 1 1 1 0 0 0 0 0 0 0 0 1 1
cob=(1)
cfi=(11)
cfn=(28)
calls=1 0x14cf0 438 
* * 17 4 1 0 2 0 0 1 0 3 1
+6 +1 1
+7 * 1 0 0 1 0 0 1
+4 * 1
+5 * 1 1 1 0 0 0 0 0 0 0 0 1 1
cob=(1)
cfi=(11)
cfn=(28)
calls=1 0x14cf0 438 
* * 17 4 1 0 2 0 0 1 0 3
+6 +2 1
+7 * 1
+4 * 1
+5 * 1 1 1 0 0 0 0 0 0 0 0 1 1
cob=(1)
cfi=(11)
cfn=(28)
calls=1 0x14cf0 438 
* * 17 4 1 0 2 0 0 2 0 3
+6 +1 1
+7 * 1
+4 * 1
+5 * 1 1 1 0 0 0 0 0 0 0 0 1 1
cob=(1)
cfi=(11)
cfn=(28)
calls=1 0x14cf0 438 
* * 17 4 1 0 2 0 0 2 0 3
+6 +1 1 0 0 1 0 0 1
+7 * 1
+4 * 1
+5 * 1 1 1 0 0 0 0 0 0 0 0 1 1
cob=(1)
cfi=(11)
cfn=(28)
calls=1 0x14cf0 438 
* * 17 4 1 0 2 0 0 2 0 3
+6 +3 1
+7 * 1
+4 * 1
+5 * 1 1 1 0 0 0 0 0 0 0 0 1 1
cob=(1)
cfi=(11)
cfn=(28)
calls=1 0x14cf0 438 
* * 17 4 1 0 2 0 0 2 0 3
+6 +1 1
+7 * 1
+4 * 1
+5 * 1 1 1 0 0 0 0 0 0 0 0 1 1
cob=(1)
cfi=(11)
cfn=(28)
calls=1 0x14cf0 438 
* * 17 4 1 0 2 0 0 2 0 3
+6 +2 1 1 0 0 1 0 0 1
+7 * 1
+4 * 1
+6 * 1 0 0 0 0 0 0 0 0 1
+2 +10 1 1
+4 * 1 1
+9 * 1 0 0 0 0 0 0 0 0 1
+2 * 1
+4 * 1 1
+1 * 1 1
+2 * 1 1
+1 * 1 1
fi=(188)
+1 3168 1 1 0 1 1 0 1 1
+7 * 1
fe=(187)

fl=(324) /usr/src/debug/glibc/glibc/stdlib/../sysdeps/x86_64/mul_1.S
fn=(1306) __mpn_mul_1
0x54ad0 31 2616305 0 0 1 0 0 1
+4 +1 2616305 0 2616305
+1 +3 2616305
+3 +1 2616305 2616305
+3 +1 2616305
+3 +1 2616305
+3 +1 2616305
+3 +2 2616305
+3 +1 2616305
+4 +2 2616305
+3 +1 2616305 0 0 0 0 0 0 0 0 2616305 1
+2 +1 2616305
+3 +1 2616305 0 0 0 0 0 0 0 0 2616305 13
+2 +1 2459878 0 0 0 0 0 0 0 0 2459878
+2 +2 2459878
+3 +1 2459878 0 0 0 0 0 0 0 0 2459878
+2 +1 2459878 0 2459878
+3 +1 2459878 0 0 513 0 0 1
+79 +26 156427 0 0 1 0 0 1
+5 +1 156427
+5 +1 156427
+3 +1 156427
+3 +1 156427
+2 +1 156427
+3 +1 156427 156427
+5 +1 156427
+3 +1 156427
+94 +26 156427 0 0 1
+3 +1 156427
+4 +1 156427 0 0 0 0 0 0 0 0 156427
+2 +2 156427 0 156427
+4 +1 156427
+3 +1 156427
+3 +1 156427 0 156427
+5 +1 156427
+3 +1 156427
+3 +2 156427 156427
+1 +3 156427 156427
-4 -5 2459878 0 0 512 0 0 1
+3 +2 2459878 2459878
+1 +3 2459878 2459878

fl=(351) /usr/src/debug/glibc/glibc/stdio-common/vfprintf-internal.c
fn=(1528) __printf_buffer
0x64050 601 130816 0 0 1 0 0 1
+4 * 130816 0 130816
+1 * 130816
+3 * 130816 0 130816
+2 * 130816 0 130816
+2 * 130816
+3 * 130816 0 130816
+2 * 130816 0 130816
+2 * 130816 0 130816
+1 * 130816
fi=(394) /usr/src/debug/glibc/glibc/stdio-common/printf-parse.h
+3 82 130816
fe=(351)
+3 601 130816
+7 * 130816 0 130816 0 0 1
fi=(394)
+7 82 130816
fe=(351)
+5 601 130816 0 130816 1 0 1 1
+7 * 130816 0 130816 0 0 1
+6 +27 130816 130816
+9 * 130816 0 130816
+4 * 130816 130816
+7 +9 130816 130816
+4 -9 130816 130816
+3 +9 130816 0 130816 0 0 1
+7 -9 130816 0 130816
+6 +9 130816 130816
+4 * 130816 0 130816
fi=(394)
+7 82 130816 0 130816 1 0 0 1
cob=(4)
cfi=(191)
cfn=(1530) 0x0000000004c72290
calls=130816 0x4c72290 -82 
* * 2747136 392448 0 3 1 0 3 0 0 261632 0 130816 1
fe=(351)
+5 653 130816
+3 -1 130816
+3 +1 130816
fi=(394)
+3 82 130816 0 130816
+7 * 130816
fe=(351)
+3 653 130816
+3 -1 130816 0 130816
cfi=(352) /usr/src/debug/glibc/glibc/stdio-common/Xprintf_buffer_write.c
cfn=(1534) __printf_buffer_write
calls=130816 0x5b530 27 
* * 2485504 915712 654080 3 0 1 3 0 0 261632 2
+5 +2 130816 130816
+3 * 130816
+2 * 130816 0 0 0 0 0 0 0 0 130816
+6 +4 130816 130816
+4 * 130816 0 0 0 0 0 0 0 0 130816
+6 +4 130816 130816 0 0 1 0 0 1
+7 * 130816 0 130816
+7 * 130816 0 0 1 0 0 1
+3 * 130816 0 0 0 0 0 0 0 0 130816
+6 * 130816 130816
+8 * 130816 0 0 0 0 0 0 0 0 130816
+6 * 130816 130816
+8 -32 130816 0 130816
+10 +11 130816 0 130816
+10 -8 130816 0 130816
+11 +29 130816 0 0 0 0 0 0 0 0 130816
+2 +42 130816 130816 0 1 0 0 1
+5 * 130816
+4 * 130816
+2 * 130816 0 0 0 0 0 0 0 0 130816 2
+37 1043 130816 130816
+4 * 130816 130816
+9 * 130816 0 0 1 0 0 1 0 0 130816
+6 * 130816
+4 * 130816 130816
+1 * 130816 130816
+2 * 130816 130816
+2 * 130816 130816
+2 * 130816 130816
+2 * 130816 130816
+1 * 130816 130816
0x64220 704 130816 0 0 1 0 0 1
+4 * 130816
+4 -12 130816
+3 +6 130816 0 130816
+7 +6 130816
+3 * 130816
+7 -13 130816
+3 -1 130816 0 0 1 0 0 1
+3 +14 130816
+2 -10 130816
+6 -8 130816
+3 +11 130816 0 130816
+10 +7 130816 130816 0 0 1 0 0 1
+4 * 130816
+7 -11 130816 0 130816
+10 -8 130816 0 130816
+10 -1 130816 0 130816
+10 +20 130816 130816 0 1 1 0 1 1
+4 * 130816
+7 -21 130816 0 130816
+10 -1 130816 0 130816
+10 +22 130816
+3 -15 130816
+2 * 130816 0 0 0 0 0 0 0 0 0 0 130816 1
+12 * 130816
+4 * 130816
+4 972 130816 130816
+7 * 130816 0 0 1 0 0 1 0 0 130816
+6 +3 130816
+2 * 130816
+3 * 130816
+3 * 130816
+5 * 130816 0 130816
+10 * 130816 130816
+6 * 130816
+2 * 130816
+8 * 130816
+4 * 130816 0 130816
+7 * 130816
+2 * 130816 130816
+7 * 130816 0 130816 1 0 0 1
+6 * 130816 0 130816
+7 * 130816
+3 * 130816
+2 * 130816 130816
+7 * 130816
+3 * 130816
+2 * 130816 130816
+7 * 130816
+3 * 130816
+2 * 130816 130816
+7 * 130816
+3 * 130816
+2 * 130816
+3 * 130816
+3 * 130816
+2 * 130816 130816 0 1 0 0 1
+7 * 130816
+3 * 130816
+2 * 130816
+5 * 130816 0 130816
+7 * 130816 130816
+7 * 130816 0 130816
+6 +20 130816
+2 * 130816 0 0 0 0 0 0 0 0 130816 2
+6 * 130816 130816
+7 * 130816 130816
+3 * 130816
+5 * 130816 0 0 0 0 0 0 0 0 130816
+6 * 130816 0 0 1 0 0 1
+2 * 130816
+3 * 130816 130816
+4 * 130816 0 130816
+3 * 130816 130816
+4 * 130816 0 130816
+8 +1 130816
+7 263 130816
+4 +1 130816
+3 996 130816 0 130816
+7 743 130816 130816
+7 264 130816
+7 * 130816 0 0 1 0 0 1
+7 743 130816 130816
+4 263 130816
+4 * 130816 0 0 0 0 0 0 0 0 130816 2
+22 1023 130816
fi=(394)
+4 82 130816
fe=(351)
+5 1017 130816 0 130816
fi=(394)
+7 82 130816
+3 * 130816 0 130816
cob=(4)
cfi=(191)
cfn=(1530)
calls=130816 0x4c72290 -82 
* * 2747136 392448 0 0 0 0 0 0 0 261632 0 130816
fe=(351)
+5 1027 130816
+3 * 130816
+3 +1 130816 0 0 1 0 0 1
fi=(394)
+3 82 130816
fe=(351)
+3 1028 130816
+3 -1 130816 0 130816
cfi=(352)
cfn=(1534)
calls=130816 0x5b530 27 
* * 2485504 915712 654080 0 0 0 0 0 0 261632 2
+5 +3 130816 130816
+4 * 130816 0 0 0 0 0 0 0 0 130816 2
0x64770 708 130816 0 0 1 0 0 1
+4 813 130816 130816
+5 -1 130816
+4 +1 130816
+3 * 130816 0 0 1 0 0 1 0 0 130816 2
+31 +41 130816
+3 * 130816
+4 * 130816
+3 * 130816 0 0 0 0 0 0 0 0 130816
+6 * 130816
+4 * 130816
+7 * 130816
+3 * 130816
+3 * 130816 130816 0 1 1 0 1 1
+4 * 130816
+7 * 130816
+7 * 130816 130816 0 0 1 0 0 1
+4 * 130816
+3 * 130816 0 0 0 0 0 0 0 0 0 0 130816 1
0x65880 266 130816 0 130816 1 0 0 1
cfi=(353) /usr/src/debug/glibc/glibc/stdio-common/printf_fp.c
cfn=(1536) __printf_fp_l_buffer
calls=130816 0x5dba0 1099 
* * 265059966 60503502 36790725 97 17 12 91 9 0 43085320 974896 261632 1
+5 1000 130816
0x660a8 818 130816 130816 0 1 0 0 1
+5 -1 130816
+4 +1 130816
+3 * 130816
+3 * 130816 0 0 0 0 0 0 0 0 130816
+6 +15 130816 130816 0 1 0 0 1
+7 * 130816 130816
+2 * 130816
+3 * 130816 0 0 0 0 0 0 0 0 130816
+6 * 130816 130816
+7 * 130816
+2 * 130816
+3 * 130816 0 130816
+2 * 130816 130816
+4 +3 130816 130816
+2 * 130816
+5 +18 130816 130816
+4 -37 130816
+3 +19 130816
+2 * 130816
+3 * 130816
+3 * 130816

fl=(84) /usr/src/debug/glibc/glibc/string/../sysdeps/x86_64/multiarch/strncase.c
fn=(312) strncasecmp
0xaedc0 31 1 0 0 1 0 0 1
fi=(85)
+4 +5 1 1
+7 +1 1 1 0 0 1
+6 * 1
+2 * 1
+6 * 1 0 0 0 0 0 0 0 0 1 1
fe=(84)
+43 -6 1
+3 * 1 1
fi=(85)
+9 +7 1 1 0 1 0 0 1
+6 * 1
+6 * 1 0 0 0 0 0 0 0 0 1
+2 +4 1 1
+6 * 1
+2 * 1
+6 * 1 0 0 0 0 0 0 0 0 1
+2 +3 1
+7 * 1 1
+7 * 1 0 0 0 0 0 0 0 0 1
+2 +3 1 0 0 1 0 0 1
+6 * 1
+7 * 1 0 0 0 0 0 0 0 0 1
+2 * 1
fe=(84)

fl=(362) /usr/src/debug/glibc/glibc/stdio-common/Xprintf_buffer_done.c
fn=(1558) __printf_buffer_done
0x5aff0 25 130816 0 0 1 0 0 1
+4 +1 130816 130816
+3 * 130816
+2 * 130816 0 0 0 0 0 0 0 0 130816
+2 +5 130816 130816
+4 * 130816 130816 0 1 0 0 1
+3 +2 130816
+2 * 130816
+3 * 130816 130816
+4 * 130816 0 0 0 0 0 0 0 0 130816
+2 * 130816
+3 * 130816 0 0 0 0 0 0 0 0 130816
+2 * 130816
+3 * 130816
+3 * 130816 0 0 0 0 0 0 0 0 130816
+2 * 130816
+2 * 130816 0 0 0 0 0 0 0 0 130816
+2 +7 130816 130816

fl=(368) /usr/src/debug/glibc/glibc/stdlib/cxa_thread_atexit_impl.c
fn=(1626) __call_tls_dtors
0x408b0 148 1 0 0 1 0 0 1
+4 * 1 0 1
+1 * 1
+3 * 1 0 1
+2 +1 1 1 0 1 1 0 1
+7 -1 1 0 1
+1 +1 1 1
+5 * 1
+3 * 1 0 0 0 0 0 0 0 0 1 1
+69 +16 1 1 0 1 0 0 1
+1 * 1 1
+2 * 1 1
+1 * 1 1

fl=(111) /usr/src/debug/glibc/glibc/string/../sysdeps/x86_64/multiarch/strnlen.c
fn=(380) strnlen
0xaf0c0 31 2 0 0 1 0 0 1
fi=(112)
+4 +7 2 2
+7 * 2
+7 * 2 2
+6 +2 2
+2 * 2
+2 * 2
+6 * 2 0 0 0 0 0 0 0 0 2 1
+6 +1 2 2 0 0 1
+7 * 2 0 0 0 0 0 0 0 0 2
+2 +1 2 2
+6 * 2
+6 * 2 0 0 0 0 0 0 0 0 2 1
+2 +4 2 0 0 1 0 0 1
+2 * 2
+2 * 2
+6 * 2 0 0 0 0 0 0 0 0 2
+2 +3 2
+7 * 2
+3 * 2 0 0 0 0 0 0 0 0 2
+2 +3 2
+6 * 2
+7 * 2
+7 * 2
+4 * 2 2
fe=(111)

fl=(230) /usr/src/debug/glibc/glibc/iconv/gconv_simple.c
fn=(786) __gconv_btwoc_ascii
0x2a8c0 49 128 0 0 1 0 0 1
+4 +2 128
+4 * 128
+3 * 128
+5 * 128
+3 +3 128 128

fl=(255)
fn=(906)
0x44200 28 1 0 0 1 0 0 1
+4 +1 1 1
+7 * 1 1
+2 * 1
+2 * 1 0 0 0 0 0 0 0 0 1
+2 * 1
cfi=(256) /usr/src/debug/glibc/glibc/stdlib/getenv.c
cfn=(908) getenv
calls=1 0x41b00 -4 
* * 643 253 9 7 48 0 7 1 0 166 18 3 1

fl=(325) /usr/src/debug/glibc/glibc/stdlib/../sysdeps/x86_64/lshift.S
fn=(1310) __mpn_lshift
0x54580 28 654716 0 0 2 0 0 1
+4 +1 654716
+5 +1 654716
+5 +2 654716
+2 +1 654716
+3 +1 654716 0 0 0 0 0 0 0 0 654716 159
+32 +12 654716
+3 +1 654716 0 0 0 0 0 0 0 0 654716
+2 +1 654716 654716
+3 +1 654716
+2 +1 654716 0 0 2 0 0 1
+4 +1 654716
+4 +1 654716 0 0 0 0 0 0 0 0 654716 7
+20 +6 654716
+3 +1 654716 0 654716
+3 +1 654716 654716

fl=(343) /usr/src/debug/glibc/glibc/misc/../sysdeps/unix/sysv/linux/mmap64.c
fn=(1476) mmap
0x116c60 47 4 0 0 1 0 0 1
+4 +3 4
+7 * 4 0 0 0 0 0 0 0 0 4
+2 -3 4 0 4
+1 * 4
+3 * 4 0 4 0 0 3
+2 * 4
+3 * 4 0 4
+1 * 4
+3 +6 4
+3 * 4 0 0 0 0 0 0 0 0 4 2
+2 +5 4 0 0 1 0 0 1
+3 * 4
+3 * 4
+5 * 4
+2 * 4
+6 * 4 0 0 0 0 0 0 0 0 4
+2 +2 4 4
+1 * 4 4
+2 * 4 4
+1 * 4 4
+40 -7 4 0 0 1 0 0 1
+2 * 4
+6 * 4
+3 * 4
+2 * 4 0 0 0 0 0 0 0 0 4 2

fl=(350)
fn=(1526)
0x8ad60 102 130816 0 0 1 0 0 1
+4 * 130816 0 130816
fi=(395) /usr/src/debug/glibc/glibc/libio/../include/printf_buffer.h
+1 +22 130816
fe=(350)
+5 -22 130816
fi=(395)
+3 +22 130816
fe=(350)
+4 -22 130816
+3 * 130816 0 130816
+1 * 130816
+7 * 130816 130816 0 1 0 0 1
+9 * 130816 0 130816
+4 * 130816
fi=(395)
+3 +35 130816
+4 -13 130816 0 130816
+7 +13 130816 0 130816
+7 -10 130816 0 130816
+11 +1 130816 0 130816
fe=(350)
+10 -65 130816
+3 * 130816 0 0 0 0 0 0 0 0 130816
+2 +3 130816 0 130816
+3 +30 130816
+3 * 130816
+2 * 130816 0 0 1 0 0 1
+7 * 130816 0 130816 0 0 1
cfi=(351)
cfn=(1528)
calls=130816 0x64050 601 
* * 302342526 69268174 43462341 124 23 17 118 14 0 46224904 974910 784896 4
+6 -21 130816 130816
+7 * 130816 130816
+7 * 130816 0 0 0 0 0 0 0 0 130816
+2 +1 130816 0 130816
+3 +11 130816
+7 * 130816 0 130816
cfi=(362)
cfn=(1558)
calls=130816 0x5aff0 -62 
* * 2354688 654080 0 2 0 0 2 0 0 654080
+5 +17 130816 130816
+4 * 130816 130816
+9 * 130816 0 0 0 0 0 0 0 0 130816
+2 * 130816 130816
+4 * 130816 130816
+1 * 130816 130816 0 1 0 0 1

fl=(96) /usr/src/debug/glibc/glibc/wcsmbs/../sysdeps/x86_64/multiarch/wcscat.c
fn=(336) wcscat
0xc28b0 31 1 0 0 1 0 0 1
fi=(89)
+4 +8 1 1
+7 * 1 0 0 1 0 0 1
+7 +1 1 1
+6 * 1
+2 * 1
+6 * 1 0 0 0 0 0 0 0 0 1 1
+16 +1 1 1
+6 * 1
+3 * 1 0 0 0 0 0 0 0 0 1
+2 +4 1
+6 * 1 0 0 0 0 0 0 0 0 1
+2 +3 1
+3 * 1
+7 * 1 0 0 1 0 0 1
+7 * 1
fe=(96)
+4 -17 1
+3 * 1 1

fl=(138) /usr/src/debug/glibc/glibc/string/../sysdeps/x86_64/multiarch/memchr.c
fn=(458) memchr
0xab4f0 29 2 0 0 1 0 0 1
fi=(139) /usr/src/debug/glibc/glibc/string/../sysdeps/x86_64/multiarch/ifunc-evex.h
+4 +8 2 2
+7 * 2 0 0 1 0 0 1
+7 * 2 2
+6 +1 2
+2 * 2
+2 * 2
+6 * 2 0 0 0 0 0 0 0 0 2 1
+6 +1 2 2
+6 * 2
+3 * 2 0 0 0 0 0 0 0 0 2
+2 +4 2
+6 * 2 0 0 0 0 0 0 0 0 2
+2 +8 2
+7 * 2
+3 * 2 0 0 0 0 0 0 0 0 2
+2 +3 2
+3 * 2
+7 * 2
+7 * 2
fe=(138)
+4 -25 2 2

fl=(260) /usr/src/debug/glibc/glibc/misc/sbrk.c
fn=(926) sbrk
0x118050 37 43 0 0 4 0 0 1
+4 * 43 0 43
+1 * 43
+3 * 43
+3 * 43
+4 +6 43 43 0 0 35
+7 * 43 0 0 0 0 0 0 0 0 43 11
+28 +35 7 7
+1 * 7
+3 * 7 7
+10 -38 43 43 0 3 35 0 1
+7 * 43 43 0 0 36 0 0 1
+3 +18 43
+3 * 43 0 0 0 0 0 0 0 0 43 1
+2 +4 43
+3 * 43 0 0 0 0 0 0 0 0 43 5
+2 +4 36 0 0 0 0 0 0 0 0 36 2
+2 +1 33
+4 -1 33
+3 * 33 0 0 0 0 0 0 0 0 33 1
+2 * 36 0 36 0 0 1
+4 +8 36 0 36 0 0 17
cfi=(261) /usr/src/debug/glibc/glibc/misc/../sysdeps/unix/sysv/linux/brk.c
cfn=(928) brk
calls=36 0x10f7b0 -38 
* * 324 72 36 3 0 0 0 0 0 36
+5 * 36 36
+4 * 36
+2 * 36 0 0 0 0 0 0 0 0 36
+2 +4 36 36 0 1
+1 * 36
+3 * 36 36
+4 -10 3 0 0 1
+3 * 3
+3 -2 3
+3 * 3 0 0 0 0 0 0 0 0 3
+31 +12 1 0 1 1 0 0 1
+4 -19 1
+2 * 1 0 1
cfi=(261)
cfn=(928)
calls=1 0x10f7b0 -23 
* * 9 2 1 2 0 0 2 0 0 1
+5 * 1
+2 * 1 0 0 0 0 0 0 0 0 1
+2 +4 1 1 0 1 0 0 1
+7 * 1 1
+4 * 1 1
+3 * 1
+2 * 3 0 0 1
+4 * 3

fl=(292) /usr/src/debug/glibc/glibc/io/../sysdeps/unix/sysv/linux/open64.c
fn=(1096) open
0x10d270 30 2 0 0 2 0 0 1
+4 * 2 0 2
+1 * 2
+3 * 2
+3 * 2
+4 * 2 0 2 2 0 1 1
+4 * 2 2
+9 * 2 0 2
+4 * 2
+2 +3 2
+4 * 2 0 0 0 0 0 0 0 0 2 1
+2 * 1
+2 * 1
+2 * 1
+2 * 1
+6 * 1 0 0 0 0 0 0 0 0 1
+2 +8 2
+4 * 2
+3 * 2
+3 * 2
+3 * 2 0 2
+5 * 2
+3 * 2 0 0 1 0 0 1
+7 * 2 0 2
cfi=(293) /usr/src/debug/glibc/glibc/nptl/cancellation.c
cfn=(1098) __syscall_cancel
calls=2 0x931e0 +33 
* * 50 22 8 2 0 1 2 0 0 4 2
+5 +2 2 2
+4 * 2 2
+9 * 2 0 0 0 0 0 0 0 0 2
+2 * 2 2
+1 * 2 2
+9 -7 1
+4 * 1 0 1 0 0 1
+7 +5 1 1
+4 -5 1 0 1
+4 * 1
+4 * 1 0 1
+4 +2 1

fl=(100) /usr/src/debug/glibc/glibc/debug/../sysdeps/x86_64/multiarch/memset_chk.c
fn=(348) __memset_chk
0x126ea0 29 3 0 0 1 0 0 1
fi=(101) /usr/src/debug/glibc/glibc/debug/../sysdeps/x86_64/multiarch/ifunc-memset.h
+4 +32 3 3
+7 * 3
+7 * 3 3
+6 * 3
+3 * 3 0 0 0 0 0 0 0 0 3
+2 +3 3 3 0 1 0 0 1
+6 * 3
+6 * 3 0 0 0 0 0 0 0 0 3
+2 +16 3
+3 * 3 0 0 0 0 0 0 0 0 3
+2 +4 3
+2 * 3
+2 * 3
+5 * 3 0 0 0 0 0 0 0 0 3
+6 +8 3
+3 * 3 0 0 0 0 0 0 0 0 3 2
fe=(100)
+75 -63 3 3 0 1 0 0 1
fi=(101)
+67 +71 3 0 0 1 0 0 1
+3 * 3 0 0 0 0 0 0 0 0 3
+2 -48 3
+7 +1 3
+3 * 3 0 0 1 0 0 1 0 0 3 3
fe=(100)

fl=(353)
fn=(1536)
0x5dba0 1099 130816 0 0 1 0 0 1
+4 * 130816 0 130816
+1 * 130816
+3 * 130816 0 130816
+2 * 130816 0 130816
+2 * 130816
+3 * 130816 0 130816
+2 * 130816
+3 * 130816 0 130816
+2 * 130816 0 130816
+1 * 130816
+7 * 130816 0 130816 1 0 1 1
+7 +3 130816 130816
+5 -3 130816 130816
+9 * 130816 0 130816
+4 * 130816
+3 +3 130816
+4 * 130816 0 0 0 0 0 0 0 0 130816 1
+41 +13 130816 0 0 1 0 0 1
+3 * 130816 0 130816
+7 * 130816 0 130816
cob=(4)
cfi=(191)
cfn=(792) 0x0000000004c72240
calls=130816 0x4c72240 0 
* * 2093056 392448 0 1 1 0 0 1 0 261632 0 130816
+5 * 130816 130816
+3 * 130816 0 130816
+6 +1 130816 130816 0 0 1
+4 * 130816 0 0 0 0 0 0 0 0 130816
+2 * 130816
+2 * 130816 130816
+7 * 130816 0 0 0 0 0 0 0 0 130816 2
0x5dcce +31 130816 130816
+4 * 130816 130816
+9 * 130816 0 0 0 0 0 0 0 0 130816
+6 * 130816
+7 * 130816 130816
+1 * 130816 130816
+2 * 130816 130816
+2 * 130816 130816
+2 * 130816 130816
+2 * 130816 130816
+1 * 130816 130816
fi=(354) /usr/src/debug/glibc/glibc/stdio-common/../include/../locale/localeinfo.h
+6 330 130816 130816 0 1 1 0 1
+4 * 130816 130816 0 0 1
fe=(353)
+4 1111 130816 0 130816 1 0 1 1
fi=(354)
+7 330 130816 130816
fe=(353)
+4 1112 130816 0 130816
+7 * 130816
+30 +5 130816
+4 * 130816 0 0 0 0 0 0 0 0 130816 2
+52 +5 130816 130816 0 1 0 0 1
+3 * 130816 130816
+3 * 130816
+3 * 130816
+3 * 130816 130816
+7 * 130816
+3 * 130816 0 130816 1 0 0 1
cfn=(1540) __printf_fp_buffer_1.isra.0
calls=130816 0x5b750 138 
* * 255772030 57494734 34959301 89 13 10 84 8 0 42169608 974891 130816 1
+5 +4 130816

fn=(1540)
0x5b750 138 130816 0 130816 1 0 0 1
+1 * 130816
+3 * 130816 0 130816
+2 * 130816 0 130816
+2 * 130816 0 130816 0 0 1
+2 * 130816 0 130816
+2 * 130816 0 130816
+1 * 130816
+3 * 130816
+7 * 130816 0 130816 0 0 1
+7 * 130816 0 130816 0 0 1
+6 * 130816 0 130816
+6 * 130816 0 130816 1 0 0 1
+7 * 130816 130816
+9 * 130816 0 130816
+4 * 130816
+2 +21 130816 130816
+5 +18 130816 0 130816 0 0 1
+10 +10 130816 0 130816
+10 -28 130816
+2 * 130816
+3 * 130816
+3 * 130816
+2 * 130816
+3 * 130816
+3 * 130816 0 130816
+6 +62 130816 0 0 1 0 0 1
+2 * 130816 0 0 0 0 0 0 0 0 130816 2
0x5b8d0 +5 130816 130816 0 1 0 0 1
+7 * 130816 130816
+4 * 130816
+3 * 130816 0 0 0 0 0 0 0 0 130816 2
+66 +4 130816 130816 0 1 0 0 1
+5 * 130816
+4 * 130816 0 0 0 0 0 0 0 0 130816
+6 * 130816
+4 * 130816 130816 0 0 1 0 0 1
+8 * 130816 130816 0 1 1 0 1 1
+8 * 130816 0 0 0 0 0 0 0 0 130816 2
0x5b9c0 1030 130816 130816 0 1 0 0 1
+4 * 130816 130816
+9 * 130816 0 0 0 0 0 0 0 0 130816
+6 * 130816
+4 * 130816 130816
+1 * 130816 130816
+2 * 130816 130816
+2 * 130816 130816
+2 * 130816 130816
+2 * 130816 130816
+1 * 130816 130816
+60 266 130816 130816 0 1 0 0 1
+6 +5 130816
+3 -49 130816 0 130816
+7 +44 130816
+2 * 130816
+2 * 130816
+3 * 130816
+3 +1 130816
+3 +1 130816
+3 * 130816
+2 +3 130816 0 0 1 0 0 1
+8 * 130816
+3 * 130816
+7 * 130816
+3 * 130816
+3 * 130816 0 0 0 0 0 0 0 0 130816 2
+23 * 130816
+3 * 130816
+6 * 130816
+3 * 130816
+3 * 130816 0 0 0 0 0 0 0 0 130816
+2 * 130816 0 130816 1 0 0 1
+6 +1 130816
+3 -1 130816
+5 +1 130816
+3 * 130816
+7 -1 130816
+4 +1 130816
+3 -1 130816 0 130816
+7 +1 130816
+3 * 130816 0 0 0 0 0 0 0 0 130816 1
+23 * 130816 0 0 1 0 0 1
+3 * 130816
+6 * 130816
+3 * 130816
+3 * 130816 0 0 0 0 0 0 0 0 130816
+2 * 130816 0 130816
+6 * 130816
+5 +1 130816
+3 -1 130816
+4 +1 130816
+7 -1 130816 0 130816
+4 +1 130816
+3 * 130816
+3 * 130816
+3 * 130816 0 0 0 0 0 0 0 0 130816 4
+23 * 130816 0 0 1 0 0 1
+5 * 130816
+3 * 130816
+3 * 130816 0 0 0 0 0 0 0 0 130816
+2 * 130816 0 130816 0 0 1
+6 * 130816
+5 +6 130816 0 130816
+8 -6 130816
+4 * 130816 0 130816
+4 +7 130816
+3 * 130816 0 0 0 0 0 0 0 0 130816 2
0x5be40 665 130816 130816 0 1 0 0 1
+7 +9 130816 130816
+7 -9 130816 130816
+3 +9 130816 130816
+4 +6 130816 130816
+2 -15 130816 0 130816
+6 +9 130816 130816
+4 * 130816
+3 +6 130816 0 130816
+6 -6 130816 130816 0 0 1 0 0 1
+3 * 130816 0 130816
+6 +2 130816
+3 * 130816 0 0 0 0 0 0 0 0 130816 23978
+6 +16 130816 130816 0 1 0 0 1
+6 -6 130816 130816
+7 * 130816 0 0 0 0 0 0 0 0 130816
+6 +20 130816 130816
+6 * 130816
+5 * 130816
+2 * 130816
+3 * 130816
+5 * 130816
+3 -12 130816 130816
+6 +12 130816 0 130816
+6 +1 130816
+2 * 130816 0 0 0 0 0 0 0 0 130816
+6 +1 130816
+3 * 130816 0 0 1 0 0 1 0 0 130816 239
+6 +13 130578 0 130578
+10 * 130578 130578
+6 * 130578 0 130578
+6 +7 130578 130578
+7 +3 130578
+3 * 130578 130578
+7 -11 130578 0 130578
+10 +8 130578
+4 +3 130578 130578
+4 -3 130578 0 130578 1 0 0 1
+7 +10 130578 130578
+7 * 130578
+3 -7 130578
+4 * 130578 0 130578
+6 +7 130578 130578
+7 * 130578 0 0 0 0 0 0 0 0 130578 2
+6 +8 130816 130816
+7 * 130816
fi=(358) /usr/src/debug/glibc/glibc/stdio-common/../sysdeps/pthread/allocalim.h
+4 27 130816
fe=(353)
+3 746 130816 0 130816
fi=(358)
+7 27 130816 0 130816
cfi=(357)
cfn=(1546)
calls=130816 0x93090 * 
* * 1308160 261632 0 1 1 0 1 0 0 130816
+5 +2 130816 0 0 1 0 0 1
+2 * 130816 0 0 0 0 0 0 0 0 130816 8
fe=(353)
+15 759 130816 130816
+7 * 130816
+3 -67 130816 130816
+6 +67 130816
+4 * 130816
+3 * 130816
+7 * 130816
+3 * 130816
+3 * 130816 0 0 0 0 0 0 0 0 130816 6
+23 * 130816 0 0 1 0 0 1
+5 * 130816
+3 * 130816
+3 * 130816 0 0 0 0 0 0 0 0 130816
+2 * 130816 0 130816
fi=(358)
+6 29 130816 0 130816
fe=(353)
+10 759 130816
+5 * 130816
+4 * 130816 0 130816
+7 +1 130816 130816
+7 * 130816 0 0 1 0 0 1
+4 * 130816 0 130816
+7 +3 130816
+2 * 130816 0 0 0 0 0 0 0 0 130816 238
+6 * 130816 130816
+7 * 130816 0 0 0 0 0 0 0 0 130816 2
+6 +2 238 238
+7 * 238 0 0 0 0 0 0 0 0 238
+6 +4 238
+7 * 238
+3 * 238 0 238
+7 * 238 0 238 1 0 0 1
cfn=(1550) hack_digit
calls=238 0x5b600 91 
* * 12138 3094 1666 0 0 0 0 0 0 1666 2
+5 * 238 238
+7 * 238 0 238
+10 * 238 0 238
+3 -3 238 238
+6 * 238 238
+7 * 238
+3 * 238
+5 +7 238 238
+7 * 238 238
+4 * 238 0 0 0 0 0 0 0 0 238
+2 * 238 238
+7 * 238
+3 * 238 0 0 0 0 0 0 0 0 238 2
+6 +2 238 238
+7 * 238
+4 -4 238
+6 +4 238 0 238
+3 +13 238 0 238
+10 * 238 238
+7 -1 238
+3 +2 238
+3 +1 238
+3 * 238 0 0 0 0 0 0 0 0 238
-26 -2 130578 0 130578 1 0 0 1
+10 * 130578 130578
+7 -1 130578
+3 +2 130578
+3 +1 130578
+3 * 130578 0 0 0 0 0 0 0 0 130578
-6 -1 152581
+3 +1 152581
+3 * 152581 0 0 0 0 0 0 0 0 152581
+2 * 2376215 2376215
+7 * 2376215 0 0 1 0 0 1 0 0 2376215 131197
+6 * 2245399 2245399
+8 * 2245399 0 0 0 0 0 0 0 0 2245399
+6 +3 2245399 2245399
+7 -1 2245399
+4 +2 2245399
+4 -1 2245399 0 2245399
cfn=(1550)
calls=2245399 0x5b600 91 
* * 121252759 29906206 16891555 4 0 0 3 0 0 17196717 146231
+5 * 2245399 0 2245399
+4 +3 2245399
+2 * 2245399 0 0 0 0 0 0 0 0 2245399 216539
+2 * 350858
+3 * 350858 0 0 0 0 0 0 0 0 350858 1
+6 -1 2092818
+6 -6 2092818
+3 +1 2092818
+3 * 2092818 0 0 0 0 0 0 0 0 2092818 6
+44 230 130816 0 0 1 0 0 1
+4 * 130816
+7 * 130816
+5 * 130816 0 0 1 0 0 1
+7 * 130816
+3 * 130816 0 130816 0 0 1
cfi=(355)
cfn=(1542)
calls=130816 0x55a20 33 
* * 2747136 130816 523264 3 0 1 3 0 0 130816 2
+5 * 130816
+3 * 130816
+3 * 130816
+4 * 130816
+4 +4 130816
0x5c299 805 130816 130816 0 1 0 0 1
+5 * 130816 130816
+7 * 130816 0 0 0 0 0 0 0 0 130816 4
+7 +1 130816 130816
+7 * 130816 0 130816
+6 * 130816 0 130816
cfn=(1550)
calls=130816 0x5b600 91 
* * 7455084 1831186 1046290 0 0 0 0 0 0 1046290 255
+5 +2 130816 130816 0 1 0 0 1
+6 * 130816
+2 -2 130816
+2 +2 130816
+4 * 130816
+2 * 130816
+3 * 130816
+3 * 130816 0 0 0 0 0 0 0 0 130816 30864
+2 +2 26218 26218
+7 * 26218
+4 * 26218 0 0 0 0 0 0 0 0 26218
+6 +3 26218 26218
+5 * 26218 0 0 0 0 0 0 0 0 26218
+6 +5 26218 26218
+7 * 26218
+7 * 28872
+4 * 28872 28872
+5 * 28872 0 0 0 0 0 0 0 0 28872 2903
+6 * 28872 0 0 1 0 0 1
+3 * 28872 0 0 0 0 0 0 0 0 28872 3
fi=(359) /usr/src/debug/glibc/glibc/stdio-common/../sysdeps/generic/get-rounding-mode.h
+14 94 130816 0 130816
+6 +1 130816 130816
+7 * 130816
+4 * 130816
+4 * 130816 0 0 0 0 0 0 0 0 130816 2
+6 * 130816 0 0 1 0 0 1 0 0 130816 2
+6 * 130816
+3 * 130816 0 0 0 0 0 0 0 0 130816 6
fi=(360) /usr/src/debug/glibc/glibc/stdio-common/../include/rounding-mode.h
+27 -37 32783
+3 * 32783 0 0 0 0 0 0 0 0 32783 4
fe=(353)
+6 935 65376 65376
+6 -11 65376
+3 * 65376 0 0 0 0 0 0 0 0 65376 4
+15 +3 14388
+4 -1 14388
+4 -2 14388
+3 * 14388 0 0 0 0 0 0 0 0 14388 7256
+2 * 145204 145204 0 1 0 0 1
+5 * 145204 0 0 0 0 0 0 0 0 145204 8745
+2 +7 130816
+3 * 130816 0 0 0 0 0 0 0 0 130816 14
+34 +4 130816
+3 * 130816 0 0 1 0 0 1 0 0 130816 251
+6 +2 238 238
+7 * 238
+3 * 238 0 0 0 0 0 0 0 0 238 10
+6 +19 238 0 238
+3 +1 238 238
+7 * 238
+2 * 238
+3 * 238
+3 * 238 0 238
+4 +4 238 238
+6 * 238
+3 * 238 0 0 0 0 0 0 0 0 238 6
0x5c470 +14 238
+3 * 238
+4 * 238 0 238
+2 +5 238 238
+7 * 238 238
+4 * 238 238
+7 * 238 0 0 0 0 0 0 0 0 238 4
-18 * 130578 130578 0 1 0 0 1
+7 * 130578 130578 0 1 0 0 1
+4 * 130578 130578
+7 * 130578 0 0 0 0 0 0 0 0 130578 2986
+10 +3 130816 0 130816
+10 * 130816
+2 +4 130816 130816
+6 +9 130816
+2 -5 130816
+3 -3 130816 130816
+7 +3 130816 130816
+7 +5 130816
+3 -9 130816
+2 * 130816 0 0 1 0 0 1 0 0 130816 65283
+6 +1 65408
+4 +6 65408
+3 * 65408
+3 * 65408
+2 * 65408 0 65408
+6 +2 65408
+2 * 65408 0 0 0 0 0 0 0 0 65408
+2 * 65408 65408
+7 * 65408 65408
+3 * 65408
+3 * 65408 0 0 0 0 0 0 0 0 65408
fi=(361) /usr/src/debug/glibc/glibc/stdio-common/../include/printf_buffer.h
+2 163 65408
+2 * 65408 0 0 0 0 0 0 0 0 65408 1
+6 -15 65408 65408
+4 * 65408 65408
+4 * 65408 0 0 0 0 0 0 0 0 65408
+6 +1 65408 0 0 1 0 0 1
+4 * 65408 0 65408
+4 * 65408 0 65408
fe=(353)
+3 1006 65408 65408
+7 * 65408 65408
+4 * 65408
+3 * 65408 0 0 0 0 0 0 0 0 65408
-3 * 65408
+3 * 65408 0 0 0 0 0 0 0 0 65408
fi=(361)
+2 163 130816 130816
+7 * 130816 130816
+4 * 130816 0 0 0 0 0 0 0 0 130816 4
fe=(353)
+16 1009 130816 130816
+6 * 130816
+2 * 130816 0 0 1 0 0 1 0 0 130816 5
0x5c602 +13 130816 130816 0 1 0 0 1
+7 * 130816
+3 * 130816
+3 * 130816 0 130816
cfi=(352)
cfn=(1534)
calls=130816 0x5b530 27 
* * 6410022 1831424 1177344 1 1 0 1 0 0 784915 34 130816 1
+5 +2 130816 130816
+7 * 130816 130816
+4 * 130816 0 0 0 0 0 0 0 0 130816 4
+26 +4 130816 130816
+7 * 130816 0 0 0 0 0 0 0 0 130816 4
+32 799 152581 152581 0 1 0 0 1
+6 * 152581 152581
+6 -1 152581 0 152581
+7 * 152581
+3 * 152581
+2 * 152581
+3 * 152581 0 152581
+6 * 152581
+2 * 152581
+2 * 152581
+4 * 152581
+5 483 130816 0 0 1 0 0 1
+2 * 130816 0 0 0 0 0 0 0 0 130816 2
0x5c708 987 65408 0 0 1 0 0 1
+3 * 65408 0 0 0 0 0 0 0 0 65408 3803
+28 +9 65408 65408
+7 * 65408 65408
+3 * 65408
+3 * 65408 0 0 0 0 0 0 0 0 65408 1
fi=(361)
+2 163 65408
+2 * 65408 0 0 0 0 0 0 0 0 65408
+6 * 65408
fe=(353)
+2 1001 65408 0 0 1 0 0 1
+3 * 65408 0 0 0 0 0 0 0 0 65408
+6 +2 65408
+3 * 65408 0 0 0 0 0 0 0 0 65408 2
fi=(360)
+52 52 130816 0 0 1 0 0 1
+3 * 130816 0 0 0 0 0 0 0 0 130816 65389
+6 * 65440
+4 * 65440 0 0 0 0 0 0 0 0 65440 32739
fe=(353)
+6 830 65440
+3 * 65440 0 0 0 0 0 0 0 0 65440
+6 +5 65440 65440
+5 * 65440 65440
+6 * 65440
+4 * 65440
+3 * 65440
+2 * 65440 0 0 0 0 0 0 0 0 65440
+6 * 65440
+3 * 65440 0 0 0 0 0 0 0 0 65440 7585
+2 * 58977
+5 * 7217
+3 * 7217 0 0 0 0 0 0 0 0 7217 850
+2 +2 7217 0 7217
+3 -2 7217
+3 * 7217 7217
+4 * 7217
+4 * 7217
+2 * 7217 0 0 0 0 0 0 0 0 7217 8
+2 +3 6463
+3 * 6463
+2 +2 6463 6463
+6 * 6463 6463
+6 * 6463
+4 * 6463
+2 * 6463
+2 * 6463
+4 * 6463
+2 * 6463
+2 +2 6463 6463
+6 * 6463 0 0 0 0 0 0 0 0 6463
-34 -2 58977 58977 0 1 0 0 1
+6 * 58977 58977
+6 * 58977
+4 * 58977
+2 * 58977
+2 * 58977
+4 * 58977
+2 * 58977
+2 +2 58977 58977
+6 * 58977 0 0 1 0 0 1 0 0 58977
+6 +2 65440
+3 * 65440 0 65440
+2 +80 65440 65440
+6 * 65440
+2 -69 65440 65440
+6 * 65440 0 0 0 0 0 0 0 0 65440
+6 +80 65440 65440
+6 -11 65440
+3 * 65440 0 0 0 0 0 0 0 0 65440 10
0x5c94c +42 238 0 238
+5 * 238
+4 +9 238 238
+6 * 238
+29 809 26218 0 0 1 0 0 1
+5 * 26218 0 0 1 0 0 1
0x5ca40 -78 238 0 238 1 0 0 1
+10 -20 238
+3 +20 238
+3 -20 238 0 238
+6 +3 238 238
+6 * 238
+3 +2 238
+3 -2 238 0 238
+6 +2 238
+4 * 238 0 238
+7 +15 238 238
+7 * 238 238
+4 * 238 0 0 1 0 0 1
+4 * 238 0 238
+6 * 238
0x5cbdb +43 238 238 0 1 0 0 1
+7 * 238
+3 * 238 0 0 0 0 0 0 0 0 238
+2 * 238 238
+8 * 238 0 0 0 0 0 0 0 0 238
0x5cc63 +7 130578 130578 0 1 0 0 1
+7 +2 130578 130578
+7 669 130578 0 130578
+10 781 130578 0 130578
+4 +2 130578 0 0 1 0 0 1
+4 -1 130578 0 130578
+7 +1 130578 0 130578
+4 * 130578
+7 * 130578 0 130578
+7 * 130578
0x5cd16 499 130816 0 0 1 0 0 1
+3 * 130816
+3 * 130816 0 130816 0 0 1
cfi=(325)
cfn=(1310)
calls=130816 0x54580 28 
* * 2093056 261632 130816 2 0 0 0 0 0 392448 3
+5 +1 130816 130816
+7 * 130816 130816
+7 * 130816
+4 * 130816 0 130816
+7 * 130816 0 130816
+4 +1 130816 0 0 1 0 0 1
+4 * 130816 0 0 0 0 0 0 0 0 130816 2
+31 +2 130816 0 130816
+10 +1 130816 130816
+6 * 130816
+2 +7 130816 130816 0 0 1 0 0 1
+6 -7 130816 0 130816
+6 +7 130816 0 0 1 0 0 1 0 0 130816 2
+33 +7 132448 132448
+4 +1 132448 132448
+4 * 132448
+7 -1 132448 132448
+7 +2 132448 132448 0 0 1
+4 -2 132448
+4 * 132448 0 0 1 0 0 1
+3 * 132448 0 0 0 0 0 0 0 0 132448 9
+22 +9 132448 132448
+4 * 132448 132448
+7 +4 132448 132448
+4 -4 132448
+3 * 132448
+4 * 132448
+4 +4 132448
+5 -4 132448 0 132448
+4 +4 132448 132448
+3 * 132448
+3 * 132448 0 0 1 0 0 1 0 0 132448
+6 * 132448
+4 * 132448
+4 * 132448
+3 +1 132448
+3 * 132448
+3 +1 132448
+2 * 132448
+3 * 132448
+4 * 132448
+3 +2 132448 132448
+4 * 132448 0 0 0 0 0 0 0 0 132448
+6 +5 132448 132448
+6 * 132448
+3 * 132448
+2 * 132448
+3 * 132448 0 0 0 0 0 0 0 0 132448 11005
+6 +22 122136
+3 * 122136
+3 * 122136 0 0 0 0 0 0 0 0 122136 894
+6 +61 132448
+4 * 132448 0 0 0 0 0 0 0 0 132448 3972
+6 * 135400 0 0 1 0 0 1
+2 * 135400 0 0 0 0 0 0 0 0 135400 259
+6 -2 133266
+3 509 133266
+4 621 133266
+4 511 133266 133266 0 0 1 0 0 1
+4 * 133266 0 0 0 0 0 0 0 0 133266 37
+2 623 654898
+4 * 654898 0 0 0 0 0 0 0 0 654898 612
+6 -2 654080
+4 509 654080 0 0 1 0 0 1
+4 +2 654080 654080 0 0 1 0 0 1
+3 * 654080 0 0 0 0 0 0 0 0 654080 4584
+2 623 649496
+3 * 649496 0 0 0 0 0 0 0 0 649496
+6 509 649496
+3 * 649496
+4 621 649496
+4 511 649496 649496 0 0 2 0 0 1
+4 * 649496 0 0 0 0 0 0 0 0 649496 125626
+2 * 125622
+4 * 125622
+11 * 125622 125622
+7 * 125622
-7 * 2242 2242
+7 * 2242
+25 +14 132448 0 0 1 0 0 1
+5 -1 132448
+3 * 132448
+3 * 132448
+3 * 132448 0 132448
cfi=(323) /usr/src/debug/glibc/glibc/stdlib/mul.c
cfn=(1304) __mpn_mul
calls=132448 0x54700 48 
* * 9801152 2119168 1721824 3 2 2 1 1 0 1059584 21
+5 * 132448
+13 * 4584 4584
+7 +97 4584
+3 * 4584
+6 -79 10312 0 0 1 0 0 1
+4 * 10312 0 0 0 0 0 0 0 0 10312
+6 +4 10312
+5 * 10312
+5 -2 10312 0 10312
+8 +2 10312
+3 * 10312
+3 +16 10312
+3 -16 10312 0 10312
+4 +16 10312
+3 * 10312 0 0 0 0 0 0 0 0 10312
+6 +2 10312 10312
+3 * 10312 0 0 0 0 0 0 0 0 10312 4384
+2 +1 3730 0 0 0 0 0 0 0 0 3730 104
+2 +58 3730
+2 * 3730
+5 -57 102 102
+4 * 102 102
+5 * 102 0 0 0 0 0 0 0 0 102 1
+2 +4 6582
+3 +1 6582
+5 * 6582
+3 -1 6582 0 6582
+6 +1 6582
+2 * 6582
+3 +5 6582
+3 +3 6582 6582
+3 * 6582
+3 * 6582 0 0 0 0 0 0 0 0 6582 2
-9 -3 77515
+3 +3 77515 77515
+3 * 77515
+3 * 77515 0 0 0 0 0 0 0 0 77515 1
-6 * 43729 43729 0 1 0 0 1
+3 * 43729
+3 * 43729 0 0 0 0 0 0 0 0 43729 2
+94 +34 127826 127826
+7 * 127826 0 127826
cfi=(356) /usr/src/debug/glibc/glibc/stdlib/../sysdeps/x86_64/rshift.S
cfn=(1544) __mpn_rshift
calls=127826 0x55770 28 
* * 2300868 383478 255652 3 0 0 3 0 0 511304 14
+5 +3 127826 127826
+4 * 127826
+3 * 127826 0 127826
+7 +7 127826 127826
+6 * 127826
+13 -52 121244 0 0 1 0 0 1
+5 * 121244
+3 -1 121244
+3 +1 121244 0 0 1 0 0 1
+2 -1 121244 0 121244
+6 +1 121244
+3 +4 121244
+2 * 121244 0 0 0 0 0 0 0 0 121244 51748
+6 * 77515
+5 +50 127864
+2 * 127864 0 0 0 0 0 0 0 0 127864 23853
+6 +4 23979 23979
+7 * 23979 23979
+4 * 23979
+5 * 23979 23979
+7 * 23979 0 23979
cfi=(324)
cfn=(1306)
calls=23979 0x54ad0 31 
* * 791307 95916 71937 0 0 0 0 0 0 71937 8
+5 +1 23979 23979 0 1 0 0 1
+7 +1 23979 23979
+4 -1 23979 0 23979
+4 +1 23979
+3 * 23979 0 0 0 0 0 0 0 0 23979 7
+14 +3 23979 23979
+6 * 23979
+5 -1 23979 23979
+3 +3 23979 23979
+7 -2 23979
+2 * 23979
+3 -1 23979
+3 * 23979 0 0 0 0 0 0 0 0 23979 209
+6 * 23979 0 0 1 0 0 1
+5 +1 23979
+2 * 23979 0 0 0 0 0 0 0 0 23979 6
+54 +9 23979 23979
+4 * 23979 0 23979 1 0 0 1
+7 +2 23979 23979
+6 * 23979 0 0 0 0 0 0 0 0 23979
+6 -1 23979
+4 +3 23979 0 23979
+7 * 23979
-7 * 106837 0 106837
+7 * 106837
0x5d217 994 65408 0 0 1 0 0 1
+3 * 65408
+3 * 65408
+2 * 65408 0 65408
+6 +2 65408
+2 * 65408 0 0 0 0 0 0 0 0 65408
+6 * 65408
0x5d43a 511 130816 0 0 1 0 0 1
+6 * 130816 0 0 1 0 0 1
+7 * 130816
+3 * 130816
0x5d4da 937 238 238 0 1 0 0 1
+7 * 238 0 0 0 0 0 0 0 0 238 8
0x5d6ea 642 23979 0 0 1 0 0 1
+3 * 23979 0 23979
cfi=(356)
cfn=(1544)
calls=23979 0x55770 28 
* * 431622 71937 47958 0 0 0 0 0 0 95916 7
+5 +3 23979 23979
+7 * 23979
+19 834 58977
+2 * 58977
+34 580 127826 0 0 1 0 0 1
+4 * 127826 0 0 0 0 0 0 0 0 127826
+6 +10 127826
+5 -3 127826 0 0 1 0 0 1
+5 +3 127826
+3 * 127826
+2 * 127826 0 0 0 0 0 0 0 0 127826
+2 * 127826
+3 * 127826

fn=(1550)
0x5b600 91 2376453 2376453 0 1 0 0 1
+2 * 2376453
+2 * 2376453 0 0 0 0 0 0 0 0 2376453
+2 * 2376453 2376453
+4 * 2376453 0 0 0 0 0 0 0 0 2376453 1604
+6 -3 2223872 0 2223872
+1 * 2223872
+3 * 2223872 0 2223872
+2 * 2223872 0 2223872
+1 * 2223872
+3 * 2223872
+4 +5 2223872 2223872
+4 +2 2223872 2223872
+4 * 2223872 2223872
+4 -2 2223872
+3 * 2223872 0 0 0 0 0 0 0 0 2223872 19
0x5b6e0 +2 2223872 0 0 1 0 0 1
+4 +1 2223872
+5 * 2223872
+3 -1 2223872
+4 * 2223872 2223872
+3 +1 2223872 0 2223872
cfi=(324)
cfn=(1306)
calls=2223872 0x54ad0 -65 
* * 46701312 6671616 4447744 1 0 0 0 0 0 8895488 1
+5 * 2223872 0 2223872
+3 +31 2223872
+4 +1 2223872
+4 * 2223872 2223872
+1 * 2223872
+3 * 2223872 2223872
+2 * 2223872 2223872
+1 * 2223872 2223872
+6 -37 2372407 2372407 0 1 0 0 1
+3 * 2372407
+6 * 2372407
+3 * 2372407 0 2372407
+3 * 2372407
+2 * 2372407 0 0 0 0 0 0 0 0 2372407 144864
+6 +37 152581
+3 * 152581 152581

fl=(301)
fn=(1146)
0x89940 32 523 0 0 2 0 0 1
+4 +3 523 523
+4 * 523 0 0 0 0 0 0 0 0 523
+2 * 523 523
+3 * 523
+2 * 523 0 0 0 0 0 0 0 0 523 1
+2 +7 523 523

fl=(120) /usr/src/debug/glibc/glibc/wcsmbs/../sysdeps/x86_64/multiarch/wcscmp.c
fn=(402) wcscmp
0xc29c0 30 2 0 0 1 0 0 1
fi=(117)
+4 +8 2 2
+7 * 2
+7 * 2 2 0 0 1
+6 +2 2
+2 * 2
+2 * 2
+6 * 2 0 0 0 0 0 0 0 0 2
+6 +1 2 2 0 0 1
+7 * 2 0 0 0 0 0 0 0 0 2
+2 +1 2 2 0 0 1
+6 * 2
+6 * 2 0 0 0 0 0 0 0 0 2
+2 +4 2 0 0 1 0 0 1
+2 * 2
+2 * 2
+6 * 2 0 0 0 0 0 0 0 0 2
+2 +3 2
+7 * 2
+3 * 2 0 0 0 0 0 0 0 0 2
+2 +3 2
+6 * 2
+7 * 2
+7 * 2
+4 * 2 2
fe=(120)

fl=(228)
fn=(782)
0xc0940 32 256 0 0 1 0 0 1
+4 * 256 0 256
+1 * 256
+3 * 256 0 256
+1 * 256
+7 +5 256 256
+9 * 256 0 256
+4 * 256
+6 * 256
+6 * 256 0 0 0 0 0 0 0 0 256
+6 * 256
+2 * 256
+3 * 256 0 0 0 0 0 0 0 0 256 1
+6 * 256
+2 +5 256
+3 * 256 0 0 1 0 0 1 0 0 256 3
+2 +52 128 128
+4 * 128 128
+9 * 128 0 0 0 0 0 0 0 0 128
+6 * 128 128
+4 * 128 128
+1 * 128 128
+7 -48 128 128
+7 * 128 128
+4 * 128 128 0 0 1
fi=(396) /usr/src/debug/glibc/glibc/wcsmbs/./wcsmbsload.h
+3 +23 128 128
+4 +1 128 128 0 0 1
+3 * 128
+3 * 128 0 0 0 0 0 0 0 0 128
fe=(228)
+6 -23 128 128 0 1 1 0 1
+3 * 128 128 0 0 1
+4 +1 128 128 0 0 1
+4 * 128 0 0 0 0 0 0 0 0 128 3
+15 +4 128 128
+5 * 128 0 0 0 0 0 0 0 0 128
+2 * 128
+3 * 128 0 0 0 0 0 0 0 0 128
+2 +3 128
+3 * 128 0 128
+4 * 128 0 128
+4 * 128 0 128
+6 * 128 0 128
cfi=(229)
cfn=(784)
calls=128 0x16a450 -15 
* * 640 384 0 1 0 0 1 0 0 128 2
+5 * 128 128
+4 * 128 128 0 1 0 0 1
+4 * 128 128
+4 * 128 128
+9 * 128 0 0 0 0 0 0 0 0 128
+6 * 128 128
+7 * 128 128
+3 +39 128 128
+4 * 128 128
+1 -39 128 0 0 0 0 0 0 0 0 0 0 128 1
cfi=(230)
cfn=(786)
calls=128 0x2a8c0 -6 
* * 768 128 0 1 0 0 1

fl=(231)
fn=(790)
0x11f2a0 26 10 0 0 1 0 0 1
+4 * 10 0 10
+1 * 10
+3 * 10 0 10
+2 * 10 0 10
+2 * 10
+3 * 10 0 10
+2 * 10 0 10
+2 +7 10
+3 -7 10 0 10
+1 * 10
+3 * 10
+4 +3 10 0 10 1 0 0 1
cob=(4)
cfi=(191)
cfn=(792)
calls=10 0x4c72240 -29 
* * 160 30 0 2 4 0 2 3 0 20 1 10 1
+5 * 10
+3 +3 10 10
+3 * 10 0 10
+4 * 10 10 0 0 1
+7 +1 10
+12 +7 48
+5 +1 48 48
+3 * 48 0 0 0 0 0 0 0 0 48
+2 -8 48
+4 +2 48
+3 * 48 0 48
cob=(4)
cfi=(191)
cfn=(792)
calls=48 0x4c72240 -35 
* * 768 144 0 0 1 0 0 1 0 96 0 48
-3 * 10
+3 * 10 0 10
cob=(4)
cfi=(191)
cfn=(792)
calls=10 0x4c72240 -35 
* * 160 30 0 0 1 0 0 1 0 20 4 10
+5 * 58
+3 +2 58
+3 * 58 0 0 0 0 0 0 0 0 58 10
+2 * 49 0 0 1 0 0 1
+3 * 49
+3 * 49
+3 * 49 49 49 0 0 0 0 0 0 0 0 49 1
cfi=(233)
cfn=(796)
calls=49 0x16d620 +36 
* * 1048 225 0 3 0 0 3 0 0 196 23
+6 * 49
+2 * 49 0 0 0 0 0 0 0 0 49 2
+2 +8 10 10
+4 * 10 10 0 0 1
+7 +1 10 10 0 0 2
+5 +1 10
+4 * 10 10
+1 * 10 10
+2 * 10 10
+2 * 10 10
+2 * 10 10
+2 * 10 10
+1 * 10 10

fl=(383) /usr/src/debug/glibc/glibc/posix/../sysdeps/unix/sysv/linux/_exit.c
fn=(1782) _Exit
0xe50d0 27 1 0 0 1 0 0 1
+4 * 1 1
+7 * 1

fl=(86) /usr/src/debug/glibc/glibc/string/../sysdeps/x86_64/multiarch/mempcpy.c
fn=(316) mempcpy
0xac050 33 1 0 0 1 0 0 1
fi=(87)
+4 +23 1 1
+7 * 1
+7 * 1 1
+6 +1 1
+3 * 1 0 0 0 0 0 0 0 0 1
+5 +3 1 1
+6 * 1
+6 * 1 0 0 0 0 0 0 0 0 1 1
+52 +14 1 0 0 1 0 0 1
+3 * 1 0 0 0 0 0 0 0 0 1 1
+53 +3 1 0 0 1 0 0 1
+2 * 1 0 0 0 0 0 0 0 0 1
+2 +8 1
+6 * 1 0 0 0 0 0 0 0 0 1
+2 +8 1
+3 * 1 0 0 0 0 0 0 0 0 1
+2 +3 1
+6 * 1 0 0 1 0 0 1
+7 * 1
+7 * 1
+4 * 1 1
fe=(86)

fl=(92) /usr/src/debug/glibc/glibc/debug/../sysdeps/x86_64/multiarch/memmove_chk.c
fn=(328) __memmove_chk
0x126c80 29 2 0 0 2 0 0 1
fi=(93)
+4 +27 2 2
+7 * 2
+7 * 2 2
+6 +1 2
+3 * 2 0 0 0 0 0 0 0 0 2 2
+5 +3 2 2
+6 * 2
+6 * 2 0 0 0 0 0 0 0 0 2 2
+52 +14 2 0 0 1 0 0 1
+3 * 2 0 0 0 0 0 0 0 0 2 2
+53 +3 2 0 0 1 0 0 1
+2 * 2 0 0 0 0 0 0 0 0 2
+2 +8 2
+6 * 2 0 0 0 0 0 0 0 0 2
+2 +8 2
+3 * 2 0 0 0 0 0 0 0 0 2 1
+2 +3 2
+6 * 2
+7 * 2
+7 * 2 0 0 1 0 0 1
+4 * 2 2
fe=(92)

fl=(90) /usr/src/debug/glibc/glibc/string/../sysdeps/x86_64/multiarch/stpcpy.c
fn=(324) stpcpy
0xac3c0 33 1 0 0 1 0 0 1
fi=(91)
+4 +5 1 1
+7 * 1 1
+6 +1 1 1
+6 -1 1
+3 * 1 0 0 0 0 0 0 0 0 1
+2 +1 1
+3 * 1 0 0 0 0 0 0 0 0 1
+2 +4 1
+2 * 1
+2 * 1
+5 * 1 0 0 0 0 0 0 0 0 1
+2 +3 1
+7 * 1
+3 * 1 0 0 0 0 0 0 0 0 1
+2 +3 1
+7 * 1 0 0 1 0 0 1
+3 * 1 0 0 0 0 0 0 0 0 1
fe=(90)
+37 -16 1 1

fl=(171) /usr/src/debug/glibc/glibc/time/../sysdeps/unix/sysv/linux/gettimeofday.c
fn=(580) gettimeofday
0xd70f0 41 1 0 0 1 0 0 1
+4 * 1 1
+7 * 1 0 0 1 0 0 1
+7 * 1 1 0 0 1
+7 * 1
+3 * 1
+4 * 1 1

fl=(259) /usr/src/debug/glibc/glibc/malloc/morecore.c
fn=(924) __glibc_morecore
0xa46b0 25 43 0 0 2 0 0 1
+4 +1 43 43
+7 * 43 0 0 0 0 0 0 0 0 43 1
+2 -1 43 0 43
+1 * 43 0 0 2 0 0 1
+3 +4 43 0 43
cfi=(260)
cfn=(926)
calls=43 0x118050 +8 
* * 1363 328 154 17 106 18 6 1 0 275 20
+5 +1 43
+4 * 43 0 0 0 0 0 0 0 0 43
+2 +4 43 43
+1 * 43 43

fl=(288)
fn=(1076)
0x80c50 85 2 0 0 2 0 0 1
+4 +1 2
+5 * 2
cfn=(1078) __fopen_internal
calls=2 0x80b50 -29 
* * 1124 253 243 80 17 22 47 4 7 123 43 4 3

fn=(1078)
0x80b50 57 2 0 0 2 0 0 1
+4 * 2 0 2
+1 * 2
+3 * 2 0 2
+2 * 2
+3 * 2 0 2
+2 * 2
+3 * 2 0 2
+2 * 2
+3 +8 2
+5 -8 2 0 2
+2 * 2 0 2
+1 * 2
+4 +8 2 2 2 0 1 1 0 0 0 0 0 2 1
cfi=(188)
cfn=(916)
calls=2 0xa7970 3480 
* * 224 38 18 1 6 2 1 0 1 35 13
+6 +2 2
+3 * 2 0 0 2 0 0 1 0 0 2
+6 * 2
+3 +3 2
+7 +2 2
+2 * 2
+2 * 2
+7 -2 2 0 2 0 0 2 0 0 1
+7 +2 2
+3 * 2
+3 * 2
+7 * 2 0 2
cfi=(289) /usr/src/debug/glibc/glibc/libio/genops.c
cfn=(1080) _IO_no_init
calls=2 0x90850 589 
* * 116 18 60 10 2 10 5 1 5 4
+6 +1 2
+7 +1 2
+3 -1 2 0 2 2 0 0 1
+7 +1 2 0 2
cfi=(290)
cfn=(1084) _IO_new_file_init_internal
calls=2 0x8cf50 +33 
* * 228 66 66 25 3 3 15 0 0 26 10
+5 +1 2
+3 * 2
+3 * 2
+3 * 2
+3 * 2 0 2
cfi=(290)
cfn=(1092) _IO_file_fopen@@GLIBC_2.2.5
calls=2 0x8d430 247 
* * 460 113 75 36 5 4 22 3 0 52 18 2 2
+5 * 2
+3 * 2 0 0 0 0 0 0 0 0 2
+2 -38 2 2
+4 * 2 0 0 0 0 0 0 0 0 2 2
+48 +44 2 0 0 2 0 0 1
+4 * 2
+3 * 2 2
+1 * 2 2
+2 * 2 2
+2 * 2 2
+2 * 2 2
+2 * 2 2
+1 * 2 2

fl=(352)
fn=(1534)
0x5b530 27 392448 0 0 1 0 0 1
+4 +1 392448 392448
+3 * 392448
+2 * 392448 0 0 0 0 0 0 0 0 392448
+6 -1 392448 0 392448
+1 * 392448 0 0 1 0 0 1
+3 * 392448 0 392448 0 0 1
+2 * 392448 0 392448
+2 * 392448 0 392448
+2 * 392448
+3 * 392448 0 392448
+1 +4 392448
+3 * 392448 0 0 0 0 0 0 0 0 392448 4
+2 * 130816
+3 * 130816
+3 +2 130816 130816
+4 * 130816
+4 +3 130816
fi=(397) /usr/src/debug/glibc/glibc/stdio-common/../string/bits/string_fortified.h
+3 -7 130816
fe=(352)
+3 +8 130816
+3 * 130816
fi=(397)
+4 -8 130816
fe=(352)
+3 +12 130816
fi=(397)
+3 -12 130816 130816 130816 0 1 0 0 0 0 0 0 130816 1
cfi=(282)
cfn=(1038)
calls=130816 0x16dd80 255 
* * 1439014 392448 261632 0 0 0 0 0 0 261651 27
fe=(352)
+6 +11 130816 130816
+4 * 130816
+3 * 130816 0 130816
+4 -9 130816
+3 * 130816 0 0 0 0 0 0 0 0 130816 3
+2 +2 130816 130816 0 1 0 0 1
+4 * 130816
+3 * 130816 0 0 0 0 0 0 0 0 130816 4
+64 +11 392448 392448 0 1 0 0 1
+1 * 392448 392448
+2 * 392448 392448
+2 * 392448 392448
+2 * 392448 392448
+1 * 392448 392448

fl=(270) /usr/src/debug/glibc/glibc/setjmp/../sysdeps/x86_64/bsd-_setjmp.S
fn=(994) _setjmp
0x3e140 28 1 0 0 1 0 0 1
+4 +2 1
+2 +2 1
cfi=(271)
cfn=(996)
calls=1 0x3e070 -1 
* * 28 6 9 3 1 0 3 0 0 2 1

fl=(103) /usr/src/debug/glibc/glibc/wcsmbs/../sysdeps/x86_64/multiarch/wcsncpy.c
fn=(356) wcsncpy
0xc43c0 31 1 0 0 1 0 0 1
fi=(89)
+4 +8 1 1
+7 * 1
+7 +1 1 1
+6 * 1
+2 * 1
+6 * 1 0 0 0 0 0 0 0 0 1 1
+16 +1 1 1
+6 * 1
+3 * 1 0 0 0 0 0 0 0 0 1
+2 +4 1 0 0 1 0 0 1
+6 * 1 0 0 0 0 0 0 0 0 1
+2 +3 1
+3 * 1
+7 * 1
+7 * 1
fe=(103)
+4 -17 1
+3 * 1 1

fl=(289)
fn=(1778) _IO_flush_all
0x90b40 713 1 0 0 1 0 0 1
+4 * 1 0 1
+1 * 1
+3 * 1 0 1
+2 * 1 0 1
+2 +5 1
+4 -5 1 0 1
+2 * 1 0 1
+1 * 1
+4 * 1 1
+9 * 1 0 1
+4 * 1
+2 +5 1
+7 * 1 0 1
+8 * 1 0 1
+4 * 1 0 1
cfi=(291) /usr/src/debug/glibc/glibc/nptl/libc-cleanup.c
cfn=(1088) __libc_cleanup_push_defer
calls=1 0x938f0 24 
* * 13 4 3 0 1 0 0 0 0 1
+5 +1 1 1 0 1 0 0 1
+7 * 1 1
+9 * 1 1
+7 * 1 0 0 0 0 0 0 0 0 1
+2 * 1
+3 * 1 0 0 0 0 0 0 0 0 1 1
+59 -5 1 0 0 1 0 0 1
fi=(340)
+3 1036 1
+7 * 1
fe=(289)
+89 742 3 3 0 1 0 0 1
+4 * 3 0 0 0 0 0 0 0 0 3
+2 * 3 3 0 1 0 0 1
+7 * 3 3
+7 * 3 3
+3 * 3 0 0 0 0 0 0 0 0 3
+6 * 3
+2 * 3 0 0 0 0 0 0 0 0 3
+6 * 3 0 3
+8 * 3 3
+7 * 3 0 3
+6 * 3
+3 * 3
+11 +1 3 0 3
+11 -21 3 3
+4 * 3
+3 * 3 0 0 0 0 0 0 0 0 3 3
+6 +2 3 0 3 1 0 0 1
+7 +1 3 3 0 0 1
+4 * 3 0 0 0 0 0 0 0 0 3
+2 * 3 3 0 0 1
+7 * 3 3
+7 * 3 3
+9 * 3 3
+4 * 3 0 0 1 0 0 1 0 0 3 2
+2 * 3
+3 * 3 0 0 0 0 0 0 0 0 3 3
+43 +2 3 3 0 0 1
+7 * 3
+3 * 3 0 0 0 0 0 0 0 0 3
+6 * 3 3 0 1 1 0 1 1
+4 * 3 3
+4 * 3 0 0 0 0 0 0 0 0 3
+2 +7 3 3 0 0 1
+3 * 3
+2 * 3 0 0 0 0 0 0 0 0 3
+6 +1 3 3
+4 * 3 3
+4 * 3 0 0 0 0 0 0 0 0 3 3
+6 * 3
0x90df0 +12 1 1 0 1 0 0 1
+7 * 1 0 0 0 0 0 0 0 0 1
+2 * 1 1
+6 * 1 0 0 1 0 0 1
+2 * 1 0 0 0 0 0 0 0 0 1
+2 * 1 0 1
+11 * 1 0 1
+10 +1 1
+4 * 1 0 1
cfi=(291)
cfn=(1090) __libc_cleanup_pop_restore
calls=1 0x93940 54 
* * 10 5 1 0 0 0 0 0 0 1 1
+5 +4 1 1
+4 * 1 1
+9 * 1 0 0 0 0 0 0 0 0 1
+6 * 1
+4 * 1
+3 * 1 1
+1 * 1 1
+2 * 1 1
+2 * 1 1
+2 * 1 1
+1 * 1 1
+5 -27 3 0 3 1 0 0 1
+6 * 3 0 3
+4 * 3
0x90ed8 -6 1 0 1 1 0 0 1
+7 +3 1 1
+7 -8 1
+3 +5 1 0 1
+10 +3 1
+3 * 1 0 0 0 0 0 0 0 0 1 1

fn=(1082) _IO_old_init
0x907e0 557 2 0 0 2 0 0 1
+4 +3 2 2 0 0 2 0 0 1
+6 * 2
+2 +5 2
+4 * 2 0 2 0 0 2 0 0 1
+4 -7 2
+6 +12 2 0 2 2 0 0 1
+8 -10 2
+2 -2 2 0 2 0 0 1 0 0 1
+2 +2 2
+3 +16 2
+2 -11 2 0 2
+4 -5 2
+3 +16 2 0 2
+7 * 2 0 2
+4 +5 2 2
+7 -16 2 0 2
+4 * 2 0 2
+4 * 2 0 2
+4 * 2 0 2
+4 * 2 0 2
+4 +16 2
+3 * 2 0 0 0 0 0 0 0 0 2
+2 +1 2 0 2 0 0 2 0 0 1
+7 * 2 0 2
+8 +2 2 2

fn=(1086) _IO_link_in
0x8f8f0 109 4 0 0 1 0 0 1
+4 * 4 0 4
+1 * 4
+3 * 4
+4 +1 4 4 0 2 0 0 1
+9 * 4 0 4
+4 * 4 4
+2 * 4
+2 * 4 0 0 0 0 0 0 0 0 4 2
+2 +24 4 4
+4 * 4 4
+9 * 4 0 0 0 0 0 0 0 0 4 1
+6 * 4 4
+1 * 4 4
+5 -22 2
+2 +2 2
+4 -2 2 0 2 0 0 1
+4 * 2 0 2
+2 +2 2
+7 * 2
+3 * 2 0 2 2 0 0 1
+4 * 2 0 2
+4 * 2 0 2
+8 * 2 0 2 0 0 1
cfi=(291)
cfn=(1088)
calls=2 0x938f0 -90 
* * 26 8 6 2 2 0 2 0 0 2
+5 +1 2 2
+7 * 2 2
+7 * 2 2
+9 * 2 2
+4 * 2
+2 * 2 2
+4 * 2 0 0 0 0 0 0 0 0 2 1
+2 * 2
+3 * 2 0 0 0 0 0 0 0 0 2 2
0x8fa0e +4 2 2 0 2 1 0 1
+7 +3 2
+7 * 2 0 2
+7 -3 2 0 2
+4 +4 2
+3 * 2 0 0 0 0 0 0 0 0 2 2
+2 +1 2
+4 * 2 0 2 0 0 1
+7 +2 2 0 2
+7 +2 2
+2 * 2 0 0 2 0 0 1 0 0 2
+6 * 2 2
+7 * 2 2
+4 * 2
+2 * 2 0 0 0 0 0 0 0 0 2
+6 * 2
+2 * 2 0 0 0 0 0 0 0 0 2
+6 * 2 0 2
+8 * 2 2
+7 +1 2 0 2
+11 +1 2 2 0 2 0 0 1
+6 -2 2 0 2
+6 +2 2
+2 * 2 0 0 0 0 0 0 0 0 2
+6 * 2 0 2
+11 * 2 0 2
+10 * 2
0x8fb2f +1 2 0 0 2 0 0 1
+3 * 2 0 2
cfi=(291)
cfn=(1090)
calls=2 0x93940 -77 
* * 20 10 2 2 0 0 2 0 0 2 2
+5 +3 2
+65 -19 2 0 2 2 0 0 1
+10 * 2 0 2
+7 +1 2 0 2
+7 +1 2 2
+4 * 2 0 0 0 0 0 0 0 0 2
+6 * 2 2
+9 * 2 2
+7 * 2 2
+4 * 2
+3 * 2 0 0 0 0 0 0 0 0 2
+6 * 2 0 2
+6 * 2 0 2 2 0 0 1
+4 +11 2 2
+2 * 2
+6 -11 2

fn=(1422) _IO_setb
0x90160 355 2 0 0 2 0 0 1
+4 * 2 0 2
+1 * 2
+3 * 2
+3 * 2
+4 +1 2 2
+4 * 2 2
+3 * 2
+3 * 2 0 0 0 0 0 0 0 0 2 1
+6 +3 2 0 2 2 0 0 1
+4 +2 2
+2 * 2
+3 * 2
+3 * 2
+2 -3 2 0 2
+4 +3 2
+3 * 2 0 2
+3 +3 2 2
+1 * 2 2

fn=(1428) _IO_default_finish
0x90950 628 2 0 0 2 0 0 1
+4 * 2 0 2
+1 * 2
+3 * 2 0 2
+1 * 2
+3 * 2
+4 +2 2 2
+4 * 2
+3 * 2 0 0 0 0 0 0 0 0 2 2
+7 +6 2 2
+4 * 2
+3 * 2 0 0 0 0 0 0 0 0 2 2
+27 +3 2 2 0 1 0 0 1
+4 * 2
+3 * 2 0 0 0 0 0 0 0 0 2 2
+25 68 2 2
+3 * 2 0 0 0 0 0 0 0 0 2
+2 651 2 2
+4 * 2 2
+1 * 2 2

fn=(1416) _IO_unsave_markers
0x91870 977 2 0 0 2 0 0 1
+4 +2 2 2
+5 * 2 0 0 0 0 0 0 0 0 2 2
+10 +5 2 2 0 2 0 0 1
+5 * 2 0 0 0 0 0 0 0 0 2 2
+72 +2 2 2 0 2 0 0 1

fn=(1412) __GI__IO_un_link.part.0
0x8f5a0 66 2 0 2 2 0 0 1
+1 +6 2
+7 -6 2
+3 * 2 0 2
+2 * 2 0 2
+1 * 2
+4 * 2 2
+9 * 2 0 2
+4 * 2 0 0 2 0 0 1
+3 +6 2
+4 * 2 0 2
+4 * 2 0 2
+8 * 2 0 2
cfi=(291)
cfn=(1088)
calls=2 0x938f0 -48 
* * 26 8 6 1 2 0 0 0 0 2
+5 +1 2 2
+7 * 2 2
+9 * 2 2 0 0 2
+7 * 2 0 0 0 0 0 0 0 0 2
+2 * 2
+3 * 2 0 0 0 0 0 0 0 0 2 2
+43 +2 2 2 0 2 0 0 1
+2 -1 2 0 2
+7 +1 2
+3 * 2 0 0 0 0 0 0 0 0 2
+6 * 2 2 0 0 2
+7 * 2 2
+7 * 2 2 0 2 0 0 1
+9 * 2 2 0 0 2
+4 * 2 0 0 0 0 0 0 0 0 2
+2 * 2
+3 * 2 0 0 0 0 0 0 0 0 2 2
+43 +2 2 2 0 2 2 0 1
+8 * 2 0 0 0 0 0 0 0 0 2
+2 +4 2 2
+7 +1 2 2
+4 +1 2 0 2
+3 +1 2
+3 * 2 0 0 0 0 0 0 0 0 2
+2 +1 2 0 2 0 0 2
+7 +11 2 2
+2 * 2
+2 * 2
+3 * 2 0 2
+2 +2 2 2
+7 * 2
+3 * 2 0 0 0 0 0 0 0 0 2
+6 * 2 2
+7 * 2 2 0 2 0 0 1
+3 * 2
+2 * 2 0 0 0 0 0 0 0 0 2
+6 * 2
+2 * 2 0 0 0 0 0 0 0 0 2
+6 * 2 0 2
+8 * 2 2
+7 +1 2 0 2
+11 -1 2 0 2
+6 +2 2 2
+6 * 2
+2 * 2 0 0 0 0 0 0 0 0 2
+6 * 2 0 2 2 0 0 1
+11 * 2 0 2
+10 * 2
0x8f785 +1 2 0 0 2 0 0 1
+4 * 2 0 2
cfi=(291)
cfn=(1090)
calls=2 0x93940 -47 
* * 20 10 2 3 0 0 0 0 0 2 2
+5 +3 2 2
+4 * 2 2
+9 * 2 0 0 0 0 0 0 0 0 2
+6 * 2
+4 * 2 2
+1 * 2 2
+2 * 2 2
+1 * 2 2
+55 -31 2 0 2 2 0 0 1
+10 * 2 0 2
+7 * 2
+95 +2 2 0 2 2 0 0 1
+6 * 2 0 2
+4 * 2

fn=(1776) _IO_cleanup
0x912a0 882 1 0 0 1 0 0 1
+4 * 1 0 1
+1 * 1
+3 * 1 0 1
+2 * 1 0 1
+2 * 1 0 1
+2 * 1 0 1
+1 * 1
+4 * 1 1
+9 * 1 0 1
+4 * 1 0 0 1 0 0 1
+2 +1 1 0 1
cfn=(1778)
calls=1 0x90b40 713 
* * 203 75 36 12 6 0 12 1 0 41 14
+5 -73 1
+4 * 1 0 1
+8 +73 1
+3 -73 1
+7 * 1 0 1
+4 * 1 0 1
cfi=(291)
cfn=(1088)
calls=1 0x938f0 24 
* * 13 4 3 0 0 0 0 0 0 1
+5 +1 1 1
+7 * 1 1
+9 * 1 1
+7 * 1 0 0 0 0 0 0 0 0 1
+2 * 1 0 0 1 0 0 1
+3 * 1 0 0 0 0 0 0 0 0 1 1
fi=(340)
+59 1036 1 0 0 1 0 0 1
+7 * 1
fe=(289)
+20 832 3 3
+2 * 3
+2 * 3 0 0 0 0 0 0 0 0 3 1
+2 +2 2 2
+6 * 2
+2 * 2 0 0 0 0 0 0 0 0 2
+6 +20 3 0 3
+10 +2 3
+3 * 3 0 0 0 0 0 0 0 0 3 2
+2 * 3 3 0 1 0 0 1
+7 * 3 3
+7 * 3 3
+3 * 3 0 0 0 0 0 0 0 0 3
+6 * 3
+2 * 3 0 0 0 0 0 0 0 0 3
+6 * 3 0 3
+8 * 3 3
+7 * 3 0 3
+6 * 3
+1 +1 3 0 3
+11 -43 3 3
+4 * 3
+3 * 3 0 0 0 0 0 0 0 0 3 1
+6 +4 3 0 3 1 0 0 1
+7 +1 3 3
+4 * 3 0 0 0 0 0 0 0 0 3 1
+2 * 3 3
+7 * 3 3
+7 * 3 3
+9 * 3 3
+4 * 3 0 0 0 0 0 0 0 0 3 1
+2 * 3
+3 * 3 0 0 0 0 0 0 0 0 3 2
+43 +8 3 3 0 1 0 0 1
+5 * 3 0 0 0 0 0 0 0 0 3 1
+47 +2 3 3 0 1 0 0 1
+6 * 3
+2 * 3 0 0 0 0 0 0 0 0 3 3
0x91560 +32 1 1 0 1 0 0 1
+7 * 1 0 0 0 0 0 0 0 0 1 1
+2 * 1 1
+6 * 1
+2 * 1 0 0 0 0 0 0 0 0 1 1
+2 * 1 0 1
+11 * 1 0 1
+10 +1 1
+4 * 1 0 1
cfi=(291)
cfn=(1090)
calls=1 0x93940 54 
* * 10 5 1 0 0 0 0 0 0 1 1
+5 +33 1 1
+4 * 1 1
+9 * 1 0 0 0 0 0 0 0 0 1
+6 * 1
+4 * 1
+3 * 1 1
+1 * 1 1
+2 * 1 1
+2 * 1 1
+2 * 1 1
+1 * 1 1
+5 -76 3 0 3 1 0 0 1
+6 * 3 0 3 1 0 0 1
+4 * 3
0x91630 -8 1 0 1 1 0 0 1
+7 +3 1 1
+7 -3 1 0 1 1 0 0 1
+10 +3 1
+3 * 1 0 0 0 0 0 0 0 0 1 1

fn=(1410) _IO_un_link
0x8f8d0 67 4
+4 +1 4 4
+3 * 4 0 0 0 0 0 0 0 0 4 2
+2 +36 2 2
+7 * 2
cfn=(1412)
calls=2 0x8f5a0 -38 
* * 200 66 50 24 10 2 10 0 0 28 6

fn=(1080)
0x90850 589 2 0 0 2 0 0 1
+4 * 2 0 2
+1 * 2
+3 * 2 0 2
+2 * 2
+3 * 2 0 2
+2 * 2
+3 * 2 0 2
+2 * 2
+3 * 2 0 2
+1 * 2
+3 +1 2 0 2
cfn=(1082)
calls=2 0x907e0 -33 
* * 52 6 26 4 2 5 2 1 3 2
+6 +1 2 0 2
+7 +1 2
+3 * 2 0 0 0 0 0 0 0 0 2
+2 +2 2 0 2 2 0 0 1
+7 +4 2
+4 +7 2 0 2 0 0 2 0 0 1
+9 +2 2 0 2 0 0 1
+8 -9 2 0 2
+5 * 2 0 2 0 0 2 0 0 1
+6 * 2 0 2
+6 * 2 0 2
+6 * 2 0 2
+6 +15 2 0 2 2 0 0 1
+11 +1 2 0 2
+11 +1 2 2
+1 * 2 2
+2 * 2 2
+2 * 2 2
+2 * 2 2
+1 * 2 2

fl=(130) /usr/src/debug/glibc/glibc/string/../sysdeps/x86_64/multiarch/strchrnul.c
fn=(430) strchrnul
0xad100 31 1 0 0 1 0 0 1
fi=(112)
+4 +7 1 1
+7 * 1
+7 * 1 1
+6 +2 1
+2 * 1
+2 * 1
+6 * 1 0 0 0 0 0 0 0 0 1 1
+6 +1 1 1
+7 * 1 0 0 0 0 0 0 0 0 1
+2 +1 1 1
+6 * 1
+6 * 1 0 0 0 0 0 0 0 0 1
+2 +4 1 0 0 1 0 0 1
+2 * 1
+2 * 1
+6 * 1 0 0 0 0 0 0 0 0 1
+2 +3 1
+7 * 1
+3 * 1 0 0 0 0 0 0 0 0 1
+2 +3 1
+6 * 1
+7 * 1
+7 * 1
+4 * 1 1
fe=(130)

fl=(137) /usr/src/debug/glibc/glibc/string/../sysdeps/x86_64/multiarch/memmove.c
fn=(454) memmove
0xabf40 29 4 0 0 1 0 0 1
fi=(87)
+4 +27 4 4
+7 * 4
+7 * 4 4
+6 +1 4
+3 * 4 0 0 0 0 0 0 0 0 4 3
+5 +3 4 4
+6 * 4
+6 * 4 0 0 0 0 0 0 0 0 4 3
+52 +14 4 0 0 1 0 0 1
+3 * 4 0 0 0 0 0 0 0 0 4 3
+53 +3 4 0 0 1 0 0 1
+2 * 4 0 0 0 0 0 0 0 0 4
+2 +8 4
+6 * 4 0 0 0 0 0 0 0 0 4
+2 +8 4
+3 * 4 0 0 0 0 0 0 0 0 4
+2 +3 4
+6 * 4
+7 * 4
+7 * 4 0 0 1 0 0 1
+4 * 4 4
fe=(137)

fl=(186) /usr/src/debug/glibc/glibc/nptl/../sysdeps/unix/sysv/linux/x86/elision-conf.c
fn=(628) __lll_elision_init
0x93450 92 1 0 0 1 0 0 1
+4 * 1 0 1
+1 +4 1
+5 -4 1
+3 * 1 0 1
+1 +4 1
+4 -4 1
+4 +4 1 1
+9 * 1 0 1
+4 * 1
+7 * 1 1 1 0 0 0 0 0 0 0 0 1 1
cob=(1)
cfi=(11)
cfn=(28)
calls=1 0x14cf0 438 
* * 18 4 1 0 2 0 0 2 0 3 2
+6 +2 1 0 0 1 0 0 1
+7 * 1
+4 * 1
+5 * 1 1 1 0 0 0 0 0 0 0 0 1 1
cob=(1)
cfi=(11)
cfn=(28)
calls=1 0x14cf0 438 
* * 18 4 1 0 2 0 0 2 0 3 2
+6 +2 1
+7 * 1
+4 * 1
+5 * 1 1 1 0 0 0 0 0 0 0 0 1 1
cob=(1)
cfi=(11)
cfn=(28)
calls=1 0x14cf0 438 
* * 18 4 1 0 2 0 0 2 0 3 1
+6 +2 1
+7 * 1
+4 * 1
+5 * 1 1 1 1 0 0 1 0 0 0 0 1 1
cob=(1)
cfi=(11)
cfn=(28)
calls=1 0x14cf0 438 
* * 18 4 1 0 2 0 0 2 0 3 1
+6 +2 1
+7 * 1
+4 * 1
+5 * 1 1 1 0 0 0 0 0 0 0 0 1 1
cob=(1)
cfi=(11)
cfn=(28)
calls=1 0x14cf0 438 
* * 18 4 1 0 2 0 0 2 0 3
+6 +3 1 1 0 0 1 0 0 1
+6 * 1
+2 * 1 0 0 0 0 0 0 0 0 1
+2 +1 1 0 1 0 0 1 0 0 1
+10 +1 1 1
+4 * 1 1
+9 * 1 0 0 0 0 0 0 0 0 1
+2 * 1 1
+4 * 1 1
+1 * 1 1 0 1 0 0 1

fl=(189)
fn=(634)
0x190ad0 0 1 0 0 1 0 0 1
+4 0 1
+10 0 1
+3 0 1
+3 0 1
+3 0 1
+3 0 1
+10 0 1
+3 0 1
+4 0 1
+3 0 1 0 0 1 0 0 1
+3 0 1
+3 0 1
+3 0 1
+4 0 1
+3 0 1
+10 0 1
+3 0 1
+10 0 1
+4 0 1
+4 0 1 1

fl=(365)
fn=(1606)
0x11a6b0 25 328 0 0 1 0 0 1
+4 * 328 0 328
+1 +1 328
+3 * 328
+3 * 328
+3 * 328 0 0 1
+3 * 328
+2 -1 328
+3 +1 328
+4 * 328 0 328
+2 * 328 0 328
cfi=(293)
cfn=(1098)
calls=328 0x931e0 +48 
* * 8200 3608 1312 0 0 0 0 0 0 656
+5 +1 328 328
+1 * 328 328

fl=(123) /usr/src/debug/glibc/glibc/wcsmbs/../sysdeps/x86_64/multiarch/wmemchr.c
fn=(410) wmemchr
0xd0be0 31 3 0 0 1 0 0 1
fi=(124) /usr/src/debug/glibc/glibc/wcsmbs/../sysdeps/x86_64/multiarch/ifunc-evex.h
+4 +6 3 3
+7 * 3
+7 * 3 3
+6 +1 3
+2 * 3
+2 * 3 0 0 1 0 0 1
+6 * 3 0 0 0 0 0 0 0 0 3 1
+6 +1 3 3
+6 * 3
+3 * 3 0 0 0 0 0 0 0 0 3 1
+2 +4 3
+6 * 3 0 0 0 0 0 0 0 0 3
+2 +8 3
+7 * 3
+3 * 3 0 0 0 0 0 0 0 0 3
+2 +3 3
+3 * 3
+7 * 3
+7 * 3
fe=(123)
+4 -23 3 3

fl=(371) /usr/src/debug/glibc/glibc/nptl/pthread_mutex_unlock.c
fn=(1632) pthread_mutex_unlock@@GLIBC_2.2.5
0x9bac0 367 1 0 0 1 0 0 1
+4 +1 1
+5 * 1
cfn=(1634) __pthread_mutex_unlock_usercnt
calls=1 0x9b9b0 48 
* * 35 8 5 4 0 0 4 0 0 9 5

fn=(1634)
0x9b9b0 48 1 0 0 1 0 0 1
+4 +3 1 1
+3 +1 1
+2 * 1 0 0 0 0 0 0 0 0 1
+2 -4 1 0 1
+1 * 1
+3 * 1 0 0 1 0 0 1
+4 +9 1
+5 * 1 0 0 0 0 0 0 0 0 1 1
+2 +5 1 0 1
+7 +1 1
+2 * 1 0 0 0 0 0 0 0 0 1 1
+2 -24 1 1
+3 +1 1
+6 * 1 0 0 0 0 0 0 0 0 1
+2 * 1 1
+7 * 1 0 0 0 0 0 0 0 0 1
+2 +1 1 0 1
+6 +29 1
+1 +2 1
+2 +32 1 1
+1 * 1 1
+29 -39 1 0 1
+4 * 1
+20 +9 1 0 0 1 0 0 1
+5 * 1 0 0 0 0 0 0 0 0 1 1
+17 +6 1 1 0 1 0 0 1
+3 * 1
+3 * 1
+3 * 1 0 0 0 0 0 0 0 0 1
+2 +4 1 1
+8 * 1 1
+3 * 1 0 0 0 0 0 0 0 0 1 1
+9 +3 1 0 1
+4 * 1 0 0 0 0 0 0 0 0 1 1

fl=(233)
fn=(796)
0x16d620 73 50 0 0 1 0 0 1
+4 +7 50
+4 +1 50 0 0 0 0 0 0 0 0 50 8
+6 +3 1 1
+4 +1 1 1
+4 +1 1
+4 +4 1
+2 +1 1 0 0 1 0 0 1 0 0 1
+6 +2 1
+4 +1 1 0 0 0 0 0 0 0 0 1
+6 +3 1 1
+5 +1 1 1
+5 +1 1
+4 +3 1
+2 +1 1 0 0 0 0 0 0 0 0 1
+6 +3 1
+7 +1 1 0 0 0 0 0 0 0 0 1
+6 +3 1 1
+5 +1 1 1
+5 +1 1
+4 +1 1
+2 +1 1 0 0 1 0 0 1 0 0 1
+6 +1 1 1
+5 +1 1 1
+5 +1 1
+4 +1 1
+2 +1 1 0 0 0 0 0 0 0 0 1
+6 +3 1
+7 +1 1 0 0 0 0 0 0 0 0 1
+6 +6 1 1
+6 +1 1 1
+6 +1 1
+5 +1 1
+5 +4 1 1 0 1 0 0 1
+4 +1 1 1
+5 +2 1 1
+5 +1 1 1
+5 +1 1 1
+5 +1 1 1
+5 +3 1
+4 +1 1
+4 +1 1
+4 +1 1
+4 +1 1
+2 +1 1 0 0 0 0 0 0 0 0 1
+2 +2 1
+3 * 1 1
+14 +4 39 0 0 1 0 0 1
+4 +10 39 39
+4 +1 39 39
+4 +1 39
+2 +3 39
+3 * 39 39
0x16d900 401 49 0 0 1 0 0 1
+3 +1 49 0 0 0 0 0 0 0 0 49
+2 +5 49
+2 +1 49
+2 +1 49
+5 +1 49
+5 +1 49 0 0 0 0 0 0 0 0 49 2
+2 +3 49 49
+4 +1 49 49
+4 +1 49
+4 +1 49
+2 +3 49
+5 +1 49 0 0 0 0 0 0 0 0 49 13
+6 +1 10
+2 +1 10
+3 * 10 10

fl=(182) /usr/src/debug/glibc/glibc/resource/../sysdeps/unix/sysv/linux/getrlimit64.c
fn=(620) getrlimit
0x10f280 38 1 0 0 1 0 0 1
+4 * 1
+3 +1 1
+2 * 1
+2 * 1
+5 * 1
+2 * 1
+2 * 1
+6 * 1 0 0 0 0 0 0 0 0 1
+2 +1 1 1

fl=(121) /usr/src/debug/glibc/glibc/string/../sysdeps/x86_64/multiarch/stpncpy.c
fn=(406) stpncpy
0xac430 31 1
fi=(122)
+4 +4 1 1
+7 * 1 0 0 1 0 0 1
+7 * 1 1
+6 * 1
+3 * 1 0 0 0 0 0 0 0 0 1 1
+2 +1 1 1
+6 * 1
+3 * 1 0 0 0 0 0 0 0 0 1
+2 +4 1
+2 * 1
+2 * 1
+5 * 1 0 0 0 0 0 0 0 0 1
+2 +3 1
+7 * 1
+3 * 1 0 0 0 0 0 0 0 0 1
+2 +3 1
+3 * 1
+7 * 1
+7 * 1 0 0 1 0 0 1
+4 * 1 1
fe=(121)

fn=(416) strcasecmp
0xac490 31 1
fi=(85)
+4 +5 1 1
+7 +1 1 1
+6 * 1
+2 * 1
+6 * 1 0 0 0 0 0 0 0 0 1 1
fi=(126) /usr/src/debug/glibc/glibc/string/../sysdeps/x86_64/multiarch/strcasecmp.c
+43 -6 1
+3 * 1 1
fi=(85)
+9 +7 1 1 0 1 0 0 1
+6 * 1
+6 * 1 0 0 0 0 0 0 0 0 1
+2 +4 1 1
+6 * 1
+2 * 1
+6 * 1 0 0 0 0 0 0 0 0 1
+2 +3 1 0 0 1 0 0 1
+7 * 1 1
+7 * 1 0 0 0 0 0 0 0 0 1
+2 +3 1
+6 * 1
+7 * 1 0 0 0 0 0 0 0 0 1
+2 * 1
fe=(121)

fl=(373)
fn=(1644)
0x40500 45 5 0 0 1 0 0 1
+4 * 5 0 5
+1 +3 5
+2 * 5
+5 -3 5
+3 * 5 0 5
+2 * 5 0 5
+2 * 5 0 5
+2 * 5 0 5
+2 * 5
+3 * 5 0 5
+1 * 5
+4 +3 5
+7 * 5 0 5
+6 * 5 0 0 0 0 0 0 0 0 5
+6 +3 5 5
+7 * 5
+3 * 5 0 0 0 0 0 0 0 0 5 2
+2 * 5
+2 +4 5 5 0 1 0 0 1
+4 * 5
+4 * 5
+4 * 5
+5 * 5
+3 * 5 0 0 0 0 0 0 0 0 5
+2 +1 8
+3 * 8 0 0 0 0 0 0 0 0 8 3
+55 -5 1 1
+3 * 1
+3 * 1 0 0 0 0 0 0 0 0 1
+2 +57 5 5 0 1 1 0 1
+7 * 5
+3 * 5 0 0 0 0 0 0 0 0 5
+2 * 5
+1 * 5
+11 +4 5 5 0 0 1
+4 * 5
+4 * 5
+4 * 5 0 0 1 0 0 1
+5 * 5
+3 * 5 0 0 0 0 0 0 0 0 5 1
+31 -4 5 5
+3 * 5
+3 * 5 0 0 0 0 0 0 0 0 5
+2 +11 5
+3 * 5 0 0 0 0 0 0 0 0 5
+2 +1 5
+3 * 5 0 5
cfi=(374) /usr/src/debug/glibc/glibc/posix/register-atfork.c
cfn=(1646) __unregister_atfork
calls=5 0x101600 -38 
* * 90 20 15 2 1 1 2 1 1 20 2
+5 +1 5
+2 * 5 5 5 0 0 0 0 0 0 5
+4 * 5 0 0 1 0 0 1
+3 * 5 0 0 0 0 0 0 0 0 5
+6 +1 5
+4 * 5 5
+1 * 5 5
+2 * 5 5
+2 * 5 5
+2 * 5 5
+2 * 5 5
+1 * 5 5
+11 -66 4 4
+4 * 4 0 0 0 0 0 0 0 0 4 3
+28 * 12 12 0 1 1 0 1
+4 * 12 0 0 0 0 0 0 0 0 12 4
+2 -1 8
+4 * 8
+3 * 8 0 0 0 0 0 0 0 0 8 1
+6 +1 8 8
+4 * 8 0 0 0 0 0 0 0 0 8
+2 -1 8
+4 * 8
+3 * 8 0 0 0 0 0 0 0 0 8 4
+2 -4 4 4
+3 * 4
+3 * 4 0 0 0 0 0 0 0 0 4
+6 * 4
+85 +7 4 4 0 1 0 0 1
+7 +2 4 4
+4 +36 4
+2 -5 4 0 4
+7 -33 4 0 4
+4 +35 4 4
+4 * 4
+4 * 4 4
+9 +3 4 4 4 0 0 0 0 0 0 4
+4 * 4
+3 * 4 0 0 0 0 0 0 0 0 4
+2 +1 4
+3 * 4
+2 * 4 0 4 0 0 0 0 0 0 0 0 4 4
cob=(7)
cfi=(204)
cfn=(1692)
calls=1 0xc7140 +26 
* * 1336 553 224 30 50 3 30 2 0 182 38 52 21
cob=(7)
cfi=(376)
cfn=(1690)
calls=1 0x1d5f00 631 
* * 7 2 0 1 1 0 1 1 0 2
cob=(7)
cfi=(250)
cfn=(1688)
calls=1 0xafad0 +91 
* * 6 2 1 1 0 0 1 0 0 0 0 1 1
cob=(7)
cfi=(250)
cfn=(1684)
calls=1 0xafa80 203 
* * 6 2 1 2 1 1 1 0 0 0 0 1 1
+2 +1 4
+2 * 4 0 0 1 0 0 1
+5 * 4 0 4
+6 * 4 0 0 0 0 0 0 0 0 4 1
+2 +4 4 4
+4 * 4 4
+7 * 4 0 0 0 0 0 0 0 0 4
+6 -47 4
+4 * 4
+3 * 4 0 0 0 0 0 0 0 0 4 2
+6 * 1

fl=(227)
fn=(780)
0xd0a20 30 128 0 0 1 0 0 1
+4 * 128 0 128
+1 * 128
+3 * 128
+4 * 128 128
+9 * 128 0 128
+4 * 128
+2 +9 128
+3 * 128 0 0 1 0 0 1 0 0 128 1
+6 * 128
+2 +6 128
+2 -1 128
+3 * 128 0 0 0 0 0 0 0 0 128
+2 +35 128 128
+4 * 128 128
+9 * 128 0 0 0 0 0 0 0 0 128
+6 * 128 128
+1 * 128
+2 * 128 128

fl=(125) /usr/src/debug/glibc/glibc/string/../sysdeps/x86_64/multiarch/strncmp.c
fn=(414) strncmp
0xaef60 67 2 0 0 1 0 0 1
+4 -24 2 2
+7 +1 2 2
+6 * 2
+2 * 2
+6 * 2 0 0 0 0 0 0 0 0 2 2
+43 +23 2
+3 * 2 2
+9 -22 2 2 0 1 0 0 1
+6 * 2
+6 * 2 0 0 0 0 0 0 0 0 2
+2 +4 2 2 0 1 0 0 1
+6 * 2
+2 * 2
+6 * 2 0 0 0 0 0 0 0 0 2
+2 +3 2
+7 * 2 2
+7 * 2 0 0 0 0 0 0 0 0 2 1
+2 +3 2
+6 * 2
+7 * 2 0 0 0 0 0 0 0 0 2
+2 * 2

fl=(303)
fn=(1150)
0x10da50 25 194 0 0 1 0 0 1
+4 * 194 0 194
+1 +1 194
+3 * 194
+3 * 194
+3 * 194
+2 -1 194
+3 +1 194
+4 * 194 0 194
+2 * 194 0 194
cfi=(293)
cfn=(1098)
calls=194 0x931e0 +48 
* * 4850 2134 776 0 9 0 0 0 0 388
+5 +1 194 194
+1 * 194 194

fl=(367) /usr/src/debug/glibc/glibc/stdlib/exit.c
fn=(1624) __run_exit_handlers
0x40ac0 45 1 0 0 1 0 0 1
+4 * 1 0 1
+1 * 1
+3 * 1 0 1
+2 * 1 0 1
+2 * 1
+3 * 1 0 1
+2 * 1
+3 * 1 0 1
+2 * 1 0 1
+1 * 1
+4 * 1 0 1
+3 +2 1 1
+9 * 1 1 0 0 1
+7 * 1 0 0 0 0 0 0 0 0 1
+2 * 1
+2 * 1
+5 * 1 0 1
+8 * 1 0 0 1 0 0 1 0 0 1
+6 * 1 0 1
+7 * 1 0 1
+7 +3 1
+2 * 1 0 0 0 0 0 0 0 0 1 1
+6 +3 1
+7 * 1
+2 * 1
+5 * 1 0 1 0 0 1
+4 * 1 0 0 0 0 0 0 0 0 1
+6 * 1
+2 * 1
+11 +11 1 1 0 1 1 0 1
+3 +2 1
+3 * 1 0 0 0 0 0 0 0 0 1
+6 +8 5 5
+4 * 5
+3 * 5 0 0 0 0 0 0 0 0 5 2
+6 +2 5
+4 +1 5 5
+7 -1 5 0 5
+4 +3 5
+4 * 5
+3 * 5 5 0 0 1
+4 * 5
+4 * 5 0 0 0 0 0 0 0 0 5
+6 * 5 0 0 1 0 0 1
+4 * 5 0 0 0 0 0 0 0 0 5 1
+6 * 4
+4 * 4 0 0 0 0 0 0 0 0 4 4
+61 +44 1 1 0 1 0 0 1
+7 * 1
+3 * 1 0 0 0 0 0 0 0 0 1
+6 -49 1 1
+4 * 1
+3 * 1 0 0 0 0 0 0 0 0 1
+6 +55 1 1
+3 * 1 0 1
+3 +1 1
+3 * 1 0 0 0 0 0 0 0 0 1 1
+34 +6 1 0 0 1 0 0 1
+2 -66 1 0 1
+7 +66 1 1 1 0 0 0 0 0 0 1
+2 * 1
+3 * 1 0 0 0 0 0 0 0 0 1
+6 +2 1 1
+4 * 1 0 0 0 0 0 0 0 0 1 1
+6 +3 1
+3 * 1 0 1
cfi=(383)
cfn=(1782)
calls=1 0xe50d0 27 
* * 5 1 0 1 0 0 1
+79 -29 1 1 0 1 0 0 1
+4 +1 1 1 0 0 1
+4 -2 1 0 1
+8 +3 1
+3 +3 1
+2 -3 1
+4 * 1 1
+9 +3 1 1 1 0 0 0 0 0 0 1
+2 * 1
+3 * 1 0 0 0 0 0 0 0 0 1
+2 +1 1
+3 * 1
+3 * 1 0 1 0 0 0 0 0 0 0 0 1 1
cob=(1)
cfi=(369) /usr/src/debug/glibc/glibc/elf/dl-fini.c
cfn=(1628) _dl_fini
calls=1 0x5f60 -92 
* * 3331 1096 543 117 131 18 83 4 2 566 140 77 46
+2 +1 1
+2 * 1
+5 * 1 0 1
+4 * 1 0 0 1 0 0 1 0 0 1
0x40d25 +20 1 0 1
cfi=(289)
cfn=(1776)
calls=1 0x912a0 882 
* * 397 140 76 25 6 0 25 1 0 81 31
+5 * 1
+5 -88 1 0 1 1 0 0 1
cfi=(368)
cfn=(1626)
calls=1 0x408b0 +97 
* * 13 6 3 3 1 0 3 0 0 1 1
+5 * 1

fn=(1622) exit
0x40d70 147 1 0 0 1 0 0 1
+4 * 1 0 1
+1 +1 1
+5 * 1
+5 * 1 0 0 1 0 0 1
+7 -1 1
+3 +1 1 0 1
cfn=(1624)
calls=1 0x40ac0 45 
* * 3892 1270 648 155 142 19 121 5 2 681 182 78 47

fl=(338)
fn=(1408)
0x80060 34 2 0 0 2 0 0 1
+4 * 2 0 2
+1 * 2
+3 * 2 0 2
+2 * 2 0 2
+1 * 2
+3 * 2
+4 +14 2 2
+3 * 2
+7 * 2 0 0 2 0 0 1 0 0 2 2
+30 +9 2 2
fi=(340)
+7 1036 2
+7 * 2
+3 * 2
+3 +1 2
+7 * 2 0 0 0 0 0 0 0 0 2
fe=(338)
+6 57 2
+2 * 2
+3 * 2 2 2 2 2 0 1 0 0 0 0 2 1
cfi=(290)
cfn=(1426) _IO_file_finish@@GLIBC_2.2.5
calls=2 0x8d270 202 
* * 50 16 4 7 0 0 4 0 0 10 7
+3 +1 2 2
+7 * 2
+3 * 2 0 0 0 0 0 0 0 0 2
+6 +13 2 2
+5 * 2 0 0 0 0 0 0 0 0 2 2
fi=(340)
+10 962 2 2
+7 * 2
+3 * 2 2 0 0 2
+7 * 2
+3 +1 2
+2 * 2 0 0 0 0 0 0 0 0 2
+2 * 2 2 0 0 2
+7 * 2 0 0 0 0 0 0 0 0 2
+2 +6 2
+3 * 2 2 2 0 2 0 0 0 0 0 0 2 1
cfi=(188)
cfn=(1332)
calls=2 0xa7f30 3516 
* * 68 18 8 0 8 0 0 0 0 14
fe=(338)
+6 76 2
+4 * 2
+3 * 2 2
+1 * 2 2
+2 * 2 2
+1 * 2 2
+9 -27 2 0 2 1 0 0 1
cfi=(289)
cfn=(1410)
calls=2 0x8f8d0 +18 
* * 208 68 50 24 10 2 10 0 0 30 8
+5 +2 2 2
+3 * 2
+7 * 2 0 0 0 0 0 0 0 0 2
+6 * 2 2
+7 * 2 2 0 2 0 0 1
+7 * 2 2
+9 * 2 2
+4 * 2 0 0 0 0 0 0 0 0 2 2
+46 +1 2 0 0 1 0 0 1
+7 * 2 0 0 0 0 0 0 0 0 2 2
fi=(340)
+25 990 2
+2 * 2 0 0 0 0 0 0 0 0 2
+6 +1 2 2
+7 * 2 2
+7 * 2 2
+3 * 2 0 0 0 0 0 0 0 0 2
+2 * 2
+2 * 2 0 0 0 0 0 0 0 0 2
+2 * 2 0 2
+8 * 2 2
+7 * 2 0 2
+6 * 2
fe=(338)
+14 51 2 0 0 1 0 0 1
+3 * 2 0 0 0 0 0 0 0 0 2
+6 * 2 0 2
+6 * 2 0 2
+4 +1 2 2
+3 -1 2
0x8027d +2 2 0 0 2 0 0 1
+3 * 2 0 2 2 0 0 1
cfi=(290)
cfn=(1414) _IO_file_close_it@@GLIBC_2.2.5
calls=2 0x8cfe0 +76 
* * 212 50 36 25 2 0 14 0 0 28 10 2 1
+5 * 2
fi=(340)
+3 990 2 2
+2 * 2
+5 * 2
fe=(338)

fl=(370) /usr/src/debug/glibc/glibc/nptl/pthread_mutex_lock.c
fn=(1630) pthread_mutex_lock@@GLIBC_2.2.5
0x99f60 77 1 0 0 1 0 0 1
+4 +3 1 1
+3 +2 1
+1 +2 1
+2 * 1
+3 * 1 0 0 0 0 0 0 0 0 1
+6 -7 1 0 1
+1 * 1
+3 * 1
+4 +11 1 0 0 1 0 0 1
+6 * 1 0 0 0 0 0 0 0 0 1 1
+74 +91 1 1 0 1 0 0 1
+8 +3 1 0 1
+3 +2 1 0 1
+4 +3 1
+1 -63 1
+2 +66 1 1
+1 * 1 1
+58 -93 1 0 0 1 0 0 1
+6 * 1 0 0 0 0 0 0 0 0 1
+2 +11 1 1
+3 * 1
+3 * 1
+3 * 1 0 0 0 0 0 0 0 0 1
+6 +4 1 1
+8 +3 1 1
+3 * 1 0 0 0 0 0 0 0 0 1 1
+65 -71 1 1 0 1 0 0 1
+3 +1 1 0 0 1 0 0 1
+6 * 1 0 0 0 0 0 0 0 0 1
+2 * 1 1
+7 * 1 0 0 0 0 0 0 0 0 1 1
+2 * 1 1
+2 * 1
+2 * 1 0 0 0 0 0 0 0 0 1
+2 +1 1 0 1
+6 +84 1 1
+3 * 1
+2 * 1 0 0 0 0 0 0 0 0 1
+6 +1 1 0 1
+7 * 1

fl=(180) /usr/src/debug/glibc/glibc/elf/libc_early_init.c
fn=(616) __libc_early_init
0x16a4b0 35 1 0 0 1 0 0 1
+4 * 1 0 1
+1 * 1
+3 * 1 0 1
+1 * 1
+4 * 1 1 0 1 0 0 1
+9 * 1 0 1
+4 * 1
+2 +2 1 0 1
cfi=(181) /usr/src/debug/glibc/glibc/ctype/ctype-info.c
cfn=(618) __ctype_init
calls=1 0x36760 * 
* * 17 10 3 2 6 0 2
+5 +3 1 1 0 0 1
fi=(183) /usr/src/debug/glibc/glibc/elf/../sysdeps/nptl/pthread_early_init.h
+7 -7 1
+5 * 1
fe=(180)
+4 +7 1 0 1 0 0 1 0 0 1
+2 +3 1 0 1 0 0 1 0 0 1
+6 * 1 0 1
fi=(183)
+6 -10 1 0 1
cfi=(182)
cfn=(620)
calls=1 0x10f280 +5 
* * 10 1 0 1 0 0 1 0 0 1
+5 * 1
+5 * 1
+2 * 1 0 0 0 0 0 0 0 0 1
+2 +1 1 1 0 1 0 0 1
+4 +4 1
+5 * 1
+3 * 1
+4 * 1
+4 * 1
+4 +7 1 1 0 0 1
fi=(398) /usr/src/debug/glibc/glibc/elf/../nptl/nptl-stack.h
+7 +16 1
+2 * 1 1
+7 * 1 1
fi=(183)
+7 -16 1 1
fi=(398)
+4 +16 1
+5 * 1
fi=(183)
+3 -7 1 0 1 0 0 1 0 0 1
fi=(398)
+7 +7 1 0 0 1 0 0 1
+3 * 1
fi=(183)
+3 -9 1
+3 -6 1
+8 +2 1
+3 * 1
+4 +4 1
+3 * 1
+5 * 1
+3 * 1 0 1
+4 +1 1 0 1 0 0 1 0 0 1
+7 +3 1 0 1
cfi=(184) /usr/src/debug/glibc/glibc/nptl/pthread_mutex_conf.c
cfn=(624) __pthread_tunables_init
calls=1 0x99500 -1 
* * 78 21 9 4 6 0 2 5 0 10 5 3 3
fe=(180)
+5 -8 1
+3 * 1 0 1
cfi=(185) /usr/src/debug/glibc/glibc/stdlib/../sysdeps/unix/sysv/linux/getrandom.c
cfn=(626) __getrandom_early_init
calls=1 0x42080 238 
* * 18 7 2 2 1 0 2 0 0 3 1
+5 +3 1 0 1
cfi=(186)
cfn=(628)
calls=1 0x93450 +41 
* * 127 32 14 4 11 1 4 11 1 17 6 5 5
+5 +4 1 1 0 1 0 0 1
+4 * 1 1
+9 * 1 0 0 0 0 0 0 0 0 1
+2 +1 1 1
+4 * 1 1
+1 -1 1
cfi=(187)
cfn=(630)
calls=1 0xa76d0 252 
* * 1085 72 160 12 26 34 12 18 33 169 16 12 12

fl=(131) /usr/src/debug/glibc/glibc/string/../sysdeps/x86_64/multiarch/memcmp.c
fn=(434) bcmp
0xab570 29 2 0 0 1 0 0 1
fi=(132) /usr/src/debug/glibc/glibc/string/../sysdeps/x86_64/multiarch/ifunc-memcmp.h
+4 +5 2 2
+7 * 2 0 0 1 0 0 1
+7 * 2 2
+6 * 2
+2 * 2
+2 * 2
+6 * 2 0 0 0 0 0 0 0 0 2 2
fe=(131)
+2 -5 2
+3 * 2 2
fi=(132)
+9 +6 2 2
+7 * 2 0 0 0 0 0 0 0 0 2
+2 +2 2 2 0 0 1
+6 * 2
+3 * 2 0 0 0 0 0 0 0 0 2
+2 +4 2
+6 * 2 0 0 0 0 0 0 0 0 2
+2 +3 2 0 0 1 0 0 1
+7 * 2
+3 * 2 0 0 0 0 0 0 0 0 2
+2 +3 2
+3 * 2
+7 * 2
+7 * 2
+4 * 2
fe=(131)

fl=(327) /usr/src/debug/glibc/glibc/stdlib/../include/rounding-mode.h
fn=(1316) round_away
0x49400 46 262027 0 0 1 0 0 1
+7 * 262027 0 0 0 0 0 0 0 0 262027
+2 * 262027
+5 * 262027 0 0 0 0 0 0 0 0 262027
+2 +3 262027
+2 * 262027
+2 * 262027
+2 * 262027
+2 * 262027
+2 * 262027
+3 * 262027
+3 * 262027 262027

fl=(291)
fn=(1088)
0x938f0 24 6 0 0 1 0 0 1
+4 +1 6 6
+9 +2 6 6 0 2 3 0 1
+9 * 6 0 6
+4 +2 6
+7 * 6 6 0 0 2
+6 +3 6
+2 * 6 0 0 0 0 0 0 0 0 6
+2 +14 6
+2 * 6
+3 * 6 0 6
+3 +2 6 0 6
+9 +1 6 6

fn=(1090)
0x93940 54 6 0 0 3 0 0 1
+4 +3 6 6
+4 * 6 0 6
+9 +2 6 6
+9 * 6
+7 * 6 6
+6 +1 6 6
+3 * 6
+2 * 6 0 0 0 0 0 0 0 0 6 6
+25 +11 6 6 0 2 0 0 1

fl=(110) /usr/src/debug/glibc/glibc/wcsmbs/../sysdeps/x86_64/multiarch/wcsnlen.c
fn=(376) wcsnlen
0xc4430 30 1
fi=(107) /usr/src/debug/glibc/glibc/wcsmbs/../sysdeps/x86_64/multiarch/ifunc-wcslen.h
+4 +10 1 1
+7 +1 1 1 0 1 0 0 1
+6 * 1
+2 * 1
+5 * 1 0 0 0 0 0 0 0 0 1 1
+32 +1 1 1
+6 * 1
+6 * 1 0 0 0 0 0 0 0 0 1
+2 +4 1 1
+6 * 1
+2 * 1 0 0 1 0 0 1
+5 * 1 0 0 0 0 0 0 0 0 1
+2 +3 1
+7 * 1 1
+7 * 1 0 0 0 0 0 0 0 0 1
+2 +3 1
+6 * 1
+7 * 1 0 0 0 0 0 0 0 0 1
fe=(110)
+2 -22 1 1

fl=(184)
fn=(624)
0x99500 55 1 0 0 1 0 0 1
+4 * 1 0 1
+1 +1 1
+5 -1 1
+3 * 1 0 1
+1 +1 1
+4 -1 1
+4 +1 1 1
+9 * 1 0 1
+4 * 1
+7 * 1 1 1 0 1 0 0 0 0 0 0 1 1
cob=(1)
cfi=(11)
cfn=(28)
calls=1 0x14cf0 438 
* * 18 4 1 2 1 0 0 1 0 3 2
+6 +2 1
+7 * 1
+4 * 1
+5 * 1 1 1 1 0 0 1 0 0 0 0 1 1
cob=(1)
cfi=(11)
cfn=(28)
calls=1 0x14cf0 438 
* * 17 4 1 0 2 0 0 2 0 3 1
+6 +2 1
+7 * 1
+4 * 1
+5 * 1 1 1 0 0 0 0 0 0 0 0 1 1
cob=(1)
cfi=(11)
cfn=(28)
calls=1 0x14cf0 438 
* * 18 4 1 0 2 0 0 2 0 3 2
+6 +2 1 1
+4 * 1 1
+9 * 1 0 0 0 0 0 0 0 0 1
+2 * 1 1
+4 * 1 1
+1 * 1 1

fl=(295) /usr/src/debug/glibc/glibc/string/../sysdeps/x86_64/multiarch/strchr-avx2.S
fn=(1532) __strchrnul_avx2
0x170160 53 261632 0 0 1 0 0 1
+4 +2 261632
+4 +1 261632
+2 +1 261632
+5 +1 261632
+5 +1 261632
+4 +3 261632
+5 +1 261632 0 0 1 0 0 1 0 0 261632
+6 +4 261632 261632
+4 +1 261632
+4 +1 261632
+4 +1 261632
+4 +1 261632
+4 +1 261632
+2 +1 261632 0 0 0 0 0 0 0 0 261632
+2 +1 261632
+4 +13 261632
+3 +2 261632
+3 * 261632 261632

fn=(1106) __strchr_avx2
0x16ff20 53 2 0 0 2 0 0 1
+4 +2 2
+4 +1 2
+2 +1 2
+5 +1 2
+5 +1 2
+4 +3 2
+5 +1 2 0 0 2 0 0 1 0 0 2
+6 +4 2 2
+4 +1 2
+4 +1 2
+4 +1 2
+4 +1 2
+4 +1 2
+2 +1 2 0 0 0 0 0 0 0 0 2
+6 +1 2
+4 +3 2 2
+4 +8 2 0 0 0 0 0 0 0 0 2 2
+9 +8 2
+2 +1 2
+3 * 2 2

fl=(106) /usr/src/debug/glibc/glibc/wcsmbs/../sysdeps/x86_64/multiarch/wcslen.c
fn=(368) wcslen
0xc3b00 29 2 0 0 1 0 0 1
fi=(107)
+4 +11 2 2
+7 +1 2 2
+6 * 2
+2 * 2
+5 * 2 0 0 0 0 0 0 0 0 2 2
+32 +1 2 2
+6 * 2 0 0 1 0 0 1
+6 * 2 0 0 0 0 0 0 0 0 2
+2 +4 2 2
+6 * 2
+2 * 2
+5 * 2 0 0 0 0 0 0 0 0 2
+2 +3 2
+7 * 2 2
+7 * 2 0 0 0 0 0 0 0 0 2
+2 +3 2
+6 * 2
+7 * 2 0 0 0 0 0 0 0 0 2
fe=(106)
+2 -23 2 2

fl=(129) /usr/src/debug/glibc/glibc/string/../sysdeps/x86_64/multiarch/strncase_l.c
fn=(426) strncasecmp_l
0xaee60 31 1
fi=(85)
+4 +5 1 1
+7 +1 1 1
+6 * 1
+2 * 1
+6 * 1 0 0 0 0 0 0 0 0 1 1
fe=(129)
+43 -6 1
+3 * 1 1
fi=(85)
+9 +7 1 1 0 1 0 0 1
+6 * 1
+6 * 1 0 0 0 0 0 0 0 0 1
+2 +4 1 1 0 1 0 0 1
+6 * 1
+2 * 1
+6 * 1 0 0 0 0 0 0 0 0 1
+2 +3 1
+7 * 1 1
+7 * 1 0 0 0 0 0 0 0 0 1
+2 +3 1
+6 * 1
+7 * 1 0 0 0 0 0 0 0 0 1
+2 * 1
fe=(129)

fl=(257) /usr/src/debug/glibc/glibc/string/../sysdeps/x86_64/multiarch/strcmp-avx2.S
fn=(912) __strncmp_avx2
0x171be0 206 2 0 0 1 0 0 1
+4 +24 2
+4 +5 2 0 0 0 0 0 0 0 0 2
+2 +14 2
+5 +25 2
+2 +1 2
+2 +1 2
+3 +2 2
+5 +1 2 0 0 1 0 0 1 0 0 2
+6 +4 2 2
+4 +4 2 2 0 0 2
+4 +2 2
+4 +2 2
+4 +3 2
+4 +2 2
+4 +1 2 0 0 0 0 0 0 0 0 2 2
+7 +11 2
+4 +10 2 2
+4 +1 2 2
+4 +3 2
+2 +4 2
+3 * 2 2
+1 +5 2
+2 +1 2
+5 +1 2 0 0 0 0 0 0 0 0 2

fl=(290)
fn=(1426)
0x8d270 202 2 0 0 2 0 0 1
+4 +1 2 2
+4 * 2 0 0 0 0 0 0 0 0 2 1
0x8d310 +6 2 0 0 2 0 0 1
+2 * 2
cfi=(289)
cfn=(1428)
calls=2 0x90950 628 
* * 40 14 4 3 0 0 2 0 0 8 6

fn=(1702)
0x8e120 827 10 0 0 1 0 0 1
+4 * 10 0 10
+1 * 10
+3 * 10 0 10
+1 * 10
+3 * 10
+4 +5 10 10 0 0 1 0 0 1
+4 * 10 10
+4 * 10
+3 * 10 0 0 0 0 0 0 0 0 10 2
+47 +2 10 10 0 1 0 0 1
+4 * 10 10
+4 +1 10 10
+4 * 10 0 0 0 0 0 0 0 0 10
+2 +5 10
+3 * 10 0 0 0 0 0 0 0 0 10 2
+63 +11 10 0 10 1 0 0 1
+11 * 10
+2 +4 10 10
+4 * 10 10
+1 * 10 10

fn=(1418) _IO_file_close
0x8eb30 1225 2 0 0 2 0 0 1
+4 +3 2 2
+3 * 2
cfi=(339)
cfn=(1420)
calls=2 0x10e540 25 
* * 12 2 0 2 0 0 1 0 0 2 2

fn=(1092)
0x8d430 247 2 0 0 1 0 0 1
+4 * 2 0 2
+1 * 2
+3 * 2 0 2
+2 * 2 0 2
+2 * 2 0 2
+2 * 2 0 2
+2 * 2 0 2 1 0 0 1
+1 * 2
+3 * 2
+4 * 2 2
+9 * 2 0 2
+4 * 2
+3 +9 2 2
+4 * 2 0 0 0 0 0 0 0 0 2 1
+6 +2 2 2 0 0 2 0 0 2
+3 * 2
+3 * 2
+3 * 2 0 0 0 0 0 0 0 0 2 1
+6 * 1
+3 * 1 0 0 0 0 0 0 0 0 1 1
+28 +21 2 0 0 2 0 0 1
+4 -8 2
+3 +10 2
+7 * 2 2
+4 * 2
+4 * 2
+4 * 2 0 0 0 0 0 0 0 0 2
+2 * 2
+4 * 2 0 0 0 0 0 0 0 0 2 2
+49 391 2 2 0 2 0 0 1
+4 * 2 2
+9 * 2 0 0 0 0 0 0 0 0 2
+6 * 2
+4 * 2
+3 * 2 2
+1 * 2 2
+2 * 2 2
+2 * 2 2
+2 * 2 2
+2 * 2 2
+1 * 2 2
+36 -76 2 0 0 2 0 0 1
+3 * 2
+3 * 2
+3 * 2
+3 * 2
+5 * 2 0 2
cfn=(1094) _IO_file_open
calls=2 0x8d340 -99 
* * 212 57 39 12 0 3 8 0 0 19 5
+5 * 2 0 0 1 0 0 1
+3 +3 2
+3 * 2 0 0 0 0 0 0 0 0 2
+2 +3 2
+4 * 2
+7 * 2 0 2
cfi=(294)
cfn=(1102)
calls=2 0xaf920 77 
* * 118 30 18 12 3 1 5 1 0 12 4 2 2
+5 +1 2
+3 * 2 0 0 0 0 0 0 0 0 2 2
0x8d640 -64 1 0 0 1 0 0 1
+6 * 1
+6 * 1
+5 * 1
0x8d6e0 +23 2 0 0 1 0 0 1
+4 * 2 0 0 0 0 0 0 0 0 2
+6 * 2
+4 * 2 0 0 0 0 0 0 0 0 2
+6 * 2
+3 * 2 0 0 0 0 0 0 0 0 2 2
0x8d868 -19 1 0 0 1 0 0 1
+6 -1 1
+3 -13 1
+2 * 1

fn=(1414)
0x8cfe0 129 2 0 0 2 0 0 1
+4 * 2 0 2
+1 * 2
+3 * 2 0 2
+2 * 2 0 2
+2 * 2 0 2
+1 * 2
+4 +2 2 2
+4 * 2
+4 * 2 0 0 0 0 0 0 0 0 2 1
+6 +3 2 2 0 2 0 0 1
+2 * 2
+3 * 2
+2 * 2
+6 +1 2
+6 * 2 0 0 0 0 0 0 0 0 2
+6 +2 2
+3 * 2 0 0 0 0 0 0 0 0 2
+6 +14 2
+3 * 2 0 0 0 0 0 0 0 0 2
+2 +1 2 2
+6 * 2
+2 * 2 0 0 0 0 0 0 0 0 2
0x8d0ce -22 2 0 0 2 0 0 1
+3 +43 2
+3 +2 2
+3 -2 2 0 2
cfi=(289)
cfn=(1416)
calls=2 0x91870 977 
* * 12 6 0 6 0 0 3 0 0 4 4
+5 +3 2 2
+4 * 2 0 0 0 0 0 0 0 0 2
+2 * 2 2
fi=(340)
+7 1036 2
+7 * 2
+3 * 2
+3 +1 2
+6 * 2 0 0 1 0 0 1 0 0 2
fe=(290)
+6 176 2
+3 * 2 2 2 0 2 0 0 0 0 0 0 2 1
cfn=(1418)
calls=2 0x8eb30 1225 
* * 18 4 0 4 0 0 2 0 0 2 2
+8 * 2
+3 +3 2 2
+6 * 2
+2 * 2 0 0 0 0 0 0 0 0 2 2
+60 +8 2 0 0 1 0 0 1
+2 * 2
+2 * 2
+2 * 2
+3 * 2 0 2
cfi=(289)
cfn=(1422)
calls=2 0x90160 355 
* * 38 8 8 4 0 0 2 0 0 2 1
+5 +1 2
+4 +3 2
+3 -3 2 0 2
+4 * 2 0 2
+4 * 2 0 2
+4 +3 2 0 2
cfi=(289)
cfn=(1410)
calls=2 0x8f8d0 67 
* * 8 4 0 0 0 0 0 0 0 2
+5 +5 2
+3 -4 2 0 2 2 0 0 1
+6 +1 2 0 2
+7 +3 2
+4 -2 2 0 2
+11 +3 2
+4 * 2
+3 * 2 2
+1 * 2 2
+2 * 2 2
+2 * 2 2
+1 * 2 2
+90 -45 2 2 0 1 0 0 1
+4 * 2 2
+4 * 2 0 0 0 0 0 0 0 0 2
+6 * 2

fn=(1084)
0x8cf50 107 2 0 0 2 0 0 1
+4 * 2 0 2
+1 * 2
+3 * 2 0 2
+1 * 2
+3 * 2
+4 +5 2 0 2
+6 -1 2 0 2
+11 +3 2 0 2
cfi=(289)
cfn=(1086)
calls=2 0x8f8f0 -5 
* * 202 60 54 21 3 3 13 0 0 26 10
+5 +1 2 0 2
+7 +1 2 2 0 2 0 0 1
+4 * 2 2
+1 * 2 2

fn=(1094)
0x8d340 216 2 0 0 1 0 0 1
+4 * 2 0 2
+1 * 2
+3 * 2
+2 * 2
+2 * 2
+3 * 2 0 2
+2 * 2
+3 * 2 0 2
+1 * 2
+3 * 2
+4 +2 2 2
+4 +1 2
+3 * 2
+5 -1 2 0 0 0 0 0 0 0 0 2
+6 +4 2 0 2
cfi=(292)
cfn=(1096)
calls=2 0x10d270 30 
* * 110 33 21 7 0 3 5 0 0 9 3
+5 * 2
+2 +1 2
+2 * 2 0 0 0 0 0 0 0 0 2
+6 +3 2 2
+2 * 2 0 0 2 0 0 1
+3 +3 2
+3 -4 2 0 2
+3 +1 2
+6 * 2
+5 * 2
+2 +3 2
+7 -3 2 0 2
+2 +3 2 0 0 0 0 0 0 0 0 2 2
+57 +10 2 0 0 2 0 0 1
+3 * 2 0 2
cfi=(289)
cfn=(1086)
calls=2 0x8f8f0 109 
* * 28 12 4 0 0 0 0 0 0 4
+5 +2 2
+4 -1 2
+3 +1 2 2
+1 * 2 2
+2 * 2 2
+1 * 2 2

fl=(316)
fn=(1214)
0x16d380 61 131520 0 0 2 0 0 1
+4 +7 131520
+3 +2 131520 0 0 0 0 0 0 0 0 131520
+2 +3 131520
+4 +1 131520
+5 +2 131520
+2 +1 131520
+5 +1 131520
+5 +1 131520 0 0 0 0 0 0 0 0 131520
+6 +3 131520 131520 0 0 11 0 0 1
+4 +1 131520
+4 +3 131520
+4 +1 131520 0 0 0 0 0 0 0 0 131520 6
+2 +2 704
+2 +1 704 0 0 0 0 0 0 0 0 704 694
+2 +1 9
+3 +1 9
+3 +2 9
+3 * 9 9
+1 +7 130816 0 0 1
+4 +5 130816
+3 +7 130816
+2 +1 130816 0 0 0 0 0 0 0 0 130816
+2 +1 130816
+3 +1 130816 130816
+2 +5 11 0 0 1 0 0 1
+3 +1 11
+3 +1 11
+3 +1 11
+3 * 11 11
+4 +9 10
+4 +1 10
+4 +1 10
+3 +1 10
+3 * 10 10
+2 +4 11
+4 +1 11
+4 +1 11
+3 +1 11
+3 * 11 11
+2 +5 11
+4 +1 11
+4 +1 11
+3 +1 11
+3 * 11 11
+2 +10 695 0 0 1 0 0 1
+2 +1 695
+2 +1 695
+4 +2 695
+7 +10 695 695 0 0 6
+5 +1 695
+4 +3 695
+3 +1 695 0 0 0 0 0 0 0 0 695
+6 +2 695
+2 +1 695 0 0 0 0 0 0 0 0 695 123
+2 +2 684 684 0 0 11
+5 +1 684
+4 +1 684
+2 +1 684 0 0 1 0 0 1 0 0 684 10
+2 +2 674 674 0 0 25 0 0 3
+5 +1 674
+4 +1 674
+2 +1 674 0 0 0 0 0 0 0 0 674 11
+2 +2 663 663 0 0 21
+5 +1 663
+4 +1 663
+2 +1 663 0 0 0 0 0 0 0 0 663 11
+2 +4 652
+7 +1 652 0 0 0 0 0 0 0 0 652 1
+6 +3 651
+3 +1 651
+2 +1 651
+4 +1 651
+3 +5 651
+3 * 651
+8 +10 651 651 0 1 0 0 1
+5 +1 651 651
+5 +1 651 651 0 0 90 0 0 3
+5 +1 651 651
+5 +1 651
+4 +1 651
+4 +1 651
+4 +2 651
+4 +6 651
+2 +1 651 0 0 0 0 0 0 0 0 651 11
-38 -15 11325 11325 0 0 363 0 0 60
+5 +1 11325 11325
+5 +1 11325 11325 0 0 160 0 0 60
+5 +1 11325 11325
+5 +1 11325
+4 +1 11325
+4 +1 11325
+4 +2 11325
+4 +6 11325
+2 +1 11325 0 0 0 0 0 0 0 0 11325 448
+2 +2 11517
+4 +2 11517
+7 +1 11517 0 0 0 0 0 0 0 0 11517 738
+2 +4 192 192
+5 +1 192
+4 * 192
+2 +8 192
+2 +1 192 0 0 0 0 0 0 0 0 192
+2 +3 192
+3 +1 192 0 0 0 0 0 0 0 0 192
+6 +4 193
+3 +1 193 0 0 0 0 0 0 0 0 193 2
+2 +3 1 1
+5 +1 1
+4 +1 1
+4 +1 1
+2 +1 1 0 0 0 0 0 0 0 0 1
+2 +1 1
+4 +1 1
+3 +2 1
+3 * 1 1
-3 * 192
+3 * 192 192
+3 +8 459 0 0 1 0 0 1
+4 +1 459
+2 +1 459 0 0 0 0 0 0 0 0 459 4
+2 +2 384
+4 +1 384
+2 +1 384 0 0 0 0 0 0 0 0 384 8
+2 +2 242 0 0 1 0 0 1
+4 +2 242
+4 +1 242
+3 +1 242
+5 +4 242
+4 +2 242
+3 +1 242
+3 * 242 242
+38 +22 75
+4 +4 75
+3 +2 75
+3 +1 75
+3 * 75 75
+3 +4 142 0 0 1 0 0 1
+4 +4 142
+4 +2 142
+3 +1 142
+3 * 142 142
+2 +5 1 1
+8 +1 1
+4 +5 1
+4 +2 1
+2 +1 1 0 0 0 0 0 0 0 0 1
+2 +3 1
+3 +1 1 0 0 0 0 0 0 0 0 1 1

fl=(181)
fn=(618)
0x36760 37 1 0 0 1 0 0 1
+4 +2 1 1 0 0 1
+7 * 1 1 0 0 1
+7 * 1 1
+4 * 1 1 0 0 1
+3 * 1 1 0 0 1
+4 * 1 0 0 1 0 0 1
+7 * 1 0 1
+4 +2 1 1 0 0 1
+4 * 1 1 0 0 1
+7 * 1
+7 * 1 0 1
+4 +2 1 1
+4 -1 1 1
+7 +1 1
+6 -1 1 0 1
+4 +2 1 1

fl=(344) /usr/src/debug/glibc/glibc/misc/../sysdeps/unix/sysv/linux/setvmaname.c
fn=(1480) __is_decorate_maps_enabled
0x11b300 33 4 0 0 1 0 0 1
+4 * 4 0 4
+1 * 4
+3 * 4
+4 +1 4 4
+9 * 4 0 4
+4 * 4 4 0 0 4 0 0 1
+6 * 4
+2 * 4 0 0 0 0 0 0 0 0 4 2
+2 * 1
+3 * 1 0 0 0 0 0 0 0 0 1 1
+10 +3 1
+4 * 1
+2 * 1
+5 * 1 1 1 1 1 1 1 0 0 0 0 1 1
cob=(1)
cfi=(11)
cfn=(28)
calls=1 0x14cf0 438 
* * 18 4 1 3 2 0 0 0 0 3 2
+6 * 1 1
+3 * 1
+2 * 1 0 0 0 0 0 0 0 0 1
+2 +5 1 0 1
+10 +1 1
+2 +7 1 1
+4 * 1 1
+9 * 1 0 0 0 0 0 0 0 0 1
-15 -7 3
+2 +7 3 3
+4 * 3 3
+9 * 3 0 0 0 0 0 0 0 0 3
+2 * 4 4
+1 * 4 4

fn=(1478) __set_vma_name
0x11b380 60 4 0 0 1 0 0 1
+4 * 4 0 4
+1 * 4
+3 * 4 0 4
+2 * 4
+3 * 4 0 4
+2 * 4
+3 * 4 0 4 0 0 1
+1 * 4
+3 * 4
+4 +1 4 0 4
cfn=(1480)
calls=4 0x11b300 -28 
* * 88 30 11 5 7 1 2 1 0 13 5 1 1
+5 * 4
+2 * 4 0 0 0 0 0 0 0 0 4 3
+30 +9 4 0 0 1 0 0 1
+4 * 4 4
+1 * 4 4
+2 * 4 4
+2 * 4 4
+1 * 4 4

fl=(247)
fn=(882) __internal_atexit
0x403f0 36 5 0 0 1 0 0 1
+4 * 5 0 5
+1 * 5
+3 * 5 0 5
+2 * 5 0 5
+2 * 5 0 5
+1 * 5 0 0 1 0 0 1
+4 +5 5
+3 * 5 0 0 0 0 0 0 0 0 5
+6 * 5
+3 +2 5
+7 * 5
+3 * 5
+3 * 5
+2 * 5
+5 * 5 0 5 0 0 1
+4 * 5 0 0 0 0 0 0 0 0 5
+2 +1 5
+3 * 5 0 5
cfn=(884) __new_exitfn
calls=5 0x402c0 +36 
* * 162 30 21 4 2 0 4 1 0 24 9
+5 +2 5
+3 * 5 0 0 0 0 0 0 0 0 5
+2 +9 5 0 5 0 0 3 0 0 3
+4 +2 5
+7 -5 5 0 0 1 0 0 1
+3 +2 5 0 5
+4 +2 5 0 5
+7 -4 5 5
+9 * 5
+4 +1 5 0 5
+4 +4 5
+2 * 5 5 5 0 0 0 0 0 0 5
+2 * 5
+3 * 5 0 0 0 0 0 0 0 0 5
+2 +1 5
+2 +1 5
+4 * 5 5
+1 * 5 5
+2 * 5 5
+2 * 5 5
+1 * 5 5

fn=(880)
0x404f0 67 5 0 0 1 0 0 1
+4 +1 5
+7 * 5
cfn=(882)
calls=5 0x403f0 -32 
* * 362 65 76 7 2 4 7 1 3 49 9

fn=(884)
0x402c0 80 5 0 0 1 0 0 1
+4 +6 5 5 0 0 1 0 0 1
+7 * 5 0 0 0 0 0 0 0 0 5
+6 -6 5 0 5
+1 * 5
+3 * 5
+3 * 5
+4 +11 5 5 0 0 1
+3 -10 5
+2 +10 5
+3 * 5
+3 * 5 0 0 0 0 0 0 0 0 5
+6 * 5
+3 +2 5 5
+4 * 5
+12 +1 4
+4 * 4
+4 * 4 4
+6 * 4 0 0 0 0 0 0 0 0 4 4
+6 -1 5 0 0 1 0 0 1
+3 * 5 0 0 0 0 0 0 0 0 5 4
+2 -2 1 1
+3 +10 1 0 1
+8 -10 1
+3 * 1
+3 * 1 0 0 0 0 0 0 0 0 1 1
+14 +13 4
+4 * 4 0 0 0 0 0 0 0 0 4
+2 +25 4
+3 +1 4
+4 * 4 0 4
+4 -1 4
+4 * 4
+5 +7 4 0 4
+7 +5 4
+3 -4 4 0 4
+8 +4 4 4
+1 * 4 4
-19 -5 1 0 1
+7 +5 1
+3 -4 1 0 1
+8 +4 1 1
+1 * 1 1
+19 -18 1 0 1 1 0 0 1
+8 -1 1 0 0 1 0 0 1
+4 +12 1

fl=(323)
fn=(1304)
0x54700 48 368454 0 0 1 0 0 1
+4 * 368454 0 368454
+1 * 368454
+3 * 368454
+3 * 368454 0 368454
+2 * 368454
+3 * 368454 0 368454
+2 * 368454 0 368454
+2 * 368454
+3 * 368454 0 368454
+2 * 368454
+3 * 368454 0 368454 0 0 1
+1 * 368454
+3 * 368454
+4 * 368454 368454
+9 * 368454 0 368454
+4 * 368454
+2 +6 368454
+4 * 368454 0 0 0 0 0 0 0 0 368454
+2 +12 368454
+3 * 368454 0 0 0 0 0 0 0 0 368454 11
+2 +76 368454 368454
+4 * 368454 368454
+9 * 368454 0 0 0 0 0 0 0 0 368454
+6 * 368454
+4 * 368454 368454
+1 * 368454 368454
+2 * 368454 368454
+2 * 368454 368454
+2 * 368454 368454
+2 * 368454 368454
+1 * 368454 368454
+1 -71 368454 368454 0 1 2 0 1 1
+3 +1 368454
+4 * 368454 0 0 0 0 0 0 0 0 368454 8
0x54950 +69 368454 0 368454 2 0 0 1
+4 -60 368454 0 368454 0 0 1
cfi=(324)
cfn=(1306)
calls=368454 0x54ad0 -50 
* * 9326910 1237810 869356 1027 0 0 4 0 0 1341368 5
+5 * 368454 368454
+4 +2 368454 0 368454
+4 +5 368454
+4 * 368454 0 0 0 0 0 0 0 0 368454 4

fl=(374)
fn=(1646)
0x101600 82 5 0 0 1 0 0 1
+4 * 5 0 5
+1 * 5
+3 +1 5
+2 * 5
+5 -1 5
+3 * 5
+4 +1 5 0 5 0 0 1 0 0 1
+8 * 5 0 0 0 0 0 0 0 0 5
fi=(375) /usr/src/debug/glibc/glibc/posix/../malloc/dynarray-skeleton.c
+6 243 5 5 0 0 1 0 0 1
fe=(374)
+7 71 5
+3 * 5 0 0 0 0 0 0 0 0 5 2
0x101740 +38 5 0 0 1 0 0 1
+2 * 5 5 5 0 0 0 0 0 0 5
+6 * 5
+3 * 5 0 0 0 0 0 0 0 0 5
+2 +1 5 5
+1 * 5 5

fl=(345) /usr/src/debug/glibc/glibc/misc/../sysdeps/unix/syscall-template.S
fn=(1486) munmap
0x1175e0 117 4 0 0 2 0 0 1
+4 * 4
+5 * 4
+2 * 4
+6 * 4 0 0 0 0 0 0 0 0 4
+2 +5 4 4

fl=(356)
fn=(1544)
0x55770 28 151805 0 0 1 0 0 1
+4 +1 151805
+2 +1 151805
+3 +1 151805 0 0 0 0 0 0 0 0 151805 7
+36 +13 151805 0 0 1 0 0 1
+3 +1 151805 0 0 0 0 0 0 0 0 151805 8
+42 +16 151805 0 0 1 0 0 1 0 0 151805
+2 +1 151805 151805
+3 +1 151805 151805
+4 +1 151805
+2 +1 151805
+4 +1 151805
+4 +1 151805 0 0 0 0 0 0 0 0 151805 6
+16 +5 151805
+4 +1 151805 0 151805
+3 +1 151805
+3 +1 151805 0 151805
+4 +1 151805 151805

fl=(188)
fn=(916)
0xa7970 3480 264221 0 0 1 0 0 1
+4 1337 264221
+3 * 264221 0 0 0 0 0 0 0 0 264221 1
+6 +19 264221 0 0 1 0 0 1
+4 * 264221
+3 * 264221
+4 * 264221
+4 * 264221
+5 * 264221
+4 3489 264221 264221 0 0 15 0 0 1
+7 * 264221 0 0 0 0 0 0 0 0 264221 19
+2 +3 262156 262156 0 0 5
+7 * 262156 262156 0 0 5
+4 * 262156
+3 * 262156 0 0 0 0 0 0 0 0 262156 1
+6 -1 262155
+3 * 262155
+4 * 262155
+4 +4 262155 0 0 1 0 0 1
+4 * 262155 0 0 0 0 0 0 0 0 262155
+2 +2 262155
+4 * 262155 262155 0 0 7
+5 * 262155
+3 * 262155 0 0 0 0 0 0 0 0 262155 8
+2 3224 262147
+2 * 262147 0 0 0 0 0 0 0 0 262147
+6 +4 262147
+3 * 262147
+4 * 262147 262147 0 0 2
+3 * 262147 0 262147
+5 +4 262147 0 262147 0 0 3
+5 +1 262147 0 262147
+8 3498 262147 262147
+11 +12 2073 0 0 1 0 0 1
cfn=(918) __libc_malloc2
calls=2073 0xa6a10 -66 
* * 413487 72108 46061 683 371 1156 83 2 1042 77691 3933 1 1
0xa7a90 -17 1 0 0 1 0 0 1
cfn=(1028) tcache_malloc_init
calls=1 0xa6ca0 -96 
* * 481 65 142 11 1 12 11 0 12 147 33

fn=(1030) tcache_init.part.0
0xa6c00 3395 1 0 1 1 0 0 1
+1 +11 1
+5 -11 1
+3 +11 1 0 1
cfn=(918)
calls=1 0xa6a10 +38 
* * 156 26 15 5 1 1 5 0 1 22 11
+5 * 1
+3 * 1 1
+7 * 1 0 1
+4 +2 1
+3 * 1 0 0 0 0 0 0 0 0 1
fi=(281) /usr/src/debug/glibc/glibc/malloc/../string/bits/string_fortified.h
+2 59 1
+4 * 1
+3 * 1
+2 * 1 0 1
+7 * 1 0 1
+11 * 1
+4 * 1 0 0 1 0 0 1
+3 * 1
+6 * 1
+3 * 1 0 1 0 0 0 0 0 0 1 1
* * 94 0 93 0 0 11 0 0 11 94 9
fe=(188)
+3 3411 1
+7 +1 1 1
+8 * 1
+4 * 1
+5 * 1
+4 * 1
+3 * 1
+4 * 1
+5 * 1 0 1
+3 * 1
+4 * 1 0 1
+4 * 1 0 1
+4 -1 1
+3 * 1 0 0 0 0 0 0 0 0 1 1
-18 +1 2 0 2
+3 * 2
+4 * 2 0 2
+4 * 2 0 2
+4 -1 2
+3 * 2 0 0 0 0 0 0 0 0 2 1
+2 +1 1 0 1
+8 +2 1 1
+1 * 1 1

fn=(1378) unlink_chunk.isra.0
0xa3830 1619 2057 0 2057 1 0 0 1
+1 +2 2057 2057
+4 * 2057
+3 * 2057
+4 -2 2057
+3 +2 2057 2057 0 1 2 0 1
+4 * 2057 0 0 0 0 0 0 0 0 2057
+6 +3 2057 2057 0 0 1
+4 +3 2057 2057 0 0 4
+4 * 2057 0 0 0 0 0 0 0 0 2057
+2 -2 2057 2057
+4 +2 2057 2057
+4 * 2057 0 0 0 0 0 0 0 0 2057
+2 +3 2057 0 2057
+4 +1 2057 0 2057
+4 +1 2057
+7 * 2057 0 0 0 0 0 0 0 0 2057 1
+2 * 2057 2057
+4 * 2057
+3 * 2057 0 0 0 0 0 0 0 0 2057 6
+2 +2 522 522
+4 * 522 0 0 0 0 0 0 0 0 522
+2 +1 522 522
+4 * 522 522
+4 * 522 0 0 0 0 0 0 0 0 522
+2 +3 522 522 0 0 2
+5 * 522 0 0 0 0 0 0 0 0 522
+2 +14 522 0 522
+4 +1 522 0 522
+4 +3 522 522
+1 * 522 522
-1 * 1535 1535 0 1 0 0 1
+1 * 1535 1535

fn=(918)
0xa6a10 3444 2075 0 2075 1 0 0 1
+1 * 2075
+3 * 2075 0 2075 0 0 13
+2 * 2075 0 2075
+1 * 2075
+3 * 2075
+4 +4 2075 2075 0 0 13
+7 * 2075 0 0 0 0 0 0 0 0 2075 21
0xa6a8f +28 2075 0 0 1 0 0 1
+4 * 2075 2075
+1 * 2075 2075
+2 * 2075 2075
+1 * 2075 2075
0xa6b10 -26 2075 0 0 1 0 0 1
+3 * 2075
+7 * 2075 0 2075
cfn=(920) _int_malloc
calls=2075 0xa59a0 3977 
* * 366095 59713 37791 687 359 1144 87 2 1043 69441 3907 1 1
+5 +1 2075
+3 * 2075 0 0 0 0 0 0 0 0 2075 1
+2 * 2075 2075
+4 * 2075
+3 * 2075 0 0 0 0 0 0 0 0 2075 1
fi=(187)
+6 151 2071
+3 * 2071 0 0 0 0 0 0 0 0 2071 24
fe=(188)

fn=(1474) sysmalloc_mmap.isra.0
0xa4540 2411 4 0 4 1 0 0 1
+1 * 4
+3 * 4 0 4 0 0 1
+1 +13 4
+5 * 4
+3 * 4
+3 -13 4
+4 +18 4
+3 * 4 0 0 0 0 0 0 0 0 4 2
+25 +3 4
+2 * 4 0 4
+3 * 4
+3 * 4
+6 * 4 0 0 1 0 0 1
+3 * 4
+5 * 4
+3 * 4
+2 * 4 0 4
cfi=(343)
cfn=(1476)
calls=4 0x116c60 47 
* * 104 16 12 3 0 3 3 0 0 16 4
+5 * 4
+3 +3 4
+4 * 4 0 0 0 0 0 0 0 0 4
+2 +4 4 4
+4 * 4 0 0 0 0 0 0 0 0 4 2
+6 +4 4
+3 * 4
+3 * 4
+7 * 4 0 4
+4 * 4 0 4
cfi=(344)
cfn=(1478)
calls=4 0x11b380 60 
* * 164 50 31 7 7 2 4 1 0 17 8 1 1
+5 +16 4 4
+4 * 4 0 0 1 0 0 1
+4 * 4
+3 * 4 0 0 0 0 0 0 0 0 4
+6 +19 4
+3 -1 4 0 4 0 0 4 0 0 4
+7 +5 4
+5 -4 4
+4 * 4 0 4
+4 +4 4 4 4 0 0 0 0 0 0 4
+8 * 4
+7 * 4
+3 +1 4 4
+3 * 4
+2 * 4 0 0 0 0 0 0 0 0 4 2
+2 * 2 0 2
+8 * 2 0 0 0 0 0 0 0 0 2
+2 +3 4
+3 * 4 4 4 0 0 0 0 0 0 4
+9 * 4
+3 +1 4 4
+4 * 4
+3 * 4 0 0 0 0 0 0 0 0 4
+6 * 4 0 4
+9 * 4 0 0 0 0 0 0 0 0 4
+2 +5 4 4
+4 * 4
+3 * 4 4
+1 * 4 4
+5 2019 4 4 0 1 0 0 1
+7 * 4 0 0 1 0 0 1
+4 * 4
+3 * 4 0 0 0 0 0 0 0 0 4 2

fn=(1482) systrim.constprop.0
0xa46e0 2977 3 3 0 1
+7 * 3 3
+4 * 3
+4 +2 3
+4 +1 3
+3 * 3 0 0 0 0 0 0 0 0 3
+2 +5 3 3
+7 +1 3 0 0 2 0 0 1
+3 -1 3
+3 * 3 0 0 0 0 0 0 0 0 3
+2 +4 3 3 0 0 2
+7 * 3 3 0 0 2
+4 * 3
+3 * 3
+3 +2 3
+3 * 3 0 0 0 0 0 0 0 0 3 2
+5 -23 3 0 3
+1 +30 3
+2 -30 3
+3 * 3
+4 +30 3 0 3
+4 * 3 0 3
+4 * 3 0 3
cfi=(259)
cfn=(924)
calls=3 0xa46b0 25 
* * 78 24 9 3 9 0 0 0 0 15 5
+6 * 3
+3 +1 3 3
+4 * 3 3 0 2 0 0 1
+7 * 3
+3 * 3 0 0 0 0 0 0 0 0 3 2
+7 +12 3 3
+4 * 3 0 3
+4 * 3
+3 * 3 0 3
cfi=(259)
cfn=(924)
calls=3 0xa46b0 25 
* * 141 33 18 4 0 2 0 0 0 27 4
+6 +1 3
+2 * 3 0 3
cfi=(259)
cfn=(924)
calls=3 0xa46b0 25 
* * 78 24 9 0 0 0 0 0 0 15 4
+6 +2 3 3
+4 * 3
+1 +2 3
+3 * 3 0 0 0 0 0 0 0 0 3
+2 +4 3 3
+4 * 3 3
+4 * 3
+3 * 3 0 0 0 0 0 0 0 0 3
+2 +4 3 3
+7 * 3
+3 -1 3 0 3
+7 +1 3
+4 * 3 0 3
+4 +2 3
+5 +5 3 3
+1 * 3 3

fn=(1484) munmap_chunk
0xa2ef0 3035 4 0 4
+1 +2 4 4
+4 -2 4
+3 +4 4
+4 * 4 0 0 0 0 0 0 0 0 4
+2 +3 4 4 0 2 0 0 1
+3 * 4
+3 -5 4
+4 +4 4
+4 +1 4
+3 +1 4
+3 -7 4 4 0 0 3
+7 +13 4 4 0 0 3
+4 * 4
+3 * 4
+3 * 4
+4 +1 4
+3 -1 4
+3 +1 4
+4 * 4
+3 * 4
+3 * 4 0 0 0 0 0 0 0 0 4
+2 +3 4 4 4 2 0 0 1 0 0 4
+8 +1 4
+3 * 4
+3 * 4 4 4 0 0 0 0 0 0 4
+8 +6 4 4
+1 -1 4
+3 * 4
cfi=(345)
cfn=(1486)
calls=4 0x1175e0 117 
* * 24 4 0 2 0 0 1 0 0 4

fn=(922) sysmalloc
0xa50f0 2543 37 0 37 2 0 0 1
+1 * 37
+3 * 37 0 37
+2 * 37 0 37
+2 * 37 0 37
+2 * 37
+3 * 37 0 37
+2 * 37 0 37 0 0 16
+1 * 37 0 0 1 0 0 1
+4 +20 37 37 0 0 35
+7 -20 37 37 0 0 20
+9 * 37 0 37 0 0 4
+4 * 37
+3 +20 37 37 0 0 35
+4 +11 37
+3 * 37 0 0 0 0 0 0 0 0 37
+6 +1 37 37 0 0 35
+7 * 37 0 0 0 0 0 0 0 0 37 2
+6 -11 33 0 33
+4 +35 33 33
+4 +11 33 0 0 1 0 0 1
+4 -10 33 33
+4 * 33
+3 * 33
+4 +1 33
+4 +9 33
+3 * 33 0 0 0 0 0 0 0 0 33 2
+2 * 1
+4 * 1
+3 * 1 0 0 0 0 0 0 0 0 1 1
+2 * 32
+4 * 32 0 0 0 0 0 0 0 0 32
+6 * 32
+2 * 32 0 0 0 0 0 0 0 0 32
+6 * 32
+4 * 32
+3 * 32 0 0 0 0 0 0 0 0 32
+6 +6 32 0 0 1
+4 * 32
+3 * 32 0 0 0 0 0 0 0 0 32
+6 +3 33 0 0 1 0 0 1
+7 * 33
+3 * 33 0 0 0 0 0 0 0 0 33 18
0xa5210 2932 33 33 0 1 0 0 1
+7 * 33 33
+7 * 33 0 0 0 0 0 0 0 0 33
+2 +1 33 0 33
+7 +5 33 33
+4 * 33
+4 +3 33
+3 * 33 0 0 0 0 0 0 0 0 33
+6 +5 33
+7 * 33 0 0 1 0 0 1
+2 -2 33
+4 +2 33
+3 -1 33 0 33
+4 +1 33
+3 -3 33
+3 +3 33
+4 +1 33
+4 -1 33
+3 * 33
+4 * 33 0 33
+4 +1 33 0 33 0 0 33 0 0 33
+4 +2 33
+4 +6 33 33
+4 * 33 33
+9 * 33 0 0 0 0 0 0 0 0 33
-13 * 4 4
+4 * 4 4
+9 * 4 0 0 0 0 0 0 0 0 4
+6 * 37 0 0 2 0 0 1
+4 * 37 37
+1 * 37 37
+2 * 37 37
+2 * 37 37
+2 * 37 37
+2 * 37 37
+1 * 37 37
+2 2576 4 4
+6 * 4 4
+6 * 4 0 0 0 0 0 0 0 0 4
+6 +3 4 4
+7 * 4
+4 * 4
+3 * 4 0 0 0 0 0 0 0 0 4
+6 +8 4
+2 * 4
+3 * 4
+3 * 4 0 4 1 0 4 1
cfn=(1474)
calls=4 0xa4540 2411 
* * 508 106 89 15 7 10 12 1 4 75 20 1 1
+5 +1 4
+4 * 4 0 0 0 0 0 0 0 0 4 2
0xa5388 +92 33 33 0 2 0 0 1
+7 * 33
+5 +9 33
+3 * 33
+3 * 33 33
+4 * 33
+4 +13 33 33
+7 * 33
+3 * 33 0 0 0 0 0 0 0 0 33
+6 +8 33
+5 * 33
+3 * 33
+3 * 33
+3 * 33 0 33 2 0 0 1
+4 +8 33
+3 * 33 0 0 0 0 0 0 0 0 33 3
0xa5451 +48 1 1 0 1 0 0 1
+7 * 1 0 0 0 0 0 0 0 0 1
+6 * 1
+3 * 1 0 0 0 0 0 0 0 0 1 1
+32 +40 1 0 0 1 0 0 1
+3 * 1
+3 * 1 0 0 0 0 0 0 0 0 1 1
+25 +22 1
+3 * 1
+3 +1 1
+5 * 1
+3 * 1
+3 * 1
+3 * 1
+3 +2 1 0 0 0 0 0 0 0 0 1
+6 * 1 0 1 1 0 0 1
+4 +1 1
+3 * 1 0 1
+4 * 1 0 1
cfi=(259)
cfn=(924)
calls=1 0xa46b0 25 
* * 26 8 3 0 0 0 0 0 0 5 3
+6 +12 1 1
+4 * 1 1
+4 * 1
+3 -12 1
+3 +12 1 0 0 0 0 0 0 0 0 1
+6 2019 1 1
+7 * 1
+4 * 1
+3 * 1 0 0 0 0 0 0 0 0 1
+6 2793 1 1
+4 * 1
0xa5608 2937 33 0 33 17 0 0 1
+4 2720 33
+3 * 33 0 33
+4 * 33 0 33
+4 * 33 0 33
+4 * 33 0 33 0 0 17
cfi=(259)
cfn=(924)
calls=33 0xa46b0 25 
* * 1470 368 201 14 97 16 8 1 0 299 5
+6 +1 33 33
+4 * 33 33
+4 * 33
+3 * 33 33
+4 -1 33
+3 +1 33 0 0 0 0 0 0 0 0 33 17
+2 2019 33 33
+7 * 33 33
+4 * 33 0 0 17 0 0 1
+4 * 33
+3 * 33 0 0 0 0 0 0 0 0 33 2
+60 2723 33 0 0 2 0 0 1
+1 +3 33
+3 * 33 0 0 0 0 0 0 0 0 33
+6 +29 33 33
+8 +2 33 33
+4 -2 33 0 0 0 0 0 0 0 0 33 1
+6 +2 33 33
+7 * 33
+3 * 33 0 33
+7 +6 33
+3 * 33 0 0 0 0 0 0 0 0 33 1
+6 +1 32
+3 2937 32 32 0 1
+7 2764 32
+4 * 32 0 32
+4 * 32
+30 2887 1 0 0 1 0 0 1
+3 -1 1 0 1
+7 +1 1
+3 * 1
+4 * 1 0 1 0 0 1 0 0 1
+4 +1 1 0 1 1 0 0 1
+7 +11 1
+3 * 1 0 0 0 0 0 0 0 0 1 1
0xa5770 2756 1 0 1 1 0 0 1
+7 * 1
0xa57e0 +38 1 0 1 1 0 0 1
+4 * 1
+3 * 1
0xa5895 2028 1 0 0 1 0 0 1
+3 * 1
+5 * 1

fn=(1370) _int_free_create_chunk
0xa3ab0 4817 2060 2060 0 2 0 0 1
+4 * 2060 0 0 0 0 0 0 0 0 2060 5
+6 -1 2057 0 2057
+1 * 2057
+3 * 2057 0 0 1 0 0 1
+3 * 2057
+3 * 2057
+4 +7 2057 2057 0 0 1015
+6 * 2057 0 0 0 0 0 0 0 0 2057 516
+2 +4 1543 0 1543
+5 +4 1543
+6 * 1543 0 0 0 0 0 0 0 0 1543
+2 +9 2057 2057
+4 -1 2057
+4 +2 2057 2057
+4 * 2057 0 0 0 0 0 0 0 0 2057
+6 +2 2057
+4 * 2057 0 2057 0 0 3
+4 +22 2057
+3 -5 2057 0 2057
+4 +5 2057 0 0 513 0 0 1
+4 -4 2057 0 2057
+4 +1 2057 0 2057
+4 +1 2057 0 2057
+4 +2 2057 0 2057
+4 +1 2057 0 2057
+4 +15 2057 2057
+1 * 2057 2057
+9 * 514 0 514
+4 -57 514
+3 * 514 0 514
+4 * 514 0 514
+4 * 514 0 514
+4 * 514 0 514
cfn=(1378)
calls=514 0xa3830 1619 
* * 11317 4630 1544 3 2 0 3 0 0 2573 3
+5 +1 514 514
+4 * 514 514
+4 * 514 514 0 513 0 0 1
+4 * 514 514
+4 +6 514
+6 * 514 0 0 0 0 0 0 0 0 514 3
+66 +43 3 0 0 2 0 0 1
+4 +1 3
+3 * 3
+4 * 3 0 3
+4 +1 3 0 3
+4 +5 3 3

fn=(1366) _int_free_chunk
0xa4dd0 4634 2064 0 2064 1 0 0 1
+1 * 2064
+3 * 2064
+3 * 2064
+3 * 2064
+3 * 2064
+3 * 2064 0 2064
+1 * 2064
+4 1805 2064 2064 0 0 7
+7 4642 2064
+3 * 2064 0 0 0 0 0 0 0 0 2064 4
0xa4e90 +78 2064 2064 0 1 11 0 1
+7 -3 2064 2064
+4 +3 2064 2064 0 0 11
+3 -3 2064
+2 * 2064 0 0 0 0 0 0 0 0 2064 6
+2 +6 2060 2060 0 0 4
+7 * 2060 0 0 0 0 0 0 0 0 2060
+6 +6 2060
+3 * 2060
+3 * 2060
+3 * 2060 0 2060 0 0 3
cfn=(1368) _int_free_merge_chunk
calls=2060 0xa4c60 +39 
* * 236543 70187 45620 1766 1065 8 20 0 0 39581 579
+5 +2 2060
+3 +16 4 4
+6 * 4
+2 * 4 0 0 0 0 0 0 0 0 4 2
+2 +10 4
+3 * 4 0 4 0 0 2
cfn=(1484)
calls=4 0xa2ef0 3035 
* * 140 32 12 6 6 0 3 0 0 20
+5 +2 2064 2064 0 1 0 0 1
+7 * 2064 0 2064
+3 +2 2064 2064
+4 * 2064 2064
+1 * 2064 2064
+87 -12 4 4 0 2 3 0 1
+7 * 4 0 0 2 0 0 1 0 0 4
+2 * 4
+6 * 4 0 0 0 0 0 0 0 0 4
+2 +2 4
+4 +1 4
+4 -1 4 0 4
+7 +1 4 0 4
+7 +1 4
+1 * 4

fn=(1472) _int_free_maybe_consolidate.part.0
0xa47a0 4887 994 0 994 2 0 0 1
+1 * 994
+3 * 994 0 994
+2 * 994 0 994
+2 * 994 0 994
+2 * 994 0 994
+2 * 994 0 994
+1 * 994
+4 * 994 994 0 0 2
+9 * 994 0 994
+4 * 994 0 0 2 0 0 1
+3 +9 994 994
+3 * 994
+2 * 994 0 0 0 0 0 0 0 0 994
+6 +3 994
+7 * 994
+3 * 994 0 0 0 0 0 0 0 0 994 6
0xa4980 +17 991 991 0 1 0 0 1
+4 * 991 991
+9 * 991 0 0 0 0 0 0 0 0 991
+6 * 991
+4 * 991 991
+1 * 991 991
+2 * 991 991
+2 * 991 991
+2 * 991 991
+2 * 991 991
+1 * 991 991
+31 -14 994 994 0 1 0 0 1
+4 * 994 994
+4 * 994
+4 * 994 994 0 0 3
+7 * 994 0 0 0 0 0 0 0 0 994 2
+2 +1 3 3
+4 * 3 3
+9 * 3 0 0 0 0 0 0 0 0 3
+6 * 3 3
+7 +13 3
+4 * 3 3
+1 * 3 3
+2 * 3 3
+2 * 3 3
+2 * 3 3
+2 * 3 3
+1 -13 3 0 0 1 0 0 1
cfn=(1482)
calls=3 0xa46e0 2977 
* * 447 123 63 12 13 2 2 0 0 75 17

fn=(920)
0xa59a0 3977 2075 0 2075 1 0 0 1
+1 * 2075
+3 * 2075 0 2075
+2 * 2075 0 2075
+2 * 2075 0 2075 0 0 13
+2 * 2075 0 2075
+2 * 2075 0 2075
+1 * 2075
+4 1337 2075
+3 * 2075 0 0 0 0 0 0 0 0 2075 2
+6 +19 2075
+4 * 2075 0 0 1 0 0 1
+3 * 2075
+3 * 2075
+4 * 2075 0 0 0 0 0 0 0 0 2075
+6 * 2075
+4 4018 2075
+3 * 2075 0 0 0 0 0 0 0 0 2075
+6 1805 2075 2075 0 0 14
+7 4045 2075
+3 * 2075 0 0 0 0 0 0 0 0 2075 9
+6 +67 4
+3 * 4
+4 -65 4
+4 * 4
+3 * 4
+4 * 4 0 0 2 0 0 1
+4 +3 4 4 0 0 1
+4 +2 4
+3 * 4 0 0 0 0 0 0 0 0 4 4
0xa5b00 1996 512 512
+6 * 512
+2 * 512 0 0 0 0 0 0 0 0 512
+6 4623 2075
+4 * 2075
+3 * 2075 2075
+1 * 2075 2075
+2 * 2075 2075
+2 * 2075 2075
+2 * 2075 2075
+2 * 2075 2075
+1 * 2075 2075
+1 4110 2071 0 0 1 0 0 1
+7 * 2071 0 0 0 0 0 0 0 0 2071 6
+6 +62 2066
+3 * 2066
+4 * 2066
+4 * 2066
+7 * 2066 0 0 2 0 0 1 0 0 2066 517
+2 * 1551
+3 * 1551
+4 * 1551
+4 * 1551
+7 * 1551 0 0 0 0 0 0 0 0 1551 4
+2 * 9
+3 * 9
+4 * 9
+4 * 9
+7 * 9 0 0 0 0 0 0 0 0 9 3
+2 * 7
+3 * 7
+5 * 7
+3 * 7
+4 * 7
+4 * 7
+3 * 7 0 0 1 0 0 1
+3 * 7
+4 * 7
+4 * 7
+4 * 7
+4 * 7
+3 * 7
+11 +1 7 7 0 0 5
+4 * 7
+2 * 7 0 0 0 0 0 0 0 0 7
-6 * 2059 2059 0 0 7
+4 * 2059
+2 * 2059 0 0 0 0 0 0 0 0 2059 1
+6 +19 2075
+3 +1 2075 2075 0 0 11
+7 -2 2075
+2 +1 2075
+4 * 2075
+4 +1 2075 2075 0 1 10 0 1
+5 * 2075 0 0 0 0 0 0 0 0 2075 4
+2 -2 2073 2073
+7 * 2073
+4 +12 2073 2073 0 0 14
+4 * 2073
+4 * 2073 0 2073
+8 * 2073
+3 * 2073 0 0 0 0 0 0 0 0 2073 526
-19 * 2 2
+4 * 2
+4 * 2 0 2
+8 * 2
+3 * 2 0 0 0 0 0 0 0 0 2 2
+6 -1 1037 0 1037
+7 * 1037
+3 * 1037 0 1037
+4 * 1037
+3 +4 1037 1037 0 0 5
+4 * 1037 0 0 2 0 0 1
+4 +3 1037
+4 * 1037 0 0 0 0 0 0 0 0 1037 2
-12 -3 2 2
+4 * 2
+4 +3 2
+4 * 2 0 0 0 0 0 0 0 0 2
+6 +1 1039 1039 0 0 9
+7 * 1039
+3 * 1039 0 0 0 0 0 0 0 0 1039 4
+6 -3 1039
+4 +5 1039 1039 0 0 8
+5 +1 1039
+4 * 1039 0 0 0 0 0 0 0 0 1039
+6 * 1039
+3 * 1039 0 0 0 0 0 0 0 0 1039
+6 +2 1039 1039
+4 * 1039 0 0 2 0 0 1
+4 * 1039
+3 * 1039 0 0 0 0 0 0 0 0 1039
+6 -10 1039 1039
+4 +12 1039 1039
+4 * 1039 0 0 0 0 0 0 0 0 1039
+6 +1 1039 1039
+4 * 1039 0 0 0 0 0 0 0 0 1039 1
+6 +2 1039
+3 * 1039 0 0 0 0 0 0 0 0 1039
+6 +11 1039
+7 * 1039 0 0 0 0 0 0 0 0 1039 6
+2 * 4
+3 * 4 0 0 0 0 0 0 0 0 4 2
+6 +29 1035 0 1035 194 0 0 1
+4 +1 1035 0 1035
+4 +4 1035
+3 * 1035 0 0 0 0 0 0 0 0 1035 513
+6 +29 522
+6 * 522 0 0 0 0 0 0 0 0 522
+6 +8 522
+3 * 522
+4 * 522
+6 * 522 0 0 0 0 0 0 0 0 522 3
+6 * 2
+3 * 2
+5 * 2 0 2
+3 * 2
+3 * 2
+4 +1 2
+3 +1 2 2 0 0 2
+4 -1 2
+5 +4 2
+3 * 2 0 0 0 0 0 0 0 0 2
-15 -4 520 0 0 194 0 0 1
+3 +1 520 520 0 0 8
+4 -1 520
+5 +4 520
+3 * 520 0 0 0 0 0 0 0 0 520 5
+6 +5 1 1
+5 * 1 1
+5 * 1
+4 * 1 0 0 0 0 0 0 0 0 1
+6 -2 1
+4 +3 1
+3 * 1 0 0 0 0 0 0 0 0 1
+6 +6 1 1
+4 * 1 1
+4 * 1 0 0 0 0 0 0 0 0 1
+6 +3 1
+5 * 1
+5 * 1
+4 * 1 0 1
+4 +2 1 0 1
+4 * 1 0 1
+4 +33 1 1
+3 * 1
+6 +9 1 0 1
+5 -9 1
+2 * 1
+3 * 1
+3 * 1
+2 * 1 0 1
+8 +2 1 0 1
+4 -1 1 0 1
+4 +2 1 0 1
+4 +7 1 1
+3 -6 1 0 1
+5 +6 1
+2 * 1 0 0 0 0 0 0 0 0 1 1
-54 -10 521 521 0 1 0 0 1
+3 * 521
+6 +9 521 0 521
+5 -9 521
+2 * 521
+3 * 521
+3 * 521
+2 * 521 0 521 0 0 7
+8 +2 521 0 521 1 0 0 1
+4 -1 521 0 521
+4 +2 521 0 521
+4 +7 521 521
+3 -6 521 0 521
+5 +6 521
+2 * 521 0 0 0 0 0 0 0 0 521 7
+32 3247 1 1
+4 -27 1
+4 * 1 1 0 1 0 0 1
+5 +4 1
+4 * 1 0 0 0 0 0 0 0 0 1
+6 +4 1
+3 * 1
+4 * 1 1
+4 * 1 0 1
+5 +4 1 0 1
+6 +1 1
+2 * 1 0 1
+5 4384 1
0xa5e2e 4113 9 0 0 2 0 0 1
+3 +2 9 9 0 0 6
+4 -2 9
+4 +2 9
+3 * 9 0 0 2 0 0 1 0 0 9 6
0xa5f6b -63 4 0 0 2 0 0 1
+5 * 4
+4 * 4
+60 4267 513 0 0 1 0 0 1
+4 +1 513
+7 -1 513 0 513
+5 +1 513 0 0 1 0 0 1
+3 * 513 0 0 0 0 0 0 0 0 513 2
+7 -14 513
+4 +19 513
+3 * 513 0 0 0 0 0 0 0 0 513 1
+6 +1 1 1
+4 * 1 1 0 0 1
+5 * 1
+3 * 1 0 0 0 0 0 0 0 0 1
+6 3197 1 1
+7 +12 1
+3 4277 1 0 1
+7 3197 1 0 1
+4 +4 1
+3 * 1
+4 * 1 1
+8 * 1 0 1
+4 +1 1 0 1
+8 +7 1 0 1
+5 4278 1
+2 +98 522 0 0 1 0 0 1
+4 * 522
+3 * 522
+5 * 522 0 0 0 0 0 0 0 0 522
+2 4203 523 523
+4 * 523
+3 * 523 0 0 0 0 0 0 0 0 523 2
+6 4382 521 521
+3 * 521
+3 * 521 521
+4 * 521
+2 * 521 0 0 0 0 0 0 0 0 521
+6 +11 1558 0 0 1 0 0 1
+4 * 1558
+7 * 1558 0 0 0 0 0 0 0 0 1558 4
+2 +2 1553
+4 * 1553
+3 * 1553
+4 +3 1553 1553 0 0 12
+3 -3 1553
+4 +3 1553
+3 * 1553 0 0 0 0 0 0 0 0 1553 11
+2 +1 1 1 0 0 1
+4 * 1 0 0 0 0 0 0 0 0 1 1
+6 * 1557
+3 * 1557 0 0 1 0 0 1
+3 * 1557
+3 +67 1557
+4 +1 1557
+3 +1 1557
+3 -1 1557
+5 +1 1557
+4 +1 1557
+3 * 1557 1557 0 0 3
+8 +1 1557
+5 * 1557
+2 * 1557
+7 +5 1557
+3 * 1557
+2 * 1557 0 0 0 0 0 0 0 0 1557 8
-5 * 513
+3 * 513
+2 * 513 0 0 0 0 0 0 0 0 513 1
+2 * 1044
+9 +16 6683
+4 +2 6683
+2 * 6683 0 0 0 0 0 0 0 0 6683
+6 -4 7710 0 0 1 0 0 1
+2 * 7710 0 0 0 0 0 0 0 0 7710 1046
+2 +8 1027 1027 0 0 1
+4 +3 1027
+3 * 1027 0 0 0 0 0 0 0 0 1027 515
+6 +2 513
+2 +1 513
+4 +1 513
+2 -2 513
+2 * 513
+2 * 513
+3 * 513 0 513
+8 -27 513
0xa6190 4302 520 0 0 1 0 0 1
+3 * 520
+4 * 520
+6 * 520 0 0 0 0 0 0 0 0 520 6
+6 * 4
+3 * 4
+4 * 4
+6 * 4 0 0 0 0 0 0 0 0 4 3
+6 * 2
+8 * 2
+3 * 2
+3 * 2 0 2
+3 * 2
+4 * 2
+21 -70 4 4 0 1 0 0 1
+4 * 4 0 0 0 0 0 0 0 0 4
+6 +2 4
+4 -1 4
+3 * 4 0 0 0 0 0 0 0 0 4 2
+79 +65 516 0 0 1 0 0 1
+8 +4 516
+3 * 516
+3 * 516 0 516
+3 * 516
+4 * 516
+59 +52 521 0 0 1 0 0 1
+5 -51 521
+3 +51 521
+4 * 521 0 521
+4 * 521
0xa6320 3241 5 0 0 2 0 0 1
+2 4112 5
+3 * 5
+3 * 5
+4 * 5
+3 * 5
+4 * 5
0xa63f0 -47 1044 0 0 1 0 0 1
+4 * 1044
+3 * 1044
+8 * 1044 0 0 1 0 0 1
+33 4482 14 14
+2 * 14
+4 * 14
+2 * 14 0 0 0 0 0 0 0 0 14 1
+6 * 13
+3 -3 13
+3 * 13
+3 * 13 0 0 0 0 0 0 0 0 13 5
-6 * 1044
+3 * 1044
+3 * 1044 0 0 0 0 0 0 0 0 1044 5
+2 4579 1043 1043
+4 +1 1043 1043 0 1 5 0 1
+4 * 1043
+4 +2 1043 1043 0 0 4
+7 * 1043 0 0 0 0 0 0 0 0 1043 2
+6 +3 1043
+5 * 1043
+3 * 1043 0 0 0 0 0 0 0 0 1043 42
+6 +17 37 37
+4 * 37
+2 * 37 0 0 0 0 0 0 0 0 37 18
0xa64d0 4302 2
+3 * 2
+4 * 2
+6 * 2 0 0 0 0 0 0 0 0 2
+2 * 2
+8 * 2
+3 * 2
+3 * 2 0 2
+3 * 2
+4 * 2
+5 4484 1 0 0 1 0 0 1
+3 * 1
+3 * 1 0 0 1 0 0 1
+5 +1 1
+5 * 1
0xa6588 +24 514 514 0 1 0 0 1
+4 * 514
+3 * 514
+3 * 514
+4 +3 514
+3 * 514 0 0 0 0 0 0 0 0 514
+6 +2 514
+3 +3 514
+3 * 514 0 514
+4 -3 514
+3 * 514 0 514
+4 * 514 0 514
+4 * 514 0 514
+4 +3 514 0 514 0 0 1
cfn=(1378)
calls=514 0xa3830 1619 
* * 15934 6682 2570 0 1 0 0 0 0 4112 1
+5 +3 514 514 0 1 0 0 1
+4 * 514 514
+4 * 514 514
+4 * 514 514
+4 * 514
+4 * 514 0 0 0 0 0 0 0 0 514
+6 +15 514 514
+4 +1 514 514
+4 * 514 0 0 0 0 0 0 0 0 514
+6 +3 514
+5 * 514
+5 -9 514
+4 +9 514
+4 * 514 0 514 0 0 1
+4 +1 514 0 514
+4 +1 514 0 514 4 0 0 1
+4 +3 514
+7 * 514 0 0 0 0 0 0 0 0 514 514
+2 +1 1 0 1
+4 +1 1
+7 * 1 0 0 0 0 0 0 0 0 1
-7 * 513
+7 * 513 0 0 0 0 0 0 0 0 513
+2 +2 514
+4 * 514 0 514
+4 +3 514
+7 * 514
+3 * 514
+3 * 514
+3 * 514
+4 * 514
+3 * 514
+4 * 514 0 514 153 0 0 1
+5 +2 514
+3 * 514
+4 * 514 0 514
+4 +1 514 0 514
+4 1996 514 514
+6 4557 514
+4 1996 514
+2 * 514 0 0 0 0 0 0 0 0 514 1
0xa6789 4402 1 1 0 1 1 0 1
+4 +1 1
+7 * 1 1
+5 * 1
+3 * 1
+4 * 1
+3 * 1 0 0 0 0 0 0 0 0 1
+2 +6 1 1
+4 * 1 0 0 0 0 0 0 0 0 1 1
+16 +5 1
+3 +1 1
+3 * 1 0 1 1 0 0 1
+4 -1 1
+3 * 1 0 1
+4 * 1 0 1
+4 * 1 0 1
+4 +1 1 0 1
cfn=(1378)
calls=1 0xa3830 1619 
* * 31 13 5 0 1 0 0 0 0 8 1
+5 +3 1 1
+4 * 1 1
+4 * 1 1
+4 * 1 1
+4 * 1
+4 * 1 0 0 0 0 0 0 0 0 1 1
0xa685d 4595 1007
+4 +1 1007
+3 * 1007
+3 * 1007 0 1007 0 0 6
cfn=(930) alloc_perturb
calls=1007 0xa2ed0 1995 
* * 5035 2014 0 0 0 0 0 0 0 1007
+5 +1 1007
+5 -9 1006 0 0 1 0 0 1
+3 * 1006
+3 * 1006
+4 +2 1006 0 0 1 0 0 1
+7 * 1006
+3 -1 1006 0 1006
+4 +1 1006
+3 -3 1006
+3 +3 1006
+3 +2 1006
+4 -2 1006
+4 * 1006
+3 * 1006
+4 * 1006 0 1006
+5 +2 1006 0 1006 0 0 1005 0 0 1005
+4 * 1006
+2 4238 4
+4 -1 4
+3 +3 4
+5 -1 4 0 4
+4 +1 4
+4 * 4 0 4 1 0 0 1
+5 +1 4
+5 * 4
+4 * 4 0 4 0 0 3
+4 +1 4
+6 * 4 0 0 0 0 0 0 0 0 4
+2 +2 4
+4 * 4 0 4 0 0 1
+4 +4 4
+7 * 4
+3 * 4
+3 * 4
+3 * 4
+4 * 4
+3 * 4
+4 * 4 0 4
+4 +2 4
+3 * 4
+4 * 4 0 4 0 0 1
+4 +1 4 0 4
+4 +3 4
+4 +1 4
+3 * 4
+3 * 4 0 4 0 0 1
cfn=(930)
calls=4 0xa2ed0 1995 
* * 20 8 0 0 0 0 0 0 0 4
+5 +1 4
+5 4617 37 0 0 2 0 0 1
+3 * 37
+3 * 37 0 37
+4 * 37 0 37 0 0 4
cfn=(922)
calls=37 0xa50f0 2543 
* * 6232 1540 992 89 229 101 41 2 38 1001 80 1 1
+5 * 37
+3 +1 37
+3 * 37 0 0 0 0 0 0 0 0 37 2
+6 +1 37 37 0 3 0 0 1
+4 * 37
+3 * 37 0 37
cfn=(930)
calls=37 0xa2ed0 1995 
* * 185 74 0 1 0 0 1 0 0 37 3
+5 * 37
+88 4421 1 0 0 1 0 0 1
+7 -1 1 0 1
+6 +1 1
+3 * 1 0 0 0 0 0 0 0 0 1

fn=(1028)
0xa6ca0 3397 1 1 0 1 0 0 1
+7 * 1 1
+4 * 1 0 0 0 0 0 0 0 0 1
+2 +28 1 0 1
+1 * 1
+3 * 1
+4 -23 1 1
+7 * 1 1 0 1 0 0 1
+8 * 1 0 0 0 0 0 0 0 0 1
+2 * 1 0 1
+4 * 1 0 1
cfn=(1030)
calls=1 0xa6c00 -7 
* * 298 30 124 7 1 12 7 0 12 121 23
+5 * 1 1
+4 +26 1 1
+1 -1 1
cfn=(918)
calls=1 0xa6a10 +17 
* * 169 29 15 2 0 0 2 0 0 24 10

fn=(1368)
0xa4c60 4768 2060 0 2060 3 0 0 1
+1 * 2060
+3 * 2060 0 2060
+2 * 2060 0 2060
+2 * 2060 0 2060 0 0 3
+1 * 2060
+4 +5 2060 2060 0 0 5
+4 * 2060
+3 * 2060 0 0 0 0 0 0 0 0 2060
+6 * 2060
+3 * 2060
+3 -4 2060 0 0 513 0 0 1
+4 +7 2060
+3 * 2060 2060 0 0 5
+4 * 2060 0 0 0 0 0 0 0 0 2060 2
+6 +5 2060 2060 0 0 3
+4 * 2060
+4 * 2060 0 0 0 0 0 0 0 0 2060
+6 +4 2060
+4 * 2060 0 0 0 0 0 0 0 0 2060
+6 -1 2060
+4 +1 2060 2060 0 0 5
+7 * 2060 0 0 0 0 0 0 0 0 2060
+6 2003 2060 2060
+6 * 2060 0 0 194 0 0 1
+2 * 2060 0 0 0 0 0 0 0 0 2060
+6 4792 2060 2060
+4 * 2060 0 0 0 0 0 0 0 0 2060 10
+2 +2 1028 1028
+3 +2 1028
+3 +1 1028 1028 0 0 3
+4 * 1028
+4 * 1028
+3 * 1028 0 0 0 0 0 0 0 0 1028
+6 +2 1028
+3 * 1028 0 1028
+4 -4 1028
+3 +4 1028 0 1028
+4 * 1028 0 1028
cfn=(1378)
calls=1028 0xa3830 1619 
* * 22670 9276 3096 0 5 0 0 0 0 5158 2
+5 * 1028 1028
+4 * 1028 1028
+4 +4 1028
+3 * 1028
+3 * 1028
+3 * 1028 0 1028
cfn=(1370)
calls=1028 0xa3ab0 +14 
* * 28764 6173 9240 3 1013 0 1 0 0 4111 9
-9 * 1032 0 0 1 0 0 1
+3 * 1032
+3 * 1032
+3 * 1032 0 1032
cfn=(1370)
calls=1032 0xa3ab0 +14 
* * 44799 12861 12879 1031 4 3 7 0 0 6693 518
+5 +91 2060
+6 * 2060 0 0 0 0 0 0 0 0 2060 11
+2 -89 1066
+4 * 1066 1066
+1 * 1066 1066
+2 * 1066 1066
+2 * 1066 1066
+1 * 1066 1066
+8 * 994
+4 * 994
+3 * 994 994
+1 * 994 994
+2 * 994 994
+2 * 994 994
+1 * 994
cfn=(1472)
calls=994 0xa47a0 +82 
* * 33252 14039 7021 19 18 2 7 0 0 4051 25
+43 -29 2060 2060 0 2 4 0 1
+4 * 2060
+4 * 2060
+3 * 2060
+3 * 2060 0 0 0 0 0 0 0 0 2060 2

fn=(930)
0xa2ed0 1995 1048 0 0 1 0 0 1
+3 +1 1048 1048
+6 * 1048
+2 * 1048 0 0 0 0 0 0 0 0 1048 3
+2 +2 1048 1048

fn=(1332)
0xa7f30 3516 264220 0 0 2 0 0 1
+4 +3 264220
+3 * 264220 0 0 0 0 0 0 0 0 264220 2
+6 +15 264220 0 0 2 0 0 1
+4 * 264220 0 0 0 0 0 0 0 0 264220 4
+6 -4 264220 264220 0 0 14
+4 * 264220
+3 * 264220
+4 +10 264220 264220 0 0 7
+7 * 264220 0 0 0 0 0 0 0 0 264220 528
+2 * 262156 262156 0 0 1
+7 * 262156 262156 0 0 1
+4 * 262156
+3 * 262156 0 0 0 0 0 0 0 0 262156 1
+2 +6 262156 262156
+7 * 262156 262156
+4 * 262156 0 0 0 0 0 0 0 0 262156 2
+6 +3 262156
+4 * 262156 0 0 1 0 0 1
+3 * 262156
+4 +1 262156
+7 * 262156 0 0 0 0 0 0 0 0 262156 2
+2 +2 262156 262156 0 0 6
+4 * 262156
+3 * 262156 0 0 0 0 0 0 0 0 262156
+2 3201 262156
+3 +8 262156
+3 -12 262156 0 262156
+4 +4 262156
+4 * 262156 262156 0 0 7
+8 * 262156 0 262156
+3 +1 262156 0 262156
+8 +7 262156 0 262156
+4 3553 262156 262156
+2 -4 2064 0 0 1 0 0 1
+4 -22 2064
+4 +40 2064
+3 * 2064 0 0 0 0 0 0 0 0 2064 1
fi=(187)
+6 151 2064
+4 * 2064
+7 * 2064 0 0 0 0 0 0 0 0 2064 5
fe=(188)
+14 3571 2064
+2 * 2064
+3 * 2064
cfn=(1366)
calls=2064 0xa4dd0 4634 
* * 294507 88799 53896 1779 1107 13 28 0 0 45801 591

fl=(113) /usr/src/debug/glibc/glibc/string/../sysdeps/x86_64/multiarch/strpbrk.c
fn=(384) strpbrk
0xaf140 29 1 0 0 1 0 0 1
fi=(392)
+4 +7 1 1
+7 * 1
+7 * 1 1
+7 * 1
+7 * 1
fe=(113)
+4 -7 1 1

fl=(193) /usr/src/debug/glibc/glibc/csu/init-first.c
fn=(666) _init_first
0x273c0 46 1 0 0 1 0 0 1
+4 * 1 0 1
+1 * 1
+2 * 1
+3 * 1
+4 +5 1 1
+7 * 1 0 0 0 0 0 0 0 0 1
+2 +4 1 1 0 0 1
+7 * 1 1 0 0 1 0 0 1
+3 * 1 1
+7 * 1 1
+4 * 1 0 0 0 0 0 0 0 0 1 1
+2 +8 1 1 0 0 1
+7 -2 1 0 1 0 0 1
+6 +10 1
+2 -9 1 0 1 1 0 0 1
+7 +1 1 0 1 0 0 1 0 0 1
+3 +9 1 1
+1 -1 1
cfi=(194) /usr/src/debug/glibc/glibc/misc/init-misc.c
cfn=(668) __init_misc
calls=1 0x11a6e0 -41 
* * 50 11 6 5 2 1 5 1 0 5 1 1 1

fl=(133) /usr/src/debug/glibc/glibc/string/../sysdeps/x86_64/multiarch/strcpy.c
fn=(438) strcpy
0xae1f0 29 1 0 0 1 0 0 1
fi=(91)
+4 +9 1 1
+7 * 1 1 0 1 0 0 1
+6 +1 1 1
+6 -1 1
+3 * 1 0 0 0 0 0 0 0 0 1
+2 +1 1
+3 * 1 0 0 0 0 0 0 0 0 1
+2 +4 1
+2 * 1
+2 * 1
+5 * 1 0 0 0 0 0 0 0 0 1
+2 +3 1
+7 * 1
+3 * 1 0 0 0 0 0 0 0 0 1
+2 +3 1
+7 * 1
+3 * 1 0 0 0 0 0 0 0 0 1 1
fe=(133)
+37 -20 1 1

fl=(196) /usr/src/debug/glibc/glibc/libio/vtables.c
fn=(674) check_stdfiles_vtables
0x27430 545 1
+4 +1 1 1 0 0 1
+7 * 1 0 0 1 0 0 1
+7 * 1 1 0 0 1
+7 * 1 0 0 0 0 0 0 0 0 1 1
+30 +1 1 1 0 0 1
+7 * 1 1 0 0 1
+7 * 1 0 0 0 0 0 0 0 0 1
+2 +1 1 1
+7 * 1 1 0 1 1 0 1
+7 * 1 0 0 0 0 0 0 0 0 1
+2 +2 1 1

fl=(197) /usr/src/debug/glibc/glibc/libio/stdfiles.c
fn=(676) _IO_stdfiles_init
0x274a0 64 1
+4 +3 1 1 0 0 1
+7 * 1
+3 * 1 0 0 0 0 0 0 0 0 1
+2 -1 1
+7 * 1
+9 +3 1 0 1 1 0 0 1
+7 -1 1
+4 -1 1 1 0 0 1
+4 * 1
+3 * 1 0 0 0 0 0 0 0 0 1 1
-18 +2 2 0 2 0 0 1
+7 -1 2
+4 -1 2 2 0 0 2
+4 * 2
+3 * 2 0 0 0 0 0 0 0 0 2 1
+2 +3 1 1

fl=(321)
fn=(1294)
0x4c480 1784 262144 0 0 1 0 0 1
+4 +1 262144
+3 * 262144
+2 * 262144
cfn=(1296) ____strtod_l_internal
calls=262144 0x49b40 510 
* * 194052909 35950876 20283938 4702 12 0 82 8 0 29626021 781303 760023 513

fn=(1296)
0x49b40 510 262144 0 0 512 0 0 1
+4 * 262144 0 262144
+1 * 262144
+3 * 262144 0 262144
+2 +79 262144
+3 -79 262144 0 262144
+2 * 262144 0 262144
+2 +45 262144
+3 -45 262144 0 262144
+2 * 262144
+3 * 262144 0 262144
+1 * 262144
+7 * 262144 0 262144
+7 +53 262144 262144 0 0 1
+5 -53 262144 0 262144
+7 * 262144 262144
+9 * 262144 0 262144 177 0 0 1
+4 * 262144
+2 +55 262144
+2 * 262144 0 0 0 0 0 0 0 0 262144
+6 +32 262144 262144 0 0 1
+4 +1 262144
+3 * 262144 0 262144
cob=(4)
cfi=(191)
cfn=(792)
calls=262144 0x4c72240 0 
* * 4194304 786432 0 512 1 0 0 1 0 524288 0 262144
+5 * 262144 0 262144
+7 +1 262144
+3 * 262144 0 0 0 0 0 0 0 0 262144
+6 +10 262144 262144
+7 +4 262144 262144 0 0 1
+5 -10 262144 0 262144
+11 +6 262144 0 0 457 0 0 1
+4 * 262144
+8 * 262144
+11 * 262144
+11 +3 262144
+3 * 262144 262144
+5 * 262144
+4 * 262144
+3 +1 262144 262144
+5 * 262144 0 0 0 0 0 0 0 0 262144 1
+2 +3 262144
+2 * 262144 0 0 0 0 0 0 0 0 262144
+6 -12 262144 0 262144 1 0 0 1
+10 +17 262144
+2 * 262144 0 0 0 0 0 0 0 0 262144
+6 +13 262144 262144
+3 * 262144
+2 * 262144 0 0 0 0 0 0 0 0 262144
+6 * 262144
+2 * 262144
+2 * 262144
+49 +1 262144 262144 0 2 0 0 1
+4 * 262144 0 0 0 0 0 0 0 0 262144 1
+2 +8 262144
+4 * 262144
+3 * 262144 0 0 0 0 0 0 0 0 262144 2
+6 +48 262144
+4 * 262144 0 0 0 0 0 0 0 0 262144 156
+6 +19 154
+3 * 154 0 0 0 0 0 0 0 0 154 154
+6 516 154 0 154
+10 734 154 154
+5 * 154
+3 516 154
+3 * 154
+3 777 154
+4 * 154
+3 * 154 0 0 0 0 0 0 0 0 154 154
-13 516 261990 0 0 194 0 0 1
+3 * 261990
+3 777 261990
+4 * 261990
+3 * 261990 0 0 0 0 0 0 0 0 261990
-7 * 154
+4 * 154
+3 * 154 0 0 0 0 0 0 0 0 154
+6 +1 262144 262144
+7 * 262144 0 0 0 0 0 0 0 0 262144
+6 +12 262144
+3 * 262144 0 0 0 0 0 0 0 0 262144
+6 +16 262144
+3 * 262144 0 0 0 0 0 0 0 0 262144 2
+11 +42 262144 0 0 194 0 0 1
+4 * 262144
+3 +9 262144
+2 * 262144 0 0 0 0 0 0 0 0 262144
+6 * 262144
+2 * 262144
+16 * 262144
+4 * 262144 262144
+4 * 262144
+2 * 262144 0 0 0 0 0 0 0 0 262144 2
+6 +1 262144 262144
+3 * 262144 0 0 0 0 0 0 0 0 262144 4
0x49dd1 687 117
+4 1772 117 117
+4 * 117 117
+9 * 117 0 0 0 0 0 0 0 0 117 2
-13 * 262027 262027 0 1 0 0 1
+4 * 262027 262027
+9 * 262027 0 0 0 0 0 0 0 0 262027 2
+6 * 262144
+4 * 262144 262144
+1 * 262144 262144
+2 * 262144 262144
+2 * 262144 262144
+2 * 262144 262144
+2 * 262144 262144
+1 * 262144 262144
+74 803 154 154 0 1 0 0 1
+5 -22 154
+4 +22 154
+4 -26 154
0x49eb1 -36 261990 0 0 1 0 0 1
+2 * 261990
+2 * 261990
+11 * 261990
+4 * 261990 261990
+4 * 261990
+2 * 261990 0 0 0 0 0 0 0 0 261990
+6 +1 261990 261990 0 1 0 0 1
+4 * 261990 0 0 0 0 0 0 0 0 261990 2
+60 864 262144 262144 0 1 0 0 1
+7 +1 262144
+3 * 262144 262144
+7 +1 262144
+2 -1 262144 262144
+4 +1 262144
+3 * 262144
+31 +4 786432
+4 * 786432 0 0 0 0 0 0 0 0 786432 86377
+2 +1 707732
+4 * 707732
+4 +2 707732 707732
+5 * 707732
+4 * 707732
+4 -7 707732
+4 * 707732
+4 +1 707732
+3 * 707732 0 0 0 0 0 0 0 0 707732 6
-24 +6 78700 78700
+5 * 78700
+4 * 78700
+4 -7 78700
+4 * 78700
+4 +1 78700
+3 * 78700 0 0 0 0 0 0 0 0 78700 6
-11 -1 262144 0 0 1 0 0 1
+4 * 262144
+4 +1 262144
+3 * 262144 0 0 0 0 0 0 0 0 262144 2
+2 * 262144
+4 * 262144 0 0 0 0 0 0 0 0 262144
+2 +9 262144
+3 * 262144 0 0 0 0 0 0 0 0 262144
+6 +6 262144 262144 0 1 0 0 1
+5 +1 262144 0 262144
+7 -1 262144 262144 0 0 1 0 0 1
+5 +2 262144 262144
+7 * 262144 0 0 0 0 0 0 0 0 262144 1
+2 * 262144
+3 * 262144 0 0 0 0 0 0 0 0 262144 2
+6 * 262144
+2 * 262144
+11 +98 262144
+3 +33 262144
+3 * 262144 0 0 0 0 0 0 0 0 262144
+2 +2 262144 262144
+4 * 262144 0 0 0 0 0 0 0 0 262144 2
+2 879 26138 0 0 1 0 0 1
+3 * 26138
+4 * 26138
+11 1019 26138
+4 -2 26138 26138
+4 * 26138 0 0 0 0 0 0 0 0 26138 2881
-8 +2 2845
+4 -2 2845 2845
+4 * 2845 0 0 0 0 0 0 0 0 2845 290
+2 * 26138
+3 +3 26138
+3 +2 26138
+3 * 26138 0 0 0 0 0 0 0 0 26138
+6 * 26138
+3 +3 26138
+3 * 26138 0 0 0 0 0 0 0 0 26138 3
+6 * 271
+3 * 271 0 0 0 0 0 0 0 0 271 128
+6 * 154 154
+7 * 154
+3 * 154 0 0 0 0 0 0 0 0 154 1
+6 +19 236160 236160 0 1 0 0 1
+7 * 236160
+3 * 236160 0 0 0 0 0 0 0 0 236160
+2 +1 236160 0 236160
+3 +5 236160
+3 * 236160 0 0 0 0 0 0 0 0 236160 26283
-3 * 25867
+3 * 25867 0 0 0 0 0 0 0 0 25867 2610
+6 +9 26289 26289
+3 * 26289 26289
+4 * 26289
+7 * 26289 26289
+3 * 26289 0 0 0 0 0 0 0 0 26289
+2 +2 26289
+2 * 26289
+3 * 26289 0 0 0 0 0 0 0 0 26289 4
+52 +9 26289 26289 0 1 0 0 1
+7 * 26289
+3 * 26289
+3 +1 26289 26289
+7 * 26289 0 0 0 0 0 0 0 0 26289
+6 * 26289
+3 * 26289 0 0 0 0 0 0 0 0 26289
+6 +3 26289 26289
+7 * 26289
+10 * 26289
+3 * 26289
+3 * 26289 0 0 0 0 0 0 0 0 26289
+6 +4 26289
+3 +1 26289
+3 +96 26289
+3 * 26289
+3 * 26289
+3 * 26289
+3 * 26289
+3 * 26289
+4 * 26289
+3 * 26289
+3 * 26289
+4 * 26289
+3 * 26289
+4 +4 26289
+3 -1 26289
+4 +1 26289 0 26289
+7 * 26289
+3 +3 26289
+5 * 26289
+3 * 26289
+3 * 26289 0 0 0 0 0 0 0 0 26289
-64 -7 235738 0 0 1 0 0 1
+3 * 235738
+3 * 235738 0 0 1 0 0 1
+3 * 235738
+3 * 235738
+3 * 235738
+4 * 235738
+3 * 235738
+3 * 235738
+4 * 235738
+3 * 235738
+4 +4 235738
+3 -1 235738
+4 +1 235738 0 235738
+7 * 235738
+3 +3 235738
+5 * 235738
+3 * 235738
+3 * 235738 0 0 0 0 0 0 0 0 235738
+6 +12 262027 0 0 1 0 0 1
+7 * 262027 0 0 0 0 0 0 0 0 262027
+6 +3 262027
+3 * 262027 0 0 0 0 0 0 0 0 262027 2
+6 1359 261873
+3 * 261873 0 0 0 0 0 0 0 0 261873
+6 * 261873
+7 * 261873
+6 * 261873 0 0 0 0 0 0 0 0 261873
+6 +18 261873 261873
+4 * 261873 0 0 0 0 0 0 0 0 261873 17
+6 +3 261873 0 0 1 0 0 1
+10 * 261873
+5 * 261873
+3 * 261873
+4 * 261873
+4 * 261873
+3 +13 261873
+2 -13 261873
+3 * 261873
+3 +8 261873
+5 * 261873 0 0 0 0 0 0 0 0 261873 4
+28 +13 261873 0 0 1 0 0 1
+3 * 261873
+3 +3 261873
+3 * 261873
+3 -3 261873
+3 +3 261873
+3 * 261873
+2 * 261873
+4 +6 261873
+2 -3 261873
+5 -3 261873
+3 * 261873
+3 +3 261873
+4 * 261873
+3 * 261873 0 261873
+6 +5 261873
+3 * 261873
+7 * 261873
+3 * 261873 0 0 1 0 0 1
+3 * 261873 0 261873
+6 * 261873
+3 +7 261873
+4 * 261873 0 0 0 0 0 0 0 0 261873 25622
+6 * 238309 238309
+7 * 238309
+6 * 238309
+3 * 238309 0 238309
+7 * 238309
+7 * 238309 0 238309
+7 * 238309 0 238309 1 0 0 1
+7 * 238309
+4 * 238309
+11 +3 238309 0 238309
+7 +4 238309 238309 0 0 1 0 0 1
+4 -4 238309
+3 +2 238309
+3 * 238309 0 0 0 0 0 0 0 0 238309
-17 -2 259570 0 259570
+7 +4 259570 259570 0 0 1 0 0 1
+4 -4 259570
+3 +2 259570
+3 * 259570 0 0 0 0 0 0 0 0 259570 25646
+6 +3 261873 261873
+3 -1 261873
+4 +1 261873
+7 * 261873 0 261873
fi=(322) /usr/src/debug/glibc/glibc/stdlib/../string/bits/string_fortified.h
+7 29 261873 261873 0 1 0 0 1
fe=(321)
+7 1427 261873
+8 * 261873
fi=(322)
+5 29 261873
+5 * 261873 261873 261873 0 1 0 0 0 0 0 0 261873 1
cfi=(282)
cfn=(1298)
calls=261873 0x16dd50 249 
* * 5237460 785619 523746 3 1 0 2 1 0 1047492 7
+6 * 261873 261873
+7 * 261873 261873
fe=(321)
+7 1445 261873
+3 * 261873 0 0 0 0 0 0 0 0 261873 2324
-3 * 23564
+3 * 23564 0 0 0 0 0 0 0 0 23564
+6 -3 259570
+3 +1 259570
+4 -24 259570
+3 * 259570 0 0 0 0 0 0 0 0 259570 2
0x4a33b 1044 25984 25984 0 1 0 0 1
+7 * 25984
+3 * 25984 0 0 0 0 0 0 0 0 25984
+2 +1 25984 0 25984
+3 +2 25984
+3 * 25984 0 0 0 0 0 0 0 0 25984 4
+6 767 117 117
+6 * 117
+2 * 117 0 0 0 0 0 0 0 0 117 2
+21 -76 261990 261990 0 1 0 0 1
+5 * 261990 261990
+5 * 261990
+3 * 261990 261990 0 1 1 0 1 1
+4 * 261990 0 0 0 0 0 0 0 0 261990
+6 516 261990 0 261990
+10 710 261990
+6 * 261990
+3 * 261990 0 0 0 0 0 0 0 0 261990
+6 516 261990
+3 * 261990
+2 * 261990
+11 712 261990 261990
+5 * 261990
+4 -1 261990
+4 * 261990 0 0 0 0 0 0 0 0 261990
+2 +24 261990 0 0 1 0 0 1
+4 * 261990
+3 * 261990 0 0 0 0 0 0 0 0 261990
+6 -1 261990
+4 +2 261990 261990
+7 -2 261990 261990
+3 +2 261990
+3 * 261990
+2 * 261990
+3 * 261990
+3 * 261990 0 0 0 0 0 0 0 0 261990 2
0x4a7f0 1074 235738 235738 0 1 0 0 1
+7 +9 235738 235738
+7 * 235738 0 0 1 0 0 1 0 0 235738 6
0x4a9f0 741 261990 0 0 1 0 0 1
+2 * 261990 0 0 0 0 0 0 0 0 261990 2
+6 +8 261990 261990
+7 * 261990 0 0 1 0 0 1 0 0 261990 2
0x4ad88 1433 236006 236006 0 1 0 0 1
+3 -1 236006
+4 * 236006
+3 * 236006
+7 * 236006 236006
+7 +1 236006 0 236006
+7 -1 236006
+5 * 236006 236006
+7 * 236006 0 236006
cfi=(323)
cfn=(1304)
calls=236006 0x54700 48 
* * 14632372 3540090 2832072 1028 0 0 6 0 0 2124054 7
+5 +4 236006 236006
+7 +1 236006 236006 0 1 0 0 1
+7 * 236006
+3 -1 236006 236006
+4 * 236006
+5 +1 236006 0 0 0 0 0 0 0 0 236006
+6 +1 236006 236006
+7 +1 236006 236006
+7 -1 236006
+4 +1 236006 0 236006
+7 * 236006 0 236006
+7 +6 236006
+3 * 236006 0 0 1 0 0 1 0 0 236006
+6 +2 261873 261873
+7 * 261873 261873
+7 * 261873 0 0 0 0 0 0 0 0 261873 2
+6 381 261873 261873
+6 -1 261873 0 261873
+11 +1 261873
+2 * 261873 0 0 0 0 0 0 0 0 261873
+6 * 261873
+4 * 261873 261873
+7 * 261873
+3 * 261873 261873 0 1 0 0 1
+7 * 261873 0 261873
+2 * 261873
+7 * 261873
+7 * 261873 0 261873
cfn=(1308) str_to_mpn.part.0.constprop.0
calls=261873 0x49890 -14 
* * 20367962 4106864 2356857 5 1 0 5 1 0 2945742 476467
+5 1468 261873
+5 +7 261873 261873
+7 -7 261873 0 261873
+7 +2 261873 261873
+1 -2 261873 261873
+9 +2 261873 261873
+1 -2 261873
+4 * 261873
+3 +2 261873
+2 * 261873 0 0 1 0 0 1 0 0 261873 6
+6 +17 261873
+3 * 261873 0 261873
+7 +2 261873
+4 * 261873 0 0 0 0 0 0 0 0 261873 2
0x4b339 1718 23564 23564 0 1 0 0 1
+7 * 23564 0 0 1 0 0 1
+6 * 23564
+3 * 23564 0 23564
+7 * 23564
+7 * 23564 0 23564
+7 * 23564 0 23564
+7 * 23564
+37 380 154 0 154 1 0 0 1
+11 1200 154
+3 381 154
+3 * 154 0 0 0 0 0 0 0 0 154
+6 * 154
+4 * 154 0 154
+7 * 154
+3 * 154
+7 * 154 0 154
+2 * 154 154
+7 * 154 0 0 1 0 0 1
+3 * 154
+7 * 154
+7 * 154 0 154
+7 * 154 0 154
cfn=(1308)
calls=154 0x49890 -14 
* * 7854 2002 1386 0 0 0 0 0 0 770 7
+5 1206 154 154
+7 * 154 154
+1 +20 154 154
+7 -20 154 154
+7 * 154
+3 * 154
+3 * 154 154
+2 * 154 0 0 0 0 0 0 0 0 154 2
0x4b590 +44 154 0 0 1 0 0 1
+4 +1 154
+3 -1 154 154
+9 +1 154
+4 -1 154
+4 +1 154
+3 * 154
+3 +4 154
+7 * 154 0 0 0 0 0 0 0 0 154
+6 +6 154
+4 * 154 0 0 1 0 0 1 0 0 154
+6 +32 154
+3 * 154 0 0 0 0 0 0 0 0 154
+6 +3 154
+4 +4 154
+7 -4 154
+3 +4 154 0 154
+7 -4 154
+3 * 154
+3 * 154
+4 * 154
+3 * 154
+2 +4 154
+5 * 154
+3 * 154
+4 * 154 0 0 16 0 0 1
+3 -2 154
+3 * 154 0 0 0 0 0 0 0 0 154
+6 +10 154
+5 * 154 154
+7 * 154
+2 * 154
+3 * 154 0 154
cfi=(325)
cfn=(1310)
calls=154 0x54580 28 
* * 2464 308 154 0 0 0 0 0 0 462 156
+5 +4 154
+3 * 154 0 0 0 0 0 0 0 0 154 2
+13 +15 154 154
+6 * 154
+3 * 154
+3 * 154
+3 * 154 154 0 139 0 0 1
+7 * 154
+2 * 154 0 154
cfn=(1312) round_and_return
calls=154 0x49440 215 
* * 14938 2002 1232 0 0 0 0 0 0 1694 2
+5 * 154
0x4b74a 1474 261873 261873 0 1 0 0 1
+7 * 261873
+2 * 261873
+3 * 261873 0 261873
+7 * 261873
+3 * 261873 0 261873
cfi=(325)
cfn=(1310)
calls=261873 0x54580 28 
* * 4189968 523746 261873 2 0 0 2 0 0 785619 4
+5 +1 261873 261873
+7 * 261873 261873
+7 * 261873
+3 * 261873
+3 * 261873 0 261873
cfi=(325)
cfn=(1310)
calls=261873 0x54580 28 
* * 4189968 523746 261873 0 0 0 0 0 0 785619 3
+5 +1 261873 261873 0 1 0 0 1
+7 * 261873
+3 * 261873 0 0 0 0 0 0 0 0 261873 2
0x4b854 1637 261873 261873 0 1 0 0 1
+6 * 261873 261873
+7 * 261873
+3 * 261873 261873
+7 * 261873 0 261873
cfn=(1312)
calls=261873 0x49440 215 
* * 24497437 3924449 2225668 197 1 0 10 1 0 2752555 131913
+5 * 261873
0x4b9a9 1496 261873 261873 0 1 0 0 1
+7 +1 261873 261873
+7 +1 261873
+4 * 261873 0 0 1 0 0 1 0 0 261873
+6 * 261873
+3 * 261873 0 0 0 0 0 0 0 0 261873
+6 +4 261873
+3 * 261873
+2 * 261873
+3 * 261873
+3 * 261873
+3 +38 261873
+2 * 261873 0 0 0 0 0 0 0 0 261873 2
+75 +4 261873 0 0 1 0 0 1
+3 * 261873
+3 * 261873
+4 * 261873
+4 * 261873
+13 -4 261873 0 0 1 0 0 1
+3 * 261873 0 0 0 0 0 0 0 0 261873 2
+14 * 261873
+3 * 261873
+4 * 261873
+3 * 261873
+4 * 261873
+3 * 261873
+3 * 261873
+3 * 261873 0 0 0 0 0 0 0 0 261873
+2 * 261873
+3 * 261873
+3 +5 261873
+6 -5 261873
+2 +5 261873
+3 * 261873 0 0 1 0 0 1
+7 -5 261873
+2 * 261873 0 261873
+7 +4 261873
+3 -4 261873
+3 * 261873 0 261873
+7 +2 261873
0x4bb53 1393 261873 0 0 512 0 0 1
+2 +5 261873
+2 * 261873 0 0 0 0 0 0 0 0 261873
+6 * 261873
+7 * 261873
+2 * 261873 0 261873
+7 * 261873
+66 1145 236006 0 236006 194 0 0 1
fi=(322)
+7 29 236006
+3 * 236006
+5 * 236006 236006 0 512 0 0 1
fe=(321)
+7 1448 236006
fi=(322)
+8 29 236006 236006 236006 0 0 0 0 0 0 0 0 236006 512
cfi=(282)
cfn=(1298)
calls=236006 0x16dd50 249 
* * 4720120 708018 472012 0 0 0 0 0 0 944024 4
+6 * 236006 236006
+7 * 236006
fe=(321)

fn=(1308)
0x49890 367 262027 0 262027 1 0 0 1
+1 * 262027
+3 * 262027 0 262027
+2 * 262027
+3 +9 262027
+2 -9 262027 0 262027
+2 * 262027
+3 * 262027 0 262027
+2 * 262027
+3 * 262027 0 262027
+2 * 262027
+3 * 262027 0 262027
+1 +10 262027
+2 -10 262027
+4 * 262027 0 262027
+4 * 262027 262027
+4 * 262027
+7 +61 728958 0 0 1 0 0 1
+4 +1 728958
+3 * 728958
+5 -14 728958 728958
+5 * 728958
+3 * 728958
+3 * 728958 0 0 0 0 0 0 0 0 728958 214693
+2 +3 235584
+3 * 235584 0 0 0 0 0 0 0 0 235584 4
+11 +7 235584
+3 +3 235584 235584
+5 * 235584
+4 * 235584
+4 +3 235584
+4 * 235584 0 0 0 0 0 0 0 0 235584 2503
-12 -3 493374
+4 * 493374
+4 +3 493374
+4 * 493374 0 0 0 0 0 0 0 0 493374 25610
+6 -47 728958 0 0 1 0 0 1
+3 * 728958 0 0 0 0 0 0 0 0 728958 6
0x49a20 +49 262027 262027 0 1 0 0 1
+4 * 262027 262027
+3 * 262027
+3 * 262027 0 0 0 0 0 0 0 0 262027 233658
+16 +7 262027 0 0 1 0 0 1
+7 * 262027
+3 * 262027 262027 0 0 1 0 0 1
+4 +2 262027 262027
+3 * 262027
+3 * 262027 0 0 0 0 0 0 0 0 262027
+2 +2 262027 0 262027
+3 +1 262027 0 262027
+7 +15 262027
+4 * 262027
+3 * 262027 262027
+1 * 262027 262027
+2 * 262027 262027
+2 * 262027 262027
+2 * 262027 262027
+2 * 262027 262027
+1 * 262027 262027

fn=(1312)
0x49440 215 262027 0 262027 1 0 0 1
+1 * 262027
+3 * 262027 0 262027
+2 * 262027
+3 * 262027 0 262027
+2 * 262027 0 262027
+2 * 262027
+3 * 262027 0 262027
+1 * 262027
+3 * 262027
+4 * 262027 262027
+9 * 262027 0 262027
+4 * 262027
fi=(326) /usr/src/debug/glibc/glibc/stdlib/../sysdeps/generic/get-rounding-mode.h
+3 94 262027 0 262027
+3 +1 262027 262027
+4 * 262027
+4 * 262027
+4 * 262027 0 0 0 0 0 0 0 0 262027
+6 * 262027 0 0 1 0 0 1 0 0 262027
+6 * 262027
+3 * 262027
+3 * 262027
+4 * 262027
fe=(321)
+4 218 262027
+7 * 262027 0 0 0 0 0 0 0 0 262027 3
0x4959d +97 262027 0 0 1 0 0 1
+7 * 262027 0 0 0 0 0 0 0 0 262027
+6 +3 262027
+3 * 262027
+3 -93 262027
+3 +93 262027
+3 * 262027
+4 +3 262027
+3 * 262027 0 0 1 0 0 1 0 0 262027 1837
+6 * 1977
+7 * 1977
+2 * 1977
+3 * 1977
+3 * 1977
+3 +2 1977 1977
+3 -2 1977
+3 +1 1977
+4 * 1977
+3 -1 1977
+3 * 1977
+4 +1 1977
+3 * 1977
+3 -1 1977
+3 +1 1977
+3 * 1977 0 1977
cfi=(327)
cfn=(1316)
calls=1977 0x49400 46 
* * 23724 1977 0 0 0 0 0 0 0 3954
+5 * 1977
+2 * 1977 0 0 0 0 0 0 0 0 1977
+6 +35 132661 0 0 1 0 0 1
+2 -5 132661
+3 * 132661 0 0 0 0 0 0 0 0 132661 2
+6 * 1977
+3 * 1977 0 0 0 0 0 0 0 0 1977
+6 +5 262027 262027
+4 * 262027 262027
+9 * 262027 0 0 0 0 0 0 0 0 262027 2
+6 +1 262027
+4 -1 262027
+3 * 262027
+3 +1 262027 262027
+1 * 262027 262027
+2 * 262027 262027
+2 * 262027 262027
+2 * 262027 262027
+1 -1 262027
cfi=(329)
cfn=(1320)
calls=262027 0x55b80 29 
* * 4192432 524054 0 173 0 0 1
+53 -34 260050 260050 0 16 0 0 1
+3 -1 260050
+4 * 260050
+3 * 260050
+5 * 260050 0 0 1 0 0 1
+3 * 260050
+3 * 260050
+3 * 260050 0 260050
cfi=(327)
cfn=(1316)
calls=260050 0x49400 46 
* * 3120600 260050 0 1 0 0 1 0 0 520100
+5 +35 260050
+2 -35 260050
+3 * 260050
+2 * 260050 0 0 0 0 0 0 0 0 260050 130069
fi=(328) /usr/src/debug/glibc/glibc/stdlib/../stdlib/gmp.h
+2 453 130684
fe=(321)
+4 330 130684
fi=(328)
+5 454 130684 0 130684
fe=(321)
+3 330 130684 0 0 0 0 0 0 0 0 130684
+2 +10 130684
+7 * 130684 0 0 0 0 0 0 0 0 130684 2
+37 +14 260050 260050 0 1 1 0 1 1
+8 * 260050 260050
+8 +1 260050

fl=(114) /usr/src/debug/glibc/glibc/string/../sysdeps/x86_64/multiarch/strcmp.c
fn=(386) strcmp
0xad180 79 2 0 0 1 0 0 1
+4 -32 2 2 0 0 1
+7 +1 2 2 0 0 1
+6 +1 2 2 0 0 1
+6 -1 2
+2 * 2
+5 * 2 0 0 0 0 0 0 0 0 2 2
+50 +1 2 0 0 1 0 0 1
+3 * 2 0 0 0 0 0 0 0 0 2
+2 +4 2 2
+6 * 2
+2 * 2
+5 * 2 0 0 0 0 0 0 0 0 2 1
+2 +3 2
+7 * 2 2
+7 * 2 0 0 0 0 0 0 0 0 2
+2 +3 2
+7 * 2
+3 * 2 0 0 0 0 0 0 0 0 2
+2 +20 2 2 0 1 0 0 1

fl=(261)
fn=(928)
0x10f7b0 36 37 0 0 2 0 0 1
fi=(399) /usr/src/debug/glibc/glibc/misc/../sysdeps/unix/sysv/linux/brk_call.h
+4 -12 37
+5 * 37
fe=(261)
+2 +13 37 37 0 3 0 0 1
+7 * 37 0 37
+3 +1 37
+3 * 37 0 0 0 0 0 0 0 0 37
+2 +6 37
+2 +1 37 37

fl=(94) /usr/src/debug/glibc/glibc/wcsmbs/../sysdeps/x86_64/multiarch/wmemcmp.c
fn=(332) wmemcmp
0xd0c60 29 2 0 0 1 0 0 1
fi=(95) /usr/src/debug/glibc/glibc/wcsmbs/../sysdeps/x86_64/multiarch/ifunc-memcmp.h
+4 +5 2 2
+7 * 2
+7 * 2 2
+6 * 2
+2 * 2
+2 * 2 0 0 1 0 0 1
+6 * 2 0 0 0 0 0 0 0 0 2 2
fe=(94)
+2 -5 2
+3 * 2 2
fi=(95)
+9 +6 2 2
+7 * 2 0 0 0 0 0 0 0 0 2
+2 +2 2 2
+6 * 2
+3 * 2 0 0 0 0 0 0 0 0 2
+2 +4 2
+6 * 2 0 0 0 0 0 0 0 0 2 1
+2 +3 2
+7 * 2
+3 * 2 0 0 0 0 0 0 0 0 2
+2 +3 2
+3 * 2 0 0 1 0 0 1
+7 * 2
+7 * 2
+4 * 2
fe=(94)

fl=(97) /usr/src/debug/glibc/glibc/wcsmbs/../sysdeps/x86_64/multiarch/wmemset.c
fn=(340) wmemset
0xd0d10 31 3 0 0 1 0 0 1
fi=(98) /usr/src/debug/glibc/glibc/wcsmbs/../sysdeps/x86_64/multiarch/ifunc-wmemset.h
+4 +5 3 3
+7 * 3
+7 * 3 3
+6 * 3
+3 * 3 0 0 0 0 0 0 0 0 3
+2 +1 3 3
+6 * 3
+3 * 3 0 0 0 0 0 0 0 0 3 3
fe=(97)
+39 -6 3 3 0 1 0 0 1

fl=(268)
fn=(978)
0x276a0 242 1 0 0 1 0 0 1
+4 * 1 0 1
+1 * 1
+3 * 1 0 1
+2 * 1 0 1
+2 * 1
+3 * 1 0 1
+2 * 1
+3 * 1 0 1
+2 * 1
+3 * 1 0 1
+1 * 1
+4 * 1 0 1 1 0 0 1
+4 +69 1
+3 * 1 0 0 0 0 0 0 0 0 1
+2 +1 1
+2 * 1
+2 * 1
+3 * 1 0 1
cfi=(247)
cfn=(880)
calls=1 0x404f0 67 
* * 76 13 15 0 0 1 0 0 1 10 2
+5 +25 1 1
+7 * 1 1
+2 * 1
+2 * 1 0 1
+3 * 1
+3 * 1 0 0 0 0 0 0 0 0 1
+6 +6 1 1
+7 * 1 1
+3 -3 1
+3 * 1 0 0 0 0 0 0 0 0 1 1
+18 +10 1 1
+3 * 1 1 1 0 0 0 0 0 0 0 0 1 1
cob=(1)
cfi=(49) /usr/src/debug/glibc/glibc/elf/dl-audit.c
cfn=(990) _dl_audit_preinit
calls=1 0x19d10 118 
* * 5 2 0 1 1 0 1 0 0 1
+6 +2 1
+2 * 1 0 0 0 0 0 0 0 0 1 1
+6 +8 1 1
+4 * 1
+3 * 1
+3 * 1 0 1
cfi=(269) /usr/src/debug/glibc/glibc/csu/../sysdeps/nptl/libc_start_call_main.h
cfn=(992) (below main)
calls=1 0x27600 29 
* * 1066438384 293139801 129731432 18752 8585668 116117 871 190 115039 144067987 2695529 9702544 530037
+5 128 1 1 0 1 0 0 1
+7 * 1 1 0 0 1
+3 +6 1 1 0 0 1
+7 * 1
+3 * 1 0 0 0 0 0 0 0 0 1
+2 +1 1 0 1 1 0 0 1
+4 * 1 1 0 0 1
+4 * 1
+3 * 1
+3 * 1 1
+3 * 1 0 1 0 0 0 0 0 0 0 0 1 1
cob=(4)
cfi=(191)
cfn=(980) 0x0000000004002000
calls=1 0x4002000 0 
* * 7 2 0 1 1 0 1 0 0 1 1
+2 * 1 1
+4 +3 1 1 0 0 1
+7 +1 1
+3 * 1 0 0 0 0 0 0 0 0 1
+2 +3 1 1
+7 * 1 1 0 0 1
+4 * 1
+4 +2 1
+2 * 1 0 0 0 0 0 0 0 0 1
+2 -1 1 1
+3 * 1 1
+4 * 1
+3 * 1 0 0 1 0 0 1
+4 * 1
+4 * 1 0 1
+4 * 1
+13 +2 1 0 1
+4 * 1
+3 * 1
+3 * 1 1 1 0 1 0 0 0 0 0 0 1 1
cob=(8)
cfi=(267)
cfn=(984)
calls=1 0x2b50 0 
* * 12 1 0 2 0 0 2 0 0 1 1
+2 -1 1
+3 * 1 1
+4 * 1 0 0 0 0 0 0 0 0 1
+2 * 1

fl=(293)
fn=(1098)
0x931e0 74 525 0 0 1 0 0 1
+4 * 525 0 525
+1 * 525
+3 +1 525
+4 * 525 525 525
+3 * 525 0 525 0 0 1
cfn=(1100) __internal_syscall_cancel
calls=525 0x93150 -45 
* * 6825 3150 525 1 9 0 1 0 0 525 2
+5 +4 525 525
+1 * 525 525
+1 * 525
+6 * 525 0 0 0 0 0 0 0 0 525
+2 +1 525 525
+1 * 525 525

fn=(1100)
0x93150 30 525 0 0 1 0 0 1
+4 * 525 0 525
+1 * 525
+3 * 525
+3 * 525
+4 +7 525 525
+9 * 525 525 0 0 9
+7 +1 525 525
+7 * 525 0 0 0 0 0 0 0 0 525 2
+82 +2 525 525
+4 * 525
+2 +24 525 525
+1 * 525 525

fl=(185)
fn=(626)
0x42080 238 1 0 0 1 0 0 1
+4 * 1 0 1
+1 * 1
+3 * 1
+4 * 1 1
+9 * 1 0 1
+4 * 1
+2 +3 1
+3 * 1 0 0 0 0 0 0 0 0 1
+2 * 1 1
+7 * 1 1 0 0 1
+7 * 1
+3 * 1 0 0 0 0 0 0 0 0 1 1
+26 +37 1 1 0 1 0 0 1
+4 * 1 1
+9 * 1 0 0 0 0 0 0 0 0 1
+2 * 1 1
+1 * 1 1

fl=(105) /usr/src/debug/glibc/glibc/debug/../sysdeps/x86_64/multiarch/mempcpy_chk.c
fn=(364) __mempcpy_chk
0x126d90 29 1 0 0 1 0 0 1
fi=(93)
+4 +27 1 1
+7 * 1
+7 * 1 1
+6 +1 1
+3 * 1 0 0 0 0 0 0 0 0 1 1
+5 +3 1 1
+6 * 1
+6 * 1 0 0 0 0 0 0 0 0 1 1
+52 +14 1 0 0 1 0 0 1
+3 * 1 0 0 0 0 0 0 0 0 1 1
+53 +3 1 0 0 1 0 0 1
+2 * 1 0 0 0 0 0 0 0 0 1
+2 +8 1
+6 * 1 0 0 0 0 0 0 0 0 1
+2 +8 1
+3 * 1 0 0 0 0 0 0 0 0 1
+2 +3 1
+6 * 1 0 0 1 0 0 1
+7 * 1
+7 * 1
+4 * 1 1
fe=(105)

fl=(210) /usr/src/debug/glibc/glibc/nptl/cleanup_compat.c
fn=(732) _pthread_cleanup_push@@GLIBC_2.34
0x93270 25 1 0 0 1 0 0 1
+4 +3 1 0 1
+3 +1 1 0 1
+4 +1 1 1 0 1 1 0 1
+9 * 1 0 1
+4 +2 1 0 1
+9 +1 1 1

fn=(740) _pthread_cleanup_pop@@GLIBC_2.34
0x932a0 40 1
+4 +3 1 1
+4 * 1 0 1
+9 +4 1
+2 * 1 0 0 0 0 0 0 0 0 1 1
+21 +2 1 1 0 1 0 0 1

fl=(82) /usr/src/debug/glibc/glibc/string/../sysdeps/x86/cacheinfo.c
fn=(308) __x86_cacheinfo
0xc0750 86 1 0 0 1 0 0 1
fi=(83) /usr/src/debug/glibc/glibc/string/../sysdeps/x86/cacheinfo.h
+4 -24 1 1
+7 +3 1 1 0 0 1
+7 * 1
+7 * 1 0 0 0 0 0 0 0 0 1
+2 +2 1
+3 +1 1 0 1 0 0 1 0 0 1
+7 -1 1
+3 * 1 0 1
+7 +7 1 1 0 1 0 0 1
+7 * 1
+7 * 1 0 0 0 0 0 0 0 0 1
+2 +2 1
+3 +1 1 0 1
+7 -1 1
+3 * 1 0 1
+7 +5 1 1
+7 * 1 0 1 0 0 1 0 0 1
+7 +3 1 1
+7 * 1 0 1
+7 +2 1 1 0 1 1 0 1
+7 * 1 0 1
+7 +1 1 1
+7 * 1 0 1
+7 +1 1 1
+7 * 1 0 1
+7 +2 1 1
+7 * 1 0 0 0 0 0 0 0 0 1 1
fe=(82)
+9 -4 1
+2 * 1 1

fl=(135) /usr/src/debug/glibc/glibc/string/../sysdeps/x86_64/multiarch/strlen.c
fn=(446) strlen
0xaed40 29 5 0 0 2 0 0 1
fi=(112)
+4 +9 5 5 0 0 1
+7 * 5
+7 * 5 5 0 0 2
+6 +2 5
+2 * 5
+2 * 5
+6 * 5 0 0 0 0 0 0 0 0 5 3
+6 +1 5 5 0 0 2
+7 * 5 0 0 0 0 0 0 0 0 5
+2 +1 5 5 0 0 1
+6 * 5
+6 * 5 0 0 0 0 0 0 0 0 5
+2 +4 5 0 0 2 0 0 1
+2 * 5
+2 * 5
+6 * 5 0 0 0 0 0 0 0 0 5
+2 +3 5
+7 * 5
+3 * 5 0 0 0 0 0 0 0 0 5
+2 +3 5
+6 * 5
+7 * 5
+7 * 5
+4 * 5 5
fe=(135)

fl=(232)
fn=(794)
0x170b00 52 393031 0 0 514 0 0 1
+4 +13 393031
+2 +1 393031
+3 +1 393031
+4 +3 393031
+5 +2 393031
+5 +1 393031 0 0 0 0 0 0 0 0 393031 2
+6 +3 393031 393031 0 0 8 0 0 7
+4 +1 393031
+4 +8 393031
+2 +1 393031 0 0 0 0 0 0 0 0 393031 3
+2 +1 393031
+4 +5 393031
+3 * 393031 393031

fl=(209)
fn=(728)
0x9bf10 136 392974 0 0 3 0 0 1
+4 +3 392974 392974 0 0 3 0 0 1
+2 +1 392974
+2 * 392974 0 0 0 0 0 0 0 0 392974 1
+2 +4 392973
+2 * 392973 392973
+4 -8 1 0 1
+1 * 1
+3 +7 1 0 1
cfn=(730) __pthread_once_slow.isra.0
calls=1 0x9bdc0 -76 
* * 127 33 33 16 4 3 16 1 0 14 8 3 3
+5 +1 1
+2 * 1 1
+1 * 1 1

fn=(730)
0x9bdc0 67 1 0 1 1 0 0 1
+1 * 1
+3 * 1
+3 * 1 0 1
+2 * 1 0 1
+1 * 1
+4 * 1 1
+9 * 1 0 1
+4 * 1
+3 +9 1 1
+3 +4 1
+2 * 1 0 0 0 0 0 0 0 0 1 1
+2 +52 1 1
+4 * 1 1
+9 * 1 0 0 0 0 0 0 0 0 1
+6 * 1
+4 * 1 1
+1 * 1 1
+2 * 1 1
+1 * 1 1
+8 -44 1 1 0 1 1 0 1 1
+6 * 1
+3 +4 1 0 1
+5 * 1 0 0 0 0 0 0 0 0 1
+2 +9 1
+2 * 1 0 0 0 0 0 0 0 0 1 1
+78 +13 1 0 0 1 0 0 1
+4 * 1
+4 * 1
+4 * 1 0 1 0 0 1
+4 * 1
+7 * 1 0 0 1 0 0 1
+7 * 1 0 1
+7 * 1 0 1
+4 * 1 0 1
+4 * 1 0 1
+4 * 1 0 1
+7 * 1 0 1
+4 * 1 0 1
+4 * 1 0 1 0 0 1
cfi=(210)
cfn=(732)
calls=1 0x93270 -89 
* * 7 2 4 2 1 0 2
+5 +2 1 1
+4 * 1 0 1 0 0 0 0 0 0 0 0 1 1
cob=(7)
cfi=(207)
cfn=(734)
calls=1 0xc7bc0 +92 
* * 59 18 11 8 2 1 8 0 0 8 4 2 2
+3 +2 1
+2 * 1
+4 * 1 0 1
cfi=(210)
cfn=(740)
calls=1 0x932a0 -78 
* * 6 2 1 1 0 0 1 0 0 1 1
fi=(213) /usr/src/debug/glibc/glibc/nptl/../sysdeps/nptl/futex-internal.h
+5 +91 1 0 0 1 0 0 1
+3 * 1
+5 * 1
+5 * 1
fe=(209)
+5 -85 1 1
+4 * 1 0 1
fi=(213)
+7 +85 1
+3 * 1
+2 * 1
+6 * 1 0 0 0 0 0 0 0 0 1 1
fe=(209)

fl=(127) /usr/src/debug/glibc/glibc/string/../sysdeps/x86_64/multiarch/strcspn.c
fn=(422) strcspn
0xae260 29 1 0 0 1 0 0 1
fi=(392)
+4 +7 1 1
+7 * 1
+7 * 1 1
+7 * 1
+7 * 1 0 0 1 0 0 1
fe=(127)
+4 -7 1 1

fl=(194)
fn=(668)
0x11a6e0 30 1 0 0 1 0 0 1
+4 +1 1
+3 * 1 0 0 0 0 0 0 0 0 1
+2 * 1 1
+3 * 1
+3 * 1 0 0 0 0 0 0 0 0 1
+2 -1 1 0 1
+1 +3 1
+3 -3 1
+3 * 1
+4 * 1 0 1
+4 +3 1 0 0 1 0 0 1
+5 * 1 0 1
+4 * 1 0 1
cob=(4)
cfi=(191)
cfn=(670) 0x0000000004c72320
calls=1 0x4c72320 -33 
* * 24 3 0 3 2 0 3 1 0 3 1 1 1
+5 +4 1 1
+4 +1 1 1
+4 -1 1
+4 * 1
+3 * 1 1
+7 * 1
+4 * 1 0 1 0 0 1
+3 +1 1 1
+7 * 1 1
+3 * 1 0 1
+3 +2 1 1
+1 * 1 1

fl=(366)
fn=(1616)
0x10e520 25 1 0 0 1 0 0 1
+4 * 1 0 1
+1 +1 1
+3 * 1
+3 * 1
+3 * 1
+2 -1 1
+3 +1 1
+4 * 1 0 1
+2 * 1 0 1
cfi=(293)
cfn=(1098)
calls=1 0x931e0 +48 
* * 25 11 4 0 0 0 0 0 0 2
+5 +1 1 1
+1 * 1 1

fl=(128) /usr/src/debug/glibc/glibc/wcsmbs/../sysdeps/x86_64/multiarch/wcscpy.c
fn=(424) wcscpy
0xc38e0 60 1 0 0 1 0 0 1
+4 -18 1 1
+7 * 1 1
+6 +1 1
+2 * 1
+2 * 1
+6 * 1 0 0 0 0 0 0 0 0 1 1
+37 +1 1 1 0 1 0 0 1
+6 * 1
+3 * 1 0 0 0 0 0 0 0 0 1
+2 +3 1
+2 * 1
+5 * 1 0 0 0 0 0 0 0 0 1
+2 +3 1
+7 * 1
+3 * 1 0 0 0 0 0 0 0 0 1
+2 +10 1 1 0 1 0 0 1

fl=(225)
fn=(776)
0x35c40 30 261634 0 0 2 0 0 1
+4 +1 261634 261634 0 0 1
+7 * 261634
+7 * 261634 261634 0 0 1
+4 +2 261634
+3 * 261634 0 0 0 0 0 0 0 0 261634 3
+2 +3 261634
+4 -1 261634
+4 +2 261634 0 261634
+4 +28 261634 261634 0 0 1
+7 * 261634 261634 0 0 3
+4 * 261634 0 261634
+4 +1 261634 261634
+7 * 261634 261634 0 2 0 0 1
+4 * 261634 0 261634
+4 +1 261634 261634
+7 * 261634 261634
+4 * 261634 0 261634
+4 +3 261634
+3 * 261634
+7 * 261634
+4 +1 261634 261634

fl=(256)
fn=(908)
0x41b00 25 1 0 0 1 0 0 1
+4 * 1 0 1
+1 * 1
+3 * 1 0 1
+2 * 1 0 1
+2 * 1
+3 * 1 0 1
+2 * 1 0 1
+2 * 1 0 1
+1 * 1
+4 +4 1 1
+7 +13 1 1
+7 * 1 1
+3 +1 1
+3 * 1 0 0 0 0 0 0 0 0 1
+6 * 1 1 0 0 1 0 0 1
+4 * 1 0 0 0 0 0 0 0 0 1
+6 +3 1
+3 * 1 0 1 1 0 0 1
cob=(4)
cfi=(191)
cfn=(792)
calls=1 0x4c72240 -46 
* * 16 3 0 0 0 0 0 0 0 2 0 1
+5 * 1
+3 +1 1
+25 * 75
+4 +2 75 75 0 0 10
+4 +1 75
+3 * 75 0 0 0 0 0 0 0 0 75 1
-7 -1 1 1
+4 +1 1
+3 * 1 0 0 0 0 0 0 0 0 1
+2 +5 75 75 0 0 35
+3 * 75 75
+3 * 75 0 0 0 0 0 0 0 0 75 13
+2 +1 2
+3 * 2
+3 * 2
+3 * 2 0 2 1 0 0 1
cob=(4)
cfi=(191)
cfn=(910) 0x0000000004c722e0
calls=2 0x4c722e0 -56 
* * 54 12 0 3 2 0 3 0 0 8 2 2 1
+5 * 2
+2 * 2 0 0 0 0 0 0 0 0 2 2
+35 +13 1 1
+7 * 1
+3 * 1 0 0 0 0 0 0 0 0 1
+6 +85 1
+4 44 1
+2 154 1 1
+1 * 1 1 0 1 0 0 1
+2 * 1 1
+2 * 1 1
+2 * 1 1
+2 * 1 1
+1 * 1 1

fl=(269)
fn=(992)
0x27600 29 1 0 1 1 0 0 1
+1 * 1
+3 * 1
+7 * 1 0 1
+4 * 1 0 1
+3 * 1 0 1
+7 +15 1 1
+9 * 1 0 1
+4 * 1
+4 * 1 0 1
cfi=(270)
cfn=(994)
calls=1 0x3e140 -16 
* * 31 6 9 4 1 0 4 0 0 2 1
+5 * 1
+4 +2 1
+2 * 1 0 0 0 0 0 0 0 0 1
+2 +5 1 1 0 0 1
+9 * 1 0 1 1 0 0 1
+4 +1 1 1
+9 * 1 0 1
+4 +3 1
+4 * 1 0 1
+9 +3 1 1
+7 * 1 1
+7 * 1 1
+3 * 1 1
+3 * 1 1 1 0 0 0 0 0 0 0 0 1 1
cob=(8)
cfi=(273)
cfn=(1000)
calls=1 0x2780 -47 
* * 1066434428 293138517 129730762 18588 8585524 116098 742 185 115037 144067303 2695346 9702465 529989
+3 +16 1 0 0 1
+2 * 1 0 1
cfi=(367)
cfn=(1622)
calls=1 0x40d70 +73 
* * 3899 1270 650 157 142 19 123 5 2 681 182 78 47

ob=(1)
fl=(175) /usr/src/debug/glibc/glibc/elf/../sysdeps/nptl/dl-mutex.c
fn=(598) __rtld_mutex_init
0x1cb70 30 1 0 0 1 0 0 1
+4 * 1 0 1
+1 +10 1
+6 * 1 0 0 1 0 0 1
+7 * 1
+5 * 1
+7 -10 1
+3 * 1 0 1
+2 * 1 0 1
+1 +7 1 1
+7 +3 1
+3 * 1 0 1
cfi=(176) /usr/src/debug/glibc/glibc/elf/dl-lookup-direct.c
cfn=(600) _dl_lookup_direct
calls=1 0xc480 +34 
* * 246 54 19 7 9 0 7 3 0 26 13 2 2
+5 +4 1
+3 * 1 0 0 0 0 0 0 0 0 1
+6 +1 1
+3 * 1
+3 * 1
+4 * 1 1
+5 * 1 0 0 0 0 0 0 0 0 1
+2 * 1
+3 * 1 0 0 1 0 0 1 0 0 1
+2 * 1 1
+3 * 1 1
+4 +2 1
+6 * 1
+5 * 1
+3 * 1
+7 * 1
+7 -2 1 0 1
+7 +2 1 0 1
cfi=(176)
cfn=(600)
calls=1 0xc480 +27 
* * 224 53 19 0 5 0 0 0 0 22 8 2 2
+5 * 1
+3 +4 1
+3 * 1 0 0 0 0 0 0 0 0 1
+6 +1 1 1 0 1 0 0 1
+5 * 1 0 0 0 0 0 0 0 0 1
+2 * 1
+3 * 1 0 0 0 0 0 0 0 0 1 1
+2 * 1 1
+3 * 1 1
+4 +1 1 1
+1 * 1 1
+2 -1 1 0 1
+7 +1 1 1
+1 * 1 1

fl=(2) /usr/src/debug/glibc/glibc/elf/rtld.c
fn=(2) _dl_start
0x1f690 520 1 0 0 1 0 0 1
+4 * 1 0 1
+1 * 1
+3 * 1 0 1
+2 * 1 0 1
+2 * 1 0 1
+2 * 1 0 1
+2 * 1 0 1
+1 * 1
+4 * 1 0 1 0 0 1 0 0 1
+4 84 1
fi=(6) /usr/src/debug/glibc/glibc/elf/../sysdeps/x86_64/dl-machine.h
+2 -29 1
fe=(2)
+7 550 1 0 1 0 0 1 0 0 1
+7 -4 1 0 1 0 0 1 0 0 1
+7 84 1 0 0 1 0 0 1
+4 * 1
+3 * 1 0 1 0 0 1 0 0 1
+7 549 1
+7 * 1 0 1
fi=(3) /usr/src/debug/glibc/glibc/elf/./get-dynamic-info.h
+7 45 1 1 0 0 1 0 0 1
+7 * 1
+3 * 1 0 0 0 0 0 0 0 0 1
+6 * 1
+7 +23 1
+7 * 1
+12 * 17 0 17 0 0 7 0 0 7
+4 -23 17 17 0 0 4 0 0 4
+4 * 17
+4 * 17
+3 * 17 0 0 0 0 0 0 0 0 17 1
+2 +4 17 0 0 1 0 0 1
+4 * 17 0 0 0 0 0 0 0 0 17 10
+2 +3 5
+7 -1 5
+4 * 5 0 0 0 0 0 0 0 0 5
+2 +3 5
+5 * 5
+3 * 5
+4 * 5 0 0 0 0 0 0 0 0 5 1
+2 +1 4
+5 * 4
+3 * 4
+3 * 4
+5 +1 1 0 0 1 0 0 1
+3 * 1
+3 * 1
+3 * 1
+3 * 1 0 0 0 0 0 0 0 0 1 1
fi=(4) /usr/src/debug/glibc/glibc/elf/../sysdeps/generic/ldsodefs.h
+20 +23 1 1
fi=(3)
+7 +31 1 1 0 0 1 0 0 1
+7 -38 1
+2 * 1
+3 * 1 0 0 1 0 0 1 0 0 1
+6 +12 1 1
+7 * 1
+3 * 1 0 0 0 0 0 0 0 0 1 1
+6 +1 1 1 0 0 1 0 0 1
+7 * 1
+3 * 1 0 0 0 0 0 0 0 0 1 1
+6 +1 1 1
+7 * 1
+3 * 1 0 0 0 0 0 0 0 0 1
+2 * 1 0 1
+4 +1 1 1
+7 * 1
+3 * 1 0 0 0 0 0 0 0 0 1
+2 * 1 0 1 1 0 0 1
+4 +1 1 1
+7 * 1
+3 * 1
+3 * 1 0 0 0 0 0 0 0 0 1
+2 * 1 0 1
+4 +1 1 1
+7 * 1
+3 * 1 0 0 0 0 0 0 0 0 1 1
+6 +1 1 1
+7 * 1
+3 * 1 0 0 0 0 0 0 0 0 1
+2 * 1 0 1
+4 +1 1 1
+7 * 1
+3 * 1 0 0 0 0 0 0 0 0 1
+2 * 1 0 1 1 0 0 1
+4 +12 1 1
+7 * 1
+3 * 1
+3 * 1 0 0 0 0 0 0 0 0 1
+6 * 1 1
+4 * 1
+3 * 1 0 0 0 0 0 0 0 0 1 1
+6 +7 1
+3 * 1 0 0 0 0 0 0 0 0 1 1
+16 +13 1 1
+7 * 1 1 0 1 0 0 1
+5 * 1 0 0 0 0 0 0 0 0 1
+6 +6 1 1
+7 * 1
+3 * 1 0 0 0 0 0 0 0 0 1
+2 +1 1 1
+7 * 1 1
+5 * 1 0 0 0 0 0 0 0 0 1
+6 +3 1 1
+8 * 1 0 0 0 0 0 0 0 0 1
+6 +1 1 1
+7 * 1
+3 * 1 0 0 1 0 0 1 0 0 1
+6 +5 1 1
+7 * 1
+3 * 1 0 0 0 0 0 0 0 0 1
+2 * 1 1
+5 * 1 0 0 0 0 0 0 0 0 1
+6 +3 1 1
+7 * 1
+3 * 1 0 0 0 0 0 0 0 0 1
+2 * 1 1
+8 * 1 0 0 0 0 0 0 0 0 1
fe=(2)
+6 566 1
+3 * 1 0 0 0 0 0 0 0 0 1
+6 * 1 1 0 1 0 0 1
+4 * 1
+3 * 1
+4 * 1
+4 * 1 1
+7 * 1 1
+4 * 1
+3 * 1
+3 * 1 0 0 0 0 0 0 0 0 1 1
+33 * 2
+3 * 2
+4 * 2 0 2 0 0 2 0 0 2
+3 * 2
+4 * 2
+3 * 2 0 0 0 0 0 0 0 0 2
+6 * 5 5 0 1 2 0 1 2
+3 * 5
+2 * 5 0 0 0 0 0 0 0 0 5 2
+2 * 3
+3 * 3
+3 * 3 0 0 0 0 0 0 0 0 3 3
+28 * 13
+3 * 13
+4 * 13
+2 * 13 0 0 0 0 0 0 0 0 13
-2 * 3
+2 * 3 0 0 0 0 0 0 0 0 3
+2 * 16
+3 * 16
+4 * 16
+3 * 16
+11 * 16
+2 * 16 0 0 0 0 0 0 0 0 16 8
-2 * 9
+2 * 9 0 0 0 0 0 0 0 0 9 1
+2 * 12 0 12 0 0 4 0 0 4
+3 * 12
+3 * 12 0 0 0 0 0 0 0 0 12 3
+2 * 9
+4 * 9
fi=(3)
+8 59 1 0 0 1 0 0 1
+5 * 1
+3 * 1 0 0 1 0 0 1
+4 * 1 0 0 0 0 0 0 0 0 1 1
fe=(2)
+76 566 3 0 0 1 0 0 1
+4 * 3
+7 * 3
+3 * 3 0 0 0 0 0 0 0 0 3 2
+6 * 1 1
+7 * 1
fi=(4)
+4 79 1
fe=(2)
+2 566 1 1
+7 * 1
+2 * 1 0 1 0 0 1 0 0 1
fi=(4)
+4 79 1 0 0 1 0 0 1
+3 * 1
fe=(2)
+2 566 1 0 1
+4 * 1 0 1
+4 * 1 0 1
+4 * 1
+3 * 1 0 0 0 0 0 0 0 0 1
+2 * 1 1
+4 * 1
+2 * 1
+3 * 1 0 0 0 0 0 0 0 0 1
+2 * 1
+4 * 1
+3 * 1
+4 * 1 1
+7 * 1 1
+4 * 1
+5 * 1 1 0 1 0 0 1
+7 * 1
+5 * 1
+4 * 1 0 1
+4 * 1
+3 * 1 0 0 0 0 0 0 0 0 1 1
+10 * 1
+3 * 1 0 0 0 0 0 0 0 0 1 1
+90 * 1 0 0 1 0 0 1
+4 * 1 1 0 1 0 0 1
fi=(5) /usr/src/debug/glibc/glibc/elf/do-rel.h
+6 49 1 1
+5 +4 1
+3 -4 1
+4 -1 1
+5 +1 1
+4 +4 1 1
+7 * 1 1
+4 * 1
+4 * 1
+4 +3 1
+3 * 1 0 0 0 0 0 0 0 0 1 1
fe=(2)
-49 566 1 1
fi=(5)
+6 49 1 1
+5 +4 1
+3 -4 1
+4 -1 1
+5 +1 1
+4 +4 1 1
+7 * 1 1
+4 * 1
+4 * 1
+4 +3 1
+3 * 1 0 0 0 0 0 0 0 0 1 1
+54 -6 2 0 0 1 0 0 1
+4 * 2
+5 * 2
+4 * 2
+5 +11 2
+3 * 2 0 0 0 0 0 0 0 0 2 1
+2 * 1
+6 +2 1 1 0 1 0 0 1
fi=(6)
+4 273 1
+3 * 1
+3 * 1 0 0 0 0 0 0 0 0 1
fi=(5)
+2 63 1
+4 +2 1 1
+4 -1 1
+4 * 1
fi=(6)
+4 282 1
+2 * 1
+3 * 1 0 0 0 0 0 0 0 0 1
+2 * 1 1 0 0 1 0 0 1
+5 * 1 1
+5 * 1 1
+4 * 1
+4 * 1
+5 * 1 0 0 0 0 0 0 0 0 1
+2 * 1 1 0 1 0 0 1
+7 +4 1
+4 * 1 0 0 0 0 0 0 0 0 1 1
+8 +26 1
+4 * 1 0 0 0 0 0 0 0 0 1
+2 * 1
+4 * 1 0 0 0 0 0 0 0 0 1 1
fi=(5)
+13 61 1
+4 * 1
+3 * 1 0 0 0 0 0 0 0 0 1
fe=(2)
+2 566 2
+4 * 2
+4 * 2
+3 * 2 0 0 0 0 0 0 0 0 2 1
fi=(5)
+2 51 1 1 0 1 0 0 1
fi=(4)
+7 +28 1 1
+7 * 1
fe=(2)
+86 568 1 0 1 1 0 0 1
+7 455 1 0 1
cfi=(7) /usr/src/debug/glibc/glibc/elf/dl-minimal.c
cfn=(12) __rtld_malloc_init_stubs
calls=1 0x1c780 42 
* * 10 1 4 1 0 2 1 0 2
+5 +4 1
+7 * 1 1
+8 * 1
+5 * 1 0 0 1 0 0 1
+4 * 1 0 1
+7 84 1
+2 477 1
+7 84 1
+4 * 1
+3 * 1 0 1
+7 477 1 0 1
cfi=(8) /usr/src/debug/glibc/glibc/elf/dl-setup_hash.c
cfn=(14) _dl_setup_hash
calls=1 0x124f0 25 
* * 27 8 6 3 1 0 3 1 0 3
+5 +1 1
+7 +4 1
+7 +9 1 0 1
+7 -13 1 0 1 1 0 0 1
+7 +19 1
+7 -17 1 0 1 0 0 1 0 0 1
+7 +2 1 0 1
+7 +15 1 1
+4 * 1 0 1
cfi=(9) /usr/src/debug/glibc/glibc/elf/../sysdeps/unix/sysv/linux/dl-sysdep.c
cfn=(16) _dl_sysdep_start
calls=1 0x1e560 102 
* * 2660750 677181 252946 1062 16733 2639 1044 8551 1804 415187 16678 5479 1331
+5 * 1 0 0 1
+3 +2 1 1
+7 * 1 0 0 0 0 0 0 0 0 1
+6 +87 1
+4 * 1
+3 * 1 1 0 0 1
+1 * 1 1
+2 * 1 1
+2 * 1 1
+2 * 1 1 0 1
+2 * 1 1
+1 * 1 1
fi=(3)
+6 62 1 0 0 1 0 0 1
+5 * 1
+3 * 1
+4 * 1 0 0 0 0 0 0 0 0 1
+6 +2 1
+5 * 1
+3 * 1
+3 * 1
+49 +39 1 0 0 1 0 0 1
+3 * 1 0 1
+4 * 1
fe=(2)

fn=(158) do_preload
0x1ed60 788 1 0 1 1 0 0 1
+1 +12 1
+7 -12 1
+3 * 1 0 1
+2 * 1
+3 * 1 0 1
+2 +12 1
+4 * 1
+4 -12 1 0 1
+1 * 1
+3 * 1 0 0 1 0 0 1
+4 +6 1 0 1
+4 +6 1
+4 -2 1 1
+7 -3 1 0 1
+4 +5 1
+4 -10 1 0 1
+8 +6 1 0 1
+7 +4 1 0 1
cfi=(51) /usr/src/debug/glibc/glibc/elf/dl-catch.c
cfn=(160) _dl_catch_error
calls=1 0x2580 258 
* * 2659 584 325 107 37 38 107 37 38 454 157 9 3
+5 +1 1 1
+4 * 1
+3 * 1 0 0 0 0 0 0 0 0 1
+2 +8 1
+2 * 1 1
+7 * 1 0 0 1 0 0 1
+3 +6 1
+4 * 1 1
+1 * 1 1
+2 * 1 1
+2 * 1 1
+1 * 1 1

fn=(154) handle_preload_list
0x1fd70 853 1 0 0 1 0 0 1
+4 * 1 0 1
+1 * 1
+3 * 1 0 1
+2 * 1 0 1
+2 * 1 0 1
+2 * 1 0 1
+2 * 1 0 1 1 0 0 1
+1 * 1
+7 * 1 0 1 0 0 1 0 0 1
+5 * 1
+4 +5 1 1
+3 * 1 0 0 0 0 0 0 0 0 1
+6 * 1 0 1
+7 * 1
+3 * 1
+3 -4 1
+3 * 1
+13 +17 1
+3 182 1 1
+6 873 1 1
+3 * 1
+4 182 1
+2 * 1 0 0 0 0 0 0 0 0 1
+6 875 1 1
+7 * 1 0 0 0 0 0 0 0 0 1
+2 +1 1 1
+7 * 1
+3 * 1
+7 * 1 0 1
cfn=(158)
calls=1 0x1ed60 -88 
* * 2690 592 334 110 37 38 110 37 38 455 157 9 3
+5 * 1
+3 -18 1 1
+3 * 1 0 0 0 0 0 0 0 0 1 1
+2 +3 1 0 0 1 0 0 1
+7 * 1
+3 * 1 0 1 1 0 0 1
cfi=(50) /usr/src/debug/glibc/glibc/string/../string/strcspn.c
cfn=(156) strcspn
calls=1 0x27d00 32 
* * 238 111 20 6 2 4 6 2 4 22 12
+6 * 1
+3 +1 1
+4 * 1
+6 * 1 0 0 0 0 0 0 0 0 1
+2 +2 1
+3 * 1
+3 * 1
+7 * 1 0 1
cfi=(29) /usr/src/debug/glibc/glibc/string/../sysdeps/x86_64/multiarch/memmove-vec-unaligned-erms.S
cfn=(82) memcpy
calls=1 0x25cc0 210 
* * 19 5 4 1 0 1 1 0 1 4 2
+6 +1 1 0 1
+9 * 1
+10 +14 1 0 0 1 0 0 1
+7 * 1
+3 * 1 1
+1 * 1 1
+2 * 1 1
+2 * 1 1
+2 * 1 1
+2 * 1 1
+1 * 1 1

fn=(66) dl_main
0x1fe90 1357 1 0 0 1 0 0 1
+4 * 1 0 1
+1 196 1
+4 1357 1
+3 * 1 0 1
+2 * 1 0 1
+2 * 1 0 1
+2 * 1
+3 * 1 0 1
+2 * 1
+3 * 1 0 1
+1 * 1
+7 * 1 0 1 0 0 1 0 0 1
+6 * 1 0 1
+7 198 1 0 1 1 0 0 1
+11 301 1 0 1
+7 +1 1 0 1
+4 196 1 0 1
+7 +99 1 0 1
+4 * 1 0 1
+4 * 1 0 1
+4 1369 1 0 1 0 0 1 0 0 1
cfi=(24) /usr/src/debug/glibc/glibc/elf/../sysdeps/nptl/dl-tls_init_tp.c
cfn=(68) __tls_pre_init_tp
calls=1 0x13f30 54 
* * 17 1 5 2 0 1 2 0 1
+5 2735 1 1
+6 2512 1 1
+7 2735 1 0 1
+6 * 1 0 0 1 0 0 1
+2 * 1 0 0 0 0 0 0 0 0 1
+6 2583 1 0 1 0 0 1 0 0 1
+7 +2 1
+3 +15 1
+7 * 1
+7 -13 1
+7 * 1 0 1
cfi=(25) /usr/src/debug/glibc/glibc/elf/dl-environ.c
cfn=(70) _dl_next_ld_env_entry
calls=1 0x1bdc0 28 
* * 479 164 1 2 0 0 2 0 0 162 26
-7 * 1
+7 * 1 0 1
cfi=(25)
cfn=(70)
calls=1 0x1bdc0 28 
* * 6 3 0 0 0 0 0 0 0 1
+5 * 2
+3 * 2
+3 * 2 0 0 0 0 0 0 0 0 2 1
+2 +4 1 1
+3 * 1
+3 * 1 0 0 0 0 0 0 0 0 1
+2 -2 1
+2 +2 1
+2 * 1 0 0 1 0 0 1 0 0 1
+2 * 1
+8 * 1
+11 * 1
+11 +1 1
+4 -1 1 1
+4 * 1
+2 * 1 0 0 0 0 0 0 0 0 1
-10 +1 6
+4 -1 6 6
+4 * 6
+2 * 6 0 0 0 0 0 0 0 0 6
+2 * 7
+3 * 7 0 0 0 0 0 0 0 0 7 4
+2 +9 1
+4 * 1
+4 * 1 0 0 0 0 0 0 0 0 1
+2 * 1 1 0 0 1 0 0 1
+4 * 1 0 0 1 0 0 1
+3 * 1 0 0 0 0 0 0 0 0 0 0 1 1
+14 2712 1 1
+6 * 1
+2 * 1 0 0 0 0 0 0 0 0 1 1
+11 1379 1 1
+7 +1 1 1
+7 * 1
+7 -1 1 1
+3 * 1 0 1 1 0 0 1
+7 +1 1 1
+3 * 1 0 0 0 0 0 0 0 0 1 1
0x20231 2625 1 1 0 1 0 0 1
+6 * 1 0 0 0 0 0 0 0 0 1
+6 +10 1 1 0 1 0 0 1
+6 * 1 0 0 0 0 0 0 0 0 1 1
0x203b6 1647 1 0 0 1 0 0 1
+7 * 1
+3 * 1 0 0 1 0 0 1
+2 * 1
+2 * 1
+6 * 1
+3 * 1
+3 * 1 0 1
cfi=(26) /usr/src/debug/glibc/glibc/elf/dl-object.c
cfn=(72) _dl_new_object
calls=1 0xcca0 59 
* * 285 29 50 21 3 15 21 3 15 36 21 2 2
+5 * 1 0 1
+7 +2 1
+3 * 1 0 0 0 0 0 0 0 0 1
+6 +1 1 1
+7 +1 1 1
+7 +5 1
+2 -5 1 0 1
+8 +1 1 1 0 1 0 0 1
+7 -2 1
+3 * 1 0 1
+7 +2 1 1
+3 * 1 0 1
+7 +4 1 0 1
cfi=(26)
cfn=(86) _dl_add_to_namespace_list
calls=1 0xcc00 31 
* * 33 9 8 2 1 0 2 1 0 1 1 2 2
+5 +1 1 1
+7 * 1 0 0 0 0 0 0 0 0 1
+6 1095 1 1
+7 +1 1 1
+8 1362 1
+3 1123 1
+3 -21 1 1 0 1 0 0 1
+7 * 1 1 0 0 1 0 0 1
+8 +21 1
+4 -19 1 0 1
+7 +1 1 0 1
+7 +18 1
+4 -21 1 0 1
+7 +21 1
+3 * 1 0 0 0 0 0 0 0 0 1
+6 +1 1 0 1
+7 -1 1
+3 -25 1 0 0 1 0 0 1
+3 +22 1
+3 +4 1
+7 * 1
+3 * 1
+2 * 1 1 0 0 1 0 0 1
+2 * 1
+3 * 1 0 0 0 0 0 0 0 0 1
-5 * 13 13 0 0 6 0 0 6
+2 * 13
+3 * 13 0 0 0 0 0 0 0 0 13 4
+6 * 10
+2 * 10 0 0 0 0 0 0 0 0 10
+2 * 10
+3 * 10 0 0 0 0 0 0 0 0 10
+2 * 10 10 0 0 2 0 0 2
+4 * 10
+3 * 10 0 0 0 0 0 0 0 0 0 0 10 5
+3 +33 4 4
+7 * 4 4 0 0 1 0 0 1
+4 -1 4 4
+3 +1 4
+3 * 4 0 0 1 0 0 1
+3 * 4
+3 * 4
+3 -1 4
+3 +2 4 4
+7 * 4 0 0 0 0 0 0 0 0 4 2
+2 +1 1 0 1
+7 +2 1 1
+8 * 1
+4 * 1 0 0 0 0 0 0 0 0 1
-12 * 3 3
+8 * 3
+4 * 3 0 0 0 0 0 0 0 0 3
+2 +1 4
+3 * 4 0 0 0 0 0 0 0 0 4 1
+2 * 3
+3 * 3 0 0 0 0 0 0 0 0 3 2
+13 +4 4 4 0 1 3 0 1 3
+4 * 4
+3 +1 4 4
+7 * 4 0 0 0 0 0 0 0 0 4
+2 +1 4 0 4
+7 +4 4
+5 * 4
+3 -49 4
+4 * 4
+3 * 4 0 0 0 0 0 0 0 0 4 3
-7 * 5
+4 * 5
+3 * 5 0 0 0 0 0 0 0 0 5 4
+6 * 1 1
+7 * 1 0 1
+7 * 1 0 1
+7 * 1 1 0 1 0 0 1
+7 * 1
+3 * 1
+3 * 1
+4 +88 11
+5 * 11 0 0 0 0 0 0 0 0 11 7
+2 +6 1
+3 * 1
+5 * 1
+3 * 1 0 1
cfi=(30) /usr/src/debug/glibc/glibc/elf/dl-load.c
cfn=(90) _dl_process_pt_gnu_property
calls=1 0x7f70 842 
* * 54 13 2 7 0 0 7 0 0 13 1
+6 -7 14
+3 * 14 0 0 0 0 0 0 0 0 14 1
+6 +1 14 14
+5 +6 14
+4 -6 14
+3 * 14 0 0 0 0 0 0 0 0 14 6
fi=(31) /usr/src/debug/glibc/glibc/elf/../sysdeps/x86/dl-prop.h
+2 149 3 3 0 1 0 0 1
+8 * 3 0 0 0 0 0 0 0 0 3 3
fe=(2)
0x207b0 1128 1 0 0 1 0 0 1
+3 -5 1
+4 +5 1 1
+4 * 1 0 1
+3 -5 1 0 0 1 0 0 1
+3 * 1 0 0 0 0 0 0 0 0 1 1
+11 +21 1 1
+3 * 1 1 0 0 1 0 0 1
+4 -21 1
+4 +25 1
+6 -5 1 0 1
+7 +3 1
+7 * 1 0 1
+7 -23 1
+3 * 1 0 0 0 0 0 0 0 0 1 1
+11 +10 1 1 0 1 0 0 1
+3 * 1 1
+4 -10 1
+4 +10 1 0 1
+4 +1 1 1
+4 * 1 1
+8 * 1
+3 * 1
+3 * 1
+4 * 1
+3 * 1
+3 * 1
+3 * 1 0 1
+7 -11 1
+3 * 1 0 0 0 0 0 0 0 0 1 1
+16 +1 4 0 0 1 0 0 1
+6 * 4 0 0 0 0 0 0 0 0 4 1
+6 * 3
+6 * 3 0 0 0 0 0 0 0 0 3 2
+6 +80 1 1 0 0 1 0 0 1
+5 -81 1
+4 +81 1 1
+5 * 1 0 1
+7 -81 1
+3 * 1 0 0 0 0 0 0 0 0 1
+6 * 1 0 0 1 0 0 1
+22 +87 1
+3 * 1 1
+8 * 1 1
+8 +13 1 1
+7 * 1 1 0 0 1 0 0 1
+7 * 1
+3 * 1 0 0 0 0 0 0 0 0 1 1
+19 +3 1 1 0 1 0 0 1
+7 * 1 1
+8 * 1 0 0 0 0 0 0 0 0 1 1
+13 +2 1 1
+8 * 1 0 0 0 0 0 0 0 0 1
+6 1682 1 0 1
cfi=(32) /usr/src/debug/glibc/glibc/elf/dl-execstack-tunable.c
cfn=(96) _dl_handle_execstack_tunable
calls=1 0x4f20 24 
* * 33 7 3 2 2 0 2 2 0 5 2
fi=(4)
+5 96 1 1 0 1 0 0 1
+7 * 1
+3 * 1 0 0 0 0 0 0 0 0 1
+2 +3 1 1
+7 * 1
+2 * 1 1
+7 * 1 1
+8 +1 1 1
fe=(2)
+4 1688 1 1
+4 * 1
+3 * 1 0 0 0 0 0 0 0 0 1
+2 +1 1 1
+7 * 1
+3 * 1 1
+3 * 1 0 1
cfi=(33) /usr/src/debug/glibc/glibc/string/../sysdeps/x86_64/multiarch/../multiarch/strcmp-sse2.S
cfn=(100) strcmp
calls=1 0x26880 98 
* * 50 6 0 5 3 0 5 3 0 6 2 1 1
+5 * 1
+2 * 1 0 0 1 0 0 1 0 0 1
+2 +3 1 0 1 0 0 1 0 0 1
+7 +1 1 0 1
+11 +1 1 0 1
+10 +2 1 1
+5 * 1 0 0 0 0 0 0 0 0 1
+6 +1 1
+7 * 1 0 1
+4 +5 1 1
+7 * 1 0 0 0 0 0 0 0 0 1
+6 +2 1 0 0 1 0 0 1
+3 * 1 0 0 0 0 0 0 0 0 1
fi=(3)
+6 39 1 1
+7 * 1 1
+4 * 1
+3 * 1 0 0 0 0 0 0 0 0 1
+6 +6 1 1 0 0 1 0 0 1
+3 -2 1
+4 +2 1
+3 * 1 0 0 0 0 0 0 0 0 1 1
+15 +23 28 0 28 0 0 6 0 0 6
+4 -23 28 28 0 0 7 0 0 7
+4 * 28
+4 * 28
+3 * 28 0 0 0 0 0 0 0 0 28 1
+2 +4 28 0 0 1 0 0 1
+4 * 28 0 0 0 0 0 0 0 0 28 11
+2 +3 6
+7 -1 6
+4 * 6 0 0 0 0 0 0 0 0 6
+2 +3 6
+5 * 6
+3 * 6
+4 * 6 0 0 0 0 0 0 0 0 6 1
+6 +1 5
+5 * 5
+3 * 5
+3 * 5
fe=(2)
+9 1200 1 1 0 1 0 0 1
+3 -77 1
+4 +77 1 0 1
+6 -77 1
+3 * 1 0 0 0 0 0 0 0 0 1 1
fi=(3)
+39 72 1 1
+7 * 1 1 0 1 0 0 1
+3 * 1
+3 * 1 0 0 0 0 0 0 0 0 1 1
+25 +43 1 1
+5 * 1 0 0 0 0 0 0 0 0 1
+6 +7 1 1
+7 * 1 1
+5 * 1 0 0 0 0 0 0 0 0 1
+6 +1 1 1 0 1 0 0 1
+7 * 1 1
+7 * 1 1
+5 * 1 0 0 0 0 0 0 0 0 1
+6 +6 1 1
+7 * 1
+3 * 1 0 0 0 0 0 0 0 0 1 1
+27 +18 1 1
+7 * 1 1 0 1 0 0 1
+7 * 1
+3 * 1 0 0 0 0 0 0 0 0 1 1
+59 +15 1 1 0 1 0 0 1
+7 * 1 1
+7 * 1
+3 * 1 0 0 0 0 0 0 0 0 1
+2 +2 1 1
+4 * 1 0 1
+6 * 1
+2 +1 1
+2 * 1 0 0 0 0 0 0 0 0 1 1
+9 +9 1 1
+7 * 1 0 0 0 0 0 0 0 0 1
+6 +6 1
+3 * 1 0 0 0 0 0 0 0 0 1 1
+23 +4 1 1 0 1 0 0 1
+7 * 1 1
+8 * 1 0 0 0 0 0 0 0 0 1 1
fi=(4)
+13 -88 1 1
+7 * 1 1
+7 * 1 0 0 1 0 0 1
+3 * 1 0 0 0 0 0 0 0 0 1 1
fe=(2)
+59 1717 1 1 0 1 0 0 1
+7 * 1 0 1
cfi=(8)
cfn=(14)
calls=1 0x124f0 25 
* * 27 8 6 0 1 0 0 1 0 3
+5 +3 1 1
+4 * 1 0 0 0 0 0 0 0 0 1
fi=(34) /usr/src/debug/glibc/glibc/elf/./setup-vdso.h
+6 24 1 1
+8 * 1 0 0 0 0 0 0 0 0 1 1
fi=(37) /usr/src/debug/glibc/glibc/elf/./dl-main.h
0x2168b +85 1 1 0 1 0 0 1
+4 * 1 1
fi=(36) /usr/src/debug/glibc/glibc/elf/../sysdeps/unix/sysv/linux/dl-vdso-setup.h
+4 -55 1 0 1
fi=(37)
+7 +55 1 1
+4 * 1 1
+4 * 1 0 1
cfi=(30)
cfn=(112) _dl_init_paths
calls=1 0x7c00 680 
* * 1509 305 264 44 1 9 44 1 9 169 49 4 3
fe=(2)
+5 1745 1 1
+7 * 1
+2 * 1 0 1
cfi=(45) /usr/src/debug/glibc/glibc/elf/dl-debug.c
cfn=(142) _dl_debug_initialize
calls=1 0x36b0 120 
* * 21 5 4 4 1 0 4 1 0 5 2
+5 +7 1 1
+8 -7 1 0 1 1 0 0 1
+7 +2 1 0 1
+7 +5 1 0 0 0 0 0 0 0 0 1 1
+6 +4 1 1
+7 +1 1 1
+7 +2 1 0 1
+7 -3 1
+3 * 1
+3 * 1 0 1
+6 +1 1 1
+7 * 1 0 1
+4 +3 1 0 1 1 0 0 1
+8 1253 1 1 0 0 1 0 0 1
+8 1758 1 0 1
+4 1253 1 0 0 0 0 0 0 0 0 1
+6 +1 1 1
+8 * 1 0 0 0 0 0 0 0 0 1
+6 +5 1 1
+7 -1 1 1
+7 -2 1
+7 * 1 1 0 1 0 0 1
+7 +13 1
+4 -11 1 0 1 0 0 1 0 0 1
+7 +1 1 0 1
+7 +3 1 0 1
+7 +7 1
+3 * 1
+3 * 1 0 0 0 0 0 0 0 0 1
+2 +4 1 1
+7 -5 1
+2 +5 1
+3 * 1
+3 * 1
+15 -3 8
+4 -1 8
+3 * 8 0 0 0 0 0 0 0 0 8 1
+2 +2 12 12 0 1 7 0 1 7
+3 * 12 0 0 0 0 0 0 0 0 12 6
+2 +2 4 4 0 0 2 0 0 2
+4 +1 4 4
+7 * 4 0 0 0 0 0 0 0 0 4
+2 -1 4
+3 * 4
+3 +2 4
+3 * 4 0 0 0 0 0 0 0 0 4 4
+14 +5 4 4 0 0 1 0 0 1
+4 -10 4
+4 +10 4
+5 * 4 0 0 1 0 0 1
+3 -11 4
+3 * 4 0 0 0 0 0 0 0 0 4 3
+2 * 1
+4 * 1
+21 +18 1
+4 +1 1 1
+6 * 1 0 0 0 0 0 0 0 0 1 1
+10 -1 1
+3 * 1 0 0 0 0 0 0 0 0 1 1
+16 223 1 1 0 1 0 0 1
fi=(4)
+7 79 1 1
fe=(2)
+7 224 1 1
+4 -1 1 1 0 0 1 0 0 1
+7 +1 1
fi=(4)
+2 79 1 0 1
fe=(2)
+6 224 1 1
+4 * 1
+3 * 1 0 0 0 0 0 0 0 0 1 1
0x218af 1774 1 1 0 1 0 0 1
+4 * 1 0 0 0 0 0 0 0 0 1
+6 1363 1 0 1 1 0 0 1
+11 1778 1
+6 +1 1 1
+8 * 1 0 0 0 0 0 0 0 0 1
+6 +24 1 0 1
cfi=(46) /usr/src/debug/glibc/glibc/elf/../elf/dl-tls.c
cfn=(144) _dl_count_modids
calls=1 0x132c0 226 
* * 6 3 0 1 1 0 1 1 0 1
+5 * 1 0 1
fi=(47) /usr/src/debug/glibc/glibc/elf/../sysdeps/generic/dl-debug.h
+7 29 1 1
+7 * 1 1
+7 * 1
+3 * 1 0 0 0 0 0 0 0 0 1
+2 +1 1 1
+7 * 1 0 1 1 0 0 1
fe=(2)
+4 1809 1 1
+7 * 1
+5 * 1
+3 * 1 0 1
cfi=(45)
cfn=(148) _dl_debug_change_state
calls=1 0x3670 104 
* * 11 2 1 2 0 0 2 0 0 2 2
+5 +1 1
+1 +4 1 1
+7 * 1
+5 * 1 0 1
cfi=(49)
cfn=(152) _dl_audit_activity_map
calls=1 0x199d0 29 
* * 5 2 0 2 0 0 2 0 0 1 1
+5 +5 1 1
+4 * 1 0 0 0 0 0 0 0 0 1
+6 +2 1
+3 +2 1 1
+5 * 1 0 0 0 0 0 0 0 0 1 1
+6 +9 1 1 0 1 0 0 1
+5 * 1 0 0 0 0 0 0 0 0 1
+6 +16 1
+5 * 1
+7 * 1 0 1
cfi=(64) /usr/src/debug/glibc/glibc/io/../sysdeps/unix/sysv/linux/access.c
cfn=(216) access
calls=1 0x24920 25 
* * 9 1 1 1 0 0 1 0 0 1 1
+5 * 1
+2 * 1 0 0 0 0 0 0 0 0 1
+6 +76 1 1
+3 * 1
+3 * 1 0 0 0 0 0 0 0 0 1 1
+6 +16 1 1
+7 * 1
+3 * 1 0 0 0 0 0 0 0 0 1 1
+9 84 1 0 0 1 0 0 1
+2 1950 1
+2 84 1
+3 * 1
+4 1950 1
+3 * 1 1
+7 84 1
+3 1950 1 1
+4 * 1
+3 * 1
+3 * 1
+3 * 1
+3 * 1 0 1
cfi=(65) /usr/src/debug/glibc/glibc/elf/dl-deps.c
cfn=(218) _dl_map_object_deps
calls=1 0x3850 143 
* * 30459 6114 3115 125 203 216 123 202 216 5470 880 104 35
+5 91 1
+2 1960 1 1
+7 * 1 1
+7 -4 1 1 0 1 0 0 1
+6 +16 1 1
+7 91 1
+4 * 1
+3 +9 1
+3 * 1 0 1
+7 1956 1
+2 * 1 0 0 0 0 0 0 0 0 1
+6 * 1
+3 * 1
+4 * 1
+4 * 1
+4 * 1
+11 +1 1 1 0 1 0 0 1
+3 -1 1
+4 +1 1 0 1
+7 -1 1
+3 * 1 0 0 0 0 0 0 0 0 1 1
-17 +1 6 6
+3 -1 6
+4 +1 6 0 6
+7 -1 6
+3 * 6 0 0 0 0 0 0 0 0 6 5
+2 +4 1 0 1
+4 +1 1
+3 * 1 0 0 0 0 0 0 0 0 1
+2 +1 1 0 1
+4 +2 1
+3 * 1 0 0 0 0 0 0 0 0 1
+6 * 1 1
+7 * 1
+4 * 1
+5 * 1
+7 * 5
+3 * 5
+4 * 5
+2 * 5 0 0 0 0 0 0 0 0 5
+2 +1 6 6 0 1 0 0 1
+3 * 6
+3 * 6 0 0 0 0 0 0 0 0 6 6
+2 +7 1
+3 * 1 1
+4 +1 1 1
+3 -1 1 0 1
+7 +1 1
+2 * 1 0 0 0 0 0 0 0 0 1
+6 +2 1
+3 +2 1
+2 * 1 0 0 0 0 0 0 0 0 1 1
+47 +16 1 0 0 1 0 0 1
+3 * 1 0 0 0 0 0 0 0 0 1
+6 * 1
+5 * 1
+2 +1 1 1
+7 * 1 0 1
+4 +1 1 1 0 1 0 0 1
+7 * 1
+3 * 1 0 0 0 0 0 0 0 0 1 1
+23 +10 1 0 1
+6 +2 1
+7 -1 1
+2 * 1
+3 * 1
+3 +1 1
+3 * 1
+7 * 1 0 0 1 0 0 1
+7 -1 1 0 1
+6 +1 1 0 1
cfi=(51)
cfn=(250) _dl_receive_error
calls=1 0x2320 190 
* * 29101 8681 1692 55 136 79 55 130 78 6085 436 91 60
+5 +10 1 1
+8 +1 1 1
+8 * 1 0 0 0 0 0 0 0 0 1 1
+6 +3 1
+3 * 1 0 0 0 0 0 0 0 0 1
+2 821 1 1
fi=(400) /usr/src/debug/glibc/glibc/elf/../sysdeps/unix/sysv/linux/dl-osinfo.h
+7 39 1 1
+3 * 1
fe=(2)
+2 823 1 0 1
fi=(400)
+9 52 1 1 0 1 0 0 1
fe=(2)
+4 832 1 0 1
+9 +7 1 0 1
+11 -5 1 0 1
+7 2026 1 1
+3 * 1
+2 * 1 0 0 0 0 0 0 0 0 1
+6 2225 1 1
+7 * 1
+7 +4 1 1
+8 -4 1 0 1 1 0 0 1
+7 +10 1 1
+7 -6 1 0 1
+7 +6 1 0 1
+7 +3 1 1
+7 * 1 0 0 0 0 0 0 0 0 1
+6 +8 1 1
+7 * 1 1
fi=(31)
+3 36 1 1
+7 * 1 1
+6 +1 1
+2 * 1 0 0 1 0 0 1 0 0 1 1
+2 * 1 1
+7 * 1
+3 +16 1 1
+6 * 1 1
+7 * 1 1
+7 * 1
+4 * 1
+5 * 6
+4 -13 6 6
+3 +9 6 6
+7 * 6 0 0 0 0 0 0 0 0 6
-10 -9 1 1
+3 +9 1 1
+7 * 1 0 0 0 0 0 0 0 0 1
+2 * 7
+3 * 7 0 0 0 0 0 0 0 0 7 1
+2 * 6 6
+4 * 6 0 0 0 0 0 0 0 0 6
+2 +4 6
+3 * 6
+3 * 6 6 0 0 1
+7 * 6 0 0 0 0 0 0 0 0 6
+6 -16 7 0 0 1 0 0 1
+3 * 7 0 0 0 0 0 0 0 0 7 5
+2 +34 1 1
+7 * 1
fe=(2)
+3 2250 1
fi=(31)
+3 71 1 0 1
cfi=(77) /usr/src/debug/glibc/glibc/elf/../sysdeps/x86_64/dl-cet.c
cfn=(282) _dl_cet_check
calls=1 0x16710 361 
* * 25 4 5 4 0 0 4 0 0 3
fe=(2)
+5 2250 1 1
+8 * 1
+4 +3 1 0 1 0 0 1
+7 +5 1 1 0 1 0 0 1
+8 * 1 0 0 0 0 0 0 0 0 1
+2 84 1
+2 2263 1 1
+7 -1 1 1
+6 * 1 1
+7 84 1
+3 * 1
+4 * 1
+3 2262 1
+2 * 1
+2 * 1
+3 * 1
+3 * 1 0 1
cfi=(78) /usr/src/debug/glibc/glibc/elf/dl-reloc.c
cfn=(286) _dl_relocate_object
calls=1 0x11e00 343 
* * 83019 20503 9064 193 572 232 193 551 226 13973 997 180 90
+5 91 1
+2 * 1
+4 * 1 0 0 1 0 0 1
+3 +9 1
+3 * 1 0 1
+7 -16 1
+2 * 1
+3 2271 1 1
+7 84 1
+4 * 1
+3 2271 1 1
+6 +1 1
+2 * 1 0 0 0 0 0 0 0 0 1
+6 * 1
+4 * 1 0 1
+7 * 1 1
+7 * 1 0 0 1 0 0 1
+7 * 1 0 1
+7 * 1
+4 * 1
+7 * 4
+4 * 4
+4 * 4 0 0 0 0 0 0 0 0 4 1
+2 +2 7 7 0 0 2
+8 * 7 7 0 0 2
+4 +5 7 7
+4 * 7 7 0 0 7
+4 +2 7
+3 * 7 0 0 0 0 0 0 0 0 7 1
+6 +6 7 0 7 1 0 0 1
+8 +2 7 7
+3 * 7
+2 * 7
+3 * 7 7 0 0 7 0 0 1
+7 * 7
+3 * 7
+2 * 7
+3 * 7 0 7
cfi=(78)
cfn=(286)
calls=7 0x11e00 343 
* * 2473256 633667 236123 129 15373 1910 124 7431 1089 379961 13130 5031 1089
+5 +4 7 7 0 0 2
+8 * 7 0 0 0 0 0 0 0 0 7 4
+2 * 3 3 0 0 2
+7 * 3 0 0 0 0 0 0 0 0 3 2
+2 +1 3
+5 * 3
+3 -22 3 0 0 1 0 0 1
+4 +22 3 0 3
cfi=(46)
cfn=(468) _dl_add_to_slotinfo
calls=3 0x13c40 1169 
* * 81 24 12 3 2 1 3 0 1 12 2
+5 -22 3
+4 * 3 0 0 0 0 0 0 0 0 3 1
+2 * 1 1 0 0 1
+8 * 1 1
+7 91 1
+2 * 1
+4 * 1
+3 +1 1
+3 * 1 0 1 0 0 1
+7 2301 1 0 1
cfi=(46)
cfn=(584) _dl_tls_initial_modid_limit_setup
calls=1 0x13bf0 1130 
* * 43 10 1 2 1 1 2 0 0 11 3
+5 +6 1 1
+8 * 1 0 0 1 0 0 1 0 0 1
+6 +4 1
+3 * 1 0 0 0 0 0 0 0 0 1
+6 * 1 1
+8 * 1 0 0 0 0 0 0 0 0 1
+6 +2 1 0 1
+8 +7 1 1
+7 * 1
+5 * 1 0 1
cfi=(46)
cfn=(586) _dl_allocate_tls_init
calls=1 0x13620 608 
* * 322 82 53 10 8 4 8 0 4 54 15 2 2
+5 +3 1 1
+7 * 1 0 0 0 0 0 0 0 0 1
+6 +4 1 1 0 1 0 0 1
+7 * 1 1 0 0 1
+7 * 1 0 0 0 0 0 0 0 0 1
+6 +3 1 0 1
cfi=(173) /usr/src/debug/glibc/glibc/elf/dl-find_object.c
cfn=(588) _dl_find_object_init
calls=1 0x5760 578 
* * 1513 302 124 16 88 7 16 0 5 376 82 1 1
+5 +5 1 1
+8 * 1 0 0 0 0 0 0 0 0 1
+2 84 1
+2 2339 1
+2 * 1 1
+7 * 1 1
+7 * 1 1
+7 84 1
+3 * 1 0 0 1 0 0 1
+4 * 1
+3 2339 1
+2 * 1 0 1
cfi=(78)
cfn=(288) _dl_relocate_object_no_relro
calls=1 0xf560 207 
* * 260 74 38 1 8 1 1 0 0 40 14 1 1
+5 91 1
+2 * 1
+4 * 1
+3 +9 1
+3 * 1 0 1
+7 2342 1 0 1
cfi=(175)
cfn=(598)
calls=1 0x1cb70 30 
* * 514 118 45 11 14 0 11 3 0 54 22 4 4
+5 +1 1
+3 * 1 0 1
cfi=(7)
cfn=(604) __rtld_malloc_init_real
calls=1 0x1c9c0 76 
* * 3198 896 391 7 32 0 7 1 0 451 51 6 4
+5 +3 1
+3 * 1 0 1
cfi=(45)
cfn=(612) _dl_debug_post_relocate
calls=1 0x3590 46 
* * 706 208 87 3 9 0 2 1 0 104 11 1 1
+5 +4 1 1
+7 * 1 0 1
cfi=(78)
cfn=(464) _dl_protect_relro
calls=1 0xf3f0 352 
* * 35 8 3 0 0 0 0 0 0 4 1
+5 +5 1 1 0 1 0 0 1
+7 * 1
+5 * 1 0 1
cfi=(179) /usr/src/debug/glibc/glibc/elf/dl-call-libc-early-init.c
cfn=(614) _dl_call_libc_early_init
calls=1 0x1f40 27 
* * 1668 215 225 32 63 39 30 39 38 229 37 23 23
+5 +7 1 0 1
cfi=(9)
cfn=(636) _dl_sysdep_start_cleanup
calls=1 0x1e620 147 
* * 2 1 0 1 0 0 1
+5 +4 1
+2 * 1 0 1
cfi=(45)
cfn=(212) _dl_debug_update
calls=1 0x3620 94 
* * 7 2 0 1 1 0 0 0 0 2 1
+5 +1 1
+2 * 1
+3 -1 1
+3 +1 1 0 1
cfi=(45)
cfn=(148)
calls=1 0x3670 104 
* * 11 2 1 2 0 0 0 0 0 2 2
+5 +1 1
+1 +3 1
+2 * 1
+2 * 1 0 1
cfi=(49)
cfn=(638) _dl_audit_activity_nsid
calls=1 0x19a70 41 
* * 8 3 0 2 0 0 1 0 0 1 1
+5 +4 1 0 1
cfi=(66) /usr/src/debug/glibc/glibc/elf/dl-cache.c
cfn=(640) _dl_unload_cache
calls=1 0x16230 508 
* * 19 5 4 2 1 0 2 0 0 2 1
+5 +5 1
+4 * 1 1 0 0 1
+1 * 1 1
+2 * 1 1 0 1
+2 * 1 1
+2 * 1 1
+2 * 1 1 0 0 1
+1 * 1 1
+1 225 1 0 0 1 0 0 1
+3 * 1 0 0 0 0 0 0 0 0 1
+6 -2 1 1
+7 * 1 1
+7 +2 1
+3 * 1 0 0 0 0 0 0 0 0 1 1
0x21f0a 2283 1 0 1 1 0 0 1
+7 +1 1 1
+4 -3 1
+3 * 1 0 0 0 0 0 0 0 0 1 1
+94 1765 1 1 0 1 1 0 1 1
+8 1290 1 1 0 1 1 0 1 1
+5 * 1 1
+5 * 1 0 1
+7 1765 1 0 0 0 0 0 0 0 0 1 1
fi=(3)
+99 56 1 0 0 1 0 0 1
+3 * 1
+3 * 1
+3 * 1
+3 * 1 0 0 1 0 0 1 0 0 1
+6 +3 1
+5 * 1
+3 * 1
+4 * 1 0 0 0 0 0 0 0 0 1 1
fe=(2)
0x220b0 1979 1 1 0 1 0 0 1
+7 -4 1 0 1
+11 +4 1
+3 * 1 0 0 0 0 0 0 0 0 1 1
+29 +14 1 1
+7 * 1
+2 * 1 1
+4 * 1
fi=(35) /usr/src/debug/glibc/glibc/elf/../sysdeps/unix/sysv/linux/dl-vdso.h
+5 40 1 0 0 1 0 0 1
+7 * 1 1 0 1 0 0 1
+7 +1 1
+4 * 1 0 1
+7 * 1
+3 * 1 0 0 0 0 0 0 0 0 1
fi=(36)
+6 -11 1 0 1
+11 +3 1 0 1
+11 +3 1 0 1
+11 +3 1 0 1 1 0 0 1
+11 +6 1 0 1
fi=(35)
+11 +10 1
+2 * 1
fi=(3)
0x225f7 +17 1 1 0 1 0 0 1
+7 * 1 1 0 1 0 0 1
+7 * 1 0 0 0 0 0 0 0 0 1
+6 +12 1 1
+4 * 1
+3 * 1 0 0 0 0 0 0 0 0 1 1
+6 +1 1 1
+7 * 1 1
+4 * 1
+3 * 1 0 0 0 0 0 0 0 0 1
+2 * 1 0 1
+4 +1 1 1
+7 * 1 1
+4 * 1
+3 * 1 0 0 0 0 0 0 0 0 1
+2 * 1 0 1
+4 +1 1 1 0 1 0 0 1
+7 * 1 1
+4 * 1
+3 * 1 0 0 0 0 0 0 0 0 1
+2 * 1 0 1
+4 +1 1 1
+7 * 1 1 0 0 1 0 0 1
+7 * 1
+3 * 1 0 0 0 0 0 0 0 0 1 1
+6 +1 1 1
+7 * 1 1
+7 * 1
+3 * 1 0 0 0 0 0 0 0 0 1
+2 * 1 0 1 1 0 0 1
+4 +1 1 1
+7 * 1 1
+7 * 1
+3 * 1 0 0 0 0 0 0 0 0 1
+2 * 1 0 1
+4 +1 1 1
+7 * 1 1
+7 * 1
+3 * 1 0 0 0 0 0 0 0 0 1
+2 * 1 0 1
+4 +12 1 1
+7 * 1 1
+4 +7 1 1 0 1 0 0 1
+7 -7 1
+3 * 1 0 0 0 0 0 0 0 0 1
+6 * 1 1
+4 * 1
+3 * 1 0 0 0 0 0 0 0 0 1
+2 * 1
+3 * 1 0 1
+4 +7 1
+3 * 1 0 0 0 0 0 0 0 0 1 1
fe=(2)
0x2287d 1755 1 1 0 1 0 0 1
+7 * 1 1
+3 * 1 0 1
+7 * 1
0x229e5 2019 1 0 0 1 0 0 1
+2 * 1 0 1
cfn=(260) init_tls
calls=1 0x1f5c0 735 
* * 963 126 399 25 7 40 25 5 40 364 36 5 3
+5 * 1 0 1
+7 * 1
fi=(3)
0x22c03 62 1 0 0 1 0 0 1
+5 * 1
+3 * 1
+4 * 1 0 0 0 0 0 0 0 0 1
+6 +2 1
+5 * 1
+3 * 1
+3 * 1
fe=(2)
0x22cd3 2635 1 1 0 1 0 0 1
+7 * 1 0 0 0 0 0 0 0 0 1
+6 +2 1
+4 * 1 0 1
+4 +1 1
0x22f5f 84 1 0 0 1 0 0 1
+2 1827 1 1
+7 * 1 1
+4 84 1
+4 * 1
+3 * 1
+3 1827 1
+7 * 1 0 1 1 0 0 1
cfn=(154)
calls=1 0x1fd70 853 
* * 3002 721 370 122 39 44 122 39 44 486 172 9 3
+6 * 1
+3 91 1
+2 * 1
+4 * 1
+3 +9 1
+3 * 1 0 1
+7 * 1
+5 1928 1
+3 * 1
+3 * 1
+8 * 1
+4 * 1
+4 * 1
+3 * 1
+7 * 1 0 0 1 0 0 1
+3 * 1
+3 * 1 0 0 0 0 0 0 0 0 1 1
0x23114 * 1 0 0 1 0 0 1
+5 * 1
+3 * 1
+3 * 1 0 0 0 0 0 0 0 0 1
+2 * 1 0 1
+6 * 1
+5 +1 1
+2 -1 1
+4 +4 1
+2 * 1
+3 * 1 0 1
+4 +1 1 1
+4 +1 1 0 0 1 0 0 1
+3 * 1 0 0 0 0 0 0 0 0 1
+2 +1 1
+3 * 1 0 0 0 0 0 0 0 0 1
+6 -7 1
+3 * 1

fn=(252) version_check_doit
0x1f320 675 1 0 0 1 0 0 1
+4 * 1 0 1
+1 +2 1
+5 -2 1
+3 * 1 0 1
+1 * 1
+3 * 1
+4 +2 1 1
+3 * 1 1
+7 * 1 0 1 1 0 0 1
cfi=(72) /usr/src/debug/glibc/glibc/elf/dl-version.c
cfn=(254) _dl_check_all_versions
calls=1 0x15670 399 
* * 29065 8668 1681 51 136 79 51 130 78 6082 435 90 59
+5 * 1
+2 * 1 0 0 0 0 0 0 0 0 1 1
+8 +4 1 1
+4 * 1 1
+1 * 1 1

fn=(260)
0x1f5c0 735 1 0 1 1 0 0 1
+1 +6 1 1
+8 -6 1
+3 * 1 0 1
+2 * 1 0 1
+1 +2 1 1
+7 * 1 0 1
+7 +4 1 0 0 0 0 0 0 0 0 1
fi=(28) /usr/src/debug/glibc/glibc/elf/../include/rtld-malloc.h
+6 44 1
fe=(2)
+3 752 1
fi=(28)
+4 44 1
fe=(2)
+5 747 1
+4 +4 1
fi=(28)
+4 44 1 1 1 0 0 0 0 0 0 0 0 1 1
cfi=(27) /usr/src/debug/glibc/glibc/elf/dl-minimal-malloc.c
cfn=(74) __minimal_calloc
calls=1 0xc780 +36 
* * 29 4 3 0 0 0 0 0 0 4 3 1
fe=(2)
+6 760 1
+3 -10 1 0 1 1 0 0 1
+7 -3 1 0 1
+3 +10 1 0 1
+8 +3 1 0 1
cfi=(46)
cfn=(264) _dl_tls_static_surplus_init
calls=1 0x13130 131 
* * 73 15 10 3 3 0 3 3 0 7
+5 +3 1 0 1
cfi=(46)
cfn=(266) _dl_determine_tlsoffset
calls=1 0x13330 249 
* * 234 41 16 9 4 0 9 2 0 27 12
+5 +7 1 0 1
cfi=(46)
cfn=(270) _dl_allocate_tls_storage
calls=1 0x13540 515 
* * 491 41 332 4 0 39 4 0 39 316 17 3 2
+5 * 1
+3 +1 1
+3 * 1 0 0 0 0 0 0 0 0 1
+2 +6 1 1
fi=(75) /usr/src/debug/glibc/glibc/elf/../sysdeps/generic/dl-call_tls_init_tp.h
+4 31 1
+5 * 1
fe=(2)
+3 777 1 0 1
fi=(75)
+7 31 1 0 0 1 0 0 1
+5 * 1 0 1
+3 * 1 0 1
+4 * 1
+2 * 1
+2 * 1 0 0 0 0 0 0 0 0 1
+2 +2 1 0 1
cfi=(24)
cfn=(278) __tls_init_tp
calls=1 0x13f80 +36 
* * 95 17 22 6 0 1 6 0 1 7 4
fe=(2)
+5 784 1
+3 -3 1 0 1
+7 +3 1 1
+1 * 1 1
+2 * 1 1
+1 * 1 1

fn=(166) map_doit
0x1ec80 642 1 0 0 1 0 0 1
+4 * 1 0 1
+1 +2 1
+2 -2 1
+3 * 1 0 1
+1 * 1
+3 * 1
+4 +2 1 1
+4 +1 1 1
+3 * 1 1
+4 -1 1
+7 * 1
+3 +1 1
+3 * 1
+2 * 1 0 1 0 0 1 0 0 1
cfi=(30)
cfn=(168) _dl_map_object
calls=1 0xa840 2189 
* * 2544 554 291 97 35 34 97 35 34 450 156 8 2
+5 * 1 0 1
+4 +2 1 1
+4 * 1 1
+1 * 1 1

fl=(43) /usr/src/debug/glibc/glibc/string/../sysdeps/x86_64/multiarch/../multiarch/memcmp-sse2.S
fn=(130) bcmp
0x259e0 59 1 0 0 1 0 0 1
+4 +12 1
+4 +1 1 0 0 0 0 0 0 0 0 1
+6 +22 1
+3 +1 1 0 0 0 0 0 0 0 0 1 1
+47 +45 1 1 0 1 0 0 1
+3 +1 1 1
+3 +2 1
+3 +1 1 0 0 0 0 0 0 0 0 1
+2 +2 1 1
+5 +1 1 1
+5 +2 1
+3 +1 1 0 0 0 0 0 0 0 0 1 1
+24 +47 1 0 0 1 0 0 1
+3 +1 1
+3 +1 1
+3 +1 1
+2 +1 1
+3 +1 1 1

fl=(42) /usr/src/debug/glibc/glibc/string/../sysdeps/x86_64/multiarch/../multiarch/strchr-sse2.S
fn=(126) index
0x26650 32 28 0 0 1 0 0 1
+4 +1 28
+4 +1 28
+2 +1 28
+5 +1 28
+4 +1 28
+5 +1 28
+4 +1 28
+5 +1 28 0 0 0 0 0 0 0 0 28
+6 +1 28 28 0 0 2 0 0 2
+4 +1 28
+4 +1 28 0 0 1 0 0 1
+4 +1 28
+4 +1 28
+4 +1 28
+4 +1 28
+4 +1 28
+2 +1 28 0 0 0 0 0 0 0 0 28 5
+2 +1 23
+3 +4 23
+5 +1 23
+4 +1 23 23
+3 +1 23
+4 +2 23 23
+6 +4 5 5
+5 +1 5
+4 +1 5
+4 +1 5 0 0 1 0 0 1
+4 +1 5
+4 +1 5
+4 +1 5 5 0 0 3 0 0 3
+5 +1 5
+4 +1 5
+4 +1 5
+4 +1 5
+4 +1 5
+4 +1 5
+4 +1 5 5
+5 +1 5
+4 +1 5
+4 +1 5
+4 +1 5
+3 +1 5
+4 +1 5 0 0 1 0 0 1
+4 +1 5
+4 +1 5
+3 +1 5
+3 +1 5 0 0 0 0 0 0 0 0 5 4
0x267c0 +52 5 0 0 1 0 0 1
+4 +4 5
+5 +1 5
+4 +1 5 5
+3 +1 5
+4 +2 5 5

fl=(46)
fn=(264)
0x13130 131 1 0 0 1 0 0 1
+4 * 1 0 1
+1 +3 1
+2 -3 1
+3 * 1 0 1
+2 * 1 0 1
+2 +3 1 0 0 1 0 0 1
+4 -3 1
+3 +3 1
+5 -3 1 0 1
+1 * 1
+4 +3 1 0 1
cfi=(11)
cfn=(28)
calls=1 0x14cf0 438 
* * 17 4 1 0 2 0 0 2 0 3
+5 * 1 1
+4 +1 1
+2 * 1
+4 * 1
+5 * 1 0 1
cfi=(11)
cfn=(28)
calls=1 0x14cf0 438 
* * 17 4 1 0 1 0 0 1 0 3
+5 +1 1
+5 +2 1
+5 -3 1 1
+4 +1 1
+3 * 1
+4 +2 1
+3 * 1 0 0 1 0 0 1
+3 * 1 0 0 0 0 0 0 0 0 1
+2 +3 1
+3 +2 1 0 1
+7 -26 1
+4 * 1
+3 * 1
+3 +28 1
+7 * 1
+2 * 1 0 1
+7 +1 1
+4 * 1 1
+1 * 1 1
+2 * 1 1
+2 * 1 1
+1 * 1 1

fn=(584)
0x13bf0 1130 1 0 0 1 0 0 1
+4 +1 1 1
+7 +3 1
+5 * 1 1 0 1 0 0 1
+3 * 1
+4 * 1 0 0 0 0 0 0 0 0 1
+9 +6 3 3
+7 * 3 0 0 0 0 0 0 0 0 3
+2 -6 3
+4 * 3
+3 * 3 0 0 0 0 0 0 0 0 3
+2 +2 4
+3 * 4
+4 * 4 4 0 0 1
+5 +1 4
+3 * 4 0 0 0 0 0 0 0 0 4 3
+2 +6 1 0 1 0 0 1
+7 +1 1 1

fn=(144)
0x132c0 226 1 0 0 1 0 0 1
+4 +2 1 1
+7 * 1 0 0 0 0 0 0 0 0 1
+2 +1 1 1 0 0 1 0 0 1
+7 +15 1
+3 * 1 1

fn=(270)
0x13540 515 1 0 0 1 0 0 1
+4 * 1 0 1
+1 * 1
+3 * 1 0 1
+2 * 1 0 1
+1 * 1
fi=(74) /usr/src/debug/glibc/glibc/elf/./dl-tls_block_align.h
+4 23 1 1
fe=(46)
+7 +74 1 1 1 0 0 0 0 0 0 1
+8 521 1 1
+7 * 1
fi=(28)
+5 56 1 1 1 0 0 0 0 0 0 0 0 1 1
cfi=(27)
cfn=(78) __minimal_malloc
calls=1 0xc630 -20 
* * 18 3 3 0 0 0 0 0 0 3
fe=(46)
+6 523 1
+3 * 1 0 0 0 0 0 0 0 0 1
fi=(74)
+6 41 1 1
+7 * 1 0 0 1 0 0 1
+3 +6 1
+2 * 1
+5 * 1
+3 * 1
+3 +5 1
+2 -5 1
+3 +1 1
+8 +4 1
+4 * 1
+3 * 1 0 1 0 0 1 0 0 1
+7 * 1 0 1 0 0 1 0 0 1
+11 * 1
+4 * 1
+3 * 1 0 0 1 0 0 1
+6 * 1
+3 * 1 0 1 0 0 0 0 0 0 1 1
* * 295 0 294 0 0 35 0 0 35 295 9
fe=(46)
+3 533 1 0 1 0 0 1 0 0 1
+7 +2 1
+3 * 1 0 1
cfn=(274) allocate_dtv
calls=1 0x12dc0 -77 
* * 136 28 24 1 0 1 1 0 1 13 7 2 1
+5 +1 1
+3 * 1 0 0 0 0 0 0 0 0 1
+2 103 1 1 1 0 0 0 0 0 0 1
+8 541 1
+4 * 1 1
+1 * 1 1
+2 * 1 1
+1 * 1 1

fn=(238) _dl_assign_tls_modid
0x131d0 159 3 0 0 1 0 0 1
+4 +3 3 3
+7 * 3 3
+7 -3 3 0 3
+1 * 3
+3 +3 3 0 0 0 0 0 0 0 0 3
+2 +53 3
+4 +2 3 0 3
+7 +3 3 0 3
+7 +1 3 3
+1 * 3 3

fn=(266)
0x13330 249 1 0 0 1 0 0 1
+4 * 1 0 1
+1 * 1
+3 * 1 0 1
+2 * 1 0 1
+2 * 1 0 1
+2 * 1 0 1
+1 +35 1 0 0 1 0 0 1
+2 -35 1
+4 +37 1 1
+7 * 1
+3 * 1 0 0 0 0 0 0 0 0 1 1
+6 -34 1
+3 -1 1
+3 -1 1
+6 * 1
+7 +63 3
+4 * 3
+2 * 3
+3 +3 3
+3 -3 3
+3 * 3
+3 * 3
+3 * 3
+3 * 3
+4 +5 3
+3 +7 3 0 3
+7 -7 3
+3 * 3
+3 * 3
+4 * 3
+4 +3 3
+3 -34 3 3
+4 -1 3
+3 * 3 0 0 0 0 0 0 0 0 3
-7 +1 4 4
+4 -1 4
+3 * 4 0 0 0 0 0 0 0 0 4 1
+2 +3 7 7 0 1 2 0 1
+7 * 7
+3 * 7 0 0 0 0 0 0 0 0 7 4
+2 +4 3 3
+7 -1 3 3 0 1 0 0 1
+7 +5 3
+3 -5 3
+3 +1 3
+4 -1 3
+3 +3 3
+3 * 3
+4 +2 3
+3 * 3
+3 * 3 0 0 0 0 0 0 0 0 3 2
fi=(73) /usr/src/debug/glibc/glibc/elf/../sysdeps/unix/sysv/linux/dl-extra_tls.h
+68 32 1 0 0 1 0 0 1
+2 * 1
+4 * 1
+5 +12 1
+6 -12 1 0 1
cfi=(11)
cfn=(28)
calls=1 0x14cf0 438 
* * 18 4 1 0 2 0 0 2 0 3 1
+5 +1 1 1
+3 * 1
+2 * 1 0 0 0 0 0 0 0 0 1
+2 +4 1 1 0 1 0 0 1
+6 * 1
+5 * 1 1
+7 * 1
+2 * 1
+3 * 1
+2 * 1
+5 * 1
+3 * 1
+3 * 1
+3 +14 1
+2 * 1
+4 * 1
+5 * 1 0 1
cfi=(11)
cfn=(28)
calls=1 0x14cf0 438 
* * 18 4 1 0 0 0 0 0 0 3 2
+5 +1 1 1
+3 * 1
+2 * 1 0 0 0 0 0 0 0 0 1 1
fe=(46)
+19 348 1 0 0 1 0 0 1
+5 * 1
+2 * 1
+3 * 1
+3 * 1
+3 * 1
+3 +14 1
+2 +91 1 0 1
+7 -94 1
+3 +2 1 0 1
+7 -2 1
+3 * 1 0 1
+7 +3 1 1
+7 * 1
+5 * 1
+3 * 1
+3 * 1
+3 * 1
+3 +2 1
+7 * 1 0 1
+7 +90 1
+4 * 1 1
+1 * 1 1
+2 * 1 1
+2 * 1 1
+2 * 1 1
+1 * 1 1
fi=(73)
+2 54 1 1 0 1 0 0 1
fe=(46)
+7 342 1
+3 * 1
+3 * 1 0 0 1 0 0 1
+4 +6 1
+3 * 1 0 0 0 0 0 0 0 0 1
+2 * 1

fn=(468)
0x13c40 1169 3 0 0 1 0 0 1
+4 +1 3 3
+8 * 3 0 0 0 0 0 0 0 0 3
+2 * 3
+3 * 3 3
+7 * 3 0 0 0 0 0 0 0 0 3
+2 -1 3 0 3
+1 * 3
+3 * 3
+3 * 3
+4 +9 3 3
+7 +3 3 3 0 0 1
+7 +1 3
+28 +4 3 3 0 1 1 0 1
+3 * 3
+3 * 3 0 0 0 0 0 0 0 0 3
+2 +36 3
+3 * 3 0 0 0 0 0 0 0 0 3 2
+22 +3 3
+4 * 3 0 3 0 0 1 0 0 1
+5 +1 3 3
+7 * 3 0 0 1 0 0 1
+4 * 3 0 3
+5 +5 3
+5 -3 3 0 3
+8 +4 3 3
+1 * 3 3

fn=(274)
0x12dc0 458 1 0 1 1 0 0 1
fi=(28)
+1 44 1
fe=(46)
+5 458 1
+3 * 1 0 1
+2 * 1
+3 * 1 0 1
+1 +5 1 1
+7 +5 1
fi=(28)
+4 44 1 1 1 0 0 0 0 0 0 0 0 1 1
cfi=(27)
cfn=(74)
calls=1 0xc780 +36 
* * 116 22 18 0 0 0 0 0 0 12 7 1
fe=(46)
+6 469 1
+3 * 1 0 0 0 0 0 0 0 0 1
+2 -2 1
+4 +11 1
+4 -11 1 0 1 0 0 1 0 0 1
+4 +11 1 0 1
+5 * 1
+3 +6 1 1
+1 * 1 1
+2 * 1 1
+1 * 1 1

fn=(586)
0x13620 608 1 0 0 1 0 0 1
+4 * 1 0 1
+1 * 1
+3 * 1 0 1
+2 * 1 0 1
+2 * 1 0 1
+2 * 1 0 1
+2 * 1 0 1
+1 * 1
+4 * 1 0 1
+4 * 1 0 1
+3 +1 1
+3 * 1 0 0 1 0 0 1 0 0 1
+6 +4 1 1 0 0 1
+4 +9 1
+7 -3 1
+7 -6 1 0 1
+4 +6 1 1 1 0 0 0 0 0 0 0 0 1 1
cfi=(24)
cfn=(88) rtld_mutex_dummy
calls=1 0x13f20 43 
* * 3 1
+6 +3 1 1
+7 * 1 1 0 0 1
+4 * 1 0 0 0 0 0 0 0 0 1
+6 +36 1 1
+7 -43 1
+2 +43 1
+3 * 1
+2 -19 1 0 0 1 0 0 1
+3 * 1
+3 * 1
+4 * 1 1
+3 * 1 0 0 0 0 0 0 0 0 1
+6 * 1
+3 * 1
+3 * 1
+3 * 1 0 1
+4 * 1
+3 * 1
+3 * 1
+10 +9 3
+3 * 3
+4 * 3 3
+5 +1 3
+3 * 3 0 0 1 0 0 1 0 0 3
+6 +6 3 3
+5 * 3 3
+7 * 3 0 0 0 0 0 0 0 0 3
+6 +3 3 3 0 0 2
+7 -2 3
+3 +6 3 3
+7 -6 3
+4 +2 3 3 0 0 1
+8 * 3
+3 +4 3
+4 -4 3
+4 * 3 3 0 1 0 0 1
+4 * 3 0 3 0 0 1 0 0 1
+3 +3 3
+4 * 3 0 0 0 0 0 0 0 0 3
+6 +4 3
+3 * 3 0 0 0 0 0 0 0 0 3
+6 +1 3 3
+7 * 3 3 0 0 1
+7 * 3
+3 * 3 0 0 0 0 0 0 0 0 3
+6 +2 3
+3 * 3 0 0 0 0 0 0 0 0 3
+6 +1 3 3
+4 * 3
+3 +9 3 0 3 1 0 0 1
+3 +10 3 3
+5 * 3 0 0 0 0 0 0 0 0 3 2
+8 * 3 0 3
+4 +2 3 3
+7 * 3 0 3
+4 * 3 0 3
+4 * 3 0 3
cfi=(29)
cfn=(136) mempcpy
calls=3 0x25cb0 197 
* * 47 7 4 1 2 1 0 0 1 12 5
+6 * 3 3
+4 * 3 3
+4 * 3
+2 * 3
+3 * 3
+3 * 3 0 3
cfi=(44) /usr/src/debug/glibc/glibc/string/../sysdeps/x86_64/multiarch/../multiarch/memset-vec-unaligned-erms.S
cfn=(140) memset
calls=3 0x25eb0 137 
* * 52 3 12 1 0 2 0 0 2 8 4
+6 +3 3 3
+4 * 3 3
+4 * 3 0 0 0 0 0 0 0 0 3 1
+2 +1 3 0 3
+7 +4 3 3
+7 -59 3
+4 * 3
+4 * 3 3
+3 * 3 0 0 0 0 0 0 0 0 3
+2 +6 4 0 0 1 0 0 1
+3 * 4 0 0 0 0 0 0 0 0 4 3
+6 +59 1
+7 * 1 1 1 0 0 0 0 0 0 0 0 1 1
cfi=(24)
cfn=(88)
calls=1 0x13f20 43 
* * 3 1
+6 +3 1 1
+4 * 1 0 1 1 0 0 1
+3 +3 1 1
+4 * 1
+4 * 1 1
+1 * 1 1
+2 * 1 1
+2 * 1 1
+2 * 1 1
+2 * 1 1
+1 * 1 1

fl=(53) /usr/src/debug/glibc/glibc/elf/dl-misc.c
fn=(576) _dl_higher_prime_number
0xc9b0 85 2
+4 +38 2
+7 -1 2
+4 +3 2 0 0 1 0 0 1
+65 +2 10
+3 * 10
+3 * 10
+3 * 10
+4 * 10
+4 * 10
+3 * 10
+3 * 10
+4 +1 10 10 0 0 4 0 0 2
+2 * 10
+3 * 10 0 0 0 0 0 0 0 0 10 3
+2 +3 7
+3 -6 7
+3 * 7 0 0 0 0 0 0 0 0 7 7
-3 * 5 0 0 1 0 0 1
+3 * 5 0 0 0 0 0 0 0 0 5 4
+2 +18 2 2
+2 +1 2 2
+4 -15 3
+4 * 3

fn=(172) _dl_name_match_p
0xc950 68 133 0 0 1 0 0 1
+4 * 133 0 133
+1 * 133
+3 * 133 0 133 0 0 1 0 0 1
+2 * 133
+3 * 133 0 133
+1 * 133
+3 +1 133 133
+4 * 133 0 133
cfi=(33)
cfn=(100)
calls=133 0x26880 +29 
* * 4064 898 0 4 0 0 4 0 0 480 80 33 26
+5 * 133
+2 +1 133
+5 -1 133 0 0 0 0 0 0 0 0 133
+2 +3 133 133
+4 +2 133
+3 * 133 0 0 0 0 0 0 0 0 133 14
+6 +4 129 129
+4 -4 129
+3 * 129 0 0 0 0 0 0 0 0 129 26
+2 +1 151 151 0 1 0 0 1
+3 * 151
+3 * 151 0 151
cfi=(33)
cfn=(100)
calls=151 0x26880 +23 
* * 5634 1039 0 10 1 0 10 1 0 644 141 74 37
+5 * 151
+2 * 151 0 0 0 0 0 0 0 0 151 29
+2 -5 22
+5 +11 22 22
+1 * 22 22
+2 * 22 22
+1 * 22 22
+7 * 111 111
+1 -1 111
+2 +1 111 111
+2 * 111 111
+1 * 111 111

fn=(226) _dl_sysdep_read_whole_file
0xc880 36 1 0 0 1 0 0 1
+4 * 1 0 1
+1 +3 1
+2 -3 1
+3 * 1 0 1 0 0 1 0 0 1
+2 * 1
+3 * 1 0 1
+1 * 1
+3 +3 1
+5 -3 1
+7 +3 1 0 1 0 0 1 0 0 1
cfi=(55) /usr/src/debug/glibc/glibc/io/../sysdeps/unix/sysv/linux/open64_nocancel.c
cfn=(186) __open_nocancel
calls=1 0x24bb0 -11 
* * 21 2 2 0 0 1 0 0 1 3
+5 +1 1
+7 * 1
+2 * 1 0 0 0 0 0 0 0 0 1 1
+19 +2 1 0 0 1 0 0 1
+7 * 1
+2 * 1 0 1
+6 * 1 0 1
cfi=(58) /usr/src/debug/glibc/glibc/io/../sysdeps/unix/sysv/linux/fstat64.c
cfn=(194) fstat
calls=1 0x24950 -12 
* * 6 1 0 0 0 0 0 0 0 1
+5 * 1 1
+7 * 1
+2 * 1 0 0 0 0 0 0 0 0 1
+2 +2 1 1 0 0 1 0 0 1
+4 * 1 0 1
+3 +3 1
+3 * 1 0 0 0 0 0 0 0 0 1 1
+9 +13 1
+3 * 1 0 1
+7 * 1 0 1
cfi=(63) /usr/src/debug/glibc/glibc/io/../sysdeps/unix/sysv/linux/close_nocancel.c
cfn=(206) __GI___close_nocancel
calls=1 0x24a80 -35 
* * 6 1 0 0 0 0 0 0 0 1
+5 * 1 1
+7 +3 1
+7 * 1 1
+1 * 1 1
+2 * 1
+3 * 1 1
+1 * 1 1
+10 -14 1 0 0 1 0 0 1
+3 * 1
+3 * 1
+5 * 1
+2 * 1 0 1
+7 * 1 0 1
cfi=(60) /usr/src/debug/glibc/glibc/misc/../sysdeps/unix/sysv/linux/mmap64.c
cfn=(198) mmap
calls=1 0x24dd0 -2 
* * 26 4 3 0 0 0 0 0 0 4 2
+5 * 1 1
+7 * 1
+3 * 1

fl=(276) /usr/src/debug/glibc/glibc/elf/dl-runtime.c
fn=(1012) _dl_fixup
0x11e30 46 24 0 0 2
+4 * 24 0 24
+1 +2 24
+2 -2 24
+3 * 24 0 24
+2 * 24 0 24
+2 * 24 0 24
+2 * 24 0 24 1 0 0 1
+2 +9 24
+3 -9 24 0 24
+1 * 24
fi=(401) /usr/src/debug/glibc/glibc/elf/../sysdeps/x86_64/dl-runtime.h
+3 -18 24
fe=(276)
+4 +18 24
+4 +2 24 24 0 0 2
+4 * 24 24 0 0 2
+3 * 24 24 0 0 2
+7 * 24 24 0 0 3
+4 * 24
+4 * 24
+4 * 24
+4 +1 24 24
+4 * 24 24
+4 +5 24 24 0 0 2
+7 +1 24 24 0 2 3 0 1
+4 * 24
+4 * 24
+3 +1 24 24 0 0 9
+4 +2 24 24 0 0 2
+4 -2 24
+3 * 24
+4 * 24
+4 * 24
+3 * 24
+4 * 24 0 24 0 0 3
+4 +7 24
+4 * 24 0 0 0 0 0 0 0 0 24 2
+6 +4 24 24 0 0 18 0 0 12
+4 * 24 0 0 0 0 0 0 0 0 24 1
+6 +4 24 24 0 2 3 0 1
+7 -22 24
+3 +20 24
+3 +2 24
+3 * 24 0 0 0 0 0 0 0 0 24 1
+2 +4 24
+3 * 24 24 0 0 3
+4 * 24 24 0 0 6
+3 +1 24
+6 * 24
+4 * 24 24 0 0 2
+7 * 24
+4 -7 24
+2 * 24 24 0 0 6
+4 * 24
+3 * 24
+4 +16 24 24 0 1 0 0 1
+8 -1 24
+5 +1 24
+2 * 24 0 0 0 0 0 0 0 0 24 17
+19 +10 24 24 0 0 2
+7 * 24 24
+2 * 24 0 24
+2 * 24
+6 * 24 0 24
+1 * 24
+3 * 24
+4 * 24
+3 * 24 0 24
cfi=(79) /usr/src/debug/glibc/glibc/elf/dl-lookup.c
cfn=(296) _dl_lookup_symbol_x
calls=24 0xb780 769 
* * 18790 4680 1705 83 270 37 1 12 1 2643 194 23 19
+5 * 24
+3 +4 24 24 0 2 0 0 1
+8 * 24 24
+2 * 24 24
+2 * 24
+2 * 24 0 0 0 0 0 0 0 0 24
+6 +10 24 24
+4 * 24
+3 * 24 0 0 0 0 0 0 0 0 24
+6 * 24 24
+5 * 24 0 0 0 0 0 0 0 0 24
+6 * 24
+3 * 24 0 0 0 0 0 0 0 0 24
+6 * 24 24
+3 * 24 24
+4 * 24 0 24
+4 +15 24 24 0 1 0 0 1
+4 * 24
+3 * 24
+2 * 24 0 0 0 0 0 0 0 0 24 4
+6 +9 24 24
+7 * 24
+3 * 24 0 0 0 0 0 0 0 0 24 6
+30 +26 24 24
+6 * 24
+2 * 24 0 0 0 0 0 0 0 0 24
fi=(6)
+2 +64 24 0 24 2 0 0 1
fe=(276)
+4 -60 24
+4 * 24 24
+1 * 24 24
+2 * 24 24
+2 * 24 24
+2 * 24 24
+2 * 24 24
+1 * 24 24
0x12038 -1 24 24 0 1 0 0 1
+4 * 24 0 0 1 0 0 1
0x120c0 -39 2 0 2 1 0 0 1
fi=(402) /usr/src/debug/glibc/glibc/elf/../sysdeps/x86_64/dl-irel.h
+4 -91 2 0 2 0 0 0 0 0 0 0 0 2 2
cob=(2)
cfi=(102)
cfn=(352)
calls=1 0xab660 -3 
* * 22 4 0 4 0 0 0 0 0 6 3
cob=(2)
cfi=(135)
cfn=(446)
calls=1 0xaed40 -3 
* * 25 5 0 2 2 0 0 0 0 5 1
fe=(276)
+2 +93 2 2
+4 * 2 0 2
+4 * 2

fl=(44)
fn=(140)
0x25eb0 137 10 0 0 1 0 0 1
+4 +1 10
+4 * 10
+3 * 10
+4 * 10 0 0 1 0 0 1
+4 * 10
+5 +5 10
+4 +1 10 0 0 0 0 0 0 0 0 10 5
+6 +3 7
+4 +1 7 0 0 0 0 0 0 0 0 7 3
+2 +2 2 0 2 0 0 2 0 0 2
+5 +1 2 0 2
+3 +1 2 2
+10 +84 5 0 5 0 0 5 0 0 5
+3 +1 5 0 5
+4 +12 5
+3 +3 5
+4 +1 5 0 0 0 0 0 0 0 0 5
+2 +12 5 0 5 0 0 2 0 0 2
+4 +1 5 0 5 1 0 2 1 0 2
+4 +13 5
+4 +1 5
+7 +2 5 0 0 0 0 0 0 0 0 5 1
+2 +3 4
+4 +3 4
+4 * 4
+9 +3 4 0 4
+3 +1 4 0 4
+4 +1 4 0 4 0 0 1 0 0 1
+4 +1 4 0 4 0 0 1 0 0 1
+4 +1 4
+4 +1 4
+3 +1 4 0 0 0 0 0 0 0 0 4 2
-22 -6 96 0 96 0 0 39 0 0 39
+3 +1 96 0 96
+4 +1 96 0 96 0 0 55 0 0 55
+4 +1 96 0 96 0 0 2 0 0 2
+4 +1 96
+4 +1 96
+3 +1 96 0 0 0 0 0 0 0 0 96 17
+2 +3 5 0 5 0 0 1 0 0 1
+3 +1 5 0 5 0 0 1 0 0 1
+4 +1 5 0 5
+4 +1 5 0 5 0 0 1 0 0 1
+4 +5 5 5
+9 +46 3 0 0 2 0 0 1
+5 +2 3
+3 +1 3 0 0 0 0 0 0 0 0 3 3
+24 +39 3 0 3 0 0 1 0 0 1
+3 +1 3 0 3
+5 +2 3 3

fl=(38) /usr/src/debug/glibc/glibc/elf/dl-hwcaps.c
fn=(114) _dl_important_hwcaps
0x1bf80 171 1 0 0 1 0 0 1
+4 * 1 0 1
+1 * 1
+3 * 1 0 1
+2 * 1
+3 * 1 0 1
+2 * 1
+4 * 1 0 1
+2 +3 1
+3 -3 1 0 1
+2 +3 1
+3 -3 1 0 1
+1 * 1
+3 * 1
+7 * 1 0 1 0 0 1 0 0 1
+4 * 1 0 1
+4 * 1 0 1
+7 +2 1 0 1 0 0 1 0 0 1
cfi=(39) /usr/src/debug/glibc/glibc/elf/../sysdeps/x86_64/dl-hwcaps-subdirs.c
cfn=(116) _dl_hwcaps_subdirs_active
calls=1 0x1c310 29 
* * 36 6 0 3 0 0 3 0 0 7 1
fi=(40) /usr/src/debug/glibc/glibc/elf/./dl-hwcaps.h
+5 43 1 0 1
fe=(38)
+4 173 1 0 1 1 0 0 1
fi=(40)
+3 45 1 0 1
+8 +32 1 0 1
+7 +1 1 0 1
+8 +1 1
fe=(38)
+24 -28 1
+3 * 1 0 1
cfi=(41) /usr/src/debug/glibc/glibc/elf/dl-hwcaps_split.c
cfn=(122) _dl_hwcaps_split_masked
calls=1 0x1c510 * 
* * 20 5 3 3 0 1 3 0 1 2 2
+5 * 1
+2 * 1 0 0 0 0 0 0 0 0 1
fi=(40)
+2 -8 1 0 0 1 0 0 1
+7 +2 1 0 1
+8 -2 1 0 1
+4 +34 1 1
+3 * 1 0 1
+3 +1 1 1
+4 * 1 0 1
+4 +1 1
fe=(38)
+9 -25 2 2
+4 -1 2
+4 +1 2
+3 +2 2
+3 * 2
+4 -5 2
+3 * 2 0 2
cfi=(41)
cfn=(122)
calls=2 0x1c510 * 
* * 140 28 17 0 0 0 0 0 0 17 5
-3 * 1
+3 * 1 0 1 1 0 0 1
cfi=(41)
cfn=(122)
calls=1 0x1c510 * 
* * 158 30 20 5 1 0 5 1 0 19 3
+5 * 3
+2 * 3 0 0 0 0 0 0 0 0 3 2
+2 +48 1
+3 * 1 0 1
+4 * 1
+4 * 1 0 1
fi=(28)
+7 -43 1
+3 * 1 1 1 0 0 0 0 0 0 0 0 1 1
cfi=(27)
cfn=(78)
calls=1 0xc630 -20 
* * 18 3 3 0 0 0 0 0 0 3 1
fe=(38)
+6 +45 1 1
+4 * 1
+3 -2 1 0 1
+7 +2 1 0 0 0 0 0 0 0 0 1
fi=(40)
+6 -58 1 0 1
+4 * 1
+3 * 1
fe=(38)
+2 +61 1 0 1 1 0 0 1
fi=(40)
+7 -59 1 0 1
+8 * 1 0 1
+4 +1 1
fe=(38)
+45 +65 1 0 0 1 0 0 1
+3 * 1 0 1
cfi=(41)
cfn=(124) _dl_hwcaps_split
calls=1 0x1c3a0 -86 
* * 7 2 0 0 0 0 0 0 0 1 1
+5 * 1
+2 * 1 0 0 0 0 0 0 0 0 1
fi=(40)
+2 -68 1
+3 * 1
+3 +2 1 0 1
+8 -2 1
+3 * 1
+7 * 1 0 1
+4 +34 1 1
+3 * 1 0 1
+3 +1 1 1
+4 * 1 0 1
+4 * 1
+3 * 1
+3 * 1
+3 +1 1
fe=(38)
+3 +47 2 2
+4 * 2
+3 * 2
+4 * 2 2
+7 * 2 0 2
+3 +1 2 2
+4 * 2 0 2
+3 +1 2
+3 +1 2
+4 -1 2 0 2
+3 -4 2
+3 * 2 0 2
cfi=(41)
cfn=(122)
calls=2 0x1c510 -73 
* * 140 28 17 0 0 0 0 0 0 17 5
-3 * 1 0 0 1 0 0 1
+3 * 1 0 1
cfi=(41)
cfn=(122)
calls=1 0x1c510 -73 
* * 158 30 20 0 0 0 0 0 0 19 3
+5 * 3
+2 * 3 0 0 0 0 0 0 0 0 3 2
+2 +8 1
+3 * 1 1
+4 * 1
+3 * 1 0 0 1 0 0 1 0 0 1
+6 +9 1 1
+7 * 1
+4 * 1 0 0 0 0 0 0 0 0 1
+6 +3 1 1
+7 * 1 0 1
+7 * 1
+5 * 1 0 1
+7 * 1 0 1
+4 * 1 0 1
+4 * 1 0 1
+7 * 1 0 1 1 0 0 1
+7 * 1 0 1
+7 * 1
+6 -2 1 1
+4 * 1
+3 * 1 0 1
+4 * 1
+3 * 1
+4 * 1
+4 * 1
+10 +8 1 1
+4 * 1 1
+4 +4 1 1
+4 * 1 1
+3 -4 1 0 0 1 0 0 1
+3 * 1
+3 +4 1
+4 * 1
+3 * 1 0 1
cfi=(43)
cfn=(130)
calls=1 0x259e0 -95 
* * 19 5 0 3 0 0 3 0 0 4 2
+5 +1 1
+2 * 1 0 0 0 0 0 0 0 0 1
+2 +1 1 0 0 0 0 0 0 0 0 1 1
+7 +4 1 1
+5 +1 1 1
+4 * 1
+5 +1 1 0 1
+3 -20 1
+4 * 1
+4 +19 1 0 1
+3 +1 1 0 1
+5 -20 1 0 0 1 0 0 1
+4 * 1 0 0 0 0 0 0 0 0 1
+2 * 1 1
+4 -1 1
+4 * 1 1
+4 * 1 0 0 0 0 0 0 0 0 1
+6 * 1 1
+7 * 1 1
+7 * 1 1
+7 * 1 1
+7 * 1 1
+7 +47 1 1
+4 * 1 0 0 1 0 0 1
+5 * 1 0 1
+4 * 1 0 1 0 0 1 0 0 1
+3 -3 1
+4 +7 1 1
+7 -7 1
+3 +7 1
fi=(28)
+5 56 1 1 1 0 0 0 0 0 0 0 0 1
cfi=(27)
cfn=(78)
calls=1 0xc630 -20 
* * 18 3 3 0 0 0 0 0 0 3 1
+6 * 1
fe=(38)
+3 193 1
+3 * 1 0 0 0 0 0 0 0 0 1
+6 +8 1 1
+4 +1 1
+3 * 1
+3 * 1
+2 * 1
+5 * 1 0 1 1 0 0 1
+4 -1 1 1
+3 * 1
+4 * 1
+3 +1 1 0 1
+4 * 1 0 1
cfn=(134) copy_hwcaps
calls=1 0x1bee0 73 
* * 46 11 13 3 0 1 3 0 1 3 2
+5 +1 1 1
+3 * 1 1
+4 * 1
+3 * 1
+7 * 1 0 1
cfn=(134)
calls=1 0x1bee0 73 
* * 394 82 69 1 0 2 1 0 2 43 11
+5 * 1 1
+4 +4 1 1
+4 -23 1 1
+4 +23 1 0 1
+3 +1 1 0 1 1 0 0 1
+8 -24 1 1
+7 * 1
+4 * 1 0 1
+3 +31 1
+7 * 1
+3 * 1 1
+1 * 1 1
+2 * 1 1
+2 * 1 1
+2 * 1 1
+2 * 1 1
+1 * 1 1

fn=(134)
0x1bee0 73 2 0 2 1 0 0 1
+1 * 2
+3 * 2 0 2
+2 * 2
+3 * 2 0 2
+2 +6 2
+10 -6 2 0 2
+2 +6 2 0 0 1 0 0 1
+10 -6 2 0 2
+1 * 2
fi=(40)
+4 -30 2 0 2
+4 +2 2 0 2
+8 +32 2 0 2
+3 +1 2 0 2
+4 +1 2
fe=(38)
+7 -1 2 2
+4 * 2 2
+3 +1 2 2
+4 * 2 2
+4 -1 2 0 2
+3 +1 2
+4 * 2 0 2 0 0 1 0 0 1
+4 * 2 0 2 0 0 1 0 0 1
+4 * 2 0 2
cfi=(29)
cfn=(136)
calls=2 0x25cb0 197 
* * 26 6 4 1 0 0 1 0 0 4 4
+6 +4 2 0 2
+3 +2 2 2
+4 +2 2
+4 -3 2 2
+3 +1 2
+4 * 2 0 2
+4 +1 2
+4 * 2 0 2
+3 +1 2 0 2
+4 -11 2
+4 * 2 0 2
cfi=(41)
cfn=(122)
calls=2 0x1c510 -25 
* * 140 28 17 0 0 0 0 0 0 17 4
-4 * 2 0 0 1 0 0 1
+4 * 2 0 2
cfi=(41)
cfn=(122)
calls=2 0x1c510 -25 
* * 178 35 23 0 0 1 0 0 1 21 3
+5 * 4
+2 * 4 0 0 0 0 0 0 0 0 4 2
+2 +13 2
+4 * 2 2
+1 * 2 2
+2 * 2 2
+2 * 2 2
+2 * 2 2
+1 * 2 2

fl=(11)
fn=(28)
0x14cf0 438 40 0 0 3 0 0 1
+4 +3 40
+2 * 40
+7 -3 40
+3 +3 40 0 0 2 0 0 1
+7 * 40
+4 * 40 40 0 0 37 0 0 35
+3 * 40
+3 * 40 0 0 0 0 0 0 0 0 40 4
+2 +9 37 37 0 0 23 0 0 18
+4 -9 37
+2 * 37 0 0 0 0 0 0 0 0 37 17
+2 +19 22 0 22
+3 +7 22
+7 * 22 22 0 0 8 0 0 6
+5 * 22 0 0 0 0 0 0 0 0 22 11
-12 * 18
+7 * 18 18 0 0 2 0 0 2
+5 * 18 0 0 0 0 0 0 0 0 18 11
+22 +2 40 40
+8 -19 18 0 18 4 0 0 1
+3 +1 18
+5 +9 3
+5 * 3

fn=(60) do_tunable_update_val
0x14480 73 6 6 0 1 0 0 1
+3 -3 6
+3 * 6
+3 +3 6
+3 * 6 0 0 0 0 0 0 0 0 6
+6 * 6
+2 * 6 0 0 0 0 0 0 0 0 6
+2 +10 6 6
+3 +11 6 6
+4 +1 6 6
+4 -1 6
+3 * 6 0 0 0 0 0 0 0 0 6
+6 * 6 6
+3 +1 6
+3 * 6
+3 * 6 0 0 0 0 0 0 0 0 6
+2 * 6 6
+3 +4 6
+3 * 6
+4 +2 6 0 0 1 0 0 1
+3 * 6
+4 +4 6
+3 -4 6
+4 * 6
+4 +11 6
+3 * 6 0 0 0 0 0 0 0 0 6
+6 +1 6
+3 * 6 0 0 0 0 0 0 0 0 6 4
+68 +3 6 0 6 1 0 0 1
+4 +1 6 0 6
+4 +1 6 0 6
+4 +1 6 0 6
+4 * 6 6

fn=(22) __GI___tunables_init
0x14680 294 1 0 0 1 0 0 1
+4 +6 1 1
+6 * 1
+2 * 1 0 0 0 0 0 0 0 0 1
+6 -6 1 0 1
+1 +10 1
+5 * 1
+2 -10 1
+3 * 1 0 1
+2 * 1 0 1
+2 * 1
+7 * 1 0 1
+2 * 1 0 1
+2 * 1
+3 +10 1
+7 -10 1 0 1
+1 * 1
+7 +10 1 0 1 1 0 1 1 0 1
* * 27 0 26 0 0 3 0 0 3 27 10
+3 +2 1
+4 * 1
+11 43 1
+3 * 1 0 0 0 0 0 0 0 0 1
-3 * 75
+3 * 75 0 0 0 0 0 0 0 0 75
+6 * 76 76
+4 * 76
+3 * 76 0 0 0 0 0 0 0 0 76 1
+6 +6 75 75 0 0 23 0 0 23
+4 -3 75
+4 +3 75
+2 * 75 0 0 0 0 0 0 0 0 75
+6 * 75
+2 * 75 0 0 0 0 0 0 0 0 75
+2 * 75
+5 * 75
+1 * 75 75 0 1 1 0 1 1
+5 * 75
+3 * 75
+4 * 75
+2 * 75 0 0 0 0 0 0 0 0 75
-14 * 892 892 0 0 13 0 0 13
+5 * 892
+3 * 892
+4 * 892
+2 * 892 0 0 0 0 0 0 0 0 892
+2 * 967
+3 * 967 0 0 0 0 0 0 0 0 967 89
+2 +4 75
+2 * 75 0 0 0 0 0 0 0 0 75
+2 +4 75
fi=(12) /usr/src/debug/glibc/glibc/elf/dl-tunables.h
+5 160 75
fe=(11)
+4 57 75
fi=(12)
+3 160 75
fe=(11)
+5 57 75
+7 * 75
+4 * 75
fi=(12)
+11 160 75 75 0 1 0 0 1
+3 +1 75
+2 * 75 0 0 0 0 0 0 0 0 75
-5 -1 2 2
+3 +1 2
+2 * 2 0 0 0 0 0 0 0 0 2
+6 * 77
+3 * 77 0 0 0 0 0 0 0 0 77 7
+6 -1 2
+4 * 2
+4 * 2 2 0 0 1 0 0 1
+3 * 2
+3 * 2 0 0 0 0 0 0 0 0 2 2
fe=(11)
+30 319 675 0 0 1 0 0 1
+7 * 675
+3 * 675 675 0 0 1 0 0 1
+4 +1 675
+7 * 675
+7 * 675
+5 +2 675 675 0 0 9 0 0 9
+3 * 675
+2 * 675 0 0 0 0 0 0 0 0 675 17
+2 -5 675
+4 * 675
+4 * 675 0 0 0 0 0 0 0 0 675 87
+2 * 75
fi=(12)
+14 160 763 763 0 1 0 0 1
+4 +1 763
+3 * 763 0 0 0 0 0 0 0 0 763 52
+2 * 88
+3 * 88 0 0 0 0 0 0 0 0 88
+2 -1 88 88
+4 * 88
+4 * 88
+4 * 88
+2 * 88 0 0 0 0 0 0 0 0 88 10
fe=(11)
+85 340 1 1 0 1 0 0 1
+6 * 1
+3 * 1
+2 * 1 0 0 0 0 0 0 0 0 1
+2 * 1 0 0 1 0 0 1
+7 * 1
+27 +3 9
+4 * 9
+3 * 9 0 0 0 0 0 0 0 0 9 1
+2 +3 9 9
+3 * 9
+3 * 9 0 0 0 0 0 0 0 0 9 4
+64 +9 1 0 0 1 0 0 1
+7 * 1 1
+1 * 1 1
+2 * 1 1
+2 * 1 1
+2 * 1 1
+2 * 1 1
+1 * 1 1
fi=(12)
+8 165 75 0 0 1 0 0 1
+2 * 75
+3 * 75 0 0 0 0 0 0 0 0 75 5
fe=(11)

fn=(58) __GI___tunable_set_val
0x14660 162 6 0 0 1 0 0 1
+4 +1 6
+2 * 6
+7 * 6
+7 * 6
+3 +2 6
cfn=(60)
calls=6 0x14480 -92 
* * 198 42 24 3 0 0 3 0 0 36 4

fl=(8)
fn=(14)
0x124f0 25 7 0 0 1 0 0 1
+4 +3 7 7
+7 * 7
+3 * 7 0 0 0 0 0 0 0 0 7
+2 +3 7 7 0 1 0 0 1
+4 * 7 7
+7 * 7 0 0 0 0 0 0 0 0 7
+2 +1 7 7 0 0 7 0 0 7
+2 * 7 0 7
+6 +2 7 7 0 0 1 0 0 1
+3 -1 7 7
+3 +3 7
+4 * 7
+3 * 7 0 0 0 0 0 0 0 0 7
+6 +1 7 0 7
+7 +1 7
+4 * 7 7
+3 +2 7 0 7
+7 -2 7 0 7 1 0 0 1
+6 +3 7
+3 * 7
+4 +4 7
+2 * 7
+3 -2 7 0 7
+7 +2 7
+4 * 7 0 7
+7 +5 7 7

fl=(179)
fn=(614)
0x1f40 27 1 0 0 1 0 0 1
+4 +2 1
+3 * 1 0 0 0 0 0 0 0 0 1
+2 -2 1 0 1
+1 +6 1
+5 * 1
+6 * 1
+7 -6 1
+3 * 1 0 1
+1 * 1
+2 +6 1
+7 -6 1
+4 +6 1 0 1
+4 * 1 0 1
cfi=(176)
cfn=(600)
calls=1 0xc480 +41 
* * 253 55 19 0 11 0 0 5 0 24 9 2 2
+5 * 1
+3 +4 1
+3 * 1 0 0 1 0 0 1 0 0 1
+6 * 1 1
+4 +2 1 1
+5 * 1 0 0 0 0 0 0 0 0 1
+2 * 1 1
+3 +1 1
+3 -1 1 1
+4 +2 1 1
+4 * 1 1
+1 -1 1 0 0 0 0 0 0 0 0 0 0 1 1
cob=(2)
cfi=(180)
cfn=(616)
calls=1 0x16a4b0 -5 
* * 1389 154 202 30 52 39 28 34 38 202 28 20 20

fl=(45)
fn=(142)
0x36b0 120 1 0 0 1 0 0 1
+4 -44 1
+3 * 1 0 0 0 0 0 0 0 0 1
+2 +46 1 1 0 1 1 0 1 1
+8 * 1 0 0 0 0 0 0 0 0 1
+2 +5 1
+3 * 1 0 0 0 0 0 0 0 0 1
+2 * 1 0 1
+7 +1 1
+7 +26 1 0 1
+10 -26 1 0 1
+7 +29 1 1
+8 * 1 0 0 0 0 0 0 0 0 1 1
+6 -37 1
+7 +49 1
+3 * 1 1
0x3778 -9 1 1 0 1 0 0 1
+7 * 1 0 1 1 0 0 1
+7 +2 1 1
+7 * 1
+3 * 1 0 0 0 0 0 0 0 0 1 1

fn=(612)
0x3590 46 1 0 0 1 0 0 1
+4 * 1 0 1
+1 +6 1
+3 * 1
+3 * 1
+3 -6 1
+3 * 1
+4 +6 1 1
+7 * 1
+7 * 1 0 1
+2 * 1
+4 * 1 0 1
+2 -1 1 0 1 1 0 0 1
+8 +1 1 0 1
cfi=(79)
cfn=(296)
calls=1 0xb780 769 
* * 674 198 82 0 9 0 0 1 0 100 9 1 1
+5 +2 1 1
+1 * 1 1
+1 -2 1
+3 +2 1 1
+4 * 1 1
+5 * 1 0 0 0 0 0 0 0 0 1
+2 +2 1 1
+5 * 1 0 0 0 0 0 0 0 0 1
+2 * 1
+3 * 1 0 0 0 0 0 0 0 0 1 1
+2 * 1 1
+3 * 1 1
+4 * 1
+3 +1 1
+7 * 1
+3 * 1 0 0 0 0 0 0 0 0 1 1
+15 +13 1 1 0 1
+1 * 1 1

fn=(148)
0x3670 104 2 0 0 1 0 0 1
+4 +3 2
+7 -2 2 0 2
+3 +2 2 0 0 1
+3 * 2 0 0 0 0 0 0 0 0 2 2
+2 +4 2
cfi=(48) /usr/src/debug/glibc/glibc/elf/dl-debug_state.c
cfn=(150) _dl_debug_state
calls=2 0x37c0 -83 
* * 4 2 0 2 0 0 1
+13 -4 2 2
+7 * 2
+3 * 2 0 0 0 0 0 0 0 0 2 2

fn=(212)
0x3620 94 6 0 0 1 0 0 1
+4 -17 6
+7 -1 6
+3 * 6 0 0 0 0 0 0 0 0 6 6
+18 +20 6 6 0 1 1
+5 * 6 0 0 0 0 0 0 0 0 6 1
+2 +4 6 6

fl=(15) /usr/src/debug/glibc/glibc/elf/../sysdeps/x86/dl-get-cpu-features.c
fn=(34) _dl_x86_init_cpu_features
0x19280 37 1 0 0 1 0 0 1
+4 +2 1 1
+6 * 1
+2 * 1 0 0 0 0 0 0 0 0 1 1
+4 +2 1
cfi=(16) /usr/src/debug/glibc/glibc/elf/../sysdeps/x86/cpu-features.c
cfn=(36) init_cpu_features.constprop.0
calls=1 0x17d00 724 
* * 7287 846 502 98 27 9 98 27 9 1629 228

fn=(596) __x86_cpu_features
0x19250 76 1 0 0 1 0 0 1
+4 -37 1 1
+6 * 1
+2 * 1 0 0 0 0 0 0 0 0 1
+2 +37 1
+2 * 1 1

fl=(39)
fn=(116)
0x1c310 29 1 0 0 1 0 0 1
fi=(18) /usr/src/debug/glibc/glibc/elf/../sysdeps/x86/get-isa-level.h
+4 +2 1 1
fe=(39)
+6 +7 1
fi=(18)
+2 -7 1
+2 * 1
+5 * 1 0 0 0 0 0 0 0 0 1 1
fe=(39)
+2 +21 1
+2 * 1 1
fi=(18)
+9 -20 1 1
+6 * 1
+3 * 1 0 0 0 0 0 0 0 0 1
+2 +7 1 1 0 1 0 0 1
fe=(39)
+6 -1 1
fi=(18)
+2 +1 1
+2 * 1
+2 * 1
+6 * 1 0 0 0 0 0 0 0 0 1
+2 +1 1 1
+6 * 1
+2 * 1
+3 * 1 0 0 0 0 0 0 0 0 1
+2 +8 1
fe=(39)
+2 -5 1
fi=(18)
+5 +5 1
+5 * 1 0 0 0 0 0 0 0 0 1
+2 +3 1 1
+6 * 1
+2 * 1
+6 * 1 0 0 0 0 0 0 0 0 1
+2 +3 1
+3 * 1 0 0 0 0 0 0 0 0 1
fe=(39)
+2 -3 1 0 0 1 0 0 1
+6 * 1
+5 * 1
+5 * 1
+3 * 1

fl=(24)
fn=(88)
0x13f20 43 178
+4 +2 178
+2 * 178 178

fn=(278)
0x13f80 69 1 0 0 1 0 0 1
+4 * 1 0 1
fi=(403) /usr/src/debug/glibc/glibc/elf/../include/list.h
+1 -25 1
fe=(24)
+7 +25 1
+3 * 1
fi=(403)
+4 -26 1 1
fe=(24)
+7 +27 1 1
+9 +3 1
fi=(403)
+7 -30 1 0 1
+7 +1 1 0 1
+7 +1 1 0 1
+4 +2 1 0 1 1 0 0 1
fe=(24)
+7 +29 1
+7 * 1
+5 * 1
+2 * 1 0 1
+6 +1 1
+7 * 1 0 1
+9 +1 1 0 1
+12 +5 1 1
+7 * 1 0 1 1 0 0 1
+8 +5 1
+7 +6 1
+5 -3 1 0 1
+11 +3 1
+5 -6 1
+5 * 1
+4 * 1 0 1
+7 +6 1
+2 +16 1
+2 * 1
+4 * 1
+5 * 1 0 1
cfi=(11)
cfn=(28)
calls=1 0x14cf0 438 
* * 18 4 1 0 0 0 0 0 0 3 2
fi=(76) /usr/src/debug/glibc/glibc/elf/../sysdeps/unix/sysv/linux/rseq-internal.h
+5 -10 1 1 0 1 0 0 1
+3 -7 1 1
+7 +7 1
+2 * 1 0 0 0 0 0 0 0 0 1 1
+2 +24 1 0 1
fe=(24)
+9 -12 1 0 1
+10 +6 1 1
+7 * 1 0 1
+9 +1 1 1
+1 * 1 1
fi=(76)
+6 -11 1 1
+6 * 1 0 0 1 0 0 1
+5 -15 1 0 1
+4 * 1
+3 +15 1
+2 * 1
+3 +4 1
+2 -19 1 1
+9 +19 1 0 1
+3 * 1
+2 * 1 0 1
cfi=(44)
cfn=(140)
calls=1 0x25eb0 +25 
* * 13 1 2 0 0 1 0 0 1 2
+6 +4 1 1
+4 -4 1
+3 +4 1 0 1
+9 +2 1
+6 * 1 1
+3 * 1
+2 * 1 0 0 1 0 0 1
+5 * 1
+2 +1 1
+5 * 1 0 0 0 0 0 0 0 0 1 1
fe=(24)

fn=(68)
0x13f30 54 1 0 0 1 0 0 1
+4 * 1
+7 * 1
+4 * 1 0 0 1 0 0 1
+4 +3 1
+5 * 1
+5 * 1
+5 * 1
+4 * 1
+4 * 1
+4 * 1 0 1 0 0 1 0 0 1
+3 * 1 0 1
+4 * 1 0 1
+4 +5 1
+7 * 1 0 1
+7 +1 1 0 1
+7 +2 1 1

fl=(1) ???
fn=(0) 0x000000000001eb40
0x1eb40 0 1 0 0 1 0 0 1
+3 0 1 0 1 0 0 1 0 0 1
cfi=(2)
cfn=(2)
calls=1 0x1f690 520 
* 0 2661496 677271 253019 1095 16745 2660 1075 8562 1825 415345 16725 5479 1331
+5 0 1 0 0 1
+3 0 1
+3 0 1 1
+6 0 1
+6 0 1 0 0 0 0 0 0 0 0 1 1
+19 0 1
+2 0 1
+4 0 1 0 1
cfi=(77)
cfn=(648) _dl_cet_setup_features
calls=1 0x16690 331 
* 0 4 1 0 2 0 0 2 0 0 1 1
+5 0 1
+3 0 1
+3 0 1 1 0 1 1 0 1
+4 0 1
+3 0 1
+4 0 1 1
+7 0 1
+5 0 1
+4 0 1
+2 0 1 0 1
cfi=(190) /usr/src/debug/glibc/glibc/elf/dl-init.c
cfn=(652) _dl_init
calls=1 0x6300 81 
* 0 42279 12043 5501 482 298 171 482 39 126 7840 533 951 206
+5 0 1 0 0 1
+7 0 1
+3 0 1 0 0 0 0 0 0 0 0 0 0 1 1
cob=(8)
cfi=(267)
cfn=(976)
calls=1 0x2a60 0 
* 0 1066438568 293139841 129731466 18763 8585677 116118 882 190 115040 144068008 2695535 9702548 530041

fl=(29)
fn=(82)
0x25cc0 210 40 0 0 3 0 0 1
+4 +1 40
+3 +6 40
+4 +1 40 0 0 0 0 0 0 0 0 40 8
+2 +2 33 33 0 0 9 0 0 1
+3 +1 33
+4 +1 33 0 0 0 0 0 0 0 0 33 13
+2 +2 17 17 0 0 1
+5 +1 17 0 17 0 0 5 0 0 5
+3 +1 17 0 17 0 0 3 0 0 3
+5 +2 17 17
+13 +80 7
+3 +1 7 0 0 0 0 0 0 0 0 7 5
+2 +2 1
+3 +4 1 0 0 0 0 0 0 0 0 1
+2 +1 1
+3 +1 1 0 0 0 0 0 0 0 0 1 1
+2 +1 1 1 0 1 1 0 1 1
+2 +1 1 0 0 0 0 0 0 0 0 1 1
+12 +4 1 0 1 0 0 1 0 0 1
+2 +2 1 1
+17 +39 6 6
+5 +1 6 6
+3 +1 6 0 6 0 0 4 0 0 4
+3 +1 6 0 6 0 0 1 0 0 1
+5 +1 6 6
+1 +7 8 8 0 1
+5 +1 8 8
+5 +1 8 0 8 0 0 1 0 0 1
+3 +1 8 0 8 0 0 2 0 0 2
+4 +1 8 0 8 0 0 1 0 0 1
+5 +1 8 0 8
+5 +1 8 8
+4 +11 16 0 0 3 0 0 1
+7 +1 16 0 0 0 0 0 0 0 0 16 1
+2 +2 15 15 0 0 2
+4 +1 15
+4 +1 15 0 0 0 0 0 0 0 0 15 7
+2 +2 7 7 0 0 2
+4 +1 7 7 0 0 3
+4 +1 7 7 0 0 4
+5 +1 7 7
+5 +1 7 7
+5 +1 7 7
+5 +1 7 0 7 1 0 0 1
+3 +1 7 0 7 0 0 1 0 0 1
+4 +1 7 0 7 0 0 4 0 0 4
+4 +1 7 0 7 0 0 2 0 0 2
+4 +1 7 0 7 0 0 3 0 0 3
+5 +1 7 0 7
+5 +1 7 0 7
+5 +1 7 0 7
+5 +1 7 7
+1 +4 1
+3 +1 1
+3 +4 1
+3 +2 1 0 0 0 0 0 0 0 0 1
+6 +16 1
+4 +3 1
+3 +2 1
+4 +2 1 0 0 1 0 0 1
+6 +4 1
+3 +1 1 0 0 0 0 0 0 0 0 1
+2 +9 1 1 0 0 1 0 0 1
+5 +1 1 1
+5 +2 1
+3 +2 1
+4 +1 1 1
+5 +1 1 1 0 0 1 0 0 1
+6 +3 1
+3 +2 1
+3 +2 1
+3 +2 1
+5 +6 1 1
+3 +1 1 1 0 0 1 0 0 1
+4 +1 1 1
+4 +1 1 1 0 1 0 0 1
+4 +1 1
+4 +1 1 0 1
+3 +1 1 0 1 0 0 1 0 0 1
+4 +1 1 0 1
+4 +1 1 0 1
+4 +1 1
+4 +1 1
+3 +1 1 0 0 0 0 0 0 0 0 1 1
-41 -11 2 2
+3 +1 2 2 0 0 1 0 0 1
+4 +1 2 2
+4 +1 2 2
+4 +1 2
+4 +1 2 0 2
+3 +1 2 0 2 0 0 2 0 0 2
+4 +1 2 0 2
+4 +1 2 0 2
+4 +1 2
+4 +1 2
+3 +1 2 0 0 0 0 0 0 0 0 2 1
+2 +2 1 0 1 0 0 1 0 0 1
+4 +1 1 0 1
+4 +1 1 0 1
+4 +1 1 0 1
+4 +2 1 0 1
+3 +4 1 1

fn=(136)
0x25cb0 197 10 0 0 2 0 0 1
+4 +1 10
+3 +1 10
+3 +1 10
+13 +17 10
+4 +1 10 0 0 0 0 0 0 0 0 10 3
+2 +2 6 6 0 0 1
+3 +1 6
+4 +1 6 0 0 0 0 0 0 0 0 6 2
+2 +2 4 4
+5 +1 4 0 4 0 0 1 0 0 1
+3 +1 4 0 4 0 0 1 0 0 1
+5 +2 4 4
+13 +80 4
+3 +1 4 0 0 0 0 0 0 0 0 4 2
+2 +2 2
+3 +4 2 0 0 0 0 0 0 0 0 2
+2 +1 2
+3 +1 2 0 0 0 0 0 0 0 0 2 2
+18 +8 2 2
+17 +39 2 2
+5 +1 2 2
+3 +1 2 0 2
+3 +1 2 0 2
+5 +1 2 2
+1 +7 2 2 0 0 1
+5 +1 2 2
+5 +1 2 0 2 0 0 1 0 0 1
+3 +1 2 0 2 0 0 1 0 0 1
+4 +1 2 0 2
+5 +1 2 0 2
+5 +1 2 2
+4 +11 2
+7 +1 2 0 0 0 0 0 0 0 0 2
+2 +2 2 2
+4 +1 2
+4 +1 2 0 0 0 0 0 0 0 0 2 1

fl=(9)
fn=(18) _dl_sysdep_parse_arguments
0x1d640 78 1 0 1 1 0 0 1
+1 +2 1
+4 -2 1
+3 * 1 0 1 0 0 1 0 0 1
+2 * 1 0 1
+2 * 1 0 1
+2 * 1 0 1
+2 * 1 0 1
+1 * 1
+7 +1 1 1 0 0 1 0 0 1
+4 +1 1 0 1
+7 -1 1 0 1
+6 +2 1
+2 * 1
+5 * 1 0 1 0 0 1 0 0 1
+7 +2 1 1
+4 * 1 0 0 0 0 0 0 0 0 1
+2 * 1
+3 -1 1 0 0 1 0 0 1
+4 +1 1 1
+4 * 1 0 0 0 0 0 0 0 0 1 1
-8 -1 74
+4 +1 74 74 0 0 10 0 0 10
+4 * 74 0 0 0 0 0 0 0 0 74 9
+2 +7 1
+2 * 1
+7 * 1
+5 * 1 0 1 0 0 1 0 0 1
* * 52 0 51 0 0 6 0 0 6 52 10
fi=(10) /usr/src/debug/glibc/glibc/elf/../sysdeps/unix/sysv/linux/dl-parse_auxv.h
+3 -48 1 1
fe=(9)
+4 +44 1
fi=(10)
+4 -53 1
fe=(9)
+7 +53 1 0 1 0 0 1 0 0 1
fi=(10)
+7 -53 1 0 1
+7 +1 1 0 1 1 0 0 1
+11 +1 1 0 1
+11 +7 1
+3 * 1 0 0 0 0 0 0 0 0 1
+6 * 1
+9 +1 1
+4 * 1 0 0 0 0 0 0 0 0 1
-4 * 21
+4 * 21 0 0 0 0 0 0 0 0 21
+2 +1 22 22 0 0 5 0 0 5
+4 * 22 0 22
+8 -2 22 22
+4 * 22
+4 * 22
+3 * 22 0 0 0 0 0 0 0 0 22 6
+2 +13 1 1 0 1 0 0 1
+7 +10 1
fe=(9)
+5 +29 1 1
fi=(10)
+6 -27 1
fe=(9)
+6 +26 1 1
+7 +2 1 1
fi=(10)
+7 -40 1 0 1
+7 +2 1 1
fe=(9)
+7 +37 1 0 1
fi=(10)
+6 -47 1 1
+7 +10 1 0 1 1 0 0 1
+7 +8 1 1
+7 -17 1 1
+7 +1 1 1
+7 +16 1
+3 -15 1 1
+7 +1 1 1
+7 +14 1
+4 +2 1 1
+7 -15 1 1
+7 +1 1 1 0 1 0 0 1
+7 +1 1 1
+8 * 1 1
+8 +13 1
+3 * 1 1
+4 * 1
+4 -18 1 0 1
+7 +6 1 1
+7 -5 1 0 1
+7 +5 1 0 1
+7 +2 1 1 0 1 0 0 1
+7 -6 1 0 1
+7 +6 1 0 1
fe=(9)
+7 +37 1 1
fi=(10)
+6 -42 1 0 1
+7 -4 1 0 1 0 0 1 0 0 1
+7 +5 1 0 1
+7 +1 1 0 1
+8 -8 1 0 1
+7 +21 1 0 1 1 0 1 1 0 1
+7 -20 1 0 1
+7 +18 1 0 1
fe=(9)
+6 +28 1 0 1
+3 +1 1 0 1
+3 +1 1 0 1
+4 +1 1
+7 * 1 1
+1 * 1 1
+2 * 1 1
+2 * 1 1
+2 * 1 1
+2 * 1 1
+1 * 1 1

fn=(636)
0x1e620 147 1 0 0 1 0 0 1
+4 +1 1 1

fn=(16)
0x1e560 102 1 0 0 1 0 0 1
+4 * 1 0 1
+1 * 1
+3 * 1 0 1 0 0 1 0 0 1
+1 * 1
+3 +4 1
+4 -4 1
+4 +1 1 0 1
+7 +3 1 0 1
cfn=(18)
calls=1 0x1d640 -28 
* * 538 149 106 8 16 12 8 16 12 173 26
+5 +4 1 1 0 1 0 0 1
+7 * 1 0 1
cfi=(11)
cfn=(22)
calls=1 0x14680 294 
* * 20239 3416 33 10 48 4 10 48 4 4878 285
+5 +3 1 0 1
cfi=(13) /usr/src/debug/glibc/glibc/elf/dl-sort-maps.c
cfn=(26) _dl_sort_maps_init
calls=1 0x126c0 289 
* * 32 7 4 4 2 0 4 2 0 3 2
+5 +2 1
+2 * 1 0 1
cfi=(14) /usr/src/debug/glibc/glibc/elf/../sysdeps/unix/sysv/linux/brk.c
cfn=(30) brk
calls=1 0x23a50 -79 
* * 8 1 1 1 0 1 1 0 1 1
fi=(6)
+5 +94 1 0 1
cfi=(15)
cfn=(34)
calls=1 0x19280 37 
* * 7292 847 502 99 27 9 99 27 9 1630 229
fe=(9)
+5 -87 1 1
+7 * 1
+3 * 1 0 0 0 0 0 0 0 0 1
+2 +1 1 0 1
cfi=(22) /usr/src/debug/glibc/glibc/string/../sysdeps/x86_64/multiarch/../multiarch/strlen-sse2.S
cfn=(62) strlen
calls=1 0x27ee0 -66 
* * 17 2 0 2 1 0 2 1 0 2
+5 * 1 0 1
+7 +2 1
+2 * 1 0 1
cfi=(23) /usr/src/debug/glibc/glibc/elf/../misc/sbrk.c
cfn=(64) sbrk
calls=1 0x24380 -88 
* * 13 3 1 2 0 0 2 0 0 2 1
+5 * 1 0 0 1 0 0 1
+7 * 1
+3 * 1 0 0 0 0 0 0 0 0 1
+2 +12 1 1
+6 * 1
+2 * 1 0 0 0 0 0 0 0 0 1
+2 +3 1 1
+3 * 1 1
+4 * 1
+4 * 1 1
+7 * 1 0 1 0 0 0 0 0 0 0 0 1 1
cfi=(2)
cfn=(66)
calls=1 0x1fe90 1357 
* * 2632574 672746 252287 932 16638 2612 915 8457 1777 408495 16135 5478 1330
+2 +3 1 1 0 1
+4 * 1 1
+4 * 1 1 0 0 1
+1 * 1 1

fl=(50)
fn=(156)
0x27d00 32 1 0 0 1 0 0 1
+4 * 1 0 1
+1 * 1
+3 * 1
+3 * 1
+7 +1 1 1 0 0 1 0 0 1
+3 * 1
+2 * 1 0 0 0 0 0 0 0 0 1
+6 +1 1 1
+4 * 1 0 0 0 0 0 0 0 0 1
+6 +5 1
+4 * 1
+7 * 1 0 1 0 0 1 0 0 1
+7 * 1 0 1
+7 * 1 0 1 1 0 0 1
+7 * 1 0 1
+7 +1 1 0 1 0 0 1 0 0 1
+7 * 1 0 1
+7 * 1 0 1
+7 * 1 0 1
+7 +1 1 0 1 0 0 1 0 0 1
+4 * 1 0 1
+4 * 1 0 1
+4 * 1 0 1
+4 +1 1 0 1 0 0 1 0 0 1
+4 * 1 0 1 1 0 0 1
+4 * 1 0 1
+4 * 1 0 1
+4 +2 1
+6 +3 1 1
+3 * 1
+4 * 1 0 1
+4 +1 1
+2 * 1 0 0 0 0 0 0 0 0 1 1
-13 -1 2 2
+3 * 2
+4 * 2 0 2
+4 +1 2
+2 * 2 0 0 0 0 0 0 0 0 2 1
+2 +3 1 1
+4 * 1
+2 * 1 1
+8 * 1 0 0 0 0 0 0 0 0 1
+6 +1 1 1
+5 * 1
+5 * 1 1 0 1 0 0 1
+8 * 1 0 0 0 0 0 0 0 0 1
+2 +1 1 1
+5 * 1
+5 * 1 1
+8 * 1 0 0 0 0 0 0 0 0 1
+2 +1 1 1
+5 * 1
+5 * 1 1
+8 * 1 0 0 0 0 0 0 0 0 1
+2 +2 1
+3 * 1
+4 * 1
+10 +6 1 1 0 1 0 0 1
+4 -1 1
+4 +1 1 1
+4 +2 1 1
+4 * 1 1
+4 -1 1 1
+4 * 1 1
+5 +2 1 1
+4 +2 1 1
+5 * 1
+3 * 1
+3 * 1
+3 * 1
+3 * 1 0 0 0 0 0 0 0 0 1 1
-50 -5 11 11 0 0 1 0 0 1
+4 -1 11
+4 +1 11 11
+4 +2 11 11
+4 * 11 11
+4 -1 11 11
+4 * 11 11
+5 +2 11 11
+4 +2 11 11
+5 * 11
+3 * 11
+3 * 11
+3 * 11
+3 * 11 0 0 0 0 0 0 0 0 11 9
+2 +2 1
+3 +1 1
+3 * 1 0 0 0 0 0 0 0 0 1
+2 * 1
+4 * 1 0 0 1 0 0 1
+3 +1 1 1
+1 * 1 1

fl=(60)
fn=(198)
0x24dd0 47 26 0 0 1 0 0 1
+4 +3 26
+7 * 26 0 0 0 0 0 0 0 0 26
+2 -3 26 0 26
+1 * 26
+3 * 26 0 26 0 0 2 0 0 2
+2 * 26
+3 * 26 0 26
+1 * 26
+3 +6 26
+3 * 26 0 0 0 0 0 0 0 0 26 6
+2 +5 26
+3 * 26
+3 * 26
+5 * 26
+2 * 26
+6 * 26 0 0 0 0 0 0 0 0 26
+2 +2 26 26
+1 * 26 26
+2 * 26 26
+1 * 26 26
+32 -7 9 0 0 1 0 0 1
+2 * 9
+6 * 9
+3 * 9
+2 * 9 0 0 0 0 0 0 0 0 9 3
+2 * 5 5
+7 * 5 0 0 0 0 0 0 0 0 5 2

fl=(52) /usr/src/debug/glibc/glibc/setjmp/../sysdeps/x86_64/setjmp.S
fn=(164) __sigsetjmp
0x25140 31 14 0 0 1 0 0 1
+4 +2 14 0 14
+3 +9 14
+3 +1 14 14
+7 * 14
+4 +1 14 0 14
+4 +4 14 0 14 0 0 1 0 0 1
+4 +1 14 0 14
+4 +1 14 0 14 0 0 1 0 0 1
+4 +1 14 0 14
+4 +1 14
+5 +2 14 14
+7 * 14
+4 +2 14 0 14
+4 +1 14 14 0 1 0 0 1
+4 +1 14
+1 +2 14 14
+7 * 14
+4 +2 14 0 14
+4 +8 14
+2 +3 14
+5 +1 14 0 14 0 0 1 0 0 1
+4 +7 14
+2 +1 14 14

fl=(30)
fn=(176) _dl_map_new_object
0x9d00 1928 5 0 0 1 0 0 1
+4 * 5 0 5
+1 * 5
+3 * 5 0 5
+2 * 5 0 5
+2 * 5
+3 * 5 0 5
+2 * 5
+3 * 5 0 5
+2 * 5
+3 * 5 0 5
+1 * 5
+3 * 5
+7 * 5 0 5 0 0 2 0 0 2
+6 * 5 0 5 0 0 1 0 0 1
+6 +10 5 5
+7 * 5 0 0 0 0 0 0 0 0 5 3
+11 +12 5 5 0 1 0 0 1
+6 -5 5 0 5
+7 -15 5 0 5
+11 +20 5
+2 * 5 0 0 0 0 0 0 0 0 5
+6 +14 5
+5 * 5
+3 * 5 0 5 0 0 2 0 0 2
cfi=(42)
cfn=(126)
calls=5 0x26650 32 
* * 120 15 0 0 0 0 0 0 0 10
+5 * 5
+3 * 5 0 0 0 0 0 0 0 0 5 2
+6 2116 1
+3 * 1 0 0 1 0 0 1 0 0 1
+6 -1 1
+3 * 1
+3 * 1 0 1
cfn=(178) expand_dynamic_string_token
calls=1 0x7580 375 
* * 171 30 20 8 0 2 8 0 2 16 6 1 1
+5 +6 1
+3 -7 1 0 1
+7 +1 1
+3 +2 1
+3 * 1 0 0 0 0 0 0 0 0 1
+6 +4 1
+7 * 1
+2 * 1
+6 * 1
+3 * 1
+3 * 1
+7 * 1 0 1 1 0 0 1
+7 * 1 0 1
cfn=(184) open_verify.constprop.0
calls=1 0x6780 1522 
* * 105 22 15 9 1 1 9 1 1 18 2
+5 +3 1 1
+7 * 1
+3 -3 1
+2 +3 1 0 0 0 0 0 0 0 0 1
+6 +58 1 1
+7 -46 1
+2 * 1
+7 * 1
+4 +46 1 1
+6 * 1 0 1
+2 * 1
+3 * 1
+3 * 1 1 1 1 0 0 1
+6 * 1 1
+7 * 1
+3 * 1
+3 * 1 0 1
+2 * 1 0 1
+1 * 1 0 1
cfn=(190) _dl_map_object_from_fd
calls=1 0x8160 948 
* * 1811 400 210 66 33 26 66 33 26 359 122 5 1
-49 -46 4
+2 * 4
+7 * 4
+4 +46 4 4
+6 * 4 0 4
+2 * 4
+3 * 4
+3 * 4 4 4
+6 * 4 4
+7 * 4
+3 * 4
+3 * 4 0 4
+2 * 4 0 4
+1 * 4 0 4
cfn=(190)
calls=4 0x8160 948 
* * 8950 1744 1376 15 118 186 14 118 186 1768 349 20
+5 * 5
+4 +2 5
+4 * 5 5
+1 * 5 5
+2 * 5 5
+2 * 5 5
+2 * 5 5
+2 * 5 5
+1 * 5 5
0x9ef8 1968 4 0 0 1 0 0 1
+3 * 4 0 4
cfi=(22)
cfn=(62)
calls=4 0x27ee0 57 
* * 68 8 0 0 0 0 0 0 0 8
+5 * 4 0 0 1 0 0 1
+4 * 4 0 4
+7 +2 4 4
+7 * 4 0 0 0 0 0 0 0 0 4
+6 +7 4
+3 * 4 0 0 0 0 0 0 0 0 4
+6 * 4 4
+8 * 4 0 0 0 0 0 0 0 0 4 2
0x9fe8 +4 4 4 0 1 0 0 1
+7 +8 4 0 4 0 0 1 0 0 1
+7 * 4
+3 * 4 0 4
+7 * 4 0 0 1 0 0 1
+7 -8 4 0 4
+7 +5 4
+7 * 4 0 4
+7 +3 4
+3 * 4 0 4
+7 * 4 0 4
+7 * 4
+3 -3 4 4
+7 * 4
+3 * 4 0 0 0 0 0 0 0 0 4 2
+6 +1 4 0 0 1 0 0 1
+3 * 4
+5 * 4
+7 * 4
+3 * 4 0 4
cfn=(222) cache_rpath
calls=4 0x7b90 656 
* * 32 8 0 2 0 0 2 0 0 4 2
+5 * 4
+2 * 4 0 0 0 0 0 0 0 0 4 2
0xa0ca -1 4 4 0 1 0 0 1
+7 * 4 4
+7 * 4 4
+7 * 4 4
+7 +15 4
+3 * 4 0 0 0 0 0 0 0 0 4
+6 +1 4 4
+7 * 4
+3 * 4 0 0 0 0 0 0 0 0 4
+6 * 4 4 0 1 0 0 1
+7 * 4 0 4
+6 * 4
+3 * 4
+2 * 4 0 0 0 0 0 0 0 0 4
+6 * 4
+76 +32 4 0 0 1 0 0 1
+3 * 4 0 0 0 0 0 0 0 0 4
+6 * 4
+4 +1 4
+7 * 4
+5 * 4 0 0 1 0 0 1
+7 * 4
+3 * 4 0 4
cfn=(222)
calls=4 0x7b90 656 
* * 32 8 0 0 0 0 0 0 0 4 2
+5 * 4
+2 * 4 0 0 0 0 0 0 0 0 4
+6 +8 4
+7 * 4 0 0 0 0 0 0 0 0 4
+6 +2 4 4
+6 * 4
+2 * 4 0 0 0 0 0 0 0 0 4
+6 +4 4
+3 * 4 0 4
cfi=(66)
cfn=(224) _dl_load_cache_lookup
calls=4 0x15eb0 386 
* * 5945 962 203 26 75 5 26 75 5 1402 116 4
+5 * 4
+3 +2 4
+3 * 4 0 0 1 0 0 1 0 0 4
+6 +4 4
+3 * 4 0 0 0 0 0 0 0 0 4
+6 +31 4
+3 -23 4 4
+7 * 4 0 0 0 0 0 0 0 0 4
+6 +23 4
+7 * 4
+3 * 4
+5 * 4
+3 * 4
+7 * 4
+3 * 4 0 4
+7 * 4 0 4 1 0 0 1
cfn=(184)
calls=4 0x6780 1522 
* * 456 92 62 6 1 1 6 1 1 79 14
+5 * 4
+2 +4 4
+3 * 4 0 0 0 0 0 0 0 0 4
+6 +18 4 4
+7 -17 4 0 4
+7 +17 4 4
+7 * 4 0 0 0 0 0 0 0 0 4 3
0xa35e 2003 4 4 0 1 0 0 1
+7 * 4 4
+7 * 4
+5 * 4
+7 * 4 0 4
+7 * 4 0 4 1 0 0 1
cfn=(222)
calls=4 0x7b90 656 
* * 32 8 0 0 0 0 0 0 0 4 2
+5 * 4
+2 * 4 0 0 0 0 0 0 0 0 4
+6 +9 4
+7 * 4 0 0 0 0 0 0 0 0 4
+6 +15 4 4
+8 * 4 0 0 0 0 0 0 0 0 4 2

fn=(178)
0x7580 375 1 0 1 1 0 0 1
+1 * 1
+3 * 1 0 1
+2 * 1
+3 +10 1
+3 -10 1 0 1
+1 * 1
+3 * 1
+4 +10 1 0 1 0 0 1 0 0 1
cfn=(180) _dl_dst_count
calls=1 0x7360 228 
* * 63 10 4 5 0 0 5 0 0 4 2
+5 +3 1
+3 * 1 0 0 0 0 0 0 0 0 1
+2 +12 1
+4 -11 1
+3 +11 1 1
+1 * 1 1
+2 * 1 1
+1 -11 1
cfi=(54) /usr/src/debug/glibc/glibc/string/strdup.c
cfn=(182) strdup
calls=1 0x27e80 40 
* * 91 17 12 2 0 1 2 0 1 11 4 1 1

fn=(184)
0x6780 1522 5 0 5 1 0 0 1
+1 * 5
+3 * 5 0 5
+2 * 5 0 5
+2 * 5
+3 * 5 0 5
+2 * 5 0 5
+2 * 5 0 5
+1 * 5
+3 * 5
+4 +32 5 5
+6 -32 5 0 5
+4 * 5 0 5
+4 +32 5
+2 * 5 0 0 0 0 0 0 0 0 5
+6 +19 5
+5 * 5
+3 * 5
+2 * 5 0 5 0 0 1 0 0 1
cfi=(55)
cfn=(186)
calls=5 0x24bb0 28 
* * 105 10 10 2 0 0 2 0 0 15 4
+5 * 5
+3 +2 5 0 0 1 0 0 1
+3 * 5 0 0 0 0 0 0 0 0 5
+6 +8 5 0 5
+10 +1 5
+2 * 5 0 5 0 0 1 0 0 1
+7 +6 5
+5 -1 5
+5 * 5
+3 +1 5
+3 -1 5 0 5
cfi=(56) /usr/src/debug/glibc/glibc/io/../sysdeps/unix/sysv/linux/read_nocancel.c
cfn=(188) __read_nocancel
calls=5 0x24c50 25 
* * 30 5 0 1 0 0 1 0 0 5
+5 * 5
+3 +4 5 5
+3 -2 5
+3 * 5 0 0 0 0 0 0 0 0 5
+2 +2 5
+3 * 5 0 5 1 0 0 1
+3 +2 5
+4 * 5 0 0 0 0 0 0 0 0 5
+2 +6 5
+4 * 5 0 0 0 0 0 0 0 0 5
+6 +15 5
+10 * 5 5
+4 * 5 0 0 0 0 0 0 0 0 5 4
+6 * 5 5 0 0 1 0 0 1
+5 * 5
+2 * 5 0 0 0 0 0 0 0 0 5
+6 * 5 5
+4 * 5
+2 * 5 0 0 0 0 0 0 0 0 5
+2 * 5 5
+4 * 5
+2 * 5 0 0 1 0 0 1 0 0 5 3
+64 * 5 0 0 1 0 0 1
+3 +62 5 5
+5 * 5 0 0 0 0 0 0 0 0 5
+2 +5 5 5
+6 * 5 0 0 0 0 0 0 0 0 5
+2 +6 5 5
+5 * 5
+3 * 5
+4 * 5 0 0 0 0 0 0 0 0 5
+6 +6 5 5
+6 * 5 0 0 0 0 0 0 0 0 5
+6 +6 5 5 0 0 1 0 0 1
+5 +1 5 5
+4 -1 5
+4 +1 5 0 0 1 0 0 1
+4 * 5
+3 * 5 0 0 0 0 0 0 0 0 5 1
+2 +26 5
+4 * 5
+3 * 5 5
+1 * 5 5
+2 * 5 5
+2 * 5 5
+2 * 5 5
+2 * 5 5
+1 * 5 5
+73 -22 1 0 0 1 0 0 1
+5 * 1
+3 * 1
+3 * 1
+6 * 1
+3 * 1
+3 * 1 0 0 0 0 0 0 0 0 1 1
+23 * 1 0 0 1 0 0 1
+5 * 1
+3 * 1
+3 * 1 0 0 0 0 0 0 0 0 1
+6 * 1
+5 +1 1
+3 * 1
+3 -1 1
+4 +1 1 0 1
cfi=(69) /usr/src/debug/glibc/glibc/io/../sysdeps/unix/sysv/linux/pread64_nocancel.c
cfn=(240) __pread64_nocancel
calls=1 0x24c20 25 
* * 7 1 0 1 0 0 1 0 0 1
+5 * 1
+3 * 1 0 0 0 0 0 0 0 0 1 1
+98 -91 3 0 0 1 0 0 1
+10 * 3 3
+4 * 3 0 0 0 0 0 0 0 0 3 2
+82 +90 1 0 1 1 0 0 1
+6 * 1 0 0 1 0 0 1

fn=(90)
0x7f70 842 6 0 0 1 0 0 1
+4 +8 6 6
+5 * 6 0 0 0 0 0 0 0 0 6
+6 -6 6 6 0 1 0 0 1
+4 +12 6
+4 * 6 0 0 0 0 0 0 0 0 6
+6 -13 6 6
+3 +13 6
+5 -13 6 6
+4 * 6
+3 +13 6
+3 * 6
+69 +3 6 6 0 1 5 0 1 5
+2 * 6
+3 * 6 0 0 0 0 0 0 0 0 6
+2 +1 6 6
+4 * 6 0 0 0 0 0 0 0 0 6
+2 +1 6 6
+7 * 6 0 0 0 0 0 0 0 0 6
+2 +3 6 6
+3 * 6
+3 * 6 0 0 1 0 0 1 0 0 6
+6 +1 6
+2 * 6
+3 * 6 0 0 0 0 0 0 0 0 6
+6 +4 6
+4 +1 6
+4 * 6
fi=(31)
+7 97 3
+6 * 3 0 0 0 0 0 0 0 0 3
+6 258 3 3
+7 * 3
+3 * 3 0 0 0 0 0 0 0 0 3
fe=(30)
+6 888 3
+6 * 3 0 0 0 0 0 0 0 0 3 2
+2 +4 5
+4 * 5
+4 * 5
+4 +2 5
+3 * 5
+3 * 5
+4 * 5 0 0 0 0 0 0 0 0 5
+6 -20 11 0 0 1 0 0 1
+2 * 11 11 0 0 2 0 0 2
+2 +4 11
+2 * 11 0 0 0 0 0 0 0 0 11
+2 -3 11 11
+3 +6 11
+4 +1 11
+4 * 11
+3 * 11 0 0 0 0 0 0 0 0 11
fi=(31)
+2 95 11
+3 * 11 0 0 1 0 0 1
+7 * 11
+7 * 11 0 0 0 0 0 0 0 0 11 5
+2 +7 8
+3 * 8 0 0 0 0 0 0 0 0 8
+2 +16 8 8 0 0 2 0 0 2
+3 -3 8
+6 * 8 0 0 0 0 0 0 0 0 8 5
+2 252 3
+2 * 3 0 0 0 0 0 0 0 0 3 2
fe=(30)
+37 904 3 3
fi=(31)
+60 257 3 3 0 1 0 0 1
+7 -4 3 0 3
+6 +4 3
+3 * 3
+3 * 3 0 3
+6 +3 3 3
+2 -6 5
+2 * 5 0 0 0 0 0 0 0 0 5
+2 +1 5 0 5
+6 +2 5 5
+7 * 5
+3 * 5
+3 * 5 0 5
+6 +3 5
fe=(30)

fn=(190)
0x8160 948 5 0 5 1 0 0 1
+1 * 5
+3 * 5 0 5
+2 * 5
+3 * 5 0 5
+2 * 5 0 5
+2 * 5
+3 * 5 0 5
+2 * 5 0 5
+1 * 5
+3 * 5
+7 +15 5 5
+3 -15 5 0 5 1 0 1 1 0 1
+7 * 5 0 5 0 0 2 0 0 2
+7 +15 5
+5 -15 5 0 5
+6 +15 5 0 5
+6 * 5 0 0 0 0 0 0 0 0 5 3
+86 +85 5 5 0 1 0 0 1
+3 * 5
+3 * 5 0 5 1 0 0 1
+6 * 5 0 0 0 0 0 0 0 0 5
+6 +10 5 5
+7 * 5 0 0 0 0 0 0 0 0 5
+6 +7 5 5
+4 * 5 5
+4 * 5
+3 * 5 5
+3 * 5 5
+7 * 5 5
+7 * 5 0 5
cfi=(26)
cfn=(72)
calls=5 0xcca0 59 
* * 1762 354 253 9 8 42 8 8 42 252 74 15 1
+5 * 5
+3 +1 5
+3 * 5 0 0 1 0 0 1 0 0 5
+6 +11 5 5
+4 +1 5 5
+5 -1 5 0 5 0 0 2 0 0 2
+8 +2 5 5
+5 +3 5 5
+4 -3 5 0 5
+9 +2 5
+4 +1 5
+4 * 5 5
+3 * 5 0 0 0 0 0 0 0 0 5 1
+6 +1 4
+5 * 4 0 4 1 0 0 1
+7 +19 4 4
+9 * 4
+3 -2 4 0 4
+7 +2 4
+4 * 4
+4 * 4
+3 * 4
+6 * 4
+3 * 4
+3 * 4 0 0 0 0 0 0 0 0 4 2
-42 * 1 1
+9 * 1
+3 -2 1 0 1
+7 +2 1
+4 * 1
+4 * 1
+3 * 1
+6 * 1
+3 * 1
+3 * 1 0 0 0 0 0 0 0 0 1 1
+23 * 5 0 0 1 0 0 1
+5 * 5
+3 * 5
+3 * 5 0 0 0 0 0 0 0 0 5
+2 * 5 0 5
+6 * 5
+5 * 5
+3 * 5
+4 * 5
+3 +10 5 5
+7 -10 5
+4 * 5 0 5
+7 +10 5
+3 * 5
+3 * 5 0 0 1 0 0 1 0 0 5
+6 +27 5 5
+7 -33 5
+2 -3 5
+2 +2 5 0 5
+7 -1 5 0 5
+7 +8 5 5
+7 +36 5
+3 +27 5 0 5
+7 -36 5
+4 -41 5 0 5
+10 +50 5
+3 +27 5 0 5 1 0 0 1
+7 * 5 0 5
+7 * 5
+5 -62 39
+3 * 39 0 0 0 0 0 0 0 0 39 5
+6 * 34
+3 * 34 0 0 0 0 0 0 0 0 34 1
+6 * 33
+3 * 33 0 0 0 0 0 0 0 0 33 14
+6 +26 20 20 0 0 5 0 0 5
+4 * 20 20
+4 * 20
+3 * 20
+3 * 20
+3 * 20 0 0 1 0 0 1 0 0 20
+6 +8 20
+4 +2 20 20 0 0 2 0 0 2
+4 -1 20
+3 -1 20
+4 +1 20
+3 +1 20
+3 +2 20 20
+4 -3 20 0 20
+7 * 20 0 20 0 0 4 0 0 4
+4 +1 20
+5 +2 20 0 20 0 0 3 0 0 3
+5 +2 20 20
+4 -4 20
+3 * 20 0 20
+5 +4 20
+3 * 20 0 0 1 0 0 1
+3 -3 20 0 20
+5 +3 20
+4 * 20
+4 * 20
+3 * 20
+4 +2 20
+3 * 20 0 20 0 0 2 0 0 2
+5 +13 20
+4 * 20 0 0 0 0 0 0 0 0 20 5
+2 * 15 15
+7 * 15 15
+5 * 15
+4 * 15 0 15
+7 +6 15
+4 +1 15 15
+3 * 15
+6 * 15
+3 * 15
+3 * 15
+3 * 15
+3 * 15
+3 * 15 0 15
+5 -28 15
+3 * 15
+1 -35 15
+4 * 15
+3 * 15 0 0 0 0 0 0 0 0 15
-44 +62 5
+4 +1 5 5
+3 * 5
+6 * 5
+3 * 5
+3 * 5
+3 * 5
+3 * 5
+3 * 5 0 5 0 0 1 0 0 1
+5 -28 5
+3 * 5
+1 -35 5
+4 * 5
+3 * 5 0 0 0 0 0 0 0 0 5
-7 * 39
+4 * 39
+3 * 39 0 0 0 0 0 0 0 0 39
+2 +1 64 64 0 1 10 0 1 10
+2 * 64
+3 * 64 0 0 0 0 0 0 0 0 64 7
+6 * 61 0 0 0 0 0 0 0 0 61 17
+6 * 22
+6 * 22 0 0 1 0 0 1 0 0 22 5
+6 * 17
+6 * 17 0 0 0 0 0 0 0 0 17 13
+2 1225 5 5 0 0 1 0 0 1
+5 1112 5
+4 1225 5 5
+5 * 5 0 5
+9 1112 5
+3 * 5 0 0 0 0 0 0 0 0 5
+2 * 5
+6 1230 5 5
+7 * 5 5
+7 * 5 0 0 1 0 0 1
+3 * 5 0 0 0 0 0 0 0 0 5 2
+6 1078 5 5
+7 1240 5
+2 1078 5 0 5
+6 * 5
+4 * 5
+6 1241 5
+3 -1 5
+4 +1 5 0 5
+3 -1 5
+4 * 5
+3 * 5 0 0 0 0 0 0 0 0 5 2
-17 +1 15
+3 -1 15
+4 +1 15 0 15
+3 -1 15
+4 * 15
+3 * 15 0 0 0 0 0 0 0 0 15 4
+2 +7 5 5
+7 * 5 0 0 0 0 0 0 0 0 5
+6 +10 5 5 0 1 0 0 1
+6 * 5 0 0 0 0 0 0 0 0 5
+6 * 5 5
+7 * 5 0 0 0 0 0 0 0 0 5
+6 +7 5
+4 * 5 5
+7 * 5 5
fi=(59) /usr/src/debug/glibc/glibc/elf/./dl-map-segments.h
+8 29 5 5
fe=(30)
+8 1264 5 5
+5 * 5 0 5
+7 * 5 0 0 1 0 0 1
+3 * 5 0 5
fi=(59)
+7 29 5
+3 * 5 0 0 0 0 0 0 0 0 5
+6 +1 5 5
+7 * 5 5
+7 * 5
+5 * 5 5
+7 * 5 5
+7 * 5 5
+7 * 5 5 0 1 0 0 1
+8 * 5 0 5
cfi=(60)
cfn=(198)
calls=5 0x24dd0 +17 
* * 140 25 15 2 0 1 2 0 1 25 4
+5 +72 5 0 5
+8 -72 5
+3 +73 5
+4 * 5 0 0 0 0 0 0 0 0 5
+6 +3 5 5
+7 * 5
+3 +1 5 5
+7 -1 5 0 5
+8 +1 5 0 5
+4 +2 5 5 0 1 0 0 1
+7 * 5 0 0 0 0 0 0 0 0 5 2
+56 +17 5 0 5 1 0 0 1
+9 -44 5
fi=(61) /usr/src/debug/glibc/glibc/elf/./dl-load.h
+3 +9 5 5
+9 * 5 0 0 0 0 0 0 0 0 5 3
-9 * 15 15
+9 * 15 0 0 0 0 0 0 0 0 15
fi=(59)
+6 +59 20 20
+4 * 20 20
+4 * 20
+3 * 20 0 0 0 0 0 0 0 0 20 11
+6 +6 5 5
+4 +2 5 5
+7 -2 5
+3 +3 5
+3 -2 5
+4 +2 5
+3 -1 5 0 0 1 0 0 1
+5 * 5
+3 +3 5
+3 * 5
+3 * 5
+4 +5 5
+3 * 5 0 0 0 0 0 0 0 0 5
+2 +3 5 5
+4 * 5
+4 * 5 0 0 0 0 0 0 0 0 5
+6 +8 5
+3 * 5 0 5
+7 * 5
+2 * 5
+3 * 5 0 5
+7 * 5
+3 * 5 0 5
+7 * 5 0 5
cfi=(44)
cfn=(140)
calls=5 0x25eb0 -40 
* * 826 5 434 1 0 110 1 0 110 118 25
+6 * 5 5
+7 * 5 5
+7 * 5 5
+7 +6 5
+3 * 5 0 0 0 0 0 0 0 0 5 2
+6 +41 20 0 0 1 0 0 1
+4 -88 20
+4 * 20
+3 * 20
+3 * 20 0 0 0 0 0 0 0 0 20 5
+6 +2 15 15
+4 * 15 15 0 1 0 0 1
+4 * 15
+3 * 15 0 0 0 0 0 0 0 0 15
+6 +2 15 15
+4 * 15 15
+4 +1 15
+3 -1 15
+5 * 15 15
+7 * 15 15
+4 * 15 0 15
cfi=(60)
cfn=(198)
calls=15 0x24dd0 -93 
* * 315 60 45 0 0 0 0 0 0 45
+5 * 15
+4 * 15 0 0 0 0 0 0 0 0 15 2
fi=(57) /usr/src/debug/glibc/glibc/elf/../sysdeps/posix/dl-fileid.h
0x8730 37 5 5 0 1 0 0 1
+6 * 5
+7 * 5 0 5 1 0 2 1 0 2
cfi=(58)
cfn=(194)
calls=5 0x24950 -7 
* * 30 5 0 1 0 0 1 0 0 5
+5 * 5
+2 * 5 0 0 0 0 0 0 0 0 5
+6 +3 5 5 0 0 1 0 0 1
fe=(30)
+7 999 5
fi=(57)
+7 40 5 0 5
+7 +1 5 5
+7 * 5 0 5
fe=(30)
+7 999 5 5
+5 * 5 5
+4 * 5 5
+7 * 5 5 0 1 0 0 1
+7 * 5
+3 * 5 0 0 0 0 0 0 0 0 5 4
+25 * 20 20
+5 * 20
+3 * 20 0 0 0 0 0 0 0 0 20 5
+6 +1 20 20
+9 * 20 0 0 0 0 0 0 0 0 20
fi=(57)
+2 49 20 20 0 1 1 0 1 1
+8 * 20 0 0 0 0 0 0 0 0 20 5
+2 * 10 10
+8 * 10 0 0 0 0 0 0 0 0 10 4
fe=(30)
+39 1469 5
+4 * 5
+3 * 5 5
+1 * 5 5
+2 * 5 5
+2 * 5 5
+2 * 5 5
+2 * 5 5
+1 * 5 5
+5 1133 1 1
+4 * 1 0 1
+8 +1 1
+12 -15 5 5 0 1 1 0 1 1
+5 * 5 0 0 0 0 0 0 0 0 5
+6 +9 5 5
+9 -2 5 5
+4 * 5 0 5
+5 +1 5 5 0 1 1 0 1 1
+4 +1 5
+4 -1 5
+4 * 5 0 5
+9 +1 5 5
+4 * 5
+3 * 5
+3 * 5
+3 * 5
+3 * 5
+3 * 5 0 5
+8 * 5
+11 +93 5 5
+3 * 5 0 5 1 0 0 1
+6 +1 5
+15 -34 3 3 0 0 1 0 0 1
+4 * 3
+3 * 3 0 0 0 0 0 0 0 0 3
+6 +5 3 3 0 0 1 0 0 1
+4 -1 3
+5 * 3
+5 +5 3
+4 -5 3
+4 * 3 0 3 0 0 3 0 0 3
+9 -66 3 3
+4 +71 3 0 0 1 0 0 1
+3 * 3
+3 * 3
+4 * 3 0 3 0 0 1 0 0 1
+8 +1 3 3
+4 +3 3 0 3 0 0 1 0 0 1
+8 -3 3 0 3
+8 +8 3 3
+9 * 3
+3 * 3
+4 * 3 0 0 0 0 0 0 0 0 3 2
+66 1086 1 0 0 1 0 0 1
+4 * 1
+3 * 1 0 0 1 0 0 1
+3 * 1
+6 * 1
+3 * 1
+3 * 1 0 0 0 0 0 0 0 0 1 1
+23 * 1
+5 * 1
+3 * 1
+3 * 1 0 0 0 0 0 0 0 0 1 1
+6 * 1
+5 +1 1 1
+6 * 1
+3 -1 1
+4 +1 1
+3 -1 1 0 1
+7 +1 1 0 1
cfi=(69)
cfn=(240)
calls=1 0x24c20 25 
* * 7 1 0 0 0 0 0 0 0 1
+5 * 1
+3 * 1 0 0 0 0 0 0 0 0 1 1
+30 -69 5 5 0 1 0 0 1
+5 * 5 0 0 1 0 0 1 0 0 5 3
0x8b28 1280 5 5 0 1 0 0 1
+5 * 5 5
+7 * 5
+3 * 5 0 0 0 0 0 0 0 0 5
+6 +1 5 5 0 1 0 0 1
+4 * 5
+4 * 5 0 5
fi=(62) /usr/src/debug/glibc/glibc/elf/get-dynamic-info.h
+5 39 5
+3 * 5 0 0 0 0 0 0 0 0 5
+6 +6 5 5 0 0 5 0 0 5
+3 -2 5
+5 +2 5
+3 * 5 0 0 0 0 0 0 0 0 5 5
+10 +8 6
+6 +15 6 0 6 0 0 2 0 0 2
+4 -23 6 6 0 0 2 0 0 2
+4 * 6
+4 * 6
+3 * 6 0 0 0 0 0 0 0 0 6
-15 +23 132 0 132 0 0 33 0 0 33
+4 -23 132 132 0 0 33 0 0 33
+4 * 132
+4 * 132
+3 * 132 0 0 0 0 0 0 0 0 132 7
+6 +4 138
+4 * 138 0 0 0 0 0 0 0 0 138 59
+2 +3 36
+7 -1 36
+4 * 36 0 0 0 0 0 0 0 0 36 4
+2 +3 30
+6 * 30
+3 * 30
+4 * 30 0 0 0 0 0 0 0 0 30 5
+2 +1 25
+5 * 25
+3 * 25
+3 * 25
fi=(61)
+2 +37 4 4 0 1 0 0 1
+4 * 4 4
+4 * 4
+3 * 4 0 0 1 0 0 1 0 0 4
+6 +2 4 4
+5 -1 4 4
+4 * 4 4
+4 +1 4
+4 -1 4
+3 * 4
+3 +1 4
+3 -1 4
+3 * 4 0 0 0 0 0 0 0 0 4
+6 +3 4
+3 * 4
+3 * 4 0 4
+8 * 4
fi=(62)
+5 -40 5
+4 * 5
+3 * 5 0 0 1 0 0 1
+3 * 5
+4 * 5 0 0 0 0 0 0 0 0 5
+6 +3 5
+6 * 5
+3 * 5
+4 * 5 0 0 0 0 0 0 0 0 5 2
+23 +13 5
+3 * 5 0 0 0 0 0 0 0 0 5
+6 * 5 5 0 1 0 0 1
+9 * 5 0 0 0 0 0 0 0 0 5
+6 +12 5 5
+5 * 5
+3 * 5 0 0 0 0 0 0 0 0 5 2
+6 +1 5 5
+5 * 5
+3 * 5 0 0 0 0 0 0 0 0 5 5
+2 * 2 0 2
+4 +1 2 2
+5 * 2
+3 * 2 0 0 0 0 0 0 0 0 2
-8 * 3 3
+5 * 3
+3 * 3 0 0 0 0 0 0 0 0 3
+2 * 5 0 5
+4 +1 5 5
+5 * 5
+3 * 5 0 0 0 0 0 0 0 0 5
+2 * 5 0 5 1 0 0 1
+4 +1 5 5
+8 * 5
+3 * 5 0 0 0 0 0 0 0 0 5
+2 * 5 0 5
+4 +1 5 5 0 0 1 0 0 1
+8 * 5
+3 * 5 0 0 0 0 0 0 0 0 5 2
+2 * 2 0 2
+4 +1 2 2
+8 * 2
+3 * 2 0 0 0 0 0 0 0 0 2
-11 * 3 3 0 0 1 0 0 1
+8 * 3
+3 * 3 0 0 0 0 0 0 0 0 3 1
+2 * 4 0 4
+4 +1 4 4
+8 * 4
+3 * 4 0 0 0 0 0 0 0 0 4
-11 * 1 1
+8 * 1
+3 * 1 0 0 1 0 0 1 0 0 1
+2 * 5 0 5
+4 +12 5 5
+5 +7 5 5
+8 -7 5
+3 * 5 0 0 0 0 0 0 0 0 5
+6 * 5 5
+4 * 5
+3 * 5 0 0 0 0 0 0 0 0 5
+2 * 5
+3 * 5 0 5
+4 +7 5
+3 * 5 0 0 0 0 0 0 0 0 5 3
+2 +5 2 2
+5 * 2 0 0 0 0 0 0 0 0 2
+6 +7 2 2
+6 * 2 0 0 0 0 0 0 0 0 2
+2 +1 5 5 0 1 0 0 1
+8 * 5 5
+5 * 5 0 0 0 0 0 0 0 0 5
+6 +6 5 5
+8 * 5
+3 * 5 0 0 0 0 0 0 0 0 5
+2 +1 5 5
+8 * 5 5
+5 * 5 0 0 0 0 0 0 0 0 5
+6 +17 5 5
+8 * 5 0 0 1 0 0 1
+3 * 5 0 0 0 0 0 0 0 0 5
+2 +5 5 5
+4 * 5 0 5 0 0 2 0 0 2
+8 +2 5
+3 * 5 0 0 0 0 0 0 0 0 5 4
+10 +2 5
+3 * 5 0 0 0 0 0 0 0 0 5 4
+10 +2 5
+3 * 5 0 0 0 0 0 0 0 0 5
+2 +1 5 0 5
+8 +3 5 5
+8 * 5 0 0 1 0 0 1
+3 * 5 0 0 0 0 0 0 0 0 5
+6 +2 5 5
+4 * 5 0 5
+8 * 5
+2 +1 5
+3 * 5 0 0 0 0 0 0 0 0 5 1
+11 +9 5 5
+7 * 5 0 0 0 0 0 0 0 0 5
+6 +6 5
+2 * 5 0 0 0 0 0 0 0 0 5
+2 +1 5 5
+8 * 5 0 5 1 0 0 1
+8 +3 5 5
+9 * 5 0 0 0 0 0 0 0 0 5 2
fe=(30)
+14 1287 5
+2 * 5
+6 +1 5
+2 * 5 0 0 0 0 0 0 0 0 5 2
+13 +2 5
+2 * 5 0 0 0 0 0 0 0 0 5 2
+16 +10 5 5 0 1 0 0 1
+8 * 5
+3 * 5 0 0 0 0 0 0 0 0 5
+6 +19 5 5
+4 * 5 0 5
+8 +2 5 5
+6 * 5
+2 * 5 5
+6 * 5
+2 * 5 0 0 0 0 0 0 0 0 5
+6 +20 5 5 0 0 2 0 0 2
+8 * 5 0 0 1 0 0 1
+3 * 5 0 0 0 0 0 0 0 0 5 2
+2 +1 3 3
+4 * 3 0 3
+8 +6 3 3
+9 * 3 3
+8 * 3 3
+7 * 3
+4 * 3
+4 * 3
+3 * 3 0 0 0 0 0 0 0 0 3 2
-35 * 2 2
+9 * 2 2
+8 * 2 2
+7 * 2
+4 * 2
+4 * 2
+3 * 2 0 0 0 0 0 0 0 0 2 2
+13 +1 52
+5 * 52 0 0 0 0 0 0 0 0 52 20
+2 +6 5
+3 * 5
+3 * 5
+3 * 5 0 5
cfn=(90)
calls=5 0x7f70 842 
* * 420 82 14 0 9 0 0 9 0 100 13
+6 -7 64 64
+8 * 64 0 0 0 0 0 0 0 0 64 5
+6 +1 64 64 0 1 54 0 1 54
+3 +6 64
+4 -6 64
+3 * 64 0 0 0 0 0 0 0 0 64 25
fi=(31)
+2 149 12 12
+9 * 12 0 0 0 0 0 0 0 0 12 7
fe=(30)
0x9090 984 5 0 5 1 0 0 1
+7 * 5
+18 1086 1 0 1
+6 * 1
+41 1360 5 5 0 1 0 0 1
+6 * 5 0 5
cfi=(63)
cfn=(206)
calls=5 0x24a80 25 
* * 30 5 0 1 0 0 1 0 0 5
+5 * 5
+2 * 5 0 0 0 0 0 0 0 0 5
+6 +13 5 5
+7 * 5 0 0 0 0 0 0 0 0 5
+6 +2 5 5
+8 * 5 5 0 1 0 0 1
+4 * 5
+3 * 5 0 5
+8 +2 5 5
+7 * 5 0 0 0 0 0 0 0 0 5
+6 +16 5
+3 * 5 0 5
cfi=(8)
cfn=(14)
calls=5 0x124f0 25 
* * 135 40 30 0 6 0 0 6 0 15
+5 +4 5 5
+4 * 5 0 0 0 0 0 0 0 0 5
+2 +1 5 5
+9 * 5 0 0 0 0 0 0 0 0 5
+6 +17 5 5 0 1 0 0 1
+9 * 5 0 0 0 0 0 0 0 0 5 4
+2 +1 1 0 1
+7 +3 1 1
+7 * 1 0 1
+8 * 1 1
+7 * 1 0 1
+8 +5 1 1
+8 * 1 0 0 0 0 0 0 0 0 1
-38 -5 4 4
+7 * 4 0 4
+8 * 4 4
+7 * 4 0 4
+8 +5 4 4
+8 * 4 0 0 0 0 0 0 0 0 4
+6 +5 5 5
+8 * 5 0 0 1 0 0 1 0 0 5
+6 +10 5 5
+5 * 5
+7 * 5 5
+6 * 5 0 0 0 0 0 0 0 0 5 3
+6 +8 5 5
+9 * 5 0 0 0 0 0 0 0 0 5 2
+2 +1 3 3
+9 * 3
+3 * 3
+2 * 3 0 0 0 0 0 0 0 0 3
+6 +5 3
+3 * 3 0 3
cfi=(46)
cfn=(238)
calls=3 0x131d0 159 
* * 33 12 9 1 0 0 1 0 0 3
+5 +7 5 5 0 1 0 0 1
+4 * 5
+3 * 5 0 5
cfi=(26)
cfn=(86)
calls=5 0xcc00 31 
* * 255 65 45 0 0 0 0 0 0 25 15 10
+5 +3 5 5
+4 * 5 0 0 0 0 0 0 0 0 5
+6 +3 5 5
+4 * 5 5
+3 * 5
+3 * 5 0 5
cfn=(210) _dl_notify_new_object
calls=5 0x66e0 908 
* * 210 65 30 5 0 0 5 0 0 30 15
+5 * 5
fi=(59)
0x92ce 189 2 0 0 1 0 0 1
+3 * 2 2
+4 * 2
+3 * 2
+6 -3 2 2 0 0 1 0 0 1
+8 +3 2
+3 * 2
+5 * 2
+3 * 2 0 2
+7 -3 2 0 2
+7 * 2 0 0 1 0 0 1
+4 +3 2 0 2
+7 -3 2 0 2
+7 * 2 0 2
+7 * 2 0 2
+7 * 2 0 2
+4 +3 2 0 2
cfi=(60)
cfn=(198)
calls=2 0x24dd0 47 
* * 42 8 6 0 0 0 0 0 0 6
+5 +3 2
+4 * 2 0 0 0 0 0 0 0 0 2
+6 +2 2 0 2
cfi=(68) /usr/src/debug/glibc/glibc/misc/../sysdeps/unix/sysv/linux/setvmaname.c
cfn=(236) __is_decorate_maps_enabled
calls=2 0x24ee0 33 
* * 12 4 0 0 0 0 0 0 0 2 1
+5 * 2
+2 * 2 0 0 0 0 0 0 0 0 2 2
fi=(4)
0x96cc -98 5 5 0 1 0 0 1
+8 * 5
+3 * 5 0 0 0 0 0 0 0 0 5 1
+6 * 4 4
+9 * 4 4
+5 +3 4
+2 * 4
+3 +1 4 4
+4 -1 4 4
+4 * 4 0 0 0 0 0 0 0 0 4 2
+6 +1 4 0 0 1 0 0 1
fe=(30)
+3 1440 4
+3 * 4
+3 * 4 0 0 0 0 0 0 0 0 4
+6 * 4
+7 * 4 0 4
cfi=(33)
cfn=(100)
calls=4 0x26880 98 
* * 100 28 0 0 5 0 0 5 0 12 1
+5 * 4
+2 * 4 0 0 0 0 0 0 0 0 4 3
+6 +1 1 1
+5 * 1 0 1
+5 * 1
fi=(62)
0x97a2 62 5 0 0 1 0 0 1
+6 * 5
+3 * 5
+4 * 5 0 0 0 0 0 0 0 0 5
+6 +2 5
+6 * 5
+3 * 5 0 0 1 0 0 1
+3 * 5
fe=(30)

fn=(112)
0x7c00 680 1 0 0 1 0 0 1
+4 * 1 0 1
+1 * 1
+3 * 1 0 1
+2 * 1
+3 * 1
+3 * 1 0 1
+2 +14 1
+7 -14 1 0 1
+2 * 1
+3 * 1
+3 +14 1
+7 -14 1 0 1
+1 +14 1 0 1
cfi=(38)
cfn=(114)
calls=1 0x1bf80 171 
* * 1379 282 232 32 1 7 32 1 7 154 42 2 1
fi=(28)
+5 56 1
fe=(30)
+5 694 1 0 1
fi=(28)
+7 56 1 1 1 0 0 0 0 0 0 0 0 1 1
cfi=(27)
cfn=(78)
calls=1 0xc630 -20 
* * 18 3 3 0 0 0 0 0 0 3 1
fe=(30)
+6 699 1 0 1 1 0 1 1 0 1
+7 +2 1
+3 * 1 0 0 0 0 0 0 0 0 1
+6 +12 1
+10 * 1
+3 -4 1 1
+7 +4 1
+8 * 1
+3 * 1
+4 * 1
+4 * 1
fi=(28)
+4 56 1 1 1 1 0 0 1 0 0 0 0 1 1
cfi=(27)
cfn=(78)
calls=1 0xc630 -20 
* * 18 3 3 0 0 0 0 0 0 3 1
fe=(30)
+6 713 1 0 1
+4 +2 1 1
+7 * 1 1
+3 * 1
+3 * 1 0 0 0 0 0 0 0 0 1
+6 +17 1
+7 +9 1 1
+7 -19 1 0 1
+7 -1 1 0 1
+10 +11 1
+5 +3 1 0 0 1 0 0 1
+7 -5 1 0 1
+4 +5 1 0 1
+4 +1 1 0 1 0 0 1 0 0 1
+8 -4 1 0 1
+4 +9 1
+3 * 1 0 0 0 0 0 0 0 0 1
+2 +1 1
+4 * 1
+4 * 1
+2 * 1 0 1
cfi=(44)
cfn=(140)
calls=1 0x25eb0 137 
* * 14 1 2 3 0 0 3 0 0 2 2
+6 +2 1 0 1
+7 +12 1 1
+7 +3 1 0 0 1 0 0 1
+7 -8 1 0 1
+8 -1 1 0 1
+11 +9 1
+3 * 1
+4 +2 1 1
+7 * 1
+3 * 1
+2 * 1 0 0 0 0 0 0 0 0 1
+6 +2 1 1
+7 * 1
+3 * 1 0 0 0 0 0 0 0 0 1 1
+75 +36 1 0 0 1 0 0 1
+3 * 1 0 0 0 0 0 0 0 0 1 1
+9 +31 1 0 1
+11 +1 1
+4 * 1 1
+1 * 1 1
+2 * 1 1
+2 * 1 1
+2 * 1 1
+1 * 1 1
+75 -49 1 1 0 1 0 0 1
+7 -2 1 0 1 1 0 0 1
+11 +2 1
+3 * 1 0 0 0 0 0 0 0 0 1 1
0x7f0e +14 1 0 1 1 0 0 1
+11 * 1

fn=(180)
0x7360 228 14 0 0 1 0 0 1
+4 * 14 0 14
+1 +3 14
+5 -3 14
+3 * 14 0 14
+2 +7 14
+3 -7 14 0 14
+1 +3 14 0 14 0 0 1 0 0 1
cfi=(42)
cfn=(126)
calls=14 0x26650 32 
* * 456 57 0 3 5 0 3 5 0 33 9
+5 +3 14
+3 * 14 0 0 0 0 0 0 0 0 14
+2 +20 14
+3 * 14 14 0 1 0 0 1
+1 * 14 14
+2 * 14 14
+1 * 14 14

fn=(210)
0x66e0 908 5 0 5 1 0 0 1
+1 * 5
+3 * 5 0 5
+2 * 5
+3 +2 5
+3 -2 5 0 5
+2 * 5
+3 * 5 0 5
+2 * 5
+3 * 5 0 5
+1 +2 5 0 5
cfi=(45)
cfn=(212)
calls=5 0x3620 94 
* * 35 10 0 1 0 0 1 0 0 10 6
+5 * 5
+3 +1 5 5 0 1 0 0 1
+3 * 5
+2 * 5 0 0 0 0 0 0 0 0 5 4
+25 +21 5 5
+5 * 5
+7 * 5 5
+4 * 5 5
+7 * 5 0 0 0 0 0 0 0 0 5 2
+12 -4 5 0 0 1 0 0 1
+3 * 5 0 0 0 0 0 0 0 0 5 3
+13 +7 5 5
+1 -2 5
+3 * 5
+3 +2 5 5
+2 * 5 5
+2 * 5 5
+2 * 5 5
+1 -2 5
cfi=(49)
cfn=(214) _dl_audit_objopen
calls=5 0x19b80 77 
* * 25 10 0 1 0 0 1 0 0 5

fn=(222)
0x7b90 656 12 12 0 1 0 0 1
+3 -1 12
+3 * 12
+3 +1 12
+4 * 12 0 0 0 0 0 0 0 0 12 6
+90 +1 12 0 0 1 0 0 1
+2 +16 12
+2 * 12 12

fn=(168)
0xa840 2189 14 0 0 1 0 0 1
+4 * 14 0 14
+1 * 14
+3 * 14 0 14 0 0 1 0 0 1
+2 * 14
+3 * 14 0 14
+2 * 14
+3 +1 14
+3 -1 14 0 14
+2 * 14
+3 * 14 0 14
+2 * 14
+3 * 14 0 14
+1 * 14
+3 * 14
+4 +1 14 0 14 0 0 1 0 0 1
+4 * 14 0 14 0 0 1 0 0 1
cfn=(170) _dl_lookup_map
calls=14 0x9bf0 1893 
* * 9153 2064 472 19 2 2 19 2 2 1301 238 63 32
+5 +1 14 14
+4 * 14
+3 * 14 0 0 0 0 0 0 0 0 14 3
+2 +3 9
+4 * 9 9
+1 * 9 9
+2 * 9 9
+2 * 9 9
+2 * 9 9
+2 * 9 9
+1 * 9 9
+9 * 5 0 0 1 0 0 1
+4 -1 5
+3 * 5
+3 * 5
+3 * 5
+3 * 5
+3 +1 5 5
+1 * 5 5
+2 * 5 5
+2 * 5 5
+2 * 5 5
+2 * 5 5
+1 -1 5
cfn=(176)
calls=5 0x9d00 1928 
* * 18391 3427 2038 150 228 227 149 228 227 3770 631 30 2

fn=(170)
0x9bf0 1893 14 0 0 1 0 0 1
+4 * 14 0 14
+1 * 14
+3 * 14 0 14
+2 * 14 0 14
+1 * 14
+4 +1 14 0 0 1 0 0 1
+3 * 14 0 0 0 0 0 0 0 0 14
+6 +1 14 14 0 0 1 0 0 1
+7 * 14 0 0 0 0 0 0 0 0 14
+6 +3 14
+4 * 14
+7 * 14
+3 * 14 14
+4 * 14
+3 * 14 0 0 0 0 0 0 0 0 14 1
+22 * 51 51
+4 * 51
+3 * 51 0 0 0 0 0 0 0 0 51 6
+6 +5 60 60 0 1 0 0 1
+7 * 60 60
+7 * 60
+3 * 60
+3 * 60
+2 * 60
+2 * 60 0 0 0 0 0 0 0 0 60
+2 +2 60
+3 * 60
+3 * 60 0 60 0 0 1 0 0 1
cfi=(53)
cfn=(172)
calls=60 0xc950 68 
* * 6525 1403 314 14 1 1 14 1 1 806 179 59 31
+5 * 60
+2 * 60 0 0 0 0 0 0 0 0 60 5
+2 +2 51 51
+7 * 51 0 0 0 0 0 0 0 0 51
fi=(4)
+2 96 51 51 0 1 0 0 1
+7 * 51
+3 * 51 0 0 0 0 0 0 0 0 51 28
+2 +4 28 28
+4 -1 28 28
+4 * 28 28
+4 * 28
+2 * 28 28
+7 * 28 0 0 0 0 0 0 0 0 28
+2 +1 28
fe=(30)
+3 1907 28
+3 * 28 0 0 0 0 0 0 0 0 28
+2 +1 28
+3 * 28 0 28
+4 * 28 0 28
cfi=(33)
cfn=(100)
calls=28 0x26880 98 
* * 795 192 0 0 0 0 0 0 0 96 14 4 1
+5 * 28
+2 * 28 0 0 0 0 0 0 0 0 28 5
+22 +13 9
+4 * 9
+3 * 9 9
+1 * 9 9
+2 * 9 9
+1 * 9 9
+15 * 5 0 0 1 0 0 1
+4 -1 5
+2 +1 5
+3 * 5 5
+1 * 5 5
+2 * 5 5
+1 * 5 5

fl=(55)
fn=(186)
0x24bb0 28 6 0 0 1 0 0 1
+4 * 6 0 6
+1 +3 6
+3 -3 6
+3 * 6
+3 * 6 0 6 1 0 1 1 0 1
+4 +3 6
+4 * 6 0 0 0 0 0 0 0 0 6 3
+2 * 6
+2 * 6
+2 * 6
+6 * 6 0 0 0 0 0 0 0 0 6 1
+2 +8 6
+2 * 6
+5 * 6
+3 * 6
+5 * 6
+2 * 6
+6 * 6 0 0 0 0 0 0 0 0 6
+2 +2 6 6
+1 * 6 6

fl=(56)
fn=(188)
0x24c50 25 5 0 0 1 0 0 1
+4 +1 5
+2 * 5
+2 * 5
+6 * 5 0 0 0 0 0 0 0 0 5
+2 +1 5 5

fl=(7)
fn=(12)
0x1c780 42 1 0 0 1 0 0 1
+4 +1 1
+7 * 1 0 1 0 0 1 0 0 1
+7 +1 1
+7 * 1 0 1 0 0 1 0 0 1
+7 +1 1
+7 * 1 0 1
+7 +1 1
+7 * 1 0 1
+7 +1 1 1

fn=(604)
0x1c9c0 76 1 0 0 1 0 0 1
+4 * 1 0 1
+1 +10 1
fi=(177) /usr/src/debug/glibc/glibc/elf/../sysdeps/generic/dl-hash.h
+7 -41 1
+5 -1 1
+4 * 1
fe=(7)
+4 +32 1
+3 * 1 0 1
+2 * 1 0 1
+2 * 1 0 1
+2 * 1 0 1
+2 * 1 0 1
+1 * 1
+3 * 1
+4 +11 1 0 1
+7 -1 1 0 1
fi=(177)
+4 -43 1
+5 * 1
+4 +5 1 0 0 1 0 0 1
+4 * 1
+4 * 1
+3 +14 1
+3 * 1
+4 * 1
+6 * 1
+3 -17 1 1
+3 * 1
+3 * 1 0 0 0 0 0 0 0 0 1
-33 +3 5
+4 * 5
+4 * 5
+3 +14 5
+3 * 5
+4 * 5
+6 * 5
+3 -17 5 5
+3 * 5
+3 * 5 0 0 0 0 0 0 0 0 5 4
fe=(7)
+2 +46 1
+4 * 1
fi=(177)
+3 -24 1
fe=(7)
+5 +22 1 0 1
+8 +2 1
fi=(177)
+7 -19 1 0 1 1 0 0 1
fe=(7)
+3 +19 1 0 1
cfn=(608) lookup_malloc_symbol
calls=1 0x1c8f0 -30 
* * 778 222 95 3 7 0 3 0 0 107 17 2 2
+5 +1 1
+4 * 1
+3 * 1
+7 -1 1
+3 +1 1 0 1
cfn=(608)
calls=1 0x1c8f0 -31 
* * 769 223 95 0 10 0 0 0 0 114 12 1
+5 +1 1
+4 * 1
+3 * 1
+7 -1 1
+3 +1 1 0 1
cfn=(608)
calls=1 0x1c8f0 -32 
* * 837 228 95 0 11 0 0 1 0 123 12 2 2
+5 +1 1
+4 * 1
+3 * 1
+7 -1 1 0 0 1 0 0 1
+3 +1 1 0 1
cfn=(608)
calls=1 0x1c8f0 -33 
* * 702 210 88 0 4 0 0 0 0 101 6 1
+5 +5 1 0 1
+7 +1 1 0 1
+7 +1 1 0 1
+7 +1 1 0 1
+7 +1 1
+4 * 1 1
+1 * 1 1
+2 * 1 1
+2 * 1 1
+2 * 1 1
+2 * 1 1
+1 * 1 1

fn=(608)
0x1c8f0 61 4 0 4 1 0 0 1
+1 * 4
+3 +3 4
+3 -3 4
+3 * 4 0 4
+1 * 4
+3 +3 4 0 0 1 0 0 1
+4 -3 4
+4 +3 4 4
+7 * 4
+3 * 4
+3 * 4 0 4
+2 * 4 0 4
+2 -1 4 0 4
+8 +1 4 0 4
cfi=(79)
cfn=(296)
calls=4 0xb780 769 
* * 2930 831 345 0 32 0 0 1 0 425 45 6 4
+5 +4 4 4
+4 * 4 4
+1 -4 4
+3 +4 4 4
+1 * 4 4
+4 * 4
+3 * 4
+2 * 4 0 0 0 0 0 0 0 0 4
+6 +1 4 4 0 1 0 0 1
+5 * 4 0 0 0 0 0 0 0 0 4
+2 * 4
+3 * 4 0 0 0 0 0 0 0 0 4 2
+2 * 4 4
+3 * 4 4
+4 +2 4 0 4
fi=(178) /usr/src/debug/glibc/glibc/elf/./dl-sym-post.h
+4 -30 4
+2 * 4 0 0 0 0 0 0 0 0 4
+2 +12 4 4
+6 * 4
+2 * 4 0 0 0 0 0 0 0 0 4
fe=(7)
+2 +19 4 4
+4 * 4 4
+4 * 4 4
+1 * 4 4

fl=(77)
fn=(284) dl_cet_check
0x16370 269 1 0 1 1 0 0 1
+1 * 1
+3 * 1
+3 * 1
+4 +6 1
+3 * 1 0 0 1 0 0 1 0 0 1
+6 +2 1 1
+6 * 1
+3 -1 1 0 1
+6 +6 1 1
+8 +3 1 0 1
+3 -3 1
+3 +1 1
+4 -1 1
+3 +1 1
+4 -1 1 0 1
+3 +1 1 0 1
+4 +5 1
+3 * 1 0 0 0 0 0 0 0 0 1
+2 +5 1
+2 * 1 0 0 0 0 0 0 0 0 1
0x16427 +25 1 1 0 1 0 0 1
+1 * 1 1

fn=(648)
0x16690 331 1 0 0 1 0 0 1
+4 +3 1
+2 * 1 0 0 0 0 0 0 0 0 1 1
+42 +16 1 1 0 1 0 0 1

fn=(282)
0x16710 361 1 0 0 1 0 0 1
+4 +1 1
cfn=(284)
calls=1 0x16370 -93 
* * 23 4 5 3 0 0 3 0 0 3

fl=(63)
fn=(206)
0x24a80 25 6 0 0 1 0 0 1
+4 +1 6
+5 * 6
+2 * 6
+6 * 6 0 0 0 0 0 0 0 0 6
+2 +1 6 6

fl=(141) /usr/src/debug/glibc/glibc/misc/../sysdeps/unix/syscall-template.S
fn=(466) mprotect
0x24e80 117 7 0 0 1 0 0 1
+4 * 7
+5 * 7
+2 * 7
+6 * 7 0 0 0 0 0 0 0 0 7
+2 +5 7 7

fn=(642) munmap
0x24eb0 117 1
+4 * 1
+5 * 1
+2 * 1
+6 * 1 0 0 0 0 0 0 0 0 1
+2 +5 1 1

fl=(41)
fn=(124)
0x1c3a0 25 15
+4 * 15
+3 +1 15 15
+3 * 15
+3 * 15 0 0 0 0 0 0 0 0 15 3
+6 +4 12 12
+4 * 12 0 12
+3 +4 12 12 0 0 1 0 0 1
+3 * 12
+3 * 12 0 0 1 0 0 1 0 0 12 6
+2 * 6
+4 * 6
+4 * 6
+11 * 6
+11 +1 6 0 6
+3 * 6
+3 -1 6 6
+3 * 6
+4 * 6
+3 * 6 0 0 0 0 0 0 0 0 6
+2 +2 12
+2 * 12 0 0 0 0 0 0 0 0 12 3
+2 -11 9 0 9
+1 +16 9
+5 -16 9
+3 * 9 0 9
+1 * 9
+3 * 9
+4 +16 9 0 9
+4 * 9 0 9
cfi=(42)
cfn=(126)
calls=9 0x26650 -9 
* * 216 27 0 2 0 0 2 0 0 18
+5 +4 9 9
+4 * 9
+3 * 9
+3 -3 9
+3 * 9 0 0 0 0 0 0 0 0 9 3
+2 +1 6 0 6
+4 +3 6
+5 +1 6 6
+4 * 6 6
+1 * 6 6
+3 -20 6 0 0 1 0 0 1
+2 +20 6 6
+6 -4 3 0 3
cfi=(22)
cfn=(62)
calls=3 0x27ee0 +14 
* * 51 6 0 0 0 0 0 0 0 6
+5 * 3
+3 +3 3
+5 -3 3 0 3
+4 +4 3 3
+4 * 3 3
+1 * 3 3

fn=(122)
0x1c510 51 11 0 0 1 0 0 1
+4 * 11 0 11
+1 * 11
+3 * 11 0 11 0 0 1 0 0 1
+1 * 11
+3 * 11
+4 +3 11
+3 * 11 0 11 0 0 1 0 0 1
cfn=(124)
calls=11 0x1c3a0 -29 
* * 467 85 45 4 1 0 4 1 0 56 14
-3 * 3
+3 * 3 0 3
cfn=(124)
calls=3 0x1c3a0 -29 
* * 192 33 21 0 0 0 0 0 0 21
+5 * 14
+2 * 14 0 0 0 0 0 0 0 0 14 5
+2 +2 9 9
+3 +1 9
+2 * 9
+2 * 9 0 9
+3 +1 9
+2 * 9 0 0 0 0 0 0 0 0 9 2
+2 * 6 6
+4 * 6 6
+3 * 6 6
+4 * 6 0 6
cfn=(128) _dl_hwcaps_contains
calls=6 0x1c450 +8 
* * 30 6 0 2 0 0 2 0 0 6 4
+5 * 6
+2 * 6 0 0 0 0 0 0 0 0 6
+2 +4 11 11 0 1 0 0 1
+4 * 11 11
+1 * 11 11

fn=(128)
0x1c450 66 6 0 0 1 0 0 1
+4 +1 6
+3 * 6 0 0 0 0 0 0 0 0 6 4
0x1c4fd +1 6 0 0 1 0 0 1
+5 +9 6 6

fl=(69)
fn=(240)
0x24c20 25 2 0 0 1 0 0 1
+4 * 2
+3 +1 2
+5 * 2
+2 * 2
+6 * 2 0 0 0 0 0 0 0 0 2
+2 +1 2 2

fl=(176)
fn=(600)
0xc480 74 3 0 0 1 0 0 1
+4 * 3 0 3
+1 * 3
+3 * 3 0 3
+2 * 3
+3 * 3 0 3
+2 * 3 0 3
+2 * 3 0 3
+2 * 3
+3 * 3 0 3
+1 * 3
+4 * 3 0 3
+4 +1 3 3
+7 -1 3 0 3
+4 +2 3
+3 * 3 0 0 0 0 0 0 0 0 3
+6 +2 3
+2 * 3
+3 * 3
+2 +37 3
+2 -37 3 3 0 1 0 0 1
+6 * 3 3
+7 * 3 3 0 0 3
+3 +1 3
+2 * 3 0 0 0 0 0 0 0 0 3 2
+2 +2 3 3
+7 * 3 0 3
+4 * 3
+4 * 3
+1 +3 3 3 0 0 3
+3 * 3
+3 * 3
+3 * 3
+2 * 3 0 0 0 0 0 0 0 0 3 1
-11 * 2 2
+3 * 2
+3 * 2
+3 * 2
+2 * 2 0 0 0 0 0 0 0 0 2 1
+2 +3 3 3
+3 * 3 3
+4 -1 3
+3 +1 3
+3 -1 3 3
+4 +1 3
+3 -1 3
+4 +1 3 0 3
cfn=(602) check_match
calls=3 0xc3a0 -56 
* * 545 112 27 4 19 0 4 8 0 56 21 6 6
+5 * 3
+3 +3 3
+3 * 3 0 0 0 0 0 0 0 0 3 3
+2 +3 2 0 0 1 0 0 1
+4 * 2
+4 * 2 0 0 0 0 0 0 0 0 2 2
+4 +23 3
+4 * 3
+3 * 3 3
+1 * 3 3
+2 * 3 3
+2 * 3 3
+2 * 3 3
+2 * 3 3
+1 * 3 3

fn=(602)
0xc3a0 31 3 0 3 1 0 0 1
+1 * 3
+3 * 3 0 3
+2 * 3 0 3
+2 * 3 0 3
+2 * 3
+3 * 3 0 3
+2 * 3
+3 * 3 0 3
+1 * 3
+4 +1 3 3
+4 * 3 3
fi=(4)
+4 +47 3 0 0 1 0 0 1
fe=(176)
+2 -47 3 3
+7 * 3 0 0 0 0 0 0 0 0 3 1
+8 +1 3
+3 * 3
+4 * 3
+4 +2 3 3 0 0 3 0 0 1
+4 * 3
+3 +1 3 3
+5 * 3 0 0 0 0 0 0 0 0 3
+2 +12 3
+5 * 3 3 3
+3 * 3 0 0 0 0 0 0 0 0 3
+2 +3 3 3
+4 * 3
+3 * 3 3
+4 +2 3 3
+2 * 3 0 0 1 0 0 1
+4 * 3 0 3
cfi=(33)
cfn=(100)
calls=3 0x26880 +45 
* * 209 28 0 0 8 0 0 5 0 22 9 3 3
+5 * 3
+2 * 3 0 0 0 0 0 0 0 0 3
+2 +4 3 3
+7 * 3 3 0 0 3
+5 +1 3
+5 * 3
+4 * 3 3
+7 * 3 3 0 0 1
+5 * 3 0 0 0 0 0 0 0 0 3 2
+2 +1 3 3
+4 * 3
+3 * 3 0 3
cfi=(33)
cfn=(100)
calls=3 0x26880 +39 
* * 171 21 0 0 4 0 0 2 0 19 9 3 3
+5 -19 3
+2 * 3 0 0 1 0 0 1
+5 * 3
+4 +24 3
+4 * 3
+3 * 3 3
+1 * 3 3
+2 * 3 3
+2 * 3 3
+2 * 3 3
+2 * 3 3
+1 * 3 3

fl=(25)
fn=(70)
0x1bdc0 28 2 0 0 1 0 0 1
+4 +1 2 2
+3 +3 2 2
+3 * 2
+3 * 2 0 0 0 0 0 0 0 0 2 1
+2 * 1 1
+17 * 74 74
+4 +13 74
+4 -13 74
+3 * 74 0 0 0 0 0 0 0 0 74
+2 +2 75 75
+3 * 75 0 0 0 0 0 0 0 0 75 19
+2 +1 11 11
+4 * 11 0 0 0 0 0 0 0 0 11 6
+2 * 1 1
+4 * 1 0 0 0 0 0 0 0 0 1
+2 +5 1 0 0 1 0 0 1
+4 -3 1
+4 +3 1 0 1
+3 +2 1 1

fl=(51)
fn=(250)
0x2320 190 1 0 0 1 0 0 1
+4 * 1 0 1
+1 58 1 1
+7 190 1
+3 * 1 0 1
+2 +2 1 1
+7 -2 1 0 1
+1 58 1 0 0 0 0 0 0 0 0 1
+2 +1 1 1 0 1 0 0 1
+7 +11 1 0 1
+11 196 1 0 1
+7 +2 1
+3 * 1 0 1 0 0 0 0 0 0 0 0 1 1
cfi=(2)
cfn=(252)
calls=1 0x1f320 675 
* * 29080 8673 1684 53 136 79 53 130 78 6083 436 90 59
+2 69 1 1
+7 * 1 0 0 0 0 0 0 0 0 1
+2 +1 1 0 1
+7 202 1 1
+1 -1 1 0 1
+7 +1 1 1
+2 * 1 1
+1 * 1 1

fn=(160)
0x2580 258 1 0 0 1 0 0 1
+4 * 1 0 1
+1 * 1
+3 * 1 0 1
+2 * 1
+3 * 1 0 1
+2 +2 1
+4 -2 1
+3 +2 1
+3 -2 1 0 1
+1 * 1
+3 +2 1
+3 -2 1
+4 +2 1 0 1
cfn=(162) _dl_catch_exception
calls=1 0x23b0 -52 
* * 2631 576 317 105 37 38 105 37 38 454 157 9 3
+5 * 1
+2 +1 1 1
+4 * 1 0 1
+4 +1 1 1
+4 +1 1 1
+4 -1 1 0 1
+4 +3 1 0 0 1 0 0 1
+2 -2 1 0 1
+3 +2 1
+4 * 1 1
+1 * 1 1
+2 * 1 1
+2 * 1 1
+1 * 1 1

fn=(162)
0x23b0 208 14 0 0 1 0 0 1
+4 * 14 0 14
+1 * 14
+3 * 14 0 14
+1 * 14
+7 * 14 0 14 1 0 2 1 0 2
+7 58 14 14 0 0 1 0 0 1
+7 208 14 0 14
+7 * 14 0 14 0 0 1 0 0 1
+7 +3 14
+3 * 14 0 0 0 0 0 0 0 0 14 2
+6 +21 14 14
+8 * 14
+7 * 14
+5 * 14
+4 * 14 0 14 1 0 1 1 0 1
+7 58 14
+2 * 14 0 0 0 0 0 0 0 0 14 7
+38 239 14
+7 * 14
+2 * 14 0 14
cfi=(52)
cfn=(164)
calls=14 0x25140 31 
* * 336 70 126 2 0 3 2 0 3
+5 * 14
+4 * 14
+2 * 14 0 0 1 0 0 1 0 0 14
+6 +2 14 14
+7 * 14 14
+7 * 14 0 14 0 0 0 0 0 0 0 0 14 2
cfi=(65)
cfn=(220) openaux
calls=13 0x3800 61 
* * 25703 5161 2383 75 195 198 74 195 198 4635 716 85 32
cfi=(2)
cfn=(166)
calls=1 0x1ec80 642 
* * 2563 560 295 98 35 35 98 35 35 450 156 8 2
+2 69 14 14
+7 +1 14 14
+7 -1 14 0 0 0 0 0 0 0 0 14
+2 +1 14 0 14
+7 243 14 14
+7 * 14
+4 * 14 0 14
+8 * 14 0 14
+3 -25 14
+2 +34 14 14
+4 * 14 14
+1 * 14 14
+6 59 14 14 0 1 1 0 1 1
+7 * 14 0 14
+7 +11 14
+7 * 14 0 14
+7 * 14

fl=(54)
fn=(182)
0x27e80 40 5 0 0 1 0 0 1
+4 * 5 0 5
+1 * 5
+3 * 5 0 5
+2 * 5
+3 * 5 0 5
+1 +1 5 0 5
cfi=(22)
cfn=(62)
calls=5 +82 +16 
* * 175 25 0 1 0 0 1 0 0 15 3
+5 * 5
fi=(404) /usr/src/debug/glibc/glibc/string/../include/rtld-malloc.h
+4 +15 5
+3 * 5 5 5 0 0 0 0 0 0 0 0 5 1
cfi=(27)
cfn=(78)
calls=5 0xc630 -20 
* * 90 15 15 0 0 0 0 0 0 15 1
fe=(54)
+6 -12 5
+3 * 5 0 0 0 0 0 0 0 0 5
+2 +3 5
+3 * 5
+3 +1 5 5
+1 -1 5
+3 +1 5 5
+2 * 5 5
+1 -1 5
cfi=(29)
cfn=(82)
calls=5 0x25cc0 210 
* * 63 17 12 0 0 3 0 0 3 12 2

fl=(20) /usr/src/debug/glibc/glibc/elf/../sysdeps/x86/dl-cacheinfo.h
fn=(52) intel_check_word.constprop.0
0x173a0 123 24 0 0 1 0 0 1
+2 * 24 0 0 0 0 0 0 0 0 24
+6 -4 24 0 24
+1 * 24
+3 +10 24
+5 * 24
+2 * 24
+3 +87 24
+7 -97 24
+3 * 24 0 24 1 0 0 1
+2 * 24 0 24
+2 +90 24
+6 -90 24 0 24
+2 * 24
+3 +10 24
+6 * 24
+4 -10 24 0 24
+1 +10 24
+4 +73 24 24
+7 * 24
+3 * 24 24
+7 -73 24
+4 +73 24
+3 * 24
+2 -69 24
+3 +2 24
+2 * 24 0 0 1 0 0 1 0 0 24 8
+67 -10 12
+2 246 12 12
+1 * 12 12
+2 * 12 12
+2 * 12 12
+2 * 12 12
+1 * 12 12
-8 * 12 12
+1 * 12 12
+2 * 12 12
+2 * 12 12
+2 * 12 12
+1 * 12 12
+18 -30 48 0 0 1 0 0 1
+3 * 48
+3 * 48
fi=(21) /usr/src/debug/glibc/glibc/elf/../bits/stdlib-bsearch.h
+5 28 48
+3 * 48
+3 * 48
fe=(20)
+4 +82 48 48 0 0 1 0 0 1
+3 * 48 0 0 0 0 0 0 0 0 48
fi=(21)
-13 -82 276
+3 * 276
+3 * 276
fe=(20)
+4 +82 276 276 0 0 5 0 0 5
+3 * 276 0 0 0 0 0 0 0 0 276
+2 +3 324 0 0 0 0 0 0 0 0 324 38
+2 * 264
fi=(21)
+3 -87 264
+3 * 264 0 0 0 0 0 0 0 0 264 34
-3 * 60
+3 * 60 0 0 0 0 0 0 0 0 60 14
fe=(20)
+2 131 48
+2 * 48
+3 * 48 0 0 0 0 0 0 0 0 48 2
+2 +2 36
+3 +2 36
+2 * 36 0 0 0 0 0 0 0 0 36
+6 * 60 0 0 1 0 0 1
+2 +8 60
+6 * 60 0 0 0 0 0 0 0 0 60 2
+2 +51 48
+3 * 48 0 0 0 0 0 0 0 0 48 8
fi=(21)
+33 44 60 0 0 1 0 0 1
+4 -1 60
+4 +3 60
+3 * 60
fe=(20)
+53 155 12 0 0 1 0 0 1
+5 * 12
+2 * 12
+2 +3 12
+2 * 12
+3 * 12 0 0 0 0 0 0 0 0 12
+6 +9 12
+3 * 12
+4 +1 12
+4 * 12
+4 +1 12
+4 * 12
+4 +1 12
+4 * 12
+4 -18 12
+2 * 12
+11 +12 12
+3 * 12 0 0 0 0 0 0 0 0 12
+2 +1 12
+4 * 12 0 0 0 0 0 0 0 0 12 4
+2 +22 21
+3 -32 21
+5 * 21
+2 * 21
+2 +3 21
+2 * 21
+3 * 21 0 0 0 0 0 0 0 0 21 1
+6 +4 32 0 0 1 0 0 1
+3 * 32
+3 +2 32
+3 * 32
+4 * 32
+3 * 32 0 0 0 0 0 0 0 0 32 7
+2 +3 20
+3 * 20 0 0 0 0 0 0 0 0 20 4
+2 * 9
+3 * 9 0 0 0 0 0 0 0 0 9 3
+2 +1 18
+3 * 18 0 0 0 0 0 0 0 0 18 4
+2 * 7
+3 * 7 0 0 0 0 0 0 0 0 7 4
+2 +1 15
+3 * 15 0 0 0 0 0 0 0 0 15 4
+2 * 4
+3 * 4 0 0 0 0 0 0 0 0 4 3
+2 +1 12
+3 * 12 0 0 0 0 0 0 0 0 12 5
+7 +2 11 0 0 1 0 0 1
+7 +2 11
+3 * 11 0 0 0 0 0 0 0 0 11 4
+2 +6 7
+4 * 7 0 0 0 0 0 0 0 0 7 3
+2 +3 4
+4 * 4 0 0 0 0 0 0 0 0 4
+6 +1 4
+6 * 4 0 0 1 0 0 1
+4 * 4
+42 -3 3
+3 * 3
+3 * 3
+14 -5 4 0 0 1 0 0 1
+2 +2 4
+2 +1 4
+3 -2 4
+3 -1 4
+3 +2 4
+6 * 4
+3 -2 4
+3 +3 4
+3 -2 4
+2 * 4
+6 * 4
+3 +2 4
+3 * 4
+3 * 4
+13 +11 1
+7 * 1

fn=(56) get_common_cache_info.constprop.0
0x16ef0 613 1 0 1 1 0 0 1
+1 * 1
+3 * 1
+3 * 1 0 1
+2 * 1
+3 * 1 0 1
+2 * 1 0 1
+2 * 1 0 1 1 0 0 1
+2 * 1
+3 * 1 0 1
+1 * 1
+3 +18 1 1
+3 +29 1 1
+6 -32 1 1
+6 +32 1
+6 -17 1
+3 * 1 0 0 0 0 0 0 0 0 1
+6 -11 1 1
+3 +28 1
+2 * 1 0 0 0 0 0 0 0 0 1
+6 +4 1
+3 * 1 0 0 0 0 0 0 0 0 1
+6 -26 1 0 1 1 0 0 1
+7 +31 1
+5 -14 1 0 1
+7 +17 1 0 1
+4 -32 1 1
+7 * 1
+2 * 1
+3 * 1 0 1
+4 +32 1
+3 * 1 0 1
+3 * 1
+8 +10 4
+2 * 4
+3 * 4
+3 * 4
+3 * 4 0 0 0 0 0 0 0 0 4 1
+6 * 3
+3 * 3 0 0 0 0 0 0 0 0 3 2
+2 +14 1
+4 * 1 0 0 0 0 0 0 0 0 1
+6 +4 1
+3 +3 1
+2 +1 1
+3 -4 1
+5 * 1 0 1
+3 +3 1
+2 * 1
+3 * 1 0 1
+3 +6 1
+2 * 1 0 0 0 0 0 0 0 0 1 1
+6 -37 3
+3 * 3
+5 * 3
+2 * 3
+2 +6 3
+4 * 3 0 0 0 0 0 0 0 0 3
-13 -6 1 0 0 1 0 0 1
+5 * 1
+2 * 1
+2 +6 1
+4 * 1 0 0 1 0 0 1 0 0 1
+2 +1 4
+2 * 4 0 0 0 0 0 0 0 0 4 4
+46 812 1
+3 * 1 0 0 0 0 0 0 0 0 1
+2 * 1
+2 * 1 0 0 0 0 0 0 0 0 1
+2 +1 1
+3 * 1
+2 * 1 0 0 1 0 0 1
+2 * 1
+3 * 1
+3 +4 1 1
+4 * 1 0 0 0 0 0 0 0 0 1 1
+27 +7 1 0 1
+3 +1 1 0 1
+4 +1 1 0 1
+3 +1 1 1
+1 * 1 1
+2 * 1 1
+2 * 1 1
+2 * 1 1
+2 * 1 1
+1 * 1 1
+53 687 1 0 0 1 0 0 1
+4 * 1 0 0 0 0 0 0 0 0 1
+6 +4 1
+3 +1 1
+3 -1 1 0 0 1 0 0 1
+5 * 1
+3 +18 1
+2 * 1 0 0 0 0 0 0 0 0 1 1
+6 -69 1 1
+7 * 1
+3 * 1 1
+4 * 1
+4 * 1
+4 * 1
+3 +75 1
+3 * 1 0 0 0 0 0 0 0 0 1
+6 * 1 1
+4 * 1 0 0 0 0 0 0 0 0 1
+6 +8 1
+3 +2 1 1 0 1 0 0 1
+4 -2 1
+3 * 1
+2 * 1 1
+4 * 1
+3 * 1
+2 +2 1
+3 * 1 0 0 0 0 0 0 0 0 1
+6 -2 1
+3 * 1
+3 +22 1 0 1
+4 * 1
+3 * 1
+3 * 1
+3 * 1
+3 +5 1
+6 * 1 0 0 0 0 0 0 0 0 1 1
+6 -21 1
+3 * 1
+5 * 1
+2 * 1
+2 +3 1
+6 +1 1
+6 * 1 0 0 0 0 0 0 0 0 1
-21 -4 1 0 0 1 0 0 1
+5 * 1
+2 * 1
+2 +3 1
+6 +1 1
+6 * 1 0 0 0 0 0 0 0 0 1
+2 * 2
+2 * 2 0 0 0 0 0 0 0 0 2
+2 +2 2
+6 * 2 0 0 0 0 0 0 0 0 2 1
+2 +3 1
+4 * 1 0 0 0 0 0 0 0 0 1
+6 +5 1
+4 +2 1
+6 * 1
+3 +1 1
+3 +1 1
+4 -2 1 0 0 1 0 0 1
+3 * 1
+3 +1 1
+3 -19 1
+3 * 1 0 0 0 0 0 0 0 0 1 1
-3 * 1
+3 * 1 0 0 0 0 0 0 0 0 1
+2 * 1
+3 * 1
+3 * 1
+3 * 1 1
+4 +46 1
+3 * 1 0 0 0 0 0 0 0 0 1
+6 +2 1 1
+3 -1 1
+4 +1 1
+2 * 1 0 0 0 0 0 0 0 0 1
+6 +2 1 1
+4 * 1 0 0 0 0 0 0 0 0 1
+6 -1 1
+3 * 1 0 1
+3 +25 1 1
+3 * 1
+5 * 1
+37 -48 1 0 0 1 0 0 1
+4 * 1 0 0 0 0 0 0 0 0 1
+6 -7 1
+3 +11 1 1 0 1 0 0 1
+4 * 1 0 0 0 0 0 0 0 0 1
+6 +3 1 1
+4 +2 1
+5 * 1
+3 * 1
+2 * 1
+2 +1 1
+2 * 1 0 1
+3 +5 1
+4 * 1

fn=(50) handle_intel.constprop.0
0x17650 255 12 12 0 1 0 0 1
+7 * 12 0 0 0 0 0 0 0 0 12
+6 -5 12 0 12
+1 +17 12
+5 -17 12
+3 * 12 0 12
+2 * 12 0 12
+2 * 12 0 12
+2 * 12 0 12
+2 * 12
+3 * 12 0 12
+1 * 12
+4 +11 12 0 12
+4 +6 12
+2 * 12 0 12
+3 * 12 0 0 1 0 0 1
+3 +4 12
+2 * 12 0 0 0 0 0 0 0 0 12 9
+20 +34 12
+4 * 12 12
+1 * 12 12
+2 * 12 12
+2 * 12 12
+2 * 12 12
+2 * 12 12
+1 * 12 12
+10 -29 12
+2 +3 12
+4 * 12
+4 -3 12
+2 +3 12 0 12 1 0 0 1
cfn=(52)
calls=12 0x173a0 123 
* * 4140 420 60 6 6 0 6 6 0 1176 102
+5 +2 12
+3 * 12 0 0 0 0 0 0 0 0 12
+2 +3 12
+4 * 12
+4 * 12
+2 * 12
+3 * 12 0 12
cfn=(52)
calls=12 0x173a0 123 
* * 1319 96 60 5 0 0 5 0 0 232 50
+5 +2 12
+3 * 12 0 0 0 0 0 0 0 0 12 12

fl=(49)
fn=(1660) _dl_audit_objclose
0x19c60 97 7 0 0 1 0 0 1
+4 +1 7 7
+6 * 7
+2 * 7 0 0 0 0 0 0 0 0 7 1
+2 * 7 7

fn=(638)
0x19a70 41 3 0 0 2
+4 +4 3
+4 * 3
+7 * 3 3 0 2 0 0 1
+4 +2 3 3 0 0 1
+6 * 3
+2 * 3 0 0 0 0 0 0 0 0 3 3
+7 +4 3 3

fn=(152)
0x199d0 29 1 0 0 1 0 0 1
+4 +2 1 1
+6 * 1
+2 * 1 0 0 0 0 0 0 0 0 1 1
0x19a60 +6 1 1 0 1 0 0 1

fn=(990)
0x19d10 118 1 0 0 1 0 0 1
+4 +1 1 1 0 0 1
+6 * 1
+2 * 1 0 0 0 0 0 0 0 0 1
+2 * 1 1

fn=(214)
0x19b80 77 5 0 0 1 0 0 1
+4 +1 5 5
+6 * 5
+2 * 5 0 0 0 0 0 0 0 0 5
+2 * 5 5

fl=(26)
fn=(86)
0xcc00 31 6 0 0 1 0 0 1
+4 * 6 0 6
+1 * 6
+3 * 6 0 6
+2 * 6
+3 +2 6
+7 -2 6 0 6
+1 * 6
+3 +2 6 6 6 0 0 0 0 0 0 0 0 6 1
cfi=(24)
cfn=(88)
calls=6 0x13f20 +10 
* * 18 6
+6 +2 6
+4 * 6
+7 * 6 6
+4 * 6
+3 * 6 0 0 0 0 0 0 0 0 6 1
+2 * 5
+3 * 5
+11 +3 5
+3 * 5 5
+4 * 5
+3 * 5 0 0 0 0 0 0 0 0 5 5
-10 * 15
+3 * 15 15
+4 * 15
+3 * 15 0 0 0 0 0 0 0 0 15 10
+2 +2 5 0 5
+5 +2 5 0 5
+4 +4 5
+4 +1 5 5
+7 +3 5
+7 -4 5 0 5
+5 +1 5 0 5
+8 +1 5
+4 +3 5 5
+1 -3 5 0 5
+7 +3 5 5
+2 * 5 5
+1 -1 5 5 0 0 0 0 0 0 0 0 0 5
cfi=(24)
cfn=(88)
calls=5 0x13f20 -7 
* * 15 5
-46 -4 1 0 0 1 0 0 1
+4 +1 1 1 0 0 1 0 0 1
+7 +3 1
+7 -4 1 0 1
+5 +1 1 0 1
+8 +1 1
+4 +3 1 1
+1 -3 1 0 1
+7 +3 1 1
+2 * 1 1
+1 -1 1 1 0 0 0 0 0 0 0 0 0 1 1
cfi=(24)
cfn=(88)
calls=1 0x13f20 -7 
* * 3 1
+13 -5 1 0 1
+4 * 1

fn=(72)
0xcca0 59 6 0 0 1 0 0 1
+4 * 6 0 6
+1 * 6
+3 * 6 0 6
+2 * 6
+3 * 6 0 6
+2 * 6 0 6 0 0 2 0 0 2
+2 * 6
+3 * 6 0 6
+2 * 6 0 6 0 0 1 0 0 1
+1 * 6
+4 * 6 0 6
+4 * 6 0 6 1 0 0 1
+3 * 6 0 6
+4 * 6 0 6
+4 +3 6
+7 * 6 0 0 0 0 0 0 0 0 6 1
+6 +18 5 5
+6 +3 5
+3 * 5 0 5 0 0 2 0 0 2
cfi=(22)
cfn=(62)
calls=5 0x27ee0 -26 
* * 103 13 0 0 0 0 0 0 0 11 1
+5 +4 5
+2 -4 5
+3 +4 5
+4 +5 5
+8 -9 5
+4 * 5 0 5
+4 * 5 0 5
fi=(28)
+4 -39 5
+5 * 5 5 5 0 0 0 0 0 0 0 0 5
cfi=(27)
cfn=(74)
calls=5 0xc780 +36 
* * 262 43 34 7 2 2 6 2 2 33 14 5
fe=(26)
-9 +39 1 0 1 1 0 1 1 0 1
fi=(28)
+4 -39 1
+5 * 1 1 1 0 0 0 0 0 0 0 0 1 1
cfi=(27)
cfn=(74)
calls=1 0xc780 +36 
* * 35 4 4 5 0 1 5 0 1 4 3 1 1
+6 * 6
fe=(26)
+3 +51 6
+3 * 6 0 0 0 0 0 0 0 0 6
+6 +5 6 6
+4 -2 6 0 6 0 0 5 0 0 5
+4 +6 6
+3 -4 6
+8 +4 6 6
+4 -5 6 0 6 0 0 6 0 0 6
+7 +4 6
+4 +1 6
+4 * 6 0 6 1 0 0 1
+4 -1 6 0 6 0 0 1 0 0 1
+4 +1 6 0 6
cfi=(29)
cfn=(82)
calls=6 0x25cc0 210 
* * 77 19 13 2 1 7 2 1 7 17 11
+6 * 6 6
+4 +15 6 6
+4 -15 6 0 6 0 0 2 0 0 2
+4 +2 6 0 6
+8 +13 6 6
+3 * 6 0 0 0 0 0 0 0 0 6 4
+6 +6 1
+4 +2 1 1 0 0 1 0 0 1
+8 * 1 0 1
+4 * 1 1
+4 * 1 0 0 1 0 0 1
+3 * 1
+3 * 1
+2 * 1 0 1
+7 +3 1 1
+7 * 1 0 0 0 0 0 0 0 0 1 1
-38 -3 5 5 0 0 5 0 0 5
+8 * 5 0 5
+4 * 5 5
+4 * 5
+3 * 5
+3 * 5
+2 * 5 0 5
+7 +3 5 5
+7 * 5 0 0 0 0 0 0 0 0 5 4
+6 +6 6 6
+4 -4 6 0 6 0 0 2 0 0 2
+7 +4 6 0 6
+4 +3 6
+2 * 6 0 0 0 0 0 0 0 0 6 4
+2 * 1
+7 * 1
+4 * 1
+7 * 1 0 0 1 0 0 1
+3 * 1
+7 * 1
+1 * 1
+11 * 1
fi=(4)
+11 1389 1
+3 * 1
+3 * 1
fe=(26)
+4 139 1
+4 * 1
+4 +2 1 0 1 0 0 1 0 0 1
+3 -2 1
+3 * 1 0 0 0 0 0 0 0 0 1 1
fi=(4)
-24 1389 15
+3 * 15
+3 * 15
fe=(26)
+4 139 15
+4 * 15
+4 +2 15 0 15 0 0 3 0 0 3
+3 -2 15
+3 * 15 0 0 0 0 0 0 0 0 15 9
+2 +16 6 6
+5 * 6 0 0 1 0 0 1
+7 -5 6 0 6 0 0 6 0 0 6
+11 -1 6
+7 * 6 0 6
+7 +6 6 6 0 0 1 0 0 1
+4 * 6
+3 * 6 0 0 0 0 0 0 0 0 6 4
+6 +2 5
+7 * 5 0 5 0 0 2 0 0 2
+7 +3 5
+3 * 5 0 0 0 0 0 0 0 0 5
+6 -3 5
+5 * 5
+8 +7 5
+3 * 5 5
+7 * 5
+3 * 5 0 0 0 0 0 0 0 0 5
+2 +4 5
+7 * 5
+2 * 5 0 0 0 0 0 0 0 0 5 2
+6 +8 1 0 1 1 0 0 1
+3 +13 1 1
+4 -10 1
+7 * 1 0 1 1 0 1 1 0 1
+7 +10 1 1
+4 * 1
+3 * 1 0 0 0 0 0 0 0 0 1 1
-25 * 5 5
+4 -10 5
+7 * 5 0 5 0 0 1 0 0 1
+7 +10 5 5
+4 * 5
+3 * 5 0 0 0 0 0 0 0 0 5
+6 +2 5 0 5
cfi=(22)
cfn=(62)
calls=5 0x27ee0 57 
* * 175 25 0 0 1 0 0 1 0 15 1
+5 +21 5
+3 -21 5
+3 * 5
+4 * 5 0 5
+4 +17 5
+3 -13 5
+4 * 5 0 0 0 0 0 0 0 0 5
+2 * 5
0xcf1a +50 5 5 0 1 0 0 1
+4 * 5 5
+4 * 5 0 5
cfi=(29)
cfn=(136)
calls=5 0x25cb0 -48 
* * 73 17 12 0 0 3 0 0 3 12 1
+6 * 5
+8 +5 5
+3 * 5
+4 +1 5 5
+3 * 5 0 0 0 0 0 0 0 0 5 1
-10 -1 79
+3 * 79
+4 +1 79 79
+3 * 79 0 0 0 0 0 0 0 0 79 23
+2 +4 5
+3 * 5
+4 +1 5 0 5
+3 +3 5 0 5 0 0 2 0 0 2
+7 +4 5
+4 * 5
+3 * 5 5
+1 * 5 5
+2 * 5 5
+2 * 5 5
+2 * 5 5
+2 * 5 5
+1 * 5 5
-17 * 1
+4 * 1
+3 * 1 1
+1 * 1 1
+2 * 1 1
+2 * 1 1
+2 * 1 1
+2 * 1 1
+1 * 1 1
+2 131 6 0 6 1 0 6 1 0 6
+11 * 6
+5 -8 5
+3 -4 5 5
+4 * 5 0 0 0 0 0 0 0 0 5 4
+17 +34 1 0 0 1 0 0 1
+2 +7 1
+3 * 1 0 0 0 0 0 0 0 0 1
+6 * 1
+7 * 1
+6 +8 5 5
+7 * 5
+7 * 5
+3 * 5 0 0 0 0 0 0 0 0 5 2
fi=(28)
+55 56 5 0 0 1 0 0 1
+3 * 5 5 5 0 0 0 0 0 0 0 0 5 1
cfi=(27)
cfn=(78)
calls=5 0xc630 -20 
* * 90 15 15 0 0 0 0 0 0 15 2
+6 * 5
fe=(26)
+3 200 5
+3 * 5 0 0 0 0 0 0 0 0 5
+2 -1 5
+3 * 5
+12 64 1 0 0 1 0 0 1
+7 * 1 0 0 0 0 0 0 0 0 1 1
+73 +2 1 1 0 1 0 0 1
+3 * 1
+2 * 1 0 0 0 0 0 0 0 0 1
+6 +1 1 1
+5 * 1 0 0 0 0 0 0 0 0 1
+6 * 1 0 1
+8 * 1
+5 * 1
+5 * 1 0 0 1 0 0 1
+3 +10 1
+5 -6 1
+7 * 1

fl=(190)
fn=(654) call_init
0x61d0 29 8 8 0 1 0 0 1
+4 * 8 0 0 0 0 0 0 0 0 8 6
+12 -2 8 0 8
+1 * 8
+3 * 8 0 8
+2 * 8 0 8
+2 * 8
+3 * 8 0 8
+2 * 8
+3 * 8 0 8
+2 * 8
+3 * 8 0 8
+1 * 8
+3 * 8
+4 +8 8 8 0 1 0 0 1
+7 * 8
+2 * 8 0 0 0 0 0 0 0 0 8 8
+10 +2 8
+2 * 8 0 0 0 0 0 0 0 0 8 2
+6 +6 7 7
+7 +3 7 7 0 0 1
+4 -3 7
+3 * 7 0 7
+6 +3 7 7 0 0 5
+3 * 7 0 0 0 0 0 0 0 0 7 1
+6 +5 6 6
+7 * 6 0 0 1 0 0 1 0 0 6
+6 +8 6 6 0 0 5
+7 * 6
+3 * 6 0 0 0 0 0 0 0 0 6 2
+2 +1 4 4 0 0 3
+4 * 4
+3 * 4 4
+3 * 4
+3 * 4
+3 * 4 0 4 0 0 0 0 0 0 0 0 4 4
cob=(4)
cfi=(191)
cfn=(704) 0x0000000004916000
calls=1 0x4916000 -60 
* * 7 2 0 1 1 0 1 0 0 1
cob=(4)
cfi=(191)
cfn=(694) 0x0000000004b22000
calls=1 0x4b22000 -60 
* * 7 2 0 1 1 0 1 0 0 1
cob=(4)
cfi=(191)
cfn=(678) 0x0000000004c25000
calls=1 0x4c25000 -60 
* * 7 2 0 1 1 0 1 0 0 1 1
cob=(4)
cfi=(191)
cfn=(656) 0x0000000004846000
calls=1 0x4846000 -60 
* * 7 2 0 1 0 0 1 0 0 1 1
+2 +3 6 6 0 0 4
+7 +1 6
+3 * 6 0 0 0 0 0 0 0 0 6 2
+2 +6 5 5 0 0 1
+7 * 5 5 0 0 5
+4 * 5
+4 +3 5
+2 * 5 0 0 0 0 0 0 0 0 5
+2 -1 5 5 0 1 0 0 1
+3 * 5 5
+4 * 5
+3 * 5
+4 * 5
+4 * 5
+7 * 15
+4 +2 15
+3 * 15
+3 * 15
+3 * 15 15 15 0 3 0 0 0 0 0 0 15 15
cob=(7)
cfi=(266)
cfn=(966)
calls=1 0xae5c0 +86 
* * 50 25 12 3 5 0 3 1 0 12 2
cob=(7)
cfi=(266)
cfn=(958)
calls=1 0xae500 +86 
* * 50 25 12 3 6 0 3 1 0 12
cob=(7)
cfi=(266)
cfn=(950)
calls=1 0xae480 +86 
* * 34 17 8 2 4 0 2 1 0 8
cob=(7)
cfi=(266)
cfn=(942)
calls=1 0xae400 +86 
* * 34 17 8 2 5 0 2 1 0 8
cob=(7)
cfi=(265)
cfn=(940)
calls=1 0xae2a0 -32 
* * 47 11 28 5 3 6 5 3 6
cob=(7)
cfi=(262)
cfn=(934)
calls=1 0xae170 +53 
* * 74 9 34 4 2 4 4 0 0 26 22
cob=(7)
cfi=(254)
cfn=(904)
calls=1 0xadf50 456 
* * 1132 355 87 61 53 3 61 3 2 235 44 5 3
cob=(7)
cfi=(252)
cfn=(900)
calls=1 0xadf30 +54 
* * 11 5 3 2 0 0 2 0 0 0 0 1 1
cob=(7)
cfi=(251)
cfn=(898)
calls=1 0xadf20 +34 
* * 3 1 1 0 0 1
cob=(7)
cfi=(250)
cfn=(894)
calls=1 0xade90 260 
* * 184 35 40 4 1 2 4 0 1 20 4 4 4
cob=(7)
cfi=(249)
cfn=(888)
calls=1 0xae760 -74 
* * 12 1 0 3 0 0 3 0 0 1 1
cob=(7)
cfi=(248)
cfn=(886)
calls=1 0xae680 2174 
* * 81 14 15 1 0 0 1 0 0 10 2 1 1
cob=(6) /usr/lib/libgcc_s.so.1
cfi=(201) ???
cfn=(688) 0x0000000000005410
calls=1 0x5410 -74 
* * 12 1 0 2 0 0 2 0 0 1 1
cob=(2)
cfi=(197)
cfn=(676)
calls=1 0x274a0 -10 
* * 22 5 3 1 4 1 1 0 0 4 2
cob=(2)
cfi=(196)
cfn=(674)
calls=1 0x27430 545 
* * 12 7 0 2 5 0 2 0 0 3 1
-9 * 5
+3 * 5
+3 * 5
+3 * 5 5 5 0 3 0 0 0 0 0 0 5 5
cob=(7)
cfi=(203)
cfn=(708)
calls=1 0xae260 +44 
* * 39394 11285 5100 325 167 150 325 25 116 7305 374 914 171
cob=(3) /usr/lib/libm.so.6
cfi=(202) ???
cfn=(698) 0x000000000000f8f0
calls=1 0xf8f0 -74 
* * 12 1 0 3 0 0 3 0 0 1 1
cob=(6)
cfi=(198) /usr/src/debug/gcc/gcc/libgcc/config/i386/cpuinfo.c
cfn=(682) __cpu_indicator_init@GCC_4.8.0
calls=1 0x4260 -14 
* * 362 17 45 36 4 0 36 2 0 97 31 1 1
cob=(2)
cfi=(193)
cfn=(666)
calls=1 0x273c0 -28 
* * 69 18 10 7 5 3 7 2 1 7 2 1 1
cob=(5) /usr/lib/valgrind/vgpreload_core-amd64-linux.so
cfi=(192) ???
cfn=(660) 0x00000000000010e0
calls=1 0x10e0 -74 
* * 12 1 0 3 0 0 3 0 0 1 1
+2 -1 20
+3 * 20
+3 * 20 0 0 0 0 0 0 0 0 20 14
+2 +3 8
+4 * 8 8
+1 * 8 8
+2 * 8 8
+2 * 8 8
+2 * 8 8
+2 * 8 8
+1 * 8 8
+3 -29 1 0 0 1 0 0 1
+2 * 1 0 0 0 0 0 0 0 0 1 1

fn=(652)
0x6300 81 1 0 0 1 0 0 1
+4 * 1 0 1
+1 * 1
+3 * 1 0 1
+2 * 1
+3 * 1 0 1
+2 * 1
+3 * 1 0 1
+2 * 1
+3 * 1 0 1
+2 * 1
+3 * 1 0 1
+1 * 1
+4 +1 1 1 0 0 1
+7 +1 1 1
+7 +3 1 1
+7 * 1
+3 * 1 0 0 0 0 0 0 0 0 1 1
+6 +8 1 0 0 1 0 0 1
+3 * 1 0 0 0 0 0 0 0 0 1
+7 +25 1 1
+7 +1 1
+2 * 1 0 0 0 0 0 0 0 0 1
+2 * 1
+3 * 1
+4 * 1
+5 +1 1 1
+7 * 1
+3 * 1
+3 * 1
+3 * 1 1
+4 -1 1
+4 +1 1 0 1
cfn=(654)
calls=1 0x61d0 -92 
* * 41 15 7 0 2 0 0 0 0 7 3
-24 * 6 6
+7 * 6
+3 * 6
+3 * 6
+3 * 6 6
+4 -1 6
+4 +1 6 0 6
cfn=(654)
calls=6 0x61d0 -92 
* * 42052 11977 5469 470 292 170 470 39 126 7812 518 949 204
+5 -1 7 0 0 1 0 0 1
+4 * 7 0 0 0 0 0 0 0 0 7 6
+2 +7 1
+4 * 1 1
+1 * 1 1
+2 * 1 1
+2 * 1 1
+2 * 1 1
+2 * 1 1
+1 * 1 1
+79 -22 1 0 1 1 0 1 1
+4 -17 1 0 1
cfn=(654)
calls=1 0x61d0 -59 
* * 84 25 9 8 3 0 8 0 0 11 5 2 2
+5 +1 1 1
+4 * 1 0 1
+11 * 1

fl=(64)
fn=(216)
0x24920 25 1 0 0 1 0 0 1
+4 +2 1
+5 * 1
+2 * 1
+6 * 1 0 0 0 0 0 0 0 0 1 1
+7 * 1
+2 * 1 0 1
+6 * 1
+5 +4 1 1

fl=(78)
fn=(286)
0x11e00 343 8 0 0 1 0 0 1
+4 +1 8 8
+7 * 8 0 0 0 0 0 0 0 0 8 5
+2 * 2 2
+3 -1 6 0 6
+1 * 6
+3 * 6
+4 +3 6 0 6
+4 * 6 0 6
cfn=(288)
calls=6 0xf560 207 
* * 2555991 654100 245151 317 15941 2142 312 7982 1315 393902 14116 5211 1179
+5 +1 6 6
+4 +1 6 6 0 0 2
+1 -1 6
cfn=(464)
calls=6 0xf3f0 +5 
* * 210 48 18 4 2 0 4 0 0 24 6

fn=(464)
0xf3f0 352 7 0 0 1 0 0 1
+4 +1 7 7 0 0 2
+7 * 7
+3 * 7 0 0 0 0 0 0 0 0 7
+2 +3 7 7 0 1 0 0 1
+7 * 7 7
+7 * 7 7
+3 * 7
+3 * 7
+3 +3 7
+3 -3 7
+3 +3 7
+3 +4 7
+3 * 7 0 0 0 0 0 0 0 0 7 7
+13 -11 7 0 7
+1 +12 7
+3 * 7
+5 * 7
+3 -12 7
+3 * 7 0 7
+1 * 7 0 0 1 0 0 1
+3 +12 7
+3 -12 7
+4 +12 7 0 7
cfi=(141)
cfn=(466)
calls=7 0x24e80 117 
* * 42 7 0 1 0 0 1 0 0 7
+5 * 7
+2 * 7 0 0 0 0 0 0 0 0 7
+2 +6 7 7
+4 * 7 7
+1 * 7 7

fn=(288)
0xf560 207 7 0 0 1 0 0 1
+4 * 7 0 7
+1 * 7
+3 * 7 0 7
+2 * 7 0 7
+2 * 7
+3 * 7 0 7
+2 +13 7
+3 -13 7 0 7
+2 * 7 0 7
+1 * 7
+2 * 7
+7 * 7 0 7 1 0 0 1
+6 +16 7
+6 -16 7 0 7
+7 +16 7 0 0 0 0 0 0 0 0 7
+2 +3 7 7 0 0 1
+6 * 7
+2 * 7 0 0 0 0 0 0 0 0 7 4
+83 +20 7 7 0 1 0 0 1
+6 * 7
+2 * 7 0 0 0 0 0 0 0 0 7
+2 +1 7 7 0 1 6 0 1
+8 * 7 0 0 0 0 0 0 0 0 7 5
+6 -30 2 2
+7 * 2
+4 +33 2
+2 * 2 0 0 0 0 0 0 0 0 2 1
+6 +7 2 2
+7 * 2 0 2
+7 * 2
+3 * 2 0 0 0 0 0 0 0 0 2
fi=(6)
+6 78 2 2
+8 * 2 0 0 0 0 0 0 0 0 2 1
+2 * 1
+3 * 1 0 0 0 0 0 0 0 0 1
+2 +6 1 1
+4 * 1 1 0 0 1
+4 * 1 1
+8 * 1 0 0 0 0 0 0 0 0 1 1
+5 +4 1 1 0 0 1 0 0 1
+4 * 1
+3 * 1 0 0 0 0 0 0 0 0 1
+6 +6 1 0 1
+4 +9 1
+2 * 1 0 0 0 0 0 0 0 0 1
+6 +23 1 1 0 0 1
+7 * 1 0 1
fi=(4)
+4 -47 1 1
fe=(78)
+8 296 1
+7 * 1 1 0 0 1
fi=(4)
+3 79 1
+3 * 1
fe=(78)
+4 296 1
+3 * 1 0 0 0 0 0 0 0 0 1
fi=(4)
-28 79 6 6 0 1 0 0 1
fe=(78)
+8 296 6
+7 * 6 6 0 0 3
fi=(4)
+3 79 6
+3 * 6
fe=(78)
+4 296 6
+3 * 6 0 0 0 0 0 0 0 0 6 1
+6 * 6 6 0 0 5
+7 * 6
+3 * 6 0 0 0 0 0 0 0 0 6 1
+6 * 5 5 0 0 4
+4 * 5
+3 * 5
+4 * 5
+4 * 5 5 0 1 2 0 1
+7 * 5 5 0 0 2
+4 * 5
+3 * 5
+3 * 5 0 0 0 0 0 0 0 0 5 2
+6 * 5
+3 * 5
+11 * 24
+3 * 24 0 24 0 0 24 0 0 20
+3 * 24
+4 * 24
+4 * 24
+3 * 24 0 0 0 0 0 0 0 0 24 1
-7 * 121
+4 * 121
+3 * 121 0 0 0 0 0 0 0 0 121 4
+2 * 145 145 0 0 22 0 0 22
+3 * 145
+2 * 145 0 0 0 0 0 0 0 0 145 23
+2 * 121
+3 * 121
+3 * 121 0 0 1 0 0 1 0 0 121 16
+32 * 2286
+3 * 2286
+4 * 2286
+2 * 2286 0 0 0 0 0 0 0 0 2286 222
-2 * 121
+2 * 121 0 0 0 0 0 0 0 0 121 52
+2 * 1090
+3 * 1090
+4 * 1090
+3 * 1090
+11 * 1090
+2 * 1090 0 0 0 0 0 0 0 0 1090 181
-2 * 2875
+2 * 2875 0 0 0 0 0 0 0 0 2875 305
+2 * 2996 0 2996 1 0 685 1 0 681
+3 * 2996
+3 * 2996 0 0 0 0 0 0 0 0 2996 129
+6 * 2875
+4 * 2875
fi=(4)
+12 79 5 5
fe=(78)
+8 296 5 5
fi=(4)
+3 79 5
+3 * 5
fe=(78)
+4 296 5 5
+4 * 5
+4 * 5 0 5
+4 * 5 0 5 1 0 0 1
+4 * 5 0 5
+4 * 5 0 5
+4 * 5
+3 * 5 0 0 0 0 0 0 0 0 5
-27 * 2 2
+4 * 2
+4 * 2 0 2
+4 * 2 0 2
+4 * 2 0 2
+4 * 2 0 2
+4 * 2
+3 * 2 0 0 0 0 0 0 0 0 2
+6 * 7 7 0 0 6
+4 * 7
+2 * 7
+3 * 7 0 0 0 0 0 0 0 0 7
+2 * 7
+4 * 7
+3 * 7
+4 * 7 7 0 0 1
+7 * 7 7
+4 * 7
+5 * 7 7 0 0 6 0 0 1
+7 * 7 0 0 1 0 0 1
+5 * 7
+4 * 7 0 7
+4 * 7
+3 * 7 0 0 0 0 0 0 0 0 7 6
+2 * 1 1 0 0 1
+4 * 1 0 1
+4 * 1 1
+8 * 1 0 0 0 0 0 0 0 0 1
-8 * 6 6
+8 * 6 0 0 0 0 0 0 0 0 6 4
+2 * 3 3
+7 * 3
+3 * 3 3
+4 * 3 3
+4 * 3 3 0 0 1
+4 * 3
+4 * 3 0 0 1 0 0 1
+4 * 3
+3 * 3
+4 * 3
+4 * 3
+4 * 3 0 3
+4 * 3
+3 * 3 0 0 0 0 0 0 0 0 3
+6 * 3
+3 * 3 0 0 0 0 0 0 0 0 3 2
+6 * 1
+5 * 1
+5 * 1 0 1
+4 * 1
+4 * 1 0 1
+4 * 1 0 1
+7 * 1
+4 * 1
+3 * 1 0 1
+6 * 1 0 1
+7 * 1
+3 * 1 1
fi=(5)
+5 49 1 1
+4 +4 1
+3 +27 1 1
+4 -32 1
+5 +1 1
+4 +1 1
+4 -1 1
+4 +4 1 1
+4 -3 1
+5 * 1
+4 +3 1 1
+4 -3 1
+5 * 1 0 1
+8 +3 1
+4 * 1
+4 +27 1
+3 * 1 0 0 0 0 0 0 0 0 1 1
fe=(78)
0xf83d 296 6 0 6 1 0 0 1
+7 * 6
+4 * 6
+3 * 6 0 6
+6 * 6 0 6
+7 * 6
+3 * 6 6
fi=(5)
+5 49 6 6
+4 +4 6
+3 +27 6 6
+4 -32 6
+5 +1 6
+4 +1 6
+4 -1 6
+4 +4 6 6
+4 -3 6 0 0 1 0 0 1
+5 * 6
+4 +3 6 6
+4 -3 6
+5 * 6 0 6
+8 +3 6
+4 * 6
+4 +27 6
+3 * 6 0 0 0 0 0 0 0 0 6 5
fe=(78)
-74 296 7 7 0 0 2
fi=(5)
+5 49 7 7
+4 +4 7
+3 +27 7 7
+4 -32 7
+5 +1 7
+4 +1 7
+4 -1 7
+4 +4 7 7
+4 -3 7
+5 * 7
+4 +3 7 7
+4 -3 7
+5 * 7 0 7
+8 +3 7
+4 * 7
+4 +27 7
+3 * 7 0 0 0 0 0 0 0 0 7 6
+6 +3 1
+3 * 1 0 0 0 0 0 0 0 0 1 1
+6 * 1 0 1
+7 * 1 1 0 1 0 0 1
+7 * 1
+3 * 1
+3 * 1
fi=(6)
+8 509 41 41
+3 * 41
+3 +4 41
+4 * 41 0 0 0 0 0 0 0 0 41
+2 +3 41 41
+7 * 41
+3 * 41 0 0 0 0 0 0 0 0 41
+6 +1 41 0 41 0 0 5 0 0 5
fi=(5)
+3 83 41
+4 * 41
+3 * 41 0 0 0 0 0 0 0 0 41 1
+6 +2 41 41 0 0 15 0 0 15
+4 * 41 0 0 1 0 0 1
+2 * 41
+3 * 41 0 0 0 0 0 0 0 0 41 4
0xfab0 -2 1 1 0 1 0 0 1
+7 * 1
+3 * 1
+3 +13 1
+3 * 1 0 0 1 0 0 1 0 0 1 1
fe=(78)
+91 296 11 0 0 1 0 0 1
+4 * 11
+4 * 11
+3 * 11 0 0 0 0 0 0 0 0 11 4
fi=(6)
+6 725 7 7
+6 * 7 7
+8 * 7
+3 * 7 7 0 1 0 0 1
+6 * 7
+2 * 7 0 0 0 0 0 0 0 0 7 1
+2 +4 6 6
+7 * 6 0 0 0 0 0 0 0 0 6
fe=(78)
+6 298 7
+2 * 7 0 0 0 0 0 0 0 0 7
+6 * 7
+3 * 7 0 0 0 0 0 0 0 0 7
+6 +23 7 0 7
+8 +3 7 7
+8 * 7 0 0 0 0 0 0 0 0 7
+6 +14 7
+4 * 7 7
+1 * 7 7 0 1 2 0 1
+2 * 7 7
+2 * 7 7
+2 * 7 7
+2 * 7 7
+1 * 7 7
fi=(5)
0xfc00 105 13 0 0 1 0 0 1
+7 * 13
+3 * 13 0 0 0 0 0 0 0 0 13 2
+2 +9 11
+3 * 11 0 0 0 0 0 0 0 0 11 8
+2 * 1
+4 * 1
fi=(6)
+11 493 1 1 0 0 1
+3 * 1
+4 * 1 0 0 0 0 0 0 0 0 1
-7 * 2 2 0 0 1 0 0 1
+3 * 2
+4 * 2 0 0 0 0 0 0 0 0 2
+2 +5 3
+4 * 3 0 0 0 0 0 0 0 0 3
+6 +1 3 3
+4 * 3 3
fi=(5)
+3 114 3
fi=(6)
+4 499 3
+3 * 3 0 3 0 0 2 0 0 2
fi=(5)
+4 114 3
+3 * 3 0 0 0 0 0 0 0 0 3 2
+2 +3 13 13 0 1 7 0 1
+7 * 13 0 13
+7 * 13
+3 * 13 0 0 0 0 0 0 0 0 13 2
+6 +3 11 11
+7 * 11 11 0 0 3
+4 * 11 0 11
+7 * 11 11
+8 * 11 0 0 1 0 0 1 0 0 11
+6 +2 11 11
+7 * 11 0 0 0 0 0 0 0 0 11 5
fe=(78)
+6 +68 6
fi=(5)
+4 73 6 0 6
fe=(78)
+11 190 6 0 6
fi=(6)
+7 431 6 0 6
+7 * 6 0 6
+11 * 6 0 6
+7 * 6 0 6 1 0 0 1
+7 * 6
+1 * 6
fi=(5)
+11 124 6 6 0 0 4 0 0 1
+4 * 6 6
+7 +1 6 6
+7 -1 6
+3 +5 6
+3 -5 6
+4 * 6 6 0 0 6 0 0 3
+4 +1 6
+4 * 6
+4 * 6 0 6
+4 +4 6
+4 * 6 0 0 1 0 0 1 0 0 6 1
-48 -5 4629 4629 0 0 1368 0 0 1367
+4 * 4629 4629
+7 +1 4629 4629
+7 -1 4629
+3 +5 4629
+3 -5 4629
+4 * 4629 4629 0 0 1531 0 0 244
+4 +1 4629
+4 * 4629
+4 * 4629 0 4629
+4 +4 4629
+4 * 4629 0 0 0 0 0 0 0 0 4629 8
+6 -2 4559
+5 -1 4559 4559
+7 * 4559 4559 0 0 1
+3 * 4559 0 4559
+4 +1 4559
+4 * 4559 4559
+7 -1 4559 0 4559
+7 +1 4559
fi=(6)
+4 262 4559
+4 * 4559 0 0 0 0 0 0 0 0 4559
+6 +7 4559
+4 * 4559 0 0 1 0 0 1 0 0 4559
+6 +4 4559
+3 * 4559 0 0 0 0 0 0 0 0 4559 6
fe=(78)
+6 170 4559 4559 0 0 2539 0 0 1799
+6 * 4559
+2 * 4559
+4 * 4559 0 0 0 0 0 0 0 0 4559 6
fi=(4)
+6 -18 4542 4542
+6 * 4542
+3 * 4542
fe=(78)
+3 +19 4542
+3 * 4542 0 0 0 0 0 0 0 0 4542
+6 +3 4542 4542 0 0 4
+7 * 4542 0 0 0 0 0 0 0 0 4542 931
+6 +8 2824 0 0 1 0 0 1
+4 * 2824 0 0 0 0 0 0 0 0 2824
+6 -8 2824
+6 * 2824
+7 * 2824 0 0 0 0 0 0 0 0 2824 4
+2 * 2820
+6 * 2820
+4 * 2820 0 0 0 0 0 0 0 0 2820 3
+2 * 2809
+3 * 2809
+4 * 2809
+4 +12 2809 2809
+4 * 2809 2809
+4 -3 2809 0 2809
+7 +1 2809 0 2809 1 0 0 1
+7 +2 2809 2809
+4 * 2809
+2 * 2809 2809
+8 * 2809 0 0 0 0 0 0 0 0 2809 2
-36 * 15 15
+4 * 15 15
+4 -3 15 0 15
+7 +1 15 0 15
+7 +2 15 15
+4 * 15
+2 * 15 15
+8 * 15 0 0 0 0 0 0 0 0 15 2
+5 * 2824
+3 +1 2824
+3 -1 2824
+3 +2 2824
+3 * 2824 0 0 0 0 0 0 0 0 2824
+2 -1 2824 2824 0 0 122
+4 * 2824
+3 * 2824
+4 * 2824 0 2824
+7 +3 2824 2824
+7 * 2824 0 0 1 0 0 1
+4 * 2824
+3 * 2824 0 2824
+2 * 2824 0 2824
+2 * 2824 0 2824
cfi=(79)
cfn=(296)
calls=2824 0xb780 769 
* * 2064414 532022 199344 89 9797 10 87 4142 5 299979 11829 541 292
+5 +3 2824 2824
+4 +1 2824 2824
+7 * 2824
+5 -4 2824
+3 +4 2824
+5 * 2824
+4 * 2824 0 2824 0 0 2
+8 * 2824 2824
+1 * 2824 2824
fi=(6)
+2 +88 2824
+3 * 2824
+3 * 2824 0 0 0 0 0 0 0 0 2824 2
-6 * 1718
+3 * 1718
+3 * 1718 0 0 0 0 0 0 0 0 1718
+2 +3 4522 4522 0 1 0 0 1
+4 -3 4522 4522
+4 * 4522 4522
+4 * 4522
+3 * 4522
+4 * 4522 0 0 0 0 0 0 0 0 4522
-15 * 17 17
+4 * 17 17
+4 * 17
+3 * 17
+4 * 17 0 0 0 0 0 0 0 0 17
+6 * 4539 4539 0 0 17
+3 +4 4539
+2 * 4539 0 0 0 0 0 0 0 0 4539 36
+2 * 29
+3 * 29 0 0 0 0 0 0 0 0 29 2
+6 +26 4530
+4 * 4530 0 0 0 0 0 0 0 0 4530
+6 * 4559
+7 * 4559 4559 0 0 5 0 0 2
+4 * 4559
+3 * 4559 0 0 1 0 0 1 0 0 0 0 4559 781
+8 418 2789 2789 0 0 364 0 0 364
+4 * 2789 2789
+7 * 2789 0 2789 0 0 852 0 0 359
fi=(5)
+3 141 2789 2789
+3 * 2789
+4 * 2789 0 0 0 0 0 0 0 0 2789 1
fi=(6)
-17 418 1736 1736
+7 * 1736 0 1736 0 0 529 0 0 212
fi=(5)
+3 141 1736 1736
+3 * 1736
+4 * 1736 0 0 0 0 0 0 0 0 1736
-7 * 11 11
+3 * 11
+4 * 11 0 0 0 0 0 0 0 0 11
-4 * 23
+4 * 23 0 0 0 0 0 0 0 0 23
+6 -19 4635
+4 * 4635 4635
+7 * 4635 0 0 0 0 0 0 0 0 4635 36
+6 +33 6 6
+7 * 6 6 0 1 0 0 1
+7 * 6 6
+7 * 6 6
+7 * 6
+3 * 6 0 0 0 0 0 0 0 0 6 3
+6 +1 3 3
+7 * 3
+3 * 3 0 0 0 0 0 0 0 0 3
+6 * 3 0 3
+7 * 3
+3 * 3
+3 * 3
+3 * 3 0 3
+7 * 3 0 0 1 0 0 1
+3 * 3
+42 +1 76 76
+4 * 76
+3 * 76 0 0 0 0 0 0 0 0 76
+2 +3 76 76
+7 * 76 0 0 1 0 0 1
+4 +4 76 76
+3 -2 76 76
+7 +1 76 76
+8 -3 76 76
+4 +2 76
+4 * 76
+4 * 76 0 76
fe=(78)
+4 +8 76 76 0 0 2 0 0 1
+5 * 76
+2 * 76
+3 * 76 0 0 0 0 0 0 0 0 76 21
fi=(6)
0x10040 282 76 76 0 1 0 0 1
+4 * 76 76
+4 * 76
+3 * 76
+4 * 76 0 0 0 0 0 0 0 0 76
+6 +4 76
+3 * 76 0 0 0 0 0 0 0 0 76 12
+11 471 76 76 0 0 1
+4 * 76 76
+4 +1 76 76
+7 * 76 0 0 0 0 0 0 0 0 76 2
+2 +1 76 0 76 0 0 0 0 0 0 0 0 76 76
cfi=(15)
cfn=(596)
calls=1 0x19250 76 
* * 6 2 0 1 0 0 1 0 0 1
cob=(3)
cfi=(170) /usr/src/debug/glibc/glibc/math/../sysdeps/x86_64/fpu/multiarch/s_cosf.c
cfn=(570) cosf
calls=1 0x704b0 28 
* * 10 4 0 2 0 0 2 0 0 1
cob=(3)
cfi=(169) /usr/src/debug/glibc/glibc/math/../sysdeps/x86_64/fpu/multiarch/e_exp.c
cfn=(566) __exp_finite@GLIBC_2.15
calls=1 0x53c10 29 
* * 9 4 0 2 0 0 2 0 0 2 1
cob=(3)
cfi=(168) /usr/src/debug/glibc/glibc/math/../sysdeps/x86_64/fpu/multiarch/e_expf.c
cfn=(562) expf@@GLIBC_2.27
calls=2 0x6b250 29 
* * 20 8 0 2 0 0 2 0 0 2
cob=(3)
cfi=(145) /usr/src/debug/glibc/glibc/math/../sysdeps/x86_64/fpu/multiarch/s_sin.c
cfn=(558) cos
calls=1 0x5ed30 36 
* * 9 4 0 1 0 0 1 0 0 2 1
cob=(3)
cfi=(167) /usr/src/debug/glibc/glibc/math/../sysdeps/x86_64/fpu/multiarch/e_logf.c
cfn=(554) logf@@GLIBC_2.27
calls=1 0x6f5a0 29 
* * 10 4 0 2 0 0 2 0 0 1
cob=(3)
cfi=(166) /usr/src/debug/glibc/glibc/math/../sysdeps/x86_64/fpu/multiarch/s_tan.c
cfn=(550) tan
calls=1 0x602c0 28 
* * 9 4 0 2 0 0 2 0 0 2 1
cob=(3)
cfi=(165) /usr/src/debug/glibc/glibc/math/../sysdeps/x86_64/fpu/multiarch/e_log2.c
cfn=(546) log2@@GLIBC_2.29
calls=1 0x582f0 29 
* * 10 4 0 2 0 0 2 0 0 1
cob=(3)
cfi=(164) /usr/src/debug/glibc/glibc/math/../sysdeps/x86_64/fpu/multiarch/s_sincosf.c
cfn=(542) sincosf
calls=1 0x72310 28 
* * 10 4 0 1 0 0 1 0 0 1
cob=(3)
cfi=(163) /usr/src/debug/glibc/glibc/math/../sysdeps/x86_64/fpu/multiarch/e_powf.c
cfn=(538) powf@@GLIBC_2.27
calls=1 0x6f9c0 32 
* * 10 4 0 1 0 0 1 0 0 1
cob=(3)
cfi=(162) /usr/src/debug/glibc/glibc/math/../sysdeps/x86_64/fpu/multiarch/e_pow.c
cfn=(534) __pow_finite@GLIBC_2.15
calls=1 0x58db0 29 
* * 8 4 0 2 0 0 2 0 0 2 2
cob=(3)
cfi=(161) /usr/src/debug/glibc/glibc/math/../sysdeps/x86_64/fpu/multiarch/e_log2f.c
cfn=(530) log2f@@GLIBC_2.27
calls=1 0x6f440 29 
* * 10 4 0 1 0 0 1 0 0 1
cob=(3)
cfi=(160) /usr/src/debug/glibc/glibc/math/../sysdeps/x86_64/fpu/multiarch/s_log1p.c
cfn=(526) __log1p
calls=1 0x5cf70 28 
* * 10 4 0 2 0 0 2 0 0 1
cob=(3)
cfi=(159) /usr/src/debug/glibc/glibc/math/../sysdeps/x86_64/fpu/multiarch/e_log.c
cfn=(522) __log_finite@GLIBC_2.15
calls=1 0x585f0 29 
* * 9 4 0 2 0 0 2 0 0 2 1
cob=(3)
cfi=(158) /usr/src/debug/glibc/glibc/math/../sysdeps/x86_64/fpu/multiarch/s_atan.c
cfn=(518) atan
calls=1 0x5a690 28 
* * 9 4 0 2 0 0 2 0 0 2 1
cob=(3)
cfi=(154) /usr/src/debug/glibc/glibc/math/../sysdeps/x86_64/fpu/multiarch/e_asin.c
cfn=(514) __acos_finite@GLIBC_2.15
calls=1 0x52790 37 
* * 8 4 0 1 0 0 1 0 0 2 1
cob=(3)
cfi=(157) /usr/src/debug/glibc/glibc/math/../sysdeps/x86_64/fpu/multiarch/s_sinf.c
cfn=(510) sinf
calls=1 0x722d0 28 
* * 10 4 0 2 0 0 2 0 0 1
cob=(3)
cfi=(156) /usr/src/debug/glibc/glibc/math/../sysdeps/x86_64/fpu/multiarch/s_fma.c
cfn=(508) fma
calls=1 0x5c310 49 
* * 6 3 0 2 0 0 2 0 0 1 1
cob=(3)
cfi=(155) /usr/src/debug/glibc/glibc/math/../sysdeps/x86_64/fpu/multiarch/s_roundeven.c
cfn=(506) roundeven
calls=1 0x5d820 32 
* * 7 3 0 2 0 0 2
cob=(3)
cfi=(154)
cfn=(502) __asin_finite@GLIBC_2.15
calls=1 0x52750 29 
* * 8 4 0 2 0 0 2 0 0 2 2
cob=(3)
cfi=(153) /usr/src/debug/glibc/glibc/math/../sysdeps/x86_64/fpu/multiarch/s_expm1.c
cfn=(498) expm1
calls=1 0x5b7d0 28 
* * 10 4 0 2 0 0 2 0 0 1
cob=(3)
cfi=(152) /usr/src/debug/glibc/glibc/math/../sysdeps/x86_64/fpu/multiarch/e_exp2f.c
cfn=(494) exp2f@@GLIBC_2.27
calls=1 0x61310 29 
* * 10 4 0 2 0 0 2 0 0 1
cob=(3)
cfi=(151) /usr/src/debug/glibc/glibc/math/../sysdeps/x86_64/fpu/multiarch/e_sinh.c
cfn=(490) __sinh_finite@GLIBC_2.15
calls=1 0x594f0 28 
* * 10 4 0 2 0 0 2 0 0 1
cob=(3)
cfi=(149) /usr/src/debug/glibc/glibc/math/../sysdeps/x86_64/fpu/multiarch/e_atanh.c
cfn=(486) __atanh_finite@GLIBC_2.15
calls=1 0x53630 28 
* * 10 4 0 2 0 0 2 0 0 1
cob=(3)
cfi=(148) /usr/src/debug/glibc/glibc/math/../sysdeps/x86_64/fpu/multiarch/s_roundevenf.c
cfn=(484) roundevenf
calls=1 0x720d0 32 
* * 7 3 0 1 0 0 1
cob=(3)
cfi=(147) /usr/src/debug/glibc/glibc/math/../sysdeps/x86_64/fpu/multiarch/e_atan2.c
cfn=(480) __atan2_finite@GLIBC_2.15
calls=1 0x534b0 28 
* * 9 4 0 2 0 0 2 0 0 2 1
cob=(3)
cfi=(145)
cfn=(476) sin
calls=1 0x5ece0 29 
* * 9 4 0 2 0 0 2 0 0 2 1
cob=(3)
cfi=(144) /usr/src/debug/glibc/glibc/math/../sysdeps/x86_64/fpu/multiarch/s_fmaf.c
cfn=(474) fmaf
calls=1 0x70e60 44 
* * 6 3 0 2 0 0 2 0 0 1 1
cob=(3)
cfi=(142) /usr/src/debug/glibc/glibc/math/../sysdeps/x86_64/fpu/multiarch/s_sincos.c
cfn=(470) sincos
calls=1 0x5f780 28 
* * 8 4 0 1 0 0 1 0 0 2 1
cob=(2)
cfi=(140)
cfn=(462)
calls=1 0xaf370 29 
* * 7 3 0 2 0 0 2
cob=(2)
cfi=(138)
cfn=(458)
calls=1 0xab4f0 29 
* * 21 4 0 2 0 0 2 0 0 4
cob=(2)
cfi=(137)
cfn=(454)
calls=1 0xabf40 29 
* * 22 4 0 4 0 0 4 0 0 6 3
cob=(2)
cfi=(136)
cfn=(450)
calls=1 0xaf000 29 
* * 21 4 0 2 0 0 2 0 0 4 1
cob=(2)
cfi=(135)
cfn=(446)
calls=1 0xaed40 29 
* * 25 5 0 2 0 0 2 0 0 5
cob=(2)
cfi=(134)
cfn=(442)
calls=1 0xac530 31 
* * 22 6 0 2 0 0 2 0 0 5 1
cob=(2)
cfi=(133)
cfn=(438)
calls=1 0xae1f0 29 
* * 19 4 0 2 0 0 2 0 0 5 1
cob=(2)
cfi=(131)
cfn=(434)
calls=1 0xab570 29 
* * 25 5 0 3 0 0 3 0 0 5 1
cob=(2)
cfi=(130)
cfn=(430)
calls=1 0xad100 31 
* * 25 5 0 2 0 0 2 0 0 5 1
cob=(2)
cfi=(129)
cfn=(426)
calls=1 0xaee60 31 
* * 22 6 0 2 0 0 2 0 0 5 1
cob=(2)
cfi=(128)
cfn=(424)
calls=1 0xc38e0 60 
* * 17 4 0 3 0 0 3 0 0 4 1
cob=(2)
cfi=(127)
cfn=(422)
calls=1 0xae260 29 
* * 7 3 0 2 0 0 2
cob=(2)
cfi=(121)
cfn=(416)
calls=1 0xac490 31 
* * 22 6 0 2 0 0 2 0 0 5 1
cob=(2)
cfi=(125)
cfn=(414)
calls=1 0xaef60 67 
* * 22 6 0 3 0 0 3 0 0 5 2
cob=(2)
cfi=(123)
cfn=(410)
calls=2 0xd0be0 31 
* * 42 8 0 2 0 0 2 0 0 8
cob=(2)
cfi=(121)
cfn=(406)
calls=1 0xac430 31 
* * 21 4 0 2 0 0 2 0 0 4 1
cob=(2)
cfi=(120)
cfn=(402)
calls=1 0xc29c0 30 
* * 25 5 0 2 0 0 2 0 0 5
cob=(2)
cfi=(119)
cfn=(398)
calls=1 0xaf170 28 
* * 25 5 0 2 0 0 2 0 0 5 1
cob=(2)
cfi=(118)
cfn=(396)
calls=1 0xad080 65 
* * 21 4 0 2 0 0 2 0 0 5 1
cob=(2)
cfi=(116)
cfn=(392)
calls=2 0xc2920 31 
* * 50 10 0 2 0 0 2 0 0 10
cob=(2)
cfi=(115)
cfn=(388)
calls=1 0xac160 29 
* * 25 5 0 2 0 0 2 0 0 5
cob=(2)
cfi=(114)
cfn=(386)
calls=1 0xad180 79 
* * 20 6 0 3 0 0 3 0 0 5 2
cob=(2)
cfi=(113)
cfn=(384)
calls=1 0xaf140 29 
* * 7 3 0 1 0 0 1
cob=(2)
cfi=(111)
cfn=(380)
calls=2 0xaf0c0 31 
* * 50 10 0 2 1 0 2 0 0 10 2
cob=(2)
cfi=(110)
cfn=(376)
calls=1 0xc4430 30 
* * 20 6 0 2 0 0 2 0 0 5 1
cob=(2)
cfi=(108)
cfn=(372)
calls=1 0xac1e0 29 
* * 23 4 0 5 0 0 5 0 0 7 2
cob=(2)
cfi=(106)
cfn=(368)
calls=1 0xc3b00 29 
* * 20 6 0 2 0 0 2 0 0 5 1
cob=(2)
cfi=(105)
cfn=(364)
calls=1 0x126d90 29 
* * 22 4 0 4 0 0 4 0 0 6 3
cob=(2)
cfi=(104)
cfn=(360)
calls=1 0x126b70 29 
* * 22 4 0 4 0 0 4 0 0 6 3
cob=(2)
cfi=(103)
cfn=(356)
calls=1 0xc43c0 31 
* * 18 4 0 2 0 0 2 0 0 3 1
cob=(2)
cfi=(102)
cfn=(352)
calls=1 0xab660 29 
* * 22 4 0 4 0 0 4 0 0 6 3
cob=(2)
cfi=(100)
cfn=(348)
calls=1 0x126ea0 29 
* * 23 4 0 5 0 0 5 0 0 7 1
cob=(2)
cfi=(99)
cfn=(344)
calls=1 0xad010 29 
* * 19 4 0 2 0 0 2 0 0 5 1
cob=(2)
cfi=(97)
cfn=(340)
calls=2 0xd0d10 31 
* * 20 8 0 2 0 0 2 0 0 4 2
cob=(2)
cfi=(96)
cfn=(336)
calls=1 0xc28b0 31 
* * 18 4 0 3 0 0 3 0 0 3 1
cob=(2)
cfi=(94)
cfn=(332)
calls=1 0xd0c60 29 
* * 25 5 0 3 0 0 3 0 0 5 1
cob=(2)
cfi=(92)
cfn=(328)
calls=1 0x126c80 29 
* * 22 4 0 4 0 0 4 0 0 6 4
cob=(2)
cfi=(90)
cfn=(324)
calls=1 0xac3c0 33 
* * 19 4 0 2 0 0 2 0 0 5
cob=(2)
cfi=(88)
cfn=(320)
calls=1 0xc2510 31 
* * 18 4 0 2 0 0 2 0 0 3 1
cob=(2)
cfi=(86)
cfn=(316)
calls=1 0xac050 33 
* * 22 4 0 4 0 0 4 0 0 6 2
cob=(2)
cfi=(84)
cfn=(312)
calls=1 0xaedc0 31 
* * 22 6 0 3 1 0 3 0 0 5 1
cob=(2)
cfi=(82)
cfn=(308)
calls=1 0xc0750 86 
* * 30 10 9 3 2 2 3 0 2 3 1
fi=(5)
+2 156 76
fi=(6)
+4 474 76 0 76 0 0 5 0 0 3
fi=(5)
+4 156 76 0 0 1 0 0 1
+3 * 76 0 0 0 0 0 0 0 0 76 24
+6 * 3 3
fe=(78)
+7 296 3
+4 * 3
+3 * 3
+4 * 3
+3 * 3 0 0 0 0 0 0 0 0 3
fi=(5)
+6 51 7 7
fi=(4)
+3 +28 7 7
+8 * 7
fi=(6)
0x102b0 347 2 2 0 1 0 0 1
+4 * 2
+3 * 2 0 0 0 0 0 0 0 0 2
+6 +11 2 2
+7 -9 2 2
+4 * 2 2
+4 +9 2 0 2 0 0 1
fi=(5)
+3 141 2 2
+3 * 2
fi=(6)
+14 341 4 0 0 1 0 0 1
+3 * 4 0 0 0 0 0 0 0 0 4
+6 +1 4 4 0 0 3
+7 * 4 4
+7 * 4 0 4 0 0 2 0 0 2
fi=(5)
+3 141 4 4
+3 * 4 0 0 1 0 0 1
fi=(6)
0x10380 395 17 17 0 1 0 0 1
+4 * 17
+3 * 17 0 0 0 0 0 0 0 0 17 2
+6 +2 17 17
+7 * 17
+4 * 17
+4 * 17 0 0 0 0 0 0 0 0 17 1
+6 +4 17 17
+4 +9 17 17
+7 -9 17
+3 * 17 17 0 0 2 0 0 2
+4 +9 17 0 17 0 0 6 0 0 6
fi=(5)
+3 141 17 17
+3 * 17
fi=(6)
+6 455 11 11 0 1 0 0 1
+4 * 11
+3 * 11 0 0 0 0 0 0 0 0 11
+6 +5 11 11
+5 * 11 11 0 0 1 0 0 1
+4 -1 11
+3 * 11 0 11
+7 * 11 11
+7 +1 11
+3 * 11
+4 -1 11 0 11
cfi=(29)
cfn=(82)
calls=11 0x25cc0 210 
* * 293 90 79 5 25 17 3 5 17 42 8
+6 +2 11 11
+4 * 11 11
+5 * 11 11
+7 * 11
+3 * 11 0 0 0 0 0 0 0 0 11 1
+2 +1 11
+3 * 11 0 0 0 0 0 0 0 0 11 5
+36 +3 17 0 0 1 0 0 1
+3 282 17
+3 * 17
fi=(5)
+10 132 76 76 0 1 0 0 1
+7 +1 76 0 76
+7 -1 76
+3 * 76
+4 * 76 0 76
+7 +2 76
fi=(6)
0x104d0 287 29 29 0 1 0 0 1
+7 * 29 0 0 0 0 0 0 0 0 29
+6 +3 29
+3 * 29 0 0 0 0 0 0 0 0 29
+6 +1 29 29
+8 * 29
+2 * 29 0 0 0 0 0 0 0 0 29
0x1056f +11 29 0 29 1 0 0 1
+7 * 29 0 29
+7 +7 29 0 29 0 0 0 0 0 0 0 0 29 29
cob=(2)
cfi=(97)
cfn=(340)
calls=1 0xd0d10 31 
* * 10 4 0 0 0 0 0 0 0 2 1
cob=(2)
cfi=(92)
cfn=(328)
calls=1 0x126c80 29 
* * 22 4 0 1 0 0 0 0 0 6 3
cob=(2)
cfi=(120)
cfn=(402)
calls=1 0xc29c0 30 
* * 25 5 0 0 3 0 0 0 0 5
cob=(2)
cfi=(136)
cfn=(450)
calls=1 0xaf000 29 
* * 21 4 0 0 0 0 0 0 0 4
cob=(2)
cfi=(131)
cfn=(434)
calls=1 0xab570 29 
* * 25 5 0 0 1 0 0 0 0 5 1
cob=(2)
cfi=(114)
cfn=(386)
calls=1 0xad180 79 
* * 20 6 0 0 3 0 0 0 0 5 1
cob=(2)
cfi=(118)
cfn=(396)
calls=1 0xad080 65 
* * 21 4 0 0 0 0 0 0 0 5 2
cob=(2)
cfi=(140)
cfn=(462)
calls=1 0xaf370 29 
* * 7 3 0 0 1
cob=(2)
cfi=(172)
cfn=(582)
calls=1 0xafc70 44 
* * 7 3 0 2 2 0 2
cob=(2)
cfi=(123)
cfn=(410)
calls=1 0xd0be0 31 
* * 21 4 0 0 0 0 0 0 0 4 2
cob=(2)
cfi=(104)
cfn=(360)
calls=1 0x126b70 29 
* * 22 4 0 0 1 0 0 0 0 6 3
cob=(2)
cfi=(125)
cfn=(414)
calls=1 0xaef60 67 
* * 22 6 0 0 0 0 0 0 0 5 1
cob=(2)
cfi=(171)
cfn=(580)
calls=1 0xd70f0 41 
* * 7 3 0 2 1 0 2
cob=(2)
cfi=(94)
cfn=(332)
calls=1 0xd0c60 29 
* * 25 5 0 0 0 0 0 0 0 5 2
cob=(2)
cfi=(138)
cfn=(458)
calls=1 0xab4f0 29 
* * 21 4 0 0 0 0 0 0 0 4 1
cob=(2)
cfi=(106)
cfn=(368)
calls=1 0xc3b00 29 
* * 20 6 0 0 0 0 0 0 0 5 1
cob=(2)
cfi=(100)
cfn=(348)
calls=2 0x126ea0 29 
* * 46 8 0 0 0 0 0 0 0 14 4
cob=(2)
cfi=(137)
cfn=(454)
calls=3 0xabf40 29 
* * 66 12 0 0 0 0 0 0 0 18 6
cob=(2)
cfi=(102)
cfn=(352)
calls=3 0xab660 29 
* * 66 12 0 0 0 0 0 0 0 18 7
cob=(2)
cfi=(108)
cfn=(372)
calls=2 0xac1e0 29 
* * 46 8 0 0 3 0 0 0 0 14 5
cob=(2)
cfi=(135)
cfn=(446)
calls=3 0xaed40 29 
* * 75 15 0 0 4 0 0 0 0 15 2
+3 * 29 29
+7 * 29 29
+7 * 29
+3 +3 29
+4 * 29 0 0 0 0 0 0 0 0 29 12
fe=(78)
+27 175 1718 1718 0 1 0 0 1
+7 * 1718
+4 * 1718 0 0 1 0 0 1 0 0 1718
+6 * 1718
+7 * 1718 0 0 0 0 0 0 0 0 1718 3
+6 * 1716
+4 * 1716 0 0 0 0 0 0 0 0 1716
+6 * 1716
+4 * 1716 0 0 0 0 0 0 0 0 1716
+6 * 1716
+3 * 1716
+2 * 1716 0 0 0 0 0 0 0 0 1716
+6 +3 1718 1718
+7 -1 1718 0 1718
+8 +19 1718 1718
+7 -18 1718 0 1718
+4 * 1718
+9 296 2 0 0 1 0 0 1
+3 * 2 0 0 0 0 0 0 0 0 2 2
+6 * 2
+3 * 2 0 2
+4 * 2
0x10770 * 121 0 0 1 0 0 1
+7 * 121
+9 * 76 0 0 1 0 0 1
fi=(6)
+5 -14 76
+3 * 76
fe=(78)
+24 175 2
+6 * 2
+3 * 2 0 0 0 0 0 0 0 0 2
+6 * 2
fi=(5)
+25 73 2 0 2 1 0 0 1
+11 +98 2 2
+7 * 2 0 0 0 0 0 0 0 0 2 1
fe=(78)
+6 +19 1
+4 * 1 0 1
+7 * 1 0 1
+7 * 1 0 1
+7 * 1 0 1
fi=(5)
+7 -17 1 1 0 1 1 0 1 1
+4 * 1 1
+7 * 1
+3 +3 1
+3 -3 1
+4 * 1
+4 * 1
+4 * 1 0 1
+4 +3 1
+4 * 1 0 0 0 0 0 0 0 0 1
-37 -3 5 5 0 0 2 0 0 2
+4 * 5 5
+7 * 5
+3 +3 5
+3 -3 5
+4 * 5
+4 * 5
+4 * 5 0 5
+4 +3 5
+4 * 5 0 0 0 0 0 0 0 0 5
+6 -2 6 6
+7 * 6 6
+3 +10 6 0 6
fi=(6)
+4 +78 6
+4 * 6 0 0 1 0 0 1 0 0 6
+6 +7 6
+4 * 6 0 0 0 0 0 0 0 0 6
+6 +4 6
+3 * 6 0 0 0 0 0 0 0 0 6
fe=(78)
+6 170 6 6 0 0 3 0 0 3
+6 * 6
+2 * 6
+4 * 6 0 0 0 0 0 0 0 0 6
fi=(4)
+6 -18 6 6
+6 * 6
+3 * 6
fe=(78)
+3 +19 6
+3 * 6 0 0 0 0 0 0 0 0 6
+6 +3 6 6 0 1 1 0 1
+7 * 6 0 0 0 0 0 0 0 0 6
+6 +8 6
+4 * 6 0 0 0 0 0 0 0 0 6
+6 -8 6
+6 * 6
+7 * 6 0 0 0 0 0 0 0 0 6
+2 * 6
+6 * 6
+4 * 6 0 0 0 0 0 0 0 0 6
+2 * 6
+3 * 6
+4 * 6
+4 +12 6 6
+4 * 6 6 0 1 0 0 1
+4 -3 6 0 6
+7 +1 6 0 6
+7 +2 6 6
+4 * 6
+2 * 6 6
+8 * 6 0 0 0 0 0 0 0 0 6 2
+5 * 6 0 6
+7 * 6
+3 +4 6
+3 * 6
+3 * 6 0 6
+2 * 6 6
+7 * 6
+4 -4 6 0 0 1 0 0 1
+3 +4 6 0 6
+2 * 6 0 6
cfi=(79)
cfn=(296)
calls=6 0xb780 769 
* * 3736 1065 416 0 30 0 0 4 0 577 42 1 1
+5 +3 6 6
+4 +1 6 6
+7 * 6
+5 -4 6
+3 +4 6
+5 * 6
+4 * 6 0 6
+8 * 6 6
+1 * 6 6
fi=(6)
+1 +88 6
+3 * 6
+3 * 6 0 0 0 0 0 0 0 0 6 2
+2 +3 3 3
+4 -3 3 3
+4 * 3 3 0 1 0 0 1
+4 * 3
+3 * 3
+4 * 3 0 0 0 0 0 0 0 0 3
+6 * 3 3
+3 +4 3
+2 * 3 0 0 0 0 0 0 0 0 3 2
+11 +26 6
+4 * 6 0 0 0 0 0 0 0 0 6
+6 * 6
+7 * 6 6 0 0 1 0 0 1
+4 * 6
+3 * 6 0 0 0 0 0 0 0 0 0 0 6 1
+7 418 6 0 6 1 0 1 1 0 1
fi=(5)
+3 187 6 6
+3 * 6
+4 * 6 0 0 0 0 0 0 0 0 6
+6 -16 6
+4 * 6 6
+7 * 6 0 0 0 0 0 0 0 0 6 5
+6 +31 1 1
+7 * 1 1
+7 * 1 1
+7 * 1 1
+7 * 1
+3 * 1 0 0 1 0 0 1 0 0 1 1
fe=(78)
0x11047 +48 5 0 0 1 0 0 1
+2 * 5 0 0 0 0 0 0 0 0 5
+6 +7 5 5 0 0 1
+7 * 5 0 5
+7 * 5
+3 * 5 0 0 0 0 0 0 0 0 5
+6 -9 5
+3 * 5

fl=(72)
fn=(254)
0x15670 399 1 0 0 1 0 0 1
+4 * 1 0 1
+1 * 1
+3 * 1 0 1
+2 * 1 0 1
+2 * 1 0 1
+2 * 1 0 1
+1 +4 1 0 0 1 0 0 1
+3 * 1 0 0 0 0 0 0 0 0 1
+2 * 1
+3 * 1
+3 * 1
+3 -2 1
+3 * 1
+25 +4 7 7
+7 * 7 0 0 0 0 0 0 0 0 7
+2 * 7
+3 * 7
+3 * 7
+3 * 7 0 7
cfn=(256) _dl_check_map_versions
calls=7 0x14d80 155 
* * 28974 8648 1669 48 136 79 48 130 78 6067 432 90 59
+5 -2 7 7 0 1 0 0 1
+4 +1 7
+3 -1 7
+3 * 7 0 0 0 0 0 0 0 0 7 3
+2 +5 1 1
+1 * 1
+3 * 1 1
+2 * 1 1
+2 * 1 1
+2 * 1 1
+1 * 1 1

fn=(256)
0x14d80 155 7 0 0 1 0 0 1
+4 * 7 0 7
+1 * 7
+3 * 7 0 7
+2 * 7 0 7
+2 * 7 0 7
+2 * 7 0 7
+2 * 7 0 7
+1 * 7
+7 +15 7 7
+4 * 7
+3 * 7 0 0 0 0 0 0 0 0 7
+6 +2 7 7
+4 * 7 7
+7 * 7 0 0 0 0 0 0 0 0 7
+6 +2 7 7 0 0 1
+7 * 7 0 7 1 0 0 1
+6 * 7
+3 +1 7 7
+7 +2 7
+3 * 7 0 0 0 0 0 0 0 0 7 2
+6 +3 5 5
+4 * 5 5
+3 +4 5 5 0 0 4 0 0 4
+4 * 5 0 0 0 0 0 0 0 0 5
+6 -20 5 0 5
+7 -8 5 0 5
+10 +69 5 0 5
+7 * 5 0 5 1 0 0 1
+7 * 5 0 5
+7 * 5
+3 * 5
+3 * 5
+2 * 5
+11 36 5 5
+5 * 5
+7 200 5 5
+3 * 5 5
+7 36 5 5
+4 * 5
+3 * 5 0 0 1 0 0 1 0 0 5
-29 * 8 8
+5 * 8
+7 200 8 8
+3 * 8 8
+7 36 8 8
+4 * 8
+3 * 8 0 0 0 0 0 0 0 0 8
+6 * 13
+3 * 13
+3 * 13
+7 +1 60 60
+5 -1 60
+3 * 60 0 0 0 0 0 0 0 0 60
+6 +2 73
+3 * 73
+3 * 73 0 73
cfi=(53)
cfn=(172)
calls=73 0xc950 +30 
* * 6975 1612 369 2 0 0 2 0 0 864 111 48 32
+5 * 73
+2 * 73 0 0 0 0 0 0 0 0 73 7
+2 * 13
+3 * 13
+3 208 13
+3 * 13 0 0 0 0 0 0 0 0 13 1
+6 +5 13 13 0 0 2 0 0 2
+3 99 13 0 13 1 0 0 1
+7 * 13 0 13
+7 * 13 13
+4 * 13 0 13
+7 213 13
+3 * 13
+5 +4 13 13 0 0 4 0 0 4
+3 * 13 13
+7 +1 13 13
+4 * 13 13
+3 -1 13
+4 +4 13 13
+4 * 13 0 13
+7 -3 13 13 0 1 0 0 1
+7 * 13 13
+4 * 13 13
+4 * 13 0 0 0 0 0 0 0 0 13 5
-47 -1 47 47 0 0 13 0 0 13
+3 * 47 47
+7 +1 47 47
+4 * 47 47
+3 -1 47
+4 +4 47 47
+4 * 47 0 47
+7 -3 47 47
+7 * 47 47
+4 * 47 47
+4 * 47 0 0 0 0 0 0 0 0 47 9
+2 * 13 13
+7 * 13 13
+3 * 13
+7 * 13
+3 * 13
+4 56 13 13
+4 * 13 13
+4 * 13 13
+8 * 13 0 0 0 0 0 0 0 0 13 8
-16 * 47 47
+4 * 47 47
+4 * 47 47
+8 * 47 0 0 0 0 0 0 0 0 47 12
+6 +8 60 60 0 1 0 0 1
+7 * 60 0 0 0 0 0 0 0 0 60
+6 +6 60 60 0 0 1
+7 * 60
+3 * 60 0 0 0 0 0 0 0 0 60 1
+6 +16 60 60 0 0 1
+4 +1 60
+3 * 60 0 0 0 0 0 0 0 0 60
+6 +2 60 60
+4 +5 60 60 0 0 5 0 0 5
+4 * 60 0 0 0 0 0 0 0 0 60
+2 * 60 0 60
+7 * 60
+3 * 60
+3 * 60 0 60 1 0 0 1
+7 * 60
+3 * 60 0 60
+4 * 60
+3 +14 60 60 0 0 2 0 0 2
+4 * 60 0 0 0 0 0 0 0 0 60
-4 * 986 986 0 0 15 0 0 15
+4 * 986 0 0 0 0 0 0 0 0 986 64
+6 +12 986 986 0 0 12 0 0 12
+4 * 986
+2 * 986 0 0 0 0 0 0 0 0 986 2
+6 +4 986
+3 -30 986 986 0 0 27 0 0 27
+6 * 986 0 0 0 0 0 0 0 0 986 6
0x14ffe 231 60 60 0 1 0 0 1
+4 * 60
+5 * 60
+3 * 60
+4 +3 60 60
+3 * 60
+2 * 60 0 0 0 0 0 0 0 0 60 14
+2 +5 47
+3 -24 47
+8 110 60 60 0 1 2 0 1 2
+4 +3 60 0 60
+4 * 60 60 0 0 1 0 0 1
+5 * 60
+3 * 60 0 60
cfi=(33)
cfn=(100)
calls=60 0x26880 -15 
* * 2697 476 0 16 27 0 16 27 0 301 63 28 24
+5 * 60 60
+4 * 60
+2 * 60 0 0 1 0 0 1 0 0 60
+6 * 60 60
+4 224 60
+3 * 60 60
+6 * 60 0 0 0 0 0 0 0 0 60 9
+2 +1 3
+7 * 3
+3 * 3 0 3
cfi=(33)
cfn=(100)
calls=3 0x26880 98 
* * 181 29 0 0 1 0 0 1 0 20 5 2 2
+5 * 3
+2 * 3 0 0 0 0 0 0 0 0 3 1
+2 +3 3 0 3
+8 * 3
+5 * 13 0 13
+4 * 13 13
+7 * 13 13 0 1 0 0 1
+7 +15 13 13
+3 * 13
+2 * 13 0 0 0 0 0 0 0 0 13 4
+6 +5 8
+3 -50 8
0x1522a +59 5 5 0 1 0 0 1
+7 * 5 5
+7 * 5 5
+7 * 5 0 0 1 0 0 1
+3 * 5 0 0 0 0 0 0 0 0 5 1
+6 +3 5 5
+4 * 5 5
+3 +3 5 5
+4 * 5 5
+3 * 5
+5 * 5
+2 * 5
+3 * 5 0 5
+3 * 5
+2 +3 5 5
+3 * 5
+2 * 5 0 0 0 0 0 0 0 0 5
+2 * 5
+9 * 5
+11 +4 5
+3 -7 5 5
+4 * 5
+5 * 5
+2 * 5
+3 +3 5 5
+3 * 5
+2 * 5 0 0 0 0 0 0 0 0 5 4
-22 +4 130
+3 -7 130 130 0 0 11 0 0 11
+4 * 130
+5 * 130
+2 * 130
+3 +3 130 130 0 0 4 0 0 4
+3 * 130
+2 * 130 0 0 0 0 0 0 0 0 130 21
+2 * 5 0 5
+3 +8 5 5
+3 * 5
+2 * 5 0 0 0 0 0 0 0 0 5
+6 +6 6 6 0 1 0 0 1
+3 * 6 0 6
fi=(28)
+4 44 6
fe=(72)
+5 280 6
+3 * 6
fi=(28)
+3 44 6 6 6 0 0 0 0 0 0 0 0 6 1
cfi=(27)
cfn=(74)
calls=6 0xc780 +36 
* * 259 41 33 0 0 0 0 0 0 32 10 6
fe=(72)
+6 281 6 6 0 1 0 0 1
+4 * 6
+3 -2 6 0 6
fi=(28)
+7 44 6
fe=(72)
+3 281 6 0 0 0 0 0 0 0 0 6
+6 +13 6 6 0 0 1
+7 -3 6 0 6
+7 +3 6 6 0 0 1
+4 * 6 6
+8 * 6 0 0 0 0 0 0 0 0 6
+6 * 6 0 6 0 0 1
+7 +2 6
+3 * 6 0 0 1 0 0 1 0 0 6 1
+6 +3 5 5
+3 * 5 5
+4 * 5
+3 * 5
+1 +4 5 5
+3 * 5
+3 * 5
-6 * 8 8
+3 * 8
+3 * 8
+10 +18 47
+3 -15 47 47
+4 +2 47
+3 -2 47
+3 +2 47
+7 -2 47
+6 +2 47
+3 * 47 0 0 0 0 0 0 0 0 47
-26 -2 13 13
+4 +2 13
+3 -2 13
+3 +2 13
+7 -2 13
+6 +2 13
+3 * 13 0 0 0 0 0 0 0 0 13
+2 +2 60 0 0 1 0 0 1
+4 +1 60
+6 -1 60 60
+3 * 60
+4 +1 60 0 60 0 0 19 0 0 19
+5 +1 60 60
+3 -2 60 0 60
+5 +2 60
+3 * 60 0 60 0 0 6 0 0 6
+4 +1 60 60
+3 * 60
+3 * 60 0 60 0 0 2 0 0 2
+5 +3 60 60
+3 * 60
+2 * 60 0 0 0 0 0 0 0 0 60 20
+2 +8 13 13
+3 * 13
+2 * 13 0 0 1 0 0 1 0 0 13 3
+6 +5 8
+3 -28 8
+2 +71 6
+3 * 6 0 0 0 0 0 0 0 0 6 1
+2 +1 5 5
+5 * 5 0 0 0 0 0 0 0 0 5
+2 +1 5 5 0 0 1
+8 * 5 0 0 0 0 0 0 0 0 5 1
+2 +1 4 4
+8 * 4 0 0 0 0 0 0 0 0 4 1
+6 +19 7 7
+6 * 7
+7 * 7 7
+1 * 7 7
+2 * 7 7
+2 * 7 7
+2 * 7 7
+2 * 7 7 0 1 0 0 1
+1 * 7 7
+57 164 2 0 2
+7 -8 2 0 2
+10 257 2
+3 * 2 0 0 0 0 0 0 0 0 2 1
+6 * 1
+2 +77 5 0 0 1 0 0 1
+3 * 5 0 0 0 0 0 0 0 0 5 1
+2 +3 5 5
+4 * 5
+33 +20 135
+3 -14 135 135
+5 * 135 0 0 0 0 0 0 0 0 135
-5 * 5 5 0 1 0 0 1
+5 * 5 0 0 0 0 0 0 0 0 5 3
+2 -2 135 135
+4 +6 135 135
+5 +1 135 135
+4 +1 135 135
+4 -1 135
+5 * 135
+4 +1 135
+3 -1 135 0 135 0 0 35 0 0 35
+4 +1 135 0 135
+4 +1 135 0 135 0 0 16 0 0 16
+9 +3 135 135
+4 * 135
+2 * 135 0 0 0 0 0 0 0 0 135 13
-6 * 5 5
+4 * 5
+2 * 5 0 0 0 0 0 0 0 0 5 1
+2 * 6 6 0 1 0 0 1
+3 * 6
+4 * 6
+5 * 6
+4 +11 207
+4 * 207
+3 * 207 0 0 0 0 0 0 0 0 207 6
+6 +1 207 207
+4 * 207 0 0 0 0 0 0 0 0 207 10
+2 +1 12
+7 * 12 0 12
+3 * 12
+59 -32 1
+3 * 1 0 0 0 0 0 0 0 0 1
+2 -40 1 1
+3 * 1
+5 -20 1 1 0 1 0 0 1
+3 * 1
+2 * 1 0 0 0 0 0 0 0 0 1 1
0x1558c 377 1 1 0 1 0 0 1
+4 * 1 1
+4 * 1 1
+8 * 1 0 0 0 0 0 0 0 0 1 1
+5 +2 1 1
+4 * 1 1
+3 * 1
+3 * 1 0 0 0 0 0 0 0 0 1 1
+21 * 29 29
+4 * 29
+4 * 29
+3 * 29 0 0 0 0 0 0 0 0 29 2
+6 +1 29 0 0 1 0 0 1
+4 * 29 0 0 0 0 0 0 0 0 29 3
+2 +2 1 1
+4 +1 1
+5 * 1
+7 -1 1
+3 +1 1 0 1
cfi=(33)
cfn=(258) strncmp
calls=1 0x28080 98 
* * 32 7 0 4 0 0 4 0 0 6 1
+6 * 1
+2 * 1 0 0 0 0 0 0 0 0 1 1

fl=(32)
fn=(96)
0x4f20 24 1 0 0 1 0 0 1
+4 * 1 0 1
+1 +1 1
+2 * 1
+5 -1 1
+3 * 1
+4 +1 1
+4 * 1 0 1
cfi=(11)
cfn=(28)
calls=1 0x14cf0 438 
* * 18 4 1 0 2 0 0 2 0 3 2
+5 * 1 1
+3 * 1 0 0 1 0 0 1
+2 * 1 0 0 0 0 0 0 0 0 1
+2 * 1
+3 * 1 0 0 0 0 0 0 0 0 1
+2 +14 1 1
+1 * 1 1

fl=(22)
fn=(62)
0x27ee0 57 27 0 0 1 0 0 1
+4 +44 27
+4 +1 27
+4 +1 27
+4 +1 27
+4 +1 27
+3 +1 27
+3 +1 27 0 0 1 0 0 1
+7 +2 27
+7 +2 27 0 0 0 0 0 0 0 0 27
+2 +31 27 27 0 0 2 0 0 2
+4 +1 27
+4 +1 27
+4 +1 27
+2 +1 27 0 0 0 0 0 0 0 0 27 7
+2 +1 12
+3 +2 12 12
+1 +4 15
+4 +1 15 15
+5 +1 15 15 0 0 1 0 0 1
+5 +1 15 15
+5 +1 15
+4 +1 15
+5 +1 15
+4 +1 15 0 0 1 0 0 1
+4 +1 15
+4 +1 15
+3 +1 15
+4 +1 15
+3 +5 15
+3 * 15
+3 * 15
+4 * 15
+3 * 15
+3 * 15 0 0 0 0 0 0 0 0 15
+2 * 15
+4 * 15 15

fl=(13)
fn=(248) dfs_traversal.part.0
0x125c0 135 14 0 14 2 0 0 1
+1 * 14
+3 * 14
+3 * 14
+3 * 14
+4 +10 14 14 0 0 5
+7 -2 14 0 14
+7 +2 14
+3 * 14 0 0 0 0 0 0 0 0 14 3
+2 +2 11 11 0 0 6
+3 * 11
+3 * 11 0 0 0 0 0 0 0 0 11
+2 * 11
+5 -7 11 11
+7 * 11 0 0 0 0 0 0 0 0 11
-7 * 24 24
+7 * 24 0 0 0 0 0 0 0 0 24
+2 +7 35 35 0 0 1
+4 * 35
+4 * 35
+3 * 35 0 0 0 0 0 0 0 0 35 16
+2 +9 14 0 0 2 0 0 1
+3 * 14 0 0 0 0 0 0 0 0 14 5
+2 +15 14 14
+3 * 14
+4 * 14 0 14
+3 +1 14 0 14
+4 +1 14 14
+1 * 14 14
+64 -17 7 7 0 1 0 0 1
+7 * 7
+3 * 7 0 0 0 0 0 0 0 0 7 5

fn=(26)
0x126c0 289 1 0 0 1 0 0 1
+4 * 1 0 1
+1 +1 1
+2 * 1
+5 -1 1
+3 * 1
+4 +1 1
+4 * 1 0 1
cfi=(11)
cfn=(28)
calls=1 0x14cf0 438 
* * 18 4 1 3 2 0 3 2 0 3 2
+5 +2 1
+2 * 1 1
+4 * 1
+3 -1 1 0 1
+6 +2 1 1
+1 * 1 1

fn=(246) _dl_sort_maps
0x126f0 298 2 0 0 2
+4 * 2 0 2
+1 * 2
+3 * 2 0 2
+2 * 2
+3 * 2 0 2
+2 * 2 0 0 2 0 0 1
+3 * 2 0 2
+2 * 2 0 2
+2 * 2
+3 * 2 0 2
+1 * 2
+4 +8 2 2 0 0 1
+7 -8 2 0 2
+3 +8 2
+3 * 2 0 0 0 0 0 0 0 0 2 2
0x129bd -95 2 0 0 2 0 0 1
+2 -28 2 0 0 2 0 0 1
+3 -2 2 0 2
+4 +1 2 2
+3 +29 2
+4 -28 2
+4 * 2 0 0 0 0 0 0 0 0 2 1
+6 * 2
+3 * 2
+3 +1 2 2
+4 -1 2
+4 +1 2 0 2
+7 -1 2
+2 * 2 0 0 0 0 0 0 0 0 2 2
-17 +1 12 12
+4 -1 12
+4 +1 12 0 12
+7 -1 12
+2 * 12 0 0 0 0 0 0 0 0 12 10
+2 +28 2
+4 * 2
+3 * 2
+4 * 2
+4 * 2 0 0 2 0 0 1
+3 * 2
+7 * 2
+3 * 2
+3 * 2 0 0 0 0 0 0 0 0 2 2
+23 * 2
+5 * 2
+3 * 2
+3 * 2 0 0 0 0 0 0 0 0 2
+2 * 2 0 2
+6 +5 2
+4 +3 2 0 0 2 0 0 1
+4 * 2 0 2
+4 * 2
+3 -3 2 0 2
+4 +3 2
+2 * 2 2
+4 * 2
+4 * 2
+4 * 2 0 2
+4 * 2
+3 * 2
+3 -1 2 0 2
+4 +3 2
+3 * 2
+3 * 2
+2 * 12
+4 * 12
+3 * 12 0 0 0 0 0 0 0 0 12 1
+6 +2 14 14 0 2 0 0 1
+4 -83 14 14
+7 * 14 0 0 0 0 0 0 0 0 14
+2 * 14
+3 * 14 0 14
+4 * 14 0 14
cfn=(248)
calls=14 0x125c0 -5 
* * 513 144 56 5 12 0 3 0 0 116 29
+5 * 14 14
+4 +86 14 14
+4 * 14
+3 * 14 0 0 0 0 0 0 0 0 14 11
+2 +18 2
+3 * 2
+3 * 2 2
+4 * 2 2
+4 * 2
+3 * 2 2
+4 * 2 0 0 0 0 0 0 0 0 2 2
+80 +32 2 0 0 2 0 0 1
+3 * 2 0 0 0 0 0 0 0 0 2
+2 * 2 2
+4 * 2 0 0 0 0 0 0 0 0 2 2
+55 +7 2 0 0 2 0 0 1
+4 +27 2
+4 * 2 2
+1 * 2 2
+2 * 2 2
+2 * 2 2
+2 * 2 2
+2 * 2 2
+1 * 2 2
+94 -47 2 0 0 2 0 0 1
+3 * 2
+3 * 2 0 2 2 0 0 1
cfi=(29)
cfn=(82)
calls=2 0x25cc0 -53 
* * 38 10 8 3 0 0 0 0 0 8 4
+6 * 2

fl=(70) /usr/src/debug/glibc/glibc/malloc/scratch_buffer_set_array_size.c
fn=(242) __libc_scratch_buffer_set_array_size
0x24cb0 30 5 0 0 1 0 0 1
+4 * 5 0 5
+1 * 5
+3 * 5
+3 * 5
+3 * 5 0 5
+2 * 5 0 5 1 0 0 1
+2 * 5 0 5
+1 * 5
+3 * 5
+4 * 5
+3 * 5
+3 * 5
+3 +4 5
+3 +1 5
+4 * 5 0 0 0 0 0 0 0 0 5 2
+7 +10 5 5
+4 * 5 0 0 0 0 0 0 0 0 5 2
+41 +18 5 0 0 1 0 0 1
+4 -17 5
+5 +17 5 5
+1 * 5 5
+2 * 5 5
+2 * 5 5
+1 * 5 5

fl=(58)
fn=(194)
0x24950 30 6 0 0 1 0 0 1
+4 +9 6
+5 * 6
+2 * 6
+6 * 6 0 0 0 0 0 0 0 0 6
+2 +33 6 6

fl=(23)
fn=(64)
0x24380 37 1 0 0 1 0 0 1
+4 * 1 0 1
+1 * 1
+3 * 1
+3 * 1
+4 +3 1 1
+7 +18 1
+3 * 1 0 0 0 0 0 0 0 0 1
+2 +4 1
+3 * 1 0 0 0 0 0 0 0 0 1 1
+30 +16 1 1
+1 * 1
+3 * 1 1 0 1 0 0 1

fl=(16)
fn=(36)
0x17d00 724 1 0 1 1 0 0 1
+1 +23 1
+2 -23 1
+3 * 1 0 1
+2 * 1 0 1
+2 * 1 0 1
+2 * 1 0 1
+2 * 1 0 1
+1 * 1
+7 +3 1 0 1
+7 +9 1 0 1 0 0 1 0 0 1
+10 -8 1 0 1
+7 +1 1 0 1
+7 +9 1 0 1 0 0 1 0 0 1
+11 +9 1 0 0 1 0 0 1
+2 * 1 0 1
+6 +3 1
+6 * 1 0 0 0 0 0 0 0 0 1
+6 * 1
+6 * 1 0 0 0 0 0 0 0 0 1
+6 * 1
+6 * 1 0 0 0 0 0 0 0 0 1
+6 +6 1
+4 * 1
+4 * 1
+4 * 1
+4 * 1
+3 * 1 0 1 1 0 0 1
cfn=(38) get_common_indices.constprop.0
calls=1 0x16d50 431 
* * 71 10 23 5 0 3 5 0 3 8 1
+5 409 1
+5 * 1
+2 * 1
+2 +1 1
+5 * 1 0 0 0 0 0 0 0 0 1
+2 +1 1
+5 * 1
+2 * 1 0 1
+6 * 1 0 1
+6 * 1 0 1
+6 * 1 0 1
+6 +5 1
+6 * 1 0 0 0 0 0 0 0 0 1
+2 +1 1
+5 * 1 0 0 1 0 0 1
+2 * 1 0 1 0 0 1 0 0 1
+6 * 1 0 1
+6 * 1 0 1
+6 * 1 0 1
+6 +5 1
+6 * 1 0 0 0 0 0 0 0 0 1
+2 +1 1
+5 * 1
+2 * 1 0 1
+6 * 1 0 1
+6 * 1 0 1
+6 * 1 0 1 1 0 0 1
+6 761 1 0 1
cfn=(42) update_active.constprop.0
calls=1 0x17740 90 
* * 196 42 39 18 1 1 18 1 1 21 11
+5 +4 1 1
+6 +42 1 1
+6 -38 1 1
+3 +15 1 1
+3 -18 1
+2 +41 1 0 1
+6 -36 1 1
+3 -5 1
+6 +39 1 1
+7 -39 1 0 1
+6 +3 1
+3 * 1 0 0 0 0 0 0 0 0 1 1
+22 886 1 1 0 1 0 0 1
+7 * 1 0 0 0 0 0 0 0 0 1 1
+6 +65 1 1
+7 * 1 0 0 0 0 0 0 0 0 1
+6 +7 1 1
+7 * 1 0 0 0 0 0 0 0 0 1
+2 +2 1
+3 * 1 0 1
+6 +4 1 0 0 1 0 0 1
+7 * 1 0 0 0 0 0 0 0 0 1
+6 +6 1 1
+7 * 1 0 0 0 0 0 0 0 0 1 1
+14 1126 1
+3 754 1
+6 1126 1
fi=(20)
+6 999 1
+2 * 1
+3 * 1
+3 * 1 0 1
+6 * 1
+4 * 1 0 1 1 0 0 1
fe=(16)
+4 751 1
0x17f63 1118 1 1 0 1 0 0 1
+6 * 1
+3 * 1 0 0 0 0 0 0 0 0 1
+2 +1 1
+3 * 1 0 1
+6 +3 1
+3 * 1 0 0 0 0 0 0 0 0 1
+2 +1 1
+3 * 1 0 1 1 0 0 1
+6 +3 1
+2 * 1 0 0 0 0 0 0 0 0 1 1
+14 +7 1 0 1
+7 +1 1 0 1
+6 +1 1 0 1
+6 +1 1 0 1
fi=(20)
+6 850 1
+4 * 1 0 0 0 0 0 0 0 0 1 1
0x18062 953 1 1 0 1 0 0 1
+7 +5 1 0 1
+7 +11 1
+3 -7 1 1
+7 +2 1 0 1 1 0 0 1
+7 +5 1
+5 -16 1 0 1 0 0 1 0 0 1
+7 +1 1 1
+7 +15 1
+4 -10 1 0 1
+7 -5 1 0 1
+7 +1 1 1
+7 +5 1 0 1
+7 -5 1 0 1
+7 +1 1 1 0 1 0 0 1
+7 +5 1 0 1
+7 -5 1 0 1
+7 +1 1 1
+7 +5 1 0 1
+7 -5 1 0 1
+7 +6 1 0 1
+7 +37 1 1
+7 * 1 0 0 0 0 0 0 0 0 1
+2 -17 1 1
+4 * 1
+2 * 1
+3 +8 1 0 0 1 0 0 1
+3 * 1
+4 +29 1
+10 * 1
+5 * 1
+3 * 1
+4 * 1
+7 * 1
+4 +9 1
+7 * 1 0 0 0 0 0 0 0 0 1 1
+42 +20 1 1 0 1 0 0 1
+7 * 1
+5 +13 1
+3 * 1
+5 -13 1
+4 +6 1
+4 * 1
+4 +7 1
+2 * 1 0 1
cfi=(11)
cfn=(28)
calls=1 0x14cf0 438 
* * 17 4 1 0 2 0 0 2 0 3 1
+5 * 1 1 0 1 0 0 1
+4 +5 1
+3 * 1
+5 -3 1
+3 * 1 1
+8 +3 1
+2 * 1 0 1
cfi=(11)
cfn=(28)
calls=1 0x14cf0 438 
* * 17 4 1 0 2 0 0 2 0 3 1
+5 * 1 1
+4 +80 1 1
+4 -68 1
+3 -4 1
+7 +4 1
+5 -10 1
+3 +78 1
+4 * 1 1 0 1 0 0 1
+8 -72 1 1
+7 * 1
+4 +72 1 0 1
+7 -68 1
+2 +68 1 0 1
+4 -72 1 0 1
+7 +4 1 0 1
cfi=(11)
cfn=(28)
calls=1 0x14cf0 438 
* * 17 4 1 0 2 0 0 2 0 3 1
+5 * 1 1
+4 +5 1
+3 -4 1
+10 +4 1
+5 -4 1 0 0 1 0 0 1
+7 * 1
+3 +55 1
+4 -51 1
+2 +51 1 0 1
+7 -51 1 0 1
cfi=(11)
cfn=(28)
calls=1 0x14cf0 438 
* * 17 4 1 0 2 0 0 2 0 3 1
+5 * 1 1
+4 +5 1
+3 -4 1
+10 +4 1
+5 -4 1
+7 * 1
+3 +37 1 1
+8 -33 1 0 0 1 0 0 1
+2 +33 1 0 1
+7 * 1 0 1
+7 -33 1 0 1
cfi=(11)
cfn=(28)
calls=1 0x14cf0 438 
* * 17 4 1 0 2 0 0 2 0 3
+5 * 1 1
+4 +7 1
+3 -6 1 1
+7 +6 1
+5 +42 1
+4 -42 1
+2 +42 1 0 1
+7 -42 1 0 1
cfi=(11)
cfn=(28)
calls=1 0x14cf0 438 
* * 17 4 1 0 2 0 0 2 0 3
+5 +2 1 1 0 1 0 0 1
+7 -2 1 1
+4 +2 1 1
+7 * 1 0 0 0 0 0 0 0 0 1
+6 -2 1 0 1
+7 +26 1 0 1
+4 * 1 1
+4 * 1
+4 * 1
+3 * 1
+5 * 1 0 1
+8 * 1 0 1
+8 * 1 0 1 1 0 0 1
+8 * 1 0 1
cfi=(11)
cfn=(58)
calls=1 0x14660 162 
* * 39 7 4 4 0 0 4 0 0 6 1
+5 +6 1 1
+7 * 1 0 0 0 0 0 0 0 0 1
+6 +3 1 1
+4 * 1
+4 * 1
+3 * 1
+5 * 1 1
+7 * 1 0 1
+8 * 1 0 1
+8 * 1 0 1 1 0 0 1
+4 * 1 0 1
+8 * 1 0 1
cfi=(11)
cfn=(58)
calls=1 0x14660 162 
* * 39 7 4 0 0 0 0 0 0 6 1
+5 +2 1 1
+4 * 1
+4 * 1
+3 * 1
+5 * 1 0 1
+8 * 1 0 1
+8 * 1 0 1
+8 * 1 0 1
+4 * 1 0 1
cfi=(11)
cfn=(58)
calls=1 0x14660 162 
* * 39 7 4 0 0 0 0 0 0 6 1
+5 +1 1 1 0 1 0 0 1
+7 * 1 1
+4 * 1
+4 * 1
+5 * 1 0 1
+8 * 1 0 1
+4 * 1
+3 * 1 0 1
+8 * 1 0 1
+8 * 1 0 1
cfi=(11)
cfn=(58)
calls=1 0x14660 162 
* * 39 7 4 0 0 0 0 0 0 6 1
+5 +1 1 0 1
+4 * 1 1
+4 * 1 0 0 1 0 0 1
+10 * 1 0 1
+4 * 1
+4 * 1
+3 * 1
+5 * 1
+3 * 1 0 1
+8 * 1 0 1
+8 * 1 0 1
cfi=(11)
cfn=(58)
calls=1 0x14660 162 
* * 39 7 4 0 0 0 0 0 0 6
+5 +3 1
+4 * 1
+3 * 1 0 1
+4 * 1 1 0 1 0 0 1
+7 * 1
+5 * 1 0 1
+8 * 1 0 1
+8 * 1 0 1
+4 * 1
+3 * 1 0 1
cfi=(11)
cfn=(58)
calls=1 0x14660 162 
* * 39 7 4 0 0 0 0 0 0 6
+5 +9 1 1
fe=(16)
+4 -7 1
fi=(20)
+2 +9 1 1
+7 +2 1 1
+7 -1 1 1
fe=(16)
+7 -10 1 0 0 1 0 0 1
fi=(20)
+7 +6 1 0 1
+7 +1 1 0 1
+7 +1 1 1
+7 +1 1 0 1
fe=(16)
+7 -9 1
fi=(20)
+3 +11 1 0 1
+7 -1 1 0 1
+7 -2 1 0 1
+7 +4 1 0 1 1 0 0 1
fe=(16)
+7 -12 1 0 1
cfi=(11)
cfn=(28)
calls=1 0x14cf0 438 
* * 16 3 1 0 2 0 0 2 0 2 2
+5 +3 1
+7 * 1
+3 * 1
+5 * 1 0 1
cfi=(11)
cfn=(28)
calls=1 0x14cf0 438 
* * 18 4 1 0 0 0 0 0 0 3 2
+5 +9 1 1
+6 +4 1 1
+6 -4 1
+5 * 1 0 0 0 0 0 0 0 0 1 1
+97 +55 1 1 0 1 0 0 1
+7 -1 1 0 1
+11 +1 1 0 0 0 0 0 0 0 0 1 1
+6 +45 1
+7 * 1
+3 * 1
+5 * 1 0 1
cfi=(11)
cfn=(28)
calls=1 0x14cf0 438 
* * 16 3 1 0 2 0 0 2 0 2 2
+5 +2 1
+7 * 1 0 0 1 0 0 1
+3 * 1
+5 * 1 0 1
cfi=(11)
cfn=(28)
calls=1 0x14cf0 438 
* * 16 3 1 0 1 0 0 1 0 2 2
+5 +4 1 1
+8 * 1 0 0 0 0 0 0 0 0 1
+6 +3 1 1
+7 * 1 0 0 0 0 0 0 0 0 1
+6 * 1
+7 * 1
+7 +3 1 0 1 0 0 1 0 0 1
+7 +35 1
+3 * 1
+7 * 1
+5 -32 1 0 1
+7 +32 1 0 1
cfi=(11)
cfn=(28)
calls=1 0x14cf0 438 
* * 18 4 1 0 2 0 0 2 0 3 2
+5 +7 1
+7 * 1 1
+1 * 1 1
+2 * 1 1
+2 * 1 1
+2 * 1 1
+2 * 1 1
+1 * 1 1
fi=(20)
+7 1035 1 0 0 1 0 0 1
+3 * 1 0 0 0 0 0 0 0 0 1
+2 * 1 0 1
+11 +3 1 0 0 1 0 0 1
+5 +1 1 0 1
+11 * 1
fe=(16)
+8 1165 1
+2 +1 1
+3 -1 1
+6 +1 1
+2 * 1 0 0 0 0 0 0 0 0 1 1
+75 +45 1 1 0 1 0 0 1
+6 * 1
+5 * 1 0 0 0 0 0 0 0 0 1 1
+23 +27 1 0 1
+7 * 1
+23 -10 1 0 0 1 0 0 1
+2 * 1
+5 * 1 0 0 0 0 0 0 0 0 1
+6 +1 1 1 0 1 0 0 1
+6 * 1
+2 * 1
+5 * 1 0 0 0 0 0 0 0 0 1
+6 +6 1
+7 -3 1 1
+7 * 1 0 0 0 0 0 0 0 0 1 1
fi=(20)
0x186e0 852 1 0 0 1 0 0 1
+5 * 1 0 1
+7 * 1 0 1
cfn=(50)
calls=1 0x17650 255 
* * 465 51 20 13 6 0 13 6 0 110 31
+5 +1 1
+5 -1 1 0 1
+7 +1 1 0 1 1 0 0 1
cfn=(50)
calls=1 0x17650 255 
* * 532 51 20 0 0 0 0 0 0 130 28
+5 +4 1
+5 -4 1
+3 * 1 0 1
+4 +1 1 0 1
+4 +3 1 0 1
cfn=(50)
calls=1 0x17650 255 
* * 482 51 20 0 0 0 0 0 0 114 12
+5 +2 1
+5 -2 1 0 1
+7 +2 1 0 1
cfn=(50)
calls=1 0x17650 255 
* * 474 51 20 1 0 0 1 0 0 116 9
+5 +3 1
+5 -3 1 0 1
+7 +1 1 1
+7 * 1 0 1 1 0 0 1
+7 +2 1 0 1
cfn=(50)
calls=1 0x17650 255 
* * 455 51 20 0 0 0 0 0 0 111 12
+5 +2 1
+5 -2 1 0 1
+7 +2 1 0 1
cfn=(50)
calls=1 0x17650 255 
* * 457 51 20 0 0 0 0 0 0 112 10
+5 +2 1
+5 -2 1 0 1
+7 +2 1 0 1
cfn=(50)
calls=1 0x17650 255 
* * 507 51 20 0 0 0 0 0 0 122 17
+5 +2 1
+5 -2 1 0 1
+4 +2 1 0 1
cfn=(50)
calls=1 0x17650 255 
* * 497 51 20 0 0 0 0 0 0 123 10
+5 +2 1
+5 -2 1 0 1 1 0 0 1
+7 +2 1 0 1
cfn=(50)
calls=1 0x17650 255 
* * 499 51 20 0 0 0 0 0 0 124 9
+5 +3 1
+5 -2 1 0 1
+7 -1 1 0 1
+7 +3 1 0 1
cfn=(50)
calls=1 0x17650 255 
* * 522 51 20 0 0 0 0 0 0 131 15
+5 +2 1
+5 -2 1 0 1
+7 +2 1 0 1
cfn=(50)
calls=1 0x17650 255 
* * 524 51 20 0 0 0 0 0 0 132 9
+5 +2 1
+5 -2 1
+3 +2 1 0 1
cfn=(50)
calls=1 0x17650 255 
* * 525 51 20 0 0 0 0 0 0 131 11
+5 +2 1 1 0 1 0 0 1
+4 * 1
+4 * 1
+4 * 1
+4 -2 1 0 1
+7 +2 1 0 1
+7 * 1 0 1
cfn=(56)
calls=1 0x16ef0 613 
* * 225 24 19 13 0 0 13 0 0 43 13
+5 990 1 1
+4 -6 1 1
+4 * 1 1
+7 * 1 1
+7 +6 1
+4 -6 1 0 1 1 0 0 1
+7 * 1 1
+7 +6 1
+3 * 1
+4 -6 1 0 1
+4 * 1 1
+7 +6 1
+4 * 1 1
+7 * 1 1
+7 -1 1
+4 * 1
fe=(16)
0x18e30 -96 1 0 0 1 0 0 1
+3 * 1 0 1
+6 +4 1
0x18f38 771 1 1 0 1 0 0 1
+3 * 1
+3 * 1 0 1 1 0 0 1
+3 563 1
+6 * 1 0 0 0 0 0 0 0 0 1
+6 * 1
+7 * 1 1 0 0 1 0 0 1
+5 777 1
+4 * 1 0 0 0 0 0 0 0 0 1
+6 * 1 0 0 0 0 0 0 0 0 1
+6 * 1
+4 * 1 0 0 0 0 0 0 0 0 1 1
0x190c8 +37 1 0 0 1 0 0 1
+3 * 1 0 0 0 0 0 0 0 0 1
+2 +3 1
+7 * 1 0 1
+7 +94 1 0 1
+11 +1 1
+6 * 1

fn=(38)
0x16d50 431 1 0 1 1 0 0 1
+1 * 1
+3 * 1 0 1
+1 +4 1
+3 * 1 0 0 0 0 0 0 0 0 1
+2 * 1
+3 * 1
+3 +3 1
+5 * 1
+2 * 1 0 1 0 0 1 0 0 1
+6 +5 1
+2 * 1
+3 -5 1 0 1
+6 +5 1
+3 -5 1 0 1 1 0 0 1
+6 +4 1 0 1
+6 +1 1 0 1
+2 +1 1
+2 * 1
+3 * 1
+3 * 1 0 1
+2 +1 1
+2 * 1
+3 * 1
+6 * 1 0 1
+3 +1 1
+2 * 1
+3 * 1 0 1
+3 +1 1 1
+3 * 1 0 0 0 0 0 0 0 0 1
+6 +7 1 1
+7 * 1 0 0 0 0 0 0 0 0 1
+6 +2 1 0 0 1 0 0 1
+5 * 1
+2 * 1
+2 * 1 0 1
+6 +5 1
+5 -5 1 0 1
+6 +5 1
+5 -5 1 0 1
+6 * 1 0 1
+6 +5 1
+2 +7 1 1
+7 -7 1 0 1 0 0 1 0 0 1
+6 * 1 0 1
+6 * 1 0 1 1 0 0 1
+6 * 1 0 1
+6 +7 1 0 0 0 0 0 0 0 0 1
+2 +1 1
+5 * 1
+5 * 1
+2 +6 1 1
+7 -6 1 0 1 0 0 1 0 0 1
+6 * 1 0 1
+6 * 1 0 1
+6 * 1 0 1
+6 +6 1 0 0 0 0 0 0 0 0 1 1
fi=(17) /usr/src/debug/glibc/glibc/elf/../sysdeps/unix/sysv/linux/x86/dl-minsigstacksize.h
+77 24 1 1 0 1 0 0 1
+8 * 1 0 0 0 0 0 0 0 0 1
+2 +3 1 1
+7 * 1 0 0 0 0 0 0 0 0 1
+2 +1 1 1
+7 * 1 0 0 0 0 0 0 0 0 1
+2 +37 1
+5 * 1
+2 * 1
+2 +9 1
+6 * 1 0 1
fe=(16)
+7 490 1 1
+4 * 1 1
+1 * 1 1

fn=(42)
0x17740 90 1 0 1 1 0 0 1
+1 * 1
+3 * 1 0 1
+2 * 1 0 1
+2 * 1 0 1
+2 * 1 0 1
+2 * 1 0 1
+1 * 1
+4 +4 1 1
+6 +37 1 1
+7 -9 1 1
+7 -18 1 1
+6 -1 1
+2 -1 1
+2 +25 1
+2 -14 1 1
+7 -10 1
+6 -1 1 0 0 1 0 0 1
+6 * 1 1
+6 +25 1
+6 -24 1
+2 +27 1
+3 -26 1 0 1
+6 +17 1
+3 +6 1
+2 +7 1
+3 -22 1
+5 +18 1
+7 -18 1 1
+6 +18 1 1
+7 +4 1 0 0 1 0 0 1
+6 -7 1 0 1
+6 +7 1 1
+6 -7 1 0 1
+6 -6 1
+6 +13 1 0 1
+6 -13 1 1
+6 -9 1 0 1
+6 +18 1 0 1
+7 +4 1 0 1
+6 +1 1 1
+6 +7 1 1 0 1 0 0 1
+7 +5 1 1
+7 -8 1
+2 -4 1 0 1
+6 +13 1 1 0 0 1 0 0 1
+6 -9 1
+6 * 1 1
+6 +7 1
+3 -7 1 0 1
+6 * 1
+3 +1 1 1
+6 +8 1
+3 * 1 0 1 1 0 0 1
+6 +3 1
+3 -5 1
+7 * 1 1
+7 -6 1
+6 * 1 0 1
+6 +1 1 1
+6 +10 1
+6 * 1
+2 -5 1 0 1
+7 -5 1
+6 * 1 0 1
+6 +6 1 0 0 1 0 0 1
+3 * 1
+6 * 1 1
+6 +4 1
+7 * 1
+3 -4 1 0 1
+6 +4 1 0 1
+6 +14 1
+2 * 1 0 0 0 0 0 0 0 0 1
+6 -2 1 0 1
+10 +6 1
+3 * 1
+6 * 1 0 0 1 0 0 1
+2 * 1 0 1
+6 * 1 0 1
+6 +1 1
+2 * 1
+3 * 1 0 1
+6 +2 1
+2 * 1
+2 * 1 0 0 0 0 0 0 0 0 1 1
+6 +91 1 1
+6 -1 1
+2 * 1 0 0 0 0 0 0 0 0 1 1
0x17950 +17 1 1 0 1 0 0 1
+6 * 1
+2 * 1
+5 * 1 0 0 0 0 0 0 0 0 1
+6 +16 1 1
+7 * 1 0 0 0 0 0 0 0 0 1 1
+16 +4 1 0 1 1 0 0 1
+10 +1 1 1
+6 +3 1
+3 * 1
+4 * 1 1
+7 * 1 0 1
+7 +4 1
+3 * 1 0 0 0 0 0 0 0 0 1 1
fi=(18)
+2 30 1 1
fe=(16)
+6 389 1
+4 * 1 0 0 0 0 0 0 0 0 1 1
+9 +4 1 1
+6 * 1
+3 * 1 0 0 1 0 0 1 0 0 1 1
fi=(19) /usr/src/debug/glibc/glibc/elf/../sysdeps/unix/sysv/linux/x86/dl-hwcap2.h
+34 25 1 1
+7 * 1 0 0 0 0 0 0 0 0 1 1
fi=(18)
+13 +6 1
+2 -3 1
+2 +3 1
+5 * 1 0 0 0 0 0 0 0 0 1 1
fe=(16)
+6 402 1 0 1
+6 +1 1
+4 * 1 1
+1 * 1 1
+2 * 1 1
+2 * 1 1
+2 * 1 1
+2 * 1 1
+1 * 1 1
+7 -92 1 0 0 1 0 0 1
+5 * 1
+2 * 1
+2 +1 1
+2 * 1 0 0 0 0 0 0 0 0 1
+6 +5 1
+6 -1 1
+3 +10 1
+3 -6 1
+2 +2 1 0 1 1 0 0 1
+6 -2 1 0 1
+7 +3 1 0 1 0 0 1 0 0 1
+7 +3 1 0 0 0 0 0 0 0 0 1 1
fi=(18)
0x17b00 32 1 1 0 1 0 0 1
+6 * 1
+3 * 1 0 0 0 0 0 0 0 0 1
+6 +7 1 1
+6 * 1
+2 * 1
+2 * 1
+6 * 1 0 0 0 0 0 0 0 0 1
+6 +1 1 1
+6 * 1
+3 * 1 0 0 0 0 0 0 0 0 1
+6 +8 1
+2 -1 1
+5 +1 1
+5 * 1 0 0 1 0 0 1 0 0 1
+6 +3 1 1
+6 * 1
+2 * 1
+6 * 1 0 0 0 0 0 0 0 0 1
+6 +3 1
+3 * 1 0 0 0 0 0 0 0 0 1
+6 +9 1
+6 * 1
+5 * 1
+5 * 1
+3 * 1
fe=(16)
+74 176 1 0 0 1 0 0 1
+6 * 1 0 0 0 0 0 0 0 0 1
+2 +6 1
+4 * 1 0 0 0 0 0 0 0 0 1 1
+6 +14 1
+3 +12 1
+6 * 1 1
+6 -30 1 0 1
+10 +18 1
+5 +12 1
+6 -12 1
+3 +12 1 0 1
+6 -12 1 0 1 1 0 0 1
+6 +2 1
+3 * 1
+3 * 1 1
+6 * 1 0 1
+6 +6 1
+3 * 1
+5 * 1
+3 * 1 0 1
+6 +2 1 1
+6 * 1
+5 * 1
+3 * 1 0 1
+6 +7 1 1 0 1 0 0 1
+6 * 1
+2 * 1
+2 * 1 0 0 0 0 0 0 0 0 1 1
0x17ce0 -24 1 0 1 1 0 0 1
+10 -5 1
+3 * 1 0 1
+6 +4 1

fl=(66)
fn=(224)
0x15eb0 386 4 0 0 1 0 0 1
+4 * 4 0 4
+1 * 4
+3 * 4
+3 * 4 0 4
+1 * 4
+4 +2 4 4 0 1 0 0 1
+7 * 4 0 0 0 0 0 0 0 0 4
+6 +3 4 4
+7 * 4
+3 * 4 0 0 0 0 0 0 0 0 4 1
+6 +69 3
+4 * 3 0 0 0 0 0 0 0 0 3
+6 * 3 3
+7 +5 3 3
+7 * 3
+4 * 3 0 0 0 0 0 0 0 0 3
-11 * 1 1
+7 * 1
+4 * 1 0 0 0 0 0 0 0 0 1
+6 +3 4 4 0 1 0 0 1
+3 * 4
+4 * 4
+6 * 4
+3 * 4 0 4
cfn=(230) search_cache
calls=4 0x157f0 206 
* * 5081 812 107 12 72 0 12 72 0 1296 101
+5 * 4
+3 +15 4 4
+7 * 4 0 0 0 0 0 0 0 0 4
+6 +4 4
+3 * 4 0 0 0 0 0 0 0 0 4
+6 +8 4
+3 * 4 0 4
cfi=(22)
cfn=(62)
calls=4 0x27ee0 57 
* * 140 20 0 0 1 0 0 1 0 12 2
+5 +1 4
+3 -1 4
+4 +1 4
+4 * 4 0 0 1 0 0 1
+3 * 4
+7 * 4
+3 * 4
+3 * 4 0 0 0 0 0 0 0 0 4 2
+23 * 4
+5 * 4
+3 * 4
+3 * 4 0 0 0 0 0 0 0 0 4 2
+6 * 4
+5 +1 4
+3 * 4 0 0 1 0 0 1
+3 -1 4
+4 +1 4 0 4
cfi=(29)
cfn=(82)
calls=4 0x25cc0 210 
* * 44 12 8 0 0 0 0 0 0 8
+6 * 4
+3 +1 4 0 4
cfi=(54)
cfn=(182)
calls=4 0x27e80 40 
* * 332 60 40 0 0 2 0 0 2 36 2 4
+5 +1 4 4
+4 * 4 4
+1 * 4 4
+54 394 1 0 0 1 0 0 1
+7 * 1
+5 * 1
+7 * 1 0 1
+4 * 1 0 1
cfi=(53)
cfn=(226)
calls=1 0xc880 36 
* * 103 16 16 3 1 3 3 1 3 12 4
+5 * 1
+3 +8 1
+4 * 1 0 0 0 0 0 0 0 0 1
+2 * 1 1
+7 * 1 1
+4 * 1 0 0 1 0 0 1
+4 * 1 0 0 0 0 0 0 0 0 1
+6 +1 1
+10 * 1 1 0 0 1 0 0 1
+3 * 1
+10 * 1 1
+4 * 1
+3 * 1 0 0 0 0 0 0 0 0 1 1
+56 +93 4 0 4 1 0 0 1
+6 * 4
0x16158 -93 1 1 0 1 0 0 1
+7 * 1 0 0 0 0 0 0 0 0 1
+6 +3 1
+10 * 1
+3 * 1
+4 * 1
+4 +1 1 1
+3 -1 1
+3 * 1 0 0 1 0 0 1 0 0 1
fi=(67) /usr/src/debug/glibc/glibc/elf/../sysdeps/generic/dl-cache.h
+6 194 1 1
+4 +1 1
+2 * 1 0 0 0 0 0 0 0 0 1
+2 * 1
+3 * 1
+2 * 1 0 0 0 0 0 0 0 0 1 1
fe=(66)
+45 414 1 0 1 1 0 0 1
+7 +1 1 0 1
+7 * 1

fn=(232) _dl_cache_libcmp
0x15700 340 47 0 0 1 0 0 1
+4 +1 47 47
+3 * 47
+2 * 47 0 0 0 0 0 0 0 0 47
-5 * 6 6
+3 * 6
+2 * 6 0 0 0 0 0 0 0 0 6 2
+2 +4 268 268 0 0 38 0 0 38
+3 -2 268
+4 +2 268
+3 -2 268
+4 * 268 0 0 0 0 0 0 0 0 268 9
+2 +20 262
+3 * 262 0 0 0 0 0 0 0 0 262
+6 +2 262
+2 * 262 0 0 0 0 0 0 0 0 262 41
+6 -24 221 221
+4 +28 221
+4 +1 221
+4 -29 221
+2 * 221 0 0 0 0 0 0 0 0 221 10
+2 +32 6 6
+3 * 6
+2 * 6 6
+7 -28 6 0 0 1 0 0 1
+3 * 6 0 0 0 0 0 0 0 0 6
+6 +8 6 6
+4 -2 6
+3 +1 6
+4 * 6
+3 -1 6
+4 +2 6
+4 * 6
+4 * 6 0 0 0 0 0 0 0 0 6 2
+45 +2 6 6 0 1 0 0 1
+4 * 6
+3 * 6
+4 -3 6
+3 +3 6 0 0 0 0 0 0 0 0 6 2
+50 +2 6
+2 * 6 0 0 0 0 0 0 0 0 6 2
+6 +9 41
+2 * 41 41

fn=(230)
0x157f0 206 4 0 0 1 0 0 1
+3 * 4 0 0 0 0 0 0 0 0 4
+6 -8 4 0 4
+1 +11 4
+3 * 4
+3 -11 4 0 0 1 0 0 1
+3 * 4 0 4
+2 * 4
+3 * 4 0 4
+2 * 4 0 4
+2 * 4
+3 * 4 0 4
+2 * 4
+3 * 4 0 4
+1 +1 4
+2 -1 4
+7 * 4 0 4
+4 * 4 0 4
+4 +11 4 0 4
+4 * 4
+6 332 17
+4 206 17
+3 * 17 0 0 0 0 0 0 0 0 17
+2 +2 41
+4 * 41
+3 * 41 0 0 1 0 0 1
+4 * 41
+3 -22 41 41
+4 +22 41
+3 +1 41
+3 -23 41
+4 +23 41 41 0 0 33 0 0 33
+5 +4 41
+3 * 41 0 0 0 0 0 0 0 0 41
+2 +4 41 41
+4 * 41
+3 * 41 0 41
cfn=(232)
calls=41 0x15700 340 
* * 3217 501 0 3 36 0 3 36 0 900 56
+5 +1 41
+2 * 41 0 0 0 0 0 0 0 0 41 2
+2 329 37 0 0 0 0 0 0 0 0 37 22
+2 +1 20
+4 206 20
+3 * 20 0 0 0 0 0 0 0 0 20 2
+24 +8 4 4 0 1 0 0 1
+4 * 4
+4 -6 4
+3 * 4 0 4
+4 * 4 0 4
+7 * 4
+4 * 4
+5 * 4
+3 * 4
+3 * 4 4
+4 * 4
+7 +20 6 6 0 0 1 0 0 1
+3 +3 6
+3 * 6 0 0 0 0 0 0 0 0 6
+2 +2 6
+3 * 6
+3 * 6
+3 * 6 0 6
cfn=(232)
calls=6 0x15700 340 
* * 684 106 0 0 2 0 0 2 0 190 12
+5 * 6
+2 * 6 0 0 0 0 0 0 0 0 6 1
+2 +2 2
+4 -9 2
+3 * 2 0 0 0 0 0 0 0 0 2 2
-3 * 4 0 0 1 0 0 1
+3 * 4 0 0 0 0 0 0 0 0 4 2
+2 * 4 4
+4 * 4
+3 * 4 4
+7 +9 4 0 4
+7 * 4
+3 * 4 4
+4 +37 4 0 4 1 0 0 1
+11 * 4
+4 * 4 0 4
+3 * 4
+3 * 4
+3 * 4
+3 * 4
+3 * 4 0 4
+4 * 4
+27 -27 4 4
+4 * 4 0 0 1 0 0 1 0 0 4 2
+34 +10 4 4
+4 * 4 4
+6 * 4 0 0 0 0 0 0 0 0 4
+2 +1 4
+3 * 4 4
+3 * 4
+3 * 4 0 0 0 0 0 0 0 0 4
+2 +7 4 4
+4 * 4 0 0 0 0 0 0 0 0 4
+2 +9 4 0 0 1 0 0 1
fi=(67)
+10 125 4 4
fe=(66)
+4 272 4
+10 * 4
+3 * 4
+3 * 4 0 0 0 0 0 0 0 0 4
+2 +9 4 4
+8 * 4 0 0 0 0 0 0 0 0 4
+2 +5 4
+3 * 4 0 0 0 0 0 0 0 0 4
+6 +27 4
+4 +23 4
+7 * 4
+3 * 4 4 0 1 0 0 1
+1 * 4 4
+2 * 4 4
+2 * 4 4
+2 * 4 4
+2 * 4 4
+1 * 4 4

fn=(640)
0x16230 508 1 0 0 1 0 0 1
+4 +1 1 1 0 0 1
+7 * 1
+4 * 1 0 0 1 0 0 1
+4 * 1 0 0 0 0 0 0 0 0 1 1
+13 -1 1 0 1
+1 +3 1 1
+7 -3 1
+3 +3 1 0 1
cfi=(141)
cfn=(642)
calls=1 0x24eb0 117 
* * 6 1 0 0 0 0 0 0 0 1
+5 +7 1 1
+1 -6 1 0 1
+11 +4 1 0 1
+10 +2 1 1

fl=(14)
fn=(30)
0x23a50 36 1 0 0 1 0 0 1
fi=(405) /usr/src/debug/glibc/glibc/elf/../sysdeps/unix/sysv/linux/brk_call.h
+4 -12 1
+5 * 1
fe=(14)
+2 +13 1 0 1 0 0 1 0 0 1
+7 +1 1
+3 * 1 0 0 0 0 0 0 0 0 1
+2 +6 1
+2 +1 1 1

fl=(33)
fn=(258)
0x28080 98 1 0 0 1 0 0 1
+4 +27 1
+3 +1 1 0 0 0 0 0 0 0 0 1
+6 +1 1
+4 +1 1 0 0 0 0 0 0 0 0 1
+6 +1 1
+3 +2 1
+2 +1 1
+2 +2 1
+4 +1 1
+4 +21 1
+3 +1 1 0 0 0 0 0 0 0 0 1
+2 +1 1
+3 +1 1 0 0 0 0 0 0 0 0 1
+2 +1 1 1
+4 +1 1 1
+4 +1 1 1
+5 +1 1 1 0 1 0 0 1
+5 +17 1
+4 +1 1
+4 +1 1
+4 +1 1
+4 +1 1
+4 +1 1
+6 +1 1 0 0 0 0 0 0 0 0 1 1
0x298b0 2104 1 0 0 1 0 0 1
+4 +3 1
+3 +1 1 0 0 0 0 0 0 0 0 1
+2 +2 1 1
+4 +1 1 1 0 1 0 0 1
+4 +8 1
+2 +1 1 1

fn=(100)
0x26880 98 3547 0 0 2 0 0 1
+4 +33 3547
+2 +1 3547
+2 +2 3547
+4 +1 3547
+4 +21 3547
+3 +1 3547 0 0 0 0 0 0 0 0 3547 303
+2 +1 3188
+3 +1 3188 0 0 0 0 0 0 0 0 3188 216
+2 +1 2926 2926 0 0 238 0 0 92
+4 +1 2926 2926 0 0 20 0 0 9
+4 +1 2926 2926
+5 +1 2926 2926
+5 +17 2926
+4 +1 2926
+4 +1 2926
+4 +1 2926
+4 +1 2926
+4 +1 2926
+6 +1 2926 0 0 0 0 0 0 0 0 2926 97
+6 +5 69
+4 +1 69
+4 * 69
+1 * 69
+11 +9 69
+4 +1 69
+4 +1 69
+5 +1 69
+3 +1 69
+3 +1 69
+3 +1 69
+2 +1 69 0 0 0 0 0 0 0 0 69 6
-24 -7 621 0 0 2 0 0 1
+4 +1 621
+4 +1 621
+5 +1 621
+3 +1 621
+3 +1 621
+3 +1 621
+2 +1 621 0 0 0 0 0 0 0 0 621 23
+2 +1 548 0 0 0 0 0 0 0 0 548 204
+2 +1 240
+3 +1 240
+1 +1 240 0 0 1 0 0 1
+3 +2 240
+4 +1 240
+3 +1 240
+7 +1 240 240 0 0 8 0 0 2
+4 +1 240
+4 +1 240 0 0 0 0 0 0 0 0 0 0 240 187
-22 -5 308
+4 +1 308
+3 +1 308
+7 +1 308 308 0 0 6
+4 +1 308
+4 +1 308 0 0 0 0 0 0 0 0 0 0 308 223
+7 +10 142 142 0 0 11 0 0 2
+4 +1 142
+4 +1 142
+4 +2 142 142 0 0 12 0 0 2
+4 +6 142
+4 +1 142
+5 +1 142
+2 +1 142
+3 +1 142 0 0 2 0 0 1
+3 +5 142 0 0 0 0 0 0 0 0 142 8
+6 +2 81
+7 +1 81
+7 +1 81
+4 * 81
+7 +8 81 81 0 0 14
+5 +1 81 81 0 0 11 0 0 2
+5 +3 81
+4 +1 81
+4 +1 81
+4 +1 81
+4 +1 81
+6 +1 81 0 0 2 0 0 1 0 0 81 7
-32 -9 1 1
+5 +1 1 1 0 0 1
+5 +3 1
+4 +1 1
+4 +1 1
+4 +1 1
+4 +1 1
+6 +1 1 0 0 0 0 0 0 0 0 1
+6 +6 4
+4 +1 4 4
+5 +1 4 4
+5 +3 4
+4 +1 4
+4 +1 4
+4 +1 4
+4 +1 4
+6 +1 4 0 0 0 0 0 0 0 0 4 4
+6 +5 1
+4 +1 1
+12 +9 2 0 0 1 0 0 1
+4 +1 2 2
+4 +1 2 2
+4 +1 2
+4 +1 2
+5 +2 2
+4 +1 2
+4 +1 2
+5 +1 2
+2 +1 2
+3 +1 2
+3 +1 2 0 0 0 0 0 0 0 0 2 1
+6 +1 2 2
+4 +3 2
+4 +1 2
+7 +1 2 0 0 1 0 0 1
+6 +6 2
+4 +1 2
+7 +1 2
+7 * 2
+9 +4 2
+4 +1 2 0 0 0 0 0 0 0 0 2
+6 +3 2 2 0 0 1 0 0 1
+5 +1 2 2
+5 +1 2
+4 +2 2
+5 +1 2 0 0 1 0 0 1
+5 +1 2
+4 +4 2
+4 +1 2
+4 +1 2
+4 +1 2
+4 +1 2
+6 +1 2 0 0 0 0 0 0 0 0 2 1
+6 +6 2
+4 +1 2
+4 +2 2
+4 +1 2 0 0 0 0 0 0 0 0 2
+2 +2 2 2
+5 +1 2 2
+5 +1 2
+4 +2 2 0 0 1 0 0 1
+5 +1 2
+5 +1 2
+4 +4 2
+4 +1 2
+4 +1 2
+4 +1 2
+4 +1 2
+6 +1 2 0 0 0 0 0 0 0 0 2 2
+94 +48 7 0 0 2 0 0 1
+4 +1 7 7 0 0 2 0 0 1
+4 +1 7 7 0 0 3 0 0 1
+4 +1 7
+4 +1 7
+5 +2 7
+4 +1 7
+4 +1 7
+5 +1 7
+2 +1 7
+3 +1 7
+3 +1 7 0 0 0 0 0 0 0 0 7 1
+6 +1 7 7
+4 +3 7
+4 +1 7
+7 +1 7 0 0 2 0 0 1
+6 +6 7
+4 +1 7
+7 +1 7
+7 * 7
+9 +4 7
+4 +1 7 0 0 0 0 0 0 0 0 7
+6 +3 7 7 0 0 1
+5 +1 7 7 0 0 2 0 0 1
+5 +1 7
+4 +2 7
+5 +1 7 0 0 2 0 0 1
+5 +1 7
+4 +4 7
+4 +1 7
+4 +1 7
+4 +1 7
+4 +1 7
+6 +1 7 0 0 0 0 0 0 0 0 7 2
0x26c40 +69 7 0 0 2 0 0 1
+4 +1 7 7 0 0 2 0 0 1
+4 +1 7 7 0 0 2 0 0 2
+4 +1 7
+4 +1 7
+5 +2 7
+4 +1 7
+4 +1 7
+5 +1 7
+2 +1 7
+3 +1 7
+3 +1 7 0 0 0 0 0 0 0 0 7
+6 +1 7 7
+4 +4 7
+4 +1 7
+7 +1 7 0 0 2 0 0 1
+6 +6 7
+4 +1 7
+7 +1 7
+7 * 7
+9 +4 7
+4 +1 7 0 0 0 0 0 0 0 0 7 1
-4 -1 2
+4 +1 2 0 0 0 0 0 0 0 0 2 1
+6 +3 9 9 0 0 3 0 0 3
+5 +1 9 9 0 0 2 0 0 1
+5 +1 9
+4 +2 9
+5 +1 9 0 0 2 0 0 1
+5 +1 9
+4 +4 9
+4 +1 9
+4 +1 9
+4 +1 9
+4 +1 9
+6 +1 9 0 0 0 0 0 0 0 0 9 2
+6 +7 2
+4 +1 2
+4 +2 2
+4 +1 2 0 0 0 0 0 0 0 0 2
+2 +2 2 2
+5 +1 2 2
+5 +1 2
+4 +2 2 0 0 1 0 0 1
+5 +1 2
+5 +1 2
+4 +4 2
+4 +1 2
+4 +1 2
+4 +1 2
+4 +1 2
+6 +1 2 0 0 0 0 0 0 0 0 2 1
+6 +7 2
+4 +1 2
+4 +1 2
+80 +32 6 0 0 2 0 0 1
+4 +1 6 6 0 0 2 0 0 2
+4 +1 6 6 0 0 2
+4 +1 6
+4 +1 6
+5 +2 6
+4 +1 6
+4 +1 6
+5 +1 6
+2 +1 6
+3 +1 6
+3 +1 6 0 0 0 0 0 0 0 0 6 2
+6 +1 6 6
+4 +4 6
+4 +1 6
+7 +1 6 0 0 2 0 0 1
+6 +6 6
+4 +1 6
+7 +1 6
+7 * 6
+9 +4 6
+4 +1 6 0 0 0 0 0 0 0 0 6
-4 -1 2
+4 +1 2 0 0 0 0 0 0 0 0 2
+6 +3 8 8 0 0 2
+5 +1 8 8 0 0 1 0 0 1
+5 +1 8
+4 +2 8
+5 +1 8 0 0 2 0 0 1
+5 +1 8
+4 +4 8
+4 +1 8
+4 +1 8
+4 +1 8
+4 +1 8
+6 +1 8 0 0 0 0 0 0 0 0 8 6
+6 +7 2
+4 +1 2
+4 +2 2
+4 +1 2 0 0 0 0 0 0 0 0 2
+2 +2 2 2
+5 +1 2 2
+5 +1 2
+4 +2 2 0 0 1 0 0 1
+5 +1 2
+5 +1 2
+4 +4 2
+4 +1 2
+4 +1 2
+4 +1 2
+4 +1 2
+6 +1 2 0 0 0 0 0 0 0 0 2 1
+6 +7 2
+4 +1 2
+4 +1 2
+80 +32 14 0 0 1 0 0 1
+4 +1 14 14 0 0 1
+4 +1 14 14 0 0 3 0 0 1
+4 +1 14
+4 +1 14
+5 +2 14
+4 +1 14
+4 +1 14
+5 +1 14
+2 +1 14
+3 +1 14
+3 +1 14 0 0 0 0 0 0 0 0 14 6
+6 +1 9 9
+4 +4 9
+4 +1 9
+7 +1 9 0 0 1 0 0 1
+6 +6 9
+4 +1 9
+7 +1 9
+7 * 9
+9 +4 9
+4 +1 9 0 0 0 0 0 0 0 0 9 1
-4 -1 2
+4 +1 2 0 0 0 0 0 0 0 0 2 1
+6 +3 11 11 0 0 3
+5 +1 11 11 0 0 4 0 0 1
+5 +1 11
+4 +2 11
+5 +1 11 0 0 1 0 0 1
+5 +1 11
+4 +4 11
+4 +1 11
+4 +1 11
+4 +1 11
+4 +1 11
+6 +1 11 0 0 0 0 0 0 0 0 11 6
+6 +7 4
+4 +1 4
+4 +2 4
+4 +1 4 0 0 0 0 0 0 0 0 4
+2 +2 4 4
+5 +1 4 4
+5 +1 4
+4 +2 4 0 0 1 0 0 1
+5 +1 4
+5 +1 4
+4 +4 4
+4 +1 4
+4 +1 4
+4 +1 4
+4 +1 4
+6 +1 4 0 0 0 0 0 0 0 0 4 3
+6 +7 2
+4 +1 2
+4 +1 2
+16 +4 1 0 0 1 0 0 1
+4 +1 1
+4 +1 1
+6 +1 1 0 0 0 0 0 0 0 0 1
+2 +7 1
+4 +1 1
+7 +1 1
+37 +16 6 0 0 2 0 0 1
+4 +1 6 6 0 0 1 0 0 1
+4 +1 6 6 0 0 1
+4 +1 6
+4 +1 6
+5 +2 6
+4 +1 6
+4 +1 6
+5 +1 6
+2 +1 6
+3 +1 6
+3 +1 6 0 0 0 0 0 0 0 0 6 1
+6 +1 5 5
+4 +4 5
+4 +1 5
+7 +1 5 0 0 2 0 0 1
+6 +6 5
+4 +1 5
+7 +1 5
+7 * 5
+9 +4 5
+4 +1 5 0 0 0 0 0 0 0 0 5
-4 -1 2
+4 +1 2 0 0 0 0 0 0 0 0 2
+6 +3 7 7 0 0 1
+5 +1 7 7 0 0 2
+5 +1 7
+4 +2 7
+5 +1 7 0 0 2 0 0 1
+5 +1 7
+4 +4 7
+4 +1 7
+4 +1 7
+4 +1 7
+4 +1 7
+6 +1 7 0 0 0 0 0 0 0 0 7 4
+6 +7 3
+4 +1 3
+4 +2 3
+4 +1 3 0 0 0 0 0 0 0 0 3
+2 +2 3 3
+5 +1 3 3
+5 +1 3
+4 +2 3 0 0 1 0 0 1
+5 +1 3
+5 +1 3
+4 +4 3
+4 +1 3
+4 +1 3
+4 +1 3
+4 +1 3
+6 +1 3 0 0 0 0 0 0 0 0 3 1
+6 +7 2
+4 +1 2
+4 +1 2
+80 +32 25 0 0 1 0 0 1
+4 +1 25 25 0 0 5 0 0 1
+4 +1 25 25 0 0 5 0 0 1
+4 +1 25
+4 +1 25
+5 +2 25
+4 +1 25
+4 +1 25
+5 +1 25
+2 +1 25
+3 +1 25
+3 +1 25 0 0 0 0 0 0 0 0 25 3
+6 +1 19 19
+4 +4 19
+4 +1 19
+7 +1 19 0 0 1 0 0 1
+6 +6 19
+4 +1 19
+7 +1 19
+7 * 19
+9 +4 19
+4 +1 19 0 0 0 0 0 0 0 0 19
+6 +3 19 19 0 0 1
+5 +1 19 19 0 0 4 0 0 1
+5 +1 19
+4 +2 19
+5 +1 19 0 0 1 0 0 1
+5 +1 19
+4 +4 19
+4 +1 19
+4 +1 19
+4 +1 19
+4 +1 19
+6 +1 19 0 0 0 0 0 0 0 0 19 3
0x27280 +69 15 0 0 2 0 0 1
+4 +1 15 15 0 0 2
+4 +1 15 15 0 0 4 0 0 2
+4 +1 15
+4 +1 15
+5 +2 15
+4 +1 15
+4 +1 15
+5 +1 15
+2 +1 15
+3 +1 15
+3 +1 15 0 0 0 0 0 0 0 0 15 3
+6 +1 13 13
+4 +4 13
+4 +1 13
+7 +1 13 0 0 2 0 0 1
+6 +6 13
+4 +1 13
+7 +1 13
+7 * 13
+9 +4 13
+4 +1 13 0 0 0 0 0 0 0 0 13
-4 -1 3
+4 +1 3 0 0 0 0 0 0 0 0 3
+6 +3 16 16 0 0 5 0 0 3
+5 +1 16 16 0 0 3 0 0 2
+5 +1 16
+4 +2 16
+5 +1 16 0 0 2 0 0 1
+5 +1 16
+4 +4 16
+4 +1 16
+4 +1 16
+4 +1 16
+4 +1 16
+6 +1 16 0 0 0 0 0 0 0 0 16 5
+6 +7 4
+4 +1 4
+4 +2 4
+4 +1 4 0 0 0 0 0 0 0 0 4 1
+2 +2 4 4
+5 +1 4 4
+5 +1 4
+4 +2 4 0 0 1 0 0 1
+5 +1 4
+5 +1 4
+4 +4 4
+4 +1 4
+4 +1 4
+4 +1 4
+4 +1 4
+6 +1 4 0 0 0 0 0 0 0 0 4 1
+6 +7 3
+4 +1 3
+4 +1 3
+80 +32 37 0 0 1 0 0 1
+4 +1 37 37 0 0 3 0 0 2
+4 +1 37 37 0 0 5 0 0 2
+4 +1 37
+4 +1 37
+5 +2 37
+4 +1 37
+4 +1 37
+5 +1 37
+2 +1 37
+3 +1 37
+3 +1 37 0 0 0 0 0 0 0 0 37 13
+6 +1 17 17
+4 +4 17
+4 +1 17
+7 +1 17 0 0 2 0 0 1
+6 +6 17
+4 +1 17
+7 +1 17
+7 * 17
+9 +4 17
+4 +1 17 0 0 0 0 0 0 0 0 17
-4 -1 2
+4 +1 2 0 0 0 0 0 0 0 0 2
+6 +3 19 19 0 0 4 0 0 1
+5 +1 19 19 0 0 5 0 0 4
+5 +1 19
+4 +2 19
+5 +1 19 0 0 2 0 0 1
+5 +1 19
+4 +4 19
+4 +1 19
+4 +1 19
+4 +1 19
+4 +1 19
+6 +1 19 0 0 0 0 0 0 0 0 19 4
+6 +7 4
+4 +1 4
+4 +2 4
+4 +1 4 0 0 0 0 0 0 0 0 4
+2 +2 4 4 0 0 1 0 0 1
+5 +1 4 4 0 0 2
+5 +1 4
+4 +2 4 0 0 1 0 0 1
+5 +1 4
+5 +1 4
+4 +4 4
+4 +1 4
+4 +1 4
+4 +1 4
+4 +1 4
+6 +1 4 0 0 0 0 0 0 0 0 4 3
+6 +7 2
+4 +1 2
+4 +1 2
+80 +32 41 0 0 2 0 0 1
+4 +1 41 41 0 0 12 0 0 5
+4 +1 41 41 0 0 4
+4 +1 41
+4 +1 41
+5 +2 41
+4 +1 41
+4 +1 41
+5 +1 41
+2 +1 41
+3 +1 41
+3 +1 41 0 0 0 0 0 0 0 0 41 13
+6 +1 19 19
+4 +4 19
+4 +1 19
+7 +1 19 0 0 1 0 0 1
+6 +6 19
+4 +1 19
+7 +1 19
+7 * 19
+9 +4 19
+4 +1 19 0 0 0 0 0 0 0 0 19
-4 -1 4
+4 +1 4 0 0 0 0 0 0 0 0 4
+6 +3 23 23 0 0 5 0 0 2
+5 +1 23 23 0 0 6 0 0 3
+5 +1 23
+4 +2 23
+5 +1 23 0 0 2 0 0 1
+5 +1 23
+4 +4 23
+4 +1 23
+4 +1 23
+4 +1 23
+4 +1 23
+6 +1 23 0 0 0 0 0 0 0 0 23 8
+6 +7 6
+4 +1 6
+4 +2 6
+4 +1 6 0 0 0 0 0 0 0 0 6 1
+2 +2 6 6
+5 +1 6 6 0 0 1
+5 +1 6
+4 +2 6 0 0 3 0 0 1
+5 +1 6
+5 +1 6
+4 +4 6
+4 +1 6
+4 +1 6
+4 +1 6
+4 +1 6
+6 +1 6 0 0 0 0 0 0 0 0 6 3
+6 +7 4
+4 +1 4
+4 +1 4
+80 +32 57 0 0 1 0 0 1
+4 +1 57 57 0 0 8 0 0 4
+4 +1 57 57 0 0 6 0 0 4
+4 +1 57
+4 +1 57
+5 +2 57
+4 +1 57
+4 +1 57
+5 +1 57
+2 +1 57
+3 +1 57
+3 +1 57 0 0 0 0 0 0 0 0 57 21
+6 +1 47 47
+4 +4 47
+4 +1 47
+7 +1 47 0 0 1 0 0 1
+6 +6 47
+4 +1 47
+7 +1 47
+7 * 47
+9 +4 47
+4 +1 47 0 0 0 0 0 0 0 0 47 1
+6 +3 47 47 0 0 5 0 0 1
+5 +1 47 47 0 0 4 0 0 3
+5 +1 47
+4 +2 47
+5 +1 47 0 0 1 0 0 1
+5 +1 47
+4 +4 47
+4 +1 47
+4 +1 47
+4 +1 47
+4 +1 47
+6 +1 47 0 0 0 0 0 0 0 0 47 6
+6 +7 1
+4 +1 1
+4 +2 1
+4 +1 1 0 0 0 0 0 0 0 0 1
+2 +2 1 1
+5 +1 1 1
+5 +1 1
+4 +2 1 0 0 1 0 0 1
+5 +1 1
+5 +1 1
+4 +4 1
+4 +1 1
+4 +1 1
+4 +1 1
+4 +1 1
+6 +1 1 0 0 0 0 0 0 0 0 1
+94 +41 41 0 0 2 0 0 1
+4 +1 41 41 0 0 7 0 0 4
+4 +1 41 41 0 0 14 0 0 7
+4 +1 41
+4 +1 41
+5 +2 41
+4 +1 41
+4 +1 41
+5 +1 41
+2 +1 41
+3 +1 41
+3 +1 41 0 0 0 0 0 0 0 0 41 7
+6 +1 33 33
+4 +4 33
+4 +1 33
+7 +1 33 0 0 2 0 0 1
+6 +6 33
+4 +1 33
+7 +1 33
+7 * 33
+9 +4 33
+4 +1 33 0 0 0 0 0 0 0 0 33
-4 -1 2
+4 +1 2 0 0 0 0 0 0 0 0 2
+6 +3 35 35 0 0 10 0 0 5
+5 +1 35 35 0 0 5 0 0 2
+5 +1 35
+4 +2 35
+5 +1 35 0 0 2 0 0 1
+5 +1 35
+4 +4 35
+4 +1 35
+4 +1 35
+4 +1 35
+4 +1 35
+6 +1 35 0 0 0 0 0 0 0 0 35 8
+6 +7 6
+4 +1 6
+4 +2 6
+4 +1 6 0 0 0 0 0 0 0 0 6 2
+2 +2 6 6
+5 +1 6 6 0 0 3
+5 +1 6
+4 +2 6 0 0 2 0 0 1
+5 +1 6
+5 +1 6
+4 +4 6
+4 +1 6
+4 +1 6
+4 +1 6
+4 +1 6
+6 +1 6 0 0 0 0 0 0 0 0 6 5
+6 +7 2
+4 +1 2
+4 +1 2
+80 +32 172 0 0 2 0 0 1
+4 +1 172 172 0 0 8 0 0 6
+4 +1 172 172 0 0 14 0 0 3
+4 +1 172
+4 +1 172
+5 +2 172
+4 +1 172
+4 +1 172
+5 +1 172
+2 +1 172
+3 +1 172
+3 +1 172 0 0 0 0 0 0 0 0 172 22
+6 +1 32 32
+4 +4 32
+4 +1 32
+7 +1 32 0 0 2 0 0 1
+6 +6 32
+4 +1 32
+7 +1 32
+7 * 32
+9 +4 32
+4 +1 32 0 0 0 0 0 0 0 0 32 3
-4 -1 4
+4 +1 4 0 0 0 0 0 0 0 0 4 1
+6 +3 36 36 0 0 11 0 0 2
+5 +1 36 36 0 0 6 0 0 5
+5 +1 36
+4 +2 36
+5 +1 36 0 0 2 0 0 1
+5 +1 36
+4 +4 36
+4 +1 36
+4 +1 36
+4 +1 36
+4 +1 36
+6 +1 36 0 0 0 0 0 0 0 0 36 14
+6 +7 8
+4 +1 8
+4 +2 8
+4 +1 8 0 0 0 0 0 0 0 0 8
+2 +2 8 8 0 0 1
+5 +1 8 8 0 0 1
+5 +1 8
+4 +2 8 0 0 2 0 0 1
+5 +1 8
+5 +1 8
+4 +4 8
+4 +1 8
+4 +1 8
+4 +1 8
+4 +1 8
+6 +1 8 0 0 0 0 0 0 0 0 8 5
+6 +7 4
+4 +1 4
+4 +1 4
+16 +4 2 0 0 1 0 0 1
+4 +1 2
+4 +1 2
+6 +1 2 0 0 0 0 0 0 0 0 2
+2 +7 2
+4 +1 2
+7 +1 2
+37 +16 79 0 0 3 0 0 1
+4 +1 79 79 0 0 11 0 0 6
+4 +1 79 79 0 0 9 0 0 2
+4 +1 79
+4 +1 79
+5 +2 79
+4 +1 79
+4 +1 79
+5 +1 79
+2 +1 79
+3 +1 79
+3 +1 79 0 0 0 0 0 0 0 0 79 26
+6 +1 47 47
+4 +4 47
+4 +1 47
+7 +1 47 0 0 2 0 0 1
+6 +6 47
+4 +1 47
+7 +1 47
+7 * 47
+9 +4 47
+4 +1 47 0 0 0 0 0 0 0 0 47
+6 +3 47 47 0 0 7 0 0 3
+5 +1 47 47 0 0 4 0 0 3
+5 +1 47
+4 +2 47
+5 +1 47 0 0 2 0 0 1
+5 +1 47
+4 +4 47
+4 +1 47
+4 +1 47
+4 +1 47
+4 +1 47
+6 +1 47 0 0 0 0 0 0 0 0 47 10
+6 +7 1
+4 +1 1
+4 +2 1
+4 +1 1 0 0 0 0 0 0 0 0 1
+2 +2 1 1
+5 +1 1 1
+5 +1 1
+4 +2 1 0 0 1 0 0 1
+5 +1 1
+5 +1 1
+4 +4 1
+4 +1 1
+4 +1 1
+4 +1 1
+4 +1 1
+6 +1 1 0 0 0 0 0 0 0 0 1 1
+94 +41 39 0 0 3 0 0 1
+4 +1 39 39 0 0 7 0 0 5
+4 +1 39 39 0 0 9 0 0 5
+4 +1 39
+4 +1 39
+5 +2 39
+4 +1 39
+4 +1 39
+5 +1 39
+2 +1 39
+3 +1 39
+3 +1 39 0 0 0 0 0 0 0 0 39 13
+6 +2 13 13
+4 +4 13
+4 +1 13
+7 +1 13 0 0 3 0 0 1
+6 +6 13
+4 +1 13
+7 +2 13
+7 * 13
+9 +4 13
+4 +1 13 0 0 0 0 0 0 0 0 13
+6 +3 13 13 0 0 5 0 0 3
+5 +1 13 13 0 0 1
+5 +1 13
+4 +2 13
+5 +1 13 0 0 3 0 0 1
+5 +1 13
+4 +4 13
+4 +1 13
+4 +1 13
+4 +1 13
+4 +1 13
+6 +1 13 0 0 0 0 0 0 0 0 13 3
0x27c80 +71 357 0 0 1
+5 +2 357
+4 +1 357
+4 +1 357
+3 +1 357 0 0 0 0 0 0 0 0 357 40
-11 -3 333 0 0 2 0 0 1
+4 +1 333
+4 +1 333
+3 +1 333 0 0 0 0 0 0 0 0 333 26
+2 +1 240
+3 * 240
+11 +5 240
+4 +6 240 240
+4 +1 240 240
+4 +8 240
+2 +1 240 240
-14 -16 3307
+4 +6 3307 3307
+4 +1 3307 3307
+4 +8 3307
+2 +1 3307 3307

fl=(27)
fn=(78)
0xc630 36 39 0 0 1 0 0 1
+4 +1 39 39 0 0 3
+7 * 39
+3 * 39 0 0 1 0 0 1 0 0 39 1
+6 +11 38 38
+7 * 38
+4 * 38
+4 +3 38
+4 -3 38 0 38
+7 +3 38
+3 * 38 0 0 0 0 0 0 0 0 38 4
-22 -3 1
+4 * 1
+4 +3 1
+4 -3 1 0 1
+7 +3 1
+3 * 1 0 0 0 0 0 0 0 0 1
+2 * 36
+3 * 36
+3 * 36
+3 * 36 0 0 0 0 0 0 0 0 36 23
+6 +5 3 3
+7 * 3
+3 * 3 0 0 1 0 0 1
+5 * 3
+3 +1 3
+3 * 3 0 0 0 0 0 0 0 0 3 2
+11 -21 3 0 3
+1 +24 3
+3 * 3
+6 * 3
+5 -24 3
+3 * 3 0 3
+2 * 3
+3 +24 3
+2 -24 3 0 3
+1 +23 3
+4 +1 3
+5 * 3
+3 -24 3
+4 +24 3 0 3 1 0 0 1
cfi=(60)
cfn=(198)
calls=3 0x24dd0 -13 
* * 78 12 9 0 0 1 0 0 1 12 5
+5 +2 3
+4 * 3 0 0 0 0 0 0 0 0 3
+6 +2 3
+3 * 3
+7 * 3
+3 * 3 0 3
+4 * 3 0 3
cfi=(68)
cfn=(234) __set_vma_name
calls=3 0x24f50 -4 
* * 107 27 19 5 2 1 4 2 1 11 8
+5 +1 3 3
+4 * 3 3
+7 * 3
+3 * 3 0 0 0 0 0 0 0 0 3 1
+2 +2 3
+3 +4 3
+4 -1 3 0 3
+7 -3 3 0 3
+7 +4 3 0 3
+7 +2 3
+4 * 3 3
+1 * 3 3
+2 * 3 3
+1 * 3 3
+11 -3 36 0 36 0 0 4 0 0 1
+7 +1 36 0 36
+7 +2 36 36
+2 -30 1 1 0 1 0 0 1
+7 -1 1
+7 +1 1 0 0 1 0 0 1
+5 +1 1
+3 * 1
+3 -2 1 0 1
+7 * 1
+8 +28 1 1
+7 * 1

fn=(74)
0xc780 80 17 0 0 1 0 0 1
+4 +4 17
+3 -4 17
+3 * 17
+3 * 17
+3 * 17
+3 +7 17
+3 +1 17
+4 * 17
+3 * 17 0 0 0 0 0 0 0 0 17 11
fi=(28)
+7 -32 17 17 0 0 2 0 0 0 0 0 0 17 1
cfi=(27)
cfn=(78)
calls=17 0xc630 -20 
* * 601 109 101 11 4 5 10 2 3 80 32
fe=(27)

fn=(578) __minimal_free
0xc7c0 97 2 0 0 1 0 0 1
+4 +2 2 2
+7 * 2
+3 * 2 0 0 0 0 0 0 0 0 2
+2 * 2 2

fl=(48)
fn=(150)
0x37c0 28 2 0 0 2 0 0 1
+4 +1 2 2

fl=(79)
fn=(300) do_lookup_x
0xac30 344 2859 0 2859 3 0 0 1
+1 * 2859
+3 * 2859
+3 * 2859 0 2859
+2 * 2859 0 2859
+2 * 2859 0 2859
+2 * 2859 0 2859
+2 * 2859 0 2859 0 0 4 0 0 1
+1 * 2859 0 0 2 0 0 1
+7 * 2859 0 2859
+4 * 2859 2859
+4 * 2859 2859
+4 +1 2859 2859 0 0 2
+4 -1 2859 0 2859 0 0 4 0 0 1
+4 * 2859 0 2859
+4 * 2859 0 2859
fi=(81) /usr/src/debug/glibc/glibc/elf/../sysdeps/generic/dl-protected.h
+4 29 2859
fe=(79)
+3 351 2859 2859
fi=(81)
+3 29 2859 2859
+4 * 2859
+3 * 2859 0 2859
+4 * 2859
fe=(79)
+12 393 9697 9697 0 3 5 0 1
+6 * 9697
+2 * 9697 0 0 0 0 0 0 0 0 9697
+2 +8 9697 9697 0 0 17
+4 -4 9697 0 9697
+7 +1 9697 0 9697
+8 +3 9697 9697 0 0 15
+4 * 9697
+2 * 9697 9697
+7 * 9697 0 0 0 0 0 0 0 0 9697 6
+8 +1 9697 9697 0 0 2
+4 * 9697 9697
+4 +3 9697 9697 0 2 0 0 1
+7 -3 9697 0 9697
+4 +4 9697
+3 * 9697 0 0 0 0 0 0 0 0 9697
+6 +3 9697
+3 +4 9697 9697
+6 -4 9697
+3 +1 9697 9697
+6 -2 9697 9697 0 0 1063 0 0 147
+4 +5 9697
+3 * 9697
+2 * 9697
+2 +3 9697
+3 * 9697
+3 * 9697
+3 * 9697
+3 * 9697
+3 * 9697
+3 * 9697 0 0 0 0 0 0 0 0 9697 3221
+6 +99 6872 0 6872
+5 * 6872 6872
+4 * 6872 0 0 0 0 0 0 0 0 6872 23
+6 355 9708 9708 0 1 0 0 1
+4 * 9708 9708 0 0 11
+4 * 9708 9708 0 0 17
+4 +3 9708
+3 * 9708 0 0 0 0 0 0 0 0 9708 4
+2 +4 9708
+4 * 9708 0 0 0 0 0 0 0 0 9708 31
+2 * 33 33
+7 * 33 0 0 0 0 0 0 0 0 33 4
+2 +21 9697 9697 0 0 13
+7 * 9697 0 0 0 0 0 0 0 0 9697 16
+17 +4 9697 9697 0 2 2 0 1
+7 * 9697 0 0 0 0 0 0 0 0 9697 16
fi=(4)
0xae90 151 2836 2836 0 3 0 0 1
+4 * 2836
+2 +1 2836
+3 * 2836
+3 * 2836
fe=(79)
+3 473 2836
+3 * 2836 0 0 0 0 0 0 0 0 2836 2
fi=(81)
+6 29 2836
+3 * 2836 0 0 0 0 0 0 0 0 2836 15
fe=(79)
+12 480 2836 2836
+4 * 2836
+3 * 2836
+2 * 2836 0 0 0 0 0 0 0 0 2836 822
+6 * 1176
+2 * 1176 0 0 0 0 0 0 0 0 1176 49
+6 * 1094
+2 * 1094 0 0 0 0 0 0 0 0 1094
+6 +16 2754 2754
+4 * 2754 0 2754
+3 +1 2754 0 2754
+4 +22 2754
+4 -21 2754
+5 +21 2754 2754
+1 * 2754 2754
+2 * 2754 2754
+2 * 2754 2754
+2 * 2754 2754
+2 * 2754 2754
+1 * 2754 2754
-19 * 82
+4 -21 82
+5 +21 82 82
+1 * 82 82
+2 * 82 82
+2 * 82 82
+2 * 82 82
+2 * 82 82
+1 * 82 82
+4 -99 3019 0 0 3 0 0 1
+3 * 3019
+2 * 3019
+2 -1 3019 3019 0 2 0 0 1
+7 * 3019 3019 0 0 1479 0 0 234
+3 +2 3019
+2 * 3019 0 0 0 0 0 0 0 0 3019 12
+6 +2 3007 3007
+7 +6 3007 0 3007
+4 * 3007
+3 * 3007
+3 * 3007 0 3007
+7 * 3007
+3 -6 3007
+4 +6 3007
+4 * 3007 0 3007
+4 * 3007 0 3007
+4 * 3007 0 3007
+4 * 3007 0 3007 3 0 0 1
+4 * 3007 0 3007
+7 * 3007
+21 +7 4689
+4 * 4689
+3 * 4689 0 0 0 0 0 0 0 0 4689 176
+6 -10 7523 7523 0 0 2413 0 0 560
+4 * 7523
+2 * 7523
+3 * 7523
+2 * 7523 0 0 0 0 0 0 0 0 7523 3159
+2 +2 2848
+3 * 2848 2848 0 2 0 0 1
+4 +1 2848
+4 * 2848 2848 2848 0 0 5 0 0 1
+3 -1 2848
+4 +1 2848
+4 * 2848 2848
+4 +1 2848
+2 -1 2848 0 2848
+1 * 2848 2848
+4 * 2848 0 2848
+2 +1 2848
+4 -1 2848 2848 2848
+3 * 2848
+4 * 2848 2848
+4 * 2848 0 2848
+1 * 2848 2848
+4 * 2848 2848
+3 * 2848 0 2848 0 0 5 0 0 1
cfn=(302) check_match
calls=2848 0xaaa0 70 
* * 270508 80271 20219 91 1482 5 36 629 1 31731 1213 400 313
+5 +4 2848
+4 * 2848
+3 * 2848 0 0 2 0 0 1 0 0 2848 6
+2 * 2834
+3 * 2834 2834
+7 * 2834
+3 * 2834
+3 * 2834 2834
+4 * 2834 2834
+4 * 2834 2834
+4 * 2834 2834
+7 * 2834
0xb078 219 82 82 0 1 0 0 1
+4 * 82
+3 +2 82 0 0 1 0 0 1
+7 -2 82 0 82
+4 * 82 0 82
+4 +2 82
+4 -2 82 0 82
+4 +2 82
+5 +2 82
+3 -2 82 0 82
+7 * 82
+3 * 82 82 82 0 3 0 0 0 0 0 0 82 1
cfi=(24)
cfn=(88)
calls=82 0x13f20 43 
* * 246 82
+6 +2 82 82 0 0 3 0 0 1
+5 +2 82 82
+4 * 82
+3 * 82 0 0 0 0 0 0 0 0 82 1
+6 -1 81 81 0 1 0 0 1
+5 +3 81
+3 * 81
+2 * 81
+3 * 81 0 81
+4 * 81
+3 +1 81 81
+4 -1 81 0 81
+7 * 81 0 81
+7 +1 81
+4 -1 81
+3 +1 81
+2 * 81
+3 -1 81 0 81
+7 * 81
+3 * 81
+3 +1 81 0 0 1 0 0 1
+4 * 81
+3 -1 81
+3 * 81
+4 * 81
+3 * 81
+3 * 81
+3 * 81 0 81
+4 * 81
+3 * 81
+4 * 81
+3 * 81 0 81
+7 * 81
+3 * 81
+4 * 81
-34 * 46
+3 * 46
+3 * 46 0 46
+4 * 46
+3 * 46
+4 * 46
+3 * 46 0 46
+7 * 46
+3 * 46
+4 * 46
+6 +24 176
+3 * 176 0 0 0 0 0 0 0 0 176 84
+6 +3 95
+3 +1 95
+3 * 95
+3 * 95 0 0 0 0 0 0 0 0 95 44
+6 -23 176 176 0 1 99 0 1 42
+4 -1 176 176
+4 * 176 0 0 0 0 0 0 0 0 176 20
+72 484 1660 1660 0 1 2 0 1
+6 * 1660
+2 * 1660 0 0 0 0 0 0 0 0 1660 7
+48 +35 23 0 0 1 0 0 1
+4 -1 23
+2 +1 23 23
+1 * 23 23
+2 * 23 23
+2 * 23 23
+2 * 23 23
+2 * 23 23
+1 * 23 23
+1 * 1 0 1
fi=(28)
+4 44 1
+5 * 1
+5 * 1 1 1 0 0 0 0 0 0 0 0 1
cfi=(27)
cfn=(74)
calls=1 0xc780 +36 
* * 29 4 3 0 2 1 0 0 0 4 2 1
+6 * 1
fe=(79)
+3 299 1 0 0 1 0 0 1
+3 * 1 0 0 0 0 0 0 0 0 1
+6 -72 1
+3 +70 1 1
+4 * 1 1
+4 +5 1 0 1
+5 +2 1 1
+7 -7 1
+6 +6 1 0 1
+9 +1 1 0 1
+5 167 1
+10 * 1 0 0 1 0 0 1
+3 * 1
+3 * 1
+3 * 1
+3 * 1
+4 * 1
+4 * 1
+3 * 1
+4 * 1
+3 * 1
+3 * 1
+3 +1 1
+10 * 1
+3 * 1
+4 * 1
+4 * 1
+3 * 1
+4 308 1 1
+2 * 1 1 0 1 0 0 1
+4 * 1
+3 * 1
+4 * 1
+3 -1 1 1
+4 * 1 0 0 0 0 0 0 0 0 1 1
-20 +1 81 81
+2 * 81 81
+4 * 81
+3 * 81
+4 * 81
+3 -1 81 81
+4 * 81 0 0 0 0 0 0 0 0 81 12
+55 +19 82 82 0 1 0 0 1
+5 * 82
+7 * 82 0 82
+4 +2 82 82
+7 -2 82 0 82
+6 +2 82 82 82 0 0 0 0 0 0 0 0 82 1
cfi=(24)
cfn=(88)
calls=82 0x13f20 43 
* * 246 82
+6 +2 82 82
+4 * 82 82
+4 +1 82 0 82
+4 -1 82 0 82
+3 +1 82
+5 173 38
+3 * 38
+3 * 38
+4 * 38
+3 * 38
-10 * 82 0 0 1 0 0 1
+3 * 82
+4 * 82
+3 * 82
+19 -2 84
+3 +1 84
+3 * 84
+3 * 84 0 0 0 0 0 0 0 0 84 36
+2 -3 166 166 0 0 2 0 0 2
+5 * 166 0 0 0 0 0 0 0 0 166 56
+2 +7 82 0 82
+3 +1 82 0 82
+4 +1 82 0 82
+4 +1 82 0 82 1 0 0 1
+4 315 82 82
+7 * 82
+3 * 82
+2 * 82 0 0 0 0 0 0 0 0 82 15
+89 467 173 173 0 2 0 0 1
+4 * 173 0 0 0 0 0 0 0 0 173 1
+6 * 2 2
+4 +2 2
+3 * 2 0 0 0 0 0 0 0 0 2 2
+17 259 81 0 0 1 0 0 1
+3 * 81 81
+5 * 81
+3 * 81 81
+4 * 81
+7 * 81
+4 * 81 81
+7 * 81 81
+7 * 81 81
+7 * 81 81
+7 * 81 0 0 1 0 0 1
+3 * 81 81
+5 * 81 81
+4 * 81
+4 * 81
+3 * 81 0 0 0 0 0 0 0 0 81 15
+6 +7 2
+4 * 2 0 2
+7 * 2 0 2
+4 * 2 0 2
+4 * 2 0 2
cfi=(53)
cfn=(576)
calls=2 0xc9b0 85 
* * 159 14 0 2 4 0 2 2 0 22 14
fi=(28)
+5 44 2
fe=(79)
+5 266 2
fi=(28)
+3 44 2
+3 * 2 2 2 0 0 0 0 0 0 0 0 2 1
cfi=(27)
cfn=(74)
calls=2 0xc780 +36 
* * 58 8 6 0 2 1 0 0 0 8 4 2
+6 * 2 0 0 1 0 0 1
fe=(79)
+3 269 2
+3 * 2 0 0 0 0 0 0 0 0 2
+6 168 2
+5 * 2 2
+7 276 2 2
+4 * 2 2
+4 * 2 2
+4 168 2 0 2
+4 * 2
+3 * 2
+4 276 2
+3 * 2 0 0 0 0 0 0 0 0 2
+6 * 2 0 2
+4 * 2
+4 +1 2 2 0 1 2 0 1 1
+4 * 2
+3 * 2 0 0 0 0 0 0 0 0 2 1
-7 * 90 90 0 0 23 0 0 1
+4 * 90
+3 * 90 0 0 0 0 0 0 0 0 90 26
+2 +1 70
+5 * 70 70
+3 167 70
+2 278 70 70
+4 * 70 70
+5 * 70
+3 167 70
+3 +1 70
+2 -1 70
+3 +1 70
+2 * 70 70
+4 * 70
+4 +1 70
+3 * 70
+4 * 70
+3 * 70
+4 * 70 0 0 1 0 0 1
+3 * 70
-10 * 5
+3 * 5
+4 * 5
+3 * 5
+30 +2 14
+3 +1 14
+3 * 14
+3 * 14 0 0 0 0 0 0 0 0 14 5
+6 -3 84 84 0 0 56 0 0 56
+5 * 84 0 0 0 0 0 0 0 0 84 19
+2 +7 70 0 70
+2 +3 70 0 70
+4 -2 70 0 70
+4 +99 70
+4 * 70
+3 * 70 0 0 0 0 0 0 0 0 70 22
-7 * 22 0 0 1 0 0 1
+4 * 22
+3 * 22 0 0 0 0 0 0 0 0 22 7
+6 * 2 2
+4 +6 2 2
+5 * 2
+7 * 2 0 2
+4 * 2
+3 * 2 0 2
+4 * 2
+3 * 2 2 2 0 0 0 0 0 0 0 0 2 1
cfi=(27)
cfn=(578)
calls=2 0xc7c0 97 
* * 10 4 0 1 0 0 1 0 0 2
+4 +4 2 2
+7 167 2
+2 285 2
+3 * 2 2
+4 * 2 2
+4 -2 2 0 2
+4 +3 2 0 2
+4 167 2 2
+4 285 2 0 2
+4 -1 2
+3 167 2
+3 +1 2 2
+4 -1 2
+3 +1 2
+2 * 2 2
+4 * 2
+4 * 2
+6 +88 46 0 0 1 0 0 1
+3 * 46
+3 * 46 46
+4 * 46
+3 * 46
+3 * 46 0 0 1 0 0 1
+3 * 46
0xb648 445 173 0 0 2 0 0 1
+3 * 173 173
+4 * 173
+3 * 173 173
+4 * 173 173
+7 * 173 173
+4 * 173 173
+7 * 173
0xb6d8 173 5 0 0 1 0 0 1
+3 * 5

fn=(296)
0xb780 769 2859 0 0 2 0 0 1
+4 * 2859 0 2859
+1 * 2859
+3 * 2859 0 2859 0 0 4
+2 * 2859 0 2859
+2 * 2859 0 2859
+2 * 2859
+3 * 2859 0 2859
+2 * 2859
+3 * 2859 0 2859
+1 * 2859
+3 * 2859
+7 * 2859 0 2859 0 0 4
+7 * 2859 0 2859
+7 * 2859 0 2859
fi=(80) /usr/src/debug/glibc/glibc/elf/../sysdeps/generic/dl-new-hash.h
+7 74 2859 2859 0 0 1810 0 0 1231
+5 +3 2859
+2 * 2859 0 0 2 0 0 1 0 0 2859
+6 -8 2859
+3 +1 2859
+6 * 2859
+4 +10 2859 2859 0 0 49 0 0 45
+4 +1 2859
+2 * 2859 0 0 0 0 0 0 0 0 2859 3
-6 -1 58474 58474 0 0 776 0 0 621
+4 +1 58474
+2 * 58474 0 0 0 0 0 0 0 0 58474 1447
+6 +20 59888
+7 -2 59888
+2 +6 59888
+4 -3 59888
+3 * 59888
+2 +2 59888
+3 -30 59888 59888 0 0 757 0 0 588
+3 +3 59888
+2 * 59888 0 0 0 0 0 0 0 0 59888 1450
fe=(79)
+2 771 2859
+5 +4 2859 0 2859 2 0 2 1
+8 -4 2859 0 2859 0 0 4
+4 +8 2859
+3 * 2859 0 0 0 0 0 0 0 0 2859 30
+6 * 2832 2832
+4 * 2832 0 0 0 0 0 0 0 0 2832
+6 +3 2832 2832
+5 * 2832 0 0 0 0 0 0 0 0 2832
+6 +6 2832 2832
+7 -7 2832
+2 +7 2832 2832 0 0 1
+3 * 2832
+3 * 2832 0 0 0 0 0 0 0 0 2832
+6 * 2859
+4 * 2859 0 0 2 0 0 1
+3 -15 2859
+4 +15 2859
+3 -15 2859 2859
+7 * 2859 0 2859
+7 * 2859
+4 * 2859 0 2859
+7 * 2859
+3 * 2859 0 2859
+7 * 2859
+3 * 2859
+8 +15 23 23
+4 * 23
+4 +1 23 23
+5 -1 23
+2 * 23
+3 * 23 0 0 0 0 0 0 0 0 23 2
+2 +1 2859 2859 0 2 0 0 1
+6 * 2859 2859
+3 * 2859 0 2859
+4 * 2859 2859 2859 0 0 4 0 0 1
+6 * 2859 2859
+7 * 2859 2859
+7 * 2859 0 2859
+1 * 2859
+3 * 2859 2859
+3 * 2859 2859 2859
+3 * 2859 0 2859
+1 * 2859
+3 * 2859 0 2859 0 0 4
+1 * 2859 0 2859
+1 * 2859 0 2859 2 0 0 1
cfn=(300)
calls=2859 0xac30 344 
* * 1060265 334742 133252 148 6719 25 75 1675 5 148273 9169 572 317
+5 * 2859
+4 * 2859
+2 * 2859 0 0 0 0 0 0 0 0 2859 3
+2 * 2859 2859
+4 * 2859 2859
+7 * 2859
+3 * 2859 0 2859
+7 +5 2859
+3 * 2859 0 0 0 0 0 0 0 0 2859 3
+6 +23 2836 2836
+3 -28 2836 2836
+4 +29 2836
+3 * 2836 0 0 0 0 0 0 0 0 2836 5
+6 * 2831 2831
+4 * 2831
+3 * 2831 0 0 2 0 0 1
+2 * 2831
+2 * 2831 0 0 0 0 0 0 0 0 2831
+2 +35 2836 2836
+8 * 2836
+3 * 2836
+2 * 2836 0 0 0 0 0 0 0 0 2836 2
+6 * 2836
+3 * 2836
+3 * 2836
+3 * 2836
+3 * 2836
+3 +14 2836 2836 0 0 26
+7 * 2836
+2 * 2836 0 0 0 0 0 0 0 0 2836 3
+6 +3 2836 2836
+7 * 2836 0 0 1 0 0 1 0 0 2836
+6 -57 2859 2859
+7 * 2859 0 2859
+4 +76 2859
+4 * 2859
+3 * 2859 2859
+1 * 2859 2859
+2 * 2859 2859
+2 * 2859 2859
+2 * 2859 2859
+2 * 2859 2859
+1 * 2859 2859
fi=(80)
0xba30 87 1445 0 0 4 0 0 1
+3 +1 1445
+3 +1 1445
+3 * 1445
+4 +1 1445 0 0 2 0 0 1
fe=(79)
+11 782 27 27
+5 * 27 0 0 0 0 0 0 0 0 27
+2 +6 27 27
+7 * 27 27
+3 * 27
+3 * 27 0 0 0 0 0 0 0 0 27
+6 -7 27
+2 * 27
+12 +37 5
+3 * 5
0xbaf0 -34 23 0 0 1 0 0 1
+3 * 23
+3 * 23
+3 +12 23 23
+4 * 23
+3 * 23 0 0 1 0 0 1 0 0 23
+2 * 23 23
+4 * 23
+3 * 23
+2 * 23 0 0 0 0 0 0 0 0 23 2
0xbb87 +18 23 0 23
+11 * 23
+3 * 23
+11 +54 1 0 1 1 0 0 1
+11 * 1

fn=(302)
0xaaa0 70 2848 0 0 1 0 0 1
+3 * 2848 2848 0 0 293 0 0 175
+5 +3 2848 2848
+5 * 2848
+3 * 2848 2848 0 0 320 0 0 221
+5 * 2848 0 0 0 0 0 0 0 0 2848
+6 * 2848
+3 * 2848 0 0 1 0 0 1
+3 * 2848
+3 * 2848
+3 +13 2848
+5 * 2848
+2 * 2848
+3 * 2848
+3 * 2848 0 0 0 0 0 0 0 0 2848
+6 -16 2848 0 2848
+1 * 2848
+3 * 2848 0 2848
+2 * 2848
+3 * 2848 0 2848
+2 * 2848
+3 * 2848 0 2848
+1 * 2848
+3 * 2848
+4 +19 2848
+3 * 2848 0 0 0 0 0 0 0 0 2848 312
+2 * 330 330
+3 * 330 330
+4 * 330
+3 * 330 0 0 3
+3 * 330 0 330 0 0 4
cfi=(33)
cfn=(100)
calls=330 0x26880 +9 
* * 17920 2925 0 69 377 0 30 179 0 1992 561 189 163
+5 * 330
+2 * 330 0 0 0 0 0 0 0 0 330
+6 +4 2848 2848 0 1 0 0 1
+4 * 2848 2848 0 0 14
+7 +1 2848
+3 * 2848 0 0 0 0 0 0 0 0 2848 6
+2 +4 2844
+3 * 2844 0 0 0 0 0 0 0 0 2844
+6 +4 2844 2844
+3 * 2844 2844 0 0 227 0 0 48
+5 +1 2844
+3 * 2844
+5 * 2844
+4 * 2844 2844
+4 * 2844 2844 0 4 0 0 1
+7 * 2844
+4 * 2844 2844
+5 * 2844 2844 0 0 59
+3 * 2844 0 0 0 0 0 0 0 0 2844 15
+6 +1 2831 2831 0 0 16
+3 * 2831 2831 0 0 3
+4 * 2831 0 2831
+4 * 2831 0 2831
+4 * 2831 0 2831 0 0 1 0 0 1
cfi=(33)
cfn=(100)
calls=2831 0x26880 -6 
* * 79440 19763 0 6 169 0 0 6 0 9460 302 211 150
+5 * 2831 2831
+4 * 2831 2831
+4 +54 2831
+3 -54 2831
+2 * 2831 0 0 0 0 0 0 0 0 2831 6
+2 +55 2848
+4 * 2848 0 0 4 0 0 1
+3 * 2848 2848
+1 * 2848 2848
+2 * 2848 2848
+2 * 2848 2848
+1 * 2848 2848
+7 -1 4
+3 -17 4
+3 * 4 0 0 0 0 0 0 0 0 4
+2 +2 4 4
+3 * 4 4 0 0 3
+4 +1 4
+2 -1 4
+2 * 4
+6 +1 4
+4 * 4
+3 * 4
+3 -1 4
+2 * 4 0 0 0 0 0 0 0 0 4 3
+2 +4 1
+3 * 1 0 0 0 0 0 0 0 0 1
+2 -35 2 2
+4 * 2 2
+4 * 2 2
+2 * 2
+3 * 2 0 2
+2 * 2
+2 * 2 0 0 0 0 0 0 0 0 2
+2 +3 2 2
+4 * 2 0 2
+3 -37 2
+2 * 2
-2 * 12
+2 * 12
+8 +31 13 13 0 2 0 0 1
+5 * 13
+2 * 13 0 0 0 0 0 0 0 0 13
+2 +1 13 13
+3 +1 13 13 0 0 1
+3 * 13 0 0 0 0 0 0 0 0 13 7
+2 * 1
+4 * 1 0 0 0 0 0 0 0 0 1 1

fl=(369)
fn=(1628)
0x5f60 26 1 0 0 1 0 0 1
+4 * 1 0 1
+1 * 1
+3 * 1 0 1
+2 * 1 0 1
+2 * 1 0 1
+2 +17 1
+3 -17 1 0 1
+2 * 1 0 1
+1 * 1
+4 * 1 0 1
+7 +20 1 1 0 1 1 0 1
+7 * 1
+3 * 1
+4 * 1 0 0 0 0 0 0 0 0 1
+2 * 1
+4 * 1
+7 * 1
+3 * 1
+3 +3 1
+7 * 1 1 1 0 1 0 0 0 0 0 0 1 1
cob=(2)
cfi=(370)
cfn=(1630)
calls=1 0x99f60 +28 
* * 41 11 5 6 0 0 6 0 0 9 3
+6 +2 1 1 0 0 1
+3 +3 1
+2 * 1 0 0 0 0 0 0 0 0 1
+2 +2 1 1
+3 * 1 1 0 0 1
+7 * 1 0 0 1 0 0 1
+3 * 1
+3 * 1 0 0 0 0 0 0 0 0 1 1
+15 -10 1
+4 * 1
+4 * 1
+4 * 1 0 0 0 0 0 0 0 0 1
+2 +95 1 1
+4 * 1 0 0 0 0 0 0 0 0 1
+2 * 1 1
+6 * 1 0 1
+7 +2 1
+6 -2 1
+2 * 1 0 0 0 0 0 0 0 0 1
+2 +6 1 1
+7 * 1 0 0 0 0 0 0 0 0 1
+6 +7 1
+4 * 1 1
+1 * 1 1
+2 * 1 1
+2 * 1 1
+2 * 1 1
+2 * 1 1
+1 * 1 1
+7 -91 1 0 0 1 0 0 1
+5 * 1
+3 * 1 0 1
+3 -2 1 0 1
+4 +2 1 0 1
cfi=(49)
cfn=(638)
calls=1 0x19a70 -22 
* * 8 3 0 2 1 0 0 0 0 1 1
+5 +5 1 1
+3 * 1
+3 * 1
+3 * 1 0 0 1 0 0 1
+8 * 1
+4 * 1
+4 * 1
+3 * 1
+7 * 1
+3 * 1
+3 * 1 0 0 0 0 0 0 0 0 1 1
+23 * 1
+5 * 1
+3 * 1
+3 * 1 0 0 1 0 0 1 0 0 1
+2 * 1 0 1
+6 +6 1 1
+3 -6 1
+3 +4 1
+3 +2 1
+2 * 1
+3 * 1 0 0 0 0 0 0 0 0 1 1
+23 +2 7 7 0 0 7
+4 * 7 0 0 0 0 0 0 0 0 7
+2 +2 7
+2 * 7 0 0 0 0 0 0 0 0 7
+6 +2 7
+2 * 7 0 7
+4 +1 7 0 7 1 0 7 1 0 1
+6 +1 7
+3 +4 7 0 7 0 0 6
+7 -12 7 7 0 0 3
+4 * 7
+3 * 7 0 0 0 0 0 0 0 0 7 4
+2 +19 1
+2 * 1
+3 * 1
+3 * 1 0 0 0 0 0 0 0 0 1
+2 * 1
+2 * 1 0 0 0 0 0 0 0 0 1 1
+6 +1 1
+3 * 1
+3 * 1
+2 * 1 0 0 0 0 0 0 0 0 1 1
+17 +6 1 0 0 1 0 0 1
+3 * 1
+3 * 1
+5 * 1 0 1
+3 * 1 0 1
+4 * 1 0 1
cfi=(13)
cfn=(246)
calls=1 0x126f0 298 
* * 511 137 67 17 13 0 1 0 0 107 37
+5 +9 1
+7 * 1 1 1 0 0 0 0 0 0 0 0 1 1
cob=(2)
cfi=(371)
cfn=(1632)
calls=1 0x9bac0 367 
* * 38 8 5 5 0 0 5 0 0 9 5
+6 +5 1 1
+3 * 1
+2 * 1 0 0 0 0 0 0 0 0 1
+2 * 1 1
+4 * 1
+4 * 1
+9 * 7
+4 +14 7 0 7
+8 -14 7
+3 * 7 0 0 0 0 0 0 0 0 7 3
+2 +2 7 7 0 1 0 0 1
+3 +2 7 7
+8 * 7 0 0 0 0 0 0 0 0 7 1
+2 +2 7
+3 * 7 0 7
+4 * 7 0 7
+4 * 7 0 7
cfi=(372) /usr/src/debug/glibc/glibc/elf/dl-call_fini.c
cfn=(1636) _dl_call_fini
calls=7 0x1fb0 -96 
* * 2386 857 392 76 103 5 60 4 1 382 78 75 44
+5 +3 7
+3 * 7 0 7
cfi=(49)
cfn=(1660)
calls=7 0x19c60 -26 
* * 35 14 0 1 0 0 1 0 0 7 1
+5 * 7 7
+4 * 7 7
+4 * 7
+2 +8 1 0 0 1 0 0 1
+3 * 1 0 0 0 0 0 0 0 0 1 1
+10 +4 1
+2 * 1
+3 * 1 0 1
cfi=(49)
cfn=(638)
calls=1 0x19a70 -94 
* * 8 3 0 0 0 0 0 0 0 1 1
+5 * 1 1
+4 * 1

fl=(173)
fn=(592) _dlfo_process_initial
0x5180 505 2 0 2 1 0 0 1
+1 * 2
+3 * 2
+3 * 2 0 2
+2 * 2 0 2
+2 * 2 0 2
+2 * 2 0 2
+2 * 2 0 2
+1 * 2
+4 +1 2 2
+7 +3 2 2
+9 * 2 0 0 0 0 0 0 0 0 2
+6 +5 2 2 0 0 1
+7 * 2
+7 * 2 0 2
+4 * 2
+3 * 2 0 0 1 0 0 1 0 0 2
+6 * 2 0 2
+8 * 2
+3 * 2
+3 * 2
+2 * 2
+11 +1 2 2
+3 * 2
+3 * 2 0 0 0 0 0 0 0 0 2 2
+10 +1 14 14 0 0 1
+4 -1 14
+3 * 14 0 0 0 0 0 0 0 0 14 2
+2 +3 14
+3 * 14 0 0 0 0 0 0 0 0 14 2
+2 * 12 12 0 1 0 0 1
+4 * 12 0 0 0 0 0 0 0 0 12
+2 +3 12 12
+7 * 12
+3 * 12
+2 * 12 0 0 0 0 0 0 0 0 12 6
+64 -7 2 0 0 1 0 0 1
+4 * 2
+4 * 2 2
+7 * 2 0 0 0 0 0 0 0 0 2
+6 +34 2 2
+4 -2 2 0 2
+7 +2 2
+4 * 2 2
+1 * 2 2
+2 * 2 2
+2 * 2 2
+2 * 2 2
+2 * 2 2
+1 * 2 2
+2 -24 12 12 0 1 0 0 1
+7 * 12 0 0 0 0 0 0 0 0 12 6
+14 +5 12 12 0 0 1
+7 * 12
+3 * 12 0 0 0 0 0 0 0 0 12 4
+2 +3 6
+4 -1 6
+3 * 6
+4 * 6 0 6
cfi=(174) /usr/src/debug/glibc/glibc/elf/./dl-find_object.h
cfn=(590) _dl_find_object_from_map
calls=6 0x4fc0 105 
* * 707 118 45 0 70 5 0 0 5 216 25
+5 +2 12
+4 * 12

fn=(588)
0x5760 578 1 0 0 1 0 0 1
+4 * 1 0 1
+1 * 1
+3 * 1 0 1
+2 * 1 0 1
+1 * 1
+4 +3 1 1 0 0 1
+7 +2 1 1
+7 * 1 0 0 1 0 0 1 0 0 1 1
+17 +13 1 0 1
cfn=(592)
calls=1 0x5180 -91 
* * 152 44 9 5 3 0 5 0 0 42 11
+5 * 1
+3 +1 1 1
+7 * 1
+4 * 1
fi=(28)
+4 56 1 1 1 0 1 0 0 0 0 0 0 1 1
cfi=(27)
cfn=(78)
calls=1 0xc630 -20 
* * 18 3 3 0 1 1 0 0 0 3 1
fe=(173)
+6 597 1 0 1
+7 +2 1
+3 * 1 0 0 0 0 0 0 0 0 1
+2 +3 1
+3 * 1 0 0 0 0 0 0 0 0 1
+6 * 1 0 1 1 0 0 1
+4 +5 1 0 1
+11 +1 1 0 1
cfn=(592)
calls=1 0x5180 505 
* * 883 162 60 0 70 5 0 0 5 258 36
+5 +3 1 1
+7 * 1 1
+4 * 1
+3 * 1 0 0 0 0 0 0 0 0 1 1
+6 +10 1
+4 * 1 1
+1 * 1 1
+2 * 1 1
+1 * 1 1
0x5890 -37 1 0 0 1 0 0 1
+7 * 1 0 1
cfi=(174)
cfn=(590)
calls=1 0x4fc0 105 
* * 135 21 7 3 12 1 3 0 0 43 15
+5 * 1
+12 +29 1 0 1
cfn=(594) _dlfo_sort_mappings
calls=1 0x5680 -60 
* * 282 59 33 3 0 0 3 0 0 26 17
+6 +3 1 1
+7 * 1 1
+7 * 1 0 0 1 0 0 1
+5 * 1
+4 * 1 1
+4 * 1 0 1
+7 +2 1

fn=(594)
0x5680 553 1 0 0 1 0 0 1
+4 +1 1
+4 * 1 0 0 0 0 0 0 0 0 1
+6 -1 1 0 1
+1 * 1
+3 +4 1
+3 * 1
+3 -4 1
+3 * 1 0 1
+2 +4 1
+4 -4 1 0 1
+1 * 1
+3 * 1
+11 +8 1
+3 +1 1
+4 -1 1 1
+3 +1 1
+3 * 1 0 0 1 0 0 1 0 0 1
-13 -1 4
+3 +1 4
+4 -1 4 4
+3 +1 4
+3 * 4 0 0 0 0 0 0 0 0 4 1
+6 * 5
+4 * 5
+3 * 5
+3 * 5
+8 * 5
+11 +1 5 5
+3 * 5
+3 +2 5
+4 * 5
+4 -3 5
+4 * 5
+4 * 5
+3 * 5 0 0 0 0 0 0 0 0 5 5
-25 +1 10 10
+3 * 10
+3 +2 10
+4 * 10
+4 -3 10
+4 * 10
+4 * 10
+3 * 10 0 0 0 0 0 0 0 0 10 7
+2 +8 5
+4 * 5 0 0 1 0 0 1
+4 * 5 5
+3 +1 5 5
+5 * 5
+5 * 5 5
+4 -1 5 5
+5 * 5 5
+4 +1 5 0 5
+3 * 5 5
+6 * 5 0 5
+4 * 5 5
+4 * 5 0 5
+4 +1 5 0 5
+4 * 5 0 5
+4 * 5 0 5
+5 -15 5
+3 * 5
+3 * 5 0 0 0 0 0 0 0 0 5 4
+6 +17 1 1
+1 * 1 1
+2 * 1 1
+1 * 1 1

fl=(380)
fn=(1712)
0x195b0 29 2 0 0 1 0 0 1
+4 +1 2 2
+9 +1 2 2 0 1 1 0 1
+7 +2 2 2 0 0 1
+3 +1 2 0 0 0 0 0 0 0 0 2 2
+2 +1 2 2 0 0 1
+3 +3 2
+4 +1 2 2
+4 +4 2
+4 +1 2 0 0 0 0 0 0 0 0 2
+2 +1 2 2
+4 +1 2 2

fl=(174)
fn=(590)
0x4fc0 105 7 7 0 1 3 0 1
+7 +10 7
+4 +1 7
+4 -11 7 0 7 0 0 3 0 0 2
+3 +1 7 7
+7 * 7 0 7
+4 +1 7 0 7 0 0 1 0 0 1
+4 +8 7 0 7 0 0 2 0 0 2
+8 +1 7 0 7
+8 +5 7 7 0 0 5
+7 * 7 7 0 0 1
+7 * 7 0 0 1 0 0 1
+4 * 7
+3 +1 7
+3 * 7 0 0 0 0 0 0 0 0 7
+2 -19 7
+2 * 7
+3 +21 77
+6 * 77 0 0 0 0 0 0 0 0 77 14
+2 +12 3 3
+3 +2 3
+3 -2 3 3 0 0 2
+4 * 3 0 3
+3 +7 3
+3 * 3 0 0 0 0 0 0 0 0 3 2
+2 -21 81
+4 * 81
+3 * 81 0 0 0 0 0 0 0 0 81 4
+2 +2 84 84 0 0 67
+2 * 84
+6 * 84 0 0 0 0 0 0 0 0 84 18
+2 +3 7 7 0 0 1
+3 +5 7 0 0 1 0 0 1
+3 -5 7 7 0 0 3
+4 * 7 0 7
+3 +16 7
+3 * 7 0 0 0 0 0 0 0 0 7 2
+2 +5 7 0 7
+7 +1 7 7

fl=(275)
fn=(1010)
0x142e0 39 24 0 0 1 0 0 1
+4 +5 24 0 24
+1 +3 24
+3 +2 24
+4 +10 24 24 0 0 3
+7 +6 24 0 24 0 0 3
+4 +1 24 0 24
+5 +1 24 0 24 1 0 0 1
+5 +1 24 0 24
+5 +1 24 0 24
+5 +1 24 0 24
+5 +1 24 0 24
+5 +4 24
+5 +1 24
+2 +3 24 0 24
+8 +1 24 0 24
+8 +2 24 0 24
+8 +1 24 0 24
+8 +1 24 0 24 1 0 0 1
+8 +1 24 0 24
+8 +1 24 0 24
+8 +1 24 0 24
+8 +2 24 0 816 0 0 14
+5 +7 24 24
+4 +1 24 24
+4 +1 24 0 24 0 0 3
cfi=(276)
cfn=(1012)
calls=24 0x11e30 -52 
* * 21343 5579 1999 105 337 40 11 24 1 2918 229 25 21
+5 +1 24
+3 +5 24
+5 +1 24
+2 +1 24 864
+5 +2 24 24 0 1 0 0 1
+5 +1 24 24
+5 +1 24 24
+5 +1 24 24
+5 +1 24 24
+5 +1 24 24
+5 +1 24 24
+4 +2 24
+3 +2 24 24
+4 +4 24
+4 +2 24 0 0 0 0 0 0 0 0 0 0 24 24

fl=(372)
fn=(1636)
0x1fb0 24 7 0 0 1
+4 * 7 0 7
+1 * 7
+3 * 7 0 7
+2 * 7
+3 * 7 0 7
+2 * 7 0 7
+1 * 7 0 0 1 0 0 1
+4 +4 7 7
+7 * 7 0 0 0 0 0 0 0 0 7 2
+6 +6 7 7 0 0 7
+7 -2 7 0 7
+8 +3 7
+3 * 7 0 0 0 0 0 0 0 0 7 2
+2 +4 5 5 0 0 2
+7 * 5 5 0 0 5
+4 +3 5
+4 * 5 0 0 0 0 0 0 0 0 5
+2 -4 5 5 0 0 2
+4 * 5 5 0 0 2
+4 * 5 0 0 1 0 0 1
+4 * 5
+4 * 5
+10 +5 5 5 5 0 5 0 0 0 0 0 0 5 5
cob=(6)
cfi=(381) /usr/src/debug/gcc/gcc/libgcc/unwind-dw2-fde.c
cfn=(1756) release_registered_frames
calls=1 0x4230 +15 
* * 42 14 12 3 1 0 2 0 0 6 2
cob=(3)
cfi=(202)
cfn=(1736) release_registered_frames
calls=1 0xf800 -43 
* * 42 14 12 3 1 0 3 0 0 6 3
cob=(7)
cfi=(249)
cfn=(1678)
calls=1 0xae710 -43 
* * 1570 620 262 40 55 4 35 3 0 233 54 59 28
cob=(5)
cfi=(192)
cfn=(1662) 0x0000000000001090
calls=1 0x1090 -43 
* * 117 29 16 4 2 0 0 0 0 26 5 1 1
cob=(8)
cfi=(267)
cfn=(1638)
calls=1 0x2b00 -43 
* * 117 29 16 10 7 1 9 1 1 26 4 1 1
* * 2 2 2 0 0 0 0 0 0 0 0 2 2
cob=(6)
cfi=(201)
cfn=(1760) 0x00000000000053c0
calls=1 0x53c0 -43 
* * 117 29 16 2 2 0 2 0 0 26 2 1 1
cob=(3)
cfi=(202)
cfn=(1740) 0x000000000000f8a0
calls=1 0xf8a0 -43 
* * 117 29 16 3 2 0 0 0 0 26 1 1 1
+2 -1 7
+4 * 7
+3 * 7 0 0 0 0 0 0 0 0 7 2
+2 +5 7 7 0 0 7
+7 +1 7
+3 * 7 0 0 0 0 0 0 0 0 7 1
+2 +1 5 5
+4 * 5 5 0 0 3
+4 +1 5
+4 * 5 5
+1 * 5 5
+2 * 5 5
+2 * 5 5
+1 -1 5 0 0 0 0 0 0 0 0 0 0 5 5
cob=(4)
cfi=(191)
cfn=(1774) 0x0000000004c47868
calls=1 0x4c47868 -49 
* * 4 1 0 1 0 0 1
cob=(4)
cfi=(191)
cfn=(1754) 0x0000000004bac808
calls=1 0x4bac808 -49 
* * 4 1 0 1 0 0 1
cob=(4)
cfi=(191)
cfn=(1734) 0x0000000004a6ab74
calls=1 0x4a6ab74 -49 
* * 4 1 0 2 0 0 2
cob=(4)
cfi=(191)
cfn=(1676) 0x0000000004846274
calls=1 0x4846274 -49 
* * 4 1 0 2 0 0 2
cob=(4)
cfi=(191)
cfn=(1658) 0x000000000400466c
calls=1 0x400466c -49 
* * 4 1 0 1
+7 +1 2 0 0 1 0 0 1
+4 * 2 2
+1 * 2 2
+2 * 2 2
+2 * 2 2
+1 * 2 2

fl=(68)
fn=(234)
0x24f50 60 3 0 0 1 0 0 1
+4 * 3 0 3
+1 * 3
+3 * 3 0 3
+2 * 3
+3 * 3 0 3
+2 * 3
+3 * 3 0 3
+1 * 3
+3 * 3
+4 +1 3 0 3
cfn=(236)
calls=3 0x24ee0 -28 
* * 50 12 4 3 2 1 2 2 1 8 5
+5 * 3
+2 * 3 0 0 0 0 0 0 0 0 3 3
+30 +9 3 0 0 1 0 0 1
+4 * 3 3
+1 * 3 3
+2 * 3 3
+2 * 3 3
+1 * 3 3

fn=(236)
0x24ee0 33 5 0 0 1 0 0 1
+4 +1 5 5
+6 * 5
+2 * 5 0 0 0 0 0 0 0 0 5 3
+2 * 1
+3 * 1 0 0 0 0 0 0 0 0 1 1
+15 -1 1 0 1 1 0 0 1
+1 +4 1
+2 * 1
+5 -4 1
+3 * 1
+4 +4 1
+4 * 1 0 1 0 0 1 0 0 1
cfi=(11)
cfn=(28)
calls=1 0x14cf0 438 
* * 18 4 1 1 2 0 0 2 0 3 2
+5 * 1 1
+3 * 1
+2 * 1 0 0 0 0 0 0 0 0 1
+2 +5 1 0 1
+10 +1 1
+2 +7 1 1
+1 * 1 1
+28 -7 4
+2 * 4 4

fl=(65)
fn=(218)
0x3850 143 1 0 0 1 0 0 1
+4 * 1 0 1
+1 * 1
+3 * 1
+2 * 1
+3 +1 1
+3 -1 1
+3 +1 1
+4 -1 1
+3 +1 1
+8 -1 1 0 1
+2 * 1 0 1
+2 +1 1
+4 -1 1 0 1
+2 +1 1
+4 -1 1 0 1 1 0 0 1
+2 +1 1
+3 -1 1 0 1
+1 +1 1
+7 -1 1
+7 * 1 0 1 0 0 1 0 0 1
+7 +1 1
+3 * 1
+3 * 1
+3 * 1 0 0 0 0 0 0 0 0 1 1
+23 * 1
+5 * 1 0 0 1 0 0 1
+3 * 1
+3 * 1 0 0 0 0 0 0 0 0 1 1
+6 -8 1 1
+8 +8 1
+5 * 1
+4 -8 1
+3 -6 1
+4 -2 1 0 1 0 0 1 0 0 1
+6 +8 1
+3 +8 1 0 1
+7 -15 1 0 1
+4 +1 1 0 1
+4 +6 1 0 1 1 0 0 1
+7 +24 1
+2 * 1 0 0 0 0 0 0 0 0 1
+6 * 1
+3 * 1
+4 -28 1
+5 * 1 0 1
+7 * 1
+2 -2 1
+3 +31 1 1
+3 -33 1 0 1
+6 +32 1
+4 -30 1
+3 * 1
+4 +30 1
+4 -30 1
+4 -1 1 0 0 1 0 0 1
+5 * 1
+5 * 1
+4 * 1 0 1
+4 +7 1 1
+7 * 1
+3 * 1
+3 * 1 0 1
+6 +24 1
+3 * 1 0 0 0 0 0 0 0 0 1
+2 * 1
+4 +28 1 1
+4 * 1
+4 * 1 0 1
+7 -6 1 1 0 1 0 0 1
+7 -18 1 1
+7 +64 1
fi=(71) /usr/src/debug/glibc/glibc/elf/../include/scratch_buffer.h
+3 78 1 0 1 0 0 1 0 0 1
fe=(65)
+11 228 1 0 1
fi=(71)
+7 77 1
fe=(65)
+7 +87 1 0 1
+8 +20 1 0 1
+10 +44 1 0 1
fi=(71)
+7 77 1 0 1 1 0 0 1
fe=(65)
+7 228 1 0 1
+7 * 1
+3 -31 1 1
+7 -4 1 0 1
+7 +4 1
+3 * 1 0 0 0 0 0 0 0 0 1 1
-17 * 6 6 0 0 1
+7 -4 6 0 6
+7 +4 6
+3 * 6 0 0 0 0 0 0 0 0 6 5
+8 +11 7 7
+5 * 7 0 0 0 0 0 0 0 0 7 3
+6 * 2 2 0 0 2 0 0 2
+8 * 2 0 0 0 0 0 0 0 0 2
+6 -18 2
+3 +18 2 2
+8 * 2 0 0 0 0 0 0 0 0 2
+6 417 7 0 0 1 0 0 1
+3 * 7 0 0 0 0 0 0 0 0 7 2
+6 +2 5
+3 +3 5
+5 -3 5
+4 * 5 0 5
+7 * 5 0 5
+8 +3 5
+4 * 5 0 5 1 0 0 1
fi=(28)
+7 56 5 5 5 0 0 0 0 0 0 0 0 5 1
cfi=(27)
cfn=(78)
calls=5 0xc630 -20 
* * 90 15 15 0 0 0 0 0 0 15 3
fe=(65)
+6 423 5 5
+7 * 5
fi=(28)
+3 56 5
fe=(65)
+3 423 5 0 0 0 0 0 0 0 0 5
+6 +7 5
+8 -1 5 0 5 0 0 1 0 0 1
+3 +1 5
+4 * 5 0 5
cfi=(29)
cfn=(82)
calls=5 0x25cc0 210 
* * 63 17 12 0 0 0 0 0 0 12 3
+6 +1 5 5
+7 * 5
+8 * 5
+3 * 5
+4 * 5
+4 * 5 0 5
cfi=(29)
cfn=(82)
calls=5 0x25cc0 210 
* * 63 17 12 0 0 4 0 0 4 12 6
+6 +4 5 0 5
+8 -1 5 0 5
+7 +5 5 5
+3 * 5
+2 * 5 0 0 0 0 0 0 0 0 5 4
-5 * 2 2 0 1 0 0 1
+3 * 2
+2 * 2 0 0 0 0 0 0 0 0 2 2
+2 188 6 6
+4 * 6
+6 442 6 6
+3 * 6
+2 * 6 0 0 0 0 0 0 0 0 6 5
+2 -1 7 7
+4 +1 7
+3 * 7 0 0 0 0 0 0 0 0 7 5
+2 183 1 1
+7 * 1 1
+7 * 1
+3 * 1
+3 * 1 1
+7 * 1
+5 +27 5 5 0 1 0 0 1
+4 * 5 5
+4 * 5 5
+8 * 5 0 0 0 0 0 0 0 0 5 3
+6 +8 5 5
+6 +3 5 5
+4 -6 5 0 5 1 0 1 1 0 1
+7 +1 5 0 5
+7 +2 5 0 5
+6 +3 5 5
+4 -4 5 0 5
+7 +4 5
+3 * 5 0 0 0 0 0 0 0 0 5
+6 +7 5
+7 +4 5
+7 -13 5 0 5
+7 +9 5
+3 +4 5 0 0 1 0 0 1
+7 * 5 0 5 0 0 1 0 0 1
+7 * 5 0 5
+7 * 5 0 5
+7 * 5 0 5
+7 * 5 0 5
+7 * 5 0 5
+7 -4 5 0 5
+7 +4 5
+3 * 5
+5 -10 5 0 0 1 0 0 1
+4 * 5 0 0 0 0 0 0 0 0 5 1
-4 * 142
+4 * 142 0 0 0 0 0 0 0 0 142 10
+6 +6 13 13
+7 * 13 13
+5 * 13
+3 * 13 0 13
cfi=(30)
cfn=(180)
calls=13 0x7360 * 
* * 603 103 52 0 5 1 0 5 1 43 7
+5 * 13
+3 * 13
+3 * 13 0 0 0 0 0 0 0 0 13 8
0x3c82 +4 13 13 0 1 0 0 1
+7 * 13 13
+7 * 13
+7 -2 13 0 13
+7 +2 13 0 13
cfi=(51)
cfn=(162)
calls=13 0x23b0 -24 
* * 26587 5369 2669 75 195 202 74 195 202 4687 724 98 33
+5 +1 13 13
+8 * 13 0 0 0 0 0 0 0 0 13
+6 +9 13 13
+7 +2 13 13
+7 * 13 0 0 1 0 0 1 0 0 13 5
+2 +5 5
+3 * 5
+3 * 5 0 0 0 0 0 0 0 0 5 3
+23 * 5
+4 * 5 0 5
+6 +6 5 5
+7 +2 5 0 5
+7 -8 5
+5 * 5
+4 +3 5 0 5 1 0 0 1
+4 +1 5 0 5
+6 +1 5 0 5
+8 +1 5 0 5
+4 +4 5 5
+7 -3 5 0 5
+7 +3 5
+3 * 5
+3 * 5 0 5
+6 +4 5 5
+7 * 5
+3 * 5 0 0 0 0 0 0 0 0 5 3
-10 * 8 8
+7 * 8
+3 * 8 0 0 0 0 0 0 0 0 8
+2 +1 9
+3 * 9
+4 * 9 0 9
+4 -43 9 9
+5 * 9
+4 * 9
+3 * 9 0 0 0 0 0 0 0 0 9 3
-12 * 138 138
+5 * 138
+4 * 138
+3 * 138 0 0 0 0 0 0 0 0 138 14
+6 * 5
+3 * 5 5
+7 * 5 5
+7 * 5 5
+7 * 5
+8 +7 13 0 0 1 0 0 1
+3 * 13
+21 +38 134 0 0 1 0 0 1
+4 * 134
+6 * 134 0 0 0 0 0 0 0 0 134 7
fi=(71)
0x3f89 85 1 1 0 1 0 0 1
+7 * 1
+3 * 1 0 0 0 0 0 0 0 0 1 1
fe=(65)
+50 448 1 1 0 1 0 0 1
+6 * 1
+2 * 1 0 0 0 0 0 0 0 0 1
+2 * 1
+3 * 1 0 0 0 0 0 0 0 0 1
+2 +1 1 0 1
+7 +3 1 1
+7 * 1 0 1
+7 * 1
+3 * 1 0 0 0 0 0 0 0 0 1 1
+32 +11 1 1 0 1 0 0 1
+6 * 1 0 1
+7 * 1 0 1
+7 * 1
+4 * 1 0 1
+7 * 1
fi=(28)
+4 56 1 1 1 0 0 0 0 0 0 0 0 1 1
cfi=(27)
cfn=(78)
calls=1 0xc630 -20 
* * 18 3 3 0 0 0 0 0 0 3 1
fe=(65)
+6 465 1 1
+7 * 1 1 0 1 0 0 1
+7 * 1
+3 * 1 1
fi=(28)
+7 56 1
fe=(65)
+3 465 1 0 0 0 0 0 0 0 0 1
+6 +5 1 1
+6 * 1 1
+7 +2 1
+6 -2 1
+3 +1 1 0 1
+7 -1 1
+4 +4 1
+2 -4 1 0 1
+7 +4 1 0 0 1 0 0 1
+64 * 6
+2 +4 6 6
+4 * 6
+3 * 6 0 0 0 0 0 0 0 0 6
-7 * 1 1 0 1 0 0 1
+4 * 1
+3 * 1 0 0 0 0 0 0 0 0 1
+6 +6 7
+3 +1 7 0 7 0 0 2 0 0 2
+4 * 7
+3 -1 7
+4 +6 7 0 7
+7 -16 7 7
+4 * 7
+3 * 7 0 0 0 0 0 0 0 0 7 6
+2 +21 1 1
+7 * 1
+3 * 1 0 0 0 0 0 0 0 0 1 1
0x4313 +37 1 0 0 1 0 0 1
+3 * 1 0 0 0 0 0 0 0 0 1 1
+6 +15 1
+3 -11 1 1
+7 +12 1
+8 -15 1
+3 * 1 0 0 0 0 0 0 0 0 1 1
0x43b1 +20 1 1 0 1 0 0 1
+3 -1 1
+7 * 1
+2 * 1
+3 * 1 0 1 1 0 0 1
+7 +1 1 1
+5 * 1 0 1
+7 -1 1 1
+5 * 1
+3 * 1
+2 * 1
+3 * 1 0 1
cfi=(13)
cfn=(246)
calls=1 0x126f0 298 
* * 444 115 67 13 0 0 12 0 0 85 29
+5 +5 1 0 1
+8 +2 1 1
+7 +1 1 0 1
+8 +1 1
+3 * 1 1 0 1 0 0 1
+7 -2 1 0 1
+7 +2 1 0 0 0 0 0 0 0 0 1 1
+28 +7 1 1
+7 * 1
+3 * 1 0 0 0 0 0 0 0 0 1 1
+21 +3 1 0 0 1 0 0 1
+3 * 1 0 0 0 0 0 0 0 0 1
+6 +3 1
+4 * 1 1
+1 * 1 1
+2 * 1 1
+2 * 1 1
+2 * 1 1
+2 * 1 1
+1 * 1 1
+65 198 7 7 0 1 0 0 1
+8 * 7 0 0 0 0 0 0 0 0 7
+6 * 7 7
+7 * 7 0 0 0 0 0 0 0 0 7 1
+6 * 6 6 0 1 0 0 1
+8 * 6
+3 * 6 0 0 0 0 0 0 0 0 6 1
+6 +3 5
fi=(71)
+3 -70 5
+7 * 5
+5 * 5 0 5
cfi=(70)
cfn=(242)
calls=5 0x24cb0 30 
* * 125 30 20 3 0 0 3 0 0 10 4
fe=(65)
+6 +70 5
+2 * 5 0 0 0 0 0 0 0 0 5
+6 +4 5 5
+7 * 5
0x4640 409 1 0 1 1 0 0 1
+7 547 1
+3 * 1 0 1
+7 * 1 0 1
cfi=(29)
cfn=(82)
calls=1 0x25cc0 210 
* * 19 5 4 0 0 0 0 0 0 4 2
+6 * 1 1
+7 * 1 1
+7 * 1
+35 144 1 0 1 1 0 1 1 0 1
+6 * 1

fn=(220)
0x3800 61 13 0 0 1 0 0 1
+4 * 13 0 13
+1 * 13
+3 * 13 0 13
+1 * 13
+3 * 13
+4 +7 13 13
+3 -4 13 13
+3 * 13 13
+4 * 13 13
+4 +1 13 13
+7 -1 13 13
+4 * 13
+2 * 13
+3 * 13
+2 * 13
+5 * 13
+3 * 13 0 13
cfi=(30)
cfn=(168)
calls=13 0xa840 2189 
* * 25417 5044 2331 74 195 198 73 195 198 4635 716 85 32
+5 * 13 0 13
+4 +5 13 13
+4 * 13 13
+1 * 13 13

ob=(6)
fl=(381)
fn=(1756)
0x4230 58 1 0 0 1 0 0 1
+4 * 1 0 1
+1 +3 1
+7 -3 1
+3 +3 1 0 1 1
cfi=(382) /usr/src/debug/gcc/gcc/libgcc/unwind-dw2-btree.h
cfn=(1758) btree_destroy
calls=1 -95 354 
* * 16 6 4 1 1 0 1 0 0 3 1
+5 +1 1
+7 * 1 0 1
cfi=(382)
cfn=(1758)
calls=1 0x41e0 354 
* * 16 6 4 0 0 0 0 0 0 3 1
+5 +1 1 0 1
+7 +1 1 1
+1 * 1 1

fl=(198)
fn=(682)
0x4260 60 1 0 0 1 0 0 1
fi=(200) /usr/src/debug/gcc/gcc/libgcc/../gcc/common/config/i386/cpuinfo.h
+4 1123 1 1 0 0 1
+7 * 1 1 0 0 1
+2 * 1
+2 * 1 0 0 0 0 0 0 0 0 1
fe=(198)
+6 60 1 0 1
fi=(199) /usr/src/debug/gcc/gcc-build/gcc/include/cpuid.h
+1 309 1
fe=(198)
+2 60 1
+3 * 1 0 1
+2 * 1 0 1
+2 * 1 0 1 1 0 0 1
+2 * 1 0 1
+2 * 1 0 1
fi=(199)
+1 309 1
+2 +21 1
+2 * 1 0 0 0 0 0 0 0 0 1
+6 +3 1
+2 * 1
+2 * 1
+3 * 1
fi=(200)
+3 1136 1
+2 * 1 0 0 0 0 0 0 0 0 1
fi=(199)
+6 309 1
+2 * 1
+2 +21 1
+2 * 1 0 0 0 0 0 0 0 0 1
+6 +3 1
+5 * 1
+2 * 1
fi=(200)
+3 1150 1
+2 +1 1
fi=(199)
+3 333 1
fi=(200)
+3 1150 1 0 0 1 0 0 1
+3 +1 1
+4 -1 1
+3 +1 1
+4 -1 1 0 1
+3 +2 1
+2 +1 1
+3 -2 1
+3 +2 1
+3 -1 1
+3 +1 1 0 1
+3 744 1
+2 1152 1
+6 744 1
+5 1152 1 0 1
+3 744 1
+2 * 1 0 0 0 0 0 0 0 0 1 1
+20 +24 1 0 0 1 0 0 1
+7 * 1 0 0 0 0 0 0 0 0 1
+2 92 1 0 1
+4 770 1
+7 * 1 0 0 0 0 0 0 0 0 1
+2 92 1 0 1
+4 772 1
+7 * 1 0 0 0 0 0 0 0 0 1
+2 92 1 0 1
+4 774 1
+7 * 1 0 0 0 0 0 0 0 0 1 1
+2 92 1 0 1
+4 +9 1 0 0 1 0 0 1
+7 776 1
+7 * 1 0 0 0 0 0 0 0 0 1 1
+6 +2 1
+7 * 1 0 0 0 0 0 0 0 0 1 1
+6 +3 1
+7 * 1 0 0 0 0 0 0 0 0 1
+2 92 1 0 1
+4 783 1
+3 * 1
+5 * 1 0 0 0 0 0 0 0 0 1
+2 92 1 0 1
+7 785 1
+4 * 1 0 0 0 0 0 0 0 0 1 1
+2 92 1 0 1 1 0 0 1
+7 787 1
+4 * 1 0 0 0 0 0 0 0 0 1
+2 92 1 0 1
+4 789 1
+7 * 1 0 0 0 0 0 0 0 0 1
+2 92 1 0 1
+4 791 1
+7 * 1 0 0 0 0 0 0 0 0 1 1
+2 92 1 0 1
+7 793 1
+7 * 1 0 0 0 0 0 0 0 0 1
+2 92 1 0 1
+7 795 1
+2 * 1 0 0 1 0 0 1 0 0 1 1
+6 +2 1
+7 * 1 0 0 0 0 0 0 0 0 1 1
+6 +2 1
+7 * 1 0 0 0 0 0 0 0 0 1 1
+6 +2 1
+2 * 1 0 0 0 0 0 0 0 0 1 1
+2 92 1 0 1
+7 803 1
+7 * 1 0 0 0 0 0 0 0 0 1 1
+6 +2 1
+7 * 1 0 0 1 0 0 1 0 0 1 1
+6 +2 1
+3 * 1 0 0 0 0 0 0 0 0 1
+2 +2 1
+7 * 1 0 0 0 0 0 0 0 0 1
+2 92 1 0 1
+7 811 1
+7 * 1 0 0 0 0 0 0 0 0 1
+2 92 1 0 1
+7 813 1
+7 * 1 0 0 0 0 0 0 0 0 1 1
+6 +5 1
+4 * 1 0 0 0 0 0 0 0 0 1
+6 +4 1 0 0 1 0 0 1
+5 * 1
+2 * 1
+2 * 1
+3 * 1
+3 +1 1
+3 * 1 0 0 0 0 0 0 0 0 1
+2 92 1 0 1
+7 825 1
+4 * 1 0 0 0 0 0 0 0 0 1
+6 +2 1
+4 * 1 0 0 0 0 0 0 0 0 1
+6 +2 1
+7 * 1 0 0 0 0 0 0 0 0 1
+6 +2 1
+3 * 1 0 0 1 0 0 1 0 0 1
+2 +2 1
+4 * 1 0 0 0 0 0 0 0 0 1
+2 92 1 0 1
+7 835 1
+7 * 1 0 0 0 0 0 0 0 0 1
+6 +2 1
+7 * 1 0 0 0 0 0 0 0 0 1
+6 +3 1
+7 * 1 0 0 0 0 0 0 0 0 1
+2 92 1 0 1
+7 842 1
+4 * 1 0 0 1 0 0 1 0 0 1
+6 +2 1
+7 * 1 0 0 0 0 0 0 0 0 1 1
+6 +2 1
+7 * 1 0 0 0 0 0 0 0 0 1
+6 +2 1
+7 * 1 0 0 0 0 0 0 0 0 1
+6 +2 1
+7 * 1 0 0 0 0 0 0 0 0 1 1
+6 +2 1
+7 * 1 0 0 1 0 0 1 0 0 1
+6 +3 1
+4 * 1 0 0 0 0 0 0 0 0 1
+6 +2 1
+7 * 1 0 0 0 0 0 0 0 0 1
+6 +2 1
+7 * 1 0 0 0 0 0 0 0 0 1
+6 +2 1
+7 * 1 0 0 0 0 0 0 0 0 1
+6 +2 1
+7 * 1 0 0 1 0 0 1 0 0 1
+6 +2 1
+7 * 1 0 0 0 0 0 0 0 0 1
+6 +2 1
+7 * 1 0 0 0 0 0 0 0 0 1
+6 +2 1
+4 * 1 0 0 0 0 0 0 0 0 1
+6 +2 1
+4 * 1 0 0 0 0 0 0 0 0 1
+6 +4 1
+3 * 1 0 0 0 0 0 0 0 0 1
+6 +2 1
+6 * 1 0 0 1 0 0 1 0 0 1
+6 +2 1
+6 * 1 0 0 0 0 0 0 0 0 1
+6 +2 1
+6 * 1 0 0 0 0 0 0 0 0 1
+6 +2 1
+3 * 1 0 0 0 0 0 0 0 0 1 1
+6 +2 1
+3 * 1 0 0 0 0 0 0 0 0 1 1
+38 +9 1 0 0 1 0 0 1
+3 * 1 0 0 0 0 0 0 0 0 1
0x4689 +30 1 0 0 1 0 0 1
+2 * 1 0 0 0 0 0 0 0 0 1 1
0x4769 +58 1 0 0 1 0 0 1
+4 * 1 0 0 0 0 0 0 0 0 1
+2 +2 1
+5 * 1
+5 * 1
+2 +1 1
+2 * 1 0 0 1 0 0 1 0 0 1
+6 +2 1
+2 * 1 0 0 0 0 0 0 0 0 1
+6 +2 1
+2 * 1 0 0 0 0 0 0 0 0 1
+6 +5 1
+4 * 1 0 0 0 0 0 0 0 0 1 1
+52 +63 1 0 0 1 0 0 1
+5 * 1
+2 * 1
+3 +4 1
+5 * 1 0 0 0 0 0 0 0 0 1
+6 +2 1
+5 * 1
+2 +2 1
+3 * 1 0 0 0 0 0 0 0 0 1 1
+9 +2 1
+3 * 1 0 0 0 0 0 0 0 0 1 1
+6 +2 1
+2 * 1 0 0 1 0 0 1
+3 * 1 0 0 0 0 0 0 0 0 1 1
+6 +2 1
+3 * 1 0 0 0 0 0 0 0 0 1
+6 +2 1
+6 * 1 0 0 0 0 0 0 0 0 1
+6 +2 1
+2 * 1 0 0 0 0 0 0 0 0 1 1
+6 +2 1
+3 * 1 0 0 0 0 0 0 0 0 1
+6 +2 1
+6 * 1 0 0 0 0 0 0 0 0 1
+6 +3 1
+6 * 1 0 0 1 0 0 1 0 0 1 1
+6 +2 1
+6 * 1 0 0 0 0 0 0 0 0 1
+6 +2 1
+2 * 1 0 0 0 0 0 0 0 0 1
+6 +3 1
+3 * 1 0 0 0 0 0 0 0 0 1 1
+2 +2 1
+6 * 1 0 0 0 0 0 0 0 0 1 1
+9 +2 1
+3 * 1 0 0 0 0 0 0 0 0 1
+6 +5 1
+7 * 1 0 0 0 0 0 0 0 0 1
+2 +2 1 0 0 1 0 0 1
+5 * 1
+2 * 1
+3 +1 1
+3 * 1 0 0 0 0 0 0 0 0 1
+6 +2 1
+7 * 1 0 0 0 0 0 0 0 0 1
+6 75 1 1
+2 1159 1
+7 * 1 0 0 0 0 0 0 0 0 1 1
+52 +16 1 0 1 1 0 0 1
+2 75 1 1
+2 1216 1
+5 * 1 0 0 0 0 0 0 0 0 1
+2 66 1 1
+3 1217 1
+3 * 1 0 0 0 0 0 0 0 0 1 1
fe=(198)
+21 64 1 1
+1 * 1 1
+2 * 1 1
+2 * 1 1
+2 * 1 1
+2 * 1 1
+1 * 1 1
fi=(200)
+4 750 1 0 0 1 0 0 1
+2 * 1
+3 +3 1
+2 * 1
+2 * 1
+3 * 1 0 0 0 0 0 0 0 0 1 1
+12 +7 1
+2 * 1
+3 * 1
+2 * 1
+6 * 1
+4 +2 1
+3 -1 1
+3 * 1 0 1 1 0 0 1
+3 * 1
+5 1162 1
+4 * 1 0 0 0 0 0 0 0 0 1
+6 +5 1
+4 * 1 0 0 0 0 0 0 0 0 1 1
+6 +8 1
+5 * 1
+5 101 1 0 1
+6 +2 1
+5 -2 1 0 1
+6 +2 1
+5 -2 1 0 1 1 0 0 1
+6 +2 1
+5 -2 1 0 1
+7 +2 1
+5 -2 1 0 1
+4 +2 1
+5 -2 1 0 1
+6 +2 1
+5 -2 1 0 1
+6 +2 1
+5 742 1
+3 * 1
+84 1222 1 0 0 1 0 0 1
+2 101 1 0 1
+7 1222 1
+2 * 1
+6 * 1 0 0 0 0 0 0 0 0 1
+6 +1 1
+2 * 1
+2 * 1
+6 * 1 0 0 0 0 0 0 0 0 1
+6 101 1 1
+3 * 1
+2 * 1
+3 * 1 0 1
+3 1232 1
+2 * 1
+2 * 1 0 0 1 0 0 1
+6 * 1 0 0 0 0 0 0 0 0 1
+6 +1 1
+2 * 1
+5 * 1 0 0 0 0 0 0 0 0 1
+6 101 1
+2 * 1
+2 * 1
+2 * 1
+3 * 1
+3 * 1
+6 * 1
+3 * 1 0 1
+3 1124 1
+2 * 1
0x4bdc +44 1 1 0 1 0 0 1
+3 * 1 1
+3 348 1
+6 * 1 0 0 0 0 0 0 0 0 1
+6 * 1
+3 * 1 0 0 0 0 0 0 0 0 1
+6 * 1
+3 * 1
+6 * 1 0 0 1 0 0 1 0 0 1 1
+6 * 1
+7 * 1 1 0 0 1 0 0 1
+4 * 1
+3 * 1 0 0 0 0 0 0 0 0 0 0 1 1
0x4db0 +99 1 1 0 1 1 0 1 1
+7 * 1 0 1
+4 +2 1
0x4f16 757 1 0 0 1 0 0 1
+2 * 1
+3 -2 1
+6 +2 1
+2 * 1
+3 * 1
+4 * 1
+41 101 1 0 1 1 0 0 1
+4 +2 1
+16 -2 1 0 1
+6 +2 1
+25 -2 1 0 1 1 0 0 1
+6 +2 1
0x5056 -2 1 0 1 1 0 0 1
+6 +2 1
+51 -2 1 0 1
+6 +2 1
+5 -2 1 0 1 1 0 0 1
+6 +2 1
fe=(198)

fl=(382)
fn=(1758)
0x41e0 354 2 0 2 1 0 0 1
+1 +3 2
+2 -3 2
+3 * 2 0 2
+2 * 2
+3 * 2 0 2
+1 +3 2 2 2 0 1 0 0 0 0 2
+3 +1 2
+3 * 2 0 0 0 0 0 0 0 0 2
+2 +4 2 2
+5 * 2
+3 * 2 0 0 0 0 0 0 0 0 2 2
+27 +6 2 2
+1 * 2 2
+2 * 2 2
+1 * 2 2

fl=(201)
fn=(688)
0x5380 0 1 0 0 1 0 0 1
+7 0 1
+7 0 1
+3 0 1
+3 0 1
+4 0 1
+4 0 1
+3 0 1
+3 0 1 0 0 0 0 0 0 0 0 1 1
+22 0 1 1
+88 0 1 0 0 1 0 0 1
+4 0 1

fn=(1760)
0x53c0 0 1 0 0 1 0 0 1
+4 0 1 1 0 0 1
+7 0 1 0 0 0 0 0 0 0 0 1
+2 0 1 0 1
+1 0 1 1 0 0 1
+8 0 1
+3 0 1 0 0 0 0 0 0 0 0 1
+2 0 1 1
+7 0 1 1 1 0 0 0 0 0 0 0 0 1 1
cob=(2)
cfi=(373)
cfn=(1644)
calls=1 0x40500 45 
* 0 99 22 12 0 0 0 0 0 0 23 1
+6 0 1 0 1
cfn=(1768) 0x0000000000005350
calls=1 0x5350 0 
* 0 5 1 0 1 0 0 1 0 0 1 1
+5 0 1 0 1
+7 0 1 1
+1 0 1 1

fn=(1768)
0x5350 0 1 0 0 1 0 0 1
+7 0 1
+7 0 1
+3 0 1 0 0 0 0 0 0 0 0 1 1
+23 0 1 1

ob=(3)
fl=(170)
fn=(570)
0x704b0 28 1 0 0 1 0 0 1
fi=(150) /usr/src/debug/glibc/glibc/math/../sysdeps/x86_64/fpu/multiarch/ifunc-fma.h
+4 +1 1 1
+7 * 1 0 0 1 0 0 1
+7 * 1 1
+7 * 1 0 0 0 0 0 0 0 0 1
+2 +1 1 1
+7 * 1
+7 * 1
+7 * 1
fe=(170)
+4 -2 1 1

fl=(145)
fn=(476)
0x5ece0 29 1 0 0 1 0 0 1
fi=(146) /usr/src/debug/glibc/glibc/math/../sysdeps/x86_64/fpu/multiarch/ifunc-avx-fma4.h
+4 +3 1 1
+7 * 1 1
+6 * 1
+3 * 1 0 0 0 0 0 0 0 0 1
+2 * 1
+7 +1 1 1 0 1 0 0 1
+7 * 1 0 0 0 0 0 0 0 0 1 1
fe=(145)
+42 -4 1 1

fn=(558)
0x5ed30 36 1
fi=(146)
+4 -4 1 1
+7 * 1 1 0 1 0 0 1
+6 * 1
+3 * 1 0 0 0 0 0 0 0 0 1
+2 * 1
+7 +1 1 1
+7 * 1 0 0 0 0 0 0 0 0 1 1
fe=(145)
+42 +3 1 1

fl=(159)
fn=(522)
0x585f0 29 1 0 0 1 0 0 1
fi=(146)
+4 +3 1 1
+7 * 1 1 0 1 0 0 1
+6 * 1
+3 * 1 0 0 0 0 0 0 0 0 1
+2 * 1
+7 +1 1 1
+7 * 1 0 0 0 0 0 0 0 0 1 1
fe=(159)
+42 -4 1 1

fl=(165)
fn=(546)
0x582f0 29 1 0 0 1 0 0 1
+4 * 1 1
+7 * 1 0 0 1 0 0 1
+7 * 1 1
+7 * 1 0 0 0 0 0 0 0 0 1
fi=(150)
+2 +1 1 1
+7 * 1
+7 * 1
+7 * 1
fe=(165)
+4 -1 1 1

fl=(158)
fn=(518)
0x5a690 28 1 0 0 1 0 0 1
fi=(146)
+4 +4 1 1
+7 * 1 1
+6 * 1
+3 * 1 0 0 0 0 0 0 0 0 1
+2 * 1
+7 +1 1 1
+7 * 1 0 0 0 0 0 0 0 0 1 1
fe=(158)
+42 -5 1 1 0 1 0 0 1

fl=(154)
fn=(514)
0x52790 37 1
fi=(143) /usr/src/debug/glibc/glibc/math/../sysdeps/x86_64/fpu/multiarch/ifunc-fma4.h
+4 -6 1 1
+7 * 1 1
+7 * 1 0 0 0 0 0 0 0 0 1
+2 * 1
+7 +1 1 1
+7 * 1 0 0 0 0 0 0 0 0 1 1
fe=(154)
+27 +5 1 1 0 1 0 0 1

fn=(502)
0x52750 29 1 0 0 1 0 0 1
fi=(143)
+4 +2 1 1
+7 * 1 1
+7 * 1 0 0 0 0 0 0 0 0 1 1
+2 * 1
+7 +1 1 1
+7 * 1 0 0 0 0 0 0 0 0 1 1
fe=(154)
+27 -3 1 1 0 1 0 0 1

fl=(160)
fn=(526)
0x5cf70 28 1 0 0 1 0 0 1
fi=(150)
+4 +1 1 1
+7 * 1 0 0 1 0 0 1
+7 * 1 1
+7 * 1 0 0 0 0 0 0 0 0 1
+2 +1 1 1
+7 * 1
+7 * 1
+7 * 1
fe=(160)
+4 -2 1 1

fl=(147)
fn=(480)
0x534b0 28 1 0 0 1 0 0 1
fi=(146)
+4 +4 1 1
+7 * 1 1 0 1 0 0 1
+6 * 1
+3 * 1 0 0 0 0 0 0 0 0 1
+2 * 1
+7 +1 1 1
+7 * 1 0 0 0 0 0 0 0 0 1 1
fe=(147)
+42 -5 1 1

fl=(151)
fn=(490)
0x594f0 28 1 0 0 1 0 0 1
fi=(150)
+4 +1 1 1
+7 * 1 0 0 1 0 0 1
+7 * 1 1
+7 * 1 0 0 0 0 0 0 0 0 1
+2 +1 1 1
+7 * 1
+7 * 1
+7 * 1
fe=(151)
+4 -2 1 1

fl=(142)
fn=(470)
0x5f780 28 1 0 0 1 0 0 1
fi=(143)
+4 +3 1 1
+7 * 1 1
+7 * 1 0 0 0 0 0 0 0 0 1
+2 * 1
+7 +1 1 1
+7 * 1 0 0 0 0 0 0 0 0 1 1
fe=(142)
+27 -4 1 1

fl=(157)
fn=(510)
0x722d0 28 1 0 0 1 0 0 1
fi=(150)
+4 +1 1 1
+7 * 1
+7 * 1 1
+7 * 1 0 0 0 0 0 0 0 0 1
+2 +1 1 1
+7 * 1
+7 * 1
+7 * 1 0 0 1 0 0 1
fe=(157)
+4 -2 1 1

fl=(144)
fn=(474)
0x70e60 44 1 0 0 1 0 0 1
+4 * 1 1
+7 * 1
+7 * 1 1
+7 * 1 0 0 0 0 0 0 0 0 1 1
+27 * 1 1 0 1 0 0 1

fl=(162)
fn=(534)
0x58db0 29 1 0 0 1 0 0 1
fi=(143)
+4 +2 1 1
+7 * 1 1 0 1 0 0 1
+7 * 1 0 0 0 0 0 0 0 0 1 1
+2 * 1
+7 +1 1 1
+7 * 1 0 0 0 0 0 0 0 0 1 1
fe=(162)
+27 -3 1 1

fl=(164)
fn=(542)
0x72310 28 1
fi=(150)
+4 +1 1 1
+7 * 1
+7 * 1 1
+7 * 1 0 0 0 0 0 0 0 0 1
+2 +1 1 1
+7 * 1
+7 * 1
+7 * 1 0 0 1 0 0 1
fe=(164)
+4 -2 1 1

fl=(202)
fn=(1740)
0xf8a0 0 1 0 0 1
+4 0 1 1 0 0 1
+7 0 1 0 0 0 0 0 0 0 0 1
+2 0 1 0 1
+1 0 1 1 0 0 1
+8 0 1
+3 0 1 0 0 0 0 0 0 0 0 1
+2 0 1 1 0 1
+7 0 1 1 1 0 0 0 0 0 0 0 0 1 1
cob=(2)
cfi=(373)
cfn=(1644)
calls=1 0x40500 45 
* 0 99 22 12 0 0 0 0 0 0 23 1
+6 0 1 0 1
cfn=(1748) 0x000000000000f830
calls=1 0xf830 0 
* 0 5 1 0 1 0 0 0 0 0 1
+5 0 1 0 1
+7 0 1 1
+1 0 1 1

fn=(1748)
0xf830 0 1
+7 0 1
+7 0 1 0 0 1
+3 0 1 0 0 0 0 0 0 0 0 1
+23 0 1 1

fn=(698)
0xf860 0 1 0 0 1 0 0 1
+7 0 1
+7 0 1
+3 0 1
+3 0 1
+4 0 1
+4 0 1
+3 0 1 0 0 1 0 0 1
+3 0 1 0 0 0 0 0 0 0 0 1 1
+22 0 1 1
+88 0 1 0 0 1 0 0 1
+4 0 1

fn=(1736)
0xf800 0 1 0 0 1 0 0 1
+4 0 1 0 1
+1 0 1
+7 0 1
+3 0 1 0 1
cfn=(1738) btree_destroy
calls=1 -95 0 
* 0 16 6 4 2 1 0 2 0 0 3 2
+5 0 1
+7 0 1 0 1
cfn=(1738)
calls=1 0xf7b0 0 
* 0 16 6 4 0 0 0 0 0 0 3 1
+5 0 1 0 1
+7 0 1 1
+1 0 1 1

fn=(1738)
0xf7b0 0 2 0 2 1 0 0 1
+1 0 2
+2 0 2
+3 0 2 0 2
+2 0 2
+3 0 2 0 2
+1 0 2 2 2 0 1 0 0 0 0 2
+3 0 2 0 0 1 0 0 1
+3 0 2 0 0 0 0 0 0 0 0 2 1
+2 0 2 2
+5 0 2
+3 0 2 0 0 0 0 0 0 0 0 2 2
+27 0 2 2
+1 0 2 2
+2 0 2 2
+1 0 2 2

fl=(163)
fn=(538)
0x6f9c0 32 1 0 0 1 0 0 1
fi=(150)
+4 -3 1 1
+7 * 1
+7 * 1 1
+7 * 1 0 0 0 0 0 0 0 0 1
+2 +1 1 1
+7 * 1
+7 * 1
+7 * 1
fe=(163)
+4 +2 1 1

fl=(155)
fn=(506)
0x5d820 32 1 0 0 1 0 0 1
fi=(406) /usr/src/debug/glibc/glibc/math/../sysdeps/x86_64/fpu/multiarch/ifunc-sse4_1.h
+4 -3 1 1
+7 * 1
+7 * 1 1
+7 * 1
+7 * 1 0 0 1 0 0 1
fe=(155)
+4 +3 1 1

fl=(148)
fn=(484)
0x720d0 32 1 0 0 1 0 0 1
fi=(406)
+4 -3 1 1
+7 * 1
+7 * 1 1
+7 * 1
+7 * 1
fe=(148)
+4 +3 1 1

fl=(156)
fn=(508)
0x5c310 49 1 0 0 1 0 0 1
+4 * 1 1
+7 * 1
+7 * 1 1
+7 * 1 0 0 0 0 0 0 0 0 1 1
+27 * 1 1 0 1 0 0 1

fl=(149)
fn=(486)
0x53630 28 1 0 0 1 0 0 1
fi=(150)
+4 +1 1 1
+7 * 1 0 0 1 0 0 1
+7 * 1 1
+7 * 1 0 0 0 0 0 0 0 0 1
+2 +1 1 1
+7 * 1
+7 * 1
+7 * 1
fe=(149)
+4 -2 1 1

fl=(161)
fn=(530)
0x6f440 29 1 0 0 1 0 0 1
+4 * 1 1
+7 * 1
+7 * 1 1
+7 * 1 0 0 0 0 0 0 0 0 1
fi=(150)
+2 +1 1 1
+7 * 1
+7 * 1
+7 * 1
fe=(161)
+4 -1 1 1

fl=(167)
fn=(554)
0x6f5a0 29 1 0 0 1 0 0 1
+4 * 1 1
+7 * 1
+7 * 1 1
+7 * 1 0 0 0 0 0 0 0 0 1
fi=(150)
+2 +1 1 1 0 1 0 0 1
+7 * 1
+7 * 1
+7 * 1
fe=(167)
+4 -1 1 1

fl=(169)
fn=(566)
0x53c10 29 1 0 0 1 0 0 1
fi=(146)
+4 +3 1 1
+7 * 1 1
+6 * 1
+3 * 1 0 0 0 0 0 0 0 0 1
+2 * 1
+7 +1 1 1
+7 * 1 0 0 0 0 0 0 0 0 1 1
fe=(169)
+42 -4 1 1 0 1 0 0 1

fl=(153)
fn=(498)
0x5b7d0 28 1 0 0 1 0 0 1
fi=(150)
+4 +1 1 1
+7 * 1
+7 * 1 1
+7 * 1 0 0 0 0 0 0 0 0 1
+2 +1 1 1
+7 * 1
+7 * 1
+7 * 1 0 0 1 0 0 1
fe=(153)
+4 -2 1 1

fl=(168)
fn=(562)
0x6b250 29 2 0 0 1 0 0 1
+4 * 2 2
+7 * 2
+7 * 2 2
+7 * 2 0 0 0 0 0 0 0 0 2
fi=(150)
+2 +1 2 2
+7 * 2
+7 * 2
+7 * 2 0 0 1 0 0 1
fe=(168)
+4 -1 2 2

fl=(152)
fn=(494)
0x61310 29 1 0 0 1 0 0 1
+4 * 1 1
+7 * 1
+7 * 1 1
+7 * 1 0 0 0 0 0 0 0 0 1
fi=(150)
+2 +1 1 1
+7 * 1
+7 * 1
+7 * 1 0 0 1 0 0 1
fe=(152)
+4 -1 1 1

fl=(166)
fn=(550)
0x602c0 28 1 0 0 1 0 0 1
fi=(146)
+4 +4 1 1
+7 * 1 1
+6 * 1
+3 * 1 0 0 0 0 0 0 0 0 1
+2 * 1
+7 +1 1 1
+7 * 1 0 0 0 0 0 0 0 0 1 1
fe=(166)
+42 -5 1 1 0 1 0 0 1

ob=(4)
fl=(191)
fn=(1658)
0x400466c 0 1 0 0 1
+4 0 1
+4 0 1
+4 0 1 1

fn=(792)
0x4c72240 0 393029 0 0 2 0 0 1
+4 0 393029 393029 0 0 1 0 0 0 0 0 0 393029 1
cob=(2)
cfi=(232)
cfn=(794)
calls=393029 0x170b00 52 
* 0 5502406 786058 0 513 7 0 1 7 0 786058 5

fn=(670)
0x4c72320 0 1 0 0 1 0 0 1
+4 0 1 1 0 0 1 0 0 0 0 0 0 1 1
cob=(2)
cfi=(195)
cfn=(672)
calls=1 0x1729b0 53 
* 0 22 2 0 2 1 0 2 1 0 3 1

fn=(1774)
0x4c47868 0 1 0 0 1 0 0 1
+4 0 1
+4 0 1
+4 0 1 1

fn=(980)
0x4002000 0 1 0 0 1 0 0 1
+4 0 1
+4 0 1 1 0 0 1
+7 0 1
+3 0 1 0 0 0 0 0 0 0 0 1 1
+4 0 1
+4 0 1 1

fn=(694)
0x4b22000 0 1 0 0 1 0 0 1
+4 0 1
+4 0 1 1 0 0 1
+7 0 1
+3 0 1 0 0 0 0 0 0 0 0 1
+4 0 1
+4 0 1 1

fn=(704)
0x4916000 0 1 0 0 1 0 0 1
+4 0 1
+4 0 1 1 0 0 1
+7 0 1
+3 0 1 0 0 0 0 0 0 0 0 1
+4 0 1
+4 0 1 1

fn=(1104)
0x4c72330 0 2 0 0 2
+4 0 2 2 0 0 1 0 0 0 0 0 0 2 2
cob=(2)
cfi=(295)
cfn=(1106)
calls=2 0x16ff20 53 
* 0 42 6 0 4 0 0 2 0 0 6 2

fn=(1734)
0x4a6ab74 0 1 0 0 1 0 0 1
+4 0 1
+4 0 1
+4 0 1 1 0 1 0 0 1

fn=(678)
0x4c25000 0 1 0 0 1 0 0 1
+4 0 1
+4 0 1 1 0 0 1
+7 0 1
+3 0 1 0 0 0 0 0 0 0 0 1 1
+4 0 1
+4 0 1 1

ob=(5)
fl=(192)
fn=(660)
0x1050 0 1 0 0 1 0 0 1
+7 0 1
+7 0 1
+3 0 1
+3 0 1
+4 0 1
+4 0 1
+3 0 1
+3 0 1 0 0 0 0 0 0 0 0 1 1
+22 0 1 1 0 1 0 0 1
+88 0 1 0 0 1 0 0 1
+4 0 1

fn=(1662)
0x1090 0 1 0 0 1
+4 0 1 1 0 0 1
+7 0 1 0 0 0 0 0 0 0 0 1 1
+2 0 1 0 1
+1 0 1 1 0 0 1
+8 0 1
+3 0 1 0 0 0 0 0 0 0 0 1

ob=(4)
fl=(191)
fn=(1530)
0x4c72290 0 261632 0 0 1 0 0 1
+4 0 261632 261632 0 0 1 0 0 0 0 0 0 261632 1
cob=(2)
cfi=(295)
cfn=(1532)
calls=261632 0x170160 53 
* 0 4971008 523264 0 2 0 0 2 0 0 523264

fn=(1676)
0x4846274 0 1 0 0 1 0 0 1
+4 0 1
+4 0 1
+4 0 1 1 0 1 0 0 1

fn=(1754)
0x4bac808 0 1 0 0 1 0 0 1
+4 0 1
+4 0 1
+4 0 1 1

fn=(656)
0x4846000 0 1 0 0 1 0 0 1
+4 0 1
+4 0 1 1
+7 0 1
+3 0 1 0 0 0 0 0 0 0 0 1 1
+4 0 1
+4 0 1 1

fn=(910)
0x4c722e0 0 2 0 0 1 0 0 1
+4 0 2 2 0 0 0 0 0 0 0 0 0 2 1
cob=(2)
cfi=(257)
cfn=(912)
calls=2 0x171be0 206 
* 0 50 10 0 2 2 0 2 0 0 8 2

ob=(5)
fl=(192)
fn=(1662)
0x10ab 0 1 1
+7 0 1 1 1 0 0 0 0 0 0 0 0 1 1
cob=(2)
cfi=(373)
cfn=(1644)
calls=1 0x40500 45 
* 0 99 22 12 0 0 0 0 0 0 23 3
+6 0 1 0 1
cfn=(1670) 0x0000000000001020
calls=1 0x1020 0 
* 0 5 1 0 2 0 0 0 0 0 1 1
+5 0 1 0 1 1
+7 0 1 1
+1 0 1 1

fn=(1670)
0x1020 0 1 0 0 1
+7 0 1
+7 0 1
+3 0 1 0 0 0 0 0 0 0 0 1 1
+23 0 1 1 0 1

totals: 1069142368 293829159 129989989 20346 8602721 118950 2443 8791 116992 144491195 2712795 9708979 531579
