# callgrind format
version: 1
creator: callgrind-3.25.1
pid: 53920
cmd:  ./../pearson ../data/1024.data ../data_o/1024_seq.data
part: 1


desc: I1 cache: 
desc: D1 cache: 
desc: LL cache: 

desc: Timerange: Basic block 0 - 12913878746
desc: Trigger: Program termination

positions: line
events: Ir
summary: 152980740380


ob=(6) /usr/lib/libgcc_s.so.1
fl=(198) /usr/src/debug/gcc/gcc/libgcc/config/i386/cpuinfo.c
fn=(682) __cpu_indicator_init@GCC_4.8.0
60 1
fi=(200) /usr/src/debug/gcc/gcc/libgcc/../gcc/common/config/i386/cpuinfo.h
1123 4
fe=(198)
60 1
fi=(199) /usr/src/debug/gcc/gcc-build/gcc/include/cpuid.h
309 1
fe=(198)
60 6
fi=(199)
309 1
+21 2
+3 4
fi=(200)
1136 2
fi=(199)
309 2
+21 2
+3 3
fi=(200)
1150 1
+1 1
fi=(199)
333 1
fi=(200)
1150 1
+1 1
-1 1
+1 1
-1 1
+2 1
+1 1
-2 1
+2 1
-1 1
+1 1
744 1
1152 1
744 1
1152 1
744 2
+24 2
92 1
770 2
92 1
772 2
92 1
774 2
92 1
+9 1
776 2
+2 2
+3 2
92 1
783 3
92 1
785 2
92 1
787 2
92 1
789 2
92 1
791 2
92 1
793 2
92 1
795 2
+2 2
+2 2
+2 2
92 1
803 2
+2 2
+2 2
+2 2
92 1
811 2
92 1
813 2
+5 2
+4 5
+1 2
92 1
825 2
+2 2
+2 2
+2 2
+2 2
92 1
835 2
+2 2
+3 2
92 1
842 2
+2 2
+2 2
+2 2
+2 2
+2 2
+3 2
+2 2
+2 2
+2 2
+2 2
+2 2
+2 2
+2 2
+2 2
+4 2
+2 2
+2 2
+2 2
+2 2
+2 2
+9 2
+30 2
+58 2
+2 3
+1 2
+2 2
+2 2
+5 2
+63 3
+4 2
+2 2
+2 2
+2 2
+2 3
+2 2
+2 2
+2 2
+2 2
+2 2
+3 2
+2 2
+2 2
+3 2
+2 2
+2 2
+5 2
+2 3
+1 2
+2 2
75 1
1159 2
+16 1
75 1
1216 2
66 1
1217 2
fe=(198)
64 7
fi=(200)
750 2
+3 4
+7 5
+2 1
-1 3
1162 2
+5 2
+8 2
101 1
+2 1
-2 1
+2 1
-2 1
+2 1
-2 1
+2 1
-2 1
+2 1
-2 1
+2 1
-2 1
+2 1
742 2
1222 1
101 1
1222 3
+1 4
101 4
1232 4
+1 3
101 8
1124 2
+44 2
348 11
+99 2
+2 1
757 2
-2 1
+2 4
101 1
+2 1
-2 1
+2 1
-2 1
+2 1
-2 1
+2 1
-2 1
+2 1
-2 1
+2 1
fe=(198)

fl=(201) ???
fn=(2058) 0x00000000000053c0
0 9
cob=(2) /usr/lib/libc.so.6
cfi=(375) /usr/src/debug/glibc/glibc/stdlib/cxa_finalize.c
cfn=(1946) __cxa_finalize
calls=1 45 
0 99
0 1
cfn=(2066) 0x0000000000005350
calls=1 0 
0 5
0 3

fn=(688) 0x0000000000005410
0 12

fn=(2066)
0 5

fl=(383) /usr/src/debug/gcc/gcc/libgcc/unwind-dw2-fde.c
fn=(2054) release_registered_frames
58 2
+3 1
-3 1
+3 1
cfi=(384) /usr/src/debug/gcc/gcc/libgcc/unwind-dw2-btree.h
cfn=(2056) btree_destroy
calls=1 354 
* 16
+1 2
cfi=(384)
cfn=(2056)
calls=1 354 
* 16
+1 1
+1 2

fl=(384)
fn=(2056)
354 2
+3 2
-3 8
+3 2
+1 4
+4 6
+6 8

ob=(4) ???
fl=(191) ???
fn=(2072) 0x0000000004c48868
0 4

fn=(678) 0x0000000004c26000
0 7

fn=(670) 0x0000000004c73320
0 2
cob=(2)
cfi=(195) /usr/src/debug/glibc/glibc/string/../sysdeps/x86_64/multiarch/strrchr-avx2.S
cfn=(672) __strrchr_avx2
calls=1 53 
0 22

fn=(1810) 0x0000000004c73290
0 2095104
cob=(2)
cfi=(298) /usr/src/debug/glibc/glibc/string/../sysdeps/x86_64/multiarch/strchr-avx2.S
cfn=(1812) __strchrnul_avx2
calls=1047552 53 
0 19903488

fn=(2032) 0x0000000004a6bb74
0 4

fn=(694) 0x0000000004b23000
0 7

fn=(1978) 0x0000000004849274
0 4

fn=(2052) 0x0000000004bad808
0 4

fn=(980) 0x0000000004002000
0 7

fn=(656) 0x0000000004849000
0 7

fn=(910) 0x0000000004c732e0
0 4
cob=(2)
cfi=(257) /usr/src/debug/glibc/glibc/string/../sysdeps/x86_64/multiarch/strcmp-avx2.S
cfn=(912) __strncmp_avx2
calls=2 206 
0 50

fn=(1960) 0x00000000040062fc
0 4

fn=(1148) 0x0000000004c73330
0 4
cob=(2)
cfi=(298)
cfn=(1150) __strchr_avx2
calls=2 53 
0 42

fn=(704) 0x0000000004917000
0 7

fn=(792) 0x0000000004c73240
0 3144842
cob=(2)
cfi=(232) /usr/src/debug/glibc/glibc/string/../sysdeps/x86_64/multiarch/strlen-avx2.S
cfn=(794) __strlen_avx2
calls=1572421 52 
0 22013894

ob=(1) /usr/lib/ld-linux-x86-64.so.2
fl=(46) /usr/src/debug/glibc/glibc/elf/../elf/dl-tls.c
fn=(468) _dl_add_to_slotinfo
1169 3
+1 15
-1 12
+9 3
+3 3
+1 3
+4 9
+36 6
+3 6
+1 9
+5 3
-3 3
+4 6

fn=(586) _dl_allocate_tls_init
608 11
+1 2
+4 1
+9 1
-3 1
-6 1
+6 1
cfi=(24) /usr/src/debug/glibc/glibc/elf/../sysdeps/nptl/dl-tls_init_tp.c
cfn=(88) rtld_mutex_dummy
calls=1 43 
* 3
+3 3
+36 1
-43 1
+43 2
-19 12
+9 9
+1 6
+6 9
+3 3
-2 3
+6 3
-6 3
+2 6
+4 3
-4 9
+3 6
+4 6
+1 12
+2 6
+1 6
+9 3
+10 9
+2 12
cfi=(29) /usr/src/debug/glibc/glibc/string/../sysdeps/x86_64/multiarch/memmove-vec-unaligned-erms.S
cfn=(136) mempcpy
calls=3 197 
* 47
* 18
cfi=(44) /usr/src/debug/glibc/glibc/string/../sysdeps/x86_64/multiarch/../multiarch/memset-vec-unaligned-erms.S
cfn=(140) memset
calls=3 137 
* 52
+3 9
+1 3
+4 3
-59 12
+6 8
+59 2
cfi=(24)
cfn=(88)
calls=1 43 
* 3
+3 2
+3 9

fn=(264) _dl_tls_static_surplus_init
131 2
+3 1
-3 3
+3 1
-3 1
+3 1
-3 2
+3 1
cfi=(11) /usr/src/debug/glibc/glibc/elf/dl-tunables.c
cfn=(28) __tunable_get_val
calls=1 438 
* 17
* 1
+1 4
cfi=(11)
cfn=(28)
calls=1 438 
* 17
+1 1
+2 1
-3 1
+1 2
+2 3
+3 1
+2 1
-26 3
+28 3
+1 6

fn=(584) _dl_tls_initial_modid_limit_setup
1130 1
+1 1
+3 4
+6 6
-6 9
+2 12
+1 8
+6 1
+1 1

fn=(270) _dl_allocate_tls_storage
515 6
fi=(74) /usr/src/debug/glibc/glibc/elf/./dl-tls_block_align.h
23 1
fe=(46)
+74 1
521 2
fi=(28) /usr/src/debug/glibc/glibc/elf/../include/rtld-malloc.h
56 1
cfi=(27) /usr/src/debug/glibc/glibc/elf/dl-minimal-malloc.c
cfn=(78) __minimal_malloc
calls=1 -20 
* 18
fe=(46)
523 2
fi=(74)
41 2
+6 4
+5 1
-5 1
+1 1
+4 304
fe=(46)
533 1
+2 2
cfn=(274) allocate_dtv
calls=1 -77 
* 136
+1 2
103 1
541 5

fn=(238) _dl_assign_tls_modid
159 3
+3 6
-3 6
+3 3
+53 3
+2 3
+3 3
+1 6

fn=(266) _dl_determine_tlsoffset
249 7
+35 1
-35 1
+37 3
-34 1
-1 1
-1 2
+63 9
+3 3
-3 15
+5 3
+7 3
-7 12
+3 3
-34 3
-1 6
+1 4
-1 8
+3 21
+4 3
-1 3
+5 3
-5 3
+1 3
-1 3
+3 6
+2 9
fi=(73) /usr/src/debug/glibc/glibc/elf/../sysdeps/unix/sysv/linux/dl-extra_tls.h
32 3
+12 1
-12 1
cfi=(11)
cfn=(28)
calls=1 438 
* 18
+1 3
+4 10
+14 4
cfi=(11)
cfn=(28)
calls=1 438 
* 18
+1 3
fe=(46)
348 6
+14 1
+91 1
-94 1
+2 1
-2 2
+3 6
+2 2
+90 7
fi=(73)
54 1
fe=(46)
342 3
+6 3

fn=(274)
458 1
fi=(28)
44 1
fe=(46)
458 4
+5 1
+5 1
fi=(28)
44 1
cfi=(27)
cfn=(74) __minimal_calloc
calls=1 +36 
* 116
fe=(46)
469 2
-2 1
+11 1
-11 1
+11 2
+6 4

fn=(144) _dl_count_modids
226 1
+2 2
+1 1
+15 2

fl=(68) /usr/src/debug/glibc/glibc/misc/../sysdeps/unix/sysv/linux/setvmaname.c
fn=(236) __is_decorate_maps_enabled
33 5
+1 17
-1 1
+4 2
-4 2
+4 2
cfi=(11)
cfn=(28)
calls=1 438 
* 18
* 3
+5 1
+1 1
+7 2
-7 8

fn=(234) __set_vma_name
60 30
+1 3
cfn=(236)
calls=3 -28 
* 50
* 6
+9 18

fl=(22) /usr/src/debug/glibc/glibc/string/../sysdeps/x86_64/multiarch/../multiarch/strlen-sse2.S
fn=(62) strlen
57 27
+44 27
+1 27
+1 27
+1 27
+1 27
+1 27
+1 27
+2 27
+2 27
+31 27
+1 27
+1 27
+1 27
+1 27
+1 12
+2 12
+4 15
+1 15
+1 15
+1 15
+1 15
+1 15
+1 15
+1 15
+1 15
+1 15
+1 15
+1 15
+5 120

fl=(29)
fn=(82) memcpy
210 30
+1 30
+6 30
+1 30
+2 23
+1 23
+1 23
+2 14
+1 14
+1 14
+2 14
+80 7
+1 7
+2 1
+4 1
+1 1
+1 1
+1 1
+1 1
+4 1
+2 1
+39 6
+1 6
+1 6
+1 6
+1 6
+7 8
+1 8
+1 8
+1 8
+1 8
+1 8
+1 8
+11 9
+1 9
+2 8
+1 8
+1 8
+20 1
+1 1
+4 1
+2 1
+16 1
+3 1
+2 1
+2 1
+4 1
+1 1
+9 1
+1 1
+2 1
+2 1
+1 1
+1 1
+3 1
+2 1
+2 1
+2 1
+6 1
+1 1
+1 1
+1 1
+1 1
+1 1
+1 1
+1 1
+1 1
+1 1
+1 1
+1 1
-11 2
+1 2
+1 2
+1 2
+1 2
+1 2
+1 2
+1 2
+1 2
+1 2
+1 2
+1 2
+2 1
+1 1
+1 1
+1 1
+2 1
+4 1

fn=(136)
197 10
+1 10
+1 10
+1 10
+17 10
+1 10
+2 6
+1 6
+1 6
+2 4
+1 4
+1 4
+2 4
+80 4
+1 4
+2 2
+4 2
+1 2
+1 2
+8 2
+39 2
+1 2
+1 2
+1 2
+1 2
+7 2
+1 2
+1 2
+1 2
+1 2
+1 2
+1 2
+11 2
+1 2
+2 2
+1 2
+1 2

fl=(23) /usr/src/debug/glibc/glibc/elf/../misc/sbrk.c
fn=(64) sbrk
37 5
+3 1
+18 2
+4 2
+16 3

fl=(1) ???
fn=(0) 0x000000000001eb40
0 2
cfi=(2) /usr/src/debug/glibc/glibc/elf/rtld.c
cfn=(2) _dl_start
calls=1 520 
0 2649122
0 8
cfi=(77) /usr/src/debug/glibc/glibc/elf/../sysdeps/x86_64/dl-cet.c
cfn=(648) _dl_cet_setup_features
calls=1 331 
0 4
0 10
cfi=(190) /usr/src/debug/glibc/glibc/elf/dl-init.c
cfn=(652) _dl_init
calls=1 81 
0 42279
0 3
cob=(8) /home/ikea/Projects/DV1674/dv1674_a2/pearson/pearson
cfi=(267) ???
cfn=(976) (below main)
calls=1 0 
0 152978048952

fl=(69) /usr/src/debug/glibc/glibc/io/../sysdeps/unix/sysv/linux/pread64_nocancel.c
fn=(240) __pread64_nocancel
25 4
+1 8
+1 2

fl=(79) /usr/src/debug/glibc/glibc/elf/dl-lookup.c
fn=(300) do_lookup_x
344 34152
+1 2846
-1 8538
fi=(81) /usr/src/debug/glibc/glibc/elf/../sysdeps/generic/dl-protected.h
29 2846
fe=(79)
351 2846
fi=(81)
29 11384
fe=(79)
393 29073
+8 9691
-4 9691
+1 9691
+3 38764
+1 19382
+3 9691
-3 9691
+4 19382
+3 9691
+4 9691
-4 9691
+1 9691
-2 9691
+5 29073
+3 67837
+99 20607
355 29076
+3 19384
+4 19390
+21 19382
+4 19382
fi=(4) /usr/src/debug/glibc/glibc/elf/../sysdeps/generic/ldsodefs.h
151 5646
+1 8469
fe=(79)
473 5646
fi=(81)
29 5646
fe=(79)
480 15808
+16 5482
+1 2741
+22 2741
-21 2741
+21 19269
-21 82
+21 574
-99 8991
-1 5994
+2 5994
+2 2981
+6 14905
-6 2981
+6 20867
+7 13257
-10 36190
+2 5670
+1 5670
-1 2835
+1 5670
+1 2835
-1 8505
+1 2835
-1 19845
cfn=(302) check_match
calls=2835 70 
* 267668
+4 33876
219 164
+2 82
-2 164
+2 82
-2 82
+2 82
+2 82
-2 246
cfi=(24)
cfn=(88)
calls=82 43 
* 246
+2 82
+2 246
-1 81
+3 405
+1 81
-1 162
+1 81
-1 81
+1 162
-1 243
+1 162
-1 1513
+24 352
+3 95
+1 285
-23 176
-1 352
484 4959
+35 23
-1 23
+1 162
fi=(28)
44 3
cfi=(27)
cfn=(74)
calls=1 +36 
* 29
* 1
fe=(79)
299 2
-72 1
+70 2
+5 1
+2 1
-7 1
+6 1
+1 1
167 12
+1 6
308 5
-1 2
+1 405
-1 162
+19 246
+2 82
-2 82
+2 82
cfi=(24)
cfn=(88)
calls=82 43 
* 246
+2 164
+1 82
-1 82
+1 82
173 518
-2 84
+1 252
-3 332
+7 82
+1 82
+1 82
+1 82
315 328
467 328
+2 8
259 1296
+7 10
cfi=(53) /usr/src/debug/glibc/glibc/elf/dl-misc.c
cfn=(576) _dl_higher_prime_number
calls=2 85 
* 159
fi=(28)
44 2
fe=(79)
266 2
fi=(28)
44 4
cfi=(27)
cfn=(74)
calls=2 +36 
* 58
* 2
fe=(79)
269 4
168 4
276 6
168 6
276 8
+1 276
+1 140
167 70
278 210
167 70
+1 70
-1 70
+1 210
+1 440
+2 14
+1 42
-3 168
+7 70
+3 70
-2 70
+99 278
+6 14
cfi=(27)
cfn=(578) __minimal_free
calls=2 97 
* 10
+4 2
167 2
285 6
-2 2
+3 2
167 2
285 2
-1 2
167 2
+1 2
-1 2
+1 8
+88 322
445 1296
173 10

fn=(296) _dl_lookup_symbol_x
769 42690
fi=(80) /usr/src/debug/glibc/glibc/elf/../sysdeps/generic/dl-new-hash.h
74 2846
+3 5692
-8 2846
+1 5692
+10 2846
+1 5692
-1 58207
+1 116414
+20 59623
-2 59623
+6 59623
-3 119246
+2 59623
-30 59623
+3 119246
fe=(79)
771 2846
+4 2846
-4 2846
+8 11330
+3 5638
+6 2819
-7 2819
+7 14149
-15 2846
+15 2846
-15 22768
+15 46
+1 23
-1 69
+1 42690
cfn=(300)
calls=2846 344 
* 1053100
* 19922
+5 5692
+23 2823
-28 2823
+29 19736
+35 25407
+14 8469
+3 5646
-57 5692
+76 25614
fi=(80)
87 1430
+1 1430
+1 2860
+1 1430
fe=(79)
782 54
+6 108
-7 54
+37 10
-34 69
+12 161
+18 69
+54 2

fn=(302)
70 5670
+3 22680
+13 14175
-16 25515
+19 7230
cfi=(33) /usr/src/debug/glibc/glibc/string/../sysdeps/x86_64/multiarch/../multiarch/strcmp-sse2.S
cfn=(100) strcmp
calls=312 +9 
* 16101
* 624
+4 5670
+1 5670
+4 5662
+4 5662
+1 25479
+1 14080
cfi=(33)
cfn=(100)
calls=2816 -6 
* 79307
* 5632
+54 2816
-54 5632
+55 19845
-1 4
-17 8
+2 8
+1 4
-1 8
+1 12
-1 8
+4 2
-35 28
+3 8
-37 32
+31 45
+1 15
+1 36

fl=(32) /usr/src/debug/glibc/glibc/elf/dl-execstack-tunable.c
fn=(96) _dl_handle_execstack_tunable
24 2
+1 2
-1 2
+1 2
cfi=(11)
cfn=(28)
calls=1 438 
* 18
* 5
+14 2

fl=(70) /usr/src/debug/glibc/glibc/malloc/scratch_buffer_set_array_size.c
fn=(242) __libc_scratch_buffer_set_array_size
30 65
+4 5
+1 10
+10 10
+18 5
-17 5
+17 25

fl=(33)
fn=(100)
98 3515
+33 3515
+1 3515
+2 3515
+1 3515
+21 3515
+1 3515
+1 3153
+1 3153
+1 2904
+1 2904
+1 2904
+1 2904
+17 2904
+1 2904
+1 2904
+1 2904
+1 2904
+1 2904
+1 2904
+5 56
+1 168
+9 56
+1 56
+1 56
+1 56
+1 56
+1 56
+1 56
+1 56
-7 611
+1 611
+1 611
+1 611
+1 611
+1 611
+1 611
+1 611
+1 525
+1 227
+1 227
+1 227
+2 227
+1 227
+1 227
+1 227
+1 227
+1 227
-5 298
+1 298
+1 298
+1 298
+1 298
+1 298
+10 142
+1 142
+1 142
+2 142
+6 142
+1 142
+1 142
+1 142
+1 142
+5 142
+2 81
+1 81
+1 162
+8 81
+1 81
+3 81
+1 81
+1 81
+1 81
+1 81
+1 81
-9 3
+1 3
+3 3
+1 3
+1 3
+1 3
+1 3
+1 3
+6 4
+1 4
+1 4
+3 4
+1 4
+1 4
+1 4
+1 4
+1 4
+5 3
+1 3
424 4
+1 4
+1 4
+1 4
+1 4
+2 4
+1 4
+1 4
+1 4
+1 4
+1 4
+1 4
+1 4
+3 4
+1 4
+1 4
+6 4
+1 4
+1 8
+4 4
+1 4
+3 4
+1 4
+1 4
+2 4
+1 4
+1 4
+4 4
+1 4
+1 4
+1 4
+1 4
+1 4
+69 8
+1 8
+1 8
+1 8
+1 8
+2 8
+1 8
+1 8
+1 8
+1 8
+1 8
+1 8
+1 8
+4 8
+1 8
+1 8
+6 8
+1 8
+1 16
+4 8
+1 8
-1 3
+1 3
+3 11
+1 11
+1 11
+2 11
+1 11
+1 11
+4 11
+1 11
+1 11
+1 11
+1 11
+1 11
+7 4
+1 4
+2 4
+1 4
+2 4
+1 4
+1 4
+2 4
+1 4
+1 4
+4 4
+1 4
+1 4
+1 4
+1 4
+1 4
+7 3
+1 3
+1 3
+32 3
+1 3
+1 3
+1 3
+1 3
+2 3
+1 3
+1 3
+1 3
+1 3
+1 3
+1 3
+1 3
+4 3
+1 3
+1 3
+6 3
+1 3
+1 6
+4 3
+1 3
+3 3
+1 3
+1 3
+2 3
+1 3
+1 3
+4 3
+1 3
+1 3
+1 3
+1 3
+1 3
+69 14
+1 14
+1 14
+1 14
+1 14
+2 14
+1 14
+1 14
+1 14
+1 14
+1 14
+1 14
+1 11
+4 11
+1 11
+1 11
+6 11
+1 11
+1 22
+4 11
+1 11
+3 11
+1 11
+1 11
+2 11
+1 11
+1 11
+4 11
+1 11
+1 11
+1 11
+1 11
+1 11
+7 3
+1 3
+2 3
+1 3
+2 3
+1 3
+1 3
+2 3
+1 3
+1 3
+4 3
+1 3
+1 3
+1 3
+1 3
+1 3
+13 1
+1 1
+1 1
+1 1
+7 1
+1 1
+1 1
+16 6
+1 6
+1 6
+1 6
+1 6
+2 6
+1 6
+1 6
+1 6
+1 6
+1 6
+1 6
+1 5
+4 5
+1 5
+1 5
+6 5
+1 5
+1 10
+4 5
+1 5
-1 4
+1 4
+3 9
+1 9
+1 9
+2 9
+1 9
+1 9
+4 9
+1 9
+1 9
+1 9
+1 9
+1 9
+7 5
+1 5
+2 5
+1 5
+2 5
+1 5
+1 5
+2 5
+1 5
+1 5
+4 5
+1 5
+1 5
+1 5
+1 5
+1 5
+7 4
+1 4
+1 4
+32 24
+1 24
+1 24
+1 24
+1 24
+2 24
+1 24
+1 24
+1 24
+1 24
+1 24
+1 24
+1 20
+4 20
+1 20
+1 20
+6 20
+1 20
+1 40
+4 20
+1 20
-1 1
+1 1
+3 21
+1 21
+1 21
+2 21
+1 21
+1 21
+4 21
+1 21
+1 21
+1 21
+1 21
+1 21
+7 2
+1 2
+2 2
+1 2
+2 2
+1 2
+1 2
+2 2
+1 2
+1 2
+4 2
+1 2
+1 2
+1 2
+1 2
+1 2
+7 1
+1 1
+1 1
+32 21
+1 21
+1 21
+1 21
+1 21
+2 21
+1 21
+1 21
+1 21
+1 21
+1 21
+1 21
+1 17
+4 17
+1 17
+1 17
+6 17
+1 17
+1 34
+4 17
+1 17
+3 17
+1 17
+1 17
+2 17
+1 17
+1 17
+4 17
+1 17
+1 17
+1 17
+1 17
+1 17
+69 32
+1 32
+1 32
+1 32
+1 32
+2 32
+1 32
+1 32
+1 32
+1 32
+1 32
+1 32
+1 14
+4 14
+1 14
+1 14
+6 14
+1 14
+1 28
+4 14
+1 14
-1 1
+1 1
+3 15
+1 15
+1 15
+2 15
+1 15
+1 15
+4 15
+1 15
+1 15
+1 15
+1 15
+1 15
+7 3
+1 3
+2 3
+1 3
+2 3
+1 3
+1 3
+2 3
+1 3
+1 3
+4 3
+1 3
+1 3
+1 3
+1 3
+1 3
+7 1
+1 1
+1 1
+32 36
+1 36
+1 36
+1 36
+1 36
+2 36
+1 36
+1 36
+1 36
+1 36
+1 36
+1 36
+1 15
+4 15
+1 15
+1 15
+6 15
+1 15
+1 30
+4 15
+1 15
-1 3
+1 3
+3 18
+1 18
+1 18
+2 18
+1 18
+1 18
+4 18
+1 18
+1 18
+1 18
+1 18
+1 18
+7 4
+1 4
+2 4
+1 4
+2 4
+1 4
+1 4
+2 4
+1 4
+1 4
+4 4
+1 4
+1 4
+1 4
+1 4
+1 4
+7 3
+1 3
+1 3
+32 56
+1 56
+1 56
+1 56
+1 56
+2 56
+1 56
+1 56
+1 56
+1 56
+1 56
+1 56
+1 45
+4 45
+1 45
+1 45
+6 45
+1 45
+1 90
+4 45
+1 45
+3 45
+1 45
+1 45
+2 45
+1 45
+1 45
+4 45
+1 45
+1 45
+1 45
+1 45
+1 45
+7 1
+1 1
+2 1
+1 1
+2 1
+1 1
+1 1
+2 1
+1 1
+1 1
+4 1
+1 1
+1 1
+1 1
+1 1
+1 1
+41 42
+1 42
+1 42
+1 42
+1 42
+2 42
+1 42
+1 42
+1 42
+1 42
+1 42
+1 42
+1 32
+4 32
+1 32
+1 32
+6 32
+1 32
+1 64
+4 32
+1 32
-1 1
+1 1
+3 33
+1 33
+1 33
+2 33
+1 33
+1 33
+4 33
+1 33
+1 33
+1 33
+1 33
+1 33
+7 2
+1 2
+2 2
+1 2
+2 2
+1 2
+1 2
+2 2
+1 2
+1 2
+4 2
+1 2
+1 2
+1 2
+1 2
+1 2
+7 1
+1 1
+1 1
+32 164
+1 164
+1 164
+1 164
+1 164
+2 164
+1 164
+1 164
+1 164
+1 164
+1 164
+1 164
+1 26
+4 26
+1 26
+1 26
+6 26
+1 26
+1 52
+4 26
+1 26
+3 26
+1 26
+1 26
+2 26
+1 26
+1 26
+4 26
+1 26
+1 26
+1 26
+1 26
+1 26
+7 2
+1 2
+2 2
+1 2
+2 2
+1 2
+1 2
+2 2
+1 2
+1 2
+4 2
+1 2
+1 2
+1 2
+1 2
+1 2
+41 78
+1 78
+1 78
+1 78
+1 78
+2 78
+1 78
+1 78
+1 78
+1 78
+1 78
+1 78
+1 48
+4 48
+1 48
+1 48
+6 48
+1 48
+1 96
+4 48
+1 48
-1 2
+1 2
+3 50
+1 50
+1 50
+2 50
+1 50
+1 50
+4 50
+1 50
+1 50
+1 50
+1 50
+1 50
+7 5
+1 5
+2 5
+1 5
+2 5
+1 5
+1 5
+2 5
+1 5
+1 5
+4 5
+1 5
+1 5
+1 5
+1 5
+1 5
+7 2
+1 2
+1 2
+32 37
+1 37
+1 37
+1 37
+1 37
+2 37
+1 37
+1 37
+1 37
+1 37
+1 37
+1 37
+2 13
+4 13
+1 13
+1 13
+6 13
+1 13
+2 26
+4 13
+1 13
-1 2
+1 2
+3 15
+1 15
+1 15
+2 15
+1 15
+1 15
+4 15
+1 15
+1 15
+1 15
+1 15
+1 15
+7 3
+1 3
+2 3
+1 3
+2 3
+1 3
+1 3
+2 3
+1 3
+1 3
+4 3
+1 3
+1 3
+1 3
+1 3
+1 3
+7 2
+1 2
+1 2
+34 342
+2 342
+1 342
+1 342
+1 342
-3 325
+1 325
+1 325
+1 325
+1 454
+5 227
+6 227
+1 227
+8 227
+1 227
-16 3288
+6 3288
+1 3288
+8 3288
+1 3288

fn=(258) strncmp
98 1
+27 1
+1 1
+1 1
+1 1
+1 1
+2 1
+1 1
+2 1
+1 1
+21 1
+1 1
+1 1
+1 1
+1 1
+1 1
+1 1
+1 1
+17 1
+1 1
+1 1
+1 1
+1 1
+1 1
+1 1
2104 1
+3 1
+1 1
+2 1
+1 1
+8 1
+1 1

fl=(55) /usr/src/debug/glibc/glibc/io/../sysdeps/unix/sysv/linux/open64_nocancel.c
fn=(186) __open_nocancel
28 12
+3 6
-3 18
+3 36
+8 42
+2 12

fl=(13) /usr/src/debug/glibc/glibc/elf/dl-sort-maps.c
fn=(26) _dl_sort_maps_init
289 2
+1 2
-1 2
+1 2
cfi=(11)
cfn=(28)
calls=1 438 
* 18
+2 3
-1 1
+2 2

fn=(248) dfs_traversal.part.0
135 70
+10 14
-2 14
+2 28
+2 44
-7 70
+7 140
+9 28
+15 42
+1 14
+1 28
-17 21

fn=(246) _dl_sort_maps
298 24
+8 2
-8 2
+8 4
-95 2
-28 2
-2 2
+1 2
+29 2
-28 8
+1 2
-1 2
+1 2
-1 4
+1 12
-1 12
+1 12
-1 24
+28 28
+5 2
+3 6
-3 2
+3 14
-1 2
+3 42
+2 14
-83 70
cfn=(248)
calls=14 -5 
* 513
* 14
+86 42
+18 14
+32 8
+7 2
+27 16
-47 6
cfi=(29)
cfn=(82)
calls=2 -53 
* 38
* 2

fl=(173) /usr/src/debug/glibc/glibc/elf/dl-find_object.c
fn=(592) _dlfo_process_initial
505 18
+1 2
+3 4
+5 20
+1 6
+1 14
-1 28
+3 52
+3 48
-7 8
+34 2
-2 2
+2 16
-24 24
+5 36
+3 6
-1 18
cfi=(174) /usr/src/debug/glibc/glibc/elf/./dl-find_object.h
cfn=(590) _dl_find_object_from_map
calls=6 105 
* 707
+2 24

fn=(588) _dl_find_object_init
578 6
+3 1
+2 2
+13 1
cfn=(592)
calls=1 -91 
* 152
* 1
+1 3
fi=(28)
56 1
cfi=(27)
cfn=(78)
calls=1 -20 
* 18
fe=(173)
597 1
+2 2
+3 3
+5 1
+1 1
cfn=(592)
calls=1 505 
* 883
+3 4
+10 5
-37 2
cfi=(174)
cfn=(590)
calls=1 105 
* 135
* 1
+29 1
cfn=(594) _dlfo_sort_mappings
calls=1 -60 
* 282
+3 6
+2 1

fn=(594)
553 1
+1 2
-1 2
+4 2
-4 2
+4 1
-4 3
+8 1
+1 1
-1 1
+1 2
-1 4
+1 4
-1 4
+1 33
+1 10
+2 10
-3 20
+1 20
+2 20
-3 40
+8 15
+1 15
-1 10
+1 25
+1 15
-15 15
+17 4

fl=(64) /usr/src/debug/glibc/glibc/io/../sysdeps/unix/sysv/linux/access.c
fn=(216) access
25 1
+2 7
+4 1

fl=(174)
fn=(590)
105 7
+10 7
+1 7
-11 7
+1 14
+1 7
+8 7
+1 7
+5 28
+1 14
-19 14
+21 154
+12 3
+2 3
-2 6
+7 6
-21 243
+2 252
+3 7
+5 7
-5 14
+16 14
+5 7
+1 7

fl=(72) /usr/src/debug/glibc/glibc/elf/dl-version.c
fn=(254) _dl_check_all_versions
399 7
+4 5
-2 2
+4 42
cfn=(256) _dl_check_map_versions
calls=7 155 
* 29726
-2 7
+1 7
-1 14
+5 7

fn=(256)
155 63
+15 21
+2 21
+2 21
+1 7
+2 14
+3 10
+4 10
-20 5
-8 5
+69 35
36 10
200 10
36 31
200 16
36 63
+1 60
-1 120
+2 219
cfi=(53)
cfn=(172) _dl_name_match_p
calls=73 +30 
* 6819
* 172
208 26
+5 13
99 52
213 26
+4 26
+1 26
-1 13
+4 26
-3 52
-1 96
+1 96
-1 48
+4 96
-3 262
56 244
+8 122
+6 183
+16 61
+1 122
+2 61
+5 549
+14 2260
+12 3207
+4 1069
-30 2138
231 244
+3 183
+5 48
-24 48
110 61
+3 244
cfi=(33)
cfn=(100)
calls=61 -15 
* 2852
* 244
224 183
+1 9
cfi=(33)
cfn=(100)
calls=3 98 
* 181
* 6
+3 45
+15 39
+5 8
-50 8
+59 25
+3 10
+3 35
+3 25
+4 5
-7 20
+3 15
+4 130
-7 520
+3 395
+8 15
+6 12
fi=(28)
44 6
fe=(72)
280 12
fi=(28)
44 6
cfi=(27)
cfn=(74)
calls=6 +36 
* 259
fe=(72)
281 12
-2 6
fi=(28)
44 6
fe=(72)
281 6
+13 6
-3 6
+3 24
+2 12
+3 20
+4 39
+18 48
-15 48
+2 48
-2 48
+2 48
-2 48
+2 96
-2 13
+2 13
-2 13
+2 13
-2 13
+2 26
+2 61
+1 61
-1 122
+1 61
+1 61
-2 61
+2 122
+1 183
+3 183
+8 39
+5 8
-28 8
+71 12
+1 10
+1 10
+1 8
+19 63
164 2
-8 2
257 5
+77 10
+3 10
+20 135
-14 280
-2 135
+6 135
+1 135
+1 135
-1 270
+1 135
-1 135
+1 135
+1 135
+3 444
+11 624
+1 416
+1 36
-32 2
-40 2
-20 3
377 4
+2 120
+1 58
+2 1
+1 2
-1 1
+1 1
cfi=(33)
cfn=(258)
calls=1 98 
* 32
* 2

fl=(41) /usr/src/debug/glibc/glibc/elf/dl-hwcaps_split.c
fn=(122) _dl_hwcaps_split_masked
51 66
+3 22
cfn=(124) _dl_hwcaps_split
calls=11 -29 
* 467
* 6
cfn=(124)
calls=3 -29 
* 192
* 28
+2 9
+1 27
+1 42
cfn=(128) _dl_hwcaps_contains
calls=6 +8 
* 30
* 12
+4 33

fn=(128)
66 6
+1 12
+1 6
+9 6

fn=(124)
25 30
+1 45
+4 24
+4 60
+1 12
-1 24
+2 24
-11 9
+16 9
-16 36
+16 18
cfi=(42) /usr/src/debug/glibc/glibc/string/../sysdeps/x86_64/multiarch/../multiarch/strchr-sse2.S
cfn=(126) index
calls=9 -9 
* 216
+4 27
-3 18
+1 6
+3 6
+1 18
-20 6
+20 6
-4 3
cfi=(22)
cfn=(62)
calls=3 +14 
* 51
* 3
+3 3
-3 3
+4 9

fl=(50) /usr/src/debug/glibc/glibc/string/../string/strcspn.c
fn=(156) strcspn
32 5
+1 3
+1 2
+5 6
+1 4
+1 4
+1 4
+2 1
+3 3
+1 2
-1 6
+1 4
+3 4
+1 4
+1 4
+1 4
+2 3
+6 1
-1 1
+1 1
+2 2
-1 2
+2 1
+2 6
-5 11
-1 11
+1 11
+2 22
-1 22
+2 11
+2 66
+2 1
+1 2
+1 1
-1 2
+1 1

fl=(175) /usr/src/debug/glibc/glibc/elf/../sysdeps/nptl/dl-mutex.c
fn=(598) __rtld_mutex_init
30 2
+10 4
-10 3
+7 1
+3 2
cfi=(176) /usr/src/debug/glibc/glibc/elf/dl-lookup-direct.c
cfn=(600) _dl_lookup_direct
calls=1 +34 
* 246
+4 2
+1 9
+2 5
-2 1
+2 1
cfi=(176)
cfn=(600)
calls=1 +27 
* 224
* 1
+4 2
+1 6
+1 2
-1 1
+1 2

fl=(27)
fn=(578)
97 2
+2 8

fn=(74)
80 17
+4 17
-4 68
+7 17
+1 51
fi=(28)
-32 17
cfi=(27)
cfn=(78)
calls=17 -20 
* 601
fe=(27)

fn=(78)
36 39
+1 117
+11 114
+3 38
-3 38
+3 76
-3 2
+3 1
-3 1
+3 146
+5 12
+1 6
-21 3
+24 9
-24 9
+24 3
-24 3
+23 3
+1 6
-24 3
+24 3
cfi=(60) /usr/src/debug/glibc/glibc/misc/../sysdeps/unix/sysv/linux/mmap64.c
cfn=(198) mmap
calls=3 -13 
* 78
+2 6
+2 15
cfi=(68)
cfn=(234)
calls=3 -4 
* 107
+1 12
+2 3
+4 3
-1 3
-3 3
+4 3
+2 15
-3 36
+1 36
+2 36
-30 1
-1 1
+1 1
+1 2
-2 2
+28 2

fl=(277) /usr/src/debug/glibc/glibc/elf/../sysdeps/x86_64/dl-trampoline.h
fn=(1018) _dl_runtime_resolve_xsave
39 23
+5 23
+3 23
+2 23
+10 23
+6 23
+1 23
+1 23
+1 23
+1 23
+1 23
+1 23
+4 23
+1 23
+3 23
+1 23
+2 23
+1 23
+1 23
+1 23
+1 23
+1 23
+2 23
+7 23
+1 23
+1 23
cfi=(278) /usr/src/debug/glibc/glibc/elf/dl-runtime.c
cfn=(1020) _dl_fixup
calls=23 -52 
* 20871
+1 23
+5 23
+1 23
+1 23
+2 23
+1 23
+1 23
+1 23
+1 23
+1 23
+1 23
+2 23
+2 23
+4 23
+2 23

fl=(30) /usr/src/debug/glibc/glibc/elf/dl-load.c
fn=(190) _dl_map_object_from_fd
948 55
+15 5
-15 10
+15 5
-15 5
+15 10
+85 20
+10 10
+7 35
cfi=(26) /usr/src/debug/glibc/glibc/elf/dl-object.c
cfn=(72) _dl_new_object
calls=5 59 
* 1762
* 5
+1 10
+11 5
+1 5
-1 5
+2 5
+3 5
-3 5
+2 5
+1 15
+1 8
+19 8
-2 4
+2 30
-2 1
+2 52
+10 5
-10 10
+10 15
+27 5
-33 5
-3 5
+2 5
-1 5
+8 5
+36 5
+27 5
-36 5
-41 5
+50 5
+27 15
-62 212
+26 120
+8 20
+2 20
-1 20
-1 20
+1 20
+1 20
+2 20
-3 40
+1 20
+2 20
+2 20
-4 40
+4 40
-3 20
+3 80
+2 40
+13 100
+6 15
+1 120
-28 30
-35 45
+62 5
+1 40
-28 10
-35 132
+1 331
1225 5
1112 5
1225 10
1112 15
1230 20
1078 5
1240 5
1078 15
1241 5
-1 5
+1 5
-1 15
+1 15
-1 15
+1 15
-1 45
+7 10
+10 20
+7 15
fi=(59) /usr/src/debug/glibc/glibc/elf/./dl-map-segments.h
29 5
fe=(30)
1264 20
fi=(59)
29 10
+1 40
cfi=(60)
cfn=(198)
calls=5 +17 
* 140
+72 5
-72 5
+73 10
+3 10
+1 5
-1 5
+1 5
+2 10
+17 5
-44 5
fi=(61) /usr/src/debug/glibc/glibc/elf/./dl-load.h
+9 40
fi=(59)
+59 80
+6 5
+2 5
-2 5
+3 5
-2 5
+2 5
-1 10
+3 15
+5 10
+3 15
+8 40
cfi=(44)
cfn=(140)
calls=5 -40 
* 826
* 15
+6 10
+41 20
-88 80
+2 60
+2 30
+1 15
-1 60
cfi=(60)
cfn=(198)
calls=15 -93 
* 315
* 30
fi=(57) /usr/src/debug/glibc/glibc/elf/../sysdeps/posix/dl-fileid.h
37 15
cfi=(58) /usr/src/debug/glibc/glibc/io/../sysdeps/unix/sysv/linux/fstat64.c
cfn=(194) fstat
calls=5 -7 
* 30
* 10
+3 5
fe=(30)
999 5
fi=(57)
40 5
+1 10
fe=(30)
999 90
+1 40
fi=(57)
49 60
fe=(30)
1469 45
1133 2
+1 1
-15 10
+9 5
-2 10
+1 5
+1 5
-1 10
+1 40
+93 10
+1 5
-34 9
+5 3
-1 6
+5 3
-5 6
-66 3
+71 12
+1 3
+3 3
-3 3
+8 12
1086 12
+1 2
-1 1
+1 1
-1 1
+1 1
cfi=(69)
cfn=(240)
calls=1 25 
* 7
* 2
-69 10
1280 20
+1 15
fi=(62) /usr/src/debug/glibc/glibc/elf/get-dynamic-info.h
39 10
+6 5
-2 5
+2 10
+8 6
+15 6
-23 24
+23 132
-23 528
+4 276
+3 36
-1 72
+3 120
+1 100
fi=(61)
+37 16
+2 4
-1 8
+1 4
-1 8
+1 4
-1 8
+3 16
fi=(62)
-40 25
+3 20
+13 20
+12 15
+1 17
+1 20
+1 20
+1 20
+1 17
+1 19
+1 20
+12 5
+7 5
-7 35
+7 10
+5 4
+7 4
+1 15
+6 15
+1 15
+17 15
+5 10
+2 10
+2 10
+2 10
+1 5
+3 15
+2 15
+1 10
+9 10
+6 10
+1 10
+3 10
fe=(30)
1287 10
+1 10
+2 10
+10 15
+19 10
+2 25
+20 15
+1 6
+6 35
+1 104
+6 20
cfn=(90) _dl_process_pt_gnu_property
calls=5 842 
* 420
-7 128
+1 64
+6 64
-6 128
fi=(31) /usr/src/debug/glibc/glibc/elf/../sysdeps/x86/dl-prop.h
149 24
fe=(30)
984 10
1086 2
1360 10
cfi=(63) /usr/src/debug/glibc/glibc/io/../sysdeps/unix/sysv/linux/close_nocancel.c
cfn=(206) __GI___close_nocancel
calls=5 25 
* 30
* 10
+13 10
+2 20
+2 10
+16 10
cfi=(8) /usr/src/debug/glibc/glibc/elf/dl-setup_hash.c
cfn=(14) _dl_setup_hash
calls=5 25 
* 135
+4 10
+1 10
+17 10
+1 1
+3 4
+5 2
-5 16
+5 8
+5 10
+10 20
+8 10
+1 12
+5 6
cfi=(46)
cfn=(238)
calls=3 159 
* 33
+7 15
cfi=(26)
cfn=(86) _dl_add_to_namespace_list
calls=5 31 
* 255
+3 10
+3 20
cfn=(210) _dl_notify_new_object
calls=5 908 
* 210
* 5
fi=(59)
189 8
-3 2
+3 8
-3 4
+3 2
-3 8
+3 2
cfi=(60)
cfn=(198)
calls=2 47 
* 42
+3 4
+2 2
cfi=(68)
cfn=(236)
calls=2 33 
* 12
* 4
fi=(4)
-98 23
+3 8
+1 4
-1 8
+1 4
fe=(30)
1440 20
cfi=(33)
cfn=(100)
calls=4 98 
* 100
* 8
+1 3
fi=(62)
62 20
+2 20
fe=(30)

fn=(112) _dl_init_paths
680 7
+14 1
-14 3
+14 1
-14 1
+14 1
cfi=(38) /usr/src/debug/glibc/glibc/elf/dl-hwcaps.c
cfn=(114) _dl_important_hwcaps
calls=1 171 
* 1379
fi=(28)
56 1
fe=(30)
694 1
fi=(28)
56 1
cfi=(27)
cfn=(78)
calls=1 -20 
* 18
fe=(30)
699 1
+2 2
+12 2
-4 1
+4 5
fi=(28)
56 1
cfi=(27)
cfn=(78)
calls=1 -20 
* 18
fe=(30)
713 1
+2 4
+17 1
+9 1
-19 1
-1 1
+11 1
+3 1
-5 1
+5 1
+1 1
-4 1
+9 2
+1 4
cfi=(44)
cfn=(140)
calls=1 137 
* 14
+2 1
+12 1
+3 1
-8 1
-1 1
+9 2
+2 4
+2 3
+36 2
+31 1
+1 7
-49 1
-2 1
+2 2
+14 2

fn=(178) expand_dynamic_string_token
375 4
+10 1
-10 3
+10 1
cfn=(180) _dl_dst_count
calls=1 228 
* 63
+3 2
+12 1
-11 1
+11 3
-11 1
cfi=(54) /usr/src/debug/glibc/glibc/string/strdup.c
cfn=(182) strdup
calls=1 40 
* 91

fn=(168) _dl_map_object
2189 98
+1 14
-1 98
+1 28
cfn=(170) _dl_lookup_map
calls=14 1893 
* 8995
+1 42
+3 77
-1 25
+1 30
-1 5
cfn=(176) _dl_map_new_object
calls=5 1928 
* 18617

fn=(184) open_verify.constprop.0
1522 50
+32 5
-32 10
+32 10
+19 20
cfi=(55)
cfn=(186)
calls=5 28 
* 105
* 5
+2 10
+8 5
+1 10
+6 5
-1 10
+1 5
-1 5
cfi=(56) /usr/src/debug/glibc/glibc/io/../sysdeps/unix/sysv/linux/read_nocancel.c
cfn=(188) __read_nocancel
calls=5 25 
* 30
* 5
+4 5
-2 10
+2 10
+2 10
+6 10
+15 65
+62 10
+5 10
+6 20
+6 10
+6 5
+1 5
-1 5
+1 15
+26 45
-22 12
+1 2
-1 1
+1 1
cfi=(69)
cfn=(240)
calls=1 25 
* 7
* 2
-91 9
+90 2

fn=(170)
1893 84
+1 28
+1 28
+3 237
+5 420
+2 180
cfi=(53)
cfn=(172)
calls=60 68 
* 6392
* 120
+2 102
fi=(4)
96 153
+4 28
-1 140
+1 28
fe=(30)
1907 56
+1 84
cfi=(33)
cfn=(100)
calls=28 98 
* 770
* 56
+13 59
-1 5
+1 25

fn=(180)
228 28
+3 14
-3 28
+7 14
-7 14
+3 14
cfi=(42)
cfn=(126)
calls=14 32 
* 456
+3 28
+20 70

fn=(176)
1928 75
+10 10
+12 5
-5 5
-15 5
+20 10
+14 15
cfi=(42)
cfn=(126)
calls=5 32 
* 120
* 10
2116 2
-1 3
cfn=(178)
calls=1 375 
* 171
+6 1
-7 1
+1 1
+2 2
+4 8
cfn=(184)
calls=1 1522 
* 105
+3 2
-3 1
+3 1
+58 1
-46 3
+46 11
cfn=(190)
calls=1 948 
* 1811
-46 12
+46 44
cfn=(190)
calls=4 948 
* 8950
* 5
+2 40
1968 8
cfi=(22)
cfn=(62)
calls=4 57 
* 68
* 8
+2 8
+7 16
+4 4
+8 16
-8 4
+5 8
+3 16
-3 12
+1 20
cfn=(222) cache_rpath
calls=4 656 
* 32
* 8
-1 16
+15 8
+1 36
+32 12
+1 20
cfn=(222)
calls=4 656 
* 32
* 8
+8 8
+2 12
+4 8
cfi=(66) /usr/src/debug/glibc/glibc/elf/dl-cache.c
cfn=(224) _dl_load_cache_lookup
calls=4 386 
* 6171
* 4
+2 8
+4 8
+31 4
-23 8
+23 32
cfn=(184)
calls=4 1522 
* 456
* 4
+4 8
+18 4
-17 4
+17 8
2003 24
cfn=(222)
calls=4 656 
* 32
* 8
+9 8
+15 8

fn=(90)
842 6
+8 12
-6 6
+12 12
-13 6
+13 6
-13 12
+13 12
+3 18
+1 12
+1 12
+3 18
+1 18
+4 6
+1 12
fi=(31)
97 6
258 9
fe=(30)
888 6
+4 15
+2 20
-20 22
+4 22
-3 11
+6 11
+1 33
fi=(31)
95 44
+7 16
+16 8
-3 16
252 6
fe=(30)
904 3
fi=(31)
257 3
-4 3
+4 9
+3 3
-6 10
+1 5
+2 20
+3 5
fe=(30)

fn=(222)
656 12
-1 24
+1 24
+1 12
+16 24

fn=(210)
908 20
+2 5
-2 25
+2 5
cfi=(45) /usr/src/debug/glibc/glibc/elf/dl-debug.c
cfn=(212) _dl_debug_update
calls=5 94 
* 35
* 5
+1 15
+21 25
-4 10
+7 5
-2 10
+2 20
-2 5
cfi=(49) /usr/src/debug/glibc/glibc/elf/dl-audit.c
cfn=(214) _dl_audit_objopen
calls=5 77 
* 25

fl=(44)
fn=(140)
137 10
+1 50
+5 10
+1 10
+3 7
+1 7
+2 2
+1 2
+1 2
+84 5
+1 5
+12 5
+3 5
+1 5
+12 5
+1 5
+13 5
+1 5
+2 5
+3 4
+3 8
+3 4
+1 4
+1 4
+1 4
+1 4
+1 4
+1 4
-6 96
+1 96
+1 96
+1 96
+1 96
+1 96
+1 96
+3 5
+1 5
+1 5
+1 5
+5 5
+46 3
+2 3
+1 3
+39 3
+1 3
+2 3

fl=(39) /usr/src/debug/glibc/glibc/elf/../sysdeps/x86_64/dl-hwcaps-subdirs.c
fn=(116) _dl_hwcaps_subdirs_active
29 1
fi=(18) /usr/src/debug/glibc/glibc/elf/../sysdeps/x86/get-isa-level.h
+2 1
fe=(39)
+7 1
fi=(18)
-7 3
fe=(39)
+21 2
fi=(18)
-20 3
+7 1
fe=(39)
-1 1
fi=(18)
+1 4
+1 4
+8 1
fe=(39)
-5 1
fi=(18)
+5 2
+3 4
+3 2
fe=(39)
-3 5

fl=(52) /usr/src/debug/glibc/glibc/setjmp/../sysdeps/x86_64/setjmp.S
fn=(164) __sigsetjmp
31 14
+2 14
+9 14
+1 28
+1 14
+4 14
+1 14
+1 14
+1 14
+1 14
+2 28
+2 14
+1 14
+1 14
+2 28
+2 14
+8 14
+3 14
+1 14
+7 14
+1 14

fl=(42)
fn=(126)
32 28
+1 28
+1 28
+1 28
+1 28
+1 28
+1 28
+1 28
+1 28
+1 28
+1 28
+1 28
+1 28
+1 28
+1 28
+1 28
+1 28
+1 28
+1 23
+4 23
+1 23
+1 23
+1 23
+2 23
+4 5
+1 5
+1 5
+1 5
+1 5
+1 5
+1 5
+1 5
+1 5
+1 5
+1 5
+1 5
+1 5
+1 5
+1 5
+1 5
+1 5
+1 5
+1 5
+1 5
+1 5
+1 5
+1 5
+1 5
+52 5
+4 5
+1 5
+1 5
+1 5
+2 5

fl=(60)
fn=(198)
47 26
+3 52
-3 156
+6 52
+5 156
+2 104
-7 55

fl=(179) /usr/src/debug/glibc/glibc/elf/dl-call-libc-early-init.c
fn=(614) _dl_call_libc_early_init
27 1
+2 2
-2 1
+6 3
-6 3
+6 1
-6 1
+6 2
cfi=(176)
cfn=(600)
calls=1 +41 
* 253
* 1
+4 3
+2 3
+1 1
-1 1
+2 2
-1 1
cob=(2)
cfi=(180) /usr/src/debug/glibc/glibc/elf/libc_early_init.c
cfn=(616) __libc_early_init
calls=1 -5 
* 1389

fl=(53)
fn=(172)
68 931
+1 266
cfi=(33)
cfn=(100)
calls=133 +29 
* 3939
* 133
+1 133
-1 133
+3 133
+2 266
+4 129
-4 258
+1 453
cfi=(33)
cfn=(100)
calls=151 +23 
* 5470
* 302
-5 22
+11 199
-1 111
+1 333

fn=(226) _dl_sysdep_read_whole_file
36 2
+3 1
-3 5
+3 1
-3 1
+3 1
cfi=(55)
cfn=(186)
calls=1 -11 
* 21
+1 3
+2 4
cfi=(58)
cfn=(194)
calls=1 -12 
* 6
* 3
+2 2
+3 2
+13 3
cfi=(63)
cfn=(206)
calls=1 -35 
* 6
* 1
+3 6
-14 6
cfi=(60)
cfn=(198)
calls=1 -2 
* 26
* 3

fn=(576)
85 2
+38 2
-1 2
+3 2
+2 80
+1 30
+3 7
-6 24
+18 2
+1 2
-15 6

fl=(7) /usr/src/debug/glibc/glibc/elf/dl-minimal.c
fn=(604) __rtld_malloc_init_real
76 2
+10 1
fi=(177) /usr/src/debug/glibc/glibc/elf/../sysdeps/generic/dl-hash.h
-41 1
-1 2
fe=(7)
+32 8
+11 1
-1 1
fi=(177)
-43 2
+5 3
+14 4
-17 3
+3 15
+14 20
-17 15
fe=(7)
+46 2
fi=(177)
-24 1
fe=(7)
+22 1
+2 1
fi=(177)
-19 1
fe=(7)
+19 1
cfn=(608) lookup_malloc_symbol
calls=1 -30 
* 778
+1 3
-1 1
+1 1
cfn=(608)
calls=1 -31 
* 769
+1 3
-1 1
+1 1
cfn=(608)
calls=1 -32 
* 837
+1 3
-1 1
+1 1
cfn=(608)
calls=1 -33 
* 702
+5 1
+1 1
+1 1
+1 1
+1 8

fn=(608)
61 8
+3 4
-3 12
+3 4
-3 4
+3 20
-1 4
+1 4
cfi=(79)
cfn=(296)
calls=4 769 
* 2930
+4 8
-4 4
+4 20
+1 24
+2 4
fi=(178) /usr/src/debug/glibc/glibc/elf/./dl-sym-post.h
-30 8
+12 12
fe=(7)
+19 16

fn=(12) __rtld_malloc_init_stubs
42 1
+1 2
+1 2
+1 2
+1 2
+1 1

fl=(11)
fn=(58) __GI___tunable_set_val
162 6
+1 24
+2 6
cfn=(60) do_tunable_update_val
calls=6 -92 
* 198

fn=(28)
438 40
+3 80
-3 40
+3 200
+9 37
-9 74
+19 22
+7 120
+2 40
-19 18
+1 18
+9 6

fn=(60)
73 6
-3 12
+3 24
+10 6
+11 6
+1 6
-1 18
+1 24
+4 12
+2 12
+4 6
-4 12
+11 12
+1 12
+3 6
+1 6
+1 6
+1 12

fn=(22) __GI___tunables_init
294 1
+6 3
-6 1
+10 2
-10 7
+10 1
-10 2
+10 28
+2 2
43 380
+6 75
-3 75
+3 7219
+4 150
+4 75
fi=(12) /usr/src/debug/glibc/glibc/elf/dl-tunables.h
160 75
fe=(11)
57 75
fi=(12)
160 75
fe=(11)
57 225
fi=(12)
160 75
+1 150
-1 2
+1 158
-1 10
fe=(11)
319 2025
+1 2025
+2 2025
-5 2100
fi=(12)
160 763
+1 1702
-1 440
fe=(11)
340 6
+3 27
+3 27
+9 8
fi=(12)
165 225
fe=(11)

fl=(51) /usr/src/debug/glibc/glibc/elf/dl-catch.c
fn=(160) _dl_catch_error
258 6
+2 1
-2 1
+2 1
-2 2
+2 1
-2 1
+2 1
cfn=(162) _dl_catch_exception
calls=1 -52 
* 2631
* 1
+1 2
+1 1
+1 1
-1 1
+3 1
-2 1
+2 6

fn=(250) _dl_receive_error
190 2
58 1
190 2
+2 1
-2 1
58 1
+1 1
+11 1
196 1
+2 2
cfi=(2)
cfn=(252) version_check_doit
calls=1 675 
* 29832
69 2
+1 1
202 1
-1 1
+1 3

fn=(162)
208 84
58 14
208 28
+3 28
+21 70
58 28
239 42
cfi=(52)
cfn=(164)
calls=14 31 
* 336
* 42
+2 42
cfi=(65) /usr/src/debug/glibc/glibc/elf/dl-deps.c
cfn=(220) openaux
calls=13 61 
* 25771
cfi=(2)
cfn=(166) map_doit
calls=1 642 
* 2563
69 14
+1 14
-1 14
+1 14
243 56
-25 14
+34 42
59 28
+11 42

fl=(16) /usr/src/debug/glibc/glibc/elf/../sysdeps/x86/cpu-features.c
fn=(36) init_cpu_features.constprop.0
724 1
+23 1
-23 7
+3 1
+9 1
-8 1
+1 1
+9 1
+9 2
+3 6
+6 6
cfn=(38) get_common_indices.constprop.0
calls=1 431 
* 71
409 3
+1 2
+1 6
+5 2
+1 6
+5 2
+1 6
761 1
cfn=(42) update_active.constprop.0
calls=1 90 
* 196
+4 1
+42 1
-38 1
+15 1
-18 1
+41 1
-36 1
-5 1
+39 1
-39 1
+3 2
886 2
+65 2
+7 2
+2 2
+4 2
+6 2
1126 1
754 1
1126 1
fi=(20) /usr/src/debug/glibc/glibc/elf/../sysdeps/x86/dl-cacheinfo.h
999 6
fe=(16)
751 1
1118 3
+1 2
+3 2
+1 2
+3 2
+7 1
+1 1
+1 1
+1 1
fi=(20)
850 2
953 1
+5 1
+11 1
-7 1
+2 1
+5 1
-16 1
+1 1
+15 1
-10 1
-5 1
+1 1
+5 1
-5 1
+1 1
+5 1
-5 1
+1 1
+5 1
-5 1
+6 1
+37 2
-17 3
+8 2
+29 6
+9 2
+20 2
+13 2
-13 1
+6 2
+7 2
cfi=(11)
cfn=(28)
calls=1 438 
* 17
* 1
+5 2
-3 2
+3 2
cfi=(11)
cfn=(28)
calls=1 438 
* 17
* 1
+80 1
-68 1
-4 1
+4 1
-10 1
+78 2
-72 2
+72 1
-68 1
+68 1
-72 1
+4 1
cfi=(11)
cfn=(28)
calls=1 438 
* 17
* 1
+5 1
-4 1
+4 1
-4 2
+55 1
-51 1
+51 1
-51 1
cfi=(11)
cfn=(28)
calls=1 438 
* 17
* 1
+5 1
-4 1
+4 1
-4 2
+37 1
-33 1
+33 2
-33 1
cfi=(11)
cfn=(28)
calls=1 438 
* 17
* 1
+7 1
-6 1
+6 1
+42 1
-42 1
+42 1
-42 1
cfi=(11)
cfn=(28)
calls=1 438 
* 17
+2 1
-2 1
+2 2
-2 1
+26 9
cfi=(11)
cfn=(58)
calls=1 162 
* 39
+6 2
+3 10
cfi=(11)
cfn=(58)
calls=1 162 
* 39
+2 9
cfi=(11)
cfn=(58)
calls=1 162 
* 39
+1 10
cfi=(11)
cfn=(58)
calls=1 162 
* 39
+1 11
cfi=(11)
cfn=(58)
calls=1 162 
* 39
+3 10
cfi=(11)
cfn=(58)
calls=1 162 
* 39
+9 1
fe=(16)
-7 1
fi=(20)
+9 1
+2 1
-1 1
fe=(16)
-10 1
fi=(20)
+6 1
+1 1
+1 1
+1 1
fe=(16)
-9 1
fi=(20)
+11 1
-1 1
-2 1
+4 1
fe=(16)
-12 1
cfi=(11)
cfn=(28)
calls=1 438 
* 16
+3 4
cfi=(11)
cfn=(28)
calls=1 438 
* 18
+9 1
+4 1
-4 2
+55 1
-1 1
+1 1
+45 4
cfi=(11)
cfn=(28)
calls=1 438 
* 16
+2 4
cfi=(11)
cfn=(28)
calls=1 438 
* 16
+4 2
+3 4
+3 1
+35 3
-32 1
+32 1
cfi=(11)
cfn=(28)
calls=1 438 
* 18
+7 8
fi=(20)
1035 3
+3 1
+1 2
fe=(16)
1165 1
+1 1
-1 1
+1 2
+45 3
+27 2
-10 3
+1 4
+6 1
-3 2
fi=(20)
852 3
cfn=(50) handle_intel.constprop.0
calls=1 255 
* 465
+1 1
-1 1
+1 1
cfn=(50)
calls=1 255 
* 532
+4 1
-4 2
+1 1
+3 1
cfn=(50)
calls=1 255 
* 482
+2 1
-2 1
+2 1
cfn=(50)
calls=1 255 
* 474
+3 1
-3 1
+1 2
+2 1
cfn=(50)
calls=1 255 
* 455
+2 1
-2 1
+2 1
cfn=(50)
calls=1 255 
* 457
+2 1
-2 1
+2 1
cfn=(50)
calls=1 255 
* 507
+2 1
-2 1
+2 1
cfn=(50)
calls=1 255 
* 497
+2 1
-2 1
+2 1
cfn=(50)
calls=1 255 
* 499
+3 1
-2 1
-1 1
+3 1
cfn=(50)
calls=1 255 
* 522
+2 1
-2 1
+2 1
cfn=(50)
calls=1 255 
* 524
+2 1
-2 1
+2 1
cfn=(50)
calls=1 255 
* 525
+2 4
-2 1
+2 2
cfn=(56) get_common_cache_info.constprop.0
calls=1 613 
* 225
990 1
-6 3
+6 1
-6 2
+6 2
-6 2
+6 3
-1 2
fe=(16)
-96 2
+4 1
771 3
563 4
777 5
+37 2
+3 2
+94 1
+1 2

fn=(38)
431 3
+4 4
+3 3
+5 2
-5 1
+5 1
-5 1
+4 1
+1 1
+1 4
+1 4
+1 3
+1 2
+7 2
+2 4
+5 1
-5 1
+5 1
-5 2
+5 1
+7 1
-7 4
+7 1
+1 3
+6 1
-6 4
+6 1
fi=(17) /usr/src/debug/glibc/glibc/elf/../sysdeps/unix/sysv/linux/x86/dl-minsigstacksize.h
24 2
+3 2
+1 2
+37 3
+9 2
fe=(16)
490 3

fn=(42)
90 8
+4 1
+37 1
-9 1
-18 1
-1 1
-1 1
+25 1
-14 1
-10 1
-1 2
+25 1
-24 1
+27 1
-26 1
+17 1
+6 1
+7 1
-22 1
+18 1
-18 1
+18 1
+4 1
-7 1
+7 1
-7 1
-6 1
+13 1
-13 1
-9 1
+18 1
+4 1
+1 1
+7 1
+5 1
-8 1
-4 1
+13 1
-9 2
+7 1
-7 2
+1 1
+8 2
+3 1
-5 2
-6 2
+1 1
+10 2
-5 1
-5 2
+6 3
+4 2
-4 1
+4 1
+14 2
-2 1
+6 5
+1 3
+2 3
+91 1
-1 2
+17 4
+16 2
+4 1
+1 1
+3 4
+4 2
fi=(18)
30 1
fe=(16)
389 2
+4 3
fi=(19) /usr/src/debug/glibc/glibc/elf/../sysdeps/unix/sysv/linux/x86/dl-hwcap2.h
25 2
fi=(18)
+6 1
-3 1
+3 2
fe=(16)
402 1
+1 8
-92 3
+1 2
+5 1
-1 1
+10 1
-6 1
+2 1
-2 1
+3 1
+3 1
fi=(18)
32 3
+7 5
+1 3
+8 1
-1 1
+1 2
+3 4
+3 2
+9 5
fe=(16)
176 2
+6 2
+14 1
+12 2
-30 1
+18 1
+12 1
-12 1
+12 1
-12 1
+2 4
+6 4
+2 4
+7 4
-24 1
-5 2
+4 1

fl=(14) /usr/src/debug/glibc/glibc/elf/../sysdeps/unix/sysv/linux/brk.c
fn=(30) brk
36 1
fi=(386) /usr/src/debug/glibc/glibc/elf/../sysdeps/unix/sysv/linux/brk_call.h
-12 2
fe=(14)
+13 1
+1 2
+6 1
+1 1

fl=(2)
fn=(252)
675 2
+2 1
-2 4
+2 3
cfi=(72)
cfn=(254)
calls=1 399 
* 29817
* 2
+4 3

fn=(166)
642 2
+2 1
-2 4
+2 1
+1 2
-1 2
+1 3
cfi=(30)
cfn=(168)
calls=1 2189 
* 2544
* 1
+2 3

fn=(260) init_tls
735 1
+6 1
-6 3
+2 2
+4 1
fi=(28)
44 1
fe=(2)
752 1
fi=(28)
44 1
fe=(2)
747 1
+4 1
fi=(28)
44 1
cfi=(27)
cfn=(74)
calls=1 +36 
* 29
fe=(2)
760 1
-10 1
-3 1
+10 1
+3 1
cfi=(46)
cfn=(264)
calls=1 131 
* 73
+3 1
cfi=(46)
cfn=(266)
calls=1 249 
* 234
+7 1
cfi=(46)
cfn=(270)
calls=1 515 
* 491
* 1
+1 2
+6 1
fi=(75) /usr/src/debug/glibc/glibc/elf/../sysdeps/generic/dl-call_tls_init_tp.h
31 2
fe=(2)
777 1
fi=(75)
31 6
+2 1
cfi=(24)
cfn=(278) __tls_init_tp
calls=1 +36 
* 95
fe=(2)
784 1
-3 1
+3 4

fn=(2)
520 10
84 1
fi=(6) /usr/src/debug/glibc/glibc/elf/../sysdeps/x86_64/dl-machine.h
-29 1
fe=(2)
550 1
-4 1
84 3
549 2
fi=(3) /usr/src/debug/glibc/glibc/elf/./get-dynamic-info.h
45 4
+23 19
-23 68
+4 34
+3 5
-1 10
+3 20
+1 16
+1 5
fi=(4)
+23 1
fi=(3)
+31 1
-38 3
+12 3
+1 3
+1 4
+1 4
+1 5
+1 3
+1 4
+1 4
+12 7
+7 2
+13 3
+6 3
+1 3
+3 2
+1 3
+5 5
+3 5
fe=(2)
566 273
fi=(3)
59 4
fe=(2)
566 14
fi=(4)
79 1
fe=(2)
566 3
fi=(4)
79 2
fe=(2)
566 25
fi=(5) /usr/src/debug/glibc/glibc/elf/do-rel.h
49 1
+4 1
-4 1
-1 1
+1 1
+4 4
+3 2
fe=(2)
566 1
fi=(5)
49 1
+4 1
-4 1
-1 1
+1 1
+4 4
+3 2
-6 8
+11 5
+2 1
fi=(6)
273 3
fi=(5)
63 1
+2 1
-1 2
fi=(6)
282 10
+4 2
+26 4
fi=(5)
61 3
fe=(2)
566 8
fi=(5)
51 1
fi=(4)
+28 2
fe=(2)
568 1
455 1
cfi=(7)
cfn=(12)
calls=1 42 
* 10
+4 5
84 1
477 1
84 3
477 1
cfi=(8)
cfn=(14)
calls=1 25 
* 27
+1 1
+4 1
+9 1
-13 1
+19 1
-17 1
+2 1
+15 2
cfi=(9) /usr/src/debug/glibc/glibc/elf/../sysdeps/unix/sysv/linux/dl-sysdep.c
cfn=(16) _dl_sysdep_start
calls=1 102 
* 2648376
* 1
+2 2
+87 9
fi=(3)
62 4
+2 4
+39 3
fe=(2)

fn=(66) dl_main
1357 2
196 1
1357 11
198 1
301 1
+1 1
196 1
+99 3
1369 1
cfi=(24)
cfn=(68) __tls_pre_init_tp
calls=1 54 
* 17
2735 1
2512 1
2735 3
2583 1
+2 1
+15 2
-13 2
cfi=(25) /usr/src/debug/glibc/glibc/elf/dl-environ.c
cfn=(70) _dl_next_ld_env_entry
calls=1 28 
* 479
* 2
cfi=(25)
cfn=(70)
calls=1 28 
* 6
* 6
+4 3
-2 1
+2 5
+1 1
-1 3
+1 6
-1 32
+9 6
2712 3
1379 1
+1 2
-1 2
+1 2
2625 2
+10 2
1647 8
cfi=(26)
cfn=(72)
calls=1 59 
* 285
* 1
+2 2
+1 1
+1 1
+5 1
-5 1
+1 1
-2 2
+2 2
+4 1
cfi=(26)
cfn=(86)
calls=1 31 
* 33
+1 2
1095 1
+1 1
1362 1
1123 1
-21 2
+21 1
-19 1
+1 1
+18 1
-21 1
+21 2
+1 1
-1 1
-25 1
+22 1
+4 115
+33 8
-1 4
+1 16
-1 4
+2 8
+1 1
+2 12
+1 14
+4 8
+1 8
+1 4
+4 8
-49 34
+88 22
+6 4
cfi=(30)
cfn=(90)
calls=1 842 
* 54
-7 28
+1 14
+6 14
-6 28
fi=(31)
149 6
fe=(2)
1128 1
-5 1
+5 2
-5 2
+21 2
-21 1
+25 1
-5 1
+3 2
-23 2
+10 2
-10 1
+10 1
+1 9
-11 2
+1 14
+80 1
-81 1
+81 2
-81 3
+87 3
+13 4
+3 3
+2 2
1682 1
cfi=(32)
cfn=(96)
calls=1 24 
* 33
fi=(4)
96 3
+3 4
+1 1
fe=(2)
1688 3
+1 4
cfi=(33)
cfn=(100)
calls=1 98 
* 50
* 2
+3 1
+1 1
+1 1
+2 2
+1 2
+5 2
+2 2
fi=(3)
39 4
+6 1
-2 1
+2 2
+23 28
-23 112
+4 56
+3 6
-1 12
+3 24
+1 20
fe=(2)
1200 1
-77 1
+77 1
-77 2
fi=(3)
72 4
+43 2
+7 3
+1 4
+6 3
+18 4
+15 4
+2 3
+1 2
+9 2
+6 2
+4 3
fi=(4)
-88 4
fe=(2)
1717 2
cfi=(8)
cfn=(14)
calls=1 25 
* 27
+3 2
fi=(34) /usr/src/debug/glibc/glibc/elf/./setup-vdso.h
24 2
fi=(37) /usr/src/debug/glibc/glibc/elf/./dl-main.h
+85 2
fi=(36) /usr/src/debug/glibc/glibc/elf/../sysdeps/unix/sysv/linux/dl-vdso-setup.h
-55 1
fi=(37)
+55 3
cfi=(30)
cfn=(112)
calls=1 680 
* 1509
fe=(2)
1745 3
cfi=(45)
cfn=(142) _dl_debug_initialize
calls=1 120 
* 21
+7 1
-7 1
+2 1
+5 1
+4 1
+1 1
+2 1
-3 3
+1 2
+3 1
1253 1
1758 1
1253 1
+1 2
+5 1
-1 1
-2 2
+13 1
-11 1
+1 1
+3 1
+7 3
+4 1
-5 1
+5 3
-3 8
-1 16
+2 24
+2 4
+1 8
-1 8
+2 8
+5 4
-10 4
+10 8
-11 10
+18 1
+1 2
-1 2
223 1
fi=(4)
79 1
fe=(2)
224 1
-1 1
+1 1
fi=(4)
79 1
fe=(2)
224 3
1774 2
1363 1
1778 1
+1 2
+24 1
cfi=(46)
cfn=(144)
calls=1 226 
* 6
* 1
fi=(47) /usr/src/debug/glibc/glibc/elf/../sysdeps/generic/dl-debug.h
29 4
+1 2
fe=(2)
1809 4
cfi=(45)
cfn=(148) _dl_debug_change_state
calls=1 104 
* 11
+1 1
+4 3
cfi=(49)
cfn=(152) _dl_audit_activity_map
calls=1 29 
* 5
+5 2
+2 1
+2 2
+9 2
+16 3
cfi=(64)
cfn=(216)
calls=1 25 
* 9
* 2
+76 3
+16 3
84 1
1950 1
84 2
1950 2
84 1
1950 6
cfi=(65)
cfn=(218) _dl_map_object_deps
calls=1 143 
* 30527
91 1
1960 2
-4 1
+16 1
91 2
+9 2
1956 7
+1 1
-1 1
+1 1
-1 2
+1 6
-1 6
+1 6
-1 12
+4 1
+1 2
+1 1
+2 26
+1 18
+7 2
+1 1
-1 1
+1 2
+2 1
+2 2
+16 4
+1 2
+1 3
+10 1
+2 1
-1 3
+1 3
-1 1
+1 1
cfi=(51)
cfn=(250)
calls=1 190 
* 29853
+10 1
+1 2
+3 2
821 1
fi=(387) /usr/src/debug/glibc/glibc/elf/../sysdeps/unix/sysv/linux/dl-osinfo.h
39 2
fe=(2)
823 1
fi=(387)
52 1
fe=(2)
832 1
+7 1
-5 1
2026 3
2225 2
+4 1
-4 1
+10 1
-6 1
+6 1
+3 2
+8 2
fi=(31)
36 2
+1 4
+16 11
-13 6
+9 12
-9 1
+9 28
+4 24
-16 14
+34 2
fe=(2)
2250 1
fi=(31)
71 1
cfi=(77)
cfn=(282) _dl_cet_check
calls=1 361 
* 25
fe=(2)
2250 2
+3 1
+5 2
84 1
2263 1
-1 2
84 3
2262 5
cfi=(78) /usr/src/debug/glibc/glibc/elf/dl-reloc.c
cfn=(286) _dl_relocate_object
calls=1 343 
* 82924
91 3
+9 2
-16 2
2271 1
84 2
2271 1
+1 21
+2 14
+5 14
+2 14
+6 7
+2 56
cfi=(78)
cfn=(286)
calls=7 343 
* 2460157
+4 20
+1 6
-22 3
+22 3
cfi=(46)
cfn=(468)
calls=3 1169 
* 81
-22 8
91 3
+1 2
2301 1
cfi=(46)
cfn=(584)
calls=1 1130 
* 43
+6 2
+4 4
+2 1
+7 3
cfi=(46)
cfn=(586)
calls=1 608 
* 322
+3 2
+4 3
+3 1
cfi=(173)
cfn=(588)
calls=1 578 
* 1513
+5 2
84 1
2339 4
84 3
2339 2
cfi=(78)
cfn=(288) _dl_relocate_object_no_relro
calls=1 207 
* 260
91 3
+9 2
2342 1
cfi=(175)
cfn=(598)
calls=1 30 
* 514
+1 2
cfi=(7)
cfn=(604)
calls=1 76 
* 3198
+3 2
cfi=(45)
cfn=(612) _dl_debug_post_relocate
calls=1 46 
* 706
+4 2
cfi=(78)
cfn=(464) _dl_protect_relro
calls=1 352 
* 35
+5 3
cfi=(179)
cfn=(614)
calls=1 27 
* 1668
+7 1
cfi=(9)
cfn=(636) _dl_sysdep_start_cleanup
calls=1 147 
* 2
+4 2
cfi=(45)
cfn=(212)
calls=1 94 
* 7
+1 2
-1 1
+1 1
cfi=(45)
cfn=(148)
calls=1 104 
* 11
+1 1
+3 3
cfi=(49)
cfn=(638) _dl_audit_activity_nsid
calls=1 41 
* 8
+4 1
cfi=(66)
cfn=(640) _dl_unload_cache
calls=1 508 
* 19
+5 8
225 2
-2 2
+2 2
2283 1
+1 1
-3 2
1765 1
1290 3
1765 1
fi=(3)
56 5
+3 4
fe=(2)
1979 1
-4 1
+4 2
+14 4
fi=(35) /usr/src/debug/glibc/glibc/elf/../sysdeps/unix/sysv/linux/dl-vdso.h
40 2
+1 4
fi=(36)
-11 1
+3 1
+3 1
+3 1
+6 1
fi=(35)
+10 2
fi=(3)
+17 3
+12 3
+1 5
+1 5
+1 5
+1 4
+1 5
+1 5
+1 5
+12 2
+7 1
-7 7
+7 2
fe=(2)
1755 4
2019 2
cfn=(260)
calls=1 735 
* 963
* 2
fi=(3)
62 4
+2 4
fe=(2)
2635 2
+2 2
+1 1
84 1
1827 2
84 3
1827 2
cfn=(154) handle_preload_list
calls=1 853 
* 3002
* 1
91 3
+9 3
1928 16
+1 1
-1 1
+4 3
+1 1
+1 2
+1 2
-7 2

fn=(154)
853 11
+5 5
-4 2
+17 1
182 1
873 2
182 2
875 2
+1 4
cfn=(158) do_preload
calls=1 -88 
* 2690
* 1
-18 2
+3 3
cfi=(50)
cfn=(156)
calls=1 32 
* 238
* 1
+1 3
+2 4
cfi=(29)
cfn=(82)
calls=1 210 
* 19
+1 2
+14 9

fn=(158)
788 1
+12 1
-12 4
+12 2
-12 3
+6 1
+6 1
-2 1
-3 1
+5 1
-10 1
+6 1
+4 1
cfi=(51)
cfn=(160)
calls=1 258 
* 2659
+1 3
+8 3
+6 6

fl=(278)
fn=(1020)
46 46
+2 23
-2 115
+9 23
-9 46
fi=(388) /usr/src/debug/glibc/glibc/elf/../sysdeps/x86_64/dl-runtime.h
-18 23
fe=(278)
+18 23
+2 161
+1 46
+5 23
+1 69
+1 23
+2 23
-2 138
+7 46
+4 46
+4 23
-22 23
+20 23
+2 46
+4 69
+1 92
-7 92
+16 23
-1 23
+1 46
+10 207
cfi=(79)
cfn=(296)
calls=23 769 
* 18422
* 23
+4 115
+10 230
+15 92
+9 69
+26 69
fi=(6)
+64 23
fe=(278)
-60 184
-1 46
-39 2
fi=(389) /usr/src/debug/glibc/glibc/elf/../sysdeps/x86_64/dl-irel.h
-91 2
cob=(2)
cfi=(102) /usr/src/debug/glibc/glibc/string/../sysdeps/x86_64/multiarch/memcpy.c
cfn=(352) memcpy@@GLIBC_2.14
calls=1 -3 
* 22
cob=(2)
cfi=(135) /usr/src/debug/glibc/glibc/string/../sysdeps/x86_64/multiarch/strlen.c
cfn=(446) strlen
calls=1 -3 
* 25
fe=(278)
+93 6

fl=(54)
fn=(182)
40 30
+1 5
cfi=(22)
cfn=(62)
calls=5 +16 
* 175
* 5
fi=(390) /usr/src/debug/glibc/glibc/string/../include/rtld-malloc.h
+15 10
cfi=(27)
cfn=(78)
calls=5 -20 
* 90
fe=(54)
-12 10
+3 10
+1 5
-1 5
+1 10
-1 5
cfi=(29)
cfn=(82)
calls=5 210 
* 63

fl=(77)
fn=(648)
331 1
+3 2
+16 1

fn=(284) dl_cet_check
269 4
+6 2
+2 2
-1 1
+6 1
+3 1
-3 1
+1 1
-1 1
+1 1
-1 1
+1 1
+5 2
+5 2
+25 2

fn=(282)
361 1
+1 1
cfn=(284)
calls=1 -93 
* 23

fl=(20)
fn=(50)
255 24
-5 12
+17 12
-17 96
+11 12
+6 36
+4 24
+34 96
-29 12
+3 24
-3 12
+3 12
cfn=(52) intel_check_word.constprop.0
calls=12 123 
* 4140
+2 24
+3 60
cfn=(52)
calls=12 123 
* 1319
+2 24

fn=(56)
613 11
+18 1
+29 1
-32 1
+32 1
-17 2
-11 1
+28 2
+4 2
-26 1
+31 1
-14 1
+17 1
-32 4
+32 3
+10 26
+14 2
+4 1
+3 1
+1 1
-4 2
+3 3
+6 2
-37 12
+6 6
-6 3
+6 2
+1 8
812 4
+1 5
+4 2
+7 1
+1 1
+1 1
+1 7
687 2
+4 1
+1 1
-1 2
+18 2
-69 6
+75 4
+8 1
+2 1
-2 5
+2 2
-2 2
+22 5
+5 2
-21 4
+3 1
+1 2
-4 3
+3 1
+1 6
+2 4
+3 2
+5 1
+2 2
+1 1
+1 1
-2 2
+1 1
-19 8
+46 2
+2 1
-1 1
+1 2
+2 2
-1 2
+25 3
-48 2
-7 1
+11 2
+3 1
+2 4
+1 2
+5 2

fn=(52)
123 48
-4 48
+10 72
+87 24
-97 72
+90 24
-90 48
+10 48
-10 24
+10 24
+73 72
-73 24
+73 48
-69 24
+2 48
-10 12
246 144
-30 144
fi=(21) /usr/src/debug/glibc/glibc/elf/../bits/stdlib-bsearch.h
28 144
fe=(20)
+82 96
fi=(21)
-82 828
fe=(20)
+82 552
+3 588
fi=(21)
-87 648
fe=(20)
131 144
+2 36
+2 132
+8 120
+51 96
fi=(21)
44 60
-1 60
+3 120
fe=(20)
155 36
+3 36
+9 24
+1 24
+1 24
+1 24
-18 24
+12 24
+1 24
+22 21
-32 63
+3 63
+4 64
+2 128
+3 58
+1 50
+1 38
+1 24
+2 11
+2 22
+6 14
+3 8
+1 12
-3 9
-5 4
+2 4
+1 4
-2 4
-1 4
+2 8
-2 4
+3 4
-2 12
+2 12
+11 2

fl=(58)
fn=(194)
30 6
+9 24
+33 6

fl=(371) /usr/src/debug/glibc/glibc/elf/dl-fini.c
fn=(1930) _dl_fini
26 6
+17 1
-17 4
+20 8
+3 2
cob=(2)
cfi=(372) /usr/src/debug/glibc/glibc/nptl/pthread_mutex_lock.c
cfn=(1932) pthread_mutex_lock@@GLIBC_2.2.5
calls=1 +28 
* 41
+2 1
+3 2
+2 5
-10 4
+95 4
+2 1
-2 2
+6 2
+7 8
-91 3
-2 1
+2 1
cfi=(49)
cfn=(638)
calls=1 -22 
* 8
+5 16
+6 1
-6 1
+4 1
+2 3
+2 14
+2 14
+2 14
+1 7
+1 7
+4 7
-12 21
+19 6
+1 4
+6 6
cfi=(13)
cfn=(246)
calls=1 298 
* 511
+9 2
cob=(2)
cfi=(373) /usr/src/debug/glibc/glibc/nptl/pthread_mutex_unlock.c
cfn=(1934) pthread_mutex_unlock@@GLIBC_2.2.5
calls=1 367 
* 38
+5 13
+14 7
-14 14
+2 7
+2 14
+2 28
cfi=(374) /usr/src/debug/glibc/glibc/elf/dl-call_fini.c
cfn=(1938) _dl_call_fini
calls=7 -96 
* 2386
+3 14
cfi=(49)
cfn=(1962) _dl_audit_objclose
calls=7 -26 
* 35
* 21
+8 2
+4 3
cfi=(49)
cfn=(638)
calls=1 -94 
* 8
* 2

fl=(25)
fn=(70)
28 2
+1 2
+3 81
+13 74
-13 148
+2 150
+1 24
+5 1
-3 1
+3 1
+2 1

fl=(65)
fn=(220)
61 78
+7 13
-4 39
+1 13
-1 91
cfi=(30)
cfn=(168)
calls=13 2189 
* 25485
* 13
+5 39

fn=(218)
143 5
+1 1
-1 1
+1 1
-1 1
+1 1
-1 2
+1 1
-1 1
+1 1
-1 1
+1 1
-1 1
+1 1
-1 2
+1 8
-8 1
+8 2
-8 1
-6 1
-2 1
+8 1
+8 1
-15 1
+1 1
+6 1
+24 4
-28 3
-2 1
+31 1
-33 1
+32 1
-30 2
+30 1
-30 1
-1 4
+7 4
+24 3
+28 3
-6 1
-18 1
+64 1
fi=(71) /usr/src/debug/glibc/glibc/elf/../include/scratch_buffer.h
78 1
fe=(65)
228 1
fi=(71)
77 1
fe=(65)
+87 1
+20 1
+44 1
fi=(71)
77 1
fe=(65)
228 2
-31 1
-4 1
+4 8
-4 6
+4 12
+11 18
-18 2
+18 4
417 14
+2 5
+3 5
-3 15
+3 10
fi=(28)
56 5
cfi=(27)
cfn=(78)
calls=5 -20 
* 90
fe=(65)
423 10
fi=(28)
56 5
fe=(65)
423 5
+7 5
-1 5
+1 10
cfi=(29)
cfn=(82)
calls=5 210 
* 63
+1 30
cfi=(29)
cfn=(82)
calls=5 210 
* 63
+4 5
-1 5
+5 21
188 12
442 18
-1 7
+1 14
183 6
+27 20
+8 5
+3 5
-6 5
+1 5
+2 5
+3 5
-4 5
+4 10
+7 5
+4 5
-13 5
+9 5
+4 35
-4 5
+4 10
-10 294
+6 52
cfi=(30)
cfn=(180)
calls=13 * 
* 603
* 39
+4 39
-2 13
+2 13
cfi=(51)
cfn=(162)
calls=13 -24 
* 26655
+1 26
+9 13
+2 26
+5 25
+6 5
+2 5
-8 10
+3 5
+1 5
+1 5
+1 5
+4 5
-3 5
+3 15
+4 39
+1 27
-43 613
+7 26
+38 402
fi=(71)
85 3
fe=(65)
448 5
+1 1
+3 4
+11 6
fi=(28)
56 1
cfi=(27)
cfn=(78)
calls=1 -20 
* 18
fe=(65)
465 4
fi=(28)
56 1
fe=(65)
465 1
+5 2
+2 1
-2 1
+1 1
-1 1
+4 1
-4 1
+4 7
+4 21
+6 7
+1 14
-1 7
+6 7
-16 21
+21 3
+37 2
+15 1
-11 1
+12 1
-15 2
+20 1
-1 4
+1 2
-1 5
cfi=(13)
cfn=(246)
calls=1 298 
* 444
+5 1
+2 1
+1 1
+1 2
-2 1
+2 1
+7 3
+3 2
+3 8
198 46
+3 5
fi=(71)
-70 15
cfi=(70)
cfn=(242)
calls=5 30 
* 125
fe=(65)
+70 10
+4 10
409 1
547 3
cfi=(29)
cfn=(82)
calls=1 210 
* 19
* 3
144 2

fl=(141) /usr/src/debug/glibc/glibc/misc/../sysdeps/unix/syscall-template.S
fn=(642) munmap
117 5
+5 1

fn=(466) mprotect
117 35
+5 7

fl=(26)
fn=(86)
31 30
+2 6
-2 12
+2 6
cfi=(24)
cfn=(88)
calls=6 +10 
* 18
+2 40
+3 80
+2 5
+2 5
+4 5
+1 5
+3 5
-4 5
+1 5
+1 5
+3 5
-3 5
+3 10
-1 5
cfi=(24)
cfn=(88)
calls=5 -7 
* 15
-4 1
+1 1
+3 1
-4 1
+1 1
+1 1
+3 1
-3 1
+3 2
-1 1
cfi=(24)
cfn=(88)
calls=1 -7 
* 3
-5 2

fn=(72)
59 90
+3 12
+18 5
+3 10
cfi=(22)
cfn=(62)
calls=5 -26 
* 103
+4 5
-4 5
+4 5
+5 5
-9 15
fi=(28)
-39 10
cfi=(27)
cfn=(74)
calls=5 +36 
* 262
fe=(26)
+39 1
fi=(28)
-39 2
cfi=(27)
cfn=(74)
calls=1 +36 
* 35
* 6
fe=(26)
+51 12
+5 6
-2 6
+6 6
-4 6
+4 6
-5 6
+4 6
+1 12
-1 6
+1 6
cfi=(29)
cfn=(82)
calls=6 210 
* 77
* 6
+15 6
-15 6
+2 6
+13 12
+6 1
+2 7
+3 2
-3 35
+3 10
+6 6
-4 6
+4 6
+3 20
fi=(4)
1389 3
fe=(26)
139 2
+2 1
-2 2
fi=(4)
1389 45
fe=(26)
139 30
+2 15
-2 30
+16 12
-5 6
-1 12
+6 18
+2 10
+3 10
-3 10
+7 20
+4 15
+8 1
+13 1
-10 2
+10 8
-10 10
+10 15
+2 5
cfi=(22)
cfn=(62)
calls=5 57 
* 175
+21 5
-21 15
+17 5
-13 15
+50 15
cfi=(29)
cfn=(136)
calls=5 -48 
* 73
* 5
+5 10
+1 10
-1 158
+1 158
+4 10
+1 5
+3 5
+4 54
131 12
-8 5
-4 10
+34 1
+7 4
+8 20
fi=(28)
56 10
cfi=(27)
cfn=(78)
calls=5 -20 
* 90
* 5
fe=(26)
200 10
-1 10
64 2
+2 3
+1 6
+10 1
-6 2

fl=(66)
fn=(232) _dl_cache_libcmp
340 48
+1 165
+4 282
-2 282
+2 282
-2 564
+20 550
+2 550
-24 234
+28 234
+1 234
-29 468
+32 21
-28 14
+8 7
-2 7
+1 14
-1 7
+2 21
+2 21
-3 7
+3 7
+2 14
+9 82

fn=(224)
386 24
+2 8
+3 12
+69 9
+5 12
+3 20
cfn=(230) search_cache
calls=4 206 
* 5307
* 4
+15 8
+4 8
+8 8
cfi=(22)
cfn=(62)
calls=4 57 
* 140
+1 4
-1 4
+1 44
+1 8
-1 4
+1 4
cfi=(29)
cfn=(82)
calls=4 210 
* 44
* 4
+1 4
cfi=(54)
cfn=(182)
calls=4 40 
* 332
+1 12
394 5
cfi=(53)
cfn=(226)
calls=1 36 
* 103
* 1
+8 6
+1 6
+93 8
-93 2
+3 4
+1 1
-1 2
fi=(67) /usr/src/debug/glibc/glibc/elf/../sysdeps/generic/dl-cache.h
194 1
+1 5
fe=(66)
414 1
+1 2

fn=(230)
206 8
-8 4
+11 8
-11 36
+1 4
-1 12
+11 8
332 19
206 38
+2 164
-22 41
+22 41
+1 41
-23 41
+23 41
+4 82
+4 123
cfn=(232)
calls=41 340 
* 3231
+1 82
329 37
+1 18
206 36
+8 8
-6 36
+20 7
+3 14
+2 28
cfn=(232)
calls=7 340 
* 884
* 14
+2 3
-9 26
+9 12
+37 36
-27 8
+10 12
+1 16
+7 8
+9 4
fi=(67)
125 4
fe=(66)
272 16
+9 8
+5 8
+27 4
+23 36

fn=(640)
508 1
+1 4
-1 1
+3 1
-3 1
+3 1
cfi=(141)
cfn=(642)
calls=1 117 
* 6
+7 1
-6 1
+4 1
+2 1

fl=(374)
fn=(1938)
24 56
+4 14
+6 7
-2 7
+3 14
+4 10
+3 10
-4 25
+5 5
cob=(6)
cfi=(383)
cfn=(2054)
calls=1 +15 
* 42
cob=(3) /usr/lib/libm.so.6
cfi=(202) ???
cfn=(2034) release_registered_frames
calls=1 -43 
* 42
cob=(7) /usr/lib/libstdc++.so.6.0.34
cfi=(249) ???
cfn=(1980) 0x00000000000ae710
calls=1 -43 
* 1570
cob=(5) /usr/lib/valgrind/vgpreload_core-amd64-linux.so
cfi=(192) ???
cfn=(1964) 0x0000000000001090
calls=1 -43 
* 117
cob=(8)
cfi=(267)
cfn=(1940) 0x00000000000022f0
calls=1 -43 
* 117
* 2
cob=(6)
cfi=(201)
cfn=(2058)
calls=1 -43 
* 117
cob=(3)
cfi=(202)
cfn=(2038) 0x000000000000f8a0
calls=1 -43 
* 117
-1 21
+5 7
+1 14
+1 10
+1 25
-1 5
cob=(4)
cfi=(191)
cfn=(2072)
calls=1 -49 
* 4
cob=(4)
cfi=(191)
cfn=(2052)
calls=1 -49 
* 4
cob=(4)
cfi=(191)
cfn=(2032)
calls=1 -49 
* 4
cob=(4)
cfi=(191)
cfn=(1978)
calls=1 -49 
* 4
cob=(4)
cfi=(191)
cfn=(1960)
calls=1 -49 
* 4
+1 12

fl=(56)
fn=(188)
25 5
+1 20
+1 5

fl=(45)
fn=(212)
94 6
-17 6
-1 12
+20 12
+4 6

fn=(148)
104 2
+3 2
-2 2
+2 4
+4 2
cfi=(48) /usr/src/debug/glibc/glibc/elf/dl-debug_state.c
cfn=(150) _dl_debug_state
calls=2 -83 
* 4
-4 6

fn=(142)
120 1
-44 2
+46 2
+5 3
+1 1
+26 1
-26 1
+29 2
-37 1
+49 2
-9 2
+2 3

fn=(612)
46 2
+6 3
-6 2
+6 5
-1 1
+1 1
cfi=(79)
cfn=(296)
calls=1 769 
* 674
+2 2
-2 1
+2 3
+2 7
+1 3
+13 2

fl=(9)
fn=(18) _dl_sysdep_parse_arguments
78 1
+2 1
-2 7
+1 1
+1 1
-1 1
+2 3
+2 3
-1 1
+1 2
-1 74
+1 148
+7 56
fi=(10) /usr/src/debug/glibc/glibc/elf/../sysdeps/unix/sysv/linux/dl-parse_auxv.h
-48 1
fe=(9)
+44 1
fi=(10)
-53 1
fe=(9)
+53 1
fi=(10)
-53 1
+1 1
+1 1
+7 3
+1 44
+1 44
-2 88
+13 1
+10 1
fe=(9)
+29 1
fi=(10)
-27 1
fe=(9)
+26 1
+2 1
fi=(10)
-40 1
+2 1
fe=(9)
+37 1
fi=(10)
-47 1
+10 1
+8 1
-17 1
+1 1
+16 1
-15 1
+1 1
+14 1
+2 1
-15 1
+1 1
+1 2
+13 3
-18 1
+6 1
-5 1
+5 1
+2 1
-6 1
+6 1
fe=(9)
+37 1
fi=(10)
-42 1
-4 1
+5 1
+1 1
-8 1
+21 1
-20 1
+18 1
fe=(9)
+28 1
+1 1
+1 1
+1 8

fn=(636)
147 1
+1 1

fn=(16)
102 5
+4 1
-4 1
+1 1
+3 1
cfn=(18)
calls=1 -28 
* 538
+4 2
cfi=(11)
cfn=(22)
calls=1 294 
* 20239
+3 1
cfi=(13)
cfn=(26)
calls=1 289 
* 32
+2 2
cfi=(14)
cfn=(30)
calls=1 -79 
* 8
fi=(6)
+94 1
cfi=(15) /usr/src/debug/glibc/glibc/elf/../sysdeps/x86/dl-get-cpu-features.c
cfn=(34) _dl_x86_init_cpu_features
calls=1 37 
* 7292
fe=(9)
-87 3
+1 1
cfi=(22)
cfn=(62)
calls=1 -66 
* 17
* 1
+2 2
cfi=(23)
cfn=(64)
calls=1 -88 
* 13
* 3
+12 3
+3 5
cfi=(2)
cfn=(66)
calls=1 1357 
* 2620200
+3 4

fl=(43) /usr/src/debug/glibc/glibc/string/../sysdeps/x86_64/multiarch/../multiarch/memcmp-sse2.S
fn=(130) bcmp
59 1
+12 1
+1 1
+22 1
+1 1
+45 1
+1 1
+2 1
+1 1
+2 1
+1 1
+2 1
+1 1
+47 1
+1 1
+1 1
+1 1
+1 1
+1 1

fl=(176)
fn=(600)
74 36
+1 3
-1 3
+2 6
+2 9
+37 3
-37 9
+1 6
+2 12
+3 25
+3 6
-1 3
+1 3
-1 3
+1 3
-1 3
+1 3
cfn=(602) check_match
calls=3 -56 
* 545
* 3
+3 6
+3 6
+23 27

fn=(602)
31 30
+1 6
fi=(4)
+47 3
fe=(176)
-47 6
+1 9
+2 6
+1 6
+12 9
+3 9
+2 9
cfi=(33)
cfn=(100)
calls=3 +45 
* 209
* 6
+4 6
+1 15
+1 9
cfi=(33)
cfn=(100)
calls=3 +39 
* 171
-19 9
+24 27

fl=(49)
fn=(214)
77 5
+1 20

fn=(1962)
97 7
+1 28

fn=(152)
29 1
+2 3
+6 1

fn=(638)
41 3
+4 9
+2 9
+4 3

fn=(990) _dl_audit_preinit
118 1
+1 4

fl=(78)
fn=(286)
343 8
+1 18
-1 18
+3 12
cfn=(288)
calls=6 207 
* 2542797
+1 6
+1 6
-1 6
cfn=(464)
calls=6 +5 
* 210

fn=(288)
207 49
+13 7
-13 35
+16 7
-16 7
+16 7
+3 21
+20 21
+1 14
-30 4
+33 4
+7 8
fi=(6)
78 6
+6 4
+4 3
+6 1
+9 2
+23 2
fi=(4)
-47 1
fe=(78)
296 2
fi=(4)
79 2
fe=(78)
296 2
fi=(4)
79 6
fe=(78)
296 12
fi=(4)
79 12
fe=(78)
296 37804
fi=(4)
79 5
fe=(78)
296 5
fi=(4)
79 10
fe=(78)
296 244
fi=(5)
49 1
+4 1
+27 1
-32 1
+1 1
+1 1
-1 1
+4 1
-3 2
+3 1
-3 2
+3 2
+27 2
fe=(78)
296 42
fi=(5)
49 6
+4 6
+27 6
-32 6
+1 6
+1 6
-1 6
+4 6
-3 12
+3 6
-3 12
+3 12
+27 12
fe=(78)
296 7
fi=(5)
49 7
+4 7
+27 7
-32 7
+1 7
+1 7
-1 7
+4 7
-3 14
+3 7
-3 14
+3 14
+27 14
+3 7
fi=(6)
509 68
+4 68
+3 102
+1 34
fi=(5)
83 102
+2 136
-2 3
+13 2
fe=(78)
296 44
fi=(6)
725 42
+4 12
fe=(78)
298 28
+23 7
+3 14
+14 56
fi=(5)
105 39
+9 24
fi=(6)
493 9
+5 6
+1 6
fi=(5)
114 3
fi=(6)
499 6
fi=(5)
114 6
+3 52
+3 55
+2 22
fe=(78)
+68 6
fi=(5)
73 6
fe=(78)
190 6
fi=(6)
431 36
fi=(5)
124 12
+1 6
-1 6
+5 6
-5 12
+1 18
+4 12
-5 9234
+1 4617
-1 4617
+5 4617
-5 9234
+1 13851
+4 9234
-2 4547
-1 13641
+1 9094
-1 4547
+1 4547
fi=(6)
262 9094
+7 9094
+4 9094
fe=(78)
170 18188
fi=(4)
-18 13590
fe=(78)
+19 9060
+3 9060
+8 5624
-8 25281
+12 5614
-3 2807
+1 2807
+2 11238
-3 5
+1 5
+2 2832
+1 2812
-1 2812
+2 5624
-1 11248
+3 16872
cfi=(79)
cfn=(296)
calls=2812 769 
* 2052952
+3 2812
+1 5624
-4 2812
+4 14060
fi=(6)
+88 13590
+3 4510
-3 27162
+4 9112
+26 27224
418 8358
fi=(5)
141 8358
fi=(6)
418 3474
fi=(5)
141 5260
-19 13869
+33 36
+1 30
+1 228
+3 152
+4 76
-2 76
+1 76
-3 76
+2 228
fe=(78)
+8 304
fi=(6)
282 380
+4 152
471 152
+1 152
+1 76
cfi=(15)
cfn=(596) __x86_cpu_features
calls=1 76 
* 6
cob=(3)
cfi=(170) /usr/src/debug/glibc/glibc/math/../sysdeps/x86_64/fpu/multiarch/s_cosf.c
cfn=(570) cosf
calls=1 28 
* 10
cob=(3)
cfi=(169) /usr/src/debug/glibc/glibc/math/../sysdeps/x86_64/fpu/multiarch/e_exp.c
cfn=(566) __exp_finite@GLIBC_2.15
calls=1 29 
* 9
cob=(3)
cfi=(168) /usr/src/debug/glibc/glibc/math/../sysdeps/x86_64/fpu/multiarch/e_expf.c
cfn=(562) expf@@GLIBC_2.27
calls=2 29 
* 20
cob=(3)
cfi=(145) /usr/src/debug/glibc/glibc/math/../sysdeps/x86_64/fpu/multiarch/s_sin.c
cfn=(558) cos
calls=1 36 
* 9
cob=(3)
cfi=(167) /usr/src/debug/glibc/glibc/math/../sysdeps/x86_64/fpu/multiarch/e_logf.c
cfn=(554) logf@@GLIBC_2.27
calls=1 29 
* 10
cob=(3)
cfi=(166) /usr/src/debug/glibc/glibc/math/../sysdeps/x86_64/fpu/multiarch/s_tan.c
cfn=(550) tan
calls=1 28 
* 9
cob=(3)
cfi=(165) /usr/src/debug/glibc/glibc/math/../sysdeps/x86_64/fpu/multiarch/e_log2.c
cfn=(546) log2@@GLIBC_2.29
calls=1 29 
* 10
cob=(3)
cfi=(164) /usr/src/debug/glibc/glibc/math/../sysdeps/x86_64/fpu/multiarch/s_sincosf.c
cfn=(542) sincosf
calls=1 28 
* 10
cob=(3)
cfi=(163) /usr/src/debug/glibc/glibc/math/../sysdeps/x86_64/fpu/multiarch/e_powf.c
cfn=(538) powf@@GLIBC_2.27
calls=1 32 
* 10
cob=(3)
cfi=(162) /usr/src/debug/glibc/glibc/math/../sysdeps/x86_64/fpu/multiarch/e_pow.c
cfn=(534) __pow_finite@GLIBC_2.15
calls=1 29 
* 8
cob=(3)
cfi=(161) /usr/src/debug/glibc/glibc/math/../sysdeps/x86_64/fpu/multiarch/e_log2f.c
cfn=(530) log2f@@GLIBC_2.27
calls=1 29 
* 10
cob=(3)
cfi=(160) /usr/src/debug/glibc/glibc/math/../sysdeps/x86_64/fpu/multiarch/s_log1p.c
cfn=(526) __log1p
calls=1 28 
* 10
cob=(3)
cfi=(159) /usr/src/debug/glibc/glibc/math/../sysdeps/x86_64/fpu/multiarch/e_log.c
cfn=(522) __log_finite@GLIBC_2.15
calls=1 29 
* 9
cob=(3)
cfi=(158) /usr/src/debug/glibc/glibc/math/../sysdeps/x86_64/fpu/multiarch/s_atan.c
cfn=(518) atan
calls=1 28 
* 9
cob=(3)
cfi=(154) /usr/src/debug/glibc/glibc/math/../sysdeps/x86_64/fpu/multiarch/e_asin.c
cfn=(514) __acos_finite@GLIBC_2.15
calls=1 37 
* 8
cob=(3)
cfi=(157) /usr/src/debug/glibc/glibc/math/../sysdeps/x86_64/fpu/multiarch/s_sinf.c
cfn=(510) sinf
calls=1 28 
* 10
cob=(3)
cfi=(156) /usr/src/debug/glibc/glibc/math/../sysdeps/x86_64/fpu/multiarch/s_fma.c
cfn=(508) fma
calls=1 49 
* 6
cob=(3)
cfi=(155) /usr/src/debug/glibc/glibc/math/../sysdeps/x86_64/fpu/multiarch/s_roundeven.c
cfn=(506) roundeven
calls=1 32 
* 7
cob=(3)
cfi=(154)
cfn=(502) __asin_finite@GLIBC_2.15
calls=1 29 
* 8
cob=(3)
cfi=(153) /usr/src/debug/glibc/glibc/math/../sysdeps/x86_64/fpu/multiarch/s_expm1.c
cfn=(498) expm1
calls=1 28 
* 10
cob=(3)
cfi=(152) /usr/src/debug/glibc/glibc/math/../sysdeps/x86_64/fpu/multiarch/e_exp2f.c
cfn=(494) exp2f@@GLIBC_2.27
calls=1 29 
* 10
cob=(3)
cfi=(151) /usr/src/debug/glibc/glibc/math/../sysdeps/x86_64/fpu/multiarch/e_sinh.c
cfn=(490) __sinh_finite@GLIBC_2.15
calls=1 28 
* 10
cob=(3)
cfi=(149) /usr/src/debug/glibc/glibc/math/../sysdeps/x86_64/fpu/multiarch/e_atanh.c
cfn=(486) __atanh_finite@GLIBC_2.15
calls=1 28 
* 10
cob=(3)
cfi=(148) /usr/src/debug/glibc/glibc/math/../sysdeps/x86_64/fpu/multiarch/s_roundevenf.c
cfn=(484) roundevenf
calls=1 32 
* 7
cob=(3)
cfi=(147) /usr/src/debug/glibc/glibc/math/../sysdeps/x86_64/fpu/multiarch/e_atan2.c
cfn=(480) __atan2_finite@GLIBC_2.15
calls=1 28 
* 9
cob=(3)
cfi=(145)
cfn=(476) sin
calls=1 29 
* 9
cob=(3)
cfi=(144) /usr/src/debug/glibc/glibc/math/../sysdeps/x86_64/fpu/multiarch/s_fmaf.c
cfn=(474) fmaf
calls=1 44 
* 6
cob=(3)
cfi=(142) /usr/src/debug/glibc/glibc/math/../sysdeps/x86_64/fpu/multiarch/s_sincos.c
cfn=(470) sincos
calls=1 28 
* 8
cob=(2)
cfi=(140) /usr/src/debug/glibc/glibc/string/../sysdeps/x86_64/multiarch/strspn.c
cfn=(462) strspn
calls=1 29 
* 7
cob=(2)
cfi=(138) /usr/src/debug/glibc/glibc/string/../sysdeps/x86_64/multiarch/memchr.c
cfn=(458) memchr
calls=1 29 
* 21
cob=(2)
cfi=(137) /usr/src/debug/glibc/glibc/string/../sysdeps/x86_64/multiarch/memmove.c
cfn=(454) memmove
calls=1 29 
* 22
cob=(2)
cfi=(136) /usr/src/debug/glibc/glibc/string/../sysdeps/x86_64/multiarch/strncpy.c
cfn=(450) strncpy
calls=1 29 
* 21
cob=(2)
cfi=(135)
cfn=(446)
calls=1 29 
* 25
cob=(2)
cfi=(134) /usr/src/debug/glibc/glibc/string/../sysdeps/x86_64/multiarch/strcasecmp_l.c
cfn=(442) strcasecmp_l
calls=1 31 
* 22
cob=(2)
cfi=(133) /usr/src/debug/glibc/glibc/string/../sysdeps/x86_64/multiarch/strcpy.c
cfn=(438) strcpy
calls=1 29 
* 19
cob=(2)
cfi=(131) /usr/src/debug/glibc/glibc/string/../sysdeps/x86_64/multiarch/memcmp.c
cfn=(434) bcmp
calls=1 29 
* 25
cob=(2)
cfi=(130) /usr/src/debug/glibc/glibc/string/../sysdeps/x86_64/multiarch/strchrnul.c
cfn=(430) strchrnul
calls=1 31 
* 25
cob=(2)
cfi=(129) /usr/src/debug/glibc/glibc/string/../sysdeps/x86_64/multiarch/strncase_l.c
cfn=(426) strncasecmp_l
calls=1 31 
* 22
cob=(2)
cfi=(128) /usr/src/debug/glibc/glibc/wcsmbs/../sysdeps/x86_64/multiarch/wcscpy.c
cfn=(424) wcscpy
calls=1 60 
* 17
cob=(2)
cfi=(127) /usr/src/debug/glibc/glibc/string/../sysdeps/x86_64/multiarch/strcspn.c
cfn=(422) strcspn
calls=1 29 
* 7
cob=(2)
cfi=(121) /usr/src/debug/glibc/glibc/string/../sysdeps/x86_64/multiarch/stpncpy.c
cfn=(416) strcasecmp
calls=1 31 
* 22
cob=(2)
cfi=(125) /usr/src/debug/glibc/glibc/string/../sysdeps/x86_64/multiarch/strncmp.c
cfn=(414) strncmp
calls=1 67 
* 22
cob=(2)
cfi=(123) /usr/src/debug/glibc/glibc/wcsmbs/../sysdeps/x86_64/multiarch/wmemchr.c
cfn=(410) wmemchr
calls=2 31 
* 42
cob=(2)
cfi=(121)
cfn=(406) stpncpy
calls=1 31 
* 21
cob=(2)
cfi=(120) /usr/src/debug/glibc/glibc/wcsmbs/../sysdeps/x86_64/multiarch/wcscmp.c
cfn=(402) wcscmp
calls=1 30 
* 25
cob=(2)
cfi=(119) /usr/src/debug/glibc/glibc/string/../sysdeps/x86_64/multiarch/strrchr.c
cfn=(398) rindex
calls=1 28 
* 25
cob=(2)
cfi=(118) /usr/src/debug/glibc/glibc/string/../sysdeps/x86_64/multiarch/strchr.c
cfn=(396) index
calls=1 65 
* 21
cob=(2)
cfi=(116) /usr/src/debug/glibc/glibc/wcsmbs/../sysdeps/x86_64/multiarch/wcschr.c
cfn=(392) wcschr
calls=2 31 
* 50
cob=(2)
cfi=(115) /usr/src/debug/glibc/glibc/string/../sysdeps/x86_64/multiarch/memrchr.c
cfn=(388) memrchr
calls=1 29 
* 25
cob=(2)
cfi=(114) /usr/src/debug/glibc/glibc/string/../sysdeps/x86_64/multiarch/strcmp.c
cfn=(386) strcmp
calls=1 79 
* 20
cob=(2)
cfi=(113) /usr/src/debug/glibc/glibc/string/../sysdeps/x86_64/multiarch/strpbrk.c
cfn=(384) strpbrk
calls=1 29 
* 7
cob=(2)
cfi=(111) /usr/src/debug/glibc/glibc/string/../sysdeps/x86_64/multiarch/strnlen.c
cfn=(380) strnlen
calls=2 31 
* 50
cob=(2)
cfi=(110) /usr/src/debug/glibc/glibc/wcsmbs/../sysdeps/x86_64/multiarch/wcsnlen.c
cfn=(376) wcsnlen
calls=1 30 
* 20
cob=(2)
cfi=(108) /usr/src/debug/glibc/glibc/string/../sysdeps/x86_64/multiarch/memset.c
cfn=(372) memset
calls=1 29 
* 23
cob=(2)
cfi=(106) /usr/src/debug/glibc/glibc/wcsmbs/../sysdeps/x86_64/multiarch/wcslen.c
cfn=(368) wcslen
calls=1 29 
* 20
cob=(2)
cfi=(105) /usr/src/debug/glibc/glibc/debug/../sysdeps/x86_64/multiarch/mempcpy_chk.c
cfn=(364) __mempcpy_chk
calls=1 29 
* 22
cob=(2)
cfi=(104) /usr/src/debug/glibc/glibc/debug/../sysdeps/x86_64/multiarch/memcpy_chk.c
cfn=(360) __memcpy_chk
calls=1 29 
* 22
cob=(2)
cfi=(103) /usr/src/debug/glibc/glibc/wcsmbs/../sysdeps/x86_64/multiarch/wcsncpy.c
cfn=(356) wcsncpy
calls=1 31 
* 18
cob=(2)
cfi=(102)
cfn=(352)
calls=1 29 
* 22
cob=(2)
cfi=(100) /usr/src/debug/glibc/glibc/debug/../sysdeps/x86_64/multiarch/memset_chk.c
cfn=(348) __memset_chk
calls=1 29 
* 23
cob=(2)
cfi=(99) /usr/src/debug/glibc/glibc/string/../sysdeps/x86_64/multiarch/strcat.c
cfn=(344) strcat
calls=1 29 
* 19
cob=(2)
cfi=(97) /usr/src/debug/glibc/glibc/wcsmbs/../sysdeps/x86_64/multiarch/wmemset.c
cfn=(340) wmemset
calls=2 31 
* 20
cob=(2)
cfi=(96) /usr/src/debug/glibc/glibc/wcsmbs/../sysdeps/x86_64/multiarch/wcscat.c
cfn=(336) wcscat
calls=1 31 
* 18
cob=(2)
cfi=(94) /usr/src/debug/glibc/glibc/wcsmbs/../sysdeps/x86_64/multiarch/wmemcmp.c
cfn=(332) wmemcmp
calls=1 29 
* 25
cob=(2)
cfi=(92) /usr/src/debug/glibc/glibc/debug/../sysdeps/x86_64/multiarch/memmove_chk.c
cfn=(328) __memmove_chk
calls=1 29 
* 22
cob=(2)
cfi=(90) /usr/src/debug/glibc/glibc/string/../sysdeps/x86_64/multiarch/stpcpy.c
cfn=(324) stpcpy
calls=1 33 
* 19
cob=(2)
cfi=(88) /usr/src/debug/glibc/glibc/wcsmbs/../sysdeps/x86_64/multiarch/wcpncpy.c
cfn=(320) wcpncpy
calls=1 31 
* 18
cob=(2)
cfi=(86) /usr/src/debug/glibc/glibc/string/../sysdeps/x86_64/multiarch/mempcpy.c
cfn=(316) mempcpy
calls=1 33 
* 22
cob=(2)
cfi=(84) /usr/src/debug/glibc/glibc/string/../sysdeps/x86_64/multiarch/strncase.c
cfn=(312) strncasecmp
calls=1 31 
* 22
cob=(2)
cfi=(82) /usr/src/debug/glibc/glibc/string/../sysdeps/x86/cacheinfo.c
cfn=(308) __x86_cacheinfo
calls=1 86 
* 30
fi=(5)
156 76
fi=(6)
474 76
fi=(5)
156 155
fe=(78)
296 15
fi=(5)
51 7
fi=(4)
+28 14
fi=(6)
347 6
+11 2
-9 4
+9 2
fi=(5)
141 4
fi=(6)
341 8
+1 12
fi=(5)
141 8
fi=(6)
395 51
+2 68
+4 17
+9 17
-9 34
+9 17
fi=(5)
141 34
fi=(6)
455 3
+5 2
-1 3
+1 2
-1 1
cfi=(29)
cfn=(82)
calls=1 210 
* 71
+2 5
+1 2
+3 17
282 34
fi=(5)
132 76
+1 76
-1 228
+2 76
fi=(6)
287 58
+3 58
+1 87
+11 58
+7 29
cob=(2)
cfi=(97)
cfn=(340)
calls=1 31 
* 10
cob=(2)
cfi=(92)
cfn=(328)
calls=1 29 
* 22
cob=(2)
cfi=(120)
cfn=(402)
calls=1 30 
* 25
cob=(2)
cfi=(136)
cfn=(450)
calls=1 29 
* 21
cob=(2)
cfi=(131)
cfn=(434)
calls=1 29 
* 25
cob=(2)
cfi=(114)
cfn=(386)
calls=1 79 
* 20
cob=(2)
cfi=(118)
cfn=(396)
calls=1 65 
* 21
cob=(2)
cfi=(140)
cfn=(462)
calls=1 29 
* 7
cob=(2)
cfi=(172) /usr/src/debug/glibc/glibc/string/../sysdeps/x86_64/multiarch/strstr.c
cfn=(582) strstr
calls=1 44 
* 7
cob=(2)
cfi=(123)
cfn=(410)
calls=1 31 
* 21
cob=(2)
cfi=(104)
cfn=(360)
calls=1 29 
* 22
cob=(2)
cfi=(125)
cfn=(414)
calls=1 67 
* 22
cob=(2)
cfi=(171) /usr/src/debug/glibc/glibc/time/../sysdeps/unix/sysv/linux/gettimeofday.c
cfn=(580) gettimeofday
calls=1 41 
* 7
cob=(2)
cfi=(94)
cfn=(332)
calls=1 29 
* 25
cob=(2)
cfi=(138)
cfn=(458)
calls=1 29 
* 21
cob=(2)
cfi=(106)
cfn=(368)
calls=1 29 
* 20
cob=(2)
cfi=(100)
cfn=(348)
calls=2 29 
* 46
cob=(2)
cfi=(137)
cfn=(454)
calls=3 29 
* 66
cob=(2)
cfi=(102)
cfn=(352)
calls=3 29 
* 66
cob=(2)
cfi=(108)
cfn=(372)
calls=2 29 
* 46
cob=(2)
cfi=(135)
cfn=(446)
calls=3 29 
* 75
* 87
+3 58
fe=(78)
175 20602
+3 1718
-1 1718
+19 1718
-18 3436
296 328
fi=(6)
-14 152
fe=(78)
175 8
fi=(5)
73 2
+98 4
fe=(78)
+19 5
fi=(5)
-17 3
+3 1
-3 4
+3 2
-3 15
+3 5
-3 20
+3 10
-2 12
+10 6
fi=(6)
+78 12
+7 12
+4 12
fe=(78)
170 24
fi=(4)
-18 18
fe=(78)
+19 12
+3 12
+8 12
-8 54
+12 12
-3 6
+1 6
+2 36
+4 30
-4 6
+4 12
cfi=(79)
cfn=(296)
calls=6 769 
* 3736
+3 6
+1 12
-4 6
+4 30
fi=(6)
+88 18
+3 3
-3 18
+4 6
+26 36
418 6
fi=(5)
187 18
-16 18
+31 6
fe=(78)
+48 10
+7 20
-9 10

fn=(464)
352 7
+1 21
+3 35
+3 7
-3 7
+3 7
+4 14
-11 7
+12 21
-12 21
+12 7
-12 7
+12 7
cfi=(141)
cfn=(466)
calls=7 117 
* 42
* 14
+6 21

fl=(382) /usr/src/debug/glibc/glibc/elf/../sysdeps/x86_64/tls_get_addr.S
fn=(2010) __tls_get_addr
29 2
+1 2
+1 2
+2 2
+1 2
+1 2
+3 2
+1 2
+4 2
+1 2
+1 2
+1 2

fl=(190)
fn=(654) call_init
29 16
-2 96
+8 24
+2 16
+6 7
+3 7
-3 14
+3 14
+5 12
+8 18
+1 24
cob=(4)
cfi=(191)
cfn=(704)
calls=1 -60 
* 7
cob=(4)
cfi=(191)
cfn=(694)
calls=1 -60 
* 7
cob=(4)
cfi=(191)
cfn=(678)
calls=1 -60 
* 7
cob=(4)
cfi=(191)
cfn=(656)
calls=1 -60 
* 7
+3 6
+1 12
+6 15
+3 10
-1 45
+2 60
cob=(7)
cfi=(266) /usr/src/debug/gcc/gcc/libstdc++-v3/src/c++11/locale-inst.cc
cfn=(966) _GLOBAL__sub_I_wlocale_inst.cc
calls=1 +86 
* 50
cob=(7)
cfi=(266)
cfn=(958) _GLOBAL__sub_I_locale_inst.cc
calls=1 +86 
* 50
cob=(7)
cfi=(266)
cfn=(950) _GLOBAL__sub_I_cxx11_wlocale_inst.cc
calls=1 +86 
* 34
cob=(7)
cfi=(266)
cfn=(942) _GLOBAL__sub_I_cxx11_locale_inst.cc
calls=1 +86 
* 34
cob=(7)
cfi=(265) /usr/src/debug/gcc/gcc/libstdc++-v3/src/c++98/parallel_settings.cc
cfn=(940) _GLOBAL__sub_I_parallel_settings.cc
calls=1 -32 
* 47
cob=(7)
cfi=(262) /usr/src/debug/gcc/gcc/libstdc++-v3/src/c++98/bitmap_allocator.cc
cfn=(934) _GLOBAL__sub_I_bitmap_allocator.cc
calls=1 +53 
* 74
cob=(7)
cfi=(254) /usr/src/debug/gcc/gcc/libstdc++-v3/libsupc++/eh_alloc.cc
cfn=(904) _GLOBAL__sub_I_eh_alloc.cc
calls=1 456 
* 1132
cob=(7)
cfi=(252) /usr/src/debug/gcc/gcc/libstdc++-v3/src/c++11/compatibility-thread-c++0x.cc
cfn=(900) _GLOBAL__sub_I_compatibility_thread_c__0x.cc
calls=1 +54 
* 11
cob=(7)
cfi=(251) /usr/src/debug/gcc/gcc/libstdc++-v3/src/c++11/compatibility-condvar.cc
cfn=(898) _GLOBAL__sub_I_compatibility_condvar.cc
calls=1 +34 
* 3
cob=(7)
cfi=(250) /usr/src/debug/gcc/gcc/libstdc++-v3/src/c++11/compatibility-c++0x.cc
cfn=(894) _GLOBAL__sub_I_compatibility_c__0x.cc
calls=1 260 
* 184
cob=(7)
cfi=(249)
cfn=(888) 0x00000000000ae760
calls=1 -74 
* 12
cob=(7)
cfi=(248) /usr/src/debug/gcc/gcc/libstdc++-v3/src/c++20/tzdb.cc
cfn=(886) _GLOBAL__sub_I.00098_tzdb.cc
calls=1 2174 
* 81
cob=(6)
cfi=(201)
cfn=(688)
calls=1 -74 
* 12
cob=(2)
cfi=(197) /usr/src/debug/glibc/glibc/libio/stdfiles.c
cfn=(676) _IO_stdfiles_init
calls=1 -10 
* 22
cob=(2)
cfi=(196) /usr/src/debug/glibc/glibc/libio/vtables.c
cfn=(674) check_stdfiles_vtables
calls=1 545 
* 12
* 20
cob=(7)
cfi=(203) /usr/src/debug/gcc/gcc/libstdc++-v3/src/c++98/globals_io.cc
cfn=(708) _GLOBAL__sub_I.00090_globals_io.cc
calls=1 +44 
* 39394
cob=(3)
cfi=(202)
cfn=(698) 0x000000000000f8f0
calls=1 -74 
* 12
cob=(6)
cfi=(198)
cfn=(682)
calls=1 -14 
* 362
cob=(2)
cfi=(193) /usr/src/debug/glibc/glibc/csu/init-first.c
cfn=(666) _init_first
calls=1 -28 
* 69
cob=(5)
cfi=(192)
cfn=(660) 0x00000000000010e0
calls=1 -74 
* 12
-1 60
+3 64
-29 2

fn=(652)
81 13
+1 1
+1 1
+3 3
+8 2
+25 1
+1 5
+1 5
-1 1
+1 1
cfn=(654)
calls=1 -92 
* 41
* 30
-1 6
+1 6
cfn=(654)
calls=6 -92 
* 42052
-1 14
+7 8
-22 1
-17 1
cfn=(654)
calls=1 -59 
* 84
+1 3

fl=(8)
fn=(14)
25 7
+3 21
+3 21
+1 14
+2 7
-1 7
+3 21
+1 7
+1 14
+2 7
-2 7
+3 14
+4 14
-2 7
+2 14
+5 7

fl=(24)
fn=(278)
69 2
fi=(391) /usr/src/debug/glibc/glibc/elf/../include/list.h
-25 1
fe=(24)
+25 2
fi=(391)
-26 1
fe=(24)
+27 1
+3 1
fi=(391)
-30 1
+1 1
+1 1
+2 1
fe=(24)
+29 4
+1 2
+1 1
+5 2
+5 1
+6 1
-3 1
+3 1
-6 3
+6 1
+16 4
cfi=(11)
cfn=(28)
calls=1 438 
* 18
fi=(76) /usr/src/debug/glibc/glibc/elf/../sysdeps/unix/sysv/linux/rseq-internal.h
-10 1
-7 1
+7 2
+24 1
fe=(24)
-12 1
+6 2
+1 2
fi=(76)
-11 2
-15 2
+15 2
+4 1
-19 1
+19 3
cfi=(44)
cfn=(140)
calls=1 +25 
* 13
+4 1
-4 1
+4 1
+2 5
+1 2
fe=(24)

fn=(88)
43 178
+2 356

fn=(68)
54 4
+3 9
+5 2
+1 1
+2 1

fl=(15)
fn=(596)
76 1
-37 3
+37 2

fn=(34)
37 1
+2 3
+2 1
cfi=(16)
cfn=(36)
calls=1 724 
* 7287

fl=(48)
fn=(150)
28 2
+1 2

fl=(63)
fn=(206)
25 6
+1 24
+1 6

fl=(38)
fn=(134) copy_hwcaps
73 10
+6 2
-6 2
+6 2
-6 4
fi=(40) /usr/src/debug/glibc/glibc/elf/./dl-hwcaps.h
-30 2
+2 2
+32 2
+1 2
+1 2
fe=(38)
-1 4
+1 4
-1 2
+1 8
cfi=(29)
cfn=(136)
calls=2 197 
* 26
+4 2
+2 2
+2 2
-3 2
+1 4
+1 4
+1 2
-11 4
cfi=(41)
cfn=(122)
calls=2 -25 
* 140
* 4
cfi=(41)
cfn=(122)
calls=2 -25 
* 178
* 8
+13 14

fn=(114)
171 8
+3 1
-3 1
+3 1
-3 6
+2 1
cfi=(39)
cfn=(116)
calls=1 29 
* 36
fi=(40)
43 1
fe=(38)
173 1
fi=(40)
45 1
+32 1
+1 1
+1 1
fe=(38)
-28 2
cfi=(41)
cfn=(122)
calls=1 * 
* 20
* 2
fi=(40)
-8 1
+2 1
-2 1
+34 2
+1 2
+1 1
fe=(38)
-25 2
-1 2
+1 2
+2 4
-5 4
cfi=(41)
cfn=(122)
calls=2 * 
* 140
* 2
cfi=(41)
cfn=(122)
calls=1 * 
* 158
* 6
+48 4
fi=(28)
-43 2
cfi=(27)
cfn=(78)
calls=1 -20 
* 18
fe=(38)
+45 2
-2 1
+2 1
fi=(40)
-58 3
fe=(38)
+61 1
fi=(40)
-59 2
+1 1
fe=(38)
+65 2
cfi=(41)
cfn=(124)
calls=1 -86 
* 7
* 2
fi=(40)
-68 2
+2 1
-2 3
+34 2
+1 5
+1 1
fe=(38)
+47 10
+1 4
+1 2
+1 2
-1 2
-4 4
cfi=(41)
cfn=(122)
calls=2 -73 
* 140
* 2
cfi=(41)
cfn=(122)
calls=1 -73 
* 158
* 6
+8 4
+9 3
+3 10
-2 7
+8 2
+4 2
-4 2
+4 3
cfi=(43)
cfn=(130)
calls=1 -95 
* 19
+1 2
+1 1
+4 1
+1 2
+1 1
-20 2
+19 1
+1 1
-20 3
-1 8
+47 4
-3 1
+7 1
-7 1
+7 1
fi=(28)
56 1
cfi=(27)
cfn=(78)
calls=1 -20 
* 18
* 1
fe=(38)
193 2
+8 1
+1 5
-1 3
+1 2
cfn=(134)
calls=1 73 
* 46
+1 5
cfn=(134)
calls=1 73 
* 394
* 1
+4 1
-23 1
+23 1
+1 1
-24 3
+31 9

ob=(7)
fl=(242) /usr/src/debug/gcc/gcc-build/x86_64-pc-linux-gnu/libstdc++-v3/include/bits/ostream.h
fn=(1784) std::ostream::operator<<(double)
231 523776
+1 523776
cfi=(350) /usr/src/debug/gcc/gcc-build/x86_64-pc-linux-gnu/libstdc++-v3/include/bits/ostream.tcc
cfn=(1786) std::ostream& std::ostream::_M_insert<double>(double)
calls=523776 67 
* 1555491103

fn=(1876) std::ostream::operator<<(std::ostream& (*)(std::ostream&))
116 523776
+5 523776
cfi=(367) /usr/src/debug/gcc/gcc-build/x86_64-pc-linux-gnu/libstdc++-v3/include/ostream
cfn=(1878) std::basic_ostream<char, std::char_traits<char> >& std::endl<char, std::char_traits<char> >(std::basic_ostream<char, std::char_traits<char> >&)
calls=523776 -55 
* 164989440

fl=(203)
fn=(708)
118 2
-38 1
+38 1
-38 1
cfi=(204) /usr/src/debug/gcc/gcc/libstdc++-v3/src/c++98/ios_init.cc
cfn=(710) std::ios_base::Init::Init()
calls=1 -2 
* 39311
* 2
+38 1
-38 2
cob=(2)
cfi=(247) /usr/src/debug/glibc/glibc/stdlib/cxa_atexit.c
cfn=(880) __cxa_atexit
calls=1 -13 
* 73

fl=(251)
fn=(898)
108 1
-26 1
+26 1

fl=(254)
fn=(904)
456 2
fi=(264) /usr/src/debug/gcc/gcc-build/x86_64-pc-linux-gnu/libstdc++-v3/include/ext/concurrence.h
134 1
fe=(254)
+61 1
456 10
fi=(264)
134 2
fe=(254)
+53 1
fi=(264)
-53 1
fe=(254)
+53 2
+8 1
cob=(2)
cfi=(255) /usr/src/debug/glibc/glibc/stdlib/secure-getenv.c
cfn=(906) secure_getenv
calls=1 28 
* 649
+7 1
-7 1
+7 3
fi=(392) /usr/src/debug/gcc/gcc-build/x86_64-pc-linux-gnu/libstdc++-v3/include/string_view
-56 1
-1 1
+1 1
fi=(393) /usr/src/debug/gcc/gcc-build/x86_64-pc-linux-gnu/libstdc++-v3/include/bits/stl_pair.h
902 1
fe=(254)
203 2
fi=(258) /usr/src/debug/gcc/gcc-build/x86_64-pc-linux-gnu/libstdc++-v3/include/bits/stl_algobase.h
+36 2
fe=(254)
-49 1
fi=(258)
+49 2
fe=(254)
-11 1
-38 2
+42 2
-94 3
+94 1
+1 1
456 11
235 2
cob=(2)
cfi=(188) /usr/src/debug/glibc/glibc/malloc/malloc.c
cfn=(916) malloc
calls=1 3480 
* 415
* 1
+1 2
+12 1
-3 1
+2 1
+1 2

fl=(337) /usr/src/debug/gcc/gcc/libstdc++-v3/libsupc++/del_opv.cc
fn=(1486) operator delete[](void*)
34 3671553
+1 3671553
cfi=(330) /usr/src/debug/gcc/gcc/libstdc++-v3/libsupc++/del_op.cc
cfn=(1388) operator delete(void*)
calls=3671553 +13 
* 519099183

fl=(349) /usr/src/debug/gcc/gcc-build/x86_64-pc-linux-gnu/libstdc++-v3/include/iomanip
fn=(1776) std::basic_ostream<char, std::char_traits<char> >& std::operator<< <char, std::char_traits<char> >(std::basic_ostream<char, std::char_traits<char> >&, std::_Setprecision)
220 523776
+2 1047552
-2 523776
fi=(241) /usr/src/debug/gcc/gcc-build/x86_64-pc-linux-gnu/libstdc++-v3/include/bits/ios_base.h
777 523776
fe=(349)
222 523776
+2 523776

fl=(236) /usr/src/debug/gcc/gcc-build/x86_64-pc-linux-gnu/libstdc++-v3/src/c++98/numeric_members_cow.cc
fn=(816) std::numpunct<char>::_M_initialize_numpunct(__locale_struct*)
92 10
+1 2
+3 2
+68 2
+1 1
-1 1
+3 2
+1 1
+1 7
-70 3
+1 1
+1 1
+2 1
+1 2
+3 2
-1 4
+1 3
-1 3
+1 105
-1 105
+4 2
-1 4
+1 3
-1 3
+1 75
-1 76

fn=(828) std::numpunct<wchar_t>::_M_initialize_numpunct(__locale_struct*)
183 9
+1 2
+3 2
+69 1
+1 1
-1 1
+3 2
+1 1
+1 6
-71 3
+4 1
-3 1
+3 1
+6 1
-8 1
+8 1
-2 4
+2 2
-2 3
+2 70
-2 105
+6 2
-2 2
+2 2
-2 3
+2 50
-2 76

fl=(350)
fn=(1786)
67 5761536
+3 2618880
cfn=(1788) std::ostream::sentry::sentry(std::ostream&)
calls=523776 -20 
* 7856640
+1 1047552
+6 2095104
fi=(239) /usr/src/debug/gcc/gcc-build/x86_64-pc-linux-gnu/libstdc++-v3/include/bits/basic_ios.h
-26 1047552
389 1047552
fi=(216) /usr/src/debug/gcc/gcc-build/x86_64-pc-linux-gnu/libstdc++-v3/include/bits/locale_facets.h
2474 523776
fi=(239)
338 523776
fi=(216)
2474 2095104
fi=(308) /usr/src/debug/gcc/gcc-build/x86_64-pc-linux-gnu/libstdc++-v3/include/bits/streambuf_iterator.h
287 1047552
fi=(216)
2474 523776
cfi=(307) /usr/src/debug/gcc/gcc-build/x86_64-pc-linux-gnu/libstdc++-v3/include/bits/locale_facets.tcc
cfn=(1794) std::num_put<char, std::ostreambuf_iterator<char, std::char_traits<char> > >::do_put(std::ostreambuf_iterator<char, std::char_traits<char> >, std::ios_base&, char, double) const
calls=523776 1182 
* 1518826783
fe=(350)
82 1047552
fi=(242)
577 2095104
+1 1047552
fe=(350)
96 6285312

fn=(1882) std::ostream::put(char)
157 5761536
+9 1571328
cfn=(1788)
calls=523776 50 
* 7856640
+1 1047552
+5 523776
fi=(239)
338 1047552
fi=(301) /usr/src/debug/gcc/gcc-build/x86_64-pc-linux-gnu/libstdc++-v3/include/streambuf
541 523776
436 1047552
+2 523776
554 523776
fi=(242)
+23 2095104
+1 1047552
fe=(350)
187 5237760

fn=(1886) std::ostream::flush()
225 3666453
+8 523779
-8 1571337
fi=(239)
338 523779
fe=(350)
233 1047558
+2 1571337
cfn=(1788)
calls=523779 50 
* 7856830
+1 1047558
+5 523779
fi=(239)
+97 1047558
fi=(301)
-58 1047558
cfi=(238) /usr/src/debug/gcc/gcc-build/x86_64-pc-linux-gnu/libstdc++-v3/include/ext/stdio_sync_filebuf.h
cfn=(1998) __gnu_cxx::stdio_sync_filebuf<char, std::char_traits<char> >::sync()
calls=3 -87 
* 216
cfi=(289) /usr/src/debug/gcc/gcc-build/x86_64-pc-linux-gnu/libstdc++-v3/include/bits/fstream.tcc
cfn=(1888) std::basic_filebuf<char, std::char_traits<char> >::sync()
calls=523776 1013 
* 95851008
fe=(350)
-39 1047558
fi=(242)
577 2095116
+1 1047558
fe=(350)
256 5237790
fi=(242)
577 3
+1 2
cfi=(380) /usr/src/debug/gcc/gcc/libstdc++-v3/libsupc++/eh_catch.cc
cfn=(2006) std::uncaught_exception()
calls=1 138 
* 29
* 2
-63 1
fi=(239)
338 1
fi=(242)
515 1
+1 1
+69 2
fi=(301)
280 2
cfi=(238)
cfn=(1998)
calls=1 -87 
* 72
fi=(242)
585 2
-66 5
fe=(350)

fn=(1887) std::ostream::flush()'2
225 7
+8 1
-8 3
fi=(239)
338 1
fe=(350)
233 2
+2 3
cfn=(1789) std::ostream::sentry::sentry(std::ostream&)'2
calls=1 50 
* 15
+1 2
+5 1
fi=(239)
+97 2
fi=(301)
-58 2
cfi=(238)
cfn=(1998)
calls=1 -87 
* 72
fe=(350)
-39 2
fi=(242)
577 4
+1 2
fe=(350)
256 10

fn=(2014) std::basic_ostream<wchar_t, std::char_traits<wchar_t> >::flush()
225 21
+8 3
-8 9
fi=(239)
338 3
fe=(350)
233 6
+2 9
cfn=(2016) std::basic_ostream<wchar_t, std::char_traits<wchar_t> >::sentry::sentry(std::basic_ostream<wchar_t, std::char_traits<wchar_t> >&)
calls=3 50 
* 190
+1 6
+5 3
fi=(239)
+97 6
fi=(301)
-58 6
cfi=(238)
cfn=(2018) __gnu_cxx::stdio_sync_filebuf<wchar_t, std::char_traits<wchar_t> >::sync()
calls=3 -87 
* 216
fe=(350)
-39 6
fi=(242)
577 12
+1 6
fe=(350)
256 30
fi=(242)
577 3
+1 2
cfi=(380)
cfn=(2006)
calls=1 138 
* 29
* 2
-63 1
fi=(239)
338 1
fi=(242)
515 1
+1 1
+69 2
fi=(301)
280 2
cfi=(238)
cfn=(2018)
calls=1 -87 
* 72
fi=(242)
585 2
-66 5
fe=(350)

fn=(2015) std::basic_ostream<wchar_t, std::char_traits<wchar_t> >::flush()'2
225 7
+8 1
-8 3
fi=(239)
338 1
fe=(350)
233 2
+2 3
cfn=(2017) std::basic_ostream<wchar_t, std::char_traits<wchar_t> >::sentry::sentry(std::basic_ostream<wchar_t, std::char_traits<wchar_t> >&)'2
calls=1 50 
* 15
+1 2
+5 1
fi=(239)
+97 2
fi=(301)
-58 2
cfi=(238)
cfn=(2018)
calls=1 -87 
* 72
fe=(350)
-39 2
fi=(242)
577 4
+1 2
fe=(350)
256 10

fn=(2016)
50 3
+5 3
-3 3
-2 3
+2 3
+3 6
fi=(239)
311 3
147 3
fe=(350)
-92 8
-5 1
+6 1
-6 4
+6 1
cfn=(2015)
calls=1 225 
* 129
+2 4
fi=(239)
+89 1
fe=(350)
-89 3
+1 1
+3 2
-4 4
+1 4

fn=(2017)
50 1
+5 1
-3 1
-2 1
+2 1
+3 2
fi=(239)
311 1
147 1
fe=(350)
-92 2
+3 2
+1 2

fn=(1788)
50 1571331
+5 1571331
-3 1571331
-2 1571331
+2 1571331
+3 3142662
fi=(239)
311 1571331
147 1571331
fe=(350)
-92 3142664
-5 1
+6 1
-6 4
+6 1
cfn=(1887)
calls=1 225 
* 129
+2 4
fi=(239)
+89 1
fe=(350)
-89 3
+1 1
+3 2
-4 3142660
+1 3142660

fn=(1789)
50 1
+5 1
-3 1
-2 1
+2 1
+3 2
fi=(239)
311 1
147 1
fe=(350)
-92 2
+3 2
+1 2

fl=(211) /usr/src/debug/gcc/gcc-build/x86_64-pc-linux-gnu/libstdc++-v3/src/c++98/c++locale.cc
fn=(736) std::locale::facet::_S_create_c_locale(__locale_struct*&, char const*, __locale_struct*)
134 5
+1 1
-1 1
+1 1
cob=(2)
cfi=(212) /usr/src/debug/glibc/glibc/locale/newlocale.c
cfn=(738) newlocale
calls=1 -92 
* 38
* 1
+1 2
+6 3

fn=(1350) void std::__convert_to_v<double>(char const*, double&, std::_Ios_Iostate&, __locale_struct* const&)
75 6291456
+2 1048576
-2 6291456
+2 2097152
cob=(2)
cfi=(320) /usr/src/debug/glibc/glibc/stdlib/strtod_l.c
cfn=(1352) strtod_l
calls=1048576 1784 
* 780337902
+4 1048576
-4 1048576
+4 4194304
+15 9437184
-10 3145728
+5 3145728

fl=(351) /usr/src/debug/gcc/gcc/libstdc++-v3/src/c++98/locale_facets.cc
fn=(1800) std::__num_base::_S_format_float(std::ios_base const&, char*, char)
64 1571328
+2 523776
fi=(241)
695 523776
fe=(351)
66 523776
+2 1047552
+2 1047552
fi=(241)
+17 1571328
fe=(351)
-10 1047552
+4 1047552
+4 1047552
+9 1571328
-1 1047552
-11 523776
+9 1047552
+9 1571328
+1 523776
+1 523776

fl=(252)
fn=(900)
128 3
-74 1
cfi=(253) /usr/src/debug/gcc/gcc/libstdc++-v3/src/c++11/future.cc
cfn=(902) std::future_category()
calls=1 +35 
* 3
* 2
+74 2

fl=(380)
fn=(2006)
138 6
+2 2
cfi=(381) /usr/src/debug/gcc/gcc/libstdc++-v3/libsupc++/eh_globals.cc
cfn=(2008) __cxa_get_globals
calls=2 -78 
* 40
+5 2
-4 6
+4 2

fl=(222) /usr/src/debug/gcc/gcc-build/x86_64-pc-linux-gnu/libstdc++-v3/include/x86_64-pc-linux-gnu/bits/messages_members.h
fn=(826) std::messages<char>::messages(unsigned long)
44 2
fi=(214) /usr/src/debug/gcc/gcc-build/x86_64-pc-linux-gnu/libstdc++-v3/include/bits/locale_classes.h
436 3
fe=(222)
44 4
fi=(214)
436 1
fe=(222)
46 3
-1 1
cfi=(207) /usr/src/debug/gcc/gcc/libstdc++-v3/src/c++98/locale.cc
cfn=(726) std::locale::facet::_S_get_c_locale()
calls=1 221 
* 18
* 1
+1 1
cfi=(207)
cfn=(722) std::locale::facet::_S_get_c_name()
calls=1 233 
* 3
* 1
+1 4

fn=(770) std::__cxx11::messages<char>::messages(unsigned long)
44 2
fi=(214)
436 3
fe=(222)
44 4
fi=(214)
436 1
fe=(222)
46 3
-1 1
cfi=(207)
cfn=(726)
calls=1 221 
* 18
* 1
+1 1
cfi=(207)
cfn=(722)
calls=1 233 
* 3
* 1
+1 4

fn=(810) std::__cxx11::messages<wchar_t>::messages(unsigned long)
44 2
fi=(214)
436 3
fe=(222)
44 4
fi=(214)
436 1
fe=(222)
46 3
-1 1
cfi=(207)
cfn=(726)
calls=1 221 
* 18
* 1
+1 1
cfi=(207)
cfn=(722)
calls=1 233 
* 3
* 1
+1 4

fn=(834) std::messages<wchar_t>::messages(unsigned long)
44 2
fi=(214)
436 3
fe=(222)
44 4
fi=(214)
436 1
fe=(222)
46 3
-1 1
cfi=(207)
cfn=(726)
calls=1 221 
* 18
* 1
+1 1
cfi=(207)
cfn=(722)
calls=1 233 
* 3
* 1
+1 4

fl=(282) /usr/src/debug/gcc/gcc/libstdc++-v3/libsupc++/new_op.cc
fn=(1044) operator new(unsigned long)
43 9442382
+4 4721191
-4 14163573
+4 14163573
+3 9442382
cob=(2)
cfi=(188)
cfn=(916)
calls=4721191 3480 
* 674601166
* 9442382
+9 14163573

fl=(220) /usr/src/debug/gcc/gcc-build/x86_64-pc-linux-gnu/libstdc++-v3/include/x86_64-pc-linux-gnu/bits/time_members.h
fn=(806) std::__timepunct<wchar_t>::__timepunct(std::__timepunct_cache<wchar_t>*, unsigned long)
48 2
fi=(214)
436 2
fe=(220)
49 1
fi=(214)
436 1
fe=(220)
48 4
fi=(214)
436 1
fe=(220)
50 1
-1 1
+1 3
cfi=(207)
cfn=(722)
calls=1 233 
* 3
+1 2
-1 1
+1 1
cfi=(221) /usr/src/debug/gcc/gcc-build/x86_64-pc-linux-gnu/libstdc++-v3/src/c++98/time_members.cc
cfn=(808) std::__timepunct<wchar_t>::_M_initialize_timepunct(__locale_struct*)
calls=1 222 
* 148
* 4

fn=(766) std::__timepunct<char>::__timepunct(std::__timepunct_cache<char>*, unsigned long)
48 2
fi=(214)
436 2
fe=(220)
49 1
fi=(214)
436 1
fe=(220)
48 4
fi=(214)
436 1
fe=(220)
50 1
-1 1
+1 3
cfi=(207)
cfn=(722)
calls=1 233 
* 3
+1 2
-1 1
+1 1
cfi=(221)
cfn=(768) std::__timepunct<char>::_M_initialize_timepunct(__locale_struct*)
calls=1 +15 
* 152
* 4

fl=(239)
fn=(1164) std::basic_ios<char, std::char_traits<char> >::operator!() const
133 1048578
+81 2097156
-80 1048578

fn=(1272) std::basic_ios<char, std::char_traits<char> >::operator bool() const
124 1025
+1 3075

fl=(301)
fn=(1340) std::basic_streambuf<char, std::char_traits<char> >::sbumpc() [clone .isra.0]
494 1048053
328 2096106
507 2096106
336 1048053

fl=(312) /usr/src/debug/gcc/gcc/libstdc++-v3/src/c++98/istream-string.cc
fn=(1248) std::basic_istream<char, std::char_traits<char> >& std::getline<char, std::char_traits<char>, std::allocator<char> >(std::basic_istream<char, std::char_traits<char> >&, std::__cxx11::basic_string<char, std::char_traits<char>, std::allocator<char> >&, char)
124 9234
+12 1026
-12 3078
+12 5130
cfi=(300) /usr/src/debug/gcc/gcc-build/x86_64-pc-linux-gnu/libstdc++-v3/include/bits/istream.tcc
cfn=(1174) std::istream::sentry::sentry(std::istream&, bool)
calls=1026 -85 
* 30780
+1 2052
+63 3
fi=(241)
-2 1
fi=(239)
-31 1
cfi=(243) /usr/src/debug/gcc/gcc-build/x86_64-pc-linux-gnu/libstdc++-v3/include/bits/basic_ios.tcc
cfn=(1158) std::basic_ios<char, std::char_traits<char> >::clear(std::_Ios_Iostate)
calls=1 46 
* 9
fe=(312)
+35 12312
fi=(311) /usr/src/debug/gcc/gcc-build/x86_64-pc-linux-gnu/libstdc++-v3/include/bits/basic_string.h
+32 1026
+5 1026
fi=(305) /usr/src/debug/gcc/gcc-build/x86_64-pc-linux-gnu/libstdc++-v3/include/bits/char_traits.h
352 1026
fe=(312)
144 1026
fi=(239)
338 2052
fi=(301)
494 1026
350 2052
fi=(305)
452 1025
fi=(311)
259 1025
fi=(305)
452 1025
fe=(312)
153 1025
fi=(311)
259 1025
fi=(305)
452 2050
fe=(312)
148 2050
fi=(311)
259 1
fi=(305)
452 1
fe=(312)
153 1
fi=(311)
259 1
fi=(305)
452 2
fe=(312)
148 1538
fi=(305)
405 3586
fe=(312)
149 5634
fi=(301)
494 1792
fe=(312)
152 1792
+1 3584
fi=(311)
1165 1792
fe=(312)
152 1792
fi=(258)
+87 3584
fe=(312)
-85 3584
fi=(305)
405 10752
cob=(2)
cfi=(313) /usr/src/debug/glibc/glibc/string/../sysdeps/x86_64/multiarch/memchr-avx2.S
cfn=(1256) __memchr_avx2
calls=1792 61 
* 722460
fe=(312)
160 1792
fi=(311)
422 1792
fi=(305)
-17 1792
fe=(312)
160 5376
fi=(311)
422 5376
1570 8960
cfi=(314) /usr/src/debug/gcc/gcc-build/x86_64-pc-linux-gnu/libstdc++-v3/include/bits/basic_string.tcc
cfn=(1258) std::__cxx11::basic_string<char, std::char_traits<char>, std::allocator<char> >::_M_append(char const*, unsigned long) [clone .isra.0]
calls=1792 444 
* 700878
fi=(301)
804 5376
fe=(312)
163 1792
fi=(301)
804 1792
350 3584
fe=(312)
149 1024
fi=(305)
452 1024
fe=(312)
149 2048
fi=(301)
494 1025
fe=(312)
178 1025
fi=(301)
328 2050
507 2050
fe=(312)
197 1025
fi=(301)
353 2304
cfi=(289)
cfn=(1180) std::basic_filebuf<char, std::char_traits<char> >::underflow()
calls=768 -26 
* 109824
fe=(312)
149 2304
+48 3
+2 1
fi=(301)
353 3
cfi=(289)
cfn=(1180)
calls=1 -26 
* 140
* 1
fe=(312)

fl=(223) /usr/src/debug/gcc/gcc/libstdc++-v3/src/c++11/ctype.cc
fn=(864) std::ctype<char>::_M_widen_init() const
90 2
+3 10
-3 2
+3 9
-3 2
+3 1
-3 3
+3 4
-1 1
+1 1
-1 1
+1 1
-1 3
+1 410
-1 15
+1 180
-1 30
+1 6
-1 1
+1 12
-1 2
+2 5
fi=(216)
1120 32
fe=(223)
98 4
cob=(2)
cfi=(233) /usr/src/debug/glibc/glibc/string/../sysdeps/x86_64/multiarch/memcmp-avx2-movbe.S
cfn=(796) __memcmp_avx2_movbe
calls=1 -25 
* 47
+1 4
+1 6

fn=(772) std::ctype<wchar_t>::ctype(unsigned long)
103 2
fi=(214)
436 3
fe=(223)
103 4
fi=(214)
436 1
fe=(223)
105 4
cfi=(207)
cfn=(726)
calls=1 221 
* 18
* 1
+1 1
-1 1
+1 4
cfi=(224) /usr/src/debug/gcc/gcc-build/x86_64-pc-linux-gnu/libstdc++-v3/src/c++11/ctype_members.cc
cfn=(774) std::ctype<wchar_t>::_M_initialize_ctype()
calls=1 273 
* 18671

fl=(240) /usr/src/debug/gcc/gcc/libstdc++-v3/src/c++11/ios.cc
fn=(1514) std::ios_base::_M_dispose_callbacks()
177 8208
+1 1026
+1 2052
+6 1026
+1 6156

fn=(1512) std::ios_base::_M_call_callbacks(std::ios_base::event)
163 7182
+1 1026
+1 2052
+8 6156

fn=(842) std::ios_base::ios_base()
76 1034
+3 1034
-2 1034
+2 1034
-2 1034
+1 1034
fi=(241)
640 2068
fe=(240)
79 3102
-2 1034
+1 4136
fi=(241)
640 1034
fe=(240)
79 1034
fi=(241)
640 1034
fe=(240)
79 2068
fi=(241)
640 7238
fe=(240)
79 7238
fi=(241)
640 7238
fe=(240)
79 18612
cfi=(206) /usr/src/debug/gcc/gcc/libstdc++-v3/src/c++11/locale_init.cc
cfn=(714) std::locale::locale()
calls=1034 269 
* 26884

fn=(1510) std::ios_base::~ios_base()
87 2052
+2 1026
-2 7182
+2 1026
cfn=(1512)
calls=1026 +74 
* 16416
+1 2052
cfn=(1514)
calls=1026 +87 
* 18468
+1 4104
+5 4104
cfi=(207)
cfn=(854) std::locale::~locale()
calls=1026 -5 
* 6156

fl=(308)
fn=(1212) std::istreambuf_iterator<char, std::char_traits<char> >::equal(std::istreambuf_iterator<char, std::char_traits<char> > const&) const
201 10483150
+8 29352820
-7 10483150
fi=(301)
350 6289890
fe=(308)
201 4193260

fn=(1216) std::istreambuf_iterator<char, std::char_traits<char> >::_M_get() const
206 2096630
+3 2096630
-1 2096630
+1 8386520
fi=(301)
494 2096630
350 4193260
fi=(305)
452 4193260
fe=(308)

fl=(208) /usr/src/debug/gcc/gcc-build/x86_64-pc-linux-gnu/libstdc++-v3/src/c++11/ctype_configure_char.cc
fn=(724) std::ctype<char>::ctype(unsigned short const*, bool, unsigned long)
121 2
fi=(214)
436 1
fe=(208)
121 8
fi=(214)
436 3
fe=(208)
127 3
-5 1
cfi=(207)
cfn=(726)
calls=1 +99 
* 149
+1 1
-1 1
+1 3
+1 2
+1 2
+1 2
+3 3
-3 1
+3 1
-2 1
+2 1
-2 1
+2 36
+1 39
+1 6
-5 2

fl=(219) /usr/src/debug/gcc/gcc-build/x86_64-pc-linux-gnu/libstdc++-v3/src/c++98/monetary_members.cc
fn=(804) std::__cxx11::moneypunct<wchar_t, true>::_M_initialize_moneypunct(__locale_struct*, char const*)
558 13
+1 2
+3 2
731 11
565 2
+5 1
-3 1
-2 1
+12 1
-7 1
+7 1
-5 1
+2 1
+3 1
-10 1
+1 1
+1 1
+2 1
+2 1
+2 1
+1 1
+2 2
+5 1
-1 1
+1 1
-2 2
+2 2
-2 3
+2 20
-2 31

fn=(762) std::__cxx11::moneypunct<char, false>::_M_initialize_moneypunct(__locale_struct*, char const*)
372 11
+1 2
+3 2
+3 1
+12 1
-10 1
-2 1
+1 1
+11 1
-11 1
+1 2
+1 1
+1 1
+1 1
+1 1
+1 1
+1 1
+1 1
+1 1
+1 1
+1 1
+1 2
+3 2
-1 2
+1 3
-1 3
+1 30
-1 30
517 8

fn=(802) std::__cxx11::moneypunct<wchar_t, false>::_M_initialize_moneypunct(__locale_struct*, char const*)
741 13
+1 2
+3 2
914 11
748 2
+5 1
-3 1
-2 1
+12 1
-7 1
+7 1
-5 1
+2 1
+3 1
-10 1
+1 1
+1 1
+2 1
+2 1
+2 1
+1 1
+2 2
+5 1
-1 1
+1 1
-2 2
+2 2
-2 3
+2 20
-2 31

fn=(764) std::__cxx11::moneypunct<char, true>::_M_initialize_moneypunct(__locale_struct*, char const*)
216 11
+1 2
+3 2
+3 1
+12 1
-10 1
-2 1
+1 1
+11 1
-11 1
+1 2
+1 1
+1 1
+1 1
+1 1
+1 1
+1 1
+1 1
+1 1
+1 1
+1 1
+1 2
+3 2
-1 2
+1 3
-1 3
+1 30
-1 30
366 8

fl=(248)
fn=(886)
2174 1
198 4
cob=(2)
cfi=(247)
cfn=(880)
calls=1 67 
* 76

fl=(217) /usr/src/debug/gcc/gcc-build/x86_64-pc-linux-gnu/libstdc++-v3/src/c++98/numeric_members.cc
fn=(800) std::__cxx11::numpunct<wchar_t>::_M_initialize_numpunct(__locale_struct*)
183 9
+1 2
+3 2
+69 1
+1 1
-1 1
+3 2
+1 1
+1 6
-71 3
+4 1
-3 1
+3 1
+6 1
-8 1
+8 1
-2 4
+2 2
-2 3
+2 70
-2 105
+6 2
-2 2
+2 2
-2 3
+2 50
-2 76

fn=(758) std::__cxx11::numpunct<char>::_M_initialize_numpunct(__locale_struct*)
92 10
+1 2
+3 2
+68 2
+1 1
-1 1
+3 2
+1 1
+1 7
-70 3
+1 1
+1 1
+2 1
+1 2
+3 2
-1 4
+1 3
-1 3
+1 105
-1 105
+4 2
-1 4
+1 3
-1 3
+1 75
-1 76

fl=(366) /usr/src/debug/gcc/gcc-build/x86_64-pc-linux-gnu/libstdc++-v3/include/bits/streambuf.tcc
fn=(1854) std::basic_streambuf<char, std::char_traits<char> >::xsputn(char const*, long)
84 5761536
+3 523776
-3 523776
+4 2095106
fi=(301)
541 523777
fe=(366)
91 1571331
+2 523776
fi=(305)
429 523776
fe=(366)
93 523776
fi=(258)
239 1047552
fe=(366)
96 523776
fi=(305)
429 523776
fe=(366)
97 523776
fi=(305)
429 523776
cob=(2)
cfi=(285) /usr/src/debug/glibc/glibc/string/../sysdeps/x86_64/multiarch/memmove-vec-unaligned-erms.S
cfn=(1072) __memcpy_avx_unaligned_erms
calls=523776 255 
* 5761552
fi=(301)
807 523776
fe=(366)
101 1047552
+2 2
fi=(305)
452 2
fe=(366)
114 4713984
fi=(305)
452 1
fe=(366)
103 2
cfi=(289)
cfn=(1860) std::basic_filebuf<char, std::char_traits<char> >::overflow(int)
calls=1 545 
* 53
+1 2
+2 1
+1 2

fl=(243)
fn=(848) std::basic_ios<char, std::char_traits<char> >::init(std::basic_streambuf<char, std::char_traits<char> >*)
131 24640
+3 3080
cfi=(244) /usr/src/debug/gcc/gcc/libstdc++-v3/src/c++98/ios_locale.cc
cfn=(850) std::ios_base::_M_init()
calls=3080 -95 
* 224840
+3 9240
cfn=(858) std::basic_ios<char, std::char_traits<char> >::_M_cache_locale(std::locale const&)
calls=3080 +32 
* 154000
+16 12320
fi=(216)
884 6160
+1 3079
fe=(243)
155 6158
+1 3079
+8 9237
-2 3079
-1 3079
+2 3079
+1 3079
+1 15395
-10 2
+1 1
+8 3
-2 1
-1 1
+2 1
+1 1
+1 5
fi=(216)
886 2
cfi=(223)
cfn=(864)
calls=1 90 
* 794
+1 6
fe=(243)

fn=(870) std::basic_ios<wchar_t, std::char_traits<wchar_t> >::_M_cache_locale(std::locale const&)
169 28
fi=(245) /usr/src/debug/gcc/gcc-build/x86_64-pc-linux-gnu/libstdc++-v3/include/bits/locale_classes.tcc
-50 8
cfi=(207)
cfn=(748) std::locale::id::_M_id() const
calls=4 507 
* 24
* 8
+1 4
+23 4
fe=(243)
+28 8
fi=(245)
-52 4
cfi=(207)
cfn=(748)
calls=4 507 
* 24
* 8
+1 4
+25 4
fe=(243)
+27 8
fi=(245)
-53 4
cfi=(207)
cfn=(748)
calls=4 507 
* 24
* 4
+1 4
+24 4
fe=(243)
+29 8
+1 16

fn=(1158)
46 1027
fi=(241)
198 5135
-5 1027
fe=(243)
52 2054

fn=(868) std::basic_ios<wchar_t, std::char_traits<wchar_t> >::init(std::basic_streambuf<wchar_t, std::char_traits<wchar_t> >*)
131 28
+3 4
cfi=(244)
cfn=(850)
calls=4 -95 
* 292
+3 12
cfn=(870)
calls=4 +32 
* 200
+16 16
fi=(216)
299 12
cfi=(224)
cfn=(876) std::ctype<wchar_t>::do_widen(char) const
calls=4 -94 
* 16
fe=(243)
155 8
+1 4
+8 12
-2 4
-1 4
+2 4
+1 4
+1 16

fn=(858)
169 21560
fi=(245)
-50 6160
cfi=(207)
cfn=(748)
calls=3080 507 
* 18480
* 6160
+1 3080
+8 3080
fe=(243)
+43 6160
fi=(245)
-52 3080
cfi=(207)
cfn=(748)
calls=3080 507 
* 18480
* 6160
+1 3080
+10 3080
fe=(243)
+42 6160
fi=(245)
-53 3080
cfi=(207)
cfn=(748)
calls=3080 507 
* 18480
* 3080
+1 3080
+9 3080
fe=(243)
+44 6160
+1 12320

fl=(221)
fn=(768)
66 8
+1 2
+3 2
192 9
73 1
cfi=(207)
cfn=(726)
calls=1 221 
* 18
+2 3
-2 1
+2 19
+54 1
-54 63
+54 1
-54 19
192 5

fn=(808)
222 7
+1 2
+3 2
396 8
229 1
cfi=(207)
cfn=(726)
calls=1 -8 
* 18
+2 3
-2 1
+2 18
+54 1
-54 57
396 1
231 2
+54 1
-54 24
396 2

fl=(244)
fn=(850)
39 18504
+2 3084
-2 9252
+4 3084
-2 3084
+3 6168
cfi=(206)
cfn=(714)
calls=3084 269 
* 80184
* 9252
cfi=(207)
cfn=(852) std::locale::operator=(std::locale const&)
calls=3084 +76 
* 43176
* 6168
cfi=(207)
cfn=(854)
calls=3084 +47 
* 18504
+1 24672

fl=(309) /usr/src/debug/gcc/gcc-build/x86_64-pc-linux-gnu/libstdc++-v3/include/bits/cow_string.h
fn=(1334) std::string::push_back(char)
1437 16773032
330 2096629
961 2096629
1439 2096629
+1 4193258
fi=(205) /usr/src/debug/gcc/gcc-build/x86_64-pc-linux-gnu/libstdc++-v3/include/ext/atomicity.h
54 2096629
fe=(309)
221 4193258
1440 6289887
fi=(305)
352 2096629
fe=(309)
-22 2096629
+8 2096629
-99 4193258
1440 4193258
233 2096629
+10 2096629
fi=(305)
352 2096629
fe=(309)
1444 12579774

fn=(1326) std::string::_Rep::_S_create(unsigned long, unsigned long, std::allocator<char> const&)
3706 1048576
+6 1048576
-6 4194304
+6 3145728
+35 5242880
+8 1048576
+1 2097152
+7 1048576
fi=(329) /usr/src/debug/gcc/gcc-build/x86_64-pc-linux-gnu/libstdc++-v3/include/bits/new_allocator.h
151 1048576
cfi=(282)
cfn=(1044)
calls=1048576 43 
* 51380765
fe=(309)
3770 1048576
+10 1048576
233 1048576
3780 2097152

fn=(1324) std::string::_Rep::_M_clone(std::allocator<char> const&, unsigned long)
3784 6291456
+4 2097152
+1 3145728
cfn=(1326)
calls=1048576 -83 
* 76546589
+2 1048576
-2 1048576
252 1048576
3791 2097152
239 2097152
-6 1048576
3796 1048576
243 1048576
fi=(305)
352 1048576
fe=(309)
3796 3145728

fn=(1230) std::basic_string<char, std::char_traits<char>, std::allocator<char> >::~basic_string()
758 1048577
330 1048577
+8 1048577
-69 2097154
759 1048577

fn=(1322) std::string::reserve(unsigned long)
3652 6291456
330 1048576
3652 3145728
1060 2097152
3661 2097152
+10 4194304
cfn=(1324)
calls=1048576 3784 
* 102760989
* 1048576
330 1048576
+8 1048576
-69 2097152
+65 1048576
3674 8388608

fl=(300)
fn=(1172) std::istream& std::istream::_M_extract<unsigned int>(unsigned int&)
101 2
+3 1
-3 4
+3 1
-3 4
+3 2
cfn=(1174)
calls=1 -53 
* 202
+1 2
+6 1
-4 1
+4 3
fi=(239)
-60 2
fi=(216)
2056 5
+2 8
cfn=(1206) std::num_get<char, std::istreambuf_iterator<char, std::char_traits<char> > >::do_get(std::istreambuf_iterator<char, std::char_traits<char> >, std::istreambuf_iterator<char, std::char_traits<char> >, std::ios_base&, std::_Ios_Iostate&, unsigned int&) const
calls=1 2238 
* 368
* 2
fe=(300)
125 3
+4 9

fn=(1316) std::istream& std::istream::_M_extract<double>(double&)
101 2097152
+3 1048576
-3 4194304
+3 1048576
-3 4194304
+3 2097152
cfn=(1174)
calls=1048576 -53 
* 67095552
+1 2097152
+6 1048576
-4 1048576
+4 3145728
fi=(239)
-60 2097152
fi=(216)
2114 5242880
+2 8388608
cfi=(307)
cfn=(1320) std::num_get<char, std::istreambuf_iterator<char, std::char_traits<char> > >::do_get(std::istreambuf_iterator<char, std::char_traits<char> >, std::istreambuf_iterator<char, std::char_traits<char> >, std::ios_base&, std::_Ios_Iostate&, double&) const
calls=1048576 709 
* 1661114432
* 2097152
fe=(300)
125 3145728
+4 9437184
-3 3072
fi=(241)
+72 1024
fi=(239)
-31 1024
cfi=(243)
cfn=(1158)
calls=1024 46 
* 9216
* 1024
fe=(300)

fn=(1174)
51 8396824
+4 1049603
-4 1049603
+1 1049603
+3 2099206
fi=(239)
+92 1049603
fe=(300)
-92 3148809
fi=(239)
311 2099206
fe=(300)
59 2099206
fi=(239)
+88 1048577
fe=(300)
-58 2097154
-28 4196360
+29 1049603
+6 6297618
fi=(239)
338 1048577
fi=(301)
494 1048577
350 2097154
fe=(300)
67 1048576
fi=(305)
452 1048576
fi=(239)
51 2097152
fi=(306) /usr/src/debug/gcc/gcc-build/x86_64-pc-linux-gnu/libstdc++-v3/include/x86_64-pc-linux-gnu/bits/ctype_inline.h
-7 2097154
fe=(300)
+25 2097154
fi=(301)
494 1047552
+3 1047552
328 2095104
507 2095104
350 2095104
fi=(305)
452 1047552
fi=(306)
44 2095104
fe=(300)
+25 2095104
+20 4194308
fi=(301)
353 3
cfi=(289)
cfn=(1180)
calls=1 -26 
* 143
fe=(300)
67 4
fi=(239)
-16 2
fe=(300)
+18 3

fl=(314)
fn=(1258)
444 5376
fi=(311)
259 1792
fe=(314)
444 3584
fi=(311)
1165 1792
239 1792
+41 3584
1279 1791
fe=(314)
447 1791
+2 3582
-2 1
+2 2
+2 3582
+1 1791
fi=(311)
-2 5373
fi=(305)
-21 5373
cob=(2)
cfi=(285)
cfn=(1072)
calls=1791 255 
* 646132
fi=(311)
239 1791
454 1791
239 1791
-5 1791
fi=(305)
352 1791
fe=(314)
459 3583
-4 5
cfn=(1262) std::__cxx11::basic_string<char, std::char_traits<char>, std::allocator<char> >::_M_mutate(unsigned long, unsigned long, char const*, unsigned long)
calls=1 -99 
* 988
fi=(311)
239 3
-5 1
fi=(305)
352 1
fe=(314)
459 2
fi=(311)
1279 2
fe=(314)

fn=(1262)
356 2
+6 2
-6 10
fi=(311)
1165 3
fe=(314)
362 2
fi=(311)
257 2
+23 2
1279 2
fe=(314)
363 2
-3 1
+3 2
cob=(8)
cfi=(279) /usr/include/c++/15.2.1/bits/basic_string.tcc
cfn=(1026) std::__cxx11::basic_string<char, std::char_traits<char>, std::allocator<char> >::_M_create(unsigned long&, unsigned long)
calls=1 143 
* 317
+2 2
-2 1
+2 1
+2 4
+1 1
fi=(311)
+82 2
fi=(305)
-21 4
cob=(2)
cfi=(285)
cfn=(1072)
calls=1 255 
* 603
* 2
fe=(314)
-60 2
fi=(311)
239 1
+41 2
-14 1
-37 1
+37 1
fe=(314)
376 11
fi=(311)
1279 2
fe=(314)

fl=(207)
fn=(748)
507 2105445
+1 6316335
fi=(205)
54 48
fe=(207)
521 96
+22 288
+2 48
+1 48
-1 2105397
+1 2105397

fn=(854)
91 5136
+2 20544
fi=(214)
605 5136
fe=(207)

fn=(836) std::locale::locale(std::locale::_Impl*)
88 2
+1 1

fn=(734) std::locale::facet::_S_initialize_once()
208 1
+4 3
+4 3
cfi=(211)
cfn=(736)
calls=1 -82 
* 52

fn=(746) std::locale::_Impl::_M_install_facet(std::locale::id const*, std::locale::facet const*)
325 320
+1 128
+2 32
cfn=(748)
calls=32 507 
* 480
+3 32
-3 32
+3 96
fi=(205)
54 32
+40 32
+16 64
-16 32
fe=(207)
369 64
+1 32
-1 32
+1 64
+36 96
+15 4768
+2 1536
+1 4608
+7 256

fn=(722)
233 21

fn=(726)
221 1572366
fi=(394) /usr/src/debug/gcc/gcc-build/x86_64-pc-linux-gnu/libstdc++-v3/include/x86_64-pc-linux-gnu/bits/gthr-default.h
746 3144732
fe=(207)
221 3144732
fi=(394)
746 1572366
cob=(2)
cfi=(209) /usr/src/debug/glibc/glibc/nptl/pthread_once.c
cfn=(728) pthread_once@@GLIBC_2.34
calls=1572366 136 
* 9434327
fe=(207)
226 6289464
+3 3144732

fn=(852)
120 6168
+1 15420
+4 6168
+2 6168
-4 9252

fl=(204)
fn=(710)
78 9
fi=(205)
+22 1
-14 1
+14 2
-14 1
+1 2
fe=(204)
-7 3
fi=(301)
475 2
-1 1
+1 22
fe=(204)
83 1
fi=(301)
475 1
fe=(204)
83 1
+2 1
fi=(301)
475 1
fe=(204)
85 1
fi=(301)
475 1
cfi=(206)
cfn=(714)
calls=1 269 
* 36165
fi=(238)
83 1
fi=(301)
475 2
fi=(238)
83 1
fi=(301)
475 1
fi=(238)
83 1
fe=(204)
+3 1
fi=(301)
475 2
fe=(204)
86 1
fi=(301)
475 1
fi=(238)
83 2
fi=(301)
474 1
+1 1
cfi=(206)
cfn=(714)
calls=1 269 
* 26
fe=(204)
87 1
fi=(301)
475 5
fi=(238)
83 1
fe=(204)
+4 1
fi=(301)
475 1
fi=(238)
83 2
fi=(301)
474 1
+1 1
cfi=(206)
cfn=(714)
calls=1 269 
* 26
fi=(239)
+2 1
fi=(238)
83 3
fi=(239)
477 2
cfi=(240)
cfn=(842)
calls=1 76 
* 86
fi=(242)
93 1
fi=(239)
476 1
+1 1
-1 1
fi=(242)
93 2
fi=(239)
476 1
+1 2
fi=(242)
93 2
cfi=(243)
cfn=(848)
calls=1 +38 
* 958
fi=(239)
477 3
cfi=(240)
cfn=(842)
calls=1 76 
* 86
* 1
-1 1
fi=(246) /usr/src/debug/gcc/gcc-build/x86_64-pc-linux-gnu/libstdc++-v3/include/istream
99 1
-1 1
fi=(239)
476 1
fi=(246)
99 1
fi=(239)
476 1
fi=(246)
98 5
fi=(239)
477 2
fi=(246)
99 1
cfi=(243)
cfn=(848)
calls=1 +32 
* 157
fi=(239)
477 3
cfi=(240)
cfn=(842)
calls=1 76 
* 86
fi=(242)
93 1
fi=(239)
477 1
-1 2
fi=(242)
93 2
fi=(239)
476 1
+1 2
fi=(242)
93 2
cfi=(243)
cfn=(848)
calls=1 +38 
* 157
fi=(239)
477 4
cfi=(240)
cfn=(842)
calls=1 76 
* 86
fi=(242)
93 1
fi=(239)
477 1
-1 2
fi=(242)
93 2
fi=(239)
476 1
+1 2
fi=(242)
93 2
cfi=(243)
cfn=(848)
calls=1 +38 
* 157
fe=(204)
+9 1
fi=(301)
475 2
fi=(239)
325 2
fi=(301)
475 1
fe=(204)
102 1
fi=(301)
475 1
fi=(241)
107 1
fi=(301)
475 2
-1 1
+1 1
cfi=(206)
cfn=(714)
calls=1 269 
* 26
fi=(238)
83 1
fi=(301)
475 2
fi=(238)
83 1
fi=(301)
475 1
fi=(238)
83 1
fe=(204)
+20 1
fi=(301)
475 2
fe=(204)
103 1
fi=(301)
475 1
fi=(238)
83 2
fi=(301)
474 1
+1 1
cfi=(206)
cfn=(714)
calls=1 269 
* 26
fe=(204)
104 1
fi=(301)
475 5
fi=(238)
83 1
fe=(204)
+21 1
fi=(301)
475 1
fi=(238)
83 2
fi=(301)
474 1
+1 1
cfi=(206)
cfn=(714)
calls=1 269 
* 26
fi=(239)
+2 1
fi=(238)
83 3
fi=(239)
477 2
cfi=(240)
cfn=(842)
calls=1 76 
* 86
fi=(242)
93 1
fi=(239)
477 1
-1 2
fi=(242)
93 2
fi=(239)
476 1
+1 2
fi=(242)
93 2
cfi=(243)
cfn=(868)
calls=1 +38 
* 159
fi=(239)
477 3
cfi=(240)
cfn=(842)
calls=1 76 
* 86
fi=(246)
98 1
fi=(239)
477 1
-1 2
fi=(246)
99 2
-1 2
fi=(239)
476 1
fi=(246)
98 3
fi=(239)
477 2
fi=(246)
99 1
cfi=(243)
cfn=(868)
calls=1 +32 
* 159
fi=(239)
477 3
cfi=(240)
cfn=(842)
calls=1 76 
* 86
fi=(242)
93 1
fi=(239)
477 1
-1 2
fi=(242)
93 2
fi=(239)
476 1
+1 2
fi=(242)
93 2
cfi=(243)
cfn=(868)
calls=1 +38 
* 159
fi=(239)
477 4
cfi=(240)
cfn=(842)
calls=1 76 
* 86
fi=(242)
93 1
fi=(239)
477 1
-1 2
fi=(242)
93 2
fi=(239)
476 1
+1 2
fi=(242)
93 2
cfi=(243)
cfn=(868)
calls=1 +38 
* 159
fi=(205)
+17 1
fi=(239)
325 1
fi=(241)
107 1
fi=(239)
325 1
fi=(205)
110 2
-16 1
fe=(204)
+27 8

fn=(1994) std::ios_base::Init::~Init()
123 1
fi=(205)
-69 1
+32 1
+14 2
-14 1
+1 2
fe=(204)
+40 2
-4 1
+11 1
-11 1
+11 1
cfi=(350)
cfn=(1886)
calls=1 +91 
* 129
+1 2
cfi=(350)
cfn=(1886)
calls=1 +90 
* 397
+1 2
cfi=(350)
cfn=(1886)
calls=1 +89 
* 129
+3 2
cfi=(350)
cfn=(2014)
calls=1 +86 
* 129
+1 2
cfi=(350)
cfn=(2014)
calls=1 +85 
* 397
+1 2
cfi=(350)
cfn=(2014)
calls=1 +84 
* 129
+6 2

fl=(215) /usr/src/debug/gcc/gcc/libstdc++-v3/src/c++98/codecvt.cc
fn=(754) std::codecvt<char, char, __mbstate_t>::codecvt(unsigned long)
38 2
fi=(214)
436 3
fe=(215)
38 4
fi=(214)
436 1
fe=(215)
41 4
cfi=(207)
cfn=(726)
calls=1 221 
* 18
* 1
+1 4

fn=(1186) std::codecvt<char, char, __mbstate_t>::do_always_noconv() const
100 3144969

fn=(798) std::codecvt<wchar_t, char, __mbstate_t>::codecvt(unsigned long)
118 2
fi=(214)
436 3
fe=(215)
118 4
fi=(214)
436 1
fe=(215)
121 4
cfi=(207)
cfn=(726)
calls=1 221 
* 18
* 1
+1 4

fl=(262)
fn=(934)
127 1
fi=(263) /usr/src/debug/gcc/gcc-build/x86_64-pc-linux-gnu/libstdc++-v3/include/ext/bitmap_allocator.h
1113 4
106 5
1126 3
+5 3
fi=(264)
134 1
fi=(263)
1131 1
fi=(264)
134 13
fi=(263)
1113 4
106 5
1126 3
+5 3
fi=(264)
134 1
fi=(263)
1131 1
fi=(264)
134 13
fe=(262)
-7 1
fi=(263)
1126 1
412 2
+9 1
-9 1
+10 1
1126 1
412 2
+9 1
-9 1
+10 1
fe=(262)

fl=(352) /usr/src/debug/gcc/gcc-build/x86_64-pc-linux-gnu/libstdc++-v3/include/x86_64-pc-linux-gnu/bits/c++locale.h
fn=(1804) std::__convert_from_v(__locale_struct* const&, char*, int, char const*, ...)
78 13618176
+2 1047552
cob=(2)
cfi=(225) /usr/src/debug/glibc/glibc/locale/uselocale.c
cfn=(776) uselocale
calls=523776 -50 
* 11523072
+17 1571328
-17 523776
+14 1047552
+3 523776
-3 2095104
+3 523776
cob=(2)
cfi=(353) /usr/src/debug/glibc/glibc/libio/vsnprintf.c
cfn=(1806) vsnprintf
calls=523776 +5 
* 1279984820
+8 523776
-8 523776
+8 523776
cob=(2)
cfi=(225)
cfn=(776)
calls=523776 -75 
* 11523072
+9 5761536

fl=(381)
fn=(2008)
62 10
cob=(1)
cfi=(382)
cfn=(2010)
calls=2 -33 
* 24
* 6

fl=(235) /usr/src/debug/gcc/gcc/libstdc++-v3/src/c++11/cow-locale_init.cc
fn=(814) std::locale::_Impl::_M_init_extra(std::locale::facet**)
100 10
fi=(216)
1720 1
fe=(235)
100 1
+3 1
-2 1
+1 1
fi=(216)
1720 1
fi=(214)
436 1
fe=(235)
103 1
fi=(216)
1719 4
+1 1
cfi=(236)
cfn=(816)
calls=1 92 
* 421
fi=(205)
54 1
+56 2
-16 1
fi=(214)
659 4
cfi=(207)
cfn=(748)
calls=1 507 
* 15
* 3
+56 1
436 1
715 3
cfi=(207)
cfn=(726)
calls=1 221 
* 18
* 1
fi=(205)
110 2
-16 1
fi=(214)
659 4
cfi=(207)
cfn=(748)
calls=1 507 
* 15
* 1
fi=(218) /usr/src/debug/gcc/gcc-build/x86_64-pc-linux-gnu/libstdc++-v3/include/bits/locale_facets_nonio.h
1108 1
fi=(214)
659 1
fi=(218)
1108 1
fi=(214)
659 1
fi=(218)
1107 1
+1 1
fi=(214)
436 1
fi=(218)
1107 3
+1 1
cfi=(237) /usr/src/debug/gcc/gcc-build/x86_64-pc-linux-gnu/libstdc++-v3/src/c++98/monetary_members_cow.cc
cfn=(822) std::moneypunct<char, false>::_M_initialize_moneypunct(__locale_struct*, char const*)
calls=1 372 
* 114
fi=(205)
110 2
-16 1
fi=(214)
659 4
cfi=(207)
cfn=(748)
calls=1 507 
* 15
* 2
fi=(218)
1108 1
fi=(214)
659 1
fi=(218)
1107 1
+1 2
fi=(214)
436 1
fi=(218)
1107 4
+1 1
cfi=(237)
cfn=(824) std::moneypunct<char, true>::_M_initialize_moneypunct(__locale_struct*, char const*)
calls=1 216 
* 114
fi=(205)
110 2
-16 1
fi=(214)
659 4
cfi=(207)
cfn=(748)
calls=1 507 
* 15
* 3
fi=(218)
1530 1
fi=(214)
436 1
fi=(218)
1530 2
fi=(205)
110 2
-16 1
fi=(214)
659 4
cfi=(207)
cfn=(748)
calls=1 507 
* 15
* 3
fi=(218)
1690 1
fi=(214)
436 1
fi=(218)
1690 2
fi=(205)
110 2
-16 1
fi=(214)
659 4
cfi=(207)
cfn=(748)
calls=1 507 
* 15
* 3
fi=(218)
422 1
fi=(214)
+14 1
fi=(218)
-14 2
fi=(205)
110 2
-16 1
fi=(214)
659 4
cfi=(207)
cfn=(748)
calls=1 507 
* 15
* 2
fe=(235)
112 1
fi=(214)
659 1
fe=(235)
112 2
cfi=(222)
cfn=(826)
calls=1 -68 
* 42
fi=(205)
-2 2
-16 1
fi=(214)
659 4
cfi=(207)
cfn=(748)
calls=1 507 
* 15
* 1
fi=(216)
1720 1
fi=(214)
659 1
fi=(216)
1720 1
fi=(214)
659 1
fe=(235)
115 1
fi=(214)
436 1
fe=(235)
114 1
+1 1
fi=(216)
1719 1
fe=(235)
114 1
+2 1
fi=(216)
1719 3
+1 1
cfi=(236)
cfn=(828)
calls=1 183 
* 353
fi=(205)
110 2
-16 1
fi=(214)
659 4
cfi=(207)
cfn=(748)
calls=1 507 
* 15
* 3
+56 1
436 1
715 3
cfi=(207)
cfn=(726)
calls=1 221 
* 18
* 1
fi=(205)
110 2
-16 1
fi=(214)
659 4
cfi=(207)
cfn=(748)
calls=1 507 
* 15
* 1
fi=(218)
1108 1
fi=(214)
659 1
fi=(218)
1108 1
fi=(214)
659 1
fi=(218)
1107 1
+1 1
fi=(214)
436 1
fi=(218)
1107 4
+1 1
cfi=(237)
cfn=(830) std::moneypunct<wchar_t, false>::_M_initialize_moneypunct(__locale_struct*, char const*)
calls=1 741 
* 109
fi=(205)
110 2
-16 1
fi=(214)
659 4
cfi=(207)
cfn=(748)
calls=1 507 
* 15
* 2
fi=(218)
1108 1
fi=(214)
659 1
fi=(218)
1107 1
+1 2
fi=(214)
436 1
fi=(218)
1107 3
+1 1
cfi=(237)
cfn=(832) std::moneypunct<wchar_t, true>::_M_initialize_moneypunct(__locale_struct*, char const*)
calls=1 558 
* 109
fi=(205)
110 2
-16 1
fi=(214)
659 4
cfi=(207)
cfn=(748)
calls=1 507 
* 15
* 3
fi=(218)
1530 1
fi=(214)
436 1
fi=(218)
1530 2
fi=(205)
110 2
-16 1
fi=(214)
659 4
cfi=(207)
cfn=(748)
calls=1 507 
* 15
* 3
fi=(218)
1690 1
fi=(214)
436 1
fi=(218)
1690 2
fi=(205)
110 2
-16 1
fi=(214)
659 4
cfi=(207)
cfn=(748)
calls=1 507 
* 15
* 3
fi=(218)
422 1
fi=(214)
+14 1
fi=(218)
-14 2
fi=(205)
110 2
-16 1
fi=(214)
659 4
cfi=(207)
cfn=(748)
calls=1 507 
* 15
* 2
fe=(235)
125 1
fi=(214)
659 1
fe=(235)
125 2
cfi=(222)
cfn=(834)
calls=1 -81 
* 42
fi=(205)
-15 2
-16 1
fi=(214)
659 3
cfi=(207)
cfn=(748)
calls=1 507 
* 15
* 1
fe=(235)
129 1
fi=(214)
659 1
fe=(235)
129 2
cfi=(207)
cfn=(748)
calls=1 507 
* 6
+1 1
-1 1
+1 2
cfi=(207)
cfn=(748)
calls=1 507 
* 6
+1 1
-1 1
+1 2
cfi=(207)
cfn=(748)
calls=1 507 
* 6
* 1
+2 1
-2 1
+2 2
cfi=(207)
cfn=(748)
calls=1 507 
* 6
* 1
+1 1
-1 1
+1 2
cfi=(207)
cfn=(748)
calls=1 507 
* 6
* 1
+1 2
-1 1
+1 1
cfi=(207)
cfn=(748)
calls=1 507 
* 6
* 1
+2 8

fl=(206)
fn=(718) std::locale::_S_initialize_once()
324 1
+4 3
-4 1
+9 2
-9 1
+9 1
cfn=(720) std::locale::_Impl::_Impl(unsigned long)
calls=1 490 
* 36118
* 2
+2 2
-2 1
+1 2
+2 1
-1 1
cfi=(207)
cfn=(836)
calls=1 88 
* 3

fn=(716) std::locale::_S_initialize()
340 5150
fi=(205)
54 5150
fe=(206)
342 10300
+3 20599
+1 1
cfn=(718)
calls=1 -22 
* 36139

fn=(714)
269 36050
+2 5150
cfn=(716)
calls=5150 +69 
* 77339
+11 5150
+1 5150
-1 10300
+1 10300
+6 20600

fn=(720)
490 2
+5 2
-5 11
+2 2
+3 2
+1 2
-1 49
+1 51
+3 16
+1 2
+1 1
cfi=(207)
cfn=(722)
calls=1 233 
* 3
+9 3
fi=(395) /usr/include/bits/string_fortified.h
29 1
fe=(206)
510 1
fi=(395)
29 1
fe=(206)
510 1
cfi=(208)
cfn=(724)
calls=1 121 
* 269
fi=(214)
652 4
cfi=(207)
cfn=(746)
calls=1 325 
* 398
fe=(206)
511 3
cfi=(215)
cfn=(754)
calls=1 38 
* 37
fi=(214)
652 4
cfi=(207)
cfn=(746)
calls=1 325 
* 398
fi=(216)
1636 1
-1 1
+85 1
fi=(214)
436 1
fi=(216)
1633 1
+87 1
-84 1
-4 1
+4 1
+83 1
-87 1
+87 1
-85 1
+85 2
-85 2
+1 2
+1 1
fi=(214)
436 1
fi=(216)
1719 1
+1 1
cfi=(217)
cfn=(758)
calls=1 92 
* 421
fi=(214)
652 4
cfi=(207)
cfn=(746)
calls=1 325 
* 398
fi=(216)
1983 1
fi=(214)
652 2
436 1
652 1
fi=(216)
1983 2
fi=(214)
652 1
cfi=(207)
cfn=(746)
calls=1 325 
* 398
fi=(216)
2347 1
fi=(214)
652 2
436 1
652 1
fi=(216)
2347 2
fi=(214)
652 1
cfi=(207)
cfn=(746)
calls=1 325 
* 398
+63 1
436 1
715 3
cfi=(207)
cfn=(726)
calls=1 221 
* 18
* 1
-63 4
cfi=(207)
cfn=(746)
calls=1 325 
* 398
fi=(218)
1026 1
-6 1
+88 1
fi=(214)
436 1
fi=(218)
1020 1
+88 2
-82 1
fi=(214)
436 1
fi=(218)
1026 1
+81 1
-88 1
+88 1
-88 2
+2 2
+1 2
+1 2
+1 1
+1 1
+1 1
fi=(214)
436 1
fi=(218)
1107 2
+1 1
cfi=(219)
cfn=(762)
calls=1 372 
* 114
fi=(214)
652 4
cfi=(207)
cfn=(746)
calls=1 325 
* 398
fi=(218)
1026 1
+82 2
fi=(214)
436 1
fi=(218)
1019 1
+89 1
-82 1
-7 1
+7 1
-6 2
+87 1
-88 1
+88 1
-86 1
+86 2
-86 1
+1 2
+1 2
+1 1
+1 1
+1 1
fi=(214)
436 1
fi=(218)
1107 1
+1 1
cfi=(219)
cfn=(764)
calls=1 216 
* 114
fi=(214)
652 4
cfi=(207)
cfn=(746)
calls=1 325 
* 398
fi=(218)
1530 1
fi=(214)
652 2
436 1
652 1
fi=(218)
1530 2
fi=(214)
652 1
cfi=(207)
cfn=(746)
calls=1 325 
* 398
fi=(218)
1690 1
fi=(214)
652 2
436 1
652 1
fi=(218)
1690 2
fi=(214)
652 1
cfi=(207)
cfn=(746)
calls=1 325 
* 398
fi=(218)
138 1
-13 1
fi=(214)
436 1
fe=(206)
+97 1
fi=(218)
138 1
fe=(206)
533 2
fi=(218)
138 1
-13 1
+13 2
-13 22
fe=(206)
533 1
cfi=(220)
cfn=(766)
calls=1 48 
* 179
fi=(214)
652 4
cfi=(207)
cfn=(746)
calls=1 325 
* 398
fi=(218)
422 1
fi=(214)
652 2
436 1
652 1
fi=(218)
422 2
fi=(214)
652 1
cfi=(207)
cfn=(746)
calls=1 325 
* 398
fi=(218)
859 1
fi=(214)
652 2
436 1
652 1
fi=(218)
859 2
fi=(214)
652 1
cfi=(207)
cfn=(746)
calls=1 325 
* 398
fe=(206)
537 3
cfi=(222)
cfn=(770)
calls=1 44 
* 42
fi=(214)
652 4
cfi=(207)
cfn=(746)
calls=1 325 
* 398
fe=(206)
540 3
cfi=(223)
cfn=(772)
calls=1 103 
* 18710
fi=(214)
652 4
cfi=(207)
cfn=(746)
calls=1 325 
* 398
fe=(206)
541 3
cfi=(215)
cfn=(798)
calls=1 118 
* 37
fi=(214)
652 4
cfi=(207)
cfn=(746)
calls=1 325 
* 398
fi=(216)
1636 1
+84 1
fi=(214)
436 2
fi=(216)
1633 1
+87 1
-84 1
-4 1
+4 1
+83 1
-87 1
+87 1
-85 3
+1 2
+1 1
fi=(214)
436 1
fi=(216)
1719 2
+1 1
cfi=(217)
cfn=(800)
calls=1 183 
* 353
fi=(214)
652 4
cfi=(207)
cfn=(746)
calls=1 325 
* 398
fi=(216)
1983 1
fi=(214)
652 2
436 1
652 1
fi=(216)
1983 2
fi=(214)
652 1
cfi=(207)
cfn=(746)
calls=1 325 
* 398
fi=(216)
2347 1
fi=(214)
652 2
436 1
652 1
fi=(216)
2347 2
fi=(214)
652 1
cfi=(207)
cfn=(746)
calls=1 325 
* 398
+63 1
436 1
715 3
cfi=(207)
cfn=(726)
calls=1 221 
* 18
* 8
-64 2
+1 8
cfi=(207)
cfn=(746)
calls=1 325 
* 398
fi=(218)
1026 1
+82 2
fi=(214)
436 1
fi=(218)
1019 1
+89 1
-82 1
-7 1
+7 1
+81 1
-88 1
+88 1
-87 1
+87 2
-86 2
+1 2
+1 2
+1 1
+1 1
+1 1
fi=(214)
436 1
fi=(218)
1107 1
+1 1
cfi=(219)
cfn=(802)
calls=1 741 
* 109
fi=(214)
652 4
cfi=(207)
cfn=(746)
calls=1 325 
* 398
fi=(218)
1026 1
+82 2
fi=(214)
436 1
fi=(218)
1019 1
+89 1
-82 1
-7 1
+7 1
+81 1
-88 1
+88 1
-87 1
+1 2
+1 2
+1 2
+1 1
+1 1
+1 1
fi=(214)
436 1
fi=(218)
1107 2
+1 1
cfi=(219)
cfn=(804)
calls=1 558 
* 109
fi=(214)
652 4
cfi=(207)
cfn=(746)
calls=1 325 
* 398
fi=(218)
1530 1
fi=(214)
652 2
436 1
652 1
fi=(218)
1530 2
fi=(214)
652 1
cfi=(207)
cfn=(746)
calls=1 325 
* 398
fi=(218)
1690 1
fi=(214)
652 2
436 1
652 1
fi=(218)
1690 2
fi=(214)
652 1
cfi=(207)
cfn=(746)
calls=1 325 
* 398
fi=(218)
138 1
-13 1
fi=(214)
436 1
fe=(206)
563 1
fi=(218)
138 1
fe=(206)
563 2
fi=(218)
138 1
-13 1
+13 2
-13 22
fe=(206)
563 1
cfi=(220)
cfn=(806)
calls=1 48 
* 175
fi=(214)
+89 4
cfi=(207)
cfn=(746)
calls=1 325 
* 398
fi=(218)
422 1
fi=(214)
652 2
436 1
652 1
fi=(218)
422 2
fi=(214)
652 1
cfi=(207)
cfn=(746)
calls=1 325 
* 398
fi=(218)
859 1
fi=(214)
652 2
436 1
652 1
fi=(218)
859 2
fi=(214)
652 1
cfi=(207)
cfn=(746)
calls=1 325 
* 398
fe=(206)
-85 3
cfi=(222)
cfn=(810)
calls=1 44 
* 42
fi=(214)
+85 4
cfi=(207)
cfn=(746)
calls=1 325 
* 398
fi=(234) /usr/src/debug/gcc/gcc-build/x86_64-pc-linux-gnu/libstdc++-v3/include/bits/codecvt.h
489 1
fi=(214)
652 2
436 1
652 1
fi=(234)
489 2
fi=(214)
652 1
cfi=(207)
cfn=(746)
calls=1 325 
* 398
fi=(234)
546 1
fi=(214)
652 2
436 1
652 1
fi=(234)
546 2
fi=(214)
652 1
cfi=(207)
cfn=(746)
calls=1 325 
* 398
fi=(234)
-48 1
fi=(214)
+48 2
436 1
652 1
fi=(234)
-48 2
fi=(214)
+48 1
cfi=(207)
cfn=(746)
calls=1 325 
* 398
fi=(234)
+9 1
fi=(214)
-9 2
436 1
652 1
fi=(234)
+9 2
fi=(214)
-9 1
cfi=(207)
cfn=(746)
calls=1 325 
* 398
fe=(206)
-62 2
+3 2
-3 4
+3 1
cfi=(235)
cfn=(814)
calls=1 100 
* 1926
+5 3
cfi=(207)
cfn=(748)
calls=1 -91 
* 6
* 1
+1 1
-1 1
+1 2
cfi=(207)
cfn=(748)
calls=1 -92 
* 6
+1 1
-1 1
+1 2
cfi=(207)
cfn=(748)
calls=1 -93 
* 6
* 1
+1 1
-1 1
+1 2
cfi=(207)
cfn=(748)
calls=1 -94 
* 6
* 1
+2 1
-2 1
+2 2
cfi=(207)
cfn=(748)
calls=1 -96 
* 6
+1 1
-1 1
+1 2
cfi=(207)
cfn=(748)
calls=1 -97 
* 6
* 1
+1 1
-1 1
+1 2
cfi=(207)
cfn=(748)
calls=1 -98 
* 6
+1 2
-1 1
+1 1
cfi=(207)
cfn=(748)
calls=1 -99 
* 6
* 2
+2 11

fl=(288) /usr/src/debug/gcc/gcc-build/x86_64-pc-linux-gnu/libstdc++-v3/include/fstream
fn=(1110) std::basic_ifstream<char, std::char_traits<char> >::open(std::__cxx11::basic_string<char, std::char_traits<char>, std::allocator<char> > const&, std::_Ios_Openmode)
743 2
fi=(241)
151 1
fe=(288)
743 3
+2 1
-2 1
345 2
cfi=(289)
cfn=(1112) std::basic_filebuf<char, std::char_traits<char> >::open(char const*, std::_Ios_Openmode)
calls=1 183 
* 940
746 3
-1 2
+6 1
-1 1
+1 1
-1 1
cfi=(243)
cfn=(1158)
calls=1 46 
* 9

fn=(1096) std::basic_ifstream<char, std::char_traits<char> >::basic_ifstream()
561 7
fi=(239)
-84 1
fe=(288)
+84 1
fi=(239)
-84 1
cfi=(240)
cfn=(842)
calls=1 76 
* 86
fi=(246)
702 1
fi=(239)
476 1
fi=(246)
703 1
fi=(239)
477 1
fi=(246)
702 2
+1 1
fi=(239)
476 2
fi=(246)
702 2
fi=(239)
477 2
fi=(246)
703 1
cfi=(243)
cfn=(848)
calls=1 131 
* 157
fe=(288)
561 7
cfi=(289)
cfn=(1100) std::basic_filebuf<char, std::char_traits<char> >::basic_filebuf()
calls=1 85 
* 85
+1 3
cfi=(243)
cfn=(848)
calls=1 131 
* 157
* 6

fn=(1570) std::basic_ifstream<char, std::char_traits<char> >::~basic_ifstream()
642 5
+1 1
-1 1
+1 4
264 1
643 1
264 2
-3 1
cfi=(289)
cfn=(1572) std::basic_filebuf<char, std::char_traits<char> >::close()
calls=1 -8 
* 629
+3 2
cfi=(290) /usr/src/debug/gcc/gcc-build/x86_64-pc-linux-gnu/libstdc++-v3/src/c++11/basic_file.cc
cfn=(1602) std::__basic_file<char>::~__basic_file()
calls=1 -54 
* 23
fi=(301)
-57 5
cfi=(207)
cfn=(854)
calls=1 91 
* 6
fi=(246)
-99 2
fi=(239)
296 1
fi=(246)
108 1
fi=(239)
296 3
fe=(288)
643 2
fi=(239)
296 1
cfi=(240)
cfn=(1510)
calls=1 87 
* 61
fe=(288)

fn=(1904) std::basic_ofstream<char, std::char_traits<char> >::~basic_ofstream()
917 5
+1 1
-1 1
+1 10
261 1
cfi=(289)
cfn=(1572)
calls=1 -8 
* 609
+3 2
cfi=(290)
cfn=(1602)
calls=1 -54 
* 23
fi=(301)
-57 5
cfi=(207)
cfn=(854)
calls=1 91 
* 6
fi=(242)
101 1
fi=(239)
296 1
fi=(242)
101 1
fi=(239)
296 3
fe=(288)
918 2
fi=(239)
296 1
cfi=(240)
cfn=(1510)
calls=1 87 
* 61
fe=(288)

fn=(1768) std::basic_ofstream<char, std::char_traits<char> >::open(std::__cxx11::basic_string<char, std::char_traits<char>, std::allocator<char> > const&, std::_Ios_Openmode)
1018 2
fi=(241)
151 1
fe=(288)
1018 3
+2 1
-2 1
345 2
cfi=(289)
cfn=(1112)
calls=1 183 
* 798
1021 3
-1 2
+6 1
-1 1
+1 1
-1 1
cfi=(243)
cfn=(1158)
calls=1 46 
* 9

fn=(1760) std::basic_ofstream<char, std::char_traits<char> >::basic_ofstream()
834 7
fi=(239)
477 1
fe=(288)
834 1
fi=(239)
477 1
cfi=(240)
cfn=(842)
calls=1 76 
* 86
-1 1
+1 1
fi=(242)
-36 1
fi=(239)
+35 1
fi=(242)
-35 4
fi=(239)
+35 1
fi=(242)
-35 1
fi=(239)
+36 2
fi=(242)
-36 1
cfi=(243)
cfn=(848)
calls=1 131 
* 157
fe=(288)
834 7
cfi=(289)
cfn=(1100)
calls=1 85 
* 85
+1 3
cfi=(243)
cfn=(848)
calls=1 131 
* 157
* 6

fl=(290)
fn=(1116) std::__basic_file<char>::open(char const*, std::_Ios_Openmode, int)
255 14
+2 2
-2 2
+2 2
cfn=(1118) (anonymous namespace)::fopen_mode(std::_Ios_Openmode)
calls=2 93 
* 18
+1 12
cfn=(1114) std::__basic_file<char>::is_open() const
calls=2 +46 
* 8
* 4
+2 6
cob=(2)
cfi=(291) /usr/src/debug/glibc/glibc/libio/iofopen.c
cfn=(1120) fopen@@GLIBC_2.2.5
calls=2 85 
* 1130
* 6
+2 2
+5 2
-4 2
+4 10

fn=(1578) std::__basic_file<char>::close()
318 24
+2 4
cfn=(1114)
calls=4 -16 
* 16
* 8
+3 4
+4 2
+3 6
-6 4
cob=(2)
cfi=(341) /usr/src/debug/glibc/glibc/libio/iofclose.c
cfn=(1580) fclose@@GLIBC_2.2.5
calls=2 34 
* 688
+1 2
+1 4
+4 2
-11 2
+11 4

fn=(1188) std::__basic_file<char>::xsgetn(char*, long)
334 8470
+14 1540
cfn=(1190) std::__basic_file<char>::fd()
calls=770 -39 
* 7700
fi=(303) /usr/include/bits/unistd.h
32 3080
cob=(2)
cfi=(304) /usr/src/debug/glibc/glibc/io/../sysdeps/unix/sysv/linux/read.c
cfn=(1196) read
calls=770 -7 
* 28490
* 770
fe=(290)
349 1540
+3 5390

fn=(1114)
304 48

fn=(1602)
210 6
+1 2
cfn=(1578)
calls=2 318 
* 34
* 4

fn=(1894) std::__basic_file<char>::xsputn(char const*, long)
356 4713984
132 523776
360 523776
cfn=(1190)
calls=523776 -51 
* 5237760
* 523776
141 2095104
cob=(2)
cfi=(368) /usr/src/debug/glibc/glibc/io/../sysdeps/unix/sysv/linux/write.c
cfn=(1896) write
calls=523776 25 
* 19379712
+1 1047552
+6 1047552
362 3666432

fn=(1102) std::__basic_file<char>::__basic_file(pthread_mutex_t*)
207 2
+1 6

fn=(1190)
309 1573638
cob=(2)
cfi=(302) /usr/src/debug/glibc/glibc/libio/fileno.c
cfn=(1192) fileno
calls=524546 32 
* 3671822

fn=(1118)
93 14
+8 2
-6 2

fl=(378) /usr/src/debug/gcc/gcc-build/x86_64-pc-linux-gnu/libstdc++-v3/include/bits/shared_ptr_atomic.h
fn=(1992) std::atomic<std::shared_ptr<std::chrono::tzdb_list::_Node> >::~atomic()
631 1
fi=(396) /usr/src/debug/gcc/gcc-build/x86_64-pc-linux-gnu/libstdc++-v3/include/bits/atomic_base.h
501 1
fe=(378)
-76 2
+1 3

fl=(338) /usr/src/debug/gcc/gcc/libstdc++-v3/libsupc++/del_ops.cc
fn=(1528) operator delete(void*, unsigned long)
32 36
+1 36
cfi=(330)
cfn=(1388)
calls=36 +15 
* 3646

fl=(249)
fn=(1980)
0 9
cob=(2)
cfi=(375)
cfn=(1946)
calls=1 45 
0 1552
0 1
cfn=(2026) 0x00000000000ae6a0
calls=1 0 
0 5
0 3

fn=(888)
0 12

fn=(2026)
0 5

fl=(367)
fn=(1878)
66 3142656
+1 1571328
fi=(239)
-16 1047552
fi=(216)
884 1047552
fe=(367)
67 1571328
cfi=(350)
cfn=(1882)
calls=523776 +90 
* 28807680
* 1047552
+22 1047552
cfi=(350)
cfn=(1886)
calls=523776 225 
* 125706240

fl=(265)
fn=(940)
42 1
fi=(397) /usr/src/debug/gcc/gcc-build/x86_64-pc-linux-gnu/libstdc++-v3/include/parallel/settings.h
290 1
+10 1
+3 1
-5 1
-9 1
+1 3
+13 2
-13 1
+10 1
+2 1
-2 1
+9 1
-9 1
+3 1
+8 1
+3 1
+3 1
+5 3
+8 1
-28 1
-13 1
+41 2
-41 3
+39 1
+2 2
-2 1
-39 1
+27 1
-27 1
+14 1
+27 1
+6 1
+2 1
+2 1
-4 1
+2 1
fe=(265)
42 1

fl=(299) /usr/src/debug/gcc/gcc/libstdc++-v3/libsupc++/new_opv.cc
fn=(1156) operator new[](unsigned long)
31 3671555
+1 3671555
cfi=(282)
cfn=(1044)
calls=3671555 +11 
* 698253578

fl=(216)
fn=(1206)
2238 1
+2 1
cfi=(307)
cfn=(1208) std::istreambuf_iterator<char, std::char_traits<char> > std::num_get<char, std::istreambuf_iterator<char, std::char_traits<char> > >::_M_extract_int<unsigned int>(std::istreambuf_iterator<char, std::char_traits<char> >, std::istreambuf_iterator<char, std::char_traits<char> >, std::ios_base&, std::_Ios_Iostate&, unsigned int&) const
calls=1 378 
* 366

fl=(289)
fn=(1180)
327 8470
+5 2310
+2 1540
fi=(301)
494 770
fi=(288)
230 1540
fi=(301)
497 770
fe=(289)
346 1540
+4 1540
+7 770
-7 2310
fi=(239)
51 1540
fi=(234)
219 1540
cfi=(215)
cfn=(1186)
calls=770 100 
* 2310
fe=(289)
357 1540
-27 2
fi=(305)
452 769
fe=(289)
+30 7700
359 3080
cfi=(290)
cfn=(1188)
calls=770 -25 
* 56980
* 770
+2 1540
+94 769
fi=(288)
+54 769
fi=(301)
+58 769
fe=(289)
458 769
fi=(288)
+51 3845
fi=(301)
+11 769
+46 769
-44 769
+44 1538
fi=(288)
-55 1
fi=(301)
+56 1
fe=(289)
467 1
fi=(301)
+53 1
+2 1
+44 1
-46 1
+46 1
-46 2
fe=(289)

fn=(1572)
253 10
fi=(288)
+26 2
fe=(289)
-26 10
fi=(288)
+26 4
cfi=(290)
cfn=(1114)
calls=2 +25 
* 8
fe=(289)
-23 4
+9 2
+15 4
cfn=(1574) std::basic_filebuf<char, std::char_traits<char> >::_M_terminate_output()
calls=2 952 
* 71
* 2
-10 2
-2 2
+1 2
+1 2
cfn=(1576) std::basic_filebuf<char, std::char_traits<char> >::_M_destroy_internal_buffer()
calls=2 68 
* 319
+1 2
fi=(301)
567 2
fe=(289)
290 2
fi=(288)
511 2
fe=(289)
271 2
+3 2
fi=(301)
520 2
+2 2
+44 2
-46 2
fe=(289)
274 4
fi=(301)
520 2
+46 2
fe=(289)
290 2
cfi=(290)
cfn=(1578)
calls=2 +28 
* 736
+3 8
+4 20

fn=(1112)
183 20
fi=(288)
+96 4
cfi=(290)
cfn=(1114)
calls=2 +25 
* 8
fe=(289)
-92 4
+2 10
cfi=(290)
cfn=(1116)
calls=2 +66 
* 1220
fi=(288)
+90 4
cfi=(290)
cfn=(1114)
calls=2 +25 
* 8
fe=(289)
-89 4
+2 4
cfn=(1154) std::basic_filebuf<char, std::char_traits<char> >::_M_allocate_internal_buffer()
calls=2 54 
* 406
+4 2
fi=(288)
511 2
fe=(289)
193 2
+3 2
+5 2
fi=(301)
520 2
+2 2
+44 2
-46 2
+47 2
fe=(289)
201 4
fi=(301)
520 2
+46 2
fe=(289)
205 4
+4 2
+4 12

fn=(1576)
68 12
+3 4
+2 8
cfi=(337)
cfn=(1486)
calls=2 -39 
* 271
+1 2
+1 2
+2 6
+1 2
+2 2
-1 2
+1 2
+2 6

fn=(1860)
545 4713993
+6 2095108
+3 1047554
fi=(301)
-16 523777
+3 523777
fe=(289)
+21 1047554
+3 1047552
+8 1571328
cfn=(1890) std::basic_filebuf<char, std::char_traits<char> >::_M_convert_to_external(char*, long)
calls=523776 +37 
* 60234240
* 1047552
fi=(288)
-62 523776
-5 1047552
fi=(301)
+16 1047552
-2 523776
fi=(288)
-14 523776
+7 1571328
+1 1047552
fi=(301)
+53 523776
-1 1047552
fi=(305)
465 1047553
fe=(289)
606 4190216
-26 3
fi=(305)
465 1047552
fi=(288)
+46 4
-5 2
+8 3
fi=(301)
+6 1
fe=(289)
+66 1
fi=(301)
-66 5
fe=(289)
+67 2
fi=(305)
446 2
fi=(301)
554 1
fi=(305)
-89 1
fe=(289)

fn=(1574)
952 20
+5 2
-5 6
+5 4
+9 4
-1 1
fi=(239)
51 2
fi=(234)
219 2
cfi=(215)
cfn=(1186)
calls=1 100 
* 3
* 1
fe=(289)
965 2
+44 24

fn=(1888)
1013 523776
+6 1571328
-6 523776
+8 1047552
-8 523776
+8 523776
cfn=(1860)
calls=523776 545 
* 87994368
+5 523776
-4 2095104
+4 523776

fn=(1154)
54 2
+5 8
-5 8
+7 6
cfi=(299)
cfn=(1156)
calls=2 -30 
* 372
* 4
+1 2
+2 4

fn=(1100)
85 10
fi=(301)
475 2
fe=(289)
85 2
fi=(301)
475 2
-1 2
+1 14
cfi=(206)
cfn=(714)
calls=2 269 
* 52
fe=(289)
92 2
-6 8
+6 2
-6 2
+6 2
-6 4
cfi=(290)
cfn=(1102)
calls=2 207 
* 8
+4 2
-3 2
fi=(245)
+32 2
fe=(289)
-32 4
+1 6
+1 2
+1 2
+1 2
-1 2
+1 4
fi=(245)
+28 2
cfi=(207)
cfn=(748)
calls=2 507 
* 12
* 2
+1 2
+11 2
fe=(289)
-37 4
+1 6

fn=(1848) std::basic_filebuf<char, std::char_traits<char> >::xsputn(char const*, long)
759 4190208
+8 523776
+1 523776
-1 523776
fi=(239)
51 1047552
fi=(234)
219 1047552
-1 523776
+1 523776
cfi=(215)
cfn=(1186)
calls=523776 100 
* 1571328
fe=(289)
769 3666432
fi=(301)
541 523776
fe=(289)
771 1047552
+3 1047553
+1 3
+2 1047552
+23 523776
-2 1047552
+2 2095104
-2 523776
cfi=(366)
cfn=(1854)
calls=523776 84 
* 27760215

fn=(1890)
610 6285312
+6 523776
fi=(239)
51 1047552
fi=(234)
219 2095104
cfi=(215)
cfn=(1186)
calls=523776 100 
* 1571328
fe=(289)
616 1047552
+30 2095104
cfi=(290)
cfn=(1894)
calls=523776 356 
* 38759424
+22 1047552
+1 5761536

fl=(307)
fn=(1328) std::num_get<char, std::istreambuf_iterator<char, std::char_traits<char> > >::_M_extract_float(std::istreambuf_iterator<char, std::char_traits<char> >, std::istreambuf_iterator<char, std::char_traits<char> >, std::ios_base&, std::_Ios_Iostate&, std::string&) const
152 2097152
fi=(241)
853 1048576
fe=(307)
152 16777216
+8 1048576
cfn=(1210) std::__use_cache<std::__numpunct_cache<char> >::operator()(std::locale const&) const [clone .isra.0]
calls=1048576 57 
* 29360128
fi=(308)
+78 1048576
fe=(307)
-78 1048576
fi=(308)
+78 5242880
cfn=(1212)
calls=1048576 -37 
* 30408704
fe=(307)
-70 2097152
371 1048576
+1 1048576
-1 3145728
+1 1048576
cfi=(309)
cfn=(1230)
calls=1048576 758 
* 6291456
* 13631488
fi=(308)
238 1048576
-84 1048576
+84 2097152
-84 1048576
cfn=(1216)
calls=1048576 +52 
* 12582912
fe=(307)
+17 1048576
fi=(308)
-17 2097152
fi=(305)
446 1048576
fe=(307)
173 1048576
fi=(308)
-19 1048576
fe=(307)
+19 1048576
-1 4194304
+14 2097152
-1 1048576
+1 5242880
+3 2097152
+1 4193258
+2 2097152
+2 2096106
fi=(308)
-19 1048053
fe=(307)
+24 1048053
fi=(308)
-24 1048053
cfi=(301)
cfn=(1340)
calls=1048053 494 
* 6288318
+71 7336371
cfn=(1212)
calls=1048053 -45 
* 30393537
fe=(307)
-45 2096106
fi=(308)
+45 2096106
-92 2096106
cfn=(1216)
calls=1048053 +52 
* 12576636
* 2096106
fi=(305)
446 2096106
fe=(307)
189 4192212
fi=(309)
1276 3144159
cfn=(1334)
calls=1048053 1437 
* 36681855
+1 1048053
961 1048576
fe=(307)
359 2097152
fi=(301)
-25 2097152
fe=(307)
186 3145728
fi=(205)
54 3146251
fi=(309)
221 6292502
1440 12585004
fi=(305)
352 3146251
fi=(309)
-22 3146251
fe=(307)
226 3146251
fi=(309)
338 3146251
-99 6292502
fi=(301)
494 4194827
+3 4194827
328 8389654
507 8389654
350 8389654
fi=(308)
209 29356621
fe=(307)
+52 8387606
fi=(308)
-52 8387606
fi=(301)
494 4193803
350 8387606
fi=(305)
452 4193803
fe=(307)
220 4193803
fi=(216)
2178 15727137
fi=(309)
330 3146251
961 3146251
1439 3146251
+1 6292502
fe=(307)
228 4192256
+6 2095104
+1 2095104
fi=(301)
353 3072
cfi=(317) /usr/src/debug/gcc/gcc-build/x86_64-pc-linux-gnu/libstdc++-v3/include/bits/sstream.tcc
cfn=(1408) std::__cxx11::basic_stringbuf<char, std::char_traits<char>, std::allocator<char> >::underflow()
calls=1024 153 
* 16384
* 1024
fi=(308)
209 10240
fe=(307)
+52 2048
fi=(309)
-28 3146251
+10 3146251
fi=(305)
352 3146251
fi=(309)
248 3146251
fe=(307)
-19 3145728
+3 1048576
fi=(309)
1276 3145728
cfn=(1334)
calls=1048576 1437 
* 36700160
+1 2097152
fi=(308)
210 2048
fi=(309)
312 12582912
fe=(307)
-98 2097152
+4 2097152

fn=(1796) std::ostreambuf_iterator<char, std::char_traits<char> > std::num_put<char, std::ostreambuf_iterator<char, std::char_traits<char> > >::_M_insert_float<double>(std::ostreambuf_iterator<char, std::char_traits<char> >, std::ios_base&, char, char, double) const
999 8380416
fi=(241)
853 1571328
fe=(307)
1006 523776
cfn=(1210)
calls=523776 57 
* 14665728
fi=(241)
766 523776
fe=(307)
1018 1047552
-12 523776
+3 1571328
+9 2095104
cfi=(351)
cfn=(1800)
calls=523776 64 
* 16760832
fi=(241)
87 523776
fe=(307)
1028 523776
fi=(241)
87 523776
fe=(307)
1028 3666432
+1 1047552
+1 523776
cfi=(207)
cfn=(726)
calls=523776 221 
* 9427968
* 5761536
cfi=(352)
cfn=(1804)
calls=523776 78 
* 1331314868
* 523776
+7 1047552
fi=(245)
119 1047552
cfi=(207)
cfn=(748)
calls=523776 507 
* 3142656
* 523776
+1 523776
+8 1047552
228 1047552
fe=(307)
1071 6809088
+2 523776
-2 1047552
+2 523776
fi=(216)
911 523776
fe=(307)
1071 523776
fi=(216)
911 1047552
fi=(305)
399 523776
+6 2095104
cob=(2)
cfi=(313)
cfn=(1256)
calls=523776 61 
* 9951744
fe=(307)
1078 1047552
fi=(305)
405 523776
fe=(307)
1078 523776
+3 523776
-1 1047552
+1 523776
+6 1047552
+27 523776
fi=(241)
790 523776
fe=(307)
1114 1571328
fi=(241)
801 1047552
+1 523776
fi=(308)
329 1047552
fi=(301)
460 2618880
cfi=(289)
cfn=(1848)
calls=523776 759 
* 49758811
fi=(308)
331 2618880
fe=(307)
1126 5761536
fi=(216)
913 1571328
+1 2618880
cob=(2)
cfi=(285)
cfn=(1072)
calls=523776 255 
* 5761552
fi=(305)
399 1047552
fe=(307)
1071 1047552

fn=(1794)
1182 523776
+2 1571328
cfn=(1796)
calls=523776 999 
* 1516731679

fn=(1208)
378 19
fi=(241)
853 3
fe=(307)
388 1
cfn=(1210)
calls=1 57 
* 28
* 1
fi=(241)
87 3
fe=(307)
396 6
fi=(308)
238 6
cfn=(1212)
calls=1 -37 
* 29
* 5
fe=(307)
403 2
fi=(308)
154 2
cfn=(1216)
calls=1 +52 
* 12
fe=(307)
406 1
fi=(308)
154 2
fe=(307)
408 1
fi=(305)
+38 1
fe=(307)
-39 4
+13 1
+1 1
+3 2
+1 2
+2 2
+10 3
+29 5
fi=(309)
312 3
fe=(307)
472 4
+8 2
+5 1
-5 3
+5 2
+2 2
fi=(308)
209 1
fe=(307)
475 1
fi=(216)
2178 1
fi=(308)
209 1
fe=(307)
481 2
+16 8
+1 12
fi=(301)
-4 4
fe=(307)
+5 4
+1 4
fi=(301)
328 8
507 8
350 8
fi=(308)
209 20
fe=(307)
503 8
fi=(308)
209 8
fi=(301)
494 4
350 8
fi=(305)
452 4
fe=(307)
+35 4
fi=(216)
2176 10
+2 18
+6 4
fe=(307)
493 8
fi=(309)
961 1
fe=(307)
559 2
+14 3
+16 2
+2 1
+1 1
-1 3
+1 1
cfi=(309)
cfn=(1230)
calls=1 758 
* 6
* 13
-19 2
+5 2
474 3
587 7
406 2

fn=(1320)
709 5242880
+5 1048576
-5 1048576
+5 1048576
-5 7340032
+5 1048576
-5 6291456
fi=(309)
312 5242880
fe=(307)
714 1048576
cfi=(309)
cfn=(1322)
calls=1048576 3652 
* 136315421
+1 9437184
cfn=(1328)
calls=1048576 152 
* 545234741
* 5242880
+1 1048576
cfi=(207)
cfn=(726)
calls=1048576 221 
* 18874368
* 6291456
cfi=(211)
cfn=(1350)
calls=1048576 75 
* 818086638
fi=(308)
209 11534336
fe=(307)
717 2097152
fi=(241)
198 1024
fe=(307)
719 7168
fi=(309)
330 1024
+8 1024
-69 2048
fe=(307)
719 7332864
fi=(309)
330 1047552
+8 1047552
-69 2095104
fe=(307)
720 13631488
fi=(301)
350 4190208
fi=(205)
54 1048576
+46 2097152
-14 1048576
+1 2097152
fi=(309)
282 2097152
fi=(329)
172 1048576
cfi=(330)
cfn=(1388)
calls=1048576 48 
* 37748736
fi=(309)
3598 1048576
fe=(307)

fn=(1210)
57 9434118
+2 1572353
-2 1572353
+2 1572353
cfi=(207)
cfn=(748)
calls=1572353 507 
* 9434118
* 1572353
+1 1572353
+1 7861765
+16 9434118

fl=(246)
fn=(1314) std::istream::operator>>(double&)
225 1048576
+1 1048576
cfi=(300)
cfn=(1316)
calls=1048576 101 
* 1780654144

fn=(1170) std::istream::operator>>(unsigned int&)
186 1
+1 1
cfi=(300)
cfn=(1172)
calls=1 -86 
* 620

fl=(266)
fn=(958)
160 1
fi=(216)
2310 4
2603 4
fi=(218)
1653 4
1818 4
1415 8
fi=(216)
1893 4
fi=(218)
328 4
929 4
796 4
2024 4
fi=(214)
838 4
fe=(266)
160 1

fn=(966)
160 1
fi=(216)
2310 4
2603 4
fi=(218)
1653 4
1818 4
1415 8
fi=(216)
1893 4
fi=(218)
328 4
929 4
796 4
2024 4
fi=(214)
838 4
fe=(266)
160 1

fn=(942)
160 1
fi=(218)
1653 4
1818 4
1415 8
fi=(216)
1893 4
fi=(218)
796 4
2024 4
fi=(214)
838 4
fe=(266)
160 1

fn=(950)
160 1
fi=(218)
1653 4
1818 4
1415 8
fi=(216)
1893 4
fi=(218)
796 4
2024 4
fi=(214)
838 4
fe=(266)
160 1

fl=(250)
fn=(896) std::error_category::error_category()
180 10

fn=(1988) std::error_category::~error_category()
182 4

fn=(1990) std::(anonymous namespace)::generic_error_category::~generic_error_category()
188 4
cfn=(1988)
calls=1 -6 
* 2

fn=(1986) std::(anonymous namespace)::system_error_category::~system_error_category()
203 4
cfn=(1988)
calls=1 -21 
* 2

fn=(894)
260 2
-72 1
+30 1
+42 1
-72 1
cfn=(896)
calls=1 -8 
* 5
* 1
+30 3
-30 1
+30 1
cob=(2)
cfi=(247)
cfn=(880)
calls=1 67 
* 76
-15 1
+16 1
-16 1
cfn=(896)
calls=1 -23 
* 5
* 1
+57 1
-42 1
-15 1
+15 3
cob=(2)
cfi=(247)
cfn=(880)
calls=1 67 
* 76

fl=(311)
fn=(1244) std::basic_istream<char, std::char_traits<char> >& std::getline<char, std::char_traits<char>, std::allocator<char> >(std::basic_istream<char, std::char_traits<char> >&, std::__cxx11::basic_string<char, std::char_traits<char>, std::allocator<char> >&)
4407 7182
+2 3078
fi=(239)
51 3078
fi=(216)
884 2052
fe=(311)
4409 8208
cfi=(312)
cfn=(1248)
calls=1026 124 
* 1708342

fl=(238)
fn=(1998)
193 5
+1 10
cob=(2)
cfi=(379) /usr/src/debug/glibc/glibc/libio/iofflush.c
cfn=(2000) fflush
calls=5 32 
* 345

fn=(2018)
193 5
+1 10
cob=(2)
cfi=(379)
cfn=(2000)
calls=5 32 
* 345

fl=(237)
fn=(830)
741 13
+1 2
+3 2
914 11
748 2
+5 1
-3 1
-2 1
+12 1
-7 1
+7 1
-5 1
+2 1
+3 1
-10 1
+1 1
+1 1
+2 1
+2 1
+2 1
+1 1
+2 2
+5 1
-1 1
+1 1
-2 2
+2 2
-2 3
+2 20
-2 31

fn=(824)
216 11
+1 2
+3 2
+3 1
+12 1
-10 1
-2 1
+1 1
+11 1
-11 1
+1 2
+1 1
+1 1
+1 1
+1 1
+1 1
+1 1
+1 1
+1 1
+1 1
+1 1
+1 2
+3 2
-1 2
+1 3
-1 3
+1 30
-1 30
366 8

fn=(832)
558 13
+1 2
+3 2
731 11
565 2
+5 1
-3 1
-2 1
+12 1
-7 1
+7 1
-5 1
+2 1
+3 1
-10 1
+1 1
+1 1
+2 1
+2 1
+2 1
+1 1
+2 2
+5 1
-1 1
+1 1
-2 2
+2 2
-2 3
+2 20
-2 31

fn=(822)
372 11
+1 2
+3 2
+3 1
+12 1
-10 1
-2 1
+1 1
+11 1
-11 1
+1 2
+1 1
+1 1
+1 1
+1 1
+1 1
+1 1
+1 1
+1 1
+1 1
+1 1
+1 2
+3 2
-1 2
+1 3
-1 3
+1 30
-1 30
517 8

fl=(224)
fn=(788) std::ctype<wchar_t>::_M_convert_to_wmask(unsigned short) const
60 12
+2 73
+36 3
cob=(2)
cfi=(231) /usr/src/debug/glibc/glibc/wctype/wctype_l.c
cfn=(790) wctype_l
calls=1 -72 
* 487
-36 21
+6 3
cob=(2)
cfi=(231)
cfn=(790)
calls=1 -42 
* 381
+3 3
cob=(2)
cfi=(231)
cfn=(790)
calls=1 -45 
* 540
-9 6
+18 3
cob=(2)
cfi=(231)
cfn=(790)
calls=1 -54 
* 197
-3 3
cob=(2)
cfi=(231)
cfn=(790)
calls=1 -51 
* 144
-3 3
cob=(2)
cfi=(231)
cfn=(790)
calls=1 -48 
* 91
+9 3
cob=(2)
cfi=(231)
cfn=(790)
calls=1 -57 
* 250
+21 4
-39 3
cob=(2)
cfi=(231)
cfn=(790)
calls=1 -39 
* 328
+24 3
cob=(2)
cfi=(231)
cfn=(790)
calls=1 -63 
* 191
-3 3
cob=(2)
cfi=(231)
cfn=(790)
calls=1 -60 
* 593

fn=(774)
273 8
+2 3
cob=(2)
cfi=(225)
cfn=(776)
calls=1 30 
* 22
* 1
+3 1
+6 128
-6 384
fi=(226) /usr/include/wchar.h
+73 256
cob=(2)
cfi=(227) /usr/src/debug/glibc/glibc/wcsmbs/wctob.c
cfn=(780) wctob
calls=128 30 
* 2432
fe=(224)
-70 256
+5 1
+5 3
fi=(226)
+54 2
cob=(2)
cfi=(228) /usr/src/debug/glibc/glibc/wcsmbs/btowc.c
cfn=(782) btowc
calls=1 32 
* 22
* 510
cob=(2)
cfi=(228)
cfn=(782)
calls=255 32 
* 10090
fe=(224)
-53 256
-2 256
+1 512
+3 1
+2 28
+1 8
-1 8
+1 16
cfn=(788)
calls=8 60 
* 1671
-1 8
+1 8
-3 8
+2 36
+1 4
-1 4
+1 4
cfn=(788)
calls=4 60 
* 1677
* 4
-3 12
+8 1
-2 1
+2 4
-2 1
cob=(2)
cfi=(225)
cfn=(776)
calls=1 30 
* 22
* 2

fn=(876)
205 16

fl=(253)
fn=(902)
89 3

fl=(316) /usr/src/debug/gcc/gcc-build/x86_64-pc-linux-gnu/libstdc++-v3/include/sstream
fn=(1500) std::__cxx11::basic_stringstream<char, std::char_traits<char>, std::allocator<char> >::~basic_stringstream()
1083 6144
+1 6144
fi=(311)
257 1024
fe=(316)
1084 1024
fi=(311)
239 1024
+41 2048
fi=(329)
172 1024
cfi=(330)
cfn=(1388)
calls=1024 48 
* 160547
fi=(301)
+35 5120
cfi=(207)
cfn=(854)
calls=1024 91 
* 6144
fi=(242)
101 1024
fi=(246)
+7 1024
fi=(239)
296 1024
fi=(242)
101 1024
fi=(246)
+7 2048
fi=(239)
296 3072
fe=(316)
1084 2048
fi=(239)
296 1024
cfi=(240)
cfn=(1510)
calls=1024 87 
* 62464
fe=(316)

fn=(1280) std::__cxx11::basic_stringstream<char, std::char_traits<char>, std::allocator<char> >::basic_stringstream(std::__cxx11::basic_string<char, std::char_traits<char>, std::allocator<char> > const&, std::_Ios_Openmode)
1072 11264
fi=(239)
477 1024
fe=(316)
1072 9216
fi=(239)
477 1024
cfi=(240)
cfn=(842)
calls=1024 76 
* 88064
fi=(246)
702 1024
fi=(239)
476 1024
fi=(246)
703 1024
fi=(239)
477 1024
fi=(246)
702 2048
+1 1024
fi=(239)
476 2048
fi=(246)
702 2048
fi=(239)
477 2048
fi=(246)
703 1024
cfi=(243)
cfn=(848)
calls=1024 131 
* 160768
fi=(242)
441 7168
cfi=(243)
cfn=(848)
calls=1024 131 
* 160768
fe=(316)
1074 3072
fi=(301)
475 1024
fe=(316)
1074 7168
fi=(301)
475 1024
cfi=(206)
cfn=(714)
calls=1024 269 
* 26624
fe=(316)
151 1024
fi=(311)
+88 1024
fe=(316)
-89 1024
fi=(311)
1165 1024
246 1024
fe=(316)
-95 1024
fi=(311)
+54 1024
fe=(316)
-54 1024
fi=(311)
689 2048
fi=(314)
233 2048
fi=(311)
+1 1024
fe=(316)
344 1024
fi=(305)
+8 1024
fe=(316)
-9 1024
+2 2048
+2 4096
cfi=(317)
cfn=(1292) std::__cxx11::basic_stringbuf<char, std::char_traits<char>, std::allocator<char> >::_M_sync(char*, unsigned long, unsigned long)
calls=1024 -98 
* 35840
1075 3072
cfi=(243)
cfn=(848)
calls=1024 131 
* 160768
* 8192
fi=(305)
353 1024
fi=(314)
164 2048
fi=(329)
-13 1024
cfi=(282)
cfn=(1044)
calls=1024 43 
* 495987
fi=(311)
266 2048
-37 1024
fi=(329)
-78 1024
fi=(311)
266 1024
fi=(305)
429 2048
cob=(2)
cfi=(285)
cfn=(1072)
calls=1024 255 
* 619480
fi=(311)
239 2048
fi=(305)
429 1024
fe=(316)

fl=(330)
fn=(1388)
48 4721189
+1 4721189
cob=(2)
cfi=(188)
cfn=(1390) free
calls=4721189 3516 
* 547569734

fl=(317)
fn=(1292)
249 1024
fi=(311)
-10 1024
fe=(317)
+10 1024
fi=(311)
+8 1024
1165 1024
280 2048
1279 1024
fe=(317)
252 1024
+2 1024
+1 1024
+2 2048
+8 2048
+1 1024
+1 1024
fi=(301)
520 1024
fe=(317)
266 1024
fi=(301)
522 1024
fe=(317)
267 1024
+2 3072
cfn=(1296) std::__cxx11::basic_stringbuf<char, std::char_traits<char>, std::allocator<char> >::_M_pbump(char*, char*, long)
calls=1024 +11 
* 11264

fn=(1296)
280 1024
fi=(301)
566 1024
fe=(317)
280 1024
fi=(301)
567 1024
fe=(317)
284 3072
fi=(301)
554 3072
fe=(317)
290 1024

fn=(1408)
153 1024
+5 2048
fi=(301)
541 1024
-44 1024
fi=(316)
-77 2048
+3 4096
fi=(301)
+71 1024
fe=(317)
163 2048
-7 2048

ob=(3)
fl=(157)
fn=(510)
28 1
fi=(150) /usr/src/debug/glibc/glibc/math/../sysdeps/x86_64/fpu/multiarch/ifunc-fma.h
+1 4
+1 4
fe=(157)
-2 1

fl=(162)
fn=(534)
29 1
fi=(143) /usr/src/debug/glibc/glibc/math/../sysdeps/x86_64/fpu/multiarch/ifunc-fma4.h
+2 4
+1 2
fe=(162)
-3 1

fl=(148)
fn=(484)
32 1
fi=(398) /usr/src/debug/glibc/glibc/math/../sysdeps/x86_64/fpu/multiarch/ifunc-sse4_1.h
-3 5
fe=(148)
+3 1

fl=(164)
fn=(542)
28 1
fi=(150)
+1 4
+1 4
fe=(164)
-2 1

fl=(149)
fn=(486)
28 1
fi=(150)
+1 4
+1 4
fe=(149)
-2 1

fl=(163)
fn=(538)
32 1
fi=(150)
-3 4
+1 4
fe=(163)
+2 1

fl=(155)
fn=(506)
32 1
fi=(398)
-3 5
fe=(155)
+3 1

fl=(156)
fn=(508)
49 6

fl=(161)
fn=(530)
29 5
fi=(150)
+1 4
fe=(161)
-1 1

fl=(145)
fn=(476)
29 1
fi=(146) /usr/src/debug/glibc/glibc/math/../sysdeps/x86_64/fpu/multiarch/ifunc-avx-fma4.h
+3 5
+1 2
fe=(145)
-4 1

fn=(558)
36 1
fi=(146)
-4 5
+1 2
fe=(145)
+3 1

fl=(167)
fn=(554)
29 5
fi=(150)
+1 4
fe=(167)
-1 1

fl=(169)
fn=(566)
29 1
fi=(146)
+3 5
+1 2
fe=(169)
-4 1

fl=(153)
fn=(498)
28 1
fi=(150)
+1 4
+1 4
fe=(153)
-2 1

fl=(346) /usr/src/debug/glibc/glibc/math/../sysdeps/ieee754/dbl-64/e_sqrt.c
fn=(1662) __sqrt_finite@GLIBC_2.15
52 1024
+2 1024
+92 1024

fl=(168)
fn=(562)
29 10
fi=(150)
+1 8
fe=(168)
-1 2

fl=(152)
fn=(494)
29 5
fi=(150)
+1 4
fe=(152)
-1 1

fl=(166)
fn=(550)
28 1
fi=(146)
+4 5
+1 2
fe=(166)
-5 1

fl=(147)
fn=(480)
28 1
fi=(146)
+4 5
+1 2
fe=(147)
-5 1

fl=(202)
fn=(698)
0 12

fn=(2036) btree_destroy
0 32

fn=(2038)
0 9
cob=(2)
cfi=(375)
cfn=(1946)
calls=1 45 
0 99
0 1
cfn=(2046) 0x000000000000f830
calls=1 0 
0 5
0 3

fn=(2046)
0 5

fn=(2034)
0 5
cfn=(2036)
calls=1 0 
0 16
0 2
cfn=(2036)
calls=1 0 
0 16
0 3

fl=(170)
fn=(570)
28 1
fi=(150)
+1 4
+1 4
fe=(170)
-2 1

fl=(159)
fn=(522)
29 1
fi=(146)
+3 5
+1 2
fe=(159)
-4 1

fl=(165)
fn=(546)
29 5
fi=(150)
+1 4
fe=(165)
-1 1

fl=(151)
fn=(490)
28 1
fi=(150)
+1 4
+1 4
fe=(151)
-2 1

fl=(345) /usr/src/debug/glibc/glibc/math/w_sqrt_compat.c
fn=(1660) sqrt
34 1024
+1 3072
+3 1024
cfi=(346)
cfn=(1662)
calls=1024 +14 
* 3072

fl=(142)
fn=(470)
28 1
fi=(143)
+3 4
+1 2
fe=(142)
-4 1

fl=(158)
fn=(518)
28 1
fi=(146)
+4 5
+1 2
fe=(158)
-5 1

fl=(154)
fn=(514)
37 1
fi=(143)
-6 4
+1 2
fe=(154)
+5 1

fn=(502)
29 1
fi=(143)
+2 4
+1 2
fe=(154)
-3 1

fl=(144)
fn=(474)
44 6

fl=(160)
fn=(526)
28 1
fi=(150)
+1 4
+1 4
fe=(160)
-2 1

ob=(2)
fl=(82)
fn=(308)
86 1
fi=(83) /usr/src/debug/glibc/glibc/string/../sysdeps/x86/cacheinfo.h
-24 1
+3 3
+2 1
+1 1
-1 2
+7 3
+2 1
+1 1
-1 2
+5 2
+3 2
+2 2
+1 2
+1 2
+2 2
fe=(82)
-4 2

fl=(135)
fn=(446)
29 5
fi=(112) /usr/src/debug/glibc/glibc/string/../sysdeps/x86_64/multiarch/ifunc-avx2.h
+9 15
+2 20
+1 10
+1 15
+4 20
+3 15
+3 25
fe=(135)

fl=(127)
fn=(422)
29 1
fi=(399) /usr/src/debug/glibc/glibc/string/../sysdeps/x86_64/multiarch/ifunc-sse4_2.h
+7 5
fe=(127)
-7 1

fl=(379)
fn=(2000)
32 10
+1 20
-1 60
+7 20
+1 10
fi=(343) /usr/src/debug/glibc/glibc/libio/libioP.h
1036 30
+1 20
fe=(379)
40 20
cfi=(293) /usr/src/debug/glibc/glibc/libio/fileops.c
cfn=(2002) _IO_file_sync@@GLIBC_2.2.5
calls=10 827 
* 210
* 20
fi=(343)
990 20
+1 90
fe=(379)
44 60
-5 100

fl=(227)
fn=(780)
30 896
+9 384
+6 128
-1 256
+35 768

fl=(128)
fn=(424)
60 1
-18 2
+1 4
+1 3
+3 3
+3 3
+10 1

fl=(108)
fn=(372)
29 3
fi=(109) /usr/src/debug/glibc/glibc/string/../sysdeps/x86_64/multiarch/ifunc-memset.h
+32 15
+3 9
+16 6
+4 12
+8 6
fe=(108)
-63 3
fi=(109)
+71 6
-48 3
+1 6
fe=(108)

fl=(194) /usr/src/debug/glibc/glibc/misc/init-misc.c
fn=(668) __init_misc
30 1
+1 5
-1 1
+3 1
-3 3
+3 3
cob=(4)
cfi=(191)
cfn=(670)
calls=1 -33 
* 24
+4 1
+1 1
-1 5
+1 3
+2 2

fl=(118)
fn=(396)
65 2
-23 4
+2 2
-1 8
+1 4
+4 8
+3 6
+3 6
+11 2

fl=(140)
fn=(462)
29 2
fi=(399)
+7 10
fe=(140)
-7 2

fl=(99)
fn=(344)
29 1
fi=(91) /usr/src/debug/glibc/glibc/string/../sysdeps/x86_64/multiarch/ifunc-strcpy.h
+9 2
+1 1
-1 2
+1 2
+4 4
+3 3
+3 3
fe=(99)
-20 1

fl=(115)
fn=(388)
29 1
fi=(112)
+9 3
+2 4
+1 2
+1 3
+4 4
+3 3
+3 5
fe=(115)

fl=(291)
fn=(1120)
85 2
+1 4
cfn=(1122) __fopen_internal
calls=2 -29 
* 1124

fn=(1122)
57 18
+8 2
-8 6
+8 2
cfi=(188)
cfn=(916)
calls=2 3480 
* 224
+2 6
+3 2
+2 6
-2 2
+2 8
cfi=(292) /usr/src/debug/glibc/glibc/libio/genops.c
cfn=(1124) _IO_no_init
calls=2 589 
* 116
+1 2
+1 2
-1 2
+1 2
cfi=(293)
cfn=(1128) _IO_new_file_init_internal
calls=2 +33 
* 228
+1 10
cfi=(293)
cfn=(1136) _IO_file_fopen@@GLIBC_2.2.5
calls=2 247 
* 460
* 4
-38 4
+44 18

fl=(355) /usr/src/debug/glibc/glibc/stdio-common/Xprintf_buffer_write.c
fn=(1814) __printf_buffer_write
27 1571328
+1 4713984
-1 10999296
+4 4190208
+2 1047552
+3 523776
fi=(400) /usr/src/debug/glibc/glibc/stdio-common/../string/bits/string_fortified.h
-7 523776
fe=(355)
+8 1047552
fi=(400)
-8 523776
fe=(355)
+12 523776
fi=(400)
-12 523776
cfi=(285)
cfn=(1072)
calls=523776 255 
* 5761564
fe=(355)
+11 1571328
-9 1047552
+2 1571328
+11 9427968

fl=(104)
fn=(360)
29 2
fi=(93) /usr/src/debug/glibc/glibc/debug/../sysdeps/x86_64/multiarch/ifunc-memmove.h
+27 6
+1 4
+3 6
+14 4
+3 4
+8 4
+8 4
+3 10
fe=(104)

fl=(195)
fn=(672)
53 1
+1 1
+1 1
+2 1
+1 1
+4 1
+1 1
+1 1
+3 1
+2 1
+1 1
+1 1
+1 1
+3 1
+1 1
+2 1
+1 1
+1 1
+1 1
+1 1
+9 2

fl=(102)
fn=(352)
29 5
fi=(87) /usr/src/debug/glibc/glibc/string/../sysdeps/x86_64/multiarch/ifunc-memmove.h
+27 15
+1 10
+3 15
+14 10
+3 10
+8 10
+8 10
+3 25
fe=(102)

fl=(385) /usr/src/debug/glibc/glibc/posix/../sysdeps/unix/sysv/linux/_exit.c
fn=(2080) _Exit
27 3

fl=(257)
fn=(912)
206 2
+24 2
+5 2
+14 2
+25 2
+1 2
+1 2
+2 2
+1 2
+4 2
+4 2
+2 2
+2 2
+3 2
+2 2
+1 2
+11 2
+10 2
+1 2
+3 2
+4 4
+5 2
+1 2
+1 2

fl=(292)
fn=(1588) _IO_unsave_markers
977 2
+2 4
+5 4
+2 2

fn=(1126) _IO_old_init
557 2
+3 4
+5 4
-7 2
+12 2
-10 2
-2 2
+2 2
+16 2
-11 2
-5 2
+16 4
+5 2
-16 10
+16 4
+1 4
+2 2

fn=(1584) __GI__IO_un_link.part.0
66 2
+6 2
-6 14
+6 8
cfi=(294) /usr/src/debug/glibc/glibc/nptl/libc-cleanup.c
cfn=(1132) __libc_cleanup_push_defer
calls=2 -48 
* 26
+1 12
+2 2
-1 2
+1 18
+2 4
+4 2
+1 2
+1 2
+1 4
+1 2
+11 8
+2 22
+1 2
-1 2
+2 12
+1 4
cfi=(294)
cfn=(1134) __libc_cleanup_pop_restore
calls=2 -47 
* 20
+3 16
-31 6
+2 6

fn=(2074) _IO_cleanup
882 11
+1 1
cfn=(2076) _IO_flush_all
calls=1 713 
* 203
-73 2
+73 1
-73 3
cfi=(294)
cfn=(1132)
calls=1 24 
* 13
+1 6
fi=(343)
1036 2
fe=(292)
832 9
+2 6
+20 3
+2 36
+1 3
-43 9
+4 3
+1 27
+8 6
+2 9
+32 7
+1 2
cfi=(294)
cfn=(1134)
calls=1 54 
* 10
+33 11
-76 9
-8 1
+3 1
-3 1
+3 2

fn=(1130) _IO_link_in
109 16
+1 20
+24 20
-22 2
+2 2
-2 4
+2 12
cfi=(294)
cfn=(1132)
calls=2 -90 
* 26
+1 18
+4 2
+3 4
-3 2
+4 4
+1 4
+2 2
+2 20
+1 2
+1 2
-2 2
+2 10
+1 4
cfi=(294)
cfn=(1134)
calls=2 -77 
* 20
+3 2
-19 4
+1 2
+1 18
+11 4
-11 2

fn=(1582) _IO_un_link
67 4
+1 8
+36 4
cfn=(1584)
calls=2 -38 
* 200

fn=(2076)
713 5
+5 1
-5 6
+5 4
cfi=(294)
cfn=(1132)
calls=1 24 
* 13
+1 6
-5 1
fi=(343)
1036 2
fe=(292)
742 39
+1 3
-21 9
+2 3
+1 27
+2 18
+7 9
+1 12
+12 7
+1 2
cfi=(294)
cfn=(1134)
calls=1 54 
* 10
+4 11
-27 9
-6 1
+3 1
-8 1
+5 1
+3 2

fn=(1594) _IO_setb
355 10
+1 8
+3 2
+2 8
-3 2
+3 4
+3 4

fn=(1600) _IO_default_finish
628 12
+2 6
+6 6
+3 6
68 4
651 6

fn=(1124)
589 22
+1 2
cfn=(1126)
calls=2 -33 
* 52
+1 2
+1 4
+2 2
+4 2
+7 2
+2 2
-9 10
+15 2
+1 2
+1 12

fl=(342) /usr/src/debug/glibc/glibc/io/../sysdeps/unix/sysv/linux/close_nocancel.c
fn=(1592) __close_nocancel
25 2
+1 8
+1 2

fl=(247)
fn=(882) __internal_atexit
36 35
+5 15
+2 35
+1 10
cfn=(884) __new_exitfn
calls=5 +36 
* 162
+2 10
+9 5
+2 5
-5 5
+2 5
+2 5
-4 10
+1 5
+4 20
+1 5
+1 30

fn=(880)
67 5
+1 10
cfn=(882)
calls=5 -32 
* 362

fn=(884)
80 5
+6 10
-6 20
+11 5
-10 5
+10 20
+2 10
+1 16
-1 10
-2 1
+10 1
-10 3
+13 8
+25 4
+1 8
-1 8
+7 4
+5 4
-4 4
+4 8
-5 1
+5 1
-4 1
+4 2
-18 1
-1 1
+12 1

fl=(373)
fn=(1934)
367 1
+1 2
cfn=(1936) __pthread_mutex_unlock_usercnt
calls=1 48 
* 35

fn=(1936)
48 1
+3 1
+1 2
-4 3
+9 2
+5 1
+1 2
-24 1
+1 4
+1 1
+29 1
+2 1
+32 2
-39 2
+9 2
+6 4
+4 3
+3 2

fl=(134)
fn=(442)
31 1
fi=(85) /usr/src/debug/glibc/glibc/string/../sysdeps/x86_64/multiarch/ifunc-strcasecmp.h
+5 1
+1 4
fe=(134)
-6 2
fi=(85)
+7 3
+4 4
+3 3
+3 4
fe=(134)

fl=(136)
fn=(450)
29 2
fi=(122) /usr/src/debug/glibc/glibc/string/../sysdeps/x86_64/multiarch/ifunc-strncpy.h
+6 10
+1 6
+4 8
+3 6
+3 10
fe=(136)

fl=(375)
fn=(1946)
45 10
+3 10
-3 40
+3 15
+3 20
+4 30
+1 16
-5 3
+57 25
+4 30
-4 15
+11 10
+1 10
cfi=(376) /usr/src/debug/glibc/glibc/posix/register-atfork.c
cfn=(1948) __unregister_atfork
calls=5 -38 
* 90
+1 20
+1 40
-66 32
-1 24
+1 16
-1 24
-4 16
+7 4
+2 4
+36 4
-5 4
-33 4
+35 12
+3 12
+1 12
cob=(7)
cfi=(204)
cfn=(1994)
calls=1 +26 
* 1336
cob=(7)
cfi=(378)
cfn=(1992)
calls=1 631 
* 7
cob=(7)
cfi=(250)
cfn=(1990)
calls=1 +91 
* 6
cob=(7)
cfi=(250)
cfn=(1986)
calls=1 203 
* 6
+1 16
+4 12
-47 13

fl=(210) /usr/src/debug/glibc/glibc/nptl/cleanup_compat.c
fn=(732) _pthread_cleanup_push@@GLIBC_2.34
25 1
+3 1
+1 1
+1 2
+2 1
+1 1

fn=(740) _pthread_cleanup_pop@@GLIBC_2.34
40 1
+3 2
+4 2
+2 1

fl=(261) /usr/src/debug/glibc/glibc/misc/../sysdeps/unix/sysv/linux/brk.c
fn=(928) brk
36 69
fi=(401) /usr/src/debug/glibc/glibc/misc/../sysdeps/unix/sysv/linux/brk_call.h
-12 138
fe=(261)
+13 138
+1 138
+6 60
+1 60
-5 18
+1 18

fl=(209)
fn=(728)
136 1572366
+3 1572366
+1 3144732
+4 3144730
-8 2
+7 1
cfn=(730) __pthread_once_slow.isra.0
calls=1 -76 
* 127
+1 3

fn=(730)
67 9
+9 1
+4 2
+52 8
-44 2
+4 2
+9 2
+13 14
cfi=(210)
cfn=(732)
calls=1 -89 
* 7
+2 2
cob=(7)
cfi=(207)
cfn=(734)
calls=1 +92 
* 59
+2 3
cfi=(210)
cfn=(740)
calls=1 -78 
* 6
fi=(213) /usr/src/debug/glibc/glibc/nptl/../sysdeps/nptl/futex-internal.h
+91 4
fe=(209)
-85 2
fi=(213)
+85 4
fe=(209)

fl=(116)
fn=(392)
31 2
fi=(117) /usr/src/debug/glibc/glibc/wcsmbs/../sysdeps/x86_64/multiarch/ifunc-avx2.h
+7 6
+2 8
+1 4
+1 6
+4 8
+3 6
+3 10
fe=(116)

fl=(369) /usr/src/debug/glibc/glibc/stdlib/exit.c
fn=(1926) __run_exit_handlers
45 12
+2 9
+3 2
+3 7
+11 1
+2 2
+8 15
+2 5
+1 5
-1 5
+3 43
+44 3
-49 3
+55 2
+1 2
+6 1
-66 1
+66 3
+2 2
+3 2
cfi=(385)
cfn=(2080)
calls=1 27 
* 3
-29 1
+1 1
-2 1
+3 1
+3 1
-3 2
+3 3
+1 3
cob=(1)
cfi=(371)
cfn=(1930)
calls=1 -92 
* 3331
+1 4
+20 1
cfi=(292)
cfn=(2074)
calls=1 882 
* 397
* 1
-88 1
cfi=(370) /usr/src/debug/glibc/glibc/stdlib/cxa_thread_atexit_impl.c
cfn=(1928) __call_tls_dtors
calls=1 +97 
* 13
* 1

fn=(1924) exit
147 2
+1 3
-1 1
+1 1
cfn=(1926)
calls=1 45 
* 3890

fl=(88)
fn=(320)
31 1
fi=(89) /usr/src/debug/glibc/glibc/wcsmbs/../sysdeps/x86_64/multiarch/ifunc-wcs.h
+8 2
+1 4
+1 3
+4 2
+3 4
fe=(88)
-17 2

fl=(372)
fn=(1932)
77 1
+3 1
+2 1
+2 3
-7 3
+11 2
+91 1
+3 1
+2 1
+3 1
-63 1
+66 2
-93 2
+11 4
+4 1
+3 2
-71 1
+1 7
+1 1
+84 3
+1 2

fl=(119)
fn=(398)
28 1
fi=(112)
+10 3
+2 4
+1 2
+1 3
+4 4
+3 3
+3 5
fe=(119)

fl=(347) /usr/src/debug/glibc/glibc/misc/../sysdeps/unix/syscall-template.S
fn=(1722) munmap
117 25
+5 5

fl=(171)
fn=(580)
41 7

fl=(285)
fn=(1072)
255 1574166
+1 1574166
+6 1574166
+1 1574166
+2 2825
+1 2825
+1 2825
+3 13
+1 13
+1 13
+3 26
+30 1571341
+1 1571341
+2 34
+1 34
+2 1
+4 1
+16 1
+1 1
+1 1
+1 1
+1 1
+7 1571307
+1 1571307
+1 1571307
+1 1571307
+2 1571307
+17 33
+1 33
+1 33
+1 33
+1 33
+7 22
+1 22
+1 22
+1 22
+1 22
+1 22
+1 44
+5 2812
+1 2812
+5 2803
+1 2803
+2 66
+1 66
+1 66
+2 44
+1 44
+1 44
+1 44
+1 44
+1 44
+1 44
+1 44
+1 44
+1 44
+1 44
+1 44
+1 44
+1 44
+1 88
+4 2737
+1 2737
+4 2737
+2 2737
+4 2737
+1 2737
+11 2737
+3 2737
+2 2737
+2 2737
+4 2737
+1 2737
+9 2704
+1 2704
+2 2704
+2 2704
+1 2704
+1 2704
+3 2704
+2 2704
+2 2704
+2 5408
+6 2704
+1 2704
+1 2704
+1 2704
+1 2704
+1 2704
+1 2704
+1 2704
+1 2704
+1 2704
+1 2704
+1 2704
-11 92063
+1 92063
+1 92063
+1 92063
+1 92063
+1 92063
+1 92063
+1 92063
+1 92063
+1 92063
+1 92063
+1 92063
+2 2704
+1 2704
+1 2704
+1 2704
+2 2704
+4 5408
+13 33
+1 33
+2 33
+1 33
+1 33
+2 33
+2 33
+2 66
+6 33
+1 33
+1 33
+1 33
+1 33
+1 33
+1 33
+1 33
+1 33
+1 33
+1 33
+1 33
-11 1342
+1 1342
+1 1342
+1 1342
+1 1342
+1 1342
+1 1342
+1 1342
+1 1342
+1 1342
+1 1342
+1 1342
+2 33
+1 33
+1 33
+1 33
+2 33
+1 66
+9 6
+7 6
+1 6
+6 5
+3 5
+2 5
+3 5
+1 5
+2 5
+2 769845
+2 5
+2 5
+2 10
+5 9
+1 9
+4 9
+2 9
+3 9
+4 9
+1 9
+4 6
+4 6
+24 1
+2 1
+2 1
+2 1
+3 1
+1 1
+2 262097
+3 1
+2 1
+2 2
+17 3
+1 3
+1 3
+5 3
+1 3
+1 3
+7 3
+6 3
+2 3
+8 3
+1 3
+2 3
+2 3
+2 3
+2 3
+8 3
+1 3
+1 3
+1 3
+5 3
+1 3
+1 3
+3 3
+2 6
+5 3
+2 6
+1 6
+1 6
+1 6
+2 12
+1 12
+1 3
+2 12
+1 12
+1 3
+1 3
+1 3
-15 890
+2 1780
+1 1780
+1 1780
+1 1780
+2 3560
+1 3560
+1 890
+2 3560
+1 3560
+1 890
+1 890
+1 890
-13 55366
+1 55366
+1 55366
+1 55366
+2 110732
+1 110732
+1 27683
+2 110732
+1 110732
+1 27683
+1 27683
+1 27683
+1 893
+1 893
+1 893
+1 893
+1 3
+3 3
+1 3
+5 314
+1 314
+1 157
+1 157
+1 157
+1 157
+1 157
+1 157
+1 157
+1 157
+1 157
+1 157
+1 157
+1 157
+1 157
+4 3
+1 3
+1 3
+1 3
+2 3
+1 3
+1 3
+1 3
+1 6

fn=(1356) __memcpy_chk_avx_unaligned_erms
249 1991015
+1 1991015
+1 9955075
+4 1991015
+1 1991015
+6 1991015
+1 1991015
+42 1991015
+1 1991015
+2 1991015
+1 1991015
+55 1991015
+1 1991015
+1 1991015
+1 1991015
+1 1991015

fl=(84)
fn=(312)
31 1
fi=(85)
+5 1
+1 4
fe=(84)
-6 2
fi=(85)
+7 3
+4 4
+3 3
+3 4
fe=(84)

fl=(232)
fn=(794)
52 1572423
+13 1572423
+1 1572423
+1 1572423
+3 1572423
+2 1572423
+1 1572423
+3 1572423
+1 1572423
+8 1572423
+1 1572423
+1 1572423
+5 3144846

fl=(294)
fn=(1132)
24 6
+1 6
+2 12
+2 12
+3 12
+14 18
+2 6
+1 6

fn=(1134)
54 6
+3 12
+2 18
+1 18
+11 6

fl=(111)
fn=(380)
31 2
fi=(112)
+7 6
+2 8
+1 4
+1 6
+4 8
+3 6
+3 10
fe=(111)

fl=(298)
fn=(1150)
53 2
+2 2
+1 2
+1 2
+1 2
+1 2
+3 2
+1 2
+4 2
+1 2
+1 2
+1 2
+1 2
+1 2
+1 2
+1 2
+3 2
+8 2
+8 2
+1 4

fn=(1812)
53 1047552
+2 1047552
+1 1047552
+1 1047552
+1 1047552
+1 1047552
+3 1047552
+1 1047552
+4 1047552
+1 1047552
+1 1047552
+1 1047552
+1 1047552
+1 1047552
+1 1047552
+1 1047552
+13 1047552
+2 2095104

fl=(96)
fn=(336)
31 1
fi=(89)
+8 2
+1 4
+1 3
+4 2
+3 4
fe=(96)
-17 2

fl=(138)
fn=(458)
29 2
fi=(139) /usr/src/debug/glibc/glibc/string/../sysdeps/x86_64/multiarch/ifunc-evex.h
+8 6
+1 8
+1 6
+4 4
+8 6
+3 8
fe=(138)
-25 2

fl=(326) /usr/src/debug/glibc/glibc/stdlib/../include/rounding-mode.h
fn=(1374) round_away
46 4192180
+3 8384360

fl=(212)
fn=(738)
43 13
+12 2
277 12
63 2
+3 1
-10 1
+10 2
+7 2
+2 1
-2 2

fl=(187) /usr/src/debug/glibc/glibc/malloc/arena.c
fn=(630) __ptmalloc_init
252 2
fi=(402) /usr/src/debug/glibc/glibc/malloc/../sysdeps/unix/sysv/linux/not-cancel.h
96 3
fe=(187)
252 4
fi=(402)
96 4
fi=(188)
3155 2
+13 3
+1 1
cfi=(189) ???
cfn=(634) __popcountdi2
calls=1 0 
* 21
+1 3
fe=(187)
276 2
+4 4
fi=(188)
1957 2
+3 1
-3 1
+3 2
-3 2
+3 126
-3 126
+3 252
-3 252
+11 1
+3 1
fe=(187)
284 2
fi=(188)
1969 1
fe=(187)
284 1
fi=(188)
1971 1
fe=(187)
284 1
cob=(1)
cfi=(11)
cfn=(28)
calls=1 438 
* 17
+1 4
cob=(1)
cfi=(11)
cfn=(28)
calls=1 438 
* 18
+1 4
cob=(1)
cfi=(11)
cfn=(28)
calls=1 438 
* 17
+1 4
cob=(1)
cfi=(11)
cfn=(28)
calls=1 438 
* 17
+1 4
cob=(1)
cfi=(11)
cfn=(28)
calls=1 438 
* 18
+1 4
cob=(1)
cfi=(11)
cfn=(28)
calls=1 438 
* 17
+1 4
cob=(1)
cfi=(11)
cfn=(28)
calls=1 438 
* 17
+2 4
cob=(1)
cfi=(11)
cfn=(28)
calls=1 438 
* 17
+1 4
cob=(1)
cfi=(11)
cfn=(28)
calls=1 438 
* 17
+1 4
cob=(1)
cfi=(11)
cfn=(28)
calls=1 438 
* 17
+3 4
cob=(1)
cfi=(11)
cfn=(28)
calls=1 438 
* 17
+1 4
cob=(1)
cfi=(11)
cfn=(28)
calls=1 438 
* 17
+2 4
+10 8
fi=(188)
3168 2
fe=(187)

fl=(293)
fn=(1136)
247 26
+9 4
+2 10
+21 2
-8 2
+10 14
391 24
-76 12
cfn=(1138) _IO_file_open
calls=2 -99 
* 212
* 2
+3 4
+3 6
cfi=(297) /usr/src/debug/glibc/glibc/string/../string/strstr.c
cfn=(1146) __GI_strstr
calls=2 77 
* 118
+1 4
-64 4
+23 12
-19 1
-1 1
-13 2

fn=(1128)
107 12
+5 2
-1 2
+3 2
cfi=(292)
cfn=(1130)
calls=2 -5 
* 202
+1 2
+1 6

fn=(1598) _IO_file_finish@@GLIBC_2.2.5
202 2
+1 4
+6 4
cfi=(292)
cfn=(1600)
calls=2 628 
* 40

fn=(2002)
827 60
+5 40
+2 20
+1 20
+5 20
+11 20
+4 30

fn=(1138)
216 22
+2 2
+1 4
-1 2
+4 2
cfi=(295) /usr/src/debug/glibc/glibc/io/../sysdeps/unix/sysv/linux/open64.c
cfn=(1140) open
calls=2 30 
* 110
* 2
+1 4
+3 4
+3 2
-4 2
+1 6
+3 2
-3 2
+3 2
+10 4
cfi=(292)
cfn=(1130)
calls=2 109 
* 28
+2 2
-1 2
+1 8

fn=(1590) _IO_file_close
1225 2
+3 4
cfi=(342)
cfn=(1592)
calls=2 25 
* 12

fn=(1586) _IO_file_close_it@@GLIBC_2.2.5
129 14
+2 6
+3 8
+1 4
+2 4
+14 4
+1 6
-22 2
+43 2
+2 2
-2 2
cfi=(292)
cfn=(1588)
calls=2 977 
* 12
+3 6
fi=(343)
1036 6
+1 4
fe=(293)
176 4
cfn=(1590)
calls=2 1225 
* 18
* 2
+3 6
+8 10
cfi=(292)
cfn=(1594)
calls=2 355 
* 38
+1 2
+3 2
-3 6
+3 2
cfi=(292)
cfn=(1582)
calls=2 67 
* 8
+5 2
-4 2
+1 2
+3 2
-2 2
+3 14
-45 8

fl=(376)
fn=(1948)
82 15
+1 10
-1 10
+1 10
fi=(377) /usr/src/debug/glibc/glibc/posix/../malloc/dynarray-skeleton.c
243 5
fe=(376)
71 10
+38 20
+1 10

fl=(256) /usr/src/debug/glibc/glibc/stdlib/getenv.c
fn=(908) getenv
25 10
+4 1
+13 2
+1 4
+3 2
cob=(4)
cfi=(191)
cfn=(792)
calls=1 -46 
* 16
* 1
+1 76
+2 75
+1 150
-1 1
+1 2
+5 225
+1 8
cob=(4)
cfi=(191)
cfn=(910)
calls=2 -56 
* 54
* 4
+13 3
+85 1
44 1
154 7

fl=(269) /usr/src/debug/glibc/glibc/csu/../sysdeps/nptl/libc_start_call_main.h
fn=(992) (below main)
29 6
+15 4
cfi=(270) /usr/src/debug/glibc/glibc/setjmp/../sysdeps/x86_64/bsd-_setjmp.S
cfn=(994) _setjmp
calls=1 -16 
* 31
* 1
+2 2
+5 2
+1 2
+3 2
+3 5
cob=(8)
cfi=(273) /home/ikea/Projects/DV1674/dv1674_a2/pearson/pearson.cpp
cfn=(1000) main
calls=1 -47 
* 152978044814
+16 2
cfi=(369)
cfn=(1924)
calls=1 +73 
* 3897

fl=(313)
fn=(1256)
61 525568
+7 525568
+2 525568
+3 525568
+1 525568
+2 525568
+1 525568
+1 525568
+1 525568
+3 525548
+1 525548
+3 525548
+1 525548
+2 1772
+1 1772
+1 9
+1 9
+2 18
+7 523776
+5 523776
+7 523776
+1 523776
+1 523776
+1 523776
+5 10
+1 10
+1 10
+1 20
+9 11
+1 11
+1 11
+1 22
+4 11
+1 11
+1 11
+1 22
+5 10
+1 10
+1 10
+1 20
+10 1783
+1 1783
+1 1783
+2 1783
+10 1783
+1 1783
+3 1783
+1 1783
+2 1783
+1 1783
+2 1773
+1 1773
+1 1773
+1 1773
+2 1762
+1 1762
+1 1762
+1 1762
+2 1751
+1 1751
+1 1751
+1 1751
+4 1741
+1 1741
+3 1741
+1 1741
+1 1741
+1 1741
+5 3482
+10 1741
+1 1741
+1 1741
+1 1741
+1 1741
+1 1741
+1 1741
+2 1741
+6 1741
+1 1741
-15 46363
+1 46363
+1 46363
+1 46363
+1 46363
+1 46363
+1 46363
+2 46363
+6 46363
+1 46363
+2 47132
+2 47132
+1 47132
+4 769
+1 1538
+8 769
+1 769
+3 769
+1 769
+4 769
+1 769
+3 1
+1 1
+1 1
+1 1
+1 1
+1 1
+1 1
+2 1538
+8 972
+1 972
+1 972
+2 727
+1 727
+1 727
+2 491
+2 491
+1 491
+1 491
+4 491
+2 491
+1 982
+22 245
+4 245
+2 245
+1 490
+4 236
+4 236
+2 236
+1 472
+67 20
+3 20
+1 20
+1 20
+3 20
+1 20
+7 20
+3 20
+1 20
+2 20
+1 20

fl=(359) /usr/src/debug/glibc/glibc/stdlib/../sysdeps/x86_64/rshift.S
fn=(1824) __mpn_rshift
28 894428
+1 894428
+1 894428
+1 894428
+13 894428
+1 894428
+16 894428
+1 894428
+1 894428
+1 894428
+1 894428
+1 894428
+1 894428
+5 894428
+1 894428
+1 894428
+1 894428
+1 894428

fl=(100)
fn=(348)
29 3
fi=(101) /usr/src/debug/glibc/glibc/debug/../sysdeps/x86_64/multiarch/ifunc-memset.h
+32 15
+3 9
+16 6
+4 12
+8 6
fe=(100)
-63 3
fi=(101)
+71 6
-48 3
+1 6
fe=(100)

fl=(120)
fn=(402)
30 2
fi=(117)
+8 6
+2 8
+1 4
+1 6
+4 8
+3 6
+3 10
fe=(120)

fl=(322) /usr/src/debug/glibc/glibc/stdlib/mul.c
fn=(1362) __mpn_mul
48 25799914
+6 3035284
+12 3035284
+76 16694062
-71 1517642
+1 3035284
+69 1517642
-60 1517642
cfi=(323) /usr/src/debug/glibc/glibc/stdlib/../sysdeps/x86_64/mul_1.S
cfn=(1364) __mpn_mul_1
calls=1517642 -50 
* 38760270
* 1517642
+2 1517642
+5 3035284

fl=(86)
fn=(316)
33 1
fi=(87)
+23 3
+1 2
+3 3
+14 2
+3 2
+8 2
+8 2
+3 5
fe=(86)

fl=(92)
fn=(328)
29 2
fi=(93)
+27 6
+1 4
+3 6
+14 4
+3 4
+8 4
+8 4
+3 10
fe=(92)

fl=(368)
fn=(1896)
25 1047552
+1 2095104
-1 523776
+1 1571328
cfi=(296) /usr/src/debug/glibc/glibc/nptl/cancellation.c
cfn=(1142) __syscall_cancel
calls=523776 +48 
* 13094400
+1 1047552

fl=(90)
fn=(324)
33 1
fi=(91)
+5 2
+1 1
-1 2
+1 2
+4 4
+3 3
+3 3
fe=(90)
-16 1

fl=(320)
fn=(1352)
1784 1048576
+1 3145728
cfn=(1354) ____strtod_l_internal
calls=1048576 510 
* 776143598

fn=(1354)
510 4194304
+79 1048576
-79 2097152
+45 1048576
-45 5242880
+53 1048576
-53 4194304
+55 2097152
+32 1048576
+1 2097152
cob=(4)
cfi=(191)
cfn=(792)
calls=1048576 0 
* 16777216
* 1048576
+1 2097152
+10 1048576
+4 1048576
-10 1048576
+6 4194304
+3 4194304
+1 2097152
+3 2097152
-12 1048576
+17 2097152
+13 6291456
+1 2097152
+8 3145728
+48 2097152
+19 1046
516 523
734 1046
516 1046
777 1569
516 2096106
777 3145728
+1 2097152
+12 2097152
+16 2097152
+42 2097152
+9 8388608
+1 2097152
687 531
1772 11534336
803 523
-22 523
+22 523
-26 523
-36 7336371
+1 2096106
864 1048576
+1 2097152
+1 1048576
-1 1048576
+1 2097152
+4 6291456
+1 5662184
+2 8493276
-7 5662184
+1 5662184
+6 943908
-7 629272
+1 629272
-1 2097152
+1 4194304
+9 2097152
+6 1048576
+1 1048576
-1 1048576
+2 6291456
+98 1048576
+33 2097152
+2 2097152
879 315249
1019 105083
-2 210166
+2 11560
-2 128203
+3 105083
+2 315249
+3 213843
+19 2832048
+1 944016
+5 2096090
+9 519825
+2 311895
+9 311895
+1 415860
+3 519825
+4 103965
+1 103965
+96 1143615
+4 103965
-1 103965
+1 207930
+3 415860
-7 10384880
+4 944080
-1 944080
+1 1888160
+3 3776320
+12 2096090
+3 2096090
1359 5237610
+18 2095044
+3 6285132
+13 1047522
-13 2095044
+8 2095044
+13 2095044
+3 2095044
-3 1047522
+3 3142566
+6 1047522
-3 1047522
-3 2095044
+3 3142566
+5 6285132
+7 10671549
+3 952945
+4 952945
-4 952945
+2 1905890
-2 1038070
+4 1038070
-4 1038070
+2 2076140
+3 1047522
-1 1047522
+1 2095044
fi=(321) /usr/src/debug/glibc/glibc/stdlib/../string/bits/string_fortified.h
29 1047522
fe=(320)
1427 2095044
fi=(321)
29 2095044
cfi=(285)
cfn=(1356)
calls=1047522 249 
* 20950440
* 2095044
fe=(320)
1445 2284198
-3 1038070
+1 1038070
-24 2076140
1044 313680
+1 104560
+2 209120
767 1593
-76 5240265
516 1048053
710 3144159
516 3144159
712 2096106
-1 2096106
+24 3144159
-1 1048053
+2 1048053
-2 1048053
+2 5240265
1074 944080
+9 1888160
741 2096106
+8 2096106
1433 943493
-1 3773972
+1 943493
-1 2830479
cfi=(322)
cfn=(1362)
calls=943493 48 
* 58496566
+4 943493
+1 1886986
-1 1886986
+1 943493
+1 943493
+1 943493
-1 943493
+1 1886986
+6 1886986
+2 3142566
381 1047522
-1 1047522
+1 10475220
cfn=(1366) str_to_mpn.part.0.constprop.0
calls=1047522 -14 
* 81482890
1468 1047522
+7 1047522
-7 1047522
+2 1047522
-2 1047522
+2 1047522
-2 2095044
+2 2095044
+17 2095044
+2 2095044
1718 756616
380 523
1200 523
381 6799
cfn=(1366)
calls=523 -14 
* 26673
1206 1046
+20 523
-20 2615
+44 523
+1 523
-1 523
+1 523
-1 523
+1 1046
+4 1046
+6 1046
+32 1046
+3 523
+4 523
-4 523
+4 523
-4 2615
+4 2092
-2 1046
+10 2615
cfi=(324) /usr/src/debug/glibc/glibc/stdlib/../sysdeps/x86_64/lshift.S
cfn=(1368) __mpn_lshift
calls=523 28 
* 8368
+4 1046
+15 3661
cfn=(1370) round_and_return
calls=523 215 
* 50731
* 523
1474 6285132
cfi=(324)
cfn=(1368)
calls=1047522 28 
* 16760352
+1 5237610
cfi=(324)
cfn=(1368)
calls=1047522 28 
* 16760352
+1 3142566
1637 5237610
cfn=(1370)
calls=1047522 215 
* 98001081
* 1047522
1496 1047522
+1 1047522
+1 4190088
+4 5237610
+38 2095044
+4 5237610
-4 12570264
+5 1047522
-5 1047522
+5 2095044
-5 2095044
+4 1047522
-4 2095044
+2 1047522
1393 1047522
+5 6285132
1145 943493
fi=(321)
29 2830479
fe=(320)
1448 943493
fi=(321)
29 943493
cfi=(285)
cfn=(1356)
calls=943493 249 
* 18869860
* 1886986
fe=(320)

fn=(1366)
367 4192180
+9 1048045
-9 7336315
+10 1048045
-10 4192180
+61 2916125
+1 5832250
-14 11664500
+3 1887114
+7 943557
+3 2830671
+3 1887114
-3 3945136
+3 3945136
-47 5832250
+49 4192180
+7 3144135
+2 3144135
+2 1048045
+1 1048045
+15 9432405

fn=(1370)
215 13624585
fi=(325) /usr/src/debug/glibc/glibc/stdlib/../sysdeps/generic/get-rounding-mode.h
94 1048045
+1 9432405
fe=(320)
218 2096090
+97 2096090
+3 2096090
-93 1048045
+93 2096090
+3 2134780
+2 7738
-2 7738
+1 15476
-1 15476
+1 15476
-1 7738
+1 15476
cfi=(326)
cfn=(1374)
calls=7738 46 
* 92856
* 15476
+35 531505
-5 1078486
+5 3144135
+1 1048045
-1 2096090
+1 5240225
-1 1048045
cfi=(328) /usr/src/debug/glibc/glibc/stdlib/../sysdeps/ieee754/dbl-64/mpn2dbl.c
cfn=(1378) __mpn_construct_double
calls=1048045 29 
* 16768720
-34 1040307
-1 7282149
cfi=(326)
cfn=(1374)
calls=1040307 46 
* 12483684
+35 1040307
-35 3120921
fi=(327) /usr/src/debug/glibc/glibc/stdlib/../stdlib/gmp.h
453 523767
fe=(320)
330 523767
fi=(327)
454 523767
fe=(320)
330 523767
+10 1047534
+14 2080614
+1 1040307

fl=(229) /usr/src/debug/glibc/glibc/elf/libc-dl-profstub.c
fn=(784) _dl_mcount_wrapper_check
40 128
+1 384
+1 128

fl=(296)
fn=(1142)
74 1573644
+1 1573644
cfn=(1144) __internal_syscall_cancel
calls=524548 -45 
* 6819124
+4 2098192
+1 1049096

fn=(1144)
30 2622740
+7 1049096
+1 1049096
+2 1049096
+24 1049096

fl=(271) /usr/src/debug/glibc/glibc/setjmp/../sysdeps/x86_64/setjmp.S
fn=(996) __sigsetjmp
31 1
+2 1
+9 1
+1 2
+1 1
+4 1
+1 1
+1 1
+1 1
+1 1
+2 2
+2 1
+1 1
+1 1
+2 2
+2 1
+5 1
+1 1
+17 1
cfi=(272) /usr/src/debug/glibc/glibc/setjmp/sigjmp.c
cfn=(998) __sigjmp_save
calls=1 -57 
* 6

fl=(302)
fn=(1192)
32 524546
+3 2622730
+7 524546

fl=(103)
fn=(356)
31 1
fi=(89)
+8 2
+1 4
+1 3
+4 2
+3 4
fe=(103)
-17 2

fl=(272)
fn=(998)
28 1
+2 2
-1 1
+5 2

fl=(130)
fn=(430)
31 1
fi=(112)
+7 3
+2 4
+1 2
+1 3
+4 4
+3 3
+3 5
fe=(130)

fl=(137)
fn=(454)
29 4
fi=(87)
+27 12
+1 8
+3 12
+14 8
+3 8
+8 8
+8 8
+3 20
fe=(137)

fl=(365) /usr/src/debug/glibc/glibc/stdio-common/Xprintf_buffer_done.c
fn=(1838) __printf_buffer_done
25 523776
+1 1571328
+5 1047552
+2 5761536
+7 523776

fl=(172)
fn=(582)
44 7

fl=(186) /usr/src/debug/glibc/glibc/nptl/../sysdeps/unix/sysv/linux/x86/elision-conf.c
fn=(628) __lll_elision_init
92 2
+4 1
-4 2
+4 1
-4 1
+4 4
cob=(1)
cfi=(11)
cfn=(28)
calls=1 438 
* 18
+2 4
cob=(1)
cfi=(11)
cfn=(28)
calls=1 438 
* 18
+2 4
cob=(1)
cfi=(11)
cfn=(28)
calls=1 438 
* 18
+2 4
cob=(1)
cfi=(11)
cfn=(28)
calls=1 438 
* 18
+2 4
cob=(1)
cfi=(11)
cfn=(28)
calls=1 438 
* 18
+3 3
+1 1
+1 6

fl=(123)
fn=(410)
31 3
fi=(124) /usr/src/debug/glibc/glibc/wcsmbs/../sysdeps/x86_64/multiarch/ifunc-evex.h
+6 9
+1 12
+1 9
+4 6
+8 9
+3 12
fe=(123)
-23 3

fl=(189)
fn=(634)
0 21

fl=(225)
fn=(776)
30 1047554
+1 3142662
+2 2095108
+3 1047554
-1 1047554
+2 1047554
+28 3142662
+1 3142662
+1 3142662
+3 3142662
+1 1047554

fl=(121)
fn=(406)
31 1
fi=(122)
+4 5
+1 3
+4 4
+3 3
+3 5
fe=(121)

fn=(416)
31 1
fi=(85)
+5 1
+1 4
fi=(126) /usr/src/debug/glibc/glibc/string/../sysdeps/x86_64/multiarch/strcasecmp.c
-6 2
fi=(85)
+7 3
+4 4
+3 3
+3 4
fe=(121)

fl=(340) /usr/src/debug/glibc/glibc/misc/../sysdeps/unix/sysv/linux/setvmaname.c
fn=(1542) __is_decorate_maps_enabled
33 56
+1 72
+3 4
cob=(1)
cfi=(11)
cfn=(28)
calls=1 438 
* 18
* 3
+5 1
+1 1
+7 3
-7 13
+7 67

fn=(1540) __set_vma_name
60 140
+1 14
cfn=(1542)
calls=14 -28 
* 238
* 28
+9 84

fl=(341)
fn=(1580)
34 14
+14 6
+9 2
fi=(343)
1036 6
+1 4
fe=(341)
57 6
cfi=(293)
cfn=(1598)
calls=2 202 
* 50
+1 6
+13 4
fi=(343)
962 8
+1 8
+6 4
cfi=(188)
cfn=(1390)
calls=2 3516 
* 68
fe=(341)
76 12
-27 2
cfi=(292)
cfn=(1582)
calls=2 +18 
* 208
+2 16
+1 4
fi=(343)
990 4
+1 20
fe=(341)
51 8
+1 2
-1 2
+2 4
cfi=(293)
cfn=(1586)
calls=2 +76 
* 212
* 2
fi=(343)
990 6
fe=(341)

fl=(360) /usr/src/debug/glibc/glibc/nptl/alloca_cutoff.c
fn=(1826) __libc_alloca_cutoff
27 523776
+1 4190208
+7 523776

fl=(230) /usr/src/debug/glibc/glibc/iconv/gconv_simple.c
fn=(786) __gconv_btwoc_ascii
49 128
+2 512
+3 128

fl=(255)
fn=(906)
28 1
+1 5
cfi=(256)
cfn=(908)
calls=1 -4 
* 643

fl=(182) /usr/src/debug/glibc/glibc/resource/../sysdeps/unix/sysv/linux/getrlimit64.c
fn=(620) getrlimit
38 2
+1 7
+1 1

fl=(297)
fn=(1146)
77 18
+5 2
-5 8
+5 4
+2 8
cob=(4)
cfi=(191)
cfn=(1148)
calls=2 -84 
* 46
* 2
+1 4
-40 2
161 24

fl=(125)
fn=(414)
67 2
-24 2
+1 8
+23 4
-22 6
+4 8
+3 6
+3 8

fl=(131)
fn=(434)
29 2
fi=(132) /usr/src/debug/glibc/glibc/string/../sysdeps/x86_64/multiarch/ifunc-memcmp.h
+5 14
fe=(131)
-5 4
fi=(132)
+6 4
+2 6
+4 4
+3 6
+3 10
fe=(131)

fl=(260) /usr/src/debug/glibc/glibc/misc/sbrk.c
fn=(926) sbrk
37 2153255
+6 861302
+35 1291749
-38 861302
+18 861302
+4 861302
+4 68
+1 68
-1 204
+8 68
cfi=(261)
cfn=(928)
calls=68 -38 
* 630
* 204
+4 186
-28 9
+28 19
-19 2
cfi=(261)
cfn=(928)
calls=1 -23 
* 9
* 2
+4 4

fl=(328)
fn=(1378)
29 1048045
+10 1048045
-6 1048045
+7 10480450
+6 1048045
+1 2096090

fl=(110)
fn=(376)
30 1
fi=(107) /usr/src/debug/glibc/glibc/wcsmbs/../sysdeps/x86_64/multiarch/ifunc-wcslen.h
+10 1
+1 4
+1 3
+4 4
+3 3
+3 3
fe=(110)
-22 1

fl=(180)
fn=(616)
35 8
+2 1
cfi=(181) /usr/src/debug/glibc/glibc/ctype/ctype-info.c
cfn=(618) __ctype_init
calls=1 * 
* 17
+3 1
fi=(183) /usr/src/debug/glibc/glibc/elf/../sysdeps/nptl/pthread_early_init.h
-7 2
fe=(180)
+7 1
+3 2
fi=(183)
-10 1
cfi=(182)
cfn=(620)
calls=1 +5 
* 10
* 3
+1 1
+4 5
+7 1
fi=(403) /usr/src/debug/glibc/glibc/elf/../nptl/nptl-stack.h
+16 3
fi=(183)
-16 1
fi=(403)
+16 2
fi=(183)
-7 1
fi=(403)
+7 2
fi=(183)
-9 1
-6 1
+2 2
+4 4
+1 1
+3 1
cfi=(184) /usr/src/debug/glibc/glibc/nptl/pthread_mutex_conf.c
cfn=(624) __pthread_tunables_init
calls=1 -1 
* 78
fe=(180)
-8 2
cfi=(185) /usr/src/debug/glibc/glibc/stdlib/../sysdeps/unix/sysv/linux/getrandom.c
cfn=(626) __getrandom_early_init
calls=1 238 
* 18
+3 1
cfi=(186)
cfn=(628)
calls=1 +41 
* 127
+4 3
+1 2
-1 1
cfi=(187)
cfn=(630)
calls=1 252 
* 1085

fl=(106)
fn=(368)
29 2
fi=(107)
+11 2
+1 8
+1 6
+4 8
+3 6
+3 6
fe=(106)
-23 2

fl=(228)
fn=(782)
32 1280
+5 2304
+5 512
+52 768
-48 384
fi=(404) /usr/src/debug/glibc/glibc/wcsmbs/./wcsmbsload.h
+23 128
+1 384
fe=(228)
-23 256
+1 256
+4 512
+3 640
cfi=(229)
cfn=(784)
calls=128 -15 
* 640
* 896
+39 256
-39 128
cfi=(230)
cfn=(786)
calls=128 -6 
* 768

fl=(231)
fn=(790)
26 80
+7 10
-7 30
+3 10
cob=(4)
cfi=(191)
cfn=(792)
calls=10 -29 
* 160
* 10
+3 30
+1 10
+7 48
+1 96
-8 48
+2 96
cob=(4)
cfi=(191)
cfn=(792)
calls=48 -35 
* 768
* 20
cob=(4)
cfi=(191)
cfn=(792)
calls=10 -35 
* 160
* 58
+2 312
cfi=(233)
cfn=(796)
calls=49 +36 
* 1048
* 98
+8 20
+1 10
+1 80

fl=(358) /usr/src/debug/glibc/glibc/stdlib/../sysdeps/ieee754/dbl-64/dbl2mpn.c
fn=(1822) __mpn_extract_double
33 523776
+2 523776
-2 523776
+4 1571328
+1 2618880
+9 1047552
+9 523776
-9 523776
+9 1047552
+47 523776
+4 523776
-4 523776
+4 523776

fl=(129)
fn=(426)
31 1
fi=(85)
+5 1
+1 4
fe=(129)
-6 2
fi=(85)
+7 3
+4 4
+3 3
+3 4
fe=(129)

fl=(184)
fn=(624)
55 2
+1 1
-1 2
+1 1
-1 1
+1 4
cob=(1)
cfi=(11)
cfn=(28)
calls=1 438 
* 18
+2 4
cob=(1)
cfi=(11)
cfn=(28)
calls=1 438 
* 17
+2 4
cob=(1)
cfi=(11)
cfn=(28)
calls=1 438 
* 18
+2 6

fl=(304)
fn=(1196)
25 1540
+1 3080
-1 770
+1 2310
cfi=(296)
cfn=(1142)
calls=770 +48 
* 19250
+1 1540

fl=(339) /usr/src/debug/glibc/glibc/misc/../sysdeps/unix/sysv/linux/mmap64.c
fn=(1538) mmap
47 14
+3 28
-3 84
+6 28
+5 84
+2 56
-7 70

fl=(268) /usr/src/debug/glibc/glibc/csu/../csu/libc-start.c
fn=(978) __libc_start_main@@GLIBC_2.34
242 13
+69 2
+1 4
cfi=(247)
cfn=(880)
calls=1 67 
* 76
+25 6
+6 2
-3 2
+10 2
cob=(1)
cfi=(49)
cfn=(990)
calls=1 118 
* 5
+2 2
+8 4
cfi=(269)
cfn=(992)
calls=1 29 
* 152978048768
128 2
+6 3
+1 6
cob=(4)
cfi=(191)
cfn=(980)
calls=1 0 
* 7
* 1
+3 1
+1 2
+3 3
+2 2
-1 7
+2 4
cob=(8)
cfi=(267)
cfn=(984) 0x0000000000002340
calls=1 0 
* 12
-1 4

fl=(259) /usr/src/debug/glibc/glibc/malloc/morecore.c
fn=(924) __glibc_morecore
25 430651
+1 861302
-1 861302
+4 430651
cfi=(260)
cfn=(926)
calls=430651 +8 
* 6891685
+1 861302
+4 861284
-7 9
+7 18

fl=(113)
fn=(384)
29 1
fi=(399)
+7 5
fe=(113)
-7 1

fl=(181)
fn=(618)
37 1
+2 7
+2 4
+2 1
-1 1
+1 1
-1 1
+2 1

fl=(133)
fn=(438)
29 1
fi=(91)
+9 2
+1 1
-1 2
+1 2
+4 4
+3 3
+3 3
fe=(133)
-20 1

fl=(270)
fn=(994)
28 1
+2 1
+2 1
cfi=(271)
cfn=(996)
calls=1 -1 
* 28

fl=(354) /usr/src/debug/glibc/glibc/stdio-common/vfprintf-internal.c
fn=(1808) __printf_buffer
601 5237760
fi=(405) /usr/src/debug/glibc/glibc/stdio-common/printf-parse.h
82 523776
fe=(354)
601 1047552
fi=(405)
82 523776
fe=(354)
601 1047552
+27 1571328
+9 523776
-9 523776
+9 523776
-9 523776
+9 1047552
fi=(405)
82 523776
cob=(4)
cfi=(191)
cfn=(1810)
calls=523776 -82 
* 10999296
fe=(354)
653 523776
-1 523776
+1 523776
fi=(405)
82 1047552
fe=(354)
653 523776
-1 523776
cfi=(355)
cfn=(1814)
calls=523776 27 
* 9951744
+2 1571328
+4 1047552
+4 3666432
-32 523776
+11 523776
-8 523776
+29 523776
+42 2095104
1043 5761536
704 1047552
-12 523776
+6 523776
+6 1047552
-13 523776
-1 523776
+14 523776
-10 523776
-8 523776
+11 523776
+7 1047552
-11 523776
-8 523776
-1 523776
+20 1047552
-21 523776
-1 523776
+22 523776
-15 2095104
972 1047552
+3 18332160
+20 6285312
+1 523776
263 523776
+1 523776
996 523776
743 523776
264 1047552
743 523776
263 1047552
1023 523776
fi=(405)
82 523776
fe=(354)
1017 523776
fi=(405)
82 1047552
cob=(4)
cfi=(191)
cfn=(1810)
calls=523776 -82 
* 10999296
fe=(354)
1027 1047552
+1 523776
fi=(405)
82 523776
fe=(354)
1028 523776
-1 523776
cfi=(355)
cfn=(1814)
calls=523776 27 
* 9951744
+3 1047552
708 523776
813 523776
-1 523776
+1 1047552
+41 7332864
266 523776
cfi=(356) /usr/src/debug/glibc/glibc/stdio-common/printf_fp.c
cfn=(1816) __printf_fp_l_buffer
calls=523776 1099 
* 1102948532
1000 523776
818 523776
-1 523776
+1 1571328
+15 4713984
+3 1047552
+18 523776
-37 523776
+19 2095104

fl=(370)
fn=(1928)
148 4
+1 1
-1 1
+1 3
+16 4

fl=(114)
fn=(386)
79 2
-32 2
+1 2
+1 2
-1 6
+1 4
+4 8
+3 6
+3 6
+20 2

fl=(188)
fn=(1048) tcache_init.part.0
3395 1
+11 1
-11 1
+11 1
cfn=(918) __libc_malloc2
calls=1 +38 
* 156
* 3
+2 2
fi=(283) /usr/src/debug/glibc/glibc/malloc/../string/bits/string_fortified.h
59 104
fe=(188)
3411 1
+1 11
-1 2
+1 8
-1 4
+1 1
+2 2

fn=(916)
3480 4721194
1337 9442388
+19 28327164
3489 9442388
+3 4194380
-1 3145782
+4 2097188
+2 4194376
3224 2097170
+4 4194340
+4 1048585
+1 1048585
3498 1048585
+12 3672608
cfn=(918)
calls=3672608 -66 
* 595926590
-17 1
cfn=(1046) tcache_malloc_init
calls=1 -96 
* 481

fn=(1536) sysmalloc_mmap_fallback.constprop.0
2501 72
+4 9
+3 27
+1 5
+3 1
+1 2
+4 1
-1 2
-4 8
+1 16
+4 8
-1 16
+3 90
cfi=(339)
cfn=(1538)
calls=9 47 
* 234
* 9
+3 18
+4 18
+4 36
cfi=(340)
cfn=(1540)
calls=9 60 
* 334
+5 9
+2 9
+2 81
2019 36

fn=(1494) _int_free_create_chunk
4817 7345200
-1 1034355
+7 413742
+4 4440
+4 8880
+9 206871
-1 206871
+2 413742
+2 413742
+22 206871
-5 206871
+5 206871
-4 206871
+1 206871
+1 206871
+2 206871
+1 206871
+15 616173
-57 1012155
cfn=(1504) unlink_chunk.isra.0
calls=202431 1619 
* 4520289
+1 809724
+6 404862
+43 3465729
+1 10397187
+1 3465729
+5 3465729

fn=(918)
3444 22035660
+4 7345220
+28 18363050
-26 11017830
cfn=(920) _int_malloc
calls=3672610 3977 
* 511456895
+1 18363050
fi=(187)
151 7345210
fe=(188)

fn=(1390)
3516 4721191
+3 9442382
+15 9442382
-4 14163573
+10 13636762
+6 3145785
+3 3145785
+1 2097190
+2 3145785
3201 1048595
+8 1048595
-12 1048595
+4 3145785
+1 1048595
+7 1048595
3553 1048595
-4 3672596
-22 3672596
+40 7345192
fi=(187)
151 11017788
fe=(188)
3571 11017788
cfn=(1490) _int_free_chunk
calls=3672596 4634 
* 438465652

fn=(1490)
4634 29380840
1805 3672605
4642 7345210
+78 3672605
-3 3672605
+3 3672605
-3 7345210
+6 7345200
+6 14690400
cfn=(1492) _int_free_merge_chunk
calls=3672600 +39 
* 335633361
+2 3672600
+16 15
+10 10
cfn=(1720) munmap_chunk
calls=5 3035 
* 175
+2 7345210
+2 11017815
-12 20
+2 5
+1 5
-1 5
+1 5
+1 10

fn=(922) sysmalloc
2543 657
+20 73
-20 219
+20 73
+11 146
+1 146
-11 68
+35 68
+11 68
-10 204
+1 68
+9 608
+6 201
+3 204
2932 204
+1 68
+5 136
+3 136
+5 136
-2 68
+2 68
-1 68
+1 68
-3 68
+3 68
+1 68
-1 204
+1 68
+2 68
+6 803
2576 15
+3 20
+8 20
cfn=(1718) sysmalloc_mmap.isra.0
calls=5 2411 
* 599
+1 10
+92 136
+9 272
+13 204
+8 340
+8 136
+20 36
+15 18
-4 9
+6 9
-6 9
+6 9
+2 36
+9 22
+40 3
+22 2
+1 5
+2 2
+1 3
cfi=(259)
cfn=(924)
calls=1 25 
* 26
+12 3
-12 1
+12 1
2019 4
2793 2
-50 72
cfn=(1536)
calls=9 2501 
* 1041
+2 27
-2 9
+2 9
2937 68
2720 340
cfi=(259)
cfn=(924)
calls=68 25 
* 3046
+1 272
-1 68
+1 68
2019 295
2723 68
+3 136
+29 59
+2 59
-2 59
+2 177
+6 118
+1 58
2937 58
2764 174
+94 27
-65 9
+84 18
+10 10
-1 10
+1 30
+1 10
+11 20
+7 18
+1 27
+8 9
+2 9
+5 18
+2 63
cfn=(1490)
calls=9 4634 
* 864
+13 27
2756 2
+38 3
2028 3

fn=(1046)
3397 3
+28 3
-23 5
cfn=(1048)
calls=1 -7 
* 298
* 1
+26 1
-1 1
cfn=(918)
calls=1 +17 
* 169

fn=(1492)
4768 22035600
+5 18363000
-4 3672600
+7 11017800
+5 11017800
+4 7345200
-1 3672600
+1 7345200
2003 11017800
4792 7345200
+2 3045
+2 3045
+1 12180
+2 6090
-4 3045
+4 6090
cfn=(1504)
calls=3045 1619 
* 67071
* 6090
+4 12180
cfn=(1494)
calls=3045 +14 
* 86041
* 14678220
cfn=(1494)
calls=3669555 +14 
* 39774347
+91 7345200
-89 25676214
cfn=(1534) _int_free_maybe_consolidate.part.0
calls=3640614 +82 
* 145114018
-29 7685

fn=(1504)
1619 408930
+2 1226790
-2 408930
+2 817860
+3 408930
+3 817860
-2 408930
+2 817860
+3 408930
+1 408930
+1 2044647
+2 421756
+1 632634
+3 421756
+14 210877
+1 210877
+3 817858
-16 2
+1 3
+15 2

fn=(1720)
3035 5
+2 5
-2 5
+4 10
+3 10
-5 5
+4 5
+1 5
+1 5
-7 5
+13 20
+1 5
-1 5
+1 20
+3 5
+1 15
+6 5
-1 10
cfi=(347)
cfn=(1722)
calls=5 117 
* 30

fn=(920)
3977 29380880
1337 7345220
+19 22035660
4018 7345220
1805 3672610
4045 7345220
+67 10
-65 20
+3 5
+2 10
1996 4065
4623 33053490
4110 7345210
+62 36726167
+1 11017800
+19 3672610
+1 3672610
-2 3672610
+1 7345220
+1 7345220
-2 7345216
+12 18363050
-1 842532
+4 421266
+3 421266
-3 3508
+3 3508
+1 637161
-3 212387
+5 212387
+1 849548
+2 849548
-10 212387
+12 424774
+1 424774
+2 424774
+11 424776
+29 212387
+1 212387
+4 424774
+29 422064
+8 846994
+1 574
+1 574
-1 574
+4 1148
-4 210457
+1 210457
-1 210457
+4 420914
+5 1640
-2 410
+3 820
+6 762
+3 1016
+2 508
+33 508
+9 254
-9 1270
+2 254
-1 254
+2 254
+7 254
-6 254
+6 508
-10 421556
+9 210778
-9 1053890
+2 210778
-1 210778
+2 210778
+7 210778
-6 210778
+6 421556
4113 10
+2 10
-2 10
+2 20
-63 15
4267 1355
+1 1355
-1 1355
+1 2710
-14 1355
+19 2710
4376 844128
4203 633096
4382 1046390
+11 11013765
+2 11013735
+3 3671245
-3 3671245
+3 7342490
+1 11034222
+67 3671228
+1 3671228
+1 3671228
-1 3671228
+1 3671228
+1 7342456
+1 11013684
+5 14570871
+16 2947464
+2 5894928
-4 6361368
+8 233220
+3 466440
+2 29793
+1 29793
+1 29793
-2 119172
-27 29793
4302 1783374
-70 2
+64 2
+1 3
+1 1
-1 1
+1 7590
+4 37945
+52 210621
-51 210621
+51 631863
3241 5
4112 30
4328 468
+3 1
+1 3
-3 314
+6 156
+7 7
-1 28
+2 14
+2 7
+1 21
+2 7
+1 14
-1 149
+1 298
4065 13871232
4482 123
-3 10403481
4579 3467801
+1 6935602
+2 6935602
+3 10403403
+17 219
4302 1118788
4484 21
+1 14
4338 298
-36 1270687
4509 813708
+3 406854
+2 203427
+3 406854
-3 813708
+3 203427
cfn=(1504)
calls=203427 1619 
* 6306192
+3 1220562
+15 203427
+1 406854
+3 406854
-9 203427
+9 406854
+1 203427
+1 203427
+3 406854
+1 4
+1 406854
+2 406852
+3 1627408
+2 610278
+1 203426
1996 203426
4557 203426
1996 406852
4551 8
+2 3
+1 1
1996 1
4557 1
1996 2
4402 27
+1 162
+6 54
+2 3
-1 6
+2 3
+2 3
+1 6
-1 12
+1 3
cfn=(1504)
calls=3 1619 
* 66
-1 24
+1 48
-1 96
+1 24
cfn=(1504)
calls=24 1619 
* 744
+3 162
4595 3467755
+1 10403265
cfn=(930) alloc_perturb
calls=3467755 1995 
* 17338775
+1 3467755
-9 10403184
+2 6935456
-1 3467728
+1 3467728
-3 3467728
+3 3467728
+2 3467728
-2 13870912
+2 6935456
+25 292
cfn=(922)
calls=73 2543 
* 14512
* 73
+1 146
+1 219
cfn=(930)
calls=73 1995 
* 365
* 73
4421 27
-1 27
+1 54

fn=(1544) systrim.constprop.0
2977 1291746
+2 430582
+1 861164
+5 430582
+1 430582
-1 861164
+4 1722328
+2 861164
-23 430582
+30 430582
-30 861164
+30 1291746
cfi=(259)
cfn=(924)
calls=430582 25 
* 11195132
* 430582
+1 1722328
+32 430582
-50 430582
+50 430582

fn=(930)
1995 3467828
+1 10403484
+2 3467828

fn=(1534)
4887 40046754
+9 10921842
+3 10921842
+17 35310352
-14 18203070
+1 1722328
+13 3014074
-13 430582
cfn=(1544)
calls=430582 2977 
* 24543174

fn=(1718)
2411 15
+13 15
-13 5
+18 10
+3 45
cfi=(339)
cfn=(1538)
calls=5 47 
* 130
* 5
+3 10
+4 10
+4 25
cfi=(340)
cfn=(1540)
calls=5 60 
* 170
+16 20
+19 5
-1 5
+5 5
-4 10
+4 15
+1 19
+3 15
+1 25
+5 20
2019 20

fl=(353)
fn=(1806)
102 1047552
fi=(406) /usr/src/debug/glibc/glibc/libio/../include/printf_buffer.h
+22 523776
fe=(353)
-22 523776
fi=(406)
+22 523776
fe=(353)
-22 3142656
fi=(406)
+35 523776
-13 523776
+13 523776
-10 523776
+1 523776
fe=(353)
-65 1047552
+3 523776
+30 2095104
cfi=(354)
cfn=(1808)
calls=523776 601 
* 1252224692
-21 1571328
+1 523776
+11 1047552
cfi=(365)
cfn=(1838)
calls=523776 -62 
* 9427968
+17 3142656

fl=(94)
fn=(332)
29 2
fi=(95) /usr/src/debug/glibc/glibc/wcsmbs/../sysdeps/x86_64/multiarch/ifunc-memcmp.h
+5 14
fe=(94)
-5 4
fi=(95)
+6 4
+2 6
+4 4
+3 6
+3 10
fe=(94)

fl=(97)
fn=(340)
31 3
fi=(98) /usr/src/debug/glibc/glibc/wcsmbs/../sysdeps/x86_64/multiarch/ifunc-wmemset.h
+5 15
+1 9
fe=(97)
-6 3

fl=(193)
fn=(666)
46 5
+5 2
+4 5
+8 1
-2 1
+10 1
-9 1
+1 1
+9 1
-1 1
cfi=(194)
cfn=(668)
calls=1 -41 
* 50

fl=(196)
fn=(674)
545 1
+1 4
+1 3
+1 3
+2 1

fl=(197)
fn=(676)
64 1
+3 3
-1 2
+3 1
-1 1
-1 3
+2 2
-1 2
-1 6
+3 1

fl=(323)
fn=(1364)
31 10791955
+1 10791955
+3 10791955
+1 10791955
+1 10791955
+1 10791955
+1 10791955
+2 10791955
+1 10791955
+2 10791955
+1 10791955
+1 10791955
+1 10791955
+1 9847668
+2 9847668
+1 9847668
+1 9847668
+1 9847668
+26 944287
+1 944287
+1 944287
+1 944287
+1 944287
+1 944287
+1 944287
+1 944287
+1 944287
+26 944287
+1 944287
+1 944287
+2 944287
+1 944287
+1 944287
+1 944287
+1 944287
+1 944287
+2 944287
+3 944287
-5 9847668
+2 9847668
+3 9847668

fl=(105)
fn=(364)
29 1
fi=(93)
+27 3
+1 2
+3 3
+14 2
+3 2
+8 2
+8 2
+3 5
fe=(105)

fl=(324)
fn=(1368)
28 2619344
+1 2619344
+1 2619344
+2 2619344
+1 2619344
+1 2619344
+12 2619344
+1 2619344
+1 2619343
+1 2619343
+1 2619343
+1 2619343
+1 2619343
+6 2619343
+1 2619343
+1 2619343
+3 1
+1 1
+1 1
+1 1
+1 1
+1 1
+1 1
+5 1
+1 1
+1 1
+1 1
+1 1

fl=(185)
fn=(626)
238 7
+3 6
+37 5

fl=(233)
fn=(796)
73 50
+7 50
+1 50
+3 1
+1 1
+1 1
+4 1
+1 1
+2 1
+1 1
+3 1
+1 1
+1 1
+3 1
+1 1
+3 1
+1 1
+3 1
+1 1
+1 1
+1 1
+1 1
+1 1
+1 1
+1 1
+1 1
+1 1
+3 1
+1 1
+6 1
+1 1
+1 1
+1 1
+4 1
+1 1
+2 1
+1 1
+1 1
+1 1
+3 1
+1 1
+1 1
+1 1
+1 1
+1 1
+2 2
+4 39
+10 39
+1 39
+1 39
+3 78
401 49
+1 49
+5 49
+1 49
+1 49
+1 49
+1 49
+3 49
+1 49
+1 49
+1 49
+3 49
+1 49
+1 10
+1 20

fl=(295)
fn=(1140)
30 18
+3 9
+8 16
cfi=(296)
cfn=(1142)
calls=2 +33 
* 50
+2 10
-7 2
+5 1
-5 3
+2 1

fl=(356)
fn=(1816)
1099 6285312
+3 523776
-3 1571328
+3 1047552
+13 1571328
cob=(4)
cfi=(191)
cfn=(792)
calls=523776 0 
* 8380416
* 1047552
+1 2618880
+31 5761536
fi=(357) /usr/src/debug/glibc/glibc/stdio-common/../include/../locale/localeinfo.h
330 1047552
fe=(356)
1111 523776
fi=(357)
330 523776
fe=(356)
1112 1047552
+5 1047552
+5 3666432
cfn=(1820) __printf_fp_buffer_1.isra.0
calls=523776 138 
* 1065760436
+4 523776

fn=(1820)
138 8380416
+21 523776
+18 523776
+10 523776
-28 3666432
+62 1047552
+5 2095104
+4 3666432
1030 5761536
266 523776
+5 523776
-49 523776
+44 2095104
+1 523776
+1 1047552
+3 6285312
+1 523776
-1 523776
+1 1047552
-1 523776
+1 523776
-1 523776
+1 4713984
+1 523776
-1 523776
+1 523776
-1 523776
+1 5237760
+6 523776
-6 1047552
+7 1047552
665 523776
+9 523776
-9 523776
+9 523776
+6 523776
-15 523776
+9 1047552
+6 523776
-6 1047552
+2 1047552
+16 523776
-6 1047552
+20 3142656
-12 523776
+12 523776
+1 1047552
+1 1047552
+13 1555281
+7 518427
+3 1036854
-11 518427
+8 518427
+3 518427
-3 518427
+10 1036854
-7 1036854
+7 1036854
+8 1047552
fi=(361) /usr/src/debug/glibc/glibc/stdio-common/../sysdeps/pthread/allocalim.h
27 523776
fe=(356)
746 523776
fi=(361)
27 523776
cfi=(360)
cfn=(1826)
calls=523776 * 
* 5237760
+2 1047552
fe=(356)
759 1047552
-67 523776
+67 5761536
fi=(361)
29 523776
fe=(356)
759 1571328
+1 1571328
+3 2095104
+2 10698
+4 21396
cfn=(1830) hack_digit
calls=5349 91 
* 272811
* 16047
-3 21396
+7 32094
+2 10698
-4 5349
+4 5349
+13 10698
-1 5349
+2 5349
+1 10698
-2 1036854
-1 518427
+2 518427
+1 1036854
-1 979409
+1 40424274
+3 9354476
-1 9354476
+2 9354476
-1 9354476
cfn=(1830)
calls=9354476 91 
* 489629906
* 9354476
+3 22270422
-1 8375067
-6 8375067
+1 16750134
230 3142656
cfi=(358)
cfn=(1822)
calls=523776 33 
* 10999296
* 2095104
+4 523776
805 1571328
+1 1571328
cfn=(1830)
calls=523776 91 
* 29823150
+2 1047552
-2 523776
+2 2618880
+2 313251
+3 208834
+5 783039
fi=(362) /usr/src/debug/glibc/glibc/stdio-common/../sysdeps/generic/get-rounding-mode.h
94 523776
+1 3666432
fi=(363) /usr/src/debug/glibc/glibc/stdio-common/../include/rounding-mode.h
-37 260892
fe=(356)
935 262428
-11 524856
+3 58237
-1 58237
-2 1280500
+7 1047552
+4 1047552
+2 16047
+19 5349
+1 26745
+4 16047
+14 16047
+5 2095104
+3 1047552
+4 523776
+9 523776
-5 523776
-3 523776
+3 523776
+5 523776
-9 1047552
+1 261425
+6 1045700
+2 1568550
fi=(364) /usr/src/debug/glibc/glibc/stdio-common/../include/printf_buffer.h
163 522850
-15 784275
+1 784275
fe=(356)
1006 1570402
fi=(364)
163 1571328
fe=(356)
1009 1571328
+13 2095104
cfi=(355)
cfn=(1814)
calls=523776 27 
* 25665052
+2 1571328
+4 1047552
799 1958818
-1 8814681
483 1047552
987 524702
+9 1049404
fi=(364)
163 787053
fe=(356)
1001 524702
+2 524702
fi=(363)
52 1570248
fe=(356)
830 522696
+5 2384300
+2 29227
-2 146135
+3 52572
+2 210288
+2 52572
-2 1880496
+2 470124
+2 522696
+80 522696
-69 522696
+80 261348
-11 522696
+42 10698
+9 10698
809 208834
-78 5349
-20 5349
+20 5349
-20 5349
+3 10698
+2 5349
-2 5349
+2 10698
+15 26745
+43 26745
+7 518427
+2 518427
669 518427
781 518427
+2 518427
-1 518427
+1 2073708
499 1571328
cfi=(324)
cfn=(1368)
calls=523776 28 
* 8380416
+1 2618880
+1 1047552
+2 523776
+1 1047552
+7 523776
-7 523776
+7 523776
+7 574149
+1 1148298
-1 574149
+2 574149
-2 1722447
+9 1148298
+4 574149
-4 1722447
+4 574149
-4 574149
+4 3444894
+1 1148298
+1 2296596
+2 1148298
+5 2870745
+22 1595244
+61 2401678
-2 578819
509 578819
621 578819
511 1157638
623 5247088
-2 2618874
509 2618874
+2 5237748
623 5031934
509 5031934
621 2515967
511 6816156
+14 574149
-1 2296596
cfi=(322)
cfn=(1362)
calls=574149 48 
* 42487026
* 677056
+97 205814
-79 84802
+4 84802
-2 42401
+2 84802
+16 42401
-16 42401
+16 84802
+2 84802
+1 31725
+58 63450
-57 39
+4 10676
+1 21352
-1 10676
+1 21352
+5 10676
+3 32028
-3 37707
+3 1540896
+34 1048614
cfi=(359)
cfn=(1824)
calls=524307 28 
* 9437526
+3 1572921
+7 1048614
-52 1027264
-1 513632
+1 513632
-1 513632
+1 513632
+4 1064971
+50 942470
+4 1850605
cfi=(323)
cfn=(1364)
calls=370121 31 
* 12213993
+1 370121
+1 370121
-1 370121
+1 740242
+3 740242
-1 370121
+3 370121
-2 740242
-1 1110363
+1 740242
+9 740242
+2 740242
-1 370121
+3 1047552
994 1049404
+2 787053
511 2095104
937 10698
642 740242
cfi=(359)
cfn=(1824)
calls=370121 28 
* 6662178
+3 740242
834 470124
580 1048616
+10 524308
-3 524308
+3 2621538
+6 1
+1 1
-1 1
cfi=(324)
cfn=(1368)
calls=1 28 
* 20
+3 1
-3 1
+2 3
+1 1
+24 1
-24 1

fn=(1830)
91 49418005
-3 53425152
+5 8904192
+2 17808384
-2 17808384
+2 8904192
+1 17808384
-1 17808384
+1 8904192
cfi=(323)
cfn=(1364)
calls=8904192 -65 
* 186988236
* 8904192
+31 8904192
+1 53425152
-37 58756008
+37 1958818

ob=(8)
fl=(333) /usr/include/c++/15.2.1/new
fn=(1446) operator new(unsigned long, void*)
208 3687929

fl=(348) /usr/include/c++/15.2.1/iomanip
fn=(1770) std::setprecision(int)
208 3142656

fl=(332) /usr/include/c++/15.2.1/bits/vector.tcc
fn=(1674) void std::vector<double, std::allocator<double> >::_M_realloc_append<double const&>(double const&)
557 180
+9 100
cfi=(287) /usr/include/c++/15.2.1/bits/stl_vector.h
cfn=(1676) std::vector<double, std::allocator<double> >::_M_check_len(unsigned long, char const*) const
calls=20 2197 
* 5001
* 20
+1 20
+2 60
+1 60
+1 60
cfi=(287)
cfn=(1686) std::vector<double, std::allocator<double> >::begin()
calls=20 998 
* 380
* 80
cfi=(287)
cfn=(1688) std::vector<double, std::allocator<double> >::end()
calls=20 1018 
* 400
* 60
fi=(335) /usr/include/c++/15.2.1/bits/stl_iterator.h
1166 20
1340 60
1166 20
1340 80
fe=(332)
571 20
+1 100
cfi=(287)
cfn=(1690) std::_Vector_base<double, std::allocator<double> >::_M_allocate(unsigned long)
calls=20 384 
* 4765
* 20
+1 40
+3 120
cfi=(287)
cfn=(1696) std::vector<double, std::allocator<double> >::_Guard_alloc::_Guard_alloc(double*, unsigned long, std::_Vector_base<double, std::allocator<double> >&)
calls=20 1875 
* 360
* 40
fi=(407) /usr/include/c++/15.2.1/bits/move.h
73 20
fe=(332)
587 40
-1 60
fi=(275) /usr/include/c++/15.2.1/bits/ptr_traits.h
211 20
fe=(332)
586 120
fi=(407)
73 120
fi=(281) /usr/include/c++/15.2.1/bits/new_allocator.h
191 80
cfi=(333)
cfn=(1446)
calls=20 +17 
* 140
* 40
fi=(407)
73 20
fi=(281)
191 120
fi=(284) /usr/include/c++/15.2.1/bits/alloc_traits.h
680 20
fe=(332)
-80 60
cfi=(287)
cfn=(1700) std::_Vector_base<double, std::allocator<double> >::_M_get_Tp_allocator()
calls=20 307 
* 120
* 20
-1 100
cfi=(287)
cfn=(1702) std::vector<double, std::allocator<double> >::_S_relocate(double*, double*, double*, std::allocator<double>&)
calls=20 -65 
* 1381581
* 20
+2 20
+37 40
+1 100
+1 60
cfi=(287)
cfn=(1708) std::vector<double, std::allocator<double> >::_Guard_alloc::~_Guard_alloc()
calls=20 1880 
* 3185
+4 60
+1 60
+1 120
+1 140

fn=(1452) std::vector<Vector, std::allocator<Vector> >::_M_realloc_append<Vector const&>(Vector const&)::_Guard_elts::_Guard_elts(Vector*, std::allocator<Vector>&)
613 55
+1 110
+1 33

fn=(1472) std::vector<Vector, std::allocator<Vector> >::_M_realloc_append<Vector const&>(Vector const&)::_Guard_elts::~_Guard_elts()
618 44
+1 99
fi=(284)
1045 55
cfi=(336) /usr/include/c++/15.2.1/bits/stl_construct.h
cfn=(1474) void std::_Destroy<Vector*>(Vector*, Vector*)
calls=11 202 
* 260719
+1 11
fe=(332)
619 33

fn=(1420) void std::vector<Vector, std::allocator<Vector> >::_M_realloc_append<Vector const&>(Vector const&)
557 132
+9 55
cfi=(287)
cfn=(1422) std::vector<Vector, std::allocator<Vector> >::_M_check_len(unsigned long, char const*) const
calls=11 2197 
* 2751
* 11
+1 11
+2 33
+1 33
+1 33
cfi=(287)
cfn=(1434) std::vector<Vector, std::allocator<Vector> >::begin()
calls=11 998 
* 209
* 44
cfi=(287)
cfn=(1436) std::vector<Vector, std::allocator<Vector> >::end()
calls=11 1018 
* 220
* 33
fi=(335)
1166 11
1340 33
1166 11
1340 44
fe=(332)
571 11
+1 55
cfi=(287)
cfn=(1438) std::_Vector_base<Vector, std::allocator<Vector> >::_M_allocate(unsigned long)
calls=11 384 
* 3816
* 11
+1 22
+3 66
cfi=(287)
cfn=(1444) std::vector<Vector, std::allocator<Vector> >::_Guard_alloc::_Guard_alloc(Vector*, unsigned long, std::_Vector_base<Vector, std::allocator<Vector> >&)
calls=11 1875 
* 198
* 22
fi=(407)
73 11
fe=(332)
587 33
-1 33
fi=(275)
211 11
fe=(332)
586 66
fi=(407)
73 66
fi=(281)
191 44
cfi=(333)
cfn=(1446)
calls=11 +17 
* 77
* 44
fi=(407)
73 11
fi=(281)
191 33
cfi=(318) /home/ikea/Projects/DV1674/dv1674_a2/pearson/vector.cpp
cfn=(1450) Vector::Vector(Vector const&)
calls=11 35 
* 229078
* 44
fi=(284)
680 11
fe=(332)
-54 110
cfn=(1452)
calls=11 -13 
* 198
+4 33
cfi=(287)
cfn=(1454) std::_Vector_base<Vector, std::allocator<Vector> >::_M_get_Tp_allocator()
calls=11 307 
* 66
* 11
-2 55
cfi=(334) /usr/include/c++/15.2.1/bits/stl_uninitialized.h
cfn=(1456) Vector* std::__uninitialized_move_if_noexcept_a<Vector*, Vector*, std::allocator<Vector> >(Vector*, Vector*, Vector*, std::allocator<Vector>&)
calls=11 +30 
* 21247455
* 22
+4 11
+3 22
+1 22
+1 33
cfn=(1472)
calls=11 -19 
* 260961
+1 22
+1 55
+1 33
cfi=(287)
cfn=(1478) std::vector<Vector, std::allocator<Vector> >::_Guard_alloc::~_Guard_alloc()
calls=11 1880 
* 2182
+4 33
+1 33
+1 77
+1 121

fl=(276) /usr/include/c++/15.2.1/bits/char_traits.h
fn=(1066) std::char_traits<char>::copy(char*, char const*, unsigned long)
421 12
+2 4
+6 16
cob=(2)
cfi=(285)
cfn=(1072)
calls=2 255 
* 22
cob=(1)
cfi=(277)
cfn=(1018)
calls=1 39 
* 1064
* 6
* 2
+1 4

fn=(1078) std::char_traits<char>::assign(char&, char const&)
345 12
+7 12
+1 9

fn=(1010) std::char_traits<char>::length(char const*)
387 8
fi=(408) /usr/include/c++/15.2.1/x86_64-pc-linux-gnu/bits/c++config.h
589 2
fe=(276)
390 4
+3 6
cob=(2)
cfi=(232)
cfn=(794)
calls=2 52 
* 28
cob=(1)
cfi=(277)
cfn=(1018)
calls=1 39 
* 882
* 6
* 2
+1 4

fl=(267)
fn=(1954) 0x0000000000002280
0 5

fn=(984)
0 12

fn=(976)
0 12
cob=(2)
cfi=(268)
cfn=(978)
calls=1 242 
0 152978048940

fn=(1940)
0 9
cob=(2)
cfi=(375)
cfn=(1946)
calls=1 45 
0 99
0 1
cfn=(1954)
calls=1 0 
0 5
0 3

fl=(280) /usr/include/c++/15.2.1/bits/stl_algobase.h
fn=(1032) unsigned long const& std::min<unsigned long>(unsigned long const&, unsigned long const&)
234 260
+5 390
+2 65
+1 130

fn=(1396) std::__size_to_integer(unsigned int)
1020 6144

fn=(1670) double const& std::max<double>(double const&, double const&)
258 2095104
+5 3142656
+2 523776
+1 1047552

fn=(1432) unsigned long const& std::max<unsigned long>(unsigned long const&, unsigned long const&)
258 124
+5 186
+1 4
+1 29
+1 62

fn=(1400) double* std::__copy_n_a<std::istream_iterator<double, char, std::char_traits<char>, long>, unsigned int, double*>(std::istream_iterator<double, char, std::char_traits<char>, long>, unsigned int, double*, bool)
535 8192
+46 2048
+4 3145728
cfi=(319) /usr/include/c++/15.2.1/bits/stream_iterator.h
cfn=(1402) std::istream_iterator<double, char, std::char_traits<char>, long>::operator*() const
calls=1048576 106 
* 7340032
* 3145728
+1 1048576
+1 5242880
+1 3142656
cfi=(319)
cfn=(1404) std::istream_iterator<double, char, std::char_traits<char>, long>::operator++()
calls=1047552 120 
* 1828162545
-3 1047552
+5 1024
+3 1024
+1 2048

fn=(1668) double const& std::min<double>(double const&, double const&)
234 2095104
+5 3142656
+2 523776
+1 1047552

fl=(335)
fn=(1458) Vector const* std::__make_move_if_noexcept_iterator<Vector, Vector const*>(Vector*)
1822 66
+1 66

fl=(274) /usr/include/c++/15.2.1/bits/basic_string.h
fn=(1034) std::__cxx11::basic_string<char, std::char_traits<char>, std::allocator<char> >::_M_get_allocator()
359 18
+1 18

fn=(1548) std::__cxx11::basic_string<char, std::char_traits<char>, std::allocator<char> >::_M_dispose()
296 12
+2 9
cfn=(1550) std::__cxx11::basic_string<char, std::char_traits<char>, std::allocator<char> >::_M_is_local() const
calls=3 -20 
* 144
* 9
+1 18
cfn=(1556) std::__cxx11::basic_string<char, std::char_traits<char>, std::allocator<char> >::_M_destroy(unsigned long)
calls=3 +5 
* 404
+1 9

fn=(1552) std::__cxx11::basic_string<char, std::char_traits<char>, std::allocator<char> >::_M_local_data() const
254 12
+3 12
cfi=(275)
cfn=(1554) std::__ptr_traits_ptr_to<char const*, char const, false>::pointer_to(char const&)
calls=3 134 
* 33
+4 6

fn=(1556)
304 21
+1 15
cfn=(1060) std::__cxx11::basic_string<char, std::char_traits<char>, std::allocator<char> >::_M_data() const
calls=3 -67 
* 21
* 12
cfn=(1034)
calls=3 +54 
* 18
* 9
fi=(284)
649 18
cfi=(281)
cfn=(1558) std::__new_allocator<char>::deallocate(char*, unsigned long)
calls=3 156 
* 269
* 3
fe=(274)
305 18

fn=(1054) std::__cxx11::basic_string<char, std::char_traits<char>, std::allocator<char> >::_M_data(char*)
228 8
+1 12

fn=(1008) std::__cxx11::basic_string<char, std::char_traits<char>, std::allocator<char> >::_Alloc_hider::_Alloc_hider(char*, std::allocator<char> const&)
204 26
fi=(281)
92 2
fi=(310) /usr/include/c++/15.2.1/bits/allocator.h
+81 2
fe=(274)
+32 12

fn=(1028) std::__cxx11::basic_string<char, std::char_traits<char>, std::allocator<char> >::max_size() const
1181 21
+2 6
+2 9
cfn=(1030) std::__cxx11::basic_string<char, std::char_traits<char>, std::allocator<char> >::_M_get_allocator() const
calls=3 364 
* 18
* 15
fi=(281)
233 3
-50 3
fi=(284)
712 3
fe=(274)
1185 3
+1 15
cfi=(280)
cfn=(1032)
calls=3 234 
* 39
* 6
+1 15

fn=(1062) void std::__cxx11::basic_string<char, std::char_traits<char>, std::allocator<char> >::_S_copy_chars<char const*>(char*, char const*, char const*)
483 12
+6 10
fi=(335)
3011 2
fe=(274)
489 8
cfn=(1064) std::__cxx11::basic_string<char, std::char_traits<char>, std::allocator<char> >::_S_copy(char*, char const*, unsigned long)
calls=2 -41 
* 1164
+17 6

fn=(1064)
448 12
+2 4
+3 12
cfi=(276)
cfn=(1066)
calls=2 -32 
* 1130
+1 6

fn=(1232) std::__cxx11::basic_string<char, std::char_traits<char>, std::allocator<char> >::basic_string()
585 8
+5 3
fi=(281)
88 1
fi=(310)
+80 1
fe=(274)
590 3
cfn=(1004) std::__cxx11::basic_string<char, std::char_traits<char>, std::allocator<char> >::_M_local_data()
calls=1 243 
* 21
* 6
cfn=(1234) std::__cxx11::basic_string<char, std::char_traits<char>, std::allocator<char> >::_Alloc_hider::_Alloc_hider(char*, std::allocator<char>&&)
calls=1 208 
* 23
fi=(310)
189 3
cfi=(281)
cfn=(1238) std::__new_allocator<char>::~__new_allocator()
calls=1 -85 
* 6
* 3
fe=(274)
378 1
593 4
cfn=(1074) std::__cxx11::basic_string<char, std::char_traits<char>, std::allocator<char> >::_M_set_length(unsigned long)
calls=1 270 
* 57
+1 7

fn=(1546) std::__cxx11::basic_string<char, std::char_traits<char>, std::allocator<char> >::~basic_string()
895 12
+1 9
cfn=(1548)
calls=3 296 
* 605
* 9
cfn=(1562) std::__cxx11::basic_string<char, std::char_traits<char>, std::allocator<char> >::_Alloc_hider::~_Alloc_hider()
calls=3 197 
* 57
* 9

fn=(1550)
278 15
+2 9
cfn=(1060)
calls=3 -42 
* 21
* 12
cfn=(1552)
calls=3 -26 
* 63
* 12
+6 3
+1 9

fn=(1074)
270 24
+2 15
cfn=(1076) std::__cxx11::basic_string<char, std::char_traits<char>, std::allocator<char> >::_M_length(unsigned long)
calls=3 -39 
* 30
+1 12
cfn=(1060)
calls=3 -35 
* 21
* 18
cfi=(276)
cfn=(1078)
calls=3 +72 
* 33
+1 18

fn=(1076)
233 12
+1 18

fn=(1562)
197 18
fi=(310)
-8 9
cfi=(281)
cfn=(1238)
calls=3 -85 
* 18
* 3
fe=(274)
+8 9

fn=(1036) std::__cxx11::basic_string<char, std::char_traits<char>, std::allocator<char> >::_S_allocate(std::allocator<char>&, unsigned long)
140 27
fi=(284)
614 18
cfi=(281)
cfn=(1038) std::__new_allocator<char>::allocate(unsigned long, void const*)
calls=3 126 
* 1452
* 3
fe=(274)
142 3
+10 3
+1 6

fn=(1060)
238 33
+1 44

fn=(1002) std::__cxx11::basic_string<char, std::char_traits<char>, std::allocator<char> >::basic_string<std::allocator<char> >(char const*, std::allocator<char> const&)
706 14
+1 8
cfn=(1004)
calls=2 243 
* 42
* 12
cfn=(1008)
calls=2 204 
* 42
+3 4
+3 6
cfi=(276)
cfn=(1010)
calls=2 387 
* 942
* 6
+1 12
cfi=(279)
cfn=(1024) void std::__cxx11::basic_string<char, std::char_traits<char>, std::allocator<char> >::_M_construct<char const*>(char const*, char const*, std::forward_iterator_tag)
calls=2 227 
* 3035
+1 8

fn=(1004)
243 12
+3 12
cfi=(275)
cfn=(1006) std::__ptr_traits_ptr_to<char*, char, false>::pointer_to(char&)
calls=3 134 
* 33
+4 6

fn=(1030)
364 9
+1 9

fn=(1056) std::__cxx11::basic_string<char, std::char_traits<char>, std::allocator<char> >::_M_capacity(unsigned long)
265 8
+1 12

fn=(1234)
208 7
fi=(407)
-69 8
fi=(281)
-47 1
fi=(310)
+81 1
fe=(274)
+36 6

fl=(318)
fn=(1480) Vector::~Vector()
15 14686204
+2 14686204
+2 29372408
cob=(7)
cfi=(337)
cfn=(1486)
calls=3671551 +15 
* 526442018
cob=(1)
cfi=(277)
cfn=(1018)
calls=1 +20 
* 643
* 3671555
+3 7343102
+1 11014653

fn=(1652) Vector::dot(Vector) const
107 2624000
+1 1049600
+2 1049600
+2 6986137600
cfn=(1654) Vector::operator[](unsigned int)
calls=537395200 -52 
* 5911347200
* 2686976000
-2 3226995200
+5 524800
+1 1049600

fn=(1666) Vector::operator/(double)
83 6285312
+1 5237760
cfn=(1450)
calls=1047552 -49 
* 21701721088
+2 2095104
+2 5363466240
cfn=(1654)
calls=1072693248 -28 
* 11799625728
* 3218079744
-2 6441397248
+6 3142656

fn=(1654)
60 10731126784
+1 13413908480
+1 5365563392

fn=(1450)
35 18352635
+1 22023162
cfn=(1298) Vector::Vector(unsigned int)
calls=3670527 -11 
* 789732289
+2 7341054
+2 52620675072
-2 22570070523
+4 14682108

fn=(1648) Vector::mean() const
65 3072
+1 2048
+2 2048
+2 10485760
-2 6296576
+5 11264
+1 2048

fn=(1298)
25 18357755
+1 40387061
cob=(7)
cfi=(299)
cfn=(1156)
calls=3671551 +5 
* 705595956
cob=(1)
cfi=(277)
cfn=(1018)
calls=1 +13 
* 647
* 3671555
* 11014653
+2 11014653

fn=(1650) Vector::magnitude() const
77 7168
+1 5120
cfn=(1450)
calls=1024 -43 
* 21201920
* 5120
cfn=(1652)
calls=1024 +29 
* 36717568
* 5120
cfn=(1480)
calls=1024 -63 
* 219136
+1 3072
cob=(3)
cfi=(345)
cfn=(1660)
calls=1024 -45 
* 8192
cob=(1)
cfi=(277)
cfn=(1018)
calls=1 -40 
* 744
* 1028
+1 5120

fn=(1664) Vector::operator-(double)
95 6285312
+1 5237760
cfn=(1450)
calls=1047552 -61 
* 21702323200
+2 2095104
+2 5363466240
cfn=(1654)
calls=1072693248 -40 
* 11799625728
* 3218079744
-2 6441397248
+6 3142656

fn=(1304) Vector::get_data()
50 3072
+1 2048
+1 2048

fl=(319)
fn=(1402)
106 3145728
+5 2097152
+1 2097152

fn=(1308) std::istream_iterator<double, char, std::char_traits<char>, long>::_M_read()
150 4194304
+2 11534336
cob=(7)
cfi=(246)
cfn=(1314)
calls=1048576 +73 
* 1782751296
cob=(1)
cfi=(277)
cfn=(1018)
calls=1 39 
* 666
* 1048580
* 6291456
cob=(7)
cfi=(239)
cfn=(1164)
calls=1048576 -19 
* 4194304
* 1048576
* 5242880
+5 3145728

fn=(1398) std::istream_iterator<double, char, std::char_traits<char>, long>::istream_iterator(std::istream_iterator<double, char, std::char_traits<char>, long> const&)
86 8192
+2 16384
+1 8192
+1 6144

fn=(1404)
120 4190208
+5 3142656
cfn=(1308)
calls=1047552 +25 
* 1817687025
+1 1047552
+1 2095104

fn=(1306) std::istream_iterator<double, char, std::char_traits<char>, long>::istream_iterator(std::istream&)
81 7168
fi=(407)
-28 1024
fe=(319)
+29 4096
+1 3072
cfn=(1308)
calls=1024 +67 
* 1765101
* 3072

fl=(281)
fn=(1558)
156 18
+16 15
cob=(7)
cfi=(338)
cfn=(1528)
calls=3 32 
* 227
* 3
+1 6

fn=(1038)
126 24
233 3
-99 21
+17 9
cob=(7)
cfi=(282)
cfn=(1044)
calls=3 43 
* 740
cob=(1)
cfi=(277)
cfn=(1018)
calls=1 39 
* 639
* 7
* 3
+1 6

fn=(1440) std::__new_allocator<Vector>::allocate(unsigned long, void const*)
126 96
233 12
-99 84
+17 48
cob=(7)
cfi=(282)
cfn=(1044)
calls=12 43 
* 3767
* 12
* 12
+1 24

fn=(1522) std::__new_allocator<Vector>::deallocate(Vector*, unsigned long)
156 72
+16 84
cob=(7)
cfi=(338)
cfn=(1528)
calls=12 32 
* 1248
cob=(1)
cfi=(277)
cfn=(1018)
calls=1 39 
* 659
* 16
+1 24

fn=(1712) std::__new_allocator<double>::deallocate(double*, unsigned long)
156 126
+16 126
cob=(7)
cfi=(338)
cfn=(1528)
calls=21 32 
* 2243
* 21
+1 42

fn=(1620) std::__new_allocator<Vector>::~__new_allocator()
104 18

fn=(1692) std::__new_allocator<double>::allocate(unsigned long, void const*)
126 168
233 21
-99 147
+17 84
cob=(7)
cfi=(282)
cfn=(1044)
calls=21 43 
* 5385
* 21
* 21
+1 42

fn=(1238)
104 36

fn=(1744) std::__new_allocator<double>::~__new_allocator()
104 18

fl=(331) /usr/include/c++/15.2.1/bits/stl_algo.h
fn=(1394) double* std::copy_n<std::istream_iterator<double, char, std::char_traits<char>, long>, unsigned int, double*>(std::istream_iterator<double, char, std::char_traits<char>, long>, unsigned int, double*)
684 10240
+7 3072
cfi=(280)
cfn=(1396)
calls=1024 1020 
* 6144
* 1024
+1 2048
+6 2048
fi=(335)
3011 1024
fe=(331)
698 5120
cfi=(319)
cfn=(1398)
calls=1024 86 
* 19456
* 3072
fi=(335)
3011 4096
cfi=(319)
cfn=(1398)
calls=1024 86 
* 19456
fe=(331)
698 6144
cfi=(280)
cfn=(1400)
calls=1024 535 
* 1852290033
* 1024
fi=(407)
139 1024
fe=(331)
700 2048
fi=(335)
3082 1024
fe=(331)
700 1024
+1 6144

fl=(279)
fn=(1024)
227 26
fi=(409) /usr/include/c++/15.2.1/bits/stl_iterator_base_types.h
+15 2
fi=(410) /usr/include/c++/15.2.1/bits/stl_iterator_base_funcs.h
-89 8
-45 4
+46 2
fe=(279)
+77 2
+2 6
+2 12
cfn=(1026)
calls=2 -92 
* 1483
* 10
cfi=(274)
cfn=(1054)
calls=2 -7 
* 20
+1 10
cfi=(274)
cfn=(1056)
calls=2 +29 
* 20
* 2
+15 10
cfn=(1058) std::__cxx11::basic_string<char, std::char_traits<char>, std::allocator<char> >::_M_construct<char const*>(char const*, char const*, std::forward_iterator_tag)::_Guard::_Guard(std::__cxx11::basic_string<char, std::char_traits<char>, std::allocator<char> >*)
calls=2 -6 
* 20
+2 6
cfi=(274)
cfn=(1060)
calls=2 -15 
* 14
* 12
cfi=(274)
cfn=(1062)
calls=2 483 
* 1202
+2 2
+2 10
cfi=(274)
cfn=(1074)
calls=2 +13 
* 114
+1 6
cfn=(1080) std::__cxx11::basic_string<char, std::char_traits<char>, std::allocator<char> >::_M_construct<char const*>(char const*, char const*, std::forward_iterator_tag)::_Guard::~_Guard()
calls=2 -10 
* 22
* 10

fn=(1026)
143 21
+5 15
cfi=(274)
cfn=(1028)
calls=3 1181 
* 156
* 12
+6 30
+10 18
cfi=(274)
cfn=(1034)
calls=3 359 
* 18
* 9
cfi=(274)
cfn=(1036)
calls=3 -24 
* 1512
+1 9

fn=(1080)
248 22

fn=(1058)
245 20

fl=(336)
fn=(1474)
202 65
+9 6155
fi=(407)
53 3071
fe=(336)
212 6142
cfn=(1518) void std::_Destroy<Vector>(Vector*)
calls=3071 -51 
* 700921
-1 12323
+11 52

fn=(1914) void std::_Destroy<double*>(double*, double*)
202 8
+20 6

fn=(1516) void std::_Construct<Vector, Vector const&>(Vector*, Vector const&)
123 18423
+10 8188
cfi=(333)
cfn=(1446)
calls=2047 +75 
* 14329
* 8188
fi=(407)
-60 2047
fe=(336)
+60 6141
cfi=(318)
cfn=(1450)
calls=2047 -98 
* 42398540
* 6141
+1 16376

fn=(1518)
161 12284
+5 9213
cfi=(318)
cfn=(1480)
calls=3071 15 
* 670211
+2 9213

fl=(344) /home/ikea/Projects/DV1674/dv1674_a2/pearson/analysis.cpp
fn=(1646) Analysis::pearson(Vector, Vector, unsigned int, unsigned int)
56 5761536
+1 3142656
+1 3142656
+1 3142656
+1 3142656
+2 3142656
+2 3
cfi=(318)
cfn=(1648)
calls=1 +1 
* 16409
* 2
+1 6
+3 3142656
+2 3069
cfi=(318)
cfn=(1648)
calls=1023 -5 
* 16786407
* 2046
+1 6138
+3 3142656
+2 3
cfi=(318)
cfn=(1650)
calls=1 +1 
* 57563
* 2
+1 6
+3 3142656
+2 3069
cfi=(318)
cfn=(1650)
calls=1023 -5 
* 58121745
* 2046
+1 6138
+3 7161
cfi=(318)
cfn=(1664)
calls=1023 +9 
* 47391498
* 3659271
cfi=(318)
cfn=(1664)
calls=522753 +9 
* 24223613174
+1 3666432
cfi=(318)
cfn=(1664)
calls=523776 +8 
* 24270648320
+2 3666432
cfi=(318)
cfn=(1666)
calls=523776 -6 
* 24270545920
+1 3666432
cfi=(318)
cfn=(1666)
calls=523776 -7 
* 24270504960
+2 2618880
cfi=(318)
cfn=(1450)
calls=523776 -57 
* 10850979328
* 2618880
cfi=(318)
cfn=(1652)
calls=523776 +15 
* 18781036032
* 2618880
cfi=(318)
cfn=(1480)
calls=523776 -77 
* 86763578
+2 4713984
cfi=(280)
cfn=(1668)
calls=523776 234 
* 6809088
* 2618880
cfi=(280)
cfn=(1670)
calls=523776 258 
* 6809088
* 1047552
+1 1571328
cfi=(318)
cfn=(1480)
calls=523776 -80 
* 86632506
* 1571328
cfi=(318)
cfn=(1480)
calls=523776 -80 
* 86595642
* 1571328
cfi=(318)
cfn=(1480)
calls=523776 -80 
* 86595642
* 1571328
cfi=(318)
cfn=(1480)
calls=523776 -80 
* 86595642
-1 523776
+1 3142656

fn=(1634) Analysis::correlation_coefficients(std::vector<Vector, std::allocator<Vector> >)
20 10
+1 7
cfi=(287)
cfn=(1636) std::vector<double, std::allocator<double> >::vector()
calls=1 561 
* 48
+3 3
cfi=(287)
cfn=(1430) std::vector<Vector, std::allocator<Vector> >::size() const
calls=1 1117 
* 15
* 1
+2 7
cob=(7)
cfi=(299)
cfn=(1156)
calls=1 +5 
* 180
* 1
* 2
+1 7
cob=(7)
cfi=(299)
cfn=(1156)
calls=1 +4 
* 180
* 1
* 2
+2 2
+2 1792
+1 2048
+1 2048
+1 2048
+1 1792
+1 2048
+1 2048
+1 2048
-9 1027
+12 2
+2 4092
+2 4190208
cfi=(287)
cfn=(1644) std::vector<Vector, std::allocator<Vector> >::operator[](unsigned long)
calls=523776 1261 
* 19379712
* 2618880
cfi=(318)
cfn=(1450)
calls=523776 -10 
* 10851466097
* 3142656
cfi=(287)
cfn=(1644)
calls=523776 1261 
* 19379712
* 2618880
cfi=(318)
cfn=(1450)
calls=523776 -10 
* 10851378688
* 3142656
cfn=(1646)
calls=523776 +11 
* 127308282382
* 523776
+1 523776
-1 1571328
cfi=(318)
cfn=(1480)
calls=523776 -30 
* 86530106
* 1571328
cfi=(318)
cfn=(1480)
calls=523776 -30 
* 86437946
+2 2618880
cfi=(287)
cfn=(1672) std::vector<double, std::allocator<double> >::push_back(double const&)
calls=523776 1416 
* 31776820
-4 2098173
-2 6143
+11 9

fl=(315) /usr/include/c++/15.2.1/bits/ios_base.h
fn=(1274) std::operator|(std::_Ios_Openmode, std::_Ios_Openmode)
151 8192

fl=(275)
fn=(1554)
134 21
fi=(407)
-81 3
177 3
fe=(275)
-42 6

fn=(1006)
134 21
fi=(407)
-81 3
177 3
fe=(275)
-42 6

fl=(287)
fn=(1444)
1875 66
+1 99
+1 33

fn=(1622) std::vector<Vector, std::allocator<Vector> >::end() const
1028 7
+1 3
fi=(335)
+30 4
fe=(287)
-30 6

fn=(1638) std::_Vector_base<double, std::allocator<double> >::_Vector_base()
321 7
cfn=(1640) std::_Vector_base<double, std::allocator<double> >::_Vector_impl::_Vector_impl()
calls=1 143 
* 28
* 3

fn=(1644)
1261 5237760
+2 3142656
cfn=(1430)
calls=1047552 1117 
* 15713280
* 7332864
+1 5237760
+1 2095104

fn=(1918) std::_Vector_base<double, std::allocator<double> >::~_Vector_base()
373 8
+3 14
-1 14
cfn=(1710) std::_Vector_base<double, std::allocator<double> >::_M_deallocate(double*, unsigned long)
calls=2 +17 
* 268
+2 6
cfn=(1920) std::_Vector_base<double, std::allocator<double> >::_Vector_impl::~_Vector_impl()
calls=2 139 
* 38
* 6

fn=(1084) std::vector<Vector, std::allocator<Vector> >::vector()
561 7
cfn=(1086) std::_Vector_base<Vector, std::allocator<Vector> >::_Vector_base()
calls=1 321 
* 38
* 3

fn=(1424) std::vector<Vector, std::allocator<Vector> >::max_size() const
1128 88
+1 66
cfn=(1426) std::_Vector_base<Vector, std::allocator<Vector> >::_M_get_Tp_allocator() const
calls=22 312 
* 132
* 44
cfn=(1428) std::vector<Vector, std::allocator<Vector> >::_S_max_size(std::allocator<Vector> const&)
calls=22 2217 
* 946
* 44

fn=(1426)
312 69
+1 69

fn=(1454)
307 42
+1 42

fn=(1690)
384 105
+3 126
fi=(284)
614 126
cfi=(281)
cfn=(1692)
calls=21 126 
* 5889
* 42
fe=(287)
388 42

fn=(1700)
307 69
+1 69

fn=(1738) std::_Vector_base<double, std::allocator<double> >::_Vector_impl::_Vector_impl(std::allocator<double> const&)
152 13
fi=(281)
-60 1
fi=(310)
+81 1
fe=(287)
-20 3
cfn=(1642) std::_Vector_base<double, std::allocator<double> >::_Vector_impl_data::_Vector_impl_data()
calls=1 -48 
* 12
+1 3

fn=(1778) std::vector<double, std::allocator<double> >::operator[](unsigned long)
1261 2618880
+2 1571328
cfn=(1684) std::vector<double, std::allocator<double> >::size() const
calls=523776 1117 
* 7856640
* 3666432
+1 2618880
+1 1047552

fn=(1478)
1880 44
+2 44
+1 90
cfn=(1520) std::_Vector_base<Vector, std::allocator<Vector> >::_M_deallocate(Vector*, unsigned long)
calls=10 392 
* 1971
+1 33

fn=(1610) std::vector<Vector, std::allocator<Vector> >::vector(std::vector<Vector, std::allocator<Vector> > const&)
631 11
+2 4
cfn=(1426)
calls=1 312 
* 6
* 11
fi=(281)
92 1
fi=(310)
+81 1
fi=(284)
726 1
fi=(411) /usr/include/c++/15.2.1/ext/alloc_traits.h
100 1
fe=(287)
633 3
cfn=(1430)
calls=1 1117 
* 15
* 6
cfn=(1612) std::_Vector_base<Vector, std::allocator<Vector> >::_Vector_base(unsigned long, std::allocator<Vector> const&)
calls=1 339 
* 571
fi=(310)
189 3
cfi=(281)
cfn=(1620)
calls=1 -85 
* 6
* 1
fe=(287)
638 3
cfn=(1454)
calls=1 307 
* 6
* 1
-1 2
-1 3
cfn=(1622)
calls=1 1028 
* 20
* 4
cfn=(1624) std::vector<Vector, std::allocator<Vector> >::begin() const
calls=1 1008 
* 19
* 5
cfi=(334)
cfn=(1626) Vector* std::__uninitialized_copy_a<__gnu_cxx::__normal_iterator<Vector const*, std::vector<Vector, std::allocator<Vector> > >, __gnu_cxx::__normal_iterator<Vector const*, std::vector<Vector, std::allocator<Vector> > >, Vector*, Vector>(__gnu_cxx::__normal_iterator<Vector const*, std::vector<Vector, std::allocator<Vector> > >, __gnu_cxx::__normal_iterator<Vector const*, std::vector<Vector, std::allocator<Vector> > >, Vector*, std::allocator<Vector>&)
calls=1 -23 
* 21273456
-1 2
+4 10

fn=(1696)
1875 120
+1 180
+1 60

fn=(1740) std::_Vector_base<double, std::allocator<double> >::_M_create_storage(unsigned long)
403 5
+2 5
cfn=(1690)
calls=1 -21 
* 1565
* 2
+1 4
+1 7
+1 3

fn=(1090) std::_Vector_base<Vector, std::allocator<Vector> >::_Vector_impl_data::_Vector_impl_data()
105 6
+1 12
+1 6

fn=(1520)
392 72
+3 24
+1 72
fi=(284)
649 72
cfi=(281)
cfn=(1522)
calls=12 156 
* 2103
* 12
fe=(287)
397 36

fn=(1684)
1117 3142902
+2 8381072
+1 1047634
+2 1047634
+1 2095268

fn=(1746) std::vector<double, std::allocator<double> >::end() const
1028 7
+1 3
fi=(335)
+30 4
fe=(287)
-30 6

fn=(1088) std::_Vector_base<Vector, std::allocator<Vector> >::_Vector_impl::_Vector_impl()
143 8
fi=(281)
-55 1
fi=(310)
+80 1
fe=(287)
-20 3
cfn=(1090)
calls=1 -43 
* 12
+1 3

fn=(1612)
339 7
+1 5
cfn=(1614) std::_Vector_base<Vector, std::allocator<Vector> >::_Vector_impl::_Vector_impl(std::allocator<Vector> const&)
calls=1 152 
* 33
+1 5
cfn=(1616) std::_Vector_base<Vector, std::allocator<Vector> >::_M_create_storage(unsigned long)
calls=1 +62 
* 517
* 4

fn=(1682) std::vector<double, std::allocator<double> >::_S_max_size(std::allocator<double> const&)
2217 280
+5 320
fi=(281)
233 40
-50 40
fi=(284)
712 40
fe=(287)
2224 40
+1 200
cfi=(280)
cfn=(1032)
calls=40 234 
* 520
* 40
+1 200

fn=(1728) std::_Vector_base<Vector, std::allocator<Vector> >::~_Vector_base()
373 8
+3 14
-1 14
cfn=(1520)
calls=2 +17 
* 420
+2 6
cfn=(1730) std::_Vector_base<Vector, std::allocator<Vector> >::_Vector_impl::~_Vector_impl()
calls=2 139 
* 38
* 6

fn=(1920)
139 12
fi=(310)
+50 6
cfi=(281)
cfn=(1744)
calls=2 -85 
* 12
* 2
fe=(287)
-50 6

fn=(1086)
321 7
cfn=(1088)
calls=1 143 
* 28
* 3

fn=(1418) std::vector<Vector, std::allocator<Vector> >::push_back(Vector const&)
1416 9216
+2 6144
+3 9117
fi=(407)
73 6078
fi=(281)
191 4052
cfi=(333)
cfn=(1446)
calls=1013 +17 
* 7091
* 4052
fi=(407)
73 1013
fi=(281)
191 3039
cfi=(318)
cfn=(1450)
calls=1013 35 
* 21178904
* 4052
fi=(284)
680 1013
fe=(287)
1423 5065
+5 1013
-1 55
cfi=(332)
cfn=(1420)
calls=11 557 
* 21748982
+1 8192

fn=(1430)
1117 3142794
+2 8380784
+1 1047598
+2 1047598
+1 2095196

fn=(1624)
1008 7
+1 2
fi=(335)
+50 4
fe=(287)
-50 6

fn=(1636)
561 7
cfn=(1638)
calls=1 321 
* 38
* 3

fn=(1676)
2197 200
+2 60
cfn=(1678) std::vector<double, std::allocator<double> >::max_size() const
calls=20 1128 
* 1200
* 80
cfn=(1684)
calls=20 1117 
* 300
* 140
+3 60
cfn=(1684)
calls=20 1117 
* 300
* 80
cfn=(1684)
calls=20 1117 
* 300
* 120
cfi=(280)
cfn=(1432)
calls=20 258 
* 261
* 60
+1 60
cfn=(1684)
calls=20 1117 
* 300
* 100
cfn=(1678)
calls=20 1128 
* 1200
* 60
+1 120

fn=(1734) std::vector<double, std::allocator<double> >::vector(std::vector<double, std::allocator<double> > const&)
631 11
+2 4
cfn=(1680) std::_Vector_base<double, std::allocator<double> >::_M_get_Tp_allocator() const
calls=1 312 
* 6
* 11
fi=(281)
92 1
fi=(310)
+81 1
fi=(284)
726 1
fi=(411)
100 1
fe=(287)
633 3
cfn=(1684)
calls=1 1117 
* 15
* 6
cfn=(1736) std::_Vector_base<double, std::allocator<double> >::_Vector_base(unsigned long, std::allocator<double> const&)
calls=1 339 
* 1645
fi=(310)
189 3
cfi=(281)
cfn=(1744)
calls=1 -85 
* 6
* 1
fe=(287)
638 3
cfn=(1700)
calls=1 307 
* 6
* 1
-1 2
-1 3
cfn=(1746)
calls=1 1028 
* 20
* 4
cfn=(1748) std::vector<double, std::allocator<double> >::begin() const
calls=1 1008 
* 19
* 5
cfi=(334)
cfn=(1750) double* std::__uninitialized_copy_a<__gnu_cxx::__normal_iterator<double const*, std::vector<double, std::allocator<double> > >, __gnu_cxx::__normal_iterator<double const*, std::vector<double, std::allocator<double> > >, double*, double>(__gnu_cxx::__normal_iterator<double const*, std::vector<double, std::allocator<double> > >, __gnu_cxx::__normal_iterator<double const*, std::vector<double, std::allocator<double> > >, double*, std::allocator<double>&)
calls=1 -23 
* 461054
-1 2
+4 10

fn=(1912) std::vector<double, std::allocator<double> >::~vector()
800 8
+3 6
cfn=(1700)
calls=2 307 
* 12
-1 14
fi=(284)
1045 10
cfi=(336)
cfn=(1914)
calls=2 202 
* 14
+1 2
fe=(287)
805 6
cfn=(1918)
calls=2 373 
* 354
* 6

fn=(1428)
2217 154
+5 176
fi=(281)
233 22
-50 22
fi=(284)
712 22
fe=(287)
2224 22
+1 110
cfi=(280)
cfn=(1032)
calls=22 234 
* 286
* 22
+1 110

fn=(1434)
998 77
+1 22
fi=(335)
+60 44
fe=(287)
-60 66

fn=(1436)
1018 77
+1 33
fi=(335)
+40 44
fe=(287)
-40 66

fn=(1672)
1416 3142656
+2 3142656
+3 4713804
fi=(407)
73 3142536
fi=(281)
191 2095024
cfi=(333)
cfn=(1446)
calls=523756 +17 
* 3666292
* 1047512
fi=(407)
73 523756
fi=(281)
191 3142536
fi=(284)
680 523756
fe=(287)
1423 2618780
+5 523756
-1 100
cfi=(332)
cfn=(1674)
calls=20 557 
* 1398552
+1 2095104

fn=(1422)
2197 110
+2 33
cfn=(1424)
calls=11 1128 
* 660
* 44
cfn=(1430)
calls=11 1117 
* 165
* 77
+3 33
cfn=(1430)
calls=11 1117 
* 165
* 44
cfn=(1430)
calls=11 1117 
* 165
* 66
cfi=(280)
cfn=(1432)
calls=11 258 
* 144
* 33
+1 33
cfn=(1430)
calls=11 1117 
* 165
* 55
cfn=(1424)
calls=11 1128 
* 660
* 33
+1 66

fn=(1614)
152 13
fi=(281)
-60 1
fi=(310)
+81 1
fe=(287)
-20 3
cfn=(1090)
calls=1 -48 
* 12
+1 3

fn=(1642)
105 6
+1 12
+1 6

fn=(1702)
534 140
+5 120
cfi=(334)
cfn=(1704) double* std::__relocate_a<double*, double*, std::allocator<double> >(double*, double*, double*, std::allocator<double>&)
calls=20 1353 
* 1381281
+5 40

fn=(1736)
339 7
+1 5
cfn=(1738)
calls=1 152 
* 33
+1 5
cfn=(1740)
calls=1 +62 
* 1591
* 4

fn=(1438)
384 60
+3 72
fi=(284)
614 72
cfi=(281)
cfn=(1440)
calls=12 126 
* 4055
* 24
fe=(287)
388 24

fn=(1616)
403 5
+2 5
cfn=(1438)
calls=1 -21 
* 491
* 2
+1 4
+1 7
+1 3

fn=(1640)
143 8
fi=(281)
-55 1
fi=(310)
+80 1
fe=(287)
-20 3
cfn=(1642)
calls=1 -43 
* 12
+1 3

fn=(1678)
1128 160
+1 120
cfn=(1680)
calls=40 312 
* 240
* 80
cfn=(1682)
calls=40 2217 
* 1720
* 80

fn=(1680)
312 123
+1 123

fn=(1686)
998 140
+1 40
fi=(335)
+60 80
fe=(287)
-60 120

fn=(1688)
1018 140
+1 60
fi=(335)
+40 80
fe=(287)
-40 120

fn=(1708)
1880 80
+2 80
+1 171
cfn=(1710)
calls=19 392 
* 2794
+1 60

fn=(1710)
392 126
+3 42
+1 126
fi=(284)
649 126
cfi=(281)
cfn=(1712)
calls=21 156 
* 2558
* 21
fe=(287)
397 63

fn=(1724) std::vector<Vector, std::allocator<Vector> >::~vector()
800 8
+3 6
cfn=(1454)
calls=2 307 
* 12
-1 14
fi=(284)
1045 10
cfi=(336)
cfn=(1474)
calls=2 202 
* 468010
+1 2
fe=(287)
805 6
cfn=(1728)
calls=2 373 
* 506
* 6

fn=(1730)
139 12
fi=(310)
+50 6
cfi=(281)
cfn=(1620)
calls=2 -85 
* 12
* 2
fe=(287)
-50 6

fn=(1748)
1008 7
+1 2
fi=(335)
+50 4
fe=(287)
-50 6

fl=(334)
fn=(1464) Vector* std::__do_uninit_copy<Vector const*, Vector const*, Vector*>(Vector const*, Vector const*, Vector*)
140 110
+3 55
cfn=(1466) std::_UninitDestroyGuard<Vector*, void>::_UninitDestroyGuard(Vector*&)
calls=11 -30 
* 154
+1 11
+1 2046
fi=(407)
-92 1023
fe=(334)
+92 4092
cfi=(336)
cfn=(1516)
calls=1023 -22 
* 21231648
-1 7194
+2 33
cfn=(1468) std::_UninitDestroyGuard<Vector*, void>::release()
calls=11 -21 
* 88
+1 11
+1 33
cfn=(1470) std::_UninitDestroyGuard<Vector*, void>::~_UninitDestroyGuard()
calls=11 -30 
* 154
-1 11
+1 66

fn=(1706) std::enable_if<std::__is_bitwise_relocatable<double, void>::value, double*>::type std::__relocate_a_1<double, double>(double*, double*, double*, std::allocator<double>&)
1326 140
+4 80
+1 40
+12 171
cob=(2)
cfi=(285)
cfn=(1072)
calls=19 255 
* 1380291
* 19
+2 80
+1 40

fn=(1456)
658 88
+6 33
cfi=(335)
cfn=(1458)
calls=11 1822 
* 66
* 44
cfi=(335)
cfn=(1458)
calls=11 1822 
* 66
* 77
cfn=(1460) Vector* std::__uninitialized_copy_a<Vector const*, Vector const*, Vector*, Vector>(Vector const*, Vector const*, Vector*, std::allocator<Vector>&)
calls=11 -51 
* 21247048
+2 33

fn=(1626)
613 7
+24 6
cfn=(1628) Vector* std::uninitialized_copy<__gnu_cxx::__normal_iterator<Vector const*, std::vector<Vector, std::allocator<Vector> > >, Vector*>(__gnu_cxx::__normal_iterator<Vector const*, std::vector<Vector, std::allocator<Vector> > >, __gnu_cxx::__normal_iterator<Vector const*, std::vector<Vector, std::allocator<Vector> > >, Vector*)
calls=1 231 
* 21273441
+2 2

fn=(1752) double* std::uninitialized_copy<__gnu_cxx::__normal_iterator<double const*, std::vector<double, std::allocator<double> > >, double*>(__gnu_cxx::__normal_iterator<double const*, std::vector<double, std::allocator<double> > >, __gnu_cxx::__normal_iterator<double const*, std::vector<double, std::allocator<double> > >, double*)
231 11
fi=(335)
1166 1
1340 3
1166 1
1340 4
fe=(334)
269 1
+1 2
+5 1
-2 3
fi=(335)
1166 1
3002 3
+9 1
fe=(334)
273 5
cob=(2)
cfi=(285)
cfn=(1072)
calls=1 -18 
* 460992
* 1
+3 3
+2 1
+39 5

fn=(1462) Vector* std::uninitialized_copy<Vector const*, Vector*>(Vector const*, Vector const*, Vector*)
231 66
+35 66
cfn=(1464)
calls=11 140 
* 21246729
+51 22

fn=(1628)
231 6
+35 6
cfn=(1630) Vector* std::__do_uninit_copy<__gnu_cxx::__normal_iterator<Vector const*, std::vector<Vector, std::allocator<Vector> > >, __gnu_cxx::__normal_iterator<Vector const*, std::vector<Vector, std::allocator<Vector> > >, Vector*>(__gnu_cxx::__normal_iterator<Vector const*, std::vector<Vector, std::allocator<Vector> > >, __gnu_cxx::__normal_iterator<Vector const*, std::vector<Vector, std::allocator<Vector> > >, Vector*)
calls=1 140 
* 21273427
+51 2

fn=(1704)
1353 180
fi=(335)
3011 140
fe=(334)
1359 60
cfn=(1706)
calls=20 -33 
* 1380861
+3 40

fn=(1750)
613 7
+24 6
cfn=(1752)
calls=1 231 
* 461039
+2 2

fn=(1460)
613 77
+24 66
cfn=(1462)
calls=11 231 
* 21246883
+2 22

fn=(1466)
113 48
+1 84
+1 36

fn=(1468)
125 96

fn=(1470)
118 48
+2 84
+2 36

fn=(1630)
140 10
+3 5
cfn=(1466)
calls=1 -30 
* 14
+1 1
fi=(335)
1090 1024
fe=(334)
145 2048
fi=(407)
-92 1024
fe=(334)
+92 3072
cfi=(336)
cfn=(1516)
calls=1024 -22 
* 21246725
fi=(335)
1103 3072
+1 1024
fe=(334)
144 5120
fi=(335)
1166 1024
+81 3072
-81 1024
+81 3072
fe=(334)
144 2050
fi=(335)
1166 1
+81 3
-81 1
+81 3
fe=(334)
144 2
+2 3
cfn=(1468)
calls=1 -21 
* 8
+1 1
+1 3
cfn=(1470)
calls=1 -30 
* 14
-1 1
+1 6

fl=(286) /home/ikea/Projects/DV1674/dv1674_a2/pearson/dataset.cpp
fn=(1082) Dataset::read(std::__cxx11::basic_string<char, std::char_traits<char>, std::allocator<char> >)
18 10
+1 1
+1 7
cfi=(287)
cfn=(1084)
calls=1 561 
* 48
+1 3
cob=(7)
cfi=(288)
cfn=(1096)
calls=1 561 
* 525
cob=(1)
cfi=(277)
cfn=(1018)
calls=1 +18 
* 956
* 5
+2 6
cob=(7)
cfi=(288)
cfn=(1110)
calls=1 743 
* 968
cob=(1)
cfi=(277)
cfn=(1018)
calls=1 +16 
* 1434
* 5
+2 4
cob=(7)
cfi=(239)
cfn=(1164)
calls=1 133 
* 4
cob=(1)
cfi=(277)
cfn=(1018)
calls=1 +14 
* 895
* 5
* 2
+6 5
cob=(7)
cfi=(246)
cfn=(1170)
calls=1 186 
* 622
cob=(1)
cfi=(277)
cfn=(1018)
calls=1 +8 
* 725
* 5
+1 3
cfi=(274)
cfn=(1232)
calls=1 585 
* 147
+2 5
cob=(7)
cfi=(311)
cfn=(1244)
calls=1 4407 
* 114
cob=(1)
cfi=(277)
cfn=(1018)
calls=1 +5 
* 1416
* 5
+2 1
+2 3072
cfi=(315)
cfn=(1274)
calls=1024 151 
* 8192
* 6144
cob=(7)
cfi=(316)
cfn=(1280)
calls=1024 1072 
* 1852747
cob=(1)
cfi=(277)
cfn=(1018)
calls=1 +1 
* 1442
* 1028
+1 5120
cfi=(318)
cfn=(1298)
calls=1024 -14 
* 309991
+1 3072
cfi=(318)
cfn=(1304)
calls=1024 +10 
* 7168
* 7168
cfi=(319)
cfn=(1306)
calls=1024 +41 
* 1783533
* 5120
cfi=(331)
cfn=(1394)
calls=1024 684 
* 1852385265
+3 5120
cfi=(287)
cfn=(1418)
calls=1024 1416 
* 42997078
+1 3072
cfi=(318)
cfn=(1480)
calls=1024 -29 
* 176378
* 3072
cob=(7)
cfi=(316)
cfn=(1500)
calls=1024 1083 
* 264995
cob=(1)
cfi=(277)
cfn=(1018)
calls=1 -5 
* 1117
* 1028
-8 5125
cob=(7)
cfi=(311)
cfn=(1244)
calls=1025 4407 
* 1731826
* 1025
* 6150
cob=(7)
cfi=(239)
cfn=(1272)
calls=1025 +88 
* 4100
cob=(1)
cfi=(277)
cfn=(1018)
calls=1 +3 
* 973
* 1029
* 2050
+11 3
cfi=(274)
cfn=(1546)
calls=1 895 
* 309
* 3
cob=(7)
cfi=(288)
cfn=(1570)
calls=1 642 
* 752
cob=(1)
cfi=(277)
cfn=(1018)
calls=1 -8 
* 969
* 5
* 9

fn=(1754) Dataset::write(std::vector<double, std::allocator<double> >, std::__cxx11::basic_string<char, std::char_traits<char>, std::allocator<char> >)
50 9
+1 3
cob=(7)
cfi=(288)
cfn=(1760)
calls=1 834 
* 524
cob=(1)
cfi=(277)
cfn=(1018)
calls=1 -12 
* 972
* 5
+2 6
cob=(7)
cfi=(288)
cfn=(1768)
calls=1 1018 
* 826
cob=(1)
cfi=(277)
cfn=(1018)
calls=1 -14 
* 1348
* 5
+2 4
cob=(7)
cfi=(239)
cfn=(1164)
calls=1 +78 
* 4
* 1
* 2
+6 2
+2 1047552
cfi=(348)
cfn=(1770)
calls=523776 208 
* 3142656
* 2618880
cob=(7)
cfi=(349)
cfn=(1776)
calls=523776 220 
* 3666432
cob=(1)
cfi=(277)
cfn=(1018)
calls=1 -24 
* 1174
* 523780
* 3666432
cfi=(287)
cfn=(1778)
calls=523776 1261 
* 19379712
* 2095104
cob=(7)
cfi=(242)
cfn=(1784)
calls=523776 231 
* 1556538655
cob=(1)
cfi=(277)
cfn=(1018)
calls=1 -24 
* 670
* 523780
* 2095104
cob=(7)
cfi=(242)
cfn=(1876)
calls=523776 +53 
* 166036992
cob=(1)
cfi=(277)
cfn=(1018)
calls=1 -24 
* 761
* 523780
-2 3142656
cfi=(287)
cfn=(1684)
calls=523776 1117 
* 7856640
* 5
cfi=(287)
cfn=(1684)
calls=1 1117 
* 15
* 2095108
+4 4
cob=(7)
cfi=(288)
cfn=(1904)
calls=1 917 
* 733
cob=(1)
cfi=(277)
cfn=(1018)
calls=1 -26 
* 1018
* 5
* 7

fl=(273)
fn=(1000)
11 9
+1 2
+2 2
fi=(281)
+74 1
fi=(310)
+80 1
fe=(273)
17 8
cfi=(274)
cfn=(1002)
calls=1 706 
* 3596
* 5
cfi=(286)
cfn=(1082)
calls=1 +1 
* 1901593176
* 3
cfi=(274)
cfn=(1546)
calls=1 895 
* 196
fi=(310)
189 3
cfi=(281)
cfn=(1238)
calls=1 -85 
* 6
* 1
fe=(273)
18 5
cfi=(287)
cfn=(1610)
calls=1 631 
* 21274172
* 5
cfi=(344)
cfn=(1634)
calls=1 +2 
* 149279279615
* 3
cfi=(287)
cfn=(1724)
calls=1 800 
* 233414
* 2
fi=(281)
+70 1
fi=(310)
+80 1
fe=(273)
19 8
cfi=(274)
cfn=(1002)
calls=1 706 
* 535
* 5
cfi=(287)
cfn=(1734)
calls=1 631 
* 462844
* 5
cfi=(286)
cfn=(1754)
calls=1 +31 
* 1774961366
* 3
cfi=(287)
cfn=(1912)
calls=1 800 
* 216
* 3
cfi=(274)
cfn=(1546)
calls=1 895 
* 196
fi=(310)
189 3
cfi=(281)
cfn=(1238)
calls=1 -85 
* 6
* 1
fe=(273)
21 1
+1 3
cfi=(287)
cfn=(1912)
calls=1 800 
* 216
* 3
cfi=(287)
cfn=(1724)
calls=1 800 
* 235166
* 7

ob=(5)
fl=(192)
fn=(1972) 0x0000000000001020
0 5

fn=(660)
0 12

fn=(1964)
0 9
cob=(2)
cfi=(375)
cfn=(1946)
calls=1 45 
0 99
0 1
cfn=(1972)
calls=1 0 
0 5
0 3

totals: 152980740380
