# callgrind format
version: 1
creator: callgrind-3.25.1
pid: 26174
cmd:  ././base/blur 15 ./data/im1.ppm ./data_o/im1_seq.ppm
part: 1


desc: I1 cache: 32768 B, 64 B, 8-way associative
desc: D1 cache: 49152 B, 64 B, 12-way associative
desc: LL cache: 25165824 B, 64 B, 12-way associative

desc: Timerange: Basic block 0 - 7325511070
desc: Trigger: Program termination

positions: instr line
events: Ir Dr Dw I1mr D1mr D1mw ILmr DLmr DLmw Bc Bcm Bi Bim
summary: 11495451006 1913674012 7676669547 5107 6464280 5756911 3218 9093 153755 7028964346 2632774 36102220 1789


ob=(7) /usr/lib/libstdc++.so.6.0.35
fl=(254) /usr/src/debug/gcc/gcc-build/x86_64-pc-linux-gnu/libstdc++-v3/include/istream
fn=(2876) std::istream::gcount() const
0x13b4a0 368 1547364 0 0 1 0 0 1
+4 +1 1547364 1547364
+4 * 1547364 1547364

fl=(232) /usr/src/debug/gcc/gcc-build/x86_64-pc-linux-gnu/libstdc++-v3/src/c++11/ctype_members.cc
fn=(808) std::ctype<wchar_t>::_M_convert_to_wmask(unsigned short) const
0xf99b0 60 12 0 0 1 0 0 1
+4 +2 12
+5 * 12 0 0 0 0 0 0 0 0 12 1
+6 * 11 0 0 1 0 0 1 0 0 11 2
+2 * 7
+5 * 7 0 0 0 0 0 0 0 0 7 3
+6 * 6 0 0 0 0 0 0 0 0 6 1
+6 * 4
+4 * 4 0 0 0 0 0 0 0 0 4 2
+6 * 3
+4 * 3 0 0 0 0 0 0 0 0 3 1
+6 * 2
+4 * 2 0 0 0 0 0 0 0 0 2 1
+6 +36 1 1
+4 * 1
+7 * 1 1 0 0 0 0 0 0 0 0 0 1 1
cob=(2) /usr/lib/libc.so.6
cfi=(239) /usr/src/debug/glibc/glibc/wctype/wctype_l.c
cfn=(810) wctype_l
calls=1 0x121c50 -72 
* * 522 96 25 2 0 0 2 0 0 92 12 18
+13 -36 4 0 0 1 0 0 1
+5 * 4 0 0 0 0 0 0 0 0 4 1
+6 * 3 0 0 0 0 0 0 0 0 3
+2 * 3
+5 * 3 0 0 0 0 0 0 0 0 3 1
+6 * 2
+5 * 2 0 0 0 0 0 0 0 0 2 1
+6 +6 1 1
+4 * 1
+7 * 1 1 0 0 0 0 0 0 0 0 0 1 1
cob=(2)
cfi=(239)
cfn=(810)
calls=1 0x121c50 -42 
* * 381 76 21 0 0 0 0 0 0 59 3 14
+50 +3 1 1 0 1 0 0 1
+4 * 1
+7 * 1 1 0 0 0 0 0 0 0 0 0 1 1
cob=(2)
cfi=(239)
cfn=(810)
calls=1 0x121c50 -45 
* * 540 106 27 0 0 0 0 0 0 86 2 20
+13 -9 2 0 0 1 0 0 1
+5 * 2 0 0 0 0 0 0 0 0 2 1
+2 * 1
+5 * 1 0 0 0 0 0 0 0 0 1
+2 +18 1 1
+4 * 1
+7 * 1 1 0 0 0 0 0 0 0 0 0 1 1
cob=(2)
cfi=(239)
cfn=(810)
calls=1 0x121c50 -54 
* * 197 42 14 0 1 0 0 1 0 28 7 7
+31 -3 1 1
+4 * 1
+7 * 1 1 0 0 0 0 0 0 0 0 0 1 1
cob=(2)
cfi=(239)
cfn=(810)
calls=1 0x121c50 -51 
* * 144 32 12 1 2 0 1 1 0 19 5 5
+13 -3 1 1 0 1 0 0 1
+4 * 1
+7 * 1 1 0 0 1 0 0 0 0 0 0 1 1
cob=(2)
cfi=(239)
cfn=(810)
calls=1 0x121c50 -48 
* * 91 22 10 7 6 0 7 2 0 10 2 3 2
+13 +9 1 1
+4 * 1
+7 * 1 1 0 0 0 0 0 0 0 0 0 1 1
cob=(2)
cfi=(239)
cfn=(810)
calls=1 0x121c50 -57 
* * 250 52 16 0 0 0 0 0 0 37 3 9
+13 +21 2
+2 * 2 2
+6 -39 1 1
+4 * 1
+7 * 1 1 0 0 0 0 0 0 0 0 0 1 1
cob=(2)
cfi=(239)
cfn=(810)
calls=1 0x121c50 -39 
* * 328 66 19 0 1 0 0 1 0 50 6 12
+13 +24 1 1 0 1 0 0 1
+4 * 1
+7 * 1 1 0 0 0 0 0 0 0 0 0 1 1
cob=(2)
cfi=(239)
cfn=(810)
calls=1 0x121c50 -63 
* * 191 38 14 0 0 0 0 0 0 26 9 7
+13 -3 1 1
+4 * 1 0 0 1 0 0 1
+7 * 1 1 0 0 0 0 0 0 0 0 0 1 1
cob=(2)
cfi=(239)
cfn=(810)
calls=1 0x121c50 -60 
* * 629 118 29 0 0 0 0 0 0 110 4 22

fn=(794) std::ctype<wchar_t>::_M_initialize_ctype()
0xfa0a0 282 1 0 0 1 0 0 1
+4 * 1 0 1
+1 * 1
+3 * 1 0 1
+2 * 1 0 1
+2 * 1 0 1
+2 * 1
+3 * 1 0 1
+1 +2 1 1
+4 * 1
+2 * 1 1 1 0 1 0 0 0 0 0 0 1 1
cob=(2)
cfi=(233) /usr/src/debug/glibc/glibc/locale/uselocale.c
cfn=(796) uselocale
calls=1 0x361c0 30 
* * 22 9 4 2 0 0 2 0 0 1
+6 * 1 0 0 1 0 0 1
+3 +3 1
+7 +6 128 0 128 0 0 2 0 0 2
+5 -6 128
+4 * 128
+7 * 128 0 0 0 0 0 0 0 0 128 1
fi=(234) /usr/include/wchar.h
+6 +89 128
+2 * 128 128 128 0 1 0 0 0 0 0 0 128 1
cob=(2)
cfi=(235) /usr/src/debug/glibc/glibc/wcsmbs/wctob.c
cfn=(800) wctob
calls=128 0xd2290 30 
* * 2432 640 256 2 0 0 2 0 0 384 1
fe=(232)
+6 -86 128
+3 * 128 0 0 0 0 0 0 0 0 128 3
+4 +5 1 0 1
+5 +4 1
+2 * 1
+1 * 1
fi=(234)
+11 +71 1 0 0 1 0 0 1
+2 * 1 1 1 0 1 0 0 0 0 0 0 1 1
cob=(2)
cfi=(236) /usr/src/debug/glibc/glibc/wcsmbs/btowc.c
cfn=(802) btowc
calls=1 0xc1d70 32 
* * 20 5 2 3 0 0 3 0 0 4
-2 * 255
+2 * 255 255 255 0 0 0 0 0 0 0 0 255
cob=(2)
cfi=(236)
cfn=(802)
calls=255 0xc1d70 32 
* * 9580 3323 1022 4 5 0 4 0 0 1660 8 128 1
fe=(232)
+6 -69 256 0 256 0 0 16 0 0 16
+8 -2 256
+4 +1 256
+7 * 256 0 0 0 0 0 0 0 0 256 6
+2 +3 1
+3 +2 1
+5 * 1
+3 * 1
+2 * 1
+4 * 1 0 0 0 0 0 0 0 0 1
-14 * 3
+5 * 3
+3 * 3
+2 * 3
+4 * 3 0 0 0 0 0 0 0 0 3 3
+2 * 8
+3 +1 8
+3 -1 8 0 8
+9 +1 8 0 0 1 0 0 1
+3 * 8 8 8 0 1 0 0 0 0 0 0 8 1
cfn=(808)
calls=8 0xf99b0 60 
* * 1671 343 106 14 11 0 14 5 0 264 43 64 9
+6 -1 8
+5 +1 8 0 8 0 0 1 0 0 1
+8 -3 8
+4 +2 8
+3 * 8
+2 * 8
+4 * 8 0 0 0 0 0 0 0 0 8 2
+2 * 4
+3 +1 4
+3 -1 4 0 4
+9 +1 4
+3 * 4 4 4 0 0 0 0 0 0 0 0 4 1
cfn=(808)
calls=4 0xf99b0 60 
* * 1748 327 81 4 0 0 4 0 0 313 25 63 3
+6 * 4 0 4 0 0 1 0 0 1
+8 -3 4
+4 * 4
+4 * 4 0 0 0 0 0 0 0 0 4 3
+2 +8 1 1
+1 -2 1
+3 +2 1 1
+2 * 1 1
+2 * 1 1
+2 * 1 1
+1 -2 1 1 0 0 0 0 0 0 0 0 0 1 1
cob=(2)
cfi=(233)
cfn=(796)
calls=1 0x361c0 30 
* * 22 9 4 0 1 0 0 0 0 1
+6 -22 1 0 0 1 0 0 1
+5 * 1

fn=(896) std::ctype<wchar_t>::do_widen(char) const
0xf9ed0 205 4 0 0 1 0 0 1
+4 * 4
+4 * 4 4
+7 * 4 4

fl=(295) /usr/src/debug/gcc/gcc-build/x86_64-pc-linux-gnu/libstdc++-v3/include/fstream
fn=(1114) std::basic_ifstream<char, std::char_traits<char> >::basic_ifstream()
0x130fc0 561 1 0 0 1 0 0 1
+4 * 1 0 1
+1 * 1
+3 * 1
+4 * 1 0 1
+4 * 1
fi=(247) /usr/src/debug/gcc/gcc-build/x86_64-pc-linux-gnu/libstdc++-v3/include/bits/basic_ios.h
+3 -83 1
+7 * 1 1 1 0 0 0 0 0 0 0 0 1 1
cfi=(248) /usr/src/debug/gcc/gcc/libstdc++-v3/src/c++11/ios.cc
cfn=(862) std::ios_base::ios_base()
calls=1 0xe6240 76 
* * 85 11 29 0 0 0 0 0 0 11 5 1
fi=(254)
+6 713 1
fi=(247)
+7 477 1
fi=(254)
+2 714 1
fi=(247)
+2 478 1
fi=(254)
+4 713 1 0 1
+3 * 1
+4 +1 1
fi=(247)
+7 477 1 0 1 1 0 0 1
+11 * 1 0 1
fi=(254)
+7 713 1 0 1
+7 * 1 0 1
fi=(247)
+8 478 1 0 1
+7 * 1 0 1
fi=(254)
+7 714 1 1 1 0 0 0 0 0 0 0 0 1 1
cfi=(250) /usr/src/debug/gcc/gcc-build/x86_64-pc-linux-gnu/libstdc++-v3/include/bits/basic_ios.tcc
cfn=(866) std::basic_ios<char, std::char_traits<char> >::init(std::basic_streambuf<char, std::char_traits<char> >*)
calls=1 0x138d90 131 
* * 153 61 34 0 0 0 0 0 0 12 0 8
fe=(295)
+6 561 1 1
+7 * 1
+4 * 1 0 0 1 0 0 1
+4 * 1
+4 * 1 0 1
+3 * 1 0 1
+7 * 1 1 1 0 0 0 0 0 0 0 0 1 1
cfi=(296) /usr/src/debug/gcc/gcc-build/x86_64-pc-linux-gnu/libstdc++-v3/include/bits/fstream.tcc
cfn=(1118) std::basic_filebuf<char, std::char_traits<char> >::basic_filebuf()
calls=1 0x12ea70 85 
* * 85 24 34 7 1 0 7 0 0 4 1 3 3
+6 +1 1
+4 * 1
+7 * 1 1 1 0 0 0 0 0 0 0 0 1 1
cfi=(250)
cfn=(866)
calls=1 0x138d90 131 
* * 153 61 34 0 0 0 0 0 0 12 4 8
+6 * 1 1
+4 * 1 1
+1 * 1 1

fn=(1128) std::basic_ifstream<char, std::char_traits<char> >::open(std::__cxx11::basic_string<char, std::char_traits<char>, std::allocator<char> > const&, std::_Ios_Openmode)
0x131b60 743 1 0 0 1 0 0 1
+4 * 1 0 1
fi=(249) /usr/src/debug/gcc/gcc-build/x86_64-pc-linux-gnu/libstdc++-v3/include/bits/ios_base.h
+1 151 1
fe=(295)
+3 743 1
+3 * 1 0 1
+1 * 1
+3 +2 1
+4 -2 1
+4 345 1 1
+3 * 1 1 1 0 0 0 0 0 0 0 0 1 1
cfi=(296)
cfn=(1130) std::basic_filebuf<char, std::char_traits<char> >::open(char const*, std::_Ios_Openmode)
calls=1 0x12f8f0 183 
* * 867 186 161 63 8 7 63 5 7 102 31 12 12
+6 750 1 1 0 1 0 0 1
+3 * 1 1 0 0 1
+4 * 1
+3 -5 1
+3 * 1 0 0 0 0 0 0 0 0 1
+2 +6 1 1
+4 -1 1
+2 +1 1 1
+1 -1 1 1 0 0 0 0 0 0 0 0 0 1 1
cfi=(250)
cfn=(1180) std::basic_ios<char, std::char_traits<char> >::clear(std::_Ios_Iostate)
calls=1 0x1388f0 46 
* * 9 3 1 2 0 0 2 0 0 1

fn=(1382) std::basic_ifstream<char, std::char_traits<char> >::~basic_ifstream()
0x12fd80 642 1 0 0 1 0 0 1
+4 * 1 0 1
+1 * 1
+3 * 1 0 1
+1 * 1
+3 +1 1
+4 -1 1
+4 +1 1 1 0 0 1
+7 * 1
+4 * 1
+4 * 1 0 1 0 0 1
+7 264 1 1 0 0 1
+7 643 1 0 1
+4 264 1
+4 * 1 0 1
+3 -3 1 1 1 1 0 0 1 0 0 0 0 1 1
cfi=(296)
cfn=(1346) std::basic_filebuf<char, std::char_traits<char> >::close()
calls=1 0x12f530 -8 
* * 18 6 3 0 0 0 0 0 0 1 1 1
+6 +3 1
+4 * 1 1 1 0 1 0 0 0 0 0 0 1 1
cfi=(297) /usr/src/debug/gcc/gcc-build/x86_64-pc-linux-gnu/libstdc++-v3/src/c++11/basic_file.cc
cfn=(1384) std::__basic_file<char>::~__basic_file()
calls=1 0xfa500 -54 
* * 24 9 5 0 0 0 0 0 0 1 1 2 1
fi=(246) /usr/src/debug/gcc/gcc-build/x86_64-pc-linux-gnu/libstdc++-v3/include/streambuf
+6 -57 1 1 0 0 1
+7 * 1
+4 * 1
+4 * 1 0 1
+4 * 1 1 1 0 1 0 0 0 0 0 0 1 1
cfi=(215) /usr/src/debug/gcc/gcc/libstdc++-v3/src/c++98/locale.cc
cfn=(872) std::locale::~locale()
calls=1 0xcd980 91 
* * 6 3 0 0 1 0 0 0 0 1 1
fi=(254)
+6 -95 1
+7 * 1 0 1
fi=(247)
+8 297 1
fi=(254)
+7 112 1 0 1
fi=(247)
+3 297 1 1 0 1 1 0 1
+7 * 1
+4 * 1 0 1
fe=(295)
+7 643 1 1
+4 * 1 1
fi=(247)
+1 297 1 1 0 0 1 0 0 0 0 0 0 1 1
cfi=(248)
cfn=(1390) std::ios_base::~ios_base()
calls=1 0xe6610 87 
* * 51 18 10 6 4 0 6 0 0 4 3 3 3
fe=(295)

fn=(1204) std::basic_ifstream<char, std::char_traits<char> >::rdbuf() const
0x131ae0 676 1 0 0 1 0 0 1
+4 +1 1
+4 * 1 1

fn=(1344) std::basic_ifstream<char, std::char_traits<char> >::close()
0x131bc0 776 1 0 0 1 0 0 1
+4 * 1 0 1
+1 * 1
+3 * 1 0 1
+1 * 1
+3 +2 1
+4 -2 1
+4 +2 1 1 1 0 1 0 0 0 0 0 0 1 1
cfi=(296)
cfn=(1346)
calls=1 0x12f530 253 
* * 588 173 114 48 34 1 48 0 0 85 29 12 11
+6 * 1
+3 * 1 0 0 0 0 0 0 0 0 1
+2 +2 1 1
+4 * 1 1
+1 * 1 1

fl=(228) /usr/src/debug/gcc/gcc-build/x86_64-pc-linux-gnu/libstdc++-v3/include/x86_64-pc-linux-gnu/bits/time_members.h
fn=(786) std::__timepunct<char>::__timepunct(std::__timepunct_cache<char>*, unsigned long)
0x146230 48 1 0 0 1 0 0 1
+4 * 1 0 1
fi=(222) /usr/src/debug/gcc/gcc-build/x86_64-pc-linux-gnu/libstdc++-v3/include/bits/locale_classes.h
+1 437 1
fe=(228)
+2 48 1
+3 * 1
fi=(222)
+4 437 1 0 0 1 0 0 1
+3 * 1
fe=(228)
+3 48 1 0 1
+4 * 1
fi=(222)
+3 437 1 0 1
fe=(228)
+3 50 1 1 0 0 1
+7 -1 1 0 1
+4 +1 1
+4 -1 1 0 1
+8 +1 1 0 1
+3 * 1 1 1 0 0 0 0 0 0 0 0 1 1
cfi=(215)
cfn=(742) std::locale::facet::_S_get_c_name()
calls=1 0xcd6c0 233 
* * 3 1
+6 +1 1
+2 * 1
+3 -1 1 0 1
+4 +1 1 1 1 0 1 0 0 0 0 0 0 1 1
cfi=(229) /usr/src/debug/gcc/gcc-build/x86_64-pc-linux-gnu/libstdc++-v3/src/c++98/time_members.cc
cfn=(788) std::__timepunct<char>::_M_initialize_timepunct(__locale_struct*)
calls=1 0xdb5a0 +15 
* * 152 38 34 14 3 0 14 0 0 4 1 2
+6 * 1 1 0 1 0 0 1
+4 * 1 1
+1 * 1 1

fn=(826) std::__timepunct<wchar_t>::__timepunct(std::__timepunct_cache<wchar_t>*, unsigned long)
0x176610 48 1 0 0 1 0 0 1
+4 * 1 0 1
fi=(222)
+1 437 1
fe=(228)
+2 48 1
+3 * 1
fi=(222)
+4 437 1
+3 * 1
fe=(228)
+3 48 1 0 1
+4 * 1
fi=(222)
+3 437 1 0 1 0 0 1 0 0 1
fe=(228)
+3 50 1 1 0 0 1
+7 -1 1 0 1
+4 +1 1
+4 -1 1 0 1 1 0 0 1
+8 +1 1 0 1
+3 * 1 1 1 0 0 0 0 0 0 0 0 1 1
cfi=(215)
cfn=(742)
calls=1 0xcd6c0 233 
* * 3 1
+6 +1 1
+2 * 1
+3 -1 1 0 1
+4 +1 1 1 1 0 1 0 0 0 0 0 0 1 1
cfi=(229)
cfn=(828) std::__timepunct<wchar_t>::_M_initialize_timepunct(__locale_struct*)
calls=1 0xdbe80 222 
* * 148 38 33 13 3 0 13 0 0 4 1 2 1
+6 * 1 1
+4 * 1 1
+1 * 1 1

fl=(224) /usr/src/debug/gcc/gcc-build/x86_64-pc-linux-gnu/libstdc++-v3/include/bits/locale_facets.h
fn=(1514) std::ctype<char>::do_narrow(char, char) const
0xe27f0 1144 8 0 0 2 0 0 1
+4 * 8
+2 +1 8 8

fl=(243) /usr/src/debug/gcc/gcc/libstdc++-v3/src/c++11/cow-locale_init.cc
fn=(834) std::locale::_Impl::_M_init_extra(std::locale::facet**)
0xebf10 100 1 0 0 1 0 0 1
+4 * 1 0 1
+1 * 1
+3 * 1 0 1
+2 * 1 0 1
+2 * 1 0 1
+2 * 1
+3 * 1 0 1
+2 * 1 0 1
+1 * 1
fi=(224)
+3 1720 1
fe=(243)
+7 100 1
+4 +3 1 1
+4 -2 1 1
+3 +1 1 1
fi=(224)
+4 1720 1
fi=(222)
+2 437 1 0 1 1 0 1 1 0 1
fe=(243)
+10 103 1 0 1
fi=(224)
+4 1719 1 1
+7 * 1 0 1 0 0 1 0 0 1
+7 * 1
+4 * 1 0 1
+7 +1 1 1 1 0 1 0 0 0 0 0 0 1 1
cfi=(244) /usr/src/debug/gcc/gcc-build/x86_64-pc-linux-gnu/libstdc++-v3/src/c++98/numeric_members_cow.cc
cfn=(836) std::numpunct<char>::_M_initialize_numpunct(__locale_struct*)
calls=1 0xd7fe0 92 
* * 416 136 74 7 0 0 7 0 0 64 17
fi=(212) /usr/src/debug/gcc/gcc-build/x86_64-pc-linux-gnu/libstdc++-v3/include/ext/atomicity.h
+6 57 1 1
+7 +94 1 1
+5 * 1 0 0 0 0 0 0 0 0 1
+6 -20 1 0 1 1 0 0 1
fi=(222)
+7 660 1 1
+4 * 1 1 0 0 1
+7 * 1 0 1
+4 * 1 1 1 0 0 0 0 0 0 0 0 1 1
cfi=(215)
cfn=(768) std::locale::id::_M_id() const
calls=1 0xcdbe0 507 
* * 15 5 2 0 0 0 0 0 0 2
+6 * 1 1
+4 * 1
+7 * 1 0 1
+4 +56 1 1
+7 437 1 0 1
+10 716 1
+4 * 1 0 1 1 0 0 1
+7 * 1 1 1 0 0 0 0 0 0 0 0 1 1
cfi=(215)
cfn=(746) std::locale::facet::_S_get_c_locale()
calls=1 0xcd670 221 
* * 18 6 2 0 0 0 0 0 0 2 0 1 1
+6 * 1 0 1
fi=(212)
+7 151 1 1
+5 * 1 0 0 0 0 0 0 0 0 1
+6 -20 1 0 1
fi=(222)
+7 660 1 1
+4 * 1 1 0 0 1
+7 * 1 0 1
+4 * 1 1 1 0 0 0 0 0 0 0 0 1 1
cfi=(215)
cfn=(768)
calls=1 0xcdbe0 507 
* * 15 5 2 0 0 0 0 0 0 2 1
+6 * 1 1
fi=(226) /usr/src/debug/gcc/gcc-build/x86_64-pc-linux-gnu/libstdc++-v3/include/bits/locale_facets_nonio.h
+4 1108 1
fi=(222)
+2 660 1 0 0 1 0 0 1
fi=(226)
+7 1108 1
fi=(222)
+7 660 1 0 1
fi=(226)
+4 1107 1 1 0 0 1
+7 +1 1
fi=(222)
+2 437 1 0 1 0 0 1 0 0 1
fi=(226)
+10 1107 1
+4 * 1 0 1
+7 * 1 0 1
+7 +1 1 1 1 0 1 0 0 0 0 0 0 1 1
cfi=(245) /usr/src/debug/gcc/gcc-build/x86_64-pc-linux-gnu/libstdc++-v3/src/c++98/monetary_members_cow.cc
cfn=(842) std::moneypunct<char, false>::_M_initialize_moneypunct(__locale_struct*, char const*)
calls=1 0xd6620 372 
* * 107 35 28 5 0 0 5 0 0 13 7
fi=(212)
+6 151 1 1 0 1 0 0 1
+5 * 1 0 0 0 0 0 0 0 0 1
+6 -20 1 0 1
fi=(222)
+7 660 1 1
+4 * 1 1 0 0 1
+7 * 1 0 1
+4 * 1 1 1 0 0 0 0 0 0 0 0 1 1
cfi=(215)
cfn=(768)
calls=1 0xcdbe0 507 
* * 15 5 2 0 0 0 0 0 0 2
+6 * 1 1
+4 * 1
fi=(226)
+7 1108 1
fi=(222)
+7 660 1 0 1
fi=(226)
+4 1107 1 1 0 0 1
+7 +1 1 0 0 1 0 0 1
+2 * 1
fi=(222)
+2 437 1 0 1
fi=(226)
+10 1107 1
+4 * 1 0 1
+7 * 1 1
+4 * 1 0 1
+7 +1 1 1 1 0 1 0 0 0 0 0 0 1 1
cfi=(245)
cfn=(844) std::moneypunct<char, true>::_M_initialize_moneypunct(__locale_struct*, char const*)
calls=1 0xd60e0 216 
* * 109 35 28 6 0 0 6 0 0 13 6
fi=(212)
+6 151 1 1
+5 * 1 0 0 0 0 0 0 0 0 1
+6 -20 1 0 1
fi=(222)
+7 660 1 1
+4 * 1 1 0 1 1 0 1
+7 * 1 0 1
+4 * 1 1 1 0 0 0 0 0 0 0 0 1 1
cfi=(215)
cfn=(768)
calls=1 0xcdbe0 507 
* * 15 5 2 0 0 0 0 0 0 2
+6 * 1 1
+4 * 1
+7 * 1 0 1
fi=(226)
+4 1530 1 1 0 0 1
fi=(222)
+7 437 1 0 1
fi=(226)
+10 1530 1
+4 * 1 0 1
fi=(212)
+7 151 1 1 0 1 0 0 1
+5 * 1 0 0 0 0 0 0 0 0 1
+6 -19 1 0 1
fi=(222)
+10 660 1 1
+4 * 1 1 0 0 1
+7 * 1 0 1
+4 * 1 1 1 0 0 0 0 0 0 0 0 1 1
cfi=(215)
cfn=(768)
calls=1 0xcdbe0 507 
* * 15 5 2 0 0 0 0 0 0 2
+6 * 1 1
+4 * 1
+7 * 1 0 1
fi=(226)
+4 1690 1 1
fi=(222)
+7 437 1 0 1 1 0 0 1
fi=(226)
+10 1690 1
+4 * 1 0 1
fi=(212)
+7 151 1 1
+5 * 1 0 0 0 0 0 0 0 0 1
+6 -19 1 0 1
fi=(222)
+10 660 1 1
+4 * 1 1
+7 * 1 0 1
+4 * 1 1 1 0 0 0 0 0 0 0 0 1 1
cfi=(215)
cfn=(768)
calls=1 0xcdbe0 507 
* * 15 5 2 0 0 0 0 0 0 2 1
+6 * 1 1
+4 * 1 0 0 1 0 0 1
+7 * 1 0 1
fi=(226)
+4 422 1 1
fi=(222)
+7 +15 1 0 1
fi=(226)
+10 -15 1
+4 * 1 0 1
fi=(212)
+7 151 1 1
+5 * 1 0 0 0 0 0 0 0 0 1
+6 -19 1 0 1
fi=(222)
+10 660 1 1
+4 * 1 1 0 1 0 0 1
+7 * 1 0 1
+4 * 1 1 1 0 0 0 0 0 0 0 0 1 1
cfi=(215)
cfn=(768)
calls=1 0xcdbe0 507 
* * 15 5 2 0 0 0 0 0 0 2
+6 * 1 1
+4 * 1
fe=(243)
+7 112 1
fi=(222)
+7 660 1 0 1
fe=(243)
+4 112 1
+5 * 1 1 1 0 1 0 0 0 0 0 0 1 1
cfi=(230) /usr/src/debug/gcc/gcc-build/x86_64-pc-linux-gnu/libstdc++-v3/include/x86_64-pc-linux-gnu/bits/messages_members.h
cfn=(846) std::messages<char>::messages(unsigned long)
calls=1 0x146ea0 -68 
* * 41 13 10 2 0 1 2 0 1 2 1 3 2
fi=(212)
+6 +39 1 1
+5 * 1 0 0 0 0 0 0 0 0 1
+6 -20 1 0 1 1 0 0 1
fi=(222)
+7 660 1 1
+4 * 1 1
+7 * 1 0 1
+4 * 1 1 1 0 0 0 0 0 0 0 0 1 1
cfi=(215)
cfn=(768)
calls=1 0xcdbe0 507 
* * 15 5 2 0 0 0 0 0 0 2
+6 * 1 1
fi=(224)
+4 1720 1
fi=(222)
+2 660 1
fi=(224)
+7 1720 1
fi=(222)
+7 660 1 0 1
fe=(243)
+4 115 1 1
fi=(222)
+4 437 1 0 1 0 0 1 0 0 1
fe=(243)
+10 114 1 1 0 1 0 0 1
+4 +1 1 0 1
fi=(224)
+4 1719 1 1
fe=(243)
+7 114 1 0 1
+4 +2 1 1
fi=(224)
+4 1719 1
+4 * 1 0 1
+7 * 1 0 1
+7 +1 1 1 1 0 1 0 0 0 0 0 0 1 1
cfi=(244)
cfn=(848) std::numpunct<wchar_t>::_M_initialize_numpunct(__locale_struct*)
calls=1 0xd8360 183 
* * 350 72 73 6 0 0 6 0 0 64 15
fi=(212)
+6 151 1 1
+5 * 1 0 0 0 0 0 0 0 0 1
+6 -20 1 0 1
fi=(222)
+7 660 1 1 0 1 0 0 1
+4 * 1 1 0 0 1
+7 * 1 0 1
+4 * 1 1 1 0 0 0 0 0 0 0 0 1 1
cfi=(215)
cfn=(768)
calls=1 0xcdbe0 507 
* * 15 5 2 0 0 0 0 0 0 2
+6 * 1 1
+4 * 1
+7 * 1 0 1
+4 +56 1 1
+7 437 1 0 1
+10 716 1
+4 * 1 0 1
+7 * 1 1 1 1 0 0 1 0 0 0 0 1 1
cfi=(215)
cfn=(746)
calls=1 0xcd670 221 
* * 18 6 2 0 0 0 0 0 0 2 0 1
+6 * 1 0 1
fi=(212)
+7 151 1 1
+5 * 1 0 0 0 0 0 0 0 0 1
+6 -20 1 0 1
fi=(222)
+7 660 1 1
+4 * 1 1 0 0 1
+7 * 1 0 1
+4 * 1 1 1 0 0 0 0 0 0 0 0 1 1
cfi=(215)
cfn=(768)
calls=1 0xcdbe0 507 
* * 15 5 2 0 0 0 0 0 0 2
+6 * 1 1
fi=(226)
+4 1108 1
fi=(222)
+2 660 1
fi=(226)
+7 1108 1 0 0 1 0 0 1
fi=(222)
+7 660 1 0 1
fi=(226)
+4 1107 1 1 0 0 1
+7 +1 1
fi=(222)
+2 437 1 0 1 0 0 1 0 0 1
fi=(226)
+10 1107 1
+4 * 1 0 1
+7 * 1 1
+4 * 1 0 1
+7 +1 1 1 1 0 0 0 0 0 0 0 0 1 1
cfi=(245)
cfn=(850) std::moneypunct<wchar_t, false>::_M_initialize_moneypunct(__locale_struct*, char const*)
calls=1 0xd73e0 741 
* * 102 26 28 6 0 0 6 0 0 14 8
fi=(212)
+6 151 1 1
+5 * 1 0 0 1 0 0 1 0 0 1
+6 -20 1 0 1
fi=(222)
+7 660 1 1
+4 * 1 1 0 0 1
+7 * 1 0 1
+4 * 1 1 1 0 0 0 0 0 0 0 0 1 1
cfi=(215)
cfn=(768)
calls=1 0xcdbe0 507 
* * 15 5 2 0 0 0 0 0 0 2
+6 * 1 1
+4 * 1
fi=(226)
+7 1108 1
fi=(222)
+7 660 1 0 1
fi=(226)
+4 1107 1 1 0 0 1
+7 +1 1
+2 * 1 0 0 1 0 0 1
fi=(222)
+2 437 1 0 1
fi=(226)
+10 1107 1
+4 * 1 0 1
+7 * 1 0 1
+7 +1 1 1 1 0 0 0 0 0 0 0 0 1 1
cfi=(245)
cfn=(852) std::moneypunct<wchar_t, true>::_M_initialize_moneypunct(__locale_struct*, char const*)
calls=1 0xd6dc0 558 
* * 102 26 28 5 0 0 5 0 0 14 7
fi=(212)
+6 151 1 1
+5 * 1 0 0 0 0 0 0 0 0 1
+6 -20 1 0 1
fi=(222)
+7 660 1 1
+4 * 1 1 0 1 1 0 1
+7 * 1 0 1
+4 * 1 1 1 0 0 0 0 0 0 0 0 1 1
cfi=(215)
cfn=(768)
calls=1 0xcdbe0 507 
* * 15 5 2 0 0 0 0 0 0 2
+6 * 1 1
+4 * 1
+7 * 1 0 1
fi=(226)
+4 1530 1 1 0 0 1
fi=(222)
+7 437 1 0 1
fi=(226)
+10 1530 1
+4 * 1 0 1
fi=(212)
+7 151 1 1
+5 * 1 0 0 1 0 0 1 0 0 1
+6 -19 1 0 1
fi=(222)
+10 660 1 1
+4 * 1 1 0 0 1
+7 * 1 0 1
+4 * 1 1 1 0 0 0 0 0 0 0 0 1 1
cfi=(215)
cfn=(768)
calls=1 0xcdbe0 507 
* * 15 5 2 0 0 0 0 0 0 2 1
+6 * 1 1
+4 * 1
+7 * 1 0 1
fi=(226)
+4 1690 1 1
fi=(222)
+7 437 1 0 1 0 0 1 0 0 1
fi=(226)
+10 1690 1 0 0 1 0 0 1
+4 * 1 0 1
fi=(212)
+7 151 1 1
+5 * 1 0 0 0 0 0 0 0 0 1
+6 -19 1 0 1
fi=(222)
+10 660 1 1
+4 * 1 1 0 0 1
+7 * 1 0 1
+4 * 1 1 1 0 0 0 0 0 0 0 0 1 1
cfi=(215)
cfn=(768)
calls=1 0xcdbe0 507 
* * 15 5 2 0 0 0 0 0 0 2
+6 * 1 1
+4 * 1
+7 * 1 0 1 1 0 0 1
fi=(226)
+4 422 1 1
fi=(222)
+7 +15 1 0 1
fi=(226)
+10 -15 1
+4 * 1 0 1
fi=(212)
+7 151 1 1
+5 * 1 0 0 0 0 0 0 0 0 1
+6 -19 1 0 1
fi=(222)
+10 660 1 1
+4 * 1 1
+7 * 1 0 1 1 0 0 1
+4 * 1 1 1 0 0 0 0 0 0 0 0 1 1
cfi=(215)
cfn=(768)
calls=1 0xcdbe0 507 
* * 15 5 2 0 0 0 0 0 0 2
+6 * 1 1
+4 * 1
fe=(243)
+7 125 1
fi=(222)
+7 660 1 0 1
fe=(243)
+4 125 1
+5 * 1 1 1 0 0 0 0 0 0 0 0 1 1
cfi=(230)
cfn=(854) std::messages<wchar_t>::messages(unsigned long)
calls=1 0x1770a0 -81 
* * 41 13 10 2 0 0 2 0 0 2 1 3
fi=(212)
+6 +26 1 1
+5 * 1 0 0 0 0 0 0 0 0 1
+6 -20 1 0 1
fi=(222)
+7 660 1 1 0 1 0 0 1
+4 * 1 1
+7 * 1 1 1 0 0 0 0 0 0 0 0 1 1
cfi=(215)
cfn=(768)
calls=1 0xcdbe0 507 
* * 15 5 2 0 0 0 0 0 0 2
+6 * 1
fe=(243)
+7 129 1 1
fi=(222)
+7 660 1 0 1
fe=(243)
+4 129 1 1
+4 * 1 1 1 0 0 0 0 0 0 0 0 1 1
cfi=(215)
cfn=(768)
calls=1 0xcdbe0 507 
* * 6 2 0 0 0 0 0 0 0 1 1
+6 +1 1 1
+7 -1 1 0 1
+4 +1 1 1
+4 * 1 1 1 0 0 0 0 0 0 0 0 1 1
cfi=(215)
cfn=(768)
calls=1 0xcdbe0 507 
* * 6 2 0 0 0 0 0 0 0 1
+6 +1 1 1 0 1 0 0 1
+7 -1 1 0 1
+4 +1 1 1
+4 * 1 1 1 0 0 0 0 0 0 0 0 1 1
cfi=(215)
cfn=(768)
calls=1 0xcdbe0 507 
* * 6 2 0 0 0 0 0 0 0 1 1
+6 * 1 1
+4 +2 1 1
+7 -2 1 0 1
+4 +2 1 1
+4 * 1 1 1 0 0 0 0 0 0 0 0 1 1
cfi=(215)
cfn=(768)
calls=1 0xcdbe0 507 
* * 6 2 0 0 0 0 0 0 0 1
+6 * 1 1
+4 +1 1 1
+7 -1 1 0 1
+4 +1 1 1
+4 * 1 1 1 1 0 0 1 0 0 0 0 1 1
cfi=(215)
cfn=(768)
calls=1 0xcdbe0 507 
* * 6 2 0 0 0 0 0 0 0 1 1
+6 * 1 1
+4 +1 1 1
+4 * 1 1
+7 -1 1 0 1
+4 +1 1 1 1 0 0 0 0 0 0 0 0 1 1
cfi=(215)
cfn=(768)
calls=1 0xcdbe0 507 
* * 6 2 0 0 0 0 0 0 0 1 1
+6 * 1 0 1
+4 +2 1
+4 * 1 1
+1 * 1 1
+2 * 1 1
+2 * 1 1
+2 * 1 1
+2 * 1 1
+1 * 1 1

fl=(285) /usr/src/debug/gcc/gcc-build/x86_64-pc-linux-gnu/libstdc++-v3/include/sstream
fn=(1040) std::__cxx11::basic_stringstream<char, std::char_traits<char>, std::allocator<char> >::basic_stringstream()
0x167980 1173 1 0 0 1 0 0 1
+4 * 1 0 1
+1 * 1
+3 * 1
+4 * 1 1
+7 * 1 0 1
+4 * 1 1 0 0 1
+7 * 1
+4 * 1 0 1
+4 * 1
fi=(247)
+3 478 1
+7 * 1
+4 * 1
+5 * 1
+5 * 1 0 0 1 0 0 1
+4 * 1 0 1
+4 * 1 1 1 0 0 0 0 0 0 0 0 1 1
cfi=(248)
cfn=(862)
calls=1 0xe6240 76 
* * 85 11 29 0 0 0 0 0 0 11 5 1
fi=(254)
+6 713 1
fi=(247)
+7 477 1
fi=(254)
+2 714 1
fi=(247)
+2 478 1
fi=(254)
+4 713 1 0 1
+3 * 1
+4 +1 1
fi=(247)
+7 477 1 0 1
+11 * 1 0 1
fi=(254)
+7 713 1 0 1 1 0 0 1
+7 * 1 0 1
fi=(247)
+8 478 1 0 1
+7 * 1 0 1
fi=(254)
+7 714 1 1 1 0 0 0 0 0 0 0 0 1 1
cfi=(250)
cfn=(866)
calls=1 0x138d90 131 
* * 153 61 34 0 0 0 0 0 0 12 0 8
fi=(253) /usr/src/debug/gcc/gcc-build/x86_64-pc-linux-gnu/libstdc++-v3/include/bits/ostream.h
+6 441 1
+7 * 1
+2 * 1
+7 * 1 0 1
+4 * 1
+4 * 1 0 1
+7 * 1 1 1 1 0 0 1 0 0 0 0 1 1
cfi=(250)
cfn=(866)
calls=1 0x138d90 131 
* * 153 61 34 0 0 0 0 0 0 12 3 8
fe=(285)
+6 1174 1 1
+5 * 1
+4 * 1
fi=(246)
+4 475 1
fe=(285)
+4 1174 1 0 1
+3 * 1
+4 * 1 0 1
+7 * 1 0 1
+4 * 1 0 1
+4 * 1 0 1
+4 * 1 0 1
fi=(246)
+4 475 1 1 1 0 0 0 0 0 0 0 0 1 1
cfi=(213) /usr/src/debug/gcc/gcc/libstdc++-v3/src/c++11/locale_init.cc
cfn=(732) std::locale::locale()
calls=1 0xe7cd0 269 
* * 25 9 5 0 0 0 0 0 0 3
fe=(285)
+6 142 1 1 0 0 1
+7 * 1 0 1 1 0 0 1
+7 1175 1
fi=(315) /usr/src/debug/gcc/gcc-build/x86_64-pc-linux-gnu/libstdc++-v3/include/bits/char_traits.h
+4 355 1 0 1
fe=(285)
+4 1175 1
+7 142 1
fi=(317) /usr/src/debug/gcc/gcc-build/x86_64-pc-linux-gnu/libstdc++-v3/include/bits/basic_string.h
+4 +91 1 0 1
fe=(285)
+8 -91 1 0 1
fi=(317)
+4 245 1
+4 * 1 0 1
fe=(285)
+4 1175 1 1 1 0 0 0 0 0 0 0 0 1 1
cfi=(250)
cfn=(866)
calls=1 0x138d90 131 
* * 153 61 34 0 0 0 0 0 0 12 1 8
+6 * 1 1
+4 * 1 1
+4 * 1 1
+1 * 1 1

fl=(231) /usr/src/debug/gcc/gcc/libstdc++-v3/src/c++11/ctype.cc
fn=(882) std::ctype<char>::_M_widen_init() const
0xe2cc0 90 1 0 0 1 0 0 1
+4 * 1 0 1
+1 +3 1
+5 * 1
+5 * 1
+4 * 1
+5 * 1
+5 * 1
+5 * 1
+5 * 1
+5 * 1
+5 * 1
+5 -3 1
+3 * 1 0 1
+1 +3 1
+5 * 1 0 0 1 0 0 1
+5 * 1
+7 * 1
+4 * 1
+5 * 1
+5 * 1
+4 * 1
+4 -3 1
+7 * 1 1 0 0 1 0 0 1
+8 +3 1
+5 -3 1 1
+9 * 1 0 1 1 0 0 1
+4 * 1
+3 +3 1
+5 * 1
+5 * 1
+5 * 1
+5 -1 1
+5 +1 1
+5 -1 1
+5 +1 1
+4 -1 1
+4 +1 1
+4 * 1
+4 * 1
+5 * 1 0 0 1 0 0 1
+4 * 1
+5 * 1
+5 * 1
+5 * 1
+4 * 1
+4 * 1
+5 * 1
+5 * 1
+5 * 1
+5 * 1
+4 * 1
+5 * 1
+4 * 1
+5 * 1 0 0 1 0 0 1
+5 * 1
+5 * 1
+4 * 1
+4 * 1
+5 * 1
0xe2d70 * 15
+4 * 15
+4 * 15
+5 * 15
+4 * 15
+5 * 15
+5 * 15
+5 * 15
+4 * 15
+4 * 15
+5 * 15
+5 * 15
+5 * 15
+5 * 15
+4 * 15
+5 * 15
+4 * 15
+5 * 15
+5 * 15
+5 * 15
+4 * 15
+4 * 15
+5 * 15
+5 * 15
+4 * 15
+5 * 15
+5 -1 15
+4 +1 15
+5 * 15
+5 * 15
+5 * 15
+5 * 15
+5 * 15
+5 * 15
+5 * 15
+5 * 15
+5 * 15
+4 * 15
+4 * 15 0 15
+4 -1 15
+3 * 15 0 0 0 0 0 0 0 0 15 8
-78 +1 1
+4 * 1
+5 * 1
+5 -1 1
+4 +1 1
+5 * 1
+5 * 1
+5 * 1
+5 * 1 0 0 1 0 0 1
+5 * 1
+5 * 1
+5 * 1
+5 * 1
+5 * 1
+4 * 1
+4 * 1 0 1
+4 -1 1
+3 * 1 0 0 0 0 0 0 0 0 1 1
+6 +2 1 1
+3 * 1
+4 * 1 1 0 0 1
+4 * 1 1 0 0 1
+7 * 1 0 0 1 0 0 1 0 0 1
fi=(224)
+6 1120 1 1
+8 * 1 0 1
+4 * 1 1
+8 * 1 0 1
+4 * 1 1
+8 * 1 0 1
+4 * 1 1
+8 * 1 0 1
+4 * 1 1
+8 * 1 0 1 1 0 0 1
+4 * 1 1
+8 * 1 0 1
+7 * 1 1
+8 * 1 0 1
+7 * 1 1
+8 * 1 0 1
+7 * 1 1
+8 * 1 0 1
+7 * 1 1 0 1 0 0 1
+8 * 1 0 1
+7 * 1 1
+5 * 1 0 1
+7 * 1 1
+5 * 1 0 1
+7 * 1 1
+5 * 1 0 1
+7 * 1 1
+5 * 1 0 1
+7 * 1 1 0 1 0 0 1
+5 * 1 0 1
+7 * 1 1
+5 * 1 0 1
fe=(231)
+7 98 1
+5 * 1
+3 * 1
+7 * 1 1 1 0 1 0 0 0 0 0 0 1 1
cob=(2)
cfi=(241) /usr/src/debug/glibc/glibc/string/../sysdeps/x86_64/multiarch/memcmp-avx2-movbe.S
cfn=(816) __memcmp_avx2_movbe
calls=1 0x171860 -25 
* * 47 17 0 3 0 0 3 0 0 9
+6 +1 1
+3 * 1
+5 * 1
+2 * 1 0 1
+3 +1 1 1
+4 * 1 1
+9 * 1 0 0 0 0 0 0 0 0 1
+2 * 1 1
+4 * 1 1
+1 * 1 1

fn=(792) std::ctype<wchar_t>::ctype(unsigned long)
0xe2f70 103 1 0 0 1 0 0 1
+4 * 1 0 1
fi=(222)
+1 437 1
fe=(231)
+2 103 1
+3 * 1
fi=(222)
+4 437 1 0 0 1 0 0 1
+3 * 1
fe=(231)
+3 103 1 0 1
+4 * 1
fi=(222)
+3 437 1 0 1 0 0 1 0 0 1
fe=(231)
+3 105 1 1 0 0 1
+7 * 1
+4 * 1 0 1
+3 * 1 1 1 0 0 0 0 0 0 0 0 1 1
cfi=(215)
cfn=(746)
calls=1 0xcd670 221 
* * 18 6 2 0 0 0 0 0 0 2 0 1
+6 * 1 0 1
+4 +1 1
+3 -1 1 0 1
+4 +1 1 1
+4 * 1 1
+1 * 1 1 0 0 1 0 0 0 0 0 0 1 1
cfi=(232)
cfn=(794)
calls=1 0xfa0a0 282 
* * 18234 5060 2286 34 21 20 34 5 20 3155 95 653 19

fl=(296)
fn=(1130)
0x12f8f0 183 1 0 0 1 0 0 1
+4 * 1 0 1
+1 * 1
+3 * 1
+4 * 1 0 1
+4 * 1 0 0 1 0 0 1
fi=(295)
+3 +96 1
fe=(296)
+4 -96 1 0 1
+4 * 1
+3 * 1 0 1
+4 * 1
fi=(295)
+3 +96 1 1 1 0 0 0 0 0 0 0 0 1 1
cfi=(297)
cfn=(1132) std::__basic_file<char>::is_open() const
calls=1 0xfa290 +25 
* * 4 2
fe=(296)
+6 -92 1
+2 * 1 0 0 0 0 0 0 0 0 1
+6 +2 1
+4 * 1
+5 * 1
+3 * 1
+3 * 1 1 1 0 0 0 0 0 0 0 0 1 1
cfi=(297)
cfn=(1134) std::__basic_file<char>::open(char const*, std::_Ios_Openmode, int)
calls=1 0xfa3f0 +66 
* * 645 139 126 53 7 6 53 5 6 75 22 5 5
fi=(295)
+6 +90 1
+4 * 1 1 1 1 0 0 1 0 0 0 0 1 1
cfi=(297)
cfn=(1132)
calls=1 0xfa290 +25 
* * 4 2
fe=(296)
+6 -89 1
+2 * 1 0 0 0 0 0 0 0 0 1
+6 +2 1
+3 * 1 1 1 0 0 0 0 0 0 0 0 1 1
cfn=(1174) std::basic_filebuf<char, std::char_traits<char> >::_M_allocate_internal_buffer()
calls=1 0x12f070 54 
* * 167 32 19 5 1 1 5 0 1 24 8 3 3
+6 +4 1
fi=(295)
+2 511 1 1
fe=(296)
+8 193 1 0 1
+4 +3 1 0 1
+7 +5 1 1
+4 * 1
+4 * 1 0 1
fi=(246)
+5 571 1
+4 * 1
+4 +1 1 0 1 1 0 0 1
fe=(296)
+8 201 1 0 1
+7 * 1 0 1
fi=(249)
+7 -55 1 0 1
fi=(246)
+4 571 1 0 1
fe=(296)
+4 205 1
+4 * 1 0 0 0 0 0 0 0 0 1 1
+27 +4 1
+3 +4 1 1 0 1 0 0 1
+4 * 1 1
+4 * 1 1
+4 * 1 1
+1 * 1 1

fn=(1118)
0x12ea70 85 1 0 0 1 0 0 1
+4 * 1 0 1
+1 * 1
+3 * 1 0 1
+1 * 1
fi=(246)
+3 475 1
fe=(296)
+4 85 1 0 0 1 0 0 1
fi=(246)
+4 475 1 1
+7 -1 1 0 1
+8 +1 1
+4 * 1
+5 * 1 0 1
+4 * 1
+4 * 1 0 1
+4 * 1 0 1
+4 * 1 1 1 0 0 0 0 0 0 0 0 1 1
cfi=(213)
cfn=(732)
calls=1 0xe7cd0 269 
* * 25 9 5 0 0 0 0 0 0 3
fe=(296)
+6 92 1 1
+7 -6 1
+4 * 1 0 0 1 0 0 1
+4 * 1 0 1
+4 * 1
+4 +6 1
+4 -6 1 0 1
+8 +6 1 0 1
+3 -6 1 0 1
+8 * 1 0 1
+8 * 1 1 1 0 0 0 0 0 0 0 0 1 1
cfi=(297)
cfn=(1120) std::__basic_file<char>::__basic_file(pthread_mutex_t*)
calls=1 0xfa280 207 
* * 4 1 2 1 0 0 1
+6 +4 1
+4 -3 1 0 1
fi=(252) /usr/src/debug/gcc/gcc-build/x86_64-pc-linux-gnu/libstdc++-v3/include/bits/locale_classes.tcc
+8 +32 1 1 0 1 1 0 1
fe=(296)
+7 -32 1 0 1
+11 * 1 0 1
+11 +1 1 0 1
+10 * 1 0 1
+11 * 1 0 1
+11 +1 1 0 1 1 0 0 1
+10 +1 1 0 1
+7 +1 1 0 1
+11 -1 1 0 1
+7 +1 1 0 1
+7 * 1 0 1
fi=(252)
+7 +28 1 1 1 0 0 0 0 0 0 0 0 1 1
cfi=(215)
cfn=(768)
calls=1 0xcdbe0 507 
* * 6 2 0 0 0 0 0 0 0 1 1
+6 * 1
+3 +1 1 1
+4 +11 1 1
fe=(296)
+4 -37 1 1
+4 * 1 0 1 1 0 0 1
+7 +1 1 1
+4 * 1 1
+1 * 1 1

fn=(1174)
0x12f070 54 1 0 0 1 0 0 1
+4 +5 1 1
+7 * 1 0 0 0 0 0 0 0 0 1
+2 * 1 1 0 1 0 0 1
+8 * 1 0 0 0 0 0 0 0 0 1 1
+11 -5 1 0 1
+1 * 1
+3 * 1
+3 * 1
+4 +7 1 1
+7 * 1 0 1
+4 * 1 1 1 0 0 0 0 0 0 0 0 1 1
cfi=(307) /usr/src/debug/gcc/gcc/libstdc++-v3/libsupc++/new_opv.cc
cfn=(1176) operator new[](unsigned long)
calls=1 0xb6f90 -30 
* * 150 25 14 3 1 1 3 0 1 22 7 2 2
+6 * 1 1
+4 * 1 0 1
+7 +1 1 0 1
+7 +2 1 1
+1 * 1 1

fn=(1346)
0x12f530 253 2 0 0 1 0 0 1
+4 * 2 0 2
+1 * 2
+3 * 2
+4 * 2 0 2
+4 * 2 0 0 1 0 0 1
fi=(295)
+3 +26 2
+4 * 2 2 2 0 1 0 0 0 0 0 0 2 1
cfi=(297)
cfn=(1132)
calls=2 0xfa290 +25 
* * 8 4
fe=(296)
+6 -23 2
+2 * 2 0 0 0 0 0 0 0 0 2 1
+6 +24 1
+3 * 1 1 1 0 1 0 0 0 0 0 0 1 1
cfn=(1348) std::basic_filebuf<char, std::char_traits<char> >::_M_terminate_output()
calls=1 0x12f3a0 952 
* * 23 10 4 3 0 0 3 0 0 3 2
+6 * 1 0 1
+4 -10 1
+3 +10 1
+3 -12 1 0 1
+7 +1 1 0 1
+7 +1 1 1 1 0 1 0 0 0 0 0 0 1 1
cfn=(1350) std::basic_filebuf<char, std::char_traits<char> >::_M_destroy_internal_buffer()
calls=1 0x12f0c0 68 
* * 151 41 28 3 13 0 3 0 0 24 5 3 2
+6 +4 1 1
+4 -3 1 0 0 1 0 0 1
+2 +19 1
fi=(295)
+4 511 1 1
fe=(296)
+8 271 1 0 1
fi=(246)
+7 572 1 0 1
+8 * 1
+4 * 1 0 1
+5 -1 1
+4 * 1
fe=(296)
+4 274 1 0 1
+7 * 1 0 1
+7 * 1 0 1
fi=(246)
+4 571 1 0 1 1 0 0 1
fe=(296)
+4 290 1 1 1 0 1 0 0 0 0 0 0 1 1
cfi=(297)
cfn=(1354) std::__basic_file<char>::close()
calls=1 0xfa4a0 +28 
* * 368 110 66 38 17 1 38 0 0 55 21 5 5
+6 +3 1
+4 * 1 0 0 0 0 0 0 0 0 1
+2 * 1
+3 * 1 0 0 0 0 0 0 0 0 1 1
+2 +3 1
+3 * 1 1
+4 +1 1 1
+4 * 1 1
+1 * 1 1
+23 * 1 1
+4 -40 1
+2 +40 1 1
+1 * 1 1

fn=(1218) std::basic_filebuf<char, std::char_traits<char> >::underflow()
0x12e380 327 190 0 0 1 0 0 1
+4 * 190 0 190
+1 * 190
+3 * 190
+4 * 190 190
+9 * 190 0 190
+4 * 190
+2 +5 190 190 0 0 7
+4 * 190 0 0 0 0 0 0 0 0 190
+6 * 190 0 190
+4 * 190
+3 +2 190 190
+7 * 190 0 0 0 0 0 0 0 0 190
fi=(246)
+2 498 190 190
fi=(295)
+4 230 190 190 0 0 7
+7 * 190 0 0 1 0 0 1 0 0 190
fi=(246)
+2 501 190 190
fe=(296)
+4 346 190
+3 * 190 0 0 0 0 0 0 0 0 190 3
+13 482 190 190
+4 * 190 190
+9 * 190 0 0 0 0 0 0 0 0 190
+6 * 190 190
+1 * 190 190
0x12e47e 346 190 0 190 1 0 0 1
+4 +4 190 190
+7 * 190 0 190
+4 * 190
+6 +7 190 190
+7 -7 190
+3 * 190
+4 * 190
fi=(247)
+4 52 190
+3 * 190 0 0 0 0 0 0 0 0 190
fi=(242) /usr/src/debug/gcc/gcc-build/x86_64-pc-linux-gnu/libstdc++-v3/include/bits/codecvt.h
+6 219 190 190 0 0 7
+3 * 190 190 190 0 8 0 0 0 0 0 0 190 1
cfi=(223) /usr/src/debug/gcc/gcc/libstdc++-v3/src/c++98/codecvt.cc
cfn=(1224) std::codecvt<char, char, __mbstate_t>::do_always_noconv() const
calls=190 0xc7dd0 100 
* * 570 190 0 1 0 0 1
fe=(296)
+3 357 190
+2 * 190 0 0 0 0 0 0 0 0 190 3
0x12e6b7 -27 1 0 0 1 0 0 1
+5 * 1 0 0 1 0 0 1
fi=(295)
0x12e74b 509 189 189 0 1 0 0 1
+7 * 189
+2 * 189 189
fi=(246)
+4 +63 189 0 189
fi=(295)
+8 -63 189
fe=(296)
+4 -51 189 0 189
+7 * 189 189
+4 * 189
+5 * 189
fi=(295)
+4 +51 189
+3 * 189 0 189
fi=(246)
+4 +62 189 0 0 1 0 0 1
+4 * 189 0 189
fi=(315)
+4 455 189 189
fi=(246)
+4 571 189 0 189
+4 * 189 189
fi=(315)
+4 455 189 189 0 0 3 0 0 1
+3 * 189
fe=(296)
+58 -96 190 190 0 1 0 0 1
+4 * 190
+4 * 190
+3 * 190 190 190 0 7 0 0 0 0 0 0 190 1
cfi=(297)
cfn=(1226) std::__basic_file<char>::xsgetn(char*, long)
calls=190 0xfa510 -25 
* * 14060 4940 2660 5 54 0 5 0 0 950 3 570 3
+6 * 190
+3 +2 190
+3 * 190 0 0 0 0 0 0 0 0 190 4
+6 +94 189 0 0 0 0 0 0 0 0 189 2
fi=(295)
0x12e8f5 +47 1 1 0 1 0 0 1
+4 * 1 1
fi=(246)
+4 +70 1 0 1 1 0 0 1
fi=(295)
+8 -61 1 1
fe=(296)
+8 -44 1 0 1
+7 * 1
+4 * 1 0 1
fi=(246)
+5 571 1
+4 * 1
+4 * 1 0 1
+4 * 1 0 1
+4 * 1 1
+4 * 1
fe=(296)

fn=(1350)
0x12f0c0 68 1 0 0 1 0 0 1
+4 * 1 0 1
+1 * 1
+3 * 1 0 1
+1 * 1
+3 * 1
+4 +3 1 1
+7 * 1 0 0 0 0 0 0 0 0 1
+2 +2 1 1
+7 * 1
+3 * 1 0 0 0 0 0 0 0 0 1
+2 * 1 1 1 0 1 0 0 0 0 0 0 1 1
cfi=(326) /usr/src/debug/gcc/gcc/libstdc++-v3/libsupc++/del_opv.cc
cfn=(1352) operator delete[](void*)
calls=1 0xb4e10 -39 
* * 127 34 20 1 12 0 1 0 0 21 4 2 1
+6 +1 1 0 1
+11 +1 1 0 1
+7 +2 1 1 0 1 0 0 1
+7 * 1
+3 * 1 0 0 0 0 0 0 0 0 1 1
+8 +1 1 0 1
+11 +2 1
+4 -1 1 0 1
+11 +1 1 0 1
+7 +2 1 1
+4 * 1 1
+1 * 1 1

fn=(1348)
0x12f3a0 952 1 0 0 1 0 0 1
+4 * 1 0 1
+1 * 1
+3 * 1
+7 +5 1 1
+4 -5 1 0 1
+4 * 1
+6 * 1 0 1 1 0 0 1
+4 * 1 1
+9 * 1 0 1
+4 * 1
+3 +5 1 1
+4 * 1 0 0 0 0 0 0 0 0 1 1
+23 +9 1 1
+7 * 1 0 0 0 0 0 0 0 0 1 1
0x12f480 +43 1 1 0 1 0 0 1
+4 * 1 1
+9 * 1 0 0 0 0 0 0 0 0 1
+2 * 1
+3 * 1 1
+4 * 1 1
+4 * 1 1
+1 * 1 1

fl=(326)
fn=(1352)
0xb4e10 34 1 0 0 1 0 0 1
+4 +1 1 1 0 0 1 0 0 0 0 0 0 1 1
cfi=(321) /usr/src/debug/gcc/gcc/libstdc++-v3/libsupc++/del_op.cc
cfn=(1302) operator delete(void*)
calls=1 -52 +13 
* * 125 33 20 0 11 0 0 0 0 21 4 1

fl=(216) /usr/src/debug/gcc/gcc-build/x86_64-pc-linux-gnu/libstdc++-v3/src/c++11/ctype_configure_char.cc
fn=(744) std::ctype<char>::ctype(unsigned short const*, bool, unsigned long)
0xf96b0 121 1 0 0 1 0 0 1
+4 * 1 0 1
fi=(222)
+1 437 1
fe=(216)
+2 121 1
+3 * 1 0 1
+2 * 1
+3 * 1 0 1 1 0 0 1
+2 * 1
+3 * 1 0 1
+1 * 1
+3 * 1
fi=(222)
+4 437 1
+3 * 1
+3 * 1 0 1 0 0 1 0 0 1
fe=(216)
+3 127 1 1 0 0 1
+7 * 1
+4 * 1 0 1
+3 -5 1 1 1 0 1 1 0 0 0 0 0 1 1
cfi=(215)
cfn=(746)
calls=1 0xcd670 +99 
* * 147 39 36 19 5 3 19 2 0 16 9 4 4
+6 +1 1
+3 -1 1 0 1
+4 +1 1
+3 * 1
+3 * 1 0 1
+3 +1 1 1 0 0 1
+4 * 1 0 1 1 0 1 1 0 1
+4 +1 1 1
+4 * 1 0 1
+4 +1 1
+3 * 1 0 0 0 0 0 0 0 0 1 1
+6 * 1 0 1
+4 +3 1
+4 * 1
+2 -2 1 0 1
+4 * 1 0 1
+7 +2 1 0 1 0 0 1 0 0 1
+7 * 1 0 1
+7 * 1 0 1 0 0 1 0 0 1
+7 * 1 0 1 1 0 0 1
+7 * 1
+2 * 1
+3 * 1 0 1
+5 * 1 0 1
+5 * 1 0 1 0 0 1 0 0 1
+5 * 1 0 1
+5 * 1
+5 * 1 0 0 0 0 0 0 0 0 1 1
-30 * 2
+2 * 2
+3 * 2 0 2
+5 * 2 0 2
+5 * 2 0 2 0 0 1 0 0 1
+5 * 2 0 2
+5 * 2
+5 * 2 0 0 0 0 0 0 0 0 2 1
+2 +1 1
+4 * 1
+2 * 1 0 1 0 0 1 0 0 1
+7 * 1 0 1
+7 * 1 0 1
+7 * 1 0 1 1 0 0 1
+7 * 1
+2 * 1
+3 * 1 0 1
+8 * 1 0 1
+8 * 1 0 1 0 0 1 0 0 1
+8 * 1 0 1
+8 * 1
+5 * 1 0 0 0 0 0 0 0 0 1 1
-42 * 2
+2 * 2
+3 * 2 0 2
+8 * 2 0 2
+8 * 2 0 2 0 0 1 0 0 1
+8 * 2 0 2
+8 * 2
+5 * 2 0 0 0 0 0 0 0 0 2 1
+2 +1 1
+4 * 1 1
+1 * 1 1
+2 * 1 1
+2 * 1 1
+1 * 1 1
+5 -5 1 1 0 1 0 0 1
+4 * 1

fn=(1908) std::ctype<char>::do_tolower(char) const
0xf9840 182 3 0 0 2 0 0 1
+4 * 3 3
+4 * 3
+4 * 3 3 0 0 1 0 0 1
+4 * 3 3

fl=(227) /usr/src/debug/gcc/gcc-build/x86_64-pc-linux-gnu/libstdc++-v3/src/c++98/monetary_members.cc
fn=(822) std::__cxx11::moneypunct<wchar_t, false>::_M_initialize_moneypunct(__locale_struct*, char const*)
0xda680 741 1 0 0 1 0 0 1
+4 * 1 0 1
+1 * 1
+3 * 1
+4 * 1 0 1
+4 * 1
+3 * 1 0 1
+4 * 1 1
+9 * 1 0 1
+4 * 1
+3 +1 1 1
+5 * 1 0 0 0 0 0 0 0 0 1
+6 +3 1
+3 * 1 0 0 0 0 0 0 0 0 1 1
0xda8d5 914 1 1
+4 * 1 1
+9 * 1 0 0 0 0 0 0 0 0 1
+6 * 1 1
+4 * 1 1
+4 * 1 1
+1 * 1 1
+7 748 1 1 0 1 0 0 1
+5 +5 1 0 0 1 0 0 1
+7 -5 1
+10 +2 1
+7 -2 1 0 1
+4 +12 1 1
+7 -7 1 0 1
+4 +7 1 1
+2 -5 1 0 1
+4 +2 1 0 1
+4 +3 1 0 1
+3 -10 1 0 1
+4 +1 1 0 1
+8 +1 1 0 1 1 0 0 1
+4 +2 1 0 1
+8 +2 1 0 1
+8 +2 1 0 1
+8 +1 1 0 1
+7 +2 1 1
+5 * 1 0 1
+3 +5 1 1
+7 -1 1 1
+5 +1 1 1
+3 -2 1
+2 * 1
+7 +2 1 1 0 1 0 0 1
+4 * 1 0 1
+4 -2 1
+4 * 1
+4 * 1 0 0 0 0 0 0 0 0 1 1
-16 +2 10 10
+4 * 10 0 10
+4 -2 10
+4 * 10
+4 * 10 0 0 0 0 0 0 0 0 10 6
+2 * 1

fn=(784) std::__cxx11::moneypunct<char, true>::_M_initialize_moneypunct(__locale_struct*, char const*)
0xd93e0 216 1 0 0 1 0 0 1
+4 * 1 0 1
+1 * 1
+3 * 1
+4 * 1 0 1
+4 * 1
+3 * 1 0 1
+4 * 1
+3 +1 1 1
+5 * 1 0 0 1 0 0 1 0 0 1
+6 +3 1
+3 * 1 0 0 0 0 0 0 0 0 1 1
0xd9630 +3 1 1 0 1 0 0 1
+4 +12 1 1
+7 -10 1 0 0 1 0 0 1
+7 -2 1 0 1
+4 +1 1 1
+4 +11 1 1
+2 -11 1 0 1
+4 +1 1 1
+4 * 1 0 1
+4 +1 1 0 1
+8 +1 1 0 1
+4 +1 1 0 1
+4 +1 1 0 1
+8 +1 1 0 1
+4 +1 1 0 1
+8 +1 1 0 1
+4 +1 1 0 1 1 0 0 1
+8 +1 1 0 1
+7 +1 1 0 1
+3 +1 1 1
+4 * 1 0 1
+3 +3 1 1
+7 * 1 1
+3 -1 1
+2 * 1
+5 * 1
+11 * 1
+11 +1 1 1 0 1 0 0 1
+4 * 1 1
+4 * 1 0 1
+4 -1 1
+4 * 1
+4 * 1 0 0 0 0 0 0 0 0 1 1
-20 +1 10 10
+4 * 10 10
+4 * 10 0 10
+4 -1 10
+4 * 10
+4 * 10 0 0 0 0 0 0 0 0 10 6
+2 366 1 1
+4 * 1 1
+4 * 1 1
+1 * 1 1

fn=(782) std::__cxx11::moneypunct<char, false>::_M_initialize_moneypunct(__locale_struct*, char const*)
0xd9920 372 1 0 0 1 0 0 1
+4 * 1 0 1
+1 * 1
+3 * 1
+4 * 1 0 1
+4 * 1
+3 * 1 0 1
+4 * 1
+3 +1 1 1
+5 * 1 0 0 1 0 0 1 0 0 1
+6 +3 1
+3 * 1 0 0 0 0 0 0 0 0 1 1
0xd9b60 +3 1 1 0 1 0 0 1
+4 +12 1 1 0 0 1
+7 -10 1
+7 -2 1 0 1
+4 +1 1 1
+4 +11 1 1 0 0 1 0 0 1
+2 -11 1 0 1
+4 +1 1 1 0 1 0 0 1
+4 * 1 0 1
+4 +1 1 0 1
+8 +1 1 0 1
+4 +1 1 0 1
+4 +1 1 0 1
+8 +1 1 0 1
+4 +1 1 0 1
+8 +1 1 0 1
+4 +1 1 0 1
+8 +1 1 0 1
+7 +1 1 0 1 1 0 0 1
+3 +1 1 1
+4 * 1 0 1
+3 +3 1 1 0 0 1
+7 * 1 1
+3 -1 1
+2 * 1
+11 +1 1 1
+4 * 1 1
+4 * 1 0 1
+4 -1 1
+4 * 1
+4 * 1 0 0 0 0 0 0 0 0 1 1
-20 +1 10 10 0 0 1 0 0 1
+4 * 10 10
+4 * 10 0 10
+4 -1 10
+4 * 10
+4 * 10 0 0 0 0 0 0 0 0 10 6
+2 517 1 1
+4 * 1 1
+4 * 1 1
+1 * 1 1

fn=(824) std::__cxx11::moneypunct<wchar_t, true>::_M_initialize_moneypunct(__locale_struct*, char const*)
0xda060 558 1 0 0 1 0 0 1
+4 * 1 0 1
+1 * 1
+3 * 1
+4 * 1 0 1
+4 * 1
+3 * 1 0 1
+4 * 1 1
+9 * 1 0 1 1 0 0 1
+4 * 1
+3 +1 1 1
+5 * 1 0 0 0 0 0 0 0 0 1
+6 +3 1
+3 * 1 0 0 0 0 0 0 0 0 1 1
0xda2b5 731 1 1 0 1 0 0 1
+4 * 1 1
+9 * 1 0 0 0 0 0 0 0 0 1
+6 * 1 1
+4 * 1 1
+4 * 1 1
+1 * 1 1
+7 565 1 1 0 1 0 0 1
+5 +5 1
+7 -5 1
+10 +2 1
+7 -2 1 0 1
+4 +12 1 1
+7 -7 1 0 1 1 0 0 1
+4 +7 1 1
+2 -5 1 0 1
+4 +2 1 0 1
+4 +3 1 0 1
+3 -10 1 0 1
+4 +1 1 0 1
+8 +1 1 0 1
+4 +2 1 0 1
+8 +2 1 0 1
+8 +2 1 0 1
+8 +1 1 0 1
+7 +2 1 1 0 1 0 0 1
+5 * 1 0 1
+3 +5 1 1
+7 -1 1 1
+5 +1 1 1
+3 -2 1
+2 * 1
+7 +2 1 1
+4 * 1 0 1
+4 -2 1
+4 * 1
+4 * 1 0 0 0 0 0 0 0 0 1
-16 +2 10 10
+4 * 10 0 10
+4 -2 10
+4 * 10
+4 * 10 0 0 0 0 0 0 0 0 10 6
+2 * 1

fl=(252)
fn=(1656) std::ctype<char> const& std::use_facet<std::ctype<char> >(std::locale const&)
0x147620 220 389 0 0 2 0 0 1
+4 * 389 0 389
+1 * 389
+3 * 389 0 389
+1 * 389
+3 * 389
+4 119 389 389 0 0 1
+7 * 389 389 389 0 0 0 0 0 0 0 0 389 1
cfi=(215)
cfn=(768)
calls=389 0xcdbe0 507 
* * 2334 778 0 1 0 0 0 0 0 389 2
+6 * 389
+3 +1 389 389 0 2 0 0 1
+3 +8 389 389
+4 * 389 389
+4 228 389
+3 * 389 0 0 0 0 0 0 0 0 389
+2 +3 389 389
+4 * 389 389
+1 * 389 389

fl=(229)
fn=(788)
0xdb5a0 66 1 0 0 1 0 0 1
+4 * 1 0 1
+1 * 1
+3 * 1 0 1
+2 * 1 0 1
+1 * 1
+3 * 1
+4 * 1 0 1
+4 +1 1 1
+5 * 1 0 0 1 0 0 1 0 0 1
+6 +3 1 1
+5 * 1 0 0 0 0 0 0 0 0 1 1
0xdbab0 192 1 1 0 1 1 0 1
+8 * 1
+7 * 1 1 0 1 0 0 1
+8 * 1
+7 * 1
+5 * 1
+4 * 1
+4 * 1 0 1
+4 * 1 0 1
+4 73 1 1 1 0 0 0 0 0 0 0 0 1
cfi=(215)
cfn=(746)
calls=1 0xcd670 221 
* * 18 6 2 0 0 0 0 0 0 2 0 1
+6 +2 1
+7 * 1 1
+8 * 1 1
+5 -2 1 0 1 1 0 0 1
+4 +2 1 1
+4 * 1
+5 * 1
+7 * 1
+4 * 1
+5 * 1
+7 * 1 0 1
+4 * 1
+5 * 1 1
+8 * 1
+7 * 1
+5 * 1 0 0 1 0 0 1
+7 * 1 0 1
+7 * 1 1 0 0 1
+8 * 1
+4 * 1
+5 * 1
+7 * 1 0 1
+4 * 1
+5 +54 1
+7 -54 1
+4 * 1 0 1
+4 * 1 1 0 1 0 0 1
+8 * 1
+4 * 1
+5 * 1
+7 * 1 0 1
+4 * 1 1
+8 * 1
+4 * 1
+5 * 1
+7 * 1 0 1
+4 * 1 1
+8 * 1
+4 * 1 0 0 1 0 0 1
+5 * 1
+7 * 1 0 1
+4 * 1 1
+8 * 1
+4 * 1
+5 * 1
+7 * 1 0 1
+4 * 1 1
+8 * 1
+4 * 1
+5 * 1 0 0 1 0 0 1
+7 * 1 0 1
+7 * 1 1
+8 * 1
+4 * 1
+5 * 1
+7 * 1 0 1
+7 * 1
+4 * 1 1
+8 * 1 0 1
+7 * 1 1 0 1 0 0 1
+8 * 1
+4 * 1
+5 * 1
+7 * 1 0 1
+7 * 1
+4 * 1 1
+8 * 1
+4 * 1
+5 * 1
+7 * 1 0 1
+7 * 1 1 0 1 0 0 1
+8 * 1
+4 * 1
+5 * 1
+7 * 1 0 1
+7 * 1 1
+8 * 1
+4 * 1
+5 * 1
+7 * 1 0 1
+7 * 1 0 0 1 0 0 1
+5 * 1
+7 * 1 0 1
+7 * 1 1
+5 * 1 1 0 0 1
+8 * 1
+5 * 1
+7 +54 1 0 1
+7 -54 1 0 1
+7 * 1
+4 * 1
+5 * 1 1 0 1 0 0 1
+8 * 1 0 1
+7 * 1 1
+8 * 1
+4 * 1 0 1
+7 * 1
+4 * 1 1
+8 * 1 0 1
+7 * 1 1
+8 * 1 0 0 1 0 0 1
+4 * 1 0 1
+7 * 1
+4 * 1 1
+8 * 1 0 1
+7 * 1
+4 * 1 0 1
+7 192 1
+4 * 1 1
+1 * 1 1
+2 * 1 1
+1 * 1 1

fn=(828)
0xdbe80 222 1 0 0 1 0 0 1
+4 * 1 0 1
+1 * 1
+3 * 1 0 1
+1 * 1
+3 * 1
+4 * 1 0 1
+4 +1 1 1
+5 * 1 0 0 0 0 0 0 0 0 1
+6 +3 1 1
+5 * 1 0 0 0 0 0 0 0 0 1 1
0xdc360 396 1 1 0 1 0 0 1
+8 * 1
+7 * 1 1
+8 * 1
+5 * 1
+4 * 1 0 0 1 0 0 1
+4 * 1 0 1
+4 * 1 0 1
+4 229 1 1 1 0 0 0 0 0 0 0 0 1 1
cfi=(215)
cfn=(746)
calls=1 0xcd670 -8 
* * 18 6 2 0 0 0 0 0 0 2 0 1
+6 +2 1
+7 * 1 1 0 0 1
+8 * 1 1
+5 -2 1 0 1
+4 +2 1 1
+4 * 1
+5 * 1
+7 * 1
+4 * 1 0 0 1 0 0 1
+5 * 1
+7 * 1 0 1
+4 * 1
+5 * 1 1
+8 * 1
+7 * 1
+5 * 1
+7 * 1 0 1
+7 * 1 1 0 0 1
+8 * 1 0 0 1 0 0 1
+4 * 1
+5 * 1
+7 * 1 0 1
+4 +54 1
+7 -54 1 1
+8 * 1
+4 * 1 0 1
+4 * 1 1
+8 * 1
+4 * 1
+5 * 1
+7 * 1 0 1 1 0 0 1
+4 * 1 1
+8 * 1
+4 * 1
+5 * 1
+7 * 1 0 1
+4 * 1 1
+8 * 1
+4 * 1
+5 * 1
+7 * 1 0 1
+4 * 1 1 0 1 0 0 1
+8 * 1
+4 * 1
+5 * 1
+7 * 1 0 1
+4 * 1 1
+8 * 1
+4 * 1
+5 * 1
+7 * 1 0 1
+7 * 1 1
+8 * 1 0 0 1 0 0 1
+4 * 1
+5 * 1
+7 * 1 0 1
+7 * 1
+4 * 1 1
+8 * 1 0 1
+7 * 1
+4 * 1
+5 * 1
+7 * 1 0 1
+7 * 1 1 0 1 0 0 1
+8 * 1
+4 * 1
+5 * 1
+7 * 1 0 1
+7 * 1 1
+8 * 1
+4 * 1
+5 * 1
+7 * 1 0 1
+7 * 1 1 0 1 0 0 1
+8 * 1
+4 * 1
+5 * 1
+7 * 1 0 1
+7 * 1
+5 * 1 1
+8 396 1 1
+4 231 1 1
+5 * 1
+7 +54 1 0 1 1 0 0 1
+7 -54 1
+4 * 1
+5 * 1
+7 * 1 0 1
+7 * 1 1
+8 * 1 0 1
+7 * 1 1 0 0 1
+8 * 1
+4 * 1
+5 * 1
+4 * 1 0 1 1 0 0 1
+7 * 1 1
+8 * 1 0 1
+7 * 1 1
+8 * 1
+4 * 1
+4 * 1 0 1
+7 * 1 1
+8 * 1 0 1
+7 * 1 1
+8 * 1 0 0 1 0 0 1
+4 * 1
+4 * 1 0 1
+7 * 1 0 1
+7 396 1 1
+1 * 1 1

fl=(251) /usr/src/debug/gcc/gcc/libstdc++-v3/src/c++98/ios_locale.cc
fn=(868) std::ios_base::_M_init()
0xcc5a0 39 13 0 0 1 0 0 1
+4 * 13 0 13
+1 * 13
+3 * 13 0 13
+1 * 13
+4 +2 13 13 0 0 1 0 0 1
+8 -2 13 13
+9 * 13 0 13 1 0 0 1
+4 * 13
+3 +4 13 0 13
+7 -2 13 0 13
+4 +3 13
+4 * 13 13 13 0 0 0 0 0 0 0 0 13 1
cfi=(213)
cfn=(732)
calls=13 0xe7cd0 269 
* * 325 117 65 0 0 0 0 0 0 39 4
+6 * 13
+4 * 13
+7 * 13 13 13 0 0 0 0 0 0 0 0 13 1
cfi=(215)
cfn=(870) std::locale::operator=(std::locale const&)
calls=13 0xcd8d0 +76 
* * 182 65 13 2 0 0 2 0 0 26 8
+6 * 13
+4 * 13 13 13 0 0 0 0 0 0 0 0 13 1
cfi=(215)
cfn=(872)
calls=13 0xcd980 +47 
* * 78 39 0 1 0 0 1 0 0 13 4
+6 +1 13 13
+4 * 13 13 0 1 0 0 1
+9 * 13 0 0 0 0 0 0 0 0 13
+2 * 13 13
+4 * 13 13
+1 * 13 13

fl=(257) ???
fn=(908) 0x00000000000b2f20
0xb2e90 0 1 0 0 1 0 0 1
+7 0 1
+7 0 1
+3 0 1
+3 0 1
+4 0 1
+4 0 1
+3 0 1
+3 0 1 0 0 0 0 0 0 0 0 1 1
+22 0 1 1 0 1 0 0 1
+88 0 1 0 0 1 0 0 1
+4 0 1

fl=(307)
fn=(1176)
0xb6f90 31 13 0 0 2 0 0 1
+4 +1 13 13 0 0 3 0 0 0 0 0 0 13 1
cfi=(308) /usr/src/debug/gcc/gcc/libstdc++-v3/libsupc++/new_op.cc
cfn=(1178) operator new(unsigned long)
calls=13 0xb6f20 +11 
* * 3906 758 470 53 33 20 2 0 20 602 39 13 1

fl=(211) /usr/src/debug/gcc/gcc/libstdc++-v3/src/c++98/ios_init.cc
fn=(728) std::ios_base::Init::Init()
0xcbb90 78 1 0 0 1 0 0 1
+4 * 1 0 1
+1 * 1
+3 * 1
fi=(212)
+4 +63 1 1 0 0 1
fe=(211)
+7 -63 1 0 1
fi=(212)
+4 +38 1
+7 +25 1 1
+3 * 1 0 0 0 0 0 0 0 0 1
+2 -25 1 1
+2 +5 1
+3 * 1 0 1
fe=(211)
+2 -41 1
+2 * 1 0 0 0 0 0 0 0 0 1 1
+25 * 1 1 0 1 1 0 1
+7 * 1 0 1
fi=(246)
+4 475 1
+4 * 1
+7 * 1 0 1
+4 * 1
+4 * 1
+4 * 1 0 1
+4 * 1
+5 * 1 0 0 1 0 0 1
+5 * 1 1 0 0 1
+7 * 1 0 1
+4 * 1
+4 * 1 0 1 0 0 1
+7 * 1
+4 * 1 0 1
+4 * 1
+5 * 1 0 1
+4 * 1 1 0 0 1
+7 * 1 0 1
+4 * 1
+4 * 1
+4 * 1 0 1 1 0 1 1
+7 * 1
+5 * 1
+5 * 1 1 0 0 1
+7 -1 1 0 1
+11 * 1
+4 * 1
+4 * 1 0 1
+4 * 1
fe=(211)
+5 83 1
fi=(246)
+7 475 1 0 1 1 0 0 1
fe=(211)
+7 83 1 0 1 0 0 1
+3 +2 1 1 0 0 1
fi=(246)
+7 475 1 0 1
fe=(211)
+4 85 1 1
fi=(246)
+3 475 1 1 1 0 1 0 0 0 0 0 0 1 1
cfi=(213)
cfn=(732)
calls=1 0xe7cd0 269 
* * 35598 10190 3942 277 143 102 277 21 94 6947 305 814 132
+6 * 1 1
fi=(378) /usr/src/debug/gcc/gcc-build/x86_64-pc-linux-gnu/libstdc++-v3/include/ext/stdio_sync_filebuf.h
+5 83 1 1 0 0 1
fi=(246)
+7 475 1
+7 * 1 1
fi=(378)
+5 83 1 0 1
+7 * 1
fe=(211)
+4 +3 1 1 0 1 0 0 1
fi=(246)
+7 475 1 0 1 0 0 1
+7 * 1 0 1
fe=(211)
+7 86 1 1
fi=(246)
+3 475 1 0 1
fi=(378)
+7 83 1 0 1
+7 * 1 0 1
fi=(246)
+10 474 1 0 1
+11 +1 1 1 1 0 0 0 0 0 0 0 0 1 1
cfi=(213)
cfn=(732)
calls=1 0xe7cd0 269 
* * 25 9 5 0 0 0 0 0 0 3 1
+6 * 1 1 0 1 0 0 1
fe=(211)
+5 87 1 1
fi=(378)
+7 -4 1 0 1
fi=(246)
+7 475 1 1
+5 * 1
fi=(378)
+7 83 1 0 1
fe=(211)
+7 +4 1 1
fi=(246)
+3 475 1 0 1 0 0 1
+7 * 1 0 1 0 0 1
+7 * 1 0 1
fi=(378)
+7 83 1 0 1 1 0 0 1
fi=(246)
+10 474 1 0 1
+11 +1 1 1 1 0 0 0 0 0 0 0 0 1 1
cfi=(213)
cfn=(732)
calls=1 0xe7cd0 269 
* * 25 9 5 0 0 0 0 0 0 3
fi=(247)
+6 +3 1 1 0 0 1
fi=(378)
+7 83 1 0 1
+7 * 1 0 1
+7 * 1 0 1
fi=(247)
+10 478 1
+4 * 1 1 1 0 1 0 0 0 0 0 0 1 1
cfi=(248)
cfn=(862)
calls=1 0xe6240 76 
* * 85 11 29 3 0 4 3 0 4 11 2 1 1
+6 * 1 1 0 1 0 0 1
+5 -1 1
fi=(253)
+2 93 1
+4 * 1 1
fi=(247)
+5 477 1 0 1
fi=(253)
+8 93 1
fi=(247)
+7 477 1 0 1
+11 +1 1 0 1
+8 * 1 0 1 0 0 1 0 0 1
fi=(253)
+8 93 1 0 1
+4 * 1 1 1 1 0 0 1 0 0 0 0 1 1
cfi=(250)
cfn=(866)
calls=1 0x138d90 +38 
* * 951 109 73 25 7 0 25 2 0 40 18 10 10
fi=(247)
+6 478 1 1 0 0 1
+7 * 1
+4 * 1 1 1 0 0 0 0 0 0 0 0 1 1
cfi=(248)
cfn=(862)
calls=1 0xe6240 76 
* * 85 11 29 0 0 3 0 0 3 11 6 1
+6 * 1
+4 -1 1
fi=(254)
+2 103 1
+4 -1 1 1 0 0 1
fi=(247)
+7 477 1 0 1
fi=(254)
+8 103 1
fi=(247)
+7 477 1 0 1
fi=(254)
+11 102 1 0 0 1 0 0 1
+4 * 1
+4 * 1 0 1
+8 * 1 0 1
+4 * 1 0 1
fi=(247)
+4 478 1 0 1
+8 * 1 0 1
fi=(254)
+8 103 1 1 1 0 0 0 0 0 0 0 0 1 1
cfi=(250)
cfn=(866)
calls=1 0x138d90 +28 
* * 153 61 34 0 0 0 0 0 0 12 7 8
fi=(247)
+6 478 1 1 0 0 1
+7 * 1
+5 * 1 1 1 0 0 0 0 0 0 0 0 1 1
cfi=(248)
cfn=(862)
calls=1 0xe6240 76 
* * 85 11 29 0 0 1 0 0 0 11 5 1
fi=(253)
+6 93 1 1 0 1 0 0 1
fi=(247)
+5 478 1
+4 -1 1
+2 * 1 0 1
fi=(253)
+9 93 1
+7 * 1
fi=(247)
+5 477 1 0 1
+12 +1 1 0 1
+9 * 1 0 1
fi=(253)
+9 93 1 0 1 1 0 0 1
+5 * 1 1 1 0 0 0 0 0 0 0 0 1 1
cfi=(250)
cfn=(866)
calls=1 0x138d90 +38 
* * 153 61 34 0 0 0 0 0 0 12 0 8
fi=(247)
+6 478 1 1 0 0 1
+7 * 1
+4 * 1 0 1
+4 * 1 1 1 0 0 0 0 0 0 0 0 1 1
cfi=(248)
cfn=(862)
calls=1 0xe6240 76 
* * 85 11 29 0 0 4 0 0 4 11 4 1
fi=(253)
+6 93 1 1
fi=(247)
+5 478 1
+4 -1 1
+2 * 1 0 1
fi=(253)
+11 93 1 1
+4 * 1
fi=(247)
+7 477 1 0 1 1 0 0 1
+8 +1 1 0 1
+8 * 1 0 1 0 0 1
fi=(253)
+8 93 1 0 1
+4 * 1 1 1 0 0 0 0 0 0 0 0 1 1
cfi=(250)
cfn=(866)
calls=1 0x138d90 +38 
* * 153 61 34 0 0 0 0 0 0 12 0 8
fe=(211)
+6 +9 1 1
fi=(246)
+7 475 1 1
+5 * 1
fi=(247)
+4 326 1 0 1
+7 * 1 0 1
fi=(246)
+8 475 1 0 0 1 0 0 1
fe=(211)
+7 102 1 1
fi=(246)
+3 475 1 0 1 0 0 1
fi=(249)
+7 107 1 0 1
fi=(246)
+9 475 1 0 1
+7 * 1 0 1
+7 * 1 0 1
+4 -1 1 0 1
+11 +1 1 1 1 0 0 0 0 0 0 0 0 1 1
cfi=(213)
cfn=(732)
calls=1 0xe7cd0 269 
* * 25 9 5 0 0 0 0 0 0 3
+6 * 1 1
fi=(378)
+5 83 1 1 0 1 0 0 1
+7 * 1 0 1 0 0 1
fi=(246)
+7 475 1 1
+5 * 1
fi=(378)
+7 83 1 0 1
+10 * 1
fe=(211)
+4 +20 1 1
fi=(246)
+7 475 1 0 1 0 0 1
+7 * 1 0 1
fe=(211)
+7 103 1 1
fi=(246)
+3 475 1 0 1 1 0 1 1
fi=(378)
+7 83 1 0 1
fi=(246)
+7 474 1 0 1
+11 +1 1 1 1 0 0 0 0 0 0 0 0 1 1
cfi=(213)
cfn=(732)
calls=1 0xe7cd0 269 
* * 25 9 5 0 0 0 0 0 0 3 1
+6 * 1 1
fe=(211)
+5 104 1 1
fi=(378)
+7 -21 1 0 1
fi=(246)
+7 475 1 1
+5 * 1
fi=(378)
+7 83 1 0 1 1 0 0 1
fe=(211)
+7 +21 1 1
fi=(246)
+3 475 1 0 1 0 0 1
+7 * 1 0 1
+7 * 1 0 1
fi=(378)
+7 83 1 0 1
fi=(246)
+10 474 1 0 1
+11 +1 1 1 1 0 0 0 0 0 0 0 0 1 1
cfi=(213)
cfn=(732)
calls=1 0xe7cd0 269 
* * 25 9 5 0 0 0 0 0 0 3
fi=(247)
+6 +3 1 1 0 0 1
fi=(378)
+7 83 1 0 1 1 0 0 1
+7 * 1 0 1
+7 * 1 0 1
fi=(247)
+10 478 1
+4 * 1 1 1 0 0 0 0 0 0 0 0 1 1
cfi=(248)
cfn=(862)
calls=1 0xe6240 76 
* * 85 11 29 0 0 4 0 0 4 11 1 1
+6 * 1 1
fi=(253)
+5 93 1
+4 * 1 1
fi=(247)
+5 477 1 0 1
fi=(253)
+8 93 1
fi=(247)
+7 477 1 0 1 1 0 0 1
+11 * 1 0 1
+11 +1 1 0 1
+8 * 1 0 1 0 0 1 0 0 1
fi=(253)
+8 93 1 0 1
+4 * 1 1 1 0 0 0 0 0 0 0 0 1 1
cfi=(250)
cfn=(888) std::basic_ios<wchar_t, std::char_traits<wchar_t> >::init(std::basic_streambuf<wchar_t, std::char_traits<wchar_t> >*)
calls=1 0x139a50 +38 
* * 155 63 35 6 1 0 6 0 0 11 0 9 6
fi=(247)
+6 478 1 1 0 0 1
+7 * 1
+4 * 1 1 1 0 0 0 0 0 0 0 0 1 1
cfi=(248)
cfn=(862)
calls=1 0xe6240 76 
* * 85 11 29 0 0 4 0 0 4 11 6 1
fi=(254)
+6 102 1 1 0 1 1 0 1
fi=(247)
+7 478 1
+4 -1 1 0 1
+11 * 1 0 1
fi=(254)
+11 103 1
+7 * 1
+4 -1 1
+4 * 1
fi=(247)
+4 477 1 0 1
fi=(254)
+8 102 1 0 1
+4 * 1 0 1 1 0 0 1
+4 * 1 0 1
fi=(247)
+8 478 1 0 1
+8 * 1 0 1
fi=(254)
+8 103 1 1 1 0 0 0 0 0 0 0 0 1 1
cfi=(250)
cfn=(888)
calls=1 0x139a50 +28 
* * 155 63 35 0 0 0 0 0 0 11 0 9
fi=(247)
+6 478 1 1
+7 * 1
+5 * 1 1 1 0 0 0 0 0 0 0 0 1 1
cfi=(248)
cfn=(862)
calls=1 0xe6240 76 
* * 85 11 29 0 0 4 0 0 0 11 6 1
fi=(253)
+6 93 1 1
fi=(247)
+5 478 1
+4 -1 1 0 1 1 0 1 1
+12 * 1 0 1
fi=(253)
+9 93 1
+7 * 1
fi=(247)
+5 477 1 0 1
+12 +1 1 0 1
+9 * 1 0 1
fi=(253)
+9 93 1 0 1
+5 * 1 1 1 1 0 0 1 0 0 0 0 1 1
cfi=(250)
cfn=(888)
calls=1 0x139a50 +38 
* * 155 63 35 0 0 0 0 0 0 11 0 9
fi=(247)
+6 478 1 1
+7 * 1
+4 * 1 0 1
+4 * 1 1 1 0 0 0 0 0 0 0 0 1 1
cfi=(248)
cfn=(862)
calls=1 0xe6240 76 
* * 85 11 29 0 0 4 0 0 0 11 0 1
fi=(253)
+6 93 1 1
fi=(247)
+5 478 1
+4 -1 1 0 1
+11 * 1 0 1
fi=(253)
+11 93 1 1
+4 * 1 0 0 1 0 0 1
fi=(247)
+7 477 1 0 1
+8 +1 1 0 1
+8 * 1 0 1
fi=(253)
+8 93 1 0 1
+4 * 1 1 1 0 0 0 0 0 0 0 0 1 1
cfi=(250)
cfn=(888)
calls=1 0x139a50 +38 
* * 155 63 35 0 0 0 0 0 0 11 0 9
fi=(212)
+6 +58 1 1
fi=(247)
+7 326 1 0 1
fi=(249)
+7 107 1 0 1
fi=(247)
+9 326 1 0 1 1 0 0 1
fi=(212)
+8 151 1 1
+3 * 1 0 0 0 0 0 0 0 0 1
+2 -19 1 0 1
+3 * 1 1
+4 * 1 1
+4 * 1 1
+4 * 1 1
fe=(211)
+4 -11 1 1
+4 * 1 1
+1 * 1 1

fl=(317)
fn=(1282) std::__cxx11::basic_string<char, std::char_traits<char>, std::allocator<char> >::_M_replace(unsigned long, unsigned long, char const*, unsigned long) [clone .isra.0]
0x161850 426 13 0 0 1 0 0 1
fi=(319) /usr/src/debug/gcc/gcc-build/x86_64-pc-linux-gnu/libstdc++-v3/include/bits/basic_string.tcc
+10 574 13 0 13
+1 * 13
fe=(317)
+3 426 13
fi=(319)
+3 574 13
+3 * 13
fe=(317)
+4 1189 13 13
+4 426 13
+3 * 13
+3 * 13 0 0 0 0 0 0 0 0 13
+6 238 13 13
+3 +18 13
+4 +23 13 0 0 1 0 0 1
+3 * 13 0 0 0 0 0 0 0 0 13
+6 1303 13 13
fi=(319)
+4 581 13
+3 * 13
+3 * 13
+3 +2 13
+3 * 13 0 0 0 0 0 0 0 0 13
+6 * 13 0 13
+4 +4 13
+3 -2 13
+4 +2 13
+3 * 13
fe=(317)
+3 445 13
+3 * 13 0 0 0 0 0 0 0 0 13 1
fi=(319)
+6 602 13
+3 * 13 0 0 0 0 0 0 0 0 13 3
+66 +2 13 0 0 1 0 0 1
+3 * 13 0 0 1 0 0 1 0 0 13
fe=(317)
+2 454 13
+4 * 13 0 0 0 0 0 0 0 0 13 2
+6 * 13 0 13
fi=(315)
+4 -22 13
+3 * 13
+3 * 13
+3 * 13 0 13
+4 * 13 13 13 0 0 0 0 0 0 0 0 13 1
cob=(2)
cfi=(290) /usr/src/debug/glibc/glibc/string/../sysdeps/x86_64/multiarch/memmove-vec-unaligned-erms.S
cfn=(1076) __memcpy_avx_unaligned_erms
calls=13 0x171fc0 255 
* * 1149322 1065265 1065221 11 32265 32767 11 0 32758 1036405 218
+6 * 13 13
+4 * 13 13
+4 * 13 13
+4 -77 13 13 0 0 6
+3 * 13 0 13 0 0 2 0 0 2
fe=(317)
+5 233 13 0 13
fi=(319)
+4 615 13 13
+1 * 13 13
fe=(317)
+28 445 1 0 0 1 0 0 1
+3 * 1
+3 * 1 0 0 0 0 0 0 0 0 1 1

fn=(1418) std::basic_istream<char, std::char_traits<char> >& std::getline<char, std::char_traits<char>, std::allocator<char> >(std::basic_istream<char, std::char_traits<char> >&, std::__cxx11::basic_string<char, std::char_traits<char>, std::allocator<char> >&)
0x1734d0 4462 4 0 0 2 0 0 1
+4 * 4 0 4
+1 * 4
+3 * 4 0 4
+2 * 4 0 4
+1 * 4
+3 * 4
+4 +2 4 4
+3 * 4 4 0 0 1
+4 * 4 4 0 0 1
fi=(247)
+8 52 4
+3 * 4 0 0 0 0 0 0 0 0 4 1
+2 * 4
fi=(224)
+3 884 4 4 0 0 1
+4 * 4 0 0 0 0 0 0 0 0 4
+2 +1 4 4 0 2 0 0 1
fe=(317)
+4 4464 4
+4 * 4
+3 * 4
+3 * 4 4
+1 * 4 4
+2 * 4 4
+1 * 4 4 0 0 1 0 0 0 0 0 0 4 1
cfi=(330) /usr/src/debug/gcc/gcc/libstdc++-v3/src/c++98/istream-string.cc
cfn=(1424) std::basic_istream<char, std::char_traits<char> >& std::getline<char, std::char_traits<char>, std::allocator<char> >(std::basic_istream<char, std::char_traits<char> >&, std::__cxx11::basic_string<char, std::char_traits<char>, std::allocator<char> >&, char)
calls=4 0xd3390 124 
* * 1912 528 357 55 11 1 30 0 0 253 93 15 6

fl=(319)
fn=(1290) std::__cxx11::basic_string<char, std::char_traits<char>, std::allocator<char> >::swap(std::__cxx11::basic_string<char, std::char_traits<char>, std::allocator<char> >&)
0x171410 64 13 0 0 1 0 0 1
+4 * 13 0 13
+1 * 13
+3 * 13
+4 * 13 13 0 0 6
+9 * 13 0 13
+4 * 13
+2 +3 13
+3 * 13 0 0 0 0 0 0 0 0 13
fi=(317)
+2 238 13 13 0 0 6
+3 +18 13
+4 -18 13 13
+3 +18 13
+4 +23 13 0 0 1 0 0 1
+3 * 13 0 0 0 0 0 0 0 0 13 1
fe=(319)
+2 116 12 12
fi=(317)
+4 279 12
+3 * 12 0 0 0 0 0 0 0 0 12 1
+6 -51 12 0 12
fe=(319)
+3 -98 12 12
fi=(317)
+4 +98 12 0 12
+3 +37 12 0 12
+4 * 12 12
+4 * 12 0 12
+4 * 12 12
+4 1189 12
+3 233 12 0 12
+4 * 12 0 12
fe=(319)
+4 -95 12 12
+4 * 12 12
+9 * 12 0 0 0 0 0 0 0 0 12
fi=(317)
-24 1189 1
+3 233 1 0 1
+4 * 1 0 1
fe=(319)
+4 -95 1 1
+4 * 1 1
+9 * 1 0 0 0 0 0 0 0 0 1 1
+6 * 13 13
+1 * 13 13
fi=(317)
+7 281 1 1 0 1 0 0 1
+4 -2 1
+3 * 1 0 0 0 0 0 0 0 0 1
fe=(319)
+6 108 1
+4 -2 1 1
fi=(315)
+4 432 1
+3 * 1 0 0 0 0 0 0 0 0 1
+6 * 1
+3 * 1 0 0 0 0 0 0 0 0 1
+6 * 1
+3 * 1 0 0 0 0 0 0 0 0 1
+6 * 1 0 0 1 0 0 1
+3 * 1 0 0 0 0 0 0 0 0 1
+6 * 1
+3 * 1 0 0 0 0 0 0 0 0 1
+6 * 1
+2 * 1 0 0 0 0 0 0 0 0 1 1
+2 * 1 1
+5 * 1 0 1
+4 * 1
+3 * 1 0 0 0 0 0 0 0 0 1
+6 * 1 1
fi=(317)
+4 228 1 0 1
+3 * 1 0 1
+3 +37 1 0 1
+4 * 1 1
+4 * 1
fe=(319)

fn=(1436) std::__cxx11::basic_string<char, std::char_traits<char>, std::allocator<char> >::_M_append(char const*, unsigned long) [clone .isra.0]
0xd2e80 476 4 0 4 2 0 0 1
+1 * 4
+3 * 4
fi=(317)
+3 258 4
fe=(319)
+4 476 4
+3 * 4
fi=(317)
+4 1189 4 4
+4 238 4 4
+3 +41 4
+3 * 4 0 0 0 0 0 0 0 0 4 2
+2 1303 1 1
fe=(319)
+4 479 1
+4 +2 1
+3 * 1 0 0 0 0 0 0 0 0 1 1
-7 -2 3
+4 +2 3
+3 * 3 0 0 0 0 0 0 0 0 3 1
+2 +2 3
+3 * 3 0 0 0 0 0 0 0 0 3
+2 +1 3
fi=(317)
+3 -30 3
+4 * 3 0 0 0 0 0 0 0 0 3 1
+2 * 3 0 3
fi=(315)
+4 -22 3
+3 * 3 0 3 2 0 0 1
+4 * 3 3 3 0 0 0 0 0 0 0 0 3 1
cob=(2)
cfi=(290)
cfn=(1076)
calls=3 0x171fc0 255 
* * 51 9 6 0 0 0 0 0 0 16 4
fi=(317)
+6 238 3 3
fi=(315)
+4 432 3 3
fi=(317)
+4 238 3 3
fi=(315)
+3 355 3 0 3
fi=(317)
+5 233 3 0 3
fe=(319)
+4 491 3 3
+1 * 3 3
+1 * 1 0 1
+4 -4 1
+3 * 1
+3 * 1
+2 * 1 0 1
+4 * 1 1 1 0 1 0 0 0 0 0 0 1 1
cob=(8) /home/ikea/Projects/dv1674_a2/blur/base/blur
cfi=(289) /usr/include/c++/16.1.1/bits/basic_string.tcc
cfn=(1454) std::__cxx11::basic_string<char, std::char_traits<char>, std::allocator<char> >::_M_mutate(unsigned long, unsigned long, char const*, unsigned long)
calls=1 0xc1b0 -99 
* * 1118 289 215 21 7 1 12 0 0 145 58 3 1
fi=(317)
+6 238 1 1
+4 * 1 1
+4 * 1 1
fi=(315)
+3 355 1 0 1
fi=(317)
+5 233 1 0 1
fe=(319)
+4 491 1 1
+1 * 1 1
fi=(317)
+5 1303 3 0 0 2 0 0 1
+5 * 3
fe=(319)

fl=(321)
fn=(1302)
0xb4de0 48 54 0 0 1 0 0 1
+4 +1 54 54 0 0 8 0 0 0 0 0 0 54 1
cob=(2)
cfi=(195) /usr/src/debug/glibc/glibc/malloc/malloc.c
cfn=(1304) free
calls=54 0xa9080 3319 
* * 3458 909 496 49 80 16 34 1 12 602 67 1 1

fl=(219) /usr/src/debug/gcc/gcc-build/x86_64-pc-linux-gnu/libstdc++-v3/src/c++98/c++locale.cc
fn=(756) std::locale::facet::_S_create_c_locale(__locale_struct*&, char const*, __locale_struct*)
0xdc9f0 134 1 0 0 1 0 0 1
+4 * 1 0 1
+1 * 1
+3 * 1 0 1
+1 * 1
+3 +1 1 0 0 1 0 0 1
+5 -1 1
+4 +1 1 1 1 0 1 0 0 0 0 0 0 1 1
cob=(2)
cfi=(220) /usr/src/debug/glibc/glibc/locale/newlocale.c
cfn=(758) newlocale
calls=1 0x34c40 -92 
* * 39 12 7 5 0 1 5 0 0 6 3
+6 * 1 0 1
+3 +1 1
+3 * 1 0 0 0 0 0 0 0 0 1
+6 +6 1 1
+4 * 1 1
+1 * 1 1

fl=(330)
fn=(1424)
0xd3390 124 4 0 0 2 0 0 1
+4 * 4 0 4
+1 * 4
+3 * 4
+4 * 4 0 4
+4 * 4
+3 * 4 0 4
+4 * 4 0 4
+3 +12 4
+5 * 4 4
+9 * 4 0 4
+4 * 4
+3 * 4 0 0 2 0 0 1
+4 * 4 4 4 0 0 0 0 0 0 0 0 4 2
cfi=(331) /usr/src/debug/gcc/gcc-build/x86_64-pc-linux-gnu/libstdc++-v3/include/bits/istream.tcc
cfn=(1426) std::istream::sentry::sentry(std::istream&, bool)
calls=4 0x13b990 -85 
* * 124 40 28 6 0 0 3 0 0 12 8
+6 +1 4 4
+4 * 4 0 0 0 0 0 0 0 0 4 4
+27 +65 4 4
+4 * 4 4
+9 * 4 0 0 0 0 0 0 0 0 4
+6 * 4 4
+4 * 4 4
+4 * 4 4
+1 * 4 4
fi=(317)
+4 +36 4 4 0 2 0 0 1
fe=(330)
+3 -94 4 4
+4 * 4 0 4
+4 * 4 0 4
+4 * 4 0 4
fi=(315)
+4 355 4 0 4
fe=(330)
+3 144 4 4
fi=(317)
+3 +89 4 0 4
fi=(247)
+8 339 4 4
+4 * 4 4
fi=(246)
+8 498 4 4
+5 350 4 4
+5 * 4 0 0 2 0 0 1 0 0 4
+6 * 4 0 4
fi=(315)
+4 455 4 4 0 0 1
+3 * 4 4
fe=(330)
+4 133 4
fi=(315)
+3 455 4 0 4
fi=(317)
+3 258 4
+4 * 4 0 4
fe=(330)
+4 148 4
+3 * 4 0 0 0 0 0 0 0 0 4
fi=(315)
+6 408 4 4
+4 * 4 0 4
fe=(330)
+3 149 4 4
+3 * 4 0 0 0 0 0 0 0 0 4 1
-3 * 4 4
+3 * 4 0 0 0 0 0 0 0 0 4 4
fi=(246)
+6 498 4 4
fe=(330)
+5 152 4 4 0 2 0 0 1
+5 +1 4
+10 * 4
fi=(317)
+3 1189 4 4
fe=(330)
+4 152 4
fi=(266) /usr/src/debug/gcc/gcc-build/x86_64-pc-linux-gnu/libstdc++-v3/include/bits/stl_algobase.h
+3 +85 4
+3 * 4
fe=(330)
+4 -83 4
+4 * 4 0 0 0 0 0 0 0 0 4
fi=(315)
+6 408 4 0 4
+4 * 4 4
+3 * 4
+3 * 4 0 4
+4 * 4 4 4 0 1 0 0 0 0 0 0 4 1
cob=(2)
cfi=(332) /usr/src/debug/glibc/glibc/string/../sysdeps/x86_64/multiarch/memchr-avx2.S
cfn=(1434) __memchr_avx2
calls=4 0x1715c0 61 
* * 87 9 0 4 1 0 3 0 0 18 6
fe=(330)
+6 160 4 4
+4 * 4 4 0 2 0 0 1
+4 * 4
+3 * 4
+3 * 4
fi=(317)
+3 426 4
fe=(330)
+10 160 4
fi=(317)
+4 426 4
+3 * 4
+3 * 4 0 0 0 0 0 0 0 0 4
+6 1594 4
+3 * 4
+3 * 4
+3 * 4 0 4
cfi=(319)
cfn=(1436)
calls=4 0xd2e80 476 
* * 1289 331 245 27 8 1 15 0 0 175 67 7 3
fi=(246)
+5 809 4 4
fe=(330)
+5 163 4
fi=(246)
+3 809 4
+3 * 4 0 4 2 0 0 1
+5 350 4 4
+5 * 4 0 0 0 0 0 0 0 0 4
fi=(315)
+6 455 4 4
fe=(330)
+3 149 4
+10 * 4
+3 * 4 0 0 0 0 0 0 0 0 4 3
fi=(246)
0xd35d0 498 4 4 0 2 0 0 1
fe=(330)
+5 178 4
fi=(246)
+4 328 4 4
+5 * 4 0 0 0 0 0 0 0 0 4
+6 511 4
+4 * 4 0 4
fe=(330)
+5 197 4
+3 * 4 0 0 0 0 0 0 0 0 4
+6 * 4 4
+4 * 4 4
+4 * 4 4 0 2 0 0 1
+4 * 4 4
+4 * 4

fl=(258) /usr/src/debug/gcc/gcc/libstdc++-v3/src/c++11/compatibility-c++0x.cc
fn=(916) std::error_category::error_category()
0xb41f0 180 2 0 0 1 0 0 1
+4 * 2 2 0 0 1
+7 * 2
+4 * 2 0 2 1 0 0 1
+3 * 2 2

fn=(914) _GLOBAL__sub_I_compatibility_c__0x.cc
0xb2600 260 1 0 0 1 0 0 1
+4 * 1 0 1
+1 -72 1
+7 +30 1 0 1 0 0 1
+11 +42 1
+3 -72 1 1 1 0 0 0 0 0 0 0 0 1 1
cfn=(916)
calls=1 0xb41f0 -8 
* * 5 2 1 2 1 0 2
+6 * 1
+7 +30 1
+7 * 1
+7 * 1
+7 -30 1 0 1 1 0 0 1
+7 +30 1 1 1 0 0 0 0 0 0 0 0 1 1
cob=(2)
cfi=(255) /usr/src/debug/glibc/glibc/stdlib/cxa_atexit.c
cfn=(900) __cxa_atexit
calls=1 0x40950 67 
* * 76 13 15 0 0 1 0 0 1 10 3
+6 -15 1
+7 +16 1 0 1
+11 -16 1 1 1 0 0 0 0 0 0 0 0 1 1
cfn=(916)
calls=1 0xb41f0 -23 
* * 5 2 1
+6 * 1
+7 +57 1 1
+1 -42 1
+7 -15 1 0 1
+7 +15 1
+7 * 1 0 0 1 0 0 1
+7 * 1 1 0 0 0 0 0 0 0 0 0 1 1
cob=(2)
cfi=(255)
cfn=(900)
calls=1 0x40950 67 
* * 76 13 15 0 0 0 0 0 0 10 3

fl=(215)
fn=(754) std::locale::facet::_S_initialize_once()
0xcccb0 208 1 0 0 1 0 0 1
+4 +4 1
+7 * 1 1
+4 * 1 0 0 1 0 0 1 0 0 1 1
+9 +4 1
+7 * 1
+2 * 1 1 0 0 0 0 0 0 0 0 0 1 1
cfi=(219)
cfn=(756)
calls=1 0xdc9f0 -82 
* * 53 16 11 7 1 1 7 0 0 7 3 1 1

fn=(872)
0xcd980 91 27 0 0 3 0 0 1
+4 +2 27
+7 * 27 27
+3 * 27 27 0 0 1
+3 * 27 0 0 0 0 0 0 0 0 27 11
fi=(222)
+26 606 27 27
fe=(215)

fn=(1492) std::locale::locale(std::locale const&)
0xccce0 78 8 0 0 2
+4 +1 8 8
+3 +2 8
+7 -2 8 0 8
+3 +2 8 8
+3 * 8 0 0 0 0 0 0 0 0 8 6
+32 +2 8 8 0 2

fn=(768)
0xcdbe0 507 493 0 0 4 0 0 1
+4 +1 493 493 0 0 9 0 0 7
+3 * 493
+3 * 493 0 0 0 0 0 0 0 0 493 16
fi=(212)
+2 57 48 48
fe=(215)
+7 521 48 48
+3 * 48 0 0 0 0 0 0 0 0 48 2
+2 +22 48
+7 * 48 48 0 1 0 0 1
+2 * 48
+3 * 48 0 48
+2 * 48
+2 * 48 0 48
+3 +2 48
+4 +1 48 48
-4 -1 445 0 0 2
+4 +1 445 445

fn=(742)
0xcd6c0 233 7 0 0 1 0 0 1
+4 * 7
+7 * 7 7

fn=(870)
0xcd8d0 120 17 0 0 3 0 0 1
+4 * 17
+3 +1 17
+7 * 17 17
+3 * 17 17
+3 * 17
+3 * 17 0 0 0 0 0 0 0 0 17 8
+38 +4 17 17
+3 * 17 0 17
+3 +2 17
+3 * 17 17
+17 -4 17 17 0 3 0 0 1
+3 * 17
+3 * 17 0 0 0 0 0 0 0 0 17 7

fn=(746)
0xcd670 221 14 0 0 1 0 0 1
fi=(379) /usr/src/debug/gcc/gcc-build/x86_64-pc-linux-gnu/libstdc++-v3/include/x86_64-pc-linux-gnu/bits/gthr-default.h
+4 746 14
+7 * 14 0 0 1 0 0 1
fe=(215)
+7 221 14 0 14
+1 * 14
fi=(379)
+3 746 14 14 14 0 1 0 0 0 0 0 0 14 2
cob=(2)
cfi=(217) /usr/src/debug/glibc/glibc/nptl/pthread_once.c
cfn=(748) pthread_once@@GLIBC_2.34
calls=14 0x9d960 136 
* * 213 61 34 17 4 3 17 2 0 28 11 3 3
fe=(215)
+6 226 14
+7 * 14 14
+3 * 14
+3 * 14 0 0 0 0 0 0 0 0 14
+2 +3 14 14
+1 * 14 14

fn=(766) std::locale::_Impl::_M_install_facet(std::locale::id const*, std::locale::facet const*)
0xcdc40 325 32 0 0 1 0 0 1
+4 +1 32
+3 * 32 0 0 0 0 0 0 0 0 32
+6 -1 32 0 32
+1 * 32
+3 * 32 0 32
+2 * 32 0 32
+2 * 32 0 32
+2 * 32 0 32
+2 * 32 0 32
+1 * 32
+3 * 32
+3 * 32
+4 * 32 0 32
+4 +3 32 32 32 0 1 0 0 0 0 0 0 32 2
cfn=(768)
calls=32 0xcdbe0 507 
* * 480 160 64 2 8 0 2 7 0 64 2
+6 +3 32 32
+4 -3 32
+3 +3 32
+4 * 32
+3 * 32 0 0 1 0 0 1 0 0 32 9
fi=(212)
0xcdd9f 57 32 32 0 1 0 0 1
+7 +75 32 32
+4 +19 32 32
+4 * 32 0 0 0 0 0 0 0 0 32
+6 -19 32 0 32
fe=(215)
+4 369 32 32
+4 * 32
+4 +1 32 32 0 1 0 0 1
+3 -1 32 0 32
+4 +1 32
+3 * 32 0 0 0 0 0 0 0 0 32 5
0xcdec0 +36 32 32 0 1 0 0 1
+4 * 32 32
+4 * 32 0 32
+3 +15 32 32
+5 * 32 0 0 0 0 0 0 0 0 32
+6 * 32 32
+4 * 32
+3 * 32
+15 * 1536
+4 * 1536 1536
+4 * 1536 0 0 0 0 0 0 0 0 1536 32
+2 +2 1536 1536
+4 +1 1536 0 0 1 0 0 1
+8 * 1536
+3 * 1536 0 0 0 0 0 0 0 0 1536 3
+91 +7 32 0 0 1 0 0 1
+4 * 32 32
+1 * 32 32
+2 * 32 32
+2 * 32 32
+2 * 32 32
+2 * 32 32
+1 * 32 32

fn=(856) std::locale::locale(std::locale::_Impl*)
0xccd20 88 1 0 0 1 0 0 1
+4 * 1 0 1
+3 +1 1 1

fl=(270) /usr/src/debug/gcc/gcc/libstdc++-v3/src/c++98/bitmap_allocator.cc
fn=(952) _GLOBAL__sub_I_bitmap_allocator.cc
0xb2910 127 1 0 0 1 0 0 1
fi=(271) /usr/src/debug/gcc/gcc-build/x86_64-pc-linux-gnu/libstdc++-v3/include/ext/bitmap_allocator.h
+4 1113 1
+7 * 1
+4 * 1 1 0 0 1
+3 * 1 0 0 0 0 0 0 0 0 1
+2 * 1 0 1
+3 106 1
+7 * 1
+2 * 1 0 1 0 0 1
+4 * 1 0 1
+3 1126 1
+7 * 1 1 0 1 0 0 1
+3 * 1 0 0 0 0 0 0 0 0 1 1
+2 +5 1
+7 * 1 1
+3 * 1 0 0 0 0 0 0 0 0 1
+2 * 1 0 1
fi=(380) /usr/src/debug/gcc/gcc-build/x86_64-pc-linux-gnu/libstdc++-v3/include/ext/concurrence.h
+3 134 1
+7 * 1
+2 * 1 0 1 0 0 1
+3 * 1 0 1
+4 * 1 0 1
+4 * 1 0 1
fi=(271)
+4 1113 1
+7 * 1 1
+3 * 1 0 0 0 0 0 0 0 0 1
+2 * 1 0 1
+3 106 1
+7 * 1
+2 * 1 0 1 0 0 1
+4 * 1 0 1
+3 1126 1
+7 * 1 1
+3 * 1 0 0 0 0 0 0 0 0 1 1
+2 +5 1
+7 * 1 1
+3 * 1 0 0 0 0 0 0 0 0 1
+2 * 1 0 1
fi=(380)
+3 134 1
+7 * 1
+2 * 1 0 1 0 0 1
+3 * 1 0 1
+4 * 1 0 1
+4 * 1 0 1
fe=(270)
+4 -7 1 1
fi=(271)
+1 1126 1 0 1 1 0 0 1
+3 412 1 1 0 1 1 0 1
+8 * 1
+7 +9 1 0 1
+8 -9 1 0 1
+3 * 1
+5 1126 1 0 1
+3 412 1 1
+8 * 1
+7 +9 1 0 1
+8 -9 1 0 1
+3 * 1
fe=(270)

fl=(261) /usr/src/debug/gcc/gcc/libstdc++-v3/src/c++11/future.cc
fn=(922) std::future_category()
0xe5820 89 1 0 0 1 0 0 1
+4 * 1
+7 * 1 1

fl=(250)
fn=(888)
0x139a50 131 4 0 0 1 0 0 1
+4 * 4 0 4
+1 * 4
+3 * 4 0 4
+2 * 4
+3 * 4 0 4
+1 * 4
+3 +3 4 4 4 0 0 0 0 0 0 0 0 4 1
cfi=(251)
cfn=(868)
calls=4 0xcc5a0 -95 
* * 276 108 56 0 0 0 0 0 0 28 0 12
+6 +3 4
+3 * 4
+7 * 4 4 4 0 0 0 0 0 0 0 0 4 1
cfn=(890) std::basic_ios<wchar_t, std::char_traits<wchar_t> >::_M_cache_locale(std::locale const&)
calls=4 0x1395c0 +32 
* * 200 100 36 2 0 0 2 0 0 12 0 12 3
+6 +16 4 4
+7 * 4
+2 * 4 0 0 1 0 0 1
+3 * 4 0 0 0 0 0 0 0 0 4
fi=(224)
+2 299 4 4
+3 * 4
+5 * 4 4 4 0 1 0 0 0 0 0 0 4 1
cfi=(232)
cfn=(896)
calls=4 0xf9ed0 -94 
* * 16 8 0 1 0 0 1
fe=(250)
+3 155 4 0 4
+6 +1 4
+5 * 4 0 4
+6 +8 4
+2 * 4
+3 * 4
+3 -2 4 0 4
+7 -1 4 0 4
+11 +2 4 0 4 1 0 0 1
+7 +1 4 0 4
+3 +1 4 4
+1 * 4 4
+2 * 4 4
+1 * 4 4

fn=(866)
0x138d90 131 9 0 0 1 0 0 1
+4 * 9 0 9
+1 * 9
+3 * 9 0 9
+2 * 9
+3 * 9 0 9
+1 * 9
+3 * 9
+4 +3 9 9 9 0 1 0 0 0 0 0 0 9 1
cfi=(251)
cfn=(868)
calls=9 0xcc5a0 -95 
* * 621 243 126 6 1 0 6 1 0 63 16 27 3
+6 +3 9
+3 * 9
+7 * 9 9 9 0 0 0 0 0 0 0 0 9 1
cfn=(876) std::basic_ios<char, std::char_traits<char> >::_M_cache_locale(std::locale const&)
calls=9 0x138c10 +32 
* * 450 225 81 3 0 0 3 0 0 27 6 27 3
+6 +16 9 9 0 1 0 0 1
+7 * 9
+2 * 9
+3 * 9 0 0 0 0 0 0 0 0 9
fi=(224)
+2 884 9 9
+4 * 9 0 0 0 0 0 0 0 0 9 1
+2 +1 8 8
fe=(250)
+4 155 8 0 8
+6 * 8
+5 +1 8 0 8
+6 +8 8
+2 * 8
+3 * 8
+3 -2 8 0 8
+7 -1 8 0 8
+11 +2 8 0 8
+7 +1 8 0 8
+3 +1 8
+4 * 8 8
+1 * 8 8
+2 * 8 8
+1 * 8 8
-61 -10 1 0 1
+6 * 1
+5 +1 1 0 1
+6 +8 1
+2 * 1
+3 * 1
+3 -2 1 0 1
+7 -1 1 0 1
+11 +2 1 0 1
+7 +1 1 0 1
+3 +1 1
+4 * 1 1
+1 * 1 1
+2 * 1 1
+1 * 1 1
fi=(224)
+8 886 1 0 1 1 0 0 1
+4 * 1 1 1 0 1 0 0 0 0 0 0 1 1
cfi=(231)
cfn=(882)
calls=1 0xe2cc0 90 
* * 791 44 37 13 4 0 13 1 0 27 9 1 1
+6 +1 1 1
+4 * 1 1
+3 * 1 1
+4 * 1 1
+7 * 1
+5 * 1 0 0 0 0 0 0 0 0 1 1
fe=(250)

fn=(876)
0x138c10 169 9 0 0 1 0 0 1
+4 * 9 0 9
+1 * 9
+3 * 9 0 9
+2 * 9
+3 * 9 0 9
+1 * 9
fi=(252)
+3 -50 9 9
+7 * 9 9 9 0 0 0 0 0 0 0 0 9 1
cfi=(215)
cfn=(768)
calls=9 0xcdbe0 507 
* * 54 18 0 0 0 0 0 0 0 9 2
+6 * 9 9
+7 * 9
+3 +1 9 9
+4 +8 9 9
fe=(250)
+4 +43 9 9 0 1 0 0 1
+4 * 9 0 9
fi=(252)
+7 -52 9 9 9 0 0 0 0 0 0 0 0 9 1
cfi=(215)
cfn=(768)
calls=9 0xcdbe0 507 
* * 54 18 0 0 0 0 0 0 0 9 2
+6 * 9 9
+7 * 9
+3 +1 9 9
+4 +10 9 9
fe=(250)
+4 +42 9 9
+4 * 9 0 9
fi=(252)
+7 -53 9 9 9 0 0 0 0 0 0 0 0 9 1
cfi=(215)
cfn=(768)
calls=9 0xcdbe0 507 
* * 54 18 0 0 0 0 0 0 0 9 2
+6 * 9
+3 +1 9 9
+4 +9 9 9
fe=(250)
+4 +44 9 9 0 1 0 0 1
+4 * 9 0 9
+7 +1 9 9
+1 * 9 9
+2 * 9 9
+1 * 9 9

fn=(1180)
0x1388f0 46 2 0 0 2 0 0 1
fi=(249)
+4 198 2
+2 * 2
+3 * 2 2 0 2 0 0 1
+8 * 2
+3 * 2 0 2
fe=(250)
+3 52 2 2
+3 * 2 0 0 0 0 0 0 0 0 2
+2 * 2 2

fn=(890)
0x1395c0 169 4 0 0 1 0 0 1
+4 * 4 0 4
+1 * 4
+3 * 4 0 4
+2 * 4
+3 * 4 0 4
+1 * 4
fi=(252)
+3 -50 4 4
+7 * 4 4 4 0 0 0 0 0 0 0 0 4 1
cfi=(215)
cfn=(768)
calls=4 0xcdbe0 507 
* * 24 8 0 0 0 0 0 0 0 4
+6 * 4 4
+7 * 4
+3 +1 4 4
+4 +23 4 4
fe=(250)
+4 +28 4 4
+4 * 4 0 4
fi=(252)
+7 -52 4 4 4 1 0 0 1 0 0 0 0 4 1
cfi=(215)
cfn=(768)
calls=4 0xcdbe0 507 
* * 24 8 0 0 0 0 0 0 0 4
+6 * 4 4
+7 * 4
+3 +1 4 4
+4 +25 4 4
fe=(250)
+4 +27 4 4
+4 * 4 0 4
fi=(252)
+7 -53 4 4 4 0 0 0 0 0 0 0 0 4 1
cfi=(215)
cfn=(768)
calls=4 0xcdbe0 507 
* * 24 8 0 0 0 0 0 0 0 4
+6 * 4
+3 +1 4 4
+4 +24 4 4
fe=(250)
+4 +29 4 4
+4 * 4 0 4
+7 +1 4 4
+1 * 4 4
+2 * 4 4
+1 * 4 4

fl=(308)
fn=(1178)
0xb6f20 43 67 0 0 4 0 0 1
+4 * 67 0 67
+1 +4 67
+5 -4 67
+3 * 67 0 67 0 0 7 0 0 1
+1 * 67
+4 +4 67
+3 * 67
+4 * 67
+3 +3 67
+3 * 67 67 67 2 9 0 1 0 0 0 0 67 1
cob=(2)
cfi=(195)
cfn=(936) malloc
calls=67 0xa8b30 3283 
* * 11482 2065 1352 166 110 68 32 1 32 2022 277 1 1
+6 * 67
+3 * 67 0 0 0 0 0 0 0 0 67 1
+2 +9 67 67
+4 * 67 67
+1 * 67 67

fl=(223)
fn=(774) std::codecvt<char, char, __mbstate_t>::codecvt(unsigned long)
0xc7f50 38 1 0 0 1 0 0 1
+4 * 1 0 1
fi=(222)
+1 437 1
fe=(223)
+2 38 1
+3 * 1
fi=(222)
+4 437 1
+3 * 1
fe=(223)
+3 38 1 0 1
+4 * 1
fi=(222)
+3 437 1 0 1 0 0 1 0 0 1
fe=(223)
+3 41 1 1 0 0 1
+7 * 1
+4 * 1 0 1
+3 * 1 1 1 1 0 0 1 0 0 0 0 1 1
cfi=(215)
cfn=(746)
calls=1 0xcd670 221 
* * 18 6 2 0 0 0 0 0 0 2 0 1
+6 * 1 0 1
+4 +1 1 1
+4 * 1 1
+1 * 1 1

fn=(818) std::codecvt<wchar_t, char, __mbstate_t>::codecvt(unsigned long)
0xc7ff0 118 1 0 0 1 0 0 1
+4 * 1 0 1
fi=(222)
+1 437 1
fe=(223)
+2 118 1
+3 * 1
fi=(222)
+4 437 1 0 0 1 0 0 1
+3 * 1
fe=(223)
+3 118 1 0 1
+4 * 1
fi=(222)
+3 437 1 0 1 0 0 1 0 0 1
fe=(223)
+3 121 1 1
+7 * 1
+4 * 1 0 1
+3 * 1 1 1 0 0 0 0 0 0 0 0 1 1
cfi=(215)
cfn=(746)
calls=1 0xcd670 221 
* * 18 6 2 0 0 0 0 0 0 2 0 1
+6 * 1 0 1 0 0 1 0 0 1
+4 +1 1 1
+4 * 1 1
+1 * 1 1

fn=(1224)
0xc7dd0 100 190 0 0 1 0 0 1
+4 * 190
+5 * 190 190

fl=(314) /usr/src/debug/gcc/gcc-build/x86_64-pc-linux-gnu/libstdc++-v3/include/bits/streambuf.tcc
fn=(2868) std::basic_streambuf<char, std::char_traits<char> >::xsgetn(char*, long)
0x16db30 50 1547364 0 0 1 0 0 1
+4 * 1547364 0 1547364
+1 * 1547364
+3 * 1547364
+4 * 1547364 0 1547364
+4 +4 1547364 0 0 1 0 0 1
+3 * 1547364 0 0 0 0 0 0 0 0 1547364
+6 * 1547364 0 1547364
+4 * 1547364
+3 -1 1547364
+3 * 1547364 0 1547364
+4 * 1547364 0 1547364
+4 * 1547364
+3 * 1547364 0 1547364
+4 * 1547364
+3 * 1547364
fi=(246)
+11 498 1547364 1547364
fe=(314)
+4 57 1547364 1547364
+4 * 1547364
+3 * 1547364
+3 * 1547364 0 0 0 0 0 0 0 0 1547364 5
+2 +12 1 1
+3 * 1 1
+4 * 1 1 0 0 1
+7 * 1 0 0 0 0 0 0 0 0 1
fi=(246)
+2 717 1 1
+4 * 1 1 0 0 1
+7 * 1 0 0 0 0 0 0 0 0 1 1
+6 * 1547364 1547364 0 1 0 0 1
+4 * 1547364 1547364
+4 * 1547364 1547364
+4 * 1547364 1547364
fe=(314)
+4 80 1547364
+3 * 1547364 1547364
+4 * 1547364 1547364
+1 * 1547364 1547364
+7 -21 1547363 0 0 1 0 0 1
fi=(315)
+3 432 1547363
fe=(314)
+3 59 1547363
fi=(266)
+3 237 1547363
+3 * 1547363
fe=(314)
+4 62 1547363
fi=(315)
+3 432 1547363
+3 * 1547363 1547363 1547363 0 0 0 0 0 0 0 0 1547363 1
cob=(2)
cfi=(290)
cfn=(1076)
calls=1547363 0x171fc0 255 
* * 24757808 3094726 1547363 0 24177 24177 0 0 20110 9284178 6
fi=(246)
+6 809 1547363 0 1547363
fe=(314)
+4 67 1547363
+3 * 1547363 0 0 0 0 0 0 0 0 1547363 2
+45 +6 1
fi=(315)
+4 355 1 0 1
fe=(314)
+4 72 1
+4 -18 1
+3 * 1 0 0 0 0 0 0 0 0 1
+6 * 1
fi=(246)
+11 717 1 0 0 1 0 0 1
+3 * 1 0 1 0 0 0 0 0 0 0 0 1 1
cfi=(316) /usr/src/debug/gcc/gcc-build/x86_64-pc-linux-gnu/libstdc++-v3/include/bits/sstream.tcc
cfn=(2878) std::__cxx11::basic_stringbuf<char, std::char_traits<char>, std::allocator<char> >::underflow()
calls=1 0x161a80 153 
* * 19 6 1 1 1 0 1 0 0 5 1
+2 +2 1
+3 * 1 0 0 0 0 0 0 0 0 1
+6 498 1 1 0 1 0 0 1
fi=(315)
+4 -43 1 1
fi=(246)
+3 +56 1
+4 * 1 0 1
+4 * 1
fe=(314)

fn=(1238) std::basic_streambuf<char, std::char_traits<char> >::xsputn(char const*, long)
0x16d8c0 84 189 0 0 1 0 0 1
+4 * 189 0 189
+1 * 189
+3 * 189
+4 * 189 0 189
+4 +4 189
+3 * 189 0 0 0 0 0 0 0 0 189
+6 * 189 0 189
+4 -1 189
+2 * 189 0 189
+4 * 189
+3 * 189 0 189
+4 * 189
+3 * 189 0 189
+4 * 189
+3 * 189
+1 * 189
fi=(246)
+11 546 189 189 0 1 0 0 1
fe=(314)
+5 91 189 189
+5 * 189
+3 * 189 0 0 0 0 0 0 0 0 189 2
fi=(246)
-13 546 14 14
fe=(314)
+5 91 14 14
+5 * 14
+3 * 14 0 0 0 0 0 0 0 0 14 8
+2 +12 14 14
+4 * 14 14 0 0 7
fi=(315)
+4 455 14 14 0 0 6
+7 * 14 0 0 0 0 0 0 0 0 14 14
+2 * 189 189 0 0 7
+4 * 189 189
+4 * 189 189
+4 * 189 189
fe=(314)
+4 114 189
+3 * 189 189
+4 * 189 189
+1 * 189 189
+8 -21 202
fi=(315)
+3 432 202
fe=(314)
+3 93 202
fi=(266)
+3 237 202
+3 * 202
fe=(314)
+4 96 202
fi=(315)
+3 432 202
+3 * 202 202 202 0 6 0 0 0 0 0 0 202 1
cob=(2)
cfi=(290)
cfn=(1076)
calls=202 0x171fc0 255 
* * 150807 49161 48572 7 946 24090 7 123 24089 13281 234
fi=(246)
+6 812 202 0 202
fe=(314)
+5 101 202
+3 * 202 0 0 0 0 0 0 0 0 202 3
+2 -4 13
+3 * 13
fi=(315)
+7 455 14 14 0 1 4 0 1 4
fe=(314)
+5 103 14
+3 * 14 0 14 0 0 0 0 0 0 0 0 14 1
cfi=(316)
cfn=(1242) std::__cxx11::basic_stringbuf<char, std::char_traits<char>, std::allocator<char> >::overflow(int)
calls=14 0x163620 -20 
* * 1164597 1069708 1068374 115 32482 32862 106 3 32787 1037920 461 122 23
+2 +1 14
+3 * 14 0 0 0 0 0 0 0 0 14 1
+2 +2 14 0 0 1 0 0 1
+4 +1 14
+4 -19 14
+3 * 14 0 0 0 0 0 0 0 0 14 7

fl=(310) /usr/src/debug/gcc/gcc/libstdc++-v3/src/c++98/streambuf.cc
fn=(1214) long std::__copy_streambufs_eof<char, std::char_traits<char> >(std::basic_streambuf<char, std::char_traits<char> >*, std::basic_streambuf<char, std::char_traits<char> >*, bool&)
0xd3bd0 39 1 0 0 1 0 0 1
+4 * 1 0 1
+1 * 1
+3 * 1 0 1
+2 * 1
+3 * 1 0 1
+2 * 1
+3 * 1 0 1
+2 * 1
+3 * 1 0 1
+2 * 1 0 1
+1 * 1
fi=(246)
+4 498 1 1
+4 +3 1 1
fe=(310)
+4 42 1 0 1
fi=(246)
+3 350 1
+3 * 1 0 0 1 0 0 1 0 0 1 1
fe=(310)
+9 41 1
+3 * 1
fi=(246)
+8 460 189 189
+3 * 189
+3 * 189
+3 * 189 189 189 0 8 0 0 0 0 0 0 189 1
cfi=(314)
cfn=(1238)
calls=189 0x16d8c0 84 
* * 1323371 1120856 1118498 126 33458 56952 117 130 56876 1051837 730 338 25
+3 809 189 0 189 0 0 7
fe=(310)
+4 51 189
+3 +1 189
+3 * 189 0 0 0 0 0 0 0 0 189
fi=(246)
+2 353 189 189
+3 * 189
+3 * 189 189 189 0 7 0 0 0 0 0 0 189 9
cfi=(296)
cfn=(1218)
calls=189 0x12e380 -26 
* * 26645 9259 4914 4 89 0 4 0 0 2645 9 945
fe=(310)
+3 44 189
+3 * 189 0 0 0 0 0 0 0 0 189 1
+2 * 188 188
fi=(246)
+4 498 188 188
fe=(310)
+4 46 188
+3 +1 188
+4 * 188 0 0 0 0 0 0 0 0 188 1
-7 -1 1 0 0 1 0 0 1
+3 +1 1
+4 * 1 0 0 0 0 0 0 0 0 1 1
+81 +25 1 0 0 1 0 0 1
+4 * 1
+3 * 1 1
+1 * 1 1 0 0 1
+2 * 1 1
+2 * 1 1
+2 * 1 1
+2 * 1 1
+1 * 1 1
fi=(246)
+41 353 1 1 0 1 0 0 1
fe=(310)
+3 41 1
fi=(246)
+3 353 1 1 1 0 1 0 0 0 0 0 0 1 1
cfi=(296)
cfn=(1218)
calls=1 0x12e380 -26 
* * 141 49 26 12 4 0 12 1 0 14 6 5 5
fe=(310)
+3 44 1
+3 * 1 0 0 0 0 0 0 0 0 1
fi=(246)
+2 501 1 1
+4 -3 1 1
+4 * 1
fe=(310)

fl=(316)
fn=(1242)
0x163620 83 14 0 0 1 0 0 1
+4 * 14 0 14
+1 * 14
+3 * 14
+4 * 14 14
+9 * 14 0 14
+4 * 14
+2 +4 14 14
+4 * 14 0 0 1 0 0 1 0 0 14 2
+6 * 14 0 14
+4 * 14
+3 +4 14
+3 * 14 0 0 0 0 0 0 0 0 14 3
fi=(317)
+6 238 14 14
+4 +18 14
+4 * 14 0 14
+4 * 14
+3 +23 14
+3 * 14 0 0 0 0 0 0 0 0 14 5
+6 1303 12 12
fi=(246)
+4 549 12 12
+4 -6 12 12
+4 +3 12 12
fe=(316)
+4 97 12
+3 * 12
+3 * 12
+3 * 12 0 0 0 0 0 0 0 0 12 4
fi=(246)
-21 549 2 2
+4 -6 2 2
+4 +3 2 2
fe=(316)
+4 97 2
+3 * 2 0 0 1 0 0 1
+3 * 2
+3 * 2 0 0 0 0 0 0 0 0 2 1
+2 +19 13
+3 * 13 0 0 0 0 0 0 0 0 13 5
fi=(246)
+9 559 13 0 13
fe=(316)
+5 110 13
+3 * 13 13 0 0 6
+4 * 13 13
+4 +39 13 13
+4 * 13 13
+9 * 13 0 0 0 0 0 0 0 0 13
-24 -39 1
+3 * 1 1
+4 * 1 1
+4 +39 1 1
+4 * 1 1
+9 * 1 0 0 0 0 0 0 0 0 1
+6 * 14 14
+1 * 14 14
+8 -48 1 0 0 1 0 0 1
+3 * 1 0 1
+4 * 1
+4 * 1
+3 * 1
+3 * 1 1 1 0 1 0 0 0 0 0 0 1 1
cfn=(1248) std::__cxx11::basic_stringbuf<char, std::char_traits<char>, std::allocator<char> >::_M_pbump(char*, char*, long)
calls=1 0x162f40 280 
* * 11 1 3 2 0 0 2 0 0 1 1
+6 +1 1 1
+4 * 1 0 0 0 0 0 0 0 0 1
fi=(246)
+2 491 1 1
fe=(316)
+4 105 1 1
+4 +1 1 1
+4 -1 1
+3 +1 1
+5 -2 1 1
fi=(246)
+4 525 1 0 1
+4 +2 1 0 1
fe=(316)
+4 104 1
+3 +2 1
fi=(246)
+3 526 1 0 1
+4 +20 1 1
fi=(315)
+4 -97 1 0 1
fi=(246)
+3 559 1 0 1
fe=(316)
+5 110 1
fi=(317)
+5 1303 2 0 0 1 0 0 1
+5 * 2
fe=(316)
+51 116 13 0 0 1 0 0 1
+10 * 13
+3 * 13 0 0 0 0 0 0 0 0 13 2
fi=(317)
+2 +88 13
fe=(316)
+4 -71 13
fi=(315)
+3 355 13 0 13
fe=(316)
+4 137 13
fi=(317)
+4 +67 13 0 13
fi=(266)
+4 +57 13
+5 * 13
fi=(317)
+3 -28 13 0 13 1 0 0 1
fi=(266)
+8 +28 13
+4 -24 13
+10 * 13
+3 * 13
fe=(316)
+4 137 13 13 13 0 6 0 0 0 0 0 0 13 1
cob=(8)
cfi=(289)
cfn=(1252) std::__cxx11::basic_string<char, std::char_traits<char>, std::allocator<char> >::reserve(unsigned long)
calls=13 0xb0ea 367 
* * 10566 3186 2363 44 80 77 37 2 15 842 149 31 6
fi=(246)
+6 543 13 13
fi=(317)
+4 1189 13 13
fe=(316)
+4 138 13
+3 * 13 0 0 0 0 0 0 0 0 13
fi=(317)
+2 1854 13 13
+4 * 13
+3 * 13
+2 * 13
+4 * 13
+3 * 13 0 13
cfn=(1282)
calls=13 0x161850 426 
* * 1149936 1065395 1065312 16 32271 32769 16 0 32760 1036497 225 13 1
+5 1189 13 13 0 1 0 0 1
+4 238 13 13
+4 1303 13
+4 1751 13
+4 1303 13
+3 * 13
+5 * 13 13
+5 1751 13
+3 * 13 0 0 0 0 0 0 0 0 13
fi=(315)
+2 449 13 0 13
+4 -94 13 13
fe=(316)
+4 141 13
+4 * 13
fi=(315)
+4 355 13 0 13
fi=(317)
+5 233 13 0 13
fe=(316)
+4 -92 13 13 13 0 6 0 0 0 0 0 0 13 1
cfi=(319)
cfn=(1290)
calls=13 0x171410 -77 
* * 446 144 104 4 12 0 4 0 0 59 4
+6 +2 13 13 0 1 0 0 1
+4 * 13 13 0 0 6
+4 -1 13
+3 * 13 13
+4 +1 13 13
+4 * 13 13
+4 -1 13 13 13 0 7 0 0 0 0 0 0 13 1
cfn=(1296) std::__cxx11::basic_stringbuf<char, std::char_traits<char>, std::allocator<char> >::_M_sync(char*, unsigned long, unsigned long)
calls=13 0x163320 249 
* * 455 78 78 3 6 0 3 0 0 65 5 13 1
fi=(317)
+6 +96 13 13
+4 +41 13
+4 * 13
+3 * 13 0 0 0 0 0 0 0 0 13 1
fi=(320) /usr/src/debug/gcc/gcc-build/x86_64-pc-linux-gnu/libstdc++-v3/include/bits/new_allocator.h
+6 -96 12 12 12 0 6 0 0 0 0 0 0 12 9
cfi=(321)
cfn=(1302)
calls=12 0xb4de0 48 
* * 1916 497 296 37 75 16 35 1 12 320 54 13 2
+6 -79 12
fe=(316)

fn=(2878)
0x161a80 153 1 0 0 1 0 0 1
+4 +5 1 1 0 0 1
+4 * 1 0 0 0 0 0 0 0 0 1
fi=(246)
+2 546 1 1
+4 -45 1 1
fi=(285)
+4 -27 1
+3 * 1 0 0 0 0 0 0 0 0 1
+2 +3 1
+3 * 1 0 0 0 0 0 0 0 0 1
+2 * 1
+3 * 1 0 0 0 0 0 0 0 0 1 1
fi=(246)
+2 +21 1 1
fe=(316)
+4 163 1
+3 * 1 0 0 0 0 0 0 0 0 1
fi=(315)
+2 455 1 1
fe=(316)
+3 167 1 1
fi=(246)
+3 527 1 0 1
+4 * 1
+3 * 1
fe=(316)

fn=(1248)
0x162f40 280 14 0 0 1 0 0 1
fi=(246)
+4 571 14 0 14
fe=(316)
+4 280 14
fi=(246)
+3 572 14 0 14
fe=(316)
+4 284 14
+7 * 14 0 0 0 0 0 0 0 0 14 3
0x162ff0 * 14 0 0 1 0 0 1
fi=(246)
+3 559 14
+2 * 14
+3 * 14 0 14
fe=(316)
+4 290 14 14

fn=(1296)
0x163320 249 13 0 0 1 0 0 1
fi=(317)
+4 -11 13 13
fe=(316)
+4 +11 13
fi=(317)
+3 +7 13
+4 1189 13 13
+4 279 13
+3 * 13 0 0 0 0 0 0 0 0 13 1
+6 1303 13 13
fe=(316)
+4 252 13 13 0 1 0 0 1
+3 +2 13
+3 +1 13
+3 +2 13
+3 * 13 0 0 0 0 0 0 0 0 13
+10 +8 13
+4 * 13 0 0 0 0 0 0 0 0 13 2
+14 +1 13
+3 +1 13
fi=(246)
+3 525 13 0 13
fe=(316)
+4 266 13 0 13
fi=(246)
+4 527 13 0 13
fe=(316)
+4 267 13 0 0 0 0 0 0 0 0 13
+2 +2 13
+3 * 13 0 0 1 0 0 1
+3 * 13 13 0 0 6 0 0 0 0 0 0 13 1
cfn=(1248)
calls=13 0x162f40 +11 
* * 143 13 39 0 0 0 0 0 0 13 2

fl=(259) /usr/src/debug/gcc/gcc/libstdc++-v3/src/c++11/compatibility-condvar.cc
fn=(918) _GLOBAL__sub_I_compatibility_condvar.cc
0xb2690 108 1
+4 -26 1 0 1 0 0 1
+11 +26 1 1

fl=(244)
fn=(836)
0xd7fe0 92 1 0 0 1 0 0 1
+4 * 1 0 1
+1 * 1
+3 * 1
+4 * 1 0 1
+4 * 1
+3 * 1 0 1
+4 * 1
+3 +1 1 1
+5 * 1 0 0 1 0 0 1 0 0 1
+6 +3 1
+3 * 1 0 0 0 0 0 0 0 0 1
0xd8078 +68 1 1 0 1 0 0 1
+4 * 1
+7 +1 1 0 1
+8 +4 1 1
+4 -5 1 0 1
+4 +3 1
+7 +2 1 1
+4 -2 1 0 1
+4 +1 1 0 1
+8 +1 1 1
+1 * 1 1
+5 -70 1 1 0 1 0 0 1
+4 * 1
+7 * 1 0 1
+4 +1 1 0 1 1 0 0 1
+8 +1 1 0 1
+4 +2 1 0 1
+4 +1 1 1
+4 * 1 0 1
+4 +3 1 1
+7 * 1 1
+3 -1 1
+2 * 1
+7 * 1
+11 * 1
+11 +1 1 1 0 1 0 0 1
+4 * 1 1
+4 * 1 0 1
+4 -1 1
+4 * 1
+4 * 1 0 0 0 0 0 0 0 0 1 1
-20 +1 35 35
+4 * 35 35
+4 * 35 0 35
+4 -1 35
+4 * 35
+4 * 35 0 0 0 0 0 0 0 0 35 8
+2 +4 1 1
+7 * 1 1
+3 -1 1
+2 * 1
+8 * 1
+11 * 1
+11 +1 1 1 0 1 0 0 1
+4 * 1 1
+4 * 1 0 1
+4 -1 1
+4 * 1
+4 * 1 0 0 0 0 0 0 0 0 1 1
-20 +1 25 25
+4 * 25 25
+4 * 25 0 25
+4 -1 25
+4 * 25
+4 * 25 0 0 0 0 0 0 0 0 25 7
+2 * 1

fn=(848)
0xd8360 183 1 0 0 1 0 0 1
+4 * 1 0 1
+1 * 1
+3 * 1
+4 * 1 0 1
+4 * 1
+3 * 1 0 1
+4 * 1
+3 +1 1 1
+5 * 1 0 0 1 0 0 1 0 0 1
+6 +3 1
+3 * 1 0 0 0 0 0 0 0 0 1 1
+86 +69 1 0 0 1 0 0 1
+7 +1 1 0 1
+8 +4 1 1
+4 -5 1 0 1
+4 +3 1
+7 +2 1 1
+4 -2 1 0 1
+4 +1 1 0 1
+8 +1 1 1
+1 * 1 1
+3 -71 1 1 0 1 0 0 1
+4 * 1
+7 * 1 0 1
+4 +4 1
+10 * 1 0 1
+4 +6 1 1
+7 -9 1 0 1
+8 +1 1 0 1
+4 +8 1 1 0 1 0 0 1
+3 -2 1
+2 * 1
+5 * 1
+11 * 1
+11 +2 1 1
+4 * 1 0 1
+4 -2 1
+4 * 1
+4 * 1 0 0 0 0 0 0 0 0 1 1
-16 +2 35 35
+4 * 35 0 35
+4 -2 35
+4 * 35
+4 * 35 0 0 0 0 0 0 0 0 35 5
+2 +6 1 1
+7 * 1 1
+3 -2 1
+2 * 1
+2 +2 1 1 0 1 0 0 1
+4 * 1 0 1
+7 -2 1
+4 * 1
+4 * 1 0 0 0 0 0 0 0 0 1 1
-19 +2 25 25
+4 * 25 0 25
+7 -2 25
+4 * 25
+4 * 25 0 0 0 0 0 0 0 0 25 7
+2 * 1

fl=(210) /usr/src/debug/gcc/gcc/libstdc++-v3/src/c++98/globals_io.cc
fn=(726) _GLOBAL__sub_I.00090_globals_io.cc
0xb2a00 118 1 0 0 1 0 0 1
+4 * 1 0 1
+1 -38 1
+7 +38 1
+3 -38 1 1 1 0 1 0 0 0 0 0 0 1 1
cfi=(211)
cfn=(728)
calls=1 0xcbb90 -2 
* * 38697 10948 4649 337 168 145 337 23 115 7173 363 914 171
+6 * 1 1 0 0 1
+7 * 1
+7 +38 1 1
+1 -38 1
+7 * 1 1 0 0 1 0 0 0 0 0 0 1 1
cob=(2)
cfi=(255)
cfn=(900)
calls=1 0x40950 -13 
* * 73 13 16 8 2 2 8 1 0 9 1

fl=(260) /usr/src/debug/gcc/gcc/libstdc++-v3/src/c++11/compatibility-thread-c++0x.cc
fn=(920) _GLOBAL__sub_I_compatibility_thread_c__0x.cc
0xb26a0 128 1
+4 * 1 0 1
+1 * 1
+3 -74 1 1 1 0 0 0 0 0 0 0 0 1 1
cfi=(261)
cfn=(922)
calls=1 0xe5820 +35 
* * 3 1 0 1 0 0 1
+6 * 1 1
+7 * 1 0 1
+3 +74 1 1
+1 * 1 1

fl=(230)
fn=(790) std::__cxx11::messages<char>::messages(unsigned long)
0x11d9e0 44 1 0 0 1 0 0 1
+4 * 1 0 1
fi=(222)
+1 437 1
fe=(230)
+2 44 1
+3 * 1
fi=(222)
+4 437 1
+3 * 1
fe=(230)
+3 44 1 0 1
+4 * 1
fi=(222)
+3 437 1 0 1
fe=(230)
+3 46 1 1 0 1 1 0 1
+7 * 1
+4 * 1 0 1
+3 -1 1 1 1 0 0 0 0 0 0 0 0 1 1
cfi=(215)
cfn=(746)
calls=1 0xcd670 221 
* * 18 6 2 0 0 0 0 0 0 2 0 1
+6 * 1 0 1
+4 +1 1 1 1 0 0 0 0 0 0 0 0 1 1
cfi=(215)
cfn=(742)
calls=1 0xcd6c0 233 
* * 3 1
+6 * 1 0 1
+4 +1 1 1
+4 * 1 1
+1 * 1 1

fn=(830) std::__cxx11::messages<wchar_t>::messages(unsigned long)
0x128450 44 1 0 0 1 0 0 1
+4 * 1 0 1
fi=(222)
+1 437 1
fe=(230)
+2 44 1
+3 * 1
fi=(222)
+4 437 1
+3 * 1
fe=(230)
+3 44 1 0 1
+4 * 1
fi=(222)
+3 437 1 0 1 0 0 1 0 0 1
fe=(230)
+3 46 1 1
+7 * 1
+4 * 1 0 1
+3 -1 1 1 1 1 0 0 1 0 0 0 0 1 1
cfi=(215)
cfn=(746)
calls=1 0xcd670 221 
* * 18 6 2 0 0 0 0 0 0 2 0 1
+6 * 1 0 1
+4 +1 1 1 1 0 0 0 0 0 0 0 0 1 1
cfi=(215)
cfn=(742)
calls=1 0xcd6c0 233 
* * 3 1
+6 * 1 0 1
+4 +1 1 1
+4 * 1 1
+1 * 1 1

fn=(846)
0x146ea0 44 1 0 0 1 0 0 1
+4 * 1 0 1
fi=(222)
+1 437 1
fe=(230)
+2 44 1
+3 * 1
fi=(222)
+4 437 1
+3 * 1
fe=(230)
+3 44 1 0 1
+4 * 1
fi=(222)
+3 437 1 0 1 0 0 1 0 0 1
fe=(230)
+3 46 1 1 0 1 0 0 1
+7 * 1
+4 * 1 0 1
+3 -1 1 1 1 0 0 0 0 0 0 0 0 1 1
cfi=(215)
cfn=(746)
calls=1 0xcd670 221 
* * 18 6 2 0 0 0 0 0 0 2 1 1
+6 * 1 0 1
+4 +1 1 1 1 0 0 0 0 0 0 0 0 1 1
cfi=(215)
cfn=(742)
calls=1 0xcd6c0 233 
* * 3 1
+6 * 1 0 1
+4 +1 1 1
+4 * 1 1
+1 * 1 1

fn=(854)
0x1770a0 44 1 0 0 1 0 0 1
+4 * 1 0 1
fi=(222)
+1 437 1
fe=(230)
+2 44 1
+3 * 1
fi=(222)
+4 437 1
+3 * 1
fe=(230)
+3 44 1 0 1
+4 * 1
fi=(222)
+3 437 1 0 1
fe=(230)
+3 46 1 1 0 1 0 0 1
+7 * 1
+4 * 1 0 1
+3 -1 1 1 1 0 0 0 0 0 0 0 0 1
cfi=(215)
cfn=(746)
calls=1 0xcd670 221 
* * 18 6 2 0 0 0 0 0 0 2 1 1
+6 * 1 0 1
+4 +1 1 1 1 0 0 0 0 0 0 0 0 1
cfi=(215)
cfn=(742)
calls=1 0xcd6c0 233 
* * 3 1
+6 * 1 0 1
+4 +1 1 1
+4 * 1 1
+1 * 1 1

fl=(297)
fn=(1226)
0xfa510 334 190 0 0 1 0 0 1
+4 * 190 0 190
+1 * 190
+3 * 190 0 190
+2 * 190
+3 * 190 0 190
+2 * 190
+3 * 190 0 190
+2 * 190
+3 * 190 0 190
+1 * 190
+19 +14 190
+3 * 190 190 190 1 8 0 1 0 0 0 0 190 1
cfn=(1228) std::__basic_file<char>::fd()
calls=190 0xfa480 -39 
* * 1900 950 0 2 29 0 2 0 0 380 0 190 1
fi=(312) /usr/include/bits/unistd.h
+6 32 190
+3 * 190
+3 * 190
+2 * 190 190 190 0 7 0 0 0 0 0 0 190 1
cob=(2)
cfi=(313) /usr/src/debug/glibc/glibc/io/../sysdeps/unix/sysv/linux/read.c
cfn=(1234) read
calls=190 0x110010 -7 
* * 7030 2470 1330 1 10 0 1 0 0 380 3
+6 * 190
fe=(297)
+3 349 190
+4 * 190 0 0 0 0 0 0 0 0 190
+2 +3 190
+3 * 190 190
+1 * 190 190
+2 * 190 190
+2 * 190 190
+2 * 190 190
+1 * 190 190

fn=(1120)
0xfa280 207 1 0 0 1 0 0 1
+4 +1 1 0 1
+7 * 1 0 1
+4 * 1 1

fn=(1136) (anonymous namespace)::fopen_mode(std::_Ios_Openmode)
0xfa1b0 93 1
+3 * 1
+3 * 1 0 0 0 0 0 0 0 0 1 1
+2 * 1
+7 * 1 1 0 1 1 0 1 1
+4 * 1
+3 * 1 0 0 0 0 0 0 0 0 0 0 1 1
0xfa268 +8 1 0 0 1 0 0 1
+7 * 1 1

fn=(1228)
0xfa480 309 190 0 0 1 0 0 1
+4 * 190 190 0 0 7
+3 * 190 190 0 0 8 0 0 0 0 0 0 190 1
cob=(2)
cfi=(311) /usr/src/debug/glibc/glibc/libio/fileno.c
cfn=(1230) fileno
calls=190 0x8ae90 32 
* * 1330 570 0 1 14 0 1 0 0 380

fn=(1354)
0xfa4a0 318 2
+4 * 2 0 2
+1 * 2
+3 * 2 0 2
+1 * 2
+3 * 2
+4 +2 2 2 2 0 0 0 0 0 0 0 0 2 1
cfn=(1132)
calls=2 0xfa290 -16 
* * 8 4
+6 -1 2
+2 +1 2
+2 * 2 0 0 0 0 0 0 0 0 2 1
+2 +3 1 1
+4 * 1 0 0 1 0 0 1 0 0 1 1
+12 +7 1 1
+4 * 1
+3 * 1 1
+1 * 1 1
+4 * 1 0 1
+4 -6 1 1
+3 * 1 1 1 0 1 0 0 0 0 0 0 1 1
cob=(2)
cfi=(327) /usr/src/debug/glibc/glibc/libio/iofclose.c
cfn=(1356) fclose@@GLIBC_2.2.5
calls=1 0x813f0 34 
* * 341 100 60 37 16 1 37 0 0 53 20 3 3
+6 -5 1 1
+4 +6 1 0 1
+7 -6 1
+2 * 1
+4 +11 1 1
+4 * 1 1
+1 * 1
+3 * 1 1

fn=(1384)
0xfa500 210 1
+4 * 1 0 1
+1 * 1
+3 +1 1 1 1 0 0 0 0 0 0 0 0 1 1
cfn=(1354)
calls=1 0xfa4a0 318 
* * 18 6 3 0 0 0 0 0 0 1 1 1
+6 * 1 1
+1 * 1 1

fn=(1134)
0xfa3f0 255 1 0 0 1 0 0 1
+4 * 1 0 1
+1 * 1
+3 * 1
+4 * 1 0 1
+4 * 1 0 0 1 0 0 1
+3 +2 1
+2 -2 1 0 1
+4 +2 1 0 1
cfn=(1136)
calls=1 0xfa1b0 93 
* * 9 2 0 2 1 0 2 1 0 1 1 1 1
+5 * 1
+3 +1 1
+3 * 1 0 0 0 0 0 0 0 0 1
+2 * 1 0 1
+4 * 1
+3 * 1
+3 * 1 1 1 0 0 0 0 0 0 0 0 1 1
cfn=(1132)
calls=1 0xfa290 +46 
* * 4 2
+6 * 1
+2 * 1 0 0 0 0 0 0 0 0 1
+2 +2 1
+3 * 1
+3 * 1 1 1 0 0 0 0 0 0 0 0 1 1
cob=(2)
cfi=(298) /usr/src/debug/glibc/glibc/libio/iofopen.c
cfn=(1138) fopen@@GLIBC_2.2.5
calls=1 0x820b0 85 
* * 599 128 117 48 6 6 48 4 6 71 21 2 2
+6 * 1 0 1
+4 * 1
+3 * 1
+3 * 1 0 0 1 0 0 1 0 0 1
+2 +2 1 0 1
+6 +1 1 1
+4 * 1
+3 +4 1
+3 * 1 1
+4 * 1 1
+4 * 1 1
+1 * 1 1

fn=(1132)
0xfa290 304 7
+4 * 7 7
+4 * 7
+3 * 7 7

fl=(262) /usr/src/debug/gcc/gcc/libstdc++-v3/libsupc++/eh_alloc.cc
fn=(924) _GLOBAL__sub_I_eh_alloc.cc
0xb26c0 456 1 0 0 1 0 0 1
+4 * 1 0 1
fi=(380)
+1 134 1
fe=(262)
+4 +61 1
+7 456 1
+3 * 1
+4 * 1 0 1
+4 * 1 1
+9 * 1 0 1
+4 * 1
fi=(380)
+2 134 1 0 1 0 0 1
+7 * 1 0 1
+11 * 1 0 1 1 0 0 1
+11 * 1 0 1
fe=(262)
+11 +53 1 0 1
fi=(380)
+11 -53 1 0 1
fe=(262)
+7 +61 1 1 1 0 1 0 0 0 0 0 0 1 1
cob=(2)
cfi=(263) /usr/src/debug/glibc/glibc/stdlib/secure-getenv.c
cfn=(926) secure_getenv
calls=1 0x44750 28 
* * 483 192 8 8 33 0 8 1 0 124 12 2 2
+6 +7 1 0 1
+8 -7 1
+3 +7 1
+7 * 1 0 1 1 0 0 1
+8 * 1 0 1
fi=(381) /usr/src/debug/gcc/gcc-build/x86_64-pc-linux-gnu/libstdc++-v3/include/string_view
+4 -52 1
+7 -1 1 0 1
+8 +1 1 0 1
fi=(382) /usr/src/debug/gcc/gcc-build/x86_64-pc-linux-gnu/libstdc++-v3/include/bits/stl_pair.h
+4 467 1 0 1
fe=(262)
+7 203 1
+3 * 1 0 0 0 0 0 0 0 0 1 1
fi=(266)
0xb2828 +34 1 1 0 1 0 0 1
+4 * 1
fe=(262)
+5 -47 1
fi=(266)
+5 +47 1
+2 * 1
fe=(262)
+4 -9 1 1
+4 -38 1 0 0 1 0 0 1
+2 * 1
+4 -52 1
+4 * 1
+4 +95 1
+4 -1 1 0 1
+7 +1 1
+3 * 1 0 0 0 0 0 0 0 0 1 1
+2 456 1 1
+4 * 1 1
+9 * 1 0 0 0 0 0 0 0 0 1
+6 * 1 1
+4 * 1 1
+1 * 1 1
+1 235 1
+3 * 1 1 1 0 1 0 0 0 0 0 0 1 1
cob=(2)
cfi=(195)
cfn=(936)
calls=1 0xa8b30 3283 
* * 369 72 45 49 2 2 49 2 2 57 26
+6 * 1 0 1 1 0 0 1
+7 +1 1
+3 * 1 0 0 0 0 0 0 0 0 1
+2 +12 1
+2 -3 1 0 1
+7 +2 1 0 1
+3 +1 1 0 1
+4 456 1

fl=(225) /usr/src/debug/gcc/gcc-build/x86_64-pc-linux-gnu/libstdc++-v3/src/c++98/numeric_members.cc
fn=(778) std::__cxx11::numpunct<char>::_M_initialize_numpunct(__locale_struct*)
0xdaf00 92 1 0 0 1 0 0 1
+4 * 1 0 1
+1 * 1
+3 * 1
+4 * 1 0 1
+4 * 1
+3 * 1 0 1
+4 * 1
+3 +1 1 1
+5 * 1 0 0 0 0 0 0 0 0 1
+6 +3 1
+3 * 1 0 0 0 0 0 0 0 0 1 1
0xdaf98 +68 1 1 0 1 0 0 1
+4 * 1
+7 +1 1 0 1
+8 +4 1 1
+4 -5 1 0 1
+4 +3 1
+7 +2 1 1
+4 -2 1 0 1
+4 +1 1 0 1
+8 +1 1 1
+1 * 1 1
+5 -70 1 1 0 1 0 0 1
+4 * 1
+7 * 1 0 1
+4 +1 1 0 1
+8 +1 1 0 1
+4 +2 1 0 1
+4 +1 1 1
+4 * 1 0 1
+4 +3 1 1 0 0 1
+7 * 1 1 0 1 1 0 1
+3 -1 1
+2 * 1
+7 * 1
+11 * 1
+11 +1 1 1 0 0 1 0 0 1
+4 * 1 1
+4 * 1 0 1
+4 -1 1
+4 * 1
+4 * 1 0 0 0 0 0 0 0 0 1 1
-20 +1 35 35 0 0 1 0 0 1
+4 * 35 35
+4 * 35 0 35
+4 -1 35
+4 * 35
+4 * 35 0 0 0 0 0 0 0 0 35 8
+2 +4 1 1
+7 * 1 1
+3 -1 1 0 0 1 0 0 1
+2 * 1
+8 * 1
+11 * 1
+11 +1 1 1 0 0 1 0 0 1
+4 * 1 1
+4 * 1 0 1
+4 -1 1
+4 * 1
+4 * 1 0 0 0 0 0 0 0 0 1 1
-20 +1 25 25
+4 * 25 25
+4 * 25 0 25
+4 -1 25
+4 * 25
+4 * 25 0 0 0 0 0 0 0 0 25 9
+2 * 1

fn=(820) std::__cxx11::numpunct<wchar_t>::_M_initialize_numpunct(__locale_struct*)
0xdb260 183 1 0 0 1 0 0 1
+4 * 1 0 1
+1 * 1
+3 * 1
+4 * 1 0 1
+4 * 1
+3 * 1 0 1
+4 * 1
+3 +1 1 1
+5 * 1 0 0 1 0 0 1 0 0 1
+6 +3 1
+3 * 1 0 0 0 0 0 0 0 0 1 1
+86 +69 1 0 0 1 0 0 1
+7 +1 1 0 1
+8 +4 1 1
+4 -5 1 0 1
+4 +3 1
+7 +2 1 1
+4 -2 1 0 1
+4 +1 1 0 1
+8 +1 1 1
+1 * 1 1
+3 -71 1 1 0 1 0 0 1
+4 * 1
+7 * 1 0 1
+4 +4 1
+10 * 1 0 1
+4 +6 1 1
+7 -9 1 0 1
+8 +1 1 0 1
+4 +8 1 1 0 1 0 0 1
+3 -2 1
+2 * 1
+5 * 1
+11 * 1
+11 +2 1 1
+4 * 1 0 1
+4 -2 1
+4 * 1
+4 * 1 0 0 0 0 0 0 0 0 1
-16 +2 35 35
+4 * 35 0 35 0 0 2 0 0 2
+4 -2 35
+4 * 35
+4 * 35 0 0 0 0 0 0 0 0 35 8
+2 +6 1 1
+7 * 1 1
+3 -2 1
+2 * 1
+2 +2 1 1 0 1 0 0 1
+4 * 1 0 1
+7 -2 1
+4 * 1
+4 * 1 0 0 0 0 0 0 0 0 1 1
-19 +2 25 25
+4 * 25 0 25 0 0 1 0 0 1
+7 -2 25
+4 * 25
+4 * 25 0 0 0 0 0 0 0 0 25 9
+2 * 1

fl=(247)
fn=(1194) std::basic_ios<char, std::char_traits<char> >::rdbuf() const
0x1389e0 338 1 0 0 1 0 0 1
+4 +1 1 1
+7 * 1 1

fn=(1186) std::basic_ios<char, std::char_traits<char> >::operator!() const
0x1388d0 134 1
+4 +81 1 1
+4 * 1
+3 -80 1 1

fn=(1406) std::basic_ios<char, std::char_traits<char> >::fail() const
0x138970 214 1 0 0 1 0 0 1
+4 +1 1 1 0 0 1
+4 * 1
+3 * 1 1

fn=(1460) std::basic_ios<char, std::char_traits<char> >::operator bool() const
0x1388c0 125 2 0 0 1
+4 +1 2 2
+4 * 2
+3 * 2 2

fl=(248)
fn=(1392) std::ios_base::_M_call_callbacks(std::ios_base::event)
0xe6520 163 1 0 0 1 0 0 1
+4 * 1 0 1
+1 * 1
+3 * 1
+4 * 1 0 1
+4 +1 1 1
+4 +1 1
+3 * 1 0 0 0 0 0 0 0 0 1 1
+53 +8 1 1 0 1 0 0 1
+4 * 1 1
+1 * 1 1

fn=(1394) std::ios_base::_M_dispose_callbacks()
0xe6580 177 1 0 0 1 0 0 1
+4 * 1 0 1
+1 * 1
+3 * 1
+4 * 1 0 1
+4 * 1
+3 +1 1 1
+4 +1 1
+3 * 1 0 0 0 0 0 0 0 0 1 1
+94 +6 1 0 1 1 0 0 1
+8 +1 1 1
+4 * 1 1
+1 * 1 1

fn=(1390)
0xe6610 87 1 0 0 1 0 0 1
+4 * 1 0 1
+1 +2 1
+2 -2 1
+3 * 1 0 1
+1 * 1
+3 * 1
+4 * 1 1 0 0 1
+7 * 1
+4 * 1 0 1
+3 +2 1 1 1 0 1 0 0 0 0 0 0 1 1
cfn=(1392)
calls=1 0xe6520 +74 
* * 11 4 2 2 0 0 2 0 0 1 1
+6 +1 1
+3 * 1 1 1 0 1 0 0 0 0 0 0 1 1
cfn=(1394)
calls=1 0xe6580 +87 
* * 13 4 3 2 0 0 2 0 0 1 1
+6 +1 1 1 0 1 1 0 1
+7 * 1
+4 * 1
+3 * 1 0 0 0 0 0 0 0 0 1 1
+24 +5 1
+7 * 1 1
+4 * 1 1
+1 * 1 1 0 0 0 0 0 0 0 0 0 1 1
cfi=(215)
cfn=(872)
calls=1 0xcd980 -5 
* * 6 3 0 0 0 0 0 0 0 1

fn=(862)
0xe6240 76 10 0 0 1 0 0 1
+4 +3 10 10
+7 -2 10
+4 +2 10
+4 -2 10 0 10 0 0 7 0 0 5
+8 +1 10 0 10
fi=(249)
+7 640 10
+7 * 10 0 10 0 0 4 0 0 3
fe=(248)
+8 79 10
+4 * 10 0 10 0 0 1
+3 * 10
+3 -2 10 0 10
+4 +1 10 0 10 1 0 0 1
+4 * 10
+7 * 10
+11 * 10
fi=(249)
+11 640 10 0 10
fe=(248)
+7 79 10
fi=(249)
+4 640 10 0 10
fe=(248)
+8 79 10
+3 * 10 0 0 0 0 0 0 0 0 10 7
fi=(249)
-22 640 70 0 70 0 0 4 0 0 4
fe=(248)
+7 79 70
fi=(249)
+4 640 70 0 70 0 0 11 0 0 6
fe=(248)
+8 79 70
+3 * 70 0 0 0 0 0 0 0 0 70 31
+2 * 10 0 10
+7 * 10 0 0 1 0 0 1
+7 * 10 0 10
+7 * 10 10 0 0 0 0 0 0 0 0 0 10 1
cfi=(213)
cfn=(732)
calls=10 0xe7cd0 269 
* * 250 90 50 0 0 1 0 0 1 30 2

fl=(213)
fn=(738) std::locale::_Impl::_Impl(unsigned long)
0xe6d40 490 1 0 0 1 0 0 1
+4 * 1 0 1
+1 +5 1
+5 -5 1
+3 * 1 0 1
+2 * 1 0 1
+2 * 1 0 1 0 0 1
+2 * 1 0 1
+2 * 1 0 1
+1 * 1
+4 * 1 1
+9 * 1 0 1
+4 * 1
+3 +5 1
+7 -3 1 0 1 0 0 1 0 0 1
+2 +3 1
+2 -3 1 0 1
+8 +3 1 1 1 1 1 1 1 0 0 0 0 1 1
cob=(2)
cfi=(214) /usr/src/debug/glibc/glibc/string/../sysdeps/x86_64/multiarch/memset-vec-unaligned-erms.S
cfn=(740) __memset_avx2_unaligned_erms
calls=1 0x1729c0 198 
* * 36 2 12 3 1 7 3 0 7 6 1
+6 * 1
+7 +1 1
+2 * 1
+5 * 1
+7 -1 1 0 1
+4 +1 1 1 1 0 0 0 0 0 0 0 0 1 1
cob=(2)
cfi=(214)
cfn=(740)
calls=1 0x1729c0 198 
* * 36 2 12 0 0 6 0 0 6 6
+6 * 1
+7 +3 1
+4 * 1 0 1 0 0 1 0 0 1
+11 -3 1 0 1
+4 +3 1 0 0 1 0 0 1
+7 * 1 0 1
+4 +1 1
+7 * 1 0 1 0 0 1 0 0 1
+7 -1 1 0 1
+7 * 1 0 1
+7 * 1 0 1
+7 * 1 0 1
+7 * 1 0 1
+7 +2 1 1 1 0 0 0 0 0 0 0 0 1 1
cfi=(215)
cfn=(742)
calls=1 0xcd6c0 233 
* * 3 1 0 1 0 0 1
+6 +9 1 0 0 1 0 0 1
+5 * 1
+2 * 1
fi=(383) /usr/include/bits/string_fortified.h
+2 29 1 1 0 0 1 0 0 1
fe=(213)
+3 510 1
fi=(383)
+7 29 1 0 1
fe=(213)
+7 510 1 1 1 0 1 0 0 0 0 0 0 1 1
cfi=(216)
cfn=(744)
calls=1 0xf96b0 121 
* * 247 49 82 25 8 13 25 2 9 23 14 5 5
fi=(222)
+6 653 1 1 0 0 1
+7 * 1
+7 * 1
+3 * 1 1 1 0 1 0 0 0 0 0 0 1 1
cfi=(215)
cfn=(766)
calls=1 0xcdc40 325 
* * 398 119 13 9 1 0 9 0 0 103 6 1 1
fe=(213)
+6 511 1
+5 * 1 0 0 1 0 0 1
+7 * 1 1 1 0 1 0 0 0 0 0 0 1 1
cfi=(223)
cfn=(774)
calls=1 0xc7f50 38 
* * 36 11 8 2 1 1 2 0 1 2 0 2 1
fi=(222)
+6 653 1 1 0 0 1
+7 * 1
+7 * 1
+3 * 1 1 1 0 0 0 0 0 0 0 0 1 1
cfi=(215)
cfn=(766)
calls=1 0xcdc40 325 
* * 398 119 13 0 1 0 0 0 0 103 4 1
fi=(224)
+6 1636 1
+7 -1 1
+2 +85 1
fi=(222)
+2 437 1 0 1 0 0 1 0 0 1
fi=(224)
+10 1633 1 0 1
+7 +87 1 0 0 1 0 0 1
+7 -84 1
+4 -4 1 0 1
+11 +4 1 0 1
+7 +83 1 1
+7 -87 1 0 1
+11 +87 1
+4 -85 1 0 1
+11 +85 1 0 1 0 0 1 0 0 1
+7 * 1 0 0 1 0 0 1
+7 -85 1 0 1
+11 * 1 0 1
+11 +1 1 0 1 0 0 1 0 0 1
+11 * 1 0 1
+7 +1 1 0 1 0 0 1 0 0 1
fi=(222)
+7 437 1 0 1
fi=(224)
+10 1719 1 0 1 1 0 0 1
+7 +1 1 1 1 0 1 0 0 0 0 0 0 1 1
cfi=(225)
cfn=(778)
calls=1 0xdaf00 92 
* * 416 136 74 5 5 0 5 3 0 64 20
fi=(222)
+6 653 1 1 0 0 1
+7 * 1
+7 * 1
+3 * 1 1 1 0 0 0 0 0 0 0 0 1 1
cfi=(215)
cfn=(766)
calls=1 0xcdc40 325 
* * 398 119 13 0 1 0 0 1 0 103 3 1
fi=(224)
+6 1983 1 1
fi=(222)
+7 653 1 1 0 0 1
+7 * 1
+3 437 1 0 1
+10 653 1 0 0 1 0 0 1
fi=(224)
+7 1983 1
+4 * 1 0 1
fi=(222)
+7 653 1 1 1 0 0 0 0 0 0 0 0 1 1
cfi=(215)
cfn=(766)
calls=1 0xcdc40 325 
* * 398 119 13 0 1 0 0 1 0 103 3 1
fi=(224)
+6 2347 1 1 0 0 1
fi=(222)
+7 653 1 1 0 0 1
+7 * 1
+3 437 1 0 1
+10 653 1
fi=(224)
+7 2347 1
+4 * 1 0 1 1 0 0 1
fi=(222)
+7 653 1 1 1 0 0 0 0 0 0 0 0 1 1
cfi=(215)
cfn=(766)
calls=1 0xcdc40 325 
* * 398 119 13 0 0 0 0 0 0 103 2 1
+6 +63 1 1 0 0 1
+7 437 1 0 1
+10 716 1
+4 * 1 0 1
+7 * 1 1 1 0 0 0 0 0 0 0 0 1 1
cfi=(215)
cfn=(746)
calls=1 0xcd670 221 
* * 18 6 2 0 0 0 0 0 0 2 0 1
+6 * 1 0 1
+7 -63 1 1 0 0 1
+7 * 1
+7 * 1 0 0 1 0 0 1
+3 * 1 1 1 0 0 0 0 0 0 0 0 1 1
cfi=(215)
cfn=(766)
calls=1 0xcdc40 325 
* * 398 119 13 0 0 0 0 0 0 103 3 1
fi=(226)
+6 1026 1
+7 -6 1
+2 +88 1
fi=(222)
+2 437 1
fi=(226)
+7 1020 1 0 1 0 0 1 0 0 1
+7 +88 1
+2 * 1
+7 -82 1
fi=(222)
+4 437 1 0 1
fi=(226)
+10 1026 1 0 1
+7 +81 1 1 0 1 1 0 1
+7 -88 1 0 1
+11 +88 1
+4 -88 1 0 1
+11 * 1 0 1
+7 +2 1 0 1
+11 * 1 0 1
+11 +1 1 0 1 1 0 0 1
+11 * 1 0 1 0 0 1 0 0 1
+11 +1 1 0 1
+11 * 1 0 1
+11 +1 1 0 1
+10 +1 1 0 1
+11 +1 1 0 1 1 0 0 1
fi=(222)
+7 437 1 0 1 0 0 1 0 0 1
fi=(226)
+10 1107 1 0 1
+7 * 1 0 1
+7 +1 1 1 1 0 1 0 0 0 0 0 0 1 1
cfi=(227)
cfn=(782)
calls=1 0xd9920 372 
* * 107 35 28 5 4 0 5 2 0 13 8
fi=(222)
+6 653 1 1
+7 * 1
+7 * 1
+3 * 1 1 1 0 0 0 0 0 0 0 0 1 1
cfi=(215)
cfn=(766)
calls=1 0xcdc40 325 
* * 398 119 13 0 0 0 0 0 0 103 2 1
fi=(226)
+6 1026 1 0 0 1 0 0 1
+7 +82 1
+2 * 1
fi=(222)
+2 437 1 0 1 0 0 1 0 0 1
fi=(226)
+10 1019 1 0 1
+7 +89 1
+7 -82 1
+4 -7 1 0 1
+11 +7 1 0 1
+7 -6 1
+2 * 1 0 1
+7 +87 1 1 0 1 1 0 1
+7 -88 1 0 1
+11 +88 1
+4 -86 1 0 1
+11 +86 1 0 1
+7 * 1
+7 -86 1 0 1
+11 +1 1 0 1 1 0 0 1
+11 * 1 0 1 0 0 1 0 0 1
+11 +1 1 0 1
+11 * 1 0 1
+11 +1 1 0 1
+10 +1 1 0 1
+11 +1 1 0 1
fi=(222)
+7 437 1 0 1 1 0 0 1
fi=(226)
+10 1107 1 0 1
+7 +1 1 1 1 0 1 0 0 0 0 0 0 1 1
cfi=(227)
cfn=(784)
calls=1 0xd93e0 216 
* * 109 35 28 6 0 0 6 0 0 13 8
fi=(222)
+6 653 1 1 0 0 1
+7 * 1
+7 * 1
+3 * 1 1 1 0 0 0 0 0 0 0 0 1 1
cfi=(215)
cfn=(766)
calls=1 0xcdc40 325 
* * 398 119 13 0 0 0 0 0 0 103 1 1
fi=(226)
+6 1530 1 1 0 0 1
fi=(222)
+7 653 1 1 0 0 1
+7 * 1
+3 437 1 0 1 1 0 0 1
+10 653 1
fi=(226)
+7 1530 1
+4 * 1 0 1
fi=(222)
+7 653 1 1 1 0 0 0 0 0 0 0 0 1 1
cfi=(215)
cfn=(766)
calls=1 0xcdc40 325 
* * 398 119 13 0 0 0 0 0 0 103 1 1
fi=(226)
+6 1690 1 1 0 0 1
fi=(222)
+7 653 1 1 0 0 1
+7 * 1
+3 437 1 0 1 0 0 1 0 0 1
+10 653 1 0 0 1 0 0 1
fi=(226)
+7 1690 1
+4 * 1 0 1
fi=(222)
+7 653 1 1 1 0 0 0 0 0 0 0 0 1 1
cfi=(215)
cfn=(766)
calls=1 0xcdc40 325 
* * 398 119 13 0 0 0 0 0 0 103 1 1
fi=(226)
+6 138 1
+7 -13 1
fi=(222)
+4 437 1 0 1 0 0 1 0 0 1
fe=(213)
+10 +96 1
fi=(226)
+5 138 1 0 1 0 0 1 0 0 1
fe=(213)
+7 533 1
+7 * 1 0 0 1 0 0 1
fi=(226)
+7 138 1
+4 -13 1 0 1
+7 +13 1 0 1
+7 * 1 0 1
+11 -13 1 0 1 0 0 1 0 0 1
+7 * 1 0 1
+7 * 1 0 1
+7 * 1 0 1
+7 * 1 0 1 1 0 1 1 0 1
+7 * 1 0 1
+7 * 1 0 1
+7 * 1 0 1
+7 * 1 0 1 0 0 1 0 0 1
+7 * 1 0 1
+7 * 1 0 1
+7 * 1 0 1
+7 * 1 0 1 0 0 1 0 0 1
+7 * 1 0 1 1 0 0 1
+7 * 1 0 1
+7 * 1 0 1
+7 * 1 0 1 0 0 1 0 0 1
+7 * 1 0 1
+7 * 1 0 1
+7 * 1 0 1
+7 * 1 0 1
+7 * 1 0 1
fe=(213)
+7 533 1 1 1 0 1 0 0 0 0 0 0 1 1
cfi=(228)
cfn=(786)
calls=1 0x146230 48 
* * 178 45 43 17 5 0 17 0 0 4 1 4 2
fi=(222)
+6 653 1 1 0 1 1 0 1
+7 * 1
+7 * 1
+3 * 1 1 1 0 0 0 0 0 0 0 0 1 1
cfi=(215)
cfn=(766)
calls=1 0xcdc40 325 
* * 398 119 13 0 0 0 0 0 0 103 2 1 1
fi=(226)
+6 422 1 1 0 0 1
fi=(222)
+7 653 1 1 0 0 1
+7 * 1
+3 437 1 0 1 0 0 1 0 0 1
+10 653 1
fi=(226)
+7 422 1
+4 * 1 0 1 1 0 0 1
fi=(222)
+7 653 1 1 1 0 0 0 0 0 0 0 0 1 1
cfi=(215)
cfn=(766)
calls=1 0xcdc40 325 
* * 398 119 13 0 0 0 0 0 0 103 1 1
fi=(226)
+6 859 1 1 0 0 1
fi=(222)
+7 653 1 1 0 0 1
+7 * 1
+3 437 1 0 1
+10 653 1
fi=(226)
+7 859 1
+4 * 1 0 1
fi=(222)
+7 653 1 1 1 0 0 0 0 0 0 0 0 1 1
cfi=(215)
cfn=(766)
calls=1 0xcdc40 325 
* * 398 119 13 0 1 0 0 1 0 103 1 1
fe=(213)
+6 537 1 0 0 1 0 0 1
+5 * 1
+7 * 1 1 1 0 1 0 0 0 0 0 0 1 1
cfi=(230)
cfn=(790)
calls=1 0x11d9e0 44 
* * 41 13 10 2 1 0 2 0 0 2 0 3 2
fi=(222)
+6 653 1 1
+7 * 1
+7 * 1
+3 * 1 1 1 0 0 0 0 0 0 0 0 1 1
cfi=(215)
cfn=(766)
calls=1 0xcdc40 325 
* * 398 119 13 0 0 0 0 0 0 103 1 1
fe=(213)
+6 540 1
+5 * 1
+7 * 1 1 1 0 1 0 0 0 0 0 0 1 1
cfi=(231)
cfn=(792)
calls=1 0xe2f70 103 
* * 18272 5071 2295 36 23 21 36 5 21 3157 95 656 21
fi=(222)
+6 653 1 1 0 0 1
+7 * 1 0 0 1 0 0 1
+7 * 1
+3 * 1 1 1 0 0 0 0 0 0 0 0 1 1
cfi=(215)
cfn=(766)
calls=1 0xcdc40 325 
* * 398 119 13 0 1 0 0 1 0 103 3 1
fe=(213)
+6 541 1
+5 * 1
+7 * 1 1 1 0 0 0 0 0 0 0 0 1 1
cfi=(223)
cfn=(818)
calls=1 0xc7ff0 118 
* * 36 11 8 2 0 2 2 0 2 2 0 2 1
fi=(222)
+6 653 1 1
+7 * 1
+7 * 1
+3 * 1 1 1 0 0 0 0 0 0 0 0 1 1
cfi=(215)
cfn=(766)
calls=1 0xcdc40 325 
* * 398 119 13 0 0 0 0 0 0 103 1 1
fi=(224)
+6 1636 1
+7 +84 1
fi=(222)
+2 437 1 0 0 1 0 0 1
+7 * 1 0 1 0 0 1 0 0 1
fi=(224)
+10 1633 1 0 1
+7 +87 1
+7 -84 1
+4 -4 1 0 1
+11 +4 1 0 1
+7 +83 1 1 0 0 1
+7 -87 1 0 1 1 0 0 1
+11 +87 1
+4 -85 1 0 1
+11 * 1 0 1
+11 * 1 0 1
+11 +1 1 0 1 0 0 1 0 0 1
+11 * 1 0 1 1 0 0 1
+11 +1 1 0 1
fi=(222)
+7 437 1 0 1
fi=(224)
+10 1719 1 0 1
+7 * 1 0 1 0 0 1 0 0 1
+7 +1 1 1 1 0 1 0 0 0 0 0 0 1 1
cfi=(225)
cfn=(820)
calls=1 0xdb260 183 
* * 350 72 73 6 0 3 6 0 3 64 19
fi=(222)
+6 653 1 1 0 0 1
+7 * 1
+7 * 1
+3 * 1 1 1 0 0 0 0 0 0 0 0 1 1
cfi=(215)
cfn=(766)
calls=1 0xcdc40 325 
* * 398 119 13 0 1 0 0 1 0 103 1 1
fi=(224)
+6 1983 1 1 0 1 1 0 1
fi=(222)
+7 653 1 1
+7 * 1
+3 437 1 0 1
+10 653 1
fi=(224)
+7 1983 1
+4 * 1 0 1
fi=(222)
+7 653 1 1 1 0 0 0 0 0 0 0 0 1 1
cfi=(215)
cfn=(766)
calls=1 0xcdc40 325 
* * 398 119 13 0 1 0 0 1 0 103 1 1
fi=(224)
+6 2347 1 1 0 0 1
fi=(222)
+7 653 1 1 0 0 1
+7 * 1 0 0 1 0 0 1
+3 437 1 0 1
+10 653 1
fi=(224)
+7 2347 1
+4 * 1 0 1
fi=(222)
+7 653 1 1 1 0 0 0 0 0 0 0 0 1 1
cfi=(215)
cfn=(766)
calls=1 0xcdc40 325 
* * 398 119 13 0 0 0 0 0 0 103 1 1
+6 +63 1 1 0 0 1
+7 437 1 0 1
+10 716 1
+4 * 1 0 1
+7 * 1 1 1 1 0 0 1 0 0 0 0 1 1
cfi=(215)
cfn=(746)
calls=1 0xcd670 221 
* * 18 6 2 0 0 0 0 0 0 2 0 1
+6 * 1
+7 * 1
+5 * 1 1 0 0 1
+8 * 1 1
+8 * 1
+5 * 1
+5 * 1 1
+8 * 1 0 1
+7 -64 1
+4 * 1 0 0 1 0 0 1
+4 +1 1
+3 * 1 1 0 0 1
+7 * 1
+4 * 1 0 1
+7 * 1
+7 * 1 0 1 0 0 1
+7 * 1 0 1
+4 * 1 1 1 0 0 0 0 0 0 0 0 1 1
cfi=(215)
cfn=(766)
calls=1 0xcdc40 325 
* * 398 119 13 0 0 0 0 0 0 103 1 1
fi=(226)
+6 1026 1
+7 +82 1
+2 * 1
fi=(222)
+2 437 1 0 1 1 0 1 1 0 1
fi=(226)
+10 1019 1 0 1
+7 +89 1
+7 -82 1
+4 -7 1 0 1
+11 +7 1 0 1
+7 +81 1 1 0 0 1
+7 -88 1 0 1
+11 +88 1
+4 -87 1 0 1 1 0 0 1
+11 +87 1 0 1 0 0 1 0 0 1
+7 * 1
+7 -86 1 0 1
+11 * 1 0 1
+11 +1 1 0 1 0 0 1 0 0 1
+11 * 1 0 1 1 0 0 1
+11 +1 1 0 1
+11 * 1 0 1
+11 +1 1 0 1
+10 +1 1 0 1
+11 +1 1 0 1 0 0 1 0 0 1
fi=(222)
+7 437 1 0 1
fi=(226)
+10 1107 1 0 1 1 0 0 1
+7 +1 1 1 1 0 1 0 0 0 0 0 0 1 1
cfi=(227)
cfn=(822)
calls=1 0xda680 741 
* * 102 26 28 5 0 0 5 0 0 14 8
fi=(222)
+6 653 1 1 0 0 1
+7 * 1
+7 * 1
+3 * 1 1 1 0 0 0 0 0 0 0 0 1 1
cfi=(215)
cfn=(766)
calls=1 0xcdc40 325 
* * 398 119 13 0 0 0 0 0 0 103 1 1
fi=(226)
+6 1026 1
+7 +82 1
+2 * 1
fi=(222)
+2 437 1 0 1
fi=(226)
+10 1019 1 0 1 0 0 1 0 0 1
+7 +89 1 0 0 1 0 0 1
+7 -82 1
+4 -7 1 0 1
+11 +7 1 0 1
+7 +81 1 1 0 0 1
+7 -88 1 0 1
+11 +88 1
+4 -87 1 0 1
+11 +1 1 0 1 1 0 0 1
+11 * 1 0 1
+11 +1 1 0 1
+11 * 1 0 1
+11 +1 1 0 1
+11 * 1 0 1
+11 +1 1 0 1 1 0 1 1 0 1
+10 +1 1 0 1
+11 +1 1 0 1
fi=(222)
+7 437 1 0 1
fi=(226)
+10 1107 1 0 1
+7 * 1 0 1
+7 +1 1 1 1 0 1 0 0 0 0 0 0 1 1
cfi=(227)
cfn=(824)
calls=1 0xda060 558 
* * 102 26 28 6 0 0 6 0 0 14 7
fi=(222)
+6 653 1 1 0 1 0 0 1
+7 * 1
+7 * 1
+3 * 1 1 1 0 0 0 0 0 0 0 0 1 1
cfi=(215)
cfn=(766)
calls=1 0xcdc40 325 
* * 398 119 13 0 0 0 0 0 0 103 1 1
fi=(226)
+6 1530 1 1 0 0 1
fi=(222)
+7 653 1 1 0 0 1
+7 * 1
+3 437 1 0 1
+10 653 1
fi=(226)
+7 1530 1
+4 * 1 0 1
fi=(222)
+7 653 1 1 1 1 0 0 1 0 0 0 0 1 1
cfi=(215)
cfn=(766)
calls=1 0xcdc40 325 
* * 398 119 13 0 0 0 0 0 0 103 1 1
fi=(226)
+6 1690 1 1 0 0 1
fi=(222)
+7 653 1 1 0 0 1
+7 * 1
+3 437 1 0 1
+10 653 1
fi=(226)
+7 1690 1
+4 * 1 0 1
fi=(222)
+7 653 1 1 1 0 0 0 0 0 0 0 0 1
cfi=(215)
cfn=(766)
calls=1 0xcdc40 325 
* * 398 119 13 0 0 0 0 0 0 103 1 1
fi=(226)
+6 138 1
+7 -13 1 0 0 1 0 0 1
fi=(222)
+4 437 1 0 1
fe=(213)
+10 563 1
fi=(226)
+5 138 1 0 1 0 0 1 0 0 1
fe=(213)
+7 563 1
+7 * 1
fi=(226)
+7 138 1
+4 -13 1 0 1
+7 +13 1 0 1
+7 * 1 0 1 1 0 0 1
+11 -13 1 0 1 0 0 1 0 0 1
+7 * 1 0 1
+7 * 1 0 1
+7 * 1 0 1
+7 * 1 0 1 0 0 1 0 0 1
+7 * 1 0 1
+7 * 1 0 1
+7 * 1 0 1
+7 * 1 0 1 1 0 1 1 0 1
+7 * 1 0 1
+7 * 1 0 1
+7 * 1 0 1
+7 * 1 0 1 0 0 1 0 0 1
+7 * 1 0 1
+7 * 1 0 1
+7 * 1 0 1
+7 * 1 0 1 0 0 1 0 0 1
+7 * 1 0 1 1 0 0 1
+7 * 1 0 1
+7 * 1 0 1
+7 * 1 0 1
+7 * 1 0 1
fe=(213)
+7 563 1 1 1 0 0 0 0 0 0 0 0 1 1
cfi=(228)
cfn=(826)
calls=1 0x176610 48 
* * 174 45 42 15 5 1 15 0 1 4 1 4 3
fi=(222)
+6 +90 1 1 0 0 1
+7 * 1
+7 * 1
+3 * 1 1 1 0 0 0 0 0 0 0 0 1 1
cfi=(215)
cfn=(766)
calls=1 0xcdc40 325 
* * 398 119 13 0 0 0 0 0 0 103 1 1
fi=(226)
+6 422 1 1 0 1 0 0 1
fi=(222)
+7 653 1 1
+7 * 1
+3 437 1 0 1
+10 653 1
fi=(226)
+7 422 1
+4 * 1 0 1
fi=(222)
+7 653 1 1 1 0 0 0 0 0 0 0 0 1 1
cfi=(215)
cfn=(766)
calls=1 0xcdc40 325 
* * 398 119 13 0 0 0 0 0 0 103 1 1
fi=(226)
+6 859 1 1 0 0 1
fi=(222)
+7 653 1 1 0 0 1
+7 * 1
+3 437 1 0 1 1 0 0 1
+10 653 1
fi=(226)
+7 859 1
+4 * 1 0 1
fi=(222)
+7 653 1 1 1 0 0 0 0 0 0 0 0 1 1
cfi=(215)
cfn=(766)
calls=1 0xcdc40 325 
* * 398 119 13 0 1 0 0 1 0 103 1 1
fe=(213)
+6 -86 1
+5 * 1
+7 * 1 1 1 0 0 0 0 0 0 0 0 1 1
cfi=(230)
cfn=(830)
calls=1 0x128450 44 
* * 41 13 10 2 0 1 2 0 1 2 0 3 2
fi=(222)
+6 +86 1 1 0 0 1
+7 * 1
+7 * 1 0 0 1 0 0 1
+3 * 1 1 1 0 0 0 0 0 0 0 0 1
cfi=(215)
cfn=(766)
calls=1 0xcdc40 325 
* * 398 119 13 0 0 0 0 0 0 103 1 1
fi=(242)
+6 489 1 1 0 0 1
fi=(222)
+7 653 1 1 0 0 1
+7 * 1
+3 437 1 0 1
+10 653 1
fi=(242)
+7 489 1
+4 * 1 0 1
fi=(222)
+7 653 1 1 1 0 0 0 0 0 0 0 0 1 1
cfi=(215)
cfn=(766)
calls=1 0xcdc40 325 
* * 398 119 13 0 0 0 0 0 0 103 1 1
fi=(242)
+6 546 1 1 0 1 0 0 1
fi=(222)
+7 653 1 1
+7 * 1
+3 437 1 0 1
+10 653 1
fi=(242)
+7 546 1
+4 * 1 0 1
fi=(222)
+7 653 1 1 1 0 0 0 0 0 0 0 0 1 1
cfi=(215)
cfn=(766)
calls=1 0xcdc40 325 
* * 398 119 13 0 0 0 0 0 0 103 1 1
fi=(242)
+6 -49 1 1
fi=(222)
+7 +49 1 1
+7 * 1
+3 437 1 0 1 1 0 0 1
+10 653 1
fi=(242)
+7 -49 1
+4 * 1 0 1
fi=(222)
+7 +49 1 1 1 0 0 0 0 0 0 0 0 1 1
cfi=(215)
cfn=(766)
calls=1 0xcdc40 325 
* * 398 119 13 0 0 0 0 0 0 103 1 1
fi=(242)
+6 +8 1 1
fi=(222)
+7 -8 1 1
+7 * 1
+3 437 1 0 1
+10 653 1 0 0 1 0 0 1
fi=(242)
+7 +8 1
+4 * 1 0 1
fi=(222)
+7 -8 1 1 1 0 0 0 0 0 0 0 0 1 1
cfi=(215)
cfn=(766)
calls=1 0xcdc40 325 
* * 398 119 13 0 0 0 0 0 0 103 1 1
fe=(213)
+6 -63 1 1
+8 * 1 1
+5 +3 1
+4 * 1
+3 -3 1 1
+8 * 1 0 1
+4 * 1 0 1
+4 * 1 0 1
+4 +3 1 0 1 1 0 0 1
cfi=(243)
cfn=(834)
calls=1 0xebf10 100 
* * 1890 600 445 66 22 7 66 0 7 244 69 40 35
+6 +5 1 1
+4 * 1 1
+7 * 1 1 1 0 0 0 0 0 0 0 0 1
cfi=(215)
cfn=(768)
calls=1 0xcdbe0 -91 
* * 6 2 0 0 0 0 0 0 0 1
+6 * 1
+7 +1 1 1
+7 -1 1 0 1
+4 +1 1 1
+4 * 1 1 1 0 0 0 0 0 0 0 0 1 1
cfi=(215)
cfn=(768)
calls=1 0xcdbe0 -92 
* * 6 2 0 0 0 0 0 0 0 1
+6 +1 1 1
+7 -1 1 0 1
+4 +1 1 1
+4 * 1 1 1 1 0 0 1 0 0 0 0 1 1
cfi=(215)
cfn=(768)
calls=1 0xcdbe0 -93 
* * 6 2 0 0 0 0 0 0 0 1
+6 * 1
+7 +1 1 1
+7 -1 1 0 1
+4 +1 1 1
+4 * 1 1 1 0 0 0 0 0 0 0 0 1 1
cfi=(215)
cfn=(768)
calls=1 0xcdbe0 -94 
* * 6 2 0 0 0 0 0 0 0 1
+6 * 1
+7 +2 1 1
+7 -2 1 0 1
+4 +2 1 1
+4 * 1 1 1 0 0 0 0 0 0 0 0 1 1
cfi=(215)
cfn=(768)
calls=1 0xcdbe0 -96 
* * 6 2 0 0 0 0 0 0 0 1
+6 +1 1 1 0 1 0 0 1
+7 -1 1 0 1
+4 +1 1 1
+4 * 1 1 1 0 0 0 0 0 0 0 0 1 1
cfi=(215)
cfn=(768)
calls=1 0xcdbe0 -97 
* * 6 2 0 0 0 0 0 0 0 1
+6 * 1
+7 +1 1 1
+7 -1 1 0 1
+5 +1 1 1
+4 * 1 1 1 0 0 0 0 0 0 0 0 1 1
cfi=(215)
cfn=(768)
calls=1 0xcdbe0 -98 
* * 6 2 0 0 0 0 0 0 0 1
+6 +1 1 1
+4 * 1 1
+7 -1 1 0 1
+5 +1 1 1 1 1 0 0 1 0 0 0 0 1 1
cfi=(215)
cfn=(768)
calls=1 0xcdbe0 -99 
* * 6 2 0 0 0 0 0 0 0 1
+6 * 1
+7 * 1 0 1
+4 +2 1 1
+4 * 1 1
+9 * 1 0 0 0 0 0 0 0 0 1
+2 * 1
+4 * 1 1
+1 * 1 1
+2 * 1 1
+2 * 1 1
+2 * 1 1
+2 * 1 1
+1 * 1 1

fn=(736) std::locale::_S_initialize_once()
0xe7c00 324 1 0 0 1 0 0 1
+4 +4 1
+7 * 1 1
+4 * 1 0 0 0 0 0 0 0 0 1 1
+9 -4 1 0 1
+1 +9 1
+5 * 1
+7 -9 1
+3 +9 1 1 1 0 1 0 0 0 0 0 0 1 1
cfn=(738)
calls=1 0xe6d40 490 
* * 35552 10177 3932 270 140 101 270 20 94 6943 302 812 130
+6 * 1
+7 * 1
+7 +2 1
+7 * 1
+3 -2 1 0 1
+3 +1 1
+7 * 1 0 1
+3 +2 1 1
+1 -1 1 1 0 0 1 0 0 0 0 0 0 1 1
cfi=(215)
cfn=(856)
calls=1 0xccd20 88 
* * 3 1 1 1 0 0 1

fn=(734) std::locale::_S_initialize()
0xe7c60 340 35 0 0 2 0 0 1
fi=(212)
+4 57 35 35 0 0 1
fe=(213)
+7 342 35 35 0 0 1
+3 * 35 0 0 0 0 0 0 0 0 35
+2 +3 35
+7 * 35 35 0 0 1 0 0 1
+4 * 35 0 0 0 0 0 0 0 0 35 2
+2 * 34 34
+51 +1 1 0 0 1 0 0 1
cfn=(736)
calls=1 0xe7c00 -22 
* * 35573 10182 3937 272 142 101 272 20 94 6944 303 814 132

fn=(732)
0xe7cd0 269 35 0 0 2 0 0 1
+4 * 35 0 35
+1 * 35
+3 * 35 0 35
+1 * 35
+3 * 35
+4 * 35 0 35 0 0 1 0 0 1
+7 +2 35 0 35 0 0 1
cfn=(734)
calls=35 0xe7c60 +69 
* * 35853 10321 3937 275 145 101 274 21 94 7014 305 814 132
+6 +11 35
+7 +1 35
+7 -1 35 35
+3 * 35 0 35 2 0 0 1
+3 +1 35 35
+3 * 35 0 0 0 0 0 0 0 0 35 12
+74 +6 35 35 0 2 0 0 1
+4 * 35 35
+1 * 35 35

fl=(354) /usr/src/debug/gcc/gcc/libstdc++-v3/libsupc++/del_ops.cc
fn=(1792) operator delete(void*, unsigned long)
0xb4df0 32 41 0 0 1
+4 +1 41 41 0 0 0 0 0 0 0 0 0 41 1
cfi=(321)
cfn=(1302)
calls=41 -20 +15 
* * 1525 433 180 13 2 0 0 0 0 261 9 41

fl=(256) /usr/src/debug/gcc/gcc/libstdc++-v3/src/c++20/tzdb.cc
fn=(990) _GLOBAL__sub_I_tzdb.cc
0xb2e20 2389 1
fi=(274) /usr/src/debug/gcc/gcc-build/x86_64-pc-linux-gnu/libstdc++-v3/include/bits/chrono_io.h
+4 412 1
+7 * 1 1 0 0 1 0 0 1
+3 * 1 0 0 0 0 0 0 0 0 1
+2 * 1 0 1
fe=(256)
+3 2389 1 1

fn=(906) _GLOBAL__sub_I.00098_tzdb.cc
0xb2e40 2389 1 0 0 1 0 0 1
+4 210 1
+7 * 1
+7 * 1
+7 * 1 1 0 0 0 0 0 0 0 0 0 1 1
cob=(2)
cfi=(255)
cfn=(900)
calls=1 0x40950 67 
* * 76 13 15 0 0 0 0 0 0 10 1

fl=(331)
fn=(2866) std::istream::read(char*, long)
0x13cc30 709 1547364 0 0 1 0 0 1
+4 * 1547364 0 1547364
+1 * 1547364
+3 * 1547364 0 1547364
+2 * 1547364
+3 * 1547364 0 1547364
+2 * 1547364 0 1547364
+1 * 1547364 0 0 1 0 0 1
+3 +4 1547364
+3 -4 1547364
+4 * 1547364 1547364
+9 * 1547364 0 1547364
+4 * 1547364
+3 +3 1547364 0 1547364
+8 +1 1547364
+5 * 1547364
+4 * 1547364 1547364 1547364 0 0 0 0 0 0 0 0 1547364 1
cfn=(1426)
calls=1547364 0x13b990 51 
* * 47968284 15473640 10831548 3 0 0 0 0 0 4642092 14
+6 +1 1547364 1547364
+4 * 1547364 0 0 0 0 0 0 0 0 1547364
+2 +5 1547364 1547364
fi=(246)
+3 367 1547364
+3 * 1547364
fi=(247)
+3 -28 1547364 1547364 0 1 0 0 1
+4 * 1547364 1547364
fi=(246)
+8 +28 1547364 1547364
+3 * 1547364 1547364 1547364 0 0 0 0 0 0 0 0 1547364 1
cfi=(314)
cfn=(2868)
calls=1547364 0x16db30 50 
* * 86652398 18568378 13926277 7 24180 24177 7 0 20110 13926278 15 1547364 2
fe=(331)
+3 719 1547364 0 1547364
+4 +1 1547364
+3 * 1547364 0 0 0 0 0 0 0 0 1547364 2
+2 +14 1547364 1547364
+4 * 1547364 1547364
+9 * 1547364 0 0 0 0 0 0 0 0 1547364
+2 * 1547364
+4 * 1547364
+3 * 1547364 1547364
+1 * 1547364 1547364
+2 * 1547364 1547364
+2 * 1547364 1547364
+1 * 1547364 1547364

fn=(1426)
0x13b990 51 1547368 0 0 3 0 0 1
+4 * 1547368 0 1547368
+1 * 1547368
+3 * 1547368
+3 * 1547368
+4 +4 1547368 1547368
+3 -4 1547368 0 1547368
+4 * 1547368
+3 * 1547368 0 1547368
+4 +1 1547368 0 1547368
+3 +3 1547368 1547368
+4 * 1547368
fi=(247)
+3 +93 1547368 1547368
fe=(331)
+3 -93 1547368
+2 * 1547368 0 0 0 0 0 0 0 0 1547368
+2 * 1547368 0 1547368 3 0 0 1
+4 * 1547368
fi=(247)
+3 312 1547368 1547368
+7 * 1547368 0 1547368
+4 * 1547368
fe=(331)
+3 59 1547368
+3 * 1547368 0 0 0 0 0 0 0 0 1547368 11
+74 +2 1547368 0 0 3 0 0 1
+2 * 1547368 0 0 0 0 0 0 0 0 1547368 11
+8 * 1547368 1547368
+4 +35 1547368 1547368
+4 -6 1547368 0 1547368
+4 +6 1547368 1547368
+4 * 1547368 1547368
+4 * 1547368 1547368
+1 * 1547368 1547368

fl=(272) /usr/src/debug/gcc/gcc/libstdc++-v3/src/c++98/parallel_settings.cc
fn=(956) _GLOBAL__sub_I_parallel_settings.cc
0xb2a40 42 1 0 0 1 0 0 1
fi=(384) /usr/src/debug/gcc/gcc-build/x86_64-pc-linux-gnu/libstdc++-v3/include/parallel/settings.h
+4 290 1 1
+8 +10 1
+5 +3 1 1
+8 -5 1 0 1 0 0 1 0 0 1
+11 +1 1 0 1
+10 -9 1 0 1 0 0 1 0 0 1
+7 * 1
+4 * 1
+5 +13 1 0 1 1 0 0 1
+7 * 1 1 0 0 1 0 0 1
+8 -13 1 0 1
+7 +10 1
+5 +2 1 1 0 0 1 0 0 1
+7 -2 1
+4 +9 1 0 1 0 0 1 0 0 1
+11 -9 1 0 1
+7 +3 1 0 1
+7 +8 1 0 1 1 0 0 1
+7 +3 1 0 1 0 0 1 0 0 1
+7 +3 1 0 1
+7 +5 1 0 1 0 0 1 0 0 1
+7 * 1 0 1
+7 * 1 0 1
+7 +8 1 1
+8 -28 1 0 1
+7 +11 1
+10 +17 1 0 1 1 0 0 1
+7 * 1 1
+8 -17 1 0 1
+7 +6 1
+10 * 1 0 1
+7 +9 1
+10 +2 1 0 1 0 0 1 0 0 1
+7 * 1 1
+8 -2 1 0 1 1 0 0 1
+7 +8 1
+10 -6 1 0 1
+7 -20 1 0 1
+10 +6 1 0 1
+11 +4 1 0 1
+10 -17 1 0 1
+7 +33 1 0 1 1 0 0 1
+7 +2 1 1 0 0 1 0 0 1
+8 +2 1 0 1
+10 -2 1 0 1
fe=(272)
+7 42 1 1

fl=(245)
fn=(844)
0xd60e0 216 1 0 0 1 0 0 1
+4 * 1 0 1
+1 * 1
+3 * 1
+4 * 1 0 1
+4 * 1
+3 * 1 0 1
+4 * 1
+3 +1 1 1
+5 * 1 0 0 1 0 0 1 0 0 1
+6 +3 1
+3 * 1 0 0 0 0 0 0 0 0 1 1
0xd6330 +3 1 1 0 1 0 0 1
+4 +12 1 1
+7 -10 1 0 0 1 0 0 1
+7 -2 1 0 1
+4 +1 1 1
+4 +11 1 1
+2 -11 1 0 1
+4 +1 1 1
+4 * 1 0 1
+4 +1 1 0 1
+8 +1 1 0 1
+4 +1 1 0 1
+4 +1 1 0 1
+8 +1 1 0 1
+4 +1 1 0 1
+8 +1 1 0 1
+4 +1 1 0 1 1 0 0 1
+8 +1 1 0 1
+7 +1 1 0 1
+3 +1 1 1
+4 * 1 0 1
+3 +3 1 1
+7 * 1 1
+3 -1 1
+2 * 1
+5 * 1
+11 * 1
+11 +1 1 1 0 1 0 0 1
+4 * 1 1
+4 * 1 0 1
+4 -1 1
+4 * 1
+4 * 1 0 0 0 0 0 0 0 0 1
-20 +1 10 10
+4 * 10 10
+4 * 10 0 10
+4 -1 10
+4 * 10
+4 * 10 0 0 0 0 0 0 0 0 10 5
+2 366 1 1
+4 * 1 1
+4 * 1 1
+1 * 1 1

fn=(852)
0xd6dc0 558 1 0 0 1 0 0 1
+4 * 1 0 1
+1 * 1
+3 * 1
+4 * 1 0 1
+4 * 1
+3 * 1 0 1
+4 * 1 1
+9 * 1 0 1
+4 * 1
+3 +1 1 1
+5 * 1 0 0 0 0 0 0 0 0 1
+6 +3 1
+3 * 1 0 0 0 0 0 0 0 0 1 1
0xd7015 731 1 1
+4 * 1 1
+9 * 1 0 0 0 0 0 0 0 0 1
+6 * 1 1
+4 * 1 1
+4 * 1 1
+1 * 1 1
+7 565 1 1 0 1 0 0 1
+5 +5 1 0 0 1 0 0 1
+7 -5 1
+10 +2 1
+7 -2 1 0 1
+4 +12 1 1
+7 -7 1 0 1
+4 +7 1 1
+2 -5 1 0 1
+4 +2 1 0 1
+4 +3 1 0 1
+3 -10 1 0 1
+4 +1 1 0 1
+8 +1 1 0 1 1 0 0 1
+4 +2 1 0 1
+8 +2 1 0 1
+8 +2 1 0 1
+8 +1 1 0 1
+7 +2 1 1
+5 * 1 0 1
+3 +5 1 1
+7 -1 1 1
+5 +1 1 1
+3 -2 1
+2 * 1
+7 +2 1 1 0 1 0 0 1
+4 * 1 0 1
+4 -2 1
+4 * 1
+4 * 1 0 0 0 0 0 0 0 0 1
-16 +2 10 10
+4 * 10 0 10
+4 -2 10
+4 * 10
+4 * 10 0 0 0 0 0 0 0 0 10 6
+2 * 1

fn=(842)
0xd6620 372 1 0 0 1 0 0 1
+4 * 1 0 1
+1 * 1
+3 * 1
+4 * 1 0 1
+4 * 1
+3 * 1 0 1
+4 * 1
+3 +1 1 1
+5 * 1 0 0 1 0 0 1 0 0 1
+6 +3 1
+3 * 1 0 0 0 0 0 0 0 0 1 1
0xd6860 +3 1 1 0 1 0 0 1
+4 +12 1 1
+7 -10 1
+7 -2 1 0 1
+4 +1 1 1
+4 +11 1 1
+2 -11 1 0 1
+4 +1 1 1 0 1 0 0 1
+4 * 1 0 1
+4 +1 1 0 1
+8 +1 1 0 1
+4 +1 1 0 1
+4 +1 1 0 1
+8 +1 1 0 1
+4 +1 1 0 1
+8 +1 1 0 1
+4 +1 1 0 1
+8 +1 1 0 1
+7 +1 1 0 1 1 0 0 1
+3 +1 1 1
+4 * 1 0 1
+3 +3 1 1
+7 * 1 1
+3 -1 1
+2 * 1
+11 +1 1 1
+4 * 1 1
+4 * 1 0 1
+4 -1 1
+4 * 1
+4 * 1 0 0 0 0 0 0 0 0 1 1
-20 +1 10 10
+4 * 10 10
+4 * 10 0 10
+4 -1 10
+4 * 10
+4 * 10 0 0 0 0 0 0 0 0 10 5
+2 517 1 1
+4 * 1 1
+4 * 1 1
+1 * 1 1

fn=(850)
0xd73e0 741 1 0 0 1 0 0 1
+4 * 1 0 1
+1 * 1
+3 * 1
+4 * 1 0 1
+4 * 1
+3 * 1 0 1
+4 * 1 1
+9 * 1 0 1 1 0 0 1
+4 * 1
+3 +1 1 1
+5 * 1 0 0 0 0 0 0 0 0 1 1
+6 +3 1
+3 * 1 0 0 0 0 0 0 0 0 1 1
0xd7635 914 1 1 0 1 0 0 1
+4 * 1 1
+9 * 1 0 0 0 0 0 0 0 0 1
+6 * 1 1
+4 * 1 1
+4 * 1 1
+1 * 1 1
+7 748 1 1 0 1 0 0 1
+5 +5 1
+7 -5 1
+10 +2 1
+7 -2 1 0 1
+4 +12 1 1
+7 -7 1 0 1 1 0 0 1
+4 +7 1 1
+2 -5 1 0 1
+4 +2 1 0 1
+4 +3 1 0 1
+3 -10 1 0 1
+4 +1 1 0 1
+8 +1 1 0 1
+4 +2 1 0 1
+8 +2 1 0 1
+8 +2 1 0 1
+8 +1 1 0 1
+7 +2 1 1 0 1 0 0 1
+5 * 1 0 1
+3 +5 1 1
+7 -1 1 1
+5 +1 1 1
+3 -2 1
+2 * 1
+7 +2 1 1
+4 * 1 0 1
+4 -2 1
+4 * 1
+4 * 1 0 0 0 0 0 0 0 0 1 1
-16 +2 10 10
+4 * 10 0 10
+4 -2 10
+4 * 10
+4 * 10 0 0 0 0 0 0 0 0 10 5
+2 * 1

fl=(273) /usr/src/debug/gcc/gcc/libstdc++-v3/src/c++11/locale-inst.cc
fn=(966) _GLOBAL__sub_I_cxx11_wlocale_inst.cc
0xb2c20 160 1
fi=(226)
+4 1653 1 1
+7 * 1 1 0 0 1 0 0 1
+3 * 1 0 0 0 0 0 0 0 0 1
+2 * 1 0 1
+3 1818 1 1 0 0 1
+7 * 1 1
+3 * 1 0 0 0 0 0 0 0 0 1
+2 * 1 0 1 1 0 0 1
+3 1415 1 1
+7 * 1 1
+3 * 1 0 0 0 0 0 0 0 0 1 1
+2 * 1 0 1
+3 * 1 1 0 0 1
+7 * 1 1
+3 * 1 0 0 0 0 0 0 0 0 1 1
+2 * 1 0 1
fi=(224)
+3 1893 1 1 0 0 1
+7 * 1 1
+3 * 1 0 0 0 0 0 0 0 0 1
+2 * 1 0 1
fi=(226)
+3 796 1 1 0 0 1
+7 * 1 1
+3 * 1 0 0 0 0 0 0 0 0 1
+2 * 1 0 1
+3 2024 1 1 0 1 0 0 1
+7 * 1 1
+3 * 1 0 0 0 0 0 0 0 0 1
+2 * 1 0 1
fi=(222)
+3 839 1 1 0 0 1
+7 * 1 1
+3 * 1 0 0 0 0 0 0 0 0 1
+2 * 1 0 1
fe=(273)
+3 160 1 1

fn=(974) _GLOBAL__sub_I_locale_inst.cc
0xb2ca0 160 1
fi=(224)
+4 2310 1 1
+7 * 1 1
+3 * 1 0 0 0 0 0 0 0 0 1
+2 * 1 0 1
+3 2603 1 1
+7 * 1 1
+3 * 1 0 0 0 0 0 0 0 0 1
+2 * 1 0 1 1 0 0 1
fi=(226)
+3 1653 1 1 0 0 1
+7 * 1 1
+3 * 1 0 0 0 0 0 0 0 0 1 1
+2 * 1 0 1
+3 1818 1 1 0 0 1
+7 * 1 1
+3 * 1 0 0 0 0 0 0 0 0 1 1
+2 * 1 0 1
+3 1415 1 1
+7 * 1 1 0 0 1 0 0 1
+3 * 1 0 0 0 0 0 0 0 0 1
+2 * 1 0 1
+3 * 1 1 0 0 1
+7 * 1 1
+3 * 1 0 0 0 0 0 0 0 0 1
+2 * 1 0 1
fi=(224)
+3 1893 1 1 0 1 0 0 1
+7 * 1 1
+3 * 1 0 0 0 0 0 0 0 0 1
+2 * 1 0 1
fi=(226)
+3 328 1 1 0 0 1
+7 * 1 1
+3 * 1 0 0 0 0 0 0 0 0 1
+2 * 1 0 1
+3 929 1 1
+7 * 1 1
+3 * 1 0 0 0 0 0 0 0 0 1
+2 * 1 0 1
+3 796 1 1
+7 * 1 1
+3 * 1 0 0 0 0 0 0 0 0 1
+2 * 1 0 1
+3 2024 1 1 0 1 0 0 1
+7 * 1 1
+3 * 1 0 0 0 0 0 0 0 0 1
+2 * 1 0 1
fi=(222)
+3 839 1 1
+7 * 1 1
+3 * 1 0 0 0 0 0 0 0 0 1 1
+2 * 1 0 1
fe=(273)
+3 160 1 1

fn=(982) _GLOBAL__sub_I_wlocale_inst.cc
0xb2d60 160 1
fi=(224)
+4 2310 1 1 0 0 1
+7 * 1 1
+3 * 1 0 0 0 0 0 0 0 0 1 1
+2 * 1 0 1
+3 2603 1 1
+7 * 1 1
+3 * 1 0 0 0 0 0 0 0 0 1
+2 * 1 0 1 1 0 0 1
fi=(226)
+3 1653 1 1
+7 * 1 1
+3 * 1 0 0 0 0 0 0 0 0 1
+2 * 1 0 1
+3 1818 1 1 0 0 1
+7 * 1 1
+3 * 1 0 0 0 0 0 0 0 0 1
+2 * 1 0 1
+3 1415 1 1 0 0 1
+7 * 1 1 0 0 1 0 0 1
+3 * 1 0 0 0 0 0 0 0 0 1
+2 * 1 0 1
+3 * 1 1 0 0 1
+7 * 1 1
+3 * 1 0 0 0 0 0 0 0 0 1
+2 * 1 0 1
fi=(224)
+3 1893 1 1 0 1 0 0 1
+7 * 1 1
+3 * 1 0 0 0 0 0 0 0 0 1
+2 * 1 0 1
fi=(226)
+3 328 1 1 0 0 1
+7 * 1 1
+3 * 1 0 0 0 0 0 0 0 0 1
+2 * 1 0 1
+3 929 1 1 0 0 1
+7 * 1 1
+3 * 1 0 0 0 0 0 0 0 0 1
+2 * 1 0 1
+3 796 1 1
+7 * 1 1
+3 * 1 0 0 0 0 0 0 0 0 1 1
+2 * 1 0 1
+3 2024 1 1 0 1 0 0 1
+7 * 1 1
+3 * 1 0 0 0 0 0 0 0 0 1 1
+2 * 1 0 1
fi=(222)
+3 839 1 1
+7 * 1 1
+3 * 1 0 0 0 0 0 0 0 0 1 1
+2 * 1 0 1
fe=(273)
+3 160 1 1

fn=(958) _GLOBAL__sub_I_cxx11_locale_inst.cc
0xb2ba0 160 1
fi=(226)
+4 1653 1 1 0 0 1
+7 * 1 1 0 0 1 0 0 1
+3 * 1 0 0 0 0 0 0 0 0 1
+2 * 1 0 1
+3 1818 1 1
+7 * 1 1
+3 * 1 0 0 0 0 0 0 0 0 1
+2 * 1 0 1 1 0 0 1
+3 1415 1 1
+7 * 1 1
+3 * 1 0 0 0 0 0 0 0 0 1
+2 * 1 0 1
+3 * 1 1
+7 * 1 1
+3 * 1 0 0 0 0 0 0 0 0 1 1
+2 * 1 0 1
fi=(224)
+3 1893 1 1
+7 * 1 1
+3 * 1 0 0 0 0 0 0 0 0 1
+2 * 1 0 1
fi=(226)
+3 796 1 1
+7 * 1 1
+3 * 1 0 0 0 0 0 0 0 0 1
+2 * 1 0 1
+3 2024 1 1 0 1 0 0 1
+7 * 1 1
+3 * 1 0 0 0 0 0 0 0 0 1
+2 * 1 0 1
fi=(222)
+3 839 1 1 0 0 1
+7 * 1 1
+3 * 1 0 0 0 0 0 0 0 0 1
+2 * 1 0 1
fe=(273)
+3 160 1 1

ob=(4) ???
fl=(198) ???
fn=(674) 0x000000000488f000
0x488f000 0 1 0 0 1 0 0 1
+4 0 1
+4 0 1 1
+7 0 1
+3 0 1 0 0 0 0 0 0 0 0 1 1
+4 0 1
+4 0 1 1

fn=(712) 0x0000000004ba2000
0x4ba2000 0 1 0 0 1 0 0 1
+4 0 1
+4 0 1 1 0 0 1
+7 0 1
+3 0 1 0 0 0 0 0 0 0 0 1
+4 0 1
+4 0 1 1

fn=(930) 0x0000000004d162f0
0x4d162f0 0 1 0 0 1 0 0 1
+4 0 1 1 0 0 0 0 0 0 0 0 0 1 1
cob=(2)
cfi=(265) /usr/src/debug/glibc/glibc/string/../sysdeps/x86_64/multiarch/strcmp-avx2.S
cfn=(932) __strncmp_avx2
calls=1 0x175e20 206 
* 0 25 5 0 2 0 0 2 0 0 4 1

fn=(1000) 0x0000000004006000
0x4006000 0 1 0 0 1 0 0 1
+4 0 1
+4 0 1 1 0 0 1
+7 0 1
+3 0 1 0 0 0 0 0 0 0 0 1 1
+4 0 1
+4 0 1 1

fn=(696) 0x0000000004cc9000
0x4cc9000 0 1 0 0 1 0 0 1
+4 0 1
+4 0 1 1 0 0 1
+7 0 1
+3 0 1 0 0 0 0 0 0 0 0 1 1
+4 0 1
+4 0 1 1

fn=(688) 0x0000000004d16330
0x4d16330 0 1 0 0 1 0 0 1
+4 0 1 1 0 0 1 0 0 0 0 0 0 1 1
cob=(2)
cfi=(202) /usr/src/debug/glibc/glibc/string/../sysdeps/x86_64/multiarch/strrchr-avx2.S
cfn=(690) __strrchr_avx2
calls=1 0x176bf0 53 
* 0 22 2 0 2 1 0 2 0 0 3 1

fn=(1168) 0x0000000004d16340
0x4d16340 0 1 0 0 1 0 0 1
+4 0 1 1 0 0 0 0 0 0 0 0 0 1 1
cob=(2)
cfi=(306) /usr/src/debug/glibc/glibc/string/../sysdeps/x86_64/multiarch/strchr-avx2.S
cfn=(1170) __strchr_avx2
calls=1 0x174160 53 
* 0 21 3 0 2 0 0 2 0 0 3 1

fn=(812) 0x0000000004d16250
0x4d16250 0 69 0 0 1 0 0 1
+4 0 69 69 0 0 1 0 0 0 0 0 0 69 2
cob=(2)
cfi=(240) /usr/src/debug/glibc/glibc/string/../sysdeps/x86_64/multiarch/strlen-avx2.S
cfn=(814) __strlen_avx2
calls=69 0x174d40 52 
* 0 966 138 0 1 5 0 1 5 0 138 6

fn=(722) 0x0000000004959000
0x4959000 0 1 0 0 1 0 0 1
+4 0 1
+4 0 1 1 0 0 1
+7 0 1
+3 0 1 0 0 0 0 0 0 0 0 1
+4 0 1
+4 0 1 1

ob=(1) /usr/lib/ld-linux-x86-64.so.2
fl=(47) /usr/src/debug/glibc/glibc/elf/../elf/dl-tls.c
fn=(148) _dl_count_modids
0x134a0 228 1 0 0 1 0 0 1
+4 +2 1 1
+7 * 1 0 0 0 0 0 0 0 0 1
+2 +1 1 1 0 0 1 0 0 1
+7 +15 1
+3 * 1 1

fn=(276) _dl_allocate_tls_storage
0x13720 517 1 0 0 1 0 0 1
+4 * 1 0 1
+1 * 1
+3 * 1
+4 * 1 0 1
fi=(75) /usr/src/debug/glibc/glibc/elf/./dl-tls_block_align.h
+4 23 1 1
fe=(47)
+7 +74 1 1 1 0 0 0 0 0 0 1
+8 523 1 1 0 1 0 0 1
+7 * 1
fi=(29) /usr/src/debug/glibc/glibc/elf/../include/rtld-malloc.h
+5 56 1 1 1 0 0 0 0 0 0 0 0 1 1
cfi=(28) /usr/src/debug/glibc/glibc/elf/dl-minimal-malloc.c
cfn=(80) __minimal_malloc
calls=1 0xc690 -20 
* * 105 21 18 0 0 0 0 0 0 11 7
fe=(47)
+6 525 1
+3 * 1 0 0 0 0 0 0 0 0 1
fi=(75)
+2 41 1 1
+7 * 1 0 1
+4 +6 1
+2 * 1
+3 * 1
+5 * 1
+3 * 1
+3 +5 1
+2 -5 1
+3 +5 1
+5 -4 1 0 0 1 0 0 1
+8 +4 1 0 1
cfi=(10) /usr/src/debug/glibc/glibc/string/../sysdeps/x86_64/multiarch/../multiarch/memset-vec-unaligned-erms.S
cfn=(20) memset
calls=1 0x26630 +85 
* * 273 1 148 1 0 37 0 0 37 39 5
fe=(47)
+6 535 1 0 1 0 0 1 0 0 1
fi=(75)
+7 52 1
fe=(47)
+3 537 1 0 1
cfn=(280) allocate_dtv
calls=1 0x12f60 -77 
* * 48 10 9 2 0 0 2 0 0 5 2 2 1
+5 * 1
+3 +1 1
+3 * 1 0 0 0 0 0 0 0 0 1
+2 +2 1 1
+7 * 1 0 0 0 0 0 0 0 0 1
+2 103 1 1 1 0 0 0 0 0 0 1
+8 * 1 1
+4 545 1
+3 * 1 1
+4 * 1 1
+1 * 1 1

fn=(280)
0x12f60 460 1 0 1 1 0 0 1
fi=(29)
+1 44 1
fe=(47)
+5 460 1
+3 * 1 0 1
+2 * 1
+3 * 1 0 1
+1 +5 1 1
+7 +5 1
fi=(29)
+4 44 1 1 1 0 0 0 0 0 0 0 0 1 1
cfi=(28)
cfn=(76) __minimal_calloc
calls=1 0xc7e0 +36 
* * 28 4 3 0 0 0 0 0 0 4 2 1
fe=(47)
+6 471 1 0 0 1 0 0 1
+3 * 1 0 0 0 0 0 0 0 0 1
+2 -2 1
+4 +11 1
+4 -11 1 0 1
+4 +11 1 0 1
+5 * 1
+3 +6 1 1
+1 * 1 1
+2 * 1 1
+1 * 1 1

fn=(472) _dl_add_to_slotinfo
0x13e80 1177 3 0 0 1 0 0 1
+4 +1 3 3
+8 * 3 0 0 0 0 0 0 0 0 3
+2 * 3 3
+7 * 3 0 0 0 0 0 0 0 0 3 2
+2 -1 3 0 3
+1 * 3
+3 * 3
+3 * 3
+3 * 3
+4 +9 3 3
+7 +3 3 3 0 0 1
+7 +1 3
+28 +4 3 3 0 1 1 0 1
+3 * 3
+3 * 3 0 0 0 0 0 0 0 0 3
+2 +45 3
+5 -9 3
+3 * 3 0 0 0 0 0 0 0 0 3 2
+17 +3 3
+4 * 3 0 3 0 0 2 0 0 1
+5 +1 3 3
+7 * 3 0 0 1 0 0 1
+4 * 3 0 3
+5 +5 3
+3 -3 3 0 3
+8 +4 3 3
+1 * 3 3

fn=(604) _dl_tls_initial_modid_limit_setup
0x13e30 1138 1 0 0 1 0 0 1
+4 +1 1 1
+7 +3 1
+5 * 1 1 0 1 0 0 1
+3 * 1
+4 * 1 0 0 0 0 0 0 0 0 1 1
+9 +6 3 3
+7 * 3 0 0 0 0 0 0 0 0 3
+2 -6 3
+4 * 3
+3 * 3 0 0 0 0 0 0 0 0 3
+2 +2 4
+3 * 4
+4 * 4 4
+5 +1 4
+3 * 4 0 0 0 0 0 0 0 0 4 3
+2 +6 1 0 1 0 0 1
+7 +1 1 1

fn=(270) _dl_tls_static_surplus_init
0x13300 133 1 0 0 1 0 0 1
+4 * 1 0 1
+1 +3 1
+2 -3 1
+3 * 1 0 1
+2 * 1
+3 +3 1
+5 -3 1 0 1
+1 +3 1
+4 -3 1
+4 +3 1 0 1
cfi=(12) /usr/src/debug/glibc/glibc/elf/dl-tunables.c
cfn=(30) __tunable_get_val
calls=1 0x14f60 435 
* * 17 4 1 0 2 0 0 2 0 3
+5 * 1 1
+4 +1 1
+2 * 1
+4 * 1
+5 * 1 0 1
cfi=(12)
cfn=(30)
calls=1 0x14f60 435 
* * 17 4 1 0 1 0 0 1 0 3
+5 +1 1
+5 +2 1
+5 -3 1 1 0 1 0 0 1
+4 +1 1
+3 * 1
+4 +2 1
+3 * 1
+3 * 1 0 0 0 0 0 0 0 0 1
+2 +3 1
+3 +2 1 0 1
+7 -26 1
+4 * 1
+3 * 1
+3 +28 1
+7 * 1
+2 * 1 0 1
+7 +1 1
+4 * 1 1
+1 * 1 1
+2 * 1 1
+1 * 1 1

fn=(272) _dl_determine_tlsoffset
0x13510 251 1 0 0 1 0 0 1
+4 * 1 0 1
+1 * 1
+3 * 1
+4 +37 1 1
+7 -37 1 0 1
+4 * 1 0 1
+4 * 1 0 1
+4 +37 1
+3 * 1 0 0 0 0 0 0 0 0 1
+6 * 1 0 1
+4 -2 1
+2 -32 1 0 0 1 0 0 1
+3 -1 1
+3 -1 1
+6 * 1
+6 +63 3
+4 * 3
+2 * 3
+3 +3 3
+3 -3 3
+3 * 3
+3 * 3
+3 * 3
+3 * 3
+4 +5 3
+3 +7 3 0 3
+7 -7 3
+3 * 3
+3 * 3
+4 * 3
+4 +3 3
+3 -34 3 3
+4 -1 3
+3 * 3 0 0 0 0 0 0 0 0 3
-7 +1 4 4
+4 -1 4
+3 * 4 0 0 0 0 0 0 0 0 4 1
+2 +3 7 7 0 1 2 0 1
+7 * 7
+3 * 7 0 0 0 0 0 0 0 0 7 3
+2 +4 3 3
+7 -1 3 3
+7 +5 3
+3 -5 3
+3 +1 3
+4 -1 3
+3 +3 3
+3 * 3
+4 +2 3 0 0 1 0 0 1
+3 * 3
+3 * 3 0 0 0 0 0 0 0 0 3 3
+60 -11 1 1 0 1 0 0 1
fi=(74) /usr/src/debug/glibc/glibc/elf/../sysdeps/unix/sysv/linux/dl-extra_tls.h
+4 32 1
+2 * 1
+4 * 1
+5 +12 1
+6 -12 1 0 1
cfi=(12)
cfn=(30)
calls=1 0x14f60 435 
* * 18 4 1 0 2 0 0 2 0 3 2
+5 +1 1 1
+3 * 1
+2 * 1 0 0 0 0 0 0 0 0 1
+2 +4 1 1
+6 * 1
+5 * 1 1
+7 * 1
+2 * 1
+3 * 1
+2 * 1
+5 * 1 0 0 1 0 0 1
+3 * 1
+3 * 1
+3 +14 1
+2 * 1
+4 * 1
+5 * 1 0 1
cfi=(12)
cfn=(30)
calls=1 0x14f60 435 
* * 18 4 1 0 0 0 0 0 0 3 2
+5 +1 1 1
+3 * 1
+2 * 1 0 0 0 0 0 0 0 0 1 1
fe=(47)
+19 350 1
+5 * 1
+2 * 1
+3 * 1
+3 * 1
+3 * 1 0 0 1 0 0 1
+3 +14 1
+2 +91 1 0 1
+7 +1 1 1
+4 -95 1
+3 +2 1 0 1
+7 +93 1 1
+4 -95 1
+3 * 1 0 1
+7 +3 1 1
+7 * 1
+5 * 1
+3 +92 1 1
+4 -92 1
+3 * 1
+3 * 1
+3 +2 1
+7 * 1 0 1
+7 +90 1 1
+1 * 1 1
fi=(74)
+5 54 1 1 0 1 0 0 1
fe=(47)
+7 344 1
+3 * 1
+3 * 1
+4 +6 1
+3 * 1 0 0 0 0 0 0 0 0 1
+2 * 1

fn=(606) _dl_allocate_tls_init
0x13800 612 1 0 0 1 0 0 1
+4 * 1 0 1
+1 * 1
+3 * 1
+4 * 1 0 1
+4 * 1 0 1
+4 +1 1
+3 * 1 0 0 0 0 0 0 0 0 1
+6 * 1 0 1
+4 +4 1 1 0 0 1
+4 +6 1
+7 * 1 0 1
+4 +3 1
+7 * 1 0 1
+4 * 1 0 1
+4 * 1 0 1 1 0 0 1
+4 -9 1 0 1
+4 +6 1 1 1 0 0 0 0 0 0 0 0 1 1
cfi=(25) /usr/src/debug/glibc/glibc/elf/../sysdeps/nptl/dl-tls_init_tp.c
cfn=(90) rtld_mutex_dummy
calls=1 0x14180 43 
* * 3 1
+6 +3 1 1
+7 * 1 1 0 0 1
+4 * 1 0 0 0 0 0 0 0 0 1
+6 +36 1 1
+7 -43 1
+2 +43 1
+3 * 1
+6 -19 1
+3 * 1
+3 * 1
+4 * 1 1
+3 * 1 0 0 1 0 0 1 0 0 1 1
+6 * 1
+3 * 1
+3 * 1
+3 * 1 0 1
+4 * 1
+3 * 1
+3 * 1
+10 +9 3
+3 * 3
+4 * 3 3
+5 +1 3
+3 * 3 0 0 0 0 0 0 0 0 3
+6 +6 3 3
+5 * 3 3 0 1 0 0 1
+7 * 3 0 0 0 0 0 0 0 0 3
+6 +3 3 3 0 0 2
+7 -2 3
+3 +6 3 3
+7 -6 3
+4 +2 3 3 0 0 1
+8 * 3
+3 +4 3
+4 -4 3
+4 * 3 3
+4 * 3 0 3 0 0 1 0 0 1
+3 +3 3
+4 * 3 0 0 0 0 0 0 0 0 3
+6 +4 3 0 0 1 0 0 1
+3 * 3 0 0 0 0 0 0 0 0 3
+6 +1 3 3
+7 * 3 3 0 0 1
+7 * 3
+3 * 3 0 0 0 0 0 0 0 0 3
+6 +2 3
+3 * 3 0 0 0 0 0 0 0 0 3
+6 +1 3 3
+4 * 3
+3 +9 3 0 3
+3 +10 3 3
+5 * 3 0 0 0 0 0 0 0 0 3
+8 * 3 0 3 1 0 0 1
+4 +2 3 3
+7 * 3 0 3
+4 * 3 0 3
+4 * 3 0 3
cfi=(30) /usr/src/debug/glibc/glibc/string/../sysdeps/x86_64/multiarch/memmove-vec-unaligned-erms.S
cfn=(142) mempcpy
calls=3 0x26430 197 
* * 47 7 4 1 2 2 0 0 2 12 5
+6 * 3 3
+4 * 3 3
+4 * 3
+2 * 3
+3 * 3
+3 * 3 0 3
cfi=(10)
cfn=(20)
calls=3 0x26630 137 
* * 52 3 12 4 0 1 0 0 1 8 3
+6 +3 3 3
+4 * 3 3
+4 * 3 0 0 0 0 0 0 0 0 3
+2 +1 3 0 3
+7 +4 3 3
+7 -59 3
+4 * 3
+4 * 3 3
+3 * 3 0 0 0 0 0 0 0 0 3
+2 +6 4 0 0 1 0 0 1
+3 * 4 0 0 0 0 0 0 0 0 4 3
+6 +59 1
+7 * 1 1 1 0 0 0 0 0 0 0 0 1 1
cfi=(25)
cfn=(90)
calls=1 0x14180 43 
* * 3 1
+6 +3 1 1
+4 * 1 1
+4 * 1 1
+4 * 1 1
+4 * 1 0 1
+3 * 1 1 0 1 0 0 1
+4 * 1 1
+4 +3 1 1
+4 * 1 1
+1 * 1 1

fn=(244) _dl_assign_tls_modid
0x133a0 161 3 0 0 1 0 0 1
+4 * 3 0 3
+1 * 3
+3 * 3
+4 +3 3 3
+7 * 3 3
+7 * 3 0 0 0 0 0 0 0 0 3
+2 +53 3
+4 +2 3 0 3 1 0 0 1
+7 +3 3 0 3
+7 +1 3 3
+1 * 3 3

fl=(64) /usr/src/debug/glibc/glibc/io/../sysdeps/unix/sysv/linux/close_nocancel.c
fn=(212) __GI___close_nocancel
0x25210 25 6 0 0 1 0 0 1
+4 +1 6
+5 * 6
+2 * 6
+6 * 6 0 0 0 0 0 0 0 0 6
+2 +1 6 6

fl=(10)
fn=(20)
0x26630 137 12 0 0 2 0 0 1
+4 +1 12
+4 * 12
+3 * 12
+4 * 12 0 0 2 0 0 1
+4 * 12
+5 +5 12
+4 +1 12 0 0 0 0 0 0 0 0 12 7
+6 +3 9
+4 +1 9 0 0 0 0 0 0 0 0 9 5
+2 +2 2 0 2 0 0 2 0 0 2
+5 +1 2 0 2
+3 +1 2 2
+10 +84 7 0 7 0 0 6 0 0 6
+3 +1 7 0 7
+4 +12 7
+3 +3 7
+4 +1 7 0 0 0 0 0 0 0 0 7
+2 +12 7 0 7 0 0 2 0 0 2
+4 +1 7 0 7 4 0 2 1 0 2
+4 +13 7
+4 +1 7
+7 +2 7 0 0 0 0 0 0 0 0 7
+2 +3 6
+4 +3 6
+4 * 6
+9 +3 6 0 6 0 0 2 0 0 2
+3 +1 6 0 6
+4 +1 6 0 6 0 0 1 0 0 1
+4 +1 6 0 6 0 0 1 0 0 1
+4 +1 6
+4 +1 6
+3 +1 6 0 0 0 0 0 0 0 0 6 4
-22 -6 135 0 135 0 0 78 0 0 78
+3 +1 135 0 135
+4 +1 135 0 135 0 0 55 0 0 55
+4 +1 135 0 135 0 0 2 0 0 2
+4 +1 135
+4 +1 135
+3 +1 135 0 0 0 0 0 0 0 0 135 22
+2 +3 7 0 7 0 0 2 0 0 2
+3 +1 7 0 7 0 0 1 0 0 1
+4 +1 7 0 7 1 0 0 1
+4 +1 7 0 7 0 0 1 0 0 1
+4 +5 7 7
+9 +46 3 0 0 1
+5 +2 3
+3 +1 3 0 0 0 0 0 0 0 0 3 3
+24 +39 3 0 3 0 0 1 0 0 1
+3 +1 3 0 3 0 0 1 0 0 1
+5 +2 3 3

fl=(44) /usr/src/debug/glibc/glibc/string/../sysdeps/x86_64/multiarch/../multiarch/strchr-sse2.S
fn=(130) index
0x26dd0 32 28 0 0 1 0 0 1
+4 +1 28
+4 +1 28
+2 +1 28
+5 +1 28
+4 +1 28
+5 +1 28
+4 +1 28
+5 +1 28 0 0 0 0 0 0 0 0 28
+6 +1 28 28 0 0 4 0 0 4
+4 +1 28
+4 +1 28 0 0 1 0 0 1
+4 +1 28
+4 +1 28
+4 +1 28
+4 +1 28
+4 +1 28
+2 +1 28 0 0 0 0 0 0 0 0 28 5
+2 +1 23
+3 +4 23
+5 +1 23
+4 +1 23 23
+3 +1 23
+4 +2 23 23
+6 +4 5 5
+5 +1 5
+4 +1 5
+4 +1 5 0 0 1 0 0 1
+4 +1 5
+4 +1 5
+4 +1 5 5 0 0 1 0 0 1
+5 +1 5
+4 +1 5
+4 +1 5
+4 +1 5
+4 +1 5
+4 +1 5
+4 +1 5 5 0 0 1 0 0 1
+5 +1 5
+4 +1 5
+4 +1 5
+4 +1 5
+3 +1 5
+4 +1 5 0 0 1 0 0 1
+4 +1 5
+4 +1 5
+3 +1 5
+3 +1 5 0 0 0 0 0 0 0 0 5 4
0x26f40 +52 5 0 0 1 0 0 1
+4 +4 5
+5 +1 5
+4 +1 5 5
+3 +1 5
+4 +2 5 5

fl=(50) /usr/src/debug/glibc/glibc/elf/dl-audit.c
fn=(1010) _dl_audit_preinit
0x1a040 118 1 0 0 1 0 0 1
+4 +1 1 1 0 0 1
+6 * 1
+2 * 1 0 0 0 0 0 0 0 0 1
+2 * 1 1

fn=(156) _dl_audit_activity_map
0x19cf0 29 1 0 0 1 0 0 1
+4 +2 1 1
+6 * 1
+2 * 1 0 0 1 0 0 1 0 0 1 1
0x19d90 +6 1 1 0 1 0 0 1

fn=(220) _dl_audit_objopen
0x19ec0 77 5 0 0 1 0 0 1
+4 +1 5 5
+6 * 5
+2 * 5 0 0 0 0 0 0 0 0 5
+2 * 5 5

fn=(656) _dl_audit_activity_nsid
0x19da0 41 1
+4 +4 1
+4 * 1
+7 * 1 1
+4 +2 1 1
+6 * 1
+2 * 1 0 0 0 0 0 0 0 0 1 1
+7 +4 1 1 0 1 0 0 1

fl=(282) /usr/src/debug/glibc/glibc/elf/../sysdeps/x86_64/dl-trampoline.h
fn=(1028) _dl_runtime_resolve_xsave
0x14550 39 31 0 0 3 0 0 1
+4 +5 31 0 31
+1 +3 31
+3 +2 31
+4 +10 31 31 0 0 4
+7 +6 31 0 31 0 0 4 0 0 2
+4 +1 31 0 31
+5 +1 31 0 31
+5 +1 31 0 31
+5 +1 31 0 31
+5 +1 31 0 31
+5 +1 31 0 31 3 0 0 1
+5 +4 31
+5 +1 31
+2 +3 31 0 31 0 0 2
+8 +1 31 0 31
+8 +2 31 0 31
+8 +1 31 0 31
+8 +1 31 0 31
+8 +1 31 0 31
+8 +1 31 0 31 3 0 0 1
+8 +1 31 0 31
+8 +2 31 0 1054 0 0 24 0 0 6
+5 +7 31 31
+4 +1 31 31
+4 +1 31 0 31 0 0 4 0 0 1
cfi=(283) /usr/src/debug/glibc/glibc/elf/dl-runtime.c
cfn=(1030) _dl_fixup
calls=31 0x11fc0 -52 
* * 27301 7051 2497 174 513 92 11 72 10 3772 306 56 51
+5 +1 31
+3 +5 31
+5 +1 31
+2 +1 31 1116
+5 +2 31 31
+5 +1 31 31
+5 +1 31 31
+5 +1 31 31 0 3 0 0 1
+5 +1 31 31
+5 +1 31 31
+5 +1 31 31
+4 +2 31
+3 +2 31 31
+4 +4 31
+4 +2 31 0 0 0 0 0 0 0 0 0 0 31 31

fl=(12)
fn=(30)
0x14f60 435 34 0 0 3 0 0 1
+4 +3 34
+2 * 34
+7 -3 34
+3 +3 34
+7 * 34
+4 * 34 34 0 0 31 0 0 29
+3 * 34 0 0 3 0 0 1
+3 * 34 0 0 0 0 0 0 0 0 34 3
+2 +9 31 31 0 0 19 0 0 14
+4 -9 31
+2 * 31 0 0 0 0 0 0 0 0 31 14
+2 +19 21 0 21
+3 +7 21
+7 * 21 21 0 0 4 0 0 4
+5 * 21 0 0 0 0 0 0 0 0 21 13
-12 * 13
+7 * 13 13 0 0 2 0 0 1
+5 * 13 0 0 0 0 0 0 0 0 13 13
+22 +2 34 34
+8 -19 13 0 13
+3 +1 13
+5 +9 3 0 0 1 0 0 1
+5 * 3

fn=(60) __GI___tunable_set_val
0x148e0 162 6 0 0 1 0 0 1
+4 +1 6
+2 * 6
+7 * 6
+7 * 6
+3 +2 6
cfn=(62) do_tunable_update_val
calls=6 0x14700 -92 
* * 198 42 24 3 0 0 3 0 0 36 4

fn=(24) __GI___tunables_init
0x14900 294 1 0 0 1 0 0 1
+4 +6 1 1
+6 * 1
+2 * 1 0 0 0 0 0 0 0 0 1
+6 -6 1 0 1
+1 +10 1
+4 * 1
+2 -10 1
+3 * 1 0 1
+2 * 1 0 1
+2 * 1 0 1
+2 * 1
+3 * 1 0 1
+2 * 1 0 1
+1 * 1
+7 +10 1
+2 * 1
+3 * 1 0 1 0 0 1 0 0 1
+8 * 1 0 1 1 0 0 1
+8 * 1 0 1
+8 * 1 0 1
+8 * 1
+5 * 1 0 0 0 0 0 0 0 0 1 1
-42 * 2
+2 * 2
+3 * 2 0 2 0 0 2 0 0 2
+8 * 2 0 2
+8 * 2 0 2
+8 * 2 0 2
+8 * 2
+5 * 2 0 0 0 0 0 0 0 0 2 1
+2 * 1 0 1 0 0 1 0 0 1
+12 * 1 0 1
+8 * 1
+1 43 1
+3 * 1 0 0 0 0 0 0 0 0 1
-3 * 56
+3 * 56 0 0 0 0 0 0 0 0 56
+6 * 57 57
+4 * 57
+3 * 57 0 0 1 0 0 1 0 0 57 1
+6 +6 56 56 0 0 13 0 0 13
+3 -3 56
+4 +3 56
+2 * 56 0 0 0 0 0 0 0 0 56
+6 * 56
+2 * 56 0 0 0 0 0 0 0 0 56
+2 * 56
+5 * 56
+2 * 56 56 0 0 1 0 0 1
+4 * 56
+3 * 56
+4 * 56
+2 * 56 0 0 0 0 0 0 0 0 56
-13 * 584 584 0 0 12 0 0 12
+4 * 584
+3 * 584
+4 * 584
+2 * 584 0 0 0 0 0 0 0 0 584
+2 * 640
+3 * 640 0 0 0 0 0 0 0 0 640 69
+2 +4 56
+2 * 56 0 0 0 0 0 0 0 0 56
+2 +4 56
fi=(13) /usr/src/debug/glibc/glibc/elf/dl-tunables.h
+5 160 56 0 0 1 0 0 1
fe=(12)
+4 57 56
fi=(13)
+3 160 56
fe=(12)
+5 57 56
fi=(13)
+7 160 56 56
+3 * 56
+2 * 56 0 0 0 0 0 0 0 0 56
-5 * 1 1
+3 * 1
+2 * 1 0 0 0 0 0 0 0 0 1
+6 +1 57
+3 * 57 0 0 0 0 0 0 0 0 57 5
+6 -1 1
+4 * 1
+4 * 1 1 0 0 1 0 0 1
+3 * 1
+3 * 1 0 0 0 0 0 0 0 0 1 1
fe=(12)
+78 319 504 0 0 1 0 0 1
+7 +3 504
+3 * 504 504 0 0 1 0 0 1
+4 -2 504
+7 * 504
+7 * 504
+5 +2 504 504 0 0 9 0 0 9
+3 * 504
+2 * 504 0 0 0 0 0 0 0 0 504 8
+2 -5 504
+4 * 504
+4 * 504 0 0 0 0 0 0 0 0 504 64
+2 * 56
fi=(13)
+14 160 635 635 0 1 0 0 1
+3 * 635
+3 * 635 0 0 0 0 0 0 0 0 635
+2 +1 635
+3 * 635 0 0 0 0 0 0 0 0 635 46
+2 -1 131 131
+4 * 131
+4 * 131
+4 * 131
+2 * 131 0 0 0 0 0 0 0 0 131 8
fe=(12)
+68 337 1 1 0 1 0 0 1
+6 * 1
+2 * 1 0 0 0 0 0 0 0 0 1
+2 * 1
+7 * 1
+7 * 1
+9 +3 9
+4 * 9
+3 * 9 0 0 0 0 0 0 0 0 9 1
+2 +3 9 9 0 1 0 0 1
+3 * 9
+3 * 9 0 0 0 0 0 0 0 0 9 4
+66 +9 1
+7 * 1 1
+1 * 1 1
+2 * 1 1
+2 * 1 1
+2 * 1 1
+2 * 1 1
+1 * 1 1
fi=(13)
+6 165 56 0 0 1 0 0 1
+3 * 56
+3 * 56 0 0 0 0 0 0 0 0 56 4
fe=(12)

fn=(62)
0x14700 73 6 6 0 1 0 0 1
+3 -3 6
+3 * 6
+3 +3 6
+3 * 6 0 0 0 0 0 0 0 0 6
+6 * 6
+2 * 6 0 0 0 0 0 0 0 0 6
+2 +10 6 6
+3 +11 6 6
+4 +1 6 6
+4 -1 6
+3 * 6 0 0 0 0 0 0 0 0 6
+6 * 6 6
+3 +1 6
+3 * 6
+3 * 6 0 0 0 0 0 0 0 0 6
+2 * 6 6
+3 +4 6
+3 * 6
+4 +2 6 0 0 1 0 0 1
+3 * 6
+4 +4 6
+3 -4 6
+4 * 6
+4 +11 6
+3 * 6 0 0 0 0 0 0 0 0 6
+6 +1 6
+3 * 6 0 0 0 0 0 0 0 0 6 4
+68 +3 6 0 6 1 0 0 1
+4 +1 6 0 6
+4 +1 6 0 6
+4 +1 6 0 6
+4 * 6 6

fl=(21) /usr/src/debug/glibc/glibc/elf/../sysdeps/x86/dl-cacheinfo.h
fn=(58) get_common_cache_info.constprop.0
0x171d0 624 1 0 1 1 0 0 1
+1 * 1
+3 * 1
+3 * 1
+4 * 1 0 1
+4 * 1
+3 * 1 0 1
+4 * 1
+3 * 1 0 1
+4 * 1
+3 * 1 0 1
+4 +18 1 1
+3 +29 1 1
+6 -32 1 1 0 1 0 0 1
+6 +32 1
+6 -17 1
+3 * 1 0 0 0 0 0 0 0 0 1
+6 -11 1 1
+3 +28 1
+2 * 1 0 0 0 0 0 0 0 0 1
+6 * 1 0 1
+4 +4 1
+3 * 1 0 0 0 0 0 0 0 0 1
+6 -26 1 0 1
+7 +31 1
+5 -14 1 0 1
+7 +17 1 0 1 1 0 0 1
+4 -32 1 1
+7 * 1
+2 * 1
+3 * 1 0 1
+4 +32 1
+3 * 1 0 1
+3 * 1
+9 +10 4
+2 * 4
+3 * 4
+3 * 4
+3 * 4 0 0 0 0 0 0 0 0 4 1
+6 * 3
+3 * 3 0 0 0 0 0 0 0 0 3 2
+2 +14 1
+4 * 1 0 0 0 0 0 0 0 0 1
+6 +4 1
+3 +3 1
+2 +1 1
+3 -4 1
+5 * 1 0 1
+3 +3 1
+2 * 1
+3 * 1 0 1
+3 +6 1
+2 * 1 0 0 0 0 0 0 0 0 1 1
+6 -37 3
+3 * 3
+5 * 3
+2 * 3
+2 +6 3
+4 * 3 0 0 0 0 0 0 0 0 3
-13 -6 1 0 0 1 0 0 1
+5 * 1
+2 * 1
+2 +6 1
+4 * 1 0 0 0 0 0 0 0 0 1
+2 +1 4
+2 * 4 0 0 0 0 0 0 0 0 4 4
+73 828 1 1 0 1 0 0 1
+4 +7 1 0 1
+3 +1 1 0 1
+4 +1 1 0 1
+3 +1 1 1
+4 * 1 1
+4 * 1 1
+4 * 1 1
+4 * 1 1
+1 * 1 1
+84 698 1 0 0 1 0 0 1
+4 * 1 0 0 0 0 0 0 0 0 1
+6 +4 1
+3 +1 1
+3 -1 1 0 0 1 0 0 1
+5 * 1
+3 +18 1
+2 * 1 0 0 0 0 0 0 0 0 1 1
+6 -69 1 1
+7 * 1
+3 * 1 1
+4 * 1
+4 * 1
+4 * 1
+3 +75 1
+3 * 1 0 0 0 0 0 0 0 0 1
+6 * 1 1
+4 * 1 0 0 0 0 0 0 0 0 1
+6 +8 1
+3 +2 1 1 0 1 0 0 1
+4 -2 1
+3 * 1
+2 * 1 1
+4 * 1
+3 * 1
+2 +2 1
+3 * 1 0 0 0 0 0 0 0 0 1
+6 -2 1
+3 * 1
+3 +22 1 0 1
+4 * 1
+3 * 1
+3 * 1
+3 * 1
+3 +5 1
+6 * 1 0 0 0 0 0 0 0 0 1 1
+6 -21 1
+3 * 1
+5 * 1
+2 * 1
+2 +4 1
+6 * 1 0 0 0 0 0 0 0 0 1
-15 -4 1 0 0 1 0 0 1
+5 * 1
+2 * 1
+2 +4 1
+6 * 1 0 0 0 0 0 0 0 0 1
+2 * 2
+6 * 2 0 0 0 0 0 0 0 0 2
+2 +2 2
+6 * 2 0 0 0 0 0 0 0 0 2 1
+2 +3 1
+4 * 1 0 0 0 0 0 0 0 0 1
+6 +5 1
+4 +2 1
+6 * 1
+3 +1 1
+3 +1 1
+4 -2 1 0 0 1 0 0 1
+3 * 1
+3 +1 1
+3 -19 1
+3 * 1 0 0 0 0 0 0 0 0 1 1
-3 * 1
+3 * 1 0 0 0 0 0 0 0 0 1
+2 * 1
+3 * 1
+3 * 1
+3 * 1 1
+4 +46 1
+3 * 1 0 0 0 0 0 0 0 0 1
+6 +2 1 1
+3 -1 1
+4 +1 1
+2 * 1 0 0 0 0 0 0 0 0 1
+6 +2 1 1
+4 * 1 0 0 0 0 0 0 0 0 1
+6 -1 1 0 1
+4 +25 1 1 0 1 0 0 1
+3 +11 1
+3 * 1 0 0 0 0 0 0 0 0 1
+6 +1 1
+3 * 1
+2 * 1
+2 * 1
+3 * 1
+3 +4 1 1
+4 * 1 0 0 0 0 0 0 0 0 1 1
+52 -64 1 0 0 1 0 0 1
+4 * 1 0 0 0 0 0 0 0 0 1
+2 -7 1
+3 +11 1 1
+4 * 1 0 0 0 0 0 0 0 0 1
+6 +3 1 1
+4 +2 1
+5 * 1
+3 * 1
+2 * 1
+2 +1 1
+2 * 1 0 1
+3 +5 1
+4 * 1 0 0 1 0 0 1

fn=(52) handle_intel.constprop.0
0x17960 266 12 12 0 1 0 0 1
+7 * 12 0 0 0 0 0 0 0 0 12
+6 -5 12 0 12
+1 +17 12
+5 -17 12
+3 * 12 0 12
+2 * 12 0 12
+2 * 12 0 12
+2 * 12
+3 * 12 0 12
+1 * 12 0 0 1 0 0 1
+4 +11 12 0 12
+4 +6 12
+2 * 12
+3 * 12
+3 +4 12
+2 * 12 0 0 0 0 0 0 0 0 12 9
+20 +34 12
+4 * 12 12
+1 * 12 12
+2 * 12 12
+2 * 12 12
+2 * 12 12
+1 * 12 12
+6 -29 12
+2 +3 12
+4 * 12 0 0 1 0 0 1
+4 -3 12
+2 +3 12 0 12
cfn=(54) intel_check_word.constprop.0
calls=12 0x176b0 133 
* * 4176 420 60 6 6 0 6 6 0 1176 103
+5 +2 12
+3 * 12 0 0 0 0 0 0 0 0 12
+2 +3 12
+4 * 12
+4 * 12
+2 * 12
+3 * 12 0 12
cfn=(54)
calls=12 0x176b0 133 
* * 1319 96 60 5 0 0 5 0 0 232 48
+5 +2 12
+3 * 12 0 0 0 0 0 0 0 0 12 12

fn=(54)
0x176b0 133 24 0 0 1 0 0 1
+2 * 24 0 0 0 0 0 0 0 0 24
+6 -4 24 0 24
+1 * 24
+3 +10 24 0 0 1 0 0 1
+5 * 24
+2 * 24
+3 +87 24
+7 -97 24
+3 * 24 0 24
+2 * 24 0 24
+2 +90 24
+6 -90 24 0 24
+2 * 24
+3 +10 24
+6 * 24
+4 -10 24 0 24
+1 +10 24
+4 +73 24 24
+7 * 24
+3 * 24 24
+7 -73 24 0 0 1 0 0 1
+4 +73 24
+3 * 24
+2 -69 24
+3 +2 24
+2 * 24 0 0 0 0 0 0 0 0 24 9
+67 -10 12
+2 257 12 12
+1 * 12 12
+2 * 12 12
+2 * 12 12
+2 * 12 12
+1 * 12 12
-8 * 12 12
+1 * 12 12
+2 * 12 12
+2 * 12 12
+2 * 12 12
+1 * 12 12
+18 -31 48 0 0 1 0 0 1
+3 * 48
+3 * 48
fi=(22) /usr/src/debug/glibc/glibc/elf/../bits/stdlib-bsearch.h
+5 28 48
+3 * 48
+3 * 48
fe=(21)
+4 +92 48 48 0 0 1 0 0 1
+3 * 48 0 0 0 0 0 0 0 0 48
fi=(22)
-13 -92 276
+3 * 276
+3 * 276
fe=(21)
+4 +92 276 276 0 0 5 0 0 5
+3 * 276 0 0 0 0 0 0 0 0 276
+2 +3 324 0 0 0 0 0 0 0 0 324 38
+2 * 264
fi=(22)
+3 -97 264
+3 * 264 0 0 0 0 0 0 0 0 264 34
-3 * 60
+3 * 60 0 0 0 0 0 0 0 0 60 14
fe=(21)
+2 141 48
+2 * 48
+3 * 48 0 0 0 0 0 0 0 0 48 2
+2 * 36
+9 +2 36
+3 +2 36
+2 * 36 0 0 0 0 0 0 0 0 36
+6 * 60 0 0 1 0 0 1
+2 +8 60
+6 * 60 0 0 0 0 0 0 0 0 60 2
+2 +51 48
+3 * 48 0 0 0 0 0 0 0 0 48 8
fi=(22)
+24 44 60 0 0 1 0 0 1
+4 -1 60
+4 +3 60
+3 * 60
fe=(21)
+53 165 12 0 0 1 0 0 1
+5 * 12
+2 * 12
+2 +3 12
+2 * 12
+3 * 12 0 0 0 0 0 0 0 0 12
+6 +9 12
+3 * 12
+4 +1 12
+4 * 12
+4 +1 12
+4 * 12
+4 +1 12
+4 * 12 0 0 1 0 0 1
+4 -18 12
+2 * 12
+11 +12 12
+3 * 12 0 0 0 0 0 0 0 0 12
+2 +1 12
+4 * 12 0 0 0 0 0 0 0 0 12 4
+2 +22 21
+3 -32 21
+5 * 21
+2 * 21
+2 +3 21
+2 * 21
+3 * 21 0 0 0 0 0 0 0 0 21 1
+6 +4 32
+3 * 32
+3 +2 32
+3 * 32
+4 * 32 0 0 1 0 0 1
+3 * 32 0 0 0 0 0 0 0 0 32 7
+2 +3 20
+3 * 20 0 0 0 0 0 0 0 0 20 4
+2 * 9
+3 * 9 0 0 0 0 0 0 0 0 9 3
+2 +1 18
+3 * 18 0 0 0 0 0 0 0 0 18 4
+2 * 7
+3 * 7 0 0 0 0 0 0 0 0 7 4
+2 +1 15
+3 * 15 0 0 0 0 0 0 0 0 15 2
+2 * 4
+3 * 4 0 0 0 0 0 0 0 0 4 3
+2 +1 12
+3 * 12 0 0 0 0 0 0 0 0 12 5
+7 +2 11
+7 +2 11
+3 * 11 0 0 0 0 0 0 0 0 11 4
+2 +6 7
+4 * 7 0 0 0 0 0 0 0 0 7 3
+2 +3 4 0 0 1 0 0 1
+4 * 4 0 0 0 0 0 0 0 0 4
+6 +1 4
+6 * 4
+4 * 4
+42 -3 3
+3 * 3
+3 * 3
+14 +9 1
+7 * 1
+5 -14 4 0 0 1 0 0 1
+2 +2 4
+2 +1 4
+3 -2 4
+3 -1 4
+3 +2 4
+6 * 4
+3 -2 4
+3 +3 4
+3 -2 4
+2 * 4
+6 * 4
+3 +2 4
+3 * 4
+3 * 4

fl=(28)
fn=(80)
0xc690 36 39 0 0 2 0 0 1
+4 +1 39 39 0 0 3
+7 * 39
+3 * 39 0 0 0 0 0 0 0 0 39 1
+6 +11 38 38
+7 * 38
+4 * 38
+4 +3 38
+4 -3 38 0 38
+7 +3 38 0 0 1
+3 * 38 0 0 0 0 0 0 0 0 38 3
-22 -3 1
+4 * 1
+4 +3 1
+4 -3 1 0 1
+7 +3 1 0 0 1 0 0 1
+3 * 1 0 0 0 0 0 0 0 0 1
+2 * 36
+3 * 36
+3 * 36
+3 * 36 0 0 0 0 0 0 0 0 36 23
+6 +5 3 3
+7 * 3
+3 * 3
+5 * 3
+3 +1 3
+3 * 3 0 0 0 0 0 0 0 0 3 3
+11 -21 3 0 3
+1 +24 3
+3 * 3
+6 * 3 0 0 1 0 0 1
+5 -24 3
+3 * 3 0 3
+2 * 3
+3 +24 3
+2 -24 3 0 3
+1 +23 3
+4 +1 3
+5 * 3
+3 -24 3
+4 +24 3 0 3
cfi=(61) /usr/src/debug/glibc/glibc/misc/../sysdeps/unix/sysv/linux/mmap64.c
cfn=(204) mmap
calls=3 0x25580 -13 
* * 78 12 9 0 0 1 0 0 1 12 6
+5 +2 3
+4 * 3 0 0 0 0 0 0 0 0 3
+6 +2 3
+3 * 3
+7 * 3
+3 * 3 0 3
+4 * 3 0 3 1 0 0 1
cfi=(69) /usr/src/debug/glibc/glibc/misc/../sysdeps/unix/sysv/linux/setvmaname.c
cfn=(240) __set_vma_name
calls=3 0x25700 -4 
* * 107 27 19 4 1 2 4 1 1 11 8
+5 +1 3 3
+4 * 3 3
+7 * 3
+3 * 3 0 0 0 0 0 0 0 0 3 1
+2 +2 3
+3 +4 3
+4 -1 3 0 3
+7 -3 3 0 3
+7 +4 3 0 3
+7 +2 3
+4 * 3 3
+1 * 3 3
+2 * 3 3
+1 * 3 3
+11 -3 36 0 36 0 0 4 0 0 1
+7 +1 36 0 36
+7 +2 36 36
+2 -30 1 1 0 1 0 0 1
+7 -1 1
+7 +1 1
+5 +1 1
+3 * 1
+3 -2 1 0 1
+7 * 1
+8 +28 1 1
+7 * 1

fn=(76)
0xc7e0 80 17 0 0 1 0 0 1
+4 +4 17
+3 * 17
+3 * 17
+3 +3 17
+3 +1 17
+4 * 17
+3 * 17 0 0 0 0 0 0 0 0 17 11
fi=(29)
+7 -32 17 0 0 1 0 0 1
+3 * 17 17 0 0 0 0 0 0 0 0 0 17 1
cfi=(28)
cfn=(80)
calls=17 0xc690 -20 
* * 514 91 86 11 3 6 9 1 3 72 27
fe=(28)

fn=(594) __minimal_free
0xc820 97 2
+4 +2 2 2
+7 * 2
+3 * 2 0 0 0 0 0 0 0 0 2
+2 * 2 2

fl=(182) /usr/src/debug/glibc/glibc/elf/./dl-find_object.h
fn=(610) _dl_find_object_from_map
0x4f00 105 7 7 0 1 3 0 1
+7 -4 7
+3 +4 7 0 7 0 0 3 0 0 1
+3 +1 7 7
+7 * 7 0 7 0 0 1 0 0 1
+4 +1 7 0 7 0 0 1 0 0 1
+4 +8 7 0 7 0 0 1 0 0 1
+8 +1 7 0 7
+8 +5 7 7 0 0 4
+7 * 7 7 0 0 2
+7 * 7
+4 * 7 0 0 1 0 0 1
+3 +1 7
+3 * 7 0 0 0 0 0 0 0 0 7
+2 -19 7
+2 * 7
+8 +21 75
+6 * 75 0 0 0 0 0 0 0 0 75 11
+2 +12 5 5
+3 +2 5
+3 -2 5 5 0 0 3
+4 * 5 0 5
+4 +7 5
+3 * 5 0 0 0 0 0 0 0 0 5 2
+2 -21 77
+4 * 77
+3 * 77 0 0 0 0 0 0 0 0 77 2
+2 +2 82 82 0 0 65
+2 * 82
+6 * 82 0 0 0 0 0 0 0 0 82 18
+2 +3 7 7 0 1 1 0 1
+3 +5 7
+3 -5 7 7 0 0 3
+4 * 7 0 7
+4 +16 7
+3 * 7 0 0 0 0 0 0 0 0 7 2
+2 +5 7 0 7
+7 +1 7 7

fl=(65) /usr/src/debug/glibc/glibc/io/../sysdeps/unix/sysv/linux/access.c
fn=(222) access
0x250b0 25 1 0 0 1 0 0 1
+4 +2 1
+5 * 1
+2 * 1
+6 * 1 0 0 0 0 0 0 0 0 1 1
+7 * 1
+2 * 1 0 1
+6 * 1
+5 +4 1 1

fl=(70) /usr/src/debug/glibc/glibc/io/../sysdeps/unix/sysv/linux/pread64_nocancel.c
fn=(246) __pread64_nocancel
0x253b0 25 2 0 0 1 0 0 1
+4 * 2
+3 +1 2
+5 * 2
+2 * 2
+6 * 2 0 0 0 0 0 0 0 0 2
+2 +1 2 2

fl=(2) /usr/src/debug/glibc/glibc/elf/rtld.c
fn=(162) do_preload
0x1f520 787 1 0 1 1 0 0 1
+1 +12 1
+7 -12 1
+3 * 1 0 1
+2 * 1
+3 * 1 0 1
+2 +12 1
+4 * 1
+4 -12 1 0 1
+1 * 1
+3 * 1 0 0 1 0 0 1
+4 +6 1 0 1
+4 +6 1
+4 -2 1 1
+7 -3 1 0 1
+4 +5 1
+4 -10 1 0 1
+8 +6 1 0 1
+7 +4 1 0 1
cfi=(52) /usr/src/debug/glibc/glibc/elf/dl-catch.c
cfn=(164) _dl_catch_error
calls=1 0x2590 258 
* * 2660 593 320 111 36 37 111 36 37 454 146 9 4
+5 +1 1 1
+4 * 1
+3 * 1 0 0 0 0 0 0 0 0 1
+2 +8 1
+2 * 1 1
+7 * 1 0 0 1 0 0 1
+3 +6 1
+4 * 1 1
+1 * 1 1
+2 * 1 1
+2 * 1 1
+1 * 1 1

fn=(158) handle_preload_list
0x205a0 852 1 0 0 1 0 0 1
+4 * 1 0 1
+1 * 1
+3 * 1 0 1
+2 * 1 0 1
+2 * 1 0 1
+2 * 1 0 1
+2 * 1 0 1
+1 * 1
+7 * 1 0 1 0 0 1 0 0 1
+4 * 1
+4 +5 1 1 0 1 0 0 1
+3 * 1 0 0 0 0 0 0 0 0 1
+6 * 1
+3 * 1
+3 * 1
+3 -4 1
+3 * 1
+18 +17 1
+3 182 1 1
+6 872 1 1
+3 * 1
+4 182 1
+2 * 1 0 0 0 0 0 0 0 0 1
+6 874 1 1
+7 * 1 0 0 0 0 0 0 0 0 1
+2 +1 1
+3 * 1
+3 * 1
+7 * 1 0 1
cfn=(162)
calls=1 0x1f520 -88 
* * 2691 601 329 114 36 37 114 36 37 455 146 9 4
+5 * 1
+3 -18 1 1
+3 * 1 0 0 0 0 0 0 0 0 1 1
+2 +3 1 0 0 1 0 0 1
+7 * 1
+3 * 1 0 1 0 0 1 0 0 1
cfi=(51) /usr/src/debug/glibc/glibc/string/../string/strcspn.c
cfn=(160) strcspn
calls=1 0x28480 32 
* * 238 111 20 6 2 4 6 2 4 22 13
+6 * 1
+3 +1 1
+4 * 1
+6 * 1 0 0 1 0 0 1 0 0 1
+2 +2 1
+3 * 1
+3 * 1
+7 * 1 0 1
cfi=(30)
cfn=(84) memcpy
calls=1 0x26440 210 
* * 19 5 4 1 0 0 1 0 0 4 2
+6 +1 1 0 1
+9 * 1
+6 +14 1
+7 * 1
+3 * 1 1
+1 * 1 1
+2 * 1 1
+2 * 1 1
+2 * 1 1
+2 * 1 1
+1 * 1 1

fn=(170) map_doit
0x1f440 641 1 0 0 1 0 0 1
+4 * 1 0 1
+1 +2 1
+2 -2 1
+3 * 1 0 1
+1 * 1
+3 * 1
+4 +2 1 1
+4 +1 1 1
+3 * 1 1
+4 -1 1
+7 * 1
+3 +1 1
+3 * 1
+2 * 1 0 1
cfi=(32) /usr/src/debug/glibc/glibc/elf/dl-load.c
cfn=(172) _dl_map_object
calls=1 0xa780 2194 
* * 2545 562 284 100 34 33 100 34 33 450 145 8 3
+5 * 1 0 1
+4 +2 1 1
+4 * 1 1
+1 * 1 1

fn=(2) _dl_start
0x1fec0 519 1 0 0 1 0 0 1
+4 * 1 0 1
+1 * 1
+3 * 1 0 1 0 0 1 0 0 1
+2 * 1 0 1
+2 * 1 0 1
+2 * 1 0 1
+2 * 1 0 1
+1 * 1
+4 * 1 0 1 0 0 1 0 0 1
+4 84 1
fi=(6) /usr/src/debug/glibc/glibc/elf/../sysdeps/x86_64/dl-machine.h
+2 -29 1
fe=(2)
+7 549 1 0 1 0 0 1 0 0 1
+7 -4 1 0 1 0 0 1 0 0 1
+7 84 1
+4 * 1
+3 * 1 0 1 0 0 1 0 0 1
+7 548 1 0 0 1 0 0 1
+7 * 1 0 1
fi=(3) /usr/src/debug/glibc/glibc/elf/./get-dynamic-info.h
+7 45 1 1 0 0 1 0 0 1
+7 * 1
+3 * 1 0 0 0 0 0 0 0 0 1
+6 * 1
+7 +23 1
+7 * 1
+12 * 17 0 17 0 0 7 0 0 7
+4 -23 17 17 0 0 4 0 0 4
+4 * 17
+4 * 17
+3 * 17 0 0 0 0 0 0 0 0 17 1
+2 +4 17 0 0 1 0 0 1
+4 * 17 0 0 0 0 0 0 0 0 17 10
+2 +3 5
+7 -1 5
+4 * 5 0 0 0 0 0 0 0 0 5
+2 +3 5
+5 * 5
+3 * 5
+4 * 5 0 0 0 0 0 0 0 0 5 1
+2 +1 4
+5 * 4
+3 * 4
+3 * 4
+5 +1 1
+3 * 1
+3 * 1 0 0 1 0 0 1
+3 * 1
+3 * 1 0 0 0 0 0 0 0 0 1 1
fi=(4) /usr/src/debug/glibc/glibc/elf/../sysdeps/generic/ldsodefs.h
+20 +23 1 1
fi=(3)
+7 +31 1
+7 * 1 1 0 0 1 0 0 1
+7 -38 1
+3 * 1
+4 * 1 0 0 0 0 0 0 0 0 1
+6 +12 1 1
+4 * 1 0 0 1 0 0 1
+3 * 1 0 0 0 0 0 0 0 0 1 1
+6 +1 1 1 0 0 1 0 0 1
+7 * 1
+3 * 1 0 0 0 0 0 0 0 0 1 1
+6 +1 1 1
+7 * 1
+3 * 1 0 0 0 0 0 0 0 0 1
+2 * 1 0 1
+4 +1 1 1
+7 * 1
+3 * 1 0 0 0 0 0 0 0 0 1
+2 * 1 0 1
+4 +1 1 1
+7 * 1 0 0 1 0 0 1
+3 * 1
+3 * 1 0 0 0 0 0 0 0 0 1
+2 * 1 0 1
+4 +1 1 1
+7 * 1
+3 * 1 0 0 0 0 0 0 0 0 1 1
+6 +1 1 1
+7 * 1
+3 * 1 0 0 0 0 0 0 0 0 1
+2 * 1 0 1
+4 +1 1 1
+7 * 1
+3 * 1 0 0 0 0 0 0 0 0 1
+2 * 1 0 1
+4 +12 1 1 0 1 0 0 1
+7 * 1
+3 * 1
+3 * 1 0 0 0 0 0 0 0 0 1
+6 * 1 1
+4 * 1
+3 * 1 0 0 0 0 0 0 0 0 1 1
+6 +7 1
+3 * 1 0 0 0 0 0 0 0 0 1 1
+16 +13 1 1
+7 * 1 1
+5 * 1 0 0 0 0 0 0 0 0 1
+6 +6 1 1 0 1 0 0 1
+7 * 1
+3 * 1 0 0 0 0 0 0 0 0 1
+2 +1 1 1
+7 * 1 1
+5 * 1 0 0 0 0 0 0 0 0 1
+6 +3 1 1
+8 * 1 0 0 0 0 0 0 0 0 1
+6 +1 1 1
+7 * 1
+3 * 1 0 0 0 0 0 0 0 0 1
+6 +5 1 1 0 1 0 0 1
+7 * 1
+3 * 1 0 0 0 0 0 0 0 0 1
+2 * 1 1
+5 * 1 0 0 0 0 0 0 0 0 1
+6 +3 1 1
+7 * 1
+3 * 1 0 0 0 0 0 0 0 0 1
+2 * 1 1
+8 * 1 0 0 0 0 0 0 0 0 1
fe=(2)
+6 565 1
+3 * 1 0 0 0 0 0 0 0 0 1
+6 * 1
+2 * 1
+3 * 1
+4 * 1 1 0 1 0 0 1
+4 * 1 1
+7 * 1 1
+4 * 1
+3 * 1
+3 * 1 0 0 0 0 0 0 0 0 1 1
+13 * 2
+3 * 2
+4 * 2 0 2 0 0 2 0 0 2
+3 * 2
+4 * 2
+3 * 2 0 0 0 0 0 0 0 0 2
+6 * 4 4 0 0 1 0 0 1
+3 * 4
+2 * 4 0 0 0 0 0 0 0 0 4 2
+2 * 2 0 0 1 0 0 1
+3 * 2
+3 * 2 0 0 0 0 0 0 0 0 2 2
+28 * 28
+3 * 28
+4 * 28
+2 * 28 0 0 0 0 0 0 0 0 28
-2 * 2
+2 * 2 0 0 0 0 0 0 0 0 2 1
+2 * 29
+3 * 29
+4 * 29
+3 * 29
+11 * 29
+2 * 29 0 0 0 0 0 0 0 0 29 5
-2 * 9
+2 * 9 0 0 0 0 0 0 0 0 9 2
+2 * 11 0 11 0 0 3 0 0 3
+3 * 11
+3 * 11 0 0 0 0 0 0 0 0 11 2
+2 * 9
+4 * 9
fi=(3)
+8 59 1 0 0 1 0 0 1
+5 * 1
+3 * 1
+4 * 1 0 0 0 0 0 0 0 0 1 1
fe=(2)
+84 565 2 0 0 1 0 0 1
+4 * 2 0 0 1 0 0 1
+7 * 2
+3 * 2 0 0 0 0 0 0 0 0 2 1
+6 * 1 1
+7 * 1
fi=(4)
+4 79 1
fe=(2)
+2 565 1 0 1
+8 * 1 1
+7 * 1 0 1
fi=(4)
+8 79 1
fe=(2)
+3 565 1 0 1
+4 * 1 0 1
+4 * 1
+3 * 1 0 0 1 0 0 1 0 0 1
+6 * 1 1
+4 * 1
+2 * 1
+3 * 1 0 0 0 0 0 0 0 0 1
+2 * 1
+2 * 1 1
+7 * 1
+4 * 1
+3 * 1 1
+7 * 1 0 1
+4 * 1 1
+4 * 1 0 1
+4 * 1
+3 * 1 0 0 0 0 0 0 0 0 1 1
+10 * 1 0 0 1 0 0 1
+3 * 1 0 0 0 0 0 0 0 0 1 1
+80 * 1 0 0 1 0 0 1
fi=(5) /usr/src/debug/glibc/glibc/elf/do-rel.h
+4 53 1
fe=(2)
+3 565 1 1
fi=(5)
+4 49 1 1
+4 +4 1
+3 * 1
+3 * 1
+4 -4 1
+4 -1 1
+5 +1 1
+4 +4 1 1
+7 * 1 1 0 1 0 0 1
+4 +3 1
+3 * 1 0 0 0 0 0 0 0 0 1 1
fe=(2)
-45 565 1 1
fi=(5)
+4 49 1 1
+4 +4 1
+3 * 1
+3 * 1
+4 -4 1
+4 -1 1
+5 +1 1
+4 +4 1 1
+7 * 1 1
+4 +3 1
+3 * 1 0 0 0 0 0 0 0 0 1 1
+61 -6 2 0 0 1 0 0 1
+4 * 2
+5 * 2
+4 * 2
+5 +11 2
+3 * 2 0 0 0 0 0 0 0 0 2 1
+2 * 1
+6 +2 1 1
fi=(6)
+4 273 1
+3 * 1
+4 * 1 0 0 0 0 0 0 0 0 1
fi=(5)
+2 63 1
+4 +2 1 1
+3 -1 1
+4 * 1
fi=(6)
+4 282 1
+2 * 1 0 0 1 0 0 1
+3 * 1 0 0 0 0 0 0 0 0 1
+2 * 1 1 0 0 1 0 0 1
+5 * 1 1
+5 * 1 1
+4 * 1
+4 * 1
+5 * 1 0 0 0 0 0 0 0 0 1
+2 * 1 1
+7 +4 1
+4 * 1 0 0 0 0 0 0 0 0 1 1
+8 +26 1
+4 * 1 0 0 0 0 0 0 0 0 1
+2 * 1
+4 * 1 0 0 0 0 0 0 0 0 1 1
fi=(5)
+13 61 1 0 0 1 0 0 1
+4 * 1
+3 * 1 0 0 0 0 0 0 0 0 1
fe=(2)
+2 565 2
+4 * 2
+4 * 2
+3 * 2 0 0 0 0 0 0 0 0 2 1
fi=(5)
+2 51 1 1
fi=(4)
+7 +28 1 1
+7 * 1
fe=(2)
+86 567 1 0 1 1 0 0 1
+7 454 1 0 1 0 0 1 0 0 1
cfi=(7) /usr/src/debug/glibc/glibc/elf/dl-minimal.c
cfn=(12) __rtld_malloc_init_stubs
calls=1 0x1cf80 42 
* * 10 1 4 1 0 2 1 0 2
+5 +4 1
+7 * 1 1
+8 * 1
+5 * 1
+4 * 1 0 1
+7 84 1
+2 476 1
+7 84 1
+4 * 1
+3 * 1 0 1 1 0 0 1
+7 476 1 0 1
cfi=(8) /usr/src/debug/glibc/glibc/elf/dl-setup_hash.c
cfn=(14) _dl_setup_hash
calls=1 0x12690 25 
* * 27 8 6 3 1 0 3 1 0 3
+5 +1 1
+7 +4 1
+7 +9 1 0 1
+7 -13 1 0 1
+7 +19 1
+7 -17 1 0 1 0 0 1 0 0 1
+7 +2 1 0 1
+7 +15 1 1
+4 * 1 0 1
cfi=(9) /usr/src/debug/glibc/glibc/elf/../sysdeps/unix/sysv/linux/dl-sysdep.c
cfn=(16) _dl_sysdep_start
calls=1 0x1ed10 102 
* * 2653472 668353 247029 1062 17896 2763 1035 8816 1880 416273 18099 5521 1307
+5 * 1 0 0 1
+3 +2 1 1
+7 * 1 0 0 0 0 0 0 0 0 1
+6 +87 1
+4 * 1
+3 * 1 1 0 0 1
+1 * 1 1
+2 * 1 1
+2 * 1 1
+2 * 1 1
+2 * 1 1 0 0 1
+1 * 1 1
fi=(3)
+6 62 1 0 0 1 0 0 1
+5 * 1
+3 * 1
+4 * 1 0 0 0 0 0 0 0 0 1
+6 +2 1
+5 * 1 0 0 1 0 0 1
+3 * 1
+3 * 1
+68 +39 1 0 0 1 0 0 1
+3 * 1 0 1
+4 * 1
fe=(2)

fn=(68) dl_main
0x206c0 1356 1 0 0 1 0 0 1
+4 * 1 0 1
+1 196 1
+4 1356 1
+3 * 1 0 1
+2 * 1 0 1
+2 * 1 0 1
+2 * 1
+3 * 1 0 1
+2 * 1
+3 * 1 0 1
+1 * 1
+7 * 1 0 1 0 0 1 0 0 1
+6 * 1 0 1
+7 198 1 0 1
+11 301 1 0 1 1 0 0 1
+7 +1 1 0 1
+4 196 1 0 1
+7 +99 1 0 1
+4 * 1 0 1
+4 * 1 0 1
+4 1368 1 0 1 0 0 1 0 0 1
cfi=(25)
cfn=(70) __tls_pre_init_tp
calls=1 0x14190 54 
* * 17 1 5 2 0 1 2 0 1
+5 2745 1 1
+6 2513 1 1
+7 2745 1 0 1
+6 * 1
+2 * 1 0 0 0 0 0 0 0 0 1
+6 2584 1 0 1 0 0 1 0 0 1
+7 +2 1 0 0 1 0 0 1
+3 +15 1
+7 * 1
+7 -13 1
+7 * 1 0 1
cfi=(26) /usr/src/debug/glibc/glibc/elf/dl-environ.c
cfn=(72) _dl_next_ld_env_entry
calls=1 0x1c5e0 28 
* * 355 121 1 2 0 0 2 0 0 119 21
-7 * 1
+7 * 1 0 1
cfi=(26)
cfn=(72)
calls=1 0x1c5e0 28 
* * 6 3 0 0 0 0 0 0 0 1
+5 * 2
+3 * 2
+3 * 2 0 0 0 0 0 0 0 0 2 1
+2 +4 1 1
+3 * 1
+3 * 1 0 0 0 0 0 0 0 0 1
+2 -2 1
+2 +2 1
+2 * 1 0 0 0 0 0 0 0 0 1
+2 * 1
+3 * 1
+11 +1 1 0 0 1 0 0 1
+4 -1 1 1
+4 * 1
+2 * 1 0 0 0 0 0 0 0 0 1
-10 +1 6
+4 -1 6 6
+4 * 6
+2 * 6 0 0 0 0 0 0 0 0 6
+2 * 7
+3 * 7 0 0 0 0 0 0 0 0 7 4
+2 +9 1
+4 * 1
+4 * 1 0 0 0 0 0 0 0 0 1
+2 * 1 1 0 0 1 0 0 1
+4 * 1
+3 * 1 0 0 0 0 0 0 0 0 0 0 1 1
+14 2712 1 1
+8 * 1 0 0 0 0 0 0 0 0 1 1
+16 +10 1 1 0 1 0 0 1
+6 * 1
+2 * 1 0 0 0 0 0 0 0 0 1 1
+11 1378 1 1
+7 +1 1 1
+7 * 1
+7 -1 1 1
+3 * 1 0 1
+7 +1 1 1
+3 * 1 0 0 1 0 0 1 0 0 1 1
0x20a66 2626 1 1 0 1 0 0 1
+6 * 1 0 0 0 0 0 0 0 0 1
+6 +10 1 1
+6 * 1 0 0 0 0 0 0 0 0 1 1
0x20bf6 1646 1 0 0 1 0 0 1
+7 * 1
+3 * 1 0 0 1 0 0 1
+2 * 1
+2 * 1
+6 * 1
+3 * 1
+3 * 1 0 1
cfi=(27) /usr/src/debug/glibc/glibc/elf/dl-object.c
cfn=(74) _dl_new_object
calls=1 0xcd40 59 
* * 284 29 50 20 3 11 20 3 11 36 20 2 2
+5 * 1
+3 +2 1
+3 * 1 0 0 0 0 0 0 0 0 1
+6 +1 1 0 1
+7 +1 1 1
+7 +5 1
+2 * 1
+3 -5 1 0 1
+8 +1 1 1 0 1 0 0 1
+7 * 1 1
+3 * 1 0 1
+7 +4 1 0 1
cfi=(27)
cfn=(88) _dl_add_to_namespace_list
calls=1 0xcca0 31 
* * 33 9 8 3 1 0 3 1 0 1 1 2 2
+5 +1 1 1
+7 * 1 0 0 0 0 0 0 0 0 1
+6 1361 1 0 1
+7 1094 1 1
+7 +1 1 1
+8 +27 1
+3 -21 1 1 0 0 1 0 0 1
+8 +2 1 0 1 1 0 0 1
+8 +19 1
+4 -18 1 0 1
+8 -3 1 0 1 0 0 1 0 0 1
+8 +21 1
+4 * 1
+3 * 1 0 0 0 0 0 0 0 0 1
+6 * 1
+3 -25 1
+3 +26 1
+7 -4 1
+2 * 1
+8 +4 1 1 0 1 1 0 1 1
+2 * 1
+3 * 1 0 0 0 0 0 0 0 0 1
-5 * 14 14 0 0 7 0 0 7
+2 * 14
+3 * 14 0 0 0 0 0 0 0 0 14 5
+2 * 10
+2 * 10 0 0 0 0 0 0 0 0 10
+2 * 10
+3 * 10 0 0 0 0 0 0 0 0 10
+2 * 10 10 0 0 2 0 0 2
+4 * 10
+3 * 10 0 0 0 0 0 0 0 0 0 0 10 5
+9 * 5
+6 * 5 0 0 0 0 0 0 0 0 5 1
+6 * 4
+6 * 4 0 0 0 0 0 0 0 0 4 3
+2 +80 1 1
+5 * 1 1
+5 * 1 0 1
+8 -81 1
+4 * 1
+3 * 1 0 0 0 0 0 0 0 0 1
-7 * 6 0 0 1 0 0 1
+4 * 6
+3 * 6 0 0 0 0 0 0 0 0 6 5
+2 +87 1
+3 * 1
+3 * 1
+11 +1 12
+5 * 12 0 0 0 0 0 0 0 0 12 8
+2 +6 1
+3 * 1
+5 * 1
+3 * 1 0 1
cfi=(32)
cfn=(94) _dl_process_pt_gnu_property
calls=1 0x7fb0 842 
* * 54 13 2 7 2 0 7 2 0 13 1
+6 -7 15
+3 * 15 0 0 0 0 0 0 0 0 15 1
+6 +1 15 15 0 1 0 0 1
+5 +6 15
+4 -6 15
+3 * 15 0 0 0 0 0 0 0 0 15 6
fi=(33) /usr/src/debug/glibc/glibc/elf/../sysdeps/x86/dl-prop.h
+2 149 3 3
+8 * 3 0 0 0 0 0 0 0 0 3 3
fe=(2)
0x20f80 1127 1 0 0 1 0 0 1
+3 -5 1
+4 +5 1 1
+4 * 1 0 1
+3 -5 1
+3 * 1 0 0 0 0 0 0 0 0 1 1
+11 +21 1 1
+3 * 1 1 0 0 1 0 0 1
+4 -21 1
+4 +25 1
+6 -5 1 0 1
+7 +3 1
+7 * 1 0 1 1 0 0 1
+7 -23 1
+3 * 1 0 0 0 0 0 0 0 0 1 1
+11 +10 1 1
+3 * 1 1
+4 -10 1
+4 +10 1 0 1
+4 +1 1 1
+4 * 1 1
+8 * 1
+2 * 1
+3 * 1
+3 * 1
+3 * 1
+3 * 1
+2 * 1 0 1
+7 -11 1
+3 * 1 0 0 0 0 0 0 0 0 1 1
+11 +34 4 4 0 1 0 0 1
+7 * 4 4 0 0 1 0 0 1
+4 -1 4 4
+3 +1 4
+3 * 4
+3 * 4
+3 * 4
+3 -1 4
+3 +2 4 4
+7 * 4 0 0 0 0 0 0 0 0 4 2
+2 +1 1 0 1
+7 +2 1 1 0 1 0 0 1
+8 * 1
+4 * 1 0 0 0 0 0 0 0 0 1
-12 * 3 3
+8 * 3
+4 * 3 0 0 0 0 0 0 0 0 3
+2 +1 4
+3 * 4 0 0 0 0 0 0 0 0 4 1
+2 * 3
+3 * 3 0 0 0 0 0 0 0 0 3 2
+13 +4 4 4 0 0 3 0 0 3
+4 * 4
+3 +1 4 4
+7 * 4 0 0 0 0 0 0 0 0 4
+2 +1 4 0 4
+7 +4 4
+5 -49 4
+4 +49 4 0 0 1 0 0 1
+3 -49 4
+3 * 4 0 0 0 0 0 0 0 0 4 1
+33 +87 1
+3 +13 1 1 0 0 1 0 0 1
+7 * 1
+3 * 1 0 0 0 0 0 0 0 0 1 1
+12 +3 1 1 0 1 0 0 1
+8 * 1 0 0 0 0 0 0 0 0 1 1
+13 +2 1 1
+8 * 1 0 0 0 0 0 0 0 0 1
+6 1679 1 0 1
cfi=(34) /usr/src/debug/glibc/glibc/elf/dl-execstack-tunable.c
cfn=(100) _dl_handle_execstack_tunable
calls=1 0x4e70 24 
* * 33 7 3 2 1 0 2 1 0 5 2
fi=(4)
+5 96 1 1
+7 * 1
+3 * 1 0 0 0 0 0 0 0 0 1
+2 +3 1 1
+7 * 1
+2 * 1 1 0 1 0 0 1
+7 * 1 1
+8 +1 1 1
fe=(2)
+4 1685 1 1
+4 * 1
+3 * 1 0 0 0 0 0 0 0 0 1
+2 +1 1 1
+7 * 1
+3 * 1 1
+4 * 1 0 1
cfi=(35) /usr/src/debug/glibc/glibc/string/../sysdeps/x86_64/multiarch/../multiarch/strcmp-sse2.S
cfn=(104) strcmp
calls=1 0x27000 98 
* * 25 7 0 3 2 0 3 2 0 3 1
+5 * 1
+2 * 1 0 0 0 0 0 0 0 0 1
+2 +3 1 0 1 0 0 1 0 0 1
+7 +1 1 0 1 1 0 0 1
+11 +1 1 0 1
+10 +2 1 1
+5 * 1 0 0 0 0 0 0 0 0 1
+6 +1 1
+7 * 1 0 1
+4 +5 1 1
+7 * 1 0 0 0 0 0 0 0 0 1
+6 +2 1 1
+7 * 1 0 0 0 0 0 0 0 0 1
fi=(3)
+6 39 1 1
+4 * 1 0 0 1 0 0 1
+3 * 1 0 0 0 0 0 0 0 0 1
+6 +6 1 1 0 0 1 0 0 1
+3 * 1
+3 * 1 0 0 0 0 0 0 0 0 1
+2 -2 1
+4 * 1
+8 +25 28 0 28 0 0 8 0 0 8
+4 -23 28 28 0 0 7 0 0 7
+4 * 28
+4 * 28
+3 * 28 0 0 0 0 0 0 0 0 28 1
+2 +4 28
+4 * 28 0 0 0 0 0 0 0 0 28 5
+2 +3 6
+7 -1 6
+4 * 6 0 0 0 0 0 0 0 0 6
+2 +3 6
+5 * 6
+3 * 6
+4 * 6 0 0 0 0 0 0 0 0 6 1
+6 +1 5
+5 * 5
+3 * 5
+3 * 5
fi=(31) /usr/src/debug/glibc/glibc/elf/../include/stackinfo.h
+2 +7 1 1 0 1 0 0 1
+3 * 1
fe=(2)
+5 1122 1
fi=(31)
+4 62 1
+3 * 1
+3 * 1
+2 * 1
+2 * 1
+3 * 1 0 1
fe=(2)
+6 1122 1 0 0 1 0 0 1
+3 * 1 0 0 0 0 0 0 0 0 1 1
fi=(3)
+11 72 1 1
+3 * 1
+3 * 1 0 0 0 0 0 0 0 0 1 1
+40 +51 1 1 0 1 0 0 1
+7 * 1 1
+5 * 1 0 0 0 0 0 0 0 0 1
+6 +6 1 1
+7 * 1
+3 * 1 0 0 0 0 0 0 0 0 1 1
+20 +18 1 1
+7 * 1
+3 * 1 0 0 0 0 0 0 0 0 1 1
+46 +15 1 1 0 1 0 0 1
+7 * 1
+3 * 1 0 0 0 0 0 0 0 0 1
+2 +2 1 1
+4 * 1 0 1
+7 * 1
+2 +1 1
+2 * 1 0 0 0 0 0 0 0 0 1 1
+10 +9 1 1 0 1 0 0 1
+7 * 1 0 0 0 0 0 0 0 0 1
+6 +6 1
+3 * 1 0 0 0 0 0 0 0 0 1 1
+16 +4 1 1
+8 * 1 0 0 0 0 0 0 0 0 1 1
fi=(4)
+13 -88 1 1 0 1 0 0 1
+7 * 1
+3 * 1 0 0 0 0 0 0 0 0 1 1
fe=(2)
+60 1714 1 0 0 1 0 0 1
+3 * 1 0 1
cfi=(8)
cfn=(14)
calls=1 0x12690 25 
* * 27 8 6 0 1 0 0 1 0 3
+5 +3 1 1
+4 * 1 0 0 0 0 0 0 0 0 1
fi=(36) /usr/src/debug/glibc/glibc/elf/./setup-vdso.h
+6 24 1 1
+8 * 1 0 0 0 0 0 0 0 0 1 1
fi=(39) /usr/src/debug/glibc/glibc/elf/./dl-main.h
0x21dfd +85 1 1 0 1 0 0 1
+4 * 1 1
fi=(38) /usr/src/debug/glibc/glibc/elf/../sysdeps/unix/sysv/linux/dl-vdso-setup.h
+4 -55 1 0 1
fi=(39)
+7 +55 1 1
+4 * 1 1
+4 * 1 0 1
cfi=(32)
cfn=(116) _dl_init_paths
calls=1 0x7c40 680 
* * 1450 301 260 38 2 8 38 2 8 169 50 4 4
fe=(2)
+5 1742 1 1
+7 * 1
+2 * 1 0 1
cfi=(46) /usr/src/debug/glibc/glibc/elf/dl-debug.c
cfn=(146) _dl_debug_initialize
calls=1 0x3690 120 
* * 20 6 4 3 1 0 3 1 0 4 2
+5 +7 1 1
+8 -5 1 0 1
+7 -2 1
+3 +7 1 0 0 0 0 0 0 0 0 1 1
+6 +4 1 1 0 1 0 0 1
+7 +3 1 0 1
+7 -3 1
+3 * 1
+3 * 1 0 1
+6 +1 1 0 1
+4 +3 1 0 1
+8 1252 1 1 0 0 1 0 0 1
+8 1755 1 0 1
+4 1252 1 0 0 0 0 0 0 0 0 1
+6 +1 1 1
+8 * 1 0 0 1 0 0 1 0 0 1
+6 +5 1 1
+7 -3 1
+7 * 1 1
+7 +2 1 0 1 0 0 1 0 0 1
+7 +11 1
+4 -10 1 0 1
+8 +3 1 0 1
+7 +7 1
+3 * 1
+3 * 1 0 0 0 0 0 0 0 0 1
+2 +4 1 1 0 1 0 0 1
+7 -5 1
+2 +5 1
+3 * 1
+3 * 1
+5 -3 8
+4 -1 8
+3 * 8 0 0 0 0 0 0 0 0 8 1
+2 +2 12 12 0 0 7 0 0 7
+3 * 12 0 0 0 0 0 0 0 0 12 6
+2 +2 4 4 0 0 2 0 0 2
+4 +1 4 4
+7 * 4 0 0 0 0 0 0 0 0 4
+2 -1 4
+3 * 4
+3 +2 4
+3 * 4 0 0 0 0 0 0 0 0 4 4
+14 +5 4 4 0 1 1 0 1 1
+4 -10 4
+4 +10 4
+5 * 4
+3 -11 4
+3 * 4 0 0 0 0 0 0 0 0 4 3
+2 * 1
+4 * 1
+5 +18 1
+4 +1 1 1
+6 * 1 0 0 0 0 0 0 0 0 1 1
+10 -1 1
+3 * 1 0 0 0 0 0 0 0 0 1 1
+16 224 1 1 0 1 0 0 1
+4 * 1 1
+8 -1 1 1
+7 +1 1 1
+4 * 1
+3 * 1 0 0 0 0 0 0 0 0 1 1
0x21fd3 1771 1 1 0 1 0 0 1
+4 * 1 0 0 0 0 0 0 0 0 1
+6 1362 1 0 1
+11 1775 1
+6 +1 1 1
+8 * 1 0 0 0 0 0 0 0 0 1
+6 +24 1 0 1 1 0 0 1
cfi=(47)
cfn=(148)
calls=1 0x134a0 228 
* * 6 3 0 1 1 0 1 1 0 1
+5 * 1 0 1
fi=(48) /usr/src/debug/glibc/glibc/elf/../sysdeps/generic/dl-debug.h
+7 29 1 1
+7 * 1
+3 * 1 0 0 0 0 0 0 0 0 1
+2 +1 1 0 1
fe=(2)
+4 1806 1
+5 * 1
+3 * 1 0 1
cfi=(46)
cfn=(152) _dl_debug_change_state
calls=1 0x3650 104 
* * 11 2 1 2 0 0 2 0 0 2 2
+5 +1 1
+1 +4 1
+5 * 1
+3 * 1 0 1
cfi=(50)
cfn=(156)
calls=1 0x19cf0 29 
* * 5 2 0 3 0 0 3 0 0 1 1
+5 +5 1 1
+7 * 1 1
+4 * 1 0 0 1 0 0 1 0 0 1
+6 +2 1
+3 +2 1 1
+5 * 1 0 0 0 0 0 0 0 0 1 1
+6 +9 1 1
+5 * 1 0 0 0 0 0 0 0 0 1
+6 +16 1
+5 * 1
+7 * 1 0 1
cfi=(65)
cfn=(222)
calls=1 0x250b0 25 
* * 9 1 1 1 0 0 1 0 0 1 1
+5 * 1
+2 * 1 0 0 0 0 0 0 0 0 1
+6 +76 1 1
+7 * 1 1
+3 * 1 0 0 1 0 0 1
+3 * 1 0 0 0 0 0 0 0 0 1 1
+6 +16 1 1
+7 * 1
+3 * 1 0 0 0 0 0 0 0 0 1 1
+9 84 1
+2 1947 1
+2 84 1
+3 * 1
+4 1947 1
+3 * 1
+3 84 1
+3 1947 1 1
+4 * 1
+3 * 1
+3 * 1
+3 84 1 0 1 1 0 0 1
+7 1947 1 0 1
cfi=(66) /usr/src/debug/glibc/glibc/elf/dl-deps.c
cfn=(224) _dl_map_object_deps
calls=1 0x3810 143 
* * 30320 6134 3096 124 205 215 123 204 215 5483 815 92 30
+5 91 1
+2 1957 1 1
+7 * 1 1
+7 -4 1 1
+7 +16 1 1
+7 91 1
+4 * 1
+3 +9 1 1
+7 * 1 0 1
+7 1953 1
+2 * 1 0 0 1 0 0 1 0 0 1
+6 * 1
+3 * 1
+4 * 1
+4 * 1
+6 * 1
+11 +1 1 1
+3 -1 1
+4 +1 1 0 1
+7 -1 1
+3 * 1 0 0 0 0 0 0 0 0 1 1
-17 +1 6 6
+3 -1 6
+4 +1 6 0 6
+7 -1 6
+3 * 6 0 0 0 0 0 0 0 0 6 5
+2 +4 1 0 1
+4 +1 1
+3 * 1 0 0 0 0 0 0 0 0 1
+2 +1 1 0 1
+4 +2 1 0 0 1 0 0 1
+3 * 1 0 0 0 0 0 0 0 0 1
+6 * 1
+4 * 1
+5 * 1
+14 * 5
+3 * 5
+4 * 5
+2 * 5 0 0 0 0 0 0 0 0 5
+2 +1 6 6
+3 * 6
+3 * 6 0 0 0 0 0 0 0 0 6 6
+2 +7 1
+3 * 1 1
+4 +1 1 1
+3 -1 1 0 1 1 0 0 1
+7 +1 1
+2 * 1 0 0 0 0 0 0 0 0 1
+6 +2 1
+3 +2 1
+2 * 1 0 0 0 0 0 0 0 0 1 1
+47 +16 1 0 0 1 0 0 1
+3 * 1 0 0 0 0 0 0 0 0 1
+6 * 1
+5 * 1
+2 +1 1 0 1
+4 +1 1 1
+7 * 1
+3 * 1 0 0 0 0 0 0 0 0 1 1
+16 +10 1 0 1
+6 +2 1
+7 -1 1
+2 * 1
+3 * 1 0 0 1 0 0 1
+3 +1 1
+3 * 1
+7 * 1
+7 -1 1 0 1
+6 +1 1 0 1
cfi=(52)
cfn=(256) _dl_receive_error
calls=1 0x2330 190 
* * 32718 9889 1799 62 148 86 62 144 84 7133 495 103 65
+5 +10 1 1
+7 * 1 0 1
+6 +1 1 1
+8 * 1 0 0 0 0 0 0 0 0 1 1
+6 +3 1
+3 * 1 0 0 0 0 0 0 0 0 1
+2 820 1 1 0 1 0 0 1
fi=(385) /usr/src/debug/glibc/glibc/elf/../sysdeps/unix/sysv/linux/dl-osinfo.h
+7 39 1 1
+3 * 1
fe=(2)
+2 822 1 0 1
fi=(385)
+9 52 1 1
fe=(2)
+4 831 1 0 1
+9 +2 1 0 1
+7 +5 1 0 1
+11 2023 1 1
+3 * 1
+2 * 1 0 0 0 0 0 0 0 0 1
+6 2226 1 1 0 1 0 0 1
+9 -4 1
+7 * 1 0 1
+7 +10 1 1
+7 -6 1 0 1
+7 +6 1 0 1
+7 +3 1 1
+7 * 1 0 0 0 0 0 0 0 0 1
+6 +8 1 1
+7 * 1 1 0 1 0 0 1
fi=(33)
+3 36 1 1
+7 +1 1
+2 * 1 0 0 0 0 0 0 0 0 1
+2 * 1 1
+7 * 1
+3 +16 1 1
+6 * 1
+4 * 1
+8 -16 6
+4 +3 6 6
+3 +9 6 6
+7 * 6 0 0 0 0 0 0 0 0 6
-10 -9 1 1
+3 +9 1 1
+7 * 1 0 0 0 0 0 0 0 0 1
+2 * 7
+3 * 7 0 0 0 0 0 0 0 0 7 1
+2 * 6 6
+4 * 6 0 0 0 0 0 0 0 0 6
+2 +4 6
+2 * 6
+2 * 6 6
+6 * 6 0 0 0 0 0 0 0 0 6 2
+6 -16 7 0 0 1 0 0 1
+3 * 7 0 0 0 0 0 0 0 0 7 5
+2 +34 1
+3 * 1
+3 * 1 0 1
cfi=(78) /usr/src/debug/glibc/glibc/elf/../sysdeps/x86_64/dl-cet.c
cfn=(288) _dl_cet_check
calls=1 0x169d0 361 
* * 25 4 5 4 0 0 4 0 0 3 1
fe=(2)
+5 2247 1
+2 * 1 1
+8 * 1
+3 +3 1 0 1 0 0 1
+6 +5 1 1
+8 * 1 0 0 0 0 0 0 0 0 1
+2 84 1 0 0 1 0 0 1
+2 2260 1 1
+7 -1 1 1
+6 84 1
+3 * 1
+4 2259 1 0 1
+6 84 1
+3 2259 1
+2 * 1
+2 * 1 1
+7 * 1
+3 * 1 0 1
cfi=(79) /usr/src/debug/glibc/glibc/elf/dl-reloc.c
cfn=(292) _dl_relocate_object
calls=1 0x11f90 343 
* * 79778 19544 8447 188 558 230 187 540 229 13716 981 178 82
+5 91 1
+2 +9 1 1 0 0 1
+6 -9 1
+4 * 1 0 0 1 0 0 1
+3 +9 1
+3 * 1 0 1 0 0 1
+7 -16 1
+2 * 1
+3 2268 1 1
+7 84 1
+4 * 1
+3 2269 1
+2 * 1 0 0 0 0 0 0 0 0 1
+6 * 1
+4 * 1 0 1
+7 * 1
+3 * 1
+7 * 1 0 1 1 0 0 1
+7 * 1
+4 * 1
+10 * 4
+4 * 4
+4 * 4 0 0 0 0 0 0 0 0 4 1
+2 +2 7 7
+7 * 7 7 0 0 2
+4 +5 7 7
+4 * 7 7 0 0 7
+4 +2 7
+3 * 7 0 0 0 0 0 0 0 0 7 1
+6 +6 7 0 7
+8 +2 7 7 0 1 0 0 1
+3 * 7
+2 * 7
+3 * 7 7 0 0 7 0 0 1
+7 * 7
+3 * 7
+2 * 7
+3 * 7 0 7
cfi=(79)
cfn=(292)
calls=7 0x11f90 343 
* * 2471014 625624 230909 130 16580 2033 119 7720 1164 381396 14714 5091 1085
+5 +4 7 7 0 0 2
+8 * 7 0 0 0 0 0 0 0 0 7 4
+2 * 3 3 0 0 2
+7 * 3 0 0 0 0 0 0 0 0 3
+2 +1 3
+5 * 3
+3 -22 3
+4 +22 3 0 3
cfi=(47)
cfn=(472)
calls=3 0x13e80 1177 
* * 84 24 12 3 2 2 3 0 1 12 4
+5 -22 3 0 0 1 0 0 1
+4 * 3 0 0 0 0 0 0 0 0 3 2
+2 * 1 1 0 0 1
+7 * 1 1
+7 91 1
+2 * 1
+4 * 1
+3 +1 1
+3 * 1 0 1 0 0 1
+7 2298 1 0 1
cfi=(47)
cfn=(604)
calls=1 0x13e30 1138 
* * 43 10 1 2 0 1 2 0 0 11 4
+5 +6 1 1
+8 * 1 0 0 0 0 0 0 0 0 1
+6 +4 1 1
+7 * 1 0 0 1 0 0 1 0 0 1
+6 * 1 1
+8 * 1 0 0 0 0 0 0 0 0 1
+6 +2 1 0 1
+8 +7 1 1
+7 * 1
+5 * 1 0 1
cfi=(47)
cfn=(606)
calls=1 0x13800 612 
* * 321 82 53 13 8 4 8 0 4 54 12 2 2
+5 +3 1 1
+7 * 1 0 0 0 0 0 0 0 0 1
+6 +4 1 1
+7 * 1 1 0 1 1 0 1
+7 * 1 0 0 0 0 0 0 0 0 1
+6 +3 1 0 1
cfi=(181) /usr/src/debug/glibc/glibc/elf/dl-find_object.c
cfn=(608) _dl_find_object_init
calls=1 0x56a0 578 
* * 1489 301 126 17 86 7 17 0 4 370 73 1 1
+5 +5 1 1
+8 * 1 0 0 0 0 0 0 0 0 1
+2 84 1
+2 2336 1
+2 * 1 1
+7 84 1
+3 * 1
+4 2336 1
+3 84 1
+3 2336 1
+2 * 1 0 1
cfi=(79)
cfn=(294) _dl_relocate_object_no_relro
calls=1 0xf7e0 207 
* * 252 72 39 2 8 1 1 0 0 41 16 1 1
+5 91 1
+2 * 1 0 0 1 0 0 1
+4 * 1
+3 +9 1
+3 * 1 0 1
+7 2339 1 0 1
cfi=(183) /usr/src/debug/glibc/glibc/elf/../sysdeps/nptl/dl-mutex.c
cfn=(618) __rtld_mutex_init
calls=1 0x1d370 30 
* * 504 127 45 12 14 0 12 3 0 52 10 2 2
+5 +1 1
+3 * 1 0 1
cfi=(7)
cfn=(624) __rtld_malloc_init_real
calls=1 0x1d1c0 76 
* * 2770 811 341 7 24 1 7 1 0 403 41 1 1
+5 +3 1
+3 * 1 0 1
cfi=(46)
cfn=(632) _dl_debug_post_relocate
calls=1 0x3570 46 
* * 664 196 79 3 8 0 3 1 0 102 5
+5 +4 1
+3 * 1 0 1
cfi=(79)
cfn=(468) _dl_protect_relro
calls=1 0xf670 352 
* * 35 8 3 0 0 0 0 0 0 4 1
+5 +5 1 1
+7 * 1
+5 * 1 0 1
cfi=(187) /usr/src/debug/glibc/glibc/elf/dl-call-libc-early-init.c
cfn=(634) _dl_call_libc_early_init
calls=1 0x1f40 27 
* * 1336 174 331 30 49 36 28 26 35 205 32 16 16
+5 +7 1 0 1 1
cfi=(9)
cfn=(654) _dl_sysdep_start_cleanup
calls=1 0x1edd0 147 
* * 2 1 0 1 0 0 1
+5 +4 1
+2 * 1 0 1
cfi=(46)
cfn=(218) _dl_debug_update
calls=1 0x3600 94 
* * 7 2 0 1 1 0 0 0 0 2
+5 +1 1
+2 * 1
+3 -1 1
+3 +1 1 0 1
cfi=(46)
cfn=(152)
calls=1 0x3650 104 
* * 11 2 1 2 0 0 0 0 0 2 2
+5 +1 1
+1 +3 1
+2 * 1
+2 * 1 0 1
cfi=(50)
cfn=(656)
calls=1 0x19da0 41 
* * 8 3 0 1 0 0 1 0 0 1 1
+5 +4 1 0 1
cfi=(67) /usr/src/debug/glibc/glibc/elf/dl-cache.c
cfn=(658) _dl_unload_cache
calls=1 0x164f0 508 
* * 19 5 4 2 1 0 2 0 0 2 1
+5 +5 1
+4 * 1 1 0 0 1
+1 * 1 1
+2 * 1 1
+2 * 1 1 0 0 1
+2 * 1 1
+2 * 1 1
+1 * 1 1
+1 225 1 0 0 1 0 0 1
+3 * 1 0 0 0 0 0 0 0 0 1
+6 -2 1 1 0 1 0 0 1
+7 +2 1
+3 * 1 0 0 0 0 0 0 0 0 1 1
0x225ed 2280 1 0 1 1 0 0 1
+7 +1 1 1
+4 -3 1
+3 * 1 0 0 1 0 0 1 0 0 1 1
0x226bc 1762 1 1 0 1 1 0 1 1
+8 1289 1 1 0 0 1 0 0 1
+5 * 1 1
+5 * 1 0 1
+7 1762 1 0 0 0 0 0 0 0 0 1 1
fi=(3)
+19 56 1 0 0 1 0 0 1
+3 * 1
+3 * 1
+3 * 1
+3 * 1 0 0 0 0 0 0 0 0 1
+6 +3 1
+5 * 1 0 0 1 0 0 1
+3 * 1
+4 * 1 0 0 0 0 0 0 0 0 1 1
fe=(2)
+56 1976 1 1 0 1 0 0 1
+7 -4 1 0 1
+11 +4 1
+3 * 1 0 0 0 0 0 0 0 0 1 1
+29 +14 1 1
+7 * 1
+2 * 1 1
+4 * 1 0 0 1 0 0 1
fi=(37) /usr/src/debug/glibc/glibc/elf/../sysdeps/unix/sysv/linux/dl-vdso.h
0x227ea 40 1 1 0 1 0 0 1
+7 +1 1
+7 * 1 0 1
+7 * 1 0 0 1 0 0 1
+4 * 1
+3 * 1 0 0 0 0 0 0 0 0 1
fi=(38)
+6 -11 1 0 1
+11 +3 1 0 1
+11 +3 1 0 1
+11 +3 1 0 1
+11 +6 1 0 1 1 0 0 1
+11 * 1
+2 * 1
fi=(3)
0x22bd5 +27 1 1 0 1 0 0 1
+8 * 1 0 0 0 0 0 0 0 0 1
+6 +12 1 1
+4 * 1
+3 * 1 0 0 0 0 0 0 0 0 1 1
+6 +1 1 1
+4 * 1
+3 * 1 0 0 0 0 0 0 0 0 1
+2 * 1 0 1
+4 +1 1 1 0 1 0 0 1
+4 * 1
+3 * 1 0 0 0 0 0 0 0 0 1
+2 * 1 0 1
+4 +1 1 1
+4 * 1
+3 * 1 0 0 0 0 0 0 0 0 1
+2 * 1 0 1
+4 +1 1 1
+7 * 1
+3 * 1
+3 * 1 0 0 0 0 0 0 0 0 1 1
+6 +1 1 1
+7 * 1
+3 * 1 0 0 0 0 0 0 0 0 1
+2 * 1 0 1
+4 +1 1 1 0 1 0 0 1
+7 * 1
+3 * 1 0 0 0 0 0 0 0 0 1
+2 * 1 0 1
+4 +1 1 1
+7 * 1
+3 * 1 0 0 0 0 0 0 0 0 1
+2 * 1 0 1
+4 +12 1 1
+4 +7 1 1
+7 -7 1
+3 * 1 0 0 0 0 0 0 0 0 1
+6 * 1 1
+4 * 1
+3 * 1 0 0 0 0 0 0 0 0 1
+2 * 1
+3 * 1 0 1
+4 +7 1 0 0 1 0 0 1
+3 * 1 0 0 0 0 0 0 0 0 1
+6 +5 1 1
+5 * 1 0 0 0 0 0 0 0 0 1 1
fe=(2)
0x22e03 1752 1 1 0 1 0 0 1
+7 * 1 1
+3 * 1 0 1
+7 * 1
0x230cb 2016 1 0 0 1 0 0 1
+2 * 1 0 1
cfn=(266) init_tls
calls=1 0x1fde0 734 
* * 933 127 252 26 7 39 24 5 39 108 32 5 3
+5 * 1 0 1
+7 * 1
fi=(3)
0x232dd 62 1 0 0 1 0 0 1
+5 * 1
+3 * 1
+4 * 1 0 0 0 0 0 0 0 0 1
+6 +2 1
+5 * 1
+3 * 1
+3 * 1
fe=(2)
+95 2636 1 1 0 1 0 0 1
+7 * 1 0 0 0 0 0 0 0 0 1
+6 +2 1
+4 * 1 0 1
+4 +1 1
+82 1925 1 0 0 1 0 0 1
+3 * 1
+3 * 1
+8 * 1
+4 * 1
+4 * 1
+3 * 1
+7 * 1
+3 * 1
+3 * 1 0 0 0 0 0 0 0 0 1 1
0x2353b 84 1 0 0 1 0 0 1
+2 1824 1 1 0 1 0 0 1
+4 84 1
+4 * 1
+3 1824 1
+3 84 1
+3 1824 1
+7 * 1 0 1
cfn=(158)
calls=1 0x205a0 852 
* * 3003 729 364 125 38 43 125 38 43 486 162 9 4
+6 * 1
+3 91 1
+2 * 1
+4 * 1
+3 +9 1
+3 * 1 0 1
+7 * 1
0x237b2 1925 1 0 0 1 0 0 1
+5 * 1
+3 * 1
+3 * 1 0 0 0 0 0 0 0 0 1
+2 * 1 0 1 1 0 0 1
+5 * 1
+5 +1 1
+2 -1 1
+4 +4 1
+2 * 1
+3 * 1 0 1
+4 +1 1 1
+4 +1 1
+3 * 1 0 0 0 0 0 0 0 0 1
+2 +1 1
+3 * 1 0 0 0 0 0 0 0 0 1
+6 -7 1
+3 * 1

fn=(258) version_check_doit
0x1f860 674 1 0 0 1 0 0 1
+4 * 1 0 1
+1 +2 1
+5 -2 1
+3 * 1 0 1
+1 * 1
+3 * 1
+4 +2 1 1
+3 * 1 1
+7 * 1 0 1 1 0 0 1
cfi=(73) /usr/src/debug/glibc/glibc/elf/dl-version.c
cfn=(260) _dl_check_all_versions
calls=1 0x158e0 399 
* * 32682 9876 1788 57 148 86 57 144 84 7130 493 102 64
+5 * 1
+2 * 1 0 0 0 0 0 0 0 0 1 1
+8 +4 1 1
+4 * 1 1
+1 * 1 1

fn=(266)
0x1fde0 734 1 0 1 1 0 0 1
+1 * 1
+3 * 1
+4 +6 1 1
+8 -6 1 0 1
+4 +2 1 1
+7 * 1 0 1 1 0 0 1
+7 +4 1 0 0 0 0 0 0 0 0 1
fi=(29)
+6 44 1 0 1
+4 * 1
fe=(2)
+3 751 1
fi=(29)
+4 44 1
fe=(2)
+5 750 1
+4 -4 1
fi=(29)
+4 44 1 1 1 0 0 0 0 0 0 0 0 1 1
cfi=(28)
cfn=(76)
calls=1 0xc7e0 +36 
* * 28 4 3 0 0 0 0 0 0 4 2 1
fe=(2)
+6 759 1
+3 -10 1 0 1
+7 -3 1 0 1
+3 +10 1 0 1
+8 +3 1 0 1
cfi=(47)
cfn=(270)
calls=1 0x13300 133 
* * 71 14 9 2 3 0 2 3 0 7
+5 +3 1 0 1 1 0 0 1
cfi=(47)
cfn=(272)
calls=1 0x13510 251 
* * 233 41 16 8 4 0 8 2 0 27 12
+5 +7 1 0 1
cfi=(47)
cfn=(276)
calls=1 0x13720 517 
* * 464 43 184 6 0 38 5 0 38 60 14 3 2
+5 * 1
+3 +1 1
+3 * 1 0 0 0 0 0 0 0 0 1
+2 +6 1 1
fi=(76) /usr/src/debug/glibc/glibc/elf/../sysdeps/generic/dl-call_tls_init_tp.h
+4 31 1
+5 * 1
fe=(2)
+3 776 1 0 1
fi=(76)
+7 31 1
+5 * 1 0 1
+3 * 1 0 1
+4 * 1
+2 * 1
+2 * 1 0 0 0 0 0 0 0 0 1
+2 +2 1 0 1
cfi=(25)
cfn=(284) __tls_init_tp
calls=1 0x141e0 +36 
* * 95 17 24 6 0 1 5 0 1 7 4
fe=(2)
+5 783 1
+3 -3 1 0 1 1 0 0 1
+7 +2 1 1
+4 +1 1 1
+4 * 1 1
+1 * 1 1

fl=(26)
fn=(72)
0x1c5e0 28 2 0 0 1 0 0 1
+4 +1 2 2
+3 +3 2 2
+3 * 2
+3 * 2 0 0 0 0 0 0 0 0 2 1
+2 * 1 1
+17 * 55 55
+4 +13 55
+4 -13 55
+3 * 55 0 0 0 0 0 0 0 0 55
+2 +2 56 56 0 1 0 0 1
+3 * 56 0 0 0 0 0 0 0 0 56 15
+2 +1 6 6
+4 * 6 0 0 0 0 0 0 0 0 6 5
+2 * 1 1
+4 * 1 0 0 0 0 0 0 0 0 1
+2 +5 1
+4 -3 1
+4 +3 1 0 1
+3 +2 1 1

fl=(69)
fn=(240)
0x25700 60 3 0 0 1 0 0 1
+4 * 3 0 3
+1 * 3
+3 * 3 0 3
+2 * 3
+3 * 3 0 3
+2 * 3
+3 * 3 0 3
+1 * 3
+3 * 3
+4 +1 3 0 3 0 0 1
cfn=(242) __is_decorate_maps_enabled
calls=3 0x25690 -28 
* * 50 12 4 2 1 1 2 1 1 8 5
+5 * 3
+2 * 3 0 0 0 0 0 0 0 0 3 3
+30 +9 3 0 0 1 0 0 1
+4 * 3 3
+1 * 3 3
+2 * 3 3
+2 * 3 3
+1 * 3 3

fn=(242)
0x25690 33 5 0 0 1 0 0 1
+4 +1 5 5
+6 * 5
+2 * 5 0 0 0 0 0 0 0 0 5 3
+2 * 1
+3 * 1 0 0 0 0 0 0 0 0 1 1
+15 +9 4
+2 +7 4 4
+6 -17 1 0 1
+1 +4 1
+2 * 1
+5 -4 1 0 0 1 0 0 1
+3 * 1
+4 +4 1
+4 * 1 0 1 0 0 1 0 0 1
cfi=(12)
cfn=(30)
calls=1 0x14f60 435 
* * 18 4 1 0 1 0 0 1 0 3 2
+5 * 1 1
+3 * 1
+2 * 1 0 0 0 0 0 0 0 0 1
+2 +5 1 0 1
+10 +1 1
+2 +7 1 1
+1 * 1 1

fl=(8)
fn=(14)
0x12690 25 7 0 0 1 0 0 1
+4 +3 7 7
+7 * 7
+3 * 7 0 0 0 0 0 0 0 0 7
+2 +3 7 7
+4 * 7 7
+7 * 7 0 0 0 0 0 0 0 0 7
+2 +1 7 7 0 0 7 0 0 7
+2 * 7 0 7
+6 +2 7 7
+3 -1 7 7
+3 +3 7
+4 * 7 0 0 1 0 0 1
+3 * 7 0 0 0 0 0 0 0 0 7
+6 +1 7 0 7
+7 +1 7
+4 * 7 7
+3 +2 7 0 7
+7 -2 7 0 7
+6 +3 7
+3 * 7
+4 +4 7
+2 * 7
+3 -2 7 0 7
+7 +2 7
+4 * 7 0 7 1 0 0 1
+7 +5 7 7

fl=(51)
fn=(160)
0x28480 32 1 0 0 1 0 0 1
+4 * 1 0 1
+1 * 1
+3 * 1
+3 * 1
+7 +1 1 1 0 0 1 0 0 1
+3 * 1
+2 * 1 0 0 0 0 0 0 0 0 1
+6 +1 1 1
+4 * 1 0 0 0 0 0 0 0 0 1
+6 +5 1
+4 * 1
+7 * 1 0 1 0 0 1 0 0 1
+7 * 1 0 1 0 0 1 0 0 1
+7 * 1 0 1 1 0 0 1
+7 * 1 0 1
+7 +1 1 0 1
+7 * 1 0 1 0 0 1 0 0 1
+7 * 1 0 1
+7 * 1 0 1
+7 +1 1 0 1
+4 * 1 0 1 0 0 1 0 0 1
+4 * 1 0 1
+4 * 1 0 1
+4 +1 1 0 1
+4 * 1 0 1 1 0 0 1
+4 * 1 0 1
+4 * 1 0 1
+4 +2 1
+6 +3 1 1
+3 * 1
+4 * 1 0 1
+4 +1 1
+2 * 1 0 0 0 0 0 0 0 0 1 1
-13 -1 2 2
+3 * 2
+4 * 2 0 2
+4 +1 2
+2 * 2 0 0 0 0 0 0 0 0 2 1
+2 +3 1 1
+4 * 1
+2 * 1 1
+8 * 1 0 0 0 0 0 0 0 0 1
+6 +1 1 1
+5 * 1
+5 * 1 1 0 1 0 0 1
+8 * 1 0 0 0 0 0 0 0 0 1
+2 +1 1 1
+5 * 1
+5 * 1 1
+8 * 1 0 0 0 0 0 0 0 0 1
+2 +1 1 1
+5 * 1
+5 * 1 1
+8 * 1 0 0 0 0 0 0 0 0 1
+2 +2 1
+3 * 1
+4 * 1
+10 +6 1 1 0 1 0 0 1
+4 -1 1
+4 +1 1 1
+4 +2 1 1
+4 * 1 1
+4 -1 1 1
+4 * 1 1
+5 +2 1 1
+4 +2 1 1
+5 * 1
+3 * 1
+3 * 1
+3 * 1
+3 * 1 0 0 0 0 0 0 0 0 1 1
-50 -5 11 11 0 0 1 0 0 1
+4 -1 11
+4 +1 11 11
+4 +2 11 11
+4 * 11 11
+4 -1 11 11
+4 * 11 11
+5 +2 11 11
+4 +2 11 11
+5 * 11
+3 * 11
+3 * 11
+3 * 11
+3 * 11 0 0 0 0 0 0 0 0 11 9
+2 +2 1
+3 +1 1
+3 * 1 0 0 0 0 0 0 0 0 1 1
+14 +1 1 1 0 1 0 0 1
+1 -1 1
+4 * 1
+3 +1 1 1

fl=(66)
fn=(224)
0x3810 143 1 0 0 1 0 0 1
+4 * 1 0 1
+1 * 1
+3 * 1
+3 * 1
+3 * 1 0 1
+2 * 1 0 1
+2 * 1
+3 * 1
+2 +1 1
+3 -1 1 0 1
+2 +1 1
+4 -1 1 0 1
+2 +1 1
+8 -1 1 0 1
+1 +1 1
+4 * 1 0 0 1 0 0 1
+4 -1 1
+7 +1 1
+3 -1 1 0 1 0 0 1 0 0 1
+7 +1 1
+7 * 1
+3 * 1
+3 * 1
+3 * 1 0 0 0 0 0 0 0 0 1 1
+22 * 1
+5 * 1 0 0 1 0 0 1
+3 * 1
+3 * 1 0 0 0 0 0 0 0 0 1 1
+6 -8 1 1
+8 +8 1
+5 * 1
+4 -8 1
+3 -6 1
+4 -2 1 0 1 0 0 1 0 0 1
+6 +16 1
+3 -8 1
+3 -7 1 0 1
+4 +1 1 0 1
+4 +6 1 0 1
+7 +24 1
+2 * 1 0 0 1 0 0 1 0 0 1
+6 * 1
+3 * 1
+4 -28 1
+5 * 1 0 1
+7 * 1
+7 -2 1
+3 +31 1 1
+3 -33 1 0 1
+6 +32 1
+4 -30 1
+3 * 1
+4 +30 1
+4 -30 1
+4 -1 1 0 1 1 0 0 1
+4 +1 1 0 1
+4 +6 1 1
+8 * 1
+3 * 1
+3 * 1 0 1
+7 +24 1
+3 * 1 0 0 0 0 0 0 0 0 1
+2 * 1
+4 +28 1 1
+4 * 1
+4 * 1 0 1
+7 -24 1 1
+7 +18 1 1 0 1 0 0 1
+7 +4 1
fi=(72) /usr/src/debug/glibc/glibc/elf/../include/scratch_buffer.h
+3 78 1 0 1 0 0 1 0 0 1
fe=(66)
+11 184 1 0 1
+10 -20 1 0 1
fi=(72)
+8 -87 1
+7 * 1 0 1
fe=(66)
+7 228 1 0 1
+7 * 1 0 1
+7 * 1 0 1 1 0 0 1
+7 * 1
+3 -31 1 1
+7 -4 1 0 1
+7 +4 1
+3 * 1 0 0 0 0 0 0 0 0 1 1
-17 * 6 6 0 0 1
+7 -4 6 0 6
+7 +4 6
+3 * 6 0 0 0 0 0 0 0 0 6 5
+8 +11 7 7
+5 * 7 0 0 0 0 0 0 0 0 7 3
+6 * 2 2 0 0 1 0 0 1
+8 * 2 0 0 0 0 0 0 0 0 2
+6 -18 2
+2 +18 2 2
+8 * 2 0 0 0 0 0 0 0 0 2
+6 417 7 0 0 1 0 0 1
+3 * 7 0 0 0 0 0 0 0 0 7 3
+6 +2 5
+2 +3 5
+4 * 5 0 5
+7 -3 5
+3 * 5 0 5
+8 +3 5
+4 -3 5 0 5
+7 +3 5 0 5
fi=(29)
+6 56 5 5 5 1 0 0 1 0 0 0 0 5 1
cfi=(28)
cfn=(80)
calls=5 0xc690 -20 
* * 90 15 15 0 0 0 0 0 0 15 3
fe=(66)
+6 423 5 5
+6 * 5 5
+7 * 5
+3 * 5 5
fi=(29)
+7 56 5
fe=(66)
+3 423 5 0 0 0 0 0 0 0 0 5
+6 +7 5
+4 * 5 0 5
+7 * 5
+8 * 5 0 5
+6 -1 5 0 5 0 0 1 0 0 1
+3 +1 5 0 5
cfi=(30)
cfn=(84)
calls=5 0x26440 210 
* * 63 17 12 0 0 0 0 0 0 12 3
+6 +1 5 5
+6 * 5
+8 * 5
+3 * 5
+3 * 5
+4 * 5 0 5
cfi=(30)
cfn=(84)
calls=5 0x26440 210 
* * 63 17 12 0 0 4 0 0 4 12 4
+6 +3 5 0 5
+7 +1 5 0 5
+8 * 5 5
+7 +4 5 5
+3 * 5
+3 * 5 0 0 0 0 0 0 0 0 5 4
-6 * 2 2 0 1 0 0 1
+3 * 2
+3 * 2 0 0 0 0 0 0 0 0 2 2
+2 188 6 6
+4 * 6
+12 442 6 6
+3 * 6
+2 * 6 0 0 0 0 0 0 0 0 6 5
+2 -1 7 7 0 1 0 0 1
+4 +1 7
+3 * 7 0 0 0 0 0 0 0 0 7 5
+2 183 1
+3 * 1 1
+7 * 1 0 1
+10 * 1 1
+7 * 1 1
+7 * 1
+14 +27 5 5 0 1 0 0 1
+4 * 5 5
+4 * 5 5
+8 * 5 0 0 0 0 0 0 0 0 5 3
+5 +8 5 5
+6 +3 5 5
+4 -6 5 0 5
+7 +1 5 0 5 0 0 1 0 0 1
+7 +2 5 0 5 1 0 0 1
+6 +3 5 5
+4 -4 5 0 5
+7 +4 5
+3 * 5 0 0 0 0 0 0 0 0 5
+6 +7 5
+7 -9 5 0 5
+7 +13 5 0 5
+7 -4 5
+3 +4 5 0 5
+7 * 5 0 5
+7 * 5 0 5 1 0 0 1
+7 -4 5 0 5
+7 +4 5
+3 * 5
+2 -10 5
+4 * 5 0 0 0 0 0 0 0 0 5
-4 * 142
+4 * 142 0 0 0 0 0 0 0 0 142 10
+6 +6 13 13
+7 * 13 13
+5 * 13
+3 * 13 0 13
cfi=(32)
cfn=(184) _dl_dst_count
calls=13 0x7360 * 
* * 590 90 39 0 5 1 0 5 1 43 7
+5 * 13
+3 * 13
+3 * 13 0 0 0 0 0 0 0 0 13 7
0x3c3f +4 13 0 0 1 0 0 1
+7 * 13
+7 -2 13 0 13
+7 +2 13
+7 * 13 0 13
cfi=(52)
cfn=(166) _dl_catch_exception
calls=13 0x23c0 -24 
* * 26472 5423 2667 77 198 201 76 198 201 4700 667 86 28
+5 +1 13 13
+8 * 13 0 0 0 0 0 0 0 0 13
+6 +9 13 13
+7 +2 13 13
+7 * 13 0 0 0 0 0 0 0 0 13 6
+2 +5 5 0 0 1 0 0 1
+3 * 5
+3 * 5 0 0 0 0 0 0 0 0 5 3
+22 * 5
+4 * 5 0 5
+5 +6 5 5
+7 +2 5 0 5
+7 -8 5
+5 * 5
+4 +3 5 0 5
+4 +1 5 0 5 1 0 0 1
+6 +1 5 0 5
+8 +1 5 0 5
+4 +4 5 5
+7 -3 5 0 5
+7 +3 5
+3 * 5
+3 * 5 0 5
+6 +4 5 5
+7 * 5
+3 * 5 0 0 0 0 0 0 0 0 5 2
-10 * 8 8
+7 * 8
+3 * 8 0 0 0 0 0 0 0 0 8
+2 +1 9
+3 * 9
+4 * 9 0 9 0 0 1 0 0 1
+4 -43 9 9
+5 * 9
+4 * 9
+3 * 9 0 0 0 0 0 0 0 0 9 3
-12 * 138 138
+5 * 138
+4 * 138
+3 * 138 0 0 0 0 0 0 0 0 138 14
+6 * 5
+3 * 5 5
+7 * 5 5
+7 * 5 5
+7 * 5
+5 +7 13 0 0 1 0 0 1
+3 * 13
0x3dc0 +38 134 0 0 1 0 0 1
+4 * 134
+6 * 134 0 0 0 0 0 0 0 0 134 3
fi=(72)
0x3f34 85 1 1 0 1 0 0 1
+7 * 1 0 0 1 0 0 1
+7 * 1
+3 * 1 0 0 0 0 0 0 0 0 1 1
fe=(66)
+22 448 1 1
+6 * 1
+2 * 1 0 0 0 0 0 0 0 0 1
+2 * 1
+3 * 1 0 0 0 0 0 0 0 0 1
+2 +1 1 0 1
+7 +3 1 1
+7 * 1 0 1
+7 * 1 0 0 1 0 0 1
+3 * 1 0 0 0 0 0 0 0 0 1 1
+32 +11 1 1
+6 * 1 0 1
+7 * 1
+4 * 1
fi=(29)
+4 56 1 1 1 0 0 0 0 0 0 0 0 1 1
cfi=(28)
cfn=(80)
calls=1 0xc690 -20 
* * 18 3 3 0 0 0 0 0 0 3 1
fe=(66)
+6 465 1 1 0 1 0 0 1
+7 * 1
fi=(29)
+3 56 1
fe=(66)
+3 465 1 0 0 0 0 0 0 0 0 1
+6 +5 1 1
+6 +2 1
+6 -2 1
+3 +1 1 0 1
+7 -1 1
+4 +4 1
+2 -4 1 0 1
+7 +4 1
+13 * 6
+2 +4 6 6
+5 * 6
+3 * 6 0 0 0 0 0 0 0 0 6
-8 * 1 1 0 1 0 0 1
+5 * 1
+3 * 1 0 0 0 0 0 0 0 0 1
+6 +6 7
+3 +1 7 0 7 0 0 2 0 0 2
+4 * 7
+3 -1 7
+4 +6 7 0 7
+7 -16 7 7
+5 * 7
+3 * 7 0 0 0 0 0 0 0 0 7 6
+2 +21 1 1
+7 * 1
+3 * 1 0 0 0 0 0 0 0 0 1 1
0x4213 +37 1 0 0 1 0 0 1
+3 * 1 0 0 0 0 0 0 0 0 1 1
+6 +15 1
+3 -11 1 1
+7 +21 1
+8 -24 1
+3 * 1 0 0 0 0 0 0 0 0 1 1
0x42b1 +20 1 1 0 1 0 0 1
+3 -1 1
+7 * 1
+2 * 1
+3 * 1 0 1 1 0 0 1
+7 +1 1 1
+5 -1 1 1
+5 * 1
+3 * 1
+2 * 1
+3 * 1 0 1
cfi=(14) /usr/src/debug/glibc/glibc/elf/dl-sort-maps.c
cfn=(252) _dl_sort_maps
calls=1 0x12890 298 
* * 435 109 61 12 0 0 12 0 0 85 27
+5 +5 1 0 1
+8 +2 1 0 1
+7 +1 1 0 1
+8 +1 1 1
+7 * 1
+3 * 1 0 0 1 0 0 1 0 0 1 1
+21 +7 1 1
+7 * 1
+3 * 1 0 0 0 0 0 0 0 0 1 1
+10 +3 1 1
+6 * 1
+2 * 1 0 0 0 0 0 0 0 0 1
+6 +3 1
+4 * 1 1
+1 * 1 1
+2 * 1 1
+2 * 1 1 0 1 0 0 1
+2 * 1 1
+2 * 1 1
+1 * 1 1
+76 198 7 7 0 1 0 0 1
+8 * 7 0 0 0 0 0 0 0 0 7 1
+6 * 7 7
+7 * 7 0 0 0 0 0 0 0 0 7 1
+6 * 6 6
+8 * 6
+3 * 6 0 0 0 0 0 0 0 0 6 1
+6 * 5 0 5 1 0 0 1
+7 +3 5
fi=(72)
+3 -70 5
+5 * 5
+7 * 5 0 5
cfi=(71) /usr/src/debug/glibc/glibc/malloc/scratch_buffer_set_array_size.c
cfn=(248) __libc_scratch_buffer_set_array_size
calls=5 0x25440 30 
* * 110 25 15 2 0 0 2 0 0 10 4
fe=(66)
+6 +70 5 5
+7 * 5
+2 * 5 0 0 0 0 0 0 0 0 5
+6 +4 5 5
+7 * 5
0x4540 409 1 0 1
+7 547 1
+3 * 1 0 1
cfi=(30)
cfn=(84)
calls=1 0x26440 210 
* * 19 5 4 0 0 0 0 0 0 4 2
+6 * 1 1
+7 * 1
+9 -53 1 0 0 1 0 0 1
+3 * 1
+37 144 1 0 1 1 0 1 1 0 1
+5 * 1

fn=(226) openaux
0x37c0 61 13 0 0 1 0 0 1
+4 * 13 0 13
+1 * 13
+3 * 13 0 13
+1 * 13
+3 * 13
+4 +7 13 13
+3 -4 13 13
+3 * 13 13
+4 * 13 13
+4 +1 13 13
+7 -1 13 13
+4 * 13
+2 * 13
+3 * 13
+2 * 13
+5 * 13
+3 * 13 0 13 0 0 1 0 0 1
cfi=(32)
cfn=(172)
calls=13 0xa780 2194 
* * 25302 5085 2303 76 198 196 75 198 196 4648 661 73 27
+5 * 13 0 13
+4 +5 13 13
+4 * 13 13
+1 * 13 13

fl=(34)
fn=(100)
0x4e70 24 1 0 0 1 0 0 1
+4 * 1 0 1
+1 +1 1
+2 * 1
+5 -1 1
+3 * 1 0 0 1 0 0 1
+4 +1 1
+4 * 1 0 1
cfi=(12)
cfn=(30)
calls=1 0x14f60 435 
* * 18 4 1 0 1 0 0 1 0 3 2
+5 * 1 1
+3 * 1
+2 * 1 0 0 0 0 0 0 0 0 1
+2 * 1
+3 * 1 0 0 0 0 0 0 0 0 1
+2 +14 1 1
+1 * 1 1

fl=(1) ???
fn=(0) 0x000000000001f300
0x1f300 0 1 0 0 1 0 0 1
+3 0 1 0 1 0 0 1 0 0 1
cfi=(2)
cfn=(2)
calls=1 0x1fec0 519 
* 0 2654339 668442 247102 1093 17908 2784 1065 8826 1901 416454 18142 5521 1307
+5 0 1 0 0 1
+3 0 1
+3 0 1 1
+6 0 1
+6 0 1 0 0 0 0 0 0 0 0 1 1
+19 0 1
+2 0 1
+4 0 1 0 1
cfi=(78)
cfn=(666) _dl_cet_setup_features
calls=1 0x16950 331 
* 0 4 1 0 2 0 0 2 0 0 1 1
+5 0 1
+3 0 1
+3 0 1 1 0 1 0 0 1
+4 0 1
+3 0 1
+4 0 1 1
+7 0 1
+5 0 1
+4 0 1
+2 0 1 0 1
cfi=(197) /usr/src/debug/glibc/glibc/elf/dl-init.c
cfn=(670) _dl_init
calls=1 0x6250 81 
* 0 41431 11637 5043 514 288 168 512 36 125 7652 506 952 209
+5 0 1 0 0 1
+7 0 1
+3 0 1 0 0 0 0 0 0 0 0 0 0 1 1
cob=(8)
cfi=(275) ???
cfn=(996) (below main)
calls=1 0x6540 0 
* 0 11492755209 1912993929 7676417399 3494 6446084 5753958 1637 231 151728 7028540238 2614124 36095746 272

fl=(16) /usr/src/debug/glibc/glibc/elf/../sysdeps/x86/dl-get-cpu-features.c
fn=(616) __x86_cpu_features
0x194f0 76 1 0 0 1 0 0 1
+4 -37 1 1
+6 * 1
+2 * 1 0 0 0 0 0 0 0 0 1
+2 +37 1
+2 * 1 1 0 1

fn=(36) _dl_x86_init_cpu_features
0x19520 37 1 0 0 1 0 0 1
+4 +2 1 1
+6 * 1
+2 * 1 0 0 0 0 0 0 0 0 1 1
+4 +2 1
cfi=(17) /usr/src/debug/glibc/glibc/elf/../sysdeps/x86/cpu-features.c
cfn=(38) init_cpu_features.constprop.0
calls=1 0x18010 728 
* * 7296 834 476 102 27 9 102 27 9 1628 228

fl=(53) /usr/src/debug/glibc/glibc/setjmp/../sysdeps/x86_64/setjmp.S
fn=(168) __sigsetjmp
0x258f0 31 14 0 0 1 0 0 1
+4 +2 14 0 14
+3 +9 14
+3 +1 14 14 0 1 0 0 1
+7 * 14
+4 +1 14 0 14
+4 +4 14 0 14 0 0 1 0 0 1
+4 +1 14 0 14
+4 +1 14 0 14
+4 +1 14 0 14
+4 +1 14
+5 +2 14 14
+7 * 14
+4 +2 14 0 14 0 0 1 0 0 1
+4 +1 14 14
+4 +1 14
+1 +2 14 14
+7 * 14
+4 +2 14 0 14 1 0 0 1
+4 +8 14
+2 +3 14
+5 +1 14 0 14 0 0 1 0 0 1
+4 +7 14
+2 +1 14 14

fl=(23) /usr/src/debug/glibc/glibc/string/../sysdeps/x86_64/multiarch/../multiarch/strlen-sse2.S
fn=(64) strlen
0x28660 57 27 0 0 1 0 0 1
+4 +44 27
+4 +1 27
+4 +1 27
+4 +1 27
+4 +1 27
+3 +1 27
+3 +1 27 0 0 1 0 0 1
+7 +2 27
+7 +2 27 0 0 0 0 0 0 0 0 27
+2 +31 27 27 0 0 4 0 0 4
+4 +1 27
+4 +1 27
+4 +1 27
+2 +1 27 0 0 0 0 0 0 0 0 27 8
+2 +1 12
+3 +2 12 12
+1 +4 15
+4 +1 15 15
+5 +1 15 15
+5 +1 15 15 0 0 1 0 0 1
+5 +1 15
+4 +1 15
+5 +1 15
+4 +1 15 0 0 1 0 0 1
+4 +1 15
+4 +1 15
+3 +1 15
+4 +1 15
+3 +5 15
+3 * 15
+3 * 15
+4 * 15
+3 * 15
+3 * 15 0 0 0 0 0 0 0 0 15
+2 * 15
+4 * 15 15

fl=(40) /usr/src/debug/glibc/glibc/elf/dl-hwcaps.c
fn=(138) copy_hwcaps
0x1c700 73 2 0 2 1 0 0 1
+1 * 2
+3 * 2 0 2
+2 +6 2
+10 -6 2 0 2
+2 +6 2
+10 -6 2 0 2
+1 * 2
+3 * 2
fi=(42) /usr/src/debug/glibc/glibc/elf/./dl-hwcaps.h
+4 -30 2 0 2
+4 +2 2 0 2
+8 +32 2 0 2
+3 +1 2 0 2
+4 * 2
+9 * 2 2 0 1 0 0 1
+4 * 2 2
fe=(40)
+3 +1 2 2
+4 * 2 2
+4 -1 2 0 2
+3 +1 2
+4 * 2 0 2 0 0 1 0 0 1
+4 * 2 0 2
+4 * 2 0 2
cfi=(30)
cfn=(142)
calls=2 0x26430 197 
* * 26 6 4 1 0 0 1 0 0 4 4
+6 +4 2 0 2
+3 +2 2 2
+4 +2 2
+4 -3 2 2
+3 +1 2
+4 * 2 0 2
+4 +1 2
+4 * 2 0 2
+3 +1 2 0 2
+4 -11 2
+4 * 2 0 2
cfi=(43) /usr/src/debug/glibc/glibc/elf/dl-hwcaps_split.c
cfn=(126) _dl_hwcaps_split_masked
calls=2 0x1ccf0 -25 
* * 133 28 17 0 0 0 0 0 0 17 4
-4 * 2
+4 * 2 0 2
cfi=(43)
cfn=(126)
calls=2 0x1ccf0 -25 
* * 172 35 23 0 0 0 0 0 0 21 3
+5 * 4
+2 * 4 0 0 0 0 0 0 0 0 4 2
+2 +13 2
+4 * 2 2
+1 * 2 2
+2 * 2 2
+2 * 2 2
+1 * 2 2

fn=(118) _dl_important_hwcaps
0x1c7a0 171 1 0 0 1 0 0 1
+4 * 1 0 1
+1 * 1
+3 * 1 0 1
+2 * 1 0 1
+2 * 1
+3 * 1 0 1
+2 +3 1
+3 -3 1 0 1
+2 +3 1
+3 -3 1 0 1
+1 * 1
+3 * 1 0 0 1 0 0 1
+7 * 1 0 1 0 0 1 0 0 1
+4 * 1 0 1
+4 * 1 0 1 0 0 1 0 0 1
+7 +2 1 0 1
cfi=(41) /usr/src/debug/glibc/glibc/elf/../sysdeps/x86_64/dl-hwcaps-subdirs.c
cfn=(120) _dl_hwcaps_subdirs_active
calls=1 0x1cb20 29 
* * 31 6 0 3 0 0 3 0 0 7 2
fi=(42)
+5 43 1 0 1
fe=(40)
+4 173 1 0 1
fi=(42)
+3 45 1 0 1
+8 +32 1 0 1
+7 +1 1 0 1
+8 * 1
fe=(40)
+28 -27 1 0 0 1 0 0 1
+4 * 1 0 1
cfi=(43)
cfn=(126)
calls=1 0x1ccf0 * 
* * 20 5 3 3 0 0 3 0 0 2 2
+5 * 1
+2 * 1 0 0 0 0 0 0 0 0 1
fi=(42)
+2 -8 1
+7 +2 1 0 1
+8 -2 1 0 1
+4 +34 1 1
+3 * 1 0 1
+3 +1 1 1
+4 * 1 0 1
+4 * 1 0 0 1 0 0 1
fe=(40)
+8 -24 2 2
+4 -1 2
+4 +1 2
+3 +2 2
+3 * 2
+4 -5 2
+4 * 2 0 2
cfi=(43)
cfn=(126)
calls=2 0x1ccf0 * 
* * 133 28 17 0 0 0 0 0 0 17 5
-4 * 1
+4 * 1 0 1
cfi=(43)
cfn=(126)
calls=1 0x1ccf0 * 
* * 152 30 20 3 2 0 3 2 0 19 3
+5 * 3
+2 * 3 0 0 0 0 0 0 0 0 3 2
+2 +48 1
+3 * 1 0 1
+4 * 1
+4 * 1 0 1
fi=(29)
+7 -43 1
+3 * 1 1 1 1 0 0 1 0 0 0 0 1 1
cfi=(28)
cfn=(80)
calls=1 0xc690 -20 
* * 18 3 3 0 0 0 0 0 0 3 1
fe=(40)
+6 +43 1 0 1
+7 +2 1
+3 * 1 0 0 0 0 0 0 0 0 1
+6 +3 1 0 1
+7 * 1 1
+4 +3 1
fi=(42)
+3 -64 1 0 1
+4 +2 1 0 1
+8 * 1
fe=(40)
+43 +66 1 0 0 1 0 0 1
+4 * 1 0 1
cfi=(43)
cfn=(128) _dl_hwcaps_split
calls=1 0x1cba0 -86 
* * 7 2 0 0 0 0 0 0 0 1 1
+5 * 1
+2 * 1 0 0 0 0 0 0 0 0 1
fi=(42)
+2 -68 1
+7 +2 1 0 1
+8 -2 1 0 1
+4 +34 1 1
+3 * 1 0 1
+3 +1 1 1 0 1 0 0 1
+4 * 1 0 1
+4 * 1
fe=(40)
+11 +48 2 2
+4 * 2
+3 * 2
+4 * 2 2
+7 * 2 0 2 0 0 1 0 0 1
+3 +1 2 2
+4 * 2 0 2
+3 +1 2
+4 +1 2
+4 -1 2 0 2
+3 -4 2
+4 * 2 0 2
cfi=(43)
cfn=(126)
calls=2 0x1ccf0 -73 
* * 133 28 17 0 0 0 0 0 0 17 5
-4 * 1
+4 * 1 0 1
cfi=(43)
cfn=(126)
calls=1 0x1ccf0 -73 
* * 152 30 20 0 0 0 0 0 0 19 3
+5 * 3 0 0 1 0 0 1
+2 * 3 0 0 0 0 0 0 0 0 3 2
+2 +8 1
+3 * 1
+3 * 1 0 0 0 0 0 0 0 0 1
+6 +9 1 1
+7 * 1
+4 * 1 0 0 0 0 0 0 0 0 1
+6 +3 1 1
+7 * 1 0 1
+7 * 1
+5 * 1 0 1
+7 * 1 0 1
+4 * 1 0 1 1 0 0 1
+4 * 1 0 1
+7 * 1 0 1
+7 * 1
+4 * 1
+11 -2 1 1
+4 * 1
+3 * 1 0 1
+4 * 1
+3 * 1
+4 * 1
+4 * 1
+10 +8 1 1 0 1 0 0 1
+4 * 1 1
+4 +4 1 1
+4 * 1 1
+3 -4 1
+3 * 1
+3 +4 1
+4 * 1
+3 * 1 0 1
cfi=(45) /usr/src/debug/glibc/glibc/string/../sysdeps/x86_64/multiarch/../multiarch/memcmp-sse2.S
cfn=(134) bcmp
calls=1 0x26160 -95 
* * 19 5 0 3 0 0 3 0 0 4 2
+5 +1 1
+2 * 1 0 0 0 0 0 0 0 0 1
+2 +1 1 0 0 0 0 0 0 0 0 1 1
+7 +4 1 1
+5 +1 1 1
+4 * 1
+5 +1 1 0 1
+3 -20 1 0 0 1 0 0 1
+4 * 1
+4 +19 1 0 1
+3 +1 1 0 1
+5 -20 1
+4 * 1 0 0 0 0 0 0 0 0 1
+2 * 1 1
+4 -1 1
+4 * 1 1
+4 * 1 0 0 0 0 0 0 0 0 1
+6 * 1 1
+7 * 1 1
+7 * 1 1
+7 * 1 1 0 1 0 0 1
+7 +47 1 1
+4 * 1
+5 * 1 0 1
+4 * 1 0 1 0 0 1 0 0 1
+3 -3 1
+4 +7 1 1
+7 -7 1
+3 +7 1
fi=(29)
+5 56 1 1 1 0 0 0 0 0 0 0 0 1 1
cfi=(28)
cfn=(80)
calls=1 0xc690 -20 
* * 18 3 3 0 0 0 0 0 0 3 1
+6 * 1
fe=(40)
+3 193 1
+3 * 1 0 0 0 0 0 0 0 0 1
+6 +8 1 1
+4 +1 1
+3 * 1 0 0 1 0 0 1
+4 * 1
+2 * 1
+5 * 1 0 1
+4 -1 1 1
+3 * 1
+4 * 1
+3 +1 1 0 1
+4 * 1 0 1
cfn=(138)
calls=1 0x1c700 73 
* * 44 10 12 1 0 0 1 0 0 3 2
+5 +1 1 1
+3 * 1 1
+4 * 1
+4 * 1
+7 * 1 0 1
cfn=(138)
calls=1 0x1c700 73 
* * 379 81 68 2 0 1 2 0 1 43 11
+5 * 1 1
+4 +4 1 1
+4 -23 1 1 0 1 0 0 1
+4 +23 1 0 1
+3 +1 1 0 1
+8 -24 1 1
+7 * 1
+4 * 1 0 1
+3 +31 1
+7 * 1
+3 * 1 1
+1 * 1 1
+2 * 1 1
+2 * 1 1
+2 * 1 1
+2 * 1 1
+1 * 1 1

fl=(9)
fn=(16)
0x1ed10 102 1 0 0 1 0 0 1
+4 * 1 0 1
+1 * 1
+3 * 1 0 1
+1 * 1
+3 +4 1
+4 -4 1
+4 +1 1 0 1
+7 +3 1 0 1 0 0 1 0 0 1
cfn=(18) _dl_sysdep_parse_arguments
calls=1 0x1de00 -28 
* * 488 129 79 12 13 13 12 13 13 111 21
+5 +4 1 1
+7 * 1 0 1
cfi=(12)
cfn=(24)
calls=1 0x14900 294 
* * 16107 2603 20 9 37 4 9 37 4 4165 213
+5 +3 1 0 1 1 0 0 1
cfi=(14)
cfn=(28) _dl_sort_maps_init
calls=1 0x12860 289 
* * 32 7 4 4 2 0 4 2 0 3 2
+5 +2 1
+2 * 1 0 1
cfi=(15) /usr/src/debug/glibc/glibc/elf/../sysdeps/unix/sysv/linux/brk.c
cfn=(32) brk
calls=1 0x24110 -79 
* * 8 1 1 1 0 1 1 0 1 1
fi=(6)
+5 +94 1 0 1
cfi=(16)
cfn=(36)
calls=1 0x19520 37 
* * 7301 835 476 103 27 9 103 27 9 1629 229
fe=(9)
+5 -87 1 1
+7 * 1
+3 * 1 0 0 0 0 0 0 0 0 1
+2 +1 1 0 1
cfi=(23)
cfn=(64)
calls=1 0x28660 -66 
* * 17 2 0 2 1 0 2 1 0 2
+5 * 1 0 1
+7 +2 1
+2 * 1 0 1
cfi=(24) /usr/src/debug/glibc/glibc/elf/../misc/sbrk.c
cfn=(66) sbrk
calls=1 0x24b20 -88 
* * 13 3 1 2 0 0 2 0 0 2 1
+5 * 1
+7 * 1
+3 * 1 0 0 0 0 0 0 0 0 1
+2 +12 1 1
+6 * 1
+2 * 1 0 0 1 0 0 1 0 0 1
+2 +3 1 1
+3 * 1 1
+4 * 1
+4 * 1 1
+7 * 1 0 1 0 0 0 0 0 0 0 0 1 1
cfi=(2)
cfn=(68)
calls=1 0x206c0 1356 
* * 2629469 664763 246436 926 17815 2735 899 8736 1852 410357 17633 5520 1306
+2 +3 1 1
+4 * 1 1 0 0 1
+4 * 1 1
+1 * 1 1

fn=(18)
0x1de00 78 1 0 1 1 0 0 1
+1 +2 1
+4 -2 1
+3 * 1 0 1
+2 * 1 0 1
+2 * 1 0 1 0 0 1 0 0 1
+2 * 1 0 1
+2 * 1 0 1
+1 * 1
+3 * 1
+7 +1 1 1
+4 +1 1 0 1
+7 -1 1 0 1
+6 +2 1
+2 * 1
+5 * 1 0 1 0 0 1 0 0 1
+7 +2 1 1 0 0 1 0 0 1
+5 * 1 0 0 1 0 0 1 0 0 1
+2 * 1
+4 * 1
+11 -1 1
+4 +1 1 1
+5 * 1 0 0 0 0 0 0 0 0 1 1
-9 -1 55
+4 +1 55 55 0 0 7 0 0 7
+5 * 55 0 0 0 0 0 0 0 0 55 9
+2 +3 1
+4 +4 1
+7 * 1
+5 * 1
+2 -4 1 0 1 0 0 1 0 0 1
+7 +4 1 0 1 0 0 1 0 0 1
cfi=(10)
cfn=(20)
calls=1 0x26630 +47 
* * 63 1 28 4 0 6 4 0 6 9 5
fi=(11) /usr/src/debug/glibc/glibc/elf/../sysdeps/unix/sysv/linux/dl-parse_auxv.h
+6 -48 1 1
+4 -9 1 0 0 1 0 0 1
+7 +1 1 0 1
+11 -1 1 0 1
+7 +2 1 0 1
+11 +7 1
+3 * 1 0 0 0 0 0 0 0 0 1
+6 * 1
+10 * 1
+11 +1 1 0 0 1 0 0 1
+4 * 1 0 0 0 0 0 0 0 0 1
-4 * 21
+4 * 21 0 0 0 0 0 0 0 0 21
+2 +1 22 22 0 0 5 0 0 5
+5 * 22 0 22
+8 -2 22 22
+5 * 22
+4 * 22
+3 * 22 0 0 0 0 0 0 0 0 22 6
+2 +23 1 1
+7 * 1
fe=(9)
+5 +28 1 1
+8 * 1 1
+8 * 1 1 0 1 0 0 1
fi=(11)
+7 -28 1
fe=(9)
+3 +29 1 1
+6 +1 1 1
fi=(11)
+7 -30 1
+4 -18 1 1
+7 +20 1
+5 -19 1 1
+7 +19 1 1
+7 -18 1 1
fe=(9)
+7 +44 1
fi=(11)
+5 -41 1 1 0 1 0 0 1
+7 +1 1 1
+7 +1 1 1
+8 +1 1 1
+7 +2 1 1
+7 +10 1 1
+8 * 1 1
+8 * 1 1
+4 -15 1 0 1
+7 +1 1 0 1 1 0 0 1
+7 -5 1 0 1 0 0 1 0 0 1
+7 +1 1 0 1
+7 +5 1 0 1
+8 +3 1 0 1 0 0 1 0 0 1
+7 -7 1 0 1
+7 -4 1 0 1
+7 +1 1 0 1
fe=(9)
+7 +47 1 0 1
+3 +1 1 0 1
fi=(11)
+4 -40 1 0 1 1 0 0 1
+7 +12 1 0 1 0 0 1 0 0 1
+7 -2 1 0 1
fe=(9)
+6 +28 1 0 1
+3 +3 1
+7 * 1 1
+1 * 1 1
+2 * 1 1
+2 * 1 1
+2 * 1 1
+2 * 1 1
+1 * 1 1

fn=(654)
0x1edd0 147 1 0 0 1 0 0 1
+4 +1 1 1

fl=(54) /usr/src/debug/glibc/glibc/elf/dl-misc.c
fn=(176) _dl_name_match_p
0xc9d0 68 133 0 0 1 0 0 1
+4 * 133 0 133
+1 * 133
+3 * 133 0 133
+2 * 133
+3 * 133 0 133
+1 * 133
+3 +1 133 133
+4 * 133 0 133 0 0 1 0 0 1
cfi=(35)
cfn=(104)
calls=133 0x27000 +29 
* * 4278 884 0 7 2 0 7 2 0 505 80 43 38
+5 * 133
+2 * 133 0 0 0 0 0 0 0 0 133
+2 +3 133 133
+4 +2 133
+3 * 133 0 0 0 0 0 0 0 0 133 10
+11 +4 129 129
+4 -4 129
+3 * 129 0 0 0 0 0 0 0 0 129 32
+2 +1 151 151 0 1 0 0 1
+3 * 151
+3 * 151 0 151
cfi=(35)
cfn=(104)
calls=151 0x27000 +23 
* * 5379 1036 0 11 1 0 11 1 0 627 120 60 21
+5 * 151
+2 * 151 0 0 0 0 0 0 0 0 151 24
+2 +6 22 22
+1 -11 22
+5 +11 22 22
+2 * 22 22
+1 * 22 22
+7 * 111 111
+1 -1 111
+2 +1 111 111
+2 * 111 111
+1 * 111 111

fn=(232) _dl_sysdep_read_whole_file
0xc900 36 1 0 0 1 0 0 1
+4 * 1 0 1
+1 +3 1
+2 -3 1
+3 * 1 0 1 0 0 1 0 0 1
+2 * 1
+3 * 1 0 1
+1 * 1
+3 +3 1
+5 -3 1
+7 +3 1 0 1 0 0 1 0 0 1
cfi=(56) /usr/src/debug/glibc/glibc/io/../sysdeps/unix/sysv/linux/open64_nocancel.c
cfn=(190) __open_nocancel
calls=1 0x25340 -11 
* * 21 2 2 0 0 1 0 0 1 3
+5 +1 1
+7 * 1
+2 * 1 0 0 0 0 0 0 0 0 1 1
+19 +2 1 0 0 1 0 0 1
+7 * 1
+2 * 1 0 1
+6 * 1 0 1
cfi=(59) /usr/src/debug/glibc/glibc/io/../sysdeps/unix/sysv/linux/fstat64.c
cfn=(198) fstat
calls=1 0x250e0 -12 
* * 6 1 0 0 0 0 0 0 0 1
+5 * 1 1
+7 * 1
+2 * 1 0 0 0 0 0 0 0 0 1
+2 +2 1 1 0 0 1 0 0 1
+4 * 1 0 1
+3 +3 1
+3 * 1 0 0 0 0 0 0 0 0 1 1
+9 +13 1
+3 * 1 0 1
+7 * 1 0 1
cfi=(64)
cfn=(212)
calls=1 0x25210 -35 
* * 6 1 0 0 0 0 0 0 0 1
+5 * 1 1
+7 +3 1
+7 * 1 1
+1 * 1 1
+2 * 1
+3 * 1 1
+1 * 1 1
+10 -14 1 0 0 1 0 0 1
+3 * 1
+3 * 1
+5 * 1
+2 * 1 0 1
+7 * 1 0 1
cfi=(61)
cfn=(204)
calls=1 0x25580 -2 
* * 26 4 3 0 0 0 0 0 0 4 2
+5 * 1 1
+7 * 1
+3 * 1

fn=(592) _dl_higher_prime_number
0xca30 85 2
+4 +38 2
+7 -1 2
+4 +3 2 0 0 1 0 0 1
+65 +2 10
+3 * 10
+3 * 10
+3 * 10
+4 * 10
+4 * 10
+3 * 10
+3 * 10
+4 +1 10 10 0 0 4 0 0 2
+2 * 10
+3 * 10 0 0 0 0 0 0 0 0 10 3
+2 +3 7
+3 -6 7
+3 * 7 0 0 0 0 0 0 0 0 7 7
-3 * 5 0 0 1 0 0 1
+3 * 5 0 0 0 0 0 0 0 0 5 4
+2 +18 2 2
+2 +1 2 2
+4 -15 3
+4 * 3

fl=(71)
fn=(248)
0x25440 30 5 0 0 1 0 0 1
+4 * 5 0 5
+1 * 5
+3 * 5
+3 * 5
+3 * 5
+4 * 5
+3 * 5 0 5
+4 * 5 0 5
+4 * 5
+3 * 5
+3 * 5
+3 +4 5
+3 +1 5
+4 * 5 0 0 0 0 0 0 0 0 5 2
+7 +10 5 5
+4 * 5 0 0 0 0 0 0 0 0 5 2
+49 +18 5 5 0 1 0 0 1
+4 * 5 5
+4 -17 5
+5 +17 5 5
+1 * 5 5

fl=(79)
fn=(468)
0xf670 352 7 0 0 1 0 0 1
+4 +1 7 7 0 0 3
+7 * 7
+3 * 7 0 0 0 0 0 0 0 0 7
+2 +3 7 7 0 1 0 0 1
+7 * 7 7
+7 * 7 7
+3 * 7
+3 * 7
+3 +3 7
+3 -3 7
+3 +3 7
+3 +4 7
+3 * 7 0 0 0 0 0 0 0 0 7 4
+13 -11 7 0 7
+1 +12 7
+3 * 7
+5 * 7
+3 -12 7
+3 * 7 0 7
+1 * 7 0 0 1 0 0 1
+3 +12 7
+3 -12 7
+4 +12 7 0 7
cfi=(141) /usr/src/debug/glibc/glibc/misc/../sysdeps/unix/syscall-template.S
cfn=(470) mprotect
calls=7 0x25630 117 
* * 42 7 0 2 0 0 1 0 0 7 2
+5 * 7
+2 * 7 0 0 0 0 0 0 0 0 7
+2 +6 7 7
+4 * 7 7
+1 * 7 7

fn=(294)
0xf7e0 207 7 0 0 1 0 0 1
+4 * 7 0 7
+1 * 7
+3 * 7
+3 * 7 0 7
+2 * 7 0 7
+2 * 7
+3 * 7 0 7
+2 * 7 0 7
+2 * 7 0 7
+1 * 7
+7 * 7 0 7 1 0 0 1
+6 +16 7
+6 -16 7 0 7
+7 +16 7 0 0 0 0 0 0 0 0 7
+2 +3 7 7 0 0 1
+6 * 7
+2 * 7 0 0 0 0 0 0 0 0 7 6
+85 -6 7 0 0 1 0 0 1
+2 +26 7 7
+6 * 7
+3 * 7 0 0 0 0 0 0 0 0 7
+2 +1 7 7 0 1 6 0 1
+8 * 7 0 0 0 0 0 0 0 0 7 4
+6 -30 2 2
+6 * 2
+3 * 2 0 2
+6 +33 2
+2 * 2 0 0 0 0 0 0 0 0 2 1
+6 +7 2 2
+7 * 2
+3 * 2 0 0 0 0 0 0 0 0 2
fi=(6)
+6 78 2 2
+8 * 2 0 0 0 0 0 0 0 0 2 1
+2 * 1 1 0 1 0 0 1
+7 * 1
+3 * 1 0 0 0 0 0 0 0 0 1 1
+2 +6 1 1
+4 * 1 1 0 0 1
+4 * 1 1
+8 * 1 0 0 0 0 0 0 0 0 1 1
+5 +4 1 1 0 0 1 0 0 1
+4 * 1
+3 * 1 0 0 0 0 0 0 0 0 1
+6 +6 1 0 1
+4 +9 1
+3 * 1 0 0 0 0 0 0 0 0 1
+6 +23 1 1 0 0 1
+7 * 1 0 1
fe=(79)
+4 +88 1 0 1
fi=(4)
+10 79 1 1
fe=(79)
+8 296 1
+7 * 1 1
fi=(4)
+3 79 1
+2 * 1
fe=(79)
+3 296 1
+3 * 1 0 0 0 0 0 0 0 0 1
fi=(4)
-26 79 6 6 0 1 0 0 1
fe=(79)
+8 296 6
+7 * 6 6 0 0 2
fi=(4)
+3 79 6
+2 * 6
fe=(79)
+3 296 6
+3 * 6 0 0 0 0 0 0 0 0 6 1
+6 * 6 6 0 0 5
+7 * 6
+3 * 6 0 0 0 0 0 0 0 0 6 1
+6 * 5
+2 * 5
+2 * 5 0 0 1 0 0 1
+4 * 5 5 0 0 4
+4 * 5 5 0 0 1
+7 * 5 5 0 0 2
+4 * 5
+2 * 5
+3 * 5
+3 * 5 0 0 0 0 0 0 0 0 5 2
+37 * 23
+3 * 23 0 23 0 0 23 0 0 19
+3 * 23
+4 * 23
+4 * 23
+3 * 23 0 0 0 0 0 0 0 0 23 1
-7 * 141
+4 * 141
+3 * 141 0 0 0 0 0 0 0 0 141 8
+2 * 164 164 0 1 25 0 1 25
+3 * 164
+3 * 164 0 0 0 0 0 0 0 0 164 22
+2 * 141
+3 * 141
+3 * 141 0 0 0 0 0 0 0 0 141 18
+31 * 2656
+3 * 2656
+4 * 2656
+3 * 2656 0 0 0 0 0 0 0 0 2656 247
-3 * 141 0 0 1 0 0 1
+3 * 141 0 0 0 0 0 0 0 0 141 46
+2 * 1453
+3 * 1453
+4 * 1453
+2 * 1453
+11 * 1453
+3 * 1453 0 0 0 0 0 0 0 0 1453 215
-3 * 2954
+3 * 2954 0 0 0 0 0 0 0 0 2954 320
+2 * 3095 0 3095 0 0 728 0 0 724
+3 * 3095
+3 * 3095 0 0 0 0 0 0 0 0 3095 150
+6 * 2954
+4 * 2954
fi=(4)
+11 79 5 5 0 1 0 0 1
fe=(79)
+8 296 5 5
fi=(4)
+3 79 5
+2 * 5
fe=(79)
+3 296 5 5
+4 * 5
+4 * 5 0 5
+8 * 5 0 5
+7 * 5 0 5
+8 * 5 0 5
+7 * 5 0 5
+4 * 5 0 5
+4 * 5 0 0 1 0 0 1
+3 * 5 0 0 0 0 0 0 0 0 5
-49 * 2 2
+4 * 2
+4 * 2 0 2
+8 * 2 0 2
+7 * 2 0 2
+8 * 2 0 2
+7 * 2 0 2
+4 * 2 0 2
+4 * 2
+3 * 2 0 0 0 0 0 0 0 0 2
+6 * 7 7 0 0 6
+4 * 7
+2 * 7
+3 * 7 0 0 0 0 0 0 0 0 7
+2 * 7
+2 * 7 7 0 0 6 0 0 1
+7 * 7
+4 * 7
+3 * 7 7 0 0 1
+7 * 7 0 7
+4 * 7 7
+4 * 7 0 7
+4 * 7
+3 * 7 0 0 0 0 0 0 0 0 7 6
+2 * 1 1 0 0 1
+4 * 1 0 1
+4 * 1 1
+8 * 1 0 0 0 0 0 0 0 0 1
-8 * 6 6 0 1 1 0 1
+8 * 6 0 0 0 0 0 0 0 0 6 4
+2 * 3 3
+7 * 3
+2 * 3
+5 * 3
+4 * 3 3
+4 * 3 3
+4 * 3
+3 * 3
+4 * 3 3 0 0 1
+4 * 3
+4 * 3 0 3
+4 * 3
+4 * 3
+3 * 3 0 0 1 0 0 1 0 0 3
+6 * 3 3
+7 * 3
+3 * 3 0 0 0 0 0 0 0 0 3 2
+6 * 1 1
+6 * 1 0 1
+4 * 1 0 1
+4 * 1 0 1
fi=(5)
+3 53 1 0 1
+7 * 1
+3 * 1
+4 * 1
+3 * 1 0 1
+6 * 1 0 1
fe=(79)
+7 296 1 1
fi=(5)
+4 49 1 1
+4 +4 1 1
+4 +27 1 1
+4 -32 1
+5 +1 1
+4 +1 1
+4 -1 1
+4 +1 1
+5 +3 1
+2 * 1
+3 * 1
+4 -3 1
+4 +3 1 1
+4 * 1 0 1
+7 -3 1 0 1
+8 +30 1
+3 * 1 0 0 0 0 0 0 0 0 1 1
0xfae7 -27 6 0 6
+7 * 6
+3 * 6
+4 * 6
+3 * 6 0 6
+6 * 6 0 6 1 0 0 1
fe=(79)
+7 296 6 6
fi=(5)
+4 49 6 6
+4 +4 6 6
+4 +27 6 6
+4 -32 6
+5 +1 6
+4 +1 6
+4 -1 6
+4 +1 6
+5 +3 6
+2 * 6
+3 * 6
+4 -3 6
+4 +3 6 6
+4 * 6 0 6 1 0 0 1
+7 -3 6 0 6
+8 +30 6
+3 * 6 0 0 0 0 0 0 0 0 6 3
fe=(79)
-73 296 7 7
fi=(5)
+4 49 7 7 0 0 1
+4 +4 7 7
+4 +27 7 7
+4 -32 7
+5 +1 7
+4 +1 7
+4 -1 7
+4 +1 7
+5 +3 7
+2 * 7
+3 * 7
+4 -3 7
+4 +3 7 7
+4 * 7 0 7
+7 -3 7 0 7
+8 +30 7
+3 * 7 0 0 0 0 0 0 0 0 7 6
+6 +3 1
+5 * 1
+3 * 1 0 0 0 0 0 0 0 0 1
+6 -11 1
+3 * 1
+3 * 1
+5 * 1 0 1
+7 * 1
+3 * 1
fi=(6)
+9 509 80 80
+3 * 80
+3 +4 80
+4 * 80 0 0 0 0 0 0 0 0 80
+2 +3 80 80
+7 * 80
+3 * 80 0 0 0 0 0 0 0 0 80 1
+6 +1 80 0 80 0 0 10 0 0 10
fi=(5)
+4 83 80
+4 * 80
+3 * 80 0 0 0 0 0 0 0 0 80 1
+6 +2 80 80 0 1 30 0 1 30
+4 * 80
+2 * 80
+3 * 80 0 0 0 0 0 0 0 0 80 3
0xfdb0 -2 1 1 0 1 0 0 1
+7 * 1
+3 * 1
+3 * 1
+3 +13 1 0 0 1 0 0 1
+3 * 1 0 0 0 0 0 0 0 0 1 1
fe=(79)
+92 296 11 0 0 1 0 0 1
+4 * 11
+4 * 11
+3 * 11 0 0 0 0 0 0 0 0 11 4
fi=(6)
+6 725 7 7
+6 * 7 7
+7 * 7
+3 * 7 7 0 1 0 0 1
+7 * 7 7
+7 * 7
+2 * 7 0 0 0 0 0 0 0 0 7 2
+2 +4 6 6
+7 * 6 0 0 0 0 0 0 0 0 6
fe=(79)
+6 298 7
+3 * 7 0 0 0 0 0 0 0 0 7
+6 * 7
+2 * 7 0 0 0 0 0 0 0 0 7 2
+6 +23 7 0 7
+8 +3 7
+3 * 7 0 0 1 0 0 1 0 0 7
+6 +14 7
+4 * 7 7
+1 * 7 7
+2 * 7 7
+2 * 7 7
+2 * 7 7
+2 * 7 7 0 0 2
+1 * 7 7
fi=(5)
0xff00 105 13 0 0 1 0 0 1
+7 * 13
+3 * 13 0 0 0 0 0 0 0 0 13 9
+6 +12 2 2 0 0 1
+7 * 2
+3 * 2 0 0 0 0 0 0 0 0 2
+6 +3 11 11 0 0 4
+4 * 11 0 11
+7 * 11 11
+8 * 11 0 0 0 0 0 0 0 0 11 9
+15 +2 11 11 0 1 0 0 1
+7 * 11 0 0 0 0 0 0 0 0 11 5
+6 -49 6 0 6
fi=(6)
+11 282 6 0 6
+11 * 6 0 6
+7 * 6 0 6
+7 * 6
+2 * 6
fi=(5)
+11 124 6 6 0 1 4 0 1
+4 * 6 6
+7 +1 6 6
+7 -1 6
+3 +5 6
+3 -5 6
+4 * 6 6 0 0 5 0 0 3
+4 +1 6
+4 * 6
+4 * 6 0 6
+4 +4 6
+4 * 6 0 0 0 0 0 0 0 0 6 1
-48 -5 4706 4706 0 0 1418 0 0 1416
+4 * 4706 4706
+7 +1 4706 4706
+7 -1 4706
+3 +5 4706
+3 -5 4706
+4 * 4706 4706 0 0 1588 0 0 253
+4 +1 4706
+4 * 4706
+4 * 4706 0 4706
+4 +4 4706
+4 * 4706 0 0 0 0 0 0 0 0 4706 9
+6 -2 4630
+5 -1 4630 4630 0 1 0 0 1
+7 * 4630 4630
+3 * 4630 0 4630
+4 +1 4630
+4 * 4630 4630 0 0 1
+7 -1 4630 0 4630
+7 +1 4630
fi=(6)
+4 262 4630
+4 * 4630 0 0 0 0 0 0 0 0 4630 15
+6 +7 4630
+4 * 4630 0 0 0 0 0 0 0 0 4630 2
+6 +4 4630
+3 * 4630 0 0 0 0 0 0 0 0 4630 2
fe=(79)
+6 170 4630 4630 0 1 2566 0 1 1798
+6 * 4630
+2 * 4630
+4 * 4630 0 0 0 0 0 0 0 0 4630 6
fi=(4)
+6 -18 4614 4614
+6 * 4614
+3 * 4614
fe=(79)
+3 +19 4614
+3 * 4614 0 0 0 0 0 0 0 0 4614 2
+6 +3 4614 4614 0 0 4 0 0 1
+7 * 4614 0 0 0 0 0 0 0 0 4614 936
+6 +8 2860
+4 * 2860 0 0 0 0 0 0 0 0 2860 2
+6 * 2853
+4 * 2853 0 0 1 0 0 1
+4 * 2853 0 0 0 0 0 0 0 0 2853 5
+6 * 4
+5 * 4
+3 * 4 4 4
+4 * 4
+4 +4 4 4
+4 * 4 4
+4 -3 4 0 4
+7 +1 4 0 4
+7 +2 4 4
+4 * 4
+2 * 4 4
+8 * 4 0 0 0 0 0 0 0 0 4
-36 * 2856 2856
+4 * 2856 2856
+4 -3 2856 0 2856
+7 +1 2856 0 2856
+7 +2 2856 2856
+4 * 2856
+2 * 2856 2856
+8 * 2856 0 0 0 0 0 0 0 0 2856 2
+5 * 2860 0 0 1 0 0 1
+3 +1 2860
+3 -1 2860
+3 +2 2860
+3 * 2860 0 0 0 0 0 0 0 0 2860
+2 -1 2860 2860 0 0 134
+4 * 2860
+3 * 2860
+4 * 2860 0 2860
+7 +3 2860 2860
+7 * 2860
+4 * 2860
+3 * 2860 0 2860
+2 * 2860 0 2860
+2 * 2860 0 2860
cfi=(80) /usr/src/debug/glibc/glibc/elf/dl-lookup.c
cfn=(302) _dl_lookup_symbol_x
calls=2860 0xb780 767 
* * 2066563 520540 189857 80 10790 57 72 4302 42 304482 13244 520 272
+5 +3 2860 2860
+4 +1 2860 2860 0 1 0 0 1
+7 * 2860 0 2860 0 0 1
+7 -4 2860
+3 +3 2860 0 2860
+7 +1 2860 2860
+1 * 2860 2860
fi=(6)
+2 +88 2860
+3 * 2860
+3 * 2860 0 0 0 0 0 0 0 0 2860 4
-6 * 1754
+3 * 1754
+3 * 1754 0 0 0 0 0 0 0 0 1754
+2 +3 4594 4594
+4 -3 4594 4594
+4 * 4594 4594
+4 * 4594
+3 * 4594
+4 * 4594 0 0 0 0 0 0 0 0 4594
-15 * 16 16
+4 * 16 16 0 0 1 0 0 1
+4 * 16
+3 * 16
+4 * 16 0 0 0 0 0 0 0 0 16
+6 * 4610 4610 0 0 22
+3 +4 4610
+2 * 4610 0 0 0 0 0 0 0 0 4610 40
+2 * 31
+3 * 31 0 0 0 0 0 0 0 0 31 1
+6 +26 4599 0 0 1 0 0 1
+4 * 4599 0 0 0 0 0 0 0 0 4599
+6 * 4630
+7 * 4630 4630 0 0 5 0 0 2
+4 * 4630
+3 * 4630 0 0 0 0 0 0 0 0 0 0 4630 781
+8 493 165 165 0 0 43 0 0 42
+3 * 165
+4 * 165 0 0 0 0 0 0 0 0 165
+2 +5 165
+4 * 165 0 0 0 0 0 0 0 0 165
+6 +1 165 165 0 0 20 0 0 20
+4 * 165 165
fi=(5)
+3 114 165
fi=(6)
+4 499 165
+3 * 165 0 165 0 0 25 0 0 25
fi=(5)
+4 114 165
+3 * 165 0 0 0 0 0 0 0 0 165 4
-3 * 11 0 0 1 0 0 1
+3 * 11 0 0 0 0 0 0 0 0 11 2
+2 +3 11 11 0 0 6
+7 * 11
+3 * 11 0 0 0 0 0 0 0 0 11 9
+6 * 2
fe=(79)
+30 296 2 0 0 1 0 0 1
+3 * 2 0 0 0 0 0 0 0 0 2
+6 * 2
+3 * 2 0 2
+4 * 2
fi=(6)
0x10248 418 4601 4601 0 1 0 0 1
+7 * 4601 0 4601 0 0 1394 0 0 550
fi=(5)
+3 141 4601 4601
+3 * 4601
+4 * 4601 0 0 0 0 0 0 0 0 4601
-7 * 7 7
+3 * 7
+4 * 7 0 0 0 0 0 0 0 0 7
-4 * 20
+4 * 20 0 0 0 0 0 0 0 0 20
+6 -19 4712
+4 * 4712 4712
+7 * 4712 0 0 0 0 0 0 0 0 4712 56
+6 +33 6 6
+7 * 6 6
+7 * 6 6 0 1 0 0 1
+7 * 6
+3 * 6 0 0 0 0 0 0 0 0 6 3
+6 +1 3 3
+7 * 3
+3 * 3 0 0 0 0 0 0 0 0 3 1
fe=(79)
+6 +30 3 0 3
+7 * 3
+3 * 3
+3 * 3 0 3
+7 * 3
fi=(5)
+27 -29 82 82 0 1 0 0 1
+4 * 82
+3 * 82 0 0 0 0 0 0 0 0 82 4
+2 +3 82 82
+7 * 82
+4 +4 82 82
+3 -2 82 82
+7 +1 82 82
+7 -3 82 82
+4 +2 82
+4 * 82
+4 * 82 0 82 1 0 0 1
fe=(79)
+4 +8 82 82 0 0 1
+5 * 82
+2 * 82
+4 * 82 0 0 0 0 0 0 0 0 82 21
fi=(6)
0x103ce 282 82 82 0 1 0 0 1
+4 * 82 82
+4 * 82
+3 * 82
+4 * 82 0 0 0 0 0 0 0 0 82
+6 +4 82
+2 * 82 0 0 0 0 0 0 0 0 82 11
+11 471 82 82
+4 * 82 82
+3 +1 82 82
+7 * 82 0 0 0 0 0 0 0 0 82
+2 +1 82 0 82 1 0 0 1 0 0 0 0 82 82
cfi=(16)
cfn=(616)
calls=1 0x194f0 76 
* * 6 2 0 2 0 0 1 0 0 1
cob=(3) /usr/lib/libm.so.6
cfi=(176) /usr/src/debug/glibc/glibc/math/../sysdeps/x86_64/fpu/multiarch/s_cosf.c
cfn=(586) cosf
calls=1 0x7d080 28 
* * 10 4 0 1 0 0 1 0 0 1
cob=(3)
cfi=(175) /usr/src/debug/glibc/glibc/math/../sysdeps/x86_64/fpu/multiarch/e_exp.c
cfn=(582) __exp_finite@GLIBC_2.15
calls=1 0x569b0 29 
* * 9 4 0 2 0 0 2 0 0 2 1
cob=(3)
cfi=(174) /usr/src/debug/glibc/glibc/math/../sysdeps/x86_64/fpu/multiarch/e_expf.c
cfn=(578) expf@@GLIBC_2.27
calls=2 0x76dc0 29 
* * 20 8 0 1 0 0 1 0 0 2
cob=(3)
cfi=(146) /usr/src/debug/glibc/glibc/math/../sysdeps/x86_64/fpu/multiarch/s_sin.c
cfn=(574) cos
calls=1 0x6a950 36 
* * 9 4 0 1 0 0 1 0 0 2
cob=(3)
cfi=(173) /usr/src/debug/glibc/glibc/math/../sysdeps/x86_64/fpu/multiarch/e_logf.c
cfn=(570) logf@@GLIBC_2.27
calls=1 0x7b250 29 
* * 10 4 0 2 0 0 2 0 0 1
cob=(3)
cfi=(172) /usr/src/debug/glibc/glibc/math/../sysdeps/x86_64/fpu/multiarch/s_tan.c
cfn=(566) tan
calls=1 0x6bf10 28 
* * 9 4 0 2 0 0 2 0 0 2 1
cob=(3)
cfi=(171) /usr/src/debug/glibc/glibc/math/../sysdeps/x86_64/fpu/multiarch/e_log2.c
cfn=(562) log2@@GLIBC_2.29
calls=1 0x62c80 29 
* * 10 4 0 1 0 0 1 0 0 1
cob=(3)
cfi=(170) /usr/src/debug/glibc/glibc/math/../sysdeps/x86_64/fpu/multiarch/s_sincosf.c
cfn=(558) sincosf
calls=1 0x7ea20 28 
* * 10 4 0 1 0 0 1 0 0 1 1
cob=(3)
cfi=(169) /usr/src/debug/glibc/glibc/math/../sysdeps/x86_64/fpu/multiarch/e_powf.c
cfn=(554) powf@@GLIBC_2.27
calls=1 0x7b690 32 
* * 10 4 0 2 0 0 2 0 0 1
cob=(3)
cfi=(168) /usr/src/debug/glibc/glibc/math/../sysdeps/x86_64/fpu/multiarch/s_ceilf.c
cfn=(552) ceilf
calls=1 0x7c150 33 
* * 7 3 0 1 0 0 1
cob=(3)
cfi=(167) /usr/src/debug/glibc/glibc/math/../sysdeps/x86_64/fpu/multiarch/s_ceil.c
cfn=(550) ceil
calls=1 0x65150 33 
* * 7 3 0 1 0 0 1
cob=(3)
cfi=(166) /usr/src/debug/glibc/glibc/math/../sysdeps/x86_64/fpu/multiarch/e_pow.c
cfn=(546) __pow_finite@GLIBC_2.15
calls=1 0x63780 29 
* * 8 4 0 1 0 0 1 0 0 2 1
cob=(3)
cfi=(165) /usr/src/debug/glibc/glibc/math/../sysdeps/x86_64/fpu/multiarch/e_log2f.c
cfn=(542) log2f@@GLIBC_2.27
calls=1 0x7b0f0 29 
* * 10 4 0 2 0 0 2 0 0 1
cob=(3)
cfi=(164) /usr/src/debug/glibc/glibc/math/../sysdeps/x86_64/fpu/multiarch/s_log1p.c
cfn=(538) __log1p
calls=1 0x68cc0 28 
* * 10 4 0 1 0 0 1 0 0 1
cob=(3)
cfi=(163) /usr/src/debug/glibc/glibc/math/../sysdeps/x86_64/fpu/multiarch/e_log.c
cfn=(534) __log_finite@GLIBC_2.15
calls=1 0x62f80 29 
* * 9 4 0 2 0 0 2 0 0 2
cob=(3)
cfi=(162) /usr/src/debug/glibc/glibc/math/../sysdeps/x86_64/fpu/multiarch/s_atan.c
cfn=(530) atan
calls=1 0x64f80 28 
* * 9 4 0 2 0 0 2 0 0 2 1
cob=(3)
cfi=(156) /usr/src/debug/glibc/glibc/math/../sysdeps/x86_64/fpu/multiarch/e_asin.c
cfn=(526) __acos_finite@GLIBC_2.15
calls=1 0x54690 37 
* * 8 4 0 1 0 0 1 0 0 2 1
cob=(3)
cfi=(161) /usr/src/debug/glibc/glibc/math/../sysdeps/x86_64/fpu/multiarch/s_sinf.c
cfn=(522) sinf
calls=1 0x7e9e0 28 
* * 10 4 0 2 0 0 2 0 0 1
cob=(3)
cfi=(160) /usr/src/debug/glibc/glibc/math/../sysdeps/x86_64/fpu/multiarch/s_fma.c
cfn=(520) fma
calls=1 0x68510 49 
* * 6 3 0 2 0 0 2 0 0 1 1
cob=(3)
cfi=(159) /usr/src/debug/glibc/glibc/math/../sysdeps/x86_64/fpu/multiarch/s_floorf.c
cfn=(518) floorf
calls=1 0x7d8a0 33 
* * 7 3 0 2 0 0 2
cob=(3)
cfi=(158) /usr/src/debug/glibc/glibc/math/../sysdeps/x86_64/fpu/multiarch/s_floor.c
cfn=(516) floor
calls=1 0x67f50 33 
* * 7 3 0 1 0 0 1
cob=(3)
cfi=(157) /usr/src/debug/glibc/glibc/math/../sysdeps/x86_64/fpu/multiarch/s_roundeven.c
cfn=(514) roundeven
calls=1 0x69590 32 
* * 7 3 0 1 0 0 1
cob=(3)
cfi=(156)
cfn=(510) __asin_finite@GLIBC_2.15
calls=1 0x54650 29 
* * 8 4 0 2 0 0 2 0 0 2 1
cob=(3)
cfi=(155) /usr/src/debug/glibc/glibc/math/../sysdeps/x86_64/fpu/multiarch/s_expm1.c
cfn=(506) expm1
calls=1 0x67f00 28 
* * 10 4 0 1 0 0 1 0 0 1
cob=(3)
cfi=(154) /usr/src/debug/glibc/glibc/math/../sysdeps/x86_64/fpu/multiarch/e_exp2f.c
cfn=(502) exp2f@@GLIBC_2.27
calls=1 0x6cad0 29 
* * 10 4 0 2 0 0 2 0 0 1
cob=(3)
cfi=(153) /usr/src/debug/glibc/glibc/math/../sysdeps/x86_64/fpu/multiarch/s_truncf.c
cfn=(500) truncf
calls=1 0x7f0b0 33 
* * 7 3 0 2 0 0 2
cob=(3)
cfi=(152) /usr/src/debug/glibc/glibc/math/../sysdeps/x86_64/fpu/multiarch/e_sinh.c
cfn=(496) __sinh_finite@GLIBC_2.15
calls=1 0x63af0 28 
* * 10 4 0 2 0 0 2 0 0 1
cob=(3)
cfi=(150) /usr/src/debug/glibc/glibc/math/../sysdeps/x86_64/fpu/multiarch/e_atanh.c
cfn=(492) __atanh_finite@GLIBC_2.15
calls=1 0x563c0 28 
* * 10 4 0 1 0 0 1 0 0 1
cob=(3)
cfi=(149) /usr/src/debug/glibc/glibc/math/../sysdeps/x86_64/fpu/multiarch/s_roundevenf.c
cfn=(490) roundevenf
calls=1 0x7e7e0 32 
* * 7 3 0 2 0 0 2
cob=(3)
cfi=(148) /usr/src/debug/glibc/glibc/math/../sysdeps/x86_64/fpu/multiarch/e_atan2.c
cfn=(486) __atan2_finite@GLIBC_2.15
calls=1 0x553d0 28 
* * 9 4 0 2 0 0 2 0 0 2
cob=(3)
cfi=(146)
cfn=(482) sin
calls=1 0x6a900 29 
* * 9 4 0 2 0 0 2 0 0 2 1
cob=(3)
cfi=(145) /usr/src/debug/glibc/glibc/math/../sysdeps/x86_64/fpu/multiarch/s_fmaf.c
cfn=(480) fmaf
calls=1 0x7d9c0 44 
* * 6 3 0 1 0 0 1 0 0 1 1
cob=(3)
cfi=(143) /usr/src/debug/glibc/glibc/math/../sysdeps/x86_64/fpu/multiarch/s_sincos.c
cfn=(476) sincos
calls=1 0x6b3d0 29 
* * 8 4 0 2 0 0 2 0 0 2 1
cob=(3)
cfi=(142) /usr/src/debug/glibc/glibc/math/../sysdeps/x86_64/fpu/multiarch/s_trunc.c
cfn=(474) trunc
calls=1 0x6c1a0 33 
* * 7 3 0 2 0 0 2
cob=(2)
cfi=(140) /usr/src/debug/glibc/glibc/string/../sysdeps/x86_64/multiarch/strspn.c
cfn=(466) strspn
calls=1 0xb05c0 29 
* * 7 3 0 1 0 0 1
cob=(2)
cfi=(138) /usr/src/debug/glibc/glibc/string/../sysdeps/x86_64/multiarch/memchr.c
cfn=(462) memchr
calls=1 0xac600 29 
* * 22 4 0 2 0 0 2 0 0 4
cob=(2)
cfi=(137) /usr/src/debug/glibc/glibc/string/../sysdeps/x86_64/multiarch/memmove.c
cfn=(458) memmove
calls=1 0xad070 29 
* * 22 4 0 4 0 0 4 0 0 6 1
cob=(2)
cfi=(136) /usr/src/debug/glibc/glibc/string/../sysdeps/x86_64/multiarch/strncpy.c
cfn=(454) strncpy
calls=1 0xb0220 29 
* * 20 4 0 1 0 0 1 0 0 4
cob=(2)
cfi=(135) /usr/src/debug/glibc/glibc/string/../sysdeps/x86_64/multiarch/strlen.c
cfn=(450) strlen
calls=1 0xaff50 29 
* * 24 5 0 2 0 0 2 0 0 5 1
cob=(2)
cfi=(134) /usr/src/debug/glibc/glibc/string/../sysdeps/x86_64/multiarch/strcasecmp_l.c
cfn=(446) strcasecmp_l
calls=1 0xad680 31 
* * 22 6 0 3 0 0 3 0 0 5 1
cob=(2)
cfi=(133) /usr/src/debug/glibc/glibc/string/../sysdeps/x86_64/multiarch/strcpy.c
cfn=(442) strcpy
calls=1 0xaf440 29 
* * 19 4 0 1 0 0 1 0 0 5 1
cob=(2)
cfi=(131) /usr/src/debug/glibc/glibc/string/../sysdeps/x86_64/multiarch/memcmp.c
cfn=(438) bcmp
calls=1 0xac680 29 
* * 24 5 0 2 0 0 2 0 0 5
cob=(2)
cfi=(130) /usr/src/debug/glibc/glibc/string/../sysdeps/x86_64/multiarch/strchrnul.c
cfn=(434) strchrnul
calls=1 0xae2c0 31 
* * 24 5 0 2 0 0 2 0 0 5
cob=(2)
cfi=(129) /usr/src/debug/glibc/glibc/string/../sysdeps/x86_64/multiarch/strncase_l.c
cfn=(430) strncasecmp_l
calls=1 0xb0070 31 
* * 22 6 0 2 0 0 2 0 0 5 2
cob=(2)
cfi=(128) /usr/src/debug/glibc/glibc/wcsmbs/../sysdeps/x86_64/multiarch/wcscpy.c
cfn=(428) wcscpy
calls=1 0xc4e00 60 
* * 17 4 0 2 0 0 2 0 0 4
cob=(2)
cfi=(127) /usr/src/debug/glibc/glibc/string/../sysdeps/x86_64/multiarch/strcspn.c
cfn=(426) strcspn
calls=1 0xaf4b0 29 
* * 7 3 0 2 0 0 2
cob=(2)
cfi=(126) /usr/src/debug/glibc/glibc/string/../sysdeps/x86_64/multiarch/strcasecmp.c
cfn=(422) strcasecmp
calls=1 0xad5e0 31 
* * 22 6 0 3 0 0 3 0 0 5 2
cob=(2)
cfi=(125) /usr/src/debug/glibc/glibc/string/../sysdeps/x86_64/multiarch/strncmp.c
cfn=(420) strncmp
calls=1 0xb0180 67 
* * 22 6 0 3 0 0 3 0 0 5 1
cob=(2)
cfi=(123) /usr/src/debug/glibc/glibc/wcsmbs/../sysdeps/x86_64/multiarch/wmemchr.c
cfn=(416) wmemchr
calls=2 0xd2440 31 
* * 44 8 0 2 0 0 2 0 0 8 1
cob=(2)
cfi=(121) /usr/src/debug/glibc/glibc/string/../sysdeps/x86_64/multiarch/stpncpy.c
cfn=(412) stpncpy
calls=1 0xad570 31 
* * 20 4 0 1 0 0 1 0 0 4 1
cob=(2)
cfi=(120) /usr/src/debug/glibc/glibc/wcsmbs/../sysdeps/x86_64/multiarch/wcscmp.c
cfn=(408) wcscmp
calls=1 0xc3e50 30 
* * 24 5 0 2 0 0 2 0 0 5 1
cob=(2)
cfi=(119) /usr/src/debug/glibc/glibc/string/../sysdeps/x86_64/multiarch/strrchr.c
cfn=(404) rindex
calls=1 0xb03a0 28 
* * 24 5 0 2 0 0 2 0 0 5 1
cob=(2)
cfi=(118) /usr/src/debug/glibc/glibc/string/../sysdeps/x86_64/multiarch/strchr.c
cfn=(402) index
calls=1 0xae240 65 
* * 21 4 0 2 0 0 2 0 0 5 1
cob=(2)
cfi=(97) /usr/src/debug/glibc/glibc/wcsmbs/../sysdeps/x86_64/multiarch/wcscat.c
cfn=(398) wcschr
calls=2 0xc3db0 31 
* * 48 10 0 2 0 0 2 0 0 10
cob=(2)
cfi=(116) /usr/src/debug/glibc/glibc/string/../sysdeps/x86_64/multiarch/memrchr.c
cfn=(394) memrchr
calls=1 0xad290 29 
* * 24 5 0 2 0 0 2 0 0 5 1
cob=(2)
cfi=(114) /usr/src/debug/glibc/glibc/string/../sysdeps/x86_64/multiarch/memset.c
cfn=(390) memset
calls=1 0xad310 29 
* * 23 4 0 4 0 0 4 0 0 7 2
cob=(2)
cfi=(113) /usr/src/debug/glibc/glibc/string/../sysdeps/x86_64/multiarch/strcmp.c
cfn=(388) strcmp
calls=1 0xae340 79 
* * 20 6 0 3 0 0 3 0 0 5 1
cob=(2)
cfi=(112) /usr/src/debug/glibc/glibc/string/../sysdeps/x86_64/multiarch/strpbrk.c
cfn=(386) strpbrk
calls=1 0xb0370 29 
* * 7 3 0 1 0 0 1
cob=(2)
cfi=(110) /usr/src/debug/glibc/glibc/string/../sysdeps/x86_64/multiarch/strnlen.c
cfn=(382) strnlen
calls=2 0xb02f0 31 
* * 48 10 0 3 1 0 3 0 0 10 1
cob=(2)
cfi=(109) /usr/src/debug/glibc/glibc/wcsmbs/../sysdeps/x86_64/multiarch/wcsnlen.c
cfn=(378) wcsnlen
calls=1 0xc5940 30 
* * 20 6 0 2 0 0 2 0 0 5 1
cob=(2)
cfi=(107) /usr/src/debug/glibc/glibc/wcsmbs/../sysdeps/x86_64/multiarch/wcslen.c
cfn=(374) wcslen
calls=1 0xc5020 29 
* * 20 6 0 3 0 0 3 0 0 5
cob=(2)
cfi=(106) /usr/src/debug/glibc/glibc/debug/../sysdeps/x86_64/multiarch/mempcpy_chk.c
cfn=(370) __mempcpy_chk
calls=1 0x129680 29 
* * 22 4 0 4 0 0 4 0 0 6 3
cob=(2)
cfi=(105) /usr/src/debug/glibc/glibc/debug/../sysdeps/x86_64/multiarch/memcpy_chk.c
cfn=(366) __memcpy_chk
calls=1 0x129460 29 
* * 22 4 0 4 0 0 4 0 0 6 3
cob=(2)
cfi=(104) /usr/src/debug/glibc/glibc/wcsmbs/../sysdeps/x86_64/multiarch/wcsncpy.c
cfn=(362) wcsncpy
calls=1 0xc58e0 31 
* * 18 4 0 2 0 0 2 0 0 3 1
cob=(2)
cfi=(103) /usr/src/debug/glibc/glibc/string/../sysdeps/x86_64/multiarch/memcpy.c
cfn=(358) memcpy@@GLIBC_2.14
calls=1 0xac770 29 
* * 22 4 0 4 0 0 4 0 0 6 3
cob=(2)
cfi=(101) /usr/src/debug/glibc/glibc/debug/../sysdeps/x86_64/multiarch/memset_chk.c
cfn=(354) __memset_chk
calls=1 0x129790 29 
* * 23 4 0 4 0 0 4 0 0 7 2
cob=(2)
cfi=(100) /usr/src/debug/glibc/glibc/string/../sysdeps/x86_64/multiarch/strcat.c
cfn=(350) strcat
calls=1 0xae1d0 29 
* * 19 4 0 2 0 0 2 0 0 5 1
cob=(2)
cfi=(98) /usr/src/debug/glibc/glibc/wcsmbs/../sysdeps/x86_64/multiarch/wmemset.c
cfn=(346) wmemset
calls=2 0xd2570 31 
* * 36 8 0 2 0 0 2 0 0 8
cob=(2)
cfi=(97)
cfn=(342) wcscat
calls=1 0xc3d50 31 
* * 18 4 0 2 0 0 2 0 0 3 1
cob=(2)
cfi=(95) /usr/src/debug/glibc/glibc/wcsmbs/../sysdeps/x86_64/multiarch/wmemcmp.c
cfn=(338) wmemcmp
calls=1 0xd24c0 29 
* * 24 5 0 2 0 0 2 0 0 5 2
cob=(2)
cfi=(93) /usr/src/debug/glibc/glibc/debug/../sysdeps/x86_64/multiarch/memmove_chk.c
cfn=(334) __memmove_chk
calls=1 0x129570 29 
* * 22 4 0 4 0 0 4 0 0 6 4
cob=(2)
cfi=(91) /usr/src/debug/glibc/glibc/string/../sysdeps/x86_64/multiarch/stpcpy.c
cfn=(330) stpcpy
calls=1 0xad500 33 
* * 19 4 0 2 0 0 2 0 0 5 1
cob=(2)
cfi=(89) /usr/src/debug/glibc/glibc/wcsmbs/../sysdeps/x86_64/multiarch/wcpcpy.c
cfn=(326) wcpncpy
calls=1 0xc39d0 31 
* * 18 4 0 2 0 0 2 0 0 3 1
cob=(2)
cfi=(87) /usr/src/debug/glibc/glibc/string/../sysdeps/x86_64/multiarch/mempcpy.c
cfn=(322) mempcpy
calls=1 0xad180 33 
* * 22 4 0 4 0 0 4 0 0 6 3
cob=(2)
cfi=(85) /usr/src/debug/glibc/glibc/string/../sysdeps/x86_64/multiarch/strncase.c
cfn=(318) strncasecmp
calls=1 0xaffd0 31 
* * 22 6 0 3 1 0 3 0 0 5 1
cob=(2)
cfi=(83) /usr/src/debug/glibc/glibc/string/../sysdeps/x86/cacheinfo.c
cfn=(314) __x86_cacheinfo
calls=1 0xc1b90 86 
* * 30 10 9 3 2 3 3 0 3 3 1
+2 +1 82 82
fi=(5)
+7 156 82
fi=(6)
+4 474 82 0 82 0 0 5 0 0 3
fi=(5)
+5 156 82
+3 * 82 0 0 0 0 0 0 0 0 82 28
+6 * 3 3
fe=(79)
+7 296 3
+4 * 3
+4 * 3
+3 * 3 0 0 0 0 0 0 0 0 3
+6 * 3
+2 * 3
fi=(5)
+11 51 3 3 0 1 0 0 1
fi=(4)
+3 +28 3 3
+8 * 3
fi=(5)
-11 -28 4 4
fi=(4)
+3 +28 4 4
+8 * 4
fi=(6)
0x104cc 347 2 2 0 1 0 0 1
+4 * 2
+3 * 2 0 0 0 0 0 0 0 0 2 1
+6 +11 2 2
+7 -9 2 2 0 0 1 0 0 1
+4 * 2 2
+4 +9 2 0 2
fi=(5)
+3 141 2 2
+3 * 2
+4 * 2 0 0 0 0 0 0 0 0 2 2
fi=(6)
0x105e7 341 4 0 0 1 0 0 1
+3 * 4 0 0 0 0 0 0 0 0 4
+6 +1 4 4 0 0 4
+7 * 4 4
+7 * 4 0 4 1 0 3 1 0 2
fi=(5)
+3 141 4 4
+3 * 4
fi=(6)
0x10676 395 16 16 0 1 0 0 1
+4 * 16
+3 * 16 0 0 1 0 0 1 0 0 16
+6 +2 16 16
+7 * 16
+4 * 16
+4 * 16 0 0 0 0 0 0 0 0 16
+6 +4 16 16
+4 +9 16 16
+7 -9 16
+3 * 16 16 0 0 2 0 0 2
+4 +9 16 0 16 0 0 6 0 0 6
fi=(5)
+3 141 16 16
+3 * 16
fi=(6)
+5 455 7 7
+4 * 7
+3 * 7 0 0 1 0 0 1 0 0 7
+6 +5 7 7 0 0 1
+5 * 7 7 0 0 1
+4 -1 7
+3 * 7 0 7
+7 * 7 7
+7 +1 7
+3 * 7
+4 -1 7 0 7
cfi=(30)
cfn=(84)
calls=7 0x26440 210 
* * 148 37 30 4 11 8 3 7 8 25 11
+6 +2 7 7
+4 * 7 7
+5 * 7 7
+7 * 7
+3 * 7 0 0 0 0 0 0 0 0 7 2
+2 +1 7 0 0 1 0 0 1
+3 * 7 0 0 0 0 0 0 0 0 7 6
+82 -44 2827 2827 0 1 343 0 1 343
+4 * 2827
fe=(79)
+25 187 16
fi=(6)
+3 +95 16
+3 * 16
fe=(79)
+10 +14 141 0 0 1 0 0 1
+7 * 141
fi=(5)
+9 131 82 82
+8 +2 82 0 82
+7 -2 82 0 0 0 0 0 0 0 0 82 6
+6 +1 3 0 3
+7 * 3
+84 -60 7 0 0 1 0 0 1
+6 * 7
fi=(6)
0x10950 287 31 31 0 1 0 0 1
+7 * 31 0 0 0 0 0 0 0 0 31
+6 +3 31
+3 * 31 0 0 0 0 0 0 0 0 31
+6 +1 31 31
+8 * 31
+2 * 31 0 0 0 0 0 0 0 0 31
0x109f0 +11 31 0 31 1 0 0 1
+7 * 31 0 31
+7 +7 31 0 31 1 0 0 1 0 0 0 0 31 31
cob=(2)
cfi=(98)
cfn=(346)
calls=1 0xd2570 31 
* * 18 4 0 0 0 0 0 0 0 4
cob=(2)
cfi=(93)
cfn=(334)
calls=1 0x129570 29 
* * 22 4 0 0 0 0 0 0 0 6
cob=(2)
cfi=(120)
cfn=(408)
calls=1 0xc3e50 30 
* * 24 5 0 0 4 0 0 0 0 5
cob=(2)
cfi=(136)
cfn=(454)
calls=1 0xb0220 29 
* * 20 4 0 0 0 0 0 0 0 4
cob=(2)
cfi=(131)
cfn=(438)
calls=1 0xac680 29 
* * 24 5 0 0 2 0 0 0 0 5 1
cob=(2)
cfi=(113)
cfn=(388)
calls=1 0xae340 79 
* * 20 6 0 1 2 0 0 0 0 5 1
cob=(2)
cfi=(118)
cfn=(402)
calls=1 0xae240 65 
* * 21 4 0 0 0 0 0 0 0 5 1
cob=(2)
cfi=(140)
cfn=(466)
calls=1 0xb05c0 29 
* * 7 3 0 0 1
cob=(2)
cfi=(179) /usr/src/debug/glibc/glibc/debug/../sysdeps/x86_64/multiarch/wmemset_chk.c
cfn=(600) __wmemset_chk
calls=1 0x12a9a0 29 
* * 18 4 0 2 1 0 2 0 0 4 1
cob=(2)
cfi=(178) /usr/src/debug/glibc/glibc/string/../sysdeps/x86_64/multiarch/strstr.c
cfn=(598) strstr
calls=1 0xb0f50 52 
* * 7 3 0 1 1 0 1
cob=(2)
cfi=(123)
cfn=(416)
calls=1 0xd2440 31 
* * 22 4 0 0 0 0 0 0 0 4 1
cob=(2)
cfi=(105)
cfn=(366)
calls=1 0x129460 29 
* * 22 4 0 0 0 0 0 0 0 6 3
cob=(2)
cfi=(125)
cfn=(420)
calls=1 0xb0180 67 
* * 22 6 0 0 0 0 0 0 0 5 1
cob=(2)
cfi=(177) /usr/src/debug/glibc/glibc/time/../sysdeps/unix/sysv/linux/gettimeofday.c
cfn=(596) gettimeofday
calls=1 0xd8b40 41 
* * 7 3 0 1 1 0 1
cob=(2)
cfi=(95)
cfn=(338)
calls=1 0xd24c0 29 
* * 24 5 0 0 2 0 0 0 0 5 1
cob=(2)
cfi=(138)
cfn=(462)
calls=1 0xac600 29 
* * 22 4 0 0 0 0 0 0 0 4 1
cob=(2)
cfi=(107)
cfn=(374)
calls=1 0xc5020 29 
* * 20 6 0 1 0 0 0 0 0 5 1
cob=(2)
cfi=(101)
cfn=(354)
calls=2 0x129790 29 
* * 46 8 0 0 0 0 0 0 0 14 2
cob=(2)
cfi=(137)
cfn=(458)
calls=3 0xad070 29 
* * 66 12 0 0 0 0 0 0 0 18 3
cob=(2)
cfi=(103)
cfn=(358)
calls=3 0xac770 29 
* * 66 12 0 0 0 0 0 0 0 18 3
cob=(2)
cfi=(114)
cfn=(390)
calls=3 0xad310 29 
* * 69 12 0 0 3 0 0 0 0 21 2
cob=(2)
cfi=(135)
cfn=(450)
calls=3 0xaff50 29 
* * 72 15 0 0 4 0 0 0 0 15 2
+3 * 31 31
+7 * 31 31
+7 * 31
+3 +3 31
+4 * 31 0 0 0 0 0 0 0 0 31 9
fi=(5)
+42 73 2 0 2 1 0 0 1
+11 +98 2 2
+7 * 2 0 0 0 0 0 0 0 0 2 1
+6 * 1 0 1
+7 * 1 0 1
+7 * 1 0 1
+7 * 1
+3 +2 1 1 0 0 1 0 0 1
+4 * 1 1
+7 * 1
+3 +3 1 0 0 1 0 0 1
+3 -3 1
+4 * 1
+4 * 1
+4 * 1 0 1
+4 +3 1
+4 * 1 0 0 0 0 0 0 0 0 1
-37 -3 5 5 0 0 2 0 0 2
+4 * 5 5
+7 * 5
+3 +3 5
+3 -3 5
+4 * 5
+4 * 5
+4 * 5 0 5
+4 +3 5
+4 * 5 0 0 0 0 0 0 0 0 5
+6 -2 6 6
+7 * 6 6
+3 +10 6 0 6
fi=(6)
+4 +78 6
+4 * 6 0 0 0 0 0 0 0 0 6
+6 +7 6
+4 * 6 0 0 0 0 0 0 0 0 6
+6 +4 6
+3 * 6 0 0 1 0 0 1 0 0 6
fe=(79)
+6 170 6 6 0 0 3 0 0 3
+6 * 6
+2 * 6
+4 * 6 0 0 0 0 0 0 0 0 6 2
fi=(4)
+6 -18 6 6
+6 * 6
+3 * 6
fe=(79)
+3 +19 6
+3 * 6 0 0 0 0 0 0 0 0 6
+6 +3 6 6 0 0 1
+7 * 6 0 0 0 0 0 0 0 0 6
+6 +8 6
+4 * 6 0 0 1 0 0 1 0 0 6
+6 * 6
+4 * 6
+4 * 6 0 0 0 0 0 0 0 0 6 1
+22 +4 6 6
+4 * 6 6
+4 -3 6 0 6
+7 +1 6 0 6
+7 +2 6 6
+4 * 6
+2 * 6 6 0 1 0 0 1
+8 * 6 0 0 0 0 0 0 0 0 6 2
+5 * 6 0 6
+7 * 6
+3 +4 6
+3 * 6
+3 * 6 0 6
+2 * 6 6
+7 * 6
+4 -4 6
+3 +4 6 0 6
+2 * 6 0 6
cfi=(80)
cfn=(302)
calls=6 0xb780 767 
* * 3666 999 373 0 35 0 0 5 0 583 44 1 1
+5 +3 6 6
+4 +1 6 6
+7 * 6 0 6 1 0 0 1
+7 -4 6
+3 +3 6 0 6
+7 +1 6 6
+1 * 6 6
fi=(6)
+1 +88 6
+3 * 6
+3 * 6 0 0 0 0 0 0 0 0 6 2
+2 +3 3 3
+4 -3 3 3
+4 * 3 3
+4 * 3
+3 * 3
+4 * 3 0 0 0 0 0 0 0 0 3
+6 * 3 3
+3 +4 3
+2 * 3 0 0 0 0 0 0 0 0 3 2
+11 +26 6 0 0 1 0 0 1
+4 * 6 0 0 0 0 0 0 0 0 6
+6 * 6
+7 * 6 6 0 0 1 0 0 1
+4 * 6
+3 * 6 0 0 0 0 0 0 0 0 0 0 6 1
fe=(79)
+66 -62 5 0 0 1 0 0 1
+2 * 5 0 0 0 0 0 0 0 0 5
+6 +7 5 5 0 0 1
+7 * 5
+3 * 5 0 0 0 0 0 0 0 0 5 1
+6 -9 5 0 5
+10 * 5 0 0 1 0 0 1
fi=(6)
+13 418 6 0 6 0 0 1 0 0 1
fi=(5)
+3 187 6 6
+3 * 6
+4 * 6 0 0 0 0 0 0 0 0 6
+6 -16 6
+4 * 6 6
+7 * 6 0 0 0 0 0 0 0 0 6 5
+6 +31 1 1
+7 * 1 1
+7 * 1 1
+7 * 1 0 0 1 0 0 1
+3 * 1 0 0 0 0 0 0 0 0 1 1
0x110e8 -15 82
fi=(6)
+3 +95 82
+3 * 82
fe=(79)
+10 175 1754 1754 0 1 0 0 1
+7 * 1754 0 0 1 0 0 1
+4 * 1754 0 0 0 0 0 0 0 0 1754
+6 * 1754
+4 * 1754
+4 * 1754 0 0 0 0 0 0 0 0 1754 5
+2 * 2
+5 * 2 2 2
+4 * 2 0 0 0 0 0 0 0 0 2 2
+6 * 2
+3 * 2 0 0 0 0 0 0 0 0 2
+6 +3 1754 1754
+7 -1 1754 0 1754
+8 +19 1754 1754
+7 -18 1754 0 1754
+4 * 1754
+5 -3 1752
+2 * 1752 0 0 0 0 0 0 0 0 1752 2
fi=(5)
+4 72 2849 0 0 1 0 0 1
+3 * 2849
0x1147e +1 6 0 0 1 0 0 1
+3 * 6
fe=(79)

fn=(292)
0x11f90 343 8 0 0 1 0 0 1
+4 +1 8 8
+7 * 8 0 0 0 0 0 0 0 0 8 3
+2 * 2 2
+3 -1 6 0 6
+1 * 6
+3 * 6
+4 +3 6 0 6
+4 * 6 0 6
cfn=(294)
calls=6 0xf7e0 207 
* * 2550508 645098 239320 312 17135 2263 301 8260 1393 395080 15687 5269 1167
+5 +1 6 6
+4 +1 6 6
+1 -1 6
cfn=(468)
calls=6 0xf670 +5 
* * 210 48 18 5 3 0 4 0 0 24 5

fl=(52)
fn=(256)
0x2330 190 1 0 0 1 0 0 1
+4 * 1 0 1
+1 58 1 1
+7 190 1
+3 * 1 0 1 1 0 0 1
+2 * 1 0 1
+1 +2 1 1
+7 58 1 0 0 0 0 0 0 0 0 1
+2 +1 1 1
+7 +11 1 0 1
+11 196 1 0 1
+7 +2 1
+3 * 1 0 1 0 0 0 0 0 0 0 0 1 1
cfi=(2)
cfn=(258)
calls=1 0x1f860 674 
* * 32697 9881 1791 59 148 86 59 144 84 7131 494 102 64
+2 69 1 1
+7 * 1 0 0 0 0 0 0 0 0 1 1
+2 +1 1 0 1
+7 201 1 0 1
+7 +1 1 1 0 1 0 0 1
+1 * 1 1
+2 * 1 1
+1 * 1 1

fn=(164)
0x2590 258 1 0 0 1 0 0 1
+4 * 1 0 1
+1 * 1
+3 * 1 0 1
+2 * 1
+3 * 1 0 1
+2 +2 1
+4 -2 1
+3 +2 1
+3 -2 1 0 1
+1 * 1
+3 +2 1
+3 -2 1
+4 +2 1 0 1
cfn=(166)
calls=1 0x23c0 -52 
* * 2632 585 312 109 36 37 109 36 37 454 146 9 4
+5 * 1
+2 +1 1 1
+4 * 1 0 1 1 0 0 1
+4 +1 1 1
+4 +1 1 1
+4 -1 1 0 1
+4 +3 1
+2 -2 1 0 1
+3 +2 1
+4 * 1 1
+1 * 1 1
+2 * 1 1
+2 * 1 1
+1 * 1 1

fn=(166)
0x23c0 208 14 0 0 1 0 0 1
+4 * 14 0 14
+1 * 14
+3 * 14 0 14
+1 * 14
+7 * 14 0 14 0 0 2 0 0 2
+7 58 14 14 0 0 1 0 0 1
+7 208 14 0 14
+7 * 14 0 14 0 0 1 0 0 1
+7 +3 14
+3 * 14 0 0 0 0 0 0 0 0 14
+6 +21 14 14
+7 * 14 0 14 1 0 1 1 0 1
+7 +1 14
+7 * 14 0 14
+7 58 14
+2 * 14 0 0 0 0 0 0 0 0 14 7
+38 239 14
+7 * 14 0 0 1 0 0 1
+2 * 14 0 14 0 0 1 0 0 1
cfi=(53)
cfn=(168)
calls=14 0x258f0 31 
* * 336 70 126 3 0 3 3 0 3
+5 * 14
+4 * 14
+2 * 14 0 0 0 0 0 0 0 0 14
+6 +2 14 0 14
+6 * 14 14
+7 * 14 14
+7 * 14 0 14 0 0 0 0 0 0 0 0 14 2
cfi=(66)
cfn=(226)
calls=13 0x37c0 61 
* * 25588 5202 2355 77 198 197 76 198 197 4648 661 73 27
cfi=(2)
cfn=(170)
calls=1 0x1f440 641 
* * 2564 568 288 101 34 33 101 34 33 450 145 8 3
+2 69 14 14
+7 * 14 14
+6 * 14 0 0 0 0 0 0 0 0 14
+2 +1 14 14
+7 * 14 0 14
+7 243 14 14
+7 * 14
+4 * 14 0 14
+8 * 14 0 14
+3 +9 14 14
+4 * 14 14
+1 * 14 14
+7 59 14 14 0 1 1 0 1 1
+7 * 14 0 14
+7 +11 14
+7 * 14 0 14 1 0 0 1
+7 * 14

fl=(7)
fn=(12)
0x1cf80 42 1 0 0 1 0 0 1
+4 +1 1
+7 * 1 0 1 0 0 1 0 0 1
+7 +1 1
+7 * 1 0 1
+7 +1 1
+7 * 1 0 1
+7 +1 1
+7 * 1 0 1 0 0 1 0 0 1
+7 +1 1 1

fn=(624)
0x1d1c0 76 1 0 0 1 0 0 1
+4 * 1 0 1
+1 +10 1
fi=(185) /usr/src/debug/glibc/glibc/elf/../sysdeps/generic/dl-hash.h
+7 -41 1
+5 -1 1
+4 * 1
fe=(7)
+4 +32 1
+3 * 1 0 1
+2 * 1 0 1
+2 * 1 0 1
+2 * 1 0 1
+1 * 1
+3 * 1
+4 +11 1 0 1
+7 -1 1 0 1
fi=(185)
+4 -43 1
+5 * 1
+6 +5 1 0 0 1 0 0 1
+4 * 1
+4 * 1
+3 +14 1
+3 * 1
+4 * 1
+6 * 1
+3 -17 1 1
+3 * 1
+3 * 1 0 0 0 0 0 0 0 0 1 1
-33 +3 5
+4 * 5
+4 * 5
+3 +14 5
+3 * 5
+4 * 5
+6 * 5
+3 -17 5 5
+3 * 5
+3 * 5 0 0 0 0 0 0 0 0 5 4
fe=(7)
+2 +46 1
+4 * 1
fi=(185)
+3 -24 1
fe=(7)
+5 +22 1 0 1
+8 +2 1
fi=(185)
+7 -19 1 0 1 1 0 0 1
fe=(7)
+3 +19 1 0 1
cfn=(628) lookup_malloc_symbol
calls=1 0x1d0f0 -30 
* * 651 200 81 3 6 0 3 0 0 96 13
+5 +1 1
+4 * 1
+3 * 1
+7 -1 1
+3 +1 1 0 1
cfn=(628)
calls=1 0x1d0f0 -31 
* * 640 197 81 0 8 0 0 0 0 95 8
+5 +1 1
+4 * 1
+3 * 1
+7 -1 1
+3 +1 1 0 1
cfn=(628)
calls=1 0x1d0f0 -32 
* * 684 203 81 0 6 0 0 1 0 105 8
+5 +1 1
+4 * 1
+3 * 1
+7 -1 1 0 0 1 0 0 1
+3 +1 1 0 1
cfn=(628)
calls=1 0x1d0f0 -33 
* * 685 199 81 0 4 0 0 0 0 101 7 1 1
+5 +5 1 0 1
+7 +1 1 0 1
+7 +1 1 0 1
+7 +1 1 0 1 0 0 1
+7 +1 1
+4 * 1 1
+1 * 1 1
+2 * 1 1
+2 * 1 1
+2 * 1 1
+1 * 1 1

fn=(628)
0x1d0f0 61 4 0 4 1 0 0 1
+1 * 4
+3 +3 4
+3 -3 4
+3 * 4 0 4
+1 * 4
+3 +3 4 0 0 1 0 0 1
+4 -3 4
+4 +3 4 4
+7 * 4
+3 * 4
+3 * 4 0 4
+2 * 4 0 4
+2 -1 4 0 4
+8 +1 4 0 4
cfi=(80)
cfn=(302)
calls=4 0xb780 767 
* * 2504 747 296 0 24 0 0 1 0 377 30 1 1
+5 +4 4 4
+4 * 4 4
+1 -4 4
+3 +4 4 4
+1 * 4 4
+4 * 4
+3 * 4
+2 * 4 0 0 0 0 0 0 0 0 4 2
+6 +1 4 4 0 1 0 0 1
+5 * 4 0 0 0 0 0 0 0 0 4
+2 * 4
+3 * 4 0 0 0 0 0 0 0 0 4 2
+2 * 4 4
+3 * 4 4
+4 +2 4 0 4
fi=(186) /usr/src/debug/glibc/glibc/elf/./dl-sym-post.h
+4 -30 4
+2 * 4 0 0 0 0 0 0 0 0 4
+2 +12 4 4
+6 * 4
+2 * 4 0 0 0 0 0 0 0 0 4 2
fe=(7)
+2 +19 4 4
+4 * 4 4
+4 * 4 4
+1 * 4 4

fl=(181)
fn=(608)
0x56a0 578 1 0 0 1 0 0 1
+4 * 1 0 1
+1 * 1
+3 * 1
+4 +3 1 1 0 0 1
+7 -3 1 0 1
+4 +5 1 1
+7 * 1 0 0 1 0 0 1 0 0 1 1
+17 +13 1 0 1
cfn=(612) _dlfo_process_initial
calls=1 0x50c0 -91 
* * 150 43 7 6 3 0 6 0 0 42 11
+5 * 1
+3 +1 1 1
+7 * 1
+4 * 1
fi=(29)
+4 56 1 1 1 0 0 0 0 0 0 0 0 1 1
cfi=(28)
cfn=(80)
calls=1 0xc690 -20 
* * 18 3 3 0 1 1 0 0 0 3 1
fe=(181)
+6 597 1 0 1
+7 +2 1
+3 * 1 0 0 0 0 0 0 0 0 1
+2 +3 1
+3 * 1 0 0 1 0 0 1 0 0 1
+6 * 1 0 1
+4 +5 1 0 1
+11 +1 1 0 1
cfn=(612)
calls=1 0x50c0 505 
* * 870 162 59 0 70 5 0 0 4 255 33
+5 +3 1 1
+7 * 1 1
+4 * 1
+3 * 1 0 0 0 0 0 0 0 0 1 1
+6 +10 1 1
+4 * 1 1
+1 * 1 1
0x57d0 -37 1 0 0 1 0 0 1
+7 * 1 0 1
cfi=(182)
cfn=(610)
calls=1 0x4f00 105 
* * 129 22 8 3 11 1 3 0 0 40 12
+5 * 1
+12 +29 1 0 1
cfn=(614) _dlfo_sort_mappings
calls=1 0x55c0 -60 
* * 282 59 38 3 0 0 3 0 0 26 14
+6 +3 1 1
+7 * 1 1
+7 * 1 0 0 1 0 0 1
+5 * 1
+4 * 1 1
+4 * 1 0 1
+7 +2 1

fn=(614)
0x55c0 553 1 0 0 1 0 0 1
+4 +1 1
+4 * 1 0 0 0 0 0 0 0 0 1
+6 -1 1 0 1
+1 * 1
+3 +4 1
+3 * 1
+3 -4 1
+3 * 1 0 1
+2 +4 1
+4 -4 1 0 1
+1 * 1
+3 * 1
+11 +8 1
+3 +1 1
+4 -1 1 1
+3 +1 1
+3 * 1 0 0 1 0 0 1 0 0 1
-13 -1 4
+3 +1 4
+4 -1 4 4
+3 +1 4
+3 * 4 0 0 0 0 0 0 0 0 4 1
+6 * 5
+4 * 5
+3 * 5
+3 * 5
+8 * 5
+11 +1 5 5
+3 * 5
+3 +2 5
+4 * 5
+4 -3 5
+4 * 5
+4 * 5
+3 * 5 0 0 0 0 0 0 0 0 5 3
-25 +1 10 10
+3 * 10
+3 +2 10
+4 * 10
+4 -3 10
+4 * 10
+4 * 10
+3 * 10 0 0 0 0 0 0 0 0 10 6
+2 +8 5
+4 * 5 0 0 1 0 0 1
+4 * 5 5
+3 +1 5 5
+5 -1 5 5
+4 * 5 5
+5 * 5 5
+4 +1 5 0 5
+3 * 5 5
+6 * 5 0 5
+4 * 5 5
+4 * 5 0 5
+4 +1 5 0 5
+3 * 5 0 5
+4 * 5 0 5
+4 * 5 0 5
+5 -15 5
+3 * 5
+3 * 5 0 0 0 0 0 0 0 0 5 4
+6 +17 1 1
+1 * 1 1
+2 * 1 1
+1 * 1 1

fn=(612)
0x50c0 505 2 0 2 1 0 0 1
+1 * 2
+3 * 2
+3 * 2
+4 * 2 0 2
+4 +1 2 2
+7 -1 2 0 2
+4 * 2 0 2
+4 +4 2 2
+7 * 2 0 0 0 0 0 0 0 0 2
+6 +5 2 2 0 0 1
+7 * 2
+7 * 2
+3 * 2 0 0 1 0 0 1 0 0 2
+6 * 2 0 2
+4 -1 2
+3 * 2
+3 * 2 0 2
+4 +1 2
+3 * 2
+2 * 2
+11 +1 2 2
+3 * 2
+3 * 2 0 0 0 0 0 0 0 0 2 1
+10 +1 14 14 0 0 1
+4 -1 14
+3 * 14 0 0 0 0 0 0 0 0 14 2
+2 +3 14
+3 * 14 0 0 0 0 0 0 0 0 14 2
+2 * 12 12 0 1 0 0 1
+4 * 12 0 0 0 0 0 0 0 0 12
+2 +3 12 12
+8 * 12
+3 * 12
+2 * 12 0 0 0 0 0 0 0 0 12 6
+63 -7 2 0 0 1 0 0 1
+4 * 2
+4 * 2 2
+8 * 2 0 0 0 0 0 0 0 0 2
+6 * 2 2
+4 * 2 2
+4 +34 2
+3 -2 2 0 2
+7 +2 2 2
+4 * 2 2
+4 * 2 2
+4 * 2 2
+1 * 2 2
+11 -24 12 12 0 1 0 0 1
+8 * 12 0 0 0 0 0 0 0 0 12 6
+14 +5 12 12 0 0 1
+7 * 12
+3 * 12 0 0 0 0 0 0 0 0 12 4
+2 +3 6
+4 -1 6
+3 * 6
+4 * 6 0 6
cfi=(182)
cfn=(610)
calls=6 0x4f00 105 
* * 696 119 46 0 70 5 0 0 4 213 23
+5 +2 12 0 0 1 0 0 1
+4 * 12

fl=(24)
fn=(66)
0x24b20 37 1 0 0 1 0 0 1
+4 * 1 0 1
+1 * 1
+3 * 1
+3 * 1
+4 +3 1 1
+7 +18 1
+3 * 1 0 0 0 0 0 0 0 0 1
+2 +4 1
+3 * 1 0 0 0 0 0 0 0 0 1 1
+39 +16 1 1 0 1 0 0 1
+1 * 1
+3 * 1 1

fl=(184) /usr/src/debug/glibc/glibc/elf/dl-lookup-direct.c
fn=(620) _dl_lookup_direct
0xc480 74 3 0 0 1 0 0 1
+4 * 3 0 3
+1 * 3
+3 * 3
+4 * 3 0 3
+4 +1 3 3
+7 -1 3 0 3
+4 * 3
+3 * 3 0 3
+4 * 3
+3 * 3 0 3
+4 +2 3
+3 * 3 0 0 0 0 0 0 0 0 3
+6 +2 3
+2 * 3 0 3
+4 * 3
+3 * 3
+2 * 3 3 0 1 0 0 1
+6 * 3 3
+7 * 3 3 0 0 3
+3 +1 3
+2 * 3 0 0 0 0 0 0 0 0 3
+2 +2 3 3
+7 * 3 0 3
+4 +5 3
+7 * 3 0 3
+4 * 3
+3 * 3
+5 * 3 0 3
+4 * 3
+2 * 3
+11 -2 3 3 0 1 3 0 1
+4 * 3
+3 * 3
+3 * 3
+2 * 3 0 0 0 0 0 0 0 0 3
-12 * 2 2
+4 * 2
+3 * 2
+3 * 2
+2 * 2 0 0 0 0 0 0 0 0 2 1
+2 +2 3 3
+4 +1 3 3
+3 * 3
+3 * 3
+3 * 3 3
+4 -1 3
+4 * 3
+4 +1 3 0 3
cfn=(622) check_match
calls=3 0xc380 -56 
* * 478 120 27 4 17 0 4 7 0 49 10 3 3
+5 * 3
+3 +3 3
+3 * 3 0 0 0 0 0 0 0 0 3 1
+2 +3 2
+4 * 2
+4 * 2 0 0 0 0 0 0 0 0 2 2
+36 +23 3 3 0 1 0 0 1
+4 * 3 3
+4 * 3
+3 * 3 3
+4 * 3 3
+4 * 3 3
+4 * 3 3
+1 * 3 3

fn=(622)
0xc380 31 3 0 3 1 0 0 1
+1 * 3
+3 * 3
+4 +1 3 3
+4 -1 3 0 3
+4 * 3
+3 * 3 0 3
+4 * 3
+3 +1 3 3
fi=(4)
+4 +47 3
fe=(184)
+2 -48 3 0 3
+4 * 3 0 3
+4 +1 3 3
+7 * 3 0 0 0 0 0 0 0 0 3 3
+8 +1 3
+3 * 3
+4 * 3 0 0 1 0 0 1
+4 +2 3 3 0 0 3 0 0 1
+4 * 3
+3 +1 3 3 0 0 1 0 0 1
+5 * 3 0 0 0 0 0 0 0 0 3
+6 +12 3
+5 * 3 3 3
+3 * 3 0 0 0 0 0 0 0 0 3
+2 +3 3 3
+4 * 3 0 3
+4 * 3
+3 * 3 3
+4 +2 3 3
+2 * 3
+4 * 3 0 3
cfi=(35)
cfn=(104)
calls=3 0x27000 +45 
* * 241 36 0 0 7 0 0 4 0 25 6 3 3
+5 * 3
+2 * 3 0 0 0 0 0 0 0 0 3
+2 +4 3 3 0 1 0 0 1
+7 * 3 3 0 0 3
+5 +1 3
+5 * 3
+4 * 3 3
+7 * 3 3 0 0 1
+5 * 3 0 0 0 0 0 0 0 0 3
+2 +1 3 3
+4 * 3
+3 * 3 0 3
cfi=(35)
cfn=(104)
calls=3 0x27000 +39 
* * 75 21 0 0 2 0 0 1 0 9 1
+5 -19 3 3
+4 * 3
+2 * 3
+5 * 3
+4 +24 3
+3 * 3 3 0 1 0 0 1
+4 * 3 3
+4 * 3 3
+4 * 3 3
+4 * 3 3
+1 * 3 3

fl=(35)
fn=(264) strncmp
0x28800 98 1 0 0 1 0 0 1
+4 +27 1
+3 +1 1 0 0 0 0 0 0 0 0 1
+6 +1 1
+4 +1 1 0 0 0 0 0 0 0 0 1
+6 +1 1
+3 +2 1
+2 +1 1
+2 +2 1
+4 +1 1
+4 +21 1
+3 +1 1 0 0 0 0 0 0 0 0 1
+2 +1 1
+3 +1 1 0 0 0 0 0 0 0 0 1 1
+82 +42 1 0 0 1 0 0 1
+4 +1 1
+4 +1 1
+5 +1 1
+3 +1 1
+3 +1 1
+3 +1 1
+2 +1 1 0 0 0 0 0 0 0 0 1
+2 +1 1 0 0 0 0 0 0 0 0 1
+2 +1 1
+3 +1 1
+1 +1 1
+3 +2 1
+4 +1 1
+3 +1 1
+7 +1 1 1 0 0 1 0 0 1
+4 +1 1
+4 +1 1 0 0 0 0 0 0 0 0 0 0 1 1
0x29e90 1970 1 0 0 1 0 0 1
+4 +1 1 1
+4 +1 1 1
+4 +1 1
+4 +1 1
+5 +2 1
+4 +1 1
+4 +1 1
+5 +1 1
+2 +1 1
+3 +1 1
+3 +1 1 0 0 0 0 0 0 0 0 1 1
0x2a015 2095 1 0 0 1 0 0 1
+4 +1 1
+4 +1 1
+3 +1 1 0 0 0 0 0 0 0 0 1 1
+2 +1 1
+3 * 1
+11 +5 1
+4 +3 1
+3 +1 1 0 0 0 0 0 0 0 0 1
+2 +2 1 1
+4 +1 1 1 0 1 0 0 1
+4 +8 1
+2 +1 1 1

fn=(104)
0x27000 98 3613 0 0 4 0 0 1
+4 +33 3613
+2 +1 3613
+2 +2 3613
+4 +1 3613
+4 +21 3613
+3 +1 3613 0 0 0 0 0 0 0 0 3613 869
+2 +1 2000
+3 +1 2000 0 0 0 0 0 0 0 0 2000 192
+2 +1 1819 1819 0 0 264 0 0 109
+4 +1 1819 1819 0 0 26 0 0 17
+4 +1 1819 1819
+5 +1 1819 1819
+5 +17 1819
+4 +1 1819
+4 +1 1819
+4 +1 1819
+4 +1 1819
+4 +1 1819 0 0 4 0 0 1
+6 +1 1819 0 0 0 0 0 0 0 0 1819 108
+6 +5 76
+4 +1 76
+4 * 76
+1 * 76
+11 +9 76
+4 +1 76
+4 +1 76
+5 +1 76
+3 +1 76
+3 +1 76
+3 +1 76
+2 +1 76 0 0 0 0 0 0 0 0 76 7
-24 -7 1794
+4 +1 1794
+4 +1 1794
+5 +1 1794
+3 +1 1794
+3 +1 1794
+3 +1 1794
+2 +1 1794 0 0 0 0 0 0 0 0 1794 32
+2 +1 544 0 0 0 0 0 0 0 0 544 175
+2 +1 352
+3 +1 352
+1 +1 352 0 0 2
+3 +2 352
+4 +1 352
+3 +1 352
+7 +1 352 352 0 0 11
+4 +1 352
+4 +1 352 0 0 0 0 0 0 0 0 0 0 352 257
-22 -5 192 0 0 2 0 0 1
+4 +1 192
+3 +1 192
+7 +1 192 192 0 0 8 0 0 2
+4 +1 192
+4 +1 192 0 0 0 0 0 0 0 0 0 0 192 151
+7 +10 1326 1326 0 0 13 0 0 1
+4 +1 1326
+4 +1 1326
+4 +2 1326 1326 0 0 11 0 0 5
+4 +6 1326
+4 +1 1326
+5 +1 1326
+2 +1 1326
+3 +1 1326 0 0 2 0 0 1
+3 +5 1326 0 0 0 0 0 0 0 0 1326 82
+6 +2 124
+7 +1 124
+7 +1 124
+4 * 124
+7 +8 124 124 0 0 6
+5 +1 124 124 0 0 8
+5 +3 124
+4 +1 124
+4 +1 124
+4 +1 124
+4 +1 124
+6 +1 124 0 0 2 0 0 1 0 0 124 7
-32 -9 2 2
+5 +1 2 2 0 0 1 0 0 1
+5 +3 2
+4 +1 2
+4 +1 2
+4 +1 2
+4 +1 2
+6 +1 2 0 0 0 0 0 0 0 0 2 1
+6 +6 4
+4 +1 4 4
+5 +1 4 4 0 0 2 0 0 2
+5 +3 4
+4 +1 4
+4 +1 4
+4 +1 4
+4 +1 4
+6 +1 4 0 0 0 0 0 0 0 0 4 2
+6 +5 2
+4 +1 2
+12 +9 2 0 0 1 0 0 1
+4 +1 2 2
+4 +1 2 2 0 0 1 0 0 1
+4 +1 2
+4 +1 2
+5 +2 2
+4 +1 2
+4 +1 2
+5 +1 2
+2 +1 2
+3 +1 2
+3 +1 2 0 0 0 0 0 0 0 0 2 1
+6 +1 2 2
+4 +3 2
+4 +1 2
+7 +1 2 0 0 1 0 0 1
+6 +6 2
+4 +1 2
+7 +1 2
+7 * 2
+9 +4 2
+4 +1 2 0 0 0 0 0 0 0 0 2
+6 +3 2 2 0 0 1
+5 +1 2 2
+5 +1 2
+4 +2 2
+5 +1 2 0 0 1 0 0 1
+5 +1 2
+4 +4 2
+4 +1 2
+4 +1 2
+4 +1 2
+4 +1 2
+6 +1 2 0 0 0 0 0 0 0 0 2
0x27280 +75 4 0 0 2 0 0 1
+4 +1 4 4
+4 +1 4 4 0 0 2 0 0 1
+4 +1 4
+4 +1 4
+5 +2 4
+4 +1 4
+4 +1 4
+5 +1 4
+2 +1 4
+3 +1 4
+3 +1 4 0 0 0 0 0 0 0 0 4
+6 +1 4 4
+4 +3 4
+4 +1 4
+7 +1 4 0 0 2 0 0 1
+6 +6 4
+4 +1 4
+7 +1 4
+7 * 4
+9 +4 4
+4 +1 4 0 0 0 0 0 0 0 0 4
-4 -1 2
+4 +1 2 0 0 0 0 0 0 0 0 2
+6 +3 6 6
+5 +1 6 6 0 0 2 0 0 1
+5 +1 6
+4 +2 6
+5 +1 6 0 0 2 0 0 1
+5 +1 6
+4 +4 6
+4 +1 6
+4 +1 6
+4 +1 6
+4 +1 6
+6 +1 6 0 0 0 0 0 0 0 0 6 3
+6 +7 2
+4 +1 2
+4 +2 2
+4 +1 2 0 0 0 0 0 0 0 0 2
+2 +2 2 2 0 0 1
+5 +1 2 2
+5 +1 2
+4 +2 2 0 0 1 0 0 1
+5 +1 2
+5 +1 2
+4 +4 2
+4 +1 2
+4 +1 2
+4 +1 2
+4 +1 2
+6 +1 2 0 0 0 0 0 0 0 0 2 1
+6 +7 2
+4 +1 2
+4 +1 2
+80 +32 8 0 0 1 0 0 1
+4 +1 8 8 0 0 3 0 0 1
+4 +1 8 8 0 0 3 0 0 2
+4 +1 8
+4 +1 8
+5 +2 8
+4 +1 8
+4 +1 8
+5 +1 8
+2 +1 8
+3 +1 8
+3 +1 8 0 0 0 0 0 0 0 0 8 3
+6 +1 8 8
+4 +4 8
+4 +1 8
+7 +1 8 0 0 1 0 0 1
+6 +6 8
+4 +1 8
+7 +1 8
+7 * 8
+9 +4 8
+4 +1 8 0 0 0 0 0 0 0 0 8 1
+6 +3 8 8 0 0 2 0 0 1
+5 +1 8 8 0 0 2 0 0 2
+5 +1 8
+4 +2 8
+5 +1 8 0 0 1 0 0 1
+5 +1 8
+4 +4 8
+4 +1 8
+4 +1 8
+4 +1 8
+4 +1 8
+6 +1 8 0 0 0 0 0 0 0 0 8 2
0x274c0 +41 1 0 0 1 0 0 1
+4 +1 1
+4 +1 1
+6 +1 1 0 0 0 0 0 0 0 0 1
+2 +7 1
+4 +1 1
+7 +1 1
+37 +16 10 0 0 1 0 0 1
+4 +1 10 10 0 0 4
+4 +1 10 10 0 0 1
+4 +1 10
+4 +1 10
+5 +2 10
+4 +1 10
+4 +1 10
+5 +1 10
+2 +1 10
+3 +1 10
+3 +1 10 0 0 0 0 0 0 0 0 10
+6 +1 10 10
+4 +4 10
+4 +1 10
+7 +1 10 0 0 1 0 0 1
+6 +6 10
+4 +1 10
+7 +1 10
+7 * 10
+9 +4 10
+4 +1 10 0 0 0 0 0 0 0 0 10
+6 +3 10 10 0 0 3
+5 +1 10 10
+5 +1 10
+4 +2 10
+5 +1 10 0 0 1 0 0 1
+5 +1 10
+4 +4 10
+4 +1 10
+4 +1 10
+4 +1 10
+4 +1 10
+6 +1 10 0 0 0 0 0 0 0 0 10
0x27640 +69 17 0 0 3 0 0 1
+4 +1 17 17 0 0 6 0 0 3
+4 +1 17 17 0 0 4 0 0 3
+4 +1 17
+4 +1 17
+5 +2 17
+4 +1 17
+4 +1 17
+5 +1 17
+2 +1 17
+3 +1 17
+3 +1 17 0 0 0 0 0 0 0 0 17 8
+6 +1 14 14
+4 +4 14
+4 +1 14
+7 +1 14 0 0 1 0 0 1
+6 +6 14
+4 +1 14
+7 +1 14
+7 * 14
+9 +4 14
+4 +1 14 0 0 0 0 0 0 0 0 14
-4 -1 4
+4 +1 4 0 0 0 0 0 0 0 0 4
+6 +3 18 18 0 0 4 0 0 4
+5 +1 18 18 0 0 3 0 0 2
+5 +1 18
+4 +2 18
+5 +1 18 0 0 1 0 0 1
+5 +1 18
+4 +4 18
+4 +1 18
+4 +1 18
+4 +1 18
+4 +1 18
+6 +1 18 0 0 0 0 0 0 0 0 18 10
+6 +7 6
+4 +1 6
+4 +2 6
+4 +1 6 0 0 0 0 0 0 0 0 6
+2 +2 6 6
+5 +1 6 6 0 0 1 0 0 1
+5 +1 6
+4 +2 6 0 0 1 0 0 1
+5 +1 6
+5 +1 6
+4 +4 6
+4 +1 6
+4 +1 6
+4 +1 6
+4 +1 6
+6 +1 6 0 0 0 0 0 0 0 0 6 4
+6 +7 4
+4 +1 4
+4 +1 4
+80 +32 23 0 0 3 0 0 1
+4 +1 23 23 0 0 3 0 0 3
+4 +1 23 23 0 0 2 0 0 1
+4 +1 23
+4 +1 23
+5 +2 23
+4 +1 23
+4 +1 23
+5 +1 23
+2 +1 23
+3 +1 23
+3 +1 23 0 0 0 0 0 0 0 0 23 2
+6 +1 18 18
+4 +4 18
+4 +1 18
+7 +1 18 0 0 3 0 0 1
+6 +6 18
+4 +1 18
+7 +1 18
+7 * 18
+9 +4 18
+4 +1 18 0 0 0 0 0 0 0 0 18
-4 -1 2
+4 +1 2 0 0 0 0 0 0 0 0 2
+6 +3 20 20 0 0 3
+5 +1 20 20 0 0 6 0 0 3
+5 +1 20
+4 +2 20
+5 +1 20 0 0 3 0 0 1
+5 +1 20
+4 +4 20
+4 +1 20
+4 +1 20
+4 +1 20
+4 +1 20
+6 +1 20 0 0 0 0 0 0 0 0 20 3
+6 +7 4
+4 +1 4
+4 +2 4
+4 +1 4 0 0 0 0 0 0 0 0 4
+2 +2 4 4
+5 +1 4 4
+5 +1 4
+4 +2 4 0 0 2 0 0 1
+5 +1 4
+5 +1 4
+4 +4 4
+4 +1 4
+4 +1 4
+4 +1 4
+4 +1 4
+6 +1 4 0 0 0 0 0 0 0 0 4 3
+6 +7 2
+4 +1 2
+4 +1 2
+80 +32 18 0 0 4 0 0 1
+4 +1 18 18 0 0 5 0 0 1
+4 +1 18 18 0 0 6 0 0 3
+4 +1 18
+4 +1 18
+5 +2 18
+4 +1 18
+4 +1 18
+5 +1 18
+2 +1 18
+3 +1 18
+3 +1 18 0 0 0 0 0 0 0 0 18 10
+6 +1 16 16
+4 +4 16
+4 +1 16
+7 +1 16 0 0 3 0 0 1
+6 +6 16
+4 +1 16
+7 +1 16
+7 * 16
+9 +4 16
+4 +1 16 0 0 0 0 0 0 0 0 16
-4 -1 3
+4 +1 3 0 0 0 0 0 0 0 0 3
+6 +3 19 19 0 0 3 0 0 2
+5 +1 19 19 0 0 6 0 0 5
+5 +1 19
+4 +2 19
+5 +1 19 0 0 3 0 0 1
+5 +1 19
+4 +4 19
+4 +1 19
+4 +1 19
+4 +1 19
+4 +1 19
+6 +1 19 0 0 0 0 0 0 0 0 19 7
+6 +7 4
+4 +1 4
+4 +2 4
+4 +1 4 0 0 0 0 0 0 0 0 4
+2 +2 4 4
+5 +1 4 4 0 0 1
+5 +1 4
+4 +2 4 0 0 1 0 0 1
+5 +1 4
+5 +1 4
+4 +4 4
+4 +1 4
+4 +1 4
+4 +1 4
+4 +1 4
+6 +1 4 0 0 0 0 0 0 0 0 4 3
+6 +7 3
+4 +1 3
+4 +1 3
+80 +32 28 0 0 2 0 0 1
+4 +1 28 28 0 0 6 0 0 4
+4 +1 28 28 0 0 6 0 0 4
+4 +1 28
+4 +1 28
+5 +2 28
+4 +1 28
+4 +1 28
+5 +1 28
+2 +1 28
+3 +1 28
+3 +1 28 0 0 0 0 0 0 0 0 28 11
+6 +1 14 14
+4 +4 14
+4 +1 14
+7 +1 14 0 0 2 0 0 1
+6 +6 14
+4 +1 14
+7 +1 14
+7 * 14
+9 +4 14
+4 +1 14 0 0 0 0 0 0 0 0 14
-4 -1 4
+4 +1 4 0 0 0 0 0 0 0 0 4
+6 +3 18 18 0 0 4 0 0 3
+5 +1 18 18 0 0 6 0 0 5
+5 +1 18
+4 +2 18
+5 +1 18 0 0 2 0 0 1
+5 +1 18
+4 +4 18
+4 +1 18
+4 +1 18
+4 +1 18
+4 +1 18
+6 +1 18 0 0 0 0 0 0 0 0 18 10
+6 +7 9
+4 +1 9
+4 +2 9
+4 +1 9 0 0 0 0 0 0 0 0 9
+2 +2 9 9
+5 +1 9 9 0 0 1
+5 +1 9
+4 +2 9 0 0 2 0 0 1
+5 +1 9
+5 +1 9
+4 +4 9
+4 +1 9
+4 +1 9
+4 +1 9
+4 +1 9
+6 +1 9 0 0 0 0 0 0 0 0 9 7
+6 +7 4
+4 +1 4
+4 +1 4
+80 +32 38 0 0 2 0 0 1
+4 +1 38 38 0 0 5 0 0 3
+4 +1 38 38 0 0 7 0 0 2
+4 +1 38
+4 +1 38
+5 +2 38
+4 +1 38
+4 +1 38
+5 +1 38
+2 +1 38
+3 +1 38
+3 +1 38 0 0 0 0 0 0 0 0 38 21
+6 +1 23 23
+4 +4 23
+4 +1 23
+7 +1 23 0 0 2 0 0 1
+6 +6 23
+4 +1 23
+7 +1 23
+7 * 23
+9 +4 23
+4 +1 23 0 0 0 0 0 0 0 0 23
-4 -1 1
+4 +1 1 0 0 0 0 0 0 0 0 1
+6 +3 24 24 0 0 3 0 0 2
+5 +1 24 24 0 0 6 0 0 4
+5 +1 24
+4 +2 24
+5 +1 24 0 0 3 0 0 1
+5 +1 24
+4 +4 24
+4 +1 24
+4 +1 24
+4 +1 24
+4 +1 24
+6 +1 24 0 0 0 0 0 0 0 0 24 5
+6 +7 7
+4 +1 7
+4 +2 7
+4 +1 7 0 0 0 0 0 0 0 0 7
+2 +2 7 7
+5 +1 7 7
+5 +1 7
+4 +2 7 0 0 2 0 0 1
+5 +1 7
+5 +1 7
+4 +4 7
+4 +1 7
+4 +1 7
+4 +1 7
+4 +1 7
+6 +1 7 0 0 0 0 0 0 0 0 7 3
+6 +7 1
+4 +1 1
+4 +1 1
+80 +32 42 0 0 2 0 0 1
+4 +1 42 42 0 0 5 0 0 5
+4 +1 42 42 0 0 7 0 0 3
+4 +1 42
+4 +1 42
+5 +2 42
+4 +1 42
+4 +1 42
+5 +1 42
+2 +1 42
+3 +1 42
+3 +1 42 0 0 0 0 0 0 0 0 42 13
+6 +1 18 18
+4 +4 18
+4 +1 18
+7 +1 18 0 0 2 0 0 1
+6 +6 18
+4 +1 18
+7 +1 18
+7 * 18
+9 +4 18
+4 +1 18 0 0 0 0 0 0 0 0 18
-4 -1 5
+4 +1 5 0 0 0 0 0 0 0 0 5 1
+6 +3 23 23 0 0 3 0 0 2
+5 +1 23 23 0 0 6 0 0 3
+5 +1 23
+4 +2 23
+5 +1 23 0 0 2 0 0 1
+5 +1 23
+4 +4 23
+4 +1 23
+4 +1 23
+4 +1 23
+4 +1 23
+6 +1 23 0 0 0 0 0 0 0 0 23 6
+6 +7 11
+4 +1 11
+4 +2 11
+4 +1 11 0 0 0 0 0 0 0 0 11
+2 +2 11 11
+5 +1 11 11 0 0 3 0 0 3
+5 +1 11
+4 +2 11 0 0 2 0 0 1
+5 +1 11
+5 +1 11
+4 +4 11
+4 +1 11
+4 +1 11
+4 +1 11
+4 +1 11
+6 +1 11 0 0 0 0 0 0 0 0 11 7
+6 +7 5
+4 +1 5
+4 +1 5
+16 +4 1 0 0 1 0 0 1
+4 +1 1
+4 +1 1
+6 +1 1 0 0 0 0 0 0 0 0 1
+2 +7 1
+4 +1 1
+7 +1 1
+37 +16 10 0 0 1 0 0 1
+4 +1 10 10 0 0 2 0 0 2
+4 +1 10 10 0 0 4 0 0 3
+4 +1 10
+4 +1 10
+5 +2 10
+4 +1 10
+4 +1 10
+5 +1 10
+2 +1 10
+3 +1 10
+3 +1 10 0 0 0 0 0 0 0 0 10 6
+6 +1 6 6
+4 +4 6
+4 +1 6
+7 +1 6 0 0 1 0 0 1
+6 +6 6
+4 +1 6
+7 +1 6
+7 * 6
+9 +4 6
+4 +1 6 0 0 0 0 0 0 0 0 6
+6 +3 6 6 0 0 3 0 0 3
+5 +1 6 6 0 0 2
+5 +1 6
+4 +2 6
+5 +1 6 0 0 1 0 0 1
+5 +1 6
+4 +4 6
+4 +1 6
+4 +1 6
+4 +1 6
+4 +1 6
+6 +1 6 0 0 0 0 0 0 0 0 6 2
0x27f00 +69 56 0 0 2 0 0 1
+4 +1 56 56 0 0 6 0 0 2
+4 +1 56 56 0 0 7 0 0 2
+4 +1 56
+4 +1 56
+5 +2 56
+4 +1 56
+4 +1 56
+5 +1 56
+2 +1 56
+3 +1 56
+3 +1 56 0 0 0 0 0 0 0 0 56 10
+6 +1 43 43
+4 +4 43
+4 +1 43
+7 +1 43 0 0 2 0 0 1
+6 +6 43
+4 +1 43
+7 +1 43
+7 * 43
+9 +4 43
+4 +1 43 0 0 0 0 0 0 0 0 43
-4 -1 2
+4 +1 2 0 0 0 0 0 0 0 0 2
+6 +3 45 45 0 0 6 0 0 2
+5 +1 45 45 0 0 3 0 0 2
+5 +1 45
+4 +2 45
+5 +1 45 0 0 2 0 0 1
+5 +1 45
+4 +4 45
+4 +1 45
+4 +1 45
+4 +1 45
+4 +1 45
+6 +1 45 0 0 0 0 0 0 0 0 45 10
+6 +7 4
+4 +1 4
+4 +2 4
+4 +1 4 0 0 0 0 0 0 0 0 4
+2 +2 4 4 0 0 2 0 0 2
+5 +1 4 4
+5 +1 4
+4 +2 4 0 0 1 0 0 1
+5 +1 4
+5 +1 4
+4 +4 4
+4 +1 4
+4 +1 4
+4 +1 4
+4 +1 4
+6 +1 4 0 0 0 0 0 0 0 0 4 4
+6 +7 2
+4 +1 2
+4 +1 2
+80 +32 157 0 0 3 0 0 1
+4 +1 157 157 0 0 6 0 0 4
+4 +1 157 157 0 0 8 0 0 2
+4 +1 157
+4 +1 157
+5 +2 157
+4 +1 157
+4 +1 157
+5 +1 157
+2 +1 157
+3 +1 157
+3 +1 157 0 0 0 0 0 0 0 0 157 143
+6 +1 142 142
+4 +4 142
+4 +1 142
+7 +1 142 0 0 4 0 0 1
+6 +6 142
+4 +1 142
+7 +1 142
+7 * 142
+9 +4 142
+4 +1 142 0 0 0 0 0 0 0 0 142
-4 -1 4
+4 +1 4 0 0 0 0 0 0 0 0 4
+6 +3 146 146 0 0 6 0 0 1
+5 +1 146 146 0 0 6 0 0 3
+5 +1 146
+4 +2 146
+5 +1 146 0 0 4 0 0 1
+5 +1 146
+4 +4 146
+4 +1 146
+4 +1 146
+4 +1 146
+4 +1 146
+6 +1 146 0 0 0 0 0 0 0 0 146 9
+6 +7 9
+4 +1 9
+4 +2 9
+4 +1 9 0 0 0 0 0 0 0 0 9
+2 +2 9 9 0 0 1 0 0 1
+5 +1 9 9 0 0 2 0 0 2
+5 +1 9
+4 +2 9 0 0 2 0 0 1
+5 +1 9
+5 +1 9
+4 +4 9
+4 +1 9
+4 +1 9
+4 +1 9
+4 +1 9
+6 +1 9 0 0 0 0 0 0 0 0 9 5
+6 +7 4
+4 +1 4
+4 +1 4
+80 +32 61 0 0 2 0 0 1
+4 +1 61 61 0 0 12 0 0 4
+4 +1 61 61 0 0 8 0 0 4
+4 +1 61
+4 +1 61
+5 +2 61
+4 +1 61
+4 +1 61
+5 +1 61
+2 +1 61
+3 +1 61
+3 +1 61 0 0 0 0 0 0 0 0 61 17
+6 +1 26 26
+4 +4 26
+4 +1 26
+7 +1 26 0 0 3 0 0 1
+6 +6 26
+4 +1 26
+7 +1 26
+7 * 26
+9 +4 26
+4 +1 26 0 0 0 0 0 0 0 0 26
-4 -1 5
+4 +1 5 0 0 0 0 0 0 0 0 5
+6 +3 31 31 0 0 11 0 0 6
+5 +1 31 31 0 0 3 0 0 3
+5 +1 31
+4 +2 31
+5 +1 31 0 0 2 0 0 1
+5 +1 31
+4 +4 31
+4 +1 31
+4 +1 31
+4 +1 31
+4 +1 31
+6 +1 31 0 0 0 0 0 0 0 0 31 9
+6 +7 11
+4 +1 11
+4 +2 11
+4 +1 11 0 0 0 0 0 0 0 0 11
+2 +2 11 11 0 0 1 0 0 1
+5 +1 11 11 0 0 1 0 0 1
+5 +1 11
+4 +2 11 0 0 2 0 0 1
+5 +1 11
+5 +1 11
+4 +4 11
+4 +1 11
+4 +1 11
+4 +1 11
+4 +1 11
+6 +1 11 0 0 0 0 0 0 0 0 11 5
+6 +7 5
+4 +1 5
+4 +1 5
+80 +32 70 0 0 3 0 0 1
+4 +1 70 70 0 0 12 0 0 4
+4 +1 70 70 0 0 11 0 0 4
+4 +1 70
+4 +1 70
+5 +2 70
+4 +1 70
+4 +1 70
+5 +1 70
+2 +1 70
+3 +1 70
+3 +1 70 0 0 0 0 0 0 0 0 70 19
+6 +2 24 24
+4 +4 24
+4 +1 24
+7 +1 24 0 0 2 0 0 1
+6 +6 24
+4 +1 24
+7 +2 24
+7 * 24
+9 +4 24
+4 +1 24 0 0 0 0 0 0 0 0 24
-4 -1 5
+4 +1 5 0 0 0 0 0 0 0 0 5
+6 +3 29 29 0 0 6 0 0 4
+5 +1 29 29 0 0 6 0 0 4
+5 +1 29
+4 +2 29
+5 +1 29 0 0 2 0 0 1
+5 +1 29
+4 +4 29
+4 +1 29
+4 +1 29
+4 +1 29
+4 +1 29
+6 +1 29 0 0 0 0 0 0 0 0 29 10
+6 +7 9
+4 +1 9
+4 +2 9
+4 +1 9 0 0 0 0 0 0 0 0 9
+2 +2 9 9
+5 +1 9 9 0 0 2 0 0 2
+5 +1 9
+4 +2 9 0 0 1 0 0 1
+5 +1 9
+5 +1 9
+4 +4 9
+4 +1 9
+4 +1 9
+4 +1 9
+4 +1 9
+6 +1 9 0 0 0 0 0 0 0 0 9 4
+2 +7 5
+4 +1 5
+4 +1 5
+84 +34 492
+5 +2 492
+4 +1 492
+4 +1 492
+3 +1 492 0 0 0 0 0 0 0 0 492 46
-11 -3 1378 0 0 1
+4 +1 1378
+4 +1 1378
+3 +1 1378 0 0 0 0 0 0 0 0 1378 36
+2 +1 352
+3 * 352
+11 +5 352
+4 +6 352 352
+4 +1 352 352
+4 +8 352
+2 +1 352 352
-14 -16 3261 0 0 3 0 0 1
+4 +6 3261 3261
+4 +1 3261 3261
+4 +8 3261
+2 +1 3261 3261

fl=(49) /usr/src/debug/glibc/glibc/elf/dl-debug_state.c
fn=(154) _dl_debug_state
0x37b0 28 2 0 0 2 0 0 1
+4 +1 2 2

fl=(141)
fn=(660) munmap
0x25660 117 1
+4 * 1
+5 * 1
+2 * 1
+6 * 1 0 0 0 0 0 0 0 0 1
+2 +5 1 1

fn=(470)
0x25630 117 7 0 0 1
+4 * 7
+5 * 7
+2 * 7 0 0 1 0 0 1
+6 * 7 0 0 0 0 0 0 0 0 7 2
+2 +5 7 7

fl=(283)
fn=(1030)
0x11fc0 46 31 0 0 3 0 0 1
+4 * 31 0 31
+1 +2 31
+2 -2 31
+3 * 31 0 31
+2 * 31 0 31
+2 * 31 0 31
+2 * 31 0 31
+2 +9 31
+3 -9 31 0 31
+1 * 31
fi=(386) /usr/src/debug/glibc/glibc/elf/../sysdeps/x86_64/dl-runtime.h
+3 -18 31
fe=(283)
+4 +18 31
+4 +2 31 31 0 0 4
+4 * 31 31 0 0 3
+3 * 31 31 0 0 3
+7 * 31 31 0 0 4
+4 * 31
+4 * 31
+4 * 31
+4 +1 31 31 0 3 0 0 1
+4 * 31 31 0 0 4
+4 +5 31 31 0 0 3
+7 +1 31 31 0 0 4
+4 * 31
+4 * 31
+3 +1 31 31 0 0 21
+4 +2 31 31 0 0 6
+4 -2 31
+3 * 31
+4 * 31
+4 * 31
+3 * 31
+4 * 31 0 31 0 0 6 0 0 1
+4 +7 31
+4 * 31 0 0 3 0 0 1 0 0 31 1
+6 +4 31 31 0 0 24 0 0 17
+4 * 31 0 0 0 0 0 0 0 0 31 1
+6 +4 31 31 0 0 3
+7 -22 31
+3 +20 31
+3 +2 31
+3 * 31 0 0 0 0 0 0 0 0 31 4
+2 +4 31
+3 * 31 31 0 0 4
+4 * 31 31 0 0 9
+3 +1 31
+6 * 31
+4 * 31 31
+7 * 31
+4 -7 31
+2 * 31 31 0 3 7 0 1
+4 * 31
+2 * 31
+4 +16 31 31 0 0 1
+8 -1 31
+5 +1 31
+2 * 31 0 0 0 0 0 0 0 0 31 21
+19 +10 31 31
+2 * 31 31 0 0 3
+7 * 31 0 31
+2 * 31
+6 * 31 0 31
+1 * 31
+4 * 31 0 0 3 0 0 1
+3 * 31
+3 * 31 0 31
cfi=(80)
cfn=(302)
calls=31 0xb780 767 
* * 23938 5877 2110 134 400 86 2 55 9 3403 256 51 46
+5 +4 31 31
+2 * 31 31
+2 * 31 31
+9 -4 31
+3 +4 31
+3 * 31 0 0 0 0 0 0 0 0 31 1
+6 +10 31 31
+4 * 31
+3 * 31 0 0 0 0 0 0 0 0 31
+6 * 31 31
+5 * 31 0 0 0 0 0 0 0 0 31 3
+6 * 31
+3 * 31 0 0 3 0 0 1 0 0 31
+6 * 31 31 0 0 1
+3 * 31 31
+4 * 31 0 31
+4 +15 31 31
+4 * 31
+3 * 31
+2 * 31 0 0 0 0 0 0 0 0 31 6
+6 +9 31 31 0 0 4
+7 * 31
+3 * 31 0 0 0 0 0 0 0 0 31 6
+30 +26 31 31 0 3 1 0 1
+6 * 31
+2 * 31 0 0 0 0 0 0 0 0 31
fi=(6)
+2 +64 31 0 31
fe=(283)
+4 -60 31
+4 * 31 31
+1 * 31 31
+2 * 31 31
+2 * 31 31
+2 * 31 31
+2 * 31 31
+1 * 31 31
0x121c8 -1 31 31 0 3 0 0 1
+4 * 31
0x12250 -39 5 0 5 2 0 0 1
fi=(387) /usr/src/debug/glibc/glibc/elf/../sysdeps/x86_64/dl-irel.h
+4 -91 5 0 5 0 0 0 0 0 0 0 0 5 5
cob=(2)
cfi=(118)
cfn=(402)
calls=1 0xae240 +33 
* * 21 4 0 2 0 0 0 0 0 5 1
cob=(2)
cfi=(131)
cfn=(438)
calls=1 0xac680 -3 
* * 24 5 0 2 2 0 0 0 0 5 1
cob=(2)
cfi=(103)
cfn=(358)
calls=1 0xac770 -3 
* * 22 4 0 4 0 0 0 0 0 6 3
cob=(2)
cfi=(135)
cfn=(450)
calls=1 0xaff50 -3 
* * 24 5 0 2 1 0 0 0 0 5 1
cob=(2)
cfi=(114)
cfn=(390)
calls=1 0xad310 -3 
* * 23 4 0 4 1 0 0 0 0 7 1
fe=(283)
+2 +93 5 5
+4 * 5 0 5
+4 * 5

fl=(43)
fn=(128)
0x1cba0 25 15
+4 * 15
+3 +1 15 15
+3 * 15
+3 * 15 0 0 0 0 0 0 0 0 15 3
+2 +4 12 12
+4 * 12 0 12
+3 +4 12 12 0 0 1 0 0 1
+3 * 12
+2 * 12 0 0 0 0 0 0 0 0 12 6
+2 * 6
+3 +1 6
+4 * 6 0 6
+3 -1 6 6
+3 * 6
+2 * 6 0 0 0 0 0 0 0 0 6
+2 +2 12 0 0 1 0 0 1
+2 * 12 0 0 0 0 0 0 0 0 12 3
+2 -11 9 0 9
+1 +16 9
+5 -16 9
+3 * 9 0 9
+1 * 9
+3 * 9
+4 +16 9 0 9
+4 * 9 0 9
cfi=(44)
cfn=(130)
calls=9 0x26dd0 -9 
* * 216 27 0 2 1 0 2 1 0 18
+5 +1 9 9
+4 * 9
+3 * 9 0 0 0 0 0 0 0 0 9 3
+2 +3 6
+3 * 6 0 6
+4 +2 6 6
+4 -1 6
+5 +1 6 6
+1 * 6 6
+10 -20 6 0 0 1 0 0 1
+2 +20 6 6
+6 -4 3 0 3
cfi=(23)
cfn=(64)
calls=3 0x28660 +14 
* * 51 6 0 0 0 0 0 0 0 6
+5 * 3 0 3
+4 +4 3 3
+4 -1 3
+5 +1 3 3
+1 * 3 3

fn=(132) _dl_hwcaps_contains
0x1cc30 66 6
+4 +1 6
+3 * 6 0 0 0 0 0 0 0 0 6 4
0x1ccdd +1 6
+5 +9 6 6

fn=(126)
0x1ccf0 51 11 0 0 1 0 0 1
+4 * 11 0 11
+1 * 11
+3 * 11 0 11
+1 * 11
+3 * 11
+4 +3 11 0 0 1 0 0 1
+3 * 11 0 11
cfn=(128)
calls=11 0x1cba0 -29 
* * 443 85 45 4 1 0 4 1 0 56 14
-3 * 3
+3 * 3 0 3
cfn=(128)
calls=3 0x1cba0 -29 
* * 177 33 21 0 1 0 0 1 0 21
+5 * 14
+2 * 14 0 0 0 0 0 0 0 0 14 5
+2 +2 9 9
+3 +1 9
+2 * 9
+2 * 9 0 9
+3 +1 9
+2 * 9 0 0 0 0 0 0 0 0 9 2
+2 * 6 6
+4 * 6 6
+3 * 6 6
+4 * 6 0 6
cfn=(132)
calls=6 0x1cc30 +8 
* * 30 6 0 0 0 0 0 0 0 6 4
+5 * 6
+2 * 6 0 0 0 0 0 0 0 0 6
+2 +4 11 11
+4 * 11 11
+1 * 11 11

fl=(32)
fn=(116)
0x7c40 680 1 0 0 1 0 0 1
+4 * 1 0 1
+1 * 1
+3 * 1 0 1
+2 * 1
+3 * 1
+3 * 1 0 1
+2 +14 1
+7 -14 1 0 1
+2 * 1
+3 * 1
+3 +14 1
+7 -14 1 0 1
+1 +14 1 0 1
cfi=(40)
cfn=(118)
calls=1 0x1c7a0 171 
* * 1320 278 228 29 2 5 29 2 5 154 43 2 2
fi=(29)
+5 56 1
fe=(32)
+5 694 1 0 1
fi=(29)
+7 56 1 1 1 0 0 0 0 0 0 0 0 1 1
cfi=(28)
cfn=(80)
calls=1 0xc690 -20 
* * 18 3 3 0 0 0 0 0 0 3 1
fe=(32)
+6 699 1 0 1 1 0 1 1 0 1
+7 +2 1
+3 * 1 0 0 0 0 0 0 0 0 1
+6 +12 1
+10 * 1
+3 -4 1 1
+7 +4 1
+8 * 1
+3 * 1
+4 * 1
+4 * 1
fi=(29)
+4 56 1 1 1 1 0 0 1 0 0 0 0 1 1
cfi=(28)
cfn=(80)
calls=1 0xc690 -20 
* * 18 3 3 0 0 0 0 0 0 3 1
fe=(32)
+6 713 1 0 1 0 0 1 0 0 1
+4 +2 1 1
+7 * 1 1
+3 * 1
+3 * 1 0 0 0 0 0 0 0 0 1
+6 +17 1
+7 +9 1 1
+7 -19 1 0 1
+7 -1 1 0 1
+10 +11 1
+5 +3 1 0 0 1 0 0 1
+7 -5 1 0 1
+4 +5 1 0 1
+4 +1 1 0 1
+8 -4 1 0 1
+4 +9 1
+3 * 1 0 0 0 0 0 0 0 0 1
+2 +1 1
+4 * 1
+4 * 1
+2 * 1 0 1
cfi=(10)
cfn=(20)
calls=1 0x26630 137 
* * 14 1 2 0 0 1 0 0 1 2 2
+6 +2 1 0 1
+7 +12 1 1
+7 +3 1 0 0 1 0 0 1
+7 -8 1 0 1
+8 -1 1 0 1
+11 +9 1
+3 * 1
+4 +2 1 1
+7 * 1
+3 * 1
+2 * 1 0 0 0 0 0 0 0 0 1
+6 +2 1 1
+7 * 1
+3 * 1 0 0 0 0 0 0 0 0 1 1
+75 +36 1 0 0 1 0 0 1
+3 * 1 0 0 0 0 0 0 0 0 1 1
+9 +31 1 0 1
+11 +1 1
+4 * 1 1
+1 * 1 1
+2 * 1 1
+2 * 1 1
+2 * 1 1
+1 * 1 1
+75 -49 1 1 0 1 0 0 1
+7 -2 1 0 1 1 0 0 1
+11 +2 1
+3 * 1 0 0 0 0 0 0 0 0 1 1
0x7f4e +14 1 0 1 1 0 0 1
+11 * 1

fn=(180) _dl_map_new_object
0x9c70 1933 5
+4 * 5 0 5
+1 * 5
+3 * 5 0 5
+2 * 5 0 5
+2 * 5
+3 * 5 0 5 1 0 0 1
+2 * 5
+3 * 5 0 5
+2 * 5
+3 * 5 0 5
+1 * 5
+3 * 5
+7 * 5 0 5 0 0 2 0 0 2
+6 * 5 0 5 0 0 1 0 0 1
+6 +10 5 5
+7 * 5 0 0 0 0 0 0 0 0 5 3
+11 +12 5 5
+6 -5 5 0 5
+7 -15 5 0 5 1 0 0 1
+11 +20 5
+2 * 5 0 0 0 0 0 0 0 0 5
+6 +14 5
+5 * 5
+3 * 5 0 5 0 0 2 0 0 2
cfi=(44)
cfn=(130)
calls=5 0x26dd0 32 
* * 120 15 0 0 0 0 0 0 0 10
+5 * 5
+3 * 5 0 0 0 0 0 0 0 0 5 2
+6 2121 1
+3 * 1 0 0 0 0 0 0 0 0 1
+6 -1 1
+3 * 1
+3 * 1 0 1
cfn=(182) expand_dynamic_string_token
calls=1 0x75a0 375 
* * 170 29 19 9 0 2 9 0 2 16 6 1 1
+5 +6 1
+3 -7 1 0 1 1 0 0 1
+7 +1 1
+3 +2 1
+3 * 1 0 0 0 0 0 0 0 0 1
+6 +4 1
+7 * 1
+2 * 1
+6 * 1
+3 * 1
+3 * 1
+7 * 1 0 1
+7 * 1 0 1
cfn=(188) open_verify.constprop.0
calls=1 0x6710 1511 
* * 106 22 14 9 1 2 9 1 2 18 2
+5 +3 1 1 0 1 0 0 1
+7 * 1
+3 -3 1
+2 +3 1 0 0 0 0 0 0 0 0 1
+6 +58 1 1
+7 -46 1
+2 * 1
+7 * 1
+4 +46 1 1
+6 * 1 0 1
+2 * 1
+3 * 1
+3 * 1 1 1
+6 * 1 1
+7 * 1
+3 * 1 0 0 1 0 0 1
+3 * 1 0 1
+2 * 1 0 1
+1 * 1 0 1
cfn=(194) _dl_map_object_from_fd
calls=1 0x81b0 948 
* * 1815 409 205 66 31 24 66 31 24 359 112 5 1
-49 -46 4
+2 * 4
+7 * 4
+4 +46 4 4
+6 * 4 0 4
+2 * 4
+3 * 4
+3 * 4 4 4
+6 * 4 4
+7 * 4
+3 * 4
+3 * 4 0 4
+2 * 4 0 4
+1 * 4 0 4
cfn=(194)
calls=4 0x81b0 948 
* * 8989 1781 1358 16 116 186 15 116 186 1775 330 20
+5 * 5
+4 +2 5
+4 * 5 5
+1 * 5 5
+2 * 5 5
+2 * 5 5
+2 * 5 5
+2 * 5 5
+1 * 5 5
0x9e68 1973 4 0 0 1 0 0 1
+3 * 4 0 4
cfi=(23)
cfn=(64)
calls=4 0x28660 57 
* * 68 8 0 0 0 0 0 0 0 8
+5 * 4
+4 * 4 0 4
+7 +2 4 4 0 1 0 0 1
+7 * 4 0 0 0 0 0 0 0 0 4
+6 +7 4
+3 * 4 0 0 0 0 0 0 0 0 4
+6 * 4 4
+8 * 4 0 0 0 0 0 0 0 0 4 2
0x9f58 +4 4 4 0 1 0 0 1
+7 +8 4 0 4
+7 * 4
+3 * 4
+3 * 4 0 4
+7 -8 4 0 4
+7 +5 4 0 0 1 0 0 1
+7 * 4 0 4
+7 +3 4
+3 * 4 0 4
+7 * 4
+6 -3 4 4
+8 * 4
+3 * 4 0 0 0 0 0 0 0 0 4 2
+6 +1 4
+3 * 4
+5 * 4
+8 * 4
+3 * 4 0 4 1 0 0 1
cfn=(228) cache_rpath
calls=4 0x7bd0 656 
* * 32 8 0 2 0 0 2 0 0 4 2
+5 * 4
+2 * 4 0 0 0 0 0 0 0 0 4 2
0xa03c -1 4 4 0 1 0 0 1
+7 * 4 4
+7 * 4 4
+7 +15 4
+3 * 4 0 0 0 0 0 0 0 0 4
+6 +1 4 4
+7 * 4
+3 * 4 0 0 0 0 0 0 0 0 4
+6 * 4 4
+7 * 4 0 4
+6 * 4
+3 * 4
+2 * 4 0 0 1 0 0 1 0 0 4
+6 * 4
+81 +32 4 0 0 1 0 0 1
+3 * 4 0 0 0 0 0 0 0 0 4
+6 * 4
+4 +1 4
+7 * 4
+5 * 4
+7 * 4
+3 * 4 0 4
cfn=(228)
calls=4 0x7bd0 656 
* * 32 8 0 0 0 0 0 0 0 4 2
+5 * 4
+2 * 4 0 0 1 0 0 1 0 0 4
+6 +8 4
+7 * 4 0 0 0 0 0 0 0 0 4
+6 +2 4 4
+6 * 4
+2 * 4 0 0 0 0 0 0 0 0 4
+6 +4 4
+3 * 4 0 4
cfi=(67)
cfn=(230) _dl_load_cache_lookup
calls=4 0x16160 386 
* * 6113 970 201 25 79 5 25 79 5 1426 116 4
+5 * 4
+3 +2 4
+3 * 4 0 0 0 0 0 0 0 0 4
+6 +4 4
+3 * 4 0 0 0 0 0 0 0 0 4
+6 +8 4 4 0 1 0 0 1
+7 * 4 0 0 0 0 0 0 0 0 4
+6 +23 4
+3 * 4
+7 * 4
+3 * 4
+5 * 4
+3 * 4
+7 * 4
+3 * 4 0 4
+7 * 4 0 4
cfn=(188)
calls=4 0x6710 1511 
* * 459 89 58 3 1 0 3 1 0 79 8
+5 * 4
+2 +4 4
+3 * 4 0 0 0 0 0 0 0 0 4
+6 +18 4 4 0 1 0 0 1
+7 -17 4 0 4
+7 +17 4 4
+7 * 4 0 0 0 0 0 0 0 0 4 2
0xa2ce 2008 4 4 0 1 0 0 1
+7 * 4 4
+7 * 4
+5 * 4
+7 * 4 0 4
+7 * 4 0 4
cfn=(228)
calls=4 0x7bd0 656 
* * 32 8 0 0 0 0 0 0 0 4 2
+5 * 4
+2 * 4 0 0 0 0 0 0 0 0 4
+6 +9 4 0 0 1 0 0 1
+7 * 4 0 0 0 0 0 0 0 0 4
+6 +15 4 4
+8 * 4 0 0 0 0 0 0 0 0 4 2

fn=(182)
0x75a0 375 1 0 1 1 0 0 1
+1 * 1
+3 * 1 0 1
+2 * 1
+3 +10 1
+3 -10 1 0 1
+1 * 1
+3 * 1
+4 +10 1 0 1 0 0 1 0 0 1
cfn=(184)
calls=1 0x7360 228 
* * 62 9 3 5 0 0 5 0 0 4 2
+5 +3 1
+3 * 1 0 0 0 0 0 0 0 0 1
+2 +12 1 0 0 1 0 0 1
+4 -11 1
+3 +11 1 1
+1 * 1 1
+2 * 1 1
+1 -11 1
cfi=(55) /usr/src/debug/glibc/glibc/string/strdup.c
cfn=(186) strdup
calls=1 0x28600 40 
* * 91 17 12 2 0 1 2 0 1 11 4 1 1

fn=(216) _dl_notify_new_object
0x6670 908 5 0 5 1 0 0 1
+1 * 5
+3 * 5 0 5
+2 * 5
+3 +2 5
+3 -2 5 0 5
+2 * 5 0 0 1 0 0 1
+3 * 5 0 5
+2 * 5
+3 * 5 0 5
+1 +2 5 0 5
cfi=(46)
cfn=(218)
calls=5 0x3600 94 
* * 35 10 0 1 0 0 1 0 0 10 5
+5 * 5
+3 +1 5 5
+3 * 5
+2 * 5 0 0 0 0 0 0 0 0 5 4
+25 +21 5 5
+5 * 5
+7 * 5 5
+4 * 5 5
+7 * 5 0 0 0 0 0 0 0 0 5 2
+12 -4 5 0 0 1 0 0 1
+3 * 5 0 0 0 0 0 0 0 0 5 3
+13 +7 5 5
+1 -2 5
+3 * 5
+3 +2 5 5
+2 * 5 5
+2 * 5 5
+2 * 5 5
+1 -2 5
cfi=(50)
cfn=(220)
calls=5 0x19ec0 77 
* * 25 10 0 1 0 0 1 0 0 5

fn=(228)
0x7bd0 656 12 12 0 1 0 0 1
+3 -1 12
+3 * 12
+3 +1 12
+4 * 12 0 0 0 0 0 0 0 0 12 6
+90 +1 12 0 0 1 0 0 1
+2 +16 12
+2 * 12 12

fn=(94)
0x7fb0 842 6 0 0 1 0 0 1
+4 +8 6 6
+5 * 6 0 0 0 0 0 0 0 0 6
+6 -6 6 6 0 1 0 0 1
+4 +12 6
+4 * 6 0 0 0 0 0 0 0 0 6
+6 -13 6 6
+3 +13 6
+5 -13 6 6
+4 * 6
+3 +13 6
+3 * 6
+69 +3 6 6 0 1 6 0 1 6
+2 * 6
+3 * 6 0 0 0 0 0 0 0 0 6
+2 +1 6 6 0 0 1 0 0 1
+4 * 6 0 0 0 0 0 0 0 0 6
+2 +1 6 6
+7 * 6 0 0 0 0 0 0 0 0 6
+2 +3 6 6
+3 * 6
+3 * 6 0 0 1 0 0 1 0 0 6
+6 +1 6
+2 * 6
+3 * 6 0 0 0 0 0 0 0 0 6 2
+6 +4 6
+4 +1 6
+4 * 6
fi=(33)
+7 97 3
+6 * 3 0 0 0 0 0 0 0 0 3
+6 258 3 3
+7 * 3
+3 * 3 0 0 0 0 0 0 0 0 3
fe=(32)
+6 888 3
+6 * 3 0 0 0 0 0 0 0 0 3 2
+6 +4 5
+4 * 5
+4 * 5
+4 +2 5
+3 * 5
+3 * 5
+4 * 5 0 0 0 0 0 0 0 0 5
+6 -20 11 0 0 1 0 0 1
+2 * 11 11 0 0 1 0 0 1
+2 +4 11
+2 * 11 0 0 0 0 0 0 0 0 11
+2 -3 11 11
+3 +6 11
+4 +1 11
+4 * 11
+3 * 11 0 0 0 0 0 0 0 0 11
fi=(33)
+2 95 11
+3 * 11 0 0 1 0 0 1
+7 * 11
+7 * 11 0 0 0 0 0 0 0 0 11 5
+2 +7 8
+3 * 8 0 0 0 0 0 0 0 0 8
+2 +16 8 8
+3 -3 8
+6 * 8 0 0 0 0 0 0 0 0 8 4
+6 252 3
+2 * 3 0 0 0 0 0 0 0 0 3
+2 +5 3 3
+7 -4 3 0 3
+6 +4 3
+3 * 3
+3 * 3 0 3
+6 +3 3 3 0 1 0 0 1
fe=(32)
+12 904 3 3
fi=(33)
+89 254 5 0 0 1 0 0 1
+2 * 5 0 0 0 0 0 0 0 0 5
+2 +1 5 0 5
+6 +2 5 5
+7 * 5
+3 * 5
+3 * 5 0 5
+6 +3 5
fe=(32)

fn=(194)
0x81b0 948 5 0 5 1 0 0 1
+1 * 5
+3 * 5 0 5
+2 * 5 0 5
+2 * 5
+3 * 5 0 5
+2 * 5 0 5
+2 * 5 0 0 1 0 0 1
+3 * 5 0 5
+1 * 5
+7 +15 5 5
+3 -15 5 0 5 0 0 1 0 0 1
+7 * 5 0 5 0 0 2 0 0 2
+7 +15 5
+5 -15 5 0 5
+6 * 5 0 5
+7 +15 5 0 5
+6 * 5 0 0 0 0 0 0 0 0 5 4
+93 +85 5 5 0 1 0 0 1
+3 * 5
+3 * 5 0 5
+6 * 5 0 0 0 0 0 0 0 0 5
+6 +10 5 5
+7 * 5 0 0 0 0 0 0 0 0 5
+6 +7 5 5
+4 * 5 5
+4 * 5
+3 * 5 5
+3 * 5 5 0 1 0 0 1
+7 * 5 5
+7 * 5 0 5
cfi=(27)
cfn=(74)
calls=5 0xcd40 59 
* * 1747 354 253 9 7 43 9 7 43 252 75 15 1
+5 * 5
+3 +1 5
+3 * 5 0 0 0 0 0 0 0 0 5
+6 +11 5 5
+4 +1 5 5
+5 -1 5 0 5 0 0 3 0 0 3
+7 +2 5 5
+5 +3 5 5
+4 -1 5
+4 -2 5 0 5
+7 +3 5 0 0 1 0 0 1
+4 * 5 5
+3 * 5 0 0 0 0 0 0 0 0 5 1
+6 +1 4
+5 * 4 0 4
+7 +19 4 4
+7 * 4
+3 -2 4 0 4
+7 +2 4
+4 * 4
+4 * 4
+3 * 4
+6 * 4
+3 * 4 0 0 1 0 0 1
+3 * 4 0 0 0 0 0 0 0 0 4 1
-40 * 1 1
+7 * 1
+3 -2 1 0 1
+7 +2 1
+4 * 1
+4 * 1
+3 * 1
+6 * 1
+3 * 1
+3 * 1 0 0 0 0 0 0 0 0 1 1
+22 * 5
+5 * 5
+3 * 5
+3 * 5 0 0 0 0 0 0 0 0 5
+2 * 5 0 5
+5 * 5
+5 * 5
+3 * 5
+4 * 5 0 5
+7 +10 5 5 0 1 0 0 1
+7 -10 5
+4 * 5 0 5
+7 +10 5
+3 * 5
+3 * 5 0 0 0 0 0 0 0 0 5
+6 +27 5 5
+7 -33 5
+2 -3 5
+2 +2 5 0 5
+7 -1 5 0 5
+7 +44 5
fi=(31)
+3 62 5 0 5
fe=(32)
+8 1139 5 0 0 1 0 0 1
+4 -41 5 0 5
+10 +50 5
fi=(31)
+3 62 5 0 5
+7 * 5 0 5
+7 * 5
fe=(32)
+11 1113 39
+3 * 39 0 0 0 0 0 0 0 0 39 5
+6 * 34
+3 * 34 0 0 0 0 0 0 0 0 34 1
+6 * 33
+3 * 33 0 0 1 0 0 1 0 0 33 14
+6 +26 20 20 0 0 3 0 0 3
+4 * 20 20
+4 * 20
+3 * 20
+3 * 20
+3 * 20 0 0 0 0 0 0 0 0 20
+6 +10 20 20 0 0 2 0 0 2
+4 * 20
+4 -1 20
+3 -1 20
+4 +1 20 20
+7 * 20
+3 +1 20
+3 +2 20 20 0 0 1 0 0 1
+4 -3 20 0 20 0 0 3 0 0 3
+3 +1 20 0 0 1 0 0 1
+5 +2 20 0 20 0 0 1 0 0 1
+4 +2 20 20 0 0 1 0 0 1
+4 -4 20
+3 +1 20 0 20
+4 +3 20
+3 -4 20 0 20
+4 +4 20
+3 * 20
+4 * 20
+4 * 20
+3 * 20
+4 +2 20
+3 * 20 0 20 0 0 2 0 0 2
+4 +13 20
+4 * 20 0 0 0 0 0 0 0 0 20 5
+2 * 15 15
+4 * 15
+3 * 15 0 15
fi=(31)
+6 62 15 15
+3 * 15
fe=(32)
+6 1173 15
fi=(31)
+4 62 15
+3 * 15
+3 * 15
+3 * 15
+3 * 15 15
+7 * 15
+3 * 15 0 15 0 0 1 0 0 1
fe=(32)
+5 1147 15
+3 * 15
+1 -35 15
+4 * 15
+3 * 15 0 0 0 0 0 0 0 0 15
fi=(31)
-51 62 5 5
+3 * 5
fe=(32)
+6 1173 5
fi=(31)
+4 62 5
+3 * 5
+3 * 5
+3 * 5
+3 * 5 5
+7 * 5
+3 * 5 0 5 0 0 1 0 0 1
fe=(32)
+5 1147 5
+3 * 5
+1 -35 5
+4 * 5
+3 * 5 0 0 0 0 0 0 0 0 5
-7 * 40
+4 * 40
+3 * 40 0 0 0 0 0 0 0 0 40
+2 +1 65 65 0 1 14 0 1 14
+2 * 65
+3 * 65 0 0 1 0 0 1 0 0 65 3
+6 * 62 0 0 0 0 0 0 0 0 62 17
+6 * 23
+6 * 23 0 0 0 0 0 0 0 0 23 5
+6 * 18
+6 * 18 0 0 0 0 0 0 0 0 18 9
+2 1214 5 5
+5 1112 5
+4 1214 5 5
+5 * 5 0 5 0 0 1 0 0 1
+7 1112 5
+3 * 5 0 0 0 0 0 0 0 0 5
+2 * 5
+8 -34 5 5 0 1 0 0 1
+7 * 5 5
+7 1229 5
+3 1078 5 5
+7 * 5 0 5
+6 * 5 5
+7 * 5
+4 1219 5
+3 * 5 0 0 0 0 0 0 0 0 5
+6 * 5
+3 * 5
+11 +11 5 0 0 1 0 0 1
+3 -1 5
+4 +1 5 0 5
+3 -1 5
+4 * 5
+3 * 5 0 0 0 0 0 0 0 0 5 2
-17 +1 15
+3 -1 15
+4 +1 15 0 15
+3 -1 15
+4 * 15
+3 * 15 0 0 0 0 0 0 0 0 15 4
+2 +7 5 5
+7 * 5 0 0 0 0 0 0 0 0 5
+6 +10 5 5
+5 * 5 0 0 0 0 0 0 0 0 5
+6 * 5 5
+7 * 5 0 0 0 0 0 0 0 0 5
+6 +7 5
+4 * 5 5 0 1 0 0 1
+7 * 5 5
+7 * 5 5
fi=(60) /usr/src/debug/glibc/glibc/elf/./dl-map-segments.h
+8 29 5 5
fe=(32)
+8 1253 5 5
+5 * 5
+3 * 5 0 5
fi=(60)
+7 29 5
+3 * 5 0 0 0 0 0 0 0 0 5
+6 +1 5 5
+7 * 5 5
+7 * 5 0 0 1 0 0 1
+5 * 5
+3 * 5 5
+7 * 5 5
+7 * 5 5
+8 * 5 0 5
cfi=(61)
cfn=(204)
calls=5 0x25580 +17 
* * 140 25 15 3 0 1 3 0 1 25 2
+5 +72 5 0 5
+7 -72 5
+3 +73 5
+4 * 5 0 0 0 0 0 0 0 0 5
+6 +3 5 5
+7 * 5 0 0 1 0 0 1
+3 +1 5
+3 -1 5 0 5
+7 +1 5 0 5
+3 +2 5 5
+7 * 5 0 0 0 0 0 0 0 0 5 2
+63 +17 5 0 5 1 0 0 1
+7 -44 5 5
fi=(62) /usr/src/debug/glibc/glibc/elf/./dl-load.h
+7 +9 5 5
+8 * 5 0 0 0 0 0 0 0 0 5 3
-8 * 15 15
+8 * 15 0 0 0 0 0 0 0 0 15
fi=(60)
+6 +59 20 20
+4 * 20 20
+4 * 20
+3 * 20 0 0 0 0 0 0 0 0 20 11
+2 +6 5 5
+3 +2 5 5 0 1 0 0 1
+7 -2 5
+3 +3 5
+3 -2 5
+3 +2 5
+3 -1 5
+5 * 5
+3 +3 5
+3 * 5
+3 * 5
+4 +5 5
+3 * 5 0 0 0 0 0 0 0 0 5
+2 +3 5 5
+4 * 5
+4 * 5 0 0 0 0 0 0 0 0 5
+6 +8 5
+3 * 5 0 5
+7 * 5
+2 * 5
+3 * 5 0 5
+7 * 5
+3 * 5 0 5
cfi=(10)
cfn=(20)
calls=5 0x26630 -40 
* * 833 5 438 1 0 111 0 0 111 119 26
+6 * 5 5
+7 * 5 5
+7 +6 5
+3 * 5 0 0 0 0 0 0 0 0 5 2
+6 +41 20 0 0 1 0 0 1
+4 -88 20
+4 * 20 20
+7 * 20
+3 * 20 0 0 1 0 0 1 0 0 20 5
+6 +2 15 15
+4 * 15 15
+4 * 15
+3 * 15 0 0 0 0 0 0 0 0 15
+6 +2 15 15
+4 * 15 15
+4 +1 15
+3 -1 15
+5 * 15 15
+7 * 15 15
+3 * 15 0 15
cfi=(61)
cfn=(204)
calls=15 0x25580 -93 
* * 315 60 45 0 0 0 0 0 0 45
+5 * 15
+4 * 15 0 0 0 0 0 0 0 0 15 2
fi=(58) /usr/src/debug/glibc/glibc/elf/../sysdeps/posix/dl-fileid.h
0x8770 37 5 5 0 1 0 0 1
+6 * 5
+7 * 5 0 5 1 0 2 1 0 2
cfi=(59)
cfn=(198)
calls=5 0x250e0 -7 
* * 30 5 0 1 0 0 1 0 0 5
+5 * 5
+2 * 5 0 0 0 0 0 0 0 0 5
+6 +3 5 5
fe=(32)
+7 999 5
fi=(58)
+7 40 5 0 5
+7 +1 5 5
+7 * 5 0 5
fe=(32)
+7 999 5 5
+5 * 5 5
+4 * 5 5
+7 * 5 5 0 1 0 0 1
+7 * 5
+3 * 5 0 0 0 0 0 0 0 0 5 4
+25 * 20 20
+4 * 20
+3 * 20 0 0 0 0 0 0 0 0 20 5
+6 +1 20 20
+7 * 20 0 0 0 0 0 0 0 0 20
fi=(58)
+2 49 20 20 0 0 1 0 0 1
+7 * 20 0 0 0 0 0 0 0 0 20 5
+2 * 10 10
+7 * 10 0 0 0 0 0 0 0 0 10 4
fe=(32)
+42 1458 5 0 0 1 0 0 1
+4 * 5
+3 * 5 5
+1 * 5 5
+2 * 5 5
+2 * 5 5
+2 * 5 5
+2 * 5 5
+1 * 5 5
+7 1133 1 1
+4 * 1 0 1
+7 +1 1
+13 -15 5 5 0 1 1 0 1 1
+5 * 5 0 0 0 0 0 0 0 0 5
+6 +7 5 5
+4 +2 5 5
+8 -2 5 0 5
+4 +1 5 5 0 0 1 0 0 1
+4 +1 5 0 0 1 0 0 1
+4 -1 5
+4 * 5 0 5
+7 +1 5 5
+4 * 5
+2 * 5
+3 * 5
+3 * 5
+3 * 5
+3 * 5 0 5
+6 * 5
fi=(31)
+10 62 5 5
+3 * 5
+6 * 5
+3 * 5
+3 * 5 0 0 1 0 0 1
+3 * 5
+3 * 5
+3 * 5 0 5
fe=(32)
+6 1211 5
+10 -34 3 3 0 0 1 0 0 1
+4 * 3
+3 * 3 0 0 0 0 0 0 0 0 3
+6 +5 3 3
+4 -1 3
+5 * 3
+5 +5 3
+4 -5 3
+4 * 3 0 3 1 0 3 1 0 3
+7 -55 3 3
+4 +60 3
+3 * 3
+3 * 3
+4 * 3 0 3 0 0 1 0 0 1
+7 +1 3 3
+4 +3 3 0 3 0 0 1 0 0 1
+7 -3 3 0 3
+7 +8 3 3
+7 * 3
+3 * 3
+3 * 3 0 0 0 0 0 0 0 0 3 2
+66 1086 1 0 0 1 0 0 1
+4 * 1
+3 * 1 0 0 1 0 0 1
+3 * 1
+6 * 1
+3 * 1
+3 * 1 0 0 0 0 0 0 0 0 1 1
+22 * 1
+5 * 1
+3 * 1
+3 * 1 0 0 0 0 0 0 0 0 1 1
+6 * 1
+5 +1 1 1
+6 * 1
+3 -1 1
+4 +1 1
+3 -1 1 0 1
+7 +1 1 0 1
cfi=(70)
cfn=(246)
calls=1 0x253b0 25 
* * 7 1 0 0 0 0 0 0 0 1
+5 * 1
+3 * 1 0 0 0 0 0 0 0 0 1 1
+23 -69 5 5 0 1 0 0 1
+5 * 5 0 0 0 0 0 0 0 0 5 3
0x8b58 1269 5 5 0 1 0 0 1
+4 * 5 5
+7 * 5
+3 * 5 0 0 0 0 0 0 0 0 5
+6 +1 5 5
fi=(63) /usr/src/debug/glibc/glibc/elf/get-dynamic-info.h
+3 39 5
fe=(32)
+3 1270 5 0 5
fi=(63)
+4 39 5 0 0 0 0 0 0 0 0 5
+6 +6 5 5 0 0 5 0 0 5
+3 * 5 0 0 1 0 0 1
+3 * 5 0 0 0 0 0 0 0 0 5
+6 -2 5
+4 * 5
+4 +10 6
+6 +15 6 0 6 0 0 2 0 0 2
+4 -23 6 6 0 0 2 0 0 2
+4 * 6
+4 * 6
+3 * 6 0 0 0 0 0 0 0 0 6 2
-15 +23 132 0 132 0 0 30 0 0 30
+4 -23 132 132 0 0 32 0 0 32
+4 * 132
+4 * 132
+3 * 132 0 0 0 0 0 0 0 0 132 7
+6 +4 138
+4 * 138 0 0 0 0 0 0 0 0 138 53
+2 +3 36
+7 -1 36
+4 * 36 0 0 0 0 0 0 0 0 36 4
+2 +3 30
+6 * 30
+3 * 30
+4 * 30 0 0 0 0 0 0 0 0 30 5
+2 +1 25
+6 * 25
+3 * 25
+3 * 25
fi=(62)
+2 +37 4 4 0 1 0 0 1
+4 * 4 4
+4 * 4
+3 * 4 0 0 0 0 0 0 0 0 4
+6 +2 4 4
+5 -1 4 4
+4 * 4 4
+4 +1 4
+4 -1 4
+3 * 4 0 0 1 0 0 1
+3 +1 4
+3 -1 4
+3 * 4 0 0 0 0 0 0 0 0 4
+6 +3 4
+3 * 4
+3 * 4 0 4
+7 * 4
fi=(63)
+30 -40 5
+4 * 5 0 0 1 0 0 1
+3 * 5
+3 * 5
+4 * 5 0 0 0 0 0 0 0 0 5
+6 +3 5
+6 * 5
+3 * 5
+4 * 5 0 0 0 0 0 0 0 0 5 2
+23 +13 5
+3 * 5 0 0 0 0 0 0 0 0 5
+6 * 5 5 0 1 0 0 1
+7 * 5 0 0 0 0 0 0 0 0 5
+6 +12 5 5
+4 * 5
+3 * 5 0 0 0 0 0 0 0 0 5 2
+6 +1 5 5
+4 * 5
+3 * 5 0 0 0 0 0 0 0 0 5 5
+2 * 2 0 2
+4 +1 2 2
+4 * 2
+3 * 2 0 0 0 0 0 0 0 0 2
-7 * 3 3
+4 * 3
+3 * 3 0 0 0 0 0 0 0 0 3
+2 * 5 0 5
+4 +1 5 5
+4 * 5
+3 * 5 0 0 0 0 0 0 0 0 5
+2 * 5 0 5
+4 +1 5 5 0 1 0 0 1
+7 * 5
+3 * 5
+3 * 5 0 0 0 0 0 0 0 0 5
+2 * 5 0 5
+4 +1 5 5 0 0 1 0 0 1
+7 * 5
+3 * 5 0 0 0 0 0 0 0 0 5 2
+2 * 2 0 2
+4 +1 2 2
+7 * 2
+3 * 2 0 0 0 0 0 0 0 0 2
-10 * 3 3 0 0 1 0 0 1
+7 * 3
+3 * 3 0 0 0 0 0 0 0 0 3 1
+2 * 4 0 4
+4 +1 4 4
+7 * 4
+3 * 4 0 0 0 0 0 0 0 0 4
-10 * 1 1
+7 * 1
+3 * 1 0 0 0 0 0 0 0 0 1
+2 * 5 0 5
+4 +12 5 5 0 1 0 0 1
+4 +7 5 5 0 0 1 0 0 1
+7 -7 5
+3 * 5 0 0 0 0 0 0 0 0 5
+6 * 5 5
+4 * 5
+3 * 5 0 0 0 0 0 0 0 0 5
+2 * 5
+3 * 5 0 5
+4 +7 5
+3 * 5 0 0 0 0 0 0 0 0 5 3
+2 +5 2 2
+5 * 2 0 0 0 0 0 0 0 0 2
+6 +8 5 5
+7 * 5 5
+5 * 5 0 0 1 0 0 1 0 0 5
+6 +6 5 5
+7 * 5
+3 * 5 0 0 0 0 0 0 0 0 5
+2 +1 5 5
+7 * 5 5
+5 * 5 0 0 0 0 0 0 0 0 5 2
+6 +17 5 5
+7 * 5
+3 * 5 0 0 0 0 0 0 0 0 5
+2 +5 5 5
+4 * 5 0 5 0 0 1 0 0 1
+6 +2 5
+3 * 5 0 0 0 0 0 0 0 0 5 4
+9 +2 5 0 0 1 0 0 1
+3 * 5 0 0 0 0 0 0 0 0 5 4
+9 +2 5
+3 * 5 0 0 0 0 0 0 0 0 5
+2 +1 5 0 5
+7 +3 5 5
+7 * 5
+3 * 5 0 0 0 0 0 0 0 0 5
+6 +2 5 5
+4 * 5 0 5
+6 * 5
+2 +1 5
+2 * 5 0 0 0 0 0 0 0 0 5 2
+9 +9 5 5 0 1 0 0 1
+7 * 5 0 0 0 0 0 0 0 0 5
+6 * 5 5
+6 +6 5
+3 * 5 0 0 0 0 0 0 0 0 5
+2 +1 5 5
+7 * 5 0 5
+7 +3 5 5
+8 * 5 0 0 0 0 0 0 0 0 5 2
fe=(32)
+13 1276 5 0 0 1 0 0 1
+2 * 5
+6 +1 5
+2 * 5 0 0 0 0 0 0 0 0 5 2
+13 +2 5
+2 * 5 0 0 0 0 0 0 0 0 5 2
+16 +10 5 5
+7 * 5
+3 * 5 0 0 0 0 0 0 0 0 5
+6 +19 5 5
+3 * 5 0 5 1 0 0 1
+7 +2 5 5
+6 * 5
+2 * 5 5
+6 * 5
+2 * 5 0 0 0 0 0 0 0 0 5
+6 +20 5 5 0 0 2 0 0 2
+7 * 5
+3 * 5 0 0 0 0 0 0 0 0 5 2
+2 +1 3 3
+3 * 3 0 3
+7 +6 3 3
+7 * 3 3
+7 * 3
+4 * 3
+4 * 3
+3 * 3 0 0 0 0 0 0 0 0 3
-25 * 2 2
+7 * 2 2
+7 * 2
+4 * 2 0 0 1 0 0 1
+4 * 2
+3 * 2 0 0 0 0 0 0 0 0 2
+6 * 5 5
+7 * 5
+12 +1 53
+5 * 53 0 0 0 0 0 0 0 0 53 19
+2 +6 5
+3 * 5
+3 * 5
+3 * 5 0 5
cfn=(94)
calls=5 0x7fb0 842 
* * 420 82 14 1 6 0 1 6 0 100 12
+6 -7 65 65
+7 * 65 0 0 0 0 0 0 0 0 65 5
+6 +1 65 65 0 1 55 0 1 55
+4 +6 65
+4 -6 65
+3 * 65 0 0 0 0 0 0 0 0 65 19
fi=(33)
+2 149 12 12
+7 * 12 0 0 0 0 0 0 0 0 12 8
fe=(32)
0x90e1 1086 1 0 1
+5 * 1
+18 1349 5 5 0 1 0 0 1
+6 * 5 0 5 1 0 0 1
cfi=(64)
cfn=(212)
calls=5 0x25210 25 
* * 30 5 0 1 0 0 1 0 0 5
+5 * 5
+2 * 5 0 0 0 0 0 0 0 0 5
+6 +13 5 5
+7 * 5 0 0 0 0 0 0 0 0 5
+6 +2 5 5
+7 * 5 5
+3 * 5
+3 * 5 0 5
+7 +2 5 5
+7 * 5 0 0 0 0 0 0 0 0 5
+6 +16 5
+3 * 5 0 5 1 0 0 1
cfi=(8)
cfn=(14)
calls=5 0x12690 25 
* * 135 40 30 0 5 0 0 5 0 15
+5 +4 5 5
+4 * 5 0 0 0 0 0 0 0 0 5
+2 +1 5 5
+8 * 5 0 0 0 0 0 0 0 0 5
+6 +17 5 5
+7 * 5 0 0 0 0 0 0 0 0 5 2
+2 +1 1 0 1
+7 +3 1 1
+7 * 1 0 1
+7 * 1 1
+7 * 1 0 1 1 0 0 1
+7 +5 1 1
+8 * 1 0 0 0 0 0 0 0 0 1
-36 -5 4 4
+7 * 4 0 4
+7 * 4 4
+7 * 4 0 4
+7 +5 4 4
+8 * 4 0 0 0 0 0 0 0 0 4
+6 +5 5 5
+8 * 5 0 0 0 0 0 0 0 0 5
+6 +10 5 5
+5 * 5
+7 * 5 5
+6 * 5 0 0 0 0 0 0 0 0 5 3
+6 +8 5 5
+8 * 5 0 0 0 0 0 0 0 0 5 2
+2 +1 3 3
+7 * 3
+3 * 3
+2 * 3 0 0 0 0 0 0 0 0 3
+6 +5 3
+3 * 3 0 3
cfi=(47)
cfn=(244)
calls=3 0x133a0 161 
* * 36 12 9 2 0 0 2 0 0 3
+5 +7 5 5 0 1 0 0 1
+4 * 5
+3 * 5 0 5
cfi=(27)
cfn=(88)
calls=5 0xcca0 31 
* * 255 65 45 0 0 0 0 0 0 25 15 10
+5 +3 5 5
+4 * 5 0 0 0 0 0 0 0 0 5
+6 +3 5 5
+4 * 5 5
+3 * 5
+3 * 5 0 5
cfn=(216)
calls=5 0x6670 908 
* * 210 65 30 5 0 0 5 0 0 30 14
+5 * 5 0 0 1 0 0 1
fi=(60)
0x9317 189 2 0 0 1 0 0 1
+3 * 2 2
+4 * 2
+3 * 2
+6 -3 2 2
+8 +3 2
+5 * 2
+3 * 2
+3 * 2 0 2 1 0 0 1
+7 -3 2 0 2
+7 * 2
+4 * 2 0 2
+7 * 2 0 2
+7 * 2 0 2
+7 * 2 0 2
+4 +3 2 0 2
cfi=(61)
cfn=(204)
calls=2 0x25580 47 
* * 42 8 6 0 0 0 0 0 0 6
+5 +3 2
+4 * 2 0 0 0 0 0 0 0 0 2
+6 +2 2 0 2
cfi=(69)
cfn=(242)
calls=2 0x25690 33 
* * 12 4 0 0 0 0 0 0 0 2 1
+5 * 2
+2 * 2 0 0 1 0 0 1 0 0 2 2
fi=(4)
0x9680 -98 5 5 0 1 0 0 1
+7 * 5
+3 * 5 0 0 0 0 0 0 0 0 5 1
+6 * 4 4
+7 * 4 4
+4 +3 4
+2 * 4
+3 +1 4 4
+4 -1 4 4
+4 * 4 0 0 0 0 0 0 0 0 4 2
+5 +1 4
fe=(32)
+3 1429 4
+3 * 4
+3 * 4 0 0 0 0 0 0 0 0 4
+6 * 4 0 0 1 0 0 1
+7 * 4 0 4
cfi=(35)
cfn=(104)
calls=4 0x27000 98 
* * 100 28 0 0 5 0 0 5 0 12 2
+5 * 4
+2 * 4 0 0 0 0 0 0 0 0 4 3
+6 +1 1 1
+5 * 1 0 1
+5 * 1
fi=(63)
0x9748 62 5 0 0 1 0 0 1
+6 * 5
+3 * 5
+4 * 5 0 0 0 0 0 0 0 0 5
+6 +2 5
+6 * 5
+3 * 5
+3 * 5
fe=(32)

fn=(184)
0x7360 228 14 0 0 1 0 0 1
+4 * 14 0 14
+1 +3 14
+5 -3 14
+3 * 14
+4 * 14 0 14
+4 +7 14
+3 -4 14 0 14 0 0 1 0 0 1
cfi=(44)
cfn=(130)
calls=14 0x26dd0 32 
* * 456 57 0 3 5 0 3 5 0 33 9
+5 +3 14
+3 * 14 0 0 1 0 0 1 0 0 14
+2 +20 14
+3 * 14 14
+4 * 14 14
+1 * 14 14

fn=(188)
0x6710 1511 5 0 5 1 0 0 1
+1 * 5
+3 * 5 0 5
+2 * 5
+3 * 5 0 5
+2 * 5 0 5
+2 * 5 0 5
+2 * 5
+3 * 5 0 5
+1 * 5
+3 * 5
+4 +32 5 5
+6 -32 5 0 5 0 0 1 0 0 1
+4 +32 5
+2 * 5 0 0 0 0 0 0 0 0 5
+6 +19 5 0 0 1 0 0 1
+5 * 5
+3 * 5
+2 * 5 0 5
cfi=(56)
cfn=(190)
calls=5 0x25340 28 
* * 105 10 10 1 0 0 1 0 0 15
+5 * 5
+3 +2 5
+3 * 5 0 0 0 0 0 0 0 0 5
+6 +8 5 0 5
+10 +6 5
+2 -5 5 0 5 0 0 1 0 0 1
+7 +6 5
+5 -1 5
+5 * 5
+3 +1 5
+3 -1 5 0 5
cfi=(57) /usr/src/debug/glibc/glibc/io/../sysdeps/unix/sysv/linux/read_nocancel.c
cfn=(192) __read_nocancel
calls=5 0x253e0 25 
* * 30 5 0 1 0 0 1 0 0 5
+5 * 5 0 0 1 0 0 1
+3 +4 5 5
+3 -2 5
+3 * 5 0 0 0 0 0 0 0 0 5
+2 +2 5
+3 * 5 0 5
+3 +2 5
+4 * 5 0 0 0 0 0 0 0 0 5
+2 +6 5
+4 * 5 0 0 0 0 0 0 0 0 5
+6 +15 5
+10 * 5 5
+4 * 5
+3 * 5 0 0 0 0 0 0 0 0 5 2
+2 * 3
+10 * 3
+3 * 3 0 0 0 0 0 0 0 0 3
+2 * 5 5 0 1 1 0 1 1
+4 * 5
+2 * 5 0 0 0 0 0 0 0 0 5
+6 * 5 5
+3 * 5
+2 * 5 0 0 0 0 0 0 0 0 5 4
+77 * 5 5 0 1 0 0 1
+3 * 5
+2 * 5 0 0 0 0 0 0 0 0 5
+2 * 5
+3 +64 5 5
+4 * 5 0 0 0 0 0 0 0 0 5
+6 +5 5 5
+5 * 5 0 0 0 0 0 0 0 0 5
+6 +8 5 5 0 1 0 0 1
+4 * 5
+3 * 5
+4 * 5 0 0 0 0 0 0 0 0 5 1
+6 +6 5 5 0 0 1 0 0 1
+5 * 5 0 0 0 0 0 0 0 0 5
+6 +6 5 5
+5 +1 5 5
+4 -1 5
+4 +1 5
+5 * 5
+3 * 5 0 0 0 0 0 0 0 0 5 1
+2 +33 5
+4 * 5
+3 * 5 5
+1 * 5 5
+2 * 5 5
+2 * 5 5
+2 * 5 5 0 1 0 0 1
+2 * 5 5
+1 * 5 5
+37 -29 1
+4 * 1
+3 * 1
+3 * 1
+6 * 1
+3 * 1
+3 * 1 0 0 0 0 0 0 0 0 1 1
+22 * 1 0 0 1 0 0 1
+5 * 1
+3 * 1
+3 * 1 0 0 0 0 0 0 0 0 1
+2 * 1 0 1
+5 * 1
+5 +1 1
+3 * 1
+3 -1 1
+4 +1 1 0 1
cfi=(70)
cfn=(246)
calls=1 0x253b0 25 
* * 7 1 0 1 0 0 1 0 0 1
+5 * 1
+3 * 1 0 0 1 0 0 1 0 0 1 1

fn=(172)
0xa780 2194 14 0 0 1 0 0 1
+4 * 14 0 14
+1 * 14
+3 * 14 0 14
+2 * 14
+3 * 14 0 14
+2 * 14
+3 +1 14
+3 -1 14 0 14 0 0 1 0 0 1
+2 * 14
+3 * 14 0 14
+2 * 14
+3 * 14 0 14
+1 * 14
+3 * 14
+4 +1 14 0 14 0 0 1 0 0 1
+4 * 14 0 14
cfn=(174) _dl_lookup_map
calls=14 0x9b50 1898 
* * 8833 2067 472 26 4 3 26 4 3 1283 208 51 28
+5 +1 14 14
+4 * 14
+3 * 14 0 0 0 0 0 0 0 0 14 3
+2 +3 9
+4 * 9 9
+1 * 9 9
+2 * 9 9
+2 * 9 9
+2 * 9 9
+2 * 9 9
+1 * 9 9
+9 * 5 0 0 1 0 0 1
+4 -1 5
+3 * 5
+3 * 5
+3 * 5
+3 * 5
+3 +1 5 5
+1 * 5 5
+2 * 5 5
+2 * 5 5
+2 * 5 5
+2 * 5 5
+1 -1 5
cfn=(180)
calls=5 0x9c70 1933 
* * 18597 3473 2003 148 228 224 147 228 224 3801 595 30 2

fn=(174)
0x9b50 1898 14 0 0 1 0 0 1
+4 * 14 0 14
+1 * 14
+3 * 14 0 14 0 0 1 0 0 1
+2 * 14 0 14
+1 * 14
+4 +1 14
+3 * 14 0 0 0 0 0 0 0 0 14
+6 +1 14 14 0 0 1 0 0 1
+7 * 14 0 0 0 0 0 0 0 0 14
+6 +3 14
+4 * 14
+7 * 14 0 0 1 0 0 1
+3 * 14 14
+4 * 14
+3 * 14 0 0 0 0 0 0 0 0 14 3
+54 * 51 51
+4 * 51
+3 * 51 0 0 0 0 0 0 0 0 51 5
+6 +5 60 60 0 1 0 0 1
+7 * 60 60
+7 * 60
+3 * 60
+3 * 60
+2 * 60
+2 * 60 0 0 0 0 0 0 0 0 60
+2 +2 60
+3 * 60
+3 * 60 0 60 0 0 1 0 0 1
cfi=(54)
cfn=(176)
calls=60 0xc9d0 68 
* * 6205 1406 314 20 3 1 20 3 1 788 160 47 25
+5 * 60
+2 * 60 0 0 0 0 0 0 0 0 60 6
+2 +2 51 51
+7 * 51 0 0 0 0 0 0 0 0 51
fi=(4)
+2 96 51 51 0 1 0 0 1
+7 * 51
+3 * 51 0 0 0 0 0 0 0 0 51 20
+2 +4 28 28
+4 -1 28 28
+4 * 28 28
+4 * 28
+2 * 28 28
+7 * 28 0 0 0 0 0 0 0 0 28
+2 +1 28
fe=(32)
+3 1912 28
+3 * 28 0 0 0 0 0 0 0 0 28
+2 +1 28
+3 * 28 0 28
+4 * 28 0 28
cfi=(35)
cfn=(104)
calls=28 0x27000 98 
* * 800 192 0 1 0 0 1 0 0 96 10 4 3
+5 * 28
+2 * 28 0 0 0 0 0 0 0 0 28 4
+22 +13 14 0 0 1 0 0 1
+4 * 14
+3 * 14 14
+1 * 14 14
+2 * 14 14
+1 * 14 14

fl=(56)
fn=(190)
0x25340 28 6 0 0 1 0 0 1
+4 * 6 0 6
+1 +3 6
+3 -3 6
+3 * 6
+3 * 6 0 6 0 0 1 0 0 1
+4 +3 6
+4 * 6 0 0 0 0 0 0 0 0 6
+2 * 6
+2 * 6
+2 * 6
+6 * 6 0 0 0 0 0 0 0 0 6
+2 +8 6
+2 * 6
+5 * 6
+3 * 6
+5 * 6
+2 * 6
+6 * 6 0 0 0 0 0 0 0 0 6
+2 +2 6 6
+1 * 6 6

fl=(57)
fn=(192)
0x253e0 25 5 0 0 1 0 0 1
+4 +1 5
+2 * 5
+2 * 5
+6 * 5 0 0 0 0 0 0 0 0 5
+2 +1 5 5

fl=(197)
fn=(672) call_init
0x6110 29 8 8 0 2 1 0 1
+4 * 8 0 0 0 0 0 0 0 0 8 8
+12 -2 8 0 8
+1 * 8
+3 * 8
+4 +8 8 8
+7 -8 8 0 8
+4 * 8
+3 * 8 0 8
+4 * 8
+3 * 8 0 8 1 0 0 1
+4 * 8
+3 * 8 0 8
+4 * 8
+3 +8 8
+2 * 8 0 0 0 0 0 0 0 0 8 8
+10 +2 8
+2 * 8 0 0 0 0 0 0 0 0 8 2
+6 +6 7 7
+7 +3 7 7 0 0 1
+4 -3 7
+3 * 7 0 7
+6 +3 7 7 0 0 5
+3 * 7 0 0 0 0 0 0 0 0 7 1
+6 +5 6 6 0 1 0 0 1
+7 * 6 0 0 0 0 0 0 0 0 6
+6 +8 6 6 0 0 4
+7 * 6
+3 * 6 0 0 0 0 0 0 0 0 6 2
+2 +1 4 4 0 0 4
+4 * 4
+3 * 4 4
+3 * 4
+3 * 4
+3 * 4 0 4 0 0 0 0 0 0 0 0 4 4
cob=(4)
cfi=(198)
cfn=(722)
calls=1 0x4959000 -60 
* * 7 2 0 1 1 0 1 0 0 1
cob=(4)
cfi=(198)
cfn=(712)
calls=1 0x4ba2000 -60 
* * 7 2 0 1 1 0 1 0 0 1
cob=(4)
cfi=(198)
cfn=(696)
calls=1 0x4cc9000 -60 
* * 7 2 0 1 1 0 1 0 0 1 1
cob=(4)
cfi=(198)
cfn=(674)
calls=1 0x488f000 -60 
* * 7 2 0 1 0 0 1 0 0 1 1
+2 +3 6 6 0 0 4
+7 +1 6
+3 * 6 0 0 0 0 0 0 0 0 6 1
+2 +6 5 5 0 0 1
+7 * 5 5 0 0 4
+4 * 5 0 0 1 0 0 1
+4 +3 5
+2 * 5 0 0 0 0 0 0 0 0 5
+2 -1 5 5
+3 * 5 5
+4 * 5
+3 * 5 0 5
+4 * 5
+4 * 5
+4 * 5
+4 * 16
+4 +2 16
+3 * 16
+3 * 16
+3 * 16 16 16 0 3 0 0 0 0 0 0 16 16
cob=(7)
cfi=(256)
cfn=(990)
calls=1 0xb2e20 2389 
* * 6 2 1 0 1 0 0 1 0 1
cob=(7)
cfi=(273)
cfn=(982)
calls=1 0xb2d60 +86 
* * 50 25 12 3 7 0 3 1 0 12 4
cob=(7)
cfi=(273)
cfn=(974)
calls=1 0xb2ca0 +86 
* * 50 25 12 3 5 0 3 1 0 12 3
cob=(7)
cfi=(273)
cfn=(966)
calls=1 0xb2c20 +86 
* * 34 17 8 2 6 0 2 1 0 8 2
cob=(7)
cfi=(273)
cfn=(958)
calls=1 0xb2ba0 +86 
* * 34 17 8 2 3 0 2 1 0 8 1
cob=(7)
cfi=(272)
cfn=(956)
calls=1 0xb2a40 -32 
* * 47 9 28 6 3 6 6 3 6
cob=(7)
cfi=(270)
cfn=(952)
calls=1 0xb2910 +53 
* * 57 9 22 4 2 4 4 0 0 6 2
cob=(7)
cfi=(262)
cfn=(924)
calls=1 0xb26c0 456 
* * 910 274 75 63 37 3 63 3 2 185 40 4 4
cob=(7)
cfi=(260)
cfn=(920)
calls=1 0xb26a0 +54 
* * 11 5 3 1 0 0 1 0 0 0 0 1 1
cob=(7)
cfi=(259)
cfn=(918)
calls=1 0xb2690 +34 
* * 3 1 1 0 0 1
cob=(7)
cfi=(258)
cfn=(914)
calls=1 0xb2600 260 
* * 184 35 40 5 1 2 5 0 1 20 6 4 4
cob=(7)
cfi=(257)
cfn=(908)
calls=1 0xb2f20 -74 
* * 12 1 0 3 0 0 3 0 0 1 1
cob=(7)
cfi=(256)
cfn=(906)
calls=1 0xb2e40 2389 
* * 81 14 15 1 0 0 1 0 0 10 1 1 1
cob=(6) /usr/lib/libgcc_s.so.1
cfi=(208) ???
cfn=(706) 0x0000000000005600
calls=1 0x5600 -74 
* * 12 1 0 3 0 0 3 0 0 1 1
cob=(2)
cfi=(204) /usr/src/debug/glibc/glibc/libio/stdfiles.c
cfn=(694) _IO_stdfiles_init
calls=1 0x27580 -10 
* * 22 5 3 1 4 1 1 0 0 4 2
cob=(2)
cfi=(203) /usr/src/debug/glibc/glibc/libio/vtables.c
cfn=(692) check_stdfiles_vtables
calls=1 0x27510 545 
* * 12 7 0 2 5 0 2 0 0 3 1
-9 * 5
+3 * 5
+3 * 5
+3 * 5 5 5 0 3 0 0 0 0 0 0 5 5
cob=(7)
cfi=(210)
cfn=(726)
calls=1 0xb2a00 +44 
* * 38780 10965 4667 346 173 147 346 24 115 7182 364 916 173
cob=(3)
cfi=(209) ???
cfn=(716) 0x0000000000010a80
calls=1 0x10a80 -74 
* * 12 1 0 3 0 0 3 0 0 1 1
cob=(6)
cfi=(205) /usr/src/debug/gcc/gcc/libgcc/config/i386/cpuinfo.c
cfn=(700) __cpu_indicator_init@GCC_4.8.0
calls=1 0x42d0 -14 
* * 367 14 45 39 2 0 39 0 0 100 30
cob=(2)
cfi=(200) /usr/src/debug/glibc/glibc/csu/init-first.c
cfn=(684) _init_first
calls=1 0x274a0 -28 
* * 69 18 10 8 5 3 8 1 1 7 2 1 1
cob=(5) /usr/lib/valgrind/vgpreload_core-amd64-linux.so
cfi=(199) ???
cfn=(678) 0x00000000000010e0
calls=1 0x10e0 -74 
* * 12 1 0 3 0 0 3 0 0 1
+2 -1 21
+3 * 21
+3 * 21 0 0 0 0 0 0 0 0 21 12
+2 * 5 5
+4 +3 5 5
+4 * 5 5 0 1 0 0 1
+4 * 5 5
+4 * 5 5
+4 * 5 5
+1 * 5 5
-17 * 3 3
+4 * 3 3
+4 * 3 3
+4 * 3 3
+4 * 3 3
+1 * 3 3
+4 -29 1
+2 * 1 0 0 0 0 0 0 0 0 1 1

fn=(670)
0x6250 81 1 0 0 1 0 0 1
+4 * 1 0 1
+1 * 1
+3 * 1 0 1
+2 * 1
+3 * 1 0 1
+2 * 1
+3 * 1 0 1
+2 * 1
+3 * 1 0 1
+2 * 1
+3 * 1 0 1
+1 * 1
+4 +1 1 1 0 0 1
+7 +1 1 1
+7 +3 1 1 0 1 0 0 1
+7 * 1
+3 * 1 0 0 0 0 0 0 0 0 1 1
+6 +8 1
+3 * 1 0 0 0 0 0 0 0 0 1 1
+7 +25 1 1
+7 +1 1
+2 * 1 0 0 0 0 0 0 0 0 1
+2 * 1
+3 * 1
+4 * 1
+5 +1 1 1
+7 * 1
+3 * 1
+3 * 1
+3 * 1 1 0 1 0 0 1
+4 -1 1
+4 +1 1 0 1
cfn=(672)
calls=1 0x6110 -92 
* * 38 14 6 0 2 0 0 0 0 7 4
-24 * 6 6
+7 * 6
+3 * 6
+3 * 6
+3 * 6 6
+4 -1 6
+4 +1 6 0 6
cfn=(672)
calls=6 0x6110 -92 
* * 41208 11572 5012 499 282 167 498 36 125 7624 491 950 207
+5 -1 7 0 0 1
+4 * 7 0 0 0 0 0 0 0 0 7 6
+2 +7 1
+4 * 1 1
+1 * 1 1
+2 * 1 1
+2 * 1 1
+2 * 1 1
+2 * 1 1
+1 * 1 1
+79 -22 1 0 1 1 0 0 1
+4 -17 1 0 1 0 0 1
cfn=(672)
calls=1 0x6110 -59 
* * 83 25 9 9 3 0 9 0 0 11 3 2 2
+5 +1 1 1
+4 * 1 0 1 1 0 0 1
+11 * 1

fl=(73)
fn=(262) _dl_check_map_versions
0x15000 155 7 0 0 1 0 0 1
+4 * 7 0 7
+1 * 7
+3 * 7
+7 +15 7 7
+4 * 7
+3 * 7 0 0 0 0 0 0 0 0 7
+6 * 7 0 7
+4 +2 7 7
+4 * 7 0 7
+4 * 7 0 7
+4 * 7 0 7
+4 * 7 7
+7 * 7 0 0 0 0 0 0 0 0 7
+6 +2 7 7 0 1 2 0 1 1
+7 * 7 0 7
+6 * 7
+3 +1 7 7
+7 +2 7
+3 * 7 0 0 0 0 0 0 0 0 7 2
+6 +3 5 5
+4 * 5 5
+3 * 5 0 5
+4 +4 5 5 0 0 4 0 0 4
+4 * 5 0 0 0 0 0 0 0 0 5
+6 -20 5 0 5
+7 -8 5 0 5 1 0 0 1
+10 +69 5 0 5
+7 * 5 0 5
+7 * 5 0 5
+7 * 5
+3 * 5
+3 * 5
+2 36 5 5
+5 * 5
+7 200 5 5
+3 * 5 5
+7 36 5 5
+4 * 5
+3 * 5 0 0 1 0 0 1 0 0 5
-29 * 8 8
+5 * 8
+7 200 8 8 0 0 1 0 0 1
+3 * 8 8
+7 36 8 8
+4 * 8
+3 * 8 0 0 0 0 0 0 0 0 8
+6 * 13
+3 * 13
+3 * 13
+7 +1 60 60
+5 -1 60
+3 * 60 0 0 0 0 0 0 0 0 60
+6 +2 73
+3 * 73
+3 * 73 0 73
cfi=(54)
cfn=(176)
calls=73 0xc9d0 +30 
* * 7121 1592 369 0 0 0 0 0 0 890 106 56 34
+5 * 73
+2 * 73 0 0 0 0 0 0 0 0 73 8
+2 * 13
+3 * 13
+3 208 13
+3 * 13 0 0 0 0 0 0 0 0 13
+6 +5 13 13 0 0 2 0 0 2
+3 99 13 0 13 1 0 0 1
+7 * 13 0 13
+7 * 13 13
+4 * 13 0 13
+7 213 13
+3 * 13
+5 +4 13 13 0 0 3 0 0 3
+3 * 13 13
+7 +1 13 13
+4 * 13 13
+3 -1 13
+4 +4 13 13
+4 * 13 0 13
+7 -3 13 13 0 1 0 0 1
+7 * 13 13
+4 * 13 13
+4 * 13 0 0 0 0 0 0 0 0 13 7
-47 -1 56 56 0 0 15 0 0 15
+3 * 56 56
+7 +1 56 56
+4 * 56 56
+3 -1 56
+4 +4 56 56
+4 * 56 0 56
+7 -3 56 56
+7 * 56 56
+4 * 56 56
+4 * 56 0 0 0 0 0 0 0 0 56 12
+2 * 22 22
+7 * 22 22 0 0 1
+3 * 22
+7 * 22
+3 * 22
+4 56 22 22
+4 * 22 22
+4 * 22 22
+8 * 22 0 0 0 0 0 0 0 0 22 8
-16 * 47 47
+4 * 47 47
+4 * 47 47
+8 * 47 0 0 0 0 0 0 0 0 47 16
+6 +8 69 69 0 1 0 0 1
+7 * 69 0 0 0 0 0 0 0 0 69
+6 +6 69 69
+7 * 69
+3 * 69 0 0 0 0 0 0 0 0 69
+6 +16 69 69 0 0 1
+4 +1 69
+3 * 69 0 0 0 0 0 0 0 0 69
+6 +2 69 69
+4 +5 69 69 0 0 5 0 0 5
+4 * 69 0 0 0 0 0 0 0 0 69
+2 * 69 0 69
+7 * 69
+3 * 69
+3 * 69 0 69 1 0 0 1
+7 * 69
+3 * 69 0 69
+4 * 69
+3 +14 69 69 0 0 1 0 0 1
+4 * 69 0 0 0 0 0 0 0 0 69
-4 * 1258 1258 0 0 15 0 0 15
+4 * 1258 0 0 0 0 0 0 0 0 1258 72
+6 +12 1258 1258 0 0 13 0 0 13
+4 * 1258
+2 * 1258 0 0 0 0 0 0 0 0 1258 2
+6 +4 1258
+3 -30 1258 1258 0 0 34 0 0 34
+6 * 1258 0 0 0 0 0 0 0 0 1258 6
0x1527e 231 69 69 0 1 0 0 1
+4 * 69
+5 * 69
+3 * 69
+4 +3 69 69
+3 * 69
+2 * 69 0 0 0 0 0 0 0 0 69 17
+2 +5 56
+3 -24 56
+8 110 69 69 0 1 1 0 1 1
+4 +3 69 0 69
+4 * 69 69 0 0 1 0 0 1
+5 * 69
+3 * 69 0 69
cfi=(35)
cfn=(104)
calls=69 0x27000 -15 
* * 3045 545 0 16 35 0 16 35 0 345 88 30 25
+5 * 69 69
+4 * 69
+2 * 69 0 0 1 0 0 1 0 0 69 1
+6 * 69 69
+4 224 69
+3 * 69 69
+6 * 69 0 0 0 0 0 0 0 0 69 12
+2 +1 3
+7 * 3
+3 * 3 0 3
cfi=(35)
cfn=(104)
calls=3 0x27000 98 
* * 224 29 0 6 2 0 6 2 0 23 10 3 3
+5 * 3
+2 * 3 0 0 0 0 0 0 0 0 3
+2 +3 3 0 3
+8 * 3
+5 * 13 0 13
+4 * 13 13
+7 * 13 13 0 1 0 0 1
+7 +15 13 13
+3 * 13
+2 * 13 0 0 0 0 0 0 0 0 13 5
+6 +5 8
+3 -50 8
0x154aa +59 5 5 0 1 0 0 1
+7 * 5 5
+7 * 5 5
+7 * 5 5 0 1 0 0 1
+4 * 5
+3 * 5 0 0 0 0 0 0 0 0 5 1
+6 +3 5 5
+4 * 5 5
+3 +3 5 5
+4 * 5 5
+3 * 5
+5 * 5
+2 * 5
+3 +3 5 5
+3 -3 5 0 5
+3 +3 5
+2 * 5 0 0 0 0 0 0 0 0 5
+2 * 5
+7 * 5
+11 +4 5
+3 -7 5 5
+4 * 5
+5 * 5
+2 * 5
+3 +3 5 5
+3 * 5
+2 * 5 0 0 0 0 0 0 0 0 5 3
-22 +4 136
+3 -7 136 136 0 0 5 0 0 5
+4 * 136
+5 * 136
+2 * 136
+3 +3 136 136 0 0 5 0 0 5
+3 * 136
+2 * 136 0 0 0 0 0 0 0 0 136 22
+2 * 5 0 5
+3 +8 5 5
+3 * 5
+2 * 5 0 0 0 0 0 0 0 0 5
+6 +6 6 6 0 1 0 0 1
+3 * 6 0 6
fi=(29)
+4 44 6
fe=(73)
+5 280 6
+3 * 6
fi=(29)
+3 44 6 6 6 0 0 0 0 0 0 0 0 6 1
cfi=(28)
cfn=(76)
calls=6 0xc7e0 +36 
* * 253 41 33 0 0 1 0 0 0 32 11 6
fe=(73)
+6 281 6 6 0 1 0 0 1
+4 * 6
+3 -2 6 0 6
fi=(29)
+7 44 6
fe=(73)
+3 281 6 0 0 0 0 0 0 0 0 6
+6 +13 6 6
+7 -3 6 0 6
+7 +3 6 6 0 0 1
+4 * 6 6
+8 * 6 0 0 0 0 0 0 0 0 6
+6 * 6 0 6 0 0 1
+7 +2 6
+3 * 6 0 0 1 0 0 1 0 0 6 1
+6 +3 5 5
+4 * 5 5
+3 * 5
+4 +4 5 5
+3 * 5
+3 * 5
-6 * 8 8
+3 * 8
+3 * 8
+10 +18 56
+3 -15 56 56
+4 +2 56
+2 * 56
+6 * 56
+3 * 56 0 0 0 0 0 0 0 0 56
-15 -2 13 13
+4 +2 13
+2 * 13
+6 * 13
+3 * 13 0 0 0 0 0 0 0 0 13 2
+2 +2 69
+3 +1 69
+6 -1 69 69
+3 * 69 0 0 1 0 0 1
+6 * 69
+4 +1 69 0 69 0 0 21 0 0 21
+4 +1 69 69
+3 -2 69 0 69
+5 +2 69
+3 * 69 0 69 0 0 8 0 0 8
+4 +1 69 69
+3 * 69
+3 * 69 0 69 0 0 1 0 0 1
+5 +3 69 69
+3 * 69
+2 * 69 0 0 0 0 0 0 0 0 69 20
+2 +8 13 13
+3 * 13
+2 * 13 0 0 0 0 0 0 0 0 13 3
+2 +5 8
+3 -28 8
+2 +71 6
+3 * 6 0 0 0 0 0 0 0 0 6 1
+2 +1 5 5 0 1 0 0 1
+5 * 5 0 0 0 0 0 0 0 0 5
+2 +1 5 5
+8 * 5 0 0 0 0 0 0 0 0 5 2
+2 +1 4 4
+8 * 4 0 0 0 0 0 0 0 0 4 1
+6 +19 6 6
+6 * 6 6
+4 * 6 6
+4 * 6 6
+4 * 6 6
+4 * 6 6
+1 * 6 6
+57 -60 6 0 0 1 0 0 1
+3 * 6 0 0 0 0 0 0 0 0 6 1
+2 +3 5 5
+4 * 5 5
+3 * 5
+5 +20 141
+3 -14 141 141
+4 * 141 0 0 0 0 0 0 0 0 141
-4 * 5 5
+4 * 5 0 0 0 0 0 0 0 0 5 3
+2 -2 141 141
+3 +6 141 141
+4 +1 141 141
+3 +1 141 141
+3 -1 141
+6 * 141
+4 +1 141
+3 -1 141 0 141 0 0 38 0 0 38
+4 +1 141 0 141
+4 +1 141 0 141 0 0 16 0 0 16
+9 +3 141 141
+3 * 141
+2 * 141 0 0 0 0 0 0 0 0 141 13
-5 * 5 5
+3 * 5
+2 * 5 0 0 0 0 0 0 0 0 5 2
+2 +11 6 6 0 1 0 0 1
+3 * 6 0 0 1 0 0 1
+4 * 6
+5 * 6
+9 * 222
+4 * 222
+3 * 222 0 0 0 0 0 0 0 0 222 6
+6 +1 222 222
+4 * 222 0 0 0 0 0 0 0 0 222 11
+2 +1 12
+7 * 12 0 12
+3 * 12
+2 164 2 0 2
+7 -8 2 0 2
+10 257 2 0 0 1 0 0 1
+3 * 2 0 0 0 0 0 0 0 0 2 1
+6 * 1 1
+4 * 1 1
+4 * 1 1
+4 * 1 1
+4 -86 1 0 1
+10 394 1 1
+6 * 1 1
+1 * 1 1
+47 274 1 1 0 1 0 0 1
+3 * 1
+2 * 1 0 0 0 0 0 0 0 0 1 1
0x157e5 377 1 1 0 1 0 0 1
+4 * 1 1
+4 * 1 1
+8 * 1 0 0 0 0 0 0 0 0 1 1
+5 +2 1 1
+4 * 1 1 0 1 0 0 1
+3 * 1
+3 * 1 0 0 0 0 0 0 0 0 1 1
+28 * 29 29
+4 * 29
+4 * 29
+3 * 29 0 0 0 0 0 0 0 0 29 1
+6 +1 29
+4 * 29 0 0 0 0 0 0 0 0 29 4
+2 +2 1 1
+4 +1 1
+5 * 1 0 0 1 0 0 1
+7 -1 1
+3 +1 1 0 1
cfi=(35)
cfn=(264)
calls=1 0x28800 98 
* * 57 6 0 5 1 0 5 1 0 9 3 1 1
+6 * 1
+3 * 1
+2 * 1 0 0 0 0 0 0 0 0 1 1

fn=(260)
0x158e0 399 1 0 0 1 0 0 1
+4 * 1 0 1
+1 * 1
+3 * 1
+4 * 1 0 1
+4 +4 1
+3 * 1 0 0 0 0 0 0 0 0 1
+2 * 1 0 1
+4 -2 1
+3 * 1
+3 * 1 0 1 1 0 0 1
+4 * 1
+3 * 1 0 1
+4 * 1
+3 * 1
+28 +4 7 7
+7 * 7 0 0 0 0 0 0 0 0 7
+2 * 7
+3 * 7
+3 * 7
+3 * 7 0 7
cfn=(262)
calls=7 0x15000 155 
* * 32590 9856 1776 54 148 86 54 144 84 7115 488 102 64
+5 -2 7 7 0 1 0 0 1
+4 +1 7
+3 -1 7
+3 * 7 0 0 0 0 0 0 0 0 7 5
+2 +5 1
+3 * 1 1
+4 * 1 1
+4 * 1 1
+4 * 1 1
+4 * 1 1
+1 * 1 1

fl=(78)
fn=(290) dl_cet_check
0x16630 269 1 0 1 1 0 0 1
+1 * 1
+3 * 1
+3 * 1
+4 +6 1
+3 * 1 0 0 1 0 0 1 0 0 1
+6 +2 1 1
+6 * 1
+3 -1 1 0 1
+6 +6 1 1
+8 +3 1 0 1
+3 -3 1
+3 +1 1
+4 -1 1
+3 +1 1
+4 -1 1 0 1
+3 +1 1 0 1
+4 +5 1
+3 * 1 0 0 0 0 0 0 0 0 1
+2 +5 1
+2 * 1 0 0 0 0 0 0 0 0 1 1
0x166e5 +25 1 1 0 1 0 0 1
+1 * 1 1

fn=(666)
0x16950 331 1 0 0 1 0 0 1
+4 +3 1
+2 * 1 0 0 0 0 0 0 0 0 1 1
+42 +16 1 1 0 1 0 0 1

fn=(288)
0x169d0 361 1 0 0 1 0 0 1
+4 +1 1
cfn=(290)
calls=1 0x16630 -93 
* * 23 4 5 3 0 0 3 0 0 3 1

fl=(59)
fn=(198)
0x250e0 30 6 0 0 1 0 0 1
+4 +9 6
+5 * 6
+2 * 6
+6 * 6 0 0 0 0 0 0 0 0 6
+2 +33 6 6

fl=(183)
fn=(618)
0x1d370 30 1 0 0 1 0 0 1
+4 * 1 0 1
+1 +10 1
+6 * 1 0 0 1 0 0 1
+7 * 1
+5 * 1
+7 -10 1
+3 * 1 0 1
+2 * 1 0 1
+1 +7 1 1
+7 +3 1
+3 * 1 0 1
cfi=(184)
cfn=(620)
calls=1 0xc480 +34 
* * 238 59 19 8 8 0 8 2 0 25 6 1 1
+5 +4 1
+3 * 1 0 0 0 0 0 0 0 0 1
+6 +1 1
+3 * 1
+3 * 1
+4 * 1 1
+5 * 1 0 0 0 0 0 0 0 0 1
+2 * 1
+3 * 1 0 0 1 0 0 1 0 0 1
+2 * 1 1
+3 * 1 1
+4 +2 1
+6 * 1
+5 * 1
+3 * 1
+7 * 1
+7 -2 1 0 1
+7 +2 1 0 1
cfi=(184)
cfn=(620)
calls=1 0xc480 +27 
* * 222 57 19 0 6 0 0 1 0 21 4 1 1
+5 * 1
+3 +4 1
+3 * 1 0 0 0 0 0 0 0 0 1
+6 +1 1 1 0 1 0 0 1
+5 * 1 0 0 0 0 0 0 0 0 1
+2 * 1
+3 * 1 0 0 0 0 0 0 0 0 1
+2 * 1 1
+3 * 1 1
+4 +1 1 1
+1 * 1 1
+2 -1 1 0 1
+7 +1 1 1
+1 * 1 1

fl=(55)
fn=(186)
0x28600 40 5 0 0 1 0 0 1
+4 * 5 0 5
+1 * 5
+3 * 5 0 5
+2 * 5
+3 * 5 0 5
+1 +1 5 0 5
cfi=(23)
cfn=(64)
calls=5 +82 +16 
* * 175 25 0 1 0 0 1 0 0 15 3
+5 * 5
fi=(388) /usr/src/debug/glibc/glibc/string/../include/rtld-malloc.h
+4 +15 5
+3 * 5 5 5 0 0 0 0 0 0 0 0 5 1
cfi=(28)
cfn=(80)
calls=5 0xc690 -20 
* * 90 15 15 0 0 0 0 0 0 15 1
fe=(55)
+6 -12 5
+3 * 5 0 0 0 0 0 0 0 0 5
+2 +3 5
+3 * 5
+3 +1 5 5
+1 -1 5
+3 +1 5 5
+2 * 5 5
+1 -1 5
cfi=(30)
cfn=(84)
calls=5 0x26440 210 
* * 63 17 12 0 0 3 0 0 3 12 2

fl=(46)
fn=(152)
0x3650 104 2 0 0 2 0 0 1
+4 +3 2
+7 -2 2 0 2
+3 +2 2
+3 * 2 0 0 0 0 0 0 0 0 2 2
+2 +4 2
cfi=(49)
cfn=(154)
calls=2 0x37b0 -83 
* * 4 2 0 2 0 0 1
+13 -4 2 2
+7 * 2
+3 * 2 0 0 0 0 0 0 0 0 2 2

fn=(218)
0x3600 94 6 0 0 2 0 0 1
+4 -17 6
+7 -1 6
+3 * 6 0 0 0 0 0 0 0 0 6 5
+18 +20 6 6 0 0 1
+5 * 6 0 0 0 0 0 0 0 0 6
+2 +4 6 6

fn=(146)
0x3690 120 1 0 0 1 0 0 1
+4 -44 1
+3 * 1 0 0 0 0 0 0 0 0 1
+2 +46 1 1 0 0 1 0 0 1
+8 * 1 0 0 0 0 0 0 0 0 1
+2 +5 1
+3 * 1 1
+8 * 1
+7 +27 1 0 1
+10 * 1 0 1 1 0 0 1
+7 * 1 0 1
+7 +3 1 1
+8 * 1 0 0 0 0 0 0 0 0 1 1
+6 -37 1
+7 +48 1 1
0x3760 -8 1 1 0 1 0 0 1
+7 * 1 0 1
+7 +2 1 1
+7 * 1
+3 * 1 0 0 0 0 0 0 0 0 1 1

fn=(632)
0x3570 46 1 0 0 1 0 0 1
+4 * 1 0 1
+1 +6 1
+3 * 1
+3 * 1
+3 -6 1 0 0 1 0 0 1
+3 * 1
+4 +6 1 1
+7 * 1
+7 * 1 0 1
+2 * 1
+4 * 1 0 1
+2 -1 1 0 1
+8 +1 1 0 1
cfi=(80)
cfn=(302)
calls=1 0xb780 767 
* * 632 186 74 0 8 0 0 1 0 98 4
+5 +2 1 1
+1 * 1 1
+1 -2 1
+3 +2 1 1
+4 * 1 1
+5 * 1 0 0 0 0 0 0 0 0 1
+2 +2 1 1
+5 * 1 0 0 0 0 0 0 0 0 1
+2 * 1 0 0 1 0 0 1
+3 * 1 0 0 0 0 0 0 0 0 1
+2 * 1 1
+3 * 1 1
+4 * 1
+3 +1 1
+7 * 1
+3 * 1 0 0 0 0 0 0 0 0 1 1
+15 +13 1 1
+1 * 1 1

fl=(61)
fn=(204)
0x25580 47 26 0 0 1 0 0 1
+4 +3 26
+7 * 26 0 0 0 0 0 0 0 0 26
+2 -3 26 0 26
+1 * 26
+3 * 26 0 26 0 0 2 0 0 2
+2 * 26
+3 * 26 0 26
+1 * 26
+3 +6 26
+3 * 26 0 0 0 0 0 0 0 0 26 6
+2 +5 26
+3 * 26
+3 * 26
+5 * 26
+2 * 26
+6 * 26 0 0 0 0 0 0 0 0 26
+2 +2 26 26
+1 * 26 26
+2 * 26 26
+1 * 26 26
+56 -7 9 0 0 1 0 0 1
+2 * 9
+6 * 9
+3 * 9
+2 * 9 0 0 0 0 0 0 0 0 9 4
+2 * 5 5 0 1 0 0 1
+7 * 5 0 0 0 0 0 0 0 0 5

fl=(14)
fn=(28)
0x12860 289 1 0 0 1 0 0 1
+4 * 1 0 1
+1 +1 1
+2 * 1
+5 -1 1
+3 * 1
+4 +1 1
+4 * 1 0 1
cfi=(12)
cfn=(30)
calls=1 0x14f60 435 
* * 18 4 1 2 2 0 2 2 0 3 2
+5 +2 1
+2 * 1 1 0 1 0 0 1
+4 * 1
+3 -1 1 0 1
+6 +2 1 1
+1 * 1 1

fn=(252)
0x12890 298 1
+4 * 1 0 1
+1 * 1
+3 * 1 0 1
+2 * 1
+4 * 1 0 1
+2 * 1 0 1
+2 * 1
+3 * 1 0 1
+2 * 1
+3 * 1 0 1
+1 * 1
+4 +8 1 1
+7 -8 1 0 1
+3 +8 1
+3 * 1 0 0 1 0 0 1 0 0 1 1
0x12b7c -95 1 0 0 1 0 0 1
+2 -28 1 0 0 1 0 0 1
+3 -2 1 0 1
+4 +1 1 1
+3 +29 1
+4 -28 1
+4 * 1 0 0 0 0 0 0 0 0 1 1
+6 * 1
+3 * 1
+3 +1 1 1
+4 -1 1
+4 +1 1 0 1
+7 -1 1
+2 * 1 0 0 0 0 0 0 0 0 1 1
-17 +1 6 6
+4 -1 6
+4 +1 6 0 6
+7 -1 6
+2 * 6 0 0 0 0 0 0 0 0 6 5
+2 +28 1
+4 * 1
+3 * 1
+4 * 1
+4 * 1 0 0 1 0 0 1
+3 * 1
+7 * 1
+3 * 1
+3 * 1 0 0 0 0 0 0 0 0 1 1
+22 * 1
+5 * 1
+3 * 1
+3 * 1 0 0 0 0 0 0 0 0 1
+2 * 1 0 1
+5 +5 1
+4 +3 1
+4 * 1 0 1 1 0 0 1
+4 * 1
+3 -3 1 0 1
+4 +3 1
+2 * 1 1
+4 * 1
+4 * 1 0 1
+4 * 1
+3 * 1
+3 -1 1 0 1
+4 +3 1 0 1
+4 * 1
+3 * 1
+2 * 6
+4 * 6
+2 * 6 0 0 0 0 0 0 0 0 6
+6 +2 7 7
+4 -83 7 7 0 1 0 0 1
+7 * 7 0 0 0 0 0 0 0 0 7
+2 +3 7
+3 * 7
+4 * 7 0 7
cfn=(254) dfs_traversal.part.0
calls=7 0x12760 -8 
* * 223 61 28 2 0 0 2 0 0 47 9
+5 +83 7 7
+4 * 7
+3 * 7 0 0 0 0 0 0 0 0 7 5
+2 +18 1
+3 * 1 1
+4 * 1 1
+4 * 1 1
+5 * 1 1
+4 * 1 0 0 0 0 0 0 0 0 1 1
+80 +32 1 0 0 1 0 0 1
+3 * 1 0 0 1 0 0 1 0 0 1
+2 * 1 1
+4 * 1 0 0 0 0 0 0 0 0 1 1
+55 +7 1
+4 +27 1 0 0 1 0 0 1
+4 * 1 1
+1 * 1 1
+2 * 1 1
+2 * 1 1
+2 * 1 1
+2 * 1 1
+1 * 1 1
+92 -47 1 0 0 1 0 0 1
+3 * 1
+3 * 1 0 1
cfi=(30)
cfn=(84)
calls=1 0x26440 -53 
* * 19 5 4 0 0 0 0 0 0 4 2
+6 * 1

fn=(254)
0x12760 135 7 0 7 1 0 0 1
+1 * 7
+3 * 7
+3 * 7
+3 * 7
+4 +10 7 7
+7 -2 7 0 7
+7 +2 7
+3 * 7 0 0 1 0 0 1 0 0 7 2
+2 +2 5 5
+3 * 5
+3 * 5 0 0 0 0 0 0 0 0 5
+2 * 5
+5 -7 5 5
+7 * 5 0 0 0 0 0 0 0 0 5
-7 * 9 9
+7 * 9 0 0 0 0 0 0 0 0 9
+2 +7 14 14
+4 * 14
+4 * 14
+3 * 14 0 0 0 0 0 0 0 0 14 7
+2 +9 7
+3 * 7 0 0 0 0 0 0 0 0 7
+2 +15 7 7
+3 * 7
+4 * 7 0 7
+3 +1 7 0 7
+4 +1 7 7
+1 * 7 7

fl=(27)
fn=(74)
0xcd40 59 6 0 0 1 0 0 1
+4 * 6 0 6
+1 * 6
+3 * 6 0 6 0 0 1 0 0 1
+2 * 6
+3 * 6 0 6
+2 * 6 0 6
+2 * 6
+3 * 6 0 6
+2 * 6 0 6 0 0 1 0 0 1
+1 * 6
+4 * 6 0 6 0 0 1 0 0 1
+4 * 6 0 6 0 0 1 0 0 1
+3 * 6 0 6
+4 * 6 0 6
+4 +3 6
+7 * 6 0 0 0 0 0 0 0 0 6 1
+6 +18 5 5
+6 +3 5
+3 * 5 0 5 0 0 1 0 0 1
cfi=(23)
cfn=(64)
calls=5 0x28660 -26 
* * 103 13 0 0 0 0 0 0 0 11 1
+5 +4 5
+2 -4 5
+3 +4 5
+4 +5 5
+8 -9 5
+4 * 5 0 5
+4 * 5 0 5
fi=(29)
+4 -39 5
+5 * 5 5 5 0 0 0 0 0 0 0 0 5
cfi=(28)
cfn=(76)
calls=5 0xc7e0 +36 
* * 257 43 34 6 1 2 6 1 2 33 14 5
fe=(27)
-9 +39 1 0 1 1 0 0 1
fi=(29)
+4 -39 1
+5 * 1 1 1 0 0 0 0 0 0 0 0 1 1
cfi=(28)
cfn=(76)
calls=1 0xc7e0 +36 
* * 34 4 4 5 0 1 5 0 1 4 3 1 1
+6 * 6
fe=(27)
+3 +51 6
+3 * 6 0 0 0 0 0 0 0 0 6 1
+6 +4 6 6
+4 -1 6 0 6 1 0 4 1 0 4
+4 +6 6
+3 -5 6
+8 +5 6 6
+4 -5 6 0 6 0 0 6 0 0 6
+7 +4 6
+4 +1 6
+4 * 6 0 6
+4 -1 6 0 6 0 0 2 0 0 2
+4 +1 6 0 6
cfi=(30)
cfn=(84)
calls=6 0x26440 210 
* * 77 19 13 2 1 8 2 1 8 17 10
+6 * 6 6
+4 +15 6 6
+4 -15 6 0 6 0 0 1 0 0 1
+4 +2 6 0 6 1 0 0 1
+8 +13 6 6
+3 * 6 0 0 0 0 0 0 0 0 6 4
+6 +6 1
+4 +2 1 1 0 0 1 0 0 1
+8 * 1 0 1
+4 * 1 1
+4 * 1
+3 * 1
+3 * 1
+2 * 1 0 1
+7 +3 1 1
+7 * 1 0 0 0 0 0 0 0 0 1 1
-38 -3 5 5 0 0 5 0 0 5
+8 * 5 0 5
+4 * 5 5
+4 * 5
+3 * 5
+3 * 5
+2 * 5 0 5
+7 +3 5 5
+7 * 5 0 0 0 0 0 0 0 0 5 4
+6 +6 6 6
+4 -4 6 0 6 1 0 1 1 0 1
+7 +4 6 0 6
+4 +3 6
+2 * 6 0 0 0 0 0 0 0 0 6 4
+2 * 1
+7 * 1
+4 * 1
+7 * 1
+3 * 1
+7 * 1
+1 * 1
+11 * 1
fi=(4)
+11 1380 1 0 0 1 0 0 1
+3 * 1
+3 * 1
fe=(27)
+4 139 1
+4 * 1
+4 +2 1 0 1 0 0 1 0 0 1
+3 -2 1
+3 * 1 0 0 0 0 0 0 0 0 1 1
fi=(4)
-24 1380 15
+3 * 15
+3 * 15
fe=(27)
+4 139 15
+4 * 15
+4 +2 15 0 15 0 0 3 0 0 3
+3 -2 15
+3 * 15 0 0 0 0 0 0 0 0 15 9
+2 +16 6 6
+5 * 6
+7 -5 6 0 6 0 0 6 0 0 6
+11 -1 6
+7 +30 6
+7 -30 6 0 6 1 0 0 1
+7 +6 6 6 0 0 1 0 0 1
+4 * 6
+3 * 6 0 0 0 0 0 0 0 0 6 1
+6 +2 5
+7 * 5 0 5 0 0 3 0 0 3
+7 +3 5
+3 * 5 0 0 0 0 0 0 0 0 5
+6 -3 5
+5 * 5
+1 +7 5
+3 * 5 5
+7 * 5
+3 * 5 0 0 0 0 0 0 0 0 5
+2 +4 5
+2 * 5 0 0 0 0 0 0 0 0 5 1
+12 +8 1 0 1 1 0 0 1
+3 +3 1 0 1
+7 +10 1 1
+4 * 1 1
+4 * 1
+3 * 1 0 0 0 0 0 0 0 0 1 1
-18 -10 5 0 5 0 0 1 0 0 1
+7 +10 5 5
+4 * 5 5
+4 * 5
+3 * 5 0 0 0 0 0 0 0 0 5
+6 +2 5 0 5
cfi=(23)
cfn=(64)
calls=5 0x28660 57 
* * 175 25 0 0 1 0 0 1 0 15 2
+5 +21 5
+3 -21 5
+3 * 5
+4 * 5 0 5
+4 +17 5
+3 -13 5 0 0 1 0 0 1
+4 * 5 0 0 0 0 0 0 0 0 5
+2 * 5
0xcfb2 +50 5 5 0 1 0 0 1
+4 * 5 5
+4 * 5 0 5
cfi=(30)
cfn=(142)
calls=5 0x26430 -48 
* * 73 17 12 0 0 3 0 0 3 12 1
+6 +5 84
+3 * 84
+4 +1 84 84
+3 * 84 0 0 0 0 0 0 0 0 84 28
+2 +4 5
+3 * 5
+4 +1 5 0 5
+3 +3 5 0 5 0 0 1 0 0 1
+7 +4 5
+4 * 5
+3 * 5 5
+1 * 5 5
+2 * 5 5
+2 * 5 5
+2 * 5 5
+2 * 5 5
+1 * 5 5
-17 * 1
+4 * 1
+3 * 1 1
+1 * 1 1
+2 * 1 1
+2 * 1 1
+2 * 1 1
+2 * 1 1
+1 * 1 1
+2 131 6 0 6 1 0 6 1 0 6
+11 * 6
+5 -8 5
+3 -4 5 5
+4 * 5 0 0 0 0 0 0 0 0 5 4
+17 +34 1 0 0 1 0 0 1
+2 +7 1
+3 * 1 0 0 0 0 0 0 0 0 1
+6 * 1
+3 * 1
+10 +8 5 5
+7 * 5
+6 * 5
+3 * 5 0 0 1 0 0 1 0 0 5 2
fi=(29)
+56 56 5
+3 * 5 5 5 0 0 0 0 0 0 0 0 5 1
cfi=(28)
cfn=(80)
calls=5 0xc690 -20 
* * 90 15 15 0 0 0 0 0 0 15 1
+6 * 5
fe=(27)
+3 200 5
+3 * 5 0 0 0 0 0 0 0 0 5
+2 -1 5
+3 * 5
+12 64 1 0 0 1 0 0 1
+7 * 1 0 0 0 0 0 0 0 0 1 1
+73 +2 1 1 0 1 0 0 1
+3 * 1
+2 * 1 0 0 0 0 0 0 0 0 1
+6 +1 1 1
+5 * 1 0 0 0 0 0 0 0 0 1
+6 * 1 0 1 1 0 0 1
+8 * 1
+5 * 1
+5 * 1
+3 +10 1
+5 -6 1
+7 * 1

fn=(88)
0xcca0 31 6 0 0 1 0 0 1
+4 * 6 0 6
+1 * 6
+3 * 6 0 6
+2 * 6
+3 +2 6
+7 -2 6 0 6
+1 * 6
+3 +2 6 6 6 0 0 0 0 0 0 0 0 6 1
cfi=(25)
cfn=(90)
calls=6 0x14180 +10 
* * 18 6
+6 +2 6 0 0 1 0 0 1
+4 * 6
+7 * 6 6
+4 * 6
+3 * 6 0 0 0 0 0 0 0 0 6 1
+2 * 5
+3 * 5
+11 +3 5
+3 * 5 5
+4 * 5
+3 * 5 0 0 0 0 0 0 0 0 5 5
-10 * 15
+3 * 15 15
+4 * 15
+3 * 15 0 0 0 0 0 0 0 0 15 10
+2 +2 5 0 5
+5 +2 5 0 5
+4 +4 5
+4 +1 5 5
+7 +3 5
+7 -4 5 0 5
+5 +1 5 0 5
+8 +1 5
+4 +3 5 5
+1 -3 5 0 5
+7 +3 5 5
+2 * 5 5
+1 -1 5 5 0 0 0 0 0 0 0 0 0 5
cfi=(25)
cfn=(90)
calls=5 0x14180 -7 
* * 15 5
-46 -4 1
+4 +1 1 1 0 0 1 0 0 1
+7 +3 1
+7 -4 1 0 1
+5 +1 1 0 1
+8 +1 1
+4 +3 1 1
+1 -3 1 0 1
+7 +3 1 1
+2 * 1 1
+1 -1 1 1 0 0 0 0 0 0 0 0 0 1 1
cfi=(25)
cfn=(90)
calls=1 0x14180 -7 
* * 3 1
+13 -5 1 0 1 1 0 0 1
+4 * 1

fl=(41)
fn=(120)
0x1cb20 29 1 0 0 1 0 0 1
fi=(20) /usr/src/debug/glibc/glibc/elf/../sysdeps/x86/get-isa-level.h
+4 +2 1 1
+6 * 1
+2 * 1
+5 * 1 0 0 0 0 0 0 0 0 1 1
+15 +1 1 1 0 1 0 0 1
+6 * 1
+3 * 1 0 0 0 0 0 0 0 0 1
+2 +7 1 1
+6 * 1
+2 * 1
+2 * 1
+5 * 1 0 0 0 0 0 0 0 0 1
+2 +1 1 1
+6 * 1
+2 * 1
+3 * 1 0 0 0 0 0 0 0 0 1
+2 +8 1
+2 * 1
+6 * 1 0 0 0 0 0 0 0 0 1
+2 +3 1 1
+6 * 1
+2 * 1 0 0 1 0 0 1
+6 * 1 0 0 0 0 0 0 0 0 1 1
+8 +3 1
+3 * 1 0 0 0 0 0 0 0 0 1
fe=(41)
+2 -3 1
+2 * 1
+6 * 1
+3 * 1
+3 +1 1 1

fl=(67)
fn=(238) _dl_cache_libcmp
0x159a0 340 49 0 0 1 0 0 1
+4 * 49
+3 +1 49 49
+3 * 49
+2 * 49 0 0 0 0 0 0 0 0 49
-5 * 6 6
+3 * 6
+2 * 6 0 0 0 0 0 0 0 0 6 2
+2 +4 272 272 0 0 40 0 0 40
+4 -2 272
+3 +20 272
+4 -20 272
+2 * 272 0 0 0 0 0 0 0 0 272 6
+2 +20 266 0 0 1 0 0 1
+4 * 266 0 0 0 0 0 0 0 0 266
+6 +2 266
+3 * 266 0 0 0 0 0 0 0 0 266 43
+6 -24 223 223
+4 +28 223
+4 +1 223
+4 -29 223
+2 * 223 0 0 0 0 0 0 0 0 223 9
+2 +32 6 6
+3 * 6
+2 * 6 6
+11 -28 6
+4 * 6 0 0 0 0 0 0 0 0 6
+6 +8 6 6
+4 -2 6 0 0 1 0 0 1
+3 +1 6
+4 * 6
+4 -1 6
+4 +2 6
+4 * 6
+4 * 6 0 0 0 0 0 0 0 0 6 2
+35 +2 6 6
+4 * 6
+3 * 6 0 0 1 0 0 1
+3 -3 6
+3 +3 6 0 0 0 0 0 0 0 0 6 2
+51 +2 6
+2 * 6 0 0 0 0 0 0 0 0 6 2
+20 +9 43
+3 * 43
+3 * 43 43

fn=(236) search_cache
0x15aa0 198 4 0 4 1 0 0 1
+1 * 4
+3 * 4
+7 * 4 0 4
+4 * 4 0 4
+4 * 4 0 4
+4 +8 4
+3 * 4 0 0 0 0 0 0 0 0 4
+6 * 4 0 4 1 0 0 1
+4 * 4
+3 * 4
+2 * 4 0 4
+4 * 4
+3 * 4 0 4
+4 * 4
+3 * 4 0 4
+4 * 4
+3 * 4 0 4
+4 * 4
+6 332 22
+4 206 22
+3 * 22 0 0 0 0 0 0 0 0 22
+2 +2 43
+4 * 43
+3 * 43
+4 * 43
+3 * 43 0 0 1 0 0 1
+3 +1 43
+3 -23 43
+3 * 43
+4 +23 43 43 0 0 34 0 0 34
+5 +4 43
+3 * 43 0 0 0 0 0 0 0 0 43
+2 +4 43 43
+4 * 43 43
+4 * 43 0 43
cfn=(238)
calls=43 0x159a0 340 
* * 3357 511 0 4 39 0 4 39 0 916 54
+5 +1 43
+2 * 43 0 0 0 0 0 0 0 0 43 2
+2 329 39 0 0 0 0 0 0 0 0 39 23
+2 +1 17
+4 206 17
+3 * 17 0 0 0 0 0 0 0 0 17 2
+48 336 4 0 0 1 0 0 1
+4 208 4
+3 * 4 0 4
+4 * 4
+4 * 4 0 4
+4 * 4
+5 * 4
+3 * 4 4
+4 * 4 4 0 1 0 0 1
+4 * 4
+5 +20 6 6
+3 +3 6
+3 * 6 0 0 0 0 0 0 0 0 6
+2 +2 6
+3 * 6
+3 * 6
+3 * 6 0 6
cfn=(238)
calls=6 0x159a0 340 
* * 694 106 0 0 1 0 0 1 0 190 12
+5 * 6
+2 * 6 0 0 0 0 0 0 0 0 6 2
+2 +2 2
+4 -9 2
+3 * 2 0 0 0 0 0 0 0 0 2 2
-3 * 4
+3 * 4 0 0 0 0 0 0 0 0 4 2
+2 * 4
+3 * 4 4
+4 * 4 4
+4 +9 4 0 4
+10 * 4 0 0 1 0 0 1
+3 * 4
+4 +37 4 0 4
+4 * 4 0 4
+8 * 4
+4 * 4
+3 * 4
+3 * 4
+20 -27 4
+3 * 4 0 0 0 0 0 0 0 0 4 2
+27 +10 4 4 0 1 0 0 1
+7 * 4 0 0 0 0 0 0 0 0 4
+2 +1 4 4
+4 * 4
+2 * 4 0 0 0 0 0 0 0 0 4
+2 +7 4 4
+4 * 4 0 0 0 0 0 0 0 0 4
+2 +9 4
fi=(68) /usr/src/debug/glibc/glibc/elf/../sysdeps/generic/dl-cache.h
+10 125 4 4
fe=(67)
+4 272 4
+10 * 4 0 0 1 0 0 1
+3 * 4
+3 * 4 0 0 0 0 0 0 0 0 4
+2 +9 4 4
+5 * 4 0 0 0 0 0 0 0 0 4
+2 +5 4
+3 * 4 0 0 0 0 0 0 0 0 4
+2 +27 4 4
+4 * 4
+3 +2 4 4
+4 * 4 4
+4 +21 4
+3 * 4 4
+4 * 4 4
+4 * 4 4
+4 * 4 4
+1 * 4 4

fn=(230)
0x16160 386 4 0 0 1 0 0 1
+4 * 4 0 4
+1 * 4
+3 * 4
+3 * 4 0 4
+1 * 4
+4 +2 4 4
+7 * 4 0 0 0 0 0 0 0 0 4
+6 +3 4 4 0 1 0 0 1
+7 * 4
+3 * 4 0 0 0 0 0 0 0 0 4 1
+6 +69 3
+4 * 3 0 0 0 0 0 0 0 0 3
+6 * 3 3
+7 +5 3 3
+7 * 3
+4 * 3 0 0 0 0 0 0 0 0 3
-11 * 1 1
+7 * 1
+4 * 1 0 0 0 0 0 0 0 0 1
+6 +3 4 4
+3 * 4
+4 * 4
+6 * 4 0 4 1 0 0 1
cfn=(236)
calls=4 0x15aa0 198 
* * 5243 820 105 12 74 0 12 74 0 1320 101
+5 * 4
+3 +15 4 4
+7 * 4 0 0 0 0 0 0 0 0 4
+6 +4 4
+3 * 4 0 0 0 0 0 0 0 0 4
+2 +8 4
+3 * 4 0 4
cfi=(23)
cfn=(64)
calls=4 0x28660 57 
* * 140 20 0 0 3 0 0 3 0 12 2
+5 +1 4
+3 -1 4
+4 +1 4
+4 * 4
+3 * 4
+7 * 4
+3 * 4
+3 * 4 0 0 0 0 0 0 0 0 4 2
+22 * 4 0 0 1 0 0 1
+5 * 4
+3 * 4
+3 * 4 0 0 0 0 0 0 0 0 4 2
+2 * 4
+5 +1 4
+3 * 4
+3 -1 4
+4 +1 4 0 4
cfi=(30)
cfn=(84)
calls=4 0x26440 210 
* * 44 12 8 0 0 0 0 0 0 8
+6 * 4
+3 +1 4 0 4
cfi=(55)
cfn=(186)
calls=4 0x28600 40 
* * 332 60 40 0 0 2 0 0 2 36 2 4
+5 * 4
+3 +1 4
+3 * 4 4 0 1 0 0 1
+4 * 4 4
+1 * 4 4
+76 -3 4 0 4
+5 * 4
+11 394 1 0 0 1 0 0 1
+7 * 1
+5 * 1
+7 * 1 0 1
+4 * 1 0 1
cfi=(54)
cfn=(232)
calls=1 0xc900 36 
* * 103 16 16 3 1 3 3 1 3 12 4
+5 * 1
+3 +8 1 0 0 1 0 0 1
+4 * 1 0 0 0 0 0 0 0 0 1
+2 * 1 1
+7 * 1 1
+4 * 1
+4 * 1 0 0 0 0 0 0 0 0 1
+6 +1 1
+10 * 1 1 0 0 1 0 0 1
+3 * 1
+10 * 1 1
+4 * 1
+3 * 1 0 0 0 0 0 0 0 0 1 1
0x16418 -17 1
+3 * 1
+5 +17 1 1 0 1 0 0 1
+7 * 1 0 0 0 0 0 0 0 0 1
+6 +3 1
+10 * 1
+3 +1 1 1
+3 -1 1 0 0 1 0 0 1
+4 * 1
+4 * 1
+3 * 1 0 0 0 0 0 0 0 0 1
fi=(68)
+6 194 1 1
+4 +1 1
+2 * 1 0 0 0 0 0 0 0 0 1
+2 * 1
+3 * 1
+2 * 1 0 0 0 0 0 0 0 0 1 1
fe=(67)
+37 414 1 0 1 1 0 0 1
+7 +1 1 0 1
+7 * 1

fn=(658)
0x164f0 508 1 0 0 1 0 0 1
+4 +1 1 1 0 0 1
+7 * 1
+4 * 1 0 0 1 0 0 1
+4 * 1 0 0 0 0 0 0 0 0 1 1
+13 -1 1 0 1
+1 +3 1 1
+7 -3 1
+3 +3 1 0 1
cfi=(141)
cfn=(660)
calls=1 0x25660 117 
* * 6 1 0 0 0 0 0 0 0 1
+5 +7 1 1
+1 -6 1 0 1
+11 +4 1 0 1
+10 +2 1 1

fl=(80)
fn=(308) check_match
0xaa20 70 2894 0 2894 4 0 0 1
+1 * 2894
+3 * 2894
+3 * 2894
+3 * 2894
+4 * 2894 2894 0 0 322 0 0 204
+5 +3 2894 2894
+5 -3 2894 0 2894 0 0 14 0 0 1
+4 * 2894
+3 * 2894 0 0 3 0 0 1
+3 +3 2894 2894 0 0 330 0 0 229
+5 * 2894 0 0 0 0 0 0 0 0 2894 2
+6 * 2892
+2 * 2892
+3 * 2892
+3 * 2892
+3 +13 2892
+5 * 2892
+2 * 2892
+3 * 2892
+3 * 2892 0 0 0 0 0 0 0 0 2892
+6 * 2892 0 2892
+4 * 2892
+3 * 2892 0 2892
+4 * 2892
+3 +3 2892
+3 * 2892 0 0 0 0 0 0 0 0 2892 328
+2 * 360 360 0 2
+3 * 360
+3 * 360 360
+4 * 360 0 360
cfi=(35)
cfn=(104)
calls=360 0x27000 +9 
* * 19534 3261 0 75 412 0 20 234 0 2182 589 187 165
+5 * 360
+2 * 360 0 0 0 0 0 0 0 0 360
+6 +4 2892 2892 0 1 0 0 1
+4 * 2892 2892 0 0 28
+7 +1 2892
+3 * 2892 0 0 0 0 0 0 0 0 2892 6
+2 +4 2888
+3 * 2888 0 0 0 0 0 0 0 0 2888
+2 +4 2888 2888
+3 * 2888 2888 0 0 248 0 0 55
+4 +1 2888
+3 * 2888
+5 * 2888
+4 * 2888 2888 0 3 0 0 1
+4 * 2888 2888
+7 * 2888
+4 * 2888 2888
+5 * 2888 2888 0 0 70
+3 * 2888 0 0 0 0 0 0 0 0 2888 35
+2 +1 2858 2858 0 0 14
+3 * 2858 2858 0 0 7
+4 * 2858 0 2858 0 0 1 0 0 1
+3 * 2858 0 2858
+4 * 2858 0 2858
cfi=(35)
cfn=(104)
calls=2858 0x27000 -6 
* * 93755 17950 0 12 165 0 0 2 0 10853 1048 214 150
+5 * 2858 2858
+4 * 2858 2858
+3 * 2858
+2 * 2858 0 0 0 0 0 0 0 0 2858
+2 +54 2861
+3 * 2861 2861
+4 * 2861 2861
+4 +1 2861 2861 0 3 0 0 1
+4 * 2861 2861
+1 * 2861 2861
+4 -18 4
+3 * 4 0 0 0 0 0 0 0 0 4 1
+2 +2 4 4
+3 * 4 4 0 0 3
+4 +1 4
+2 -1 4
+2 * 4
+6 +1 4
+4 * 4
+3 * 4
+3 -1 4
+2 * 4 0 0 0 0 0 0 0 0 4 2
+2 +4 1
+3 * 1 0 0 0 0 0 0 0 0 1 1
+25 -38 30 30 0 3 0 0 1
+5 * 30
+2 * 30 0 0 0 0 0 0 0 0 30
+2 +1 30 30
+3 +1 30 30 0 0 5
+3 * 30 0 0 0 0 0 0 0 0 30 13
+2 * 17
+3 * 17 0 0 0 0 0 0 0 0 17 4
+4 * 13 13
+4 * 13 13
+4 -33 13
+2 +81 13 13
+4 * 13 13
+1 * 13 13
-5 * 20 20
+4 * 20 20
+1 * 20 20
+1 -86 2
+3 * 2 0 0 0 0 0 0 0 0 2
+6 * 2
+4 * 2 0 0 1 0 0 1 0 0 2
+6 +5 2
+2 * 2
+11 +34 18 18
+4 * 18 18
+4 * 18 18
+2 * 18
+3 * 18 0 18
+2 * 18
+2 * 18 0 0 0 0 0 0 0 0 18
+2 +3 18 18
+4 * 18 18
+4 * 18 0 18
+3 * 18 18
+4 -37 18
+2 * 18

fn=(302)
0xb780 767 2902 0 0 3 0 0 1
+4 * 2902 0 2902
+1 +3 2902
+4 -3 2902
+3 * 2902 0 2902 0 0 6 0 0 1
+2 * 2902
+3 * 2902 0 2902
+2 * 2902 0 2902
+2 * 2902 0 2902
+2 * 2902
+3 * 2902 0 2902
+1 * 2902
+3 * 2902
+7 * 2902 0 2902 0 0 8 0 0 1
+4 * 2902 0 2902 0 0 7 0 0 1
+7 * 2902 0 2902
+4 +3 2902 0 2902
fi=(81) /usr/src/debug/glibc/glibc/elf/../sysdeps/generic/dl-new-hash.h
+7 74 2902 2902 0 0 1846 0 0 1248
+3 +3 2902
+2 * 2902 0 0 3 0 0 1 0 0 2902 3
+6 -8 2902
+3 +1 2902
+6 * 2902
+1 +10 2902 2902 0 0 45 0 0 31
+4 +1 2902
+2 * 2902 0 0 0 0 0 0 0 0 2902
-6 -1 59045 59045 0 0 777 0 0 621
+4 +1 59045
+2 * 59045 0 0 0 0 0 0 0 0 59045 1455
+6 +20 60493
+7 -2 60493
+2 +6 60493
+4 -3 60493
+3 * 60493
+2 +2 60493
+3 -30 60493 60493 0 0 817 0 0 643
+3 +3 60493
+2 * 60493 0 0 0 0 0 0 0 0 60493 1496
fe=(80)
+2 770 2902 2902
+8 -1 2902 0 0 4 0 0 1
+5 +4 2902 0 2902 0 0 3
+8 -4 2902 0 2902
+4 +1 2902 0 2902
+4 +7 2902
+3 * 2902 0 0 0 0 0 0 0 0 2902 30
+2 * 2875 2875
+4 * 2875 0 0 0 0 0 0 0 0 2875 1
+6 +5 2902 2902
+7 * 2902 2902 0 0 2
+3 -2 2902 2902
+5 * 2902 0 0 0 0 0 0 0 0 2902 1
+6 +6 2902
+3 * 2902 0 0 4 0 0 1 0 0 2902
+6 -7 2902
+2 * 2902 0 2902
+7 -8 2902 2902
+7 +15 2902
+3 * 2902
+11 * 23 23
+4 * 23
+4 * 23
+2 * 23
+3 * 23 0 0 0 0 0 0 0 0 23 2
+2 +1 2902 2902
+3 * 2902 2902
+3 * 2902 2902 2902 0 0 8 0 0 2
+3 * 2902
+4 * 2902
+4 * 2902 0 2902 4 0 0 1
+1 * 2902 2902
+3 * 2902
+3 * 2902 2902 2902 0 0 1 0 0 1
+3 * 2902 0 2902
+1 * 2902
+3 * 2902 0 2902
+2 * 2902 0 2902
+1 * 2902 0 2902 0 0 9 0 0 1
cfn=(306) do_lookup_x
calls=2902 0xabc0 344 
* * 1087177 324777 128865 181 7740 101 62 1821 44 151757 10577 573 320
+5 * 2902
+4 * 2902
+2 * 2902 0 0 0 0 0 0 0 0 2902 3
+2 +5 2902 2902
+7 * 2902 2902
+5 * 2902 0 0 0 0 0 0 0 0 2902 2
+6 +23 2879 2879
+3 +1 2879
+3 * 2879 0 0 0 0 0 0 0 0 2879 5
+2 * 2874 2874
+4 * 2874
+2 * 2874
+2 * 2874 0 0 4 0 0 1 0 0 2874
+2 +7 2879 2879
+4 -7 2879
+3 +35 2879 2879
+8 * 2879
+3 * 2879
+2 * 2879 0 0 0 0 0 0 0 0 2879
+6 * 2879
+3 * 2879
+3 +14 2879 2879 0 0 30
+7 * 2879
+2 * 2879 0 0 0 0 0 0 0 0 2879 1
+6 +3 2879 2879
+7 * 2879 0 0 0 0 0 0 0 0 2879
+6 +17 2879 2879 0 4 0 0 1
+4 -74 2879 0 2879
+3 +76 2879
+4 * 2879
+3 * 2879 2879
+1 * 2879 2879
+2 * 2879 2879
+2 * 2879 2879
+2 * 2879 2879
+2 * 2879 2879
+1 * 2879 2879
-20 -76 23 0 23
+3 +76 23
+4 * 23
+3 * 23 23
+1 * 23 23
+2 * 23 23
+2 * 23 23
+2 * 23 23
+2 * 23 23
+1 * 23 23
fi=(81)
+58 87 1454 0 0 3 0 0 1
+3 +1 1454
+3 +1 1454
+3 * 1454
+4 +1 1454
fe=(80)
0xb9f8 794 23 23 0 1 0 0 1
+3 * 23
+3 * 23 0 0 0 0 0 0 0 0 23
+2 * 23 23 0 1 0 0 1
+4 * 23
+3 * 23
+2 * 23 0 0 0 0 0 0 0 0 23 2
0xba82 +78 23 0 0 1 0 0 1
+2 -60 23
+3 * 23
+72 +54 1 0 1 1 0 0 1
+11 * 1

fn=(306)
0xabc0 344 2902 0 2902 4 0 0 1
+1 * 2902
+3 * 2902
+3 * 2902
+3 * 2902
+7 * 2902 0 2902 0 0 1 0 0 1
+4 * 2902 2902
+4 * 2902 0 2902
+4 * 2902 2902
+4 * 2902 0 2902 0 0 12 0 0 2
+4 * 2902 2902
fi=(82) /usr/src/debug/glibc/glibc/elf/../sysdeps/generic/dl-protected.h
+4 29 2902
fe=(80)
+3 344 2902 0 2902
+4 * 2902 0 2902
+4 * 2902 0 2902
+4 * 2902 0 2902
+4 * 2902 0 2902
+4 +6 2902 2902 0 4 3 0 1
fi=(82)
+4 29 2902 0 2902
fe=(80)
+4 351 2902 2902
fi=(82)
+3 29 2902
+3 * 2902
+3 * 2902 2902
+4 * 2902
fe=(80)
+11 393 9834 9834 0 0 12
+6 * 9834
+2 * 9834 0 0 0 0 0 0 0 0 9834
+2 +8 9834 9834 0 0 22
+4 -4 9834 0 9834
+7 +1 9834 0 9834
+8 +3 9834 9834 0 4 21 0 1
+4 * 9834
+2 * 9834 9834
+7 * 9834 0 0 0 0 0 0 0 0 9834 8
+8 +1 9834 9834 0 0 6
+4 * 9834 9834 0 0 5
+4 +3 9834 9834
+7 -3 9834 0 9834
+4 +4 9834
+3 * 9834 0 0 0 0 0 0 0 0 9834
+6 +3 9834
+3 +4 9834 9834
+6 -4 9834
+3 +1 9834 9834
+6 -2 9834 9834 0 0 1805 0 0 211
+4 +5 9834
+3 * 9834
+2 * 9834
+2 +3 9834
+3 * 9834
+3 * 9834
+3 * 9834
+3 * 9834
+3 * 9834
+3 * 9834 0 0 0 0 0 0 0 0 9834 3659
+6 +99 6743
+4 * 6743
+3 * 6743 0 0 0 0 0 0 0 0 6743 23
+6 355 9841 9841 0 4 8 0 1
+5 * 9841 9841 0 0 26
+4 +3 9841
+3 * 9841 0 0 0 0 0 0 0 0 9841 2
+2 +4 9841 0 0 3 0 0 1
+4 * 9841 0 0 0 0 0 0 0 0 9841 25
+2 * 24 24
+7 * 24 0 0 0 0 0 0 0 0 24 4
+2 +21 9834 9834 0 0 19
+7 * 9834 0 0 0 0 0 0 0 0 9834 22
+17 +4 9834 9834 0 0 3
+7 * 9834 0 0 0 0 0 0 0 0 9834 16
fi=(4)
0xae40 151 2879 2879 0 4 0 0 1
+4 * 2879
+2 +1 2879
+3 * 2879
+3 * 2879
fe=(80)
+3 473 2879
+3 * 2879 0 0 0 0 0 0 0 0 2879
fi=(82)
+6 29 2879
+3 * 2879 0 0 0 0 0 0 0 0 2879 18
fe=(80)
+12 480 2879 2879
+4 * 2879
+3 * 2879
+2 * 2879 0 0 0 0 0 0 0 0 2879 785
+6 * 1221
+2 * 1221 0 0 0 0 0 0 0 0 1221 51
+6 * 1139
+2 * 1139 0 0 3 0 0 1 0 0 1139
+2 +16 2797 2797
+4 * 2797 0 2797
+3 +1 2797 0 2797
+4 +1 2797 2797
+4 * 2797
+5 +21 2797 2797
+4 * 2797 2797
+4 * 2797 2797
+4 * 2797 2797
+4 * 2797 2797
+1 * 2797 2797
-26 -21 82 82
+4 * 82
+5 +21 82 82
+4 * 82 82
+4 * 82 82
+4 * 82 82
+4 * 82 82
+1 * 82 82
-17 * 23 23
+4 * 23 23
+4 * 23 23
+4 * 23 23
+4 * 23 23
+1 * 23 23
+43 -52 237 237 0 3 0 0 1
+4 * 237 0 0 0 0 0 0 0 0 237 15
+2 * 18 18
+4 +2 18
+3 * 18 0 0 0 0 0 0 0 0 18 4
+6 +46 219
+4 * 219 219
+4 * 219
+3 * 219 0 0 0 0 0 0 0 0 219 4
+16 +3 23
+2 * 23
+6 -98 3176 0 0 4 0 0 1
+3 * 3176
+2 * 3176
+2 -1 3176 3176
+7 * 3176 3176 0 0 1558 0 0 239
+3 +2 3176
+2 * 3176 0 0 0 0 0 0 0 0 3176 78
+6 +2 3098 3098
+7 * 3098 0 3098
+4 +5 3098 0 3098 0 0 11 0 0 1
+7 * 3098 0 3098
+4 * 3098
+5 * 3098
+3 * 3098 0 0 4 0 0 1
+3 * 3098 0 3098
+4 * 3098 0 3098
+4 * 3098 0 3098
+4 * 3098 0 3098
+4 * 3098 0 3098
+4 * 3098
+10 +8 4595
+4 * 4595
+4 * 4595 0 0 0 0 0 0 0 0 4595 248
+6 -10 7456 7456 0 0 2475 0 0 570
+4 * 7456
+3 * 7456
+3 * 7456
+2 * 7456 0 0 0 0 0 0 0 0 7456 3197
+2 +3 2894
+4 * 2894 0 0 4 0 0 1
+4 * 2894 2894
+4 * 2894 2894
+4 -1 2894
+7 +1 2894 0 2894 0 0 12 0 0 2
+1 * 2894
+4 * 2894 2894
+4 -1 2894
+3 +1 2894 0 2894
+1 * 2894 2894
+3 -1 2894
+3 +1 2894 0 2894
+1 -1 2894
+4 +1 2894 2894 2894 0 0 1 0 0 1
+3 +1 2894
+2 -1 2894 0 2894
+1 * 2894 2894
+4 +1 2894
+4 -1 2894
+4 * 2894 2894 0 4 0 0 1
+4 * 2894 0 2894
cfn=(308)
calls=2894 0xaa20 70 
* * 286205 79793 20542 107 1604 15 27 724 2 33707 2029 401 315
+5 +4 2894
+4 * 2894
+3 * 2894 0 0 0 0 0 0 0 0 2894 9
+2 * 2861
+3 * 2861 2861
+4 * 2861 2861
+4 * 2861
+3 * 2861 2861
+7 * 2861 2861
+4 * 2861 2861
+4 * 2861 2861
+4 * 2861
0xb080 219 82 82 0 1 0 0 1
+4 +2 82
+7 -2 82 0 82
+4 * 82 0 82
+4 +2 82
+4 -2 82 0 82
+4 * 82 0 82
+4 +2 82
+5 +2 82
+3 -2 82 0 82
+7 * 82
+3 * 82 82 82 0 2 0 0 0 0 0 0 82 1
cfi=(25)
cfn=(90)
calls=82 0x14180 43 
* * 246 82
+6 +2 82 82 0 0 2 0 0 1
+5 +2 82 82
+4 * 82 82 0 1 0 0 1
+4 * 82
+3 * 82 0 0 0 0 0 0 0 0 82 1
+6 -1 81 81
+5 +3 81
+3 * 81
+2 * 81
+3 * 81 0 81
+4 * 81
+3 +1 81 81
+4 -1 81 0 81
+7 * 81 0 81
+7 +1 81
+4 -1 81
+3 +1 81
+2 * 81
+3 -1 81 0 81 1 0 0 1
+7 * 81
+3 * 81
+3 +1 81
+4 * 81
+3 -1 81
+3 * 81
+3 * 81
+4 * 81
+3 * 81
+3 * 81 0 81
+7 * 81
+3 * 81
+3 * 81
+4 * 81 0 81
+4 * 81
+3 * 81
+3 * 81 0 0 1 0 0 1
+3 * 81
+3 * 81
+3 * 81
+3 * 81
-42 * 46
+3 * 46 0 46
+7 * 46
+3 * 46
+3 * 46
+4 * 46 0 46
+4 * 46
+3 * 46
+3 * 46
+3 * 46
+3 * 46
+3 * 46
+3 * 46
+6 +24 176
+3 * 176 0 0 0 0 0 0 0 0 176 82
+6 +3 95
+3 +1 95
+3 * 95
+3 * 95 0 0 0 0 0 0 0 0 95 44
+6 -23 176 176 0 0 86 0 0 23
+4 -1 176 176
+4 * 176 0 0 0 0 0 0 0 0 176 16
+80 484 1658 1658 0 3 2 0 1
+6 * 1658
+2 * 1658 0 0 0 0 0 0 0 0 1658 8
+36 +5 1 0 1
fi=(29)
+4 44 1
+5 * 1
+5 * 1 0 1
+4 * 1 1 1 1 0 0 1 0 0 0 0 1 1
cfi=(28)
cfn=(76)
calls=1 0xc7e0 +36 
* * 28 4 3 2 1 1 0 0 0 4 2 1
+6 * 1
fe=(80)
+3 299 1
+3 * 1 0 0 0 0 0 0 0 0 1
+6 +3 1 0 1
+5 -75 1 1
+4 +70 1
+6 +7 1 1
+7 -7 1 1
+4 +6 1 0 1
+9 -76 1
+3 +70 1 1
+4 +7 1 0 1
+5 167 1 0 0 1 0 0 1
+10 * 1
+3 * 1
+3 * 1
+3 * 1
+3 * 1
+4 * 1
+4 * 1
+3 * 1
+4 * 1
+3 * 1
+3 * 1
+3 +1 1
+10 * 1
+3 * 1
+4 * 1 0 0 1 0 0 1
+4 * 1
+3 * 1
+4 313 1 1
+2 -1 1 1
+4 * 1
+3 * 1
+4 * 1
+3 -5 1 1
+4 * 1 0 0 0 0 0 0 0 0 1 1
-20 +6 81 81
+2 -1 81 81
+4 * 81
+3 * 81
+4 * 81
+3 -5 81 81
+4 * 81 0 0 0 0 0 0 0 0 81 12
+76 +19 82 82 0 1 0 0 1
+5 * 82
+7 * 82 0 82
+4 +2 82 82
+7 -2 82 0 82
+6 +2 82 82 82 0 0 0 0 0 0 0 0 82 1
cfi=(25)
cfn=(90)
calls=82 0x14180 43 
* * 246 82
+6 +2 82 82
+4 * 82 82
+4 +1 82 0 82
+4 -1 82 0 82
+3 +1 82
+5 173 38
+3 * 38
+3 * 38
+4 * 38
+3 * 38
-10 * 82 0 0 1 0 0 1
+3 * 82
+4 * 82
+3 * 82
+19 -2 84
+3 +1 84
+3 * 84
+3 * 84 0 0 0 0 0 0 0 0 84 37
+2 -3 166 166 0 1 2 0 1 2
+5 * 166 0 0 0 0 0 0 0 0 166 54
+2 +7 82 0 82
+3 +1 82 0 82
+4 +1 82 0 82 0 0 23 0 0 11
+4 +1 82 0 82
+4 315 82 82
+7 * 82
+3 * 82
+2 * 82 0 0 0 0 0 0 0 0 82 14
+59 -56 81 0 0 1 0 0 1
+3 * 81 81
+5 * 81
+3 * 81 81
+4 * 81
+7 * 81 0 0 1 0 0 1
+4 * 81 81
+7 * 81 81
+7 * 81 81
+7 * 81 81
+4 * 81 81
+5 * 81
+4 * 81
+3 * 81 0 0 0 0 0 0 0 0 81 13
+6 +7 2
+4 * 2 0 2
+7 * 2 0 2
+4 * 2 0 2 1 0 0 1
cfi=(54)
cfn=(592)
calls=2 0xca30 85 
* * 159 14 0 2 4 0 2 2 0 22 14
fi=(29)
+5 44 2
fe=(80)
+5 266 2
fi=(29)
+3 44 2
+3 * 2 2 2 0 0 0 0 0 0 0 0 2 1
cfi=(28)
cfn=(76)
calls=2 0xc7e0 +36 
* * 56 8 6 0 1 1 0 0 0 8 4 2
+6 * 2
fe=(80)
+3 269 2
+3 * 2 0 0 0 0 0 0 0 0 2
+6 168 2
+5 * 2 2
+4 276 2 2
+4 * 2 2
+7 * 2 2
+7 168 2 0 2
+4 * 2
+3 * 2 0 0 1 0 0 1
+4 276 2
+3 * 2 2
+4 * 2
+4 * 2 0 0 0 0 0 0 0 0 2 1
+6 * 2 0 2
+4 * 2
+7 +1 2 2 0 0 2 0 0 1
+4 * 2
+3 * 2 0 0 0 0 0 0 0 0 2 2
-7 * 90 90 0 0 5 0 0 1
+4 * 90
+3 * 90 0 0 0 0 0 0 0 0 90 23
+2 +1 70
+5 * 70 70
+3 167 70
+2 278 70 70 0 0 18
+4 * 70 70
+5 * 70
+3 167 70 0 0 1 0 0 1
+3 +1 70
+2 -1 70
+3 +1 70
+2 * 70 70
+4 * 70
+4 +1 70
+3 * 70
+4 * 70
+3 * 70
+4 * 70
+3 * 70
-10 * 5
+3 * 5
+4 * 5
+3 * 5
+30 +2 14
+3 +1 14
+3 * 14
+3 * 14 0 0 0 0 0 0 0 0 14 6
+6 -3 84 84 0 0 48 0 0 47
+5 * 84 0 0 0 0 0 0 0 0 84 13
+2 +7 70 0 70
+2 +3 70 0 70 0 0 24 0 0 24
+4 -2 70 0 70
+4 +99 70
+4 * 70
+3 * 70 0 0 0 0 0 0 0 0 70 24
-7 * 22 0 0 1 0 0 1
+4 * 22
+3 * 22 0 0 0 0 0 0 0 0 22 9
+6 * 2 2
+4 +6 2 2
+5 * 2
+7 * 2 0 2 1 0 0 1
+4 * 2
+3 * 2 0 2
+4 * 2 0 2
+4 * 2
+3 * 2 2 2 0 0 0 0 0 0 0 0 2 1
cfi=(28)
cfn=(594)
calls=2 0xc820 97 
* * 10 4 0 0 0 0 0 0 0 2
+4 +4 2 2
+7 167 2
+2 285 2
+3 * 2 2
+4 * 2 2
+4 -2 2 0 2
+4 +3 2 0 2
+4 167 2 2
+4 285 2 0 2
+4 +1 2 2
+4 -2 2
+3 167 2
+3 +1 2 2
+4 -1 2
+3 +1 2
+2 * 2 2
+4 * 2
+4 * 2
+14 +88 46 0 0 1 0 0 1
+3 * 46
+3 * 46
+3 * 46
+3 * 46 46
+4 * 46
+3 * 46
+3 * 46
+3 * 46
0xb63e 445 237 0 0 3 0 0 1
+3 * 237 237
+4 * 237 237
+7 * 237 237
+4 * 237 237
+4 * 237 237
+4 * 237 237
+4 * 237
0xb6d0 173 5 0 0 1 0 0 1
+3 * 5

fl=(30)
fn=(84)
0x26440 210 35 0 0 2 0 0 1
+4 +1 35
+3 +6 35
+4 +1 35 0 0 0 0 0 0 0 0 35 9
+2 +2 26 26 0 0 4 0 0 1
+3 +1 26
+4 +1 26 0 0 0 0 0 0 0 0 26 9
+2 +2 17 17
+5 +1 17 0 17 0 0 5 0 0 5
+3 +1 17 0 17 0 0 1 0 0 1
+5 +2 17 17
+13 +80 9
+3 +1 9 0 0 0 0 0 0 0 0 9 6
+2 +2 2
+3 +4 2 0 0 0 0 0 0 0 0 2
+2 +1 2
+3 +1 2 0 0 0 0 0 0 0 0 2
+2 +1 2 2 0 1 2 0 1 2
+2 +1 2 0 0 0 0 0 0 0 0 2 2
+12 +4 2 0 2 0 0 2 0 0 2
+2 +2 2 2
+17 +39 7 7 0 0 1 0 0 1
+5 +1 7 7
+3 +1 7 0 7 0 0 5 0 0 5
+3 +1 7 0 7 0 0 1 0 0 1
+5 +1 7 7
+1 +7 8 8 0 0 1
+5 +1 8 8
+5 +1 8 0 8 0 0 2 0 0 2
+3 +1 8 0 8 0 0 2 0 0 2
+4 +1 8 0 8 0 0 1 0 0 1
+5 +1 8 0 8
+5 +1 8 8
+4 +11 9 0 0 1 0 0 1
+7 +1 9 0 0 0 0 0 0 0 0 9 1
+2 +2 8 8
+4 +1 8
+4 +1 8 0 0 0 0 0 0 0 0 8 7
+66 +20 1 0 0 1 0 0 1
+3 +1 1
+3 +4 1
+3 +2 1 0 0 0 0 0 0 0 0 1
+6 +16 1
+4 +3 1
+3 +2 1
+4 +2 1 0 0 1 0 0 1
+6 +4 1
+3 +1 1 0 0 0 0 0 0 0 0 1
+2 +9 1 1 0 0 1 0 0 1
+5 +1 1 1
+5 +2 1
+3 +2 1
+4 +1 1 1
+5 +1 1 1 0 0 1 0 0 1
+6 +3 1
+3 +2 1
+3 +2 1
+3 +2 1
+5 +6 1 1
+3 +1 1 1 0 0 1 0 0 1
+4 +1 1 1
+4 +1 1 1 0 1 0 0 1
+4 +1 1
+4 +1 1 0 1
+3 +1 1 0 1 0 0 1 0 0 1
+4 +1 1 0 1
+4 +1 1 0 1
+4 +1 1
+4 +1 1
+3 +1 1 0 0 0 0 0 0 0 0 1 1
-41 -11 2 2
+3 +1 2 2 0 0 1 0 0 1
+4 +1 2 2
+4 +1 2 2
+4 +1 2
+4 +1 2 0 2
+3 +1 2 0 2 0 0 2 0 0 2
+4 +1 2 0 2
+4 +1 2 0 2
+4 +1 2
+4 +1 2
+3 +1 2 0 0 0 0 0 0 0 0 2 1
+2 +2 1 0 1 0 0 1 0 0 1
+4 +1 1 0 1
+4 +1 1 0 1
+4 +1 1 0 1
+4 +2 1 0 1
+3 +4 1 1

fn=(142)
0x26430 197 10 0 0 2 0 0 1
+4 +1 10
+3 +1 10
+3 +1 10
+13 +17 10
+4 +1 10 0 0 0 0 0 0 0 0 10 5
+2 +2 6 6 0 0 1
+3 +1 6
+4 +1 6 0 0 0 0 0 0 0 0 6 2
+2 +2 4 4
+5 +1 4 0 4 0 0 1 0 0 1
+3 +1 4 0 4 0 0 1 0 0 1
+5 +2 4 4
+13 +80 4
+3 +1 4 0 0 0 0 0 0 0 0 4 2
+2 +2 2
+3 +4 2 0 0 0 0 0 0 0 0 2
+2 +1 2
+3 +1 2 0 0 0 0 0 0 0 0 2 1
+18 +8 2 2
+17 +39 2 2
+5 +1 2 2
+3 +1 2 0 2
+3 +1 2 0 2
+5 +1 2 2
+1 +7 2 2 0 0 1
+5 +1 2 2
+5 +1 2 0 2 0 0 1 0 0 1
+3 +1 2 0 2
+4 +1 2 0 2 0 0 2 0 0 2
+5 +1 2 0 2
+5 +1 2 2
+4 +11 2
+7 +1 2 0 0 0 0 0 0 0 0 2
+2 +2 2 2
+4 +1 2
+4 +1 2 0 0 0 0 0 0 0 0 2

fl=(45)
fn=(134)
0x26160 59 1 0 0 1 0 0 1
+4 +12 1
+4 +1 1 0 0 0 0 0 0 0 0 1
+6 +22 1
+3 +1 1 0 0 0 0 0 0 0 0 1 1
+47 +45 1 1 0 1 0 0 1
+3 +1 1 1
+3 +2 1
+3 +1 1 0 0 0 0 0 0 0 0 1
+2 +2 1 1
+5 +1 1 1
+5 +2 1
+3 +1 1 0 0 0 0 0 0 0 0 1 1
+24 +47 1 0 0 1 0 0 1
+3 +1 1
+3 +1 1
+3 +1 1
+2 +1 1
+3 +1 1 1

fl=(17)
fn=(38)
0x18010 728 1 0 1 1 0 0 1
+1 +3 1
+2 -3 1
+3 * 1 0 1
+2 * 1 0 1
+2 * 1 0 1
+2 * 1 0 1
+2 * 1 0 1
+1 * 1
+7 +3 1 0 1
+7 +9 1 0 1 0 0 1 0 0 1
+10 -8 1 0 1
+7 +1 1 0 1 1 0 0 1
+7 +9 1 0 1 0 0 1 0 0 1
+11 +9 1
+2 * 1 0 1
+6 +3 1
+6 * 1 0 0 0 0 0 0 0 0 1
+6 * 1
+6 * 1 0 0 0 0 0 0 0 0 1
+6 * 1
+6 * 1 0 0 0 0 0 0 0 0 1
+6 +6 1
+4 * 1 0 0 1 0 0 1
+4 * 1
+4 * 1
+4 * 1
+3 * 1 0 1
cfn=(40) get_common_indices.constprop.0
calls=1 0x17020 431 
* * 71 10 23 7 0 3 7 0 3 8 1
+5 409 1
+5 * 1
+2 * 1
+2 +1 1
+5 * 1 0 0 0 0 0 0 0 0 1
+2 +1 1
+5 * 1
+2 * 1 0 1
+6 * 1 0 1
+6 * 1 0 1
+6 * 1 0 1 1 0 0 1
+6 +5 1
+6 * 1 0 0 0 0 0 0 0 0 1
+2 +1 1
+5 * 1
+2 * 1 0 1 0 0 1 0 0 1
+6 * 1 0 1
+6 * 1 0 1
+6 * 1 0 1
+6 +5 1
+6 * 1 0 0 0 0 0 0 0 0 1
+2 +1 1
+5 * 1
+2 * 1 0 1
+6 * 1 0 1 1 0 0 1
+6 * 1 0 1
+6 * 1 0 1
+6 765 1 0 1
cfn=(44) update_active.constprop.0
calls=1 0x17a40 90 
* * 200 42 39 19 1 1 19 1 1 21 12
+5 +4 1 1
+6 +4 1 1
+3 1156 1 1
+7 770 1
+2 * 1
+6 * 1 0 1
+6 +3 1
+3 * 1 0 0 0 0 0 0 0 0 1 1
+27 901 1 1 0 1 0 0 1
+7 * 1 0 0 0 0 0 0 0 0 1
+2 +7 1
+3 * 1 0 1
+6 +60 1 1
+7 * 1 0 0 0 0 0 0 0 0 1
+2 +7 1 1
+7 * 1 0 0 0 0 0 0 0 0 1
+2 +2 1
+3 * 1 0 1
+6 +4 1 0 0 1 0 0 1
+7 * 1 0 0 0 0 0 0 0 0 1 1
+11 +6 1 1
+7 * 1 0 0 0 0 0 0 0 0 1 1
+14 1156 1
+3 +8 1
+2 +1 1
fi=(21)
+2 977 1 1
fe=(17)
+7 1156 1
+6 758 1
fi=(21)
+6 1010 1 0 0 1 0 0 1
+2 * 1
+3 * 1
+3 * 1 0 1
+6 * 1
+4 * 1 0 1
fe=(17)
+4 755 1
0x18267 1148 1 1 0 1 0 0 1
+6 * 1
+3 * 1 0 0 0 0 0 0 0 0 1
+2 +1 1
+3 * 1 0 1
+6 +3 1
+3 * 1 0 0 0 0 0 0 0 0 1
+2 +1 1 0 0 1 0 0 1
+3 * 1 0 1
+6 +3 1
+2 * 1 0 0 0 0 0 0 0 0 1 1
+14 +9 1 0 1
+6 +1 1 1
+3 -3 1 0 1
+7 +1 1 0 1
+6 +2 1 0 1
fi=(21)
+6 861 1
+4 * 1 0 0 0 0 0 0 0 0 1 1
0x18369 964 1 1 0 1 0 0 1
+7 +5 1 0 1
+7 +11 1
+3 -7 1 1 0 1 0 0 1
+7 +2 1 0 1
+7 +5 1
+5 -16 1 0 1 0 0 1 0 0 1
+7 +1 1 1
+7 +15 1
+4 -10 1 0 1
+7 -5 1 0 1
+7 +1 1 1
+7 +5 1 0 1
+7 -5 1 0 1 1 0 0 1
+7 +1 1 1
+7 +5 1 0 1
+7 -5 1 0 1
+7 +1 1 1
+7 +5 1 0 1
+7 -5 1 0 1
+7 +6 1 0 1
+7 +37 1 1
+7 * 1 0 0 0 0 0 0 0 0 1
+2 -17 1 1
+4 * 1 0 0 1 0 0 1
+2 * 1
+3 +8 1
+3 * 1
+4 +29 1
+10 * 1
+5 * 1
+3 * 1
+4 * 1
+7 * 1
+4 +9 1
+7 * 1 0 0 0 0 0 0 0 0 1 1
+42 +20 1 1 0 1 0 0 1
+7 * 1
+5 +13 1
+3 * 1
+5 -13 1
+4 +6 1
+4 +20 1 0 0 1 0 0 1
+7 -20 1
+4 +7 1
+2 -7 1 0 1
+7 +7 1 0 1
cfi=(12)
cfn=(30)
calls=1 0x14f60 435 
* * 17 4 1 0 2 0 0 2 0 3 1
+5 * 1 1
+4 +5 1
+3 * 1
+5 -3 1
+3 * 1 1
+8 +3 1
+2 * 1 0 1
cfi=(12)
cfn=(30)
calls=1 0x14f60 435 
* * 17 4 1 0 2 0 0 2 0 3 1
+5 * 1 1
+4 +80 1 1
+4 -68 1
+3 * 1 0 0 1 0 0 1
+5 -10 1
+3 +78 1
+4 * 1 1
+8 -72 1 1
+7 * 1
+4 +72 1 0 1
+7 -68 1
+2 +68 1 0 1
+4 -68 1 0 1
cfi=(12)
cfn=(30)
calls=1 0x14f60 435 
* * 17 4 1 0 2 0 0 2 0 3 1
+5 * 1 1
+4 +5 1
+3 -4 1
+10 +4 1 0 0 1 0 0 1
+5 -4 1
+7 * 1
+3 +55 1
+4 -51 1
+2 +51 1 0 1
+7 -51 1 0 1
cfi=(12)
cfn=(30)
calls=1 0x14f60 435 
* * 17 4 1 0 2 0 0 2 0 3 1
+5 * 1 1
+4 +5 1
+3 -4 1
+10 +4 1
+5 -4 1
+7 * 1
+3 +37 1 0 0 1 0 0 1
+4 -33 1
+2 +33 1 0 1
+7 * 1 0 1
+7 -33 1 0 1
cfi=(12)
cfn=(30)
calls=1 0x14f60 435 
* * 17 4 1 0 2 0 0 2 0 3
+5 * 1 1
+4 +7 1
+3 -6 1 1
+7 +6 1
+5 +42 1 1
+8 -42 1
+2 * 1 0 1
cfi=(12)
cfn=(30)
calls=1 0x14f60 435 
* * 17 4 1 0 2 0 0 2 0 3
+5 +2 1 1 0 1 0 0 1
+7 -2 1 1
+4 +2 1 1
+7 +40 1
+3 -40 1 0 0 0 0 0 0 0 0 1
+6 -2 1 0 1
+7 +26 1 0 1
+4 * 1 1
+4 * 1
+4 * 1
+3 * 1
+5 * 1 0 1
+8 * 1 0 1
+8 * 1 0 1 1 0 0 1
+8 * 1 0 1
cfi=(12)
cfn=(60)
calls=1 0x148e0 162 
* * 39 7 4 4 0 0 4 0 0 6 1
+5 +6 1 1
+7 * 1 0 0 0 0 0 0 0 0 1
+6 +3 1 1
+4 * 1
+4 * 1
+3 * 1
+5 * 1 1
+7 * 1 0 1
+8 * 1 0 1 1 0 0 1
+8 * 1 0 1
+4 * 1 0 1
+8 * 1 0 1
cfi=(12)
cfn=(60)
calls=1 0x148e0 162 
* * 39 7 4 0 0 0 0 0 0 6 1
+5 +2 1 1
+4 * 1
+4 * 1
+3 * 1
+5 * 1 0 1
+4 * 1 0 1
+8 * 1 0 1
+8 * 1 0 1
+8 * 1 0 1 1 0 0 1
cfi=(12)
cfn=(60)
calls=1 0x148e0 162 
* * 39 7 4 0 0 0 0 0 0 6 1
+5 +1 1 1
+7 * 1 1
+4 * 1
+4 * 1
+5 * 1 0 1
+8 * 1 0 1
+4 * 1
+3 * 1 0 1
+8 * 1 0 1
+8 * 1 0 1
cfi=(12)
cfn=(60)
calls=1 0x148e0 162 
* * 39 7 4 0 0 0 0 0 0 6 1
+5 +1 1 0 1
+4 * 1 1 0 1 0 0 1
+4 * 1
+10 * 1 0 1
+4 * 1
+4 * 1
+3 * 1
+5 * 1
+3 * 1 0 1
+8 * 1 0 1
+8 * 1 0 1
cfi=(12)
cfn=(60)
calls=1 0x148e0 162 
* * 39 7 4 0 0 0 0 0 0 6
+5 +3 1
+4 * 1
+3 * 1 0 1
+4 * 1 1 0 1 0 0 1
+7 * 1
+5 * 1 0 1
+8 * 1 0 1
+8 * 1 0 1
+4 * 1
+3 * 1 0 1
cfi=(12)
cfn=(60)
calls=1 0x148e0 162 
* * 39 7 4 0 0 0 0 0 0 6
+5 +8 1 0 1
+7 +1 1 1
fe=(17)
+4 +12 1
fi=(21)
+2 -8 1 1
+7 -2 1 1 0 1 0 0 1
fe=(17)
+7 +10 1
+3 * 1
fi=(21)
+7 -12 1 0 1
+7 +1 1 1
+7 +3 1 0 1
+7 -2 1 0 1
+7 -1 1 0 1
+7 +2 1 0 1
+7 +2 1 0 1
fe=(17)
+7 +7 1 0 1 1 0 0 1
cfi=(12)
cfn=(30)
calls=1 0x14f60 435 
* * 16 3 1 1 2 0 1 2 0 2 2
+5 +3 1
+7 * 1
+3 * 1
+5 * 1 0 1
cfi=(12)
cfn=(30)
calls=1 0x14f60 435 
* * 18 4 1 0 0 0 0 0 0 3 2
+5 +9 1 1
+6 +4 1 1
+6 -4 1
+5 * 1 0 0 0 0 0 0 0 0 1 1
+97 +55 1 1 0 1 0 0 1
+7 -1 1 0 1
+11 +1 1 0 0 0 0 0 0 0 0 1 1
+6 +45 1
+7 * 1
+3 * 1
+5 * 1 0 1
cfi=(12)
cfn=(30)
calls=1 0x14f60 435 
* * 16 3 1 0 2 0 0 2 0 2 2
+5 +2 1
+7 * 1
+3 * 1 0 0 1 0 0 1
+5 * 1 0 1
cfi=(12)
cfn=(30)
calls=1 0x14f60 435 
* * 16 3 1 0 1 0 0 1 0 2 2
+5 +4 1 1
+8 * 1 0 0 0 0 0 0 0 0 1
+6 +3 1 1
+7 * 1 0 0 0 0 0 0 0 0 1
+6 * 1
+7 * 1
+7 +3 1 0 1 0 0 1 0 0 1
+7 +35 1
+3 * 1
+7 * 1
+5 -32 1 0 1
+7 +32 1 0 1
cfi=(12)
cfn=(30)
calls=1 0x14f60 435 
* * 18 4 1 0 2 0 0 2 0 3 2
+5 +7 1
+7 * 1 1
+1 * 1 1
+2 * 1 1
+2 * 1 1
+2 * 1 1
+2 * 1 1
+1 * 1 1
fi=(21)
+11 1046 1 0 0 1 0 0 1
+3 * 1 0 0 0 0 0 0 0 0 1
+2 * 1 0 1
+11 +3 1 0 0 1 0 0 1
+5 +1 1 0 1
+11 * 1
fe=(17)
+8 1195 1
+2 +1 1
+3 -1 1
+6 +1 1
+2 * 1 0 0 0 0 0 0 0 0 1 1
+75 +45 1 1 0 1 0 0 1
+6 * 1
+5 * 1 0 0 0 0 0 0 0 0 1 1
+23 +27 1 0 1
+7 * 1
+23 -10 1 0 0 1 0 0 1
+2 * 1
+5 * 1 0 0 0 0 0 0 0 0 1
+6 +1 1 1 0 1 0 0 1
+6 * 1
+2 * 1
+5 * 1 0 0 0 0 0 0 0 0 1
+6 +6 1
+7 -3 1 1
+7 * 1 0 0 0 0 0 0 0 0 1 1
fi=(21)
0x189f0 863 1 0 0 1 0 0 1
+5 * 1 0 1
+7 * 1 0 1 1 0 0 1
cfn=(52)
calls=1 0x17960 266 
* * 466 50 18 13 6 0 13 6 0 110 31
+5 +1 1
+5 -1 1 0 1
+7 +1 1 0 1
cfn=(52)
calls=1 0x17960 266 
* * 533 50 18 0 0 0 0 0 0 130 27
+5 +4 1
+5 -4 1
+3 * 1 0 1
+4 +1 1 0 1
+4 +3 1 0 1
cfn=(52)
calls=1 0x17960 266 
* * 483 50 18 0 0 0 0 0 0 114 12
+5 +2 1
+5 -2 1 0 1
+7 +2 1 0 1
cfn=(52)
calls=1 0x17960 266 
* * 475 50 18 1 0 0 1 0 0 116 9
+5 +3 1
+5 -3 1 0 1 1 0 0 1
+7 +1 1 1
+7 * 1 0 1
+7 +2 1 0 1
cfn=(52)
calls=1 0x17960 266 
* * 456 50 18 0 0 0 0 0 0 111 12
+5 +2 1
+5 -2 1 0 1
+7 +2 1 0 1
cfn=(52)
calls=1 0x17960 266 
* * 458 50 18 0 0 0 0 0 0 112 10
+5 +2 1
+5 -2 1 0 1
+7 +2 1 0 1
cfn=(52)
calls=1 0x17960 266 
* * 508 50 18 0 0 0 0 0 0 122 18
+5 +2 1
+5 -2 1 0 1 1 0 0 1
+4 +2 1 0 1
cfn=(52)
calls=1 0x17960 266 
* * 498 50 18 0 0 0 0 0 0 123 10
+5 +2 1
+5 -2 1 0 1
+7 +2 1 0 1
cfn=(52)
calls=1 0x17960 266 
* * 500 50 18 0 0 0 0 0 0 124 9
+5 +3 1
+5 -2 1 0 1
+7 -1 1 0 1
+7 +3 1 0 1
cfn=(52)
calls=1 0x17960 266 
* * 523 50 18 0 0 0 0 0 0 131 14
+5 +2 1
+5 -2 1 0 1
+7 +2 1 0 1 1 0 0 1
cfn=(52)
calls=1 0x17960 266 
* * 525 50 18 0 0 0 0 0 0 132 9
+5 +2 1
+5 -2 1
+3 +2 1 0 1
cfn=(52)
calls=1 0x17960 266 
* * 526 50 18 0 0 0 0 0 0 131 11
+5 +2 1 1
+4 * 1
+4 * 1
+4 * 1
+4 -2 1 0 1
+7 +2 1 0 1
+7 * 1 0 1
cfn=(58)
calls=1 0x171d0 624 
* * 219 24 19 13 0 0 13 0 0 42 13
+5 1001 1 1
+4 -6 1 1
+4 * 1 1
+7 * 1 1 0 1 0 0 1
+7 +6 1
+4 -6 1 0 1
+7 * 1 1
+7 +6 1
+3 * 1
+4 -6 1 0 1
+4 * 1 1
+7 +6 1
+4 * 1 1
+7 * 1 1
+7 -1 1 0 0 1 0 0 1
+4 * 1
fe=(17)
0x191d0 775 1 1 0 1 0 0 1
+3 * 1 1
+3 * 1
+3 * 1 0 1
+3 565 1
+6 * 1 0 0 0 0 0 0 0 0 1
+6 * 1
+7 * 1 1 0 0 1 0 0 1
+4 781 1
+4 * 1 0 0 0 0 0 0 0 0 1
+6 * 1 0 0 1 0 0 1 0 0 1
+6 * 1
+4 * 1 0 0 0 0 0 0 0 0 1 1
0x19357 +37 1 0 0 1 0 0 1
+3 * 1 0 0 0 0 0 0 0 0 1
+2 +3 1
+7 * 1 0 1
+7 926 1 0 1
+11 +1 1 1
+3 * 1

fn=(40)
0x17020 431 1 0 1 1 0 0 1
+1 * 1
+3 * 1 0 1
+1 +4 1
+3 * 1 0 0 0 0 0 0 0 0 1
+2 * 1
+3 * 1
+3 +3 1
+5 * 1
+2 * 1 0 1 0 0 1 0 0 1
+6 +5 1
+2 * 1 0 0 1 0 0 1
+3 -5 1 0 1
+6 +5 1
+3 -5 1 0 1
+6 +4 1 0 1
+6 +1 1 0 1
+2 +1 1
+2 * 1
+3 * 1
+3 * 1 0 1
+2 +1 1
+2 * 1
+3 * 1
+6 * 1 0 1
+3 +1 1
+2 * 1
+3 * 1 0 1
+3 +1 1 1
+3 * 1 0 0 1 0 0 1 0 0 1
+6 +7 1 1
+7 * 1 0 0 0 0 0 0 0 0 1
+6 +2 1
+5 * 1
+2 * 1
+2 * 1 0 1
+6 +5 1
+5 -5 1 0 1
+6 +5 1
+5 -5 1 0 1
+6 * 1 0 1
+6 +5 1
+2 +7 1 1 0 1 0 0 1
+7 -7 1 0 1 0 0 1 0 0 1
+6 * 1 0 1
+6 * 1 0 1
+6 * 1 0 1
+6 +7 1 0 0 0 0 0 0 0 0 1
+6 +1 1
+5 * 1
+5 * 1
+2 +6 1 1
+7 -6 1 0 1 0 0 1 0 0 1
+6 * 1 0 1
+6 * 1 0 1 1 0 0 1
+6 * 1 0 1
+6 +6 1 0 0 0 0 0 0 0 0 1 1
fi=(18) /usr/src/debug/glibc/glibc/elf/../sysdeps/unix/sysv/linux/x86/dl-minsigstacksize.h
+77 24 1 1 0 1 0 0 1
+8 * 1 0 0 0 0 0 0 0 0 1
+2 +3 1 1
+7 * 1 0 0 0 0 0 0 0 0 1
+2 +1 1 1
+7 * 1 0 0 0 0 0 0 0 0 1
+2 +37 1
+5 * 1
+2 * 1
+2 +9 1 0 0 1 0 0 1
+6 * 1 0 1
fe=(17)
+7 490 1 1
+4 * 1 1
+1 * 1 1

fn=(44)
0x17a40 90 1 0 1 1 0 0 1
+1 * 1
+3 * 1 0 1
+2 * 1 0 1
+2 * 1 0 1
+2 * 1 0 1
+2 * 1 0 1
+1 * 1
+4 +4 1 1
+6 +37 1 1
+7 -9 1 1
+7 -18 1 1
+6 -1 1
+2 -1 1
+2 +25 1
+2 -14 1 1
+7 -10 1
+6 -1 1 0 0 1 0 0 1
+6 * 1 1
+6 +25 1
+6 -24 1
+2 +27 1
+3 -26 1 0 1
+6 +17 1
+3 +6 1
+2 +7 1
+3 -22 1
+5 +18 1
+7 -18 1 1
+6 +18 1 1
+7 +4 1 0 0 1 0 0 1
+6 -7 1 0 1
+6 +7 1 1
+6 -7 1 0 1
+6 -6 1
+6 +13 1 0 1
+6 -13 1 1
+6 -9 1 0 1
+6 +18 1 0 1
+7 +4 1 0 1
+6 +1 1 1
+6 +7 1 1 0 1 0 0 1
+7 +5 1 1
+7 -8 1
+2 -4 1 0 1
+6 +13 1 1 0 0 1 0 0 1
+6 -9 1
+6 * 1 1
+6 +7 1
+3 -7 1 0 1
+6 * 1
+3 +1 1 1
+6 +8 1
+3 * 1 0 1 1 0 0 1
+6 +3 1
+3 -5 1
+7 * 1 1
+7 -6 1
+6 * 1 0 1
+6 +1 1 1
+6 +10 1
+6 * 1
+2 -5 1 0 1
+7 -5 1
+6 * 1 0 1
+6 +6 1 0 0 1 0 0 1
+3 * 1
+6 * 1 1
+6 +4 1
+7 * 1
+3 -4 1 0 1
+6 +4 1 0 1
+6 +14 1
+2 * 1 0 0 0 0 0 0 0 0 1 1
+8 389 1
+2 * 1 0 0 0 0 0 0 0 0 1 1
+9 +4 1 1
+6 * 1 0 0 1 0 0 1
+3 * 1 0 0 0 0 0 0 0 0 1 1
fi=(19) /usr/src/debug/glibc/glibc/elf/../sysdeps/unix/sysv/linux/x86/dl-hwcap2.h
+34 25 1 1
+7 * 1 0 0 0 0 0 0 0 0 1 1
fi=(20)
+13 +6 1
+2 -3 1
+2 +3 1
+5 * 1 0 0 0 0 0 0 0 0 1 1
fe=(17)
+6 402 1 0 1
+6 +1 1
+4 * 1 1
+1 * 1 1
+2 * 1 1
+2 * 1 1
+2 * 1 1
+2 * 1 1
+1 * 1 1
+4 163 1 0 1 1 0 0 1
+10 +6 1
+3 * 1
+6 * 1
+2 * 1 0 1
+6 * 1 0 1 1 0 0 1
+6 +1 1
+2 * 1
+3 * 1 0 1
+6 +2 1
+2 * 1
+2 * 1 0 0 0 0 0 0 0 0 1 1
+6 +91 1 1
+6 -1 1
+2 * 1 0 0 0 0 0 0 0 0 1 1
0x17cd0 +17 1 1 0 1 0 0 1
+6 * 1
+2 * 1
+5 * 1 0 0 0 0 0 0 0 0 1
+6 +16 1 1
+7 * 1 0 0 0 0 0 0 0 0 1 1
+16 +4 1 0 1 1 0 0 1
+10 +1 1 1
+6 +3 1
+3 * 1
+4 * 1 1
+7 * 1 0 1
+7 +4 1
+3 * 1 0 0 0 0 0 0 0 0 1
+6 +4 1
+5 * 1
+2 * 1
+2 +1 1
+2 * 1 0 0 0 0 0 0 0 0 1
+6 +5 1
+6 -1 1 0 0 1 0 0 1
+3 +10 1
+3 -6 1
+2 +2 1 0 1
+6 -2 1 0 1
+7 +3 1 0 1 0 0 1 0 0 1
+7 +3 1 0 0 0 0 0 0 0 0 1 1
0x17e00 +63 1 0 0 1 0 0 1
fi=(20)
+3 30 1 1
fe=(17)
+6 389 1
+3 * 1
fi=(20)
+12 32 1 1
+6 * 1
+3 * 1 0 0 0 0 0 0 0 0 1
+6 +7 1 1
+6 * 1
+2 * 1
+2 * 1
+6 * 1 0 0 0 0 0 0 0 0 1
+6 +1 1 1 0 1 0 0 1
+6 * 1
+3 * 1 0 0 0 0 0 0 0 0 1
+6 +8 1
+2 * 1
+5 * 1 0 0 0 0 0 0 0 0 1
+2 +1 1 1
+6 +2 1
+2 * 1
+2 * 1
+6 * 1 0 0 0 0 0 0 0 0 1 1
fe=(17)
+83 176 1 0 0 1 0 0 1
+6 * 1 0 0 0 0 0 0 0 0 1
+2 +6 1 0 0 1 0 0 1
+4 * 1 0 0 0 0 0 0 0 0 1 1
+6 +14 1
+3 +12 1
+6 * 1 1
+6 -30 1 0 1
+10 +18 1
+5 +12 1
+6 -12 1
+3 +12 1 0 1
+6 -12 1 0 1
+6 +2 1
+3 * 1 0 0 1 0 0 1
+3 * 1 1
+6 * 1 0 1
+6 +6 1
+3 * 1
+5 * 1
+3 * 1 0 1
+6 +2 1 1
+6 * 1
+5 * 1
+3 * 1 0 1
+6 +7 1 1
+6 * 1
+2 * 1
+2 * 1 0 0 1 0 0 1 0 0 1 1
0x17fd0 -24 1 0 1 1 0 0 1
+10 -5 1
+3 * 1 0 1
+6 +4 1
fi=(20)
+5 54 1
+3 * 1 0 0 0 0 0 0 0 0 1
+6 +9 1
+2 * 1
+2 * 1
+5 * 1
+3 * 1
+7 * 1
fe=(17)

fl=(25)
fn=(284)
0x141e0 69 1 0 0 1
+4 * 1 0 1
fi=(389) /usr/src/debug/glibc/glibc/elf/../include/list.h
+1 -25 1
fe=(25)
+7 +25 1
+3 * 1
fi=(389)
+4 -26 1 1
fe=(25)
+7 +27 1 1 0 1 0 0 1
+9 +3 1
fi=(389)
+7 -30 1 0 1
fe=(25)
+7 +33 1
fi=(389)
+7 -32 1 0 1
+7 +1 1 0 1
+4 +2 1 0 1
fe=(25)
+7 +29 1
+5 * 1
+2 * 1 0 1
+6 +1 1
+7 +18 1 0 0 1 0 0 1
+5 -6 1
+7 -12 1 0 1
+9 +1 1 0 1
+12 +1 1 0 1
+12 +5 1 1
+7 * 1 0 1
+8 +11 1
+5 -6 1 0 1 1 0 0 1
+7 +2 1 0 1
+7 +1 1 0 1
+11 +3 1
+2 +16 1
+2 * 1
+4 * 1
+5 * 1 0 1
cfi=(12)
cfn=(30)
calls=1 0x14f60 435 
* * 18 4 1 0 0 0 0 0 0 3 2
fi=(77) /usr/src/debug/glibc/glibc/elf/../sysdeps/unix/sysv/linux/rseq-internal.h
+5 -11 1 1
+3 -7 1 1
+7 +7 1
+2 * 1 0 0 0 0 0 0 0 0 1 1
+2 +24 1 0 1
fe=(25)
+9 -11 1 0 1
+10 +6 1 1
+7 * 1 0 1
+9 +1 1 1
+1 * 1 1
fi=(77)
+4 -12 1 1 0 1 0 0 1
+6 * 1
+5 -15 1 0 1
+4 * 1
+3 +15 1
+2 * 1
+3 +4 1
+2 -19 1 1 0 1 0 0 1
+9 +19 1
+2 * 1 0 1
+3 * 1 0 1
cfi=(10)
cfn=(20)
calls=1 0x26630 +25 
* * 13 1 2 0 0 1 0 0 1 2
+6 +4 1 1
+4 +2 1
+6 * 1
+2 -6 1
+3 +6 1
+5 -2 1 0 1
+9 +2 1 1
+3 * 1
+2 +1 1
+5 * 1 0 0 0 0 0 0 0 0 1 1
fe=(25)

fn=(90)
0x14180 43 178
+4 +2 178
+2 * 178 178

fn=(70)
0x14190 54 1 0 0 1 0 0 1
+4 * 1
+7 * 1
+4 * 1
+4 +3 1
+5 * 1
+5 * 1
+5 * 1
+4 * 1
+4 * 1
+4 * 1 0 1 1 0 1 1 0 1
+3 * 1 0 1
+4 * 1 0 1
+4 +5 1
+7 * 1 0 1
+7 +1 1 0 1
+7 +2 1 1

fl=(15)
fn=(32)
0x24110 36 1 0 0 1 0 0 1
fi=(390) /usr/src/debug/glibc/glibc/elf/../sysdeps/unix/sysv/linux/brk_call.h
+4 -12 1
+5 * 1
fe=(15)
+2 +13 1 0 1 0 0 1 0 0 1
+7 +1 1
+3 * 1 0 0 0 0 0 0 0 0 1
+2 +6 1
+2 +1 1 1

fl=(187)
fn=(634)
0x1f40 27 1 0 0 1 0 0 1
+4 +2 1
+3 * 1 0 0 0 0 0 0 0 0 1
+2 -2 1 0 1
+1 +6 1
+5 * 1
+6 * 1
+7 -6 1
+3 * 1 0 1
+1 * 1
+2 +6 1
+7 -6 1
+4 +6 1 0 1
+4 * 1 0 1
cfi=(184)
cfn=(620)
calls=1 0xc480 +41 
* * 199 54 19 0 9 0 0 4 0 19 4 1 1
+5 * 1
+3 +4 1
+3 * 1 0 0 1 0 0 1 0 0 1
+6 * 1 1
+4 +2 1 1
+5 * 1 0 0 0 0 0 0 0 0 1
+2 * 1 1
+3 +1 1
+3 -1 1 1
+4 +2 1 1
+4 * 1 1
+1 -1 1 0 0 0 0 0 0 0 0 0 0 1 1
cob=(2)
cfi=(188) /usr/src/debug/glibc/glibc/elf/libc_early_init.c
cfn=(636) __libc_early_init
calls=1 0x16e4f0 -6 
* * 1111 114 308 28 40 36 26 22 35 183 28 14 14

ob=(2)
fl=(218) /usr/src/debug/glibc/glibc/nptl/cleanup_compat.c
fn=(760) _pthread_cleanup_pop@@GLIBC_2.34
0x94bb0 40 1
+4 +3 1 1
+4 * 1 0 1 1 0 0 1
+9 +4 1
+2 * 1 0 0 0 0 0 0 0 0 1 1
+21 +2 1 1

fn=(752) _pthread_cleanup_push@@GLIBC_2.34
0x94b80 25 1 0 0 1 0 0 1
+4 +3 1 0 1
+3 +1 1 0 1
+4 +1 1 1 0 0 1
+9 * 1 0 1
+4 +2 1 0 1
+9 +1 1 1

fl=(189) /usr/src/debug/glibc/glibc/ctype/ctype-info.c
fn=(638) __ctype_init
0x369e0 37 1 0 0 1 0 0 1
+4 +2 1 1 0 0 1
+7 * 1 1 0 0 1
+7 * 1 1
+4 * 1 1 0 0 1
+3 * 1 1 0 0 1
+4 * 1 0 0 1 0 0 1
+7 * 1 0 1
+4 +2 1 1 0 0 1
+4 * 1 1 0 0 1
+7 * 1
+7 * 1 0 1
+4 +2 1 1
+4 -1 1 1
+7 +1 1
+6 -1 1 0 1
+4 +2 1 1

fl=(194) /usr/src/debug/glibc/glibc/malloc/arena.c
fn=(648) __ptmalloc_init
0xa86d0 251 1 0 0 1 0 0 1
+4 * 1 0 1
fi=(391) /usr/src/debug/glibc/glibc/malloc/../sysdeps/unix/sysv/linux/not-cancel.h
+1 96 1
+5 * 1
+5 * 1
fe=(194)
+7 251 1
+3 * 1 0 1
+1 * 1
fi=(391)
+4 96 1 1
+9 * 1 0 1
+4 * 1
+5 * 1 0 0 1 0 0 1
fi=(195)
+2 2960 1
+4 * 1 0 0 0 0 0 0 0 0 1 1
0xa8770 +14 1 0 0 1 0 0 1
+7 +2 1
+6 * 1 0 0 0 0 0 0 0 0 1
+2 -1 1 0 1 1 0 0 1
cfi=(196) ???
cfn=(652) __popcountdi2
calls=1 0x194d00 0 
* * 21 1 0 2 0 0 2
+6 +1 1
+3 * 1
+3 * 1 0 0 0 0 0 0 0 0 1
fe=(194)
+2 275 1 1
+7 * 1 0 0 0 0 0 0 0 0 1 1
+9 +13 1 1 0 0 1
+7 * 1
+7 * 1
+7 * 1 0 1
fi=(195)
+4 1853 1
+4 * 1
+6 +3 1 0 1 1 0 1 1 0 1
+4 * 1 0 1
+4 -3 1
+4 * 1
+3 * 1 0 0 0 0 0 0 0 0 1 1
-15 +3 126 0 126 0 0 32 0 0 31
+4 * 126 0 126
+4 -3 126
+4 * 126
+3 * 126 0 0 0 0 0 0 0 0 126 8
+2 +11 1
fe=(194)
+7 292 1
+4 * 1
fi=(195)
+5 1864 1 0 1
fe=(194)
+7 292 1
+7 * 1 1 1 0 0 0 0 0 0 0 0 1 1
cob=(1)
cfi=(12)
cfn=(30)
calls=1 0x14f60 435 
* * 17 4 1 0 2 0 0 1 0 3 2
+6 +1 1
+7 * 1
+4 * 1 0 0 1 0 0 1
+5 * 1 1 1 0 0 0 0 0 0 0 0 1 1
cob=(1)
cfi=(12)
cfn=(30)
calls=1 0x14f60 435 
* * 18 4 1 0 2 0 0 1 0 3 2
+6 +1 1
+7 * 1
+4 * 1
+5 * 1 1 1 0 0 0 0 0 0 0 0 1 1
cob=(1)
cfi=(12)
cfn=(30)
calls=1 0x14f60 435 
* * 17 4 1 0 1 0 0 0 0 3 1
+6 +1 1
+7 * 1
+4 * 1
+5 * 1 1 1 0 0 0 0 0 0 0 0 1 1
cob=(1)
cfi=(12)
cfn=(30)
calls=1 0x14f60 435 
* * 17 4 1 0 2 0 0 1 0 3 1
+6 +1 1
+7 * 1 0 0 1 0 0 1
+4 * 1
+5 * 1 1 1 0 0 0 0 0 0 0 0 1 1
cob=(1)
cfi=(12)
cfn=(30)
calls=1 0x14f60 435 
* * 18 4 1 0 2 0 0 1 0 3 2
+6 +1 1
+7 * 1
+4 * 1
+5 * 1 1 1 0 0 0 0 0 0 0 0 1 1
cob=(1)
cfi=(12)
cfn=(30)
calls=1 0x14f60 435 
* * 17 4 1 0 2 0 0 1 0 3 1
+6 +1 1
+7 * 1
+4 * 1
+5 * 1 1 1 0 0 0 0 0 0 0 0 1 1
cob=(1)
cfi=(12)
cfn=(30)
calls=1 0x14f60 435 
* * 17 4 1 0 2 0 0 1 0 3 1
+6 +2 1
+7 * 1 0 0 1 0 0 1
+4 * 1
+5 * 1 1 1 0 0 0 0 0 0 0 0 1 1
cob=(1)
cfi=(12)
cfn=(30)
calls=1 0x14f60 435 
* * 17 4 1 0 2 0 0 2 0 3
+6 +1 1
+7 * 1
+4 * 1
+5 * 1 1 1 0 0 0 0 0 0 0 0 1 1
cob=(1)
cfi=(12)
cfn=(30)
calls=1 0x14f60 435 
* * 17 4 1 0 2 0 0 2 0 3
+6 +1 1
+7 * 1
+4 * 1
+5 * 1 1 1 0 0 0 0 0 0 0 0 1 1
cob=(1)
cfi=(12)
cfn=(30)
calls=1 0x14f60 435 
* * 17 4 1 0 2 0 0 2 0 3
+6 +3 1
+7 * 1
+4 * 1
+5 * 1 1 1 0 0 0 0 0 0 0 0 1 1
cob=(1)
cfi=(12)
cfn=(30)
calls=1 0x14f60 435 
* * 17 4 1 0 2 0 0 2 0 3
+6 +2 1 1 0 0 1 0 0 1
+7 * 1
+4 * 1
+6 * 1 0 0 0 0 0 0 0 0 1
+2 +10 1 1
+4 * 1 1
+9 * 1 0 0 0 0 0 0 0 0 1
+2 * 1 1
+4 * 1 1
+1 * 1 1
fi=(195)
+1 2974 1 1 0 1 1 0 1 1
+7 * 1 0 0 1 0 0 1
fe=(194)

fl=(269) /usr/src/debug/glibc/glibc/misc/../sysdeps/unix/sysv/linux/brk.c
fn=(948) brk
0x111df0 36 13 0 0 2 0 0 1
fi=(392) /usr/src/debug/glibc/glibc/misc/../sysdeps/unix/sysv/linux/brk_call.h
+4 -12 13
+5 * 13
fe=(269)
+2 +13 13 13 0 2 0 0 1
+7 * 13 0 13
+3 +1 13
+3 * 13 0 0 0 0 0 0 0 0 13
+2 +6 13
+2 +1 13 13

fl=(113)
fn=(388)
0xae340 79 2 0 0 1 0 0 1
+4 -32 2 2 0 0 1
+7 +1 2 2
+6 +1 2 2 0 0 1
+6 -1 2
+2 * 2
+5 * 2 0 0 0 0 0 0 0 0 2 2
+50 +1 2 0 0 1 0 0 1
+3 * 2 0 0 0 0 0 0 0 0 2
+2 +4 2 2
+6 * 2
+2 * 2
+5 * 2 0 0 0 0 0 0 0 0 2
+2 +3 2
+7 * 2 2
+7 * 2 0 0 0 0 0 0 0 0 2
+2 +3 2
+7 * 2
+3 * 2 0 0 0 0 0 0 0 0 2
+2 +20 2 2 0 2 0 0 1

fl=(120)
fn=(408)
0xc3e50 30 2 0 0 1 0 0 1
fi=(117) /usr/src/debug/glibc/glibc/wcsmbs/../sysdeps/x86_64/multiarch/ifunc-avx2.h
+4 +8 2 2 0 0 1
+7 * 2 2 0 0 1
+6 +2 2
+2 * 2
+2 * 2
+6 * 2 0 0 0 0 0 0 0 0 2
+13 +1 2 2 0 0 1
+7 * 2 0 0 1 0 0 1 0 0 2
+2 +1 2 2 0 0 1
+6 * 2
+3 * 2 0 0 0 0 0 0 0 0 2
+2 +4 2
+2 * 2
+2 * 2
+5 * 2 0 0 0 0 0 0 0 0 2 1
+2 +3 2
+7 * 2
+3 * 2 0 0 0 0 0 0 0 0 2
+2 +3 2
+3 * 2
+7 * 2
+7 * 2
+4 * 2 2
fe=(120)

fl=(104)
fn=(362)
0xc58e0 31 1 0 0 1 0 0 1
fi=(90) /usr/src/debug/glibc/glibc/wcsmbs/../sysdeps/x86_64/multiarch/ifunc-wcs.h
+4 +8 1 1
+7 * 1 1
+6 +1 1
+2 * 1
+2 * 1
+6 * 1 0 0 0 0 0 0 0 0 1 1
+13 +1 1 1 0 1 0 0 1
+6 * 1
+3 * 1 0 0 0 0 0 0 0 0 1
+2 +4 1
+2 * 1
+5 * 1 0 0 0 0 0 0 0 0 1
+2 +3 1
+3 * 1
+7 * 1
+7 * 1
+4 * 1 1
fe=(104)

fl=(371) /usr/src/debug/glibc/glibc/stdlib/../stdlib/strtol_l.c
fn=(2754) ____strtoul_l_internal
0x53c40 238 4 0 0 3 0 0 1
+4 * 4 0 4
+1 * 4
+3 * 4
+4 * 4 0 4
+4 * 4
+3 * 4
+2 +26 4
+2 * 4 0 0 0 0 0 0 0 0 4
+6 +28 4
+3 -35 4
+3 +38 4
+3 * 4 0 0 0 0 0 0 0 0 4
+6 * 4
+3 * 4 0 0 0 0 0 0 0 0 4
+6 +9 4 4 0 0 2
+4 * 4 4
+4 -3 4
+3 +3 4 0 0 2 0 0 1
+3 * 4 4 0 0 1
+5 * 4 0 0 0 0 0 0 0 0 4 4
+43 * 4 0 4
+4 * 4 0 4
+4 * 4 0 4
+4 +2 4 0 0 2 0 0 1
+2 * 4 0 0 0 0 0 0 0 0 4
+6 * 4 0 4
+4 +5 4
+2 * 4 0 0 0 0 0 0 0 0 4
+6 -1 4
+4 * 4
+2 * 4 0 4
+7 * 4
+4 +10 4 4
+4 * 4
+3 * 4 0 0 0 0 0 0 0 0 4
+6 +15 4
+2 * 4 0 0 0 0 0 0 0 0 4 2
+6 +10 4
+5 * 4 0 0 2 0 0 1
+5 -87 4
+3 +87 4
+3 * 4 0 0 0 0 0 0 0 0 4
+6 449 4
+2 * 4 0 0 0 0 0 0 0 0 4
+6 * 4 0 4
+4 * 4 4 0 0 2
+7 * 4 0 4
+4 * 4 0 4
+4 -59 4
+7 +4 4
+2 -1 4
+3 +96 4
+3 -99 4 4 0 0 2 0 0 1
+4 +1 4 0 0 2 0 0 1
+7 +86 4 4
+7 -86 4 4 0 0 2 0 0 1
+4 +87 4
+3 -87 4 0 4
+3 * 4
+11 +93 11 0 0 0 0 0 0 0 0 11 4
+7 +5 11
+4 +1 11
+3 * 11
+3 * 11
+3 -41 11 11
+4 * 11
+4 * 11
+2 * 11 0 0 0 0 0 0 0 0 11 4
+2 +2 11 0 0 2 0 0 1
+3 * 11 0 0 0 0 0 0 0 0 11
+2 +2 11
+3 * 11
+2 * 11 0 0 0 0 0 0 0 0 11 3
+27 +28 11
+3 * 11
+2 * 11 0 0 0 0 0 0 0 0 11
+2 +3 11
+3 * 11 0 0 0 0 0 0 0 0 11 2
+33 +11 4 0 0 2 0 0 1
+3 * 4 0 0 0 0 0 0 0 0 4
+6 +5 4 4
+4 * 4
+3 * 4 0 0 0 0 0 0 0 0 4 3
+2 +1 4 0 4
+3 +23 4 4
+3 * 4
+3 * 4
+3 * 4
+2 * 4
+4 -11 4
+3 * 4 0 0 0 0 0 0 0 0 4
+6 * 4 4 0 2 0 0 1
+4 * 4 4
+4 +33 4
+3 * 4 4
+4 * 4 4
+4 * 4 4
+4 * 4 4
+1 * 4 4
+43 342 4 0 0 2 0 0 1
+3 * 4 0 0 0 0 0 0 0 0 4 2

fl=(369) /usr/src/debug/glibc/glibc/csu/errno-loc.c
fn=(2750) __errno_location
0x27ae0 25 20 0 0 2 0 0 1
+4 +1 20 20 0 0 1
+7 * 20 20
+9 +1 20 20

fl=(130)
fn=(434)
0xae2c0 31 1 0 0 1 0 0 1
fi=(111) /usr/src/debug/glibc/glibc/string/../sysdeps/x86_64/multiarch/ifunc-avx2.h
+4 +7 1 1
+7 * 1 1
+6 +2 1
+2 * 1
+2 * 1
+6 * 1 0 0 0 0 0 0 0 0 1
+13 +1 1 1
+7 * 1 0 0 0 0 0 0 0 0 1
+2 +1 1 1
+6 * 1
+3 * 1 0 0 0 0 0 0 0 0 1
+2 +4 1
+2 * 1
+2 * 1 0 0 1 0 0 1
+5 * 1 0 0 0 0 0 0 0 0 1
+2 +3 1
+7 * 1
+3 * 1 0 0 0 0 0 0 0 0 1
+2 +3 1
+3 * 1
+7 * 1
+7 * 1
+4 * 1 1
fe=(130)

fl=(370) /usr/src/debug/glibc/glibc/stdlib/../stdlib/strtol.c
fn=(2752) __isoc23_strtoul
0x53c20 125 4 0 0 3 0 0 1
+4 +1 4 4 0 0 2
+7 * 4
+6 * 4
+2 * 4 4 0 0 1
+4 * 4
cfi=(371)
cfn=(2754)
calls=4 +9 238 
* * 541 79 48 19 9 0 9 2 0 122 24

fl=(276) /usr/src/debug/glibc/glibc/csu/../csu/libc-start.c
fn=(998) __libc_start_main@@GLIBC_2.34
0x277f0 242 1 0 0 1 0 0 1
+4 * 1 0 1
+1 * 1
+3 * 1 0 1
+2 * 1 0 1
+2 * 1
+3 * 1 0 1 1 0 0 1
+2 * 1
+3 * 1 0 1
+2 * 1
+3 * 1 0 1
+1 * 1
+4 * 1 0 1
+4 +69 1
+3 * 1 0 0 0 0 0 0 0 0 1
+2 +1 1
+2 * 1
+2 * 1
+3 * 1 0 1
cfi=(255)
cfn=(900)
calls=1 0x40950 67 
* * 76 13 15 0 0 1 0 0 1 10 2
+5 +25 1 1
+7 * 1 1
+2 * 1
+2 * 1 0 1
+3 * 1
+3 * 1 0 0 0 0 0 0 0 0 1
+6 +6 1 1 0 1 0 0 1
+7 * 1 1
+3 -3 1
+3 * 1 0 0 0 0 0 0 0 0 1 1
+18 +10 1 1
+3 * 1 1 1 0 0 0 0 0 0 0 0 1 1
cob=(1)
cfi=(50)
cfn=(1010)
calls=1 0x1a040 118 
* * 5 2 0 1 1 0 1 0 0 1
+6 +2 1
+2 * 1 0 0 0 0 0 0 0 0 1
+6 +8 1 1
+4 * 1
+3 * 1
+3 * 1 0 1
cfi=(277) /usr/src/debug/glibc/glibc/csu/../sysdeps/nptl/libc_start_call_main.h
cfn=(1012) (below main)
calls=1 0x276c0 30 
* * 11492755025 1912993889 7676417365 3482 6446076 5753957 1625 231 151727 7028540217 2614119 36095742 268
+5 128 1 1
+7 * 1 1 0 1 1 0 1
+3 +6 1 1 0 0 1
+7 * 1
+3 * 1 0 0 0 0 0 0 0 0 1
+2 +1 1 0 1
+4 * 1 1 0 0 1
+4 * 1
+3 * 1
+3 * 1 1
+3 * 1 0 1 0 0 0 0 0 0 0 0 1 1
cob=(4)
cfi=(198)
cfn=(1000)
calls=1 0x4006000 0 
* * 7 2 0 1 1 0 1 0 0 1 1
+2 * 1 1
+4 +3 1 1 0 0 1
+7 +1 1
+3 * 1 0 0 0 0 0 0 0 0 1
+2 +3 1 1
+7 * 1 1
+4 * 1 0 0 1 0 0 1
+4 +2 1
+2 * 1 0 0 0 0 0 0 0 0 1
+2 -1 1 1
+3 * 1 1
+4 * 1
+3 * 1
+4 * 1
+4 * 1 0 1
+4 * 1
+13 +2 1 0 1
+4 * 1
+3 * 1
+3 * 1 1 1 0 1 0 0 0 0 0 0 1 1
cob=(8)
cfi=(275)
cfn=(1004) 0x0000000000006630
calls=1 0x6630 0 
* * 12 1 0 3 0 0 3 0 0 1 1
+2 -1 1
+3 * 1 1
+4 * 1 0 0 0 0 0 0 0 0 1
+2 * 1 0 0 1 0 0 1

fl=(324) /usr/src/debug/glibc/glibc/misc/../sysdeps/unix/sysv/linux/setvmaname.c
fn=(1332) __is_decorate_maps_enabled
0x11db00 33 7 0 0 2 0 0 1
+4 * 7 0 7
+1 * 7
+3 * 7
+4 +1 7 7
+9 * 7 0 7
+4 * 7 7 0 0 5
+6 * 7
+2 * 7 0 0 0 0 0 0 0 0 7 2
+2 * 1
+3 * 1 0 0 0 0 0 0 0 0 1 1
+10 +3 1
+4 * 1
+2 * 1
+5 * 1 1 1 1 1 0 1 0 0 0 0 1 1
cob=(1)
cfi=(12)
cfn=(30)
calls=1 0x14f60 435 
* * 18 4 1 2 1 0 0 0 0 3 2
+6 * 1 1
+3 * 1
+2 * 1 0 0 0 0 0 0 0 0 1
+2 +5 1 0 1
+10 +1 1
+2 +7 1 1
+4 * 1 1
+9 * 1 0 0 0 0 0 0 0 0 1
-15 -7 6 0 0 1
+2 +7 6 6
+4 * 6 6
+9 * 6 0 0 0 0 0 0 0 0 6
+2 * 7 7
+1 * 7 7

fn=(1330) __set_vma_name
0x11db80 60 7 0 0 2 0 0 1
+4 * 7 0 7
+1 * 7
+3 * 7 0 7
+2 * 7
+3 * 7 0 7
+2 * 7
+3 * 7 0 7 0 0 5 0 0 1
+1 * 7
+3 * 7
+4 +1 7 0 7
cfn=(1332)
calls=7 0x11db00 -28 
* * 133 48 17 6 7 0 2 0 0 19 5 1 1
+5 * 7
+2 * 7 0 0 0 0 0 0 0 0 7 3
+30 +9 7 0 0 2 0 0 1
+4 * 7 7
+1 * 7 7
+2 * 7 7
+2 * 7 7
+1 * 7 7

fl=(299) /usr/src/debug/glibc/glibc/libio/genops.c
fn=(1364) _IO_unsave_markers
0x93090 977 1 0 0 1 0 0 1
+4 +2 1 1
+5 * 1 0 0 0 0 0 0 0 0 1 1
+10 +5 1 1 0 0 1
+5 * 1 0 0 0 0 0 0 0 0 1 1
+72 +2 1 1 0 1 0 0 1

fn=(1358) _IO_un_link
0x910c0 67 2
+4 +1 2 2
+3 * 2 0 0 0 0 0 0 0 0 2 1
+2 +36 1 1
+7 -32 1
cfn=(1360) __GI__IO_un_link.part.0
calls=1 0x90d90 -6 
* * 97 32 24 11 5 1 11 0 0 14 4

fn=(1142) _IO_no_init
0x92010 589 1 0 0 1 0 0 1
+4 * 1 0 1
+1 * 1
+3 * 1 0 1
+2 * 1
+3 * 1 0 1
+2 * 1
+3 * 1 0 1
+2 * 1
+3 * 1 0 1
+1 * 1
+3 +1 1 0 1
cfn=(1144) _IO_old_init
calls=1 0x91fa0 -33 
* * 26 3 13 2 1 2 2 1 2 1
+6 +1 1 0 1 0 0 1 0 0 1
+7 +1 1
+3 * 1 0 0 0 0 0 0 0 0 1
+2 +2 1 0 1 1 0 0 1
+7 +4 1
+4 +7 1 0 1 0 0 1 0 0 1
+9 +2 1 0 1
+8 -9 1 0 1
+5 * 1 0 1
+6 * 1 0 1
+6 * 1 0 1
+6 * 1 0 1
+6 +15 1 0 1 1 0 0 1
+11 +1 1 0 1
+11 +1 1 1
+1 * 1 1
+2 * 1 1
+2 * 1 1
+2 * 1 1
+1 * 1 1

fn=(1144)
0x91fa0 557 1 0 0 1 0 0 1
+4 +3 1 1 0 0 1 0 0 1
+6 * 1
+2 +5 1
+4 * 1 0 1
+4 -7 1
+6 +12 1 0 1 1 0 0 1
+8 -10 1
+2 -2 1 0 1
+2 +2 1
+3 +16 1
+2 -11 1 0 1
+4 -5 1
+3 +16 1 0 1
+7 * 1 0 1
+4 +5 1 1
+7 -16 1 0 1 0 0 1 0 0 1
+4 * 1 0 1
+4 * 1 0 1
+4 * 1 0 1
+4 * 1 0 1
+4 +16 1
+3 * 1 0 0 0 0 0 0 0 0 1
+2 +1 1 0 1 0 0 1 0 0 1
+7 * 1 0 1
+8 +2 1 1

fn=(1360)
0x90d90 66 1 0 1 1 0 0 1
+1 +6 1
+7 -6 1
+3 * 1 0 1
+1 * 1
+4 * 1 1
+9 * 1 0 1
+4 * 1
+3 +6 1
+4 * 1 0 1
+4 * 1 0 1
+8 * 1 0 1 1 0 0 1
cfi=(301) /usr/src/debug/glibc/glibc/nptl/libc-cleanup.c
cfn=(1150) __libc_cleanup_push_defer
calls=1 0x94ed0 -48 
* * 13 4 3 0 1 0 0 0 0 1
+5 +1 1 1
+7 * 1 1
+9 * 1 1 0 0 1
+7 * 1 0 0 0 0 0 0 0 0 1
+2 * 1
+3 * 1 0 0 0 0 0 0 0 0 1 1
+43 +2 1 1 0 1 0 0 1
+2 -1 1 0 1
+7 +1 1
+3 * 1 0 0 0 0 0 0 0 0 1
+6 * 1 1
+7 * 1 1
+7 * 1 1
+9 * 1 1 0 0 1
+4 * 1 0 0 0 0 0 0 0 0 1 1
+43 +2 1 1 0 1 1 0 1
+8 * 1 0 0 0 0 0 0 0 0 1
+2 +4 1 1 0 0 1
+7 +1 1 1
+4 +1 1 0 1
+3 +1 1
+3 * 1 0 0 1 0 0 1 0 0 1
+2 +1 1 0 1 0 0 1
+7 +11 1 1
+2 * 1
+2 * 1
+3 * 1 0 1
+2 +2 1 1
+7 * 1
+3 * 1 0 0 0 0 0 0 0 0 1
+6 * 1 1
+7 * 1 1
+3 * 1
+2 * 1 0 0 0 0 0 0 0 0 1
+6 * 1
+2 * 1 0 0 0 0 0 0 0 0 1
+6 * 1 0 1 1 0 0 1
+8 * 1 1
+7 +1 1 0 1
+11 -1 1 0 1
+6 +2 1 1
+6 * 1
+2 * 1 0 0 0 0 0 0 0 0 1 1
+15 +1 1
+4 * 1 0 1
cfi=(301)
cfn=(1152) __libc_cleanup_pop_restore
calls=1 0x94f20 -47 
* * 10 5 1 0 0 0 0 0 0 1 1
+5 +3 1 1
+4 * 1 1 0 1 0 0 1
+9 * 1 0 0 0 0 0 0 0 0 1
+6 * 1 1
+4 * 1 1
+1 * 1 1
+93 -29 1 0 0 1 0 0 1
+3 * 1 0 0 0 0 0 0 0 0 1
+6 * 1 0 1
+6 * 1 0 1 1 0 0 1
+4 * 1
+13 +25 1 0 1
+11 * 1 0 1
+10 * 1
+75 -27 1 0 1 1 0 0 1
+10 * 1 0 1 1 0 0 1
+7 * 1

fn=(1148) _IO_link_in
0x910e0 109 2 0 0 1 0 0 1
+4 * 2 0 2
+1 * 2
+3 * 2
+4 +1 2 2
+9 * 2 0 2
+4 * 2 2
+2 * 2
+2 * 2 0 0 0 0 0 0 0 0 2 1
+2 +24 2 2
+4 * 2 2
+9 * 2 0 0 0 0 0 0 0 0 2
+6 * 2 2
+1 * 2 2
+5 -22 1 0 0 1 0 0 1
+2 * 1 0 1
+4 * 1 0 1
+2 +2 1
+7 * 1
+4 * 1 0 1
+4 * 1 0 1
+8 * 1 0 1
cfi=(301)
cfn=(1150)
calls=1 0x94ed0 -90 
* * 13 4 3 2 0 0 2 0 0 1 1
+5 +1 1 1 0 1 0 0 1
+7 * 1 1
+7 * 1 1
+9 * 1 1
+4 * 1
+2 * 1 0 0 0 0 0 0 0 0 1
+2 * 1
+3 * 1 0 0 0 0 0 0 0 0 1 1
0x911f1 +4 1 1 0 1 0 0 1
+7 +3 1
+7 * 1 0 1 1 0 0 1
+7 -3 1 0 1
+4 +4 1
+3 * 1 0 0 0 0 0 0 0 0 1
+2 +1 1
+4 * 1 0 1
+7 +2 1 0 1
+7 +2 1
+2 * 1 0 0 0 0 0 0 0 0 1
+6 * 1 1
+7 * 1 1
+3 * 1
+2 * 1 0 0 0 0 0 0 0 0 1
+6 * 1
+2 * 1 0 0 1 0 0 1 0 0 1
+6 * 1 0 1
+8 * 1 1
+7 +1 1 0 1
+11 +1 1 1
+6 -2 1 0 1
+6 +2 1
+2 * 1 0 0 0 0 0 0 0 0 1
+6 * 1 0 1
+11 * 1 0 1 1 0 0 1
+10 * 1
0x91303 +1 1
+4 * 1 0 1
cfi=(301)
cfn=(1152)
calls=1 0x94f20 -77 
* * 10 5 1 1 0 0 1 0 0 1 1
+5 +3 1
+28 -19 1 0 1 1 0 0 1
+10 * 1 0 1
+7 +1 1 0 1
+7 +1 1 1 0 1 0 0 1
+4 * 1 0 0 0 0 0 0 0 0 1
+6 * 1 1
+9 * 1 1
+7 * 1 1
+4 * 1
+3 * 1 0 0 0 0 0 0 0 0 1
+6 * 1 0 1
+6 * 1 0 1
+4 +11 1 1
+2 * 1
+6 -11 1

fn=(1370) _IO_setb
0x91900 355 1 0 0 1 0 0 1
+4 * 1 0 1
+1 * 1
+3 * 1
+3 * 1
+4 +1 1 1
+4 * 1 1
+3 * 1
+3 * 1 0 0 0 0 0 0 0 0 1 1
+6 +3 1 0 1
+4 +2 1
+2 * 1
+3 * 1
+3 * 1
+2 -3 1 0 1
+4 +3 1
+3 * 1 0 1
+3 +3 1 1
+1 * 1 1

fn=(1376) _IO_default_finish
0x92110 628 1 0 0 1 0 0 1
+4 * 1 0 1
+1 * 1
+3 * 1 0 1
+1 * 1
+3 * 1
+4 +2 1 1
+4 * 1
+3 * 1 0 0 0 0 0 0 0 0 1 1
+7 +6 1 1
+4 * 1
+3 * 1 0 0 0 0 0 0 0 0 1 1
+27 +3 1 1 0 1 0 0 1
+4 * 1
+3 * 1 0 0 0 0 0 0 0 0 1 1
+25 68 1 1
+3 * 1 0 0 0 0 0 0 0 0 1
+2 651 1 1
+4 * 1 1
+1 * 1 1

fl=(328) /usr/src/debug/glibc/glibc/io/../sysdeps/unix/sysv/linux/close_nocancel.c
fn=(1368) __close_nocancel
0x110b60 25 1 0 0 1 0 0 1
+4 +1 1
+5 * 1
+2 * 1
+6 * 1 0 0 0 0 0 0 0 0 1
+2 +1 1 1

fl=(220)
fn=(758)
0x34c40 43 1 0 0 1 0 0 1
+4 * 1 0 1
+1 * 1
+3 * 1 0 1 0 0 1
+2 * 1 0 1
+2 * 1 0 1
+2 * 1 0 1
+2 * 1
+3 * 1 0 1
+1 * 1
+7 * 1 1
+9 * 1 0 1
+4 * 1
+3 +12 1
+3 * 1 0 0 0 0 0 0 0 0 1 1
0x34e75 277 1 1 0 1 0 0 1
+4 * 1 1
+9 * 1 0 0 0 0 0 0 0 0 1
+6 * 1
+4 * 1
+3 * 1 1
+1 * 1 1
+2 * 1 1
+2 * 1 1
+2 * 1 1
+2 * 1 1
+1 * 1 1
+7 63 1 0 0 1 0 0 1
+3 * 1 0 0 0 0 0 0 0 0 1
+6 +3 1
+7 -10 1
+6 +10 1
+3 * 1 0 0 0 0 0 0 0 0 1
+6 +7 1 1 0 1 0 0 1
+5 * 1 0 0 0 0 0 0 0 0 1 1
0x3510c +2 1
+7 * 1
+13 -2 1 1 0 1 0 0 1
+6 * 1 0 0 0 0 0 0 0 0 1 1

fl=(238) /usr/src/debug/glibc/glibc/iconv/gconv_simple.c
fn=(806) __gconv_btwoc_ascii
0x2ab40 49 128 0 0 1 0 0 1
+4 +2 128
+4 * 128
+3 * 128
+5 * 128
+3 +3 128 128

fl=(127)
fn=(426)
0xaf4b0 29 1 0 0 1 0 0 1
fi=(393) /usr/src/debug/glibc/glibc/string/../sysdeps/x86_64/multiarch/ifunc-sse4_2.h
+4 +7 1 1
+7 * 1 0 0 1 0 0 1
+7 * 1 1
+7 * 1
+7 * 1
fe=(127)
+4 -7 1 1

fl=(290)
fn=(1076)
0x171fc0 255 1547590 0 0 3 0 0 1
+4 +1 1547590
+3 +6 1547590
+4 +1 1547590 0 0 0 0 0 0 0 0 1547590 21
+2 +2 209 209 0 0 10
+4 +1 209
+4 +1 209 0 0 0 0 0 0 0 0 209 11
+6 +3 3 3
+6 +1 3 0 3 0 0 1 0 0 1
+4 +1 3 0 3 0 0 1 0 0 1
+6 +3 3
+3 * 3 3
+2 +30 1547381
+3 +1 1547381 0 0 0 0 0 0 0 0 1547381 2
+2 +2 1547380
+3 +1 1547380 0 0 0 0 0 0 0 0 1547380 7
+2 +2 1547373
+3 +4 1547373 0 0 0 0 0 0 0 0 1547373 4
+2 +1 1547371 0 0 3 0 0 1
+3 +1 1547371 0 0 0 0 0 0 0 0 1547371
+2 +1 1547371 1547371 0 0 24177
+2 +1 1547371 0 0 0 0 0 0 0 0 1547371 3
+2 +1 7 7
+5 +1 7 0 7
+5 +2 7 0 7
+2 +2 7 7
-2 -2 1547364 0 1547364 0 0 24177 0 0 20110
+2 +2 1547364 1547364
+1 +6 2 2
+4 +1 2 2
+2 +1 2 0 2
+4 +1 2 0 2
+2 +1 2 2
+1 +7 1 1
+4 +1 1 1
+6 +1 1 0 1 0 0 1
+4 +1 1 0 1
+6 +2 1 1
+10 +17 7 7 0 3 0 0 1
+5 +1 7 7
+3 +1 7 0 7
+3 +1 7 0 7
+5 +1 7 7
+1 +7 1 1
+6 +1 1 1
+6 +1 1 0 1
+4 +1 1 0 1 0 0 1 0 0 1
+5 +1 1 0 1 0 0 1 0 0 1
+6 +1 1 0 1
+6 +1 1
+3 * 1 1
+11 +5 206 206 0 1 6 0 1
+7 +1 206 0 0 0 0 0 0 0 0 206 2
+6 +5 199
+7 +1 199 0 0 0 0 0 0 0 0 199 7
+2 +2 1 1
+5 +1 1
+7 +1 1 0 0 0 0 0 0 0 0 1 1
+83 +20 198 0 0 1 0 0 1
+3 +1 198
+3 +4 198
+3 +2 198 0 0 1 0 0 1 0 0 198
+6 +4 198 198 0 0 7
+7 +1 198 0 0 0 0 0 0 0 0 198 3
+6 +11 198
+4 +3 198
+3 +2 198
+4 +2 198
+6 +4 198
+3 +1 198 0 0 0 0 0 0 0 0 198 3
+6 +9 195 195 0 0 11 0 0 4
+6 +1 195 195 0 0 7 0 0 1
+6 +2 195
+3 +2 195
+4 +1 195 195 0 1 3 0 1 3
+6 +1 195 195 0 0 7 0 0 1
+6 +3 195
+3 +2 195
+3 +2 195
+3 +2 195
+5 * 195
+8 +6 195 195 0 0 1
+4 +1 195 195 0 0 9 0 0 4
+5 +1 195 195 0 0 2
+5 +1 195 195 0 0 8 0 0 4
+5 +1 195
+4 +1 195 0 195 0 0 107 0 0 107
+4 +1 195 0 195 0 0 90 0 0 90
+5 +1 195 0 195 0 0 105 0 0 105
+5 +1 195 0 195 0 0 90 0 0 90
+5 +1 195
+4 +1 195
+3 +1 195 0 0 0 0 0 0 0 0 195 2
-49 -11 11724 11724 0 0 122
+4 +1 11724 11724 0 0 314 0 0 51
+5 +1 11724 11724 0 0 122
+5 +1 11724 11724 0 0 314 0 0 48
+5 +1 11724
+4 +1 11724 0 11724 0 0 6278 0 0 6278
+4 +1 11724 0 11724 0 0 5446 0 0 5446
+5 +1 11724 0 11724 0 0 6278 0 0 6278
+5 +1 11724 0 11724 0 0 5446 0 0 5446
+5 +1 11724
+4 +1 11724
+3 +1 11724 0 0 0 0 0 0 0 0 11724 205
+2 +2 195 0 195 0 0 192 0 0 192
+5 +1 195 0 195 0 0 101 0 0 101
+5 +1 195 0 195
+5 +1 195 0 195
+4 +2 195 0 195
+4 +4 195
+3 * 195 195
+8 +13 3 3 0 1 1 0 1 1
+5 +1 3 3
+5 +2 3 0 0 1 0 0 1
+8 +1 3 3 0 0 1 0 0 1
+5 +1 3 3 0 0 1 0 0 1
+6 +2 3
+3 +2 3
+4 +2 3
+3 * 3
+4 +6 3 3
+5 +1 3 3 0 0 1 0 0 1
+5 +1 3 3
+5 +1 3 3 0 0 1 0 0 1
+4 +1 3
+4 +1 3 0 3 0 0 3 0 0 3
+5 +1 3 0 3 1 0 0 1
+5 +1 3 0 3 0 0 3 0 0 3
+5 +1 3 0 3
+4 +1 3
+4 +1 3
+3 +1 3 0 0 0 0 0 0 0 0 3 2
-49 -11 94 94
+5 +1 94 94 0 0 1 0 0 1
+5 +1 94 94
+5 +1 94 94 0 0 1 0 0 1
+4 +1 94
+4 +1 94 0 94 0 0 94 0 0 94
+5 +1 94 0 94
+5 +1 94 0 94 0 0 94 0 0 94
+5 +1 94 0 94
+4 +1 94
+4 +1 94
+3 +1 94 0 0 0 0 0 0 0 0 94 7
+2 +2 3 0 3
+4 +1 3 0 3 0 0 3 0 0 3
+5 +1 3 0 3
+5 +1 3 0 3
+5 +2 3 0 3 0 0 2 0 0 2
+6 +1 3
+3 * 3 3
+17 +9 6 6 0 1 3 0 1
+5 +7 6
+6 +1 6 0 0 0 0 0 0 0 0 6 1
+2 +6 5
+3 +3 5
+5 +2 5
+4 +3 5
+5 +1 5
+3 +2 5
+3 +2 5 5 5 0 1 4 0 0 4 5 2
* * 900912 900907 900907 0 13820 14075 0 0 14075 900912 19
+2 +2 5 0 5 0 0 4
+5 +2 5 0 5 0 0 3
+6 +2 5
+3 * 5 5 0 0 4
+12 +5 7 0 0 1 0 0 1
+3 +1 7
+3 +4 7
+3 +2 7 0 0 0 0 0 0 0 0 7
+6 +3 7
+3 +4 7 7
+7 +1 7 0 0 0 0 0 0 0 0 7 1
+2 +4 6 6
+7 +4 6 0 0 0 0 0 0 0 0 6 2
+16 +24 1
+3 +2 1
+4 +2 1
+4 +2 1 0 0 1 0 0 1
+4 +3 1
+3 +1 1
+3 +2 1 1 1 0 0 1 0 0 1 1 1
* * 131024 131023 131023 0 2047 2047 0 0 2047 131024 7
+2 +3 1 0 1 0 0 1
+5 +2 1 0 1 0 0 1
+6 +2 1
+3 * 1 1 0 0 1
+9 +17 1 1
+7 +1 1
+3 +1 1 0 0 0 0 0 0 0 0 1
+6 +5 1
+3 +1 1
+3 +1 1 0 0 0 0 0 0 0 0 1
+6 +7 1 1 0 1 1 0 1
+5 +6 1 0 1
+4 +2 1 0 1 0 0 1 0 0 1
+5 +8 1
+3 +1 1
+4 +2 1
+4 +2 1
+3 +2 1
+3 +2 1
+3 +8 1
+2 +1 1
+3 +1 1
+6 +1 1 0 0 0 0 0 0 0 0 1
+6 +5 1
+4 +1 1
+3 +1 1 0 0 0 0 0 0 0 0 1
+6 +3 1 0 0 1 0 0 1
+6 +2 1
+4 * 1
+10 +5 1
+5 +2 1
+7 * 1
+7 +1 1
+7 * 1
+7 +1 1
+7 * 1
+7 +1 1 0 0 1 0 0 1
+7 * 1
+7 +2 1 1
+4 * 1 1
+5 * 1 1 0 0 1
+5 * 1 1
+5 +1 1 1 0 0 1
+8 * 1 1
+8 * 1 1 0 0 1
+8 * 1 1
+8 +1 1 0 0 1 0 0 1
+4 +2 1 0 1
+4 * 1 0 1
+5 * 1 0 1 0 0 1 0 0 1
+5 * 1 0 1
+5 +1 1 0 1 0 0 1 0 0 1
+8 * 1 0 1
+8 * 1 0 1 0 0 1 0 0 1
+8 * 1 0 1
+8 +1 1
+4 +1 1
+2 +1 1 0 0 1 0 0 1 0 0 1 1
0x172350 -15 126
+5 +2 126
+7 * 126
+7 +1 126
+7 * 126
+7 +1 126
+7 * 126
+7 +1 126
+7 * 126
+7 +2 126 126 0 0 126
+4 * 126 126
+5 * 126 126 0 0 126
+5 * 126 126
+5 +1 126 126 0 0 126
+8 * 126 126
+8 * 126 126 0 0 126
+8 * 126 126
+8 +1 126
+4 +2 126 0 126 0 0 126 0 0 126
+4 * 126 0 126
+5 * 126 0 126 0 0 126 0 0 126
+5 * 126 0 126
+5 +1 126 0 126 0 0 126 0 0 126
+8 * 126 0 126
+8 * 126 0 126 0 0 126 0 0 126
+8 * 126 0 126
+8 +1 126
+4 +1 126
+2 +1 126 0 0 0 0 0 0 0 0 126 2
0x172355 -13 3937
+7 * 3937
+7 +1 3937
+7 * 3937
+7 +1 3937
+7 * 3937
+7 +1 3937
+7 * 3937
+7 +2 3937 3937 0 0 3937
+4 * 3937 3937
+5 * 3937 3937 0 0 3937
+5 * 3937 3937
+5 +1 3937 3937 0 0 3937
+8 * 3937 3937
+8 * 3937 3937 0 0 3937
+8 * 3937 3937
+8 +1 3937
+4 +2 3937 0 3937 0 0 3937 0 0 3937
+4 * 3937 0 3937
+5 * 3937 0 3937 0 0 3937 0 0 3937
+5 * 3937 0 3937
+5 +1 3937 0 3937 0 0 3937 0 0 3937
+8 * 3937 0 3937
+8 * 3937 0 3937 0 0 3937 0 0 3937
+8 * 3937 0 3937
+8 +1 3937
+4 +1 3937
+2 +1 3937 0 0 0 0 0 0 0 0 3937 144
+6 +1 127
+7 +1 127
+7 +1 127
+3 +1 127 0 0 0 0 0 0 0 0 127 3
+6 +1 1
+3 +3 1
+6 +1 1 0 0 0 0 0 0 0 0 1
+2 +5 63
+7 * 63
+7 +1 63
+7 * 63 0 0 1 0 0 1
+7 +1 63 63 0 0 63
+4 +1 63 63
+5 +1 63 63 0 0 63
+5 +1 63 63
+5 +1 63
+4 +1 63
+3 +1 63 0 63 0 0 63 0 0 63
+4 +1 63 0 63
+5 +1 63 0 63 0 0 63 0 0 63
+5 +1 63 0 63
+5 +1 63
+4 +1 63
+6 +1 63 0 0 0 0 0 0 0 0 63 9
+2 +4 1 1
+6 +1 1 1 0 1 1 0 1
+6 +1 1 1
+6 +1 1 1 0 0 1
+6 +2 1 0 1
+6 +1 1 0 1 0 0 1 0 0 1
+6 +1 1 0 1
+6 +1 1 0 1 0 0 1 0 0 1
+6 +1 1
+3 * 1 1 0 0 1

fl=(128)
fn=(428)
0xc4e00 60 1 0 0 1 0 0 1
+4 -18 1 1
+7 * 1 1
+6 +1 1
+2 * 1
+2 * 1
+6 * 1 0 0 0 0 0 0 0 0 1
+37 +1 1 1 0 1 0 0 1
+6 * 1
+3 * 1 0 0 0 0 0 0 0 0 1
+2 +3 1
+2 * 1
+5 * 1 0 0 0 0 0 0 0 0 1
+2 +3 1
+7 * 1
+3 * 1 0 0 0 0 0 0 0 0 1
+2 +10 1 1

fl=(203)
fn=(692)
0x27510 545 1 0 0 1 0 0 1
+4 +1 1 1 0 0 1
+7 * 1
+7 * 1 1 0 0 1
+7 * 1 0 0 0 0 0 0 0 0 1 1
+30 +1 1 1 0 1 1 0 1
+7 * 1 1 0 0 1
+7 * 1 0 0 0 0 0 0 0 0 1
+2 +1 1 1
+7 * 1 1 0 0 1
+7 * 1 0 0 0 0 0 0 0 0 1
+2 +2 1 1

fl=(204)
fn=(694)
0x27580 64 1 0 0 1 0 0 1
+4 +2 1 1 0 0 1
+7 +1 1
+3 * 1 0 0 0 0 0 0 0 0 1
+2 -1 1
+7 * 1
+9 +3 1 0 1
+7 -1 1
+4 * 1 1 0 0 1
+4 -1 1
+3 * 1 0 0 0 0 0 0 0 0 1 1
-18 +2 2 0 2 0 0 1
+7 -1 2
+4 * 2 2 0 0 2
+4 -1 2
+3 * 2 0 0 0 0 0 0 0 0 2 1
+2 +3 1 1

fl=(323) /usr/src/debug/glibc/glibc/misc/../sysdeps/unix/sysv/linux/mmap64.c
fn=(1328) mmap
0x119430 47 7 0 0 2 0 0 1
+4 +3 7
+7 * 7 0 0 0 0 0 0 0 0 7
+2 -3 7 0 7
+1 * 7 0 0 2 0 0 1
+3 * 7 0 7
+2 * 7
+3 * 7 0 7
+1 * 7
+3 +6 7
+3 * 7 0 0 0 0 0 0 0 0 7 2
+2 +5 7
+3 * 7
+3 * 7
+5 * 7
+2 * 7
+6 * 7 0 0 0 0 0 0 0 0 7
+2 +2 7 7
+1 * 7 7
+2 * 7 7
+1 * 7 7
+72 -7 7 0 0 2 0 0 1
+2 * 7
+6 * 7
+3 * 7
+2 * 7 0 0 0 0 0 0 0 0 7 2

fl=(327)
fn=(1356)
0x813f0 34 1 0 0 1 0 0 1
+4 * 1 0 1
+1 * 1
+3 * 1 0 1
+2 * 1 0 1
+2 * 1 0 1
+1 * 1
+3 * 1 0 0 1 0 0 1
+4 +14 1 1
+3 * 1
+7 * 1 0 0 0 0 0 0 0 0 1 1
+30 +9 1 1
fi=(329) /usr/src/debug/glibc/glibc/libio/libioP.h
+7 1037 1
+7 * 1
+3 * 1
+3 +1 1 0 0 1 0 0 1
+7 * 1 0 0 0 0 0 0 0 0 1
fe=(327)
+6 57 1
+2 * 1
+3 * 1 1 1 0 1 0 0 0 0 0 0 1 1
cfi=(300) /usr/src/debug/glibc/glibc/libio/fileops.c
cfn=(1374) _IO_file_finish@@GLIBC_2.2.5
calls=1 0x8e930 202 
* * 25 8 2 4 0 0 4 0 0 5 4
+4 +1 1 1
+7 * 1
+3 * 1 0 0 0 0 0 0 0 0 1 1
fi=(329)
+69 963 1 1 0 1 1 0 1
+7 * 1
+3 * 1 1 0 0 1
+7 * 1
+3 +1 1
+2 * 1 0 0 0 0 0 0 0 0 1
+2 * 1 1 0 0 1
+7 * 1 0 0 0 0 0 0 0 0 1
+2 +6 1
+3 * 1 1 1 0 1 0 0 0 0 0 0 1 1
cfi=(195)
cfn=(1304)
calls=1 0xa9080 3319 
* * 33 9 4 0 4 0 0 0 0 6
fe=(327)
+6 76 1
+4 * 1
+3 * 1 1
+1 * 1 1
+2 * 1 1
+2 * 1 1
+1 * 1 1
+4 -27 1 0 1 1 0 0 1
cfi=(299)
cfn=(1358)
calls=1 0x910c0 +18 
* * 101 33 24 11 5 1 11 0 0 15 5
+5 +2 1 1
+3 * 1
+7 * 1 0 0 0 0 0 0 0 0 1
+6 * 1 1
+7 * 1 1 0 1 0 0 1
+7 * 1 1
+9 * 1 1
+4 * 1 0 0 0 0 0 0 0 0 1 1
+46 +1 1 0 0 1 0 0 1
+7 * 1 0 0 0 0 0 0 0 0 1 1
fi=(329)
+25 991 1
+2 * 1 0 0 0 0 0 0 0 0 1
+6 +1 1 1
+7 * 1 1
+7 * 1 1
+3 * 1 0 0 0 0 0 0 0 0 1
+2 * 1
+2 * 1 0 0 0 0 0 0 0 0 1
+2 * 1 0 1
+8 * 1 1
+7 * 1 0 1
+6 * 1
fe=(327)
+14 51 1 0 0 1 0 0 1
+3 * 1 0 0 0 0 0 0 0 0 1
+6 * 1 0 1
+6 * 1 0 1
+4 +1 1 1
+3 -1 1
+26 +20 1 1
+5 * 1 0 0 0 0 0 0 0 0 1 1
+40 -18 1 0 0 1 0 0 1
+3 * 1 0 1 1 0 0 1
cfi=(300)
cfn=(1362) _IO_file_close_it@@GLIBC_2.2.5
calls=1 0x8e6a0 +76 
* * 105 25 18 12 2 0 12 0 0 14 6 1 1
+5 * 1
fi=(329)
+3 991 1 1
+2 * 1
+5 * 1
fe=(327)

fl=(107)
fn=(374)
0xc5020 29 2 0 0 1 0 0 1
fi=(108) /usr/src/debug/glibc/glibc/wcsmbs/../sysdeps/x86_64/multiarch/ifunc-wcslen.h
+4 +11 2 2
+7 +1 2 2
+6 * 2
+2 * 2
+5 * 2 0 0 0 0 0 0 0 0 2 1
+32 +1 2 2 0 1 0 0 1
+6 * 2
+6 * 2 0 0 0 0 0 0 0 0 2
+2 +4 2 2
+6 * 2
+2 * 2
+5 * 2 0 0 0 0 0 0 0 0 2
+2 +3 2
+7 * 2 2 0 2 0 0 1
+7 * 2 0 0 0 0 0 0 0 0 2
+2 +3 2
+6 * 2
+7 * 2 0 0 0 0 0 0 0 0 2
fe=(107)
+2 -23 2 2

fl=(239)
fn=(810)
0x121c50 26 10 0 0 1 0 0 1
+4 * 10 0 10
+1 * 10
+3 * 10 0 10
+2 * 10 0 10
+2 * 10
+3 * 10 0 10
+2 * 10 0 10
+2 +7 10
+3 -7 10 0 10
+1 * 10
+3 * 10
+4 +3 10 0 10
cob=(4)
cfi=(198)
cfn=(812)
calls=10 0x4d16250 -29 
* * 160 30 0 2 4 0 2 3 0 20 1 10 1
+5 * 10
+3 +3 10 10
+3 * 10 0 10
+4 * 10 10 0 1 1 0 1
+7 +1 10
+12 +7 48
+5 +1 48 48
+3 * 48 0 0 0 0 0 0 0 0 48 2
+2 -8 48
+4 +2 48
+3 * 48 0 48
cob=(4)
cfi=(198)
cfn=(812)
calls=48 0x4d16250 -35 
* * 768 144 0 0 1 0 0 1 0 96 2 48
-3 * 10
+3 * 10 0 10
cob=(4)
cfi=(198)
cfn=(812)
calls=10 0x4d16250 -35 
* * 160 30 0 0 1 0 0 1 0 20 3 10
+5 * 58
+3 +2 58
+3 * 58 0 0 0 0 0 0 0 0 58 10
+2 * 49
+3 * 49
+3 * 49
+3 * 49 49 49 0 0 0 0 0 0 0 0 49 1
cfi=(241)
cfn=(816)
calls=49 0x171860 +36 
* * 1119 227 0 5 0 0 5 0 0 226 31
+6 * 49
+2 * 49 0 0 1 0 0 1 0 0 49 4
+2 +8 10 10
+4 * 10 10 0 0 1
+7 +1 10 10 0 0 2
+5 +1 10
+4 * 10 10
+1 * 10 10
+2 * 10 10
+2 * 10 10
+2 * 10 10
+2 * 10 10
+1 * 10 10

fl=(114)
fn=(390)
0xad310 29 5 0 0 2 0 0 1
fi=(115) /usr/src/debug/glibc/glibc/string/../sysdeps/x86_64/multiarch/ifunc-memset.h
+4 +32 5 5 0 0 1
+7 * 5
+7 * 5 5 0 0 1
+6 * 5
+3 * 5 0 0 0 0 0 0 0 0 5
+2 +3 5 5 0 0 2
+6 * 5
+6 * 5 0 0 0 0 0 0 0 0 5
+2 +16 5
+3 * 5 0 0 0 0 0 0 0 0 5
+2 +4 5 0 0 2 0 0 1
+2 * 5
+2 * 5
+5 * 5 0 0 0 0 0 0 0 0 5
+6 +8 5
+3 * 5 0 0 0 0 0 0 0 0 5 3
fe=(114)
+75 -63 5 5 0 2 0 0 1
fi=(115)
+67 +71 5 0 0 2 0 0 1
+3 * 5 0 0 0 0 0 0 0 0 5
+2 -48 5
+7 +1 5
+3 * 5 0 0 0 0 0 0 0 0 5 2
fe=(114)

fl=(116)
fn=(394)
0xad290 29 1 0 0 1 0 0 1
fi=(111)
+4 +9 1 1
+7 * 1 1
+6 +2 1
+2 * 1
+2 * 1
+6 * 1 0 0 0 0 0 0 0 0 1 1
+13 +1 1 1
+7 * 1 0 0 1 0 0 1 0 0 1
+2 +1 1 1
+6 * 1
+3 * 1 0 0 0 0 0 0 0 0 1
+2 +4 1
+2 * 1
+2 * 1
+5 * 1 0 0 0 0 0 0 0 0 1
+2 +3 1
+7 * 1
+3 * 1 0 0 0 0 0 0 0 0 1
+2 +3 1
+3 * 1
+7 * 1
+7 * 1
+4 * 1 1
fe=(116)

fl=(196)
fn=(652)
0x194d00 0 1 0 0 1 0 0 1
+4 0 1
+10 0 1
+3 0 1
+3 0 1
+3 0 1
+3 0 1
+10 0 1
+3 0 1
+4 0 1
+3 0 1
+3 0 1
+3 0 1
+3 0 1
+4 0 1
+3 0 1 0 0 1 0 0 1
+10 0 1
+3 0 1
+10 0 1
+4 0 1
+4 0 1 1

fl=(311)
fn=(1230)
0x8ae90 32 190 0 0 1 0 0 1
+4 +3 190 190 0 0 7
+4 * 190 0 0 0 0 0 0 0 0 190
+2 * 190 190 0 0 7
+3 * 190
+2 * 190 0 0 0 0 0 0 0 0 190
+2 +7 190 190

fl=(325) /usr/src/debug/glibc/glibc/misc/../sysdeps/unix/syscall-template.S
fn=(1338) munmap
0x119dd0 117 3 0 0 1 0 0 1
+4 * 3
+5 * 3
+2 * 3
+6 * 3 0 0 0 0 0 0 0 0 3 2
+2 +5 3 3

fl=(179)
fn=(600)
0x12a9a0 29 1 0 0 1 0 0 1
fi=(180) /usr/src/debug/glibc/glibc/debug/../sysdeps/x86_64/multiarch/ifunc-wmemset.h
+4 +7 1 1
+7 * 1 1 0 0 1
+6 * 1
+3 * 1 0 0 0 0 0 0 0 0 1
+2 +1 1 1
+6 * 1
+3 * 1 0 0 1 0 0 1 0 0 1
+2 +3 1
+2 * 1 0 0 0 0 0 0 0 0 1
+2 +8 1
+7 * 1
+3 * 1 0 0 0 0 0 0 0 0 1 1
+2 +3 1
+7 * 1
+3 * 1
+7 * 1
fe=(179)
+4 -22 1 1

fl=(255)
fn=(902) __internal_atexit
0x40850 36 5 0 0 1 0 0 1
+4 * 5 0 5
+1 * 5
+3 * 5 0 5
+2 * 5 0 5
+2 * 5 0 5
+1 * 5
+4 +5 5
+3 * 5 0 0 0 0 0 0 0 0 5
+6 * 5
+3 +2 5
+7 * 5
+3 * 5
+3 * 5
+2 * 5 0 0 1 0 0 1
+5 * 5 0 5 0 0 1
+4 * 5 0 0 0 0 0 0 0 0 5
+2 +1 5
+3 * 5 0 5
cfn=(904) __new_exitfn
calls=5 0x40720 +36 
* * 162 30 21 4 2 0 4 1 0 24 10
+5 +2 5
+3 * 5 0 0 0 0 0 0 0 0 5
+2 +6 5 5
+9 +5 5
+7 -3 5 0 5 0 0 3 0 0 2
+4 +1 5 0 5
+4 -3 5
+3 +4 5 0 5
+7 -4 5
+4 +1 5 0 5
+4 +4 5
+2 * 5 5 5 1 0 0 1 0 0 5
+2 * 5
+3 * 5 0 0 0 0 0 0 0 0 5
+2 +1 5
+2 +1 5
+4 * 5 5
+1 * 5 5
+2 * 5 5
+2 * 5 5
+1 * 5 5

fn=(900)
0x40950 67 5 0 0 1 0 0 1
+4 +1 5
+7 * 5
cfn=(902)
calls=5 0x40850 -32 
* * 362 65 76 7 2 4 7 1 2 49 10

fn=(904)
0x40720 80 5 0 0 1 0 0 1
+4 +6 5 5 0 0 1 0 0 1
+7 * 5 0 0 0 0 0 0 0 0 5
+6 -6 5 0 5
+1 * 5
+3 * 5
+3 * 5
+4 +11 5 5 0 0 1
+3 * 5 0 0 1 0 0 1
+3 * 5 0 0 0 0 0 0 0 0 5 2
+6 * 5
+3 -10 5
+2 * 5
+3 +12 5 5
+4 * 5
+12 +1 4
+4 * 4
+4 * 4 4
+6 * 4 0 0 0 0 0 0 0 0 4 3
+6 -1 5
+3 * 5 0 0 0 0 0 0 0 0 5 4
+2 -2 1 1
+3 +10 1 0 1 1 0 0 1
+8 -10 1
+3 * 1
+3 * 1 0 0 0 0 0 0 0 0 1 1
+14 +13 4
+4 * 4 0 0 0 0 0 0 0 0 4
+2 +25 4
+3 +1 4
+4 * 4 0 4
+4 -1 4
+4 * 4
+5 +7 4 0 4
+7 +1 4 0 4
+8 +4 4 4
+1 * 4
+3 * 4 4
-19 -5 1 0 1
+7 +1 1 0 1
+8 +4 1 1
+1 * 1
+3 * 1 1
+19 -18 1 0 1 1 0 0 1
+8 -1 1
+4 +12 1

fl=(201) /usr/src/debug/glibc/glibc/misc/init-misc.c
fn=(686) __init_misc
0x11cef0 30 1 0 0 1 0 0 1
+4 +1 1
+3 * 1 0 0 0 0 0 0 0 0 1
+2 * 1 1
+3 * 1
+3 * 1 0 0 1 0 0 1 0 0 1
+2 -1 1 0 1
+1 +3 1
+3 -3 1
+3 * 1
+4 * 1 0 1
+4 +3 1
+5 * 1 0 1
+4 * 1 0 1
cob=(4)
cfi=(198)
cfn=(688)
calls=1 0x4d16330 -33 
* * 24 3 0 3 2 0 3 0 0 3 1 1 1
+5 +4 1 1
+4 +1 1 1
+4 -1 1
+4 * 1
+3 * 1 1
+7 * 1
+4 * 1 0 1 0 0 1
+3 +1 1 1 0 1 0 0 1
+7 * 1 1
+3 * 1 0 1
+3 +2 1 1
+1 * 1 1

fl=(332)
fn=(1434)
0x1715c0 61 4 0 0 2 0 0 1
+4 +7 4
+3 +2 4 0 0 0 0 0 0 0 0 4
+2 +3 4
+4 +1 4
+5 +2 4
+2 +1 4
+5 +1 4
+5 +1 4 0 0 0 0 0 0 0 0 4 2
+6 +3 4 4 0 0 1
+4 +1 4
+4 +3 4
+4 +1 4 0 0 0 0 0 0 0 0 4 2
+2 +2 4
+2 +1 4 0 0 0 0 0 0 0 0 4 1
+2 +1 3
+3 +1 3
+3 +2 3
+3 * 3 3
+17 +27 1 0 0 1 0 0 1
+3 +1 1
+3 +1 1
+3 +1 1
+3 * 1 1
+52 +37 1 0 0 1 0 0 1
+2 +1 1
+2 +1 1
+4 +2 1
+7 +10 1 1
+5 +1 1
+4 +3 1
+3 +1 1 0 0 0 0 0 0 0 0 1
+6 +2 1
+2 +1 1 0 0 0 0 0 0 0 0 1 1

fl=(265)
fn=(932)
0x175e20 206 1 0 0 1 0 0 1
+4 +24 1
+4 +5 1 0 0 0 0 0 0 0 0 1
+2 +14 1
+5 +25 1
+2 +1 1
+2 +1 1
+3 +2 1
+5 +1 1 0 0 1 0 0 1 0 0 1
+6 +4 1 1
+4 +4 1 1
+4 +2 1
+4 +2 1
+4 +3 1
+4 +2 1
+4 +1 1 0 0 0 0 0 0 0 0 1 1
+7 +11 1
+4 +10 1 1
+4 +1 1 1
+4 +3 1
+2 +4 1
+3 * 1 1
+1 +5 1
+2 +1 1
+5 +1 1 0 0 0 0 0 0 0 0 1

fl=(300)
fn=(1154) _IO_file_fopen@@GLIBC_2.2.5
0x8eaf0 247 1 0 0 1 0 0 1
+4 * 1 0 1
+1 * 1
+3 * 1
+4 * 1 0 1
+4 * 1 0 0 1 0 0 1
+3 * 1 0 1
+4 * 1 1
+9 * 1 0 1
+4 * 1
+3 +9 1 1
+4 * 1 0 0 0 0 0 0 0 0 1
+6 +2 1 1 0 0 1 0 0 1
+3 * 1
+3 * 1
+3 * 1 0 0 0 0 0 0 0 0 1 1
+41 +21 1 0 0 1 0 0 1
+4 -1 1
+3 +3 1
+7 * 1 1
+4 * 1
+4 * 1
+4 * 1 0 0 0 0 0 0 0 0 1
+2 * 1
+4 * 1 0 0 0 0 0 0 0 0 1 1
+46 391 1 1 0 1 0 0 1
+4 * 1 1
+9 * 1 0 0 0 0 0 0 0 0 1
+6 * 1
+3 * 1 1
+4 * 1 1
+4 * 1 1
+1 * 1 1
+21 -76 1 0 0 1 0 0 1
+3 * 1
+3 * 1
+3 * 1
+3 * 1
+5 * 1 0 1
cfn=(1158) _IO_file_open
calls=1 0x8ea00 -99 
* * 105 28 18 9 0 0 9 0 0 10 1
+5 * 1
+3 +3 1
+3 * 1 0 0 0 0 0 0 0 0 1
+6 +3 1
+4 * 1 0 0 1 0 0 1
+7 * 1 0 1
cfi=(305) /usr/src/debug/glibc/glibc/string/../string/strstr.c
cfn=(1166) __GI_strstr
calls=1 0xb0b60 77 
* * 52 13 7 6 1 0 6 1 0 6 2 1 1
+5 +1 1
+3 * 1 0 0 0 0 0 0 0 0 1 1
0x8ed88 -41 1 0 0 1 0 0 1
+4 * 1 0 0 0 0 0 0 0 0 1
+2 * 1
+4 * 1 0 0 0 0 0 0 0 0 1
+6 * 1
+3 * 1 0 0 0 0 0 0 0 0 1 1
+21 * 1 1
+4 * 1
fi=(302) /usr/src/debug/glibc/glibc/libio/../iconv/gconv_charset.h
+92 75 1 0 1 1 0 0 1
fe=(300)
+4 262 1
+6 -1 1
+3 -13 1
+2 * 1

fn=(1158)
0x8ea00 216 1 0 0 1 0 0 1
+4 * 1 0 1
+1 * 1
+3 * 1
+2 * 1
+2 * 1
+3 * 1 0 1
+2 * 1
+3 * 1 0 1
+1 * 1
+3 * 1
+4 +2 1 1
+4 +1 1
+3 * 1
+5 -1 1 0 0 0 0 0 0 0 0 1
+6 +4 1 0 1
cfi=(303) /usr/src/debug/glibc/glibc/io/../sysdeps/unix/sysv/linux/open64.c
cfn=(1160) open
calls=1 0x10f750 30 
* * 54 16 9 6 0 0 6 0 0 5 1
+5 * 1
+2 +1 1
+2 * 1 0 0 0 0 0 0 0 0 1
+6 +3 1 1
+2 * 1 0 0 1 0 0 1
+3 +3 1
+3 -4 1 0 1
+3 +1 1
+6 * 1
+5 * 1
+2 +3 1
+7 -3 1 0 1
+2 +3 1 0 0 0 0 0 0 0 0 1
+57 +10 1 0 0 1 0 0 1
+3 * 1 0 1
cfi=(299)
cfn=(1148)
calls=1 0x910e0 109 
* * 14 6 2 0 0 0 0 0 0 2
+5 +2 1
+4 -1 1
+3 +1 1 1
+1 * 1 1
+2 * 1 1
+1 * 1 1

fn=(1362)
0x8e6a0 129 1 0 0 1 0 0 1
+4 * 1 0 1
+1 * 1
+3 * 1
+4 * 1 0 1
+4 +2 1 1
+4 * 1
+4 * 1 0 0 0 0 0 0 0 0 1
+6 * 1 0 1 1 0 0 1
+4 * 1
+3 +3 1 0 1
+4 * 1 1
+2 * 1
+2 * 1
+6 +1 1
+6 * 1 0 0 0 0 0 0 0 0 1
+6 +2 1
+3 * 1 0 0 0 0 0 0 0 0 1
+6 +14 1
+3 * 1 0 0 0 0 0 0 0 0 1 1
+2 +1 1 1
+6 * 1
+2 * 1 0 0 0 0 0 0 0 0 1 1
0x8e78e -22 1 0 0 1 0 0 1
+3 +43 1
+3 +2 1
+3 -2 1 0 1
cfi=(299)
cfn=(1364)
calls=1 0x93090 977 
* * 6 3 0 2 1 0 2 0 0 2 2
+5 +3 1 1
+4 * 1 0 0 0 0 0 0 0 0 1
+2 * 1 1
fi=(329)
+7 1037 1
+7 * 1
+3 * 1
+3 +1 1
+6 * 1 0 0 1 0 0 1 0 0 1
fe=(300)
+6 176 1
+3 * 1 1 1 0 1 0 0 0 0 0 0 1 1
cfn=(1366) _IO_file_close
calls=1 0x902d0 1225 
* * 9 2 0 2 0 0 2 0 0 1
+8 * 1
+3 +3 1 1
+6 * 1
+2 * 1 0 0 0 0 0 0 0 0 1 1
+60 +8 1 0 0 1 0 0 1
+2 * 1
+2 * 1
+2 * 1
+3 * 1 0 1
cfi=(299)
cfn=(1370)
calls=1 0x91900 355 
* * 19 4 4 1 0 0 1 0 0 1 1
+5 +1 1
+4 +3 1
+3 -3 1 0 1
+4 * 1 0 1
+4 * 1 0 1
+4 +3 1 0 1
cfi=(299)
cfn=(1358)
calls=1 0x910c0 67 
* * 4 2 0 0 0 0 0 0 0 1
+5 +5 1
+3 -4 1 0 1 1 0 0 1
+6 +1 1 0 1
+7 +3 1
+4 * 1 1
+4 -2 1 0 1
+11 +2 1 1
+4 +1 1
+3 * 1 1
+4 * 1 1
+1 * 1 1
+87 -45 1 1 0 1 0 0 1
+4 * 1 1
+4 * 1 0 0 0 0 0 0 0 0 1
+6 * 1

fn=(1366)
0x902d0 1225 1 0 0 1 0 0 1
+4 +3 1 1
+3 * 1
cfi=(328)
cfn=(1368)
calls=1 0x110b60 25 
* * 6 1 0 1 0 0 1 0 0 1

fn=(1374)
0x8e930 202 1 0 0 1 0 0 1
+4 +1 1 1
+4 * 1 0 0 0 0 0 0 0 0 1 1
0x8e9d0 +6 1 0 0 1 0 0 1
+2 * 1
cfi=(299)
cfn=(1376)
calls=1 0x92110 628 
* * 20 7 2 2 0 0 2 0 0 4 3

fn=(1146) _IO_new_file_init_internal
0x8e610 107 1 0 0 1 0 0 1
+4 * 1 0 1
+1 * 1
+3 * 1 0 1
+1 * 1
+3 * 1
+4 +5 1 0 1
+6 -1 1 0 1
+11 +3 1 0 1
cfi=(299)
cfn=(1148)
calls=1 0x910e0 -5 
* * 98 29 26 12 0 0 12 0 0 13 4
+5 +1 1 0 1
+7 +1 1 1 0 1 0 0 1
+4 * 1 1
+1 * 1 1

fl=(277)
fn=(1012)
0x276c0 30 1 0 1 1 0 0 1
+1 * 1
+3 * 1
+7 * 1 0 1
+7 * 1 0 1
+6 * 1 0 1
+7 +15 1 1
+9 * 1 0 1
+4 * 1
+4 * 1 0 1
cfi=(278) /usr/src/debug/glibc/glibc/setjmp/../sysdeps/x86_64/bsd-_setjmp.S
cfn=(1014) _setjmp
calls=1 0x3e4e0 -17 
* * 31 6 9 4 1 0 4 0 0 2 1
+5 * 1
+4 +2 1
+2 * 1 0 0 0 0 0 0 0 0 1
+2 +5 1 1 0 1 1 0 1
+9 * 1 0 1
+4 +1 1 1
+9 * 1 0 1
+4 +3 1
+4 * 1 0 1
+9 +3 1 1
+7 * 1 1
+7 * 1 1
+6 * 1 1
+3 * 1 1 1 1 0 0 1 0 0 0 0 1 1
cob=(8)
cfi=(281) /home/ikea/Projects/dv1674_a2/blur/base/blur.cpp
cfn=(1020) main
calls=1 0x6639 -47 
* * 11492754970 1912993875 7676417346 3475 6446074 5753957 1618 231 151727 7028540214 2614118 36095741 267

fl=(301)
fn=(1150)
0x94ed0 24 2 0 0 1 0 0 1
+4 +1 2 2
+9 +2 2 2 0 0 1
+9 * 2 0 2
+4 +2 2
+7 * 2 2
+6 +3 2
+2 * 2 0 0 0 0 0 0 0 0 2 1
+2 +14 2
+2 * 2
+3 * 2 0 2 1 0 0 1
+3 +2 2 0 2
+9 +1 2 2

fn=(1152)
0x94f20 54 2
+4 +1 2 2
+9 +2 2 2
+4 * 2 0 2
+9 +2 2 0 0 1 0 0 1
+7 * 2 2
+6 +1 2 2
+3 * 2
+2 * 2 0 0 0 0 0 0 0 0 2 2
+25 +11 2 2

fl=(214)
fn=(740)
0x1729c0 198 859273 0 0 2 0 0 1
+4 +1 859273
+4 * 859273
+3 +5 859273
+4 +1 859273 0 0 0 0 0 0 0 0 859273 2
+6 +1 859273
+5 +1 859273
+4 +1 859273 0 0 0 0 0 0 0 0 859273 16
+34 +21 859273 859273 0 2 2 0 1
+7 +1 859273 0 0 0 0 0 0 0 0 859273 8
+2 +6 4 0 4 0 0 3 0 0 3
+4 +1 4 0 4 0 0 2 0 0 2
+5 +12 4
+3 +3 4
+7 +1 4 0 0 0 0 0 0 0 0 4
+2 +12 4 0 4 0 0 1 0 0 1
+5 +1 4 0 4 0 0 2 0 0 2
+5 +13 4
+4 +1 4
+7 +2 4 0 0 0 0 0 0 0 0 4
+2 +3 4
+7 +3 4
+4 +3 4 0 4 1 0 0 1
+4 +1 4 0 4 0 0 3 0 0 3
+5 +1 4 0 4
+5 +1 4 0 4 0 0 3 0 0 3
+5 +1 4
+4 +1 4
+3 +1 4 0 0 0 0 0 0 0 0 4 2
-26 -6 5 0 5
+4 +1 5 0 5 0 0 4 0 0 4
+5 +1 5 0 5
+5 +1 5 0 5 0 0 3 0 0 3
+5 +1 5
+4 +1 5
+3 +1 5 0 0 0 0 0 0 0 0 5 3
+2 * 4
+4 +3 4 0 4
+4 +1 4 0 4 0 0 2 0 0 2
+5 +1 4 0 4
+5 +1 4 0 4 0 0 1 0 0 1
+5 +3 4
+3 * 4 4
+10 +15 859269 859269 0 1 1 0 1
+7 +1 859269 0 0 0 0 0 0 0 0 859269
+2 +1 859269
+4 +1 859269
+3 +1 859269
+3 +1 859269 0 859269 0 0 1 0 0 0 859269 6
* * 6874152000 0 6873292731 0 0 125 0 0 25 6874152000 859277
+2 +5 859269
+3 +2 859269
+3 * 859269 859269

fl=(202)
fn=(690)
0x176bf0 53 1 0 0 1 0 0 1
+4 +1 1
+4 +1 1
+2 +2 1
+5 +1 1 0 0 1 0 0 1
+4 +4 1
+3 +1 1
+5 +1 1 0 0 0 0 0 0 0 0 1
+6 +3 1 1 0 0 1
+4 +2 1
+4 +1 1
+4 +1 1
+2 +1 1 0 0 0 0 0 0 0 0 1
+6 +3 1
+4 +1 1
+4 +2 1
+5 +1 1
+2 +1 1 0 0 0 0 0 0 0 0 1 1
+2 +1 1
+3 +1 1
+3 +9 1
+3 * 1 1

fl=(304) /usr/src/debug/glibc/glibc/nptl/cancellation.c
fn=(1162) __syscall_cancel
0x94af0 74 191 0 0 1 0 0 1
+4 * 191 0 191
+1 * 191
+3 +1 191
+4 * 191 191 191
+3 * 191 0 191 1 0 0 1
cfn=(1164) __internal_syscall_cancel
calls=191 0x94a60 -45 
* * 2483 1146 191 2 10 0 2 0 0 191 1
+5 +4 191 191
+1 * 191 191
+1 * 191
+6 * 191 0 0 0 0 0 0 0 0 191 2
+2 +1 191 191
+1 * 191 191

fn=(1164)
0x94a60 30 191 0 0 1 0 0 1
+4 * 191 0 191
+1 * 191
+3 * 191
+3 * 191
+4 +7 191 191
+9 * 191 191 0 0 7
+7 +1 191 191 0 1 3 0 1
+7 * 191 0 0 0 0 0 0 0 0 191 1
+82 +2 191 191
+4 * 191
+2 +24 191 191
+1 * 191 191

fl=(89)
fn=(326)
0xc39d0 31 1 0 0 1 0 0 1
fi=(90)
+4 +8 1 1
+7 * 1 1
+6 +1 1
+2 * 1
+2 * 1
+6 * 1 0 0 0 0 0 0 0 0 1 1
+13 +1 1 1
+6 * 1 0 0 1 0 0 1
+3 * 1 0 0 0 0 0 0 0 0 1
+2 +4 1
+2 * 1
+5 * 1 0 0 0 0 0 0 0 0 1
+2 +3 1
+3 * 1
+7 * 1
+7 * 1
+4 * 1 1
fe=(89)

fl=(95)
fn=(338)
0xd24c0 29 2 0 0 1 0 0 1
fi=(96) /usr/src/debug/glibc/glibc/wcsmbs/../sysdeps/x86_64/multiarch/ifunc-memcmp.h
+4 +5 2 2 0 0 1
+7 * 2 2
+6 * 2
+2 * 2
+2 * 2
+6 * 2 0 0 0 0 0 0 0 0 2 2
+13 +1 2 2
+7 * 2 0 0 0 0 0 0 0 0 2
+2 +2 2 2 0 0 1
+6 * 2
+3 * 2 0 0 0 0 0 0 0 0 2 1
+2 +4 2
+2 * 2
+2 * 2 0 0 1 0 0 1
+5 * 2 0 0 0 0 0 0 0 0 2
+2 +3 2
+7 * 2
+3 * 2 0 0 0 0 0 0 0 0 2
+2 +3 2
+3 * 2
+7 * 2
+7 * 2
+4 * 2 2
fe=(95)

fl=(177)
fn=(596)
0xd8b40 41 1 0 0 1 0 0 1
+4 * 1 1
+7 * 1
+7 * 1 1 0 0 1
+7 * 1
+3 * 1
+4 * 1 1

fl=(106)
fn=(370)
0x129680 29 1 0 0 1 0 0 1
fi=(94) /usr/src/debug/glibc/glibc/debug/../sysdeps/x86_64/multiarch/ifunc-memmove.h
+4 +27 1 1
+7 +1 1
+7 -1 1 1
+6 +1 1
+3 * 1 0 0 0 0 0 0 0 0 1 1
+5 +3 1 1
+6 * 1
+6 * 1 0 0 0 0 0 0 0 0 1 1
+52 +14 1 0 0 1 0 0 1
+3 * 1 0 0 0 0 0 0 0 0 1 1
+53 +3 1 0 0 1 0 0 1
+2 * 1 0 0 0 0 0 0 0 0 1
+2 +8 1
+6 * 1 0 0 0 0 0 0 0 0 1
+2 +8 1
+3 * 1 0 0 0 0 0 0 0 0 1
+2 +3 1
+6 * 1
+7 * 1
+7 * 1 0 0 1 0 0 1
+4 * 1 1
fe=(106)

fl=(298)
fn=(1140) __fopen_internal
0x81f80 57 1 0 0 1 0 0 1
+4 * 1 0 1
+1 * 1
+3 * 1
+4 * 1 0 1
+4 * 1
+3 +8 1
+5 -8 1 0 1
+4 * 1
+3 * 1 0 1
+4 * 1
+3 * 1 0 1
+4 +8 1 1 1 0 0 0 0 0 0 0 0 1 1
cfi=(195)
cfn=(936)
calls=1 0xa8b30 3283 
* * 163 26 11 2 3 1 2 1 1 27 10
+6 +2 1
+3 * 1 0 0 0 0 0 0 0 0 1
+6 * 1 0 1
+4 * 1
+3 +3 1 0 0 1 0 0 1
+7 +2 1
+2 * 1
+2 * 1
+7 * 1
+3 * 1
+3 -2 1 0 1 0 0 1 0 0 1
+7 +2 1
+7 * 1 0 1
cfi=(299)
cfn=(1142)
calls=1 0x92010 589 
* * 58 9 30 5 1 4 5 1 4 2
+6 +1 1
+7 +1 1
+3 -1 1 0 1
+7 +1 1 0 1 1 0 0 1
cfi=(300)
cfn=(1146)
calls=1 0x8e610 +33 
* * 111 32 32 14 0 0 14 0 0 13 4
+5 +1 1
+3 * 1
+3 * 1
+3 * 1
+3 * 1 0 1
cfi=(300)
cfn=(1154)
calls=1 0x8eaf0 247 
* * 217 52 32 23 2 0 23 2 0 26 7 1 1
+5 * 1
+3 * 1 0 0 0 0 0 0 0 0 1
+2 -38 1 1
+4 * 1 0 0 0 0 0 0 0 0 1
+2 * 1 1
+4 +44 1
+3 * 1 1
+4 * 1 1
+4 * 1 1
+4 * 1 1
+4 * 1 1
+1 * 1 1

fn=(1138)
0x820b0 85 1 0 0 1 0 0 1
+4 +1 1
+5 * 1
cfn=(1140)
calls=1 0x81f80 -29 
* * 596 128 117 47 6 6 47 4 6 71 21 2 2

fl=(192) /usr/src/debug/glibc/glibc/nptl/pthread_mutex_conf.c
fn=(644) __pthread_tunables_init
0x9aee0 55 1 0 0 1 0 0 1
+4 * 1 0 1
+1 +1 1
+5 -1 1
+3 * 1
+4 +1 1 1
+9 * 1 0 1
+4 * 1 0 0 1 0 0 1
+7 * 1
+4 * 1 1 1 0 1 0 0 0 0 0 0 1 1
cob=(1)
cfi=(12)
cfn=(30)
calls=1 0x14f60 435 
* * 18 4 1 2 2 0 0 2 0 3 2
+6 +2 1
+7 * 1
+4 * 1
+5 * 1 1 1 0 0 0 0 0 0 0 0 1 1
cob=(1)
cfi=(12)
cfn=(30)
calls=1 0x14f60 435 
* * 17 4 1 0 2 0 0 2 0 3 1
+6 +2 1
+7 * 1
+4 * 1
+5 * 1 1 1 0 0 0 0 0 0 0 0 1 1
cob=(1)
cfi=(12)
cfn=(30)
calls=1 0x14f60 435 
* * 18 4 1 0 2 0 0 2 0 3 2
+6 +2 1 1
+4 * 1 1 0 1 0 0 1
+9 * 1 0 0 0 0 0 0 0 0 1
+2 * 1 1
+1 * 1 1

fl=(235)
fn=(800)
0xd2290 30 128 0 0 1 0 0 1
+4 * 128 0 128
+1 * 128
+3 * 128
+4 * 128 128
+9 * 128 0 128
+4 * 128
+2 +9 128
+3 * 128 0 0 0 0 0 0 0 0 128
+6 * 128
+2 +6 128
+2 -1 128
+3 * 128 0 0 0 0 0 0 0 0 128
+2 +35 128 128 0 1 0 0 1
+4 * 128 128
+9 * 128 0 0 0 0 0 0 0 0 128 1
+6 * 128 128
+1 * 128
+2 * 128 128

fl=(241)
fn=(816)
0x171860 73 51 0 0 2 0 0 1
+4 +7 51
+4 +1 51 0 0 0 0 0 0 0 0 51 10
+6 +3 1 1
+4 +1 1 1
+4 +1 1
+4 +4 1
+2 +1 1 0 0 1 0 0 1 0 0 1
+6 +2 1
+4 +1 1 0 0 0 0 0 0 0 0 1
+6 +3 1 1
+5 +1 1 1
+5 +1 1
+4 +3 1
+2 +1 1 0 0 0 0 0 0 0 0 1
+6 +3 1
+7 +1 1 0 0 0 0 0 0 0 0 1
+6 +3 1 1
+5 +1 1 1
+5 +1 1
+4 +1 1
+2 +1 1 0 0 1 0 0 1 0 0 1
+6 +1 1 1
+5 +1 1 1
+5 +1 1
+4 +1 1
+2 +1 1 0 0 0 0 0 0 0 0 1
+6 +3 1
+7 +1 1 0 0 0 0 0 0 0 0 1
+6 +6 1 1
+6 +1 1 1
+6 +1 1
+5 +1 1
+5 +4 1 1 0 1 0 0 1
+4 +1 1 1
+5 +2 1 1
+5 +1 1 1
+5 +1 1 1
+5 +1 1 1
+5 +3 1
+4 +1 1
+4 +1 1
+4 +1 1
+4 +1 1
+2 +1 1 0 0 0 0 0 0 0 0 1
+2 +2 1
+3 * 1 1
+14 +4 30 0 0 1 0 0 1
+4 +10 30 30
+4 +1 30 30
+4 +1 30
+2 +3 30
+3 * 30 30
0x171b40 401 50 0 0 2 0 0 1
+3 +1 50 0 0 0 0 0 0 0 0 50
+2 +5 50
+2 +1 50
+2 +1 50
+5 +1 50
+5 +1 50 0 0 0 0 0 0 0 0 50 7
+2 +3 40 40
+4 +1 40 40
+4 +1 40
+4 +1 40
+2 +3 40
+5 +1 40 0 0 0 0 0 0 0 0 40 12
+6 +1 10
+2 +1 10
+3 * 10 10
+13 +6 10 0 0 1 0 0 1
+3 +1 10 0 0 0 0 0 0 0 0 10
+2 +2 10
+3 +1 10 0 0 0 0 0 0 0 0 10
+2 +2 10
+3 +1 10 0 0 0 0 0 0 0 0 10
+6 +2 10 10
+4 +1 10 10
+4 +1 10
+4 +1 10
+4 +1 10 10
+6 +1 10 10
+6 +1 10
+3 +1 10
+3 +1 10
+3 +2 10 0 0 0 0 0 0 0 0 10 3
+2 +2 1 1
+22 +13 9 0 0 1 0 0 1
+2 +1 9
+3 +2 9 9

fl=(85)
fn=(318)
0xaffd0 31 1 0 0 1 0 0 1
fi=(86) /usr/src/debug/glibc/glibc/string/../sysdeps/x86_64/multiarch/ifunc-strcasecmp.h
+4 +5 1 1
+7 +1 1 1 0 0 1
+6 * 1
+2 * 1
+6 * 1 0 0 0 0 0 0 0 0 1 1
fe=(85)
+43 -6 1
+3 * 1 1
fi=(86)
+9 +7 1 1 0 1 0 0 1
+6 * 1
+6 * 1 0 0 0 0 0 0 0 0 1
+2 +4 1 1
+6 * 1
+2 * 1
+6 * 1 0 0 0 0 0 0 0 0 1
+2 +3 1 0 0 1 0 0 1
+7 * 1 1
+7 * 1 0 0 0 0 0 0 0 0 1
+2 +3 1
+6 * 1
+7 * 1 0 0 0 0 0 0 0 0 1
+2 * 1
fe=(85)

fl=(110)
fn=(382)
0xb02f0 31 2 0 0 1 0 0 1
fi=(111)
+4 +7 2 2
+7 * 2 2 0 1 0 0 1
+6 +2 2
+2 * 2
+2 * 2
+6 * 2 0 0 0 0 0 0 0 0 2 1
+13 +1 2 2 0 0 1
+7 * 2 0 0 0 0 0 0 0 0 2
+2 +1 2 2
+6 * 2
+3 * 2 0 0 0 0 0 0 0 0 2
+2 +4 2
+2 * 2
+2 * 2
+5 * 2 0 0 0 0 0 0 0 0 2
+2 +3 2
+7 * 2 0 0 1 0 0 1
+3 * 2 0 0 0 0 0 0 0 0 2
+2 +3 2
+3 * 2
+7 * 2
+7 * 2
+4 * 2 2
fe=(110)

fl=(133)
fn=(442)
0xaf440 29 1 0 0 1 0 0 1
fi=(92) /usr/src/debug/glibc/glibc/string/../sysdeps/x86_64/multiarch/ifunc-strcpy.h
+4 +9 1 1
+7 * 1 1
+6 +1 1 1
+6 -1 1
+3 * 1 0 0 0 0 0 0 0 0 1
+2 +1 1
+3 * 1 0 0 0 0 0 0 0 0 1
+2 +4 1
+2 * 1
+2 * 1
+5 * 1 0 0 0 0 0 0 0 0 1
+2 +3 1
+7 * 1
+3 * 1 0 0 0 0 0 0 0 0 1
+2 +3 1
+7 * 1
+3 * 1 0 0 0 0 0 0 0 0 1 1
fe=(133)
+37 -20 1 1

fl=(279) /usr/src/debug/glibc/glibc/setjmp/../sysdeps/x86_64/setjmp.S
fn=(1016) __sigsetjmp
0x3e410 31 1 0 0 1 0 0 1
+4 +2 1 0 1
+3 +9 1
+3 +1 1 1
+9 * 1
+4 +1 1 0 1
+4 +4 1 0 1
+4 +1 1 0 1
+4 +1 1 0 1
+4 +1 1 0 1
+4 +1 1
+5 +2 1 1 0 1 0 0 1
+9 * 1
+4 +2 1 0 1
+4 +1 1 1
+4 +1 1
+1 +2 1 1
+9 * 1
+4 +2 1 0 1
+4 +5 1 1 0 0 1
+12 +1 1 0 0 0 0 0 0 0 0 1 1
+11 +17 1 0 0 1 0 0 1
cfi=(280) /usr/src/debug/glibc/glibc/setjmp/sigjmp.c
cfn=(1018) __sigjmp_save
calls=1 +18 -57 
* * 6 1 1 0 0 0 0 0 0 1

fl=(98)
fn=(346)
0xd2570 31 3 0 0 1 0 0 1
fi=(99) /usr/src/debug/glibc/glibc/wcsmbs/../sysdeps/x86_64/multiarch/ifunc-wmemset.h
+4 +5 3 3
+7 * 3 3 0 1 0 0 1
+6 * 3
+3 * 3 0 0 0 0 0 0 0 0 3
+2 +1 3 3
+6 * 3
+3 * 3 0 0 0 0 0 0 0 0 3
+2 +3 3
+2 * 3 0 0 0 0 0 0 0 0 3
+2 +8 3
+7 * 3
+3 * 3 0 0 0 0 0 0 0 0 3
+2 +3 3
+7 * 3
+3 * 3
+7 * 3
fe=(98)
+4 -20 3 3

fl=(178)
fn=(598)
0xb0f50 52 1 0 0 1 0 0 1
+4 -6 1 1 0 0 1
+7 * 1
+7 * 1 1
+7 * 1
+7 * 1
+4 +6 1 1

fl=(119)
fn=(404)
0xb03a0 28 1
fi=(111)
+4 +10 1 1
+7 * 1 1
+6 +2 1
+2 * 1
+2 * 1
+6 * 1 0 0 0 0 0 0 0 0 1 1
+13 +1 1 1 0 1 0 0 1
+7 * 1 0 0 0 0 0 0 0 0 1
+2 +1 1 1
+6 * 1
+3 * 1 0 0 0 0 0 0 0 0 1
+2 +4 1
+2 * 1
+2 * 1
+5 * 1 0 0 0 0 0 0 0 0 1
+2 +3 1
+7 * 1
+3 * 1 0 0 0 0 0 0 0 0 1
+2 +3 1
+3 * 1
+7 * 1 0 0 1 0 0 1
+7 * 1
+4 * 1 1
fe=(119)

fl=(136)
fn=(454)
0xb0220 29 2
fi=(122) /usr/src/debug/glibc/glibc/string/../sysdeps/x86_64/multiarch/ifunc-strncpy.h
+4 +6 2 2
+7 * 2 2
+6 * 2
+3 * 2 0 0 0 0 0 0 0 0 2
+2 +1 2 2
+6 * 2
+3 * 2 0 0 1 0 0 1 0 0 2
+2 +4 2
+2 * 2
+2 * 2
+5 * 2 0 0 0 0 0 0 0 0 2
+2 +3 2
+7 * 2
+3 * 2 0 0 0 0 0 0 0 0 2
+2 +3 2
+3 * 2
+7 * 2
+7 * 2
+4 * 2 2
fe=(136)

fl=(268) /usr/src/debug/glibc/glibc/misc/sbrk.c
fn=(946) sbrk
0x11a880 37 15 0 0 2 0 0 1
+4 * 15 0 15
+1 * 15
+3 * 15
+3 * 15
+4 +6 15 15 0 0 5
+7 * 15 0 0 0 0 0 0 0 0 15 7
+42 -3 15 15 0 3 4 0 1
+7 * 15 15 0 0 6 0 0 1
+3 +18 15
+3 * 15 0 0 0 0 0 0 0 0 15 2
+2 +4 15
+3 * 15 0 0 0 0 0 0 0 0 15 3
+2 +4 12 0 0 0 0 0 0 0 0 12 1
+2 +1 11
+4 -1 11
+3 * 11 0 0 0 0 0 0 0 0 11
+2 * 12 0 12 0 0 1
+4 +8 12 0 12
cfi=(269)
cfn=(948)
calls=12 0x111df0 -38 
* * 108 24 12 2 0 0 0 0 0 12
+5 -24 12 12
+4 * 12
+2 * 12
+7 * 12
+4 +28 12 12
+1 * 12
+3 * 12 12
-4 * 3 3
+1 * 3
+3 * 3 3
+3 -10 1 0 0 1
+3 * 1
+3 -2 1
+3 * 1 0 0 0 0 0 0 0 0 1 1
+31 +12 1 0 1 1 0 0 1
+4 -19 1
+2 * 1 0 1
cfi=(269)
cfn=(948)
calls=1 0x111df0 -23 
* * 9 2 1 2 0 0 2 0 0 1
+5 * 1
+2 * 1 0 0 0 0 0 0 0 0 1
+2 +6 1 1
+7 * 1 1 0 1 0 0 1
+4 * 1 1
+3 * 1
+2 * 1 0 0 1
+4 * 1

fl=(280)
fn=(1018)
0x3e490 28 1
+4 +2 1
+2 * 1 0 0 0 0 0 0 0 0 1
+2 -1 1 0 1
+3 +5 1
+2 * 1 1

fl=(109)
fn=(378)
0xc5940 30 1 0 0 1 0 0 1
fi=(108)
+4 +10 1 1
+7 +1 1 1
+6 * 1
+2 * 1
+5 * 1 0 0 0 0 0 0 0 0 1 1
+32 +1 1 1
+6 * 1 0 0 1 0 0 1
+6 * 1 0 0 0 0 0 0 0 0 1
+2 +4 1 1
+6 * 1
+2 * 1
+5 * 1 0 0 0 0 0 0 0 0 1
+2 +3 1
+7 * 1 1
+7 * 1 0 0 0 0 0 0 0 0 1
+2 +3 1
+6 * 1
+7 * 1 0 0 0 0 0 0 0 0 1
fe=(109)
+2 -22 1 1

fl=(195)
fn=(1336) munmap_chunk
0xa47f0 2799 3 0 3 1 0 0 1
+1 +3 3 3
+4 -3 3
+3 +3 3
+2 * 3 0 0 0 0 0 0 0 0 3
+2 1426 3 3
+3 +7 3 0 0 1 0 0 1
+3 +7 3
+4 2804 3
+4 1426 3
+4 +7 3
+3 +7 3
+3 2800 3 3 0 0 3
+7 1440 3
+4 2812 3 3 0 0 3
+4 * 3
+3 * 3
+3 * 3
+4 +1 3
+3 -1 3
+3 +1 3
+4 * 3
+3 * 3
+3 * 3 0 0 0 0 0 0 0 0 3
+2 +3 3 3 3 1 0 0 1 0 0 3
+8 +1 3
+7 * 3
+3 * 3 3 3 0 0 0 0 0 0 3
+8 +6 3 3
+1 -1 3
+3 * 3
cfi=(325)
cfn=(1338)
calls=3 0x119dd0 117 
* * 18 3 0 1 0 0 1 0 0 3 2

fn=(1318) _int_free_create_chunk
0xa4f60 4458 9 9 0 2 0 0 1
+4 * 9 0 0 0 0 0 0 0 0 9 1
+6 -1 8 0 8
+1 * 8
+3 * 8
+3 * 8
+3 * 8
+4 +7 8 8 0 0 1
+6 * 8 0 0 0 0 0 0 0 0 8
+2 +4 8 0 8 2 0 0 1
+5 +4 8
+6 * 8 0 0 0 0 0 0 0 0 8
+2 +9 8 8
+4 -1 8
+4 +2 8 8
+4 * 8 0 0 0 0 0 0 0 0 8
+6 +2 8
+4 * 8 0 8
+4 +22 8
+3 -5 8 0 8
+4 +5 8
+4 -4 8 0 8
+4 +1 8 0 8
+4 +1 8 0 8
+4 +2 8 0 8 2 0 0 1
+4 +1 8 0 8
+4 +15 8 8
+1 * 8 8
0xa5040 -7 1 0 0 1 0 0 1
+4 +1 1
+3 * 1
+4 * 1 0 1
+4 +1 1 0 1
+4 +5 1 1

fn=(1322) unlink_chunk.isra.0
0xa4e90 1592 10 0 10 3 0 0 1
+1 +2 10 10
+4 * 10
+3 * 10
+4 -2 10
+3 +2 10 10
+4 * 10 0 0 0 0 0 0 0 0 10
+6 +3 10 10
+4 +3 10 10 0 0 3
+4 * 10 0 0 0 0 0 0 0 0 10
+2 -2 10 10
+4 +2 10 10
+4 * 10 0 0 0 0 0 0 0 0 10
+2 +3 10 0 10 3 0 0 1
+4 +1 10 0 10
+4 +1 10
+7 * 10 0 0 0 0 0 0 0 0 10 6
+2 * 10 10 0 0 3
+4 * 10
+3 * 10 0 0 0 0 0 0 0 0 10
+2 +2 10 10
+4 * 10 0 0 0 0 0 0 0 0 10
+2 +1 10 10
+4 * 10 10
+4 * 10 0 0 0 0 0 0 0 0 10
+2 +3 10 10
+5 * 10 0 0 0 0 0 0 0 0 10
+2 +14 10 0 10
+4 +1 10 0 10
+4 +3 10 10
+1 * 10 10

fn=(1326) sysmalloc_mmap
0xa5a50 2244 7 0 7 2 0 0 1
+1 +4 7
+2 * 7
+3 * 7
+6 * 7
+3 -4 7
+3 * 7 0 7 0 0 5 0 0 1
+2 * 7
+3 +4 7
+5 -4 7 0 7
+2 +2 7
+5 * 7
+3 +2 7
+2 -4 7 0 7
+1 +2 7
+3 +2 7
+3 -4 7 0 0 2 0 0 1
+4 +4 7 0 7
cfi=(323)
cfn=(1328)
calls=7 0x119430 47 
* * 182 28 21 6 0 0 3 0 0 28 4
+5 * 7
+3 +3 7
+4 * 7 0 0 0 0 0 0 0 0 7
+2 +2 7
+3 * 7 0 0 0 0 0 0 0 0 7 2
+29 1448 7 0 7 0 0 7 0 0 7
+3 +1 7
+5 2261 7
+5 1449 7 0 0 2 0 0 1
+4 * 7 0 7
+4 2261 7 7 7 0 0 0 0 0 0 7
+8 * 7
+7 * 7
+3 +1 7 7
+3 * 7
+2 * 7 0 0 0 0 0 0 0 0 7 4
+2 * 4 0 4
+8 * 4 0 0 0 0 0 0 0 0 4
+2 +3 7
+3 * 7 7 7 0 0 0 0 0 0 7
+9 * 7
+3 +1 7 7
+4 * 7
+3 * 7 0 0 0 0 0 0 0 0 7
+2 * 7 0 7
+9 * 7 0 0 0 0 0 0 0 0 7
+2 +4 7
+4 +1 7
+4 * 7
+3 * 7 7
+1 * 7 7
+2 * 7 7
+2 * 7 7
+1 * 7 7
+3 1912 7 7 0 2 0 0 1
+7 * 7 0 0 0 0 0 0 0 0 7 2
+67 2256 7 0 0 2 0 0 1
+7 * 7
+3 * 7
+3 * 7 0 7
cfi=(324)
cfn=(1330)
calls=7 0x11db80 60 
* * 266 83 52 10 7 5 4 0 1 26 8 1 1
+5 1448 7
+2 * 7

fn=(1334) systrim.constprop.0
0xa5bc0 2743 1 1 0 1 0 0 1
+7 * 1 1
+4 * 1
+4 +2 1
+4 +1 1
+3 * 1 0 0 0 0 0 0 0 0 1
+2 +4 1 1
+7 +1 1
+3 -1 1
+3 * 1 0 0 0 0 0 0 0 0 1
+2 +3 1 1 0 0 1
+7 * 1 1 0 0 1
+4 * 1
+3 * 1
+3 +2 1
+3 * 1 0 0 0 0 0 0 0 0 1 1
+5 -21 1 0 1 1 0 0 1
+1 +28 1
+2 -28 1
+3 * 1
+4 +28 1 0 1
+4 * 1 0 1
+4 * 1 0 1
cfi=(267) /usr/src/debug/glibc/glibc/malloc/morecore.c
cfn=(944) __glibc_morecore
calls=1 0xa5b90 25 
* * 27 8 3 0 3 0 0 0 0 4 3
+6 * 1
+3 +1 1 1
+4 * 1 1
+7 * 1
+3 * 1 0 0 0 0 0 0 0 0 1 1
+7 +12 1 1
+4 * 1 0 1
+4 * 1
+3 * 1 0 1 1 0 0 1
cfi=(267)
cfn=(944)
calls=1 0xa5b90 25 
* * 49 11 6 2 0 1 0 0 0 7 3
+6 +1 1
+2 * 1 0 1
cfi=(267)
cfn=(944)
calls=1 0xa5b90 25 
* * 27 8 3 0 0 0 0 0 0 4 2
+6 +2 1 1
+4 * 1
+1 +2 1
+3 * 1 0 0 0 0 0 0 0 0 1
+2 +4 1 1
+4 * 1 1
+4 * 1
+3 * 1 0 0 0 0 0 0 0 0 1
+2 +4 1 1
+7 * 1
+3 -1 1 0 1
+7 +1 1
+4 * 1 0 1
+4 +2 1
+5 +5 1 1
+1 * 1 1

fn=(1314) _int_free_chunk
0xa6290 4351 12 0 12 2 0 0 1
+1 * 12
+3 * 12 0 12
+1 * 12
+4 +8 12 12 0 0 8
+7 -3 12 12
+4 +3 12 12 0 0 8
+3 -3 12
+2 * 12 0 0 0 0 0 0 0 0 12 2
+2 +6 9 9 0 0 3
+7 * 9 0 0 0 0 0 0 0 0 9 2
+2 +6 9 0 9
cfn=(1316) _int_free_merge_chunk
calls=9 0xa6140 +39 
* * 1194 345 208 29 33 4 17 0 0 202 31
+5 +5 9 9
+7 * 9 0 9 2 0 0 1
+3 +27 9 9
+4 * 9 9
+1 * 9 9
+8 -14 3 3
+6 * 3
+2 * 3 0 0 0 0 0 0 0 0 3 2
+2 +10 3
+3 * 3 0 3
cfn=(1336)
calls=3 0xa47f0 2799 
* * 111 24 9 4 6 0 4 0 0 15 2
+5 -23 3 3
+7 * 3 0 3
+3 +27 3 3
+4 * 3 3
+1 * 3 3
+7 -12 3 3 0 0 3
+7 * 3 0 0 1 0 0 1 0 0 3
+2 * 3
+6 * 3 0 0 0 0 0 0 0 0 3
+2 +2 3
+4 +1 3
+4 -1 3 0 3
+7 +1 3 0 3
+7 +1 3
+1 * 3

fn=(938) __libc_malloc2
0xa7b40 3247 49 0 49 3 0 0 1
+1 * 49
+3 * 49
+4 +4 49 49 0 0 2
+7 -4 49 0 49
+4 * 49
+3 +4 49 0 0 0 0 0 0 0 0 49 18
0xa7bc8 +28 49 49 0 3 0 0 1
+4 * 49 49
+1 * 49 49
+83 -26 49 0 0 3 0 0 1
+3 * 49
+7 * 49 0 49 0 0 7 0 0 1
cfn=(940) _int_malloc
calls=49 0xa6dc0 3822 
* * 9789 1699 1209 197 99 65 76 1 35 1625 252 1 1
+5 +1 49
+3 * 49 0 0 0 0 0 0 0 0 49
+2 * 49 49
+4 * 49
+3 * 49 0 0 0 0 0 0 0 0 49 2
fi=(194)
+2 151 42
+3 * 42 0 0 3 0 0 1 0 0 42 7
fe=(195)

fn=(940)
0xa6dc0 3822 49 0 0 4 0 0 1
+3 * 49 0 0 0 0 0 0 0 0 49 2
+6 -32 49 0 49
+1 * 49
+3 * 49
+3 1288 49
+4 3790 49
+3 * 49
+4 * 49 0 49
+4 * 49 0 49
+4 1288 49
+4 * 49 0 0 0 0 0 0 0 0 49 1
+6 * 48
+4 3831 48
+3 * 48 0 0 0 0 0 0 0 0 48 1
+6 +16 48 0 0 3 0 0 1
+7 * 48 0 0 0 0 0 0 0 0 48 8
+6 +54 27
+3 * 27
+4 * 27
+7 * 27 0 0 0 0 0 0 0 0 27 4
+6 * 24
+3 * 24
+4 * 24
+7 * 24 0 0 0 0 0 0 0 0 24 3
+6 * 3
+3 * 3 0 3
+3 * 3
+11 +18 3
+3 +11 3
+4 * 3
+4 -12 3
+2 +1 3
+4 * 3
+4 -1 3 3
+7 * 3
+4 * 3 0 3
+4 +12 3 3
+4 * 3
+3 * 3 0 0 0 0 0 0 0 0 3 3
-43 -11 46 0 0 3 0 0 1
+3 +11 46
+4 * 46
+4 -12 46
+2 +1 46
+4 * 46
+4 -1 46 46
+7 * 46
+4 * 46 0 46
+4 +12 46 46 0 0 6
+4 * 46
+3 * 46 0 0 0 0 0 0 0 0 46 11
+6 * 27 0 27
+4 -1 27
+2 -5 27
+3 * 27 0 27
+4 * 27 0 27 2 0 0 1
+4 -2 27 0 27
+7 +11 27 27 0 0 1
+4 * 27
+4 +3 27
+4 * 27 0 0 0 0 0 0 0 0 27 3
-12 -3 1 1
+4 * 1
+4 +3 1
+4 * 1 0 0 0 0 0 0 0 0 1
+6 +1 28 28 0 0 1
+7 * 28
+3 * 28 0 0 0 0 0 0 0 0 28
+6 -3 28
+4 +5 28 28 0 0 1
+4 * 28
+4 * 28 0 0 0 0 0 0 0 0 28 3
+6 +1 28
+3 * 28 0 0 2 0 0 1 0 0 28
+6 +2 28 28
+3 * 28
+4 * 28
+3 * 28 0 0 0 0 0 0 0 0 28
+6 -10 28 28
+4 +12 28 28
+4 * 28 0 0 0 0 0 0 0 0 28 3
+6 +1 28 28
+4 * 28 0 0 0 0 0 0 0 0 28
+6 +2 28
+3 * 28 0 0 0 0 0 0 0 0 28
+6 +11 28
+7 * 28 0 0 0 0 0 0 0 0 28 8
+2 * 20 0 0 4
+3 * 20 0 0 0 0 0 0 0 0 20 3
+6 +29 12 0 12 2 0 0 1
+4 +1 12 0 12
+4 +4 12
+3 * 12 0 0 0 0 0 0 0 0 12
+6 +31 12
+7 * 12 0 0 0 0 0 0 0 0 12
+6 +8 12
+3 * 12
+4 * 12
+7 * 12 0 0 0 0 0 0 0 0 12 7
+6 * 3
+5 * 3 0 0 2 0 0 1
+4 * 3
+4 +1 3
+3 +1 3 3 0 0 1
+3 -1 3
+4 +4 3
+3 * 3 0 0 0 0 0 0 0 0 3 1
-13 -4 9 0 0 3
+3 +1 9 9 0 0 7
+3 -1 9
+4 +4 9
+3 * 9 0 0 0 0 0 0 0 0 9 6
+77 +50 12 0 0 4 0 0 1
+5 * 12
+3 +9 12
+4 -9 12
+2 +10 12 12
+3 -10 12
+4 * 12 0 12
+8 +1 12 0 12 4 0 0 1
+4 +1 12 0 12
+4 +1 12 0 12 0 0 1
+4 +1 12 0 12
+4 +6 12
+2 * 12 0 0 0 0 0 0 0 0 12 12
0xa7040 3831 1
+3 * 1 0 0 0 0 0 0 0 0 1
+6 * 1 0 1
+7 * 1
+5 1288 1
+5 3850 1
+3 +2 1 1
+4 -2 1
+4 +2 1
+3 * 1 0 0 0 0 0 0 0 0 1 1
-14 -2 21 0 0 2 0 0 1
+3 +2 21 21 0 0 10
+4 -2 21
+4 +2 21
+3 * 21 0 0 0 0 0 0 0 0 21 2
0xa7100 4340 49 49 0 2 0 0 1
+4 * 49 49
+4 * 49 49
+1 * 49 49
+7 3901 3
+3 * 3 0 3
+3 * 3
+10 -52 21 0 0 1
+2 * 21
+3 * 21 0 21
+3 * 21
+2 * 21
+3 * 21
+3 * 21
+4 * 21
+12 4105 12 0 0 4
+3 * 12
+6 * 12 0 0 0 0 0 0 0 0 12
+2 3930 12 12
+4 * 12
+3 * 12 0 0 0 0 0 0 0 0 12 1
+6 4111 11 11
+3 * 11
+2 * 11 0 0 0 0 0 0 0 0 11
+6 * 11 11
+4 * 11 11
+4 * 11 11
+4 +13 11 11
+3 -2 11
+7 * 11 0 0 0 0 0 0 0 0 11 7
-10 +2 22 22 0 1 0 0 1
+3 -2 22
+7 * 22 0 0 0 0 0 0 0 0 22 6
+6 * 6 0 0 2
+2 +73 6 6
+3 +1 6
+3 * 6
+5 -1 6
+3 +2 6
+3 * 6
+4 +1 6
+3 * 6 6
+8 +1 6
+5 * 6
+2 * 6
+8 +5 6
+3 * 6
+3 * 6 0 0 0 0 0 0 0 0 6
-53 -9 27 27 0 3 0 0 1
+3 +1 27
+3 * 27
+5 -1 27
+3 +2 27
+3 * 27
+4 +1 27
+3 * 27 27 0 0 5
+8 +1 27
+5 * 27
+2 * 27
+8 +5 27
+3 * 27
+3 * 27 0 0 0 0 0 0 0 0 27 2
-6 * 2
+3 * 2
+3 * 2 0 0 0 0 0 0 0 0 2 1
+2 * 34
+8 +16 41
+4 +2 41
+2 * 41 0 0 0 0 0 0 0 0 41 2
+6 -4 47 0 0 3 0 0 1
+3 * 47 0 0 0 0 0 0 0 0 47 24
+2 +8 6 6 0 0 1
+4 +3 6
+3 * 6 0 0 0 0 0 0 0 0 6 3
+6 +2 2
+2 +1 2
+4 +1 2
+2 -2 2
+2 * 2
+3 * 2
+3 * 2 0 2
+8 -27 2
0xa72d0 3901 21 0 0 3 0 0 1
+3 * 21
+4 * 21
+7 * 21 0 0 0 0 0 0 0 0 21 3
+6 * 2
+3 * 2 0 2
+3 * 2
+6 4031 9 0 0 2
+3 * 9
+4 * 9
+7 * 9 0 0 3 0 0 1 0 0 9 5
+6 * 4
+3 * 4
+4 * 4
+7 * 4 0 0 0 0 0 0 0 0 4 2
+6 * 2
+8 * 2
+4 * 2
+4 * 2
0xa73f0 +52 12 0 12 4 0 1 1
+4 -51 12
+3 +51 12 0 12
+4 * 12
+23 1888 16 16 0 2
+4 * 16 16
+4 * 16 16
+4 * 16
+10 3901 19 0 0 1 0 0 1
+3 * 19
+5 * 19
+3 * 19
+4 * 19
+4 * 19
+3 * 19 0 0 1 0 0 1
+4 * 19
+4 * 19
+3 * 19
+4 * 19
+4 * 19 0 19 0 0 7 0 0 1
+4 * 19
+11 +58 19 19 0 2
+4 * 19 0 0 0 0 0 0 0 0 19 3
+6 +2 16
+4 -1 16
+3 * 16 0 0 0 0 0 0 0 0 16 2
+55 +71 5 0 0 4 0 0 1
+8 * 5
+4 * 5
+4 * 5
0xa75a0 * 2 0 0 1 0 0 1
+3 * 2
+4 * 2
+7 * 2 0 0 0 0 0 0 0 0 2
+6 * 2
+8 * 2
+4 * 2 0 0 1 0 0 1
+4 * 2
+98 3876 34 0 0 4 0 0 1
+4 * 34
+3 * 34
+8 * 34
+11 4211 18 18
+3 * 18
+4 * 18
+3 * 18 0 0 0 0 0 0 0 0 18 7
+6 * 13
+3 -3 13
+3 * 13
+3 * 13 0 0 0 0 0 0 0 0 13 6
-6 * 34 0 0 3 0 0 1
+3 * 34
+3 * 34 0 0 0 0 0 0 0 0 34 8
+2 4308 29 29
+4 +1 29 29 0 0 4
+4 * 29
+4 +2 29 29
+7 * 29 0 0 0 0 0 0 0 0 29
+6 +3 29
+4 * 29
+3 * 29 0 0 2 0 0 1 0 0 29 5
+6 +5 11
+7 -2 11
+4 +2 11
+3 -1 11 0 11
+4 +1 11
+4 -3 11
+3 +8 11
+4 -5 11
+4 +2 11
+4 -2 11
+4 * 11
+3 1888 11 11 0 0 1
+6 4319 11
+4 * 11 0 11
+4 +2 11 0 11 0 0 11 0 0 11
+4 1888 11 0 0 1 0 0 1
+2 * 11 0 0 0 0 0 0 0 0 11 6
0xa776d 4213 5 0 0 3 0 0 1
+3 * 5
+3 * 5
+4 +1 5
+5 * 5 0 0 1
+42 -90 27 0 0 3 0 0 1
+2 * 27
+3 * 27
+4 +3 27 27 0 0 15
+3 -3 27
+4 +3 27
+3 * 27 0 0 0 0 0 0 0 0 27 10
0xa7896 1888 4 4 0 2
+6 4286 4
+4 1888 4
+2 * 4 0 0 0 0 0 0 0 0 4
+11 4334 18 0 0 2 0 0 1
+3 * 18 0 18
+4 * 18 0 18 0 0 6 0 0 1
cfn=(942) sysmalloc
calls=18 0xa6390 2304 
* * 2868 670 454 74 41 36 40 1 22 423 58 1 1
+5 +1 18
+3 * 18 0 0 2 0 0 1 0 0 18 1
+6 1888 18 18 0 0 5
+6 * 18
+2 * 18 0 0 0 0 0 0 0 0 18 5
+22 4238 4 4 0 2
+4 * 4
+4 +3 4
+3 * 4 0 0 0 0 0 0 0 0 4
+6 +2 4
+3 +3 4
+3 * 4 0 4
+4 -3 4
+3 * 4 0 4 3 0 0 1
+4 * 4 0 4
+4 * 4 0 4
+4 * 4 0 4
+4 +3 4 0 4
cfn=(1322)
calls=4 0xa4e90 1592 
* * 124 52 20 4 0 0 0 0 0 32
+5 +3 4 4
+4 * 4 4
+4 * 4
+4 * 4 4
+4 * 4 4
+4 * 4
+4 * 4 4
+4 * 4 0 0 0 0 0 0 0 0 4
+2 +15 4 4
+4 +1 4 4
+4 * 4 0 0 0 0 0 0 0 0 4
+6 -6 4 0 0 3 0 0 1
+4 +8 4 0 4
+4 +1 4 0 4
+4 +1 4 0 4
+4 +1 4 0 4
+4 +3 4
+7 * 4 0 0 0 0 0 0 0 0 4 1
+2 +1 3 0 3
+4 +1 3
+7 * 3 0 0 0 0 0 0 0 0 3
-7 * 1
+7 * 1 0 0 0 0 0 0 0 0 1
+2 +2 4 0 4
+4 +3 4
+7 * 4
+3 * 4
+3 * 4
+3 * 4 0 0 3 0 0 1
+4 * 4
+3 * 4
+4 * 4 0 4
+4 +2 4
+3 * 4
+4 * 4 0 4
+4 +1 4 0 4
+4 * 4
+73 3965 16 0 0 3 0 0 1
+4 -1 16
+3 * 16
+3 +2 16 0 16
+4 * 16 0 16
+4 +1 16 0 16
+4 +1 16 0 16 0 0 2
+4 * 16 0 16 4 0 0 1
+4 +1 16
+7 * 16 0 0 0 0 0 0 0 0 16
+2 +2 16 0 16 0 0 1
+4 +4 16
+7 * 16
+3 * 16
+4 +6 16
+4 -6 16
+4 * 16
+4 * 16
+3 * 16
+4 * 16 0 16
+4 +2 16
+3 * 16
+4 * 16 0 16
+4 1888 16 16 0 3 0 0 1
+6 3978 16 0 16
+3 1888 16
+2 * 16 0 0 0 0 0 0 0 0 16 2

fn=(1304)
0xa9080 3319 55 0 0 1 0 0 1
+4 +3 55
+3 * 55 0 0 0 0 0 0 0 0 55
+6 +15 55
+4 * 55 0 0 0 0 0 0 0 0 55 4
+6 -4 55 55 0 0 7
+4 * 55
+3 * 55
+4 +8 55 55 0 0 7
+7 * 55
+4 * 55 0 0 0 0 0 0 0 0 55 6
+2 +6 43 43
+7 * 43 43
+4 * 43 0 0 0 0 0 0 0 0 43
+6 +6 43 43 0 1 1 0 1
+7 -3 43
+4 * 43
+3 +3 43 43 0 0 1
+4 -3 43
+4 +1 43
+7 * 43 0 0 0 0 0 0 0 0 43 2
+2 +2 43 43 0 0 4 0 0 1
+5 * 43
+3 * 43 0 0 0 0 0 0 0 0 43 1
+2 3007 42
+3 +8 42
+3 -12 42 0 42
+4 +4 42
+4 * 42 42 0 0 1
+8 * 42 0 42
+3 * 42 0 42
+8 +8 42 0 42
+5 3354 42 42
+7 +10 1 0 0 1 0 0 1
+7 * 1
+3 * 1 0 0 0 0 0 0 0 0 1 1
+6 -34 12
+4 +40 12
+3 * 12 0 0 0 0 0 0 0 0 12
fi=(194)
+6 151 12
+4 * 12
+7 * 12 0 0 0 0 0 0 0 0 12 4
fe=(195)
+14 3374 12 0 0 2 0 0 1
+2 * 12
+3 * 12
cfn=(1314)
calls=12 0xa6290 4351 
* * 1545 468 271 38 61 4 24 0 0 247 39
0xa920f -9 1 0 0 1 0 0 1
cfn=(1306) tcache_free_init
calls=1 0xa92e0 -53 
* * 292 41 61 5 2 12 5 0 12 42 10 1 1

fn=(1305) free'2
0xa9080 3319 1
+4 +3 1
+3 * 1 0 0 0 0 0 0 0 0 1
+6 +15 1
+4 * 1 0 0 0 0 0 0 0 0 1
+6 -4 1 1
+4 * 1
+3 * 1
+4 +8 1 1
+7 * 1
+4 * 1 0 0 0 0 0 0 0 0 1
+2 +6 1 1
+7 * 1 1
+4 * 1 0 0 0 0 0 0 0 0 1
+6 +6 1 1
+7 -3 1
+4 * 1
+3 +3 1 1
+4 -3 1
+4 +1 1
+7 * 1 0 0 0 0 0 0 0 0 1
+2 +2 1 1
+5 * 1
+3 * 1 0 0 0 0 0 0 0 0 1
+2 3007 1
+3 +8 1
+3 -12 1 0 1
+4 +4 1
+4 * 1 1
+8 * 1 0 1
+3 * 1 0 1
+8 +8 1 0 1
+5 3354 1 1

fn=(1316)
0xa6140 4407 9 0 9 2 0 0 1
+1 * 9
+3 * 9 0 9 0 0 3
+2 * 9 0 9
+2 * 9 0 9
+1 * 9
+4 +7 9 9 0 0 4
+4 * 9
+3 * 9 0 0 0 0 0 0 0 0 9
+6 * 9
+3 * 9
+3 -6 9
+4 +9 9
+3 * 9 9
+4 * 9 0 0 0 0 0 0 0 0 9 2
+6 +5 9 9 0 0 1
+4 * 9
+4 * 9 0 0 0 0 0 0 0 0 9
+6 +4 9 0 0 2 0 0 1
+4 * 9 0 0 0 0 0 0 0 0 9
+2 -1 9
+4 +1 9 9 0 0 4
+7 * 9 0 0 0 0 0 0 0 0 9
+2 1895 9 9 0 0 4
+6 * 9
+2 * 9 0 0 0 0 0 0 0 0 9
+6 4433 9 9
+4 * 9 0 0 0 0 0 0 0 0 9 3
+2 +2 6 6
+3 +2 6
+3 +1 6 6 0 0 3
+4 * 6
+4 * 6
+3 * 6 0 0 0 0 0 0 0 0 6
+6 +2 6
+3 * 6 0 6
+4 -4 6
+3 +4 6 0 6
+4 * 6 0 6
cfn=(1322)
calls=6 0xa4e90 1592 
* * 186 78 30 2 6 0 2 0 0 48 6
+5 * 6 6
+4 * 6 6
+4 +4 6
+3 * 6
+3 * 6
+3 * 6 0 6
cfn=(1318)
calls=6 0xa4f60 +14 
* * 148 32 47 1 0 0 1 0 0 21 1
-9 * 3 0 0 2 0 0 1
+3 * 3
+3 * 3
+3 * 3 0 3
cfn=(1318)
calls=3 0xa4f60 +14 
* * 84 18 27 6 1 0 3 0 0 12
+5 +2 9
+4 -1 9
+3 +1 9 9
+1 -1 9
+3 +1 9 9
+2 * 9 9
+2 * 9 9
+1 -1 9
cfn=(1320) _int_free_maybe_trim
calls=9 0xa5c80 +83 
* * 293 94 41 12 7 1 7 0 0 43 17
+42 -28 9 9 0 2 3 0 1
+4 * 9
+4 * 9
+3 * 9
+3 * 9 0 0 0 0 0 0 0 0 9 2

fn=(1320)
0xa5c80 4528 9 0 9 2 0 0 1
+1 * 9
+3 * 9
+4 * 9 9
+9 * 9 0 9
+4 * 9
+2 +3 9
+7 * 9 0 0 0 0 0 0 0 0 9 5
+6 +2 2
+7 * 2 0 2
+4 * 2
+3 * 2
+3 * 2 0 0 0 0 0 0 0 0 2 2
fi=(194)
0xa5eb4 607 1 1
fe=(195)
+4 4550 1 1
+4 * 1 1
+9 * 1 0 0 0 0 0 0 0 0 1
-13 * 7 7 0 2 0 0 1
+4 * 7 7 0 2 0 0 1
+9 * 7 0 0 0 0 0 0 0 0 7
+6 * 8 8
+1 * 8 8
+20 -14 2 2
+4 * 2 2
+4 * 2
+4 * 2 2 0 0 2
+7 * 2 0 0 0 0 0 0 0 0 2
+2 +1 1 1
+4 * 1 1 0 1 0 0 1
+9 * 1 0 0 0 0 0 0 0 0 1
+6 * 1 1
+7 * 1 1
+4 +13 1 1
+1 -13 1
cfn=(1334)
calls=1 0xa5bc0 2743 
* * 153 41 21 5 5 1 3 0 0 21 10

fn=(942)
0xa6390 2304 18 0 18 2 0 0 1
+1 * 18
+3 * 18
+4 +20 18 18 0 0 7
+7 -20 18 0 18
+4 * 18
+3 * 18 0 18
+4 * 18
+3 * 18 0 18
+4 +20 18 18 0 0 6
+4 +11 18
+3 * 18 0 0 0 0 0 0 0 0 18
+6 +1 18 18 0 2 8 0 1
+7 * 18 0 0 0 0 0 0 0 0 18 8
+6 * 11 0 11
+4 * 11 0 11
+4 -11 11 0 11 0 0 1
+4 +35 11 11
+4 +11 11
+4 -10 11 11
+4 * 11
+3 * 11
+4 +1 11
+4 +9 11
+3 * 11 0 0 0 0 0 0 0 0 11 2
+2 * 1
+3 * 1 0 0 0 0 0 0 0 0 1 1
+6 * 10
+4 * 10 0 0 1 0 0 0 0 0 10
+6 * 10
+2 * 10 0 0 0 0 0 0 0 0 10
+6 * 10
+4 * 10
+3 * 10 0 0 0 0 0 0 0 0 10
+6 +6 10
+4 * 10 0 10
+4 * 10
+3 * 10 0 0 0 0 0 0 0 0 10
+6 +3 11 0 0 1 0 0 1
+7 * 11
+3 * 11 0 0 0 0 0 0 0 0 11 3
0xa64c6 2698 11 11 0 2 0 0 1
+7 * 11 11
+7 * 11 0 0 0 0 0 0 0 0 11
+2 +1 11 0 11
+7 +5 11 11
+4 * 11
+4 +3 11 11
+4 * 11 0 0 0 0 0 0 0 0 11 2
+6 +5 11
+2 -2 11
+4 +5 11 11
+4 * 11 11
+4 -3 11 0 0 2 0 0 1
+7 -1 11 0 11
+4 +1 11
+3 * 11
+3 -3 11
+3 +3 11
+4 +1 11
+4 -1 11
+3 * 11
+4 * 11 0 11
+4 +1 11 0 11 0 0 11 0 0 11
+4 +2 11
+4 +6 11 11
+4 * 11 11
+4 * 11 11
+4 * 11 11
+1 * 11 11
-13 * 7 7
+4 * 7 7
+4 * 7 7
+4 * 7 7
+1 * 7 7
+7 2337 7 7 0 2 0 0 1
+6 * 7 7
+6 * 7 0 0 0 0 0 0 0 0 7
+6 +3 7 7
+7 * 7
+4 * 7
+3 * 7 0 0 0 0 0 0 0 0 7
+6 +8 7
+2 * 7
+3 * 7
+3 * 7 0 7 0 0 5 0 0 1
cfn=(1326)
calls=7 0xa5a50 2244 
* * 862 181 154 26 7 17 12 0 9 114 20 1 1
+5 +1 7
+4 * 7 0 0 0 0 0 0 0 0 7 3
0xa6650 +92 11 11 0 2 0 0 1
+7 * 11
+5 +9 11
+2 * 11 11
+4 * 11
+4 * 11
+3 +10 11 11
+8 * 11 0 0 0 0 0 0 0 0 11
+6 +7 11
+3 * 11
+5 * 11 0 0 2 0 0 1
+3 * 11
+3 * 11
+3 +8 11
+3 * 11 0 0 0 0 0 0 0 0 11 3
0xa6780 2653 1 0 0 1 0 0 1
+3 -1 1 0 1
+7 +1 1
+3 * 1
+4 * 1 0 1 0 0 1 0 0 1
+4 +1 1 0 1
+7 +11 1
+3 * 1 0 0 0 0 0 0 0 0 1 1
+97 +38 1 0 0 1 0 0 1
+4 * 1 0 1
+4 * 1
0xa69f8 2504 11 0 11 2 0 0 1
+4 -27 11
+3 * 11 0 11 2 0 0 1
+4 * 11 0 11
cfi=(267)
cfn=(944)
calls=11 0xa5b90 25 
* * 524 126 69 13 13 1 7 1 0 79 4
+6 +1 11 11
+4 * 11 11
+4 * 11
+3 -1 11
+3 +1 11 0 0 0 0 0 0 0 0 11
+2 1912 11 11
+7 * 11 0 0 0 0 0 0 0 0 11 3
+80 2480 11 0 0 3 0 0 1
+1 +3 11
+3 * 11 0 0 0 0 0 0 0 0 11
+6 +38 11 11 0 3 0 0 1
+8 * 11 0 0 0 0 0 0 0 0 11 2
+6 +2 11 11
+7 * 11
+3 * 11 0 11
+7 +6 11
+3 * 11 0 0 0 0 0 0 0 0 11 1
+6 +1 10
+3 2703 10 10
+7 2530 10
+4 * 10 0 10
+4 * 10
0xa6b40 -8 1 0 1 1 0 0 1
+7 * 1
+75 +10 1 0 0 1 0 0 1
+2 * 1 0 0 0 0 0 0 0 0 1 1
+74 * 1 0 0 1 0 0 1
+3 * 1 0 0 0 0 0 0 0 0 1 1
+32 +40 1 0 0 1 0 0 1
+3 * 1
+3 * 1 0 0 0 0 0 0 0 0 1
+25 +22 1
+4 * 1
+3 +1 1
+5 * 1
+3 * 1
+3 * 1
+3 +2 1
+3 * 1 0 0 0 0 0 0 0 0 1
+6 * 1 0 1 1 0 0 1
+4 +1 1
+3 * 1 0 1
cfi=(267)
cfn=(944)
calls=1 0xa5b90 25 
* * 27 8 3 0 0 0 0 0 0 4 2
+6 +12 1 1
+4 * 1
+3 -12 1
+3 +12 1 0 0 0 0 0 0 0 0 1
+6 1912 1 1
+7 * 1 0 0 0 0 0 0 0 0 1 1
+83 2559 1 1 0 1 0 0 1
+4 * 1
+71 +1 1 0 1
+4 +12 1
+3 * 1
+25 +41 1 1 0 1 0 0 1
+6 -84 1
+5 * 1
+3 * 1

fn=(1306)
0xa92e0 3312 1 0 1 1 0 0 1
+1 2941 1
+7 3312 1
+3 * 1 0 1
+1 * 1
+3 * 1
+4 2941 1 1
+7 * 1 0 1
+4 3210 1 1 0 1 0 0 1
+8 * 1 0 0 0 0 0 0 0 0 1
+2 +4 1
+2 * 1 0 1
cfn=(1308) tcache_init.part.0
calls=1 0xa7d00 -8 
* * 243 28 53 3 2 12 3 0 12 35 10 1 1
+5 3314 1
+3 +1 1 1
+4 * 1 1
+1 -1 1
cfn=(1305)
calls=1 0xa9080 +5 
* * 33 9 4 0 0 0 0 0 0 6

fn=(936)
0xa8b30 3283 69 0 0 3 0 0 1
+4 1269 69
+3 * 69 0 0 0 0 0 0 0 0 69
+2 +19 69
+4 3287 69 69 0 3 8 0 1 1
+7 1288 69
+4 * 69 0 0 0 0 0 0 0 0 69 5
+2 * 67
+4 3287 67
+3 * 67 0 0 0 0 0 0 0 0 67 12
+2 +2 41
+3 * 41
+4 * 41
+4 +2 41
+4 * 41 0 0 0 0 0 0 0 0 41 2
+2 +2 43 43 0 0 1
+7 * 43
+4 * 43 43
+4 * 43 43 0 0 6 0 0 2
+5 * 43
+3 * 43 0 0 0 0 0 0 0 0 43 15
+2 3030 21
+2 * 21 0 0 1 0 0 0 0 0 21
+6 +4 21
+3 * 21
+4 * 21 21
+3 * 21 0 21
+5 +4 21 0 21
+5 +1 21 0 21
+8 3294 21 21
+7 -7 2
+4 * 2 0 0 0 0 0 0 0 0 2 2
+2 +19 48 0 0 1 0 0 1
cfn=(938)
calls=48 0xa7b40 -59 
* * 10622 1923 1345 209 100 71 80 1 35 1794 277 1 1
+10 -17 2
+2 * 2

fn=(1308)
0xa7d00 3206 1 0 1 1 0 0 1
+1 * 1
+3 +8 1
+3 * 1 0 0 0 0 0 0 0 0 1 1
+19 +2 1 1
+7 * 1 0 1
+4 +4 1
+3 * 1 0 0 0 0 0 0 0 0 1
fi=(322) /usr/src/debug/glibc/glibc/malloc/../string/bits/string_fortified.h
+2 59 1
+5 * 1
+3 * 1
+2 * 1 1 1 0 1 0 0 0 0 0 0 1 1
cfi=(214)
cfn=(740)
calls=1 0x1729c0 198 
* * 64 2 28 0 0 11 0 0 11 10 5
fe=(195)
+6 3229 1 1 0 1 0 0 1
fi=(322)
+8 59 1
fe=(195)
+3 3228 1
+4 * 1
+5 * 1
+7 * 1
+4 * 1
+3 * 1
+4 * 1
+5 +1 1 0 1
+3 * 1
+4 * 1 0 1
+4 * 1 0 1
+4 -1 1
+3 * 1 0 0 0 0 0 0 0 0 1 1
-18 +1 2 0 2
+3 * 2
+4 * 2 0 2
+4 * 2 0 2
+4 -1 2
+3 * 2 0 0 0 0 0 0 0 0 2 1
+2 +1 1 0 1
+8 +2 1 1
+1 * 1 1
+19 -13 1 0 0 1 0 0 1
+5 * 1 0 1
cfn=(938)
calls=1 0xa7b40 +29 
* * 133 21 11 0 1 1 0 0 1 20 2
+5 * 1
+3 * 1

fl=(313)
fn=(1234)
0x110010 25 190 0 0 1 0 0 1
+4 * 190 0 190
+1 +1 190
+3 * 190
+3 * 190
+3 * 190
+2 -1 190
+3 +1 190
+4 * 190 0 190
+2 * 190 0 190
cfi=(304)
cfn=(1162)
calls=190 0x94af0 +48 
* * 4750 2090 760 0 10 0 0 0 0 380 3
+5 +1 190 190
+1 * 190 190

fl=(236)
fn=(802)
0xc1d70 32 256 0 0 1 0 0 1
+4 * 256 0 256
+1 * 256
+3 * 256
+4 +5 256 256 0 1 0 0 1
+9 * 256 0 256
+4 * 256
+6 * 256
+6 * 256 0 0 0 0 0 0 0 0 256
+6 * 256
+2 * 256
+3 * 256 0 0 0 0 0 0 0 0 256
+6 * 256
+2 +5 256
+3 * 256 0 0 0 0 0 0 0 0 256 3
+2 +52 128 128
+4 * 128 128
+9 * 128 0 0 0 0 0 0 0 0 128
+6 * 128 128 0 1 0 0 1
+1 * 128 128
+7 -48 128 128
+7 * 128 128
+4 * 128 128 0 0 1
fi=(394) /usr/src/debug/glibc/glibc/wcsmbs/./wcsmbsload.h
+3 +23 128 128
+4 +1 128 128 0 0 1
+3 * 128
+3 * 128 0 0 0 0 0 0 0 0 128
fe=(236)
+6 -23 128 128 0 0 1
+3 * 128 128 0 0 1
+4 +1 128 128 0 0 1
+4 * 128 0 0 0 0 0 0 0 0 128 3
+15 +4 128 128 0 1 0 0 1
+5 * 128 0 0 0 0 0 0 0 0 128
+2 * 128
+3 * 128 0 0 0 0 0 0 0 0 128
+2 +3 128
+3 * 128 0 128
+4 * 128 0 128
+4 * 128 0 128
+3 * 128 0 128
cfi=(237) /usr/src/debug/glibc/glibc/elf/libc-dl-profstub.c
cfn=(804) _dl_mcount_wrapper_check
calls=128 0x16e490 -15 
* * 640 384 0 1 0 0 1 0 0 128 2
+5 * 128 128
+4 * 128 128
+4 * 128 128
+4 * 128 128
+9 * 128 0 0 0 0 0 0 0 0 128
+6 * 128 128
+4 * 128 128 0 1 0 0 1
+3 +39 128 128
+1 -39 128 0 0 0 0 0 0 0 0 0 0 128 1
cfi=(238)
cfn=(806)
calls=128 0x2ab40 -6 
* * 768 128 0 1 0 0 1

fl=(100)
fn=(350)
0xae1d0 29 1 0 0 1 0 0 1
fi=(92)
+4 +9 1 1
+7 * 1 1
+6 +1 1 1
+6 -1 1
+3 * 1 0 0 0 0 0 0 0 0 1
+2 +1 1
+3 * 1 0 0 0 0 0 0 0 0 1
+2 +4 1
+2 * 1
+2 * 1
+5 * 1 0 0 0 0 0 0 0 0 1
+2 +3 1 0 0 1 0 0 1
+7 * 1
+3 * 1 0 0 0 0 0 0 0 0 1
+2 +3 1
+7 * 1
+3 * 1 0 0 0 0 0 0 0 0 1 1
fe=(100)
+37 -20 1 1

fl=(97)
fn=(342)
0xc3d50 31 1 0 0 1 0 0 1
fi=(90)
+4 +8 1 1
+7 * 1 1
+6 +1 1
+2 * 1
+2 * 1
+6 * 1 0 0 0 0 0 0 0 0 1 1
+13 +1 1 1
+6 * 1 0 0 1 0 0 1
+3 * 1 0 0 0 0 0 0 0 0 1
+2 +4 1
+2 * 1
+5 * 1 0 0 0 0 0 0 0 0 1
+2 +3 1
+3 * 1
+7 * 1
+7 * 1
+4 * 1 1
fe=(97)

fn=(398)
0xc3db0 31 2
fi=(117)
+4 +7 2 2
+7 * 2 2 0 1 0 0 1
+6 +2 2
+2 * 2
+2 * 2
+6 * 2 0 0 0 0 0 0 0 0 2
+13 +1 2 2
+7 * 2 0 0 0 0 0 0 0 0 2
+2 +1 2 2
+6 * 2
+3 * 2 0 0 0 0 0 0 0 0 2
+2 +4 2
+2 * 2
+2 * 2
+5 * 2 0 0 0 0 0 0 0 0 2
+2 +3 2
+7 * 2 0 0 1 0 0 1
+3 * 2 0 0 0 0 0 0 0 0 2
+2 +3 2
+3 * 2
+7 * 2
+7 * 2
+4 * 2 2
fe=(97)

fl=(105)
fn=(366)
0x129460 29 2 0 0 1 0 0 1
fi=(94)
+4 +27 2 2
+7 +1 2
+7 -1 2 2
+6 +1 2
+3 * 2 0 0 0 0 0 0 0 0 2 2
+5 +3 2 2 0 1 0 0 1
+6 * 2
+6 * 2 0 0 0 0 0 0 0 0 2 2
+52 +14 2 0 0 1 0 0 1
+3 * 2 0 0 0 0 0 0 0 0 2 2
+53 +3 2
+2 * 2 0 0 0 0 0 0 0 0 2
+2 +8 2 0 0 1 0 0 1
+6 * 2 0 0 0 0 0 0 0 0 2
+2 +8 2
+3 * 2 0 0 0 0 0 0 0 0 2
+2 +3 2
+6 * 2
+7 * 2
+7 * 2
+4 * 2 2
fe=(105)

fl=(121)
fn=(412)
0xad570 31 1
fi=(122)
+4 +4 1 1
+7 * 1 1 0 1 0 0 1
+6 * 1
+3 * 1 0 0 0 0 0 0 0 0 1
+2 +1 1 1
+6 * 1
+3 * 1 0 0 0 0 0 0 0 0 1
+2 +4 1
+2 * 1
+2 * 1
+5 * 1 0 0 0 0 0 0 0 0 1 1
+2 +3 1
+7 * 1
+3 * 1 0 0 0 0 0 0 0 0 1
+2 +3 1
+3 * 1
+7 * 1
+7 * 1
+4 * 1 1
fe=(121)

fl=(131)
fn=(438)
0xac680 29 3 0 0 2 0 0 1
fi=(132) /usr/src/debug/glibc/glibc/string/../sysdeps/x86_64/multiarch/ifunc-memcmp.h
+4 +5 3 3 0 0 1
+7 * 3 3 0 0 2
+6 * 3
+2 * 3
+2 * 3
+6 * 3 0 0 0 0 0 0 0 0 3 1
+13 +1 3 3
+7 * 3 0 0 0 0 0 0 0 0 3
+2 +2 3 3 0 0 1
+6 * 3
+3 * 3 0 0 0 0 0 0 0 0 3
+2 +4 3
+2 * 3
+2 * 3 0 0 2 0 0 1
+5 * 3 0 0 0 0 0 0 0 0 3
+2 +3 3
+7 * 3
+3 * 3 0 0 0 0 0 0 0 0 3 1
+2 +3 3
+3 * 3
+7 * 3
+7 * 3
+4 * 3 3
fe=(131)

fl=(103)
fn=(358)
0xac770 29 5 0 0 2 0 0 1
fi=(88) /usr/src/debug/glibc/glibc/string/../sysdeps/x86_64/multiarch/ifunc-memmove.h
+4 +27 5 5
+7 +1 5 0 0 2 0 0 1
+7 -1 5 5
+6 +1 5
+3 * 5 0 0 0 0 0 0 0 0 5 3
+5 +3 5 5
+6 * 5
+6 * 5 0 0 0 0 0 0 0 0 5 3
+52 +14 5 0 0 2 0 0 1
+3 * 5 0 0 0 0 0 0 0 0 5 3
+53 +3 5 0 0 2 0 0 1
+2 * 5 0 0 0 0 0 0 0 0 5
+2 +8 5
+6 * 5 0 0 0 0 0 0 0 0 5
+2 +8 5
+3 * 5 0 0 0 0 0 0 0 0 5
+2 +3 5
+6 * 5
+7 * 5
+7 * 5
+4 * 5 5
fe=(103)

fl=(87)
fn=(322)
0xad180 33 1 0 0 1 0 0 1
fi=(88)
+4 +23 1 1
+7 +1 1
+7 -1 1 1
+6 +1 1
+3 * 1 0 0 0 0 0 0 0 0 1 1
+5 +3 1 1
+6 * 1
+6 * 1 0 0 0 0 0 0 0 0 1 1
+52 +14 1 0 0 1 0 0 1
+3 * 1 0 0 0 0 0 0 0 0 1 1
+53 +3 1 0 0 1 0 0 1
+2 * 1 0 0 0 0 0 0 0 0 1
+2 +8 1
+6 * 1 0 0 0 0 0 0 0 0 1
+2 +8 1
+3 * 1 0 0 0 0 0 0 0 0 1
+2 +3 1
+6 * 1
+7 * 1
+7 * 1 0 0 1 0 0 1
+4 * 1 1
fe=(87)

fl=(93)
fn=(334)
0x129570 29 2 0 0 1 0 0 1
fi=(94)
+4 +27 2 2
+7 +1 2 0 0 1 0 0 1
+7 -1 2 2
+6 +1 2
+3 * 2 0 0 0 0 0 0 0 0 2 1
+5 +3 2 2
+6 * 2
+6 * 2 0 0 0 0 0 0 0 0 2 1
+52 +14 2 0 0 1 0 0 1
+3 * 2 0 0 0 0 0 0 0 0 2 1
+53 +3 2 0 0 1 0 0 1
+2 * 2 0 0 0 0 0 0 0 0 2
+2 +8 2
+6 * 2 0 0 0 0 0 0 0 0 2 1
+2 +8 2
+3 * 2 0 0 0 0 0 0 0 0 2
+2 +3 2
+6 * 2
+7 * 2
+7 * 2
+4 * 2 2
fe=(93)

fl=(264) /usr/src/debug/glibc/glibc/stdlib/getenv.c
fn=(928) getenv
0x41fc0 25 1 0 0 1 0 0 1
+4 * 1 0 1
+1 * 1
+3 * 1 0 1
+2 * 1 0 1
+2 * 1
+3 * 1 0 1
+2 * 1 0 1
+2 * 1 0 1
+1 * 1
+4 +4 1 1
+7 +13 1 1
+7 * 1 1
+3 +1 1
+3 * 1 0 0 0 0 0 0 0 0 1
+6 * 1 1 0 0 1 0 0 1
+4 * 1 0 0 0 0 0 0 0 0 1
+6 +3 1
+3 * 1 0 1 1 0 0 1
cob=(4)
cfi=(198)
cfn=(812)
calls=1 0x4d16250 -46 
* * 16 3 0 0 0 0 0 0 0 2 0 1 1
+5 * 1
+3 +1 1
+25 * 56
+4 +2 56 56 0 0 7
+4 +1 56
+3 * 56 0 0 0 0 0 0 0 0 56 1
-7 -1 1 1 0 0 1
+4 +1 1
+3 * 1 0 0 0 0 0 0 0 0 1
+2 +5 56 56 0 0 24
+3 * 56 56
+3 * 56 0 0 0 0 0 0 0 0 56 9
+2 +1 1
+3 * 1
+3 * 1
+3 * 1 0 1 1 0 0 1
cob=(4)
cfi=(198)
cfn=(930)
calls=1 0x4d162f0 -56 
* * 27 6 0 3 0 0 3 0 0 4 1 1 1
+5 * 1
+2 * 1 0 0 0 0 0 0 0 0 1 1
+35 +13 1 1
+7 * 1
+3 * 1 0 0 0 0 0 0 0 0 1
+6 +85 1
+4 44 1
+2 154 1 1
+1 * 1 1 0 1 0 0 1
+2 * 1 1
+2 * 1 1
+2 * 1 1
+2 * 1 1
+1 * 1 1

fl=(91)
fn=(330)
0xad500 33 1 0 0 1 0 0 1
fi=(92)
+4 +5 1 1
+7 * 1 1
+6 +1 1 1
+6 -1 1
+3 * 1 0 0 0 0 0 0 0 0 1
+2 +1 1
+3 * 1 0 0 0 0 0 0 0 0 1
+2 +4 1
+2 * 1
+2 * 1
+5 * 1 0 0 0 0 0 0 0 0 1
+2 +3 1
+7 * 1
+3 * 1 0 0 0 0 0 0 0 0 1
+2 +3 1
+7 * 1 0 0 1 0 0 1
+3 * 1 0 0 0 0 0 0 0 0 1 1
fe=(91)
+37 -16 1 1

fl=(237)
fn=(804)
0x16e490 40 128 0 0 1 0 0 1
+4 +1 128 128
+7 * 128 128
+8 * 128 0 0 0 0 0 0 0 0 128 2
+37 +1 128 128

fl=(267)
fn=(944)
0xa5b90 25 15 0 0 2 0 0 1
+4 +1 15 15 0 0 1
+7 * 15 0 0 0 0 0 0 0 0 15
+2 -1 15 0 15
+1 * 15
+3 +4 15 0 15 0 0 1
cfi=(268)
cfn=(946)
calls=15 0x11a880 +8 
* * 489 116 54 13 15 1 6 1 0 83 14
+5 -2 15
+2 +7 15 15
+1 -7 15
+4 * 15
+4 +7 15 15

fl=(140)
fn=(466)
0xb05c0 29 2 0 0 1 0 0 1
fi=(393)
+4 +7 2 2
+7 * 2
+7 * 2 2 0 0 1
+7 * 2
+7 * 2
fe=(140)
+4 -7 2 2

fl=(217)
fn=(750) __pthread_once_slow.isra.0
0x9d810 67 1 0 1 1 0 0 1
+1 * 1
+3 * 1
+3 * 1 0 1
+1 * 1
+4 * 1 1
+9 * 1 0 1 0 0 1
+4 * 1
+3 +9 1 1
+3 +4 1
+2 * 1 0 0 0 0 0 0 0 0 1 1
+2 +52 1 1
+4 * 1 1
+9 * 1 0 0 0 0 0 0 0 0 1
+6 * 1 1
+4 * 1 1
+1 * 1 1
+5 -44 1 1 0 1 1 0 1 1
+6 * 1
+3 +4 1 0 1
+5 * 1 0 0 0 0 0 0 0 0 1
+2 +4 1
+2 * 1 0 0 0 0 0 0 0 0 1 1
+78 +18 1 0 0 1 0 0 1
+4 * 1
+4 * 1
+4 * 1 0 1 0 0 1
+4 * 1 0 0 1 0 0 1
+7 * 1
+7 * 1 0 1
+7 * 1 0 1
+4 * 1 0 1
+4 * 1 0 1
+4 * 1 0 1
+7 * 1 0 1
+4 * 1 0 1
+4 * 1 0 1
cfi=(218)
cfn=(752)
calls=1 0x94b80 -89 
* * 7 2 4 1 1 0 1
+5 +2 1 1
+4 * 1 0 1 0 0 0 0 0 0 0 0 1 1
cob=(7)
cfi=(215)
cfn=(754)
calls=1 0xcccb0 +92 
* * 60 18 11 9 1 1 9 0 0 8 4 2 2
+3 +2 1
+2 * 1 0 0 1 0 0 1
+4 * 1 0 1
cfi=(218)
cfn=(760)
calls=1 0x94bb0 -78 
* * 6 2 1 1 0 0 1 0 0 1 1
fi=(221) /usr/src/debug/glibc/glibc/nptl/../sysdeps/nptl/futex-internal.h
+5 +71 1
+3 * 1
+5 * 1
+5 * 1
fe=(217)
+5 -65 1 1
+4 * 1 0 1
fi=(221)
+7 +65 1
+3 * 1
+2 * 1
+6 * 1 0 0 0 0 0 0 0 0 1 1
fe=(217)

fn=(748)
0x9d960 136 14 0 0 1 0 0 1
+4 +3 14 14 0 0 1 0 0 1
+2 +1 14
+2 * 14 0 0 0 0 0 0 0 0 14 3
+2 +4 13
+2 * 13 13
+4 -8 1 0 1
+1 * 1
+3 +7 1 0 1
cfn=(750)
calls=1 0x9d810 -76 
* * 125 32 32 16 3 3 16 1 0 14 8 3 3
+5 +1 1
+2 * 1 1
+1 * 1 1

fl=(126)
fn=(422)
0xad5e0 31 1 0 0 1 0 0 1
fi=(86)
+4 +5 1 1
+7 +1 1 1
+6 * 1
+2 * 1
+6 * 1 0 0 0 0 0 0 0 0 1 1
fe=(126)
+43 -6 1
+3 * 1 1
fi=(86)
+9 +7 1 1 0 1 0 0 1
+6 * 1
+6 * 1 0 0 0 0 0 0 0 0 1
+2 +4 1 1 0 1 0 0 1
+6 * 1
+2 * 1
+6 * 1 0 0 0 0 0 0 0 0 1
+2 +3 1
+7 * 1 1
+7 * 1 0 0 0 0 0 0 0 0 1 1
+2 +3 1
+6 * 1
+7 * 1 0 0 0 0 0 0 0 0 1
+2 * 1
fe=(126)

fl=(305)
fn=(1166)
0xb0b60 77 1 0 0 1 0 0 1
+4 * 1 0 1
+1 * 1
+3 * 1
+7 * 1 0 1
+4 * 1 0 1
+4 +5 1 1 0 0 1 0 0 1
+3 -5 1 1 0 1 0 0 1
+9 * 1 0 1
+4 * 1
+2 +5 1
+2 * 1 0 0 0 0 0 0 0 0 1
+6 * 1 0 1
+4 +2 1
+4 * 1 0 1
+7 * 1
+3 * 1 0 1
cob=(4)
cfi=(198)
cfn=(1168)
calls=1 0x4d16340 -84 
* * 23 4 0 3 0 0 3 0 0 3 1 1 1
+5 * 1
+3 +1 1
+3 * 1 0 0 0 0 0 0 0 0 1 1
0xb0dcc +1 1 1 0 1 0 0 1
+4 +75 1 1
+4 * 1 1
+9 * 1 0 0 0 0 0 0 0 0 1
+6 * 1
+3 * 1 1
+4 * 1 1
+4 * 1 1
+1 * 1 1

fl=(200)
fn=(684)
0x274a0 46 1 0 0 1 0 0 1
+4 * 1 0 1
+1 * 1
+2 * 1
+3 * 1
+4 +5 1 1
+7 * 1 0 0 0 0 0 0 0 0 1
+2 +4 1 1 0 0 1
+7 * 1 1 0 1 1 0 1 1
+3 * 1 1
+7 * 1 1
+4 * 1 0 0 0 0 0 0 0 0 1 1
+2 +8 1 1 0 0 1
+7 -2 1 0 1 0 0 1
+6 +10 1
+2 -9 1 0 1
+7 +1 1 0 1 0 0 1 0 0 1
+3 +9 1 1
+1 -1 1
cfi=(201)
cfn=(686)
calls=1 0x11cef0 -41 
* * 50 11 6 6 2 1 6 0 0 5 1 1 1

fl=(134)
fn=(446)
0xad680 31 1 0 0 1 0 0 1
fi=(86)
+4 +5 1 1
+7 +1 1 1
+6 * 1
+2 * 1
+6 * 1 0 0 0 0 0 0 0 0 1 1
fe=(134)
+43 -6 1
+3 * 1 1
fi=(86)
+9 +7 1 1 0 1 0 0 1
+6 * 1
+6 * 1 0 0 0 0 0 0 0 0 1
+2 +4 1 1
+6 * 1
+2 * 1
+6 * 1 0 0 0 0 0 0 0 0 1
+2 +3 1
+7 * 1 1
+7 * 1 0 0 0 0 0 0 0 0 1
+2 +3 1 0 0 1 0 0 1
+6 * 1
+7 * 1 0 0 0 0 0 0 0 0 1
+2 * 1
fe=(134)

fl=(233)
fn=(796)
0x361c0 30 2 0 0 1 0 0 1
+4 +1 2 2
+7 * 2
+7 * 2 2
+4 +2 2
+3 * 2 0 0 0 0 0 0 0 0 2
+2 +3 2
+4 -1 2
+4 +2 2 0 2
+4 +28 2 2
+7 * 2 2 0 0 1
+4 * 2 0 2
+4 +1 2 2
+7 * 2 2 0 1 0 0 1
+4 * 2 0 2
+4 +1 2 2
+7 * 2 2
+4 * 2 0 2
+4 +3 2
+3 * 2
+7 * 2
+4 +1 2 2

fl=(240)
fn=(814)
0x174d40 52 74 0 0 3 0 0 1
+4 +13 74
+2 +1 74
+3 +1 74
+4 +3 74
+5 +2 74
+5 +1 74 0 0 0 0 0 0 0 0 74 6
+6 +3 74 74 0 0 8 0 0 7
+4 +1 74
+4 +8 74
+2 +1 74 0 0 0 0 0 0 0 0 74
+2 +1 74
+4 +5 74
+3 * 74 74

fl=(83)
fn=(314)
0xc1b90 86 1 0 0 1 0 0 1
fi=(84) /usr/src/debug/glibc/glibc/string/../sysdeps/x86/cacheinfo.h
+4 -24 1 1
+7 +3 1 1 0 0 1
+7 * 1
+7 * 1 0 0 0 0 0 0 0 0 1
+2 +2 1
+3 +1 1 0 1 0 0 1 0 0 1
+7 -1 1
+3 * 1 0 1 0 0 1 0 0 1
+7 +7 1 1 0 1 0 0 1
+7 * 1
+7 * 1 0 0 0 0 0 0 0 0 1
+2 +2 1
+3 +1 1 0 1
+7 -1 1
+3 * 1 0 1
+7 +5 1 1
+7 * 1 0 1 0 0 1 0 0 1
+7 +3 1 1
+7 * 1 0 1
+7 +2 1 1 0 1 1 0 1
+7 * 1 0 1
+7 +1 1 1
+7 * 1 0 1
+7 +1 1 1
+7 * 1 0 1
+7 +2 1 1
+7 * 1 0 0 0 0 0 0 0 0 1 1
fe=(83)
+9 -4 1
+2 * 1 1

fl=(190) /usr/src/debug/glibc/glibc/resource/../sysdeps/unix/sysv/linux/getrlimit64.c
fn=(640) getrlimit
0x1118a0 38 1 0 0 1 0 0 1
+4 * 1
+3 +1 1
+2 * 1
+2 * 1
+5 * 1
+2 * 1
+2 * 1
+6 * 1 0 0 0 0 0 0 0 0 1
+2 +1 1 1

fl=(278)
fn=(1014)
0x3e4e0 28 1 0 0 1 0 0 1
+4 +2 1
+2 +2 1
cfi=(279)
cfn=(1016)
calls=1 0x3e410 -1 
* * 28 6 9 3 1 0 3 0 0 2 1

fl=(137)
fn=(458)
0xad070 29 4 0 0 1 0 0 1
fi=(88)
+4 +27 4 4
+7 +1 4 0 0 1 0 0 1
+7 -1 4 4
+6 +1 4
+3 * 4 0 0 0 0 0 0 0 0 4 2
+5 +3 4 4
+6 * 4
+6 * 4 0 0 0 0 0 0 0 0 4 1
+52 +14 4 0 0 1 0 0 1
+3 * 4 0 0 0 0 0 0 0 0 4 1
+53 +3 4 0 0 1 0 0 1
+2 * 4 0 0 0 0 0 0 0 0 4
+2 +8 4
+6 * 4 0 0 0 0 0 0 0 0 4
+2 +8 4
+3 * 4 0 0 0 0 0 0 0 0 4
+2 +3 4
+6 * 4
+7 * 4
+7 * 4
+4 * 4 4
fe=(137)

fl=(303)
fn=(1160)
0x10f750 30 1 0 0 1 0 0 1
+4 * 1 0 1
+1 * 1
+3 * 1
+3 * 1
+4 * 1 0 1
+4 * 1 1
+9 * 1 0 1
+4 * 1
+2 +3 1
+4 * 1 0 0 0 0 0 0 0 0 1
+2 * 1
+2 * 1
+2 * 1
+2 * 1 0 0 1 0 0 1
+6 * 1 0 0 0 0 0 0 0 0 1 1
+2 +8 1
+4 * 1
+3 * 1
+3 * 1
+3 * 1 0 1
+5 * 1
+3 * 1
+7 * 1 0 1
cfi=(304)
cfn=(1162)
calls=1 0x94af0 +33 
* * 25 11 4 4 0 0 4 0 0 2
+5 +2 1 1
+4 * 1 1
+9 * 1 0 0 0 0 0 0 0 0 1
+2 * 1 1
+1 * 1 1

fl=(101)
fn=(354)
0x129790 29 3 0 0 1 0 0 1
fi=(102) /usr/src/debug/glibc/glibc/debug/../sysdeps/x86_64/multiarch/ifunc-memset.h
+4 +32 3 3
+7 * 3
+7 * 3 3
+6 * 3
+3 * 3 0 0 0 0 0 0 0 0 3
+2 +3 3 3
+6 * 3
+6 * 3 0 0 0 0 0 0 0 0 3
+2 +16 3
+3 * 3 0 0 0 0 0 0 0 0 3
+2 +4 3 0 0 1 0 0 1
+2 * 3
+2 * 3
+5 * 3 0 0 0 0 0 0 0 0 3
+6 +8 3
+3 * 3 0 0 0 0 0 0 0 0 3 2
fe=(101)
+75 -63 3 3 0 1 0 0 1
fi=(102)
+67 +71 3 0 0 1 0 0 1
+3 * 3 0 0 0 0 0 0 0 0 3
+2 -48 3
+7 +1 3
+3 * 3 0 0 0 0 0 0 0 0 3 2
fe=(101)

fl=(263)
fn=(926)
0x44750 28 1 0 0 1 0 0 1
+4 +1 1 1
+7 * 1 1
+2 * 1
+2 * 1 0 0 0 0 0 0 0 0 1
+2 * 1
cfi=(264)
cfn=(928)
calls=1 0x41fc0 -4 
* * 477 190 8 7 33 0 7 1 0 123 12 2 2

fl=(123)
fn=(416)
0xd2440 31 3 0 0 1 0 0 1
fi=(124) /usr/src/debug/glibc/glibc/wcsmbs/../sysdeps/x86_64/multiarch/ifunc-evex.h
+4 +6 3 3
+7 * 3 3
+6 +1 3
+2 * 3
+2 * 3
+6 * 3 0 0 0 0 0 0 0 0 3 2
+13 +1 3 3
+6 * 3
+3 * 3 0 0 0 0 0 0 0 0 3
+2 +4 3
+2 * 3
+2 * 3
+5 * 3 0 0 0 0 0 0 0 0 3
+2 +8 3 0 0 1 0 0 1
+7 * 3
+3 * 3 0 0 0 0 0 0 0 0 3
+2 +3 3
+7 * 3
+3 * 3
+7 * 3
fe=(123)
+4 -23 3 3

fl=(188)
fn=(636)
0x16e4f0 34 1 0 0 1 0 0 1
+4 * 1 0 1
+1 * 1
+3 * 1 0 1
+1 * 1
+2 * 1
+4 * 1 1 0 1 0 0 1
+9 * 1 0 1
+4 * 1
+2 +2 1 0 1
cfi=(189)
cfn=(638)
calls=1 0x369e0 +1 
* * 17 10 3 2 6 0 2
+5 +3 1 1 0 0 1
fi=(191) /usr/src/debug/glibc/glibc/elf/../sysdeps/nptl/pthread_early_init.h
+7 -6 1
+4 * 1
fe=(188)
+5 +9 1 0 1 0 0 1 0 0 1
+6 -3 1 0 1
+2 +3 1 0 1
fi=(191)
+6 -9 1 0 1
cfi=(190)
cfn=(640)
calls=1 0x1118a0 +5 
* * 10 1 0 1 0 0 1 0 0 1
+5 * 1
+2 * 1 0 0 0 0 0 0 0 0 1
+6 +1 1 1 0 1 0 0 1
+4 +4 1
+5 * 1
+3 * 1
+4 -4 1
+4 * 1 0 0 0 0 0 0 0 0 1
+6 +11 1 1 0 0 1
fi=(395) /usr/src/debug/glibc/glibc/elf/../nptl/nptl-stack.h
+7 +16 1
+2 * 1 1
fi=(191)
+8 -16 1 1
fi=(395)
+4 +16 1
+4 * 1
fi=(191)
+3 -7 1 0 1 0 0 1 0 0 1
fi=(395)
+7 +7 1
+5 * 1 0 0 1 0 0 1
+5 * 1
+4 * 1
+5 * 1
+4 * 1
+3 * 1
+3 * 1
fi=(191)
+3 -9 1
+3 -6 1
+8 +2 1
+3 * 1
+4 +4 1
+3 * 1
+5 * 1
+3 * 1 0 1
+4 +1 1 0 1 1 0 1 1 0 1
+7 +3 1 0 1
cfi=(192)
cfn=(644)
calls=1 0x9aee0 -1 
* * 76 20 8 5 7 0 3 6 0 10 5 3 3
fe=(188)
+5 -9 1
+3 * 1 0 1
cfi=(193) /usr/src/debug/glibc/glibc/stdlib/../sysdeps/unix/sysv/linux/getrandom.c
cfn=(646) __getrandom_early_init
calls=1 0x425b0 238 
* * 18 7 2 3 1 0 3 0 0 3 2
+5 +3 1 1
+4 * 1 1
+9 * 1 0 0 0 0 0 0 0 0 1
+2 +1 1 1
+4 * 1 1
+1 -1 1
cfi=(194)
cfn=(648)
calls=1 0xa86d0 251 
* * 932 66 282 12 24 33 12 16 32 166 21 11 11

fl=(125)
fn=(420)
0xb0180 67 2 0 0 1 0 0 1
+4 -24 2 2
+7 +1 2 2
+6 * 2
+2 * 2
+6 * 2 0 0 0 0 0 0 0 0 2 2
+43 +23 2
+3 * 2 2
+9 -22 2 2 0 1 0 0 1
+6 * 2
+6 * 2 0 0 0 0 0 0 0 0 2
+2 +4 2 2
+6 * 2
+2 * 2
+6 * 2 0 0 0 0 0 0 0 0 2
+2 +3 2
+7 * 2 2
+7 * 2 0 0 0 0 0 0 0 0 2
+2 +3 2 0 0 1 0 0 1
+6 * 2
+7 * 2 0 0 0 0 0 0 0 0 2
+2 * 2

fl=(135)
fn=(450)
0xaff50 29 5 0 0 2 0 0 1
fi=(111)
+4 +9 5 5 0 0 1
+7 * 5 5 0 0 1
+6 +2 5
+2 * 5
+2 * 5
+6 * 5 0 0 0 0 0 0 0 0 5 3
+13 +1 5 5 0 0 2
+7 * 5 0 0 2 0 0 1 0 0 5
+2 +1 5 5 0 0 1
+6 * 5
+3 * 5 0 0 0 0 0 0 0 0 5
+2 +4 5
+2 * 5
+2 * 5
+5 * 5 0 0 0 0 0 0 0 0 5 1
+2 +3 5
+7 * 5
+3 * 5 0 0 0 0 0 0 0 0 5
+2 +3 5
+3 * 5
+7 * 5
+7 * 5
+4 * 5 5
fe=(135)

fl=(129)
fn=(430)
0xb0070 31 1
fi=(86)
+4 +5 1 1
+7 +1 1 1 0 1 0 0 1
+6 * 1
+2 * 1
+6 * 1 0 0 0 0 0 0 0 0 1 1
fe=(129)
+43 -6 1
+3 * 1 1
fi=(86)
+9 +7 1 1 0 1 0 0 1
+6 * 1
+6 * 1 0 0 0 0 0 0 0 0 1
+2 +4 1 1
+6 * 1
+2 * 1
+6 * 1 0 0 0 0 0 0 0 0 1 1
+2 +3 1
+7 * 1 1
+7 * 1 0 0 0 0 0 0 0 0 1
+2 +3 1
+6 * 1
+7 * 1 0 0 0 0 0 0 0 0 1
+2 * 1
fe=(129)

fl=(118)
fn=(402)
0xae240 65 3 0 0 2 0 0 1
+4 -23 3 3
+7 * 3 3
+6 +2 3 3
+6 -1 3
+2 * 3
+2 * 3
+5 * 3 0 0 0 0 0 0 0 0 3 3
+32 +1 3 0 0 2 0 0 1
+3 * 3 0 0 0 0 0 0 0 0 3
+2 +4 3
+2 * 3
+2 * 3
+5 * 3 0 0 0 0 0 0 0 0 3
+2 +3 3
+7 * 3
+3 * 3 0 0 0 0 0 0 0 0 3
+2 +3 3
+7 * 3
+3 * 3 0 0 0 0 0 0 0 0 3
+2 +11 3 3

fl=(193)
fn=(646)
0x425b0 238 1 0 0 1 0 0 1
+4 * 1 0 1
+1 * 1
+3 * 1
+4 * 1 1 0 1 0 0 1
+9 * 1 0 1
+4 * 1
+2 +3 1
+3 * 1 0 0 0 0 0 0 0 0 1 1
+2 * 1 1
+7 * 1 1 0 0 1
+7 * 1
+3 * 1 0 0 0 0 0 0 0 0 1 1
+26 +37 1 1
+4 * 1 1 0 1 0 0 1
+9 * 1 0 0 0 0 0 0 0 0 1
+2 * 1 1
+1 * 1 1

fl=(306)
fn=(1170)
0x174160 53 18 0 0 3 0 0 1
+4 +2 18
+4 +1 18
+2 +1 18
+5 +1 18
+5 +1 18
+4 +3 18
+5 +1 18 0 0 3 0 0 1 0 0 18 2
+6 +4 18 18
+4 +1 18
+4 +1 18
+4 +1 18
+4 +1 18
+4 +1 18
+2 +1 18 0 0 0 0 0 0 0 0 18
+6 +1 18
+4 +3 18 18
+4 +8 18 0 0 0 0 0 0 0 0 18 4
+2 +2 16
+3 +2 16
+3 * 16 16
+1 +4 2
+2 +1 2
+3 * 2 2

fl=(112)
fn=(386)
0xb0370 29 1
fi=(393)
+4 +7 1 1
+7 * 1 0 0 1 0 0 1
+7 * 1 1
+7 * 1
+7 * 1
fe=(112)
+4 -7 1 1

fl=(138)
fn=(462)
0xac600 29 2 0 0 1 0 0 1
fi=(139) /usr/src/debug/glibc/glibc/string/../sysdeps/x86_64/multiarch/ifunc-evex.h
+4 +8 2 2
+7 * 2 2
+6 +1 2
+2 * 2
+2 * 2
+6 * 2 0 0 0 0 0 0 0 0 2 1
+13 +1 2 2
+6 * 2
+3 * 2 0 0 0 0 0 0 0 0 2
+2 +4 2
+2 * 2
+2 * 2
+5 * 2 0 0 0 0 0 0 0 0 2
+2 +8 2 0 0 1 0 0 1
+7 * 2
+3 * 2 0 0 0 0 0 0 0 0 2
+2 +3 2
+7 * 2
+3 * 2
+7 * 2
fe=(138)
+4 -25 2 2

ob=(6)
fl=(208)
fn=(706)
0x5570 0 1 0 0 1 0 0 1
+7 0 1
+7 0 1 0 0 1 0 0 1
+3 0 1
+3 0 1
+4 0 1
+4 0 1
+3 0 1
+3 0 1 0 0 0 0 0 0 0 0 1 1
+22 0 1 1
+88 0 1 0 0 1 0 0 1
+4 0 1

fl=(205)
fn=(700)
0x42d0 60 1 0 0 1 0 0 1
fi=(207) /usr/src/debug/gcc/gcc/libgcc/../gcc/common/config/i386/cpuinfo.h
+4 1172 1 1 0 0 1
+7 * 1 1 0 0 1
+2 * 1
+2 * 1 0 0 0 0 0 0 0 0 1
fe=(205)
+6 60 1 0 1
fi=(206) /usr/src/debug/gcc/gcc-build/gcc/include/cpuid.h
+1 315 1
fe=(205)
+2 60 1
+3 * 1
+4 * 1 0 1
fi=(206)
+4 315 1
+2 +21 1
+2 * 1 0 0 0 0 0 0 0 0 1
+6 +3 1
+2 * 1 0 0 1 0 0 1
+2 * 1
+3 * 1
fi=(207)
+3 1185 1
+2 * 1 0 0 0 0 0 0 0 0 1
fi=(206)
+6 315 1
+2 * 1
+2 +21 1
+2 * 1 0 0 0 0 0 0 0 0 1
+6 * 1 0 1
+4 +3 1
+5 * 1 0 1
+4 * 1 0 1
+4 * 1 0 1
+4 * 1
+2 * 1
fi=(207)
+3 1199 1
+2 +1 1
fi=(206)
+3 339 1
fi=(207)
+3 1199 1
+3 +1 1 0 0 1 0 0 1
+4 -1 1
+3 +1 1
+4 -1 1 0 1
+3 +2 1
+2 +1 1
+3 -2 1
+3 +2 1
+3 -1 1
+3 +1 1 0 1
+3 778 1
+2 1201 1
+6 778 1
+5 1201 1 0 1
+3 778 1
+2 * 1 0 0 0 0 0 0 0 0 1 1
+20 +24 1 0 0 1 0 0 1
+7 * 1 0 0 0 0 0 0 0 0 1
+2 92 1 0 1
+4 804 1
+7 * 1 0 0 0 0 0 0 0 0 1
+2 92 1 0 1
+4 806 1
+7 * 1 0 0 0 0 0 0 0 0 1
+2 92 1 0 1
+4 808 1
+7 * 1 0 0 0 0 0 0 0 0 1
+2 92 1 0 1
+4 +9 1
+7 810 1 0 0 1 0 0 1
+7 * 1 0 0 0 0 0 0 0 0 1 1
+6 +2 1
+7 * 1 0 0 0 0 0 0 0 0 1 1
+6 +3 1
+7 * 1 0 0 0 0 0 0 0 0 1
+2 92 1 0 1
+4 817 1
+3 * 1
+5 * 1 0 0 0 0 0 0 0 0 1
+2 92 1 0 1
+7 819 1
+4 * 1 0 0 0 0 0 0 0 0 1 1
+2 92 1 0 1 1 0 0 1
+7 821 1
+4 * 1 0 0 0 0 0 0 0 0 1
+2 92 1 0 1
+4 823 1
+7 * 1 0 0 0 0 0 0 0 0 1 1
+2 92 1 0 1
+4 825 1
+7 * 1 0 0 0 0 0 0 0 0 1
+2 92 1 0 1
+7 827 1
+7 * 1 0 0 0 0 0 0 0 0 1
+2 92 1 0 1
+7 829 1
+2 * 1 0 0 1 0 0 1 0 0 1 1
+6 +2 1
+7 * 1 0 0 0 0 0 0 0 0 1 1
+6 +2 1
+7 * 1 0 0 0 0 0 0 0 0 1 1
+6 +2 1
+2 * 1 0 0 0 0 0 0 0 0 1
+2 92 1 0 1
+7 837 1
+7 * 1 0 0 0 0 0 0 0 0 1 1
+6 +2 1
+7 * 1 0 0 1 0 0 1 0 0 1 1
+6 +2 1
+3 * 1 0 0 0 0 0 0 0 0 1
+2 +2 1
+7 * 1 0 0 0 0 0 0 0 0 1
+2 92 1 0 1
+7 845 1
+7 * 1 0 0 0 0 0 0 0 0 1
+2 92 1 0 1
+7 847 1
+7 * 1 0 0 0 0 0 0 0 0 1 1
+6 +5 1
+4 * 1 0 0 0 0 0 0 0 0 1
+6 +4 1 0 0 1 0 0 1
+5 * 1
+2 * 1
+2 * 1
+3 * 1
+3 +1 1
+3 * 1 0 0 0 0 0 0 0 0 1
+2 92 1 0 1
+7 859 1
+4 * 1 0 0 0 0 0 0 0 0 1
+6 +2 1
+4 * 1 0 0 0 0 0 0 0 0 1
+6 +2 1
+7 * 1 0 0 0 0 0 0 0 0 1
+6 +2 1
+3 * 1 0 0 0 0 0 0 0 0 1 1
+2 +2 1 0 0 1 0 0 1
+4 * 1 0 0 0 0 0 0 0 0 1
+2 92 1 0 1
+7 869 1
+7 * 1 0 0 0 0 0 0 0 0 1
+6 +2 1
+7 * 1 0 0 0 0 0 0 0 0 1
+6 +3 1
+7 * 1 0 0 0 0 0 0 0 0 1
+2 92 1 0 1
+7 876 1
+4 * 1 0 0 1 0 0 1 0 0 1
+6 +2 1
+7 * 1 0 0 0 0 0 0 0 0 1 1
+6 +2 1
+7 * 1 0 0 0 0 0 0 0 0 1
+6 +2 1
+7 * 1 0 0 0 0 0 0 0 0 1
+6 +2 1
+7 * 1 0 0 0 0 0 0 0 0 1
+6 +2 1
+7 * 1 0 0 1 0 0 1 0 0 1
+6 +3 1
+4 * 1 0 0 0 0 0 0 0 0 1
+6 +2 1
+7 * 1 0 0 0 0 0 0 0 0 1
+6 +2 1
+7 * 1 0 0 0 0 0 0 0 0 1
+6 +2 1
+7 * 1 0 0 0 0 0 0 0 0 1
+6 +2 1
+7 * 1 0 0 0 0 0 0 0 0 1
+6 +2 1 0 0 1 0 0 1
+7 * 1 0 0 0 0 0 0 0 0 1
+6 +2 1
+7 * 1 0 0 0 0 0 0 0 0 1
+6 +2 1
+4 * 1 0 0 0 0 0 0 0 0 1 1
+6 +2 1
+4 * 1 0 0 0 0 0 0 0 0 1
+6 +4 1
+3 * 1 0 0 0 0 0 0 0 0 1
+6 +2 1
+6 * 1 0 0 1 0 0 1 0 0 1 1
+6 +2 1
+6 * 1 0 0 0 0 0 0 0 0 1
+6 +2 1
+6 * 1 0 0 0 0 0 0 0 0 1
+6 +2 1
+3 * 1 0 0 0 0 0 0 0 0 1
+6 +2 1
+3 * 1 0 0 0 0 0 0 0 0 1 1
+38 +9 1 0 0 1 0 0 1
+3 * 1 0 0 0 0 0 0 0 0 1 1
0x4708 +30 1 0 0 1 0 0 1
+2 * 1 0 0 0 0 0 0 0 0 1 1
0x47e8 +58 1 0 0 1 0 0 1
+4 * 1 0 0 0 0 0 0 0 0 1
+2 +2 1
+5 * 1
+5 * 1
+2 +1 1
+2 * 1 0 0 1 0 0 1 0 0 1
+6 +2 1
+2 * 1 0 0 0 0 0 0 0 0 1
+6 +2 1
+2 * 1 0 0 0 0 0 0 0 0 1
+6 +5 1
+4 * 1 0 0 0 0 0 0 0 0 1 1
+52 +69 1 0 0 1 0 0 1
+5 * 1
+2 * 1
+3 +4 1
+5 * 1 0 0 0 0 0 0 0 0 1
+6 +2 1
+5 * 1
+2 +2 1
+3 * 1 0 0 0 0 0 0 0 0 1 1
+9 +2 1
+3 * 1 0 0 0 0 0 0 0 0 1 1
+6 +2 1
+2 * 1
+3 * 1 0 0 1 0 0 1 0 0 1 1
+6 +2 1
+3 * 1 0 0 0 0 0 0 0 0 1
+6 +2 1
+6 * 1 0 0 0 0 0 0 0 0 1
+6 +2 1
+2 * 1 0 0 0 0 0 0 0 0 1 1
+6 +2 1
+3 * 1 0 0 0 0 0 0 0 0 1
+6 +2 1
+6 * 1 0 0 0 0 0 0 0 0 1
+6 +3 1
+6 * 1 0 0 1 0 0 1 0 0 1 1
+6 +2 1
+6 * 1 0 0 0 0 0 0 0 0 1
+6 +2 1
+2 * 1 0 0 0 0 0 0 0 0 1
+6 +3 1
+3 * 1 0 0 0 0 0 0 0 0 1
+2 +2 1
+6 * 1 0 0 0 0 0 0 0 0 1
+9 +2 1
+3 * 1 0 0 0 0 0 0 0 0 1
+6 +5 1
+7 * 1 0 0 0 0 0 0 0 0 1
+2 +2 1 0 0 1 0 0 1
+5 * 1
+2 * 1
+3 +1 1
+3 * 1 0 0 0 0 0 0 0 0 1
+6 +2 1
+7 * 1 0 0 0 0 0 0 0 0 1
+6 +4 1
+7 * 1 0 0 0 0 0 0 0 0 1
+6 +61 1
+7 * 1 0 0 0 0 0 0 0 0 1 1
+52 +16 1 0 1 1 0 0 1
+2 75 1 1
+2 1265 1
+5 * 1 0 0 0 0 0 0 0 0 1
+2 66 1 1
+3 1266 1
+3 * 1 0 0 0 0 0 0 0 0 1 1
+6 -93 1 1
+4 * 1 1
+4 * 1
+2 * 1 1
+4 * 1 1
fe=(205)
+4 62 1
+13 +2 1 1
+4 * 1 1
+1 * 1 1
fi=(207)
+4 784 1 0 0 1 0 0 1
+2 * 1
+3 +3 1
+2 * 1
+2 * 1
+3 * 1 0 0 0 0 0 0 0 0 1 1
+12 +7 1
+2 * 1 0 0 1 0 0 1
+3 * 1
+2 * 1
+6 * 1
+4 +2 1
+3 -1 1
+3 * 1 0 1
+3 * 1
+5 1211 1
+4 * 1 0 0 0 0 0 0 0 0 1
+6 +5 1
+4 * 1 0 0 0 0 0 0 0 0 1
+6 776 1
+5 * 1
+5 101 1 0 1
+6 * 1 0 0 1 0 0 1
+5 * 1 0 1
+6 * 1
+5 * 1 0 1
+6 * 1
+5 * 1 0 1
+7 * 1
+5 * 1 0 1
+4 * 1
+5 * 1 0 1
+6 * 1
+5 * 1 0 1 1 0 0 1
+6 * 1
+5 776 1
+3 * 1
0x4c31 1217 1 1 0 1 0 0 1
+3 * 1 1
+3 364 1
+6 * 1 0 0 1 0 0 1 0 0 1
+6 * 1
+3 * 1 0 0 0 0 0 0 0 0 1 1
0x4f6d 791 1 0 0 1 0 0 1
+2 * 1
+3 -2 1
+6 +2 1
+2 * 1
+3 * 1 0 0 1 0 0 1
+4 * 1
+18 1271 1
+2 101 1 0 1
+7 1271 1
+2 * 1
+6 * 1 0 0 0 0 0 0 0 0 1
+6 +1 1
+2 * 1
+2 * 1
+6 * 1 0 0 0 0 0 0 0 0 1
+6 101 1 1
+3 * 1
+2 * 1 0 0 1 0 0 1
+3 * 1 0 1
+3 1281 1
+2 * 1
+2 * 1
+6 * 1 0 0 0 0 0 0 0 0 1
+6 +1 1
+2 * 1
+5 * 1 0 0 0 0 0 0 0 0 1
+6 101 1
+2 * 1
+2 * 1
+2 * 1
+3 * 1
+3 * 1
+6 * 1
+3 * 1 0 1
+3 * 1
+28 * 1 0 1
+6 * 1
+5 * 1 0 1 1 0 0 1
+6 * 1
+51 * 1 0 1 1 0 0 1
+6 * 1
+68 * 1 0 1 1 0 0 1
+4 * 1
+16 * 1 0 1
+6 * 1
+25 * 1 0 1 1 0 0 1
+6 * 1
0x5277 364 1 0 0 1 0 0 1
+3 * 1 0 0 0 0 0 0 0 0 1 1
0x53bf * 1 0 0 1 0 0 1
+3 * 1
+3 * 1 0 0 0 0 0 0 0 0 1
+6 * 1
+5 * 1
+3 * 1
+5 * 1 0 0 0 0 0 0 0 0 1 1
0x54f9 +99 1 0 0 1 0 0 1
+10 * 1 0 1
+4 +2 1
fe=(205)

ob=(8)
fl=(366) /usr/include/c++/16.1.1/bits/invoke.h
fn=(2620) std::enable_if<is_invocable_r_v<bool, std::__detail::_CharMatcher<std::__cxx11::regex_traits<char>, false, false>&, char>, bool>::type std::__invoke_r<bool, std::__detail::_CharMatcher<std::__cxx11::regex_traits<char>, false, false>&, char>(std::__detail::_CharMatcher<std::__cxx11::regex_traits<char>, false, false>&, char&&)
0x275b6 106 1 0 1
+1 * 1
+3 * 1
+4 * 1 0 1 1 0 0 1
+4 * 1 0 1
+4 * 1 1
+4 * 1 0 1
fi=(349) /usr/include/c++/16.1.1/bits/move.h
+4 -33 1 1
+4 * 1 1
+4 * 1 0 1
+4 * 1 1
fe=(366)
+4 +43 1
+3 * 1
+3 * 1 0 1
cfn=(2622) bool std::__invoke_impl<bool, std::__detail::_CharMatcher<std::__cxx11::regex_traits<char>, false, false>&, char>(std::__invoke_other, std::__detail::_CharMatcher<std::__cxx11::regex_traits<char>, false, false>&, char&&)
calls=1 0x2d2e2 -54 
* * 43 17 14 4 0 0 3
+5 +3 1 1
+1 * 1 1

fn=(2582) std::enable_if<is_invocable_r_v<bool, std::__detail::_BracketMatcher<std::__cxx11::regex_traits<char>, false, false>&, char>, bool>::type std::__invoke_r<bool, std::__detail::_BracketMatcher<std::__cxx11::regex_traits<char>, false, false>&, char>(std::__detail::_BracketMatcher<std::__cxx11::regex_traits<char>, false, false>&, char&&)
0x28d3c 106 10 0 10
+1 * 10
+3 * 10 0 0 2
+4 * 10 0 10
+4 * 10 0 10
+4 * 10 10
+4 * 10 0 10
fi=(349)
+4 -33 10 10
+4 * 10 10
+4 * 10 0 10
+4 * 10 10
fe=(366)
+4 +43 10
+3 * 10
+3 * 10 0 10
cfn=(2584) bool std::__invoke_impl<bool, std::__detail::_BracketMatcher<std::__cxx11::regex_traits<char>, false, false>&, char>(std::__invoke_other, std::__detail::_BracketMatcher<std::__cxx11::regex_traits<char>, false, false>&, char&&)
calls=10 0x2e244 -54 
* * 1120 370 310 22 0 0 7 0 0 20 2
+5 +3 10 10
+1 * 10 10

fn=(2622)
0x2d2e2 62 1 0 1
+1 * 1
+3 * 1
+4 * 1 0 1
+4 * 1 0 1
+4 * 1 1
+4 * 1 0 1
fi=(349)
+4 +11 1 1
+4 * 1 1 0 1 0 0 1
+4 * 1 0 1
+4 * 1 1
fe=(366)
+4 -10 1 1
+3 * 1
+3 * 1
+2 * 1
+3 * 1 0 1
cfi=(337) /usr/include/c++/16.1.1/bits/regex_compiler.h
cfn=(2624) std::__detail::_CharMatcher<std::__cxx11::regex_traits<char>, false, false>::operator()(char) const
calls=1 0x30618 411 
* * 25 10 8 3 0 0 2
+5 * 1 1
+1 * 1 1

fn=(2584)
0x2e244 62 10 0 10
+1 * 10
+3 * 10
+4 * 10 0 10
+4 * 10 0 10
+4 * 10 10
+4 * 10 0 10
fi=(349)
+4 +11 10 10
+4 * 10 10
+4 * 10 0 10
+4 * 10 10
fe=(366)
+4 -10 10 10
+3 * 10
+3 * 10
+2 * 10
+3 * 10 0 10
cfi=(337)
cfn=(2586) std::__detail::_BracketMatcher<std::__cxx11::regex_traits<char>, false, false>::operator()(char) const
calls=10 0x3106e 437 
* * 940 300 250 22 0 0 7 0 0 20 2
+5 * 10 10
+1 * 10 10

fl=(281)
fn=(1020)
0x6639 12 1 0 1
+1 * 1
+3 * 1 0 1
+1 * 1 0 0 1 0 0 1
+7 * 1 0 1
+6 * 1 0 1
+7 * 1 1
+9 * 1 0 1
+4 * 1
+2 +1 1 1
+7 * 1 0 0 0 0 0 0 0 0 1 1
0x66cc +5 1 0 0 1 0 0 1
+7 * 1
+5 * 1
+5 * 1
+3 * 1 0 1
cob=(2)
cfi=(214)
cfn=(740)
calls=1 0x1729c0 198 
* * 43 2 16 0 0 0 0 0 0 7 2
cob=(1)
cfi=(282)
cfn=(1028)
calls=1 0x14550 +21 
* * 839 279 140 37 30 13 13 1 1 117 14 3 3
* * 5 3 2 1 1 0 1 0 0 0 0 2 2
+5 * 1
+7 * 1
+3 * 1 0 1
cfi=(284) /home/ikea/Projects/dv1674_a2/blur/base/ppm.hpp
cfn=(1034) PPM::Reader::Reader()
calls=1 0x6ace +3 
* * 1712 517 298 13 18 1 7 3 0 193 24 34 8
+5 * 1
+7 * 1 0 1 1 0 0 1
fi=(293) /usr/include/c++/16.1.1/bits/new_allocator.h
+7 +70 1
fi=(292) /usr/include/c++/16.1.1/bits/allocator.h
+1 +80 1
fe=(281)
+1 21 1 1
+7 * 1
+4 * 1 1
+3 * 1
+7 * 1
+7 * 1
+3 * 1
+3 * 1 0 1
cfi=(286) /usr/include/c++/16.1.1/bits/basic_string.h
cfn=(1046) std::__cxx11::basic_string<char, std::char_traits<char>, std::allocator<char> >::basic_string<std::allocator<char> >(char const*, std::allocator<char> const&)
calls=1 0x6d12 730 
* * 2073 706 384 32 30 5 25 1 0 254 32 9 7
+5 * 1
+7 * 1
+7 * 1
+7 * 1 0 0 1 0 0 1
+3 * 1
+3 * 1 0 1
cfi=(291) /home/ikea/Projects/dv1674_a2/blur/base/ppm.cpp
cfn=(1086) PPM::Reader::operator()(std::__cxx11::basic_string<char, std::char_traits<char>, std::allocator<char> >)
calls=1 0x833c +82 
* * 232878573 74024491 45596554 3286 58266 81241 1499 206 76996 25319494 2964 7739778 241
+5 * 1 0 0 1
+7 * 1
+3 * 1 0 1
cfi=(286)
cfn=(1396) std::__cxx11::basic_string<char, std::char_traits<char>, std::allocator<char> >::~basic_string()
calls=1 0x6cea 919 
* * 94 31 26 0 1 0 0 0 0 2 2
fi=(292)
+5 189 1
+7 * 1
+3 * 1 0 1
cfi=(293)
cfn=(1096) std::__new_allocator<char>::~__new_allocator()
calls=1 0x6f3c -85 
* * 6 2 2
+5 * 1
+1 * 1
+7 * 1 0 1
fi=(293)
+7 88 1
fi=(292)
+1 +80 1
fe=(281)
+1 22 1 1 0 1 0 0 1
+7 * 1
+4 * 1 1 0 0 1
+3 * 1
+7 * 1
+7 * 1
+3 * 1
+3 * 1 0 1
cfi=(286)
cfn=(1046)
calls=1 0x6d12 730 
* * 313 109 89 10 3 0 0 0 0 15 8 2
+5 * 1
+7 * 1
+5 * 1
+5 * 1
+3 * 1 0 1
cfi=(286)
cfn=(2738) std::__cxx11::stoul(std::__cxx11::basic_string<char, std::char_traits<char>, std::allocator<char> > const&, unsigned long*, int)
calls=1 0x6a8a 4520 
* * 274 81 51 4 11 0 0 0 0 33 2 6
+5 * 1 0 1
+6 * 1 0 0 1 0 0 1
+7 * 1
+3 * 1 0 1
cfi=(286)
cfn=(1396)
calls=1 0x6cea 919 
* * 94 31 26 0 0 0 0 0 0 2
fi=(292)
+5 189 1
+7 * 1
+3 * 1 0 1
cfi=(293)
cfn=(1096)
calls=1 0x6f3c -85 
* * 6 2 2
+5 * 1
fe=(281)
+1 24 1 1
+6 * 1
+7 * 1
+7 * 1
+3 * 1
+3 * 1 0 1
cfi=(373) /home/ikea/Projects/dv1674_a2/blur/base/matrix.cpp
cfn=(2932) Matrix::Matrix(Matrix const&)
calls=1 0x757a +18 
* * 83567438 40235735 20632993 13 1547377 1547365 12 0 24178 517285 693 9
+5 * 1 0 0 1 0 0 1
+7 * 1
+7 * 1
+2 * 1
+3 * 1
+3 * 1 0 1
cfi=(374) /home/ikea/Projects/dv1674_a2/blur/base/filters.cpp
cfn=(2946) Filter::blur(Matrix, int)
calls=1 0x3733f +2 
* * 11176303419 1798731879 7610186743 71 4840336 4125332 54 20 50552 7002702811 2610376 28355898 6

fl=(341) /usr/include/c++/16.1.1/bits/locale_classes.tcc
fn=(1500) std::ctype<char> const& std::use_facet<std::ctype<char> const>(std::locale const&)
0xec36 220 2 0 2 2 0 0 1
+1 * 2
+3 * 2
+4 * 2 0 2 2 0 0 1
+4 +8 2 2
+4 * 2
+3 * 2 0 2
cfn=(1502) std::ctype<char> const* std::__try_use_facet<std::ctype<char> const>(std::locale const&)
calls=2 0x104a7 117 
* * 867 272 140 13 13 3 3 1 0 105 7 6 5
+5 * 2 0 2
+4 * 2 2
+5 * 2 0 0 0 0 0 0 0 0 2
+2 +1 2 2
+4 * 2
+7 +2 2 2
+1 * 2 2

fn=(1502)
0x104a7 117 2 0 2 2 0 0 1
+1 * 2
+3 * 2
+4 * 2 0 2
+4 +2 2
+7 * 2
+3 * 2 0 2 2 0 0 1
cob=(7)
cfi=(215)
cfn=(768)
calls=2 0xcdbe0 507 
* * 12 4 0 4 1 0 0 0 0 2
cob=(1)
cfi=(282)
cfn=(1028)
calls=1 0x14550 -80 
* * 811 248 128 3 10 3 0 1 0 103 7 3 3
* * 6 4 2 2 0 0 1 0 0 0 0 3 2
+5 * 2 0 2
+4 +1 2 2
+4 * 2 2
+3 * 2 2 0 0 1
+4 * 2 0 2
+4 +8 2 2
+4 * 2
+8 * 2 2
+4 * 2
+3 * 2 2 0 0 1
+3 +44 2 2
+1 * 2 2

fl=(372) /usr/include/c++/16.1.1/tuple
fn=(2902) unsigned char*& std::__get_helper<0ul, unsigned char*, unsigned char*, unsigned char*>(std::_Tuple_impl<0ul, unsigned char*, unsigned char*, unsigned char*>&)
0xa017 2483 1 0 1
+1 * 1
+3 * 1
+4 * 1 0 1
+4 +1 1 1
+4 * 1
+3 * 1 0 1
cfn=(2904) std::_Tuple_impl<0ul, unsigned char*, unsigned char*, unsigned char*>::_M_head(std::_Tuple_impl<0ul, unsigned char*, unsigned char*, unsigned char*>&)
calls=1 +7 291 
* * 16 6 5 1 0 0 1
+5 * 1 1
+1 * 1 1

fn=(2904)
0xa031 291 1 0 1
+1 * 1
+3 * 1
+4 * 1 0 1
+4 * 1 1 0 1 0 0 1
+4 * 1
+4 * 1
+3 * 1 0 1
cfn=(2906) std::_Head_base<0ul, unsigned char*, false>::_M_head(std::_Head_base<0ul, unsigned char*, false>&)
calls=1 +7 -45 
* * 6 3 2
+5 * 1 1
+1 * 1 1

fn=(2894) std::_Head_base<2ul, unsigned char*, false>::_Head_base<unsigned char*>(unsigned char*&&)
0x103e0 212 1 0 1 1 0 0 1
+1 * 1
+3 * 1 0 1 0 0 1
+4 * 1 0 1
+4 * 1 1
+4 * 1 0 1
fi=(349)
+4 73 1 1
fe=(372)
+4 213 1 1
+3 * 1 1
+4 * 1 0 1 1 0 1
+3 * 1
+1 * 1 1
+1 * 1 1

fn=(2896) std::_Head_base<1ul, unsigned char*, false>::_Head_base<unsigned char*>(unsigned char*&&)
0xe8de 212 1 0 1
+1 * 1
+3 * 1 0 1
+4 * 1 0 1
+4 * 1 1
+4 * 1 0 1
fi=(349)
+4 73 1 1
fe=(372)
+4 213 1 1
+3 * 1 1
+4 * 1 0 1
+3 * 1 0 0 1 0 0 1
+1 * 1 1
+1 * 1 1

fn=(2898) std::_Head_base<0ul, unsigned char*, false>::_Head_base<unsigned char*>(unsigned char*&&)
0xcf6a 212 1 0 1
+1 * 1
+3 * 1 0 1
+4 * 1 0 1
+4 * 1 1
+4 * 1 0 1
fi=(349)
+4 73 1 1 0 1 0 0 1
fe=(372)
+4 213 1 1
+3 * 1 1
+4 * 1 0 1
+3 * 1
+1 * 1 1
+1 * 1 1

fn=(2900) std::tuple_element<0ul, std::tuple<unsigned char*, unsigned char*, unsigned char*> >::type&& std::get<0ul, unsigned char*, unsigned char*, unsigned char*>(std::tuple<unsigned char*, unsigned char*, unsigned char*>&&)
0x9ff5 2511 1 0 1 1
+1 * 1
+3 * 1
+4 * 1 0 1 1 0 0 1
+4 +3 1 1
+4 * 1
+3 * 1 0 1
cfn=(2902)
calls=1 +15 -31 
* * 25 9 8 1 0 0 1
+5 * 1 0 1
fi=(349)
+4 73 1 1
fe=(372)
+4 2515 1 1
+1 * 1 1

fn=(2918) unsigned char*& std::__get_helper<2ul, unsigned char*>(std::_Tuple_impl<2ul, unsigned char*>&)
0xa0e7 2483 1 0 1
+1 * 1
+3 * 1
+4 * 1 0 1
+4 +1 1 1
+4 * 1
+3 * 1 0 1
cfn=(2920) std::_Tuple_impl<2ul, unsigned char*>::_M_head(std::_Tuple_impl<2ul, unsigned char*>&)
calls=1 +7 554 
* * 15 6 5 1
+5 * 1 1
+1 * 1 1

fn=(2916) std::tuple_element<2ul, std::tuple<unsigned char*, unsigned char*, unsigned char*> >::type&& std::get<2ul, unsigned char*, unsigned char*, unsigned char*>(std::tuple<unsigned char*, unsigned char*, unsigned char*>&&)
0xa0c5 2511 1 0 1
+1 * 1
+3 * 1
+4 * 1 0 1
+4 +3 1 1
+4 * 1
+3 * 1 0 1
cfn=(2918)
calls=1 +15 -31 
* * 24 9 8 1
+5 * 1 0 1
fi=(349)
+4 73 1 1
fe=(372)
+4 2515 1 1
+1 * 1 1

fn=(2914) std::_Head_base<1ul, unsigned char*, false>::_M_head(std::_Head_base<1ul, unsigned char*, false>&)
0xa0b7 246 1 0 1
+1 * 1
+3 * 1 0 1
+4 * 1 1 0 1 0 0 1
+4 * 1 1
+1 * 1 1

fn=(2922) std::_Head_base<2ul, unsigned char*, false>::_M_head(std::_Head_base<2ul, unsigned char*, false>&)
0xa11b 246 1 0 1
+1 * 1
+3 * 1 0 1
+4 * 1 1
+4 * 1 1
+1 * 1 1

fn=(2910) unsigned char*& std::__get_helper<1ul, unsigned char*, unsigned char*>(std::_Tuple_impl<1ul, unsigned char*, unsigned char*>&)
0xa07f 2483 1 0 1
+1 * 1 0 0 1 0 0 1
+3 * 1
+4 * 1 0 1
+4 +1 1 1
+4 * 1
+3 * 1 0 1
cfn=(2912) std::_Tuple_impl<1ul, unsigned char*, unsigned char*>::_M_head(std::_Tuple_impl<1ul, unsigned char*, unsigned char*>&)
calls=1 +7 291 
* * 16 6 5 1 0 0 1
+5 * 1 1
+1 * 1 1

fn=(2920)
0xa101 554 1 0 1 1
+1 * 1
+3 * 1
+4 * 1 0 1
+4 * 1 1
+4 * 1
+3 * 1 0 1
cfn=(2922)
calls=1 +7 246 
* * 6 3 2
+5 * 1 1
+1 * 1 1

fn=(2888) std::_Tuple_impl<0ul, unsigned char*, unsigned char*, unsigned char*>::_Tuple_impl<unsigned char*, unsigned char*, unsigned char*, void>(unsigned char*&&, unsigned char*&&, unsigned char*&&)
0xbc3e 313 1 0 1 1 0 0 1
+1 * 1 0 0 1 0 0 1
+3 * 1
+4 * 1 0 1
+4 * 1 0 1
+4 * 1 0 1
+4 * 1 0 1
+4 +2 1 1
+4 * 1 1
+4 * 1 0 1
fi=(349)
+4 73 1 1
+4 * 1 1
+4 * 1 0 1
+4 * 1 1
fe=(372)
+4 315 1
+3 * 1
+3 * 1 0 1
cfn=(2890) std::_Tuple_impl<1ul, unsigned char*, unsigned char*>::_Tuple_impl<unsigned char*, unsigned char*, void>(unsigned char*&&, unsigned char*&&)
calls=1 0xcf18 -2 
* * 65 25 23 7 0 4 6
+5 * 1 1 0 1
+4 * 1
+4 * 1 1
+4 * 1 0 1
fi=(349)
+4 73 1 1
fe=(372)
+4 315 1
+3 * 1
+3 * 1 0 1
cfn=(2898)
calls=1 0xcf6a 212 
* * 13 6 5 1 0 0 1
+5 +1 1
+1 * 1 1
+1 * 1 1

fn=(2890)
0xcf18 313 1 0 1 1 0 0 1
+1 * 1
+3 * 1
+4 * 1 0 1 0 0 1
+4 * 1 0 1
+4 * 1 0 1
+4 +2 1 1
+4 * 1 1
+4 * 1 0 1
fi=(349)
+4 73 1 1
fe=(372)
+4 315 1
+3 * 1 0 0 1 0 0 1
+3 * 1 0 1
cfn=(2892) std::_Tuple_impl<2ul, unsigned char*>::_Tuple_impl<unsigned char*>(unsigned char*&&)
calls=1 0xe8b0 570 
* * 28 11 10 4 0 3 3
+5 * 1 1
+4 * 1
+4 * 1 1
+4 * 1 0 1
fi=(349)
+4 73 1 1
fe=(372)
+4 315 1
+3 * 1
+3 * 1 0 1
cfn=(2896)
calls=1 0xe8de 212 
* * 13 6 5 1 0 0 1
+5 +1 1
+1 * 1 1
+1 * 1 1

fn=(2908) std::tuple_element<1ul, std::tuple<unsigned char*, unsigned char*, unsigned char*> >::type&& std::get<1ul, unsigned char*, unsigned char*, unsigned char*>(std::tuple<unsigned char*, unsigned char*, unsigned char*>&&)
0xa05d 2511 1 0 1
+1 * 1
+3 * 1
+4 * 1 0 1
+4 +3 1 1
+4 * 1
+3 * 1 0 1
cfn=(2910)
calls=1 +15 -31 
* * 25 9 8 2 0 0 2
+5 * 1 0 1
fi=(349)
+4 73 1 1
fe=(372)
+4 2515 1 1
+1 * 1 1

fn=(2912)
0xa099 291 1 0 1
+1 * 1
+3 * 1
+4 * 1 0 1
+4 * 1 1
+4 * 1
+4 * 1
+3 * 1 0 1
cfn=(2914)
calls=1 +7 -45 
* * 6 3 2 1 0 0 1
+5 * 1 1
+1 * 1 1

fn=(2906)
0xa04f 246 1 0 1
+1 * 1
+3 * 1 0 1
+4 * 1 1
+4 * 1 1
+1 * 1 1

fn=(2892)
0xe8b0 570 1 0 1 1 0 0 1
+1 * 1
+3 * 1
+4 * 1 0 1 0 0 1
+4 * 1 0 1
+4 +1 1 1 0 1 0 0 1
+4 * 1 1
+4 * 1 0 1
fi=(349)
+4 73 1 1
fe=(372)
+4 571 1
+3 * 1
+3 * 1 0 1
cfn=(2894)
calls=1 0x103e0 212 
* * 13 6 5 2 0 2 1
+5 +1 1
+1 * 1 1
+1 * 1 1

fn=(2886) std::tuple<unsigned char*, unsigned char*, unsigned char*>::tuple<unsigned char*, unsigned char*, unsigned char*, true, true>(unsigned char*&&, unsigned char*&&, unsigned char*&&)
0xae42 1488 1 0 1 1 0 0 1
+1 * 1
+3 * 1
+4 * 1 0 1
+4 * 1 0 1
+4 * 1 0 1
+4 * 1 0 1
+4 +2 1 1
+4 * 1 1
+4 * 1 0 1
fi=(349)
+4 73 1 1
+4 * 1 1
+4 * 1 0 1
+4 * 1 1
+4 * 1 1
+4 * 1 0 1
+4 * 1 1 0 1
fe=(372)
+4 1490 1
+3 * 1 0 1
cfn=(2888)
calls=1 0xbc3e 313 
* * 106 41 38 11 0 4 9
+5 +1 1
+1 * 1 1
+1 * 1 1

fl=(335) /usr/include/c++/16.1.1/bits/shared_ptr_base.h
fn=(1474) std::__shared_count<(__gnu_cxx::_Lock_policy)2>::__shared_count()
0xd2bc 972 6 0 6 1 0 0 1
+1 * 6
+3 * 6 0 6 4 0 0 1
+4 * 6 6
+4 * 6 0 6
+7 +1 6
+1 * 6 6
+1 * 6 6

fn=(1530) std::__shared_count<(__gnu_cxx::_Lock_policy)2>::__shared_count<std::__detail::_NFA<std::__cxx11::regex_traits<char> >, std::allocator<void>, std::locale const&, std::regex_constants::syntax_option_type&>(std::__detail::_NFA<std::__cxx11::regex_traits<char> >*&, std::_Sp_alloc_shared_tag<std::allocator<void> >, std::locale const&, std::regex_constants::syntax_option_type&)
0x12662 1028 2 0 2 2 0 0 1
+1 * 2
+3 * 2 0 2
+2 * 2 0 2
+2 * 2 0 2
+2 * 2 0 2
+1 * 2
+7 * 2 0 2
+7 * 2 0 2 2 0 0 1
+7 * 2 0 2
+7 * 2 0 2
+7 * 2 0 2
+7 * 2 2
+9 * 2 0 2
+4 * 2
+2 +5 2 2
+7 * 2 0 2
+4 * 2
+4 * 2 0 2
fi=(293)
+4 88 2
fi=(292)
+1 +95 2
fe=(335)
+1 1034 2
+4 * 2 0 0 2 0 0 1
+4 * 2
+3 * 2
+3 * 2 0 2
cfi=(343) /usr/include/c++/16.1.1/bits/allocated_ptr.h
cfn=(1532) std::__allocated_ptr<std::allocator<std::_Sp_counted_ptr_inplace<std::__detail::_NFA<std::__cxx11::regex_traits<char> >, std::allocator<void>, (__gnu_cxx::_Lock_policy)2> > > std::__allocate_guarded<std::allocator<std::_Sp_counted_ptr_inplace<std::__detail::_NFA<std::__cxx11::regex_traits<char> >, std::allocator<void>, (__gnu_cxx::_Lock_policy)2> > >(std::allocator<std::_Sp_counted_ptr_inplace<std::__detail::_NFA<std::__cxx11::regex_traits<char> >, std::allocator<void>, (__gnu_cxx::_Lock_policy)2> >&)
calls=2 0x1533f 101 
* * 346 84 70 20 1 0 10 0 0 39 11 4
+5 +1 2
+4 * 2
+3 * 2 0 2
cfi=(343)
cfn=(1540) std::__allocated_ptr<std::allocator<std::_Sp_counted_ptr_inplace<std::__detail::_NFA<std::__cxx11::regex_traits<char> >, std::allocator<void>, (__gnu_cxx::_Lock_policy)2> > >::get() const
calls=2 0x153e8 89 
* * 18 10 6 3 0 0 2
+5 * 2 0 2
+4 +1 2 2
+4 * 2
+3 * 2
+5 * 2 0 2
cfi=(344) /usr/include/c++/16.1.1/new
cfn=(1542) operator new(unsigned long, void*)
calls=2 0x917a 170 
* * 14 6 6 4 0 0 1
+5 * 2
+3 * 2
+6 * 2 2
+7 * 2 0 2 2 0 0 1
fi=(349)
+4 73 2 2
+4 * 2 2
+7 * 2 0 2
+4 * 2 2
fe=(335)
+4 1036 2
+3 * 2
+3 * 2 0 2
cfn=(1544) std::_Sp_counted_ptr_inplace<std::__detail::_NFA<std::__cxx11::regex_traits<char> >, std::allocator<void>, (__gnu_cxx::_Lock_policy)2>::_Sp_counted_ptr_inplace<std::locale const&, std::regex_constants::syntax_option_type&>(std::allocator<void>, std::locale const&, std::regex_constants::syntax_option_type&)
calls=2 0x15402 665 
* * 1759 590 398 52 10 10 28 2 0 133 27 22 14
+5 * 2
+5 * 2 0 2
+4 * 2
+2 * 2 0 0 0 0 0 0 0 0 2 1
+14 +2 2
+4 * 2 0 0 2 0 0 1
+5 * 2
+3 * 2 0 2
cfi=(343)
cfn=(1592) std::__allocated_ptr<std::allocator<std::_Sp_counted_ptr_inplace<std::__detail::_NFA<std::__cxx11::regex_traits<char> >, std::allocator<void>, (__gnu_cxx::_Lock_policy)2> > >::operator=(decltype(nullptr))
calls=2 0x154c0 80 
* * 18 8 8
+5 +1 2 2
+7 * 2 2
+4 * 2 0 2
+3 +1 2 2
+4 * 2
+3 * 2 0 2
cfn=(1552) std::_Sp_counted_ptr_inplace<std::__detail::_NFA<std::__cxx11::regex_traits<char> >, std::allocator<void>, (__gnu_cxx::_Lock_policy)2>::_M_ptr()
calls=2 0x154de 719 
* * 50 18 16
+5 * 2 2
+7 * 2 0 2
+3 +1 2
+4 * 2
+3 * 2 0 2
cfi=(343)
cfn=(1594) std::__allocated_ptr<std::allocator<std::_Sp_counted_ptr_inplace<std::__detail::_NFA<std::__cxx11::regex_traits<char> >, std::allocator<void>, (__gnu_cxx::_Lock_policy)2> > >::~__allocated_ptr()
calls=2 0x15394 72 
* * 22 8 4 0 0 0 0 0 0 2 2
fi=(292)
+5 189 2
+4 * 2 0 0 2 0 0 1
+3 * 2 0 2
cfi=(293)
cfn=(1598) std::__new_allocator<std::_Sp_counted_ptr_inplace<std::__detail::_NFA<std::__cxx11::regex_traits<char> >, std::allocator<void>, (__gnu_cxx::_Lock_policy)2> >::~__new_allocator()
calls=2 0x19934 -85 
* * 12 4 4 1 0 0 1
+5 * 2
fe=(335)
+1 1041 2
+1 * 2 2
+4 * 2 2
+9 * 2 0 0 0 0 0 0 0 0 2
+93 * 2 0 0 2 0 0 1
+7 * 2 2
+1 * 2 2
+2 * 2 2
+2 * 2 2 0 2 0 0 1
+2 * 2 2
+1 * 2 2

fn=(1600) std::enable_if<!std::__shared_ptr<std::__detail::_NFA<std::__cxx11::regex_traits<char> >, (__gnu_cxx::_Lock_policy)2>::__has_esft_base<std::__detail::_NFA<std::__cxx11::regex_traits<char> >, void>::value, void>::type std::__shared_ptr<std::__detail::_NFA<std::__cxx11::regex_traits<char> >, (__gnu_cxx::_Lock_policy)2>::_M_enable_shared_from_this_with<std::__detail::_NFA<std::__cxx11::regex_traits<char> >, std::__detail::_NFA<std::__cxx11::regex_traits<char> > >(std::__detail::_NFA<std::__cxx11::regex_traits<char> >*)
0x12804 1865 2 0 2
+1 * 2
+3 * 2 0 2
+4 * 2 0 2
+4 +1 2
+1 * 2 2
+1 * 2 2

fn=(2220) std::__shared_count<(__gnu_cxx::_Lock_policy)2>::~__shared_count()
0xb5f0 1133 8 0 8 1
+1 * 8
+3 * 8
+4 * 8 0 8
+4 +2 8 8
+4 * 8 8 0 3 0 0 1
+3 * 8
+3 * 8 0 0 0 0 0 0 0 0 8 6
+2 +1 2 2
+4 * 2 2
+3 * 2
+3 * 2 0 2
cfn=(2766) std::_Sp_counted_base<(__gnu_cxx::_Lock_policy)2>::_M_release()
calls=2 0x954a 393 
* * 4376 1531 1183 206 1 0 32 0 0 173 51 37 5
+5 +1 8
+1 * 8 8
+1 * 8 8

fn=(1552)
0x154de 719 6 0 6 3 0 0 1
+1 * 6
+3 * 6
+4 * 6 0 6
+4 * 6 6
+4 * 6
+4 * 6
+3 * 6 0 6
cfi=(345) /usr/include/c++/16.1.1/ext/aligned_buffer.h
cfn=(1554) __gnu_cxx::__aligned_buffer<std::__detail::_NFA<std::__cxx11::regex_traits<char> > >::_M_ptr()
calls=6 0x199c4 119 
* * 90 36 30 8 0 0 2
+5 * 6 6
+1 * 6 6

fn=(1646) std::__shared_ptr_access<std::__detail::_NFA<std::__cxx11::regex_traits<char> >, (__gnu_cxx::_Lock_policy)2, false, false>::operator->() const
0xd406 1440 34 0 34
+1 * 34
+3 * 34
+4 * 34 0 34
+4 +3 34 34
+4 * 34
+3 * 34 0 34
cfn=(1648) std::__shared_ptr_access<std::__detail::_NFA<std::__cxx11::regex_traits<char> >, (__gnu_cxx::_Lock_policy)2, false, false>::_M_get() const
calls=34 0xec1c +5 
* * 544 238 170
+5 +1 34 34
+1 * 34 34

fn=(1544)
0x15402 665 2 0 2
+1 * 2
+3 * 2 0 2
+2 * 2 0 2
+1 * 2
+4 * 2 0 2
+4 * 2 0 2
+4 * 2 0 2
+4 +1 2 2
+4 * 2
+3 * 2 0 2
cfn=(1546) std::_Sp_counted_base<(__gnu_cxx::_Lock_policy)2>::_Sp_counted_base()
calls=2 0x19972 128 
* * 26 10 10 2 0 0 1
+5 * 2
+7 * 2 2
+4 * 2 0 2
+3 * 2 2
+4 * 2
+4 * 2
+3 * 2 0 2 2 0 0 1
cfn=(1548) std::_Sp_counted_ptr_inplace<std::__detail::_NFA<std::__cxx11::regex_traits<char> >, std::allocator<void>, (__gnu_cxx::_Lock_policy)2>::_Impl::_Impl(std::allocator<void>)
calls=2 0x199a2 -13 
* * 38 10 12 2 0 0 2
+5 * 2 2
+4 * 2 0 2
fi=(349)
+4 73 2 2
+4 * 2 2
+4 * 2 0 2
+4 * 2 2
fe=(335)
+4 670 2 2
+4 * 2
+3 * 2 0 2
cfn=(1552)
calls=2 0x154de +49 
* * 50 18 16 3 0 0 3
+5 * 2 0 2
+4 * 2 0 2
+4 * 2 0 2
+4 * 2 2
+4 * 2 0 2
fi=(349)
+4 73 2 2
+4 * 2 2 0 2 0 0 1
+4 * 2 0 2
+4 * 2 2
fi=(318) /usr/include/c++/16.1.1/bits/alloc_traits.h
+4 845 2 2
+4 * 2
+3 * 2
+3 * 2 0 2
cfi=(346) /usr/include/c++/16.1.1/bits/stl_construct.h
cfn=(1558) void std::_Construct<std::__detail::_NFA<std::__cxx11::regex_traits<char> >, std::locale const&, std::regex_constants::syntax_option_type&>(std::__detail::_NFA<std::__cxx11::regex_traits<char> >*, std::locale const&, std::regex_constants::syntax_option_type&)
calls=2 0x1efdb 123 
* * 1551 518 324 41 10 10 20 2 0 133 27 22 14
+5 * 2
fe=(335)
+1 672 2
+28 * 2
+4 * 2 2
+1 * 2 2
+2 * 2 2
+1 * 2 2

fn=(1548)
0x199a2 653 2 0 2
+1 * 2
+3 * 2
+4 * 2 0 2
+4 * 2
+4 * 2 2
+4 * 2
+3 * 2
+3 * 2 0 2 1 0 0 1
cfn=(1550) std::_Sp_ebo_helper<0, std::allocator<void>, true>::_Sp_ebo_helper(std::allocator<void> const&)
calls=2 0x1efcc 529 
* * 14 4 6 1 0 0 1
+5 * 2
+1 * 2 2
+1 * 2 2

fn=(2206) std::__shared_count<(__gnu_cxx::_Lock_policy)2>::_M_swap(std::__shared_count<(__gnu_cxx::_Lock_policy)2>&)
0x11aaa 1162 6 0 6 2
+1 * 6
+3 * 6 0 6
+4 * 6 0 6
+4 +2 6 6
+4 * 6 6
+3 * 6 0 6 2 0 0 1
+4 +1 6 6
+4 * 6 6
+3 * 6 6
+4 * 6 0 6
+3 +1 6 6
+4 * 6 6
+4 * 6 0 6
+3 +1 6
+1 * 6 6
+1 * 6 6

fn=(2210) std::__shared_ptr<std::__detail::_NFA<std::__cxx11::regex_traits<char> > const, (__gnu_cxx::_Lock_policy)2>::operator=(std::__shared_ptr<std::__detail::_NFA<std::__cxx11::regex_traits<char> > const, (__gnu_cxx::_Lock_policy)2>&&)
0xde82 1704 2 0 2
+1 * 2
+3 * 2
+4 * 2 0 2
+4 * 2 0 2
+4 * 2 2
+9 * 2 0 2
+4 * 2
+2 * 2 2
+4 * 2 0 2
fi=(349)
+4 139 2 2
fe=(335)
+4 1706 2
+4 * 2
+3 * 2
+3 * 2 0 2
cfn=(2212) std::__shared_ptr<std::__detail::_NFA<std::__cxx11::regex_traits<char> > const, (__gnu_cxx::_Lock_policy)2>::__shared_ptr(std::__shared_ptr<std::__detail::_NFA<std::__cxx11::regex_traits<char> > const, (__gnu_cxx::_Lock_policy)2>&&)
calls=2 0xfdf8 -89 
* * 100 42 32 4 0 0 2
+5 * 2 2
+4 * 2 0 0 2 0 0 1
+4 * 2
+3 * 2
+3 * 2 0 2
cfn=(2214) std::__shared_ptr<std::__detail::_NFA<std::__cxx11::regex_traits<char> > const, (__gnu_cxx::_Lock_policy)2>::swap(std::__shared_ptr<std::__detail::_NFA<std::__cxx11::regex_traits<char> > const, (__gnu_cxx::_Lock_policy)2>&)
calls=2 0xfe50 +64 
* * 132 58 40 6 0 0 3 0 0 2 1
+5 * 2
+4 * 2
+3 * 2 0 2
cfn=(2218) std::__shared_ptr<std::__detail::_NFA<std::__cxx11::regex_traits<char> > const, (__gnu_cxx::_Lock_policy)2>::~__shared_ptr()
calls=2 0xaa7a -96 
* * 44 14 10 6 0 0 1 0 0 2 2
+5 +1 2 2
+4 +1 2 2
+4 * 2 2
+9 * 2 0 0 0 0 0 0 0 0 2 2
+7 * 2 2
+1 * 2 2

fn=(2260) std::__shared_ptr<std::__detail::_NFA<std::__cxx11::regex_traits<char> >, (__gnu_cxx::_Lock_policy)2>::~__shared_ptr()
0xb63c 1610 2 0 2
+1 * 2
+3 * 2
+4 * 2 0 2
+4 * 2 2
+4 * 2
+4 * 2
+3 * 2 0 2
cfn=(2220)
calls=2 -99 1133 
* * 22 8 4 0 0 0 0 0 0 2 2
+5 * 2
+1 * 2 2
+1 * 2 2

fn=(2292) std::__shared_ptr<std::__detail::_NFA<std::__cxx11::regex_traits<char> > const, (__gnu_cxx::_Lock_policy)2>::operator bool() const
0xff0e 1755 2 0 2 2 0 0 1
+1 * 2
+3 * 2 0 2
+4 +1 2 2
+4 * 2 2
+3 * 2
+3 * 2
+3 * 2 2
+1 * 2 2

fn=(2770) std::_Sp_counted_ptr_inplace<std::__detail::_NFA<std::__cxx11::regex_traits<char> >, std::allocator<void>, (__gnu_cxx::_Lock_policy)2>::_Impl::_M_alloc()
0x37216 655 4 0 4 2 0 0 1
+1 * 4
+3 * 4
+4 * 4 0 4
+4 * 4 4
+4 * 4
+3 * 4 0 4
cfn=(2772) std::_Sp_ebo_helper<0, std::allocator<void>, true>::_S_get(std::_Sp_ebo_helper<0, std::allocator<void>, true>&)
calls=4 +7 533 
* * 24 12 8
+5 * 4 4
+1 * 4 4

fn=(2388) std::__shared_ptr_access<std::__detail::_NFA<std::__cxx11::regex_traits<char> > const, (__gnu_cxx::_Lock_policy)2, false, false>::operator*() const
0xffb0 1436 2 0 2
+1 * 2
+3 * 2
+4 * 2 0 2
+4 +1 2 2
+4 * 2 0 0 2 0 0 1
+3 * 2 0 2
cfn=(2296) std::__shared_ptr_access<std::__detail::_NFA<std::__cxx11::regex_traits<char> > const, (__gnu_cxx::_Lock_policy)2, false, false>::_M_get() const
calls=2 0xff26 +11 
* * 32 14 10
+5 * 2 0 2
+4 -14 2 2
+5 * 2
+3 * 2
+3 * 2
+3 * 2 0 0 0 0 0 0 0 0 2 2
+36 +1 2 2
+4 +13 2 2
+1 * 2 2

fn=(1650) std::__shared_ptr<std::__detail::_NFA<std::__cxx11::regex_traits<char> >, (__gnu_cxx::_Lock_policy)2>::get() const
0x10496 1751 52 0 52
+1 * 52
+3 * 52 0 52
+4 +1 52 52
+4 * 52 52
+3 * 52 52
+1 * 52 52

fn=(2214)
0xfe50 1770 2 0 2
+1 * 2
+3 * 2
+4 * 2 0 2
+4 * 2 0 2
+4 +2 2 2
+4 * 2 2
+4 * 2
+3 * 2
+3 * 2 0 2
cfi=(349)
cfn=(2216) std::enable_if<std::__and_<std::__not_<std::__is_tuple_like<std::__detail::_NFA<std::__cxx11::regex_traits<char> > const*> >, std::is_move_constructible<std::__detail::_NFA<std::__cxx11::regex_traits<char> > const*>, std::is_move_assignable<std::__detail::_NFA<std::__cxx11::regex_traits<char> > const*> >::value, void>::type std::swap<std::__detail::_NFA<std::__cxx11::regex_traits<char> > const*>(std::__detail::_NFA<std::__cxx11::regex_traits<char> > const*&, std::__detail::_NFA<std::__cxx11::regex_traits<char> > const*&)
calls=2 0x11add 230 
* * 58 28 18 4 0 0 2 0 0 2 1
+5 +1 2 2
+4 * 2
+4 * 2 2
+4 * 2 0 0 2 0 0 1
+4 * 2
+3 * 2
+3 * 2 0 2
cfn=(2206)
calls=2 0x11aaa 1162 
* * 34 18 12
+5 +1 2
+1 * 2 2
+1 * 2 2

fn=(1528) std::__shared_ptr<std::__detail::_NFA<std::__cxx11::regex_traits<char> >, (__gnu_cxx::_Lock_policy)2>::__shared_ptr<std::allocator<void>, std::locale const&, std::regex_constants::syntax_option_type&>(std::_Sp_alloc_shared_tag<std::allocator<void> >, std::locale const&, std::regex_constants::syntax_option_type&)
0x10426 1811 2 0 2 2 0 0 1
+1 * 2
+3 * 2
+4 * 2 0 2
+4 * 2 0 2
+4 * 2 0 2
+4 * 2 0 2
+4 +1 2 2 0 2 0 0 1
+4 * 2 0 2
+7 * 2 2
+4 * 2
+4 * 2 2
+4 * 2 0 2
fi=(349)
+4 73 2 2
+4 * 2 2
+4 * 2 0 2
+4 * 2 2
fe=(335)
+4 1812 2 2
+4 * 2 2
+4 * 2
+3 * 2
+3 * 2 0 2
cfn=(1530)
calls=2 0x12662 1028 
* * 2397 766 566 96 11 10 50 2 0 178 41 26 14
+5 +1 2 2
+4 * 2 2
+3 * 2 2
+4 * 2
+3 * 2
+3 * 2 0 2
cfn=(1600)
calls=2 0x12804 +52 
* * 14 4 6
+5 * 2
+1 * 2 2
+1 * 2 2

fn=(2204) std::__shared_ptr<std::__detail::_NFA<std::__cxx11::regex_traits<char> > const, (__gnu_cxx::_Lock_policy)2>::__shared_ptr<std::__detail::_NFA<std::__cxx11::regex_traits<char> >, void>(std::__shared_ptr<std::__detail::_NFA<std::__cxx11::regex_traits<char> >, (__gnu_cxx::_Lock_policy)2>&&)
0xfda0 1625 2 0 2
+1 * 2
+3 * 2
+4 * 2 0 2
+4 * 2 0 2
+4 +1 2 2
+4 * 2 2
+3 * 2 2
+4 * 2 0 2
+3 * 2 2 0 2 0 0 1
+4 * 2
+4 * 2
+3 * 2 0 2
cfn=(1474)
calls=2 0xd2bc 972 
* * 16 6 6 2
+5 +2 2 2
+4 * 2
+4 * 2 2
+4 * 2
+4 * 2
+3 * 2
+3 * 2 0 2
cfn=(2206)
calls=2 0x11aaa 1162 
* * 34 18 12 4 0 0 1
+5 +1 2 2
+4 * 2 0 2
+7 +1 2
+1 * 2 2
+1 * 2 2

fn=(2212)
0xfdf8 1617 2 0 2
+1 * 2
+3 * 2
+4 * 2 0 2 2 0 0 1
+4 * 2 0 2
+4 +1 2 2
+4 * 2 2
+3 * 2 2
+4 * 2 0 2
+3 * 2 2
+4 * 2
+4 * 2
+3 * 2 0 2
cfn=(1474)
calls=2 0xd2bc 972 
* * 16 6 6
+5 +2 2 2
+4 * 2
+4 * 2 2
+4 * 2
+4 * 2
+3 * 2
+3 * 2 0 2 2 0 0 1
cfn=(2206)
calls=2 0x11aaa 1162 
* * 34 18 12
+5 +1 2 2
+4 * 2 0 2
+7 +1 2
+1 * 2 2
+1 * 2 2

fn=(2294) std::__shared_ptr_access<std::__detail::_NFA<std::__cxx11::regex_traits<char> > const, (__gnu_cxx::_Lock_policy)2, false, false>::operator->() const
0xdf3e 1440 2 0 2
+1 * 2 0 0 2 0 0 1
+3 * 2
+4 * 2 0 2
+4 +3 2 2
+4 * 2
+3 * 2 0 2
cfn=(2296)
calls=2 0xff26 +5 
* * 32 14 10 2 0 0 1
+5 +1 2 2
+1 * 2 2

fn=(2766)
0x954a 393 2 0 2
+1 * 2
+3 * 2
+4 * 2 0 2
+4 +5 2 0 2
+4 +3 2 0 2
+4 +4 2 0 2
+4 +3 2 0 2
+7 +1 2 0 2
+7 +1 2
+10 * 2 0 2
+4 +1 2 2 0 2 0 0 1
+4 * 2
+4 * 2 0 2
+4 +3 2 2
+4 * 2 2
+3 * 2
+10 * 2
+3 * 2
+3 * 2
+2 * 2 0 0 0 0 0 0 0 0 2 1
+2 +6 2 2
+4 * 2 0 2
+7 * 2 2
+4 * 2 2
+3 * 2 2
+4 * 2 0 2
+3 +3 2 2 0 2 0 0 1
+4 * 2 2
+3 * 2
+4 * 2 2 0 0 1
+3 * 2 2
+4 * 2
+3 * 2 0 2 0 0 0 0 0 0 0 0 2 1
cfn=(2768) std::_Sp_counted_ptr_inplace<std::__detail::_NFA<std::__cxx11::regex_traits<char> >, std::allocator<void>, (__gnu_cxx::_Lock_policy)2>::_M_dispose()
calls=2 0x370e8 680 
* * 3938 1383 1065 180 0 0 25 0 0 155 48 27 3
+2 +1 2 2
+4 * 2 2
+3 * 2
+4 * 2 2
+3 * 2 2
+4 * 2
+3 * 2 0 2 0 0 0 0 0 0 0 0 2 1
cfn=(2828) std::_Sp_counted_ptr_inplace<std::__detail::_NFA<std::__cxx11::regex_traits<char> >, std::allocator<void>, (__gnu_cxx::_Lock_policy)2>::_M_destroy()
calls=2 0x37130 687 
* * 350 114 92 20 0 0 4 0 0 16 2 6
+2 +1 2
0x9678 +16 2 2 0 2 0 0 1
+1 * 2 2

fn=(2768)
0x370e8 680 2 0 2 2 0 0 1
+1 * 2
+3 * 2 0 2
+1 * 2
+4 * 2 0 2
+4 +2 2 2
+4 * 2
+3 * 2 0 2 2 0 0 1
cfn=(1552)
calls=2 0x154de +37 
* * 50 18 16 8
+5 * 2
+3 * 2 2
+4 * 2
+4 * 2
+3 * 2 0 2
cfn=(2770)
calls=2 0x37216 -27 
* * 30 12 10 2 0 0 1
+5 * 2 0 2
+4 * 2 0 2
fi=(318)
+4 859 2 2
+4 * 2
+3 * 2 0 2
cfi=(346)
cfn=(2774) void std::_Destroy<std::__detail::_NFA<std::__cxx11::regex_traits<char> > >(std::__detail::_NFA<std::__cxx11::regex_traits<char> >*)
calls=2 0x37279 161 
* * 3812 1341 1023 166 0 0 22 0 0 155 48 27 3
+5 * 2
fe=(335)
+1 683 2
+1 * 2 2
+4 * 2 2
+1 * 2 2

fn=(2828)
0x37130 687 2 0 2
+1 * 2
+3 * 2
+4 * 2 0 2
+4 * 2 2 0 2 0 0 1
+9 * 2 0 2
+4 * 2
+2 +2 2 2
+4 * 2
+4 * 2
+3 * 2 0 2
cfn=(2770)
calls=2 0x37216 -34 
* * 30 12 10
+5 * 2 0 2
+4 * 2
+4 * 2 0 2
fi=(293)
+4 88 2
fi=(292)
+1 +95 2
fe=(335)
+1 690 2 2
+4 * 2
+4 * 2
+4 * 2
+3 * 2
+3 * 2 0 2
cfi=(343)
cfn=(1538) std::__allocated_ptr<std::allocator<std::_Sp_counted_ptr_inplace<std::__detail::_NFA<std::__cxx11::regex_traits<char> >, std::allocator<void>, (__gnu_cxx::_Lock_policy)2> > >::__allocated_ptr(std::allocator<std::_Sp_counted_ptr_inplace<std::__detail::_NFA<std::__cxx11::regex_traits<char> >, std::allocator<void>, (__gnu_cxx::_Lock_policy)2> >&, std::_Sp_counted_ptr_inplace<std::__detail::_NFA<std::__cxx11::regex_traits<char> >, std::allocator<void>, (__gnu_cxx::_Lock_policy)2>*)
calls=2 0x19940 54 
* * 32 14 14 2
+5 +1 2 2 0 2 0 0 1
+4 * 2
+3 * 2 0 2
cfn=(2830) std::_Sp_counted_ptr_inplace<std::__detail::_NFA<std::__cxx11::regex_traits<char> >, std::allocator<void>, (__gnu_cxx::_Lock_policy)2>::~_Sp_counted_ptr_inplace()
calls=2 0x37092 -15 
* * 44 14 14 4 0 0 2
+5 +1 2
+4 * 2
+3 * 2 0 2
cfi=(343)
cfn=(1594)
calls=2 0x15394 72 
* * 156 54 30 8 0 0 0 0 0 14 0 6
fi=(292)
+5 189 2
+4 * 2
+3 * 2 0 2
cfi=(293)
cfn=(1598)
calls=2 0x19934 -85 
* * 12 4 4 2
+5 * 2
fe=(335)
+1 692 2
+1 * 2 2
+4 * 2 2
+9 * 2 0 0 0 0 0 0 0 0 2 2
+7 * 2 2
+1 * 2 2

fn=(2832) std::_Sp_counted_base<(__gnu_cxx::_Lock_policy)2>::~_Sp_counted_base()
0xb306 132 2 0 2 2 0 0 1
+1 * 2
+3 * 2 0 2
+4 +1 2
+7 * 2 2
+4 * 2 0 2
+3 * 2
+1 * 2 2
+1 * 2 2

fn=(1660) std::__shared_ptr_access<std::__detail::_NFA<std::__cxx11::regex_traits<char> >, (__gnu_cxx::_Lock_policy)2, false, false>::operator*() const
0xd56e 1436 18 0 18
+1 * 18
+3 * 18
+4 * 18 0 18
+4 +1 18 18
+4 * 18 0 0 2 0 0 1
+3 * 18 0 18
cfn=(1648)
calls=18 0xec1c +11 
* * 288 126 90
+5 * 18 0 18
+4 -14 18 18
+5 * 18
+3 * 18
+3 * 18
+3 * 18 0 0 0 0 0 0 0 0 18 9
+36 +1 18 18
+4 +13 18 18 0 2 0 0 1
+1 * 18 18

fn=(2296)
0xff26 1448 4 0 4
+1 * 4
+3 * 4
+4 * 4 0 4
+4 +1 4 4
+4 * 4
+3 * 4 0 4
cfn=(2298) std::__shared_ptr<std::__detail::_NFA<std::__cxx11::regex_traits<char> > const, (__gnu_cxx::_Lock_policy)2>::get() const
calls=4 0x11b78 1751 
* * 28 16 8 2 0 0 1
+5 * 4 4
+1 * 4 4

fn=(2830)
0x37092 676 2 0 2 2 0 0 1
+1 * 2
+3 * 2
+4 * 2 0 2
+4 * 2
+7 * 2 2
+4 * 2 0 2
+3 * 2 2
+4 * 2
+3 * 2 0 2
cfn=(2832)
calls=2 0xb306 132 
* * 18 6 6 2 0 0 1
+5 * 2
+1 * 2 2
+1 * 2 2

fn=(1546)
0x19972 128 2 0 2
+1 * 2
+3 * 2 0 2
+4 +1 2 0 0 2 0 0 1
+7 * 2 2
+4 * 2 0 2
+3 * 2 2
+4 * 2 0 2
+7 * 2 2
+4 * 2 0 2
+7 * 2
+1 * 2 2
+1 * 2 2

fn=(1550)
0x1efcc 529 2 0 2 1 0 0 1
+1 * 2
+3 * 2 0 2
+4 * 2 0 2
+4 * 2
+1 * 2 2
+1 * 2 2

fn=(1648)
0xec1c 1448 52 0 52
+1 * 52
+3 * 52
+4 * 52 0 52
+4 +1 52 52
+4 * 52
+3 * 52 0 52
cfn=(1650)
calls=52 0x10496 1751 
* * 364 208 104
+5 * 52 52
+1 * 52 52

fn=(2298)
0x11b78 1751 4 0 4
+1 * 4
+3 * 4 0 4
+4 +1 4 4 0 2 0 0 1
+4 * 4 4
+3 * 4 4
+1 * 4 4

fn=(1472) std::__shared_ptr<std::__detail::_NFA<std::__cxx11::regex_traits<char> > const, (__gnu_cxx::_Lock_policy)2>::__shared_ptr()
0xc364 1548 2 0 2 2 0 0 1
+1 * 2
+3 * 2
+4 * 2 0 2
+4 +1 2 2
+4 * 2 0 2
+7 * 2 2
+4 * 2 0 0 2 0 0 1
+4 * 2
+3 * 2 0 2
cfn=(1474)
calls=2 0xd2bc 972 
* * 16 6 6 3 0 0 2
+5 +1 2
+1 * 2 2
+1 * 2 2

fn=(2218)
0xaa7a 1610 6 0 6 4
+1 * 6
+3 * 6 0 0 2
+4 * 6 0 6
+4 * 6 6
+4 * 6
+4 * 6
+3 * 6 0 6
cfn=(2220)
calls=6 0xb5f0 1133 
* * 4450 1559 1197 210 1 0 33 0 0 179 55 37 5
+5 * 6
+1 * 6 6
+1 * 6 6

fn=(2772)
0x37230 533 4 0 4
+1 * 4
+3 * 4 0 4
+4 * 4 4
+4 * 4 4
+1 * 4 4

fl=(351) /usr/include/c++/16.1.1/bits/stl_deque.h
fn=(1616) std::__deque_buf_size(unsigned long)
0x9521 100 12 0 12 2 0 0 1
+1 * 12
+3 * 12 0 12
+4 +1 12 12
+8 * 12 0 0 0 0 0 0 0 0 12 1
+2 * 12
+5 * 12
+5 * 12 12 0 3 0 0 1
+4 * 12
+7 * 12 12
+1 * 12 12

fn=(1624) std::_Deque_base<std::__detail::_StateSeq<std::__cxx11::regex_traits<char> >, std::allocator<std::__detail::_StateSeq<std::__cxx11::regex_traits<char> > > >::_M_get_Tp_allocator() const
0x1456e 575 4 0 4 1 0 0 1
+1 * 4
+3 * 4 0 4
+4 +1 4 4
+4 * 4 4
+1 * 4 4

fn=(1798) std::deque<std::__detail::_StateSeq<std::__cxx11::regex_traits<char> >, std::allocator<std::__detail::_StateSeq<std::__cxx11::regex_traits<char> > > >::push_back(std::__detail::_StateSeq<std::__cxx11::regex_traits<char> >&&)
0x1176e 1619 13 0 13 2 0 0 1
+1 * 13
+3 * 13
+4 * 13 0 13
+4 * 13 0 13
+4 * 13 13
+4 * 13 0 13
fi=(349)
+4 139 13 13
fe=(351)
+4 1620 13 13
+4 * 13
+3 * 13
+3 * 13 0 13
cfi=(355) /usr/include/c++/16.1.1/bits/deque.tcc
cfn=(1800) std::__detail::_StateSeq<std::__cxx11::regex_traits<char> >& std::deque<std::__detail::_StateSeq<std::__cxx11::regex_traits<char> >, std::allocator<std::__detail::_StateSeq<std::__cxx11::regex_traits<char> > > >::emplace_back<std::__detail::_StateSeq<std::__cxx11::regex_traits<char> > >(std::__detail::_StateSeq<std::__cxx11::regex_traits<char> >&&)
calls=13 0x141b2 164 
* * 2444 1040 676 37 0 0 15 0 0 65 14
+5 * 13
+1 * 13 13
+1 * 13 13

fn=(1810) std::deque<std::__detail::_StateSeq<std::__cxx11::regex_traits<char> >, std::allocator<std::__detail::_StateSeq<std::__cxx11::regex_traits<char> > > >::end()
0xddda 1231 45 0 45 5 0 0 1
+1 * 45
+3 * 45
+4 * 45 0 45
+4 * 45 0 45
+4 +1 45 45
+4 * 45
+4 * 45 45
+4 * 45
+3 * 45
+3 * 45 0 45 4 0 0 1
cfn=(1812) std::_Deque_iterator<std::__detail::_StateSeq<std::__cxx11::regex_traits<char> >, std::__detail::_StateSeq<std::__cxx11::regex_traits<char> >&, std::__detail::_StateSeq<std::__cxx11::regex_traits<char> >*>::_Deque_iterator(std::_Deque_iterator<std::__detail::_StateSeq<std::__cxx11::regex_traits<char> >, std::__detail::_StateSeq<std::__cxx11::regex_traits<char> >&, std::__detail::_StateSeq<std::__cxx11::regex_traits<char> >*> const&)
calls=45 0xfd52 171 
* * 1035 630 315 6 0 0 2
+5 * 45 45
+4 * 45 45
+1 * 45 45

fn=(2252) std::_Deque_base<std::__detail::_StateSeq<std::__cxx11::regex_traits<char> >, std::allocator<std::__detail::_StateSeq<std::__cxx11::regex_traits<char> > > >::_Deque_impl::~_Deque_impl()
0xdd20 545 2 0 2
+1 * 2
+3 * 2
+4 * 2 0 2
+4 * 2 2
+4 * 2 0 2
fi=(292)
+4 189 2 2
+4 * 2
+3 * 2 0 2
cfi=(293)
cfn=(2254) std::__new_allocator<std::__detail::_StateSeq<std::__cxx11::regex_traits<char> > >::~__new_allocator()
calls=2 0x11a1a -85 
* * 12 4 4
+5 * 2
fe=(351)
+1 545 2
+1 * 2 2
+1 * 2 2

fn=(1826) std::deque<std::__detail::_StateSeq<std::__cxx11::regex_traits<char> >, std::allocator<std::__detail::_StateSeq<std::__cxx11::regex_traits<char> > > >::pop_back()
0x11880 1663 30 0 30 2 0 0 1
+1 * 30
+3 * 30 0 30
+1 * 30
+4 * 30 0 30
+4 +2 30 30
+4 * 30
+3 * 30 0 30
cfn=(1806) std::deque<std::__detail::_StateSeq<std::__cxx11::regex_traits<char> >, std::allocator<std::__detail::_StateSeq<std::__cxx11::regex_traits<char> > > >::empty() const
calls=30 0xfa82 1413 
* * 750 300 180
+5 * 30
+3 * 30
+3 * 30
+3 * 30
+2 * 30 0 0 0 0 0 0 0 0 30 5
+36 +1 30 30 0 2 0 0 1
+4 * 30 30
+4 +1 30 30
+4 * 30 30
+4 -1 30
+3 * 30 0 0 0 0 0 0 0 0 30
+2 +3 30 30
+4 * 30 30
+4 * 30
+4 * 30 30
+4 * 30 0 30
+4 +2 30 30
+4 * 30 30
+4 -1 30 30
+4 * 30
+3 * 30 0 30
cfn=(1828) std::_Deque_base<std::__detail::_StateSeq<std::__cxx11::regex_traits<char> >, std::allocator<std::__detail::_StateSeq<std::__cxx11::regex_traits<char> > > >::_M_get_Tp_allocator()
calls=30 0xde08 571 
* * 180 90 60
+5 * 30 0 30
+4 * 30 0 30
+4 * 30 30
+4 * 30 0 30
+4 * 30 30
+4 * 30 0 30
fi=(293)
+4 210 30
fi=(318)
+1 740 30
fe=(351)
+15 1675 30
+1 * 30 30
+4 * 30 30
+1 * 30 30

fn=(2148) std::deque<std::__detail::_StateSeq<std::__cxx11::regex_traits<char> >, std::allocator<std::__detail::_StateSeq<std::__cxx11::regex_traits<char> > > >::push_back(std::__detail::_StateSeq<std::__cxx11::regex_traits<char> > const&)
0x140ca 1604 17 0 17 2 0 0 1
+1 * 17
+3 * 17 0 17
+2 * 17 0 17
+1 * 17
+4 * 17 0 17
+4 * 17 0 17
+4 +2 17 17
+4 * 17 17
+4 +1 17 17
+4 * 17 17
+4 * 17
+4 -1 17
+3 * 17 0 0 0 0 0 0 0 0 17 6
+6 +4 17 17
+4 * 17 17 0 2 0 0 1
+4 -1 17 17
+4 * 17 0 17
+4 * 17 0 17
+4 * 17 17
+4 * 17 0 17
+4 * 17 17
+4 * 17 0 17
fi=(349)
+4 73 17 17
+4 * 17 17
+4 * 17 0 17
+4 * 17 0 17
+4 * 17 17
+4 * 17 0 17
fi=(293)
+4 203 17 17
+4 * 17
+3 * 17 0 0 2 0 0 1
+5 * 17 0 17
cfi=(344)
cfn=(1542)
calls=17 0x917a -33 
* * 119 51 51
+5 * 17 17
+4 * 17 0 17
fi=(349)
+4 73 17 17
fi=(293)
+4 203 17 17
+3 * 17 17
+4 * 17 0 17
+3 * 17 0 17
+4 * 17 17
+4 * 17 0 17
+4 * 17
+5 * 17
+2 * 17 0 0 0 0 0 0 0 0 17 3
+13 * 17
fi=(318)
+1 720 17
fe=(351)
+1 1611 17 17
+4 * 17 17
+4 * 17
+4 * 17 17
+4 * 17 0 17
+4 +4 17
+21 * 17
+1 * 17
+4 * 17 17
+1 * 17 17
+2 * 17 17
+1 * 17 17

fn=(2236) std::_Deque_base<std::__detail::_StateSeq<std::__cxx11::regex_traits<char> >, std::allocator<std::__detail::_StateSeq<std::__cxx11::regex_traits<char> > > >::_M_destroy_nodes(std::__detail::_StateSeq<std::__cxx11::regex_traits<char> >**, std::__detail::_StateSeq<std::__cxx11::regex_traits<char> >**)
0xfc88 697 2 0 2
+1 * 2
+3 * 2
+4 * 2 0 2
+4 * 2 0 2
+4 * 2 0 2
+4 +4 2 2
+4 * 2 0 2
+4 * 2
+2 +1 2 2
+4 * 2 2
+3 * 2 2
+4 * 2
+3 * 2
+3 * 2 0 2
cfn=(2238) std::_Deque_base<std::__detail::_StateSeq<std::__cxx11::regex_traits<char> >, std::allocator<std::__detail::_StateSeq<std::__cxx11::regex_traits<char> > > >::_M_deallocate_node(std::__detail::_StateSeq<std::__cxx11::regex_traits<char> >*)
calls=2 0x11a26 590 
* * 180 54 38 8 0 0 2 0 0 14 2 6
+5 -1 2 0 2
+5 * 2 2
+4 * 2 2
+4 * 2 0 0 0 0 0 0 0 0 2
-8 * 2 2 0 2 0 0 1
+4 * 2 2
+4 * 2 0 0 0 0 0 0 0 0 2 2
+2 +2 2
+1 * 2
+1 * 2 2
+1 * 2 2

fn=(1612) std::_Deque_iterator<std::__detail::_StateSeq<std::__cxx11::regex_traits<char> >, std::__detail::_StateSeq<std::__cxx11::regex_traits<char> >&, std::__detail::_StateSeq<std::__cxx11::regex_traits<char> >*>::_Deque_iterator()
0x154fc 154 4 0 4
+1 * 4
+3 * 4 0 4 2 0 0 1
+4 +1 4 4
+4 * 4 0 4
+7 * 4 4
+4 * 4 0 4
+8 * 4 4
+4 * 4 0 4
+8 * 4 4
+4 * 4 0 4
+8 * 4
+1 * 4 4
+1 * 4 4

fn=(1634) std::_Deque_base<std::__detail::_StateSeq<std::__cxx11::regex_traits<char> >, std::allocator<std::__detail::_StateSeq<std::__cxx11::regex_traits<char> > > >::_M_create_nodes(std::__detail::_StateSeq<std::__cxx11::regex_traits<char> >**, std::__detail::_StateSeq<std::__cxx11::regex_traits<char> >**)
0x12b06 679 2 0 2
+1 * 2
+3 * 2 0 2
+1 * 2
+4 * 2 0 2
+4 * 2 0 2
+4 * 2 0 2
+4 +6 2 2
+4 * 2 0 2
+4 * 2
+2 +1 2 2
+4 * 2
+3 * 2 0 2
cfn=(1636) std::_Deque_base<std::__detail::_StateSeq<std::__cxx11::regex_traits<char> >, std::allocator<std::__detail::_StateSeq<std::__cxx11::regex_traits<char> > > >::_M_allocate_node()
calls=2 0x15536 583 
* * 330 72 58 4 1 0 2 0 0 41 4 4
+5 * 2 2
+4 * 2 0 2
+3 -1 2 0 2
+5 * 2 2
+4 * 2 2
+4 * 2 0 0 0 0 0 0 0 0 2
-8 * 2 2 0 2 0 0 1
+4 * 2 2
+4 * 2 0 0 0 0 0 0 0 0 2 2
+2 +8 2
+57 * 2 2 0 2 0 0 1
+4 * 2 2
+1 * 2 2

fn=(1814) std::_Deque_iterator<std::__detail::_StateSeq<std::__cxx11::regex_traits<char> >, std::__detail::_StateSeq<std::__cxx11::regex_traits<char> >&, std::__detail::_StateSeq<std::__cxx11::regex_traits<char> >*>::operator--()
0x143d6 213 43 0 43
+1 * 43
+3 * 43
+4 * 43 0 43
+4 +2 43 43
+4 * 43 43
+3 * 43 43
+4 * 43 43
+4 * 43
+3 * 43 0 0 0 0 0 0 0 0 43 9
+44 +5 43 43 0 2 0 0 1
+4 * 43 43
+3 * 43
+4 * 43 43
+4 * 43 0 43
+3 +1 43 43
+4 +1 43 43
+1 * 43 43

fn=(1816) std::_Deque_iterator<std::__detail::_StateSeq<std::__cxx11::regex_traits<char> >, std::__detail::_StateSeq<std::__cxx11::regex_traits<char> >&, std::__detail::_StateSeq<std::__cxx11::regex_traits<char> >*>::operator*() const
0x14438 184 43 0 43
+1 * 43
+3 * 43 0 43
+4 +1 43 43 0 2 0 0 1
+4 * 43 43
+3 * 43 43
+1 * 43 43

fn=(2234) std::_Deque_base<std::__detail::_StateSeq<std::__cxx11::regex_traits<char> >, std::allocator<std::__detail::_StateSeq<std::__cxx11::regex_traits<char> > > >::~_Deque_base()
0xdd44 620 2 0 2 2 0 0 1
+1 * 2
+3 * 2
+4 * 2 0 2
+4 +3 2 2
+4 * 2 2
+3 * 2
+3 * 2 0 0 0 0 0 0 0 0 2
+2 +3 2 2
+4 * 2 2
+4 -1 2
+4 * 2 2
+4 * 2 2
+4 * 2 2
+4 * 2
+3 * 2
+3 * 2 0 2
cfn=(2236)
calls=2 0xfc88 +72 
* * 232 74 52 10 0 0 3 0 0 18 4 6
+5 +2 2 2
+4 * 2 2
+4 * 2 2
+4 * 2 2
+3 * 2 2
+4 * 2
+3 * 2
+3 * 2 0 2
cfn=(2244) std::_Deque_base<std::__detail::_StateSeq<std::__cxx11::regex_traits<char> >, std::allocator<std::__detail::_StateSeq<std::__cxx11::regex_traits<char> > > >::_M_deallocate_map(std::__detail::_StateSeq<std::__cxx11::regex_traits<char> >**, unsigned long)
calls=2 0xfcd0 -23 
* * 238 74 60 4 0 0 1 0 0 14 3 6
+5 +2 2 2
+4 * 2
+3 * 2 0 2
cfn=(2252)
calls=2 0xdd20 -84 
* * 38 12 12
+5 * 2
+1 * 2 2
+1 * 2 2

fn=(1608) std::_Deque_base<std::__detail::_StateSeq<std::__cxx11::regex_traits<char> >, std::allocator<std::__detail::_StateSeq<std::__cxx11::regex_traits<char> > > >::_Deque_impl::_Deque_impl()
0x11136 548 2 0 2 2 0 0 1
+1 * 2
+3 * 2
+4 * 2 0 2 2 0 0 1
+4 * 2 2
+4 * 2 0 2
+4 * 2 2
+4 * 2 0 2
fi=(293)
+4 88 2
fi=(292)
+1 +80 2
fe=(351)
+1 550 2 2
+4 * 2
+3 * 2 0 2
cfn=(1610) std::_Deque_base<std::__detail::_StateSeq<std::__cxx11::regex_traits<char> >, std::allocator<std::__detail::_StateSeq<std::__cxx11::regex_traits<char> > > >::_Deque_impl_data::_Deque_impl_data()
calls=2 0x129e0 -31 
* * 94 36 36 6 0 0 3
+5 +1 2
+1 * 2 2
+1 * 2 2

fn=(1644) std::_Deque_iterator<std::__detail::_StateSeq<std::__cxx11::regex_traits<char> >, std::__detail::_StateSeq<std::__cxx11::regex_traits<char> >&, std::__detail::_StateSeq<std::__cxx11::regex_traits<char> >*>::_S_buffer_size()
0x15573 134 4 0 4
+1 * 4
+3 +1 4
+5 * 4 0 4 2 0 0 1
cfn=(1616)
calls=4 0x9521 -35 
* * 44 16 8 0 0 0 0 0 0 4
+5 * 4 4
+1 * 4 4

fn=(1806)
0xfa82 1413 138 0 138 2 0 0 1
+1 * 138
+3 * 138
+4 * 138 0 138
+4 +1 138 138
+4 * 138
+4 * 138 138
+4 * 138
+4 * 138
+3 * 138
+3 * 138 0 138
cfn=(1808) std::operator==(std::_Deque_iterator<std::__detail::_StateSeq<std::__cxx11::regex_traits<char> >, std::__detail::_StateSeq<std::__cxx11::regex_traits<char> >&, std::__detail::_StateSeq<std::__cxx11::regex_traits<char> >*> const&, std::_Deque_iterator<std::__detail::_StateSeq<std::__cxx11::regex_traits<char> >, std::__detail::_StateSeq<std::__cxx11::regex_traits<char> >&, std::__detail::_StateSeq<std::__cxx11::regex_traits<char> >*> const&)
calls=138 0x11934 275 
* * 1656 828 414 4 0 0 2
+5 * 138 138
+1 * 138 138

fn=(1828)
0xde08 571 32 0 32
+1 * 32
+3 * 32 0 32
+4 +1 32 32
+4 * 32 32
+1 * 32 32

fn=(2244)
0xfcd0 604 2 0 2
+1 * 2
+3 * 2
+4 * 2 0 2
+4 * 2 0 2
+4 * 2 0 2
+4 * 2 2
+9 * 2 0 2
+4 * 2
+2 +2 2
+4 * 2 2
+4 * 2
+3 * 2 0 0 2 0 0 1
+3 * 2 0 2
cfn=(1622) std::_Deque_base<std::__detail::_StateSeq<std::__cxx11::regex_traits<char> >, std::allocator<std::__detail::_StateSeq<std::__cxx11::regex_traits<char> > > >::_M_get_map_allocator() const
calls=2 0x11a70 -27 
* * 50 18 18
+5 * 2 2
+4 * 2 0 2
+4 * 2 2
+4 * 2 0 2
fi=(318)
+4 +83 2 2
+4 * 2 2
+4 * 2
+4 * 2
+3 * 2
+3 * 2 0 2
cfi=(293)
cfn=(2246) std::__new_allocator<std::__detail::_StateSeq<std::__cxx11::regex_traits<char> >*>::deallocate(std::__detail::_StateSeq<std::__cxx11::regex_traits<char> >**, unsigned long)
calls=2 0x14588 167 
* * 106 32 18 2 0 0 0 0 0 12 1 6
+5 * 2
fi=(292)
+1 189 2
+4 * 2
+3 * 2 0 2
cfi=(293)
cfn=(1630) std::__new_allocator<std::__detail::_StateSeq<std::__cxx11::regex_traits<char> >*>::~__new_allocator()
calls=2 0x1457c -85 
* * 12 4 4
+5 * 2
fe=(351)
+1 608 2
+1 * 2 2
+4 * 2 2
+9 * 2 0 0 0 0 0 0 0 0 2 2
+7 * 2 2
+1 * 2 2

fn=(1622)
0x11a70 579 4 0 4 2 0 0 1
+1 * 4
+3 * 4
+4 * 4 0 4
+4 * 4 0 4
+4 +1 4 4 0 2 0 0 1
+4 * 4
+3 * 4 0 4
cfn=(1624)
calls=4 0x1456e -5 
* * 24 12 8 1 0 0 1
+5 * 4 4
+4 * 4 0 4
+4 * 4 0 4
+4 * 4 4
+4 * 4 0 4
fi=(293)
+4 88 4
fi=(292)
+1 +95 4
fe=(351)
+1 580 4
+1 * 4 4
+4 * 4 4
+1 * 4 4

fn=(1642) std::_Deque_iterator<std::__detail::_StateSeq<std::__cxx11::regex_traits<char> >, std::__detail::_StateSeq<std::__cxx11::regex_traits<char> >&, std::__detail::_StateSeq<std::__cxx11::regex_traits<char> >*>::_M_set_node(std::__detail::_StateSeq<std::__cxx11::regex_traits<char> >**)
0x12b86 266 4 0 4
+1 * 4
+3 * 4 0 4
+1 * 4
+4 * 4 0 4
+4 * 4 0 4
+4 +2 4 4
+4 * 4 4
+4 * 4 0 4
+4 +1 4 4
+4 * 4 4
+3 * 4 4
+4 * 4 0 4
+4 +1 4 4
+4 * 4 4
+4 * 4 0 4
cfn=(1644)
calls=4 0x15573 134 
* * 68 24 16 2 0 0 1 0 0 4
+5 * 4 0 0 2 0 0 1
+3 * 4
+3 * 4
+3 * 4
+3 * 4
+4 * 4
+4 * 4 4
+4 * 4 0 4
+4 +1 4
+1 * 4 4
+4 * 4 4
+1 * 4 4

fn=(1808)
0x11934 275 138 0 138 2 0 0 1
+1 * 138
+3 * 138 0 138
+4 * 138 0 138
+4 +1 138 138 0 2 0 0 1
+4 * 138 138
+3 * 138 138
+4 * 138 138
+3 * 138
+3 * 138
+3 * 138 138
+1 * 138 138

fn=(2238)
0x11a26 590 2 0 2
+1 * 2
+3 * 2
+4 * 2 0 2
+4 * 2 0 2
+4 +3 2
+5 * 2 0 2
cfn=(1616)
calls=2 0x9521 100 
* * 22 8 4 2 0 0 0 0 0 2
+5 * 2 2 0 2
+4 * 2 0 2
+4 * 2 2
+4 * 2 0 2
+4 * 2 0 2
fi=(318)
+4 +96 2 2
+4 * 2 2
+4 * 2 2
+4 * 2
+3 * 2
+3 * 2 0 2
cfi=(293)
cfn=(2240) std::__new_allocator<std::__detail::_StateSeq<std::__cxx11::regex_traits<char> > >::deallocate(std::__detail::_StateSeq<std::__cxx11::regex_traits<char> >*, unsigned long)
calls=2 0x183be 167 
* * 114 32 18 4 0 0 2 0 0 12 2 6
+5 * 2
fe=(351)
+1 -95 2
+1 * 2 2
+1 * 2 2

fn=(1620) std::_Deque_base<std::__detail::_StateSeq<std::__cxx11::regex_traits<char> >, std::allocator<std::__detail::_StateSeq<std::__cxx11::regex_traits<char> > > >::_M_allocate_map(unsigned long)
0x12a52 597 2 0 2
+1 * 2
+3 * 2 0 2
+1 * 2
+4 * 2 0 2
+4 * 2 0 2
+4 * 2 2
+9 * 2 0 2
+4 * 2
+2 +2 2
+4 * 2 2
+4 * 2
+3 * 2
+3 * 2 0 2 2 0 0 1
cfn=(1622)
calls=2 0x11a70 -20 
* * 50 18 18 5 0 0 3
+5 * 2 2
+4 * 2 0 2
fi=(318)
+4 +39 2 2
+4 * 2
+4 * 2
+5 * 2
+3 * 2
+3 * 2 0 2
cfi=(293)
cfn=(1626) std::__new_allocator<std::__detail::_StateSeq<std::__cxx11::regex_traits<char> >*>::allocate(unsigned long, void const*)
calls=2 0x199de 129 
* * 266 54 42 4 0 0 2 0 0 39 6 4
+5 * 2
+3 * 2
fe=(351)
+1 -38 2
fi=(292)
+1 189 2
+4 * 2
+3 * 2 0 2
cfi=(293)
cfn=(1630)
calls=2 0x1457c -85 
* * 12 4 4 1 0 0 1
+5 * 2
fe=(351)
+1 600 2
+3 +1 2 2
+4 * 2 2 0 2 0 0 1
+9 * 2 0 0 0 0 0 0 0 0 2 2
+56 * 2 2 0 2 0 0 1
+4 * 2 2
+1 * 2 2

fn=(1804) std::deque<std::__detail::_StateSeq<std::__cxx11::regex_traits<char> >, std::allocator<std::__detail::_StateSeq<std::__cxx11::regex_traits<char> > > >::back()
0x117e8 1534 43 0 43
+1 * 43
+3 * 43
+4 * 43 0 43
+4 * 43 43
+9 * 43 0 43 2 0 0 1
+4 * 43
+2 +2 43 43
+4 * 43
+3 * 43 0 43
cfn=(1806)
calls=43 0xfa82 1413 
* * 1075 430 258 6 0 0 3
+5 * 43
+3 * 43
+3 * 43
+3 * 43
+2 * 43 0 0 0 0 0 0 0 0 43 14
+36 +1 43 0 0 2 0 0 1
+4 * 43 43
+4 * 43
+3 * 43
+3 * 43 0 43
cfn=(1810)
calls=43 0xddda 1231 
* * 1591 817 473 15 0 0 4
+5 +1 43
+4 * 43
+3 * 43 0 43
cfn=(1814)
calls=43 0x143d6 213 
* * 774 430 129 2 0 0 1 0 0 43 9
+5 +1 43
+4 * 43
+3 * 43 0 43
cfn=(1816)
calls=43 0x14438 184 
* * 301 172 86 2 0 0 1
+5 +1 43 43
+4 * 43 43
+9 * 43 0 0 0 0 0 0 0 0 43 13
+7 * 43 43
+1 * 43 43

fn=(2228) std::deque<std::__detail::_StateSeq<std::__cxx11::regex_traits<char> >, std::allocator<std::__detail::_StateSeq<std::__cxx11::regex_traits<char> > > >::~deque()
0xc6de 1041 2 0 2
+1 * 2
+3 * 2 0 2
+1 * 2
+4 * 2 0 2
+4 * 2 2
+9 * 2 0 2
+4 * 2
+2 +1 2 2
+4 * 2 0 0 2 0 0 1
+3 * 2 0 2
cfn=(1828)
calls=2 0xde08 571 
* * 12 6 4
+5 * 2
+3 * 2
+4 * 2 2
+4 * 2
+3 * 2
+3 * 2 0 2
cfn=(1810)
calls=2 0xddda 1231 
* * 74 38 22
+5 * 2
+4 * 2 2
+4 * 2
+3 * 2
+3 * 2 0 2
cfn=(2230) std::deque<std::__detail::_StateSeq<std::__cxx11::regex_traits<char> >, std::allocator<std::__detail::_StateSeq<std::__cxx11::regex_traits<char> > > >::begin()
calls=2 0xddac 1212 
* * 74 38 22 2 0 0 1
+5 * 2
+4 * 2
+4 * 2 2
+4 * 2
+3 * 2
+3 * 2 0 2
cfn=(2232) std::deque<std::__detail::_StateSeq<std::__cxx11::regex_traits<char> >, std::allocator<std::__detail::_StateSeq<std::__cxx11::regex_traits<char> > > >::_M_destroy_data(std::_Deque_iterator<std::__detail::_StateSeq<std::__cxx11::regex_traits<char> >, std::__detail::_StateSeq<std::__cxx11::regex_traits<char> >&, std::__detail::_StateSeq<std::__cxx11::regex_traits<char> >*>, std::_Deque_iterator<std::__detail::_StateSeq<std::__cxx11::regex_traits<char> >, std::__detail::_StateSeq<std::__cxx11::regex_traits<char> >&, std::__detail::_StateSeq<std::__cxx11::regex_traits<char> >*>, std::allocator<std::__detail::_StateSeq<std::__cxx11::regex_traits<char> > > const&)
calls=2 0xde16 2226 
* * 32 10 12 0 0 0 0 0 0 2 2
+5 * 2 2
+4 * 2
+3 * 2 0 2
cfn=(2234)
calls=2 0xdd44 620 
* * 570 190 134 16 0 0 5 0 0 34 7 12
+5 * 2
+1 * 2 2
+4 * 2 2
+9 * 2 0 0 0 0 0 0 0 0 2 1
+7 * 2 2
+4 * 2 2
+1 * 2 2

fn=(1604) std::deque<std::__detail::_StateSeq<std::__cxx11::regex_traits<char> >, std::allocator<std::__detail::_StateSeq<std::__cxx11::regex_traits<char> > > >::deque()
0xd51c 857 2 0 2
+1 * 2
+3 * 2
+4 * 2 0 2
+4 * 2 2
+4 * 2
+3 * 2 0 2
cfn=(1606) std::_Deque_base<std::__detail::_StateSeq<std::__cxx11::regex_traits<char> >, std::allocator<std::__detail::_StateSeq<std::__cxx11::regex_traits<char> > > >::_Deque_base()
calls=2 0xf2e0 461 
* * 1386 410 318 59 1 0 31 0 0 98 19 8
+5 * 2
+1 * 2 2
+1 * 2 2

fn=(1606)
0xf2e0 461 2 0 2
+1 * 2
+3 * 2 0 2
+1 * 2
+4 * 2 0 2
+4 +1 2 2
+4 * 2
+3 * 2 0 2
cfn=(1608)
calls=2 0x11136 +86 
* * 126 46 46 10 0 0 5
+5 +1 2 2
+4 * 2 0 0 2 0 0 1
+5 * 2
+3 * 2 0 2
cfn=(1614) std::_Deque_base<std::__detail::_StateSeq<std::__cxx11::regex_traits<char> >, std::allocator<std::__detail::_StateSeq<std::__cxx11::regex_traits<char> > > >::_M_initialize_map(unsigned long)
calls=2 0x11164 640 
* * 1228 354 262 47 1 0 25 0 0 98 19 8
+5 * 2
+28 * 2 2
+4 * 2 2
+1 * 2 2

fn=(1812)
0xfd52 171 47 0 47 2 0 0 1
+1 * 47
+3 * 47 0 47
+4 * 47 0 47
+4 +1 47 47
+4 * 47 47
+3 * 47 47
+4 * 47 0 47
+3 * 47 47
+4 * 47 47
+4 * 47 47
+4 * 47 0 47
+4 +1 47 47
+4 * 47 47 0 4 0 0 1
+4 * 47 47
+4 * 47 0 47
+4 * 47 47
+4 * 47 47
+4 * 47 47
+4 * 47 0 47
+4 * 47
+1 * 47 47
+1 * 47 47

fn=(1610)
0x129e0 519 2 0 2 2 0 0 1
+1 * 2
+3 * 2
+4 * 2 0 2
+4 +1 2 2
+4 * 2 0 2
+7 * 2 2
+4 * 2 0 2 2 0 0 1
+8 * 2 2
+4 * 2
+4 * 2
+3 * 2 0 2
cfn=(1612)
calls=2 0x154fc 154 
* * 28 12 12 2 0 0 1
+5 * 2 2
+4 * 2
+4 * 2
+3 * 2 0 2
cfn=(1612)
calls=2 0x154fc 154 
* * 28 12 12
+5 +1 2
+1 * 2 2
+1 * 2 2

fn=(1614)
0x11164 640 2 0 2
+1 * 2
+3 * 2 0 2
+1 * 2
+4 * 2 0 2
+4 * 2 0 2
+4 * 2 2
+9 * 2 0 2 2 0 0 1
+4 * 2
+2 +3 2
+5 * 2 0 2
cfn=(1616)
calls=2 0x9521 100 
* * 22 8 4 3 0 0 2 0 0 2 1
+5 * 2
+3 * 2 2
+4 * 2
+5 * 2
+3 * 2
+4 * 2 0 2
+4 +4 2 2
+4 * 2
+4 * 2 0 2
+4 -1 2 0 2
+8 * 2
+4 * 2 0 0 2 0 0 1
+4 * 2
+3 * 2
+3 * 2 0 2
cfi=(294) /usr/include/c++/16.1.1/bits/stl_algobase.h
cfn=(1618) unsigned long const& std::max<unsigned long>(unsigned long const&, unsigned long const&)
calls=2 0x12a26 256 
* * 26 14 6 2 0 0 1 0 0 2 2
+5 * 2 2
+3 * 2 2
+4 * 2 0 2
+4 +2 2 2
+4 * 2 2
+4 * 2 2
+4 * 2
+3 * 2
+3 * 2 0 2
cfn=(1620)
calls=2 0x12a52 -51 
* * 400 94 82 16 0 0 9 0 0 41 8 4
+5 * 2 2
+4 * 2 0 2
+3 +7 2 2
+4 * 2 2
+3 +1 2 2
+4 * 2 2 0 2 0 0 1
+4 * 2 2
+4 * 2
+3 * 2
+4 -1 2
+3 * 2 0 2
+4 +2 2 2
+4 * 2
+8 * 2 2
+4 * 2
+3 * 2 0 2
+4 +3 2 2
+4 * 2 2
+4 * 2 2
+4 * 2
+3 * 2
+3 * 2 0 2 2 0 0 1
cfn=(1634)
calls=2 0x12b06 +19 
* * 382 92 76 8 1 0 4 0 0 45 6 4
+5 +9 2 2
+4 * 2
+4 * 2 2
+4 * 2
+3 * 2
+3 * 2 0 2
cfn=(1642)
calls=2 0x12b86 266 
* * 90 34 24 4 0 0 2 0 0 2
+5 +1 2 2
+4 * 2
+4 * 2 2
+4 * 2
+4 * 2
+3 * 2
+3 * 2 0 2
cfn=(1642)
calls=2 0x12b86 266 
* * 90 34 24 0 0 0 0 0 0 2
+5 +1 2 2
+4 * 2 2
+4 * 2 2 0 2 0 0 1
+4 * 2 0 2
+4 +1 2 2
+4 * 2 2
+4 +2 2
+5 * 2 0 2
cfn=(1616)
calls=2 0x9521 100 
* * 22 8 4 0 0 0 0 0 0 2
+5 * 2
+3 * 2 2
+4 * 2
+5 * 2
+3 * 2
+3 * 2
+3 -1 2
+3 * 2
+3 * 2
+3 * 2
+4 * 2
+4 -1 2 2 0 2 0 0 1
+4 * 2 0 2
+4 +3 2
+1 * 2 2
+4 * 2 2
+9 * 2 0 0 0 0 0 0 0 0 2 2
0x1135e * 2 2 0 2 0 0 1
+4 * 2 2
+1 * 2 2

fn=(1636)
0x15536 583 2 0 2
+1 * 2
+3 * 2
+4 * 2 0 2 2 0 0 1
+4 +3 2
+5 * 2 0 2
cfn=(1616)
calls=2 0x9521 100 
* * 22 8 4 0 0 0 0 0 0 2
+5 * 2 2
+4 * 2 0 2
+4 * 2 0 2
fi=(318)
+4 +52 2 2
+4 * 2 2
+4 * 2
+5 * 2
+3 * 2
+3 * 2 0 2
cfi=(293)
cfn=(1638) std::__new_allocator<std::__detail::_StateSeq<std::__cxx11::regex_traits<char> > >::allocate(unsigned long, void const*)
calls=2 0x1f084 129 
* * 272 54 42 2 1 0 1 0 0 39 4 4
+5 * 2
fe=(351)
+1 -51 2 2
+1 * 2 2

fn=(2230)
0xddac 1212 2 0 2 2 0 0 1
+1 * 2
+3 * 2
+4 * 2 0 2
+4 * 2 0 2
+4 +1 2 2
+4 * 2
+4 * 2 2
+4 * 2
+3 * 2
+3 * 2 0 2
cfn=(1812)
calls=2 0xfd52 171 
* * 46 28 14
+5 * 2 2
+4 * 2 2
+1 * 2 2

fn=(2232)
0xde16 2226 2 0 2
+1 * 2
+3 * 2
+4 * 2 0 2
+4 * 2 0 2
+4 * 2 0 2
+4 * 2 0 2
+4 * 2 2
+9 * 2 0 2
+4 * 2
+2 +5 2
+1 * 2 2
+4 * 2 2
+9 * 2 0 0 0 0 0 0 0 0 2 2
+7 * 2 2
+1 * 2 2

fl=(339) /usr/include/c++/16.1.1/bits/regex_scanner.tcc
fn=(1508) std::__detail::_Scanner<char>::_M_advance()
0xf22e 69 21 0 21 2 0 0 1
+1 * 21
+3 * 21
+4 * 21 0 21
+4 +3 21 21
+4 * 21 21 0 2 0 0 1
+7 * 21 21
+4 * 21 21
+7 * 21
+3 * 21 0 0 0 0 0 0 0 0 21 11
+2 +2 4 4
+4 * 4 0 4
+10 +1 4
+2 +3 17 17
+4 * 17 17
+6 * 17
+2 * 17 0 0 0 0 0 0 0 0 17 2
+2 +1 17 17
+4 * 17
+3 * 17 0 17
cfn=(1510) std::__detail::_Scanner<char>::_M_scan_normal()
calls=17 0x106fa +16 
* * 6041 2245 1225 94 18 0 35 1 0 500 150 33 16
+5 * 17 0 0 2 0 0 1
+94 +9 21 21 0 2 0 0 1
+1 * 21 21

fn=(1494) std::__detail::_Scanner<char>::_Scanner(char const*, char const*, std::regex_constants::syntax_option_type, std::locale)
0xd420 56 2 0 2 2 0 0 1
+1 * 2
+3 * 2 0 2
+1 * 2
+4 * 2 0 2
+4 * 2 0 2
+4 * 2 0 2
+4 * 2 0 2
+3 * 2 0 2
+4 +8 2 2
+4 * 2 2 0 2 0 0 1
+3 * 2
+2 * 2
+3 * 2 0 2
cfi=(340) /usr/include/c++/16.1.1/bits/regex_scanner.h
cfn=(1496) std::__detail::_ScannerBase::_ScannerBase(std::regex_constants::syntax_option_type)
calls=2 0x9a2e +27 
* * 410 172 166 30 0 0 15 0 0 6 2
+5 -4 2 2
+4 * 2 2
+4 * 2 0 2
+7 * 2 2
+4 * 2 2
+4 * 2 0 2
+7 +1 2 2
+4 * 2
+3 * 2 0 2
cfi=(341)
cfn=(1500)
calls=2 0xec36 220 
* * 895 282 148 17 13 3 5 1 0 107 7 6 5
+5 * 2 2
+4 * 2 0 2 2 0 0 1
+7 +3 2 2
+4 * 2
+6 * 2
+3 * 2 0 2
cfi=(286)
cfn=(1410) std::__cxx11::basic_string<char, std::char_traits<char>, std::allocator<char> >::basic_string()
calls=2 0xa12a 589 
* * 288 100 92 0 0 0 0 0 0 4 2
+5 -2 2 2
+4 * 2
+3 * 2 0 2
cfi=(340)
cfn=(1498) std::__detail::_ScannerBase::_M_is_ecma() const
calls=2 0x9e10 +63 
* * 42 16 12
+5 +1 2
+2 * 2 0 0 0 0 0 0 0 0 2
+2 -1 2 2
+4 * 2
+7 * 2 0 2
+7 * 2 2
+4 * 2 0 2 2 0 0 1
+11 * 2
+35 +3 2 2
+4 * 2
+3 * 2 0 2
cfn=(1508)
calls=2 0xf22e +4 
* * 1206 412 187 47 17 0 21 1 0 154 24 8 7
+5 * 2
+34 * 2 2 0 2 0 0 1
+4 * 2 2
+1 * 2 2

fn=(1836) std::__detail::_Scanner<char>::_M_eat_escape_ecma()
0xec66 309 3 0 3 2
+1 * 3
+3 * 3 0 3
+1 * 3
+4 * 3 0 3
+4 +3 3 3
+4 * 3 3
+7 * 3 3 0 2 0 0 1
+4 * 3 3
+7 * 3
+3 * 3 0 0 0 0 0 0 0 0 3 2
+12 +3 3 3
+4 * 3 3
+7 * 3
+4 * 3 3
+4 * 3 0 3
+7 * 3 3
+3 * 3 0 3
+3 +1 3 3
+4 * 3 3
+4 * 3 3 0 2 0 0 1
+7 * 3 3
+4 * 3
+5 * 3
+2 * 3
+3 * 3 0 3
cfi=(342) /usr/include/c++/16.1.1/bits/locale_facets.h
cfn=(1512) std::ctype<char>::narrow(char, char) const
calls=3 0x945e 941 
* * 81 34 15 0 0 0 0 0 0 4 1 1
+5 * 3
+3 * 3
+2 * 3
+3 * 3 0 3
cfi=(340)
cfn=(1838) std::__detail::_ScannerBase::_M_find_escape(char)
calls=3 0x9dc6 115 
* * 234 123 33 1 0 0 0 0 0 45 19
+5 * 3 0 3
+4 +2 3 3
+5 * 3 0 0 0 0 0 0 0 0 3 1
+78 +5 3 3 0 3 0 0 1
+4 * 3 0 0 0 0 0 0 0 0 3 2
+49 +5 3 3
+4 * 3 0 0 0 0 0 0 0 0 3 2
+49 +6 3 3 0 3 0 0 1
+4 * 3 0 0 0 0 0 0 0 0 3 2
+32 +7 3 3 0 3 0 0 1
+4 * 3 0 3
+10 +1 3 3
+4 * 3
+7 * 3 3
+4 * 3
+2 * 3
+5 * 3
+3 * 3 0 3
cfi=(286)
cfn=(1840) std::__cxx11::basic_string<char, std::char_traits<char>, std::allocator<char> >::assign(unsigned long, char)
calls=3 0xa86c 1886 
* * 1764 654 501 13 0 0 6 0 0 60 15
+5 * 3
0xf0ac +43 3 0 0 2 0 0 1
+1 * 3 3
+4 * 3 3
+1 * 3 3

fn=(1510)
0x106fa 95 17 0 17 2 0 0 1
+1 * 17
+3 * 17 0 0 2 0 0 1
+4 * 17 0 17
+4 +3 17 17
+4 * 17 17
+7 * 17
+4 * 17 17
+4 * 17 0 17
+7 * 17 17
+3 * 17 0 17
+3 +2 17 17
+4 * 17 17
+7 * 17 17
+4 * 17
+5 * 17
+2 * 17
+3 * 17 0 17 2 0 0 1
cfi=(342)
cfn=(1512)
calls=17 0x945e 941 
* * 477 203 88 8 4 0 4 0 0 24 11 7 1
+5 * 17
+3 * 17 17
+4 * 17 17
+7 * 17
+2 * 17
+3 * 17 0 17
cob=(2)
cfi=(306)
cfn=(1170)
calls=17 0x174160 -47 
* * 357 51 0 4 0 0 0 0 0 51 5
cob=(1)
cfi=(282)
cfn=(1028)
calls=1 0x14550 -61 
* * 870 280 140 2 13 0 0 1 0 117 9 4 4
* * 21 19 2 2 1 0 1 0 0 0 0 18 10
+5 * 17
+3 * 17
+3 * 17
+2 * 17 0 0 0 0 0 0 0 0 17 6
+2 +2 1 1
+4 * 1 0 1
+10 +1 1 1
+4 * 1
+7 * 1 1
+4 * 1
+2 * 1
+5 * 1
+3 * 1 0 1
cfi=(286)
cfn=(1840)
calls=1 0xa86c 1886 
* * 588 218 167 0 0 0 0 0 0 20 5
+5 +1 1
+5 +2 16 16 0 2 0 0 1
+4 * 16 0 0 0 0 0 0 0 0 16 8
+6 +2 3 3
+4 * 3 3
+7 * 3 3
+4 * 3 3
+7 * 3
+3 * 3 0 0 0 0 0 0 0 0 3 3
+22 +5 3 3 0 3 0 0 1
+4 * 3
+3 * 3 0 3
cfi=(340)
cfn=(1834) std::__detail::_ScannerBase::_M_is_basic() const
calls=3 0x9e3a +16 
* * 99 36 30 4 0 0 1
+5 * 3
+3 +1 3
+2 * 3 0 0 0 0 0 0 0 0 3 2
+56 * 3 0 0 2 0 0 1
+5 * 3
+7 -1 3
+2 * 3 0 0 0 0 0 0 0 0 3
+2 +5 3 3
+4 * 3 3
+4 * 3 3
+7 * 3 3
+7 * 3 0 0 2 0 0 1
+3 * 3
+3 * 3
+3 * 3 0 0 0 0 0 0 0 0 3 3
+26 * 3
+3 * 3
+3 * 3
+3 * 3
+3 * 3 0 3 0 0 0 0 0 0 0 0 3 1
cfn=(1836)
calls=3 0xec66 309 
* * 2238 877 579 31 0 0 12 0 0 124 44 1
+2 +1 3
+37 +4 13 13 0 2 0 0 1
+4 * 13 0 0 0 0 0 0 0 0 13 6
+6 +2 3 3
+4 * 3
+3 * 3 0 3
cfi=(340)
cfn=(1498)
calls=3 0x9e10 * 
* * 63 24 18 1
+5 * 3
+2 * 3 0 0 0 0 0 0 0 0 3
+2 * 3 3
+4 * 3 3
+7 * 3 3
+3 * 3
+2 * 3 0 0 3 0 0 1 0 0 3 2
+9 * 3
+5 * 3
+2 * 3 0 0 0 0 0 0 0 0 3 2
0x10a22 +27 3 3 0 3 0 0 1
+4 * 3 3
+6 * 3
+5 * 3
+2 * 3 0 3
cfi=(338) /usr/include/c++/16.1.1/bits/regex_constants.h
cfn=(1486) std::regex_constants::operator&(std::regex_constants::syntax_option_type, std::regex_constants::syntax_option_type)
calls=3 0x9765 +40 
* * 24 12 9
+5 * 3
+2 * 3
+3 * 3
+2 * 3 0 0 0 0 0 0 0 0 3 2
+21 +3 3 3
+4 * 3 0 3
+10 * 3
+5 +2 10 10 0 2 0 0 1
+4 * 10 0 0 0 0 0 0 0 0 10 7
+2 +1 3 3
+4 * 3 0 3
+10 * 3
+5 +1 7 7 0 2 0 0 1
+4 * 7 0 0 0 0 0 0 0 0 7 2
0x10b10 +12 7 7 0 2 0 0 1
+4 * 7 0 0 0 0 0 0 0 0 7 1
+35 +5 7 7
+4 * 7
+3 * 7 0 0 3 0 0 1
+3 * 7
+3 * 7 0 0 0 0 0 0 0 0 7 1
+80 +7 7 7 0 4 0 0 1
+4 * 7 0 0 0 0 0 0 0 0 7 6
+6 * 7 7
+4 * 7 0 0 0 0 0 0 0 0 7
+2 +2 7 7
+4 * 7 0 7
+4 +1 7 7
+4 * 7 7
+7 * 7 7
+4 * 7
+5 * 7 0 0 4 0 0 1
+2 * 7
+3 * 7 0 7
cfi=(342)
cfn=(1512)
calls=7 0x945e 941 
* * 147 56 28 0 0 0 0 0 0 7
+5 * 7 0 7
+3 +1 7
+2 +1 21 21
+4 * 21 21
+3 * 21 21
+3 * 21 0 0 0 0 0 0 0 0 21 15
+2 +2 7 7
+4 * 7 7
+3 * 7 7
+4 * 7 0 7
+6 +1 7
+2 -4 14 0 14
+5 * 14 14
+4 * 14 14
+3 * 14
+2 * 14 0 0 0 0 0 0 0 0 14 8
-9 * 7 7
+4 * 7 7
+3 * 7
+2 * 7 0 0 0 0 0 0 0 0 7 2
+80 +13 17 17 0 2 0 0 1
+1 * 17 17

fl=(338)
fn=(1486)
0x9765 192 39 0 39 2
+1 * 39
+3 * 39 0 39
+3 * 39 0 39
+3 +2 39 39
+3 * 39 39
+3 +1 39 39
+1 * 39 39

fn=(1484) std::regex_constants::operator|(std::regex_constants::syntax_option_type, std::regex_constants::syntax_option_type)
0x9777 200 13 0 13 1 0 0 1
+1 * 13
+3 * 13 0 13
+3 * 13 0 13 2 0 0 1
+3 +2 13 13
+3 * 13 13
+3 +1 13 13
+1 * 13 13

fn=(2442) std::regex_constants::operator&(std::regex_constants::match_flag_type, std::regex_constants::match_flag_type)
0x9789 373 8 0 8 2
+1 * 8
+3 * 8 0 8
+3 * 8 0 8
+3 +2 8 8
+3 * 8 8
+3 +1 8 8
+1 * 8 8

fl=(358) /usr/include/c++/16.1.1/bits/regex.tcc
fn=(1904) std::__cxx11::regex_traits<char>::lookup_classname<char const*>(char const*, char const*, bool) const::{lambda()#1}::operator()() const
0x20176 305 3 0 3 2 0 0 1
+1 * 3
+3 * 3 0 3
+1 * 3
+4 * 3 0 3 2 0 0 1
+4 +1 3 3
+4 * 3 3
+3 * 3 3
+3 * 3 3
+4 * 3 3
+4 * 3 3
+3 * 3
+3 * 3 0 0 0 0 0 0 0 0 3 2
+9 +2 3 3
+4 * 3 3
+4 * 3 3
+4 * 3 3
+4 * 3 3
+4 * 3 3
+3 * 3 3
+3 * 3 3 0 2 0 0 1
+3 * 3
+3 * 3
+2 * 3
+3 * 3 0 3
cfi=(342)
cfn=(1906) std::ctype<char>::tolower(char) const
calls=3 0x9398 845 
* * 63 30 12 6 1 0 3 1 0 0 0 3 2
+5 * 3
+3 * 3
+5 * 3
+2 * 3
+3 * 3 0 3
cfi=(342)
cfn=(1512)
calls=3 0x945e 941 
* * 63 24 12 0 0 0 0 0 0 3
+5 * 3 0 3
+3 +1 3 3
+4 * 3 3
+3 * 3 3
+3 * 3
+4 * 3 0 3
+3 +1 3 3
+4 -5 3 3
+4 * 3 3
+1 * 3 3

fn=(2288) bool std::__detail::__regex_algo_impl<__gnu_cxx::__normal_iterator<char const*, std::__cxx11::basic_string<char, std::char_traits<char>, std::allocator<char> > >, std::allocator<std::__cxx11::sub_match<__gnu_cxx::__normal_iterator<char const*, std::__cxx11::basic_string<char, std::char_traits<char>, std::allocator<char> > > > >, char, std::__cxx11::regex_traits<char> >(__gnu_cxx::__normal_iterator<char const*, std::__cxx11::basic_string<char, std::char_traits<char>, std::allocator<char> > >, __gnu_cxx::__normal_iterator<char const*, std::__cxx11::basic_string<char, std::char_traits<char>, std::allocator<char> > >, std::__cxx11::match_results<__gnu_cxx::__normal_iterator<char const*, std::__cxx11::basic_string<char, std::char_traits<char>, std::allocator<char> > >, std::allocator<std::__cxx11::sub_match<__gnu_cxx::__normal_iterator<char const*, std::__cxx11::basic_string<char, std::char_traits<char>, std::allocator<char> > > > > >&, std::__cxx11::basic_regex<char, std::__cxx11::regex_traits<char> > const&, std::regex_constants::match_flag_type, std::__detail::_RegexExecutorPolicy, bool)
0xc867 48 2 0 2 2 0 0 1
+1 * 2
+3 * 2 0 2
+1 * 2
+7 * 2 0 2
+7 * 2 0 2 2 0 0 1
+7 * 2 0 2
+7 * 2 0 2
+7 * 2 0 2
+7 * 2 0 2
+7 * 2 2
+9 * 2 0 2
+4 * 2
+2 +8 2 2
+7 * 2
+4 * 2
+5 * 2
+3 * 2 0 2 2 0 0 1
cfi=(334) /usr/include/c++/16.1.1/bits/shared_ptr.h
cfn=(2290) bool std::operator==<std::__detail::_NFA<std::__cxx11::regex_traits<char> > const>(std::shared_ptr<std::__detail::_NFA<std::__cxx11::regex_traits<char> > const> const&, decltype(nullptr))
calls=2 0xdf1c 560 
* * 40 14 12 2 0 0 1
+5 * 2
+2 * 2 0 0 0 0 0 0 0 0 2
+12 +3 2 2
+7 * 2 0 2
+7 +1 2 2
+7 * 2 2
+7 * 2 0 2
+4 +1 2 2
+7 * 2
+4 * 2
+3 * 2 0 2 2 0 0 1
cfi=(335)
cfn=(2294)
calls=2 0xdf3e 1440 
* * 50 20 16 4 0 0 2
+5 * 2
+3 * 2 0 2
cfi=(347) /usr/include/c++/16.1.1/bits/regex_automaton.h
cfn=(2300) std::__detail::_NFA_base::_M_sub_count() const
calls=2 0x99de 212 
* * 14 8 4 2
+5 * 2
+2 * 2 2
+7 * 2
+2 * 2
+3 * 2 0 2
cfi=(333) /usr/include/c++/16.1.1/bits/regex.h
cfn=(2302) std::__cxx11::match_results<__gnu_cxx::__normal_iterator<char const*, std::__cxx11::basic_string<char, std::char_traits<char>, std::allocator<char> > >, std::allocator<std::__cxx11::sub_match<__gnu_cxx::__normal_iterator<char const*, std::__cxx11::basic_string<char, std::char_traits<char>, std::allocator<char> > > > > >::_M_resize(unsigned int)
calls=2 0xdf58 2150 
* * 2812 865 712 117 1 0 41 0 0 205 58 4
+5 +3 2 0 2
+7 +1 2 2
+7 * 2
+3 * 2 0 2
cfi=(333)
cfn=(2370) std::__cxx11::basic_regex<char, std::__cxx11::regex_traits<char> >::flags() const
calls=2 0xdfbc 779 
* * 14 8 4 2 0 0 1
+5 * 2
+5 * 2
+2 * 2 0 2 2 0 0 1
cfi=(338)
cfn=(1486)
calls=2 0x9765 192 
* * 16 8 6 2
+5 +1 2
+2 * 2 0 0 0 0 0 0 0 0 2 2
+2 * 2 2
+7 * 2 0 0 0 0 0 0 0 0 2
+39 * 2
+5 -1 2
+2 * 2 0 0 0 0 0 0 0 0 2 2
+9 +6 2 2 0 2 0 0 1
+7 * 2 2
+7 * 2 2
+7 * 2 2
+7 * 2 2
+7 * 2
+7 * 2
+4 * 2 2
+7 * 2 0 2
+1 * 2
+3 * 2 0 2 2 0 0 1
cfi=(364) /usr/include/c++/16.1.1/bits/regex_executor.h
cfn=(2372) std::__detail::_Executor<__gnu_cxx::__normal_iterator<char const*, std::__cxx11::basic_string<char, std::char_traits<char>, std::allocator<char> > >, std::allocator<std::__cxx11::sub_match<__gnu_cxx::__normal_iterator<char const*, std::__cxx11::basic_string<char, std::char_traits<char>, std::allocator<char> > > > >, std::__cxx11::regex_traits<char> >::_Executor(__gnu_cxx::__normal_iterator<char const*, std::__cxx11::basic_string<char, std::char_traits<char>, std::allocator<char> > >, __gnu_cxx::__normal_iterator<char const*, std::__cxx11::basic_string<char, std::char_traits<char>, std::allocator<char> > >, std::vector<std::__cxx11::sub_match<__gnu_cxx::__normal_iterator<char const*, std::__cxx11::basic_string<char, std::char_traits<char>, std::allocator<char> > > >, std::allocator<std::__cxx11::sub_match<__gnu_cxx::__normal_iterator<char const*, std::__cxx11::basic_string<char, std::char_traits<char>, std::allocator<char> > > > > >&, std::__cxx11::basic_regex<char, std::__cxx11::regex_traits<char> > const&, std::regex_constants::match_flag_type, bool)
calls=2 0xe084 -3 
* * 3302 1046 1002 105 2 0 48 0 0 144 41 4
+5 * 2
+4 +1 2 2
+4 * 2 0 0 0 0 0 0 0 0 2
+2 +1 2
+7 * 2
+3 * 2 0 2
cfi=(364)
cfn=(2444) std::__detail::_Executor<__gnu_cxx::__normal_iterator<char const*, std::__cxx11::basic_string<char, std::char_traits<char>, std::allocator<char> > >, std::allocator<std::__cxx11::sub_match<__gnu_cxx::__normal_iterator<char const*, std::__cxx11::basic_string<char, std::char_traits<char>, std::allocator<char> > > > >, std::__cxx11::regex_traits<char> >::_M_match()
calls=2 0xe39c +25 
* * 71663 26913 18963 488 0 0 236 0 0 3795 397 59 3
+5 * 2 0 2
+6 * 2
+23 +4 2 2
+7 * 2 0 0 2 0 0 1 0 0 2
+6 +2 2 2
+7 * 2 0 2
+7 * 2 2
+7 * 2
+3 * 2 0 2
cfi=(348) /usr/include/c++/16.1.1/bits/stl_vector.h
cfn=(2634) std::vector<std::__cxx11::sub_match<__gnu_cxx::__normal_iterator<char const*, std::__cxx11::basic_string<char, std::char_traits<char>, std::allocator<char> > > >, std::allocator<std::__cxx11::sub_match<__gnu_cxx::__normal_iterator<char const*, std::__cxx11::basic_string<char, std::char_traits<char>, std::allocator<char> > > > > >::begin()
calls=2 0xe4b2 988 
* * 38 18 10 0 0 0 0 0 0 2 2
+5 * 2 0 2
+7 * 2 2
+7 * 2
+3 * 2 0 2
cfi=(348)
cfn=(2632) std::vector<std::__cxx11::sub_match<__gnu_cxx::__normal_iterator<char const*, std::__cxx11::basic_string<char, std::char_traits<char>, std::allocator<char> > > >, std::allocator<std::__cxx11::sub_match<__gnu_cxx::__normal_iterator<char const*, std::__cxx11::basic_string<char, std::char_traits<char>, std::allocator<char> > > > > >::end()
calls=2 0xe4fc 1008 
* * 40 18 10 0 0 0 0 0 0 2
+5 * 2 0 2
+7 * 2 0 0 2 0 0 1
fi=(360) /usr/include/c++/16.1.1/bits/stl_iterator.h
+2 1090 11 11
fe=(358)
+7 79 11 0 11
+7 +1 11 11
+7 * 11 11
+4 * 11
+3 * 11
+2 * 11 0 0 0 0 0 0 0 0 11 4
+2 +1 6 6
+7 * 6 6
+7 * 6 0 6
+4 * 6 6
+7 * 6
+4 * 6 6
+7 * 6 6
+3 * 6 0 6
fi=(360)
+3 1103 6 6
+7 * 6
+4 * 6 0 6
+7 +1 6
+1 * 6
+7 * 6 0 6
+7 +62 6 6
+7 +81 6 6
+3 * 6
+7 * 6 0 6
+7 -81 6 6
+7 +81 6 6
+3 * 6
+3 * 6
fe=(358)
+3 79 6
+2 * 6 0 0 0 0 0 0 0 0 6 4
fi=(360)
-75 1103 5 5
+7 * 5
+4 * 5 0 5
+7 +1 5
+1 * 5
+7 * 5 0 5
+7 +62 5 5
+7 +81 5 5
+3 * 5
+7 * 5 0 5
+7 -81 5 5
+7 +81 5 5
+3 * 5
+3 * 5
fe=(358)
+3 79 5
+2 * 5 0 0 0 0 0 0 0 0 5 4
fi=(360)
-56 1104 2 0 0 2 0 0 1
+7 * 2 0 2
+7 +62 2 2
+7 +81 2 2
+3 * 2
+7 * 2 0 2 2 0 0 1
+7 -81 2 2
+7 +81 2 2
+3 * 2
+3 * 2
fe=(358)
+3 79 2
+2 * 2 0 0 0 0 0 0 0 0 2
+6 +3 2 2
+7 * 2
+3 * 2 0 2
cfi=(333)
cfn=(2652) std::__cxx11::match_results<__gnu_cxx::__normal_iterator<char const*, std::__cxx11::basic_string<char, std::char_traits<char>, std::allocator<char> > >, std::allocator<std::__cxx11::sub_match<__gnu_cxx::__normal_iterator<char const*, std::__cxx11::basic_string<char, std::char_traits<char>, std::allocator<char> > > > > >::_M_prefix()
calls=2 0xe54a 2175 
* * 146 56 30 0 0 0 0 0 0 2
+5 * 2 0 2
+7 +1 2 2
+7 * 2
+3 * 2 0 2 2 0 0 1
cfi=(333)
cfn=(2654) std::__cxx11::match_results<__gnu_cxx::__normal_iterator<char const*, std::__cxx11::basic_string<char, std::char_traits<char>, std::allocator<char> > >, std::allocator<std::__cxx11::sub_match<__gnu_cxx::__normal_iterator<char const*, std::__cxx11::basic_string<char, std::char_traits<char>, std::allocator<char> > > > > >::_M_suffix()
calls=2 0xe57c 2183 
* * 146 56 30 0 0 0 0 0 0 2 2
+5 * 2 0 2
+7 +1 2 2
+4 * 2 0 0 0 0 0 0 0 0 2
+2 +2 2 2
+7 * 2 0 2
+4 +1 2 2
+7 * 2 2
+7 * 2 0 2
+3 +1 2 2
+7 * 2 2
+7 * 2 0 2
+4 +1 2 2 0 2 0 0 1
+7 * 2 0 2
+4 +1 2 2
+7 * 2 2
+7 * 2 0 2
+3 +1 2 2
+7 * 2 2
+7 * 2 0 2
+4 * 2
0xccb1 +16 2 2 0 2 0 0 1
+7 +1 2
+7 * 2 0 0 2 0 0 1
+3 * 2 0 2
cfi=(364)
cfn=(2656) std::__detail::_Executor<__gnu_cxx::__normal_iterator<char const*, std::__cxx11::basic_string<char, std::char_traits<char>, std::allocator<char> > >, std::allocator<std::__cxx11::sub_match<__gnu_cxx::__normal_iterator<char const*, std::__cxx11::basic_string<char, std::char_traits<char>, std::allocator<char> > > > >, std::__cxx11::regex_traits<char> >::~_Executor()
calls=2 0xe32c -15 
* * 1242 440 314 22 0 0 7 0 0 48 8 18
+5 * 2
+2 * 2 2
+4 * 2 2
+9 * 2 0 0 0 0 0 0 0 0 2 2
+58 * 2 2
+4 * 2 2
+1 * 2 2

fn=(1960) std::__cxx11::regex_traits<char>::isctype(char, std::__cxx11::regex_traits<char>::_RegexMask) const
0x28634 393 384 0 384
+1 * 384
+3 * 384
+4 * 384 0 384
+4 * 384 0 384 2 0 0 1
+4 * 384 0 384
+3 +4 384 384
+4 * 384
+3 * 384 0 384
cob=(7)
cfi=(252)
cfn=(1656)
calls=384 0x147620 220 
* * 8832 3840 1152 0 0 0 0 0 0 768 2 384
* * 384 384 0 0 0 0 0 0 0 0 0 384
+5 * 384 0 384
+4 +2 384 384
+4 * 384 384
+4 * 384
+3 * 384 384
+4 * 384
+2 * 384
+3 * 384 0 384
cfi=(356) /usr/include/c++/16.1.1/x86_64-pc-linux-gnu/bits/ctype_inline.h
cfn=(1856) std::ctype<char>::is(unsigned short, char) const
calls=384 0x94ee 44 
* * 6528 2688 1536 0 4 0 0 4
+5 +2 384
+2 * 384 0 0 0 0 0 0 0 0 384 12
+2 * 354 354
+4 * 354
+3 * 354
+3 * 354
+2 * 354 0 0 2 0 0 1 0 0 354 1
+24 * 30
+5 * 30
+2 * 354
+5 +2 354 354
+1 * 354 354
-1 * 30 30
+1 * 30 30

fn=(1902) std::__cxx11::regex_traits<char>::_RegexMask std::__cxx11::regex_traits<char>::lookup_classname<char const*>(char const*, char const*, bool) const
0x20268 295 3 0 3 2 0 0 1
+1 * 3
+3 * 3
+4 * 3 0 3
+4 * 3 0 3
+4 * 3 0 3
+4 * 3 0 3
+3 * 3 3 0 2 0 0 1
+9 * 3 0 3
+4 * 3
+2 +4 3 3
+4 * 3 3
+4 * 3
+3 * 3
+4 * 3 0 0 0 0 0 0 0 0 3 2
+32 +4 3 3 0 2 0 0 1
+4 * 3
+3 * 3 0 3
cob=(7)
cfi=(252)
cfn=(1656)
calls=3 0x147620 -83 
* * 69 30 9 1 0 0 0 0 0 6 0 3
* * 3 3 0 0 0 0 0 0 0 0 0 3 1
+5 * 3 0 3
+4 +2 3
+4 * 3 0 3
+4 * 3
+4 * 3 0 3
+4 * 3 3
+4 * 3 0 3
+4 +8 3
+4 * 3 0 3
+4 * 3
+4 * 3 0 3
+4 * 3
+4 * 3 0 3
+4 +8 3 0 0 2 0 0 1
+4 * 3
+3 * 3 0 3
cfn=(1904)
calls=3 0x20176 -16 
* * 246 117 45 12 1 0 6 1 0 6 2 3 2
+5 * 3
+3 * 3
+3 * 3 0 0 0 0 0 0 0 0 3
+6 * 3
+3 * 3 0 0 0 0 0 0 0 0 3
+6 * 3
+3 * 3 0 0 0 0 0 0 0 0 3
+6 * 3
+3 * 3 0 0 0 0 0 0 0 0 3
+6 * 3
+3 * 3 0 0 0 0 0 0 0 0 3
+6 * 3
+3 * 3 0 0 2 0 0 1 0 0 3
+6 * 3
+3 * 3 0 0 0 0 0 0 0 0 3
+6 * 3
+3 * 3 0 0 0 0 0 0 0 0 3
+6 * 3
+3 * 3 0 0 0 0 0 0 0 0 3
+6 * 3
+3 * 3 0 0 0 0 0 0 0 0 3
+6 * 3
+3 * 3 0 0 0 0 0 0 0 0 3
+6 * 3
+3 * 3 0 0 0 0 0 0 0 0 3
+6 * 3
+3 * 3 0 0 2 0 0 1 0 0 3
+6 * 3
+3 * 3 0 0 0 0 0 0 0 0 3 1
+6 * 3
+3 * 3 0 0 0 0 0 0 0 0 3 3
0x204ec +25 3 3 0 3 0 0 1
+4 * 3 3
+4 * 3
+3 * 3 0 0 0 0 0 0 0 0 3 2
+28 * 3 0 0 3 0 0 1
+5 * 3
+7 * 3
+2 * 3 0 0 0 0 0 0 0 0 3
+6 +1 3
+4 * 3
+5 * 3
+5 * 3
+3 * 3 0 3
cfi=(333)
cfn=(1892) std::__cxx11::regex_traits<char>::_RegexMask::_RegexMask(unsigned short, unsigned char)
calls=3 0x1ad24 115 
* * 42 18 18
+5 * 3 3
+3 * 3 0 0 3 0 0 1
0x207a2 +42 3 3 0 3 0 0 1
+4 * 3 3
+9 * 3 0 0 0 0 0 0 0 0 3 2
+7 * 3 3
+1 * 3 3

fl=(353) /usr/include/c++/16.1.1/bits/stl_uninitialized.h
fn=(2466) std::__cxx11::sub_match<__gnu_cxx::__normal_iterator<char const*, std::__cxx11::basic_string<char, std::char_traits<char>, std::allocator<char> > > >* std::__do_uninit_copy<__gnu_cxx::__normal_iterator<std::__cxx11::sub_match<__gnu_cxx::__normal_iterator<char const*, std::__cxx11::basic_string<char, std::char_traits<char>, std::allocator<char> > > > const*, std::vector<std::__cxx11::sub_match<__gnu_cxx::__normal_iterator<char const*, std::__cxx11::basic_string<char, std::char_traits<char>, std::allocator<char> > > >, std::allocator<std::__cxx11::sub_match<__gnu_cxx::__normal_iterator<char const*, std::__cxx11::basic_string<char, std::char_traits<char>, std::allocator<char> > > > > > >, __gnu_cxx::__normal_iterator<std::__cxx11::sub_match<__gnu_cxx::__normal_iterator<char const*, std::__cxx11::basic_string<char, std::char_traits<char>, std::allocator<char> > > > const*, std::vector<std::__cxx11::sub_match<__gnu_cxx::__normal_iterator<char const*, std::__cxx11::basic_string<char, std::char_traits<char>, std::allocator<char> > > >, std::allocator<std::__cxx11::sub_match<__gnu_cxx::__normal_iterator<char const*, std::__cxx11::basic_string<char, std::char_traits<char>, std::allocator<char> > > > > > >, std::__cxx11::sub_match<__gnu_cxx::__normal_iterator<char const*, std::__cxx11::basic_string<char, std::char_traits<char>, std::allocator<char> > > >*>(__gnu_cxx::__normal_iterator<std::__cxx11::sub_match<__gnu_cxx::__normal_iterator<char const*, std::__cxx11::basic_string<char, std::char_traits<char>, std::allocator<char> > > > const*, std::vector<std::__cxx11::sub_match<__gnu_cxx::__normal_iterator<char const*, std::__cxx11::basic_string<char, std::char_traits<char>, std::allocator<char> > > >, std::allocator<std::__cxx11::sub_match<__gnu_cxx::__normal_iterator<char const*, std::__cxx11::basic_string<char, std::char_traits<char>, std::allocator<char> > > > > > >, __gnu_cxx::__normal_iterator<std::__cxx11::sub_match<__gnu_cxx::__normal_iterator<char const*, std::__cxx11::basic_string<char, std::char_traits<char>, std::allocator<char> > > > const*, std::vector<std::__cxx11::sub_match<__gnu_cxx::__normal_iterator<char const*, std::__cxx11::basic_string<char, std::char_traits<char>, std::allocator<char> > > >, std::allocator<std::__cxx11::sub_match<__gnu_cxx::__normal_iterator<char const*, std::__cxx11::basic_string<char, std::char_traits<char>, std::allocator<char> > > > > > >, std::__cxx11::sub_match<__gnu_cxx::__normal_iterator<char const*, std::__cxx11::basic_string<char, std::char_traits<char>, std::allocator<char> > > >*)
0x2b7c5 160 2 0 2
+1 * 2
+3 * 2 0 2
+1 * 2
+4 * 2 0 2
+4 * 2 0 2
+4 * 2 0 2
+4 * 2 2
+9 * 2 0 2
+4 * 2
+2 +3 2
+4 * 2
+4 * 2
+3 * 2
+3 * 2 0 2
cfn=(2344) std::_UninitDestroyGuard<std::__cxx11::sub_match<__gnu_cxx::__normal_iterator<char const*, std::__cxx11::basic_string<char, std::char_traits<char>, std::allocator<char> > > >*, void>::_UninitDestroyGuard(std::__cxx11::sub_match<__gnu_cxx::__normal_iterator<char const*, std::__cxx11::basic_string<char, std::char_traits<char>, std::allocator<char> > > >*&)
calls=2 0x24a06 -50 
* * 28 14 10
+5 +1 2
fi=(360)
+2 1090 11 11
fe=(353)
+4 165 11 11
+4 * 11 0 11
fi=(349)
+4 53 11 11
fe=(353)
+4 165 11
+3 * 11
+3 * 11 0 11
cfi=(346)
cfn=(2346) void std::_Construct<std::__cxx11::sub_match<__gnu_cxx::__normal_iterator<char const*, std::__cxx11::basic_string<char, std::char_traits<char>, std::allocator<char> > > >, std::__cxx11::sub_match<__gnu_cxx::__normal_iterator<char const*, std::__cxx11::basic_string<char, std::char_traits<char>, std::allocator<char> > > > const&>(std::__cxx11::sub_match<__gnu_cxx::__normal_iterator<char const*, std::__cxx11::basic_string<char, std::char_traits<char>, std::allocator<char> > > >*, std::__cxx11::sub_match<__gnu_cxx::__normal_iterator<char const*, std::__cxx11::basic_string<char, std::char_traits<char>, std::allocator<char> > > > const&)
calls=11 0x24a72 -42 
* * 396 143 143 0 0 0 0 0 0 11 2
fi=(360)
+5 1103 11 11
+4 * 11
+4 * 11 0 11
+4 +1 11
fe=(353)
+1 164 11 11
+4 * 11
+4 * 11 0 11
+4 * 11
+4 * 11 0 11
fi=(360)
+4 1166 11 11
+4 +81 11 11
+3 * 11
+4 * 11 0 11
+4 -81 11 11
+4 +81 11 11
+3 * 11
+3 * 11
fe=(353)
+3 164 11
+2 * 11 0 0 0 0 0 0 0 0 11 11
-38 * 2 0 0 2 0 0 1
+4 * 2 0 2
fi=(360)
+4 1166 2 2
+4 +81 2 2 0 2 0 0 1
+3 * 2
+4 * 2 0 2
+4 -81 2 2
+4 +81 2 2
+3 * 2
+3 * 2
fe=(353)
+3 164 2
+2 * 2 0 0 0 0 0 0 0 0 2 2
+2 +2 2
+4 * 2
+3 * 2 0 2
cfn=(2348) std::_UninitDestroyGuard<std::__cxx11::sub_match<__gnu_cxx::__normal_iterator<char const*, std::__cxx11::basic_string<char, std::char_traits<char>, std::allocator<char> > > >*, void>::release()
calls=2 0x24ad6 -35 
* * 16 6 6
+5 +1 2 2
+4 +1 2
+4 * 2
+3 * 2 0 2
cfn=(2350) std::_UninitDestroyGuard<std::__cxx11::sub_match<__gnu_cxx::__normal_iterator<char const*, std::__cxx11::basic_string<char, std::char_traits<char>, std::allocator<char> > > >*, void>::~_UninitDestroyGuard()
calls=2 0x24a30 -50 
* * 28 8 4 0 0 0 0 0 0 2 2
+5 -1 2
+3 +1 2 2
+4 * 2 2 0 2 0 0 1
+9 * 2 0 0 0 0 0 0 0 0 2
+7 * 2 2
+4 * 2 2
+1 * 2 2

fn=(2420) std::pair<__gnu_cxx::__normal_iterator<char const*, std::__cxx11::basic_string<char, std::char_traits<char>, std::allocator<char> > >, int>* std::__uninitialized_default_n<std::pair<__gnu_cxx::__normal_iterator<char const*, std::__cxx11::basic_string<char, std::char_traits<char>, std::allocator<char> > >, int>*, unsigned long>(std::pair<__gnu_cxx::__normal_iterator<char const*, std::__cxx11::basic_string<char, std::char_traits<char>, std::allocator<char> > >, int>*, unsigned long)
0x18657 982 2 0 2
+1 * 2
+3 * 2
+4 * 2 0 2
+4 * 2 0 2
+4 +11 2 0 2
+4 +5 2 2
+4 * 2 2
+4 * 2
+3 * 2
+3 * 2 0 2
cfn=(2422) std::pair<__gnu_cxx::__normal_iterator<char const*, std::__cxx11::basic_string<char, std::char_traits<char>, std::allocator<char> > >, int>* std::__uninitialized_default_n_1<false>::__uninit_default_n<std::pair<__gnu_cxx::__normal_iterator<char const*, std::__cxx11::basic_string<char, std::char_traits<char>, std::allocator<char> > >, int>*, unsigned long>(std::pair<__gnu_cxx::__normal_iterator<char const*, std::__cxx11::basic_string<char, std::char_traits<char>, std::allocator<char> > >, int>*, unsigned long)
calls=2 0x1cfa1 -75 
* * 1618 520 540 14 0 0 7 0 0 62 24
+5 +1 2 2
+1 * 2 2

fn=(2464) std::__cxx11::sub_match<__gnu_cxx::__normal_iterator<char const*, std::__cxx11::basic_string<char, std::char_traits<char>, std::allocator<char> > > >* std::uninitialized_copy<__gnu_cxx::__normal_iterator<std::__cxx11::sub_match<__gnu_cxx::__normal_iterator<char const*, std::__cxx11::basic_string<char, std::char_traits<char>, std::allocator<char> > > > const*, std::vector<std::__cxx11::sub_match<__gnu_cxx::__normal_iterator<char const*, std::__cxx11::basic_string<char, std::char_traits<char>, std::allocator<char> > > >, std::allocator<std::__cxx11::sub_match<__gnu_cxx::__normal_iterator<char const*, std::__cxx11::basic_string<char, std::char_traits<char>, std::allocator<char> > > > > > >, std::__cxx11::sub_match<__gnu_cxx::__normal_iterator<char const*, std::__cxx11::basic_string<char, std::char_traits<char>, std::allocator<char> > > >*>(__gnu_cxx::__normal_iterator<std::__cxx11::sub_match<__gnu_cxx::__normal_iterator<char const*, std::__cxx11::basic_string<char, std::char_traits<char>, std::allocator<char> > > > const*, std::vector<std::__cxx11::sub_match<__gnu_cxx::__normal_iterator<char const*, std::__cxx11::basic_string<char, std::char_traits<char>, std::allocator<char> > > >, std::allocator<std::__cxx11::sub_match<__gnu_cxx::__normal_iterator<char const*, std::__cxx11::basic_string<char, std::char_traits<char>, std::allocator<char> > > > > > >, __gnu_cxx::__normal_iterator<std::__cxx11::sub_match<__gnu_cxx::__normal_iterator<char const*, std::__cxx11::basic_string<char, std::char_traits<char>, std::allocator<char> > > > const*, std::vector<std::__cxx11::sub_match<__gnu_cxx::__normal_iterator<char const*, std::__cxx11::basic_string<char, std::char_traits<char>, std::allocator<char> > > >, std::allocator<std::__cxx11::sub_match<__gnu_cxx::__normal_iterator<char const*, std::__cxx11::basic_string<char, std::char_traits<char>, std::allocator<char> > > > > > >, std::__cxx11::sub_match<__gnu_cxx::__normal_iterator<char const*, std::__cxx11::basic_string<char, std::char_traits<char>, std::allocator<char> > > >*)
0x24c21 252 2 0 2
+1 * 2
+3 * 2
+4 * 2 0 2
+4 * 2 0 2
+4 * 2 0 2
+4 +72 2 2
+4 * 2 2
+4 * 2 2 0 2 0 0 1
+4 * 2
+3 * 2
+3 * 2 0 2
cfn=(2466)
calls=2 0x2b7c5 160 
* * 838 292 251 6 0 0 3 0 0 28 17
+5 +14 2 2
+1 * 2 2

fn=(1738) std::__detail::_State<char>* std::__relocate_a_1<std::__detail::_State<char>*, std::__detail::_State<char>*, std::allocator<std::__detail::_State<char> > >(std::__detail::_State<char>*, std::__detail::_State<char>*, std::__detail::_State<char>*, std::allocator<std::__detail::_State<char> >&)
0x1f164 1354 11 0 11 1 0 0 1
+1 * 11
+3 * 11
+4 * 11 0 11
+4 * 11 0 11
+4 * 11 0 11
+4 * 11 0 11
+4 +12 11 11
+4 * 11 0 11 3 0 0 1
+4 +1 11
+2 * 46 46
+4 * 46 0 46
fi=(349)
+4 177 46 46
+4 * 46 46
+4 * 46 0 46
+4 * 46 46
fe=(353)
+4 1368 46 46
+4 * 46
+3 * 46
+3 * 46 0 46
cfn=(1780) void std::__relocate_object_a<std::__detail::_State<char>, std::__detail::_State<char>, std::allocator<std::__detail::_State<char> > >(std::__detail::_State<char>*, std::__detail::_State<char>*, std::allocator<std::__detail::_State<char> >&)
calls=46 0x26805 -37 
* * 7252 2664 2470 7 0 1 3 0 0 162 29
+5 -1 46 0 46
+5 * 46 0 46
+5 * 46 46
+4 * 46 46
+4 * 46 0 0 0 0 0 0 0 0 46 13
-8 * 11 11
+4 * 11 11
+4 * 11 0 0 2 0 0 1 0 0 11 4
+2 +3 11 11
+4 +1 11 11
+1 * 11 11

fn=(2338) std::__cxx11::sub_match<__gnu_cxx::__normal_iterator<char const*, std::__cxx11::basic_string<char, std::char_traits<char>, std::allocator<char> > > >* std::__uninitialized_fill_n_a<std::__cxx11::sub_match<__gnu_cxx::__normal_iterator<char const*, std::__cxx11::basic_string<char, std::char_traits<char>, std::allocator<char> > > >*, unsigned long, std::__cxx11::sub_match<__gnu_cxx::__normal_iterator<char const*, std::__cxx11::basic_string<char, std::char_traits<char>, std::allocator<char> > > >, std::__cxx11::sub_match<__gnu_cxx::__normal_iterator<char const*, std::__cxx11::basic_string<char, std::char_traits<char>, std::allocator<char> > > > >(std::__cxx11::sub_match<__gnu_cxx::__normal_iterator<char const*, std::__cxx11::basic_string<char, std::char_traits<char>, std::allocator<char> > > >*, unsigned long, std::__cxx11::sub_match<__gnu_cxx::__normal_iterator<char const*, std::__cxx11::basic_string<char, std::char_traits<char>, std::allocator<char> > > > const&, std::allocator<std::__cxx11::sub_match<__gnu_cxx::__normal_iterator<char const*, std::__cxx11::basic_string<char, std::char_traits<char>, std::allocator<char> > > > >&)
0x146ef 771 2 0 2 2 0 0 1
+1 * 2
+3 * 2
+4 * 2 0 2
+4 * 2 0 2
+4 * 2 0 2 2 0 0 1
+4 * 2 0 2
+4 +7 2 2
+4 * 2 2
+4 * 2 2
+4 * 2
+3 * 2
+3 * 2 0 2
cfn=(2340) std::__cxx11::sub_match<__gnu_cxx::__normal_iterator<char const*, std::__cxx11::basic_string<char, std::char_traits<char>, std::allocator<char> > > >* std::uninitialized_fill_n<std::__cxx11::sub_match<__gnu_cxx::__normal_iterator<char const*, std::__cxx11::basic_string<char, std::char_traits<char>, std::allocator<char> > > >*, unsigned long, std::__cxx11::sub_match<__gnu_cxx::__normal_iterator<char const*, std::__cxx11::basic_string<char, std::char_traits<char>, std::allocator<char> > > > >(std::__cxx11::sub_match<__gnu_cxx::__normal_iterator<char const*, std::__cxx11::basic_string<char, std::char_traits<char>, std::allocator<char> > > >*, unsigned long, std::__cxx11::sub_match<__gnu_cxx::__normal_iterator<char const*, std::__cxx11::basic_string<char, std::char_traits<char>, std::allocator<char> > > > const&)
calls=2 0x18579 550 
* * 757 252 237 18 0 0 9 0 0 28 12
+5 +1 2 2
+1 * 2 2

fn=(2344)
0x24a06 113 4 0 4 2 0 0 1
+1 * 4
+3 * 4 0 4
+4 * 4 0 4
+4 +1 4 4
+4 * 4 4
+3 * 4 4
+4 * 4 0 4
+3 * 4 4
+4 * 4 4
+4 * 4 0 4
+4 +1 4
+1 * 4 4
+1 * 4 4

fn=(1692) unsigned long* std::__relocate_a<unsigned long*, unsigned long*, std::allocator<unsigned long> >(unsigned long*, unsigned long*, unsigned long*, std::allocator<unsigned long>&)
0x12dd3 1404 4 0 4 2 0 0 1
+1 * 4
+3 * 4
+4 * 4 0 4
+4 * 4 0 4
+4 * 4 0 4
+4 * 4 0 4
+4 * 4 4
+4 * 4 0 4
fi=(360)
+4 3024 4 4
+4 * 4 4
+4 * 4 0 4
+4 * 4 4 0 2 0 0 1
+4 * 4 4
+4 * 4 0 4
+4 * 4 4
fe=(353)
+4 1410 4 4
+4 * 4
+3 * 4 0 4
cfn=(1694) std::enable_if<std::__is_bitwise_relocatable<unsigned long, void>::value, unsigned long*>::type std::__relocate_a_1<unsigned long, unsigned long>(unsigned long*, unsigned long*, unsigned long*, std::allocator<unsigned long>&)
calls=4 0x155a6 -33 
* * 122 42 30 8 0 0 2 0 0 10 6 2
+5 +3 4 4
+1 * 4 4

fn=(2340)
0x18579 550 2 0 2 2 0 0 1
+1 * 2
+3 * 2 0 0 2 0 0 1
+4 * 2 0 2
+4 * 2 0 2
+4 * 2 0 2
+4 +45 2 2
+4 * 2 2
+4 * 2 2
+4 * 2
+3 * 2
+3 * 2 0 2
cfn=(2342) std::__cxx11::sub_match<__gnu_cxx::__normal_iterator<char const*, std::__cxx11::basic_string<char, std::char_traits<char>, std::allocator<char> > > >* std::__do_uninit_fill_n<std::__cxx11::sub_match<__gnu_cxx::__normal_iterator<char const*, std::__cxx11::basic_string<char, std::char_traits<char>, std::allocator<char> > > >*, unsigned long, std::__cxx11::sub_match<__gnu_cxx::__normal_iterator<char const*, std::__cxx11::basic_string<char, std::char_traits<char>, std::allocator<char> > > > >(std::__cxx11::sub_match<__gnu_cxx::__normal_iterator<char const*, std::__cxx11::basic_string<char, std::char_traits<char>, std::allocator<char> > > >*, unsigned long, std::__cxx11::sub_match<__gnu_cxx::__normal_iterator<char const*, std::__cxx11::basic_string<char, std::char_traits<char>, std::allocator<char> > > > const&)
calls=2 0x1cec0 477 
* * 729 242 227 14 0 0 7 0 0 28 12
+5 +9 2 2
+1 * 2 2

fn=(2422)
0x1cfa1 923 2 0 2 2 0 0 1
+1 * 2
+3 * 2 0 2
+1 * 2
+4 * 2 0 2
+4 * 2 0 2
+4 * 2 2
+9 * 2 0 2
+4 * 2 0 0 2 0 0 1
+2 +2 2
+4 * 2
+4 * 2
+3 * 2
+3 * 2 0 2
cfn=(2424) std::_UninitDestroyGuard<std::pair<__gnu_cxx::__normal_iterator<char const*, std::__cxx11::basic_string<char, std::char_traits<char>, std::allocator<char> > >, int>*, void>::_UninitDestroyGuard(std::pair<__gnu_cxx::__normal_iterator<char const*, std::__cxx11::basic_string<char, std::char_traits<char>, std::allocator<char> > >, int>*&)
calls=2 0x24b54 113 
* * 28 14 10
+5 +1 2
+2 +1 28 28
+4 * 28 0 28
fi=(349)
+4 177 28 28
fe=(353)
+4 927 28
+3 * 28 0 28
cfi=(346)
cfn=(2426) void std::_Construct<std::pair<__gnu_cxx::__normal_iterator<char const*, std::__cxx11::basic_string<char, std::char_traits<char>, std::allocator<char> > >, int>>(std::pair<__gnu_cxx::__normal_iterator<char const*, std::__cxx11::basic_string<char, std::char_traits<char>, std::allocator<char> > >, int>*)
calls=28 0x24bc0 123 
* * 1176 364 392 6 0 0 3 0 0 28 8
+5 -1 28 0 28
+5 * 28 28
+4 * 28
+4 * 28 0 28
+4 * 28 28
+5 * 28 0 0 0 0 0 0 0 0 28 10
-5 * 2 2
+5 * 2 0 0 2 0 0 1 0 0 2 2
+2 +2 2
+4 * 2
+3 * 2 0 2
cfn=(2430) std::_UninitDestroyGuard<std::pair<__gnu_cxx::__normal_iterator<char const*, std::__cxx11::basic_string<char, std::char_traits<char>, std::allocator<char> > >, int>*, void>::release()
calls=2 0x24c0a 131 
* * 16 6 6
+5 +1 2 2
+4 +1 2
+4 * 2
+3 * 2 0 2
cfn=(2432) std::_UninitDestroyGuard<std::pair<__gnu_cxx::__normal_iterator<char const*, std::__cxx11::basic_string<char, std::char_traits<char>, std::allocator<char> > >, int>*, void>::~_UninitDestroyGuard()
calls=2 0x24b7e 118 
* * 28 8 4 2 0 0 1 0 0 2 2
+5 -1 2
+3 +1 2 2
+4 * 2 2
+9 * 2 0 0 0 0 0 0 0 0 2 2
+55 * 2 2
+4 * 2 2
+1 * 2 2

fn=(2432)
0x24b7e 118 2 0 2
+1 * 2 0 0 2 0 0 1
+3 * 2
+4 * 2 0 2
+4 +2 2 2
+4 * 2 2
+4 * 2
+3 * 2
+3 * 2
+3 * 2
+3 * 2 0 0 0 0 0 0 0 0 2 2
+31 +8 2
+1 * 2 2
+1 * 2 2

fn=(2462) std::__cxx11::sub_match<__gnu_cxx::__normal_iterator<char const*, std::__cxx11::basic_string<char, std::char_traits<char>, std::allocator<char> > > >* std::__uninitialized_copy_a<__gnu_cxx::__normal_iterator<std::__cxx11::sub_match<__gnu_cxx::__normal_iterator<char const*, std::__cxx11::basic_string<char, std::char_traits<char>, std::allocator<char> > > > const*, std::vector<std::__cxx11::sub_match<__gnu_cxx::__normal_iterator<char const*, std::__cxx11::basic_string<char, std::char_traits<char>, std::allocator<char> > > >, std::allocator<std::__cxx11::sub_match<__gnu_cxx::__normal_iterator<char const*, std::__cxx11::basic_string<char, std::char_traits<char>, std::allocator<char> > > > > > >, __gnu_cxx::__normal_iterator<std::__cxx11::sub_match<__gnu_cxx::__normal_iterator<char const*, std::__cxx11::basic_string<char, std::char_traits<char>, std::allocator<char> > > > const*, std::vector<std::__cxx11::sub_match<__gnu_cxx::__normal_iterator<char const*, std::__cxx11::basic_string<char, std::char_traits<char>, std::allocator<char> > > >, std::allocator<std::__cxx11::sub_match<__gnu_cxx::__normal_iterator<char const*, std::__cxx11::basic_string<char, std::char_traits<char>, std::allocator<char> > > > > > >, std::__cxx11::sub_match<__gnu_cxx::__normal_iterator<char const*, std::__cxx11::basic_string<char, std::char_traits<char>, std::allocator<char> > > >*, std::__cxx11::sub_match<__gnu_cxx::__normal_iterator<char const*, std::__cxx11::basic_string<char, std::char_traits<char>, std::allocator<char> > > > >(__gnu_cxx::__normal_iterator<std::__cxx11::sub_match<__gnu_cxx::__normal_iterator<char const*, std::__cxx11::basic_string<char, std::char_traits<char>, std::allocator<char> > > > const*, std::vector<std::__cxx11::sub_match<__gnu_cxx::__normal_iterator<char const*, std::__cxx11::basic_string<char, std::char_traits<char>, std::allocator<char> > > >, std::allocator<std::__cxx11::sub_match<__gnu_cxx::__normal_iterator<char const*, std::__cxx11::basic_string<char, std::char_traits<char>, std::allocator<char> > > > > > >, __gnu_cxx::__normal_iterator<std::__cxx11::sub_match<__gnu_cxx::__normal_iterator<char const*, std::__cxx11::basic_string<char, std::char_traits<char>, std::allocator<char> > > > const*, std::vector<std::__cxx11::sub_match<__gnu_cxx::__normal_iterator<char const*, std::__cxx11::basic_string<char, std::char_traits<char>, std::allocator<char> > > >, std::allocator<std::__cxx11::sub_match<__gnu_cxx::__normal_iterator<char const*, std::__cxx11::basic_string<char, std::char_traits<char>, std::allocator<char> > > > > > >, std::__cxx11::sub_match<__gnu_cxx::__normal_iterator<char const*, std::__cxx11::basic_string<char, std::char_traits<char>, std::allocator<char> > > >*, std::allocator<std::__cxx11::sub_match<__gnu_cxx::__normal_iterator<char const*, std::__cxx11::basic_string<char, std::char_traits<char>, std::allocator<char> > > > >&)
0x1d12d 637 2 0 2 2 0 0 1
+1 * 2
+3 * 2
+4 * 2 0 2
+4 * 2 0 2
+4 * 2 0 2 2 0 0 1
+4 * 2 0 2
+4 +24 2 2
+4 * 2 2
+4 * 2 2
+4 * 2
+3 * 2
+3 * 2 0 2
cfn=(2464)
calls=2 0x24c21 252 
* * 866 302 261 8 0 0 4 0 0 28 17
+5 +2 2 2
+1 * 2 2

fn=(2510) std::__detail::_ExecutorFrame<__gnu_cxx::__normal_iterator<char const*, std::__cxx11::basic_string<char, std::char_traits<char>, std::allocator<char> > >, true>* std::__relocate_a_1<std::__detail::_ExecutorFrame<__gnu_cxx::__normal_iterator<char const*, std::__cxx11::basic_string<char, std::char_traits<char>, std::allocator<char> > >, true>*, std::__detail::_ExecutorFrame<__gnu_cxx::__normal_iterator<char const*, std::__cxx11::basic_string<char, std::char_traits<char>, std::allocator<char> > >, true>*, std::allocator<std::__detail::_ExecutorFrame<__gnu_cxx::__normal_iterator<char const*, std::__cxx11::basic_string<char, std::char_traits<char>, std::allocator<char> > >, true> > >(std::__detail::_ExecutorFrame<__gnu_cxx::__normal_iterator<char const*, std::__cxx11::basic_string<char, std::char_traits<char>, std::allocator<char> > >, true>*, std::__detail::_ExecutorFrame<__gnu_cxx::__normal_iterator<char const*, std::__cxx11::basic_string<char, std::char_traits<char>, std::allocator<char> > >, true>*, std::__detail::_ExecutorFrame<__gnu_cxx::__normal_iterator<char const*, std::__cxx11::basic_string<char, std::char_traits<char>, std::allocator<char> > >, true>*, std::allocator<std::__detail::_ExecutorFrame<__gnu_cxx::__normal_iterator<char const*, std::__cxx11::basic_string<char, std::char_traits<char>, std::allocator<char> > >, true> >&)
0x2b9ec 1354 10 0 10
+1 * 10
+3 * 10
+4 * 10 0 10
+4 * 10 0 10
+4 * 10 0 10
+4 * 10 0 10 2 0 0 1
+4 +12 10 10
+4 * 10 0 10
+4 +1 10
+2 * 30 30
+4 * 30 0 30
fi=(349)
+4 177 30 30
+4 * 30 30
+4 * 30 0 30
+4 * 30 30
fe=(353)
+4 1368 30 30
+4 * 30
+3 * 30
+3 * 30 0 30
cfn=(2548) void std::__relocate_object_a<std::__detail::_ExecutorFrame<__gnu_cxx::__normal_iterator<char const*, std::__cxx11::basic_string<char, std::char_traits<char>, std::allocator<char> > >, true>, std::__detail::_ExecutorFrame<__gnu_cxx::__normal_iterator<char const*, std::__cxx11::basic_string<char, std::char_traits<char>, std::allocator<char> > >, true>, std::allocator<std::__detail::_ExecutorFrame<__gnu_cxx::__normal_iterator<char const*, std::__cxx11::basic_string<char, std::char_traits<char>, std::allocator<char> > >, true> > >(std::__detail::_ExecutorFrame<__gnu_cxx::__normal_iterator<char const*, std::__cxx11::basic_string<char, std::char_traits<char>, std::allocator<char> > >, true>*, std::__detail::_ExecutorFrame<__gnu_cxx::__normal_iterator<char const*, std::__cxx11::basic_string<char, std::char_traits<char>, std::allocator<char> > >, true>*, std::allocator<std::__detail::_ExecutorFrame<__gnu_cxx::__normal_iterator<char const*, std::__cxx11::basic_string<char, std::char_traits<char>, std::allocator<char> > >, true> >&)
calls=30 0x2fb3f -37 
* * 2010 780 810 8 0 0 4 0 0 30 10
+5 -1 30 0 30
+5 * 30 0 30
+5 * 30 30
+4 * 30 30
+4 * 30 0 0 0 0 0 0 0 0 30 15
-8 * 10 10 0 2 0 0 1
+4 * 10 10
+4 * 10 0 0 0 0 0 0 0 0 10 3
+2 +3 10 10
+4 +1 10 10
+1 * 10 10

fn=(2342)
0x1cec0 477 2 0 2 2 0 0 1
+1 * 2
+3 * 2 0 2
+1 * 2
+4 * 2 0 2
+4 * 2 0 2
+4 * 2 0 2
+4 * 2 2
+9 * 2 0 2
+4 * 2
+2 +2 2
+4 * 2
+4 * 2
+3 * 2
+3 * 2 0 2
cfn=(2344)
calls=2 0x24a06 113 
* * 28 14 10 2 0 0 1
+5 +12 2
+2 +1 11 11
+4 * 11 0 11
fi=(349)
+4 53 11 11
fe=(353)
+4 492 11 11
+4 * 11
+3 * 11
+3 * 11 0 11
cfi=(346)
cfn=(2346)
calls=11 0x24a72 123 
* * 396 143 143 6 0 0 3 0 0 11 2
+5 -1 11 11
+4 * 11
+4 * 11 0 11
+4 * 11 11
+4 * 11
+4 * 11 0 11
+4 * 11
+3 * 11
+3 * 11
+2 * 11 0 0 0 0 0 0 0 0 11 5
-20 * 2 2 0 2 0 0 1
+4 * 2
+4 * 2 0 2
+4 * 2
+3 * 2
+3 * 2
+2 * 2 0 0 0 0 0 0 0 0 2 1
+2 +2 2
+4 * 2
+3 * 2 0 2 2 0 0 1
cfn=(2348)
calls=2 0x24ad6 131 
* * 16 6 6
+5 +1 2 2
+4 +1 2
+4 * 2
+3 * 2 0 2
cfn=(2350)
calls=2 0x24a30 118 
* * 28 8 4 0 0 0 0 0 0 2 2
+5 -1 2
+3 +1 2 2
+4 * 2 2
+9 * 2 0 0 0 0 0 0 0 0 2 2
+7 * 2 2
+4 * 2 2
+1 * 2 2

fn=(2418) std::pair<__gnu_cxx::__normal_iterator<char const*, std::__cxx11::basic_string<char, std::char_traits<char>, std::allocator<char> > >, int>* std::__uninitialized_default_n_a<std::pair<__gnu_cxx::__normal_iterator<char const*, std::__cxx11::basic_string<char, std::char_traits<char>, std::allocator<char> > >, int>*, unsigned long, std::pair<__gnu_cxx::__normal_iterator<char const*, std::__cxx11::basic_string<char, std::char_traits<char>, std::allocator<char> > >, int> >(std::pair<__gnu_cxx::__normal_iterator<char const*, std::__cxx11::basic_string<char, std::char_traits<char>, std::allocator<char> > >, int>*, unsigned long, std::allocator<std::pair<__gnu_cxx::__normal_iterator<char const*, std::__cxx11::basic_string<char, std::char_traits<char>, std::allocator<char> > >, int> >&)
0x14916 1051 2 0 2 2 0 0 1
+1 * 2
+3 * 2
+4 * 2 0 2
+4 * 2 0 2
+4 * 2 0 2
+4 +2 2 2
+4 * 2 2
+4 * 2
+3 * 2
+3 * 2 0 2
cfn=(2420)
calls=2 0x18657 -71 
* * 1644 528 550 14 0 0 7 0 0 62 24
+5 * 2 2
+1 * 2 2

fn=(2424)
0x24b54 113 2 0 2
+1 * 2
+3 * 2 0 2
+4 * 2 0 2
+4 +1 2 2
+4 * 2 2
+3 * 2 2
+4 * 2 0 2
+3 * 2 2
+4 * 2 2
+4 * 2 0 2
+4 +1 2
+1 * 2 2
+1 * 2 2

fn=(1780)
0x26805 1331 46 0 46
+1 * 46
+3 * 46 0 46
+2 * 46 0 46
+1 * 46
+7 * 46 0 46
+7 * 46 0 46
+7 * 46 0 46
+7 * 46 46
+7 * 46 0 46
fi=(349)
+4 139 46 46
+4 * 46 46
+7 * 46 0 46 2 0 0 1
+4 * 46 46
+7 * 46 0 46
+4 * 46 0 46
+4 * 46 46
+4 * 46 0 46
+4 -66 46 46
+4 * 46 46
+4 * 46 0 46
+4 * 46 0 46
+4 * 46 46
+4 * 46 0 46
fi=(293)
+4 203 46 46
+4 * 46
+3 * 46
+5 * 46 0 46 2 0 0 1
cfi=(344)
cfn=(1542)
calls=46 0x917a -33 
* * 322 138 138
+5 * 46
+3 * 46 46
+4 * 46 0 46
fi=(349)
+4 73 46 46
fi=(293)
+4 203 46
+3 * 46
+3 * 46 0 46
cfi=(347)
cfn=(1704) std::__detail::_State<char>::_State(std::__detail::_State<char>&&)
calls=46 0xf54a -54 
* * 2822 1126 948 0 0 1 0 0 0 62 13
+5 * 46
+5 * 46
+2 * 46 0 0 0 0 0 0 0 0 46 10
+13 * 46
fi=(318)
+1 720 46
+1 * 46 46
+7 * 46 0 46
fi=(349)
+4 177 46 46 0 3 0 0 1
+4 * 46 46
+7 * 46 0 46
+4 * 46 0 46
+4 * 46 46
+4 * 46 0 46
+4 * 46 46
+4 * 46 0 46
fi=(293)
+4 +33 46 46
+4 * 46
+3 * 46 0 46
cfi=(347)
cfn=(1752) std::__detail::_State<char>::~_State()
calls=46 0xf49a -51 
* * 1302 434 326 0 0 0 0 0 0 54 6
+5 * 46
fi=(318)
+1 740 46
fe=(353)
+1 1341 46
+1 * 46
+7 * 46 46
+1 * 46 46
+2 * 46 46
+1 * 46 46

fn=(2348)
0x24ad6 131 4 0 4
+1 * 4
+3 * 4 0 4
+4 * 4 4
+4 * 4 0 4
+8 * 4
+1 * 4 4
+1 * 4 4

fn=(2350)
0x24a30 118 4 0 4
+1 * 4
+3 * 4
+4 * 4 0 4
+4 +2 4 4
+4 * 4 4
+4 * 4
+3 * 4
+3 * 4
+3 * 4
+3 * 4 0 0 0 0 0 0 0 0 4 4
+31 +8 4
+1 * 4 4
+1 * 4 4

fn=(2508) std::__detail::_ExecutorFrame<__gnu_cxx::__normal_iterator<char const*, std::__cxx11::basic_string<char, std::char_traits<char>, std::allocator<char> > >, true>* std::__relocate_a<std::__detail::_ExecutorFrame<__gnu_cxx::__normal_iterator<char const*, std::__cxx11::basic_string<char, std::char_traits<char>, std::allocator<char> > >, true>*, std::__detail::_ExecutorFrame<__gnu_cxx::__normal_iterator<char const*, std::__cxx11::basic_string<char, std::char_traits<char>, std::allocator<char> > >, true>*, std::allocator<std::__detail::_ExecutorFrame<__gnu_cxx::__normal_iterator<char const*, std::__cxx11::basic_string<char, std::char_traits<char>, std::allocator<char> > >, true> > >(std::__detail::_ExecutorFrame<__gnu_cxx::__normal_iterator<char const*, std::__cxx11::basic_string<char, std::char_traits<char>, std::allocator<char> > >, true>*, std::__detail::_ExecutorFrame<__gnu_cxx::__normal_iterator<char const*, std::__cxx11::basic_string<char, std::char_traits<char>, std::allocator<char> > >, true>*, std::__detail::_ExecutorFrame<__gnu_cxx::__normal_iterator<char const*, std::__cxx11::basic_string<char, std::char_traits<char>, std::allocator<char> > >, true>*, std::allocator<std::__detail::_ExecutorFrame<__gnu_cxx::__normal_iterator<char const*, std::__cxx11::basic_string<char, std::char_traits<char>, std::allocator<char> > >, true> >&)
0x24f85 1404 10 0 10 2 0 0 1
+1 * 10
+3 * 10
+4 * 10 0 10
+4 * 10 0 10
+4 * 10 0 10
+4 * 10 0 10
+4 * 10 10
+4 * 10 0 10
fi=(360)
+4 3024 10 10
+4 * 10 10
+4 * 10 0 10
+4 * 10 10
+4 * 10 10
+4 * 10 0 10
+4 * 10 10 0 2 0 0 1
fe=(353)
+4 1410 10 10
+4 * 10
+3 * 10 0 10
cfn=(2510)
calls=10 0x2b9ec -56 
* * 2620 1050 1020 12 0 0 6 0 0 70 28
+5 +3 10 10
+1 * 10 10

fn=(1694)
0x155a6 1377 4 0 4
+1 * 4
+3 * 4
+4 * 4 0 4
+4 * 4 0 4
+4 * 4 0 4
+4 * 4 0 4
+4 +4 4 4 0 2 0 0 1
+4 * 4 4
+4 * 4
+4 * 4 0 4
+4 +1 4 4
+5 * 4 0 0 0 0 0 0 0 0 4 3
+2 +12 2 2
+4 * 2
+8 * 2 2
+4 * 2 2
+4 * 2
+3 * 2
+3 * 2
+3 * 2
+3 * 2 0 2
cob=(2)
cfi=(290)
cfn=(1076)
calls=2 0x171fc0 255 
* * 26 6 4 2 0 0 0 0 0 6 3
* * 2 2 0 2 0 0 0 0 0 0 0 2
+5 +2 4 4
+4 * 4 0 0 2 0 0 1
+8 * 4 4
+4 * 4
+3 +1 4 4
+1 * 4 4

fn=(1736) std::__detail::_State<char>* std::__relocate_a<std::__detail::_State<char>*, std::__detail::_State<char>*, std::allocator<std::__detail::_State<char> > >(std::__detail::_State<char>*, std::__detail::_State<char>*, std::__detail::_State<char>*, std::allocator<std::__detail::_State<char> >&)
0x19d06 1404 11 0 11
+1 * 11
+3 * 11
+4 * 11 0 11
+4 * 11 0 11
+4 * 11 0 11
+4 * 11 0 11
+4 * 11 11
+4 * 11 0 11
fi=(360)
+4 3024 11 11
+4 * 11 11
+4 * 11 0 11
+4 * 11 11
+4 * 11 11
+4 * 11 0 11
+4 * 11 11 0 2 0 0 1
fe=(353)
+4 1410 11 11
+4 * 11
+3 * 11 0 11
cfn=(1738)
calls=11 0x1f164 -56 
* * 8118 3052 2766 13 0 1 6 0 0 219 46
+5 +3 11 11
+1 * 11 11

fn=(2430)
0x24c0a 131 2 0 2
+1 * 2
+3 * 2 0 2
+4 * 2 2
+4 * 2 0 2
+8 * 2
+1 * 2 2
+1 * 2 2

fn=(2548)
0x2fb3f 1331 30 0 30
+1 * 30 0 0 2 0 0 1
+3 * 30 0 30
+2 * 30 0 30
+1 * 30
+7 * 30 0 30
+7 * 30 0 30
+7 * 30 0 30
+7 * 30 30
+7 * 30 0 30
fi=(349)
+4 139 30 30
+4 * 30 30
+7 * 30 0 30
+4 * 30 30 0 2 0 0 1
+7 * 30 0 30
+4 * 30 0 30
+4 * 30 30
+4 * 30 0 30
+4 -66 30 30
+4 * 30 30
+4 * 30 0 30
+4 * 30 0 30
+4 * 30 30
+4 * 30 0 30
fi=(293)
+4 203 30 30
+4 * 30
+3 * 30
+5 * 30 0 30
cfi=(344)
cfn=(1542)
calls=30 0x917a -33 
* * 210 90 90
+5 * 30 30
+4 * 30 0 30 2 0 0 1
fi=(349)
+4 73 30 30
fi=(293)
+4 203 30 30
+3 * 30 30
+4 * 30 0 30
+3 * 30 0 30
+4 * 30 30
+4 * 30 0 30
+4 * 30
+5 * 30
+2 * 30 0 0 0 0 0 0 0 0 30 10
+13 * 30
fi=(318)
+1 720 30
+1 * 30 30
+7 * 30 0 30
fi=(349)
+4 177 30 30 0 2 0 0 1
+4 * 30 30
+7 * 30 0 30
+4 * 30 0 30
+4 * 30 30
+4 * 30 0 30
+4 * 30 30
+4 * 30 0 30
fi=(293)
+4 +33 30
fi=(318)
+1 740 30
fe=(353)
+1 1341 30
+1 * 30
+7 * 30 30
+1 * 30 30
+2 * 30 30
+1 * 30 30

fl=(356)
fn=(1856)
0x94ee 44 387 0 387
+1 * 387
+3 * 387 0 387
+4 * 387 0 387
+4 * 387 0 387
+3 * 387 387
+4 * 387 387
+4 * 387 387
+4 * 387
+3 * 387
+3 * 387
+3 * 387 387 0 0 5 0 0 5
+3 * 387 387
+4 * 387
+3 * 387
+3 * 387 387
+1 * 387 387

fl=(361) /usr/include/c++/16.1.1/bits/std_function.h
fn=(1988) std::function<bool (char)>::function<std::__detail::_BracketMatcher<std::__cxx11::regex_traits<char>, false, false>, void>(std::__detail::_BracketMatcher<std::__cxx11::regex_traits<char>, false, false>&&)
0x1afdc 425 3 0 3
+1 * 3
+3 * 3 0 3
+1 * 3
+4 * 3 0 3
+4 * 3 0 3
+4 +2 3 3
+4 * 3
+4 * 3 0 3
+3 * 3 0 3
+5 * 3 3 0 2 0 0 1
+4 * 3
+3 * 3 0 3
cfn=(1990) std::_Function_base::_Function_base()
calls=3 0x115ba 244 
* * 33 12 15 2 0 0 1
+5 * 3 3
+4 * 3 0 3
+8 +10 3 3
+4 * 3
+3 * 3 0 3
cfn=(1992) bool std::_Function_base::_Base_manager<std::__detail::_BracketMatcher<std::__cxx11::regex_traits<char>, false, false> >::_M_not_empty_function<std::__detail::_BracketMatcher<std::__cxx11::regex_traits<char>, false, false> >(std::__detail::_BracketMatcher<std::__cxx11::regex_traits<char>, false, false> const&)
calls=3 0x21017 240 
* * 18 6 6
+5 * 3
+2 * 3 0 0 0 0 0 0 0 0 3
+2 * 3 3
+4 * 3 0 3
fi=(349)
+4 73 3 3
fe=(361)
+4 439 3 3
+4 * 3
+3 * 3
+3 * 3 0 3
cfn=(1994) void std::_Function_base::_Base_manager<std::__detail::_BracketMatcher<std::__cxx11::regex_traits<char>, false, false> >::_M_init_functor<std::__detail::_BracketMatcher<std::__cxx11::regex_traits<char>, false, false> >(std::_Any_data&, std::__detail::_BracketMatcher<std::__cxx11::regex_traits<char>, false, false>&&)
calls=3 0x21026 216 
* * 1726 638 480 66 0 1 27 0 0 70 10 6
+5 +2 3 3 0 2 0 0 1
+4 * 3
+7 * 3 0 3
+4 +1 3 3
+4 * 3
+7 * 3 0 3
+4 +2 3
+28 * 3
+1 * 3 3
+4 * 3 3
+1 * 3 3 0 2 0 0 1

fn=(2044) std::function<bool (char)>::operator=(std::function<bool (char)>&&)
0x1f362 477 4 0 4 2 0 0 1
+1 * 4
+3 * 4
+4 * 4 0 4
+4 * 4 0 4
+4 * 4 4
+9 * 4 0 4
+4 * 4 0 0 2 0 0 1
+2 * 4 4
+4 * 4 0 4
fi=(349)
+4 139 4 4
fe=(361)
+4 479 4
+4 * 4
+3 * 4
+3 * 4 0 4
cfn=(2046) std::function<bool (char)>::function(std::function<bool (char)>&&)
calls=4 0x11668 -85 
* * 272 112 92 7 0 0 2 0 0 4
+5 * 4 4
+4 * 4
+4 * 4
+3 * 4
+3 * 4 0 4
cfn=(2052) std::function<bool (char)>::swap(std::function<bool (char)>&)
calls=4 0x26a88 +67 
* * 480 212 144 19 0 0 8 0 0 12 9
+5 * 4
+4 * 4
+3 * 4 0 4
cfn=(2060) std::function<bool (char)>::~function()
calls=4 0xf47e 324 
* * 84 28 20 0 0 0 0 0 0 4 2
+5 +1 4 4
+4 +1 4 4 0 2 0 0 1
+4 * 4 4
+9 * 4 0 0 0 0 0 0 0 0 4 2
+7 * 4 4
+1 * 4 4

fn=(2050) std::_Function_base::_M_empty() const
0x96de 252 31 0 31 2 0 0 1
+1 * 31
+3 * 31 0 31
+4 * 31 31
+4 * 31 31
+4 * 31
+3 * 31
+3 * 31 31
+1 * 31 31

fn=(2180) bool std::_Function_base::_Base_manager<std::__detail::_CharMatcher<std::__cxx11::regex_traits<char>, false, false> >::_M_not_empty_function<std::__detail::_CharMatcher<std::__cxx11::regex_traits<char>, false, false> >(std::__detail::_CharMatcher<std::__cxx11::regex_traits<char>, false, false> const&)
0x1fad4 240 1 0 1
+1 * 1
+3 * 1 0 1
+4 +1 1
+5 * 1 1
+1 * 1 1

fn=(2574) std::_Function_handler<bool (char), std::__detail::_BracketMatcher<std::__cxx11::regex_traits<char>, false, false> >::_M_invoke(std::_Any_data const&, char&&)
0x21054 293 10 0 10 2
+1 * 10
+3 * 10 0 10
+1 * 10
+4 * 10 0 10
+4 * 10 0 10
+4 * 10 10
+4 * 10 0 10
fi=(349)
+4 73 10 10
fe=(361)
+4 295 10 10
+4 * 10
+3 * 10 0 10
cfn=(2576) std::_Function_base::_Base_manager<std::__detail::_BracketMatcher<std::__cxx11::regex_traits<char>, false, false> >::_M_get_pointer(std::_Any_data const&)
calls=10 0x28d1f 136 
* * 250 100 80 6 0 0 1
+5 * 10
+3 * 10 0 0 2 0 0 1
+3 * 10 0 10
cfi=(366)
cfn=(2582)
calls=10 0x28d3c 106 
* * 1280 430 370 24 0 0 7 0 0 20 2
+5 +2 10 10
+4 * 10 10
+1 * 10 10

fn=(2614) std::_Function_handler<bool (char), std::__detail::_CharMatcher<std::__cxx11::regex_traits<char>, false, false> >::_M_invoke(std::_Any_data const&, char&&)
0x1fb11 293 1 0 1 1
+1 * 1
+3 * 1 0 1
+1 * 1
+4 * 1 0 1
+4 * 1 0 1
+4 * 1 1
+4 * 1 0 1
fi=(349)
+4 73 1 1
fe=(361)
+4 295 1 1
+4 * 1
+3 * 1 0 1
cfn=(2616) std::_Function_base::_Base_manager<std::__detail::_CharMatcher<std::__cxx11::regex_traits<char>, false, false> >::_M_get_pointer(std::_Any_data const&)
calls=1 0x2758c 136 
* * 28 11 10 2 0 0 1
+5 * 1
+3 * 1
+3 * 1 0 1 1 0 0 1
cfi=(366)
cfn=(2620)
calls=1 0x275b6 106 
* * 59 23 20 5 0 0 4
+5 +2 1 1
+4 * 1 1
+1 * 1 1

fn=(1990)
0x115ba 244 28 0 28
+1 * 28
+3 * 28 0 28 2 0 0 1
+4 * 28 28
+4 * 28 0 28
+7 * 28 0 28
+8 * 28 28
+4 * 28 0 28
+8 * 28
+1 * 28 28
+1 * 28 28

fn=(2052)
0x26a88 546 4 0 4 2 0 0 1
+1 * 4
+3 * 4
+4 * 4 0 4
+4 * 4 0 4
+4 +2 4 4
+4 * 4 4
+4 * 4
+3 * 4
+3 * 4 0 4
cfi=(349)
cfn=(2054) std::enable_if<std::__and_<std::__not_<std::__is_tuple_like<std::_Any_data> >, std::is_move_constructible<std::_Any_data>, std::is_move_assignable<std::_Any_data> >::value, void>::type std::swap<std::_Any_data>(std::_Any_data&, std::_Any_data&)
calls=4 0x2cd17 230 
* * 140 68 48 6 0 0 3 0 0 4 4
+5 +1 4 4
+4 * 4
+4 * 4 4
+4 * 4
+4 * 4
+3 * 4 0 0 2 0 0 1
+3 * 4 0 4
cfi=(349)
cfn=(2056) std::enable_if<std::__and_<std::__not_<std::__is_tuple_like<bool (*)(std::_Any_data&, std::_Any_data const&, std::_Manager_operation)> >, std::is_move_constructible<bool (*)(std::_Any_data&, std::_Any_data const&, std::_Manager_operation)>, std::is_move_assignable<bool (*)(std::_Any_data&, std::_Any_data const&, std::_Manager_operation)> >::value, void>::type std::swap<bool (*)(std::_Any_data&, std::_Any_data const&, std::_Manager_operation)>(bool (*&)(std::_Any_data&, std::_Any_data const&, std::_Manager_operation), bool (*&)(std::_Any_data&, std::_Any_data const&, std::_Manager_operation))
calls=4 0x2cd9c 230 
* * 116 56 36 6 0 0 2 0 0 4 3
+5 +1 4 4
+4 * 4
+4 * 4 4
+4 * 4
+4 * 4
+3 * 4
+3 * 4 0 4
cfi=(349)
cfn=(2058) std::enable_if<std::__and_<std::__not_<std::__is_tuple_like<bool (*)(std::_Any_data const&, char&&)> >, std::is_move_constructible<bool (*)(std::_Any_data const&, char&&)>, std::is_move_assignable<bool (*)(std::_Any_data const&, char&&)> >::value, void>::type std::swap<bool (*)(std::_Any_data const&, char&&)>(bool (*&)(std::_Any_data const&, char&&), bool (*&)(std::_Any_data const&, char&&))
calls=4 0x2ce09 230 
* * 116 56 36 3 0 0 1 0 0 4 2
+5 +1 4
+1 * 4 4
+1 * 4 4

fn=(2062) std::_Function_base::~_Function_base()
0x96a4 246 28 0 28
+1 * 28
+3 * 28
+4 * 28 0 28
+4 +2 28 28
+4 * 28 28
+4 * 28
+3 * 28 0 0 0 0 0 0 0 0 28 14
+2 +1 4 4
+4 * 4 4
+4 * 4 4
+4 * 4 4
+4 * 4
+5 * 4
+3 * 4
+3 * 4 0 4 0 0 0 0 0 0 0 0 4 3
cfn=(2792) std::_Function_handler<bool (char), std::__detail::_CharMatcher<std::__cxx11::regex_traits<char>, false, false> >::_M_manager(std::_Any_data&, std::_Any_data const&, std::_Manager_operation)
calls=1 0x1fb4b +23 
* * 66 21 20 7 0 0 7 0 0 3 1
cfn=(2786) std::_Function_handler<bool (char), std::__detail::_BracketMatcher<std::__cxx11::regex_traits<char>, false, false> >::_M_manager(std::_Any_data&, std::_Any_data const&, std::_Manager_operation)
calls=3 0x2108e +23 
* * 1560 561 435 82 0 0 5 0 0 45 11 9
+3 +1 28
+1 * 28 28
+1 * 28 28

fn=(2576)
0x28d1f 136 10 0 10 2
+1 * 10
+3 * 10
+4 * 10 0 10
+4 +10 10 10
+4 * 10
+3 * 10 0 10
cfn=(2578) std::__detail::_BracketMatcher<std::__cxx11::regex_traits<char>, false, false>* const& std::_Any_data::_M_access<std::__detail::_BracketMatcher<std::__cxx11::regex_traits<char>, false, false>*>() const
calls=10 0x2e22a -49 
* * 150 60 50 4 0 0 1
+5 * 10 10
+3 +2 10 10
+1 * 10 10

fn=(2616)
0x2758c 136 1 0 1 1
+1 * 1
+3 * 1
+4 * 1 0 1
+4 +6 1 1
+4 * 1
+3 * 1 0 1
cfn=(2618) std::__detail::_CharMatcher<std::__cxx11::regex_traits<char>, false, false> const& std::_Any_data::_M_access<std::__detail::_CharMatcher<std::__cxx11::regex_traits<char>, false, false> >() const
calls=1 0x2d2c8 -45 
* * 15 6 5 1 0 0 1
+5 * 1 0 1
+4 * 1 1
+4 * 1 0 1
fi=(349)
+4 -89 1 1
fe=(361)
+4 +95 1 1
+1 * 1 1

fn=(2792)
0x1fb4b 272 1 0 1
+1 * 1
+3 * 1 0 1
+1 * 1
+4 * 1 0 1
+4 * 1 0 1
+4 * 1 0 1
+3 +3 1 1
+3 * 1
+2 * 1 0 0 0 0 0 0 0 0 1
+2 * 1
+3 * 1 0 0 0 0 0 0 0 0 1
+2 * 1
+58 +12 1 1 0 1 0 0 1
+3 * 1 1
+4 * 1 1
+4 * 1
+3 * 1
+3 * 1 0 1
cfn=(2794) std::_Function_base::_Base_manager<std::__detail::_CharMatcher<std::__cxx11::regex_traits<char>, false, false> >::_M_manager(std::_Any_data&, std::_Any_data const&, std::_Manager_operation)
calls=1 0x27606 185 
* * 43 14 14 5 0 0 5 0 0 1 1
+5 +2 1
+5 +1 1 1 0 1 0 0 1
+4 * 1 1
+1 * 1 1

fn=(2048) std::function<bool (char)>::operator bool() const
0x12f16 563 20 0 20 3
+1 * 20
+3 * 20
+4 * 20 0 20
+4 +1 20 20
+4 * 20
+3 * 20 0 20
cfn=(2050)
calls=20 0x96de 252 
* * 180 80 40 2 0 0 1
+5 * 20
+3 * 20 20
+1 * 20 20

fn=(2060)
0xf47e 324 28 0 28
+1 * 28
+3 * 28
+4 * 28 0 28
+4 * 28 28
+4 * 28
+3 * 28 0 28
cfn=(2062)
calls=28 0x96a4 -78 
* * 1966 710 515 89 0 0 12 0 0 76 26 13 3
+5 * 28
+1 * 28 28
+1 * 28 28

fn=(2578)
0x2e22a 97 10 0 10 2
+1 * 10
+3 * 10
+4 * 10 0 10
+4 +1 10 10
+4 * 10
+3 * 10 0 10 2 0 0 1
cfn=(2580) std::_Any_data::_M_access() const
calls=10 0x9696 -10 
* * 60 30 20
+5 * 10 10
+1 * 10 10

fn=(2580)
0x9696 88 11 0 11
+1 * 11
+3 * 11 0 11
+4 * 11 11
+4 * 11 11
+1 * 11 11

fn=(2618)
0x2d2c8 97 1 0 1 1 0 0 1
+1 * 1
+3 * 1
+4 * 1 0 1
+4 +1 1 1
+4 * 1
+3 * 1 0 1
cfn=(2580)
calls=1 0x9696 -10 
* * 6 3 2
+5 * 1 1
+1 * 1 1

fn=(2786)
0x2108e 272 3 0 3 2
+1 * 3
+3 * 3 0 3
+1 * 3
+4 * 3 0 3
+4 * 3 0 3
+4 * 3 0 3
+3 +3 3 3
+3 * 3
+2 * 3 0 0 0 0 0 0 0 0 3 2
+2 * 3
+3 * 3 0 0 0 0 0 0 0 0 3
+2 * 3
+58 +12 3 3 0 2 0 0 1
+3 * 3 3
+4 * 3 3
+4 * 3
+3 * 3
+3 * 3 0 3
cfn=(2788) std::_Function_base::_Base_manager<std::__detail::_BracketMatcher<std::__cxx11::regex_traits<char>, false, false> >::_M_manager(std::_Any_data&, std::_Any_data const&, std::_Manager_operation)
calls=3 0x28d8c 185 
* * 1491 540 417 76 0 0 3 0 0 39 9 9
+5 +2 3 0 0 2 0 0 1
+5 +1 3 3
+4 * 3 3
+1 * 3 3

fn=(2790) std::_Function_base::_Base_manager<std::__detail::_BracketMatcher<std::__cxx11::regex_traits<char>, false, false> >::_M_destroy(std::_Any_data&, std::integral_constant<bool, false>)
0x2e2ac 178 3 0 3 2 0 0 1
+1 * 3
+3 * 3 0 3
+1 * 3
+4 * 3 0 3
+4 +2 3 3
+4 * 3
+3 * 3 0 3 2 0 0 1
cfn=(2032) std::__detail::_BracketMatcher<std::__cxx11::regex_traits<char>, false, false>*& std::_Any_data::_M_access<std::__detail::_BracketMatcher<std::__cxx11::regex_traits<char>, false, false>*>()
calls=3 0x28d72 -88 
* * 45 18 15
+5 * 3 3
+3 * 3
+3 * 3 0 0 0 0 0 0 0 0 3
+2 * 3
+3 * 3 0 3
cfi=(337)
cfn=(2068) std::__detail::_BracketMatcher<std::__cxx11::regex_traits<char>, false, false>::~_BracketMatcher()
calls=3 0x16e26 420 
* * 1218 456 354 68 0 0 0 0 0 15 7
+5 * 3
+5 * 3
+3 * 3 0 3
cob=(7)
cfi=(354)
cfn=(1792)
calls=3 0xb4df0 32 
* * 111 33 12 0 0 0 0 0 0 18 0 6
* * 3 3 0 0 0 0 0 0 0 0 0 3
+5 +1 3
+1 * 3 3
+4 * 3 3
+1 * 3 3

fn=(1996) void std::_Function_base::_Base_manager<std::__detail::_BracketMatcher<std::__cxx11::regex_traits<char>, false, false> >::_M_create<std::__detail::_BracketMatcher<std::__cxx11::regex_traits<char>, false, false> >(std::_Any_data&, std::__detail::_BracketMatcher<std::__cxx11::regex_traits<char>, false, false>&&, std::integral_constant<bool, false>)
0x28cb6 163 3 0 3 2 0 0 1
+1 * 3
+3 * 3 0 3
+2 * 3 0 3
+1 * 3 0 0 2 0 0 1
+4 * 3 0 3
+4 * 3 0 3
+4 +3 3
+5 * 3 0 3
cob=(7)
cfi=(308)
cfn=(1178)
calls=3 0xb6f20 43 
* * 394 74 54 4 0 0 0 0 0 67 7 3
* * 3 3 0 0 0 0 0 0 0 0 0 3
+5 * 3
+3 * 3 3
+4 * 3 0 3
fi=(349)
+4 -93 3 3
fe=(361)
+4 +93 3
+3 * 3
+3 * 3 0 3
cfi=(337)
cfn=(1998) std::__detail::_BracketMatcher<std::__cxx11::regex_traits<char>, false, false>::_BracketMatcher(std::__detail::_BracketMatcher<std::__cxx11::regex_traits<char>, false, false>&&)
calls=3 0x28bd8 420 
* * 1152 507 366 48 0 1 20
+5 * 3
+6 -1 3 3
+4 * 3
+3 * 3 0 3
cfn=(2032)
calls=3 0x28d72 -73 
* * 45 18 15 6 0 0 3
+5 +1 3 0 3 2 0 0 1
+3 * 3
+3 * 3 0 0 0 0 0 0 0 0 3 3
+16 +1 3
+1 * 3
+4 * 3 3
+1 * 3 3
+2 * 3 3
+1 * 3 3

fn=(2184) void std::_Function_base::_Base_manager<std::__detail::_CharMatcher<std::__cxx11::regex_traits<char>, false, false> >::_M_create<std::__detail::_CharMatcher<std::__cxx11::regex_traits<char>, false, false> >(std::_Any_data&, std::__detail::_CharMatcher<std::__cxx11::regex_traits<char>, false, false>&&, std::integral_constant<bool, true>)
0x27532 155 1 0 1 1 0 0 1
+1 * 1
+3 * 1 0 1
+1 * 1
+4 * 1 0 1
+4 * 1 0 1 1 0 0 1
+4 +2 1 1
+4 * 1
+3 * 1 0 1
cfn=(2034) std::_Any_data::_M_access()
calls=1 0x9688 -70 
* * 6 3 2
+5 * 1
+3 * 1
+3 * 1
+5 * 1 0 1
cfi=(344)
cfn=(1542)
calls=1 0x917a +13 
* * 7 3 3
+5 * 1 1
+4 * 1 0 1
fi=(349)
+4 -84 1 1
fe=(361)
+4 +84 1 1
+3 * 1 0 1
+3 * 1
+5 * 1
+2 * 1 0 0 0 0 0 0 0 0 1 1
+13 +1 1 0 0 1 0 0 1
+1 * 1 1
+4 * 1 1
+1 * 1 1

fn=(2794)
0x27606 185 1 0 1 1 0 0 1
+1 * 1
+3 * 1 0 1
+1 * 1
+4 * 1 0 1
+4 * 1 0 1
+4 * 1 0 1
+3 +3 1 1
+3 * 1
+3 * 1 0 0 0 0 0 0 0 0 1 1
0x27694 +20 1 1 0 1 0 0 1
+4 * 1
+3 * 1 0 1
cfn=(2796) std::_Function_base::_Base_manager<std::__detail::_CharMatcher<std::__cxx11::regex_traits<char>, false, false> >::_M_destroy(std::_Any_data&, std::integral_constant<bool, true>)
calls=1 0x2d34a -37 
* * 25 9 8 3 0 0 3
+5 +1 1
+1 +2 1
+5 +1 1 1
+4 * 1 1
+1 * 1 1

fn=(2796)
0x2d34a 171 1 0 1 1 0 0 1
+1 * 1
+3 * 1
+4 * 1 0 1
+4 +2 1 1
+4 * 1
+3 * 1 0 1
cfn=(2798) std::__detail::_CharMatcher<std::__cxx11::regex_traits<char>, false, false>& std::_Any_data::_M_access<std::__detail::_CharMatcher<std::__cxx11::regex_traits<char>, false, false> >()
calls=1 0x306a8 -81 
* * 15 6 5 2 0 0 2
+5 +1 1
+1 * 1 1
+1 * 1 1

fn=(2798)
0x306a8 92 1 0 1 1 0 0 1
+1 * 1
+3 * 1
+4 * 1 0 1
+4 +1 1 1
+4 * 1
+3 * 1 0 1
cfn=(2034)
calls=1 0x9688 -6 
* * 6 3 2
+5 * 1 1 0 1 0 0 1
+1 * 1 1

fn=(1994)
0x21026 216 3 0 3
+1 * 3
+3 * 3
+4 * 3 0 3
+4 * 3 0 3
+4 * 3 3
+4 * 3 0 3
fi=(349)
+4 73 3 3 0 2 0 0 1
fe=(361)
+4 220 3 3
+4 * 3
+3 * 3
+3 * 3 0 3
cfn=(1996)
calls=3 0x28cb6 -57 
* * 1681 623 465 64 0 1 26 0 0 70 10 6
+5 +1 3
+1 * 3 3
+1 * 3 3

fn=(2034)
0x9688 87 8 0 8 2 0 0 1
+1 * 8
+3 * 8 0 8
+4 * 8 8
+4 * 8 8
+1 * 8 8

fn=(2046)
0x11668 394 20 0 20
+1 * 20
+3 * 20
+4 * 20 0 20
+4 * 20 0 20
+4 +1 20 20
+4 * 20
+4 * 20 0 20 2 0 0 1
+3 * 20 0 20
+5 * 20 20
+4 * 20
+3 * 20 0 20
cfn=(1990)
calls=20 0x115ba 244 
* * 220 80 100
+5 * 20 20
+4 * 20 20
+4 * 20 20
+4 * 20 0 20
+4 +2 20 20
+4 * 20
+3 * 20 0 20
cfn=(2048)
calls=20 0x12f16 563 
* * 380 140 100 5 0 0 1
+5 * 20
+2 * 20 0 0 0 0 0 0 0 0 20
+2 +2 20 20
+4 * 20 20
+4 * 20 20
+4 * 20 20
+3 * 20 0 20
+3 * 20 0 20
+4 +1 20 20
+4 * 20 20
+4 * 20 20
+4 * 20 0 20
+4 +1 20 20
+4 * 20 0 20
+8 +1 20 20
+4 * 20 0 20
+8 +2 20
+1 * 20 20
+1 * 20 20

fn=(2178) std::function<bool (char)>::function<std::__detail::_CharMatcher<std::__cxx11::regex_traits<char>, false, false>, void>(std::__detail::_CharMatcher<std::__cxx11::regex_traits<char>, false, false>&&)
0x1a4d0 425 1 0 1
+1 * 1
+3 * 1
+4 * 1 0 1
+4 * 1 0 1
+4 +2 1 1
+4 * 1
+4 * 1 0 1
+3 * 1 0 1
+5 * 1 1
+4 * 1
+3 * 1 0 1
cfn=(1990)
calls=1 0x115ba 244 
* * 11 4 5
+5 * 1 1
+4 * 1 0 1 1 0 0 1
+8 +10 1 1
+4 * 1
+3 * 1 0 1
cfn=(2180)
calls=1 0x1fad4 240 
* * 6 2 2
+5 * 1
+2 * 1 0 0 0 0 0 0 0 0 1
+2 * 1 1
+4 * 1 0 1
fi=(349)
+4 73 1 1
fe=(361)
+4 439 1 1
+4 * 1
+3 * 1
+3 * 1 0 1
cfn=(2182) void std::_Function_base::_Base_manager<std::__detail::_CharMatcher<std::__cxx11::regex_traits<char>, false, false> >::_M_init_functor<std::__detail::_CharMatcher<std::__cxx11::regex_traits<char>, false, false> >(std::_Any_data&, std::__detail::_CharMatcher<std::__cxx11::regex_traits<char>, false, false>&&)
calls=1 0x1fae3 216 
* * 53 18 18 4 0 0 4 0 0 1 1
+5 +2 1 1
+4 * 1
+7 * 1 0 1 1 0 0 1
+4 +1 1 1
+4 * 1
+7 * 1 0 1
+4 +2 1
+1 * 1 1
+1 * 1 1

fn=(2182)
0x1fae3 216 1 0 1
+1 * 1
+3 * 1
+4 * 1 0 1
+4 * 1 0 1
+4 * 1 1
+4 * 1 0 1
fi=(349)
+4 73 1 1
fe=(361)
+4 220 1 1 0 1 0 0 1
+4 * 1
+3 * 1
+3 * 1 0 1
cfn=(2184)
calls=1 0x27532 -65 
* * 38 13 13 3 0 0 3 0 0 1 1
+5 +1 1
+1 * 1 1
+1 * 1 1

fn=(1992)
0x21017 240 3 0 3
+1 * 3
+3 * 3 0 3
+4 +1 3
+5 * 3 3
+1 * 3 3

fn=(2572) std::function<bool (char)>::operator()(char) const
0x2c3e0 577 11 0 11 2 0 0 1
+1 * 11
+3 * 11
+4 * 11 0 11
+4 * 11 0 11
+4 +2 11 11
+4 * 11
+3 * 11 0 11
cfn=(2050)
calls=11 0x96de 252 
* * 99 44 22
+5 * 11
+2 * 11 0 0 0 0 0 0 0 0 11 2
+7 +2 11 11 0 2 0 0 1
+4 * 11 11
fi=(349)
+4 73 11
fe=(361)
+4 581 11 11
+4 * 11
+3 * 11
+3 * 11 0 11 0 0 0 0 0 0 0 0 11 3
cfn=(2614)
calls=1 0x1fb11 293 
* * 105 40 37 9 0 0 6
cfn=(2574)
calls=10 0x21054 293 
* * 1710 590 520 34 0 0 9 0 0 20 2
+2 +1 11 11
+1 * 11 11

fn=(2040) std::function<bool (char)>::function()
0x115e4 358 4 0 4
+1 * 4
+3 * 4
+4 * 4 0 4
+4 +1 4 4
+4 * 4
+4 * 4 0 4
+3 * 4 0 4
+5 * 4 4
+4 * 4
+3 * 4 0 4
cfn=(1990)
calls=4 -77 244 
* * 44 16 20
+5 * 4 4
+4 * 4 0 4
+8 * 4
+1 * 4 4
+1 * 4 4

fn=(2032)
0x28d72 92 6 0 6 2 0 0 1
+1 * 6
+3 * 6
+4 * 6 0 6
+4 +1 6 6 0 2 0 0 1
+4 * 6
+3 * 6 0 6
cfn=(2034)
calls=6 0x9688 -6 
* * 36 18 12 2 0 0 1
+5 * 6 6
+1 * 6 6

fn=(2788)
0x28d8c 185 3 0 3 2
+1 * 3
+3 * 3 0 3
+1 * 3
+4 * 3 0 3
+4 * 3 0 3
+4 * 3 0 3
+3 +3 3 3
+3 * 3
+3 * 3 0 0 0 0 0 0 0 0 3 2
0x28e1a +20 3 3 0 2 0 0 1
+4 * 3
+3 * 3 0 3
cfn=(2790)
calls=3 0x2e2ac -30 
* * 1437 525 399 72 0 0 2 0 0 36 7 9
+5 +1 3
+1 +2 3
+5 +1 3 3
+4 * 3 3
+1 * 3 3

fl=(309) /usr/include/c++/16.1.1/bits/streambuf_iterator.h
fn=(1196) std::istreambuf_iterator<char, std::char_traits<char> >::istreambuf_iterator()
0xa8fc 120 1 0 1 1 0 0 1
+1 * 1
+3 * 1
+4 * 1 0 1
+4 +1 1 1
+4 * 1 0 1
+7 * 1 0 1
cfi=(288) /usr/include/c++/16.1.1/bits/char_traits.h
cfn=(1198) std::char_traits<char>::eof()
calls=1 0x924b 463 
* * 5 2 1 1 0 0 1
+5 * 1 1
+4 * 1 0 1
+3 * 1
+1 * 1 1
+1 * 1 1

fn=(1188) std::ostreambuf_iterator<char, std::char_traits<char> >::ostreambuf_iterator(std::ostream&)
0xa922 286 1 0 1 1 0 0 1
+1 * 1
+3 * 1
+4 * 1 0 1
+4 * 1 0 1
+4 +1 1 1
+4 * 1 1
+3 * 1
+4 * 1 1 0 0 1
+3 * 1 0 0 1 0 0 1
+3 * 1 1
+4 * 1
+3 * 1
+3 * 1 0 1
cob=(7)
cfi=(247)
cfn=(1194)
calls=1 0x1389e0 +51 
* * 3 2 0 1 0 0 1
cob=(1)
cfi=(282)
cfn=(1028)
calls=1 0x14550 39 
* * 977 277 128 4 9 0 0 3 0 128 9 3 3
* * 5 3 2 0 0 0 0 0 0 0 0 2 1
+5 * 1 1
+4 * 1 0 1
+3 * 1 1
+4 * 1 1
+3 * 1
+3 * 1
+3 * 1 1
+4 * 1 0 1
+3 * 1
+1 * 1 1
+1 * 1 1

fn=(1206) std::istreambuf_iterator<char, std::char_traits<char> >::istreambuf_iterator(std::basic_streambuf<char, std::char_traits<char> >*)
0xa8d2 139 1 0 1
+1 * 1
+3 * 1
+4 * 1 0 1
+4 * 1 0 1
+4 +1 1 1
+4 * 1 1
+4 * 1 0 1
+3 * 1 0 1
cfi=(288)
cfn=(1198)
calls=1 0x924b 463 
* * 5 2 1
+5 * 1 1
+4 * 1 0 1
+3 * 1
+1 * 1 1
+1 * 1 1

fn=(1208) __gnu_cxx::__enable_if<std::__is_char<char>::__value, std::ostreambuf_iterator<char, std::char_traits<char> > >::__type std::copy<char>(std::istreambuf_iterator<char, std::char_traits<char> >, std::istreambuf_iterator<char, std::char_traits<char> >, std::ostreambuf_iterator<char, std::char_traits<char> >)
0xa970 341 1 0 1
+1 * 1
+3 * 1
+4 * 1
+3 * 1
+3 * 1 0 0 1 0 0 1
+3 * 1
+5 * 1
+3 * 1 0 1
+4 * 1 0 1
+4 * 1 0 1
+4 * 1 0 1
+4 * 1 0 1
+4 * 1 0 1
+4 * 1 1
+9 * 1 0 1
+4 * 1
+2 +4 1 1
+4 * 1
+3 * 1 0 0 0 0 0 0 0 0 1
+2 * 1 1
+4 * 1
+3 * 1 0 0 1 0 0 1 0 0 1 1
+2 * 1 1
+4 * 1
+3 * 1
+2 * 1 0 0 0 0 0 0 0 0 1
+2 +3 1 1
+4 * 1 1
+4 * 1
+4 * 1
+3 * 1
+3 * 1 0 1
cob=(7)
cfi=(310)
cfn=(1214)
calls=1 0xd3bd0 39 
* * 1353593 1131309 1124013 147 33568 56959 138 131 56876 1055065 749 1667 41
cob=(1)
cfi=(282)
cfn=(1028)
calls=1 0x14550 39 
* * 1260 330 136 2 17 1 0 4 0 176 17 2 2
* * 5 3 2 1 1 0 1 0 0 0 0 2 1
+5 +1 1 1 0 0 1
+4 * 1
+3 * 1
+2 * 1 0 0 0 0 0 0 0 0 1 1
+6 +3 1 1
+4 * 1 1
+4 +1 1 1
+4 * 1 1 0 1 0 0 1
+9 * 1 0 0 0 0 0 0 0 0 1 1
+7 * 1 1
+1 * 1 1

fl=(346)
fn=(2092) void std::_Destroy<std::pair<char, char>*>(std::pair<char, char>*, std::pair<char, char>*)
0x27df4 219 6 0 6 5 0 0 1
+1 * 6
+3 * 6 0 6
+4 * 6 0 6
+4 +17 6
+1 * 6 6
+1 * 6 6

fn=(2128) void std::_Destroy<char*>(char*, char*)
0x27dac 219 6 0 6
+1 * 6
+3 * 6 0 6
+4 * 6 0 6
+4 +17 6
+1 * 6 6
+1 * 6 6

fn=(2426)
0x24bc0 123 28 0 28 2 0 0 1
+1 * 28
+3 * 28 0 28
+2 * 28 0 28
+1 * 28
+4 * 28 0 28
+4 +10 28 28
+4 * 28
+3 * 28
+5 * 28 0 28
cfi=(344)
cfn=(1542)
calls=28 0x917a +37 
* * 196 84 84
+5 * 28
+3 * 28
+3 * 28 0 28
cfi=(363) /usr/include/c++/16.1.1/bits/stl_pair.h
cfn=(2428) std::pair<__gnu_cxx::__normal_iterator<char const*, std::__cxx11::basic_string<char, std::char_traits<char>, std::allocator<char> > >, int>::pair<__gnu_cxx::__normal_iterator<char const*, std::__cxx11::basic_string<char, std::char_traits<char>, std::allocator<char> > >, int, true>()
calls=28 0x2b72c 748 
* * 364 140 140 2 0 0 1
+5 * 28
+5 * 28
+2 * 28 0 0 0 0 0 0 0 0 28 8
+13 +1 28
+1 * 28 0 0 2 0 0 1
+4 * 28 28
+1 * 28 28
+2 * 28 28
+1 * 28 28

fn=(2074) void std::_Destroy<std::__cxx11::regex_traits<char>::_RegexMask*>(std::__cxx11::regex_traits<char>::_RegexMask*, std::__cxx11::regex_traits<char>::_RegexMask*)
0x27e03 219 6 0 6 2
+1 * 6
+3 * 6 0 6
+4 * 6 0 6
+4 +17 6
+1 * 6 6
+1 * 6 6

fn=(2782) void std::_Destroy<std::__detail::_State<char>*>(std::__detail::_State<char>*, std::__detail::_State<char>*)
0x32932 219 2 0 2 2 0 0 1
+1 * 2
+3 * 2
+4 * 2 0 2
+4 * 2 0 2 2 0 0 1
+4 +6 2
+2 * 28 28
+4 * 28 0 28
fi=(349)
+4 -48 28 28
fe=(346)
+4 +49 28
+3 * 28 0 28
cfn=(2784) void std::_Destroy<std::__detail::_State<char> >(std::__detail::_State<char>*)
calls=28 0x3469a -65 
* * 2694 934 731 96 0 0 13 0 0 80 32 13 3
+5 -1 28 0 28
+5 * 28 28
+4 * 28 28
+4 * 28 0 0 0 0 0 0 0 0 28 9
-8 * 2 2
+4 * 2 2
+4 * 2 0 0 0 0 0 0 0 0 2 2
+2 +11 2
+1 * 2
+1 * 2 2
+1 * 2 2

fn=(2346)
0x24a72 123 22 0 22 2 0 0 1
+1 * 22
+3 * 22 0 22
+2 * 22 0 22
+1 * 22
+4 * 22 0 22 2 0 0 1
+4 * 22 0 22
+4 +10 22 22
+4 * 22
+3 * 22
+5 * 22 0 22
cfi=(344)
cfn=(1542)
calls=22 0x917a +37 
* * 154 66 66
+5 * 22 22
+4 * 22 0 22
fi=(349)
+4 -60 22 22
fe=(346)
+4 +60 22 22
+3 * 22 22
+4 * 22 0 22
+3 * 22 0 22
+4 * 22 22
+4 * 22 0 22
+4 * 22
+5 * 22
+2 * 22 0 0 2 0 0 1 0 0 22 4
+13 +1 22
+1 * 22
+4 * 22 22
+1 * 22 22
+2 * 22 22
+1 * 22 22

fn=(2700) void std::_Destroy<std::__detail::_ExecutorFrame<__gnu_cxx::__normal_iterator<char const*, std::__cxx11::basic_string<char, std::char_traits<char>, std::allocator<char> > >, true>*>(std::__detail::_ExecutorFrame<__gnu_cxx::__normal_iterator<char const*, std::__cxx11::basic_string<char, std::char_traits<char>, std::allocator<char> > >, true>*, std::__detail::_ExecutorFrame<__gnu_cxx::__normal_iterator<char const*, std::__cxx11::basic_string<char, std::char_traits<char>, std::allocator<char> > >, true>*)
0x147a3 219 2 0 2
+1 * 2
+3 * 2 0 2
+4 * 2 0 2
+4 +17 2
+1 * 2 2
+1 * 2 2

fn=(2784)
0x3469a 161 28 0 28 2 0 0 1
+1 * 28
+3 * 28
+4 * 28 0 28
+4 +5 28 28
+4 * 28
+3 * 28 0 28
cfi=(347)
cfn=(1752)
calls=28 0xf49a -7 
* * 2414 850 647 94 0 0 12 0 0 80 32 13 3
+5 +2 28
+1 * 28 28
+1 * 28 28

fn=(2814) void std::_Destroy<unsigned long*>(unsigned long*, unsigned long*)
0xc0f9 219 2 0 2 2 0 0 1
+1 * 2
+3 * 2 0 2 2
+4 * 2 0 2
+4 +17 2
+1 * 2 2
+1 * 2 2

fn=(2110) void std::_Destroy<std::__cxx11::basic_string<char, std::char_traits<char>, std::allocator<char> >*>(std::__cxx11::basic_string<char, std::char_traits<char>, std::allocator<char> >*, std::__cxx11::basic_string<char, std::char_traits<char>, std::allocator<char> >*)
0x27dbb 219 6 0 6
+1 * 6
+3 * 6
+4 * 6 0 6
+4 * 6 0 6
+4 +6 6
+27 * 6 6
+4 * 6 6
+4 * 6 0 0 0 0 0 0 0 0 6
+2 +11 6
+1 * 6
+1 * 6 6
+1 * 6 6

fn=(2358) void std::_Destroy<std::__cxx11::sub_match<__gnu_cxx::__normal_iterator<char const*, std::__cxx11::basic_string<char, std::char_traits<char>, std::allocator<char> > > >*>(std::__cxx11::sub_match<__gnu_cxx::__normal_iterator<char const*, std::__cxx11::basic_string<char, std::char_traits<char>, std::allocator<char> > > >*, std::__cxx11::sub_match<__gnu_cxx::__normal_iterator<char const*, std::__cxx11::basic_string<char, std::char_traits<char>, std::allocator<char> > > >*)
0xc858 219 8 0 8
+1 * 8
+3 * 8 0 8
+4 * 8 0 8
+4 +17 8
+1 * 8 8
+1 * 8 8

fn=(2648) void std::_Destroy<__gnu_cxx::__normal_iterator<std::__cxx11::sub_match<__gnu_cxx::__normal_iterator<char const*, std::__cxx11::basic_string<char, std::char_traits<char>, std::allocator<char> > > >*, std::vector<std::__cxx11::sub_match<__gnu_cxx::__normal_iterator<char const*, std::__cxx11::basic_string<char, std::char_traits<char>, std::allocator<char> > > >, std::allocator<std::__cxx11::sub_match<__gnu_cxx::__normal_iterator<char const*, std::__cxx11::basic_string<char, std::char_traits<char>, std::allocator<char> > > > > > > >(__gnu_cxx::__normal_iterator<std::__cxx11::sub_match<__gnu_cxx::__normal_iterator<char const*, std::__cxx11::basic_string<char, std::char_traits<char>, std::allocator<char> > > >*, std::vector<std::__cxx11::sub_match<__gnu_cxx::__normal_iterator<char const*, std::__cxx11::basic_string<char, std::char_traits<char>, std::allocator<char> > > >, std::allocator<std::__cxx11::sub_match<__gnu_cxx::__normal_iterator<char const*, std::__cxx11::basic_string<char, std::char_traits<char>, std::allocator<char> > > > > > >, __gnu_cxx::__normal_iterator<std::__cxx11::sub_match<__gnu_cxx::__normal_iterator<char const*, std::__cxx11::basic_string<char, std::char_traits<char>, std::allocator<char> > > >*, std::vector<std::__cxx11::sub_match<__gnu_cxx::__normal_iterator<char const*, std::__cxx11::basic_string<char, std::char_traits<char>, std::allocator<char> > > >, std::allocator<std::__cxx11::sub_match<__gnu_cxx::__normal_iterator<char const*, std::__cxx11::basic_string<char, std::char_traits<char>, std::allocator<char> > > > > > >)
0x1d190 219 2 0 2
+1 * 2
+3 * 2 0 2
+4 * 2 0 2
+4 +17 2
+1 * 2 2
+1 * 2 2

fn=(2774)
0x37279 161 2 0 2 2 0 0 1
+1 * 2
+3 * 2 0 0 2 0 0 1
+4 * 2 0 2
+4 +5 2 2
+4 * 2
+3 * 2 0 2
cfi=(347)
cfn=(2776) std::__detail::_NFA<std::__cxx11::regex_traits<char> >::~_NFA()
calls=2 -78 +57 
* * 3792 1335 1017 162 0 0 20 0 0 155 48 27 3
+5 +2 2
+1 * 2 2
+1 * 2 2

fn=(2662) void std::_Destroy<std::pair<long, std::vector<std::__cxx11::sub_match<__gnu_cxx::__normal_iterator<char const*, std::__cxx11::basic_string<char, std::char_traits<char>, std::allocator<char> > > >, std::allocator<std::__cxx11::sub_match<__gnu_cxx::__normal_iterator<char const*, std::__cxx11::basic_string<char, std::char_traits<char>, std::allocator<char> > > > > > >*>(std::pair<long, std::vector<std::__cxx11::sub_match<__gnu_cxx::__normal_iterator<char const*, std::__cxx11::basic_string<char, std::char_traits<char>, std::allocator<char> > > >, std::allocator<std::__cxx11::sub_match<__gnu_cxx::__normal_iterator<char const*, std::__cxx11::basic_string<char, std::char_traits<char>, std::allocator<char> > > > > > >*, std::pair<long, std::vector<std::__cxx11::sub_match<__gnu_cxx::__normal_iterator<char const*, std::__cxx11::basic_string<char, std::char_traits<char>, std::allocator<char> > > >, std::allocator<std::__cxx11::sub_match<__gnu_cxx::__normal_iterator<char const*, std::__cxx11::basic_string<char, std::char_traits<char>, std::allocator<char> > > > > > >*)
0x1494e 219 2 0 2 2 0 0 1
+1 * 2
+3 * 2
+4 * 2 0 2
+4 * 2 0 2
+4 +6 2
+27 * 2 2
+4 * 2 2
+4 * 2 0 0 0 0 0 0 0 0 2
+2 +11 2
+1 * 2
+1 * 2 2
+1 * 2 2

fn=(1558)
0x1efdb 123 2 0 2
+1 * 2
+3 * 2 0 2
+2 * 2 0 2
+2 * 2 0 2
+2 * 2 0 2
+1 * 2
+4 * 2 0 2
+4 * 2 0 2
+4 * 2 0 2
+4 +10 2 2
+4 * 2
+3 * 2 0 0 2 0 0 1
+5 * 2 0 2
cfi=(344)
cfn=(1542)
calls=2 0x917a +37 
* * 14 6 6
+5 * 2
+3 * 2
+6 * 2 2
+4 * 2 0 2
fi=(349)
+4 -60 2 2
fe=(346)
+4 +60 2 2
+2 * 2 2
+4 * 2 0 2
fi=(349)
+4 -60 2 2
fe=(346)
+4 +60 2
+3 * 2
+3 * 2 0 2
cfi=(347)
cfn=(1560) std::__detail::_NFA<std::__cxx11::regex_traits<char> >::_NFA(std::locale const&, std::regex_constants::syntax_option_type)
calls=2 0x26656 +97 
* * 1463 488 294 39 10 10 19 2 0 131 25 22 14
+5 * 2
+5 * 2
+2 * 2 0 0 0 0 0 0 0 0 2 2
+13 +1 2
+32 * 2
+4 * 2 2
+1 * 2 2
+2 * 2 2
+2 * 2 2
+2 * 2 2
+1 * 2 2

fn=(2678) void std::_Destroy<std::pair<__gnu_cxx::__normal_iterator<char const*, std::__cxx11::basic_string<char, std::char_traits<char>, std::allocator<char> > >, int>*>(std::pair<__gnu_cxx::__normal_iterator<char const*, std::__cxx11::basic_string<char, std::char_traits<char>, std::allocator<char> > >, int>*, std::pair<__gnu_cxx::__normal_iterator<char const*, std::__cxx11::basic_string<char, std::char_traits<char>, std::allocator<char> > >, int>*)
0x1493f 219 2 0 2
+1 * 2
+3 * 2 0 2
+4 * 2 0 2
+4 +17 2
+1 * 2 2
+1 * 2 2

fl=(368) /usr/include/c++/16.1.1/ext/string_conversions.h
fn=(2758) __gnu_cxx::__stoa<unsigned long, unsigned long, char, int>(unsigned long (*)(char const*, char**, int), char const*, char const*, unsigned long*, int)::_Save_errno::~_Save_errno()
0x6b48 68 4 0 4
+1 * 4
+3 * 4
+4 * 4 0 4
+4 * 4 0 4
cob=(2)
cfi=(369)
cfn=(2750)
calls=4 0x27ae0 -43 
* * 16 12
* * 4 4 0 0 0 0 0 0 0 0 0 4
+5 * 4 4
+2 * 4
+2 * 4 0 0 0 0 0 0 0 0 4
+2 * 4 0 4
cob=(2)
cfi=(369)
cfn=(2750)
calls=4 0x27ae0 -43 
* * 16 12
* * 4 4 0 0 0 0 0 0 0 0 0 4
+5 * 4 4
+4 * 4 4
+2 * 4 0 4
+2 * 4
+1 * 4 4
+1 * 4 4

fn=(2756) __gnu_cxx::__stoa<unsigned long, unsigned long, char, int>(unsigned long (*)(char const*, char**, int), char const*, char const*, unsigned long*, int)::_Range_chk::_S_chk(unsigned long, std::integral_constant<bool, false>)
0x6b6f 74 4 0 4
+1 * 4
+3 * 4 0 4
+4 * 4
+5 * 4 4
+1 * 4 4

fn=(2742) unsigned long __gnu_cxx::__stoa<unsigned long, unsigned long, char, int>(unsigned long (*)(char const*, char**, int), char const*, char const*, unsigned long*, int)
0x6b7e 58 4 0 4 2 0 0 1
+1 * 4 0 0 2 0 0 1
+3 * 4 0 4
+1 * 4
+4 * 4 0 4
+4 * 4 0 4
+4 * 4 0 4
+4 * 4 0 4
+4 * 4 0 4
+4 * 4 4
+9 * 4 0 4
+4 * 4
+2 +12 4
+4 * 4
+3 * 4 0 4
cfn=(2744) __gnu_cxx::__stoa<unsigned long, unsigned long, char, int>(unsigned long (*)(char const*, char**, int), char const*, char const*, unsigned long*, int)::_Save_errno::_Save_errno()
calls=4 0x6b20 -3 
* * 1047 342 163 48 15 0 1 1 0 134 13 12 5
+5 +14 4 4
+4 * 4 4
+3 * 4 0 0 2 0 0 1
+4 * 4 4
+4 * 4
+3 * 4
+3 * 4 0 4 0 0 0 0 0 0 0 0 4 1
cob=(2)
cfi=(370)
cfn=(2752)
calls=4 0x53c20 +41 
* * 565 87 48 22 12 0 10 2 0 122 24
+3 * 4 0 4
+4 +2 4 4
+4 * 4 4
+4 * 4 0 0 0 0 0 0 0 0 4 2
+34 +2 4 0 4 3 0 0 1
cob=(2)
cfi=(369)
cfn=(2750)
calls=4 0x27ae0 -63 
* * 16 12
* * 4 4 0 0 0 0 0 0 0 0 0 4
+5 * 4 4
+2 +1 4
+3 * 4 0 0 0 0 0 0 0 0 4
+2 * 4 4
+4 * 4
+3 * 4 0 4
cfn=(2756)
calls=4 0x6b6f -15 
* * 24 8 8
+5 * 4
+2 * 4 0 0 0 0 0 0 0 0 4 2
+9 * 4
+5 -1 4
+2 * 4 0 0 0 0 0 0 0 0 4 2
+34 +4 4 4 0 3 0 0 1
+4 * 4 0 4
+4 +2 4 4
+5 * 4 0 0 0 0 0 0 0 0 4 2
+20 +3 4 4
+4 +1 4
+4 * 4
+3 * 4 0 4
cfn=(2758)
calls=4 0x6b48 -30 
* * 100 52 20 0 0 0 0 0 0 4 0 8
+5 -1 4
+3 +1 4 4
+4 * 4 4 0 2 0 0 1
+9 * 4 0 0 0 0 0 0 0 0 4 2
+55 * 4 4 0 1
+4 * 4 4
+1 * 4 4

fn=(2744)
0x6b20 67 4 0 4
+1 * 4
+3 * 4
+4 * 4 0 4
+4 * 4 0 4
cob=(2)
cfi=(369)
cfn=(2750)
calls=4 0x27ae0 -42 
* * 16 12 0 2 1 0 1
cob=(1)
cfi=(282)
cfn=(1028)
calls=1 0x14550 -28 
* * 951 292 137 43 12 0 0 1 0 134 13 3 3
* * 8 6 2 3 1 0 0 0 0 0 0 5 1
+5 * 4 4 0 0 1
+2 * 4 4
+4 * 4 0 4
+2 * 4 0 4
cob=(2)
cfi=(369)
cfn=(2750)
calls=4 0x27ae0 -42 
* * 16 12
* * 4 4 0 0 0 0 0 0 0 0 0 4 1
+5 * 4 0 4
+6 * 4
+1 * 4 4
+1 * 4 4

fl=(342)
fn=(1512)
0x945e 941 30 0 30 2 0 0 1
+1 * 30
+3 * 30
+4 * 30 0 30
+4 * 30 0 30
+4 * 30 0 30
+3 +2 30 30
+4 * 30
+3 * 30 30
+4 * 30
+2 * 30 30 0 2 2 0 1
+8 * 30
+2 * 30 0 0 0 0 0 0 0 0 30 11
+2 +1 22 22
+4 * 22
+3 * 22 22
+4 * 22
+2 * 22 22
+8 * 22
+2 +1 8 8
+4 * 8 8 0 0 1
+3 * 8
+4 * 8 8 0 0 1
+3 * 8 8
+4 * 8 8
+4 * 8 8
+4 * 8
+2 * 8
+3 * 8 0 8 1 0 0 1 0 0 0 0 8 1
cob=(7)
cfi=(224)
cfn=(1514)
calls=8 0xe27f0 1144 
* * 24 8 0 2 0 0 1
+3 * 8 0 8
+3 +1 8 8
+4 * 8 8
+3 * 8 0 0 0 0 0 0 0 0 8 1
+2 +1 7 7
+4 * 7
+3 * 7 7
+4 * 7
+2 * 7 7
+4 * 7 0 7
+7 +1 7 7
+4 +1 7 7
+1 * 7 7
-5 -1 1 1
+4 +1 1 1
+1 * 1 1
-1 * 22 22 0 1
+1 * 22 22

fn=(1906)
0x9398 845 3 0 3 2 0 0 1
+1 * 3
+3 * 3
+4 * 3 0 3
+4 * 3 0 3
+4 +1 3 3
+4 * 3 3
+3 * 3
+4 * 3 3
+3 * 3 3
+4 * 3 3
+4 * 3
+2 * 3 0 0 2 0 0 1
+3 * 3 0 3 0 0 0 0 0 0 0 0 3 2
cob=(7)
cfi=(216)
cfn=(1908)
calls=3 0xf9840 182 
* * 15 9 0 2 1 0 1 1
+2 * 3 3
+1 * 3 3

fl=(337)
fn=(1894) std::__detail::_RegexTranslator<std::__cxx11::regex_traits<char>, false, false>::_RegexTranslator(std::__cxx11::regex_traits<char> const&)
0x1f260 328 4 0 4
+1 * 4
+3 * 4 0 4
+4 * 4 0 4
+4 +1 4
+1 * 4 4
+1 * 4 4

fn=(2176) std::__detail::_CharMatcher<std::__cxx11::regex_traits<char>, false, false>::_CharMatcher(char, std::__cxx11::regex_traits<char> const&)
0x1a48c 406 1 0 1 1 0 0 1
+1 * 1
+3 * 1
+4 * 1 0 1
+4 * 1 0 1
+4 * 1 0 1
+4 +1 1 1
+4 * 1 1
+4 * 1
+3 * 1
+3 * 1 0 1
cfn=(1894)
calls=1 0x1f260 -79 
* * 7 2 3
+5 * 1 1
+4 * 1 1
+4 * 1
+2 * 1
+3 * 1 0 1 1 0 0 1
cfn=(1942) std::__detail::_RegexTranslator<std::__cxx11::regex_traits<char>, false, false>::_M_translate(char) const
calls=1 0x1fac2 -75 
* * 7 3 3
+5 * 1 1
+4 * 1 0 1
+3 +1 1
+1 * 1 1
+1 * 1 1

fn=(2200) std::__detail::_Compiler<std::__cxx11::regex_traits<char> >::_M_get_nfa()
0xc76e 70 2 0 2 2 0 0 1
+1 * 2
+3 * 2
+4 * 2 0 2
+4 * 2 0 2
+4 +1 2 2 0 2 0 0 1
+4 * 2
+6 * 2 0 2
fi=(349)
+4 +68 2 2
fe=(337)
+4 -68 2 2
+4 * 2
+3 * 2
+3 * 2 0 2
cfi=(334)
cfn=(2202) std::shared_ptr<std::__detail::_NFA<std::__cxx11::regex_traits<char> > const>::shared_ptr<std::__detail::_NFA<std::__cxx11::regex_traits<char> >, void>(std::shared_ptr<std::__detail::_NFA<std::__cxx11::regex_traits<char> > >&&)
calls=2 0xde54 367 
* * 130 52 42 12 0 0 4
+5 * 2 2
+4 * 2 2
+1 * 2 2

fn=(2224) std::__detail::_Compiler<std::__cxx11::regex_traits<char> >::~_Compiler()
0xb694 59 2 0 2 2 0 0 1
+1 * 2
+3 * 2
+4 * 2 0 2
+4 * 2 2
+4 * 2
+6 * 2
+3 * 2 0 2
cfi=(350) /usr/include/c++/16.1.1/bits/stl_stack.h
cfn=(2226) std::stack<std::__detail::_StateSeq<std::__cxx11::regex_traits<char> >, std::deque<std::__detail::_StateSeq<std::__cxx11::regex_traits<char> >, std::allocator<std::__detail::_StateSeq<std::__cxx11::regex_traits<char> > > > >::~stack()
calls=2 -53 +48 
* * 858 310 218 22 0 0 8 0 0 38 10 12
+5 * 2 2
+4 * 2
+6 * 2
+3 * 2 0 2 2
cfi=(286)
cfn=(1396)
calls=2 0x6cea 919 
* * 188 62 52 4 0 0 0 0 0 4 2
+5 * 2 2
+4 * 2
+6 * 2
+3 * 2 0 2
cfi=(334)
cfn=(2258) std::shared_ptr<std::__detail::_NFA<std::__cxx11::regex_traits<char> > >::~shared_ptr()
calls=2 0xb65c 175 
* * 64 20 16 0 0 0 0 0 0 2 2
+5 * 2 2
+4 * 2
+4 * 2
+3 * 2 0 2
cfi=(340)
cfn=(2262) std::__detail::_Scanner<char>::~_Scanner()
calls=2 0xb61a 210 
* * 210 68 58 0 0 0 0 0 0 4 2
+5 * 2
+1 * 2 2
+1 * 2 2

fn=(1858) std::__detail::_BracketMatcher<std::__cxx11::regex_traits<char>, false, false>::_BracketMatcher(bool, std::__cxx11::regex_traits<char> const&)
0x1ab20 430 3 0 3 2 0 0 1
+1 * 3
+3 * 3
+4 * 3 0 3
+4 * 3 0 3
+4 * 3 0 3
+4 +3 3 3
+4 * 3
+3 * 3 0 3
cfi=(348)
cfn=(1860) std::vector<char, std::allocator<char> >::vector()
calls=3 0x1a9f0 551 
* * 144 48 48 12 0 0 6
+5 * 3 3 0 3 0 0 1
+4 * 3
+4 * 3
+3 * 3 0 3
cfi=(348)
cfn=(1868) std::vector<std::__cxx11::basic_string<char, std::char_traits<char>, std::allocator<char> >, std::allocator<std::__cxx11::basic_string<char, std::char_traits<char>, std::allocator<char> > > >::vector()
calls=3 0x1aa4c 551 
* * 144 48 48 6 0 0 4
+5 * 3 3
+4 * 3
+4 * 3
+3 * 3 0 3
cfi=(348)
cfn=(1876) std::vector<std::pair<char, char>, std::allocator<std::pair<char, char> > >::vector()
calls=3 0x1aaa8 551 
* * 144 48 48 5 0 0 5
+5 * 3 3
+4 * 3
+4 * 3
+3 * 3 0 3
cfi=(348)
cfn=(1884) std::vector<std::__cxx11::regex_traits<char>::_RegexMask, std::allocator<std::__cxx11::regex_traits<char>::_RegexMask> >::vector()
calls=3 0x1ab04 551 
* * 144 48 48 4 0 0 3
+5 -1 3 3
+4 * 3
+4 * 3
+5 * 3 0 0 3 0 0 1
+5 * 3
+3 * 3 0 3
cfi=(333)
cfn=(1892)
calls=3 0x1ad24 115 
* * 42 18 18 3 0 0 2
+5 * 3 3
+4 * 3
+4 * 3 3
+4 * 3
+3 * 3
+3 * 3 0 3
cfn=(1894)
calls=3 0x1f260 328 
* * 21 6 9
+5 * 3 3
+4 * 3 3
+4 * 3 0 3
+4 +1 3 3
+4 * 3 3
+4 * 3 0 3
+3 * 3 3
+4 * 3
+4 * 3 0 0 2 0 0 1
+3 * 3 0 3
cfi=(357) /usr/include/c++/16.1.1/bitset
cfn=(1896) std::bitset<256ul>::bitset()
calls=3 0x20122 946 
* * 60 18 21 3 0 0 2
+5 +1 3
+1 * 3 3
+1 * 3 3

fn=(1482) std::__detail::_Compiler<std::__cxx11::regex_traits<char> >::_S_validate(std::regex_constants::syntax_option_type)
0xd2d2 181 2 0 2
+1 * 2
+3 * 2
+4 * 2 0 2
+3 +3 2
+5 * 2
+5 * 2 0 2
cfi=(338)
cfn=(1484)
calls=2 0x9777 +16 
* * 16 8 6 2 0 0 2
+5 * 2
+5 * 2
+2 * 2 0 2
cfi=(338)
cfn=(1484)
calls=2 0x9777 +16 
* * 16 8 6
+5 * 2
+5 * 2
+2 * 2 0 2 2 0 0 1
cfi=(338)
cfn=(1484)
calls=2 0x9777 +16 
* * 16 8 6
+5 * 2
+5 * 2
+2 * 2 0 2
cfi=(338)
cfn=(1484)
calls=2 0x9777 +16 
* * 16 8 6
+5 * 2
+5 * 2
+2 * 2 0 2
cfi=(338)
cfn=(1484)
calls=2 0x9777 +16 
* * 16 8 6
+5 * 2
+2 * 2 2
+3 * 2
+2 * 2
+2 * 2 0 2
cfi=(338)
cfn=(1486)
calls=2 0x9765 +8 
* * 16 8 6
+5 * 2
+5 * 2 0 0 0 0 0 0 0 0 2 1
+2 * 2
+5 * 2 0 0 0 0 0 0 0 0 2
+2 * 2
+5 * 2 0 0 0 0 0 0 0 0 2
+2 * 2 0 0 2 0 0 1
+5 * 2 0 0 0 0 0 0 0 0 2
+2 * 2
+5 * 2 0 0 0 0 0 0 0 0 2 2
+2 * 2
+5 * 2 0 0 0 0 0 0 0 0 2
+2 * 2
+3 * 2 0 0 0 0 0 0 0 0 2
+2 * 2
+3 * 2 0 0 0 0 0 0 0 0 2
+2 * 2
+3 * 2 0 0 0 0 0 0 0 0 2
+2 * 2
+3 * 2 0 0 0 0 0 0 0 0 2
+2 * 2
+2 * 2 0 0 0 0 0 0 0 0 2
+2 * 2
+3 * 2 0 0 0 0 0 0 0 0 2
+2 +8 2 2
+3 * 2
+39 +6 2 2 0 2 0 0 1
+1 * 2 2

fn=(1916) std::__detail::_BracketMatcher<std::__cxx11::regex_traits<char>, false, false>::_M_ready()
0x1aea6 509 3 0 3
+1 * 3
+3 * 3 0 3
+1 * 3
+4 * 3 0 3
+4 * 3 3
+9 * 3 0 3
+4 * 3 0 0 3 0 0 1
+2 +2 3 3
+4 * 3
+3 * 3 0 3
cfi=(348)
cfn=(1918) std::vector<char, std::allocator<char> >::end()
calls=3 0x2092e 1008 
* * 60 27 15 4 0 0 2 0 0 3 2
+5 * 3
+3 * 3 3
+4 * 3
+3 * 3 0 3
cfi=(348)
cfn=(1920) std::vector<char, std::allocator<char> >::begin()
calls=3 0x208e4 988 
* * 57 27 15 3 0 0 1 0 0 3 2
+5 * 3
+3 * 3
+3 * 3 0 3
cfi=(359) /usr/include/c++/16.1.1/bits/stl_algo.h
cfn=(1922) void std::sort<__gnu_cxx::__normal_iterator<char*, std::vector<char, std::allocator<char> > > >(__gnu_cxx::__normal_iterator<char*, std::vector<char, std::allocator<char> > >, __gnu_cxx::__normal_iterator<char*, std::vector<char, std::allocator<char> > >)
calls=3 0x2097b 4807 
* * 99 30 27 9 0 0 4 0 0 3
+5 +1 3 3
+4 * 3
+3 * 3 0 3
cfi=(348)
cfn=(1918)
calls=3 0x2092e 1008 
* * 60 27 15 0 0 0 0 0 0 3 2
+5 * 3
+3 * 3 3
+4 * 3
+3 * 3 0 3 3 0 0 1
cfi=(348)
cfn=(1920)
calls=3 0x208e4 988 
* * 57 27 15 0 0 0 0 0 0 3 1
+5 * 3
+3 * 3
+3 * 3 0 3
cfi=(359)
cfn=(1926) __gnu_cxx::__normal_iterator<char*, std::vector<char, std::allocator<char> > > std::unique<__gnu_cxx::__normal_iterator<char*, std::vector<char, std::allocator<char> > > >(__gnu_cxx::__normal_iterator<char*, std::vector<char, std::allocator<char> > >, __gnu_cxx::__normal_iterator<char*, std::vector<char, std::allocator<char> > >)
calls=3 0x209a1 872 
* * 216 78 54 15 0 0 6 0 0 12 5
+5 * 3 0 3
+4 +1 3 3
+4 * 3 3
+4 * 3
+3 * 3 0 3
cfi=(348)
cfn=(1918)
calls=3 0x2092e 1008 
* * 60 27 15 0 0 0 0 0 0 3 2
+5 * 3 0 3
+4 * 3
+4 * 3 0 3
fi=(360)
+4 1166 3 3
+4 -84 3 3
+3 * 3 0 3
+4 * 3
+1 * 3
+4 * 3 0 3 2 0 0 1
+4 +84 3 3
+4 -84 3 3
+3 * 3 0 3
+4 * 3
fe=(337)
+1 513 3 3
+4 * 3 3
+4 * 3
+3 * 3
+3 * 3 0 3
cfi=(348)
cfn=(1932) std::vector<char, std::allocator<char> >::erase(__gnu_cxx::__normal_iterator<char const*, std::vector<char, std::allocator<char> > >, __gnu_cxx::__normal_iterator<char const*, std::vector<char, std::allocator<char> > >)
calls=3 0x209c6 1810 
* * 396 159 114 16 0 0 7 0 0 15 10
+5 +2 3 0 3
+7 * 3
+2 +1 384 384
+3 * 384
+3 * 384 384
+4 * 384
+2 * 384
+3 * 384 0 384
cfi=(336) /usr/include/c++/16.1.1/bits/regex_compiler.tcc
cfn=(1938) std::__detail::_BracketMatcher<std::__cxx11::regex_traits<char>, false, false>::_M_apply(char) const
calls=384 0x20f44 +84 
* * 184608 73140 46890 102 4 0 41 4 0 8976 61 768
+5 * 384
+2 * 384 384
+4 * 384
+4 * 384 384
+3 * 384
+4 * 384
+3 * 384
+3 * 384 0 384
cfi=(357)
cfn=(1972) std::bitset<256ul>::operator[](unsigned long)
calls=384 0x20aba 1292 
* * 26112 9216 8064 8 0 0 3 0 0 384 4
+5 * 384
+3 * 384
+4 * 384
+2 * 384
+3 * 384 0 384
cfi=(357)
cfn=(1982) std::bitset<256ul>::reference::operator=(bool)
calls=384 0x20fa2 901 
* * 16512 6528 3840 4 0 0 2 0 0 384
+5 * 384
+4 * 384
+3 * 384 0 384
cfi=(357)
cfn=(1986) std::bitset<256ul>::reference::~reference()
calls=384 0x20b20 895 
* * 2304 768 768
+5 -1 384 0 384
+4 * 384 384
+4 * 384 0 0 0 0 0 0 0 0 384 7
-4 * 3 3 0 2 0 0 1
+4 * 3 0 0 2 0 0 1 0 0 3 1
+2 +3 3
+1 * 3 3
+4 * 3 3
+9 * 3 0 0 0 0 0 0 0 0 3 2
+7 * 3 3
+4 * 3 3
+1 * 3 3

fn=(1942)
0x1fac2 332 386 0 386 3 0 0 1
+1 * 386
+3 * 386 0 386
+4 * 386 0 386
+4 +1 386 386
+4 * 386 386
+1 * 386 386

fn=(1952) std::__detail::_RegexTranslator<std::__cxx11::regex_traits<char>, false, false>::_M_transform(char) const
0x28558 336 384 0 384
+1 * 384
+3 * 384 0 384
+4 * 384 0 384
+4 +1 384 384
+4 * 384 384
+1 * 384 384

fn=(1998)
0x28bd8 420 3 0 3 3 0 0 1
+1 * 3
+3 * 3
+4 * 3 0 3
+4 * 3 0 3
+4 * 3 3
+4 * 3 3
+4 * 3
+3 * 3
+3 * 3 0 3
cfi=(348)
cfn=(2000) std::vector<char, std::allocator<char> >::vector(std::vector<char, std::allocator<char> >&&)
calls=3 0x28ace 640 
* * 246 108 81 12 0 0 5
+5 * 3 3
+4 * 3 0 0 3 0 0 1
+4 * 3 3
+4 * 3
+4 * 3
+3 * 3
+3 * 3 0 3
cfi=(348)
cfn=(2008) std::vector<std::__cxx11::basic_string<char, std::char_traits<char>, std::allocator<char> >, std::allocator<std::__cxx11::basic_string<char, std::char_traits<char>, std::allocator<char> > > >::vector(std::vector<std::__cxx11::basic_string<char, std::char_traits<char>, std::allocator<char> >, std::allocator<std::__cxx11::basic_string<char, std::char_traits<char>, std::allocator<char> > > >&&)
calls=3 0x28b1a 640 
* * 246 108 81 9 0 0 4
+5 * 3 3
+4 * 3
+4 * 3 3
+4 * 3
+4 * 3
+3 * 3
+3 * 3 0 3
cfi=(348)
cfn=(2016) std::vector<std::pair<char, char>, std::allocator<std::pair<char, char> > >::vector(std::vector<std::pair<char, char>, std::allocator<std::pair<char, char> > >&&)
calls=3 0x28b66 640 
* * 246 108 81 14 0 1 6
+5 * 3 3
+4 * 3
+4 * 3 3
+4 * 3 0 0 3 0 0 1
+4 * 3
+3 * 3
+3 * 3 0 3
cfi=(348)
cfn=(2024) std::vector<std::__cxx11::regex_traits<char>::_RegexMask, std::allocator<std::__cxx11::regex_traits<char>::_RegexMask> >::vector(std::vector<std::__cxx11::regex_traits<char>::_RegexMask, std::allocator<std::__cxx11::regex_traits<char>::_RegexMask> >&&)
calls=3 0x28bb2 640 
* * 246 108 81 4 0 0 2
+5 * 3 3
+4 * 3 3
+4 * 3 3
+3 * 3 0 3
+3 * 3 3
+4 * 3 3
+4 * 3 3
+4 * 3 0 3
+4 * 3 3
+4 * 3 3
+4 * 3 3
+4 * 3 0 3
+3 * 3 3
+4 * 3 3
+4 * 3 3
+4 * 3 3
+7 * 3 0 3
+4 * 3 0 3
+7 * 3 3
+7 * 3 3
+7 * 3 0 3
+7 * 3 0 3
+7 * 3
+1 * 3 3
+1 * 3 3

fn=(1900) std::__detail::_BracketMatcher<std::__cxx11::regex_traits<char>, false, false>::_M_add_character_class(std::__cxx11::basic_string<char, std::char_traits<char>, std::allocator<char> > const&, bool)
0x1ad8e 482 3 0 3 2 0 0 1
+1 * 3
+3 * 3 0 3
+2 * 3 0 3
+1 * 3
+4 * 3 0 3
+4 * 3 0 3
+4 * 3 0 3
+3 * 3 3
+9 * 3 0 3
+4 * 3
+2 +2 3 3
+4 * 3 3
+4 +1 3 3
+4 * 3 0 0 3 0 0 1
+3 * 3 0 3
cfi=(286)
cfn=(1444) std::__cxx11::basic_string<char, std::char_traits<char>, std::allocator<char> >::data() const
calls=3 0xb274 2910 
* * 48 21 15 2
+5 * 3
+3 * 3 3
+4 * 3
+3 * 3 0 3
cfi=(286)
cfn=(1100) std::__cxx11::basic_string<char, std::char_traits<char>, std::allocator<char> >::size() const
calls=3 0xb28e 1187 
* * 204 78 57 0 0 0 0 0 0 6 1
+5 -1 3
+3 * 3 3
+4 * 3
+3 * 3 0 3
cfi=(286)
cfn=(1444)
calls=3 0xb274 2910 
* * 48 21 15
+5 * 3
+5 * 3
+3 * 3
+3 * 3
+3 * 3 0 3
cfi=(358)
cfn=(1902)
calls=3 0x20268 295 
* * 615 204 120 37 1 0 16 1 0 69 12 9 3
+5 * 3 0 3
+3 +3 3
+4 * 3 0 0 3 0 0 1
+5 * 3
+5 * 3
+3 * 3 0 3
cfi=(333)
cfn=(1892)
calls=3 0x1ad24 115 
* * 42 18 18
+5 * 3 3
+3 * 3
+4 * 3
+2 * 3
+3 * 3 0 3
cfi=(333)
cfn=(1910) std::__cxx11::regex_traits<char>::_RegexMask::operator==(std::__cxx11::regex_traits<char>::_RegexMask) const
calls=3 0x1ad4c 158 
* * 60 24 9 0 0 0 0 0 0 6 2
+5 * 3
+2 * 3 0 0 0 0 0 0 0 0 3 2
+42 +3 3 3 0 3 0 0 1
+4 * 3
+3 * 3
+2 * 3 0 0 0 0 0 0 0 0 3
+2 +1 3 3
+4 * 3
+4 * 3 3
+3 * 3
+2 * 3
+3 * 3 0 3
cfi=(333)
cfn=(1912) std::__cxx11::regex_traits<char>::_RegexMask::operator|=(std::__cxx11::regex_traits<char>::_RegexMask)
calls=3 0x207b8 150 
* * 201 87 57 9 0 0 4 0 0 6 5
+5 +4 3
+25 * 3 0 0 2 0 0 1
+1 * 3 3
+4 * 3 3
+9 * 3 0 0 0 0 0 0 0 0 3 2
+7 * 3
+4 * 3 3
+1 * 3 3
+2 * 3 3
+1 * 3 3

fn=(2068)
0x16e26 420 6 0 6 5 0 0 1
+1 * 6
+3 * 6
+4 * 6 0 6
+4 * 6 6
+4 * 6
+4 * 6
+3 * 6 0 6 4
cfi=(348)
cfn=(2070) std::vector<std::__cxx11::regex_traits<char>::_RegexMask, std::allocator<std::__cxx11::regex_traits<char>::_RegexMask> >::~vector()
calls=6 0x1acce 790 
* * 570 216 168 24 0 0 2 0 0 6 4
+5 * 6 6
+4 * 6
+4 * 6
+3 * 6 0 6
cfi=(348)
cfn=(2088) std::vector<std::pair<char, char>, std::allocator<std::pair<char, char> > >::~vector()
calls=6 0x1ac78 790 
* * 570 216 168 28 0 0 4 0 0 6 4
+5 * 6 6
+4 * 6
+4 * 6
+3 * 6 0 6
cfi=(348)
cfn=(2106) std::vector<std::__cxx11::basic_string<char, std::char_traits<char>, std::allocator<char> >, std::allocator<std::__cxx11::basic_string<char, std::char_traits<char>, std::allocator<char> > > >::~vector()
calls=6 0x1ac22 790 
* * 606 228 168 22 0 0 3 0 0 12 3
+5 * 6 6
+4 * 6
+3 * 6 0 6
cfi=(348)
cfn=(2124) std::vector<char, std::allocator<char> >::~vector()
calls=6 0x1abcc 790 
* * 558 216 168 23 0 0 1 0 0 6 4
+5 * 6
+1 * 6 6
+1 * 6 6

fn=(2624)
0x30618 411 1 0 1 1 0 0 1
+1 * 1
+3 * 1 0 1
+1 * 1
+4 * 1 0 1
+4 * 1 0 1
+4 +1 1 1
+4 * 1 1
+4 * 1 1
+4 * 1 1
+4 * 1
+2 * 1
+3 * 1 0 1 1 0 0 1
cfn=(1942)
calls=1 0x1fac2 -80 
* * 7 3 3 1
+5 * 1
+2 * 1
+3 * 1 1
+4 * 1 1
+1 * 1 1

fn=(2586)
0x3106e 437 10 0 10 2
+1 * 10
+3 * 10
+4 * 10 0 10
+4 * 10 0 10
+4 +4 10 10 0 2 0 0 1
+4 * 10 0 0 0 0 0 0 0 0 10
+2 +1 10 10
+4 * 10
+4 * 10 10
+4 * 10
+3 * 10
+3 * 10
+3 * 10 0 10
cfi=(357)
cfn=(2588) std::bitset<256ul>::operator[](unsigned long) const
calls=10 0x3303e 1299 
* * 770 250 210 18 0 0 6 0 0 10 2
+5 * 10
+21 +2 10 10
+1 * 10 10

fn=(1818) std::__detail::_Compiler<std::__cxx11::regex_traits<char> >::_M_pop()
0xd934 173 30 0 30
+1 * 30
+3 * 30
+4 * 30 0 30
+4 * 30 0 30 2 0 0 1
+4 +2 30 30
+4 * 30
+6 * 30
+3 * 30 0 30
cfi=(350)
cfn=(1820) std::stack<std::__detail::_StateSeq<std::__cxx11::regex_traits<char> >, std::deque<std::__detail::_StateSeq<std::__cxx11::regex_traits<char> >, std::allocator<std::__detail::_StateSeq<std::__cxx11::regex_traits<char> > > > >::top()
calls=30 0xf9d6 +83 
* * 5070 2010 1260 6 0 0 2 0 0 120 38
+5 * 30
+3 * 30 30
+4 * 30 30
+3 * 30 30
+4 * 30 0 30
+3 * 30 0 30
+4 * 30 30
+4 * 30 0 30
+4 +1 30 30
+4 * 30
+6 * 30
+3 * 30 0 30 2 0 0 1
cfi=(350)
cfn=(1824) std::stack<std::__detail::_StateSeq<std::__cxx11::regex_traits<char> >, std::deque<std::__detail::_StateSeq<std::__cxx11::regex_traits<char> >, std::allocator<std::__detail::_StateSeq<std::__cxx11::regex_traits<char> > > > >::pop()
calls=30 0xfa2c 331 
* * 3720 1380 930 7 0 0 3 0 0 90 9
+5 +1 30
+1 +1 30 30
+4 * 30 30
+1 * 30 30

fl=(355)
fn=(1800)
0x141b2 164 13 0 13 2 0 0 1
+1 * 13
+3 * 13 0 13
+2 * 13 0 13
+1 * 13
+4 * 13 0 13 2 0 0 1
+4 * 13 0 13
+4 +3 13 13
+4 * 13 13
+4 +1 13 13
+4 * 13 13
+4 * 13
+4 -1 13
+3 * 13 0 0 0 0 0 0 0 0 13
+6 * 13 13
+4 * 13 0 13
fi=(349)
+4 -94 13 13
fe=(355)
+4 +98 13 13
+4 * 13 13
+4 -1 13 13
+4 * 13 0 13
+4 * 13 0 13 2 0 0 1
+4 * 13 0 13
+4 * 13 13
+4 * 13 0 13
fi=(349)
+4 -97 13 13
+4 * 13 13
+4 * 13 0 13
+4 * 13 0 13
+4 * 13 13
+4 * 13 0 13
fi=(293)
+4 203 13 13
+4 * 13
+3 * 13
+5 * 13 0 13
cfi=(344)
cfn=(1542)
calls=13 0x917a -33 
* * 91 39 39
+5 * 13 13
+4 * 13 0 13
fi=(349)
+4 73 13 13 0 2 0 0 1
fi=(293)
+4 203 13 13
+3 * 13 13
+4 * 13 0 13
+3 * 13 0 13
+4 * 13 13
+4 * 13 0 13
+4 * 13
+5 * 13
+2 * 13 0 0 0 0 0 0 0 0 13 5
+13 * 13
fi=(318)
+1 720 13
fe=(355)
+1 173 13 13
+4 * 13 13
+4 * 13
+4 * 13 13
+4 * 13 0 13
+4 * 13
+29 +5 13 13
+4 * 13
+3 * 13 0 13
cfi=(351)
cfn=(1804)
calls=13 0x117e8 1534 
* * 1534 650 377 29 0 0 11 0 0 39 9
+5 +2 13
+4 * 13 13
+1 * 13 13
+2 * 13 13
+1 * 13 13

fl=(347)
fn=(2042) std::__detail::_State<char>::_M_get_matcher()
0x1161c 176 40 0 40 2
+1 * 40
+3 * 40
+4 * 40 0 40
+4 +1 40 40
+4 * 40
+4 * 40
+3 * 40 0 40
cfi=(345)
cfn=(2038) __gnu_cxx::__aligned_membuf<std::function<bool (char)> >::_M_addr()
calls=40 0x115ac 70 
* * 240 120 80 2
+5 * 40 40
+1 * 40 40

fn=(1704)
0xf54a 149 91 0 91 2 0 0 1
+1 * 91
+3 * 91 0 91
+2 * 91 0 91
+1 * 91
+4 * 91 0 91
+4 * 91 0 91
+4 * 91 91
+4 * 91 91
+4 * 91 91
+3 * 91 91
+4 * 91 0 91 0 0 1
+3 * 91 0 91
+4 * 91 91
+4 * 91 91
+4 * 91 0 91 0 0 1
+4 * 91 0 91 2 0 0 1
+4 * 91 91
+4 * 91 91
+4 * 91 0 91 0 0 1
+4 * 91 0 91
+4 +2 91 91
+4 * 91
+3 * 91 0 91
cfn=(1702) std::__detail::_State<char>::_M_opcode() const
calls=91 0xfc78 +17 
* * 637 364 182
+5 * 91
+3 * 91
+3 * 91
+2 * 91 0 0 0 0 0 0 0 0 91 27
+2 +1 16 16
+4 * 16
+4 * 16
+3 * 16 0 16
cfi=(345)
cfn=(2038)
calls=16 0x115ac -82 
* * 96 48 32
+5 * 16
+3 * 16
+3 * 16
+5 * 16 0 16
cfi=(344)
cfn=(1542)
calls=16 0x917a +18 
* * 112 48 48
+5 * 16
+3 +1 16 16
+4 * 16
+3 * 16 0 16
cfn=(2042)
calls=16 0x1161c +23 
* * 256 96 80
+5 * 16 0 16
fi=(349)
+4 -14 16 16
fe=(347)
+4 +13 16
+3 * 16
+3 * 16 0 16
cfi=(361)
cfn=(2046)
calls=16 0x11668 394 
* * 1088 448 368 0 0 0 0 0 0 16
+5 * 16
+5 * 16
+2 * 16 0 0 0 0 0 0 0 0 16 4
+13 +2 91 0 0 2 0 0 1
+1 * 91 0 0 2 0 0 1
+4 * 91 91
+1 * 91 91
+2 * 91 91
+1 * 91 91

fn=(2566) std::__detail::_State<char>::_M_matches(char) const
0x25b00 172 11 0 11 2 0 0 1
+1 * 11
+3 * 11
+4 * 11 0 11
+4 * 11 0 11
+4 +1 11 11
+4 * 11
+3 * 11 0 11
cfn=(2568) std::__detail::_State<char>::_M_get_matcher() const
calls=11 0x23986 +7 
* * 176 66 55 4 0 0 2
+5 * 11
+3 * 11 11
+4 * 11
+2 * 11
+3 * 11 0 11
cfi=(361)
cfn=(2572)
calls=11 0x2c3e0 577 
* * 2123 740 634 47 0 0 17 0 0 31 4 11 3
+5 * 11 11
+1 * 11 11

fn=(1664) std::__detail::_NFA<std::__cxx11::regex_traits<char> >::_M_insert_subexpr_begin()
0xd5f8 278 5 0 5
+1 * 5
+3 * 5 0 5
+1 * 5 0 0 2 0 0 1
+7 * 5 0 5
+7 * 5 5
+9 * 5 0 5
+4 * 5
+2 +2 5 5
+7 * 5 5
+4 * 5
+4 * 5 5
+7 * 5 0 5
+4 * 5 0 5
+7 +1 5 5 0 2 0 0 1
+7 * 5
+7 * 5
+3 * 5
+3 * 5 0 5
cfi=(348)
cfn=(1666) std::vector<unsigned long, std::allocator<unsigned long> >::push_back(unsigned long const&)
calls=5 0xf32c 1406 
* * 2810 1033 732 57 0 1 28 0 0 157 59 16 2
+5 +1 5
+4 * 5
+5 * 5
+3 * 5 0 5
cfn=(1698) std::__detail::_State<char>::_State(std::__detail::_Opcode)
calls=5 0xf3fc 136 
* * 220 80 70 10 0 0 6 0 0 5 5
+5 +1 5 5
+7 * 5 0 5
fi=(349)
+4 139 5
fe=(347)
+4 284 5
+4 * 5
+3 * 5
+3 * 5 0 5 2 0 0 1
cfn=(1704)
calls=5 0xf54a 149 
* * 205 85 70 8 0 0 4 0 0 5 5
+5 * 5
+4 * 5 5
+7 * 5
+3 * 5
+3 * 5 0 5
cfn=(1706) std::__detail::_NFA<std::__cxx11::regex_traits<char> >::_M_insert_state(std::__detail::_State<char>)
calls=5 0xf4d4 +45 
* * 6944 2528 1953 83 4 1 43 0 0 299 65 19 1
+5 * 5
+3 * 5
+1 * 5
+4 * 5
+3 * 5 0 5
cfn=(1752)
calls=5 0xf49a 159 
* * 105 35 25 2 0 0 1 0 0 5 1
+5 +1 5
+4 * 5
+3 * 5 0 5
cfn=(1752)
calls=5 0xf49a 159 
* * 105 35 25 0 0 0 0 0 0 5 1
+5 -1 5
+3 +1 5 5
+4 * 5 5 0 3 0 0 1
+9 * 5 0 0 0 0 0 0 0 0 5 2
+67 * 5 5 0 2 0 0 1
+4 * 5 5
+1 * 5 5

fn=(1706)
0xf4d4 329 28 0 28 2 0 0 1
+1 * 28
+3 * 28
+4 * 28 0 28
+4 * 28 0 28
+4 +2 28 28
+4 * 28
+4 * 28 28
+4 * 28 0 28
fi=(349)
+4 139 28 28
fe=(347)
+4 331 28
+3 * 28
+3 * 28 0 28 2 0 0 1
cfi=(348)
cfn=(1708) std::vector<std::__detail::_State<char>, std::allocator<std::__detail::_State<char> > >::push_back(std::__detail::_State<char>&&)
calls=28 0x1163a 1423 
* * 23853 8783 6913 136 25 10 46 2 0 1026 197 53 10
+5 +1 28 28
+4 * 28
+4 * 28
+3 * 28 0 28
cfi=(348)
cfn=(1722) std::vector<std::__detail::_State<char>, std::allocator<std::__detail::_State<char> > >::size() const
calls=28 0x10004 1107 
* * 448 224 84
+5 * 28
+6 * 28
+3 * 28
+2 * 28 0 0 0 0 0 0 0 0 28 2
+22 +6 28 28
+4 * 28
+4 * 28
+3 * 28 0 28
cfi=(348)
cfn=(1722)
calls=28 0x10004 1107 
* * 448 224 84
+5 * 28
+4 +1 28 28
+1 * 28 28

fn=(1778) std::__detail::_NFA<std::__cxx11::regex_traits<char> >::_M_insert_line_begin()
0x15942 300 2 0 2
+1 * 2
+3 * 2 0 2
+1 * 2
+4 * 2 0 2
+4 * 2 2
+9 * 2 0 2
+4 * 2
+2 +1 2
+4 * 2
+5 * 2
+3 * 2 0 2
cfn=(1698)
calls=2 0xf3fc 136 
* * 88 32 28 0 0 0 0 0 0 2 2
+5 * 2
+4 * 2 2
+4 * 2
+3 * 2
+3 * 2 0 2 2 0 0 1
cfn=(1706)
calls=2 0xf4d4 +28 
* * 3073 1081 750 10 17 6 4 2 0 200 41 14 5
+5 * 2
+3 * 2
+1 * 2
+4 * 2
+3 * 2 0 2
cfn=(1752)
calls=2 0xf49a 159 
* * 42 14 10 0 0 0 0 0 0 2
+5 * 2
+3 * 2 2
+4 * 2 2
+9 * 2 0 0 0 0 0 0 0 0 2 1
+55 * 2 2 0 2 0 0 1
+4 * 2 2
+1 * 2 2

fn=(2810) std::__detail::_NFA_base::~_NFA_base()
0x265c2 200 2 0 2
+1 * 2
+3 * 2
+4 * 2 0 2
+4 * 2 2
+4 * 2
+3 * 2 0 2
cfi=(348)
cfn=(2812) std::vector<unsigned long, std::allocator<unsigned long> >::~vector()
calls=2 0xa79e 790 
* * 322 116 82 19 0 0 2 0 0 14 0 6
+5 * 2
+1 * 2 2
+1 * 2 2

fn=(1662) std::__detail::_StateSeq<std::__cxx11::regex_traits<char> >::_StateSeq(std::__detail::_NFA<std::__cxx11::regex_traits<char> >&, long)
0xd5c2 363 18 0 18
+1 * 18
+3 * 18 0 18
+4 * 18 0 18
+4 * 18 0 18
+4 +1 18 18
+4 * 18 18
+4 * 18 0 18
+3 * 18 18
+4 * 18 18
+4 * 18 0 18
+4 * 18 18
+4 * 18 18
+4 * 18 0 18
+4 +1 18
+1 * 18 18
+1 * 18 18

fn=(2144) std::__detail::_NFA<std::__cxx11::regex_traits<char> >::_M_insert_repeat(long, long, bool)
0x178d2 258 3 0 3 3 0 0 1
+1 * 3
+3 * 3 0 3
+1 * 3
+7 * 3 0 3
+7 * 3 0 3
+7 * 3 0 3
+7 * 3 0 3
+6 * 3 3 0 2 0 0 1
+9 * 3 0 3
+4 * 3
+2 +2 3
+4 * 3
+5 * 3
+3 * 3 0 3
cfn=(1698)
calls=3 0xf3fc 136 
* * 132 48 42 0 0 0 0 0 0 3 2
+5 +3 3 3
+7 * 3 0 3
+4 +1 3 3
+7 * 3 0 3
+4 +1 3 3
+7 * 3 0 3
fi=(349)
+3 139 3
fe=(347)
+4 266 3 0 0 2 0 0 1
+4 * 3
+3 * 3
+3 * 3 0 3
cfn=(1704)
calls=3 0xf54a 149 
* * 123 51 42 0 0 0 0 0 0 3 2
+5 * 3
+4 * 3 3
+7 * 3
+3 * 3
+3 * 3 0 3
cfn=(1706)
calls=3 0xf4d4 +63 
* * 3790 1398 1099 7 1 2 0 0 0 147 23 10 2
+5 * 3
+3 * 3
+1 * 3
+4 * 3
+3 * 3 0 3
cfn=(1752)
calls=3 0xf49a 159 
* * 63 21 15 0 0 0 0 0 0 3
+5 +1 3
+4 * 3
+3 * 3 0 3
cfn=(1752)
calls=3 0xf49a 159 
* * 63 21 15 0 0 0 0 0 0 3
+5 -1 3 0 0 3 0 0 1
+3 +1 3 3
+4 * 3 3
+9 * 3 0 0 0 0 0 0 0 0 3 2
+67 * 3 3 0 3 0 0 1
+4 * 3 3
+1 * 3 3

fn=(2158) std::__detail::_NFA<std::__cxx11::regex_traits<char> >::_M_insert_subexpr_end()
0xd9f8 288 5 0 5
+1 * 5
+3 * 5 0 5
+1 * 5 0 0 3 0 0 1
+7 * 5 0 5
+7 * 5 5
+9 * 5 0 5
+4 * 5
+2 +2 5
+4 * 5
+5 * 5
+3 * 5 0 5
cfn=(1698)
calls=5 0xf3fc 136 
* * 220 80 70 0 0 0 0 0 0 5 3
+5 +1 5 5
+7 * 5
+3 * 5 0 5
cfi=(348)
cfn=(2160) std::vector<unsigned long, std::allocator<unsigned long> >::back()
calls=5 0xfaac 1358 
* * 630 250 170 25 0 0 8 0 0 30 18
+5 * 5 5
+3 * 5 0 5 3 0 0 1
+4 +1 5 5
+7 * 5
+3 * 5 0 5
cfi=(348)
cfn=(2170) std::vector<unsigned long, std::allocator<unsigned long> >::pop_back()
calls=5 0xfb5c 1447 
* * 500 200 135 6 0 0 2 0 0 20 2
fi=(349)
+5 139 5
fe=(347)
+4 293 5
+4 * 5
+3 * 5
+3 * 5 0 5
cfn=(1704)
calls=5 0xf54a 149 
* * 205 85 70 0 0 0 0 0 0 5
+5 * 5
+4 * 5 5
+7 * 5
+3 * 5
+3 * 5 0 5
cfn=(1706)
calls=5 0xf4d4 +36 
* * 1560 610 435 0 0 1 0 0 0 50 4
+5 * 5
+3 * 5
+1 * 5 0 0 2 0 0 1
+4 * 5
+3 * 5 0 5
cfn=(1752)
calls=5 0xf49a 159 
* * 105 35 25 0 0 0 0 0 0 5
+5 +1 5
+4 * 5
+3 * 5 0 5
cfn=(1752)
calls=5 0xf49a 159 
* * 105 35 25 0 0 0 0 0 0 5
+5 -1 5
+3 +1 5 5
+4 * 5 5
+9 * 5 0 0 0 0 0 0 0 0 5 2
+67 * 5 5 0 2 0 0 1
+4 * 5 5
+1 * 5 5

fn=(2188) std::__detail::_NFA<std::__cxx11::regex_traits<char> >::_M_insert_line_end()
0x159e0 304 2 0 2 2
+1 * 2
+3 * 2 0 2
+1 * 2
+4 * 2 0 2
+4 * 2 2
+9 * 2 0 2
+4 * 2
+2 +1 2
+4 * 2 0 0 2 0 0 1
+5 * 2
+3 * 2 0 2
cfn=(1698)
calls=2 0xf3fc 136 
* * 88 32 28 0 0 0 0 0 0 2 1
+5 * 2
+4 * 2 2
+4 * 2
+3 * 2
+3 * 2 0 2
cfn=(1706)
calls=2 0xf4d4 +24 
* * 624 244 174 0 0 0 0 0 0 20 9
+5 * 2
+3 * 2
+1 * 2
+4 * 2
+3 * 2 0 2
cfn=(1752)
calls=2 0xf49a 159 
* * 42 14 10 0 0 0 0 0 0 2
+5 * 2
+3 * 2 2
+4 * 2 2
+9 * 2 0 0 2 0 0 1 0 0 2 2
+55 * 2 2
+4 * 2 2
+1 * 2 2

fn=(2190) std::__detail::_NFA<std::__cxx11::regex_traits<char> >::_M_insert_accept()
0xdaee 239 2 0 2
+1 * 2
+3 * 2 0 2
+1 * 2
+4 * 2 0 2
+4 * 2 2 0 2 0 0 1
+9 * 2 0 2
+4 * 2
+2 +2 2
+4 * 2
+5 * 2
+3 * 2 0 2
cfn=(1698)
calls=2 0xf3fc 136 
* * 88 32 28 0 0 0 0 0 0 2
+5 * 2
+4 * 2 2
+4 * 2
+3 * 2
+3 * 2 0 2
cfn=(1706)
calls=2 0xf4d4 +88 
* * 4323 1571 1321 33 3 0 0 0 0 177 32 5 1
+5 * 2 0 2
+4 * 2
+4 * 2
+3 * 2 0 2
cfn=(1752)
calls=2 0xf49a -82 
* * 42 14 10 0 0 0 0 0 0 2
+5 +1 2 2 0 2 0 0 1
+4 +1 2 2
+4 * 2 2
+9 * 2 0 0 0 0 0 0 0 0 2
+55 * 2 2 0 2 0 0 1
+4 * 2 2
+1 * 2 2

fn=(2776)
0x3723e 223 2 0 2
+1 * 2
+3 * 2
+4 * 2 0 2
+4 * 2 2
+4 * 2
+4 * 2
+3 * 2 0 2
cfi=(333)
cfn=(2778) std::__cxx11::regex_traits<char>::~regex_traits()
calls=2 0x2663a 99 
* * 34 14 6 8 0 0 0 0 0 2 2 2
+5 * 2 2
+4 * 2
+4 * 2
+3 * 2 0 2
cfi=(348)
cfn=(2780) std::vector<std::__detail::_State<char>, std::allocator<std::__detail::_State<char> > >::~vector()
calls=2 0x2cb8e 790 
* * 3380 1189 913 135 0 0 18 0 0 139 46 19 3
+5 * 2 2
+4 * 2
+3 * 2 0 2
cfn=(2810)
calls=2 0x265c2 -23 
* * 342 122 88 19 0 0 2 0 0 14 0 6
+5 * 2
+1 * 2 2
+1 * 2 2

fn=(2154) std::__detail::_NFA<std::__cxx11::regex_traits<char> >::_M_insert_dummy()
0xf786 325 5 0 5 3 0 0 1
+1 * 5
+3 * 5 0 5
+1 * 5
+4 * 5 0 5
+4 * 5 5
+9 * 5 0 5
+4 * 5
+2 +1 5
+4 * 5
+5 * 5
+3 * 5 0 5
cfn=(1698)
calls=5 0xf3fc 136 
* * 220 80 70 0 0 0 0 0 0 5 2
+5 * 5
+4 * 5 5
+4 * 5
+3 * 5 0 0 3 0 0 1
+3 * 5 0 5
cfn=(1706)
calls=5 0xf4d4 +3 
* * 3503 1335 1045 0 0 0 0 0 0 113 13 5 1
+5 * 5
+3 * 5
+1 * 5
+4 * 5
+3 * 5 0 5
cfn=(1752)
calls=5 0xf49a 159 
* * 105 35 25 0 0 0 0 0 0 5
+5 * 5
+3 * 5 5
+4 * 5 5
+9 * 5 0 0 0 0 0 0 0 0 5 1
+55 * 5 5 0 2 0 0 1
+4 * 5 5
+1 * 5 5

fn=(2300)
0x99de 212 2 0 2 2
+1 * 2
+3 * 2 0 2
+4 +1 2 2
+4 * 2 2
+4 * 2 2
+1 * 2 2

fn=(2568)
0x23986 180 11 0 11 2 0 0 1
+1 * 11
+3 * 11
+4 * 11 0 11
+4 +3 11 11
+4 * 11
+4 * 11
+3 * 11 0 11
cfi=(345)
cfn=(2570) __gnu_cxx::__aligned_membuf<std::function<bool (char)> >::_M_addr() const
calls=11 0x2abb2 74 
* * 66 33 22 2 0 0 1
+5 +1 11 11
+1 * 11 11

fn=(1560)
0x26656 230 2 0 2 1 0 0 1
+1 * 2
+3 * 2 0 2
+1 * 2
+4 * 2 0 2
+4 * 2 0 2
+4 * 2 0 2
+3 * 2 2
+9 * 2 0 2
+4 * 2
+2 +1 2 2
+4 * 2 2
+3 * 2 0 0 2 0 0 1
+2 * 2
+3 * 2 0 2
cfn=(1562) std::__detail::_NFA_base::_NFA_base(std::regex_constants::syntax_option_type)
calls=2 0x9972 -39 
* * 136 48 48 9 0 0 6
+5 * 2 2
+4 * 2
+4 * 2
+3 * 2 0 2
cfi=(348)
cfn=(1572) std::vector<std::__detail::_State<char>, std::allocator<std::__detail::_State<char> > >::vector()
calls=2 0x2661e 551 
* * 96 32 32 7 0 0 5
+5 * 2 2
+4 * 2
+4 * 2
+3 * 2 0 2
cfi=(333)
cfn=(1580) std::__cxx11::regex_traits<char>::regex_traits()
calls=2 0x2cbe4 -52 
* * 72 26 16 1 0 0 1 0 0 6 2 2 1
+5 +1 2 2
+4 * 2
+4 * 2 2
+4 * 2
+4 * 2
+3 * 2
+3 * 2 0 2 2 0 0 1
cob=(7)
cfi=(215)
cfn=(1492)
calls=2 0xccce0 78 
* * 14 6 2 0 0 0 0 0 0 2 2
* * 2 2 0 0 0 0 0 0 0 0 0 2 2
+5 * 2
+4 * 2
+4 * 2
+3 * 2
+3 * 2 0 2
cfi=(333)
cfn=(1582) std::__cxx11::regex_traits<char>::imbue(std::locale)
calls=2 0x2cc00 400 
* * 1019 334 170 15 10 10 3 2 0 117 19 14 9
+5 * 2
+4 * 2
+3 * 2 0 2
cob=(7)
cfi=(215)
cfn=(872)
calls=2 0xcd980 91 
* * 12 6 0 0 0 0 0 0 0 2
* * 2 2 0 0 0 0 0 0 0 0 0 2 2
+5 * 2
+4 * 2
+3 * 2 0 2
cob=(7)
cfi=(215)
cfn=(872)
calls=2 0xcd980 91 
* * 12 6 0 0 0 0 0 0 0 2
* * 2 2 0 0 0 0 0 0 0 0 0 2
+5 * 2
+1 * 2 2
+4 * 2 2
+9 * 2 0 0 0 0 0 0 0 0 2 2
+7 * 2 2 0 2 0 0 1
+4 * 2 2
+1 * 2 2

fn=(1562)
0x9972 192 2 0 2 2 0 0 1
+1 * 2
+3 * 2
+4 * 2 0 2
+4 * 2 0 2 2 0 0 1
+3 +2 2 2
+4 * 2
+3 * 2 0 2
cfi=(348)
cfn=(1564) std::vector<unsigned long, std::allocator<unsigned long> >::vector()
calls=2 -50 551 
* * 96 32 32 5 0 0 4
+5 -1 2 2
+4 * 2 2
+3 * 2 0 2
+3 * 2 2
+4 * 2 0 2
+8 * 2 2
+4 * 2 0 2
+8 +1 2 2
+4 * 2 0 2
+4 +1 2
+1 * 2 2
+1 * 2 2

fn=(1698)
0xf3fc 136 28 0 28
+1 * 28
+3 * 28 0 28 2 0 0 1
+2 * 28 0 28
+1 * 28
+4 * 28 0 28
+4 * 28 0 28
+3 * 28 28
+4 * 28 28
+3 * 28
+2 * 28
+3 * 28 0 28
cfn=(1700) std::__detail::_State_base::_State_base(std::__detail::_Opcode)
calls=28 0x98ba -35 
* * 336 140 140 4 0 0 2
+5 +2 28 28
+4 * 28
+3 * 28 0 28
cfn=(1702)
calls=28 0xfc78 +30 
* * 196 112 56 2 0 0 2
+5 * 28
+3 * 28
+3 * 28
+2 * 28 0 0 0 0 0 0 0 0 28 16
+2 +1 4 4
+4 * 4
+4 * 4
+3 * 4 0 4
cfi=(345)
cfn=(2038)
calls=4 0x115ac -69 
* * 24 12 8
+5 * 4
+3 * 4
+3 * 4
+5 * 4 0 4
cfi=(344)
cfn=(1542)
calls=4 0x917a +31 
* * 28 12 12
+5 * 4
+3 * 4
+3 * 4 0 4
cfi=(361)
cfn=(2040)
calls=4 0x115e4 358 
* * 108 36 44
+5 * 4
+5 * 4
+2 * 4 0 0 0 0 0 0 0 0 4 4
+13 +1 28 0 0 2 0 0 1
+1 * 28
+4 * 28 28
+1 * 28 28
+2 * 28 28
+1 * 28 28

fn=(1700)
0x98ba 101 28 0 28 2 0 0 1
+1 * 28
+3 * 28 0 28 2 0 0 1
+4 * 28 0 28
+3 +1 28 28
+4 * 28 28
+3 * 28 0 28
+2 * 28 28
+4 * 28 0 28
+8 +1 28
+1 * 28 28
+1 * 28 28

fn=(1702)
0xfc78 168 310 0 310 1 0 0 1
+1 * 310
+3 * 310 0 310
+4 +1 310 310 0 2 0 0 1
+4 * 310 310
+2 * 310 310
+1 * 310 310

fn=(2036) std::__detail::_NFA<std::__cxx11::regex_traits<char> >::_M_insert_matcher(std::function<bool (char)>)
0x19e70 270 4 0 4 3 0 0 1
+1 * 4
+3 * 4 0 4
+1 * 4
+7 * 4 0 4 2 0 0 1
+7 * 4 0 4
+7 * 4 4
+9 * 4 0 4
+4 * 4
+2 +2 4
+4 * 4
+5 * 4
+3 * 4 0 4
cfn=(1698)
calls=4 0xf3fc 136 
* * 392 128 132 0 0 0 0 0 0 8 5
+5 * 4 4
+7 * 4 0 4
fi=(349)
+7 139 4 4
fe=(347)
+7 273 4 0 0 3 0 0 1
+4 * 4
+3 * 4 0 4
cfn=(2042)
calls=4 0x1161c -97 
* * 64 24 20
+5 * 4
+3 * 4
+3 * 4 0 4
cfi=(361)
cfn=(2044)
calls=4 0x1f362 477 
* * 952 388 288 32 0 0 13 0 0 24 13
fi=(349)
+5 139 4
fe=(347)
+4 274 4
+4 * 4
+3 * 4
+3 * 4 0 4
cfn=(1704)
calls=4 0xf54a 149 
* * 632 240 208 0 0 0 0 0 0 12 1
+5 * 4
+4 * 4 4
+7 * 4
+3 * 4
+3 * 4 0 4
cfn=(1706)
calls=4 0xf4d4 +55 
* * 1716 660 500 7 0 0 1 0 0 48 12
+5 * 4 0 0 3 0 0 1
+3 * 4
+1 * 4
+4 * 4
+3 * 4 0 4
cfn=(1752)
calls=4 0xf49a 159 
* * 252 84 68 0 0 0 0 0 0 8 7
+5 +1 4
+4 * 4
+3 * 4 0 4
cfn=(1752)
calls=4 0xf49a 159 
* * 252 84 68 0 0 0 0 0 0 8 2
+5 -1 4
+3 +1 4 4
+4 * 4 4
+9 * 4 0 0 0 0 0 0 0 0 4 2
+67 * 4 4 0 2 0 0 1
+4 * 4 4
+1 * 4 4

fn=(2156) std::__detail::_StateSeq<std::__cxx11::regex_traits<char> >::_M_append(std::__detail::_StateSeq<std::__cxx11::regex_traits<char> > const&)
0xd98c 381 16 0 16
+1 * 16
+3 * 16 0 16
+1 * 16
+4 * 16 0 16
+4 * 16 0 16
+4 +2 16 16
+4 * 16 16
+4 * 16 16
+4 * 16 16
+3 * 16
+4 * 16 16
+4 * 16 16
+4 * 16
+3 * 16
+3 * 16 0 16
cfi=(348)
cfn=(1756) std::vector<std::__detail::_State<char>, std::allocator<std::__detail::_State<char> > >::operator[](unsigned long)
calls=16 0xf60a 1251 
* * 656 240 112 0 0 0 0 0 0 16 2
+5 * 16 0 16
+4 +1 16 16
+4 * 16 16
+4 * 16 16
+4 * 16 0 16
+4 +1 16
+1 * 16 16
+4 * 16 16
+1 * 16 16

fn=(2198) std::__detail::_State_base::_M_has_alt() const
0x98de 107 28 0 28
+1 * 28
+3 * 28 0 28
+4 +2 28 28
+4 * 28 28
+2 +2 28
+3 * 28 0 0 0 0 0 0 0 0 28 1
+2 -1 28 28
+4 * 28 28
+2 * 28
+3 * 28 0 0 0 0 0 0 0 0 28 3
+2 +1 25 25
+4 * 25 25 0 2
+2 * 25
+3 * 25 0 0 0 0 0 0 0 0 25 4
+2 * 3
+5 * 3
+2 * 25
+5 +1 25 25
+1 * 25 25
-1 * 3 3
+1 * 3 3

fn=(1752)
0xf49a 159 119 0 119 2 0 0 1
+1 * 119
+3 * 119
+4 * 119 0 119
+4 +2 119 119
+4 * 119
+3 * 119 0 119
cfn=(1702)
calls=119 0xfc78 +7 
* * 833 476 238 1
+5 * 119
+3 * 119
+3 * 119
+2 * 119 0 0 0 0 0 0 0 0 119 27
+2 +1 20 20
+4 * 20
+3 * 20 0 20
cfn=(2042)
calls=20 0x1161c +14 
* * 320 120 100 4
+5 * 20
+3 * 20 0 20
cfi=(361)
cfn=(2060)
calls=20 -77 324 
* * 2078 738 559 89 0 0 12 0 0 68 22 13 3
+5 +1 119
+1 * 119 119
+1 * 119 119

fn=(1754) std::__detail::_StateSeq<std::__cxx11::regex_traits<char> >::_M_append(long)
0xd70e 373 12 0 12
+1 * 12
+3 * 12 0 12
+1 * 12
+4 * 12 0 12
+4 * 12 0 12
+4 +2 12 12
+4 * 12 12
+4 * 12 12
+3 * 12
+4 * 12 12
+4 * 12 12
+4 * 12
+3 * 12
+3 * 12 0 12 2 0 0 1
cfi=(348)
cfn=(1756)
calls=12 0xf60a 1251 
* * 492 180 84 2 0 0 1 0 0 12 7
+5 * 12 0 12
+4 +1 12 12
+4 * 12 12
+4 * 12 0 12
+4 +1 12
+1 * 12 12
+4 * 12 12
+1 * 12 12

fn=(1658) std::__detail::_NFA_base::_M_start() const
0x99cc 208 4 0 4 2 0 0 1
+1 * 4
+3 * 4 0 4
+4 +1 4 4
+4 * 4 4
+4 * 4 4
+1 * 4 4

fl=(364)
fn=(2444)
0xe39c 98 2 0 2 2 0 0 1
+1 * 2
+3 * 2
+4 * 2 0 2
+4 +2 2 2
+4 * 2 2
+4 * 2 2
+4 * 2 0 2
+4 +1 2 2
+4 * 2 0 0 2 0 0 1
+5 * 2
+3 * 2 0 2
cfn=(2446) std::__detail::_Executor<__gnu_cxx::__normal_iterator<char const*, std::__cxx11::basic_string<char, std::char_traits<char>, std::allocator<char> > >, std::allocator<std::__cxx11::sub_match<__gnu_cxx::__normal_iterator<char const*, std::__cxx11::basic_string<char, std::char_traits<char>, std::allocator<char> > > > >, std::__cxx11::regex_traits<char> >::_M_main(std::__detail::_Executor<__gnu_cxx::__normal_iterator<char const*, std::__cxx11::basic_string<char, std::char_traits<char>, std::allocator<char> > >, std::allocator<std::__cxx11::sub_match<__gnu_cxx::__normal_iterator<char const*, std::__cxx11::basic_string<char, std::char_traits<char>, std::allocator<char> > > > >, std::__cxx11::regex_traits<char> >::_Match_mode)
calls=2 0x102ce +58 
* * 71635 26901 18955 484 0 0 234 0 0 3795 397 59 3
+5 +1 2 2
+1 * 2 2

fn=(2560) std::__detail::_Executor<__gnu_cxx::__normal_iterator<char const*, std::__cxx11::basic_string<char, std::char_traits<char>, std::allocator<char> > >, std::allocator<std::__cxx11::sub_match<__gnu_cxx::__normal_iterator<char const*, std::__cxx11::basic_string<char, std::char_traits<char>, std::allocator<char> > > > >, std::__cxx11::regex_traits<char> >::_M_at_begin() const
0x25398 182 2 0 2
+1 * 2
+3 * 2
+4 * 2 0 2
+4 * 2 2
+9 * 2 0 2
+4 * 2
+2 +2 2 2
+4 * 2
+4 * 2 2
+4 * 2 0 0 2 0 0 1
+4 * 2 0 2
+4 * 2 0 2
+4 * 2 2
+4 * 2 0 2
fi=(360)
+4 1166 2 2
+4 +63 2 2
+3 * 2 2
+4 * 2 0 2
+4 -63 2 2
+4 +63 2 2
+3 * 2
+3 * 2
fe=(364)
+3 184 2
+2 * 2 0 0 0 0 0 0 0 0 2
+6 +3 2 2
+4 * 2 2 0 2 0 0 1
+6 * 2
+5 * 2
+2 * 2 0 2
cfi=(338)
cfn=(2442)
calls=2 0x9789 373 
* * 16 8 6
+5 * 2
+2 * 2
+3 * 2
+2 * 2 0 0 0 0 0 0 0 0 2 2
+12 +3 2 2
+4 * 2 2
+6 * 2
+5 * 2
+2 * 2 0 2
cfi=(338)
cfn=(2442)
calls=2 0x9789 373 
* * 16 8 6
+5 * 2
+2 * 2
+3 * 2
+2 * 2 0 0 2 0 0 1 0 0 2 2
0x254c6 +10 2 0 0 2 0 0 1
+5 * 2
0x25548 +6 2 2 0 2 0 0 1
+4 * 2 2
+9 * 2 0 0 0 0 0 0 0 0 2 2
+7 * 2 2
+1 * 2 2

fn=(2656)
0xe32c 93 2 0 2
+1 * 2
+3 * 2
+4 * 2 0 2
+4 +1 2 2
+4 * 2 2 0 2 0 0 1
+7 * 2
+3 * 2 0 0 0 0 0 0 0 0 2 2
+21 * 2 2
+4 * 2
+6 * 2
+3 * 2 0 2
cfi=(348)
cfn=(2658) std::vector<std::pair<long, std::vector<std::__cxx11::sub_match<__gnu_cxx::__normal_iterator<char const*, std::__cxx11::basic_string<char, std::char_traits<char>, std::allocator<char> > > >, std::allocator<std::__cxx11::sub_match<__gnu_cxx::__normal_iterator<char const*, std::__cxx11::basic_string<char, std::char_traits<char>, std::allocator<char> > > > > > >, std::allocator<std::pair<long, std::vector<std::__cxx11::sub_match<__gnu_cxx::__normal_iterator<char const*, std::__cxx11::basic_string<char, std::char_traits<char>, std::allocator<char> > > >, std::allocator<std::__cxx11::sub_match<__gnu_cxx::__normal_iterator<char const*, std::__cxx11::basic_string<char, std::char_traits<char>, std::allocator<char> > > > > > > > >::~vector()
calls=2 0x10278 790 
* * 202 76 56 10 0 0 4 0 0 4 2
+5 * 2 2
+4 * 2
+4 * 2
+3 * 2 0 2
cfi=(348)
cfn=(2676) std::vector<std::pair<__gnu_cxx::__normal_iterator<char const*, std::__cxx11::basic_string<char, std::char_traits<char>, std::allocator<char> > >, int>, std::allocator<std::pair<__gnu_cxx::__normal_iterator<char const*, std::__cxx11::basic_string<char, std::char_traits<char>, std::allocator<char> > >, int> > >::~vector()
calls=2 0x1019c 790 
* * 324 116 82 4 0 0 0 0 0 14 0 6
+5 * 2 2
+4 * 2
+4 * 2
+3 * 2 0 2
cfi=(348)
cfn=(2356) std::vector<std::__cxx11::sub_match<__gnu_cxx::__normal_iterator<char const*, std::__cxx11::basic_string<char, std::char_traits<char>, std::allocator<char> > > >, std::allocator<std::__cxx11::sub_match<__gnu_cxx::__normal_iterator<char const*, std::__cxx11::basic_string<char, std::char_traits<char>, std::allocator<char> > > > > >::~vector()
calls=2 0xabd8 790 
* * 332 116 82 0 0 0 0 0 0 14 2 6
+5 * 2 2
+4 * 2
+3 * 2 0 2
cfi=(348)
cfn=(2698) std::vector<std::__detail::_ExecutorFrame<__gnu_cxx::__normal_iterator<char const*, std::__cxx11::basic_string<char, std::char_traits<char>, std::allocator<char> > >, true>, std::allocator<std::__detail::_ExecutorFrame<__gnu_cxx::__normal_iterator<char const*, std::__cxx11::basic_string<char, std::char_traits<char>, std::allocator<char> > >, true> > >::~vector()
calls=2 0x100d0 790 
* * 332 116 82 6 0 0 2 0 0 14 2 6
+5 * 2
+1 * 2 2
+1 * 2 2

fn=(2450) std::__detail::_Executor<__gnu_cxx::__normal_iterator<char const*, std::__cxx11::basic_string<char, std::char_traits<char>, std::allocator<char> > >, std::allocator<std::__cxx11::sub_match<__gnu_cxx::__normal_iterator<char const*, std::__cxx11::basic_string<char, std::char_traits<char>, std::allocator<char> > > > >, std::__cxx11::regex_traits<char> >::_M_get_sol_pos()
0x14988 262 2 0 2 2 0 0 1
+1 * 2
+3 * 2 0 2
+4 * 2 2
+4 * 2
+4 * 2 2
+1 * 2 2

fn=(2528) std::__detail::_Executor<__gnu_cxx::__normal_iterator<char const*, std::__cxx11::basic_string<char, std::char_traits<char>, std::allocator<char> > >, std::allocator<std::__cxx11::sub_match<__gnu_cxx::__normal_iterator<char const*, std::__cxx11::basic_string<char, std::char_traits<char>, std::allocator<char> > > > >, std::__cxx11::regex_traits<char> >::_M_visited(long)
0x1d596 251 38 0 38
+1 * 38
+3 * 38 0 38
+4 * 38 0 38
+4 +2 38 38
+4 * 38 38
+7 * 38
+3 * 38 0 0 0 0 0 0 0 0 38 3
+55 +6 38 0 0 2 0 0 1
+5 +1 38 38
+1 * 38 38

fn=(2628) std::__detail::_Executor<__gnu_cxx::__normal_iterator<char const*, std::__cxx11::basic_string<char, std::char_traits<char>, std::allocator<char> > >, std::allocator<std::__cxx11::sub_match<__gnu_cxx::__normal_iterator<char const*, std::__cxx11::basic_string<char, std::char_traits<char>, std::allocator<char> > > > >, std::__cxx11::regex_traits<char> >::_M_at_end() const
0x2555e 209 2 0 2
+1 * 2
+3 * 2
+4 * 2 0 2
+4 +2 2 2
+4 * 2
+4 * 2 2
+4 * 2
+4 * 2 0 2
+4 * 2 0 2 2 0 0 1
+4 * 2 2
+4 * 2 0 2
fi=(360)
+4 1166 2 2
+4 +63 2 2
+3 * 2 2
+4 * 2 0 2
+4 -63 2 2
+4 +63 2 2
+3 * 2
+3 * 2
fe=(364)
+3 211 2
+2 * 2 0 0 0 0 0 0 0 0 2
+2 +1 2 2
+4 * 2 2
+6 * 2
+5 * 2
+2 * 2 0 2
cfi=(338)
cfn=(2442)
calls=2 0x9789 373 
* * 16 8 6
+5 * 2 0 0 2 0 0 1
+2 * 2
+3 * 2
+64 +5 2 2 0 2 0 0 1
+1 * 2 2

fn=(2372)
0xe084 68 2 0 2 2 0 0 1
+1 * 2
+3 * 2 0 2
+1 * 2
+4 * 2 0 2
+4 * 2 0 2
+4 * 2 0 2
+4 * 2 0 2
+4 * 2 0 2
+4 * 2 0 2
+4 * 2 2
+9 * 2 0 2
+4 * 2
+2 +16 2 2
+4 * 2
+3 * 2 0 2
cfi=(348)
cfn=(2374) std::vector<std::__detail::_ExecutorFrame<__gnu_cxx::__normal_iterator<char const*, std::__cxx11::basic_string<char, std::char_traits<char>, std::allocator<char> > >, true>, std::allocator<std::__detail::_ExecutorFrame<__gnu_cxx::__normal_iterator<char const*, std::__cxx11::basic_string<char, std::char_traits<char>, std::allocator<char> > >, true> > >::vector()
calls=2 0xe00c 551 
* * 96 32 32 6 0 0 3
+5 -10 2 2 0 2 0 0 1
+4 * 2
+4 * 2 2
+4 * 2
+4 * 2
+3 * 2
+3 * 2 0 2
cfi=(348)
cfn=(2382) std::_Vector_base<std::__cxx11::sub_match<__gnu_cxx::__normal_iterator<char const*, std::__cxx11::basic_string<char, std::char_traits<char>, std::allocator<char> > > >, std::allocator<std::__cxx11::sub_match<__gnu_cxx::__normal_iterator<char const*, std::__cxx11::basic_string<char, std::char_traits<char>, std::allocator<char> > > > > >::get_allocator() const
calls=2 0xff6e 317 
* * 54 20 20 2 0 0 1
+5 * 2
+4 * 2
+3 * 2
+3 * 2 0 2
cfi=(348)
cfn=(2268) std::vector<std::__cxx11::sub_match<__gnu_cxx::__normal_iterator<char const*, std::__cxx11::basic_string<char, std::char_traits<char>, std::allocator<char> > > >, std::allocator<std::__cxx11::sub_match<__gnu_cxx::__normal_iterator<char const*, std::__cxx11::basic_string<char, std::char_traits<char>, std::allocator<char> > > > > >::vector(std::allocator<std::__cxx11::sub_match<__gnu_cxx::__normal_iterator<char const*, std::__cxx11::basic_string<char, std::char_traits<char>, std::allocator<char> > > > > const&)
calls=2 0xc7e4 562 
* * 118 40 42
fi=(292)
+5 189 2
+4 * 2
+3 * 2 0 2
cfi=(293)
cfn=(2278) std::__new_allocator<std::__cxx11::sub_match<__gnu_cxx::__normal_iterator<char const*, std::__cxx11::basic_string<char, std::char_traits<char>, std::allocator<char> > > > >::~__new_allocator()
calls=2 0xc7d8 -85 
* * 12 4 4
+5 * 2
fe=(364)
+1 84 2 2
+4 * 2
+4 * 2 0 2 2 0 0 1
fi=(360)
+4 1054 2 2
+4 * 2 0 2
+7 * 2
fe=(364)
+1 75 2 2
+4 * 2 2
+4 * 2 0 2
+4 +1 2 2
+4 * 2
+4 * 2 2
+4 * 2 0 2
+3 +1 2 2
+4 * 2 2
+4 * 2 0 2
+4 +1 2 2
+4 * 2
+4 * 2 0 0 2 0 0 1
+3 * 2 0 2
cfi=(335)
cfn=(2388)
calls=2 0xffb0 1436 
* * 64 24 18 2 0 0 1 0 0 2 2
+5 * 2 2
+4 * 2 0 2
+4 +1 2 2
+4 * 2 2
+4 * 2 0 2
+4 +1 2 2
+4 * 2
+4 * 2
+4 * 2 0 2
fi=(293)
+4 +8 2
fi=(292)
+1 +80 2
fe=(364)
+1 -88 2 2
+4 * 2 2
+4 * 2
+4 * 2
+3 * 2 0 2
cfi=(348)
cfn=(1722)
calls=2 0x10004 1107 
* * 32 16 6
+5 * 2 0 0 2 0 0 1
+3 * 2
+4 * 2
+3 * 2
+3 * 2
+3 * 2 0 2
cfi=(348)
cfn=(2390) std::vector<std::pair<__gnu_cxx::__normal_iterator<char const*, std::__cxx11::basic_string<char, std::char_traits<char>, std::allocator<char> > >, int>, std::allocator<std::pair<__gnu_cxx::__normal_iterator<char const*, std::__cxx11::basic_string<char, std::char_traits<char>, std::allocator<char> > >, int> > >::vector(unsigned long, std::allocator<std::pair<__gnu_cxx::__normal_iterator<char const*, std::__cxx11::basic_string<char, std::char_traits<char>, std::allocator<char> > >, int> > const&)
calls=2 0x10126 576 
* * 2542 782 766 67 2 0 30 0 0 134 34 4
fi=(292)
+5 189 2
+4 * 2
+3 * 2 0 2
cfi=(293)
cfn=(2396) std::__new_allocator<std::pair<__gnu_cxx::__normal_iterator<char const*, std::__cxx11::basic_string<char, std::char_traits<char>, std::allocator<char> > >, int> >::~__new_allocator()
calls=2 0x11eec -85 
* * 12 4 4
+5 * 2
fe=(364)
+1 81 2 2
+4 * 2 2
+4 * 2
+3 * 2 0 2
cfi=(347)
cfn=(1658)
calls=2 0x99cc 208 
* * 14 8 4
+5 * 2 2
+4 * 2 0 2
+4 +3 2 2
+4 * 2 0 0 2 0 0 1
+4 * 2 0 2
fi=(360)
+4 1054 2 2
+4 * 2 0 2
+7 * 2
fe=(364)
+1 84 2 2
+4 * 2
+6 * 2
+3 * 2 0 2
cfi=(348)
cfn=(2434) std::vector<std::pair<long, std::vector<std::__cxx11::sub_match<__gnu_cxx::__normal_iterator<char const*, std::__cxx11::basic_string<char, std::char_traits<char>, std::allocator<char> > > >, std::allocator<std::__cxx11::sub_match<__gnu_cxx::__normal_iterator<char const*, std::__cxx11::basic_string<char, std::char_traits<char>, std::allocator<char> > > > > > >, std::allocator<std::pair<long, std::vector<std::__cxx11::sub_match<__gnu_cxx::__normal_iterator<char const*, std::__cxx11::basic_string<char, std::char_traits<char>, std::allocator<char> > > >, std::allocator<std::__cxx11::sub_match<__gnu_cxx::__normal_iterator<char const*, std::__cxx11::basic_string<char, std::char_traits<char>, std::allocator<char> > > > > > > > >::vector()
calls=2 0xe068 551 
* * 96 32 32 8 0 0 4
+5 -2 2 2
+4 * 2 0 2
+11 +1 2 2
+4 * 2 2
+3 * 2 0 2
+6 +1 2 2 0 2 0 0 1
+4 * 2 0 0 0 0 0 0 0 0 2
+2 * 2
+5 * 2
+7 * 2 2
+4 * 2 0 2
+6 +3 2 2
+3 * 2
+5 * 2
+2 * 2 0 2
cfi=(338)
cfn=(2442)
calls=2 0x9789 373 
* * 16 8 6 2
+5 * 2
+2 * 2
+3 * 2
+2 * 2 0 0 0 0 0 0 0 0 2 2
+46 +2 2 2 0 2 0 0 1
+4 * 2 2
+7 * 2
+2 * 2 0 0 0 0 0 0 0 0 2 1
0xe311 +2 2 0 0 2 0 0 1
+1 * 2 2
+4 * 2 2
+9 * 2 0 0 0 0 0 0 0 0 2 2
+7 * 2 2
+4 * 2 2
+1 * 2 2

fn=(2446)
0x102ce 159 2 0 2 2 0 0 1
+1 * 2
+3 * 2
+4 * 2 0 2
+4 * 2 0 2
+4 +2 2 2
+4 * 2 2
+7 * 2
+2 * 2 0 0 0 0 0 0 0 0 2
+2 +1 2 2
+4 * 2 2
+4 * 2
+2 * 2
+3 * 2 0 2
cfi=(365) /usr/include/c++/16.1.1/bits/regex_executor.tcc
cfn=(2448) std::__detail::_Executor<__gnu_cxx::__normal_iterator<char const*, std::__cxx11::basic_string<char, std::char_traits<char>, std::allocator<char> > >, std::allocator<std::__cxx11::sub_match<__gnu_cxx::__normal_iterator<char const*, std::__cxx11::basic_string<char, std::char_traits<char>, std::allocator<char> > > > >, std::__cxx11::regex_traits<char> >::_M_main_dfs(std::__detail::_Executor<__gnu_cxx::__normal_iterator<char const*, std::__cxx11::basic_string<char, std::char_traits<char>, std::allocator<char> > >, std::allocator<std::__cxx11::sub_match<__gnu_cxx::__normal_iterator<char const*, std::__cxx11::basic_string<char, std::char_traits<char>, std::allocator<char> > > > >, std::__cxx11::regex_traits<char> >::_Match_mode)
calls=2 0x12154 * 
* * 71601 26889 18947 480 0 0 232 0 0 3793 397 59 3
+5 * 2 0 0 2 0 0 1
+21 +3 2 2
+1 * 2 2

fl=(374)
fn=(2954) Filter::Gauss::get_weights(int, double*)
0x37294 16 859269 0 859269
+1 * 859269
+3 * 859269 0 859269
+1 * 859269
+4 * 859269 0 859269
+3 * 859269 0 859269
+4 +1 859269 0 859269
+7 * 859269
+2 +2 13748304
+4 * 13748304 13748304
+5 * 13748304 13748304 0 0 1 0 0 1
+8 * 13748304 0 0 1 0 0 1
+4 * 13748304
+4 * 13748304 13748304
+5 * 13748304
+4 * 13748304 0 13748304
+5 +1 13748304 13748304
+5 * 13748304 13748304
+8 * 13748304
+4 * 13748304
+4 * 13748304 13748304
+5 * 13748304 13748304 0 0 1 0 0 1
+8 * 13748304
+4 * 13748304
+5 * 13748304 13748304
+3 * 13748304
+3 * 13748304
+8 * 13748304 13748304
+4 * 13748304
+4 * 13748304
+5 * 13748304 0 13748304
cob=(3)
cfi=(375) /usr/src/debug/glibc/glibc/math/./w_exp_template.c
cfn=(2960) exp@@GLIBC_2.29
calls=13748304 0x52540 +11 
* * 735534264 225987747 41244912 7 13 0 7 12 0 68741520 10 13748304 1
cob=(1)
cfi=(282)
cfn=(1028)
calls=1 0x14550 +19 
* * 832 279 142 1 60 24 0 6 18 104 11 2 2
* * 13748308 13748306 2 1 2 0 1 0 0 0 0 13748305 2
+5 * 13748304
+5 * 13748304 0 13748304
+3 -3 13748304 0 13748304
+4 * 13748304 13748304
+3 * 13748304 13748304
+3 * 13748304 0 0 0 0 0 0 0 0 13748304 859274
-6 * 859269 859269
+3 * 859269 859269
+3 * 859269 0 0 0 0 0 0 0 0 859269 2
+6 +5 859269
+1 * 859269
+1 * 859269 859269
+4 * 859269 859269
+1 * 859269 859269

fn=(2946)
0x3733f 26 1 0 1 1 0 0 1
+1 * 1 0 0 1 0 0 1
+3 * 1 0 1
+1 * 1
+7 * 1 0 1 0 0 1 0 0 1
+7 * 1 0 1
+7 * 1 0 1 0 0 1 0 0 1
+6 * 1 1 0 0 1
+9 * 1 0 1
+4 * 1
+2 +1 1
+7 * 1
+5 * 1
+3 * 1 0 1 1 0 0 1
cfi=(373)
cfn=(2948) Matrix::Matrix(unsigned int)
calls=1 0x74f8 +5 
* * 956 199 131 15 13 11 2 0 11 131 7 9
+5 +1 1 1
+7 * 1 1
+7 * 1
+3 * 1
+3 * 1 0 1
cfi=(373)
cfn=(2932)
calls=1 0x757a +14 
* * 83567438 40235735 20632993 0 1547366 1547364 0 0 24179 517285 684 9
+5 +2 1 0 1 0 0 1
+10 * 1
+5 +2 676 0 676
+10 * 676
+5 +2 515788
+7 * 515788 0 0 1 0 0 1
+5 * 515788
+5 * 515788
+3 * 515788 0 515788
cob=(2)
cfi=(214)
cfn=(740)
calls=515788 0x1729c0 198 
* * 4136103972 1547364 4126304000 3 2 126 1 0 25 4128882940 515825
* * 515788 515788 0 1 1 0 0 0 0 0 0 515788 1
+5 +1 515788
+7 * 515788 515788
+6 * 515788
+3 * 515788
+2 * 515788 0 515788
cfn=(2954)
calls=515788 0x37294 -19 
* * 697346212 237262761 60347340 10 77 24 9 20 18 50031540 515816 16505219 5
+5 +7 515788 515788
+8 * 515788 0 515788
+8 * 515788 515788
+6 * 515788 515788 0 1 0 0 1
+6 * 515788 515788
+7 * 515788
+2 * 515788
+3 * 515788 0 515788
cfi=(373)
cfn=(2934) Matrix::r(unsigned int, unsigned int)
calls=515788 0x7aae 156 
* * 8768396 4126304 2063152
+5 * 515788 515788 0 0 515787
+3 * 515788
+3 * 515788
+4 * 515788
+4 * 515788 515788
+8 * 515788 0 515788
+8 * 515788 515788
+8 * 515788 0 515788 1 0 0 1
+8 * 515788 515788
+6 * 515788 515788
+6 * 515788 515788
+7 * 515788
+2 * 515788
+3 * 515788 0 515788
cfi=(373)
cfn=(2936) Matrix::g(unsigned int, unsigned int)
calls=515788 0x7adc 161 
* * 8768396 4126304 2063152
+5 * 515788 515788 0 0 515788
+3 * 515788
+3 * 515788
+4 * 515788
+4 * 515788 515788
+8 * 515788 0 515788
+8 * 515788 515788 0 1 0 0 1
+8 * 515788 0 515788
+8 * 515788 515788
+6 * 515788 515788
+6 * 515788 515788
+7 * 515788
+2 * 515788
+3 * 515788 0 515788
cfi=(373)
cfn=(2938) Matrix::b(unsigned int, unsigned int)
calls=515788 0x7b0c 166 
* * 8768396 4126304 2063152
+5 * 515788 515788 0 0 515787
+3 * 515788
+3 * 515788
+4 * 515788
+4 * 515788 515788 0 1 0 0 1
+8 * 515788 0 515788 0 0 1 0 0 1
+8 * 515788 515788
+8 * 515788 0 515788
+8 +2 515788 0 515788
+10 * 515788
+5 +2 7736820 7736820
+6 * 7736820
+2 * 7736820 7736820
+9 * 7736820 0 7736820 1 0 0 1
+8 +1 7736820 7736820
+6 * 7736820 7736820
+6 * 7736820 0 7736820
+6 +1 7736820 7736820
+7 * 7736820 0 0 0 0 0 0 0 0 7736820 9171
+6 +2 7645260 7645260
+6 * 7645260 7645260
+6 * 7645260 7645260
+7 * 7645260
+2 * 7645260
+3 * 7645260 0 7645260
cfi=(373)
cfn=(2934)
calls=7645260 0x7aae 156 
* * 129969420 61162080 30581040
+5 * 7645260 7645260 0 1 119171 0 1
+3 * 7645260
+3 * 7645260
+4 * 7645260
+4 * 7645260 7645260
+8 * 7645260 7645260
+8 * 7645260
+4 * 7645260 0 7645260
+8 +1 7645260 7645260
+6 * 7645260 7645260
+6 * 7645260 7645260
+7 * 7645260
+2 * 7645260
+3 * 7645260 0 7645260 1 0 0 1
cfi=(373)
cfn=(2936)
calls=7645260 0x7adc 161 
* * 129969420 61162080 30581040
+5 * 7645260 7645260 0 0 119179
+3 * 7645260
+3 * 7645260
+4 * 7645260
+4 * 7645260 7645260
+8 * 7645260 7645260
+8 * 7645260
+4 * 7645260 0 7645260
+8 +1 7645260 7645260
+6 * 7645260 7645260
+6 * 7645260 7645260 0 1 0 0 1
+7 * 7645260
+2 * 7645260
+3 * 7645260 0 7645260
cfi=(373)
cfn=(2938)
calls=7645260 0x7b0c 166 
* * 129969420 61162080 30581040
+5 * 7645260 7645260 0 0 119171
+3 * 7645260
+3 * 7645260
+4 * 7645260
+4 * 7645260 7645260
+8 * 7645260 7645260
+8 * 7645260
+4 * 7645260 0 7645260
+8 +1 7645260 7645260
+8 * 7645260 7645260
+8 * 7645260 0 7645260
+8 +2 7645260 7645260
+6 * 7645260 7645260
+6 * 7645260
+2 * 7645260 0 7645260
+6 +1 7645260 7645260
+7 * 7645260
+3 * 7645260 0 7645260
cfi=(373)
cfn=(2950) Matrix::get_x_size() const
calls=7645260 0x79ac +55 
* * 53516820 30581040 15290520
-30 -1 91560 91560 0 1 0 0 1
+6 * 91560 91560
+6 * 91560
+2 * 91560 0 91560
+6 +1 91560 91560
+7 * 91560
+3 * 91560 0 91560
cfi=(373)
cfn=(2950)
calls=91560 0x79ac +55 
* * 640920 366240 183120
+5 * 7736820 7736820
+6 * 7736820
+2 * 7736820
+3 * 7736820
+2 * 7736820 0 0 1 0 0 1 0 0 7736820 9925
+6 +2 7645260 7645260
+6 * 7645260 7645260
+6 * 7645260 7645260
+7 * 7645260
+2 * 7645260
+3 * 7645260 0 7645260
cfi=(373)
cfn=(2934)
calls=7645260 0x7aae +98 
* * 129969420 61162080 30581040
+5 * 7645260 7645260 0 0 119168
+3 * 7645260
+3 * 7645260
+4 * 7645260
+4 * 7645260 7645260
+8 * 7645260 7645260
+8 * 7645260 0 0 1 0 0 1
+4 * 7645260 0 7645260
+8 +1 7645260 7645260
+6 * 7645260 7645260
+6 * 7645260 7645260
+7 * 7645260
+2 * 7645260
+3 * 7645260 0 7645260
cfi=(373)
cfn=(2936)
calls=7645260 0x7adc 161 
* * 129969420 61162080 30581040
+5 * 7645260 7645260 0 0 119172
+3 * 7645260
+3 * 7645260
+4 * 7645260
+4 * 7645260 7645260
+8 * 7645260 7645260 0 1 0 0 1
+8 * 7645260
+4 * 7645260 0 7645260
+8 +1 7645260 7645260
+6 * 7645260 7645260
+6 * 7645260 7645260
+7 * 7645260
+2 * 7645260
+3 * 7645260 0 7645260
cfi=(373)
cfn=(2938)
calls=7645260 0x7b0c 166 
* * 129969420 61162080 30581040
+5 * 7645260 7645260 0 0 119168
+3 * 7645260
+3 * 7645260
+4 * 7645260
+4 * 7645260 7645260
+8 * 7645260 7645260
+8 * 7645260
+4 * 7645260 0 7645260
+8 +1 7645260 7645260
+8 * 7645260 7645260
+8 * 7645260 0 7645260
+8 -17 7645260 0 7645260
+7 * 7645260 7645260
+6 * 7645260 7645260
+6 * 7645260 0 0 0 0 0 0 0 0 7645260 502829
-19 * 91560 0 91560
+7 * 91560 91560
+6 * 91560 91560
+6 * 91560 0 0 0 0 0 0 0 0 91560 9165
-12 * 515788 515788 0 1 0 0 1
+6 * 515788 515788 0 1 0 0 1
+6 * 515788 0 0 0 0 0 0 0 0 515788 2
+6 +20 515788 515788
+8 * 515788 515788
+8 * 515788
+4 * 515788
+2 * 515788 515788
+6 * 515788 515788
+6 * 515788
+7 * 515788
+2 * 515788
+3 * 515788 0 515788
cfi=(373)
cfn=(2934)
calls=515788 0x7aae +92 
* * 8768396 4126304 2063152
+5 * 515788 0 515788 0 0 515788 0 0 8772
+2 +1 515788 515788 0 1 0 0 1
+8 * 515788 515788
+8 * 515788
+4 * 515788
+2 * 515788 515788
+6 * 515788 515788
+6 * 515788
+7 * 515788
+2 * 515788
+3 * 515788 0 515788
cfi=(373)
cfn=(2936)
calls=515788 0x7adc +96 
* * 8768396 4126304 2063152
+5 * 515788 0 515788 0 0 515788 0 0 8772
+2 +1 515788 515788
+8 * 515788 515788
+8 * 515788
+4 * 515788
+2 * 515788 515788
+6 * 515788 515788
+6 * 515788
+7 * 515788
+2 * 515788
+3 * 515788 0 515788
cfi=(373)
cfn=(2938)
calls=515788 0x7b0c 166 
* * 8768396 4126304 2063152
+5 * 515788 0 515788 0 0 515788 0 0 8772
+2 -34 515788 0 515788
+7 * 515788 515788
+7 * 515788
+3 * 515788 0 515788
cfi=(373)
cfn=(2952) Matrix::get_y_size() const
calls=515788 0x79be +84 
* * 3610516 2063152 1031576
-10 * 676 676 0 1 0 0 1
+7 * 676
+3 * 676 0 676
cfi=(373)
cfn=(2952)
calls=676 0x79be +84 
* * 4732 2704 1352 1 0 0 1
+5 * 516464 516464
+6 * 516464
+2 * 516464
+3 * 516464
+2 * 516464 0 0 0 0 0 0 0 0 516464 692
+6 -2 676 0 676
+7 * 676 676
+7 * 676
+3 * 676 0 676
cfi=(373)
cfn=(2950)
calls=676 0x79ac +81 
* * 4732 2704 1352
-10 * 1 1 0 1 0 0 1
+7 * 1
+3 * 1 0 1
cfi=(373)
cfn=(2950)
calls=1 0x79ac +81 
* * 7 4 2 1 0 0 1
+5 * 677 677
+6 * 677
+2 * 677
+3 * 677
+2 * 677 0 0 0 0 0 0 0 0 677 10
+6 +40 1 0 1 1 0 0 1
+10 * 1
+5 +2 451 0 451
+10 * 451
+5 +2 343481
+7 * 343481
+5 * 343481
+5 * 343481
+3 * 343481 0 343481
cob=(2)
cfi=(214)
cfn=(740)
calls=343481 0x1729c0 198 
* * 2754374139 1030443 2747848000 0 0 0 0 0 0 2749565405 343481
* * 343481 343481 0 0 0 0 0 0 0 0 0 343481
+5 +1 343481
+7 * 343481 343481
+6 * 343481 0 0 1 0 0 1
+3 * 343481
+2 * 343481 0 343481
cfn=(2954)
calls=343481 0x37294 -59 
* * 464386312 158001260 40187277 0 0 0 0 0 0 33317657 343481 10991392
+5 +2 343481 343481
+8 * 343481 0 343481
+8 * 343481 343481
+6 * 343481 343481
+6 * 343481
+7 * 343481
+2 * 343481
+3 * 343481 0 343481
cfi=(373)
cfn=(2934)
calls=343481 0x7aae +79 
* * 5839177 2747848 1373924
+5 * 343481 343481 0 0 451
+3 * 343481
+3 * 343481
+4 * 343481 0 0 1 0 0 1
+4 * 343481 343481
+8 * 343481 0 343481
+8 * 343481 343481
+8 * 343481 0 343481
+8 * 343481 343481
+6 * 343481 343481
+6 * 343481
+7 * 343481
+2 * 343481
+3 * 343481 0 343481 1 0 0 1
cfi=(373)
cfn=(2936)
calls=343481 0x7adc +84 
* * 5839177 2747848 1373924
+5 * 343481 343481 0 0 451
+3 * 343481
+3 * 343481
+4 * 343481
+4 * 343481 343481
+8 * 343481 0 343481
+8 * 343481 343481
+8 * 343481 0 343481
+8 * 343481 343481
+6 * 343481 343481
+6 * 343481 0 0 1 0 0 1
+7 * 343481
+2 * 343481
+3 * 343481 0 343481
cfi=(373)
cfn=(2938)
calls=343481 0x7b0c +89 
* * 5839177 2747848 1373924
+5 * 343481 343481 0 0 451
+3 * 343481
+3 * 343481
+4 * 343481
+4 * 343481 343481
+8 * 343481 0 343481
+8 * 343481 343481
+8 * 343481 0 343481
+8 +2 343481 0 343481 1 0 0 1
+10 * 343481
+5 +2 5152201 5152201
+6 * 5152201
+2 * 5152201 5152201
+9 * 5152201 0 5152201
+8 +1 5152201 5152201
+6 * 5152201 5152201
+6 * 5152201 0 5152201
+6 +1 5152201 5152201
+7 * 5152201 0 0 1 0 0 1 0 0 5152201 6771
+6 +2 5098081 5098081
+6 * 5098081 5098081
+6 * 5098081
+7 * 5098081
+2 * 5098081
+3 * 5098081 0 5098081
cfi=(373)
cfn=(2934)
calls=5098081 0x7aae +71 
* * 86667377 40784648 20392324
+5 * 5098081 5098081
+3 * 5098081
+3 * 5098081
+4 * 5098081
+4 * 5098081 5098081
+8 * 5098081 5098081
+8 * 5098081
+4 * 5098081 0 5098081 1 0 0 1
+8 +1 5098081 5098081
+6 * 5098081 5098081
+6 * 5098081
+7 * 5098081
+2 * 5098081
+3 * 5098081 0 5098081
cfi=(373)
cfn=(2936)
calls=5098081 0x7adc +75 
* * 86667377 40784648 20392324
+5 * 5098080 5098080
+3 * 5098080
+3 * 5098080
+4 * 5098080
+4 * 5098080 5098080
+8 * 5098080 5098080 0 1 0 0 1
+8 * 5098080
+4 * 5098080 0 5098080
+8 +1 5098080 5098080
+6 * 5098080 5098080
+6 * 5098080
+7 * 5098080
+2 * 5098080
+3 * 5098080 0 5098080
cfi=(373)
cfn=(2938)
calls=5098080 0x7b0c +79 
* * 86667360 40784640 20392320
+5 * 5098080 5098080
+3 * 5098080
+3 * 5098080
+4 * 5098080
+4 * 5098080 5098080
+8 * 5098080 5098080
+8 * 5098080
+4 * 5098080 0 5098080
+8 +1 5098080 5098080
+8 * 5098080 5098080
+8 * 5098080 0 5098080
+8 +2 5098080 5098080
+6 * 5098080 5098080
+6 * 5098080
+2 * 5098080 0 5098080
+6 +1 5098080 5098080
+7 * 5098080
+3 * 5098080 0 5098080
cfi=(373)
cfn=(2952)
calls=5098080 0x79be +25 
* * 35686560 20392320 10196160
-30 -1 54120 54120 0 1 0 0 1
+6 * 54120 54120
+6 * 54120
+2 * 54120 0 54120 1 0 0 1
+6 +1 54120 54120
+7 * 54120
+3 * 54120 0 54120
cfi=(373)
cfn=(2952)
calls=54120 0x79be +25 
* * 378840 216480 108240
+5 * 5152200 5152200
+6 * 5152200
+2 * 5152200
+3 * 5152200
+2 * 5152200 0 0 0 0 0 0 0 0 5152200 7205
+6 +2 5098200 5098200
+6 * 5098200 5098200
+6 * 5098200
+7 * 5098200
+2 * 5098200
+3 * 5098200 0 5098200 1 0 0 1
cfi=(373)
cfn=(2934)
calls=5098200 0x7aae +63 
* * 86669400 40785600 20392800
+5 * 5098200 5098200 0 0 343044
+3 * 5098200
+3 * 5098200
+4 * 5098200
+4 * 5098200 5098200
+8 * 5098200 5098200
+8 * 5098200
+4 * 5098200 0 5098200
+8 +1 5098200 5098200
+6 * 5098200 5098200
+6 * 5098200
+7 * 5098200
+2 * 5098200 0 0 1 0 0 1
+3 * 5098200 0 5098200
cfi=(373)
cfn=(2936)
calls=5098200 0x7adc +67 
* * 86669400 40785600 20392800
+5 * 5098200 5098200 0 0 343044
+3 * 5098200
+3 * 5098200
+4 * 5098200
+4 * 5098200 5098200
+8 * 5098200 5098200
+8 * 5098200
+4 * 5098200 0 5098200
+8 +1 5098200 5098200
+6 * 5098200 5098200
+6 * 5098200 0 0 1 0 0 1
+7 * 5098200
+2 * 5098200
+3 * 5098200 0 5098200
cfi=(373)
cfn=(2938)
calls=5098200 0x7b0c +71 
* * 86669400 40785600 20392800
+5 * 5098200 5098200 0 0 343044
+3 * 5098200
+3 * 5098200
+4 * 5098200
+4 * 5098200 5098200
+8 * 5098200 5098200
+8 * 5098200
+4 * 5098200 0 5098200
+8 +1 5098200 5098200
+8 * 5098200 5098200
+8 * 5098200 0 5098200
+8 -17 5098200 0 5098200
+7 * 5098200 5098200
+6 * 5098200 5098200
+6 * 5098200 0 0 0 0 0 0 0 0 5098200 337190
-19 * 54000 0 54000
+7 * 54000 54000
+6 * 54000 54000
+6 * 54000 0 0 0 0 0 0 0 0 54000 7654
-12 * 343481 343481 0 1 0 0 1
+6 * 343481 343481
+6 * 343481 0 0 0 0 0 0 0 0 343481 2
+6 +20 343480 343480
+8 * 343480 343480
+8 * 343480
+4 * 343480
+2 * 343480 343480 0 1 0 0 1
+6 * 343480 343480
+6 * 343480 343480
+7 * 343480
+2 * 343480
+3 * 343480 0 343480
cfi=(373)
cfn=(2934)
calls=343480 0x7aae +57 
* * 5839160 2747840 1373920
+5 * 343480 0 343480 0 0 343480
+2 +1 343480 343480
+8 * 343480 343480
+8 * 343480
+4 * 343480
+2 * 343480 343480
+6 * 343480 343480 0 1 0 0 1
+6 * 343480 343480
+7 * 343480
+2 * 343480
+3 * 343480 0 343480
cfi=(373)
cfn=(2936)
calls=343480 0x7adc +61 
* * 5839160 2747840 1373920
+5 * 343480 0 343480 0 0 343480
+2 +1 343480 343480
+8 * 343480 343480
+8 * 343480
+4 * 343480
+2 * 343480 343480
+6 * 343480 343480
+6 * 343480 343480
+7 * 343480
+2 * 343480
+3 * 343480 0 343480
cfi=(373)
cfn=(2938)
calls=343480 0x7b0c +65 
* * 5839160 2747840 1373920
+5 * 343480 0 343480 0 0 343479
+2 -29 343480 0 343480
+7 * 343480 343480
+7 * 343480
+3 * 343480 0 343480
cfi=(373)
cfn=(2952)
calls=343480 0x79be +44 
* * 2404360 1373920 686960
-10 * 451 451
+7 * 451
+3 * 451 0 451
cfi=(373)
cfn=(2952)
calls=451 0x79be +44 
* * 3157 1804 902
+5 * 343931 343931
+6 * 343931
+2 * 343931
+3 * 343931
+2 * 343931 0 0 0 0 0 0 0 0 343931 463
+6 -2 450 0 450
+7 * 450 450
+7 * 450
+3 * 450 0 450
cfi=(373)
cfn=(2950)
calls=450 0x79ac +41 
* * 3150 1800 900
-10 * 1 1 0 1 0 0 1
+7 * 1 0 0 1 0 0 1
+3 * 1 0 1
cfi=(373)
cfn=(2950)
calls=1 0x79ac +41 
* * 7 4 2
+5 * 451 451
+6 * 451
+2 * 451
+3 * 451
+2 * 451 0 0 0 0 0 0 0 0 451 3

fl=(293)
fn=(2102) std::__new_allocator<std::pair<char, char> >::~__new_allocator()
0x27cb0 104 6 0 6
+1 * 6
+3 * 6 0 6
+4 * 6
+1 * 6 6
+1 * 6 6

fn=(2494) std::__new_allocator<std::__detail::_ExecutorFrame<__gnu_cxx::__normal_iterator<char const*, std::__cxx11::basic_string<char, std::char_traits<char>, std::allocator<char> > >, true> >::allocate(unsigned long, void const*)
0x2fad0 129 10 0 10
+1 * 10
+3 * 10
+4 * 10 0 10
+4 * 10 0 10
+4 * 10 0 10
+4 * 10 10
+4 * 10 0 10
+4 245 10
+10 145 10 10
+4 * 10
+3 * 10
+3 * 10 0 0 2 0 0 1
+3 * 10
+3 * 10
+2 * 10 0 0 0 0 0 0 0 0 10 3
+28 +17 10 10
+4 * 10
+3 * 10
+3 * 10
+3 * 10
+4 * 10
+3 * 10 0 10
cob=(7)
cfi=(308)
cfn=(1178)
calls=10 0xb6f20 43 
* * 460 100 60 0 0 0 0 0 0 70 4 10
* * 10 10 0 0 0 0 0 0 0 0 0 10
+5 +1 10 10
+1 * 10 10

fn=(2672) std::__new_allocator<std::pair<long, std::vector<std::__cxx11::sub_match<__gnu_cxx::__normal_iterator<char const*, std::__cxx11::basic_string<char, std::char_traits<char>, std::allocator<char> > > >, std::allocator<std::__cxx11::sub_match<__gnu_cxx::__normal_iterator<char const*, std::__cxx11::basic_string<char, std::char_traits<char>, std::allocator<char> > > > > > > >::~__new_allocator()
0x120ec 104 2 0 2
+1 * 2
+3 * 2 0 2
+4 * 2
+1 * 2 2
+1 * 2 2

fn=(1598)
0x19934 104 4 0 4 3 0 0 1
+1 * 4
+3 * 4 0 4
+4 * 4
+1 * 4 4
+1 * 4 4

fn=(1626)
0x199de 129 2 0 2
+1 * 2
+3 * 2
+4 * 2 0 2
+4 * 2 0 2
+4 * 2 0 2
+4 * 2 2
+4 * 2 0 2
+4 245 2 0 0 2 0 0 1
+10 145 2 2
+4 * 2
+3 * 2
+3 * 2
+3 * 2
+3 * 2
+2 * 2 0 0 0 0 0 0 0 0 2 2
+28 +17 2 2
+4 * 2
+4 * 2
+3 * 2 0 2 2 0 0 1
cob=(7)
cfi=(308)
cfn=(1178)
calls=2 0xb6f20 43 
* * 220 42 30 0 0 0 0 0 0 37 4 2
* * 2 2 0 0 0 0 0 0 0 0 0 2
+5 +1 2 2
+1 * 2 2

fn=(1850) std::__new_allocator<unsigned long>::deallocate(unsigned long*, unsigned long)
0xd28a 167 4 0 4 2
+1 * 4
+3 * 4
+4 * 4 0 4
+4 * 4 0 4
+4 * 4 0 4
+4 +16 4 4
+4 * 4
+8 * 4 4
+4 * 4
+3 * 4
+3 * 4 0 4
cob=(7)
cfi=(354)
cfn=(1792)
calls=4 0xb4df0 32 
* * 148 44 16 0 0 0 0 0 0 24 2 8
* * 4 4 0 0 0 0 0 0 0 0 0 4 2
+5 +1 4
+1 * 4 4
+1 * 4 4

fn=(2278)
0xc7d8 104 12 0 12
+1 * 12
+3 * 12 0 12
+4 * 12
+1 * 12 12
+1 * 12 12

fn=(2694) std::__new_allocator<std::__cxx11::sub_match<__gnu_cxx::__normal_iterator<char const*, std::__cxx11::basic_string<char, std::char_traits<char>, std::allocator<char> > > > >::deallocate(std::__cxx11::sub_match<__gnu_cxx::__normal_iterator<char const*, std::__cxx11::basic_string<char, std::char_traits<char>, std::allocator<char> > > >*, unsigned long)
0xfed4 167 4 0 4
+1 * 4
+3 * 4
+4 * 4 0 4
+4 * 4 0 4
+4 * 4 0 4
+4 +16 4 4
+4 * 4
+3 * 4
+3 * 4
+3 * 4
+4 * 4
+3 * 4 4
+4 * 4
+3 * 4
+3 * 4 0 4
cob=(7)
cfi=(354)
cfn=(1792)
calls=4 0xb4df0 32 
* * 148 44 16 0 0 0 0 0 0 24 1 8
* * 4 4 0 0 0 0 0 0 0 0 0 4
+5 +1 4
+1 * 4 4
+1 * 4 4

fn=(1096)
0x6f3c 104 32 0 32 3
+1 * 32
+3 * 32 0 32 4
+4 * 32
+1 * 32 32
+1 * 32 32

fn=(1630)
0x1457c 104 4 0 4
+1 * 4
+3 * 4 0 4 1 0 0 1
+4 * 4
+1 * 4 4
+1 * 4 4

fn=(1638)
0x1f084 129 2 0 2
+1 * 2
+3 * 2
+4 * 2 0 2
+4 * 2 0 2
+4 * 2 0 2
+4 * 2 2
+4 * 2 0 2
+4 245 2
+10 145 2 2
+4 * 2
+3 * 2
+3 * 2
+3 * 2
+3 * 2
+2 * 2 0 0 0 0 0 0 0 0 2 2
+28 +17 2 2 0 2 0 0 1
+4 * 2
+3 * 2
+3 * 2
+3 * 2
+4 * 2
+3 * 2 0 2
cob=(7)
cfi=(308)
cfn=(1178)
calls=2 0xb6f20 43 
* * 220 42 30 0 1 0 0 0 0 37 2 2
* * 2 2 0 0 0 0 0 0 0 0 0 2
+5 +1 2 2
+1 * 2 2

fn=(1682) std::__new_allocator<unsigned long>::allocate(unsigned long, void const*)
0x19ad0 129 4 0 4
+1 * 4
+3 * 4
+4 * 4 0 4
+4 * 4 0 4
+4 * 4 0 4
+4 * 4 4
+4 * 4 0 4
+4 245 4
+10 145 4 4
+4 * 4
+3 * 4
+3 * 4 0 0 2 0 0 1
+3 * 4
+3 * 4
+2 * 4 0 0 0 0 0 0 0 0 4 2
+28 +17 4 4
+4 * 4
+4 * 4
+3 * 4 0 4
cob=(7)
cfi=(308)
cfn=(1178)
calls=4 0xb6f20 43 
* * 424 84 60 0 0 1 0 0 0 71 9 4
* * 4 4 0 0 0 0 0 0 0 0 0 4
+5 +1 4 4
+1 * 4 4

fn=(2554) std::__new_allocator<std::__detail::_ExecutorFrame<__gnu_cxx::__normal_iterator<char const*, std::__cxx11::basic_string<char, std::char_traits<char>, std::allocator<char> > >, true> >::deallocate(std::__detail::_ExecutorFrame<__gnu_cxx::__normal_iterator<char const*, std::__cxx11::basic_string<char, std::char_traits<char>, std::allocator<char> > >, true>*, unsigned long)
0x185a6 167 10 0 10
+1 * 10
+3 * 10
+4 * 10 0 10
+4 * 10 0 10
+4 * 10 0 10
+4 +16 10 10
+4 * 10
+3 * 10
+3 * 10
+3 * 10
+4 * 10
+3 * 10 10
+4 * 10
+3 * 10
+3 * 10 0 10
cob=(7)
cfi=(354)
cfn=(1792)
calls=10 0xb4df0 32 
* * 370 110 40 0 0 0 0 0 0 60 0 20
* * 10 10 0 0 0 0 0 0 0 0 0 10
+5 +1 10
+1 * 10 10
+1 * 10 10

fn=(2708) std::__new_allocator<std::__detail::_ExecutorFrame<__gnu_cxx::__normal_iterator<char const*, std::__cxx11::basic_string<char, std::char_traits<char>, std::allocator<char> > >, true> >::~__new_allocator()
0x11e84 104 2 0 2
+1 * 2
+3 * 2 0 2
+4 * 2
+1 * 2 2
+1 * 2 2

fn=(2822) std::__new_allocator<unsigned long>::~__new_allocator()
0xb432 104 2 0 2
+1 * 2
+3 * 2 0 2
+4 * 2
+1 * 2 2
+1 * 2 2

fn=(1726) std::__new_allocator<std::__detail::_State<char> >::allocate(unsigned long, void const*)
0x26796 129 11 0 11
+1 * 11
+3 * 11
+4 * 11 0 11
+4 * 11 0 11
+4 * 11 0 11
+4 * 11 11
+4 * 11 0 11
+4 245 11
+10 145 11 11
+4 * 11 0 0 2 0 0 1
+3 * 11
+3 * 11
+3 * 11
+3 * 11
+2 * 11 0 0 0 0 0 0 0 0 11 3
+28 +17 11 11
+4 * 11
+3 * 11
+3 * 11
+3 * 11
+4 * 11
+3 * 11 0 11 2 0 0 1
cob=(7)
cfi=(308)
cfn=(1178)
calls=11 0xb6f20 43 
* * 1424 268 193 22 7 2 0 0 0 248 22 11
* * 11 11 0 0 0 0 0 0 0 0 0 11
+5 +1 11 11
+1 * 11 11

fn=(2240)
0x183be 167 2 0 2 2 0 0 1
+1 * 2 0 0 2 0 0 1
+3 * 2
+4 * 2 0 2
+4 * 2 0 2
+4 * 2 0 2
+4 +16 2 2
+4 * 2
+3 * 2
+3 * 2
+3 * 2
+4 * 2
+3 * 2 2
+4 * 2
+3 * 2
+3 * 2 0 2
cob=(7)
cfi=(354)
cfn=(1792)
calls=2 0xb4df0 32 
* * 74 22 8 0 0 0 0 0 0 12 2 4
* * 2 2 0 0 0 0 0 0 0 0 0 2
+5 +1 2
+1 * 2 2
+1 * 2 2

fn=(2254)
0x11a1a 104 2 0 2
+1 * 2
+3 * 2 0 2
+4 * 2
+1 * 2 2
+1 * 2 2

fn=(2396)
0x11eec 104 6 0 6
+1 * 6
+3 * 6 0 6
+4 * 6
+1 * 6 6
+1 * 6 6

fn=(1786) std::__new_allocator<std::__detail::_State<char> >::deallocate(std::__detail::_State<char>*, unsigned long)
0x2cc40 167 11 0 11 5 0 0 1
+1 * 11
+3 * 11
+4 * 11 0 11
+4 * 11 0 11
+4 * 11 0 11
+4 +16 11 11
+4 * 11
+3 * 11
+3 * 11
+3 * 11
+4 * 11
+3 * 11 11
+4 * 11
+3 * 11
+3 * 11 0 11
cob=(7)
cfi=(354)
cfn=(1792)
calls=11 0xb4df0 32 
* * 497 144 60 14 2 0 0 0 0 81 3 22 1
cob=(1)
cfi=(282)
cfn=(1028)
calls=1 0x14550 39 
* * 779 247 136 2 16 5 0 2 0 93 10 3 2
* * 15 13 2 0 0 0 0 0 0 0 0 12 7
+5 +1 11
+1 * 11 11
+1 * 11 11

fn=(2120) std::__new_allocator<std::__cxx11::basic_string<char, std::char_traits<char>, std::allocator<char> > >::~__new_allocator()
0x27c28 104 6 0 6
+1 * 6
+3 * 6 0 6
+4 * 6
+1 * 6 6
+1 * 6 6

fn=(2332) std::__new_allocator<std::__cxx11::sub_match<__gnu_cxx::__normal_iterator<char const*, std::__cxx11::basic_string<char, std::char_traits<char>, std::allocator<char> > > > >::allocate(unsigned long, void const*)
0x2b756 129 4 0 4 2 0 0 1
+1 * 4
+3 * 4
+4 * 4 0 4
+4 * 4 0 4
+4 * 4 0 4
+4 * 4 4
+4 * 4 0 4
+4 245 4
+10 145 4 4
+4 * 4 0 0 2 0 0 1
+3 * 4
+3 * 4
+3 * 4
+3 * 4
+2 * 4 0 0 0 0 0 0 0 0 4 4
+28 +17 4 4
+4 * 4
+3 * 4
+3 * 4
+3 * 4
+4 * 4
+3 * 4 0 4 2 0 0 1
cob=(7)
cfi=(308)
cfn=(1178)
calls=4 0xb6f20 43 
* * 1121 201 145 35 1 0 0 0 0 215 31 4
* * 4 4 0 0 0 0 0 0 0 0 0 4
+5 +1 4 4
+1 * 4 4

fn=(2410) std::__new_allocator<std::pair<__gnu_cxx::__normal_iterator<char const*, std::__cxx11::basic_string<char, std::char_traits<char>, std::allocator<char> > >, int> >::allocate(unsigned long, void const*)
0x24aee 129 2 0 2
+1 * 2
+3 * 2
+4 * 2 0 2
+4 * 2 0 2
+4 * 2 0 2 2 0 0 1
+4 * 2 2
+4 * 2 0 2
+4 245 2
+10 145 2 2
+4 * 2
+3 * 2
+3 * 2
+3 * 2
+3 * 2
+2 * 2 0 0 0 0 0 0 0 0 2 2
+28 +17 2 2 0 2 0 0 1
+4 * 2
+4 * 2
+3 * 2 0 2
cob=(7)
cfi=(308)
cfn=(1178)
calls=2 0xb6f20 43 
* * 348 64 48 7 2 0 0 0 0 60 1 2
* * 2 2 0 0 0 0 0 0 0 0 0 2
+5 +1 2 2
+1 * 2 2

fn=(1268) std::__new_allocator<char>::allocate(unsigned long, void const*)
0x740e 129 14 0 14 2 0 0 1
+1 * 14
+3 * 14
+4 * 14 0 14
+4 * 14 0 14
+4 * 14 0 14
+4 * 14 14
+4 * 14 0 14
+4 245 14
+10 145 14 14
+4 * 14
+3 * 14
+3 * 14 0 0 1 0 0 1
+3 * 14
+3 * 14
+2 * 14 0 0 0 0 0 0 0 0 14 3
+7 +17 14 14
+4 * 14
+3 * 14 0 14
cob=(7)
cfi=(308)
cfn=(1178)
calls=14 0xb6f20 43 
* * 3817 658 433 42 74 52 29 1 13 645 150 15 1
cob=(1)
cfi=(282)
cfn=(1028)
calls=1 0x14550 39 
* * 669 226 128 0 4 8 0 1 0 81 10 3 3
* * 18 16 2 1 8 0 1 0 0 0 0 15 2
+5 +1 14 14
+1 * 14 14

fn=(2246)
0x14588 167 2 0 2 2
+1 * 2
+3 * 2
+4 * 2 0 2
+4 * 2 0 2
+4 * 2 0 2
+4 +16 2 2
+4 * 2
+8 * 2 2
+4 * 2
+3 * 2
+3 * 2 0 2
cob=(7)
cfi=(354)
cfn=(1792)
calls=2 0xb4df0 32 
* * 74 22 8 0 0 0 0 0 0 12 1 4
* * 2 2 0 0 0 0 0 0 0 0 0 2
+5 +1 2
+1 * 2 2
+1 * 2 2

fn=(2806) std::__new_allocator<std::__detail::_State<char> >::~__new_allocator()
0x2fdce 104 2 0 2 2
+1 * 2
+3 * 2 0 2
+4 * 2
+1 * 2 2
+1 * 2 2

fn=(1534) std::__new_allocator<std::_Sp_counted_ptr_inplace<std::__detail::_NFA<std::__cxx11::regex_traits<char> >, std::allocator<void>, (__gnu_cxx::_Lock_policy)2> >::allocate(unsigned long, void const*)
0x1ef38 129 2 0 2 2 0 0 1
+1 * 2
+3 * 2
+4 * 2 0 2 2 0 0 1
+4 * 2 0 2
+4 * 2 0 2
+4 * 2 2
+4 * 2 0 2
+4 245 2
+10 145 2 2
+4 * 2
+3 * 2
+3 * 2
+3 * 2
+3 * 2
+2 * 2 0 0 0 0 0 0 0 0 2 2
+28 +17 2 2 0 1 0 0 1
+4 * 2
+4 * 2
+3 * 2 0 2
cob=(7)
cfi=(308)
cfn=(1178)
calls=2 0xb6f20 43 
* * 220 42 30 9 1 0 3 0 0 37 9 2
* * 2 2 0 0 0 0 0 0 0 0 0 2
+5 +1 2 2
+1 * 2 2

fn=(2842) std::__new_allocator<char>::deallocate(char*, unsigned long)
0x73e4 167 1 0 1
+1 * 1
+3 * 1
+4 * 1 0 1
+4 * 1 0 1
+4 * 1 0 1
+4 +16 1 1
+4 * 1 1
+4 * 1 0 0 1
+3 * 1
+3 * 1 0 1
cob=(7)
cfi=(354)
cfn=(1792)
calls=1 0xb4df0 32 
* * 37 11 4 0 0 0 0 0 0 6 0 2
* * 1 1 0 0 0 0 0 0 0 0 0 1
+5 +1 1
+1 * 1 1
+1 * 1 1

fn=(2084) std::__new_allocator<std::__cxx11::regex_traits<char>::_RegexMask>::~__new_allocator()
0x27d38 104 6 0 6 2
+1 * 6
+3 * 6 0 6
+4 * 6
+1 * 6 6
+1 * 6 6

fn=(2686) std::__new_allocator<std::pair<__gnu_cxx::__normal_iterator<char const*, std::__cxx11::basic_string<char, std::char_traits<char>, std::allocator<char> > >, int> >::deallocate(std::pair<__gnu_cxx::__normal_iterator<char const*, std::__cxx11::basic_string<char, std::char_traits<char>, std::allocator<char> > >, int>*, unsigned long)
0x1cf70 167 2 0 2
+1 * 2
+3 * 2
+4 * 2 0 2
+4 * 2 0 2
+4 * 2 0 2
+4 +16 2 2
+4 * 2
+4 * 2
+3 * 2 2
+4 * 2
+3 * 2
+3 * 2 0 2
cob=(7)
cfi=(354)
cfn=(1792)
calls=2 0xb4df0 32 
* * 74 22 8 0 0 0 0 0 0 12 0 4
* * 2 2 0 0 0 0 0 0 0 0 0 2
+5 +1 2
+1 * 2 2
+1 * 2 2

fn=(2834) std::__new_allocator<std::_Sp_counted_ptr_inplace<std::__detail::_NFA<std::__cxx11::regex_traits<char> >, std::allocator<void>, (__gnu_cxx::_Lock_policy)2> >::deallocate(std::_Sp_counted_ptr_inplace<std::__detail::_NFA<std::__cxx11::regex_traits<char> >, std::allocator<void>, (__gnu_cxx::_Lock_policy)2>*, unsigned long)
0x1ef9e 167 2 0 2 2
+1 * 2
+3 * 2
+4 * 2 0 2
+4 * 2 0 2
+4 * 2 0 2
+4 +16 2 2
+4 * 2
+4 * 2 2
+4 * 2 0 0 2
+3 * 2
+3 * 2 0 2
cob=(7)
cfi=(354)
cfn=(1792)
calls=2 0xb4df0 32 
* * 74 22 8 0 0 0 0 0 0 12 0 4
* * 2 2 0 0 0 0 0 0 0 0 0 2
+5 +1 2
+1 * 2 2
+1 * 2 2

fl=(352) /usr/include/c++/16.1.1/bits/vector.tcc
fn=(1668) void std::vector<unsigned long, std::allocator<unsigned long> >::_M_realloc_append<unsigned long const&>(unsigned long const&)
0x11364 565 4 0 4
+1 * 4
+3 * 4 0 4
+1 * 4
+7 * 4 0 4
+7 * 4 0 4
+7 * 4 4 0 2 0 0 1
+9 * 4 0 4
+4 * 4
+2 +9 4
+7 * 4 4
+7 * 4
+5 * 4
+3 * 4 0 4
cfi=(348)
cfn=(1670) std::vector<unsigned long, std::allocator<unsigned long> >::_M_check_len(unsigned long, char const*) const
calls=4 0x12be2 2192 
* * 1002 400 264 14 0 0 7 0 0 36 26
+5 * 4 0 4
+7 +1 4 4
+8 +2 4 4
+7 * 4 4 0 2 0 0 1
+3 * 4 0 4
+7 +1 4 4
+7 * 4 4
+4 * 4 0 4
+7 +1 4 4
+7 * 4
+3 * 4 0 4
cfi=(348)
cfn=(1678) std::vector<unsigned long, std::allocator<unsigned long> >::size() const
calls=4 0x12ce2 1107 
* * 60 32 12
+5 * 4 0 4
+7 +1 4 4
+7 * 4 4
+7 * 4 0 0 2 0 0 1
+3 * 4
+3 * 4 0 4
cfi=(348)
cfn=(1680) std::_Vector_base<unsigned long, std::allocator<unsigned long> >::_M_allocate(unsigned long)
calls=4 0x12d12 386 
* * 600 136 108 4 0 1 2 0 0 79 11 8
+5 * 4 0 4
+7 +1 4 4
+7 * 4 0 4
+7 +3 4 4
+7 * 4 4
+7 * 4 4
+7 * 4
+4 * 4
+3 * 4 0 4
cfi=(348)
cfn=(1686) std::vector<unsigned long, std::allocator<unsigned long> >::_Guard_alloc::_Guard_alloc(unsigned long*, unsigned long, std::_Vector_base<unsigned long, std::allocator<unsigned long> >&)
calls=4 0x12d5c 1865 
* * 72 32 32 2 0 0 1
+5 * 4 4 0 2 0 0 1
+7 * 4 0 4
fi=(349)
+4 73 4 4
fe=(352)
+4 595 4 4
+7 * 4
+8 -1 4 4
+7 * 4
+3 * 4 0 4
fi=(287) /usr/include/c++/16.1.1/bits/ptr_traits.h
+4 211 4 4
fe=(352)
+4 594 4 4
+7 * 4 0 4
+4 * 4 0 4
+4 * 4 0 4 2 0 0 1
+4 * 4 4
+4 * 4 0 4
fi=(349)
+4 73 4 4
+4 * 4 4
+4 * 4 0 4
+4 * 4 0 4
+4 * 4 4
+4 * 4 0 4
fi=(293)
+4 203 4 4
+4 * 4
+3 * 4
+5 * 4 0 4
cfi=(344)
cfn=(1542)
calls=4 0x917a -33 
* * 28 12 12
+5 * 4 4
+4 * 4 0 4
fi=(349)
+4 73 4 4
fi=(293)
+4 203 4 4 0 2 0 0 1
+3 * 4 0 4
+3 * 4
+5 * 4
+2 * 4 0 0 0 0 0 0 0 0 4 3
+13 * 4
fi=(318)
+1 720 4
fe=(352)
+1 609 4 4
+7 * 4
+3 * 4 0 4
cfi=(348)
cfn=(1690) std::_Vector_base<unsigned long, std::allocator<unsigned long> >::_M_get_Tp_allocator()
calls=4 0xb48c 307 
* * 24 12 8 1 0 0 1
+5 * 4
+3 -2 4 4
+7 * 4 4
+7 * 4 4 0 2 0 0 1
+7 * 4
+3 * 4 0 4
cfi=(353)
cfn=(1692)
calls=4 0x12dd3 1404 
* * 206 78 66 12 0 0 4 0 0 10 6 2
+5 * 4 0 4
+7 +3 4 0 4
+8 +37 4 4
+7 * 4 0 4
+4 +1 4 4
+7 * 4 4
+4 * 4 4
+7 * 4
+4 * 4 0 4
+4 +1 4 0 0 2 0 0 1
+4 * 4
+3 * 4 0 4
cfi=(348)
cfn=(1696) std::vector<unsigned long, std::allocator<unsigned long> >::_Guard_alloc::~_Guard_alloc()
calls=4 0x12d96 1870 
* * 216 78 44 2 0 0 1 0 0 18 5 6 2
+5 +4 4 4
+7 * 4 4
+7 * 4 0 4
+3 +1 4 4
+7 * 4 4
+7 * 4 0 4
+4 +1 4 4
+7 * 4
+8 * 4 4 0 1 0 0 1
+7 * 4
+3 * 4 4
+7 * 4 0 4
+4 +1 4
+1 * 4 4
+4 * 4 4
+9 * 4 0 0 0 0 0 0 0 0 4 4
+7 * 4 4
+4 * 4 4
+1 * 4 4

fn=(1936) std::vector<char, std::allocator<char> >::_M_erase(__gnu_cxx::__normal_iterator<char*, std::vector<char, std::allocator<char> > >, __gnu_cxx::__normal_iterator<char*, std::vector<char, std::allocator<char> > >)
0x282ca 199 3 0 3
+1 * 3
+3 * 3 0 3
+1 * 3
+4 * 3 0 3
+4 * 3 0 3
+4 * 3 0 3
+4 * 3 3
+9 * 3 0 3
+4 * 3
+2 * 3
+4 * 3 0 3
fi=(360)
+4 1166 3 3
+4 +81 3 3
+3 * 3 0 0 2 0 0 1
+4 * 3 0 3
+4 -81 3 3
+4 +81 3 3
+3 * 3
+3 * 3
fe=(352)
+3 202 3
+2 * 3 0 0 0 0 0 0 0 0 3 2
0x283c2 +6 3 3 0 2 0 0 1
+4 +1 3 3
+4 * 3 3
+9 * 3 0 0 0 0 0 0 0 0 3 2
+7 * 3 3
+4 * 3 3
+1 * 3 3

fn=(2478) std::__detail::_ExecutorFrame<__gnu_cxx::__normal_iterator<char const*, std::__cxx11::basic_string<char, std::char_traits<char>, std::allocator<char> > >, true>& std::vector<std::__detail::_ExecutorFrame<__gnu_cxx::__normal_iterator<char const*, std::__cxx11::basic_string<char, std::char_traits<char>, std::allocator<char> > >, true>, std::allocator<std::__detail::_ExecutorFrame<__gnu_cxx::__normal_iterator<char const*, std::__cxx11::basic_string<char, std::char_traits<char>, std::allocator<char> > >, true> > >::emplace_back<std::__detail::_ExecutorFrameOpcode, long&>(std::__detail::_ExecutorFrameOpcode&&, long&)
0x1898e 115 11 0 11 2 0 0 1
+1 * 11
+3 * 11 0 11
+2 * 11 0 11
+1 * 11
+7 * 11 0 11
+7 * 11 0 11
+7 * 11 0 11
+7 +3 11 11
+7 * 11 11
+4 * 11 11 0 2 0 0 1
+7 * 11 11
+4 * 11
+3 * 11 0 0 0 0 0 0 0 0 11
+6 * 9 9
+7 * 9 0 9
fi=(349)
+4 -45 9 9
+4 * 9 9
+7 * 9 0 9
+4 * 9 9
fe=(352)
+4 +48 9 9
+7 * 9 9
+4 * 9 9
+7 * 9 0 9 2 0 0 1
+7 * 9 0 9
+7 * 9 0 9
+4 * 9 0 9
+4 * 9 9
+4 * 9 0 9
fi=(349)
+4 -48 9 9
+4 * 9 9
+4 * 9 0 9
+4 * 9 9
+4 * 9 9
+7 * 9 0 9
+4 * 9 0 9
+4 * 9 0 9 2 0 0 1
+4 * 9 9
+7 * 9 0 9
fi=(293)
+4 203 9 9
+4 * 9
+3 * 9
+5 * 9 0 9
cfi=(344)
cfn=(1542)
calls=9 0x917a -33 
* * 63 27 27
+5 * 9
+3 * 9 9
+4 * 9 0 9
fi=(349)
+4 73 9 9
fi=(293)
+4 203 9 9
+3 * 9 9
+4 * 9 0 9
fi=(349)
+4 73 9 9
fi=(293)
+4 203 9 9
+3 * 9
+3 * 9
+2 * 9
+3 * 9 0 9
cfi=(365)
cfn=(2502) std::__detail::_ExecutorFrame<__gnu_cxx::__normal_iterator<char const*, std::__cxx11::basic_string<char, std::char_traits<char>, std::allocator<char> > >, true>::_ExecutorFrame(std::__detail::_ExecutorFrameOpcode, long)
calls=9 0x2b99c -83 
* * 279 108 108
+5 * 9
+5 * 9
+2 * 9 0 0 0 0 0 0 0 0 9 2
+13 * 9
fi=(318)
+1 720 9
fe=(352)
+1 123 9 9
+7 * 9 9
+4 * 9
+4 * 9 9
+7 * 9 0 9
+4 * 9
+2 * 2 2 0 2 0 0 1
+7 * 2 0 2
fi=(349)
+4 -50 2 2
+4 * 2 2
+7 * 2 0 2
+4 * 2 2
fe=(352)
+4 +54 2 2
+7 * 2
+3 * 2
+3 * 2 0 2
cfn=(2480) void std::vector<std::__detail::_ExecutorFrame<__gnu_cxx::__normal_iterator<char const*, std::__cxx11::basic_string<char, std::char_traits<char>, std::allocator<char> > >, true>, std::allocator<std::__detail::_ExecutorFrame<__gnu_cxx::__normal_iterator<char const*, std::__cxx11::basic_string<char, std::char_traits<char>, std::allocator<char> > >, true> > >::_M_realloc_append<std::__detail::_ExecutorFrameOpcode, long&>(std::__detail::_ExecutorFrameOpcode&&, long&)
calls=2 0x1d1da 565 
* * 1240 464 346 65 0 0 32 0 0 44 17 4
+5 +2 11 11
+7 * 11
+3 * 11 0 11
cfi=(348)
cfn=(2514) std::vector<std::__detail::_ExecutorFrame<__gnu_cxx::__normal_iterator<char const*, std::__cxx11::basic_string<char, std::char_traits<char>, std::allocator<char> > >, true>, std::allocator<std::__detail::_ExecutorFrame<__gnu_cxx::__normal_iterator<char const*, std::__cxx11::basic_string<char, std::char_traits<char>, std::allocator<char> > >, true> > >::back()
calls=11 0x18b7e 1358 
* * 1419 550 374 18 0 0 9 0 0 66 11
+5 +2 11
+7 * 11 11
+1 * 11 11
+2 * 11 11
+1 * 11 11

fn=(2544) void std::vector<std::__detail::_ExecutorFrame<__gnu_cxx::__normal_iterator<char const*, std::__cxx11::basic_string<char, std::char_traits<char>, std::allocator<char> > >, true>, std::allocator<std::__detail::_ExecutorFrame<__gnu_cxx::__normal_iterator<char const*, std::__cxx11::basic_string<char, std::char_traits<char>, std::allocator<char> > >, true> > >::_M_realloc_append<std::__detail::_ExecutorFrameOpcode, long const&>(std::__detail::_ExecutorFrameOpcode&&, long const&)
0x26182 565 8 0 8 2 0 0 1
+1 * 8
+3 * 8 0 8
+2 * 8 0 8
+1 * 8
+7 * 8 0 8
+7 * 8 0 8
+7 * 8 0 8
+7 * 8 8
+9 * 8 0 8
+4 * 8
+2 +9 8
+7 * 8 8 0 2 0 0 1
+7 * 8
+5 * 8
+3 * 8 0 8
cfi=(348)
cfn=(2482) std::vector<std::__detail::_ExecutorFrame<__gnu_cxx::__normal_iterator<char const*, std::__cxx11::basic_string<char, std::char_traits<char>, std::allocator<char> > >, true>, std::allocator<std::__detail::_ExecutorFrame<__gnu_cxx::__normal_iterator<char const*, std::__cxx11::basic_string<char, std::char_traits<char>, std::allocator<char> > >, true> > >::_M_check_len(unsigned long, char const*) const
calls=8 0x24d88 2192 
* * 2032 800 528 0 0 0 0 0 0 72 8
+5 * 8 0 8
+7 +1 8 8
+8 +2 8 8
+7 * 8 8
+3 * 8 0 8
+7 +1 8 8
+7 * 8 8
+4 * 8 0 8 2 0 0 1
+7 +1 8 8
+7 * 8
+3 * 8 0 8
cfi=(348)
cfn=(2490) std::vector<std::__detail::_ExecutorFrame<__gnu_cxx::__normal_iterator<char const*, std::__cxx11::basic_string<char, std::char_traits<char>, std::allocator<char> > >, true>, std::allocator<std::__detail::_ExecutorFrame<__gnu_cxx::__normal_iterator<char const*, std::__cxx11::basic_string<char, std::char_traits<char>, std::allocator<char> > >, true> > >::size() const
calls=8 0x24e88 1107 
* * 128 64 24
+5 * 8 0 8
+7 +1 8 8
+7 * 8 8
+7 * 8
+3 * 8
+3 * 8 0 8
cfi=(348)
cfn=(2492) std::_Vector_base<std::__detail::_ExecutorFrame<__gnu_cxx::__normal_iterator<char const*, std::__cxx11::basic_string<char, std::char_traits<char>, std::allocator<char> > >, true>, std::allocator<std::__detail::_ExecutorFrame<__gnu_cxx::__normal_iterator<char const*, std::__cxx11::basic_string<char, std::char_traits<char>, std::allocator<char> > >, true> > >::_M_allocate(unsigned long)
calls=8 0x24ec4 386 
* * 744 184 144 0 0 0 0 0 0 72 3 16
+5 * 8 0 8
+7 +1 8 8
+7 * 8 0 8 2 0 0 1
+7 +3 8 8
+7 * 8 8
+7 * 8 8
+7 * 8
+4 * 8
+3 * 8 0 8
cfi=(348)
cfn=(2498) std::vector<std::__detail::_ExecutorFrame<__gnu_cxx::__normal_iterator<char const*, std::__cxx11::basic_string<char, std::char_traits<char>, std::allocator<char> > >, true>, std::allocator<std::__detail::_ExecutorFrame<__gnu_cxx::__normal_iterator<char const*, std::__cxx11::basic_string<char, std::char_traits<char>, std::allocator<char> > >, true> > >::_Guard_alloc::_Guard_alloc(std::__detail::_ExecutorFrame<__gnu_cxx::__normal_iterator<char const*, std::__cxx11::basic_string<char, std::char_traits<char>, std::allocator<char> > >, true>*, unsigned long, std::_Vector_base<std::__detail::_ExecutorFrame<__gnu_cxx::__normal_iterator<char const*, std::__cxx11::basic_string<char, std::char_traits<char>, std::allocator<char> > >, true>, std::allocator<std::__detail::_ExecutorFrame<__gnu_cxx::__normal_iterator<char const*, std::__cxx11::basic_string<char, std::char_traits<char>, std::allocator<char> > >, true> > >&)
calls=8 0x24f0e 1865 
* * 144 64 64
+5 * 8 8
+7 * 8 0 8
fi=(349)
+4 73 8 8
+4 * 8 8
+7 * 8 0 8
+4 * 8 8 0 2 0 0 1
fe=(352)
+4 595 8 8
+7 * 8
+3 * 8
+3 * 8
+3 * 8
+4 * 8
+3 -1 8 8
+7 * 8
+3 * 8 0 8
fi=(287)
+4 211 8 8
fe=(352)
+4 594 8 8
+7 * 8 0 8
+7 * 8 0 8 2 0 0 1
+7 * 8 0 8
+7 * 8 0 8
+7 * 8 8
+7 * 8 0 8
fi=(349)
+7 73 8 8
+7 * 8 8
+7 * 8 0 8
+4 * 8 8
+4 * 8 8
+7 * 8 0 8
+4 * 8 0 8 2 0 0 1
+4 * 8 0 8
+4 * 8 8
+7 * 8 0 8
fi=(293)
+4 203 8 8
+4 * 8
+3 * 8
+5 * 8 0 8
cfi=(344)
cfn=(1542)
calls=8 0x917a -33 
* * 56 24 24
+5 * 8
+3 * 8 8
+4 * 8 0 8
fi=(349)
+4 73 8 8
fi=(293)
+4 203 8 8
+3 * 8 8
+4 * 8 0 8
fi=(349)
+4 73 8 8 0 2 0 0 1
fi=(293)
+4 203 8 8
+3 * 8
+3 * 8
+2 * 8
+3 * 8 0 8
cfi=(365)
cfn=(2502)
calls=8 0x2b99c -83 
* * 248 96 96
+5 * 8
+5 * 8
+2 * 8 0 0 0 0 0 0 0 0 8 2
+13 * 8
fi=(318)
+1 720 8
fe=(352)
+1 609 8 8
+7 * 8
+3 * 8 0 8
cfi=(348)
cfn=(2506) std::_Vector_base<std::__detail::_ExecutorFrame<__gnu_cxx::__normal_iterator<char const*, std::__cxx11::basic_string<char, std::char_traits<char>, std::allocator<char> > >, true>, std::allocator<std::__detail::_ExecutorFrame<__gnu_cxx::__normal_iterator<char const*, std::__cxx11::basic_string<char, std::char_traits<char>, std::allocator<char> > >, true> > >::_M_get_Tp_allocator()
calls=8 0x11ede 307 
* * 48 24 16
+5 * 8
+3 -2 8 8
+7 * 8 8 0 2 0 0 1
+7 * 8 8
+7 * 8
+3 * 8 0 8
cfi=(353)
cfn=(2508)
calls=8 0x24f85 1404 
* * 2756 1110 1080 8 0 0 4 0 0 68 27
+5 * 8 0 8
+7 +3 8 0 8
+8 +37 8 8
+7 * 8 0 8
+4 +1 8 8
+7 * 8 8
+4 * 8 8 0 2 0 0 1
+7 * 8
+4 * 8
+3 * 8
+10 * 8
+4 * 8 0 8
+4 +1 8
+4 * 8
+3 * 8 0 8
cfi=(348)
cfn=(2512) std::vector<std::__detail::_ExecutorFrame<__gnu_cxx::__normal_iterator<char const*, std::__cxx11::basic_string<char, std::char_traits<char>, std::allocator<char> > >, true>, std::allocator<std::__detail::_ExecutorFrame<__gnu_cxx::__normal_iterator<char const*, std::__cxx11::basic_string<char, std::char_traits<char>, std::allocator<char> > >, true> > >::_Guard_alloc::~_Guard_alloc()
calls=8 0x24f48 1870 
* * 808 280 160 0 0 0 0 0 0 64 0 24
+5 +4 8 8
+7 * 8 8
+7 * 8 0 8
+3 +1 8 8
+7 * 8 8 0 2 0 0 1
+7 * 8 0 8
+4 +1 8 8
+7 * 8
+3 * 8
+3 * 8
+3 * 8
+4 * 8
+3 * 8 8
+7 * 8
+3 * 8 8
+7 * 8 0 8
+4 +1 8
+1 * 8 8
+4 * 8 8 0 2 0 0 1
+9 * 8 0 0 0 0 0 0 0 0 8 2
+7 * 8
+7 * 8 8
+1 * 8 8
+2 * 8 8
+1 * 8 8

fn=(2480)
0x1d1da 565 2 0 2 2 0 0 1
+1 * 2
+3 * 2 0 2
+2 * 2 0 2
+1 * 2
+7 * 2 0 2
+7 * 2 0 2
+7 * 2 0 2
+7 * 2 2 0 2 0 0 1
+9 * 2 0 2
+4 * 2
+2 +9 2
+7 * 2 2
+7 * 2
+5 * 2
+3 * 2 0 2
cfi=(348)
cfn=(2482)
calls=2 0x24d88 2192 
* * 510 200 132 21 0 0 10 0 0 18 9
+5 * 2 0 2
+7 +1 2 2
+8 +2 2 2
+7 * 2 2
+3 * 2 0 2 2 0 0 1
+7 +1 2 2
+7 * 2 2
+4 * 2 0 2
+7 +1 2 2
+7 * 2
+3 * 2 0 2
cfi=(348)
cfn=(2490)
calls=2 0x24e88 1107 
* * 32 16 6
+5 * 2 0 2
+7 +1 2 2
+7 * 2 2
+7 * 2
+3 * 2 0 0 2 0 0 1
+3 * 2 0 2
cfi=(348)
cfn=(2492)
calls=2 0x24ec4 386 
* * 186 46 36 4 0 0 2 0 0 18 4 4
+5 * 2 0 2
+7 +1 2 2
+7 * 2 0 2
+7 +3 2 2
+7 * 2 2
+7 * 2 2
+7 * 2
+4 * 2
+3 * 2 0 2
cfi=(348)
cfn=(2498)
calls=2 0x24f0e 1865 
* * 36 16 16 2 0 0 1
+5 * 2 2 0 2 0 0 1
+7 * 2 0 2
fi=(349)
+4 73 2 2
+4 * 2 2
+7 * 2 0 2
+4 * 2 2
fe=(352)
+4 595 2 2
+7 * 2
+3 * 2
+3 * 2
+3 * 2
+4 * 2
+3 -1 2 2
+7 * 2
+3 * 2 0 2 2 0 0 1
fi=(287)
+4 211 2 2
fe=(352)
+4 594 2 2
+7 * 2 0 2
+7 * 2 0 2
+7 * 2 0 2
+7 * 2 0 2
+7 * 2 2
+7 * 2 0 2
fi=(349)
+7 73 2 2
+7 * 2 2 0 2 0 0 1
+7 * 2 0 2
+4 * 2 2
+4 * 2 2
+7 * 2 0 2
+4 * 2 0 2
+4 * 2 0 2
+4 * 2 2
+7 * 2 0 2
fi=(293)
+4 203 2 2
+4 * 2
+3 * 2
+5 * 2 0 2
cfi=(344)
cfn=(1542)
calls=2 0x917a -33 
* * 14 6 6
+5 * 2
+3 * 2 2 0 2 0 0 1
+4 * 2 0 2
fi=(349)
+4 73 2 2
fi=(293)
+4 203 2 2
+3 * 2 2
+4 * 2 0 2
fi=(349)
+4 73 2 2
fi=(293)
+4 203 2 2
+3 * 2
+3 * 2
+2 * 2
+3 * 2 0 2
cfi=(365)
cfn=(2502)
calls=2 0x2b99c -83 
* * 62 24 24 6 0 0 3
+5 * 2
+5 * 2
+2 * 2 0 0 0 0 0 0 0 0 2 1
+13 * 2
fi=(318)
+1 720 2
fe=(352)
+1 609 2 2 0 2 0 0 1
+7 * 2
+3 * 2 0 2
cfi=(348)
cfn=(2506)
calls=2 0x11ede 307 
* * 12 6 4
+5 * 2
+3 -2 2 2
+7 * 2 2
+7 * 2 2
+7 * 2
+3 * 2 0 2
cfi=(353)
cfn=(2508)
calls=2 0x24f85 1404 
* * 74 30 30 8 0 0 4 0 0 2 1
+5 * 2 0 2
+7 +3 2 0 2
+8 +37 2 2 0 2 0 0 1
+7 * 2 0 2
+4 +1 2 2
+7 * 2 2
+4 * 2 2
+7 * 2
+4 * 2
+3 * 2
+10 * 2
+4 * 2 0 2
+4 +1 2
+4 * 2
+3 * 2 0 2
cfi=(348)
cfn=(2512)
calls=2 0x24f48 1870 
* * 22 8 4 0 0 0 0 0 0 2 1
+5 +4 2 2 0 2 0 0 1
+7 * 2 2
+7 * 2 0 2
+3 +1 2 2
+7 * 2 2
+7 * 2 0 2
+4 +1 2 2
+7 * 2
+3 * 2
+3 * 2
+3 * 2
+4 * 2
+3 * 2 2
+7 * 2 0 0 2 0 0 1
+3 * 2 2
+7 * 2 0 2
+4 +1 2
+1 * 2 2
+4 * 2 2
+9 * 2 0 0 0 0 0 0 0 0 2 1
+7 * 2
+7 * 2 2
+1 * 2 2
+2 * 2 2
+1 * 2 2

fn=(1710) std::__detail::_State<char>& std::vector<std::__detail::_State<char>, std::allocator<std::__detail::_State<char> > >::emplace_back<std::__detail::_State<char> >(std::__detail::_State<char>&&)
0x12e1e 115 28 0 28
+1 * 28
+3 * 28 0 28
+2 * 28 0 28
+1 * 28
+4 * 28 0 28
+4 * 28 0 28
+4 +3 28 28
+4 * 28 28
+4 * 28 28
+4 * 28 28 0 5 0 0 1
+4 * 28
+3 * 28 0 0 0 0 0 0 0 0 28 10
+6 * 17 17
+4 * 17 0 17
fi=(349)
+4 -45 17 17
fe=(352)
+4 +48 17 17
+4 * 17 17
+4 * 17 17
+4 * 17 0 17
+4 * 17 0 17
+4 * 17 0 17
+4 * 17 17
+4 * 17 0 17
fi=(349)
+4 -48 17 17
+4 * 17 17
+4 * 17 0 17 2 0 0 1
+4 * 17 0 17
+4 * 17 17
+4 * 17 0 17
fi=(293)
+4 203 17 17
+4 * 17
+3 * 17
+5 * 17 0 17
cfi=(344)
cfn=(1542)
calls=17 0x917a -33 
* * 119 51 51
+5 * 17
+3 * 17 17
+4 * 17 0 17
fi=(349)
+4 73 17 17
fi=(293)
+4 203 17
+3 * 17
+3 * 17 0 17
cfi=(347)
cfn=(1704)
calls=17 0xf54a -54 
* * 1165 461 390 0 0 1 0 0 0 25 7
+5 * 17
+5 * 17
+2 * 17 0 0 2 0 0 0 0 0 17 9
+13 * 17
fi=(318)
+1 720 17
fe=(352)
+1 123 17 17
+4 * 17 17
+4 * 17
+4 * 17 17
+4 * 17 0 17
+4 * 17
+2 * 11 11 0 2 0 0 1
+4 * 11 0 11
fi=(349)
+4 -50 11 11
fe=(352)
+4 +54 11 11
+4 * 11
+3 * 11
+3 * 11 0 11
cfn=(1712) void std::vector<std::__detail::_State<char>, std::allocator<std::__detail::_State<char> > >::_M_realloc_append<std::__detail::_State<char> >(std::__detail::_State<char>&&)
calls=11 0x15610 565 
* * 17209 6191 4986 104 25 9 32 2 0 788 133 53 10
+5 +2 28 28 0 2 0 0 1
+4 * 28
+3 * 28 0 28
cfi=(348)
cfn=(1742) std::vector<std::__detail::_State<char>, std::allocator<std::__detail::_State<char> > >::back()
calls=28 0x1588a 1358 
* * 3612 1400 952 16 0 0 8 0 0 168 38
+5 +2 28
+4 * 28 28
+1 * 28 28
+2 * 28 28
+1 * 28 28

fn=(1712)
0x15610 565 11 0 11
+1 * 11
+3 * 11 0 11
+2 * 11 0 11
+1 * 11
+7 * 11 0 11
+7 * 11 0 11
+7 * 11 11
+9 * 11 0 11
+4 * 11
+2 +9 11 0 0 2 0 0 1
+7 * 11 11
+7 * 11
+5 * 11
+3 * 11 0 11
cfi=(348)
cfn=(1714) std::vector<std::__detail::_State<char>, std::allocator<std::__detail::_State<char> > >::_M_check_len(unsigned long, char const*) const
calls=11 0x19b36 2192 
* * 2796 1100 726 27 0 0 8 0 0 99 40
+5 * 11 0 11
+7 +1 11 11
+8 +2 11 11
+7 * 11 11
+3 * 11 0 11
+7 +1 11 11
+7 * 11 11 0 2 0 0 1
+4 * 11 0 11
+7 +1 11 11
+7 * 11
+3 * 11 0 11
cfi=(348)
cfn=(1722)
calls=11 0x10004 1107 
* * 176 88 33
+5 * 11 0 11
+7 +1 11 11
+7 * 11 11
+7 * 11
+3 * 11
+3 * 11 0 11
cfi=(348)
cfn=(1724) std::_Vector_base<std::__detail::_State<char>, std::allocator<std::__detail::_State<char> > >::_M_allocate(unsigned long)
calls=11 0x19c36 386 
* * 1941 411 325 30 7 2 3 0 0 270 25 22
+5 * 11 0 11
+7 +1 11 11 0 2 0 0 1
+7 * 11 0 11
+7 +3 11 11
+7 * 11 11
+7 * 11 11
+7 * 11
+4 * 11
+3 * 11 0 11
cfi=(348)
cfn=(1730) std::vector<std::__detail::_State<char>, std::allocator<std::__detail::_State<char> > >::_Guard_alloc::_Guard_alloc(std::__detail::_State<char>*, unsigned long, std::_Vector_base<std::__detail::_State<char>, std::allocator<std::__detail::_State<char> > >&)
calls=11 0x19c80 1865 
* * 198 88 88 2 0 0 1
+5 * 11 11
+7 * 11 0 11
fi=(349)
+4 73 11 11
fe=(352)
+4 595 11 11 0 2 0 0 1
+7 * 11
+3 * 11
+3 * 11
+3 * 11
+4 * 11
+3 -1 11 11
+7 * 11
+3 * 11 0 11
fi=(287)
+4 211 11 11
fe=(352)
+4 594 11 11
+7 * 11 0 11
+4 * 11 0 11
+4 * 11 0 11
+4 * 11 11
+4 * 11 0 11
fi=(349)
+4 73 11 11 0 3 0 0 1
+4 * 11 11
+4 * 11 0 11
+4 * 11 0 11
+4 * 11 11
+4 * 11 0 11
fi=(293)
+4 203 11 11
+4 * 11
+3 * 11
+5 * 11 0 11
cfi=(344)
cfn=(1542)
calls=11 0x917a -33 
* * 77 33 33
+5 * 11
+3 * 11 11
+4 * 11 0 11
fi=(349)
+4 73 11 11
fi=(293)
+4 203 11
+3 * 11
+3 * 11 0 11 3 0 0 1
cfi=(347)
cfn=(1704)
calls=11 0xf54a -54 
* * 451 187 154 0 0 1 0 0 0 11 3
+5 * 11
+5 * 11
+2 * 11 0 0 0 0 0 0 0 0 11
+13 * 11
fi=(318)
+1 720 11
fe=(352)
+1 609 11 11
+7 * 11
+3 * 11 0 11
cfi=(348)
cfn=(1734) std::_Vector_base<std::__detail::_State<char>, std::allocator<std::__detail::_State<char> > >::_M_get_Tp_allocator()
calls=11 0x19cf8 307 
* * 66 33 22 2 0 0 2
+5 * 11
+3 -2 11 11
+7 * 11 11
+7 * 11 11
+7 * 11 0 0 2 0 0 1
+3 * 11 0 11
cfi=(353)
cfn=(1736)
calls=11 0x19d06 1404 
* * 8349 3151 2865 15 0 1 7 0 0 219 46
+5 * 11 0 11
+7 +3 11 0 11
+8 +37 11 11
+7 * 11 0 11
+4 +1 11 11
+7 * 11 11
+4 * 11 11
+7 * 11
+4 * 11
+3 * 11 0 0 2 0 0 1
+10 * 11
+4 * 11 0 11
+4 +1 11
+4 * 11
+3 * 11 0 11
cfi=(348)
cfn=(1740) std::vector<std::__detail::_State<char>, std::allocator<std::__detail::_State<char> > >::_Guard_alloc::~_Guard_alloc()
calls=11 0x19cba 1870 
* * 1714 572 322 6 18 5 1 2 0 167 15 31 10
+5 +4 11 11
+7 * 11 11
+7 * 11 0 11
+3 +1 11 11
+7 * 11 11
+7 * 11 0 11
+4 +1 11 11 0 2 0 0 1
+7 * 11
+3 * 11
+3 * 11
+3 * 11
+4 * 11
+3 * 11 11
+7 * 11
+3 * 11 11
+7 * 11 0 11
+4 +1 11
+1 * 11 11
+4 * 11 11
+9 * 11 0 0 0 0 0 0 0 0 11 4
+7 * 11 0 0 2 0 0 1
+7 * 11 11
+1 * 11 11
+2 * 11 11
+1 * 11 11

fn=(2542) std::__detail::_ExecutorFrame<__gnu_cxx::__normal_iterator<char const*, std::__cxx11::basic_string<char, std::char_traits<char>, std::allocator<char> > >, true>& std::vector<std::__detail::_ExecutorFrame<__gnu_cxx::__normal_iterator<char const*, std::__cxx11::basic_string<char, std::char_traits<char>, std::allocator<char> > >, true>, std::allocator<std::__detail::_ExecutorFrame<__gnu_cxx::__normal_iterator<char const*, std::__cxx11::basic_string<char, std::char_traits<char>, std::allocator<char> > >, true> > >::emplace_back<std::__detail::_ExecutorFrameOpcode, long const&>(std::__detail::_ExecutorFrameOpcode&&, long const&)
0x1e7a0 115 33 0 33 2 0 0 1
+1 * 33
+3 * 33 0 33
+2 * 33 0 33
+1 * 33
+7 * 33 0 33
+7 * 33 0 33
+7 * 33 0 33 2 0 0 1
+7 +3 33 33
+7 * 33 33
+4 * 33 33
+7 * 33 33
+4 * 33
+3 * 33 0 0 0 0 0 0 0 0 33 10
+6 * 25 25
+7 * 25 0 25
fi=(349)
+4 -45 25 25
+4 * 25 25
+7 * 25 0 25
+4 * 25 25
fe=(352)
+4 +48 25 25 0 2 0 0 1
+7 * 25 25
+4 * 25 25
+7 * 25 0 25
+7 * 25 0 25
+7 * 25 0 25
+4 * 25 0 25
+4 * 25 25
+4 * 25 0 25
fi=(349)
+4 -48 25 25
+4 * 25 25
+4 * 25 0 25
+4 * 25 25
+4 * 25 25 0 2 0 0 1
+7 * 25 0 25
+4 * 25 0 25
+4 * 25 0 25
+4 * 25 25
+7 * 25 0 25
fi=(293)
+4 203 25 25
+4 * 25
+3 * 25
+5 * 25 0 25
cfi=(344)
cfn=(1542)
calls=25 0x917a -33 
* * 175 75 75
+5 * 25
+3 * 25 25
+4 * 25 0 25
fi=(349)
+4 73 25 25
fi=(293)
+4 203 25 25 0 2 0 0 1
+3 * 25 25
+4 * 25 0 25
fi=(349)
+4 73 25 25
fi=(293)
+4 203 25 25
+3 * 25
+3 * 25
+2 * 25
+3 * 25 0 25
cfi=(365)
cfn=(2502)
calls=25 0x2b99c -83 
* * 775 300 300
+5 * 25
+5 * 25
+2 * 25 0 0 0 0 0 0 0 0 25 9
+13 * 25
fi=(318)
+1 720 25
fe=(352)
+1 123 25 25
+7 * 25 25
+4 * 25
+4 * 25 25
+7 * 25 0 25
+4 * 25
+2 * 8 8 0 2 0 0 1
+7 * 8 0 8
fi=(349)
+4 -50 8 8
+4 * 8 8
+7 * 8 0 8
+4 * 8 8
fe=(352)
+4 +54 8 8
+7 * 8
+3 * 8
+3 * 8 0 8
cfn=(2544)
calls=8 0x26182 565 
* * 8132 3094 2488 32 0 0 16 0 0 292 42 40
+5 +2 33 33 0 2 0 0 1
+7 * 33
+3 * 33 0 33
cfi=(348)
cfn=(2514)
calls=33 0x18b7e 1358 
* * 4257 1650 1122 0 0 0 0 0 0 198 26
+5 +2 33
+7 * 33 33
+1 * 33 33
+2 * 33 33
+1 * 33 33

fn=(2310) std::vector<std::__cxx11::sub_match<__gnu_cxx::__normal_iterator<char const*, std::__cxx11::basic_string<char, std::char_traits<char>, std::allocator<char> > > >, std::allocator<std::__cxx11::sub_match<__gnu_cxx::__normal_iterator<char const*, std::__cxx11::basic_string<char, std::char_traits<char>, std::allocator<char> > > > > >::_M_fill_assign(unsigned long, std::__cxx11::sub_match<__gnu_cxx::__normal_iterator<char const*, std::__cxx11::basic_string<char, std::char_traits<char>, std::allocator<char> > > > const&)
0x11b8a 274 2 0 2
+1 * 2
+3 * 2 0 2
+1 * 2
+7 * 2 0 2
+7 * 2 0 2
+7 * 2 0 2
+7 * 2 2
+9 * 2 0 2
+4 * 2
+2 +3 2 2 0 2 0 0 1
+7 * 2
+3 * 2 0 2
cfi=(348)
cfn=(2312) std::vector<std::__cxx11::sub_match<__gnu_cxx::__normal_iterator<char const*, std::__cxx11::basic_string<char, std::char_traits<char>, std::allocator<char> > > >, std::allocator<std::__cxx11::sub_match<__gnu_cxx::__normal_iterator<char const*, std::__cxx11::basic_string<char, std::char_traits<char>, std::allocator<char> > > > > >::size() const
calls=2 0xcdae 1107 
* * 32 16 6 4 0 0 2
+5 * 2 0 2
+7 +1 2 2
+7 * 2
+3 * 2 0 2
cfi=(348)
cfn=(2314) std::vector<std::__cxx11::sub_match<__gnu_cxx::__normal_iterator<char const*, std::__cxx11::basic_string<char, std::char_traits<char>, std::allocator<char> > > >, std::allocator<std::__cxx11::sub_match<__gnu_cxx::__normal_iterator<char const*, std::__cxx11::basic_string<char, std::char_traits<char>, std::allocator<char> > > > > >::capacity() const
calls=2 0x145ba 1198 
* * 32 16 6 2 0 0 1
+5 * 2 2
+7 * 2
+3 * 2
+2 * 2 0 0 0 0 0 0 0 0 2 2
+2 +2 2 2
+7 * 2 2
+7 +2 2 2 0 2 0 0 1
+7 * 2
+3 * 2 0 2
cfi=(348)
cfn=(2316) std::_Vector_base<std::__cxx11::sub_match<__gnu_cxx::__normal_iterator<char const*, std::__cxx11::basic_string<char, std::char_traits<char>, std::allocator<char> > > >, std::allocator<std::__cxx11::sub_match<__gnu_cxx::__normal_iterator<char const*, std::__cxx11::basic_string<char, std::char_traits<char>, std::allocator<char> > > > > >::_M_get_Tp_allocator()
calls=2 0xb8a8 +25 
* * 12 6 4
+5 * 2
+3 * 2 2
+7 * 2 2
+7 * 2
+4 * 2
+3 * 2 0 2
cfi=(348)
cfn=(2318) std::vector<std::__cxx11::sub_match<__gnu_cxx::__normal_iterator<char const*, std::__cxx11::basic_string<char, std::char_traits<char>, std::allocator<char> > > >, std::allocator<std::__cxx11::sub_match<__gnu_cxx::__normal_iterator<char const*, std::__cxx11::basic_string<char, std::char_traits<char>, std::allocator<char> > > > > >::vector(unsigned long, std::__cxx11::sub_match<__gnu_cxx::__normal_iterator<char const*, std::__cxx11::basic_string<char, std::char_traits<char>, std::allocator<char> > > > const&, std::allocator<std::__cxx11::sub_match<__gnu_cxx::__normal_iterator<char const*, std::__cxx11::basic_string<char, std::char_traits<char>, std::allocator<char> > > > > const&)
calls=2 0x145f6 589 
* * 2102 585 508 89 1 0 27 0 0 195 50 4
+5 +1 2 2
+7 * 2
+4 * 2
+3 * 2
+3 * 2 0 2
cfi=(348)
cfn=(2352) std::_Vector_base<std::__cxx11::sub_match<__gnu_cxx::__normal_iterator<char const*, std::__cxx11::basic_string<char, std::char_traits<char>, std::allocator<char> > > >, std::allocator<std::__cxx11::sub_match<__gnu_cxx::__normal_iterator<char const*, std::__cxx11::basic_string<char, std::char_traits<char>, std::allocator<char> > > > > >::_Vector_impl_data::_M_swap_data(std::_Vector_base<std::__cxx11::sub_match<__gnu_cxx::__normal_iterator<char const*, std::__cxx11::basic_string<char, std::char_traits<char>, std::allocator<char> > > >, std::allocator<std::__cxx11::sub_match<__gnu_cxx::__normal_iterator<char const*, std::__cxx11::basic_string<char, std::char_traits<char>, std::allocator<char> > > > > >::_Vector_impl_data&)
calls=2 0x14674 128 
* * 202 94 62 2 0 0 1 0 0 2 2
+5 +1 2 0 0 2 0 0 1
+4 * 2
+3 * 2 0 2
cfi=(348)
cfn=(2356)
calls=2 0xabd8 790 
* * 192 72 56 2 0 0 1 0 0 2 2
+5 +13 2
0x11e2d * 2 0 0 2 0 0 1
+1 * 2 2
+4 * 2 2
+9 * 2 0 0 0 0 0 0 0 0 2
+7 * 2 2 0 2 0 0 1
+4 * 2 2
+1 * 2 2

fn=(2608) std::__detail::_ExecutorFrame<__gnu_cxx::__normal_iterator<char const*, std::__cxx11::basic_string<char, std::char_traits<char>, std::allocator<char> > >, true>& std::vector<std::__detail::_ExecutorFrame<__gnu_cxx::__normal_iterator<char const*, std::__cxx11::basic_string<char, std::char_traits<char>, std::allocator<char> > >, true>, std::allocator<std::__detail::_ExecutorFrame<__gnu_cxx::__normal_iterator<char const*, std::__cxx11::basic_string<char, std::char_traits<char>, std::allocator<char> > >, true> > >::emplace_back<std::__detail::_ExecutorFrameOpcode, long&, __gnu_cxx::__normal_iterator<char const*, std::__cxx11::basic_string<char, std::char_traits<char>, std::allocator<char> > >&>(std::__detail::_ExecutorFrameOpcode&&, long&, __gnu_cxx::__normal_iterator<char const*, std::__cxx11::basic_string<char, std::char_traits<char>, std::allocator<char> > >&)
0x1e5bc 115 9 0 9 2 0 0 1
+1 * 9
+3 * 9 0 9 2 0 0 1
+2 * 9 0 9
+1 * 9
+7 * 9 0 9
+7 * 9 0 9
+7 * 9 0 9
+7 * 9 0 9
+7 +3 9 9
+7 * 9 9
+4 * 9 9
+7 * 9 9
+4 * 9
+3 * 9 0 0 2 0 0 1 0 0 9
+6 * 9 9
+7 * 9 0 9
fi=(349)
+4 -45 9 9
+4 * 9 9
+7 * 9 0 9
+4 * 9 9
+4 * 9 9
+7 * 9 0 9
+4 * 9 9
fe=(352)
+4 +48 9 9
+7 * 9 9
+4 * 9 9 0 2 0 0 1
+7 * 9 0 9
+7 * 9 0 9
+7 * 9 0 9
+7 * 9 0 9
+7 * 9 0 9
+7 * 9 9
+7 * 9 0 9
fi=(349)
+7 -48 9 9
+7 * 9 9 0 2 0 0 1
+7 * 9 0 9
+7 * 9 9
+7 * 9 9
+7 * 9 0 9
+7 * 9 9
+7 * 9 9
+7 * 9 0 9
+4 * 9 0 9
+4 * 9 0 9
+4 * 9 0 9
+4 * 9 9 0 2 0 0 1
+7 * 9 0 9
fi=(293)
+4 203 9 9
+4 * 9
+3 * 9
+5 * 9 0 9
cfi=(344)
cfn=(1542)
calls=9 0x917a -33 
* * 63 27 27
+5 * 9
+3 * 9 9
+4 * 9 0 9
fi=(349)
+4 73 9 9
+4 * 9 9
+4 * 9 0 9
+4 * 9 9
fi=(293)
+4 203 9 9
+3 * 9 9
+4 * 9 0 9
fi=(349)
+4 73 9 9 0 2 0 0 1
fi=(293)
+4 203 9 9
+3 * 9 9
+3 * 9
+4 * 9
+2 * 9
+3 * 9 0 9
cfi=(365)
cfn=(2540) std::__detail::_ExecutorFrame<__gnu_cxx::__normal_iterator<char const*, std::__cxx11::basic_string<char, std::char_traits<char>, std::allocator<char> > >, true>::_ExecutorFrame(std::__detail::_ExecutorFrameOpcode, long, __gnu_cxx::__normal_iterator<char const*, std::__cxx11::basic_string<char, std::char_traits<char>, std::allocator<char> > >)
calls=9 0x2fd62 -79 
* * 315 126 126
+5 * 9
+5 * 9
+2 * 9 0 0 0 0 0 0 0 0 9 4
+13 * 9
fi=(318)
+1 720 9
fe=(352)
+1 123 9 9
+7 * 9 9
+4 * 9
+4 * 9 9 0 2 0 0 1
+7 * 9 0 9
+4 * 9
+62 +6 9 9
+7 * 9
+3 * 9 0 9
cfi=(348)
cfn=(2514)
calls=9 0x18b7e 1358 
* * 1161 450 306 0 0 0 0 0 0 54 8
+5 +2 9
+7 * 9 9
+1 * 9 9
+2 * 9 9
+1 * 9 9

fn=(2536) std::__detail::_ExecutorFrame<__gnu_cxx::__normal_iterator<char const*, std::__cxx11::basic_string<char, std::char_traits<char>, std::allocator<char> > >, true>& std::vector<std::__detail::_ExecutorFrame<__gnu_cxx::__normal_iterator<char const*, std::__cxx11::basic_string<char, std::char_traits<char>, std::allocator<char> > >, true>, std::allocator<std::__detail::_ExecutorFrame<__gnu_cxx::__normal_iterator<char const*, std::__cxx11::basic_string<char, std::char_traits<char>, std::allocator<char> > >, true> > >::emplace_back<std::__detail::_ExecutorFrameOpcode, long, __gnu_cxx::__normal_iterator<char const*, std::__cxx11::basic_string<char, std::char_traits<char>, std::allocator<char> > >&>(std::__detail::_ExecutorFrameOpcode&&, long&&, __gnu_cxx::__normal_iterator<char const*, std::__cxx11::basic_string<char, std::char_traits<char>, std::allocator<char> > >&)
0x251b4 115 10 0 10 2 0 0 1
+1 * 10
+3 * 10 0 10
+2 * 10 0 10
+1 * 10 0 0 2 0 0 1
+7 * 10 0 10
+7 * 10 0 10
+7 * 10 0 10
+7 * 10 0 10
+7 +3 10 10
+7 * 10 10
+4 * 10 10
+7 * 10 10
+4 * 10
+3 * 10 0 0 0 0 0 0 0 0 10
+6 * 10 10 0 2 0 0 1
+7 * 10 0 10
fi=(349)
+4 -45 10 10
+4 * 10 10
+7 * 10 0 10
+4 * 10 10
+4 * 10 10
+7 * 10 0 10
+4 * 10 10
fe=(352)
+4 +48 10 10
+7 * 10 10
+4 * 10 10
+7 * 10 0 10 2 0 0 1
+7 * 10 0 10
+7 * 10 0 10
+7 * 10 0 10
+7 * 10 0 10
+7 * 10 10
+7 * 10 0 10
fi=(349)
+7 -48 10 10
+7 * 10 10
+7 * 10 0 10 2 0 0 1
+7 * 10 10
+7 * 10 10
+7 * 10 0 10
+7 * 10 10
+7 * 10 10
+7 * 10 0 10
+4 * 10 0 10
+4 * 10 0 10
+4 * 10 0 10
+4 * 10 10
+7 * 10 0 10
fi=(293)
+4 203 10 10 0 2 0 0 1
+4 * 10
+3 * 10
+5 * 10 0 10
cfi=(344)
cfn=(1542)
calls=10 0x917a -33 
* * 70 30 30
+5 * 10
+3 * 10 10
+4 * 10 0 10
fi=(349)
+4 73 10 10
+4 * 10 10
+4 * 10 0 10
+4 * 10 10
fi=(293)
+4 203 10 10
+3 * 10 10
+4 * 10 0 10
fi=(349)
+4 73 10 10
fi=(293)
+4 203 10 10
+3 * 10 10 0 2 0 0 1
+3 * 10
+4 * 10
+2 * 10
+3 * 10 0 10
cfi=(365)
cfn=(2540)
calls=10 0x2fd62 -79 
* * 350 140 140 4 0 0 1
+5 * 10
+5 * 10
+2 * 10 0 0 0 0 0 0 0 0 10 2
+13 * 10
fi=(318)
+1 720 10
fe=(352)
+1 123 10 10
+7 * 10 10
+4 * 10
+4 * 10 10
+7 * 10 0 10
+4 * 10 0 0 2 0 0 1
+62 +6 10 10 0 2 0 0 1
+7 * 10
+3 * 10 0 10
cfi=(348)
cfn=(2514)
calls=10 0x18b7e 1358 
* * 1290 500 340 0 0 0 0 0 0 60 7
+5 +2 10
+7 * 10 10
+1 * 10 10
+2 * 10 10
+1 * 10 10

fn=(2596) std::__detail::_ExecutorFrame<__gnu_cxx::__normal_iterator<char const*, std::__cxx11::basic_string<char, std::char_traits<char>, std::allocator<char> > >, true>& std::vector<std::__detail::_ExecutorFrame<__gnu_cxx::__normal_iterator<char const*, std::__cxx11::basic_string<char, std::char_traits<char>, std::allocator<char> > >, true>, std::allocator<std::__detail::_ExecutorFrame<__gnu_cxx::__normal_iterator<char const*, std::__cxx11::basic_string<char, std::char_traits<char>, std::allocator<char> > >, true> > >::emplace_back<std::__detail::_ExecutorFrameOpcode, long const&, __gnu_cxx::__normal_iterator<char const*, std::__cxx11::basic_string<char, std::char_traits<char>, std::allocator<char> > >&>(std::__detail::_ExecutorFrameOpcode&&, long const&, __gnu_cxx::__normal_iterator<char const*, std::__cxx11::basic_string<char, std::char_traits<char>, std::allocator<char> > >&)
0x24fd0 115 9 0 9
+1 * 9
+3 * 9 0 9
+2 * 9 0 9
+1 * 9
+7 * 9 0 9
+7 * 9 0 9
+7 * 9 0 9
+7 * 9 0 9
+7 +3 9 9 0 2 0 0 1
+7 * 9 9
+4 * 9 9
+7 * 9 9
+4 * 9
+3 * 9 0 0 0 0 0 0 0 0 9
+6 * 9 9
+7 * 9 0 9
fi=(349)
+4 -45 9 9
+4 * 9 9
+7 * 9 0 9
+4 * 9 9
+4 * 9 9
+7 * 9 0 9 2 0 0 1
+4 * 9 9
fe=(352)
+4 +48 9 9
+7 * 9 9
+4 * 9 9
+7 * 9 0 9
+7 * 9 0 9
+7 * 9 0 9
+7 * 9 0 9
+7 * 9 0 9
+7 * 9 9 0 2 0 0 1
+7 * 9 0 9
fi=(349)
+7 -48 9 9
+7 * 9 9
+7 * 9 0 9
+7 * 9 9
+7 * 9 9
+7 * 9 0 9
+7 * 9 9
+7 * 9 9 0 2 0 0 1
+7 * 9 0 9
+4 * 9 0 9
+4 * 9 0 9
+4 * 9 0 9
+4 * 9 9
+7 * 9 0 9
fi=(293)
+4 203 9 9
+4 * 9
+3 * 9
+5 * 9 0 9
cfi=(344)
cfn=(1542)
calls=9 0x917a -33 
* * 63 27 27
+5 * 9
+3 * 9 9
+4 * 9 0 9
fi=(349)
+4 73 9 9
+4 * 9 9
+4 * 9 0 9 2 0 0 1
+4 * 9 9
fi=(293)
+4 203 9 9
+3 * 9 9
+4 * 9 0 9
fi=(349)
+4 73 9 9
fi=(293)
+4 203 9 9
+3 * 9 9
+3 * 9
+4 * 9
+2 * 9
+3 * 9 0 9
cfi=(365)
cfn=(2540)
calls=9 0x2fd62 -79 
* * 315 126 126
+5 * 9
+5 * 9
+2 * 9 0 0 0 0 0 0 0 0 9 2
+13 * 9
fi=(318)
+1 720 9 0 0 2 0 0 1
fe=(352)
+1 123 9 9
+7 * 9 9
+4 * 9
+4 * 9 9
+7 * 9 0 9
+4 * 9
+62 +6 9 9
+7 * 9
+3 * 9 0 9
cfi=(348)
cfn=(2514)
calls=9 0x18b7e 1358 
* * 1161 450 306 0 0 0 0 0 0 54 6
+5 +2 9
+7 * 9 9
+1 * 9 9
+2 * 9 9
+1 * 9 9

fn=(2452) std::vector<std::__cxx11::sub_match<__gnu_cxx::__normal_iterator<char const*, std::__cxx11::basic_string<char, std::char_traits<char>, std::allocator<char> > > >, std::allocator<std::__cxx11::sub_match<__gnu_cxx::__normal_iterator<char const*, std::__cxx11::basic_string<char, std::char_traits<char>, std::allocator<char> > > > > >::operator=(std::vector<std::__cxx11::sub_match<__gnu_cxx::__normal_iterator<char const*, std::__cxx11::basic_string<char, std::char_traits<char>, std::allocator<char> > > >, std::allocator<std::__cxx11::sub_match<__gnu_cxx::__normal_iterator<char const*, std::__cxx11::basic_string<char, std::char_traits<char>, std::allocator<char> > > > > > const&)
0x1499a 214 4 0 4
+1 * 4
+3 * 4 0 4
+2 * 4 0 4
+2 * 4 0 4
+2 * 4 0 4
+1 * 4
+4 * 4 0 4
+4 * 4 0 4
+4 * 4 4
+9 * 4 0 4
+4 * 4
+2 * 4 4 0 2 0 0 1
+4 * 4 0 4
fi=(349)
+4 53 4 4
fe=(352)
+4 217 4 4
+4 * 4
+3 * 4
+2 * 4 0 0 0 0 0 0 0 0 4
+6 +22 4 4
+4 * 4
+3 * 4 0 4
cfi=(348)
cfn=(2312)
calls=4 0xcdae 1107 
* * 64 32 12
+5 * 4 0 4
+4 +1 4 4
+4 * 4
+3 * 4 0 4
cfi=(348)
cfn=(2314)
calls=4 0x145ba 1198 
* * 64 32 12
+5 * 4 4
+4 * 4
+3 * 4
+2 * 4 0 0 2 0 0 1 0 0 4 2
+6 +2 2 2
+4 * 2
+3 * 2 0 2
cfi=(348)
cfn=(2454) std::vector<std::__cxx11::sub_match<__gnu_cxx::__normal_iterator<char const*, std::__cxx11::basic_string<char, std::char_traits<char>, std::allocator<char> > > >, std::allocator<std::__cxx11::sub_match<__gnu_cxx::__normal_iterator<char const*, std::__cxx11::basic_string<char, std::char_traits<char>, std::allocator<char> > > > > >::end() const
calls=2 0xcd60 1018 
* * 40 18 10 2 0 0 1 0 0 2 2
+5 * 2
+3 * 2 2
+4 * 2
+3 * 2 0 2
cfi=(348)
cfn=(2456) std::vector<std::__cxx11::sub_match<__gnu_cxx::__normal_iterator<char const*, std::__cxx11::basic_string<char, std::char_traits<char>, std::allocator<char> > > >, std::allocator<std::__cxx11::sub_match<__gnu_cxx::__normal_iterator<char const*, std::__cxx11::basic_string<char, std::char_traits<char>, std::allocator<char> > > > > >::begin() const
calls=2 0xcd16 998 
* * 38 18 10 2 0 0 1 0 0 2
+5 * 2
+3 * 2 2
+4 * 2 2
+4 * 2
+3 * 2
+3 * 2 0 2
cfi=(348)
cfn=(2458) std::__cxx11::sub_match<__gnu_cxx::__normal_iterator<char const*, std::__cxx11::basic_string<char, std::char_traits<char>, std::allocator<char> > > >* std::vector<std::__cxx11::sub_match<__gnu_cxx::__normal_iterator<char const*, std::__cxx11::basic_string<char, std::char_traits<char>, std::allocator<char> > > >, std::allocator<std::__cxx11::sub_match<__gnu_cxx::__normal_iterator<char const*, std::__cxx11::basic_string<char, std::char_traits<char>, std::allocator<char> > > > > >::_M_allocate_and_copy<__gnu_cxx::__normal_iterator<std::__cxx11::sub_match<__gnu_cxx::__normal_iterator<char const*, std::__cxx11::basic_string<char, std::char_traits<char>, std::allocator<char> > > > const*, std::vector<std::__cxx11::sub_match<__gnu_cxx::__normal_iterator<char const*, std::__cxx11::basic_string<char, std::char_traits<char>, std::allocator<char> > > >, std::allocator<std::__cxx11::sub_match<__gnu_cxx::__normal_iterator<char const*, std::__cxx11::basic_string<char, std::char_traits<char>, std::allocator<char> > > > > > > >(unsigned long, __gnu_cxx::__normal_iterator<std::__cxx11::sub_match<__gnu_cxx::__normal_iterator<char const*, std::__cxx11::basic_string<char, std::char_traits<char>, std::allocator<char> > > > const*, std::vector<std::__cxx11::sub_match<__gnu_cxx::__normal_iterator<char const*, std::__cxx11::basic_string<char, std::char_traits<char>, std::allocator<char> > > >, std::allocator<std::__cxx11::sub_match<__gnu_cxx::__normal_iterator<char const*, std::__cxx11::basic_string<char, std::char_traits<char>, std::allocator<char> > > > > > >, __gnu_cxx::__normal_iterator<std::__cxx11::sub_match<__gnu_cxx::__normal_iterator<char const*, std::__cxx11::basic_string<char, std::char_traits<char>, std::allocator<char> > > > const*, std::vector<std::__cxx11::sub_match<__gnu_cxx::__normal_iterator<char const*, std::__cxx11::basic_string<char, std::char_traits<char>, std::allocator<char> > > >, std::allocator<std::__cxx11::sub_match<__gnu_cxx::__normal_iterator<char const*, std::__cxx11::basic_string<char, std::char_traits<char>, std::allocator<char> > > > > > >)
calls=2 0x186ec 1897 
* * 1524 472 403 26 0 0 13 0 0 96 23 4
+5 * 2 0 2
+4 +3 2 2
+4 * 2 0 0 2 0 0 1
+3 * 2 0 2
cfi=(348)
cfn=(2316)
calls=2 0xb8a8 +62 
* * 12 6 4
+5 -1 2 2
+4 * 2 2
+4 * 2 2
+4 * 2 2
+3 * 2 0 2
+4 * 2 0 2
+4 * 2 0 2
fi=(318)
+4 1085 2 2
+4 * 2 2
+4 * 2
+3 * 2
+3 * 2 0 2
cfi=(346)
cfn=(2358)
calls=2 0xc858 219 
* * 14 4 6
+5 +1 2
fe=(352)
+1 246 2 2
+4 +1 2 2
+4 * 2 2 0 2 0 0 1
+4 +1 2 2
+4 * 2 2
+3 * 2
+3 * 2
+4 * 2
+10 * 2
+4 -2 2
+3 * 2 2
+4 * 2 2
+3 * 2
+3 * 2
+3 * 2
+3 * 2 0 2
cfi=(348)
cfn=(2364) std::_Vector_base<std::__cxx11::sub_match<__gnu_cxx::__normal_iterator<char const*, std::__cxx11::basic_string<char, std::char_traits<char>, std::allocator<char> > > >, std::allocator<std::__cxx11::sub_match<__gnu_cxx::__normal_iterator<char const*, std::__cxx11::basic_string<char, std::char_traits<char>, std::allocator<char> > > > > >::_M_deallocate(std::__cxx11::sub_match<__gnu_cxx::__normal_iterator<char const*, std::__cxx11::basic_string<char, std::char_traits<char>, std::allocator<char> > > >*, unsigned long)
calls=2 0xc80a 394 
* * 22 6 8 0 0 0 0 0 0 2 2
+5 +3 2 2
+4 * 2 2
+4 * 2 0 2 2 0 0 1
+3 +1 2 2
+4 * 2 2
+3 * 2 2
+4 * 2
+3 * 2
+3 * 2
+3 * 2
+4 * 2
+4 * 2 2
+4 * 2 0 2
+4 * 2
+5 +2 2 2
+4 * 2
+3 * 2 0 2
cfi=(348)
cfn=(2312)
calls=2 0xcdae 1107 
* * 32 16 6
+5 * 2 2
+4 * 2
+3 * 2
+2 * 2 0 0 2 0 0 1 0 0 2
+2 +3 2 2
+4 * 2
+3 * 2 0 2
cfi=(348)
cfn=(2316)
calls=2 0xb8a8 +52 
* * 12 6 4
+5 * 2
+3 -1 2 2
+4 * 2
+3 * 2 0 2
cfi=(348)
cfn=(2632)
calls=2 0xe4fc 1008 
* * 40 18 10 6 0 0 3 0 0 2 2
+5 * 2
+3 * 2 2
+4 * 2
+3 * 2 0 2
cfi=(348)
cfn=(2634)
calls=2 0xe4b2 988 
* * 38 18 10 2 0 0 1 0 0 2 2
+5 * 2
+3 * 2 2
+4 * 2
+3 * 2 0 2
cfi=(348)
cfn=(2454)
calls=2 0xcd60 1018 
* * 40 18 10 0 0 0 0 0 0 2 2
+5 * 2
+3 * 2 2 0 2 0 0 1
+4 * 2
+3 * 2 0 2
cfi=(348)
cfn=(2456)
calls=2 0xcd16 998 
* * 38 18 10 0 0 0 0 0 0 2 2
+5 * 2
+3 * 2
+3 * 2
+3 * 2 0 2
cfi=(294)
cfn=(2636) __gnu_cxx::__normal_iterator<std::__cxx11::sub_match<__gnu_cxx::__normal_iterator<char const*, std::__cxx11::basic_string<char, std::char_traits<char>, std::allocator<char> > > >*, std::vector<std::__cxx11::sub_match<__gnu_cxx::__normal_iterator<char const*, std::__cxx11::basic_string<char, std::char_traits<char>, std::allocator<char> > > >, std::allocator<std::__cxx11::sub_match<__gnu_cxx::__normal_iterator<char const*, std::__cxx11::basic_string<char, std::char_traits<char>, std::allocator<char> > > > > > > std::copy<__gnu_cxx::__normal_iterator<std::__cxx11::sub_match<__gnu_cxx::__normal_iterator<char const*, std::__cxx11::basic_string<char, std::char_traits<char>, std::allocator<char> > > > const*, std::vector<std::__cxx11::sub_match<__gnu_cxx::__normal_iterator<char const*, std::__cxx11::basic_string<char, std::char_traits<char>, std::allocator<char> > > >, std::allocator<std::__cxx11::sub_match<__gnu_cxx::__normal_iterator<char const*, std::__cxx11::basic_string<char, std::char_traits<char>, std::allocator<char> > > > > > >, __gnu_cxx::__normal_iterator<std::__cxx11::sub_match<__gnu_cxx::__normal_iterator<char const*, std::__cxx11::basic_string<char, std::char_traits<char>, std::allocator<char> > > >*, std::vector<std::__cxx11::sub_match<__gnu_cxx::__normal_iterator<char const*, std::__cxx11::basic_string<char, std::char_traits<char>, std::allocator<char> > > >, std::allocator<std::__cxx11::sub_match<__gnu_cxx::__normal_iterator<char const*, std::__cxx11::basic_string<char, std::char_traits<char>, std::allocator<char> > > > > > > >(__gnu_cxx::__normal_iterator<std::__cxx11::sub_match<__gnu_cxx::__normal_iterator<char const*, std::__cxx11::basic_string<char, std::char_traits<char>, std::allocator<char> > > > const*, std::vector<std::__cxx11::sub_match<__gnu_cxx::__normal_iterator<char const*, std::__cxx11::basic_string<char, std::char_traits<char>, std::allocator<char> > > >, std::allocator<std::__cxx11::sub_match<__gnu_cxx::__normal_iterator<char const*, std::__cxx11::basic_string<char, std::char_traits<char>, std::allocator<char> > > > > > >, __gnu_cxx::__normal_iterator<std::__cxx11::sub_match<__gnu_cxx::__normal_iterator<char const*, std::__cxx11::basic_string<char, std::char_traits<char>, std::allocator<char> > > > const*, std::vector<std::__cxx11::sub_match<__gnu_cxx::__normal_iterator<char const*, std::__cxx11::basic_string<char, std::char_traits<char>, std::allocator<char> > > >, std::allocator<std::__cxx11::sub_match<__gnu_cxx::__normal_iterator<char const*, std::__cxx11::basic_string<char, std::char_traits<char>, std::allocator<char> > > > > > >, __gnu_cxx::__normal_iterator<std::__cxx11::sub_match<__gnu_cxx::__normal_iterator<char const*, std::__cxx11::basic_string<char, std::char_traits<char>, std::allocator<char> > > >*, std::vector<std::__cxx11::sub_match<__gnu_cxx::__normal_iterator<char const*, std::__cxx11::basic_string<char, std::char_traits<char>, std::allocator<char> > > >, std::allocator<std::__cxx11::sub_match<__gnu_cxx::__normal_iterator<char const*, std::__cxx11::basic_string<char, std::char_traits<char>, std::allocator<char> > > > > > >)
calls=2 0x187cd 631 
* * 751 339 215 18 0 0 9 0 0 17 10
+5 * 2 0 2
+4 * 2 0 2
+4 * 2 0 2
fi=(318)
+4 1085 2 2
+4 * 2 2
+4 * 2
+3 * 2
+3 * 2 0 2
cfi=(346)
cfn=(2648)
calls=2 0x1d190 219 
* * 14 4 6
+5 +1 2
fe=(352)
0x14c14 266 4 4 0 2 0 0 1
+4 * 4 4
+3 * 4 4
+4 * 4
+3 * 4
+3 * 4
+3 * 4
+4 * 4
+4 * 4 4
+4 * 4 0 4
+4 +2 4 4
+4 +1 4 4
+4 * 4 4 0 2 0 0 1
+9 * 4 0 0 0 0 0 0 0 0 4 3
+7 * 4
+4 * 4 4
+1 * 4 4
+2 * 4 4
+2 * 4 4
+2 * 4 4
+1 * 4 4

fl=(333)
fn=(1476) std::__cxx11::regex_traits<char>::length(char const*)
0xb7c9 192 2 0 2 2 0 0 1
+1 * 2
+3 * 2
+4 * 2 0 2
+4 +1 2 2
+4 * 2
+3 * 2 0 2
cfi=(288)
cfn=(1054) std::char_traits<char>::length(char const*)
calls=2 0x6a2e 390 
* * 50 12 6 2 1 0 0 1 0 4 0 2
+5 * 2 2
+1 * 2 2

fn=(1582)
0x2cc00 400 2 0 2 2 0 0 1
+1 * 2
+3 * 2
+4 * 2 0 2
+4 * 2 0 2
+4 * 2 0 2
+4 +2 2 2
+4 * 2 2
+4 * 2
+3 * 2
+3 * 2 0 2
cfi=(349)
cfn=(1584) std::enable_if<std::__and_<std::__not_<std::__is_tuple_like<std::locale> >, std::is_move_constructible<std::locale>, std::is_move_assignable<std::locale> >::value, void>::type std::swap<std::locale>(std::locale&, std::locale&)
calls=2 0x2fdd9 230 
* * 965 312 156 13 10 10 2 2 0 115 19 12 7
+5 +1 2 2
+4 * 2 2
+4 * 2
+3 * 2
+3 * 2 0 2
cob=(7)
cfi=(215)
cfn=(1492)
calls=2 0xccce0 78 
* * 14 6 2 0 0 0 0 0 0 2
* * 2 2 0 0 0 0 0 0 0 0 0 2 2
+5 +1 2 2
+4 * 2 2
+1 * 2 2

fn=(1912)
0x207b8 150 3 0 3
+1 * 3
+3 * 3
+4 * 3 0 3 3 0 0 1
+4 * 3 0 3
+3 * 3 3
+9 * 3 0 3
+4 * 3
+2 +1 3 3
+3 * 3 3
+4 * 3
+2 * 3
+3 * 3 0 3
cfn=(1914) std::__cxx11::regex_traits<char>::_RegexMask::operator|(std::__cxx11::regex_traits<char>::_RegexMask) const
calls=3 0x27e12 -23 
* * 126 54 33 4 0 0 2 0 0 3 3
+5 * 3 0 3
+3 * 3 3
+4 * 3 3
+4 * 3 0 3
+3 * 3 3
+4 * 3 0 3
+3 * 3 3
+4 * 3 3 0 2 0 0 1
+4 * 3 3
+9 * 3 0 0 0 0 0 0 0 0 3 2
+7 * 3 3
+1 * 3 3

fn=(1914)
0x27e12 128 3 0 3 1 0 0 1
+1 * 3
+3 * 3
+4 * 3 0 3
+4 * 3 0 3
+3 * 3 3
+9 * 3 0 3
+4 * 3
+2 +3 3 3
+4 * 3 3
+4 * 3 3
+4 -1 3
+2 * 3 3 0 3 0 0 1
+4 * 3 3
+3 * 3 3
+4 * 3
+2 * 3
+3 * 3
+3 * 3
+4 * 3
+2 * 3
+3 * 3 0 3
cfn=(1892)
calls=3 0x1ad24 -15 
* * 42 18 18
+5 +1 3 3
+3 +1 3 3
+4 * 3 3
+9 * 3 0 0 0 0 0 0 0 0 3 3
+7 * 3 3
+1 * 3 3

fn=(2642) std::__cxx11::sub_match<__gnu_cxx::__normal_iterator<char const*, std::__cxx11::basic_string<char, std::char_traits<char>, std::allocator<char> > > >::operator=(std::__cxx11::sub_match<__gnu_cxx::__normal_iterator<char const*, std::__cxx11::basic_string<char, std::char_traits<char>, std::allocator<char> > > > const&)
0x24986 942 11 0 11 2 0 0 1
+1 * 11
+3 * 11
+4 * 11 0 11
+4 * 11 0 11
+4 * 11 11
+4 * 11 11
+4 * 11
+3 * 11
+3 * 11 0 11
cfi=(363)
cfn=(2644) std::pair<__gnu_cxx::__normal_iterator<char const*, std::__cxx11::basic_string<char, std::char_traits<char>, std::allocator<char> > >, __gnu_cxx::__normal_iterator<char const*, std::__cxx11::basic_string<char, std::char_traits<char>, std::allocator<char> > > >::operator=(std::pair<__gnu_cxx::__normal_iterator<char const*, std::__cxx11::basic_string<char, std::char_traits<char>, std::allocator<char> > >, __gnu_cxx::__normal_iterator<char const*, std::__cxx11::basic_string<char, std::char_traits<char>, std::allocator<char> > > > const&)
calls=11 0x2b6b0 +2 
* * 165 99 55 4 0 0 2
+5 * 11 11
+4 * 11 11
+4 * 11 11
+4 * 11 0 11
+3 * 11 11
+4 * 11 11
+1 * 11 11

fn=(2654)
0xe57c 2183 2 0 2
+1 * 2
+3 * 2 0 2
+1 * 2
+4 * 2 0 2
+4 +1 2 2
+4 * 2 2
+4 * 2
+3 * 2 0 2
cfi=(348)
cfn=(2312)
calls=2 0xcdae 1107 
* * 32 16 6
+5 * 2
+4 * 2
+3 * 2
+3 * 2 0 2
cfi=(348)
cfn=(2534) std::vector<std::__cxx11::sub_match<__gnu_cxx::__normal_iterator<char const*, std::__cxx11::basic_string<char, std::char_traits<char>, std::allocator<char> > > >, std::allocator<std::__cxx11::sub_match<__gnu_cxx::__normal_iterator<char const*, std::__cxx11::basic_string<char, std::char_traits<char>, std::allocator<char> > > > > >::operator[](unsigned long)
calls=2 +11 1251 
* * 82 30 14 0 0 0 0 0 0 2 2
+5 * 2 2
+4 * 2 2
+1 * 2 2

fn=(1892)
0x1ad24 115 12 0 12 1 0 0 1
+1 * 12
+3 * 12 0 12
+4 * 12 0 12
+4 * 12 0 12
+3 +2 12 12
+4 * 12 12
+4 * 12 0 12
+3 * 12 12 0 2 0 0 1
+4 * 12 12
+4 * 12 0 12
+3 +1 12
+1 * 12 12
+1 * 12 12

fn=(2304) std::__cxx11::sub_match<__gnu_cxx::__normal_iterator<char const*, std::__cxx11::basic_string<char, std::char_traits<char>, std::allocator<char> > > >::sub_match()
0xe61e 959 2 0 2 2 0 0 1
+1 * 2
+3 * 2
+4 * 2 0 2
+4 * 2 2
+4 * 2
+3 * 2 0 2
cfi=(363)
cfn=(2306) std::pair<__gnu_cxx::__normal_iterator<char const*, std::__cxx11::basic_string<char, std::char_traits<char>, std::allocator<char> > >, __gnu_cxx::__normal_iterator<char const*, std::__cxx11::basic_string<char, std::char_traits<char>, std::allocator<char> > > >::pair<__gnu_cxx::__normal_iterator<char const*, std::__cxx11::basic_string<char, std::char_traits<char>, std::allocator<char> > >, __gnu_cxx::__normal_iterator<char const*, std::__cxx11::basic_string<char, std::char_traits<char>, std::allocator<char> > >, true>()
calls=2 +17 748 
* * 34 12 12 2 0 0 1
+5 * 2 2
+4 * 2 0 2
+4 * 2
+1 * 2 2
+1 * 2 2

fn=(2778)
0x2663a 99 2 0 2 2
+1 * 2
+3 * 2 0 0 2
+4 * 2 0 2
+4 * 2 2
+4 * 2
+3 * 2 0 2
cob=(7)
cfi=(215)
cfn=(872)
calls=2 0xcd980 -8 
* * 12 6 0 2 0 0 0 0 0 2 2
* * 2 2 0 2 0 0 0 0 0 0 0 2
+5 * 2
+1 * 2 2
+1 * 2 2

fn=(1910)
0x1ad4c 158 3 0 3
+1 * 3
+3 * 3 0 3
+4 * 3 0 3
+3 +2 3 3
+4 * 3 3
+4 +1 3 3
+4 * 3
+2 * 3
+3 * 3
+3 +1 3
+2 * 3 0 0 0 0 0 0 0 0 3
+2 * 3 3
+4 * 3 3
+3 * 3 3
+4 * 3
+3 * 3 0 0 0 0 0 0 0 0 3 2
+9 * 3
+5 +1 3 3
+1 * 3 3

fn=(1580)
0x2cbe4 179 2 0 2 1 0 0 1
+1 * 2
+3 * 2
+4 * 2 0 2
+4 * 2 2
+4 * 2
+3 * 2 0 2
cob=(7)
cfi=(213)
cfn=(732)
calls=2 0xe7cd0 +90 
* * 50 18 10 0 0 0 0 0 0 6 2
* * 2 2 0 0 0 0 0 0 0 0 0 2 1
+5 * 2
+1 * 2 2
+1 * 2 2

fn=(2712) std::__cxx11::match_results<__gnu_cxx::__normal_iterator<char const*, std::__cxx11::basic_string<char, std::char_traits<char>, std::allocator<char> > >, std::allocator<std::__cxx11::sub_match<__gnu_cxx::__normal_iterator<char const*, std::__cxx11::basic_string<char, std::char_traits<char>, std::allocator<char> > > > > >::ready() const
0xac86 1879 5 0 5
+1 * 5
+3 * 5
+4 * 5 0 5
+4 * 5 5
+4 * 5
+3 * 5 0 5
cfi=(348)
cfn=(2714) std::vector<std::__cxx11::sub_match<__gnu_cxx::__normal_iterator<char const*, std::__cxx11::basic_string<char, std::char_traits<char>, std::allocator<char> > > >, std::allocator<std::__cxx11::sub_match<__gnu_cxx::__normal_iterator<char const*, std::__cxx11::basic_string<char, std::char_traits<char>, std::allocator<char> > > > > >::empty() const
calls=5 0xb9b6 1213 
* * 345 145 95 4 0 0 2 0 0 15 15
+5 * 5
+3 * 5 5
+1 * 5 5

fn=(2716) std::__cxx11::match_results<__gnu_cxx::__normal_iterator<char const*, std::__cxx11::basic_string<char, std::char_traits<char>, std::allocator<char> > >, std::allocator<std::__cxx11::sub_match<__gnu_cxx::__normal_iterator<char const*, std::__cxx11::basic_string<char, std::char_traits<char>, std::allocator<char> > > > > >::operator[](unsigned long) const
0xaca4 1971 3 0 3
+1 * 3
+3 * 3
+4 * 3 0 3
+4 * 3 0 3
+4 +2 3 3
+4 * 3
+3 * 3 0 3
cfn=(2712)
calls=3 -53 -94 
* * 237 96 66 0 0 0 0 0 0 9 9
+5 * 3 0 0 2 0 0 1
+3 * 3
+3 * 3
+3 * 3
+3 * 3
+2 * 3 0 0 0 0 0 0 0 0 3 3
+36 +1 3 3
+4 * 3
+3 * 3 0 3
cfn=(2718) std::__cxx11::match_results<__gnu_cxx::__normal_iterator<char const*, std::__cxx11::basic_string<char, std::char_traits<char>, std::allocator<char> > >, std::allocator<std::__cxx11::sub_match<__gnu_cxx::__normal_iterator<char const*, std::__cxx11::basic_string<char, std::char_traits<char>, std::allocator<char> > > > > >::size() const
calls=3 0xba2c -78 
* * 300 123 78 2 0 0 1 0 0 12 7
+5 +1 3 3 0 2 0 0 1
+4 * 3 0 0 0 0 0 0 0 0 3
+2 * 3 3
+4 * 3 3
+4 * 3
+3 * 3
+3 * 3 0 3
cfi=(348)
cfn=(2720) std::vector<std::__cxx11::sub_match<__gnu_cxx::__normal_iterator<char const*, std::__cxx11::basic_string<char, std::char_traits<char>, std::allocator<char> > > >, std::allocator<std::__cxx11::sub_match<__gnu_cxx::__normal_iterator<char const*, std::__cxx11::basic_string<char, std::char_traits<char>, std::allocator<char> > > > > >::operator[](unsigned long) const
calls=3 0xba62 1270 
* * 123 45 21 4 0 0 2 0 0 3 2
+5 +1 3
+14 +1 3 3
+1 * 3 3

fn=(2722) std::__cxx11::sub_match<__gnu_cxx::__normal_iterator<char const*, std::__cxx11::basic_string<char, std::char_traits<char>, std::allocator<char> > > >::operator std::__cxx11::basic_string<char, std::char_traits<char>, std::allocator<char> >() const
0xad28 976 3 0 3
+1 * 3
+3 * 3
+4 * 3 0 3
+4 * 3 0 3
+4 * 3 3 0 2 0 0 1
+9 * 3 0 3
+4 * 3
+2 +1 3 3
+4 * 3 3
+4 * 3
+3 * 3
+3 * 3 0 3
cfn=(2724) std::__cxx11::sub_match<__gnu_cxx::__normal_iterator<char const*, std::__cxx11::basic_string<char, std::char_traits<char>, std::allocator<char> > > >::str() const
calls=3 0xbb04 +8 
* * 1089 384 309 57 0 0 16 0 0 51 19 3
+5 * 3 3
+4 * 3 3
+9 * 3 0 0 0 0 0 0 0 0 3 2
+7 * 3 3
+4 * 3 3
+1 * 3 3

fn=(2280) bool std::regex_match<std::char_traits<char>, std::allocator<char>, std::allocator<std::__cxx11::sub_match<__gnu_cxx::__normal_iterator<char const*, std::__cxx11::basic_string<char, std::char_traits<char>, std::allocator<char> > > > >, char, std::__cxx11::regex_traits<char> >(std::__cxx11::basic_string<char, std::char_traits<char>, std::allocator<char> > const&, std::__cxx11::match_results<std::__cxx11::basic_string<char, std::char_traits<char>, std::allocator<char> >::const_iterator, std::allocator<std::__cxx11::sub_match<__gnu_cxx::__normal_iterator<char const*, std::__cxx11::basic_string<char, std::char_traits<char>, std::allocator<char> > > > > >&, std::__cxx11::basic_regex<char, std::__cxx11::regex_traits<char> > const&, std::regex_constants::match_flag_type)
0xac2e 2359 2 0 2 2 0 0 1
+1 * 2
+3 * 2 0 2
+1 * 2
+4 * 2 0 2
+4 * 2 0 2
+4 * 2 0 2 2 0 0 1
+4 * 2 0 2
+3 +6 2 2
+4 * 2
+3 * 2 0 2
cfi=(286)
cfn=(2282) std::__cxx11::basic_string<char, std::char_traits<char>, std::allocator<char> >::end() const
calls=2 0xb904 1098 
* * 204 80 58 4 0 0 2 0 0 6 4
+5 * 2
+3 * 2 2
+4 * 2
+3 * 2 0 2
cfi=(286)
cfn=(2284) std::__cxx11::basic_string<char, std::char_traits<char>, std::allocator<char> >::begin() const
calls=2 0xb8b6 1080 
* * 54 24 16 4 0 0 2 0 0 2 2
+5 * 2
+3 * 2 2
+3 * 2 2
+4 * 2 2
+4 * 2
+3 * 2
+3 * 2
+3 * 2
+3 * 2 0 2
cfn=(2286) bool std::regex_match<__gnu_cxx::__normal_iterator<char const*, std::__cxx11::basic_string<char, std::char_traits<char>, std::allocator<char> > >, std::allocator<std::__cxx11::sub_match<__gnu_cxx::__normal_iterator<char const*, std::__cxx11::basic_string<char, std::char_traits<char>, std::allocator<char> > > > >, char, std::__cxx11::regex_traits<char> >(__gnu_cxx::__normal_iterator<char const*, std::__cxx11::basic_string<char, std::char_traits<char>, std::allocator<char> > >, __gnu_cxx::__normal_iterator<char const*, std::__cxx11::basic_string<char, std::char_traits<char>, std::allocator<char> > >, std::__cxx11::match_results<__gnu_cxx::__normal_iterator<char const*, std::__cxx11::basic_string<char, std::char_traits<char>, std::allocator<char> > >, std::allocator<std::__cxx11::sub_match<__gnu_cxx::__normal_iterator<char const*, std::__cxx11::basic_string<char, std::char_traits<char>, std::allocator<char> > > > > >&, std::__cxx11::basic_regex<char, std::__cxx11::regex_traits<char> > const&, std::regex_constants::match_flag_type)
calls=2 0xb969 -82 
* * 80132 29688 21265 778 3 0 352 0 0 4240 526 85 3
+5 * 2 2 0 2 0 0 1
+4 * 2 2
+1 * 2 2

fn=(2370)
0xdfbc 779 2 0 2
+1 * 2
+3 * 2 0 2 2 0 0 1
+4 +1 2 2
+4 * 2 2
+2 * 2 2
+1 * 2 2

fn=(2266) std::__cxx11::match_results<__gnu_cxx::__normal_iterator<char const*, std::__cxx11::basic_string<char, std::char_traits<char>, std::allocator<char> > >, std::allocator<std::__cxx11::sub_match<__gnu_cxx::__normal_iterator<char const*, std::__cxx11::basic_string<char, std::char_traits<char>, std::allocator<char> > > > > >::match_results(std::allocator<std::__cxx11::sub_match<__gnu_cxx::__normal_iterator<char const*, std::__cxx11::basic_string<char, std::char_traits<char>, std::allocator<char> > > > > const&)
0xb7e4 1830 2 0 2
+1 * 2
+3 * 2
+4 * 2 0 2
+4 * 2 0 2
+4 +1 2 2
+4 * 2 2
+4 * 2
+3 * 2 0 0 2 0 0 1
+3 * 2 0 2
cfi=(348)
cfn=(2268)
calls=2 0xc7e4 562 
* * 118 40 42 6 0 0 3
+5 * 2 2
+4 * 2
+4 * 2 0 2
fi=(360)
+4 1054 2 2
+4 * 2 0 2
+7 * 2
fe=(333)
+1 1832 2
+1 * 2 2
+1 * 2 2

fn=(2286)
0xb969 2283 2 0 2
+1 * 2
+3 * 2
+4 * 2 0 2
+4 * 2 0 2
+4 * 2 0 2
+4 * 2 0 2 2 0 0 1
+4 * 2 0 2
+4 +7 2 2
+3 * 2 2
+4 * 2 2
+4 * 2 2
+4 * 2 2
+4 * 2
+4 * 2 0 2
+2 * 2
+6 * 2
+3 * 2
+3 * 2 0 2
cfi=(358)
cfn=(2288)
calls=2 0xc867 48 
* * 80088 29674 21249 774 3 0 351 0 0 4240 526 85 3
+5 * 2 0 0 2
+4 +2 2 2
+1 * 2 2

fn=(2302)
0xdf58 2150 2 0 2
+1 * 2
+3 * 2 0 2
+1 * 2
+4 * 2 0 2
+4 * 2 0 2
+3 * 2 2
+9 * 2 0 2
+4 * 2
+2 +1 2 2
+4 * 2
+4 * 2 0 0 2 0 0 1
+3 * 2 0 2
cfn=(2304)
calls=2 0xe61e 959 
* * 58 20 20 4 0 0 2
+5 * 2 2
+3 * 2
+3 * 2
+2 * 2
+4 * 2
+3 * 2
+3 * 2
+3 * 2 0 2
cfi=(348)
cfn=(2308) std::vector<std::__cxx11::sub_match<__gnu_cxx::__normal_iterator<char const*, std::__cxx11::basic_string<char, std::char_traits<char>, std::allocator<char> > > >, std::allocator<std::__cxx11::sub_match<__gnu_cxx::__normal_iterator<char const*, std::__cxx11::basic_string<char, std::char_traits<char>, std::allocator<char> > > > > >::assign(unsigned long, std::__cxx11::sub_match<__gnu_cxx::__normal_iterator<char const*, std::__cxx11::basic_string<char, std::char_traits<char>, std::allocator<char> > > > const&)
calls=2 0xff40 865 
* * 2698 829 678 111 1 0 38 0 0 203 56 4
+5 * 2
+1 * 2 2
+4 * 2 2
+9 * 2 0 0 0 0 0 0 0 0 2 2
+7 * 2 2
+4 * 2 2
+1 * 2 2

fn=(2718)
0xba2c 1896 3 0 3
+1 * 3
+3 * 3
+4 * 3 0 3
+4 +1 3 3
+4 * 3
+3 * 3 0 3 2 0 0 1
cfi=(348)
cfn=(2714)
calls=3 0xb9b6 1213 
* * 207 87 57 0 0 0 0 0 0 9 7
+5 * 3
+2 * 3 0 0 0 0 0 0 0 0 3
+9 * 3 3
+4 * 3
+3 * 3 0 3
cfi=(348)
cfn=(2312)
calls=3 0xcdae 1107 
* * 48 24 9
+5 * 3
+4 * 3 3
+1 * 3 3

fn=(2762) std::__cxx11::match_results<__gnu_cxx::__normal_iterator<char const*, std::__cxx11::basic_string<char, std::char_traits<char>, std::allocator<char> > >, std::allocator<std::__cxx11::sub_match<__gnu_cxx::__normal_iterator<char const*, std::__cxx11::basic_string<char, std::char_traits<char>, std::allocator<char> > > > > >::~match_results()
0x9f66 1859 2 0 2
+1 * 2
+3 * 2
+4 * 2 0 2
+4 * 2 2
+4 * 2
+3 * 2 0 2
cfi=(348)
cfn=(2356)
calls=2 0xabd8 790 
* * 332 116 82 0 0 0 0 0 0 14 0 6
+5 * 2
+1 * 2 2
+1 * 2 2 0 2 0 0 1

fn=(1464) std::__cxx11::basic_regex<char, std::__cxx11::regex_traits<char> >::basic_regex(char const*, std::regex_constants::syntax_option_type)
0xaab6 494 2 0 2 1 0 0 1
+1 * 2
+3 * 2 0 2
+1 * 2
+4 * 2 0 2 2 0 0 1
+4 * 2 0 2
+4 * 2 0 2
+3 +1 2 2
+4 * 2
+4 * 2
+3 * 2 0 2
cob=(7)
cfi=(213)
cfn=(732)
calls=2 0xe7cd0 269 
* * 50 18 10 4 2 0 0 0 0 6 2
cob=(1)
cfi=(282)
cfn=(1028)
calls=1 0x14550 39 
* * 764 241 128 0 11 0 0 2 0 96 7 3 3
* * 6 4 2 2 1 0 1 0 0 0 0 3 2
+5 * 2 2
+4 * 2
+4 * 2
+3 * 2 0 2
cfi=(334)
cfn=(1470) std::shared_ptr<std::__detail::_NFA<std::__cxx11::regex_traits<char> > const>::shared_ptr()
calls=2 0xb5d4 201 
* * 62 20 20 8 0 0 5
+5 * 2 2
+4 * 2
+3 * 2 0 2
cfn=(1476)
calls=2 0xb7c9 192 
* * 68 18 12 4 1 0 1 1 0 4 0 2
+5 * 2 2
+4 * 2
+4 * 2 2 0 2 0 0 1
+3 * 2 2
+4 * 2 2
+4 * 2
+2 * 2
+3 * 2
+3 * 2 0 2
cfn=(1478) std::__cxx11::basic_regex<char, std::__cxx11::regex_traits<char> >::_M_compile(char const*, char const*, std::regex_constants::syntax_option_type)
calls=2 0xb6ea 828 
* * 337482 127009 87149 1462 107 30 620 18 0 14643 1095 957 64
+5 * 2 0 0 2
+48 * 2 2 0 2 0 0 1
+4 * 2 2
+1 * 2 2

fn=(1478)
0xb6ea 828 2 0 2 2 0 0 1
+1 * 2
+3 * 2
+7 * 2 0 2
+7 * 2 0 2 2 0 0 1
+7 * 2 0 2
+7 * 2 0 2
+6 * 2 2
+9 * 2 0 2
+4 * 2
+2 +3 2 2
+7 * 2
+4 * 2 2
+6 * 2 2
+7 * 2 2
+7 * 2 0 0 2 0 0 1
+7 * 2
+3 * 2
+3 * 2 0 2
cfi=(336)
cfn=(1480) std::__detail::_Compiler<std::__cxx11::regex_traits<char> >::_Compiler(char const*, char const*, std::locale const&, std::regex_constants::syntax_option_type)
calls=2 0xc38e 68 
* * 335438 126285 86593 1384 107 30 593 18 0 14585 1071 945 64
+5 +1 2 0 0 2
+7 * 2
+7 * 2
+3 * 2
+3 * 2 0 2
cfi=(337)
cfn=(2200)
calls=2 0xc76e 70 
* * 162 64 52 16 0 0 6
+5 * 2 2
+7 * 2
+4 * 2
+7 * 2
+3 * 2 0 0 2 0 0 1
+3 * 2 0 2
cfi=(334)
cfn=(2208) std::shared_ptr<std::__detail::_NFA<std::__cxx11::regex_traits<char> > const>::operator=(std::shared_ptr<std::__detail::_NFA<std::__cxx11::regex_traits<char> > const>&&)
calls=2 0xc7a6 437 
* * 364 144 108 20 0 0 8 0 0 6 5
+5 * 2
+7 * 2
+3 * 2 0 2
cfi=(334)
cfn=(2222) std::shared_ptr<std::__detail::_NFA<std::__cxx11::regex_traits<char> > const>::~shared_ptr()
calls=2 0xaa9a 175 
* * 64 20 16 0 0 0 0 0 0 2 2
+5 +1 2 2
+7 * 2 2
+6 * 2 0 2
+2 +1 2
+7 * 2
+3 * 2 0 2
cfi=(337)
cfn=(2224)
calls=2 0xb694 59 
* * 1366 472 356 30 0 0 9 0 0 48 16 12
+5 * 2 2
+4 * 2 2
+9 * 2 0 0 2 0 0 0 0 0 2 1
+7 * 2 2
+1 * 2 2

fn=(2764) std::__cxx11::basic_regex<char, std::__cxx11::regex_traits<char> >::~basic_regex()
0xab4c 578 2 0 2 2
+1 * 2
+3 * 2
+4 * 2 0 2
+4 +1 2 2
+4 * 2
+4 * 2
+3 * 2 0 2
cfi=(334)
cfn=(2222)
calls=2 0xaa9a 175 
* * 4448 1555 1201 212 1 0 32 0 0 175 51 37 5
+5 * 2 2
+4 * 2
+4 * 2
+3 * 2 0 2
cob=(7)
cfi=(215)
cfn=(872)
calls=2 0xcd980 91 
* * 12 6 0 0 0 0 0 0 0 2 2
* * 2 2 0 0 0 0 0 0 0 0 0 2
+5 * 2
+1 * 2 2
+1 * 2 2

fn=(2264) std::__cxx11::match_results<__gnu_cxx::__normal_iterator<char const*, std::__cxx11::basic_string<char, std::char_traits<char>, std::allocator<char> > >, std::allocator<std::__cxx11::sub_match<__gnu_cxx::__normal_iterator<char const*, std::__cxx11::basic_string<char, std::char_traits<char>, std::allocator<char> > > > > >::match_results()
0xab7c 1823 2 0 2
+1 * 2
+3 * 2 0 0 2 0 0 1
+4 * 2 0 2
+4 * 2 2
+9 * 2 0 2
+4 * 2
+2 * 2
+4 * 2 0 2
fi=(293)
+4 88 2
fi=(292)
+1 +80 2
fe=(333)
+1 1823 2
+4 * 2 2
+4 * 2
+3 * 2
+3 * 2 0 2
cfn=(2266)
calls=2 0xb7e4 +7 
* * 156 52 54 8 0 0 4
fi=(292)
+5 189 2
+4 * 2
+3 * 2 0 2
cfi=(293)
cfn=(2278)
calls=2 0xc7d8 -85 
* * 12 4 4
+5 * 2 0 0 2 0 0 1
fe=(333)
+1 1823 2
+1 * 2 2
+4 * 2 2
+9 * 2 0 0 0 0 0 0 0 0 2 2
+7 * 2 2
+1 * 2 2

fn=(2652)
0xe54a 2175 2 0 2
+1 * 2
+3 * 2 0 2
+1 * 2
+4 * 2 0 2
+4 +1 2 2
+4 * 2 2
+4 * 2
+3 * 2 0 2
cfi=(348)
cfn=(2312)
calls=2 0xcdae 1107 
* * 32 16 6
+5 * 2
+4 * 2
+3 * 2
+3 * 2 0 2
cfi=(348)
cfn=(2534)
calls=2 +61 1251 
* * 82 30 14 0 0 0 0 0 0 2
+5 * 2 2
+4 * 2 2
+1 * 2 2

fn=(2724)
0xbb04 985 3 0 3 2 0 0 1
+1 * 3
+3 * 3 0 3
+2 * 3 0 3
+1 * 3
+4 * 3 0 3
+4 * 3 0 3
+4 * 3 3
+9 * 3 0 3
+4 * 3
+2 +2 3 3
+4 * 3 3
+4 +2 3
+5 -1 3
+2 * 3 0 0 0 0 0 0 0 0 3
+2 * 3
+4 * 3 0 3
fi=(293)
+4 88 3
fi=(292)
+1 +80 3 0 0 2 0 0 1
fe=(333)
+1 989 3
+5 * 3
+4 * 3 3
+4 * 3 3
+4 * 3 3
+4 * 3 3
+3 * 3 3
+4 * 3
+3 * 3 0 3
cfi=(286)
cfn=(2726) std::__cxx11::basic_string<char, std::char_traits<char>, std::allocator<char> >::basic_string<__gnu_cxx::__normal_iterator<char const*, std::__cxx11::basic_string<char, std::char_traits<char>, std::allocator<char> > >, void>(__gnu_cxx::__normal_iterator<char const*, std::__cxx11::basic_string<char, std::char_traits<char>, std::allocator<char> > >, __gnu_cxx::__normal_iterator<char const*, std::__cxx11::basic_string<char, std::char_traits<char>, std::allocator<char> > >, std::allocator<char> const&)
calls=3 0xcdea 876 
* * 933 333 276 49 0 0 12 0 0 42 17 3
+5 * 3
+14 -1 3
+2 * 3 0 0 0 0 0 0 0 0 3
fi=(292)
+2 189 3
+4 * 3
+3 * 3 0 3 2 0 0 1
cfi=(293)
cfn=(1096)
calls=3 0x6f3c -85 
* * 18 6 6
+5 * 3
fe=(333)
+1 989 3
+53 * 3
+1 +1 3 3
+4 * 3 3 0 2 0 0 1
+9 * 3 0 0 0 0 0 0 0 0 3 2
+7 * 3 3
+4 * 3
+4 * 3 3
+1 * 3 3
+2 * 3 3
+1 * 3 3

fl=(336)
fn=(1830) std::__detail::_Compiler<std::__cxx11::regex_traits<char> >::_M_atom()
0x13238 303 6 0 6
+1 * 6
+3 * 6 0 6
+2 * 6 0 6
+1 * 6 0 0 2 0 0 1
+4 * 6 0 6
+4 * 6 6
+9 * 6 0 6
+4 * 6
+2 +3 6 6
+4 * 6
+5 * 6
+3 * 6 0 6
cfn=(1766) std::__detail::_Compiler<std::__cxx11::regex_traits<char> >::_M_match_token(std::__detail::_ScannerBase::_TokenT)
calls=6 0xd8c4 572 
* * 138 48 36 0 0 0 0 0 0 6 2
+5 * 6
+2 * 6 0 0 0 0 0 0 0 0 6 1
0x133b8 +7 6 6 0 2 0 0 1
+4 * 6
+3 * 6 0 6 2 0 0 1
cfn=(1832) std::__detail::_Compiler<std::__cxx11::regex_traits<char> >::_M_try_char()
calls=6 0x164c4 551 
* * 1141 389 290 11 0 0 4 0 0 64 12 1
+5 * 6
+2 * 6 0 0 0 0 0 0 0 0 6 1
+6 +1 1 1
+4 * 1 1
+2 * 1
+5 * 1
+2 * 1 0 1
cfi=(338)
cfn=(1486)
calls=1 0x9765 192 
* * 8 4 3
+5 * 1
+2 * 1
+3 * 1
+2 * 1 0 0 0 0 0 0 0 0 1
+2 * 1 1
+4 * 1 1
+2 * 1
+5 * 1
+2 * 1 0 1
cfi=(338)
cfn=(1486)
calls=1 0x9765 192 
* * 8 4 3
+5 * 1
+2 * 1
+3 * 1
+2 * 1 0 0 1 0 0 1 0 0 1
+2 * 1 1
+4 * 1
+3 * 1 0 1
cfn=(2174) void std::__detail::_Compiler<std::__cxx11::regex_traits<char> >::_M_insert_char_matcher<false, false>()
calls=1 0x1658a +71 
* * 1730 636 516 15 0 0 13 0 0 41 23
+5 * 1
+83 +1 5 5 0 2 0 0 1
+4 * 5
+5 * 5
+3 * 5 0 5
cfn=(1766)
calls=5 0xd8c4 572 
* * 115 40 30 0 0 0 0 0 0 5
+5 * 5
+2 * 5 0 0 0 0 0 0 0 0 5
0x134f2 +3 5 5 0 2 0 0 1
+4 * 5
+5 * 5
+3 * 5 0 5 2 0 0 1
cfn=(1766)
calls=5 0xd8c4 572 
* * 115 40 30 0 0 0 0 0 0 5
+5 * 5
+2 * 5 0 0 0 0 0 0 0 0 5 1
0x135a0 +2 5 5 0 2 0 0 1
+4 * 5
+5 * 5
+3 * 5 0 5
cfn=(1766)
calls=5 0xd8c4 572 
* * 115 40 30 0 0 0 0 0 0 5
+5 * 5
+2 * 5 0 0 0 0 0 0 0 0 5 1
0x13684 +9 5 5 0 2 0 0 1
+4 * 5
+5 * 5
+3 * 5 0 5
cfn=(1766)
calls=5 0xd8c4 572 
* * 3956 1497 997 42 0 0 16 0 0 209 73 8 3
+5 * 5
+2 * 5 0 0 0 0 0 0 0 0 5
+6 +2 3 3
+4 * 3
+6 * 3
+3 * 3 0 3
cfi=(335)
cfn=(1646)
calls=3 0xd406 1440 
* * 75 30 24
+5 * 3
+3 * 3 0 3
cfi=(347)
cfn=(1664)
calls=3 0xd5f8 -53 
* * 7203 2612 2026 10 4 2 2 0 0 320 71 27 3
+5 * 3
+3 * 3 3
+4 * 3 0 0 2 0 0 1
+6 * 3
+3 * 3 0 3
cfi=(335)
cfn=(1660)
calls=3 0xd56e 1436 
* * 96 36 27 0 0 0 0 0 0 3 1
+5 * 3
+3 * 3
+4 * 3
+3 * 3
+3 * 3
+3 * 3 0 3
cfi=(347)
cfn=(1662)
calls=3 0xd5c2 +32 
* * 51 24 21
+5 +1 3 3
+4 * 3
+3 * 3 0 3
cfn=(1759) std::__detail::_Compiler<std::__cxx11::regex_traits<char> >::_M_disjunction()'2
calls=3 0xd758 91 
* * 268619 102280 69490 571 7 3 223 6 0 11256 386 801 8
+5 +1 3 3
+4 * 3
+5 * 3
+3 * 3 0 3
cfn=(1766)
calls=3 0xd8c4 572 
* * 2343 874 591 2 1 0 0 0 0 117 18 5 2
+5 * 3 0 0 2 0 0 1
+3 * 3
+2 * 3 0 0 0 0 0 0 0 0 3 3
+32 +2 3
+4 * 3 3
+4 * 3
+3 * 3
+3 * 3 0 3
cfi=(337)
cfn=(1818)
calls=3 0xd934 173 
* * 954 366 243 0 0 0 0 0 0 21 10
+5 * 3
+4 * 3
+4 * 3 0 0 2 0 0 1
+3 * 3
+3 * 3 0 3
cfi=(347)
cfn=(2156)
calls=3 0xd98c +46 
* * 198 81 42 0 0 0 0 0 0 3 1
+5 +1 3 3
+4 * 3
+6 * 3
+3 * 3 0 3
cfi=(335)
cfn=(1646)
calls=3 0xd406 1440 
* * 75 30 24
+5 * 3
+3 * 3 0 3
cfi=(347)
cfn=(2158)
calls=3 0xd9f8 -48 
* * 2130 807 594 41 0 1 14 0 0 75 21
+5 * 3
+3 * 3
+4 * 3
+3 * 3
+3 * 3 0 3
cfi=(347)
cfn=(1754)
calls=3 0xd70e +37 
* * 192 75 42 0 0 0 0 0 0 3 2
+5 +1 3 3
+4 * 3
+7 * 3
+4 * 3
+3 * 3
+3 * 3 0 3
cfi=(350)
cfn=(2146) std::stack<std::__detail::_StateSeq<std::__cxx11::regex_traits<char> >, std::deque<std::__detail::_StateSeq<std::__cxx11::regex_traits<char> >, std::allocator<std::__detail::_StateSeq<std::__cxx11::regex_traits<char> > > > >::push(std::__detail::_StateSeq<std::__cxx11::regex_traits<char> > const&)
calls=3 0x11748 -51 
* * 237 96 75 0 0 0 0 0 0 6 3
+5 * 3
+2 +2 2 2
+4 * 2
+3 * 2 0 2
cfn=(2152) std::__detail::_Compiler<std::__cxx11::regex_traits<char> >::_M_bracket_expression()
calls=2 0x177ce +7 
* * 148 42 34 0 0 0 0 0 0 10
+5 * 2
+3 * 2
+2 * 2 0 0 0 0 0 0 0 0 2
+2 +1 2
+5 * 2
+2 +1 4
+5 +1 4 4
+4 * 4 4
+9 * 4 0 0 0 0 0 0 0 0 4 3
-13 * 2 2
+4 * 2 2
+9 * 2 0 0 0 0 0 0 0 0 2
+7 * 6
+4 * 6 6
+1 * 6 6
+2 * 6 6
+1 * 6 6

fn=(1831) std::__detail::_Compiler<std::__cxx11::regex_traits<char> >::_M_atom()'2
0x13238 303 6 0 6
+1 * 6
+3 * 6 0 6
+2 * 6 0 6
+1 * 6
+4 * 6 0 6
+4 * 6 6
+9 * 6 0 6
+4 * 6
+2 +3 6 6
+4 * 6
+5 * 6
+3 * 6 0 6
cfn=(1766)
calls=6 0xd8c4 572 
* * 138 48 36 0 0 0 0 0 0 6
+5 * 6
+2 * 6 0 0 0 0 0 0 0 0 6 1
0x133b8 +7 6 6
+4 * 6
+3 * 6 0 6
cfn=(1832)
calls=6 0x164c4 551 
* * 582 186 150 0 0 0 0 0 0 36 3
+5 * 6
+2 * 6 0 0 0 0 0 0 0 0 6 1
0x13461 +2 6 6
+4 * 6
+5 * 6
+3 * 6 0 6
cfn=(1766)
calls=6 0xd8c4 572 
* * 138 48 36 0 0 0 0 0 0 6
+5 * 6
+2 * 6 0 0 0 0 0 0 0 0 6
0x134f2 +3 6 6
+4 * 6
+5 * 6
+3 * 6 0 6
cfn=(1766)
calls=6 0xd8c4 572 
* * 1956 748 456 4 0 0 0 0 0 130 45 4 3
+5 * 6
+2 * 6 0 0 0 0 0 0 0 0 6 1
+6 +1 3 3
+4 * 3 3
+2 * 3
+5 * 3
+2 * 3 0 3
cfi=(338)
cfn=(1486)
calls=3 0x9765 192 
* * 24 12 9
+5 * 3
+2 * 3
+3 * 3
+2 * 3 0 0 0 0 0 0 0 0 3
+2 * 3 3
+4 * 3 3
+2 * 3
+5 * 3
+2 * 3 0 3
cfi=(338)
cfn=(1486)
calls=3 0x9765 192 
* * 24 12 9
+5 * 3
+2 * 3
+3 * 3
+2 * 3 0 0 2 0 0 1 0 0 3
+2 * 3 3
+4 * 3
+3 * 3 0 3
cfn=(1854) void std::__detail::_Compiler<std::__cxx11::regex_traits<char> >::_M_insert_character_class_matcher<false, false>()
calls=3 0x16e72 +78 
* * 250786 95831 64797 471 6 1 192 6 0 10489 189 783 3
+5 * 3
+83 +1 3 3
+4 * 3
+5 * 3
+3 * 3 0 3
cfn=(1766)
calls=3 0xd8c4 572 
* * 69 24 18 0 0 0 0 0 0 3
+5 * 3
+2 * 3 0 0 0 0 0 0 0 0 3 1
0x13684 +9 3 3
+4 * 3
+5 * 3
+3 * 3 0 3
cfn=(1766)
calls=3 0xd8c4 572 
* * 69 24 18 0 0 0 0 0 0 3
+5 * 3
+2 * 3 0 0 0 0 0 0 0 0 3 2
0x13791 +10 3 3
+4 * 3
+3 * 3 0 3
cfn=(2152)
calls=3 0x177ce +7 
* * 222 63 51 5 0 0 2 0 0 15 1
+5 * 3
+3 * 3
+2 * 3 0 0 0 0 0 0 0 0 3
+2 +1 3
+5 * 3
+2 +1 3 0 0 2 0 0 1
+5 +1 3 3
+4 * 3 3
+9 * 3 0 0 0 0 0 0 0 0 3
-13 * 3 3
+4 * 3 3
+9 * 3 0 0 0 0 0 0 0 0 3 2
+7 * 6 0 0 2 0 0 1
+4 * 6 6
+1 * 6 6
+2 * 6 6
+1 * 6 6

fn=(2152)
0x177ce 346 5 0 5 3 0 0 1
+1 * 5
+3 * 5
+4 * 5 0 5
+4 +4 5 5
+4 * 5
+5 * 5
+3 * 5 0 5
cfn=(1766)
calls=5 0xd8c4 572 
* * 115 40 30 0 0 0 0 0 0 5
+5 * 5 0 5
+3 +1 5 5
+4 * 5
+3 * 5
+2 * 5 0 0 0 0 0 0 0 0 5
+2 * 5 5
+4 * 5 0 0 2 0 0 1
+5 * 5
+3 * 5 0 5
cfn=(1766)
calls=5 0xd8c4 572 
* * 115 40 30 0 0 0 0 0 0 5 1
+5 * 5
+3 * 5
+2 * 5 0 0 0 0 0 0 0 0 5
+2 * 5
+5 * 5
+7 * 5
+2 * 5 0 0 0 0 0 0 0 0 5
+2 +1 5
+5 * 5
0x178cf +3 5 5
+1 * 5 5

fn=(2142) std::__detail::_Compiler<std::__cxx11::regex_traits<char> >::_M_quantifier()::{lambda()#1}::operator()() const
0x137ce 182 3 0 3
+1 * 3
+3 * 3
+4 * 3 0 3
+4 +2 3 3
+4 * 3 3
+3 * 3
+6 * 3
+3 * 3 0 3
cfi=(350)
cfn=(1822) std::stack<std::__detail::_StateSeq<std::__cxx11::regex_traits<char> >, std::deque<std::__detail::_StateSeq<std::__cxx11::regex_traits<char> >, std::allocator<std::__detail::_StateSeq<std::__cxx11::regex_traits<char> > > > >::empty() const
calls=3 0xd9de +59 
* * 102 39 27
+5 * 3
+2 * 3 0 0 0 0 0 0 0 0 3 3
+12 +2 3 3 0 2 0 0 1
+4 * 3 3
+4 * 3 3
+3 * 3
+2 * 3 0 0 0 0 0 0 0 0 3
+2 * 3 3
+4 * 3 3
+3 * 3
+5 * 3
+3 * 3 0 3
cfn=(1766)
calls=3 0xd8c4 572 
* * 69 24 18 0 0 0 0 0 0 3 2
+5 * 3
+2 * 3 0 0 0 0 0 0 0 0 3 2
+9 * 3
+5 * 3 3
+4 * 3 3
+4 * 3 0 3
+2 -4 3
+1 * 3 3
+1 * 3 3

fn=(1758) std::__detail::_Compiler<std::__cxx11::regex_traits<char> >::_M_disjunction()
0xd758 91 2 0 2
+1 * 2
+3 * 2 0 2
+2 * 2 0 2
+1 * 2
+4 * 2 0 2
+7 * 2 2
+9 * 2 0 2
+4 * 2
+2 +3 2 2
+7 * 2 0 0 2 0 0 1
+3 * 2 0 2
cfn=(1760) std::__detail::_Compiler<std::__cxx11::regex_traits<char> >::_M_alternative()
calls=2 0xf67a +21 
* * 309268 117169 80332 842 29 12 341 8 0 12920 761 864 23
+5 +1 2
0xd88a * 2 2
+7 * 2
+5 * 2
+3 * 2 0 2
cfn=(1766)
calls=2 +43 572 
* * 46 16 12 0 0 0 0 0 0 2
+5 * 2
+2 * 2 0 0 0 0 0 0 0 0 2
+6 +16 2
+1 * 2 2
+4 * 2 2
+9 * 2 0 0 0 0 0 0 0 0 2
+7 * 2
+4 * 2 2
+1 * 2 2
+2 * 2 2
+1 * 2 2

fn=(1759)
0xd758 91 3 0 3
+1 * 3
+3 * 3 0 3
+2 * 3 0 3
+1 * 3
+4 * 3 0 3
+7 * 3 3
+9 * 3 0 3
+4 * 3
+2 +3 3 3
+7 * 3
+3 * 3 0 3
cfn=(1761) std::__detail::_Compiler<std::__cxx11::regex_traits<char> >::_M_alternative()'2
calls=3 0xf67a +21 
* * 268466 102229 69451 569 7 3 222 6 0 11247 382 801 8
+5 +1 3
0xd88a * 3 3 0 2 0 0 1
+7 * 3
+5 * 3
+3 * 3 0 3
cfn=(1766)
calls=3 +43 572 
* * 69 24 18 0 0 0 0 0 0 3 2
+5 * 3
+2 * 3 0 0 0 0 0 0 0 0 3
+6 +16 3
+1 * 3 3
+4 * 3 3
+9 * 3 0 0 0 0 0 0 0 0 3 2
+7 * 3
+4 * 3 3
+1 * 3 3
+2 * 3 3
+1 * 3 3

fn=(1938)
0x20f44 600 384 0 384 3 0 0 1
+1 * 384
+3 * 384
+4 * 384 0 384
+4 * 384 0 384
+4 * 384 384
+9 * 384 0 384
+4 * 384
+2 +3 384 384
+4 * 384 0 384
+4 * 384 384
+4 * 384 0 384
+3 +22 384
+4 * 384
+3 * 384 0 384
cfn=(1940) std::__detail::_BracketMatcher<std::__cxx11::regex_traits<char>, false, false>::_M_apply(char) const::{lambda()#1}::operator()() const
calls=384 0x20b2c -22 
* * 175392 69684 44202 97 4 0 39 4 0 8592 57 768
+5 * 384 384 0 2 0 0 1
+4 * 384 384
+4 * 384
+2 * 384
+3 +1 384 384
+4 * 384 384
+9 * 384 0 0 0 0 0 0 0 0 384 4
+7 * 384 384
+1 * 384 384

fn=(2140) std::__detail::_Compiler<std::__cxx11::regex_traits<char> >::_M_quantifier()
0x1385a 178 10 0 10 2 0 0 1
+1 * 10
+3 * 10 0 10
+2 * 10 0 10
+1 * 10
+7 * 10 0 10
+7 * 10 10
+9 * 10 0 10
+4 * 10
+2 +3 10 10 0 2 0 0 1
+7 * 10 10
+2 * 10
+5 * 10
+2 * 10 0 10
cfi=(338)
cfn=(1486)
calls=10 0x9765 +11 
* * 80 40 30
+5 * 10
+2 * 10
+3 * 10 0 10
+6 +1 10 10
+7 * 10 0 10
+7 * 10
+7 * 10 0 10
+7 +6 10 10 0 2 0 0 1
+7 * 10
+5 * 10
+3 * 10 0 10
cfn=(1766)
calls=10 0xd8c4 572 
* * 230 80 60 0 0 0 0 0 0 10 7
+5 * 10
+2 * 10 0 0 0 0 0 0 0 0 10 6
0x1399d +10 10 10 0 2 0 0 1
+7 * 10
+5 * 10
+3 * 10 0 10
cfn=(1766)
calls=10 0xd8c4 572 
* * 1775 648 447 10 0 0 0 0 0 86 17 4
+5 * 10
+2 * 10 0 0 0 0 0 0 0 0 10 5
+6 +2 3
+7 * 3 0 0 3 0 0 1
+3 * 3 0 3
cfn=(2142)
calls=3 0x137ce -18 
* * 261 96 60 2 0 0 1 0 0 12 7
+5 +1 3
+4 * 3 3
+7 * 3
+3 * 3
+3 * 3 0 3
cfi=(337)
cfn=(1818)
calls=3 0xd934 -28 
* * 954 366 243 3 0 0 0 0 0 21 10
+5 +1 3 3
+7 * 3
+6 * 3
+3 * 3 0 3
cfi=(335)
cfn=(1646)
calls=3 0xd406 1440 
* * 75 30 24
+5 * 3
+3 * 3 3
+7 * 3 3 0 3 0 0 1
+4 * 3
+3 * 3
+2 * 3
+3 * 3
+7 * 3 0 3
cfi=(347)
cfn=(2144)
calls=3 0x178d2 +56 
* * 4309 1569 1258 20 1 2 5 0 0 162 29 10 2
+5 * 3
+3 * 3
+4 * 3
+3 * 3
+3 * 3 0 3
cfi=(347)
cfn=(1754)
calls=3 0xd70e 373 
* * 192 75 42 0 0 0 0 0 0 3 2
+5 +2 3 3
+7 * 3
+7 * 3
+4 * 3
+3 * 3
+3 * 3 0 3 3 0 0 1
cfi=(350)
cfn=(2146)
calls=3 0x11748 +82 
* * 237 96 75 6 0 0 3 0 0 6 4
+5 * 3
+5 +2 7 7
+7 * 7
+5 * 7
+3 * 7 0 7
cfn=(1766)
calls=7 0xd8c4 572 
* * 161 56 42 0 0 0 0 0 0 7
+5 * 7
+2 * 7 0 0 0 0 0 0 0 0 7 2
0x13b69 +12 7 7 0 3 0 0 1
+7 * 7
+5 * 7
+3 * 7 0 7
cfn=(1766)
calls=7 0xd8c4 572 
* * 161 56 42 0 0 0 0 0 0 7
+5 * 7
+2 * 7 0 0 3 0 0 1 0 0 7 1
0x1406d +65 7
+5 * 7
+2 +1 3 0 0 2 0 0 1
+5 +1 3 3
+4 * 3 3 0 2 0 0 1
+9 * 3 0 0 0 0 0 0 0 0 3 2
-13 * 7 7
+4 * 7 7
+9 * 7 0 0 0 0 0 0 0 0 7 2
+55 * 10
+7 * 10 10
+1 * 10 10
+2 * 10 10
+1 * 10 10

fn=(1480)
0xc38e 68 2 0 2
+1 * 2
+3 * 2 0 2
+1 * 2
+4 * 2 0 2
+4 * 2 0 2
+4 * 2 0 2
+4 * 2 0 2
+4 * 2 0 2
+4 * 2 2
+9 * 2 0 2
+4 * 2
+2 +3 2 2
+3 * 2
+2 * 2 0 2 2 0 0 1
cfi=(337)
cfn=(1482)
calls=2 0xd2d2 181 
* * 200 56 52 8 0 0 5 0 0 24 3
+5 * 2 2
+4 * 2 0 2
+2 +1 2 2
+4 * 2
+4 * 2 2
+4 * 2
+4 * 2
+3 * 2
+3 * 2 0 2
cob=(7)
cfi=(215)
cfn=(1492)
calls=2 0xccce0 +6 
* * 14 6 2 4 0 0 0 0 0 2 2
cob=(1)
cfi=(282)
cfn=(1028)
calls=1 0x14550 -33 
* * 770 244 128 0 11 5 0 1 0 97 7 3 1
* * 6 4 2 2 1 0 0 0 0 0 0 3 2
+5 * 2 2
+4 * 2 2
+2 * 2
+4 * 2 2
+4 * 2 2
+4 * 2
+3 * 2
+3 * 2
+3 * 2 0 2 2 0 0 1
cfi=(339)
cfn=(1494)
calls=2 0xd420 -16 
* * 2935 1014 639 104 30 3 46 2 0 273 35 14 12
+5 * 2
+4 * 2
+3 * 2 0 2
cob=(7)
cfi=(215)
cfn=(872)
calls=2 0xcd980 +19 
* * 12 6 0 0 0 0 0 0 0 2 1
cob=(1)
cfi=(282)
cfn=(1028)
calls=1 0x14550 -33 
* * 790 246 128 1 9 0 0 1 0 104 9 3 3
* * 6 4 2 1 1 0 1 0 0 0 0 3 2
+5 +1 2 2
+4 * 2 2
+4 * 2
+7 * 2 2
+4 * 2
+3 * 2
+3 * 2 0 2
cfi=(334)
cfn=(1524) std::shared_ptr<std::enable_if<!std::is_array<std::__detail::_NFA<std::__cxx11::regex_traits<char> > >::value, std::__detail::_NFA<std::__cxx11::regex_traits<char> > >::type> std::make_shared<std::__detail::_NFA<std::__cxx11::regex_traits<char> >, std::locale const&, std::regex_constants::syntax_option_type&>(std::locale const&, std::regex_constants::syntax_option_type&)
calls=2 0xd39d 1061 
* * 2565 834 624 104 11 10 54 2 0 180 41 26 14
+5 +2 2 2
+4 * 2
+6 * 2
+3 * 2 0 2 2 0 0 1
cfi=(286)
cfn=(1410)
calls=2 0xa12a 589 
* * 288 100 92 0 0 0 0 0 0 4 4
+5 * 2 2
+4 * 2
+6 * 2
+3 * 2 0 2
cfi=(350)
cfn=(1602) std::stack<std::__detail::_StateSeq<std::__cxx11::regex_traits<char> >, std::deque<std::__detail::_StateSeq<std::__cxx11::regex_traits<char> >, std::allocator<std::__detail::_StateSeq<std::__cxx11::regex_traits<char> > > > >::stack<std::deque<std::__detail::_StateSeq<std::__cxx11::regex_traits<char> >, std::allocator<std::__detail::_StateSeq<std::__cxx11::regex_traits<char> > > >, void>()
calls=2 0xd538 +95 
* * 1440 424 340 61 1 0 32 0 0 98 19 8
+5 -1 2 2
+4 * 2
+6 * 2
+3 * 2 0 2
cfi=(335)
cfn=(1646)
calls=2 0xd406 1440 
* * 50 20 16
+5 * 2
+4 * 2 2
+4 * 2 0 2
+7 +1 2 2
+4 * 2
+3 * 2 0 2
cob=(7)
cfi=(252)
cfn=(1656)
calls=2 0x147620 220 
* * 46 20 6 4 1 0 2 0 0 4 0 2 1
cob=(1)
cfi=(282)
cfn=(1028)
calls=1 0x14550 -36 
* * 949 273 128 1 10 0 0 4 0 123 7 3 3
* * 6 4 2 2 0 0 1 0 0 0 0 3 2
+5 * 2 2 0 2 0 0 1
+4 * 2 0 2
+7 +2 2 2
+4 * 2
+6 * 2
+3 * 2 0 2
cfi=(335)
cfn=(1646)
calls=2 0xd406 1440 
* * 50 20 16
+5 * 2
+3 * 2 0 2
cfi=(347)
cfn=(1658)
calls=2 0x99cc 208 
* * 14 8 4 2 0 0 1
+5 * 2
+3 * 2 2
+4 * 2
+6 * 2
+3 * 2 0 2
cfi=(335)
cfn=(1660)
calls=2 0xd56e 1436 
* * 64 24 18 4 0 0 2 0 0 2 2
+5 * 2
+3 * 2 0 0 2 0 0 1
+4 * 2
+3 * 2
+3 * 2
+3 * 2 0 2
cfi=(347)
cfn=(1662)
calls=2 0xd5c2 363 
* * 34 16 14
+5 +1 2 2
+4 * 2
+6 * 2
+3 * 2 0 2
cfi=(335)
cfn=(1646)
calls=2 0xd406 1440 
* * 50 20 16
+5 * 2
+3 * 2 0 2
cfi=(347)
cfn=(1664)
calls=2 0xd5f8 278 
* * 3436 1244 914 161 0 0 85 0 0 161 67 8
+5 * 2
+3 * 2
+4 * 2
+3 * 2
+3 * 2 0 2
cfi=(347)
cfn=(1754)
calls=2 0xd70e 373 
* * 128 50 28 4 0 0 2 0 0 2 1
+5 +1 2 2
+4 * 2 0 0 2 0 0 1
+3 * 2 0 2
cfn=(1758)
calls=2 0xd758 +12 
* * 309370 117203 80358 844 29 12 342 8 0 12926 761 864 23
+5 +1 2 2 0 2
+4 * 2
+5 * 2
+3 * 2 0 2
cfn=(1766)
calls=2 0xd8c4 572 
* * 890 330 246 0 0 0 0 0 0 34 2
+5 * 2
+3 * 2
+2 * 2 0 0 0 0 0 0 0 0 2 2
+32 +2 2 0 0 2 0 0 1
+4 * 2 2
+4 * 2
+3 * 2
+3 * 2 0 2
cfi=(337)
cfn=(1818)
calls=2 0xd934 +91 
* * 636 244 162 0 0 0 0 0 0 14 5
+5 * 2
+4 * 2
+4 * 2
+3 * 2
+3 * 2 0 2
cfi=(347)
cfn=(2156)
calls=2 0xd98c 381 
* * 132 54 28 0 0 0 0 0 0 2
+5 +1 2 2
+4 * 2
+6 * 2
+3 * 2 0 2
cfi=(350)
cfn=(1822)
calls=2 0xd9de 243 
* * 68 26 18
+5 * 2
+3 * 2
+3 * 2
+3 * 2 0 0 2 0 0 1
+3 * 2
+2 * 2 0 0 0 0 0 0 0 0 2 2
+36 +1 2 2
+4 * 2
+6 * 2
+3 * 2 0 2
cfi=(335)
cfn=(1646)
calls=2 0xd406 1440 
* * 50 20 16
+5 * 2
+3 * 2 0 2 2 0 0 1
cfi=(347)
cfn=(2158)
calls=2 0xd9f8 288 
* * 1420 538 396 0 0 0 0 0 0 50 8
+5 * 2
+3 * 2
+4 * 2
+3 * 2
+3 * 2 0 2
cfi=(347)
cfn=(1754)
calls=2 0xd70e 373 
* * 128 50 28 0 0 0 0 0 0 2 1
+5 +1 2 2
+4 * 2
+6 * 2
+3 * 2 0 2
cfi=(335)
cfn=(1646)
calls=2 0xd406 1440 
* * 50 20 16
+5 * 2
+3 * 2 0 2
cfi=(347)
cfn=(2190)
calls=2 0xdaee 239 
* * 4509 1633 1375 39 3 0 3 0 0 183 32 5 1
+5 * 2
+3 * 2
+4 * 2
+3 * 2
+3 * 2 0 2
cfi=(347)
cfn=(1754)
calls=2 0xd70e 373 
* * 128 50 28 0 0 0 0 0 0 2 1
+5 +1 2 2 0 2 0 0 1
+4 * 2
+6 * 2
+3 * 2 0 2
cfi=(335)
cfn=(1646)
calls=2 0xd406 1440 
* * 50 20 16
+5 * 2
+3 * 2 0 2
cfi=(362) /usr/include/c++/16.1.1/bits/regex_automaton.tcc
cfn=(2192) std::__detail::_NFA<std::__cxx11::regex_traits<char> >::_M_eliminate_dummy()
calls=2 0xdb8c +96 
* * 3842 1394 655 14 0 0 6 0 0 290 57
+5 +1 2
+1 * 2 2
+4 * 2 2
+9 * 2 0 0 0 0 0 0 0 0 2 2
0xc6d7 * 2 2 0 2 0 0 1
+4 * 2 2
+1 * 2 2

fn=(1764) std::__detail::_Compiler<std::__cxx11::regex_traits<char> >::_M_assertion()
0x12f34 147 16 0 16
+1 * 16
+3 * 16 0 16
+2 * 16 0 16
+1 * 16
+4 * 16 0 16 5 0 0 1
+4 * 16 16
+9 * 16 0 16
+4 * 16
+2 +3 16 16
+4 * 16
+5 * 16
+3 * 16 0 16
cfn=(1766)
calls=16 0xd8c4 572 
* * 1392 502 345 37 0 0 14 0 0 71 25 3 1
+5 * 16
+2 * 16 0 0 0 0 0 0 0 0 16 4
+2 +1 2 2
+4 * 2
+7 * 2 2
+4 * 2
+6 * 2
+3 * 2 0 2 2 0 0 1
cfi=(335)
cfn=(1646)
calls=2 0xd406 1440 
* * 50 20 16
+5 * 2
+3 * 2 0 2
cfi=(347)
cfn=(1778)
calls=2 0x15942 300 
* * 3261 1141 802 14 17 6 6 2 0 206 44 14 5
+5 * 2
+3 * 2 2
+4 * 2
+6 * 2
+3 * 2 0 2
cfi=(335)
cfn=(1660)
calls=2 0xd56e 1436 
* * 64 24 18 0 0 0 0 0 0 2 2
+5 * 2
+3 * 2
+4 * 2
+3 * 2
+3 * 2
+3 * 2 0 2
cfi=(347)
cfn=(1662)
calls=2 0xd5c2 363 
* * 34 16 14
+5 * 2
+4 * 2
+3 * 2
+3 * 2 0 2 2 0 0 1
cfi=(350)
cfn=(1796) std::stack<std::__detail::_StateSeq<std::__cxx11::regex_traits<char> >, std::deque<std::__detail::_StateSeq<std::__cxx11::regex_traits<char> >, std::allocator<std::__detail::_StateSeq<std::__cxx11::regex_traits<char> > > > >::push(std::__detail::_StateSeq<std::__cxx11::regex_traits<char> >&&)
calls=2 0xf95a 291 
* * 436 180 124 34 0 0 17 0 0 10 4
+5 * 2
+5 +1 14 14
+4 * 14
+5 * 14
+3 * 14 0 14
cfn=(1766)
calls=14 0xd8c4 572 
* * 1166 426 318 0 0 0 0 0 0 46 7
+5 * 14
+2 * 14 0 0 0 0 0 0 0 0 14 4
+2 +1 2 2
+4 * 2
+7 * 2 2
+4 * 2
+6 * 2
+3 * 2 0 2
cfi=(335)
cfn=(1646)
calls=2 0xd406 1440 
* * 50 20 16
+5 * 2
+3 * 2 0 2 2 0 0 1
cfi=(347)
cfn=(2188)
calls=2 0x159e0 304 
* * 812 304 226 6 0 0 2 0 0 26 12
+5 * 2
+3 * 2 2
+4 * 2
+6 * 2
+3 * 2 0 2
cfi=(335)
cfn=(1660)
calls=2 0xd56e 1436 
* * 64 24 18 0 0 0 0 0 0 2
+5 * 2
+3 * 2
+4 * 2
+3 * 2
+3 * 2
+3 * 2 0 2
cfi=(347)
cfn=(1662)
calls=2 0xd5c2 363 
* * 34 16 14
+5 * 2
+4 * 2
+3 * 2
+3 * 2 0 2
cfi=(350)
cfn=(1796)
calls=2 0xf95a 291 
* * 436 180 124 0 0 0 0 0 0 10
+5 * 2
+5 +1 12 12 0 2 0 0 1
+4 * 12
+5 * 12
+3 * 12 0 12
cfn=(1766)
calls=12 0xd8c4 572 
* * 276 96 72 0 0 0 0 0 0 12 2
+5 * 12
+2 * 12 0 0 0 0 0 0 0 0 12 4
0x130e5 +4 12 12 0 2 0 0 1
+4 * 12
+5 * 12
+3 * 12 0 12
cfn=(1766)
calls=12 0xd8c4 572 
* * 276 96 72 0 0 0 0 0 0 12 2
+5 * 12
+2 * 12 0 0 0 0 0 0 0 0 12
0x1320f +14 12
+5 * 12
+2 +1 4 0 0 2 0 0 1
+5 +1 4 4
+4 * 4 4
+9 * 4 0 0 0 0 0 0 0 0 4 1
-13 * 12 12
+4 * 12 12
+9 * 12 0 0 0 0 0 0 0 0 12
+7 * 16
+4 * 16 16
+1 * 16 16
+2 * 16 16
+1 * 16 16

fn=(1762) std::__detail::_Compiler<std::__cxx11::regex_traits<char> >::_M_term()
0x116f6 131 10 0 10 2 0 0 1
+1 * 10
+3 * 10
+4 * 10 0 10 2 0 0 1
+4 +3 10 10
+4 * 10
+3 * 10 0 10
cfn=(1764)
calls=10 0x12f34 +13 
* * 8261 2965 2135 105 17 6 46 2 0 413 96 17 6
+5 * 10
+2 * 10 0 0 0 0 0 0 0 0 10
+2 +1 4
+5 * 4
+2 +1 6 6
+4 * 6
+3 * 6 0 6
cfn=(1830)
calls=6 0x13238 303 
* * 290142 110153 75271 715 12 6 284 6 0 12194 633 842 16
+5 * 6
+2 * 6 0 0 0 0 0 0 0 0 6 1
+2 +2 4
+1 * 4 4
+4 * 4
+3 * 4 0 4
cfn=(2140)
calls=4 0x1385a +40 
* * 620 200 160 0 0 0 0 0 0 36 13
+5 * 4
+2 * 4 0 0 0 0 0 0 0 0 4 2
+2 +2 4
+5 * 4
+2 +2 2
+5 +1 2 2
+1 * 2 2
-1 * 8 8
+1 * 8 8

fn=(1763) std::__detail::_Compiler<std::__cxx11::regex_traits<char> >::_M_term()'2
0x116f6 131 6 0 6
+1 * 6
+3 * 6
+4 * 6 0 6
+4 +3 6 6
+4 * 6
+3 * 6 0 6
cfn=(1764)
calls=6 0x12f34 +13 
* * 810 258 198 3 0 0 0 0 0 54 15
+5 * 6
+2 * 6 0 0 0 0 0 0 0 0 6
+9 +2 6 6
+4 * 6
+3 * 6 0 6
cfn=(1831)
calls=6 0x13238 303 
* * 254377 97086 65652 486 6 1 197 6 0 10733 246 787 6
+5 * 6
+2 * 6 0 0 0 0 0 0 0 0 6 2
+2 +2 3
+1 * 3 3
+4 * 3
+3 * 3 0 3
cfn=(2140)
calls=3 0x1385a +40 
* * 7957 2911 2185 62 1 2 18 0 0 295 74 14 2
-7 * 3 3
+4 * 3
+3 * 3 0 3
cfn=(2140)
calls=3 0x1385a +40 
* * 465 150 120 6 0 0 2 0 0 27 7
+5 * 6
+2 * 6 0 0 0 0 0 0 0 0 6 4
+2 +2 3
+5 * 3
+2 +2 3
+5 +1 3 3
+1 * 3 3
-1 * 3 3
+1 * 3 3

fn=(1760)
0xf67a 115 2 0 2
+1 * 2
+3 * 2 0 2
+2 * 2 0 2 2 0 0 1
+1 * 2
+4 * 2 0 2
+4 * 2 2
+9 * 2 0 2
+4 * 2
+2 +3 2 2
+4 * 2
+3 * 2 0 2
cfn=(1762)
calls=2 0x116f6 +13 
* * 5037 1799 1263 97 17 6 43 2 0 281 72 17 6
+5 * 2
+2 * 2 0 0 0 0 0 0 0 0 2
+2 +2 2
+4 * 2 2
+4 * 2
+3 * 2
+3 * 2 0 2
cfi=(337)
cfn=(1818)
calls=2 0xd934 +53 
* * 636 244 162 14 0 0 7 0 0 14 6
+5 +1 2 2
+4 * 2 0 0 2 0 0 1
+3 * 2 0 2
cfn=(1761)
calls=2 -72 -6 
* * 302573 114740 78645 727 12 6 289 6 0 12601 683 847 17
+5 +1 2
+4 * 2 2
+4 * 2
+3 * 2
+3 * 2 0 2
cfi=(337)
cfn=(1818)
calls=2 0xd934 +51 
* * 636 244 162 0 0 0 0 0 0 14
+5 * 2
+4 * 2
+4 * 2
+3 * 2
+3 * 2 0 2
cfi=(347)
cfn=(2156)
calls=2 0xd98c 381 
* * 132 54 28 0 0 0 0 0 0 2
+5 +1 2 2
+4 * 2
+7 * 2
+4 * 2
+3 * 2
+3 * 2 0 2
cfi=(350)
cfn=(2146)
calls=2 0x11748 286 
* * 158 64 50 0 0 0 0 0 0 4
+5 +4 2
+96 * 2
+1 * 2 2
+4 * 2 2
+9 * 2 0 0 0 0 0 0 0 0 2
+7 * 2
+4 * 2 2
+1 * 2 2
+2 * 2 2
+1 * 2 2

fn=(1761)
0xf67a 115 14 0 14
+1 * 14
+3 * 14 0 14
+2 * 14 0 14
+1 * 14
+4 * 14 0 14
+4 * 14 14
+9 * 14 0 14
+4 * 14
+2 +3 14 14
+4 * 14
+3 * 14 0 14
cfn=(1763)
calls=6 0x116f6 +13 
* * 263747 100435 68185 557 7 3 217 6 0 11127 348 801 8
cfn=(1762)
calls=8 0x116f6 +13 
* * 294168 111559 76343 727 12 6 289 6 0 12382 673 842 16
+5 * 14
+2 * 14 0 0 0 0 0 0 0 0 14 2
+2 +2 9
+4 * 9 9
+4 * 9
+3 * 9
+3 * 9 0 9
cfi=(337)
cfn=(1818)
calls=9 0xd934 +53 
* * 2862 1098 729 0 0 0 0 0 0 63 4
+5 +1 9 9
+4 * 9
+3 * 9 0 9
cfn=(1761)
calls=9 -72 -6 
* * 219159 82797 57272 301 4 4 32 0 0 9045 457 555 6
+5 +1 9
+4 * 9 9
+4 * 9
+3 * 9
+3 * 9 0 9
cfi=(337)
cfn=(1818)
calls=9 0xd934 +51 
* * 2862 1098 729 0 0 0 0 0 0 63 12
+5 * 9
+4 * 9
+4 * 9
+3 * 9
+3 * 9 0 9
cfi=(347)
cfn=(2156)
calls=9 0xd98c 381 
* * 594 243 126 0 0 0 0 0 0 9 1
+5 +1 9 9
+4 * 9
+7 * 9
+4 * 9
+3 * 9
+3 * 9 0 9
cfi=(350)
cfn=(2146)
calls=9 0x11748 286 
* * 711 288 225 0 0 0 0 0 0 18 2
+5 +4 9
+2 -1 5 5 0 2 0 0 1
+4 * 5
+7 * 5 5
+4 * 5
+6 * 5
+3 * 5 0 5
cfi=(335)
cfn=(1646)
calls=5 0xd406 1440 
* * 125 50 40
+5 * 5
+3 * 5 0 5
cfi=(347)
cfn=(2154)
calls=5 +93 325 
* * 3973 1485 1175 8 0 0 3 0 0 128 16 5 1
+5 * 5
+3 * 5 5
+4 * 5
+6 * 5
+3 * 5 0 5 2 0 0 1
cfi=(335)
cfn=(1660)
calls=5 0xd56e 1436 
* * 160 60 45 0 0 0 0 0 0 5 1
+5 * 5
+3 * 5
+4 * 5
+3 * 5
+3 * 5
+3 * 5 0 5
cfi=(347)
cfn=(1662)
calls=5 0xd5c2 363 
* * 85 40 35
+5 * 5
+4 * 5
+3 * 5
+3 * 5 0 5
cfi=(350)
cfn=(1796)
calls=5 0xf95a 291 
* * 1090 450 310 0 0 0 0 0 0 25 2
+5 +1 14
+1 * 14 14
+4 * 14 14
+9 * 14 0 0 0 0 0 0 0 0 14 4
+7 * 14
+4 * 14 14
+1 * 14 14
+2 * 14 14
+1 * 14 14

fn=(1766)
0xd8c4 572 197 0 197 2 0 0 1
+1 * 197
+3 * 197
+4 * 197 0 197
+4 * 197 0 197
+3 +3 197 197
+4 * 197
+4 * 197
+3 * 197 0 197
cfi=(340)
cfn=(1768) std::__detail::_Scanner<char>::_M_get_token() const
calls=197 0xf988 225 
* * 1379 788 394 2 0 0 1
+5 * 197 197
+3 * 197
+3 * 197
+2 * 197 0 0 0 0 0 0 0 0 197 39
+2 +2 19 19
+4 * 19
+4 * 19
+3 * 19 0 19
cfi=(340)
cfn=(1770) std::__detail::_Scanner<char>::_M_get_value[abi:cxx11]() const
calls=19 0xf99c 229 
* * 133 57 38
+5 * 19
+3 * 19 19 0 2 0 0 1
+4 * 19
+6 * 19
+3 * 19
+3 * 19 0 19
cfi=(286)
cfn=(1772) std::__cxx11::basic_string<char, std::char_traits<char>, std::allocator<char> >::operator=(std::__cxx11::basic_string<char, std::char_traits<char>, std::allocator<char> > const&)
calls=19 0xf9b0 928 
* * 7095 2652 2007 37 0 0 9 0 0 281 36
+5 +1 19 19
+4 * 19
+4 * 19
+3 * 19 0 19
cfi=(339)
cfn=(1508)
calls=19 0xf22e 69 
* * 5235 2014 1101 55 1 0 18 0 0 384 139 25 9
+5 +1 19
+5 * 19
+2 +2 178
+5 +1 178 178
+1 * 178 178
-1 * 19 19
+1 * 19 19

fn=(1940)
0x20b2c 603 384 0 384 2 0 0 1
+1 * 384
+3 * 384 0 384
+2 * 384 0 384
+1 * 384
+7 * 384 0 384 3 0 0 1
+7 * 384 384
+9 * 384 0 384
+4 * 384
+2 +3 384 384
+7 * 384 384
+3 * 384
+4 * 384 384
+7 * 384 384
+4 * 384
+3 * 384
+2 * 384
+3 * 384 0 384
cfi=(337)
cfn=(1942)
calls=384 0x1fac2 332 
* * 2688 1152 1152 2 0 0 1
+5 * 384 0 384
+6 -1 384 384 0 3 0 0 1
+7 * 384 384
+3 * 384
+3 * 384 0 384
cfi=(348)
cfn=(1944) std::vector<char, std::allocator<char> >::end() const
calls=384 0x28470 1018 
* * 7680 3456 1920 4 0 0 2 0 0 384 3
+5 * 384
+3 * 384 384
+7 * 384 384
+3 * 384
+3 * 384 0 384
cfi=(348)
cfn=(1946) std::vector<char, std::allocator<char> >::begin() const
calls=384 0x28426 998 
* * 7296 3456 1920 2 0 0 1 0 0 384 3
+5 * 384
+3 * 384
+7 * 384
+3 * 384
+3 * 384
+3 * 384 0 384
cfi=(359)
cfn=(1948) bool std::binary_search<__gnu_cxx::__normal_iterator<char const*, std::vector<char, std::allocator<char> > >, char>(__gnu_cxx::__normal_iterator<char const*, std::vector<char, std::allocator<char> > >, __gnu_cxx::__normal_iterator<char const*, std::vector<char, std::allocator<char> > >, char const&)
calls=384 0x284bd 2198 
* * 27648 10368 8064 22 0 0 8 0 0 1536 12
+5 * 384
+2 * 384 0 0 0 0 0 0 0 0 384 2
+13 +3 384 384 0 3 0 0 1
+7 * 384 384
+3 * 384
+4 * 384 384
+7 * 384 384
+4 * 384
+3 * 384
+2 * 384
+3 * 384 0 384
cfi=(337)
cfn=(1952)
calls=384 0x28558 336 
* * 2688 1152 1152
+5 * 384 0 384
+6 +1 384 384
+7 * 384 384
+3 * 384 0 0 3 0 0 1
+4 * 384 0 384
+7 * 384 384
+7 * 384
+3 * 384 0 384
cfi=(348)
cfn=(1954) std::vector<std::pair<char, char>, std::allocator<std::pair<char, char> > >::begin() const
calls=384 0x2856a 998 
* * 7296 3456 1920 2 0 0 1 0 0 384 2
+5 * 384 0 384
+7 * 384 384
+7 * 384
+3 * 384 0 384
cfi=(348)
cfn=(1956) std::vector<std::pair<char, char>, std::allocator<std::pair<char, char> > >::end() const
calls=384 0x285b4 1018 
* * 7680 3456 1920 4 0 0 2 0 0 384 2
+5 * 384 0 384
+7 * 384
fi=(360)
+96 1104 384 0 0 2 0 0 1
+7 * 384 0 384
+4 +62 384 384
+4 +81 384 384
+3 * 384
+7 * 384 0 384
+4 -81 384 384
+4 +81 384 384
+3 * 384
+3 * 384 0 0 2 0 0 1
fe=(336)
+3 609 384
+2 * 384 0 0 0 0 0 0 0 0 384
+6 +3 384 384
+7 * 384 384
+3 * 384 384
+4 * 384 384
+7 * 384 384
+3 * 384 384
+7 * 384 384
+4 * 384 384
+3 * 384
+3 * 384
+2 * 384
+3 * 384 0 384
cfi=(358)
cfn=(1960)
calls=384 0x28634 393 
* * 25992 9570 5376 4 4 0 2 4 0 1506 15 768
+5 * 384
+2 * 384 0 0 0 0 0 0 0 0 384 2
+2 +1 30
+6 * 30
+5 +1 354 354 0 2 0 0 1
+7 * 354 354
+3 * 354
+4 * 354
+3 * 354 0 354
cfi=(348)
cfn=(1962) std::vector<std::__cxx11::basic_string<char, std::char_traits<char>, std::allocator<char> >, std::allocator<std::__cxx11::basic_string<char, std::char_traits<char>, std::allocator<char> > > >::empty() const
calls=354 0x286a6 1213 
* * 24426 10266 6726 12 0 0 5 0 0 1062 6
+5 * 354
+3 * 354
+2 * 354 0 0 0 0 0 0 0 0 354 2
0x20e1d +7 354 354 0 3 0 0 1
+7 * 354 354
+3 * 354
+4 * 354 0 354
+7 * 354 354
+7 * 354
+3 * 354 0 354 3 0 0 1
cfi=(348)
cfn=(1968) std::vector<std::__cxx11::regex_traits<char>::_RegexMask, std::allocator<std::__cxx11::regex_traits<char>::_RegexMask> >::begin() const
calls=354 0x289ea 998 
* * 6726 3186 1770 6 0 0 2 0 0 354 2
+5 * 354 0 354
+7 * 354 354
+7 * 354
+3 * 354 0 354
cfi=(348)
cfn=(1970) std::vector<std::__cxx11::regex_traits<char>::_RegexMask, std::allocator<std::__cxx11::regex_traits<char>::_RegexMask> >::end() const
calls=354 0x28a34 1018 
* * 7080 3186 1770 5 0 0 2 0 0 354
+5 * 354 0 354
+7 * 354
fi=(360)
+91 1104 354 0 0 2 0 0 1
+7 * 354 0 354 3 0 0 1
+4 +62 354 354
+4 +81 354 354
+3 * 354
+7 * 354 0 354
+4 -81 354 354
+4 +81 354 354
+3 * 354
+3 * 354
fe=(336)
+3 621 354
+2 * 354 0 0 0 0 0 0 0 0 354 2
+6 +3 354
+6 -21 354
+3 * 354 354
+4 * 354 354 0 3 0 0 1
+9 * 354 0 0 0 0 0 0 0 0 354 2
-16 * 30
+3 * 30 30
+4 * 30 30
+9 * 30 0 0 0 0 0 0 0 0 30 2
+55 * 384
+7 * 384 384
+1 * 384 384
+2 * 384 384
+1 * 384 384

fn=(1854)
0x16e72 397 3 0 3 1 0 0 1
+1 * 3
+3 * 3 0 3
+2 * 3 0 3
+1 * 3
+7 * 3 0 3 2 0 0 1
+7 * 3 3
+9 * 3 0 3
+4 * 3
+2 +3 3 3
+7 * 3
+6 * 3
+3 * 3 0 3
cfi=(286)
cfn=(1100)
calls=3 0xb28e 1187 
* * 204 78 57 0 0 0 0 0 0 6 4
+5 * 3
+4 * 3
+3 * 3
+3 * 3
+3 * 3
+3 * 3
+2 * 3 0 0 0 0 0 0 0 0 3 2
+36 +1 3 3 0 3 0 0 1
+7 * 3 3
+7 +1 3 3
+7 * 3 3
+7 * 3 3 0 3 0 0 1
+7 * 3
+6 * 3
+5 * 3
+3 * 3 0 3
cfi=(286)
cfn=(1462) std::__cxx11::basic_string<char, std::char_traits<char>, std::allocator<char> >::operator[](unsigned long)
calls=3 0xaa12 1389 
* * 291 108 78 4 0 0 0 0 0 9 5
+5 -1 3 3
+3 * 3
+3 * 3
+2 * 3
+5 * 3
+3 * 3 0 3
cfi=(356)
cfn=(1856)
calls=3 0x94ee 44 
* * 51 21 12 0 1 0 0 1
+5 * 3
+3 * 3
+7 * 3
+3 * 3
+2 * 3
+3 * 3 0 3 2 0 0 1
cfi=(337)
cfn=(1858)
calls=3 0x1ab20 +29 
* * 837 276 279 43 0 0 26
+5 +2 3 3
+7 * 3
+7 * 3
+7 * 3
+5 * 3
+3 * 3
+3 * 3 0 3
cfi=(337)
cfn=(1900)
calls=3 0x1ad8e +79 
* * 1404 501 336 61 1 0 25 1 0 96 24 9 3
+5 +1 3
+7 * 3
+3 * 3 0 3
cfi=(337)
cfn=(1916)
calls=3 0x1aea6 509 
* * 240327 92031 61809 173 4 0 71 4 0 10179 99 768
+5 +1 3 3
+7 * 3 0 0 2 0 0 1
+7 +1 3 3
+7 * 3
+6 -1 3
+3 * 3 0 3
cfi=(335)
cfn=(1646)
calls=3 0xd406 1440 
* * 75 30 24
+5 * 3
fi=(349)
+3 139 3
fe=(336)
+7 406 3
+7 * 3
+3 * 3
+3 * 3 0 3
cfi=(361)
cfn=(1988)
calls=3 0x1afdc +19 
* * 1891 692 540 74 0 1 31 0 0 73 10 6
+5 -1 3
+7 * 3
+3 * 3 0 0 2 0 0 1
+3 * 3 0 3
cfi=(347)
cfn=(2036)
calls=3 0x19e70 270 
* * 3336 1233 1002 52 0 0 19 0 0 84 27
+5 * 3
+3 * 3 3
+7 * 3
+6 * 3
+3 * 3 0 3
cfi=(335)
cfn=(1660)
calls=3 0xd56e 1436 
* * 96 36 27 0 0 0 0 0 0 3 2
+5 * 3
+3 * 3
+7 * 3
+3 * 3
+3 * 3
+3 * 3 0 3
cfi=(347)
cfn=(1662)
calls=3 0xd5c2 -42 
* * 51 24 21
+5 * 3
+7 * 3 0 0 2 0 0 1
+3 * 3
+3 * 3 0 3
cfi=(350)
cfn=(1796)
calls=3 0xf95a 291 
* * 654 270 186 7 0 0 0 0 0 15 5
+5 +1 3
+7 * 3
+3 * 3 0 3
cfi=(361)
cfn=(2060)
calls=3 0xf47e -82 
* * 63 21 15 0 0 0 0 0 0 3 1
+5 +1 3
+7 * 3
+3 * 3 0 3
cfi=(337)
cfn=(2068)
calls=3 0x16e26 +13 
* * 1218 456 354 38 0 0 11 0 0 15 8
+5 * 3 3
+4 * 3 3
+9 * 3 0 0 0 0 0 0 0 0 3 2
+78 * 3 0 0 2 0 0 1
+7 * 3 3
+1 * 3 3
+2 * 3 3
+1 * 3 3

fn=(2174)
0x1658a 385 1 0 1
+1 * 1
+3 * 1 0 1
+2 * 1 0 1
+2 * 1 0 1
+1 * 1
+4 * 1 0 1
+7 * 1 1
+9 * 1 0 1
+4 * 1
+2 +3 1 1
+7 * 1
+7 +1 1 1 0 1 0 0 1
+7 * 1
+6 -1 1
+3 * 1 0 1
cfi=(335)
cfn=(1646)
calls=1 0xd406 1440 
* * 25 10 8
+5 * 1
+3 +2 1 1
+7 * 1 1
+7 +1 1 1
+7 * 1
+6 * 1
+5 * 1
+3 * 1 0 1
cfi=(286)
cfn=(1462)
calls=1 0xaa12 1389 
* * 97 36 26 2 0 0 0 0 0 3 1
+5 -1 1 1
+3 * 1 0 0 1 0 0 1
+3 * 1
+4 * 1
+3 * 1
+2 * 1
+3 * 1 0 1
cfi=(337)
cfn=(2176)
calls=1 0x1a48c +16 
* * 35 12 13 2 0 0 2
+5 * 1
+4 * 1
+4 * 1
+3 * 1
+3 * 1 0 1
cfi=(361)
cfn=(2178)
calls=1 0x1a4d0 +35 
* * 105 35 37 6 0 0 6 0 0 2 1
+5 -2 1
+4 * 1
+3 * 1
+3 * 1 0 1
cfi=(347)
cfn=(2036)
calls=1 0x19e70 270 
* * 1112 411 334 0 0 0 0 0 0 28 15
+5 * 1
+3 * 1 1
+7 * 1 0 0 1 0 0 1
+6 * 1
+3 * 1 0 1
cfi=(335)
cfn=(1660)
calls=1 0xd56e 1436 
* * 32 12 9 0 0 0 0 0 0 1 1
+5 * 1
+3 * 1
+4 * 1
+3 * 1
+3 * 1
+3 * 1 0 1
cfi=(347)
cfn=(1662)
calls=1 0xd5c2 -25 
* * 17 8 7
+5 * 1
+4 * 1
+3 * 1
+3 * 1 0 1
cfi=(350)
cfn=(1796)
calls=1 0xf95a -97 
* * 218 90 62 0 0 0 0 0 0 5 3
+5 +2 1
+4 * 1
+3 * 1 0 1
cfi=(361)
cfn=(2060)
calls=1 0xf47e -66 
* * 21 7 5 0 0 0 0 0 0 1 1
+5 +2 1
+1 * 1 1 0 1 0 0 1
+4 * 1 1
+9 * 1 0 0 0 0 0 0 0 0 1 1
+55 * 1 0 0 1 0 0 1
+4 * 1 1
+1 * 1 1
+2 * 1 1
+2 * 1 1
+1 * 1 1

fn=(1832)
0x164c4 551 12 0 12 2 0 0 1
+1 * 12
+3 * 12 0 12
+1 * 12
+4 * 12 0 12
+4 +3 12 0 12
+4 +1 12 12
+4 * 12
+5 * 12
+3 * 12 0 12
cfn=(1766)
calls=12 0xd8c4 +17 
* * 276 96 72 0 0 0 0 0 0 12
+5 * 12
+2 * 12 0 0 0 0 0 0 0 0 12 2
+54 +5 12 12 0 2 0 0 1
+4 * 12
+5 * 12
+3 * 12 0 12
cfn=(1766)
calls=12 0xd8c4 +12 
* * 276 96 72 0 0 0 0 0 0 12
+5 * 12
+2 * 12 0 0 0 0 0 0 0 0 12 2
+54 +5 12 12 0 2 0 0 1
+4 * 12
+5 * 12
+3 * 12 0 12
cfn=(1766)
calls=12 0xd8c4 +7 
* * 834 299 211 3 0 0 0 0 0 40 9 1
+5 * 12
+2 * 12 0 0 0 0 0 0 0 0 12 2
+2 +1 1 0 1
+4 +1 1 1
+4 +1 1 1
+4 * 1 1
+1 * 1 1
-9 -1 11 11 0 2 0 0 1
+4 +1 11 11
+4 * 11 11
+1 * 11 11

fl=(373)
fn=(2932)
0x757a 42 2 0 2 1 0 0 1
+1 * 2
+3 * 2 0 0 1 0 0 1
+4 * 2 0 2
+4 * 2 0 2
+4 +1 2 2
+4 * 2 2
+3 * 2 2
+4 * 2 2
+3 * 2
+3 * 2
+2 * 2
+3 * 2 0 2
cob=(7)
cfi=(307)
cfn=(1176)
calls=2 0xb6f90 -12 
* * 620 122 72 0 17 2 0 0 2 96 3 4
* * 2 2 0 0 0 0 0 0 0 0 0 2
+5 * 2
+3 * 2 2
+4 * 2 0 2 0 0 1
+3 +1 2 2
+4 * 2 2
+3 * 2 2
+4 * 2 2
+3 * 2
+3 * 2 0 0 1 0 0 1
+2 * 2
+3 * 2 0 2
cob=(7)
cfi=(307)
cfn=(1176)
calls=2 0xb6f90 -13 
* * 620 122 72 0 0 2 0 0 2 96 1 4
* * 2 2 0 0 0 0 0 0 0 0 0 2
+5 * 2
+3 * 2 2
+4 * 2 0 2
+4 +1 2 2
+4 * 2 2
+3 * 2 2
+4 * 2 2
+3 * 2
+3 * 2
+2 * 2
+3 * 2 0 2
cob=(7)
cfi=(307)
cfn=(1176)
calls=2 0xb6f90 -14 
* * 620 122 72 0 0 2 0 0 2 96 0 4
* * 2 2 0 0 0 0 0 0 0 0 0 2
+5 * 2
+3 * 2 2
+4 * 2 0 2
+4 +1 2 2
+4 * 2 2 0 1 0 0 1
+3 * 2 2
+4 * 2 0 2
+3 +1 2 2
+4 * 2 2
+3 * 2 2
+4 * 2 0 2
+3 +1 2 2
+4 * 2 2
+3 * 2 2
+4 * 2 0 2
+3 +2 2 0 2
+7 * 2
+5 +1 1352 0 1352
+7 * 1352
+5 +1 1031576 1031576
+3 * 1031576 1031576 0 1 0 0 1
+3 * 1031576 1031576
+4 * 1031576
+2 * 1031576
+3 * 1031576 0 1031576
cfn=(2934)
calls=1031576 0x7aae 156 
* * 17536792 8252608 4126304 2 0 0 2
+5 * 1031576 0 1031576
+4 * 1031576 1031576
+3 * 1031576 1031576
+3 * 1031576 1031576
+4 * 1031576
+2 * 1031576
+3 * 1031576 0 1031576
cfn=(2936)
calls=1031576 0x7adc 161 
* * 17536792 8252608 4126304 1
+5 * 1031576 0 1031576
+4 * 1031576 1031576
+3 * 1031576 1031576
+3 * 1031576 1031576
+4 * 1031576
+2 * 1031576
+3 * 1031576 0 1031576 1 0 0 1
cfn=(2938)
calls=1031576 0x7b0c 166 
* * 17536792 8252608 4126304
+5 * 1031576 0 1031576
+4 +1 1031576 1031576
+3 * 1031576 1031576
+3 * 1031576 1031576
+4 * 1031576
+2 * 1031576
+3 * 1031576 0 1031576
cfn=(2940) Matrix::r(unsigned int, unsigned int) const
calls=1031576 0x7a18 +88 
* * 18568368 9284184 4126304 2 1031576 0 2
+5 * 1031576 0 1031576
+3 * 1031576 1031576
+3 * 1031576 1031576
+3 * 1031576 1031576
+4 * 1031576
+2 * 1031576
+3 * 1031576 0 1031576
cfn=(2942) Matrix::g(unsigned int, unsigned int) const
calls=1031576 0x7a4a +93 
* * 18568368 9284184 4126304 0 1031575
+5 * 1031576 0 1031576
+3 * 1031576 1031576
+3 * 1031576 1031576
+3 * 1031576 1031576
+4 * 1031576
+2 * 1031576
+3 * 1031576 0 1031576
cfn=(2944) Matrix::b(unsigned int, unsigned int) const
calls=1031576 0x7a7c +98 
* * 18568368 9284184 4126304 0 1031575
+5 * 1031576 0 1031576
+3 +2 1031576 1031576
+4 * 1031576 1031576
+4 * 1031576 0 1031576 0 0 1031574 0 0 16117
+2 +1 1031576 1031576
+4 * 1031576 1031576
+4 * 1031576 0 1031576 0 0 1031574 0 0 16117
+2 +1 1031576 1031576
+4 * 1031576 1031576
+4 * 1031576 0 1031576 0 0 1031574 0 0 16117
+2 -6 1031576 0 1031576
+4 * 1031576 1031576
+4 * 1031576 1031576
+3 * 1031576 1031576
+3 * 1031576
+2 * 1031576 0 0 0 0 0 0 0 0 1031576 1363
-12 * 1352 1352 0 1 0 0 1
+4 * 1352 1352
+3 * 1352 1352
+3 * 1352
+2 * 1352 0 0 0 0 0 0 0 0 1352 4
+6 -1 1352 0 1352
+4 * 1352 1352
+4 * 1352 1352
+3 * 1352 1352
+3 * 1352
+2 * 1352 0 0 0 0 0 0 0 0 1352 4
-12 * 2 2 0 1 0 0 1
+4 * 2 2
+3 * 2 2
+3 * 2
+2 * 2 0 0 0 0 0 0 0 0 2 2
+6 +10 2
+1 * 2
+1 * 2 2
+1 * 2 2

fn=(2936)
0x7adc 161 28236914 0 28236914
+1 * 28236914
+3 * 28236914 0 28236914
+4 * 28236914 0 28236914
+3 * 28236914 0 28236914
+3 +1 28236914 28236914
+4 * 28236914 28236914
+4 * 28236914 28236914
+4 * 28236914 28236914
+3 * 28236914 28236914
+4 * 28236914
+2 * 28236914 28236914 0 1
+3 * 28236914
+2 * 28236914
+2 * 28236914
+3 +1 28236914 28236914
+1 * 28236914 28236914

fn=(2934)
0x7aae 156 28236914 0 28236914 1 0 0 1
+1 * 28236914
+3 * 28236914 0 28236914
+4 * 28236914 0 28236914
+3 * 28236914 0 28236914
+3 +1 28236914 28236914
+4 * 28236914 28236914 0 1 0 0 1
+3 * 28236914 28236914
+4 * 28236914 28236914
+3 * 28236914 28236914
+4 * 28236914
+2 * 28236914 28236914
+3 * 28236914
+2 * 28236914
+2 * 28236914
+3 +1 28236914 28236914
+1 * 28236914 28236914

fn=(2950)
0x79ac 111 7737948 0 7737948 1 0 0 1
+1 * 7737948
+3 * 7737948 0 7737948
+4 +1 7737948 7737948
+4 * 7737948 7737948
+3 +1 7737948 7737948
+1 * 7737948 7737948

fn=(2952)
0x79be 116 6012595 0 6012595
+1 * 6012595 0 0 1 0 0 1
+3 * 6012595 0 6012595
+4 +1 6012595 6012595
+4 * 6012595 6012595
+3 +1 6012595 6012595
+1 * 6012595 6012595

fn=(2944)
0x7a7c 151 1031576 0 1031576
+1 * 1031576
+3 * 1031576 0 1031576
+4 * 1031576 0 1031576
+3 * 1031576 0 1031576
+3 +1 1031576 1031576
+4 * 1031576 1031576
+4 * 1031576 1031576
+4 * 1031576 1031576
+3 * 1031576 1031576
+4 * 1031576
+2 * 1031576 1031576
+3 * 1031576
+2 * 1031576
+2 * 1031576
+3 * 1031576 1031576 0 0 1031575
+3 +1 1031576 1031576
+1 * 1031576 1031576

fn=(2948)
0x74f8 32 1 0 1 1 0 0 1
+1 * 1
+3 * 1
+4 * 1 0 1 1 0 0 1
+4 * 1 0 1
+3 +1 1 1
+3 * 1
+3 * 1
+2 * 1
+3 * 1 0 1
cob=(7)
cfi=(307)
cfn=(1176)
calls=1 0xb6f90 -2 
* * 303 61 39 13 12 8 0 0 8 43 2 2
* * 1 1 0 0 1 0 0 0 0 0 0 1
+5 * 1
+3 * 1 1
+4 * 1 0 1 0 0 1 0 0 1
+3 +1 1 1
+3 * 1
+3 * 1
+2 * 1
+3 * 1 0 1
cob=(7)
cfi=(307)
cfn=(1176)
calls=1 0xb6f90 -3 
* * 305 61 40 0 0 1 0 0 1 44 3 2
* * 1 1 0 0 0 0 0 0 0 0 0 1
+5 * 1
+3 * 1 1
+4 * 1 0 1
+4 +1 1 1
+3 * 1
+3 * 1
+2 * 1
+3 * 1 0 1
cob=(7)
cfi=(307)
cfn=(1176)
calls=1 0xb6f90 -4 
* * 305 61 40 0 0 1 0 0 1 44 2 2
* * 1 1 0 0 0 0 0 0 0 0 0 1
+5 * 1
+3 * 1 1
+4 * 1 0 1
+4 +1 1 1
+4 * 1 1
+3 * 1 0 1
+3 +1 1 1
+4 * 1 1
+3 * 1 0 1
+3 +1 1 1
+4 * 1 0 1
+7 +2 1
+1 * 1 1
+1 * 1 1

fn=(2942)
0x7a4a 146 1031576 0 1031576
+1 * 1031576
+3 * 1031576 0 1031576
+4 * 1031576 0 1031576
+3 * 1031576 0 1031576
+3 +1 1031576 1031576
+4 * 1031576 1031576
+4 * 1031576 1031576
+4 * 1031576 1031576
+3 * 1031576 1031576
+4 * 1031576
+2 * 1031576 1031576
+3 * 1031576
+2 * 1031576
+2 * 1031576
+3 * 1031576 1031576 0 0 1031575
+3 +1 1031576 1031576
+1 * 1031576 1031576

fn=(2928) Matrix::Matrix(unsigned char*, unsigned char*, unsigned char*, unsigned int, unsigned int, unsigned int)
0x745c 10 1 0 1 1
+1 * 1
+3 * 1 0 1
+4 * 1 0 1
+4 * 1 0 1
+4 * 1 0 1
+4 * 1 0 1
+4 * 1 0 1
+4 +1 1 1
+4 * 1 1
+4 * 1 0 1 1 0 1 1
+3 +1 1 1
+4 * 1 1
+4 * 1 0 1
+4 +1 1 1
+4 * 1 1
+4 * 1 0 1
+4 +1 1 1
+4 * 1 1
+3 * 1 0 1
+3 +1 1 1
+4 * 1 1
+3 * 1 0 1
+3 +1 1 1
+4 * 1 1
+3 * 1 0 1
+3 +2 1
+1 * 1 1
+1 * 1 1

fn=(2940)
0x7a18 141 1031576 0 1031576 1 0 0 1
+1 * 1031576
+3 * 1031576 0 1031576
+4 * 1031576 0 1031576
+3 * 1031576 0 1031576
+3 +1 1031576 1031576
+4 * 1031576 1031576
+3 * 1031576 1031576
+4 * 1031576 1031576
+3 * 1031576 1031576
+4 * 1031576
+2 * 1031576 1031576
+3 * 1031576
+2 * 1031576 0 0 1 0 0 1
+2 * 1031576
+3 * 1031576 1031576 0 0 1031576
+3 +1 1031576 1031576
+1 * 1031576 1031576

fn=(2938)
0x7b0c 166 28236913 0 28236913
+1 * 28236913
+3 * 28236913 0 28236913
+4 * 28236913 0 28236913
+3 * 28236913 0 28236913
+3 +1 28236913 28236913
+4 * 28236913 28236913
+4 * 28236913 28236913
+4 * 28236913 28236913
+3 * 28236913 28236913
+4 * 28236913
+2 * 28236913 28236913
+3 * 28236913
+2 * 28236913
+2 * 28236913
+3 +1 28236913 28236913
+1 * 28236913 28236913

fl=(288)
fn=(1080) std::char_traits<char>::assign(char&, char const&)
0x6a12 348 67 0 67 2
+1 * 67
+3 * 67 0 67
+4 * 67 0 67
+4 +7 67 67
+4 * 67 67
+3 * 67 67
+4 * 67 0 67 0 0 2 0 0 2
+2 +1 67
+1 * 67 67
+1 * 67 67

fn=(1198)
0x924b 463 2 0 2 1 0 0 1
+1 * 2
+3 +1 2
+5 * 2 2
+1 * 2 2

fn=(1070) std::char_traits<char>::copy(char*, char const*, unsigned long)
0x6a49 424 7 0 7 2
+1 * 7
+3 * 7
+4 * 7 0 7
+4 * 7 0 7
+4 * 7 0 7
+4 +2 7 7
+5 * 7 0 0 0 0 0 0 0 0 7 6
+8 +6 7 7
+4 * 7 7
+4 * 7
+3 * 7
+3 * 7 7
+4 * 7
+3 * 7 0 0 3 0 0 1
+3 * 7 0 7
cob=(2)
cfi=(290)
cfn=(1076)
calls=7 0x171fc0 255 
* * 110 21 14 6 0 0 2 0 0 32 7
cob=(1)
cfi=(282)
cfn=(1028)
calls=1 0x14550 39 
* * 917 313 151 5 16 4 0 1 0 127 13 2 2
* * 11 9 2 3 2 0 1 0 0 0 0 8 3
+5 * 7
+1 +1 7 7
+1 * 7 7

fn=(1054)
0x6a2e 390 5 0 5 1 0 0 1
+1 * 5
+3 * 5
+4 * 5 0 5
+4 +6 5 5
+4 * 5 0 0 1 0 0 1
+3 * 5 0 5
cob=(2)
cfi=(240)
cfn=(814)
calls=5 0x174d40 52 
* * 70 10 0 2 3 0 0 2 0 10
cob=(1)
cfi=(282)
cfn=(1028)
calls=1 0x14550 39 
* * 840 280 140 2 13 1 0 0 0 115 10 3 3
* * 9 7 2 4 3 0 1 0 0 0 0 6 2
+5 * 5
+1 +1 5 5
+1 * 5 5

fn=(1446) std::char_traits<char>::compare(char const*, char const*, unsigned long)
0x919b 371 1 0 1 1 0 0 1
+1 * 1
+3 * 1
+4 * 1 0 1
+4 * 1 0 1
+4 * 1 0 1
+4 +2 1 1
+5 * 1 0 0 0 0 0 0 0 0 1 1
+9 +13 1 1 0 1 0 0 1
+4 * 1 1
+4 * 1 1
+4 * 1
+3 * 1
+3 * 1 0 1
cob=(2)
cfi=(241)
cfn=(816)
calls=1 0x171860 73 
* * 19 3 0 2 0 0 0 0 0 4 1
cob=(1)
cfi=(282)
cfn=(1028)
calls=1 0x14550 39 
* * 840 280 140 3 38 0 0 0 0 115 8 3 3
* * 5 3 2 0 0 0 0 0 0 0 0 2 1
+5 * 1
+1 +1 1 1
+1 * 1 1

fl=(360)
fn=(2646) __gnu_cxx::__normal_iterator<std::__cxx11::sub_match<__gnu_cxx::__normal_iterator<char const*, std::__cxx11::basic_string<char, std::char_traits<char>, std::allocator<char> > > >*, std::vector<std::__cxx11::sub_match<__gnu_cxx::__normal_iterator<char const*, std::__cxx11::basic_string<char, std::char_traits<char>, std::allocator<char> > > >, std::allocator<std::__cxx11::sub_match<__gnu_cxx::__normal_iterator<char const*, std::__cxx11::basic_string<char, std::char_traits<char>, std::allocator<char> > > > > > > std::__niter_wrap<__gnu_cxx::__normal_iterator<std::__cxx11::sub_match<__gnu_cxx::__normal_iterator<char const*, std::__cxx11::basic_string<char, std::char_traits<char>, std::allocator<char> > > >*, std::vector<std::__cxx11::sub_match<__gnu_cxx::__normal_iterator<char const*, std::__cxx11::basic_string<char, std::char_traits<char>, std::allocator<char> > > >, std::allocator<std::__cxx11::sub_match<__gnu_cxx::__normal_iterator<char const*, std::__cxx11::basic_string<char, std::char_traits<char>, std::allocator<char> > > > > > >, std::__cxx11::sub_match<__gnu_cxx::__normal_iterator<char const*, std::__cxx11::basic_string<char, std::char_traits<char>, std::allocator<char> > > >*>(__gnu_cxx::__normal_iterator<std::__cxx11::sub_match<__gnu_cxx::__normal_iterator<char const*, std::__cxx11::basic_string<char, std::char_traits<char>, std::allocator<char> > > >*, std::vector<std::__cxx11::sub_match<__gnu_cxx::__normal_iterator<char const*, std::__cxx11::basic_string<char, std::char_traits<char>, std::allocator<char> > > >, std::allocator<std::__cxx11::sub_match<__gnu_cxx::__normal_iterator<char const*, std::__cxx11::basic_string<char, std::char_traits<char>, std::allocator<char> > > > > > >, std::__cxx11::sub_match<__gnu_cxx::__normal_iterator<char const*, std::__cxx11::basic_string<char, std::char_traits<char>, std::allocator<char> > > >*)
0x24c4e 3086 2 0 2
+1 * 2
+3 * 2
+4 * 2 0 2
+4 * 2 0 2
+4 * 2 2
+9 * 2 0 2
+4 * 2
+2 * 2 2
+4 * 2 0 2
+4 -62 2 2
+4 * 2 2
+4 * 2 0 2 2 0 0 1
+4 1166 2
+4 3015 2 2
+3 +72 2
+3 * 2
+4 * 2
+10 * 2
+4 * 2 0 2
+4 1148 2 2
+4 * 2 2
+4 * 2
+3 * 2
+3 * 2
+3 * 2
+4 * 2
+3 * 2 0 2
+4 -89 2 2 0 2 0 0 1
+4 * 2 0 2
+4 * 2
+1 +89 2 2
+4 3087 2 2
+4 * 2 2
+9 * 2 0 0 0 0 0 0 0 0 2 2
+7 * 2 2
+1 * 2 2

fl=(275)
fn=(996)
0x6540 0 1 0 0 1 0 0 1
+4 0 1
+2 0 1
+3 0 1 1
+1 0 1
+3 0 1
+4 0 1 0 1
+1 0 1 0 1
+1 0 1
+3 0 1
+2 0 1
+7 0 1 1 1 0 1 0 0 0 0 0 0 1 1
cob=(2)
cfi=(276)
cfn=(998)
calls=1 0x277f0 242 
* 0 11492755197 1912993927 7676417396 3493 6446083 5753958 1636 231 151728 7028540238 2614124 36095745 271

fn=(1004)
0x65a0 0 1 0 0 1 0 0 1
+7 0 1
+7 0 1
+3 0 1
+3 0 1
+4 0 1
+4 0 1
+3 0 1 0 0 1 0 0 1
+3 0 1 0 0 0 0 0 0 0 0 1 1
+22 0 1 1
+88 0 1 0 0 1 0 0 1
+4 0 1

fl=(345)
fn=(2570)
0x2abb2 74 11 0 11 2 0 0 1
+1 * 11
+3 * 11 0 11
+4 +1 11 11
+4 * 11 11
+1 * 11 11

fn=(1556) __gnu_cxx::__aligned_buffer<std::__detail::_NFA<std::__cxx11::regex_traits<char> > >::_M_addr()
0x1f076 107 6 0 6 3 0 0 1
+1 * 6
+3 * 6 0 6
+4 +2 6 6 0 3 0 0 1
+4 +1 6 6
+1 * 6 6

fn=(1554)
0x199c4 119 6 0 6 2
+1 * 6
+3 * 6
+4 * 6 0 6
+4 +1 6 6
+4 * 6
+3 * 6 0 6
cfn=(1556)
calls=6 0x1f076 -13 
* * 36 18 12 6 0 0 2
+5 * 6 6
+1 * 6 6

fn=(2038)
0x115ac 70 60 0 60 2
+1 * 60
+3 * 60 0 60
+4 +1 60 60
+4 * 60 60
+1 * 60 60

fl=(348)
fn=(1576) std::_Vector_base<std::__detail::_State<char>, std::allocator<std::__detail::_State<char> > >::_Vector_impl::_Vector_impl()
0x2cafe 143 2 0 2 2 0 0 1
+1 * 2 0 0 1 0 0 1
+3 * 2
+4 * 2 0 2
+4 * 2 2
+4 * 2 0 2
+4 * 2 2
+4 * 2 0 2
fi=(293)
+4 -55 2
fi=(292)
+1 +80 2
fe=(348)
+1 -20 2 2
+4 * 2
+3 * 2 0 2
cfn=(1578) std::_Vector_base<std::__detail::_State<char>, std::allocator<std::__detail::_State<char> > >::_Vector_impl_data::_Vector_impl_data()
calls=2 0x2fda0 -43 
* * 24 10 10 3 0 0 2
+5 +1 2
+1 * 2 2
+1 * 2 2

fn=(1670)
0x12be2 2192 4 0 4
+1 * 4
+3 * 4 0 4
+1 * 4
+4 * 4 0 4
+4 * 4 0 4
+4 * 4 0 4
+4 * 4 4
+9 * 4 0 4 2 0 0 1
+4 * 4
+2 +2 4 4
+4 * 4
+3 * 4 0 4
cfn=(1672) std::vector<unsigned long, std::allocator<unsigned long> >::max_size() const
calls=4 0x15584 1118 
* * 240 88 72 4 0 0 2 0 0 8 7
+5 * 4
+3 * 4 4
+4 * 4
+3 * 4 0 4
cfn=(1678)
calls=4 0x12ce2 1107 
* * 60 32 12 4 0 0 2
+5 * 4
+3 * 4
+3 * 4 4
+4 * 4
+3 * 4
+3 * 4
+2 * 4 0 0 0 0 0 0 0 0 4 4
+34 +3 4 4 0 2 0 0 1
+4 * 4
+3 * 4 0 4
cfn=(1678)
calls=4 0x12ce2 1107 
* * 60 32 12
+5 * 4
+3 * 4 4
+4 * 4
+3 * 4 0 4
cfn=(1678)
calls=4 0x12ce2 1107 
* * 60 32 12
+5 * 4 0 4
+4 * 4
+4 * 4
+4 * 4
+3 * 4 0 0 2 0 0 1
+3 * 4 0 4
cfi=(294)
cfn=(1618)
calls=4 0x12a26 256 
* * 54 28 12 0 0 0 0 0 0 4 2
+5 * 4 4
+3 * 4
+3 * 4 0 4
+4 +1 4 4
+4 * 4
+3 * 4 0 4
cfn=(1678)
calls=4 +74 1107 
* * 60 32 12
+5 * 4 4
+4 * 4 0 0 0 0 0 0 0 0 4
+2 * 4 4
+4 * 4
+3 * 4 0 4
cfn=(1672)
calls=4 0x15584 1118 
* * 240 88 72 0 0 0 0 0 0 8 7
+5 * 4 4
+4 * 4 0 0 0 0 0 0 0 0 4 3
+16 * 4 4
+4 +1 4 4
+4 * 4 4
+9 * 4 0 0 0 0 0 0 0 0 4 3
+7 * 4 4
+4 * 4 4
+1 * 4 4

fn=(1696)
0x12d96 1870 4 0 4
+1 * 4
+3 * 4
+4 * 4 0 4
+4 +2 4 4
+4 * 4 4
+3 * 4
+3 * 4 0 0 0 0 0 0 0 0 4 3
+2 +1 2 2
+4 * 2 2
+4 * 2 2
+4 * 2 2
+4 * 2 2
+4 * 2 2
+3 * 2
+3 * 2
+3 * 2 0 2
cfn=(1848) std::_Vector_base<unsigned long, std::allocator<unsigned long> >::_M_deallocate(unsigned long*, unsigned long)
calls=2 0xb43e 394 
* * 154 50 34 2 0 0 1 0 0 14 2 6 2
+5 +1 4
+1 * 4 4
+1 * 4 4

fn=(1746) std::vector<std::__detail::_State<char>, std::allocator<std::__detail::_State<char> > >::end() const
0x1f212 1018 28 0 28 2 0 0 1
+1 * 28
+3 * 28
+4 * 28 0 28
+4 * 28 28
+9 * 28 0 28
+4 * 28
+2 +1 28 28
+4 * 28
+4 * 28 0 28
fi=(360)
+4 +40 28 28
+4 * 28 28
+3 * 28 0 28 2 0 0 1
+4 * 28
fe=(348)
+1 -40 28 28
+4 * 28 28
+4 * 28 28
+9 * 28 0 0 0 0 0 0 0 0 28 9
+7 * 28 28
+1 * 28 28

fn=(1868)
0x1aa4c 551 3 0 3 2 0 0 1
+1 * 3
+3 * 3
+4 * 3 0 3
+4 * 3 3
+4 * 3
+3 * 3 0 3
cfn=(1870) std::_Vector_base<std::__cxx11::basic_string<char, std::char_traits<char>, std::allocator<char> >, std::allocator<std::__cxx11::basic_string<char, std::char_traits<char>, std::allocator<char> > > >::_Vector_base()
calls=3 -47 321 
* * 114 39 39 4 0 0 3
+5 * 3
+1 * 3 3
+1 * 3 3

fn=(1878) std::_Vector_base<std::pair<char, char>, std::allocator<std::pair<char, char> > >::_Vector_base()
0x1aa8c 321 3 0 3
+1 * 3
+3 * 3
+4 * 3 0 3
+4 * 3 3
+4 * 3
+3 * 3 0 3
cfn=(1880) std::_Vector_base<std::pair<char, char>, std::allocator<std::pair<char, char> > >::_Vector_impl::_Vector_impl()
calls=3 0x20018 143 
* * 84 30 30 3 0 0 3
+5 * 3
+1 * 3 3
+1 * 3 3

fn=(1962)
0x286a6 1213 354 0 354
+1 * 354
+3 * 354
+4 * 354 0 354
+4 * 354 354
+9 * 354 0 354
+4 * 354 0 0 3 0 0 1
+2 +1 354 354
+4 * 354
+3 * 354 0 354
cfn=(1964) std::vector<std::__cxx11::basic_string<char, std::char_traits<char>, std::allocator<char> >, std::allocator<std::__cxx11::basic_string<char, std::char_traits<char>, std::allocator<char> > > >::end() const
calls=354 0x28964 1018 
* * 7080 3186 1770 5 0 0 2 0 0 354 2
+5 * 354 0 354
+4 * 354 354
+4 * 354
+3 * 354 0 354
cfn=(1966) std::vector<std::__cxx11::basic_string<char, std::char_traits<char>, std::allocator<char> >, std::allocator<std::__cxx11::basic_string<char, std::char_traits<char>, std::allocator<char> > > >::begin() const
calls=354 0x2891a 998 
* * 6726 3186 1770 2 0 0 1 0 0 354 2
+5 * 354 0 354
+4 * 354
+4 * 354 0 354
fi=(360)
+4 -48 354 354
+4 +63 354 354
+3 * 354
+4 * 354 0 354
+4 -63 354 354
+4 +63 354 354
+3 * 354 0 0 2 0 0 1
+3 * 354
fe=(348)
+3 -15 354 354
+4 * 354 354
+9 * 354 0 0 0 0 0 0 0 0 354 2
+7 * 354 354
+1 * 354 354

fn=(1964)
0x28964 1018 354 0 354 2 0 0 1
+1 * 354
+3 * 354
+4 * 354 0 354
+4 * 354 354
+9 * 354 0 354
+4 * 354
+2 +1 354 354 0 3 0 0 1
+4 * 354
+4 * 354 0 354
fi=(360)
+4 +40 354 354
+4 * 354 354
+3 * 354 0 354
+4 * 354
fe=(348)
+1 -40 354 354
+4 * 354 354
+4 * 354 354
+9 * 354 0 0 0 0 0 0 0 0 354 2
+7 * 354 354
+1 * 354 354

fn=(1968)
0x289ea 998 354 0 354 3 0 0 1
+1 * 354
+3 * 354
+4 * 354 0 354
+4 * 354 354
+9 * 354 0 354 3 0 0 1
+4 * 354
+2 +1 354 354
+4 * 354 0 354
fi=(360)
+4 +60 354 354
+4 * 354 354
+3 * 354 0 354
+4 * 354
fe=(348)
+1 -60 354 354
+4 * 354 354
+4 * 354 354
+9 * 354 0 0 0 0 0 0 0 0 354 2
+7 * 354 354
+1 * 354 354

fn=(2004) std::_Vector_base<char, std::allocator<char> >::_Vector_impl::_Vector_impl(std::_Vector_base<char, std::allocator<char> >::_Vector_impl&&)
0x2e0ca 160 3 0 3 2 0 0 1
+1 * 3
+3 * 3
+4 * 3 0 3
+4 * 3 0 3
+4 * 3 3
+4 * 3 0 3
fi=(349)
+4 -21 3 3
+4 * 3 3
+4 * 3 0 3
+4 * 3 0 3
+4 * 3 3
+4 * 3 0 3
+4 * 3 3
+4 * 3 0 3 2 0 0 1
fi=(293)
+4 -47 3
fi=(292)
+1 +81 3
fe=(348)
+1 -12 3 3
+4 * 3 3
+4 * 3 0 3
fi=(349)
+4 -22 3 3
fe=(348)
+4 +22 3
+3 * 3
+3 * 3 0 3
cfn=(2006) std::_Vector_base<char, std::allocator<char> >::_Vector_impl_data::_Vector_impl_data(std::_Vector_base<char, std::allocator<char> >::_Vector_impl_data&&)
calls=3 0x30ece -50 
* * 87 54 27 6 0 0 2
+5 +1 3
+1 * 3 3
+1 * 3 3

fn=(2072) std::_Vector_base<std::__cxx11::regex_traits<char>::_RegexMask, std::allocator<std::__cxx11::regex_traits<char>::_RegexMask> >::_M_get_Tp_allocator()
0x20168 307 6 0 6 2
+1 * 6
+3 * 6 0 6
+4 +1 6 6
+4 * 6 6
+1 * 6 6

fn=(2082) std::_Vector_base<std::__cxx11::regex_traits<char>::_RegexMask, std::allocator<std::__cxx11::regex_traits<char>::_RegexMask> >::_Vector_impl::~_Vector_impl()
0x1aac4 139 6 0 6 2
+1 * 6
+3 * 6
+4 * 6 0 6
+4 * 6 6
+4 * 6 0 6
fi=(292)
+4 +50 6 6
+4 * 6
+3 * 6 0 6
cfi=(293)
cfn=(2084)
calls=6 0x27d38 -85 
* * 36 12 12 2
+5 * 6
fe=(348)
+1 -50 6
+1 * 6 6
+1 * 6 6

fn=(2100) std::_Vector_base<std::pair<char, char>, std::allocator<std::pair<char, char> > >::_Vector_impl::~_Vector_impl()
0x1aa68 139 6 0 6 2
+1 * 6
+3 * 6
+4 * 6 0 6
+4 * 6 6
+4 * 6 0 6
fi=(292)
+4 +50 6 6
+4 * 6 0 0 2
+3 * 6 0 6
cfi=(293)
cfn=(2102)
calls=6 0x27cb0 -85 
* * 36 12 12
+5 * 6
fe=(348)
+1 -50 6
+1 * 6 6
+1 * 6 6

fn=(2106)
0x1ac22 790 6 0 6 5 0 0 1
+1 * 6
+3 * 6
+4 * 6 0 6
+4 +3 6 6
+4 * 6
+3 * 6 0 6
cfn=(2108) std::_Vector_base<std::__cxx11::basic_string<char, std::char_traits<char>, std::allocator<char> >, std::allocator<std::__cxx11::basic_string<char, std::char_traits<char>, std::allocator<char> > > >::_M_get_Tp_allocator()
calls=6 0x2014c 307 
* * 36 18 12
+5 -1 6 6
+4 * 6 6
+4 * 6 6
+4 * 6 6
+3 * 6 0 6
+4 * 6 0 6
+4 * 6 0 6
fi=(318)
+4 1085 6 6
+4 * 6 6
+4 * 6
+3 * 6
+3 * 6 0 6
cfi=(346)
cfn=(2110)
calls=6 0x27dbb 219 
* * 78 24 18 0 0 0 0 0 0 6
+5 +1 6
fe=(348)
+1 795 6 6
+4 * 6
+3 * 6 0 6
cfn=(2114) std::_Vector_base<std::__cxx11::basic_string<char, std::char_traits<char>, std::allocator<char> >, std::allocator<std::__cxx11::basic_string<char, std::char_traits<char>, std::allocator<char> > > >::~_Vector_base()
calls=6 0x1ffc0 373 
* * 336 126 90 17 0 0 2 0 0 6 3
+5 * 6
+1 * 6 6
+1 * 6 6

fn=(2108)
0x2014c 307 6 0 6
+1 * 6
+3 * 6 0 6
+4 +1 6 6
+4 * 6 6
+1 * 6 6

fn=(2116) std::_Vector_base<std::__cxx11::basic_string<char, std::char_traits<char>, std::allocator<char> >, std::allocator<std::__cxx11::basic_string<char, std::char_traits<char>, std::allocator<char> > > >::_M_deallocate(std::__cxx11::basic_string<char, std::char_traits<char>, std::allocator<char> >*, unsigned long)
0x27c34 394 6 0 6 4
+1 * 6
+3 * 6
+4 * 6 0 6
+4 * 6 0 6 5 0 0 1
+4 * 6 0 6
+4 +3 6 6
+5 * 6 0 0 0 0 0 0 0 0 6 3
+50 +2 6
+1 * 6 6
+1 * 6 6

fn=(2170)
0xfb5c 1447 5 0 5
+1 * 5
+3 * 5
+4 * 5 0 5
+4 +2 5 5
+4 * 5
+3 * 5 0 5
cfn=(2162) std::vector<unsigned long, std::allocator<unsigned long> >::empty() const
calls=5 0x11956 1213 
* * 345 145 95 0 0 0 0 0 0 15 2
+5 * 5
+3 * 5
+3 * 5
+3 * 5
+2 * 5 0 0 3 0 0 1 0 0 5
+36 +1 5 5
+4 * 5 5
+4 * 5
+4 * 5 5
+4 * 5 0 5
+4 +1 5 5
+4 * 5 5
+4 * 5 5 0 3 0 0 1
+4 * 5 0 5
+4 * 5 0 5
+4 * 5 5
+4 * 5 0 5
+4 * 5 5
+4 * 5 0 5
fi=(293)
+4 210 5
fi=(318)
+1 740 5
fe=(348)
+1 1453 5
+1 * 5 5
+1 * 5 5

fn=(2308)
0xff40 865 2 0 2 2 0 0 1
+1 * 2
+3 * 2
+4 * 2 0 2
+4 * 2 0 2
+4 * 2 0 2
+4 +1 2 2
+4 * 2 2
+4 * 2 2
+4 * 2
+3 * 2
+3 * 2 0 2
cfi=(352)
cfn=(2310)
calls=2 0x11b8a 274 
* * 2668 819 668 109 1 0 37 0 0 203 56 4
+5 * 2
+1 * 2 2
+1 * 2 2

fn=(2314)
0x145ba 1198 6 0 6
+1 * 6
+3 * 6 0 6 2 0 0 1
+4 +2 6 6
+4 * 6 6
+4 +1 6 6
+4 * 6 6
+3 * 6
+3 -1 6
+4 * 6
+10 * 6
+4 * 6 0 6
+4 +2 6 6
+5 +2 6 6
+4 +1 6 6
+1 * 6 6

fn=(2320) std::vector<std::__cxx11::sub_match<__gnu_cxx::__normal_iterator<char const*, std::__cxx11::basic_string<char, std::char_traits<char>, std::allocator<char> > > >, std::allocator<std::__cxx11::sub_match<__gnu_cxx::__normal_iterator<char const*, std::__cxx11::basic_string<char, std::char_traits<char>, std::allocator<char> > > > > >::_S_check_init_len(unsigned long, std::allocator<std::__cxx11::sub_match<__gnu_cxx::__normal_iterator<char const*, std::__cxx11::basic_string<char, std::char_traits<char>, std::allocator<char> > > > > const&)
0x183f8 2203 2 0 2
+1 * 2
+3 * 2 0 2
+1 * 2 0 0 2 0 0 1
+4 * 2 0 2
+4 * 2 0 2
+4 * 2 2
+9 * 2 0 2
+4 * 2
+2 * 2 2
+4 * 2 0 2
+4 * 2
+4 * 2 0 2
+4 * 2 2
+4 * 2 0 2
fi=(293)
+4 92 2
fi=(292)
+1 +81 2
fe=(348)
+1 2205 2
+4 * 2
+3 * 2 0 2
cfn=(2322) std::vector<std::__cxx11::sub_match<__gnu_cxx::__normal_iterator<char const*, std::__cxx11::basic_string<char, std::char_traits<char>, std::allocator<char> > > >, std::allocator<std::__cxx11::sub_match<__gnu_cxx::__normal_iterator<char const*, std::__cxx11::basic_string<char, std::char_traits<char>, std::allocator<char> > > > > >::_S_max_size(std::allocator<std::__cxx11::sub_match<__gnu_cxx::__normal_iterator<char const*, std::__cxx11::basic_string<char, std::char_traits<char>, std::allocator<char> > > > > const&)
calls=2 0x1cde2 +7 
* * 86 32 24 6 0 0 3 0 0 4 2
+5 * 2 2 0 2 0 0 1
+4 * 2
fi=(292)
+3 189 2
+4 * 2
+3 * 2 0 2
cfi=(293)
cfn=(2278)
calls=2 0xc7d8 -85 
* * 12 4 4
+5 * 2
fe=(348)
+1 2205 2
+2 * 2 0 0 0 0 0 0 0 0 2 1
+37 +3 2 2
+4 +1 2 2 0 2 0 0 1
+4 * 2 2
+9 * 2 0 0 0 0 0 0 0 0 2 2
+7 * 2 2
+4 * 2 2
+1 * 2 2

fn=(2326) std::_Vector_base<std::__cxx11::sub_match<__gnu_cxx::__normal_iterator<char const*, std::__cxx11::basic_string<char, std::char_traits<char>, std::allocator<char> > > >, std::allocator<std::__cxx11::sub_match<__gnu_cxx::__normal_iterator<char const*, std::__cxx11::basic_string<char, std::char_traits<char>, std::allocator<char> > > > > >::_Vector_base(unsigned long, std::allocator<std::__cxx11::sub_match<__gnu_cxx::__normal_iterator<char const*, std::__cxx11::basic_string<char, std::char_traits<char>, std::allocator<char> > > > > const&)
0x18498 339 2 0 2
+1 * 2
+3 * 2 0 2
+1 * 2
+4 * 2 0 2
+4 * 2 0 2
+4 * 2 0 2
+4 +1 2 2
+4 * 2 2
+4 * 2
+3 * 2
+3 * 2 0 2
cfn=(2272) std::_Vector_base<std::__cxx11::sub_match<__gnu_cxx::__normal_iterator<char const*, std::__cxx11::basic_string<char, std::char_traits<char>, std::allocator<char> > > >, std::allocator<std::__cxx11::sub_match<__gnu_cxx::__normal_iterator<char const*, std::__cxx11::basic_string<char, std::char_traits<char>, std::allocator<char> > > > > >::_Vector_impl::_Vector_impl(std::allocator<std::__cxx11::sub_match<__gnu_cxx::__normal_iterator<char const*, std::__cxx11::basic_string<char, std::char_traits<char>, std::allocator<char> > > > > const&)
calls=2 0xfe92 152 
* * 66 24 26
+5 +1 2 2 0 2 0 0 1
+4 * 2 2
+4 * 2
+3 * 2
+3 * 2 0 2
cfn=(2328) std::_Vector_base<std::__cxx11::sub_match<__gnu_cxx::__normal_iterator<char const*, std::__cxx11::basic_string<char, std::char_traits<char>, std::allocator<char> > > >, std::allocator<std::__cxx11::sub_match<__gnu_cxx::__normal_iterator<char const*, std::__cxx11::basic_string<char, std::char_traits<char>, std::allocator<char> > > > > >::_M_create_storage(unsigned long)
calls=2 0x1ce60 +64 
* * 925 187 135 47 1 0 6 0 0 159 33 4
+5 * 2
+28 * 2 2
+4 * 2 2
+1 * 2 2

fn=(2382)
0xff6e 317 2 0 2
+1 * 2
+3 * 2
+4 * 2 0 2
+4 * 2 0 2
+4 +1 2 2 0 2 0 0 1
+4 * 2
+3 * 2 0 2
cfn=(2384) std::_Vector_base<std::__cxx11::sub_match<__gnu_cxx::__normal_iterator<char const*, std::__cxx11::basic_string<char, std::char_traits<char>, std::allocator<char> > > >, std::allocator<std::__cxx11::sub_match<__gnu_cxx::__normal_iterator<char const*, std::__cxx11::basic_string<char, std::char_traits<char>, std::allocator<char> > > > > >::_M_get_Tp_allocator() const
calls=2 0x11e48 -6 
* * 12 6 4
+5 * 2 2
+4 * 2 0 2
+4 * 2 0 2
+4 * 2 2
+4 * 2 0 2
+4 * 2 2
+4 * 2 0 2
fi=(293)
+4 92 2
fi=(292)
+1 +81 2
fe=(348)
+1 318 2
+1 * 2 2
+4 * 2 2
+1 * 2 2

fn=(2414) std::vector<std::pair<__gnu_cxx::__normal_iterator<char const*, std::__cxx11::basic_string<char, std::char_traits<char>, std::allocator<char> > >, int>, std::allocator<std::pair<__gnu_cxx::__normal_iterator<char const*, std::__cxx11::basic_string<char, std::char_traits<char>, std::allocator<char> > >, int> > >::_M_default_initialize(unsigned long)
0x12070 1998 2 0 2 2 0 0 1
+1 * 2
+3 * 2
+4 * 2 0 2
+4 * 2 0 2
+4 +4 2 2 0 2 0 0 1
+4 * 2
+3 * 2 0 2
cfn=(2416) std::_Vector_base<std::pair<__gnu_cxx::__normal_iterator<char const*, std::__cxx11::basic_string<char, std::char_traits<char>, std::allocator<char> > >, int>, std::allocator<std::pair<__gnu_cxx::__normal_iterator<char const*, std::__cxx11::basic_string<char, std::char_traits<char>, std::allocator<char> > >, int> > >::_M_get_Tp_allocator()
calls=2 +41 307 
* * 12 6 4
+5 * 2
+3 -1 2 2
+4 * 2 2
+3 * 2 2
+4 * 2
+3 * 2
+3 * 2 0 2
cfi=(353)
cfn=(2418)
calls=2 0x14916 1051 
* * 1670 536 560 16 0 0 8 0 0 62 24
+5 -1 2 2
+4 * 2 0 2
+4 +3 2
+1 * 2 2
+1 * 2 2

fn=(2416)
0x120b0 307 4 0 4 2
+1 * 4
+3 * 4 0 4
+4 +1 4 4
+4 * 4 4
+1 * 4 4

fn=(2486) std::_Vector_base<std::__detail::_ExecutorFrame<__gnu_cxx::__normal_iterator<char const*, std::__cxx11::basic_string<char, std::char_traits<char>, std::allocator<char> > >, true>, std::allocator<std::__detail::_ExecutorFrame<__gnu_cxx::__normal_iterator<char const*, std::__cxx11::basic_string<char, std::char_traits<char>, std::allocator<char> > >, true> > >::_M_get_Tp_allocator() const
0x2fac2 312 20 0 20 2 0 0 1
+1 * 20
+3 * 20 0 20
+4 +1 20 20
+4 * 20 20
+1 * 20 20

fn=(2658)
0x10278 790 2 0 2 2 0 0 1
+1 * 2
+3 * 2
+4 * 2 0 2 2 0 0 1
+4 +3 2 2
+4 * 2
+3 * 2 0 2
cfn=(2660) std::_Vector_base<std::pair<long, std::vector<std::__cxx11::sub_match<__gnu_cxx::__normal_iterator<char const*, std::__cxx11::basic_string<char, std::char_traits<char>, std::allocator<char> > > >, std::allocator<std::__cxx11::sub_match<__gnu_cxx::__normal_iterator<char const*, std::__cxx11::basic_string<char, std::char_traits<char>, std::allocator<char> > > > > > >, std::allocator<std::pair<long, std::vector<std::__cxx11::sub_match<__gnu_cxx::__normal_iterator<char const*, std::__cxx11::basic_string<char, std::char_traits<char>, std::allocator<char> > > >, std::allocator<std::__cxx11::sub_match<__gnu_cxx::__normal_iterator<char const*, std::__cxx11::basic_string<char, std::char_traits<char>, std::allocator<char> > > > > > > > >::_M_get_Tp_allocator()
calls=2 0x12146 307 
* * 12 6 4
+5 -1 2 2
+4 * 2 2
+4 * 2 2
+4 * 2 2
+3 * 2 0 2
+4 * 2 0 2
+4 * 2 0 2
fi=(318)
+4 1085 2 2
+4 * 2 2
+4 * 2
+3 * 2
+3 * 2 0 2
cfi=(346)
cfn=(2662)
calls=2 0x1494e 219 
* * 26 8 6 2 0 0 1 0 0 2
+5 +1 2
fe=(348)
+1 795 2 2
+4 * 2
+3 * 2 0 2
cfn=(2666) std::_Vector_base<std::pair<long, std::vector<std::__cxx11::sub_match<__gnu_cxx::__normal_iterator<char const*, std::__cxx11::basic_string<char, std::char_traits<char>, std::allocator<char> > > >, std::allocator<std::__cxx11::sub_match<__gnu_cxx::__normal_iterator<char const*, std::__cxx11::basic_string<char, std::char_traits<char>, std::allocator<char> > > > > > >, std::allocator<std::pair<long, std::vector<std::__cxx11::sub_match<__gnu_cxx::__normal_iterator<char const*, std::__cxx11::basic_string<char, std::char_traits<char>, std::allocator<char> > > >, std::allocator<std::__cxx11::sub_match<__gnu_cxx::__normal_iterator<char const*, std::__cxx11::basic_string<char, std::char_traits<char>, std::allocator<char> > > > > > > > >::~_Vector_base()
calls=2 0x10220 373 
* * 112 42 30 4 0 0 1 0 0 2 2
+5 * 2
+1 * 2 2
+1 * 2 2

fn=(2684) std::_Vector_base<std::pair<__gnu_cxx::__normal_iterator<char const*, std::__cxx11::basic_string<char, std::char_traits<char>, std::allocator<char> > >, int>, std::allocator<std::pair<__gnu_cxx::__normal_iterator<char const*, std::__cxx11::basic_string<char, std::char_traits<char>, std::allocator<char> > >, int> > >::_M_deallocate(std::pair<__gnu_cxx::__normal_iterator<char const*, std::__cxx11::basic_string<char, std::char_traits<char>, std::allocator<char> > >, int>*, unsigned long)
0x148c8 394 2 0 2
+1 * 2
+3 * 2
+4 * 2 0 2
+4 * 2 0 2
+4 * 2 0 2
+4 +3 2 2
+5 * 2 0 0 0 0 0 0 0 0 2
+2 +1 2 2
+4 * 2 0 2
+4 * 2 2
+4 * 2 0 2
+4 * 2 2
+4 * 2 0 2
fi=(318)
+4 689 2 2
+4 * 2 2
+4 * 2 2
+4 * 2
+3 * 2
+3 * 2 0 2
cfi=(293)
cfn=(2686)
calls=2 0x1cf70 167 
* * 108 32 18 0 0 0 0 0 0 12 0 6
+5 * 2
fe=(348)
+1 399 2
+1 * 2 2
+1 * 2 2

fn=(1690)
0xb48c 307 6 0 6 3 0 0 1
+1 * 6
+3 * 6 0 6
+4 +1 6 6
+4 * 6 6
+1 * 6 6

fn=(1708)
0x1163a 1423 28 0 28 1 0 0 1
+1 * 28
+3 * 28 0 0 2 0 0 1
+4 * 28 0 28
+4 * 28 0 28
+4 * 28 28
+4 * 28 0 28
fi=(349)
+4 139 28 28
fe=(348)
+4 1424 28 28
+4 * 28
+3 * 28
+3 * 28 0 28
cfi=(352)
cfn=(1710)
calls=28 0x12e1e 115 
* * 23433 8643 6773 133 25 10 44 2 0 1026 197 53 10
+5 * 28
+1 * 28 28
+1 * 28 28

fn=(1742)
0x1588a 1358 28 0 28
+1 * 28
+3 * 28
+4 * 28 0 28
+4 * 28 28
+9 * 28 0 28
+4 * 28
+2 +2 28 28
+4 * 28
+3 * 28 0 28
cfn=(1744) std::vector<std::__detail::_State<char>, std::allocator<std::__detail::_State<char> > >::empty() const
calls=28 0x19d50 1213 
* * 1932 812 532 8 0 0 4 0 0 84 24
+5 * 28
+3 * 28
+3 * 28
+3 * 28
+2 * 28 0 0 0 0 0 0 0 0 28 6
+36 +1 28 28 0 2 0 0 1
+4 * 28
+3 * 28 0 28
cfn=(1750) std::vector<std::__detail::_State<char>, std::allocator<std::__detail::_State<char> > >::end()
calls=28 0xfc2a 1008 
* * 560 252 140 2 0 0 1 0 0 28 4
+5 * 28 0 28
+4 * 28 0 28
fi=(360)
+8 1160 28 28
+4 * 28 28
+4 * 28 0 0 2 0 0 1
+3 * 28
+3 * 28
+3 * 28
+4 * 28
+3 * 28
+3 * 28 0 28
+4 1059 28 28
+4 * 28 0 28
+4 * 28
+1 1160 28 28
fe=(348)
+4 1361 28 0 28
fi=(360)
+4 1090 28 28
fe=(348)
+4 1362 28 28
+4 * 28 28
+9 * 28 0 0 0 0 0 0 0 0 28 4
+7 * 28 28 0 2 0 0 1
+1 * 28 28

fn=(1756)
0xf60a 1251 67 0 67
+1 * 67
+3 * 67
+4 * 67 0 67
+4 * 67 0 67
+4 +2 67 67
+4 * 67
+3 * 67 0 67
cfn=(1722)
calls=67 0x10004 1107 
* * 1072 536 201
+5 * 67 67
+4 * 67
+3 * 67
+3 * 67
+3 * 67
+3 * 67
+2 * 67 0 0 0 0 0 0 0 0 67 19
+36 +1 67 67 0 2 0 0 1
+4 * 67 67
+3 * 67 67
+4 * 67
+3 * 67
+3 * 67
+3 * 67
+4 * 67
+3 +1 67 67
+1 * 67 67

fn=(1864) std::_Vector_base<char, std::allocator<char> >::_Vector_impl::_Vector_impl()
0x1ff14 143 3 0 3 3 0 0 1
+1 * 3
+3 * 3
+4 * 3 0 3
+4 * 3 3
+4 * 3 0 3
+4 * 3 3
+4 * 3 0 3
fi=(293)
+4 -55 3
fi=(292)
+1 +80 3
fe=(348)
+1 -20 3 3
+4 * 3
+3 * 3 0 3
cfn=(1866) std::_Vector_base<char, std::allocator<char> >::_Vector_impl_data::_Vector_impl_data()
calls=3 0x27b7e -43 
* * 36 15 15 4 0 0 2
+5 +1 3
+1 * 3 3
+1 * 3 3 0 1 0 0 1

fn=(1882) std::_Vector_base<std::pair<char, char>, std::allocator<std::pair<char, char> > >::_Vector_impl_data::_Vector_impl_data()
0x27c82 105 3 0 3 1 0 0 1
+1 * 3
+3 * 3 0 3
+4 +1 3 3
+4 * 3 0 3
+7 * 3 3
+4 * 3 0 3
+8 * 3 3
+4 * 3 0 3
+8 +1 3
+1 * 3 3
+1 * 3 3

fn=(1886) std::_Vector_base<std::__cxx11::regex_traits<char>::_RegexMask, std::allocator<std::__cxx11::regex_traits<char>::_RegexMask> >::_Vector_base()
0x1aae8 321 3 0 3
+1 * 3
+3 * 3
+4 * 3 0 3
+4 * 3 3
+4 * 3
+3 * 3 0 3
cfn=(1888) std::_Vector_base<std::__cxx11::regex_traits<char>::_RegexMask, std::allocator<std::__cxx11::regex_traits<char>::_RegexMask> >::_Vector_impl::_Vector_impl()
calls=3 0x2009c 143 
* * 84 30 30 4 0 0 3
+5 * 3
+1 * 3 3
+1 * 3 3

fn=(1944)
0x28470 1018 384 0 384 2 0 0 1
+1 * 384
+3 * 384
+4 * 384 0 384
+4 * 384 384 0 2 0 0 1
+9 * 384 0 384
+4 * 384
+2 +1 384 384
+4 * 384
+4 * 384 0 384
fi=(360)
+4 +40 384 384
+4 * 384 384
+3 * 384 0 384
+4 * 384
fe=(348)
+1 -40 384 384
+4 * 384 384
+4 * 384 384
+9 * 384 0 0 0 0 0 0 0 0 384 3
+7 * 384 384
+1 * 384 384

fn=(1946)
0x28426 998 384 0 384 2 0 0 1
+1 * 384
+3 * 384
+4 * 384 0 384
+4 * 384 384
+9 * 384 0 384
+4 * 384
+2 +1 384 384
+4 * 384 0 384
fi=(360)
+4 +60 384 384
+4 * 384 384
+3 * 384 0 384
+4 * 384
fe=(348)
+1 -60 384 384
+4 * 384 384
+4 * 384 384
+9 * 384 0 0 0 0 0 0 0 0 384 3
+7 * 384 384
+1 * 384 384

fn=(2000)
0x28ace 640 3 0 3 2 0 0 1
+1 * 3
+3 * 3
+4 * 3 0 3
+4 * 3 0 3
+4 * 3 3
+4 * 3 3
+4 * 3
+3 * 3
+3 * 3 0 3
cfn=(2002) std::_Vector_base<char, std::allocator<char> >::_Vector_base(std::_Vector_base<char, std::allocator<char> >&&)
calls=3 -68 344 
* * 207 96 69 10 0 0 4
+5 * 3
+1 * 3 3
+1 * 3 3

fn=(2014) std::_Vector_base<std::__cxx11::basic_string<char, std::char_traits<char>, std::allocator<char> >, std::allocator<std::__cxx11::basic_string<char, std::char_traits<char>, std::allocator<char> > > >::_Vector_impl_data::_Vector_impl_data(std::_Vector_base<std::__cxx11::basic_string<char, std::char_traits<char>, std::allocator<char> >, std::allocator<std::__cxx11::basic_string<char, std::char_traits<char>, std::allocator<char> > > >::_Vector_impl_data&&)
0x30f36 111 3 0 3
+1 * 3
+3 * 3 0 3
+4 * 3 0 3 3 0 0 1
+4 +1 3 3
+4 * 3 3
+3 * 3 3
+4 * 3 0 3
+3 * 3 3
+4 * 3 3
+4 * 3 3
+4 * 3 0 3
+4 +1 3 3
+4 * 3 3
+4 * 3 3
+4 * 3 0 3
+4 +1 3 3
+4 * 3 0 3
+8 * 3 3
+4 * 3 3 0 2 0 0 1
+4 * 3 3
+4 * 3 0 3
+4 * 3 3
+4 * 3 3
+4 * 3 3
+4 * 3 0 3
+3 * 3
+1 * 3 3
+1 * 3 3

fn=(2020) std::_Vector_base<std::pair<char, char>, std::allocator<std::pair<char, char> > >::_Vector_impl::_Vector_impl(std::_Vector_base<std::pair<char, char>, std::allocator<std::pair<char, char> > >::_Vector_impl&&)
0x2e17a 160 3 0 3
+1 * 3
+3 * 3 0 0 2 0 0 1
+4 * 3 0 3
+4 * 3 0 3
+4 * 3 3
+4 * 3 0 3
fi=(349)
+4 -21 3 3
+4 * 3 3
+4 * 3 0 3
+4 * 3 0 3
+4 * 3 3
+4 * 3 0 3
+4 * 3 3
+4 * 3 0 3
fi=(293)
+4 -47 3
fi=(292)
+1 +81 3
fe=(348)
+1 -12 3 3
+4 * 3 3
+4 * 3 0 3
fi=(349)
+4 -22 3 3 0 2 0 0 1
fe=(348)
+4 +22 3
+3 * 3
+3 * 3 0 3
cfn=(2022) std::_Vector_base<std::pair<char, char>, std::allocator<std::pair<char, char> > >::_Vector_impl_data::_Vector_impl_data(std::_Vector_base<std::pair<char, char>, std::allocator<std::pair<char, char> > >::_Vector_impl_data&&)
calls=3 0x30f9e -50 
* * 87 54 27 4 0 1 2
+5 +1 3
+1 * 3 3
+1 * 3 3

fn=(2078) std::_Vector_base<std::__cxx11::regex_traits<char>::_RegexMask, std::allocator<std::__cxx11::regex_traits<char>::_RegexMask> >::~_Vector_base()
0x200ca 373 6 0 6 2
+1 * 6
+3 * 6
+4 * 6 0 6
+4 +2 6 6
+4 * 6 6
+4 * 6 6
+4 * 6 6
+3 * 6
+3 * 6
+3 * 6
+4 * 6 0 6
+4 +1 6 6
+5 +2 6 6
+4 * 6 6
+4 * 6 6 0 2
+3 * 6 6
+4 * 6
+3 * 6
+3 * 6 0 6
cfn=(2080) std::_Vector_base<std::__cxx11::regex_traits<char>::_RegexMask, std::allocator<std::__cxx11::regex_traits<char>::_RegexMask> >::_M_deallocate(std::__cxx11::regex_traits<char>::_RegexMask*, unsigned long)
calls=6 0x27d44 +16 
* * 66 18 24 6 0 0 1 0 0 6 4
+5 +1 6 6
+4 * 6
+3 * 6 0 6
cfn=(2082)
calls=6 0x1aac4 139 
* * 114 36 36 4
+5 * 6
+1 * 6 6
+1 * 6 6

fn=(2090) std::_Vector_base<std::pair<char, char>, std::allocator<std::pair<char, char> > >::_M_get_Tp_allocator()
0x2015a 307 6 0 6
+1 * 6
+3 * 6 0 6
+4 +1 6 6
+4 * 6 6
+1 * 6 6

fn=(2124)
0x1abcc 790 6 0 6 2
+1 * 6
+3 * 6
+4 * 6 0 6
+4 +3 6 6
+4 * 6
+3 * 6 0 6
cfn=(2126) std::_Vector_base<char, std::allocator<char> >::_M_get_Tp_allocator()
calls=6 0x2013e 307 
* * 36 18 12
+5 -1 6 6
+4 * 6 6
+4 * 6 6
+4 * 6 6
+3 * 6 0 6
+4 * 6 0 6
+4 * 6 0 6
fi=(318)
+4 1085 6 6
+4 * 6 6
+4 * 6
+3 * 6
+3 * 6 0 6
cfi=(346)
cfn=(2128)
calls=6 0x27dac 219 
* * 42 12 18
+5 +1 6
fe=(348)
+1 795 6 6
+4 * 6
+3 * 6 0 6
cfn=(2132) std::_Vector_base<char, std::allocator<char> >::~_Vector_base()
calls=6 0x1ff42 373 
* * 324 126 90 21 0 0 1 0 0 6 4
+5 * 6
+1 * 6 6
+1 * 6 6

fn=(2126)
0x2013e 307 6 0 6
+1 * 6
+3 * 6 0 6
+4 +1 6 6
+4 * 6 6
+1 * 6 6

fn=(2378) std::_Vector_base<std::__detail::_ExecutorFrame<__gnu_cxx::__normal_iterator<char const*, std::__cxx11::basic_string<char, std::char_traits<char>, std::allocator<char> > >, true>, std::allocator<std::__detail::_ExecutorFrame<__gnu_cxx::__normal_iterator<char const*, std::__cxx11::basic_string<char, std::char_traits<char>, std::allocator<char> > >, true> > >::_Vector_impl::_Vector_impl()
0x10040 143 2 0 2 2 0 0 1
+1 * 2
+3 * 2
+4 * 2 0 2
+4 * 2 2
+4 * 2 0 2
+4 * 2 2
+4 * 2 0 2
fi=(293)
+4 -55 2
fi=(292)
+1 +80 2
fe=(348)
+1 -20 2 2
+4 * 2
+3 * 2 0 2
cfn=(2380) std::_Vector_base<std::__detail::_ExecutorFrame<__gnu_cxx::__normal_iterator<char const*, std::__cxx11::basic_string<char, std::char_traits<char>, std::allocator<char> > >, true>, std::allocator<std::__detail::_ExecutorFrame<__gnu_cxx::__normal_iterator<char const*, std::__cxx11::basic_string<char, std::char_traits<char>, std::allocator<char> > >, true> > >::_Vector_impl_data::_Vector_impl_data()
calls=2 0x11e56 -43 
* * 24 10 10 2 0 0 1
+5 +1 2
+1 * 2 2
+1 * 2 2

fn=(2436) std::_Vector_base<std::pair<long, std::vector<std::__cxx11::sub_match<__gnu_cxx::__normal_iterator<char const*, std::__cxx11::basic_string<char, std::char_traits<char>, std::allocator<char> > > >, std::allocator<std::__cxx11::sub_match<__gnu_cxx::__normal_iterator<char const*, std::__cxx11::basic_string<char, std::char_traits<char>, std::allocator<char> > > > > > >, std::allocator<std::pair<long, std::vector<std::__cxx11::sub_match<__gnu_cxx::__normal_iterator<char const*, std::__cxx11::basic_string<char, std::char_traits<char>, std::allocator<char> > > >, std::allocator<std::__cxx11::sub_match<__gnu_cxx::__normal_iterator<char const*, std::__cxx11::basic_string<char, std::char_traits<char>, std::allocator<char> > > > > > > > >::_Vector_base()
0xe04c 321 2 0 2
+1 * 2
+3 * 2
+4 * 2 0 2
+4 * 2 2
+4 * 2
+3 * 2 0 2
cfn=(2438) std::_Vector_base<std::pair<long, std::vector<std::__cxx11::sub_match<__gnu_cxx::__normal_iterator<char const*, std::__cxx11::basic_string<char, std::char_traits<char>, std::allocator<char> > > >, std::allocator<std::__cxx11::sub_match<__gnu_cxx::__normal_iterator<char const*, std::__cxx11::basic_string<char, std::char_traits<char>, std::allocator<char> > > > > > >, std::allocator<std::pair<long, std::vector<std::__cxx11::sub_match<__gnu_cxx::__normal_iterator<char const*, std::__cxx11::basic_string<char, std::char_traits<char>, std::allocator<char> > > >, std::allocator<std::__cxx11::sub_match<__gnu_cxx::__normal_iterator<char const*, std::__cxx11::basic_string<char, std::char_traits<char>, std::allocator<char> > > > > > > > >::_Vector_impl::_Vector_impl()
calls=2 0x101f2 143 
* * 56 20 20 6 0 0 3
+5 * 2
+1 * 2 2
+1 * 2 2

fn=(2438)
0x101f2 143 2 0 2 2 0 0 1
+1 * 2
+3 * 2
+4 * 2 0 2
+4 * 2 2 0 2 0 0 1
+4 * 2 0 2
+4 * 2 2
+4 * 2 0 2
fi=(293)
+4 -55 2
fi=(292)
+1 +80 2
fe=(348)
+1 -20 2 2
+4 * 2
+3 * 2 0 2
cfn=(2440) std::_Vector_base<std::pair<long, std::vector<std::__cxx11::sub_match<__gnu_cxx::__normal_iterator<char const*, std::__cxx11::basic_string<char, std::char_traits<char>, std::allocator<char> > > >, std::allocator<std::__cxx11::sub_match<__gnu_cxx::__normal_iterator<char const*, std::__cxx11::basic_string<char, std::char_traits<char>, std::allocator<char> > > > > > >, std::allocator<std::pair<long, std::vector<std::__cxx11::sub_match<__gnu_cxx::__normal_iterator<char const*, std::__cxx11::basic_string<char, std::char_traits<char>, std::allocator<char> > > >, std::allocator<std::__cxx11::sub_match<__gnu_cxx::__normal_iterator<char const*, std::__cxx11::basic_string<char, std::char_traits<char>, std::allocator<char> > > > > > > > >::_Vector_impl_data::_Vector_impl_data()
calls=2 0x120be -43 
* * 24 10 10 2 0 0 1
+5 +1 2
+1 * 2 2
+1 * 2 2

fn=(2460) std::vector<std::__cxx11::sub_match<__gnu_cxx::__normal_iterator<char const*, std::__cxx11::basic_string<char, std::char_traits<char>, std::allocator<char> > > >, std::allocator<std::__cxx11::sub_match<__gnu_cxx::__normal_iterator<char const*, std::__cxx11::basic_string<char, std::char_traits<char>, std::allocator<char> > > > > >::_Guard_alloc::_Guard_alloc(std::__cxx11::sub_match<__gnu_cxx::__normal_iterator<char const*, std::__cxx11::basic_string<char, std::char_traits<char>, std::allocator<char> > > >*, unsigned long, std::_Vector_base<std::__cxx11::sub_match<__gnu_cxx::__normal_iterator<char const*, std::__cxx11::basic_string<char, std::char_traits<char>, std::allocator<char> > > >, std::allocator<std::__cxx11::sub_match<__gnu_cxx::__normal_iterator<char const*, std::__cxx11::basic_string<char, std::char_traits<char>, std::allocator<char> > > > > >&)
0x1d0b6 1865 2 0 2
+1 * 2
+3 * 2 0 2
+4 * 2 0 2 2 0 0 1
+4 * 2 0 2
+4 * 2 0 2
+4 +1 2 2
+4 * 2 2
+4 * 2 0 2
+3 * 2 2
+4 * 2 2
+4 * 2 0 2
+4 * 2 2
+4 * 2 2
+4 * 2 0 2
+4 +1 2
+1 * 2 2
+1 * 2 2

fn=(2484) std::vector<std::__detail::_ExecutorFrame<__gnu_cxx::__normal_iterator<char const*, std::__cxx11::basic_string<char, std::char_traits<char>, std::allocator<char> > >, true>, std::allocator<std::__detail::_ExecutorFrame<__gnu_cxx::__normal_iterator<char const*, std::__cxx11::basic_string<char, std::char_traits<char>, std::allocator<char> > >, true> > >::max_size() const
0x2b9ca 1118 20 0 20 2 0 0 1
+1 * 20
+3 * 20
+4 * 20 0 20
+4 +1 20 20
+4 * 20
+3 * 20 0 20
cfn=(2486)
calls=20 0x2fac2 312 
* * 120 60 40 2 0 0 1
+5 * 20
+3 * 20 0 20
cfn=(2488) std::vector<std::__detail::_ExecutorFrame<__gnu_cxx::__normal_iterator<char const*, std::__cxx11::basic_string<char, std::char_traits<char>, std::allocator<char> > >, true>, std::allocator<std::__detail::_ExecutorFrame<__gnu_cxx::__normal_iterator<char const*, std::__cxx11::basic_string<char, std::char_traits<char>, std::allocator<char> > >, true> > >::_S_max_size(std::allocator<std::__detail::_ExecutorFrame<__gnu_cxx::__normal_iterator<char const*, std::__cxx11::basic_string<char, std::char_traits<char>, std::allocator<char> > >, true> > const&)
calls=20 0x2fa45 2212 
* * 860 320 240 4 0 0 2 0 0 40 4
+5 * 20 20
+1 * 20 20

fn=(2490)
0x24e88 1107 50 0 50 2 0 0 1
+1 * 50
+3 * 50 0 50
+4 +2 50 50
+4 * 50 50
+4 * 50 50
+4 * 50 50
+3 * 50
+3 * 50
+4 * 50
+10 * 50
+4 * 50 0 50
+4 +1 50 50
+5 +2 50 50 0 2 0 0 1
+4 +1 50 50
+1 * 50 50

fn=(2660)
0x12146 307 2 0 2
+1 * 2
+3 * 2 0 2
+4 +1 2 2
+4 * 2 2
+1 * 2 2

fn=(2668) std::_Vector_base<std::pair<long, std::vector<std::__cxx11::sub_match<__gnu_cxx::__normal_iterator<char const*, std::__cxx11::basic_string<char, std::char_traits<char>, std::allocator<char> > > >, std::allocator<std::__cxx11::sub_match<__gnu_cxx::__normal_iterator<char const*, std::__cxx11::basic_string<char, std::char_traits<char>, std::allocator<char> > > > > > >, std::allocator<std::pair<long, std::vector<std::__cxx11::sub_match<__gnu_cxx::__normal_iterator<char const*, std::__cxx11::basic_string<char, std::char_traits<char>, std::allocator<char> > > >, std::allocator<std::__cxx11::sub_match<__gnu_cxx::__normal_iterator<char const*, std::__cxx11::basic_string<char, std::char_traits<char>, std::allocator<char> > > > > > > > >::_M_deallocate(std::pair<long, std::vector<std::__cxx11::sub_match<__gnu_cxx::__normal_iterator<char const*, std::__cxx11::basic_string<char, std::char_traits<char>, std::allocator<char> > > >, std::allocator<std::__cxx11::sub_match<__gnu_cxx::__normal_iterator<char const*, std::__cxx11::basic_string<char, std::char_traits<char>, std::allocator<char> > > > > > >*, unsigned long)
0x120f8 394 2 0 2
+1 * 2
+3 * 2
+4 * 2 0 2 2 0 0 1
+4 * 2 0 2
+4 * 2 0 2
+4 +3 2 2
+5 * 2 0 0 0 0 0 0 0 0 2 2
+50 +2 2
+1 * 2 2
+1 * 2 2

fn=(2676)
0x1019c 790 2 0 2
+1 * 2
+3 * 2
+4 * 2 0 2
+4 +3 2 2
+4 * 2
+3 * 2 0 2
cfn=(2416)
calls=2 0x120b0 307 
* * 12 6 4 2
+5 -1 2 2
+4 * 2 2
+4 * 2 2
+4 * 2 2
+3 * 2 0 2
+4 * 2 0 2
+4 * 2 0 2
fi=(318)
+4 1085 2 2
+4 * 2 2
+4 * 2
+3 * 2
+3 * 2 0 2
cfi=(346)
cfn=(2678)
calls=2 0x1493f 219 
* * 14 4 6
+5 +1 2
fe=(348)
+1 795 2 2
+4 * 2
+3 * 2 0 2
cfn=(2682) std::_Vector_base<std::pair<__gnu_cxx::__normal_iterator<char const*, std::__cxx11::basic_string<char, std::char_traits<char>, std::allocator<char> > >, int>, std::allocator<std::pair<__gnu_cxx::__normal_iterator<char const*, std::__cxx11::basic_string<char, std::char_traits<char>, std::allocator<char> > >, int> > >::~_Vector_base()
calls=2 0x12018 373 
* * 246 86 56 2 0 0 0 0 0 14 0 6
+5 * 2
+1 * 2 2
+1 * 2 2

fn=(2682)
0x12018 373 2 0 2
+1 * 2
+3 * 2
+4 * 2 0 2
+4 +2 2 2
+4 * 2 2
+4 * 2 2
+4 * 2 2
+3 * 2
+3 * 2
+3 * 2
+4 * 2 0 2 2
+4 +1 2 2
+5 +2 2 2
+4 * 2 2
+4 * 2 2
+3 * 2 2
+4 * 2
+3 * 2
+3 * 2 0 2
cfn=(2684)
calls=2 0x148c8 +16 
* * 156 50 34 0 0 0 0 0 0 14 0 6
+5 +1 2 2
+4 * 2
+3 * 2 0 2
cfn=(2690) std::_Vector_base<std::pair<__gnu_cxx::__normal_iterator<char const*, std::__cxx11::basic_string<char, std::char_traits<char>, std::allocator<char> > >, int>, std::allocator<std::pair<__gnu_cxx::__normal_iterator<char const*, std::__cxx11::basic_string<char, std::char_traits<char>, std::allocator<char> > >, int> > >::_Vector_impl::~_Vector_impl()
calls=2 0x11f96 139 
* * 38 12 12
+5 * 2
+1 * 2 2
+1 * 2 2

fn=(1574) std::_Vector_base<std::__detail::_State<char>, std::allocator<std::__detail::_State<char> > >::_Vector_base()
0x26602 321 2 0 2
+1 * 2
+3 * 2
+4 * 2 0 2
+4 * 2 2
+4 * 2
+3 * 2 0 2
cfn=(1576)
calls=2 0x2cafe 143 
* * 56 20 20 6 0 0 4
+5 * 2
+1 * 2 2
+1 * 2 2

fn=(1674) std::_Vector_base<unsigned long, std::allocator<unsigned long> >::_M_get_Tp_allocator() const
0x19ac2 312 8 0 8 2 0 0 1
+1 * 8
+3 * 8 0 8
+4 +1 8 8
+4 * 8 8
+1 * 8 8

fn=(1676) std::vector<unsigned long, std::allocator<unsigned long> >::_S_max_size(std::allocator<unsigned long> const&)
0x19a44 2212 8 0 8
+1 * 8
+3 * 8
+4 * 8 0 8
+4 * 8 8
+9 * 8 0 8
+4 * 8
+2 +5 8
+10 * 8 0 8
+4 * 8 8
+4 * 8 0 8
+4 * 8 8
+4 * 8 0 8
+4 * 8 8 0 2 0 0 1
+4 * 8 0 8
fi=(293)
+4 245 8
+10 -50 8
fi=(318)
+1 752 8
fe=(348)
+1 2219 8 0 8
+4 +1 8
+4 * 8
+4 * 8
+3 * 8
+3 * 8 0 8
cfi=(294)
cfn=(1104) unsigned long const& std::min<unsigned long>(unsigned long const&, unsigned long const&)
calls=8 0x728a 232 
* * 104 56 24 0 0 0 0 0 0 8 6
+5 * 8 8
+3 +1 8 8
+4 * 8 8
+9 * 8 0 0 0 0 0 0 0 0 8 8
+7 * 8 8
+1 * 8 8

fn=(1722)
0x10004 1107 263 0 263 2 0 0 1
+1 * 263
+3 * 263 0 263
+4 +2 263 263
+4 * 263 263
+4 * 263 263
+4 * 263 263
+3 * 263
+3 * 263
+4 * 263
+10 * 263
+4 * 263 0 263
+4 +1 263 263
+5 +2 263 263
+4 +1 263 263
+1 * 263 263

fn=(1860)
0x1a9f0 551 3 0 3 1 0 0 1
+1 * 3
+3 * 3
+4 * 3 0 3
+4 * 3 3
+4 * 3 0 0 3 0 0 1
+3 * 3 0 3
cfn=(1862) std::_Vector_base<char, std::allocator<char> >::_Vector_base()
calls=3 -47 321 
* * 114 39 39 8 0 0 4
+5 * 3
+1 * 3 3
+1 * 3 3

fn=(1874) std::_Vector_base<std::__cxx11::basic_string<char, std::char_traits<char>, std::allocator<char> >, std::allocator<std::__cxx11::basic_string<char, std::char_traits<char>, std::allocator<char> > > >::_Vector_impl_data::_Vector_impl_data()
0x27bfa 105 3 0 3 1 0 0 1
+1 * 3
+3 * 3 0 3 2 0 0 1
+4 +1 3 3
+4 * 3 0 3
+7 * 3 3
+4 * 3 0 3
+8 * 3 3
+4 * 3 0 3
+8 +1 3
+1 * 3 3
+1 * 3 3

fn=(1970)
0x28a34 1018 354 0 354
+1 * 354
+3 * 354
+4 * 354 0 354
+4 * 354 354 0 3 0 0 1
+9 * 354 0 354
+4 * 354
+2 +1 354 354
+4 * 354
+4 * 354 0 354
fi=(360)
+4 +40 354 354
+4 * 354 354
+3 * 354 0 354
+4 * 354
fe=(348)
+1 -40 354 354
+4 * 354 354
+4 * 354 354
+9 * 354 0 0 0 0 0 0 0 0 354
+7 * 354 354
+1 * 354 354 0 2 0 0 1

fn=(2030) std::_Vector_base<std::__cxx11::regex_traits<char>::_RegexMask, std::allocator<std::__cxx11::regex_traits<char>::_RegexMask> >::_Vector_impl_data::_Vector_impl_data(std::_Vector_base<std::__cxx11::regex_traits<char>::_RegexMask, std::allocator<std::__cxx11::regex_traits<char>::_RegexMask> >::_Vector_impl_data&&)
0x31006 111 3 0 3
+1 * 3
+3 * 3 0 3
+4 * 3 0 3
+4 +1 3 3
+4 * 3 3
+3 * 3 3
+4 * 3 0 3
+3 * 3 3
+4 * 3 3
+4 * 3 3
+4 * 3 0 3
+4 +1 3 3
+4 * 3 3
+4 * 3 3
+4 * 3 0 3
+4 +1 3 3 0 2 0 0 1
+4 * 3 0 3
+8 * 3 3
+4 * 3 3
+4 * 3 3
+4 * 3 0 3
+4 * 3 3
+4 * 3 3
+4 * 3 3
+4 * 3 0 3
+3 * 3
+1 * 3 3
+1 * 3 3

fn=(2088)
0x1ac78 790 6 0 6 5 0 0 1
+1 * 6
+3 * 6
+4 * 6 0 6 4 0 0 1
+4 +3 6 6
+4 * 6
+3 * 6 0 6
cfn=(2090)
calls=6 0x2015a 307 
* * 36 18 12
+5 -1 6 6
+4 * 6 6
+4 * 6 6
+4 * 6 6
+3 * 6 0 6
+4 * 6 0 6
+4 * 6 0 6
fi=(318)
+4 1085 6 6
+4 * 6 6
+4 * 6
+3 * 6
+3 * 6 0 6
cfi=(346)
cfn=(2092)
calls=6 0x27df4 219 
* * 42 12 18 5 0 0 1
+5 +1 6
fe=(348)
+1 795 6 6
+4 * 6
+3 * 6 0 6
cfn=(2096) std::_Vector_base<std::pair<char, char>, std::allocator<std::pair<char, char> > >::~_Vector_base()
calls=6 0x20046 373 
* * 336 126 90 14 0 0 1 0 0 6 4
+5 * 6
+1 * 6 6
+1 * 6 6

fn=(2114)
0x1ffc0 373 6 0 6 4 0 0 1
+1 * 6
+3 * 6
+4 * 6 0 6
+4 +2 6 6
+4 * 6 6
+4 * 6 6
+4 * 6 6
+3 * 6
+3 * 6
+3 * 6
+4 * 6 0 6
+4 +1 6 6
+5 +2 6 6
+4 * 6 6
+4 * 6 6
+3 * 6 6
+4 * 6
+3 * 6 0 0 2
+3 * 6 0 6
cfn=(2116)
calls=6 0x27c34 +16 
* * 66 18 24 9 0 0 1 0 0 6 3
+5 +1 6 6
+4 * 6
+3 * 6 0 6
cfn=(2118) std::_Vector_base<std::__cxx11::basic_string<char, std::char_traits<char>, std::allocator<char> >, std::allocator<std::__cxx11::basic_string<char, std::char_traits<char>, std::allocator<char> > > >::_Vector_impl::~_Vector_impl()
calls=6 0x1aa0c 139 
* * 114 36 36 2
+5 * 6
+1 * 6 6
+1 * 6 6

fn=(2160)
0xfaac 1358 5 0 5
+1 * 5
+3 * 5
+4 * 5 0 5
+4 * 5 5 0 2 0 0 1
+9 * 5 0 5
+4 * 5
+2 +2 5 5
+4 * 5
+3 * 5 0 5
cfn=(2162)
calls=5 0x11956 1213 
* * 345 145 95 15 0 0 4 0 0 15 11
+5 * 5
+3 * 5
+3 * 5
+3 * 5
+2 * 5 0 0 0 0 0 0 0 0 5 4
+36 +1 5 5 0 2 0 0 1
+4 * 5
+3 * 5 0 5
cfn=(2168) std::vector<unsigned long, std::allocator<unsigned long> >::end()
calls=5 0x119cc 1008 
* * 100 45 25 3 0 0 1 0 0 5 1
+5 * 5 0 5
+4 * 5 0 5
fi=(360)
+8 1160 5 5
+4 * 5 5
+4 * 5
+4 * 5
+3 * 5
+3 * 5 0 5
+4 1059 5 5
+4 * 5 0 5
+4 * 5
+1 1160 5 5
fe=(348)
+4 1361 5 0 5 3 0 0 1
fi=(360)
+4 1090 5 5
fe=(348)
+4 1362 5 5
+4 * 5 5
+9 * 5 0 0 0 0 0 0 0 0 5 2
+7 * 5 5
+1 * 5 5

fn=(2392) std::vector<std::pair<__gnu_cxx::__normal_iterator<char const*, std::__cxx11::basic_string<char, std::char_traits<char>, std::allocator<char> > >, int>, std::allocator<std::pair<__gnu_cxx::__normal_iterator<char const*, std::__cxx11::basic_string<char, std::char_traits<char>, std::allocator<char> > >, int> > >::_S_check_init_len(unsigned long, std::allocator<std::pair<__gnu_cxx::__normal_iterator<char const*, std::__cxx11::basic_string<char, std::char_traits<char>, std::allocator<char> > >, int> > const&)
0x11ef7 2203 2 0 2 2 0 0 1
+1 * 2
+3 * 2 0 2
+1 * 2
+4 * 2 0 2 2 0 0 1
+4 * 2 0 2
+4 * 2 2
+9 * 2 0 2
+4 * 2
+2 * 2 2
+4 * 2 0 2
+4 * 2
+4 * 2 0 2
+4 * 2 2
+4 * 2 0 2
fi=(293)
+4 92 2
fi=(292)
+1 +81 2
fe=(348)
+1 2205 2
+4 * 2
+3 * 2 0 2
cfn=(2394) std::vector<std::pair<__gnu_cxx::__normal_iterator<char const*, std::__cxx11::basic_string<char, std::char_traits<char>, std::allocator<char> > >, int>, std::allocator<std::pair<__gnu_cxx::__normal_iterator<char const*, std::__cxx11::basic_string<char, std::char_traits<char>, std::allocator<char> > >, int> > >::_S_max_size(std::allocator<std::pair<__gnu_cxx::__normal_iterator<char const*, std::__cxx11::basic_string<char, std::char_traits<char>, std::allocator<char> > >, int> > const&)
calls=2 0x147b2 +7 
* * 86 32 24 6 0 0 3 0 0 4 3
+5 * 2 2 0 2 0 0 1
+4 * 2
fi=(292)
+3 189 2
+4 * 2
+3 * 2 0 2
cfi=(293)
cfn=(2396)
calls=2 -95 -85 
* * 12 4 4
+5 * 2
fe=(348)
+1 2205 2
+2 * 2 0 0 0 0 0 0 0 0 2
+37 +3 2 2
+4 +1 2 2
+4 * 2 2 0 2 0 0 1
+9 * 2 0 0 0 0 0 0 0 0 2 2
+7 * 2 2
+4 * 2 2
+1 * 2 2

fn=(2454)
0xcd60 1018 12 0 12 2 0 0 1
+1 * 12
+3 * 12
+4 * 12 0 12
+4 * 12 12
+9 * 12 0 12
+4 * 12
+2 +1 12 12
+4 * 12
+4 * 12 0 12
fi=(360)
+4 +40 12 12
+4 * 12 12
+3 * 12 0 12
+4 * 12
fe=(348)
+1 -40 12 12
+4 * 12 12
+4 * 12 12
+9 * 12 0 0 0 0 0 0 0 0 12 10
+7 * 12 12
+1 * 12 12

fn=(2458)
0x186ec 1897 2 0 2 2 0 0 1
+1 * 2
+3 * 2 0 2
+1 * 2
+4 * 2 0 2
+4 * 2 0 2
+4 * 2 0 2 2 0 0 1
+4 * 2 0 2
+4 * 2 2
+9 * 2 0 2
+4 * 2
+2 +3 2 2
+4 * 2 2
+4 * 2 2
+4 * 2
+3 * 2
+3 * 2 0 2
cfn=(2330) std::_Vector_base<std::__cxx11::sub_match<__gnu_cxx::__normal_iterator<char const*, std::__cxx11::basic_string<char, std::char_traits<char>, std::allocator<char> > > >, std::allocator<std::__cxx11::sub_match<__gnu_cxx::__normal_iterator<char const*, std::__cxx11::basic_string<char, std::char_traits<char>, std::allocator<char> > > > > >::_M_allocate(unsigned long)
calls=2 0x1d06c 386 
* * 442 90 72 0 0 0 0 0 0 64 2 4
+5 * 2
+3 * 2 2
+4 * 2
+4 * 2
+3 * 2
+3 * 2 0 2 2 0 0 1
cfn=(2460)
calls=2 0x1d0b6 -35 
* * 36 16 16 2 0 0 1
+5 +2 2 2
+4 * 2
+3 * 2 0 2
cfn=(2316)
calls=2 0xb8a8 307 
* * 12 6 4
+5 * 2
+3 * 2 2
+4 * 2 2
+4 * 2 2
+4 * 2
+3 * 2 0 2
cfi=(353)
cfn=(2462)
calls=2 0x1d12d 637 
* * 896 312 273 12 0 0 6 0 0 28 17
+5 +1 2
+4 * 2
+3 * 2 0 2
cfn=(2470) std::vector<std::__cxx11::sub_match<__gnu_cxx::__normal_iterator<char const*, std::__cxx11::basic_string<char, std::char_traits<char>, std::allocator<char> > > >, std::allocator<std::__cxx11::sub_match<__gnu_cxx::__normal_iterator<char const*, std::__cxx11::basic_string<char, std::char_traits<char>, std::allocator<char> > > > > >::_Guard_alloc::_M_release()
calls=2 0x1d15e -25 
* * 22 12 8 2 0 0 1
+5 * 2
+3 * 2
+1 +1 2
+4 * 2
+3 * 2 0 2
cfn=(2472) std::vector<std::__cxx11::sub_match<__gnu_cxx::__normal_iterator<char const*, std::__cxx11::basic_string<char, std::char_traits<char>, std::allocator<char> > > >, std::allocator<std::__cxx11::sub_match<__gnu_cxx::__normal_iterator<char const*, std::__cxx11::basic_string<char, std::char_traits<char>, std::allocator<char> > > > > >::_Guard_alloc::~_Guard_alloc()
calls=2 0x1d0f0 -34 
* * 22 8 4 0 0 0 0 0 0 2 2
+5 -1 2 0 0 2 0 0 1
+3 +1 2 2
+4 * 2 2
+9 * 2 0 0 0 0 0 0 0 0 2 2
+55 * 2 2 0 2 0 0 1
+4 * 2 2
+1 * 2 2

fn=(2512)
0x24f48 1870 10 0 10
+1 * 10
+3 * 10
+4 * 10 0 10
+4 +2 10 10
+4 * 10 10
+3 * 10
+3 * 10 0 0 0 0 0 0 0 0 10 1
+2 +1 8 8
+4 * 8 8
+4 * 8 8
+4 * 8 8
+4 * 8 8
+4 * 8 8
+3 * 8
+3 * 8
+3 * 8 0 8
cfn=(2552) std::_Vector_base<std::__detail::_ExecutorFrame<__gnu_cxx::__normal_iterator<char const*, std::__cxx11::basic_string<char, std::char_traits<char>, std::allocator<char> > >, true>, std::allocator<std::__detail::_ExecutorFrame<__gnu_cxx::__normal_iterator<char const*, std::__cxx11::basic_string<char, std::char_traits<char>, std::allocator<char> > >, true> > >::_M_deallocate(std::__detail::_ExecutorFrame<__gnu_cxx::__normal_iterator<char const*, std::__cxx11::basic_string<char, std::char_traits<char>, std::allocator<char> > >, true>*, unsigned long)
calls=8 0x11e90 394 
* * 648 200 136 0 0 0 0 0 0 56 0 24
+5 +1 10
+1 * 10 10
+1 * 10 10

fn=(2514)
0x18b7e 1358 163 0 163 2 0 0 1
+1 * 163 0 0 2 0 0 1
+3 * 163
+4 * 163 0 163
+4 * 163 163
+9 * 163 0 163
+4 * 163
+2 +2 163 163
+4 * 163
+3 * 163 0 163
cfn=(2516) std::vector<std::__detail::_ExecutorFrame<__gnu_cxx::__normal_iterator<char const*, std::__cxx11::basic_string<char, std::char_traits<char>, std::allocator<char> > >, true>, std::allocator<std::__detail::_ExecutorFrame<__gnu_cxx::__normal_iterator<char const*, std::__cxx11::basic_string<char, std::char_traits<char>, std::allocator<char> > >, true> > >::empty() const
calls=163 0x18b08 1213 
* * 11247 4727 3097 8 0 0 4 0 0 489 48
+5 * 163
+3 * 163
+3 * 163
+3 * 163
+2 * 163 0 0 0 0 0 0 0 0 163 6
+36 +1 163 163 0 2 0 0 1
+4 * 163
+3 * 163 0 163
cfn=(2522) std::vector<std::__detail::_ExecutorFrame<__gnu_cxx::__normal_iterator<char const*, std::__cxx11::basic_string<char, std::char_traits<char>, std::allocator<char> > >, true>, std::allocator<std::__detail::_ExecutorFrame<__gnu_cxx::__normal_iterator<char const*, std::__cxx11::basic_string<char, std::char_traits<char>, std::allocator<char> > >, true> > >::end()
calls=163 0x1d548 1008 
* * 3260 1467 815 2 0 0 1 0 0 163 8
+5 * 163 0 163
+4 * 163 0 163
fi=(360)
+8 1160 163 163
+4 * 163 163
+4 * 163
+3 * 163
+3 * 163
+3 * 163 0 0 2 0 0 1
+4 * 163
+3 * 163
+3 * 163 0 163
+4 1059 163 163
+4 * 163 0 163
+4 * 163
+1 1160 163 163
fe=(348)
+4 1361 163 0 163
fi=(360)
+4 1090 163 163
fe=(348)
+4 1362 163 163
+4 * 163 163
+9 * 163 0 0 0 0 0 0 0 0 163 4
+7 * 163 163
+1 * 163 163

fn=(2518) std::vector<std::__detail::_ExecutorFrame<__gnu_cxx::__normal_iterator<char const*, std::__cxx11::basic_string<char, std::char_traits<char>, std::allocator<char> > >, true>, std::allocator<std::__detail::_ExecutorFrame<__gnu_cxx::__normal_iterator<char const*, std::__cxx11::basic_string<char, std::char_traits<char>, std::allocator<char> > >, true> > >::end() const
0x1d4fa 1018 309 0 309 2 0 0 1
+1 * 309
+3 * 309 0 0 2 0 0 1
+4 * 309 0 309
+4 * 309 309
+9 * 309 0 309
+4 * 309
+2 +1 309 309
+4 * 309
+4 * 309 0 309
fi=(360)
+4 +40 309 309
+4 * 309 309
+3 * 309 0 309
+4 * 309
fe=(348)
+1 -40 309 309
+4 * 309 309
+4 * 309 309
+9 * 309 0 0 0 0 0 0 0 0 309 37
+7 * 309 309 0 2 0 0 1
+1 * 309 309

fn=(2520) std::vector<std::__detail::_ExecutorFrame<__gnu_cxx::__normal_iterator<char const*, std::__cxx11::basic_string<char, std::char_traits<char>, std::allocator<char> > >, true>, std::allocator<std::__detail::_ExecutorFrame<__gnu_cxx::__normal_iterator<char const*, std::__cxx11::basic_string<char, std::char_traits<char>, std::allocator<char> > >, true> > >::begin() const
0x1d4b0 998 309 0 309
+1 * 309
+3 * 309
+4 * 309 0 309
+4 * 309 309
+9 * 309 0 309
+4 * 309
+2 +1 309 309
+4 * 309 0 309
fi=(360)
+4 +60 309 309
+4 * 309 309
+3 * 309 0 309
+4 * 309
fe=(348)
+1 -60 309 309
+4 * 309 309
+4 * 309 309
+9 * 309 0 0 0 0 0 0 0 0 309 20
+7 * 309 309
+1 * 309 309

fn=(2666)
0x10220 373 2 0 2
+1 * 2
+3 * 2
+4 * 2 0 2
+4 +2 2 2
+4 * 2 2
+4 * 2 2
+4 * 2 2
+3 * 2
+3 * 2
+3 * 2
+4 * 2 0 2
+4 +1 2 2
+5 +2 2 2
+4 * 2 2
+4 * 2 2
+3 * 2 2
+4 * 2
+3 * 2
+3 * 2 0 2
cfn=(2668)
calls=2 0x120f8 +16 
* * 22 6 8 2 0 0 1 0 0 2 2
+5 +1 2 2
+4 * 2
+3 * 2 0 2
cfn=(2670) std::_Vector_base<std::pair<long, std::vector<std::__cxx11::sub_match<__gnu_cxx::__normal_iterator<char const*, std::__cxx11::basic_string<char, std::char_traits<char>, std::allocator<char> > > >, std::allocator<std::__cxx11::sub_match<__gnu_cxx::__normal_iterator<char const*, std::__cxx11::basic_string<char, std::char_traits<char>, std::allocator<char> > > > > > >, std::allocator<std::pair<long, std::vector<std::__cxx11::sub_match<__gnu_cxx::__normal_iterator<char const*, std::__cxx11::basic_string<char, std::char_traits<char>, std::allocator<char> > > >, std::allocator<std::__cxx11::sub_match<__gnu_cxx::__normal_iterator<char const*, std::__cxx11::basic_string<char, std::char_traits<char>, std::allocator<char> > > > > > > > >::_Vector_impl::~_Vector_impl()
calls=2 0xe028 139 
* * 38 12 12 2
+5 * 2
+1 * 2 2
+1 * 2 2

fn=(2714)
0xb9b6 1213 8 0 8
+1 * 8
+3 * 8
+4 * 8 0 8 2 0 0 1
+4 * 8 8
+9 * 8 0 8
+4 * 8
+2 +1 8 8
+4 * 8
+3 * 8 0 8
cfn=(2454)
calls=8 0xcd60 1018 
* * 160 72 40 0 0 0 0 0 0 8 6
+5 * 8 0 8
+4 * 8 8
+4 * 8
+3 * 8 0 8
cfn=(2456)
calls=8 0xcd16 998 
* * 152 72 40 0 0 0 0 0 0 8 8
+5 * 8 0 8
+4 * 8
+4 * 8 0 8
fi=(360)
+4 -48 8 8
+4 +63 8 8
+3 * 8 0 0 2 0 0 1
+4 * 8 0 8
+4 -63 8 8
+4 +63 8 8
+3 * 8
+3 * 8
fe=(348)
+3 -15 8 8
+4 * 8 8
+9 * 8 0 0 0 0 0 0 0 0 8 8
+7 * 8 8
+1 * 8 8

fn=(2720)
0xba62 1270 3 0 3
+1 * 3
+3 * 3
+4 * 3 0 3
+4 * 3 0 3
+4 +2 3 3
+4 * 3
+3 * 3 0 3
cfn=(2312)
calls=3 0xcdae 1107 
* * 48 24 9
+5 * 3 3 0 2 0 0 1
+4 * 3
+3 * 3
+3 * 3
+3 * 3
+3 * 3
+2 * 3 0 0 0 0 0 0 0 0 3 2
+36 +1 3 3
+4 * 3 3
+3 * 3 3
+4 * 3 0 0 2 0 0 1
+3 * 3
+3 * 3
+3 * 3
+4 * 3
+3 +1 3 3
+1 * 3 3

fn=(2780)
0x2cb8e 790 2 0 2 2 0 0 1
+1 * 2
+3 * 2
+4 * 2 0 2
+4 +3 2 2
+4 * 2
+3 * 2 0 2
cfn=(1734)
calls=2 0x19cf8 307 
* * 12 6 4 4
+5 -1 2 2
+4 * 2 2
+4 * 2 2
+4 * 2 2
+3 * 2 0 2
+4 * 2 0 2
+4 * 2 0 2 2
fi=(318)
+4 1085 2 2
+4 * 2 2
+4 * 2
+3 * 2
+3 * 2 0 2
cfi=(346)
cfn=(2782)
calls=2 0x32932 219 
* * 2972 1054 821 100 0 0 15 0 0 110 43 13 3
+5 +1 2
fe=(348)
+1 795 2 2
+4 * 2
+3 * 2 0 2
cfn=(2802) std::_Vector_base<std::__detail::_State<char>, std::allocator<std::__detail::_State<char> > >::~_Vector_base()
calls=2 0x2cb2c 373 
* * 344 109 72 27 0 0 2 0 0 29 3 6
+5 * 2
+1 * 2 2
+1 * 2 2

fn=(2820) std::_Vector_base<unsigned long, std::allocator<unsigned long> >::_Vector_impl::~_Vector_impl()
0x9916 139 2 0 2 1
+1 * 2
+3 * 2
+4 * 2 0 2
+4 * 2 2
+4 * 2 0 2
fi=(292)
+4 +50 2 2
+4 * 2
+3 * 2 0 2
cfi=(293)
cfn=(2822)
calls=2 0xb432 -85 
* * 12 4 4
+5 * 2
fe=(348)
+1 -50 2
+1 * 2 2
+1 * 2 2

fn=(1848)
0xb43e 394 4 0 4 2
+1 * 4 0 0 4 0 0 1
+3 * 4
+4 * 4 0 4
+4 * 4 0 4
+4 * 4 0 4
+4 +3 4 4
+5 * 4 0 0 0 0 0 0 0 0 4
+2 +1 4 4
+4 * 4 0 4
+4 * 4 4
+4 * 4 0 4
+4 * 4 4
+4 * 4 0 4
fi=(318)
+4 689 4 4
+4 * 4 4
+4 * 4 4
+4 * 4
+3 * 4
+3 * 4 0 4
cfi=(293)
cfn=(1850)
calls=4 0xd28a 167 
* * 212 64 36 2 0 0 0 0 0 24 2 12 2
+5 * 4
fe=(348)
+1 399 4
+1 * 4 4
+1 * 4 4

fn=(1872) std::_Vector_base<std::__cxx11::basic_string<char, std::char_traits<char>, std::allocator<char> >, std::allocator<std::__cxx11::basic_string<char, std::char_traits<char>, std::allocator<char> > > >::_Vector_impl::_Vector_impl()
0x1ff92 143 3 0 3 1 0 0 1
+1 * 3
+3 * 3
+4 * 3 0 3
+4 * 3 3
+4 * 3 0 3
+4 * 3 3
+4 * 3 0 3
fi=(293)
+4 -55 3
fi=(292)
+1 +80 3
fe=(348)
+1 -20 3 3
+4 * 3
+3 * 3 0 3
cfn=(1874)
calls=3 0x27bfa -43 
* * 36 15 15 3 0 0 2
+5 +1 3
+1 * 3 3
+1 * 3 3

fn=(1932)
0x209c6 1810 3 0 3
+1 * 3
+3 * 3
+4 * 3 0 3
+4 * 3 0 3
+4 * 3 0 3
+4 * 3 3
+9 * 3 0 3
+4 * 3
+2 +2 3 3
+4 * 3
+3 * 3 0 3
cfn=(1920)
calls=3 0x208e4 988 
* * 57 27 15 0 0 0 0 0 0 3 2
+5 * 3 0 3
+4 +1 3 3
+4 * 3
+3 * 3 0 3 3 0 0 1
cfn=(1934) std::vector<char, std::allocator<char> >::cbegin() const
calls=3 0x28280 1069 
* * 57 27 15 4 0 0 2 0 0 3 2
+5 * 3 0 3
+4 * 3
+4 * 3 0 3
fi=(360)
+4 1166 3 3
+4 1352 3 3
+3 * 3
+4 * 3 0 3
+4 1166 3 3
+4 1352 3 3
+3 * 3
+3 * 3 0 3
+4 1148 3 3
+4 * 3 3
+4 * 3
+3 * 3 0 3
+4 -89 3 3 0 3 0 0 1
+4 * 3 0 3
+4 * 3
+1 +89 3 3
+4 * 3
+3 * 3
+4 * 3 0 3
+4 +18 3 3
+4 1352 3 3
+3 * 3
+4 * 3 0 3
+4 1166 3 3
+4 1352 3 3
+3 * 3
+3 * 3 0 3
+4 1148 3 3
+4 * 3 3
+4 * 3
+3 * 3 0 3 2 0 0 1
+4 -89 3 3
+4 * 3 0 3
+4 * 3
+1 +89 3 3
+4 * 3
fe=(348)
+3 1814 3 3
+4 * 3
+3 * 3
+3 * 3
+3 * 3 0 3
cfi=(352)
cfn=(1936)
calls=3 0x282ca 199 
* * 87 33 24 4 0 0 2 0 0 6 4
+5 +1 3 3
+4 * 3 3
+9 * 3 0 0 0 0 0 0 0 0 3 2
+7 * 3 3
+1 * 3 3

fn=(2006)
0x30ece 111 3 0 3 3 0 0 1
+1 * 3
+3 * 3 0 3
+4 * 3 0 3
+4 +1 3 3
+4 * 3 3
+3 * 3 3
+4 * 3 0 3
+3 * 3 3
+4 * 3 3
+4 * 3 3
+4 * 3 0 3
+4 +1 3 3
+4 * 3 3
+4 * 3 3 0 3 0 0 1
+4 * 3 0 3
+4 +1 3 3
+4 * 3 0 3
+8 * 3 3
+4 * 3 3
+4 * 3 3
+4 * 3 0 3
+4 * 3 3
+4 * 3 3
+4 * 3 3
+4 * 3 0 3
+3 * 3
+1 * 3 3
+1 * 3 3

fn=(2012) std::_Vector_base<std::__cxx11::basic_string<char, std::char_traits<char>, std::allocator<char> >, std::allocator<std::__cxx11::basic_string<char, std::char_traits<char>, std::allocator<char> > > >::_Vector_impl::_Vector_impl(std::_Vector_base<std::__cxx11::basic_string<char, std::char_traits<char>, std::allocator<char> >, std::allocator<std::__cxx11::basic_string<char, std::char_traits<char>, std::allocator<char> > > >::_Vector_impl&&)
0x2e122 160 3 0 3
+1 * 3
+3 * 3
+4 * 3 0 3
+4 * 3 0 3
+4 * 3 3
+4 * 3 0 3
fi=(349)
+4 -21 3 3
+4 * 3 3 0 2 0 0 1
+4 * 3 0 3
+4 * 3 0 3
+4 * 3 3
+4 * 3 0 3
+4 * 3 3
+4 * 3 0 3
fi=(293)
+4 -47 3
fi=(292)
+1 +81 3
fe=(348)
+1 -12 3 3
+4 * 3 3
+4 * 3 0 3
fi=(349)
+4 -22 3 3
fe=(348)
+4 +22 3
+3 * 3
+3 * 3 0 3
cfn=(2014)
calls=3 0x30f36 -50 
* * 87 54 27 5 0 0 2
+5 +1 3
+1 * 3 3
+1 * 3 3

fn=(2132)
0x1ff42 373 6 0 6 2
+1 * 6
+3 * 6
+4 * 6 0 6
+4 +2 6 6
+4 * 6 6
+4 * 6 6
+4 * 6 6
+3 * 6
+3 * 6 0 6
+4 +1 6 6
+5 +2 6 6
+4 * 6 6
+4 * 6 6
+3 * 6 6
+4 * 6
+3 * 6
+3 * 6 0 6 2
cfn=(2134) std::_Vector_base<char, std::allocator<char> >::_M_deallocate(char*, unsigned long)
calls=6 0x27bac +16 
* * 66 18 24 4 0 0 0 0 0 6 4
+5 +1 6 6
+4 * 6
+3 * 6 0 6
cfn=(2136) std::_Vector_base<char, std::allocator<char> >::_Vector_impl::~_Vector_impl()
calls=6 0x1a9b0 139 
* * 114 36 36 13 0 0 1
+5 * 6
+1 * 6 6
+1 * 6 6

fn=(2162)
0x11956 1213 10 0 10
+1 * 10
+3 * 10
+4 * 10 0 10
+4 * 10 10
+9 * 10 0 10
+4 * 10
+2 +1 10 10
+4 * 10
+3 * 10 0 10
cfn=(2164) std::vector<unsigned long, std::allocator<unsigned long> >::end() const
calls=10 0x14520 1018 
* * 200 90 50 6 0 0 1 0 0 10 4
+5 * 10 0 10 3 0 0 1
+4 * 10 10
+4 * 10
+3 * 10 0 10
cfn=(2166) std::vector<unsigned long, std::allocator<unsigned long> >::begin() const
calls=10 0x144d6 998 
* * 190 90 50 3 0 0 1 0 0 10 3
+5 * 10 0 10
+4 * 10
+4 * 10 0 10
fi=(360)
+4 -48 10 10
+4 +63 10 10
+3 * 10
+4 * 10 0 10
+4 -63 10 10
+4 +63 10 10
+3 * 10
+3 * 10
fe=(348)
+3 -15 10 10
+4 * 10 10 0 3 0 0 1
+9 * 10 0 0 0 0 0 0 0 0 10 6
+7 * 10 10
+1 * 10 10

fn=(2272)
0xfe92 152 6 0 6
+1 * 6
+3 * 6
+4 * 6 0 6
+4 * 6 0 6
+4 * 6 6
+4 * 6 0 6
+4 * 6 6
+4 * 6 0 6
+4 * 6 6
+4 * 6 0 6
+4 * 6 6
+4 * 6 0 6 2 0 0 1
fi=(293)
+4 -60 6
fi=(292)
+1 +81 6
fe=(348)
+1 -20 6 6
+4 * 6
+3 * 6 0 6
cfn=(2274) std::_Vector_base<std::__cxx11::sub_match<__gnu_cxx::__normal_iterator<char const*, std::__cxx11::basic_string<char, std::char_traits<char>, std::allocator<char> > > >, std::allocator<std::__cxx11::sub_match<__gnu_cxx::__normal_iterator<char const*, std::__cxx11::basic_string<char, std::char_traits<char>, std::allocator<char> > > > > >::_Vector_impl_data::_Vector_impl_data()
calls=6 0x11b4a -48 
* * 72 30 30
+5 +1 6
+1 * 6 6
+1 * 6 6

fn=(2318)
0x145f6 589 2 0 2
+1 * 2
+3 * 2 0 2
+1 * 2
+4 * 2 0 2 2 0 0 1
+4 * 2 0 2
+4 * 2 0 2
+4 * 2 0 2
+4 +2 2 2
+4 * 2 2
+4 * 2 2
+4 * 2
+3 * 2
+3 * 2 0 2
cfn=(2320)
calls=2 0x183f8 2203 
* * 168 56 48 12 0 0 6 0 0 8 5
+5 * 2
+3 * 2 2
+4 * 2
+3 * 2
+3 * 2
+3 * 2 0 2
cfn=(2326)
calls=2 0x18498 339 
* * 1033 225 175 49 1 0 7 0 0 159 33 4
+5 +1 2 2
+4 * 2 2 0 2 0 0 1
+4 * 2 2
+4 * 2
+3 * 2
+3 * 2 0 2
cfn=(2336) std::vector<std::__cxx11::sub_match<__gnu_cxx::__normal_iterator<char const*, std::__cxx11::basic_string<char, std::char_traits<char>, std::allocator<char> > > >, std::allocator<std::__cxx11::sub_match<__gnu_cxx::__normal_iterator<char const*, std::__cxx11::basic_string<char, std::char_traits<char>, std::allocator<char> > > > > >::_M_fill_initialize(unsigned long, std::__cxx11::sub_match<__gnu_cxx::__normal_iterator<char const*, std::__cxx11::basic_string<char, std::char_traits<char>, std::allocator<char> > > > const&)
calls=2 0x184f6 1987 
* * 841 284 267 24 0 0 12 0 0 28 12
+5 * 2
+28 * 2 2
+4 * 2 2
+1 * 2 2

fn=(2322)
0x1cde2 2212 2 0 2 2 0 0 1
+1 * 2
+3 * 2
+4 * 2 0 2
+4 * 2 2
+9 * 2 0 2
+4 * 2
+2 +5 2 0 0 2 0 0 1
+10 * 2 0 2
+4 * 2 2
+4 * 2 0 2
+4 * 2 2
+4 * 2 0 2
+4 * 2 2
+4 * 2 0 2
fi=(293)
+4 245 2
+10 -50 2
fi=(318)
+1 752 2
fe=(348)
+1 2219 2 0 2
+4 +1 2
+4 * 2
+4 * 2
+3 * 2 0 0 2 0 0 1
+3 * 2 0 2
cfi=(294)
cfn=(1104)
calls=2 0x728a 232 
* * 26 14 6 0 0 0 0 0 0 2
+5 * 2 2
+3 +1 2 2
+4 * 2 2
+9 * 2 0 0 0 0 0 0 0 0 2 2
+7 * 2 2
+1 * 2 2

fn=(2330)
0x1d06c 386 4 0 4 2 0 0 1
+1 * 4
+3 * 4
+4 * 4 0 4
+4 * 4 0 4
+4 +3 4 4 0 2 0 0 1
+5 * 4 0 0 0 0 0 0 0 0 4
+2 * 4 4
+4 * 4 0 4
+4 * 4 4
+4 * 4 0 4
fi=(318)
+4 638 4 4
+4 * 4 4
+4 * 4
+5 * 4
+3 * 4
+3 * 4 0 4
cfi=(293)
cfn=(2332)
calls=4 0x2b756 129 
* * 1225 225 169 41 1 0 3 0 0 219 35 8
+5 * 4
+1 * 4
fe=(348)
+7 390 4 4
+1 * 4 4

fn=(2356)
0xabd8 790 6 0 6
+1 * 6
+3 * 6
+4 * 6 0 6
+4 +3 6 6
+4 * 6
+3 * 6 0 6
cfn=(2316)
calls=6 0xb8a8 307 
* * 36 18 12
+5 -1 6 6
+4 * 6 6
+4 * 6 6
+4 * 6 6
+3 * 6 0 6
+4 * 6 0 6
+4 * 6 0 6
fi=(318)
+4 1085 6 6
+4 * 6 6
+4 * 6
+3 * 6
+3 * 6 0 6
cfi=(346)
cfn=(2358)
calls=6 0xc858 219 
* * 42 12 18
+5 +1 6
fe=(348)
+1 795 6 6
+4 * 6
+3 * 6 0 6
cfn=(2362) std::_Vector_base<std::__cxx11::sub_match<__gnu_cxx::__normal_iterator<char const*, std::__cxx11::basic_string<char, std::char_traits<char>, std::allocator<char> > > >, std::allocator<std::__cxx11::sub_match<__gnu_cxx::__normal_iterator<char const*, std::__cxx11::basic_string<char, std::char_traits<char>, std::allocator<char> > > > > >::~_Vector_base()
calls=6 0xb846 373 
* * 622 214 142 2 0 0 1 0 0 30 4 12
+5 * 6
+1 * 6 6
+1 * 6 6

fn=(2364)
0xc80a 394 8 0 8
+1 * 8
+3 * 8
+4 * 8 0 8
+4 * 8 0 8
+4 * 8 0 8
+4 +3 8 8
+5 * 8 0 0 0 0 0 0 0 0 8 5
+2 +1 4 4
+4 * 4 0 4
+4 * 4 4
+4 * 4 0 4
+4 * 4 4
+4 * 4 0 4
fi=(318)
+4 689 4 4
+4 * 4 4
+4 * 4 4
+4 * 4
+3 * 4
+3 * 4 0 4
cfi=(293)
cfn=(2694)
calls=4 0xfed4 167 
* * 228 64 36 0 0 0 0 0 0 24 1 12
+5 * 4
fe=(348)
+1 399 4
+1 * 4 4
+1 * 4 4
-2 * 4
+1 * 4 4
+1 * 4 4

fn=(2404) std::_Vector_base<std::pair<__gnu_cxx::__normal_iterator<char const*, std::__cxx11::basic_string<char, std::char_traits<char>, std::allocator<char> > >, int>, std::allocator<std::pair<__gnu_cxx::__normal_iterator<char const*, std::__cxx11::basic_string<char, std::char_traits<char>, std::allocator<char> > >, int> > >::_Vector_impl_data::_Vector_impl_data()
0x185e0 105 2 0 2 2 0 0 1
+1 * 2
+3 * 2 0 2
+4 +1 2 2
+4 * 2 0 2
+7 * 2 2
+4 * 2 0 2
+8 * 2 2 0 2 0 0 1
+4 * 2 0 2
+8 +1 2
+1 * 2 2
+1 * 2 2

fn=(2472)
0x1d0f0 1870 2 0 2
+1 * 2
+3 * 2
+4 * 2 0 2
+4 +2 2 2
+4 * 2 2
+3 * 2
+3 * 2 0 0 0 0 0 0 0 0 2 2
+36 +2 2
+1 * 2 2
+1 * 2 2

fn=(2516)
0x18b08 1213 309 0 309 2 0 0 1
+1 * 309
+3 * 309
+4 * 309 0 309
+4 * 309 309
+9 * 309 0 309
+4 * 309
+2 +1 309 309
+4 * 309
+3 * 309 0 309
cfn=(2518)
calls=309 0x1d4fa 1018 
* * 6180 2781 1545 6 0 0 3 0 0 309 37
+5 * 309 0 309
+4 * 309 309
+4 * 309
+3 * 309 0 309
cfn=(2520)
calls=309 0x1d4b0 998 
* * 5871 2781 1545 0 0 0 0 0 0 309 20
+5 * 309 0 309
+4 * 309
+4 * 309 0 309
fi=(360)
+4 -48 309 309
+4 +63 309 309
+3 * 309
+4 * 309 0 309
+4 -63 309 309
+4 +63 309 309
+3 * 309
+3 * 309
fe=(348)
+3 -15 309 309
+4 * 309 309
+9 * 309 0 0 0 0 0 0 0 0 309 11
+7 * 309 309
+1 * 309 309

fn=(2530) std::vector<std::__detail::_State<char>, std::allocator<std::__detail::_State<char> > >::operator[](unsigned long) const
0x1d5ee 1270 83 0 83
+1 * 83
+3 * 83
+4 * 83 0 83
+4 * 83 0 83
+4 +2 83 83 0 2 0 0 1
+4 * 83
+3 * 83 0 83
cfn=(1722)
calls=83 0x10004 1107 
* * 1328 664 249
+5 * 83 83
+4 * 83
+3 * 83
+3 * 83
+3 * 83
+3 * 83
+2 * 83 0 0 0 0 0 0 0 0 83 10
+36 +1 83 83 0 2 0 0 1
+4 * 83 83
+3 * 83 83
+4 * 83
+3 * 83
+3 * 83
+3 * 83
+4 * 83
+3 +1 83 83
+1 * 83 83

fn=(2552)
0x11e90 394 10 0 10
+1 * 10
+3 * 10
+4 * 10 0 10
+4 * 10 0 10
+4 * 10 0 10
+4 +3 10 10
+5 * 10 0 0 0 0 0 0 0 0 10 2
+2 +1 10 10
+4 * 10 0 10
+4 * 10 10
+4 * 10 0 10
+4 * 10 10
+4 * 10 0 10
fi=(318)
+4 689 10 10
+4 * 10 10
+4 * 10 10
+4 * 10
+3 * 10
+3 * 10 0 10
cfi=(293)
cfn=(2554)
calls=10 0x185a6 167 
* * 570 160 90 0 0 0 0 0 0 60 0 30
+5 * 10
fe=(348)
+1 399 10
+1 * 10 10
+1 * 10 10

fn=(2634)
0xe4b2 988 4 0 4 2 0 0 1
+1 * 4
+3 * 4
+4 * 4 0 4
+4 * 4 4
+9 * 4 0 4
+4 * 4
+2 +1 4 4
+4 * 4 0 4
fi=(360)
+4 +70 4 4
+4 * 4 4
+3 * 4 0 4
+4 * 4
fe=(348)
+1 -70 4 4
+4 * 4 4
+4 * 4 4
+9 * 4 0 0 0 0 0 0 0 0 4 4
+7 * 4 4
+1 * 4 4

fn=(2802)
0x2cb2c 373 2 0 2 2
+1 * 2
+3 * 2
+4 * 2 0 2
+4 +2 2 2
+4 * 2 2
+4 * 2 2 0 2 0 0 1
+4 * 2 2
+3 * 2
+3 * 2
+4 * 2
+10 * 2
+4 * 2 0 2
+4 +1 2 2
+5 +2 2 2
+4 * 2 2
+4 * 2 2
+3 * 2 2
+4 * 2
+3 * 2
+3 * 2 0 2
cfn=(1784) std::_Vector_base<std::__detail::_State<char>, std::allocator<std::__detail::_State<char> > >::_M_deallocate(std::__detail::_State<char>*, unsigned long)
calls=2 0x1f116 +16 
* * 252 73 50 19 0 0 0 0 0 29 3 6
+5 +1 2 2
+4 * 2
+3 * 2 0 2
cfn=(2804) std::_Vector_base<std::__detail::_State<char>, std::allocator<std::__detail::_State<char> > >::_Vector_impl::~_Vector_impl()
calls=2 0x265de 139 
* * 38 12 12 4 0 0 1
+5 * 2
+1 * 2 2
+1 * 2 2

fn=(2818) std::_Vector_base<unsigned long, std::allocator<unsigned long> >::~_Vector_base()
0xa746 373 2 0 2 2
+1 * 2
+3 * 2
+4 * 2 0 2
+4 +2 2 2
+4 * 2 2
+4 * 2 2
+4 * 2 2
+3 * 2
+3 * 2
+3 * 2
+4 * 2 0 2
+4 +1 2 2
+5 +2 2 2
+4 * 2 2
+4 * 2 2
+3 * 2 2
+4 * 2
+3 * 2
+3 * 2 0 2
cfn=(1848)
calls=2 0xb43e +16 
* * 154 50 34 6 0 0 0 0 0 14 0 6
+5 +1 2 2
+4 * 2
+3 * 2 0 2
cfn=(2820)
calls=2 0x9916 139 
* * 38 12 12 1
+5 * 2
+1 * 2 2
+1 * 2 2

fn=(1572)
0x2661e 551 2 0 2 1 0 0 1
+1 * 2
+3 * 2
+4 * 2 0 2
+4 * 2 2
+4 * 2
+3 * 2 0 2
cfn=(1574)
calls=2 -47 321 
* * 76 26 26 6 0 0 4
+5 * 2
+1 * 2 2
+1 * 2 2

fn=(1716) std::vector<std::__detail::_State<char>, std::allocator<std::__detail::_State<char> > >::max_size() const
0x1f0f4 1118 22 0 22
+1 * 22
+3 * 22
+4 * 22 0 22
+4 +1 22 22 0 1 0 0 1
+4 * 22
+3 * 22 0 22
cfn=(1718) std::_Vector_base<std::__detail::_State<char>, std::allocator<std::__detail::_State<char> > >::_M_get_Tp_allocator() const
calls=22 0x26788 312 
* * 132 66 44 2 0 0 1
+5 * 22
+3 * 22 0 22
cfn=(1720) std::vector<std::__detail::_State<char>, std::allocator<std::__detail::_State<char> > >::_S_max_size(std::allocator<std::__detail::_State<char> > const&)
calls=22 0x2670b 2212 
* * 946 352 264 2 0 0 1 0 0 44 21
+5 * 22 22
+1 * 22 22

fn=(1730)
0x19c80 1865 11 0 11 2 0 0 1
+1 * 11
+3 * 11 0 11
+4 * 11 0 11
+4 * 11 0 11
+4 * 11 0 11
+4 +1 11 11
+4 * 11 11
+4 * 11 0 11
+3 * 11 11
+4 * 11 11
+4 * 11 0 11
+4 * 11 11
+4 * 11 11
+4 * 11 0 11
+4 +1 11
+1 * 11 11
+1 * 11 11

fn=(1870)
0x1aa30 321 3 0 3
+1 * 3
+3 * 3
+4 * 3 0 3
+4 * 3 3
+4 * 3
+3 * 3 0 3
cfn=(1872)
calls=3 0x1ff92 143 
* * 84 30 30 4 0 0 3
+5 * 3
+1 * 3 3
+1 * 3 3

fn=(1884)
0x1ab04 551 3 0 3
+1 * 3
+3 * 3
+4 * 3 0 3
+4 * 3 3
+4 * 3
+3 * 3 0 3
cfn=(1886)
calls=3 -47 321 
* * 114 39 39 4 0 0 3
+5 * 3
+1 * 3 3
+1 * 3 3

fn=(1890) std::_Vector_base<std::__cxx11::regex_traits<char>::_RegexMask, std::allocator<std::__cxx11::regex_traits<char>::_RegexMask> >::_Vector_impl_data::_Vector_impl_data()
0x27d0a 105 3 0 3 1 0 0 1
+1 * 3
+3 * 3 0 3
+4 +1 3 3
+4 * 3 0 3
+7 * 3 3
+4 * 3 0 3
+8 * 3 3
+4 * 3 0 3
+8 +1 3
+1 * 3 3
+1 * 3 3

fn=(1934)
0x28280 1069 3 0 3 2 0 0 1
+1 * 3
+3 * 3
+4 * 3 0 3
+4 * 3 3
+9 * 3 0 3
+4 * 3
+2 +1 3 3
+4 * 3 0 3
fi=(360)
+4 -11 3 3
+4 * 3 3
+3 * 3 0 3
+4 * 3
fe=(348)
+1 +11 3 3
+4 * 3 3
+4 * 3 3
+9 * 3 0 0 2 0 0 1 0 0 3 2
+7 * 3 3
+1 * 3 3

fn=(2028) std::_Vector_base<std::__cxx11::regex_traits<char>::_RegexMask, std::allocator<std::__cxx11::regex_traits<char>::_RegexMask> >::_Vector_impl::_Vector_impl(std::_Vector_base<std::__cxx11::regex_traits<char>::_RegexMask, std::allocator<std::__cxx11::regex_traits<char>::_RegexMask> >::_Vector_impl&&)
0x2e1d2 160 3 0 3
+1 * 3
+3 * 3
+4 * 3 0 3
+4 * 3 0 3
+4 * 3 3
+4 * 3 0 3
fi=(349)
+4 -21 3 3
+4 * 3 3
+4 * 3 0 3
+4 * 3 0 3
+4 * 3 3
+4 * 3 0 3 2 0 0 1
+4 * 3 3
+4 * 3 0 3
fi=(293)
+4 -47 3
fi=(292)
+1 +81 3
fe=(348)
+1 -12 3 3
+4 * 3 3
+4 * 3 0 3
fi=(349)
+4 -22 3 3
fe=(348)
+4 +22 3
+3 * 3
+3 * 3 0 3
cfn=(2030)
calls=3 0x31006 -50 
* * 87 54 27 2 0 0 1
+5 +1 3
+1 * 3 3
+1 * 3 3

fn=(2098) std::_Vector_base<std::pair<char, char>, std::allocator<std::pair<char, char> > >::_M_deallocate(std::pair<char, char>*, unsigned long)
0x27cbc 394 6 0 6 2
+1 * 6
+3 * 6 0 0 4 0 0 1
+4 * 6 0 6
+4 * 6 0 6
+4 * 6 0 6
+4 +3 6 6
+5 * 6 0 0 0 0 0 0 0 0 6 4
+50 +2 6
+1 * 6 6
+1 * 6 6

fn=(2118)
0x1aa0c 139 6 0 6 2
+1 * 6
+3 * 6
+4 * 6 0 6
+4 * 6 6
+4 * 6 0 6
fi=(292)
+4 +50 6 6
+4 * 6
+3 * 6 0 6
cfi=(293)
cfn=(2120)
calls=6 0x27c28 -85 
* * 36 12 12
+5 * 6
fe=(348)
+1 -50 6
+1 * 6 6
+1 * 6 6

fn=(2270) std::_Vector_base<std::__cxx11::sub_match<__gnu_cxx::__normal_iterator<char const*, std::__cxx11::basic_string<char, std::char_traits<char>, std::allocator<char> > > >, std::allocator<std::__cxx11::sub_match<__gnu_cxx::__normal_iterator<char const*, std::__cxx11::basic_string<char, std::char_traits<char>, std::allocator<char> > > > > >::_Vector_base(std::allocator<std::__cxx11::sub_match<__gnu_cxx::__normal_iterator<char const*, std::__cxx11::basic_string<char, std::char_traits<char>, std::allocator<char> > > > > const&)
0xdef6 327 4 0 4
+1 * 4
+3 * 4
+4 * 4 0 4 2 0 0 1
+4 * 4 0 4
+4 +1 4 4
+4 * 4 4
+4 * 4
+3 * 4
+3 * 4 0 4
cfn=(2272)
calls=4 0xfe92 152 
* * 132 48 52 2 0 0 1
+5 * 4
+1 * 4 4
+1 * 4 4

fn=(2380)
0x11e56 105 2 0 2
+1 * 2
+3 * 2 0 2
+4 +1 2 2
+4 * 2 0 2
+7 * 2 2
+4 * 2 0 2
+8 * 2 2
+4 * 2 0 2 2 0 0 1
+8 +1 2
+1 * 2 2
+1 * 2 2

fn=(2384)
0x11e48 312 2 0 2
+1 * 2
+3 * 2 0 2
+4 +1 2 2
+4 * 2 2
+1 * 2 2

fn=(2390)
0x10126 576 2 0 2 2 0 0 1
+1 * 2
+3 * 2 0 2
+1 * 2
+4 * 2 0 2
+4 * 2 0 2
+4 * 2 0 2
+4 +1 2 2
+4 * 2 2 0 2 0 0 1
+4 * 2 2
+4 * 2
+3 * 2
+3 * 2 0 2
cfn=(2392)
calls=2 0x11ef7 2203 
* * 168 56 48 14 0 0 7 0 0 8 5
+5 * 2
+3 * 2 2
+4 * 2
+3 * 2
+3 * 2
+3 * 2 0 2
cfn=(2400) std::_Vector_base<std::pair<__gnu_cxx::__normal_iterator<char const*, std::__cxx11::basic_string<char, std::char_traits<char>, std::allocator<char> > >, int>, std::allocator<std::pair<__gnu_cxx::__normal_iterator<char const*, std::__cxx11::basic_string<char, std::char_traits<char>, std::allocator<char> > >, int> > >::_Vector_base(unsigned long, std::allocator<std::pair<__gnu_cxx::__normal_iterator<char const*, std::__cxx11::basic_string<char, std::char_traits<char>, std::allocator<char> > >, int> > const&)
calls=2 0x11fba 339 
* * 596 152 126 27 2 0 10 0 0 64 5 4
+5 +1 2 2
+4 * 2 2
+4 * 2
+3 * 2
+3 * 2 0 2
cfn=(2414)
calls=2 0x12070 1998 
* * 1722 556 576 20 0 0 10 0 0 62 24
+5 * 2
+28 * 2 2 0 2 0 0 1
+4 * 2 2
+1 * 2 2

fn=(2400)
0x11fba 339 2 0 2
+1 * 2
+3 * 2 0 2
+1 * 2 0 0 2 0 0 1
+4 * 2 0 2
+4 * 2 0 2
+4 * 2 0 2
+4 +1 2 2
+4 * 2 2
+4 * 2
+3 * 2
+3 * 2 0 2
cfn=(2402) std::_Vector_base<std::pair<__gnu_cxx::__normal_iterator<char const*, std::__cxx11::basic_string<char, std::char_traits<char>, std::allocator<char> > >, int>, std::allocator<std::pair<__gnu_cxx::__normal_iterator<char const*, std::__cxx11::basic_string<char, std::char_traits<char>, std::allocator<char> > >, int> > >::_Vector_impl::_Vector_impl(std::allocator<std::pair<__gnu_cxx::__normal_iterator<char const*, std::__cxx11::basic_string<char, std::char_traits<char>, std::allocator<char> > >, int> > const&)
calls=2 0x14830 152 
* * 66 24 26 6 0 0 3
+5 +1 2 2
+4 * 2 2
+4 * 2
+3 * 2
+3 * 2 0 2
cfn=(2406) std::_Vector_base<std::pair<__gnu_cxx::__normal_iterator<char const*, std::__cxx11::basic_string<char, std::char_traits<char>, std::allocator<char> > >, int>, std::allocator<std::pair<__gnu_cxx::__normal_iterator<char const*, std::__cxx11::basic_string<char, std::char_traits<char>, std::allocator<char> > >, int> > >::_M_create_storage(unsigned long)
calls=2 0x14872 +64 
* * 488 114 86 17 2 0 5 0 0 64 5 4
+5 * 2
+28 * 2 2 0 2 0 0 1
+4 * 2 2
+1 * 2 2

fn=(2488)
0x2fa45 2212 20 0 20 2 0 0 1
+1 * 20
+3 * 20
+4 * 20 0 20
+4 * 20 20
+9 * 20 0 20
+4 * 20
+2 +5 20
+10 * 20 0 20
+4 * 20 20
+4 * 20 0 20
+4 * 20 20
+4 * 20 0 20
+4 * 20 20 0 2 0 0 1
+4 * 20 0 20
fi=(293)
+4 245 20
+10 -50 20
fi=(318)
+1 752 20
fe=(348)
+1 2219 20 0 20
+4 +1 20
+4 * 20
+4 * 20
+3 * 20
+3 * 20 0 20
cfi=(294)
cfn=(1104)
calls=20 0x728a 232 
* * 260 140 60 0 0 0 0 0 0 20
+5 * 20 20
+3 +1 20 20
+4 * 20 20
+9 * 20 0 0 0 0 0 0 0 0 20 4
+7 * 20 20
+1 * 20 20

fn=(2506)
0x11ede 307 12 0 12
+1 * 12
+3 * 12 0 12
+4 +1 12 12
+4 * 12 12
+1 * 12 12

fn=(1566) std::_Vector_base<unsigned long, std::allocator<unsigned long> >::_Vector_base()
0x993a 321 2 0 2 1 0 0 1
+1 * 2
+3 * 2
+4 * 2 0 2
+4 * 2 2
+4 * 2
+3 * 2 0 2
cfn=(1568) std::_Vector_base<unsigned long, std::allocator<unsigned long> >::_Vector_impl::_Vector_impl()
calls=2 0xa718 143 
* * 56 20 20 4 0 0 3
+5 * 2
+1 * 2 2
+1 * 2 2

fn=(1678)
0x12ce2 1107 20 0 20 2 0 0 1
+1 * 20
+3 * 20 0 20
+4 +2 20 20
+4 * 20 20
+4 * 20 20
+4 * 20 20
+3 * 20
+3 * 20
+3 * 20 0 0 2 0 0 1
+4 * 20 0 20
+4 +1 20 20
+5 +2 20 20
+4 +1 20 20
+1 * 20 20

fn=(1680)
0x12d12 386 4 0 4
+1 * 4
+3 * 4
+4 * 4 0 4
+4 * 4 0 4
+4 +3 4 4
+5 * 4 0 0 0 0 0 0 0 0 4
+2 * 4 4
+4 * 4 0 4
+4 * 4 4
+4 * 4 0 4
fi=(318)
+4 638 4 4
+4 * 4 4 0 2 0 0 1
+4 * 4
+5 * 4
+3 * 4
+3 * 4 0 4
cfi=(293)
cfn=(1682)
calls=4 0x19ad0 129 
* * 516 108 84 2 0 1 1 0 0 75 11 8
+5 * 4
+1 * 4
fe=(348)
+7 390 4 4
+1 * 4 4

fn=(1866)
0x27b7e 105 3 0 3 3 0 0 1
+1 * 3 0 0 1 0 0 1
+3 * 3 0 3
+4 +1 3 3
+4 * 3 0 3
+7 * 3 3
+4 * 3 0 3
+8 * 3 3
+4 * 3 0 3
+8 +1 3
+1 * 3 3
+1 * 3 3

fn=(1966)
0x2891a 998 354 0 354 2 0 0 1
+1 * 354
+3 * 354
+4 * 354 0 354
+4 * 354 354
+9 * 354 0 354
+4 * 354
+2 +1 354 354
+4 * 354 0 354
fi=(360)
+4 +60 354 354
+4 * 354 354
+3 * 354 0 354
+4 * 354
fe=(348)
+1 -60 354 354
+4 * 354 354
+4 * 354 354
+9 * 354 0 0 0 0 0 0 0 0 354 2
+7 * 354 354
+1 * 354 354

fn=(2008)
0x28b1a 640 3 0 3 2 0 0 1
+1 * 3
+3 * 3
+4 * 3 0 3
+4 * 3 0 3
+4 * 3 3
+4 * 3 3
+4 * 3
+3 * 3
+3 * 3 0 3
cfn=(2010) std::_Vector_base<std::__cxx11::basic_string<char, std::char_traits<char>, std::allocator<char> >, std::allocator<std::__cxx11::basic_string<char, std::char_traits<char>, std::allocator<char> > > >::_Vector_base(std::_Vector_base<std::__cxx11::basic_string<char, std::char_traits<char>, std::allocator<char> >, std::allocator<std::__cxx11::basic_string<char, std::char_traits<char>, std::allocator<char> > > >&&)
calls=3 -68 344 
* * 207 96 69 7 0 0 3
+5 * 3
+1 * 3 3
+1 * 3 3

fn=(2010)
0x28af4 344 3 0 3
+1 * 3
+3 * 3
+4 * 3 0 3
+4 * 3 0 3
+4 * 3 3
+4 * 3 3
+4 * 3
+3 * 3
+3 * 3 0 3
cfn=(2012)
calls=3 0x2e122 160 
* * 168 84 57 7 0 0 3
+5 * 3
+1 * 3 3
+1 * 3 3

fn=(2018) std::_Vector_base<std::pair<char, char>, std::allocator<std::pair<char, char> > >::_Vector_base(std::_Vector_base<std::pair<char, char>, std::allocator<std::pair<char, char> > >&&)
0x28b40 344 3 0 3
+1 * 3
+3 * 3
+4 * 3 0 3
+4 * 3 0 3
+4 * 3 3
+4 * 3 3
+4 * 3
+3 * 3
+3 * 3 0 3
cfn=(2020)
calls=3 0x2e17a 160 
* * 168 84 57 8 0 1 4
+5 * 3
+1 * 3 3
+1 * 3 3

fn=(2328)
0x1ce60 405 2 0 2
+1 * 2
+3 * 2
+4 * 2 0 2
+4 * 2 0 2
+4 +2 2 2
+4 * 2 2
+4 * 2
+3 * 2
+3 * 2 0 2 2 0 0 1
cfn=(2330)
calls=2 0x1d06c -21 
* * 867 163 121 45 1 0 5 0 0 159 33 4
+5 * 2 2
+4 * 2 0 2
+3 +1 2 2
+4 * 2 2
+3 * 2 2
+4 * 2 0 2
+4 +1 2 2
+4 * 2 2
+3 * 2 2
+4 * 2
+3 * 2
+3 * 2
+3 * 2
+4 * 2
+4 * 2 2
+4 * 2 0 2
+4 +1 2
+1 * 2 2
+1 * 2 2

fn=(2354) std::_Vector_base<std::__cxx11::sub_match<__gnu_cxx::__normal_iterator<char const*, std::__cxx11::basic_string<char, std::char_traits<char>, std::allocator<char> > > >, std::allocator<std::__cxx11::sub_match<__gnu_cxx::__normal_iterator<char const*, std::__cxx11::basic_string<char, std::char_traits<char>, std::allocator<char> > > > > >::_Vector_impl_data::_M_copy_data(std::_Vector_base<std::__cxx11::sub_match<__gnu_cxx::__normal_iterator<char const*, std::__cxx11::basic_string<char, std::char_traits<char>, std::allocator<char> > > >, std::allocator<std::__cxx11::sub_match<__gnu_cxx::__normal_iterator<char const*, std::__cxx11::basic_string<char, std::char_traits<char>, std::allocator<char> > > > > >::_Vector_impl_data const&)
0x1853c 119 6 0 6
+1 * 6
+3 * 6 0 6
+4 * 6 0 6
+4 +2 6 6
+4 * 6 6
+3 * 6 6
+4 * 6 0 6
+3 +1 6 6
+4 * 6 6
+4 * 6 6
+4 * 6 0 6
+4 +1 6 6
+4 * 6 6
+4 * 6 6
+4 * 6 0 6
+4 +1 6
+1 * 6 6
+1 * 6 6

fn=(2362)
0xb846 373 6 0 6 2 0 0 1
+1 * 6
+3 * 6
+4 * 6 0 6
+4 +2 6 6
+4 * 6 6
+4 * 6 6
+4 * 6 6
+3 * 6
+3 * 6
+4 * 6
+10 * 6
+4 * 6 0 6
+4 +1 6 6
+5 +2 6 6
+4 * 6 6
+4 * 6 6
+3 * 6 6
+4 * 6
+3 * 6
+3 * 6 0 6
cfn=(2364)
calls=6 0xc80a +16 
* * 346 106 76 0 0 0 0 0 0 30 4 12
+5 +1 6 6
+4 * 6
+3 * 6 0 6
cfn=(2366) std::_Vector_base<std::__cxx11::sub_match<__gnu_cxx::__normal_iterator<char const*, std::__cxx11::basic_string<char, std::char_traits<char>, std::allocator<char> > > >, std::allocator<std::__cxx11::sub_match<__gnu_cxx::__normal_iterator<char const*, std::__cxx11::basic_string<char, std::char_traits<char>, std::allocator<char> > > > > >::_Vector_impl::~_Vector_impl()
calls=6 0xb822 139 
* * 114 36 36
+5 * 6
+1 * 6 6
+1 * 6 6

fn=(2366)
0xb822 139 6 0 6
+1 * 6
+3 * 6
+4 * 6 0 6
+4 * 6 6
+4 * 6 0 6
fi=(292)
+4 +50 6 6
+4 * 6
+3 * 6 0 6
cfi=(293)
cfn=(2278)
calls=6 0xc7d8 -85 
* * 36 12 12
+5 * 6
fe=(348)
+1 -50 6
+1 * 6 6
+1 * 6 6

fn=(2434)
0xe068 551 2 0 2 2 0 0 1
+1 * 2
+3 * 2
+4 * 2 0 2
+4 * 2 2
+4 * 2
+3 * 2 0 2
cfn=(2436)
calls=2 -47 321 
* * 76 26 26 6 0 0 3
+5 * 2
+1 * 2 2
+1 * 2 2

fn=(2606) std::vector<std::pair<__gnu_cxx::__normal_iterator<char const*, std::__cxx11::basic_string<char, std::char_traits<char>, std::allocator<char> > >, int>, std::allocator<std::pair<__gnu_cxx::__normal_iterator<char const*, std::__cxx11::basic_string<char, std::char_traits<char>, std::allocator<char> > >, int> > >::size() const
0x1ec4c 1107 27 0 27 2 0 0 1
+1 * 27
+3 * 27 0 27
+4 +2 27 27
+4 * 27 27
+4 * 27 27
+4 * 27 27
+3 * 27
+3 * 27
+3 * 27
+4 * 27 0 27
+4 +1 27 27
+5 +2 27 27
+4 +1 27 27
+1 * 27 27

fn=(2690)
0x11f96 139 2 0 2
+1 * 2
+3 * 2
+4 * 2 0 2
+4 * 2 2
+4 * 2 0 2
fi=(292)
+4 +50 2 2
+4 * 2
+3 * 2 0 2
cfi=(293)
cfn=(2396)
calls=2 0x11eec -85 
* * 12 4 4
+5 * 2
fe=(348)
+1 -50 2
+1 * 2 2
+1 * 2 2

fn=(1564)
0x9956 551 2 0 2
+1 * 2
+3 * 2
+4 * 2 0 2
+4 * 2 2
+4 * 2
+3 * 2 0 2
cfn=(1566)
calls=2 -47 321 
* * 76 26 26 5 0 0 4
+5 * 2
+1 * 2 2
+1 * 2 2

fn=(1666)
0xf32c 1406 5 0 5
+1 * 5
+3 * 5 0 5
+1 * 5
+4 * 5 0 5
+4 * 5 0 5
+4 +2 5 5 0 2 0 0 1
+4 * 5 5
+4 * 5 5
+4 * 5 5
+4 * 5
+3 * 5 0 0 0 0 0 0 0 0 5 3
+6 +3 1 1
+4 * 1 1
+4 * 1 1
+4 * 1 0 1
+4 * 1 0 1
+4 * 1 1
+4 * 1 0 1
+4 * 1 1
+4 * 1 0 1
fi=(349)
+4 73 1 1
+4 * 1 1 0 1 0 0 1
+4 * 1 0 1
+4 * 1 0 1
+4 * 1 1
+4 * 1 0 1
fi=(293)
+4 203 1 1
+4 * 1
+3 * 1
+5 * 1 0 1
cfi=(344)
cfn=(1542)
calls=1 0x917a -33 
* * 7 3 3
+5 * 1 1
+4 * 1 0 1
fi=(349)
+4 73 1 1
fi=(293)
+4 203 1 1
+3 * 1 0 1
+3 * 1
+5 * 1
+2 * 1 0 0 0 0 0 0 0 0 1 1
+13 * 1
fi=(318)
+1 720 1
fe=(348)
+1 1413 1 1
+4 * 1 1
+4 * 1
+4 * 1 1
+4 * 1 0 1
+4 +5 1
+2 -1 4 4 0 2 0 0 1
+4 * 4 4
+4 * 4
+3 * 4
+3 * 4 0 4
cfi=(352)
cfn=(1668)
calls=4 0x11364 565 
* * 2668 972 694 52 0 1 25 0 0 151 55 16 2
+5 +1 5
+1 * 5 5
+4 * 5 5
+1 * 5 5

fn=(1720)
0x2670b 2212 22 0 22
+1 * 22
+3 * 22
+4 * 22 0 22
+4 * 22 22
+9 * 22 0 22
+4 * 22
+2 +5 22
+10 * 22 0 22
+4 * 22 22
+4 * 22 0 22
+4 * 22 22
+4 * 22 0 22 2 0 0 1
+4 * 22 22
+4 * 22 0 22
fi=(293)
+4 245 22
+10 -50 22
fi=(318)
+1 752 22
fe=(348)
+1 2219 22 0 22
+4 +1 22
+4 * 22
+4 * 22
+3 * 22
+3 * 22 0 22
cfi=(294)
cfn=(1104)
calls=22 0x728a 232 
* * 286 154 66 0 0 0 0 0 0 22 9
+5 * 22 22
+3 +1 22 22
+4 * 22 22
+9 * 22 0 0 0 0 0 0 0 0 22 12
+7 * 22 22
+1 * 22 22

fn=(1734)
0x19cf8 307 13 0 13 3 0 0 1
+1 * 13
+3 * 13 0 13
+4 +1 13 13 0 3 0 0 1
+4 * 13 13
+1 * 13 13

fn=(1740)
0x19cba 1870 11 0 11
+1 * 11
+3 * 11
+4 * 11 0 11
+4 +2 11 11
+4 * 11 11
+3 * 11
+3 * 11 0 0 0 0 0 0 0 0 11 5
+2 +1 9 9
+4 * 9 9
+4 * 9 9
+4 * 9 9
+4 * 9 9
+4 * 9 9
+3 * 9
+3 * 9
+3 * 9 0 9
cfn=(1784)
calls=9 0x1f116 394 
* * 1512 474 291 6 18 5 1 2 0 156 10 31 10
+5 +1 11
+1 * 11 11
+1 * 11 11

fn=(1744)
0x19d50 1213 28 0 28
+1 * 28
+3 * 28
+4 * 28 0 28
+4 * 28 28
+9 * 28 0 28
+4 * 28
+2 +1 28 28
+4 * 28
+3 * 28 0 28
cfn=(1746)
calls=28 0x1f212 1018 
* * 560 252 140 4 0 0 2 0 0 28 9
+5 * 28 0 28
+4 * 28 28
+4 * 28 0 0 2 0 0 1
+3 * 28 0 28
cfn=(1748) std::vector<std::__detail::_State<char>, std::allocator<std::__detail::_State<char> > >::begin() const
calls=28 0x1f1c8 998 
* * 532 252 140 0 0 0 0 0 0 28 10
+5 * 28 0 28
+4 * 28
+4 * 28 0 28
fi=(360)
+4 -48 28 28
+4 +63 28 28
+3 * 28
+4 * 28 0 28
+4 -63 28 28
+4 +63 28 28
+3 * 28
+3 * 28
fe=(348)
+3 -15 28 28
+4 * 28 28
+9 * 28 0 0 0 0 0 0 0 0 28 5
+7 * 28 28 0 2 0 0 1
+1 * 28 28

fn=(1862)
0x1a9d4 321 3 0 3
+1 * 3
+3 * 3
+4 * 3 0 3
+4 * 3 3
+4 * 3
+3 * 3 0 3
cfn=(1864)
calls=3 0x1ff14 143 
* * 84 30 30 8 0 0 4
+5 * 3
+1 * 3 3
+1 * 3 3

fn=(1876)
0x1aaa8 551 3 0 3 1 0 0 1
+1 * 3
+3 * 3
+4 * 3 0 3
+4 * 3 3
+4 * 3
+3 * 3 0 3
cfn=(1878)
calls=3 -47 321 
* * 114 39 39 3 0 0 3
+5 * 3 0 0 1 0 0 1
+1 * 3 3
+1 * 3 3

fn=(2002)
0x28aa8 344 3 0 3
+1 * 3
+3 * 3
+4 * 3 0 3
+4 * 3 0 3
+4 * 3 3
+4 * 3 3
+4 * 3
+3 * 3
+3 * 3 0 3
cfn=(2004)
calls=3 0x2e0ca 160 
* * 168 84 57 10 0 0 4
+5 * 3
+1 * 3 3
+1 * 3 3

fn=(2022)
0x30f9e 111 3 0 3
+1 * 3
+3 * 3 0 3
+4 * 3 0 3
+4 +1 3 3
+4 * 3 3
+3 * 3 3
+4 * 3 0 3
+3 * 3 3
+4 * 3 3
+4 * 3 3 0 2 0 0 1
+4 * 3 0 3
+4 +1 3 3
+4 * 3 3
+4 * 3 3
+4 * 3 0 3 0 0 1
+4 +1 3 3
+4 * 3 0 3
+8 * 3 3
+4 * 3 3
+4 * 3 3
+4 * 3 0 3
+4 * 3 3
+4 * 3 3
+4 * 3 3
+4 * 3 0 3 2 0 0 1
+3 * 3
+1 * 3 3
+1 * 3 3

fn=(2024)
0x28bb2 640 3 0 3
+1 * 3
+3 * 3
+4 * 3 0 3
+4 * 3 0 3
+4 * 3 3
+4 * 3 3
+4 * 3
+3 * 3
+3 * 3 0 3
cfn=(2026) std::_Vector_base<std::__cxx11::regex_traits<char>::_RegexMask, std::allocator<std::__cxx11::regex_traits<char>::_RegexMask> >::_Vector_base(std::_Vector_base<std::__cxx11::regex_traits<char>::_RegexMask, std::allocator<std::__cxx11::regex_traits<char>::_RegexMask> >&&)
calls=3 -68 344 
* * 207 96 69 4 0 0 2
+5 * 3
+1 * 3 3
+1 * 3 3

fn=(2026)
0x28b8c 344 3 0 3
+1 * 3
+3 * 3
+4 * 3 0 3
+4 * 3 0 3
+4 * 3 3
+4 * 3 3
+4 * 3
+3 * 3
+3 * 3 0 3
cfn=(2028)
calls=3 0x2e1d2 160 
* * 168 84 57 4 0 0 2
+5 * 3
+1 * 3 3
+1 * 3 3

fn=(2080)
0x27d44 394 6 0 6 4 0 0 1
+1 * 6
+3 * 6
+4 * 6 0 6
+4 * 6 0 6
+4 * 6 0 6
+4 +3 6 6
+5 * 6 0 0 0 0 0 0 0 0 6 4
+50 +2 6 0 0 2
+1 * 6 6
+1 * 6 6

fn=(2134)
0x27bac 394 6 0 6 2
+1 * 6
+3 * 6
+4 * 6 0 6
+4 * 6 0 6
+4 * 6 0 6
+4 +3 6 6 0 2
+5 * 6 0 0 0 0 0 0 0 0 6 4
+50 +2 6
+1 * 6 6
+1 * 6 6

fn=(2274)
0x11b4a 105 8 0 8
+1 * 8
+3 * 8 0 8
+4 +1 8 8
+4 * 8 0 8
+7 * 8 8
+4 * 8 0 8
+8 * 8 8
+4 * 8 0 8
+8 +1 8
+1 * 8 8
+1 * 8 8

fn=(2394)
0x147b2 2212 2 0 2 2 0 0 1
+1 * 2
+3 * 2
+4 * 2 0 2
+4 * 2 2 0 2 0 0 1
+9 * 2 0 2
+4 * 2
+2 +5 2
+10 * 2 0 2
+4 * 2 2
+4 * 2 0 2
+4 * 2 2
+4 * 2 0 2
+4 * 2 2
+4 * 2 0 2
fi=(293)
+4 245 2
+10 -50 2
fi=(318)
+1 752 2
fe=(348)
+1 2219 2 0 2 2 0 0 1
+4 +1 2
+4 * 2
+4 * 2
+3 * 2
+3 * 2 0 2
cfi=(294)
cfn=(1104)
calls=2 0x728a 232 
* * 26 14 6 0 0 0 0 0 0 2 1
+5 * 2 2
+3 +1 2 2
+4 * 2 2
+9 * 2 0 0 0 0 0 0 0 0 2 2
+7 * 2 2
+1 * 2 2

fn=(2440)
0x120be 105 2 0 2
+1 * 2 0 0 2 0 0 1
+3 * 2 0 2
+4 +1 2 2
+4 * 2 0 2
+7 * 2 2
+4 * 2 0 2
+8 * 2 2
+4 * 2 0 2
+8 +1 2
+1 * 2 2
+1 * 2 2

fn=(2470)
0x1d15e 1878 2 0 2
+1 * 2
+3 * 2 0 2
+4 +2 2 2
+4 * 2 2
+3 * 2 0 2
+4 +1 2 2
+4 * 2 0 2
+7 +1 2 2
+4 +1 2 2 0 2 0 0 1
+1 * 2 2

fn=(2522)
0x1d548 1008 163 0 163
+1 * 163
+3 * 163
+4 * 163 0 163
+4 * 163 163
+9 * 163 0 163
+4 * 163
+2 +1 163 163
+4 * 163
+4 * 163 0 163
fi=(360)
+4 +50 163 163
+4 * 163 163
+3 * 163 0 163
+4 * 163
fe=(348)
+1 -50 163 163
+4 * 163 163 0 2 0 0 1
+4 * 163 163
+9 * 163 0 0 0 0 0 0 0 0 163 8
+7 * 163 163
+1 * 163 163

fn=(2524) std::vector<std::__detail::_ExecutorFrame<__gnu_cxx::__normal_iterator<char const*, std::__cxx11::basic_string<char, std::char_traits<char>, std::allocator<char> > >, true>, std::allocator<std::__detail::_ExecutorFrame<__gnu_cxx::__normal_iterator<char const*, std::__cxx11::basic_string<char, std::char_traits<char>, std::allocator<char> > >, true> > >::pop_back()
0x18c36 1447 72 0 72
+1 * 72
+3 * 72
+4 * 72 0 72 2 0 0 1
+4 +2 72 72
+4 * 72
+3 * 72 0 72
cfn=(2516)
calls=72 0x18b08 1213 
* * 4968 2088 1368 0 0 0 0 0 0 216
+5 * 72
+3 * 72
+3 * 72
+3 * 72
+2 * 72 0 0 0 0 0 0 0 0 72
+36 +1 72 72 0 2 0 0 1
+4 * 72 72
+4 * 72
+4 * 72 72
+4 * 72 0 72
+4 +1 72 72
+4 * 72 72
+4 * 72 72
+4 * 72 0 72
+4 * 72 0 72
+4 * 72 72
+4 * 72 0 72
+4 * 72 72
+4 * 72 0 72
fi=(293)
+4 210 72
fi=(318)
+1 740 72
fe=(348)
+1 1453 72
+1 * 72 72
+1 * 72 72

fn=(2534)
0xe5ae 1251 29 0 29 2 0 0 1
+1 * 29
+3 * 29
+4 * 29 0 29
+4 * 29 0 29
+4 +2 29 29 0 2 0 0 1
+4 * 29
+3 * 29 0 29
cfn=(2312)
calls=29 0xcdae 1107 
* * 464 232 87
+5 * 29 29
+4 * 29
+3 * 29
+3 * 29
+3 * 29
+3 * 29
+2 * 29 0 0 0 0 0 0 0 0 29 10
+36 +1 29 29
+4 * 29 29
+3 * 29 29
+4 * 29
+3 * 29
+3 * 29
+3 * 29
+4 * 29
+3 +1 29 29
+1 * 29 29

fn=(2706) std::_Vector_base<std::__detail::_ExecutorFrame<__gnu_cxx::__normal_iterator<char const*, std::__cxx11::basic_string<char, std::char_traits<char>, std::allocator<char> > >, true>, std::allocator<std::__detail::_ExecutorFrame<__gnu_cxx::__normal_iterator<char const*, std::__cxx11::basic_string<char, std::char_traits<char>, std::allocator<char> > >, true> > >::_Vector_impl::~_Vector_impl()
0xdfcc 139 2 0 2
+1 * 2
+3 * 2
+4 * 2 0 2
+4 * 2 2
+4 * 2 0 2
fi=(292)
+4 +50 2 2
+4 * 2
+3 * 2 0 2
cfi=(293)
cfn=(2708)
calls=2 0x11e84 -85 
* * 12 4 4
+5 * 2
fe=(348)
+1 -50 2
+1 * 2 2
+1 * 2 2

fn=(2804)
0x265de 139 2 0 2 2 0 0 1
+1 * 2
+3 * 2
+4 * 2 0 2
+4 * 2 2
+4 * 2 0 2
fi=(292)
+4 +50 2 2
+4 * 2
+3 * 2 0 2
cfi=(293)
cfn=(2806)
calls=2 0x2fdce -85 
* * 12 4 4 2
+5 * 2
fe=(348)
+1 -50 2
+1 * 2 2
+1 * 2 2

fn=(1570) std::_Vector_base<unsigned long, std::allocator<unsigned long> >::_Vector_impl_data::_Vector_impl_data()
0xb404 105 2 0 2 1 0 0 1
+1 * 2
+3 * 2 0 2
+4 +1 2 2
+4 * 2 0 2
+7 * 2 2
+4 * 2 0 2
+8 * 2 2
+4 * 2 0 2
+8 +1 2
+1 * 2 2
+1 * 2 2

fn=(1578)
0x2fda0 105 2 0 2 2 0 0 1
+1 * 2
+3 * 2 0 2
+4 +1 2 2
+4 * 2 0 2
+7 * 2 2
+4 * 2 0 2
+8 * 2 2 0 1 0 0 1
+4 * 2 0 2
+8 +1 2
+1 * 2 2
+1 * 2 2

fn=(1672)
0x15584 1118 8 0 8
+1 * 8
+3 * 8
+4 * 8 0 8
+4 +1 8 8
+4 * 8
+3 * 8 0 8
cfn=(1674)
calls=8 0x19ac2 312 
* * 48 24 16 2 0 0 1
+5 * 8
+3 * 8 0 8
cfn=(1676)
calls=8 0x19a44 2212 
* * 344 128 96 2 0 0 1 0 0 16 14
+5 * 8 8
+1 * 8 8

fn=(1714)
0x19b36 2192 11 0 11
+1 * 11
+3 * 11 0 11
+1 * 11
+4 * 11 0 11 3 0 0 1
+4 * 11 0 11
+4 * 11 0 11
+4 * 11 11
+9 * 11 0 11
+4 * 11
+2 +2 11 11
+4 * 11
+3 * 11 0 11
cfn=(1716)
calls=11 0x1f0f4 1118 
* * 660 242 198 5 0 0 3 0 0 22 14
+5 * 11
+3 * 11 11
+4 * 11
+3 * 11 0 11
cfn=(1722)
calls=11 0x10004 1107 
* * 176 88 33 2 0 0 1
+5 * 11
+3 * 11
+3 * 11 11
+4 * 11 0 0 3 0 0 1
+3 * 11
+3 * 11
+2 * 11 0 0 0 0 0 0 0 0 11 3
+34 +3 11 11
+4 * 11
+3 * 11 0 11
cfn=(1722)
calls=11 0x10004 1107 
* * 176 88 33
+5 * 11
+3 * 11 11
+4 * 11
+3 * 11 0 11 4 0 0 1
cfn=(1722)
calls=11 0x10004 1107 
* * 176 88 33
+5 * 11 0 11
+4 * 11
+4 * 11
+4 * 11
+3 * 11
+3 * 11 0 11
cfi=(294)
cfn=(1618)
calls=11 0x12a26 256 
* * 145 77 33 5 0 0 0 0 0 11 7
+5 * 11 11
+3 * 11
+3 * 11 0 11
+4 +1 11 11
+4 * 11
+3 * 11 0 11
cfn=(1722)
calls=11 0x10004 1107 
* * 176 88 33
+5 * 11 11
+4 * 11 0 0 0 0 0 0 0 0 11
+2 * 11 11
+4 * 11
+3 * 11 0 11 5 0 0 1
cfn=(1716)
calls=11 0x1f0f4 1118 
* * 660 242 198 0 0 0 0 0 0 22 7
+5 * 11 11
+4 * 11 0 0 0 0 0 0 0 0 11 4
+16 * 11 11
+4 +1 11 11
+4 * 11 11
+9 * 11 0 0 0 0 0 0 0 0 11 5
+7 * 11 11
+4 * 11 11
+1 * 11 11

fn=(1718)
0x26788 312 22 0 22 2 0 0 1
+1 * 22
+3 * 22 0 22
+4 +1 22 22
+4 * 22 22
+1 * 22 22

fn=(1750)
0xfc2a 1008 30 0 30 2 0 0 1
+1 * 30
+3 * 30
+4 * 30 0 30
+4 * 30 30
+9 * 30 0 30
+4 * 30
+2 +1 30 30
+4 * 30
+4 * 30 0 30
fi=(360)
+4 +50 30 30
+4 * 30 30
+3 * 30 0 30
+4 * 30
fe=(348)
+1 -50 30 30
+4 * 30 30
+4 * 30 30
+9 * 30 0 0 0 0 0 0 0 0 30 6
+7 * 30 30
+1 * 30 30

fn=(1784)
0x1f116 394 11 0 11 2
+1 * 11
+3 * 11
+4 * 11 0 11
+4 * 11 0 11
+4 * 11 0 11
+4 +3 11 11
+5 * 11 0 0 0 0 0 0 0 0 11
+2 +1 11 11
+4 * 11 0 11
+4 * 11 11
+4 * 11 0 11 2
+4 * 11 11
+4 * 11 0 11
fi=(318)
+4 689 11 11
+4 * 11 11
+4 * 11 11
+4 * 11
+3 * 11
+3 * 11 0 11
cfi=(293)
cfn=(1786)
calls=11 0x2cc40 167 
* * 1500 448 253 21 18 5 1 2 0 174 13 37 10
+5 * 11
fe=(348)
+1 399 11
+1 * 11 11
+1 * 11 11

fn=(1880)
0x20018 143 3 0 3 1 0 0 1
+1 * 3
+3 * 3
+4 * 3 0 3
+4 * 3 3
+4 * 3 0 3
+4 * 3 3
+4 * 3 0 3
fi=(293)
+4 -55 3
fi=(292)
+1 +80 3
fe=(348)
+1 -20 3 3
+4 * 3
+3 * 3 0 3 1 0 0 1
cfn=(1882)
calls=3 0x27c82 -43 
* * 36 15 15 1 0 0 1
+5 +1 3
+1 * 3 3
+1 * 3 3

fn=(1888)
0x2009c 143 3 0 3 1 0 0 1
+1 * 3
+3 * 3
+4 * 3 0 3
+4 * 3 3
+4 * 3 0 3
+4 * 3 3
+4 * 3 0 3
fi=(293)
+4 -55 3
fi=(292)
+1 +80 3
fe=(348)
+1 -20 3 3
+4 * 3 0 0 2 0 0 1
+3 * 3 0 3
cfn=(1890)
calls=3 0x27d0a -43 
* * 36 15 15 1 0 0 1
+5 +1 3
+1 * 3 3
+1 * 3 3

fn=(1918)
0x2092e 1008 9 0 9 2 0 0 1
+1 * 9
+3 * 9
+4 * 9 0 9
+4 * 9 9 0 2 0 0 1
+9 * 9 0 9
+4 * 9
+2 +1 9 9
+4 * 9
+4 * 9 0 9
fi=(360)
+4 +50 9 9
+4 * 9 9
+3 * 9 0 9
+4 * 9
fe=(348)
+1 -50 9 9
+4 * 9 9
+4 * 9 9
+9 * 9 0 0 0 0 0 0 0 0 9 6
+7 * 9 9
+1 * 9 9

fn=(1956)
0x285b4 1018 384 0 384
+1 * 384
+3 * 384
+4 * 384 0 384
+4 * 384 384 0 2 0 0 1
+9 * 384 0 384
+4 * 384
+2 +1 384 384
+4 * 384
+4 * 384 0 384
fi=(360)
+4 +40 384 384
+4 * 384 384
+3 * 384 0 384
+4 * 384
fe=(348)
+1 -40 384 384
+4 * 384 384
+4 * 384 384
+9 * 384 0 0 0 0 0 0 0 0 384 2
+7 * 384 384
+1 * 384 384 0 2 0 0 1

fn=(2016)
0x28b66 640 3 0 3 3 0 0 1
+1 * 3
+3 * 3
+4 * 3 0 3
+4 * 3 0 3
+4 * 3 3
+4 * 3 3
+4 * 3 0 0 3 0 0 1
+3 * 3
+3 * 3 0 3
cfn=(2018)
calls=3 -68 344 
* * 207 96 69 8 0 1 4
+5 * 3
+1 * 3 3
+1 * 3 3

fn=(2070)
0x1acce 790 6 0 6 4 0 0 1
+1 * 6
+3 * 6
+4 * 6 0 6
+4 +3 6 6
+4 * 6
+3 * 6 0 6
cfn=(2072)
calls=6 0x20168 307 
* * 36 18 12 2
+5 -1 6 6
+4 * 6 6
+4 * 6 6
+4 * 6 6
+3 * 6 0 6
+4 * 6 0 6
+4 * 6 0 6 2
fi=(318)
+4 1085 6 6
+4 * 6 6
+4 * 6
+3 * 6
+3 * 6 0 6
cfi=(346)
cfn=(2074)
calls=6 0x27e03 219 
* * 42 12 18 2
+5 +1 6
fe=(348)
+1 795 6 6
+4 * 6
+3 * 6 0 6
cfn=(2078)
calls=6 0x200ca 373 
* * 336 126 90 14 0 0 1 0 0 6 4
+5 * 6
+1 * 6 6
+1 * 6 6

fn=(2096)
0x20046 373 6 0 6 2
+1 * 6
+3 * 6
+4 * 6 0 6
+4 +2 6 6
+4 * 6 6
+4 * 6 6
+4 * 6 6
+3 * 6
+3 * 6
+3 * 6
+3 * 6 0 6
+4 +1 6 6
+5 +2 6 6
+4 * 6 6
+4 * 6 6
+3 * 6 6 0 2
+4 * 6
+3 * 6
+3 * 6 0 6
cfn=(2098)
calls=6 0x27cbc +16 
* * 66 18 24 6 0 0 1 0 0 6 4
+5 +1 6 6
+4 * 6
+3 * 6 0 6
cfn=(2100)
calls=6 0x1aa68 139 
* * 114 36 36 4
+5 * 6
+1 * 6 6
+1 * 6 6

fn=(2164)
0x14520 1018 10 0 10 3 0 0 1
+1 * 10
+3 * 10
+4 * 10 0 10
+4 * 10 10
+9 * 10 0 10
+4 * 10
+2 +1 10 10
+4 * 10 0 0 3
+4 * 10 0 10
fi=(360)
+4 +40 10 10
+4 * 10 10
+3 * 10 0 10
+4 * 10
fe=(348)
+1 -40 10 10
+4 * 10 10
+4 * 10 10
+9 * 10 0 0 0 0 0 0 0 0 10 4
+7 * 10 10
+1 * 10 10

fn=(2166)
0x144d6 998 10 0 10 3 0 0 1
+1 * 10
+3 * 10
+4 * 10 0 10
+4 * 10 10
+9 * 10 0 10
+4 * 10
+2 +1 10 10
+4 * 10 0 10
fi=(360)
+4 +60 10 10
+4 * 10 10
+3 * 10 0 10
+4 * 10
fe=(348)
+1 -60 10 10
+4 * 10 10
+4 * 10 10
+9 * 10 0 0 0 0 0 0 0 0 10 3
+7 * 10 10
+1 * 10 10

fn=(2168)
0x119cc 1008 5 0 5
+1 * 5
+3 * 5
+4 * 5 0 5
+4 * 5 5
+9 * 5 0 5
+4 * 5
+2 +1 5 5
+4 * 5
+4 * 5 0 5
fi=(360)
+4 +50 5 5
+4 * 5 5
+3 * 5 0 5
+4 * 5
fe=(348)
+1 -50 5 5 0 3 0 0 1
+4 * 5 5
+4 * 5 5
+9 * 5 0 0 0 0 0 0 0 0 5 1
+7 * 5 5
+1 * 5 5

fn=(2316)
0xb8a8 307 16 0 16
+1 * 16
+3 * 16 0 16
+4 +1 16 16
+4 * 16 16
+1 * 16 16

fn=(2336)
0x184f6 1987 2 0 2
+1 * 2
+3 * 2
+4 * 2 0 2 2 0 0 1
+4 * 2 0 2
+4 * 2 0 2
+4 +4 2 2
+4 * 2
+3 * 2 0 2
cfn=(2316)
calls=2 0xb8a8 307 
* * 12 6 4
+5 * 2
+3 -1 2 2
+4 * 2 2
+3 * 2 2
+4 * 2 2
+4 * 2
+3 * 2 0 2
cfi=(353)
cfn=(2338)
calls=2 0x146ef 771 
* * 787 262 249 22 0 0 11 0 0 28 12
+5 -1 2 2
+4 * 2 0 2
+4 +3 2
+1 * 2 2
+1 * 2 2

fn=(2376) std::_Vector_base<std::__detail::_ExecutorFrame<__gnu_cxx::__normal_iterator<char const*, std::__cxx11::basic_string<char, std::char_traits<char>, std::allocator<char> > >, true>, std::allocator<std::__detail::_ExecutorFrame<__gnu_cxx::__normal_iterator<char const*, std::__cxx11::basic_string<char, std::char_traits<char>, std::allocator<char> > >, true> > >::_Vector_base()
0xdff0 321 2 0 2
+1 * 2
+3 * 2
+4 * 2 0 2
+4 * 2 2
+4 * 2
+3 * 2 0 2
cfn=(2378)
calls=2 0x10040 143 
* * 56 20 20 4 0 0 2
+5 * 2
+1 * 2 2
+1 * 2 2

fn=(2408) std::_Vector_base<std::pair<__gnu_cxx::__normal_iterator<char const*, std::__cxx11::basic_string<char, std::char_traits<char>, std::allocator<char> > >, int>, std::allocator<std::pair<__gnu_cxx::__normal_iterator<char const*, std::__cxx11::basic_string<char, std::char_traits<char>, std::allocator<char> > >, int> > >::_M_allocate(unsigned long)
0x1860e 386 2 0 2
+1 * 2
+3 * 2
+4 * 2 0 2
+4 * 2 0 2
+4 +3 2 2
+5 * 2 0 0 0 0 0 0 0 0 2 2
+2 * 2 2
+4 * 2 0 2
+4 * 2 2
+4 * 2 0 2
fi=(318)
+4 638 2 2
+4 * 2 2
+4 * 2 0 0 2 0 0 1
+5 * 2
+3 * 2
+3 * 2 0 2
cfi=(293)
cfn=(2410)
calls=2 0x24aee 129 
* * 394 76 60 11 2 0 2 0 0 62 3 4
+5 * 2
+1 * 2
fe=(348)
+7 390 2 2
+1 * 2 2

fn=(2456)
0xcd16 998 12 0 12 2 0 0 1
+1 * 12
+3 * 12
+4 * 12 0 12
+4 * 12 12
+9 * 12 0 12
+4 * 12
+2 +1 12 12
+4 * 12 0 12
fi=(360)
+4 +60 12 12
+4 * 12 12
+3 * 12 0 12
+4 * 12
fe=(348)
+1 -60 12 12
+4 * 12 12
+4 * 12 12
+9 * 12 0 0 0 0 0 0 0 0 12 10
+7 * 12 12
+1 * 12 12

fn=(2604) std::vector<std::pair<__gnu_cxx::__normal_iterator<char const*, std::__cxx11::basic_string<char, std::char_traits<char>, std::allocator<char> > >, int>, std::allocator<std::pair<__gnu_cxx::__normal_iterator<char const*, std::__cxx11::basic_string<char, std::char_traits<char>, std::allocator<char> > >, int> > >::operator[](unsigned long)
0x192a2 1251 27 0 27 2 0 0 1
+1 * 27
+3 * 27
+4 * 27 0 27
+4 * 27 0 27
+4 +2 27 27
+4 * 27
+3 * 27 0 27
cfn=(2606)
calls=27 0x1ec4c 1107 
* * 405 216 81 2 0 0 1
+5 * 27 27 0 2 0 0 1
+4 * 27
+3 * 27
+3 * 27
+3 * 27
+3 * 27
+2 * 27 0 0 0 0 0 0 0 0 27 4
+36 +1 27 27
+4 * 27 27
+3 * 27 27
+4 * 27 0 0 2 0 0 1
+4 * 27
+3 +1 27 27
+1 * 27 27

fn=(2632)
0xe4fc 1008 4 0 4 2 0 0 1
+1 * 4
+3 * 4 0 0 2 0 0 1
+4 * 4 0 4
+4 * 4 4
+9 * 4 0 4
+4 * 4
+2 +1 4 4
+4 * 4
+4 * 4 0 4
fi=(360)
+4 +50 4 4
+4 * 4 4
+3 * 4 0 4
+4 * 4
fe=(348)
+1 -50 4 4
+4 * 4 4
+4 * 4 4
+9 * 4 0 0 2 0 0 1 0 0 4 2
+7 * 4 4
+1 * 4 4

fn=(2670)
0xe028 139 2 0 2
+1 * 2
+3 * 2
+4 * 2 0 2
+4 * 2 2
+4 * 2 0 2
fi=(292)
+4 +50 2 2
+4 * 2 0 0 2
+3 * 2 0 2
cfi=(293)
cfn=(2672)
calls=2 0x120ec -85 
* * 12 4 4
+5 * 2
fe=(348)
+1 -50 2
+1 * 2 2
+1 * 2 2

fn=(2698)
0x100d0 790 2 0 2 2 0 0 1
+1 * 2
+3 * 2
+4 * 2 0 2
+4 +3 2 2
+4 * 2
+3 * 2 0 2
cfn=(2506)
calls=2 0x11ede 307 
* * 12 6 4
+5 -1 2 2
+4 * 2 2
+4 * 2 2
+4 * 2 2
+3 * 2 0 2
+4 * 2 0 2
+4 * 2 0 2
fi=(318)
+4 1085 2 2
+4 * 2 2
+4 * 2
+3 * 2
+3 * 2 0 2
cfi=(346)
cfn=(2700)
calls=2 0x147a3 219 
* * 14 4 6
+5 +1 2
fe=(348)
+1 795 2 2
+4 * 2
+3 * 2 0 2
cfn=(2704) std::_Vector_base<std::__detail::_ExecutorFrame<__gnu_cxx::__normal_iterator<char const*, std::__cxx11::basic_string<char, std::char_traits<char>, std::allocator<char> > >, true>, std::allocator<std::__detail::_ExecutorFrame<__gnu_cxx::__normal_iterator<char const*, std::__cxx11::basic_string<char, std::char_traits<char>, std::allocator<char> > >, true> > >::~_Vector_base()
calls=2 0x1006e 373 
* * 254 86 56 4 0 0 1 0 0 14 2 6
+5 * 2
+1 * 2 2
+1 * 2 2

fn=(2704)
0x1006e 373 2 0 2 2
+1 * 2
+3 * 2
+4 * 2 0 2
+4 +2 2 2
+4 * 2 2 0 2 0 0 1
+4 * 2 2
+4 * 2 2
+3 * 2
+3 * 2
+4 * 2
+10 * 2
+4 * 2 0 2
+4 +1 2 2
+5 +2 2 2
+4 * 2 2
+4 * 2 2
+3 * 2 2
+4 * 2
+3 * 2
+3 * 2 0 2
cfn=(2552)
calls=2 0x11e90 +16 
* * 162 50 34 0 0 0 0 0 0 14 2 6
+5 +1 2 2
+4 * 2
+3 * 2 0 2
cfn=(2706)
calls=2 0xdfcc 139 
* * 38 12 12
+5 * 2
+1 * 2 2
+1 * 2 2

fn=(2812)
0xa79e 790 2 0 2 2 0 0 1
+1 * 2
+3 * 2
+4 * 2 0 2
+4 +3 2 2
+4 * 2
+3 * 2 0 2
cfn=(1690)
calls=2 0xb48c 307 
* * 12 6 4 2
+5 -1 2 2
+4 * 2 2
+4 * 2 2 0 2
+4 * 2 2
+3 * 2 0 2
+4 * 2 0 2
+4 * 2 0 2
fi=(318)
+4 1085 2 2
+4 * 2 2
+4 * 2
+3 * 2
+3 * 2 0 2
cfi=(346)
cfn=(2814)
calls=2 0xc0f9 219 
* * 14 4 6 4 0 0 1
+5 +1 2
fe=(348)
+1 795 2 2
+4 * 2
+3 * 2 0 2
cfn=(2818)
calls=2 0xa746 373 
* * 244 86 56 9 0 0 0 0 0 14 0 6
+5 * 2
+1 * 2 2
+1 * 2 2

fn=(1568)
0xa718 143 2 0 2 2 0 0 1
+1 * 2
+3 * 2
+4 * 2 0 2
+4 * 2 2
+4 * 2 0 2
+4 * 2 2
+4 * 2 0 2
fi=(293)
+4 -55 2
fi=(292)
+1 +80 2
fe=(348)
+1 -20 2 2
+4 * 2
+3 * 2 0 2 1 0 0 1
cfn=(1570)
calls=2 0xb404 -43 
* * 24 10 10 1 0 0 1
+5 +1 2
+1 * 2 2
+1 * 2 2

fn=(1686)
0x12d5c 1865 4 0 4
+1 * 4
+3 * 4 0 4
+4 * 4 0 4
+4 * 4 0 4
+4 * 4 0 4
+4 +1 4 4
+4 * 4 4
+4 * 4 0 4
+3 * 4 4
+4 * 4 4 0 2 0 0 1
+4 * 4 0 4
+4 * 4 4
+4 * 4 4
+4 * 4 0 4
+4 +1 4
+1 * 4 4
+1 * 4 4

fn=(1724)
0x19c36 386 11 0 11
+1 * 11
+3 * 11
+4 * 11 0 11 4 0 0 1
+4 * 11 0 11
+4 +3 11 11
+5 * 11 0 0 0 0 0 0 0 0 11
+2 * 11 11
+4 * 11 0 11
+4 * 11 11
+4 * 11 0 11
fi=(318)
+4 638 11 11
+4 * 11 11
+4 * 11
+5 * 11
+3 * 11
+3 * 11 0 11
cfi=(293)
cfn=(1726)
calls=11 0x26796 129 
* * 1710 334 259 26 7 2 2 0 0 259 25 22
+5 * 11
+1 * 11
fe=(348)
+7 390 11 11
+1 * 11 11

fn=(1748)
0x1f1c8 998 28 0 28
+1 * 28
+3 * 28
+4 * 28 0 28
+4 * 28 28
+9 * 28 0 28
+4 * 28
+2 +1 28 28
+4 * 28 0 28
fi=(360)
+4 +60 28 28
+4 * 28 28
+3 * 28 0 28
+4 * 28
fe=(348)
+1 -60 28 28
+4 * 28 28
+4 * 28 28
+9 * 28 0 0 0 0 0 0 0 0 28 10
+7 * 28 28
+1 * 28 28

fn=(1920)
0x208e4 988 9 0 9 3 0 0 1
+1 * 9
+3 * 9
+4 * 9 0 9
+4 * 9 9
+9 * 9 0 9
+4 * 9
+2 +1 9 9
+4 * 9 0 9
fi=(360)
+4 +70 9 9
+4 * 9 9
+3 * 9 0 9
+4 * 9
fe=(348)
+1 -70 9 9
+4 * 9 9
+4 * 9 9
+9 * 9 0 0 0 0 0 0 0 0 9 5
+7 * 9 9
+1 * 9 9

fn=(1954)
0x2856a 998 384 0 384
+1 * 384
+3 * 384
+4 * 384 0 384
+4 * 384 384
+9 * 384 0 384 2 0 0 1
+4 * 384
+2 +1 384 384
+4 * 384 0 384
fi=(360)
+4 +60 384 384
+4 * 384 384
+3 * 384 0 384
+4 * 384
fe=(348)
+1 -60 384 384
+4 * 384 384
+4 * 384 384
+9 * 384 0 0 0 0 0 0 0 0 384 2
+7 * 384 384
+1 * 384 384

fn=(2136)
0x1a9b0 139 6 0 6 5 0 0 1
+1 * 6
+3 * 6
+4 * 6 0 6
+4 * 6 6
+4 * 6 0 6 2
fi=(292)
+4 +50 6 6
+4 * 6
+3 * 6 0 6
cfi=(293)
cfn=(1096)
calls=6 0x6f3c -85 
* * 36 12 12 6
+5 * 6
fe=(348)
+1 -50 6
+1 * 6 6
+1 * 6 6

fn=(2194) std::vector<std::__detail::_State<char>, std::allocator<std::__detail::_State<char> > >::begin()
0xfbe0 988 2 0 2
+1 * 2
+3 * 2
+4 * 2 0 2
+4 * 2 2
+9 * 2 0 2
+4 * 2
+2 +1 2 2
+4 * 2 0 2
fi=(360)
+4 +70 2 2
+4 * 2 2
+3 * 2 0 2
+4 * 2
fe=(348)
+1 -70 2 2
+4 * 2 2
+4 * 2 2
+9 * 2 0 0 0 0 0 0 0 0 2 2
+7 * 2 2
+1 * 2 2

fn=(2268)
0xc7e4 562 4 0 4
+1 * 4
+3 * 4
+4 * 4 0 4
+4 * 4 0 4
+4 +1 4 4
+4 * 4 4
+4 * 4
+3 * 4 0 0 2 0 0 1
+3 * 4 0 4
cfn=(2270)
calls=4 0xdef6 327 
* * 184 64 68 4 0 0 2
+5 * 4
+1 * 4 4
+1 * 4 4

fn=(2312)
0xcdae 1107 47 0 47 2 0 0 1
+1 * 47
+3 * 47 0 47
+4 +2 47 47
+4 * 47 47
+4 * 47 47 0 2 0 0 1
+4 * 47 47
+3 * 47
+3 * 47
+4 * 47
+10 * 47
+4 * 47 0 47
+4 +1 47 47
+5 +2 47 47
+4 +1 47 47
+1 * 47 47

fn=(2352)
0x14674 128 2 0 2
+1 * 2
+3 * 2
+4 * 2 0 2
+4 * 2 0 2 2 0 0 1
+4 * 2 2
+9 * 2 0 2
+4 * 2
+2 +4 2
+4 * 2
+3 * 2 0 2
cfn=(2274)
calls=2 0x11b4a -27 
* * 24 10 10
+5 +1 2 2
+4 * 2
+4 * 2
+3 * 2
+3 * 2 0 2
cfn=(2354)
calls=2 0x1853c -14 
* * 38 22 12
+5 +1 2 2
+4 * 2 2
+4 * 2
+3 * 2
+3 * 2 0 2
cfn=(2354)
calls=2 0x1853c -15 
* * 38 22 12
+5 +1 2
+4 * 2 2
+4 * 2
+3 * 2
+3 * 2 0 2
cfn=(2354)
calls=2 0x1853c -16 
* * 38 22 12
+5 +1 2
+1 * 2 2
+4 * 2 2
+9 * 2 0 0 0 0 0 0 0 0 2 2
+7 * 2 2
+1 * 2 2

fn=(2374)
0xe00c 551 2 0 2 2 0 0 1
+1 * 2
+3 * 2
+4 * 2 0 2
+4 * 2 2
+4 * 2
+3 * 2 0 2
cfn=(2376)
calls=2 -47 321 
* * 76 26 26 4 0 0 2
+5 * 2
+1 * 2 2
+1 * 2 2

fn=(2402)
0x14830 152 2 0 2
+1 * 2
+3 * 2
+4 * 2 0 2
+4 * 2 0 2
+4 * 2 2 0 2 0 0 1
+4 * 2 0 2
+4 * 2 2
+4 * 2 0 2
+4 * 2 2
+4 * 2 0 2
+4 * 2 2
+4 * 2 0 2
fi=(293)
+4 -60 2
fi=(292)
+1 +81 2
fe=(348)
+1 -20 2 2
+4 * 2
+3 * 2 0 2
cfn=(2404)
calls=2 0x185e0 -48 
* * 24 10 10 4 0 0 2
+5 +1 2
+1 * 2 2
+1 * 2 2

fn=(2406)
0x14872 405 2 0 2
+1 * 2
+3 * 2
+4 * 2 0 2
+4 * 2 0 2 2 0 0 1
+4 +2 2 2
+4 * 2 2
+4 * 2
+3 * 2
+3 * 2 0 2
cfn=(2408)
calls=2 0x1860e -21 
* * 436 90 72 13 2 0 3 0 0 64 5 4
+5 * 2 2
+4 * 2 0 2
+3 +1 2 2
+4 * 2 2
+3 * 2 2
+4 * 2 0 2
+4 +1 2 2
+4 * 2 2
+3 * 2 2
+4 * 2
+4 * 2
+3 * 2 2 0 2 0 0 1
+4 * 2 0 2
+4 +1 2
+1 * 2 2
+1 * 2 2

fn=(2482)
0x24d88 2192 10 0 10 2 0 0 1
+1 * 10
+3 * 10 0 10
+1 * 10
+4 * 10 0 10
+4 * 10 0 10
+4 * 10 0 10
+4 * 10 10
+9 * 10 0 10
+4 * 10
+2 +2 10 10
+4 * 10
+3 * 10 0 10
cfn=(2484)
calls=10 0x2b9ca 1118 
* * 600 220 180 8 0 0 4 0 0 20
+5 * 10
+3 * 10 10
+4 * 10 0 0 2 0 0 1
+3 * 10 0 10
cfn=(2490)
calls=10 0x24e88 1107 
* * 160 80 30 4 0 0 2
+5 * 10
+3 * 10
+3 * 10 10
+4 * 10
+3 * 10
+3 * 10
+2 * 10 0 0 0 0 0 0 0 0 10 1
+34 +3 10 10
+4 * 10 0 0 2 0 0 1
+3 * 10 0 10
cfn=(2490)
calls=10 0x24e88 1107 
* * 160 80 30
+5 * 10
+3 * 10 10
+4 * 10
+3 * 10 0 10
cfn=(2490)
calls=10 0x24e88 1107 
* * 160 80 30
+5 * 10 0 10
+4 * 10
+4 * 10
+4 * 10
+3 * 10
+3 * 10 0 10
cfi=(294)
cfn=(1618)
calls=10 0x12a26 256 
* * 132 70 30 1 0 0 0 0 0 10 2
+5 * 10 10
+3 * 10
+3 * 10 0 10
+4 +1 10 10
+4 * 10
+3 * 10 0 10 2 0 0 1
cfn=(2490)
calls=10 +74 1107 
* * 160 80 30
+5 * 10 10
+4 * 10 0 0 0 0 0 0 0 0 10 2
+2 * 10 10
+4 * 10
+3 * 10 0 10
cfn=(2484)
calls=10 0x2b9ca 1118 
* * 600 220 180 0 0 0 0 0 0 20 4
+5 * 10 10
+4 * 10 0 0 0 0 0 0 0 0 10 4
+16 * 10 10
+4 +1 10 10
+4 * 10 10
+9 * 10 0 0 0 0 0 0 0 0 10 4
+7 * 10 10
+4 * 10 10
+1 * 10 10

fn=(2492)
0x24ec4 386 10 0 10
+1 * 10
+3 * 10
+4 * 10 0 10
+4 * 10 0 10
+4 +3 10 10
+5 * 10 0 0 0 0 0 0 0 0 10
+2 * 10 10
+4 * 10 0 10
+4 * 10 10
+4 * 10 0 10
fi=(318)
+4 638 10 10
+4 * 10 10
+4 * 10
+5 * 10
+3 * 10
+3 * 10 0 10 2 0 0 1
cfi=(293)
cfn=(2494)
calls=10 0x2fad0 129 
* * 720 160 120 2 0 0 1 0 0 80 7 20
+5 * 10
+1 * 10
fe=(348)
+7 390 10 10
+1 * 10 10

fn=(2498)
0x24f0e 1865 10 0 10
+1 * 10
+3 * 10 0 10
+4 * 10 0 10
+4 * 10 0 10
+4 * 10 0 10
+4 +1 10 10
+4 * 10 10
+4 * 10 0 10
+3 * 10 10
+4 * 10 10
+4 * 10 0 10
+4 * 10 10
+4 * 10 10 0 2 0 0 1
+4 * 10 0 10
+4 +1 10
+1 * 10 10
+1 * 10 10

fl=(349)
fn=(1584)
0x2fdd9 230 2 0 2
+1 * 2
+3 * 2
+4 * 2 0 2
+4 * 2 0 2
+4 * 2 2
+9 * 2 0 2
+4 * 2
+2 * 2 2
+4 * 2 0 2
+4 -91 2 2 0 2 0 0 1
+4 +99 2
+4 * 2
+3 * 2
+3 * 2 0 2
cob=(7)
cfi=(215)
cfn=(1492)
calls=2 0xccce0 78 
* * 14 6 2 0 0 0 0 0 0 2 2
* * 2 2 0 0 0 0 0 0 0 0 0 2
+5 * 2 2
+4 * 2 0 2
+4 -99 2 2
+4 239 2 2
+4 * 2
+3 * 2
+3 * 2 0 2
cob=(7)
cfi=(215)
cfn=(870)
calls=2 0xcd8d0 120 
* * 28 10 2 4 0 0 0 0 0 4 4
cob=(1)
cfi=(282)
cfn=(1028)
calls=1 0x14550 39 
* * 801 248 128 3 10 10 0 2 0 101 7 3 3
* * 6 4 2 2 0 0 0 0 0 0 0 3 1
+5 139 2
+4 240 2 2
+4 * 2
+3 * 2
+3 * 2 0 2 2 0 0 1
cob=(7)
cfi=(215)
cfn=(870)
calls=2 0xcd8d0 120 
* * 28 10 2 0 0 0 0 0 0 4 3
* * 2 2 0 0 0 0 0 0 0 0 0 2 1
+5 +1 2
+4 * 2
+3 * 2 0 2
cob=(7)
cfi=(215)
cfn=(872)
calls=2 0xcd980 91 
* * 12 6 0 0 0 0 0 0 0 2 1
* * 2 2 0 0 0 0 0 0 0 0 0 2 2
+5 * 2 2
+4 * 2 2
+9 * 2 0 0 0 0 0 0 0 0 2 2
+7 * 2 2
+1 * 2 2

fn=(2054)
0x2cd17 230 4 0 4 2 0 0 1
+1 * 4
+3 * 4
+4 * 4 0 4
+4 * 4 0 4
+4 * 4 4
+9 * 4 0 4
+4 * 4
+2 * 4 4
+4 * 4 0 4
+4 -91 4 4 0 2 0 0 1
+4 +99 4 4
+4 * 4 4
+3 * 4 0 4
+4 * 4 0 4
+4 * 4 4
+4 * 4 0 4
+4 -99 4 4
+4 239 4 4
+4 * 4 4
+4 * 4 4
+3 * 4 0 4
+3 * 4 0 4
+4 139 4
+4 240 4 4
+4 * 4 4
+4 * 4 4
+3 * 4 0 4 2 0 0 1
+3 * 4 0 4
+4 +1 4
+1 * 4 4
+4 * 4 4
+9 * 4 0 0 0 0 0 0 0 0 4 4
+7 * 4 4
+1 * 4 4

fn=(2216)
0x11add 230 2 0 2
+1 * 2
+3 * 2
+4 * 2 0 2
+4 * 2 0 2
+4 * 2 2
+9 * 2 0 2
+4 * 2
+2 * 2 2
+4 * 2 0 2 2 0 0 1
+4 -91 2 2
+4 +99 2 2
+3 * 2 0 2
+4 * 2 2
+4 * 2 0 2
+4 -99 2 2
+4 239 2 2
+3 * 2 2
+4 * 2 0 2
+3 139 2
+4 240 2 2
+3 * 2 2
+4 * 2 0 2
+3 +1 2
+1 * 2 2
+4 * 2 2 0 2 0 0 1
+9 * 2 0 0 0 0 0 0 0 0 2 1
+7 * 2 2
+1 * 2 2

fn=(2056)
0x2cd9c 230 4 0 4
+1 * 4
+3 * 4
+4 * 4 0 4
+4 * 4 0 4
+4 * 4 4
+9 * 4 0 4
+4 * 4
+2 * 4 4
+4 * 4 0 4 3 0 0 1
+4 -91 4 4
+4 +99 4 4
+3 * 4 0 4
+4 * 4 4
+4 * 4 0 4
+4 -99 4 4
+4 239 4 4
+3 * 4 4
+4 * 4 0 4
+3 139 4
+4 240 4 4
+3 * 4 4
+4 * 4 0 4
+3 +1 4
+1 * 4 4
+4 * 4 4
+9 * 4 0 0 3 0 0 1 0 0 4 3
+7 * 4 4
+1 * 4 4

fn=(2058)
0x2ce09 230 4 0 4
+1 * 4
+3 * 4
+4 * 4 0 4
+4 * 4 0 4
+4 * 4 4
+9 * 4 0 4
+4 * 4
+2 * 4 4
+4 * 4 0 4
+4 -91 4 4
+4 +99 4 4
+3 * 4 0 4
+4 * 4 4
+4 * 4 0 4 3 0 0 1
+4 -99 4 4
+4 239 4 4
+3 * 4 4
+4 * 4 0 4
+3 139 4
+4 240 4 4
+3 * 4 4
+4 * 4 0 4
+3 +1 4
+1 * 4 4
+4 * 4 4
+9 * 4 0 0 0 0 0 0 0 0 4 2
+7 * 4 4
+1 * 4 4

fl=(350)
fn=(1602)
0xd538 170 2 0 2
+1 * 2
+3 * 2
+4 * 2 0 2 2 0 0 1
+4 +1 2 2
+4 * 2
+4 * 2 0 2
+3 * 2 0 2
+4 * 2 0 2
+4 * 2 0 2
+4 * 2 0 2
+4 * 2 2
+4 * 2
+3 * 2 0 2
cfi=(351)
cfn=(1604)
calls=2 -74 857 
* * 1406 416 324 59 1 0 31 0 0 98 19 8
+5 * 2
+1 * 2 2
+1 * 2 2

fn=(1820)
0xf9d6 258 30 0 30
+1 * 30
+3 * 30
+4 * 30 0 30
+4 +2 30 30
+4 * 30
+3 * 30 0 30
cfn=(1822)
calls=30 0xd9de -17 
* * 1020 390 270 2 0 0 1
+5 * 30
+3 * 30
+3 * 30
+3 * 30
+2 * 30 0 0 0 0 0 0 0 0 30 11
+36 +1 30 30 0 4 0 0 1
+4 * 30
+3 * 30 0 30
cfi=(351)
cfn=(1804)
calls=30 0x117e8 1534 
* * 3540 1500 870 0 0 0 0 0 0 90 27
+5 +1 30 30
+1 * 30 30

fn=(2226)
0xb678 107 2 0 2 2 0 0 1
+1 * 2
+3 * 2
+4 * 2 0 2
+4 * 2 2
+4 * 2
+3 * 2 0 2
cfi=(351)
cfn=(2228)
calls=2 0xc6de 1041 
* * 838 304 212 20 0 0 7 0 0 38 10 12
+5 * 2
+1 * 2 2
+1 * 2 2

fn=(1822)
0xd9de 243 65 0 65 2 0 0 1
+1 * 65
+3 * 65
+4 * 65 0 65
+4 +1 65 65
+4 * 65
+3 * 65 0 65
cfi=(351)
cfn=(1806)
calls=65 0xfa82 1413 
* * 1625 650 390
+5 * 65 65
+1 * 65 65

fn=(1824)
0xfa2c 331 30 0 30
+1 * 30
+3 * 30
+4 * 30 0 30
+4 +2 30 30
+4 * 30
+3 * 30 0 30 3 0 0 1
cfn=(1822)
calls=30 0xd9de -90 
* * 1020 390 270
+5 * 30
+3 * 30
+3 * 30
+3 * 30
+2 * 30 0 0 0 0 0 0 0 0 30 4
+36 +1 30 30
+4 * 30
+3 * 30 0 30
cfi=(351)
cfn=(1826)
calls=30 0x11880 1663 
* * 2160 870 540 4 0 0 2 0 0 60 5
+5 +1 30
+1 * 30 30
+1 * 30 30

fn=(2146)
0x11748 286 17 0 17
+1 * 17
+3 * 17
+4 * 17 0 17
+4 * 17 0 17
+4 +1 17 17
+4 * 17 17
+4 * 17
+3 * 17
+3 * 17 0 17
cfi=(351)
cfn=(2148)
calls=17 0x140ca 1604 
* * 1122 476 357 6 0 0 3 0 0 34 9
+5 * 17
+1 * 17 17
+1 * 17 17

fn=(1796)
0xf95a 291 13 0 13 2 0 0 1
+1 * 13
+3 * 13
+4 * 13 0 13
+4 * 13 0 13
+4 +1 13 13
+4 * 13 13
+4 * 13 0 13
fi=(349)
+4 139 13 13
fe=(350)
+4 292 13
+3 * 13
+3 * 13 0 13
cfi=(351)
cfn=(1798)
calls=13 0x1176e 1619 
* * 2639 1105 741 39 0 0 16 0 0 65 14
+5 * 13
+1 * 13 13
+1 * 13 13

fl=(343)
fn=(1532)
0x1533f 101 2 0 2 2 0 0 1
+1 * 2 0 0 2 0 0 1
+3 * 2
+4 * 2 0 2
+4 * 2 0 2
+4 * 2 2
+4 * 2 0 2
+4 * 2 0 2
fi=(318)
+8 638 2 2
+4 * 2 2
+4 * 2
+5 * 2
+3 * 2
+3 * 2 0 2
cfi=(293)
cfn=(1534)
calls=2 0x1ef38 129 
* * 266 54 42 14 1 0 6 0 0 39 11 4
+5 * 2
+3 * 2
fe=(343)
+1 103 2 2
+4 * 2 2 0 1 0 0 1
+4 * 2
+3 * 2
+3 * 2 0 2
cfn=(1538)
calls=2 0x19940 -49 
* * 32 14 14 1 0 0 1
+5 +1 2 2
+4 * 2 2
+1 * 2 2

fn=(1538)
0x19940 54 4 0 4 3 0 0 1
+1 * 4
+3 * 4 0 4
+4 * 4 0 4
+4 * 4 0 4
+4 * 4 4
+4 * 4 0 4
fi=(349)
+4 -1 4 4
fe=(343)
+4 +2 4 4
+4 * 4 0 4
+3 * 4 4
+4 * 4 4
+4 * 4 0 4
+4 +1 4
+1 * 4 4
+1 * 4 4

fn=(1594)
0x15394 72 4 0 4 2
+1 * 4
+3 * 4
+4 * 4 0 4
+4 +2 4 4
+4 * 4 4
+4 * 4
+3 * 4 0 0 0 0 0 0 0 0 4 2
+2 +1 2 2
+4 * 2 2
+4 * 2 2
+4 * 2 2
+3 * 2 0 2
+4 * 2 0 2 2
+4 * 2 0 2
fi=(318)
+8 689 2 2
+4 * 2 2
+4 * 2 2
+4 * 2
+3 * 2
+3 * 2 0 2
cfi=(293)
cfn=(2834)
calls=2 0x1ef9e 167 
* * 106 32 18 4 0 0 0 0 0 12 0 6
+5 * 2
fe=(343)
+1 76 2
+1 * 2 2
+1 * 2 2
-2 * 2
+1 * 2 2
+1 * 2 2

fn=(1592)
0x154c0 80 2 0 2
+1 * 2
+3 * 2 0 2
+4 * 2 0 2
+4 +2 2 2
+4 * 2 0 2
+8 +1 2 2
+4 +1 2 2
+1 * 2 2

fn=(1540)
0x153e8 89 2 0 2 1 0 0 1
+1 * 2
+3 * 2 0 2
+4 * 2 2
+4 * 2 2
+4 * 2 0 2
fi=(287)
+4 211 2 2
fe=(343)
+4 89 2 2 0 2 0 0 1
+1 * 2 2

fl=(334)
fn=(2202)
0xde54 367 2 0 2 2 0 0 1
+1 * 2
+3 * 2
+4 * 2 0 2
+4 * 2 0 2
+4 +1 2 2
+4 * 2 2
+4 * 2 0 2
fi=(349)
+4 139 2 2
fe=(334)
+4 368 2
+3 * 2
+3 * 2 0 2
cfi=(335)
cfn=(2204)
calls=2 0xfda0 1625 
* * 100 42 32 8 0 0 2
+5 * 2
+1 * 2 2 0 2 0 0 1
+1 * 2 2

fn=(2208)
0xc7a6 437 2 0 2
+1 * 2
+3 * 2
+4 * 2 0 2
+4 * 2 0 2
+4 +2 2 2
+4 * 2 2
+4 * 2 0 2 2 0 0 1
fi=(349)
+4 139 2 2
fe=(334)
+4 439 2
+3 * 2
+3 * 2 0 2
cfi=(335)
cfn=(2210)
calls=2 0xde82 1704 
* * 334 132 98 18 0 0 7 0 0 6 5
+5 +1 2 2
+4 +1 2 2
+1 * 2 2

fn=(2222)
0xaa9a 175 4 0 4 2
+1 * 4
+3 * 4
+4 * 4 0 4
+4 * 4 4
+4 * 4
+3 * 4 0 4
cfi=(335)
cfn=(2218)
calls=4 -51 1610 
* * 4472 1563 1205 210 1 0 32 0 0 177 53 37 5
+5 * 4
+1 * 4 4
+1 * 4 4

fn=(1524)
0xd39d 1061 2 0 2
+1 * 2
+3 * 2
+4 * 2 0 2
+4 * 2 0 2
+4 * 2 0 2
+4 * 2 2
+9 * 2 0 2
+4 * 2
+2 * 2 2 0 2 0 0 1
+4 * 2 0 2
fi=(349)
+4 73 2 2
+4 * 2 2
+4 * 2 0 2
+4 * 2 2
fe=(334)
+4 1066 2
+4 * 2
+3 * 2 2
+4 * 2
+3 * 2 0 2
cfn=(1526) std::shared_ptr<std::__detail::_NFA<std::__cxx11::regex_traits<char> > >::shared_ptr<std::allocator<void>, std::locale const&, std::regex_constants::syntax_option_type&>(std::_Sp_alloc_shared_tag<std::allocator<void> >, std::locale const&, std::regex_constants::syntax_option_type&)
calls=2 0xebd8 462 
* * 2513 812 608 102 11 10 53 2 0 178 41 26 14
+5 +1 2 2
+4 * 2 2
+9 * 2 0 0 0 0 0 0 0 0 2
+7 * 2 2
+4 * 2 2
+1 * 2 2

fn=(1526)
0xebd8 462 2 0 2 2 0 0 1
+1 * 2
+3 * 2
+4 * 2 0 2
+4 * 2 0 2
+4 * 2 0 2
+4 * 2 0 2
+4 +1 2 2
+4 * 2 2
+4 * 2 0 2
fi=(349)
+4 73 2 2
+4 * 2 2
+4 * 2 0 2
+4 * 2 2
fe=(334)
+4 463 2 2
+4 * 2
+3 * 2 0 2
cfi=(335)
cfn=(1528)
calls=2 0x10426 1811 
* * 2473 796 592 100 11 10 52 2 0 178 41 26 14
+5 +1 2
+1 * 2 2
+1 * 2 2

fn=(1470)
0xb5d4 201 2 0 2 1 0 0 1
+1 * 2
+3 * 2
+4 * 2 0 2
+4 * 2 2
+4 * 2
+3 * 2 0 2
cfi=(335)
cfn=(1472)
calls=2 0xc364 1548 
* * 42 14 14 7 0 0 4
+5 * 2
+1 * 2 2
+1 * 2 2

fn=(2290)
0xdf1c 560 2 0 2
+1 * 2
+3 * 2
+4 * 2 0 2
+4 * 2 0 2
+4 +1 2 2
+4 * 2
+3 * 2 0 2
cfi=(335)
cfn=(2292)
calls=2 0xff0e 1755 
* * 18 8 4 2 0 0 1
+5 * 2
+3 * 2 2
+1 * 2 2

fn=(2258)
0xb65c 175 2 0 2
+1 * 2
+3 * 2
+4 * 2 0 2
+4 * 2 2
+4 * 2
+3 * 2 0 2
cfi=(335)
cfn=(2260)
calls=2 -51 1610 
* * 44 14 10 0 0 0 0 0 0 2 2
+5 * 2
+1 * 2 2
+1 * 2 2

fl=(357)
fn=(1978) std::_Base_bitset<4ul>::_S_whichword(unsigned long)
0x30e40 113 394 0 394 5 0 0 1
+1 * 394
+3 * 394 0 394
+4 +1 394 394
+4 * 394
+4 * 394 394
+1 * 394 394

fn=(1986)
0x20b20 895 384 0 384
+1 * 384
+3 * 384 0 384
+4 +1 384
+1 * 384 384
+1 * 384 384

fn=(1980) std::_Base_bitset<4ul>::_S_whichbit(unsigned long)
0x2dbd9 121 778 0 778 2
+1 * 778
+3 * 778 0 778
+4 +1 778 778
+4 * 778
+3 * 778 778
+1 * 778 778

fn=(2590) std::bitset<256ul>::_Unchecked_test(unsigned long) const
0x349e4 1186 10 0 10 2 0 0 1
+1 * 10
+3 * 10 0 10
+1 * 10
+4 * 10 0 10
+4 * 10 0 10
+4 +1 10 10
+4 * 10 10
+4 * 10
+3 * 10 0 0 2 0 0 1
+3 * 10 0 10
cfn=(2592) std::_Base_bitset<4ul>::_M_getword(unsigned long) const
calls=10 0x35888 133 
* * 190 80 60 4 0 0 1
+5 * 10
+3 * 10 10
+4 * 10
+3 * 10 0 10
cfn=(1984) std::_Base_bitset<4ul>::_S_maskbit(unsigned long)
calls=10 0x28a81 125 
* * 200 60 50 4
+5 * 10
+3 +1 10
+3 * 10
+3 * 10 10
+4 * 10 10
+1 * 10 10

fn=(1984)
0x28a81 125 394 0 394 2
+1 * 394
+3 * 394
+4 * 394 0 394
+4 +1 394 394
+4 * 394
+3 * 394 0 394
cfn=(1980)
calls=394 0x2dbd9 -5 
* * 2758 1182 788 2
+5 * 394
+5 * 394
+2 * 394
+3 * 394
+3 * 394 394
+1 * 394 394

fn=(1898) std::_Base_bitset<4ul>::_Base_bitset()
0x27d92 96 3 0 3 1 0 0 1
+1 * 3
+3 * 3 0 3
+4 +1 3 3
+4 * 3
+4 * 3 0 3
+3 * 3 0 3
+4 * 3
+1 * 3 3
+1 * 3 3

fn=(1982)
0x20fa2 901 384 0 384
+1 * 384
+3 * 384
+4 * 384 0 384
+4 * 384 0 384
+4 +2 384 384
+4 * 384 0 0 0 0 0 0 0 0 384
+2 +1 30 30
+4 * 30 30
+4 * 30
+3 * 30 0 30
cfn=(1984)
calls=30 0x28a81 125 
* * 600 180 150
+5 * 30
+3 * 30 30
+4 * 30 30
+3 * 30 30
+3 * 30 30
+4 * 30 30
+3 * 30
+3 * 30 0 30
+3 * 30
+2 +2 354 354 0 2 0 0 1
+4 * 354 354
+4 * 354
+3 * 354 0 354
cfn=(1984)
calls=354 0x28a81 125 
* * 7080 2124 1770
+5 * 354
+3 * 354
+3 * 354 354
+4 * 354 354 0 2 0 0 1
+3 * 354 354
+3 * 354 354
+4 * 354 354
+3 * 354
+3 * 354 0 354
+3 +1 354 354
+4 +1 354 354
+1 * 354 354
-5 -1 30 30
+4 +1 30 30
+1 * 30 30

fn=(1976) std::_Base_bitset<4ul>::_M_getword(unsigned long)
0x2dbac 129 384 0 384 3 0 0 1
+1 * 384
+3 * 384
+4 * 384 0 384
+4 * 384 0 384
+4 +1 384 384
+4 * 384
+3 * 384 0 384
cfn=(1978)
calls=384 0x30e40 -17 
* * 2688 1152 768 3 0 0 1
+5 * 384
+8 * 384 384
+4 * 384
+3 * 384 384
+1 * 384 384

fn=(2592)
0x35888 133 10 0 10 2 0 0 1
+1 * 10
+3 * 10
+4 * 10 0 10
+4 * 10 0 10
+4 +1 10 10
+4 * 10
+3 * 10 0 10
cfn=(1978)
calls=10 0x30e40 -21 
* * 70 30 20 2
+5 * 10 10
+4 * 10 10
+4 * 10 10
+1 * 10 10

fn=(1896)
0x20122 946 3 0 3 2 0 0 1
+1 * 3
+3 * 3
+4 * 3 0 3
+4 +1 3 3
+4 * 3
+3 * 3 0 3
cfn=(1898)
calls=3 0x27d92 96 
* * 30 9 12 1 0 0 1
+5 * 3
+1 * 3 3
+1 * 3 3

fn=(1974) std::bitset<256ul>::reference::reference(std::bitset<256ul>&, unsigned long)
0x283e0 881 384 0 384
+1 * 384
+3 * 384
+4 * 384 0 384
+4 * 384 0 384
+4 * 384 0 384
+4 +2 384 384
+4 * 384 384
+4 * 384
+3 * 384
+3 * 384 0 384
cfn=(1976)
calls=384 0x2dbac 129 
* * 7680 2688 2304 6 0 0 2
+5 * 384 384
+4 * 384 0 384
+3 +1 384 384
+4 * 384
+3 * 384 0 384
cfn=(1980)
calls=384 0x2dbd9 121 
* * 2688 1152 768
+5 * 384 384
+4 * 384 0 384
+4 +1 384
+1 * 384 384
+1 * 384 384

fn=(2588)
0x3303e 1299 10 0 10 2 0 0 1
+1 * 10 0 0 2 0 0 1
+3 * 10
+4 * 10 0 10
+4 * 10 0 10
+4 +3 10 10
+8 * 10
+3 * 10
+3 * 10
+3 * 10 0 0 0 0 0 0 0 0 10 2
+36 +1 10 10 0 2 0 0 1
+4 * 10 10
+4 * 10
+3 * 10
+3 * 10 0 10
cfn=(2590)
calls=10 0x349e4 1186 
* * 600 200 170 12 0 0 3
+5 +8 10 10
+1 * 10 10

fn=(1972)
0x20aba 1292 384 0 384
+1 * 384
+3 * 384 0 0 2 0 0 1
+4 * 384 0 384
+4 * 384 0 384
+4 * 384 0 384
+4 +2 384 384
+8 * 384
+3 * 384
+3 * 384
+3 * 384 0 0 0 0 0 0 0 0 384 4
+36 +1 384 384
+4 * 384 384
+4 * 384 384
+4 * 384
+3 * 384
+3 * 384 0 384
cfn=(1974)
calls=384 0x283e0 881 
* * 18432 6528 6144 6 0 0 2
+5 +1 384 384
+4 * 384 384
+1 * 384 384

fl=(362)
fn=(2192)
0xdb8c 182 2 0 2
+1 * 2
+3 * 2
+4 * 2 0 2
+4 * 2 2
+9 * 2 0 2
+4 * 2
+2 +2 2 2
+4 * 2 0 2
+4 * 2 2
+4 * 2
+4 * 2
+3 * 2 0 2
cfi=(348)
cfn=(2194)
calls=2 0xfbe0 988 
* * 38 18 10 0 0 0 0 0 0 2 2
+5 * 2 0 2 2 0 0 1
+4 * 2 2
+4 * 2
+4 * 2
+3 * 2 0 2
cfi=(348)
cfn=(1750)
calls=2 0xfc2a 1008 
* * 40 18 10 0 0 0 0 0 0 2 2
+5 * 2 0 2
+4 * 2
fi=(360)
+5 1090 28 28
fe=(362)
+4 184 28 0 28
+4 +2 28
+2 +2 5 5
+4 * 5
+4 * 5 5
+4 * 5 5
+4 * 5
+3 * 5
+3 * 5 0 5
cfi=(348)
cfn=(1756)
calls=5 0xf60a 1251 
* * 205 75 35 0 0 0 0 0 0 5 2
+5 * 5 5
+4 * 5 5
+4 * 5 0 5
+4 -2 5 5
+4 * 5 5
+4 * 5
+3 * 5 0 0 0 0 0 0 0 0 5 2
-11 * 28 28 0 2 0 0 1
+4 * 28 28
+4 * 28
+3 * 28 0 0 0 0 0 0 0 0 28 4
+2 * 31 31
+4 * 31
+4 * 31 31
+4 * 31 31
+4 * 31
+3 * 31
+3 * 31 0 31
cfi=(348)
cfn=(1756)
calls=31 0xf60a 1251 
* * 1271 465 217 0 0 0 0 0 0 31 6
+5 * 31
+3 * 31 0 31
cfi=(347)
cfn=(1702)
calls=31 0xfc78 -18 
* * 217 124 62
+5 * 31
+3 * 31 0 0 2 0 0 1 0 0 31 11
+2 * 5
+5 * 5
+2 * 28
+5 * 28
+2 * 28 0 0 0 0 0 0 0 0 28 1
-2 * 5
+2 * 5 0 0 0 0 0 0 0 0 5
+2 +3 28 28
+4 * 28
+3 * 28 0 28
cfi=(347)
cfn=(2198)
calls=28 0x98de -82 
* * 495 218 56 2 0 0 0 0 0 81 8
+5 * 28
+2 * 28 0 0 0 0 0 0 0 0 28 4
+2 +1 3
+41 * 3 3 0 2 0 0 1
+4 * 3 3
+4 * 3
+3 * 3 0 0 0 0 0 0 0 0 3 1
+2 * 3 3
+4 * 3
+4 * 3 3
+4 * 3 3
+4 * 3
+3 * 3
+3 * 3 0 3
cfi=(348)
cfn=(1756)
calls=3 0xf60a 1251 
* * 123 45 21 0 0 0 0 0 0 3 2
+5 * 3
+3 * 3 0 3
cfi=(347)
cfn=(1702)
calls=3 0xfc78 -22 
* * 21 12 6
+5 * 3
+3 * 3 0 0 0 0 0 0 0 0 3 2
+9 * 3
+5 * 3
+2 * 3 0 0 0 0 0 0 0 0 3
fi=(360)
+2 1103 28 28
+4 * 28
+4 * 28 0 28
+4 +1 28
+1 * 28
+4 * 28 0 28
+4 +62 28 28
+4 +81 28 28
+3 * 28
+4 * 28 0 28
+4 -81 28 28
+4 +81 28 28
+3 * 28
+3 * 28
fe=(362)
+3 184 28
+2 * 28 0 0 0 0 0 0 0 0 28 6
fi=(360)
-38 1104 2 0 0 2 0 0 1
+4 * 2 0 2
+4 +62 2 2
+4 +81 2 2
+3 * 2
+4 * 2 0 2
+4 -81 2 2
+4 +81 2 2
+3 * 2
+3 * 2 0 0 2 0 0 1
fe=(362)
+3 184 2
+2 * 2 0 0 0 0 0 0 0 0 2 2
+6 +10 2
+1 * 2 2
+4 * 2 2
+9 * 2 0 0 0 0 0 0 0 0 2 2
+7 * 2 2
+1 * 2 2

fl=(340)
fn=(1498)
0x9e10 125 9 0 9 3 0 0 1
+1 * 9
+3 * 9
+4 * 9 0 9
+4 +1 9 9
+4 * 9 9
+6 * 9
+5 * 9
+2 * 9 0 9
cfi=(338)
cfn=(1486)
calls=9 0x9765 +66 
* * 72 36 27
+5 * 9
+2 * 9
+3 * 9 9
+1 * 9 9

fn=(1770)
0xf99c 229 19 0 19
+1 * 19
+3 * 19 0 19
+4 +1 19 19
+4 * 19
+6 * 19 19
+1 * 19 19

fn=(2262)
0xb61a 210 2 0 2
+1 * 2
+3 * 2
+4 * 2 0 2
+4 * 2 2
+4 * 2
+6 * 2
+3 * 2 0 2
cfi=(286)
cfn=(1396)
calls=2 0x6cea 919 
* * 188 62 52 0 0 0 0 0 0 4 2
+5 * 2
+1 * 2 2
+1 * 2 2

fn=(1768)
0xf988 225 197 0 197 2 0 0 1
+1 * 197
+3 * 197 0 197
+4 +1 197 197
+4 * 197 197
+6 * 197 197
+1 * 197 197

fn=(1496)
0x9a2e 91 2 0 2 2 0 0 1
+1 * 2
+3 * 2
+4 * 2 0 2
+4 * 2 0 2
+3 +19 2 2 0 2 0 0 1
+4 * 2
+4 * 2 0 2
+3 * 2 0 2
+4 * 2 0 2
+4 * 2 0 2
+4 * 2 0 2
+5 * 2 2
+4 * 2 0 2
+3 * 2 2
+4 * 2 0 2
+7 * 2 2
+4 * 2 0 2
+4 * 2 2
+4 * 2 0 2
+7 * 2 2 0 2 0 0 1
+4 * 2 0 2
+4 * 2 2
+4 * 2 0 2
+4 * 2 2
+4 * 2 0 2
+7 * 2 2
+4 * 2 0 2
+4 * 2 2
+4 * 2 0 2
+7 * 2 2
+4 * 2 0 2
+4 * 2 2
+4 * 2 0 2
+7 * 2 2 0 2 0 0 1
+4 * 2 0 2
+4 * 2 2
+4 * 2 0 2
+7 * 2 2
+4 * 2 0 2
+4 * 2 2
+4 * 2 0 2
+7 * 2 2
+4 * 2 0 2
+7 * 2 2
+4 * 2 0 2
+8 * 2 0 2 2 0 0 1
+8 * 2 2
+4 * 2 0 2
+4 * 2 2
+4 * 2 0 2
+4 * 2 2
+4 * 2 0 2
+4 * 2 2
+4 * 2 0 2
+4 * 2 2
+4 * 2 0 2
+4 * 2 2
+4 * 2 0 2
+4 * 2 2
+4 * 2 0 2
+4 * 2 2
+4 * 2 0 2 2 0 0 1
+4 * 2 2
+4 * 2 0 2
+4 * 2 2
+4 * 2 0 2
+4 * 2 2
+4 * 2 0 2
+4 * 2 2
+4 * 2 0 2
+4 * 2 2
+4 * 2 0 2
+4 * 2 2
+4 * 2
+4 * 2 0 2
+4 * 2 0 2
+5 * 2 2 0 2 0 0 1
+4 * 2 0 2
+4 * 2 2
+4 * 2 0 2
+4 * 2 2
+4 * 2 0 2
+4 * 2 2
+4 * 2 0 2
+4 * 2 2
+4 * 2 0 2
+4 * 2 2
+4 * 2 0 2
+4 * 2 2
+4 * 2 0 2
+4 * 2 2
+4 * 2 0 2
+4 * 2 2 0 2 0 0 1
+4 * 2 0 2
+4 * 2 2
+4 * 2 0 2
+4 * 2 2
+4 * 2 0 2
+4 * 2 2
+4 * 2 0 2
+4 * 2 2
+4 * 2 0 2
+4 * 2 2
+4 * 2 0 2
+4 * 2 2
+4 * 2 0 2
+4 * 2 2
+4 * 2 0 2
+4 * 2 2 0 2 0 0 1
+4 * 2 0 2
+4 * 2 2
+4 * 2 0 2
+4 * 2 2
+4 * 2 0 2
+4 * 2 2
+4 * 2 0 2
+4 * 2 2
+4 * 2
+7 * 2 0 2
+4 * 2 2
+4 * 2
+7 * 2 0 2
+4 * 2 2
+4 * 2 0 0 2 0 0 1
+7 * 2 0 2
+7 -18 2 2
+4 * 2 0 2
+10 +1 2 2
+4 * 2 2
+3 * 2 0 2
+6 +1 2 2
+4 * 2
+3 * 2 0 2
cfn=(1498)
calls=2 0x9e10 +31 
* * 42 16 12 2 0 0 1
+5 +1 2
+2 * 2 0 0 0 0 0 0 0 0 2
+2 * 2 2
+4 * 2
+4 * 2 0 0 2 0 0 1
+10 -1 2 2
+4 * 2 0 2
+7 +3 2 2
+4 * 2
+3 * 2 0 2
cfn=(1498)
calls=2 0x9e10 +28 
* * 42 16 12
+5 +1 2
+2 * 2 0 0 0 0 0 0 0 0 2
+2 * 2 2
+4 * 2 2
+4 * 2
0x9d72 -1 2 2 0 2 0 0 1
+4 * 2 0 2
+7 +13 2 2 0 2 0 0 1
+4 * 2 0 2
+7 +1 2 2
+4 * 2 2
+7 * 2
+3 * 2
+3 * 2
+3 * 2
+3 * 2 0 0 0 0 0 0 0 0 2 2
+36 * 2 0 0 2 0 0 1
+1 * 2 2
+1 * 2 2

fn=(1834)
0x9e3a 129 3 0 3
+1 * 3
+3 * 3 0 0 3 0 0 1
+4 * 3 0 3
+4 +1 3
+5 * 3
+5 * 3 0 3
cfi=(338)
cfn=(1484)
calls=3 0x9777 +70 
* * 24 12 9 1
+5 * 3
+2 * 3 3
+4 * 3 3
+6 * 3
+2 * 3
+2 * 3 0 3
cfi=(338)
cfn=(1486)
calls=3 0x9765 +62 
* * 24 12 9
+5 * 3
+2 * 3
+3 * 3 3
+1 * 3 3

fn=(1838)
0x9dc6 115 3 0 3 1
+1 * 3
+3 * 3 0 3
+4 * 3 0 3
+4 +2 3 3
+4 * 3 3
+7 * 3 0 3
+4 +1 3
+2 +1 21 21
+4 * 21 21
+3 * 21 21
+3 * 21 0 0 0 0 0 0 0 0 21 9
+12 -1 21 0 21
+5 * 21 21
+4 * 21 21
+3 * 21
+2 * 21 0 0 0 0 0 0 0 0 21 7
-9 * 3 3
+4 * 3 3
+3 * 3
+2 * 3 0 0 0 0 0 0 0 0 3 3
+2 +3 3
+5 +1 3 3
+1 * 3 3

fl=(363)
fn=(2306)
0xe642 748 2 0 2 2 0 0 1
+1 * 2
+3 * 2 0 2
+4 +1 2 2
+4 * 2 0 2
fi=(360)
+4 1054 2 2
+4 * 2 0 2
+7 * 2
fe=(363)
+1 749 2 2
+4 * 2
+4 * 2 0 2
fi=(360)
+4 1054 2 2
+4 * 2 0 2
+7 * 2
fe=(363)
+1 749 2
+1 * 2 2
+1 * 2 2

fn=(2428)
0x2b72c 748 28 0 28 2 0 0 1
+1 * 28
+3 * 28 0 28
+4 +1 28 28
+4 * 28 0 28
fi=(360)
+4 1054 28 28
+4 * 28 0 28
+7 * 28
fe=(363)
+1 749 28 28
+4 * 28 0 28
+7 * 28
+1 * 28 28
+1 * 28 28

fn=(2644)
0x2b6b0 944 11 0 11 2 0 0 1
+1 * 11
+3 * 11 0 11
+4 * 11 0 11
+4 +4 11 11
+4 * 11 11 0 2 0 0 1
+4 * 11 11
+3 * 11 0 11
+3 +1 11 11
+4 * 11 11
+4 * 11 11
+4 * 11 0 11
+4 +1 11 11
+4 +1 11 11
+1 * 11 11

fn=(2846) std::tuple_element<0ul, std::pair<unsigned int, unsigned int> >::type&& std::get<0ul, unsigned int, unsigned int>(std::pair<unsigned int, unsigned int>&&)
0x9f81 1293 1 0 1
+1 * 1
+3 * 1
+4 * 1 0 1
+4 * 1 1
+4 * 1 0 1
fi=(349)
+4 139 1 1
fe=(363)
+4 1294 1
+3 * 1 0 1
cfn=(2848) unsigned int&& std::__pair_get<0ul>::__move_get<unsigned int, unsigned int>(std::pair<unsigned int, unsigned int>&&)
calls=1 +7 -51 
* * 8 4 3
+5 * 1 1
+1 * 1 1

fn=(2848)
0x9fa3 1243 1 0 1
+1 * 1
+3 * 1 0 1
+4 +1 1 1
+4 * 1 0 1
fi=(349)
+4 73 1 1
fe=(363)
+4 1244 1 1
+1 * 1 1

fn=(2850) std::tuple_element<1ul, std::pair<unsigned int, unsigned int> >::type&& std::get<1ul, unsigned int, unsigned int>(std::pair<unsigned int, unsigned int>&&)
0x9fb9 1293 1 0 1
+1 * 1
+3 * 1 0 0 1 0 0 1
+4 * 1 0 1
+4 * 1 1
+4 * 1 0 1
fi=(349)
+4 139 1 1
fe=(363)
+4 1294 1
+3 * 1 0 1
cfn=(2852) unsigned int&& std::__pair_get<1ul>::__move_get<unsigned int, unsigned int>(std::pair<unsigned int, unsigned int>&&)
calls=1 +7 -27 
* * 9 4 3
+5 * 1 1
+1 * 1 1

fn=(2760) std::pair<unsigned int, unsigned int>::pair<unsigned long, unsigned long, true>(unsigned long&&, unsigned long&&)
0xad74 904 1 0 1
+1 * 1
+3 * 1 0 1
+4 * 1 0 1
+4 * 1 0 1 1 0 0 1
+4 * 1 1
+4 * 1 0 1
fi=(349)
+4 73 1 1
fe=(363)
+4 905 1 1
+3 * 1
+2 * 1 1
+4 * 1 0 1
+2 * 1 1
+4 * 1 0 1
fi=(349)
+4 73 1 1
fe=(363)
+4 905 1 1
+3 * 1
+2 * 1 1
+4 * 1 0 1
+3 +1 1
+1 * 1 1
+1 * 1 1

fn=(2852)
0x9fdb 1267 1 0 1
+1 * 1
+3 * 1 0 1
+4 +1 1 1
+4 * 1
+4 * 1 0 1
fi=(349)
+4 73 1 1
fe=(363)
+4 1268 1 1
+1 * 1 1

fl=(291)
fn=(1108) PPM::Reader::fill(std::__cxx11::basic_string<char, std::char_traits<char>, std::allocator<char> >)
0x7b3c 14 1 0 1 1 0 0 1
+1 * 1
+3 * 1 0 1 1 0 0 1
+1 * 1
+7 * 1 0 1
+7 * 1 0 1
+7 * 1 1
+9 * 1 0 1
+4 * 1
+2 +1 1
+7 * 1
+3 * 1 0 1
cob=(7)
cfi=(295)
cfn=(1114)
calls=1 0x130fc0 561 
* * 511 165 146 10 1 0 10 0 0 39 10 24 7
cob=(1)
cfi=(282)
cfn=(1028)
calls=1 0x14550 +24 
* * 973 277 128 5 11 9 1 5 0 127 13 3 3
* * 5 3 2 1 1 0 1 0 0 0 0 2 1
+5 +2 1 1
+7 * 1 0 0 1 0 0 1
+7 * 1
+5 * 1
+3 * 1
+3 * 1 0 1
cob=(7)
cfi=(295)
cfn=(1128)
calls=1 0x131b60 743 
* * 895 196 165 67 9 7 67 5 7 104 31 14 14
cob=(1)
cfi=(282)
cfn=(1028)
calls=1 0x14550 +22 
* * 1414 348 128 6 13 0 0 5 0 198 14 3 3
* * 5 3 2 0 0 0 0 0 0 0 0 2 1
+5 +2 1
+7 * 1
+6 * 1
+3 * 1 0 1
cob=(7)
cfi=(247)
cfn=(1186)
calls=1 0x1388d0 134 
* * 4 2
cob=(1)
cfi=(282)
cfn=(1028)
calls=1 0x14550 +20 
* * 930 268 128 1 10 0 0 3 0 121 8 3 3
* * 5 3 2 0 0 0 0 0 0 0 0 2 1
+5 * 1
+2 * 1 0 0 0 0 0 0 0 0 1 1
+36 +8 1 1 0 1 0 0 1
+7 * 1
+4 * 1
+7 * 1
+3 * 1
+3 * 1 0 1
cfi=(309)
cfn=(1188)
calls=1 0xa922 286 
* * 1010 292 136 7 10 0 3 3 0 128 9 5 4
+5 -1 1
+7 * 1
+3 * 1 0 1
cfi=(309)
cfn=(1196)
calls=1 0xa8fc +94 
* * 17 6 6 2 0 0 2
+5 -1 1
+7 * 1 0 0 1 0 0 1
+3 * 1 0 1
cob=(7)
cfi=(295)
cfn=(1204)
calls=1 0x131ae0 676 
* * 3 1 0 1 0 0 1
cob=(1)
cfi=(282)
cfn=(1028)
calls=1 0x14550 +14 
* * 983 280 128 2 11 0 0 5 0 132 11 2 1
* * 5 3 2 1 1 0 1 0 0 0 0 2 1
+5 * 1
+3 * 1
+7 * 1
+3 * 1
+3 * 1 0 1
cfi=(309)
cfn=(1206)
calls=1 0xa8d2 139 
* * 19 7 7
+5 -1 1 1
+7 * 1 1
+7 * 1 1
+7 * 1 1
+7 * 1 1
+7 * 1 1 0 1 0 0 1
+7 * 1
+3 * 1
+3 * 1
+3 * 1
+3 * 1 0 1
cfi=(309)
cfn=(1208)
calls=1 0xa970 341 
* * 1354902 1131655 1124160 153 33587 56960 142 135 56876 1055246 769 1671 44
+5 +5 1
+7 * 1
+3 * 1 0 1
cob=(7)
cfi=(295)
cfn=(1344)
calls=1 0x131bc0 776 
* * 601 177 117 49 35 1 49 0 0 86 29 13 12
cob=(1)
cfi=(282)
cfn=(1028)
calls=1 0x14550 +10 
* * 1015 281 128 4 49 20 1 2 0 134 8 3 3
* * 5 3 2 0 2 0 0 0 0 0 0 2 1
+5 +1 1
+5 * 1
+7 * 1
+3 * 1 0 1
cob=(7)
cfi=(295)
cfn=(1382)
calls=1 0x12fd80 642 
* * 132 46 30 9 12 1 9 0 0 7 6 10 8
cob=(1)
cfi=(282)
cfn=(1028)
calls=1 0x14550 +9 
* * 981 276 128 0 9 0 0 3 0 129 11 3 3
* * 5 3 2 0 0 0 0 0 0 0 0 2 1
+5 * 1
+3 * 1 1 0 1 1 0 1
+4 * 1 1
+9 * 1 0 0 0 0 0 0 0 0 1 1
+58 * 1 1 0 1 0 0 1
+4 * 1 1
+1 * 1 1

fn=(2854) PPM::Reader::get_color_max()
0x7fca 61 1 0 1
+1 * 1
+3 * 1 0 1
+1 * 1
+7 * 1 0 1
+7 * 1 1
+9 * 1 0 1
+4 * 1
+2 +1 1
+4 * 1
+3 * 1 0 1
cfi=(286)
cfn=(1410)
calls=1 0xa12a 589 
* * 144 50 46 5 0 0 0 0 0 2 2
+5 +2 1 1
+7 * 1 0 0 1 0 0 1
+4 * 1
+3 * 1
+3 * 1 0 1
cob=(7)
cfi=(317)
cfn=(1418)
calls=1 0x1734d0 4462 
* * 225 69 39 18 0 0 0 0 0 31 7 4 1
* * 1 1 0 0 0 0 0 0 0 0 0 1
+5 +2 1
+7 * 1
+7 * 1
+5 * 1
+3 * 1
+3 * 1 0 1
cfi=(333)
cfn=(1464)
calls=1 0xaab6 494 
* * 113846 43046 29660 623 0 0 0 0 0 4684 197 326 18
+5 +1 1 0 0 1
+4 * 1
+3 * 1 0 1
cfi=(333)
cfn=(2264)
calls=1 0xab7c 1823 
* * 110 34 35 6 0 0 0 0 0 1 1
+5 +2 1
+7 * 1 0 0 1 0 0 1
+4 * 1
+4 * 1
+5 * 1
+3 * 1 0 1
cfi=(333)
cfn=(2280)
calls=1 0xac2e 2359 
* * 31601 11664 8404 409 0 0 0 0 0 1670 168 40
+5 +2 1 0 0 1
+4 * 1
+3 * 1 0 1
cfi=(333)
cfn=(2712)
calls=1 0xac86 1879 
* * 79 32 22 2 0 0 0 0 0 3 3
+5 * 1
+2 * 1 0 0 0 0 0 0 0 0 1
+2 +1 1
+4 * 1
+5 * 1
+3 * 1 0 1
cfi=(333)
cfn=(2716)
calls=1 0xaca4 1971 
* * 247 95 61 5 0 0 0 0 0 10 6
+5 * 1
+3 * 1
+4 * 1
+3 * 1 0 0 1 0 0 1
+3 * 1 0 1
cfi=(333)
cfn=(2722)
calls=1 0xad28 976 
* * 382 136 108 29 0 0 0 0 0 18 0 1
+5 * 1
+4 * 1
+5 * 1
+5 * 1
+3 * 1 0 1
cfi=(286)
cfn=(2738)
calls=1 0x6a8a 4520 
* * 293 82 51 20 0 0 0 0 0 39 3 6
+5 * 1
+2 * 1
+4 * 1
+3 * 1 0 1
cfi=(286)
cfn=(1396)
calls=1 0x6cea 919 
* * 94 31 26 2 0 0 0 0 0 2 1
+5 * 1
+7 +4 1
+4 * 1
+3 * 1 0 1
cfi=(333)
cfn=(2762)
calls=1 0x9f66 1859 
* * 176 61 44 1 0 0 0 0 0 7 0 3
+5 * 1 0 0 1 0 0 1
+7 * 1
+3 * 1 0 1
cfi=(333)
cfn=(2764)
calls=1 0xab4c 578 
* * 1738 610 468 95 0 0 0 0 0 65 12 17
+5 * 1
+4 * 1
+3 * 1 0 1
cfi=(286)
cfn=(1396)
calls=1 0x6cea 919 
* * 94 31 26 0 0 0 0 0 0 2
+5 * 1
+2 * 1 1
+4 * 1 1
+9 * 1 0 0 0 0 0 0 0 0 1 1
0x8150 * 1 1 0 1 0 0 1
+4 * 1 1
+1 * 1 1

fn=(1086)
0x833c 103 1 0 1 1 0 0 1
+1 * 1
+3 * 1 0 1 1 0 0 1
+2 * 1 0 1
+2 * 1 0 1
+1 * 1
+7 * 1 0 1
+7 * 1 0 1
+7 * 1 0 1
+7 * 1 1
+9 * 1 0 1
+4 * 1
+2 +2 1 1
+7 * 1
+4 * 1
+3 * 1 0 0 1 0 0 1
+3 * 1 0 1
cfi=(286)
cfn=(1088) std::__cxx11::basic_string<char, std::char_traits<char>, std::allocator<char> >::basic_string(std::__cxx11::basic_string<char, std::char_traits<char>, std::allocator<char> > const&)
calls=1 0xae8e 617 
* * 304 107 90 17 0 0 17 0 0 10 8 1 1
+5 * 1
+4 * 1 1
+7 * 1
+3 * 1
+3 * 1 0 1
cfn=(1108)
calls=1 0x7b3c -91 
* * 1364486 1134309 1125562 326 33762 56998 295 166 56883 1056453 921 1766 111
+5 * 1
+4 * 1
+3 * 1 0 1
cfi=(286)
cfn=(1396)
calls=1 0x6cea 919 
* * 94 31 26 2 1 2 1 0 0 2 2
+5 +2 1 1 0 0 1
+7 * 1
+4 * 1
+3 * 1 0 1
cob=(7)
cfi=(247)
cfn=(1406)
calls=1 0x138970 214 
* * 4 2 0 1 1 0 1
cob=(1)
cfi=(282)
cfn=(1028)
calls=1 0x14550 -68 
* * 964 276 128 0 11 3 0 3 0 127 6 3 3
* * 5 3 2 0 0 0 0 0 0 0 0 2 1
+5 * 1
+2 * 1 0 0 0 0 0 0 0 0 1 1
0x8434 +4 1 0 0 1 0 0 1
+7 * 1 1 0 1 0 0 1
+7 * 1
+3 * 1
+3 * 1 0 1
cfn=(1408) PPM::Reader::get_magic_number[abi:cxx11]()
calls=1 0x7ccc -78 
* * 1796 475 221 25 20 1 23 5 0 227 20 9 8
+5 +2 1
+7 * 1
+7 * 1
+3 * 1
+3 * 1 0 1
cfi=(286)
cfn=(1440) bool std::operator!=<char, std::char_traits<char>, std::allocator<char> >(std::__cxx11::basic_string<char, std::char_traits<char>, std::allocator<char> > const&, char const*)
calls=1 0xb07a 4205 
* * 1106 369 206 13 40 0 7 1 0 128 14 6 5
+5 * 1
+2 * 1 0 0 0 0 0 0 0 0 1 1
0x84df +4 1 1 0 1 0 0 1
+7 * 1
+3 * 1 0 1
cfn=(1452) PPM::Reader::get_dimensions()
calls=1 0x7d22 -75 
* * 282824 105422 72712 1525 166 31 1099 26 0 13385 1493 749 73
+5 * 1 0 1 1 0 1
+7 * 1
+7 * 1
+3 * 1 0 1 1 0 0 1
cfi=(363)
cfn=(2846)
calls=1 0x9f81 1293 
* * 19 8 7
+5 * 1 0 1
+7 * 1
+7 * 1
+3 * 1 0 1
cfi=(363)
cfn=(2850)
calls=1 0x9fb9 1293 
* * 20 8 7 1 0 0 1
+5 * 1 0 1
+7 +2 1 1
+7 * 1 1
+2 * 1
+2 * 1 0 0 0 0 0 0 0 0 1
+2 * 1 1
+7 * 1 1
+2 * 1
+2 * 1 0 0 0 0 0 0 0 0 1 1
+81 +4 1 1 0 1 0 0 1
+7 * 1 1
+2 * 1 1
+7 * 1 1
+2 * 1
+3 * 1 0 1
+6 +2 1 1
+10 * 1 0 0 0 0 0 0 0 0 1 1
0x8647 +4 1 1 0 1 0 0 1
+7 * 1
+3 * 1 0 1
cfn=(2854)
calls=1 0x7fca -68 
* * 149101 55949 39007 1222 0 0 5 0 0 6536 401 398 19
+5 * 1 0 1 1
+6 +2 1 1
+7 * 1 0 0 0 0 0 0 0 0 1 1
+81 +4 1 1 0 1 0 0 1
+7 * 1 1
+2 * 1 1 0 1 0 0 1
+7 * 1 1
+2 * 1
+7 * 1 1
+7 * 1
+3 * 1 0 1
cfn=(2856) PPM::Reader::get_data(unsigned int, unsigned int)
calls=1 0x8156 -56 
* * 231076388 72727100 44358346 120 24208 24184 27 3 20113 24242469 83 7736839 16
+5 * 1
+7 * 1
+3 * 1 0 1
cfi=(372)
cfn=(2900)
calls=1 0x9ff5 2511 
* * 36 13 12 3 0 0 2
+5 * 1 0 1 0 0 1
+7 * 1
+7 * 1
+3 * 1 0 1 1 0 0 1
cfi=(372)
cfn=(2908)
calls=1 0xa05d 2511 
* * 36 13 12 2 0 0 2
+5 * 1 0 1
+7 * 1
+7 * 1
+3 * 1 0 1
cfi=(372)
cfn=(2916)
calls=1 0xa0c5 2511 
* * 35 13 12 1
+5 * 1 0 1
+7 +2 1 1
+7 * 1 1
+3 * 1
+3 * 1 0 0 0 0 0 0 0 0 1
+2 * 1 1
+7 * 1 1
+3 * 1
+3 * 1 0 0 0 0 0 0 0 0 1
+2 * 1 1 0 1 0 0 1
+7 * 1 1
+3 * 1
+3 * 1 0 0 0 0 0 0 0 0 1 1
+81 +4 1 1 0 1 0 0 1
+7 * 1
+4 * 1
+5 * 1
+3 * 1 0 1
cob=(7)
cfi=(250)
cfn=(1180)
calls=1 0x1388f0 -95 
* * 9 3 1 2 0 0 0 0 0 1
cob=(1)
cfi=(282)
cfn=(1028)
calls=1 0x14550 39 
* * 1073 293 128 4 51 19 0 2 0 144 8 3 3
* * 5 3 2 1 2 0 1 0 0 0 0 2 1
+5 +1 1 1
+7 * 1 1
+3 * 1 1 0 1 0 0 1
+7 * 1 1
+3 * 1 1
+7 * 1 1
+3 * 1 1
+7 * 1 1
+3 * 1 1
+7 * 1 1
+3 * 1 1
+7 * 1
+4 * 1 1
+6 * 1 0 1
+1 * 1
+3 * 1 0 1
cfi=(373)
cfn=(2928)
calls=1 0x745c 10 
* * 29 14 13 2 0 1 1
+5 * 1 0 0 1 0 0 1
+4 +1 1
+7 * 1
+3 * 1 0 1
cfi=(286)
cfn=(1396)
calls=1 0x6cea 919 
* * 94 31 26 0 1 0 0 0 0 2 1
+5 +5 1
0x8acb * 1 1 0 1 1 0 1
+4 * 1 1
+9 * 1 0 0 0 0 0 0 0 0 1 1
+7 * 1 1
+7 * 1
+4 * 1 1
+1 * 1 1 0 0 1
+2 * 1 1
+2 * 1 1
+1 * 1 1

fn=(1408)
0x7ccc 33 1 0 1
+1 * 1
+3 * 1 0 1
+1 * 1
+4 * 1 0 1
+4 * 1 0 1
+4 +1 1 1
+4 * 1
+3 * 1 0 1
cfi=(286)
cfn=(1410)
calls=1 0xa12a 589 
* * 144 50 46 5 0 1 3 0 0 2 2
+5 +2 1 1
+4 * 1 1
+4 * 1
+3 * 1
+3 * 1 0 1
cob=(7)
cfi=(317)
cfn=(1418)
calls=1 0x1734d0 4462 
* * 225 69 39 18 6 0 18 0 0 31 9 4 4
cob=(1)
cfi=(282)
cfn=(1028)
calls=1 0x14550 +3 
* * 1403 346 128 0 14 0 0 5 0 194 9 3 3
* * 5 3 2 1 0 0 1 0 0 0 0 2 1
+5 +2 1
+28 +1 1 1 0 1 0 0 1
+4 * 1 1
+4 * 1 1
+1 * 1 1

fn=(1452)
0x7d22 42 1 0 1
+1 * 1
+3 * 1 0 1
+1 * 1
+7 * 1 0 1
+7 * 1 1
+9 * 1 0 1 1 0 0 1
+4 * 1
+2 +1 1
+4 * 1
+3 * 1 0 1
cfi=(286)
cfn=(1410)
calls=1 0xa12a 589 
* * 144 50 46 0 0 0 0 0 0 2 2
+5 +2 1
+1 * 1 1
+7 * 1
+4 * 1
+3 * 1
+3 * 1 0 1
cob=(7)
cfi=(317)
cfn=(1418)
calls=1 0x1734d0 4462 
* * 1333 356 252 23 8 1 14 0 0 170 69 7 2
* * 1 1 0 0 0 0 0 0 0 0 0 1 1
-17 * 1 1
+7 * 1
+4 * 1
+3 * 1
+3 * 1 0 1
cob=(7)
cfi=(317)
cfn=(1418)
calls=1 0x1734d0 4462 
* * 221 70 39 0 1 0 0 0 0 29 9 4
* * 1 1 0 0 0 0 0 0 0 0 0 1
+5 * 2 2
+3 * 2
+4 * 2 2
+3 * 2
+3 * 2
+3 * 2 0 2
cob=(7)
cfi=(247)
cfn=(1460)
calls=2 0x1388c0 +80 
* * 8 4 0 1
cob=(1)
cfi=(282)
cfn=(1028)
calls=1 0x14550 -6 
* * 965 276 128 4 12 0 0 2 0 124 9 3 3
* * 6 4 2 1 1 0 1 0 0 0 0 3 2
+5 * 2
+2 * 2 0 0 0 0 0 0 0 0 2
+2 * 2 0 0 1 0 0 1
+4 * 2
+5 * 2
+3 * 2 0 2
cfi=(286)
cfn=(1462)
calls=2 0xaa12 1389 
* * 194 72 52 1 0 0 1 0 0 6 4
+5 * 2 2
+3 * 2
+2 * 2 0 0 0 0 0 0 0 0 2 1
+2 * 1
+5 * 1
+2 * 1
+5 * 1
+2 * 1 0 0 0 0 0 0 0 0 1
-2 * 1
+2 * 1 0 0 0 0 0 0 0 0 1 1
+2 +3 1
+7 * 1
+7 * 1
+5 * 1
+3 * 1 0 0 1 0 0 1
+3 * 1 0 1
cfi=(333)
cfn=(1464)
calls=1 0xaab6 494 
* * 224648 84284 57679 866 122 30 631 21 0 10065 907 639 51
+5 +1 1 0 0 1
+7 * 1
+3 * 1 0 1
cfi=(333)
cfn=(2264)
calls=1 0xab7c 1823 
* * 110 34 35 6 0 0 6 0 0 1 1
+5 +2 1
+7 * 1
+7 * 1
+4 * 1
+5 * 1
+3 * 1 0 1
cfi=(333)
cfn=(2280)
calls=1 0xac2e 2359 
* * 48843 18144 12953 383 3 0 359 0 0 2578 364 45 3
+5 +2 1 0 0 1
+7 * 1
+3 * 1 0 1 1 0 0 1
cfi=(333)
cfn=(2712)
calls=1 0xac86 1879 
* * 79 32 22 2 0 0 2 0 0 3 3
+5 * 1
+2 * 1 0 0 0 0 0 0 0 0 1
+6 +1 1
+7 * 1
+5 * 1
+3 * 1 0 1
cfi=(333)
cfn=(2716)
calls=1 0xaca4 1971 
* * 247 95 61 5 0 0 5 0 0 10 7
+5 * 1
+3 * 1
+4 * 1
+3 * 1
+3 * 1 0 1
cfi=(333)
cfn=(2722)
calls=1 0xad28 976 
* * 382 136 108 30 0 0 17 0 0 18 11 1
+5 * 1
+4 * 1
+5 * 1
+5 * 1 0 0 1 0 0 1
+3 * 1 0 1
cfi=(286)
cfn=(2738)
calls=1 0x6a8a 4520 
* * 1248 376 190 65 18 0 18 3 0 173 31 10 6
+5 * 1 0 1
+7 * 1
+7 * 1
+5 * 1
+3 * 1 0 1
cfi=(333)
cfn=(2716)
calls=1 0xaca4 1971 
* * 247 95 61 0 0 0 0 0 0 10 8
+5 * 1
+3 * 1
+4 * 1
+3 * 1
+3 * 1 0 1
cfi=(333)
cfn=(2722)
calls=1 0xad28 976 
* * 382 136 108 0 0 0 0 0 0 18 10 1
+5 * 1
+4 * 1
+5 * 1 0 0 1 0 0 1
+5 * 1
+3 * 1 0 1
cfi=(286)
cfn=(2738)
calls=1 0x6a8a 4520 
* * 293 82 51 0 0 0 0 0 0 39 11 6
+5 * 1 0 1
+7 * 1
+7 * 1
+7 * 1
+7 * 1
+3 * 1
+3 * 1 0 1
cfi=(363)
cfn=(2760)
calls=1 0xad74 904 
* * 22 10 8 1 0 0 1
+5 * 1 1
+7 * 1
+4 * 1
+3 * 1 0 1 1 0 0 1
cfi=(286)
cfn=(1396)
calls=1 0x6cea 919 
* * 94 31 26 2 0 0 0 0 0 2 1
+5 * 1
+4 * 1
+3 * 1 0 1
cfi=(286)
cfn=(1396)
calls=1 0x6cea 919 
* * 94 31 26 0 0 0 0 0 0 2 1
+5 * 1
+61 +4 1 0 0 1 0 0 1
+7 * 1
+3 * 1 0 1
cfi=(333)
cfn=(2762)
calls=1 0x9f66 1859 
* * 176 61 44 1 0 0 1 0 0 7 0 3
+5 * 1
+7 * 1
+3 * 1 0 1
cfi=(333)
cfn=(2764)
calls=1 0xab4c 578 
* * 2754 961 741 119 1 0 32 0 0 112 41 22 5
+5 * 1
+4 * 1
+3 * 1 0 1
cfi=(286)
cfn=(1396)
calls=1 0x6cea 919 
* * 193 65 51 3 0 0 1 0 0 8 1 3
+5 * 1
+3 * 1 1
+4 * 1 1 0 1 0 0 1
+9 * 1 0 0 0 0 0 0 0 0 1 1
0x7fc3 * 1 1 0 1 0 0 1
+4 * 1 1
+1 * 1 1

fn=(2856)
0x8156 79 1 0 1
+1 * 1
+3 * 1
+4 * 1 0 1
+4 * 1 0 1
+4 * 1 0 1
+3 * 1 0 1
+3 * 1 1
+9 * 1 0 1
+4 * 1
+2 +1 1 1
+3 * 1 1 0 1 0 0 1
+4 * 1 0 1
+3 +1 1 1
+3 * 1
+3 * 1 0 1
cob=(7)
cfi=(307)
cfn=(1176)
calls=1 0xb6f90 -50 
* * 389 75 49 39 6 1 0 0 1 65 16 2
cob=(1)
cfi=(282)
cfn=(1028)
calls=1 0x14550 -42 
* * 659 228 128 41 8 0 0 0 0 81 7 2 2
* * 5 3 2 1 0 0 0 0 0 0 0 2 1
+5 * 1 0 1
+4 * 1 1
+3 * 1
+3 * 1 0 1
cob=(7)
cfi=(307)
cfn=(1176)
calls=1 0xb6f90 -50 
* * 310 61 36 0 0 1 0 0 1 48 4 2
* * 1 1 0 0 0 0 0 0 0 0 0 1 1
+5 * 1 0 1
+4 * 1 1
+3 * 1
+3 * 1 0 1
cob=(7)
cfi=(307)
cfn=(1176)
calls=1 0xb6f90 -50 
* * 310 61 36 0 0 1 0 0 1 48 1 2
* * 1 1 0 0 0 0 0 0 0 0 0 1
+5 * 1 0 1
+4 +2 1 0 1
+7 * 1 0 1
+7 * 1 0 0 1 0 0 1
+5 +1 515788 515788
+4 * 515788 515788
+3 * 515788
+3 * 515788 515788
+4 * 515788
+3 * 515788
+5 * 515788
+3 * 515788
+3 * 515788 0 515788
cob=(7)
cfi=(331)
cfn=(2866)
calls=515788 0x13cc30 709 
* * 64989288 19084156 12894700 10 8059 8059 7 0 3993 7736820 14 1547364 3
cob=(1)
cfi=(282)
cfn=(1028)
calls=1 0x14550 -45 
* * 764 241 128 4 9 0 0 2 0 95 10 3 3
* * 515792 515790 2 1 0 0 1 0 0 0 0 515789 1
+5 +1 515788 515788
+4 * 515788
+3 * 515788 0 515788
cob=(7)
cfi=(254)
cfn=(2876)
calls=515788 0x13b4a0 368 
* * 1547364 1031576 0 1 0 0 1
cob=(1)
cfi=(282)
cfn=(1028)
calls=1 0x14550 -46 
* * 726 240 128 0 5 0 0 1 0 92 9 2 1
* * 515792 515790 2 1 0 0 0 0 0 0 0 515789 1
+5 * 515788
+2 * 515788 515788
+3 * 515788
+2 * 515788 0 515788
+3 +1 515788 515788
+4 * 515788 515788 0 1 0 0 1
+3 * 515788
+3 * 515788 515788
+4 * 515788
+3 * 515788
+5 * 515788
+3 * 515788
+3 * 515788 0 515788
cob=(7)
cfi=(331)
cfn=(2866)
calls=515788 0x13cc30 709 
* * 64989302 19084166 12894701 3 8062 8059 3 0 8058 7736822 12 1547364 1
* * 515788 515788 0 0 0 0 0 0 0 0 0 515788 1
+5 +1 515788 515788
+4 * 515788
+3 * 515788 0 515788
cob=(7)
cfi=(254)
cfn=(2876)
calls=515788 0x13b4a0 368 
* * 1547364 1031576
* * 515788 515788 0 0 0 0 0 0 0 0 0 515788 1
+5 * 515788
+2 * 515788 515788
+3 * 515788
+2 * 515788 0 515788
+3 +1 515788 515788
+4 * 515788 515788
+3 * 515788
+3 * 515788 515788 0 1 0 0 1
+4 * 515788
+3 * 515788
+5 * 515788
+3 * 515788
+3 * 515788 0 515788
cob=(7)
cfi=(331)
cfn=(2866)
calls=515788 0x13cc30 709 
* * 64989288 19084156 12894700 0 8059 8059 0 0 8059 7736820 5 1547364
* * 515788 515788 0 0 0 0 0 0 0 0 0 515788
+5 +1 515788 515788
+4 * 515788
+3 * 515788 0 515788
cob=(7)
cfi=(254)
cfn=(2876)
calls=515788 0x13b4a0 368 
* * 1547364 1031576
* * 515788 515788 0 0 0 0 0 0 0 0 0 515788
+5 * 515788
+2 * 515788 515788
+3 * 515788
+2 * 515788 0 515788
+3 +2 515788 515788
+4 * 515788 0 0 0 0 0 0 0 0 515788 2
0x82db -8 515788 0 515788
+4 * 515788 0 515788
+7 * 515788 515788
+3 * 515788 515788
+3 * 515788 0 0 0 0 0 0 0 0 515788 2
-6 * 1 1 0 1 0 0 1
+3 * 1 1
+3 * 1 0 0 0 0 0 0 0 0 1 1
+6 +16 1 1
+4 * 1 0 1
+4 * 1 1
+4 * 1 0 1 1
+4 * 1 1
+4 * 1 0 1
+4 * 1
+4 * 1
+4 * 1
+4 * 1 1
+4 * 1
+3 * 1 0 1
cfi=(372)
cfn=(2886)
calls=1 0xae42 1488 
* * 128 50 47 13 0 4 10
+5 +1 1 1
+4 * 1 1
+9 * 1 0 0 0 0 0 0 0 0 1
+7 * 1 1
+4 * 1 1
+1 * 1 1

fl=(286)
fn=(1258) std::__cxx11::basic_string<char, std::char_traits<char>, std::allocator<char> >::_M_local_data() const
0x726c 253 64 0 64
+1 * 64
+3 * 64
+4 * 64 0 64
+4 +3 64 64
+4 * 64
+4 * 64
+3 * 64 0 64
cfi=(287)
cfn=(1260) std::__ptr_traits_ptr_to<char const*, char const, false>::pointer_to(char const&)
calls=64 0x73bf 134 
* * 512 256 192 1 0 7 1
+5 +4 64 64
+1 * 64 64

fn=(1278) std::__cxx11::basic_string<char, std::char_traits<char>, std::allocator<char> >::_M_data(char*)
0x6eea 227 14 0 14
+1 * 14
+3 * 14 0 14
+4 * 14 0 14
+4 +1 14 14
+4 * 14 14
+4 * 14 0 14
+3 * 14
+1 * 14 14
+1 * 14 14

fn=(1442) bool std::operator==<char, std::char_traits<char>, std::allocator<char> >(std::__cxx11::basic_string<char, std::char_traits<char>, std::allocator<char> > const&, char const*)
0xa7f4 4117 1 0 1 1 0 0 1
+1 * 1
+3 * 1 0 1
+1 * 1
+4 * 1 0 1 1 0 0 1
+4 * 1 0 1
+4 +3 1 1
+4 * 1
+3 * 1 0 1
cfn=(1100)
calls=1 0xb28e 1187 
* * 68 26 19 0 0 0 0 0 0 2 2
+5 * 1
+3 * 1 1
+4 * 1
+3 * 1 0 1
cfi=(288)
cfn=(1054)
calls=1 0x6a2e 390 
* * 25 6 3 1 2 0 0 1 0 2 0 1 1
+5 +1 1
+3 * 1 0 0 0 0 0 0 0 0 1
+2 * 1 1
+4 * 1
+3 * 1 0 1
cfn=(1100)
calls=1 0xb28e 1187 
* * 68 26 19 0 0 0 0 0 0 2 2
+5 * 1
+3 * 1 1
+4 * 1
+3 * 1 0 1
cfn=(1444)
calls=1 0xb274 2910 
* * 16 7 5 1 0 0 1
+5 * 1 0 0 1 0 0 1
+3 * 1 1
+4 * 1
+3 * 1
+3 * 1
+3 * 1 0 1
cfi=(288)
cfn=(1446)
calls=1 0x919b 371 
* * 881 292 147 7 38 0 2 0 0 120 10 5 4
+5 * 1
+2 * 1 0 0 0 0 0 0 0 0 1
+2 * 1
+5 * 1
+7 +1 1 1
+4 * 1 1
+1 * 1 1

fn=(2740) std::__cxx11::basic_string<char, std::char_traits<char>, std::allocator<char> >::c_str() const
0x6b06 2897 4 0 4 2 0 0 1
+1 * 4
+3 * 4
+4 * 4 0 4
+4 +1 4 4
+4 * 4
+3 * 4 0 4
cfn=(1064) std::__cxx11::basic_string<char, std::char_traits<char>, std::allocator<char> >::_M_data() const
calls=4 0x6db2 237 
* * 28 16 8
+5 * 4 4
+1 * 4 4

fn=(1410)
0xa12a 589 7 0 7 2 0 0 1
+1 * 7
+3 * 7 0 7
+1 * 7
+4 * 7 0 7
+4 * 7 7
+9 * 7 0 7 2 0 0 1
+4 * 7
+2 +5 7 7
+4 * 7
+4 * 7 0 7
fi=(293)
+4 88 7
fi=(292)
+1 +80 7
fe=(286)
+1 594 7 7
+4 * 7
+3 * 7 0 7
cfn=(1048) std::__cxx11::basic_string<char, std::char_traits<char>, std::allocator<char> >::_M_local_data()
calls=7 0x6dc4 242 
* * 126 49 42 1
+5 * 7
+3 * 7
+4 * 7
+3 * 7
+3 * 7
+3 * 7 0 7
cfn=(1092) std::__cxx11::basic_string<char, std::char_traits<char>, std::allocator<char> >::_Alloc_hider::_Alloc_hider(char*, std::allocator<char>&&)
calls=7 0xb0a2 207 
* * 161 63 70 3 0 1
fi=(292)
+5 189 7
+4 * 7
+3 * 7 0 7 2 0 0 1
cfi=(293)
cfn=(1096)
calls=7 0x6f3c -85 
* * 42 14 14
+5 * 7
+1 * 7 7
+4 * 7 0 7
fe=(286)
+4 382 7
+1 597 7 7
+4 * 7
+5 * 7
+3 * 7 0 7
cfn=(1078) std::__cxx11::basic_string<char, std::char_traits<char>, std::allocator<char> >::_M_set_length(unsigned long)
calls=7 0x6de2 269 
* * 399 154 126 0 0 0 0 0 0 7 7
+5 +1 7
+1 * 7 7
+4 * 7 7
+9 * 7 0 0 0 0 0 0 0 0 7 5
+7 * 7 7
+4 * 7 7
+1 * 7 7

fn=(1440)
0xb07a 4205 1 0 1 1 0 0 1
+1 * 1
+3 * 1
+4 * 1 0 1
+4 * 1 0 1
+4 +2 1 1
+4 * 1 1
+4 * 1
+3 * 1
+3 * 1 0 1
cfn=(1442)
calls=1 0xa7f4 -90 
* * 1093 365 202 12 40 0 6 1 0 128 14 6 5
+5 * 1
+3 * 1 1
+1 * 1 1

fn=(1090) std::__cxx11::basic_string<char, std::char_traits<char>, std::allocator<char> >::_M_get_allocator() const
0x73d6 368 119 0 119 1 0 0 1
+1 * 119
+3 * 119 0 119
+4 +1 119 119
+4 * 119 119
+1 * 119 119

fn=(1256) std::__cxx11::basic_string<char, std::char_traits<char>, std::allocator<char> >::_M_is_local() const
0x6e9a 277 64 0 64 3 0 0 1
+1 * 64
+3 * 64 0 64
+1 * 64
+4 * 64 0 64 0 0 6
+4 +2 64 64
+4 * 64
+3 * 64 0 64 0 0 1
cfn=(1064)
calls=64 0x6db2 -42 
* * 448 256 128 0 3
+5 * 64
+3 * 64 64
+4 * 64
+3 * 64 0 64 5 0 0 1
cfn=(1258)
calls=64 0x726c -26 
* * 1152 448 384 1 0 7 1
+5 * 64
+3 * 64
+3 * 64
+2 * 64 0 0 0 0 0 0 0 0 64 8
+2 +2 63 63
+4 * 63 63
+4 * 63
+4 +2 63
+5 * 63
+2 +2 1
+5 +1 1 1
+4 * 1 1
+1 * 1 1
-5 * 63 63
+4 * 63 63
+1 * 63 63

fn=(1396)
0x6cea 919 13 0 13 3 0 0 1
+1 * 13
+3 * 13
+4 * 13 0 13
+4 +1 13 13
+4 * 13
+3 * 13 0 13 2
cfn=(1276) std::__cxx11::basic_string<char, std::char_traits<char>, std::allocator<char> >::_M_dispose()
calls=13 0x6e52 295 
* * 905 307 233 7 3 2 1 0 0 32 13 3
+5 * 13 13
+4 * 13
+3 * 13 0 13
cfn=(1398) std::__cxx11::basic_string<char, std::char_traits<char>, std::allocator<char> >::_Alloc_hider::~_Alloc_hider()
calls=13 -67 196 
* * 247 78 78 1
+5 * 13
+1 * 13 13
+1 * 13 13

fn=(1846) std::__cxx11::basic_string<char, std::char_traits<char>, std::allocator<char> >::_S_assign(char*, unsigned long, char)
0xc317 472 4 0 4 1
+1 * 4
+3 * 4
+4 * 4 0 4
+4 * 4 0 4
+4 * 4 0 4
+3 +2 4 4
+5 * 4 0 0 0 0 0 0 0 0 4
+2 +1 4
+4 * 4 4
+4 * 4
+3 * 4
+3 * 4 0 4
cfi=(288)
cfn=(1080)
calls=4 0x6a12 348 
* * 44 20 16
+5 +3 4
+28 * 4
+1 * 4 4
+1 * 4 4

fn=(1082) std::__cxx11::basic_string<char, std::char_traits<char>, std::allocator<char> >::_M_length(unsigned long)
0x6f20 232 36 0 36 3 0 0 1
+1 * 36
+3 * 36 0 36
+4 * 36 0 36
+4 +1 36 36
+4 * 36 36
+4 * 36 0 36
+4 * 36
+1 * 36 36
+1 * 36 36

fn=(1098) std::__cxx11::basic_string<char, std::char_traits<char>, std::allocator<char> >::length() const
0xb1a0 1199 35 0 35 3 0 0 1
+1 * 35
+3 * 35
+4 * 35 0 35
+4 +1 35 35
+4 * 35
+3 * 35 0 35
cfn=(1100)
calls=35 0xb28e -13 
* * 2380 910 665 8 0 0 4 0 0 70 19
+5 * 35 35
+1 * 35 35

fn=(1840)
0xa86c 1886 4 0 4 1
+1 * 4
+3 * 4
+4 * 4 0 4
+4 * 4 0 4
+4 * 4 0 4
+3 +1 4 4 0 2 0 0 1
+4 * 4
+3 * 4 0 4
cfn=(1100)
calls=4 0xb28e 1187 
* * 272 104 76 0 0 0 0 0 0 8 5
+5 * 4
+3 * 4 4
+4 * 4 4
+4 * 4 4
+4 * 4
+3 * 4
+3 * 4
+3 * 4
+5 * 4
+3 * 4 0 4
cfi=(289)
cfn=(1842) std::__cxx11::basic_string<char, std::char_traits<char>, std::allocator<char> >::_M_replace_aux(unsigned long, unsigned long, unsigned long, char)
calls=4 0xb49a 513 
* * 1996 744 568 10 0 0 5 0 0 72 15
+5 * 4 4
+1 * 4 4

fn=(2738)
0x6a8a 4520 4 0 4
+1 * 4
+3 * 4
+4 * 4 0 4
+4 * 4 0 4
+4 * 4 0 4
+3 * 4 4
+4 * 4
+3 * 4 0 4
cfn=(2740)
calls=4 +98 2897 
* * 64 28 20 2 0 0 1
+5 * 4
+3 * 4 4
+3 * 4 4
+4 * 4
+7 * 4 4 0 2 2
+7 * 4
+3 * 4
+3 * 4 0 4
cfi=(368)
cfn=(2742)
calls=4 0x6b7e 58 
* * 1968 569 299 85 27 0 17 3 0 284 47 28 6
+5 +1 4 4
+1 * 4 4

fn=(1266) std::__cxx11::basic_string<char, std::char_traits<char>, std::allocator<char> >::_S_allocate(std::allocator<char>&, unsigned long)
0x737c 139 14 0 14
+1 * 14
+3 * 14
+4 * 14 0 14
+4 * 14 0 14
+4 * 14 14
+4 * 14 0 14
+4 * 14 14
+4 * 14 0 14
fi=(318)
+4 638 14 14
+4 * 14 14
+4 * 14
+5 * 14
+3 * 14
+3 * 14 0 14
cfi=(293)
cfn=(1268)
calls=14 +95 129 
* * 4798 970 647 46 86 60 32 2 13 740 163 33 6
+5 * 14
fe=(286)
+1 141 14 0 14
+4 +10 14 14
+4 +1 14 14
+1 * 14 14

fn=(1280) std::__cxx11::basic_string<char, std::char_traits<char>, std::allocator<char> >::_M_capacity(unsigned long)
0x6f04 264 14 0 14
+1 * 14
+3 * 14 0 14
+4 * 14 0 14
+4 +1 14 14
+4 * 14 14
+4 * 14 0 14
+4 * 14
+1 * 14 14
+1 * 14 14

fn=(2284)
0xb8b6 1080 2 0 2 2 0 0 1
+1 * 2
+3 * 2
+4 * 2 0 2 2 0 0 1
+4 * 2 2
+9 * 2 0 2
+4 * 2
+2 +1 2 2
+4 * 2
+3 * 2 0 2
cfn=(1064)
calls=2 0x6db2 237 
* * 14 8 4
+5 * 2 0 2
fi=(360)
+4 -22 2 2
+4 * 2 0 2
+4 * 2
fe=(286)
+1 +22 2 2
+4 * 2 2
+4 * 2 2
+9 * 2 0 0 0 0 0 0 0 0 2 2
+7 * 2 2
+1 * 2 2

fn=(1254) std::__cxx11::basic_string<char, std::char_traits<char>, std::allocator<char> >::capacity() const
0xbeca 1301 37 0 37 2 0 0 1
+1 * 37
+3 * 37
+4 * 37 0 37 0 0 4
+4 +2 37 37
+4 * 37
+3 * 37 0 37
cfn=(1256)
calls=37 0x6e9a 277 
* * 1813 666 481 5 0 12 3 0 0 37 4
+5 * 37
+2 * 37 0 0 0 0 0 0 0 0 37 2
+2 * 37 0 37
+8 * 37
+14 +2 37 37 0 6 0 0 1
+5 * 37 0 0 0 0 0 0 0 0 37
+2 * 37 37
+4 * 37
+3 * 37 0 37
cfn=(1102) std::__cxx11::basic_string<char, std::char_traits<char>, std::allocator<char> >::max_size() const
calls=37 0x72b6 1205 
* * 1924 703 555 0 0 0 0 0 0 74 9
+5 * 37 37
+4 * 37 0 0 0 0 0 0 0 0 37 4
+9 * 37
+5 * 37
+2 +2 37 37
+4 +1 37 37
+1 * 37 37

fn=(1398)
0x6cc6 196 13 0 13
+1 * 13
+3 * 13
+4 * 13 0 13
+4 * 13 13
+4 * 13 0 13
fi=(292)
+4 -7 13 13
+4 * 13
+3 * 13 0 13
cfi=(293)
cfn=(1096)
calls=13 0x6f3c -85 
* * 78 26 26 1
+5 * 13
fe=(286)
+1 +7 13
+1 * 13 13
+1 * 13 13

fn=(1444)
0xb274 2910 7 0 7 3 0 0 1
+1 * 7
+3 * 7
+4 * 7 0 7
+4 +1 7 7
+4 * 7
+3 * 7 0 7
cfn=(1064)
calls=7 0x6db2 237 
* * 49 28 14
+5 * 7 7
+1 * 7 7

fn=(1772)
0xf9b0 928 19 0 19
+1 * 19
+3 * 19
+4 * 19 0 19
+4 * 19 0 19
+4 +2 19 19 0 2 0 0 1
+4 * 19 19
+4 * 19
+3 * 19
+3 * 19 0 19
cfn=(1774) std::__cxx11::basic_string<char, std::char_traits<char>, std::allocator<char> >::assign(std::__cxx11::basic_string<char, std::char_traits<char>, std::allocator<char> > const&)
calls=19 0x1179c 1764 
* * 6867 2576 1931 35 0 0 8 0 0 281 36
+5 +1 19 19
+1 * 19 19

fn=(1774)
0x1179c 1764 19 0 19 2 0 0 1
+1 * 19
+3 * 19
+4 * 19 0 19
+4 * 19 0 19
+4 * 19 19
+9 * 19 0 19
+4 * 19
+2 +31 19 19
+4 * 19 19 0 2 0 0 1
+4 * 19
+3 * 19
+3 * 19 0 19
cfi=(289)
cfn=(1776) std::__cxx11::basic_string<char, std::char_traits<char>, std::allocator<char> >::_M_assign(std::__cxx11::basic_string<char, std::char_traits<char>, std::allocator<char> > const&)
calls=19 0x142b6 340 
* * 6506 2424 1836 31 0 0 6 0 0 262 32
+5 +1 19 19
+4 +1 19 19
+4 * 19 19
+9 * 19 0 0 0 0 0 0 0 0 19 4
+7 * 19 19
+1 * 19 19

fn=(2726)
0xcdea 876 3 0 3
+1 * 3
+3 * 3 0 3
+1 * 3
+4 * 3 0 3
+4 * 3 0 3
+4 * 3 0 3
+4 * 3 0 3 2 0 0 1
+4 * 3 3
+9 * 3 0 3
+4 * 3
+2 +2 3 3
+4 * 3 3
+4 * 3
+3 * 3 0 3
cfn=(1048)
calls=3 0x6dc4 242 
* * 54 21 18 3
+5 * 3
+3 * 3 3
+4 * 3
+3 * 3
+3 * 3
+3 * 3 0 3
cfn=(1052) std::__cxx11::basic_string<char, std::char_traits<char>, std::allocator<char> >::_Alloc_hider::_Alloc_hider(char*, std::allocator<char> const&)
calls=3 0x6f48 203 
* * 63 24 27 4
+5 * 3 3
+4 * 3 0 3 2 0 0 1
+8 +3 3 3
+4 * 3 3
+4 * 3 3
+4 * 3
+3 * 3
+3 * 3 0 3
cfi=(289)
cfn=(2728) void std::__cxx11::basic_string<char, std::char_traits<char>, std::allocator<char> >::_M_construct<__gnu_cxx::__normal_iterator<char const*, std::__cxx11::basic_string<char, std::char_traits<char>, std::allocator<char> > > >(__gnu_cxx::__normal_iterator<char const*, std::__cxx11::basic_string<char, std::char_traits<char>, std::allocator<char> > >, __gnu_cxx::__normal_iterator<char const*, std::__cxx11::basic_string<char, std::char_traits<char>, std::allocator<char> > >, std::forward_iterator_tag)
calls=3 0xe72e 227 
* * 708 249 198 36 0 0 9 0 0 39 15 3
+5 +5 3
+48 * 3 3 0 2 0 0 1
+4 * 3 3
+9 * 3 0 0 0 0 0 0 0 0 3 2
+7 * 3 3
+4 * 3 3
+1 * 3 3

fn=(2732) void std::__cxx11::basic_string<char, std::char_traits<char>, std::allocator<char> >::_S_copy_chars<__gnu_cxx::__normal_iterator<char const*, std::__cxx11::basic_string<char, std::char_traits<char>, std::allocator<char> > > >(char*, __gnu_cxx::__normal_iterator<char const*, std::__cxx11::basic_string<char, std::char_traits<char>, std::allocator<char> > >, __gnu_cxx::__normal_iterator<char const*, std::__cxx11::basic_string<char, std::char_traits<char>, std::allocator<char> > >)
0x10345 487 3 0 3 2 0 0 1
+1 * 3
+3 * 3
+4 * 3 0 3
+4 * 3 0 3
+4 * 3 0 3
+4 * 3 3
+9 * 3 0 3
+4 * 3
+2 * 3
+4 * 3 0 3
fi=(360)
+4 1166 3 3
+4 1352 3 3
+3 * 3
+4 * 3 0 3
+4 1166 3 3 0 2 0 0 1
+4 1352 3 3
+3 * 3
+3 * 3 3
+4 * 3 0 3
+4 1166 3
+4 3015 3 3
fe=(286)
+3 493 3 3
+4 * 3
+3 * 3
+3 * 3 0 3
cfn=(1068) std::__cxx11::basic_string<char, std::char_traits<char>, std::allocator<char> >::_S_copy(char*, char const*, unsigned long)
calls=3 0x7222 -41 
* * 165 48 36 12 0 0 0 0 0 24 6 3
+5 +17 3
+1 * 3 3
+4 * 3 3
+9 * 3 0 0 0 0 0 0 0 0 3 2
+7 * 3 3
+1 * 3 3

fn=(1066) void std::__cxx11::basic_string<char, std::char_traits<char>, std::allocator<char> >::_S_copy_chars<char const*>(char*, char const*, char const*)
0x733f 487 2 0 2 2 0 0 1
+1 * 2 0 0 2 0 0 1
+3 * 2
+4 * 2 0 2
+4 * 2 0 2
+4 * 2 0 2
+4 +6 2 2
+4 * 2 2
+4 * 2
+3 * 2 2
+4 * 2 0 2
fi=(360)
+4 3024 2 2
fe=(286)
+4 493 2 2
+4 * 2
+3 * 2
+3 * 2 0 2
cfn=(1068)
calls=2 0x7222 -41 
* * 1026 347 177 11 17 4 6 1 0 140 20 5 3
+5 +17 2
+1 * 2 2
+1 * 2 2

fn=(1068)
0x7222 452 35 0 35 3 0 0 1
+1 * 35
+3 * 35
+4 * 35 0 35
+4 * 35 0 35
+4 * 35 0 35
+4 +2 35 35
+5 * 35 0 0 0 0 0 0 0 0 35 6
+2 +1 28 28
+4 * 28 28
+4 * 28
+3 * 28
+3 * 28 0 28
cfi=(288)
cfn=(1080)
calls=28 0x6a12 348 
* * 308 140 112 0 0 2 0 0 2
+5 +3 28
+2 -1 7 7 0 1 0 0 1
+4 * 7 7
+4 * 7 7
+4 * 7
+3 * 7
+3 * 7 0 7
cfi=(288)
cfn=(1070)
calls=7 0x6a49 -33 
* * 1171 385 202 19 18 4 4 1 0 166 26 10 5
+5 +1 35
+1 * 35 35
+1 * 35 35

fn=(1088)
0xae8e 617 1 0 1 1 0 0 1
+1 * 1
+3 * 1 0 1
+1 * 1
+4 * 1 0 1
+4 * 1 0 1
+4 * 1 1
+9 * 1 0 1
+4 * 1
+2 +1 1 1
+4 +1 1 1
+4 * 1
+3 * 1 0 1
cfn=(1090)
calls=1 0x73d6 368 
* * 6 3 2 1 0 0 1
+5 * 1 0 1 1 0 0 1
+4 * 1
+4 * 1 1
+4 * 1 0 1
+4 * 1 0 1
+4 * 1 1
+4 * 1 0 1
+4 * 1 1
+4 * 1 0 1
+4 * 1 1
+4 * 1 0 1
fi=(293)
+4 92 1
fi=(292)
+1 +81 1
fi=(318)
+1 766 1
fi=(396) /usr/include/c++/16.1.1/ext/alloc_traits.h
+1 100 1
fe=(286)
+1 618 1 1
+4 * 1
+3 * 1 0 1
cfn=(1048)
calls=1 0x6dc4 242 
* * 18 7 6
+5 * 1
+3 * 1 0 0 1 0 0 1
+4 * 1
+3 * 1
+3 * 1
+3 * 1 0 1
cfn=(1092)
calls=1 0xb0a2 207 
* * 23 9 10 2 0 0 2
fi=(292)
+5 189 1
+4 * 1
+3 * 1 0 1
cfi=(293)
cfn=(1096)
calls=1 0x6f3c -85 
* * 6 2 2
+5 * 1
fe=(286)
+1 621 1 1
+4 * 1
+3 * 1 0 1
cfn=(1098)
calls=1 0xb1a0 1199 
* * 77 29 22 5 0 0 5 0 0 2 1
+5 * 1
+3 * 1 1
+4 * 1
+3 * 1 0 1
cfn=(1064)
calls=1 0x6db2 237 
* * 7 4 2
+5 * 1
+3 * 1 1
+4 * 1 0 0 1 0 0 1
+3 * 1
+3 * 1
+3 * 1 0 1
cfi=(289)
cfn=(1106) void std::__cxx11::basic_string<char, std::char_traits<char>, std::allocator<char> >::_M_construct<true>(char const*, unsigned long)
calls=1 0xbca0 286 
* * 106 37 28 4 0 0 4 0 0 7 6 1 1
+5 +1 1
+48 * 1 1
+4 * 1 1 0 1 0 0 1
+9 * 1 0 0 0 0 0 0 0 0 1 1
+7 * 1 1
+4 * 1 1
+1 * 1 1

fn=(1462)
0xaa12 1389 6 0 6 3
+1 * 6
+3 * 6
+4 * 6 0 6
+4 * 6 0 6
+4 +4 6 6
+4 * 6
+3 * 6 0 6
cfn=(1100)
calls=6 0xb28e 1187 
* * 408 156 114 0 0 0 0 0 0 12 7
+5 * 6 6
+4 * 6
+3 * 6
+3 * 6
+3 * 6
+3 * 6
+2 * 6 0 0 4 0 0 1 0 0 6 3
+36 +3 6 6
+4 * 6
+3 * 6 0 6
cfn=(1064)
calls=6 0x6db2 237 
* * 42 24 12
+5 * 6 6
+4 * 6
+3 +1 6 6
+1 * 6 6

fn=(2282)
0xb904 1098 2 0 2 2 0 0 1
+1 * 2
+3 * 2 0 2
+1 * 2
+4 * 2 0 2
+4 * 2 2
+9 * 2 0 2
+4 * 2
+2 +1 2 2
+4 * 2
+3 * 2 0 2
cfn=(1064)
calls=2 0x6db2 237 
* * 14 8 4
+5 * 2
+3 * 2 2
+4 * 2
+3 * 2 0 2
cfn=(1100)
calls=2 0xb28e +88 
* * 136 52 38 0 0 0 0 0 0 4 2
+5 * 2
+3 * 2 0 2 2 0 0 1
fi=(360)
+4 -40 2 2
+4 * 2 0 2
+4 * 2
fe=(286)
+1 +40 2 2
+4 * 2 2
+4 * 2 2
+9 * 2 0 0 0 0 0 0 0 0 2 2
+7 * 2 2
+4 * 2 2
+1 * 2 2

fn=(2840) std::__cxx11::basic_string<char, std::char_traits<char>, std::allocator<char> >::_M_destroy(unsigned long)
0x70f6 303 1 0 1
+1 * 1
+3 * 1 0 1
+2 * 1 0 1
+1 * 1 0 0 1 0 0 1
+4 * 1 0 1
+4 * 1 0 1
+4 +1 1 1
+4 * 1
+4 * 1 1
+4 * 1
+3 * 1 0 1
cfn=(1064)
calls=1 0x6db2 -67 
* * 7 4 2
+5 * 1
+3 * 1 1
+4 * 1
+3 * 1 0 1
cfn=(1264) std::__cxx11::basic_string<char, std::char_traits<char>, std::allocator<char> >::_M_get_allocator()
calls=1 0x6e8c +59 
* * 6 3 2
+5 * 1 0 1
+4 * 1 0 1
+4 * 1 0 1
fi=(318)
+4 689 1 1
+4 * 1 1
+4 * 1 1 0 1
+4 * 1
+3 * 1
+3 * 1 0 1
cfi=(293)
cfn=(2842)
calls=1 0x73e4 167 
* * 52 16 9 1 0 0 0 0 0 6 0 3
+5 * 1
fe=(286)
+1 304 1
+1 * 1
+4 * 1 1
+1 * 1 1
+2 * 1 1
+1 * 1 1

fn=(1052)
0x6f48 203 5 0 5 3 0 0 1
+1 * 5
+3 * 5 0 5
+4 * 5 0 5
+4 * 5 0 5
+4 * 5 5
+4 * 5 0 5
+4 * 5 5
+4 * 5 0 5
+4 * 5 5
+4 * 5 0 5
+4 * 5 5
+4 * 5 0 5
fi=(293)
+4 92 5
fi=(292)
+1 +81 5
fe=(286)
+1 +31 5 5
+4 * 5 5 0 3 0 0 1
+4 * 5 0 5
+3 * 5
+1 * 5 5
+1 * 5 5

fn=(1102)
0x72b6 1205 118 0 118 1 0 0 1
+1 * 118
+3 * 118
+4 * 118 0 118 2 0 0 1
+4 * 118 118
+9 * 118 0 118
+4 * 118
+2 +2 118
+10 * 118 0 118
+4 +2 118 118
+4 * 118
+3 * 118 0 118
cfn=(1090)
calls=118 0x73d6 368 
* * 708 354 236
+5 * 118 0 118
+4 * 118 118
+4 * 118 0 118
+4 * 118 118
+4 * 118 0 118
fi=(293)
+4 245 118 0 0 1
+10 -50 118
fi=(318)
+1 752 118
fe=(286)
+1 1209 118 0 118
+4 +1 118
+4 * 118
+4 * 118
+3 * 118
+3 * 118 0 118
cfi=(294)
cfn=(1104)
calls=118 0x728a 232 
* * 1534 826 354 0 0 0 0 0 0 118 36
+5 * 118 118
+3 * 118
+4 +1 118 118
+4 * 118 118
+9 * 118 0 0 0 0 0 0 0 0 118 26
+7 * 118 118
+1 * 118 118

fn=(1264)
0x6e8c 363 15 0 15
+1 * 15
+3 * 15 0 15
+4 +1 15 15
+4 * 15 15
+1 * 15 15

fn=(1046)
0x6d12 730 2 0 2 1 0 0 1
+1 * 2
+3 * 2 0 2
+1 * 2
+4 * 2 0 2
+4 * 2 0 2
+4 * 2 0 2
+4 +1 2 2
+4 * 2 2
+4 * 2
+3 * 2 0 2
cfn=(1048)
calls=2 0x6dc4 242 
* * 36 14 12 3 0 0 2
+5 * 2
+3 * 2 2
+4 * 2 0 0 2 0 0 1
+3 * 2
+3 * 2
+3 * 2 0 2
cfn=(1052)
calls=2 0x6f48 203 
* * 42 16 18 2 0 0 2
+5 +3 2 2
+5 * 2 0 0 0 0 0 0 0 0 2 2
+17 +3 2 2
+4 * 2
+3 * 2 0 2
cfi=(288)
cfn=(1054)
calls=2 0x6a2e 390 
* * 894 294 148 7 16 1 3 0 0 119 10 6 4
+5 * 2 2
+4 * 2
+3 * 2 0 2
+4 +1 2 2
+4 * 2 2 0 1 0 0 1
+4 * 2 2
+4 * 2
+3 * 2
+3 * 2 0 2
cfi=(289)
cfn=(1060) void std::__cxx11::basic_string<char, std::char_traits<char>, std::allocator<char> >::_M_construct<char const*>(char const*, char const*, std::forward_iterator_tag)
calls=2 0x6fcc 227 
* * 1344 467 275 26 17 4 15 1 0 148 28 5 3
+5 +1 2
+28 * 2 2
+4 * 2 2
+1 * 2 2

fn=(1048)
0x6dc4 242 13 0 13 2 0 0 1
+1 * 13
+3 * 13
+4 * 13 0 13
+4 +3 13 13
+4 * 13
+4 * 13
+3 * 13 0 13
cfi=(287)
cfn=(1050) std::__ptr_traits_ptr_to<char*, char, false>::pointer_to(char&)
calls=13 0x70e0 134 
* * 104 52 39 5 0 0 1
+5 +4 13 13
+1 * 13 13

fn=(1064)
0x6db2 237 179 0 179
+1 * 179
+3 * 179 0 179
+4 +1 179 179
+4 * 179 179 0 0 3
+3 * 179 179
+1 * 179 179

fn=(1078)
0x6de2 269 35 0 35
+1 * 35
+3 * 35
+4 * 35 0 35
+4 * 35 0 35
+4 * 35 35
+9 * 35 0 35
+4 * 35 0 0 5 0 0 1
+2 +2 35 0 35
+4 * 35 35
+4 * 35
+3 * 35 0 35
cfn=(1064)
calls=35 -90 -34 
* * 245 140 70
+5 * 35 35
+4 * 35
+3 * 35
+4 * 35
+3 * 35
+3 * 35 0 35
cfi=(288)
cfn=(1080)
calls=35 0x6a12 +77 
* * 385 175 140 2
+5 +1 35 35
+4 * 35 35
+4 * 35
+3 * 35
+3 * 35 0 35
cfn=(1082)
calls=35 0x6f20 -40 
* * 350 140 140 3 0 0 1
+5 +1 35
+1 * 35 35
+4 * 35 35 0 4 0 0 1
+9 * 35 0 0 0 0 0 0 0 0 35 19
+7 * 35 35
+1 * 35 35

fn=(1092)
0xb0a2 207 8 0 8 3 0 0 1
+1 * 8
+3 * 8 0 8
+4 * 8 0 8
+4 * 8 0 8
+4 * 8 8
+4 * 8 0 8
fi=(349)
+4 -68 8 8
+4 * 8 8 0 2 0 0 1
+4 * 8 0 8
+4 * 8 0 8
+4 * 8 8
+4 * 8 0 8
+4 * 8 8
+4 * 8 0 8
fi=(293)
+4 -47 8
fi=(292)
+1 +81 8
fe=(286)
+1 +35 8 8
+4 * 8 8
+4 * 8 0 8 0 0 1
+3 * 8
+1 * 8 8
+1 * 8 8

fn=(1100)
0xb28e 1187 63 0 63 2 0 0 1
+1 * 63
+3 * 63
+4 * 63 0 63
+4 +2 63 63
+4 * 63 63
+4 * 63 0 63
+4 +1 63 63
+4 * 63
+3 * 63 0 63
cfn=(1102)
calls=63 0x72b6 +15 
* * 3276 1197 945 4 0 0 2 0 0 126 44
+5 * 63 63
+4 * 63
+3 * 63
+2 +2 63 63
+4 +1 63 63
+1 * 63 63 0 2 0 0 1

fn=(1276)
0x6e52 295 27 0 27
+1 * 27
+3 * 27
+4 * 27 0 27
+4 +2 27 27
+4 * 27
+3 * 27 0 27
cfn=(1256)
calls=27 +53 -20 
* * 1319 484 351 4 3 2 0 0 0 27 4
+5 * 27
+3 * 27
+2 * 27 0 0 0 0 0 0 0 0 27 13
+2 +1 1 1
+4 * 1 1
+4 * 1 1
+4 * 1
+3 * 1
+3 * 1 0 1
cfn=(2840)
calls=1 0x70f6 +5 
* * 97 33 24 3 0 0 1 0 0 6 0 3
+5 +1 27
+1 * 27 27
+1 * 27 27

fn=(1844) std::__cxx11::basic_string<char, std::char_traits<char>, std::allocator<char> >::_M_check_length(unsigned long, unsigned long, char const*) const
0xc108 424 4 0 4 1 0 0 1
+1 * 4
+3 * 4 0 4
+1 * 4
+4 * 4 0 4
+4 * 4 0 4
+4 * 4 0 4
+4 * 4 0 4
+4 +2 4 4
+4 * 4
+3 * 4 0 4
cfn=(1102)
calls=4 0x72b6 1205 
* * 208 76 60 0 0 0 0 0 0 8 3
+5 * 4
+3 * 4 4
+4 * 4
+3 * 4 0 4
cfn=(1100)
calls=4 0xb28e 1187 
* * 272 104 76 0 0 0 0 0 0 8 2
+5 * 4 4
+4 * 4 0 0 2 0 0 1
+3 * 4
+4 * 4 4
+4 * 4
+3 * 4
+2 * 4 0 0 0 0 0 0 0 0 4
+14 +2 4
+1 * 4 4
+4 * 4 4
+1 * 4 4

fl=(284)
fn=(1034)
0x6ace 21 1 0 1 1 0 0 1
+1 * 1
+3 * 1
+4 * 1 0 1
+4 * 1 1
+4 * 1
+3 * 1 0 1
cob=(7)
cfi=(285)
cfn=(1040)
calls=1 0x167980 1173 
* * 634 216 165 5 2 0 5 0 0 50 9 30 5
cob=(1)
cfi=(282)
cfn=(1028)
calls=1 0x14550 +18 
* * 1063 295 128 6 15 1 0 3 0 143 15 2 2
* * 5 3 2 1 1 0 1 0 0 0 0 2 1
+5 * 1
+1 * 1 1
+1 * 1 1

fl=(344)
fn=(1542)
0x917a 170 286 0 286 2 0 0 1
+1 * 286
+3 * 286 0 286 2
+4 * 286 0 286
+4 * 286 286
+4 * 286 286
+1 * 286 286

fl=(294)
fn=(2636)
0x187cd 631 2 0 2
+1 * 2
+3 * 2 0 2
+1 * 2
+4 * 2 0 2
+4 * 2 0 2
+4 * 2 0 2
+4 * 2 2
+9 * 2 0 2
+4 * 2
+2 +9 2 2
+4 * 2
+3 * 2 0 2
cfi=(367) /usr/include/c++/16.1.1/bits/cpp_type_traits.h
cfn=(2638) __gnu_cxx::__normal_iterator<std::__cxx11::sub_match<__gnu_cxx::__normal_iterator<char const*, std::__cxx11::basic_string<char, std::char_traits<char>, std::allocator<char> > > > const*, std::vector<std::__cxx11::sub_match<__gnu_cxx::__normal_iterator<char const*, std::__cxx11::basic_string<char, std::char_traits<char>, std::allocator<char> > > >, std::allocator<std::__cxx11::sub_match<__gnu_cxx::__normal_iterator<char const*, std::__cxx11::basic_string<char, std::char_traits<char>, std::allocator<char> > > > > > > std::__miter_base<__gnu_cxx::__normal_iterator<std::__cxx11::sub_match<__gnu_cxx::__normal_iterator<char const*, std::__cxx11::basic_string<char, std::char_traits<char>, std::allocator<char> > > > const*, std::vector<std::__cxx11::sub_match<__gnu_cxx::__normal_iterator<char const*, std::__cxx11::basic_string<char, std::char_traits<char>, std::allocator<char> > > >, std::allocator<std::__cxx11::sub_match<__gnu_cxx::__normal_iterator<char const*, std::__cxx11::basic_string<char, std::char_traits<char>, std::allocator<char> > > > > > > >(__gnu_cxx::__normal_iterator<std::__cxx11::sub_match<__gnu_cxx::__normal_iterator<char const*, std::__cxx11::basic_string<char, std::char_traits<char>, std::allocator<char> > > > const*, std::vector<std::__cxx11::sub_match<__gnu_cxx::__normal_iterator<char const*, std::__cxx11::basic_string<char, std::char_traits<char>, std::allocator<char> > > >, std::allocator<std::__cxx11::sub_match<__gnu_cxx::__normal_iterator<char const*, std::__cxx11::basic_string<char, std::char_traits<char>, std::allocator<char> > > > > > >)
calls=2 0x1d182 +69 
* * 12 6 4
+5 * 2
+3 * 2 2 0 2 0 0 1
+4 * 2
+3 * 2 0 2
cfi=(367)
cfn=(2638)
calls=2 0x1d182 +69 
* * 12 6 4
+5 * 2 0 2
+4 * 2 0 2
+4 * 2 2
+4 * 2 0 2
+4 * 2 2
+4 * 2 0 2
fi=(360)
+4 1166 2
+4 3015 2 2
+3 * 2 2
+4 * 2 0 2
+4 1166 2
+4 3015 2 2
+3 * 2 2
+4 * 2 0 2 2 0 0 1
+4 1166 2
+4 3015 2 2
+3 * 2 0 2
+4 * 2 0 2
+4 * 2 0 2
fe=(294)
+4 490 2 2
+4 * 2 2
+4 * 2 2
+4 * 2
+3 * 2
+3 * 2 0 2
cfn=(2640) std::__cxx11::sub_match<__gnu_cxx::__normal_iterator<char const*, std::__cxx11::basic_string<char, std::char_traits<char>, std::allocator<char> > > >* std::__copy_move_a2<false, std::__cxx11::sub_match<__gnu_cxx::__normal_iterator<char const*, std::__cxx11::basic_string<char, std::char_traits<char>, std::allocator<char> > > > const*, std::__cxx11::sub_match<__gnu_cxx::__normal_iterator<char const*, std::__cxx11::basic_string<char, std::char_traits<char>, std::allocator<char> > > > const*, std::__cxx11::sub_match<__gnu_cxx::__normal_iterator<char const*, std::__cxx11::basic_string<char, std::char_traits<char>, std::allocator<char> > > >*>(std::__cxx11::sub_match<__gnu_cxx::__normal_iterator<char const*, std::__cxx11::basic_string<char, std::char_traits<char>, std::allocator<char> > > > const*, std::__cxx11::sub_match<__gnu_cxx::__normal_iterator<char const*, std::__cxx11::basic_string<char, std::char_traits<char>, std::allocator<char> > > > const*, std::__cxx11::sub_match<__gnu_cxx::__normal_iterator<char const*, std::__cxx11::basic_string<char, std::char_traits<char>, std::allocator<char> > > >*)
calls=2 0x2b893 -79 
* * 543 263 151 8 0 0 4 0 0 13 6
+5 * 2
+3 * 2
+1 +8 2 2
+4 * 2
+3 * 2
+3 * 2 0 2
cfi=(360)
cfn=(2646)
calls=2 0x24c4e 3086 
* * 74 26 18 4 0 0 2 0 0 2 2
+5 +3 2
+1 641 2 2 0 2 0 0 1
+4 * 2 2
+9 * 2 0 0 0 0 0 0 0 0 2 2
+7 * 2 2
+4 * 2 2
+1 * 2 2

fn=(1104)
0x728a 232 172 0 172
+1 * 172
+3 * 172 0 172
+4 * 172 0 172
+4 +5 172 172
+4 * 172 172
+3 * 172 172
+4 * 172 172
+3 * 172
+3 * 172 0 0 0 0 0 0 0 0 172 52
+8 +2 172 172
+4 +1 172 172
+1 * 172 172

fn=(1618)
0x12a26 256 27 0 27 4
+1 * 27
+3 * 27 0 27
+4 * 27 0 27
+4 +5 27 27
+4 * 27 27
+3 * 27 27
+4 * 27 27
+3 * 27 0 0 4 0 0 1
+3 * 27 0 0 0 0 0 0 0 0 27 13
+2 +1 6 6
+4 * 6
+2 +1 21 21
+4 +1 21 21
+1 * 21 21
-1 * 6 6
+1 * 6 6

fn=(1950) __gnu_cxx::__normal_iterator<char const*, std::vector<char, std::allocator<char> > > std::__lower_bound<__gnu_cxx::__normal_iterator<char const*, std::vector<char, std::allocator<char> > >, char, std::less<void> >(__gnu_cxx::__normal_iterator<char const*, std::vector<char, std::allocator<char> > >, __gnu_cxx::__normal_iterator<char const*, std::vector<char, std::allocator<char> > >, char const&, std::less<void>)
0x2dbea 1502 384 0 384 3 0 0 1
+1 * 384
+3 * 384
+4 * 384 0 384
+4 * 384 0 384
+4 * 384 0 384
+4 * 384 384 0 3 0 0 1
+9 * 384 0 384
+4 * 384
+2 * 384 384
+4 * 384 0 384
+4 * 384 384
+4 * 384 0 384
+4 * 384 384
+4 * 384 0 384
+4 * 384 384
+4 * 384 0 384
+4 * 384
+4 * 384 0 384
fi=(360)
+4 1166 384 384
+4 1352 384 384
+3 * 384
+4 * 384 0 384 3 0 0 1
+4 1166 384 384
+4 1352 384 384
+3 * 384
fi=(397) /usr/include/c++/16.1.1/bits/stl_iterator_base_funcs.h
+3 108 384
+1 +86 384
fe=(294)
+1 1508 384 0 384
+4 +2 384
0x2dce2 * 384 384 0 2 0 0 1
+5 * 384 0 0 0 0 0 0 0 0 384
+6 +14 384 384
+4 +1 384 384
+4 * 384 384
+9 * 384 0 0 0 0 0 0 0 0 384 4
+7 * 384 384 0 2 0 0 1
+1 * 384 384

fn=(2640)
0x2b893 411 2 0 2
+1 * 2
+3 * 2
+4 * 2 0 2
+4 * 2 0 2
+4 * 2 0 2
+4 +48 2
+2 -54 11 11
+4 * 11 11
+4 * 11
+3 * 11
+3 * 11 0 11
cfi=(333)
cfn=(2642)
calls=11 0x24986 942 
* * 352 187 110 6 0 0 3
+5 +1 11
+1 +53 11 11
+4 * 11
+4 * 11 0 11
+4 * 11 11
+4 * 11
+4 * 11 0 11
+4 * 11 11
+4 * 11 11
+4 * 11 0 0 0 0 0 0 0 0 11 4
-8 * 2 2 0 2 0 0 1
+4 * 2 2
+4 * 2 0 0 0 0 0 0 0 0 2 2
+2 +2 2 2
+4 +1 2 2
+1 * 2 2

fl=(287)
fn=(1260)
0x73bf 134 64 0 64 1 0 0 1
+1 * 64
+3 * 64 0 64 0 0 7
+4 * 64 64
+4 * 64 0 64
fi=(349)
+4 +43 64 64
fe=(287)
+4 -42 64 64
+1 * 64 64

fn=(1050)
0x70e0 134 13 0 13 5 0 0 1
+1 * 13
+3 * 13 0 13
+4 * 13 13
+4 * 13 0 13
fi=(349)
+4 +43 13 13
fe=(287)
+4 -42 13 13
+1 * 13 13

fl=(289)
fn=(1062) std::__cxx11::basic_string<char, std::char_traits<char>, std::allocator<char> >::_M_construct<char const*>(char const*, char const*, std::forward_iterator_tag)::_Guard::_Guard(std::__cxx11::basic_string<char, std::char_traits<char>, std::allocator<char> >*)
0x6f88 245 2 0 2
+1 * 2
+3 * 2 0 2
+4 * 2 0 2
+4 * 2 2
+4 * 2 2
+4 * 2 0 2
+3 * 2
+1 * 2 2
+1 * 2 2

fn=(1454)
0xc1b0 388 1 0 1 1 0 0 1
+1 * 1
+3 * 1
+4 * 1 0 1
+4 * 1 0 1
+4 * 1 0 1 1 0 0 1
+4 * 1 0 1
+4 * 1 0 1
+4 * 1 1
+9 * 1 0 1
+4 * 1
+2 +4 1 1
+4 * 1
+3 * 1 0 1
cfi=(286)
cfn=(1098)
calls=1 0xb1a0 1199 
* * 77 29 22 0 0 0 0 0 0 2 2
+5 * 1 1
+4 * 1 1
+4 * 1 0 1
+4 +2 1 1
+4 * 1
+3 * 1 0 1
cfi=(286)
cfn=(1098)
calls=1 0xb1a0 1199 
* * 77 29 22 0 0 0 0 0 0 2 1
+5 * 1 1 0 1 0 0 1
+4 * 1
+3 * 1 1
+4 * 1 0 1
+4 +1 1 1
+4 * 1
+3 * 1 0 1
cfi=(286)
cfn=(1254)
calls=1 0xbeca 1301 
* * 124 44 33 0 0 0 0 0 0 6 5
+5 * 1
+3 * 1
+4 * 1 1
+4 * 1
+3 * 1
+3 * 1 0 1
cfn=(1262) std::__cxx11::basic_string<char, std::char_traits<char>, std::allocator<char> >::_M_create(unsigned long&, unsigned long)
calls=1 0x715a 143 
* * 640 116 84 14 6 1 5 0 0 124 42 2
+5 * 1 0 1
+4 +2 1 1
+5 * 1 0 0 0 0 0 0 0 0 1 1
+36 +2 1 1 0 1 0 0 1
+5 * 1 0 0 0 0 0 0 0 0 1
+2 * 1 1
+5 * 1 0 0 0 0 0 0 0 0 1 1
+2 +1 1 1
+4 * 1 1
+4 * 1
+4 * 1 1
+4 * 1 1
+4 * 1 0 0 1 0 0 1
+3 * 1
+3 * 1 0 1
cfi=(286)
cfn=(1068)
calls=1 0x7222 +52 
* * 49 16 12 0 1 0 0 0 0 4 2 1 1
+5 +1 1 1
+5 * 1 0 0 0 0 0 0 0 0 1 1
+63 +4 1 1 0 1 0 0 1
+4 * 1
+3 * 1 0 1
cfi=(286)
cfn=(1276)
calls=1 0x6e52 295 
* * 62 21 16 0 0 0 0 0 0 2 2
+5 +1 1 1
+4 * 1 1
+4 * 1
+3 * 1
+3 * 1 0 1
cfi=(286)
cfn=(1278)
calls=1 0x6eea 227 
* * 10 4 4
+5 +1 1 1
+4 * 1 1
+4 * 1
+3 * 1
+3 * 1 0 1
cfi=(286)
cfn=(1280)
calls=1 0x6f04 264 
* * 10 4 4
+5 +1 1 0 0 1 0 0 1
+1 * 1 1
+4 * 1 1
+9 * 1 0 0 0 0 0 0 0 0 1 1
+7 * 1 1
+1 * 1 1

fn=(1842)
0xb49a 513 4 0 4
+1 * 4
+3 * 4
+4 * 4 0 4
+4 * 4 0 4
+4 * 4 0 4
+4 * 4 0 4
+4 * 4 0 4
+4 +4 4
+7 * 4 4 0 2 0 0 1
+4 * 4 4
+4 * 4 4
+4 * 4
+3 * 4 0 4
cfi=(286)
cfn=(1844)
calls=4 0xc108 -93 
* * 584 208 168 3 0 0 2 0 0 20 5
+5 +2 4 4
+4 * 4
+3 * 4 0 4
cfi=(286)
cfn=(1100)
calls=4 0xb28e 1187 
* * 272 104 76 0 0 0 0 0 0 8
+5 * 4 0 4
+4 +1 4 4
+4 * 4 4
+4 * 4
+3 * 4 4
+4 * 4 0 4
+4 +2 4 4
+4 * 4
+3 * 4 0 4
cfi=(286)
cfn=(1254)
calls=4 0xbeca 1301 
* * 496 176 132 0 0 0 0 0 0 24 4
+5 * 4 4 0 2 0 0 1
+4 * 4
+3 * 4
+2 * 4 0 0 0 0 0 0 0 0 4
+2 +2 4 4
+4 * 4
+3 * 4 0 4
cfi=(286)
cfn=(1064)
calls=4 0x6db2 237 
* * 28 16 8
+5 * 4 4
+4 * 4
+3 * 4 0 4
+4 +2 4 4
+4 * 4 4
+4 * 4 4
+4 * 4 0 4
+4 +1 4 4
+5 * 4 0 0 0 0 0 0 0 0 4 2
+85 +6 4 4 0 2 0 0 1
+5 * 4 0 0 0 0 0 0 0 0 4
+2 +1 4 4
+4 * 4
+3 * 4 0 4
cfi=(286)
cfn=(1064)
calls=4 0x6db2 237 
* * 28 16 8
+5 * 4 4
+4 * 4
+4 * 4 4
+4 * 4 4
+4 * 4
+3 * 4
+3 * 4 0 4
cfi=(286)
cfn=(1846)
calls=4 0xc317 -62 
* * 112 36 36 1 0 0 0 0 0 4
+5 +2 4 4
+4 * 4 4
+4 * 4
+3 * 4
+3 * 4 0 4
cfi=(286)
cfn=(1078)
calls=4 0x6de2 269 
* * 228 88 72 0 0 0 0 0 0 4 4
+5 +1 4 4
+4 +1 4 4
+1 * 4 4

fn=(2730) std::__cxx11::basic_string<char, std::char_traits<char>, std::allocator<char> >::_M_construct<__gnu_cxx::__normal_iterator<char const*, std::__cxx11::basic_string<char, std::char_traits<char>, std::allocator<char> > > >(__gnu_cxx::__normal_iterator<char const*, std::__cxx11::basic_string<char, std::char_traits<char>, std::allocator<char> > >, __gnu_cxx::__normal_iterator<char const*, std::__cxx11::basic_string<char, std::char_traits<char>, std::allocator<char> > >, std::forward_iterator_tag)::_Guard::_Guard(std::__cxx11::basic_string<char, std::char_traits<char>, std::allocator<char> >*)
0xe6ea 245 3 0 3 2 0 0 1
+1 * 3
+3 * 3 0 3
+4 * 3 0 3
+4 * 3 3
+4 * 3 3
+4 * 3 0 3
+3 * 3
+1 * 3 3
+1 * 3 3

fn=(1776)
0x142b6 340 19 0 19 2 0 0 1
+1 * 19
+3 * 19 0 19
+1 * 19
+4 * 19 0 19 2 0 0 1
+4 * 19 0 19
+4 * 19 19
+9 * 19 0 19
+4 * 19
+2 * 19 19
+4 * 19 0 19
fi=(349)
+4 53 19 19
fe=(289)
+4 343 19 19
+4 * 19
+3 * 19
+2 * 19 0 0 0 0 0 0 0 0 19 6
+6 +2 19 19
+4 * 19
+3 * 19 0 19
cfi=(286)
cfn=(1098)
calls=19 0xb1a0 1199 
* * 1463 551 418 6 0 0 0 0 0 38 9
+5 * 19 0 19 2 0 0 1
+4 +1 19 19
+4 * 19
+3 * 19 0 19
cfi=(286)
cfn=(1254)
calls=19 0xbeca 1301 
* * 2356 836 627 8 0 0 0 0 0 114 1
+5 * 19 0 19
+4 +2 19 19
+4 * 19 19
+4 * 19 0 0 0 0 0 0 0 0 19 2
+87 +9 19 19 0 2 0 0 1
+5 * 19 0 0 0 0 0 0 0 0 19 6
+2 +1 15 15
+4 * 15
+3 * 15 0 15
cfi=(286)
cfn=(1064)
calls=15 0x6db2 237 
* * 105 60 30
+5 * 15
+3 * 15 15
+4 * 15
+3 * 15 0 15
cfi=(286)
cfn=(1064)
calls=15 0x6db2 237 
* * 105 60 30
+5 * 15
+3 * 15 15
+4 * 15
+3 * 15
+3 * 15
+3 * 15 0 15
cfi=(286)
cfn=(1068)
calls=15 0x7222 +94 
* * 420 150 135 0 0 0 0 0 0 15
+5 +2 19 19 0 2 0 0 1
+4 * 19 19
+4 * 19
+3 * 19
+3 * 19 0 19
cfi=(286)
cfn=(1078)
calls=19 0x6de2 -91 
* * 1083 418 342 5 0 0 0 0 0 19 4
+5 +2 19
+1 * 19 19
+4 * 19 19 0 2 0 0 1
+9 * 19 0 0 0 0 0 0 0 0 19 4
+7 * 19 19
+4 * 19 19
+1 * 19 19

fn=(2728)
0xe72e 227 3 0 3 2 0 0 1
+1 * 3
+3 * 3
+4 * 3 0 3
+4 * 3 0 3
+4 * 3 0 3 2 0 0 1
+4 * 3 3
+9 * 3 0 3
+4 * 3
+2 * 3 3
+4 * 3 0 3
+4 * 3 3
+4 * 3 0 3
+4 * 3 3
+4 * 3 0 3
+4 * 3 3
+4 * 3 0 3
+4 * 3
+4 * 3 0 3
fi=(360)
+4 1166 3 3
+4 1352 3 3
+3 * 3 0 0 2 0 0 1
+4 * 3 0 3
+4 1166 3 3
+4 1352 3 3
+3 * 3
fi=(397)
+3 108 3
+1 +86 3
fe=(289)
+1 +37 3
+3 * 3 0 3
+4 +2 3 3
+4 * 3
+4 * 3 0 0 0 0 0 0 0 0 3 2
+65 +3 3 3 0 2 0 0 1
+4 * 3 0 3
fi=(286)
+4 382 3
fe=(289)
+1 251 3 3
+4 * 3
+4 * 3
+3 * 3
+3 * 3 0 3
cfn=(2730)
calls=3 0xe6ea -6 
* * 30 12 12 2 0 0 1
+5 +2 3 3 0 2 0 0 1
+4 * 3
+3 * 3 0 3
cfi=(286)
cfn=(1064)
calls=3 0x6db2 -16 
* * 21 12 6
+5 * 3
+3 * 3 3
+4 * 3 3
+4 * 3
+3 * 3
+3 * 3 0 3
cfi=(286)
cfn=(2732)
calls=3 0x10345 487 
* * 261 84 63 16 0 0 2 0 0 27 8 3
+5 +2 3 0 3
+8 +2 3 3
+4 * 3 3
+4 * 3
+3 * 3
+3 * 3 0 3
cfi=(286)
cfn=(1078)
calls=3 0x6de2 +12 
* * 171 66 54 6 0 0 0 0 0 3 2
+5 +1 3 0 0 2 0 0 1
+4 * 3
+3 * 3 0 3
cfn=(2734) std::__cxx11::basic_string<char, std::char_traits<char>, std::allocator<char> >::_M_construct<__gnu_cxx::__normal_iterator<char const*, std::__cxx11::basic_string<char, std::char_traits<char>, std::allocator<char> > > >(__gnu_cxx::__normal_iterator<char const*, std::__cxx11::basic_string<char, std::char_traits<char>, std::allocator<char> > >, __gnu_cxx::__normal_iterator<char const*, std::__cxx11::basic_string<char, std::char_traits<char>, std::allocator<char> > >, std::forward_iterator_tag)::_Guard::~_Guard()
calls=3 0xe704 -10 
* * 33 12 6 0 0 0 0 0 0 3 1
+5 * 3 3
+4 * 3 3
+9 * 3 0 0 0 0 0 0 0 0 3 2
+7 * 3 3
+1 * 3 3

fn=(1084) std::__cxx11::basic_string<char, std::char_traits<char>, std::allocator<char> >::_M_construct<char const*>(char const*, char const*, std::forward_iterator_tag)::_Guard::~_Guard()
0x6fa2 248 2 0 2
+1 * 2
+3 * 2
+4 * 2 0 2
+4 * 2 2
+4 * 2 2
+3 * 2
+3 * 2 0 0 0 0 0 0 0 0 2 2
+17 * 2
+1 * 2 2
+1 * 2 2

fn=(1106)
0xbca0 286 1 0 1 1 0 0 1
+1 * 1
+3 * 1 0 1
+1 * 1
+4 * 1 0 1
+4 * 1 0 1
+4 * 1 0 1
+4 * 1 1
+9 * 1 0 1 1 0 0 1
+4 * 1
+2 +3 1 1
+4 * 1
+4 * 1 0 0 0 0 0 0 0 0 1 1
+65 +3 1 1 0 1 0 0 1
+4 * 1 0 1
fi=(286)
+4 +90 1
fe=(289)
+1 -84 1 1
+4 * 1
+4 * 1 1
+4 * 1
+3 * 1 0 1
cfi=(286)
cfn=(1064)
calls=1 0x6db2 -61 
* * 7 4 2
+5 * 1
+3 * 1 1
+4 * 1
+3 * 1
+3 * 1
+3 * 1 0 1
cfi=(286)
cfn=(1068)
calls=1 0x7222 452 
* * 50 16 12 0 0 0 0 0 0 5 4 1 1
+5 +2 1 1 0 1 0 0 1
+4 * 1 1
+4 * 1
+3 * 1
+3 * 1 0 1
cfi=(286)
cfn=(1082)
calls=1 0x6f20 -68 
* * 10 4 4
+5 +3 1
+1 * 1 1
+4 * 1 1
+9 * 1 0 0 0 0 0 0 0 0 1 1
+7 * 1 1
+4 * 1 1
+1 * 1 1

fn=(1262)
0x715a 143 14 0 14 2 0 0 1
+1 * 14
+3 * 14 0 14
+1 * 14
+4 * 14 0 14
+4 * 14 0 14
+4 * 14 0 14
+4 +5 14 14
+4 * 14 14
+3 * 14 14
+4 * 14
+3 * 14 0 14 2 0 0 1
cfi=(286)
cfn=(1102)
calls=14 0x72b6 1205 
* * 728 266 210 0 0 0 0 0 0 28 6
+5 * 14
+3 * 14
+3 * 14
+2 * 14 0 0 0 0 0 0 0 0 14 2
+17 +6 14 14
+4 * 14 14
+3 * 14 14
+4 * 14 0 0 0 0 0 0 0 0 14
+2 * 14 14
+4 * 14 14
+3 * 14 14
+4 * 14
+3 * 14
+3 * 14 0 0 0 0 0 0 0 0 14 3
+65 +10 14 14 0 1 0 0 1
+4 * 14 14
+3 * 14
+4 * 14 14
+4 * 14
+3 * 14 0 14
cfi=(286)
cfn=(1264)
calls=14 0x6e8c 363 
* * 84 42 28
+5 * 14
+3 * 14
+3 * 14 0 14
cfi=(286)
cfn=(1266)
calls=14 0x737c -25 
* * 5078 1068 745 46 86 60 32 2 13 740 163 33 6
+5 +1 14 14
+4 * 14 14
+1 * 14 14

fn=(2734)
0xe704 248 3 0 3
+1 * 3
+3 * 3
+4 * 3 0 3
+4 * 3 3
+4 * 3 3
+3 * 3
+3 * 3 0 0 0 0 0 0 0 0 3 1
+17 * 3
+1 * 3 3
+1 * 3 3

fn=(1060)
0x6fcc 227 2 0 2 2 0 0 1
+1 * 2
+3 * 2
+4 * 2 0 2
+4 * 2 0 2
+4 * 2 0 2
+4 * 2 2
+9 * 2 0 2
+4 * 2
+2 * 2 2
+4 * 2 0 2
+4 * 2 2
+4 * 2 0 2
fi=(397)
+4 -34 2 2 0 2 0 0 1
+4 * 2 0 2
+4 * 2 2
+4 * 2 0 2
+4 -85 2 2
+4 * 2 2
+4 +86 2
fe=(289)
+1 +37 2 0 2
+4 +2 2 2
+4 * 2
+4 * 2 0 0 0 0 0 0 0 0 2 2
+65 +3 2 2 0 2 0 0 1
+4 * 2 0 2
fi=(286)
+4 382 2
fe=(289)
+1 251 2 2
+4 * 2
+4 * 2
+3 * 2
+3 * 2 0 2 2 0 0 1
cfn=(1062)
calls=2 0x6f88 -6 
* * 20 8 8
+5 +2 2 2
+4 * 2
+3 * 2 0 2
cfi=(286)
cfn=(1064)
calls=2 0x6db2 -16 
* * 14 8 4
+5 * 2
+3 * 2 2
+4 * 2 2
+4 * 2
+3 * 2
+3 * 2 0 2
cfi=(286)
cfn=(1066)
calls=2 0x733f 487 
* * 1064 361 189 15 17 4 8 1 0 140 20 5 3
+5 +2 2 0 2
+8 +2 2 2
+4 * 2 2
+4 * 2
+3 * 2
+3 * 2 0 2
cfi=(286)
cfn=(1078)
calls=2 0x6de2 +12 
* * 114 44 36 3 0 0 3 0 0 2 2
+5 +1 2
+4 * 2
+3 * 2 0 2
cfn=(1084)
calls=2 0x6fa2 -10 
* * 22 8 4 0 0 0 0 0 0 2 2
+5 * 2 2
+4 * 2 2
+9 * 2 0 0 0 0 0 0 0 0 2 2
+7 * 2 2
+1 * 2 2

fn=(1252)
0xb0ea 367 13 0 13
+1 * 13
+3 * 13 0 13
+1 * 13
+4 * 13 0 13
+4 * 13 0 13
+4 +3 13 13
+4 * 13 0 0 1 0 0 1
+3 * 13 0 13
cfi=(286)
cfn=(1254)
calls=13 0xbeca 1301 
* * 1612 572 429 5 0 16 5 0 0 78 9
+5 * 13 0 13
+4 +5 13 13
+4 * 13 13
+4 * 13 0 0 0 0 0 0 0 0 13
+6 +3 13 13
+4 * 13
+4 * 13 13
+4 * 13
+3 * 13
+3 * 13 0 13
cfn=(1262)
calls=13 0x715a 143 
* * 5782 1470 1011 37 80 59 30 2 13 686 132 31 6
+5 * 13 0 13
+4 +1 13 13
+4 * 13
+3 * 13 0 13
cfi=(286)
cfn=(1098)
calls=13 0xb1a0 1199 
* * 1001 377 286 0 0 0 0 0 0 26 6
+5 * 13 0 0 1 0 0 1
+4 * 13 13
+4 * 13
+3 * 13 0 13
cfi=(286)
cfn=(1064)
calls=13 0x6db2 237 
* * 91 52 26
+5 * 13
+3 * 13 13
+4 * 13
+3 * 13
+3 * 13
+3 * 13 0 13
cfi=(286)
cfn=(1068)
calls=13 0x7222 +73 
* * 364 130 117 0 0 2 0 0 2 13
+5 +1 13 13
+4 * 13
+3 * 13 0 13
cfi=(286)
cfn=(1276)
calls=13 0x6e52 -85 
* * 806 273 208 0 0 0 0 0 0 26 2
+5 +1 13 13
+4 * 13 13
+4 * 13
+3 * 13
+3 * 13 0 13
cfi=(286)
cfn=(1278)
calls=13 0x6eea 227 
* * 130 52 52
+5 +1 13 13
+4 * 13 13
+4 * 13
+3 * 13
+3 * 13 0 13
cfi=(286)
cfn=(1280)
calls=13 0x6f04 264 
* * 130 52 52
+5 * 13
+3 +1 13 13
+4 * 13 13
+1 * 13 13

fl=(367)
fn=(2638)
0x1d182 709 4 0 4
+1 * 4
+3 * 4 0 4
+4 +1 4 4
+4 * 4 4
+1 * 4 4

fl=(365)
fn=(2594) std::__detail::_Executor<__gnu_cxx::__normal_iterator<char const*, std::__cxx11::basic_string<char, std::char_traits<char>, std::allocator<char> > >, std::allocator<std::__cxx11::sub_match<__gnu_cxx::__normal_iterator<char const*, std::__cxx11::basic_string<char, std::char_traits<char>, std::allocator<char> > > > >, std::__cxx11::regex_traits<char> >::_M_handle_repeat(std::__detail::_Executor<__gnu_cxx::__normal_iterator<char const*, std::__cxx11::basic_string<char, std::char_traits<char>, std::allocator<char> > >, std::allocator<std::__cxx11::sub_match<__gnu_cxx::__normal_iterator<char const*, std::__cxx11::basic_string<char, std::char_traits<char>, std::allocator<char> > > > >, std::__cxx11::regex_traits<char> >::_Match_mode, long)
0x1d65e 284 9 0 9
+1 * 9
+3 * 9
+4 * 9 0 9
+4 * 9 0 9
+4 * 9 0 9
+4 * 9 9
+9 * 9 0 9
+4 * 9 0 0 2 0 0 1
+2 +3 9 9
+4 * 9 9
+4 * 9
+4 * 9 9
+4 * 9
+3 * 9
+3 * 9 0 9
cfi=(348)
cfn=(2530)
calls=9 0x1d5ee 1270 
* * 369 135 63 0 0 0 0 0 0 9 2
+5 * 9 0 9
+4 +2 9 9
+4 * 9 9
+4 * 9
+3 * 9
+2 * 9 0 0 0 0 0 0 0 0 9
+2 +2 9 9
+4 * 9 9
+7 * 9
+2 * 9 0 0 0 0 0 0 0 0 9
+2 +2 9 9 0 2 0 0 1
+4 +1 9 9
+4 * 9
+4 -1 9 9
+4 * 9
+4 * 9 0 9
+4 * 9
+4 * 9
+3 * 9 0 9
cfi=(352)
cfn=(2596)
calls=9 0x24fd0 115 
* * 2331 954 729 12 0 0 6 0 0 72 8
+5 * 9
+33 +4 9 9 0 2 0 0 1
+4 * 9 0 9
+4 * 9
+4 * 9
+4 * 9
+3 * 9
+3 * 9 0 9
cfi=(352)
cfn=(2478)
calls=9 0x1898e 115 
* * 2178 873 657 4 0 0 2 0 0 72 6
+5 +26 9
0x1d7bf * 9 0 0 2 0 0 1
+1 * 9 9
+4 * 9 9
+9 * 9 0 0 0 0 0 0 0 0 9 2
+7 * 9 9
+1 * 9 9

fn=(2540)
0x2fd62 124 28 0 28 2 0 0 1
+1 * 28
+3 * 28
+4 * 28 0 28
+4 * 28 0 28
+4 * 28 0 28
+4 * 28 0 28
+4 +1 28 28
+4 * 28 28 0 2
+4 * 28 28
+4 * 28
+2 * 28
+3 * 28 0 28
cfn=(2504) std::__detail::_ExecutorFrameBase::_ExecutorFrameBase(std::__detail::_ExecutorFrameOpcode, long)
calls=28 0x9f34 -51 
* * 448 196 196
+5 * 28 28
+4 * 28 28
+4 * 28 0 28
+4 +1 28
+1 * 28 28
+1 * 28 28

fn=(2626) std::__detail::_Executor<__gnu_cxx::__normal_iterator<char const*, std::__cxx11::basic_string<char, std::char_traits<char>, std::allocator<char> > >, std::allocator<std::__cxx11::sub_match<__gnu_cxx::__normal_iterator<char const*, std::__cxx11::basic_string<char, std::char_traits<char>, std::allocator<char> > > > >, std::__cxx11::regex_traits<char> >::_M_handle_line_end_assertion(std::__detail::_Executor<__gnu_cxx::__normal_iterator<char const*, std::__cxx11::basic_string<char, std::char_traits<char>, std::allocator<char> > >, std::allocator<std::__cxx11::sub_match<__gnu_cxx::__normal_iterator<char const*, std::__cxx11::basic_string<char, std::char_traits<char>, std::allocator<char> > > > >, std::__cxx11::regex_traits<char> >::_Match_mode, long)
0x1da4a 364 2 0 2
+1 * 2
+3 * 2
+4 * 2 0 2
+4 * 2 0 2
+4 * 2 0 2
+4 * 2 2
+9 * 2 0 2
+4 * 2
+2 +3 2 2
+4 * 2 2
+4 * 2
+4 * 2 2
+4 * 2
+3 * 2 0 0 2 0 0 1
+3 * 2 0 2
cfi=(348)
cfn=(2530)
calls=2 0x1d5ee 1270 
* * 82 30 14 0 0 0 0 0 0 2
+5 * 2 0 2
+4 +1 2 2
+4 * 2
+3 * 2 0 2
cfi=(364)
cfn=(2628)
calls=2 0x2555e 209 
* * 80 32 20 6 0 0 3 0 0 2
+5 * 2
+2 * 2 0 0 0 0 0 0 0 0 2
+2 +1 2 2
+4 * 2 2
+4 * 2
+4 * 2 0 2
+4 * 2
+4 * 2
+3 * 2
+3 * 2 0 2
cfi=(352)
cfn=(2542)
calls=2 0x1e7a0 115 
* * 484 194 146 0 0 0 0 0 0 16 6
+5 +1 2
+1 * 2 2
+4 * 2 2 0 2 0 0 1
+9 * 2 0 0 0 0 0 0 0 0 2 2
+7 * 2 2
+1 * 2 2

fn=(2502)
0x2b99c 120 44 0 44 2 0 0 1
+1 * 44
+3 * 44
+4 * 44 0 44
+4 * 44 0 44
+4 * 44 0 44
+4 +1 44 44
+4 * 44 44
+4 * 44 44
+4 * 44
+2 * 44
+3 * 44 0 44
cfn=(2504)
calls=44 0x9f34 -47 
* * 704 308 308 4 0 0 2
+5 +1 44
+1 * 44 44
+1 * 44 44

fn=(2630) std::__detail::_Executor<__gnu_cxx::__normal_iterator<char const*, std::__cxx11::basic_string<char, std::char_traits<char>, std::allocator<char> > >, std::allocator<std::__cxx11::sub_match<__gnu_cxx::__normal_iterator<char const*, std::__cxx11::basic_string<char, std::char_traits<char>, std::allocator<char> > > > >, std::__cxx11::regex_traits<char> >::_M_handle_accept(std::__detail::_Executor<__gnu_cxx::__normal_iterator<char const*, std::__cxx11::basic_string<char, std::char_traits<char>, std::allocator<char> > >, std::allocator<std::__cxx11::sub_match<__gnu_cxx::__normal_iterator<char const*, std::__cxx11::basic_string<char, std::char_traits<char>, std::allocator<char> > > > >, std::__cxx11::regex_traits<char> >::_Match_mode, long)
0x1dfc8 490 2 0 2 2 0 0 1
+1 * 2
+3 * 2
+7 * 2 0 2
+7 * 2 0 2
+7 * 2 0 2
+7 * 2 2
+9 * 2 0 2
+4 * 2
+2 +3 2 2
+7 * 2 2 0 2 0 0 1
+7 * 2
+2 * 2 0 0 0 0 0 0 0 0 2
+6 +2 2 2
+7 * 2 2
+7 * 2
+3 * 2
+3 * 2 0 0 0 0 0 0 0 0 2 2
+36 +1 2 2 0 2 0 0 1
+7 * 2 0 0 0 0 0 0 0 0 2
+2 +1 2 2
+7 * 2
+4 * 2 2
+7 * 2
+4 * 2 0 2
+7 * 2 0 2
+7 * 2 2
+7 * 2 0 2
fi=(360)
+7 1166 2 2 0 2 0 0 1
+7 +63 2 2
+3 * 2 2
+7 * 2 0 2
+7 -63 2 2
+7 +63 2 2
+3 * 2
+3 * 2
fe=(365)
+3 497 2 2
+7 * 2 0 2
+6 * 2
+16 +3 2 2 0 2 0 0 1
+7 * 2
+4 * 2 2
+7 * 2
+4 * 2 0 2
+7 * 2 0 2
+7 * 2 2
+7 * 2 0 2
fi=(360)
+7 1166 2 2
+7 +63 2 2 0 2 0 0 1
+3 * 2 2
+7 * 2 0 2
+7 -63 2 2
+7 +63 2 2
+3 * 2
+3 * 2
fe=(365)
+3 501 2
+2 * 2 0 0 0 0 0 0 0 0 2 2
+38 * 2 0 0 2 0 0 1
+5 -1 2
+2 * 2 0 0 0 0 0 0 0 0 2 2
+16 +3 2 2
+7 * 2 2
+7 * 2
+2 * 2 0 0 0 0 0 0 0 0 2
+6 +2 2 2
+7 * 2 2
+4 * 2 2 0 2 0 0 1
+3 * 2
+5 * 2
+2 * 2 0 2
cfi=(338)
cfn=(1486)
calls=2 0x9765 192 
* * 16 8 6
+5 * 2
+2 * 2
+3 * 2
+2 * 2 0 0 0 0 0 0 0 0 2
+2 +1 2 2
+7 * 2
+4 * 2 2
+7 * 2 2
+4 * 2
+3 * 2
+3 * 2 0 2
cfi=(352)
cfn=(2452)
calls=2 0x1499a 214 
* * 1209 527 331 30 0 0 15 0 0 33 21
+5 * 2
0x1e4a4 +33 2 2 0 2 0 0 1
+4 * 2 2
+9 * 2 0 0 0 0 0 0 0 0 2 2
+7 * 2 2
+1 * 2 2

fn=(2448)
0x12154 162 2 0 2 2 0 0 1
+1 * 2
+3 * 2
+4 * 2 0 2
+4 * 2 0 2
+4 * 2 2
+9 * 2 0 2
+4 * 2
+2 +3 2 2
+4 * 2 0 2
fi=(360)
+7 1054 2 0 2 2 0 0 1
+8 * 2
fe=(365)
+1 166 2 2
+4 * 2
+3 * 2 0 2
cfi=(364)
cfn=(2450)
calls=2 0x14988 +96 
* * 14 6 4 2 0 0 1
+5 * 2 2
+4 * 2 0 2
+3 +1 2 2
+4 * 2 2
+4 * 2 2
+4 * 2
+4 * 2
+3 * 2
+3 * 2 0 2
cfi=(352)
cfn=(2452)
calls=2 0x1499a +47 
* * 1936 644 503 44 0 0 22 0 0 108 29 4
+5 +1 2 2
+4 * 2 2
+4 * 2 2 0 2 0 0 1
+4 * 2 2
+4 * 2
+2 * 2
+3 * 2 0 2
cfn=(2476) std::__detail::_Executor<__gnu_cxx::__normal_iterator<char const*, std::__cxx11::basic_string<char, std::char_traits<char>, std::allocator<char> > >, std::allocator<std::__cxx11::sub_match<__gnu_cxx::__normal_iterator<char const*, std::__cxx11::basic_string<char, std::char_traits<char>, std::allocator<char> > > > >, std::__cxx11::regex_traits<char> >::_M_dfs(std::__detail::_Executor<__gnu_cxx::__normal_iterator<char const*, std::__cxx11::basic_string<char, std::char_traits<char>, std::allocator<char> > >, std::allocator<std::__cxx11::sub_match<__gnu_cxx::__normal_iterator<char const*, std::__cxx11::basic_string<char, std::char_traits<char>, std::allocator<char> > > > >, std::__cxx11::regex_traits<char> >::_Match_mode, long)
calls=2 0x14c5e 608 
* * 69575 26205 18420 428 0 0 206 0 0 3683 366 55 3
+5 +1 2 2
+4 * 2 2
+7 +1 2 2
+4 * 2 2
+9 * 2 0 0 0 0 0 0 0 0 2 2
+7 * 2 2
+1 * 2 2

fn=(2504)
0x9f34 74 72 0 72 2 0 0 1
+1 * 72
+3 * 72 0 72
+4 * 72 0 72
+4 * 72 0 72 2 0 0 1
+4 +1 72 72
+4 * 72 72
+4 * 72 0 72
+2 * 72 72
+4 * 72 0 72
+4 * 72 72
+4 * 72 72
+4 * 72 0 72
+4 +1 72
+1 * 72 72
+1 * 72 72

fn=(2526) std::__detail::_Executor<__gnu_cxx::__normal_iterator<char const*, std::__cxx11::basic_string<char, std::char_traits<char>, std::allocator<char> > >, std::allocator<std::__cxx11::sub_match<__gnu_cxx::__normal_iterator<char const*, std::__cxx11::basic_string<char, std::char_traits<char>, std::allocator<char> > > > >, std::__cxx11::regex_traits<char> >::_M_node(std::__detail::_Executor<__gnu_cxx::__normal_iterator<char const*, std::__cxx11::basic_string<char, std::char_traits<char>, std::allocator<char> > >, std::allocator<std::__cxx11::sub_match<__gnu_cxx::__normal_iterator<char const*, std::__cxx11::basic_string<char, std::char_traits<char>, std::allocator<char> > > > >, std::__cxx11::regex_traits<char> >::_Match_mode, long)
0x18cba 568 38 0 38
+1 * 38
+3 * 38 0 0 2 0 0 1
+4 * 38 0 38
+4 * 38 0 38
+4 * 38 0 38
+4 +3 38 38
+4 * 38 38
+4 * 38
+3 * 38
+3 * 38 0 38
cfi=(364)
cfn=(2528)
calls=38 0x1d596 251 
* * 418 152 114 2 0 0 1 0 0 38 3
+5 * 38
+2 * 38 0 0 0 0 0 0 0 0 38
+6 +3 38 38
+4 * 38 38
+4 * 38
+4 * 38 38
+4 * 38
+3 * 38
+3 * 38 0 38 2 0 0 1
cfi=(348)
cfn=(2530)
calls=38 0x1d5ee 1270 
* * 1558 570 266 4 0 0 2 0 0 38 4
+5 * 38
+3 * 38 0 38
cfi=(347)
cfn=(1702)
calls=38 0xfc78 168 
* * 266 152 76
+5 * 38
+3 * 38 0 0 0 0 0 0 0 0 38 2
+6 * 36
+3 * 36 0 0 0 0 0 0 0 0 36
+6 * 36
+3 * 36 0 0 0 0 0 0 0 0 36 20
+6 * 23
+3 * 23 0 0 0 0 0 0 0 0 23
+6 * 23
+3 * 23 0 0 0 0 0 0 0 0 23 5
+6 * 18
+3 * 18 0 0 2 0 0 1 0 0 18
+6 * 18
+3 * 18 0 0 0 0 0 0 0 0 18 5
+6 * 13
+3 * 13 0 0 0 0 0 0 0 0 13
+6 * 13
+3 * 13 0 0 0 0 0 0 0 0 13
+6 * 13
+3 * 13 0 0 0 0 0 0 0 0 13
+6 * 13
+3 * 13 0 0 0 0 0 0 0 0 13
+6 * 13
+3 * 13 0 0 0 0 0 0 0 0 13
+6 * 13
+3 * 13 0 0 2 0 0 1 0 0 13 2
+6 * 11
+3 * 11 0 0 0 0 0 0 0 0 11
+6 * 11
+3 * 11 0 0 0 0 0 0 0 0 11 4
+2 * 9
+3 * 9 0 0 0 0 0 0 0 0 9
+6 * 9
+3 * 9 0 0 0 0 0 0 0 0 9
+6 * 9
+3 * 9 0 0 0 0 0 0 0 0 9
+6 * 9
+3 * 9 0 0 0 0 0 0 0 0 9
+6 * 9
+3 * 9 0 0 0 0 0 0 0 0 9 1
+6 +3 9 9
+4 * 9 9
+4 * 9 9
+4 * 9
+2 * 9
+3 * 9 0 9
cfn=(2594)
calls=9 0x1d65e 284 
* * 5328 2106 1548 24 0 0 12 0 0 180 18
+5 * 9
+5 +2 5 5 0 2 0 0 1
+4 * 5 5
+4 * 5 5
+4 * 5
+2 * 5
+3 * 5 0 5
cfn=(2532) std::__detail::_Executor<__gnu_cxx::__normal_iterator<char const*, std::__cxx11::basic_string<char, std::char_traits<char>, std::allocator<char> > >, std::allocator<std::__cxx11::sub_match<__gnu_cxx::__normal_iterator<char const*, std::__cxx11::basic_string<char, std::char_traits<char>, std::allocator<char> > > > >, std::__cxx11::regex_traits<char> >::_M_handle_subexpr_begin(std::__detail::_Executor<__gnu_cxx::__normal_iterator<char const*, std::__cxx11::basic_string<char, std::char_traits<char>, std::allocator<char> > >, std::allocator<std::__cxx11::sub_match<__gnu_cxx::__normal_iterator<char const*, std::__cxx11::basic_string<char, std::char_traits<char>, std::allocator<char> > > > >, std::__cxx11::regex_traits<char> >::_Match_mode, long)
calls=5 0x1d7d6 326 
* * 6184 2383 1755 74 0 0 36 0 0 219 50 20
+5 * 5
+5 +2 5 5
+4 * 5 5
+4 * 5 5
+4 * 5
+2 * 5
+3 * 5 0 5
cfn=(2612) std::__detail::_Executor<__gnu_cxx::__normal_iterator<char const*, std::__cxx11::basic_string<char, std::char_traits<char>, std::allocator<char> > >, std::allocator<std::__cxx11::sub_match<__gnu_cxx::__normal_iterator<char const*, std::__cxx11::basic_string<char, std::char_traits<char>, std::allocator<char> > > > >, std::__cxx11::regex_traits<char> >::_M_handle_subexpr_end(std::__detail::_Executor<__gnu_cxx::__normal_iterator<char const*, std::__cxx11::basic_string<char, std::char_traits<char>, std::allocator<char> > >, std::allocator<std::__cxx11::sub_match<__gnu_cxx::__normal_iterator<char const*, std::__cxx11::basic_string<char, std::char_traits<char>, std::allocator<char> > > > >, std::__cxx11::regex_traits<char> >::_Match_mode, long)
calls=5 0x1d8a4 339 
* * 4585 1805 1285 8 0 0 4 0 0 155 10
+5 * 5
+5 +2 2 2 0 2 0 0 1
+4 * 2 2
+4 * 2 2
+4 * 2
+2 * 2
+3 * 2 0 2
cfn=(2558) std::__detail::_Executor<__gnu_cxx::__normal_iterator<char const*, std::__cxx11::basic_string<char, std::char_traits<char>, std::allocator<char> > >, std::allocator<std::__cxx11::sub_match<__gnu_cxx::__normal_iterator<char const*, std::__cxx11::basic_string<char, std::char_traits<char>, std::allocator<char> > > > >, std::__cxx11::regex_traits<char> >::_M_handle_line_begin_assertion(std::__detail::_Executor<__gnu_cxx::__normal_iterator<char const*, std::__cxx11::basic_string<char, std::char_traits<char>, std::allocator<char> > >, std::allocator<std::__cxx11::sub_match<__gnu_cxx::__normal_iterator<char const*, std::__cxx11::basic_string<char, std::char_traits<char>, std::allocator<char> > > > >, std::__cxx11::regex_traits<char> >::_Match_mode, long)
calls=2 0x1d9c2 355 
* * 770 296 210 22 0 0 11 0 0 30 17
+5 * 2
+5 +2 2 2
+4 * 2 2
+4 * 2 2
+4 * 2
+2 * 2
+3 * 2 0 2
cfn=(2626)
calls=2 0x1da4a 364 
* * 718 278 200 10 0 0 5 0 0 24 8
+5 * 2
+59 +6 13 13 0 2 0 0 1
+4 * 13 13 0 2 0 0 1
+4 * 13 13
+4 * 13
+2 * 13
+3 * 13 0 13
cfn=(2564) std::__detail::_Executor<__gnu_cxx::__normal_iterator<char const*, std::__cxx11::basic_string<char, std::char_traits<char>, std::allocator<char> > >, std::allocator<std::__cxx11::sub_match<__gnu_cxx::__normal_iterator<char const*, std::__cxx11::basic_string<char, std::char_traits<char>, std::allocator<char> > > > >, std::__cxx11::regex_traits<char> >::_M_handle_match(std::__detail::_Executor<__gnu_cxx::__normal_iterator<char const*, std::__cxx11::basic_string<char, std::char_traits<char>, std::allocator<char> > >, std::allocator<std::__cxx11::sub_match<__gnu_cxx::__normal_iterator<char const*, std::__cxx11::basic_string<char, std::char_traits<char>, std::allocator<char> > > > >, std::__cxx11::regex_traits<char> >::_Match_mode, long)
calls=13 0x1dc0e 393 
* * 6296 2360 1770 65 0 0 26 0 0 172 23 11 3
+5 * 13
+41 +8 2 2
+4 * 2 2
+4 * 2 2 0 2 0 0 1
+4 * 2
+2 * 2
+3 * 2 0 2
cfn=(2630)
calls=2 0x1dfc8 490 
* * 1399 605 369 48 0 0 24 0 0 49 29
+5 * 2
+61 +6 38 38 0 2 0 0 1
+1 * 38 38

fn=(2612)
0x1d8a4 339 5 0 5
+1 * 5
+3 * 5 0 5
+1 * 5
+4 * 5 0 5
+4 * 5 0 5
+4 * 5 0 5
+4 * 5 5 0 2 0 0 1
+9 * 5 0 5
+4 * 5
+2 +3 5 5
+4 * 5 5
+4 * 5
+4 * 5 5
+4 * 5
+3 * 5
+3 * 5 0 5
cfi=(348)
cfn=(2530)
calls=5 0x1d5ee 1270 
* * 205 75 35 0 0 0 0 0 0 5 2
+5 * 5 0 5
+4 +1 5 5
+4 * 5
+4 * 5 5
+4 * 5 5
+4 * 5
+3 * 5
+3 * 5 0 5 2 0 0 1
cfi=(348)
cfn=(2534)
calls=5 0xe5ae 1251 
* * 205 75 35 0 0 0 0 0 0 5 2
+5 * 5 0 5
+4 +1 5 5
+4 +2 5 5
+4 * 5
+4 -1 5 5
+4 * 5 5
+4 * 5 0 5
+4 -1 5 0 5
+4 * 5
+4 * 5
+4 * 5
+3 * 5 0 5
cfi=(352)
cfn=(2536)
calls=5 0x251b4 115 
* * 1295 530 405 0 0 0 0 0 0 40
+5 +3 5 5
+4 * 5
+3 * 5 0 5
cfi=(348)
cfn=(2514)
calls=5 0x18b7e 1358 
* * 645 250 170 0 0 0 0 0 0 30
+5 * 5 5 0 2 0 0 1
+4 * 5
+3 * 5 0 5
+3 +1 5 5
+4 * 5 5
+4 * 5 5
+4 * 5
+3 * 5 0 5
cfi=(348)
cfn=(2514)
calls=5 0x18b7e 1358 
* * 645 250 170 0 0 0 0 0 0 30
+5 * 5
+3 * 5
+2 * 5
+3 * 5 5
+4 * 5
+3 * 5
+2 * 5 0 5
+3 +1 5 5
+4 * 5 5
+4 * 5 5
+4 * 5 0 5
+4 +1 5 5 0 2 0 0 1
+4 * 5 0 5
+4 +1 5 5
+4 * 5 5
+4 * 5
+4 * 5 0 5
+4 * 5
+4 * 5
+3 * 5
+3 * 5 0 5
cfi=(352)
cfn=(2542)
calls=5 0x1e7a0 115 
* * 1210 485 365 0 0 0 0 0 0 40 4
+5 +1 5
+1 * 5 5
+4 * 5 5
+9 * 5 0 0 0 0 0 0 0 0 5 2
+7 * 5 5
+4 * 5 5
+1 * 5 5

fn=(2532)
0x1d7d6 326 5 0 5 2 0 0 1
+1 * 5
+3 * 5
+4 * 5 0 5
+4 * 5 0 5
+4 * 5 0 5
+4 * 5 5
+9 * 5 0 5
+4 * 5
+2 +3 5 5
+4 * 5 5 0 2 0 0 1
+4 * 5
+4 * 5 5
+4 * 5
+3 * 5
+3 * 5 0 5
cfi=(348)
cfn=(2530)
calls=5 0x1d5ee 1270 
* * 205 75 35 0 0 0 0 0 0 5 1
+5 * 5 0 5
+4 +1 5 5
+4 * 5
+4 * 5 5
+4 * 5 5
+4 * 5
+3 * 5
+3 * 5 0 5
cfi=(348)
cfn=(2534)
calls=5 0xe5ae 1251 
* * 205 75 35 4 0 0 2 0 0 5 2
+5 * 5 0 5
+4 +1 5 5
+4 +2 5 5
+4 -1 5 5 0 2 0 0 1
+4 * 5 5
+4 * 5 0 5
+4 -1 5 0 5
+4 * 5
+4 * 5
+4 * 5
+3 * 5 0 5
cfi=(352)
cfn=(2536)
calls=5 0x251b4 115 
* * 1295 530 405 22 0 0 10 0 0 40 9
+5 +3 5 5
+4 * 5 5
+4 * 5 5
+4 * 5 0 5
+3 +1 5 5
+4 * 5 5
+4 * 5
+4 * 5 0 5
+4 * 5 0 0 2 0 0 1
+4 * 5
+3 * 5
+3 * 5 0 5
cfi=(352)
cfn=(2542)
calls=5 0x1e7a0 115 
* * 4214 1603 1205 40 0 0 20 0 0 164 36 20
+5 +1 5
+1 * 5 5
+4 * 5 5
+9 * 5 0 0 0 0 0 0 0 0 5 2
+7 * 5 5
+1 * 5 5

fn=(2602) std::__detail::_Executor<__gnu_cxx::__normal_iterator<char const*, std::__cxx11::basic_string<char, std::char_traits<char>, std::allocator<char> > >, std::allocator<std::__cxx11::sub_match<__gnu_cxx::__normal_iterator<char const*, std::__cxx11::basic_string<char, std::char_traits<char>, std::allocator<char> > > > >, std::__cxx11::regex_traits<char> >::_M_rep_once_more(std::__detail::_Executor<__gnu_cxx::__normal_iterator<char const*, std::__cxx11::basic_string<char, std::char_traits<char>, std::allocator<char> > >, std::allocator<std::__cxx11::sub_match<__gnu_cxx::__normal_iterator<char const*, std::__cxx11::basic_string<char, std::char_traits<char>, std::allocator<char> > > > >, std::__cxx11::regex_traits<char> >::_Match_mode, long)
0x18f0e 254 9 0 9
+1 * 9
+3 * 9 0 9
+1 * 9
+4 * 9 0 9
+4 * 9 0 9
+4 * 9 0 9
+4 * 9 9
+9 * 9 0 9
+4 * 9
+2 +3 9 9
+4 * 9 9
+4 * 9
+4 * 9 9 0 2 0 0 1
+4 * 9
+3 * 9
+3 * 9 0 9
cfi=(348)
cfn=(2530)
calls=9 0x1d5ee 1270 
* * 369 135 63 0 0 0 0 0 0 9
+5 * 9 0 9
+4 +1 9 9
+4 * 9
+4 * 9 9
+4 * 9
+3 * 9
+3 * 9 0 9
cfi=(348)
cfn=(2604)
calls=9 0x192a2 1251 
* * 333 135 63 8 0 0 4 0 0 9
+5 * 9 0 9
+4 +1 9 9
+4 * 9 9
+3 * 9
+2 * 9 0 0 0 0 0 0 0 0 9 3
+2 * 6 6
+4 * 6
+4 * 6 6
+4 * 6 0 6
+4 * 6 0 6
+4 * 6 6
+4 * 6 0 6
fi=(360)
+4 1166 6 6
+4 +81 6 6
+3 * 6 6
+4 * 6 0 6
+4 -81 6 6
+4 +81 6 6
+3 * 6
+3 * 6
fe=(365)
+3 259 6
+2 * 6 0 0 0 0 0 0 0 0 6
+2 * 9 0 0 2 0 0 1
+5 * 9
+7 * 9 0 0 2 0 0 1
+2 * 9 0 0 0 0 0 0 0 0 9
+6 +2 9 9
+4 +1 9 9
+4 -1 9 0 9
+4 * 9
+4 * 9
+4 * 9
+3 * 9 0 9
cfi=(352)
cfn=(2608)
calls=9 0x1e5bc 115 
* * 2331 954 729 16 0 0 8 0 0 72 12
+5 +2 9 9
+4 * 9 9
+3 * 9
+2 * 9
+3 * 9 9
+4 * 9
+3 * 9 0 9
cfi=(348)
cfn=(2514)
calls=9 0x18b7e 1358 
* * 1161 450 306 0 0 0 0 0 0 54
+5 * 9
+3 * 9
+2 * 9 9 0 2 0 0 1
+4 * 9
+3 * 9
+2 * 9 0 9
+3 +1 9 9
+4 * 9 9
+4 * 9 9
+4 * 9 0 9
+3 +1 9 9
+4 * 9 0 9
+7 +1 9 9
+4 * 9 9
+4 * 9
+4 * 9 0 9
+4 * 9
+4 * 9
+3 * 9
+3 * 9 0 9 2 0 0 1
cfi=(352)
cfn=(2542)
calls=9 0x1e7a0 115 
* * 6658 2585 2073 0 0 0 0 0 0 232 22 20
+5 +11 9
+89 * 9 0 0 2 0 0 1
+1 * 9 9
+4 * 9 9
+9 * 9 0 0 0 0 0 0 0 0 9 1
+7 * 9 9
+4 * 9 9
+1 * 9 9

fn=(2558)
0x1d9c2 355 2 0 2 2 0 0 1
+1 * 2
+3 * 2
+4 * 2 0 2
+4 * 2 0 2
+4 * 2 0 2
+4 * 2 2
+9 * 2 0 2
+4 * 2
+2 +3 2 2
+4 * 2 2
+4 * 2
+4 * 2 2
+4 * 2
+3 * 2
+3 * 2 0 2
cfi=(348)
cfn=(2530)
calls=2 0x1d5ee 1270 
* * 82 30 14 0 0 0 0 0 0 2 1
+5 * 2 0 2 2 0 0 1
+4 +1 2 2
+4 * 2
+3 * 2 0 2
cfi=(364)
cfn=(2560)
calls=2 0x25398 182 
* * 132 50 30 10 0 0 5 0 0 8 6
+5 * 2
+2 * 2 0 0 0 0 0 0 0 0 2
+2 +1 2 2
+4 * 2 2
+4 * 2
+4 * 2 0 2
+4 * 2
+4 * 2
+3 * 2
+3 * 2 0 2
cfi=(352)
cfn=(2542)
calls=2 0x1e7a0 115 
* * 484 194 146 6 0 0 3 0 0 16 8
+5 +1 2
+1 * 2 2
+4 * 2 2 0 2 0 0 1
+9 * 2 0 0 0 0 0 0 0 0 2 2
+7 * 2 2
+1 * 2 2

fn=(2564)
0x1dc0e 393 13 0 13 2 0 0 1
+1 * 13
+3 * 13
+4 * 13 0 13
+4 * 13 0 13
+4 * 13 0 13
+4 * 13 13
+9 * 13 0 13
+4 * 13
+2 +3 13 13
+4 * 13 13
+4 * 13
+4 * 13 13 0 2 0 0 1
+4 * 13
+3 * 13
+3 * 13 0 13
cfi=(348)
cfn=(2530)
calls=13 0x1d5ee 1270 
* * 533 195 91 0 0 0 0 0 0 13
+5 * 13 0 13
+4 +1 13 13
+4 * 13
+4 * 13 13
+4 * 13
+4 * 13 0 13
+4 * 13 0 13
+4 * 13 13
+4 * 13 0 13
fi=(360)
+4 1166 13 13
+4 +63 13 13
+3 * 13 13
+4 * 13 0 13
+4 -63 13 13 0 2 0 0 1
+4 +63 13 13
+3 * 13
+3 * 13
fe=(365)
+3 397 13
+2 * 13 0 0 0 0 0 0 0 0 13 2
+6 +2 11 11
+4 * 11 11
+7 * 11
+2 * 11 0 0 0 0 0 0 0 0 11
+2 +2 11 11
+4 * 11
+4 * 11 0 11
fi=(360)
+4 1090 11 11
+4 * 11 11
fe=(365)
+3 401 11 11
+3 * 11
+3 * 11 11
+4 * 11 0 0 2 0 0 1
+2 * 11
+3 * 11 0 11
cfi=(347)
cfn=(2566)
calls=11 0x25b00 172 
* * 2464 850 744 53 0 0 20 0 0 31 4 11 3
+5 * 11
+2 * 11 0 0 0 0 0 0 0 0 11 1
+6 +2 10 10
+4 * 10
+4 * 10 0 10
fi=(360)
+4 1103 10 10
+4 * 10 10
+3 * 10
+4 * 10 10
+4 * 10 0 10
fe=(365)
+3 404 10 10
+4 * 10 10
+4 * 10
+4 * 10 0 10
+4 * 10 0 0 2 0 0 1
+4 * 10
+3 * 10
+3 * 10 0 10
cfi=(352)
cfn=(2542)
calls=10 0x1e7a0 115 
* * 2420 970 730 0 0 0 0 0 0 80 11
+5 * 10
+84 -6 2
+1 +12 2 2
+4 * 2 2
+9 * 2 0 0 0 0 0 0 0 0 2 1
-13 * 11 11 0 2 0 0 1
+4 * 11 11
+9 * 11 0 0 0 0 0 0 0 0 11 4
+7 * 13 13
+1 * 13 13

fn=(2476)
0x14c5e 608 2 0 2
+1 * 2
+3 * 2 0 2
+1 * 2
+4 * 2 0 2
+4 * 2 0 2
+4 * 2 0 2
+4 * 2 2
+9 * 2 0 2
+4 * 2 0 0 2 0 0 1
+2 +3 2 2
+4 * 2 2
+7 * 2
+2 * 2
+3 * 2 0 2
+3 +1 2 2
+4 * 2 0 2
+4 * 2
+4 * 2
+4 * 2
+3 * 2
+3 * 2 0 2
cfi=(352)
cfn=(2478)
calls=2 0x1898e 115 
* * 1562 592 434 89 0 0 44 0 0 58 24 4
+5 +2 2
+5 +2 72 72
+4 * 72
+3 * 72 0 72 2 0 0 1
cfi=(348)
cfn=(2514)
calls=72 0x18b7e 1358 
* * 9288 3600 2448 0 0 0 0 0 0 432 8
+5 * 72 0 72
fi=(349)
+4 139 72 72
fe=(365)
+4 616 72 72
+3 * 72 72
+4 * 72 0 72
+4 * 72 0 72
+4 * 72 72
+4 * 72 0 72
+4 +1 72 72
+4 * 72
+3 * 72 0 72
cfi=(348)
cfn=(2524)
calls=72 0x18c36 1447 
* * 7200 2880 1944 4 0 0 2 0 0 288
+5 +2 72 72
+4 * 72
+3 * 72
+3 * 72 0 0 0 0 0 0 0 0 72 3
+6 * 72
+3 * 72 0 0 2 0 0 1 0 0 72
+6 * 72
+3 * 72 0 0 0 0 0 0 0 0 72 9
+6 * 63
+3 * 63 0 0 0 0 0 0 0 0 63
+6 * 63
+3 * 63 0 0 0 0 0 0 0 0 63 14
+6 * 53
+3 * 53 0 0 0 0 0 0 0 0 53
+6 * 53
+3 * 53 0 0 0 0 0 0 0 0 53
+6 * 53
+3 * 53 0 0 0 0 0 0 0 0 53
+6 * 53
+3 * 53 0 0 2 0 0 1 0 0 53
+6 * 53
+3 * 53 0 0 0 0 0 0 0 0 53 1
+6 * 53
+3 * 53 0 0 0 0 0 0 0 0 53
+2 * 53
+3 * 53 0 0 0 0 0 0 0 0 53
+6 * 53
+3 * 53 0 0 0 0 0 0 0 0 53 9
+2 * 44
+3 * 44 0 0 0 0 0 0 0 0 44
+6 * 44
+2 * 44 0 0 0 0 0 0 0 0 44 11
+2 * 9
+3 * 9 0 0 0 0 0 0 0 0 9
+6 +3 9 9
+4 * 9 9
+7 * 9
+2 * 9 0 0 0 0 0 0 0 0 9 4
+6 +2 3 3
+4 * 3 0 0 0 0 0 0 0 0 3
+2 +1 3 3
+4 * 3 3
+4 * 3 0 3
+4 +3 3 3
+4 * 3 3
+4 * 3 3
+4 * 3
+2 * 3
+3 * 3 0 3
cfn=(2526)
calls=3 0x18cba -60 
* * 3051 1182 831 8 0 0 4 0 0 117 17
-17 * 35 35 0 2 0 0 1
+4 * 35 35
+4 * 35 35
+4 * 35
+2 * 35
+3 * 35 0 35
cfn=(2526)
calls=35 0x18cba -60 
* * 26323 9905 7066 269 0 0 127 0 0 1163 184 31 3
+5 +1 38
+42 +9 9 9 0 2 0 0 1
+4 * 9 9
+4 * 9 9
+4 * 9
+2 * 9
+3 * 9 0 9
cfn=(2602)
calls=9 0x18f0e 254 
* * 11629 4532 3420 36 0 0 18 0 0 409 38 20
+5 +1 9
0x14e8b +15 10 10 0 2 0 0 1
+4 * 10
+3 * 10
+2 * 10 0 0 0 0 0 0 0 0 10 8
+2 +1 5 5
+4 * 5
+4 * 5 5
+4 * 5
+3 * 5
+3 * 5 0 5
cfi=(348)
cfn=(2534)
calls=5 0xe5ae 1251 
* * 205 75 35 0 0 0 0 0 0 5 2
+5 * 5 5
+4 * 5 0 5
+3 +6 5
+5 -3 5 5
+4 * 5 0 0 2 0 0 1
+4 * 5 5
+4 * 5
+3 * 5
+3 * 5 0 5
cfi=(348)
cfn=(2534)
calls=5 0xe5ae 1251 
* * 205 75 35 0 0 0 0 0 0 5
+5 * 5 5
+4 * 5 0 5
+4 +1 5 5
+4 * 5
+3 * 5
+2 * 5
+2 * 5
+3 * 5 5
+4 * 5
+4 * 5 5
+4 * 5
+3 * 5
+3 * 5 0 5
cfi=(348)
cfn=(2534)
calls=5 0xe5ae 1251 
* * 205 75 35 0 0 0 0 0 0 5 2
+5 * 5 0 5
+3 +2 5
+2 +3 9 9 0 2 0 0 1
+4 * 9
+4 * 9 9
+4 * 9
+3 * 9
+3 * 9 0 9
cfi=(348)
cfn=(2604)
calls=9 0x192a2 1251 
* * 333 135 63 0 0 0 0 0 0 9 2
+5 * 9 9
+4 * 9 0 9
+3 +1 9 9
+4 * 9
+3 * 9
+3 * 9 9
+4 * 9
+4 * 9 9
+4 * 9
+3 * 9
+3 * 9 0 9
cfi=(348)
cfn=(2604)
calls=9 0x192a2 1251 
* * 333 135 63 0 0 0 0 0 0 9 2
+5 * 9 0 9
+3 +1 9
+36 -43 6
+1 * 6
+3 -9 74 74 0 2 0 0 1
+4 * 74
+3 * 74 0 74
cfi=(348)
cfn=(2516)
calls=74 0x18b08 1213 
* * 5106 2146 1406 0 0 0 0 0 0 222 20
+5 * 74
+3 * 74
+2 * 74 0 0 2 0 0 1 0 0 74 6

ob=(3)
fl=(173)
fn=(570)
0x7b250 29 1 0 0 1 0 0 1
+4 * 1 1
+7 * 1
+7 * 1 1
+7 * 1 0 0 0 0 0 0 0 0 1
fi=(151) /usr/src/debug/glibc/glibc/math/../sysdeps/x86_64/fpu/multiarch/ifunc-fma.h
+2 +1 1 1
+7 * 1
+7 * 1
+7 * 1 0 0 1 0 0 1
fe=(173)
+4 -1 1 1

fl=(175)
fn=(582)
0x569b0 29 1 0 0 1 0 0 1
fi=(147) /usr/src/debug/glibc/glibc/math/../sysdeps/x86_64/fpu/multiarch/ifunc-avx-fma4.h
+4 +3 1 1
+7 * 1 1 0 1 0 0 1
+6 * 1
+3 * 1 0 0 0 0 0 0 0 0 1
+2 +1 1
+7 * 1 1
+7 * 1 0 0 0 0 0 0 0 0 1 1
fe=(175)
+42 -4 1 1

fl=(146)
fn=(574)
0x6a950 36 1
fi=(147)
+4 -4 1 1
+7 * 1 1
+6 * 1
+3 * 1 0 0 0 0 0 0 0 0 1
+2 +1 1
+7 * 1 1
+7 * 1 0 0 0 0 0 0 0 0 1
fe=(146)
+42 +3 1 1 0 1 0 0 1

fn=(482)
0x6a900 29 1 0 0 1 0 0 1
fi=(147)
+4 +3 1 1
+7 * 1 1
+6 * 1
+3 * 1 0 0 0 0 0 0 0 0 1
+2 +1 1
+7 * 1 1
+7 * 1 0 0 0 0 0 0 0 0 1 1
fe=(146)
+42 -4 1 1 0 1 0 0 1

fl=(159)
fn=(518)
0x7d8a0 33 1 0 0 1 0 0 1
fi=(398) /usr/src/debug/glibc/glibc/math/../sysdeps/x86_64/fpu/multiarch/ifunc-sse4_1.h
+4 -4 1 1
+7 * 1
+7 * 1 1
+7 * 1
+7 * 1 0 0 1 0 0 1
fe=(159)
+4 +4 1 1

fl=(142)
fn=(474)
0x6c1a0 33 1 0 0 1 0 0 1
fi=(398)
+4 -4 1 1
+7 * 1
+7 * 1 1
+7 * 1
+7 * 1 0 0 1 0 0 1
fe=(142)
+4 +4 1 1

fl=(174)
fn=(578)
0x76dc0 29 2 0 0 1 0 0 1
+4 * 2 2
+7 * 2
+7 * 2 2
+7 * 2 0 0 0 0 0 0 0 0 2
fi=(151)
+2 +1 2 2
+7 * 2
+7 * 2
+7 * 2
fe=(174)
+4 -1 2 2

fl=(160)
fn=(520)
0x68510 49 1 0 0 1 0 0 1
+4 * 1 1
+7 * 1
+7 * 1 1
+7 * 1 0 0 0 0 0 0 0 0 1 1
+27 * 1 1 0 1 0 0 1

fl=(172)
fn=(566)
0x6bf10 28 1 0 0 1 0 0 1
fi=(147)
+4 +4 1 1
+7 * 1 1
+6 * 1
+3 * 1 0 0 0 0 0 0 0 0 1
+2 +1 1
+7 * 1 1
+7 * 1 0 0 0 0 0 0 0 0 1 1
fe=(172)
+42 -5 1 1 0 1 0 0 1

fl=(176)
fn=(586)
0x7d080 28 1 0 0 1 0 0 1
fi=(151)
+4 +1 1 1
+7 * 1
+7 * 1 1
+7 * 1 0 0 0 0 0 0 0 0 1
+2 +1 1 1
+7 * 1
+7 * 1
+7 * 1
fe=(176)
+4 -2 1 1

fl=(148)
fn=(486)
0x553d0 28 1 0 0 1 0 0 1
fi=(147)
+4 +4 1 1
+7 * 1 1
+6 * 1
+3 * 1 0 0 0 0 0 0 0 0 1
+2 +1 1
+7 * 1 1
+7 * 1 0 0 0 0 0 0 0 0 1
fe=(148)
+42 -5 1 1 0 1 0 0 1

fl=(165)
fn=(542)
0x7b0f0 29 1 0 0 1 0 0 1
+4 * 1 1
+7 * 1 0 0 1 0 0 1
+7 * 1 1
+7 * 1 0 0 0 0 0 0 0 0 1
fi=(151)
+2 +1 1 1
+7 * 1
+7 * 1
+7 * 1
fe=(165)
+4 -1 1 1

fl=(171)
fn=(562)
0x62c80 29 1 0 0 1 0 0 1
+4 * 1 1
+7 * 1
+7 * 1 1
+7 * 1 0 0 0 0 0 0 0 0 1
fi=(151)
+2 +1 1 1
+7 * 1
+7 * 1
+7 * 1
fe=(171)
+4 -1 1 1

fl=(167)
fn=(550)
0x65150 33 1 0 0 1 0 0 1
fi=(398)
+4 -4 1 1
+7 * 1
+7 * 1 1
+7 * 1
+7 * 1
fe=(167)
+4 +4 1 1

fl=(157)
fn=(514)
0x69590 32 1 0 0 1 0 0 1
fi=(398)
+4 -3 1 1
+7 * 1
+7 * 1 1
+7 * 1
+7 * 1
fe=(157)
+4 +3 1 1

fl=(152)
fn=(496)
0x63af0 28 1 0 0 1 0 0 1
fi=(151)
+4 +1 1 1
+7 * 1 0 0 1 0 0 1
+7 * 1 1
+7 * 1 0 0 0 0 0 0 0 0 1
+2 +1 1 1
+7 * 1
+7 * 1
+7 * 1
fe=(152)
+4 -2 1 1

fl=(145)
fn=(480)
0x7d9c0 44 1 0 0 1 0 0 1
+4 * 1 1
+7 * 1
+7 * 1 1
+7 * 1 0 0 0 0 0 0 0 0 1 1
+27 * 1 1

fl=(375)
fn=(2960)
0x52540 31 13748304 0 0 1 0 0 1
+4 * 13748304 0 13748304
+1 * 13748304
+3 * 13748304 0 13748304
+1 * 13748304
+5 * 13748304
+4 +1 13748304 13748304 13748304 0 1 0 0 0 0 0 0 13748304 1
cfi=(376) /usr/src/debug/glibc/glibc/math/../sysdeps/ieee754/dbl-64/e_exp.c
cfn=(2962) __ieee754_exp_fma
calls=13748304 0x8ff80 +66 
* * 474316488 143497923 0 5 11 0 5 11 0 27496608 6
+6 +1 13748304 13748304
+8 * 13748304
+4 * 13748304 13748304 0 0 1 0 0 1
+8 * 13748304
+4 * 13748304 0 0 0 0 0 0 0 0 13748304 3
+2 * 13748304
+4 * 13748304
+4 * 13748304 0 0 0 0 0 0 0 0 13748304 1
+2 * 13748304 0 0 0 0 0 0 0 0 13748304
+2 +4 13748304 13748304 0 1 0 0 1
+4 * 13748304 13748304
+1 * 13748304 13748304

fl=(163)
fn=(534)
0x62f80 29 1 0 0 1 0 0 1
fi=(147)
+4 +3 1 1
+7 * 1 1
+6 * 1
+3 * 1 0 0 0 0 0 0 0 0 1
+2 +1 1
+7 * 1 1
+7 * 1 0 0 0 0 0 0 0 0 1
fe=(163)
+42 -4 1 1 0 1 0 0 1

fl=(376)
fn=(2962)
0x8ff80 98 13748304 0 0 1 0 0 1
fi=(377) /usr/src/debug/glibc/glibc/math/../sysdeps/ieee754/dbl-64/math_config.h
+4 +15 13748304
fe=(376)
+5 -25 13748304
+3 * 13748304
+4 +15 13748304
+6 +1 13748304
+6 * 13748304
+3 * 13748304 0 0 0 0 0 0 0 0 13748304 3
+6 +30 12889035 12889035 0 0 1 0 0 1
+8 * 12889035
+4 * 12889035 12889035
+9 * 12889035 0 0 1 0 0 1
+7 +16 12889035 12889035
fi=(377)
+8 -37 12889035
fe=(376)
+5 +23 12889035
+4 +14 12889035 12889035
+8 -12 12889035 12889035
+9 +2 12889035
+3 +1 12889035
+3 -3 12889035 12889035
+9 +2 12889035
+3 +1 12889035
+4 +9 12889035 12889035 0 1 0 0 1
+9 -10 12889035
+3 +10 12889035 12889035 0 0 9 0 0 9
+9 -6 12889035 12889035
+8 +3 12889035
+4 +3 12889035 12889035
+9 * 12889035
+5 * 12889035
+4 * 12889035
+5 +1 12889035
+2 * 12889035 0 0 0 0 0 0 0 0 12889035
fi=(377)
+2 -26 12889035
fe=(376)
+5 +31 12889035
+5 * 12889035 12889035
+1 -49 859269 0 0 1 0 0 1
+2 * 859269 0 0 0 0 0 0 0 0 859269 3
0x90120 +3 859269 859269 0 1 1 0 1 1
+8 * 859269 859269

fl=(155)
fn=(506)
0x67f00 28 1 0 0 1 0 0 1
fi=(151)
+4 +1 1 1
+7 * 1
+7 * 1 1
+7 * 1 0 0 0 0 0 0 0 0 1
+2 +1 1 1
+7 * 1
+7 * 1
+7 * 1
fe=(155)
+4 -2 1 1

fl=(153)
fn=(500)
0x7f0b0 33 1 0 0 1 0 0 1
fi=(398)
+4 -4 1 1
+7 * 1 0 0 1 0 0 1
+7 * 1 1
+7 * 1
+7 * 1
fe=(153)
+4 +4 1 1

fl=(162)
fn=(530)
0x64f80 28 1 0 0 1 0 0 1
fi=(147)
+4 +4 1 1
+7 * 1 1
+6 * 1
+3 * 1 0 0 0 0 0 0 0 0 1
+2 +1 1
+7 * 1 1
+7 * 1 0 0 0 0 0 0 0 0 1 1
fe=(162)
+42 -5 1 1 0 1 0 0 1

fl=(164)
fn=(538)
0x68cc0 28 1 0 0 1 0 0 1
fi=(151)
+4 +1 1 1
+7 * 1
+7 * 1 1
+7 * 1 0 0 0 0 0 0 0 0 1
+2 +1 1 1
+7 * 1
+7 * 1
+7 * 1
fe=(164)
+4 -2 1 1

fl=(154)
fn=(502)
0x6cad0 29 1 0 0 1 0 0 1
+4 * 1 1
+7 * 1
+7 * 1 1
+7 * 1 0 0 0 0 0 0 0 0 1
fi=(151)
+2 +1 1 1
+7 * 1
+7 * 1
+7 * 1 0 0 1 0 0 1
fe=(154)
+4 -1 1 1

fl=(170)
fn=(558)
0x7ea20 28 1
fi=(151)
+4 +1 1 1
+7 * 1
+7 * 1 1
+7 * 1 0 0 0 0 0 0 0 0 1 1
+2 +1 1 1 0 1 0 0 1
+7 * 1
+7 * 1
+7 * 1
fe=(170)
+4 -2 1 1

fl=(168)
fn=(552)
0x7c150 33 1 0 0 1 0 0 1
fi=(398)
+4 -4 1 1
+7 * 1
+7 * 1 1
+7 * 1
+7 * 1
fe=(168)
+4 +4 1 1

fl=(149)
fn=(490)
0x7e7e0 32 1 0 0 1 0 0 1
fi=(398)
+4 -3 1 1
+7 * 1
+7 * 1 1
+7 * 1
+7 * 1 0 0 1 0 0 1
fe=(149)
+4 +3 1 1

fl=(158)
fn=(516)
0x67f50 33 1 0 0 1 0 0 1
fi=(398)
+4 -4 1 1
+7 * 1
+7 * 1 1
+7 * 1
+7 * 1
fe=(158)
+4 +4 1 1

fl=(169)
fn=(554)
0x7b690 32 1 0 0 1 0 0 1
fi=(151)
+4 -3 1 1
+7 * 1
+7 * 1 1
+7 * 1 0 0 0 0 0 0 0 0 1
+2 +1 1 1
+7 * 1
+7 * 1
+7 * 1 0 0 1 0 0 1
fe=(169)
+4 +2 1 1

fl=(150)
fn=(492)
0x563c0 28 1 0 0 1 0 0 1
fi=(151)
+4 +1 1 1
+7 * 1
+7 * 1 1
+7 * 1 0 0 0 0 0 0 0 0 1
+2 +1 1 1
+7 * 1
+7 * 1
+7 * 1
fe=(150)
+4 -2 1 1

fl=(161)
fn=(522)
0x7e9e0 28 1 0 0 1 0 0 1
fi=(151)
+4 +1 1 1
+7 * 1
+7 * 1 1
+7 * 1 0 0 0 0 0 0 0 0 1
fe=(161)

ob=(8)
fl=(365)
fn=(2476)
0x14f83 673 2
+1 * 2 2
+4 * 2 2
+9 * 2 0 0 0 0 0 0 0 0 2 2
+7 * 2 2
+4 * 2 2
+1 * 2 2

fl=(359)
fn=(1926)
0x209a1 872 3 0 3
+1 * 3
+3 * 3
+4 * 3 0 3
+4 * 3 0 3
+4 +9 3 3
+4 * 3 3
+4 * 3
+3 * 3
+3 * 3 0 3 3 0 0 1
cfn=(1928) __gnu_cxx::__normal_iterator<char*, std::vector<char, std::allocator<char> > > std::__unique<__gnu_cxx::__normal_iterator<char*, std::vector<char, std::allocator<char> > >, std::equal_to<void> >(__gnu_cxx::__normal_iterator<char*, std::vector<char, std::allocator<char> > >, __gnu_cxx::__normal_iterator<char*, std::vector<char, std::allocator<char> > >, std::equal_to<void>)
calls=3 0x2814f -43 
* * 180 66 42 12 0 0 5 0 0 12 5
+5 +1 3 3
+1 * 3 3

fn=(1928)
0x2814f 838 3 0 3
+1 * 3
+3 * 3
+4 * 3 0 3
+4 * 3 0 3
+4 * 3 3
+9 * 3 0 3
+4 * 3
+2 +4 3 3
+4 * 3 3
+4 * 3
+3 * 3
+3 * 3 0 3 2 0 0 1
cfn=(1930) __gnu_cxx::__normal_iterator<char*, std::vector<char, std::allocator<char> > > std::__adjacent_find<__gnu_cxx::__normal_iterator<char*, std::vector<char, std::allocator<char> > >, std::equal_to<void> >(__gnu_cxx::__normal_iterator<char*, std::vector<char, std::allocator<char> > >, __gnu_cxx::__normal_iterator<char*, std::vector<char, std::allocator<char> > >, std::equal_to<void>)
calls=3 0x2d965 -22 
* * 81 30 18 8 0 0 3 0 0 6 3
+5 * 3 0 3
+4 * 3
+4 * 3 0 3
fi=(360)
+4 1166 3 3
+4 +63 3 3
+3 * 3
+4 * 3 0 3
+4 -63 3 3
+4 +63 3 3
+3 * 3
+3 * 3
fe=(359)
+3 843 3
+2 * 3 0 0 0 0 0 0 0 0 3

ob=(3)
fl=(161)
fn=(522)
fi=(151)
0x7e9fb 30 1 1 0 1 0 0 1
+7 * 1
+7 * 1
+7 * 1
fe=(161)
+4 -2 1 1

fl=(166)
fn=(546)
0x63780 29 1 0 0 1 0 0 1
fi=(144) /usr/src/debug/glibc/glibc/math/../sysdeps/x86_64/fpu/multiarch/ifunc-fma4.h
+4 +2 1 1
+7 * 1 1
+7 * 1 0 0 0 0 0 0 0 0 1
+2 +1 1
+7 * 1 1
+7 * 1 0 0 0 0 0 0 0 0 1 1
fe=(166)
+27 -3 1 1

fl=(156)
fn=(526)
0x54690 37 1
fi=(144)
+4 -6 1 1
+7 * 1 1
+7 * 1 0 0 0 0 0 0 0 0 1
+2 +1 1
+7 * 1 1
+7 * 1 0 0 0 0 0 0 0 0 1 1
fe=(156)
+27 +5 1 1 0 1 0 0 1

fn=(510)
0x54650 29 1 0 0 1 0 0 1
fi=(144)
+4 +2 1 1
+7 * 1 1
+7 * 1 0 0 0 0 0 0 0 0 1
+2 +1 1
+7 * 1 1
+7 * 1 0 0 0 0 0 0 0 0 1 1
fe=(156)
+27 -3 1 1 0 1 0 0 1

fl=(209)
fn=(716)
0x109f0 0 1 0 0 1 0 0 1
+7 0 1
+7 0 1 0 0 1 0 0 1
+3 0 1
+3 0 1
+4 0 1
+4 0 1
+3 0 1
+3 0 1 0 0 0 0 0 0 0 0 1 1
+22 0 1 1
+88 0 1 0 0 1 0 0 1
+4 0 1

ob=(8)
fl=(359)
fn=(1928)
0x281ad 844 3 3
+4 * 3
0x28269 +9 3 3 0 2 0 0 1
+4 * 3 3
+9 * 3 0 0 0 0 0 0 0 0 3 2
+7 * 3 3
+1 * 3 3

fn=(1924) void std::__sort<__gnu_cxx::__normal_iterator<char*, std::vector<char, std::allocator<char> > >, std::less<void> >(__gnu_cxx::__normal_iterator<char*, std::vector<char, std::allocator<char> > >, __gnu_cxx::__normal_iterator<char*, std::vector<char, std::allocator<char> > >, std::less<void>)
0x280be 1908 3 0 3 2 0 0 1
+1 * 3 0 0 2 0 0 1
+3 * 3
+4 * 3 0 3
+4 * 3 0 3
+4 * 3
+4 * 3 0 3
fi=(360)
+4 1166 3 3
+4 +81 3 3
+3 * 3
+4 * 3 0 3
+4 -81 3 3
+4 +81 3 3
+3 * 3
+3 * 3
fe=(359)
+3 1911 3
+2 * 3 0 0 0 0 0 0 0 0 3
+88 +7 3 0 0 2 0 0 1
+1 * 3 3
+1 * 3 3

fn=(1930)
0x2d965 820 3 0 3 2 0 0 1
+1 * 3
+3 * 3
+4 * 3 0 3
+4 * 3 0 3
+4 * 3 3
+9 * 3 0 3 3 0 0 1
+4 * 3
+2 * 3
+4 * 3 0 3
fi=(360)
+4 1166 3 3
+4 +63 3 3
+3 * 3
+4 * 3 0 3
+4 -63 3 3
+4 +63 3 3
+3 * 3
+3 * 3
fe=(359)
+3 823 3
+2 * 3 0 0 0 0 0 0 0 0 3
+2 +1 3 3
+4 * 3
0x2da25 +9 3 3 0 3 0 0 1
+4 * 3 3
+9 * 3 0 0 0 0 0 0 0 0 3 3
+7 * 3 3
+1 * 3 3

fn=(1922)
0x2097b 4807 3 0 3
+1 * 3
+3 * 3 0 0 3 0 0 1
+4 * 3 0 3
+4 * 3 0 3
+4 +10 3 3
+4 * 3 3
+4 * 3
+3 * 3
+3 * 3 0 3
cfn=(1924)
calls=3 0x280be 1908 
* * 60 18 15 6 0 0 3 0 0 3
+5 +1 3
+1 * 3 3
+1 * 3 3

fn=(1948)
0x284bd 2198 384 0 384
+1 * 384 0 0 3 0 0 1
+3 * 384
+4 * 384 0 384
+4 * 384 0 384
+4 * 384 0 384
+4 * 384 384
+9 * 384 0 384
+4 * 384
+2 +11 384 384
+4 * 384 384
+4 * 384 384
+4 * 384
+3 * 384
+3 * 384 0 384
cfi=(294)
cfn=(1950)
calls=384 0x2dbea 1502 
* * 14592 5760 4608 13 0 0 5 0 0 768 4
+5 * 384 0 384
+4 * 384
+4 * 384 0 384 3 0 0 1
fi=(360)
+4 1166 384 384
+4 +81 384 384
+3 * 384
+4 * 384 0 384
+4 -81 384 384
+4 +81 384 384
+3 * 384
+3 * 384
fe=(359)
+3 2210 384
+2 * 384 0 0 0 0 0 0 0 0 384 4
+27 * 384 0 0 3 0 0 1
+5 +1 384 384
+4 * 384 384
+9 * 384 0 0 0 0 0 0 0 0 384 4
+7 * 384 384
+1 * 384 384

ob=(3)
fl=(143)
fn=(476)
0x6b3d0 29 1 0 0 1 0 0 1
fi=(144)
+4 +2 1 1
+7 * 1 1
+7 * 1 0 0 0 0 0 0 0 0 1
+2 +1 1
+7 * 1 1
+7 * 1 0 0 0 0 0 0 0 0 1 1
fe=(143)
+27 -3 1 1 0 1 0 0 1

ob=(5)
fl=(199)
fn=(678)
0x1050 0 1 0 0 1 0 0 1
+7 0 1
+7 0 1
+3 0 1
+3 0 1
+4 0 1
+4 0 1
+3 0 1
+3 0 1 0 0 0 0 0 0 0 0 1
+22 0 1 1 0 1 0 0 1
+88 0 1 0 0 1 0 0 1
+4 0 1

totals: 11495451006 1913674012 7676669547 5107 6464280 5756911 3218 9093 153755 7028964346 2632774 36102220 1789
