# callgrind format
version: 1
creator: callgrind-3.25.1
pid: 8616
cmd:  ././base/pearson ./data/256.data ./data_o/256_seq.data
part: 1


desc: I1 cache: 32768 B, 64 B, 8-way associative
desc: D1 cache: 49152 B, 64 B, 12-way associative
desc: LL cache: 25165824 B, 64 B, 12-way associative

desc: Timerange: Basic block 0 - 345828109
desc: Trigger: Program termination

positions: instr line
events: Ir Dr Dw I1mr D1mr D1mw ILmr DLmr DLmw Bc Bcm Bi Bim
summary: 3852682734 1808447337 614388425 8872 1114723 41107 2618 8929 30789 202714589 1241901 4726340 4328


ob=(5) /usr/lib/valgrind/vgpreload_core-amd64-linux.so
fl=(199) ???
fn=(678) 0x00000000000010e0
0x1050 0 1 0 0 1 0 0 1
+7 0 1
+7 0 1
+3 0 1
+3 0 1
+4 0 1
+4 0 1
+3 0 1
+3 0 1 0 0 0 0 0 0 0 0 1

ob=(6) /usr/lib/libgcc_s.so.1
fl=(205) /usr/src/debug/gcc/gcc/libgcc/config/i386/cpuinfo.c
fn=(700) __cpu_indicator_init@GCC_4.8.0
0x42e5 60 1 0 1
fi=(206) /usr/src/debug/gcc/gcc-build/gcc/include/cpuid.h
+1 315 1
fe=(205)
+2 60 1
+3 * 1
+4 * 1 0 1
fi=(206)
+4 315 1
+2 +21 1
+2 * 1 0 0 0 0 0 0 0 0 1
fe=(205)

ob=(5)
fl=(199)
fn=(678)
0x1088 0 1 1 0 1 0 0 1

ob=(6)
fl=(205)
fn=(700)
0x42d0 60 1 0 0 1 0 0 1
fi=(207) /usr/src/debug/gcc/gcc/libgcc/../gcc/common/config/i386/cpuinfo.h
+4 1172 1 1 0 0 1
+7 * 1 1 0 0 1
+2 * 1
+2 * 1 0 0 0 0 0 0 0 0 1
fi=(206)
+30 339 1
+2 * 1 0 0 1 0 0 1
+2 * 1
+3 * 1
fi=(207)
+3 1185 1
+2 * 1 0 0 0 0 0 0 0 0 1
fi=(206)
+6 315 1
+2 * 1
+2 +21 1
+2 * 1 0 0 0 0 0 0 0 0 1
+6 * 1 0 1
+4 +3 1
+5 * 1 0 1
+4 * 1 0 1
+4 * 1 0 1
+4 * 1
+2 * 1
fi=(207)
+3 1199 1
+2 +1 1
fi=(206)
+3 339 1
fi=(207)
+3 1199 1
+3 +1 1 0 0 1 0 0 1
+4 -1 1
+3 +1 1
+4 -1 1 0 1
+3 +2 1
+2 +1 1
+3 -2 1
+3 +2 1
+3 -1 1
+3 +1 1 0 1
+3 778 1
+2 1201 1
+6 778 1
+5 1201 1 0 1
+3 778 1
+2 * 1 0 0 0 0 0 0 0 0 1 1
+20 +24 1 0 0 1 0 0 1
+7 * 1 0 0 0 0 0 0 0 0 1
fe=(205)

ob=(5)
fl=(199)
fn=(678)
0x10e0 0 1 0 0 1 0 0 1
+4 0 1

fn=(1972) 0x0000000000001090
0x1090 0 1 0 0 1
+4 0 1 1 0 0 1
+7 0 1 0 0 0 0 0 0 0 0 1
+2 0 1 0 1
+1 0 1 1 0 0 1
+8 0 1
+3 0 1 0 0 0 0 0 0 0 0 1 1
+2 0 1 1
+7 0 1 1 1 0 0 0 0 0 0 0 0 1 1
cob=(2) /usr/lib/libc.so.6
cfi=(383) /usr/src/debug/glibc/glibc/stdlib/cxa_finalize.c
cfn=(1954) __cxa_finalize
calls=1 0x40960 45 
* 0 99 22 12 0 0 0 0 0 0 23 5
+6 0 1 0 1
cfn=(1980) 0x0000000000001020
calls=1 0x1020 0 
* 0 5 1 0 2 0 0 0 0 0 1 1
+5 0 1 0 1 1
+7 0 1 1
+1 0 1 1

fn=(1980)
0x1020 0 1 0 0 1
+7 0 1
+7 0 1
+3 0 1 0 0 0 0 0 0 0 0 1 1

ob=(6)
fl=(205)
fn=(700)
fi=(207)
0x438e 92 1 0 1
+4 804 1
+7 * 1 0 0 0 0 0 0 0 0 1
+2 92 1 0 1
+4 806 1
+7 * 1 0 0 0 0 0 0 0 0 1
+2 92 1 0 1
+4 808 1
+7 * 1 0 0 0 0 0 0 0 0 1
+2 92 1 0 1
+4 +9 1
+7 810 1 0 0 1 0 0 1
+7 * 1 0 0 0 0 0 0 0 0 1 1
+6 +2 1
+7 * 1 0 0 0 0 0 0 0 0 1 1
+6 +3 1
+7 * 1 0 0 0 0 0 0 0 0 1
+2 92 1 0 1
+4 817 1
+3 * 1
+5 * 1 0 0 0 0 0 0 0 0 1
+2 92 1 0 1
+7 819 1
+4 * 1 0 0 0 0 0 0 0 0 1 1
+2 92 1 0 1 1 0 0 1
+7 821 1
+4 * 1 0 0 0 0 0 0 0 0 1
+2 92 1 0 1
+4 823 1
+7 * 1 0 0 0 0 0 0 0 0 1 1
+2 92 1 0 1
+4 825 1
+7 * 1 0 0 0 0 0 0 0 0 1
+2 92 1 0 1
+7 827 1
+7 * 1 0 0 0 0 0 0 0 0 1
+2 92 1 0 1
+7 829 1
+2 * 1 0 0 1 0 0 1 0 0 1 1
fe=(205)

ob=(5)
fl=(199)
fn=(1980)
0x1048 0 1 1 0 1

ob=(2)
fl=(296) /usr/src/debug/glibc/glibc/libio/fileops.c
fn=(1116) _IO_new_file_init_internal
0x8e610 107 2 0 0 2 0 0 1
+4 * 2 0 2
+1 * 2
+3 * 2 0 2
+1 * 2
+3 * 2
+4 +5 2 0 2
+6 -1 2 0 2
+11 +3 2 0 2
cfi=(295) /usr/src/debug/glibc/glibc/libio/genops.c
cfn=(1118) _IO_link_in
calls=2 0x910e0 -5 
* * 196 58 52 21 3 1 12 0 0 26 8
+5 +1 2 0 2
+7 +1 2 2 0 2 0 0 1
+4 * 2 2
+1 * 2 2

fn=(2010) _IO_file_sync@@GLIBC_2.2.5
0x8f810 827 10 0 0 1 0 0 1
+4 * 10 0 10
+1 * 10
+3 * 10 0 10
+1 * 10
+3 * 10
+4 +5 10 10 0 0 1 0 0 1
+4 * 10 10
+4 * 10
+3 * 10 0 0 0 0 0 0 0 0 10 2
+47 +2 10 10 0 1 0 0 1
+4 * 10 10
+4 +1 10 10
+4 * 10 0 0 0 0 0 0 0 0 10
+2 +5 10
+3 * 10 0 0 0 0 0 0 0 0 10
+63 +11 10 0 10 1 0 0 1
+11 +3 10
+2 +1 10 10
+4 * 10 10
+1 * 10 10

fn=(1592) _IO_file_close_it@@GLIBC_2.2.5
0x8e6a0 129 2 0 0 2 0 0 1
+4 * 2 0 2
+1 * 2
+3 * 2
+4 * 2 0 2
+4 +2 2 2
+4 * 2
+4 * 2 0 0 0 0 0 0 0 0 2
+6 * 2 0 2 2 0 0 1
+4 * 2
+3 +3 2 0 2
+4 * 2 2
+2 * 2
+2 * 2
+6 +1 2
+6 * 2 0 0 0 0 0 0 0 0 2 2
+6 +2 2
+3 * 2 0 0 0 0 0 0 0 0 2
+6 +14 2
+3 * 2 0 0 0 0 0 0 0 0 2 2
+2 +1 2 2
+6 * 2
+2 * 2 0 0 0 0 0 0 0 0 2 1
0x8e78e -22 2 0 0 2 0 0 1
+3 +43 2
+3 +2 2
+3 -2 2 0 2
cfi=(295)
cfn=(1594) _IO_unsave_markers
calls=2 0x93090 977 
* * 12 6 0 4 2 0 2 0 0 4 3
+5 +3 2 2
+4 * 2 0 0 0 0 0 0 0 0 2
+2 * 2 2
fi=(349) /usr/src/debug/glibc/glibc/libio/libioP.h
+7 1037 2
+7 * 2
+3 * 2
+3 +1 2
+6 * 2 0 0 2 0 0 1 0 0 2 1
fe=(296)
+6 176 2
+3 * 2 2 2 0 2 0 0 0 0 0 0 2 1
cfn=(1596) _IO_file_close
calls=2 0x902d0 1225 
* * 18 4 0 3 0 0 2 0 0 2
+8 * 2
+3 +3 2 2
+6 * 2
+2 * 2 0 0 0 0 0 0 0 0 2 2
+60 +8 2 0 0 2 0 0 1
+2 * 2
+2 * 2
+2 * 2
+3 * 2 0 2
cfi=(295)
cfn=(1600) _IO_setb
calls=2 0x91900 355 
* * 38 8 8 2 0 0 1 0 0 2 2
+5 +1 2
+4 +3 2
+3 -3 2 0 2
+4 * 2 0 2
+4 * 2 0 2
+4 +3 2 0 2
cfi=(295)
cfn=(1588) _IO_un_link
calls=2 0x910c0 67 
* * 8 4 0 0 0 0 0 0 0 2
+5 +5 2
+3 -4 2 0 2 2 0 0 1
+6 +1 2 0 2
+7 +3 2
+4 * 2 2
+4 -2 2 0 2
+11 +2 2 2
+4 +1 2
+3 * 2 2
+4 * 2 2
+1 * 2 2
+87 -45 2 2 0 2 0 0 1
+4 * 2 2
+4 * 2 0 0 0 0 0 0 0 0 2
+6 * 2

fn=(1596)
0x902d0 1225 2 0 0 2 0 0 1
+4 +3 2 2
+3 * 2
cfi=(348) /usr/src/debug/glibc/glibc/io/../sysdeps/unix/sysv/linux/close_nocancel.c
cfn=(1598) __close_nocancel
calls=2 0x110b60 25 
* * 12 2 0 1 0 0 1 0 0 2

fn=(1604) _IO_file_finish@@GLIBC_2.2.5
0x8e930 202 2 0 0 2 0 0 1
+4 +1 2 2
+4 * 2 0 0 0 0 0 0 0 0 2 2
0x8e9d0 +6 2 0 0 1 0 0 1
+2 * 2
cfi=(295)
cfn=(1606) _IO_default_finish
calls=2 0x92110 628 
* * 40 14 4 4 0 0 2 0 0 8 8

fn=(1124) _IO_file_fopen@@GLIBC_2.2.5
0x8eaf0 247 2 0 0 2 0 0 1
+4 * 2 0 2
+1 * 2
+3 * 2
+4 * 2 0 2
+4 * 2 0 0 2 0 0 1
+3 * 2 0 2
+4 * 2 2
+9 * 2 0 2
+4 * 2
+3 +9 2 2
+4 * 2 0 0 0 0 0 0 0 0 2
+6 +2 2 2 0 0 2 0 0 2
+3 * 2
+3 * 2
+3 * 2 0 0 0 0 0 0 0 0 2 1
+6 * 1
+3 * 1 0 0 0 0 0 0 0 0 1 1
+32 +21 2 0 0 2 0 0 1
+4 -1 2
+3 +3 2
+7 * 2 2
+4 * 2
+4 * 2
+4 * 2 0 0 0 0 0 0 0 0 2
+2 * 2
+4 * 2 0 0 0 0 0 0 0 0 2 2
+46 391 2 2 0 2 0 0 1
+4 * 2 2
+9 * 2 0 0 0 0 0 0 0 0 2
+6 * 2
+3 * 2 2
+4 * 2 2
+4 * 2 2
+1 * 2 2
+21 -76 2 0 0 2 0 0 1
+3 * 2
+3 * 2
+3 * 2
+3 * 2
+5 * 2 0 2
cfn=(1128) _IO_file_open
calls=2 0x8ea00 -99 
* * 212 57 39 16 0 1 10 0 0 19 4
+5 * 2
+3 +3 2
+3 * 2 0 0 0 0 0 0 0 0 2 1
+6 +3 2
+4 * 2 0 0 2 0 0 1
+7 * 2 0 2
cfi=(301) /usr/src/debug/glibc/glibc/string/../string/strstr.c
cfn=(1136) __GI_strstr
calls=2 0xb0b60 77 
* * 104 26 14 11 4 0 6 2 0 12 4 2 1
+5 +1 2
+3 * 2 0 0 0 0 0 0 0 0 2 2
fi=(298) /usr/src/debug/glibc/glibc/libio/../iconv/gconv_charset.h
0x8ed00 69 1 0 1 1 0 0 1
fe=(296)
+4 258 1
+6 * 1
+6 * 1
+5 * 1
0x8ed88 +23 2 0 0 2 0 0 1
+4 * 2 0 0 0 0 0 0 0 0 2
+2 * 2
+4 * 2 0 0 0 0 0 0 0 0 2
+6 * 2
+3 * 2 0 0 0 0 0 0 0 0 2 2
+21 * 2 2
+4 * 2
fi=(298)
+92 75 1 0 1 1 0 0 1
fe=(296)
+4 262 1
+6 -1 1
+3 -13 1
+2 * 1

fn=(1128)
0x8ea00 216 2 0 0 2 0 0 1
+4 * 2 0 2
+1 * 2
+3 * 2
+2 * 2
+2 * 2
+3 * 2 0 2
+2 * 2
+3 * 2 0 2
+1 * 2
+3 * 2
+4 +2 2 2
+4 +1 2
+3 * 2
+5 -1 2 0 0 0 0 0 0 0 0 2
+6 +4 2 0 2
cfi=(299) /usr/src/debug/glibc/glibc/io/../sysdeps/unix/sysv/linux/open64.c
cfn=(1130) open
calls=2 0x10f750 30 
* * 110 33 21 10 0 1 7 0 0 9 3
+5 * 2
+2 +1 2
+2 * 2 0 0 0 0 0 0 0 0 2
+6 +3 2 2
+2 * 2 0 0 2 0 0 1
+3 +3 2
+3 -4 2 0 2
+3 +1 2
+6 * 2
+5 * 2
+2 +3 2
+7 -3 2 0 2
+2 +3 2 0 0 0 0 0 0 0 0 2 1
+57 +10 2 0 0 2 0 0 1
+3 * 2 0 2
cfi=(295)
cfn=(1118)
calls=2 0x910e0 109 
* * 28 12 4 0 0 0 0 0 0 4
+5 +2 2
+4 -1 2
+3 +1 2 2
+1 * 2 2
+2 * 2 2
+1 * 2 2

fl=(140) /usr/src/debug/glibc/glibc/string/../sysdeps/x86_64/multiarch/strspn.c
fn=(466) strspn
0xb05c0 29 2 0 0 1 0 0 1
fi=(395) /usr/src/debug/glibc/glibc/string/../sysdeps/x86_64/multiarch/ifunc-sse4_2.h
+4 +7 2 2
+7 * 2
+7 * 2 2 0 0 1
+7 * 2
+7 * 2
fe=(140)
+4 -7 2 2

fl=(202) /usr/src/debug/glibc/glibc/string/../sysdeps/x86_64/multiarch/strrchr-avx2.S
fn=(690) __strrchr_avx2
0x176bf0 53 1 0 0 1 0 0 1
+4 +1 1
+4 +1 1
+2 +2 1
+5 +1 1 0 0 1 0 0 1
+4 +4 1
+3 +1 1
+5 +1 1 0 0 0 0 0 0 0 0 1
+6 +3 1 1 0 0 1
+4 +2 1
+4 +1 1
+4 +1 1
+2 +1 1 0 0 0 0 0 0 0 0 1
+6 +3 1
+4 +1 1
+4 +2 1
+5 +1 1
+2 +1 1 0 0 0 0 0 0 0 0 1
+2 +1 1
+3 +1 1
+3 +9 1
+3 * 1 1

fl=(297) /usr/src/debug/glibc/glibc/nptl/libc-cleanup.c
fn=(1120) __libc_cleanup_push_defer
0x94ed0 24 6 0 0 2 0 0 1
+4 +1 6 6
+9 +2 6 6 0 0 3
+9 * 6 0 6
+4 +2 6
+7 * 6 6 0 0 1
+6 +3 6
+2 * 6 0 0 0 0 0 0 0 0 6 2
+2 +14 6
+2 * 6
+3 * 6 0 6 3 0 0 1
+3 +2 6 0 6
+9 +1 6 6

fn=(1122) __libc_cleanup_pop_restore
0x94f20 54 6
+4 +1 6 6
+9 +2 6 6
+4 * 6 0 6
+9 +2 6 0 0 4 0 0 1
+7 * 6 6
+6 +1 6 6
+3 * 6
+2 * 6 0 0 0 0 0 0 0 0 6 6
+25 +11 6 6

fl=(126) /usr/src/debug/glibc/glibc/string/../sysdeps/x86_64/multiarch/strcasecmp.c
fn=(422) strcasecmp
0xad5e0 31 1 0 0 1 0 0 1
fi=(86) /usr/src/debug/glibc/glibc/string/../sysdeps/x86_64/multiarch/ifunc-strcasecmp.h
+4 +5 1 1
+7 +1 1 1
+6 * 1
+2 * 1
+6 * 1 0 0 0 0 0 0 0 0 1 1
fe=(126)
+43 -6 1
+3 * 1 1
fi=(86)
+9 +7 1 1 0 1 0 0 1
+6 * 1
+6 * 1 0 0 0 0 0 0 0 0 1
+2 +4 1 1 0 1 0 0 1
+6 * 1
+2 * 1
+6 * 1 0 0 0 0 0 0 0 0 1
+2 +3 1
+7 * 1 1
+7 * 1 0 0 0 0 0 0 0 0 1 1
+2 +3 1
+6 * 1
+7 * 1 0 0 0 0 0 0 0 0 1
+2 * 1
fe=(126)

fl=(265) /usr/src/debug/glibc/glibc/string/../sysdeps/x86_64/multiarch/strcmp-avx2.S
fn=(932) __strncmp_avx2
0x175e20 206 1 0 0 1 0 0 1
+4 +24 1
+4 +5 1 0 0 0 0 0 0 0 0 1
+2 +14 1
+5 +25 1
+2 +1 1
+2 +1 1
+3 +2 1
+5 +1 1 0 0 1 0 0 1 0 0 1
+6 +4 1 1
+4 +4 1 1 0 0 1
+4 +2 1
+4 +2 1
+4 +3 1
+4 +2 1
+4 +1 1 0 0 0 0 0 0 0 0 1 1
+7 +11 1
+4 +10 1 1
+4 +1 1 1
+4 +3 1
+2 +4 1
+3 * 1 1
+1 +5 1
+2 +1 1
+5 +1 1 0 0 0 0 0 0 0 0 1

fl=(300) /usr/src/debug/glibc/glibc/nptl/cancellation.c
fn=(1132) __syscall_cancel
0x94af0 74 32692 0 0 1 0 0 1
+4 * 32692 0 32692
+1 * 32692
+3 +1 32692
+4 * 32692 32692 32692
+3 * 32692 0 32692 3 0 0 1
cfn=(1134) __internal_syscall_cancel
calls=32692 0x94a60 -45 
* * 424996 196152 32692 9 6 0 2 0 0 32692 4
+5 +4 32692 32692
+1 * 32692 32692
+1 * 32692
+6 * 32692 0 0 0 0 0 0 0 0 32692 2
+2 +1 32692 32692
+1 * 32692 32692

fn=(1134)
0x94a60 30 32692 0 0 2 0 0 1
+4 * 32692 0 32692
+1 * 32692
+3 * 32692
+3 * 32692
+4 +7 32692 32692
+9 * 32692 32692 0 0 6
+7 +1 32692 32692 0 7 0 0 1
+7 * 32692 0 0 0 0 0 0 0 0 32692 4
+82 +2 32692 32692
+4 * 32692
+2 +24 32692 32692
+1 * 32692 32692

fl=(308) /usr/src/debug/glibc/glibc/io/../sysdeps/unix/sysv/linux/read.c
fn=(1188) read
0x110010 25 50 0 0 1 0 0 1
+4 * 50 0 50
+1 +1 50
+3 * 50
+3 * 50
+3 * 50
+2 -1 50
+3 +1 50
+4 * 50 0 50
+2 * 50 0 50
cfi=(300)
cfn=(1132)
calls=50 0x94af0 +48 
* * 1250 550 200 8 6 0 0 0 0 100 3
+5 +1 50 50
+1 * 50 50

fl=(353) /usr/src/debug/glibc/glibc/misc/../sysdeps/unix/sysv/linux/mmap64.c
fn=(1722) mmap
0x119430 47 3 0 0 1 0 0 1
+4 +3 3
+7 * 3 0 0 0 0 0 0 0 0 3
+2 -3 3 0 3
+1 * 3 0 0 1 0 0 1
+3 * 3 0 3
+2 * 3
+3 * 3 0 3
+1 * 3
+3 +6 3
+3 * 3 0 0 0 0 0 0 0 0 3 2
+2 +5 3
+3 * 3
+3 * 3
+5 * 3
+2 * 3
+6 * 3 0 0 0 0 0 0 0 0 3
+2 +2 3 3
+1 * 3 3
+2 * 3 3
+1 * 3 3
+72 -7 3 0 0 1 0 0 1
+2 * 3
+6 * 3
+3 * 3
+2 * 3 0 0 0 0 0 0 0 0 3 2

fl=(218) /usr/src/debug/glibc/glibc/nptl/cleanup_compat.c
fn=(760) _pthread_cleanup_pop@@GLIBC_2.34
0x94bb0 40 1
+4 +3 1 1
+4 * 1 0 1 1 0 0 1
+9 +4 1
+2 * 1 0 0 0 0 0 0 0 0 1 1
+21 +2 1 1

fn=(752) _pthread_cleanup_push@@GLIBC_2.34
0x94b80 25 1 0 0 1 0 0 1
+4 +3 1 0 1
+3 +1 1 0 1
+4 +1 1 1 0 0 1
+9 * 1 0 1
+4 +2 1 0 1
+9 +1 1 1

fl=(192) /usr/src/debug/glibc/glibc/nptl/pthread_mutex_conf.c
fn=(644) __pthread_tunables_init
0x9aee0 55 1 0 0 1 0 0 1
+4 * 1 0 1
+1 +1 1
+5 -1 1
+3 * 1
+4 +1 1 1
+9 * 1 0 1
+4 * 1 0 0 1 0 0 1
+7 * 1
+4 * 1 1 1 0 1 0 0 0 0 0 0 1 1
cob=(1) /usr/lib/ld-linux-x86-64.so.2
cfi=(12) /usr/src/debug/glibc/glibc/elf/dl-tunables.c
cfn=(30) __tunable_get_val
calls=1 0x14f60 435 
* * 18 4 1 2 2 0 0 2 0 3 2
+6 +2 1
+7 * 1
+4 * 1
+5 * 1 1 1 0 0 0 0 0 0 0 0 1 1
cob=(1)
cfi=(12)
cfn=(30)
calls=1 0x14f60 435 
* * 17 4 1 0 2 0 0 2 0 3 1
+6 +2 1
+7 * 1
+4 * 1
+5 * 1 1 1 0 0 0 0 0 0 0 0 1 1
cob=(1)
cfi=(12)
cfn=(30)
calls=1 0x14f60 435 
* * 18 4 1 0 2 0 0 2 0 3 2
+6 +2 1 1
+4 * 1 1 0 1 0 0 1
+9 * 1 0 0 0 0 0 0 0 0 1
+2 * 1 1
+1 * 1 1

fl=(294) /usr/src/debug/glibc/glibc/libio/iofopen.c
fn=(1110) __fopen_internal
0x81f80 57 2 0 0 2 0 0 1
+4 * 2 0 2
+1 * 2
+3 * 2
+4 * 2 0 2
+4 * 2
+3 +8 2
+5 -8 2 0 2
+4 * 2
+3 * 2 0 2
+4 * 2
+3 * 2 0 2
+4 +8 2 2 2 0 1 0 0 0 0 0 0 2 1
cfi=(195) /usr/src/debug/glibc/glibc/malloc/malloc.c
cfn=(936) malloc
calls=2 0xa8b30 3283 
* * 193 32 14 2 6 2 2 1 1 33 11
+6 +2 2
+3 * 2 0 0 0 0 0 0 0 0 2 1
+6 * 2 0 2
+4 * 2
+3 +3 2 0 0 2 0 0 1
+7 +2 2
+2 * 2
+2 * 2
+7 * 2
+3 * 2
+3 -2 2 0 2 0 0 2 0 0 1
+7 +2 2
+7 * 2 0 2
cfi=(295)
cfn=(1112) _IO_no_init
calls=2 0x92010 589 
* * 116 18 60 10 2 9 5 1 4 4
+6 +1 2
+7 +1 2
+3 -1 2 0 2
+7 +1 2 0 2 2 0 0 1
cfi=(296)
cfn=(1116)
calls=2 0x8e610 +33 
* * 222 64 64 25 3 1 14 0 0 26 8
+5 +1 2
+3 * 2
+3 * 2
+3 * 2
+3 * 2 0 2
cfi=(296)
cfn=(1124)
calls=2 0x8eaf0 247 
* * 438 105 67 43 6 1 25 4 0 52 17 2 1
+5 * 2
+3 * 2 0 0 0 0 0 0 0 0 2
+2 -38 2 2
+4 * 2 0 0 0 0 0 0 0 0 2 1
+2 * 2 2
+4 +44 2
+3 * 2 2
+4 * 2 2
+4 * 2 2
+4 * 2 2
+4 * 2 2
+1 * 2 2

fn=(1108) fopen@@GLIBC_2.2.5
0x820b0 85 2 0 0 2 0 0 1
+4 +1 2
+5 * 2
cfn=(1110)
calls=2 0x81f80 -29 
* * 1063 237 229 86 18 15 49 6 6 121 38 4 2

fl=(318) /usr/src/debug/glibc/glibc/string/../sysdeps/x86_64/multiarch/memchr-avx2.S
fn=(1248) __memchr_avx2
0x1715c0 61 32944 0 0 2 0 0 1
+4 +7 32944
+3 +2 32944 0 0 0 0 0 0 0 0 32944
+2 +3 32944
+4 +1 32944
+5 +2 32944
+2 +1 32944
+5 +1 32944
+5 +1 32944 0 0 0 0 0 0 0 0 32944 4
+6 +3 32944 32944
+4 +1 32944
+4 +3 32944
+4 +1 32944 0 0 0 0 0 0 0 0 32944 2
+2 +2 304
+2 +1 304 0 0 0 0 0 0 0 0 304 14
+2 +1 9
+3 +1 9
+3 +2 9
+3 * 9 9
+1 +7 32640 0 0 1
+4 +5 32640
+3 +7 32640
+2 +1 32640 0 0 0 0 0 0 0 0 32640
+2 +1 32640
+3 +1 32640 32640
+2 +5 6 0 0 1 0 0 1
+3 +1 6
+3 +1 6
+3 +1 6
+3 * 6 6
+52 +37 295 0 0 1 0 0 1
+2 +1 295
+2 +1 295
+4 +2 295
+7 +10 295 295
+5 +1 295
+4 +3 295
+3 +1 295 0 0 0 0 0 0 0 0 295 1
+6 +2 294
+2 +1 294 0 0 0 0 0 0 0 0 294 42
+2 +2 288 288 0 0 9 0 0 1
+5 +1 288
+4 +1 288
+2 +1 288 0 0 1 0 0 1 0 0 288
+2 +2 288 288
+5 +1 288
+4 +1 288
+2 +1 288 0 0 0 0 0 0 0 0 288
+2 +2 288 288 0 0 44 0 0 6
+5 +1 288
+4 +1 288
+2 +1 288 0 0 0 0 0 0 0 0 288
+2 +4 288
+7 +1 288 0 0 0 0 0 0 0 0 288
+6 +3 288
+3 +1 288
+2 +1 288
+4 +1 288
+3 +5 288
+3 * 288
+8 +10 288 288 0 1 0 0 1
+5 +1 288 288
+5 +1 288 288 0 0 44 0 0 6
+5 +1 288 288
+5 +1 288
+4 +1 288
+4 +1 288
+4 +2 288
+4 +6 288
+2 +1 288 0 0 0 0 0 0 0 0 288
-38 -15 2688 2688 0 0 380 0 0 56
+5 +1 2688 2688
+5 +1 2688 2688 0 0 344 0 0 56
+5 +1 2688 2688
+5 +1 2688
+4 +1 2688
+4 +1 2688
+4 +2 2688
+4 +6 2688
+2 +1 2688 0 0 0 0 0 0 0 0 2688 240
+2 +2 2736
+4 +2 2736
+7 +1 2736 0 0 0 0 0 0 0 0 2736 309
+2 +4 48 48 0 0 6 0 0 1
+5 +1 48
+4 * 48
+2 +8 48
+2 +1 48 0 0 0 0 0 0 0 0 48 2
-2 -1 1
+2 +1 1 0 0 0 0 0 0 0 0 1 1
+2 +3 48
+3 +1 48 0 0 0 0 0 0 0 0 48 4
+41 +24 240 0 0 1 0 0 1
+4 +1 240
+2 +1 240 0 0 0 0 0 0 0 0 240 4
+2 +2 95
+4 +1 95
+2 +1 95 0 0 0 0 0 0 0 0 95 2
+34 +18 1 0 0 1 0 0 1
+4 +2 1
+3 +2 1
+2 +1 1 0 0 0 0 0 0 0 0 1
+2 +1 1
+3 +1 1
+3 +1 1
+3 * 1 1
+12 +9 145 0 0 1 0 0 1
+4 +4 145
+3 +2 145
+3 +1 145
+3 * 145 145
+3 +4 95
+4 +4 95
+4 +2 95
+3 +1 95
+3 * 95 95
+34 +21 48 48 0 1 0 0 1
+5 +1 48
+4 +1 48
+2 +1 48 0 0 0 0 0 0 0 0 48
+2 +2 48 48 0 0 7 0 0 1
+5 +1 48
+4 +3 48
+7 +1 48
+5 +3 48
+2 +1 48 0 0 0 0 0 0 0 0 48
+2 +4 48
+3 +1 48 0 0 0 0 0 0 0 0 48
+2 +2 48 48
+5 +1 48
+4 +2 48
+4 +1 48
+2 +1 48 0 0 0 0 0 0 0 0 48 2
+13 +5 48 0 0 1 0 0 1
+3 * 48 48

fl=(361) /usr/src/debug/glibc/glibc/libio/vsnprintf.c
fn=(1816) vsnprintf
0x8c330 102 32640 0 0 1 0 0 1
+4 * 32640 0 32640
+1 * 32640
+3 * 32640
+3 * 32640 0 0 1 0 0 1
+7 * 32640 32640
+9 * 32640 0 32640
+4 * 32640
fi=(396) /usr/src/debug/glibc/glibc/libio/../include/printf_buffer.h
+3 +35 32640
+4 -13 32640 0 32640
+7 +1 32640 0 32640
+7 +12 32640 0 32640
+7 -10 32640 0 32640
+11 +1 32640 0 32640
fe=(361)
+10 -65 32640 0 0 1 0 0 1
+3 * 32640 0 0 0 0 0 0 0 0 32640
+2 +3 32640 0 32640
+3 +30 32640
+3 * 32640
+2 * 32640
+7 * 32640 0 32640
cfi=(362) /usr/src/debug/glibc/glibc/stdio-common/vfprintf-internal.c
cfn=(1818) __printf_buffer
calls=32640 0x65230 601 
* * 74276433 16476075 10607713 127 24 18 117 13 0 11410342 260754 195840 4
+6 -21 32640 32640
+7 * 32640 32640
+7 * 32640 0 0 0 0 0 0 0 0 32640
+2 +1 32640 0 32640
+3 +11 32640
+7 * 32640 0 32640
cfi=(373) /usr/src/debug/glibc/glibc/stdio-common/Xprintf_buffer_done.c
cfn=(1848) __printf_buffer_done
calls=32640 0x5c070 -62 
* * 587520 163200 0 2 0 0 2 0 0 163200 3
+5 +17 32640 32640
+4 * 32640 32640 0 1 0 0 1
+9 * 32640 0 0 0 0 0 0 0 0 32640 1
+2 * 32640 32640
+1 * 32640 32640

fl=(134) /usr/src/debug/glibc/glibc/string/../sysdeps/x86_64/multiarch/strcasecmp_l.c
fn=(446) strcasecmp_l
0xad680 31 1 0 0 1 0 0 1
fi=(86)
+4 +5 1 1
+7 +1 1 1
+6 * 1
+2 * 1
+6 * 1 0 0 0 0 0 0 0 0 1 1
fe=(134)
+43 -6 1
+3 * 1 1
fi=(86)
+9 +7 1 1 0 1 0 0 1
+6 * 1
+6 * 1 0 0 0 0 0 0 0 0 1
+2 +4 1 1
+6 * 1
+2 * 1
+6 * 1 0 0 0 0 0 0 0 0 1
+2 +3 1
+7 * 1 1
+7 * 1 0 0 0 0 0 0 0 0 1
+2 +3 1 0 0 1 0 0 1
+6 * 1
+7 * 1 0 0 0 0 0 0 0 0 1
+2 * 1
fe=(134)

fl=(235) /usr/src/debug/glibc/glibc/wcsmbs/wctob.c
fn=(800) wctob
0xd2290 30 128 0 0 1 0 0 1
+4 * 128 0 128
+1 * 128
+3 * 128
+4 * 128 128
+9 * 128 0 128
+4 * 128
+2 +9 128
+3 * 128 0 0 0 0 0 0 0 0 128
+6 * 128
+2 +6 128
+2 -1 128
+3 * 128 0 0 0 0 0 0 0 0 128
+2 +35 128 128 0 1 0 0 1
+4 * 128 128
+9 * 128 0 0 0 0 0 0 0 0 128 1
+6 * 128 128
+1 * 128
+2 * 128 128

fl=(241) /usr/src/debug/glibc/glibc/string/../sysdeps/x86_64/multiarch/memcmp-avx2-movbe.S
fn=(816) __memcmp_avx2_movbe
0x171860 73 50 0 0 1 0 0 1
+4 +7 50
+4 +1 50 0 0 0 0 0 0 0 0 50 9
+6 +3 1 1
+4 +1 1 1
+4 +1 1
+4 +4 1
+2 +1 1 0 0 1 0 0 1 0 0 1
+6 +2 1
+4 +1 1 0 0 0 0 0 0 0 0 1
+6 +3 1 1
+5 +1 1 1
+5 +1 1
+4 +3 1
+2 +1 1 0 0 0 0 0 0 0 0 1
+6 +3 1
+7 +1 1 0 0 0 0 0 0 0 0 1
+6 +3 1 1
+5 +1 1 1
+5 +1 1
+4 +1 1
+2 +1 1 0 0 1 0 0 1 0 0 1
+6 +1 1 1
+5 +1 1 1
+5 +1 1
+4 +1 1
+2 +1 1 0 0 0 0 0 0 0 0 1
+6 +3 1
+7 +1 1 0 0 0 0 0 0 0 0 1
+6 +6 1 1
+6 +1 1 1
+6 +1 1
+5 +1 1
+5 +4 1 1 0 1 0 0 1
+4 +1 1 1
+5 +2 1 1
+5 +1 1 1
+5 +1 1 1
+5 +1 1 1
+5 +3 1
+4 +1 1
+4 +1 1
+4 +1 1
+4 +1 1
+2 +1 1 0 0 0 0 0 0 0 0 1
+2 +2 1
+3 * 1 1
+14 +4 30 0 0 1 0 0 1
+4 +10 30 30
+4 +1 30 30
+4 +1 30
+2 +3 30
+3 * 30 30
0x171b40 401 49 0 0 1 0 0 1
+3 +1 49 0 0 0 0 0 0 0 0 49
+2 +5 49
+2 +1 49
+2 +1 49
+5 +1 49
+5 +1 49 0 0 0 0 0 0 0 0 49 7
+2 +3 39 39
+4 +1 39 39
+4 +1 39
+4 +1 39
+2 +3 39
+5 +1 39 0 0 0 0 0 0 0 0 39 12
+6 +1 9
+2 +1 9
+3 * 9 9
+13 +6 10 0 0 1 0 0 1
+3 +1 10 0 0 0 0 0 0 0 0 10
+2 +2 10
+3 +1 10 0 0 0 0 0 0 0 0 10
+2 +2 10
+3 +1 10 0 0 0 0 0 0 0 0 10
+6 +2 10 10
+4 +1 10 10
+4 +1 10
+4 +1 10
+4 +1 10 10
+6 +1 10 10
+6 +1 10
+3 +1 10
+3 +1 10
+3 +2 10 0 0 0 0 0 0 0 0 10 3
+2 +2 1 1
+22 +13 9 0 0 1 0 0 1
+2 +1 9
+3 +2 9 9

fl=(384) /usr/src/debug/glibc/glibc/posix/register-atfork.c
fn=(1956) __unregister_atfork
0x103380 82 5 0 0 1 0 0 1
+4 * 5 0 5
+1 * 5
+3 +1 5
+2 * 5
+5 -1 5
+3 * 5
+4 +1 5 0 5 0 0 1 0 0 1
+8 * 5 0 0 0 0 0 0 0 0 5 1
fi=(385) /usr/src/debug/glibc/glibc/posix/../malloc/dynarray-skeleton.c
+6 243 5 5 0 0 1 0 0 1
fe=(384)
+7 71 5
+3 * 5 0 0 0 0 0 0 0 0 5 2
0x1034c0 +38 5 0 0 1 0 0 1
+2 * 5 5 5 0 0 0 0 0 0 5
+6 * 5
+3 * 5 0 0 0 0 0 0 0 0 5 2
+2 +1 5 5
+1 * 5 5

fl=(362)
fn=(1818)
0x65230 601 32640 0 0 1 0 0 1
+4 * 32640 0 32640
+1 * 32640
+3 * 32640
+7 * 32640 0 32640 1 0 1 1
+6 * 32640 0 32640 0 0 1
+4 * 32640
+3 * 32640 0 32640
+4 * 32640 0 32640
+4 * 32640
+3 * 32640 0 32640
+4 * 32640
+3 * 32640 0 32640
fi=(397) /usr/src/debug/glibc/glibc/stdio-common/printf-parse.h
+7 82 32640
+3 * 32640
fe=(362)
+5 628 32640 32640
+9 * 32640 0 32640
+4 * 32640 32640 0 1 0 0 1
+7 +9 32640 32640
+4 -9 32640 32640 0 0 1
+3 +9 32640 0 32640 0 0 1
+7 -9 32640 0 32640
+6 +9 32640 32640
+4 * 32640 0 32640
fi=(397)
+7 82 32640 0 32640 0 0 1
cob=(4) ???
cfi=(198) ???
cfn=(1820) 0x0000000004ccf2a0
calls=32640 0x4ccf2a0 -82 
* * 685440 97920 0 3 1 0 3 0 0 65280 0 32640 1
fe=(362)
+5 653 32640
+3 -1 32640
+3 +1 32640
fi=(397)
+3 82 32640 0 32640
+7 * 32640
fe=(362)
+3 653 32640
+3 -1 32640 0 32640
cfi=(363) /usr/src/debug/glibc/glibc/stdio-common/Xprintf_buffer_write.c
cfn=(1824) __printf_buffer_write
calls=32640 0x5c5d0 27 
* * 456960 130560 65280 2 0 1 2 0 0 65280 2
+5 +2 32640 32640 0 1 0 0 1
+3 * 32640
+2 * 32640 0 0 0 0 0 0 0 0 32640
+6 +4 32640 32640
+5 * 32640 0 0 0 0 0 0 0 0 32640 2
+6 +4 32640 32640 0 0 1 0 0 1
+7 * 32640 0 32640
+7 * 32640
+3 * 32640 0 0 0 0 0 0 0 0 32640
+6 * 32640 32640
+8 * 32640 0 0 0 0 0 0 0 0 32640
+6 * 32640 32640 0 1 0 0 1
+8 * 32640 0 0 0 0 0 0 0 0 32640
+6 * 32640 0 32640
+4 -32 32640 0 32640
+10 +11 32640 0 32640 0 0 1
+10 -8 32640 0 32640
+11 * 32640
+4 +71 32640 32640
+6 * 32640
+4 * 32640
+2 * 32640 0 0 0 0 0 0 0 0 32640 3
+52 1043 32640 32640 0 1 0 0 1
+4 * 32640 32640
+9 * 32640 0 0 0 0 0 0 0 0 32640
+6 * 32640 32640
+4 * 32640 32640
+4 * 32640 32640
+4 * 32640 32640
+4 * 32640 32640
+1 * 32640 32640
+4 704 32640 0 0 1 0 0 1
+5 -13 32640
+3 +1 32640
+3 -2 32640
+3 +14 32640 0 32640
+7 * 32640
+4 -18 32640
+3 +18 32640
+7 * 32640
+3 -10 32640 0 0 1 0 0 1
+6 +4 32640 0 32640
+7 -1 32640 0 32640
+10 +7 32640 32640 0 0 1 0 0 1
+4 * 32640
+7 -11 32640 0 32640
+10 -8 32640 0 32640
+10 +19 32640 32640 0 0 1 0 0 1
+4 * 32640
+7 -20 32640 0 32640 1 0 0 1
+10 -1 32640 0 32640
+10 +21 32640
+3 -15 32640
+2 -7 32640 0 32640
+10 * 32640 0 0 0 0 0 0 0 0 0 0 32640 1
+6 * 32640
+4 * 32640
+4 973 32640 32640
+6 * 32640
+2 +2 32640
+4 * 32640 0 0 1 0 0 1
+5 * 32640
+8 * 32640 0 32640
+7 -2 32640
+4 +2 32640 0 32640
+7 * 32640 0 32640
+10 -2 32640
+3 +2 32640 32640
+6 * 32640
+2 * 32640 0 32640
+6 * 32640
+2 * 32640 32640
+7 * 32640 0 0 1 0 0 1
+3 * 32640
+2 * 32640 32640
+7 * 32640
+3 * 32640
+2 * 32640 32640
+7 * 32640
+3 * 32640
+2 * 32640 32640
+7 * 32640
+3 * 32640
+2 * 32640
+3 * 32640
+3 * 32640
+2 * 32640 32640
+7 * 32640
+3 * 32640
+2 * 32640 0 0 1 0 0 1
+5 * 32640 0 32640
+7 * 32640 32640
+7 * 32640 0 32640
+6 +20 32640
+2 * 32640 0 0 0 0 0 0 0 0 32640
+6 * 32640 32640
+4 * 32640
+5 * 32640 0 0 0 0 0 0 0 0 32640
+6 * 32640
+2 * 32640
+3 * 32640 32640
+4 * 32640 0 32640
+4 * 32640 32640
+4 * 32640 0 32640 1 0 0 1
+8 +1 32640
+7 263 32640
+4 +1 32640
+3 996 32640 0 32640
+7 743 32640 32640
+7 264 32640
+7 * 32640
+7 743 32640 32640
+4 263 32640
+4 * 32640 0 0 0 0 0 0 0 0 32640 2
+25 1023 32640 32640 0 1 0 0 1
fi=(397)
+7 82 32640
fe=(362)
+5 1017 32640 0 32640
+7 +6 32640
fi=(397)
+4 82 32640
+3 * 32640 0 32640
cob=(4)
cfi=(198)
cfn=(1820)
calls=32640 0x4ccf2a0 -82 
* * 685440 97920 0 0 0 0 0 0 0 65280 0 32640
fe=(362)
+5 1027 32640
+3 * 32640
+3 +1 32640
fi=(397)
+3 82 32640
fe=(362)
+3 1028 32640
+3 -1 32640 0 32640 1 0 0 1
cfi=(363)
cfn=(1824)
calls=32640 0x5c5d0 27 
* * 456960 130560 65280 0 0 0 0 0 0 65280 2
+5 +3 32640 32640
+5 * 32640 0 0 0 0 0 0 0 0 32640 2
+13 * 32640 32640
+4 * 32640
0x66480 859 32640 0 0 1 0 0 1
+4 -47 32640 32640
+7 +1 32640 32640
+5 -1 32640
+4 +1 32640
+4 * 32640 0 0 0 0 0 0 0 0 32640 2
+42 +41 32640 0 0 1 0 0 1
+3 * 32640
+4 * 32640
+3 * 32640 0 0 0 0 0 0 0 0 32640
+6 * 32640
+4 * 32640
+7 * 32640
+7 * 32640
+3 * 32640 32640 0 0 1 0 0 1
+4 * 32640
+7 * 32640 32640 0 0 1 0 0 1
+4 * 32640
+3 * 32640 0 0 0 0 0 0 0 0 0 0 32640 1
0x66bf0 266 32640 0 32640 1 0 0 1
cfi=(364) /usr/src/debug/glibc/glibc/stdio-common/printf_fp.c
cfn=(1826) __printf_fp_l_buffer
calls=32640 0x5ecd0 1099 
* * 65398353 14517675 9106273 102 17 12 92 8 0 10659622 260739 65280 1
+5 1000 32640
0x67220 818 32640 32640 0 1 0 0 1
+4 -1 32640
+4 +1 32640
+3 * 32640
+3 * 32640 0 0 0 0 0 0 0 0 32640
+6 +15 32640 32640
+3 * 32640
+3 * 32640 0 0 0 0 0 0 0 0 32640
+6 * 32640 0 0 1 0 0 1
+2 * 32640
+3 * 32640 32640
+4 * 32640 0 32640
+3 +3 32640 32640
+3 * 32640
+5 -19 32640 0 32640
+7 +37 32640 32640
+4 -18 32640
+3 * 32640
+4 * 32640

fl=(83) /usr/src/debug/glibc/glibc/string/../sysdeps/x86/cacheinfo.c
fn=(314) __x86_cacheinfo
0xc1b90 86 1 0 0 1 0 0 1
fi=(84) /usr/src/debug/glibc/glibc/string/../sysdeps/x86/cacheinfo.h
+4 -24 1 1
+7 +3 1 1 0 0 1
+7 * 1
+7 * 1 0 0 0 0 0 0 0 0 1
+2 +2 1
+3 +1 1 0 1 0 0 1 0 0 1
+7 -1 1
+3 * 1 0 1 0 0 1 0 0 1
+7 +7 1 1 0 1 0 0 1
+7 * 1
+7 * 1 0 0 0 0 0 0 0 0 1
+2 +2 1
+3 +1 1 0 1
+7 -1 1
+3 * 1 0 1
+7 +5 1 1
+7 * 1 0 1 0 0 1 0 0 1
+7 +3 1 1
+7 * 1 0 1
+7 +2 1 1 0 1 1 0 1
+7 * 1 0 1
+7 +1 1 1
+7 * 1 0 1
+7 +1 1 1
+7 * 1 0 1
+7 +2 1 1
+7 * 1 0 0 0 0 0 0 0 0 1 1
fe=(83)
+9 -4 1
+2 * 1 1

fl=(195)
fn=(1406) tcache_init.part.0
0xa7d00 3206 1 0 1 1 0 0 1
+1 * 1
+3 +8 1
+3 * 1 0 0 0 0 0 0 0 0 1 1
+19 +2 1 1
+7 * 1 0 1
+4 +4 1
+3 * 1 0 0 0 0 0 0 0 0 1
fi=(338) /usr/src/debug/glibc/glibc/malloc/../string/bits/string_fortified.h
+2 59 1
+5 * 1
+3 * 1
+2 * 1 1 1 0 1 0 0 0 0 0 0 1 1
cfi=(214) /usr/src/debug/glibc/glibc/string/../sysdeps/x86_64/multiarch/memset-vec-unaligned-erms.S
cfn=(740) __memset_avx2_unaligned_erms
calls=1 0x1729c0 198 
* * 64 2 28 3 0 11 0 0 11 10 6
fe=(195)
+6 3229 1 1 0 1 0 0 1
fi=(338)
+8 59 1
fe=(195)
+3 3228 1
+4 * 1
+5 * 1
+7 * 1
+4 * 1
+3 * 1
+4 * 1
+5 +1 1 0 1
+3 * 1
+4 * 1 0 1
+4 * 1 0 1
+4 -1 1
+3 * 1 0 0 0 0 0 0 0 0 1 1
-18 +1 2 0 2
+3 * 2
+4 * 2 0 2
+4 * 2 0 2
+4 -1 2
+3 * 2 0 0 0 0 0 0 0 0 2 1
+2 +1 1 0 1
+8 +2 1 1
+1 * 1 1
+19 -13 1 0 0 1 0 0 1
+5 * 1 0 1
cfn=(938) __libc_malloc2
calls=1 0xa7b40 +29 
* * 133 21 11 0 1 1 0 0 1 20 3
+5 * 1
+3 * 1

fn=(1502) _int_free_chunk
0xa6290 4351 295054 0 295054 1 0 0 1
+1 * 295054
+3 * 295054 0 295054
+1 * 295054
+4 +8 295054 295054 0 0 8
+7 -3 295054 295054
+4 +3 295054 295054 0 0 10
+3 -3 295054
+2 * 295054 0 0 0 0 0 0 0 0 295054 3
+2 +6 295051 295051 0 0 2
+7 * 295051 0 0 0 0 0 0 0 0 295051 2
+2 +6 295051 0 295051 0 0 6
cfn=(1504) _int_free_merge_chunk
calls=295051 0xa6140 +39 
* * 25686951 7452244 3808712 109 769 16 17 0 0 4286328 29960
+5 +5 295051 295051
+7 * 295051 0 295051 1 0 0 1
+3 +27 295051 295051
+4 * 295051 295051
+1 * 295051 295051
+8 -14 3 3
+6 * 3
+2 * 3 0 0 0 0 0 0 0 0 3 2
+2 +10 3
+3 * 3 0 3 0 0 1
cfn=(1728) munmap_chunk
calls=3 0xa47f0 2799 
* * 111 24 9 7 3 0 4 0 0 15 6
+5 -23 3 3
+7 * 3 0 3
+3 +27 3 3
+4 * 3 3
+1 * 3 3
+7 -12 3 3 0 0 2
+7 * 3 0 0 1 0 0 1 0 0 3
+2 * 3
+6 * 3 0 0 0 0 0 0 0 0 3
+2 +2 3
+4 +1 3
+4 -1 3 0 3
+7 +1 3 0 3
+7 +1 3
+1 * 3

fn=(938)
0xa7b40 3247 295067 0 295067 1 0 0 1
+1 * 295067
+3 * 295067
+4 +4 295067 295067 0 0 1
+7 -4 295067 0 295067
+4 * 295067
+3 +4 295067 0 0 0 0 0 0 0 0 295067 25
0xa7bc8 +28 295067 295067 0 1 0 0 1
+4 * 295067 295067
+1 * 295067 295067
+83 -26 295067 0 0 1 0 0 1
+3 * 295067
+7 * 295067 0 295067 0 0 4
cfn=(940) _int_malloc
calls=295067 0xa6dc0 3822 
* * 48012668 6616909 4284188 690 205 948 80 1 540 9239624 130274 1 1
+5 +1 295067
+3 * 295067 0 0 0 0 0 0 0 0 295067
+2 * 295067 295067
+4 * 295067
+3 * 295067 0 0 0 0 0 0 0 0 295067 3
fi=(194) /usr/src/debug/glibc/glibc/malloc/arena.c
+2 151 295064
+3 * 295064 0 0 1 0 0 1 0 0 295064 154
fe=(195)

fn=(940)
0xa6dc0 3822 295067 0 0 1 0 0 1
+3 * 295067 0 0 0 0 0 0 0 0 295067 2
+6 -32 295067 0 295067
+1 * 295067
+3 * 295067
+3 1288 295067
+4 3790 295067
+3 * 295067
+4 * 295067 0 295067 0 0 3
+4 * 295067 0 295067
+4 1288 295067
+4 * 295067 0 0 0 0 0 0 0 0 295067
+6 * 295067
+4 3831 295067
+3 * 295067 0 0 0 0 0 0 0 0 295067 1
+6 +16 295067 0 0 257 0 0 1
+7 * 295067 0 0 0 0 0 0 0 0 295067 12
+6 +54 295056
+3 * 295056
+4 * 295056
+7 * 295056 0 0 0 0 0 0 0 0 295056 13
+6 * 13
+3 * 13
+4 * 13
+7 * 13 0 0 0 0 0 0 0 0 13 4
+6 * 6
+3 * 6 0 6 0 0 2
+3 * 6
+11 +18 6 0 0 1
+3 +11 6
+4 * 6
+4 -12 6
+2 +1 6
+4 * 6
+4 -1 6 6
+7 * 6
+4 * 6 0 6
+4 +12 6 6 0 0 1
+4 * 6
+3 * 6 0 0 0 0 0 0 0 0 6 6
-43 -11 295061 0 0 254 0 0 1
+3 +11 295061
+4 * 295061
+4 -12 295061
+2 +1 295061
+4 * 295061
+4 -1 295061 295061
+7 * 295061
+4 * 295061 0 295061 0 0 4
+4 +12 295061 295061 0 0 1
+4 * 295061
+3 * 295061 0 0 0 0 0 0 0 0 295061 2500
+6 * 66848 0 66848
+4 -1 66848
+2 -5 66848
+3 * 66848 0 66848
+4 * 66848 0 66848 28 0 0 1
+4 -2 66848 0 66848
+7 +11 66848 66848
+4 * 66848
+4 +3 66848
+4 * 66848 0 0 0 0 0 0 0 0 66848 1
-12 -3 478 478
+4 * 478
+4 +3 478
+4 * 478 0 0 0 0 0 0 0 0 478
+6 +1 67326 67326
+7 * 67326
+3 * 67326 0 0 0 0 0 0 0 0 67326
+6 -3 67326
+4 +5 67326 67326
+4 * 67326
+4 * 67326 0 0 0 0 0 0 0 0 67326
+6 +1 67326
+3 * 67326 0 0 4 0 0 1 0 0 67326 14
+6 +2 67326 67326
+3 * 67326
+4 * 67326
+3 * 67326 0 0 0 0 0 0 0 0 67326 2
+6 -10 67326 67326
+4 +12 67326 67326
+4 * 67326 0 0 0 0 0 0 0 0 67326 5
+6 +1 67326 67326
+4 * 67326 0 0 0 0 0 0 0 0 67326
+6 +2 67326
+3 * 67326 0 0 0 0 0 0 0 0 67326
+6 +11 67326
+7 * 67326 0 0 0 0 0 0 0 0 67326 3
+2 * 1
+3 * 1 0 0 0 0 0 0 0 0 1 1
+6 +29 67326 0 67326 2 0 0 1
+4 +1 67326 0 67326
+4 +4 67326
+3 * 67326 0 0 0 0 0 0 0 0 67326 156
+6 +31 66924
+7 * 66924 0 0 0 0 0 0 0 0 66924 122
+6 +8 66804
+3 * 66804
+4 * 66804
+7 * 66804 0 0 0 0 0 0 0 0 66804 1994
+6 * 1893
+5 * 1893
+4 * 1893
+4 +1 1893
+3 +1 1893 1893 0 0 8
+3 -1 1893
+4 +4 1893
+3 * 1893 0 0 0 0 0 0 0 0 1893 13
-13 -4 64911 0 0 1 0 0 1
+3 +1 64911 64911 0 0 59
+3 -1 64911
+4 +4 64911
+3 * 64911 0 0 0 0 0 0 0 0 64911 6
+6 +5 12 12
+4 * 12 12 0 0 3
+4 * 12
+4 * 12 0 0 0 0 0 0 0 0 12
+6 -2 12
+4 +3 12
+3 * 12 0 0 0 0 0 0 0 0 12 4
+46 +44 66924 0 0 1 0 0 1
+5 * 66924
+3 +9 66924
+4 -9 66924
+2 +10 66924 66924
+3 -10 66924
+4 * 66924 0 66924
+8 +1 66924 0 66924 1 0 0 1
+4 +1 66924 0 66924
+4 +1 66924 0 66924 0 0 3
+4 +1 66924 0 66924
+4 +6 66924
+2 * 66924 0 0 0 0 0 0 0 0 66924 132
0xa705a 3850 11 0 0 2 0 0 1
+3 +2 11 11 0 0 5
+4 -2 11
+4 +2 11
+3 * 11 0 0 0 0 0 0 0 0 11 2
0xa7100 4340 295067 295067 0 1 0 0 1
+4 * 295067 295067
+4 * 295067 295067
+1 * 295067 295067
+7 3901 295043
+3 * 295043 0 295043 0 0 4
+3 * 295043
+10 -52 11
+2 * 11
+3 * 11 0 11 0 0 1
+3 * 11
+2 * 11
+3 * 11
+3 * 11
+4 * 11
+12 4105 66924 0 0 1
+3 * 66924
+6 * 66924 0 0 0 0 0 0 0 0 66924
+2 3930 66924 66924
+4 * 66924
+3 * 66924 0 0 0 0 0 0 0 0 66924 89
+6 4111 66446 66446
+3 * 66446
+2 * 66446 0 0 0 0 0 0 0 0 66446
+6 * 66446 66446
+4 * 66446 66446
+4 * 66446 66446
+4 +13 66446 66446
+3 -2 66446
+7 * 66446 0 0 0 0 0 0 0 0 66446 10
-10 +2 228219 228219 0 1 0 0 1
+3 -2 228219
+7 * 228219 0 0 0 0 0 0 0 0 228219 6
+6 * 11
+2 +73 11 11
+3 +1 11
+3 * 11
+5 -1 11
+3 +2 11
+3 * 11
+4 +1 11
+3 * 11 11
+8 +1 11
+5 * 11
+2 * 11
+8 +5 11
+3 * 11
+3 * 11 0 0 0 0 0 0 0 0 11 5
-53 -9 294544 294544 0 1 0 0 1
+3 +1 294544
+3 * 294544
+5 -1 294544
+3 +2 294544
+3 * 294544
+4 +1 294544
+3 * 294544 294544 0 0 2
+8 +1 294544
+5 * 294544
+2 * 294544
+8 +5 294544
+3 * 294544
+3 * 294544 0 0 0 0 0 0 0 0 294544 370
-6 * 12556
+3 * 12556
+3 * 12556 0 0 0 0 0 0 0 0 12556 542
+2 * 295981
+8 +16 1346345
+4 +2 1346345
+2 * 1346345 0 0 0 0 0 0 0 0 1346345
+6 -4 1423933 0 0 2 0 0 1
+3 * 1423933 0 0 0 0 0 0 0 0 1423933 72230
+2 +8 77588 77588 0 0 19
+4 +3 77588
+3 * 77588 0 0 0 0 0 0 0 0 77588 10980
+6 +2 12556
+2 +1 12556
+4 +1 12556
+2 -2 12556
+2 * 12556
+3 * 12556
+3 * 12556 0 12556
+8 -27 12556
+66 3994 402 0 0 1 0 0 1
+4 * 402 0 402
+4 +1 402 0 0 1 0 0 1
+7 * 402
+3 * 402 0 0 0 0 0 0 0 0 402 2
+7 2919 402 402 0 0 2
+7 3998 402
+7 * 402 402 0 0 2
+5 * 402 0 0 0 0 0 0 0 0 402
+6 +4 402 402
+5 * 402 0 0 0 0 0 0 0 0 402 2
+97 3901 7 0 0 1 0 0 1
+3 * 7
+4 * 7
+7 * 7 0 0 0 0 0 0 0 0 7 3
+6 * 2
+3 * 2 0 2 0 0 1
+3 * 2
+6 4031 64911 0 0 1
+3 * 64911
+4 * 64911
+7 * 64911 0 0 1 0 0 1 0 0 64911 3199
+6 * 57541
+3 * 57541
+4 * 57541
+7 * 57541 0 0 0 0 0 0 0 0 57541 27
+6 * 20577
+8 * 20577
+4 * 20577
+4 * 20577
0xa73f0 +52 66792 0 66792 1 0 0 1
+4 -51 66792
+3 +51 66792 0 66792
+4 * 66792
+5 1888 402 402 0 2
+6 4013 402
+4 1888 402
+2 * 402 0 0 0 0 0 0 0 0 402
+6 * 402 402
+4 * 402 402
+4 * 402 402
+4 * 402
+10 3901 5 0 0 1 0 0 1
+3 * 5
+5 * 5
+3 * 5
+4 * 5
+4 * 5
+3 * 5 0 0 1 0 0 1
+4 * 5
+4 * 5
+3 * 5
+4 * 5
+4 * 5 0 5 0 0 1
+4 * 5
+11 +58 1 1 0 1
+4 * 1 0 0 0 0 0 0 0 0 1 1
+68 +72 7370 0 0 1 0 0 1
+8 * 7370
+4 * 7370
+4 * 7370
+8 -6 120 0 0 4 0 0 1
+2 * 120
+3 +1 120
+4 * 120
+4 +1 120 120 0 0 9
+3 -1 120
+4 +1 120
+28 +30 12 12 0 1
+4 * 12
+4 * 12 0 0 0 0 0 0 0 0 12 4
+26 +1 12 0 0 10 0 0 1
+3 * 12 0 0 0 0 0 0 0 0 12 2
+2 +6 12 0 0 0 0 0 0 0 0 12 4
+6 +7 1 1 0 0 1
+4 -1 1 0 1
+4 +1 1 0 1
+4 +1 1 1
+4 * 1 0 0 0 0 0 0 0 0 1
+6 +2 1 0 1
+4 +1 1 1
+4 * 1
+3 * 1 0 1 1
+4 +2 1 1
+4 +1 1 1
+4 * 1 0 0 0 0 0 0 0 0 1 1
-8 -1 11 11 0 1 0 0 1
+4 +1 11 11
+4 * 11 0 0 0 0 0 0 0 0 11 1
+86 -47 36964 0 0 2 0 0 1
+3 * 36964
+4 * 36964
+7 * 36964 0 0 0 0 0 0 0 0 36964 36964
+6 * 36964
+8 * 36964
+4 * 36964 0 0 2 0 0 1
+4 * 36964
+98 3876 295981 0 0 1 0 0 1
+4 * 295981
+3 * 295981
+8 * 295981
+11 4211 294433 294433
+3 * 294433
+4 * 294433
+3 * 294433 0 0 0 0 0 0 0 0 294433 41
+6 * 227975
+3 -3 227975
+3 * 227975
+3 * 227975 0 0 0 0 0 0 0 0 227975 6
-6 * 295981 0 0 1 0 0 1
+3 * 295981
+3 * 295981 0 0 0 0 0 0 0 0 295981 21
+2 4308 229523 229523
+4 +1 229523 229523 0 0 1
+4 * 229523
+4 +2 229523 229523
+7 * 229523 0 0 0 0 0 0 0 0 229523 1
+6 +3 229523
+4 * 229523
+3 * 229523 0 0 2 0 0 1 0 0 229523 18
+6 +5 229511
+7 -2 229511
+4 +2 229511
+3 -1 229511 0 229511
+4 +1 229511
+4 -3 229511
+3 +8 229511
+4 -5 229511
+4 +2 229511
+4 -2 229511
+4 * 229511
+3 1888 229511 229511 0 0 1
+6 4319 229511
+4 * 229511 0 229511
+4 +2 229511 0 229511 0 0 542 0 0 528
+4 1888 229511 0 0 2 0 0 1
+2 * 229511 0 0 0 0 0 0 0 0 229511 8
+23 4067 11 11 0 0 3
+4 * 11
0xa776d 4213 66458 0 0 1 0 0 1
+3 * 66458
+3 * 66458
+4 +1 66458
+5 * 66458
+42 -90 294654 0 0 1 0 0 1
+2 * 294654
+3 * 294654
+4 +3 294654 294654 0 0 20
+3 -3 294654
+4 +3 294654
+3 * 294654 0 0 0 0 0 0 0 0 294654 132
+6 +1 3695 3695 0 2 0 0 1
+4 * 3695 0 0 0 0 0 0 0 0 3695 5
+6 +3 110 110
+4 * 110
+6 +1 110 110
+4 * 110
+3 * 110
+4 * 110
+3 * 110 0 0 0 0 0 0 0 0 110
+2 +6 110 110
+4 * 110 0 0 0 0 0 0 0 0 110 4
+2 +2 2 2
+4 +1 2 2
+4 * 2
+4 +2 2
+3 +1 2
+3 * 2 0 2
+4 -1 2
+3 * 2 0 2
+4 * 2 0 2
+4 * 2 0 2
+4 * 2 0 2
+4 +1 2 0 2
cfn=(1518) unlink_chunk.isra.0
calls=2 0xa4e90 1592 
* * 44 18 6 0 0 0 0 0 0 10
-29 -1 108
+3 +1 108
+3 * 108 0 108
+4 -1 108 0 0 1 0 0 1
+3 * 108 0 108
+4 * 108 0 108
+4 * 108 0 108
+4 * 108 0 108
+4 +1 108 0 108
cfn=(1518)
calls=108 0xa4e90 1592 
* * 3348 1404 540 1 0 0 0 0 0 864 104
+5 +3 110 110
+4 * 110 110
+4 * 110
+4 * 110 110
+4 * 110 110
+4 * 110
+4 * 110 110
+4 * 110 0 0 0 0 0 0 0 0 110 4
+99 1888 65142 65142 0 1 1
+6 4286 65142
+4 1888 65142
+2 * 65142 0 0 0 0 0 0 0 0 65142 12
+11 4334 12 0 0 1 0 0 1
+3 * 12 0 12
+4 * 12 0 12 0 0 9
cfn=(942) sysmalloc
calls=12 0xa6390 2304 
* * 1954 454 302 76 57 41 40 1 12 293 51 1 1
+5 +1 12
+3 * 12 0 0 1 0 0 1 0 0 12 1
+6 1888 12 12
+6 * 12
+2 * 12 0 0 0 0 0 0 0 0 12 4
+22 4238 65032 65032 0 1 2
+4 * 65032
+4 +3 65032
+3 * 65032 0 0 0 0 0 0 0 0 65032
+6 +2 65032
+3 +3 65032
+3 * 65032 0 65032
+4 -3 65032
+3 * 65032 0 65032 1 0 0 1
+4 * 65032 0 65032
+4 * 65032 0 65032
+4 * 65032 0 65032
+4 +3 65032 0 65032 0 0 1
cfn=(1518)
calls=65032 0xa4e90 1592 
* * 2015899 845376 325142 4 8 0 0 0 0 520225 294
+5 +3 65032 65032
+4 * 65032 65032
+4 * 65032
+4 * 65032 65032
+4 * 65032 65032
+4 * 65032
+4 * 65032 65032
+4 * 65032 0 0 0 0 0 0 0 0 65032 1
+2 +15 65031 65031
+4 +1 65031 65031
+4 * 65031 0 0 0 0 0 0 0 0 65031
+6 -6 65031 0 0 1 0 0 1
+4 +8 65031 0 65031 0 0 223
+4 +1 65031 0 65031
+4 +1 65031 0 65031
+4 +1 65031 0 65031
+4 +3 65031
+7 * 65031 0 0 0 0 0 0 0 0 65031 9
+2 +1 5 0 5
+4 +1 5
+7 * 5 0 0 0 0 0 0 0 0 5 3
-7 * 65026
+7 * 65026 0 0 0 0 0 0 0 0 65026 115
+2 +2 64911 0 64911 0 0 59
+4 +3 64911
+7 * 64911
+3 * 64911
+3 * 64911
+3 * 64911 0 0 1 0 0 1
+4 * 64911
+3 * 64911
+4 * 64911 0 64911
+4 +2 64911
+3 * 64911
+4 * 64911 0 64911 0 0 54
+4 +1 64911 0 64911
+4 * 64911
-46 -3 120
+7 * 120
+3 * 120
+3 * 120
+3 * 120
+4 * 120
+3 * 120
+4 * 120 0 120
+4 +2 120
+3 * 120
+4 * 120 0 120
+4 +1 120 0 120
+4 * 120
+5 -31 111
+7 -1 111 0 111
+6 +1 111
+3 * 111 0 0 0 0 0 0 0 0 111 5

fn=(1504)
0xa6140 4407 295051 0 295051 10 0 0 1
+1 * 295051
+3 * 295051 0 295051
+2 * 295051 0 295051
+2 * 295051 0 295051 0 0 2
+1 * 295051
+4 +7 295051 295051 0 0 3
+4 * 295051
+3 * 295051 0 0 0 0 0 0 0 0 295051
+6 * 295051
+3 * 295051
+3 -6 295051
+4 +9 295051
+3 * 295051 295051
+4 * 295051 0 0 0 0 0 0 0 0 295051 2
+6 +5 295051 295051 0 0 22
+4 * 295051
+4 * 295051 0 0 0 0 0 0 0 0 295051
+6 +4 295051 0 0 2 0 0 1
+4 * 295051 0 0 0 0 0 0 0 0 295051
+2 -1 295051
+4 +1 295051 295051 0 0 3
+7 * 295051 0 0 0 0 0 0 0 0 295051
+2 1895 295051 295051 0 0 3
+6 * 295051
+2 * 295051 0 0 0 0 0 0 0 0 295051
+6 4433 295051 295051
+4 * 295051 0 0 0 0 0 0 0 0 295051 55
+2 +2 751 751
+3 +2 751
+3 +1 751 751 0 0 6
+4 * 751
+4 * 751
+3 * 751 0 0 0 0 0 0 0 0 751 2
+6 +2 751
+3 * 751 0 751
+4 -4 751
+3 +4 751 0 751
+4 * 751 0 751
cfn=(1518)
calls=751 0xa4e90 1592 
* * 16576 6783 2265 0 12 0 0 0 0 3773 21
+5 * 751 751
+4 * 751 751
+4 +4 751
+3 * 751
+3 * 751
+3 * 751 0 751
cfn=(1506) _int_free_create_chunk
calls=751 0xa4f60 +14 
* * 21285 4632 6807 1 679 0 0 0 0 3051 29
-9 * 294300 0 0 2 0 0 1
+3 * 294300
+3 * 294300
+3 * 294300 0 294300
cfn=(1506)
calls=294300 0xa4f60 +14 
* * 5683210 1698443 1502508 13 27 14 6 0 0 818958 4679
+5 +2 295051
+4 -1 295051
+3 +1 295051 295051
+1 -1 295051
+3 +1 295051 295051
+2 * 295051 295051
+2 * 295051 295051
+1 -1 295051
cfn=(1508) _int_free_maybe_trim
calls=295051 0xa5c80 +83 
* * 6678822 2493821 819624 79 12 0 7 0 0 1099387 25170
+42 -28 295051 295051 0 2 2 0 1
+4 * 295051
+4 * 295051
+3 * 295051
+3 * 295051 0 0 0 0 0 0 0 0 295051 2

fn=(1508)
0xa5c80 4528 295051 0 295051 1 0 0 1
+1 * 295051
+3 * 295051
+4 * 295051 295051 0 0 2
+9 * 295051 0 295051
+4 * 295051
+2 +3 295051
+7 * 295051 0 0 0 0 0 0 0 0 295051 34
+6 +2 229438
+7 * 229438 0 229438
+4 * 229438
+3 * 229438
+3 * 229438 0 0 0 0 0 0 0 0 229438 7
fi=(194)
0xa5eb4 607 212659 212659
fe=(195)
+4 4550 212659 212659
+4 * 212659 212659
+9 * 212659 0 0 0 0 0 0 0 0 212659 1
-13 * 65613 65613 0 56 0 0 1
+4 * 65613 65613 0 9 0 0 1
+9 * 65613 0 0 0 0 0 0 0 0 65613 2
+6 * 278272 278272
+1 * 278272 278272
+20 -14 229438 229438
+4 * 229438 229438
+4 * 229438
+4 * 229438 229438 0 0 1
+7 * 229438 0 0 0 0 0 0 0 0 229438 25099
+2 +1 16779 16779
+4 * 16779 16779 0 2 0 0 1
+9 * 16779 0 0 0 0 0 0 0 0 16779
+6 * 16779 16779
+7 * 16779 16779
+4 +13 16779 16779
+1 -13 16779
cfn=(1664) systrim.constprop.0
calls=16779 0xa5bc0 2743 
* * 302562 100814 84 11 9 0 3 0 0 50409 27

fn=(942)
0xa6390 2304 12 0 12 1 0 0 1
+1 * 12
+3 * 12
+4 +20 12 12 0 0 9
+7 -20 12 0 12 0 0 4
+4 * 12
+3 * 12 0 12
+4 * 12
+3 * 12 0 12
+4 +20 12 12 0 0 9
+4 +11 12
+3 * 12 0 0 0 0 0 0 0 0 12
+6 +1 12 12 0 3 9 0 1
+7 * 12 0 0 0 0 0 0 0 0 12
+6 * 9 0 9
+4 * 9 0 9
+4 -11 9 0 9 0 0 4
+4 +35 9 9
+4 +11 9
+4 -10 9 9
+4 * 9
+3 * 9
+4 +1 9
+4 +9 9
+3 * 9 0 0 0 0 0 0 0 0 9 2
+2 * 1
+3 * 1 0 0 0 0 0 0 0 0 1 1
+6 * 8
+4 * 8 0 0 1 0 0 0 0 0 8
+6 * 8
+2 * 8 0 0 0 0 0 0 0 0 8
+6 * 8
+4 * 8
+3 * 8 0 0 0 0 0 0 0 0 8
+6 +6 8
+4 * 8 0 8
+4 * 8
+3 * 8 0 0 0 0 0 0 0 0 8
+6 +3 9 0 0 1 0 0 1
+7 * 9
+3 * 9 0 0 0 0 0 0 0 0 9 3
0xa64c6 2698 9 9 0 5 0 0 1
+7 * 9 9
+7 * 9 0 0 0 0 0 0 0 0 9
+2 +1 9 0 9
+7 +5 9 9
+4 * 9
+4 +3 9 9
+4 * 9 0 0 0 0 0 0 0 0 9 2
+6 +5 9
+2 -2 9
+4 +5 9 9
+4 * 9 9
+4 -3 9 0 0 5 0 0 1
+7 -1 9 0 9
+4 +1 9
+3 * 9
+3 -3 9
+3 +3 9
+4 +1 9
+4 -1 9
+3 * 9
+4 * 9 0 9
+4 +1 9 0 9 0 0 9 0 0 9
+4 +2 9
+4 +6 9 9
+4 * 9 9
+4 * 9 9
+4 * 9 9
+1 * 9 9
-13 * 3 3
+4 * 3 3
+4 * 3 3
+4 * 3 3
+1 * 3 3
+7 2337 3 3 0 1 0 0 1
+6 * 3 3
+6 * 3 0 0 0 0 0 0 0 0 3
+6 +3 3 3
+7 * 3
+4 * 3
+3 * 3 0 0 0 0 0 0 0 0 3
+6 +8 3
+2 * 3
+3 * 3
+3 * 3 0 3 0 0 2
cfn=(1720) sysmalloc_mmap
calls=3 0xa5a50 2244 
* * 386 81 68 14 5 9 12 0 2 52 20 1 1
+5 +1 3
+4 * 3 0 0 0 0 0 0 0 0 3 2
0xa6650 +92 9 9 0 2 0 0 1
+7 * 9
+5 +9 9
+2 * 9 9
+4 * 9
+4 * 9
+3 +10 9 9
+8 * 9 0 0 0 0 0 0 0 0 9
+6 +7 9
+3 * 9
+5 * 9 0 0 3 0 0 1
+3 * 9
+3 * 9
+3 +8 9
+3 * 9 0 0 0 0 0 0 0 0 9 1
0xa6780 2653 1 0 0 1 0 0 1
+3 -1 1 0 1
+7 +1 1
+3 * 1
+4 * 1 0 1 0 0 1 0 0 1
+4 +1 1 0 1
+7 +11 1
+3 * 1 0 0 0 0 0 0 0 0 1 1
+97 +38 1 0 0 1 0 0 1
+4 * 1 0 1
+4 * 1
0xa69f8 2504 9 0 9 1 0 1 1
+4 -27 9
+3 * 9 0 9 2 0 0 1
+4 * 9 0 9 0 0 3
cfi=(267) /usr/src/debug/glibc/glibc/malloc/morecore.c
cfn=(944) __glibc_morecore
calls=9 0xa5b90 25 
* * 432 104 57 20 25 8 7 1 0 65 4
+6 +1 9 9
+4 * 9 9
+4 * 9
+3 -1 9
+3 +1 9 0 0 0 0 0 0 0 0 9 1
+2 1912 9 9
+7 * 9 0 0 0 0 0 0 0 0 9 1
+80 2480 9 0 0 3 0 0 1
+1 +3 9
+3 * 9 0 0 0 0 0 0 0 0 9
+6 +38 9 9 0 5 0 0 1
+8 * 9 0 0 0 0 0 0 0 0 9 7
+6 +2 9 9
+7 * 9
+3 * 9 0 9
+7 +6 9
+3 * 9 0 0 0 0 0 0 0 0 9 1
+6 +1 8
+3 2703 8 8
+7 2530 8
+4 * 8 0 8
+4 * 8
0xa6b40 -8 1 0 1 1 0 0 1
+7 * 1
+75 +10 1 0 0 1 0 0 1
+2 * 1 0 0 0 0 0 0 0 0 1 1
+74 * 1 0 0 1 0 0 1
+3 * 1 0 0 0 0 0 0 0 0 1 1
+32 +40 1 0 0 1 0 0 1
+3 * 1
+3 * 1 0 0 0 0 0 0 0 0 1
+25 +22 1
+4 * 1
+3 +1 1
+5 * 1
+3 * 1
+3 * 1
+3 +2 1
+3 * 1 0 0 0 0 0 0 0 0 1
+6 * 1 0 1 1 0 0 1
+4 +1 1
+3 * 1 0 1
cfi=(267)
cfn=(944)
calls=1 0xa5b90 25 
* * 27 8 3 0 0 0 0 0 0 4 2
+6 +12 1 1
+4 * 1
+3 -12 1
+3 +12 1 0 0 0 0 0 0 0 0 1
+6 1912 1 1
+7 * 1 0 0 0 0 0 0 0 0 1 1
+83 2559 1 1 0 1 0 0 1
+4 * 1
+71 +1 1 0 1
+4 +12 1
+3 * 1
+25 +41 1 1 0 1 0 0 1
+6 -84 1
+5 * 1
+3 * 1

fn=(1720)
0xa5a50 2244 3 0 3 1 0 0 1
+1 +4 3
+2 * 3
+3 * 3
+6 * 3
+3 -4 3
+3 * 3 0 3 0 0 2
+2 * 3
+3 +4 3
+5 -4 3 0 3
+2 +2 3
+5 * 3
+3 +2 3
+2 -4 3 0 3 0 0 1
+1 +2 3
+3 +2 3
+3 -4 3 0 0 1 0 0 1
+4 +4 3 0 3
cfi=(353)
cfn=(1722)
calls=3 0x119430 47 
* * 78 12 9 3 0 0 3 0 0 12 4
+5 * 3
+3 +3 3
+4 * 3 0 0 0 0 0 0 0 0 3
+2 +2 3
+3 * 3 0 0 0 0 0 0 0 0 3 2
+29 1448 3 0 3 0 0 3 0 0 2
+3 +1 3
+5 2261 3
+5 1449 3 0 0 1 0 0 1
+4 * 3 0 3
+4 2261 3 3 3 0 0 0 0 0 0 3
+8 * 3
+7 * 3
+3 +1 3 3
+3 * 3
+2 * 3 0 0 0 0 0 0 0 0 3 1
+2 * 2 0 2
+8 * 2 0 0 0 0 0 0 0 0 2 2
+2 +3 3
+3 * 3 3 3 0 0 0 0 0 0 3
+9 * 3
+3 +1 3 3
+4 * 3
+3 * 3 0 0 0 0 0 0 0 0 3 1
+2 * 3 0 3
+9 * 3 0 0 0 0 0 0 0 0 3
+2 +4 3
+4 +1 3
+4 * 3
+3 * 3 3
+1 * 3 3
+2 * 3 3
+2 * 3 3
+1 * 3 3
+3 1912 3 3 0 1 0 0 1
+7 * 3 0 0 0 0 0 0 0 0 3 2
+67 2256 3 0 0 1 0 0 1
+7 * 3
+3 * 3
+3 * 3 0 3
cfi=(354) /usr/src/debug/glibc/glibc/misc/../sysdeps/unix/sysv/linux/setvmaname.c
cfn=(1724) __set_vma_name
calls=3 0x11db80 60 
* * 130 39 24 6 5 3 4 0 0 14 8 1 1
+5 1448 3
+2 * 3

fn=(1402) free
0xa9080 3319 360608 0 0 2 0 0 1
+4 +3 360608
+3 * 360608 0 0 0 0 0 0 0 0 360608 8

ob=(6)
fl=(205)
fn=(700)
fi=(207)
0x4444 831 1
+7 * 1 0 0 0 0 0 0 0 0 1 1
+6 +2 1
+7 * 1 0 0 0 0 0 0 0 0 1 1
+6 +2 1
+2 * 1 0 0 0 0 0 0 0 0 1
+2 92 1 0 1
+7 837 1
+7 * 1 0 0 0 0 0 0 0 0 1 1
+6 +2 1
+7 * 1 0 0 1 0 0 1 0 0 1 1
+6 +2 1
+3 * 1 0 0 0 0 0 0 0 0 1
+2 +2 1
+7 * 1 0 0 0 0 0 0 0 0 1
+2 92 1 0 1
+7 845 1
+7 * 1 0 0 0 0 0 0 0 0 1
+2 92 1 0 1
+7 847 1
+7 * 1 0 0 0 0 0 0 0 0 1 1
+6 +5 1
+4 * 1 0 0 0 0 0 0 0 0 1
+6 +4 1 0 0 1 0 0 1
+5 * 1
+2 * 1
+2 * 1
+3 * 1
+3 +1 1
+3 * 1 0 0 0 0 0 0 0 0 1
+2 92 1 0 1
+7 859 1
+4 * 1 0 0 0 0 0 0 0 0 1
+6 +2 1
+4 * 1 0 0 0 0 0 0 0 0 1
+6 +2 1
+7 * 1 0 0 0 0 0 0 0 0 1
+6 +2 1
+3 * 1 0 0 0 0 0 0 0 0 1 1
+2 +2 1 0 0 1 0 0 1
+4 * 1 0 0 0 0 0 0 0 0 1
+2 92 1 0 1
+7 869 1
+7 * 1 0 0 0 0 0 0 0 0 1
+6 +2 1
+7 * 1 0 0 0 0 0 0 0 0 1
+6 +3 1
+7 * 1 0 0 0 0 0 0 0 0 1
+2 92 1 0 1
+7 876 1
+4 * 1 0 0 1 0 0 1 0 0 1
+6 +2 1
+7 * 1 0 0 0 0 0 0 0 0 1 1
+6 +2 1
+7 * 1 0 0 0 0 0 0 0 0 1
+6 +2 1
+7 * 1 0 0 0 0 0 0 0 0 1
+6 +2 1
+7 * 1 0 0 0 0 0 0 0 0 1
+6 +2 1
+7 * 1 0 0 1 0 0 1 0 0 1
+6 +3 1
+4 * 1 0 0 0 0 0 0 0 0 1
+6 +2 1
+7 * 1 0 0 0 0 0 0 0 0 1
+6 +2 1
+7 * 1 0 0 0 0 0 0 0 0 1
+6 +2 1
+7 * 1 0 0 0 0 0 0 0 0 1
+6 +2 1
+7 * 1 0 0 0 0 0 0 0 0 1
+6 +2 1 0 0 1 0 0 1
+7 * 1 0 0 0 0 0 0 0 0 1
+6 +2 1
+7 * 1 0 0 0 0 0 0 0 0 1
+6 +2 1
+4 * 1 0 0 0 0 0 0 0 0 1 1
+6 +2 1
+4 * 1 0 0 0 0 0 0 0 0 1
+6 +4 1
+3 * 1 0 0 0 0 0 0 0 0 1
+6 +2 1
+6 * 1 0 0 1 0 0 1 0 0 1 1
+6 +2 1
+6 * 1 0 0 0 0 0 0 0 0 1
+6 +2 1
+6 * 1 0 0 0 0 0 0 0 0 1
+6 +2 1
+3 * 1 0 0 0 0 0 0 0 0 1
+6 +2 1
+3 * 1 0 0 0 0 0 0 0 0 1 1
+38 +9 1 0 0 1 0 0 1
+3 * 1 0 0 0 0 0 0 0 0 1 1
0x4708 +30 1 0 0 1 0 0 1
+2 * 1 0 0 0 0 0 0 0 0 1 1
0x47e8 +58 1 0 0 1 0 0 1
+4 * 1 0 0 0 0 0 0 0 0 1
+2 +2 1
+5 * 1
+5 * 1
+2 +1 1
+2 * 1 0 0 1 0 0 1 0 0 1
+6 +2 1
+2 * 1 0 0 0 0 0 0 0 0 1
+6 +2 1
+2 * 1 0 0 0 0 0 0 0 0 1
+6 +5 1
+4 * 1 0 0 0 0 0 0 0 0 1 1
+52 +69 1 0 0 1 0 0 1
+5 * 1
+2 * 1
+3 +4 1
+5 * 1 0 0 0 0 0 0 0 0 1
+6 +2 1
+5 * 1
+2 +2 1
+3 * 1 0 0 0 0 0 0 0 0 1 1
+9 +2 1
+3 * 1 0 0 0 0 0 0 0 0 1 1
+6 +2 1
+2 * 1
+3 * 1 0 0 1 0 0 1 0 0 1 1
+6 +2 1
+3 * 1 0 0 0 0 0 0 0 0 1
+6 +2 1
+6 * 1 0 0 0 0 0 0 0 0 1
+6 +2 1
+2 * 1 0 0 0 0 0 0 0 0 1 1
+6 +2 1
+3 * 1 0 0 0 0 0 0 0 0 1
+6 +2 1
+6 * 1 0 0 0 0 0 0 0 0 1
+6 +3 1
+6 * 1 0 0 1 0 0 1 0 0 1 1
+6 +2 1
+6 * 1 0 0 0 0 0 0 0 0 1
+6 +2 1
+2 * 1 0 0 0 0 0 0 0 0 1
+6 +3 1
+3 * 1 0 0 0 0 0 0 0 0 1
+2 +2 1
+6 * 1 0 0 0 0 0 0 0 0 1
+9 +2 1
+3 * 1 0 0 0 0 0 0 0 0 1
+6 +5 1
+7 * 1 0 0 0 0 0 0 0 0 1
+2 +2 1 0 0 1 0 0 1
+5 * 1
+2 * 1
+3 +1 1
+3 * 1 0 0 0 0 0 0 0 0 1
+6 +2 1
+7 * 1 0 0 0 0 0 0 0 0 1
+6 +4 1
+7 * 1 0 0 0 0 0 0 0 0 1
+6 +61 1
+7 * 1 0 0 0 0 0 0 0 0 1 1
+52 +16 1 0 1 1 0 0 1
+2 75 1 1
+2 1265 1
+5 * 1 0 0 0 0 0 0 0 0 1
+2 66 1 1
+3 1266 1
+3 * 1 0 0 0 0 0 0 0 0 1 1
+6 -93 1 1
+4 * 1 1
+4 * 1
+2 * 1 1
+4 * 1 1
fe=(205)
+4 62 1
+13 +2 1 1
+4 * 1 1
+1 * 1 1
fi=(207)
+4 784 1 0 0 1 0 0 1
+2 * 1
+3 +3 1
+2 * 1
+2 * 1
+3 * 1 0 0 0 0 0 0 0 0 1 1
+12 +7 1
+2 * 1 0 0 1 0 0 1
+3 * 1
+2 * 1
+6 * 1
+4 +2 1
+3 -1 1
+3 * 1 0 1
+3 * 1
+5 1211 1
+4 * 1 0 0 0 0 0 0 0 0 1
+6 +5 1
+4 * 1 0 0 0 0 0 0 0 0 1 1
+6 776 1
+5 * 1
+5 101 1 0 1
+6 * 1 0 0 1 0 0 1
+5 * 1 0 1
+6 * 1
+5 * 1 0 1
+6 * 1
+5 * 1 0 1
+7 * 1
+5 * 1 0 1
+4 * 1
+5 * 1 0 1
+6 * 1
+5 * 1 0 1 1 0 0 1
+6 * 1
+5 776 1
+3 * 1
0x4c31 1217 1 1 0 1 0 0 1
+3 * 1 1
+3 364 1
+6 * 1 0 0 1 0 0 1 0 0 1
+6 * 1
+3 * 1 0 0 0 0 0 0 0 0 1 1
0x4f6d 791 1 0 0 1 0 0 1
+2 * 1
+3 -2 1
+6 +2 1
+2 * 1
+3 * 1 0 0 1 0 0 1
+4 * 1
+18 1271 1
+2 101 1 0 1
+7 1271 1
+2 * 1
+6 * 1 0 0 0 0 0 0 0 0 1
+6 +1 1
+2 * 1
+2 * 1
+6 * 1 0 0 0 0 0 0 0 0 1
+6 101 1 1
+3 * 1
+2 * 1 0 0 1 0 0 1
+3 * 1 0 1
+3 1281 1
+2 * 1
+2 * 1
+6 * 1 0 0 0 0 0 0 0 0 1
+6 +1 1
+2 * 1
+5 * 1 0 0 0 0 0 0 0 0 1
+6 101 1
+2 * 1
+2 * 1
+2 * 1
+3 * 1
+3 * 1
+6 * 1
+3 * 1 0 1
+3 * 1
+28 * 1 0 1
+6 * 1
+5 * 1 0 1 1 0 0 1
+6 * 1
+51 * 1 0 1 1 0 0 1
+6 * 1
+68 * 1 0 1 1 0 0 1
+4 * 1
+16 * 1 0 1
+6 * 1
+25 * 1 0 1 1 0 0 1
+6 * 1
0x5277 364 1 0 0 1 0 0 1
+3 * 1 0 0 0 0 0 0 0 0 1 1
0x53bf * 1 0 0 1 0 0 1
+3 * 1
+3 * 1 0 0 0 0 0 0 0 0 1
+6 * 1
+5 * 1
+3 * 1
+5 * 1 0 0 0 0 0 0 0 0 1 1
0x54f9 +99 1 0 0 1 0 0 1
+10 * 1 0 1
+4 +2 1
fe=(205)

fl=(392) /usr/src/debug/gcc/gcc/libgcc/unwind-dw2-fde.c
fn=(2064) release_registered_frames
0x42a0 58 1 0 0 1 0 0 1
+4 * 1 0 1
+1 +3 1
+7 -3 1
+3 +3 1 0 1
cfi=(393) /usr/src/debug/gcc/gcc/libgcc/unwind-dw2-btree.h
cfn=(2066) btree_destroy
calls=1 -95 354 
* * 16 6 4 1 1 0 1 0 0 3 3
+5 +1 1
+7 * 1 0 1
cfi=(393)
cfn=(2066)
calls=1 0x4250 354 
* * 16 6 4 0 0 0 0 0 0 3 2
+5 +1 1 0 1 1
+7 +1 1 1
+1 * 1 1

fl=(208) ???
fn=(2068) 0x00000000000055b0
0x55b0 0 1 0 0 1
+4 0 1 1 0 0 1
+7 0 1 0 0 0 0 0 0 0 0 1
+2 0 1 0 1
+1 0 1 1 0 1 1 0 1
+8 0 1
+3 0 1 0 0 0 0 0 0 0 0 1
+2 0 1 1
+7 0 1 1 1 0 0 0 0 0 0 0 0 1 1
cob=(2)
cfi=(383)
cfn=(1954)
calls=1 0x40960 45 
* 0 99 22 12 0 0 0 0 0 0 23 2
+6 0 1 0 1
cfn=(2076) 0x0000000000005540
calls=1 0x5540 0 
* 0 5 1 0 1 0 0 0 0 0 1
+5 0 1 0 1
+7 0 1 1
+1 0 1 1

fn=(2076)
0x5540 0 1 0 0 1
+7 0 1
+7 0 1
+3 0 1 0 0 0 0 0 0 0 0 1
+23 0 1 1

fn=(706) 0x0000000000005600
0x5570 0 1 0 0 1 0 0 1
+7 0 1
+7 0 1 0 0 1 0 0 1
+3 0 1
+3 0 1
+4 0 1
+4 0 1
+3 0 1
+3 0 1 0 0 0 0 0 0 0 0 1 1
+22 0 1 1
+88 0 1 0 0 1 0 0 1
+4 0 1

fl=(393)
fn=(2066)
0x4250 354 2 0 2 1 0 0 1
+1 +3 2
+2 -3 2
+3 * 2 0 2
+2 * 2
+3 * 2 0 2
+1 +3 2 2 2 0 1 0 0 0 0 2 1
+3 +1 2
+3 * 2 0 0 0 0 0 0 0 0 2 2
+2 +4 2 2
+5 * 2
+3 * 2 0 0 0 0 0 0 0 0 2 2
+27 +6 2 2
+1 * 2 2
+2 * 2 2
+1 * 2 2

ob=(4)
fl=(198)
fn=(712) 0x0000000004b5b000
0x4b5b000 0 1 0 0 1 0 0 1
+4 0 1
+4 0 1 1 0 0 1
+7 0 1
+3 0 1 0 0 0 0 0 0 0 0 1
+4 0 1
+4 0 1 1

fn=(696) 0x0000000004c82000
0x4c82000 0 1 0 0 1 0 0 1
+4 0 1
+4 0 1 1 0 0 1
+7 0 1
+3 0 1 0 0 0 0 0 0 0 0 1 1
+4 0 1
+4 0 1 1

fn=(812) 0x0000000004ccf250
0x4ccf250 0 98245 0 0 3 0 0 1
+4 0 98245 98245 0 0 6 0 0 0 0 0 0 98245 3
cob=(2)
cfi=(240) /usr/src/debug/glibc/glibc/string/../sysdeps/x86_64/multiarch/strlen-avx2.S
cfn=(814) __strlen_avx2
calls=98245 0x174d40 52 
* 0 1375430 196490 0 1 12 0 1 7 0 196490 7

fn=(674) 0x0000000004849000
0x4849000 0 1 0 0 1 0 0 1
+4 0 1
+4 0 1 1
+7 0 1
+3 0 1 0 0 0 0 0 0 0 0 1 1
+4 0 1
+4 0 1 1

fn=(688) 0x0000000004ccf330
0x4ccf330 0 1 0 0 1 0 0 1
+4 0 1 1 0 0 1 0 0 0 0 0 0 1 1
cob=(2)
cfi=(202)
cfn=(690)
calls=1 0x176bf0 53 
* 0 22 2 0 2 1 0 2 0 0 3

fn=(1138) 0x0000000004ccf340
0x4ccf340 0 2 0 0 1 0 0 1
+4 0 2 2 0 0 1 0 0 0 0 0 0 2 1
cob=(2)
cfi=(302) /usr/src/debug/glibc/glibc/string/../sysdeps/x86_64/multiarch/strchr-avx2.S
cfn=(1140) __strchr_avx2
calls=2 0x174160 53 
* 0 42 6 0 4 1 0 2 1 0 6 2

fn=(2082) 0x0000000004ca4f88
0x4ca4f88 0 1 0 0 1 0 0 1
+4 0 1
+4 0 1
+4 0 1 1

fn=(722) 0x0000000004912000
0x4912000 0 1 0 0 1 0 0 1
+4 0 1
+4 0 1 1 0 0 1
+7 0 1
+3 0 1 0 0 0 0 0 0 0 0 1
+4 0 1
+4 0 1 1

fn=(2042) 0x0000000004a94e84
0x4a94e84 0 1 0 0 1 0 0 1
+4 0 1
+4 0 1
+4 0 1 1

fn=(930) 0x0000000004ccf2f0
0x4ccf2f0 0 1 0 0 1 0 0 1
+4 0 1 1 0 0 0 0 0 0 0 0 0 1 1
cob=(2)
cfi=(265)
cfn=(932)
calls=1 0x175e20 206 
* 0 25 5 0 2 1 0 2 0 0 4 1

fn=(1820)
0x4ccf2a0 0 65280 0 0 1 0 0 1
+4 0 65280 65280 0 0 1 0 0 0 0 0 0 65280 1
cob=(2)
cfi=(302)
cfn=(1822) __strchrnul_avx2
calls=65280 0x1743a0 53 
* 0 1240320 130560 0 2 0 0 2 0 0 130560

fn=(1986) 0x0000000004849274
0x4849274 0 1 0 0 1 0 0 1
+4 0 1
+4 0 1
+4 0 1 1 0 1 0 0 1

fn=(1000) 0x0000000004002000
0x4002000 0 1 0 0 1 0 0 1
+4 0 1
+4 0 1 1
+7 0 1
+3 0 1 0 0 0 0 0 0 0 0 1 1
+4 0 1
+4 0 1 1

fn=(2062) 0x0000000004bf3510
0x4bf3510 0 1 0 0 1 0 0 1
+4 0 1
+4 0 1
+4 0 1 1

fn=(1968) 0x0000000004005d4c
0x4005d4c 0 1 0 0 1
+4 0 1
+4 0 1
+4 0 1 1

ob=(2)
fl=(195)
fn=(1402)
0xa908d 3337 360608
+4 * 360608 0 0 0 0 0 0 0 0 360608 192
+6 -4 360608 360608 0 0 30
+4 * 360608
+3 * 360608
+4 +8 360608 360608 0 0 4
+7 * 360608
+4 * 360608 0 0 0 0 0 0 0 0 360608 291
+2 +6 65554 65554
+7 * 65554 65554 0 0 1
+4 * 65554 0 0 0 0 0 0 0 0 65554 1
+6 +6 65554 65554 0 2 5 0 1
+7 -3 65554
+4 * 65554
+3 +3 65554 65554 0 0 4
+4 -3 65554
+4 +1 65554
+7 * 65554 0 0 0 0 0 0 0 0 65554 2
+2 +2 65554 65554 0 0 10 0 0 1
+5 * 65554
+3 * 65554 0 0 0 0 0 0 0 0 65554 1
+2 3007 65553
+3 +8 65553
+3 -12 65553 0 65553
+4 +4 65553
+4 * 65553 65553 0 0 9
+8 * 65553 0 65553
+3 * 65553 0 65553
+8 +8 65553 0 65553
+5 3354 65553 65553
+7 +10 1 0 0 1 0 0 1
+7 * 1
+3 * 1 0 0 0 0 0 0 0 0 1 1
+6 -34 295054 0 0 1
+4 +40 295054
+3 * 295054 0 0 0 0 0 0 0 0 295054
fi=(194)
+6 151 295054
+4 * 295054
+7 * 295054 0 0 0 0 0 0 0 0 295054 7
fe=(195)
+14 3374 295054 0 0 10 0 0 1
+2 * 295054
+3 * 295054
cfn=(1502)
calls=295054 0xa6290 4351 
* * 30703016 9812703 4988943 119 794 23 24 0 0 4876457 29973
0xa920f -9 1 0 0 1 0 0 1
cfn=(1404) tcache_free_init
calls=1 0xa92e0 -53 
* * 292 41 61 8 2 12 5 0 12 42 12 1 1

fn=(1403) free'2
0xa9080 3319 1
+4 +3 1
+3 * 1 0 0 0 0 0 0 0 0 1
+6 +15 1
+4 * 1 0 0 0 0 0 0 0 0 1
+6 -4 1 1
+4 * 1
+3 * 1
+4 +8 1 1
+7 * 1
+4 * 1 0 0 0 0 0 0 0 0 1
+2 +6 1 1
+7 * 1 1
+4 * 1 0 0 0 0 0 0 0 0 1
+6 +6 1 1
+7 -3 1
+4 * 1
+3 +3 1 1
+4 -3 1
+4 +1 1
+7 * 1 0 0 0 0 0 0 0 0 1
+2 +2 1 1
+5 * 1
+3 * 1 0 0 0 0 0 0 0 0 1
+2 3007 1
+3 +8 1
+3 -12 1 0 1
+4 +4 1
+4 * 1 1
+8 * 1 0 1
+3 * 1 0 1
+8 +8 1 0 1
+5 3354 1 1

fn=(936)
0xa8b30 3283 360609 0 0 1 0 0 1
+4 1269 360609
+3 * 360609 0 0 0 0 0 0 0 0 360609 3
+2 +19 360609
+4 3287 360609 360609 0 1 2 0 1 1
+7 1288 360609
+4 * 360609 0 0 0 0 0 0 0 0 360609 2
+2 * 360608
+4 3287 360608
+3 * 360608 0 0 0 0 0 0 0 0 360608 30
+2 +2 65553
+3 * 65553
+4 * 65553
+4 +2 65553
+4 * 65553 0 0 0 0 0 0 0 0 65553
+2 +2 65554 65554 0 0 5
+7 * 65554
+4 * 65554 65554 0 0 5
+4 * 65554 65554 0 0 16 0 0 2
+5 * 65554
+3 * 65554 0 0 0 0 0 0 0 0 65554 9
+2 3030 65543
+2 * 65543 0 0 0 0 0 0 0 0 65543
+6 +4 65543
+3 * 65543
+4 * 65543 65543 0 0 13
+3 * 65543 0 65543
+5 +4 65543 0 65543 0 0 5
+5 +1 65543 0 65543
+8 3294 65543 65543
+7 -7 1
+4 * 1 0 0 0 0 0 0 0 0 1 1
+2 +19 295066 0 0 1 0 0 1
cfn=(938)
calls=295066 0xa7b40 -59 
* * 53913869 8092223 5169378 694 205 951 84 1 539 10419869 130453 1 1
+10 -17 1
+2 * 1

fn=(1728)
0xa47f0 2799 3 0 3 2 0 0 1
+1 +3 3 3
+4 -3 3
+3 +3 3
+2 * 3 0 0 0 0 0 0 0 0 3
+2 1426 3 3
+3 +7 3 0 0 2 0 0 1
+3 +7 3
+4 2804 3
+4 1426 3
+4 +7 3
+3 +7 3
+3 2800 3 3 0 0 2
+7 1440 3
+4 2812 3 3 0 0 1
+4 * 3
+3 * 3
+3 * 3
+4 +1 3
+3 -1 3
+3 +1 3
+4 * 3
+3 * 3
+3 * 3 0 0 0 0 0 0 0 0 3
+2 +3 3 3 3 1 0 0 1 0 0 3
+8 +1 3
+7 * 3
+3 * 3 3 3 0 0 0 0 0 0 3 3
+8 +6 3 3
+1 -1 3
+3 * 3
cfi=(355) /usr/src/debug/glibc/glibc/misc/../sysdeps/unix/syscall-template.S
cfn=(1730) munmap
calls=3 0x119dd0 117 
* * 18 3 0 2 0 0 1 0 0 3 3

fn=(1404)
0xa92e0 3312 1 0 1 1 0 0 1
+1 2941 1
+7 3312 1
+3 * 1 0 1
+1 * 1
+3 * 1
+4 2941 1 1
+7 * 1 0 1
+4 3210 1 1 0 1 0 0 1
+8 * 1 0 0 0 0 0 0 0 0 1
+2 +4 1
+2 * 1 0 1
cfn=(1406)
calls=1 0xa7d00 -8 
* * 243 28 53 6 2 12 3 0 12 35 12 1 1
+5 3314 1
+3 +1 1 1
+4 * 1 1
+1 -1 1
cfn=(1403)
calls=1 0xa9080 +5 
* * 33 9 4 0 0 0 0 0 0 6

fn=(1518)
0xa4e90 1592 130681 0 130681 6 0 0 1
+1 +2 130681 130681
+4 * 130681
+3 * 130681
+4 -2 130681
+3 +2 130681 130681 0 0 4
+4 * 130681 0 0 0 0 0 0 0 0 130681
+6 +3 130681 130681 0 0 6
+4 +3 130681 130681 0 0 10
+4 * 130681 0 0 0 0 0 0 0 0 130681
+2 -2 130681 130681
+4 +2 130681 130681 0 0 5
+4 * 130681 0 0 0 0 0 0 0 0 130681 14
+2 +3 130681 0 130681 5 0 0 1
+4 +1 130681 0 130681
+4 +1 130681
+7 * 130681 0 0 0 0 0 0 0 0 130681 127
+2 * 130562 130562 0 0 4
+4 * 130562
+3 * 130562 0 0 0 0 0 0 0 0 130562 1577
+2 +2 66793 66793
+4 * 66793 0 0 0 0 0 0 0 0 66793
+2 +1 66793 66793
+4 * 66793 66793
+4 * 66793 0 0 0 0 0 0 0 0 66793
+2 +3 66793 66793
+5 * 66793 0 0 0 0 0 0 0 0 66793 501
+2 +14 66793 0 66793
+4 +1 66793 0 66793
+4 +3 66793 66793
+1 * 66793 66793
-1 * 63888 63888
+1 * 63888 63888

fn=(1664)
0xa5bc0 2743 16779 16779 0 2 0 0 1
+7 * 16779 16779
+4 * 16779
+4 +2 16779
+4 +1 16779
+3 * 16779 0 0 0 0 0 0 0 0 16779
+2 +4 16779 16779
+7 +1 16779
+3 -1 16779
+3 * 16779 0 0 0 0 0 0 0 0 16779
+2 +3 16779 16779 0 0 2
+7 * 16779 16779 0 0 2
+4 * 16779
+3 * 16779
+3 +2 16779
+3 * 16779 0 0 0 0 0 0 0 0 16779 6
+2 -8 16775
+2 +48 16775 16775
+1 -61 4 0 4 2 0 0 1
+1 +28 4
+2 -28 4
+3 * 4
+4 +28 4 0 4
+4 * 4 0 4
+4 * 4 0 4
cfi=(267)
cfn=(944)
calls=4 0xa5b90 25 
* * 108 32 12 1 5 0 0 0 0 16 9
+6 * 4
+3 +1 4 4
+4 * 4 4
+7 * 4
+3 * 4 0 0 0 0 0 0 0 0 4 2
+7 +12 4 4
+4 * 4 0 4
+4 * 4
+3 * 4 0 4 1 0 0 1
cfi=(267)
cfn=(944)
calls=4 0xa5b90 25 
* * 196 44 24 5 0 0 0 0 0 28 6
+6 +1 4
+2 * 4 0 4
cfi=(267)
cfn=(944)
calls=4 0xa5b90 25 
* * 108 32 12 0 0 0 0 0 0 16 4
+6 +2 4 4
+4 * 4
+1 +2 4
+3 * 4 0 0 0 0 0 0 0 0 4
+2 +4 4 4
+4 * 4 4
+4 * 4
+3 * 4 0 0 0 0 0 0 0 0 4
+2 +4 4 4
+7 * 4
+3 -1 4 0 4
+7 +1 4
+4 * 4 0 4
+4 +2 4
+5 +5 4 4
+1 * 4 4

fn=(1506)
0xa4f60 4458 295051 295051 0 2 0 0 1
+4 * 295051 0 0 0 0 0 0 0 0 295051 2826
+6 -1 66055 0 66055
+1 * 66055
+3 * 66055
+3 * 66055
+3 * 66055
+4 +7 66055 66055 0 0 697
+6 * 66055 0 0 0 0 0 0 0 0 66055 78
+2 +4 1267 0 1267 1 0 0 1
+5 +4 1267
+6 * 1267 0 0 0 0 0 0 0 0 1267
+2 +9 66055 66055 0 1
+4 -1 66055
+4 +2 66055 66055
+4 * 66055 0 0 0 0 0 0 0 0 66055
+6 +2 66055
+4 * 66055 0 66055 0 0 14
+4 +22 66055
+3 -5 66055 0 66055
+4 +5 66055
+4 -4 66055 0 66055
+4 +1 66055 0 66055
+4 +1 66055 0 66055
+4 +2 66055 0 66055 1 0 0 1
+4 +1 66055 0 66055
+4 +15 66055 66055
+1 * 66055 66055
+9 * 64788 0 64788 1
+4 -57 64788
+3 * 64788 0 64788
+4 * 64788 0 64788
+4 * 64788 0 64788
+4 * 64788 0 64788
cfn=(1518)
calls=64788 0xa4e90 1592 
* * 1439895 589601 197676 6 9 0 2 0 0 328793 1800
+5 +1 64788 64788
+4 * 64788 64788
+4 * 64788 64788
+4 * 64788 64788
+4 +6 64788
+6 * 64788 0 0 0 0 0 0 0 0 64788 4
+66 +43 228996 0 0 2 0 0 1
+4 +1 228996
+3 * 228996
+4 * 228996 0 228996
+4 +1 228996 0 228996
+4 +5 228996 228996

fl=(367) /usr/src/debug/glibc/glibc/stdlib/../sysdeps/x86_64/rshift.S
fn=(1834) __mpn_rshift
0x566d0 28 36460 0 0 1 0 0 1
+4 +1 36460
+2 +1 36460
+3 +1 36460 0 0 0 0 0 0 0 0 36460 8
+36 +13 36460
+3 +1 36460 0 0 1 0 0 1 0 0 36460 8
+42 +16 36460 0 0 0 0 0 0 0 0 36460
+2 +1 36460 36460
+3 +1 36460 36460
+4 +1 36460
+2 +1 36460
+4 +1 36460
+4 +1 36460 0 0 0 0 0 0 0 0 36460 6
+16 +5 36460 0 0 1 0 0 1
+4 +1 36460 0 36460
+3 +1 36460
+3 +1 36460 0 36460
+4 +1 36460 36460

fl=(268) /usr/src/debug/glibc/glibc/misc/sbrk.c
fn=(946) sbrk
0x11a880 37 22 0 0 3 0 0 1
+4 * 22 0 22
+1 * 22
+3 * 22
+3 * 22
+4 +6 22 22 0 0 10
+7 * 22 0 0 0 0 0 0 0 0 22 10
+42 -3 22 22 0 4 9 0 1
+7 * 22 22 0 0 11 0 0 1
+3 +18 22
+3 * 22 0 0 0 0 0 0 0 0 22 3
+2 +4 22
+3 * 22 0 0 0 0 0 0 0 0 22 6
+2 +4 13 0 0 0 0 0 0 0 0 13 2
+2 +1 9
+4 -1 9
+3 * 9 0 0 0 0 0 0 0 0 9
+2 * 13 0 13 0 0 1
+4 +8 13 0 13 0 0 3
cfi=(269) /usr/src/debug/glibc/glibc/misc/../sysdeps/unix/sysv/linux/brk.c
cfn=(948) brk
calls=13 0x111df0 -38 
* * 117 26 13 10 0 0 0 0 0 13
+5 -24 13 13
+4 * 13
+2 * 13
+7 * 13
+4 +28 13 13
+1 * 13
+3 * 13 13
-4 * 9 9
+1 * 9
+3 * 9 9
+3 -10 4 0 0 2
+3 * 4
+3 -2 4
+3 * 4 0 0 0 0 0 0 0 0 4 2
+31 +12 1 0 1 1 0 0 1
+4 -19 1
+2 * 1 0 1
cfi=(269)
cfn=(948)
calls=1 0x111df0 -23 
* * 9 2 1 2 0 0 2 0 0 1
+5 * 1
+2 * 1 0 0 0 0 0 0 0 0 1
+2 +6 1 1
+7 * 1 1 0 1 0 0 1
+4 * 1 1
+3 * 1
+2 * 4 0 0 1
+4 * 4

fl=(137) /usr/src/debug/glibc/glibc/string/../sysdeps/x86_64/multiarch/memmove.c
fn=(458) memmove
0xad070 29 4 0 0 1 0 0 1
fi=(88) /usr/src/debug/glibc/glibc/string/../sysdeps/x86_64/multiarch/ifunc-memmove.h
+4 +27 4 4
+7 +1 4 0 0 1 0 0 1
+7 -1 4 4
+6 +1 4
+3 * 4 0 0 0 0 0 0 0 0 4 2
+5 +3 4 4
+6 * 4
+6 * 4 0 0 0 0 0 0 0 0 4 1
+52 +14 4 0 0 1 0 0 1
+3 * 4 0 0 0 0 0 0 0 0 4 1
+53 +3 4 0 0 1 0 0 1
+2 * 4 0 0 0 0 0 0 0 0 4
+2 +8 4
+6 * 4 0 0 0 0 0 0 0 0 4
+2 +8 4
+3 * 4 0 0 0 0 0 0 0 0 4
+2 +3 4
+6 * 4
+7 * 4
+7 * 4
+4 * 4 4
fe=(137)

fl=(220) /usr/src/debug/glibc/glibc/locale/newlocale.c
fn=(758) newlocale
0x34c40 43 1 0 0 1 0 0 1
+4 * 1 0 1
+1 * 1
+3 * 1 0 1
+2 * 1 0 1
+2 * 1 0 1
+2 * 1 0 1
+2 * 1
+3 * 1 0 1
+1 * 1
+7 * 1 1
+9 * 1 0 1
+4 * 1
+3 +12 1
+3 * 1 0 0 0 0 0 0 0 0 1 1
0x34e75 277 1 1 0 1 0 0 1
+4 * 1 1
+9 * 1 0 0 0 0 0 0 0 0 1
+6 * 1
+4 * 1
+3 * 1 1
+1 * 1 1
+2 * 1 1
+2 * 1 1
+2 * 1 1
+2 * 1 1
+1 * 1 1
+7 63 1 0 0 1 0 0 1
+3 * 1 0 0 0 0 0 0 0 0 1
+6 +3 1
+7 -10 1
+6 +10 1
+3 * 1 0 0 0 0 0 0 0 0 1
+6 +7 1 1 0 1 0 0 1
+5 * 1 0 0 0 0 0 0 0 0 1 1
0x3510c +2 1
+7 * 1
+13 -2 1 1 0 1 0 0 1
+6 * 1 0 0 0 0 0 0 0 0 1 1

fl=(101) /usr/src/debug/glibc/glibc/debug/../sysdeps/x86_64/multiarch/memset_chk.c
fn=(354) __memset_chk
0x129790 29 3 0 0 1 0 0 1
fi=(102) /usr/src/debug/glibc/glibc/debug/../sysdeps/x86_64/multiarch/ifunc-memset.h
+4 +32 3 3
+7 * 3
+7 * 3 3
+6 * 3
+3 * 3 0 0 0 0 0 0 0 0 3
+2 +3 3 3
+6 * 3
+6 * 3 0 0 0 0 0 0 0 0 3
+2 +16 3
+3 * 3 0 0 0 0 0 0 0 0 3
+2 +4 3 0 0 1 0 0 1
+2 * 3
+2 * 3
+5 * 3 0 0 0 0 0 0 0 0 3
+6 +8 3
+3 * 3 0 0 0 0 0 0 0 0 3 2
fe=(101)
+75 -63 3 3 0 1 0 0 1
fi=(102)
+67 +71 3 0 0 1 0 0 1
+3 * 3 0 0 0 0 0 0 0 0 3
+2 -48 3
+7 +1 3
+3 * 3 0 0 0 0 0 0 0 0 3 2
fe=(101)

fl=(236) /usr/src/debug/glibc/glibc/wcsmbs/btowc.c
fn=(802) btowc
0xc1d70 32 256 0 0 1 0 0 1
+4 * 256 0 256
+1 * 256
+3 * 256
+4 +5 256 256 0 1 0 0 1
+9 * 256 0 256
+4 * 256
+6 * 256
+6 * 256 0 0 0 0 0 0 0 0 256
+6 * 256
+2 * 256
+3 * 256 0 0 0 0 0 0 0 0 256
+6 * 256
+2 +5 256
+3 * 256 0 0 0 0 0 0 0 0 256 3
+2 +52 128 128
+4 * 128 128
+9 * 128 0 0 0 0 0 0 0 0 128
+6 * 128 128 0 1 0 0 1
+1 * 128 128
+7 -48 128 128
+7 * 128 128
+4 * 128 128 0 0 1
fi=(398) /usr/src/debug/glibc/glibc/wcsmbs/./wcsmbsload.h
+3 +23 128 128
+4 +1 128 128 0 0 1
+3 * 128
+3 * 128 0 0 0 0 0 0 0 0 128
fe=(236)
+6 -23 128 128 0 0 1
+3 * 128 128 0 0 1
+4 +1 128 128 0 0 1
+4 * 128 0 0 0 0 0 0 0 0 128 3
+15 +4 128 128 0 1 0 0 1
+5 * 128 0 0 0 0 0 0 0 0 128
+2 * 128
+3 * 128 0 0 0 0 0 0 0 0 128
+2 +3 128
+3 * 128 0 128
+4 * 128 0 128
+4 * 128 0 128
+3 * 128 0 128
cfi=(237) /usr/src/debug/glibc/glibc/elf/libc-dl-profstub.c
cfn=(804) _dl_mcount_wrapper_check
calls=128 0x16e490 -15 
* * 640 384 0 1 0 0 1 0 0 128 2
+5 * 128 128
+4 * 128 128
+4 * 128 128
+4 * 128 128
+9 * 128 0 0 0 0 0 0 0 0 128
+6 * 128 128
+4 * 128 128 0 1 0 0 1
+3 +39 128 128
+1 -39 128 0 0 0 0 0 0 0 0 0 0 128 1
cfi=(238) /usr/src/debug/glibc/glibc/iconv/gconv_simple.c
cfn=(806) __gconv_btwoc_ascii
calls=128 0x2ab40 -6 
* * 768 128 0 1 0 0 1

fl=(378) /usr/src/debug/glibc/glibc/stdlib/cxa_thread_atexit_impl.c
fn=(1936) __call_tls_dtors
0x40d00 148 1 0 0 1 0 0 1
+4 * 1 0 1
+1 * 1
+3 * 1 0 1
+2 +1 1 1 0 0 1
+7 -1 1 0 1
+1 +1 1 1
+5 * 1
+3 * 1 0 0 0 0 0 0 0 0 1 1
+69 +16 1 1 0 1 0 0 1
+1 * 1 1
+2 * 1 1
+1 * 1 1

fl=(123) /usr/src/debug/glibc/glibc/wcsmbs/../sysdeps/x86_64/multiarch/wmemchr.c
fn=(416) wmemchr
0xd2440 31 3 0 0 1 0 0 1
fi=(124) /usr/src/debug/glibc/glibc/wcsmbs/../sysdeps/x86_64/multiarch/ifunc-evex.h
+4 +6 3 3
+7 * 3 3
+6 +1 3
+2 * 3
+2 * 3
+6 * 3 0 0 0 0 0 0 0 0 3 2
+13 +1 3 3
+6 * 3
+3 * 3 0 0 0 0 0 0 0 0 3
+2 +4 3
+2 * 3
+2 * 3
+5 * 3 0 0 0 0 0 0 0 0 3
+2 +8 3 0 0 1 0 0 1
+7 * 3
+3 * 3 0 0 0 0 0 0 0 0 3
+2 +3 3
+7 * 3
+3 * 3
+7 * 3
fe=(123)
+4 -23 3 3

fl=(125) /usr/src/debug/glibc/glibc/string/../sysdeps/x86_64/multiarch/strncmp.c
fn=(420) strncmp
0xb0180 67 2 0 0 1 0 0 1
+4 -24 2 2
+7 +1 2 2
+6 * 2
+2 * 2
+6 * 2 0 0 0 0 0 0 0 0 2 2
+43 +23 2
+3 * 2 2
+9 -22 2 2 0 1 0 0 1
+6 * 2
+6 * 2 0 0 0 0 0 0 0 0 2
+2 +4 2 2
+6 * 2
+2 * 2
+6 * 2 0 0 0 0 0 0 0 0 2
+2 +3 2
+7 * 2 2
+7 * 2 0 0 0 0 0 0 0 0 2
+2 +3 2 0 0 1 0 0 1
+6 * 2
+7 * 2 0 0 0 0 0 0 0 0 2
+2 * 2

fl=(135) /usr/src/debug/glibc/glibc/string/../sysdeps/x86_64/multiarch/strlen.c
fn=(450) strlen
0xaff50 29 5 0 0 2 0 0 1
fi=(111) /usr/src/debug/glibc/glibc/string/../sysdeps/x86_64/multiarch/ifunc-avx2.h
+4 +9 5 5 0 0 1
+7 * 5 5 0 0 2
+6 +2 5
+2 * 5
+2 * 5
+6 * 5 0 0 0 0 0 0 0 0 5 3
+13 +1 5 5 0 0 2
+7 * 5 0 0 2 0 0 1 0 0 5
+2 +1 5 5 0 0 1
+6 * 5
+3 * 5 0 0 0 0 0 0 0 0 5
+2 +4 5
+2 * 5
+2 * 5
+5 * 5 0 0 0 0 0 0 0 0 5 1
+2 +3 5
+7 * 5
+3 * 5 0 0 0 0 0 0 0 0 5
+2 +3 5
+3 * 5
+7 * 5
+7 * 5
+4 * 5 5
fe=(135)

fl=(129) /usr/src/debug/glibc/glibc/string/../sysdeps/x86_64/multiarch/strncase_l.c
fn=(430) strncasecmp_l
0xb0070 31 1
fi=(86)
+4 +5 1 1
+7 +1 1 1 0 1 0 0 1
+6 * 1
+2 * 1
+6 * 1 0 0 0 0 0 0 0 0 1 1
fe=(129)
+43 -6 1
+3 * 1 1
fi=(86)
+9 +7 1 1 0 1 0 0 1
+6 * 1
+6 * 1 0 0 0 0 0 0 0 0 1
+2 +4 1 1
+6 * 1
+2 * 1
+6 * 1 0 0 0 0 0 0 0 0 1 1
+2 +3 1
+7 * 1 1
+7 * 1 0 0 0 0 0 0 0 0 1
+2 +3 1
+6 * 1
+7 * 1 0 0 0 0 0 0 0 0 1
+2 * 1
fe=(129)

fl=(118) /usr/src/debug/glibc/glibc/string/../sysdeps/x86_64/multiarch/strchr.c
fn=(402) index
0xae240 65 2 0 0 1 0 0 1
+4 -23 2 2
+7 * 2 2
+6 +2 2 2
+6 -1 2
+2 * 2
+2 * 2
+5 * 2 0 0 0 0 0 0 0 0 2 2
+32 +1 2 0 0 1 0 0 1
+3 * 2 0 0 0 0 0 0 0 0 2
+2 +4 2
+2 * 2
+2 * 2
+5 * 2 0 0 0 0 0 0 0 0 2
+2 +3 2
+7 * 2
+3 * 2 0 0 0 0 0 0 0 0 2
+2 +3 2
+7 * 2
+3 * 2 0 0 0 0 0 0 0 0 2
+2 +11 2 2

fl=(264) /usr/src/debug/glibc/glibc/stdlib/getenv.c
fn=(928) getenv
0x41fc0 25 1 0 0 1 0 0 1
+4 * 1 0 1
+1 * 1
+3 * 1 0 1
+2 * 1 0 1
+2 * 1
+3 * 1 0 1
+2 * 1 0 1
+2 * 1 0 1
+1 * 1
+4 +4 1 1
+7 +13 1 1
+7 * 1 1
+3 +1 1
+3 * 1 0 0 0 0 0 0 0 0 1
+6 * 1 1 0 0 1 0 0 1
+4 * 1 0 0 0 0 0 0 0 0 1
+6 +3 1
+3 * 1 0 1 1 0 0 1
cob=(4)
cfi=(198)
cfn=(812)
calls=1 0x4ccf250 -46 
* * 16 3 0 0 0 0 0 0 0 2 0 1 1
+5 * 1
+3 +1 1
+25 * 56
+4 +2 56 56 0 0 7
+4 +1 56
+3 * 56 0 0 0 0 0 0 0 0 56 1
-7 -1 1 1 0 0 1
+4 +1 1
+3 * 1 0 0 0 0 0 0 0 0 1
+2 +5 56 56 0 0 24
+3 * 56 56
+3 * 56 0 0 0 0 0 0 0 0 56 9
+2 +1 1
+3 * 1
+3 * 1
+3 * 1 0 1 1 0 0 1
cob=(4)
cfi=(198)
cfn=(930)
calls=1 0x4ccf2f0 -56 
* * 27 6 0 3 1 0 3 0 0 4 1 1 1
+5 * 1
+2 * 1 0 0 0 0 0 0 0 0 1 1
+35 +13 1 1
+7 * 1
+3 * 1 0 0 0 0 0 0 0 0 1
+6 +85 1
+4 44 1
+2 154 1 1
+1 * 1 1 0 1 0 0 1
+2 * 1 1
+2 * 1 1
+2 * 1 1
+2 * 1 1
+1 * 1 1

fl=(237)
fn=(804)
0x16e490 40 128 0 0 1 0 0 1
+4 +1 128 128
+7 * 128 128
+8 * 128 0 0 0 0 0 0 0 0 128 2
+37 +1 128 128

fl=(267)
fn=(944)
0xa5b90 25 22 0 0 2 0 0 1
+4 +1 22 22
+7 * 22 0 0 0 0 0 0 0 0 22 2
+2 -1 22 0 22
+1 * 22
+3 +4 22 0 22 0 0 4
cfi=(268)
cfn=(946)
calls=22 0x11a880 +8 
* * 629 154 64 24 30 4 6 1 0 107 23
+5 -2 22
+2 +7 22 22
+1 -7 22
+4 * 22
+4 +7 22 22

fl=(112) /usr/src/debug/glibc/glibc/string/../sysdeps/x86_64/multiarch/strpbrk.c
fn=(386) strpbrk
0xb0370 29 1
fi=(395)
+4 +7 1 1
+7 * 1 0 0 1 0 0 1
+7 * 1 1
+7 * 1
+7 * 1
fe=(112)
+4 -7 1 1

fl=(138) /usr/src/debug/glibc/glibc/string/../sysdeps/x86_64/multiarch/memchr.c
fn=(462) memchr
0xac600 29 2 0 0 1 0 0 1
fi=(139) /usr/src/debug/glibc/glibc/string/../sysdeps/x86_64/multiarch/ifunc-evex.h
+4 +8 2 2
+7 * 2 2
+6 +1 2
+2 * 2
+2 * 2
+6 * 2 0 0 0 0 0 0 0 0 2 1
+13 +1 2 2
+6 * 2
+3 * 2 0 0 0 0 0 0 0 0 2
+2 +4 2
+2 * 2
+2 * 2
+5 * 2 0 0 0 0 0 0 0 0 2
+2 +8 2 0 0 1 0 0 1
+7 * 2
+3 * 2 0 0 0 0 0 0 0 0 2
+2 +3 2
+7 * 2
+3 * 2
+7 * 2
fe=(138)
+4 -25 2 2

fl=(177) /usr/src/debug/glibc/glibc/time/../sysdeps/unix/sysv/linux/gettimeofday.c
fn=(596) gettimeofday
0xd8b40 41 1 0 0 1 0 0 1
+4 * 1 1
+7 * 1
+7 * 1 1 0 0 1
+7 * 1
+3 * 1
+4 * 1 1

fl=(301)
fn=(1136)
0xb0b60 77 2 0 0 2 0 0 1
+4 * 2 0 2
+1 * 2
+3 * 2
+7 * 2 0 2
+4 * 2 0 2
+4 +5 2 2 0 0 2 0 0 1
+3 -5 2 2 0 2 0 0 1
+9 * 2 0 2
+4 * 2
+2 +5 2
+2 * 2 0 0 0 0 0 0 0 0 2
+6 * 2 0 2
+4 +2 2
+4 * 2 0 2
+7 * 2
+3 * 2 0 2
cob=(4)
cfi=(198)
cfn=(1138)
calls=2 0x4ccf340 -84 
* * 46 8 0 5 2 0 3 1 0 6 2 2 1
+5 * 2
+3 +1 2
+3 * 2 0 0 0 0 0 0 0 0 2 2
0xb0dcc +1 2 2 0 2 0 0 1
+4 +75 2 2
+4 * 2 2
+9 * 2 0 0 0 0 0 0 0 0 2
+6 * 2
+3 * 2 2
+4 * 2 2
+4 * 2 2
+1 * 2 2

fl=(394) /usr/src/debug/glibc/glibc/posix/../sysdeps/unix/sysv/linux/_exit.c
fn=(2088) _Exit
0xe6730 27 1 0 0 1 0 0 1
+4 * 1 1
+7 * 1

fl=(113) /usr/src/debug/glibc/glibc/string/../sysdeps/x86_64/multiarch/strcmp.c
fn=(388) strcmp
0xae340 79 2 0 0 1 0 0 1
+4 -32 2 2 0 0 1
+7 +1 2 2 0 0 1
+6 +1 2 2 0 0 1
+6 -1 2
+2 * 2
+5 * 2 0 0 0 0 0 0 0 0 2 2
+50 +1 2 0 0 1 0 0 1
+3 * 2 0 0 0 0 0 0 0 0 2
+2 +4 2 2
+6 * 2
+2 * 2
+5 * 2 0 0 0 0 0 0 0 0 2
+2 +3 2
+7 * 2 2
+7 * 2 0 0 0 0 0 0 0 0 2
+2 +3 2
+7 * 2
+3 * 2 0 0 0 0 0 0 0 0 2
+2 +20 2 2 0 2 0 0 1

fl=(120) /usr/src/debug/glibc/glibc/wcsmbs/../sysdeps/x86_64/multiarch/wcscmp.c
fn=(408) wcscmp
0xc3e50 30 2 0 0 1 0 0 1
fi=(117) /usr/src/debug/glibc/glibc/wcsmbs/../sysdeps/x86_64/multiarch/ifunc-avx2.h
+4 +8 2 2 0 0 1
+7 * 2 2 0 0 1
+6 +2 2
+2 * 2
+2 * 2
+6 * 2 0 0 0 0 0 0 0 0 2
+13 +1 2 2 0 0 1
+7 * 2 0 0 1 0 0 1 0 0 2
+2 +1 2 2 0 0 1
+6 * 2
+3 * 2 0 0 0 0 0 0 0 0 2
+2 +4 2
+2 * 2
+2 * 2
+5 * 2 0 0 0 0 0 0 0 0 2 1
+2 +3 2
+7 * 2
+3 * 2 0 0 0 0 0 0 0 0 2
+2 +3 2
+3 * 2
+7 * 2
+7 * 2
+4 * 2 2
fe=(120)

fl=(200) /usr/src/debug/glibc/glibc/csu/init-first.c
fn=(684) _init_first
0x274a0 46 1 0 0 1 0 0 1
+4 * 1 0 1
+1 * 1
+2 * 1
+3 * 1
+4 +5 1 1
+7 * 1 0 0 0 0 0 0 0 0 1
+2 +4 1 1 0 0 1
+7 * 1 1 0 1 1 0 1 1
+3 * 1 1
+7 * 1 1
+4 * 1 0 0 0 0 0 0 0 0 1 1
+2 +8 1 1 0 0 1
+7 -2 1 0 1 0 0 1
+6 +10 1
+2 -9 1 0 1
+7 +1 1 0 1 0 0 1 0 0 1
+3 +9 1 1
+1 -1 1
cfi=(201) /usr/src/debug/glibc/glibc/misc/init-misc.c
cfn=(686) __init_misc
calls=1 0x11cef0 -41 
* * 50 11 6 6 2 1 6 0 0 5 0 1 1

fl=(104) /usr/src/debug/glibc/glibc/wcsmbs/../sysdeps/x86_64/multiarch/wcsncpy.c
fn=(362) wcsncpy
0xc58e0 31 1 0 0 1 0 0 1
fi=(90) /usr/src/debug/glibc/glibc/wcsmbs/../sysdeps/x86_64/multiarch/ifunc-wcs.h
+4 +8 1 1
+7 * 1 1
+6 +1 1
+2 * 1
+2 * 1
+6 * 1 0 0 0 0 0 0 0 0 1 1
+13 +1 1 1 0 1 0 0 1
+6 * 1
+3 * 1 0 0 0 0 0 0 0 0 1
+2 +4 1
+2 * 1
+5 * 1 0 0 0 0 0 0 0 0 1
+2 +3 1
+3 * 1
+7 * 1
+7 * 1
+4 * 1 1
fe=(104)

fl=(363)
fn=(1824)
0x5c5d0 27 97920 0 0 1 0 0 1
+4 +1 97920 97920
+3 * 97920
+2 * 97920 0 0 0 0 0 0 0 0 97920
+6 -1 97920 0 97920
+1 * 97920
+3 * 97920
+4 * 97920 0 97920 0 0 1
+4 * 97920
+3 +4 97920
+3 * 97920 0 0 0 0 0 0 0 0 97920 4
+6 * 32640 0 32640
+4 * 32640
+3 +2 32640 32640 0 1 0 0 1
+4 * 32640 0 32640
+4 * 32640
+3 * 32640 0 32640
+4 * 32640
+3 +3 32640
fi=(399) /usr/src/debug/glibc/glibc/stdio-common/../string/bits/string_fortified.h
+3 -7 32640
fe=(363)
+3 +8 32640
+3 * 32640
fi=(399)
+4 -8 32640
fe=(363)
+3 +12 32640
fi=(399)
+3 -12 32640 32640 32640 0 1 0 0 0 0 0 0 32640 1
cfi=(288) /usr/src/debug/glibc/glibc/string/../sysdeps/x86_64/multiarch/memmove-vec-unaligned-erms.S
cfn=(1060) __memcpy_avx_unaligned_erms
calls=32640 0x171fc0 255 
* * 359054 97920 65280 2 0 0 0 0 0 65287 15
fe=(363)
+6 +11 32640 32640
+4 * 32640
+3 * 32640 0 32640
+4 -9 32640
+3 * 32640 0 0 0 0 0 0 0 0 32640 4
+2 +2 32640 32640
+4 * 32640
+3 * 32640 0 0 1 0 0 1 0 0 32640 2
+64 +2 32640 32640
+4 * 32640 32640
+4 * 32640 32640
+4 +9 32640 32640
+4 * 32640 32640
+1 * 32640 32640
-5 * 65280 65280 0 1 0 0 1
+4 * 65280 65280
+1 * 65280 65280

fl=(329) /usr/src/debug/glibc/glibc/stdlib/mul.c
fn=(1374) __mpn_mul
0x55680 48 90460 0 0 2 0 0 1
+4 * 90460 0 90460
+1 * 90460
+3 * 90460
+3 * 90460 0 90460 0 0 2
+2 * 90460
+3 * 90460 0 90460
+2 * 90460 0 90460
+2 * 90460
+3 * 90460 0 90460
+2 * 90460
+3 * 90460 0 90460
+1 * 90460
+3 * 90460
+4 * 90460 90460
+9 * 90460 0 90460 0 0 5
+4 * 90460
+2 +6 90460
+4 * 90460 0 0 0 0 0 0 0 0 90460
+2 +12 90460
+3 * 90460 0 0 0 0 0 0 0 0 90460 8
+2 +76 90460 90460
+4 * 90460 90460
+9 * 90460 0 0 0 0 0 0 0 0 90460
+6 * 90460
+4 * 90460 90460
+1 * 90460 90460
+2 * 90460 90460
+2 * 90460 90460
+2 * 90460 90460
+2 * 90460 90460
+1 * 90460 90460
+1 -71 90460 90460 0 1 2 0 1 1
+3 +1 90460
+4 * 90460 0 0 0 0 0 0 0 0 90460 5
0x558d0 +69 90460 0 90460 2 0 2 1
+4 -60 90460 0 90460 0 0 5
cfi=(330) /usr/src/debug/glibc/glibc/stdlib/../sysdeps/x86_64/mul_1.S
cfn=(1376) __mpn_mul_1
calls=90460 0x55a50 -50 
* * 2278032 302911 212451 6 0 0 4 0 0 330309 4
+5 * 90460 90460
+4 +2 90460 0 90460
+4 +5 90460
+4 * 90460 0 0 0 0 0 0 0 0 90460 2

fl=(381) /usr/src/debug/glibc/glibc/nptl/pthread_mutex_unlock.c
fn=(1942) pthread_mutex_unlock@@GLIBC_2.2.5
0x9d530 357 1 0 0 1 0 0 1
+4 +1 1
+5 * 1
cfn=(1944) __pthread_mutex_unlock_usercnt
calls=1 0x9d470 48 
* * 31 7 5 3 0 0 3 0 0 8 2

fn=(1944)
0x9d470 48 1 0 0 1 0 0 1
+4 +3 1 1
+3 +1 1
+2 * 1 0 0 0 0 0 0 0 0 1
+2 +3 1
+3 * 1 0 0 0 0 0 0 0 0 1 1
+2 -7 1 0 1 1 0 0 1
+1 * 1
+3 * 1
+4 +12 1 0 1
+7 +1 1
+2 * 1 0 0 0 0 0 0 0 0 1
+2 -22 1 1
+3 +1 1
+6 * 1 0 0 0 0 0 0 0 0 1
+2 * 1 1
+7 * 1 0 0 0 0 0 0 0 0 1
+2 +1 1 0 1
+6 +27 1
+1 +26 1 1
+1 -24 1
+2 +24 1 1
+31 -31 1 0 1
+4 * 1
+20 +9 1 0 0 1 0 0 1
+3 * 1 0 0 0 0 0 0 0 0 1
+2 +3 1 1
+8 * 1 1
+3 * 1 0 0 0 0 0 0 0 0 1
+2 +3 1 0 1
+4 * 1 0 0 0 0 0 0 0 0 1 1

fl=(130) /usr/src/debug/glibc/glibc/string/../sysdeps/x86_64/multiarch/strchrnul.c
fn=(434) strchrnul
0xae2c0 31 1 0 0 1 0 0 1
fi=(111)
+4 +7 1 1
+7 * 1 1
+6 +2 1
+2 * 1
+2 * 1
+6 * 1 0 0 0 0 0 0 0 0 1
+13 +1 1 1
+7 * 1 0 0 0 0 0 0 0 0 1
+2 +1 1 1
+6 * 1
+3 * 1 0 0 0 0 0 0 0 0 1
+2 +4 1
+2 * 1
+2 * 1 0 0 1 0 0 1
+5 * 1 0 0 0 0 0 0 0 0 1
+2 +3 1
+7 * 1
+3 * 1 0 0 0 0 0 0 0 0 1
+2 +3 1
+3 * 1
+7 * 1
+7 * 1
+4 * 1 1
fe=(130)

fl=(214)
fn=(740)
0x1729c0 198 3 0 0 2 0 0 1
+4 +1 3
+4 * 3
+3 +5 3
+4 +1 3 0 0 0 0 0 0 0 0 3 1
+6 +1 3
+5 +1 3
+4 +1 3 0 0 0 0 0 0 0 0 3 2
+34 +21 3 3 0 2 1 0 1
+7 +1 3 0 0 0 0 0 0 0 0 3
+2 +6 3 0 3 0 0 2 0 0 2
+4 +1 3 0 3 0 0 3 0 0 3
+5 +12 3
+3 +3 3
+7 +1 3 0 0 0 0 0 0 0 0 3
+2 +12 3 0 3
+5 +1 3 0 3 0 0 3 0 0 3
+5 +13 3
+4 +1 3
+7 +2 3 0 0 0 0 0 0 0 0 3
+2 +3 3
+7 +3 3
+4 +3 3 0 3 2 0 0 1
+4 +1 3 0 3 0 0 2 0 0 2
+5 +1 3 0 3 0 0 1 0 0 1
+5 +1 3 0 3 0 0 2 0 0 2
+5 +1 3
+4 +1 3
+3 +1 3 0 0 0 0 0 0 0 0 3 1
-26 -6 4 0 4 0 0 4 0 0 4
+4 +1 4 0 4
+5 +1 4 0 4 0 0 4 0 0 4
+5 +1 4 0 4
+5 +1 4
+4 +1 4
+3 +1 4 0 0 0 0 0 0 0 0 4 3
+2 * 3
+4 +3 3 0 3
+4 +1 3 0 3 0 0 2 0 0 2
+5 +1 3 0 3
+5 +1 3 0 3 0 0 1 0 0 1
+5 +3 3
+3 * 3 3

fl=(190) /usr/src/debug/glibc/glibc/resource/../sysdeps/unix/sysv/linux/getrlimit64.c
fn=(640) getrlimit
0x1118a0 38 1 0 0 1 0 0 1
+4 * 1
+3 +1 1
+2 * 1
+2 * 1
+5 * 1
+2 * 1
+2 * 1
+6 * 1 0 0 0 0 0 0 0 0 1
+2 +1 1 1

fl=(277) /usr/src/debug/glibc/glibc/csu/../sysdeps/nptl/libc_start_call_main.h
fn=(1012) (below main)
0x276c0 30 1 0 1 1 0 0 1
+1 * 1
+3 * 1
+7 * 1 0 1
+7 * 1 0 1
+6 * 1 0 1
+7 +15 1 1
+9 * 1 0 1
+4 * 1
+4 * 1 0 1
cfi=(278) /usr/src/debug/glibc/glibc/setjmp/../sysdeps/x86_64/bsd-_setjmp.S
cfn=(1014) _setjmp
calls=1 0x3e4e0 -17 
* * 31 6 9 4 1 0 4 0 0 2 1
+5 * 1
+4 +2 1
+2 * 1 0 0 0 0 0 0 0 0 1
+2 +5 1 1 0 1 1 0 1
+9 * 1 0 1
+4 +1 1 1
+9 * 1 0 1
+4 +3 1
+4 * 1 0 1
+9 +3 1 1
+7 * 1 1
+7 * 1 1
+6 * 1 1
+3 * 1 1 1 1 0 0 1 0 0 0 0 1 1
cob=(8) /home/ikea/Projects/DV1674-A2/pearson/base/pearson
cfi=(281) /home/ikea/Projects/DV1674-A2/pearson/base/pearson.cpp
cfn=(1020) main
calls=1 0x2349 -48 
* * 3850006476 1807771984 614137851 7090 1096834 38221 906 221 28829 202293772 1224133 4719841 2796
+6 +24 1 0 0 1
+2 * 1 0 1
cfi=(377) /usr/src/debug/glibc/glibc/stdlib/exit.c
cfn=(1932) exit
calls=1 0x411c0 +64 
* * 3847 1249 632 151 123 13 114 5 2 679 183 78 46

fl=(355)
fn=(1730)
0x119dd0 117 3 0 0 2 0 0 1
+4 * 3
+5 * 3
+2 * 3
+6 * 3 0 0 0 0 0 0 0 0 3 3
+2 +5 3 3

ob=(1)
fl=(46) /usr/src/debug/glibc/glibc/elf/dl-debug.c
fn=(146) _dl_debug_initialize
0x3690 120 1 0 0 1 0 0 1
+4 -44 1
+3 * 1 0 0 0 0 0 0 0 0 1
+2 +46 1 1 0 0 1 0 0 1
+8 * 1 0 0 0 0 0 0 0 0 1
+2 +5 1
+3 * 1 1
+8 * 1
+7 +27 1 0 1
+10 * 1 0 1 1 0 0 1
+7 * 1 0 1
+7 +3 1 1
+8 * 1 0 0 0 0 0 0 0 0 1 1
+6 -37 1
+7 +48 1 1
0x3760 -8 1 1 0 1 0 0 1
+7 * 1 0 1
+7 +2 1 1
+7 * 1
+3 * 1 0 0 0 0 0 0 0 0 1 1

fn=(152) _dl_debug_change_state
0x3650 104 2 0 0 2 0 0 1
+4 +3 2
+7 -2 2 0 2
+3 +2 2
+3 * 2 0 0 0 0 0 0 0 0 2 2
+2 +4 2
cfi=(49) /usr/src/debug/glibc/glibc/elf/dl-debug_state.c
cfn=(154) _dl_debug_state
calls=2 0x37b0 -83 
* * 4 2 0 2 0 0 1
+13 -4 2 2
+7 * 2
+3 * 2 0 0 0 0 0 0 0 0 2 2

fn=(218) _dl_debug_update
0x3600 94 6 0 0 2 0 0 1
+4 -17 6
+7 -1 6
+3 * 6 0 0 0 0 0 0 0 0 6 5
+18 +20 6 6 0 0 1
+5 * 6 0 0 0 0 0 0 0 0 6
+2 +4 6 6

fn=(632) _dl_debug_post_relocate
0x3570 46 1 0 0 1 0 0 1
+4 * 1 0 1
+1 +6 1
+3 * 1
+3 * 1
+3 -6 1 0 0 1 0 0 1
+3 * 1
+4 +6 1 1
+7 * 1
+7 * 1 0 1
+2 * 1
+4 * 1 0 1
+2 -1 1 0 1
+8 +1 1 0 1
cfi=(80) /usr/src/debug/glibc/glibc/elf/dl-lookup.c
cfn=(302) _dl_lookup_symbol_x
calls=1 0xb780 767 
* * 632 186 74 0 7 0 0 1 0 98 4
+5 +2 1 1
+1 * 1 1
+1 -2 1
+3 +2 1 1
+4 * 1 1
+5 * 1 0 0 0 0 0 0 0 0 1
+2 +2 1 1
+5 * 1 0 0 0 0 0 0 0 0 1
+2 * 1 0 0 1 0 0 1
+3 * 1 0 0 0 0 0 0 0 0 1
+2 * 1 1
+3 * 1 1
+4 * 1
+3 +1 1
+7 * 1
+3 * 1 0 0 0 0 0 0 0 0 1 1
+15 +13 1 1
+1 * 1 1

fl=(61) /usr/src/debug/glibc/glibc/misc/../sysdeps/unix/sysv/linux/mmap64.c
fn=(204) mmap
0x25580 47 26 0 0 1 0 0 1
+4 +3 26
+7 * 26 0 0 0 0 0 0 0 0 26
+2 -3 26 0 26
+1 * 26
+3 * 26 0 26 0 0 2 0 0 1
+2 * 26
+3 * 26 0 26
+1 * 26
+3 +6 26
+3 * 26 0 0 0 0 0 0 0 0 26 6
+2 +5 26
+3 * 26
+3 * 26
+5 * 26
+2 * 26
+6 * 26 0 0 0 0 0 0 0 0 26
+2 +2 26 26
+1 * 26 26
+2 * 26 26
+1 * 26 26
+56 -7 9 0 0 1 0 0 1
+2 * 9
+6 * 9
+3 * 9
+2 * 9 0 0 0 0 0 0 0 0 9 4
+2 * 5 5 0 1 0 0 1
+7 * 5 0 0 0 0 0 0 0 0 5

fl=(73) /usr/src/debug/glibc/glibc/elf/dl-version.c
fn=(262) _dl_check_map_versions
0x15000 155 7 0 0 1 0 0 1
+4 * 7 0 7
+1 * 7
+3 * 7
+7 +15 7 7
+4 * 7
+3 * 7 0 0 0 0 0 0 0 0 7
+6 * 7 0 7
+4 +2 7 7
+4 * 7 0 7
+4 * 7 0 7
+4 * 7 0 7
+4 * 7 7
+7 * 7 0 0 0 0 0 0 0 0 7
+6 +2 7 7 0 1 2 0 1 1
+7 * 7 0 7
+6 * 7
+3 +1 7 7
+7 +2 7
+3 * 7 0 0 0 0 0 0 0 0 7 2
+6 +3 5 5
+4 * 5 5
+3 * 5 0 5
+4 +4 5 5 0 0 4 0 0 4
+4 * 5 0 0 0 0 0 0 0 0 5
+6 -20 5 0 5
+7 -8 5 0 5 1 0 0 1
+10 +69 5 0 5
+7 * 5 0 5
+7 * 5 0 5
+7 * 5
+3 * 5
+3 * 5
+2 36 5 5
+5 * 5
+7 200 5 5
+3 * 5 5
+7 36 5 5
+4 * 5
+3 * 5 0 0 1 0 0 1 0 0 5
-29 * 8 8
+5 * 8
+7 200 8 8
+3 * 8 8
+7 36 8 8
+4 * 8
+3 * 8 0 0 0 0 0 0 0 0 8
+6 * 13
+3 * 13
+3 * 13
+7 +1 60 60
+5 -1 60
+3 * 60 0 0 0 0 0 0 0 0 60
+6 +2 73
+3 * 73
+3 * 73 0 73
cfi=(54) /usr/src/debug/glibc/glibc/elf/dl-misc.c
cfn=(176) _dl_name_match_p
calls=73 0xc9d0 +30 
* * 7276 1594 369 2 0 0 2 0 0 907 105 63 38
+5 * 73
+2 * 73 0 0 0 0 0 0 0 0 73 6
+2 * 13
+3 * 13
+3 208 13
+3 * 13 0 0 0 0 0 0 0 0 13
+6 +5 13 13 0 0 3 0 0 3
+3 99 13 0 13 1 0 0 1
+7 * 13 0 13
+7 * 13 13
+4 * 13 0 13
+7 213 13
+3 * 13
+5 +4 13 13 0 0 3 0 0 3
+3 * 13 13
+7 +1 13 13
+4 * 13 13
+3 -1 13
+4 +4 13 13
+4 * 13 0 13
+7 -3 13 13 0 1 0 0 1
+7 * 13 13
+4 * 13 13
+4 * 13 0 0 0 0 0 0 0 0 13 7
-47 -1 48 48 0 0 13 0 0 13
+3 * 48 48
+7 +1 48 48
+4 * 48 48
+3 -1 48
+4 +4 48 48
+4 * 48 0 48
+7 -3 48 48
+7 * 48 48
+4 * 48 48
+4 * 48 0 0 0 0 0 0 0 0 48 12
+2 * 14 14
+7 * 14 14
+3 * 14
+7 * 14
+3 * 14
+4 56 14 14
+4 * 14 14
+4 * 14 14
+8 * 14 0 0 0 0 0 0 0 0 14 8
-16 * 47 47
+4 * 47 47
+4 * 47 47
+8 * 47 0 0 0 0 0 0 0 0 47 16
+6 +8 61 61 0 1 0 0 1
+7 * 61 0 0 0 0 0 0 0 0 61
+6 +6 61 61
+7 * 61
+3 * 61 0 0 0 0 0 0 0 0 61 1
+6 +16 61 61 0 0 1
+4 +1 61
+3 * 61 0 0 0 0 0 0 0 0 61
+6 +2 61 61
+4 +5 61 61 0 0 5 0 0 5
+4 * 61 0 0 0 0 0 0 0 0 61
+2 * 61 0 61
+7 * 61
+3 * 61
+3 * 61 0 61 1 0 0 1
+7 * 61
+3 * 61 0 61
+4 * 61
+3 +14 61 61 0 0 1 0 0 1
+4 * 61 0 0 0 0 0 0 0 0 61
-4 * 1085 1085 0 0 13 0 0 13
+4 * 1085 0 0 0 0 0 0 0 0 1085 65
+6 +12 1085 1085 0 0 13 0 0 13
+4 * 1085
+2 * 1085 0 0 0 0 0 0 0 0 1085 2
+6 +4 1085
+3 -30 1085 1085 0 0 31 0 0 31
+6 * 1085 0 0 0 0 0 0 0 0 1085 6
0x1527e 231 61 61 0 1 0 0 1
+4 * 61
+5 * 61
+3 * 61
+4 +3 61 61
+3 * 61
+2 * 61 0 0 0 0 0 0 0 0 61 16
+2 +5 48
+3 -24 48
+8 110 61 61 0 1 0 0 1
+4 +3 61 0 61
+4 * 61 61 0 0 1 0 0 1
+5 * 61
+3 * 61 0 61
cfi=(35) /usr/src/debug/glibc/glibc/string/../sysdeps/x86_64/multiarch/../multiarch/strcmp-sse2.S
cfn=(104) strcmp
calls=61 0x27000 -15 
* * 2809 487 0 16 29 0 16 29 0 317 87 29 24
+5 * 61 61
+4 * 61
+2 * 61 0 0 1 0 0 1 0 0 61 1
+6 * 61 61
+4 224 61
+3 * 61 61
+6 * 61 0 0 0 0 0 0 0 0 61 12
+2 +1 3
+7 * 3
+3 * 3 0 3
cfi=(35)
cfn=(104)
calls=3 0x27000 98 
* * 224 29 0 3 2 0 3 2 0 23 9 3 3
+5 * 3
+2 * 3 0 0 0 0 0 0 0 0 3
+2 +3 3 0 3
+8 * 3
+5 * 13 0 13
+4 * 13 13
+7 * 13 13 0 1 0 0 1
+7 +15 13 13
+3 * 13
+2 * 13 0 0 0 0 0 0 0 0 13 5
+6 +5 8
+3 -50 8
0x154aa +59 5 5 0 1 0 0 1
+7 * 5 5
+7 * 5 5
+7 * 5 5 0 1 0 0 1
+4 * 5
+3 * 5 0 0 0 0 0 0 0 0 5 1
+6 +3 5 5
+4 * 5 5
+3 +3 5 5
+4 * 5 5
+3 * 5
+5 * 5
+2 * 5
+3 +3 5 5
+3 -3 5 0 5
+3 +3 5
+2 * 5 0 0 0 0 0 0 0 0 5
+2 * 5
+7 * 5
+11 +4 5
+3 -7 5 5
+4 * 5
+5 * 5
+2 * 5
+3 +3 5 5
+3 * 5
+2 * 5 0 0 0 0 0 0 0 0 5 3
-22 +4 136
+3 -7 136 136 0 0 9 0 0 9
+4 * 136
+5 * 136
+2 * 136
+3 +3 136 136 0 0 7 0 0 7
+3 * 136
+2 * 136 0 0 0 0 0 0 0 0 136 21
+2 * 5 0 5
+3 +8 5 5
+3 * 5
+2 * 5 0 0 0 0 0 0 0 0 5
+6 +6 6 6 0 1 0 0 1
+3 * 6 0 6
fi=(29) /usr/src/debug/glibc/glibc/elf/../include/rtld-malloc.h
+4 44 6
fe=(73)
+5 280 6
+3 * 6
fi=(29)
+3 44 6 6 6 0 0 0 0 0 0 0 0 6 1
cfi=(28) /usr/src/debug/glibc/glibc/elf/dl-minimal-malloc.c
cfn=(76) __minimal_calloc
calls=6 0xc7e0 +36 
* * 253 41 33 0 0 1 0 0 0 32 11 6
fe=(73)
+6 281 6 6 0 1 0 0 1
+4 * 6
+3 -2 6 0 6
fi=(29)
+7 44 6
fe=(73)
+3 281 6 0 0 0 0 0 0 0 0 6
+6 +13 6 6
+7 -3 6 0 6
+7 +3 6 6 0 0 1
+4 * 6 6
+8 * 6 0 0 0 0 0 0 0 0 6
+6 * 6 0 6 0 0 1
+7 +2 6
+3 * 6 0 0 1 0 0 1 0 0 6 1
+6 +3 5 5
+4 * 5 5
+3 * 5
+4 +4 5 5
+3 * 5
+3 * 5
-6 * 8 8
+3 * 8
+3 * 8
+10 +18 48
+3 -15 48 48
+4 +2 48
+2 * 48
+6 * 48
+3 * 48 0 0 0 0 0 0 0 0 48
-15 -2 13 13
+4 +2 13
+2 * 13
+6 * 13
+3 * 13 0 0 0 0 0 0 0 0 13 2
+2 +2 61
+3 +1 61
+6 -1 61 61
+3 * 61 0 0 1 0 0 1
+6 * 61
+4 +1 61 0 61 0 0 23 0 0 23
+4 +1 61 61
+3 -2 61 0 61
+5 +2 61
+3 * 61 0 61 0 0 3 0 0 3
+4 +1 61 61
+3 * 61
+3 * 61 0 61
+5 +3 61 61
+3 * 61
+2 * 61 0 0 0 0 0 0 0 0 61 18
+2 +8 13 13
+3 * 13
+2 * 13 0 0 0 0 0 0 0 0 13 3
+2 +5 8
+3 -28 8
+2 +71 6
+3 * 6 0 0 0 0 0 0 0 0 6 1
+2 +1 5 5 0 1 0 0 1
+5 * 5 0 0 0 0 0 0 0 0 5
+2 +1 5 5
+8 * 5 0 0 0 0 0 0 0 0 5 2
+2 +1 4 4
+8 * 4 0 0 0 0 0 0 0 0 4 1
+6 +19 6 6
+6 * 6 6
+4 * 6 6
+4 * 6 6
+4 * 6 6
+4 * 6 6
+1 * 6 6
+57 -60 6 0 0 1 0 0 1
+3 * 6 0 0 0 0 0 0 0 0 6 1
+2 +3 5 5
+4 * 5 5
+3 * 5
+5 +20 141
+3 -14 141 141
+4 * 141 0 0 0 0 0 0 0 0 141
-4 * 5 5
+4 * 5 0 0 0 0 0 0 0 0 5 3
+2 -2 141 141
+3 +6 141 141
+4 +1 141 141
+3 +1 141 141
+3 -1 141
+6 * 141
+4 +1 141
+3 -1 141 0 141 0 0 37 0 0 37
+4 +1 141 0 141
+4 +1 141 0 141 0 0 17 0 0 17
+9 +3 141 141
+3 * 141
+2 * 141 0 0 0 0 0 0 0 0 141 13
-5 * 5 5
+3 * 5
+2 * 5 0 0 0 0 0 0 0 0 5 2
+2 +11 6 6 0 1 0 0 1
+3 * 6 0 0 1 0 0 1
+4 * 6
+5 * 6
+9 * 214
+4 * 214
+3 * 214 0 0 0 0 0 0 0 0 214 6
+6 +1 214 214
+4 * 214 0 0 0 0 0 0 0 0 214 11
+2 +1 12
+7 * 12 0 12
+3 * 12
+2 164 2 0 2
+7 -8 2 0 2
+10 257 2 0 0 1 0 0 1
+3 * 2 0 0 0 0 0 0 0 0 2 1
+6 * 1 1
+4 * 1 1
+4 * 1 1
+4 * 1 1
+4 -86 1 0 1
+10 394 1 1
+6 * 1 1
+1 * 1 1
+47 274 1 1 0 1 0 0 1
+3 * 1
+2 * 1 0 0 0 0 0 0 0 0 1 1
0x157e5 377 1 1 0 1 0 0 1
+4 * 1 1
+4 * 1 1
+8 * 1 0 0 0 0 0 0 0 0 1 1
+5 +2 1 1
+4 * 1 1 0 1 0 0 1
+3 * 1
+3 * 1 0 0 0 0 0 0 0 0 1 1
+28 * 29 29
+4 * 29
+4 * 29
+3 * 29 0 0 0 0 0 0 0 0 29 1
+6 +1 29
+4 * 29 0 0 0 0 0 0 0 0 29 4
+2 +2 1 1
+4 +1 1
+5 * 1 0 0 1 0 0 1
+7 -1 1
+3 +1 1 0 1
cfi=(35)
cfn=(264) strncmp
calls=1 0x28800 98 
* * 57 6 0 5 1 0 5 1 0 9 3 1 1
+6 * 1
+3 * 1
+2 * 1 0 0 0 0 0 0 0 0 1 1

fn=(260) _dl_check_all_versions
0x158e0 399 1 0 0 1 0 0 1
+4 * 1 0 1
+1 * 1
+3 * 1
+4 * 1 0 1
+4 +4 1
+3 * 1 0 0 0 0 0 0 0 0 1
+2 * 1 0 1
+4 -2 1
+3 * 1
+3 * 1 0 1 1 0 0 1
+4 * 1
+3 * 1 0 1
+4 * 1
+3 * 1
+28 +4 7 7
+7 * 7 0 0 0 0 0 0 0 0 7
+2 * 7
+3 * 7
+3 * 7
+3 * 7 0 7
cfn=(262)
calls=7 0x15000 155 
* * 30421 9025 1696 53 139 82 53 136 80 6473 473 108 67
+5 -2 7 7 0 1 0 0 1
+4 +1 7
+3 -1 7
+3 * 7 0 0 0 0 0 0 0 0 7 5
+2 +5 1
+3 * 1 1
+4 * 1 1
+4 * 1 1
+4 * 1 1
+4 * 1 1
+1 * 1 1

fl=(14) /usr/src/debug/glibc/glibc/elf/dl-sort-maps.c
fn=(28) _dl_sort_maps_init
0x12860 289 1 0 0 1 0 0 1
+4 * 1 0 1
+1 +1 1
+2 * 1
+5 -1 1
+3 * 1
+4 +1 1
+4 * 1 0 1
cfi=(12)
cfn=(30)
calls=1 0x14f60 435 
* * 18 4 1 2 2 0 2 2 0 3 2
+5 +2 1
+2 * 1 1 0 1 0 0 1
+4 * 1
+3 -1 1 0 1
+6 +2 1 1
+1 * 1 1

fn=(252) _dl_sort_maps
0x12890 298 2 0 0 1
+4 * 2 0 2
+1 * 2
+3 * 2 0 2
+2 * 2
+4 * 2 0 2
+2 * 2 0 2
+2 * 2
+3 * 2 0 2
+2 * 2
+3 * 2 0 2
+1 * 2
+4 +8 2 2 0 0 1
+7 -8 2 0 2
+3 +8 2
+3 * 2 0 0 2 0 0 1 0 0 2 2
0x12b7c -95 2 0 0 2 0 0 1
+2 -28 2 0 0 2 0 0 1
+3 -2 2 0 2
+4 +1 2 2
+3 +29 2
+4 -28 2
+4 * 2 0 0 0 0 0 0 0 0 2 2
+6 * 2
+3 * 2
+3 +1 2 2
+4 -1 2
+4 +1 2 0 2
+7 -1 2
+2 * 2 0 0 0 0 0 0 0 0 2 2
-17 +1 12 12
+4 -1 12
+4 +1 12 0 12
+7 -1 12
+2 * 12 0 0 0 0 0 0 0 0 12 10
+2 +28 2
+4 * 2
+3 * 2
+4 * 2
+4 * 2 0 0 2 0 0 1
+3 * 2
+7 * 2
+3 * 2
+3 * 2 0 0 0 0 0 0 0 0 2 2
+22 * 2
+5 * 2
+3 * 2
+3 * 2 0 0 0 0 0 0 0 0 2
+2 * 2 0 2
+5 +5 2
+4 +3 2
+4 * 2 0 2 2 0 0 1
+4 * 2
+3 -3 2 0 2
+4 +3 2
+2 * 2 2
+4 * 2
+4 * 2 0 2
+4 * 2
+3 * 2
+3 -1 2 0 2
+4 +3 2 0 2
+4 * 2
+3 * 2
+2 * 12
+4 * 12
+2 * 12 0 0 0 0 0 0 0 0 12
+6 +2 14 14
+4 -83 14 14 0 2 0 0 1
+7 * 14 0 0 0 0 0 0 0 0 14
+2 +3 14
+3 * 14
+4 * 14 0 14
cfn=(254) dfs_traversal.part.0
calls=14 0x12760 -8 
* * 513 144 56 6 10 0 4 0 0 116 33
+5 +83 14 14
+4 * 14
+3 * 14 0 0 0 0 0 0 0 0 14 11
+2 +18 2
+3 * 2 2
+4 * 2 2
+4 * 2 2
+5 * 2 2
+4 * 2 0 0 0 0 0 0 0 0 2 2
+80 +32 2 0 0 2 0 0 1
+3 * 2 0 0 2 0 0 1 0 0 2
+2 * 2 2
+4 * 2 0 0 0 0 0 0 0 0 2 1
+55 +7 2
+4 +27 2 0 0 2 0 0 1
+4 * 2 2
+1 * 2 2
+2 * 2 2
+2 * 2 2
+2 * 2 2
+2 * 2 2
+1 * 2 2
+92 -47 2 0 0 2 0 0 1
+3 * 2
+3 * 2 0 2
cfi=(30) /usr/src/debug/glibc/glibc/string/../sysdeps/x86_64/multiarch/memmove-vec-unaligned-erms.S
cfn=(84) memcpy
calls=2 0x26440 -53 
* * 38 10 8 3 0 0 0 0 0 8 4
+6 * 2

fn=(254)
0x12760 135 14 0 14 2 0 0 1
+1 * 14
+3 * 14
+3 * 14
+3 * 14
+4 +10 14 14 0 0 4
+7 -2 14 0 14
+7 +2 14
+3 * 14 0 0 2 0 0 1 0 0 14 3
+2 +2 11 11 0 0 6
+3 * 11
+3 * 11 0 0 0 0 0 0 0 0 11
+2 * 11
+5 -7 11 11
+7 * 11 0 0 0 0 0 0 0 0 11
-7 * 24 24
+7 * 24 0 0 0 0 0 0 0 0 24 4
+2 +7 35 35
+4 * 35
+4 * 35
+3 * 35 0 0 0 0 0 0 0 0 35 15
+2 +9 14
+3 * 14 0 0 0 0 0 0 0 0 14 6
+2 +15 14 14
+3 * 14
+4 * 14 0 14
+3 +1 14 0 14
+4 +1 14 14
+1 * 14 14
+64 -17 7 7 0 1 0 0 1
+7 * 7 0 0 1 0 0 1
+3 * 7 0 0 0 0 0 0 0 0 7 5

fl=(27) /usr/src/debug/glibc/glibc/elf/dl-object.c
fn=(74) _dl_new_object
0xcd40 59 6 0 0 1 0 0 1
+4 * 6 0 6
+1 * 6
+3 * 6 0 6 0 0 1 0 0 1
+2 * 6
+3 * 6 0 6
+2 * 6 0 6 0 0 1 0 0 1
+2 * 6
+3 * 6 0 6
+2 * 6 0 6 0 0 1 0 0 1
+1 * 6
+4 * 6 0 6
+4 * 6 0 6 0 0 1 0 0 1
+3 * 6 0 6
+4 * 6 0 6
+4 +3 6
+7 * 6 0 0 0 0 0 0 0 0 6 1
+6 +18 5 5
+6 +3 5
+3 * 5 0 5 0 0 1 0 0 1
cfi=(23) /usr/src/debug/glibc/glibc/string/../sysdeps/x86_64/multiarch/../multiarch/strlen-sse2.S
cfn=(64) strlen
calls=5 0x28660 -26 
* * 103 13 0 0 0 0 0 0 0 11 1
+5 +4 5
+2 -4 5
+3 +4 5
+4 +5 5
+8 -9 5
+4 * 5 0 5
+4 * 5 0 5
fi=(29)
+4 -39 5
+5 * 5 5 5 0 0 0 0 0 0 0 0 5
cfi=(28)
cfn=(76)
calls=5 0xc7e0 +36 
* * 257 43 34 6 1 2 6 1 2 33 14 5
fe=(27)
-9 +39 1 0 1 1 0 1 1 0 1
fi=(29)
+4 -39 1
+5 * 1 1 1 0 0 0 0 0 0 0 0 1 1
cfi=(28)
cfn=(76)
calls=1 0xc7e0 +36 
* * 34 4 4 5 0 1 5 0 1 4 3 1 1
+6 * 6
fe=(27)
+3 +51 6
+3 * 6 0 0 0 0 0 0 0 0 6 1
+6 +4 6 6
+4 -1 6 0 6 1 0 4 1 0 4
+4 +6 6
+3 -5 6
+8 +5 6 6
+4 -5 6 0 6 0 0 6 0 0 6
+7 +4 6
+4 +1 6
+4 * 6 0 6
+4 -1 6 0 6 0 0 2 0 0 2
+4 +1 6 0 6
cfi=(30)
cfn=(84)
calls=6 0x26440 210 
* * 77 19 13 2 1 8 2 1 8 17 10
+6 * 6 6
+4 +15 6 6
+4 -15 6 0 6 0 0 1 0 0 1
+4 +2 6 0 6 1 0 0 1
+8 +13 6 6
+3 * 6 0 0 0 0 0 0 0 0 6 4
+6 +6 1
+4 +2 1 1 0 0 1 0 0 1
+8 * 1 0 1
+4 * 1 1
+4 * 1
+3 * 1
+3 * 1
+2 * 1 0 1
+7 +3 1 1
+7 * 1 0 0 0 0 0 0 0 0 1 1
-38 -3 5 5 0 0 5 0 0 5
+8 * 5 0 5
+4 * 5 5
+4 * 5
+3 * 5
+3 * 5
+2 * 5 0 5
+7 +3 5 5
+7 * 5 0 0 0 0 0 0 0 0 5 4
+6 +6 6 6
+4 -4 6 0 6 1 0 1 1 0 1
+7 +4 6 0 6
+4 +3 6
+2 * 6 0 0 0 0 0 0 0 0 6 4
+2 * 1
+7 * 1
+4 * 1
+7 * 1
+3 * 1
+7 * 1
+1 * 1
+11 * 1
fi=(4) /usr/src/debug/glibc/glibc/elf/../sysdeps/generic/ldsodefs.h
+11 1380 1 0 0 1 0 0 1
+3 * 1
+3 * 1
fe=(27)
+4 139 1
+4 * 1
+4 +2 1 0 1 0 0 1 0 0 1
+3 -2 1
+3 * 1 0 0 0 0 0 0 0 0 1 1
fi=(4)
-24 1380 15
+3 * 15
+3 * 15
fe=(27)
+4 139 15
+4 * 15
+4 +2 15 0 15 0 0 3 0 0 3
+3 -2 15
+3 * 15 0 0 0 0 0 0 0 0 15 9
+2 +16 6 6
+5 * 6
+7 -5 6 0 6 0 0 6 0 0 6
+11 -1 6
+7 +30 6
+7 -30 6 0 6 1 0 0 1
+7 +6 6 6 0 0 1 0 0 1
+4 * 6
+3 * 6 0 0 0 0 0 0 0 0 6 1
+6 +2 5
+7 * 5 0 5 0 0 3 0 0 3
+7 +3 5
+3 * 5 0 0 0 0 0 0 0 0 5
+6 -3 5
+5 * 5
+1 +7 5
+3 * 5 5
+7 * 5
+3 * 5 0 0 0 0 0 0 0 0 5
+2 +4 5
+2 * 5 0 0 0 0 0 0 0 0 5 1
+12 +8 1 0 1 1 0 0 1
+3 +3 1 0 1
+7 +10 1 1
+4 * 1 1
+4 * 1
+3 * 1 0 0 0 0 0 0 0 0 1 1
-18 -10 5 0 5 0 0 1 0 0 1
+7 +10 5 5
+4 * 5 5
+4 * 5
+3 * 5 0 0 0 0 0 0 0 0 5
+6 +2 5 0 5
cfi=(23)
cfn=(64)
calls=5 0x28660 57 
* * 175 25 0 0 1 0 0 1 0 15 2
+5 +21 5
+3 -21 5
+3 * 5
+4 * 5 0 5
+4 +17 5
+3 -13 5 0 0 1 0 0 1
+4 * 5 0 0 0 0 0 0 0 0 5
+2 * 5
0xcfb2 +50 5 5 0 1 0 0 1
+4 * 5 5
+4 * 5 0 5
cfi=(30)
cfn=(142) mempcpy
calls=5 0x26430 -48 
* * 73 17 12 0 0 3 0 0 3 12 1
+6 +5 84
+3 * 84
+4 +1 84 84
+3 * 84 0 0 0 0 0 0 0 0 84 28
+2 +4 5
+3 * 5
+4 +1 5 0 5
+3 +3 5 0 5 0 0 1 0 0 1
+7 +4 5
+4 * 5
+3 * 5 5
+1 * 5 5
+2 * 5 5
+2 * 5 5
+2 * 5 5
+2 * 5 5
+1 * 5 5
-17 * 1
+4 * 1
+3 * 1 1
+1 * 1 1
+2 * 1 1
+2 * 1 1
+2 * 1 1
+2 * 1 1
+1 * 1 1
+2 131 6 0 6 1 0 6 1 0 6
+11 * 6
+5 -8 5
+3 -4 5 5
+4 * 5 0 0 0 0 0 0 0 0 5 4
+17 +34 1 0 0 1 0 0 1
+2 +7 1
+3 * 1 0 0 0 0 0 0 0 0 1
+6 * 1
+3 * 1
+10 +8 5 5
+7 * 5
+6 * 5
+3 * 5 0 0 1 0 0 1 0 0 5 2
fi=(29)
+56 56 5
+3 * 5 5 5 0 0 0 0 0 0 0 0 5 1
cfi=(28)
cfn=(80) __minimal_malloc
calls=5 0xc690 -20 
* * 90 15 15 0 0 0 0 0 0 15 1
+6 * 5
fe=(27)
+3 200 5
+3 * 5 0 0 0 0 0 0 0 0 5
+2 -1 5
+3 * 5
+12 64 1 0 0 1 0 0 1
+7 * 1 0 0 0 0 0 0 0 0 1 1
+73 +2 1 1 0 1 0 0 1
+3 * 1
+2 * 1 0 0 0 0 0 0 0 0 1
+6 +1 1 1
+5 * 1 0 0 0 0 0 0 0 0 1
+6 * 1 0 1 1 0 0 1
+8 * 1
+5 * 1
+5 * 1
+3 +10 1
+5 -6 1
+7 * 1

fn=(88) _dl_add_to_namespace_list
0xcca0 31 6 0 0 1 0 0 1
+4 * 6 0 6
+1 * 6
+3 * 6 0 6
+2 * 6
+3 +2 6
+7 -2 6 0 6
+1 * 6
+3 +2 6 6 6 0 0 0 0 0 0 0 0 6 1
cfi=(25) /usr/src/debug/glibc/glibc/elf/../sysdeps/nptl/dl-tls_init_tp.c
cfn=(90) rtld_mutex_dummy
calls=6 0x14180 +10 
* * 18 6
+6 +2 6 0 0 1 0 0 1
+4 * 6
+7 * 6 6
+4 * 6
+3 * 6 0 0 0 0 0 0 0 0 6 1
+2 * 5
+3 * 5
+11 +3 5
+3 * 5 5
+4 * 5
+3 * 5 0 0 0 0 0 0 0 0 5 5
-10 * 15
+3 * 15 15
+4 * 15
+3 * 15 0 0 0 0 0 0 0 0 15 10
+2 +2 5 0 5
+5 +2 5 0 5
+4 +4 5
+4 +1 5 5
+7 +3 5
+7 -4 5 0 5
+5 +1 5 0 5
+8 +1 5
+4 +3 5 5
+1 -3 5 0 5
+7 +3 5 5
+2 * 5 5
+1 -1 5 5 0 0 0 0 0 0 0 0 0 5
cfi=(25)
cfn=(90)
calls=5 0x14180 -7 
* * 15 5
-46 -4 1
+4 +1 1 1 0 0 1 0 0 1
+7 +3 1
+7 -4 1 0 1
+5 +1 1 0 1
+8 +1 1
+4 +3 1 1
+1 -3 1 0 1
+7 +3 1 1
+2 * 1 1
+1 -1 1 1 0 0 0 0 0 0 0 0 0 1 1
cfi=(25)
cfn=(90)
calls=1 0x14180 -7 
* * 3 1
+13 -5 1 0 1 1 0 0 1
+4 * 1

fl=(41) /usr/src/debug/glibc/glibc/elf/../sysdeps/x86_64/dl-hwcaps-subdirs.c
fn=(120) _dl_hwcaps_subdirs_active
0x1cb20 29 1 0 0 1 0 0 1
fi=(20) /usr/src/debug/glibc/glibc/elf/../sysdeps/x86/get-isa-level.h
+4 +2 1 1
+6 * 1
+2 * 1
+5 * 1 0 0 0 0 0 0 0 0 1 1
+15 +1 1 1 0 1 0 0 1
+6 * 1
+3 * 1 0 0 0 0 0 0 0 0 1
+2 +7 1 1
+6 * 1
+2 * 1
+2 * 1
+5 * 1 0 0 0 0 0 0 0 0 1
+2 +1 1 1
+6 * 1
+2 * 1
+3 * 1 0 0 0 0 0 0 0 0 1
+2 +8 1
+2 * 1
+6 * 1 0 0 0 0 0 0 0 0 1
+2 +3 1 1
+6 * 1
+2 * 1 0 0 1 0 0 1
+6 * 1 0 0 0 0 0 0 0 0 1 1
+8 +3 1
+3 * 1 0 0 0 0 0 0 0 0 1
fe=(41)
+2 -3 1
+2 * 1
+6 * 1
+3 * 1
+3 +1 1 1

fl=(182) /usr/src/debug/glibc/glibc/elf/./dl-find_object.h
fn=(610) _dl_find_object_from_map
0x4f00 105 7 7 0 1 4 0 1
+7 -4 7
+3 +4 7 0 7 0 0 2 0 0 1
+3 +1 7 7
+7 * 7 0 7 0 0 1 0 0 1
+4 +1 7 0 7
+4 +8 7 0 7 0 0 2 0 0 2
+8 +1 7 0 7
+8 +5 7 7 0 0 4
+7 * 7 7 0 0 2
+7 * 7
+4 * 7 0 0 1 0 0 1
+3 +1 7
+3 * 7 0 0 0 0 0 0 0 0 7
+2 -19 7
+2 * 7
+8 +21 75
+6 * 75 0 0 0 0 0 0 0 0 75 11
+2 +12 5 5
+3 +2 5
+3 -2 5 5 0 0 3
+4 * 5 0 5
+4 +7 5
+3 * 5 0 0 0 0 0 0 0 0 5 2
+2 -21 77
+4 * 77
+3 * 77 0 0 0 0 0 0 0 0 77 2
+2 +2 82 82 0 0 65
+2 * 82
+6 * 82 0 0 0 0 0 0 0 0 82 18
+2 +3 7 7 0 1 1 0 1
+3 +5 7
+3 -5 7 7 0 0 3
+4 * 7 0 7
+4 +16 7
+3 * 7 0 0 0 0 0 0 0 0 7 2
+2 +5 7 0 7
+7 +1 7 7

fl=(141) /usr/src/debug/glibc/glibc/misc/../sysdeps/unix/syscall-template.S
fn=(470) mprotect
0x25630 117 7 0 0 1
+4 * 7
+5 * 7
+2 * 7 0 0 1 0 0 1
+6 * 7 0 0 0 0 0 0 0 0 7 2
+2 +5 7 7

fn=(660) munmap
0x25660 117 1
+4 * 1
+5 * 1
+2 * 1
+6 * 1 0 0 0 0 0 0 0 0 1
+2 +5 1 1

fl=(30)
fn=(142)
0x26430 197 10 0 0 2 0 0 1
+4 +1 10
+3 +1 10
+3 +1 10
+13 +17 10
+4 +1 10 0 0 0 0 0 0 0 0 10 5
+2 +2 6 6 0 0 1
+3 +1 6
+4 +1 6 0 0 0 0 0 0 0 0 6 2
+2 +2 4 4
+5 +1 4 0 4 0 0 1 0 0 1
+3 +1 4 0 4 0 0 1 0 0 1
+5 +2 4 4
+13 +80 4
+3 +1 4 0 0 0 0 0 0 0 0 4 2
+2 +2 2
+3 +4 2 0 0 0 0 0 0 0 0 2
+2 +1 2
+3 +1 2 0 0 0 0 0 0 0 0 2 1
+18 +8 2 2
+17 +39 2 2
+5 +1 2 2
+3 +1 2 0 2
+3 +1 2 0 2
+5 +1 2 2
+1 +7 2 2 0 0 1
+5 +1 2 2
+5 +1 2 0 2 0 0 1 0 0 1
+3 +1 2 0 2
+4 +1 2 0 2 0 0 2 0 0 2
+5 +1 2 0 2
+5 +1 2 2
+4 +11 2
+7 +1 2 0 0 0 0 0 0 0 0 2
+2 +2 2 2
+4 +1 2
+4 +1 2 0 0 0 0 0 0 0 0 2

fn=(84)
0x26440 210 30 0 0 3 0 0 1
+4 +1 30
+3 +6 30
+4 +1 30 0 0 0 0 0 0 0 0 30 6
+2 +2 23 23 0 0 1 0 0 1
+3 +1 23
+4 +1 23 0 0 0 0 0 0 0 0 23 9
+2 +2 14 14
+5 +1 14 0 14 0 0 4 0 0 4
+3 +1 14 0 14 0 0 1 0 0 1
+5 +2 14 14
+13 +80 7
+3 +1 7 0 0 0 0 0 0 0 0 7 5
+2 +2 1
+3 +4 1 0 0 0 0 0 0 0 0 1
+2 +1 1
+3 +1 1 0 0 0 0 0 0 0 0 1
+2 +1 1 1 0 1 1 0 1 1
+2 +1 1 0 0 0 0 0 0 0 0 1 1
+12 +4 1 0 1 0 0 1 0 0 1
+2 +2 1 1
+17 +39 6 6
+5 +1 6 6
+3 +1 6 0 6 0 0 4 0 0 4
+3 +1 6 0 6 0 0 1 0 0 1
+5 +1 6 6
+1 +7 8 8 0 1
+5 +1 8 8
+5 +1 8 0 8 0 0 1 0 0 1
+3 +1 8 0 8 0 0 2 0 0 2
+4 +1 8 0 8 0 0 2 0 0 2
+5 +1 8 0 8
+5 +1 8 8
+4 +11 9 0 0 2 0 0 1
+7 +1 9 0 0 0 0 0 0 0 0 9 1
+2 +2 8 8
+4 +1 8
+4 +1 8 0 0 0 0 0 0 0 0 8 7
+66 +20 1 0 0 1 0 0 1
+3 +1 1
+3 +4 1
+3 +2 1 0 0 0 0 0 0 0 0 1
+6 +16 1
+4 +3 1
+3 +2 1
+4 +2 1 0 0 1 0 0 1
+6 +4 1
+3 +1 1 0 0 0 0 0 0 0 0 1
+2 +9 1 1 0 0 1 0 0 1
+5 +1 1 1
+5 +2 1
+3 +2 1
+4 +1 1 1
+5 +1 1 1 0 0 1 0 0 1
+6 +3 1
+3 +2 1
+3 +2 1
+3 +2 1
+5 +6 1 1
+3 +1 1 1 0 0 1 0 0 1
+4 +1 1 1
+4 +1 1 1 0 1 0 0 1
+4 +1 1
+4 +1 1 0 1 0 0 1 0 0 1
+3 +1 1 0 1
+4 +1 1 0 1
+4 +1 1 0 1 0 0 1 0 0 1
+4 +1 1
+4 +1 1
+3 +1 1 0 0 0 0 0 0 0 0 1 1
-41 -11 2 2
+3 +1 2 2 0 0 1 0 0 1
+4 +1 2 2
+4 +1 2 2
+4 +1 2
+4 +1 2 0 2
+3 +1 2 0 2
+4 +1 2 0 2
+4 +1 2 0 2 0 0 2 0 0 2
+4 +1 2
+4 +1 2
+3 +1 2 0 0 0 0 0 0 0 0 2 1
+2 +2 1 0 1 0 0 1 0 0 1
+4 +1 1 0 1
+4 +1 1 0 1
+4 +1 1 0 1
+4 +2 1 0 1
+3 +4 1 1

fl=(17) /usr/src/debug/glibc/glibc/elf/../sysdeps/x86/cpu-features.c
fn=(38) init_cpu_features.constprop.0
0x18010 728 1 0 1 1 0 0 1
+1 +3 1
+2 -3 1
+3 * 1 0 1
+2 * 1 0 1
+2 * 1 0 1
+2 * 1 0 1
+2 * 1 0 1
+1 * 1
+7 +3 1 0 1
+7 +9 1 0 1 0 0 1 0 0 1
+10 -8 1 0 1
+7 +1 1 0 1 1 0 0 1
+7 +9 1 0 1 0 0 1 0 0 1
+11 +9 1
+2 * 1 0 1
+6 +3 1
+6 * 1 0 0 0 0 0 0 0 0 1
+6 * 1
+6 * 1 0 0 0 0 0 0 0 0 1
+6 * 1
+6 * 1 0 0 0 0 0 0 0 0 1
+6 +6 1
+4 * 1 0 0 1 0 0 1
+4 * 1
+4 * 1
+4 * 1
+3 * 1 0 1
cfn=(40) get_common_indices.constprop.0
calls=1 0x17020 431 
* * 71 10 23 7 0 3 7 0 3 8 1
+5 409 1
+5 * 1
+2 * 1
+2 +1 1
+5 * 1 0 0 0 0 0 0 0 0 1
+2 +1 1
+5 * 1
+2 * 1 0 1
+6 * 1 0 1
+6 * 1 0 1
+6 * 1 0 1 1 0 0 1
+6 +5 1
+6 * 1 0 0 0 0 0 0 0 0 1
+2 +1 1
+5 * 1
+2 * 1 0 1 0 0 1 0 0 1
+6 * 1 0 1
+6 * 1 0 1
+6 * 1 0 1
+6 +5 1
+6 * 1 0 0 0 0 0 0 0 0 1
+2 +1 1
+5 * 1
+2 * 1 0 1
+6 * 1 0 1 1 0 0 1
+6 * 1 0 1
+6 * 1 0 1
+6 765 1 0 1
cfn=(44) update_active.constprop.0
calls=1 0x17a40 90 
* * 200 42 39 19 1 2 19 1 2 21 12
+5 +4 1 1
+6 +4 1 1
+3 1156 1 1
+7 770 1
+2 * 1
+6 * 1 0 1
+6 +3 1
+3 * 1 0 0 0 0 0 0 0 0 1 1
+27 901 1 1 0 1 0 0 1
+7 * 1 0 0 0 0 0 0 0 0 1
+2 +7 1
+3 * 1 0 1
+6 +60 1 1
+7 * 1 0 0 0 0 0 0 0 0 1
+2 +7 1 1
+7 * 1 0 0 0 0 0 0 0 0 1
+2 +2 1
+3 * 1 0 1
+6 +4 1 0 0 1 0 0 1
+7 * 1 0 0 0 0 0 0 0 0 1 1
+11 +6 1 1
+7 * 1 0 0 0 0 0 0 0 0 1 1
+14 1156 1
+3 +8 1
+2 +1 1
fi=(21) /usr/src/debug/glibc/glibc/elf/../sysdeps/x86/dl-cacheinfo.h
+2 977 1 1
fe=(17)
+7 1156 1
+6 758 1
fi=(21)
+6 1010 1 0 0 1 0 0 1
+2 * 1
+3 * 1
+3 * 1 0 1
+6 * 1
+4 * 1 0 1
fe=(17)
+4 755 1
0x18267 1148 1 1 0 1 0 0 1
+6 * 1
+3 * 1 0 0 0 0 0 0 0 0 1
+2 +1 1
+3 * 1 0 1
+6 +3 1
+3 * 1 0 0 0 0 0 0 0 0 1
+2 +1 1 0 0 1 0 0 1
+3 * 1 0 1
+6 +3 1
+2 * 1 0 0 0 0 0 0 0 0 1 1
+14 +9 1 0 1
+6 +1 1 1
+3 -3 1 0 1
+7 +1 1 0 1
+6 +2 1 0 1
fi=(21)
+6 861 1
+4 * 1 0 0 0 0 0 0 0 0 1 1
0x18369 964 1 1 0 1 0 0 1
+7 +5 1 0 1
+7 +11 1
+3 -7 1 1 0 1 0 0 1
+7 +2 1 0 1
+7 +5 1
+5 -16 1 0 1 0 0 1 0 0 1
+7 +1 1 1
+7 +15 1
+4 -10 1 0 1
+7 -5 1 0 1
+7 +1 1 1
+7 +5 1 0 1
+7 -5 1 0 1 1 0 0 1
+7 +1 1 1
+7 +5 1 0 1
+7 -5 1 0 1
+7 +1 1 1
+7 +5 1 0 1
+7 -5 1 0 1
+7 +6 1 0 1
+7 +37 1 1
+7 * 1 0 0 0 0 0 0 0 0 1
+2 -17 1 1
+4 * 1 0 0 1 0 0 1
+2 * 1
+3 +8 1
+3 * 1
+4 +29 1
+10 * 1
+5 * 1
+3 * 1
+4 * 1
+7 * 1
+4 +9 1
+7 * 1 0 0 0 0 0 0 0 0 1 1
+42 +20 1 1 0 1 0 0 1
+7 * 1
+5 +13 1
+3 * 1
+5 -13 1
+4 +6 1
+4 +20 1 0 0 1 0 0 1
+7 -20 1
+4 +7 1
+2 -7 1 0 1
+7 +7 1 0 1
cfi=(12)
cfn=(30)
calls=1 0x14f60 435 
* * 17 4 1 0 2 0 0 2 0 3 1
+5 * 1 1
+4 +5 1
+3 * 1
+5 -3 1
+3 * 1 1
+8 +3 1
+2 * 1 0 1
cfi=(12)
cfn=(30)
calls=1 0x14f60 435 
* * 17 4 1 0 2 0 0 2 0 3 1
+5 * 1 1
+4 +80 1 1
+4 -68 1
+3 * 1 0 0 1 0 0 1
+5 -10 1
+3 +78 1
+4 * 1 1
+8 -72 1 1
+7 * 1
+4 +72 1 0 1
+7 -68 1
+2 +68 1 0 1
+4 -68 1 0 1
cfi=(12)
cfn=(30)
calls=1 0x14f60 435 
* * 17 4 1 0 2 0 0 2 0 3 1
+5 * 1 1
+4 +5 1
+3 -4 1
+10 +4 1 0 0 1 0 0 1
+5 -4 1
+7 * 1
+3 +55 1
+4 -51 1
+2 +51 1 0 1
+7 -51 1 0 1
cfi=(12)
cfn=(30)
calls=1 0x14f60 435 
* * 17 4 1 0 2 0 0 2 0 3 1
+5 * 1 1
+4 +5 1
+3 -4 1
+10 +4 1
+5 -4 1
+7 * 1
+3 +37 1 0 0 1 0 0 1
+4 -33 1
+2 +33 1 0 1
+7 * 1 0 1
+7 -33 1 0 1
cfi=(12)
cfn=(30)
calls=1 0x14f60 435 
* * 17 4 1 0 2 0 0 2 0 3
+5 * 1 1
+4 +7 1
+3 -6 1 1
+7 +6 1
+5 +42 1 1
+8 -42 1
+2 * 1 0 1
cfi=(12)
cfn=(30)
calls=1 0x14f60 435 
* * 17 4 1 0 2 0 0 2 0 3
+5 +2 1 1 0 1 0 0 1
+7 -2 1 1
+4 +2 1 1
+7 +40 1
+3 -40 1 0 0 0 0 0 0 0 0 1
+6 -2 1 0 1
+7 +26 1 0 1
+4 * 1 1
+4 * 1
+4 * 1
+3 * 1
+5 * 1 0 1
+8 * 1 0 1
+8 * 1 0 1 1 0 0 1
+8 * 1 0 1
cfi=(12)
cfn=(60) __GI___tunable_set_val
calls=1 0x148e0 162 
* * 39 7 4 4 0 0 4 0 0 6 1
+5 +6 1 1
+7 * 1 0 0 0 0 0 0 0 0 1
+6 +3 1 1
+4 * 1
+4 * 1
+3 * 1
+5 * 1 1
+7 * 1 0 1
+8 * 1 0 1 1 0 0 1
+8 * 1 0 1
+4 * 1 0 1
+8 * 1 0 1
cfi=(12)
cfn=(60)
calls=1 0x148e0 162 
* * 39 7 4 0 0 0 0 0 0 6 1
+5 +2 1 1
+4 * 1
+4 * 1
+3 * 1
+5 * 1 0 1
+4 * 1 0 1
+8 * 1 0 1
+8 * 1 0 1
+8 * 1 0 1 1 0 0 1
cfi=(12)
cfn=(60)
calls=1 0x148e0 162 
* * 39 7 4 0 0 0 0 0 0 6 1
+5 +1 1 1
+7 * 1 1
+4 * 1
+4 * 1
+5 * 1 0 1
+8 * 1 0 1
+4 * 1
+3 * 1 0 1
+8 * 1 0 1
+8 * 1 0 1
cfi=(12)
cfn=(60)
calls=1 0x148e0 162 
* * 39 7 4 0 0 0 0 0 0 6 1
+5 +1 1 0 1
+4 * 1 1 0 1 0 0 1
+4 * 1
+10 * 1 0 1
+4 * 1
+4 * 1
+3 * 1
+5 * 1
+3 * 1 0 1
+8 * 1 0 1
+8 * 1 0 1
cfi=(12)
cfn=(60)
calls=1 0x148e0 162 
* * 39 7 4 0 0 0 0 0 0 6
+5 +3 1
+4 * 1
+3 * 1 0 1
+4 * 1 1 0 1 0 0 1
+7 * 1
+5 * 1 0 1
+8 * 1 0 1
+8 * 1 0 1
+4 * 1
+3 * 1 0 1
cfi=(12)
cfn=(60)
calls=1 0x148e0 162 
* * 39 7 4 0 0 0 0 0 0 6
+5 +8 1 0 1
+7 +1 1 1
fe=(17)
+4 +12 1
fi=(21)
+2 -8 1 1
+7 -2 1 1 0 1 0 0 1
fe=(17)
+7 +10 1
+3 * 1
fi=(21)
+7 -12 1 0 1
+7 +1 1 1
+7 +3 1 0 1
+7 -2 1 0 1
+7 -1 1 0 1
+7 +2 1 0 1
+7 +2 1 0 1
fe=(17)
+7 +7 1 0 1 1 0 0 1
cfi=(12)
cfn=(30)
calls=1 0x14f60 435 
* * 16 3 1 1 2 0 1 2 0 2 2
+5 +3 1
+7 * 1
+3 * 1
+5 * 1 0 1
cfi=(12)
cfn=(30)
calls=1 0x14f60 435 
* * 18 4 1 0 0 0 0 0 0 3 2
+5 +9 1 1
+6 +4 1 1
+6 -4 1
+5 * 1 0 0 0 0 0 0 0 0 1 1
+97 +55 1 1 0 1 0 0 1
+7 -1 1 0 1
+11 +1 1 0 0 0 0 0 0 0 0 1 1
+6 +45 1
+7 * 1
+3 * 1
+5 * 1 0 1
cfi=(12)
cfn=(30)
calls=1 0x14f60 435 
* * 16 3 1 0 2 0 0 2 0 2 2
+5 +2 1
+7 * 1
+3 * 1 0 0 1 0 0 1
+5 * 1 0 1
cfi=(12)
cfn=(30)
calls=1 0x14f60 435 
* * 16 3 1 0 1 0 0 1 0 2 2
+5 +4 1 1
+8 * 1 0 0 0 0 0 0 0 0 1
+6 +3 1 1
+7 * 1 0 0 0 0 0 0 0 0 1
+6 * 1
+7 * 1
+7 +3 1 0 1 0 0 1 0 0 1
+7 +35 1
+3 * 1
+7 * 1
+5 -32 1 0 1
+7 +32 1 0 1
cfi=(12)
cfn=(30)
calls=1 0x14f60 435 
* * 18 4 1 0 2 0 0 2 0 3 2
+5 +7 1
+7 * 1 1
+1 * 1 1
+2 * 1 1
+2 * 1 1
+2 * 1 1
+2 * 1 1
+1 * 1 1
fi=(21)
+11 1046 1 0 0 1 0 0 1
+3 * 1 0 0 0 0 0 0 0 0 1
+2 * 1 0 1
+11 +3 1 0 0 1 0 0 1
+5 +1 1 0 1
+11 * 1
fe=(17)
+8 1195 1
+2 +1 1
+3 -1 1
+6 +1 1
+2 * 1 0 0 0 0 0 0 0 0 1 1
+75 +45 1 1 0 1 0 0 1
+6 * 1
+5 * 1 0 0 0 0 0 0 0 0 1 1
+23 +27 1 0 1
+7 * 1
+23 -10 1 0 0 1 0 0 1
+2 * 1
+5 * 1 0 0 0 0 0 0 0 0 1
+6 +1 1 1 0 1 0 0 1
+6 * 1
+2 * 1
+5 * 1 0 0 0 0 0 0 0 0 1
+6 +6 1
+7 -3 1 1
+7 * 1 0 0 0 0 0 0 0 0 1 1
fi=(21)
0x189f0 863 1 0 0 1 0 0 1
+5 * 1 0 1
+7 * 1 0 1 1 0 0 1
cfn=(52) handle_intel.constprop.0
calls=1 0x17960 266 
* * 466 50 18 13 6 0 13 6 0 110 31
+5 +1 1
+5 -1 1 0 1
+7 +1 1 0 1
cfn=(52)
calls=1 0x17960 266 
* * 533 50 18 0 0 0 0 0 0 130 27
+5 +4 1
+5 -4 1
+3 * 1 0 1
+4 +1 1 0 1
+4 +3 1 0 1
cfn=(52)
calls=1 0x17960 266 
* * 483 50 18 0 0 0 0 0 0 114 12
+5 +2 1
+5 -2 1 0 1
+7 +2 1 0 1
cfn=(52)
calls=1 0x17960 266 
* * 475 50 18 1 0 0 1 0 0 116 9
+5 +3 1
+5 -3 1 0 1 1 0 0 1
+7 +1 1 1
+7 * 1 0 1
+7 +2 1 0 1
cfn=(52)
calls=1 0x17960 266 
* * 456 50 18 0 0 0 0 0 0 111 12
+5 +2 1
+5 -2 1 0 1
+7 +2 1 0 1
cfn=(52)
calls=1 0x17960 266 
* * 458 50 18 0 0 0 0 0 0 112 10
+5 +2 1
+5 -2 1 0 1
+7 +2 1 0 1
cfn=(52)
calls=1 0x17960 266 
* * 508 50 18 0 0 0 0 0 0 122 18
+5 +2 1
+5 -2 1 0 1 1 0 0 1
+4 +2 1 0 1
cfn=(52)
calls=1 0x17960 266 
* * 498 50 18 0 0 0 0 0 0 123 10
+5 +2 1
+5 -2 1 0 1
+7 +2 1 0 1
cfn=(52)
calls=1 0x17960 266 
* * 500 50 18 0 0 0 0 0 0 124 9
+5 +3 1
+5 -2 1 0 1
+7 -1 1 0 1
+7 +3 1 0 1
cfn=(52)
calls=1 0x17960 266 
* * 523 50 18 0 0 0 0 0 0 131 14
+5 +2 1
+5 -2 1 0 1
+7 +2 1 0 1 1 0 0 1
cfn=(52)
calls=1 0x17960 266 
* * 525 50 18 0 0 0 0 0 0 132 9
+5 +2 1
+5 -2 1
+3 +2 1 0 1
cfn=(52)
calls=1 0x17960 266 
* * 526 50 18 0 0 0 0 0 0 131 11
+5 +2 1 1
+4 * 1
+4 * 1
+4 * 1
+4 -2 1 0 1
+7 +2 1 0 1
+7 * 1 0 1
cfn=(58) get_common_cache_info.constprop.0
calls=1 0x171d0 624 
* * 219 24 19 13 0 0 13 0 0 42 13
+5 1001 1 1
+4 -6 1 1
+4 * 1 1
+7 * 1 1 0 1 0 0 1
+7 +6 1
+4 -6 1 0 1
+7 * 1 1
+7 +6 1
+3 * 1
+4 -6 1 0 1
+4 * 1 1
+7 +6 1
+4 * 1 1
+7 * 1 1
+7 -1 1 0 0 1 0 0 1
+4 * 1
fe=(17)
0x191d0 775 1 1 0 1 0 0 1
+3 * 1 1
+3 * 1
+3 * 1 0 1
+3 565 1
+6 * 1 0 0 0 0 0 0 0 0 1
+6 * 1
+7 * 1 1 0 0 1 0 0 1
+4 781 1
+4 * 1 0 0 0 0 0 0 0 0 1
+6 * 1 0 0 1 0 0 1 0 0 1
+6 * 1
+4 * 1 0 0 0 0 0 0 0 0 1 1
0x19357 +37 1 0 0 1 0 0 1
+3 * 1 0 0 0 0 0 0 0 0 1
+2 +3 1
+7 * 1 0 1
+7 926 1 0 1
+11 +1 1 1
+3 * 1

fn=(40)
0x17020 431 1 0 1 1 0 0 1
+1 * 1
+3 * 1 0 1
+1 +4 1
+3 * 1 0 0 0 0 0 0 0 0 1
+2 * 1
+3 * 1
+3 +3 1
+5 * 1
+2 * 1 0 1 0 0 1 0 0 1
+6 +5 1
+2 * 1 0 0 1 0 0 1
+3 -5 1 0 1
+6 +5 1
+3 -5 1 0 1
+6 +4 1 0 1
+6 +1 1 0 1
+2 +1 1
+2 * 1
+3 * 1
+3 * 1 0 1
+2 +1 1
+2 * 1
+3 * 1
+6 * 1 0 1
+3 +1 1
+2 * 1
+3 * 1 0 1
+3 +1 1 1
+3 * 1 0 0 1 0 0 1 0 0 1
+6 +7 1 1
+7 * 1 0 0 0 0 0 0 0 0 1
+6 +2 1
+5 * 1
+2 * 1
+2 * 1 0 1
+6 +5 1
+5 -5 1 0 1
+6 +5 1
+5 -5 1 0 1
+6 * 1 0 1
+6 +5 1
+2 +7 1 1 0 1 0 0 1
+7 -7 1 0 1 0 0 1 0 0 1
+6 * 1 0 1
+6 * 1 0 1
+6 * 1 0 1
+6 +7 1 0 0 0 0 0 0 0 0 1
+6 +1 1
+5 * 1
+5 * 1
+2 +6 1 1
+7 -6 1 0 1 0 0 1 0 0 1
+6 * 1 0 1
+6 * 1 0 1 1 0 0 1
+6 * 1 0 1
+6 +6 1 0 0 0 0 0 0 0 0 1 1
fi=(18) /usr/src/debug/glibc/glibc/elf/../sysdeps/unix/sysv/linux/x86/dl-minsigstacksize.h
+77 24 1 1 0 1 0 0 1
+8 * 1 0 0 0 0 0 0 0 0 1
+2 +3 1 1
+7 * 1 0 0 0 0 0 0 0 0 1
+2 +1 1 1
+7 * 1 0 0 0 0 0 0 0 0 1
+2 +37 1
+5 * 1
+2 * 1
+2 +9 1 0 0 1 0 0 1
+6 * 1 0 1
fe=(17)
+7 490 1 1
+4 * 1 1
+1 * 1 1

fn=(44)
0x17a40 90 1 0 1 1 0 0 1
+1 * 1
+3 * 1 0 1
+2 * 1 0 1
+2 * 1 0 1
+2 * 1 0 1
+2 * 1 0 1
+1 * 1
+4 +4 1 1
+6 +37 1 1
+7 -9 1 1
+7 -18 1 1
+6 -1 1
+2 -1 1
+2 +25 1
+2 -14 1 1
+7 -10 1
+6 -1 1 0 0 1 0 0 1
+6 * 1 1
+6 +25 1
+6 -24 1
+2 +27 1
+3 -26 1 0 1
+6 +17 1
+3 +6 1
+2 +7 1
+3 -22 1
+5 +18 1
+7 -18 1 1
+6 +18 1 1
+7 +4 1 0 0 1 0 0 1
+6 -7 1 0 1
+6 +7 1 1
+6 -7 1 0 1
+6 -6 1
+6 +13 1 0 1 0 0 1 0 0 1
+6 -13 1 1
+6 -9 1 0 1
+6 +18 1 0 1
+7 +4 1 0 1
+6 +1 1 1
+6 +7 1 1 0 1 0 0 1
+7 +5 1 1
+7 -8 1
+2 -4 1 0 1
+6 +13 1 1 0 0 1 0 0 1
+6 -9 1
+6 * 1 1
+6 +7 1
+3 -7 1 0 1
+6 * 1
+3 +1 1 1
+6 +8 1
+3 * 1 0 1 1 0 0 1
+6 +3 1
+3 -5 1
+7 * 1 1
+7 -6 1
+6 * 1 0 1
+6 +1 1 1
+6 +10 1
+6 * 1
+2 -5 1 0 1
+7 -5 1
+6 * 1 0 1
+6 +6 1 0 0 1 0 0 1
+3 * 1
+6 * 1 1
+6 +4 1
+7 * 1
+3 -4 1 0 1
+6 +4 1 0 1
+6 +14 1
+2 * 1 0 0 0 0 0 0 0 0 1 1
+8 389 1
+2 * 1 0 0 0 0 0 0 0 0 1 1
+9 +4 1 1
+6 * 1 0 0 1 0 0 1
+3 * 1 0 0 0 0 0 0 0 0 1 1
fi=(19) /usr/src/debug/glibc/glibc/elf/../sysdeps/unix/sysv/linux/x86/dl-hwcap2.h
+34 25 1 1
+7 * 1 0 0 0 0 0 0 0 0 1 1
fi=(20)
+13 +6 1
+2 -3 1
+2 +3 1
+5 * 1 0 0 0 0 0 0 0 0 1 1
fe=(17)
+6 402 1 0 1
+6 +1 1
+4 * 1 1
+1 * 1 1
+2 * 1 1
+2 * 1 1
+2 * 1 1
+2 * 1 1
+1 * 1 1
+4 163 1 0 1 1 0 0 1
+10 +6 1
+3 * 1
+6 * 1
+2 * 1 0 1
+6 * 1 0 1 1 0 0 1
+6 +1 1
+2 * 1
+3 * 1 0 1
+6 +2 1
+2 * 1
+2 * 1 0 0 0 0 0 0 0 0 1 1
+6 +91 1 1
+6 -1 1
+2 * 1 0 0 0 0 0 0 0 0 1 1
0x17cd0 +17 1 1 0 1 0 0 1
+6 * 1
+2 * 1
+5 * 1 0 0 0 0 0 0 0 0 1
+6 +16 1 1
+7 * 1 0 0 0 0 0 0 0 0 1 1
+16 +4 1 0 1 1 0 0 1
+10 +1 1 1
+6 +3 1
+3 * 1
+4 * 1 1
+7 * 1 0 1
+7 +4 1
+3 * 1 0 0 0 0 0 0 0 0 1
+6 +4 1
+5 * 1
+2 * 1
+2 +1 1
+2 * 1 0 0 0 0 0 0 0 0 1
+6 +5 1
+6 -1 1 0 0 1 0 0 1
+3 +10 1
+3 -6 1
+2 +2 1 0 1
+6 -2 1 0 1
+7 +3 1 0 1 0 0 1 0 0 1
+7 +3 1 0 0 0 0 0 0 0 0 1 1
0x17e00 +63 1 0 0 1 0 0 1
fi=(20)
+3 30 1 1
fe=(17)
+6 389 1
+3 * 1
fi=(20)
+12 32 1 1
+6 * 1
+3 * 1 0 0 0 0 0 0 0 0 1
+6 +7 1 1
+6 * 1
+2 * 1
+2 * 1
+6 * 1 0 0 0 0 0 0 0 0 1
+6 +1 1 1 0 1 0 0 1
+6 * 1
+3 * 1 0 0 0 0 0 0 0 0 1
+6 +8 1
+2 * 1
+5 * 1 0 0 0 0 0 0 0 0 1
+2 +1 1 1
+6 +2 1
+2 * 1
+2 * 1
+6 * 1 0 0 0 0 0 0 0 0 1 1
fe=(17)
+83 176 1 0 0 1 0 0 1
+6 * 1 0 0 0 0 0 0 0 0 1
+2 +6 1 0 0 1 0 0 1
+4 * 1 0 0 0 0 0 0 0 0 1 1
+6 +14 1
+3 +12 1
+6 * 1 1
+6 -30 1 0 1
+10 +18 1
+5 +12 1
+6 -12 1
+3 +12 1 0 1
+6 -12 1 0 1
+6 +2 1
+3 * 1 0 0 1 0 0 1
+3 * 1 1
+6 * 1 0 1
+6 +6 1
+3 * 1
+5 * 1
+3 * 1 0 1
+6 +2 1 1
+6 * 1
+5 * 1
+3 * 1 0 1
+6 +7 1 1
+6 * 1
+2 * 1
+2 * 1 0 0 1 0 0 1 0 0 1 1
0x17fd0 -24 1 0 1 1 0 0 1
+10 -5 1
+3 * 1 0 1
+6 +4 1
fi=(20)
+5 54 1
+3 * 1 0 0 0 0 0 0 0 0 1
+6 +9 1
+2 * 1
+2 * 1
+5 * 1
+3 * 1
+7 * 1
fe=(17)

fl=(25)
fn=(90)
0x14180 43 178
+4 +2 178
+2 * 178 178

fn=(70) __tls_pre_init_tp
0x14190 54 1 0 0 1 0 0 1
+4 * 1
+7 * 1
+4 * 1
+4 +3 1
+5 * 1
+5 * 1
+5 * 1
+4 * 1
+4 * 1
+4 * 1 0 1 1 0 1 1 0 1
+3 * 1 0 1
+4 * 1 0 1
+4 +5 1
+7 * 1 0 1
+7 +1 1 0 1
+7 +2 1 1

fn=(284) __tls_init_tp
0x141e0 69 1 0 0 1
+4 * 1 0 1
fi=(400) /usr/src/debug/glibc/glibc/elf/../include/list.h
+1 -25 1
fe=(25)
+7 +25 1
+3 * 1
fi=(400)
+4 -26 1 1 0 0 1
fe=(25)
+7 +27 1 1 0 1 0 0 1
+9 +3 1
fi=(400)
+7 -30 1 0 1
fe=(25)
+7 +33 1
fi=(400)
+7 -32 1 0 1
+7 +1 1 0 1
+4 +2 1 0 1
fe=(25)
+7 +29 1
+5 * 1
+2 * 1 0 1
+6 +1 1
+7 +18 1 0 0 1 0 0 1
+5 -6 1
+7 -12 1 0 1
+9 +1 1 0 1
+12 +1 1 0 1
+12 +5 1 1
+7 * 1 0 1
+8 +11 1
+5 -6 1 0 1 1 0 0 1
+7 +2 1 0 1
+7 +1 1 0 1
+11 +3 1
+2 +16 1
+2 * 1
+4 * 1
+5 * 1 0 1
cfi=(12)
cfn=(30)
calls=1 0x14f60 435 
* * 18 4 1 0 0 0 0 0 0 3 2
fi=(77) /usr/src/debug/glibc/glibc/elf/../sysdeps/unix/sysv/linux/rseq-internal.h
+5 -11 1 1
+3 -7 1 1
+7 +7 1
+2 * 1 0 0 0 0 0 0 0 0 1 1
+2 +24 1 0 1
fe=(25)
+9 -11 1 0 1
+10 +6 1 1
+7 * 1 0 1
+9 +1 1 1
+1 * 1 1
fi=(77)
+4 -12 1 1 0 1 0 0 1
+6 * 1
+5 -15 1 0 1
+4 * 1
+3 +15 1
+2 * 1
+3 +4 1
+2 -19 1 1 0 1 0 0 1
+9 +19 1
+2 * 1 0 1
+3 * 1 0 1
cfi=(10) /usr/src/debug/glibc/glibc/string/../sysdeps/x86_64/multiarch/../multiarch/memset-vec-unaligned-erms.S
cfn=(20) memset
calls=1 0x26630 +25 
* * 13 1 2 0 0 1 0 0 1 2
+6 +4 1 1
+4 +2 1
+6 * 1
+2 -6 1
+3 +6 1
+5 -2 1 0 1
+9 +2 1 1
+3 * 1
+2 +1 1
+5 * 1 0 0 0 0 0 0 0 0 1 1
fe=(25)

fl=(15) /usr/src/debug/glibc/glibc/elf/../sysdeps/unix/sysv/linux/brk.c
fn=(32) brk
0x24110 36 1 0 0 1 0 0 1
fi=(401) /usr/src/debug/glibc/glibc/elf/../sysdeps/unix/sysv/linux/brk_call.h
+4 -12 1
+5 * 1
fe=(15)
+2 +13 1 0 1 0 0 1 0 0 1
+7 +1 1
+3 * 1 0 0 0 0 0 0 0 0 1
+2 +6 1
+2 +1 1 1

fl=(47) /usr/src/debug/glibc/glibc/elf/../elf/dl-tls.c
fn=(270) _dl_tls_static_surplus_init
0x13300 133 1 0 0 1 0 0 1
+4 * 1 0 1
+1 +3 1
+2 -3 1
+3 * 1 0 1
+2 * 1
+3 +3 1
+5 -3 1 0 1
+1 +3 1
+4 -3 1
+4 +3 1 0 1
cfi=(12)
cfn=(30)
calls=1 0x14f60 435 
* * 17 4 1 0 2 0 0 2 0 3
+5 * 1 1
+4 +1 1
+2 * 1
+4 * 1
+5 * 1 0 1
cfi=(12)
cfn=(30)
calls=1 0x14f60 435 
* * 17 4 1 0 2 0 0 1 0 3
+5 +1 1
+5 +2 1
+5 -3 1 1 0 1 0 0 1
+4 +1 1
+3 * 1
+4 +2 1
+3 * 1
+3 * 1 0 0 0 0 0 0 0 0 1
+2 +3 1
+3 +2 1 0 1
+7 -26 1
+4 * 1
+3 * 1
+3 +28 1
+7 * 1
+2 * 1 0 1
+7 +1 1
+4 * 1 1
+1 * 1 1
+2 * 1 1
+1 * 1 1

fn=(272) _dl_determine_tlsoffset
0x13510 251 1 0 0 1 0 0 1
+4 * 1 0 1
+1 * 1
+3 * 1
+4 +37 1 1
+7 -37 1 0 1
+4 * 1 0 1
+4 * 1 0 1
+4 +37 1
+3 * 1 0 0 0 0 0 0 0 0 1
+6 * 1 0 1
+4 -2 1
+2 -32 1 0 0 1 0 0 1
+3 -1 1
+3 -1 1
+6 * 1
+6 +63 3
+4 * 3
+2 * 3
+3 +3 3
+3 -3 3
+3 * 3
+3 * 3
+3 * 3
+3 * 3
+4 +5 3
+3 +7 3 0 3
+7 -7 3
+3 * 3
+3 * 3
+4 * 3
+4 +3 3
+3 -34 3 3
+4 -1 3
+3 * 3 0 0 0 0 0 0 0 0 3
-7 +1 4 4
+4 -1 4
+3 * 4 0 0 0 0 0 0 0 0 4 1
+2 +3 7 7 0 1 3 0 1
+7 * 7
+3 * 7 0 0 0 0 0 0 0 0 7 3
+2 +4 3 3
+7 -1 3 3
+7 +5 3
+3 -5 3
+3 +1 3
+4 -1 3
+3 +3 3
+3 * 3
+4 +2 3 0 0 1 0 0 1
+3 * 3
+3 * 3 0 0 0 0 0 0 0 0 3 3
+60 -11 1 1 0 1 0 0 1
fi=(74) /usr/src/debug/glibc/glibc/elf/../sysdeps/unix/sysv/linux/dl-extra_tls.h
+4 32 1
+2 * 1
+4 * 1
+5 +12 1
+6 -12 1 0 1
cfi=(12)
cfn=(30)
calls=1 0x14f60 435 
* * 18 4 1 0 2 0 0 2 0 3 2
+5 +1 1 1
+3 * 1
+2 * 1 0 0 0 0 0 0 0 0 1
+2 +4 1 1
+6 * 1
+5 * 1 1
+7 * 1
+2 * 1
+3 * 1
+2 * 1
+5 * 1 0 0 1 0 0 1
+3 * 1
+3 * 1
+3 +14 1
+2 * 1
+4 * 1
+5 * 1 0 1
cfi=(12)
cfn=(30)
calls=1 0x14f60 435 
* * 18 4 1 0 0 0 0 0 0 3 2
+5 +1 1 1
+3 * 1
+2 * 1 0 0 0 0 0 0 0 0 1 1
fe=(47)
+19 350 1
+5 * 1
+2 * 1
+3 * 1
+3 * 1
+3 * 1 0 0 1 0 0 1
+3 +14 1
+2 +91 1 0 1
+7 +1 1 1
+4 -95 1
+3 +2 1 0 1
+7 +93 1 1
+4 -95 1
+3 * 1 0 1
+7 +3 1 1
+7 * 1
+5 * 1
+3 +92 1 1
+4 -92 1
+3 * 1
+3 * 1
+3 +2 1
+7 * 1 0 1
+7 +90 1 1
+1 * 1 1
fi=(74)
+5 54 1 1 0 1 0 0 1
fe=(47)
+7 344 1
+3 * 1
+3 * 1
+4 +6 1
+3 * 1 0 0 0 0 0 0 0 0 1
+2 * 1

fn=(604) _dl_tls_initial_modid_limit_setup
0x13e30 1138 1 0 0 1 0 0 1
+4 +1 1 1
+7 +3 1
+5 * 1 1 0 1 0 0 1
+3 * 1
+4 * 1 0 0 0 0 0 0 0 0 1 1
+9 +6 3 3
+7 * 3 0 0 0 0 0 0 0 0 3
+2 -6 3
+4 * 3
+3 * 3 0 0 0 0 0 0 0 0 3
+2 +2 4
+3 * 4
+4 * 4 4 0 0 1 0 0 1
+5 +1 4
+3 * 4 0 0 0 0 0 0 0 0 4 3
+2 +6 1 0 1 0 0 1
+7 +1 1 1

fn=(148) _dl_count_modids
0x134a0 228 1 0 0 1 0 0 1
+4 +2 1 1
+7 * 1 0 0 0 0 0 0 0 0 1
+2 +1 1 1 0 0 1 0 0 1
+7 +15 1
+3 * 1 1

fn=(244) _dl_assign_tls_modid
0x133a0 161 3 0 0 1 0 0 1
+4 * 3 0 3
+1 * 3
+3 * 3
+4 +3 3 3
+7 * 3 3
+7 * 3 0 0 0 0 0 0 0 0 3
+2 +53 3
+4 +2 3 0 3 1 0 0 1
+7 +3 3 0 3
+7 +1 3 3
+1 * 3 3

fn=(472) _dl_add_to_slotinfo
0x13e80 1177 3 0 0 1 0 0 1
+4 +1 3 3
+8 * 3 0 0 0 0 0 0 0 0 3
+2 * 3 3
+7 * 3 0 0 0 0 0 0 0 0 3 2
+2 -1 3 0 3
+1 * 3
+3 * 3
+3 * 3
+3 * 3
+4 +9 3 3
+7 +3 3 3 0 0 1
+7 +1 3
+28 +4 3 3 0 1 1 0 1
+3 * 3
+3 * 3 0 0 0 0 0 0 0 0 3
+2 +45 3
+5 -9 3
+3 * 3 0 0 0 0 0 0 0 0 3 2
+17 +3 3
+4 * 3 0 3 0 0 2 0 0 1
+5 +1 3 3
+7 * 3 0 0 1 0 0 1
+4 * 3 0 3
+5 +5 3
+3 -3 3 0 3
+8 +4 3 3
+1 * 3 3

fn=(606) _dl_allocate_tls_init
0x13800 612 1 0 0 1 0 0 1
+4 * 1 0 1
+1 * 1
+3 * 1
+4 * 1 0 1
+4 * 1 0 1
+4 +1 1
+3 * 1 0 0 0 0 0 0 0 0 1
+6 * 1 0 1
+4 +4 1 1 0 0 1
+4 +6 1
+7 * 1 0 1
+4 +3 1
+7 * 1 0 1
+4 * 1 0 1
+4 * 1 0 1 1 0 0 1
+4 -9 1 0 1
+4 +6 1 1 1 0 0 0 0 0 0 0 0 1 1
cfi=(25)
cfn=(90)
calls=1 0x14180 43 
* * 3 1
+6 +3 1 1
+7 * 1 1 0 0 1
+4 * 1 0 0 0 0 0 0 0 0 1
+6 +36 1 1
+7 -43 1
+2 +43 1
+3 * 1
+6 -19 1
+3 * 1
+3 * 1
+4 * 1 1
+3 * 1 0 0 1 0 0 1 0 0 1 1
+6 * 1
+3 * 1
+3 * 1
+3 * 1 0 1
+4 * 1
+3 * 1
+3 * 1
+10 +9 3
+3 * 3
+4 * 3 3
+5 +1 3
+3 * 3 0 0 0 0 0 0 0 0 3
+6 +6 3 3
+5 * 3 3 0 1 0 0 1
+7 * 3 0 0 0 0 0 0 0 0 3
+6 +3 3 3 0 0 2
+7 -2 3
+3 +6 3 3
+7 -6 3
+4 +2 3 3 0 0 1
+8 * 3
+3 +4 3
+4 -4 3
+4 * 3 3
+4 * 3 0 3 0 0 1 0 0 1
+3 +3 3
+4 * 3 0 0 0 0 0 0 0 0 3
+6 +4 3 0 0 1 0 0 1
+3 * 3 0 0 0 0 0 0 0 0 3
+6 +1 3 3
+7 * 3 3 0 0 1
+7 * 3
+3 * 3 0 0 0 0 0 0 0 0 3
+6 +2 3
+3 * 3 0 0 0 0 0 0 0 0 3
+6 +1 3 3
+4 * 3
+3 +9 3 0 3
+3 +10 3 3
+5 * 3 0 0 0 0 0 0 0 0 3
+8 * 3 0 3 1 0 0 1
+4 +2 3 3
+7 * 3 0 3
+4 * 3 0 3
+4 * 3 0 3
cfi=(30)
cfn=(142)
calls=3 0x26430 197 
* * 47 7 4 1 2 2 0 0 2 12 5
+6 * 3 3
+4 * 3 3
+4 * 3
+2 * 3
+3 * 3
+3 * 3 0 3
cfi=(10)
cfn=(20)
calls=3 0x26630 137 
* * 52 3 12 4 0 1 0 0 1 8 3
+6 +3 3 3
+4 * 3 3
+4 * 3 0 0 0 0 0 0 0 0 3
+2 +1 3 0 3
+7 +4 3 3
+7 -59 3
+4 * 3
+4 * 3 3
+3 * 3 0 0 0 0 0 0 0 0 3
+2 +6 4 0 0 1 0 0 1
+3 * 4 0 0 0 0 0 0 0 0 4 3
+6 +59 1
+7 * 1 1 1 0 0 0 0 0 0 0 0 1 1
cfi=(25)
cfn=(90)
calls=1 0x14180 43 
* * 3 1
+6 +3 1 1
+4 * 1 1
+4 * 1 1
+4 * 1 1
+4 * 1 0 1
+3 * 1 1 0 1 0 0 1
+4 * 1 1
+4 +3 1 1
+4 * 1 1
+1 * 1 1

fn=(276) _dl_allocate_tls_storage
0x13720 517 1 0 0 1 0 0 1
+4 * 1 0 1
+1 * 1
+3 * 1
+4 * 1 0 1
fi=(75) /usr/src/debug/glibc/glibc/elf/./dl-tls_block_align.h
+4 23 1 1
fe=(47)
+7 +74 1 1 1 0 0 0 0 0 0 1
+8 523 1 1 0 1 0 0 1
+7 * 1
fi=(29)
+5 56 1 1 1 0 0 0 0 0 0 0 0 1 1
cfi=(28)
cfn=(80)
calls=1 0xc690 -20 
* * 105 21 18 0 0 0 0 0 0 11 7
fe=(47)
+6 525 1
+3 * 1 0 0 0 0 0 0 0 0 1
fi=(75)
+2 41 1 1
+7 * 1 0 1
+4 +6 1
+2 * 1
+3 * 1
+5 * 1
+3 * 1
+3 +5 1
+2 -5 1
+3 +5 1
+5 -4 1 0 0 1 0 0 1
+8 +4 1 0 1
cfi=(10)
cfn=(20)
calls=1 0x26630 +85 
* * 273 1 148 1 0 37 0 0 37 39 5
fe=(47)
+6 535 1 0 1 0 0 1 0 0 1
fi=(75)
+7 52 1
fe=(47)
+3 537 1 0 1
cfn=(280) allocate_dtv
calls=1 0x12f60 -77 
* * 48 10 9 2 0 0 2 0 0 5 2 2 1
+5 * 1
+3 +1 1
+3 * 1 0 0 0 0 0 0 0 0 1
+2 +2 1 1
+7 * 1 0 0 0 0 0 0 0 0 1
+2 103 1 1 1 0 0 0 0 0 0 1
+8 * 1 1
+4 545 1
+3 * 1 1
+4 * 1 1
+1 * 1 1

fn=(280)
0x12f60 460 1 0 1 1 0 0 1
fi=(29)
+1 44 1
fe=(47)
+5 460 1
+3 * 1 0 1
+2 * 1
+3 * 1 0 1
+1 +5 1 1
+7 +5 1
fi=(29)
+4 44 1 1 1 0 0 0 0 0 0 0 0 1 1
cfi=(28)
cfn=(76)
calls=1 0xc7e0 +36 
* * 28 4 3 0 0 0 0 0 0 4 2 1
fe=(47)
+6 471 1 0 0 1 0 0 1
+3 * 1 0 0 0 0 0 0 0 0 1
+2 -2 1
+4 +11 1
+4 -11 1 0 1
+4 +11 1 0 1
+5 * 1
+3 +6 1 1
+1 * 1 1
+2 * 1 1
+1 * 1 1

fl=(70) /usr/src/debug/glibc/glibc/io/../sysdeps/unix/sysv/linux/pread64_nocancel.c
fn=(246) __pread64_nocancel
0x253b0 25 2 0 0 1 0 0 1
+4 * 2
+3 +1 2
+5 * 2
+2 * 2
+6 * 2 0 0 0 0 0 0 0 0 2
+2 +1 2 2

fl=(64) /usr/src/debug/glibc/glibc/io/../sysdeps/unix/sysv/linux/close_nocancel.c
fn=(212) __GI___close_nocancel
0x25210 25 6 0 0 1 0 0 1
+4 +1 6
+5 * 6
+2 * 6
+6 * 6 0 0 0 0 0 0 0 0 6
+2 +1 6 6

fl=(79) /usr/src/debug/glibc/glibc/elf/dl-reloc.c
fn=(294) _dl_relocate_object_no_relro
0xf7e0 207 7 0 0 1 0 0 1
+4 * 7 0 7
+1 * 7
+3 * 7
+3 * 7 0 7
+2 * 7 0 7
+2 * 7
+3 * 7 0 7
+2 * 7 0 7
+2 * 7 0 7
+1 * 7
+7 * 7 0 7 1 0 0 1
+6 +16 7
+6 -16 7 0 7
+7 +16 7 0 0 0 0 0 0 0 0 7
+2 +3 7 7 0 0 1
+6 * 7
+2 * 7 0 0 0 0 0 0 0 0 7 6
+85 -6 7 0 0 1 0 0 1
+2 +26 7 7
+6 * 7
+3 * 7 0 0 0 0 0 0 0 0 7
+2 +1 7 7 0 1 6 0 1
+8 * 7 0 0 0 0 0 0 0 0 7 4
+6 -30 2 2
+6 * 2
+3 * 2 0 2
+6 +33 2
+2 * 2 0 0 0 0 0 0 0 0 2 1
+6 +7 2 2
+7 * 2
+3 * 2 0 0 0 0 0 0 0 0 2
fi=(6) /usr/src/debug/glibc/glibc/elf/../sysdeps/x86_64/dl-machine.h
+6 78 2 2
+8 * 2 0 0 0 0 0 0 0 0 2 1
+2 * 1 1 0 1 0 0 1
+7 * 1
+3 * 1 0 0 0 0 0 0 0 0 1 1
+2 +6 1 1
+4 * 1 1 0 0 1
+4 * 1 1
+8 * 1 0 0 0 0 0 0 0 0 1 1
+5 +4 1 1 0 0 1 0 0 1
+4 * 1
+3 * 1 0 0 0 0 0 0 0 0 1
+6 +6 1 0 1
+4 +9 1
+3 * 1 0 0 0 0 0 0 0 0 1
+6 +23 1 1 0 0 1
+7 * 1 0 1
fe=(79)
+4 +88 1 0 1
fi=(4)
+10 79 1 1
fe=(79)
+8 296 1
+7 * 1 1 0 0 1
fi=(4)
+3 79 1
+2 * 1
fe=(79)
+3 296 1
+3 * 1 0 0 0 0 0 0 0 0 1
fi=(4)
-26 79 6 6 0 1 0 0 1
fe=(79)
+8 296 6
+7 * 6 6 0 0 2
fi=(4)
+3 79 6
+2 * 6
fe=(79)
+3 296 6
+3 * 6 0 0 0 0 0 0 0 0 6 1
+6 * 6 6 0 0 5
+7 * 6
+3 * 6 0 0 0 0 0 0 0 0 6 1
+6 * 5
+2 * 5
+2 * 5 0 0 1 0 0 1
+4 * 5 5 0 0 4
+4 * 5 5 0 0 1
+7 * 5 5 0 0 2
+4 * 5
+2 * 5
+3 * 5
+3 * 5 0 0 0 0 0 0 0 0 5 2
+37 * 23
+3 * 23 0 23 0 0 23 0 0 19
+3 * 23
+4 * 23
+4 * 23
+3 * 23 0 0 0 0 0 0 0 0 23 1
-7 * 141
+4 * 141
+3 * 141 0 0 0 0 0 0 0 0 141 8
+2 * 164 164 0 1 25 0 1 25
+3 * 164
+3 * 164 0 0 0 0 0 0 0 0 164 22
+2 * 141
+3 * 141
+3 * 141 0 0 0 0 0 0 0 0 141 18
+31 * 2656
+3 * 2656
+4 * 2656
+3 * 2656 0 0 0 0 0 0 0 0 2656 247
-3 * 141 0 0 1 0 0 1
+3 * 141 0 0 0 0 0 0 0 0 141 46
+2 * 1453
+3 * 1453
+4 * 1453
+2 * 1453
+11 * 1453
+3 * 1453 0 0 0 0 0 0 0 0 1453 215
-3 * 2954
+3 * 2954 0 0 0 0 0 0 0 0 2954 320
+2 * 3095 0 3095 0 0 728 0 0 724
+3 * 3095
+3 * 3095 0 0 0 0 0 0 0 0 3095 150
+6 * 2954
+4 * 2954
fi=(4)
+11 79 5 5 0 1 0 0 1
fe=(79)
+8 296 5 5
fi=(4)
+3 79 5
+2 * 5
fe=(79)
+3 296 5 5
+4 * 5
+4 * 5 0 5
+8 * 5 0 5
+7 * 5 0 5
+8 * 5 0 5
+7 * 5 0 5
+4 * 5 0 5
+4 * 5 0 0 1 0 0 1
+3 * 5 0 0 0 0 0 0 0 0 5
-49 * 2 2
+4 * 2
+4 * 2 0 2
+8 * 2 0 2
+7 * 2 0 2
+8 * 2 0 2
+7 * 2 0 2
+4 * 2 0 2
+4 * 2
+3 * 2 0 0 0 0 0 0 0 0 2
+6 * 7 7 0 0 6
+4 * 7
+2 * 7
+3 * 7 0 0 0 0 0 0 0 0 7
+2 * 7
+2 * 7 7 0 0 6 0 0 1
+7 * 7
+4 * 7
+3 * 7 7 0 0 1
+7 * 7 0 7
+4 * 7 7 0 0 1
+4 * 7 0 7
+4 * 7
+3 * 7 0 0 0 0 0 0 0 0 7 6
+2 * 1 1 0 0 1
+4 * 1 0 1
+4 * 1 1
+8 * 1 0 0 0 0 0 0 0 0 1
-8 * 6 6 0 1 1 0 1
+8 * 6 0 0 0 0 0 0 0 0 6 4
+2 * 3 3
+7 * 3
+2 * 3
+5 * 3
+4 * 3 3
+4 * 3 3
+4 * 3
+3 * 3
+4 * 3 3 0 0 1
+4 * 3
+4 * 3 0 3
+4 * 3
+4 * 3
+3 * 3 0 0 1 0 0 1 0 0 3
+6 * 3 3
+7 * 3
+3 * 3 0 0 0 0 0 0 0 0 3 2
+6 * 1 1
+6 * 1 0 1
+4 * 1 0 1
+4 * 1 0 1
fi=(5) /usr/src/debug/glibc/glibc/elf/do-rel.h
+3 53 1 0 1
+7 * 1
+3 * 1
+4 * 1
+3 * 1 0 1
+6 * 1 0 1
fe=(79)
+7 296 1 1
fi=(5)
+4 49 1 1
+4 +4 1 1
+4 +27 1 1
+4 -32 1
+5 +1 1
+4 +1 1
+4 -1 1
+4 +1 1
+5 +3 1
+2 * 1
+3 * 1
+4 -3 1
+4 +3 1 1
+4 * 1 0 1
+7 -3 1 0 1
+8 +30 1
+3 * 1 0 0 0 0 0 0 0 0 1 1
0xfae7 -27 6 0 6
+7 * 6
+3 * 6
+4 * 6
+3 * 6 0 6
+6 * 6 0 6 1 0 0 1
fe=(79)
+7 296 6 6
fi=(5)
+4 49 6 6
+4 +4 6 6
+4 +27 6 6
+4 -32 6
+5 +1 6
+4 +1 6
+4 -1 6
+4 +1 6
+5 +3 6
+2 * 6
+3 * 6
+4 -3 6
+4 +3 6 6
+4 * 6 0 6 1 0 0 1
+7 -3 6 0 6
+8 +30 6
+3 * 6 0 0 0 0 0 0 0 0 6 3
fe=(79)
-73 296 7 7 0 0 1
fi=(5)
+4 49 7 7
+4 +4 7 7
+4 +27 7 7
+4 -32 7
+5 +1 7
+4 +1 7
+4 -1 7
+4 +1 7
+5 +3 7
+2 * 7
+3 * 7
+4 -3 7
+4 +3 7 7
+4 * 7 0 7
+7 -3 7 0 7
+8 +30 7
+3 * 7 0 0 0 0 0 0 0 0 7 6
+6 +3 1
+5 * 1
+3 * 1 0 0 0 0 0 0 0 0 1
+6 -11 1
+3 * 1
+3 * 1
+5 * 1 0 1
+7 * 1
+3 * 1
fi=(6)
+9 509 34 34
+3 * 34
+3 +4 34
+4 * 34 0 0 0 0 0 0 0 0 34
+2 +3 34 34
+7 * 34
+3 * 34 0 0 0 0 0 0 0 0 34 1
+6 +1 34 0 34 0 0 4 0 0 4
fi=(5)
+4 83 34
+4 * 34
+3 * 34 0 0 0 0 0 0 0 0 34 1
+6 +2 34 34 0 1 13 0 1 13
+4 * 34
+2 * 34
+3 * 34 0 0 0 0 0 0 0 0 34 3
0xfdb0 -2 1 1 0 1 0 0 1
+7 * 1
+3 * 1
+3 * 1
+3 +13 1 0 0 1 0 0 1
+3 * 1 0 0 0 0 0 0 0 0 1 1
fe=(79)
+92 296 11 0 0 1 0 0 1
+4 * 11
+4 * 11
+3 * 11 0 0 0 0 0 0 0 0 11 4
fi=(6)
+6 725 7 7
+6 * 7 7
+7 * 7
+3 * 7 7 0 1 0 0 1
+7 * 7 7
+7 * 7
+2 * 7 0 0 0 0 0 0 0 0 7 2
+2 +4 6 6
+7 * 6 0 0 0 0 0 0 0 0 6
fe=(79)
+6 298 7
+3 * 7 0 0 0 0 0 0 0 0 7
+6 * 7
+2 * 7 0 0 0 0 0 0 0 0 7 2
+6 +23 7 0 7
+8 +3 7
+3 * 7 0 0 1 0 0 1 0 0 7
+6 +14 7
+4 * 7 7
+1 * 7 7 0 0 1
+2 * 7 7
+2 * 7 7
+2 * 7 7
+2 * 7 7
+1 * 7 7
fi=(5)
0xff00 105 13 0 0 1 0 0 1
+7 * 13
+3 * 13 0 0 0 0 0 0 0 0 13 9
+6 +12 2 2 0 0 1
+7 * 2
+3 * 2 0 0 0 0 0 0 0 0 2
+6 +3 11 11 0 0 4
+4 * 11 0 11
+7 * 11 11
+8 * 11 0 0 0 0 0 0 0 0 11 9
+15 +2 11 11 0 1 0 0 1
+7 * 11 0 0 0 0 0 0 0 0 11 5
+6 -49 6 0 6
fi=(6)
+11 282 6 0 6
+11 * 6 0 6
+7 * 6 0 6
+7 * 6
+2 * 6
fi=(5)
+11 124 6 6 0 1 5 0 1 1
+4 * 6 6
+7 +1 6 6
+7 -1 6
+3 +5 6
+3 -5 6
+4 * 6 6 0 0 6 0 0 3
+4 +1 6
+4 * 6
+4 * 6 0 6
+4 +4 6
+4 * 6 0 0 0 0 0 0 0 0 6 1
-48 -5 4673 4673 0 0 1408 0 0 1407
+4 * 4673 4673
+7 +1 4673 4673
+7 -1 4673
+3 +5 4673
+3 -5 4673
+4 * 4673 4673 0 0 1577 0 0 251
+4 +1 4673
+4 * 4673
+4 * 4673 0 4673
+4 +4 4673
+4 * 4673 0 0 0 0 0 0 0 0 4673 9
+6 -2 4597
+5 -1 4597 4597 0 1 0 0 1
+7 * 4597 4597
+3 * 4597 0 4597
+4 +1 4597
+4 * 4597 4597 0 0 1
+7 -1 4597 0 4597
+7 +1 4597
fi=(6)
+4 262 4597
+4 * 4597 0 0 0 0 0 0 0 0 4597 12
+6 +7 4597
+4 * 4597 0 0 0 0 0 0 0 0 4597
+6 +4 4597
+3 * 4597 0 0 0 0 0 0 0 0 4597 2
fe=(79)
+6 170 4597 4597 0 1 2552 0 1 1791
+6 * 4597
+2 * 4597
+4 * 4597 0 0 0 0 0 0 0 0 4597 6
fi=(4)
+6 -18 4581 4581
+6 * 4581
+3 * 4581
fe=(79)
+3 +19 4581
+3 * 4581 0 0 0 0 0 0 0 0 4581 2
+6 +3 4581 4581 0 0 4 0 0 1
+7 * 4581 0 0 0 0 0 0 0 0 4581 930
+6 +8 2846
+4 * 2846 0 0 0 0 0 0 0 0 2846 1
+6 * 2845
+4 * 2845 0 0 1 0 0 1
+4 * 2845 0 0 0 0 0 0 0 0 2845 5
+6 * 4
+5 * 4
+3 * 4 4 4
+4 * 4
+4 +4 4 4
+4 * 4 4
+4 -3 4 0 4
+7 +1 4 0 4
+7 +2 4 4
+4 * 4
+2 * 4 4
+8 * 4 0 0 0 0 0 0 0 0 4
-36 * 2842 2842
+4 * 2842 2842
+4 -3 2842 0 2842
+7 +1 2842 0 2842
+7 +2 2842 2842
+4 * 2842
+2 * 2842 2842
+8 * 2842 0 0 0 0 0 0 0 0 2842 2
+5 * 2846 0 0 1 0 0 1
+3 +1 2846
+3 -1 2846
+3 +2 2846
+3 * 2846 0 0 0 0 0 0 0 0 2846
+2 -1 2846 2846 0 0 135
+4 * 2846
+3 * 2846
+4 * 2846 0 2846
+7 +3 2846 2846
+7 * 2846
+4 * 2846
+3 * 2846 0 2846
+2 * 2846 0 2846
+2 * 2846 0 2846
cfi=(80)
cfn=(302)
calls=2846 0xb780 767 
* * 2051574 516987 188204 78 10498 10 70 4266 6 302592 12247 480 230
+5 +3 2846 2846
+4 +1 2846 2846 0 1 0 0 1
+7 * 2846 0 2846 0 0 1
+7 -4 2846
+3 +3 2846 0 2846
+7 +1 2846 2846
+1 * 2846 2846
fi=(6)
+2 +88 2846
+3 * 2846
+3 * 2846 0 0 0 0 0 0 0 0 2846 4
-6 * 1735
+3 * 1735
+3 * 1735 0 0 0 0 0 0 0 0 1735
+2 +3 4561 4561
+4 -3 4561 4561
+4 * 4561 4561
+4 * 4561
+3 * 4561
+4 * 4561 0 0 0 0 0 0 0 0 4561
-15 * 16 16
+4 * 16 16 0 0 1 0 0 1
+4 * 16
+3 * 16
+4 * 16 0 0 0 0 0 0 0 0 16
+6 * 4577 4577 0 0 14
+3 +4 4577
+2 * 4577 0 0 0 0 0 0 0 0 4577 40
+2 * 31
+3 * 31 0 0 0 0 0 0 0 0 31 1
+6 +26 4566 0 0 1 0 0 1
+4 * 4566 0 0 0 0 0 0 0 0 4566
+6 * 4597
+7 * 4597 4597 0 0 5 0 0 2
+4 * 4597
+3 * 4597 0 0 0 0 0 0 0 0 0 0 4597 781
+8 493 3 3 0 0 1 0 0 1
+3 * 3
+4 * 3 0 0 0 0 0 0 0 0 3
+2 +5 3
+4 * 3 0 0 0 0 0 0 0 0 3
+6 +1 3 3
+4 * 3 3 0 0 1
fi=(5)
+3 114 3
fi=(6)
+4 499 3
+3 * 3 0 3 0 0 2 0 0 1
fi=(5)
+4 114 3
+3 * 3 0 0 0 0 0 0 0 0 3 1
-3 * 11 0 0 1 0 0 1
+3 * 11 0 0 0 0 0 0 0 0 11 2
+2 +3 11 11 0 0 6
+7 * 11
+3 * 11 0 0 0 0 0 0 0 0 11 9
+6 * 2
fe=(79)
+30 296 2 0 0 1 0 0 1
+3 * 2 0 0 0 0 0 0 0 0 2
+6 * 2
+3 * 2 0 2
+4 * 2
fi=(6)
0x10248 418 4574 4574 0 1 0 0 1
+7 * 4574 0 4574 0 0 1391 0 0 550
fi=(5)
+3 141 4574 4574
+3 * 4574
+4 * 4574 0 0 0 0 0 0 0 0 4574
-7 * 1 1
+3 * 1
+4 * 1 0 0 0 0 0 0 0 0 1
-4 * 20
+4 * 20 0 0 0 0 0 0 0 0 20
+6 -19 4679
+4 * 4679 4679
+7 * 4679 0 0 0 0 0 0 0 0 4679 49
+6 +33 6 6
+7 * 6 6
+7 * 6 6 0 1 0 0 1
+7 * 6
+3 * 6 0 0 0 0 0 0 0 0 6 3
+6 +1 3 3
+7 * 3
+3 * 3 0 0 0 0 0 0 0 0 3 1
fe=(79)
+6 +30 3 0 3
+7 * 3
+3 * 3
+3 * 3 0 3
+7 * 3
fi=(5)
+27 -29 82 82 0 1 0 0 1
+4 * 82
+3 * 82 0 0 0 0 0 0 0 0 82 4
+2 +3 82 82
+7 * 82
+4 +4 82 82
+3 -2 82 82
+7 +1 82 82
+7 -3 82 82
+4 +2 82
+4 * 82
+4 * 82 0 82 1 0 0 1
fe=(79)
+4 +8 82 82 0 0 1
+5 * 82
+2 * 82
+4 * 82 0 0 0 0 0 0 0 0 82 21
fi=(6)
0x103ce 282 82 82 0 1 0 0 1
+4 * 82 82
+4 * 82
+3 * 82
+4 * 82 0 0 0 0 0 0 0 0 82
+6 +4 82
+2 * 82 0 0 0 0 0 0 0 0 82 11
+11 471 82 82
+4 * 82 82
+3 +1 82 82
+7 * 82 0 0 0 0 0 0 0 0 82
+2 +1 82 0 82 1 0 0 1 0 0 0 0 82 82
cfi=(16) /usr/src/debug/glibc/glibc/elf/../sysdeps/x86/dl-get-cpu-features.c
cfn=(616) __x86_cpu_features
calls=1 0x194f0 76 
* * 6 2 0 2 0 0 1 0 0 1
cob=(3) /usr/lib/libm.so.6
cfi=(176) /usr/src/debug/glibc/glibc/math/../sysdeps/x86_64/fpu/multiarch/s_cosf.c
cfn=(586) cosf
calls=1 0x7d080 28 
* * 10 4 0 1 0 0 1 0 0 1
cob=(3)
cfi=(175) /usr/src/debug/glibc/glibc/math/../sysdeps/x86_64/fpu/multiarch/e_exp.c
cfn=(582) __exp_finite@GLIBC_2.15
calls=1 0x569b0 29 
* * 9 4 0 2 0 0 2 0 0 2 1
cob=(3)
cfi=(174) /usr/src/debug/glibc/glibc/math/../sysdeps/x86_64/fpu/multiarch/e_expf.c
cfn=(578) expf@@GLIBC_2.27
calls=2 0x76dc0 29 
* * 20 8 0 1 0 0 1 0 0 2
cob=(3)
cfi=(146) /usr/src/debug/glibc/glibc/math/../sysdeps/x86_64/fpu/multiarch/s_sin.c
cfn=(574) cos
calls=1 0x6a950 36 
* * 9 4 0 1 0 0 1 0 0 2
cob=(3)
cfi=(173) /usr/src/debug/glibc/glibc/math/../sysdeps/x86_64/fpu/multiarch/e_logf.c
cfn=(570) logf@@GLIBC_2.27
calls=1 0x7b250 29 
* * 10 4 0 2 0 0 2 0 0 1
cob=(3)
cfi=(172) /usr/src/debug/glibc/glibc/math/../sysdeps/x86_64/fpu/multiarch/s_tan.c
cfn=(566) tan
calls=1 0x6bf10 28 
* * 9 4 0 2 0 0 2 0 0 2 1
cob=(3)
cfi=(171) /usr/src/debug/glibc/glibc/math/../sysdeps/x86_64/fpu/multiarch/e_log2.c
cfn=(562) log2@@GLIBC_2.29
calls=1 0x62c80 29 
* * 10 4 0 1 0 0 1 0 0 1
cob=(3)
cfi=(170) /usr/src/debug/glibc/glibc/math/../sysdeps/x86_64/fpu/multiarch/s_sincosf.c
cfn=(558) sincosf
calls=1 0x7ea20 28 
* * 10 4 0 1 0 0 1 0 0 1 1
cob=(3)
cfi=(169) /usr/src/debug/glibc/glibc/math/../sysdeps/x86_64/fpu/multiarch/e_powf.c
cfn=(554) powf@@GLIBC_2.27
calls=1 0x7b690 32 
* * 10 4 0 2 0 0 2 0 0 1
cob=(3)
cfi=(168) /usr/src/debug/glibc/glibc/math/../sysdeps/x86_64/fpu/multiarch/s_ceilf.c
cfn=(552) ceilf
calls=1 0x7c150 33 
* * 7 3 0 1 0 0 1
cob=(3)
cfi=(167) /usr/src/debug/glibc/glibc/math/../sysdeps/x86_64/fpu/multiarch/s_ceil.c
cfn=(550) ceil
calls=1 0x65150 33 
* * 7 3 0 1 0 0 1
cob=(3)
cfi=(166) /usr/src/debug/glibc/glibc/math/../sysdeps/x86_64/fpu/multiarch/e_pow.c
cfn=(546) __pow_finite@GLIBC_2.15
calls=1 0x63780 29 
* * 8 4 0 1 0 0 1 0 0 2 1
cob=(3)
cfi=(165) /usr/src/debug/glibc/glibc/math/../sysdeps/x86_64/fpu/multiarch/e_log2f.c
cfn=(542) log2f@@GLIBC_2.27
calls=1 0x7b0f0 29 
* * 10 4 0 2 0 0 2 0 0 1
cob=(3)
cfi=(164) /usr/src/debug/glibc/glibc/math/../sysdeps/x86_64/fpu/multiarch/s_log1p.c
cfn=(538) __log1p
calls=1 0x68cc0 28 
* * 10 4 0 1 0 0 1 0 0 1
cob=(3)
cfi=(163) /usr/src/debug/glibc/glibc/math/../sysdeps/x86_64/fpu/multiarch/e_log.c
cfn=(534) __log_finite@GLIBC_2.15
calls=1 0x62f80 29 
* * 9 4 0 2 0 0 2 0 0 2
cob=(3)
cfi=(162) /usr/src/debug/glibc/glibc/math/../sysdeps/x86_64/fpu/multiarch/s_atan.c
cfn=(530) atan
calls=1 0x64f80 28 
* * 9 4 0 2 0 0 2 0 0 2 1
cob=(3)
cfi=(156) /usr/src/debug/glibc/glibc/math/../sysdeps/x86_64/fpu/multiarch/e_asin.c
cfn=(526) __acos_finite@GLIBC_2.15
calls=1 0x54690 37 
* * 8 4 0 1 0 0 1 0 0 2 1
cob=(3)
cfi=(161) /usr/src/debug/glibc/glibc/math/../sysdeps/x86_64/fpu/multiarch/s_sinf.c
cfn=(522) sinf
calls=1 0x7e9e0 28 
* * 10 4 0 2 0 0 2 0 0 1
cob=(3)
cfi=(160) /usr/src/debug/glibc/glibc/math/../sysdeps/x86_64/fpu/multiarch/s_fma.c
cfn=(520) fma
calls=1 0x68510 49 
* * 6 3 0 2 0 0 2 0 0 1 1
cob=(3)
cfi=(159) /usr/src/debug/glibc/glibc/math/../sysdeps/x86_64/fpu/multiarch/s_floorf.c
cfn=(518) floorf
calls=1 0x7d8a0 33 
* * 7 3 0 2 0 0 2
cob=(3)
cfi=(158) /usr/src/debug/glibc/glibc/math/../sysdeps/x86_64/fpu/multiarch/s_floor.c
cfn=(516) floor
calls=1 0x67f50 33 
* * 7 3 0 1 0 0 1
cob=(3)
cfi=(157) /usr/src/debug/glibc/glibc/math/../sysdeps/x86_64/fpu/multiarch/s_roundeven.c
cfn=(514) roundeven
calls=1 0x69590 32 
* * 7 3 0 1 0 0 1
cob=(3)
cfi=(156)
cfn=(510) __asin_finite@GLIBC_2.15
calls=1 0x54650 29 
* * 8 4 0 2 0 0 2 0 0 2 1
cob=(3)
cfi=(155) /usr/src/debug/glibc/glibc/math/../sysdeps/x86_64/fpu/multiarch/s_expm1.c
cfn=(506) expm1
calls=1 0x67f00 28 
* * 10 4 0 1 0 0 1 0 0 1
cob=(3)
cfi=(154) /usr/src/debug/glibc/glibc/math/../sysdeps/x86_64/fpu/multiarch/e_exp2f.c
cfn=(502) exp2f@@GLIBC_2.27
calls=1 0x6cad0 29 
* * 10 4 0 2 0 0 2 0 0 1
cob=(3)
cfi=(153) /usr/src/debug/glibc/glibc/math/../sysdeps/x86_64/fpu/multiarch/s_truncf.c
cfn=(500) truncf
calls=1 0x7f0b0 33 
* * 7 3 0 2 0 0 2
cob=(3)
cfi=(152) /usr/src/debug/glibc/glibc/math/../sysdeps/x86_64/fpu/multiarch/e_sinh.c
cfn=(496) __sinh_finite@GLIBC_2.15
calls=1 0x63af0 28 
* * 10 4 0 2 0 0 2 0 0 1
cob=(3)
cfi=(150) /usr/src/debug/glibc/glibc/math/../sysdeps/x86_64/fpu/multiarch/e_atanh.c
cfn=(492) __atanh_finite@GLIBC_2.15
calls=1 0x563c0 28 
* * 10 4 0 1 0 0 1 0 0 1
cob=(3)
cfi=(149) /usr/src/debug/glibc/glibc/math/../sysdeps/x86_64/fpu/multiarch/s_roundevenf.c
cfn=(490) roundevenf
calls=1 0x7e7e0 32 
* * 7 3 0 2 0 0 2
cob=(3)
cfi=(148) /usr/src/debug/glibc/glibc/math/../sysdeps/x86_64/fpu/multiarch/e_atan2.c
cfn=(486) __atan2_finite@GLIBC_2.15
calls=1 0x553d0 28 
* * 9 4 0 2 0 0 2 0 0 2
cob=(3)
cfi=(146)
cfn=(482) sin
calls=1 0x6a900 29 
* * 9 4 0 2 0 0 2 0 0 2 1
cob=(3)
cfi=(145) /usr/src/debug/glibc/glibc/math/../sysdeps/x86_64/fpu/multiarch/s_fmaf.c
cfn=(480) fmaf
calls=1 0x7d9c0 44 
* * 6 3 0 1 0 0 1 0 0 1 1
cob=(3)
cfi=(143) /usr/src/debug/glibc/glibc/math/../sysdeps/x86_64/fpu/multiarch/s_sincos.c
cfn=(476) sincos
calls=1 0x6b3d0 29 
* * 8 4 0 2 0 0 2 0 0 2 1
cob=(3)
cfi=(142) /usr/src/debug/glibc/glibc/math/../sysdeps/x86_64/fpu/multiarch/s_trunc.c
cfn=(474) trunc
calls=1 0x6c1a0 33 
* * 7 3 0 2 0 0 2
cob=(2)
cfi=(140)
cfn=(466)
calls=1 0xb05c0 29 
* * 7 3 0 1 0 0 1
cob=(2)
cfi=(138)
cfn=(462)
calls=1 0xac600 29 
* * 22 4 0 2 0 0 2 0 0 4
cob=(2)
cfi=(137)
cfn=(458)
calls=1 0xad070 29 
* * 22 4 0 4 0 0 4 0 0 6 1
cob=(2)
cfi=(136) /usr/src/debug/glibc/glibc/string/../sysdeps/x86_64/multiarch/strncpy.c
cfn=(454) strncpy
calls=1 0xb0220 29 
* * 20 4 0 1 0 0 1 0 0 4
cob=(2)
cfi=(135)
cfn=(450)
calls=1 0xaff50 29 
* * 24 5 0 2 0 0 2 0 0 5 1
cob=(2)
cfi=(134)
cfn=(446)
calls=1 0xad680 31 
* * 22 6 0 3 0 0 3 0 0 5 1
cob=(2)
cfi=(133) /usr/src/debug/glibc/glibc/string/../sysdeps/x86_64/multiarch/strcpy.c
cfn=(442) strcpy
calls=1 0xaf440 29 
* * 19 4 0 1 0 0 1 0 0 5 1
cob=(2)
cfi=(131) /usr/src/debug/glibc/glibc/string/../sysdeps/x86_64/multiarch/memcmp.c
cfn=(438) bcmp
calls=1 0xac680 29 
* * 24 5 0 2 0 0 2 0 0 5
cob=(2)
cfi=(130)
cfn=(434)
calls=1 0xae2c0 31 
* * 24 5 0 2 0 0 2 0 0 5
cob=(2)
cfi=(129)
cfn=(430)
calls=1 0xb0070 31 
* * 22 6 0 2 0 0 2 0 0 5 2
cob=(2)
cfi=(128) /usr/src/debug/glibc/glibc/wcsmbs/../sysdeps/x86_64/multiarch/wcscpy.c
cfn=(428) wcscpy
calls=1 0xc4e00 60 
* * 17 4 0 2 0 0 2 0 0 4
cob=(2)
cfi=(127) /usr/src/debug/glibc/glibc/string/../sysdeps/x86_64/multiarch/strcspn.c
cfn=(426) strcspn
calls=1 0xaf4b0 29 
* * 7 3 0 2 0 0 2
cob=(2)
cfi=(126)
cfn=(422)
calls=1 0xad5e0 31 
* * 22 6 0 3 0 0 3 0 0 5 2
cob=(2)
cfi=(125)
cfn=(420)
calls=1 0xb0180 67 
* * 22 6 0 3 0 0 3 0 0 5 1
cob=(2)
cfi=(123)
cfn=(416)
calls=2 0xd2440 31 
* * 44 8 0 2 0 0 2 0 0 8 1
cob=(2)
cfi=(121) /usr/src/debug/glibc/glibc/string/../sysdeps/x86_64/multiarch/stpncpy.c
cfn=(412) stpncpy
calls=1 0xad570 31 
* * 20 4 0 1 0 0 1 0 0 4 1
cob=(2)
cfi=(120)
cfn=(408)
calls=1 0xc3e50 30 
* * 24 5 0 2 0 0 2 0 0 5 1
cob=(2)
cfi=(119) /usr/src/debug/glibc/glibc/string/../sysdeps/x86_64/multiarch/strrchr.c
cfn=(404) rindex
calls=1 0xb03a0 28 
* * 24 5 0 2 0 0 2 0 0 5 1
cob=(2)
cfi=(118)
cfn=(402)
calls=1 0xae240 65 
* * 21 4 0 2 0 0 2 0 0 5 1
cob=(2)
cfi=(97) /usr/src/debug/glibc/glibc/wcsmbs/../sysdeps/x86_64/multiarch/wcscat.c
cfn=(398) wcschr
calls=2 0xc3db0 31 
* * 48 10 0 2 0 0 2 0 0 10
cob=(2)
cfi=(116) /usr/src/debug/glibc/glibc/string/../sysdeps/x86_64/multiarch/memrchr.c
cfn=(394) memrchr
calls=1 0xad290 29 
* * 24 5 0 2 0 0 2 0 0 5 1
cob=(2)
cfi=(114) /usr/src/debug/glibc/glibc/string/../sysdeps/x86_64/multiarch/memset.c
cfn=(390) memset
calls=1 0xad310 29 
* * 23 4 0 4 0 0 4 0 0 7 2
cob=(2)
cfi=(113)
cfn=(388)
calls=1 0xae340 79 
* * 20 6 0 3 0 0 3 0 0 5 1
cob=(2)
cfi=(112)
cfn=(386)
calls=1 0xb0370 29 
* * 7 3 0 1 0 0 1
cob=(2)
cfi=(110) /usr/src/debug/glibc/glibc/string/../sysdeps/x86_64/multiarch/strnlen.c
cfn=(382) strnlen
calls=2 0xb02f0 31 
* * 48 10 0 3 1 0 3 0 0 10 1
cob=(2)
cfi=(109) /usr/src/debug/glibc/glibc/wcsmbs/../sysdeps/x86_64/multiarch/wcsnlen.c
cfn=(378) wcsnlen
calls=1 0xc5940 30 
* * 20 6 0 2 0 0 2 0 0 5 1
cob=(2)
cfi=(107) /usr/src/debug/glibc/glibc/wcsmbs/../sysdeps/x86_64/multiarch/wcslen.c
cfn=(374) wcslen
calls=1 0xc5020 29 
* * 20 6 0 3 0 0 3 0 0 5
cob=(2)
cfi=(106) /usr/src/debug/glibc/glibc/debug/../sysdeps/x86_64/multiarch/mempcpy_chk.c
cfn=(370) __mempcpy_chk
calls=1 0x129680 29 
* * 22 4 0 4 0 0 4 0 0 6 3
cob=(2)
cfi=(105) /usr/src/debug/glibc/glibc/debug/../sysdeps/x86_64/multiarch/memcpy_chk.c
cfn=(366) __memcpy_chk
calls=1 0x129460 29 
* * 22 4 0 4 0 0 4 0 0 6 3
cob=(2)
cfi=(104)
cfn=(362)
calls=1 0xc58e0 31 
* * 18 4 0 2 0 0 2 0 0 3 1
cob=(2)
cfi=(103) /usr/src/debug/glibc/glibc/string/../sysdeps/x86_64/multiarch/memcpy.c
cfn=(358) memcpy@@GLIBC_2.14
calls=1 0xac770 29 
* * 22 4 0 4 0 0 4 0 0 6 3
cob=(2)
cfi=(101)
cfn=(354)
calls=1 0x129790 29 
* * 23 4 0 4 0 0 4 0 0 7 2
cob=(2)
cfi=(100) /usr/src/debug/glibc/glibc/string/../sysdeps/x86_64/multiarch/strcat.c
cfn=(350) strcat
calls=1 0xae1d0 29 
* * 19 4 0 2 0 0 2 0 0 5 1
cob=(2)
cfi=(98) /usr/src/debug/glibc/glibc/wcsmbs/../sysdeps/x86_64/multiarch/wmemset.c
cfn=(346) wmemset
calls=2 0xd2570 31 
* * 36 8 0 2 0 0 2 0 0 8
cob=(2)
cfi=(97)
cfn=(342) wcscat
calls=1 0xc3d50 31 
* * 18 4 0 2 0 0 2 0 0 3 1
cob=(2)
cfi=(95) /usr/src/debug/glibc/glibc/wcsmbs/../sysdeps/x86_64/multiarch/wmemcmp.c
cfn=(338) wmemcmp
calls=1 0xd24c0 29 
* * 24 5 0 2 0 0 2 0 0 5 2
cob=(2)
cfi=(93) /usr/src/debug/glibc/glibc/debug/../sysdeps/x86_64/multiarch/memmove_chk.c
cfn=(334) __memmove_chk
calls=1 0x129570 29 
* * 22 4 0 4 0 0 4 0 0 6 4
cob=(2)
cfi=(91) /usr/src/debug/glibc/glibc/string/../sysdeps/x86_64/multiarch/stpcpy.c
cfn=(330) stpcpy
calls=1 0xad500 33 
* * 19 4 0 2 0 0 2 0 0 5 1
cob=(2)
cfi=(89) /usr/src/debug/glibc/glibc/wcsmbs/../sysdeps/x86_64/multiarch/wcpcpy.c
cfn=(326) wcpncpy
calls=1 0xc39d0 31 
* * 18 4 0 2 0 0 2 0 0 3 1
cob=(2)
cfi=(87) /usr/src/debug/glibc/glibc/string/../sysdeps/x86_64/multiarch/mempcpy.c
cfn=(322) mempcpy
calls=1 0xad180 33 
* * 22 4 0 4 0 0 4 0 0 6 3
cob=(2)
cfi=(85) /usr/src/debug/glibc/glibc/string/../sysdeps/x86_64/multiarch/strncase.c
cfn=(318) strncasecmp
calls=1 0xaffd0 31 
* * 22 6 0 3 1 0 3 0 0 5 1
cob=(2)
cfi=(83)
cfn=(314)
calls=1 0xc1b90 86 
* * 30 10 9 3 2 3 3 0 3 3 1
+2 +1 82 82
fi=(5)
+7 156 82
fi=(6)
+4 474 82 0 82 0 0 5 0 0 3
fi=(5)
+5 156 82
+3 * 82 0 0 0 0 0 0 0 0 82 28
+6 * 3 3
fe=(79)
+7 296 3
+4 * 3
+4 * 3
+3 * 3 0 0 0 0 0 0 0 0 3
+6 * 3
+2 * 3
fi=(5)
+11 51 3 3 0 1 0 0 1
fi=(4)
+3 +28 3 3
+8 * 3
fi=(5)
-11 -28 4 4
fi=(4)
+3 +28 4 4
+8 * 4
fi=(6)
0x104cc 347 2 2 0 1 0 0 1
+4 * 2
+3 * 2 0 0 0 0 0 0 0 0 2 1
+6 +11 2 2
+7 -9 2 2 0 0 1 0 0 1
+4 * 2 2
+4 +9 2 0 2
fi=(5)
+3 141 2 2
+3 * 2
+4 * 2 0 0 0 0 0 0 0 0 2 2
fi=(6)
0x105e7 341 4 0 0 1 0 0 1
+3 * 4 0 0 0 0 0 0 0 0 4
+6 +1 4 4 0 0 4
+7 * 4 4
+7 * 4 0 4 1 0 3 1 0 2
fi=(5)
+3 141 4 4
+3 * 4
fi=(6)
0x10676 395 16 16 0 1 0 0 1
+4 * 16
+3 * 16 0 0 1 0 0 1 0 0 16
+6 +2 16 16
+7 * 16
+4 * 16
+4 * 16 0 0 0 0 0 0 0 0 16
+6 +4 16 16
+4 +9 16 16
+7 -9 16
+3 * 16 16 0 0 2 0 0 2
+4 +9 16 0 16 0 0 6 0 0 6
fi=(5)
+3 141 16 16
+3 * 16
fi=(6)
+5 455 1 1
+4 * 1
+3 * 1 0 0 1 0 0 1 0 0 1
+6 +5 1 1
+5 * 1 1
+4 -1 1
+3 * 1 0 1
+7 * 1 1
+7 +1 1
+3 * 1
+4 -1 1 0 1
cfi=(30)
cfn=(84)
calls=1 0x26440 210 
* * 71 18 17 4 5 5 3 5 5 8 4
+6 +2 1 1
+4 * 1 1
+5 * 1 1
+7 * 1
+3 * 1 0 0 0 0 0 0 0 0 1
+2 +1 1 0 0 1 0 0 1
+3 * 1 0 0 0 0 0 0 0 0 1 1
+82 -44 2803 2803 0 1 339 0 1 339
+4 * 2803
fe=(79)
+25 187 16
fi=(6)
+3 +95 16
+3 * 16
fe=(79)
+10 +14 141 0 0 1 0 0 1
+7 * 141
fi=(5)
+9 131 82 82
+8 +2 82 0 82
+7 -2 82 0 0 0 0 0 0 0 0 82 6
+6 +1 3 0 3
+7 * 3
+84 -60 1 0 0 1 0 0 1
+6 * 1
fi=(6)
0x10950 287 31 31 0 1 0 0 1
+7 * 31 0 0 0 0 0 0 0 0 31
+6 +3 31
+3 * 31 0 0 0 0 0 0 0 0 31
+6 +1 31 31
+8 * 31
+2 * 31 0 0 0 0 0 0 0 0 31
0x109f0 +11 31 0 31 1 0 0 1
+7 * 31 0 31
+7 +7 31 0 31 1 0 0 1 0 0 0 0 31 31
cob=(2)
cfi=(98)
cfn=(346)
calls=1 0xd2570 31 
* * 18 4 0 0 0 0 0 0 0 4
cob=(2)
cfi=(93)
cfn=(334)
calls=1 0x129570 29 
* * 22 4 0 0 0 0 0 0 0 6
cob=(2)
cfi=(120)
cfn=(408)
calls=1 0xc3e50 30 
* * 24 5 0 0 4 0 0 0 0 5
cob=(2)
cfi=(136)
cfn=(454)
calls=1 0xb0220 29 
* * 20 4 0 0 0 0 0 0 0 4
cob=(2)
cfi=(131)
cfn=(438)
calls=1 0xac680 29 
* * 24 5 0 0 2 0 0 0 0 5 1
cob=(2)
cfi=(113)
cfn=(388)
calls=1 0xae340 79 
* * 20 6 0 1 3 0 0 0 0 5 1
cob=(2)
cfi=(118)
cfn=(402)
calls=1 0xae240 65 
* * 21 4 0 0 0 0 0 0 0 5 1
cob=(2)
cfi=(140)
cfn=(466)
calls=1 0xb05c0 29 
* * 7 3 0 0 1
cob=(2)
cfi=(179) /usr/src/debug/glibc/glibc/debug/../sysdeps/x86_64/multiarch/wmemset_chk.c
cfn=(600) __wmemset_chk
calls=1 0x12a9a0 29 
* * 18 4 0 2 1 0 2 0 0 4 1
cob=(2)
cfi=(178) /usr/src/debug/glibc/glibc/string/../sysdeps/x86_64/multiarch/strstr.c
cfn=(598) strstr
calls=1 0xb0f50 52 
* * 7 3 0 1 1 0 1
cob=(2)
cfi=(123)
cfn=(416)
calls=1 0xd2440 31 
* * 22 4 0 0 0 0 0 0 0 4 1
cob=(2)
cfi=(105)
cfn=(366)
calls=1 0x129460 29 
* * 22 4 0 0 1 0 0 0 0 6 3
cob=(2)
cfi=(125)
cfn=(420)
calls=1 0xb0180 67 
* * 22 6 0 0 0 0 0 0 0 5 1
cob=(2)
cfi=(177)
cfn=(596)
calls=1 0xd8b40 41 
* * 7 3 0 1 1 0 1
cob=(2)
cfi=(95)
cfn=(338)
calls=1 0xd24c0 29 
* * 24 5 0 0 2 0 0 0 0 5 1
cob=(2)
cfi=(138)
cfn=(462)
calls=1 0xac600 29 
* * 22 4 0 0 0 0 0 0 0 4 1
cob=(2)
cfi=(107)
cfn=(374)
calls=1 0xc5020 29 
* * 20 6 0 1 0 0 0 0 0 5 1
cob=(2)
cfi=(101)
cfn=(354)
calls=2 0x129790 29 
* * 46 8 0 0 0 0 0 0 0 14 2
cob=(2)
cfi=(137)
cfn=(458)
calls=3 0xad070 29 
* * 66 12 0 0 0 0 0 0 0 18 3
cob=(2)
cfi=(103)
cfn=(358)
calls=3 0xac770 29 
* * 66 12 0 0 1 0 0 0 0 18 3
cob=(2)
cfi=(114)
cfn=(390)
calls=3 0xad310 29 
* * 69 12 0 0 3 0 0 0 0 21 2
cob=(2)
cfi=(135)
cfn=(450)
calls=3 0xaff50 29 
* * 72 15 0 0 4 0 0 0 0 15 2
+3 * 31 31
+7 * 31 31
+7 * 31
+3 +3 31
+4 * 31 0 0 0 0 0 0 0 0 31 9
fi=(5)
+42 73 2 0 2 1 0 0 1
+11 +98 2 2
+7 * 2 0 0 0 0 0 0 0 0 2 1
+6 * 1 0 1
+7 * 1 0 1
+7 * 1 0 1
+7 * 1
+3 +2 1 1 0 0 1 0 0 1
+4 * 1 1
+7 * 1
+3 +3 1 0 0 1 0 0 1
+3 -3 1
+4 * 1
+4 * 1
+4 * 1 0 1
+4 +3 1
+4 * 1 0 0 0 0 0 0 0 0 1
-37 -3 5 5 0 0 2 0 0 2
+4 * 5 5
+7 * 5
+3 +3 5
+3 -3 5
+4 * 5
+4 * 5
+4 * 5 0 5
+4 +3 5
+4 * 5 0 0 0 0 0 0 0 0 5
+6 -2 6 6
+7 * 6 6
+3 +10 6 0 6
fi=(6)
+4 +78 6
+4 * 6 0 0 0 0 0 0 0 0 6
+6 +7 6
+4 * 6 0 0 0 0 0 0 0 0 6
+6 +4 6
+3 * 6 0 0 1 0 0 1 0 0 6
fe=(79)
+6 170 6 6 0 0 3 0 0 3
+6 * 6
+2 * 6
+4 * 6 0 0 0 0 0 0 0 0 6 2
fi=(4)
+6 -18 6 6
+6 * 6
+3 * 6
fe=(79)
+3 +19 6
+3 * 6 0 0 0 0 0 0 0 0 6
+6 +3 6 6 0 0 1
+7 * 6 0 0 0 0 0 0 0 0 6
+6 +8 6
+4 * 6 0 0 1 0 0 1 0 0 6
+6 * 6
+4 * 6
+4 * 6 0 0 0 0 0 0 0 0 6 1
+22 +4 6 6
+4 * 6 6
+4 -3 6 0 6
+7 +1 6 0 6
+7 +2 6 6
+4 * 6
+2 * 6 6 0 1 0 0 1
+8 * 6 0 0 0 0 0 0 0 0 6 2
+5 * 6 0 6
+7 * 6
+3 +4 6
+3 * 6
+3 * 6 0 6
+2 * 6 6
+7 * 6
+4 -4 6
+3 +4 6 0 6
+2 * 6 0 6
cfi=(80)
cfn=(302)
calls=6 0xb780 767 
* * 3611 985 365 0 35 0 0 5 0 575 42 1
+5 +3 6 6
+4 +1 6 6
+7 * 6 0 6 1 0 0 1
+7 -4 6
+3 +3 6 0 6
+7 +1 6 6
+1 * 6 6
fi=(6)
+1 +88 6
+3 * 6
+3 * 6 0 0 0 0 0 0 0 0 6 2
+2 +3 3 3
+4 -3 3 3
+4 * 3 3
+4 * 3
+3 * 3
+4 * 3 0 0 0 0 0 0 0 0 3
+6 * 3 3
+3 +4 3
+2 * 3 0 0 0 0 0 0 0 0 3 2
+11 +26 6 0 0 1 0 0 1
+4 * 6 0 0 0 0 0 0 0 0 6
+6 * 6
+7 * 6 6 0 0 1 0 0 1
+4 * 6
+3 * 6 0 0 0 0 0 0 0 0 0 0 6 1
fe=(79)
+66 -62 5 0 0 1 0 0 1
+2 * 5 0 0 0 0 0 0 0 0 5
+6 +7 5 5 0 0 1
+7 * 5
+3 * 5 0 0 0 0 0 0 0 0 5 1
+6 -9 5 0 5
+10 * 5 0 0 1 0 0 1
fi=(6)
+13 418 6 0 6 0 0 1 0 0 1
fi=(5)
+3 187 6 6
+3 * 6
+4 * 6 0 0 0 0 0 0 0 0 6
+6 -16 6
+4 * 6 6
+7 * 6 0 0 0 0 0 0 0 0 6 5
+6 +31 1 1
+7 * 1 1
+7 * 1 1
+7 * 1 0 0 1 0 0 1
+3 * 1 0 0 0 0 0 0 0 0 1 1
0x110e8 -15 82
fi=(6)
+3 +95 82
+3 * 82
fe=(79)
+10 175 1735 1735 0 1 0 0 1
+7 * 1735 0 0 1 0 0 1
+4 * 1735 0 0 0 0 0 0 0 0 1735
+6 * 1735
+4 * 1735
+4 * 1735 0 0 0 0 0 0 0 0 1735 5
+2 * 2
+5 * 2 2 2
+4 * 2 0 0 0 0 0 0 0 0 2 2
+6 * 2
+3 * 2 0 0 0 0 0 0 0 0 2
+6 +3 1735 1735
+7 -1 1735 0 1735
+8 +19 1735 1735
+7 -18 1735 0 1735
+4 * 1735
+5 -3 1733
+2 * 1733 0 0 0 0 0 0 0 0 1733 2
fi=(5)
+4 72 2841 0 0 1 0 0 1
+3 * 2841
0x1147e +1 6 0 0 1 0 0 1
+3 * 6
fe=(79)

fn=(468) _dl_protect_relro
0xf670 352 7 0 0 1 0 0 1
+4 +1 7 7 0 0 3
+7 * 7
+3 * 7 0 0 0 0 0 0 0 0 7
+2 +3 7 7 0 1 0 0 1
+7 * 7 7
+7 * 7 7
+3 * 7
+3 * 7
+3 +3 7
+3 -3 7
+3 +3 7
+3 +4 7
+3 * 7 0 0 0 0 0 0 0 0 7 4
+13 -11 7 0 7
+1 +12 7
+3 * 7
+5 * 7
+3 -12 7
+3 * 7 0 7
+1 * 7 0 0 1 0 0 1
+3 +12 7
+3 -12 7
+4 +12 7 0 7
cfi=(141)
cfn=(470)
calls=7 0x25630 117 
* * 42 7 0 2 0 0 1 0 0 7 2
+5 * 7
+2 * 7 0 0 0 0 0 0 0 0 7
+2 +6 7 7
+4 * 7 7
+1 * 7 7

fn=(292) _dl_relocate_object
0x11f90 343 8 0 0 1 0 0 1
+4 +1 8 8
+7 * 8 0 0 0 0 0 0 0 0 8 3
+2 * 2 2
+3 -1 6 0 6
+1 * 6
+3 * 6
+4 +3 6 0 6
+4 * 6 0 6
cfn=(294)
calls=6 0xf7e0 207 
* * 2529783 640037 237150 310 16717 2181 299 8123 1324 391941 14652 5196 1124
+5 +1 6 6
+4 +1 6 6 0 0 2
+1 -1 6
cfn=(468)
calls=6 0xf670 +5 
* * 210 48 18 5 3 0 4 0 0 24 5

fl=(181) /usr/src/debug/glibc/glibc/elf/dl-find_object.c
fn=(612) _dlfo_process_initial
0x50c0 505 2 0 2 1 0 0 1
+1 * 2
+3 * 2
+3 * 2
+4 * 2 0 2
+4 +1 2 2
+7 -1 2 0 2
+4 * 2 0 2
+4 +4 2 2
+7 * 2 0 0 0 0 0 0 0 0 2
+6 +5 2 2 0 0 1
+7 * 2
+7 * 2
+3 * 2 0 0 1 0 0 1 0 0 2
+6 * 2 0 2
+4 -1 2
+3 * 2
+3 * 2 0 2
+4 +1 2
+3 * 2
+2 * 2
+11 +1 2 2
+3 * 2
+3 * 2 0 0 0 0 0 0 0 0 2 1
+10 +1 14 14 0 0 1
+4 -1 14
+3 * 14 0 0 0 0 0 0 0 0 14 2
+2 +3 14
+3 * 14 0 0 0 0 0 0 0 0 14 2
+2 * 12 12 0 1 0 0 1
+4 * 12 0 0 0 0 0 0 0 0 12
+2 +3 12 12
+8 * 12
+3 * 12
+2 * 12 0 0 0 0 0 0 0 0 12 6
+63 -7 2 0 0 1 0 0 1
+4 * 2
+4 * 2 2
+8 * 2 0 0 0 0 0 0 0 0 2
+6 * 2 2
+4 * 2 2
+4 +34 2
+3 -2 2 0 2
+7 +2 2 2
+4 * 2 2
+4 * 2 2
+4 * 2 2
+1 * 2 2
+11 -24 12 12 0 1 0 0 1
+8 * 12 0 0 0 0 0 0 0 0 12 6
+14 +5 12 12 0 0 1
+7 * 12
+3 * 12 0 0 0 0 0 0 0 0 12 4
+2 +3 6
+4 -1 6
+3 * 6
+4 * 6 0 6
cfi=(182)
cfn=(610)
calls=6 0x4f00 105 
* * 696 119 46 0 70 4 0 0 4 213 23
+5 +2 12 0 0 1 0 0 1
+4 * 12

fn=(608) _dl_find_object_init
0x56a0 578 1 0 0 1 0 0 1
+4 * 1 0 1
+1 * 1
+3 * 1
+4 +3 1 1 0 0 1
+7 -3 1 0 1
+4 +5 1 1
+7 * 1 0 0 1 0 0 1 0 0 1 1
+17 +13 1 0 1
cfn=(612)
calls=1 0x50c0 -91 
* * 150 43 7 6 3 0 6 0 0 42 11
+5 * 1
+3 +1 1 1
+7 * 1
+4 * 1
fi=(29)
+4 56 1 1 1 0 0 0 0 0 0 0 0 1 1
cfi=(28)
cfn=(80)
calls=1 0xc690 -20 
* * 18 3 3 0 1 1 0 0 0 3 1
fe=(181)
+6 597 1 0 1
+7 +2 1
+3 * 1 0 0 0 0 0 0 0 0 1
+2 +3 1
+3 * 1 0 0 1 0 0 1 0 0 1
+6 * 1 0 1
+4 +5 1 0 1
+11 +1 1 0 1
cfn=(612)
calls=1 0x50c0 505 
* * 870 162 59 0 70 4 0 0 4 255 33
+5 +3 1 1
+7 * 1 1
+4 * 1
+3 * 1 0 0 0 0 0 0 0 0 1 1
+6 +10 1 1
+4 * 1 1
+1 * 1 1
0x57d0 -37 1 0 0 1 0 0 1
+7 * 1 0 1
cfi=(182)
cfn=(610)
calls=1 0x4f00 105 
* * 129 22 8 3 12 1 3 0 0 40 12
+5 * 1
+12 +29 1 0 1
cfn=(614) _dlfo_sort_mappings
calls=1 0x55c0 -60 
* * 282 59 38 3 0 0 3 0 0 26 14
+6 +3 1 1
+7 * 1 1
+7 * 1 0 0 1 0 0 1
+5 * 1
+4 * 1 1
+4 * 1 0 1
+7 +2 1

fn=(614)
0x55c0 553 1 0 0 1 0 0 1
+4 +1 1
+4 * 1 0 0 0 0 0 0 0 0 1
+6 -1 1 0 1
+1 * 1
+3 +4 1
+3 * 1
+3 -4 1
+3 * 1 0 1
+2 +4 1
+4 -4 1 0 1
+1 * 1
+3 * 1
+11 +8 1
+3 +1 1
+4 -1 1 1
+3 +1 1
+3 * 1 0 0 1 0 0 1 0 0 1
-13 -1 4
+3 +1 4
+4 -1 4 4
+3 +1 4
+3 * 4 0 0 0 0 0 0 0 0 4 1
+6 * 5
+4 * 5
+3 * 5
+3 * 5
+8 * 5
+11 +1 5 5
+3 * 5
+3 +2 5
+4 * 5
+4 -3 5
+4 * 5
+4 * 5
+3 * 5 0 0 0 0 0 0 0 0 5 3
-25 +1 10 10
+3 * 10
+3 +2 10
+4 * 10
+4 -3 10
+4 * 10
+4 * 10
+3 * 10 0 0 0 0 0 0 0 0 10 6
+2 +8 5
+4 * 5 0 0 1 0 0 1
+4 * 5 5
+3 +1 5 5
+5 -1 5 5
+4 * 5 5
+5 * 5 5
+4 +1 5 0 5
+3 * 5 5
+6 * 5 0 5
+4 * 5 5
+4 * 5 0 5
+4 +1 5 0 5
+3 * 5 0 5
+4 * 5 0 5
+4 * 5 0 5
+5 -15 5
+3 * 5
+3 * 5 0 0 0 0 0 0 0 0 5 4
+6 +17 1 1
+1 * 1 1
+2 * 1 1
+1 * 1 1

fl=(10)
fn=(20)
0x26630 137 12 0 0 2 0 0 1
+4 +1 12
+4 * 12
+3 * 12
+4 * 12 0 0 2 0 0 1
+4 * 12
+5 +5 12
+4 +1 12 0 0 0 0 0 0 0 0 12 7
+6 +3 9
+4 +1 9 0 0 0 0 0 0 0 0 9 5
+2 +2 2 0 2 0 0 2 0 0 2
+5 +1 2 0 2
+3 +1 2 2
+10 +84 7 0 7 0 0 5 0 0 5
+3 +1 7 0 7
+4 +12 7
+3 +3 7
+4 +1 7 0 0 0 0 0 0 0 0 7
+2 +12 7 0 7 0 0 3 0 0 3
+4 +1 7 0 7 4 0 2 1 0 2
+4 +13 7
+4 +1 7
+7 +2 7 0 0 0 0 0 0 0 0 7
+2 +3 6
+4 +3 6
+4 * 6
+9 +3 6 0 6 0 0 1 0 0 1
+3 +1 6 0 6
+4 +1 6 0 6 0 0 2 0 0 2
+4 +1 6 0 6 0 0 1 0 0 1
+4 +1 6
+4 +1 6
+3 +1 6 0 0 0 0 0 0 0 0 6 4
-22 -6 135 0 135 0 0 74 0 0 74
+3 +1 135 0 135
+4 +1 135 0 135 0 0 59 0 0 59
+4 +1 135 0 135 0 0 2 0 0 2
+4 +1 135
+4 +1 135
+3 +1 135 0 0 0 0 0 0 0 0 135 22
+2 +3 7 0 7 0 0 2 0 0 2
+3 +1 7 0 7 0 0 1 0 0 1
+4 +1 7 0 7 1 0 0 1
+4 +1 7 0 7 0 0 1 0 0 1
+4 +5 7 7
+9 +46 3 0 0 1
+5 +2 3
+3 +1 3 0 0 0 0 0 0 0 0 3 3
+24 +39 3 0 3 0 0 1 0 0 1
+3 +1 3 0 3 0 0 1 0 0 1
+5 +2 3 3

fl=(184) /usr/src/debug/glibc/glibc/elf/dl-lookup-direct.c
fn=(620) _dl_lookup_direct
0xc480 74 3 0 0 1 0 0 1
+4 * 3 0 3
+1 * 3
+3 * 3
+4 * 3 0 3
+4 +1 3 3
+7 -1 3 0 3
+4 * 3
+3 * 3 0 3
+4 * 3
+3 * 3 0 3
+4 +2 3
+3 * 3 0 0 0 0 0 0 0 0 3
+6 +2 3
+2 * 3 0 3
+4 * 3
+3 * 3
+2 * 3 3 0 1 0 0 1
+6 * 3 3
+7 * 3 3 0 0 2
+3 +1 3
+2 * 3 0 0 0 0 0 0 0 0 3
+2 +2 3 3
+7 * 3 0 3
+4 +5 3
+7 * 3 0 3
+4 * 3
+3 * 3
+5 * 3 0 3
+4 * 3
+2 * 3
+11 -2 3 3 0 1 3 0 1
+4 * 3
+3 * 3
+3 * 3
+2 * 3 0 0 0 0 0 0 0 0 3
-12 * 2 2
+4 * 2
+3 * 2
+3 * 2
+2 * 2 0 0 0 0 0 0 0 0 2 1
+2 +2 3 3
+4 +1 3 3
+3 * 3
+3 * 3
+3 * 3 3
+4 -1 3
+4 * 3
+4 +1 3 0 3
cfn=(622) check_match
calls=3 0xc380 -56 
* * 478 120 27 4 17 0 4 7 0 49 7 3 3
+5 * 3
+3 +3 3
+3 * 3 0 0 0 0 0 0 0 0 3 1
+2 +3 2
+4 * 2
+4 * 2 0 0 0 0 0 0 0 0 2 2
+36 +23 3 3 0 1 0 0 1
+4 * 3 3
+4 * 3
+3 * 3 3
+4 * 3 3
+4 * 3 3
+4 * 3 3
+1 * 3 3

fn=(622)
0xc380 31 3 0 3 1 0 0 1
+1 * 3
+3 * 3
+4 +1 3 3
+4 -1 3 0 3
+4 * 3
+3 * 3 0 3
+4 * 3
+3 +1 3 3
fi=(4)
+4 +47 3
fe=(184)
+2 -48 3 0 3
+4 * 3 0 3
+4 +1 3 3
+7 * 3 0 0 0 0 0 0 0 0 3 3
+8 +1 3
+3 * 3
+4 * 3 0 0 1 0 0 1
+4 +2 3 3 0 0 3 0 0 1
+4 * 3
+3 +1 3 3 0 0 1 0 0 1
+5 * 3 0 0 0 0 0 0 0 0 3
+6 +12 3
+5 * 3 3 3
+3 * 3 0 0 0 0 0 0 0 0 3
+2 +3 3 3
+4 * 3 0 3
+4 * 3
+3 * 3 3
+4 +2 3 3
+2 * 3
+4 * 3 0 3
cfi=(35)
cfn=(104)
calls=3 0x27000 +45 
* * 241 36 0 0 7 0 0 4 0 25 3 3 3
+5 * 3
+2 * 3 0 0 0 0 0 0 0 0 3
+2 +4 3 3 0 1 0 0 1
+7 * 3 3 0 0 3
+5 +1 3
+5 * 3
+4 * 3 3
+7 * 3 3 0 0 1
+5 * 3 0 0 0 0 0 0 0 0 3
+2 +1 3 3
+4 * 3
+3 * 3 0 3
cfi=(35)
cfn=(104)
calls=3 0x27000 +39 
* * 75 21 0 0 2 0 0 1 0 9 1
+5 -19 3 3
+4 * 3
+2 * 3
+5 * 3
+4 +24 3
+3 * 3 3 0 1 0 0 1
+4 * 3 3
+4 * 3 3
+4 * 3 3
+4 * 3 3
+1 * 3 3

fl=(1) ???
fn=(0) 0x000000000001f300
0x1f300 0 1 0 0 1 0 0 1
+3 0 1 0 1 0 0 1 0 0 1
cfi=(2) /usr/src/debug/glibc/glibc/elf/rtld.c
cfn=(2) _dl_start
calls=1 0x1fec0 519 
* 0 2630712 662409 244842 1091 17470 2700 1063 8666 1831 412460 17067 5463 1271
+5 0 1 0 0 1
+3 0 1
+3 0 1 1
+6 0 1
+6 0 1 0 0 0 0 0 0 0 0 1 1
+19 0 1
+2 0 1
+4 0 1 0 1
cfi=(78) /usr/src/debug/glibc/glibc/elf/../sysdeps/x86_64/dl-cet.c
cfn=(666) _dl_cet_setup_features
calls=1 0x16950 331 
* 0 4 1 0 2 0 0 2 0 0 1 1
+5 0 1
+3 0 1
+3 0 1 1 0 1 0 0 1
+4 0 1
+3 0 1
+4 0 1 1
+7 0 1
+5 0 1
+4 0 1
+2 0 1 0 1
cfi=(197) /usr/src/debug/glibc/glibc/elf/dl-init.c
cfn=(670) _dl_init
calls=1 0x6250 81 
* 0 41431 11637 5043 514 286 171 512 37 125 7652 509 952 209
+5 0 1 0 0 1
+7 0 1
+3 0 1 0 0 0 0 0 0 0 0 0 0 1 1
cob=(8)
cfi=(275) ???
cfn=(996) (below main)
calls=1 0x2250 0 
* 0 3850010564 1807773287 614138537 7261 1096967 38235 1039 226 28832 202294475 1224323 4719924 2847

fl=(44) /usr/src/debug/glibc/glibc/string/../sysdeps/x86_64/multiarch/../multiarch/strchr-sse2.S
fn=(130) index
0x26dd0 32 28 0 0 1 0 0 1
+4 +1 28
+4 +1 28
+2 +1 28
+5 +1 28
+4 +1 28
+5 +1 28
+4 +1 28
+5 +1 28 0 0 0 0 0 0 0 0 28
+6 +1 28 28 0 0 4 0 0 4
+4 +1 28
+4 +1 28 0 0 1 0 0 1
+4 +1 28
+4 +1 28
+4 +1 28
+4 +1 28
+4 +1 28
+2 +1 28 0 0 0 0 0 0 0 0 28 5
+2 +1 23
+3 +4 23
+5 +1 23
+4 +1 23 23
+3 +1 23
+4 +2 23 23
+6 +4 5 5
+5 +1 5
+4 +1 5
+4 +1 5 0 0 1 0 0 1
+4 +1 5
+4 +1 5
+4 +1 5 5 0 0 1 0 0 1
+5 +1 5
+4 +1 5
+4 +1 5
+4 +1 5
+4 +1 5
+4 +1 5
+4 +1 5 5 0 0 1 0 0 1
+5 +1 5
+4 +1 5
+4 +1 5
+4 +1 5
+3 +1 5
+4 +1 5 0 0 1 0 0 1
+4 +1 5
+4 +1 5
+3 +1 5
+3 +1 5 0 0 0 0 0 0 0 0 5 4
0x26f40 +52 5 0 0 1 0 0 1
+4 +4 5
+5 +1 5
+4 +1 5 5
+3 +1 5
+4 +2 5 5

fl=(50) /usr/src/debug/glibc/glibc/elf/dl-audit.c
fn=(656) _dl_audit_activity_nsid
0x19da0 41 3 0 0 1
+4 +4 3
+4 * 3
+7 * 3 3
+4 +2 3 3 0 0 1
+6 * 3
+2 * 3 0 0 0 0 0 0 0 0 3 3
+7 +4 3 3 0 2 0 0 1

fn=(156) _dl_audit_activity_map
0x19cf0 29 1 0 0 1 0 0 1
+4 +2 1 1
+6 * 1
+2 * 1 0 0 1 0 0 1 0 0 1 1
0x19d90 +6 1 1 0 1 0 0 1

fn=(1010) _dl_audit_preinit
0x1a040 118 1 0 0 1 0 0 1
+4 +1 1 1 0 0 1
+6 * 1
+2 * 1 0 0 0 0 0 0 0 0 1
+2 * 1 1

fn=(1970) _dl_audit_objclose
0x19f90 97 7 0 0 1 0 0 1
+4 +1 7 7
+6 * 7
+2 * 7 0 0 0 0 0 0 0 0 7 1
+2 * 7 7

fn=(220) _dl_audit_objopen
0x19ec0 77 5 0 0 1 0 0 1
+4 +1 5 5
+6 * 5
+2 * 5 0 0 0 0 0 0 0 0 5
+2 * 5 5

fl=(382) /usr/src/debug/glibc/glibc/elf/dl-call_fini.c
fn=(1946) _dl_call_fini
0x1fb0 24 7 0 0 1
+4 * 7 0 7
+1 * 7
+3 * 7
+4 * 7 0 7
+4 * 7 0 0 1 0 0 1
+3 +4 7 7
+7 * 7 0 0 0 0 0 0 0 0 7 2
+6 +6 7 7 0 0 6
+7 -2 7 0 7
+8 +3 7
+3 * 7 0 0 0 0 0 0 0 0 7 2
+2 +4 5 5 0 0 2
+7 * 5 5 0 0 3
+4 +3 5
+4 * 5 0 0 0 0 0 0 0 0 5 2
+2 * 5 0 5
+4 -4 5 5 0 0 2
+4 * 5 5 0 1 1 0 1
+4 * 5 0 5
+4 * 5
+4 * 5
+4 * 5
+3 +5 5 5 5 0 5 0 0 0 0 0 0 5 5
cob=(6)
cfi=(392)
cfn=(2064)
calls=1 0x42a0 +15 
* * 42 14 12 3 1 0 2 0 0 6 5
cob=(3)
cfi=(209) ???
cfn=(2044) release_registered_frames
calls=1 0x10990 -43 
* * 42 14 12 2 1 0 2 0 0 6 2
cob=(7) /usr/lib/libstdc++.so.6.0.35
cfi=(257) ???
cfn=(1988) 0x00000000000b2ed0
calls=1 0xb2ed0 -43 
* * 1556 614 256 35 49 1 30 3 0 233 51 59 27
cob=(5)
cfi=(199)
cfn=(1972)
calls=1 0x1090 -43 
* * 117 29 16 4 2 0 0 0 0 26 7 1 1
cob=(8)
cfi=(275)
cfn=(1948) 0x00000000000022f0
calls=1 0x22f0 -43 
* * 117 29 16 12 6 1 9 1 1 26 7 1 1
* * 2 2 2 0 1 0 0 0 0 0 0 2 2
cob=(6)
cfi=(208)
cfn=(2068)
calls=1 0x55b0 -43 
* * 117 29 16 3 2 0 1 0 0 26 2 1 1
cob=(3)
cfi=(209)
cfn=(2048) 0x0000000000010a30
calls=1 0x10a30 -43 
* * 117 29 16 3 2 0 1 0 0 26 2 1 1
+2 -1 7
+4 * 7
+3 * 7 0 0 0 0 0 0 0 0 7 3
+2 * 5 5
+4 * 5 5
+4 +5 5 5 0 0 4
+7 +1 5
+3 * 5 0 0 0 0 0 0 0 0 5 1
-10 -1 2 2 0 0 2
+7 +1 2
+3 * 2 0 0 0 0 0 0 0 0 2 2
+2 +1 5 5
+4 +1 5 5
+4 -1 5 5 0 0 3
+4 +1 5 5
+1 -1 5 0 0 0 0 0 0 0 0 0 0 5 5
cob=(4)
cfi=(198)
cfn=(2082)
calls=1 0x4ca4f88 -49 
* * 4 1 0 1 0 0 1
cob=(4)
cfi=(198)
cfn=(2062)
calls=1 0x4bf3510 -49 
* * 4 1 0 1 0 0 1
cob=(4)
cfi=(198)
cfn=(2042)
calls=1 0x4a94e84 -49 
* * 4 1 0 1 0 0 1
cob=(4)
cfi=(198)
cfn=(1986)
calls=1 0x4849274 -49 
* * 4 1 0 2 0 0 2
cob=(4)
cfi=(198)
cfn=(1968)
calls=1 0x4005d4c -49 
* * 4 1 0 1
+4 +1 2 2 0 1 0 0 1
+4 * 2 2
+1 * 2 2

fl=(12)
fn=(30)
0x14f60 435 34 0 0 3 0 0 1
+4 +3 34
+2 * 34
+7 -3 34
+3 +3 34
+7 * 34
+4 * 34 34 0 0 31 0 0 29
+3 * 34 0 0 3 0 0 1
+3 * 34 0 0 0 0 0 0 0 0 34 3
+2 +9 31 31 0 0 19 0 0 14
+4 -9 31
+2 * 31 0 0 0 0 0 0 0 0 31 14
+2 +19 21 0 21
+3 +7 21
+7 * 21 21 0 0 5 0 0 4
+5 * 21 0 0 0 0 0 0 0 0 21 13
-12 * 13
+7 * 13 13 0 0 2 0 0 1
+5 * 13 0 0 0 0 0 0 0 0 13 13
+22 +2 34 34
+8 -19 13 0 13
+3 +1 13
+5 +9 3 0 0 1 0 0 1
+5 * 3

fn=(60)
0x148e0 162 6 0 0 1 0 0 1
+4 +1 6
+2 * 6
+7 * 6
+7 * 6
+3 +2 6
cfn=(62) do_tunable_update_val
calls=6 0x14700 -92 
* * 198 42 24 3 0 0 3 0 0 36 4

fn=(24) __GI___tunables_init
0x14900 294 1 0 0 1 0 0 1
+4 +6 1 1
+6 * 1
+2 * 1 0 0 0 0 0 0 0 0 1
+6 -6 1 0 1
+1 +10 1
+4 * 1
+2 -10 1
+3 * 1 0 1
+2 * 1 0 1
+2 * 1 0 1
+2 * 1
+3 * 1 0 1
+2 * 1 0 1
+1 * 1
+7 +10 1
+2 * 1
+3 * 1 0 1 0 0 1 0 0 1
+8 * 1 0 1 1 0 0 1
+8 * 1 0 1 0 0 1 0 0 1
+8 * 1 0 1
+8 * 1
+5 * 1 0 0 0 0 0 0 0 0 1 1
-42 * 2
+2 * 2
+3 * 2 0 2
+8 * 2 0 2
+8 * 2 0 2 0 0 2 0 0 2
+8 * 2 0 2
+8 * 2
+5 * 2 0 0 0 0 0 0 0 0 2 1
+2 * 1 0 1
+12 * 1 0 1
+8 * 1
+1 43 1
+3 * 1 0 0 0 0 0 0 0 0 1
-3 * 56
+3 * 56 0 0 0 0 0 0 0 0 56
+6 * 57 57
+4 * 57
+3 * 57 0 0 1 0 0 1 0 0 57 1
+6 +6 56 56 0 0 19 0 0 19
+3 -3 56
+4 +3 56
+2 * 56 0 0 0 0 0 0 0 0 56
+6 * 56
+2 * 56 0 0 0 0 0 0 0 0 56
+2 * 56
+5 * 56
+2 * 56 56 0 0 2 0 0 2
+4 * 56
+3 * 56
+4 * 56
+2 * 56 0 0 0 0 0 0 0 0 56
-13 * 584 584 0 0 6 0 0 6
+4 * 584
+3 * 584
+4 * 584
+2 * 584 0 0 0 0 0 0 0 0 584
+2 * 640
+3 * 640 0 0 0 0 0 0 0 0 640 69
+2 +4 56
+2 * 56 0 0 0 0 0 0 0 0 56
+2 +4 56
fi=(13) /usr/src/debug/glibc/glibc/elf/dl-tunables.h
+5 160 56 0 0 1 0 0 1
fe=(12)
+4 57 56
fi=(13)
+3 160 56
fe=(12)
+5 57 56
fi=(13)
+7 160 56 56
+3 * 56
+2 * 56 0 0 0 0 0 0 0 0 56
-5 * 1 1
+3 * 1
+2 * 1 0 0 0 0 0 0 0 0 1
+6 +1 57
+3 * 57 0 0 0 0 0 0 0 0 57 5
+6 -1 1
+4 * 1
+4 * 1 1 0 0 1 0 0 1
+3 * 1
+3 * 1 0 0 0 0 0 0 0 0 1 1
fe=(12)
+78 319 504 0 0 1 0 0 1
+7 +3 504
+3 * 504 504 0 0 1 0 0 1
+4 -2 504
+7 * 504
+7 * 504
+5 +2 504 504 0 0 9 0 0 9
+3 * 504
+2 * 504 0 0 0 0 0 0 0 0 504 8
+2 -5 504
+4 * 504
+4 * 504 0 0 0 0 0 0 0 0 504 64
+2 * 56
fi=(13)
+14 160 635 635 0 1 0 0 1
+3 * 635
+3 * 635 0 0 0 0 0 0 0 0 635
+2 +1 635
+3 * 635 0 0 0 0 0 0 0 0 635 46
+2 -1 131 131
+4 * 131
+4 * 131
+4 * 131
+2 * 131 0 0 0 0 0 0 0 0 131 8
fe=(12)
+68 337 1 1 0 1 0 0 1
+6 * 1
+2 * 1 0 0 0 0 0 0 0 0 1
+2 * 1
+7 * 1
+7 * 1
+9 +3 9
+4 * 9
+3 * 9 0 0 0 0 0 0 0 0 9 1
+2 +3 9 9 0 1 0 0 1
+3 * 9
+3 * 9 0 0 0 0 0 0 0 0 9 4
+66 +9 1
+7 * 1 1
+1 * 1 1
+2 * 1 1
+2 * 1 1
+2 * 1 1
+2 * 1 1
+1 * 1 1
fi=(13)
+6 165 56 0 0 1 0 0 1
+3 * 56
+3 * 56 0 0 0 0 0 0 0 0 56 4
fe=(12)

fn=(62)
0x14700 73 6 6 0 1 0 0 1
+3 -3 6
+3 * 6
+3 +3 6
+3 * 6 0 0 0 0 0 0 0 0 6
+6 * 6
+2 * 6 0 0 0 0 0 0 0 0 6
+2 +10 6 6
+3 +11 6 6
+4 +1 6 6
+4 -1 6
+3 * 6 0 0 0 0 0 0 0 0 6
+6 * 6 6
+3 +1 6
+3 * 6
+3 * 6 0 0 0 0 0 0 0 0 6
+2 * 6 6
+3 +4 6
+3 * 6
+4 +2 6 0 0 1 0 0 1
+3 * 6
+4 +4 6
+3 -4 6
+4 * 6
+4 +11 6
+3 * 6 0 0 0 0 0 0 0 0 6
+6 +1 6
+3 * 6 0 0 0 0 0 0 0 0 6 4
+68 +3 6 0 6 1 0 0 1
+4 +1 6 0 6
+4 +1 6 0 6
+4 +1 6 0 6
+4 * 6 6

fl=(21)
fn=(58)
0x171d0 624 1 0 1 1 0 0 1
+1 * 1
+3 * 1
+3 * 1
+4 * 1 0 1
+4 * 1
+3 * 1 0 1
+4 * 1
+3 * 1 0 1
+4 * 1
+3 * 1 0 1
+4 +18 1 1
+3 +29 1 1
+6 -32 1 1 0 1 0 0 1
+6 +32 1
+6 -17 1
+3 * 1 0 0 0 0 0 0 0 0 1
+6 -11 1 1
+3 +28 1
+2 * 1 0 0 0 0 0 0 0 0 1
+6 * 1 0 1
+4 +4 1
+3 * 1 0 0 0 0 0 0 0 0 1
+6 -26 1 0 1
+7 +31 1
+5 -14 1 0 1
+7 +17 1 0 1 1 0 0 1
+4 -32 1 1
+7 * 1
+2 * 1
+3 * 1 0 1
+4 +32 1
+3 * 1 0 1
+3 * 1
+9 +10 4
+2 * 4
+3 * 4
+3 * 4
+3 * 4 0 0 0 0 0 0 0 0 4 1
+6 * 3
+3 * 3 0 0 0 0 0 0 0 0 3 2
+2 +14 1
+4 * 1 0 0 0 0 0 0 0 0 1
+6 +4 1
+3 +3 1
+2 +1 1
+3 -4 1
+5 * 1 0 1
+3 +3 1
+2 * 1
+3 * 1 0 1
+3 +6 1
+2 * 1 0 0 0 0 0 0 0 0 1 1
+6 -37 3
+3 * 3
+5 * 3
+2 * 3
+2 +6 3
+4 * 3 0 0 0 0 0 0 0 0 3
-13 -6 1 0 0 1 0 0 1
+5 * 1
+2 * 1
+2 +6 1
+4 * 1 0 0 0 0 0 0 0 0 1
+2 +1 4
+2 * 4 0 0 0 0 0 0 0 0 4 4
+73 828 1 1 0 1 0 0 1
+4 +7 1 0 1
+3 +1 1 0 1
+4 +1 1 0 1
+3 +1 1 1
+4 * 1 1
+4 * 1 1
+4 * 1 1
+4 * 1 1
+1 * 1 1
+84 698 1 0 0 1 0 0 1
+4 * 1 0 0 0 0 0 0 0 0 1
+6 +4 1
+3 +1 1
+3 -1 1 0 0 1 0 0 1
+5 * 1
+3 +18 1
+2 * 1 0 0 0 0 0 0 0 0 1 1
+6 -69 1 1
+7 * 1
+3 * 1 1
+4 * 1
+4 * 1
+4 * 1
+3 +75 1
+3 * 1 0 0 0 0 0 0 0 0 1
+6 * 1 1
+4 * 1 0 0 0 0 0 0 0 0 1
+6 +8 1
+3 +2 1 1 0 1 0 0 1
+4 -2 1
+3 * 1
+2 * 1 1
+4 * 1
+3 * 1
+2 +2 1
+3 * 1 0 0 0 0 0 0 0 0 1
+6 -2 1
+3 * 1
+3 +22 1 0 1
+4 * 1
+3 * 1
+3 * 1
+3 * 1
+3 +5 1
+6 * 1 0 0 0 0 0 0 0 0 1 1
+6 -21 1
+3 * 1
+5 * 1
+2 * 1
+2 +4 1
+6 * 1 0 0 0 0 0 0 0 0 1
-15 -4 1 0 0 1 0 0 1
+5 * 1
+2 * 1
+2 +4 1
+6 * 1 0 0 0 0 0 0 0 0 1
+2 * 2
+6 * 2 0 0 0 0 0 0 0 0 2
+2 +2 2
+6 * 2 0 0 0 0 0 0 0 0 2 1
+2 +3 1
+4 * 1 0 0 0 0 0 0 0 0 1
+6 +5 1
+4 +2 1
+6 * 1
+3 +1 1
+3 +1 1
+4 -2 1 0 0 1 0 0 1
+3 * 1
+3 +1 1
+3 -19 1
+3 * 1 0 0 0 0 0 0 0 0 1 1
-3 * 1
+3 * 1 0 0 0 0 0 0 0 0 1
+2 * 1
+3 * 1
+3 * 1
+3 * 1 1
+4 +46 1
+3 * 1 0 0 0 0 0 0 0 0 1
+6 +2 1 1
+3 -1 1
+4 +1 1
+2 * 1 0 0 0 0 0 0 0 0 1
+6 +2 1 1
+4 * 1 0 0 0 0 0 0 0 0 1
+6 -1 1 0 1
+4 +25 1 1 0 1 0 0 1
+3 +11 1
+3 * 1 0 0 0 0 0 0 0 0 1
+6 +1 1
+3 * 1
+2 * 1
+2 * 1
+3 * 1
+3 +4 1 1
+4 * 1 0 0 0 0 0 0 0 0 1 1
+52 -64 1 0 0 1 0 0 1
+4 * 1 0 0 0 0 0 0 0 0 1
+2 -7 1
+3 +11 1 1
+4 * 1 0 0 0 0 0 0 0 0 1
+6 +3 1 1
+4 +2 1
+5 * 1
+3 * 1
+2 * 1
+2 +1 1
+2 * 1 0 1
+3 +5 1
+4 * 1 0 0 1 0 0 1

fn=(52)
0x17960 266 12 12 0 1 0 0 1
+7 * 12 0 0 0 0 0 0 0 0 12
+6 -5 12 0 12
+1 +17 12
+5 -17 12
+3 * 12 0 12
+2 * 12 0 12
+2 * 12 0 12
+2 * 12
+3 * 12 0 12
+1 * 12 0 0 1 0 0 1
+4 +11 12 0 12
+4 +6 12
+2 * 12
+3 * 12
+3 +4 12
+2 * 12 0 0 0 0 0 0 0 0 12 9
+20 +34 12
+4 * 12 12
+1 * 12 12
+2 * 12 12
+2 * 12 12
+2 * 12 12
+1 * 12 12
+6 -29 12
+2 +3 12
+4 * 12 0 0 1 0 0 1
+4 -3 12
+2 +3 12 0 12
cfn=(54) intel_check_word.constprop.0
calls=12 0x176b0 133 
* * 4176 420 60 6 6 0 6 6 0 1176 103
+5 +2 12
+3 * 12 0 0 0 0 0 0 0 0 12
+2 +3 12
+4 * 12
+4 * 12
+2 * 12
+3 * 12 0 12
cfn=(54)
calls=12 0x176b0 133 
* * 1319 96 60 5 0 0 5 0 0 232 48
+5 +2 12
+3 * 12 0 0 0 0 0 0 0 0 12 12

fn=(54)
0x176b0 133 24 0 0 1 0 0 1
+2 * 24 0 0 0 0 0 0 0 0 24
+6 -4 24 0 24
+1 * 24
+3 +10 24 0 0 1 0 0 1
+5 * 24
+2 * 24
+3 +87 24
+7 -97 24
+3 * 24 0 24
+2 * 24 0 24
+2 +90 24
+6 -90 24 0 24
+2 * 24
+3 +10 24
+6 * 24
+4 -10 24 0 24
+1 +10 24
+4 +73 24 24
+7 * 24
+3 * 24 24
+7 -73 24 0 0 1 0 0 1
+4 +73 24
+3 * 24
+2 -69 24
+3 +2 24
+2 * 24 0 0 0 0 0 0 0 0 24 9
+67 -10 12
+2 257 12 12
+1 * 12 12
+2 * 12 12
+2 * 12 12
+2 * 12 12
+1 * 12 12
-8 * 12 12
+1 * 12 12
+2 * 12 12
+2 * 12 12
+2 * 12 12
+1 * 12 12
+18 -31 48 0 0 1 0 0 1
+3 * 48
+3 * 48
fi=(22) /usr/src/debug/glibc/glibc/elf/../bits/stdlib-bsearch.h
+5 28 48
+3 * 48
+3 * 48
fe=(21)
+4 +92 48 48 0 0 1 0 0 1
+3 * 48 0 0 0 0 0 0 0 0 48
fi=(22)
-13 -92 276
+3 * 276
+3 * 276
fe=(21)
+4 +92 276 276 0 0 5 0 0 5
+3 * 276 0 0 0 0 0 0 0 0 276
+2 +3 324 0 0 0 0 0 0 0 0 324 38
+2 * 264
fi=(22)
+3 -97 264
+3 * 264 0 0 0 0 0 0 0 0 264 34
-3 * 60
+3 * 60 0 0 0 0 0 0 0 0 60 14
fe=(21)
+2 141 48
+2 * 48
+3 * 48 0 0 0 0 0 0 0 0 48 2
+2 * 36
+9 +2 36
+3 +2 36
+2 * 36 0 0 0 0 0 0 0 0 36
+6 * 60 0 0 1 0 0 1
+2 +8 60
+6 * 60 0 0 0 0 0 0 0 0 60 2
+2 +51 48
+3 * 48 0 0 0 0 0 0 0 0 48 8
fi=(22)
+24 44 60 0 0 1 0 0 1
+4 -1 60
+4 +3 60
+3 * 60
fe=(21)
+53 165 12 0 0 1 0 0 1
+5 * 12
+2 * 12
+2 +3 12
+2 * 12
+3 * 12 0 0 0 0 0 0 0 0 12
+6 +9 12
+3 * 12
+4 +1 12
+4 * 12
+4 +1 12
+4 * 12
+4 +1 12
+4 * 12 0 0 1 0 0 1
+4 -18 12
+2 * 12
+11 +12 12
+3 * 12 0 0 0 0 0 0 0 0 12
+2 +1 12
+4 * 12 0 0 0 0 0 0 0 0 12 4
+2 +22 21
+3 -32 21
+5 * 21
+2 * 21
+2 +3 21
+2 * 21
+3 * 21 0 0 0 0 0 0 0 0 21 1
+6 +4 32
+3 * 32
+3 +2 32
+3 * 32
+4 * 32 0 0 1 0 0 1
+3 * 32 0 0 0 0 0 0 0 0 32 7
+2 +3 20
+3 * 20 0 0 0 0 0 0 0 0 20 4
+2 * 9
+3 * 9 0 0 0 0 0 0 0 0 9 3
+2 +1 18
+3 * 18 0 0 0 0 0 0 0 0 18 4
+2 * 7
+3 * 7 0 0 0 0 0 0 0 0 7 4
+2 +1 15
+3 * 15 0 0 0 0 0 0 0 0 15 2
+2 * 4
+3 * 4 0 0 0 0 0 0 0 0 4 3
+2 +1 12
+3 * 12 0 0 0 0 0 0 0 0 12 5
+7 +2 11
+7 +2 11
+3 * 11 0 0 0 0 0 0 0 0 11 4
+2 +6 7
+4 * 7 0 0 0 0 0 0 0 0 7 3
+2 +3 4 0 0 1 0 0 1
+4 * 4 0 0 0 0 0 0 0 0 4
+6 +1 4
+6 * 4
+4 * 4
+42 -3 3
+3 * 3
+3 * 3
+14 +9 1
+7 * 1
+5 -14 4 0 0 1 0 0 1
+2 +2 4
+2 +1 4
+3 -2 4
+3 -1 4
+3 +2 4
+6 * 4
+3 -2 4
+3 +3 4
+3 -2 4
+2 * 4
+6 * 4
+3 +2 4
+3 * 4
+3 * 4

fl=(28)
fn=(594) __minimal_free
0xc820 97 2
+4 +2 2 2
+7 * 2
+3 * 2 0 0 0 0 0 0 0 0 2
+2 * 2 2

fn=(80)
0xc690 36 39 0 0 2 0 0 1
+4 +1 39 39 0 0 3
+7 * 39
+3 * 39 0 0 0 0 0 0 0 0 39 1
+6 +11 38 38
+7 * 38
+4 * 38
+4 +3 38
+4 -3 38 0 38
+7 +3 38 0 0 1
+3 * 38 0 0 0 0 0 0 0 0 38 3
-22 -3 1
+4 * 1
+4 +3 1
+4 -3 1 0 1
+7 +3 1 0 0 1 0 0 1
+3 * 1 0 0 0 0 0 0 0 0 1
+2 * 36
+3 * 36
+3 * 36
+3 * 36 0 0 0 0 0 0 0 0 36 23
+6 +5 3 3
+7 * 3
+3 * 3
+5 * 3
+3 +1 3
+3 * 3 0 0 0 0 0 0 0 0 3 3
+11 -21 3 0 3
+1 +24 3
+3 * 3
+6 * 3 0 0 1 0 0 1
+5 -24 3
+3 * 3 0 3
+2 * 3
+3 +24 3
+2 -24 3 0 3
+1 +23 3
+4 +1 3
+5 * 3
+3 -24 3
+4 +24 3 0 3 0 0 1 0 0 1
cfi=(61)
cfn=(204)
calls=3 0x25580 -13 
* * 78 12 9 0 0 1 0 0 0 12 6
+5 +2 3
+4 * 3 0 0 0 0 0 0 0 0 3
+6 +2 3
+3 * 3
+7 * 3
+3 * 3 0 3
+4 * 3 0 3 1 0 0 1
cfi=(69) /usr/src/debug/glibc/glibc/misc/../sysdeps/unix/sysv/linux/setvmaname.c
cfn=(240) __set_vma_name
calls=3 0x25700 -4 
* * 107 27 19 4 1 1 4 1 1 11 8
+5 +1 3 3
+4 * 3 3
+7 * 3
+3 * 3 0 0 0 0 0 0 0 0 3 1
+2 +2 3
+3 +4 3
+4 -1 3 0 3
+7 -3 3 0 3
+7 +4 3 0 3
+7 +2 3
+4 * 3 3
+1 * 3 3
+2 * 3 3
+1 * 3 3
+11 -3 36 0 36 0 0 4 0 0 1
+7 +1 36 0 36
+7 +2 36 36
+2 -30 1 1 0 1 0 0 1
+7 -1 1
+7 +1 1
+5 +1 1
+3 * 1
+3 -2 1 0 1
+7 * 1
+8 +28 1 1
+7 * 1

fn=(76)
0xc7e0 80 17 0 0 1 0 0 1
+4 +4 17
+3 * 17
+3 * 17
+3 +3 17
+3 +1 17
+4 * 17
+3 * 17 0 0 0 0 0 0 0 0 17 11
fi=(29)
+7 -32 17 0 0 1 0 0 1
+3 * 17 17 0 0 0 0 0 0 0 0 0 17 1
cfi=(28)
cfn=(80)
calls=17 0xc690 -20 
* * 514 91 86 11 3 6 9 1 3 72 27
fe=(28)

fl=(65) /usr/src/debug/glibc/glibc/io/../sysdeps/unix/sysv/linux/access.c
fn=(222) access
0x250b0 25 1 0 0 1 0 0 1
+4 +2 1
+5 * 1
+2 * 1
+6 * 1 0 0 0 0 0 0 0 0 1 1
+7 * 1
+2 * 1 0 1
+6 * 1
+5 +4 1 1

fl=(197)
fn=(672) call_init
0x6110 29 8 8 0 2 1 0 1
+4 * 8 0 0 0 0 0 0 0 0 8 8
+12 -2 8 0 8
+1 * 8
+3 * 8
+4 +8 8 8
+7 -8 8 0 8 0 0 1
+4 * 8
+3 * 8 0 8
+4 * 8
+3 * 8 0 8 1 0 0 1
+4 * 8
+3 * 8 0 8
+4 * 8
+3 +8 8
+2 * 8 0 0 0 0 0 0 0 0 8 8
+10 +2 8
+2 * 8 0 0 0 0 0 0 0 0 8 2
+6 +6 7 7
+7 +3 7 7 0 0 1
+4 -3 7
+3 * 7 0 7
+6 +3 7 7 0 0 4
+3 * 7 0 0 0 0 0 0 0 0 7 1
+6 +5 6 6 0 1 0 0 1
+7 * 6 0 0 0 0 0 0 0 0 6
+6 +8 6 6 0 0 4
+7 * 6
+3 * 6 0 0 0 0 0 0 0 0 6 2
+2 +1 4 4 0 0 3
+4 * 4
+3 * 4 4
+3 * 4
+3 * 4
+3 * 4 0 4 0 0 0 0 0 0 0 0 4 4
cob=(4)
cfi=(198)
cfn=(722)
calls=1 0x4912000 -60 
* * 7 2 0 1 1 0 1 0 0 1
cob=(4)
cfi=(198)
cfn=(712)
calls=1 0x4b5b000 -60 
* * 7 2 0 1 1 0 1 0 0 1
cob=(4)
cfi=(198)
cfn=(696)
calls=1 0x4c82000 -60 
* * 7 2 0 1 1 0 1 0 0 1 1
cob=(4)
cfi=(198)
cfn=(674)
calls=1 0x4849000 -60 
* * 7 2 0 1 0 0 1 0 0 1 1
+2 +3 6 6 0 0 4
+7 +1 6
+3 * 6 0 0 0 0 0 0 0 0 6 1
+2 +6 5 5 0 0 1
+7 * 5 5 0 0 4
+4 * 5 0 0 1 0 0 1
+4 +3 5
+2 * 5 0 0 0 0 0 0 0 0 5
+2 -1 5 5
+3 * 5 5
+4 * 5
+3 * 5 0 5
+4 * 5
+4 * 5
+4 * 5
+4 * 16
+4 +2 16
+3 * 16
+3 * 16
+3 * 16 16 16 0 3 0 0 0 0 0 0 16 16
cob=(7)
cfi=(256) /usr/src/debug/gcc/gcc/libstdc++-v3/src/c++20/tzdb.cc
cfn=(990) _GLOBAL__sub_I_tzdb.cc
calls=1 0xb2e20 2389 
* * 6 2 1 0 1 0 0 1 0 1
cob=(7)
cfi=(273) /usr/src/debug/gcc/gcc/libstdc++-v3/src/c++11/locale-inst.cc
cfn=(982) _GLOBAL__sub_I_wlocale_inst.cc
calls=1 0xb2d60 +86 
* * 50 25 12 3 7 0 3 1 0 12 4
cob=(7)
cfi=(273)
cfn=(974) _GLOBAL__sub_I_locale_inst.cc
calls=1 0xb2ca0 +86 
* * 50 25 12 3 5 0 3 1 0 12 3
cob=(7)
cfi=(273)
cfn=(966) _GLOBAL__sub_I_cxx11_wlocale_inst.cc
calls=1 0xb2c20 +86 
* * 34 17 8 2 6 0 2 1 0 8 2
cob=(7)
cfi=(273)
cfn=(958) _GLOBAL__sub_I_cxx11_locale_inst.cc
calls=1 0xb2ba0 +86 
* * 34 17 8 2 3 0 2 1 0 8 1
cob=(7)
cfi=(272) /usr/src/debug/gcc/gcc/libstdc++-v3/src/c++98/parallel_settings.cc
cfn=(956) _GLOBAL__sub_I_parallel_settings.cc
calls=1 0xb2a40 -32 
* * 47 9 28 6 3 6 6 3 6
cob=(7)
cfi=(270) /usr/src/debug/gcc/gcc/libstdc++-v3/src/c++98/bitmap_allocator.cc
cfn=(952) _GLOBAL__sub_I_bitmap_allocator.cc
calls=1 0xb2910 +53 
* * 57 9 22 4 2 4 4 0 0 6 2
cob=(7)
cfi=(262) /usr/src/debug/gcc/gcc/libstdc++-v3/libsupc++/eh_alloc.cc
cfn=(924) _GLOBAL__sub_I_eh_alloc.cc
calls=1 0xb26c0 456 
* * 910 274 75 63 38 3 63 3 2 185 40 4 4
cob=(7)
cfi=(260) /usr/src/debug/gcc/gcc/libstdc++-v3/src/c++11/compatibility-thread-c++0x.cc
cfn=(920) _GLOBAL__sub_I_compatibility_thread_c__0x.cc
calls=1 0xb26a0 +54 
* * 11 5 3 1 0 0 1 0 0 0 0 1 1
cob=(7)
cfi=(259) /usr/src/debug/gcc/gcc/libstdc++-v3/src/c++11/compatibility-condvar.cc
cfn=(918) _GLOBAL__sub_I_compatibility_condvar.cc
calls=1 0xb2690 +34 
* * 3 1 1 0 0 1
cob=(7)
cfi=(258) /usr/src/debug/gcc/gcc/libstdc++-v3/src/c++11/compatibility-c++0x.cc
cfn=(914) _GLOBAL__sub_I_compatibility_c__0x.cc
calls=1 0xb2600 260 
* * 184 35 40 5 1 2 5 0 1 20 6 4 4
cob=(7)
cfi=(257)
cfn=(908) 0x00000000000b2f20
calls=1 0xb2f20 -74 
* * 12 1 0 3 0 0 3 0 0 1 1
cob=(7)
cfi=(256)
cfn=(906) _GLOBAL__sub_I.00098_tzdb.cc
calls=1 0xb2e40 2389 
* * 81 14 15 1 0 0 1 0 0 10 1 1 1
cob=(6)
cfi=(208)
cfn=(706)
calls=1 0x5600 -74 
* * 12 1 0 3 0 0 3 0 0 1 1
cob=(2)
cfi=(204) /usr/src/debug/glibc/glibc/libio/stdfiles.c
cfn=(694) _IO_stdfiles_init
calls=1 0x27580 -10 
* * 22 5 3 1 4 1 1 0 0 4 2
cob=(2)
cfi=(203) /usr/src/debug/glibc/glibc/libio/vtables.c
cfn=(692) check_stdfiles_vtables
calls=1 0x27510 545 
* * 12 7 0 2 5 0 2 0 0 3 1
-9 * 5
+3 * 5
+3 * 5
+3 * 5 5 5 0 3 0 0 0 0 0 0 5 5
cob=(7)
cfi=(210) /usr/src/debug/gcc/gcc/libstdc++-v3/src/c++98/globals_io.cc
cfn=(726) _GLOBAL__sub_I.00090_globals_io.cc
calls=1 0xb2a00 +44 
* * 38780 10965 4667 346 172 150 346 25 115 7182 367 916 173
cob=(3)
cfi=(209)
cfn=(716) 0x0000000000010a80
calls=1 0x10a80 -74 
* * 12 1 0 3 0 0 3 0 0 1 1
cob=(6)
cfi=(205)
cfn=(700)
calls=1 0x42d0 -14 
* * 367 14 45 39 2 0 39 0 0 100 31
cob=(2)
cfi=(200)
cfn=(684)
calls=1 0x274a0 -28 
* * 69 18 10 8 5 3 8 1 1 7 1 1 1
cob=(5)
cfi=(199)
cfn=(678)
calls=1 0x10e0 -74 
* * 12 1 0 3 0 0 3 0 0 1
+2 -1 21
+3 * 21
+3 * 21 0 0 0 0 0 0 0 0 21 12
+2 * 5 5
+4 +3 5 5
+4 * 5 5 0 1 0 0 1
+4 * 5 5
+4 * 5 5
+4 * 5 5
+1 * 5 5
-17 * 3 3
+4 * 3 3
+4 * 3 3
+4 * 3 3
+4 * 3 3
+1 * 3 3
+4 -29 1
+2 * 1 0 0 0 0 0 0 0 0 1 1

fn=(670)
0x6250 81 1 0 0 1 0 0 1
+4 * 1 0 1
+1 * 1
+3 * 1 0 1
+2 * 1
+3 * 1 0 1
+2 * 1
+3 * 1 0 1
+2 * 1
+3 * 1 0 1
+2 * 1
+3 * 1 0 1
+1 * 1
+4 +1 1 1 0 0 1
+7 +1 1 1
+7 +3 1 1 0 1 0 0 1
+7 * 1
+3 * 1 0 0 0 0 0 0 0 0 1 1
+6 +8 1
+3 * 1 0 0 0 0 0 0 0 0 1 1
+7 +25 1 1
+7 +1 1
+2 * 1 0 0 0 0 0 0 0 0 1
+2 * 1
+3 * 1
+4 * 1
+5 +1 1 1
+7 * 1
+3 * 1
+3 * 1
+3 * 1 1 0 1 0 0 1
+4 -1 1
+4 +1 1 0 1
cfn=(672)
calls=1 0x6110 -92 
* * 38 14 6 0 2 0 0 0 0 7 4
-24 * 6 6
+7 * 6
+3 * 6
+3 * 6
+3 * 6 6
+4 -1 6
+4 +1 6 0 6
cfn=(672)
calls=6 0x6110 -92 
* * 41208 11572 5012 499 281 170 498 37 125 7624 494 950 207
+5 -1 7 0 0 1
+4 * 7 0 0 0 0 0 0 0 0 7 6
+2 +7 1
+4 * 1 1
+1 * 1 1
+2 * 1 1
+2 * 1 1
+2 * 1 1
+2 * 1 1
+1 * 1 1
+79 -22 1 0 1 1 0 0 1
+4 -17 1 0 1
cfn=(672)
calls=1 0x6110 -59 
* * 83 25 9 9 2 1 9 0 0 11 3 2 2
+5 +1 1 1
+4 * 1 0 1 1 0 0 1
+11 * 1

fl=(26) /usr/src/debug/glibc/glibc/elf/dl-environ.c
fn=(72) _dl_next_ld_env_entry
0x1c5e0 28 2 0 0 1 0 0 1
+4 +1 2 2
+3 +3 2 2
+3 * 2
+3 * 2 0 0 0 0 0 0 0 0 2 1
+2 * 1 1
+17 * 55 55
+4 +13 55
+4 -13 55
+3 * 55 0 0 0 0 0 0 0 0 55
+2 +2 56 56 0 1 0 0 1
+3 * 56 0 0 0 0 0 0 0 0 56 15
+2 +1 6 6
+4 * 6 0 0 0 0 0 0 0 0 6 5
+2 * 1 1
+4 * 1 0 0 0 0 0 0 0 0 1
+2 +5 1
+4 -3 1
+4 +3 1 0 1
+3 +2 1 1

fl=(8) /usr/src/debug/glibc/glibc/elf/dl-setup_hash.c
fn=(14) _dl_setup_hash
0x12690 25 7 0 0 1 0 0 1
+4 +3 7 7
+7 * 7
+3 * 7 0 0 0 0 0 0 0 0 7
+2 +3 7 7
+4 * 7 7
+7 * 7 0 0 0 0 0 0 0 0 7
+2 +1 7 7 0 0 7 0 0 7
+2 * 7 0 7
+6 +2 7 7
+3 -1 7 7
+3 +3 7
+4 * 7 0 0 1 0 0 1
+3 * 7 0 0 0 0 0 0 0 0 7
+6 +1 7 0 7
+7 +1 7
+4 * 7 7
+3 +2 7 0 7
+7 -2 7 0 7
+6 +3 7
+3 * 7
+4 +4 7
+2 * 7
+3 -2 7 0 7
+7 +2 7
+4 * 7 0 7 1 0 0 1
+7 +5 7 7

fl=(71) /usr/src/debug/glibc/glibc/malloc/scratch_buffer_set_array_size.c
fn=(248) __libc_scratch_buffer_set_array_size
0x25440 30 5 0 0 1 0 0 1
+4 * 5 0 5
+1 * 5
+3 * 5
+3 * 5
+3 * 5
+4 * 5
+3 * 5 0 5
+4 * 5 0 5
+4 * 5
+3 * 5
+3 * 5
+3 +4 5
+3 +1 5
+4 * 5 0 0 0 0 0 0 0 0 5 2
+7 +10 5 5
+4 * 5 0 0 0 0 0 0 0 0 5 2
+49 +18 5 5 0 1 0 0 1
+4 * 5 5
+4 -17 5
+5 +17 5 5
+1 * 5 5

fl=(183) /usr/src/debug/glibc/glibc/elf/../sysdeps/nptl/dl-mutex.c
fn=(618) __rtld_mutex_init
0x1d370 30 1 0 0 1 0 0 1
+4 * 1 0 1
+1 +10 1
+6 * 1 0 0 1 0 0 1
+7 * 1
+5 * 1
+7 -10 1
+3 * 1 0 1
+2 * 1 0 1
+1 +7 1 1
+7 +3 1
+3 * 1 0 1
cfi=(184)
cfn=(620)
calls=1 0xc480 +34 
* * 238 59 19 8 7 0 8 2 0 25 5 1 1
+5 +4 1
+3 * 1 0 0 0 0 0 0 0 0 1
+6 +1 1
+3 * 1
+3 * 1
+4 * 1 1
+5 * 1 0 0 0 0 0 0 0 0 1
+2 * 1
+3 * 1 0 0 1 0 0 1 0 0 1
+2 * 1 1
+3 * 1 1
+4 +2 1
+6 * 1
+5 * 1
+3 * 1
+7 * 1
+7 -2 1 0 1
+7 +2 1 0 1
cfi=(184)
cfn=(620)
calls=1 0xc480 +27 
* * 222 57 19 0 6 0 0 1 0 21 2 1 1
+5 * 1
+3 +4 1
+3 * 1 0 0 0 0 0 0 0 0 1
+6 +1 1 1 0 1 0 0 1
+5 * 1 0 0 0 0 0 0 0 0 1
+2 * 1
+3 * 1 0 0 0 0 0 0 0 0 1
+2 * 1 1
+3 * 1 1
+4 +1 1 1
+1 * 1 1
+2 -1 1 0 1
+7 +1 1 1
+1 * 1 1

fl=(51) /usr/src/debug/glibc/glibc/string/../string/strcspn.c
fn=(160) strcspn
0x28480 32 1 0 0 1 0 0 1
+4 * 1 0 1
+1 * 1
+3 * 1
+3 * 1
+7 +1 1 1 0 0 1 0 0 1
+3 * 1
+2 * 1 0 0 0 0 0 0 0 0 1
+6 +1 1 1
+4 * 1 0 0 0 0 0 0 0 0 1
+6 +5 1
+4 * 1
+7 * 1 0 1 0 0 1 0 0 1
+7 * 1 0 1
+7 * 1 0 1 1 0 0 1
+7 * 1 0 1 0 0 1 0 0 1
+7 +1 1 0 1
+7 * 1 0 1
+7 * 1 0 1
+7 * 1 0 1 0 0 1 0 0 1
+7 +1 1 0 1
+4 * 1 0 1
+4 * 1 0 1
+4 * 1 0 1 0 0 1 0 0 1
+4 +1 1 0 1
+4 * 1 0 1 1 0 0 1
+4 * 1 0 1
+4 * 1 0 1
+4 +2 1
+6 +3 1 1
+3 * 1
+4 * 1 0 1
+4 +1 1
+2 * 1 0 0 0 0 0 0 0 0 1 1
-13 -1 2 2
+3 * 2
+4 * 2 0 2
+4 +1 2
+2 * 2 0 0 0 0 0 0 0 0 2 1
+2 +3 1 1
+4 * 1
+2 * 1 1
+8 * 1 0 0 0 0 0 0 0 0 1
+6 +1 1 1
+5 * 1
+5 * 1 1 0 1 0 0 1
+8 * 1 0 0 0 0 0 0 0 0 1
+2 +1 1 1
+5 * 1
+5 * 1 1
+8 * 1 0 0 0 0 0 0 0 0 1
+2 +1 1 1
+5 * 1
+5 * 1 1
+8 * 1 0 0 0 0 0 0 0 0 1
+2 +2 1
+3 * 1
+4 * 1
+10 +6 1 1 0 1 0 0 1
+4 -1 1
+4 +1 1 1
+4 +2 1 1
+4 * 1 1
+4 -1 1 1
+4 * 1 1
+5 +2 1 1
+4 +2 1 1
+5 * 1
+3 * 1
+3 * 1
+3 * 1
+3 * 1 0 0 0 0 0 0 0 0 1 1
-50 -5 11 11 0 0 1 0 0 1
+4 -1 11
+4 +1 11 11
+4 +2 11 11
+4 * 11 11
+4 -1 11 11
+4 * 11 11
+5 +2 11 11
+4 +2 11 11
+5 * 11
+3 * 11
+3 * 11
+3 * 11
+3 * 11 0 0 0 0 0 0 0 0 11 9
+2 +2 1
+3 +1 1
+3 * 1 0 0 0 0 0 0 0 0 1 1
+14 +1 1 1 0 1 0 0 1
+1 -1 1
+4 * 1
+3 +1 1 1

fl=(78)
fn=(290) dl_cet_check
0x16630 269 1 0 1 1 0 0 1
+1 * 1
+3 * 1
+3 * 1
+4 +6 1
+3 * 1 0 0 1 0 0 1 0 0 1
+6 +2 1 1
+6 * 1
+3 -1 1 0 1
+6 +6 1 1
+8 +3 1 0 1
+3 -3 1
+3 +1 1
+4 -1 1
+3 +1 1
+4 -1 1 0 1
+3 +1 1 0 1
+4 +5 1
+3 * 1 0 0 0 0 0 0 0 0 1
+2 +5 1
+2 * 1 0 0 0 0 0 0 0 0 1 1
0x166e5 +25 1 1 0 1 0 0 1
+1 * 1 1

fn=(666)
0x16950 331 1 0 0 1 0 0 1
+4 +3 1
+2 * 1 0 0 0 0 0 0 0 0 1 1
+42 +16 1 1 0 1 0 0 1

fn=(288) _dl_cet_check
0x169d0 361 1 0 0 1 0 0 1
+4 +1 1
cfn=(290)
calls=1 0x16630 -93 
* * 23 4 5 3 0 0 3 0 0 3 1

fl=(2)
fn=(170) map_doit
0x1f440 641 1 0 0 1 0 0 1
+4 * 1 0 1
+1 +2 1
+2 -2 1
+3 * 1 0 1
+1 * 1
+3 * 1
+4 +2 1 1
+4 +1 1 1
+3 * 1 1
+4 -1 1
+7 * 1
+3 +1 1
+3 * 1
+2 * 1 0 1 0 0 1 0 0 1
cfi=(32) /usr/src/debug/glibc/glibc/elf/dl-load.c
cfn=(172) _dl_map_object
calls=1 0xa780 2194 
* * 2545 562 284 100 36 33 100 36 33 450 145 8 3
+5 * 1 0 1
+4 +2 1 1
+4 * 1 1
+1 * 1 1

fn=(68) dl_main
0x206c0 1356 1 0 0 1 0 0 1
+4 * 1 0 1
+1 196 1
+4 1356 1
+3 * 1 0 1
+2 * 1 0 1
+2 * 1 0 1
+2 * 1
+3 * 1 0 1
+2 * 1
+3 * 1 0 1
+1 * 1
+7 * 1 0 1 0 0 1 0 0 1
+6 * 1 0 1
+7 198 1 0 1
+11 301 1 0 1 1 0 0 1
+7 +1 1 0 1
+4 196 1 0 1
+7 +99 1 0 1
+4 * 1 0 1
+4 * 1 0 1
+4 1368 1 0 1 0 0 1 0 0 1
cfi=(25)
cfn=(70)
calls=1 0x14190 54 
* * 17 1 5 2 0 1 2 0 1
+5 2745 1 1
+6 2513 1 1
+7 2745 1 0 1
+6 * 1
+2 * 1 0 0 0 0 0 0 0 0 1
+6 2584 1 0 1
+7 +2 1 0 0 1 0 0 1
+3 +15 1
+7 * 1
+7 -13 1
+7 * 1 0 1
cfi=(26)
cfn=(72)
calls=1 0x1c5e0 28 
* * 355 121 1 2 0 0 2 0 0 119 21
-7 * 1
+7 * 1 0 1
cfi=(26)
cfn=(72)
calls=1 0x1c5e0 28 
* * 6 3 0 0 0 0 0 0 0 1
+5 * 2
+3 * 2
+3 * 2 0 0 0 0 0 0 0 0 2 1
+2 +4 1 1
+3 * 1
+3 * 1 0 0 0 0 0 0 0 0 1
+2 -2 1
+2 +2 1
+2 * 1 0 0 0 0 0 0 0 0 1
+2 * 1
+3 * 1
+11 +1 1 0 0 1 0 0 1
+4 -1 1 1
+4 * 1
+2 * 1 0 0 0 0 0 0 0 0 1
-10 +1 6
+4 -1 6 6
+4 * 6
+2 * 6 0 0 0 0 0 0 0 0 6
+2 * 7
+3 * 7 0 0 0 0 0 0 0 0 7 4
+2 +9 1
+4 * 1
+4 * 1 0 0 0 0 0 0 0 0 1
+2 * 1 1 0 0 1 0 0 1
+4 * 1
+3 * 1 0 0 0 0 0 0 0 0 0 0 1 1
+14 2712 1 1
+8 * 1 0 0 0 0 0 0 0 0 1 1
+16 +10 1 1 0 1 0 0 1
+6 * 1
+2 * 1 0 0 0 0 0 0 0 0 1 1
+11 1378 1 1
+7 +1 1 1
+7 * 1
+7 -1 1 1
+3 * 1 0 1
+7 +1 1 1
+3 * 1 0 0 1 0 0 1 0 0 1 1
0x20a66 2626 1 1 0 1 0 0 1
+6 * 1 0 0 0 0 0 0 0 0 1
+6 +10 1 1
+6 * 1 0 0 0 0 0 0 0 0 1 1
0x20bf6 1646 1 0 0 1 0 0 1
+7 * 1
+3 * 1 0 0 1 0 0 1
+2 * 1
+2 * 1
+6 * 1
+3 * 1
+3 * 1 0 1
cfi=(27)
cfn=(74)
calls=1 0xcd40 59 
* * 284 29 50 20 3 12 20 3 12 36 20 2 2
+5 * 1
+3 +2 1
+3 * 1 0 0 0 0 0 0 0 0 1
+6 +1 1 0 1
+7 +1 1 1
+7 +5 1
+2 * 1
+3 -5 1 0 1
+8 +1 1 1 0 1 0 0 1
+7 * 1 1
+3 * 1 0 1
+7 +4 1 0 1
cfi=(27)
cfn=(88)
calls=1 0xcca0 31 
* * 33 9 8 3 1 0 3 1 0 1 1 2 2
+5 +1 1 1
+7 * 1 0 0 0 0 0 0 0 0 1
+6 1361 1 0 1
+7 1094 1 1
+7 +1 1 1
+8 +27 1
+3 -21 1 1 0 0 1 0 0 1
+8 +2 1 0 1 1 0 0 1
+8 +19 1
+4 -18 1 0 1
+8 -3 1 0 1 0 0 1 0 0 1
+8 +21 1
+4 * 1
+3 * 1 0 0 0 0 0 0 0 0 1
+6 * 1
+3 -25 1
+3 +26 1
+7 -4 1
+2 * 1
+8 +4 1 1 0 1 1 0 1 1
+2 * 1
+3 * 1 0 0 0 0 0 0 0 0 1
-5 * 14 14 0 0 7 0 0 7
+2 * 14
+3 * 14 0 0 0 0 0 0 0 0 14 5
+2 * 10
+2 * 10 0 0 0 0 0 0 0 0 10
+2 * 10
+3 * 10 0 0 0 0 0 0 0 0 10
+2 * 10 10 0 0 2 0 0 2
+4 * 10
+3 * 10 0 0 0 0 0 0 0 0 0 0 10 5
+9 * 5
+6 * 5 0 0 0 0 0 0 0 0 5 1
+6 * 4
+6 * 4 0 0 0 0 0 0 0 0 4 3
+2 +80 1 1
+5 * 1 1
+5 * 1 0 1
+8 -81 1
+4 * 1
+3 * 1 0 0 0 0 0 0 0 0 1
-7 * 6 0 0 1 0 0 1
+4 * 6
+3 * 6 0 0 0 0 0 0 0 0 6 5
+2 +87 1
+3 * 1
+3 * 1
+11 +1 12
+5 * 12 0 0 0 0 0 0 0 0 12 8
+2 +6 1
+3 * 1
+5 * 1
+3 * 1 0 1
cfi=(32)
cfn=(94) _dl_process_pt_gnu_property
calls=1 0x7fb0 842 
* * 54 13 2 7 1 0 7 1 0 13 1
+6 -7 15
+3 * 15 0 0 0 0 0 0 0 0 15 1
+6 +1 15 15 0 1 0 0 1
+5 +6 15
+4 -6 15
+3 * 15 0 0 0 0 0 0 0 0 15 6
fi=(33) /usr/src/debug/glibc/glibc/elf/../sysdeps/x86/dl-prop.h
+2 149 3 3
+8 * 3 0 0 0 0 0 0 0 0 3 3
fe=(2)
0x20f80 1127 1 0 0 1 0 0 1
+3 -5 1
+4 +5 1 1
+4 * 1 0 1
+3 -5 1
+3 * 1 0 0 0 0 0 0 0 0 1 1
+11 +21 1 1
+3 * 1 1 0 0 1 0 0 1
+4 -21 1
+4 +25 1
+6 -5 1 0 1
+7 +3 1
+7 * 1 0 1 1 0 0 1
+7 -23 1
+3 * 1 0 0 0 0 0 0 0 0 1 1
+11 +10 1 1
+3 * 1 1
+4 -10 1
+4 +10 1 0 1
+4 +1 1 1
+4 * 1 1
+8 * 1
+2 * 1
+3 * 1
+3 * 1
+3 * 1
+3 * 1
+2 * 1 0 1
+7 -11 1
+3 * 1 0 0 0 0 0 0 0 0 1 1
+11 +34 4 4 0 1 0 0 1
+7 * 4 4 0 0 1 0 0 1
+4 -1 4 4
+3 +1 4
+3 * 4
+3 * 4
+3 * 4
+3 -1 4
+3 +2 4 4
+7 * 4 0 0 0 0 0 0 0 0 4 2
+2 +1 1 0 1
+7 +2 1 1 0 1 0 0 1
+8 * 1
+4 * 1 0 0 0 0 0 0 0 0 1
-12 * 3 3
+8 * 3
+4 * 3 0 0 0 0 0 0 0 0 3
+2 +1 4
+3 * 4 0 0 0 0 0 0 0 0 4 1
+2 * 3
+3 * 3 0 0 0 0 0 0 0 0 3 2
+13 +4 4 4 0 0 3 0 0 3
+4 * 4
+3 +1 4 4
+7 * 4 0 0 0 0 0 0 0 0 4
+2 +1 4 0 4
+7 +4 4
+5 -49 4
+4 +49 4 0 0 1 0 0 1
+3 -49 4
+3 * 4 0 0 0 0 0 0 0 0 4 1
+33 +87 1
+3 +13 1 1 0 0 1 0 0 1
+7 * 1
+3 * 1 0 0 0 0 0 0 0 0 1 1
+12 +3 1 1 0 1 0 0 1
+8 * 1 0 0 0 0 0 0 0 0 1 1
+13 +2 1 1
+8 * 1 0 0 0 0 0 0 0 0 1
+6 1679 1 0 1
cfi=(34) /usr/src/debug/glibc/glibc/elf/dl-execstack-tunable.c
cfn=(100) _dl_handle_execstack_tunable
calls=1 0x4e70 24 
* * 33 7 3 2 1 0 2 1 0 5 2
fi=(4)
+5 96 1 1
+7 * 1
+3 * 1 0 0 0 0 0 0 0 0 1
+2 +3 1 1
+7 * 1
+2 * 1 1 0 1 0 0 1
+7 * 1 1
+8 +1 1 1
fe=(2)
+4 1685 1 1
+4 * 1
+3 * 1 0 0 0 0 0 0 0 0 1
+2 +1 1 1
+7 * 1
+3 * 1 1
+4 * 1 0 1
cfi=(35)
cfn=(104)
calls=1 0x27000 98 
* * 25 7 0 3 2 0 3 2 0 3 1
+5 * 1
+2 * 1 0 0 0 0 0 0 0 0 1
+2 +3 1 0 1 0 0 1 0 0 1
+7 +1 1 0 1 1 0 0 1
+11 +1 1 0 1
+10 +2 1 1
+5 * 1 0 0 0 0 0 0 0 0 1
+6 +1 1
+7 * 1 0 1
+4 +5 1 1
+7 * 1 0 0 0 0 0 0 0 0 1
+6 +2 1 1
+7 * 1 0 0 0 0 0 0 0 0 1
fi=(3) /usr/src/debug/glibc/glibc/elf/./get-dynamic-info.h
+6 39 1 1
+4 * 1 0 0 1 0 0 1
+3 * 1 0 0 0 0 0 0 0 0 1
+6 +6 1 1 0 0 1 0 0 1
+3 * 1
+3 * 1 0 0 0 0 0 0 0 0 1
+2 -2 1
+4 * 1
+8 +25 28 0 28 0 0 8 0 0 8
+4 -23 28 28 0 0 7 0 0 7
+4 * 28
+4 * 28
+3 * 28 0 0 0 0 0 0 0 0 28 1
+2 +4 28
+4 * 28 0 0 0 0 0 0 0 0 28 5
+2 +3 6
+7 -1 6
+4 * 6 0 0 0 0 0 0 0 0 6
+2 +3 6
+5 * 6
+3 * 6
+4 * 6 0 0 0 0 0 0 0 0 6 1
+6 +1 5
+5 * 5
+3 * 5
+3 * 5
fi=(31) /usr/src/debug/glibc/glibc/elf/../include/stackinfo.h
+2 +7 1 1 0 1 0 0 1
+3 * 1
fe=(2)
+5 1122 1
fi=(31)
+4 62 1
+3 * 1
+3 * 1
+2 * 1
+2 * 1
+3 * 1 0 1
fe=(2)
+6 1122 1 0 0 1 0 0 1
+3 * 1 0 0 0 0 0 0 0 0 1 1
fi=(3)
+11 72 1 1
+3 * 1
+3 * 1 0 0 0 0 0 0 0 0 1 1
+40 +51 1 1 0 1 0 0 1
+7 * 1 1
+5 * 1 0 0 0 0 0 0 0 0 1
+6 +6 1 1
+7 * 1
+3 * 1 0 0 0 0 0 0 0 0 1 1
+20 +18 1 1
+7 * 1
+3 * 1 0 0 0 0 0 0 0 0 1 1
+46 +15 1 1 0 1 0 0 1
+7 * 1
+3 * 1 0 0 0 0 0 0 0 0 1
+2 +2 1 1
+4 * 1 0 1
+7 * 1
+2 +1 1
+2 * 1 0 0 0 0 0 0 0 0 1 1
+10 +9 1 1 0 1 0 0 1
+7 * 1 0 0 0 0 0 0 0 0 1
+6 +6 1
+3 * 1 0 0 0 0 0 0 0 0 1 1
+16 +4 1 1
+8 * 1 0 0 0 0 0 0 0 0 1 1
fi=(4)
+13 -88 1 1 0 1 0 0 1
+7 * 1
+3 * 1 0 0 0 0 0 0 0 0 1 1
fe=(2)
+60 1714 1 0 0 1 0 0 1
+3 * 1 0 1
cfi=(8)
cfn=(14)
calls=1 0x12690 25 
* * 27 8 6 0 1 0 0 1 0 3
+5 +3 1 1
+4 * 1 0 0 0 0 0 0 0 0 1
fi=(36) /usr/src/debug/glibc/glibc/elf/./setup-vdso.h
+6 24 1 1
+8 * 1 0 0 0 0 0 0 0 0 1 1
fi=(39) /usr/src/debug/glibc/glibc/elf/./dl-main.h
0x21dfd +85 1 1 0 1 0 0 1
+4 * 1 1
fi=(38) /usr/src/debug/glibc/glibc/elf/../sysdeps/unix/sysv/linux/dl-vdso-setup.h
+4 -55 1 0 1
fi=(39)
+7 +55 1 1
+4 * 1 1
+4 * 1 0 1
cfi=(32)
cfn=(116) _dl_init_paths
calls=1 0x7c40 680 
* * 1450 301 260 38 2 8 38 2 8 169 50 4 4
fe=(2)
+5 1742 1 1
+7 * 1
+2 * 1 0 1
cfi=(46)
cfn=(146)
calls=1 0x3690 120 
* * 20 6 4 3 1 0 3 1 0 4 2
+5 +7 1 1
+8 -5 1 0 1
+7 -2 1
+3 +7 1 0 0 0 0 0 0 0 0 1 1
+6 +4 1 1 0 1 0 0 1
+7 +3 1 0 1
+7 -3 1
+3 * 1
+3 * 1 0 1
+6 +1 1 0 1
+4 +3 1 0 1
+8 1252 1 1 0 0 1 0 0 1
+8 1755 1 0 1
+4 1252 1 0 0 0 0 0 0 0 0 1
+6 +1 1 1
+8 * 1 0 0 1 0 0 1 0 0 1
+6 +5 1 1
+7 -3 1
+7 * 1 1
+7 +2 1 0 1 0 0 1 0 0 1
+7 +11 1
+4 -10 1 0 1
+8 +3 1 0 1
+7 +7 1
+3 * 1
+3 * 1 0 0 0 0 0 0 0 0 1
+2 +4 1 1 0 1 0 0 1
+7 -5 1
+2 +5 1
+3 * 1
+3 * 1
+5 -3 8
+4 -1 8
+3 * 8 0 0 0 0 0 0 0 0 8 1
+2 +2 12 12 0 0 7 0 0 7
+3 * 12 0 0 0 0 0 0 0 0 12 6
+2 +2 4 4 0 0 2 0 0 2
+4 +1 4 4
+7 * 4 0 0 0 0 0 0 0 0 4
+2 -1 4
+3 * 4
+3 +2 4
+3 * 4 0 0 0 0 0 0 0 0 4 4
+14 +5 4 4 0 1 1 0 1 1
+4 -10 4
+4 +10 4
+5 * 4
+3 -11 4
+3 * 4 0 0 0 0 0 0 0 0 4 3
+2 * 1
+4 * 1
+5 +18 1
+4 +1 1 1
+6 * 1 0 0 0 0 0 0 0 0 1 1
+10 -1 1
+3 * 1 0 0 0 0 0 0 0 0 1 1
+16 224 1 1 0 1 0 0 1
+4 * 1 1
+8 -1 1 1
+7 +1 1 1
+4 * 1
+3 * 1 0 0 0 0 0 0 0 0 1 1
0x21fd3 1771 1 1 0 1 0 0 1
+4 * 1 0 0 0 0 0 0 0 0 1
+6 1362 1 0 1
+11 1775 1
+6 +1 1 1
+8 * 1 0 0 0 0 0 0 0 0 1
+6 +24 1 0 1 1 0 0 1
cfi=(47)
cfn=(148)
calls=1 0x134a0 228 
* * 6 3 0 1 1 0 1 1 0 1
+5 * 1 0 1
fi=(48) /usr/src/debug/glibc/glibc/elf/../sysdeps/generic/dl-debug.h
+7 29 1 1
+7 * 1
+3 * 1 0 0 0 0 0 0 0 0 1
+2 +1 1 0 1
fe=(2)
+4 1806 1
+5 * 1
+3 * 1 0 1
cfi=(46)
cfn=(152)
calls=1 0x3650 104 
* * 11 2 1 2 0 0 2 0 0 2 2
+5 +1 1
+1 +4 1
+5 * 1
+3 * 1 0 1
cfi=(50)
cfn=(156)
calls=1 0x19cf0 29 
* * 5 2 0 3 0 0 3 0 0 1 1
+5 +5 1 1
+7 * 1 1
+4 * 1 0 0 1 0 0 1 0 0 1
+6 +2 1
+3 +2 1 1
+5 * 1 0 0 0 0 0 0 0 0 1 1
+6 +9 1 1
+5 * 1 0 0 0 0 0 0 0 0 1
+6 +16 1
+5 * 1
+7 * 1 0 1
cfi=(65)
cfn=(222)
calls=1 0x250b0 25 
* * 9 1 1 1 0 0 1 0 0 1 1
+5 * 1
+2 * 1 0 0 0 0 0 0 0 0 1
+6 +76 1 1
+7 * 1 1
+3 * 1 0 0 1 0 0 1
+3 * 1 0 0 0 0 0 0 0 0 1 1
+6 +16 1 1
+7 * 1
+3 * 1 0 0 0 0 0 0 0 0 1 1
+9 84 1
+2 1947 1
+2 84 1
+3 * 1
+4 1947 1
+3 * 1
+3 84 1
+3 1947 1 1
+4 * 1
+3 * 1
+3 * 1
+3 84 1 0 1 1 0 0 1
+7 1947 1 0 1
cfi=(66) /usr/src/debug/glibc/glibc/elf/dl-deps.c
cfn=(224) _dl_map_object_deps
calls=1 0x3810 143 
* * 29587 5993 3086 125 186 216 124 185 216 5270 798 101 34
+5 91 1
+2 1957 1 1
+7 * 1 1
+7 -4 1 1
+7 +16 1 1
+7 91 1
+4 * 1
+3 +9 1 1
+7 * 1 0 1
+7 1953 1
+2 * 1 0 0 1 0 0 1 0 0 1
+6 * 1
+3 * 1
+4 * 1
+4 * 1
+6 * 1
+11 +1 1 1
+3 -1 1
+4 +1 1 0 1
+7 -1 1
+3 * 1 0 0 0 0 0 0 0 0 1 1
-17 +1 6 6
+3 -1 6
+4 +1 6 0 6
+7 -1 6
+3 * 6 0 0 0 0 0 0 0 0 6 5
+2 +4 1 0 1
+4 +1 1
+3 * 1 0 0 0 0 0 0 0 0 1
+2 +1 1 0 1
+4 +2 1 0 0 1 0 0 1
+3 * 1 0 0 0 0 0 0 0 0 1
+6 * 1
+4 * 1
+5 * 1
+14 * 5
+3 * 5
+4 * 5
+2 * 5 0 0 0 0 0 0 0 0 5
+2 +1 6 6
+3 * 6
+3 * 6 0 0 0 0 0 0 0 0 6 6
+2 +7 1
+3 * 1 1
+4 +1 1 1
+3 -1 1 0 1 1 0 0 1
+7 +1 1
+2 * 1 0 0 0 0 0 0 0 0 1
+6 +2 1
+3 +2 1
+2 * 1 0 0 0 0 0 0 0 0 1 1
+47 +16 1 0 0 1 0 0 1
+3 * 1 0 0 0 0 0 0 0 0 1
+6 * 1
+5 * 1
+2 +1 1 0 1
+4 +1 1 1
+7 * 1
+3 * 1 0 0 0 0 0 0 0 0 1 1
+16 +10 1 0 1
+6 +2 1
+7 -1 1
+2 * 1
+3 * 1 0 0 1 0 0 1
+3 +1 1
+3 * 1
+7 * 1
+7 -1 1 0 1
+6 +1 1 0 1
cfi=(52) /usr/src/debug/glibc/glibc/elf/dl-catch.c
cfn=(256) _dl_receive_error
calls=1 0x2330 190 
* * 30549 9058 1719 61 139 82 61 136 80 6491 480 109 68
+5 +10 1 1
+7 * 1 0 1
+6 +1 1 1
+8 * 1 0 0 0 0 0 0 0 0 1 1
+6 +3 1
+3 * 1 0 0 0 0 0 0 0 0 1
+2 820 1 1 0 1 0 0 1
fi=(402) /usr/src/debug/glibc/glibc/elf/../sysdeps/unix/sysv/linux/dl-osinfo.h
+7 39 1 1
+3 * 1
fe=(2)
+2 822 1 0 1
fi=(402)
+9 52 1 1
fe=(2)
+4 831 1 0 1
+9 +2 1 0 1
+7 +5 1 0 1
+11 2023 1 1
+3 * 1
+2 * 1 0 0 0 0 0 0 0 0 1
+6 2226 1 1 0 1 0 0 1
+9 -4 1
+7 * 1 0 1
+7 +10 1 1
+7 -6 1 0 1
+7 +6 1 0 1
+7 +3 1 1
+7 * 1 0 0 0 0 0 0 0 0 1
+6 +8 1 1
+7 * 1 1 0 1 0 0 1
fi=(33)
+3 36 1 1
+7 +1 1
+2 * 1 0 0 0 0 0 0 0 0 1
+2 * 1 1
+7 * 1
+3 +16 1 1
+6 * 1
+4 * 1
+8 -16 6
+4 +3 6 6
+3 +9 6 6
+7 * 6 0 0 0 0 0 0 0 0 6
-10 -9 1 1
+3 +9 1 1
+7 * 1 0 0 0 0 0 0 0 0 1
+2 * 7
+3 * 7 0 0 0 0 0 0 0 0 7 1
+2 * 6 6
+4 * 6 0 0 0 0 0 0 0 0 6
+2 +4 6
+2 * 6
+2 * 6 6
+6 * 6 0 0 0 0 0 0 0 0 6 2
+6 -16 7 0 0 1 0 0 1
+3 * 7 0 0 0 0 0 0 0 0 7 5
+2 +34 1
+3 * 1
+3 * 1 0 1
cfi=(78)
cfn=(288)
calls=1 0x169d0 361 
* * 25 4 5 4 0 0 4 0 0 3 1
fe=(2)
+5 2247 1
+2 * 1 1
+8 * 1
+3 +3 1 0 1 0 0 1
+6 +5 1 1
+8 * 1 0 0 0 0 0 0 0 0 1
+2 84 1 0 0 1 0 0 1
+2 2260 1 1
+7 -1 1 1
+6 84 1
+3 * 1
+4 2259 1 0 1
+6 84 1
+3 2259 1
+2 * 1
+2 * 1 1
+7 * 1
+3 * 1 0 1
cfi=(79)
cfn=(292)
calls=1 0x11f90 343 
* * 79724 19549 8429 187 554 230 186 535 228 13729 955 177 81
+5 91 1
+2 +9 1 1 0 0 1
+6 -9 1
+4 * 1 0 0 1 0 0 1
+3 +9 1
+3 * 1 0 1 0 0 1
+7 -16 1
+2 * 1
+3 2268 1 1
+7 84 1
+4 * 1
+3 2269 1
+2 * 1 0 0 0 0 0 0 0 0 1
+6 * 1
+4 * 1 0 1
+7 * 1
+3 * 1
+7 * 1 0 1 1 0 0 1
+7 * 1
+4 * 1
+10 * 4
+4 * 4
+4 * 4 0 0 0 0 0 0 0 0 4 1
+2 +2 7 7 0 0 2
+7 * 7 7 0 0 2
+4 +5 7 7
+4 * 7 7 0 0 7
+4 +2 7
+3 * 7 0 0 0 0 0 0 0 0 7 1
+6 +6 7 0 7
+8 +2 7 7 0 1 0 0 1
+3 * 7
+2 * 7
+3 * 7 7 0 0 7 0 0 1
+7 * 7
+3 * 7
+2 * 7
+3 * 7 0 7
cfi=(79)
cfn=(292)
calls=7 0x11f90 343 
* * 2450343 620558 228757 129 16168 1951 118 7588 1096 378244 13705 5019 1043
+5 +4 7 7 0 0 1
+8 * 7 0 0 0 0 0 0 0 0 7 4
+2 * 3 3 0 0 2
+7 * 3 0 0 0 0 0 0 0 0 3
+2 +1 3
+5 * 3
+3 -22 3
+4 +22 3 0 3
cfi=(47)
cfn=(472)
calls=3 0x13e80 1177 
* * 84 24 12 3 2 2 3 0 1 12 4
+5 -22 3 0 0 1 0 0 1
+4 * 3 0 0 0 0 0 0 0 0 3 2
+2 * 1 1 0 0 1
+7 * 1 1
+7 91 1
+2 * 1
+4 * 1
+3 +1 1
+3 * 1 0 1 0 0 1
+7 2298 1 0 1
cfi=(47)
cfn=(604)
calls=1 0x13e30 1138 
* * 43 10 1 2 1 1 2 1 0 11 4
+5 +6 1 1
+8 * 1 0 0 0 0 0 0 0 0 1
+6 +4 1 1
+7 * 1 0 0 1 0 0 1 0 0 1
+6 * 1 1
+8 * 1 0 0 0 0 0 0 0 0 1
+6 +2 1 0 1
+8 +7 1 1
+7 * 1
+5 * 1 0 1
cfi=(47)
cfn=(606)
calls=1 0x13800 612 
* * 321 82 53 13 8 4 8 0 4 54 12 2 2
+5 +3 1 1
+7 * 1 0 0 0 0 0 0 0 0 1
+6 +4 1 1
+7 * 1 1 0 1 1 0 1
+7 * 1 0 0 0 0 0 0 0 0 1
+6 +3 1 0 1
cfi=(181)
cfn=(608)
calls=1 0x56a0 578 
* * 1489 301 126 17 87 6 17 0 4 370 73 1 1
+5 +5 1 1
+8 * 1 0 0 0 0 0 0 0 0 1
+2 84 1
+2 2336 1
+2 * 1 1
+7 84 1
+3 * 1
+4 2336 1
+3 84 1
+3 2336 1
+2 * 1 0 1
cfi=(79)
cfn=(294)
calls=1 0xf7e0 207 
* * 252 72 39 2 8 1 1 0 0 41 16 1 1
+5 91 1
+2 * 1 0 0 1 0 0 1
+4 * 1
+3 +9 1
+3 * 1 0 1
+7 2339 1 0 1
cfi=(183)
cfn=(618)
calls=1 0x1d370 30 
* * 504 127 45 12 13 0 12 3 0 52 7 2 2
+5 +1 1
+3 * 1 0 1
cfi=(7) /usr/src/debug/glibc/glibc/elf/dl-minimal.c
cfn=(624) __rtld_malloc_init_real
calls=1 0x1d1c0 76 
* * 2770 811 341 7 25 1 7 1 0 403 36 1 1
+5 +3 1
+3 * 1 0 1
cfi=(46)
cfn=(632)
calls=1 0x3570 46 
* * 664 196 79 3 7 0 3 1 0 102 5
+5 +4 1
+3 * 1 0 1
cfi=(79)
cfn=(468)
calls=1 0xf670 352 
* * 35 8 3 0 0 0 0 0 0 4 1
+5 +5 1 1
+7 * 1
+5 * 1 0 1
cfi=(187) /usr/src/debug/glibc/glibc/elf/dl-call-libc-early-init.c
cfn=(634) _dl_call_libc_early_init
calls=1 0x1f40 27 
* * 1336 174 331 30 48 37 28 26 36 205 32 16 16
+5 +7 1 0 1 1
cfi=(9) /usr/src/debug/glibc/glibc/elf/../sysdeps/unix/sysv/linux/dl-sysdep.c
cfn=(654) _dl_sysdep_start_cleanup
calls=1 0x1edd0 147 
* * 2 1 0 1 0 0 1
+5 +4 1
+2 * 1 0 1
cfi=(46)
cfn=(218)
calls=1 0x3600 94 
* * 7 2 0 1 1 0 0 0 0 2
+5 +1 1
+2 * 1
+3 -1 1
+3 +1 1 0 1
cfi=(46)
cfn=(152)
calls=1 0x3650 104 
* * 11 2 1 2 0 0 0 0 0 2 2
+5 +1 1
+1 +3 1
+2 * 1
+2 * 1 0 1
cfi=(50)
cfn=(656)
calls=1 0x19da0 41 
* * 8 3 0 1 0 0 1 0 0 1 1
+5 +4 1 0 1
cfi=(67) /usr/src/debug/glibc/glibc/elf/dl-cache.c
cfn=(658) _dl_unload_cache
calls=1 0x164f0 508 
* * 19 5 4 2 1 0 2 0 0 2 1
+5 +5 1
+4 * 1 1 0 0 1
+1 * 1 1
+2 * 1 1
+2 * 1 1
+2 * 1 1
+2 * 1 1
+1 * 1 1
+1 225 1 0 0 1 0 0 1
+3 * 1 0 0 0 0 0 0 0 0 1
+6 -2 1 1 0 1 0 0 1
+7 +2 1
+3 * 1 0 0 0 0 0 0 0 0 1 1
0x225ed 2280 1 0 1 1 0 0 1
+7 +1 1 1
+4 -3 1
+3 * 1 0 0 1 0 0 1 0 0 1 1
0x226bc 1762 1 1 0 1 1 0 1 1
+8 1289 1 1 0 0 1 0 0 1
+5 * 1 1
+5 * 1 0 1
+7 1762 1 0 0 0 0 0 0 0 0 1 1
fi=(3)
+19 56 1 0 0 1 0 0 1
+3 * 1
+3 * 1
+3 * 1
+3 * 1 0 0 0 0 0 0 0 0 1
+6 +3 1
+5 * 1 0 0 1 0 0 1
+3 * 1
+4 * 1 0 0 0 0 0 0 0 0 1 1
fe=(2)
+56 1976 1 1 0 1 0 0 1
+7 -4 1 0 1
+11 +4 1
+3 * 1 0 0 0 0 0 0 0 0 1 1
+29 +14 1 1
+7 * 1
+2 * 1 1
+4 * 1 0 0 1 0 0 1
fi=(37) /usr/src/debug/glibc/glibc/elf/../sysdeps/unix/sysv/linux/dl-vdso.h
0x227ea 40 1 1 0 1 0 0 1
+7 +1 1
+7 * 1 0 1
+7 * 1 0 0 1 0 0 1
+4 * 1
+3 * 1 0 0 0 0 0 0 0 0 1
fi=(38)
+6 -11 1 0 1
+11 +3 1 0 1
+11 +3 1 0 1
+11 +3 1 0 1
+11 +6 1 0 1 1 0 0 1
+11 * 1
+2 * 1
fi=(3)
0x22bd5 +27 1 1 0 1 0 0 1
+8 * 1 0 0 0 0 0 0 0 0 1
+6 +12 1 1
+4 * 1
+3 * 1 0 0 0 0 0 0 0 0 1 1
+6 +1 1 1
+4 * 1
+3 * 1 0 0 0 0 0 0 0 0 1
+2 * 1 0 1
+4 +1 1 1 0 1 0 0 1
+4 * 1
+3 * 1 0 0 0 0 0 0 0 0 1
+2 * 1 0 1
+4 +1 1 1
+4 * 1
+3 * 1 0 0 0 0 0 0 0 0 1
+2 * 1 0 1
+4 +1 1 1
+7 * 1
+3 * 1
+3 * 1 0 0 0 0 0 0 0 0 1 1
+6 +1 1 1
+7 * 1
+3 * 1 0 0 0 0 0 0 0 0 1
+2 * 1 0 1
+4 +1 1 1 0 1 0 0 1
+7 * 1
+3 * 1 0 0 0 0 0 0 0 0 1
+2 * 1 0 1
+4 +1 1 1
+7 * 1
+3 * 1 0 0 0 0 0 0 0 0 1
+2 * 1 0 1
+4 +12 1 1
+4 +7 1 1
+7 -7 1
+3 * 1 0 0 0 0 0 0 0 0 1
+6 * 1 1
+4 * 1
+3 * 1 0 0 0 0 0 0 0 0 1
+2 * 1
+3 * 1 0 1
+4 +7 1 0 0 1 0 0 1
+3 * 1 0 0 0 0 0 0 0 0 1
+6 +5 1 1
+5 * 1 0 0 0 0 0 0 0 0 1 1
fe=(2)
0x22e03 1752 1 1 0 1 0 0 1
+7 * 1 1
+3 * 1 0 1
+7 * 1
0x230cb 2016 1 0 0 1 0 0 1
+2 * 1 0 1
cfn=(266) init_tls
calls=1 0x1fde0 734 
* * 933 127 252 26 10 39 24 5 39 108 32 5 3
+5 * 1 0 1
+7 * 1
fi=(3)
0x232dd 62 1 0 0 1 0 0 1
+5 * 1
+3 * 1
+4 * 1 0 0 0 0 0 0 0 0 1
+6 +2 1
+5 * 1
+3 * 1
+3 * 1
fe=(2)
+95 2636 1 1 0 1 0 0 1
+7 * 1 0 0 0 0 0 0 0 0 1
+6 +2 1
+4 * 1 0 1
+4 +1 1
+82 1925 1 0 0 1 0 0 1
+3 * 1
+3 * 1
+8 * 1
+4 * 1
+4 * 1
+3 * 1
+7 * 1
+3 * 1
+3 * 1 0 0 0 0 0 0 0 0 1 1
0x2353b 84 1 0 0 1 0 0 1
+2 1824 1 1 0 1 0 0 1
+4 84 1
+4 * 1
+3 1824 1
+3 84 1
+3 1824 1
+7 * 1 0 1
cfn=(158) handle_preload_list
calls=1 0x205a0 852 
* * 3003 729 364 125 40 44 125 40 44 486 162 9 4
+6 * 1
+3 91 1
+2 * 1
+4 * 1
+3 +9 1
+3 * 1 0 1
+7 * 1
0x237b2 1925 1 0 0 1 0 0 1
+5 * 1
+3 * 1
+3 * 1 0 0 0 0 0 0 0 0 1
+2 * 1 0 1 1 0 0 1
+5 * 1
+5 +1 1
+2 -1 1
+4 +4 1
+2 * 1
+3 * 1 0 1
+4 +1 1 1
+4 +1 1
+3 * 1 0 0 0 0 0 0 0 0 1
+2 +1 1
+3 * 1 0 0 0 0 0 0 0 0 1
+6 -7 1
+3 * 1

fn=(258) version_check_doit
0x1f860 674 1 0 0 1 0 0 1
+4 * 1 0 1
+1 +2 1
+5 -2 1
+3 * 1 0 1
+1 * 1
+3 * 1
+4 +2 1 1
+3 * 1 1
+7 * 1 0 1 1 0 0 1
cfi=(73)
cfn=(260)
calls=1 0x158e0 399 
* * 30513 9045 1708 56 139 82 56 136 80 6488 478 108 67
+5 * 1
+2 * 1 0 0 0 0 0 0 0 0 1 1
+8 +4 1 1
+4 * 1 1
+1 * 1 1

fn=(2)
0x1fec0 519 1 0 0 1 0 0 1
+4 * 1 0 1
+1 * 1
+3 * 1 0 1
+2 * 1 0 1
+2 * 1 0 1
+2 * 1 0 1
+2 * 1 0 1 0 0 1 0 0 1
+1 * 1
+4 * 1 0 1 0 0 1 0 0 1
+4 84 1
fi=(6)
+2 -29 1
fe=(2)
+7 549 1 0 1 0 0 1 0 0 1
+7 -4 1 0 1 0 0 1 0 0 1
+7 84 1
+4 * 1
+3 * 1 0 1 0 0 1 0 0 1
+7 548 1 0 0 1 0 0 1
+7 * 1 0 1
fi=(3)
+7 45 1 1 0 0 1 0 0 1
+7 * 1
+3 * 1 0 0 0 0 0 0 0 0 1
+6 * 1
+7 +23 1
+7 * 1
+12 * 17 0 17 0 0 7 0 0 7
+4 -23 17 17 0 0 4 0 0 4
+4 * 17
+4 * 17
+3 * 17 0 0 0 0 0 0 0 0 17 1
+2 +4 17 0 0 1 0 0 1
+4 * 17 0 0 0 0 0 0 0 0 17 10
+2 +3 5
+7 -1 5
+4 * 5 0 0 0 0 0 0 0 0 5
+2 +3 5
+5 * 5
+3 * 5
+4 * 5 0 0 0 0 0 0 0 0 5 1
+2 +1 4
+5 * 4
+3 * 4
+3 * 4
+5 +1 1
+3 * 1
+3 * 1 0 0 1 0 0 1
+3 * 1
+3 * 1 0 0 0 0 0 0 0 0 1 1
fi=(4)
+20 +23 1 1
fi=(3)
+7 +31 1
+7 * 1 1 0 0 1 0 0 1
+7 -38 1
+3 * 1
+4 * 1 0 0 0 0 0 0 0 0 1
+6 +12 1 1
+4 * 1 0 0 1 0 0 1
+3 * 1 0 0 0 0 0 0 0 0 1 1
+6 +1 1 1 0 0 1 0 0 1
+7 * 1
+3 * 1 0 0 0 0 0 0 0 0 1 1
+6 +1 1 1
+7 * 1
+3 * 1 0 0 0 0 0 0 0 0 1
+2 * 1 0 1
+4 +1 1 1
+7 * 1
+3 * 1 0 0 0 0 0 0 0 0 1
+2 * 1 0 1
+4 +1 1 1
+7 * 1 0 0 1 0 0 1
+3 * 1
+3 * 1 0 0 0 0 0 0 0 0 1
+2 * 1 0 1
+4 +1 1 1
+7 * 1
+3 * 1 0 0 0 0 0 0 0 0 1 1
+6 +1 1 1
+7 * 1
+3 * 1 0 0 0 0 0 0 0 0 1
+2 * 1 0 1
+4 +1 1 1
+7 * 1
+3 * 1 0 0 0 0 0 0 0 0 1
+2 * 1 0 1
+4 +12 1 1 0 1 0 0 1
+7 * 1
+3 * 1
+3 * 1 0 0 0 0 0 0 0 0 1
+6 * 1 1
+4 * 1
+3 * 1 0 0 0 0 0 0 0 0 1 1
+6 +7 1
+3 * 1 0 0 0 0 0 0 0 0 1 1
+16 +13 1 1
+7 * 1 1
+5 * 1 0 0 0 0 0 0 0 0 1
+6 +6 1 1 0 1 0 0 1
+7 * 1
+3 * 1 0 0 0 0 0 0 0 0 1
+2 +1 1 1
+7 * 1 1
+5 * 1 0 0 0 0 0 0 0 0 1
+6 +3 1 1
+8 * 1 0 0 0 0 0 0 0 0 1
+6 +1 1 1
+7 * 1
+3 * 1 0 0 0 0 0 0 0 0 1
+6 +5 1 1 0 1 0 0 1
+7 * 1
+3 * 1 0 0 0 0 0 0 0 0 1
+2 * 1 1
+5 * 1 0 0 0 0 0 0 0 0 1
+6 +3 1 1
+7 * 1
+3 * 1 0 0 0 0 0 0 0 0 1
+2 * 1 1
+8 * 1 0 0 0 0 0 0 0 0 1
fe=(2)
+6 565 1
+3 * 1 0 0 0 0 0 0 0 0 1
+6 * 1
+2 * 1
+3 * 1
+4 * 1 1 0 1 0 0 1
+4 * 1 1
+7 * 1 1
+4 * 1
+3 * 1
+3 * 1 0 0 0 0 0 0 0 0 1 1
+13 * 2
+3 * 2
+4 * 2 0 2 0 0 2 0 0 2
+3 * 2
+4 * 2
+3 * 2 0 0 0 0 0 0 0 0 2
+6 * 4 4 0 0 1 0 0 1
+3 * 4
+2 * 4 0 0 0 0 0 0 0 0 4 2
+2 * 2 0 0 1 0 0 1
+3 * 2
+3 * 2 0 0 0 0 0 0 0 0 2 2
+28 * 28
+3 * 28
+4 * 28
+2 * 28 0 0 0 0 0 0 0 0 28
-2 * 2
+2 * 2 0 0 0 0 0 0 0 0 2 1
+2 * 29
+3 * 29
+4 * 29
+3 * 29
+11 * 29
+2 * 29 0 0 0 0 0 0 0 0 29 5
-2 * 9
+2 * 9 0 0 0 0 0 0 0 0 9 2
+2 * 11 0 11 0 0 3 0 0 3
+3 * 11
+3 * 11 0 0 0 0 0 0 0 0 11 2
+2 * 9
+4 * 9
fi=(3)
+8 59 1 0 0 1 0 0 1
+5 * 1
+3 * 1
+4 * 1 0 0 0 0 0 0 0 0 1 1
fe=(2)
+84 565 2 0 0 1 0 0 1
+4 * 2 0 0 1 0 0 1
+7 * 2
+3 * 2 0 0 0 0 0 0 0 0 2 1
+6 * 1 1
+7 * 1
fi=(4)
+4 79 1
fe=(2)
+2 565 1 0 1
+8 * 1 1
+7 * 1 0 1
fi=(4)
+8 79 1
fe=(2)
+3 565 1 0 1
+4 * 1 0 1
+4 * 1
+3 * 1 0 0 1 0 0 1 0 0 1
+6 * 1 1
+4 * 1
+2 * 1
+3 * 1 0 0 0 0 0 0 0 0 1
+2 * 1
+2 * 1 1
+7 * 1
+4 * 1
+3 * 1 1
+7 * 1 0 1
+4 * 1 1
+4 * 1 0 1
+4 * 1
+3 * 1 0 0 0 0 0 0 0 0 1 1
+10 * 1 0 0 1 0 0 1
+3 * 1 0 0 0 0 0 0 0 0 1 1
+80 * 1 0 0 1 0 0 1
fi=(5)
+4 53 1
fe=(2)
+3 565 1 1
fi=(5)
+4 49 1 1
+4 +4 1
+3 * 1
+3 * 1
+4 -4 1
+4 -1 1
+5 +1 1
+4 +4 1 1
+7 * 1 1 0 1 0 0 1
+4 +3 1
+3 * 1 0 0 0 0 0 0 0 0 1 1
fe=(2)
-45 565 1 1
fi=(5)
+4 49 1 1
+4 +4 1
+3 * 1
+3 * 1
+4 -4 1
+4 -1 1
+5 +1 1
+4 +4 1 1
+7 * 1 1
+4 +3 1
+3 * 1 0 0 0 0 0 0 0 0 1 1
+61 -6 2 0 0 1 0 0 1
+4 * 2
+5 * 2
+4 * 2
+5 +11 2
+3 * 2 0 0 0 0 0 0 0 0 2 1
+2 * 1
+6 +2 1 1
fi=(6)
+4 273 1
+3 * 1
+4 * 1 0 0 0 0 0 0 0 0 1
fi=(5)
+2 63 1
+4 +2 1 1
+3 -1 1
+4 * 1
fi=(6)
+4 282 1
+2 * 1 0 0 1 0 0 1
+3 * 1 0 0 0 0 0 0 0 0 1
+2 * 1 1 0 0 1 0 0 1
+5 * 1 1
+5 * 1 1
+4 * 1
+4 * 1
+5 * 1 0 0 0 0 0 0 0 0 1
+2 * 1 1
+7 +4 1
+4 * 1 0 0 0 0 0 0 0 0 1 1
+8 +26 1
+4 * 1 0 0 0 0 0 0 0 0 1
+2 * 1
+4 * 1 0 0 0 0 0 0 0 0 1 1
fi=(5)
+13 61 1 0 0 1 0 0 1
+4 * 1
+3 * 1 0 0 0 0 0 0 0 0 1
fe=(2)
+2 565 2
+4 * 2
+4 * 2
+3 * 2 0 0 0 0 0 0 0 0 2 1
fi=(5)
+2 51 1 1
fi=(4)
+7 +28 1 1
+7 * 1
fe=(2)
+86 567 1 0 1 1 0 0 1
+7 454 1 0 1 0 0 1 0 0 1
cfi=(7)
cfn=(12) __rtld_malloc_init_stubs
calls=1 0x1cf80 42 
* * 10 1 4 1 0 2 1 0 2
+5 +4 1
+7 * 1 1
+8 * 1
+5 * 1
+4 * 1 0 1
+7 84 1
+2 476 1
+7 84 1
+4 * 1
+3 * 1 0 1 1 0 0 1
+7 476 1 0 1
cfi=(8)
cfn=(14)
calls=1 0x12690 25 
* * 27 8 6 3 1 0 3 1 0 3
+5 +1 1
+7 +4 1
+7 +9 1 0 1
+7 -13 1 0 1
+7 +19 1
+7 -17 1 0 1 0 0 1 0 0 1
+7 +2 1 0 1
+7 +15 1 1
+4 * 1 0 1
cfi=(9)
cfn=(16) _dl_sysdep_start
calls=1 0x1ed10 102 
* * 2629845 662320 244769 1060 17458 2679 1033 8656 1810 412279 17024 5463 1271
+5 * 1 0 0 1
+3 +2 1 1
+7 * 1 0 0 0 0 0 0 0 0 1
+6 +87 1
+4 * 1
+3 * 1 1 0 0 1
+1 * 1 1 0 0 1
+2 * 1 1
+2 * 1 1
+2 * 1 1
+2 * 1 1
+1 * 1 1
fi=(3)
+6 62 1 0 0 1 0 0 1
+5 * 1
+3 * 1
+4 * 1 0 0 0 0 0 0 0 0 1
+6 +2 1
+5 * 1 0 0 1 0 0 1
+3 * 1
+3 * 1
+68 +39 1 0 0 1 0 0 1
+3 * 1 0 1
+4 * 1
fe=(2)

fn=(162) do_preload
0x1f520 787 1 0 1 1 0 0 1
+1 +12 1
+7 -12 1
+3 * 1 0 1
+2 * 1
+3 * 1 0 1
+2 +12 1
+4 * 1
+4 -12 1 0 1
+1 * 1
+3 * 1 0 0 1 0 0 1
+4 +6 1 0 1
+4 +6 1
+4 -2 1 1
+7 -3 1 0 1
+4 +5 1
+4 -10 1 0 1
+8 +6 1 0 1
+7 +4 1 0 1
cfi=(52)
cfn=(164) _dl_catch_error
calls=1 0x2590 258 
* * 2660 593 320 111 38 38 111 38 38 454 146 9 4
+5 +1 1 1
+4 * 1
+3 * 1 0 0 0 0 0 0 0 0 1
+2 +8 1
+2 * 1 1
+7 * 1 0 0 1 0 0 1
+3 +6 1
+4 * 1 1
+1 * 1 1
+2 * 1 1
+2 * 1 1
+1 * 1 1

fn=(158)
0x205a0 852 1 0 0 1 0 0 1
+4 * 1 0 1
+1 * 1
+3 * 1 0 1
+2 * 1 0 1
+2 * 1 0 1
+2 * 1 0 1
+2 * 1 0 1
+1 * 1
+7 * 1 0 1 0 0 1 0 0 1
+4 * 1
+4 +5 1 1 0 1 0 0 1
+3 * 1 0 0 0 0 0 0 0 0 1
+6 * 1
+3 * 1
+3 * 1
+3 -4 1
+3 * 1
+18 +17 1
+3 182 1 1
+6 872 1 1
+3 * 1
+4 182 1
+2 * 1 0 0 0 0 0 0 0 0 1
+6 874 1 1
+7 * 1 0 0 0 0 0 0 0 0 1
+2 +1 1
+3 * 1
+3 * 1
+7 * 1 0 1
cfn=(162)
calls=1 0x1f520 -88 
* * 2691 601 329 114 38 38 114 38 38 455 146 9 4
+5 * 1
+3 -18 1 1
+3 * 1 0 0 0 0 0 0 0 0 1 1
+2 +3 1 0 0 1 0 0 1
+7 * 1
+3 * 1 0 1
cfi=(51)
cfn=(160)
calls=1 0x28480 32 
* * 238 111 20 6 2 4 6 2 4 22 13
+6 * 1
+3 +1 1
+4 * 1
+6 * 1 0 0 1 0 0 1 0 0 1
+2 +2 1
+3 * 1
+3 * 1
+7 * 1 0 1
cfi=(30)
cfn=(84)
calls=1 0x26440 210 
* * 19 5 4 1 0 1 1 0 1 4 2
+6 +1 1 0 1
+9 * 1
+6 +14 1
+7 * 1
+3 * 1 1
+1 * 1 1
+2 * 1 1
+2 * 1 1
+2 * 1 1
+2 * 1 1
+1 * 1 1

fn=(266)
0x1fde0 734 1 0 1 1 0 0 1
+1 * 1
+3 * 1
+4 +6 1 1
+8 -6 1 0 1
+4 +2 1 1
+7 * 1 0 1 1 0 0 1
+7 +4 1 0 0 0 0 0 0 0 0 1
fi=(29)
+6 44 1 0 1
+4 * 1
fe=(2)
+3 751 1
fi=(29)
+4 44 1
fe=(2)
+5 750 1
+4 -4 1
fi=(29)
+4 44 1 1 1 0 0 0 0 0 0 0 0 1 1
cfi=(28)
cfn=(76)
calls=1 0xc7e0 +36 
* * 28 4 3 0 0 0 0 0 0 4 2 1
fe=(2)
+6 759 1
+3 -10 1 0 1
+7 -3 1 0 1
+3 +10 1 0 1
+8 +3 1 0 1
cfi=(47)
cfn=(270)
calls=1 0x13300 133 
* * 71 14 9 2 4 0 2 3 0 7
+5 +3 1 0 1 1 0 0 1
cfi=(47)
cfn=(272)
calls=1 0x13510 251 
* * 233 41 16 8 5 0 8 2 0 27 12
+5 +7 1 0 1
cfi=(47)
cfn=(276)
calls=1 0x13720 517 
* * 464 43 184 6 0 38 5 0 38 60 14 3 2
+5 * 1
+3 +1 1
+3 * 1 0 0 0 0 0 0 0 0 1
+2 +6 1 1
fi=(76) /usr/src/debug/glibc/glibc/elf/../sysdeps/generic/dl-call_tls_init_tp.h
+4 31 1
+5 * 1
fe=(2)
+3 776 1 0 1
fi=(76)
+7 31 1
+5 * 1 0 1
+3 * 1 0 1
+4 * 1
+2 * 1
+2 * 1 0 0 0 0 0 0 0 0 1
+2 +2 1 0 1
cfi=(25)
cfn=(284)
calls=1 0x141e0 +36 
* * 95 17 24 6 1 1 5 0 1 7 4
fe=(2)
+5 783 1
+3 -3 1 0 1 1 0 0 1
+7 +2 1 1
+4 +1 1 1
+4 * 1 1
+1 * 1 1

fl=(66)
fn=(224)
0x3810 143 1 0 0 1 0 0 1
+4 * 1 0 1
+1 * 1
+3 * 1
+3 * 1
+3 * 1 0 1
+2 * 1 0 1
+2 * 1
+3 * 1
+2 +1 1
+3 -1 1 0 1
+2 +1 1
+4 -1 1 0 1
+2 +1 1
+8 -1 1 0 1
+1 +1 1
+4 * 1 0 0 1 0 0 1
+4 -1 1
+7 +1 1
+3 -1 1 0 1 0 0 1 0 0 1
+7 +1 1
+7 * 1
+3 * 1
+3 * 1
+3 * 1 0 0 0 0 0 0 0 0 1 1
+22 * 1
+5 * 1 0 0 1 0 0 1
+3 * 1
+3 * 1 0 0 0 0 0 0 0 0 1 1
+6 -8 1 1
+8 +8 1
+5 * 1
+4 -8 1
+3 -6 1
+4 -2 1 0 1 0 0 1 0 0 1
+6 +16 1
+3 -8 1
+3 -7 1 0 1
+4 +1 1 0 1
+4 +6 1 0 1
+7 +24 1
+2 * 1 0 0 1 0 0 1 0 0 1
+6 * 1
+3 * 1
+4 -28 1
+5 * 1 0 1 0 0 1 0 0 1
+7 * 1
+7 -2 1
+3 +31 1 1
+3 -33 1 0 1
+6 +32 1
+4 -30 1
+3 * 1
+4 +30 1
+4 -30 1
+4 -1 1 0 1 1 0 0 1
+4 +1 1 0 1
+4 +6 1 1
+8 * 1
+3 * 1
+3 * 1 0 1
+7 +24 1
+3 * 1 0 0 0 0 0 0 0 0 1
+2 * 1
+4 +28 1 1
+4 * 1
+4 * 1 0 1
+7 -24 1 1
+7 +18 1 1 0 1 0 0 1
+7 +4 1
fi=(72) /usr/src/debug/glibc/glibc/elf/../include/scratch_buffer.h
+3 78 1 0 1 0 0 1 0 0 1
fe=(66)
+11 184 1 0 1
+10 -20 1 0 1
fi=(72)
+8 -87 1
+7 * 1 0 1
fe=(66)
+7 228 1 0 1
+7 * 1 0 1
+7 * 1 0 1 1 0 0 1
+7 * 1
+3 -31 1 1
+7 -4 1 0 1
+7 +4 1
+3 * 1 0 0 0 0 0 0 0 0 1 1
-17 * 6 6 0 0 1
+7 -4 6 0 6
+7 +4 6
+3 * 6 0 0 0 0 0 0 0 0 6 5
+8 +11 7 7
+5 * 7 0 0 0 0 0 0 0 0 7 3
+6 * 2 2 0 0 1 0 0 1
+8 * 2 0 0 0 0 0 0 0 0 2
+6 -18 2
+2 +18 2 2
+8 * 2 0 0 0 0 0 0 0 0 2
+6 417 7 0 0 1 0 0 1
+3 * 7 0 0 0 0 0 0 0 0 7 3
+6 +2 5
+2 +3 5
+4 * 5 0 5
+7 -3 5
+3 * 5 0 5
+8 +3 5
+4 -3 5 0 5
+7 +3 5 0 5
fi=(29)
+6 56 5 5 5 1 0 0 1 0 0 0 0 5 1
cfi=(28)
cfn=(80)
calls=5 0xc690 -20 
* * 90 15 15 0 0 0 0 0 0 15 3
fe=(66)
+6 423 5 5
+6 * 5 5
+7 * 5
+3 * 5 5
fi=(29)
+7 56 5
fe=(66)
+3 423 5 0 0 0 0 0 0 0 0 5
+6 +7 5
+4 * 5 0 5
+7 * 5
+8 * 5 0 5
+6 -1 5 0 5 0 0 1 0 0 1
+3 +1 5 0 5
cfi=(30)
cfn=(84)
calls=5 0x26440 210 
* * 63 17 12 0 0 0 0 0 0 12 3
+6 +1 5 5
+6 * 5
+8 * 5
+3 * 5
+3 * 5
+4 * 5 0 5
cfi=(30)
cfn=(84)
calls=5 0x26440 210 
* * 63 17 12 0 0 4 0 0 4 12 4
+6 +3 5 0 5
+7 +1 5 0 5
+8 * 5 5
+7 +4 5 5
+3 * 5
+3 * 5 0 0 0 0 0 0 0 0 5 4
-6 * 2 2 0 1 0 0 1
+3 * 2
+3 * 2 0 0 0 0 0 0 0 0 2 2
+2 188 6 6
+4 * 6
+12 442 6 6
+3 * 6
+2 * 6 0 0 0 0 0 0 0 0 6 5
+2 -1 7 7 0 1 0 0 1
+4 +1 7
+3 * 7 0 0 0 0 0 0 0 0 7 5
+2 183 1
+3 * 1 1
+7 * 1 0 1
+10 * 1 1
+7 * 1 1
+7 * 1
+14 +27 5 5 0 1 0 0 1
+4 * 5 5
+4 * 5 5
+8 * 5 0 0 0 0 0 0 0 0 5 3
+5 +8 5 5
+6 +3 5 5
+4 -6 5 0 5 0 0 1 0 0 1
+7 +1 5 0 5
+7 +2 5 0 5 1 0 0 1
+6 +3 5 5
+4 -4 5 0 5
+7 +4 5
+3 * 5 0 0 0 0 0 0 0 0 5
+6 +7 5
+7 -9 5 0 5
+7 +13 5 0 5
+7 -4 5
+3 +4 5 0 5
+7 * 5 0 5
+7 * 5 0 5 1 0 0 1
+7 -4 5 0 5
+7 +4 5
+3 * 5
+2 -10 5
+4 * 5 0 0 0 0 0 0 0 0 5
-4 * 142
+4 * 142 0 0 0 0 0 0 0 0 142 10
+6 +6 13 13
+7 * 13 13
+5 * 13
+3 * 13 0 13 0 0 1 0 0 1
cfi=(32)
cfn=(184) _dl_dst_count
calls=13 0x7360 * 
* * 590 90 39 0 5 1 0 5 1 43 7
+5 * 13
+3 * 13
+3 * 13 0 0 0 0 0 0 0 0 13 7
0x3c3f +4 13 0 0 1 0 0 1
+7 * 13
+7 -2 13 0 13
+7 +2 13
+7 * 13 0 13
cfi=(52)
cfn=(166) _dl_catch_exception
calls=13 0x23c0 -24 
* * 25739 5282 2657 78 179 202 77 179 202 4487 650 95 32
+5 +1 13 13
+8 * 13 0 0 0 0 0 0 0 0 13
+6 +9 13 13
+7 +2 13 13
+7 * 13 0 0 0 0 0 0 0 0 13 6
+2 +5 5 0 0 1 0 0 1
+3 * 5
+3 * 5 0 0 0 0 0 0 0 0 5 3
+22 * 5
+4 * 5 0 5
+5 +6 5 5
+7 +2 5 0 5
+7 -8 5
+5 * 5
+4 +3 5 0 5
+4 +1 5 0 5 1 0 0 1
+6 +1 5 0 5
+8 +1 5 0 5
+4 +4 5 5
+7 -3 5 0 5
+7 +3 5
+3 * 5
+3 * 5 0 5
+6 +4 5 5
+7 * 5
+3 * 5 0 0 0 0 0 0 0 0 5 2
-10 * 8 8
+7 * 8
+3 * 8 0 0 0 0 0 0 0 0 8
+2 +1 9
+3 * 9
+4 * 9 0 9
+4 -43 9 9
+5 * 9
+4 * 9
+3 * 9 0 0 0 0 0 0 0 0 9 3
-12 * 138 138
+5 * 138
+4 * 138
+3 * 138 0 0 0 0 0 0 0 0 138 14
+6 * 5
+3 * 5 5
+7 * 5 5
+7 * 5 5
+7 * 5
+5 +7 13 0 0 1 0 0 1
+3 * 13
0x3dc0 +38 134 0 0 1 0 0 1
+4 * 134
+6 * 134 0 0 0 0 0 0 0 0 134 3
fi=(72)
0x3f34 85 1 1 0 1 0 0 1
+7 * 1 0 0 1 0 0 1
+7 * 1
+3 * 1 0 0 0 0 0 0 0 0 1 1
fe=(66)
+22 448 1 1
+6 * 1
+2 * 1 0 0 0 0 0 0 0 0 1
+2 * 1
+3 * 1 0 0 0 0 0 0 0 0 1
+2 +1 1 0 1
+7 +3 1 1
+7 * 1 0 1
+7 * 1 0 0 1 0 0 1
+3 * 1 0 0 0 0 0 0 0 0 1 1
+32 +11 1 1
+6 * 1 0 1
+7 * 1
+4 * 1
fi=(29)
+4 56 1 1 1 0 0 0 0 0 0 0 0 1 1
cfi=(28)
cfn=(80)
calls=1 0xc690 -20 
* * 18 3 3 0 0 0 0 0 0 3 1
fe=(66)
+6 465 1 1 0 1 0 0 1
+7 * 1
fi=(29)
+3 56 1
fe=(66)
+3 465 1 0 0 0 0 0 0 0 0 1
+6 +5 1 1
+6 +2 1
+6 -2 1
+3 +1 1 0 1
+7 -1 1
+4 +4 1
+2 -4 1 0 1
+7 +4 1
+13 * 6
+2 +4 6 6
+5 * 6
+3 * 6 0 0 0 0 0 0 0 0 6
-8 * 1 1 0 1 0 0 1
+5 * 1
+3 * 1 0 0 0 0 0 0 0 0 1
+6 +6 7
+3 +1 7 0 7 0 0 2 0 0 2
+4 * 7
+3 -1 7
+4 +6 7 0 7
+7 -16 7 7
+5 * 7
+3 * 7 0 0 0 0 0 0 0 0 7 6
+2 +21 1 1
+7 * 1
+3 * 1 0 0 0 0 0 0 0 0 1 1
0x4213 +37 1 0 0 1 0 0 1
+3 * 1 0 0 0 0 0 0 0 0 1 1
+6 +15 1
+3 -11 1 1
+7 +21 1
+8 -24 1
+3 * 1 0 0 0 0 0 0 0 0 1 1
0x42b1 +20 1 1 0 1 0 0 1
+3 -1 1
+7 * 1
+2 * 1
+3 * 1 0 1 1 0 0 1
+7 +1 1 1
+5 -1 1 1
+5 * 1
+3 * 1
+2 * 1
+3 * 1 0 1
cfi=(14)
cfn=(252)
calls=1 0x12890 298 
* * 435 109 61 12 0 0 12 0 0 85 27
+5 +5 1 0 1
+8 +2 1 0 1
+7 +1 1 0 1
+8 +1 1 1
+7 * 1
+3 * 1 0 0 1 0 0 1 0 0 1 1
+21 +7 1 1
+7 * 1
+3 * 1 0 0 0 0 0 0 0 0 1 1
+10 +3 1 1
+6 * 1
+2 * 1 0 0 0 0 0 0 0 0 1
+6 +3 1
+4 * 1 1
+1 * 1 1
+2 * 1 1
+2 * 1 1 0 1 0 0 1
+2 * 1 1
+2 * 1 1
+1 * 1 1
+76 198 7 7 0 1 0 0 1
+8 * 7 0 0 0 0 0 0 0 0 7 1
+6 * 7 7
+7 * 7 0 0 0 0 0 0 0 0 7 1
+6 * 6 6
+8 * 6
+3 * 6 0 0 0 0 0 0 0 0 6 1
+6 * 5 0 5 1 0 0 1
+7 +3 5
fi=(72)
+3 -70 5
+5 * 5
+7 * 5 0 5
cfi=(71)
cfn=(248)
calls=5 0x25440 30 
* * 110 25 15 2 0 0 2 0 0 10 4
fe=(66)
+6 +70 5 5
+7 * 5
+2 * 5 0 0 0 0 0 0 0 0 5
+6 +4 5 5
+7 * 5
0x4540 409 1 0 1
+7 547 1
+3 * 1 0 1
cfi=(30)
cfn=(84)
calls=1 0x26440 210 
* * 19 5 4 0 0 0 0 0 0 4 2
+6 * 1 1
+7 * 1
+9 -53 1 0 0 1 0 0 1
+3 * 1
+37 144 1 0 1 1 0 0 1
+5 * 1

fn=(226) openaux
0x37c0 61 13 0 0 1 0 0 1
+4 * 13 0 13
+1 * 13
+3 * 13 0 13
+1 * 13
+3 * 13
+4 +7 13 13
+3 -4 13 13
+3 * 13 13
+4 * 13 13
+4 +1 13 13
+7 -1 13 13
+4 * 13
+2 * 13
+3 * 13
+2 * 13
+5 * 13
+3 * 13 0 13
cfi=(32)
cfn=(172)
calls=13 0xa780 2194 
* * 24569 4944 2293 77 179 198 76 179 198 4435 644 82 31
+5 * 13 0 13
+4 +5 13 13
+4 * 13 13
+1 * 13 13

fl=(67)
fn=(238) _dl_cache_libcmp
0x159a0 340 39 0 0 1 0 0 1
+4 * 39
+3 +1 39 39
+3 * 39
+2 * 39 0 0 0 0 0 0 0 0 39
-5 * 5 5
+3 * 5
+2 * 5 0 0 0 0 0 0 0 0 5 2
+2 +4 224 224 0 0 31 0 0 31
+4 -2 224
+3 +20 224
+4 -20 224
+2 * 224 0 0 0 0 0 0 0 0 224 5
+2 +20 219 0 0 1 0 0 1
+4 * 219 0 0 0 0 0 0 0 0 219
+6 +2 219
+3 * 219 0 0 0 0 0 0 0 0 219 34
+6 -24 185 185
+4 +28 185
+4 +1 185
+4 -29 185
+2 * 185 0 0 0 0 0 0 0 0 185 9
+2 +32 5 5
+3 * 5
+2 * 5 5
+11 -28 5
+4 * 5 0 0 0 0 0 0 0 0 5
+6 +8 5 5
+4 -2 5 0 0 1 0 0 1
+3 +1 5
+4 * 5
+4 -1 5
+4 +2 5
+4 * 5
+4 * 5 0 0 0 0 0 0 0 0 5 2
+35 +2 5 5
+4 * 5
+3 * 5 0 0 1 0 0 1
+3 -3 5
+3 +3 5 0 0 0 0 0 0 0 0 5 2
+51 +2 5
+2 * 5 0 0 0 0 0 0 0 0 5 2
+20 +9 34
+3 * 34
+3 * 34 34

fn=(236) search_cache
0x15aa0 198 4 0 4 1 0 0 1
+1 * 4
+3 * 4
+7 * 4 0 4
+4 * 4 0 4
+4 * 4 0 4
+4 +8 4
+3 * 4 0 0 0 0 0 0 0 0 4
+6 * 4 0 4 1 0 1 1 0 1
+4 * 4
+3 * 4
+2 * 4 0 4
+4 * 4
+3 * 4 0 4
+4 * 4
+3 * 4 0 4
+4 * 4
+3 * 4 0 4
+4 * 4
+6 332 16
+4 206 16
+3 * 16 0 0 0 0 0 0 0 0 16
+2 +2 34
+4 * 34
+3 * 34
+4 * 34
+3 * 34 0 0 1 0 0 1
+3 +1 34
+3 -23 34
+3 * 34
+4 +23 34 34 0 0 27 0 0 27
+5 +4 34
+3 * 34 0 0 0 0 0 0 0 0 34
+2 +4 34 34
+4 * 34 34
+4 * 34 0 34 0 0 1 0 0 1
cfn=(238)
calls=34 0x159a0 340 
* * 2798 426 0 4 28 0 4 28 0 764 49
+5 +1 34
+2 * 34 0 0 0 0 0 0 0 0 34 2
+2 329 30 0 0 0 0 0 0 0 0 30 19
+2 +1 14
+4 206 14
+3 * 14 0 0 0 0 0 0 0 0 14 2
+48 336 4 0 0 1 0 0 1
+4 208 4
+3 * 4 0 4
+4 * 4
+4 * 4 0 4
+4 * 4
+5 * 4
+3 * 4 4
+4 * 4 4 0 1 0 0 1
+4 * 4
+5 +20 5 5 0 0 1 0 0 1
+3 +3 5
+3 * 5 0 0 0 0 0 0 0 0 5
+2 +2 5
+3 * 5
+3 * 5
+3 * 5 0 5
cfn=(238)
calls=5 0x159a0 340 
* * 535 81 0 0 3 0 0 3 0 147 7
+5 * 5
+2 * 5 0 0 0 0 0 0 0 0 5 2
+2 +2 1
+4 -9 1
+3 * 1 0 0 0 0 0 0 0 0 1 1
-3 * 4
+3 * 4 0 0 0 0 0 0 0 0 4 2
+2 * 4
+3 * 4 4
+4 * 4 4
+4 +9 4 0 4
+10 * 4 0 0 1 0 0 1
+3 * 4
+4 +37 4 0 4
+4 * 4 0 4
+8 * 4
+4 * 4
+3 * 4
+3 * 4
+20 -27 4
+3 * 4 0 0 0 0 0 0 0 0 4 2
+27 +10 4 4 0 1 0 0 1
+7 * 4 0 0 0 0 0 0 0 0 4
+2 +1 4 4
+4 * 4
+2 * 4 0 0 0 0 0 0 0 0 4
+2 +7 4 4
+4 * 4 0 0 0 0 0 0 0 0 4
+2 +9 4
fi=(68) /usr/src/debug/glibc/glibc/elf/../sysdeps/generic/dl-cache.h
+10 125 4 4
fe=(67)
+4 272 4
+10 * 4 0 0 1 0 0 1
+3 * 4
+3 * 4 0 0 0 0 0 0 0 0 4
+2 +9 4 4
+5 * 4 0 0 0 0 0 0 0 0 4
+2 +5 4
+3 * 4 0 0 0 0 0 0 0 0 4
+2 +27 4 4
+4 * 4
+3 +2 4 4
+4 * 4 4
+4 +21 4
+3 * 4 4
+4 * 4 4
+4 * 4 4
+4 * 4 4
+1 * 4 4

fn=(658)
0x164f0 508 1 0 0 1 0 0 1
+4 +1 1 1 0 0 1
+7 * 1
+4 * 1 0 0 1 0 0 1
+4 * 1 0 0 0 0 0 0 0 0 1 1
+13 -1 1 0 1
+1 +3 1 1
+7 -3 1
+3 +3 1 0 1
cfi=(141)
cfn=(660)
calls=1 0x25660 117 
* * 6 1 0 0 0 0 0 0 0 1
+5 +7 1 1
+1 -6 1 0 1
+11 +4 1 0 1
+10 +2 1 1

fn=(230) _dl_load_cache_lookup
0x16160 386 4 0 0 1 0 0 1
+4 * 4 0 4
+1 * 4
+3 * 4
+3 * 4 0 4
+1 * 4
+4 +2 4 4
+7 * 4 0 0 0 0 0 0 0 0 4
+6 +3 4 4 0 1 0 0 1
+7 * 4
+3 * 4 0 0 0 0 0 0 0 0 4 1
+6 +69 3
+4 * 3 0 0 0 0 0 0 0 0 3
+6 * 3 3
+7 +5 3 3
+7 * 3
+4 * 3 0 0 0 0 0 0 0 0 3
-11 * 1 1
+7 * 1
+4 * 1 0 0 0 0 0 0 0 0 1
+6 +3 4 4
+3 * 4
+4 * 4
+6 * 4 0 4 1 0 0 1
cfn=(236)
calls=4 0x15aa0 198 
* * 4333 682 95 12 59 2 12 59 2 1086 86
+5 * 4
+3 +15 4 4
+7 * 4 0 0 0 0 0 0 0 0 4
+6 +4 4
+3 * 4 0 0 0 0 0 0 0 0 4
+2 +8 4
+3 * 4 0 4
cfi=(23)
cfn=(64)
calls=4 0x28660 57 
* * 140 20 0 0 1 0 0 1 0 12 2
+5 +1 4
+3 -1 4
+4 +1 4
+4 * 4
+3 * 4
+7 * 4
+3 * 4
+3 * 4 0 0 0 0 0 0 0 0 4 2
+22 * 4 0 0 1 0 0 1
+5 * 4
+3 * 4
+3 * 4 0 0 0 0 0 0 0 0 4 2
+2 * 4
+5 +1 4
+3 * 4
+3 -1 4
+4 +1 4 0 4
cfi=(30)
cfn=(84)
calls=4 0x26440 210 
* * 44 12 8 0 0 0 0 0 0 8
+6 * 4
+3 +1 4 0 4
cfi=(55) /usr/src/debug/glibc/glibc/string/strdup.c
cfn=(186) strdup
calls=4 0x28600 40 
* * 332 60 40 0 0 2 0 0 2 36 2 4
+5 * 4
+3 +1 4
+3 * 4 4 0 1 0 0 1
+4 * 4 4
+1 * 4 4
+76 -3 4 0 4
+5 * 4
+11 394 1 0 0 1 0 0 1
+7 * 1
+5 * 1
+7 * 1 0 1 0 0 1 0 0 1
+4 * 1 0 1
cfi=(54)
cfn=(232) _dl_sysdep_read_whole_file
calls=1 0xc900 36 
* * 103 16 16 3 1 1 3 1 1 12 4
+5 * 1
+3 +8 1 0 0 1 0 0 1
+4 * 1 0 0 0 0 0 0 0 0 1
+2 * 1 1
+7 * 1 1
+4 * 1
+4 * 1 0 0 0 0 0 0 0 0 1
+6 +1 1
+10 * 1 1 0 0 1 0 0 1
+3 * 1
+10 * 1 1
+4 * 1
+3 * 1 0 0 0 0 0 0 0 0 1 1
0x16418 -17 1
+3 * 1
+5 +17 1 1 0 1 0 0 1
+7 * 1 0 0 0 0 0 0 0 0 1
+6 +3 1
+10 * 1
+3 +1 1 1
+3 -1 1 0 0 1 0 0 1
+4 * 1
+4 * 1
+3 * 1 0 0 0 0 0 0 0 0 1
fi=(68)
+6 194 1 1
+4 +1 1
+2 * 1 0 0 0 0 0 0 0 0 1
+2 * 1
+3 * 1
+2 * 1 0 0 0 0 0 0 0 0 1 1
fe=(67)
+37 414 1 0 1 1 0 0 1
+7 +1 1 0 1
+7 * 1

fl=(34)
fn=(100)
0x4e70 24 1 0 0 1 0 0 1
+4 * 1 0 1
+1 +1 1
+2 * 1
+5 -1 1
+3 * 1 0 0 1 0 0 1
+4 +1 1
+4 * 1 0 1
cfi=(12)
cfn=(30)
calls=1 0x14f60 435 
* * 18 4 1 0 1 0 0 1 0 3 2
+5 * 1 1
+3 * 1
+2 * 1 0 0 0 0 0 0 0 0 1
+2 * 1
+3 * 1 0 0 0 0 0 0 0 0 1
+2 +14 1 1
+1 * 1 1

fl=(285) /usr/src/debug/glibc/glibc/elf/../sysdeps/x86_64/dl-trampoline.h
fn=(1038) _dl_runtime_resolve_xsave
0x14550 39 23 0 0 1 0 0 1
+4 +5 23 0 23
+1 +3 23
+3 +2 23
+4 +10 23 23 0 0 5
+7 +6 23 0 23 0 0 4
+4 +1 23 0 23
+5 +1 23 0 23
+5 +1 23 0 23
+5 +1 23 0 23
+5 +1 23 0 23
+5 +1 23 0 23 1 0 0 1
+5 +4 23
+5 +1 23
+2 +3 23 0 23 0 0 1
+8 +1 23 0 23
+8 +2 23 0 23
+8 +1 23 0 23
+8 +1 23 0 23
+8 +1 23 0 23
+8 +1 23 0 23 1 0 0 1
+8 +1 23 0 23
+8 +2 23 0 782 0 0 20
+5 +7 23 23
+4 +1 23 23
+4 +1 23 0 23 0 0 5
cfi=(286) /usr/src/debug/glibc/glibc/elf/dl-runtime.c
cfn=(1040) _dl_fixup
calls=23 0x11fc0 -52 
* * 20925 5277 1817 113 397 67 12 57 2 2878 247 41 33
+5 +1 23
+3 +5 23
+5 +1 23
+2 +1 23 828
+5 +2 23 23
+5 +1 23 23
+5 +1 23 23
+5 +1 23 23 0 2 0 0 1
+5 +1 23 23
+5 +1 23 23
+5 +1 23 23
+4 +2 23
+3 +2 23 23
+4 +4 23
+4 +2 23 0 0 0 0 0 0 0 0 0 0 23 23

fl=(16)
fn=(36) _dl_x86_init_cpu_features
0x19520 37 1 0 0 1 0 0 1
+4 +2 1 1
+6 * 1
+2 * 1 0 0 0 0 0 0 0 0 1 1
+4 +2 1
cfi=(17)
cfn=(38)
calls=1 0x18010 728 
* * 7296 834 476 102 27 10 102 27 10 1628 228

fn=(616)
0x194f0 76 1 0 0 1 0 0 1
+4 -37 1 1
+6 * 1
+2 * 1 0 0 0 0 0 0 0 0 1
+2 +37 1
+2 * 1 1 0 1

fl=(53) /usr/src/debug/glibc/glibc/setjmp/../sysdeps/x86_64/setjmp.S
fn=(168) __sigsetjmp
0x258f0 31 14 0 0 1 0 0 1
+4 +2 14 0 14
+3 +9 14
+3 +1 14 14 0 1 0 0 1
+7 * 14
+4 +1 14 0 14
+4 +4 14 0 14 0 0 1 0 0 1
+4 +1 14 0 14
+4 +1 14 0 14
+4 +1 14 0 14
+4 +1 14
+5 +2 14 14
+7 * 14
+4 +2 14 0 14 0 0 1 0 0 1
+4 +1 14 14
+4 +1 14
+1 +2 14 14
+7 * 14
+4 +2 14 0 14 1 0 0 1
+4 +8 14
+2 +3 14
+5 +1 14 0 14 0 0 1 0 0 1
+4 +7 14
+2 +1 14 14

fl=(23)
fn=(64)
0x28660 57 27 0 0 1 0 0 1
+4 +44 27
+4 +1 27
+4 +1 27
+4 +1 27
+4 +1 27
+3 +1 27
+3 +1 27 0 0 1 0 0 1
+7 +2 27
+7 +2 27 0 0 0 0 0 0 0 0 27
+2 +31 27 27 0 0 1 0 0 1
+4 +1 27
+4 +1 27
+4 +1 27
+2 +1 27 0 0 0 0 0 0 0 0 27 8
+2 +1 12
+3 +2 12 12
+1 +4 15
+4 +1 15 15
+5 +1 15 15
+5 +1 15 15 0 0 2 0 0 2
+5 +1 15
+4 +1 15
+5 +1 15
+4 +1 15 0 0 1 0 0 1
+4 +1 15
+4 +1 15
+3 +1 15
+4 +1 15
+3 +5 15
+3 * 15
+3 * 15
+4 * 15
+3 * 15
+3 * 15 0 0 0 0 0 0 0 0 15
+2 * 15
+4 * 15 15

fl=(40) /usr/src/debug/glibc/glibc/elf/dl-hwcaps.c
fn=(118) _dl_important_hwcaps
0x1c7a0 171 1 0 0 1 0 0 1
+4 * 1 0 1
+1 * 1
+3 * 1 0 1
+2 * 1 0 1
+2 * 1
+3 * 1 0 1
+2 +3 1
+3 -3 1 0 1
+2 +3 1
+3 -3 1 0 1
+1 * 1
+3 * 1 0 0 1 0 0 1
+7 * 1 0 1 0 0 1 0 0 1
+4 * 1 0 1
+4 * 1 0 1
+7 +2 1 0 1 0 0 1 0 0 1
cfi=(41)
cfn=(120)
calls=1 0x1cb20 29 
* * 31 6 0 3 0 0 3 0 0 7 2
fi=(42) /usr/src/debug/glibc/glibc/elf/./dl-hwcaps.h
+5 43 1 0 1
fe=(40)
+4 173 1 0 1
fi=(42)
+3 45 1 0 1
+8 +32 1 0 1
+7 +1 1 0 1
+8 * 1
fe=(40)
+28 -27 1 0 0 1 0 0 1
+4 * 1 0 1
cfi=(43) /usr/src/debug/glibc/glibc/elf/dl-hwcaps_split.c
cfn=(126) _dl_hwcaps_split_masked
calls=1 0x1ccf0 * 
* * 20 5 3 3 0 0 3 0 0 2 2
+5 * 1
+2 * 1 0 0 0 0 0 0 0 0 1
fi=(42)
+2 -8 1
+7 +2 1 0 1
+8 -2 1 0 1
+4 +34 1 1
+3 * 1 0 1
+3 +1 1 1
+4 * 1 0 1
+4 * 1 0 0 1 0 0 1
fe=(40)
+8 -24 2 2
+4 -1 2
+4 +1 2
+3 +2 2
+3 * 2
+4 -5 2
+4 * 2 0 2
cfi=(43)
cfn=(126)
calls=2 0x1ccf0 * 
* * 133 28 17 0 0 0 0 0 0 17 5
-4 * 1
+4 * 1 0 1
cfi=(43)
cfn=(126)
calls=1 0x1ccf0 * 
* * 152 30 20 3 2 0 3 2 0 19 3
+5 * 3
+2 * 3 0 0 0 0 0 0 0 0 3 2
+2 +48 1
+3 * 1 0 1
+4 * 1
+4 * 1 0 1
fi=(29)
+7 -43 1
+3 * 1 1 1 1 0 0 1 0 0 0 0 1 1
cfi=(28)
cfn=(80)
calls=1 0xc690 -20 
* * 18 3 3 0 0 0 0 0 0 3 1
fe=(40)
+6 +43 1 0 1
+7 +2 1
+3 * 1 0 0 0 0 0 0 0 0 1
+6 +3 1 0 1
+7 * 1 1
+4 +3 1
fi=(42)
+3 -64 1 0 1
+4 +2 1 0 1
+8 * 1
fe=(40)
+43 +66 1 0 0 1 0 0 1
+4 * 1 0 1
cfi=(43)
cfn=(128) _dl_hwcaps_split
calls=1 0x1cba0 -86 
* * 7 2 0 0 0 0 0 0 0 1 1
+5 * 1
+2 * 1 0 0 0 0 0 0 0 0 1
fi=(42)
+2 -68 1
+7 +2 1 0 1
+8 -2 1 0 1
+4 +34 1 1
+3 * 1 0 1
+3 +1 1 1 0 1 0 0 1
+4 * 1 0 1
+4 * 1
fe=(40)
+11 +48 2 2
+4 * 2
+3 * 2
+4 * 2 2
+7 * 2 0 2 0 0 1 0 0 1
+3 +1 2 2
+4 * 2 0 2
+3 +1 2
+4 +1 2
+4 -1 2 0 2
+3 -4 2
+4 * 2 0 2
cfi=(43)
cfn=(126)
calls=2 0x1ccf0 -73 
* * 133 28 17 0 0 0 0 0 0 17 5
-4 * 1
+4 * 1 0 1
cfi=(43)
cfn=(126)
calls=1 0x1ccf0 -73 
* * 152 30 20 0 0 0 0 0 0 19 3
+5 * 3 0 0 1 0 0 1
+2 * 3 0 0 0 0 0 0 0 0 3 2
+2 +8 1
+3 * 1
+3 * 1 0 0 0 0 0 0 0 0 1
+6 +9 1 1
+7 * 1
+4 * 1 0 0 0 0 0 0 0 0 1
+6 +3 1 1
+7 * 1 0 1
+7 * 1
+5 * 1 0 1
+7 * 1 0 1
+4 * 1 0 1 1 0 0 1
+4 * 1 0 1
+7 * 1 0 1
+7 * 1
+4 * 1
+11 -2 1 1
+4 * 1
+3 * 1 0 1
+4 * 1
+3 * 1
+4 * 1
+4 * 1
+10 +8 1 1 0 1 0 0 1
+4 * 1 1
+4 +4 1 1
+4 * 1 1
+3 -4 1
+3 * 1
+3 +4 1
+4 * 1
+3 * 1 0 1
cfi=(45) /usr/src/debug/glibc/glibc/string/../sysdeps/x86_64/multiarch/../multiarch/memcmp-sse2.S
cfn=(134) bcmp
calls=1 0x26160 -95 
* * 19 5 0 3 0 0 3 0 0 4 2
+5 +1 1
+2 * 1 0 0 0 0 0 0 0 0 1
+2 +1 1 0 0 0 0 0 0 0 0 1 1
+7 +4 1 1
+5 +1 1 1
+4 * 1
+5 +1 1 0 1
+3 -20 1 0 0 1 0 0 1
+4 * 1
+4 +19 1 0 1
+3 +1 1 0 1
+5 -20 1
+4 * 1 0 0 0 0 0 0 0 0 1
+2 * 1 1
+4 -1 1
+4 * 1 1
+4 * 1 0 0 0 0 0 0 0 0 1
+6 * 1 1
+7 * 1 1
+7 * 1 1
+7 * 1 1 0 1 0 0 1
+7 +47 1 1
+4 * 1
+5 * 1 0 1
+4 * 1 0 1 0 0 1 0 0 1
+3 -3 1
+4 +7 1 1
+7 -7 1
+3 +7 1
fi=(29)
+5 56 1 1 1 0 0 0 0 0 0 0 0 1 1
cfi=(28)
cfn=(80)
calls=1 0xc690 -20 
* * 18 3 3 0 0 0 0 0 0 3 1
+6 * 1
fe=(40)
+3 193 1
+3 * 1 0 0 0 0 0 0 0 0 1
+6 +8 1 1
+4 +1 1
+3 * 1 0 0 1 0 0 1
+4 * 1
+2 * 1
+5 * 1 0 1
+4 -1 1 1
+3 * 1
+4 * 1
+3 +1 1 0 1
+4 * 1 0 1
cfn=(138) copy_hwcaps
calls=1 0x1c700 73 
* * 44 10 12 1 0 0 1 0 0 3 2
+5 +1 1 1
+3 * 1 1
+4 * 1
+4 * 1
+7 * 1 0 1
cfn=(138)
calls=1 0x1c700 73 
* * 379 81 68 2 0 1 2 0 1 43 11
+5 * 1 1
+4 +4 1 1
+4 -23 1 1 0 1 0 0 1
+4 +23 1 0 1
+3 +1 1 0 1
+8 -24 1 1
+7 * 1
+4 * 1 0 1
+3 +31 1
+7 * 1
+3 * 1 1
+1 * 1 1
+2 * 1 1
+2 * 1 1
+2 * 1 1
+2 * 1 1
+1 * 1 1

fn=(138)
0x1c700 73 2 0 2 1 0 0 1
+1 * 2
+3 * 2 0 2
+2 +6 2
+10 -6 2 0 2
+2 +6 2
+10 -6 2 0 2
+1 * 2
+3 * 2
fi=(42)
+4 -30 2 0 2
+4 +2 2 0 2
+8 +32 2 0 2
+3 +1 2 0 2
+4 * 2
+9 * 2 2 0 1 0 0 1
+4 * 2 2
fe=(40)
+3 +1 2 2
+4 * 2 2
+4 -1 2 0 2
+3 +1 2
+4 * 2 0 2 0 0 1 0 0 1
+4 * 2 0 2
+4 * 2 0 2
cfi=(30)
cfn=(142)
calls=2 0x26430 197 
* * 26 6 4 1 0 0 1 0 0 4 4
+6 +4 2 0 2
+3 +2 2 2
+4 +2 2
+4 -3 2 2
+3 +1 2
+4 * 2 0 2
+4 +1 2
+4 * 2 0 2
+3 +1 2 0 2
+4 -11 2
+4 * 2 0 2
cfi=(43)
cfn=(126)
calls=2 0x1ccf0 -25 
* * 133 28 17 0 0 0 0 0 0 17 4
-4 * 2
+4 * 2 0 2
cfi=(43)
cfn=(126)
calls=2 0x1ccf0 -25 
* * 172 35 23 0 0 0 0 0 0 21 3
+5 * 4
+2 * 4 0 0 0 0 0 0 0 0 4 2
+2 +13 2
+4 * 2 2
+1 * 2 2
+2 * 2 2
+2 * 2 2
+1 * 2 2

fl=(9)
fn=(16)
0x1ed10 102 1 0 0 1 0 0 1
+4 * 1 0 1
+1 * 1
+3 * 1 0 1
+1 * 1
+3 +4 1
+4 -4 1
+4 +1 1 0 1
+7 +3 1 0 1 0 0 1 0 0 1
cfn=(18) _dl_sysdep_parse_arguments
calls=1 0x1de00 -28 
* * 488 129 79 12 14 12 12 14 12 111 21
+5 +4 1 1
+7 * 1 0 1
cfi=(12)
cfn=(24)
calls=1 0x14900 294 
* * 16107 2603 20 9 38 4 9 38 4 4165 213
+5 +3 1 0 1 1 0 0 1
cfi=(14)
cfn=(28)
calls=1 0x12860 289 
* * 32 7 4 4 2 0 4 2 0 3 2
+5 +2 1
+2 * 1 0 1
cfi=(15)
cfn=(32)
calls=1 0x24110 -79 
* * 8 1 1 1 0 1 1 0 1 1
fi=(6)
+5 +94 1 0 1
cfi=(16)
cfn=(36)
calls=1 0x19520 37 
* * 7301 835 476 103 27 10 103 27 10 1629 229
fe=(9)
+5 -87 1 1
+7 * 1
+3 * 1 0 0 0 0 0 0 0 0 1
+2 +1 1 0 1
cfi=(23)
cfn=(64)
calls=1 0x28660 -66 
* * 17 2 0 2 1 0 2 1 0 2
+5 * 1 0 1
+7 +2 1
+2 * 1 0 1
cfi=(24) /usr/src/debug/glibc/glibc/elf/../misc/sbrk.c
cfn=(66) sbrk
calls=1 0x24b20 -88 
* * 13 3 1 2 0 0 2 0 0 2 1
+5 * 1
+7 * 1
+3 * 1 0 0 0 0 0 0 0 0 1
+2 +12 1 1
+6 * 1
+2 * 1 0 0 1 0 0 1 0 0 1
+2 +3 1 1
+3 * 1 1
+4 * 1
+4 * 1 1
+7 * 1 0 1 0 0 0 0 0 0 0 0 1 1
cfi=(2)
cfn=(68)
calls=1 0x206c0 1356 
* * 2605842 658730 244176 924 17375 2651 897 8574 1782 406363 16558 5462 1270
+2 +3 1 1 0 0 1
+4 * 1 1
+4 * 1 1
+1 * 1 1

fn=(654)
0x1edd0 147 1 0 0 1 0 0 1
+4 +1 1 1

fn=(18)
0x1de00 78 1 0 1 1 0 0 1
+1 +2 1
+4 -2 1
+3 * 1 0 1
+2 * 1 0 1
+2 * 1 0 1
+2 * 1 0 1
+2 * 1 0 1
+1 * 1
+3 * 1
+7 +1 1 1
+4 +1 1 0 1
+7 -1 1 0 1
+6 +2 1
+2 * 1
+5 * 1 0 1 0 0 1 0 0 1
+7 +2 1 1 0 0 1 0 0 1
+5 * 1 0 0 1 0 0 1 0 0 1
+2 * 1
+4 * 1
+11 -1 1
+4 +1 1 1
+5 * 1 0 0 0 0 0 0 0 0 1 1
-9 -1 55
+4 +1 55 55 0 0 7 0 0 7
+5 * 55 0 0 0 0 0 0 0 0 55 9
+2 +3 1
+4 +4 1
+7 * 1
+5 * 1
+2 -4 1 0 1 0 0 1 0 0 1
+7 +4 1 0 1 0 0 1 0 0 1
cfi=(10)
cfn=(20)
calls=1 0x26630 +47 
* * 63 1 28 4 0 6 4 0 6 9 5
fi=(11) /usr/src/debug/glibc/glibc/elf/../sysdeps/unix/sysv/linux/dl-parse_auxv.h
+6 -48 1 1
+4 -9 1 0 0 1 0 0 1
+7 +1 1 0 1
+11 -1 1 0 1
+7 +2 1 0 1
+11 +7 1
+3 * 1 0 0 0 0 0 0 0 0 1
+6 * 1
+10 * 1
+11 +1 1 0 0 1 0 0 1
+4 * 1 0 0 0 0 0 0 0 0 1
-4 * 21
+4 * 21 0 0 0 0 0 0 0 0 21
+2 +1 22 22
+5 * 22 0 22
+8 -2 22 22 0 0 6 0 0 6
+5 * 22
+4 * 22
+3 * 22 0 0 0 0 0 0 0 0 22 6
+2 +23 1 1
+7 * 1
fe=(9)
+5 +28 1 1
+8 * 1 1
+8 * 1 1 0 1 0 0 1
fi=(11)
+7 -28 1
fe=(9)
+3 +29 1 1
+6 +1 1 1
fi=(11)
+7 -30 1
+4 -18 1 1
+7 +20 1
+5 -19 1 1
+7 +19 1 1
+7 -18 1 1
fe=(9)
+7 +44 1
fi=(11)
+5 -41 1 1 0 1 0 0 1
+7 +1 1 1
+7 +1 1 1
+8 +1 1 1
+7 +2 1 1
+7 +10 1 1
+8 * 1 1
+8 * 1 1
+4 -15 1 0 1
+7 +1 1 0 1 1 0 0 1
+7 -5 1 0 1 0 0 1 0 0 1
+7 +1 1 0 1
+7 +5 1 0 1
+8 +3 1 0 1 0 0 1 0 0 1
+7 -7 1 0 1
+7 -4 1 0 1
+7 +1 1 0 1
fe=(9)
+7 +47 1 0 1
+3 +1 1 0 1
fi=(11)
+4 -40 1 0 1 1 0 0 1
+7 +12 1 0 1 0 0 1 0 0 1
+7 -2 1 0 1
fe=(9)
+6 +28 1 0 1
+3 +3 1
+7 * 1 1
+1 * 1 1
+2 * 1 1
+2 * 1 1
+2 * 1 1
+2 * 1 1
+1 * 1 1

fl=(54)
fn=(232)
0xc900 36 1 0 0 1 0 0 1
+4 * 1 0 1
+1 +3 1
+2 -3 1
+3 * 1 0 1
+2 * 1
+3 * 1 0 1
+1 * 1
+3 +3 1
+5 -3 1
+7 +3 1 0 1 0 0 1 0 0 1
cfi=(56) /usr/src/debug/glibc/glibc/io/../sysdeps/unix/sysv/linux/open64_nocancel.c
cfn=(190) __open_nocancel
calls=1 0x25340 -11 
* * 21 2 2 0 0 0 0 0 0 3
+5 +1 1
+7 * 1
+2 * 1 0 0 0 0 0 0 0 0 1 1
+19 +2 1 0 0 1 0 0 1
+7 * 1
+2 * 1 0 1
+6 * 1 0 1
cfi=(59) /usr/src/debug/glibc/glibc/io/../sysdeps/unix/sysv/linux/fstat64.c
cfn=(198) fstat
calls=1 0x250e0 -12 
* * 6 1 0 0 0 0 0 0 0 1
+5 * 1 1
+7 * 1
+2 * 1 0 0 0 0 0 0 0 0 1
+2 +2 1 1 0 0 1 0 0 1
+4 * 1 0 1
+3 +3 1
+3 * 1 0 0 0 0 0 0 0 0 1 1
+9 +13 1
+3 * 1 0 1
+7 * 1 0 1
cfi=(64)
cfn=(212)
calls=1 0x25210 -35 
* * 6 1 0 0 0 0 0 0 0 1
+5 * 1 1
+7 +3 1
+7 * 1 1
+1 * 1 1
+2 * 1
+3 * 1 1
+1 * 1 1
+10 -14 1 0 0 1 0 0 1
+3 * 1
+3 * 1
+5 * 1
+2 * 1 0 1
+7 * 1 0 1
cfi=(61)
cfn=(204)
calls=1 0x25580 -2 
* * 26 4 3 0 0 0 0 0 0 4 2
+5 * 1 1
+7 * 1
+3 * 1

fn=(176)
0xc9d0 68 133 0 0 1 0 0 1
+4 * 133 0 133
+1 * 133
+3 * 133 0 133
+2 * 133
+3 * 133 0 133
+1 * 133
+3 +1 133 133
+4 * 133 0 133 0 0 1 0 0 1
cfi=(35)
cfn=(104)
calls=133 0x27000 +29 
* * 4401 882 0 8 2 0 8 2 0 519 80 49 42
+5 * 133
+2 * 133 0 0 0 0 0 0 0 0 133
+2 +3 133 133
+4 +2 133
+3 * 133 0 0 0 0 0 0 0 0 133 8
+11 +4 129 129
+4 -4 129
+3 * 129 0 0 0 0 0 0 0 0 129 29
+2 +1 151 151 0 1 0 0 1
+3 * 151
+3 * 151 0 151
cfi=(35)
cfn=(104)
calls=151 0x27000 +23 
* * 5563 1038 0 14 1 0 14 1 0 648 122 69 25
+5 * 151
+2 * 151 0 0 0 0 0 0 0 0 151 24
+2 +6 22 22
+1 -11 22
+5 +11 22 22
+2 * 22 22
+1 * 22 22
+7 * 111 111
+1 -1 111
+2 +1 111 111
+2 * 111 111
+1 * 111 111

fn=(592) _dl_higher_prime_number
0xca30 85 2
+4 +38 2
+7 -1 2
+4 +3 2 0 0 1 0 0 1
+65 +2 10
+3 * 10
+3 * 10
+3 * 10
+4 * 10
+4 * 10
+3 * 10
+3 * 10
+4 +1 10 10 0 0 4 0 0 2
+2 * 10
+3 * 10 0 0 0 0 0 0 0 0 10 3
+2 +3 7
+3 -6 7
+3 * 7 0 0 0 0 0 0 0 0 7 7
-3 * 5 0 0 1 0 0 1
+3 * 5 0 0 0 0 0 0 0 0 5 4
+2 +18 2 2
+2 +1 2 2
+4 -15 3
+4 * 3

fl=(391) /usr/src/debug/glibc/glibc/elf/../sysdeps/x86_64/tls_get_addr.S
fn=(2020) __tls_get_addr
0x19850 29 2 0 0 1 0 0 1
+4 +1 2 2
+9 +1 2 2 0 0 1
+7 +2 2 2 0 0 1
+3 +1 2 0 0 0 0 0 0 0 0 2
+2 +1 2 2 0 0 1
+3 +3 2
+4 +1 2 2
+4 +4 2
+4 +1 2 0 0 0 0 0 0 0 0 2
+2 +1 2 2
+4 +1 2 2

fl=(52)
fn=(256)
0x2330 190 1 0 0 1 0 0 1
+4 * 1 0 1
+1 58 1 1
+7 190 1
+3 * 1 0 1 1 0 0 1
+2 * 1 0 1
+1 +2 1 1
+7 58 1 0 0 0 0 0 0 0 0 1
+2 +1 1 1
+7 +11 1 0 1
+11 196 1 0 1
+7 +2 1
+3 * 1 0 1 0 0 0 0 0 0 0 0 1 1
cfi=(2)
cfn=(258)
calls=1 0x1f860 674 
* * 30528 9050 1711 58 139 82 58 136 80 6489 479 108 67
+2 69 1 1
+7 * 1 0 0 0 0 0 0 0 0 1 1
+2 +1 1 0 1
+7 201 1 0 1
+7 +1 1 1 0 1 0 0 1
+1 * 1 1
+2 * 1 1
+1 * 1 1

fn=(164)
0x2590 258 1 0 0 1 0 0 1
+4 * 1 0 1
+1 * 1
+3 * 1 0 1
+2 * 1
+3 * 1 0 1
+2 +2 1
+4 -2 1
+3 +2 1
+3 -2 1 0 1
+1 * 1
+3 +2 1
+3 -2 1
+4 +2 1 0 1
cfn=(166)
calls=1 0x23c0 -52 
* * 2632 585 312 109 38 38 109 38 38 454 146 9 4
+5 * 1
+2 +1 1 1
+4 * 1 0 1 1 0 0 1
+4 +1 1 1
+4 +1 1 1
+4 -1 1 0 1
+4 +3 1
+2 -2 1 0 1
+3 +2 1
+4 * 1 1
+1 * 1 1
+2 * 1 1
+2 * 1 1
+1 * 1 1

fn=(166)
0x23c0 208 14 0 0 1 0 0 1
+4 * 14 0 14
+1 * 14
+3 * 14 0 14
+1 * 14
+7 * 14 0 14 0 0 2 0 0 2
+7 58 14 14 0 0 1 0 0 1
+7 208 14 0 14
+7 * 14 0 14 0 0 1 0 0 1
+7 +3 14
+3 * 14 0 0 0 0 0 0 0 0 14
+6 +21 14 14
+7 * 14 0 14 1 0 1 1 0 1
+7 +1 14
+7 * 14 0 14
+7 58 14
+2 * 14 0 0 0 0 0 0 0 0 14 7
+38 239 14
+7 * 14 0 0 1 0 0 1
+2 * 14 0 14 0 0 1 0 0 1
cfi=(53)
cfn=(168)
calls=14 0x258f0 31 
* * 336 70 126 3 0 3 3 0 3
+5 * 14
+4 * 14
+2 * 14 0 0 0 0 0 0 0 0 14
+6 +2 14 0 14
+6 * 14 14
+7 * 14 14
+7 * 14 0 14 0 0 0 0 0 0 0 0 14 2
cfi=(66)
cfn=(226)
calls=13 0x37c0 61 
* * 24855 5061 2345 78 179 198 77 179 198 4435 644 82 31
cfi=(2)
cfn=(170)
calls=1 0x1f440 641 
* * 2564 568 288 101 36 34 101 36 34 450 145 8 3
+2 69 14 14
+7 * 14 14
+6 * 14 0 0 0 0 0 0 0 0 14
+2 +1 14 14
+7 * 14 0 14
+7 243 14 14
+7 * 14
+4 * 14 0 14
+8 * 14 0 14
+3 +9 14 14
+4 * 14 14
+1 * 14 14
+7 59 14 14 0 1 1 0 1 1
+7 * 14 0 14
+7 +11 14
+7 * 14 0 14 1 0 0 1
+7 * 14

fl=(80)
fn=(302)
0xb780 767 2880 0 0 1 0 0 1
+4 * 2880 0 2880
+1 +3 2880
+4 -3 2880
+3 * 2880 0 2880 0 0 5
+2 * 2880
+3 * 2880 0 2880
+2 * 2880 0 2880
+2 * 2880 0 2880
+2 * 2880
+3 * 2880 0 2880
+1 * 2880
+3 * 2880
+7 * 2880 0 2880 0 0 7 0 0 1
+4 * 2880 0 2880 0 0 8 0 0 1
+7 * 2880 0 2880
+4 +3 2880 0 2880
fi=(81) /usr/src/debug/glibc/glibc/elf/../sysdeps/generic/dl-new-hash.h
+7 74 2880 2880 0 0 1822 0 0 1242
+3 +3 2880
+2 * 2880 0 0 2 0 0 1 0 0 2880 2
+6 -8 2880
+3 +1 2880
+6 * 2880
+1 +10 2880 2880 0 0 46 0 0 32
+4 +1 2880
+2 * 2880 0 0 0 0 0 0 0 0 2880
-6 -1 58850 58850 0 0 772 0 0 615
+4 +1 58850
+2 * 58850 0 0 0 0 0 0 0 0 58850 1442
+6 +20 60289
+7 -2 60289
+2 +6 60289
+4 -3 60289
+3 * 60289
+2 +2 60289
+3 -30 60289 60289 0 0 815 0 0 641
+3 +3 60289
+2 * 60289 0 0 0 0 0 0 0 0 60289 1489
fe=(80)
+2 770 2880 2880
+8 -1 2880 0 0 2 0 0 1
+5 +4 2880 0 2880 0 0 4
+8 -4 2880 0 2880
+4 +1 2880 0 2880
+4 +7 2880
+3 * 2880 0 0 0 0 0 0 0 0 2880 30
+2 * 2853 2853
+4 * 2853 0 0 0 0 0 0 0 0 2853
+6 +5 2880 2880
+7 * 2880 2880 0 0 2
+3 -2 2880 2880
+5 * 2880 0 0 0 0 0 0 0 0 2880 1
+6 +6 2880
+3 * 2880 0 0 2 0 0 1 0 0 2880 1
+6 -7 2880
+2 * 2880 0 2880
+7 -8 2880 2880
+7 +15 2880
+3 * 2880
+11 * 23 23
+4 * 23
+4 * 23
+2 * 23
+3 * 23 0 0 0 0 0 0 0 0 23 2
+2 +1 2880 2880
+3 * 2880 2880
+3 * 2880 2880 2880 0 0 7 0 0 1
+3 * 2880
+4 * 2880
+4 * 2880 0 2880 2 0 0 1
+1 * 2880 2880
+3 * 2880
+3 * 2880 2880 2880
+3 * 2880 0 2880
+1 * 2880
+3 * 2880 0 2880
+2 * 2880 0 2880
+1 * 2880 0 2880 0 0 7 0 0 1
cfn=(306) do_lookup_x
calls=2880 0xabc0 344 
* * 1071292 320785 127113 152 7388 35 61 1790 4 149755 9544 521 262
+5 * 2880
+4 * 2880
+2 * 2880 0 0 0 0 0 0 0 0 2880 3
+2 +5 2880 2880
+7 * 2880 2880
+5 * 2880 0 0 0 0 0 0 0 0 2880 2
+6 +23 2857 2857
+3 +1 2857
+3 * 2857 0 0 0 0 0 0 0 0 2857 5
+2 * 2852 2852
+4 * 2852
+2 * 2852
+2 * 2852 0 0 3 0 0 1 0 0 2852
+2 +7 2857 2857
+4 -7 2857
+3 +35 2857 2857
+8 * 2857
+3 * 2857
+2 * 2857 0 0 0 0 0 0 0 0 2857 2
+6 * 2857
+3 * 2857
+3 +14 2857 2857 0 0 22
+7 * 2857
+2 * 2857 0 0 0 0 0 0 0 0 2857 1
+6 +3 2857 2857
+7 * 2857 0 0 0 0 0 0 0 0 2857
+6 +17 2857 2857 0 2 0 0 1
+4 -74 2857 0 2857
+3 +76 2857
+4 * 2857
+3 * 2857 2857
+1 * 2857 2857
+2 * 2857 2857
+2 * 2857 2857
+2 * 2857 2857
+2 * 2857 2857
+1 * 2857 2857
-20 -76 23 0 23
+3 +76 23
+4 * 23
+3 * 23 23
+1 * 23 23
+2 * 23 23
+2 * 23 23
+2 * 23 23
+2 * 23 23
+1 * 23 23
fi=(81)
+58 87 1441 0 0 3 0 0 1
+3 +1 1441
+3 +1 1441
+3 * 1441
+4 +1 1441
fe=(80)
0xb9f8 794 23 23 0 1 0 0 1
+3 * 23
+3 * 23 0 0 0 0 0 0 0 0 23
+2 * 23 23 0 1 0 0 1
+4 * 23
+3 * 23
+2 * 23 0 0 0 0 0 0 0 0 23 2
0xba82 +78 23 0 0 1 0 0 1
+2 -60 23
+3 * 23
+72 +54 1 0 1 1 0 0 1
+11 * 1

fn=(306)
0xabc0 344 2880 0 2880 2 0 0 1
+1 * 2880
+3 * 2880
+3 * 2880
+3 * 2880
+7 * 2880 0 2880
+4 * 2880 2880
+4 * 2880 0 2880
+4 * 2880 2880
+4 * 2880 0 2880 0 0 8 0 0 1
+4 * 2880 2880
fi=(82) /usr/src/debug/glibc/glibc/elf/../sysdeps/generic/dl-protected.h
+4 29 2880
fe=(80)
+3 344 2880 0 2880
+4 * 2880 0 2880
+4 * 2880 0 2880
+4 * 2880 0 2880
+4 * 2880 0 2880
+4 +6 2880 2880 0 3 4 0 1
fi=(82)
+4 29 2880 0 2880
fe=(80)
+4 351 2880 2880
fi=(82)
+3 29 2880
+3 * 2880
+3 * 2880 2880
+4 * 2880
fe=(80)
+11 393 9806 9806 0 0 12
+6 * 9806
+2 * 9806 0 0 0 0 0 0 0 0 9806
+2 +8 9806 9806 0 0 21
+4 -4 9806 0 9806
+7 +1 9806 0 9806
+8 +3 9806 9806 0 3 20 0 1
+4 * 9806
+2 * 9806 9806
+7 * 9806 0 0 0 0 0 0 0 0 9806 8
+8 +1 9806 9806 0 0 6
+4 * 9806 9806 0 0 3
+4 +3 9806 9806
+7 -3 9806 0 9806
+4 +4 9806
+3 * 9806 0 0 0 0 0 0 0 0 9806
+6 +3 9806
+3 +4 9806 9806
+6 -4 9806
+3 +1 9806 9806
+6 -2 9806 9806 0 0 1739 0 0 210
+4 +5 9806
+3 * 9806
+2 * 9806
+2 +3 9806
+3 * 9806
+3 * 9806
+3 * 9806
+3 * 9806
+3 * 9806
+3 * 9806 0 0 0 0 0 0 0 0 9806 3162
+6 +99 6842
+4 * 6842
+3 * 6842 0 0 0 0 0 0 0 0 6842 23
+6 355 9807 9807 0 2 11 0 1
+5 * 9807 9807 0 0 27
+4 +3 9807
+3 * 9807 0 0 0 0 0 0 0 0 9807 2
+2 +4 9807 0 0 1 0 0 1
+4 * 9807 0 0 0 0 0 0 0 0 9807 16
+2 * 3 3
+7 * 3 0 0 0 0 0 0 0 0 3 1
+2 +21 9806 9806 0 0 18
+7 * 9806 0 0 0 0 0 0 0 0 9806 20
+17 +4 9806 9806 0 0 3
+7 * 9806 0 0 0 0 0 0 0 0 9806 14
fi=(4)
0xae40 151 2857 2857 0 5 0 0 1
+4 * 2857
+2 +1 2857
+3 * 2857
+3 * 2857
fe=(80)
+3 473 2857
+3 * 2857 0 0 0 0 0 0 0 0 2857
fi=(82)
+6 29 2857
+3 * 2857 0 0 0 0 0 0 0 0 2857 15
fe=(80)
+12 480 2857 2857
+4 * 2857
+3 * 2857
+2 * 2857 0 0 0 0 0 0 0 0 2857 784
+6 * 1205
+2 * 1205 0 0 0 0 0 0 0 0 1205 52
+6 * 1123
+2 * 1123 0 0 2 0 0 1 0 0 1123
+2 +16 2775 2775 0 1
+4 * 2775 0 2775
+3 +1 2775 0 2775
+4 +1 2775 2775
+4 * 2775
+5 +21 2775 2775
+4 * 2775 2775
+4 * 2775 2775
+4 * 2775 2775
+4 * 2775 2775
+1 * 2775 2775
-26 -21 82 82
+4 * 82
+5 +21 82 82
+4 * 82 82
+4 * 82 82
+4 * 82 82
+4 * 82 82
+1 * 82 82
-17 * 23 23
+4 * 23 23
+4 * 23 23
+4 * 23 23
+4 * 23 23
+1 * 23 23
+43 -52 112 112 0 2 0 0 1
+4 * 112 0 0 0 0 0 0 0 0 112 4
+2 * 4 4
+4 +2 4
+3 * 4 0 0 0 0 0 0 0 0 4 4
+6 +46 108
+4 * 108 108
+4 * 108
+3 * 108 0 0 0 0 0 0 0 0 108 2
+16 +3 23
+2 * 23
+6 -98 2982 0 0 2 0 0 1
+3 * 2982
+2 * 2982
+2 -1 2982 2982
+7 * 2982 2982 0 0 1498 0 0 236
+3 +2 2982
+2 * 2982 0 0 0 0 0 0 0 0 2982 17
+6 +2 2965 2965
+7 * 2965 0 2965
+4 +5 2965 0 2965 0 0 8 0 0 1
+7 * 2965 0 2965
+4 * 2965
+5 * 2965
+3 * 2965 0 0 2 0 0 1
+3 * 2965 0 2965
+4 * 2965 0 2965
+4 * 2965 0 2965
+4 * 2965 0 2965
+4 * 2965 0 2965
+4 * 2965
+10 +8 4337
+4 * 4337
+4 * 4337 0 0 0 0 0 0 0 0 4337 114
+6 -10 7190 7190 0 0 2409 0 0 565
+4 * 7190
+3 * 7190
+3 * 7190
+2 * 7190 0 0 0 0 0 0 0 0 7190 3086
+2 +3 2869
+4 * 2869 0 0 2 0 0 1
+4 * 2869 2869
+4 * 2869 2869
+4 -1 2869
+7 +1 2869 0 2869 0 0 8 0 0 1
+1 * 2869
+4 * 2869 2869
+4 -1 2869
+3 +1 2869 0 2869
+1 * 2869 2869
+3 -1 2869
+3 +1 2869 0 2869
+1 -1 2869
+4 +1 2869 2869 2869
+3 +1 2869
+2 -1 2869 0 2869
+1 * 2869 2869
+4 +1 2869
+4 -1 2869
+4 * 2869 2869 0 2 0 0 1
+4 * 2869 0 2869
cfn=(308) check_match
calls=2869 0xaa20 70 
* * 280011 78594 20352 95 1418 9 26 673 1 32960 1833 349 257
+5 +4 2869
+4 * 2869
+3 * 2869 0 0 0 0 0 0 0 0 2869 7
+2 * 2853
+3 * 2853 2853
+4 * 2853 2853
+4 * 2853
+3 * 2853 2853
+7 * 2853 2853
+4 * 2853 2853
+4 * 2853 2853
+4 * 2853
0xb080 219 82 82 0 1 0 0 1
+4 +2 82
+7 -2 82 0 82
+4 * 82 0 82
+4 +2 82
+4 -2 82 0 82
+4 * 82 0 82
+4 +2 82
+5 +2 82
+3 -2 82 0 82
+7 * 82
+3 * 82 82 82 0 3 0 0 0 0 0 0 82 1
cfi=(25)
cfn=(90)
calls=82 0x14180 43 
* * 246 82
+6 +2 82 82 0 0 2 0 0 1
+5 +2 82 82
+4 * 82 82 0 1 0 0 1
+4 * 82
+3 * 82 0 0 0 0 0 0 0 0 82 1
+6 -1 81 81
+5 +3 81
+3 * 81
+2 * 81
+3 * 81 0 81
+4 * 81
+3 +1 81 81
+4 -1 81 0 81
+7 * 81 0 81
+7 +1 81
+4 -1 81
+3 +1 81
+2 * 81
+3 -1 81 0 81 1 0 0 1
+7 * 81
+3 * 81
+3 +1 81
+4 * 81
+3 -1 81
+3 * 81
+3 * 81
+4 * 81
+3 * 81
+3 * 81 0 81
+7 * 81
+3 * 81
+3 * 81
+4 * 81 0 81
+4 * 81
+3 * 81
+3 * 81 0 0 1 0 0 1
+3 * 81
+3 * 81
+3 * 81
+3 * 81
-42 * 46
+3 * 46 0 46
+7 * 46
+3 * 46
+3 * 46
+4 * 46 0 46
+4 * 46
+3 * 46
+3 * 46
+3 * 46
+3 * 46
+3 * 46
+3 * 46
+6 +24 176
+3 * 176 0 0 0 0 0 0 0 0 176 82
+6 +3 95
+3 +1 95
+3 * 95
+3 * 95 0 0 0 0 0 0 0 0 95 44
+6 -23 176 176 0 0 101 0 0 43
+4 -1 176 176
+4 * 176 0 0 0 0 0 0 0 0 176 16
+80 484 1652 1652 0 3 4 0 1
+6 * 1652
+2 * 1652 0 0 0 0 0 0 0 0 1652 8
+36 +5 1 0 1
fi=(29)
+4 44 1
+5 * 1
+5 * 1 0 1
+4 * 1 1 1 1 0 0 1 0 0 0 0 1 1
cfi=(28)
cfn=(76)
calls=1 0xc7e0 +36 
* * 28 4 3 2 1 1 0 0 0 4 2 1
+6 * 1
fe=(80)
+3 299 1
+3 * 1 0 0 0 0 0 0 0 0 1
+6 +3 1 0 1
+5 -75 1 1
+4 +70 1
+6 +7 1 1
+7 -7 1 1
+4 +6 1 0 1
+9 -76 1
+3 +70 1 1
+4 +7 1 0 1
+5 167 1 0 0 1 0 0 1
+10 * 1
+3 * 1
+3 * 1
+3 * 1
+3 * 1
+4 * 1
+4 * 1
+3 * 1
+4 * 1
+3 * 1
+3 * 1
+3 +1 1
+10 * 1
+3 * 1
+4 * 1 0 0 1 0 0 1
+4 * 1
+3 * 1
+4 313 1 1
+2 -1 1 1
+4 * 1
+3 * 1
+4 * 1
+3 -5 1 1
+4 * 1 0 0 0 0 0 0 0 0 1 1
-20 +6 81 81
+2 -1 81 81
+4 * 81
+3 * 81
+4 * 81
+3 -5 81 81
+4 * 81 0 0 0 0 0 0 0 0 81 12
+76 +19 82 82 0 1 0 0 1
+5 * 82
+7 * 82 0 82
+4 +2 82 82
+7 -2 82 0 82
+6 +2 82 82 82 0 0 0 0 0 0 0 0 82 1
cfi=(25)
cfn=(90)
calls=82 0x14180 43 
* * 246 82
+6 +2 82 82
+4 * 82 82
+4 +1 82 0 82
+4 -1 82 0 82
+3 +1 82
+5 173 38
+3 * 38
+3 * 38
+4 * 38
+3 * 38
-10 * 82 0 0 1 0 0 1
+3 * 82
+4 * 82
+3 * 82
+19 -2 84
+3 +1 84
+3 * 84
+3 * 84 0 0 0 0 0 0 0 0 84 37
+2 -3 166 166 0 1 2 0 1 2
+5 * 166 0 0 0 0 0 0 0 0 166 54
+2 +7 82 0 82
+3 +1 82 0 82
+4 +1 82 0 82
+4 +1 82 0 82
+4 315 82 82
+7 * 82
+3 * 82
+2 * 82 0 0 0 0 0 0 0 0 82 14
+59 -56 81 0 0 1 0 0 1
+3 * 81 81
+5 * 81
+3 * 81 81
+4 * 81
+7 * 81 0 0 1 0 0 1
+4 * 81 81
+7 * 81 81
+7 * 81 81
+7 * 81 81
+4 * 81 81
+5 * 81
+4 * 81
+3 * 81 0 0 0 0 0 0 0 0 81 13
+6 +7 2
+4 * 2 0 2
+7 * 2 0 2
+4 * 2 0 2 1 0 0 1
cfi=(54)
cfn=(592)
calls=2 0xca30 85 
* * 159 14 0 2 4 0 2 2 0 22 14
fi=(29)
+5 44 2
fe=(80)
+5 266 2
fi=(29)
+3 44 2
+3 * 2 2 2 0 0 0 0 0 0 0 0 2 1
cfi=(28)
cfn=(76)
calls=2 0xc7e0 +36 
* * 56 8 6 0 1 1 0 0 0 8 4 2
+6 * 2
fe=(80)
+3 269 2
+3 * 2 0 0 0 0 0 0 0 0 2
+6 168 2
+5 * 2 2
+4 276 2 2
+4 * 2 2
+7 * 2 2
+7 168 2 0 2
+4 * 2
+3 * 2 0 0 1 0 0 1
+4 276 2
+3 * 2 2
+4 * 2
+4 * 2 0 0 0 0 0 0 0 0 2 1
+6 * 2 0 2
+4 * 2
+7 +1 2 2 0 0 2 0 0 1
+4 * 2
+3 * 2 0 0 0 0 0 0 0 0 2 2
-7 * 90 90 0 0 22 0 0 1
+4 * 90
+3 * 90 0 0 0 0 0 0 0 0 90 23
+2 +1 70
+5 * 70 70
+3 167 70
+2 278 70 70
+4 * 70 70
+5 * 70
+3 167 70 0 0 1 0 0 1
+3 +1 70
+2 -1 70
+3 +1 70
+2 * 70 70
+4 * 70
+4 +1 70
+3 * 70
+4 * 70
+3 * 70
+4 * 70
+3 * 70
-10 * 5
+3 * 5
+4 * 5
+3 * 5
+30 +2 14
+3 +1 14
+3 * 14
+3 * 14 0 0 0 0 0 0 0 0 14 6
+6 -3 84 84 0 0 57 0 0 56
+5 * 84 0 0 0 0 0 0 0 0 84 13
+2 +7 70 0 70
+2 +3 70 0 70
+4 -2 70 0 70
+4 +99 70
+4 * 70
+3 * 70 0 0 0 0 0 0 0 0 70 24
-7 * 22 0 0 1 0 0 1
+4 * 22
+3 * 22 0 0 0 0 0 0 0 0 22 9
+6 * 2 2
+4 +6 2 2
+5 * 2
+7 * 2 0 2 1 0 0 1
+4 * 2
+3 * 2 0 2
+4 * 2 0 2
+4 * 2
+3 * 2 2 2 0 0 0 0 0 0 0 0 2 1
cfi=(28)
cfn=(594)
calls=2 0xc820 97 
* * 10 4 0 0 0 0 0 0 0 2
+4 +4 2 2
+7 167 2
+2 285 2
+3 * 2 2
+4 * 2 2
+4 -2 2 0 2
+4 +3 2 0 2
+4 167 2 2
+4 285 2 0 2
+4 +1 2 2
+4 -2 2
+3 167 2
+3 +1 2 2
+4 -1 2
+3 +1 2
+2 * 2 2
+4 * 2
+4 * 2
+14 +88 46 0 0 1 0 0 1
+3 * 46
+3 * 46
+3 * 46
+3 * 46 46
+4 * 46
+3 * 46
+3 * 46
+3 * 46
0xb63e 445 112 0 0 2 0 0 1
+3 * 112 112
+4 * 112 112
+7 * 112 112
+4 * 112 112
+4 * 112 112
+4 * 112 112
+4 * 112
0xb6d0 173 5 0 0 1 0 0 1
+3 * 5

fn=(308)
0xaa20 70 2869 0 2869 2 0 0 1
+1 * 2869
+3 * 2869
+3 * 2869
+3 * 2869
+4 * 2869 2869 0 0 281 0 0 187
+5 +3 2869 2869
+5 -3 2869 0 2869 0 0 9 0 0 1
+4 * 2869
+3 * 2869 0 0 2 0 0 1
+3 +3 2869 2869 0 0 327 0 0 228
+5 * 2869 0 0 0 0 0 0 0 0 2869
+6 * 2869
+2 * 2869
+3 * 2869
+3 * 2869
+3 +13 2869
+5 * 2869
+2 * 2869
+3 * 2869
+3 * 2869 0 0 0 0 0 0 0 0 2869
+6 * 2869 0 2869
+4 * 2869
+3 * 2869 0 2869
+4 * 2869
+3 +3 2869
+3 * 2869 0 0 0 0 0 0 0 0 2869 304
+2 * 318 318 0 3
+3 * 318
+3 * 318 318
+4 * 318 0 318
cfi=(35)
cfn=(104)
calls=318 0x27000 +9 
* * 15660 2714 0 67 345 0 19 199 0 1751 455 149 124
+5 * 318
+2 * 318 0 0 0 0 0 0 0 0 318
+6 +4 2869 2869 0 1 0 0 1
+4 * 2869 2869 0 0 17
+7 +1 2869
+3 * 2869 0 0 0 0 0 0 0 0 2869 6
+2 +4 2865
+3 * 2865 0 0 0 0 0 0 0 0 2865
+2 +4 2865 2865
+3 * 2865 2865 0 0 214 0 0 53
+4 +1 2865
+3 * 2865
+5 * 2865
+4 * 2865 2865 0 1 0 0 1
+4 * 2865 2865
+7 * 2865
+4 * 2865 2865
+5 * 2865 2865 0 0 65
+3 * 2865 0 0 0 0 0 0 0 0 2865 15
+2 +1 2850 2850 0 0 13
+3 * 2850 2850 0 0 4
+4 * 2850 0 2850
+3 * 2850 0 2850
+4 * 2850 0 2850
cfi=(35)
cfn=(104)
calls=2850 0x27000 -6 
* * 93209 17895 0 15 147 0 0 6 0 10789 1038 200 133
+5 * 2850 2850
+4 * 2850 2850
+3 * 2850
+2 * 2850 0 0 0 0 0 0 0 0 2850
+2 +54 2853
+3 * 2853 2853
+4 * 2853 2853
+4 +1 2853 2853 0 1 0 0 1
+4 * 2853 2853
+1 * 2853 2853
+4 -18 4
+3 * 4 0 0 0 0 0 0 0 0 4 1
+2 +2 4 4
+3 * 4 4 0 0 3
+4 +1 4
+2 -1 4
+2 * 4
+6 +1 4
+4 * 4
+3 * 4
+3 -1 4
+2 * 4 0 0 0 0 0 0 0 0 4 2
+2 +4 1
+3 * 1 0 0 0 0 0 0 0 0 1 1
+25 -38 15 15 0 2 0 0 1
+5 * 15
+2 * 15 0 0 0 0 0 0 0 0 15
+2 +1 15 15
+3 +1 15 15 0 0 2
+3 * 15 0 0 0 0 0 0 0 0 15 10
+2 * 3
+3 * 3 0 0 0 0 0 0 0 0 3 1
+4 * 12 12
+4 * 12 12
+4 -33 12
+2 +81 12 12
+4 * 12 12
+1 * 12 12
-5 * 4 4
+4 * 4 4
+1 * 4 4
+33 -47 4 4 0 1 0 0 1
+4 * 4 4
+4 * 4 4
+2 * 4
+3 * 4 0 4
+2 * 4
+2 * 4 0 0 0 0 0 0 0 0 4
+2 +3 4 4
+4 * 4 4
+4 * 4 0 4
+3 * 4 4
+4 -37 4
+2 * 4

fl=(7)
fn=(624)
0x1d1c0 76 1 0 0 1 0 0 1
+4 * 1 0 1
+1 +10 1
fi=(185) /usr/src/debug/glibc/glibc/elf/../sysdeps/generic/dl-hash.h
+7 -41 1
+5 -1 1
+4 * 1
fe=(7)
+4 +32 1
+3 * 1 0 1
+2 * 1 0 1
+2 * 1 0 1
+2 * 1 0 1
+1 * 1
+3 * 1
+4 +11 1 0 1
+7 -1 1 0 1
fi=(185)
+4 -43 1
+5 * 1
+6 +5 1 0 0 1 0 0 1
+4 * 1
+4 * 1
+3 +14 1
+3 * 1
+4 * 1
+6 * 1
+3 -17 1 1
+3 * 1
+3 * 1 0 0 0 0 0 0 0 0 1 1
-33 +3 5
+4 * 5
+4 * 5
+3 +14 5
+3 * 5
+4 * 5
+6 * 5
+3 -17 5 5
+3 * 5
+3 * 5 0 0 0 0 0 0 0 0 5 4
fe=(7)
+2 +46 1
+4 * 1
fi=(185)
+3 -24 1
fe=(7)
+5 +22 1 0 1
+8 +2 1
fi=(185)
+7 -19 1 0 1 1 0 0 1
fe=(7)
+3 +19 1 0 1
cfn=(628) lookup_malloc_symbol
calls=1 0x1d0f0 -30 
* * 651 200 81 3 6 0 3 0 0 96 10
+5 +1 1
+4 * 1
+3 * 1
+7 -1 1
+3 +1 1 0 1
cfn=(628)
calls=1 0x1d0f0 -31 
* * 640 197 81 0 9 0 0 0 0 95 7
+5 +1 1
+4 * 1
+3 * 1
+7 -1 1
+3 +1 1 0 1
cfn=(628)
calls=1 0x1d0f0 -32 
* * 684 203 81 0 6 0 0 1 0 105 8
+5 +1 1
+4 * 1
+3 * 1
+7 -1 1 0 0 1 0 0 1
+3 +1 1 0 1
cfn=(628)
calls=1 0x1d0f0 -33 
* * 685 199 81 0 4 0 0 0 0 101 6 1 1
+5 +5 1 0 1
+7 +1 1 0 1
+7 +1 1 0 1
+7 +1 1 0 1 0 0 1
+7 +1 1
+4 * 1 1
+1 * 1 1
+2 * 1 1
+2 * 1 1
+2 * 1 1
+1 * 1 1

fn=(12)
0x1cf80 42 1 0 0 1 0 0 1
+4 +1 1
+7 * 1 0 1 0 0 1 0 0 1
+7 +1 1
+7 * 1 0 1
+7 +1 1
+7 * 1 0 1
+7 +1 1
+7 * 1 0 1 0 0 1 0 0 1
+7 +1 1 1

fn=(628)
0x1d0f0 61 4 0 4 1 0 0 1
+1 * 4
+3 +3 4
+3 -3 4
+3 * 4 0 4
+1 * 4
+3 +3 4 0 0 1 0 0 1
+4 -3 4
+4 +3 4 4
+7 * 4
+3 * 4
+3 * 4 0 4
+2 * 4 0 4
+2 -1 4 0 4
+8 +1 4 0 4
cfi=(80)
cfn=(302)
calls=4 0xb780 767 
* * 2504 747 296 0 25 0 0 1 0 377 25 1 1
+5 +4 4 4
+4 * 4 4
+1 -4 4
+3 +4 4 4
+1 * 4 4
+4 * 4
+3 * 4
+2 * 4 0 0 0 0 0 0 0 0 4 2
+6 +1 4 4 0 1 0 0 1
+5 * 4 0 0 0 0 0 0 0 0 4
+2 * 4
+3 * 4 0 0 0 0 0 0 0 0 4 2
+2 * 4 4
+3 * 4 4
+4 +2 4 0 4
fi=(186) /usr/src/debug/glibc/glibc/elf/./dl-sym-post.h
+4 -30 4
+2 * 4 0 0 0 0 0 0 0 0 4
+2 +12 4 4
+6 * 4
+2 * 4 0 0 0 0 0 0 0 0 4 2
fe=(7)
+2 +19 4 4
+4 * 4 4
+4 * 4 4
+1 * 4 4

fl=(24)
fn=(66)
0x24b20 37 1 0 0 1 0 0 1
+4 * 1 0 1
+1 * 1
+3 * 1
+3 * 1
+4 +3 1 1
+7 +18 1
+3 * 1 0 0 0 0 0 0 0 0 1
+2 +4 1
+3 * 1 0 0 0 0 0 0 0 0 1 1
+39 +16 1 1 0 1 0 0 1
+1 * 1
+3 * 1 1

fl=(35)
fn=(104)
0x27000 98 3555 0 0 2 0 0 1
+4 +33 3555
+2 +1 3555
+2 +2 3555
+4 +1 3555
+4 +21 3555
+3 +1 3555 0 0 0 0 0 0 0 0 3555 865
+2 +1 1952
+3 +1 1952 0 0 0 0 0 0 0 0 1952 168
+2 +1 1782 1782 0 0 238 0 0 99
+4 +1 1782 1782 0 0 21 0 0 14
+4 +1 1782 1782
+5 +1 1782 1782
+5 +17 1782
+4 +1 1782
+4 +1 1782
+4 +1 1782
+4 +1 1782
+4 +1 1782 0 0 2 0 0 1
+6 +1 1782 0 0 0 0 0 0 0 0 1782 88
+6 +5 55
+4 +1 55
+4 * 55
+1 * 55
+11 +9 55
+4 +1 55
+4 +1 55
+5 +1 55
+3 +1 55
+3 +1 55
+3 +1 55
+2 +1 55 0 0 0 0 0 0 0 0 55 6
-24 -7 1773
+4 +1 1773
+4 +1 1773
+5 +1 1773
+3 +1 1773
+3 +1 1773
+3 +1 1773
+2 +1 1773 0 0 0 0 0 0 0 0 1773 27
+2 +1 507 0 0 0 0 0 0 0 0 507 164
+2 +1 335
+3 +1 335
+1 +1 335 0 0 1
+3 +2 335
+4 +1 335
+3 +1 335
+7 +1 335 335 0 0 9 0 0 1
+4 +1 335
+4 +1 335 0 0 0 0 0 0 0 0 0 0 335 228
-22 -5 172 0 0 1 0 0 1
+4 +1 172
+3 +1 172
+7 +1 172 172 0 0 5 0 0 1
+4 +1 172
+4 +1 172 0 0 0 0 0 0 0 0 0 0 172 129
+7 +10 1321 1321 0 0 13 0 0 1
+4 +1 1321
+4 +1 1321
+4 +2 1321 1321 0 0 9 0 0 4
+4 +6 1321
+4 +1 1321
+5 +1 1321
+2 +1 1321
+3 +1 1321 0 0 1 0 0 1
+3 +5 1321 0 0 0 0 0 0 0 0 1321 77
+6 +2 123
+7 +1 123
+7 +1 123
+4 * 123
+7 +8 123 123 0 0 6
+5 +1 123 123 0 0 8
+5 +3 123
+4 +1 123
+4 +1 123
+4 +1 123
+4 +1 123
+6 +1 123 0 0 1 0 0 1 0 0 123 6
+6 +6 1
+4 +1 1 1
+5 +1 1 1 0 0 1 0 0 1
+5 +3 1
+4 +1 1
+4 +1 1
+4 +1 1
+4 +1 1
+6 +1 1 0 0 0 0 0 0 0 0 1 1
+22 +15 1 0 0 1 0 0 1
+4 +1 1 1
+4 +1 1 1 0 0 1 0 0 1
+4 +1 1
+4 +1 1
+5 +2 1
+4 +1 1
+4 +1 1
+5 +1 1
+2 +1 1
+3 +1 1
+3 +1 1 0 0 0 0 0 0 0 0 1 1
+6 +1 1 1
+4 +3 1
+4 +1 1
+7 +1 1 0 0 1 0 0 1
+6 +6 1
+4 +1 1
+7 +1 1
+7 * 1
+9 +4 1
+4 +1 1 0 0 0 0 0 0 0 0 1
+6 +3 1 1 0 0 1
+5 +1 1 1
+5 +1 1
+4 +2 1
+5 +1 1 0 0 1 0 0 1
+5 +1 1
+4 +4 1
+4 +1 1
+4 +1 1
+4 +1 1
+4 +1 1
+6 +1 1 0 0 0 0 0 0 0 0 1
0x27280 +75 3 0 0 2 0 0 1
+4 +1 3 3
+4 +1 3 3 0 0 1
+4 +1 3
+4 +1 3
+5 +2 3
+4 +1 3
+4 +1 3
+5 +1 3
+2 +1 3
+3 +1 3
+3 +1 3 0 0 0 0 0 0 0 0 3
+6 +1 3 3
+4 +3 3
+4 +1 3
+7 +1 3 0 0 2 0 0 1
+6 +6 3
+4 +1 3
+7 +1 3
+7 * 3
+9 +4 3
+4 +1 3 0 0 0 0 0 0 0 0 3
+6 +3 3 3
+5 +1 3 3 0 0 1 0 0 1
+5 +1 3
+4 +2 3
+5 +1 3 0 0 2 0 0 1
+5 +1 3
+4 +4 3
+4 +1 3
+4 +1 3
+4 +1 3
+4 +1 3
+6 +1 3 0 0 0 0 0 0 0 0 3 1
0x273c0 +69 9 0 0 3 0 0 1
+4 +1 9 9 0 0 4 0 0 2
+4 +1 9 9 0 0 2 0 0 2
+4 +1 9
+4 +1 9
+5 +2 9
+4 +1 9
+4 +1 9
+5 +1 9
+2 +1 9
+3 +1 9
+3 +1 9 0 0 0 0 0 0 0 0 9 2
+6 +1 9 9
+4 +4 9
+4 +1 9
+7 +1 9 0 0 3 0 0 1
+6 +6 9
+4 +1 9
+7 +1 9
+7 * 9
+9 +4 9
+4 +1 9 0 0 0 0 0 0 0 0 9 1
-4 -1 4
+4 +1 4 0 0 0 0 0 0 0 0 4
+6 +3 13 13 0 0 2 0 0 2
+5 +1 13 13 0 0 2 0 0 2
+5 +1 13
+4 +2 13
+5 +1 13 0 0 3 0 0 1
+5 +1 13
+4 +4 13
+4 +1 13
+4 +1 13
+4 +1 13
+4 +1 13
+6 +1 13 0 0 0 0 0 0 0 0 13 6
+6 +7 5
+4 +1 5
+4 +2 5
+4 +1 5 0 0 0 0 0 0 0 0 5
+2 +2 5 5
+5 +1 5 5 0 0 1 0 0 1
+5 +1 5
+4 +2 5 0 0 2 0 0 1
+5 +1 5
+5 +1 5
+4 +4 5
+4 +1 5
+4 +1 5
+4 +1 5
+4 +1 5
+6 +1 5 0 0 0 0 0 0 0 0 5 3
+6 +7 4
+4 +1 4
+4 +1 4
+16 +4 1 0 0 1 0 0 1
+4 +1 1
+4 +1 1
+6 +1 1 0 0 0 0 0 0 0 0 1
+2 +7 1
+4 +1 1
+7 +1 1
+37 +16 10 0 0 1 0 0 1
+4 +1 10 10 0 0 4
+4 +1 10 10 0 0 1
+4 +1 10
+4 +1 10
+5 +2 10
+4 +1 10
+4 +1 10
+5 +1 10
+2 +1 10
+3 +1 10
+3 +1 10 0 0 0 0 0 0 0 0 10
+6 +1 10 10
+4 +4 10
+4 +1 10
+7 +1 10 0 0 1 0 0 1
+6 +6 10
+4 +1 10
+7 +1 10
+7 * 10
+9 +4 10
+4 +1 10 0 0 0 0 0 0 0 0 10
+6 +3 10 10 0 0 3
+5 +1 10 10
+5 +1 10
+4 +2 10
+5 +1 10 0 0 1 0 0 1
+5 +1 10
+4 +4 10
+4 +1 10
+4 +1 10
+4 +1 10
+4 +1 10
+6 +1 10 0 0 0 0 0 0 0 0 10
0x27640 +69 18 0 0 2 0 0 1
+4 +1 18 18 0 0 5 0 0 3
+4 +1 18 18 0 0 3 0 0 3
+4 +1 18
+4 +1 18
+5 +2 18
+4 +1 18
+4 +1 18
+5 +1 18
+2 +1 18
+3 +1 18
+3 +1 18 0 0 0 0 0 0 0 0 18 10
+6 +1 11 11
+4 +4 11
+4 +1 11
+7 +1 11 0 0 1 0 0 1
+6 +6 11
+4 +1 11
+7 +1 11
+7 * 11
+9 +4 11
+4 +1 11 0 0 0 0 0 0 0 0 11
+6 +3 11 11 0 0 2 0 0 2
+5 +1 11 11 0 0 2 0 0 2
+5 +1 11
+4 +2 11
+5 +1 11 0 0 1 0 0 1
+5 +1 11
+4 +4 11
+4 +1 11
+4 +1 11
+4 +1 11
+4 +1 11
+6 +1 11 0 0 0 0 0 0 0 0 11 3
+6 +7 2
+4 +1 2
+4 +2 2
+4 +1 2 0 0 0 0 0 0 0 0 2
+2 +2 2 2
+5 +1 2 2
+5 +1 2
+4 +2 2 0 0 1 0 0 1
+5 +1 2
+5 +1 2
+4 +4 2
+4 +1 2
+4 +1 2
+4 +1 2
+4 +1 2
+6 +1 2 0 0 0 0 0 0 0 0 2 1
+94 +41 22 0 0 1 0 0 1
+4 +1 22 22 0 0 3 0 0 3
+4 +1 22 22 0 0 2 0 0 2
+4 +1 22
+4 +1 22
+5 +2 22
+4 +1 22
+4 +1 22
+5 +1 22
+2 +1 22
+3 +1 22
+3 +1 22 0 0 0 0 0 0 0 0 22 2
+6 +1 17 17
+4 +4 17
+4 +1 17
+7 +1 17 0 0 1 0 0 1
+6 +6 17
+4 +1 17
+7 +1 17
+7 * 17
+9 +4 17
+4 +1 17 0 0 0 0 0 0 0 0 17
-4 -1 3
+4 +1 3 0 0 0 0 0 0 0 0 3
+6 +3 20 20 0 0 2 0 0 1
+5 +1 20 20 0 0 6 0 0 4
+5 +1 20
+4 +2 20
+5 +1 20 0 0 1 0 0 1
+5 +1 20
+4 +4 20
+4 +1 20
+4 +1 20
+4 +1 20
+4 +1 20
+6 +1 20 0 0 0 0 0 0 0 0 20 4
+6 +7 5
+4 +1 5
+4 +2 5
+4 +1 5 0 0 0 0 0 0 0 0 5
+2 +2 5 5
+5 +1 5 5
+5 +1 5
+4 +2 5 0 0 1 0 0 1
+5 +1 5
+5 +1 5
+4 +4 5
+4 +1 5
+4 +1 5
+4 +1 5
+4 +1 5
+6 +1 5 0 0 0 0 0 0 0 0 5 3
+6 +7 3
+4 +1 3
+4 +1 3
+80 +32 14 0 0 2 0 0 1
+4 +1 14 14 0 0 4 0 0 1
+4 +1 14 14 0 0 2 0 0 1
+4 +1 14
+4 +1 14
+5 +2 14
+4 +1 14
+4 +1 14
+5 +1 14
+2 +1 14
+3 +1 14
+3 +1 14 0 0 0 0 0 0 0 0 14 9
+6 +1 12 12
+4 +4 12
+4 +1 12
+7 +1 12 0 0 2 0 0 1
+6 +6 12
+4 +1 12
+7 +1 12
+7 * 12
+9 +4 12
+4 +1 12 0 0 0 0 0 0 0 0 12
+6 +3 12 12 0 0 2 0 0 1
+5 +1 12 12 0 0 5 0 0 4
+5 +1 12
+4 +2 12
+5 +1 12 0 0 2 0 0 1
+5 +1 12
+4 +4 12
+4 +1 12
+4 +1 12
+4 +1 12
+4 +1 12
+6 +1 12 0 0 0 0 0 0 0 0 12 2
+6 +7 1
+4 +1 1
+4 +2 1
+4 +1 1 0 0 0 0 0 0 0 0 1
+2 +2 1 1
+5 +1 1 1 0 0 1 0 0 1
+5 +1 1
+4 +2 1 0 0 1 0 0 1
+5 +1 1
+5 +1 1
+4 +4 1
+4 +1 1
+4 +1 1
+4 +1 1
+4 +1 1
+6 +1 1 0 0 0 0 0 0 0 0 1
+94 +41 19 0 0 2 0 0 1
+4 +1 19 19 0 0 4 0 0 3
+4 +1 19 19 0 0 4 0 0 2
+4 +1 19
+4 +1 19
+5 +2 19
+4 +1 19
+4 +1 19
+5 +1 19
+2 +1 19
+3 +1 19
+3 +1 19 0 0 0 0 0 0 0 0 19 5
+6 +1 11 11
+4 +4 11
+4 +1 11
+7 +1 11 0 0 2 0 0 1
+6 +6 11
+4 +1 11
+7 +1 11
+7 * 11
+9 +4 11
+4 +1 11 0 0 0 0 0 0 0 0 11
+6 +3 11 11
+5 +1 11 11 0 0 6 0 0 5
+5 +1 11
+4 +2 11
+5 +1 11 0 0 2 0 0 1
+5 +1 11
+4 +4 11
+4 +1 11
+4 +1 11
+4 +1 11
+4 +1 11
+6 +1 11 0 0 0 0 0 0 0 0 11 3
+6 +7 2
+4 +1 2
+4 +2 2
+4 +1 2 0 0 0 0 0 0 0 0 2
+2 +2 2 2
+5 +1 2 2
+5 +1 2
+4 +2 2 0 0 1 0 0 1
+5 +1 2
+5 +1 2
+4 +4 2
+4 +1 2
+4 +1 2
+4 +1 2
+4 +1 2
+6 +1 2 0 0 0 0 0 0 0 0 2 2
+94 +41 27 0 0 2 0 0 1
+4 +1 27 27 0 0 3 0 0 2
+4 +1 27 27 0 0 5 0 0 1
+4 +1 27
+4 +1 27
+5 +2 27
+4 +1 27
+4 +1 27
+5 +1 27
+2 +1 27
+3 +1 27
+3 +1 27 0 0 0 0 0 0 0 0 27 15
+6 +1 18 18
+4 +4 18
+4 +1 18
+7 +1 18 0 0 2 0 0 1
+6 +6 18
+4 +1 18
+7 +1 18
+7 * 18
+9 +4 18
+4 +1 18 0 0 0 0 0 0 0 0 18
-4 -1 1
+4 +1 1 0 0 0 0 0 0 0 0 1
+6 +3 19 19
+5 +1 19 19 0 0 6 0 0 4
+5 +1 19
+4 +2 19
+5 +1 19 0 0 2 0 0 1
+5 +1 19
+4 +4 19
+4 +1 19
+4 +1 19
+4 +1 19
+4 +1 19
+6 +1 19 0 0 0 0 0 0 0 0 19 6
+6 +7 3
+4 +1 3
+4 +2 3
+4 +1 3 0 0 0 0 0 0 0 0 3
+2 +2 3 3
+5 +1 3 3 0 0 1 0 0 1
+5 +1 3
+4 +2 3 0 0 2 0 0 1
+5 +1 3
+5 +1 3
+4 +4 3
+4 +1 3
+4 +1 3
+4 +1 3
+4 +1 3
+6 +1 3 0 0 0 0 0 0 0 0 3 1
+6 +7 1
+4 +1 1
+4 +1 1
+80 +32 43 0 0 2 0 0 1
+4 +1 43 43 0 0 6 0 0 5
+4 +1 43 43 0 0 7 0 0 3
+4 +1 43
+4 +1 43
+5 +2 43
+4 +1 43
+4 +1 43
+5 +1 43
+2 +1 43
+3 +1 43
+3 +1 43 0 0 0 0 0 0 0 0 43 14
+6 +1 14 14
+4 +4 14
+4 +1 14
+7 +1 14 0 0 1 0 0 1
+6 +6 14
+4 +1 14
+7 +1 14
+7 * 14
+9 +4 14
+4 +1 14 0 0 0 0 0 0 0 0 14
+6 +3 14 14 0 0 1
+5 +1 14 14 0 0 6 0 0 3
+5 +1 14
+4 +2 14
+5 +1 14 0 0 1 0 0 1
+5 +1 14
+4 +4 14
+4 +1 14
+4 +1 14
+4 +1 14
+4 +1 14
+6 +1 14 0 0 0 0 0 0 0 0 14 3
+6 +7 2
+4 +1 2
+4 +2 2
+4 +1 2 0 0 0 0 0 0 0 0 2
+2 +2 2 2
+5 +1 2 2 0 0 1 0 0 1
+5 +1 2
+4 +2 2 0 0 1 0 0 1
+5 +1 2
+5 +1 2
+4 +4 2
+4 +1 2
+4 +1 2
+4 +1 2
+4 +1 2
+6 +1 2 0 0 0 0 0 0 0 0 2 2
+94 +41 14 0 0 3 0 0 1
+4 +1 14 14 0 0 4 0 0 2
+4 +1 14 14 0 0 4 0 0 3
+4 +1 14
+4 +1 14
+5 +2 14
+4 +1 14
+4 +1 14
+5 +1 14
+2 +1 14
+3 +1 14
+3 +1 14 0 0 0 0 0 0 0 0 14 7
+6 +1 9 9
+4 +4 9
+4 +1 9
+7 +1 9 0 0 2 0 0 1
+6 +6 9
+4 +1 9
+7 +1 9
+7 * 9
+9 +4 9
+4 +1 9 0 0 0 0 0 0 0 0 9
+6 +3 9 9 0 0 3 0 0 3
+5 +1 9 9 0 0 3
+5 +1 9
+4 +2 9
+5 +1 9 0 0 2 0 0 1
+5 +1 9
+4 +4 9
+4 +1 9
+4 +1 9
+4 +1 9
+4 +1 9
+6 +1 9 0 0 0 0 0 0 0 0 9 3
0x27f00 +69 57 0 0 3 0 0 1
+4 +1 57 57 0 0 6 0 0 3
+4 +1 57 57 0 0 2
+4 +1 57
+4 +1 57
+5 +2 57
+4 +1 57
+4 +1 57
+5 +1 57
+2 +1 57
+3 +1 57
+3 +1 57 0 0 0 0 0 0 0 0 57 13
+6 +1 40 40
+4 +4 40
+4 +1 40
+7 +1 40 0 0 3 0 0 1
+6 +6 40
+4 +1 40
+7 +1 40
+7 * 40
+9 +4 40
+4 +1 40 0 0 0 0 0 0 0 0 40
-4 -1 3
+4 +1 3 0 0 0 0 0 0 0 0 3
+6 +3 43 43 0 0 4 0 0 2
+5 +1 43 43 0 0 4 0 0 3
+5 +1 43
+4 +2 43
+5 +1 43 0 0 3 0 0 1
+5 +1 43
+4 +4 43
+4 +1 43
+4 +1 43
+4 +1 43
+4 +1 43
+6 +1 43 0 0 0 0 0 0 0 0 43 9
+6 +7 5
+4 +1 5
+4 +2 5
+4 +1 5 0 0 0 0 0 0 0 0 5
+2 +2 5 5
+5 +1 5 5 0 0 1 0 0 1
+5 +1 5
+4 +2 5 0 0 2 0 0 1
+5 +1 5
+5 +1 5
+4 +4 5
+4 +1 5
+4 +1 5
+4 +1 5
+4 +1 5
+6 +1 5 0 0 0 0 0 0 0 0 5 3
+6 +7 3
+4 +1 3
+4 +1 3
+80 +32 161 0 0 4 0 0 1
+4 +1 161 161 0 0 7 0 0 5
+4 +1 161 161 0 0 9 0 0 2
+4 +1 161
+4 +1 161
+5 +2 161
+4 +1 161
+4 +1 161
+5 +1 161
+2 +1 161
+3 +1 161
+3 +1 161 0 0 0 0 0 0 0 0 161 141
+6 +1 140 140
+4 +4 140
+4 +1 140
+7 +1 140 0 0 5 0 0 1
+6 +6 140
+4 +1 140
+7 +1 140
+7 * 140
+9 +4 140
+4 +1 140 0 0 0 0 0 0 0 0 140
-4 -1 5
+4 +1 5 0 0 0 0 0 0 0 0 5
+6 +3 145 145 0 0 6 0 0 1
+5 +1 145 145 0 0 7 0 0 4
+5 +1 145
+4 +2 145
+5 +1 145 0 0 5 0 0 1
+5 +1 145
+4 +4 145
+4 +1 145
+4 +1 145
+4 +1 145
+4 +1 145
+6 +1 145 0 0 0 0 0 0 0 0 145 11
+6 +7 8
+4 +1 8
+4 +2 8
+4 +1 8 0 0 0 0 0 0 0 0 8 1
+2 +2 8 8 0 0 1
+5 +1 8 8
+5 +1 8
+4 +2 8 0 0 4 0 0 1
+5 +1 8
+5 +1 8
+4 +4 8
+4 +1 8
+4 +1 8
+4 +1 8
+4 +1 8
+6 +1 8 0 0 0 0 0 0 0 0 8 5
+6 +7 5
+4 +1 5
+4 +1 5
+80 +32 51 0 0 2 0 0 1
+4 +1 51 51 0 0 9 0 0 4
+4 +1 51 51 0 0 3 0 0 3
+4 +1 51
+4 +1 51
+5 +2 51
+4 +1 51
+4 +1 51
+5 +1 51
+2 +1 51
+3 +1 51
+3 +1 51 0 0 0 0 0 0 0 0 51 16
+6 +1 17 17
+4 +4 17
+4 +1 17
+7 +1 17 0 0 4 0 0 1
+6 +6 17
+4 +1 17
+7 +1 17
+7 * 17
+9 +4 17
+4 +1 17 0 0 0 0 0 0 0 0 17
-4 -1 2
+4 +1 2 0 0 0 0 0 0 0 0 2
+6 +3 19 19 0 0 7 0 0 5
+5 +1 19 19 0 0 5 0 0 4
+5 +1 19
+4 +2 19
+5 +1 19 0 0 4 0 0 1
+5 +1 19
+4 +4 19
+4 +1 19
+4 +1 19
+4 +1 19
+4 +1 19
+6 +1 19 0 0 0 0 0 0 0 0 19 7
+6 +7 5
+4 +1 5
+4 +2 5
+4 +1 5 0 0 0 0 0 0 0 0 5
+2 +2 5 5
+5 +1 5 5
+5 +1 5
+4 +2 5 0 0 2 0 0 1
+5 +1 5
+5 +1 5
+4 +4 5
+4 +1 5
+4 +1 5
+4 +1 5
+4 +1 5
+6 +1 5 0 0 0 0 0 0 0 0 5 2
+6 +7 2
+4 +1 2
+4 +1 2
+80 +32 58 0 0 2 0 0 1
+4 +1 58 58 0 0 13 0 0 6
+4 +1 58 58 0 0 13 0 0 5
+4 +1 58
+4 +1 58
+5 +2 58
+4 +1 58
+4 +1 58
+5 +1 58
+2 +1 58
+3 +1 58
+3 +1 58 0 0 0 0 0 0 0 0 58 18
+6 +2 22 22
+4 +4 22
+4 +1 22
+7 +1 22 0 0 3 0 0 1
+6 +6 22
+4 +1 22
+7 +2 22
+7 * 22
+9 +4 22
+4 +1 22 0 0 0 0 0 0 0 0 22
-4 -1 1
+4 +1 1 0 0 0 0 0 0 0 0 1
+6 +3 23 23 0 0 4 0 0 2
+5 +1 23 23 0 0 5 0 0 3
+5 +1 23
+4 +2 23
+5 +1 23 0 0 2 0 0 1
+5 +1 23
+4 +4 23
+4 +1 23
+4 +1 23
+4 +1 23
+4 +1 23
+6 +1 23 0 0 0 0 0 0 0 0 23 6
+6 +7 4
+4 +1 4
+4 +2 4
+4 +1 4 0 0 0 0 0 0 0 0 4
+2 +2 4 4
+5 +1 4 4
+5 +1 4
+4 +2 4 0 0 1 0 0 1
+5 +1 4
+5 +1 4
+4 +4 4
+4 +1 4
+4 +1 4
+4 +1 4
+4 +1 4
+6 +1 4 0 0 0 0 0 0 0 0 4 3
+2 +7 1
+4 +1 1
+4 +1 1
+84 +34 457
+5 +2 457
+4 +1 457
+4 +1 457
+3 +1 457 0 0 0 0 0 0 0 0 457 33
-11 -3 1371
+4 +1 1371
+4 +1 1371
+3 +1 1371 0 0 0 0 0 0 0 0 1371 30
+2 +1 335
+3 * 335
+11 +5 335
+4 +6 335 335
+4 +1 335 335
+4 +8 335
+2 +1 335 335
-14 -16 3220 0 0 2 0 0 1
+4 +6 3220 3220
+4 +1 3220 3220
+4 +8 3220
+2 +1 3220 3220

fn=(264)
0x28800 98 1 0 0 1 0 0 1
+4 +27 1
+3 +1 1 0 0 0 0 0 0 0 0 1
+6 +1 1
+4 +1 1 0 0 0 0 0 0 0 0 1
+6 +1 1
+3 +2 1
+2 +1 1
+2 +2 1
+4 +1 1
+4 +21 1
+3 +1 1 0 0 0 0 0 0 0 0 1

ob=(2)
fl=(233) /usr/src/debug/glibc/glibc/locale/uselocale.c
fn=(796) uselocale
0x361c0 30 65282 0 0 2 0 0 1
+4 +1 65282 65282 0 0 1
+7 * 65282
+7 * 65282 65282
+4 +2 65282
+3 * 65282 0 0 0 0 0 0 0 0 65282
+2 +3 65282
+4 -1 65282
+4 +2 65282 0 65282
+4 +28 65282 65282 0 0 1
+7 * 65282 65282 0 0 3
+4 * 65282 0 65282
+4 +1 65282 65282
+7 * 65282 65282 0 2 0 0 1
+4 * 65282 0 65282
+4 +1 65282 65282
+7 * 65282 65282
+4 * 65282 0 65282
+4 +3 65282
+3 * 65282
+7 * 65282
+4 +1 65282 65282

fl=(240)
fn=(814)
0x174d40 52 98247 0 0 1 0 0 1
+4 +13 98247
+2 +1 98247
+3 +1 98247
+4 +3 98247
+5 +2 98247
+5 +1 98247 0 0 0 0 0 0 0 0 98247 7
+6 +3 98247 98247 0 0 13 0 0 7
+4 +1 98247
+4 +8 98247
+2 +1 98247 0 0 0 0 0 0 0 0 98247
+2 +1 98247
+4 +5 98247
+3 * 98247 98247

fl=(127)
fn=(426)
0xaf4b0 29 1 0 0 1 0 0 1
fi=(395)
+4 +7 1 1
+7 * 1 0 0 1 0 0 1
+7 * 1 1
+7 * 1
+7 * 1
fe=(127)
+4 -7 1 1

fl=(299)
fn=(1130)
0x10f750 30 2 0 0 2 0 0 1
+4 * 2 0 2
+1 * 2
+3 * 2
+3 * 2
+4 * 2 0 2
+4 * 2 2
+9 * 2 0 2 0 0 1
+4 * 2
+2 +3 2
+4 * 2 0 0 0 0 0 0 0 0 2 1
+2 * 1
+2 * 1
+2 * 1
+2 * 1 0 0 1 0 0 1
+6 * 1 0 0 0 0 0 0 0 0 1 1
+2 +8 2 0 0 1
+4 * 2
+3 * 2
+3 * 2
+3 * 2 0 2
+5 * 2
+3 * 2
+7 * 2 0 2
cfi=(300)
cfn=(1132)
calls=2 0x94af0 +33 
* * 50 22 8 5 0 0 4 0 0 4 1
+5 +2 2 2
+4 * 2 2
+9 * 2 0 0 0 0 0 0 0 0 2
+2 * 2 2
+1 * 2 2
+9 -7 1 0 0 1 0 0 1
+4 * 1 0 1
+7 +5 1 1
+4 -5 1 0 1
+4 * 1
+4 * 1 0 1
+4 +2 1

fl=(376) /usr/src/debug/glibc/glibc/io/../sysdeps/unix/sysv/linux/write.c
fn=(1906) write
0x110b40 25 32640 0 0 1
+4 * 32640 0 32640
+1 +1 32640
+3 * 32640
+3 * 32640
+3 * 32640
+2 -1 32640
+3 +1 32640
+4 * 32640 0 32640
+2 * 32640 0 32640
cfi=(300)
cfn=(1132)
calls=32640 0x94af0 +48 
* * 816000 359040 130560 0 0 0 0 0 0 65280 2
+5 +1 32640 32640
+1 * 32640 32640

fl=(128)
fn=(428)
0xc4e00 60 1 0 0 1 0 0 1
+4 -18 1 1
+7 * 1 1
+6 +1 1
+2 * 1
+2 * 1
+6 * 1 0 0 0 0 0 0 0 0 1
+37 +1 1 1 0 1 0 0 1
+6 * 1
+3 * 1 0 0 0 0 0 0 0 0 1
+2 +3 1
+2 * 1
+5 * 1 0 0 0 0 0 0 0 0 1
+2 +3 1
+7 * 1
+3 * 1 0 0 0 0 0 0 0 0 1
+2 +10 1 1

fl=(188) /usr/src/debug/glibc/glibc/elf/libc_early_init.c
fn=(636) __libc_early_init
0x16e4f0 34 1 0 0 1 0 0 1
+4 * 1 0 1
+1 * 1
+3 * 1 0 1
+1 * 1
+2 * 1
+4 * 1 1 0 1 0 0 1
+9 * 1 0 1
+4 * 1
+2 +2 1 0 1
cfi=(189) /usr/src/debug/glibc/glibc/ctype/ctype-info.c
cfn=(638) __ctype_init
calls=1 0x369e0 +1 
* * 17 10 3 2 6 0 2
+5 +3 1 1 0 0 1
fi=(191) /usr/src/debug/glibc/glibc/elf/../sysdeps/nptl/pthread_early_init.h
+7 -6 1
+4 * 1
fe=(188)
+5 +9 1 0 1 0 0 1 0 0 1
+6 -3 1 0 1 0 0 1 0 0 1
+2 +3 1 0 1
fi=(191)
+6 -9 1 0 1
cfi=(190)
cfn=(640)
calls=1 0x1118a0 +5 
* * 10 1 0 1 0 0 1 0 0 1
+5 * 1
+2 * 1 0 0 0 0 0 0 0 0 1
+6 +1 1 1 0 1 0 0 1
+4 +4 1
+5 * 1
+3 * 1
+4 -4 1
+4 * 1 0 0 0 0 0 0 0 0 1
+6 +11 1 1
fi=(403) /usr/src/debug/glibc/glibc/elf/../nptl/nptl-stack.h
+7 +16 1
+2 * 1 1
fi=(191)
+8 -16 1 1
fi=(403)
+4 +16 1
+4 * 1
fi=(191)
+3 -7 1 0 1 0 0 1 0 0 1
fi=(403)
+7 +7 1
+5 * 1 0 0 1 0 0 1
+5 * 1
+4 * 1
+5 * 1
+4 * 1
+3 * 1
+3 * 1
fi=(191)
+3 -9 1
+3 -6 1
+8 +2 1
+3 * 1
+4 +4 1
+3 * 1
+5 * 1
+3 * 1 0 1
+4 +1 1 0 1 1 0 1 1 0 1
+7 +3 1 0 1
cfi=(192)
cfn=(644)
calls=1 0x9aee0 -1 
* * 76 20 8 5 7 0 3 6 0 10 5 3 3
fe=(188)
+5 -9 1
+3 * 1 0 1
cfi=(193) /usr/src/debug/glibc/glibc/stdlib/../sysdeps/unix/sysv/linux/getrandom.c
cfn=(646) __getrandom_early_init
calls=1 0x425b0 238 
* * 18 7 2 3 1 0 3 0 0 3 2
+5 +3 1 1
+4 * 1 1
+9 * 1 0 0 0 0 0 0 0 0 1
+2 +1 1 1
+4 * 1 1
+1 -1 1
cfi=(194)
cfn=(648) __ptmalloc_init
calls=1 0xa86d0 251 
* * 932 66 282 12 24 33 12 16 32 166 21 11 11

fl=(333) /usr/src/debug/glibc/glibc/stdlib/../include/rounding-mode.h
fn=(1386) round_away
0x49c40 46 65510 0 0 1 0 0 1
+7 * 65510 0 0 0 0 0 0 0 0 65510
+2 * 65510
+2 * 65510
+7 * 65510 0 0 0 0 0 0 0 0 65510
+2 +3 65510
+2 * 65510
+2 * 65510
+2 * 65510
+2 * 65510
+2 * 65510
+7 * 65510
+3 * 65510 65510

fl=(335) /usr/src/debug/glibc/glibc/stdlib/../sysdeps/ieee754/dbl-64/mpn2dbl.c
fn=(1390) __mpn_construct_double
0x56ae0 29 65510 0 0 1 0 0 1
+4 +10 65510 65510
+3 -6 65510
+5 +7 65510
+3 * 65510
+6 * 65510
+3 * 65510
+3 * 65510
+2 * 65510 0 0 1 0 0 1
+4 * 65510
+6 * 65510
+2 * 65510
+2 * 65510
+4 +6 65510
+3 +1 65510
+5 * 65510 65510

fl=(331) /usr/src/debug/glibc/glibc/stdlib/../sysdeps/x86_64/lshift.S
fn=(1380) __mpn_lshift
0x55500 28 163623 0 0 10 0 0 1
+4 +1 163623
+5 +1 163623
+5 +2 163623
+2 +1 163623
+3 +1 163623 0 0 0 0 0 0 0 0 163623 7
+32 +12 163623
+3 +1 163623 0 0 0 0 0 0 0 0 163623 1
+2 +1 163623 163623
+3 +1 163623
+2 +1 163623 0 0 2 0 0 1
+4 +1 163623
+4 +1 163623 0 0 0 0 0 0 0 0 163623 8
+20 +6 163623
+3 +1 163623 0 163623
+3 +1 163623 163623

fl=(263) /usr/src/debug/glibc/glibc/stdlib/secure-getenv.c
fn=(926) secure_getenv
0x44750 28 1 0 0 1 0 0 1
+4 +1 1 1
+7 * 1 1
+2 * 1
+2 * 1 0 0 0 0 0 0 0 0 1
+2 * 1
cfi=(264)
cfn=(928)
calls=1 0x41fc0 -4 
* * 477 190 8 7 34 0 7 1 0 123 12 2 2

fl=(279) /usr/src/debug/glibc/glibc/setjmp/../sysdeps/x86_64/setjmp.S
fn=(1016) __sigsetjmp
0x3e410 31 1 0 0 1 0 0 1
+4 +2 1 0 1
+3 +9 1
+3 +1 1 1
+9 * 1
+4 +1 1 0 1
+4 +4 1 0 1
+4 +1 1 0 1
+4 +1 1 0 1
+4 +1 1 0 1
+4 +1 1
+5 +2 1 1 0 1 0 0 1
+9 * 1
+4 +2 1 0 1
+4 +1 1 1
+4 +1 1
+1 +2 1 1
+9 * 1
+4 +2 1 0 1
+4 +5 1 1 0 0 1
+12 +1 1 0 0 0 0 0 0 0 0 1 1
+11 +17 1 0 0 1 0 0 1
cfi=(280) /usr/src/debug/glibc/glibc/setjmp/sigjmp.c
cfn=(1018) __sigjmp_save
calls=1 +18 -57 
* * 6 1 1 0 0 0 0 0 0 1

fl=(368) /usr/src/debug/glibc/glibc/nptl/alloca_cutoff.c
fn=(1836) __libc_alloca_cutoff
0x949c0 27 32640 0 0 1 0 0 1
+4 +1 32640 32640 0 0 1
+9 * 32640
+4 * 32640
+4 * 32640
+7 * 32640
+5 * 32640
+4 * 32640
+3 * 32640
+3 * 32640
+3 +7 32640 32640

fl=(107)
fn=(374)
0xc5020 29 2 0 0 1 0 0 1
fi=(108) /usr/src/debug/glibc/glibc/wcsmbs/../sysdeps/x86_64/multiarch/ifunc-wcslen.h
+4 +11 2 2
+7 +1 2 2
+6 * 2
+2 * 2
+5 * 2 0 0 0 0 0 0 0 0 2 1
+32 +1 2 2 0 1 0 0 1
+6 * 2
+6 * 2 0 0 0 0 0 0 0 0 2
+2 +4 2 2
+6 * 2
+2 * 2
+5 * 2 0 0 0 0 0 0 0 0 2
+2 +3 2
+7 * 2 2 0 2 0 0 1
+7 * 2 0 0 0 0 0 0 0 0 2
+2 +3 2
+6 * 2
+7 * 2 0 0 0 0 0 0 0 0 2
fe=(107)
+2 -23 2 2

fl=(193)
fn=(646)
0x425b0 238 1 0 0 1 0 0 1
+4 * 1 0 1
+1 * 1
+3 * 1
+4 * 1 1 0 1 0 0 1
+9 * 1 0 1
+4 * 1
+2 +3 1
+3 * 1 0 0 0 0 0 0 0 0 1 1
+2 * 1 1
+7 * 1 1 0 0 1
+7 * 1
+3 * 1 0 0 0 0 0 0 0 0 1 1
+26 +37 1 1
+4 * 1 1 0 1 0 0 1
+9 * 1 0 0 0 0 0 0 0 0 1
+2 * 1 1
+1 * 1 1

fl=(114)
fn=(390)
0xad310 29 4 0 0 1 0 0 1
fi=(115) /usr/src/debug/glibc/glibc/string/../sysdeps/x86_64/multiarch/ifunc-memset.h
+4 +32 4 4 0 0 1
+7 * 4
+7 * 4 4 0 0 1
+6 * 4
+3 * 4 0 0 0 0 0 0 0 0 4
+2 +3 4 4 0 0 1
+6 * 4
+6 * 4 0 0 0 0 0 0 0 0 4
+2 +16 4
+3 * 4 0 0 0 0 0 0 0 0 4
+2 +4 4 0 0 1 0 0 1
+2 * 4
+2 * 4
+5 * 4 0 0 0 0 0 0 0 0 4
+6 +8 4
+3 * 4 0 0 0 0 0 0 0 0 4 2
fe=(114)
+75 -63 4 4 0 1 0 0 1
fi=(115)
+67 +71 4 0 0 1 0 0 1
+3 * 4 0 0 0 0 0 0 0 0 4
+2 -48 4
+7 +1 4
+3 * 4 0 0 0 0 0 0 0 0 4 2
fe=(114)

fl=(116)
fn=(394)
0xad290 29 1 0 0 1 0 0 1
fi=(111)
+4 +9 1 1
+7 * 1 1
+6 +2 1
+2 * 1
+2 * 1
+6 * 1 0 0 0 0 0 0 0 0 1 1
+13 +1 1 1
+7 * 1 0 0 1 0 0 1 0 0 1
+2 +1 1 1
+6 * 1
+3 * 1 0 0 0 0 0 0 0 0 1
+2 +4 1
+2 * 1
+2 * 1
+5 * 1 0 0 0 0 0 0 0 0 1
+2 +3 1
+7 * 1
+3 * 1 0 0 0 0 0 0 0 0 1
+2 +3 1
+3 * 1
+7 * 1
+7 * 1
+4 * 1 1
fe=(116)

fl=(348)
fn=(1598)
0x110b60 25 2 0 0 1 0 0 1
+4 +1 2
+5 * 2
+2 * 2
+6 * 2 0 0 0 0 0 0 0 0 2
+2 +1 2 2

fl=(377)
fn=(1934) __run_exit_handlers
0x40f10 45 1 0 0 1 0 0 1
+4 * 1 0 1
+1 * 1
+3 * 1 0 1
+2 * 1 0 1
+2 * 1
+3 * 1 0 1
+2 * 1
+3 * 1 0 1
+2 * 1 0 1
+1 * 1
+4 * 1 0 1
+3 +2 1 1
+9 * 1 1 0 0 1
+7 * 1 0 0 0 0 0 0 0 0 1
+2 * 1 0 0 1 0 0 1
+2 * 1
+5 * 1 0 1
+8 * 1 0 0 0 0 0 0 0 0 1
+6 * 1 0 1
+7 * 1 0 1
+7 +3 1
+2 * 1 0 0 0 0 0 0 0 0 1 1
+6 +3 1
+7 * 1
+2 * 1
+5 * 1 0 1 0 0 1
+4 * 1 0 0 1 0 0 1 0 0 1
+6 * 1
+2 * 1
+11 +11 1 1 0 0 1
+3 +2 1
+3 * 1 0 0 0 0 0 0 0 0 1
+6 +8 5 5
+4 * 5
+3 * 5 0 0 0 0 0 0 0 0 5 1
+6 +2 5
+4 +1 5 5
+7 -1 5 0 5
+4 +3 5
+4 * 5
+3 * 5 5 0 1 1 0 1
+4 * 5
+4 * 5 0 0 0 0 0 0 0 0 5
+6 * 5
+4 * 5 0 0 0 0 0 0 0 0 5 1
+6 * 4
+4 * 4 0 0 0 0 0 0 0 0 4 4
+61 +44 1 1 0 1 0 0 1
+7 * 1
+3 * 1 0 0 0 0 0 0 0 0 1
+6 -49 1 1
+4 * 1
+3 * 1 0 0 0 0 0 0 0 0 1 1
+6 +55 1 1
+3 * 1 0 1
+3 +1 1
+3 * 1 0 0 0 0 0 0 0 0 1 1
+34 +6 1 0 0 1 0 0 1
+2 -66 1 0 1
+7 +66 1 1 1 0 0 0 0 0 0 1
+2 * 1
+3 * 1 0 0 0 0 0 0 0 0 1
+6 +2 1 1
+4 * 1 0 0 0 0 0 0 0 0 1 1
+6 +3 1 0 0 1 0 0 1
+3 * 1 0 1
cfi=(394)
cfn=(2088)
calls=1 0xe6730 27 
* * 5 1 0 2 0 0 2
+79 -29 1 1 0 1 0 0 1
+4 +1 1 1 0 0 1
+4 -2 1 0 1
+8 +3 1
+3 +3 1
+2 -3 1
+4 * 1 1
+9 +3 1 1 1 0 0 0 0 0 0 1
+2 * 1
+3 * 1 0 0 0 0 0 0 0 0 1
+2 +1 1
+3 * 1
+3 * 1 0 1 1 0 0 1 0 0 0 0 1 1
cob=(1)
cfi=(379) /usr/src/debug/glibc/glibc/elf/dl-fini.c
cfn=(1938) _dl_fini
calls=1 0x5ea0 -92 
* * 3286 1077 527 112 113 12 75 4 2 564 150 77 45
+2 +1 1
+2 * 1
+5 * 1 0 1
+4 * 1 0 0 0 0 0 0 0 0 1
0x41172 -68 1 0 1 1 0 0 1
cfi=(378)
cfn=(1936)
calls=1 0x40d00 +97 
* * 13 6 3 2 1 0 2 0 0 1 1
+5 * 1
+5 +88 1 0 1 1 0 0 1
cfi=(295)
cfn=(2084) _IO_cleanup
calls=1 0x92aa0 882 
* * 390 138 74 23 5 0 23 1 0 81 22
+5 * 1

fn=(1932)
0x411c0 147 1 0 0 1 0 0 1
+4 * 1 0 1
+1 +1 1
+5 * 1
+5 * 1
+7 -1 1
+3 +1 1 0 1
cfn=(1934)
calls=1 0x40f10 45 
* * 3840 1249 630 150 123 13 113 5 2 679 183 78 46

fl=(280)
fn=(1018)
0x3e490 28 1
+4 +2 1
+2 * 1 0 0 0 0 0 0 0 0 1
+2 -1 1 0 1
+3 +5 1
+2 * 1 1

fl=(380) /usr/src/debug/glibc/glibc/nptl/pthread_mutex_lock.c
fn=(1940) pthread_mutex_lock@@GLIBC_2.2.5
0x9ba40 71 1 0 0 1 0 0 1
+4 +3 1 1
+3 +2 1
+1 +2 1
+2 * 1
+3 * 1 0 0 0 0 0 0 0 0 1
+2 -7 1 0 1
+1 * 1
+3 * 1
+4 +10 1 1
+8 +2 1
+3 * 1 0 0 0 0 0 0 0 0 1
+39 +75 1 0 1 1 0 0 1
+3 +2 1 0 1
+4 +3 1
+1 -59 1
+2 +62 1 1
+1 * 1 1
+44 -76 1 0 0 1 0 0 1
+3 * 1 0 0 0 0 0 0 0 0 1
+6 +5 1 1
+3 * 1 0 0 0 0 0 0 0 0 1 1
+52 -51 1 1 0 1 0 0 1
+3 +1 1
+6 * 1 0 0 0 0 0 0 0 0 1
+2 * 1 1
+7 * 1 0 0 0 0 0 0 0 0 1
+2 * 1 1
+3 * 1
+3 * 1 0 0 0 0 0 0 0 0 1
+2 +1 1 0 1
+6 * 1
+3 * 1
+11 +64 1 1
+3 * 1
+2 * 1 0 0 0 0 0 0 0 0 1
+6 +1 1 0 1 1 0 0 1
+7 * 1

fl=(189)
fn=(638)
0x369e0 37 1 0 0 1 0 0 1
+4 +2 1 1 0 0 1
+7 * 1 1 0 0 1
+7 * 1 1
+4 * 1 1 0 0 1
+3 * 1 1 0 0 1
+4 * 1 0 0 1 0 0 1
+7 * 1 0 1
+4 +2 1 1 0 0 1
+4 * 1 1 0 0 1
+7 * 1
+7 * 1 0 1
+4 +2 1 1
+4 -1 1 1
+7 +1 1
+6 -1 1 0 1
+4 +2 1 1

fl=(194)
fn=(648)
0xa86d0 251 1 0 0 1 0 0 1
+4 * 1 0 1
fi=(404) /usr/src/debug/glibc/glibc/malloc/../sysdeps/unix/sysv/linux/not-cancel.h
+1 96 1
+5 * 1
+5 * 1
fe=(194)
+7 251 1
+3 * 1 0 1
+1 * 1
fi=(404)
+4 96 1 1
+9 * 1 0 1
+4 * 1
+5 * 1 0 0 1 0 0 1
fi=(195)
+2 2960 1
+4 * 1 0 0 0 0 0 0 0 0 1 1
0xa8770 +14 1 0 0 1 0 0 1
+7 +2 1
+6 * 1 0 0 0 0 0 0 0 0 1
+2 -1 1 0 1 1 0 0 1
cfi=(196) ???
cfn=(652) __popcountdi2
calls=1 0x194d00 0 
* * 21 1 0 2 0 0 2
+6 +1 1
+3 * 1
+3 * 1 0 0 0 0 0 0 0 0 1
fe=(194)
+2 275 1 1
+7 * 1 0 0 0 0 0 0 0 0 1 1
+9 +13 1 1 0 0 1
+7 * 1
+7 * 1
+7 * 1 0 1
fi=(195)
+4 1853 1
+4 * 1
+6 +3 1 0 1 1 0 1 1 0 1
+4 * 1 0 1
+4 -3 1
+4 * 1
+3 * 1 0 0 0 0 0 0 0 0 1 1
-15 +3 126 0 126 0 0 32 0 0 31
+4 * 126 0 126
+4 -3 126
+4 * 126
+3 * 126 0 0 0 0 0 0 0 0 126 8
+2 +11 1
fe=(194)
+7 292 1
+4 * 1
fi=(195)
+5 1864 1 0 1
fe=(194)
+7 292 1
+7 * 1 1 1 0 0 0 0 0 0 0 0 1 1
cob=(1)
cfi=(12)
cfn=(30)
calls=1 0x14f60 435 
* * 17 4 1 0 2 0 0 1 0 3 2
+6 +1 1
+7 * 1
+4 * 1 0 0 1 0 0 1
+5 * 1 1 1 0 0 0 0 0 0 0 0 1 1
cob=(1)
cfi=(12)
cfn=(30)
calls=1 0x14f60 435 
* * 18 4 1 0 2 0 0 1 0 3 2
+6 +1 1
+7 * 1
+4 * 1
+5 * 1 1 1 0 0 0 0 0 0 0 0 1 1
cob=(1)
cfi=(12)
cfn=(30)
calls=1 0x14f60 435 
* * 17 4 1 0 1 0 0 0 0 3 1
+6 +1 1
+7 * 1
+4 * 1
+5 * 1 1 1 0 0 0 0 0 0 0 0 1 1
cob=(1)
cfi=(12)
cfn=(30)
calls=1 0x14f60 435 
* * 17 4 1 0 2 0 0 1 0 3 1
+6 +1 1
+7 * 1 0 0 1 0 0 1
+4 * 1
+5 * 1 1 1 0 0 0 0 0 0 0 0 1 1
cob=(1)
cfi=(12)
cfn=(30)
calls=1 0x14f60 435 
* * 18 4 1 0 2 0 0 1 0 3 2
+6 +1 1
+7 * 1
+4 * 1
+5 * 1 1 1 0 0 0 0 0 0 0 0 1 1
cob=(1)
cfi=(12)
cfn=(30)
calls=1 0x14f60 435 
* * 17 4 1 0 2 0 0 1 0 3 1
+6 +1 1
+7 * 1
+4 * 1
+5 * 1 1 1 0 0 0 0 0 0 0 0 1 1
cob=(1)
cfi=(12)
cfn=(30)
calls=1 0x14f60 435 
* * 17 4 1 0 2 0 0 1 0 3 1
+6 +2 1
+7 * 1 0 0 1 0 0 1
+4 * 1
+5 * 1 1 1 0 0 0 0 0 0 0 0 1 1
cob=(1)
cfi=(12)
cfn=(30)
calls=1 0x14f60 435 
* * 17 4 1 0 2 0 0 2 0 3
+6 +1 1
+7 * 1
+4 * 1
+5 * 1 1 1 0 0 0 0 0 0 0 0 1 1
cob=(1)
cfi=(12)
cfn=(30)
calls=1 0x14f60 435 
* * 17 4 1 0 2 0 0 2 0 3
+6 +1 1
+7 * 1
+4 * 1
+5 * 1 1 1 0 0 0 0 0 0 0 0 1 1
cob=(1)
cfi=(12)
cfn=(30)
calls=1 0x14f60 435 
* * 17 4 1 0 2 0 0 2 0 3
+6 +3 1
+7 * 1
+4 * 1
+5 * 1 1 1 0 0 0 0 0 0 0 0 1 1
cob=(1)
cfi=(12)
cfn=(30)
calls=1 0x14f60 435 
* * 17 4 1 0 2 0 0 2 0 3
+6 +2 1 1 0 0 1 0 0 1
+7 * 1
+4 * 1
+6 * 1 0 0 0 0 0 0 0 0 1
+2 +10 1 1
+4 * 1 1
+9 * 1 0 0 0 0 0 0 0 0 1
+2 * 1 1
+4 * 1 1
+1 * 1 1
fi=(195)
+1 2974 1 1 0 1 1 0 1 1
+7 * 1 0 0 1 0 0 1
fe=(194)

fl=(302)
fn=(1822)
0x1743a0 53 65280 0 0 1 0 0 1
+4 +2 65280
+4 +1 65280
+2 +1 65280
+5 +1 65280
+5 +1 65280
+4 +3 65280
+5 +1 65280 0 0 1 0 0 1 0 0 65280
+6 +4 65280 65280
+4 +1 65280
+4 +1 65280
+4 +1 65280
+4 +1 65280
+4 +1 65280
+2 +1 65280 0 0 0 0 0 0 0 0 65280
+2 +1 65280
+4 +13 65280
+3 +2 65280
+3 * 65280 65280

fn=(1140)
0x174160 53 2 0 0 2 0 0 1
+4 +2 2
+4 +1 2
+2 +1 2
+5 +1 2
+5 +1 2
+4 +3 2
+5 +1 2 0 0 2 0 0 1 0 0 2

ob=(1)
fl=(35)
fn=(264)
0x2882b 158 1
+3 +1 1 0 0 0 0 0 0 0 0 1 1
+82 +42 1 0 0 1 0 0 1
+4 +1 1
+4 +1 1
+5 +1 1
+3 +1 1
+3 +1 1
+3 +1 1
+2 +1 1 0 0 0 0 0 0 0 0 1
+2 +1 1 0 0 0 0 0 0 0 0 1
+2 +1 1
+3 +1 1
+1 +1 1
+3 +2 1
+4 +1 1
+3 +1 1
+7 +1 1 1 0 0 1 0 0 1
+4 +1 1
+4 +1 1 0 0 0 0 0 0 0 0 0 0 1 1
0x29e90 1970 1 0 0 1 0 0 1
+4 +1 1 1
+4 +1 1 1
+4 +1 1
+4 +1 1
+5 +2 1
+4 +1 1
+4 +1 1
+5 +1 1
+2 +1 1
+3 +1 1
+3 +1 1 0 0 0 0 0 0 0 0 1 1
0x2a015 2095 1 0 0 1 0 0 1
+4 +1 1
+4 +1 1
+3 +1 1 0 0 0 0 0 0 0 0 1 1
+2 +1 1
+3 * 1
+11 +5 1
+4 +3 1
+3 +1 1 0 0 0 0 0 0 0 0 1
+2 +2 1 1
+4 +1 1 1 0 1 0 0 1
+4 +8 1
+2 +1 1 1

fl=(286)
fn=(1040)
0x11fc0 46 23 0 0 1 0 0 1
+4 * 23 0 23
+1 +2 23
+2 -2 23
+3 * 23 0 23
+2 * 23 0 23
+2 * 23 0 23
+2 * 23 0 23
+2 +9 23
+3 -9 23 0 23
+1 * 23
fi=(405) /usr/src/debug/glibc/glibc/elf/../sysdeps/x86_64/dl-runtime.h
+3 -18 23
fe=(286)
+4 +18 23
+4 +2 23 23 0 0 4
+4 * 23 23 0 0 4
+3 * 23 23 0 0 4
+7 * 23 23 0 0 5
+4 * 23
+4 * 23
+4 * 23
+4 +1 23 23 0 1 0 0 1
+4 * 23 23
+4 +5 23 23 0 0 4
+7 +1 23 23 0 0 5
+4 * 23
+4 * 23
+3 +1 23 23 0 0 16
+4 +2 23 23 0 0 3
+4 -2 23
+3 * 23
+4 * 23
+4 * 23
+3 * 23
+4 * 23 0 23 0 0 4
+4 +7 23
+4 * 23 0 0 1 0 0 1 0 0 23 2
+6 +4 23 23 0 0 18 0 0 10
+4 * 23 0 0 0 0 0 0 0 0 23
+6 +4 23 23 0 0 4
+7 -22 23
+3 +20 23
+3 +2 23
+3 * 23 0 0 0 0 0 0 0 0 23 4
+2 +4 23
+3 * 23 23 0 0 5
+4 * 23 23 0 0 4
+3 +1 23
+6 * 23
+4 * 23 23
+7 * 23
+4 -7 23
+2 * 23 23 0 1 7 0 1
+4 * 23
+2 * 23
+4 +16 23 23
+8 -1 23
+5 +1 23
+2 * 23 0 0 0 0 0 0 0 0 23 18
+19 +10 23 23
+2 * 23 23 0 0 4
+7 * 23 0 23
+2 * 23
+6 * 23 0 23
+1 * 23
+4 * 23 0 0 1 0 0 1
+3 * 23
+3 * 23 0 23
cfi=(80)
cfn=(302)
calls=23 0xb780 767 
* * 18477 4415 1535 95 302 63 3 47 2 2614 208 39 31
+5 +4 23 23
+2 * 23 23
+2 * 23 23
+9 -4 23
+3 +4 23
+3 * 23 0 0 0 0 0 0 0 0 23 2
+6 +10 23 23
+4 * 23
+3 * 23 0 0 0 0 0 0 0 0 23
+6 * 23 23
+5 * 23 0 0 0 0 0 0 0 0 23
+6 * 23
+3 * 23 0 0 1 0 0 1 0 0 23
+6 * 23 23 0 0 1
+3 * 23 23
+4 * 23 0 23
+4 +15 23 23
+4 * 23
+3 * 23
+2 * 23 0 0 0 0 0 0 0 0 23 3
+6 +9 23 23 0 0 5
+7 * 23
+3 * 23 0 0 0 0 0 0 0 0 23 6
+30 +26 23 23 0 3 0 0 1
+6 * 23
+2 * 23 0 0 0 0 0 0 0 0 23
fi=(6)
+2 +64 23 0 23
fe=(286)
+4 -60 23
+4 * 23 23
+1 * 23 23
+2 * 23 23
+2 * 23 23
+2 * 23 23
+2 * 23 23
+1 * 23 23
0x121c8 -1 23 23 0 2 0 0 1
+4 * 23
0x12250 -39 2 0 2 1 0 0 1
fi=(406) /usr/src/debug/glibc/glibc/elf/../sysdeps/x86_64/dl-irel.h
+4 -91 2 0 2 0 0 0 0 0 0 0 0 2 2
cob=(2)
cfi=(103)
cfn=(358)
calls=1 0xac770 -3 
* * 22 4 0 4 0 0 0 0 0 6 3
cob=(2)
cfi=(135)
cfn=(450)
calls=1 0xaff50 -3 
* * 24 5 0 2 2 0 0 0 0 5 1
fe=(286)
+2 +93 2 2
+4 * 2 0 2
+4 * 2

fl=(45)
fn=(134)
0x26160 59 1 0 0 1 0 0 1
+4 +12 1
+4 +1 1 0 0 0 0 0 0 0 0 1
+6 +22 1
+3 +1 1 0 0 0 0 0 0 0 0 1 1
+47 +45 1 1 0 1 0 0 1
+3 +1 1 1
+3 +2 1
+3 +1 1 0 0 0 0 0 0 0 0 1
+2 +2 1 1
+5 +1 1 1
+5 +2 1
+3 +1 1 0 0 0 0 0 0 0 0 1 1
+24 +47 1 0 0 1 0 0 1
+3 +1 1
+3 +1 1
+3 +1 1
+2 +1 1
+3 +1 1 1

fl=(49)
fn=(154)
0x37b0 28 2 0 0 2 0 0 1
+4 +1 2 2

fl=(43)
fn=(128)
0x1cba0 25 15
+4 * 15
+3 +1 15 15
+3 * 15
+3 * 15 0 0 0 0 0 0 0 0 15 3
+2 +4 12 12
+4 * 12 0 12
+3 +4 12 12 0 0 1 0 0 1
+3 * 12
+2 * 12 0 0 0 0 0 0 0 0 12 6
+2 * 6
+3 +1 6
+4 * 6 0 6
+3 -1 6 6
+3 * 6
+2 * 6 0 0 0 0 0 0 0 0 6
+2 +2 12 0 0 1 0 0 1
+2 * 12 0 0 0 0 0 0 0 0 12 3
+2 -11 9 0 9
+1 +16 9
+5 -16 9
+3 * 9 0 9
+1 * 9
+3 * 9
+4 +16 9 0 9
+4 * 9 0 9
cfi=(44)
cfn=(130)
calls=9 0x26dd0 -9 
* * 216 27 0 2 1 0 2 1 0 18
+5 +1 9 9
+4 * 9
+3 * 9 0 0 0 0 0 0 0 0 9 3
+2 +3 6
+3 * 6 0 6
+4 +2 6 6
+4 -1 6
+5 +1 6 6
+1 * 6 6
+10 -20 6 0 0 1 0 0 1
+2 +20 6 6
+6 -4 3 0 3
cfi=(23)
cfn=(64)
calls=3 0x28660 +14 
* * 51 6 0 0 0 0 0 0 0 6
+5 * 3 0 3
+4 +4 3 3
+4 -1 3
+5 +1 3 3
+1 * 3 3

fn=(132) _dl_hwcaps_contains
0x1cc30 66 6
+4 +1 6
+3 * 6 0 0 0 0 0 0 0 0 6 4
0x1ccdd +1 6
+5 +9 6 6

fn=(126)
0x1ccf0 51 11 0 0 1 0 0 1
+4 * 11 0 11
+1 * 11
+3 * 11 0 11
+1 * 11
+3 * 11
+4 +3 11 0 0 1 0 0 1
+3 * 11 0 11
cfn=(128)
calls=11 0x1cba0 -29 
* * 443 85 45 4 1 0 4 1 0 56 14
-3 * 3
+3 * 3 0 3
cfn=(128)
calls=3 0x1cba0 -29 
* * 177 33 21 0 1 0 0 1 0 21
+5 * 14
+2 * 14 0 0 0 0 0 0 0 0 14 5
+2 +2 9 9
+3 +1 9
+2 * 9
+2 * 9 0 9
+3 +1 9
+2 * 9 0 0 0 0 0 0 0 0 9 2
+2 * 6 6
+4 * 6 6
+3 * 6 6
+4 * 6 0 6
cfn=(132)
calls=6 0x1cc30 +8 
* * 30 6 0 0 0 0 0 0 0 6 4
+5 * 6
+2 * 6 0 0 0 0 0 0 0 0 6
+2 +4 11 11
+4 * 11 11
+1 * 11 11

fl=(69)
fn=(240)
0x25700 60 3 0 0 1 0 0 1
+4 * 3 0 3
+1 * 3
+3 * 3 0 3
+2 * 3
+3 * 3 0 3
+2 * 3
+3 * 3 0 3
+1 * 3
+3 * 3
+4 +1 3 0 3 0 0 1 0 0 1
cfn=(242) __is_decorate_maps_enabled
calls=3 0x25690 -28 
* * 50 12 4 2 1 0 2 1 0 8 5
+5 * 3
+2 * 3 0 0 0 0 0 0 0 0 3 3
+30 +9 3 0 0 1 0 0 1
+4 * 3 3
+1 * 3 3
+2 * 3 3
+2 * 3 3
+1 * 3 3

fn=(242)
0x25690 33 5 0 0 1 0 0 1
+4 +1 5 5
+6 * 5
+2 * 5 0 0 0 0 0 0 0 0 5 3
+2 * 1
+3 * 1 0 0 0 0 0 0 0 0 1 1
+15 +9 4
+2 +7 4 4
+6 -17 1 0 1
+1 +4 1
+2 * 1
+5 -4 1 0 0 1 0 0 1
+3 * 1
+4 +4 1
+4 * 1 0 1
cfi=(12)
cfn=(30)
calls=1 0x14f60 435 
* * 18 4 1 0 1 0 0 1 0 3 2
+5 * 1 1
+3 * 1
+2 * 1 0 0 0 0 0 0 0 0 1
+2 +5 1 0 1
+10 +1 1
+2 +7 1 1
+1 * 1 1

fl=(32)
fn=(194) _dl_map_object_from_fd
0x81b0 948 5 0 5 1 0 0 1
+1 * 5
+3 * 5 0 5
+2 * 5 0 5
+2 * 5
+3 * 5 0 5
+2 * 5 0 5
+2 * 5 0 0 1 0 0 1
+3 * 5 0 5
+1 * 5
+7 +15 5 5
+3 -15 5 0 5 0 0 1 0 0 1
+7 * 5 0 5 0 0 1 0 0 1
+7 +15 5
+5 -15 5 0 5
+6 * 5 0 5
+7 +15 5 0 5
+6 * 5 0 0 0 0 0 0 0 0 5 4
+93 +85 5 5 0 1 0 0 1
+3 * 5
+3 * 5 0 5
+6 * 5 0 0 0 0 0 0 0 0 5
+6 +10 5 5
+7 * 5 0 0 0 0 0 0 0 0 5
+6 +7 5 5
+4 * 5 5
+4 * 5
+3 * 5 5
+3 * 5 5 0 1 0 0 1
+7 * 5 5
+7 * 5 0 5
cfi=(27)
cfn=(74)
calls=5 0xcd40 59 
* * 1747 354 253 9 7 43 9 7 43 252 75 15 1
+5 * 5
+3 +1 5
+3 * 5 0 0 0 0 0 0 0 0 5
+6 +11 5 5
+4 +1 5 5
+5 -1 5 0 5 0 0 3 0 0 3
+7 +2 5 5
+5 +3 5 5
+4 -1 5
+4 -2 5 0 5
+7 +3 5 0 0 1 0 0 1
+4 * 5 5
+3 * 5 0 0 0 0 0 0 0 0 5 1
+6 +1 4
+5 * 4 0 4
+7 +19 4 4
+7 * 4
+3 -2 4 0 4
+7 +2 4
+4 * 4
+4 * 4
+3 * 4
+6 * 4
+3 * 4 0 0 1 0 0 1
+3 * 4 0 0 0 0 0 0 0 0 4 1
-40 * 1 1
+7 * 1
+3 -2 1 0 1
+7 +2 1
+4 * 1
+4 * 1
+3 * 1
+6 * 1
+3 * 1
+3 * 1 0 0 0 0 0 0 0 0 1 1
+22 * 5
+5 * 5
+3 * 5
+3 * 5 0 0 0 0 0 0 0 0 5
+2 * 5 0 5
+5 * 5
+5 * 5
+3 * 5
+4 * 5 0 5
+7 +10 5 5 0 1 0 0 1
+7 -10 5
+4 * 5 0 5
+7 +10 5
+3 * 5
+3 * 5 0 0 0 0 0 0 0 0 5
+6 +27 5 5
+7 -33 5
+2 -3 5
+2 +2 5 0 5
+7 -1 5 0 5
+7 +44 5
fi=(31)
+3 62 5 0 5
fe=(32)
+8 1139 5 0 0 1 0 0 1
+4 -41 5 0 5
+10 +50 5
fi=(31)
+3 62 5 0 5
+7 * 5 0 5
+7 * 5
fe=(32)
+11 1113 39
+3 * 39 0 0 0 0 0 0 0 0 39 5
+6 * 34
+3 * 34 0 0 0 0 0 0 0 0 34 1
+6 * 33
+3 * 33 0 0 1 0 0 1 0 0 33 14
+6 +26 20 20 0 0 2 0 0 2
+4 * 20 20
+4 * 20
+3 * 20
+3 * 20
+3 * 20 0 0 0 0 0 0 0 0 20
+6 +10 20 20 0 0 2 0 0 2
+4 * 20
+4 -1 20
+3 -1 20
+4 +1 20 20
+7 * 20
+3 +1 20
+3 +2 20 20 0 0 1 0 0 1
+4 -3 20 0 20 0 0 2 0 0 2
+3 +1 20 0 0 1 0 0 1
+5 +2 20 0 20 0 0 5 0 0 5
+4 +2 20 20 0 0 1 0 0 1
+4 -4 20
+3 +1 20 0 20
+4 +3 20
+3 -4 20 0 20
+4 +4 20
+3 * 20
+4 * 20
+4 * 20
+3 * 20
+4 +2 20
+3 * 20 0 20 0 0 2 0 0 2
+4 +13 20
+4 * 20 0 0 0 0 0 0 0 0 20 5
+2 * 15 15
+4 * 15
+3 * 15 0 15
fi=(31)
+6 62 15 15
+3 * 15
fe=(32)
+6 1173 15
fi=(31)
+4 62 15
+3 * 15
+3 * 15
+3 * 15
+3 * 15 15
+7 * 15
+3 * 15 0 15
fe=(32)
+5 1147 15
+3 * 15
+1 -35 15
+4 * 15
+3 * 15 0 0 0 0 0 0 0 0 15
fi=(31)
-51 62 5 5
+3 * 5
fe=(32)
+6 1173 5
fi=(31)
+4 62 5
+3 * 5
+3 * 5
+3 * 5
+3 * 5 5
+7 * 5
+3 * 5 0 5
fe=(32)
+5 1147 5
+3 * 5
+1 -35 5
+4 * 5
+3 * 5 0 0 0 0 0 0 0 0 5
-7 * 40
+4 * 40
+3 * 40 0 0 0 0 0 0 0 0 40
+2 +1 65 65 0 1 12 0 1 12
+2 * 65
+3 * 65 0 0 1 0 0 1 0 0 65 3
+6 * 62 0 0 0 0 0 0 0 0 62 17
+6 * 23
+6 * 23 0 0 0 0 0 0 0 0 23 5
+6 * 18
+6 * 18 0 0 0 0 0 0 0 0 18 9
+2 1214 5 5 0 0 1 0 0 1
+5 1112 5
+4 1214 5 5
+5 * 5 0 5 0 0 1 0 0 1
+7 1112 5
+3 * 5 0 0 0 0 0 0 0 0 5
+2 * 5
+8 -34 5 5 0 1 0 0 1
+7 * 5 5
+7 1229 5
+3 1078 5 5
+7 * 5 0 5
+6 * 5 5
+7 * 5
+4 1219 5
+3 * 5 0 0 0 0 0 0 0 0 5
+6 * 5
+3 * 5
+11 +11 5 0 0 1 0 0 1
+3 -1 5
+4 +1 5 0 5
+3 -1 5
+4 * 5
+3 * 5 0 0 0 0 0 0 0 0 5 2
-17 +1 15
+3 -1 15
+4 +1 15 0 15
+3 -1 15
+4 * 15
+3 * 15 0 0 0 0 0 0 0 0 15 4
+2 +7 5 5
+7 * 5 0 0 0 0 0 0 0 0 5
+6 +10 5 5
+5 * 5 0 0 0 0 0 0 0 0 5
+6 * 5 5
+7 * 5 0 0 0 0 0 0 0 0 5
+6 +7 5
+4 * 5 5 0 1 0 0 1
+7 * 5 5
+7 * 5 5
fi=(60) /usr/src/debug/glibc/glibc/elf/./dl-map-segments.h
+8 29 5 5
fe=(32)
+8 1253 5 5
+5 * 5
+3 * 5 0 5
fi=(60)
+7 29 5
+3 * 5 0 0 0 0 0 0 0 0 5
+6 +1 5 5
+7 * 5 5
+7 * 5 0 0 1 0 0 1
+5 * 5
+3 * 5 5
+7 * 5 5
+7 * 5 5
+8 * 5 0 5 0 0 1 0 0 1
cfi=(61)
cfn=(204)
calls=5 0x25580 +17 
* * 140 25 15 3 0 1 3 0 1 25 2
+5 +72 5 0 5
+7 -72 5
+3 +73 5
+4 * 5 0 0 0 0 0 0 0 0 5
+6 +3 5 5
+7 * 5 0 0 1 0 0 1
+3 +1 5
+3 -1 5 0 5
+7 +1 5 0 5
+3 +2 5 5
+7 * 5 0 0 0 0 0 0 0 0 5 2
+63 +17 5 0 5 1 0 0 1
+7 -44 5 5
fi=(62) /usr/src/debug/glibc/glibc/elf/./dl-load.h
+7 +9 5 5
+8 * 5 0 0 0 0 0 0 0 0 5 3
-8 * 15 15
+8 * 15 0 0 0 0 0 0 0 0 15
fi=(60)
+6 +59 20 20
+4 * 20 20
+4 * 20
+3 * 20 0 0 0 0 0 0 0 0 20 11
+2 +6 5 5
+3 +2 5 5 0 1 0 0 1
+7 -2 5
+3 +3 5
+3 -2 5
+3 +2 5
+3 -1 5
+5 * 5
+3 +3 5
+3 * 5
+3 * 5
+4 +5 5
+3 * 5 0 0 0 0 0 0 0 0 5
+2 +3 5 5
+4 * 5
+4 * 5 0 0 0 0 0 0 0 0 5
+6 +8 5
+3 * 5 0 5
+7 * 5
+2 * 5
+3 * 5 0 5
+7 * 5
+3 * 5 0 5
cfi=(10)
cfn=(20)
calls=5 0x26630 -40 
* * 833 5 438 1 0 111 0 0 111 119 26
+6 * 5 5
+7 * 5 5
+7 +6 5
+3 * 5 0 0 0 0 0 0 0 0 5 2
+6 +41 20 0 0 1 0 0 1
+4 -88 20
+4 * 20 20
+7 * 20
+3 * 20 0 0 1 0 0 1 0 0 20 5
+6 +2 15 15
+4 * 15 15
+4 * 15
+3 * 15 0 0 0 0 0 0 0 0 15
+6 +2 15 15
+4 * 15 15
+4 +1 15
+3 -1 15
+5 * 15 15
+7 * 15 15
+3 * 15 0 15
cfi=(61)
cfn=(204)
calls=15 0x25580 -93 
* * 315 60 45 0 0 0 0 0 0 45
+5 * 15
+4 * 15 0 0 0 0 0 0 0 0 15 2
fi=(58) /usr/src/debug/glibc/glibc/elf/../sysdeps/posix/dl-fileid.h
0x8770 37 5 5 0 1 0 0 1
+6 * 5
+7 * 5 0 5 1 0 2 1 0 2
cfi=(59)
cfn=(198)
calls=5 0x250e0 -7 
* * 30 5 0 1 0 0 1 0 0 5
+5 * 5
+2 * 5 0 0 0 0 0 0 0 0 5
+6 +3 5 5 0 0 1 0 0 1
fe=(32)
+7 999 5
fi=(58)
+7 40 5 0 5
+7 +1 5 5
+7 * 5 0 5
fe=(32)
+7 999 5 5
+5 * 5 5
+4 * 5 5
+7 * 5 5 0 1 0 0 1
+7 * 5
+3 * 5 0 0 0 0 0 0 0 0 5 4
+25 * 20 20
+4 * 20
+3 * 20 0 0 0 0 0 0 0 0 20 5
+6 +1 20 20
+7 * 20 0 0 0 0 0 0 0 0 20
fi=(58)
+2 49 20 20 0 0 1 0 0 1
+7 * 20 0 0 0 0 0 0 0 0 20 5
+2 * 10 10
+7 * 10 0 0 0 0 0 0 0 0 10 4
fe=(32)
+42 1458 5 0 0 1 0 0 1
+4 * 5
+3 * 5 5
+1 * 5 5
+2 * 5 5
+2 * 5 5
+2 * 5 5
+2 * 5 5
+1 * 5 5
+7 1133 1 1
+4 * 1 0 1
+7 +1 1
+13 -15 5 5 0 1 1 0 1 1
+5 * 5 0 0 0 0 0 0 0 0 5
+6 +7 5 5
+4 +2 5 5
+8 -2 5 0 5
+4 +1 5 5 0 0 1 0 0 1
+4 +1 5 0 0 1 0 0 1
+4 -1 5
+4 * 5 0 5
+7 +1 5 5
+4 * 5
+2 * 5
+3 * 5
+3 * 5
+3 * 5
+3 * 5 0 5
+6 * 5
fi=(31)
+10 62 5 5
+3 * 5
+6 * 5
+3 * 5
+3 * 5 0 0 1 0 0 1
+3 * 5
+3 * 5
+3 * 5 0 5
fe=(32)
+6 1211 5
+10 -34 3 3 0 0 1 0 0 1
+4 * 3
+3 * 3 0 0 0 0 0 0 0 0 3
+6 +5 3 3 0 0 1 0 0 1
+4 -1 3
+5 * 3
+5 +5 3
+4 -5 3
+4 * 3 0 3 1 0 3 1 0 3
+7 -55 3 3
+4 +60 3
+3 * 3
+3 * 3
+4 * 3 0 3 0 0 1 0 0 1
+7 +1 3 3
+4 +3 3 0 3 0 0 1 0 0 1
+7 -3 3 0 3
+7 +8 3 3
+7 * 3
+3 * 3
+3 * 3 0 0 0 0 0 0 0 0 3 2
+66 1086 1 0 0 1 0 0 1
+4 * 1
+3 * 1 0 0 1 0 0 1
+3 * 1
+6 * 1
+3 * 1
+3 * 1 0 0 0 0 0 0 0 0 1 1
+22 * 1
+5 * 1
+3 * 1
+3 * 1 0 0 0 0 0 0 0 0 1 1
+6 * 1
+5 +1 1 1
+6 * 1
+3 -1 1
+4 +1 1
+3 -1 1 0 1
+7 +1 1 0 1
cfi=(70)
cfn=(246)
calls=1 0x253b0 25 
* * 7 1 0 0 0 0 0 0 0 1
+5 * 1
+3 * 1 0 0 0 0 0 0 0 0 1 1
+23 -69 5 5 0 1 0 0 1
+5 * 5 0 0 0 0 0 0 0 0 5 3
0x8b58 1269 5 5 0 1 0 0 1
+4 * 5 5
+7 * 5
+3 * 5 0 0 0 0 0 0 0 0 5
+6 +1 5 5
fi=(63) /usr/src/debug/glibc/glibc/elf/get-dynamic-info.h
+3 39 5
fe=(32)
+3 1270 5 0 5
fi=(63)
+4 39 5 0 0 0 0 0 0 0 0 5
+6 +6 5 5 0 0 5 0 0 5
+3 * 5 0 0 1 0 0 1
+3 * 5 0 0 0 0 0 0 0 0 5
+6 -2 5
+4 * 5
+4 +10 6
+6 +15 6 0 6 0 0 2 0 0 2
+4 -23 6 6 0 0 2 0 0 2
+4 * 6
+4 * 6
+3 * 6 0 0 0 0 0 0 0 0 6 2
-15 +23 132 0 132 0 0 30 0 0 30
+4 -23 132 132 0 0 32 0 0 32
+4 * 132
+4 * 132
+3 * 132 0 0 0 0 0 0 0 0 132 7
+6 +4 138
+4 * 138 0 0 0 0 0 0 0 0 138 53
+2 +3 36
+7 -1 36
+4 * 36 0 0 0 0 0 0 0 0 36 4
+2 +3 30
+6 * 30
+3 * 30
+4 * 30 0 0 0 0 0 0 0 0 30 5
+2 +1 25
+6 * 25
+3 * 25
+3 * 25
fi=(62)
+2 +37 4 4 0 1 0 0 1
+4 * 4 4
+4 * 4
+3 * 4 0 0 0 0 0 0 0 0 4
+6 +2 4 4
+5 -1 4 4
+4 * 4 4
+4 +1 4
+4 -1 4
+3 * 4 0 0 1 0 0 1
+3 +1 4
+3 -1 4
+3 * 4 0 0 0 0 0 0 0 0 4
+6 +3 4
+3 * 4
+3 * 4 0 4
+7 * 4
fi=(63)
+30 -40 5
+4 * 5 0 0 1 0 0 1
+3 * 5
+3 * 5
+4 * 5 0 0 0 0 0 0 0 0 5
+6 +3 5
+6 * 5
+3 * 5
+4 * 5 0 0 0 0 0 0 0 0 5 2
+23 +13 5
+3 * 5 0 0 0 0 0 0 0 0 5
+6 * 5 5 0 1 0 0 1
+7 * 5 0 0 0 0 0 0 0 0 5
+6 +12 5 5
+4 * 5
+3 * 5 0 0 0 0 0 0 0 0 5 2
+6 +1 5 5
+4 * 5
+3 * 5 0 0 0 0 0 0 0 0 5 5
+2 * 2 0 2
+4 +1 2 2
+4 * 2
+3 * 2 0 0 0 0 0 0 0 0 2
-7 * 3 3
+4 * 3
+3 * 3 0 0 0 0 0 0 0 0 3
+2 * 5 0 5
+4 +1 5 5
+4 * 5
+3 * 5 0 0 0 0 0 0 0 0 5
+2 * 5 0 5
+4 +1 5 5 0 1 0 0 1
+7 * 5
+3 * 5
+3 * 5 0 0 0 0 0 0 0 0 5
+2 * 5 0 5
+4 +1 5 5 0 0 1 0 0 1
+7 * 5
+3 * 5 0 0 0 0 0 0 0 0 5 2
+2 * 2 0 2
+4 +1 2 2
+7 * 2
+3 * 2 0 0 0 0 0 0 0 0 2
-10 * 3 3 0 0 1 0 0 1
+7 * 3
+3 * 3 0 0 0 0 0 0 0 0 3 1
+2 * 4 0 4
+4 +1 4 4
+7 * 4
+3 * 4 0 0 0 0 0 0 0 0 4
-10 * 1 1
+7 * 1
+3 * 1 0 0 0 0 0 0 0 0 1
+2 * 5 0 5
+4 +12 5 5 0 1 0 0 1
+4 +7 5 5 0 0 1 0 0 1
+7 -7 5
+3 * 5 0 0 0 0 0 0 0 0 5
+6 * 5 5
+4 * 5
+3 * 5 0 0 0 0 0 0 0 0 5
+2 * 5
+3 * 5 0 5
+4 +7 5
+3 * 5 0 0 0 0 0 0 0 0 5 3
+2 +5 2 2
+5 * 2 0 0 0 0 0 0 0 0 2
+6 +8 5 5
+7 * 5 5
+5 * 5 0 0 1 0 0 1 0 0 5
+6 +6 5 5
+7 * 5
+3 * 5 0 0 0 0 0 0 0 0 5
+2 +1 5 5
+7 * 5 5
+5 * 5 0 0 0 0 0 0 0 0 5 2
+6 +17 5 5
+7 * 5
+3 * 5 0 0 0 0 0 0 0 0 5
+2 +5 5 5
+4 * 5 0 5 0 0 1 0 0 1
+6 +2 5
+3 * 5 0 0 0 0 0 0 0 0 5 4
+9 +2 5 0 0 1 0 0 1
+3 * 5 0 0 0 0 0 0 0 0 5 4
+9 +2 5
+3 * 5 0 0 0 0 0 0 0 0 5
+2 +1 5 0 5
+7 +3 5 5
+7 * 5
+3 * 5 0 0 0 0 0 0 0 0 5
+6 +2 5 5
+4 * 5 0 5
+6 * 5
+2 +1 5
+2 * 5 0 0 0 0 0 0 0 0 5 2
+9 +9 5 5 0 1 0 0 1
+7 * 5 0 0 0 0 0 0 0 0 5
+6 * 5 5
+6 +6 5
+3 * 5 0 0 0 0 0 0 0 0 5
+2 +1 5 5
+7 * 5 0 5
+7 +3 5 5
+8 * 5 0 0 0 0 0 0 0 0 5 2
fe=(32)
+13 1276 5 0 0 1 0 0 1
+2 * 5
+6 +1 5
+2 * 5 0 0 0 0 0 0 0 0 5 2
+13 +2 5
+2 * 5 0 0 0 0 0 0 0 0 5 2
+16 +10 5 5
+7 * 5
+3 * 5 0 0 0 0 0 0 0 0 5
+6 +19 5 5
+3 * 5 0 5 1 0 0 1
+7 +2 5 5
+6 * 5
+2 * 5 5
+6 * 5
+2 * 5 0 0 0 0 0 0 0 0 5
+6 +20 5 5 0 0 2 0 0 2
+7 * 5
+3 * 5 0 0 0 0 0 0 0 0 5 2
+2 +1 3 3
+3 * 3 0 3
+7 +6 3 3
+7 * 3 3
+7 * 3
+4 * 3
+4 * 3
+3 * 3 0 0 0 0 0 0 0 0 3
-25 * 2 2
+7 * 2 2
+7 * 2
+4 * 2 0 0 1 0 0 1
+4 * 2
+3 * 2 0 0 0 0 0 0 0 0 2
+6 * 5 5
+7 * 5
+12 +1 53
+5 * 53 0 0 0 0 0 0 0 0 53 19
+2 +6 5
+3 * 5
+3 * 5
+3 * 5 0 5
cfn=(94)
calls=5 0x7fb0 842 
* * 420 82 14 1 6 0 1 6 0 100 12
+6 -7 65 65
+7 * 65 0 0 0 0 0 0 0 0 65 5
+6 +1 65 65 0 1 55 0 1 55
+4 +6 65
+4 -6 65
+3 * 65 0 0 0 0 0 0 0 0 65 19
fi=(33)
+2 149 12 12
+7 * 12 0 0 0 0 0 0 0 0 12 8
fe=(32)
0x90e1 1086 1 0 1
+5 * 1
+18 1349 5 5 0 1 0 0 1
+6 * 5 0 5 1 0 0 1
cfi=(64)
cfn=(212)
calls=5 0x25210 25 
* * 30 5 0 1 0 0 1 0 0 5
+5 * 5
+2 * 5 0 0 0 0 0 0 0 0 5
+6 +13 5 5
+7 * 5 0 0 0 0 0 0 0 0 5
+6 +2 5 5
+7 * 5 5
+3 * 5
+3 * 5 0 5
+7 +2 5 5
+7 * 5 0 0 0 0 0 0 0 0 5
+6 +16 5
+3 * 5 0 5 1 0 0 1
cfi=(8)
cfn=(14)
calls=5 0x12690 25 
* * 135 40 30 0 5 0 0 5 0 15
+5 +4 5 5
+4 * 5 0 0 0 0 0 0 0 0 5
+2 +1 5 5
+8 * 5 0 0 0 0 0 0 0 0 5
+6 +17 5 5
+7 * 5 0 0 0 0 0 0 0 0 5 2
+2 +1 1 0 1
+7 +3 1 1
+7 * 1 0 1
+7 * 1 1
+7 * 1 0 1 1 0 0 1
+7 +5 1 1
+8 * 1 0 0 0 0 0 0 0 0 1
-36 -5 4 4
+7 * 4 0 4
+7 * 4 4
+7 * 4 0 4
+7 +5 4 4
+8 * 4 0 0 0 0 0 0 0 0 4
+6 +5 5 5
+8 * 5 0 0 0 0 0 0 0 0 5
+6 +10 5 5
+5 * 5
+7 * 5 5
+6 * 5 0 0 0 0 0 0 0 0 5 3
+6 +8 5 5
+8 * 5 0 0 0 0 0 0 0 0 5 2
+2 +1 3 3
+7 * 3
+3 * 3
+2 * 3 0 0 0 0 0 0 0 0 3
+6 +5 3
+3 * 3 0 3
cfi=(47)
cfn=(244)
calls=3 0x133a0 161 
* * 36 12 9 2 0 0 2 0 0 3
+5 +7 5 5 0 1 0 0 1
+4 * 5
+3 * 5 0 5
cfi=(27)
cfn=(88)
calls=5 0xcca0 31 
* * 255 65 45 0 0 0 0 0 0 25 15 10
+5 +3 5 5
+4 * 5 0 0 0 0 0 0 0 0 5
+6 +3 5 5
+4 * 5 5
+3 * 5
+3 * 5 0 5
cfn=(216) _dl_notify_new_object
calls=5 0x6670 908 
* * 210 65 30 5 0 0 5 0 0 30 14
+5 * 5 0 0 1 0 0 1
fi=(60)
0x9317 189 2 0 0 1 0 0 1
+3 * 2 2
+4 * 2
+3 * 2
+6 -3 2 2
+8 +3 2
+5 * 2
+3 * 2
+3 * 2 0 2 1 0 0 1
+7 -3 2 0 2
+7 * 2
+4 * 2 0 2
+7 * 2 0 2
+7 * 2 0 2
+7 * 2 0 2
+4 +3 2 0 2
cfi=(61)
cfn=(204)
calls=2 0x25580 47 
* * 42 8 6 0 0 0 0 0 0 6
+5 +3 2
+4 * 2 0 0 0 0 0 0 0 0 2
+6 +2 2 0 2
cfi=(69)
cfn=(242)
calls=2 0x25690 33 
* * 12 4 0 0 0 0 0 0 0 2 1
+5 * 2
+2 * 2 0 0 1 0 0 1 0 0 2 2
fi=(4)
0x9680 -98 5 5 0 1 0 0 1
+7 * 5
+3 * 5 0 0 0 0 0 0 0 0 5 1
+6 * 4 4
+7 * 4 4
+4 +3 4
+2 * 4
+3 +1 4 4
+4 -1 4 4
+4 * 4 0 0 0 0 0 0 0 0 4 2
+5 +1 4
fe=(32)
+3 1429 4
+3 * 4
+3 * 4 0 0 0 0 0 0 0 0 4
+6 * 4 0 0 1 0 0 1
+7 * 4 0 4
cfi=(35)
cfn=(104)
calls=4 0x27000 98 
* * 100 28 0 0 5 0 0 5 0 12 2
+5 * 4
+2 * 4 0 0 0 0 0 0 0 0 4 3
+6 +1 1 1
+5 * 1 0 1
+5 * 1
fi=(63)
0x9748 62 5 0 0 1 0 0 1
+6 * 5
+3 * 5
+4 * 5 0 0 0 0 0 0 0 0 5
+6 +2 5
+6 * 5
+3 * 5
+3 * 5
fe=(32)

fn=(184)
0x7360 228 14 0 0 1 0 0 1
+4 * 14 0 14
+1 +3 14
+5 -3 14
+3 * 14
+4 * 14 0 14 0 0 1 0 0 1
+4 +7 14
+3 -4 14 0 14 0 0 1 0 0 1
cfi=(44)
cfn=(130)
calls=14 0x26dd0 32 
* * 456 57 0 3 5 0 3 5 0 33 9
+5 +3 14
+3 * 14 0 0 1 0 0 1 0 0 14
+2 +20 14
+3 * 14 14
+4 * 14 14
+1 * 14 14

fn=(188) open_verify.constprop.0
0x6710 1511 5 0 5 1 0 0 1
+1 * 5
+3 * 5 0 5
+2 * 5
+3 * 5 0 5
+2 * 5 0 5
+2 * 5 0 5
+2 * 5
+3 * 5 0 5
+1 * 5
+3 * 5
+4 +32 5 5
+6 -32 5 0 5
+4 +32 5
+2 * 5 0 0 0 0 0 0 0 0 5
+6 +19 5 0 0 1 0 0 1
+5 * 5
+3 * 5
+2 * 5 0 5
cfi=(56)
cfn=(190)
calls=5 0x25340 28 
* * 105 10 10 1 0 1 1 0 1 15
+5 * 5
+3 +2 5
+3 * 5 0 0 0 0 0 0 0 0 5
+6 +8 5 0 5
+10 +6 5
+2 -5 5 0 5 0 0 1 0 0 1
+7 +6 5
+5 -1 5
+5 * 5
+3 +1 5
+3 -1 5 0 5
cfi=(57) /usr/src/debug/glibc/glibc/io/../sysdeps/unix/sysv/linux/read_nocancel.c
cfn=(192) __read_nocancel
calls=5 0x253e0 25 
* * 30 5 0 1 0 0 1 0 0 5
+5 * 5 0 0 1 0 0 1
+3 +4 5 5
+3 -2 5
+3 * 5 0 0 0 0 0 0 0 0 5
+2 +2 5
+3 * 5 0 5
+3 +2 5
+4 * 5 0 0 0 0 0 0 0 0 5
+2 +6 5
+4 * 5 0 0 0 0 0 0 0 0 5
+6 +15 5
+10 * 5 5
+4 * 5
+3 * 5 0 0 0 0 0 0 0 0 5 2
+2 * 3
+10 * 3
+3 * 3 0 0 0 0 0 0 0 0 3
+2 * 5 5 0 1 1 0 1 1
+4 * 5
+2 * 5 0 0 0 0 0 0 0 0 5
+6 * 5 5
+3 * 5
+2 * 5 0 0 0 0 0 0 0 0 5 4
+77 * 5 5 0 1 0 0 1
+3 * 5
+2 * 5 0 0 0 0 0 0 0 0 5
+2 * 5
+3 +64 5 5
+4 * 5 0 0 0 0 0 0 0 0 5
+6 +5 5 5
+5 * 5 0 0 0 0 0 0 0 0 5
+6 +8 5 5 0 1 0 0 1
+4 * 5
+3 * 5
+4 * 5 0 0 0 0 0 0 0 0 5 1
+6 +6 5 5 0 0 1 0 0 1
+5 * 5 0 0 0 0 0 0 0 0 5
+6 +6 5 5
+5 +1 5 5
+4 -1 5
+4 +1 5
+5 * 5
+3 * 5 0 0 0 0 0 0 0 0 5 1
+2 +33 5
+4 * 5
+3 * 5 5
+1 * 5 5
+2 * 5 5
+2 * 5 5
+2 * 5 5 0 1 0 0 1
+2 * 5 5
+1 * 5 5
+37 -29 1
+4 * 1
+3 * 1
+3 * 1
+6 * 1
+3 * 1
+3 * 1 0 0 0 0 0 0 0 0 1 1
+22 * 1 0 0 1 0 0 1
+5 * 1
+3 * 1
+3 * 1 0 0 0 0 0 0 0 0 1
+2 * 1 0 1
+5 * 1
+5 +1 1
+3 * 1
+3 -1 1
+4 +1 1 0 1
cfi=(70)
cfn=(246)
calls=1 0x253b0 25 
* * 7 1 0 1 0 0 1 0 0 1
+5 * 1
+3 * 1 0 0 1 0 0 1 0 0 1 1

fn=(172)
0xa780 2194 14 0 0 1 0 0 1
+4 * 14 0 14
+1 * 14
+3 * 14 0 14
+2 * 14
+3 * 14 0 14
+2 * 14
+3 +1 14
+3 -1 14 0 14 0 0 1 0 0 1
+2 * 14
+3 * 14 0 14
+2 * 14
+3 * 14 0 14
+1 * 14
+3 * 14
+4 +1 14 0 14 0 0 1 0 0 1
+4 * 14 0 14
cfn=(174) _dl_lookup_map
calls=14 0x9b50 1898 
* * 9010 2064 472 27 4 3 27 4 3 1304 206 60 32
+5 +1 14 14
+4 * 14
+3 * 14 0 0 0 0 0 0 0 0 14 3
+2 +3 9
+4 * 9 9
+1 * 9 9
+2 * 9 9
+2 * 9 9
+2 * 9 9
+2 * 9 9
+1 * 9 9
+9 * 5 0 0 1 0 0 1
+4 -1 5
+3 * 5
+3 * 5
+3 * 5
+3 * 5
+3 +1 5 5
+1 * 5 5
+2 * 5 5
+2 * 5 5
+2 * 5 5
+2 * 5 5
+1 -1 5
cfn=(180) _dl_map_new_object
calls=5 0x9c70 1933 
* * 17687 3335 1993 148 211 226 147 211 226 3567 580 30 2

fn=(174)
0x9b50 1898 14 0 0 1 0 0 1
+4 * 14 0 14
+1 * 14
+3 * 14 0 14 0 0 1 0 0 1
+2 * 14 0 14
+1 * 14
+4 +1 14
+3 * 14 0 0 0 0 0 0 0 0 14
+6 +1 14 14 0 0 1 0 0 1
+7 * 14 0 0 0 0 0 0 0 0 14
+6 +3 14
+4 * 14
+7 * 14 0 0 1 0 0 1
+3 * 14 14
+4 * 14
+3 * 14 0 0 0 0 0 0 0 0 14 3
+54 * 51 51
+4 * 51
+3 * 51 0 0 0 0 0 0 0 0 51 5
+6 +5 60 60 0 1 0 0 1
+7 * 60 60
+7 * 60
+3 * 60
+3 * 60
+2 * 60
+2 * 60 0 0 0 0 0 0 0 0 60
+2 +2 60
+3 * 60
+3 * 60 0 60 0 0 1 0 0 1
cfi=(54)
cfn=(176)
calls=60 0xc9d0 68 
* * 6357 1404 314 22 3 1 22 3 1 806 158 55 29
+5 * 60
+2 * 60 0 0 0 0 0 0 0 0 60 6
+2 +2 51 51
+7 * 51 0 0 0 0 0 0 0 0 51
fi=(4)
+2 96 51 51 0 1 0 0 1
+7 * 51
+3 * 51 0 0 0 0 0 0 0 0 51 19
+2 +4 28 28
+4 -1 28 28
+4 * 28 28
+4 * 28
+2 * 28 28
+7 * 28 0 0 0 0 0 0 0 0 28
+2 +1 28
fe=(32)
+3 1912 28
+3 * 28 0 0 0 0 0 0 0 0 28
+2 +1 28
+3 * 28 0 28
+4 * 28 0 28
cfi=(35)
cfn=(104)
calls=28 0x27000 98 
* * 825 191 0 0 0 0 0 0 0 99 11 5 3
+5 * 28
+2 * 28 0 0 0 0 0 0 0 0 28 4
+22 +13 14 0 0 1 0 0 1
+4 * 14
+3 * 14 14
+1 * 14 14
+2 * 14 14
+1 * 14 14

fn=(116)
0x7c40 680 1 0 0 1 0 0 1
+4 * 1 0 1
+1 * 1
+3 * 1 0 1
+2 * 1
+3 * 1
+3 * 1 0 1
+2 +14 1
+7 -14 1 0 1
+2 * 1
+3 * 1
+3 +14 1
+7 -14 1 0 1
+1 +14 1 0 1
cfi=(40)
cfn=(118)
calls=1 0x1c7a0 171 
* * 1320 278 228 29 2 5 29 2 5 154 43 2 2
fi=(29)
+5 56 1
fe=(32)
+5 694 1 0 1
fi=(29)
+7 56 1 1 1 0 0 0 0 0 0 0 0 1 1
cfi=(28)
cfn=(80)
calls=1 0xc690 -20 
* * 18 3 3 0 0 0 0 0 0 3 1
fe=(32)
+6 699 1 0 1 1 0 1 1 0 1
+7 +2 1
+3 * 1 0 0 0 0 0 0 0 0 1
+6 +12 1
+10 * 1
+3 -4 1 1
+7 +4 1
+8 * 1
+3 * 1
+4 * 1
+4 * 1
fi=(29)
+4 56 1 1 1 1 0 0 1 0 0 0 0 1 1
cfi=(28)
cfn=(80)
calls=1 0xc690 -20 
* * 18 3 3 0 0 0 0 0 0 3 1
fe=(32)
+6 713 1 0 1 0 0 1 0 0 1
+4 +2 1 1
+7 * 1 1
+3 * 1
+3 * 1 0 0 0 0 0 0 0 0 1
+6 +17 1
+7 +9 1 1
+7 -19 1 0 1
+7 -1 1 0 1
+10 +11 1
+5 +3 1 0 0 1 0 0 1
+7 -5 1 0 1
+4 +5 1 0 1
+4 +1 1 0 1
+8 -4 1 0 1
+4 +9 1
+3 * 1 0 0 0 0 0 0 0 0 1
+2 +1 1
+4 * 1
+4 * 1
+2 * 1 0 1
cfi=(10)
cfn=(20)
calls=1 0x26630 137 
* * 14 1 2 0 0 1 0 0 1 2 2
+6 +2 1 0 1
+7 +12 1 1
+7 +3 1 0 0 1 0 0 1
+7 -8 1 0 1
+8 -1 1 0 1
+11 +9 1
+3 * 1
+4 +2 1 1
+7 * 1
+3 * 1
+2 * 1 0 0 0 0 0 0 0 0 1
+6 +2 1 1
+7 * 1
+3 * 1 0 0 0 0 0 0 0 0 1 1
+75 +36 1 0 0 1 0 0 1
+3 * 1 0 0 0 0 0 0 0 0 1 1
+9 +31 1 0 1
+11 +1 1
+4 * 1 1
+1 * 1 1
+2 * 1 1
+2 * 1 1
+2 * 1 1
+1 * 1 1
+75 -49 1 1 0 1 0 0 1
+7 -2 1 0 1 1 0 0 1
+11 +2 1
+3 * 1 0 0 0 0 0 0 0 0 1 1
0x7f4e +14 1 0 1 1 0 0 1
+11 * 1

fn=(228) cache_rpath
0x7bd0 656 12 12 0 1 0 0 1
+3 -1 12
+3 * 12
+3 +1 12
+4 * 12 0 0 0 0 0 0 0 0 12 6
+90 +1 12 0 0 1 0 0 1
+2 +16 12
+2 * 12 12

fn=(180)
0x9c70 1933 5
+4 * 5 0 5
+1 * 5
+3 * 5 0 5
+2 * 5 0 5
+2 * 5
+3 * 5 0 5 1 0 0 1
+2 * 5
+3 * 5 0 5
+2 * 5
+3 * 5 0 5
+1 * 5
+3 * 5
+7 * 5 0 5 0 0 2 0 0 2
+6 * 5 0 5 0 0 1 0 0 1
+6 +10 5 5
+7 * 5 0 0 0 0 0 0 0 0 5 3
+11 +12 5 5
+6 -5 5 0 5
+7 -15 5 0 5 1 0 0 1
+11 +20 5
+2 * 5 0 0 0 0 0 0 0 0 5
+6 +14 5
+5 * 5
+3 * 5 0 5 0 0 2 0 0 2
cfi=(44)
cfn=(130)
calls=5 0x26dd0 32 
* * 120 15 0 0 0 0 0 0 0 10
+5 * 5
+3 * 5 0 0 0 0 0 0 0 0 5 2
+6 2121 1
+3 * 1 0 0 0 0 0 0 0 0 1
+6 -1 1
+3 * 1
+3 * 1 0 1
cfn=(182) expand_dynamic_string_token
calls=1 0x75a0 375 
* * 170 29 19 9 0 2 9 0 2 16 6 1 1
+5 +6 1
+3 -7 1 0 1 1 0 0 1
+7 +1 1
+3 +2 1
+3 * 1 0 0 0 0 0 0 0 0 1
+6 +4 1
+7 * 1
+2 * 1
+6 * 1
+3 * 1
+3 * 1
+7 * 1 0 1
+7 * 1 0 1
cfn=(188)
calls=1 0x6710 1511 
* * 106 22 14 9 1 1 9 1 1 18 2
+5 +3 1 1 0 1 0 0 1
+7 * 1
+3 -3 1
+2 +3 1 0 0 0 0 0 0 0 0 1
+6 +58 1 1
+7 -46 1
+2 * 1
+7 * 1
+4 +46 1 1
+6 * 1 0 1
+2 * 1
+3 * 1
+3 * 1 1 1
+6 * 1 1
+7 * 1
+3 * 1 0 0 1 0 0 1
+3 * 1 0 1
+2 * 1 0 1
+1 * 1 0 1
cfn=(194)
calls=1 0x81b0 948 
* * 1815 409 205 66 33 25 66 33 25 359 112 5 1
-49 -46 4
+2 * 4
+7 * 4
+4 +46 4 4
+6 * 4 0 4
+2 * 4
+3 * 4
+3 * 4 4 4
+6 * 4 4
+7 * 4
+3 * 4
+3 * 4 0 4
+2 * 4 0 4
+1 * 4 0 4
cfn=(194)
calls=4 0x81b0 948 
* * 8989 1781 1358 16 114 186 15 114 186 1775 330 20
+5 * 5
+4 +2 5
+4 * 5 5
+1 * 5 5
+2 * 5 5
+2 * 5 5
+2 * 5 5
+2 * 5 5
+1 * 5 5
0x9e68 1973 4 0 0 1 0 0 1
+3 * 4 0 4
cfi=(23)
cfn=(64)
calls=4 0x28660 57 
* * 68 8 0 0 0 0 0 0 0 8
+5 * 4
+4 * 4 0 4
+7 +2 4 4 0 1 0 0 1
+7 * 4 0 0 0 0 0 0 0 0 4
+6 +7 4
+3 * 4 0 0 0 0 0 0 0 0 4
+6 * 4 4
+8 * 4 0 0 0 0 0 0 0 0 4 2
0x9f58 +4 4 4 0 1 0 0 1
+7 +8 4 0 4
+7 * 4
+3 * 4
+3 * 4 0 4
+7 -8 4 0 4
+7 +5 4 0 0 1 0 0 1
+7 * 4 0 4
+7 +3 4
+3 * 4 0 4
+7 * 4
+6 -3 4 4
+8 * 4
+3 * 4 0 0 0 0 0 0 0 0 4 2
+6 +1 4
+3 * 4
+5 * 4
+8 * 4
+3 * 4 0 4 1 0 0 1
cfn=(228)
calls=4 0x7bd0 656 
* * 32 8 0 2 0 0 2 0 0 4 2
+5 * 4
+2 * 4 0 0 0 0 0 0 0 0 4 2
0xa03c -1 4 4 0 1 0 0 1
+7 * 4 4
+7 * 4 4
+7 +15 4
+3 * 4 0 0 0 0 0 0 0 0 4
+6 +1 4 4
+7 * 4
+3 * 4 0 0 0 0 0 0 0 0 4
+6 * 4 4
+7 * 4 0 4
+6 * 4
+3 * 4
+2 * 4 0 0 1 0 0 1 0 0 4
+6 * 4
+81 +32 4 0 0 1 0 0 1
+3 * 4 0 0 0 0 0 0 0 0 4
+6 * 4
+4 +1 4
+7 * 4
+5 * 4
+7 * 4
+3 * 4 0 4
cfn=(228)
calls=4 0x7bd0 656 
* * 32 8 0 0 0 0 0 0 0 4 2
+5 * 4
+2 * 4 0 0 1 0 0 1 0 0 4
+6 +8 4
+7 * 4 0 0 0 0 0 0 0 0 4
+6 +2 4 4
+6 * 4
+2 * 4 0 0 0 0 0 0 0 0 4
+6 +4 4
+3 * 4 0 4
cfi=(67)
cfn=(230)
calls=4 0x16160 386 
* * 5203 832 191 25 62 6 25 62 6 1192 101 4
+5 * 4
+3 +2 4
+3 * 4 0 0 0 0 0 0 0 0 4
+6 +4 4
+3 * 4 0 0 0 0 0 0 0 0 4
+6 +8 4 4 0 1 0 0 1
+7 * 4 0 0 0 0 0 0 0 0 4
+6 +23 4
+3 * 4
+7 * 4
+3 * 4
+5 * 4
+3 * 4
+7 * 4
+3 * 4 0 4
+7 * 4 0 4
cfn=(188)
calls=4 0x6710 1511 
* * 459 89 58 3 1 1 3 1 1 79 8
+5 * 4
+2 +4 4
+3 * 4 0 0 0 0 0 0 0 0 4
+6 +18 4 4 0 1 0 0 1
+7 -17 4 0 4
+7 +17 4 4
+7 * 4 0 0 0 0 0 0 0 0 4 2
0xa2ce 2008 4 4 0 1 0 0 1
+7 * 4 4
+7 * 4
+5 * 4
+7 * 4 0 4
+7 * 4 0 4
cfn=(228)
calls=4 0x7bd0 656 
* * 32 8 0 0 0 0 0 0 0 4 2
+5 * 4
+2 * 4 0 0 0 0 0 0 0 0 4
+6 +9 4 0 0 1 0 0 1
+7 * 4 0 0 0 0 0 0 0 0 4
+6 +15 4 4
+8 * 4 0 0 0 0 0 0 0 0 4 2

fn=(182)
0x75a0 375 1 0 1 1 0 0 1
+1 * 1
+3 * 1 0 1
+2 * 1
+3 +10 1
+3 -10 1 0 1
+1 * 1
+3 * 1
+4 +10 1 0 1
cfn=(184)
calls=1 0x7360 228 
* * 62 9 3 5 0 1 5 0 1 4 2
+5 +3 1
+3 * 1 0 0 0 0 0 0 0 0 1
+2 +12 1 0 0 1 0 0 1
+4 -11 1
+3 +11 1 1
+1 * 1 1
+2 * 1 1
+1 -11 1
cfi=(55)
cfn=(186)
calls=1 0x28600 40 
* * 91 17 12 2 0 1 2 0 1 11 4 1 1

fn=(216)
0x6670 908 5 0 5 1 0 0 1
+1 * 5
+3 * 5 0 5
+2 * 5
+3 +2 5
+3 -2 5 0 5
+2 * 5 0 0 1 0 0 1
+3 * 5 0 5
+2 * 5
+3 * 5 0 5
+1 +2 5 0 5
cfi=(46)
cfn=(218)
calls=5 0x3600 94 
* * 35 10 0 1 0 0 1 0 0 10 5
+5 * 5
+3 +1 5 5
+3 * 5
+2 * 5 0 0 0 0 0 0 0 0 5 4
+25 +21 5 5
+5 * 5
+7 * 5 5
+4 * 5 5
+7 * 5 0 0 0 0 0 0 0 0 5 2
+12 -4 5 0 0 1 0 0 1
+3 * 5 0 0 0 0 0 0 0 0 5 3
+13 +7 5 5
+1 -2 5
+3 * 5
+3 +2 5 5
+2 * 5 5
+2 * 5 5
+2 * 5 5
+1 -2 5
cfi=(50)
cfn=(220)
calls=5 0x19ec0 77 
* * 25 10 0 1 0 0 1 0 0 5

fn=(94)
0x7fb0 842 6 0 0 1 0 0 1
+4 +8 6 6
+5 * 6 0 0 0 0 0 0 0 0 6
+6 -6 6 6 0 1 0 0 1
+4 +12 6
+4 * 6 0 0 0 0 0 0 0 0 6
+6 -13 6 6
+3 +13 6
+5 -13 6 6
+4 * 6
+3 +13 6
+3 * 6
+69 +3 6 6 0 1 6 0 1 6
+2 * 6
+3 * 6 0 0 0 0 0 0 0 0 6
+2 +1 6 6
+4 * 6 0 0 0 0 0 0 0 0 6
+2 +1 6 6
+7 * 6 0 0 0 0 0 0 0 0 6
+2 +3 6 6
+3 * 6
+3 * 6 0 0 1 0 0 1 0 0 6
+6 +1 6
+2 * 6
+3 * 6 0 0 0 0 0 0 0 0 6 2
+6 +4 6
+4 +1 6
+4 * 6
fi=(33)
+7 97 3
+6 * 3 0 0 0 0 0 0 0 0 3
+6 258 3 3
+7 * 3
+3 * 3 0 0 0 0 0 0 0 0 3
fe=(32)
+6 888 3
+6 * 3 0 0 0 0 0 0 0 0 3 2
+6 +4 5
+4 * 5
+4 * 5
+4 +2 5
+3 * 5
+3 * 5
+4 * 5 0 0 0 0 0 0 0 0 5
+6 -20 11 0 0 1 0 0 1
+2 * 11 11 0 0 1 0 0 1
+2 +4 11
+2 * 11 0 0 0 0 0 0 0 0 11
+2 -3 11 11
+3 +6 11
+4 +1 11
+4 * 11
+3 * 11 0 0 0 0 0 0 0 0 11
fi=(33)
+2 95 11
+3 * 11 0 0 1 0 0 1
+7 * 11
+7 * 11 0 0 0 0 0 0 0 0 11 5
+2 +7 8
+3 * 8 0 0 0 0 0 0 0 0 8
+2 +16 8 8
+3 -3 8
+6 * 8 0 0 0 0 0 0 0 0 8 4
+6 252 3
+2 * 3 0 0 0 0 0 0 0 0 3
+2 +5 3 3
+7 -4 3 0 3
+6 +4 3
+3 * 3
+3 * 3 0 3
+6 +3 3 3 0 1 0 0 1
fe=(32)
+12 904 3 3
fi=(33)
+89 254 5 0 0 1 0 0 1
+2 * 5 0 0 0 0 0 0 0 0 5
+2 +1 5 0 5
+6 +2 5 5
+7 * 5
+3 * 5
+3 * 5 0 5
+6 +3 5
fe=(32)

fl=(56)
fn=(190)
0x25340 28 6 0 0 1 0 0 1
+4 * 6 0 6
+1 +3 6
+3 -3 6
+3 * 6
+3 * 6 0 6 0 0 1 0 0 1
+4 +3 6
+4 * 6 0 0 0 0 0 0 0 0 6
+2 * 6
+2 * 6
+2 * 6
+6 * 6 0 0 0 0 0 0 0 0 6
+2 +8 6
+2 * 6
+5 * 6
+3 * 6
+5 * 6
+2 * 6
+6 * 6 0 0 0 0 0 0 0 0 6
+2 +2 6 6
+1 * 6 6

fl=(57)
fn=(192)
0x253e0 25 5 0 0 1 0 0 1
+4 +1 5
+2 * 5
+2 * 5
+6 * 5 0 0 0 0 0 0 0 0 5
+2 +1 5 5

fl=(187)
fn=(634)
0x1f40 27 1 0 0 1 0 0 1
+4 +2 1
+3 * 1 0 0 0 0 0 0 0 0 1
+2 -2 1 0 1
+1 +6 1
+5 * 1
+6 * 1
+7 -6 1
+3 * 1 0 1
+1 * 1
+2 +6 1
+7 -6 1
+4 +6 1 0 1
+4 * 1 0 1
cfi=(184)
cfn=(620)
calls=1 0xc480 +41 
* * 199 54 19 0 9 0 0 4 0 19 4 1 1
+5 * 1
+3 +4 1
+3 * 1 0 0 1 0 0 1 0 0 1
+6 * 1 1
+4 +2 1 1
+5 * 1 0 0 0 0 0 0 0 0 1
+2 * 1 1
+3 +1 1
+3 -1 1 1
+4 +2 1 1
+4 * 1 1
+1 -1 1 0 0 0 0 0 0 0 0 0 0 1 1
cob=(2)
cfi=(188)
cfn=(636)
calls=1 0x16e4f0 -6 
* * 1111 114 308 28 39 37 26 22 36 183 28 14 14

fl=(59)
fn=(198)
0x250e0 30 6 0 0 1 0 0 1
+4 +9 6
+5 * 6
+2 * 6
+6 * 6 0 0 0 0 0 0 0 0 6
+2 +33 6 6

fl=(379)
fn=(1938)
0x5ea0 26 1 0 0 1 0 0 1
+4 * 1 0 1
+1 * 1
+3 * 1 0 1
+2 * 1 0 1
+2 * 1 0 1
+2 +17 1
+3 -17 1 0 1
+2 * 1 0 1
+1 * 1
+4 * 1 0 1
+7 +20 1 1 0 1 1 0 1
+7 * 1
+3 * 1
+4 * 1 0 0 0 0 0 0 0 0 1
+2 * 1
+4 * 1
+7 * 1
+3 * 1
+3 +3 1
+7 * 1 1 1 0 1 0 0 0 0 0 0 1 1
cob=(2)
cfi=(380)
cfn=(1940)
calls=1 0x9ba40 +22 
* * 38 9 5 5 0 0 5 0 0 8 1
+6 +2 1 1 0 0 1
+3 +3 1
+2 * 1 0 0 0 0 0 0 0 0 1
+2 +2 1 1
+3 * 1 1
+7 * 1 0 0 1 0 0 1
+3 * 1
+3 * 1 0 0 0 0 0 0 0 0 1 1
+15 -10 1
+4 * 1
+4 * 1
+4 * 1 0 0 0 0 0 0 0 0 1
+2 +95 1 1
+4 * 1 0 0 0 0 0 0 0 0 1
+2 * 1 1
+6 * 1 0 1
+7 +2 1
+6 -2 1
+2 * 1 0 0 0 0 0 0 0 0 1
+2 +6 1 1
+7 * 1 0 0 0 0 0 0 0 0 1
+6 +7 1
+4 * 1 1
+1 * 1 1
+2 * 1 1
+2 * 1 1
+2 * 1 1
+2 * 1 1
+1 * 1 1
+7 -91 1 0 0 1 0 0 1
+5 * 1
+3 * 1 0 1
+3 -2 1 0 1
+4 +2 1 0 1
cfi=(50)
cfn=(656)
calls=1 0x19da0 -22 
* * 8 3 0 2 1 0 0 0 0 1 1
+5 +5 1 1
+3 * 1
+3 * 1
+3 * 1 0 0 1 0 0 1
+8 * 1
+4 * 1
+4 * 1
+3 * 1
+7 * 1
+3 * 1
+3 * 1 0 0 0 0 0 0 0 0 1 1
+22 * 1
+5 * 1
+3 * 1
+3 * 1 0 0 0 0 0 0 0 0 1
+2 * 1 0 1 1 0 0 1
+5 +6 1 1
+3 -6 1
+3 +4 1
+3 +2 1
+2 * 1
+3 * 1 0 0 0 0 0 0 0 0 1 1
+25 +2 7 7 0 0 4
+4 * 7 0 0 0 0 0 0 0 0 7 1
+2 +2 7
+2 * 7 0 0 0 0 0 0 0 0 7 1
+6 +2 7
+2 * 7 0 7
+4 +1 7 0 7 1 0 6 1 0 1
+6 +1 7
+3 +4 7 0 7 0 0 4
+7 -12 7 7 0 0 2
+4 * 7
+3 * 7 0 0 0 0 0 0 0 0 7 4
+2 +19 1
+2 * 1
+3 * 1
+3 * 1 0 0 0 0 0 0 0 0 1
+2 * 1
+2 * 1 0 0 0 0 0 0 0 0 1
+6 +1 1
+3 * 1
+3 * 1
+2 * 1 0 0 0 0 0 0 0 0 1 1
+17 +6 1 0 0 1 0 0 1
+3 * 1
+3 * 1
+5 * 1 0 1
+3 * 1 0 1
+4 * 1 0 1
cfi=(14)
cfn=(252)
calls=1 0x12890 298 
* * 502 131 61 18 11 0 2 0 0 107 42
+5 +9 1
+7 * 1 1 1 0 0 0 0 0 0 0 0 1 1
cob=(2)
cfi=(381)
cfn=(1942)
calls=1 0x9d530 357 
* * 34 7 5 4 0 0 4 0 0 8 2
+6 +5 1 1
+3 * 1
+2 * 1 0 0 0 0 0 0 0 0 1
+2 * 1 1
+4 * 1
+4 * 1
+9 * 7
+4 +14 7 0 7
+8 -14 7
+3 * 7 0 0 0 0 0 0 0 0 7 1
+2 +2 7 7 0 1 0 0 1
+3 +2 7 7
+8 * 7 0 0 0 0 0 0 0 0 7 2
+2 +2 7
+3 * 7 0 7
+4 * 7 0 7
+4 * 7 0 7
cfi=(382)
cfn=(1946)
calls=7 0x1fb0 -96 
* * 2357 847 382 72 92 2 53 4 1 382 88 75 43
+5 +3 7
+3 * 7 0 7
cfi=(50)
cfn=(1970)
calls=7 0x19f90 -26 
* * 35 14 0 1 0 0 1 0 0 7 1
+5 * 7 7
+4 * 7 7
+4 * 7
+2 +8 1 0 0 1 0 0 1
+3 * 1 0 0 0 0 0 0 0 0 1 1
+10 +4 1
+2 * 1
+3 * 1 0 1
cfi=(50)
cfn=(656)
calls=1 0x19da0 -94 
* * 8 3 0 0 0 0 0 0 0 1 1
+5 * 1 1
+4 * 1

fl=(55)
fn=(186)
0x28600 40 5 0 0 1 0 0 1
+4 * 5 0 5
+1 * 5
+3 * 5 0 5
+2 * 5
+3 * 5 0 5
+1 +1 5 0 5
cfi=(23)
cfn=(64)
calls=5 +82 +16 
* * 175 25 0 1 0 0 1 0 0 15 3
+5 * 5
fi=(407) /usr/src/debug/glibc/glibc/string/../include/rtld-malloc.h
+4 +15 5
+3 * 5 5 5 0 0 0 0 0 0 0 0 5 1
cfi=(28)
cfn=(80)
calls=5 0xc690 -20 
* * 90 15 15 0 0 0 0 0 0 15 1
fe=(55)
+6 -12 5
+3 * 5 0 0 0 0 0 0 0 0 5
+2 +3 5
+3 * 5
+3 +1 5 5
+1 -1 5
+3 +1 5 5
+2 * 5 5
+1 -1 5
cfi=(30)
cfn=(84)
calls=5 0x26440 210 
* * 63 17 12 0 0 3 0 0 3 12 2

ob=(7)
fl=(245) /usr/src/debug/gcc/gcc-build/x86_64-pc-linux-gnu/libstdc++-v3/src/c++98/monetary_members_cow.cc
fn=(844) std::moneypunct<char, true>::_M_initialize_moneypunct(__locale_struct*, char const*)
0xd60e0 216 1 0 0 1 0 0 1
+4 * 1 0 1
+1 * 1
+3 * 1
+4 * 1 0 1
+4 * 1
+3 * 1 0 1
+4 * 1
+3 +1 1 1
+5 * 1 0 0 1 0 0 1 0 0 1
+6 +3 1
+3 * 1 0 0 0 0 0 0 0 0 1 1
0xd6330 +3 1 1 0 1 0 0 1
+4 +12 1 1
+7 -10 1 0 0 1 0 0 1
+7 -2 1 0 1
+4 +1 1 1
+4 +11 1 1
+2 -11 1 0 1
+4 +1 1 1
+4 * 1 0 1
+4 +1 1 0 1
+8 +1 1 0 1
+4 +1 1 0 1
+4 +1 1 0 1
+8 +1 1 0 1
+4 +1 1 0 1
+8 +1 1 0 1
+4 +1 1 0 1 1 0 0 1
+8 +1 1 0 1
+7 +1 1 0 1
+3 +1 1 1
+4 * 1 0 1
+3 +3 1 1
+7 * 1 1
+3 -1 1
+2 * 1
+5 * 1
+11 * 1
+11 +1 1 1 0 1 0 0 1
+4 * 1 1
+4 * 1 0 1
+4 -1 1
+4 * 1
+4 * 1 0 0 0 0 0 0 0 0 1
-20 +1 10 10
+4 * 10 10
+4 * 10 0 10
+4 -1 10
+4 * 10
+4 * 10 0 0 0 0 0 0 0 0 10 5
+2 366 1 1
+4 * 1 1
+4 * 1 1
+1 * 1 1

fn=(852) std::moneypunct<wchar_t, true>::_M_initialize_moneypunct(__locale_struct*, char const*)
0xd6dc0 558 1 0 0 1 0 0 1
+4 * 1 0 1
+1 * 1
+3 * 1
+4 * 1 0 1
+4 * 1
+3 * 1 0 1
+4 * 1 1
+9 * 1 0 1
+4 * 1
+3 +1 1 1
+5 * 1 0 0 0 0 0 0 0 0 1
+6 +3 1
+3 * 1 0 0 0 0 0 0 0 0 1 1
0xd7015 731 1 1
+4 * 1 1
+9 * 1 0 0 0 0 0 0 0 0 1
+6 * 1 1
+4 * 1 1
+4 * 1 1
+1 * 1 1
+7 565 1 1 0 1 0 0 1
+5 +5 1 0 0 1 0 0 1
+7 -5 1
+10 +2 1
+7 -2 1 0 1
+4 +12 1 1
+7 -7 1 0 1
+4 +7 1 1
+2 -5 1 0 1
+4 +2 1 0 1
+4 +3 1 0 1
+3 -10 1 0 1
+4 +1 1 0 1
+8 +1 1 0 1 1 0 0 1
+4 +2 1 0 1
+8 +2 1 0 1
+8 +2 1 0 1
+8 +1 1 0 1
+7 +2 1 1
+5 * 1 0 1
+3 +5 1 1
+7 -1 1 1
+5 +1 1 1
+3 -2 1
+2 * 1
+7 +2 1 1 0 1 0 0 1
+4 * 1 0 1
+4 -2 1
+4 * 1
+4 * 1 0 0 0 0 0 0 0 0 1
-16 +2 10 10
+4 * 10 0 10
+4 -2 10
+4 * 10
+4 * 10 0 0 0 0 0 0 0 0 10 6
+2 * 1

fn=(842) std::moneypunct<char, false>::_M_initialize_moneypunct(__locale_struct*, char const*)
0xd6620 372 1 0 0 1 0 0 1
+4 * 1 0 1
+1 * 1
+3 * 1
+4 * 1 0 1
+4 * 1
+3 * 1 0 1
+4 * 1
+3 +1 1 1
+5 * 1 0 0 1 0 0 1 0 0 1
+6 +3 1
+3 * 1 0 0 0 0 0 0 0 0 1 1
0xd6860 +3 1 1 0 1 0 0 1
+4 +12 1 1
+7 -10 1
+7 -2 1 0 1
+4 +1 1 1
+4 +11 1 1
+2 -11 1 0 1
+4 +1 1 1 0 1 0 0 1
+4 * 1 0 1
+4 +1 1 0 1
+8 +1 1 0 1
+4 +1 1 0 1
+4 +1 1 0 1
+8 +1 1 0 1
+4 +1 1 0 1
+8 +1 1 0 1
+4 +1 1 0 1
+8 +1 1 0 1
+7 +1 1 0 1 1 0 0 1
+3 +1 1 1
+4 * 1 0 1
+3 +3 1 1
+7 * 1 1
+3 -1 1
+2 * 1
+11 +1 1 1
+4 * 1 1
+4 * 1 0 1
+4 -1 1
+4 * 1
+4 * 1 0 0 0 0 0 0 0 0 1 1
-20 +1 10 10
+4 * 10 10
+4 * 10 0 10
+4 -1 10
+4 * 10
+4 * 10 0 0 0 0 0 0 0 0 10 5
+2 517 1 1
+4 * 1 1
+4 * 1 1
+1 * 1 1

fn=(850) std::moneypunct<wchar_t, false>::_M_initialize_moneypunct(__locale_struct*, char const*)
0xd73e0 741 1 0 0 1 0 0 1
+4 * 1 0 1
+1 * 1
+3 * 1
+4 * 1 0 1
+4 * 1
+3 * 1 0 1
+4 * 1 1
+9 * 1 0 1 1 0 0 1
+4 * 1
+3 +1 1 1
+5 * 1 0 0 0 0 0 0 0 0 1 1
+6 +3 1
+3 * 1 0 0 0 0 0 0 0 0 1 1
0xd7635 914 1 1 0 1 0 0 1
+4 * 1 1
+9 * 1 0 0 0 0 0 0 0 0 1
+6 * 1 1
+4 * 1 1
+4 * 1 1
+1 * 1 1
+7 748 1 1 0 1 0 0 1
+5 +5 1
+7 -5 1
+10 +2 1
+7 -2 1 0 1
+4 +12 1 1
+7 -7 1 0 1 1 0 0 1
+4 +7 1 1
+2 -5 1 0 1
+4 +2 1 0 1
+4 +3 1 0 1
+3 -10 1 0 1
+4 +1 1 0 1
+8 +1 1 0 1
+4 +2 1 0 1
+8 +2 1 0 1
+8 +2 1 0 1
+8 +1 1 0 1
+7 +2 1 1 0 1 0 0 1
+5 * 1 0 1
+3 +5 1 1
+7 -1 1 1
+5 +1 1 1
+3 -2 1
+2 * 1
+7 +2 1 1
+4 * 1 0 1
+4 -2 1
+4 * 1
+4 * 1 0 0 0 0 0 0 0 0 1 1
-16 +2 10 10
+4 * 10 0 10
+4 -2 10
+4 * 10
+4 * 10 0 0 0 0 0 0 0 0 10 5
+2 * 1

fl=(317) /usr/src/debug/gcc/gcc/libstdc++-v3/src/c++98/istream-string.cc
fn=(1240) std::basic_istream<char, std::char_traits<char> >& std::getline<char, std::char_traits<char>, std::allocator<char> >(std::basic_istream<char, std::char_traits<char> >&, std::__cxx11::basic_string<char, std::char_traits<char>, std::allocator<char> >&, char)
0xd3390 124 258 0 0 1 0 0 1
+4 * 258 0 258
+1 * 258
+3 * 258
+4 * 258 0 258
+4 * 258
+3 * 258 0 258
+4 * 258 0 258
+3 +12 258
+5 * 258 258
+9 * 258 0 258
+4 * 258
+3 * 258 0 0 1 0 0 1
+4 * 258 258 258 0 5 0 0 0 0 0 0 258 1
cfi=(305) /usr/src/debug/gcc/gcc-build/x86_64-pc-linux-gnu/libstdc++-v3/include/bits/istream.tcc
cfn=(1166) std::istream::sentry::sentry(std::istream&, bool)
calls=258 0x13b990 -85 
* * 7998 2580 1806 0 4 0 0 0 0 774 8
+6 +1 258 258
+4 * 258 0 0 0 0 0 0 0 0 258 4
+7 +63 1 1
+4 * 1 1
+3 * 1 1
fi=(249) /usr/src/debug/gcc/gcc-build/x86_64-pc-linux-gnu/libstdc++-v3/include/bits/ios_base.h
+4 -2 1 1
fi=(247) /usr/src/debug/gcc/gcc-build/x86_64-pc-linux-gnu/libstdc++-v3/include/bits/basic_ios.h
+3 -30 1 1 1 0 0 0 0 0 0 0 0 1 1
cfi=(250) /usr/src/debug/gcc/gcc-build/x86_64-pc-linux-gnu/libstdc++-v3/include/bits/basic_ios.tcc
cfn=(1150) std::basic_ios<char, std::char_traits<char> >::clear(std::_Ios_Iostate)
calls=1 0x1388f0 46 
* * 9 3 1 0 0 0 0 0 0 1 1
fe=(317)
+6 +34 258 258
+4 * 258 258
+9 * 258 0 0 0 0 0 0 0 0 258
+6 * 258 258
+4 * 258 258
+4 * 258 258
+1 * 258 258
fi=(316) /usr/src/debug/gcc/gcc-build/x86_64-pc-linux-gnu/libstdc++-v3/include/bits/basic_string.h
+4 +36 258 258 0 1 0 0 1
fe=(317)
+3 -94 258 258
+4 * 258 0 258
+4 * 258 0 258
+4 * 258 0 258
fi=(312) /usr/src/debug/gcc/gcc-build/x86_64-pc-linux-gnu/libstdc++-v3/include/bits/char_traits.h
+4 355 258 0 258 0 0 4
fe=(317)
+3 144 258 258
fi=(316)
+3 +89 258 0 258
fi=(247)
+8 339 258 258
+4 * 258 258
fi=(246) /usr/src/debug/gcc/gcc-build/x86_64-pc-linux-gnu/libstdc++-v3/include/streambuf
+8 498 258 258
+5 350 258 258
+5 * 258 0 0 1 0 0 1 0 0 258 1
+6 * 257 0 257
fi=(312)
+4 455 257 257 0 0 5
+3 * 257 257
fe=(317)
+4 133 257
fi=(312)
+3 455 257 0 257
fi=(316)
+3 258 257
+4 * 257 0 257
fe=(317)
+4 148 257
+3 * 257 0 0 0 0 0 0 0 0 257
fi=(312)
-21 455 1 1
fe=(317)
+4 133 1
fi=(312)
+3 455 1 0 1
fi=(316)
+3 258 1
+4 * 1 0 1
fe=(317)
+4 148 1
+3 * 1 0 0 0 0 0 0 0 0 1 1
-3 * 48
+3 * 48 0 0 0 0 0 0 0 0 48
fi=(312)
+6 408 305 305
+4 * 305 0 305
fe=(317)
+3 149 305 305
+3 * 305 0 0 0 0 0 0 0 0 305 1
-3 * 256 256
+3 * 256 0 0 0 0 0 0 0 0 256 14
fi=(246)
+6 498 304 304
fe=(317)
+5 152 304 304 0 1 0 0 1
+5 +1 304
+10 * 304
fi=(316)
+3 1189 304 304
fe=(317)
+4 152 304
fi=(266) /usr/src/debug/gcc/gcc-build/x86_64-pc-linux-gnu/libstdc++-v3/include/bits/stl_algobase.h
+3 +85 304
+3 * 304
fe=(317)
+4 -83 304
+4 * 304 0 0 0 0 0 0 0 0 304
fi=(312)
+6 408 304 0 304
+4 * 304 304
+3 * 304
+3 * 304 0 304
+4 * 304 304 304 0 5 0 0 0 0 0 0 304 256
cob=(2)
cfi=(318)
cfn=(1248)
calls=304 0x1715c0 61 
* * 54765 13863 0 10 834 0 10 127 0 9294 627
fe=(317)
+6 160 304 304
+4 * 304 304 0 4 0 0 1
+4 * 304
+3 * 304
+3 * 304
fi=(316)
+3 426 304
fe=(317)
+10 160 304
fi=(316)
+4 426 304
+3 * 304
+3 * 304 0 0 0 0 0 0 0 0 304
+6 1594 304
+3 * 304
+3 * 304
+3 * 304 0 304
cfi=(319) /usr/src/debug/gcc/gcc-build/x86_64-pc-linux-gnu/libstdc++-v3/include/bits/basic_string.tcc
cfn=(1250) std::__cxx11::basic_string<char, std::char_traits<char>, std::allocator<char> >::_M_append(char const*, unsigned long) [clone .isra.0]
calls=304 0xd2e80 476 
* * 55813 16643 14726 59 22 133 29 1 24 6191 528 311 6
fi=(246)
+5 809 304 304
fe=(317)
+5 163 304
fi=(246)
+3 809 304
+3 * 304 0 304 6 0 0 1
+5 350 304 304
+5 * 304 0 0 0 0 0 0 0 0 304 38
fi=(312)
+6 455 256 256
fe=(317)
+3 149 256
+10 * 256
+3 * 256 0 0 0 0 0 0 0 0 256 17
fi=(246)
0xd35d0 498 257 257 0 1 0 0 1
fe=(317)
+5 178 257
fi=(246)
+4 328 257 257
+5 * 257 0 0 0 0 0 0 0 0 257
+6 511 257
+4 * 257 0 257
fe=(317)
+5 197 257
+3 * 257 0 0 0 0 0 0 0 0 257
+6 * 257 257
+4 * 257 257
+4 * 257 257 0 1 0 0 1
+4 * 257 257
+4 * 257
fi=(246)
+42 353 48 48
+4 * 48
+3 * 48 48 48 0 28 0 0 0 0 0 0 48 1
cfi=(292) /usr/src/debug/gcc/gcc-build/x86_64-pc-linux-gnu/libstdc++-v3/include/bits/fstream.tcc
cfn=(1172) std::basic_filebuf<char, std::char_traits<char> >::underflow()
calls=48 0x12e380 -26 
* * 6768 2352 1248 72 79 0 0 0 0 672 7 240
+3 * 48
fe=(317)
+2 149 48 0 0 1 0 0 1
+10 * 48
+3 * 48 0 0 0 0 0 0 0 0 48 2
fi=(249)
0xd36b0 +64 1 0 0 1 0 0 1
+4 * 1 1
+4 * 1 1
+4 * 1
+2 * 1 1
+4 * 1 1
+4 * 1
+3 * 1
+3 * 1
fi=(246)
+12 353 1 1 0 1 0 0 1
+4 * 1
+3 * 1 1 1 0 0 0 0 0 0 0 0 1 1
cfi=(292)
cfn=(1172)
calls=1 0x12e380 -26 
* * 137 47 26 5 0 0 4 0 0 13 4 5
+3 * 1 0 1
+4 * 1
+2 * 1
fe=(317)

fl=(211) /usr/src/debug/gcc/gcc/libstdc++-v3/src/c++98/ios_init.cc
fn=(2002) std::ios_base::Init::~Init()
0xcc270 123 1 0 0 1 0 0 1
fi=(212) /usr/src/debug/gcc/gcc-build/x86_64-pc-linux-gnu/libstdc++-v3/include/ext/atomicity.h
+4 -66 1 1 0 0 1
+7 +59 1 0 0 1 0 0 1
+7 +25 1 1
+3 * 1 0 0 0 0 0 0 0 0 1
+2 -25 1 1
+2 +5 1
+3 * 1 0 1
fe=(211)
+2 +6 1
+3 * 1 0 0 0 0 0 0 0 0 1 1
+21 -4 1 0 1
+1 +11 1 1 0 0 1
+7 -11 1
+3 +11 1 1 1 0 0 0 0 0 0 0 0 1 1
cfi=(358) /usr/src/debug/gcc/gcc-build/x86_64-pc-linux-gnu/libstdc++-v3/include/bits/ostream.tcc
cfn=(1896) std::ostream::flush()
calls=1 0x15aee0 +91 
* * 127 52 20 9 11 0 9 2 0 18 6 4 3
+6 +1 1 1 0 0 1
+7 * 1 1 1 1 0 0 1 0 0 0 0 1 1
cfi=(358)
cfn=(1896)
calls=1 0x15aee0 +90 
* * 394 161 65 5 11 0 5 1 0 54 12 15 5
+6 +1 1 1
+7 * 1 1 1 0 0 0 0 0 0 0 0 1 1
cfi=(358)
cfn=(1896)
calls=1 0x15aee0 +89 
* * 127 52 20 0 2 0 0 0 0 18 3 4
+6 +3 1 1 0 0 1
+7 * 1 1 1 0 1 0 0 0 0 0 0 1 1
cfi=(358)
cfn=(2024) std::basic_ostream<wchar_t, std::char_traits<wchar_t> >::flush()
calls=1 0x15e820 +86 
* * 127 52 20 7 6 0 7 0 0 18 4 4 3
+6 +1 1 1 0 0 1
+7 * 1 1 1 0 0 0 0 0 0 0 0 1 1
cfi=(358)
cfn=(2024)
calls=1 0x15e820 +85 
* * 394 161 65 1 5 0 1 0 0 54 8 15 3
+6 +1 1 1 0 0 1
+7 * 1 1 1 0 0 0 0 0 0 0 0 1 1
cfi=(358)
cfn=(2024)
calls=1 0x15e820 +84 
* * 127 52 20 0 2 0 0 0 0 18 3 4
+6 +6 1 1
+1 * 1 1

fn=(728) std::ios_base::Init::Init()
0xcbb90 78 1 0 0 1 0 0 1
+4 * 1 0 1
+1 * 1
+3 * 1
fi=(212)
+4 +63 1 1 0 0 1
fe=(211)
+7 -63 1 0 1
fi=(212)
+4 +38 1
+7 +25 1 1
+3 * 1 0 0 0 0 0 0 0 0 1
+2 -25 1 1 0 0 1 0 0 1
+2 +5 1
+3 * 1 0 1
fe=(211)
+2 -41 1
+2 * 1 0 0 0 0 0 0 0 0 1 1
+25 * 1 1 0 1 1 0 1
+7 * 1 0 1
fi=(246)
+4 475 1
+4 * 1
+7 * 1 0 1
+4 * 1
+4 * 1
+4 * 1 0 1
+4 * 1
+5 * 1 0 0 1 0 0 1
+5 * 1 1 0 0 1
+7 * 1 0 1
+4 * 1
+4 * 1 0 1 0 0 1
+7 * 1
+4 * 1 0 1
+4 * 1
+5 * 1 0 1
+4 * 1 1 0 0 1
+7 * 1 0 1
+4 * 1
+4 * 1
+4 * 1 0 1 1 0 1 1
+7 * 1
+5 * 1
+5 * 1 1 0 0 1
+7 -1 1 0 1
+11 * 1
+4 * 1
+4 * 1 0 1
+4 * 1
fe=(211)
+5 83 1
fi=(246)
+7 475 1 0 1 1 0 0 1
fe=(211)
+7 83 1 0 1 0 0 1
+3 +2 1 1
fi=(246)
+7 475 1 0 1
fe=(211)
+4 85 1 1
fi=(246)
+3 475 1 1 1 0 1 1 0 0 0 0 0 1 1
cfi=(213) /usr/src/debug/gcc/gcc/libstdc++-v3/src/c++11/locale_init.cc
cfn=(732) std::locale::locale()
calls=1 0xe7cd0 269 
* * 35598 10190 3942 277 142 101 277 21 94 6947 307 814 132
+6 * 1 1
fi=(387) /usr/src/debug/gcc/gcc-build/x86_64-pc-linux-gnu/libstdc++-v3/include/ext/stdio_sync_filebuf.h
+5 83 1 1 0 0 1
fi=(246)
+7 475 1
+7 * 1 1
fi=(387)
+5 83 1 0 1
+7 * 1
fe=(211)
+4 +3 1 1 0 1 0 0 1
fi=(246)
+7 475 1 0 1 0 0 1
+7 * 1 0 1
fe=(211)
+7 86 1 1
fi=(246)
+3 475 1 0 1
fi=(387)
+7 83 1 0 1
+7 * 1 0 1
fi=(246)
+10 474 1 0 1
+11 +1 1 1 1 0 0 0 0 0 0 0 0 1 1
cfi=(213)
cfn=(732)
calls=1 0xe7cd0 269 
* * 25 9 5 0 0 0 0 0 0 3 1
+6 * 1 1 0 1 0 0 1
fe=(211)
+5 87 1 1
fi=(387)
+7 -4 1 0 1
fi=(246)
+7 475 1 1
+5 * 1
fi=(387)
+7 83 1 0 1
fe=(211)
+7 +4 1 1
fi=(246)
+3 475 1 0 1 0 0 1
+7 * 1 0 1 0 0 1
+7 * 1 0 1
fi=(387)
+7 83 1 0 1 1 0 0 1
fi=(246)
+10 474 1 0 1
+11 +1 1 1 1 0 0 0 0 0 0 0 0 1 1
cfi=(213)
cfn=(732)
calls=1 0xe7cd0 269 
* * 25 9 5 0 0 0 0 0 0 3
fi=(247)
+6 +3 1 1 0 0 1
fi=(387)
+7 83 1 0 1
+7 * 1 0 1
+7 * 1 0 1
fi=(247)
+10 478 1
+4 * 1 1 1 0 1 0 0 0 0 0 0 1 1
cfi=(248) /usr/src/debug/gcc/gcc/libstdc++-v3/src/c++11/ios.cc
cfn=(862) std::ios_base::ios_base()
calls=1 0xe6240 76 
* * 85 11 29 3 0 4 3 0 4 11 2 1 1
+6 * 1 1 0 1 0 0 1
+5 -1 1
fi=(253) /usr/src/debug/gcc/gcc-build/x86_64-pc-linux-gnu/libstdc++-v3/include/bits/ostream.h
+2 93 1
+4 * 1 1
fi=(247)
+5 477 1 0 1
fi=(253)
+8 93 1
fi=(247)
+7 477 1 0 1
+11 +1 1 0 1
+8 * 1 0 1 0 0 1 0 0 1
fi=(253)
+8 93 1 0 1
+4 * 1 1 1 1 0 0 1 0 0 0 0 1 1
cfi=(250)
cfn=(866) std::basic_ios<char, std::char_traits<char> >::init(std::basic_streambuf<char, std::char_traits<char> >*)
calls=1 0x138d90 +38 
* * 951 109 73 25 7 0 25 2 0 40 18 10 10
fi=(247)
+6 478 1 1 0 0 1
+7 * 1
+4 * 1 1 1 0 0 0 0 0 0 0 0 1 1
cfi=(248)
cfn=(862)
calls=1 0xe6240 76 
* * 85 11 29 0 0 3 0 0 3 11 6 1
+6 * 1
+4 -1 1
fi=(254) /usr/src/debug/gcc/gcc-build/x86_64-pc-linux-gnu/libstdc++-v3/include/istream
+2 103 1
+4 -1 1 1 0 0 1
fi=(247)
+7 477 1 0 1
fi=(254)
+8 103 1
fi=(247)
+7 477 1 0 1
fi=(254)
+11 102 1 0 0 1 0 0 1
+4 * 1
+4 * 1 0 1
+8 * 1 0 1
+4 * 1 0 1
fi=(247)
+4 478 1 0 1
+8 * 1 0 1
fi=(254)
+8 103 1 1 1 0 0 0 0 0 0 0 0 1 1
cfi=(250)
cfn=(866)
calls=1 0x138d90 +28 
* * 153 61 34 0 0 0 0 0 0 12 7 8
fi=(247)
+6 478 1 1 0 0 1
+7 * 1
+5 * 1 1 1 0 0 0 0 0 0 0 0 1 1
cfi=(248)
cfn=(862)
calls=1 0xe6240 76 
* * 85 11 29 0 0 4 0 0 0 11 5 1
fi=(253)
+6 93 1 1 0 1 0 0 1
fi=(247)
+5 478 1
+4 -1 1
+2 * 1 0 1
fi=(253)
+9 93 1
+7 * 1
fi=(247)
+5 477 1 0 1
+12 +1 1 0 1
+9 * 1 0 1 0 0 1
fi=(253)
+9 93 1 0 1 1 0 0 1
+5 * 1 1 1 0 0 0 0 0 0 0 0 1 1
cfi=(250)
cfn=(866)
calls=1 0x138d90 +38 
* * 153 61 34 0 0 0 0 0 0 12 0 8
fi=(247)
+6 478 1 1 0 0 1
+7 * 1
+4 * 1 0 1
+4 * 1 1 1 0 0 0 0 0 0 0 0 1 1
cfi=(248)
cfn=(862)
calls=1 0xe6240 76 
* * 85 11 29 0 0 4 0 0 4 11 4 1
fi=(253)
+6 93 1 1
fi=(247)
+5 478 1
+4 -1 1
+2 * 1 0 1
fi=(253)
+11 93 1 1
+4 * 1
fi=(247)
+7 477 1 0 1 1 0 0 1
+8 +1 1 0 1
+8 * 1 0 1
fi=(253)
+8 93 1 0 1
+4 * 1 1 1 0 0 0 0 0 0 0 0 1 1
cfi=(250)
cfn=(866)
calls=1 0x138d90 +38 
* * 153 61 34 0 0 0 0 0 0 12 0 8
fe=(211)
+6 +9 1 1
fi=(246)
+7 475 1 1
+5 * 1
fi=(247)
+4 326 1 0 1
+7 * 1 0 1
fi=(246)
+8 475 1 0 0 1 0 0 1
fe=(211)
+7 102 1 1
fi=(246)
+3 475 1 0 1 0 0 1
fi=(249)
+7 107 1 0 1
fi=(246)
+9 475 1 0 1
+7 * 1 0 1
+7 * 1 0 1
+4 -1 1 0 1
+11 +1 1 1 1 0 0 0 0 0 0 0 0 1 1
cfi=(213)
cfn=(732)
calls=1 0xe7cd0 269 
* * 25 9 5 0 0 0 0 0 0 3
+6 * 1 1
fi=(387)
+5 83 1 1 0 1 0 0 1
+7 * 1 0 1 0 0 1
fi=(246)
+7 475 1 1
+5 * 1
fi=(387)
+7 83 1 0 1
+10 * 1
fe=(211)
+4 +20 1 1
fi=(246)
+7 475 1 0 1 0 0 1
+7 * 1 0 1
fe=(211)
+7 103 1 1
fi=(246)
+3 475 1 0 1 1 0 1 1
fi=(387)
+7 83 1 0 1
fi=(246)
+7 474 1 0 1
+11 +1 1 1 1 0 0 0 0 0 0 0 0 1 1
cfi=(213)
cfn=(732)
calls=1 0xe7cd0 269 
* * 25 9 5 0 0 0 0 0 0 3 1
+6 * 1 1
fe=(211)
+5 104 1 1
fi=(387)
+7 -21 1 0 1
fi=(246)
+7 475 1 1
+5 * 1
fi=(387)
+7 83 1 0 1 1 0 0 1
fe=(211)
+7 +21 1 1
fi=(246)
+3 475 1 0 1 0 0 1
+7 * 1 0 1
+7 * 1 0 1
fi=(387)
+7 83 1 0 1
fi=(246)
+10 474 1 0 1
+11 +1 1 1 1 0 0 0 0 0 0 0 0 1 1
cfi=(213)
cfn=(732)
calls=1 0xe7cd0 269 
* * 25 9 5 0 0 0 0 0 0 3
fi=(247)
+6 +3 1 1 0 0 1
fi=(387)
+7 83 1 0 1 1 0 0 1
+7 * 1 0 1
+7 * 1 0 1
fi=(247)
+10 478 1
+4 * 1 1 1 0 0 0 0 0 0 0 0 1 1
cfi=(248)
cfn=(862)
calls=1 0xe6240 76 
* * 85 11 29 0 0 4 0 0 4 11 1 1
+6 * 1 1
fi=(253)
+5 93 1
+4 * 1 1
fi=(247)
+5 477 1 0 1
fi=(253)
+8 93 1
fi=(247)
+7 477 1 0 1 1 0 0 1
+11 * 1 0 1
+11 +1 1 0 1
+8 * 1 0 1 0 0 1 0 0 1
fi=(253)
+8 93 1 0 1
+4 * 1 1 1 0 0 0 0 0 0 0 0 1 1
cfi=(250)
cfn=(888) std::basic_ios<wchar_t, std::char_traits<wchar_t> >::init(std::basic_streambuf<wchar_t, std::char_traits<wchar_t> >*)
calls=1 0x139a50 +38 
* * 155 63 35 6 1 0 6 0 0 11 0 9 6
fi=(247)
+6 478 1 1 0 0 1
+7 * 1
+4 * 1 1 1 0 0 0 0 0 0 0 0 1 1
cfi=(248)
cfn=(862)
calls=1 0xe6240 76 
* * 85 11 29 0 0 4 0 0 4 11 6 1
fi=(254)
+6 102 1 1 0 1 1 0 1
fi=(247)
+7 478 1
+4 -1 1 0 1
+11 * 1 0 1
fi=(254)
+11 103 1
+7 * 1
+4 -1 1
+4 * 1
fi=(247)
+4 477 1 0 1
fi=(254)
+8 102 1 0 1
+4 * 1 0 1 1 0 0 1
+4 * 1 0 1
fi=(247)
+8 478 1 0 1
+8 * 1 0 1
fi=(254)
+8 103 1 1 1 0 0 0 0 0 0 0 0 1 1
cfi=(250)
cfn=(888)
calls=1 0x139a50 +28 
* * 155 63 35 0 0 0 0 0 0 11 0 9
fi=(247)
+6 478 1 1
+7 * 1
+5 * 1 1 1 0 0 0 0 0 0 0 0 1 1
cfi=(248)
cfn=(862)
calls=1 0xe6240 76 
* * 85 11 29 0 0 4 0 0 0 11 6 1
fi=(253)
+6 93 1 1
fi=(247)
+5 478 1
+4 -1 1 0 1 1 0 1 1
+12 * 1 0 1
fi=(253)
+9 93 1
+7 * 1
fi=(247)
+5 477 1 0 1
+12 +1 1 0 1
+9 * 1 0 1
fi=(253)
+9 93 1 0 1
+5 * 1 1 1 1 0 0 1 0 0 0 0 1 1
cfi=(250)
cfn=(888)
calls=1 0x139a50 +38 
* * 155 63 35 0 0 0 0 0 0 11 0 9
fi=(247)
+6 478 1 1
+7 * 1
+4 * 1 0 1
+4 * 1 1 1 0 0 0 0 0 0 0 0 1 1
cfi=(248)
cfn=(862)
calls=1 0xe6240 76 
* * 85 11 29 0 0 4 0 0 0 11 0 1
fi=(253)
+6 93 1 1
fi=(247)
+5 478 1
+4 -1 1 0 1
+11 * 1 0 1
fi=(253)
+11 93 1 1
+4 * 1 0 0 1 0 0 1
fi=(247)
+7 477 1 0 1
+8 +1 1 0 1
+8 * 1 0 1
fi=(253)
+8 93 1 0 1
+4 * 1 1 1 0 0 0 0 0 0 0 0 1 1
cfi=(250)
cfn=(888)
calls=1 0x139a50 +38 
* * 155 63 35 0 0 0 0 0 0 11 0 9
fi=(212)
+6 +58 1 1
fi=(247)
+7 326 1 0 1
fi=(249)
+7 107 1 0 1
fi=(247)
+9 326 1 0 1 1 0 0 1
fi=(212)
+8 151 1 1
+3 * 1 0 0 0 0 0 0 0 0 1
+2 -19 1 0 1
+3 * 1 1
+4 * 1 1
+4 * 1 1
+4 * 1 1
fe=(211)
+4 -11 1 1
+4 * 1 1
+1 * 1 1

fl=(293) /usr/src/debug/gcc/gcc-build/x86_64-pc-linux-gnu/libstdc++-v3/src/c++11/basic_file.cc
fn=(1102) std::__basic_file<char>::is_open() const
0xfa290 304 12 0 0 1
+4 * 12 12
+4 * 12
+3 * 12 12

fn=(1608) std::__basic_file<char>::~__basic_file()
0xfa500 210 2 0 0 1
+4 * 2 0 2
+1 * 2
+3 +1 2 2 2 0 0 0 0 0 0 0 0 2 1
cfn=(1584) std::__basic_file<char>::close()
calls=2 0xfa4a0 318 
* * 36 12 6 0 0 0 0 0 0 2 2 2
+6 * 2 2
+1 * 2 2

fn=(1180) std::__basic_file<char>::xsgetn(char*, long)
0xfa510 334 50 0 0 9 0 0 1
+4 * 50 0 50
+1 * 50
+3 * 50 0 50
+2 * 50
+3 * 50 0 50
+2 * 50
+3 * 50 0 50
+2 * 50
+3 * 50 0 50
+1 * 50
+19 +14 50
+3 * 50 50 50 1 7 0 1 0 0 0 0 50 1
cfn=(1182) std::__basic_file<char>::fd()
calls=50 0xfa480 -39 
* * 500 250 0 51 24 0 2 0 0 100 0 50 1
fi=(307) /usr/include/bits/unistd.h
+6 32 50
+3 * 50
+3 * 50
+2 * 50 50 50 0 6 0 0 0 0 0 0 50 1
cob=(2)
cfi=(308)
cfn=(1188)
calls=50 0x110010 -7 
* * 1850 650 350 9 6 0 1 0 0 100 3
+6 * 50
fe=(293)
+3 349 50
+4 * 50 0 0 0 0 0 0 0 0 50
+2 +3 50
+3 * 50 50
+1 * 50 50
+2 * 50 50
+2 * 50 50
+2 * 50 50
+1 * 50 50

fn=(1584)
0xfa4a0 318 4
+4 * 4 0 4
+1 * 4
+3 * 4 0 4
+1 * 4
+3 * 4
+4 +2 4 4 4 0 0 0 0 0 0 0 0 4 2
cfn=(1102)
calls=4 0xfa290 -16 
* * 16 8
+6 -1 4
+2 +1 4
+2 * 4 0 0 0 0 0 0 0 0 4 2
+2 +3 2 2
+4 * 2 0 0 2 0 0 1 0 0 2 2
+12 +7 2 2
+4 * 2
+3 * 2 2
+1 * 2 2
+4 * 2 0 2
+4 -6 2 2
+3 * 2 2 2 0 1 0 0 0 0 0 0 2 1
cob=(2)
cfi=(347) /usr/src/debug/glibc/glibc/libio/iofclose.c
cfn=(1586) fclose@@GLIBC_2.2.5
calls=2 0x813f0 34 
* * 682 200 120 76 27 2 37 0 0 106 47 6 3
+6 -5 2 2
+4 +6 2 0 2
+7 -6 2
+2 * 2
+4 +11 2 2
+4 * 2 2
+1 * 2
+3 * 2 2

fn=(1090) std::__basic_file<char>::__basic_file(pthread_mutex_t*)
0xfa280 207 2 0 0 1 0 0 1
+4 +1 2 0 2
+7 * 2 0 2
+4 * 2 2

fn=(1106) (anonymous namespace)::fopen_mode(std::_Ios_Openmode)
0xfa1b0 93 2 0 0 1
+3 * 2
+3 * 2 0 0 0 0 0 0 0 0 2 2
+2 * 2
+7 * 2 2 0 2 2 0 1 1
+4 * 2
+3 * 2 0 0 0 0 0 0 0 0 0 0 2 2
0xfa268 +8 1 0 0 1 0 0 1
+7 * 1 1
+1 -6 1 0 0 1
+7 * 1 1

fn=(1904) std::__basic_file<char>::xsputn(char const*, long)
0xfa570 356 32640 0 0 1
+4 * 32640 0 32640
+1 * 32640
+3 * 32640 0 32640
+2 * 32640 0 32640
+2 * 32640
+3 * 32640 0 32640 1 0 0 1
+2 * 32640
+3 * 32640 0 32640
+1 132 32640
+3 360 32640 32640 32640 0 1 0 0 0 0 0 0 32640 1
cfn=(1182)
calls=32640 0xfa480 -51 
* * 326400 163200 0 2 1 0 0 0 0 65280 2 32640
+6 * 32640
+3 141 32640
+3 * 32640
+3 * 32640
+3 * 32640 32640 32640 0 1 0 0 0 0 0 0 32640 1
cob=(2)
cfi=(376)
cfn=(1906)
calls=32640 0x110b40 25 
* * 1207680 424320 228480 1 0 0 0 0 0 65280 2
+6 +1 32640
+4 * 32640 0 0 0 0 0 0 0 0 32640
+2 +6 32640
+3 * 32640 0 0 0 0 0 0 0 0 32640 2
+39 362 32640 32640 0 1 0 0 1
+1 148 32640
+3 362 32640 32640
+2 * 32640 32640
+2 * 32640 32640
+2 * 32640 32640
+1 * 32640 32640

fn=(1182)
0xfa480 309 32690 0 0 2 0 0 1
+4 * 32690 32690 0 0 6
+3 * 32690 32690 0 0 7 0 0 0 0 0 0 32690 1
cob=(2)
cfi=(306) /usr/src/debug/glibc/glibc/libio/fileno.c
cfn=(1184) fileno
calls=32690 0x8ae90 32 
* * 228830 98070 0 51 12 0 1 0 0 65380 2

fn=(1104) std::__basic_file<char>::open(char const*, std::_Ios_Openmode, int)
0xfa3f0 255 2 0 0 2 0 0 1
+4 * 2 0 2
+1 * 2
+3 * 2
+4 * 2 0 2
+4 * 2 0 0 2 0 0 1
+3 +2 2
+2 -2 2 0 2
+4 +2 2 0 2
cfn=(1106)
calls=2 0xfa1b0 93 
* * 18 4 0 5 2 0 2 1 0 2 2 2 2
+5 * 2
+3 +1 2
+3 * 2 0 0 0 0 0 0 0 0 2
+2 * 2 0 2
+4 * 2
+3 * 2
+3 * 2 2 2 0 0 0 0 0 0 0 0 2 2
cfn=(1102)
calls=2 0xfa290 +46 
* * 8 4
+6 * 2
+2 * 2 0 0 0 0 0 0 0 0 2
+2 +2 2
+3 * 2
+3 * 2 2 2 0 0 0 0 0 0 0 0 2 2
cob=(2)
cfi=(294)
cfn=(1108)
calls=2 0x820b0 85 
* * 1069 237 229 88 18 15 50 6 6 121 38 4 2
+6 * 2 0 2
+4 * 2
+3 * 2
+3 * 2 0 0 2 0 0 1 0 0 2
+2 +2 2 0 2
+6 +1 2 2
+4 * 2
+3 +4 2
+3 * 2 2
+4 * 2 2
+4 * 2 2
+1 * 2 2

fl=(357) /usr/src/debug/gcc/gcc-build/x86_64-pc-linux-gnu/libstdc++-v3/include/iomanip
fn=(1788) std::basic_ostream<char, std::char_traits<char> >& std::operator<< <char, std::char_traits<char> >(std::basic_ostream<char, std::char_traits<char> >&, std::_Setprecision)
0x15bf30 220 32640 0 0 1 0 0 1
+4 +2 32640 32640
+3 * 32640
+3 -2 32640
fi=(249)
+3 777 32640 32640 0 1 0 0 1
fe=(357)
+4 222 32640 0 32640
+5 +2 32640 32640

fl=(273)
fn=(958)
0xb2ba0 160 1
fi=(226) /usr/src/debug/gcc/gcc-build/x86_64-pc-linux-gnu/libstdc++-v3/include/bits/locale_facets_nonio.h
+4 1653 1 1 0 0 1
+7 * 1 1 0 0 1 0 0 1
+3 * 1 0 0 0 0 0 0 0 0 1
+2 * 1 0 1
+3 1818 1 1
+7 * 1 1
+3 * 1 0 0 0 0 0 0 0 0 1
+2 * 1 0 1 1 0 0 1
+3 1415 1 1
+7 * 1 1
+3 * 1 0 0 0 0 0 0 0 0 1
+2 * 1 0 1
+3 * 1 1
+7 * 1 1
+3 * 1 0 0 0 0 0 0 0 0 1 1
+2 * 1 0 1
fi=(224) /usr/src/debug/gcc/gcc-build/x86_64-pc-linux-gnu/libstdc++-v3/include/bits/locale_facets.h
+3 1893 1 1
+7 * 1 1
+3 * 1 0 0 0 0 0 0 0 0 1
+2 * 1 0 1
fi=(226)
+3 796 1 1
+7 * 1 1
+3 * 1 0 0 0 0 0 0 0 0 1
+2 * 1 0 1
+3 2024 1 1 0 1 0 0 1
+7 * 1 1
+3 * 1 0 0 0 0 0 0 0 0 1
+2 * 1 0 1
fi=(222) /usr/src/debug/gcc/gcc-build/x86_64-pc-linux-gnu/libstdc++-v3/include/bits/locale_classes.h
+3 839 1 1 0 0 1
+7 * 1 1
+3 * 1 0 0 0 0 0 0 0 0 1
+2 * 1 0 1
fe=(273)
+3 160 1 1

fn=(966)
0xb2c20 160 1
fi=(226)
+4 1653 1 1
+7 * 1 1 0 0 1 0 0 1
+3 * 1 0 0 0 0 0 0 0 0 1
+2 * 1 0 1
+3 1818 1 1 0 0 1
+7 * 1 1
+3 * 1 0 0 0 0 0 0 0 0 1
+2 * 1 0 1 1 0 0 1
+3 1415 1 1
+7 * 1 1
+3 * 1 0 0 0 0 0 0 0 0 1 1
+2 * 1 0 1
+3 * 1 1 0 0 1
+7 * 1 1
+3 * 1 0 0 0 0 0 0 0 0 1 1
+2 * 1 0 1
fi=(224)
+3 1893 1 1 0 0 1
+7 * 1 1
+3 * 1 0 0 0 0 0 0 0 0 1
+2 * 1 0 1
fi=(226)
+3 796 1 1 0 0 1
+7 * 1 1
+3 * 1 0 0 0 0 0 0 0 0 1
+2 * 1 0 1
+3 2024 1 1 0 1 0 0 1
+7 * 1 1
+3 * 1 0 0 0 0 0 0 0 0 1
+2 * 1 0 1
fi=(222)
+3 839 1 1 0 0 1
+7 * 1 1
+3 * 1 0 0 0 0 0 0 0 0 1
+2 * 1 0 1
fe=(273)
+3 160 1 1

fn=(974)
0xb2ca0 160 1
fi=(224)
+4 2310 1 1
+7 * 1 1
+3 * 1 0 0 0 0 0 0 0 0 1
+2 * 1 0 1
+3 2603 1 1
+7 * 1 1
+3 * 1 0 0 0 0 0 0 0 0 1
+2 * 1 0 1 1 0 0 1
fi=(226)
+3 1653 1 1 0 0 1
+7 * 1 1
+3 * 1 0 0 0 0 0 0 0 0 1 1
+2 * 1 0 1
+3 1818 1 1 0 0 1
+7 * 1 1
+3 * 1 0 0 0 0 0 0 0 0 1 1
+2 * 1 0 1
+3 1415 1 1
+7 * 1 1 0 0 1 0 0 1
+3 * 1 0 0 0 0 0 0 0 0 1
+2 * 1 0 1
+3 * 1 1 0 0 1
+7 * 1 1
+3 * 1 0 0 0 0 0 0 0 0 1
+2 * 1 0 1
fi=(224)
+3 1893 1 1 0 1 0 0 1
+7 * 1 1
+3 * 1 0 0 0 0 0 0 0 0 1
+2 * 1 0 1
fi=(226)
+3 328 1 1 0 0 1
+7 * 1 1
+3 * 1 0 0 0 0 0 0 0 0 1
+2 * 1 0 1
+3 929 1 1
+7 * 1 1
+3 * 1 0 0 0 0 0 0 0 0 1
+2 * 1 0 1
+3 796 1 1
+7 * 1 1
+3 * 1 0 0 0 0 0 0 0 0 1
+2 * 1 0 1
+3 2024 1 1 0 1 0 0 1
+7 * 1 1
+3 * 1 0 0 0 0 0 0 0 0 1
+2 * 1 0 1
fi=(222)
+3 839 1 1
+7 * 1 1
+3 * 1 0 0 0 0 0 0 0 0 1 1
+2 * 1 0 1
fe=(273)
+3 160 1 1

fn=(982)
0xb2d60 160 1
fi=(224)
+4 2310 1 1 0 0 1
+7 * 1 1
+3 * 1 0 0 0 0 0 0 0 0 1 1
+2 * 1 0 1
+3 2603 1 1
+7 * 1 1
+3 * 1 0 0 0 0 0 0 0 0 1
+2 * 1 0 1 1 0 0 1
fi=(226)
+3 1653 1 1
+7 * 1 1
+3 * 1 0 0 0 0 0 0 0 0 1
+2 * 1 0 1
+3 1818 1 1 0 0 1
+7 * 1 1
+3 * 1 0 0 0 0 0 0 0 0 1
+2 * 1 0 1
+3 1415 1 1 0 0 1
+7 * 1 1 0 0 1 0 0 1
+3 * 1 0 0 0 0 0 0 0 0 1
+2 * 1 0 1
+3 * 1 1 0 0 1
+7 * 1 1
+3 * 1 0 0 0 0 0 0 0 0 1
+2 * 1 0 1
fi=(224)
+3 1893 1 1 0 1 0 0 1
+7 * 1 1
+3 * 1 0 0 0 0 0 0 0 0 1
+2 * 1 0 1
fi=(226)
+3 328 1 1 0 0 1
+7 * 1 1
+3 * 1 0 0 0 0 0 0 0 0 1
+2 * 1 0 1
+3 929 1 1 0 0 1
+7 * 1 1
+3 * 1 0 0 0 0 0 0 0 0 1
+2 * 1 0 1
+3 796 1 1
+7 * 1 1
+3 * 1 0 0 0 0 0 0 0 0 1 1
+2 * 1 0 1
+3 2024 1 1 0 1 0 0 1
+7 * 1 1
+3 * 1 0 0 0 0 0 0 0 0 1 1
+2 * 1 0 1
fi=(222)
+3 839 1 1
+7 * 1 1
+3 * 1 0 0 0 0 0 0 0 0 1 1
+2 * 1 0 1
fe=(273)
+3 160 1 1

fl=(254)
fn=(1326) std::istream::operator>>(double&)
0x13ec20 229 65536 0 0 1 0 0 1
+4 +1 65536 65536 0 0 5 0 0 0 0 0 0 65536 1
cfi=(305)
cfn=(1328) std::istream& std::istream::_M_extract<double>(double&)
calls=65536 0x13ea90 101 
* * 110602124 29052740 15372484 3545 219 57 145 12 14 16448923 211174 1370062 1041

fn=(1162) std::istream::operator>>(unsigned int&)
0x13e0c0 190 1 0 0 1 0 0 1
+4 +1 1 1 0 0 0 0 0 0 0 0 0 1 1
cfi=(305)
cfn=(1164) std::istream& std::istream::_M_extract<unsigned int>(unsigned int&)
calls=1 0x13df30 -90 
* * 593 184 93 47 10 0 47 3 0 87 24 10 10

fl=(232) /usr/src/debug/gcc/gcc-build/x86_64-pc-linux-gnu/libstdc++-v3/src/c++11/ctype_members.cc
fn=(808) std::ctype<wchar_t>::_M_convert_to_wmask(unsigned short) const
0xf99b0 60 12 0 0 1 0 0 1
+4 +2 12
+5 * 12 0 0 0 0 0 0 0 0 12 1
+6 * 11 0 0 1 0 0 1 0 0 11 2
+2 * 7
+5 * 7 0 0 0 0 0 0 0 0 7 3
+6 * 6 0 0 0 0 0 0 0 0 6 1
+6 * 4
+4 * 4 0 0 0 0 0 0 0 0 4 2
+6 * 3
+4 * 3 0 0 0 0 0 0 0 0 3 1
+6 * 2
+4 * 2 0 0 0 0 0 0 0 0 2
+6 +36 1 1
+4 * 1
+7 * 1 1 0 0 0 0 0 0 0 0 0 1 1
cob=(2)
cfi=(239) /usr/src/debug/glibc/glibc/wctype/wctype_l.c
cfn=(810) wctype_l
calls=1 0x121c50 -72 
* * 522 96 25 2 0 0 2 0 0 92 12 18
+13 -36 4 0 0 1 0 0 1
+5 * 4 0 0 0 0 0 0 0 0 4 1
+6 * 3 0 0 0 0 0 0 0 0 3
+2 * 3
+5 * 3 0 0 0 0 0 0 0 0 3 1
+6 * 2
+5 * 2 0 0 0 0 0 0 0 0 2 1
+6 +6 1 1
+4 * 1
+7 * 1 1 0 0 0 0 0 0 0 0 0 1 1
cob=(2)
cfi=(239)
cfn=(810)
calls=1 0x121c50 -42 
* * 381 76 21 0 0 0 0 0 0 59 3 14
+50 +3 1 1 0 1 0 0 1
+4 * 1
+7 * 1 1 0 0 0 0 0 0 0 0 0 1 1
cob=(2)
cfi=(239)
cfn=(810)
calls=1 0x121c50 -45 
* * 540 106 27 0 0 0 0 0 0 86 2 20
+13 -9 2 0 0 1 0 0 1
+5 * 2 0 0 0 0 0 0 0 0 2 1
+2 * 1
+5 * 1 0 0 0 0 0 0 0 0 1
+2 +18 1 1
+4 * 1
+7 * 1 1 0 0 0 0 0 0 0 0 0 1 1
cob=(2)
cfi=(239)
cfn=(810)
calls=1 0x121c50 -54 
* * 197 42 14 0 1 0 0 1 0 28 7 7
+31 -3 1 1
+4 * 1
+7 * 1 1 0 0 0 0 0 0 0 0 0 1 1
cob=(2)
cfi=(239)
cfn=(810)
calls=1 0x121c50 -51 
* * 144 32 12 1 2 0 1 1 0 19 5 5
+13 -3 1 1 0 1 0 0 1
+4 * 1
+7 * 1 1 0 0 1 0 0 0 0 0 0 1 1
cob=(2)
cfi=(239)
cfn=(810)
calls=1 0x121c50 -48 
* * 91 22 10 7 6 0 7 2 0 10 2 3 2
+13 +9 1 1
+4 * 1
+7 * 1 1 0 0 0 0 0 0 0 0 0 1 1
cob=(2)
cfi=(239)
cfn=(810)
calls=1 0x121c50 -57 
* * 250 52 16 0 0 0 0 0 0 37 3 9
+13 +21 2
+2 * 2 2
+6 -39 1 1
+4 * 1
+7 * 1 1 0 0 0 0 0 0 0 0 0 1 1
cob=(2)
cfi=(239)
cfn=(810)
calls=1 0x121c50 -39 
* * 328 66 19 0 1 0 0 1 0 50 7 12
+13 +24 1 1 0 1 0 0 1
+4 * 1
+7 * 1 1 0 0 0 0 0 0 0 0 0 1 1
cob=(2)
cfi=(239)
cfn=(810)
calls=1 0x121c50 -63 
* * 191 38 14 0 0 0 0 0 0 26 9 7
+13 -3 1 1
+4 * 1 0 0 1 0 0 1
+7 * 1 1 0 0 0 0 0 0 0 0 0 1 1
cob=(2)
cfi=(239)
cfn=(810)
calls=1 0x121c50 -60 
* * 629 118 29 0 0 0 0 0 0 110 4 22

fn=(794) std::ctype<wchar_t>::_M_initialize_ctype()
0xfa0a0 282 1 0 0 1 0 0 1
+4 * 1 0 1
+1 * 1
+3 * 1 0 1
+2 * 1 0 1
+2 * 1 0 1
+2 * 1
+3 * 1 0 1
+1 +2 1 1
+4 * 1
+2 * 1 1 1 0 1 0 0 0 0 0 0 1 1
cob=(2)
cfi=(233)
cfn=(796)
calls=1 0x361c0 30 
* * 22 9 4 2 0 0 2 0 0 1
+6 * 1 0 0 1 0 0 1
+3 +3 1
+7 +6 128 0 128 0 0 2 0 0 2
+5 -6 128
+4 * 128
+7 * 128 0 0 0 0 0 0 0 0 128 1
fi=(234) /usr/include/wchar.h
+6 +89 128
+2 * 128 128 128 0 1 0 0 0 0 0 0 128 1
cob=(2)
cfi=(235)
cfn=(800)
calls=128 0xd2290 30 
* * 2432 640 256 2 0 0 2 0 0 384 1
fe=(232)
+6 -86 128
+3 * 128 0 0 0 0 0 0 0 0 128 3
+4 +5 1 0 1
+5 +4 1
+2 * 1
+1 * 1
fi=(234)
+11 +71 1 0 0 1 0 0 1
+2 * 1 1 1 0 1 0 0 0 0 0 0 1 1
cob=(2)
cfi=(236)
cfn=(802)
calls=1 0xc1d70 32 
* * 20 5 2 3 0 0 3 0 0 4
-2 * 255
+2 * 255 255 255 0 0 0 0 0 0 0 0 255
cob=(2)
cfi=(236)
cfn=(802)
calls=255 0xc1d70 32 
* * 9580 3323 1022 4 5 0 4 0 0 1660 8 128 1
fe=(232)
+6 -69 256 0 256 0 0 16 0 0 16
+8 -2 256
+4 +1 256
+7 * 256 0 0 0 0 0 0 0 0 256 6
+2 +3 1
+3 +2 1
+5 * 1
+3 * 1
+2 * 1
+4 * 1 0 0 0 0 0 0 0 0 1
-14 * 3
+5 * 3
+3 * 3
+2 * 3
+4 * 3 0 0 0 0 0 0 0 0 3 3
+2 * 8
+3 +1 8
+3 -1 8 0 8
+9 +1 8 0 0 1 0 0 1
+3 * 8 8 8 0 1 0 0 0 0 0 0 8 1
cfn=(808)
calls=8 0xf99b0 60 
* * 1671 343 106 14 11 0 14 5 0 264 44 64 9
+6 -1 8
+5 +1 8 0 8 0 0 1 0 0 1
+8 -3 8
+4 +2 8
+3 * 8
+2 * 8
+4 * 8 0 0 0 0 0 0 0 0 8 2
+2 * 4
+3 +1 4
+3 -1 4 0 4
+9 +1 4
+3 * 4 4 4 0 0 0 0 0 0 0 0 4 1
cfn=(808)
calls=4 0xf99b0 60 
* * 1748 327 81 4 0 0 4 0 0 313 24 63 3
+6 * 4 0 4 0 0 1 0 0 1
+8 -3 4
+4 * 4
+4 * 4 0 0 0 0 0 0 0 0 4 3
+2 +8 1 1
+1 -2 1
+3 +2 1 1
+2 * 1 1
+2 * 1 1
+2 * 1 1
+1 -2 1 1 0 0 0 0 0 0 0 0 0 1 1
cob=(2)
cfi=(233)
cfn=(796)
calls=1 0x361c0 30 
* * 22 9 4 0 1 0 0 0 0 1
+6 -22 1 0 0 1 0 0 1
+5 * 1

fn=(896) std::ctype<wchar_t>::do_widen(char) const
0xf9ed0 205 4 0 0 1 0 0 1
+4 * 4
+4 * 4 4
+7 * 4 4

fl=(374) /usr/src/debug/gcc/gcc-build/x86_64-pc-linux-gnu/libstdc++-v3/include/bits/streambuf.tcc
fn=(1864) std::basic_streambuf<char, std::char_traits<char> >::xsputn(char const*, long)
0x16d8c0 84 32640 0 0 1 0 0 1
+4 * 32640 0 32640
+1 * 32640
+3 * 32640
+4 * 32640 0 32640
+4 +4 32640
+3 * 32640 0 0 0 0 0 0 0 0 32640
+6 * 32640 0 32640
+4 -1 32640
+2 * 32640 0 32640
+4 * 32640
+3 * 32640 0 32640
+4 * 32640
+3 * 32640 0 32640
+4 * 32640
+3 * 32640
+1 * 32640
fi=(246)
+11 546 32640 32640 0 1 0 0 1
fe=(374)
+5 91 32640 32640
+5 * 32640
+3 * 32640 0 0 0 0 0 0 0 0 32640 1
fi=(246)
-13 546 1 1
fe=(374)
+5 91 1 1
+5 * 1
+3 * 1 0 0 0 0 0 0 0 0 1 1
+2 +12 1 1
+4 * 1 1
fi=(312)
+4 455 1 1
+7 * 1 0 0 0 0 0 0 0 0 1 1
+2 * 32640 32640
+4 * 32640 32640
+4 * 32640 32640
+4 * 32640 32640
fe=(374)
+4 114 32640
+3 * 32640 32640
+4 * 32640 32640
+1 * 32640 32640
+8 -21 32640
fi=(312)
+3 432 32640
fe=(374)
+3 93 32640
fi=(266)
+3 237 32640
+3 * 32640
fe=(374)
+4 96 32640
fi=(312)
+3 432 32640
+3 * 32640 32640 32640 0 0 0 0 0 0 0 0 32640 1
cob=(2)
cfi=(288)
cfn=(1060)
calls=32640 0x171fc0 255 
* * 359050 97920 65280 0 0 0 0 0 0 65285 13
fi=(246)
+6 812 32640 0 32640
fe=(374)
+5 101 32640
+3 * 32640 0 0 0 0 0 0 0 0 32640 5
fi=(312)
+12 455 1 1 0 1 0 0 1
fe=(374)
+5 103 1
+3 * 1 0 1 0 0 0 0 0 0 0 0 1 1
cfi=(292)
cfn=(1868) std::basic_filebuf<char, std::char_traits<char> >::overflow(int)
calls=1 0x130680 545 
* * 53 14 10 7 0 0 7 0 0 7 3
+2 +1 1
+3 * 1 0 0 0 0 0 0 0 0 1
+2 +2 1 0 0 1 0 0 1
+4 +1 1
+4 -19 1
+3 * 1 0 0 0 0 0 0 0 0 1 1

fl=(228) /usr/src/debug/gcc/gcc-build/x86_64-pc-linux-gnu/libstdc++-v3/include/x86_64-pc-linux-gnu/bits/time_members.h
fn=(786) std::__timepunct<char>::__timepunct(std::__timepunct_cache<char>*, unsigned long)
0x146230 48 1 0 0 1 0 0 1
+4 * 1 0 1
fi=(222)
+1 437 1
fe=(228)
+2 48 1
+3 * 1
fi=(222)
+4 437 1 0 0 1 0 0 1
+3 * 1
fe=(228)
+3 48 1 0 1
+4 * 1
fi=(222)
+3 437 1 0 1
fe=(228)
+3 50 1 1 0 0 1
+7 -1 1 0 1
+4 +1 1
+4 -1 1 0 1
+8 +1 1 0 1
+3 * 1 1 1 0 0 0 0 0 0 0 0 1 1
cfi=(215) /usr/src/debug/gcc/gcc/libstdc++-v3/src/c++98/locale.cc
cfn=(742) std::locale::facet::_S_get_c_name()
calls=1 0xcd6c0 233 
* * 3 1
+6 +1 1
+2 * 1
+3 -1 1 0 1
+4 +1 1 1 1 0 1 0 0 0 0 0 0 1 1
cfi=(229) /usr/src/debug/gcc/gcc-build/x86_64-pc-linux-gnu/libstdc++-v3/src/c++98/time_members.cc
cfn=(788) std::__timepunct<char>::_M_initialize_timepunct(__locale_struct*)
calls=1 0xdb5a0 +15 
* * 152 38 34 14 3 0 14 0 0 4 1 2
+6 * 1 1 0 1 0 0 1
+4 * 1 1
+1 * 1 1

fn=(826) std::__timepunct<wchar_t>::__timepunct(std::__timepunct_cache<wchar_t>*, unsigned long)
0x176610 48 1 0 0 1 0 0 1
+4 * 1 0 1
fi=(222)
+1 437 1
fe=(228)
+2 48 1
+3 * 1
fi=(222)
+4 437 1
+3 * 1
fe=(228)
+3 48 1 0 1
+4 * 1
fi=(222)
+3 437 1 0 1 0 0 1 0 0 1
fe=(228)
+3 50 1 1 0 0 1
+7 -1 1 0 1
+4 +1 1
+4 -1 1 0 1 1 0 0 1
+8 +1 1 0 1
+3 * 1 1 1 0 0 0 0 0 0 0 0 1 1
cfi=(215)
cfn=(742)
calls=1 0xcd6c0 233 
* * 3 1
+6 +1 1
+2 * 1
+3 -1 1 0 1
+4 +1 1 1 1 0 1 0 0 0 0 0 0 1 1
cfi=(229)
cfn=(828) std::__timepunct<wchar_t>::_M_initialize_timepunct(__locale_struct*)
calls=1 0xdbe80 222 
* * 148 38 33 13 3 0 13 0 0 4 1 2 1
+6 * 1 1
+4 * 1 1
+1 * 1 1

fl=(224)
fn=(1196) std::num_get<char, std::istreambuf_iterator<char, std::char_traits<char> > >::do_get(std::istreambuf_iterator<char, std::char_traits<char> >, std::istreambuf_iterator<char, std::char_traits<char> >, std::ios_base&, std::_Ios_Iostate&, unsigned int&) const
0x1559b0 2238 1 0 0 1 0 0 1
+4 +2 1 1 0 0 1 0 0 0 0 0 0 1 1
cfi=(310) /usr/src/debug/gcc/gcc-build/x86_64-pc-linux-gnu/libstdc++-v3/include/bits/locale_facets.tcc
cfn=(1198) std::istreambuf_iterator<char, std::char_traits<char> > std::num_get<char, std::istreambuf_iterator<char, std::char_traits<char> > >::_M_extract_int<unsigned int>(std::istreambuf_iterator<char, std::char_traits<char> >, std::istreambuf_iterator<char, std::char_traits<char> >, std::ios_base&, std::_Ios_Iostate&, unsigned int&) const
calls=1 0x154e50 378 
* * 339 92 50 24 1 0 24 1 0 60 14 1 1

fl=(243) /usr/src/debug/gcc/gcc/libstdc++-v3/src/c++11/cow-locale_init.cc
fn=(834) std::locale::_Impl::_M_init_extra(std::locale::facet**)
0xebf10 100 1 0 0 1 0 0 1
+4 * 1 0 1
+1 * 1
+3 * 1 0 1
+2 * 1 0 1
+2 * 1 0 1
+2 * 1
+3 * 1 0 1
+2 * 1 0 1
+1 * 1
fi=(224)
+3 1720 1
fe=(243)
+7 100 1
+4 +3 1 1
+4 -2 1 1
+3 +1 1 1
fi=(224)
+4 1720 1
fi=(222)
+2 437 1 0 1 1 0 1 1 0 1
fe=(243)
+10 103 1 0 1
fi=(224)
+4 1719 1 1
+7 * 1 0 1 0 0 1 0 0 1
+7 * 1
+4 * 1 0 1
+7 +1 1 1 1 0 1 0 0 0 0 0 0 1 1
cfi=(244) /usr/src/debug/gcc/gcc-build/x86_64-pc-linux-gnu/libstdc++-v3/src/c++98/numeric_members_cow.cc
cfn=(836) std::numpunct<char>::_M_initialize_numpunct(__locale_struct*)
calls=1 0xd7fe0 92 
* * 416 136 74 7 0 0 7 0 0 64 17
fi=(212)
+6 57 1 1
+7 +94 1 1
+5 * 1 0 0 0 0 0 0 0 0 1
+6 -20 1 0 1 1 0 0 1
fi=(222)
+7 660 1 1
+4 * 1 1 0 0 1
+7 * 1 0 1
+4 * 1 1 1 0 0 0 0 0 0 0 0 1 1
cfi=(215)
cfn=(768) std::locale::id::_M_id() const
calls=1 0xcdbe0 507 
* * 15 5 2 0 0 0 0 0 0 2
+6 * 1 1
+4 * 1
+7 * 1 0 1
+4 +56 1 1
+7 437 1 0 1
+10 716 1
+4 * 1 0 1 1 0 0 1
+7 * 1 1 1 0 0 0 0 0 0 0 0 1 1
cfi=(215)
cfn=(746) std::locale::facet::_S_get_c_locale()
calls=1 0xcd670 221 
* * 18 6 2 0 0 0 0 0 0 2 0 1 1
+6 * 1 0 1
fi=(212)
+7 151 1 1
+5 * 1 0 0 0 0 0 0 0 0 1
+6 -20 1 0 1
fi=(222)
+7 660 1 1
+4 * 1 1 0 0 1
+7 * 1 0 1
+4 * 1 1 1 0 0 0 0 0 0 0 0 1 1
cfi=(215)
cfn=(768)
calls=1 0xcdbe0 507 
* * 15 5 2 0 0 0 0 0 0 2 1
+6 * 1 1
fi=(226)
+4 1108 1
fi=(222)
+2 660 1 0 0 1 0 0 1
fi=(226)
+7 1108 1
fi=(222)
+7 660 1 0 1
fi=(226)
+4 1107 1 1 0 0 1
+7 +1 1
fi=(222)
+2 437 1 0 1 0 0 1 0 0 1
fi=(226)
+10 1107 1
+4 * 1 0 1
+7 * 1 0 1
+7 +1 1 1 1 0 1 0 0 0 0 0 0 1 1
cfi=(245)
cfn=(842)
calls=1 0xd6620 372 
* * 107 35 28 5 0 0 5 0 0 13 7
fi=(212)
+6 151 1 1 0 1 0 0 1
+5 * 1 0 0 0 0 0 0 0 0 1
+6 -20 1 0 1
fi=(222)
+7 660 1 1
+4 * 1 1 0 0 1
+7 * 1 0 1
+4 * 1 1 1 0 0 0 0 0 0 0 0 1 1
cfi=(215)
cfn=(768)
calls=1 0xcdbe0 507 
* * 15 5 2 0 0 0 0 0 0 2
+6 * 1 1
+4 * 1
fi=(226)
+7 1108 1
fi=(222)
+7 660 1 0 1
fi=(226)
+4 1107 1 1 0 0 1
+7 +1 1 0 0 1 0 0 1
+2 * 1
fi=(222)
+2 437 1 0 1
fi=(226)
+10 1107 1
+4 * 1 0 1
+7 * 1 1
+4 * 1 0 1
+7 +1 1 1 1 0 1 0 0 0 0 0 0 1 1
cfi=(245)
cfn=(844)
calls=1 0xd60e0 216 
* * 109 35 28 6 0 0 6 0 0 13 6
fi=(212)
+6 151 1 1
+5 * 1 0 0 0 0 0 0 0 0 1
+6 -20 1 0 1
fi=(222)
+7 660 1 1
+4 * 1 1 0 1 1 0 1
+7 * 1 0 1
+4 * 1 1 1 0 0 0 0 0 0 0 0 1 1
cfi=(215)
cfn=(768)
calls=1 0xcdbe0 507 
* * 15 5 2 0 0 0 0 0 0 2
+6 * 1 1
+4 * 1
+7 * 1 0 1
fi=(226)
+4 1530 1 1 0 0 1
fi=(222)
+7 437 1 0 1
fi=(226)
+10 1530 1
+4 * 1 0 1
fi=(212)
+7 151 1 1 0 1 0 0 1
+5 * 1 0 0 0 0 0 0 0 0 1
+6 -19 1 0 1
fi=(222)
+10 660 1 1
+4 * 1 1 0 0 1
+7 * 1 0 1
+4 * 1 1 1 0 0 0 0 0 0 0 0 1 1
cfi=(215)
cfn=(768)
calls=1 0xcdbe0 507 
* * 15 5 2 0 0 0 0 0 0 2
+6 * 1 1
+4 * 1
+7 * 1 0 1
fi=(226)
+4 1690 1 1
fi=(222)
+7 437 1 0 1 1 0 0 1
fi=(226)
+10 1690 1
+4 * 1 0 1
fi=(212)
+7 151 1 1
+5 * 1 0 0 0 0 0 0 0 0 1
+6 -19 1 0 1
fi=(222)
+10 660 1 1
+4 * 1 1
+7 * 1 0 1
+4 * 1 1 1 0 0 0 0 0 0 0 0 1 1
cfi=(215)
cfn=(768)
calls=1 0xcdbe0 507 
* * 15 5 2 0 0 0 0 0 0 2 1
+6 * 1 1
+4 * 1 0 0 1 0 0 1
+7 * 1 0 1
fi=(226)
+4 422 1 1
fi=(222)
+7 +15 1 0 1
fi=(226)
+10 -15 1
+4 * 1 0 1
fi=(212)
+7 151 1 1
+5 * 1 0 0 0 0 0 0 0 0 1
+6 -19 1 0 1
fi=(222)
+10 660 1 1
+4 * 1 1 0 1 0 0 1
+7 * 1 0 1
+4 * 1 1 1 0 0 0 0 0 0 0 0 1 1
cfi=(215)
cfn=(768)
calls=1 0xcdbe0 507 
* * 15 5 2 0 0 0 0 0 0 2
+6 * 1 1
+4 * 1
fe=(243)
+7 112 1
fi=(222)
+7 660 1 0 1
fe=(243)
+4 112 1
+5 * 1 1 1 0 0 0 0 0 0 0 0 1 1
cfi=(230) /usr/src/debug/gcc/gcc-build/x86_64-pc-linux-gnu/libstdc++-v3/include/x86_64-pc-linux-gnu/bits/messages_members.h
cfn=(846) std::messages<char>::messages(unsigned long)
calls=1 0x146ea0 -68 
* * 41 13 10 2 0 1 2 0 1 2 1 3 2
fi=(212)
+6 +39 1 1
+5 * 1 0 0 0 0 0 0 0 0 1
+6 -20 1 0 1 1 0 0 1
fi=(222)
+7 660 1 1
+4 * 1 1
+7 * 1 0 1
+4 * 1 1 1 0 0 0 0 0 0 0 0 1 1
cfi=(215)
cfn=(768)
calls=1 0xcdbe0 507 
* * 15 5 2 0 0 0 0 0 0 2
+6 * 1 1
fi=(224)
+4 1720 1
fi=(222)
+2 660 1
fi=(224)
+7 1720 1
fi=(222)
+7 660 1 0 1
fe=(243)
+4 115 1 1
fi=(222)
+4 437 1 0 1 0 0 1 0 0 1
fe=(243)
+10 114 1 1 0 1 0 0 1
+4 +1 1 0 1
fi=(224)
+4 1719 1 1
fe=(243)
+7 114 1 0 1
+4 +2 1 1
fi=(224)
+4 1719 1
+4 * 1 0 1
+7 * 1 0 1
+7 +1 1 1 1 0 1 0 0 0 0 0 0 1 1
cfi=(244)
cfn=(848) std::numpunct<wchar_t>::_M_initialize_numpunct(__locale_struct*)
calls=1 0xd8360 183 
* * 350 72 73 6 0 0 6 0 0 64 15
fi=(212)
+6 151 1 1
+5 * 1 0 0 0 0 0 0 0 0 1
+6 -20 1 0 1
fi=(222)
+7 660 1 1 0 1 0 0 1
+4 * 1 1 0 0 1
+7 * 1 0 1
+4 * 1 1 1 0 0 0 0 0 0 0 0 1 1
cfi=(215)
cfn=(768)
calls=1 0xcdbe0 507 
* * 15 5 2 0 0 0 0 0 0 2
+6 * 1 1
+4 * 1
+7 * 1 0 1
+4 +56 1 1
+7 437 1 0 1
+10 716 1
+4 * 1 0 1
+7 * 1 1 1 1 0 0 1 0 0 0 0 1 1
cfi=(215)
cfn=(746)
calls=1 0xcd670 221 
* * 18 6 2 0 0 0 0 0 0 2 0 1
+6 * 1 0 1
fi=(212)
+7 151 1 1
+5 * 1 0 0 0 0 0 0 0 0 1
+6 -20 1 0 1
fi=(222)
+7 660 1 1
+4 * 1 1 0 0 1
+7 * 1 0 1
+4 * 1 1 1 0 0 0 0 0 0 0 0 1 1
cfi=(215)
cfn=(768)
calls=1 0xcdbe0 507 
* * 15 5 2 0 0 0 0 0 0 2
+6 * 1 1
fi=(226)
+4 1108 1
fi=(222)
+2 660 1
fi=(226)
+7 1108 1 0 0 1 0 0 1
fi=(222)
+7 660 1 0 1
fi=(226)
+4 1107 1 1 0 0 1
+7 +1 1
fi=(222)
+2 437 1 0 1 0 0 1 0 0 1
fi=(226)
+10 1107 1
+4 * 1 0 1
+7 * 1 1
+4 * 1 0 1
+7 +1 1 1 1 0 0 0 0 0 0 0 0 1 1
cfi=(245)
cfn=(850)
calls=1 0xd73e0 741 
* * 102 26 28 6 0 0 6 0 0 14 8
fi=(212)
+6 151 1 1
+5 * 1 0 0 1 0 0 1 0 0 1
+6 -20 1 0 1
fi=(222)
+7 660 1 1
+4 * 1 1 0 0 1
+7 * 1 0 1
+4 * 1 1 1 0 0 0 0 0 0 0 0 1 1
cfi=(215)
cfn=(768)
calls=1 0xcdbe0 507 
* * 15 5 2 0 0 0 0 0 0 2
+6 * 1 1
+4 * 1
fi=(226)
+7 1108 1
fi=(222)
+7 660 1 0 1
fi=(226)
+4 1107 1 1 0 0 1
+7 +1 1
+2 * 1 0 0 1 0 0 1
fi=(222)
+2 437 1 0 1
fi=(226)
+10 1107 1
+4 * 1 0 1
+7 * 1 0 1
+7 +1 1 1 1 0 0 0 0 0 0 0 0 1 1
cfi=(245)
cfn=(852)
calls=1 0xd6dc0 558 
* * 102 26 28 5 0 0 5 0 0 14 7
fi=(212)
+6 151 1 1
+5 * 1 0 0 0 0 0 0 0 0 1
+6 -20 1 0 1
fi=(222)
+7 660 1 1
+4 * 1 1 0 1 1 0 1
+7 * 1 0 1
+4 * 1 1 1 0 0 0 0 0 0 0 0 1 1
cfi=(215)
cfn=(768)
calls=1 0xcdbe0 507 
* * 15 5 2 0 0 0 0 0 0 2
+6 * 1 1
+4 * 1
+7 * 1 0 1
fi=(226)
+4 1530 1 1 0 0 1
fi=(222)
+7 437 1 0 1
fi=(226)
+10 1530 1
+4 * 1 0 1
fi=(212)
+7 151 1 1
+5 * 1 0 0 1 0 0 1 0 0 1
+6 -19 1 0 1
fi=(222)
+10 660 1 1
+4 * 1 1 0 0 1
+7 * 1 0 1
+4 * 1 1 1 0 0 0 0 0 0 0 0 1 1
cfi=(215)
cfn=(768)
calls=1 0xcdbe0 507 
* * 15 5 2 0 0 0 0 0 0 2 1
+6 * 1 1
+4 * 1
+7 * 1 0 1
fi=(226)
+4 1690 1 1
fi=(222)
+7 437 1 0 1 0 0 1 0 0 1
fi=(226)
+10 1690 1 0 0 1 0 0 1
+4 * 1 0 1
fi=(212)
+7 151 1 1
+5 * 1 0 0 0 0 0 0 0 0 1
+6 -19 1 0 1
fi=(222)
+10 660 1 1
+4 * 1 1 0 0 1
+7 * 1 0 1
+4 * 1 1 1 0 0 0 0 0 0 0 0 1 1
cfi=(215)
cfn=(768)
calls=1 0xcdbe0 507 
* * 15 5 2 0 0 0 0 0 0 2
+6 * 1 1
+4 * 1
+7 * 1 0 1 1 0 0 1
fi=(226)
+4 422 1 1
fi=(222)
+7 +15 1 0 1
fi=(226)
+10 -15 1
+4 * 1 0 1
fi=(212)
+7 151 1 1
+5 * 1 0 0 0 0 0 0 0 0 1
+6 -19 1 0 1
fi=(222)
+10 660 1 1
+4 * 1 1
+7 * 1 0 1 1 0 0 1
+4 * 1 1 1 0 0 0 0 0 0 0 0 1 1
cfi=(215)
cfn=(768)
calls=1 0xcdbe0 507 
* * 15 5 2 0 0 0 0 0 0 2
+6 * 1 1
+4 * 1
fe=(243)
+7 125 1
fi=(222)
+7 660 1 0 1
fe=(243)
+4 125 1
+5 * 1 1 1 0 0 0 0 0 0 0 0 1 1
cfi=(230)
cfn=(854) std::messages<wchar_t>::messages(unsigned long)
calls=1 0x1770a0 -81 
* * 41 13 10 2 0 0 2 0 0 2 1 3
fi=(212)
+6 +26 1 1
+5 * 1 0 0 0 0 0 0 0 0 1
+6 -20 1 0 1
fi=(222)
+7 660 1 1 0 1 0 0 1
+4 * 1 1
+7 * 1 1 1 0 0 0 0 0 0 0 0 1 1
cfi=(215)
cfn=(768)
calls=1 0xcdbe0 507 
* * 15 5 2 0 0 0 0 0 0 2
+6 * 1
fe=(243)
+7 129 1 1
fi=(222)
+7 660 1 0 1
fe=(243)
+4 129 1 1
+4 * 1 1 1 0 0 0 0 0 0 0 0 1 1
cfi=(215)
cfn=(768)
calls=1 0xcdbe0 507 
* * 6 2 0 0 0 0 0 0 0 1 1
+6 +1 1 1
+7 -1 1 0 1
+4 +1 1 1
+4 * 1 1 1 0 0 0 0 0 0 0 0 1 1
cfi=(215)
cfn=(768)
calls=1 0xcdbe0 507 
* * 6 2 0 0 0 0 0 0 0 1 1
+6 +1 1 1 0 1 0 0 1
+7 -1 1 0 1
+4 +1 1 1
+4 * 1 1 1 0 0 0 0 0 0 0 0 1 1
cfi=(215)
cfn=(768)
calls=1 0xcdbe0 507 
* * 6 2 0 0 0 0 0 0 0 1 1
+6 * 1 1
+4 +2 1 1
+7 -2 1 0 1
+4 +2 1 1
+4 * 1 1 1 0 0 0 0 0 0 0 0 1 1
cfi=(215)
cfn=(768)
calls=1 0xcdbe0 507 
* * 6 2 0 0 0 0 0 0 0 1
+6 * 1 1
+4 +1 1 1
+7 -1 1 0 1
+4 +1 1 1
+4 * 1 1 1 1 0 0 1 0 0 0 0 1 1
cfi=(215)
cfn=(768)
calls=1 0xcdbe0 507 
* * 6 2 0 0 0 0 0 0 0 1 1
+6 * 1 1
+4 +1 1 1
+4 * 1 1
+7 -1 1 0 1
+4 +1 1 1 1 0 0 0 0 0 0 0 0 1 1
cfi=(215)
cfn=(768)
calls=1 0xcdbe0 507 
* * 6 2 0 0 0 0 0 0 0 1 1
+6 * 1 0 1
+4 +2 1
+4 * 1 1
+1 * 1 1
+2 * 1 1
+2 * 1 1
+2 * 1 1
+2 * 1 1
+1 * 1 1

fl=(323) /usr/src/debug/gcc/gcc-build/x86_64-pc-linux-gnu/libstdc++-v3/include/sstream
fn=(1292) std::__cxx11::basic_stringstream<char, std::char_traits<char>, std::allocator<char> >::basic_stringstream(std::__cxx11::basic_string<char, std::char_traits<char>, std::allocator<char> > const&, std::_Ios_Openmode)
0x168130 1204 256 0 0 2 0 0 1
+4 * 256 0 256
+1 * 256
+3 * 256
+4 * 256 256 0 10 0 0 1
+7 * 256 0 256
+4 * 256 256 0 0 1
+7 * 256
+4 * 256 0 256
+4 * 256
+3 * 256
+4 * 256
+5 * 256 0 256
+4 * 256
+3 * 256
+5 * 256 0 256
fi=(247)
+4 478 256
fe=(323)
+7 1204 256
+3 * 256
+4 * 256 0 256 1 0 0 1
fi=(247)
+4 478 256 256 256 0 5 0 0 0 0 0 0 256 1
cfi=(248)
cfn=(862)
calls=256 0xe6240 76 
* * 21760 2816 7424 0 10 5 0 0 0 2816 432 256
fi=(254)
+6 713 256
fi=(247)
+7 477 256
fi=(254)
+2 714 256
fi=(247)
+2 478 256
fi=(254)
+4 713 256 0 256
+3 * 256
+4 +1 256
fi=(247)
+7 477 256 0 256
+11 * 256 0 256
fi=(254)
+7 713 256 0 256
+7 * 256 0 256 1 0 0 1
fi=(247)
+8 478 256 0 256
+7 * 256 0 256
fi=(254)
+7 714 256 256 256 0 5 0 0 0 0 0 0 256 256
cfi=(250)
cfn=(866)
calls=256 0x138d90 131 
* * 39168 15616 8704 259 59 0 0 0 0 3072 0 2048 510
fi=(253)
+6 441 256
+7 * 256
+2 * 256
+7 * 256 0 256
+4 * 256
+4 * 256 0 256
+7 * 256 256 256 1 0 0 1 0 0 0 0 256 1
cfi=(250)
cfn=(866)
calls=256 0x138d90 131 
* * 39168 15616 8704 0 0 0 0 0 0 3072 6 2048
fe=(323)
+6 1206 256
+4 * 256 256
+5 * 256
+4 * 256 0 256
+3 * 256
fi=(316)
+4 245 256
fe=(323)
+4 1206 256 0 256
fi=(246)
+7 475 256
+4 * 256 0 256
+4 * 256
fe=(323)
+3 1206 256 0 256
+4 * 256 0 256
+4 * 256 0 256
+4 * 256 0 256
fi=(246)
+4 475 256 256 256 1 0 0 1 0 0 0 0 256 1
cfi=(213)
cfn=(732)
calls=256 0xe7cd0 269 
* * 6400 2304 1280 0 0 0 0 0 0 768
fe=(323)
+6 157 256 256 0 0 6
fi=(316)
+7 1189 256 256
fe=(323)
+4 156 256 0 256
fi=(316)
+7 +82 256 256
+3 -34 256 0 256
fe=(323)
+4 -47 256
+4 * 256 0 256
fi=(316)
+4 713 256
+3 * 256 0 0 0 0 0 0 0 0 256 2
fi=(319)
+11 233 256
+4 * 256 0 0 0 0 0 0 0 0 256 2
fi=(312)
+20 355 256 0 256 1 0 0 1
fe=(323)
+4 +43 256
+2 +3 256 256
+4 * 256
+4 -4 256 0 256
+4 +1 256
fi=(316)
+4 233 256 0 256
fe=(323)
+4 398 256
+4 +3 256
+2 * 256 256 256 0 5 0 0 0 0 0 0 256 1
cfi=(324) /usr/src/debug/gcc/gcc-build/x86_64-pc-linux-gnu/libstdc++-v3/include/bits/sstream.tcc
cfn=(1304) std::__cxx11::basic_stringbuf<char, std::char_traits<char>, std::allocator<char> >::_M_sync(char*, unsigned long, unsigned long)
calls=256 0x163320 249 
* * 8960 1536 1536 5 6 0 5 0 0 1280 5 256 1
+6 1207 256
+4 * 256
+7 * 256 256 256 0 0 0 0 0 0 0 0 256 1
cfi=(250)
cfn=(866)
calls=256 0x138d90 131 
* * 39168 15616 8704 0 0 0 0 0 0 3072 6 2048
+6 * 256 256
+4 * 256 256
+4 * 256 256
+4 * 256 256
+4 * 256 256
+1 * 256 256
fi=(319)
+24 164 256 0 256 1 0 0 1
+4 * 256
fi=(336) /usr/src/debug/gcc/gcc-build/x86_64-pc-linux-gnu/libstdc++-v3/include/bits/new_allocator.h
+4 -2 256 256 256 0 0 0 0 0 0 0 0 256 1
cfi=(304) /usr/src/debug/gcc/gcc/libstdc++-v3/libsupc++/new_op.cc
cfn=(1148) operator new(unsigned long)
calls=256 0xb6f20 43 
* * 95184 16289 12270 55 56 13 18 0 1 20400 1445 256
fi=(316)
+6 265 256 256
+4 -37 256 0 256
fi=(336)
+4 -66 256 0 0 1 0 0 1
fi=(316)
+3 265 256 0 256
fi=(312)
+4 432 256 0 256
+4 * 256
+3 * 256
+3 * 256 256 256 0 0 0 0 0 0 0 0 256 1
cob=(2)
cfi=(288)
cfn=(1060)
calls=256 0x171fc0 255 
* * 44076 13312 12544 1 0 218 1 0 23 4608 505
fi=(316)
+6 238 256 256
+4 * 256 256
fi=(312)
+4 432 256
fe=(323)

fn=(1514) std::__cxx11::basic_stringstream<char, std::char_traits<char>, std::allocator<char> >::~basic_stringstream()
0x1624c0 1215 256 0 0 4 0 0 1
+4 * 256 0 256
+1 * 256
+3 * 256 0 256
+1 * 256
+3 * 256
+4 +1 256 256 0 0 5
+7 * 256
+4 * 256 0 256 0 0 4
+3 * 256
+4 * 256
+4 * 256 0 256 0 0 4
fi=(316)
+4 256 256
fe=(323)
+4 1216 256 0 256 0 0 4
fi=(316)
+7 238 256 256
+4 +41 256
+3 * 256 0 0 0 0 0 0 0 0 256 1
fi=(336)
+2 -96 256 256 256 9 0 0 1 0 0 0 0 256 1
cfi=(337) /usr/src/debug/gcc/gcc/libstdc++-v3/libsupc++/del_op.cc
cfn=(1400) operator delete(void*)
calls=256 0xb4de0 48 
* * 36197 10231 6138 4 3 0 2 0 0 5995 186 256
fi=(246)
+6 +24 256 256 0 0 5
+7 * 256
+4 * 256
+4 * 256 0 256
+4 * 256 256 256 0 4 0 0 0 0 0 0 256 1
cfi=(215)
cfn=(872) std::locale::~locale()
calls=256 0xcd980 91 
* * 1536 768 0 0 4 0 0 0 0 256 4
fi=(253)
+6 101 256
fi=(254)
+7 +11 256 0 256
fi=(247)
+8 297 256
fi=(253)
+7 101 256 0 256
fi=(254)
+4 +11 256
+7 * 256 0 256 1 0 0 1
fi=(247)
+3 297 256 256 0 0 4
+7 * 256
+4 * 256 0 256
fe=(323)
+7 1216 256 256
+4 * 256 256
fi=(247)
+1 297 256 256 0 0 5 0 0 0 0 0 0 256 1
cfi=(248)
cfn=(1524) std::ios_base::~ios_base()
calls=256 0xe6610 87 
* * 13056 4608 2560 14 27 0 6 0 0 1024 14 768 258
fe=(323)

fl=(231) /usr/src/debug/gcc/gcc/libstdc++-v3/src/c++11/ctype.cc
fn=(882) std::ctype<char>::_M_widen_init() const
0xe2cc0 90 1 0 0 1 0 0 1
+4 * 1 0 1
+1 +3 1
+5 * 1
+5 * 1
+4 * 1
+5 * 1
+5 * 1
+5 * 1
+5 * 1
+5 * 1
+5 * 1
+5 -3 1
+3 * 1 0 1
+1 +3 1
+5 * 1 0 0 1 0 0 1
+5 * 1
+7 * 1
+4 * 1
+5 * 1
+5 * 1
+4 * 1
+4 -3 1
+7 * 1 1 0 0 1 0 0 1
+8 +3 1
+5 -3 1 1
+9 * 1 0 1 1 0 0 1
+4 * 1
+3 +3 1
+5 * 1
+5 * 1
+5 * 1
+5 -1 1
+5 +1 1
+5 -1 1
+5 +1 1
+4 -1 1
+4 +1 1
+4 * 1
+4 * 1
+5 * 1 0 0 1 0 0 1
+4 * 1
+5 * 1
+5 * 1
+5 * 1
+4 * 1
+4 * 1
+5 * 1
+5 * 1
+5 * 1
+5 * 1
+4 * 1
+5 * 1
+4 * 1
+5 * 1 0 0 1 0 0 1
+5 * 1
+5 * 1
+4 * 1
+4 * 1
+5 * 1
0xe2d70 * 15
+4 * 15
+4 * 15
+5 * 15
+4 * 15
+5 * 15
+5 * 15
+5 * 15
+4 * 15
+4 * 15
+5 * 15
+5 * 15
+5 * 15
+5 * 15
+4 * 15
+5 * 15
+4 * 15
+5 * 15
+5 * 15
+5 * 15
+4 * 15
+4 * 15
+5 * 15
+5 * 15
+4 * 15
+5 * 15
+5 -1 15
+4 +1 15
+5 * 15
+5 * 15
+5 * 15
+5 * 15
+5 * 15
+5 * 15
+5 * 15
+5 * 15
+5 * 15
+4 * 15
+4 * 15 0 15
+4 -1 15
+3 * 15 0 0 0 0 0 0 0 0 15 8
-78 +1 1
+4 * 1
+5 * 1
+5 -1 1
+4 +1 1
+5 * 1
+5 * 1
+5 * 1
+5 * 1 0 0 1 0 0 1
+5 * 1
+5 * 1
+5 * 1
+5 * 1
+5 * 1
+4 * 1
+4 * 1 0 1
+4 -1 1
+3 * 1 0 0 0 0 0 0 0 0 1 1
+6 +2 1 1
+3 * 1
+4 * 1 1 0 0 1
+4 * 1 1 0 0 1
+7 * 1 0 0 1 0 0 1 0 0 1
fi=(224)
+6 1120 1 1
+8 * 1 0 1
+4 * 1 1
+8 * 1 0 1
+4 * 1 1
+8 * 1 0 1
+4 * 1 1
+8 * 1 0 1
+4 * 1 1
+8 * 1 0 1 1 0 0 1
+4 * 1 1
+8 * 1 0 1
+7 * 1 1
+8 * 1 0 1
+7 * 1 1
+8 * 1 0 1
+7 * 1 1
+8 * 1 0 1
+7 * 1 1 0 1 0 0 1
+8 * 1 0 1
+7 * 1 1
+5 * 1 0 1
+7 * 1 1
+5 * 1 0 1
+7 * 1 1
+5 * 1 0 1
+7 * 1 1
+5 * 1 0 1
+7 * 1 1 0 1 0 0 1
+5 * 1 0 1
+7 * 1 1
+5 * 1 0 1
fe=(231)
+7 98 1
+5 * 1
+3 * 1
+7 * 1 1 1 0 1 0 0 0 0 0 0 1 1
cob=(2)
cfi=(241)
cfn=(816)
calls=1 0x171860 -25 
* * 47 17 0 3 0 0 3 0 0 9
+6 +1 1
+3 * 1
+5 * 1
+2 * 1 0 1
+3 +1 1 1
+4 * 1 1
+9 * 1 0 0 0 0 0 0 0 0 1
+2 * 1 1
+4 * 1 1
+1 * 1 1

fn=(792) std::ctype<wchar_t>::ctype(unsigned long)
0xe2f70 103 1 0 0 1 0 0 1
+4 * 1 0 1
fi=(222)
+1 437 1
fe=(231)
+2 103 1
+3 * 1
fi=(222)
+4 437 1 0 0 1 0 0 1
+3 * 1
fe=(231)
+3 103 1 0 1
+4 * 1
fi=(222)
+3 437 1 0 1 0 0 1 0 0 1
fe=(231)
+3 105 1 1 0 0 1
+7 * 1
+4 * 1 0 1
+3 * 1 1 1 0 0 0 0 0 0 0 0 1 1
cfi=(215)
cfn=(746)
calls=1 0xcd670 221 
* * 18 6 2 0 0 0 0 0 0 2 0 1
+6 * 1 0 1
+4 +1 1
+3 -1 1 0 1
+4 +1 1 1
+4 * 1 1
+1 * 1 1 0 0 1 0 0 0 0 0 0 1 1
cfi=(232)
cfn=(794)
calls=1 0xfa0a0 282 
* * 18234 5060 2286 34 21 20 34 5 20 3155 95 653 19

fl=(305)
fn=(1166)
0x13b990 51 65795 0 0 1 0 0 1
+4 * 65795 0 65795
+1 * 65795
+3 * 65795
+3 * 65795
+4 +4 65795 65795
+3 -4 65795 0 65795
+4 * 65795
+3 * 65795 0 65795
+4 +1 65795 0 65795
+3 +3 65795 65795 0 0 6
+4 * 65795
fi=(247)
+3 +93 65795 65795 0 0 4
fe=(305)
+3 -93 65795
+2 * 65795 0 0 0 0 0 0 0 0 65795
+2 * 65795 0 65795 1 0 0 1
+4 * 65795
fi=(247)
+3 312 65795 65795
+7 * 65795 0 65795
+4 * 65795
fe=(305)
+3 59 65795
+3 * 65795 0 0 0 0 0 0 0 0 65795 13
fi=(247)
+32 +89 65537 65537
fe=(305)
+3 -59 65537
+2 * 65537 0 0 0 0 0 0 0 0 65537 5
+37 -28 65795 0 0 1 0 0 1
+2 * 65795 0 0 0 0 0 0 0 0 65795 4
+2 * 65537 65537
+4 * 65537 0 0 0 0 0 0 0 0 65537 6
+2 * 65795 65795
+4 +35 65795 65795
+4 -6 65795 0 65795
+4 +6 65795 65795
+4 * 65795 65795
+4 * 65795 65795
+1 * 65795 65795
fi=(247)
+1 339 65537 65537 0 1 0 0 1
fi=(246)
+7 498 65537 65537
+5 350 65537 65537
+5 * 65537 0 0 0 0 0 0 0 0 65537 1
fe=(305)
+6 67 65536 65536
fi=(312)
+7 455 65536 65536
fi=(247)
+3 52 65536
+3 * 65536 0 0 0 0 0 0 0 0 65536
fi=(309) /usr/src/debug/gcc/gcc-build/x86_64-pc-linux-gnu/libstdc++-v3/include/x86_64-pc-linux-gnu/bits/ctype_inline.h
+6 -8 65537 65537
+4 * 65537
fe=(305)
+3 +25 65537 65537 0 0 12 0 0 2
+5 * 65537 0 0 0 0 0 0 0 0 65537 257
fi=(246)
+2 498 65280 65280
+5 +3 65280 65280
+5 328 65280
+3 * 65280 0 0 0 0 0 0 0 0 65280
+2 511 65280
+4 * 65280 0 65280
+5 350 65280
+3 * 65280 0 0 0 0 0 0 0 0 65280
fi=(312)
+2 455 65280 65280
fi=(309)
+3 44 65280 65280
+4 * 65280
fe=(305)
+3 +25 65280 65280
+5 * 65280 0 0 0 0 0 0 0 0 65280
+2 +20 65537 65537 0 7 0 0 1
+3 * 65537 65537
+4 * 65537
+3 * 65537
fi=(246)
+77 353 1 1 0 1 0 0 1
+4 * 1
+3 * 1 1 1 0 1 0 0 0 0 0 0 1 1
cfi=(292)
cfn=(1172)
calls=1 0x12e380 -26 
* * 141 49 26 12 4 0 12 1 0 14 6 5 5
fe=(305)
+3 67 1 1
+3 * 1 1
+4 * 1
+3 * 1 1
fi=(247)
+7 -15 1
+3 * 1 0 0 0 0 0 0 0 0 1
fe=(305)
+2 +17 1
+3 * 1 0 0 0 0 0 0 0 0 1
+2 * 1

fn=(1328)
0x13ea90 101 65536 0 0 7 0 0 1
+4 * 65536 0 65536
+1 +3 65536
+2 -3 65536
+3 * 65536 0 65536
+2 * 65536 0 65536
+1 * 65536
+3 +3 65536
+4 -3 65536
+4 * 65536 65536
+9 * 65536 0 65536
+4 * 65536
+3 +3 65536
+3 * 65536 65536 65536 1 0 0 1 0 0 0 0 65536 1
cfn=(1166)
calls=65536 0x13b990 -53 
* * 4256512 1702656 524032 6 17 0 0 1 0 720128 274
+6 +1 65536 65536
+4 * 65536 0 0 0 0 0 0 0 0 65536
+2 +6 65536 65536
+3 -4 65536 0 65536
+7 +4 65536 65536
+4 * 65536
+3 * 65536 65536
fi=(247)
+7 -59 65536
+3 * 65536 0 0 0 0 0 0 0 0 65536
+6 338 65536
+2 * 65536
+6 * 65536 65536
+7 * 65536
+3 * 65536
fi=(224)
+3 2116 65536
+3 * 65536 0 0 1 0 0 1
+4 * 65536
+3 * 65536 65536 0 0 5
+3 * 65536 65536 0 0 5
+4 * 65536 0 65536
+2 * 65536
+2 * 65536 0 65536
+1 * 65536 0 65536 0 0 0 0 0 0 0 0 65536 1
cfi=(310)
cfn=(1332) std::num_get<char, std::istreambuf_iterator<char, std::char_traits<char> > >::do_get(std::istreambuf_iterator<char, std::char_traits<char> >, std::istreambuf_iterator<char, std::char_traits<char> >, std::ios_base&, std::_Ios_Iostate&, double&) const
calls=65536 0x152d20 709 
* * 102999436 26168644 14258116 3529 187 57 141 11 14 15466395 210642 1238734 1038
+3 * 65536 65536
+1 * 65536 65536
fe=(305)
+1 125 65536 65536
+3 * 65536
+2 * 65536 0 0 0 0 0 0 0 0 65536 256
+2 +4 65536 65536
+4 * 65536 65536
+9 * 65536 0 0 0 0 0 0 0 0 65536
+2 * 65536
+4 * 65536
+3 * 65536 65536
+1 * 65536 65536
+2 * 65536 65536
+1 * 65536 65536
+7 -3 256 256 0 1 0 0 1
+3 * 256 256
+4 * 256
fi=(249)
+3 +72 256 256
fi=(247)
+3 -30 256 256 256 0 5 0 0 0 0 0 0 256 1
cfi=(250)
cfn=(1150)
calls=256 0x1388f0 46 
* * 2304 768 256 0 0 0 0 0 0 256 2
+6 * 256
fe=(305)

fn=(1164)
0x13df30 101 1 0 0 1 0 0 1
+4 * 1 0 1
+1 +3 1
+2 -3 1
+3 * 1 0 1
+2 * 1 0 1
+1 * 1
+3 +3 1 0 0 1 0 0 1
+4 -3 1
+4 * 1 1
+9 * 1 0 1
+4 * 1
+3 +3 1
+3 * 1 1 1 0 1 0 0 0 0 0 0 1 1
cfn=(1166)
calls=1 0x13b990 -53 
* * 201 73 34 18 6 0 18 2 0 23 10 6 6
+6 +1 1 1
+4 * 1 0 0 0 0 0 0 0 0 1
+2 +6 1 1
+3 -4 1 0 1
+7 +4 1 1
+4 * 1
+3 * 1 1
fi=(247)
+7 -59 1 0 0 1 0 0 1
+3 * 1 0 0 0 0 0 0 0 0 1
+6 338 1
+2 * 1
+6 * 1 1
+7 * 1
+3 * 1
fi=(224)
+3 2058 1
+3 * 1
+4 * 1
+3 * 1 1
+3 * 1 1 0 0 1
+4 * 1 0 1
+2 * 1
+2 * 1 0 1
+1 * 1 0 1 0 0 0 0 0 0 0 0 1 1
cfn=(1196)
calls=1 0x1559b0 2238 
* * 341 93 50 25 2 0 25 1 0 60 14 2 2
+3 * 1 1
+1 * 1 1
fe=(305)
+1 125 1 1
+3 * 1
+2 * 1 0 0 0 0 0 0 0 0 1
+2 +4 1 1 0 1 0 0 1
+4 * 1 1
+9 * 1 0 0 0 0 0 0 0 0 1
+2 * 1
+4 * 1
+3 * 1 1
+1 * 1 1
+2 * 1 1
+1 * 1 1

fl=(311) /usr/src/debug/gcc/gcc-build/x86_64-pc-linux-gnu/libstdc++-v3/include/bits/streambuf_iterator.h
fn=(1202) std::istreambuf_iterator<char, std::char_traits<char> >::equal(std::istreambuf_iterator<char, std::char_traits<char> > const&) const
0x14d6d0 201 131036 0 0 1 0 0 1
+4 * 131036 0 131036
+1 * 131036
+3 * 131036
+3 * 131036
+4 +8 131036 131036
+3 * 131036 131036
+5 * 131036
+3 * 131036
+3 * 131036
+3 * 131036
+2 * 131036 0 0 0 0 0 0 0 0 131036 4
+2 * 131036 131036
+3 * 131036 131036
+4 * 131036
+3 * 131036
+3 * 131036
+3 * 131036
+2 * 131036 0 0 0 0 0 0 0 0 131036 1
+2 -7 131036 131036
+1 * 131036
+2 * 131036
+3 * 131036 131036
+2 * 131036 0 0 1 0 0 1
fi=(246)
+2 350 131036 131036
+4 * 131036 131036
+4 * 131036 0 0 0 0 0 0 0 0 131036
fe=(311)
+2 201 131036
+2 * 131036

fn=(1206) std::istreambuf_iterator<char, std::char_traits<char> >::_M_get() const
0x14d7a0 206 131036 0 0 1 0 0 1
+4 +3 131036 131036
+3 -1 131036 131036
+3 +1 131036
+3 * 131036 0 0 0 0 0 0 0 0 131036
+2 * 131036
+3 * 131036 0 0 0 0 0 0 0 0 131036 4
fi=(246)
+6 498 131036 131036
+4 350 131036 131036
+4 * 131036 0 0 1 0 0 1 0 0 131036
fi=(312)
+2 455 131036 131036
+3 * 131036 131036
fe=(311)

fl=(360) /usr/src/debug/gcc/gcc-build/x86_64-pc-linux-gnu/libstdc++-v3/include/x86_64-pc-linux-gnu/bits/c++locale.h
fn=(1814) std::__convert_from_v(__locale_struct* const&, char*, int, char const*, ...)
0x10ff20 78 32640 0 0 1 0 0 1
+4 * 32640 0 32640
+1 * 32640
+3 * 32640 0 32640
+2 * 32640
+3 * 32640 0 32640
+2 * 32640
+3 * 32640 0 32640
+2 * 32640 0 32640
+1 * 32640
+2 * 32640
+7 * 32640 0 32640 1 0 0 1
+7 * 32640 0 32640
+7 * 32640
+2 * 32640 0 0 0 0 0 0 0 0 32640
+2 * 32640 0 32640
+7 * 32640 0 32640
+7 * 32640 0 32640
+4 * 32640 0 32640
+4 * 32640 0 32640
+4 * 32640 0 32640
+4 * 32640 0 32640
+4 * 32640 0 32640
+4 * 32640 32640
+9 * 32640 0 32640 1 0 0 1
+7 * 32640
+2 +2 32640 32640
+3 * 32640 32640 32640 0 1 0 0 0 0 0 0 32640 1
cob=(2)
cfi=(233)
cfn=(796)
calls=32640 0x361c0 -50 
* * 718080 293760 130560 2 3 0 0 0 0 32640
+6 +17 32640
+3 * 32640
+3 * 32640
+3 -17 32640
+3 +14 32640
+4 * 32640 0 32640
+10 +3 32640
+7 -3 32640 0 32640
+7 * 32640
+7 * 32640 0 32640 1 0 0 1
+10 * 32640 0 32640
+7 +3 32640 32640 32640 0 0 0 0 0 0 0 0 32640 1
cob=(2)
cfi=(361)
cfn=(1816)
calls=32640 0x8c330 +5 
* * 75908433 16867755 10966753 133 24 18 123 13 0 11671462 260758 195840 4
+6 +8 32640
+3 -8 32640
+2 +8 32640 32640 32640 0 0 0 0 0 0 0 0 32640 1
cob=(2)
cfi=(233)
cfn=(796)
calls=32640 0x361c0 -75 
* * 718080 293760 130560 0 1 0 0 0 0 32640
+6 +9 32640 32640
+7 * 32640 32640
+9 * 32640 0 0 0 0 0 0 0 0 32640
+2 * 32640
+7 * 32640
+2 * 32640 32640
+1 * 32640 32640
+2 * 32640 32640 0 1 0 0 1
+2 * 32640 32640
+2 * 32640 32640
+1 * 32640 32640

fl=(213)
fn=(738) std::locale::_Impl::_Impl(unsigned long)
0xe6d40 490 1 0 0 1 0 0 1
+4 * 1 0 1
+1 +5 1
+5 -5 1
+3 * 1 0 1
+2 * 1 0 1
+2 * 1 0 1
+2 * 1 0 1
+2 * 1 0 1
+1 * 1
+4 * 1 1
+9 * 1 0 1 0 0 1
+4 * 1
+3 +5 1
+7 -3 1 0 1 0 0 1 0 0 1
+2 +3 1
+2 -3 1 0 1
+8 +3 1 1 1 1 1 1 1 0 0 0 0 1 1
cob=(2)
cfi=(214)
cfn=(740)
calls=1 0x1729c0 198 
* * 36 2 12 3 1 7 3 0 7 6 1
+6 * 1
+7 +1 1
+2 * 1
+5 * 1
+7 -1 1 0 1
+4 +1 1 1 1 0 0 0 0 0 0 0 0 1 1
cob=(2)
cfi=(214)
cfn=(740)
calls=1 0x1729c0 198 
* * 36 2 12 0 0 6 0 0 6 6
+6 * 1
+7 +3 1
+4 * 1 0 1 0 0 1 0 0 1
+11 -3 1 0 1
+4 +3 1 0 0 1 0 0 1
+7 * 1 0 1
+4 +1 1
+7 * 1 0 1 0 0 1 0 0 1
+7 -1 1 0 1
+7 * 1 0 1
+7 * 1 0 1
+7 * 1 0 1
+7 * 1 0 1
+7 +2 1 1 1 0 0 0 0 0 0 0 0 1 1
cfi=(215)
cfn=(742)
calls=1 0xcd6c0 233 
* * 3 1 0 1 0 0 1
+6 +9 1 0 0 1 0 0 1
+5 * 1
+2 * 1
fi=(408) /usr/include/bits/string_fortified.h
+2 29 1 1 0 0 1 0 0 1
fe=(213)
+3 510 1
fi=(408)
+7 29 1 0 1
fe=(213)
+7 510 1 1 1 0 1 0 0 0 0 0 0 1 1
cfi=(216) /usr/src/debug/gcc/gcc-build/x86_64-pc-linux-gnu/libstdc++-v3/src/c++11/ctype_configure_char.cc
cfn=(744) std::ctype<char>::ctype(unsigned short const*, bool, unsigned long)
calls=1 0xf96b0 121 
* * 247 49 82 25 8 13 25 2 9 23 14 5 5
fi=(222)
+6 653 1 1 0 0 1
+7 * 1
+7 * 1
+3 * 1 1 1 0 1 0 0 0 0 0 0 1 1
cfi=(215)
cfn=(766) std::locale::_Impl::_M_install_facet(std::locale::id const*, std::locale::facet const*)
calls=1 0xcdc40 325 
* * 398 119 13 9 1 0 9 0 0 103 6 1 1
fe=(213)
+6 511 1
+5 * 1 0 0 1 0 0 1
+7 * 1 1 1 0 1 0 0 0 0 0 0 1 1
cfi=(223) /usr/src/debug/gcc/gcc/libstdc++-v3/src/c++98/codecvt.cc
cfn=(774) std::codecvt<char, char, __mbstate_t>::codecvt(unsigned long)
calls=1 0xc7f50 38 
* * 36 11 8 2 1 1 2 0 1 2 0 2 1
fi=(222)
+6 653 1 1 0 0 1
+7 * 1
+7 * 1
+3 * 1 1 1 0 0 0 0 0 0 0 0 1 1
cfi=(215)
cfn=(766)
calls=1 0xcdc40 325 
* * 398 119 13 0 1 0 0 0 0 103 4 1
fi=(224)
+6 1636 1
+7 -1 1
+2 +85 1
fi=(222)
+2 437 1 0 1 0 0 1 0 0 1
fi=(224)
+10 1633 1 0 1
+7 +87 1 0 0 1 0 0 1
+7 -84 1
+4 -4 1 0 1
+11 +4 1 0 1
+7 +83 1 1
+7 -87 1 0 1
+11 +87 1
+4 -85 1 0 1
+11 +85 1 0 1 0 0 1 0 0 1
+7 * 1 0 0 1 0 0 1
+7 -85 1 0 1
+11 * 1 0 1
+11 +1 1 0 1 0 0 1 0 0 1
+11 * 1 0 1
+7 +1 1 0 1 0 0 1 0 0 1
fi=(222)
+7 437 1 0 1
fi=(224)
+10 1719 1 0 1 1 0 0 1
+7 +1 1 1 1 0 1 0 0 0 0 0 0 1 1
cfi=(225) /usr/src/debug/gcc/gcc-build/x86_64-pc-linux-gnu/libstdc++-v3/src/c++98/numeric_members.cc
cfn=(778) std::__cxx11::numpunct<char>::_M_initialize_numpunct(__locale_struct*)
calls=1 0xdaf00 92 
* * 416 136 74 5 5 0 5 3 0 64 20
fi=(222)
+6 653 1 1 0 0 1
+7 * 1
+7 * 1
+3 * 1 1 1 0 0 0 0 0 0 0 0 1 1
cfi=(215)
cfn=(766)
calls=1 0xcdc40 325 
* * 398 119 13 0 1 0 0 1 0 103 3 1
fi=(224)
+6 1983 1 1
fi=(222)
+7 653 1 1 0 0 1
+7 * 1
+3 437 1 0 1
+10 653 1 0 0 1 0 0 1
fi=(224)
+7 1983 1
+4 * 1 0 1
fi=(222)
+7 653 1 1 1 0 0 0 0 0 0 0 0 1 1
cfi=(215)
cfn=(766)
calls=1 0xcdc40 325 
* * 398 119 13 0 1 0 0 1 0 103 3 1
fi=(224)
+6 2347 1 1 0 0 1
fi=(222)
+7 653 1 1 0 0 1
+7 * 1
+3 437 1 0 1
+10 653 1
fi=(224)
+7 2347 1
+4 * 1 0 1 1 0 0 1
fi=(222)
+7 653 1 1 1 0 0 0 0 0 0 0 0 1 1
cfi=(215)
cfn=(766)
calls=1 0xcdc40 325 
* * 398 119 13 0 0 0 0 0 0 103 2 1
+6 +63 1 1 0 0 1
+7 437 1 0 1
+10 716 1
+4 * 1 0 1
+7 * 1 1 1 0 0 0 0 0 0 0 0 1 1
cfi=(215)
cfn=(746)
calls=1 0xcd670 221 
* * 18 6 2 0 0 0 0 0 0 2 0 1
+6 * 1 0 1
+7 -63 1 1 0 0 1
+7 * 1
+7 * 1 0 0 1 0 0 1
+3 * 1 1 1 0 0 0 0 0 0 0 0 1 1
cfi=(215)
cfn=(766)
calls=1 0xcdc40 325 
* * 398 119 13 0 0 0 0 0 0 103 3 1
fi=(226)
+6 1026 1
+7 -6 1
+2 +88 1
fi=(222)
+2 437 1
fi=(226)
+7 1020 1 0 1 0 0 1 0 0 1
+7 +88 1
+2 * 1
+7 -82 1
fi=(222)
+4 437 1 0 1
fi=(226)
+10 1026 1 0 1
+7 +81 1 1 0 1 1 0 1
+7 -88 1 0 1
+11 +88 1
+4 -88 1 0 1
+11 * 1 0 1
+7 +2 1 0 1
+11 * 1 0 1
+11 +1 1 0 1 1 0 0 1
+11 * 1 0 1 0 0 1 0 0 1
+11 +1 1 0 1
+11 * 1 0 1
+11 +1 1 0 1
+10 +1 1 0 1
+11 +1 1 0 1 1 0 0 1
fi=(222)
+7 437 1 0 1 0 0 1 0 0 1
fi=(226)
+10 1107 1 0 1
+7 * 1 0 1
+7 +1 1 1 1 0 1 0 0 0 0 0 0 1 1
cfi=(227) /usr/src/debug/gcc/gcc-build/x86_64-pc-linux-gnu/libstdc++-v3/src/c++98/monetary_members.cc
cfn=(782) std::__cxx11::moneypunct<char, false>::_M_initialize_moneypunct(__locale_struct*, char const*)
calls=1 0xd9920 372 
* * 107 35 28 5 4 0 5 2 0 13 8
fi=(222)
+6 653 1 1
+7 * 1
+7 * 1
+3 * 1 1 1 0 0 0 0 0 0 0 0 1 1
cfi=(215)
cfn=(766)
calls=1 0xcdc40 325 
* * 398 119 13 0 0 0 0 0 0 103 2 1
fi=(226)
+6 1026 1 0 0 1 0 0 1
+7 +82 1
+2 * 1
fi=(222)
+2 437 1 0 1 0 0 1 0 0 1
fi=(226)
+10 1019 1 0 1
+7 +89 1
+7 -82 1
+4 -7 1 0 1
+11 +7 1 0 1
+7 -6 1
+2 * 1 0 1
+7 +87 1 1 0 1 1 0 1
+7 -88 1 0 1
+11 +88 1
+4 -86 1 0 1
+11 +86 1 0 1
+7 * 1
+7 -86 1 0 1
+11 +1 1 0 1 1 0 0 1
+11 * 1 0 1 0 0 1 0 0 1
+11 +1 1 0 1
+11 * 1 0 1
+11 +1 1 0 1
+10 +1 1 0 1
+11 +1 1 0 1
fi=(222)
+7 437 1 0 1 1 0 0 1
fi=(226)
+10 1107 1 0 1
+7 +1 1 1 1 0 1 0 0 0 0 0 0 1 1
cfi=(227)
cfn=(784) std::__cxx11::moneypunct<char, true>::_M_initialize_moneypunct(__locale_struct*, char const*)
calls=1 0xd93e0 216 
* * 109 35 28 6 0 0 6 0 0 13 8
fi=(222)
+6 653 1 1 0 0 1
+7 * 1
+7 * 1
+3 * 1 1 1 0 0 0 0 0 0 0 0 1 1
cfi=(215)
cfn=(766)
calls=1 0xcdc40 325 
* * 398 119 13 0 0 0 0 0 0 103 1 1
fi=(226)
+6 1530 1 1 0 0 1
fi=(222)
+7 653 1 1 0 0 1
+7 * 1
+3 437 1 0 1 1 0 0 1
+10 653 1
fi=(226)
+7 1530 1
+4 * 1 0 1
fi=(222)
+7 653 1 1 1 0 0 0 0 0 0 0 0 1 1
cfi=(215)
cfn=(766)
calls=1 0xcdc40 325 
* * 398 119 13 0 0 0 0 0 0 103 1 1
fi=(226)
+6 1690 1 1 0 0 1
fi=(222)
+7 653 1 1 0 0 1
+7 * 1
+3 437 1 0 1 0 0 1 0 0 1
+10 653 1 0 0 1 0 0 1
fi=(226)
+7 1690 1
+4 * 1 0 1
fi=(222)
+7 653 1 1 1 0 0 0 0 0 0 0 0 1 1
cfi=(215)
cfn=(766)
calls=1 0xcdc40 325 
* * 398 119 13 0 0 0 0 0 0 103 1 1
fi=(226)
+6 138 1
+7 -13 1
fi=(222)
+4 437 1 0 1 0 0 1 0 0 1
fe=(213)
+10 +96 1
fi=(226)
+5 138 1 0 1 0 0 1 0 0 1
fe=(213)
+7 533 1
+7 * 1 0 0 1 0 0 1
fi=(226)
+7 138 1
+4 -13 1 0 1
+7 +13 1 0 1
+7 * 1 0 1
+11 -13 1 0 1 0 0 1 0 0 1
+7 * 1 0 1
+7 * 1 0 1
+7 * 1 0 1
+7 * 1 0 1 1 0 1 1 0 1
+7 * 1 0 1
+7 * 1 0 1
+7 * 1 0 1
+7 * 1 0 1 0 0 1 0 0 1
+7 * 1 0 1
+7 * 1 0 1
+7 * 1 0 1
+7 * 1 0 1 0 0 1 0 0 1
+7 * 1 0 1 1 0 0 1
+7 * 1 0 1
+7 * 1 0 1
+7 * 1 0 1 0 0 1 0 0 1
+7 * 1 0 1
+7 * 1 0 1
+7 * 1 0 1
+7 * 1 0 1
+7 * 1 0 1
fe=(213)
+7 533 1 1 1 0 1 0 0 0 0 0 0 1 1
cfi=(228)
cfn=(786)
calls=1 0x146230 48 
* * 178 45 43 17 5 0 17 0 0 4 1 4 2
fi=(222)
+6 653 1 1 0 1 1 0 1
+7 * 1
+7 * 1
+3 * 1 1 1 0 0 0 0 0 0 0 0 1 1
cfi=(215)
cfn=(766)
calls=1 0xcdc40 325 
* * 398 119 13 0 0 0 0 0 0 103 2 1 1
fi=(226)
+6 422 1 1 0 0 1
fi=(222)
+7 653 1 1 0 0 1
+7 * 1
+3 437 1 0 1 0 0 1 0 0 1
+10 653 1
fi=(226)
+7 422 1
+4 * 1 0 1 1 0 0 1
fi=(222)
+7 653 1 1 1 0 0 0 0 0 0 0 0 1 1
cfi=(215)
cfn=(766)
calls=1 0xcdc40 325 
* * 398 119 13 0 0 0 0 0 0 103 1 1
fi=(226)
+6 859 1 1 0 0 1
fi=(222)
+7 653 1 1 0 0 1
+7 * 1
+3 437 1 0 1
+10 653 1
fi=(226)
+7 859 1
+4 * 1 0 1
fi=(222)
+7 653 1 1 1 0 0 0 0 0 0 0 0 1 1
cfi=(215)
cfn=(766)
calls=1 0xcdc40 325 
* * 398 119 13 0 1 0 0 1 0 103 1 1
fe=(213)
+6 537 1 0 0 1 0 0 1
+5 * 1
+7 * 1 1 1 0 1 0 0 0 0 0 0 1 1
cfi=(230)
cfn=(790) std::__cxx11::messages<char>::messages(unsigned long)
calls=1 0x11d9e0 44 
* * 41 13 10 2 1 0 2 0 0 2 0 3 2
fi=(222)
+6 653 1 1
+7 * 1
+7 * 1
+3 * 1 1 1 0 0 0 0 0 0 0 0 1 1
cfi=(215)
cfn=(766)
calls=1 0xcdc40 325 
* * 398 119 13 0 0 0 0 0 0 103 1 1
fe=(213)
+6 540 1
+5 * 1
+7 * 1 1 1 0 1 0 0 0 0 0 0 1 1
cfi=(231)
cfn=(792)
calls=1 0xe2f70 103 
* * 18272 5071 2295 36 23 21 36 5 21 3157 95 656 21
fi=(222)
+6 653 1 1 0 0 1
+7 * 1 0 0 1 0 0 1
+7 * 1
+3 * 1 1 1 0 0 0 0 0 0 0 0 1 1
cfi=(215)
cfn=(766)
calls=1 0xcdc40 325 
* * 398 119 13 0 1 0 0 1 0 103 3 1
fe=(213)
+6 541 1
+5 * 1
+7 * 1 1 1 0 0 0 0 0 0 0 0 1 1
cfi=(223)
cfn=(818) std::codecvt<wchar_t, char, __mbstate_t>::codecvt(unsigned long)
calls=1 0xc7ff0 118 
* * 36 11 8 2 0 2 2 0 2 2 0 2 1
fi=(222)
+6 653 1 1
+7 * 1
+7 * 1
+3 * 1 1 1 0 0 0 0 0 0 0 0 1 1
cfi=(215)
cfn=(766)
calls=1 0xcdc40 325 
* * 398 119 13 0 0 0 0 0 0 103 1 1
fi=(224)
+6 1636 1
+7 +84 1
fi=(222)
+2 437 1 0 0 1 0 0 1
+7 * 1 0 1 0 0 1 0 0 1
fi=(224)
+10 1633 1 0 1
+7 +87 1
+7 -84 1
+4 -4 1 0 1
+11 +4 1 0 1
+7 +83 1 1 0 0 1
+7 -87 1 0 1 1 0 0 1
+11 +87 1
+4 -85 1 0 1
+11 * 1 0 1
+11 * 1 0 1
+11 +1 1 0 1 0 0 1 0 0 1
+11 * 1 0 1 1 0 0 1
+11 +1 1 0 1
fi=(222)
+7 437 1 0 1
fi=(224)
+10 1719 1 0 1
+7 * 1 0 1 0 0 1 0 0 1
+7 +1 1 1 1 0 1 0 0 0 0 0 0 1 1
cfi=(225)
cfn=(820) std::__cxx11::numpunct<wchar_t>::_M_initialize_numpunct(__locale_struct*)
calls=1 0xdb260 183 
* * 350 72 73 6 0 3 6 0 3 64 19
fi=(222)
+6 653 1 1 0 0 1
+7 * 1
+7 * 1
+3 * 1 1 1 0 0 0 0 0 0 0 0 1 1
cfi=(215)
cfn=(766)
calls=1 0xcdc40 325 
* * 398 119 13 0 1 0 0 1 0 103 1 1
fi=(224)
+6 1983 1 1 0 1 1 0 1
fi=(222)
+7 653 1 1
+7 * 1
+3 437 1 0 1
+10 653 1
fi=(224)
+7 1983 1
+4 * 1 0 1
fi=(222)
+7 653 1 1 1 0 0 0 0 0 0 0 0 1 1
cfi=(215)
cfn=(766)
calls=1 0xcdc40 325 
* * 398 119 13 0 1 0 0 1 0 103 1 1
fi=(224)
+6 2347 1 1 0 0 1
fi=(222)
+7 653 1 1 0 0 1
+7 * 1 0 0 1 0 0 1
+3 437 1 0 1
+10 653 1
fi=(224)
+7 2347 1
+4 * 1 0 1
fi=(222)
+7 653 1 1 1 0 0 0 0 0 0 0 0 1 1
cfi=(215)
cfn=(766)
calls=1 0xcdc40 325 
* * 398 119 13 0 0 0 0 0 0 103 1 1
+6 +63 1 1 0 0 1
+7 437 1 0 1
+10 716 1
+4 * 1 0 1
+7 * 1 1 1 1 0 0 1 0 0 0 0 1 1
cfi=(215)
cfn=(746)
calls=1 0xcd670 221 
* * 18 6 2 0 0 0 0 0 0 2 0 1
+6 * 1
+7 * 1
+5 * 1 1 0 0 1
+8 * 1 1
+8 * 1
+5 * 1
+5 * 1 1
+8 * 1 0 1
+7 -64 1
+4 * 1 0 0 1 0 0 1
+4 +1 1
+3 * 1 1 0 0 1
+7 * 1
+4 * 1 0 1
+7 * 1
+7 * 1 0 1
+7 * 1 0 1
+4 * 1 1 1 0 0 0 0 0 0 0 0 1 1
cfi=(215)
cfn=(766)
calls=1 0xcdc40 325 
* * 398 119 13 0 0 0 0 0 0 103 1 1
fi=(226)
+6 1026 1
+7 +82 1
+2 * 1
fi=(222)
+2 437 1 0 1 1 0 1 1 0 1
fi=(226)
+10 1019 1 0 1
+7 +89 1
+7 -82 1
+4 -7 1 0 1
+11 +7 1 0 1
+7 +81 1 1 0 0 1
+7 -88 1 0 1
+11 +88 1
+4 -87 1 0 1 1 0 0 1
+11 +87 1 0 1 0 0 1 0 0 1
+7 * 1
+7 -86 1 0 1
+11 * 1 0 1
+11 +1 1 0 1 0 0 1 0 0 1
+11 * 1 0 1 1 0 0 1
+11 +1 1 0 1
+11 * 1 0 1
+11 +1 1 0 1
+10 +1 1 0 1
+11 +1 1 0 1 0 0 1 0 0 1
fi=(222)
+7 437 1 0 1
fi=(226)
+10 1107 1 0 1 1 0 0 1
+7 +1 1 1 1 0 1 0 0 0 0 0 0 1 1
cfi=(227)
cfn=(822) std::__cxx11::moneypunct<wchar_t, false>::_M_initialize_moneypunct(__locale_struct*, char const*)
calls=1 0xda680 741 
* * 102 26 28 5 0 0 5 0 0 14 9
fi=(222)
+6 653 1 1 0 0 1
+7 * 1
+7 * 1
+3 * 1 1 1 0 0 0 0 0 0 0 0 1 1
cfi=(215)
cfn=(766)
calls=1 0xcdc40 325 
* * 398 119 13 0 0 0 0 0 0 103 1 1
fi=(226)
+6 1026 1
+7 +82 1
+2 * 1
fi=(222)
+2 437 1 0 1
fi=(226)
+10 1019 1 0 1 0 0 1 0 0 1
+7 +89 1 0 0 1 0 0 1
+7 -82 1
+4 -7 1 0 1
+11 +7 1 0 1
+7 +81 1 1 0 0 1
+7 -88 1 0 1
+11 +88 1
+4 -87 1 0 1
+11 +1 1 0 1 1 0 0 1
+11 * 1 0 1
+11 +1 1 0 1
+11 * 1 0 1
+11 +1 1 0 1
+11 * 1 0 1
+11 +1 1 0 1 1 0 1 1 0 1
+10 +1 1 0 1
+11 +1 1 0 1
fi=(222)
+7 437 1 0 1
fi=(226)
+10 1107 1 0 1
+7 * 1 0 1
+7 +1 1 1 1 0 1 0 0 0 0 0 0 1 1
cfi=(227)
cfn=(824) std::__cxx11::moneypunct<wchar_t, true>::_M_initialize_moneypunct(__locale_struct*, char const*)
calls=1 0xda060 558 
* * 102 26 28 6 0 0 6 0 0 14 7
fi=(222)
+6 653 1 1 0 1 0 0 1
+7 * 1
+7 * 1
+3 * 1 1 1 0 0 0 0 0 0 0 0 1 1
cfi=(215)
cfn=(766)
calls=1 0xcdc40 325 
* * 398 119 13 0 0 0 0 0 0 103 1 1
fi=(226)
+6 1530 1 1 0 0 1
fi=(222)
+7 653 1 1 0 0 1
+7 * 1
+3 437 1 0 1
+10 653 1
fi=(226)
+7 1530 1
+4 * 1 0 1
fi=(222)
+7 653 1 1 1 1 0 0 1 0 0 0 0 1 1
cfi=(215)
cfn=(766)
calls=1 0xcdc40 325 
* * 398 119 13 0 0 0 0 0 0 103 1 1
fi=(226)
+6 1690 1 1 0 0 1
fi=(222)
+7 653 1 1 0 0 1
+7 * 1
+3 437 1 0 1
+10 653 1
fi=(226)
+7 1690 1
+4 * 1 0 1
fi=(222)
+7 653 1 1 1 0 0 0 0 0 0 0 0 1
cfi=(215)
cfn=(766)
calls=1 0xcdc40 325 
* * 398 119 13 0 0 0 0 0 0 103 1 1
fi=(226)
+6 138 1
+7 -13 1 0 0 1 0 0 1
fi=(222)
+4 437 1 0 1
fe=(213)
+10 563 1
fi=(226)
+5 138 1 0 1 0 0 1 0 0 1
fe=(213)
+7 563 1
+7 * 1
fi=(226)
+7 138 1
+4 -13 1 0 1
+7 +13 1 0 1
+7 * 1 0 1 1 0 0 1
+11 -13 1 0 1 0 0 1 0 0 1
+7 * 1 0 1
+7 * 1 0 1
+7 * 1 0 1
+7 * 1 0 1 0 0 1 0 0 1
+7 * 1 0 1
+7 * 1 0 1
+7 * 1 0 1
+7 * 1 0 1 1 0 1 1 0 1
+7 * 1 0 1
+7 * 1 0 1
+7 * 1 0 1
+7 * 1 0 1 0 0 1 0 0 1
+7 * 1 0 1
+7 * 1 0 1
+7 * 1 0 1
+7 * 1 0 1 0 0 1 0 0 1
+7 * 1 0 1 1 0 0 1
+7 * 1 0 1
+7 * 1 0 1
+7 * 1 0 1
+7 * 1 0 1
fe=(213)
+7 563 1 1 1 0 0 0 0 0 0 0 0 1 1
cfi=(228)
cfn=(826)
calls=1 0x176610 48 
* * 174 45 42 15 5 1 15 0 1 4 1 4 3
fi=(222)
+6 +90 1 1 0 0 1
+7 * 1
+7 * 1
+3 * 1 1 1 0 0 0 0 0 0 0 0 1 1
cfi=(215)
cfn=(766)
calls=1 0xcdc40 325 
* * 398 119 13 0 0 0 0 0 0 103 1 1
fi=(226)
+6 422 1 1 0 1 0 0 1
fi=(222)
+7 653 1 1
+7 * 1
+3 437 1 0 1
+10 653 1
fi=(226)
+7 422 1
+4 * 1 0 1
fi=(222)
+7 653 1 1 1 0 0 0 0 0 0 0 0 1 1
cfi=(215)
cfn=(766)
calls=1 0xcdc40 325 
* * 398 119 13 0 0 0 0 0 0 103 1 1
fi=(226)
+6 859 1 1 0 0 1
fi=(222)
+7 653 1 1 0 0 1
+7 * 1
+3 437 1 0 1 1 0 0 1
+10 653 1
fi=(226)
+7 859 1
+4 * 1 0 1
fi=(222)
+7 653 1 1 1 0 0 0 0 0 0 0 0 1 1
cfi=(215)
cfn=(766)
calls=1 0xcdc40 325 
* * 398 119 13 0 1 0 0 1 0 103 1 1
fe=(213)
+6 -86 1
+5 * 1
+7 * 1 1 1 0 0 0 0 0 0 0 0 1 1
cfi=(230)
cfn=(830) std::__cxx11::messages<wchar_t>::messages(unsigned long)
calls=1 0x128450 44 
* * 41 13 10 2 0 1 2 0 1 2 0 3 2
fi=(222)
+6 +86 1 1 0 0 1
+7 * 1
+7 * 1 0 0 1 0 0 1
+3 * 1 1 1 0 0 0 0 0 0 0 0 1
cfi=(215)
cfn=(766)
calls=1 0xcdc40 325 
* * 398 119 13 0 0 0 0 0 0 103 1 1
fi=(242) /usr/src/debug/gcc/gcc-build/x86_64-pc-linux-gnu/libstdc++-v3/include/bits/codecvt.h
+6 489 1 1 0 0 1
fi=(222)
+7 653 1 1 0 0 1
+7 * 1
+3 437 1 0 1
+10 653 1
fi=(242)
+7 489 1
+4 * 1 0 1
fi=(222)
+7 653 1 1 1 0 0 0 0 0 0 0 0 1 1
cfi=(215)
cfn=(766)
calls=1 0xcdc40 325 
* * 398 119 13 0 0 0 0 0 0 103 1 1
fi=(242)
+6 546 1 1 0 1 0 0 1
fi=(222)
+7 653 1 1
+7 * 1
+3 437 1 0 1
+10 653 1
fi=(242)
+7 546 1
+4 * 1 0 1
fi=(222)
+7 653 1 1 1 0 0 0 0 0 0 0 0 1 1
cfi=(215)
cfn=(766)
calls=1 0xcdc40 325 
* * 398 119 13 0 0 0 0 0 0 103 1 1
fi=(242)
+6 -49 1 1
fi=(222)
+7 +49 1 1
+7 * 1
+3 437 1 0 1 1 0 0 1
+10 653 1
fi=(242)
+7 -49 1
+4 * 1 0 1
fi=(222)
+7 +49 1 1 1 0 0 0 0 0 0 0 0 1 1
cfi=(215)
cfn=(766)
calls=1 0xcdc40 325 
* * 398 119 13 0 0 0 0 0 0 103 1 1
fi=(242)
+6 +8 1 1
fi=(222)
+7 -8 1 1
+7 * 1
+3 437 1 0 1
+10 653 1 0 0 1 0 0 1
fi=(242)
+7 +8 1
+4 * 1 0 1
fi=(222)
+7 -8 1 1 1 0 0 0 0 0 0 0 0 1 1
cfi=(215)
cfn=(766)
calls=1 0xcdc40 325 
* * 398 119 13 0 0 0 0 0 0 103 1 1
fe=(213)
+6 -63 1 1
+8 * 1 1
+5 +3 1
+4 * 1
+3 -3 1 1
+8 * 1 0 1
+4 * 1 0 1
+4 * 1 0 1
+4 +3 1 0 1 1 0 0 1
cfi=(243)
cfn=(834)
calls=1 0xebf10 100 
* * 1890 600 445 66 21 7 66 0 7 244 70 40 35
+6 +5 1 1
+4 * 1 1
+7 * 1 1 1 0 0 0 0 0 0 0 0 1
cfi=(215)
cfn=(768)
calls=1 0xcdbe0 -91 
* * 6 2 0 0 0 0 0 0 0 1
+6 * 1
+7 +1 1 1
+7 -1 1 0 1
+4 +1 1 1
+4 * 1 1 1 0 0 0 0 0 0 0 0 1 1
cfi=(215)
cfn=(768)
calls=1 0xcdbe0 -92 
* * 6 2 0 0 0 0 0 0 0 1
+6 +1 1 1
+7 -1 1 0 1
+4 +1 1 1
+4 * 1 1 1 1 0 0 1 0 0 0 0 1 1
cfi=(215)
cfn=(768)
calls=1 0xcdbe0 -93 
* * 6 2 0 0 0 0 0 0 0 1
+6 * 1
+7 +1 1 1
+7 -1 1 0 1
+4 +1 1 1
+4 * 1 1 1 0 0 0 0 0 0 0 0 1 1
cfi=(215)
cfn=(768)
calls=1 0xcdbe0 -94 
* * 6 2 0 0 0 0 0 0 0 1
+6 * 1
+7 +2 1 1
+7 -2 1 0 1
+4 +2 1 1
+4 * 1 1 1 0 0 0 0 0 0 0 0 1 1
cfi=(215)
cfn=(768)
calls=1 0xcdbe0 -96 
* * 6 2 0 0 0 0 0 0 0 1
+6 +1 1 1 0 1 0 0 1
+7 -1 1 0 1
+4 +1 1 1
+4 * 1 1 1 0 0 0 0 0 0 0 0 1 1
cfi=(215)
cfn=(768)
calls=1 0xcdbe0 -97 
* * 6 2 0 0 0 0 0 0 0 1
+6 * 1
+7 +1 1 1
+7 -1 1 0 1
+5 +1 1 1
+4 * 1 1 1 0 0 0 0 0 0 0 0 1 1
cfi=(215)
cfn=(768)
calls=1 0xcdbe0 -98 
* * 6 2 0 0 0 0 0 0 0 1
+6 +1 1 1
+4 * 1 1
+7 -1 1 0 1
+5 +1 1 1 1 1 0 0 1 0 0 0 0 1 1
cfi=(215)
cfn=(768)
calls=1 0xcdbe0 -99 
* * 6 2 0 0 0 0 0 0 0 1
+6 * 1
+7 * 1 0 1
+4 +2 1 1
+4 * 1 1
+9 * 1 0 0 0 0 0 0 0 0 1
+2 * 1
+4 * 1 1
+1 * 1 1
+2 * 1 1
+2 * 1 1
+2 * 1 1
+2 * 1 1
+1 * 1 1

fn=(736) std::locale::_S_initialize_once()
0xe7c00 324 1 0 0 1 0 0 1
+4 +4 1
+7 * 1 1
+4 * 1 0 0 0 0 0 0 0 0 1 1
+9 -4 1 0 1
+1 +9 1
+5 * 1
+7 -9 1
+3 +9 1 1 1 0 1 1 0 0 0 0 0 1 1
cfn=(738)
calls=1 0xe6d40 490 
* * 35552 10177 3932 270 139 100 270 20 94 6943 304 812 130
+6 * 1
+7 * 1
+7 +2 1
+7 * 1
+3 -2 1 0 1
+3 +1 1
+7 * 1 0 1
+3 +2 1 1
+1 -1 1 1 0 0 1 0 0 0 0 0 0 1 1
cfi=(215)
cfn=(856) std::locale::locale(std::locale::_Impl*)
calls=1 0xccd20 88 
* * 3 1 1 1 0 0 1

fn=(734) std::locale::_S_initialize()
0xe7c60 340 1310 0 0 2 0 0 1
fi=(212)
+4 57 1310 1310 0 0 6
fe=(213)
+7 342 1310 1310 0 0 1
+3 * 1310 0 0 0 0 0 0 0 0 1310
+2 +3 1310
+7 * 1310 1310 0 0 2 0 0 1
+4 * 1310 0 0 0 0 0 0 0 0 1310 1
+2 * 1309 1309
+51 +1 1 0 0 1 0 0 1
cfn=(736)
calls=1 0xe7c00 -22 
* * 35573 10182 3937 272 141 101 272 20 94 6944 305 814 132

fn=(732)
0xe7cd0 269 1310 0 0 1 0 0 1
+4 * 1310 0 1310
+1 * 1310
+3 * 1310 0 1310
+1 * 1310
+3 * 1310
+4 * 1310 0 1310 0 0 2 0 0 1
+7 +2 1310 0 1310
cfn=(734)
calls=1310 0xe7c60 +69 
* * 46053 15421 3937 275 150 101 274 21 94 9564 306 814 132
+6 +11 1310
+7 +1 1310
+7 -1 1310 1310
+3 * 1310 0 1310 1 0 0 1
+3 +1 1310 1310
+3 * 1310 0 0 0 0 0 0 0 0 1310 11
+74 +6 1310 1310 0 1 0 0 1
+4 * 1310 1310
+1 * 1310 1310

fl=(227)
fn=(784)
0xd93e0 216 1 0 0 1 0 0 1
+4 * 1 0 1
+1 * 1
+3 * 1
+4 * 1 0 1
+4 * 1
+3 * 1 0 1
+4 * 1
+3 +1 1 1
+5 * 1 0 0 1 0 0 1 0 0 1
+6 +3 1
+3 * 1 0 0 0 0 0 0 0 0 1 1
0xd9630 +3 1 1 0 1 0 0 1
+4 +12 1 1
+7 -10 1 0 0 1 0 0 1
+7 -2 1 0 1
+4 +1 1 1
+4 +11 1 1
+2 -11 1 0 1
+4 +1 1 1
+4 * 1 0 1
+4 +1 1 0 1
+8 +1 1 0 1
+4 +1 1 0 1
+4 +1 1 0 1
+8 +1 1 0 1
+4 +1 1 0 1
+8 +1 1 0 1
+4 +1 1 0 1 1 0 0 1
+8 +1 1 0 1
+7 +1 1 0 1
+3 +1 1 1
+4 * 1 0 1
+3 +3 1 1
+7 * 1 1
+3 -1 1
+2 * 1
+5 * 1
+11 * 1
+11 +1 1 1 0 1 0 0 1
+4 * 1 1
+4 * 1 0 1
+4 -1 1
+4 * 1
+4 * 1 0 0 0 0 0 0 0 0 1 1
-20 +1 10 10
+4 * 10 10
+4 * 10 0 10
+4 -1 10
+4 * 10
+4 * 10 0 0 0 0 0 0 0 0 10 6
+2 366 1 1
+4 * 1 1
+4 * 1 1
+1 * 1 1

fn=(782)
0xd9920 372 1 0 0 1 0 0 1
+4 * 1 0 1
+1 * 1
+3 * 1
+4 * 1 0 1
+4 * 1
+3 * 1 0 1
+4 * 1
+3 +1 1 1
+5 * 1 0 0 1 0 0 1 0 0 1
+6 +3 1
+3 * 1 0 0 0 0 0 0 0 0 1 1
0xd9b60 +3 1 1 0 1 0 0 1
+4 +12 1 1 0 0 1
+7 -10 1
+7 -2 1 0 1
+4 +1 1 1
+4 +11 1 1 0 0 1 0 0 1
+2 -11 1 0 1
+4 +1 1 1 0 1 0 0 1
+4 * 1 0 1
+4 +1 1 0 1
+8 +1 1 0 1
+4 +1 1 0 1
+4 +1 1 0 1
+8 +1 1 0 1
+4 +1 1 0 1
+8 +1 1 0 1
+4 +1 1 0 1
+8 +1 1 0 1
+7 +1 1 0 1 1 0 0 1
+3 +1 1 1
+4 * 1 0 1
+3 +3 1 1 0 0 1
+7 * 1 1
+3 -1 1
+2 * 1
+11 +1 1 1
+4 * 1 1
+4 * 1 0 1
+4 -1 1
+4 * 1
+4 * 1 0 0 0 0 0 0 0 0 1 1
-20 +1 10 10 0 0 1 0 0 1
+4 * 10 10
+4 * 10 0 10
+4 -1 10
+4 * 10
+4 * 10 0 0 0 0 0 0 0 0 10 6
+2 517 1 1
+4 * 1 1
+4 * 1 1
+1 * 1 1

fn=(824)
0xda060 558 1 0 0 1 0 0 1
+4 * 1 0 1
+1 * 1
+3 * 1
+4 * 1 0 1
+4 * 1
+3 * 1 0 1
+4 * 1 1
+9 * 1 0 1 1 0 0 1
+4 * 1
+3 +1 1 1
+5 * 1 0 0 0 0 0 0 0 0 1
+6 +3 1
+3 * 1 0 0 0 0 0 0 0 0 1 1
0xda2b5 731 1 1 0 1 0 0 1
+4 * 1 1
+9 * 1 0 0 0 0 0 0 0 0 1
+6 * 1 1
+4 * 1 1
+4 * 1 1
+1 * 1 1
+7 565 1 1 0 1 0 0 1
+5 +5 1
+7 -5 1
+10 +2 1
+7 -2 1 0 1
+4 +12 1 1
+7 -7 1 0 1 1 0 0 1
+4 +7 1 1
+2 -5 1 0 1
+4 +2 1 0 1
+4 +3 1 0 1
+3 -10 1 0 1
+4 +1 1 0 1
+8 +1 1 0 1
+4 +2 1 0 1
+8 +2 1 0 1
+8 +2 1 0 1
+8 +1 1 0 1
+7 +2 1 1 0 1 0 0 1
+5 * 1 0 1
+3 +5 1 1
+7 -1 1 1
+5 +1 1 1
+3 -2 1
+2 * 1
+7 +2 1 1
+4 * 1 0 1
+4 -2 1
+4 * 1
+4 * 1 0 0 0 0 0 0 0 0 1
-16 +2 10 10
+4 * 10 0 10
+4 -2 10
+4 * 10
+4 * 10 0 0 0 0 0 0 0 0 10 6
+2 * 1

fn=(822)
0xda680 741 1 0 0 1 0 0 1
+4 * 1 0 1
+1 * 1
+3 * 1
+4 * 1 0 1
+4 * 1
+3 * 1 0 1
+4 * 1 1
+9 * 1 0 1
+4 * 1
+3 +1 1 1
+5 * 1 0 0 0 0 0 0 0 0 1
+6 +3 1
+3 * 1 0 0 0 0 0 0 0 0 1 1
0xda8d5 914 1 1
+4 * 1 1
+9 * 1 0 0 0 0 0 0 0 0 1
+6 * 1 1
+4 * 1 1
+4 * 1 1
+1 * 1 1
+7 748 1 1 0 1 0 0 1
+5 +5 1 0 0 1 0 0 1
+7 -5 1
+10 +2 1
+7 -2 1 0 1
+4 +12 1 1
+7 -7 1 0 1
+4 +7 1 1
+2 -5 1 0 1
+4 +2 1 0 1
+4 +3 1 0 1
+3 -10 1 0 1
+4 +1 1 0 1
+8 +1 1 0 1 1 0 0 1
+4 +2 1 0 1
+8 +2 1 0 1
+8 +2 1 0 1
+8 +1 1 0 1
+7 +2 1 1
+5 * 1 0 1
+3 +5 1 1
+7 -1 1 1
+5 +1 1 1
+3 -2 1
+2 * 1
+7 +2 1 1 0 1 0 0 1
+4 * 1 0 1
+4 -2 1
+4 * 1
+4 * 1 0 0 0 0 0 0 0 0 1 1
-16 +2 10 10
+4 * 10 0 10
+4 -2 10
+4 * 10
+4 * 10 0 0 0 0 0 0 0 0 10 7
+2 * 1

fl=(303) /usr/src/debug/gcc/gcc/libstdc++-v3/libsupc++/new_opv.cc
fn=(1146) operator new[](unsigned long)
0xb6f90 31 294785 0 0 1 0 0 1
+4 +1 294785 294785 0 0 4 0 0 0 0 0 0 294785 1
cfi=(304)
cfn=(1148)
calls=294785 0xb6f20 +11 
* * 61778517 9550133 6041532 553 113 906 7 0 526 11578458 128794 294785 1

fl=(229)
fn=(788)
0xdb5a0 66 1 0 0 1 0 0 1
+4 * 1 0 1
+1 * 1
+3 * 1 0 1
+2 * 1 0 1
+1 * 1
+3 * 1
+4 * 1 0 1
+4 +1 1 1
+5 * 1 0 0 1 0 0 1 0 0 1
+6 +3 1 1
+5 * 1 0 0 0 0 0 0 0 0 1 1
0xdbab0 192 1 1 0 1 1 0 1
+8 * 1
+7 * 1 1 0 1 0 0 1
+8 * 1
+7 * 1
+5 * 1
+4 * 1
+4 * 1 0 1
+4 * 1 0 1
+4 73 1 1 1 0 0 0 0 0 0 0 0 1
cfi=(215)
cfn=(746)
calls=1 0xcd670 221 
* * 18 6 2 0 0 0 0 0 0 2 0 1
+6 +2 1
+7 * 1 1
+8 * 1 1
+5 -2 1 0 1 1 0 0 1
+4 +2 1 1
+4 * 1
+5 * 1
+7 * 1
+4 * 1
+5 * 1
+7 * 1 0 1
+4 * 1
+5 * 1 1
+8 * 1
+7 * 1
+5 * 1 0 0 1 0 0 1
+7 * 1 0 1
+7 * 1 1 0 0 1
+8 * 1
+4 * 1
+5 * 1
+7 * 1 0 1
+4 * 1
+5 +54 1
+7 -54 1
+4 * 1 0 1
+4 * 1 1 0 1 0 0 1
+8 * 1
+4 * 1
+5 * 1
+7 * 1 0 1
+4 * 1 1
+8 * 1
+4 * 1
+5 * 1
+7 * 1 0 1
+4 * 1 1
+8 * 1
+4 * 1 0 0 1 0 0 1
+5 * 1
+7 * 1 0 1
+4 * 1 1
+8 * 1
+4 * 1
+5 * 1
+7 * 1 0 1
+4 * 1 1
+8 * 1
+4 * 1
+5 * 1 0 0 1 0 0 1
+7 * 1 0 1
+7 * 1 1
+8 * 1
+4 * 1
+5 * 1
+7 * 1 0 1
+7 * 1
+4 * 1 1
+8 * 1 0 1
+7 * 1 1 0 1 0 0 1
+8 * 1
+4 * 1
+5 * 1
+7 * 1 0 1
+7 * 1
+4 * 1 1
+8 * 1
+4 * 1
+5 * 1
+7 * 1 0 1
+7 * 1 1 0 1 0 0 1
+8 * 1
+4 * 1
+5 * 1
+7 * 1 0 1
+7 * 1 1
+8 * 1
+4 * 1
+5 * 1
+7 * 1 0 1
+7 * 1 0 0 1 0 0 1
+5 * 1
+7 * 1 0 1
+7 * 1 1
+5 * 1 1 0 0 1
+8 * 1
+5 * 1
+7 +54 1 0 1
+7 -54 1 0 1
+7 * 1
+4 * 1
+5 * 1 1 0 1 0 0 1
+8 * 1 0 1
+7 * 1 1
+8 * 1
+4 * 1 0 1
+7 * 1
+4 * 1 1
+8 * 1 0 1
+7 * 1 1
+8 * 1 0 0 1 0 0 1
+4 * 1 0 1
+7 * 1
+4 * 1 1
+8 * 1 0 1
+7 * 1
+4 * 1 0 1
+7 192 1
+4 * 1 1
+1 * 1 1
+2 * 1 1
+1 * 1 1

fn=(828)
0xdbe80 222 1 0 0 1 0 0 1
+4 * 1 0 1
+1 * 1
+3 * 1 0 1
+1 * 1
+3 * 1
+4 * 1 0 1
+4 +1 1 1
+5 * 1 0 0 0 0 0 0 0 0 1
+6 +3 1 1
+5 * 1 0 0 0 0 0 0 0 0 1 1
0xdc360 396 1 1 0 1 0 0 1
+8 * 1
+7 * 1 1
+8 * 1
+5 * 1
+4 * 1 0 0 1 0 0 1
+4 * 1 0 1
+4 * 1 0 1
+4 229 1 1 1 0 0 0 0 0 0 0 0 1 1
cfi=(215)
cfn=(746)
calls=1 0xcd670 -8 
* * 18 6 2 0 0 0 0 0 0 2 0 1
+6 +2 1
+7 * 1 1 0 0 1
+8 * 1 1
+5 -2 1 0 1
+4 +2 1 1
+4 * 1
+5 * 1
+7 * 1
+4 * 1 0 0 1 0 0 1
+5 * 1
+7 * 1 0 1
+4 * 1
+5 * 1 1
+8 * 1
+7 * 1
+5 * 1
+7 * 1 0 1
+7 * 1 1 0 0 1
+8 * 1 0 0 1 0 0 1
+4 * 1
+5 * 1
+7 * 1 0 1
+4 +54 1
+7 -54 1 1
+8 * 1
+4 * 1 0 1
+4 * 1 1
+8 * 1
+4 * 1
+5 * 1
+7 * 1 0 1 1 0 0 1
+4 * 1 1
+8 * 1
+4 * 1
+5 * 1
+7 * 1 0 1
+4 * 1 1
+8 * 1
+4 * 1
+5 * 1
+7 * 1 0 1
+4 * 1 1 0 1 0 0 1
+8 * 1
+4 * 1
+5 * 1
+7 * 1 0 1
+4 * 1 1
+8 * 1
+4 * 1
+5 * 1
+7 * 1 0 1
+7 * 1 1
+8 * 1 0 0 1 0 0 1
+4 * 1
+5 * 1
+7 * 1 0 1
+7 * 1
+4 * 1 1
+8 * 1 0 1
+7 * 1
+4 * 1
+5 * 1
+7 * 1 0 1
+7 * 1 1 0 1 0 0 1
+8 * 1
+4 * 1
+5 * 1
+7 * 1 0 1
+7 * 1 1
+8 * 1
+4 * 1
+5 * 1
+7 * 1 0 1
+7 * 1 1 0 1 0 0 1
+8 * 1
+4 * 1
+5 * 1
+7 * 1 0 1
+7 * 1
+5 * 1 1
+8 396 1 1
+4 231 1 1
+5 * 1
+7 +54 1 0 1 1 0 0 1
+7 -54 1
+4 * 1
+5 * 1
+7 * 1 0 1
+7 * 1 1
+8 * 1 0 1
+7 * 1 1 0 0 1
+8 * 1
+4 * 1
+5 * 1
+4 * 1 0 1 1 0 0 1
+7 * 1 1
+8 * 1 0 1
+7 * 1 1
+8 * 1
+4 * 1
+4 * 1 0 1
+7 * 1 1
+8 * 1 0 1
+7 * 1 1
+8 * 1 0 0 1 0 0 1
+4 * 1
+4 * 1 0 1
+7 * 1 0 1
+7 396 1 1
+1 * 1 1

fl=(251) /usr/src/debug/gcc/gcc/libstdc++-v3/src/c++98/ios_locale.cc
fn=(868) std::ios_base::_M_init()
0xcc5a0 39 780 0 0 2 0 0 1
+4 * 780 0 780
+1 * 780
+3 * 780 0 780
+1 * 780
+4 +2 780 780 0 0 7 0 0 1
+8 -2 780 780
+9 * 780 0 780 2 0 0 1
+4 * 780
+3 +4 780 0 780
+7 -2 780 0 780
+4 +3 780
+4 * 780 780 780 0 0 0 0 0 0 0 0 780 1
cfi=(213)
cfn=(732)
calls=780 0xe7cd0 269 
* * 19500 7020 3900 0 0 0 0 0 0 2340 6
+6 * 780
+4 * 780
+7 * 780 780 780 0 6 0 0 0 0 0 0 780 1
cfi=(215)
cfn=(870) std::locale::operator=(std::locale const&)
calls=780 0xcd8d0 +76 
* * 10920 3900 780 4 0 0 2 0 0 1560 16
+6 * 780
+4 * 780 780 780 0 1 0 0 0 0 0 0 780 1
cfi=(215)
cfn=(872)
calls=780 0xcd980 +47 
* * 4680 2340 0 1 0 0 1 0 0 780 6
+6 +1 780 780
+4 * 780 780 0 2 0 0 1
+9 * 780 0 0 0 0 0 0 0 0 780
+2 * 780 780
+4 * 780 780
+1 * 780 780

fl=(257)
fn=(2036) 0x00000000000b2e60
0xb2e60 0 1 0 0 1
+7 0 1
+7 0 1
+3 0 1 0 0 0 0 0 0 0 0 1 1
+23 0 1 1 0 1

fn=(908)
0xb2e90 0 1 0 0 1 0 0 1
+7 0 1
+7 0 1
+3 0 1
+3 0 1
+4 0 1
+4 0 1
+3 0 1
+3 0 1 0 0 0 0 0 0 0 0 1 1
+22 0 1 1 0 1 0 0 1
+88 0 1 0 0 1 0 0 1
+4 0 1

fn=(1988)
0xb2ed0 0 1 0 0 1
+4 0 1 1 0 0 1
+7 0 1 0 0 0 0 0 0 0 0 1
+2 0 1 0 1
+1 0 1 1 0 0 1
+8 0 1
+3 0 1 0 0 0 0 0 0 0 0 1
+2 0 1 1 0 0 1
+7 0 1 1 1 0 0 0 0 0 0 0 0 1 1
cob=(2)
cfi=(383)
cfn=(1954)
calls=1 0x40960 45 
* 0 1538 607 252 31 46 1 30 3 0 230 50 58 26
+6 0 1 0 1
cfn=(2036)
calls=1 0xb2e60 0 
* 0 5 1 0 2 0 0 0 0 0 1 1
+5 0 1 0 1 1
+7 0 1 1
+1 0 1 1

fl=(253)
fn=(1886) std::ostream::operator<<(std::ostream& (*)(std::ostream&))
0x15a920 116 32640 0 0 1 0 0 1
+4 +5 32640 0 0 0 0 0 0 0 0 0 0 32640 1
cfi=(375) /usr/src/debug/gcc/gcc-build/x86_64-pc-linux-gnu/libstdc++-v3/include/ostream
cfn=(1888) std::basic_ostream<char, std::char_traits<char> >& std::endl<char, std::char_traits<char> >(std::basic_ostream<char, std::char_traits<char> >&)
calls=32640 0x15bdf0 -50 
* * 10053120 3916800 1860480 22 8 0 18 0 0 1077120 19 391680 11

fn=(1796) std::ostream::operator<<(double)
0x15dab0 231 32640 0 0 1 0 0 1
+4 +1 32640 32640 0 0 0 0 0 0 0 0 0 32640 1
cfi=(358)
cfn=(1798) std::ostream& std::ostream::_M_insert<double>(double)
calls=32640 0x15d790 67 
* * 92913967 21861696 14263404 187 44 18 167 13 0 13401403 260833 750721 20

fl=(291) /usr/src/debug/gcc/gcc-build/x86_64-pc-linux-gnu/libstdc++-v3/include/fstream
fn=(1780) std::basic_ofstream<char, std::char_traits<char> >::open(std::__cxx11::basic_string<char, std::char_traits<char>, std::allocator<char> > const&, std::_Ios_Openmode)
0x1327c0 1018 1 0 0 1 0 0 1
+4 * 1 0 1
fi=(249)
+1 151 1
fe=(291)
+3 1018 1
+3 * 1 0 1
+1 * 1
+3 +2 1
+4 -2 1
+4 345 1 1 0 0 1
+3 * 1 1 1 0 1 0 0 0 0 0 0 1 1
cfi=(292)
cfn=(1100) std::basic_filebuf<char, std::char_traits<char> >::open(char const*, std::_Ios_Openmode)
calls=1 0x12f8f0 183 
* * 802 186 172 54 27 10 2 2 0 97 31 12 4
+6 1025 1 1
+3 * 1 1 0 0 1
+4 * 1
+3 -5 1
+3 * 1 0 0 0 0 0 0 0 0 1
+2 +6 1 1
+4 -1 1
+2 +1 1 1
+1 -1 1 1 0 0 1 0 0 0 0 0 0 1 1
cfi=(250)
cfn=(1150)
calls=1 0x1388f0 46 
* * 9 3 1 2 0 0 0 0 0 1

fn=(1084) std::basic_ifstream<char, std::char_traits<char> >::basic_ifstream()
0x130fc0 561 1 0 0 1 0 0 1
+4 * 1 0 1
+1 * 1
+3 * 1
+4 * 1 0 1
+4 * 1
fi=(247)
+3 -83 1
+7 * 1 1 1 0 0 0 0 0 0 0 0 1 1
cfi=(248)
cfn=(862)
calls=1 0xe6240 76 
* * 85 11 29 0 0 0 0 0 0 11 5 1
fi=(254)
+6 713 1
fi=(247)
+7 477 1
fi=(254)
+2 714 1
fi=(247)
+2 478 1
fi=(254)
+4 713 1 0 1
+3 * 1
+4 +1 1
fi=(247)
+7 477 1 0 1 1 0 0 1
+11 * 1 0 1
fi=(254)
+7 713 1 0 1
+7 * 1 0 1
fi=(247)
+8 478 1 0 1
+7 * 1 0 1
fi=(254)
+7 714 1 1 1 0 0 0 0 0 0 0 0 1 1
cfi=(250)
cfn=(866)
calls=1 0x138d90 131 
* * 153 61 34 0 0 0 0 0 0 12 0 8
fe=(291)
+6 561 1 1
+7 * 1
+4 * 1 0 0 1 0 0 1
+4 * 1
+4 * 1 0 1
+3 * 1 0 1
+7 * 1 1 1 0 0 0 0 0 0 0 0 1 1
cfi=(292)
cfn=(1088) std::basic_filebuf<char, std::char_traits<char> >::basic_filebuf()
calls=1 0x12ea70 85 
* * 85 24 34 7 0 0 7 0 0 4 1 3 3
+6 +1 1
+4 * 1
+7 * 1 1 1 0 0 0 0 0 0 0 0 1 1
cfi=(250)
cfn=(866)
calls=1 0x138d90 131 
* * 153 61 34 0 0 0 0 0 0 12 4 8
+6 * 1 1
+4 * 1 1
+1 * 1 1

fn=(1576) std::basic_ifstream<char, std::char_traits<char> >::~basic_ifstream()
0x12fd80 642 1 0 0 1 0 0 1
+4 * 1 0 1
+1 * 1
+3 * 1 0 1
+1 * 1
+3 +1 1
+4 -1 1
+4 +1 1 1 0 0 1
+7 * 1
+4 * 1
+4 * 1 0 1
+7 264 1 1 0 0 1
+7 643 1 0 1
+4 264 1
+4 * 1 0 1
+3 -3 1 1 1 1 0 0 1 0 0 0 0 1 1
cfi=(292)
cfn=(1578) std::basic_filebuf<char, std::char_traits<char> >::close()
calls=1 0x12f530 -8 
* * 619 186 121 52 19 1 47 0 0 90 34 12 10
+6 +3 1
+4 * 1 1 1 0 0 0 0 0 0 0 0 1 1
cfi=(293)
cfn=(1608)
calls=1 0xfa500 -54 
* * 24 9 5 0 0 0 0 0 0 1 1 2 1
fi=(246)
+6 -57 1 1
+7 * 1
+4 * 1
+4 * 1 0 1
+4 * 1 1 1 0 0 0 0 0 0 0 0 1 1
cfi=(215)
cfn=(872)
calls=1 0xcd980 91 
* * 6 3 0 0 0 0 0 0 0 1 1
fi=(254)
+6 -95 1
+7 * 1 0 1
fi=(247)
+8 297 1
fi=(254)
+7 112 1 0 1
fi=(247)
+3 297 1 1 0 1 0 0 1
+7 * 1
+4 * 1 0 1
fe=(291)
+7 643 1 1
+4 * 1 1
fi=(247)
+1 297 1 1 0 0 0 0 0 0 0 0 0 1 1
cfi=(248)
cfn=(1524)
calls=1 0xe6610 87 
* * 51 18 10 0 0 0 0 0 0 4 3 3
fe=(291)

fn=(1912) std::basic_ofstream<char, std::char_traits<char> >::~basic_ofstream()
0x12fa70 917 1 0 0 1 0 0 1
+4 * 1 0 1
+1 * 1
+3 * 1 0 1
+1 * 1
+3 +1 1
+4 -1 1 0 0 1 0 0 1
+4 +1 1 1 0 0 1
+7 * 1
+4 * 1
+4 * 1
+5 * 1 1 0 0 1
+7 * 1 0 1
+7 * 1
+4 * 1
+5 * 1
+4 * 1 0 1
+4 261 1 1 1 0 1 0 0 0 0 0 0 1 1
cfi=(292)
cfn=(1578)
calls=1 0x12f530 -8 
* * 633 191 123 57 30 1 1 0 0 92 30 13 2
+6 +3 1 0 0 1 0 0 1
+4 * 1 1 1 0 0 0 0 0 0 0 0 1 1
cfi=(293)
cfn=(1608)
calls=1 0xfa500 -54 
* * 24 9 5 1 0 0 0 0 0 1 1 2
fi=(246)
+6 -57 1 1
+7 * 1
+4 * 1
+4 * 1 0 1
+4 * 1 1 1 0 1 0 0 0 0 0 0 1 1
cfi=(215)
cfn=(872)
calls=1 0xcd980 91 
* * 6 3 0 0 0 0 0 0 0 1 1
fi=(253)
+6 101 1
fi=(247)
+7 297 1
fi=(253)
+7 101 1 0 1
fi=(247)
+3 297 1 1
+7 * 1
+4 * 1 0 1 1 0 0 1
fe=(291)
+7 918 1 1
+4 * 1 1
fi=(247)
+1 297 1 1 0 0 1 0 0 0 0 0 0 1 1
cfi=(248)
cfn=(1524)
calls=1 0xe6610 87 
* * 51 18 10 6 3 0 0 0 0 4 2 3 1
fe=(291)

fn=(1098) std::basic_ifstream<char, std::char_traits<char> >::open(std::__cxx11::basic_string<char, std::char_traits<char>, std::allocator<char> > const&, std::_Ios_Openmode)
0x131b60 743 1 0 0 1 0 0 1
+4 * 1 0 1
fi=(249)
+1 151 1
fe=(291)
+3 743 1
+3 * 1 0 1
+1 * 1
+3 +2 1
+4 -2 1
+4 345 1 1
+3 * 1 1 1 0 0 0 0 0 0 0 0 1 1
cfi=(292)
cfn=(1100)
calls=1 0x12f8f0 183 
* * 867 186 161 63 6 7 63 5 7 102 31 12 12
+6 750 1 1 0 1 0 0 1
+3 * 1 1 0 0 1
+4 * 1
+3 -5 1
+3 * 1 0 0 0 0 0 0 0 0 1
+2 +6 1 1
+4 -1 1
+2 +1 1 1
+1 -1 1 1 0 0 0 0 0 0 0 0 0 1 1
cfi=(250)
cfn=(1150)
calls=1 0x1388f0 46 
* * 9 3 1 2 0 0 2 0 0 1

fn=(1772) std::basic_ofstream<char, std::char_traits<char> >::basic_ofstream()
0x131cd0 834 1 0 0 1 0 0 1
+4 * 1 0 1
+1 * 1
+3 * 1
+4 * 1 0 1 0 0 1
+4 * 1
fi=(247)
+3 478 1
+7 * 1 1 1 0 1 0 0 0 0 0 0 1 1
cfi=(248)
cfn=(862)
calls=1 0xe6240 76 
* * 85 11 29 4 5 1 0 0 0 11 1 1
+6 -1 1
+2 +1 1
fi=(253)
+4 -37 1
fi=(247)
+2 +36 1 0 1
fi=(253)
+7 -36 1 0 0 1 0 0 1
+7 * 1
+7 * 1 0 1 0 0 1
+3 * 1
fi=(247)
+4 +36 1 0 1
fi=(253)
+11 -36 1 0 1
fi=(247)
+7 +37 1 0 1
+7 * 1 0 1
fi=(253)
+7 -37 1 1 1 0 1 0 0 0 0 0 0 1 1
cfi=(250)
cfn=(866)
calls=1 0x138d90 131 
* * 153 61 34 11 15 0 0 0 0 12 0 8 2
fe=(291)
+6 834 1 1 0 1 1 0 1
+7 * 1
+4 * 1
+4 * 1
+4 * 1 0 1
+3 * 1 0 1
+7 * 1 1 1 0 1 0 0 0 0 0 0 1 1
cfi=(292)
cfn=(1088)
calls=1 0x12ea70 85 
* * 85 24 34 6 5 2 0 0 0 4 0 3
+6 +1 1
+4 * 1
+7 * 1 1 1 0 0 0 0 0 0 0 0 1 1
cfi=(250)
cfn=(866)
calls=1 0x138d90 131 
* * 153 61 34 0 0 0 0 0 0 12 4 8
+6 * 1 1
+4 * 1 1
+1 * 1 1

fl=(390) /usr/src/debug/gcc/gcc/libstdc++-v3/libsupc++/eh_globals.cc
fn=(2018) __cxa_get_globals
0xb56b0 62 2 0 0 1 0 0 1
+4 * 2 0 2
+1 * 2
+3 * 2
+7 * 2 2 2 1 1 0 1 0 0 0 0 2 1
cob=(1)
cfi=(391)
cfn=(2020)
calls=2 0x19850 -33 
* * 24 14 0 1 3 0 1 0 0 4
+6 * 2 2
+1 * 2
+6 * 2 2

fl=(210)
fn=(726)
0xb2a00 118 1 0 0 1 0 0 1
+4 * 1 0 1
+1 -38 1
+7 +38 1
+3 -38 1 1 1 0 1 0 0 0 0 0 0 1 1
cfi=(211)
cfn=(728)
calls=1 0xcbb90 -2 
* * 38697 10948 4649 337 167 148 337 24 115 7173 365 914 171
+6 * 1 1 0 0 1
+7 * 1
+7 +38 1 1
+1 -38 1
+7 * 1 1 0 0 1 0 0 0 0 0 0 1 1
cob=(2)
cfi=(255) /usr/src/debug/glibc/glibc/stdlib/cxa_atexit.c
cfn=(900) __cxa_atexit
calls=1 0x40950 -13 
* * 73 13 16 8 2 2 8 1 0 9 2

fl=(258)
fn=(916) std::error_category::error_category()
0xb41f0 180 2 0 0 1 0 0 1
+4 * 2 2 0 0 1
+7 * 2
+4 * 2 0 2 1 0 0 1
+3 * 2 2

fn=(914)
0xb2600 260 1 0 0 1 0 0 1
+4 * 1 0 1
+1 -72 1
+7 +30 1 0 1 0 0 1
+11 +42 1
+3 -72 1 1 1 0 0 0 0 0 0 0 0 1 1
cfn=(916)
calls=1 0xb41f0 -8 
* * 5 2 1 2 1 0 2
+6 * 1
+7 +30 1
+7 * 1
+7 * 1
+7 -30 1 0 1 1 0 0 1
+7 +30 1 1 1 0 0 0 0 0 0 0 0 1 1
cob=(2)
cfi=(255)
cfn=(900)
calls=1 0x40950 67 
* * 76 13 15 0 0 1 0 0 1 10 3
+6 -15 1
+7 +16 1 0 1
+11 -16 1 1 1 0 0 0 0 0 0 0 0 1 1
cfn=(916)
calls=1 0xb41f0 -23 
* * 5 2 1
+6 * 1
+7 +57 1 1
+1 -42 1
+7 -15 1 0 1
+7 +15 1
+7 * 1 0 0 1 0 0 1
+7 * 1 1 0 0 0 0 0 0 0 0 0 1 1
cob=(2)
cfi=(255)
cfn=(900)
calls=1 0x40950 67 
* * 76 13 15 0 0 0 0 0 0 10 3

fn=(1996) std::error_category::~error_category()
0xb4210 182 2
+4 * 2 2

fn=(1998) std::(anonymous namespace)::generic_error_category::~generic_error_category()
0xb4270 188 1 0 0 1 0 0 1
+4 * 1
+7 * 1 0 1
+3 * 1 1 0 1 0 0 1 0 0 0 0 1 1
cfn=(1996)
calls=1 0xb4210 -6 
* * 2 1

fn=(1994) std::(anonymous namespace)::system_error_category::~system_error_category()
0xb4220 203 1 0 0 1
+4 * 1
+7 * 1 0 1 0 0 1
+3 * 1 1 0 0 1 0 0 0 0 0 0 1 1
cfn=(1996)
calls=1 -30 -21 
* * 2 1

fl=(292)
fn=(1580) std::basic_filebuf<char, std::char_traits<char> >::_M_terminate_output()
0x12f3a0 952 2 0 0 1 0 0 1
+4 * 2 0 2
+1 * 2
+3 * 2
+7 +5 2 2
+4 -5 2 0 2
+4 * 2
+6 * 2 0 2 2 0 0 1
+4 * 2 2
+9 * 2 0 2
+4 * 2
+3 +5 2 2
+4 * 2 0 0 0 0 0 0 0 0 2 1
+23 +9 2 2
+7 * 2 0 0 0 0 0 0 0 0 2 1
+6 -1 1 1
fi=(247)
+7 52 1 0 0 1 0 0 1
+3 * 1 0 0 0 0 0 0 0 0 1
fi=(242)
+6 219 1 1
+3 * 1 0 1
+4 * 1 1 1 0 0 0 0 0 0 0 0 1 1
cfi=(223)
cfn=(1178) std::codecvt<char, char, __mbstate_t>::do_always_noconv() const
calls=1 0xc7dd0 100 
* * 3 1
+3 * 1
fe=(292)
+3 965 1
+2 * 1 0 0 0 0 0 0 0 0 1 1
0x12f480 +44 2 2 0 1 0 0 1
+4 * 2 2
+9 * 2 0 0 0 0 0 0 0 0 2
+2 * 2
+3 * 2 2
+4 * 2 2
+4 * 2 2
+1 * 2 2
+5 * 1 1 0 1
+4 * 1

fn=(1898) std::basic_filebuf<char, std::char_traits<char> >::sync()
0x12cf70 1013 32640 0 0 1 0 0 1
+4 +6 32640 32640
+4 * 32640 32640
+4 * 32640 0 0 0 0 0 0 0 0 32640
+2 -6 32640 0 32640
+1 +8 32640 32640 0 1 0 0 1
+3 * 32640
+5 -8 32640
+3 +8 32640 32640 32640 0 0 0 0 0 0 0 0 32640 1
cfn=(1868)
calls=32640 0x130680 545 
* * 5418240 1827840 1077120 11 5 0 7 0 0 554880 10 195840 5
+3 +5 32640 32640
+1 -4 32640
+3 * 32640
+3 * 32640
+3 * 32640
+2 +4 32640 32640

fn=(1100)
0x12f8f0 183 2 0 0 2 0 0 1
+4 * 2 0 2
+1 * 2
+3 * 2
+4 * 2 0 2
+4 * 2 0 0 2 0 0 1
fi=(291)
+3 +96 2
fe=(292)
+4 -96 2 0 2
+4 * 2
+3 * 2 0 2
+4 * 2
fi=(291)
+3 +96 2 2 2 0 1 0 0 0 0 0 0 2 1
cfi=(293)
cfn=(1102)
calls=2 0xfa290 +25 
* * 8 4
fe=(292)
+6 -92 2
+2 * 2 0 0 0 0 0 0 0 0 2
+6 +2 2
+4 * 2
+5 * 2
+3 * 2
+3 * 2 2 2 0 1 0 0 0 0 0 0 2 1
cfi=(293)
cfn=(1104)
calls=2 0xfa3f0 +66 
* * 1161 259 247 99 20 15 55 7 6 129 40 10 8
fi=(291)
+6 +90 2
+4 * 2 2 2 2 0 0 1 0 0 0 0 2 1
cfi=(293)
cfn=(1102)
calls=2 0xfa290 +25 
* * 8 4
fe=(292)
+6 -89 2
+2 * 2 0 0 0 0 0 0 0 0 2
+6 +2 2
+3 * 2 2 2 0 1 0 0 0 0 0 0 2 2
cfn=(1144) std::basic_filebuf<char, std::char_traits<char> >::_M_allocate_internal_buffer()
calls=2 0x12f070 54 
* * 398 83 54 8 10 2 5 0 1 64 20 6 3
+6 +4 2
fi=(291)
+2 511 2 2
fe=(292)
+8 193 2 0 2
+4 +3 2 0 2
+7 +5 2 2
+4 * 2
+4 * 2 0 2
fi=(246)
+5 571 2
+4 * 2
+4 +1 2 0 2 2 0 0 1
fe=(292)
+8 201 2 0 2
+7 * 2 0 2
fi=(249)
+7 -55 2 0 2
fi=(246)
+4 571 2 0 2
fe=(292)
+4 205 2
+4 * 2 0 0 0 0 0 0 0 0 2 2
+27 +4 2
+3 +4 2 2 0 2 0 0 1
+4 * 2 2
+4 * 2 2
+4 * 2 2
+1 * 2 2

fn=(1868)
0x130680 545 32641 0 0 1 0 0 1
+4 * 32641 0 32641
+1 * 32641
+3 * 32641
+4 * 32641 32641
+9 * 32641 0 32641
+4 * 32641
+2 +6 32641 32641
+4 * 32641 0 0 0 0 0 0 0 0 32641
+6 * 32641 0 32641
+4 * 32641
+3 * 32641 0 32641
+4 * 32641
+3 +3 32641 32641
+7 * 32641 0 0 0 0 0 0 0 0 32641 3
fi=(246)
0x130734 -11 32641 32641 0 1 0 0 1
+4 +3 32641 32641
fe=(292)
+4 +16 32641
+3 * 32641 0 0 1 0 0 1 0 0 32641 1
+6 +3 32640
+4 * 32640 0 0 0 0 0 0 0 0 32640 1
+21 +8 32640
+3 * 32640
+3 * 32640 32640 32640 0 1 0 0 0 0 0 0 32640 1
cfn=(1900) std::basic_filebuf<char, std::char_traits<char> >::_M_convert_to_external(char*, long)
calls=32640 0x12f140 +37 
* * 3753600 1338240 750720 10 4 0 6 0 0 293760 7 163200 4
+6 * 32640
+2 * 32640 0 0 0 0 0 0 0 0 32640
fi=(291)
+6 -62 32640 32640
+8 -5 32640 32640
+4 * 32640 0 0 1 0 0 1
+4 * 32640 0 32640
+5 * 32640
+4 * 32640 0 32640
+4 * 32640 0 0 0 0 0 0 0 0 32640
+2 +7 32640 32640
+7 * 32640
+4 * 32640 0 0 0 0 0 0 0 0 32640
+2 +1 32640
+5 * 32640
fi=(246)
+5 +55 32640 0 32640
fi=(312)
+4 468 32640
+2 * 32640
+4 * 32640
+4 * 32640 0 32640
+5 * 32640 32640
+4 * 32640 0 32640
+5 * 32640 32640
fe=(292)
+4 606 32640 32640
+4 * 32640 32640
+9 * 32640 0 0 0 0 0 0 0 0 32640
-13 * 1 1
+4 * 1 1
+9 * 1 0 0 0 0 0 0 0 0 1
+6 * 32641 32641
+1 * 32641 32641
+4 -26 1 1 0 1 0 0 1
+7 * 1
+4 * 1 0 0 0 0 0 0 0 0 1 1
fi=(291)
+53 -69 1 1 0 1 0 0 1
+8 * 1
+4 * 1
+4 * 1
+4 -5 1 1
+4 * 1 0 0 0 0 0 0 0 0 1
+6 +8 1 0 0 1 0 0 1
+5 * 1
+5 * 1
fi=(246)
+5 +55 1
fe=(292)
+4 +17 1 0 1
fi=(312)
+7 468 1
+2 * 1 0 1
+4 * 1
+4 * 1
+4 * 1 0 1
+4 * 1 0 1
fe=(292)
+4 587 1
+4 * 1 0 0 0 0 0 0 0 0 1
fi=(312)
+2 449 1
+5 * 1 0 1
+3 +19 1
+3 * 1 1 0 1 0 0 1
fi=(246)
+4 +91 1 0 1
fi=(312)
+5 -91 1 1
+4 * 1
fe=(292)

fn=(1900)
0x12f140 610 32640 0 0 1 0 0 1
+4 * 32640 0 32640
+1 * 32640
+3 * 32640 0 32640
+2 * 32640 0 32640
+2 * 32640 0 32640
+2 * 32640 0 32640
+2 * 32640 0 32640
+1 * 32640
+4 * 32640 32640
+9 * 32640 0 32640
+4 * 32640
+3 +6 32640 32640
fi=(247)
+7 52 32640
+3 * 32640 0 0 0 0 0 0 0 0 32640
fi=(242)
+6 219 32640 32640
+3 * 32640
+3 * 32640
+3 * 32640 32640 32640 1 0 0 1 0 0 0 0 32640 1
cfi=(223)
cfn=(1178)
calls=32640 0xc7dd0 100 
* * 97920 32640
fe=(292)
+3 616 32640
+2 * 32640 0 0 0 0 0 0 0 0 32640 1
0x12f227 +30 32640 0 0 1 0 0 1
+5 * 32640
+3 * 32640
+3 * 32640 32640 32640 0 1 0 0 0 0 0 0 32640 1
cfi=(293)
cfn=(1904)
calls=32640 0xfa570 356 
* * 2415360 848640 456960 6 3 0 2 0 0 195840 6 97920 2
+6 +22 32640
+3 * 32640
+3 +1 32640 32640 0 1 0 0 1
+4 * 32640 32640
+9 * 32640 0 0 0 0 0 0 0 0 32640
+6 * 32640
+4 * 32640 32640
+1 * 32640 32640
+2 * 32640 32640
+2 * 32640 32640
+2 * 32640 32640
+2 * 32640 32640
+1 * 32640 32640

fn=(1088)
0x12ea70 85 2 0 0 2 0 0 1
+4 * 2 0 2
+1 * 2
+3 * 2 0 2
+1 * 2
fi=(246)
+3 475 2
fe=(292)
+4 85 2 0 0 2 0 0 1
fi=(246)
+4 475 2 2 0 0 1
+7 -1 2 0 2
+8 +1 2
+4 * 2
+5 * 2 0 2
+4 * 2
+4 * 2 0 2
+4 * 2 0 2
+4 * 2 2 2 0 0 0 0 0 0 0 0 2 1
cfi=(213)
cfn=(732)
calls=2 0xe7cd0 269 
* * 50 18 10 0 0 1 0 0 0 6
fe=(292)
+6 92 2 2 0 0 1
+7 -6 2
+4 * 2 0 0 2 0 0 1
+4 * 2 0 2
+4 * 2
+4 +6 2
+4 -6 2 0 2
+8 +6 2 0 2
+3 -6 2 0 2
+8 * 2 0 2
+8 * 2 2 2 0 1 0 0 0 0 0 0 2 1
cfi=(293)
cfn=(1090)
calls=2 0xfa280 207 
* * 8 2 4 1 0 0 1
+6 +4 2
+4 -3 2 0 2 0 0 1
fi=(252) /usr/src/debug/gcc/gcc-build/x86_64-pc-linux-gnu/libstdc++-v3/include/bits/locale_classes.tcc
+8 +32 2 2 0 2 1 0 1
fe=(292)
+7 -32 2 0 2
+11 * 2 0 2
+11 +1 2 0 2
+10 * 2 0 2
+11 * 2 0 2
+11 +1 2 0 2 2 0 0 1
+10 +1 2 0 2
+7 +1 2 0 2
+11 -1 2 0 2
+7 +1 2 0 2
+7 * 2 0 2
fi=(252)
+7 +28 2 2 2 0 0 0 0 0 0 0 0 2 1
cfi=(215)
cfn=(768)
calls=2 0xcdbe0 507 
* * 12 4 0 0 1 0 0 0 0 2 1
+6 * 2
+3 +1 2 2
+4 +11 2 2
fe=(292)
+4 -37 2 2
+4 * 2 0 2 2 0 0 1
+7 +1 2 2
+4 * 2 2
+1 * 2 2

fn=(1144)
0x12f070 54 2 0 0 2 0 0 1
+4 +5 2 2
+7 * 2 0 0 0 0 0 0 0 0 2
+2 * 2 2 0 2 0 0 1
+8 * 2 0 0 0 0 0 0 0 0 2 2
+11 -5 2 0 2
+1 * 2
+3 * 2
+3 * 2
+4 +7 2 2
+7 * 2 0 2
+4 * 2 2 2 0 1 0 0 0 0 0 0 2 1
cfi=(303)
cfn=(1146)
calls=2 0xb6f90 -30 
* * 364 69 44 4 9 2 3 0 1 60 18 4 2
+6 * 2 2
+4 * 2 0 2
+7 +1 2 0 2
+7 +2 2 2
+1 * 2 2

fn=(1578)
0x12f530 253 2 0 0 2 0 0 1
+4 * 2 0 2
+1 * 2
+3 * 2
+4 * 2 0 2
+4 * 2 0 0 2 0 0 1
fi=(291)
+3 +26 2
+4 * 2 2 2 0 2 0 0 0 0 0 0 2 1
cfi=(293)
cfn=(1102)
calls=2 0xfa290 +25 
* * 8 4 0 1
fe=(292)
+6 -23 2
+2 * 2 0 0 0 0 0 0 0 0 2
+6 +24 2
+3 * 2 2 2 0 2 0 0 0 0 0 0 2 1
cfn=(1580)
calls=2 0x12f3a0 952 
* * 60 25 10 6 0 0 4 0 0 8 3 1 1
+6 * 2 0 2
+4 -10 2
+3 +10 2
+3 -12 2 0 2
+7 +1 2 0 2
+7 +1 2 2 2 0 2 0 0 0 0 0 0 2 1
cfn=(1582) std::basic_filebuf<char, std::char_traits<char> >::_M_destroy_internal_buffer()
calls=2 0x12f0c0 68 
* * 364 108 70 16 13 0 2 0 0 58 11 6 1
+6 +4 2 2
+4 -3 2 0 0 2 0 0 1
+2 +19 2
fi=(291)
+4 511 2 2
fe=(292)
+8 271 2 0 2
fi=(246)
+7 572 2 0 2
+8 * 2
+4 * 2 0 2
+5 -1 2
+4 * 2
fe=(292)
+4 274 2 0 2
+7 * 2 0 2
+7 * 2 0 2
fi=(246)
+4 571 2 0 2 2 0 0 1
fe=(292)
+4 290 2 2 2 0 2 0 0 0 0 0 0 2 1
cfi=(293)
cfn=(1584)
calls=2 0xfa4a0 +28 
* * 736 220 132 78 28 2 38 0 0 110 49 10 6
+6 +3 2
+4 * 2 0 0 0 0 0 0 0 0 2
+2 * 2
+3 * 2 0 0 0 0 0 0 0 0 2 1
+2 +3 2
+3 * 2 2
+4 +1 2 2
+4 * 2 2
+1 * 2 2

fn=(1172)
0x12e380 327 50 0 0 1 0 0 1
+4 * 50 0 50
+1 * 50
+3 * 50
+4 * 50 50
+9 * 50 0 50
+4 * 50
+2 +5 50 50 0 0 6
+4 * 50 0 0 0 0 0 0 0 0 50
+6 * 50 0 50
+4 * 50
+3 +2 50 50
+7 * 50 0 0 0 0 0 0 0 0 50
fi=(246)
+2 498 50 50
fi=(291)
+4 230 50 50 0 0 6
+7 * 50 0 0 2 0 0 1 0 0 50 1
fi=(246)
+2 501 50 50
fe=(292)
+4 346 50
+3 * 50 0 0 0 0 0 0 0 0 50 4
+13 482 50 50
+4 * 50 50
+9 * 50 0 0 0 0 0 0 0 0 50
+6 * 50 50
+1 * 50 50
0x12e47e 346 50 0 50 1 0 0 1
+4 +4 50 50
+7 * 50 0 50
+4 * 50
+6 +7 50 50
+7 -7 50
+3 * 50
+4 * 50
fi=(247)
+4 52 50
+3 * 50 0 0 0 0 0 0 0 0 50
fi=(242)
+6 219 50 50 0 0 6
+3 * 50 50 50 0 7 0 0 0 0 0 0 50 1
cfi=(223)
cfn=(1178)
calls=50 0xc7dd0 100 
* * 150 50 0 7 0 0 1
fe=(292)
+3 357 50
+2 * 50 0 0 0 0 0 0 0 0 50 4
0x12e6b7 -27 1 0 0 1 0 0 1
+5 * 1 0 0 1 0 0 1
fi=(291)
0x12e74b 509 49 49 0 1 0 0 1
+7 * 49
+2 * 49 49
fi=(246)
+4 +63 49 0 49
fi=(291)
+8 -63 49
fe=(292)
+4 -51 49 0 49
+7 * 49 49
+4 * 49
+5 * 49
fi=(291)
+4 +51 49
+3 * 49 0 49
fi=(246)
+4 +62 49 0 0 1 0 0 1
+4 * 49 0 49
fi=(312)
+4 455 49 49
fi=(246)
+4 571 49 0 49
+4 * 49 49
fi=(312)
+4 455 49 49 0 0 8 0 0 1
+3 * 49
fe=(292)
+58 -96 50 50 0 2 0 0 1
+4 * 50
+4 * 50
+3 * 50 50 50 0 7 0 0 0 0 0 0 50 1
cfi=(293)
cfn=(1180)
calls=50 0xfa510 -25 
* * 3700 1300 700 70 43 0 5 0 0 250 3 150 3
+6 * 50
+3 +2 50
+3 * 50 0 0 0 0 0 0 0 0 50 3
+6 +94 49 0 0 0 0 0 0 0 0 49 2
fi=(291)
0x12e8f5 +47 1 1 0 1 0 0 1
+4 * 1 1
fi=(246)
+4 +70 1 0 1 1 0 0 1
fi=(291)
+8 -61 1 1
fe=(292)
+8 -44 1 0 1
+7 * 1
+4 * 1 0 1
fi=(246)
+5 571 1
+4 * 1
+4 * 1 0 1
+4 * 1 0 1
+4 * 1 1
+4 * 1
fe=(292)

fn=(1582)
0x12f0c0 68 2 0 0 2 0 0 1
+4 * 2 0 2
+1 * 2
+3 * 2 0 2
+1 * 2
+3 * 2
+4 +3 2 2
+7 * 2 0 0 0 0 0 0 0 0 2
+2 +2 2 2
+7 * 2
+3 * 2 0 0 0 0 0 0 0 0 2
+2 * 2 2 2 0 2 0 0 0 0 0 0 2 1
cfi=(345) /usr/src/debug/gcc/gcc/libstdc++-v3/libsupc++/del_opv.cc
cfn=(1498) operator delete[](void*)
calls=2 0xb4e10 -39 
* * 316 94 54 12 11 0 0 0 0 52 9 4
+6 +1 2 0 2
+11 +1 2 0 2
+7 +2 2 2 0 2 0 0 1
+7 * 2
+3 * 2 0 0 0 0 0 0 0 0 2 2
+8 +1 2 0 2
+11 +2 2
+4 -1 2 0 2
+11 +1 2 0 2
+7 +2 2 2
+4 * 2 2
+1 * 2 2

fn=(1858) std::basic_filebuf<char, std::char_traits<char> >::xsputn(char const*, long)
0x12dc00 759 32640 0 0 1 0 0 1
+4 * 32640 0 32640
+1 * 32640
+3 * 32640 0 32640
+2 * 32640 0 32640
+2 * 32640 0 32640
+1 * 32640
+3 * 32640
+4 +8 32640 32640
+4 +1 32640 32640
+7 -1 32640
fi=(247)
+4 52 32640
+3 * 32640 0 0 0 0 0 0 0 0 32640
fi=(242)
+6 219 32640 32640
+3 * 32640 0 32640
+4 -1 32640
+3 +1 32640 32640 32640 0 1 0 0 0 0 0 0 32640 1
cfi=(223)
cfn=(1178)
calls=32640 0xc7dd0 100 
* * 97920 32640 0 1
fe=(292)
+3 769 32640 32640
+4 * 32640
+2 * 32640 0 0 1 0 0 1 0 0 32640
+2 * 32640
+3 * 32640 0 0 0 0 0 0 0 0 32640
+2 * 32640 32640
+7 * 32640 0 0 0 0 0 0 0 0 32640
fi=(246)
+2 546 32640 32640
fe=(292)
+4 771 32640 32640
+4 * 32640
+3 +3 32640 32640
+7 * 32640 0 0 0 0 0 0 0 0 32640 2
+2 * 1 1
+7 +1 1
+4 * 1
+4 * 1
+4 +2 1
+3 * 1 0 0 0 0 0 0 0 0 1 1
-3 * 32639
+3 * 32639 0 0 0 0 0 0 0 0 32639
+71 +23 32640 0 0 1 0 0 1
+4 -2 32640
+3 * 32640
+3 +2 32640 32640
+1 * 32640 32640
+2 * 32640 32640
+2 * 32640 32640
+1 -2 32640 32640 0 0 0 0 0 0 0 0 0 32640 1
cfi=(374)
cfn=(1864)
calls=32640 0x16d8c0 84 
* * 1664720 424340 326411 11 0 0 11 0 0 163216 25 32641 2

fl=(270)
fn=(952)
0xb2910 127 1 0 0 1 0 0 1
fi=(271) /usr/src/debug/gcc/gcc-build/x86_64-pc-linux-gnu/libstdc++-v3/include/ext/bitmap_allocator.h
+4 1113 1
+7 * 1
+4 * 1 1 0 0 1
+3 * 1 0 0 0 0 0 0 0 0 1
+2 * 1 0 1
+3 106 1
+7 * 1
+2 * 1 0 1 0 0 1
+4 * 1 0 1
+3 1126 1
+7 * 1 1 0 1 0 0 1
+3 * 1 0 0 0 0 0 0 0 0 1 1
+2 +5 1
+7 * 1 1
+3 * 1 0 0 0 0 0 0 0 0 1
+2 * 1 0 1
fi=(409) /usr/src/debug/gcc/gcc-build/x86_64-pc-linux-gnu/libstdc++-v3/include/ext/concurrence.h
+3 134 1
+7 * 1
+2 * 1 0 1 0 0 1
+3 * 1 0 1
+4 * 1 0 1
+4 * 1 0 1
fi=(271)
+4 1113 1
+7 * 1 1
+3 * 1 0 0 0 0 0 0 0 0 1
+2 * 1 0 1
+3 106 1
+7 * 1
+2 * 1 0 1 0 0 1
+4 * 1 0 1
+3 1126 1
+7 * 1 1
+3 * 1 0 0 0 0 0 0 0 0 1 1
+2 +5 1
+7 * 1 1
+3 * 1 0 0 0 0 0 0 0 0 1
+2 * 1 0 1
fi=(409)
+3 134 1
+7 * 1
+2 * 1 0 1 0 0 1
+3 * 1 0 1
+4 * 1 0 1
+4 * 1 0 1
fe=(270)
+4 -7 1 1
fi=(271)
+1 1126 1 0 1 1 0 0 1
+3 412 1 1 0 1 1 0 1
+8 * 1
+7 +9 1 0 1
+8 -9 1 0 1
+3 * 1
+5 1126 1 0 1
+3 412 1 1
+8 * 1
+7 +9 1 0 1
+8 -9 1 0 1
+3 * 1
fe=(270)

fl=(345)
fn=(1498)
0xb4e10 34 294785 0 0 257 0 0 1
+4 +1 294785 294785 0 0 6 0 0 0 0 0 0 294785 1
cfi=(337)
cfn=(1400)
calls=294785 -52 +13 
* * 37156001 10687065 4982506 113 785 18 18 0 0 6345392 29803 294785

fl=(261) /usr/src/debug/gcc/gcc/libstdc++-v3/src/c++11/future.cc
fn=(922) std::future_category()
0xe5820 89 1 0 0 1 0 0 1
+4 * 1
+7 * 1 1

fl=(346) /usr/src/debug/gcc/gcc/libstdc++-v3/libsupc++/del_ops.cc
fn=(1542) operator delete(void*, unsigned long)
0xb4df0 32 29
+4 +1 29 29 0 0 3 0 0 0 0 0 0 29 1
cfi=(337)
cfn=(1400)
calls=29 -20 +15 
* * 2566 729 363 15 72 5 5 0 0 436 65 29

fl=(304)
fn=(1148)
0xb6f20 43 360606 0 0 1 0 0 1
+4 * 360606 0 360606
+1 +4 360606
+5 -4 360606
+3 * 360606 0 360606
+1 * 360606
+4 +4 360606
+3 * 360606
+4 * 360606
+3 +3 360606
+3 * 360606 360606 360606 1 3 0 1 0 0 0 0 360606 1
cob=(2)
cfi=(195)
cfn=(936)
calls=360606 0xa8b30 3283 
* * 59125440 8780476 5365948 646 238 952 36 1 536 11698256 130461 1 1
+6 * 360606
+3 * 360606 0 0 0 0 0 0 0 0 360606
+2 +9 360606 360606
+4 * 360606 360606
+1 * 360606 360606

fl=(250)
fn=(866)
0x138d90 131 776 0 0 1 0 0 1
+4 * 776 0 776
+1 * 776
+3 * 776 0 776
+2 * 776
+3 * 776 0 776
+1 * 776
+3 * 776
+4 +3 776 776 776 0 6 0 0 0 0 0 0 776 1
cfi=(251)
cfn=(868)
calls=776 0xcc5a0 -95 
* * 53544 20952 10864 11 14 0 6 1 0 5432 28 2328 3
+6 +3 776
+3 * 776
+7 * 776 776 776 0 5 0 0 0 0 0 0 776 1
cfn=(876) std::basic_ios<char, std::char_traits<char> >::_M_cache_locale(std::locale const&)
calls=776 0x138c10 +32 
* * 38800 19400 6984 7 50 0 3 0 0 2328 6 2328 515
+6 +16 776 776 0 6 0 0 1
+7 * 776
+2 * 776
+3 * 776 0 0 0 0 0 0 0 0 776
fi=(224)
+2 884 776 776 0 0 1
+4 * 776 0 0 0 0 0 0 0 0 776 1
+2 +1 775 775
fe=(250)
+4 155 775 0 775
+6 * 775
+5 +1 775 0 775
+6 +8 775
+2 * 775
+3 * 775
+3 -2 775 0 775
+7 -1 775 0 775
+11 +2 775 0 775 256
+7 +1 775 0 775
+3 +1 775
+4 * 775 775
+1 * 775 775
+2 * 775 775
+1 * 775 775
-61 -10 1 0 1
+6 * 1
+5 +1 1 0 1
+6 +8 1
+2 * 1
+3 * 1
+3 -2 1 0 1
+7 -1 1 0 1
+11 +2 1 0 1
+7 +1 1 0 1
+3 +1 1
+4 * 1 1
+1 * 1 1
+2 * 1 1
+1 * 1 1
fi=(224)
+8 886 1 0 1 1 0 0 1
+4 * 1 1 1 0 1 0 0 0 0 0 0 1 1
cfi=(231)
cfn=(882)
calls=1 0xe2cc0 90 
* * 791 44 37 13 4 0 13 1 0 27 9 1 1
+6 +1 1 1
+4 * 1 1
+3 * 1 1
+4 * 1 1
+7 * 1
+5 * 1 0 0 0 0 0 0 0 0 1 1
fe=(250)

fn=(876)
0x138c10 169 776 0 0 2 0 0 1
+4 * 776 0 776
+1 * 776
+3 * 776 0 776
+2 * 776
+3 * 776 0 776
+1 * 776
fi=(252)
+3 -50 776 776 0 0 5
+7 * 776 776 776 0 6 0 0 0 0 0 0 776 257
cfi=(215)
cfn=(768)
calls=776 0xcdbe0 507 
* * 4656 1552 0 2 6 0 0 0 0 776 2
+6 * 776 776 0 0 5
+7 * 776
+3 +1 776 776
+4 +8 776 776 0 0 5
fe=(250)
+4 +43 776 776 0 2 6 0 1
+4 * 776 0 776
fi=(252)
+7 -52 776 776 776 0 0 0 0 0 0 0 0 776 1
cfi=(215)
cfn=(768)
calls=776 0xcdbe0 507 
* * 4656 1552 0 0 6 0 0 0 0 776 2
+6 * 776 776 0 0 5
+7 * 776
+3 +1 776 776
+4 +10 776 776
fe=(250)
+4 +42 776 776 0 0 6
+4 * 776 0 776
fi=(252)
+7 -53 776 776 776 0 0 0 0 0 0 0 0 776 257
cfi=(215)
cfn=(768)
calls=776 0xcdbe0 507 
* * 4656 1552 0 0 0 0 0 0 0 776 2
+6 * 776
+3 +1 776 776
+4 +9 776 776
fe=(250)
+4 +44 776 776 0 1 0 0 1
+4 * 776 0 776
+7 +1 776 776
+1 * 776 776
+2 * 776 776
+1 * 776 776

fn=(890) std::basic_ios<wchar_t, std::char_traits<wchar_t> >::_M_cache_locale(std::locale const&)
0x1395c0 169 4 0 0 1 0 0 1
+4 * 4 0 4
+1 * 4
+3 * 4 0 4
+2 * 4
+3 * 4 0 4
+1 * 4
fi=(252)
+3 -50 4 4
+7 * 4 4 4 0 0 0 0 0 0 0 0 4 1
cfi=(215)
cfn=(768)
calls=4 0xcdbe0 507 
* * 24 8 0 0 0 0 0 0 0 4
+6 * 4 4
+7 * 4
+3 +1 4 4
+4 +23 4 4
fe=(250)
+4 +28 4 4
+4 * 4 0 4
fi=(252)
+7 -52 4 4 4 1 0 0 1 0 0 0 0 4 1
cfi=(215)
cfn=(768)
calls=4 0xcdbe0 507 
* * 24 8 0 0 0 0 0 0 0 4
+6 * 4 4
+7 * 4
+3 +1 4 4
+4 +25 4 4
fe=(250)
+4 +27 4 4
+4 * 4 0 4
fi=(252)
+7 -53 4 4 4 0 0 0 0 0 0 0 0 4 1
cfi=(215)
cfn=(768)
calls=4 0xcdbe0 507 
* * 24 8 0 0 0 0 0 0 0 4
+6 * 4
+3 +1 4 4
+4 +24 4 4
fe=(250)
+4 +29 4 4
+4 * 4 0 4
+7 +1 4 4
+1 * 4 4
+2 * 4 4
+1 * 4 4

fn=(888)
0x139a50 131 4 0 0 1 0 0 1
+4 * 4 0 4
+1 * 4
+3 * 4 0 4
+2 * 4
+3 * 4 0 4
+1 * 4
+3 +3 4 4 4 0 0 0 0 0 0 0 0 4 1
cfi=(251)
cfn=(868)
calls=4 0xcc5a0 -95 
* * 276 108 56 0 0 0 0 0 0 28 0 12
+6 +3 4
+3 * 4
+7 * 4 4 4 0 0 0 0 0 0 0 0 4 1
cfn=(890)
calls=4 0x1395c0 +32 
* * 200 100 36 2 0 0 2 0 0 12 0 12 3
+6 +16 4 4
+7 * 4
+2 * 4 0 0 1 0 0 1
+3 * 4 0 0 0 0 0 0 0 0 4
fi=(224)
+2 299 4 4
+3 * 4
+5 * 4 4 4 0 1 0 0 0 0 0 0 4 1
cfi=(232)
cfn=(896)
calls=4 0xf9ed0 -94 
* * 16 8 0 1 0 0 1
fe=(250)
+3 155 4 0 4
+6 +1 4
+5 * 4 0 4
+6 +8 4
+2 * 4
+3 * 4
+3 -2 4 0 4
+7 -1 4 0 4
+11 +2 4 0 4 1 0 0 1
+7 +1 4 0 4
+3 +1 4 4
+1 * 4 4
+2 * 4 4
+1 * 4 4

fn=(1150)
0x1388f0 46 259 0 0 2 0 0 1
fi=(249)
+4 198 259
+2 * 259
+3 * 259 259 0 2 0 0 1
+8 * 259
+3 * 259 0 259
fe=(250)
+3 52 259 259
+3 * 259 0 0 0 0 0 0 0 0 259 3
+2 * 259 259

fl=(337)
fn=(1400)
0xb4de0 48 360606 0 0 2 0 0 1
+4 +1 360606 360606 0 0 10 0 0 0 0 0 0 360606 1
cob=(2)
cfi=(195)
cfn=(1402)
calls=360606 0xa9080 3319 
* * 38767599 10992818 5251208 143 854 35 34 1 12 6745082 30487 1 1

fl=(223)
fn=(1178)
0xc7dd0 100 65331 0 0 8 0 0 1
+4 * 65331
+5 * 65331 65331

fn=(774)
0xc7f50 38 1 0 0 1 0 0 1
+4 * 1 0 1
fi=(222)
+1 437 1
fe=(223)
+2 38 1
+3 * 1
fi=(222)
+4 437 1
+3 * 1
fe=(223)
+3 38 1 0 1
+4 * 1
fi=(222)
+3 437 1 0 1 0 0 1 0 0 1
fe=(223)
+3 41 1 1 0 0 1
+7 * 1
+4 * 1 0 1
+3 * 1 1 1 1 0 0 1 0 0 0 0 1 1
cfi=(215)
cfn=(746)
calls=1 0xcd670 221 
* * 18 6 2 0 0 0 0 0 0 2 0 1
+6 * 1 0 1
+4 +1 1 1
+4 * 1 1
+1 * 1 1

fn=(818)
0xc7ff0 118 1 0 0 1 0 0 1
+4 * 1 0 1
fi=(222)
+1 437 1
fe=(223)
+2 118 1
+3 * 1
fi=(222)
+4 437 1 0 0 1 0 0 1
+3 * 1
fe=(223)
+3 118 1 0 1
+4 * 1
fi=(222)
+3 437 1 0 1 0 0 1 0 0 1
fe=(223)
+3 121 1 1
+7 * 1
+4 * 1 0 1
+3 * 1 1 1 0 0 0 0 0 0 0 0 1 1
cfi=(215)
cfn=(746)
calls=1 0xcd670 221 
* * 18 6 2 0 0 0 0 0 0 2 0 1
+6 * 1 0 1 0 0 1 0 0 1
+4 +1 1 1
+4 * 1 1
+1 * 1 1

fl=(216)
fn=(744)
0xf96b0 121 1 0 0 1 0 0 1
+4 * 1 0 1
fi=(222)
+1 437 1
fe=(216)
+2 121 1
+3 * 1 0 1 0 0 1
+2 * 1
+3 * 1 0 1 1 0 0 1
+2 * 1
+3 * 1 0 1
+1 * 1
+3 * 1
fi=(222)
+4 437 1
+3 * 1
+3 * 1 0 1 0 0 1 0 0 1
fe=(216)
+3 127 1 1 0 0 1
+7 * 1
+4 * 1 0 1
+3 -5 1 1 1 0 1 0 0 0 0 0 0 1 1
cfi=(215)
cfn=(746)
calls=1 0xcd670 +99 
* * 147 39 36 19 5 3 19 2 0 16 9 4 4
+6 +1 1
+3 -1 1 0 1
+4 +1 1
+3 * 1
+3 * 1 0 1
+3 +1 1 1 0 0 1
+4 * 1 0 1 1 0 1 1 0 1
+4 +1 1 1
+4 * 1 0 1
+4 +1 1
+3 * 1 0 0 0 0 0 0 0 0 1 1
+6 * 1 0 1
+4 +3 1
+4 * 1
+2 -2 1 0 1
+4 * 1 0 1
+7 +2 1 0 1 0 0 1 0 0 1
+7 * 1 0 1
+7 * 1 0 1 0 0 1 0 0 1
+7 * 1 0 1 1 0 0 1
+7 * 1
+2 * 1
+3 * 1 0 1
+5 * 1 0 1
+5 * 1 0 1 0 0 1 0 0 1
+5 * 1 0 1
+5 * 1
+5 * 1 0 0 0 0 0 0 0 0 1 1
-30 * 2
+2 * 2
+3 * 2 0 2
+5 * 2 0 2
+5 * 2 0 2 0 0 1 0 0 1
+5 * 2 0 2
+5 * 2
+5 * 2 0 0 0 0 0 0 0 0 2 1
+2 +1 1
+4 * 1
+2 * 1 0 1 0 0 1 0 0 1
+7 * 1 0 1
+7 * 1 0 1
+7 * 1 0 1 1 0 0 1
+7 * 1
+2 * 1
+3 * 1 0 1
+8 * 1 0 1
+8 * 1 0 1 0 0 1 0 0 1
+8 * 1 0 1
+8 * 1
+5 * 1 0 0 0 0 0 0 0 0 1 1
-42 * 2
+2 * 2
+3 * 2 0 2
+8 * 2 0 2
+8 * 2 0 2 0 0 1 0 0 1
+8 * 2 0 2
+8 * 2
+5 * 2 0 0 0 0 0 0 0 0 2 1
+2 +1 1
+4 * 1 1
+1 * 1 1
+2 * 1 1
+2 * 1 1
+1 * 1 1
+5 -5 1 1 0 1 0 0 1
+4 * 1

fl=(259)
fn=(918)
0xb2690 108 1
+4 -26 1 0 1 0 0 1
+11 +26 1 1

fl=(316)
fn=(1234) std::basic_istream<char, std::char_traits<char> >& std::getline<char, std::char_traits<char>, std::allocator<char> >(std::basic_istream<char, std::char_traits<char> >&, std::__cxx11::basic_string<char, std::char_traits<char>, std::allocator<char> >&)
0x1734d0 4462 258 0 0 4 0 0 1
+4 * 258 0 258
+1 * 258
+3 * 258 0 258
+2 * 258 0 258
+1 * 258
+3 * 258
+4 +2 258 258 0 0 5
+3 * 258 258 0 0 4
+4 * 258 258 0 0 4
fi=(247)
+8 52 258
+3 * 258 0 0 0 0 0 0 0 0 258 1
+2 * 258
fi=(224)
+3 884 258 258 0 0 5
+4 * 258 0 0 0 0 0 0 0 0 258
+2 +1 258 258 0 9 0 0 1
fe=(316)
+4 4464 258
+4 * 258
+3 * 258
+3 * 258 258
+1 * 258 258
+2 * 258 258
+1 * 258 258 0 0 5 0 0 0 0 0 0 258 1
cfi=(317)
cfn=(1240)
calls=258 0xd3390 124 
* * 154287 45638 23551 166 982 137 55 128 24 20316 1253 1168 266

fl=(244)
fn=(836)
0xd7fe0 92 1 0 0 1 0 0 1
+4 * 1 0 1
+1 * 1
+3 * 1
+4 * 1 0 1
+4 * 1
+3 * 1 0 1
+4 * 1
+3 +1 1 1
+5 * 1 0 0 1 0 0 1 0 0 1
+6 +3 1
+3 * 1 0 0 0 0 0 0 0 0 1
0xd8078 +68 1 1 0 1 0 0 1
+4 * 1
+7 +1 1 0 1
+8 +4 1 1
+4 -5 1 0 1
+4 +3 1
+7 +2 1 1
+4 -2 1 0 1
+4 +1 1 0 1
+8 +1 1 1
+1 * 1 1
+5 -70 1 1 0 1 0 0 1
+4 * 1
+7 * 1 0 1
+4 +1 1 0 1 1 0 0 1
+8 +1 1 0 1
+4 +2 1 0 1
+4 +1 1 1
+4 * 1 0 1
+4 +3 1 1
+7 * 1 1
+3 -1 1
+2 * 1
+7 * 1
+11 * 1
+11 +1 1 1 0 1 0 0 1
+4 * 1 1
+4 * 1 0 1
+4 -1 1
+4 * 1
+4 * 1 0 0 0 0 0 0 0 0 1 1
-20 +1 35 35
+4 * 35 35
+4 * 35 0 35
+4 -1 35
+4 * 35
+4 * 35 0 0 0 0 0 0 0 0 35 8
+2 +4 1 1
+7 * 1 1
+3 -1 1
+2 * 1
+8 * 1
+11 * 1
+11 +1 1 1 0 1 0 0 1
+4 * 1 1
+4 * 1 0 1
+4 -1 1
+4 * 1
+4 * 1 0 0 0 0 0 0 0 0 1 1
-20 +1 25 25
+4 * 25 25
+4 * 25 0 25
+4 -1 25
+4 * 25
+4 * 25 0 0 0 0 0 0 0 0 25 7
+2 * 1

fn=(848)
0xd8360 183 1 0 0 1 0 0 1
+4 * 1 0 1
+1 * 1
+3 * 1
+4 * 1 0 1
+4 * 1
+3 * 1 0 1
+4 * 1
+3 +1 1 1
+5 * 1 0 0 1 0 0 1 0 0 1
+6 +3 1
+3 * 1 0 0 0 0 0 0 0 0 1 1
+86 +69 1 0 0 1 0 0 1
+7 +1 1 0 1
+8 +4 1 1
+4 -5 1 0 1
+4 +3 1
+7 +2 1 1
+4 -2 1 0 1
+4 +1 1 0 1
+8 +1 1 1
+1 * 1 1
+3 -71 1 1 0 1 0 0 1
+4 * 1
+7 * 1 0 1
+4 +4 1
+10 * 1 0 1
+4 +6 1 1
+7 -9 1 0 1
+8 +1 1 0 1
+4 +8 1 1 0 1 0 0 1
+3 -2 1
+2 * 1
+5 * 1
+11 * 1
+11 +2 1 1
+4 * 1 0 1
+4 -2 1
+4 * 1
+4 * 1 0 0 0 0 0 0 0 0 1 1
-16 +2 35 35
+4 * 35 0 35
+4 -2 35
+4 * 35
+4 * 35 0 0 0 0 0 0 0 0 35 5
+2 +6 1 1
+7 * 1 1
+3 -2 1
+2 * 1
+2 +2 1 1 0 1 0 0 1
+4 * 1 0 1
+7 -2 1
+4 * 1
+4 * 1 0 0 0 0 0 0 0 0 1 1
-19 +2 25 25
+4 * 25 0 25
+7 -2 25
+4 * 25
+4 * 25 0 0 0 0 0 0 0 0 25 7
+2 * 1

fl=(313) /usr/src/debug/gcc/gcc-build/x86_64-pc-linux-gnu/libstdc++-v3/include/bits/cow_string.h
fn=(1334) std::string::reserve(unsigned long)
0x1091e0 3668 65536 0 0 1 0 0 1
+4 * 65536 0 65536
+1 * 65536
+3 * 65536 0 65536
+1 * 65536
+4 330 65536 65536
+3 3668 65536 65536
+9 * 65536 0 65536
+4 * 65536
+3 1060 65536 65536 0 1 4 0 1
+4 * 65536
+4 3677 65536
+3 * 65536 0 0 0 0 0 0 0 0 65536
+2 +10 65536
+3 * 65536
+4 * 65536 65536
+4 * 65536 65536 65536 0 5 0 0 0 0 0 0 65536 1
cfn=(1336) std::string::_Rep::_M_clone(std::allocator<char> const&, unsigned long)
calls=65536 0x109140 3800 
* * 6226304 1441859 1114155 15 16 2 5 1 2 786497 38 196608 257
+6 * 65536
+3 330 65536 65536
+3 +8 65536
+4 -69 65536 65536
+7 * 65536 0 0 0 0 0 0 0 0 65536
+2 +65 65536 0 65536
+3 3690 65536 65536
+4 * 65536 65536 0 1 0 0 1
+9 * 65536 0 0 0 0 0 0 0 0 65536
+6 * 65536 65536
+4 * 65536 65536
+1 * 65536 65536

fn=(1338) std::string::_Rep::_S_create(unsigned long, unsigned long, std::allocator<char> const&)
0x108050 3722 65536 0 0 1 0 0 1
+4 +6 65536
+10 -6 65536 0 65536
+1 * 65536
+3 * 65536 0 65536
+1 * 65536
+4 +6 65536
+3 * 65536 0 0 0 0 0 0 0 0 65536
+2 * 65536
+3 +35 65536
+3 * 65536 0 0 0 0 0 0 0 0 65536
+2 * 65536
+4 * 65536
+3 * 65536
+4 +8 65536 0 0 1 0 0 1
+4 +1 65536
+6 * 65536 0 0 0 0 0 0 0 0 65536 4
+39 +7 65536
fi=(336)
+4 162 65536 65536 65536 0 0 0 0 0 0 0 0 65536 256
cfi=(304)
cfn=(1148)
calls=65536 0xb6f20 43 
* * 3015040 655427 393259 1 11 1 0 1 1 458817 26 65536
fe=(313)
+6 3786 65536 0 65536 0 0 1 0 0 1
+4 +10 65536 65536 0 1 0 0 1
+4 233 65536 0 65536
+7 3796 65536 65536
+1 * 65536 65536

fn=(1346) std::string::push_back(char)
0x109910 1437 131035 0 0 1 0 0 1
+4 * 131035 0 131035
+1 * 131035
+3 * 131035 0 131035
+2 * 131035
+3 * 131035 0 131035
+2 * 131035 0 131035
+1 * 131035
+4 330 131035 131035
+3 961 131035 131035
+4 1439 131035
+5 +1 131035 131035
+4 * 131035 0 0 0 0 0 0 0 0 131035
fi=(212)
+2 57 131035 131035
fe=(313)
+7 221 131035 131035
+3 * 131035 0 0 1 0 0 1 0 0 131035
+2 1440 131035 131035
+3 * 131035
+3 * 131035
+2 * 131035 0 0 0 0 0 0 0 0 131035 5
fi=(312)
+26 355 131035 0 131035
fe=(313)
+4 -25 131035 131035
+3 +8 131035
+4 -99 131035 131035
+7 * 131035 0 0 0 0 0 0 0 0 131035 6
+34 -6 131035 0 131035 1 0 0 1
+7 +10 131035 0 131035
fi=(312)
+4 355 131035 0 131035
fe=(313)
+6 1444 131035
+4 * 131035 131035
+1 * 131035 131035
+2 * 131035 131035
+2 * 131035 131035
+1 * 131035 131035

fn=(1336)
0x109140 3800 65536 0 0 10 0 0 1
+4 * 65536 0 65536
+1 * 65536
+3 * 65536 0 65536
+1 * 65536
+3 * 65536
+4 +4 65536 65536
+3 * 65536
+3 +1 65536
+3 * 65536 65536
+4 * 65536 65536 65536 0 5 0 0 0 0 0 0 65536 1
cfn=(1338)
calls=65536 0x108050 -83 
* * 4587904 917571 720939 4 11 2 3 1 2 655425 30 131072 256
+6 +2 65536 65536
+3 -2 65536
+3 252 65536
+4 3807 65536
+3 * 65536 0 0 0 0 0 0 0 0 65536 4
+32 239 65536 65536 0 1 0 0 1
+7 * 65536 0 0 0 0 0 0 0 0 65536 4
+36 -6 65536 0 65536
+7 3812 65536
+3 243 65536 0 65536
fi=(312)
+3 355 65536 0 65536
fe=(313)
+5 3812 65536 65536
+4 * 65536 65536
+1 * 65536 65536

fn=(1360) std::basic_string<char, std::char_traits<char>, std::allocator<char> >::~basic_string()
0xf0170 758 65536 0 0 10 0 0 1
+4 330 65536 65536
+3 +8 65536
+4 -69 65536 65536 0 1 0 0 1
+7 * 65536 0 0 0 0 0 0 0 0 65536
+2 759 65536 65536

fl=(387)
fn=(2006) __gnu_cxx::stdio_sync_filebuf<char, std::char_traits<char> >::sync()
0x12c570 193 5 0 0 1 0 0 1
+4 +1 5 5 0 0 2
+4 * 5 5 0 0 1 0 0 0 0 0 0 5 1
cob=(2)
cfi=(388) /usr/src/debug/glibc/glibc/libio/iofflush.c
cfn=(2008) fflush
calls=5 0x819e0 32 
* * 345 120 55 8 6 0 8 3 0 55 11 5 1

fn=(2028) __gnu_cxx::stdio_sync_filebuf<wchar_t, std::char_traits<wchar_t> >::sync()
0x12c580 193 5 0 0 1 0 0 1
+4 +1 5 5 0 0 2
+4 * 5 5 0 0 0 0 0 0 0 0 0 5 1
cob=(2)
cfi=(388)
cfn=(2008)
calls=5 0x819e0 32 
* * 345 120 55 0 0 0 0 0 0 55 5 5

fl=(310)
fn=(1806) std::ostreambuf_iterator<char, std::char_traits<char> > std::num_put<char, std::ostreambuf_iterator<char, std::char_traits<char> > >::_M_insert_float<double>(std::ostreambuf_iterator<char, std::char_traits<char> >, std::ios_base&, char, char, double) const
0x14a5a0 999 32640 0 0 1 0 0 1
+4 * 32640 0 32640
+1 * 32640
+3 * 32640 0 32640
+2 * 32640
+3 * 32640 0 32640
+2 * 32640 0 32640
+2 * 32640 0 32640
+2 * 32640
+3 * 32640 0 32640
+1 * 32640
+3 * 32640
+4 * 32640 0 32640 1 0 0 1
+4 * 32640 0 32640
+7 * 32640 0 32640
+7 * 32640 0 32640
fi=(249)
+5 853 32640 32640
+9 * 32640 0 32640
+4 * 32640
fe=(310)
+7 1006 32640 0 32640
cfn=(1200) std::__use_cache<std::__numpunct_cache<char> >::operator()(std::locale const&) const [clone .isra.0]
calls=32640 0x149e10 57 
* * 881280 391680 163200 2 2 0 0 0 0 65280 3 32640
fi=(249)
+5 766 32640 32640
fe=(310)
+4 1018 32640
+4 * 32640
+3 -12 32640
+3 +3 32640 0 0 1 0 0 1
+5 +9 32640
+4 -9 32640
+3 * 32640
+4 +9 32640 32640 32640 0 0 0 0 0 0 0 0 32640 1
cfi=(359) /usr/src/debug/gcc/gcc/libstdc++-v3/src/c++98/locale_facets.cc
cfn=(1810) std::__num_base::_S_format_float(std::ios_base const&, char*, char)
calls=32640 0xce4d0 64 
* * 1044480 65280 130560 4 0 0 4 0 0 195840 9
fi=(249)
+6 87 32640 32640
fe=(310)
+3 1028 32640
fi=(249)
+3 87 32640
fe=(310)
+5 1028 32640
+3 * 32640 0 0 0 0 0 0 0 0 32640 2
+22 * 32640
+4 * 32640 0 32640
+5 * 32640 0 0 1 0 0 1
+5 * 32640
+4 * 32640 0 32640
+4 +1 32640
+5 * 32640 0 0 0 0 0 0 0 0 32640
+6 +1 32640 32640 32640 0 1 0 0 0 0 0 0 32640 1
cfi=(215)
cfn=(746)
calls=32640 0xcd670 221 
* * 587520 195840 65280 3 2 0 0 0 0 65280 0 32640
+6 * 32640 32640
+5 * 32640
+3 * 32640
+3 * 32640 0 32640
+4 * 32640
+4 * 32640
+4 * 32640
+5 * 32640 0 32640
+4 * 32640
+3 * 32640 0 0 1 0 0 1
+5 * 32640 0 32640
cfi=(360)
cfn=(1814)
calls=32640 0x10ff20 78 
* * 79107153 17879595 11978593 140 29 18 128 13 0 11802022 260758 293760 7
+6 * 32640 0 32640
+3 +7 32640
+3 * 32640 0 0 0 0 0 0 0 0 32640 2
fi=(252)
0x14a720 119 32640 32640 0 1 0 0 1
+7 * 32640 32640 32640 0 0 0 0 0 0 0 0 32640 1
cfi=(215)
cfn=(768)
calls=32640 0xcdbe0 507 
* * 195840 65280 0 0 0 0 0 0 0 32640 1
+6 * 32640
+3 +1 32640 32640
+7 +8 32640 32640
+4 * 32640 32640
+4 228 32640 0 0 1 0 0 1
+3 * 32640 0 0 0 0 0 0 0 0 32640
fe=(310)
+6 1071 32640 32640
+4 * 32640
+3 * 32640
+4 * 32640
+3 * 32640
+3 * 32640
+7 * 32640
+3 * 32640
+3 * 32640 0 0 0 0 0 0 0 0 32640 2
+22 * 32640 0 0 1 0 0 1
+5 * 32640
+3 * 32640
+3 * 32640 0 0 0 0 0 0 0 0 32640 2
+6 +2 32640 32640
+4 -2 32640
+5 * 32640
+4 +2 32640
fi=(224)
+4 911 32640 32640
fe=(310)
+4 1071 32640 0 32640
fi=(224)
+4 911 32640
+2 * 32640 0 0 0 0 0 0 0 0 32640 2
fi=(312)
+71 402 32640 0 32640 1 0 0 1
+3 +6 32640 32640
+4 * 32640
+3 * 32640
+5 * 32640 32640 32640 1 1 0 1 0 0 0 0 32640 1
cob=(2)
cfi=(318)
cfn=(1248)
calls=32640 0x1715c0 61 
* * 620160 65280 0 2 0 0 0 0 0 130560
fe=(310)
+6 1078 32640 32640
+3 * 32640
fi=(312)
+3 408 32640
fe=(310)
+3 1078 32640 0 0 0 0 0 0 0 0 32640 2
+6 +3 32640 32640 0 0 1
+5 -1 32640 32640
+4 * 32640
+3 +1 32640 0 32640
+3 +6 32640 32640 0 0 1
+5 * 32640 0 0 0 0 0 0 0 0 32640 4
0x14aa4b +27 32640 32640 0 1 0 0 1
fi=(249)
+4 790 32640 32640
fe=(310)
+4 1114 32640
+3 * 32640
+3 * 32640 0 0 0 0 0 0 0 0 32640
fi=(249)
+6 801 32640 32640
+4 * 32640 0 32640
+8 +1 32640
fi=(311)
+2 329 32640
+2 * 32640 0 0 0 0 0 0 0 0 32640
fi=(246)
+2 460 32640 32640
+4 * 32640 32640
+4 * 32640
+3 * 32640
+3 * 32640 32640 32640 1 1 0 1 0 0 0 0 32640 1
cfi=(292)
cfn=(1858)
calls=32640 0x12dc00 759 
* * 3035604 913941 522251 15 1 0 14 0 0 359056 28 97921 4
fi=(311)
+3 331 32640
+3 * 32640
+5 * 32640
+3 * 32640
+3 * 32640
fe=(310)
+3 1126 32640 32640
+4 * 32640 32640
+9 * 32640 0 0 0 0 0 0 0 0 32640
+6 * 32640
+4 * 32640 32640
+1 * 32640 32640
+2 * 32640 32640
+2 * 32640 32640
+2 * 32640 32640
+2 * 32640 32640
+1 * 32640 32640
fi=(224)
0x14ab30 913 32640 32640 0 1 0 0 1
+4 * 32640
+3 * 32640 0 0 0 0 0 0 0 0 32640
+2 +1 32640 0 32640
+3 * 32640
+3 * 32640
+3 * 32640
+3 * 32640 32640 32640 0 1 0 0 0 0 0 0 32640 1
cob=(2)
cfi=(288)
cfn=(1060)
calls=32640 0x171fc0 255 
* * 359050 97920 65280 0 0 0 0 0 0 65285 11
fi=(312)
+6 402 32640 32640
+3 * 32640
fe=(310)
+10 1071 32640 0 32640 1 0 0 1
+5 * 32640

fn=(1804) std::num_put<char, std::ostreambuf_iterator<char, std::char_traits<char> > >::do_put(std::ostreambuf_iterator<char, std::char_traits<char> >, std::ios_base&, char, double) const
0x14ac10 1182 32640 0 0 1 0 0 1
+4 +2 32640
+3 * 32640
+4 * 32640 32640 0 0 1 0 0 0 0 0 0 32640 1
cfn=(1806)
calls=32640 0x14a5a0 999 
* * 90498607 20915136 13904364 180 40 18 160 13 0 13140283 260826 652801 17

fn=(1332)
0x152d20 709 65536 0 0 1 0 0 1
+4 * 65536 0 65536
+1 * 65536
+3 * 65536 0 65536
+2 * 65536 0 65536
+2 +5 65536
+4 -5 65536
+3 +5 65536
+5 -5 65536 0 65536
+2 * 65536
+3 * 65536 0 65536
+2 * 65536 0 65536
+1 * 65536 0 0 1 0 0 1
+4 * 65536 65536
+4 * 65536 0 65536
+4 +5 65536
+3 -5 65536 0 65536
+4 * 65536 65536
+4 * 65536 0 65536
+4 * 65536 0 65536
+4 * 65536 0 65536
+4 * 65536 0 65536
fi=(313)
+4 312 65536 65536
+9 * 65536 0 65536
+4 * 65536 65536 0 0 4
+7 * 65536
+4 * 65536 0 65536 1 0 0 1
fe=(310)
+4 714 65536 65536 65536 0 6 0 0 0 0 0 0 65536 1
cfi=(313)
cfn=(1334)
calls=65536 0x1091e0 3668 
* * 8126848 2228291 1441835 18 25 2 8 1 2 983105 38 262144 258
+6 +1 65536 65536
+4 * 65536 65536
+4 * 65536 0 65536
+2 * 65536
+3 * 65536 65536
+4 * 65536 65536
+4 * 65536 0 65536
+1 * 65536 65536
+4 * 65536 65536 65536 0 0 0 0 0 0 0 0 65536 1
cfn=(1340) std::num_get<char, std::istreambuf_iterator<char, std::char_traits<char> > >::_M_extract_float(std::istreambuf_iterator<char, std::char_traits<char> >, std::istreambuf_iterator<char, std::char_traits<char> >, std::ios_base&, std::_Ios_Iostate&, std::string&) const
calls=65536 0x151d00 152 
* * 33816441 10878418 5373727 1033 36 0 29 0 0 5504876 65745 262363 514
+6 * 65536
+3 * 65536 0 65536
+4 * 65536 65536
+1 * 65536 65536
+1 * 65536 0 65536
+4 +1 65536 65536 65536 0 4 0 0 0 0 0 0 65536 1
cfi=(215)
cfn=(746)
calls=65536 0xcd670 221 
* * 1179648 393216 131072 1 11 0 0 0 0 131072 0 65536
+6 * 65536 0 65536
+4 * 65536 0 0 1 0 0 1
+4 * 65536
+3 * 65536 65536
+4 * 65536 65536
+4 * 65536 65536 65536 0 6 0 0 0 0 0 0 65536 1
cfi=(219) /usr/src/debug/gcc/gcc-build/x86_64-pc-linux-gnu/libstdc++-v3/src/c++98/c++locale.cc
cfn=(1362) void std::__convert_to_v<double>(char const*, double&, std::_Ios_Iostate&, __locale_struct* const&)
calls=65536 0xdc840 75 
* * 51029620 9457928 5410625 1903 91 43 86 9 0 7930051 144157 255474 259
fi=(311)
+6 209 65536 65536
+4 * 65536
+3 * 65536
+3 * 65536
+3 * 65536
+2 * 65536
+2 * 65536 0 0 0 0 0 0 0 0 65536 258
+6 * 65536 65536
+4 * 65536
+3 * 65536 65536
+5 * 65536 0 0 0 0 0 0 0 0 65536 4
fe=(310)
+6 717 65536
+2 * 65536 0 0 256 0 0 1 0 0 65536 2
fi=(249)
+2 198 256 0 256
fe=(310)
+3 719 256
+3 * 256 256
+3 * 256 256
+4 * 256
+10 * 256
+3 * 256
+3 * 256
fi=(313)
+3 330 256 256
+4 +8 256
+4 -69 256 256
+7 * 256 0 0 0 0 0 0 0 0 256 1
fe=(310)
-44 719 65280
+3 * 65280 65280
+3 * 65280 65280
+4 * 65280
+10 * 65280
+3 * 65280
+3 * 65280
fi=(313)
+3 330 65280 65280
+4 +8 65280
+4 -69 65280 65280
+7 * 65280 0 0 0 0 0 0 0 0 65280 2
fe=(310)
+6 720 65536 65536
+4 * 65536 65536 0 234 0 0 1
+9 * 65536 0 0 0 0 0 0 0 0 65536
+6 * 65536
+4 * 65536
+3 * 65536
+3 * 65536 65536
+1 * 65536 65536
+2 * 65536 65536
+2 * 65536 65536
+2 * 65536 65536
+2 * 65536 65536
+1 * 65536 65536
fi=(246)
+50 350 65280 65280 0 57 0 0 1
+4 * 65280
+2 * 65280 65280
+4 * 65280 0 0 0 0 0 0 0 0 65280 2
fi=(212)
+54 57 65536 65536 0 10 0 0 1
+7 +84 65536 65536
+3 * 65536 0 0 0 0 0 0 0 0 65536
+2 -25 65536 65536
+3 +4 65536
+3 * 65536 0 65536
fi=(313)
+3 282 65536
+2 * 65536 0 0 0 0 0 0 0 0 65536
fi=(336)
+6 -99 65536 65536 65536 0 0 0 0 0 0 0 0 65536 1
cfi=(337)
cfn=(1400)
calls=65536 0xb4de0 48 
* * 2294047 655399 262201 13 4 12 10 1 12 393259 433 65537 2
+6 -79 65536
fe=(310)

fn=(1340)
0x151d00 152 65536 0 0 1 0 0 1
+4 * 65536 0 65536
fi=(249)
+1 853 65536
fe=(310)
+7 152 65536
+3 * 65536 0 65536
+2 * 65536
+3 * 65536 0 65536
+2 * 65536 0 65536
+2 * 65536
+3 * 65536 0 65536
+2 * 65536 0 65536
+1 * 65536
+4 * 65536 65536
+4 * 65536 0 65536
+4 * 65536 0 65536
+4 * 65536 65536
+3 * 65536 0 65536
+4 * 65536 65536
+4 * 65536 0 65536
+4 * 65536 0 65536 1 0 0 1
+7 * 65536 65536
+9 * 65536 0 65536
+4 * 65536 65536
+4 * 65536 0 65536
+3 +8 65536 0 65536
cfn=(1200)
calls=65536 0x149e10 57 
* * 1769472 786432 327680 477 10 0 0 0 0 131072 3 65536
fi=(311)
+5 +78 65536 65536
+3 * 65536 0 65536
+4 * 65536
+4 * 65536 0 65536
fe=(310)
+4 -78 65536
fi=(311)
+3 +78 65536
+4 * 65536 0 65536
+3 * 65536 0 65536
+4 * 65536 0 65536
cfn=(1202)
calls=65536 0x14d6d0 -37 
* * 1900544 524288 65536 0 0 0 0 0 0 196608 2
fe=(310)
+6 -70 65536 0 0 1 0 0 1
+2 * 65536 0 0 0 0 0 0 0 0 65536 2
0x151e11 371 65536 0 65536 257 0 0 1
+4 +1 65536 65536
+7 -1 65536 0 65536
+4 * 65536 65536
+4 * 65536 65536
+4 +1 65536 65536 65536 0 6 0 0 0 0 0 0 65536 256
cfi=(313)
cfn=(1360)
calls=65536 0xf0170 758 
* * 393216 196608 0 11 0 0 2 0 0 65536
+6 * 65536 65536
+4 * 65536 65536
+9 * 65536 0 0 222 0 0 1 0 0 65536
+6 * 65536
+4 * 65536
+3 * 65536
+3 * 65536 65536
+1 * 65536 65536
+2 * 65536 65536
+2 * 65536 65536
+2 * 65536 65536
+2 * 65536 65536
+1 * 65536 65536
fi=(311)
+59 238 65536 65536 0 10 0 0 1
+3 -84 65536
+4 +84 65536 65536
+4 * 65536 0 65536
+3 -84 65536 0 65536
cfn=(1206)
calls=65536 0x14d7a0 +52 
* * 786432 393216 0 0 0 0 0 0 0 196608 1
fe=(310)
+6 +17 65536 65536 0 0 5
fi=(311)
+6 -17 65536 65536
+4 * 65536
fi=(312)
+2 449 65536
fe=(310)
+3 173 65536 65536 0 0 5
fi=(311)
+6 -19 65536 65536
fe=(310)
+4 +19 65536
+2 -1 65536 0 0 10 0 0 1
+3 * 65536 0 0 0 0 0 0 0 0 65536
+6 * 65536 65536
+5 * 65536 0 0 0 0 0 0 0 0 65536
+6 * 65536
+3 +17 65536 0 65536
+7 * 65536
+3 * 65536
+2 * 65536 65536
+4 * 65536
+2 * 65536 0 0 0 0 0 0 0 0 65536 2
+13 +1 131035 131035
+5 * 131035 0 0 0 0 0 0 0 0 131035 2
+6 +2 65536 65536 0 1 0 0 1
+5 * 65536 0 0 0 0 0 0 0 0 65536 37
+6 +2 65499
+3 * 65499 0 0 0 0 0 0 0 0 65499 2
fi=(246)
+24 511 65499
+4 * 65499 0 65499
fi=(311)
+4 246 65499 0 65499
+4 * 65499
+4 * 65499
+4 * 65499 0 65499 1 0 0 1
+7 * 65499 0 65499
+4 * 65499 0 65499
+4 * 65499 0 65499
cfn=(1202)
calls=65499 0x14d6d0 -45 
* * 1899471 523992 65499 0 0 0 0 0 0 196497 2
fe=(310)
+6 -45 65499
+2 * 65499 0 0 0 0 0 0 0 0 65499
fi=(311)
+2 +45 65499 65499
+4 * 65499 65499
+4 -92 65499
+4 * 65499 0 65499
cfn=(1206)
calls=65499 0x14d7a0 +52 
* * 785988 392994 0 0 0 0 0 0 0 196497 2
+6 * 65499 65499
+4 * 65499 65499
fe=(310)
+4 +35 65499
fi=(312)
+5 449 65499
fe=(310)
+3 189 65499 65499
+6 * 65499
+2 * 65499
+2 * 65499 0 0 0 0 0 0 0 0 65499 2
fi=(313)
+17 1276 65499 0 0 1 0 0 1
+5 * 65499
+3 * 65499 65499 65499 0 0 0 0 0 0 0 0 65499 1
cfn=(1346)
calls=65499 0x109910 1437 
* * 2226966 851487 523992 3 0 0 3 0 0 261996 4
fe=(310)
+6 199 65499 0 65499
fi=(246)
+4 498 65499 65499
+4 328 65499 65499
+4 * 65499 0 0 0 0 0 0 0 0 65499 2
fi=(313)
0x1524f6 961 65536 65536 0 4 0 0 1
fe=(310)
+4 359 65536 65536
+5 * 65536 0 0 9 0 0 1 0 0 65536 4
fi=(246)
0x15257e -25 65536 0 0 1 0 0 1
+4 * 65536 0 65536
fe=(310)
+7 173 65536 0 65536
+4 * 65536 0 65536
+4 * 65536
fi=(246)
+7 498 261925 261925
+4 350 261925 261925
+4 * 261925 0 0 0 0 0 0 0 0 261925
fi=(312)
+6 455 261925 261925
fe=(310)
+4 173 261925
fi=(224)
+6 2178 261925
+4 * 261925
+2 * 261925 0 0 0 0 0 0 0 0 261925 65354
-6 * 65536
+4 * 65536
+2 * 65536 0 0 0 0 0 0 0 0 65536 2
fi=(313)
+6 330 196645 196645
+3 961 196645 196645 0 1 0 0 1
+4 1439 196645
+4 +1 196645 196645
+4 * 196645 0 0 0 0 0 0 0 0 196645 2
fi=(212)
+2 57 196645 196645
fi=(313)
+7 221 196645 196645
+3 * 196645 0 0 0 0 0 0 0 0 196645
+6 1440 196645 196645
+3 * 196645
+2 * 196645 0 0 0 0 0 0 0 0 196645 2
fi=(312)
+42 355 196645 0 196645
fi=(313)
+4 -25 196645 196645
+3 +8 196645
+4 -99 196645 196645
+4 * 196645 0 0 0 0 0 0 0 0 196645 4
fe=(310)
+6 -13 196645
fi=(246)
+6 498 196645 196645
+4 +3 196645 196645
+4 328 196645
+3 * 196645 0 0 0 0 0 0 0 0 196645
-11 498 65536 65536 0 1 0 0 1
+4 +3 65536 65536
+4 328 65536
+3 * 65536 0 0 0 0 0 0 0 0 65536
+6 511 262181
+4 * 262181 0 262181
+4 350 262181 0 0 1 0 0 1
+3 * 262181 0 0 0 0 0 0 0 0 262181 256
fi=(311)
+6 209 261925 261925
+4 * 261925
+4 * 261925
+3 * 261925
+3 * 261925
+3 * 261925
+2 * 261925 0 0 0 0 0 0 0 0 261925
fe=(310)
+6 +52 261925
+3 * 261925 0 0 0 0 0 0 0 0 261925
fi=(311)
+6 -52 261925
+3 * 261925 0 0 0 0 0 0 0 0 261925 2
fe=(310)
+18 +19 130816 130816 0 1 0 0 1
+5 * 130816 0 0 0 0 0 0 0 0 130816 39
+6 +6 65280 65280
+8 * 65280 0 0 0 0 0 0 0 0 65280
+2 +1 65280 65280
+8 * 65280 0 0 0 0 0 0 0 0 65280 2
fi=(246)
0x1527d0 353 256 256 0 1 0 0 1
+3 * 256
+3 * 256 256 256 0 5 0 0 0 0 0 0 256 256
cfi=(324)
cfn=(1426) std::__cxx11::basic_stringbuf<char, std::char_traits<char>, std::allocator<char> >::underflow()
calls=256 0x161a80 153 
* * 4096 1280 0 8 0 0 2 0 0 1280 2
+3 * 256
fi=(311)
+3 209 256
+3 * 256 0 0 0 0 0 0 0 0 256
+6 * 256 256
+3 * 256
+3 * 256
+3 * 256
+3 * 256
+3 * 256
+2 * 256 0 0 0 0 0 0 0 0 256
fe=(310)
+6 +52 256
+3 * 256 0 0 0 0 0 0 0 0 256 1
fi=(313)
+25 -28 196645 0 196645
+7 +10 196645 0 196645
fi=(312)
+4 355 196645 0 196645
+5 * 196645
fi=(313)
+8 1440 196645 0 0 1 0 0 1
+3 * 196645
fe=(310)
+85 229 65536 65536 0 1 0 0 1
+4 * 65536 65536
+3 * 65536 0 0 0 0 0 0 0 0 65536
+6 +3 65536 0 65536
fi=(313)
+4 1276 65536
+5 * 65536
+3 * 65536 65536 65536 0 0 0 0 0 0 0 0 65536 1
cfn=(1346)
calls=65536 0x109910 1437 
* * 2228224 851968 524288 0 0 0 0 0 0 262144 7
+6 +1 65536 0 65536
+4 * 65536
fi=(311)
0x152a49 210 256
+3 * 256
fi=(313)
+5 312 65536 65536 0 1 0 0 1
+7 * 65536 0 65536
+4 * 65536
+3 * 65536
+3 * 65536
+3 * 65536
+4 * 65536 0 65536
+4 * 65536 0 65536
fe=(310)
+4 -98 65536
+2 * 65536 0 0 0 0 0 0 0 0 65536 1
+2 +4 65536 65536 0 0 5
+9 * 65536 0 0 7 0 0 1 0 0 65536 4

fn=(1198)
0x154e50 378 1 0 0 1 0 0 1
+4 * 1 0 1
fi=(249)
+1 853 1
fe=(310)
+7 378 1
+3 * 1 0 1
+2 * 1
+3 * 1 0 1
+2 * 1
+6 * 1 0 1
+2 * 1 0 1
+2 * 1
+3 * 1 0 1
+1 * 1
+3 * 1
+7 * 1 1 0 1 0 0 1
+4 * 1 0 1
+4 * 1 0 1
+4 * 1 0 1
+7 * 1 1
+4 * 1 0 1
+4 * 1 0 1
+4 * 1 0 1
+7 * 1 1
+9 * 1 0 1
+4 * 1 1
+3 * 1 0 1
+3 +10 1 0 1
cfn=(1200)
calls=1 0x149e10 57 
* * 27 12 5 2 0 0 2 0 0 2 2 1 1
+5 +8 1 1
+3 -8 1 0 0 1 0 0 1
fi=(249)
+3 87 1 1
+5 * 1
fe=(310)
+3 396 1
fi=(249)
+3 87 1 0 1
fe=(310)
+3 396 1 0 0 0 0 0 0 0 0 1
+2 * 1
+3 * 1
+6 * 1
+5 * 1
fi=(311)
+4 238 1 0 1
+4 * 1
+4 * 1
+4 * 1 0 1
+4 * 1 0 1
+3 * 1 0 1
cfn=(1202)
calls=1 0x14d6d0 -37 
* * 29 8 1 2 0 0 2 0 0 3 1
+6 * 1 1 0 1 0 0 1
+4 * 1
fe=(310)
+2 403 1
+2 * 1 0 0 0 0 0 0 0 0 1
+6 * 1 0 1
fi=(311)
+3 154 1
+4 * 1 0 1
cfn=(1206)
calls=1 0x14d7a0 +52 
* * 12 6 0 2 0 0 2 0 0 3 1
fe=(310)
+6 406 1 1
fi=(311)
+5 154 1 1
+4 * 1 1
fe=(310)
+4 408 1 1
fi=(312)
+5 +41 1
fe=(310)
+3 -42 1
+2 * 1 1
+4 * 1 0 0 0 0 0 0 0 0 1
+2 * 1 1
+4 * 1 0 0 0 0 0 0 0 0 1 1
0x154f9e +13 1 0 1 1 0 0 1
+4 +1 1 0 1
+7 +3 1
+3 * 1 0 0 0 0 0 0 0 0 1 1
+12 +1 1 1
+4 * 1 0 0 0 0 0 0 0 0 1
+2 +2 1 1 0 1 0 0 1
+4 * 1 0 0 0 0 0 0 0 0 1
+6 +10 1 1
+4 * 1 0 0 0 0 0 0 0 0 1
+6 * 1
+2 +29 1
+4 * 1 0 0 0 0 0 0 0 0 1
+6 * 1
+3 * 1 0 1
+4 * 1 0 1
fi=(313)
+7 312 1 1
+7 * 1 0 1
+7 * 1
+4 * 1 0 1 1 0 0 1
fe=(310)
+4 472 1
+3 * 1 0 0 0 0 0 0 0 0 1
+6 +8 1
+5 * 1
+2 +5 1 1
+8 -5 1 0 1
+4 * 1
+3 * 1 0 1
+3 +5 1
+3 * 1 0 0 0 0 0 0 0 0 1 1
0x155180 +2 1 0 0 1 0 0 1
+2 * 1 0 0 0 0 0 0 0 0 1
fi=(224)
+6 2178 1 1
fe=(310)
+4 475 1 0 1
+4 +6 1
fi=(224)
+3 2178 1
+3 * 1
fe=(310)
+10 497 3 3
+4 * 3
+4 +1 3
+3 * 3
+3 +1 3
fi=(246)
+3 -1 3 0 3
+3 * 3 3
+4 +3 3 3
fe=(310)
+4 -1 3 0 3
fi=(246)
+4 328 3 0 0 1 0 0 1
+3 * 3 0 0 0 0 0 0 0 0 3
+6 511 3
+4 * 3 0 3
+4 -10 3
+3 350 3
+3 * 3 0 0 0 0 0 0 0 0 3
fi=(311)
+6 209 3 3
+4 * 3
+3 * 3
+3 * 3
+3 * 3
+2 * 3 0 0 0 0 0 0 0 0 3
fe=(310)
+6 503 3
+3 * 3 0 0 0 0 0 0 0 0 3
fi=(311)
+6 209 3
+3 * 3 0 0 0 0 0 0 0 0 3
fi=(246)
+6 498 3 3
+4 350 3 3
+4 * 3 0 0 0 0 0 0 0 0 3
fi=(312)
+6 455 3 3
fe=(310)
+4 +30 3
fi=(224)
+6 2176 3 3
+4 * 3 0 0 0 0 0 0 0 0 3
-4 * 1 1 0 1 0 0 1
+4 * 1 0 0 0 0 0 0 0 0 1
+2 +2 4
+4 * 4 0 0 0 0 0 0 0 0 4 1
+6 * 3
+3 * 3 0 0 0 0 0 0 0 0 3
+6 +1 3
+5 * 3
fe=(310)
+3 493 3 3 0 1 0 0 1
+4 * 3 0 0 0 0 0 0 0 0 3 3
fi=(313)
0x1552db 330 1 1 0 1 0 0 1
fe=(310)
+4 559 1 1 0 0 1 0 0 1
+5 * 1 0 0 0 0 0 0 0 0 1
+6 +14 1 1
+4 * 1 0 0 0 0 0 0 0 0 1
+6 * 1 1
+3 * 1
+2 * 1 0 0 0 0 0 0 0 0 1 1
+32 +16 1 0 0 1 0 0 1
+2 * 1 0 0 0 0 0 0 0 0 1 1
+12 +2 1 0 1
fi=(313)
+4 338 1
fe=(310)
+4 591 1 1
+4 * 1 0 1
+4 * 1 1
fi=(313)
+4 269 1 1 0 1 0 0 1
+7 * 1 0 0 0 0 0 0 0 0 1
fe=(310)
+6 592 1 1
+4 * 1 1
+9 * 1 0 0 0 0 0 0 0 0 1
+6 * 1
+7 * 1
+3 * 1
+3 * 1 1
+1 * 1 1
+2 * 1 1
+2 * 1 1
+2 * 1 1
+2 * 1 1
+1 * 1 1
0x1553da -19 1 0 0 1 0 0 1
+3 * 1 0 0 0 0 0 0 0 0 1
+6 +5 1 1
+4 * 1 0 0 0 0 0 0 0 0 1 1
0x155468 474 1 0 0 1 0 0 1
+3 +60 1
+2 * 1
0x155610 +53 1 0 0 1 0 0 1
+3 * 1
+2 * 1 1
+4 * 1
+4 * 1 1
+7 * 1 0 1
+3 * 1
+33 406 1 0 1 1 0 0 1
+4 * 1

fn=(1200)
0x149e10 57 98177 0 98177 258 0 0 1
+1 * 98177
+3 * 98177
+4 * 98177 0 98177
+4 * 98177
+3 +2 98177 98177 0 0 6
+7 -2 98177 0 98177
+4 * 98177 0 98177
+4 +2 98177 98177 98177 0 0 0 0 0 0 0 0 98177 1
cfi=(215)
cfn=(768)
calls=98177 0xcdbe0 507 
* * 589062 196354 0 0 0 0 0 0 0 98177 5
+6 * 98177
+3 +1 98177 98177
+4 +1 98177 98177
+4 * 98177 0 0 223 0 0 1
+4 * 98177 98177 0 0 6
+4 * 98177
+3 * 98177 0 0 0 0 0 0 0 0 98177 3
+2 +16 98177 98177
+4 * 98177 98177
+4 * 98177 98177
+4 * 98177 98177
+1 * 98177 98177

fl=(260)
fn=(920)
0xb26a0 128 1
+4 * 1 0 1
+1 * 1
+3 -74 1 1 1 0 0 0 0 0 0 0 0 1 1
cfi=(261)
cfn=(922)
calls=1 0xe5820 +35 
* * 3 1 0 1 0 0 1
+6 * 1 1
+7 * 1 0 1
+3 +74 1 1
+1 * 1 1

fl=(230)
fn=(790)
0x11d9e0 44 1 0 0 1 0 0 1
+4 * 1 0 1
fi=(222)
+1 437 1
fe=(230)
+2 44 1
+3 * 1
fi=(222)
+4 437 1
+3 * 1
fe=(230)
+3 44 1 0 1
+4 * 1
fi=(222)
+3 437 1 0 1
fe=(230)
+3 46 1 1 0 1 1 0 1
+7 * 1
+4 * 1 0 1
+3 -1 1 1 1 0 0 0 0 0 0 0 0 1 1
cfi=(215)
cfn=(746)
calls=1 0xcd670 221 
* * 18 6 2 0 0 0 0 0 0 2 0 1
+6 * 1 0 1
+4 +1 1 1 1 0 0 0 0 0 0 0 0 1 1
cfi=(215)
cfn=(742)
calls=1 0xcd6c0 233 
* * 3 1
+6 * 1 0 1
+4 +1 1 1
+4 * 1 1
+1 * 1 1

fn=(830)
0x128450 44 1 0 0 1 0 0 1
+4 * 1 0 1
fi=(222)
+1 437 1
fe=(230)
+2 44 1
+3 * 1
fi=(222)
+4 437 1
+3 * 1
fe=(230)
+3 44 1 0 1
+4 * 1
fi=(222)
+3 437 1 0 1 0 0 1 0 0 1
fe=(230)
+3 46 1 1
+7 * 1
+4 * 1 0 1
+3 -1 1 1 1 1 0 0 1 0 0 0 0 1 1
cfi=(215)
cfn=(746)
calls=1 0xcd670 221 
* * 18 6 2 0 0 0 0 0 0 2 0 1
+6 * 1 0 1
+4 +1 1 1 1 0 0 0 0 0 0 0 0 1 1
cfi=(215)
cfn=(742)
calls=1 0xcd6c0 233 
* * 3 1
+6 * 1 0 1
+4 +1 1 1
+4 * 1 1
+1 * 1 1

fn=(846)
0x146ea0 44 1 0 0 1 0 0 1
+4 * 1 0 1
fi=(222)
+1 437 1
fe=(230)
+2 44 1
+3 * 1
fi=(222)
+4 437 1
+3 * 1
fe=(230)
+3 44 1 0 1
+4 * 1
fi=(222)
+3 437 1 0 1 0 0 1 0 0 1
fe=(230)
+3 46 1 1 0 1 0 0 1
+7 * 1
+4 * 1 0 1
+3 -1 1 1 1 0 0 0 0 0 0 0 0 1 1
cfi=(215)
cfn=(746)
calls=1 0xcd670 221 
* * 18 6 2 0 0 0 0 0 0 2 1 1
+6 * 1 0 1
+4 +1 1 1 1 0 0 0 0 0 0 0 0 1 1
cfi=(215)
cfn=(742)
calls=1 0xcd6c0 233 
* * 3 1
+6 * 1 0 1
+4 +1 1 1
+4 * 1 1
+1 * 1 1

fn=(854)
0x1770a0 44 1 0 0 1 0 0 1
+4 * 1 0 1
fi=(222)
+1 437 1
fe=(230)
+2 44 1
+3 * 1
fi=(222)
+4 437 1
+3 * 1
fe=(230)
+3 44 1 0 1
+4 * 1
fi=(222)
+3 437 1 0 1
fe=(230)
+3 46 1 1 0 1 0 0 1
+7 * 1
+4 * 1 0 1
+3 -1 1 1 1 0 0 0 0 0 0 0 0 1
cfi=(215)
cfn=(746)
calls=1 0xcd670 221 
* * 18 6 2 0 0 0 0 0 0 2 1 1
+6 * 1 0 1
+4 +1 1 1 1 0 0 0 0 0 0 0 0 1
cfi=(215)
cfn=(742)
calls=1 0xcd6c0 233 
* * 3 1
+6 * 1 0 1
+4 +1 1 1
+4 * 1 1
+1 * 1 1

fl=(359)
fn=(1810)
0xce4d0 64 32640 0 0 1 0 0 1
+4 * 32640
+3 * 32640
+2 +2 32640
fi=(249)
+4 695 32640 32640
fe=(359)
+3 66 32640 0 32640
+3 +2 32640
+3 * 32640 0 0 0 0 0 0 0 0 32640 2
+10 +2 32640
+3 * 32640 0 0 0 0 0 0 0 0 32640 1
fi=(249)
+9 +17 32640
+2 * 32640 0 0 1 0 0 1
+5 * 32640
fe=(359)
+6 -10 32640
+6 * 32640 0 0 0 0 0 0 0 0 32640
+2 +4 32640
+5 * 32640 0 32640
+3 +4 32640
+3 * 32640 0 0 0 0 0 0 0 0 32640 2
+15 +9 32640
+3 * 32640
+2 * 32640
+3 -1 32640
+6 * 32640 0 0 0 0 0 0 0 0 32640 2
+23 -11 32640 0 0 1 0 0 1
+4 +9 32640
+3 * 32640 0 0 0 0 0 0 0 0 32640 2
+65 +9 32640 0 0 1 0 0 1
+3 * 32640
+4 * 32640 0 32640
+2 +1 32640 0 32640
+3 +1 32640 32640

fl=(375)
fn=(1888)
0x15bdf0 71 32640 0 0 1 0 0 1
+4 * 32640 0 32640
+1 * 32640
+3 * 32640 0 32640
+1 * 32640
+3 * 32640
+4 +1 32640 32640 0 1 0 0 1
+3 * 32640 32640
+4 * 32640 32640
fi=(247)
+8 -20 32640
+3 * 32640 0 0 0 0 0 0 0 0 32640
fi=(224)
+2 884 32640 32640
+4 * 32640 0 0 0 0 0 0 0 0 32640
+2 +1 32640 32640
fe=(375)
+4 72 32640
+3 * 32640 32640 32640 0 1 0 0 0 0 0 0 32640 1
cfi=(358)
cfn=(1892) std::ostream::put(char)
calls=32640 0x15b450 +85 
* * 1697280 750720 326400 3 0 0 3 0 0 195840 5 32640 1
+6 * 32640 32640
+4 * 32640 32640
+1 +22 32640
+3 * 32640 32640 0 0 1 0 0 0 0 0 0 32640 1
cfi=(358)
cfn=(1896)
calls=32640 0x15aee0 225 
* * 7703040 2872320 1436160 17 6 0 13 0 0 816000 14 293760 8

fl=(262)
fn=(924)
0xb26c0 456 1 0 0 1 0 0 1
+4 * 1 0 1
fi=(409)
+1 134 1
fe=(262)
+4 +61 1
+7 456 1
+3 * 1
+4 * 1 0 1
+4 * 1 1
+9 * 1 0 1
+4 * 1
fi=(409)
+2 134 1 0 1 0 0 1
+7 * 1 0 1
+11 * 1 0 1 1 0 0 1
+11 * 1 0 1
fe=(262)
+11 +53 1 0 1
fi=(409)
+11 -53 1 0 1
fe=(262)
+7 +61 1 1 1 0 1 0 0 0 0 0 0 1 1
cob=(2)
cfi=(263)
cfn=(926)
calls=1 0x44750 28 
* * 483 192 8 8 34 0 8 1 0 124 12 2 2
+6 +7 1 0 1
+8 -7 1
+3 +7 1
+7 * 1 0 1 1 0 0 1
+8 * 1 0 1
fi=(410) /usr/src/debug/gcc/gcc-build/x86_64-pc-linux-gnu/libstdc++-v3/include/string_view
+4 -52 1
+7 -1 1 0 1
+8 +1 1 0 1
fi=(411) /usr/src/debug/gcc/gcc-build/x86_64-pc-linux-gnu/libstdc++-v3/include/bits/stl_pair.h
+4 467 1 0 1
fe=(262)
+7 203 1
+3 * 1 0 0 0 0 0 0 0 0 1 1
fi=(266)
0xb2828 +34 1 1 0 1 0 0 1
+4 * 1
fe=(262)
+5 -47 1
fi=(266)
+5 +47 1
+2 * 1
fe=(262)
+4 -9 1 1
+4 -38 1 0 0 1 0 0 1
+2 * 1
+4 -52 1
+4 * 1
+4 +95 1
+4 -1 1 0 1
+7 +1 1
+3 * 1 0 0 0 0 0 0 0 0 1 1
+2 456 1 1
+4 * 1 1
+9 * 1 0 0 0 0 0 0 0 0 1
+6 * 1 1
+4 * 1 1
+1 * 1 1
+1 235 1
+3 * 1 1 1 0 1 0 0 0 0 0 0 1 1
cob=(2)
cfi=(195)
cfn=(936)
calls=1 0xa8b30 3283 
* * 369 72 45 49 2 2 49 2 2 57 26
+6 * 1 0 1 1 0 0 1
+7 +1 1
+3 * 1 0 0 0 0 0 0 0 0 1
+2 +12 1
+2 -3 1 0 1
+7 +2 1 0 1
+3 +1 1 0 1
+4 456 1

fl=(358)
fn=(2024)
0x15e820 225 3 0 0 1 0 0 1
+4 * 3 0 3
+1 * 3
+3 * 3
+4 +8 3 3 0 0 3
+3 -8 3 0 3
fi=(247)
+4 339 3 3 0 0 1
fe=(358)
+4 225 3 3
+9 * 3 0 3 1 0 0 1
+4 * 3
+3 +8 3 3 0 0 3
+9 * 3 0 0 0 0 0 0 0 0 3
+6 +2 3
+3 * 3
+4 * 3 3 3 0 0 0 0 0 0 0 0 3 1
cfn=(2026) std::basic_ostream<wchar_t, std::char_traits<wchar_t> >::sentry::sentry(std::basic_ostream<wchar_t, std::char_traits<wchar_t> >&)
calls=3 0x15ea80 50 
* * 188 74 33 2 1 0 2 0 0 25 6 5 1
+6 +1 3 3
+4 * 3 0 0 0 0 0 0 0 0 3
+2 +5 3 3
fi=(247)
+3 +98 3 3
+4 * 3 3
fi=(246)
+8 -59 3 3 0 0 2
+3 * 3 3 3 0 1 0 0 0 0 0 0 3 1
cfi=(387)
cfn=(2028)
calls=3 0x12c580 -87 
* * 216 78 33 1 2 0 1 0 0 33 4 6 1
fe=(358)
+3 -39 3 0 0 1 0 0 1
+3 * 3 0 0 0 0 0 0 0 0 3 1
+6 * 3 0 3
fi=(253)
+4 577 3 3
+4 * 3 3
+4 * 3 3
+4 * 3
+3 +1 3 3
+4 * 3 0 0 0 0 0 0 0 0 3 3
+6 -1 1 1
+3 * 1
+2 * 1 0 0 0 0 0 0 0 0 1
+2 +1 1 0 1
+4 * 1 1 1 0 0 0 0 0 0 0 0 1 1
cfi=(389) /usr/src/debug/gcc/gcc/libstdc++-v3/libsupc++/eh_catch.cc
cfn=(2016) std::uncaught_exception()
calls=1 0xb5560 138 
* * 29 14 4 0 0 0 0 0 0 2 0 2
+6 * 1
+2 * 1 0 0 0 0 0 0 0 0 1
+2 -63 1 1
+4 * 1 0 1 1 0 0 1
fi=(247)
+4 339 1 1
fi=(253)
+7 515 1 1
+4 +1 1 0 1
+7 +69 1
+3 * 1 0 0 0 0 0 0 0 0 1
fi=(246)
+2 280 1 1
+3 * 1 1 1 0 0 0 0 0 0 0 0 1 1
cfi=(387)
cfn=(2028)
calls=1 0x12c580 -87 
* * 72 26 11 0 0 0 0 0 0 11 1 2
fi=(253)
+3 585 1
+3 * 1 0 0 0 0 0 0 0 0 1
+2 -66 1 1
+4 * 1 1
+4 * 1
+3 * 1 0 1
+4 * 1 1
+4 * 1 1
+4 * 1
fe=(358)
+6 256 1 1
+4 * 1 1
+9 * 1 0 0 0 0 0 0 0 0 1
-13 * 2 2
+4 * 2 2
+9 * 2 0 0 0 0 0 0 0 0 2
+6 * 3
+3 * 3 3
+4 * 3 3
+1 * 3 3
+5 * 2 2 0 1 0 0 1
+4 * 2

fn=(2025) std::basic_ostream<wchar_t, std::char_traits<wchar_t> >::flush()'2
0x15e820 225 1
+4 * 1 0 1
+1 * 1
+3 * 1
+4 +8 1 1
+3 -8 1 0 1
fi=(247)
+4 339 1 1
fe=(358)
+4 225 1 1
+9 * 1 0 1
+4 * 1
+3 +8 1 1
+9 * 1 0 0 0 0 0 0 0 0 1
+6 +2 1
+3 * 1
+4 * 1 1 1 0 0 0 0 0 0 0 0 1
cfn=(2027) std::basic_ostream<wchar_t, std::char_traits<wchar_t> >::sentry::sentry(std::basic_ostream<wchar_t, std::char_traits<wchar_t> >&)'2
calls=1 0x15ea80 50 
* * 15 5 3 0 0 0 0 0 0 2 1
+6 +1 1 1
+4 * 1 0 0 0 0 0 0 0 0 1
+2 +5 1 1
fi=(247)
+3 +98 1 1
+4 * 1 1
fi=(246)
+8 -59 1 1
+3 * 1 1 1 0 0 0 0 0 0 0 0 1
cfi=(387)
cfn=(2028)
calls=1 0x12c580 -87 
* * 72 26 11 0 0 0 0 0 0 11 0 2
fe=(358)
+3 -39 1
+3 * 1 0 0 0 0 0 0 0 0 1 1
+6 * 1 0 1
fi=(253)
+4 577 1 1
+4 * 1 1
+4 * 1 1
+4 * 1
+3 +1 1 1
+4 * 1 0 0 0 0 0 0 0 0 1 1
fe=(358)
+98 256 1 1
+4 * 1 1
+9 * 1 0 0 0 0 0 0 0 0 1
+6 * 1
+3 * 1 1
+4 * 1 1
+1 * 1 1
+5 * 1 1
+4 * 1

fn=(2026)
0x15ea80 50 3 0 0 1 0 0 1
+4 +5 3 3
+3 -3 3 0 3
+3 -2 3
+3 +2 3 0 3
+4 +3 3 3
+4 * 3
fi=(247)
+3 312 3 3
+7 148 3 3 0 0 1
fe=(358)
+3 -93 3
+3 * 3 0 0 0 0 0 0 0 0 3 2
+2 * 1
+2 * 1 0 0 0 0 0 0 0 0 1 1
+7 -5 1 0 1
+1 +6 1
+3 -6 1
+3 * 1
+4 * 1 0 1
+4 * 1 0 1
+4 +6 1 1 1 0 0 0 0 0 0 0 0 1 1
cfn=(2025)
calls=1 0x15e820 225 
* * 127 52 20 0 0 0 0 0 0 18 3 4
+6 +2 1 1
+4 * 1 1
+4 * 1 1
+3 * 1 1
fi=(247)
+4 +90 1 1
fe=(358)
+3 -90 1
+3 * 1
+2 * 1 0 0 0 0 0 0 0 0 1
+2 +1 1 0 1
+3 +3 1 1
+1 * 1 1
+10 -4 2 0 0 1 0 0 1
+2 * 2 0 0 0 0 0 0 0 0 2
+2 +1 2 0 2
+3 * 2 2

fn=(2027)
0x15ea80 50 1
+4 +5 1 1
+3 -3 1 0 1
+3 -2 1
+3 +2 1 0 1
+4 +3 1 1
+4 * 1
fi=(247)
+3 312 1 1
+7 148 1 1
fe=(358)
+3 -93 1
+3 * 1 0 0 0 0 0 0 0 0 1 1
+75 +3 1
+2 * 1 0 0 0 0 0 0 0 0 1
+2 +1 1 0 1
+3 * 1 1

fn=(1892)
0x15b450 157 32640 0 0 1 0 0 1
+4 * 32640 0 32640
+1 * 32640
+3 * 32640
+4 * 32640 0 32640
+4 * 32640
+3 * 32640 0 32640
+4 * 32640
+3 +9 32640 32640
+9 * 32640 0 32640
+4 * 32640
+3 * 32640
+4 * 32640 32640 32640 1 0 0 1 0 0 0 0 32640 1
cfn=(1800) std::ostream::sentry::sentry(std::ostream&)
calls=32640 0x15b140 50 
* * 489600 163200 97920 0 0 0 0 0 0 65280 3
+6 +1 32640 32640
+4 * 32640 0 0 0 0 0 0 0 0 32640
+2 +5 32640 32640
fi=(247)
+3 339 32640 32640
+4 * 32640 32640
fi=(246)
+8 546 32640 32640
+4 436 32640 32640
+4 * 32640 0 0 0 0 0 0 0 0 32640
+6 +2 32640 0 32640
+3 559 32640 0 32640
fi=(253)
+5 +18 32640 32640
+4 * 32640 32640
+4 * 32640 32640
+4 * 32640
+3 +1 32640 32640 0 1 0 0 1
+4 * 32640 0 0 0 0 0 0 0 0 32640 2
fe=(358)
+9 187 32640 32640
+4 * 32640 32640
+9 * 32640 0 0 0 0 0 0 0 0 32640
+6 * 32640
+3 * 32640 32640
+4 * 32640 32640
+4 * 32640 32640
+1 * 32640 32640

fn=(1800)
0x15b140 50 97923 0 0 1 0 0 1
+4 +5 97923 97923
+3 -3 97923 0 97923
+3 -2 97923
+3 +2 97923 0 97923
+4 +3 97923 97923
+4 * 97923
fi=(247)
+3 312 97923 97923
+7 148 97923 97923
fe=(358)
+3 -93 97923
+3 * 97923 0 0 0 0 0 0 0 0 97923 10
+2 * 1
+2 * 1 0 0 0 0 0 0 0 0 1 1
+7 -5 1 0 1
+1 +6 1
+3 -6 1
+3 * 1
+4 * 1 0 1
+4 * 1 0 1
+4 +6 1 1 1 0 0 0 0 0 0 0 0 1 1
cfn=(1897) std::ostream::flush()'2
calls=1 0x15aee0 225 
* * 127 52 20 0 0 0 0 0 0 18 5 4
+6 +2 1 1
+4 * 1 1
+4 * 1 1
+3 * 1 1
fi=(247)
+4 +90 1 1
fe=(358)
+3 -90 1
+3 * 1
+2 * 1 0 0 0 0 0 0 0 0 1
+2 +1 1 0 1
+3 +3 1 1
+1 * 1 1
+10 -4 97922 0 0 1 0 0 1
+2 * 97922 0 0 0 0 0 0 0 0 97922

ob=(2)
fl=(302)
fn=(1140)
0x174183 67 2 2 0 0 1 0 0 1
+4 +1 2
+4 +1 2
+4 +1 2
+4 +1 2
+4 +1 2
+2 +1 2 0 0 0 0 0 0 0 0 2
+6 +1 2
+4 +3 2 2
+4 +8 2 0 0 0 0 0 0 0 0 2 2
+9 +8 2
+2 +1 2
+3 * 2 2

fl=(269)
fn=(948)
0x111df0 36 14 0 0 6 0 0 1
fi=(412) /usr/src/debug/glibc/glibc/misc/../sysdeps/unix/sysv/linux/brk_call.h
+4 -12 14
+5 * 14
fe=(269)
+2 +13 14 14 0 6 0 0 1
+7 * 14 0 14
+3 +1 14
+3 * 14 0 0 0 0 0 0 0 0 14
+2 +6 14
+2 +1 14 14

fl=(347)
fn=(1586)
0x813f0 34 2 0 0 2 0 0 1
+4 * 2 0 2
+1 * 2
+3 * 2 0 2
+2 * 2 0 2
+2 * 2 0 2
+1 * 2
+3 * 2 0 0 2 0 0 1
+4 +14 2 2
+3 * 2
+7 * 2 0 0 0 0 0 0 0 0 2 2
+30 +9 2 2
fi=(349)
+7 1037 2
+7 * 2
+3 * 2
+3 +1 2 0 0 2 0 0 1
+7 * 2 0 0 0 0 0 0 0 0 2
fe=(347)
+6 57 2
+2 * 2
+3 * 2 2 2 0 2 0 0 0 0 0 0 2 1
cfi=(296)
cfn=(1604)
calls=2 0x8e930 202 
* * 50 16 4 7 0 0 4 0 0 10 10
+4 +1 2 2
+7 * 2
+3 * 2 0 0 0 0 0 0 0 0 2 2
fi=(349)
+69 963 2 2 0 2 0 0 1
+7 * 2
+3 * 2 2 0 0 2
+7 * 2
+3 +1 2
+2 * 2 0 0 0 0 0 0 0 0 2
+2 * 2 2 0 0 2
+7 * 2 0 0 0 0 0 0 0 0 2
+2 +6 2
+3 * 2 2 2 0 2 0 0 0 0 0 0 2 1
cfi=(195)
cfn=(1402)
calls=2 0xa9080 3319 
* * 66 18 8 1 5 0 0 0 0 12 1
fe=(347)
+6 76 2
+4 * 2
+3 * 2 2
+1 * 2 2
+2 * 2 2
+2 * 2 2
+1 * 2 2
+4 -27 2 0 2 2 0 0 1
cfi=(295)
cfn=(1588)
calls=2 0x910c0 +18 
* * 202 66 48 25 10 2 11 0 0 30 14
+5 +2 2 2
+3 * 2
+7 * 2 0 0 0 0 0 0 0 0 2
+6 * 2 2
+7 * 2 2 0 2 0 0 1
+7 * 2 2
+9 * 2 2
+4 * 2 0 0 0 0 0 0 0 0 2 2
+46 +1 2 0 0 2 0 0 1
+7 * 2 0 0 0 0 0 0 0 0 2
fi=(349)
+25 991 2
+2 * 2 0 0 0 0 0 0 0 0 2
+6 +1 2 2
+7 * 2 2
+7 * 2 2
+3 * 2 0 0 0 0 0 0 0 0 2
+2 * 2
+2 * 2 0 0 0 0 0 0 0 0 2 1
+2 * 2 0 2
+8 * 2 2
+7 * 2 0 2
+6 * 2
fe=(347)
+14 51 2 0 0 2 0 0 1
+3 * 2 0 0 0 0 0 0 0 0 2
+6 * 2 0 2
+6 * 2 0 2
+4 +1 2 2
+3 -1 2
+26 +20 2 2
+5 * 2 0 0 0 0 0 0 0 0 2 2
+40 -18 2 0 0 2 0 0 1
+3 * 2 0 2 2 0 0 1
cfi=(296)
cfn=(1592)
calls=2 0x8e6a0 +76 
* * 210 50 36 23 4 0 12 0 0 28 13 2 1
+5 * 2
fi=(349)
+3 991 2 2
+2 * 2
+5 * 2
fe=(347)

fl=(327) /usr/src/debug/glibc/glibc/stdlib/strtod_l.c
fn=(1382) round_and_return
0x49c80 215 65510 0 65510 1 0 0 1
+1 * 65510
+3 * 65510 0 65510
+2 * 65510 0 65510
+2 * 65510
+3 * 65510 0 65510
+2 * 65510 0 65510
+2 * 65510
+3 * 65510 0 65510
+1 * 65510
+3 * 65510
+4 * 65510 65510
+9 * 65510 0 65510
+4 * 65510
fi=(332) /usr/src/debug/glibc/glibc/stdlib/../sysdeps/generic/get-rounding-mode.h
+3 94 65510 0 65510
+3 +1 65510 65510
+4 +19 65510
+6 * 65510
+4 -19 65510
+4 * 65510 0 0 1 0 0 1 0 0 65510
+2 +14 65510
+6 -14 65510
+4 * 65510 0 0 0 0 0 0 0 0 65510
+2 * 65510
+3 * 65510
+4 * 65510
+4 * 65510
fe=(327)
+4 218 65510
+7 * 65510 0 0 0 0 0 0 0 0 65510 4
0x49dd8 +97 65510 0 0 5 0 0 1
+7 * 65510 0 0 0 0 0 0 0 0 65510
+6 * 65510
+3 +3 65510
+3 * 65510
+3 -93 65510
+3 * 65510
+3 +93 65510
+3 * 65510
+3 * 65510
+4 +3 65510 0 0 257 0 0 1
+3 * 65510 0 0 0 0 0 0 0 0 65510 471
+6 * 501
+7 * 501
+2 * 501
+3 * 501
+3 * 501
+3 +2 501 501
+3 -2 501
+3 +1 501
+4 * 501
+3 * 501
+3 -1 501
+4 +1 501
+3 * 501
+3 * 501
+3 * 501
+3 * 501 0 501
cfi=(333)
cfn=(1386)
calls=501 0x49c40 46 
* * 6513 501 0 0 0 0 0 0 0 1002
+5 * 501
+2 * 501 0 0 3 0 0 0 0 0 501
+6 +35 33208 0 0 116 0 0 1
+2 -5 33208
+3 * 33208 0 0 0 0 0 0 0 0 33208 2
+6 * 501
+3 * 501 0 0 0 0 0 0 0 0 501
+6 +5 65510 65510 0 115
+4 * 65510 65510
+9 * 65510 0 0 0 0 0 0 0 0 65510
+6 +1 65510
+4 -1 65510
+3 * 65510
+3 +1 65510 65510
+1 * 65510 65510
+2 * 65510 65510
+2 * 65510 65510
+2 * 65510 65510
+2 * 65510 65510 0 10 0 0 1
+1 -1 65510
cfi=(335)
cfn=(1390)
calls=65510 0x56ae0 29 
* * 1048160 131020 0 2 0 0 2
+63 -34 65009 65009 0 10 0 0 1
+3 -1 65009
+4 * 65009
+3 * 65009
+5 * 65009
+3 * 65009
+3 * 65009
+3 * 65009 0 65009
cfi=(333)
cfn=(1386)
calls=65009 0x49c40 46 
* * 845117 65009 0 1 0 0 1 0 0 130018
+5 +35 65009
+2 -35 65009
+3 * 65009
+2 * 65009 0 0 0 0 0 0 0 0 65009 32469
fi=(334) /usr/src/debug/glibc/glibc/stdlib/../stdlib/gmp.h
+6 453 32707
fe=(327)
+4 330 32707
fi=(334)
+5 454 32707 0 32707
fe=(327)
+3 330 32707 0 0 0 0 0 0 0 0 32707
+2 +10 32707
+7 * 32707 0 0 1 0 0 1 0 0 32707 2
0x49f88 +14 65009 65009 0 1 6 0 1 1
+8 * 65009 65009 0 0 6 0 0 1
+8 +1 65009

fn=(1366) ____strtod_l_internal
0x4a380 510 65536 0 0 1 0 0 1
+4 * 65536 0 65536
+1 * 65536
+3 * 65536 0 65536
+2 * 65536 0 65536
+2 * 65536 0 65536
+2 * 65536
+3 * 65536 0 65536
+2 * 65536 0 65536
+1 * 65536
+7 * 65536 0 65536 0 0 5
+7 +53 65536 65536 0 0 5
+4 -53 65536 0 65536
+7 * 65536 65536
+9 * 65536 0 65536
+4 * 65536
+2 +55 65536
+2 * 65536 0 0 1 0 0 1 0 0 65536
+6 +24 65536 0 65536
+11 -34 65536
+3 +42 65536 65536 0 0 5
+4 +1 65536
+3 * 65536 0 65536 0 0 10
cob=(4)
cfi=(198)
cfn=(812)
calls=65536 0x4ccf250 0 
* * 1048576 196608 0 1 11 0 0 1 0 131072 0 65536 1
+5 * 65536 0 65536
+7 +1 65536
+3 * 65536 0 0 0 0 0 0 0 0 65536
+6 +10 65536 65536
+7 +4 65536 65536 0 0 6
+4 -10 65536 0 65536 1 0 4 1
+11 +6 65536
+4 * 65536
+2 * 65536
+11 * 65536
+11 +3 65536
+3 * 65536 65536
+5 * 65536
+4 * 65536
+3 +1 65536 65536
+5 * 65536 0 0 0 0 0 0 0 0 65536
+2 +3 65536
+2 * 65536 0 0 0 0 0 0 0 0 65536
+6 -12 65536 0 65536 1 0 0 1
+10 +17 65536
+2 * 65536 0 0 0 0 0 0 0 0 65536
+6 +13 65536 65536
+5 * 65536
+2 * 65536 0 0 0 0 0 0 0 0 65536
+6 * 65536
+2 * 65536
+2 * 65536
+48 +1 65536 65536 0 1 0 0 1
+4 * 65536 0 0 0 0 0 0 0 0 65536
+2 +8 65536
+4 * 65536
+3 * 65536 0 0 0 0 0 0 0 0 65536
+6 +48 65536
+4 * 65536 0 0 0 0 0 0 0 0 65536 39
+6 +19 37
+3 * 37 0 0 0 0 0 0 0 0 37
+6 +24 37 37
+4 * 37
+3 516 37
+6 752 37
+3 * 37
+3 +25 37
+4 * 37
+3 * 37 0 0 0 0 0 0 0 0 37 1
-13 -25 65499 0 0 4 0 0 1
+3 * 65499
+3 +25 65499
+4 * 65499
+3 * 65499 0 0 0 0 0 0 0 0 65499
-7 * 37
+4 * 37
+3 * 37 0 0 0 0 0 0 0 0 37
+6 +1 65536
+4 * 65536 0 0 0 0 0 0 0 0 65536
+6 +12 65536
+3 * 65536 0 0 0 0 0 0 0 0 65536
+6 +16 65536 65536
+8 * 65536 0 0 0 0 0 0 0 0 65536 4
+11 +42 65536 0 0 9 0 0 1
+4 * 65536
+3 +9 65536
+2 * 65536 0 0 0 0 0 0 0 0 65536
+6 * 65536
+2 * 65536
+18 * 65536
+4 * 65536 65536
+5 * 65536
+2 * 65536 0 0 0 0 0 0 0 0 65536 2
+6 +1 65536 65536
+3 * 65536 0 0 0 0 0 0 0 0 65536 4
0x4a609 687 26
+4 1769 26 26
+4 * 26 26
+9 * 26 0 0 0 0 0 0 0 0 26
-13 * 65510 65510 0 1 0 0 1
+4 * 65510 65510
+9 * 65510 0 0 0 0 0 0 0 0 65510
+6 * 65536
+4 * 65536 65536
+1 * 65536 65536
+2 * 65536 65536
+2 * 65536 65536
+2 * 65536 65536
+2 * 65536 65536
+1 * 65536 65536
+66 803 37 37 0 1 0 0 1
+5 -22 37
+4 +22 37
+4 -26 37 0 0 1 0 0 1
+95 -36 65499 0 0 1 0 0 1
+2 * 65499
+2 * 65499
+32 * 65499
+4 * 65499 65499
+5 * 65499
+2 * 65499 0 0 0 0 0 0 0 0 65499 2
+6 +1 65499 65499 0 1 0 0 1
+3 * 65499 0 0 0 0 0 0 0 0 65499 2
+60 864 65536 65536 0 1 0 0 1
+7 +1 65536
+3 +1 65536
+2 -1 65536 65536
+4 +1 65536
+3 * 65536
+29 +4 196608
+4 * 196608 0 0 0 0 0 0 0 0 196608 21706
+2 +1 176895
+4 * 176895
+4 +2 176895 176895
+5 * 176895
+4 * 176895
+4 -7 176895
+4 * 176895
+4 +1 176895
+3 * 176895 0 0 0 0 0 0 0 0 176895 6
-24 +6 19713 19713
+5 * 19713
+4 * 19713
+4 -7 19713
+4 * 19713
+4 +1 19713
+3 * 19713 0 0 0 0 0 0 0 0 19713 6
-11 -1 65536 0 0 1 0 0 1
+4 * 65536
+4 +1 65536
+3 * 65536 0 0 0 0 0 0 0 0 65536 2
+2 * 65536
+4 * 65536 0 0 0 0 0 0 0 0 65536
+2 +9 65536
+3 * 65536 0 0 0 0 0 0 0 0 65536
+6 +6 65536 65536
+4 +1 65536 0 65536 1 0 0 1
+7 -1 65536 65536 0 0 6 0 0 1
+5 +2 65536
+4 * 65536 0 0 0 0 0 0 0 0 65536
+2 * 65536
+3 * 65536 0 0 0 0 0 0 0 0 65536
+6 * 65536
+10 * 65536
+3 1015 65536
+3 * 65536 0 0 0 0 0 0 0 0 65536
+2 +2 65536 65536
+4 * 65536 0 0 0 0 0 0 0 0 65536 366
+2 879 6607
+3 * 6607
+4 * 6607
+11 1019 6607
+4 -2 6607 6607
+4 * 6607 0 0 0 0 0 0 0 0 6607 714
-8 +2 719
+4 -2 719 719
+4 * 719 0 0 0 0 0 0 0 0 719 67
+2 * 6607
+3 +3 6607
+3 +2 6607
+3 * 6607 0 0 0 0 0 0 0 0 6607 7
+6 * 6607
+3 +3 6607
+3 * 6607 0 0 0 0 0 0 0 0 6607 4
+6 * 63
+3 * 63 0 0 0 0 0 0 0 0 63 29
+6 * 37 37
+7 * 37
+3 * 37 0 0 0 0 0 0 0 0 37
+6 +19 58966 58966 0 1 0 0 1
+7 * 58966
+3 * 58966 0 0 0 0 0 0 0 0 58966
+2 +1 58966 0 58966
+3 +5 58966
+3 * 58966 0 0 0 0 0 0 0 0 58966 6545
-3 * 6544
+3 * 6544 0 0 0 0 0 0 0 0 6544 673
+6 +9 6554 6554
+5 * 6554 6554
+6 * 6554
+19 * 6554 6554
+3 * 6554 0 0 0 0 0 0 0 0 6554
+2 +2 6554
+2 * 6554
+3 * 6554 0 0 0 0 0 0 0 0 6554 4
+52 +9 6554 6554 0 1 0 0 1
+7 * 6554
+3 * 6554
+3 +1 6554
+4 * 6554 0 0 0 0 0 0 0 0 6554
+6 * 6554
+3 * 6554 0 0 0 0 0 0 0 0 6554
+6 +3 6554 6554
+7 * 6554
+10 * 6554
+3 * 6554
+3 * 6554 0 0 0 0 0 0 0 0 6554
+6 +4 6554
+3 +1 6554
+3 +96 6554
+3 * 6554
+3 * 6554
+3 * 6554
+3 * 6554
+3 * 6554
+4 * 6554
+3 * 6554
+3 * 6554
+4 * 6554
+3 * 6554
+4 +4 6554
+3 -1 6554
+4 +1 6554 0 6554
+7 * 6554
+3 +3 6554
+5 * 6554
+3 * 6554
+3 * 6554 0 0 0 0 0 0 0 0 6554
-64 -7 58956 0 0 1 0 0 1
+3 * 58956
+3 * 58956
+3 * 58956 0 0 1 0 0 1
+3 * 58956
+3 * 58956
+4 * 58956
+3 * 58956
+3 * 58956
+4 * 58956
+3 * 58956
+4 +4 58956
+3 -1 58956
+4 +1 58956 0 58956
+7 * 58956
+3 +3 58956
+5 * 58956
+3 * 58956
+3 * 58956 0 0 0 0 0 0 0 0 58956
+6 +12 65510 0 0 1 0 0 1
+7 * 65510 0 0 0 0 0 0 0 0 65510
+6 +3 65510
+3 * 65510 0 0 0 0 0 0 0 0 65510 2
+6 1359 65473
+3 * 65473 0 0 0 0 0 0 0 0 65473
+6 * 65473
+7 * 65473
+6 * 65473 0 0 0 0 0 0 0 0 65473
+6 +18 65473 65473
+3 * 65473 0 0 0 0 0 0 0 0 65473 6554
+6 +3 65473
+10 * 65473 0 0 1 0 0 1
+5 * 65473
+3 * 65473
+4 * 65473
+4 * 65473
+3 * 65473
+3 * 65473
+3 +13 65473
+2 -5 65473
+5 * 65473 0 0 0 0 0 0 0 0 65473 3
+36 +13 65473 0 0 1 0 0 1
+3 * 65473
+2 +3 65473
+3 -3 65473
+3 +3 65473
+3 * 65473
+3 * 65473
+3 * 65473
+2 * 65473
+4 +3 65473
+3 -3 65473
+3 +3 65473
+3 * 65473
+4 * 65473
+4 +12 65473
+7 -12 65473
+4 +5 65473
+3 -5 65473 0 65473 1 0 5 1
+6 +5 65473
+3 * 65473 0 65473
+6 * 65473
+3 +7 65473
+4 * 65473 0 0 0 0 0 0 0 0 65473 6482
+6 * 59522 59522
+7 * 59522
+6 * 59522
+3 * 59522 0 59522
+7 * 59522
+7 * 59522 0 59522
+7 * 59522 0 59522 1 0 0 1
+7 * 59522
+11 +7 59522 59522 0 0 4 0 0 1
+4 -4 59522
+3 +2 59522
+3 * 59522 0 0 0 0 0 0 0 0 59522
-10 +2 64880 64880 0 0 6 0 0 1
+4 -4 64880
+3 +2 64880
+3 * 64880 0 0 0 0 0 0 0 0 64880 6497
+6 +3 65473 65473 0 0 2
+3 -1 65473
+4 +1 65473
+7 * 65473 0 65473
fi=(328) /usr/src/debug/glibc/glibc/stdlib/../string/bits/string_fortified.h
+7 29 65473 65473
fe=(327)
+7 1427 65473 0 0 1 0 0 1
+8 * 65473
fi=(328)
+5 29 65473
+5 * 65473 65473 65473 0 6 0 0 0 0 0 0 65473 1
cfi=(288)
cfn=(1368) __memcpy_chk_avx_unaligned_erms
calls=65473 0x171f90 249 
* * 1309460 196419 130946 2 6 2 1 1 0 261892 8
+6 * 65473 65473
fe=(327)
+7 1445 65473
+3 * 65473 0 0 0 0 0 0 0 0 65473 600
-3 * 5951
+3 * 5951 0 0 0 0 0 0 0 0 5951
+6 -3 64880
+3 +1 64880
+4 -24 64880
+3 * 64880 0 0 0 0 0 0 0 0 64880 13
0x4ab70 1044 6570 6570 0 1 0 0 1
+7 * 6570
+3 * 6570 0 0 0 0 0 0 0 0 6570
+2 +1 6570 0 6570
+3 +2 6570
+3 * 6570 0 0 0 0 0 0 0 0 6570 3
+6 +1 26 26
+7 * 26
+3 * 26 0 0 0 0 0 0 0 0 26 2
+22 691 65499 65499 0 1 0 0 1
+4 * 65499 65499
+5 * 65499
+3 * 65499 65499 0 0 6 0 0 1
+4 * 65499 0 0 0 0 0 0 0 0 65499 2
+6 516 65499 0 0 1 0 0 1
+6 710 65499
+6 * 65499
+3 * 65499 0 0 0 0 0 0 0 0 65499
+6 516 65499
+3 * 65499
+10 712 65499 65499
+5 * 65499
+4 -1 65499
+4 * 65499 0 0 0 0 0 0 0 0 65499
+2 +24 65499
+4 * 65499
+3 * 65499 0 0 0 0 0 0 0 0 65499 1
+6 -1 65499
+4 +2 65499 0 0 1 0 0 1
+4 -2 65499 65499
+3 +2 65499
+3 * 65499
+2 * 65499
+3 * 65499
+3 * 65499 0 0 0 0 0 0 0 0 65499 2
0x4ae30 1074 58956 58956 0 257 0 0 1
+7 +9 58956
+4 * 58956 0 0 256 0 0 1 0 0 58956 7
0x4afe7 741 65499 0 0 1 0 0 1
+2 * 65499 0 0 0 0 0 0 0 0 65499 2
+6 +8 65499
+4 * 65499 0 0 0 0 0 0 0 0 65499 2
0x4b398 1433 58929 58929 0 1 0 0 1
+3 -1 58929
+4 * 58929
+3 * 58929
+7 * 58929 58929
+7 +1 58929 0 58929
+7 -1 58929
+5 * 58929 58929 0 1 0 0 1
+7 * 58929 0 58929
cfi=(329)
cfn=(1374)
calls=58929 0x55680 48 
* * 3653598 883935 707148 6 0 12 6 0 0 530361 6
+5 +4 58929 58929
+7 * 58929 58929
+4 * 58929
+5 +1 58929
+3 * 58929 0 0 0 0 0 0 0 0 58929
+6 +1 58929 58929
+7 +1 58929 58929
+7 -1 58929
+4 +1 58929 0 58929
+7 * 58929 0 58929 1 0 0 1
+7 +6 58929
+3 * 58929 0 0 0 0 0 0 0 0 58929
+6 +2 65473 65473
+7 * 65473 65473
+7 * 65473 0 0 0 0 0 0 0 0 65473 2
+6 381 65473 65473
+6 -1 65473 0 65473
+11 +1 65473
+2 * 65473 0 0 0 0 0 0 0 0 65473
+6 +3 65473
+4 * 65473 65473 0 1 0 0 1
+7 * 65473 65473
+7 * 65473
+7 * 65473 0 65473
+2 * 65473
+7 * 65473
+3 * 65473 0 65473 0 0 2
cfn=(1378) str_to_mpn.part.0.constprop.0
calls=65473 0x4a0d0 -17 
* * 5026179 1026749 589257 15 6 3 5 1 0 736327 60766
+5 1468 65473
+5 +8 65473 65473
+7 -8 65473 0 65473
+7 * 65473 65473
+8 * 65473 65473
+1 * 65473 65473
+1 * 65473 0 0 1 0 0 1
+3 * 65473 0 0 0 0 0 0 0 0 65473
+6 * 65473
+4 * 65473
+4 +3 65473
+2 * 65473 0 0 0 0 0 0 0 0 65473
+2 +4 65473 65473
+7 * 65473
+2 * 65473
+3 * 65473
+3 * 65473 0 65473
cfi=(331)
cfn=(1380)
calls=65473 0x55500 28 
* * 1047568 130946 65473 10 0 0 2 0 0 196419 5
+5 +1 65473 65473
+7 * 65473
+2 * 65473
+3 * 65473
+3 * 65473 0 65473
cfi=(331)
cfn=(1380)
calls=65473 0x55500 28 
* * 1047568 130946 65473 0 0 0 0 0 0 196419 5
+5 +1 65473
+3 * 65473 0 0 0 0 0 0 0 0 65473 2
+14 +11 65473 65473 0 4 0 0 1
+6 * 65473 0 65473
+7 * 65473 0 65473
+7 +2 65473
+4 * 65473 0 0 0 0 0 0 0 0 65473 2
0x4b953 -71 5951 5951 0 1 0 0 1
+7 * 5951
+6 * 5951
+3 * 5951 0 5951
+7 * 5951
+7 * 5951 0 5951
+7 * 5951 0 5951
+7 * 5951 0 0 1 0 0 1
+48 380 37 0 37
+11 1200 37
+3 381 37
+3 * 37 0 0 1 0 0 1 0 0 37
+6 * 37
+4 * 37
+7 * 37 0 37
+7 +3 37 37
+7 * 37 0 37
+7 * 37
+3 * 37
+3 * 37
+7 * 37 0 37
+2 * 37
+7 * 37 0 37 1 0 0 1
cfn=(1378)
calls=37 0x4a0d0 -17 
* * 1850 481 333 0 0 0 0 0 0 185 8
+5 1206 37 37
+7 * 37 37
+2 +20 37 37
+7 -20 37 37
+7 * 37
+3 * 37
+3 * 37 37
+2 * 37 0 0 0 0 0 0 0 0 37 2
0x4bbb6 +44 37 0 0 1 0 0 1
+4 * 37
+5 * 37 37 0 1 0 0 1
+8 * 37
+3 * 37 0 0 0 0 0 0 0 0 37 20
+2 * 37
+4 * 37
+3 +1 37
+3 * 37
+3 * 37
+2 * 37 0 37
+6 +4 37
+6 * 37 0 0 0 0 0 0 0 0 37
+6 +6 37 37
+7 * 37 0 0 0 0 0 0 0 0 37
+6 +32 37
+3 * 37 0 0 1 0 0 1 0 0 37
+6 +3 37 37
+6 * 37
+3 * 37
+2 * 37
+3 * 37
+3 * 37
+3 * 37
+3 * 37
+2 +4 37
+5 * 37
+3 * 37
+4 +8 37
+8 -10 37
+3 * 37 0 0 0 0 0 0 0 0 37
+6 +10 37
+5 * 37 37 0 1 0 0 1
+7 * 37 0 37
+7 * 37
+2 * 37
+3 * 37 0 37
cfi=(331)
cfn=(1380)
calls=37 0x55500 28 
* * 592 74 37 0 0 0 0 0 0 111 2
+5 +4 37 37
+8 * 37 0 0 0 0 0 0 0 0 37 2
+13 +15 37 37
+6 * 37
+3 * 37
+3 * 37
+3 * 37
+2 * 37 0 0 1 0 0 1
+7 * 37 0 37
cfn=(1382)
calls=37 0x49c80 215 
* * 3922 518 333 0 0 0 0 0 0 407 2
+5 * 37
0x4bdf8 1497 65473 65473 0 5 0 0 1
+7 +1 65473 65473 0 257 0 0 1
+7 +1 65473
+4 * 65473 0 0 0 0 0 0 0 0 65473
+6 * 65473
+3 * 65473 0 0 0 0 0 0 0 0 65473
+6 +38 65473 65473
fi=(413) /usr/src/debug/glibc/glibc/stdlib/../sysdeps/x86/gmp-arch.h
+7 29 65473
+3 * 65473
+2 * 65473
+3 * 65473
+3 * 65473
fe=(327)
+3 1537 65473
+3 * 65473 0 0 0 0 0 0 0 0 65473 1
+78 +4 65473 0 0 234 0 0 1
+3 * 65473 65473
+6 * 65473
+3 * 65473
+3 * 65473
+4 * 65473
+3 * 65473
+4 * 65473 65473
+7 * 65473 0 65473
cfn=(1382)
calls=65473 0x49c80 215 
* * 6714429 1046640 621964 523 12 0 12 2 0 688306 32946
+5 * 65473
+5 -4 65473 0 0 4 0 0 1
+3 * 65473 0 0 0 0 0 0 0 0 65473 2
+18 * 65473 0 0 10 0 0 1
+3 * 65473
+4 * 65473 65473
+7 * 65473
+3 * 65473
+4 * 65473
+2 * 65473
+3 * 65473
+3 * 65473 0 0 0 0 0 0 0 0 65473
+2 * 65473
+3 * 65473
+3 +4 65473
+6 -4 65473
+2 +4 65473
+3 * 65473
+7 -4 65473
+2 * 65473
+3 * 65473 0 65473 1 0 0 1
+7 +2 65473
0x4c29d 1393 65473 0 0 1 0 0 1
+2 +5 65473
+2 * 65473 0 0 0 0 0 0 0 0 65473
+6 * 65473
+7 * 65473 0 65473
+10 * 65473 0 65473
+7 * 65473 0 0 1 0 0 1
fi=(328)
+66 29 58929 0 0 1 0 0 1
fe=(327)
+3 1448 58929
fi=(328)
+8 29 58929
+5 * 58929 58929
+7 * 58929 58929 58929 0 0 0 0 0 0 0 0 58929 1
cfi=(288)
cfn=(1368)
calls=58929 0x171f90 249 
* * 1178580 176787 117858 0 0 0 0 0 0 235716 3
+6 * 58929
fe=(327)

fn=(1378)
0x4a0d0 367 65510 0 65510 1 0 0 1
+1 * 65510
+3 * 65510 0 65510
+2 * 65510
+3 +9 65510
+2 -9 65510 0 65510
+2 * 65510
+3 * 65510 0 65510
+2 * 65510
+3 * 65510 0 65510
+2 * 65510
+3 * 65510 0 65510 0 0 1
+1 +10 65510
+2 -10 65510
+4 * 65510 0 65510 0 0 2
+4 * 65510 65510
+4 * 65510
+7 +61 182191 0 0 2 0 0 1
+4 +1 182191
+3 * 182191
+5 -14 182191 182191
+5 * 182191
+3 * 182191
+4 * 182191 0 0 0 0 0 0 0 0 182191 53660
+2 +3 58919
+3 * 58919 0 0 0 0 0 0 0 0 58919 4
+11 +7 58919
+3 +3 58919 58919
+5 * 58919
+4 * 58919
+4 +3 58919
+4 * 58919 0 0 0 0 0 0 0 0 58919 645
-12 -3 123272
+4 * 123272
+4 +3 123272
+4 * 123272 0 0 0 0 0 0 0 0 123272 6448
+6 -47 182191 0 0 10 0 0 1
+3 * 182191 0 0 0 0 0 0 0 0 182191 9
0x4a260 +49 65510 65510 0 1 0 0 1
+4 * 65510 65510
+3 * 65510
+3 * 65510 0 0 0 0 0 0 0 0 65510 8
+16 +7 65510 0 0 1 0 0 1
+7 * 65510 65510 0 0 6 0 0 1
+4 +2 65510 65510
+3 * 65510
+3 * 65510 0 0 0 0 0 0 0 0 65510
+2 +2 65510 0 65510
+3 +1 65510 0 65510
+7 +15 65510
+4 * 65510
+3 * 65510 65510
+1 * 65510 65510
+2 * 65510 65510
+2 * 65510 65510
+2 * 65510 65510
+2 * 65510 65510
+1 * 65510 65510

fn=(1364) strtod_l
0x4ce00 1781 65536 0 0 257 0 0 1
+4 +1 65536
+3 * 65536
+2 * 65536
cfn=(1366)
calls=65536 0x4a380 510 
* * 48408180 8540424 4951873 1643 81 43 82 9 0 7471299 144139 189938 3

fl=(366) /usr/src/debug/glibc/glibc/stdlib/../sysdeps/ieee754/dbl-64/dbl2mpn.c
fn=(1832) __mpn_extract_double
0x56980 33 32640 0 0 1 0 0 1
+4 +2 32640
+5 -2 32640
+3 +4 32640
+3 * 32640
+4 * 32640 0 32640
+2 +1 32640
+3 * 32640
+4 * 32640
+6 * 32640
+6 * 32640 0 32640
+2 +9 32640
+10 * 32640
+3 +9 32640
+4 -9 32640 0 32640
+3 +9 32640 0 0 1 0 0 1
+5 * 32640 0 0 0 0 0 0 0 0 32640 2
+29 +47 32640
+5 +4 32640
+5 -4 32640 0 32640
+3 +4 32640 32640

fl=(89)
fn=(326)
0xc39d0 31 1 0 0 1 0 0 1
fi=(90)
+4 +8 1 1
+7 * 1 1
+6 +1 1
+2 * 1
+2 * 1
+6 * 1 0 0 0 0 0 0 0 0 1 1
+13 +1 1 1
+6 * 1 0 0 1 0 0 1
+3 * 1 0 0 0 0 0 0 0 0 1
+2 +4 1
+2 * 1
+5 * 1 0 0 0 0 0 0 0 0 1
+2 +3 1
+3 * 1
+7 * 1
+7 * 1
+4 * 1 1
fe=(89)

fl=(95)
fn=(338)
0xd24c0 29 2 0 0 1 0 0 1
fi=(96) /usr/src/debug/glibc/glibc/wcsmbs/../sysdeps/x86_64/multiarch/ifunc-memcmp.h
+4 +5 2 2 0 0 1
+7 * 2 2
+6 * 2
+2 * 2
+2 * 2
+6 * 2 0 0 0 0 0 0 0 0 2 2
+13 +1 2 2
+7 * 2 0 0 0 0 0 0 0 0 2
+2 +2 2 2 0 0 1
+6 * 2
+3 * 2 0 0 0 0 0 0 0 0 2 1
+2 +4 2
+2 * 2
+2 * 2 0 0 1 0 0 1
+5 * 2 0 0 0 0 0 0 0 0 2
+2 +3 2
+7 * 2
+3 * 2 0 0 0 0 0 0 0 0 2
+2 +3 2
+3 * 2
+7 * 2
+7 * 2
+4 * 2 2
fe=(95)

fl=(217) /usr/src/debug/glibc/glibc/nptl/pthread_once.c
fn=(750) __pthread_once_slow.isra.0
0x9d810 67 1 0 1 1 0 0 1
+1 * 1
+3 * 1
+3 * 1 0 1
+1 * 1
+4 * 1 1
+9 * 1 0 1
+4 * 1
+3 +9 1 1
+3 +4 1
+2 * 1 0 0 0 0 0 0 0 0 1 1
+2 +52 1 1
+4 * 1 1
+9 * 1 0 0 0 0 0 0 0 0 1
+6 * 1 1
+4 * 1 1
+1 * 1 1
+5 -44 1 1 0 1 1 0 1 1
+6 * 1
+3 +4 1 0 1
+5 * 1 0 0 0 0 0 0 0 0 1
+2 +4 1
+2 * 1 0 0 0 0 0 0 0 0 1 1
+78 +18 1 0 0 1 0 0 1
+4 * 1
+4 * 1
+4 * 1 0 1 0 0 1
+4 * 1 0 0 1 0 0 1
+7 * 1
+7 * 1 0 1
+7 * 1 0 1
+4 * 1 0 1
+4 * 1 0 1
+4 * 1 0 1
+7 * 1 0 1
+4 * 1 0 1
+4 * 1 0 1
cfi=(218)
cfn=(752)
calls=1 0x94b80 -89 
* * 7 2 4 1 1 0 1
+5 +2 1 1
+4 * 1 0 1 0 0 0 0 0 0 0 0 1 1
cob=(7)
cfi=(215)
cfn=(754) std::locale::facet::_S_initialize_once()
calls=1 0xcccb0 +92 
* * 60 18 11 9 1 1 9 0 0 8 4 2 2
+3 +2 1
+2 * 1 0 0 1 0 0 1
+4 * 1 0 1
cfi=(218)
cfn=(760)
calls=1 0x94bb0 -78 
* * 6 2 1 1 0 0 1 0 0 1 1
fi=(221) /usr/src/debug/glibc/glibc/nptl/../sysdeps/nptl/futex-internal.h
+5 +71 1
+3 * 1
+5 * 1
+5 * 1
fe=(217)
+5 -65 1 1
+4 * 1 0 1
fi=(221)
+7 +65 1
+3 * 1
+2 * 1
+6 * 1 0 0 0 0 0 0 0 0 1 1
fe=(217)

fn=(748) pthread_once@@GLIBC_2.34
0x9d960 136 98190 0 0 2 0 0 1
+4 +3 98190 98190 0 0 8 0 0 1
+2 +1 98190
+2 * 98190 0 0 0 0 0 0 0 0 98190 3
+2 +4 98189
+2 * 98189 98189
+4 -8 1 0 1
+1 * 1
+3 +7 1 0 1 0 0 1
cfn=(750)
calls=1 0x9d810 -76 
* * 125 32 32 16 3 2 16 1 0 14 8 3 3
+5 +1 1
+2 * 1 1
+1 * 1 1

fl=(178)
fn=(598)
0xb0f50 52 1 0 0 1 0 0 1
+4 -6 1 1 0 0 1
+7 * 1
+7 * 1 1
+7 * 1
+7 * 1
+4 +6 1 1

fl=(306)
fn=(1184)
0x8ae90 32 32690 0 0 51 0 0 1
+4 +3 32690 32690 0 0 6
+4 * 32690 0 0 0 0 0 0 0 0 32690 2
+2 * 32690 32690 0 0 6
+3 * 32690
+2 * 32690 0 0 0 0 0 0 0 0 32690
+2 +7 32690 32690

fl=(106)
fn=(370)
0x129680 29 1 0 0 1 0 0 1
fi=(94) /usr/src/debug/glibc/glibc/debug/../sysdeps/x86_64/multiarch/ifunc-memmove.h
+4 +27 1 1
+7 +1 1
+7 -1 1 1
+6 +1 1
+3 * 1 0 0 0 0 0 0 0 0 1 1
+5 +3 1 1
+6 * 1
+6 * 1 0 0 0 0 0 0 0 0 1 1
+52 +14 1 0 0 1 0 0 1
+3 * 1 0 0 0 0 0 0 0 0 1 1
+53 +3 1 0 0 1 0 0 1
+2 * 1 0 0 0 0 0 0 0 0 1
+2 +8 1
+6 * 1 0 0 0 0 0 0 0 0 1
+2 +8 1
+3 * 1 0 0 0 0 0 0 0 0 1
+2 +3 1
+6 * 1
+7 * 1
+7 * 1 0 0 1 0 0 1
+4 * 1 1
fe=(106)

fl=(295)
fn=(1112)
0x92010 589 2 0 0 2 0 0 1
+4 * 2 0 2
+1 * 2
+3 * 2 0 2
+2 * 2
+3 * 2 0 2
+2 * 2
+3 * 2 0 2
+2 * 2
+3 * 2 0 2
+1 * 2
+3 +1 2 0 2
cfn=(1114) _IO_old_init
calls=2 0x91fa0 -33 
* * 52 6 26 4 2 4 2 1 2 2
+6 +1 2 0 2 0 0 2 0 0 1
+7 +1 2
+3 * 2 0 0 0 0 0 0 0 0 2
+2 +2 2 0 2 2 0 0 1
+7 +4 2
+4 +7 2 0 2 0 0 2 0 0 1
+9 +2 2 0 2 0 0 1
+8 -9 2 0 2
+5 * 2 0 2
+6 * 2 0 2
+6 * 2 0 2
+6 * 2 0 2
+6 +15 2 0 2 2 0 0 1
+11 +1 2 0 2
+11 +1 2 2
+1 * 2 2
+2 * 2 2
+2 * 2 2
+2 * 2 2
+1 * 2 2

fn=(1600)
0x91900 355 2 0 0 2 0 0 1
+4 * 2 0 2
+1 * 2
+3 * 2
+3 * 2
+4 +1 2 2
+4 * 2 2
+3 * 2
+3 * 2 0 0 0 0 0 0 0 0 2 2
+6 +3 2 0 2
+4 +2 2
+2 * 2
+3 * 2
+3 * 2
+2 -3 2 0 2
+4 +3 2
+3 * 2 0 2
+3 +3 2 2
+1 * 2 2

fn=(1114)
0x91fa0 557 2 0 0 2 0 0 1
+4 +3 2 2 0 0 2 0 0 1
+6 * 2
+2 +5 2
+4 * 2 0 2
+4 -7 2
+6 +12 2 0 2 2 0 0 1
+8 -10 2
+2 -2 2 0 2
+2 +2 2
+3 +16 2
+2 -11 2 0 2
+4 -5 2
+3 +16 2 0 2
+7 * 2 0 2
+4 +5 2 2
+7 -16 2 0 2 0 0 2 0 0 1
+4 * 2 0 2
+4 * 2 0 2
+4 * 2 0 2
+4 * 2 0 2
+4 +16 2
+3 * 2 0 0 0 0 0 0 0 0 2
+2 +1 2 0 2 0 0 2 0 0 1
+7 * 2 0 2
+8 +2 2 2

fn=(1606)
0x92110 628 2 0 0 2 0 0 1
+4 * 2 0 2
+1 * 2
+3 * 2 0 2
+1 * 2
+3 * 2
+4 +2 2 2
+4 * 2
+3 * 2 0 0 0 0 0 0 0 0 2 2
+7 +6 2 2
+4 * 2
+3 * 2 0 0 0 0 0 0 0 0 2 2
+27 +3 2 2 0 2 0 0 1
+4 * 2
+3 * 2 0 0 0 0 0 0 0 0 2 2
+25 68 2 2
+3 * 2 0 0 0 0 0 0 0 0 2 2
+2 651 2 2
+4 * 2 2
+1 * 2 2

fn=(1118)
0x910e0 109 4 0 0 1 0 0 1
+4 * 4 0 4
+1 * 4
+3 * 4
+4 +1 4 4
+9 * 4 0 4
+4 * 4 4
+2 * 4
+2 * 4 0 0 0 0 0 0 0 0 4 2
+2 +24 4 4
+4 * 4 4
+9 * 4 0 0 0 0 0 0 0 0 4
+6 * 4 4
+1 * 4 4
+5 -22 2 0 0 2 0 0 1
+2 * 2 0 2
+4 * 2 0 2
+2 +2 2
+7 * 2
+4 * 2 0 2
+4 * 2 0 2
+8 * 2 0 2
cfi=(297)
cfn=(1120)
calls=2 0x94ed0 -90 
* * 26 8 6 3 2 0 2 0 0 2 2
+5 +1 2 2 0 2 0 0 1
+7 * 2 2
+7 * 2 2
+9 * 2 2
+4 * 2
+2 * 2 0 0 0 0 0 0 0 0 2
+2 * 2
+3 * 2 0 0 0 0 0 0 0 0 2 2
0x911f1 +4 2 2 0 2 1 0 1
+7 +3 2
+7 * 2 0 2 2 0 0 1
+7 -3 2 0 2
+4 +4 2
+3 * 2 0 0 0 0 0 0 0 0 2
+2 +1 2
+4 * 2 0 2 0 0 1
+7 +2 2 0 2
+7 +2 2
+2 * 2 0 0 0 0 0 0 0 0 2
+6 * 2 2
+7 * 2 2
+3 * 2
+2 * 2 0 0 0 0 0 0 0 0 2
+6 * 2
+2 * 2 0 0 2 0 0 1 0 0 2
+6 * 2 0 2
+8 * 2 2
+7 +1 2 0 2
+11 +1 2 2
+6 -2 2 0 2
+6 +2 2
+2 * 2 0 0 0 0 0 0 0 0 2
+6 * 2 0 2
+11 * 2 0 2 2 0 0 1
+10 * 2
0x91303 +1 2
+4 * 2 0 2
cfi=(297)
cfn=(1122)
calls=2 0x94f20 -77 
* * 20 10 2 2 0 0 1 0 0 2 2
+5 +3 2
+28 -19 2 0 2 2 0 0 1
+10 * 2 0 2
+7 +1 2 0 2
+7 +1 2 2 0 1 0 0 1
+4 * 2 0 0 0 0 0 0 0 0 2
+6 * 2 2
+9 * 2 2
+7 * 2 2
+4 * 2
+3 * 2 0 0 0 0 0 0 0 0 2
+6 * 2 0 2
+6 * 2 0 2
+4 +11 2 2
+2 * 2
+6 -11 2

fn=(1594)
0x93090 977 2 0 0 2 0 0 1
+4 +2 2 2
+5 * 2 0 0 0 0 0 0 0 0 2 1
+10 +5 2 2 0 0 2
+5 * 2 0 0 0 0 0 0 0 0 2 2
+72 +2 2 2 0 2 0 0 1

fn=(2084)
0x92aa0 882 1 0 0 1 0 0 1
+4 * 1 0 1
+1 * 1
+3 * 1
+4 * 1 0 1
+4 * 1 0 1
+4 * 1 1
+9 * 1 0 1 1 0 0 1
+4 * 1
+2 +1 1 0 1
cfn=(2086) _IO_flush_all
calls=1 0x92300 713 
* * 198 74 35 11 5 0 11 1 0 41 8
+5 -73 1
+4 * 1 0 1
+8 +73 1
+3 -73 1
+7 * 1 0 1
+4 * 1 0 1
cfi=(297)
cfn=(1120)
calls=1 0x94ed0 24 
* * 13 4 3 0 0 0 0 0 0 1
+5 +1 1 1
+7 * 1 1
+9 * 1 1
+7 * 1 0 0 0 0 0 0 0 0 1
+2 * 1 0 0 1 0 0 1
+3 * 1 0 0 0 0 0 0 0 0 1 1
+59 +3 1 0 1 1 0 0 1
fi=(349)
+4 1037 1
+7 * 1
fe=(295)
+15 832 3 3
+2 * 3
+2 * 3 0 0 0 0 0 0 0 0 3 1
+2 +2 2 2
+6 * 2
+2 * 2 0 0 0 0 0 0 0 0 2
+6 +20 3 0 3
+10 +2 3
+3 * 3 0 0 0 0 0 0 0 0 3
+2 * 3 3 0 1 0 0 1
+7 * 3 3
+7 * 3 3
+3 * 3 0 0 0 0 0 0 0 0 3
+6 * 3
+2 * 3 0 0 0 0 0 0 0 0 3
+6 * 3 0 3
+8 * 3 3
+7 * 3 0 3
+6 * 3
+1 +1 3 0 3
+11 -43 3 3
+4 * 3
+3 * 3 0 0 0 0 0 0 0 0 3 1
+6 +4 3 0 3 1 0 0 1
+7 +1 3 3
+4 * 3 0 0 0 0 0 0 0 0 3
+2 * 3 3
+7 * 3 3
+7 * 3 3
+9 * 3 3
+4 * 3 0 0 0 0 0 0 0 0 3 1
+2 * 3
+3 * 3 0 0 0 0 0 0 0 0 3 2
+43 +8 3 3 0 1 0 0 1
+5 * 3 0 0 0 0 0 0 0 0 3 2
+47 +2 3 3 0 1 0 0 1
+6 * 3
+2 * 3 0 0 0 0 0 0 0 0 3 3
0x92d50 -10 1 1 0 1 0 0 1
+4 +42 1 1
+7 * 1 0 0 0 0 0 0 0 0 1 1
+29 +1 1
+4 * 1 0 1
cfi=(297)
cfn=(1122)
calls=1 0x94f20 54 
* * 10 5 1 0 0 0 0 0 0 1 1
+5 +33 1 1
+4 * 1 1
+9 * 1 0 0 0 0 0 0 0 0 1
+6 * 1
+3 * 1 1
+4 * 1 1
+4 * 1 1
+1 * 1 1
+8 -76 3 0 3 1 0 0 1
+6 * 3 0 3
+4 * 3
+14 -8 1 0 1 1 0 0 1
+7 +3 1 1
+7 -3 1 0 1
+10 +3 1
+3 * 1 0 0 0 0 0 0 0 0 1 1
+21 +47 1 1
+6 * 1
+2 * 1 0 0 0 0 0 0 0 0 1
+6 * 1 0 1 1 0 0 1
+11 * 1 0 1
+10 * 1

fn=(2086)
0x92300 713 1 0 0 1 0 0 1
+4 * 1 0 1
+1 * 1
+3 * 1
+4 * 1 0 1
+4 +5 1
+4 -5 1 0 1
+4 * 1 1
+9 * 1 0 1
+4 * 1
+2 +5 1
+7 * 1 0 1
+8 * 1 0 1
+4 * 1 0 1
cfi=(297)
cfn=(1120)
calls=1 0x94ed0 24 
* * 13 4 3 0 0 0 0 0 0 1
+5 +1 1 1 0 1 0 0 1
+7 * 1 1
+9 * 1 1
+7 * 1 0 0 0 0 0 0 0 0 1
+2 * 1
+3 * 1 0 0 0 0 0 0 0 0 1 1
+59 +3 1 0 1 1 0 0 1
+4 -8 1
fi=(349)
+3 1037 1
+7 * 1
fe=(295)
+92 742 3 3 0 1 0 0 1
+4 * 3 0 0 0 0 0 0 0 0 3
+2 * 3 3
+7 * 3 3
+7 * 3 3
+3 * 3 0 0 0 0 0 0 0 0 3
+6 * 3
+2 * 3 0 0 0 0 0 0 0 0 3
+6 * 3 0 3
+8 * 3 3
+7 * 3 0 3
+6 * 3
+6 +1 3 0 3
+11 -21 3 3
+4 * 3
+3 * 3 0 0 0 0 0 0 0 0 3 2
+6 +2 3 0 3 1 0 0 1
+7 +1 3 3 0 0 1
+4 * 3 0 0 0 0 0 0 0 0 3
+2 * 3 3 0 0 1
+7 * 3 3
+7 * 3 3
+9 * 3 3
+4 * 3 0 0 1 0 0 1 0 0 3
+2 * 3
+3 * 3 0 0 0 0 0 0 0 0 3 3
+43 +2 3 3 0 0 1
+7 * 3
+3 * 3 0 0 0 0 0 0 0 0 3
+6 * 3 3 0 1 1 0 1 1
+4 * 3 3
+4 * 3 0 0 0 0 0 0 0 0 3
+2 +7 3 3 0 0 1
+3 * 3
+2 * 3 0 0 0 0 0 0 0 0 3
+6 +1 3 3
+4 * 3 3
+4 * 3 0 0 0 0 0 0 0 0 3
+6 * 3
0x92590 -10 1 1 0 1 0 0 1
+4 +22 1 1
+7 * 1 0 0 0 0 0 0 0 0 1
+29 +1 1
+4 * 1 0 1
cfi=(297)
cfn=(1122)
calls=1 0x94f20 54 
* * 10 5 1 0 0 0 0 0 0 1 1
+5 +4 1 1
+4 * 1 1
+9 * 1 0 0 0 0 0 0 0 0 1
+6 * 1
+3 * 1 1
+4 * 1 1
+4 * 1 1
+1 * 1 1
+8 -27 3 0 3 1 0 0 1
+6 * 3 0 3
+4 * 3
+14 -6 1 0 1 1 0 0 1
+7 +3 1 1
+7 -8 1
+3 +5 1 0 1
+10 +3 1
+3 * 1 0 0 0 0 0 0 0 0 1 1
+18 +25 1 1
+6 * 1
+2 * 1 0 0 0 0 0 0 0 0 1
+6 * 1 0 1 1 0 0 1
+11 * 1 0 1
+10 * 1

fn=(1588)
0x910c0 67 4 0 0 1
+4 +1 4 4
+3 * 4 0 0 0 0 0 0 0 0 4 2
+2 +36 2 2
+7 -32 2
cfn=(1590) __GI__IO_un_link.part.0
calls=2 0x90d90 -6 
* * 194 64 48 24 10 2 11 0 0 28 12

fn=(1590)
0x90d90 66 2 0 2 1 0 0 1
+1 +6 2
+7 -6 2
+3 * 2 0 2
+1 * 2
+4 * 2 2
+9 * 2 0 2
+4 * 2
+3 +6 2
+4 * 2 0 2
+4 * 2 0 2
+8 * 2 0 2 2 0 0 1
cfi=(297)
cfn=(1120)
calls=2 0x94ed0 -48 
* * 26 8 6 2 2 0 0 0 0 2
+5 +1 2 2
+7 * 2 2
+9 * 2 2 0 0 2
+7 * 2 0 0 0 0 0 0 0 0 2
+2 * 2
+3 * 2 0 0 0 0 0 0 0 0 2 2
+43 +2 2 2 0 2 0 0 1
+2 -1 2 0 2
+7 +1 2
+3 * 2 0 0 0 0 0 0 0 0 2
+6 * 2 2
+7 * 2 2
+7 * 2 2
+9 * 2 2 0 0 2
+4 * 2 0 0 0 0 0 0 0 0 2 2
+43 +2 2 2 0 1 2 0 1
+8 * 2 0 0 0 0 0 0 0 0 2
+2 +4 2 2 0 0 2
+7 +1 2 2
+4 +1 2 0 2
+3 +1 2
+3 * 2 0 0 2 0 0 1 0 0 2
+2 +1 2 0 2 0 0 2
+7 +11 2 2
+2 * 2
+2 * 2
+3 * 2 0 2
+2 +2 2 2
+7 * 2
+3 * 2 0 0 0 0 0 0 0 0 2
+6 * 2 2
+7 * 2 2
+3 * 2
+2 * 2 0 0 0 0 0 0 0 0 2 2
+6 * 2
+2 * 2 0 0 0 0 0 0 0 0 2 2
+6 * 2 0 2 2 0 0 1
+8 * 2 2
+7 +1 2 0 2
+11 -1 2 0 2
+6 +2 2 2
+6 * 2
+2 * 2 0 0 0 0 0 0 0 0 2 2
+15 +1 2
+4 * 2 0 2
cfi=(297)
cfn=(1122)
calls=2 0x94f20 -47 
* * 20 10 2 2 0 0 0 0 0 2 2
+5 +3 2 2
+4 * 2 2 0 2 0 0 1
+9 * 2 0 0 0 0 0 0 0 0 2
+6 * 2 2
+4 * 2 2
+1 * 2 2
+93 -29 2 0 0 2 0 0 1
+3 * 2 0 0 0 0 0 0 0 0 2
+6 * 2 0 2
+6 * 2 0 2 2 0 0 1
+4 * 2
+13 +25 2 0 2
+11 * 2 0 2
+10 * 2
+75 -27 2 0 2 2 0 0 1
+10 * 2 0 2 2 0 0 1
+7 * 2

fl=(388)
fn=(2008)
0x819e0 32 10 0 0 1 0 0 1
+4 +1 10
+3 * 10 0 0 0 0 0 0 0 0 10 3
+6 -1 10 0 10
+1 * 10
+3 * 10 0 10
+2 * 10 0 10
+1 * 10
+3 * 10
+4 +7 10 10 0 0 1 0 0 1
+4 * 10 0 0 1 0 0 1 0 0 10 9
+2 +1 10 10 0 0 1
fi=(349)
+7 1037 10
+7 * 10
+3 * 10
+3 +1 10
+7 * 10 0 0 0 0 0 0 0 0 10
fe=(388)
+6 40 10
+3 * 10 10 10 0 0 0 0 0 0 0 0 10 1
cfi=(296)
cfn=(2010)
calls=10 0x8f810 827 
* * 210 80 30 3 1 0 3 1 0 30 2
+3 * 10
+2 * 10
fi=(349)
+2 991 10 10
+4 * 10 0 0 0 0 0 0 0 0 10
+2 +1 10 10
+7 * 10 10
+7 * 10 10
+3 * 10 0 0 0 0 0 0 0 0 10
+2 * 10
+2 * 10 0 0 0 0 0 0 0 0 10
+2 * 10 0 10
+8 * 10 10
+7 * 10 0 10
fe=(388)
+6 44 10
+4 * 10
+2 * 10 10
+1 * 10 10
+2 * 10 10
+1 * 10 10
+8 -5 10 10 0 1 2 0 1
+7 * 10 10
+7 * 10 10 0 1 0 0 1
+9 * 10 10 0 0 1 0 0 1
+4 * 10 0 0 0 0 0 0 0 0 10
+2 * 10
+3 * 10 0 0 0 0 0 0 0 0 10 2
0x81b08 * 10 0 10 1 0 0 1
+6 * 10 0 10
+4 * 10

fl=(85)
fn=(318)
0xaffd0 31 1 0 0 1 0 0 1
fi=(86)
+4 +5 1 1
+7 +1 1 1 0 0 1
+6 * 1
+2 * 1
+6 * 1 0 0 0 0 0 0 0 0 1 1
fe=(85)
+43 -6 1
+3 * 1 1
fi=(86)
+9 +7 1 1 0 1 0 0 1
+6 * 1
+6 * 1 0 0 0 0 0 0 0 0 1
+2 +4 1 1
+6 * 1
+2 * 1
+6 * 1 0 0 0 0 0 0 0 0 1
+2 +3 1 0 0 1 0 0 1
+7 * 1 1
+7 * 1 0 0 0 0 0 0 0 0 1
+2 +3 1
+6 * 1
+7 * 1 0 0 0 0 0 0 0 0 1
+2 * 1
fe=(85)

fl=(110)
fn=(382)
0xb02f0 31 2 0 0 1 0 0 1
fi=(111)
+4 +7 2 2
+7 * 2 2 0 1 0 0 1
+6 +2 2
+2 * 2
+2 * 2
+6 * 2 0 0 0 0 0 0 0 0 2 1
+13 +1 2 2 0 0 1
+7 * 2 0 0 0 0 0 0 0 0 2
+2 +1 2 2
+6 * 2
+3 * 2 0 0 0 0 0 0 0 0 2
+2 +4 2
+2 * 2
+2 * 2
+5 * 2 0 0 0 0 0 0 0 0 2
+2 +3 2
+7 * 2 0 0 1 0 0 1
+3 * 2 0 0 0 0 0 0 0 0 2
+2 +3 2
+3 * 2
+7 * 2
+7 * 2
+4 * 2 2
fe=(110)

fl=(133)
fn=(442)
0xaf440 29 1 0 0 1 0 0 1
fi=(92) /usr/src/debug/glibc/glibc/string/../sysdeps/x86_64/multiarch/ifunc-strcpy.h
+4 +9 1 1
+7 * 1 1
+6 +1 1 1
+6 -1 1
+3 * 1 0 0 0 0 0 0 0 0 1
+2 +1 1
+3 * 1 0 0 0 0 0 0 0 0 1
+2 +4 1
+2 * 1
+2 * 1
+5 * 1 0 0 0 0 0 0 0 0 1
+2 +3 1
+7 * 1
+3 * 1 0 0 0 0 0 0 0 0 1
+2 +3 1
+7 * 1
+3 * 1 0 0 0 0 0 0 0 0 1 1
fe=(133)
+37 -20 1 1

fl=(203)
fn=(692)
0x27510 545 1 0 0 1 0 0 1
+4 +1 1 1 0 0 1
+7 * 1
+7 * 1 1 0 0 1
+7 * 1 0 0 0 0 0 0 0 0 1 1
+30 +1 1 1 0 1 1 0 1
+7 * 1 1 0 0 1
+7 * 1 0 0 0 0 0 0 0 0 1
+2 +1 1 1
+7 * 1 1 0 0 1
+7 * 1 0 0 0 0 0 0 0 0 1
+2 +2 1 1

fl=(204)
fn=(694)
0x27580 64 1 0 0 1 0 0 1
+4 +2 1 1 0 0 1
+7 +1 1
+3 * 1 0 0 0 0 0 0 0 0 1
+2 -1 1
+7 * 1
+9 +3 1 0 1
+7 -1 1
+4 * 1 1 0 0 1
+4 -1 1
+3 * 1 0 0 0 0 0 0 0 0 1 1
-18 +2 2 0 2 0 0 1
+7 -1 2
+4 * 2 2 0 0 2
+4 -1 2
+3 * 2 0 0 0 0 0 0 0 0 2 1
+2 +3 1 1

fl=(98)
fn=(346)
0xd2570 31 3 0 0 1 0 0 1
fi=(99) /usr/src/debug/glibc/glibc/wcsmbs/../sysdeps/x86_64/multiarch/ifunc-wmemset.h
+4 +5 3 3
+7 * 3 3 0 1 0 0 1
+6 * 3
+3 * 3 0 0 0 0 0 0 0 0 3
+2 +1 3 3
+6 * 3
+3 * 3 0 0 0 0 0 0 0 0 3
+2 +3 3
+2 * 3 0 0 0 0 0 0 0 0 3
+2 +8 3
+7 * 3
+3 * 3 0 0 0 0 0 0 0 0 3
+2 +3 3
+7 * 3
+3 * 3
+7 * 3
fe=(98)
+4 -20 3 3

fl=(119)
fn=(404)
0xb03a0 28 1
fi=(111)
+4 +10 1 1
+7 * 1 1
+6 +2 1
+2 * 1
+2 * 1
+6 * 1 0 0 0 0 0 0 0 0 1 1
+13 +1 1 1 0 1 0 0 1
+7 * 1 0 0 0 0 0 0 0 0 1
+2 +1 1 1
+6 * 1
+3 * 1 0 0 0 0 0 0 0 0 1
+2 +4 1
+2 * 1
+2 * 1
+5 * 1 0 0 0 0 0 0 0 0 1
+2 +3 1
+7 * 1
+3 * 1 0 0 0 0 0 0 0 0 1
+2 +3 1
+3 * 1
+7 * 1 0 0 1 0 0 1
+7 * 1
+4 * 1 1
fe=(119)

fl=(136)
fn=(454)
0xb0220 29 2
fi=(122) /usr/src/debug/glibc/glibc/string/../sysdeps/x86_64/multiarch/ifunc-strncpy.h
+4 +6 2 2
+7 * 2 2
+6 * 2
+3 * 2 0 0 0 0 0 0 0 0 2
+2 +1 2 2
+6 * 2
+3 * 2 0 0 1 0 0 1 0 0 2
+2 +4 2
+2 * 2
+2 * 2
+5 * 2 0 0 0 0 0 0 0 0 2
+2 +3 2
+7 * 2
+3 * 2 0 0 0 0 0 0 0 0 2
+2 +3 2
+3 * 2
+7 * 2
+7 * 2
+4 * 2 2
fe=(136)

fl=(238)
fn=(806)
0x2ab40 49 128 0 0 1 0 0 1
+4 +2 128
+4 * 128
+3 * 128
+5 * 128
+3 +3 128 128

fl=(330)
fn=(1376)
0x55a50 31 652782 0 0 2 0 0 1
+4 +1 652782 0 652782
+1 +3 652782
+3 +1 652782 652782
+3 +1 652782
+3 +1 652782
+3 +1 652782
+3 +2 652782
+3 +1 652782
+4 +2 652782
+3 +1 652782 0 0 0 0 0 0 0 0 652782 1500
+2 +1 652782
+3 +1 652782 0 0 0 0 0 0 0 0 652782 13
+2 +1 613809 0 0 0 0 0 0 0 0 613809
+2 +2 613809
+3 +1 613809 0 0 0 0 0 0 0 0 613809 2
+2 +1 613809 0 613809
+3 +1 613809 0 0 2 0 0 1
+79 +26 38973 0 0 1 0 0 1
+5 +1 38973
+5 +1 38973
+3 +1 38973
+3 +1 38973
+2 +1 38973
+3 +1 38973 38973
+5 +1 38973
+3 +1 38973
+94 +26 38973 0 0 1
+3 +1 38973
+4 +1 38973 0 0 0 0 0 0 0 0 38973
+2 +2 38973 0 38973
+4 +1 38973
+3 +1 38973
+3 +1 38973 0 38973
+5 +1 38973
+3 +1 38973
+3 +2 38973 38973
+1 +3 38973 38973
-4 -5 613809 0 0 1 0 0 1
+3 +2 613809 613809
+1 +3 613809 613809

fl=(109)
fn=(378)
0xc5940 30 1 0 0 1 0 0 1
fi=(108)
+4 +10 1 1
+7 +1 1 1
+6 * 1
+2 * 1
+5 * 1 0 0 0 0 0 0 0 0 1 1
+32 +1 1 1
+6 * 1 0 0 1 0 0 1
+6 * 1 0 0 0 0 0 0 0 0 1
+2 +4 1 1
+6 * 1
+2 * 1
+5 * 1 0 0 0 0 0 0 0 0 1
+2 +3 1
+7 * 1 1
+7 * 1 0 0 0 0 0 0 0 0 1
+2 +3 1
+6 * 1
+7 * 1 0 0 0 0 0 0 0 0 1
fe=(109)
+2 -22 1 1

fl=(179)
fn=(600)
0x12a9a0 29 1 0 0 1 0 0 1
fi=(180) /usr/src/debug/glibc/glibc/debug/../sysdeps/x86_64/multiarch/ifunc-wmemset.h
+4 +7 1 1
+7 * 1 1 0 0 1
+6 * 1
+3 * 1 0 0 0 0 0 0 0 0 1
+2 +1 1 1
+6 * 1
+3 * 1 0 0 1 0 0 1 0 0 1
+2 +3 1
+2 * 1 0 0 0 0 0 0 0 0 1
+2 +8 1
+7 * 1
+3 * 1 0 0 0 0 0 0 0 0 1 1
+2 +3 1
+7 * 1
+3 * 1
+7 * 1
fe=(179)
+4 -22 1 1

fl=(196)
fn=(652)
0x194d00 0 1 0 0 1 0 0 1
+4 0 1
+10 0 1
+3 0 1
+3 0 1
+3 0 1
+3 0 1
+10 0 1
+3 0 1
+4 0 1
+3 0 1
+3 0 1
+3 0 1
+3 0 1
+4 0 1
+3 0 1 0 0 1 0 0 1
+10 0 1
+3 0 1
+10 0 1
+4 0 1
+4 0 1 1

fl=(100)
fn=(350)
0xae1d0 29 1 0 0 1 0 0 1
fi=(92)
+4 +9 1 1
+7 * 1 1
+6 +1 1 1
+6 -1 1
+3 * 1 0 0 0 0 0 0 0 0 1
+2 +1 1
+3 * 1 0 0 0 0 0 0 0 0 1
+2 +4 1
+2 * 1
+2 * 1
+5 * 1 0 0 0 0 0 0 0 0 1
+2 +3 1 0 0 1 0 0 1
+7 * 1
+3 * 1 0 0 0 0 0 0 0 0 1
+2 +3 1
+7 * 1
+3 * 1 0 0 0 0 0 0 0 0 1 1
fe=(100)
+37 -20 1 1

ob=(7)
fl=(358)
fn=(1800)
0x15b1b4 59 97922 0 97922
+3 * 97922 97922

fn=(1801) std::ostream::sentry::sentry(std::ostream&)'2
0x15b140 50 1
+4 +5 1 1
+3 -3 1 0 1
+3 -2 1
+3 +2 1 0 1
+4 +3 1 1
+4 * 1
fi=(247)
+3 312 1 1
+7 148 1 1
fe=(358)
+3 -93 1
+3 * 1 0 0 0 0 0 0 0 0 1 1
+75 +3 1
+2 * 1 0 0 0 0 0 0 0 0 1
+2 +1 1 0 1
+3 * 1 1

fn=(1798)
0x15d790 67 32640 0 0 1 0 0 1
+4 * 32640 0 32640
+1 * 32640
+3 * 32640 0 32640
+2 * 32640
+5 * 32640 0 32640
+2 * 32640 0 32640
+2 * 32640 0 32640
+1 * 32640
+3 * 32640
+4 +3 32640 32640
+9 * 32640 0 32640
+4 * 32640
+3 * 32640
+4 * 32640 32640 32640 1 1 0 1 0 0 0 0 32640 1
cfn=(1800)
calls=32640 0x15b140 -20 
* * 489600 163200 97920 2 0 0 2 0 0 65280 2
+6 +1 32640 32640
+4 * 32640 0 0 0 0 0 0 0 0 32640
+2 +6 32640 32640
+3 * 32640 32640
+4 * 32640
+3 * 32640 32640
fi=(247)
+7 -25 32640
+3 * 32640 0 0 0 0 0 0 0 0 32640
+6 390 32640 32640
+7 * 32640 0 0 0 0 0 0 0 0 32640
+6 * 32640 32640
fi=(224)
+8 2474 32640
+3 * 32640 32640 0 1 1 0 1
+4 * 32640
+5 * 32640
fi=(247)
+3 339 32640 32640
fi=(311)
+7 -52 32640
fi=(224)
+3 2474 32640
+3 * 32640
+4 * 32640
+3 * 32640 32640 32640 0 1 0 0 0 0 0 0 32640 1
cfi=(310)
cfn=(1804)
calls=32640 0x14ac10 1182 
* * 90629167 20947776 13904364 181 41 18 161 13 0 13140283 260826 685441 18
fe=(358)
+3 82 32640
+2 * 32640 0 0 0 0 0 0 0 0 32640
fi=(253)
+6 577 32640 32640
+4 * 32640 32640
+4 * 32640 32640
+4 * 32640
+3 +1 32640 32640
+4 * 32640 0 0 0 0 0 0 0 0 32640 5
fe=(358)
+9 96 32640 32640 0 1 0 0 1
+4 * 32640 32640
+9 * 32640 0 0 0 0 0 0 0 0 32640
+6 * 32640
+4 * 32640
+3 * 32640 32640
+1 * 32640 32640
+2 * 32640 32640
+2 * 32640 32640
+2 * 32640 32640
+1 * 32640 32640

fn=(1896)
0x15aee0 225 32643 0 0 1 0 0 1
+4 * 32643 0 32643
+1 * 32643
+3 * 32643
+4 +8 32643 32643 0 0 3
+3 -8 32643 0 32643
fi=(247)
+4 339 32643 32643 0 0 1
fe=(358)
+4 225 32643 32643
+9 * 32643 0 32643 1 0 0 1
+4 * 32643
+3 +8 32643 32643 0 0 3
+9 * 32643 0 0 0 0 0 0 0 0 32643 1
+6 +2 32643
+3 * 32643
+4 * 32643 32643 32643 0 0 0 0 0 0 0 0 32643 1
cfn=(1800)
calls=32643 0x15b140 50 
* * 489788 163274 97953 0 0 0 0 0 0 65305 11 5 1
+6 +1 32643 32643
+4 * 32643 0 0 0 0 0 0 0 0 32643
+2 +5 32643 32643
fi=(247)
+3 +98 32643 32643
+4 * 32643 32643
fi=(246)
+8 -59 32643 32643 0 0 2
+3 * 32643 32643 32643 0 2 0 0 0 0 0 0 32643 2
cfi=(387)
cfn=(2006)
calls=3 0x12c570 -87 
* * 216 78 33 9 9 0 9 3 0 33 7 6 2
cfi=(292)
cfn=(1898)
calls=32640 0x12cf70 1013 
* * 5907840 2023680 1142400 13 5 0 9 0 0 587520 10 228480 6
fe=(358)
+3 -39 32643 0 0 1 0 0 1
+3 * 32643 0 0 0 0 0 0 0 0 32643
+6 * 32643 0 32643
fi=(253)
+4 577 32643 32643
+4 * 32643 32643
+4 * 32643 32643
+4 * 32643
+3 +1 32643 32643
+4 * 32643 0 0 0 0 0 0 0 0 32643 5
+6 -1 1 1
+3 * 1
+2 * 1 0 0 0 0 0 0 0 0 1
+2 +1 1 0 1
+4 * 1 1 1 0 0 0 0 0 0 0 0 1 1
cfi=(389)
cfn=(2016)
calls=1 0xb5560 138 
* * 29 14 4 4 5 0 4 0 0 2 0 2 2
+6 * 1
+2 * 1 0 0 0 0 0 0 0 0 1
+2 -63 1 1
+4 * 1 0 1 1 0 0 1
fi=(247)
+4 339 1 1
fi=(253)
+7 515 1 1
+4 +1 1 0 1
+7 +69 1
+3 * 1 0 0 0 0 0 0 0 0 1
fi=(246)
+2 280 1 1
+3 * 1 1 1 0 0 0 0 0 0 0 0 1 1
cfi=(387)
cfn=(2006)
calls=1 0x12c570 -87 
* * 72 26 11 0 0 0 0 0 0 11 1 2
fi=(253)
+3 585 1
+3 * 1 0 0 0 0 0 0 0 0 1
+2 -66 1 1
+4 * 1 1
+4 * 1
+3 * 1 0 1
+4 * 1 1
+4 * 1 1
+4 * 1
fe=(358)
+6 256 1 1
+4 * 1 1
+9 * 1 0 0 0 0 0 0 0 0 1
-13 * 32642 32642
+4 * 32642 32642
+9 * 32642 0 0 0 0 0 0 0 0 32642
+6 * 32643
+3 * 32643 32643
+4 * 32643 32643
+1 * 32643 32643
+5 * 32642 32642 0 1 0 0 1
+4 * 32642

fn=(1897)
0x15aee0 225 1
+4 * 1 0 1
+1 * 1
+3 * 1
+4 +8 1 1
+3 -8 1 0 1
fi=(247)
+4 339 1 1
fe=(358)
+4 225 1 1
+9 * 1 0 1
+4 * 1
+3 +8 1 1
+9 * 1 0 0 0 0 0 0 0 0 1
+6 +2 1
+3 * 1
+4 * 1 1 1 0 0 0 0 0 0 0 0 1
cfn=(1801)
calls=1 0x15b140 50 
* * 15 5 3 0 0 0 0 0 0 2 1
+6 +1 1 1
+4 * 1 0 0 0 0 0 0 0 0 1
+2 +5 1 1
fi=(247)
+3 +98 1 1
+4 * 1 1
fi=(246)
+8 -59 1 1
+3 * 1 1 1 0 0 0 0 0 0 0 0 1
cfi=(387)
cfn=(2006)
calls=1 0x12c570 -87 
* * 72 26 11 0 0 0 0 0 0 11 3 2
fe=(358)
+3 -39 1
+3 * 1 0 0 0 0 0 0 0 0 1
+6 * 1 0 1
fi=(253)
+4 577 1 1
+4 * 1 1
+4 * 1 1
+4 * 1
+3 +1 1 1
+4 * 1 0 0 0 0 0 0 0 0 1 1
fe=(358)
+98 256 1 1
+4 * 1 1
+9 * 1 0 0 0 0 0 0 0 0 1
+6 * 1
+3 * 1 1
+4 * 1 1
+1 * 1 1
+5 * 1 1
+4 * 1

fl=(225)
fn=(778)
0xdaf00 92 1 0 0 1 0 0 1
+4 * 1 0 1
+1 * 1
+3 * 1
+4 * 1 0 1
+4 * 1
+3 * 1 0 1
+4 * 1
+3 +1 1 1
+5 * 1 0 0 0 0 0 0 0 0 1
+6 +3 1
+3 * 1 0 0 0 0 0 0 0 0 1 1
0xdaf98 +68 1 1 0 1 0 0 1
+4 * 1
+7 +1 1 0 1
+8 +4 1 1
+4 -5 1 0 1
+4 +3 1
+7 +2 1 1
+4 -2 1 0 1
+4 +1 1 0 1
+8 +1 1 1
+1 * 1 1
+5 -70 1 1 0 1 0 0 1
+4 * 1
+7 * 1 0 1
+4 +1 1 0 1
+8 +1 1 0 1
+4 +2 1 0 1
+4 +1 1 1
+4 * 1 0 1
+4 +3 1 1 0 0 1
+7 * 1 1 0 1 1 0 1
+3 -1 1
+2 * 1
+7 * 1
+11 * 1
+11 +1 1 1 0 0 1 0 0 1
+4 * 1 1
+4 * 1 0 1
+4 -1 1
+4 * 1
+4 * 1 0 0 0 0 0 0 0 0 1 1
-20 +1 35 35 0 0 1 0 0 1
+4 * 35 35
+4 * 35 0 35
+4 -1 35
+4 * 35
+4 * 35 0 0 0 0 0 0 0 0 35 8
+2 +4 1 1
+7 * 1 1
+3 -1 1 0 0 1 0 0 1
+2 * 1
+8 * 1
+11 * 1
+11 +1 1 1 0 0 1 0 0 1
+4 * 1 1
+4 * 1 0 1
+4 -1 1
+4 * 1
+4 * 1 0 0 0 0 0 0 0 0 1 1
-20 +1 25 25
+4 * 25 25
+4 * 25 0 25
+4 -1 25
+4 * 25
+4 * 25 0 0 0 0 0 0 0 0 25 9
+2 * 1

fn=(820)
0xdb260 183 1 0 0 1 0 0 1
+4 * 1 0 1
+1 * 1
+3 * 1
+4 * 1 0 1
+4 * 1
+3 * 1 0 1
+4 * 1
+3 +1 1 1
+5 * 1 0 0 1 0 0 1 0 0 1
+6 +3 1
+3 * 1 0 0 0 0 0 0 0 0 1 1
+86 +69 1 0 0 1 0 0 1
+7 +1 1 0 1
+8 +4 1 1
+4 -5 1 0 1
+4 +3 1
+7 +2 1 1
+4 -2 1 0 1
+4 +1 1 0 1
+8 +1 1 1
+1 * 1 1
+3 -71 1 1 0 1 0 0 1
+4 * 1
+7 * 1 0 1
+4 +4 1
+10 * 1 0 1
+4 +6 1 1
+7 -9 1 0 1
+8 +1 1 0 1
+4 +8 1 1 0 1 0 0 1
+3 -2 1
+2 * 1
+5 * 1
+11 * 1
+11 +2 1 1
+4 * 1 0 1
+4 -2 1
+4 * 1
+4 * 1 0 0 0 0 0 0 0 0 1
-16 +2 35 35
+4 * 35 0 35 0 0 2 0 0 2
+4 -2 35
+4 * 35
+4 * 35 0 0 0 0 0 0 0 0 35 8
+2 +6 1 1
+7 * 1 1
+3 -2 1
+2 * 1
+2 +2 1 1 0 1 0 0 1
+4 * 1 0 1
+7 -2 1
+4 * 1
+4 * 1 0 0 0 0 0 0 0 0 1 1
-19 +2 25 25
+4 * 25 0 25 0 0 1 0 0 1
+7 -2 25
+4 * 25
+4 * 25 0 0 0 0 0 0 0 0 25 9
+2 * 1

fl=(219)
fn=(1362)
0xdc840 75 65536 0 0 1 0 0 1
+4 * 65536 0 65536
+1 * 65536
+3 * 65536 0 65536
+2 * 65536 0 65536
+2 * 65536
+3 +2 65536
+4 -2 65536 0 65536
+1 * 65536
+3 * 65536
+4 * 65536 65536
+9 * 65536 0 65536
+4 * 65536
+3 +2 65536 65536
+3 * 65536 65536 65536 0 5 0 0 0 0 0 0 65536 256
cob=(2)
cfi=(327)
cfn=(1364)
calls=65536 0x4ce00 1781 
* * 48670324 8540424 4951873 1900 81 43 83 9 0 7471299 144139 189938 3
+6 +4 65536 65536
+4 -4 65536 0 65536
+6 +4 65536 0 0 1 0 0 1
+3 * 65536 0 0 0 0 0 0 0 0 65536
+2 * 65536 65536
+3 * 65536 0 0 0 0 0 0 0 0 65536 6
+18 +15 65536 65536
+4 * 65536 65536
+9 * 65536 0 0 0 0 0 0 0 0 65536
+2 * 65536
+4 * 65536 65536
+1 * 65536 65536
+2 * 65536 65536
+2 * 65536 65536
+1 * 65536 65536
+7 -10 65536 65536 0 0 5
+8 * 65536 0 0 1 0 0 1 0 0 65536
+2 * 65536 0 0 0 0 0 0 0 0 65536 7
+30 +5 65536 65536
+8 * 65536 0 0 0 0 0 0 0 0 65536 1
+2 * 65536 0 0 0 0 0 0 0 0 65536 4

fn=(756) std::locale::facet::_S_create_c_locale(__locale_struct*&, char const*, __locale_struct*)
0xdc9f0 134 1 0 0 1 0 0 1
+4 * 1 0 1
+1 * 1
+3 * 1 0 1 0 0 1
+1 * 1
+3 +1 1 0 0 1 0 0 1
+5 -1 1
+4 +1 1 1 1 0 1 0 0 0 0 0 0 1 1
cob=(2)
cfi=(220)
cfn=(758)
calls=1 0x34c40 -92 
* * 39 12 7 5 0 0 5 0 0 6 3

ob=(2)
fl=(97)
fn=(342)
0xc3d50 31 1 0 0 1 0 0 1
fi=(90)
+4 +8 1 1
+7 * 1 1
+6 +1 1
+2 * 1
+2 * 1
+6 * 1 0 0 0 0 0 0 0 0 1 1
+13 +1 1 1
+6 * 1 0 0 1 0 0 1
+3 * 1 0 0 0 0 0 0 0 0 1
+2 +4 1
+2 * 1
+5 * 1 0 0 0 0 0 0 0 0 1
+2 +3 1
+3 * 1
+7 * 1
+7 * 1
+4 * 1 1
fe=(97)

fn=(398)
0xc3db0 31 2
fi=(117)
+4 +7 2 2
+7 * 2 2 0 1 0 0 1
+6 +2 2
+2 * 2
+2 * 2
+6 * 2 0 0 0 0 0 0 0 0 2
+13 +1 2 2
+7 * 2 0 0 0 0 0 0 0 0 2
+2 +1 2 2
+6 * 2
+3 * 2 0 0 0 0 0 0 0 0 2
+2 +4 2
+2 * 2
+2 * 2
+5 * 2 0 0 0 0 0 0 0 0 2
+2 +3 2
+7 * 2 0 0 1 0 0 1
+3 * 2 0 0 0 0 0 0 0 0 2
+2 +3 2
+3 * 2
+7 * 2
+7 * 2
+4 * 2 2
fe=(97)

fl=(364)
fn=(1826)
0x5ecd0 1099 32640 0 0 1 0 0 1
+4 * 32640 0 32640
+1 * 32640
+3 * 32640 0 32640
+2 * 32640 0 32640
+2 * 32640
+3 * 32640 0 32640
+2 * 32640
+3 * 32640 0 32640
+2 * 32640 0 32640
+1 * 32640
+7 * 32640 0 32640 0 0 1
+7 +3 32640 32640
+5 -3 32640 32640 0 1 0 0 1
+9 * 32640 0 32640
+4 * 32640
+3 +3 32640
+4 * 32640 0 0 0 0 0 0 0 0 32640 2
+41 +13 32640
+3 * 32640 0 32640 1 0 0 1
+7 * 32640 0 32640
cob=(4)
cfi=(198)
cfn=(812)
calls=32640 0x4ccf250 0 
* * 522240 97920 0 1 1 0 0 1 0 65280 0 32640
+5 * 32640 32640
+3 * 32640 0 32640
+6 +1 32640 32640 0 0 1
+4 * 32640 0 0 0 0 0 0 0 0 32640
+2 * 32640
+2 * 32640 32640
+7 * 32640 0 0 0 0 0 0 0 0 32640 2
0x5edfe +31 32640 32640 0 1 0 0 1
+4 * 32640 32640
+9 * 32640 0 0 0 0 0 0 0 0 32640
+6 * 32640
+7 * 32640 32640
+1 * 32640 32640
+2 * 32640 32640
+2 * 32640 32640
+2 * 32640 32640
+2 * 32640 32640
+1 * 32640 32640
fi=(365) /usr/src/debug/glibc/glibc/stdio-common/../include/../locale/localeinfo.h
+6 330 32640 32640 0 1 1 0 1
+4 * 32640 32640 0 0 1
fe=(364)
+4 1111 32640 0 32640 0 0 1
fi=(365)
+7 330 32640 32640
fe=(364)
+4 1112 32640 0 32640 1 0 0 1
+7 * 32640
+30 +5 32640
+4 * 32640 0 0 0 0 0 0 0 0 32640 1
+52 +5 32640 32640 0 1 0 0 1
+3 * 32640 32640
+3 * 32640
+3 * 32640
+3 * 32640 32640
+7 * 32640
+3 * 32640 0 32640
cfn=(1830) __printf_fp_buffer_1.isra.0
calls=32640 0x5c810 138 
* * 63080913 13766955 8649313 94 13 10 85 7 0 10431142 260734 32640 1
+5 +4 32640

fn=(1840) hack_digit
0x5c6c0 91 588320 588320 0 1 0 0 1
+2 * 588320
+2 * 588320 0 0 0 0 0 0 0 0 588320
+2 * 588320 588320
+4 * 588320 0 0 0 0 0 0 0 0 588320 262
+6 -3 554880 0 554880
+1 * 554880
+3 * 554880
+4 +5 554880 554880
+4 +2 554880 554880
+4 -7 554880 0 554880
+4 * 554880
+3 +7 554880 554880
+4 -2 554880
+3 * 554880 0 0 0 0 0 0 0 0 554880 31
0x5c7a0 +2 554880 0 0 1 0 0 1
+4 * 554880 0 554880
+4 +1 554880
+5 * 554880
+3 -1 554880
+4 * 554880 554880
+3 +1 554880 0 554880
cfi=(330)
cfn=(1376)
calls=554880 0x55a50 -65 
* * 11652480 1664640 1109760 1 0 0 0 0 0 2219520 5
+5 +31 554880
+4 -31 554880 0 554880
+3 * 554880 554880
+4 +32 554880 554880
+4 * 554880
+3 * 554880 554880
+1 * 554880 554880
+1 -37 587691 587691 0 1 0 0 1
+3 +36 587691
+6 -36 587691
+3 * 587691 0 587691
+3 * 587691
+2 * 587691 0 0 0 0 0 0 0 0 587691 41745
+6 +37 33440
+3 * 33440 33440

fn=(1830)
0x5c810 138 32640 0 32640 1 0 0 1
+1 * 32640
+3 * 32640 0 32640
+2 * 32640 0 32640
+2 * 32640 0 32640
+2 * 32640 0 32640
+2 * 32640 0 32640 0 0 1
+1 * 32640
+7 * 32640 0 32640 0 0 1
+6 * 32640 0 32640
+7 * 32640 0 32640 0 0 1
+7 * 32640 0 32640
+6 * 32640 0 32640 1 0 0 1
+7 * 32640 32640
+9 * 32640 0 32640
+4 * 32640
+2 +21 32640 32640
+5 +18 32640 0 32640 0 0 1
+10 +10 32640 0 32640 0 0 1
+10 -28 32640
+2 * 32640
+3 * 32640
+3 * 32640
+2 * 32640
+3 * 32640
+3 * 32640 0 32640 1 0 0 1
+6 +62 32640
+2 * 32640 0 0 0 0 0 0 0 0 32640 1
0x5c998 +5 32640 32640 0 1 0 0 1
+7 * 32640 32640
+4 * 32640
+3 * 32640 0 0 0 0 0 0 0 0 32640 2
0x5ca60 1030 32640 32640 0 1 0 0 1
+4 * 32640 32640
+9 * 32640 0 0 0 0 0 0 0 0 32640
+6 * 32640
+4 * 32640 32640
+1 * 32640 32640
+2 * 32640 32640
+2 * 32640 32640
+2 * 32640 32640
+2 * 32640 32640
+1 * 32640 32640
+7 230 32640 32640 0 1 0 0 1
+5 * 32640
+4 * 32640 0 0 0 0 0 0 0 0 32640 2
+6 * 32640
+4 * 32640 32640 0 0 1 0 0 1
+8 * 32640 32640 0 0 1
+8 * 32640 0 0 0 0 0 0 0 0 32640 2
+87 +36 32640 32640 0 1 0 0 1
+6 +5 32640
+3 -49 32640 0 32640
+7 +44 32640
+2 * 32640
+2 * 32640
+3 * 32640
+3 +1 32640
+3 +1 32640
+3 +3 32640
+8 * 32640
+3 * 32640
+4 * 32640
+4 * 32640
+3 * 32640
+7 * 32640 0 0 1 0 0 1
+3 * 32640
+3 * 32640 0 0 0 0 0 0 0 0 32640 2
+22 * 32640
+5 * 32640
+3 * 32640
+3 * 32640 0 0 0 0 0 0 0 0 32640
+2 * 32640 0 32640
+5 +1 32640
+3 -1 32640
+5 +1 32640
+3 * 32640
+4 -1 32640
+4 +1 32640 0 0 1 0 0 1
+4 -1 32640 0 32640
+7 +1 32640
+3 * 32640
+7 * 32640
+3 * 32640
+3 * 32640 0 0 0 0 0 0 0 0 32640 2
+22 * 32640
+5 * 32640
+3 * 32640
+3 * 32640 0 0 0 0 0 0 0 0 32640
+2 * 32640 0 32640 1 0 1 1
+5 * 32640
+5 * 32640
+4 * 32640 0 32640
+4 +1 32640
+3 * 32640
+3 * 32640
+4 * 32640
+4 * 32640
+3 * 32640
+7 * 32640
+3 * 32640
+3 * 32640 0 0 0 0 0 0 0 0 32640 2
+22 * 32640 0 0 1 0 0 1
+5 * 32640
+3 * 32640
+3 * 32640 0 0 0 0 0 0 0 0 32640
+2 * 32640 0 32640 0 0 1
+5 * 32640
+5 +6 32640 0 32640
+8 -6 32640
+4 * 32640 0 32640
+4 +7 32640
+3 * 32640 0 0 0 0 0 0 0 0 32640 2
0x5cf30 665 32640 32640 0 1 0 0 1
+7 +9 32640 32640
+7 -9 32640 32640 0 1 0 0 1
+3 +9 32640 32640
+4 +6 32640 32640
+2 -15 32640 0 32640
+6 +9 32640 32640
+4 * 32640
+3 +6 32640 0 32640
+6 -6 32640 32640 0 0 1 0 0 1
+3 * 32640 0 32640
+6 +2 32640
+4 * 32640 0 0 0 0 0 0 0 0 32640
+6 +16 32640 32640
+6 -6 32640 32640
+7 * 32640 0 0 0 0 0 0 0 0 32640 2
+6 +20 32640 32640 0 1 0 0 1
+6 * 32640
+5 * 32640
+5 * 32640
+2 * 32640
+3 * 32640
+3 -12 32640 32640
+6 +12 32640 0 32640
+6 +1 32640
+2 * 32640 0 0 0 0 0 0 0 0 32640
+6 +1 32640
+3 * 32640 0 0 0 0 0 0 0 0 32640 38
+6 +13 32603 0 32603
+10 -13 32603 32603 0 1 0 0 1
+6 * 32603 0 32603
+6 +20 32603 32603
+6 +3 32603
+2 * 32603 32603
+7 -11 32603 0 32603
+10 +8 32603
+4 +3 32603 32603
+4 -3 32603 0 32603
+7 +10 32603 32603
+7 * 32603
+3 -7 32603
+3 * 32603 0 32603 1 0 0 1
+6 +7 32603 32603
+7 * 32603 0 0 0 0 0 0 0 0 32603 1
+6 +8 32640 32640
+7 * 32640
fi=(369) /usr/src/debug/glibc/glibc/stdio-common/../sysdeps/pthread/allocalim.h
+4 27 32640
fe=(364)
+3 746 32640 0 32640
fi=(369)
+7 27 32640 0 32640
cfi=(368)
cfn=(1836)
calls=32640 0x949c0 * 
* * 359040 65280 0 1 1 0 1
+5 +2 32640
+2 * 32640 0 0 0 0 0 0 0 0 32640 6
fe=(364)
+15 759 32640 32640 0 1 0 0 1
+7 * 32640
+3 -67 32640 32640
+6 +67 32640
+4 * 32640
+3 * 32640
+7 * 32640
+3 * 32640
+3 * 32640 0 0 0 0 0 0 0 0 32640 7278
+22 * 32640
+5 * 32640
+3 * 32640 0 0 1 0 0 1
+3 * 32640 0 0 0 0 0 0 0 0 32640
+2 * 32640 0 32640
fi=(369)
+5 29 32640 0 32640
fe=(364)
+10 759 32640
+5 * 32640
+4 * 32640 0 32640
+7 +1 32640 32640
+7 * 32640
+4 * 32640 0 32640
+7 +3 32640
+2 * 32640 0 0 0 0 0 0 0 0 32640
+6 * 32640 32640 0 1 0 0 1
+7 * 32640 0 0 0 0 0 0 0 0 32640 2
+6 +2 37 37
+7 * 37 0 0 0 0 0 0 0 0 37
+6 +4 37
+7 * 37
+3 * 37 0 37
cfn=(1840)
calls=37 0x5c6c0 91 
* * 1850 481 259 0 0 0 0 0 0 259 4
+5 * 37 37
+7 * 37 0 37
+10 * 37 0 37
+3 -3 37 37
+6 * 37 37
+7 * 37
+3 * 37
+5 +7 37 37
+7 * 37 37
+4 * 37 0 0 0 0 0 0 0 0 37 2
+2 * 37 37
+7 * 37
+3 * 37 0 0 0 0 0 0 0 0 37 2
+6 +2 37 37
+7 * 37
+4 * 37 0 37
+2 -4 37
+5 +17 37 0 37
+10 * 37 37
+7 -1 37
+3 +2 37
+3 +1 37
+3 * 37 0 0 0 0 0 0 0 0 37 37
-26 -2 32603 0 32603 1 0 0 1
+10 * 32603 32603
+7 -1 32603
+3 +2 32603
+3 +1 32603
+3 * 32603 0 0 0 0 0 0 0 0 32603
-6 -1 33440
+3 +1 33440
+3 * 33440 0 0 0 0 0 0 0 0 33440
+2 * 588283 588283
+7 * 588283 0 0 0 0 0 0 0 0 588283 34334
+6 * 555643 555643
+8 * 555643 0 0 0 0 0 0 0 0 555643 4
+6 +3 555643
+3 -1 555643
+4 +2 555643 0 0 1 0 0 1
+4 -1 555643 0 555643
cfn=(1840)
calls=555643 0x5c6c0 91 
* * 29674758 7444047 4210509 4 0 0 3 0 0 4277389 41988
+5 * 555643 0 555643
+4 +3 555643
+2 * 555643 0 0 0 0 0 0 0 0 555643 54450
+2 * 83304
+2 * 83304 0 0 0 0 0 0 0 0 83304 2
+6 -1 522203
+5 -6 522203
+3 +1 522203
+3 * 522203 0 0 0 0 0 0 0 0 522203 6
0x5d210 230 32640 0 0 1 0 0 1
+4 * 32640
+7 * 32640
+5 * 32640
+7 * 32640
+3 * 32640 0 32640
cfi=(366)
cfn=(1832)
calls=32640 0x56980 33 
* * 685440 32640 130560 2 0 0 2 0 0 32640 2
+5 * 32640
+2 * 32640
+3 * 32640
+3 * 32640
+3 +4 32640
0x5d369 805 32640 32640 0 1 0 0 1
+5 * 32640 32640
+6 * 32640 0 0 0 0 0 0 0 0 32640 2
+7 +1 32640
+3 * 32640 0 32640 1 0 0 1
+6 * 32640 0 32640
cfn=(1840)
calls=32640 0x5c6c0 91 
* * 1827618 456923 261083 0 0 0 0 0 0 261083 51
+5 +2 32640 32640
+6 * 32640
+2 -2 32640
+2 +2 32640
+4 * 32640
+2 * 32640
+3 * 32640
+3 * 32640 0 0 0 0 0 0 0 0 32640 7828
+2 +2 6640 6640
+7 * 6640
+4 * 6640 0 0 0 0 0 0 0 0 6640 6
+6 +3 6640 6640
+5 * 6640 0 0 0 0 0 0 0 0 6640
+6 +5 6640 6640
+7 * 6640
+12 * 7316
+4 * 7316 7316
+5 * 7316 0 0 0 0 0 0 0 0 7316 743
+6 * 7316
+3 * 7316 0 0 0 0 0 0 0 0 7316 4
fi=(370) /usr/src/debug/glibc/glibc/stdio-common/../sysdeps/generic/get-rounding-mode.h
+14 94 32640 0 32640 1 0 0 1
+6 +1 32640 32640
+7 * 32640 0 0 1 0 0 1
+4 * 32640
+4 * 32640 0 0 0 0 0 0 0 0 32640
+6 * 32640
+4 * 32640 0 0 0 0 0 0 0 0 32640
+2 * 32640
+4 * 32640 0 0 0 0 0 0 0 0 32640
fi=(371) /usr/src/debug/glibc/glibc/stdio-common/../include/rounding-mode.h
+6 -43 32640
+3 * 32640 0 0 0 0 0 0 0 0 32640 16129
+2 * 16331
+3 * 16331 0 0 0 0 0 0 0 0 16331 8233
+6 +6 8211
+3 * 8211 0 0 0 0 0 0 0 0 8211 1676
fe=(364)
+6 935 16309 16309
+6 -11 16309
+3 * 16309 0 0 0 0 0 0 0 0 16309 4
+5 +3 3626
+4 -1 3626
+4 -2 3626
+3 * 3626 0 0 0 0 0 0 0 0 3626 172
+2 * 36266 36266 0 1 0 0 1
+5 * 36266 0 0 0 0 0 0 0 0 36266 2179
+2 +7 32640
+3 * 32640 0 0 0 0 0 0 0 0 32640 14
+34 +4 32640
+3 * 32640 0 0 1 0 0 1 0 0 32640 49
+6 +2 37 37
+7 * 37
+3 * 37 0 0 0 0 0 0 0 0 37 7
+6 +19 37 0 37
+3 +1 37 37
+7 * 37
+2 * 37
+3 * 37
+3 * 37 0 37
+4 +4 37 37
+6 * 37
+3 * 37 0 0 0 0 0 0 0 0 37 6
0x5d530 +14 37
+3 * 37
+4 * 37 0 37
+2 +5 37 37
+7 * 37 37
+4 * 37 37
+7 * 37 0 0 0 0 0 0 0 0 37 4
-18 * 32603 32603 0 1 0 0 1
+7 * 32603 32603 0 1 0 0 1
+4 * 32603 32603
+7 * 32603 0 0 0 0 0 0 0 0 32603 9
+10 +3 32640 0 32640
+10 * 32640
+2 +4 32640 32640
+6 +9 32640
+2 -5 32640
+3 -3 32640 32640
+7 +3 32640 32640
+7 +5 32640
+3 -9 32640
+2 * 32640 0 0 1 0 0 1 0 0 32640 16305
+6 +1 16454
+4 +6 16454
+3 * 16454
+3 +2 16454
+2 * 16454 0 0 0 0 0 0 0 0 16454
+2 * 16454 16454
+7 * 16454 16454
+3 * 16454
+3 * 16454 0 0 0 0 0 0 0 0 16454
fi=(372) /usr/src/debug/glibc/glibc/stdio-common/../include/printf_buffer.h
+2 163 16454
+3 * 16454 0 0 0 0 0 0 0 0 16454
+6 -15 16454 16454
+7 * 16454 16454
+4 * 16454 16454
+4 * 16454 0 0 0 0 0 0 0 0 16454
+6 +1 16454 0 0 1 0 0 1
+4 * 16454 0 16454
+4 * 16454 0 16454
fe=(364)
+3 1006 16454 16454
+7 * 16454 16454
+4 * 16454
+3 * 16454 0 0 0 0 0 0 0 0 16454
-3 * 16186
+3 * 16186 0 0 0 0 0 0 0 0 16186
fi=(372)
+2 163 32640 32640
+7 * 32640 32640
+4 * 32640 0 0 0 0 0 0 0 0 32640 4
fe=(364)
+11 1009 32640 32640
+6 * 32640
+2 * 32640 0 0 0 0 0 0 0 0 32640 2
0x5d690 799 33440 33440 0 1 0 0 1
+6 * 33440 33440
+6 -1 33440 0 33440
+7 * 33440
+3 * 33440
+2 * 33440
+3 * 33440 0 33440
+6 * 33440
+2 * 33440
+2 * 33440
+4 * 33440
+48 1022 32640 32640 0 1 0 0 1
+7 * 32640 32640
+7 * 32640
+3 * 32640 0 32640
cfi=(363)
cfn=(1824)
calls=32640 0x5c5d0 27 
* * 1632014 456960 293760 4 1 0 2 0 0 195847 21 32640 1
+5 +2 32640 32640 0 1 0 0 1
+7 * 32640 32640
+4 * 32640 0 0 0 0 0 0 0 0 32640 4
+26 +4 32640 32640
+7 * 32640 0 0 0 0 0 0 0 0 32640 4
+42 483 32640 0 0 1 0 0 1
+2 * 32640 0 0 0 0 0 0 0 0 32640 1
0x5d7c8 987 16186 0 0 1 0 0 1
+3 * 16186 0 0 0 0 0 0 0 0 16186 5
+20 +9 16186 16186
+7 * 16186 16186
+3 * 16186
+3 * 16186 0 0 0 0 0 0 0 0 16186
fi=(372)
+2 163 16186
+3 * 16186 0 0 0 0 0 0 0 0 16186
+6 * 16186
fe=(364)
+9 1001 16186 0 0 1 0 0 1
+3 * 16186 0 0 0 0 0 0 0 0 16186
+6 +2 16186
+3 * 16186 0 0 0 0 0 0 0 0 16186 2
+85 830 16331 0 0 1 0 0 1
+3 * 16331 0 0 0 0 0 0 0 0 16331
+6 +10 16331 16331
+7 +15 16331 16331
+5 -20 16331
+4 * 16331 16331 0 1 0 0 1
+7 +5 16331
+3 * 16331
+4 -6 16331
+2 +1 16331 16331
+6 * 16331 0 0 0 0 0 0 0 0 16331 2
+16 +2 1820 0 1820
+3 -2 1820 1820
+4 * 1820
+4 +3 1820
+3 -3 1820
+2 * 1820 0 0 0 0 0 0 0 0 1820
+6 * 18151
+3 * 18151 0 0 0 0 0 0 0 0 18151 1983
+2 +5 16331 16331 0 1 0 0 1
+6 * 16331 16331
+6 * 16331
+4 * 16331
+4 * 16331
+2 * 16331
+2 +2 16331 16331
+6 * 16331 0 0 0 0 0 0 0 0 16331 2
+6 +2 16331
+3 * 16331 0 16331
+2 +80 16331 16331
+6 * 16331
+2 -69 16331 16331
+6 * 16331 0 0 0 0 0 0 0 0 16331
+6 +80 16331 16331
+6 -11 16331 0 0 1 0 0 1
+3 * 16331 0 0 0 0 0 0 0 0 16331 5
0x5da2c +42 37 0 37 1 0 0 1
+5 * 37
+4 +9 37 37
+6 * 37
+29 809 6640 0 0 1 0 0 1
+5 * 6640
0x5db30 -78 37 0 37 1 0 0 1
+10 -20 37
+3 +20 37
+2 -20 37 0 37 1 0 0 1
+6 +3 37 37
+6 * 37
+3 * 37
+3 * 37 0 37
+6 +2 37
+4 * 37 0 37
+7 +15 37 37
+7 * 37 37
+4 * 37
+3 * 37 0 37
+6 * 37
0x5dcae +43 37 37 0 1 0 0 1
+7 * 37
+3 * 37 0 0 0 0 0 0 0 0 37
+6 * 37 37 0 1 0 0 1
+8 * 37 0 0 0 0 0 0 0 0 37 2
+92 +7 32603 32603 0 1 0 0 1
+7 +2 32603 32603
+7 669 32603 0 32603
+10 * 32603 0 0 1 0 0 1
+7 781 32603 0 32603
+4 +2 32603
+4 -1 32603 0 32603
+7 +1 32603 0 32603
+4 * 32603
0x5ddfe 499 32640 0 0 1 0 0 1
+2 * 32640 0 0 1 0 0 1
+3 * 32640 0 32640 0 0 1
cfi=(331)
cfn=(1380)
calls=32640 0x55500 28 
* * 522240 65280 32640 2 0 0 0 0 0 97920 4
+5 +1 32640 32640
+7 * 32640 32640
+7 * 32640
+4 * 32640 0 32640
+7 * 32640 0 32640
+4 +1 32640
+4 * 32640 0 0 0 0 0 0 0 0 32640 1
+31 +2 32640 0 32640 1 0 0 1
+10 +1 32640 32640
+6 * 32640
+2 +7 32640 32640 0 0 1 0 0 1
+6 -7 32640 0 32640
+6 +7 32640 0 0 0 0 0 0 0 0 32640
+26 +7 31531 31531 0 1 0 0 1
+5 +7 31531 31531 0 0 1
+4 -6 31531
+7 -1 31531 31531
+7 * 31531
+4 +1 31531
+5 * 31531 31531
+4 -1 31531
+3 * 31531 0 0 0 0 0 0 0 0 31531 6
+17 +9 31531 31531
+5 * 31531 31531 0 1 0 0 1
+7 +4 31531 31531
+4 -4 31531
+3 * 31531
+4 * 31531
+4 +4 31531
+5 -4 31531 0 31531
+4 +4 31531 31531
+3 * 31531
+3 * 31531 0 0 0 0 0 0 0 0 31531 56
+6 * 31531
+4 * 31531
+4 * 31531
+3 +1 31531
+3 * 31531
+3 +1 31531
+2 * 31531
+3 * 31531
+4 * 31531
+3 +2 31531 31531
+5 * 31531 0 0 0 0 0 0 0 0 31531
+6 +5 31531 31531
+6 * 31531
+3 * 31531
+2 * 31531
+3 * 31531 0 0 0 0 0 0 0 0 31531 6297
+6 +22 26083
+3 * 26083
+3 * 26083 0 0 0 0 0 0 0 0 26083 130
+6 +61 31531
+4 * 31531 0 0 0 0 0 0 0 0 31531 676
+6 * 33404 0 0 1 0 0 1
+2 * 33404 0 0 1 0 0 1 0 0 33404 305
+6 -2 33066
+3 509 33066
+4 621 33066
+4 511 33066 33066 0 0 1 0 0 1
+5 * 33066 0 0 0 0 0 0 0 0 33066 4
+2 623 164735
+4 * 164735 0 0 0 0 0 0 0 0 164735 1500
+6 -2 163200
+4 509 163200
+4 +2 163200 163200 0 0 1 0 0 1
+3 * 163200 0 0 0 0 0 0 0 0 163200 764
+2 623 162436
+3 * 162436 0 0 0 0 0 0 0 0 162436
+6 509 162436
+3 * 162436
+4 621 162436
+4 511 162436 162436 0 1 2 0 1 1
+5 * 162436 0 0 0 0 0 0 0 0 162436 30380
+2 * 30378
+10 * 30378 30378
+7 * 30378
-7 * 389 389
+7 * 389
+25 +13 31531
+3 * 31531
+3 * 31531
+3 * 31531
+3 * 31531 0 31531 1 0 0 1
cfi=(329)
cfn=(1374)
calls=31531 0x55680 48 
* * 2333294 504496 409903 5 2 2 1 1 0 252248 13
+5 * 31531
+15 * 764 764
+7 +97 764
+3 * 764
+6 -79 5448
+4 * 5448 0 0 0 0 0 0 0 0 5448
+6 +4 5448
+5 * 5448
+5 -2 5448 0 5448
+8 +2 5448
+3 * 5448 0 0 1 0 0 1
+3 +16 5448
+3 -16 5448 0 5448
+4 +16 5448
+3 * 5448 0 0 0 0 0 0 0 0 5448
+6 +2 5448 5448
+3 * 5448 0 0 0 0 0 0 0 0 5448 2682
+2 +1 2385 0 0 0 0 0 0 0 0 2385 74
+2 +58 2385
+2 * 2385
+5 -57 74 74
+4 * 74 74
+5 * 74 0 0 0 0 0 0 0 0 74 2
+2 +4 3063
+3 +1 3063
+5 * 3063
+3 -1 3063 0 3063
+6 +1 3063
+2 * 3063
+2 +5 3063
+3 +3 3063 3063
+3 * 3063
+3 * 3063 0 0 0 0 0 0 0 0 3063 1
-9 -3 18140
+3 +3 18140 18140
+3 * 18140
+3 * 18140 0 0 0 0 0 0 0 0 18140 1
-6 * 7815 7815 0 1 0 0 1
+3 * 7815
+3 * 7815 0 0 0 0 0 0 0 0 7815 1
+92 +34 29018 29018 0 1 0 0 1
+7 * 29018 0 29018
cfi=(367)
cfn=(1834)
calls=29018 0x566d0 28 
* * 522324 87054 58036 3 0 0 3 0 0 116072 14
+5 +3 29018 29018
+4 * 29018
+3 * 29018 0 29018
+7 +7 29018 29018
+6 * 29018
+13 -52 25955 0 0 1 0 0 1
+5 * 25955
+3 -1 25955
+3 +1 25955
+2 -1 25955 0 25955
+6 +1 25955
+2 +4 25955
+2 * 25955 0 0 0 0 0 0 0 0 25955 9443
+6 * 18140
+5 +50 30767
+2 * 30767 0 0 0 0 0 0 0 0 30767 4273
+6 +4 7442 7442 0 1 0 0 1
+7 * 7442 7442
+4 * 7442
+5 * 7442 7442
+7 * 7442 0 7442
cfi=(330)
cfn=(1376)
calls=7442 0x55a50 31 
* * 245586 29768 22326 0 0 0 0 0 0 22326 1506
+5 +1 7442 7442
+7 +1 7442 7442
+4 -1 7442 0 7442
+4 +1 7442
+3 * 7442 0 0 0 0 0 0 0 0 7442 8
+14 +3 7442 7442
+6 * 7442 0 0 1 0 0 1
+5 -1 7442 7442
+3 +3 7442 7442
+7 -2 7442
+2 * 7442
+3 -1 7442
+3 * 7442 0 0 0 0 0 0 0 0 7442
+6 * 7442
+5 +1 7442
+2 * 7442 0 0 0 0 0 0 0 0 7442 1497
+54 +9 7442 7442
+4 * 7442 0 7442
+7 +2 7442 7442
+6 * 7442 0 0 0 0 0 0 0 0 7442 7442
+6 -1 7442
+3 +3 7442 0 7442
+6 * 7442
-6 * 25198 0 25198 1 0 0 1
+6 * 25198
0x5e2eb 994 16186 0 0 1 0 0 1
+3 * 16186
+3 +2 16186
+2 * 16186 0 0 0 0 0 0 0 0 16186 6
0x5e51d 511 32640 0 0 1 0 0 1
+6 * 32640
+7 * 32640
+2 * 32640
0x5e62c 937 37 37 0 1 0 0 1
+7 * 37 0 0 0 0 0 0 0 0 37 6
0x5e7af 642 7442 0 0 1 0 0 1
+3 * 7442 0 7442
cfi=(367)
cfn=(1834)
calls=7442 0x566d0 28 
* * 133956 22326 14884 0 0 0 0 0 0 29768 8
+5 +3 7442 7442
+7 * 7442 0 0 1 0 0 1
0x5e839 -65 29018 0 0 1 0 0 1
+4 * 29018 0 0 1 0 0 1 0 0 29018
+6 +10 29018
+5 -3 29018
+5 +3 29018
+3 * 29018
+2 * 29018 0 0 0 0 0 0 0 0 29018 3
+2 * 29018
+3 * 29018

fl=(105)
fn=(366)
0x129460 29 2 0 0 1 0 0 1
fi=(94)
+4 +27 2 2
+7 +1 2
+7 -1 2 2
+6 +1 2
+3 * 2 0 0 0 0 0 0 0 0 2 2
+5 +3 2 2 0 1 1 0 1
+6 * 2
+6 * 2 0 0 0 0 0 0 0 0 2 2
+52 +14 2 0 0 1 0 0 1
+3 * 2 0 0 0 0 0 0 0 0 2 2
+53 +3 2
+2 * 2 0 0 0 0 0 0 0 0 2
+2 +8 2 0 0 1 0 0 1
+6 * 2 0 0 0 0 0 0 0 0 2
+2 +8 2
+3 * 2 0 0 0 0 0 0 0 0 2
+2 +3 2
+6 * 2
+7 * 2
+7 * 2
+4 * 2 2
fe=(105)

fl=(121)
fn=(412)
0xad570 31 1
fi=(122)
+4 +4 1 1
+7 * 1 1 0 1 0 0 1
+6 * 1
+3 * 1 0 0 0 0 0 0 0 0 1
+2 +1 1 1
+6 * 1
+3 * 1 0 0 0 0 0 0 0 0 1
+2 +4 1
+2 * 1
+2 * 1
+5 * 1 0 0 0 0 0 0 0 0 1 1
+2 +3 1
+7 * 1
+3 * 1 0 0 0 0 0 0 0 0 1
+2 +3 1
+3 * 1
+7 * 1
+7 * 1
+4 * 1 1
fe=(121)

fl=(131)
fn=(438)
0xac680 29 2 0 0 1 0 0 1
fi=(132) /usr/src/debug/glibc/glibc/string/../sysdeps/x86_64/multiarch/ifunc-memcmp.h
+4 +5 2 2
+7 * 2 2 0 0 1
+6 * 2
+2 * 2
+2 * 2
+6 * 2 0 0 0 0 0 0 0 0 2 1
+13 +1 2 2
+7 * 2 0 0 0 0 0 0 0 0 2
+2 +2 2 2 0 0 1
+6 * 2
+3 * 2 0 0 0 0 0 0 0 0 2
+2 +4 2
+2 * 2
+2 * 2 0 0 1 0 0 1
+5 * 2 0 0 0 0 0 0 0 0 2
+2 +3 2
+7 * 2
+3 * 2 0 0 0 0 0 0 0 0 2
+2 +3 2
+3 * 2
+7 * 2
+7 * 2
+4 * 2 2
fe=(131)

fl=(373)
fn=(1848)
0x5c070 25 32640 0 0 1 0 0 1
+4 +1 32640 32640
+3 * 32640
+2 * 32640 0 0 0 0 0 0 0 0 32640
+2 +5 32640 32640
+4 * 32640 32640 0 1 0 0 1
+3 +2 32640
+2 * 32640
+3 * 32640 32640
+4 * 32640 0 0 0 0 0 0 0 0 32640
+2 * 32640
+3 * 32640 0 0 0 0 0 0 0 0 32640
+2 * 32640
+3 * 32640
+3 * 32640 0 0 0 0 0 0 0 0 32640 2
+2 * 32640
+2 * 32640 0 0 0 0 0 0 0 0 32640 1
+2 +7 32640 32640

fl=(103)
fn=(358)
0xac770 29 5 0 0 2 0 0 1
fi=(88)
+4 +27 5 5
+7 +1 5 0 0 2 0 0 1
+7 -1 5 5
+6 +1 5
+3 * 5 0 0 0 0 0 0 0 0 5 3
+5 +3 5 5 0 0 1
+6 * 5
+6 * 5 0 0 0 0 0 0 0 0 5 3
+52 +14 5 0 0 2 0 0 1
+3 * 5 0 0 0 0 0 0 0 0 5 3
+53 +3 5 0 0 2 0 0 1
+2 * 5 0 0 0 0 0 0 0 0 5
+2 +8 5
+6 * 5 0 0 0 0 0 0 0 0 5
+2 +8 5
+3 * 5 0 0 0 0 0 0 0 0 5
+2 +3 5
+6 * 5
+7 * 5
+7 * 5
+4 * 5 5
fe=(103)

fl=(239)
fn=(810)
0x121c50 26 10 0 0 1 0 0 1
+4 * 10 0 10
+1 * 10
+3 * 10 0 10
+2 * 10 0 10
+2 * 10
+3 * 10 0 10
+2 * 10 0 10
+2 +7 10
+3 -7 10 0 10
+1 * 10
+3 * 10
+4 +3 10 0 10
cob=(4)
cfi=(198)
cfn=(812)
calls=10 0x4ccf250 -29 
* * 160 30 0 2 4 0 2 3 0 20 1 10 1
+5 * 10
+3 +3 10 10
+3 * 10 0 10
+4 * 10 10 0 1 1 0 1
+7 +1 10
+12 +7 48
+5 +1 48 48
+3 * 48 0 0 0 0 0 0 0 0 48 2
+2 -8 48
+4 +2 48
+3 * 48 0 48
cob=(4)
cfi=(198)
cfn=(812)
calls=48 0x4ccf250 -35 
* * 768 144 0 0 1 0 0 1 0 96 3 48
-3 * 10
+3 * 10 0 10
cob=(4)
cfi=(198)
cfn=(812)
calls=10 0x4ccf250 -35 
* * 160 30 0 0 1 0 0 1 0 20 3 10
+5 * 58
+3 +2 58
+3 * 58 0 0 0 0 0 0 0 0 58 10
+2 * 49
+3 * 49
+3 * 49
+3 * 49 49 49 0 0 0 0 0 0 0 0 49 1
cfi=(241)
cfn=(816)
calls=49 0x171860 +36 
* * 1119 227 0 5 0 0 5 0 0 226 31
+6 * 49
+2 * 49 0 0 1 0 0 1 0 0 49 4
+2 +8 10 10
+4 * 10 10 0 0 1
+7 +1 10 10 0 0 2
+5 +1 10
+4 * 10 10
+1 * 10 10
+2 * 10 10
+2 * 10 10
+2 * 10 10
+2 * 10 10
+1 * 10 10

fl=(278)
fn=(1014)
0x3e4e0 28 1 0 0 1 0 0 1
+4 +2 1
+2 +2 1
cfi=(279)
cfn=(1016)
calls=1 0x3e410 -1 
* * 28 6 9 3 1 0 3 0 0 2 1

fl=(288)
fn=(1368)
0x171f90 249 124402 0 0 1 0 0 1
+4 +1 124402
+3 +1 124402 0 0 0 0 0 0 0 0 124402
+6 * 124402
+2 * 124402
+11 * 124402
+11 * 124402
+11 +4 124402
+4 +1 124402
+3 +6 124402
+4 +1 124402 0 0 0 0 0 0 0 0 124402 6
+37 +42 124402
+3 +1 124402 0 0 0 0 0 0 0 0 124402
+2 +2 124402
+3 +1 124402 0 0 0 0 0 0 0 0 124402 5
+72 +55 124402 124402 0 1 6 0 0 1
+5 +1 124402 124402
+3 +1 124402 0 124402 0 0 2
+3 +1 124402 0 124402
+5 +1 124402 124402

fn=(1060)
0x171fc0 255 98498 0 0 3 0 0 1
+4 +1 98498
+3 +6 98498
+4 +1 98498 0 0 0 0 0 0 0 0 98498 131
+2 +2 565 565 0 0 7
+4 +1 565
+4 +1 565 0 0 0 0 0 0 0 0 565 20
+6 +3 9 9
+6 +1 9 0 9
+4 +1 9 0 9
+6 +3 9
+3 * 9 9
+2 +30 97933
+3 +1 97933 0 0 0 0 0 0 0 0 97933 30
+2 +2 23
+3 +1 23 0 0 0 0 0 0 0 0 23 10
+2 +2 1
+3 +4 1 0 0 0 0 0 0 0 0 1 1
+24 +16 1 1 0 1 0 0 1
+4 +1 1 1
+2 +1 1 0 1
+4 +1 1 0 1
+2 +1 1 1
+1 +7 97910 97910
+4 +1 97910 97910
+6 +1 97910 0 97910
+4 +1 97910 0 97910
+6 +2 97910 97910
+10 +17 22 22 0 3 0 0 1
+5 +1 22 22
+3 +1 22 0 22
+3 +1 22 0 22
+5 +1 22 22
+1 +7 1 1
+6 +1 1 1
+6 +1 1 0 1
+4 +1 1 0 1 0 0 1
+5 +1 1 0 1
+6 +1 1 0 1
+6 +1 1
+3 * 1 1
+11 +5 556 556 0 2 17 0 1
+7 +1 556 0 0 0 0 0 0 0 0 556 3
+6 +5 551
+7 +1 551 0 0 0 0 0 0 0 0 551 8
+2 +2 2 2 0 0 1
+5 +1 2
+7 +1 2 0 0 0 0 0 0 0 0 2 1
+2 +2 1 1
+5 +1 1 1
+5 +1 1 1
+6 +1 1 1
+6 +1 1 1
+6 +1 1 1 0 1
+6 +1 1 0 1 0 0 1
+4 +1 1 0 1
+5 +1 1 0 1 0 0 1
+5 +1 1 0 1
+5 +1 1 0 1
+6 +1 1 0 1 0 0 1
+6 +1 1 0 1
+6 +1 1 0 1
+6 +1 1
+3 * 1 1
+1 +4 549 0 0 1 0 0 1
+3 +1 549
+3 +4 549
+3 +2 549 0 0 1 0 0 1 0 0 549
+6 +4 549 549 0 0 11
+7 +1 549 0 0 0 0 0 0 0 0 549
+6 +11 549
+4 +3 549
+3 +2 549
+4 +2 549
+6 +4 549
+3 +1 549 0 0 0 0 0 0 0 0 549 132
+6 +9 431 431
+6 +1 431 431
+6 +2 431
+3 +2 431
+4 +1 431 431 0 11 0 0 1
+6 +1 431 431 0 0 1
+6 +3 431
+3 +2 431
+3 +2 431
+3 +2 431
+5 * 431
+8 +6 431 431 0 0 2
+4 +1 431 431
+5 +1 431 431 0 0 2
+5 +1 431 431
+5 +1 431
+4 +1 431 0 431 0 0 3 0 0 1
+4 +1 431 0 431 0 0 4
+5 +1 431 0 431 0 0 7 0 0 1
+5 +1 431 0 431 0 0 5
+5 +1 431
+4 +1 431
+3 +1 431 0 0 0 0 0 0 0 0 431 156
-49 -11 3950 3950 0 0 20
+4 +1 3950 3950
+5 +1 3950 3950 0 0 18
+5 +1 3950 3950
+5 +1 3950
+4 +1 3950 0 3950 0 0 66 0 0 10
+4 +1 3950 0 3950 0 0 45
+5 +1 3950 0 3950 0 0 67 0 0 10
+5 +1 3950 0 3950 0 0 44
+5 +1 3950
+4 +1 3950
+3 +1 3950 0 0 0 0 0 0 0 0 3950 449
+2 +2 431 0 431 0 0 6 0 0 1
+5 +1 431 0 431 0 0 4
+5 +1 431 0 431
+5 +1 431 0 431
+4 +2 431 0 431
+4 +4 431
+3 * 431 431
+8 +13 118 118 0 1 0 0 1
+5 +1 118 118 0 0 3
+5 +2 118 0 0 3 0 0 1
+8 +1 118 118
+5 +1 118 118
+6 +2 118
+3 +2 118
+4 +2 118
+3 * 118
+4 +6 118 118
+5 +1 118 118
+5 +1 118 118 0 0 1
+5 +1 118 118 0 0 1
+4 +1 118
+4 +1 118 0 118 0 0 5 0 0 1
+5 +1 118 0 118 3 0 0 1
+5 +1 118 0 118 0 0 5 0 0 1
+5 +1 118 0 118
+4 +1 118
+4 +1 118
+3 +1 118 0 0 0 0 0 0 0 0 118 2
-49 -11 1244 1244 0 0 32
+5 +1 1244 1244 0 0 62
+5 +1 1244 1244 0 0 30
+5 +1 1244 1244 0 0 61
+4 +1 1244
+4 +1 1244 0 1244 0 0 42 0 0 10
+5 +1 1244 0 1244
+5 +1 1244 0 1244 0 0 42 0 0 10
+5 +1 1244 0 1244
+4 +1 1244
+4 +1 1244
+3 +1 1244 0 0 0 0 0 0 0 0 1244 130
+2 +2 118 0 118
+4 +1 118 0 118 0 0 5 0 0 1
+5 +1 118 0 118
+5 +1 118 0 118
+5 +2 118 0 118
+6 +1 118
+3 * 118 118
+17 +9 5 5 0 1 4 0 1
+5 +7 5
+6 +1 5 0 0 0 0 0 0 0 0 5 1
+2 +6 4
+3 +3 4
+5 +2 4
+4 +3 4
+5 +1 4
+3 +2 4
+3 +2 4 4 4 0 0 3 0 0 3 4 2
* * 441168 441164 441164 0 6891 6860 0 0 6858 441168 18
+2 +2 4 0 4 0 0 3
+5 +2 4 0 4 0 0 2
+6 +2 4
+3 * 4 4 0 0 3
+12 +5 5 0 0 1 0 0 1
+3 +1 5
+3 +4 5
+3 +2 5 0 0 0 0 0 0 0 0 5
+6 +3 5
+3 +4 5 5 0 0 5
+7 +1 5 0 0 0 0 0 0 0 0 5
+2 +4 5 5
+7 +4 5 0 0 0 0 0 0 0 0 5 2
+16 +24 1
+3 +2 1
+4 +2 1
+4 +2 1 0 0 1 0 0 1
+4 +3 1
+3 +1 1
+3 +2 1 1 1 0 0 1 0 0 1 1 1
* * 65488 65487 65487 0 1023 1023 0 0 994 65488 7
+2 +3 1 0 1 0 0 1
+5 +2 1 0 1 0 0 1
+6 +2 1
+3 * 1 1 0 0 1

fl=(276) /usr/src/debug/glibc/glibc/csu/../csu/libc-start.c
fn=(998) __libc_start_main@@GLIBC_2.34
0x277f0 242 1 0 0 1 0 0 1
+4 * 1 0 1
+1 * 1
+3 * 1 0 1
+2 * 1 0 1
+2 * 1
+3 * 1 0 1 1 0 0 1
+2 * 1
+3 * 1 0 1
+2 * 1
+3 * 1 0 1
+1 * 1
+4 * 1 0 1
+4 +69 1
+3 * 1 0 0 0 0 0 0 0 0 1
+2 +1 1
+2 * 1
+2 * 1
+3 * 1 0 1
cfi=(255)
cfn=(900)
calls=1 0x40950 67 
* * 76 13 15 0 0 1 0 0 1 10 3
+5 +25 1 1
+7 * 1 1
+2 * 1
+2 * 1 0 1
+3 * 1
+3 * 1 0 0 0 0 0 0 0 0 1
+6 +6 1 1 0 1 0 0 1
+7 * 1 1
+3 -3 1
+3 * 1 0 0 0 0 0 0 0 0 1 1
+18 +10 1 1
+3 * 1 1 1 0 0 0 0 0 0 0 0 1 1
cob=(1)
cfi=(50)
cfn=(1010)
calls=1 0x1a040 118 
* * 5 2 0 1 1 0 1 0 0 1
+6 +2 1
+2 * 1 0 0 0 0 0 0 0 0 1
+6 +8 1 1
+4 * 1
+3 * 1
+3 * 1 0 1
cfi=(277)
cfn=(1012)
calls=1 0x276c0 30 
* * 3850010380 1807773247 614138503 7249 1096959 38234 1027 226 28831 202294454 1224317 4719920 2843
+5 128 1 1
+7 * 1 1 0 1 1 0 1
+3 +6 1 1 0 0 1
+7 * 1
+3 * 1 0 0 0 0 0 0 0 0 1
+2 +1 1 0 1
+4 * 1 1 0 0 1
+4 * 1
+3 * 1
+3 * 1 1
+3 * 1 0 1 0 0 0 0 0 0 0 0 1 1
cob=(4)
cfi=(198)
cfn=(1000)
calls=1 0x4002000 0 
* * 7 2 0 1 0 0 1 0 0 1 1
+2 * 1 1
+4 +3 1 1 0 0 1
+7 +1 1
+3 * 1 0 0 0 0 0 0 0 0 1
+2 +3 1 1
+7 * 1 1 0 0 1
+4 * 1 0 0 1 0 0 1
+4 +2 1
+2 * 1 0 0 0 0 0 0 0 0 1
+2 -1 1 1
+3 * 1 1
+4 * 1
+3 * 1
+4 * 1
+4 * 1 0 1
+4 * 1
+13 +2 1 0 1
+4 * 1
+3 * 1
+3 * 1 1 1 0 1 0 0 0 0 0 0 1 1
cob=(8)
cfi=(275)
cfn=(1004) 0x0000000000002340
calls=1 0x2340 0 
* * 12 1 0 3 0 0 3 0 0 1 1
+2 -1 1
+3 * 1 1
+4 * 1 0 0 0 0 0 0 0 0 1
+2 * 1 0 0 1 0 0 1

fl=(87)
fn=(322)
0xad180 33 1 0 0 1 0 0 1
fi=(88)
+4 +23 1 1
+7 +1 1
+7 -1 1 1
+6 +1 1
+3 * 1 0 0 0 0 0 0 0 0 1 1
+5 +3 1 1
+6 * 1
+6 * 1 0 0 0 0 0 0 0 0 1 1
+52 +14 1 0 0 1 0 0 1
+3 * 1 0 0 0 0 0 0 0 0 1 1
+53 +3 1 0 0 1 0 0 1
+2 * 1 0 0 0 0 0 0 0 0 1
+2 +8 1
+6 * 1 0 0 0 0 0 0 0 0 1
+2 +8 1
+3 * 1 0 0 0 0 0 0 0 0 1
+2 +3 1
+6 * 1
+7 * 1
+7 * 1 0 0 1 0 0 1
+4 * 1 1
fe=(87)

fl=(93)
fn=(334)
0x129570 29 2 0 0 1 0 0 1
fi=(94)
+4 +27 2 2
+7 +1 2 0 0 1 0 0 1
+7 -1 2 2
+6 +1 2
+3 * 2 0 0 0 0 0 0 0 0 2 1
+5 +3 2 2
+6 * 2
+6 * 2 0 0 0 0 0 0 0 0 2 1
+52 +14 2 0 0 1 0 0 1
+3 * 2 0 0 0 0 0 0 0 0 2 1
fe=(93)

ob=(7)
fl=(219)
fn=(756)
0xdca0b 135 1 0 1
+3 +1 1
+3 * 1 0 0 0 0 0 0 0 0 1
+6 +6 1 1
+4 * 1 1
+1 * 1 1

fl=(247)
fn=(1156) std::basic_ios<char, std::char_traits<char> >::operator!() const
0x1388d0 134 65538
+4 +81 65538 65538
+4 * 65538
+3 -80 65538 65538

fn=(1284) std::basic_ios<char, std::char_traits<char> >::operator bool() const
0x1388c0 125 257
+4 +1 257 257
+4 * 257
+3 * 257 257

fl=(248)
fn=(1528) std::ios_base::_M_dispose_callbacks()
0xe6580 177 258 0 0 2 0 0 1
+4 * 258 0 258
+1 * 258
+3 * 258
+4 * 258 0 258
+4 * 258
+3 +1 258 258
+4 +1 258
+3 * 258 0 0 0 0 0 0 0 0 258 6
+94 +6 258 0 258 2 0 0 1
+8 +1 258 258
+4 * 258 258
+1 * 258 258

fn=(1524)
0xe6610 87 258 0 0 2 0 0 1
+4 * 258 0 258
+1 +2 258
+2 -2 258
+3 * 258 0 258
+1 * 258
+3 * 258
+4 * 258 258 0 0 5
+7 * 258
+4 * 258 0 258
+3 +2 258 258 258 0 7 0 0 0 0 0 0 258 257
cfn=(1526) std::ios_base::_M_call_callbacks(std::ios_base::event)
calls=258 0xe6520 +74 
* * 2838 1032 516 12 4 0 2 0 0 258 6
+6 +1 258
+3 * 258 258 258 0 6 0 0 0 0 0 0 258 1
cfn=(1528)
calls=258 0xe6580 +87 
* * 3354 1032 774 4 0 0 2 0 0 258 6
+6 +1 258 258 0 2 4 0 1
+7 * 258
+4 * 258
+3 * 258 0 0 0 0 0 0 0 0 258 5
+24 +5 258
+7 * 258 258
+4 * 258 258
+1 * 258 258 0 0 0 0 0 0 0 0 0 258 1
cfi=(215)
cfn=(872)
calls=258 0xcd980 -5 
* * 1548 774 0 0 4 0 0 0 0 258 2

fn=(862)
0xe6240 76 266 0 0 2 0 0 1
+4 +3 266 266 0 0 1
+7 -2 266
+4 +2 266
+4 -2 266 0 266 0 0 8 0 0 5
+8 +1 266 0 266
fi=(249)
+7 640 266
+7 * 266 0 266 0 0 5 0 0 3
fe=(248)
+8 79 266
+4 * 266 0 266 0 0 2
+3 * 266
+3 -2 266 0 266
+4 +1 266 0 266 2 0 0 1
+4 * 266
+7 * 266
+11 * 266
fi=(249)
+11 640 266 0 266
fe=(248)
+7 79 266
fi=(249)
+4 640 266 0 266
fe=(248)
+8 79 266
+3 * 266 0 0 0 0 0 0 0 0 266 9
fi=(249)
-22 640 1862 0 1862 0 0 9 0 0 4
fe=(248)
+7 79 1862
fi=(249)
+4 640 1862 0 1862 0 0 12 0 0 6
fe=(248)
+8 79 1862
+3 * 1862 0 0 0 0 0 0 0 0 1862 457
+2 * 266 0 266
+7 * 266 0 0 2 0 0 1
+7 * 266 0 266
+7 * 266 266 0 0 6 0 0 0 0 0 0 266 1
cfi=(213)
cfn=(732)
calls=266 0xe7cd0 269 
* * 6650 2394 1330 1 8 1 0 0 1 798 2

fn=(1526)
0xe6520 163 258 0 0 10 0 0 1
+4 * 258 0 258
+1 * 258
+3 * 258
+4 * 258 0 258
+4 +1 258 258 0 0 4
+4 +1 258
+3 * 258 0 0 0 0 0 0 0 0 258 6
+53 +8 258 258 0 2 0 0 1
+4 * 258 258
+1 * 258 258

fl=(215)
fn=(870)
0xcd8d0 120 780 0 0 2 0 0 1
+4 * 780
+3 +1 780
+7 * 780 780
+3 * 780 780
+3 * 780
+3 * 780 0 0 0 0 0 0 0 0 780 8
+38 +4 780 780
+3 * 780 0 780
+3 +2 780
+3 * 780 780
+17 -4 780 780 0 2 0 0 1
+3 * 780
+3 * 780 0 0 0 0 0 0 0 0 780 8

fn=(768)
0xcdbe0 507 133221 0 0 2 0 0 1
+4 +1 133221 133221 0 0 21 0 0 7
+3 * 133221
+3 * 133221 0 0 0 0 0 0 0 0 133221 21
fi=(212)
+2 57 48 48
fe=(215)
+7 521 48 48
+3 * 48 0 0 0 0 0 0 0 0 48 2
+2 +22 48
+7 * 48 48 0 1 0 0 1
+2 * 48
+3 * 48 0 48
+2 * 48
+2 * 48 0 48
+3 +2 48
+4 +1 48 48
-4 -1 133173 0 0 1
+4 +1 133173 133173

fn=(856)
0xccd20 88 1 0 0 1 0 0 1
+4 * 1 0 1
+3 +1 1 1

fn=(742)
0xcd6c0 233 7 0 0 1 0 0 1
+4 * 7
+7 * 7 7

fn=(746)
0xcd670 221 98190 0 0 3 0 0 1
fi=(414) /usr/src/debug/gcc/gcc-build/x86_64-pc-linux-gnu/libstdc++-v3/include/x86_64-pc-linux-gnu/bits/gthr-default.h
+4 746 98190
+7 * 98190 0 0 2 0 0 1
fe=(215)
+7 221 98190 0 98190
+1 * 98190
fi=(414)
+3 746 98190 98190 98190 0 7 0 0 0 0 0 0 98190 2
cob=(2)
cfi=(217)
cfn=(748)
calls=98190 0x9d960 136 
* * 589269 196413 34 18 11 3 17 2 0 98204 11 3 3
fe=(215)
+6 226 98190
+7 * 98190 98190
+3 * 98190
+3 * 98190 0 0 0 0 0 0 0 0 98190
+2 +3 98190 98190
+1 * 98190 98190

fn=(766)
0xcdc40 325 32 0 0 1 0 0 1
+4 +1 32
+3 * 32 0 0 0 0 0 0 0 0 32
+6 -1 32 0 32
+1 * 32
+3 * 32 0 32
+2 * 32 0 32
+2 * 32 0 32
+2 * 32 0 32
+2 * 32 0 32
+1 * 32
+3 * 32
+3 * 32
+4 * 32 0 32
+4 +3 32 32 32 0 1 0 0 0 0 0 0 32 2
cfn=(768)
calls=32 0xcdbe0 507 
* * 480 160 64 2 8 0 2 7 0 64 2
+6 +3 32 32
+4 -3 32
+3 +3 32
+4 * 32
+3 * 32 0 0 1 0 0 1 0 0 32 9
fi=(212)
0xcdd9f 57 32 32 0 1 0 0 1
+7 +75 32 32
+4 +19 32 32
+4 * 32 0 0 0 0 0 0 0 0 32
+6 -19 32 0 32
fe=(215)
+4 369 32 32
+4 * 32
+4 +1 32 32 0 1 0 0 1
+3 -1 32 0 32
+4 +1 32
+3 * 32 0 0 0 0 0 0 0 0 32 5
0xcdec0 +36 32 32 0 1 0 0 1
+4 * 32 32
+4 * 32 0 32
+3 +15 32 32
+5 * 32 0 0 0 0 0 0 0 0 32
+6 * 32 32
+4 * 32
+3 * 32
+15 * 1536
+4 * 1536 1536
+4 * 1536 0 0 0 0 0 0 0 0 1536 32
+2 +2 1536 1536
+4 +1 1536 0 0 1 0 0 1
+8 * 1536
+3 * 1536 0 0 0 0 0 0 0 0 1536 3
+91 +7 32 0 0 1 0 0 1
+4 * 32 32
+1 * 32 32
+2 * 32 32
+2 * 32 32
+2 * 32 32
+2 * 32 32
+1 * 32 32

fn=(872)
0xcd980 91 1296 0 0 1 0 0 1
+4 +2 1296
+7 * 1296 1296 0 0 4
+3 * 1296 1296 0 0 4
+3 * 1296 0 0 0 0 0 0 0 0 1296 14
fi=(222)
+26 606 1296 1296
fe=(215)

fn=(754)
0xcccb0 208 1 0 0 1 0 0 1
+4 +4 1
+7 * 1 1
+4 * 1 0 0 1 0 0 1 0 0 1 1
+9 +4 1
+7 * 1
+2 * 1 1 0 0 0 0 0 0 0 0 0 1 1
cfi=(219)
cfn=(756)
calls=1 0xdc9f0 -82 
* * 53 16 11 7 1 1 7 0 0 7 3 1 1

fl=(324)
fn=(1304)
0x163320 249 256 0 0 1 0 0 1
fi=(316)
+4 -11 256 256
fe=(324)
+4 +11 256
fi=(316)
+3 +7 256
+4 1189 256 256
+4 279 256
+3 * 256 0 0 0 0 0 0 0 0 256
+6 1303 256 256
fe=(324)
+4 252 256 256 0 1 0 0 1
+3 +2 256
+3 +1 256
+3 +2 256
+3 * 256 0 0 0 0 0 0 0 0 256 1
+10 +8 256
+4 * 256 0 0 0 0 0 0 0 0 256 2
+14 +1 256
+3 +1 256
fi=(246)
+3 525 256 0 256
fe=(324)
+4 266 256 0 256
fi=(246)
+4 527 256 0 256
fe=(324)
+4 267 256 0 0 0 0 0 0 0 0 256
+2 +2 256
+3 * 256 0 0 1 0 0 1
+3 * 256 256 0 0 6 0 0 0 0 0 0 256 1
cfn=(1308) std::__cxx11::basic_stringbuf<char, std::char_traits<char>, std::allocator<char> >::_M_pbump(char*, char*, long)
calls=256 0x162f40 +11 
* * 2816 256 768 2 0 0 2 0 0 256 2

fn=(1308)
0x162f40 280 256 0 0 1 0 0 1
fi=(246)
+4 571 256 0 256
fe=(324)
+4 280 256
fi=(246)
+3 572 256 0 256
fe=(324)
+4 284 256
+7 * 256 0 0 0 0 0 0 0 0 256 2
0x162ff0 * 256 0 0 1 0 0 1
fi=(246)
+3 559 256
+2 * 256
+3 * 256 0 256
fe=(324)
+4 290 256 256

fn=(1426)
0x161a80 153 256 0 0 7 0 0 1
+4 +5 256 256
+4 * 256 0 0 0 0 0 0 0 0 256
fi=(246)
+2 546 256 256
+4 -45 256 256
fi=(323)
+4 -27 256
+3 * 256 0 0 0 0 0 0 0 0 256
+2 +3 256
+3 * 256 0 0 0 0 0 0 0 0 256
+2 * 256
+3 * 256 0 0 0 0 0 0 0 0 256
fi=(246)
+2 +21 256 256
fe=(324)
+4 163 256
+3 * 256 0 0 0 0 0 0 0 0 256 2
+24 -7 256 0 0 1 0 0 1
+5 * 256 256

fl=(319)
fn=(1250)
0xd2e80 476 304 0 304 10 0 0 1
+1 * 304
+3 * 304
fi=(316)
+3 258 304
fe=(319)
+4 476 304
+3 * 304
fi=(316)
+4 1189 304 304
+4 238 304 304
+3 +41 304
+3 * 304 0 0 0 0 0 0 0 0 304 1
+2 1303 303 303
fe=(319)
+4 479 303
+4 +2 303
+3 * 303 0 0 0 0 0 0 0 0 303 2
-7 -2 1
+4 +2 1
+3 * 1 0 0 0 0 0 0 0 0 1 1
+2 +2 303
+3 * 303 0 0 0 0 0 0 0 0 303
+2 +1 303
fi=(316)
+3 -30 303
+4 * 303 0 0 0 0 0 0 0 0 303 3
+2 * 303 0 303
fi=(312)
+4 -22 303
+3 * 303 0 303 9
+4 * 303 303 303 0 5 0 0 0 0 0 0 303 1
cob=(2)
cfi=(288)
cfn=(1060)
calls=303 0x171fc0 255 
* * 45508 13532 12655 12 9 102 1 0 0 4843 487
fi=(316)
+6 238 303 303
fi=(312)
+4 432 303 303
fi=(316)
+4 238 303 303
fi=(312)
+3 355 303 0 303
fi=(316)
+5 233 303 0 303
fe=(319)
+4 491 303 303
+1 * 303 303
+1 * 1 0 1 1 0 0 1
+4 -4 1
+3 * 1
+3 * 1
+2 * 1 0 1
+4 * 1 1 1 0 0 0 0 0 0 0 0 1 1
cfn=(1254) std::__cxx11::basic_string<char, std::char_traits<char>, std::allocator<char> >::_M_mutate(unsigned long, unsigned long, char const*, unsigned long)
calls=1 0x16f240 -99 
* * 1187 376 247 26 8 31 25 1 24 134 34 7 4
fi=(316)
+6 238 1 1
+4 * 1 1
+4 * 1 1
fi=(312)
+3 355 1 0 1
fi=(316)
+5 233 1 0 1
fe=(319)
+4 491 1 1
+1 * 1 1
fi=(316)
+5 1303 1 0 0 1 0 0 1
+5 * 1
fe=(319)

fn=(1254)
0x16f240 388 1 0 0 1 0 0 1
+4 * 1 0 1
+1 +6 1
+3 * 1
+3 -6 1
+3 * 1 0 1
+2 * 1 0 1
fi=(316)
+2 256 1
fe=(319)
+4 388 1 0 1
+2 * 1 0 1
+2 * 1 0 1
+1 * 1
+3 * 1
fi=(316)
+4 1189 1 1
fe=(319)
+4 388 1 1
+9 * 1 0 1
+4 * 1
+3 +6 1
+3 * 1 0 1
fi=(316)
+4 279 1 1
+3 * 1 0 0 1 0 0 1 0 0 1 1
+10 1303 1
+4 * 1 0 1
fe=(319)
+4 395 1
+4 * 1
+3 * 1 0 1
+4 -3 1
+3 +3 1
+3 * 1 1 1 0 1 0 0 0 0 0 0 1 1
cob=(8)
cfi=(287) /usr/include/c++/16.1.1/bits/basic_string.tcc
cfn=(1258) std::__cxx11::basic_string<char, std::char_traits<char>, std::allocator<char> >::_M_create(unsigned long&, unsigned long)
calls=1 0x3268 143 
* * 945 304 182 12 5 8 12 1 1 108 18 5 2
+6 +2 1
+3 * 1 1
+4 * 1 1
+4 -2 1
+3 +2 1 0 0 0 0 0 0 0 0 1 1
+57 +2 1 0 0 1 0 0 1
+3 * 1 0 0 0 0 0 0 0 0 1 1
+2 * 1
+3 * 1 0 0 0 0 0 0 0 0 1
+2 +1 1
fi=(316)
+4 +54 1 0 0 1 0 0 1
+4 * 1 0 0 0 0 0 0 0 0 1
+6 * 1 0 1
fi=(312)
+4 -22 1
+3 * 1
+3 * 1 0 1
+4 * 1 1 1 0 0 0 0 0 0 0 0 1 1
cob=(2)
cfi=(288)
cfn=(1060)
calls=1 0x171fc0 255 
* * 171 52 49 7 2 23 6 0 23 18 11
+6 * 1 1
+4 * 1 1
+4 * 1
+1 * 1
fe=(319)
+11 -31 1
+3 * 1 0 0 0 0 0 0 0 0 1 1
fi=(316)
+45 238 1 1 0 1 0 0 1
+3 +41 1
+3 * 1 0 0 0 0 0 0 0 0 1 1
+16 -14 1 1
+4 -37 1 0 1
+3 +37 1 0 1 1 0 0 1
fe=(319)
+4 408 1 1
+4 * 1 1
+9 * 1 0 0 0 0 0 0 0 0 1
+2 * 1
+4 * 1 1
+1 * 1 1
+2 * 1 1
+2 * 1 1
+2 * 1 1
+2 * 1 1
+1 * 1 1
fi=(316)
+50 1303 1 0 0 1 0 0 1
+5 * 1
fe=(319)

fl=(256)
fn=(990)
0xb2e20 2389 1
fi=(274) /usr/src/debug/gcc/gcc-build/x86_64-pc-linux-gnu/libstdc++-v3/include/bits/chrono_io.h
+4 412 1
+7 * 1 1 0 0 1 0 0 1
+3 * 1 0 0 0 0 0 0 0 0 1
+2 * 1 0 1
fe=(256)
+3 2389 1 1

fn=(906)
0xb2e40 2389 1 0 0 1 0 0 1
+4 210 1
+7 * 1
+7 * 1
+7 * 1 1 0 0 0 0 0 0 0 0 0 1 1
cob=(2)
cfi=(255)
cfn=(900)
calls=1 0x40950 67 
* * 76 13 15 0 0 0 0 0 0 10 1

fl=(389)
fn=(2016)
0xb5560 138 2 0 0 1 0 0 1
+4 * 2 0 2
+1 * 2
+3 +2 2 2 2 0 0 0 0 0 0 0 0 2 1
cfi=(390)
cfn=(2018)
calls=2 0xb56b0 -78 
* * 40 20 4 3 4 0 3 0 0 4 0 2 1

ob=(2)
fl=(93)
fn=(334)
fi=(94)
0x129608 77 2 0 0 1 0 0 1
+2 * 2 0 0 0 0 0 0 0 0 2
+2 +8 2
+6 * 2 0 0 0 0 0 0 0 0 2 1
+2 +8 2
+3 * 2 0 0 0 0 0 0 0 0 2
+2 +3 2
+6 * 2
+7 * 2
+7 * 2
+4 * 2 2
fe=(93)

fl=(354)
fn=(1726) __is_decorate_maps_enabled
0x11db00 33 3 0 0 1 0 0 1
+4 * 3 0 3
+1 * 3
+3 * 3
+4 +1 3 3
+9 * 3 0 3
+4 * 3 3 0 0 3
+6 * 3
+2 * 3 0 0 0 0 0 0 0 0 3 2
+2 * 1
+3 * 1 0 0 0 0 0 0 0 0 1 1
+10 +3 1
+4 * 1
+2 * 1
+5 * 1 1 1 1 1 0 1 0 0 0 0 1 1
cob=(1)
cfi=(12)
cfn=(30)
calls=1 0x14f60 435 
* * 18 4 1 2 1 0 0 0 0 3 2
+6 * 1 1
+3 * 1
+2 * 1 0 0 0 0 0 0 0 0 1
+2 +5 1 0 1
+10 +1 1
+2 +7 1 1
+4 * 1 1
+9 * 1 0 0 0 0 0 0 0 0 1
-15 -7 2
+2 +7 2 2
+4 * 2 2
+9 * 2 0 0 0 0 0 0 0 0 2
+2 * 3 3
+1 * 3 3

fn=(1724)
0x11db80 60 3 0 0 1 0 0 1
+4 * 3 0 3
+1 * 3
+3 * 3 0 3
+2 * 3
+3 * 3 0 3
+2 * 3
+3 * 3 0 3 0 0 2
+1 * 3
+3 * 3
+4 +1 3 0 3 0 0 1
cfn=(1726)
calls=3 0x11db00 -28 
* * 73 24 9 4 5 0 2 0 0 11 5 1 1
+5 * 3
+2 * 3 0 0 0 0 0 0 0 0 3 3
+30 +9 3 0 0 1 0 0 1
+4 * 3 3
+1 * 3 3
+2 * 3 3
+2 * 3 3
+1 * 3 3

fl=(91)
fn=(330)
0xad500 33 1 0 0 1 0 0 1
fi=(92)
+4 +5 1 1
+7 * 1 1
+6 +1 1 1
+6 -1 1
+3 * 1 0 0 0 0 0 0 0 0 1
+2 +1 1
+3 * 1 0 0 0 0 0 0 0 0 1
+2 +4 1
+2 * 1
+2 * 1
+5 * 1 0 0 0 0 0 0 0 0 1
+2 +3 1
+7 * 1
+3 * 1 0 0 0 0 0 0 0 0 1
+2 +3 1
+7 * 1 0 0 1 0 0 1
+3 * 1 0 0 0 0 0 0 0 0 1 1
fe=(91)
+37 -16 1 1

fl=(201)
fn=(686)
0x11cef0 30 1 0 0 1 0 0 1
+4 +1 1
+3 * 1 0 0 0 0 0 0 0 0 1
+2 * 1 1
+3 * 1
+3 * 1 0 0 1 0 0 1 0 0 1
+2 -1 1 0 1
+1 +3 1
+3 -3 1
+3 * 1
+4 * 1 0 1
+4 +3 1
+5 * 1 0 1
+4 * 1 0 1
cob=(4)
cfi=(198)
cfn=(688)
calls=1 0x4ccf330 -33 
* * 24 3 0 3 2 0 3 0 0 3 0 1 1
+5 +4 1 1
+4 +1 1 1
+4 -1 1
+4 * 1
+3 * 1 1
+7 * 1
+4 * 1 0 1 0 0 1
+3 +1 1 1 0 1 0 0 1
+7 * 1 1
+3 * 1 0 1
+3 +2 1 1
+1 * 1 1

fl=(255)
fn=(902) __internal_atexit
0x40850 36 5 0 0 1 0 0 1
+4 * 5 0 5
+1 * 5
+3 * 5 0 5
+2 * 5 0 5
+2 * 5 0 5
+1 * 5
+4 +5 5
+3 * 5 0 0 0 0 0 0 0 0 5
+6 * 5
+3 +2 5
+7 * 5
+3 * 5
+3 * 5
+2 * 5 0 0 1 0 0 1
+5 * 5 0 5 0 0 1
+4 * 5 0 0 0 0 0 0 0 0 5
+2 +1 5
+3 * 5 0 5
cfn=(904) __new_exitfn
calls=5 0x40720 +36 
* * 162 30 21 4 2 0 4 1 0 24 12
+5 +2 5
+3 * 5 0 0 0 0 0 0 0 0 5
+2 +6 5 5
+9 +5 5
+7 -3 5 0 5 0 0 3 0 0 2
+4 +1 5 0 5
+4 -3 5
+3 +4 5 0 5
+7 -4 5
+4 +1 5 0 5
+4 +4 5
+2 * 5 5 5 1 0 0 1 0 0 5
+2 * 5
+3 * 5 0 0 0 0 0 0 0 0 5
+2 +1 5
+2 +1 5
+4 * 5 5
+1 * 5 5
+2 * 5 5
+2 * 5 5
+1 * 5 5

fn=(900)
0x40950 67 5 0 0 1 0 0 1
+4 +1 5
+7 * 5
cfn=(902)
calls=5 0x40850 -32 
* * 362 65 76 7 2 4 7 1 2 49 12

fn=(904)
0x40720 80 5 0 0 1 0 0 1
+4 +6 5 5 0 0 1 0 0 1
+7 * 5 0 0 0 0 0 0 0 0 5
+6 -6 5 0 5
+1 * 5
+3 * 5
+3 * 5
+4 +11 5 5 0 0 1
+3 * 5 0 0 1 0 0 1
+3 * 5 0 0 0 0 0 0 0 0 5 4
+6 * 5
+3 -10 5
+2 * 5
+3 +12 5 5
+4 * 5
+12 +1 4
+4 * 4
+4 * 4 4
+6 * 4 0 0 0 0 0 0 0 0 4 3
+6 -1 5
+3 * 5 0 0 0 0 0 0 0 0 5 4
+2 -2 1 1
+3 +10 1 0 1 1 0 0 1
+8 -10 1
+3 * 1
+3 * 1 0 0 0 0 0 0 0 0 1 1
+14 +13 4
+4 * 4 0 0 0 0 0 0 0 0 4
+2 +25 4
+3 +1 4
+4 * 4 0 4
+4 -1 4
+4 * 4
+5 +7 4 0 4
+7 +1 4 0 4
+8 +4 4 4
+1 * 4
+3 * 4 4
-19 -5 1 0 1
+7 +1 1 0 1
+8 +4 1 1
+1 * 1
+3 * 1 1
+19 -18 1 0 1 1 0 0 1
+8 -1 1
+4 +12 1

fl=(383)
fn=(1954)
0x40960 45 5 0 0 1
+4 * 5 0 5
+1 +3 5
+2 * 5
+5 -3 5
+3 * 5 0 5
+2 * 5 0 5
+2 * 5 0 5
+2 * 5 0 5
+2 * 5
+3 * 5 0 5
+1 * 5
+4 +3 5 0 0 1 0 0 1
+7 * 5 0 5
+5 * 5 0 0 0 0 0 0 0 0 5
+6 +3 5 5
+7 * 5
+3 * 5 0 0 0 0 0 0 0 0 5
+2 * 5
+3 +4 5 5
+4 * 5
+4 * 5
+4 * 5
+5 * 5
+3 * 5 0 0 0 0 0 0 0 0 5
+2 +1 8
+3 * 8 0 0 0 0 0 0 0 0 8 7
+55 -5 1 1
+3 * 1
+3 * 1 0 0 0 0 0 0 0 0 1
+2 +57 5 5 0 1 1 0 1
+7 * 5 0 0 1 0 0 1
+3 * 5 0 0 0 0 0 0 0 0 5
+2 * 5
+1 * 5
+11 +4 5 5 0 0 1
+4 * 5
+4 * 5
+4 * 5
+5 * 5
+3 * 5 0 0 0 0 0 0 0 0 5 2
+31 -4 5 5 0 1 0 0 1
+3 * 5
+3 * 5 0 0 0 0 0 0 0 0 5
+2 +11 5
+3 * 5 0 0 0 0 0 0 0 0 5

ob=(7)
fl=(389)
fn=(2016)
0xb556e 145 2 2
+1 -4 2 2 0 0 1
+3 * 2
+2 * 2
+3 +4 2 2

fl=(272)
fn=(956)
0xb2a40 42 1 0 0 1 0 0 1
fi=(415) /usr/src/debug/gcc/gcc-build/x86_64-pc-linux-gnu/libstdc++-v3/include/parallel/settings.h
+4 290 1 1
+8 +10 1
+5 +3 1 1
+8 -5 1 0 1 0 0 1 0 0 1
+11 +1 1 0 1
+10 -9 1 0 1 0 0 1 0 0 1
+7 * 1
+4 * 1
+5 +13 1 0 1 1 0 0 1
+7 * 1 1 0 0 1 0 0 1
+8 -13 1 0 1
+7 +10 1
+5 +2 1 1 0 0 1 0 0 1
+7 -2 1
+4 +9 1 0 1 0 0 1 0 0 1
+11 -9 1 0 1
+7 +3 1 0 1
+7 +8 1 0 1 1 0 0 1
+7 +3 1 0 1 0 0 1 0 0 1
+7 +3 1 0 1
+7 +5 1 0 1 0 0 1 0 0 1
+7 * 1 0 1
+7 * 1 0 1
+7 +8 1 1
+8 -28 1 0 1
+7 +11 1
+10 +17 1 0 1 1 0 0 1
+7 * 1 1
+8 -17 1 0 1
+7 +6 1
+10 * 1 0 1
+7 +9 1
+10 +2 1 0 1 0 0 1 0 0 1
+7 * 1 1
+8 -2 1 0 1 1 0 0 1
+7 +8 1
+10 -6 1 0 1
+7 -20 1 0 1
+10 +6 1 0 1
+11 +4 1 0 1
+10 -17 1 0 1
+7 +33 1 0 1 1 0 0 1
+7 +2 1 1 0 0 1 0 0 1
+8 +2 1 0 1
+10 -2 1 0 1
fe=(272)
+7 42 1 1

ob=(2)
fl=(383)
fn=(1954)
0x40a50 120 5
+3 * 5 0 5
cfi=(384)
cfn=(1956)
calls=5 0x103380 -38 
* * 90 20 15 2 1 1 2 1 1 20 5
+5 +1 5
+2 * 5 5 5 0 0 0 0 0 0 5
+3 * 5
+3 * 5 0 0 0 0 0 0 0 0 5
+6 +1 5
+4 * 5 5
+1 * 5 5
+2 * 5 5
+2 * 5 5
+2 * 5 5
+2 * 5 5
+1 * 5 5
+4 -66 4 4
+4 * 4 0 0 0 0 0 0 0 0 4 3
+20 * 12 12 0 1 1 0 1
+4 * 12 0 0 0 0 0 0 0 0 12 2
+2 -1 8
+4 * 8
+3 * 8 0 0 0 0 0 0 0 0 8
+6 +1 8 8
+4 * 8 0 0 0 0 0 0 0 0 8
+2 -1 8
+4 * 8
+3 * 8 0 0 0 0 0 0 0 0 8 4
+2 -4 4 4
+3 * 4
+3 * 4 0 0 0 0 0 0 0 0 4
+6 * 4 0 0 1 0 0 1
+18 +7 4 4
+7 +2 4 4
+4 +36 4
+2 -5 4 0 4
+7 -33 4 0 4
+4 +35 4 4
+4 * 4
+4 * 4 4
+9 +3 4 4 4 0 0 0 0 0 0 4 1
+3 * 4
+3 * 4 0 0 1 0 0 1 0 0 4
+6 +1 4
+3 * 4
+2 * 4 0 4 0 0 0 0 0 0 0 0 4 4
cob=(7)
cfi=(211)
cfn=(2002)
calls=1 0xcc270 +26 
* * 1322 547 218 25 44 0 25 3 0 182 37 52 20
cob=(7)
cfi=(386) /usr/src/debug/gcc/gcc-build/x86_64-pc-linux-gnu/libstdc++-v3/include/bits/shared_ptr_atomic.h
cfn=(2000) std::atomic<std::shared_ptr<std::chrono::tzdb_list::_Node> >::~atomic()
calls=1 0x1e6480 660 
* * 7 2 0 1 1 0 1 0 0 2
cob=(7)
cfi=(258)
cfn=(1998)
calls=1 0xb4270 +91 
* * 6 2 1 2 0 0 2 0 0 0 0 1 1
cob=(7)
cfi=(258)
cfn=(1994)
calls=1 0xb4220 203 
* * 6 2 1 1 1 1 0 0 0 0 0 1 1
+2 +1 4
+2 * 4
+5 * 4 0 4
+5 * 4 0 0 0 0 0 0 0 0 4

ob=(7)
fl=(386)
fn=(2000)
0x1e6480 660 1 0 0 1 0 0 1
fi=(416) /usr/src/debug/gcc/gcc-build/x86_64-pc-linux-gnu/libstdc++-v3/include/bits/atomic_base.h
+4 1156 1 1 0 0 1
fe=(386)
+4 426 1
+4 * 1 0 0 0 0 0 0 0 0 1

ob=(2)
fl=(383)
fn=(1954)
0x40b1e 102 4 4
+4 * 4 4
+7 * 4 0 0 0 0 0 0 0 0 4 1
+6 -47 4
+4 * 4
+3 * 4 0 0 0 0 0 0 0 0 4 3
+6 * 1 0 0 1 0 0 1

ob=(7)
fl=(386)
fn=(2000)
0x1e648e 427 1
+3 * 1 0 0 0 0 0 0 0 0 1
+2 * 1 1

ob=(8)
fl=(284) /usr/include/c++/16.1.1/bits/char_traits.h
fn=(1030) std::char_traits<char>::length(char const*)
0x2637 390 2 0 2 1 0 0 1
+1 * 2
+3 * 2
+4 * 2 0 2 2 0 0 1
+4 +6 2 2
+4 * 2
+3 * 2 0 2
cob=(2)
cfi=(240)
cfn=(814)
calls=2 0x174d40 52 
* * 28 4 0 0 1 0 0 0 0 4
cob=(1)
cfi=(285)
cfn=(1038)
calls=1 0x14550 39 
* * 845 280 140 37 24 8 13 0 2 115 16 3 3
* * 6 4 2 1 1 0 1 0 0 0 0 3 3
+5 * 2
+1 +1 2 2
+1 * 2 2

fn=(1064) std::char_traits<char>::assign(char&, char const&)
0x261b 348 3 0 3
+1 * 3
+3 * 3 0 3
+4 * 3 0 3
+4 +7 3 3
+4 * 3 3
+3 * 3 3
+4 * 3 0 3
+2 +1 3
+1 * 3 3
+1 * 3 3

fn=(1054) std::char_traits<char>::copy(char*, char const*, unsigned long)
0x2652 424 2 0 2
+1 * 2
+3 * 2
+4 * 2 0 2
+4 * 2 0 2
+4 * 2 0 2
+4 +2 2 2
+5 * 2 0 0 0 0 0 0 0 0 2 2
+8 +6 2 2
+4 * 2 2
+4 * 2
+3 * 2 0 0 1 0 0 1
+3 * 2 2
+4 * 2
+3 * 2
+3 * 2 0 2
cob=(2)
cfi=(288)
cfn=(1060)
calls=2 0x171fc0 255 
* * 24 6 4 2 0 0 2 0 0 5 4
cob=(1)
cfi=(285)
cfn=(1038)
calls=1 0x14550 39 
* * 1009 317 151 8 15 4 0 1 0 135 18 4 3
* * 6 4 2 1 1 0 1 0 0 0 0 3 1
+5 * 2
+1 +1 2 2
+1 * 2 2

fl=(356) /usr/include/c++/16.1.1/iomanip
fn=(1782) std::setprecision(int)
0x45ad 208 32640 0 32640 1
+1 * 32640
+3 * 32640 0 32640
+3 * 32640 32640
+3 * 32640 32640
+1 * 32640 32640

fl=(281)
fn=(1020)
0x2349 11 1 0 1
+1 * 1
+3 * 1 0 1
+1 * 1
+7 * 1 0 1
+6 * 1 0 1
+7 * 1 1
+9 * 1 0 1
+4 * 1
+2 +1 1 1
+7 * 1 0 0 0 0 0 0 0 0 1 1
0x23dc +2 1 0 0 1 0 0 1
+4 * 1 0 1
fi=(315) /usr/include/c++/16.1.1/bits/new_allocator.h
+7 +74 1
fi=(314) /usr/include/c++/16.1.1/bits/allocator.h
+1 +80 1
fe=(281)
+1 17 1 1
+7 * 1
+4 * 1 1
+3 * 1
+4 * 1
+4 * 1 0 0 1 0 0 1
+3 * 1
+3 * 1 0 1
cfi=(282) /usr/include/c++/16.1.1/bits/basic_string.h
cfn=(1022) std::__cxx11::basic_string<char, std::char_traits<char>, std::allocator<char> >::basic_string<std::allocator<char> >(char const*, std::allocator<char> const&)
calls=1 0x26e0 730 
* * 2170 710 384 73 41 12 41 1 2 262 43 11 9
+5 * 1
+7 * 1
+4 * 1
+3 * 1
+3 * 1 0 1
cfi=(289) /home/ikea/Projects/DV1674-A2/pearson/base/dataset.cpp
cfn=(1070) Dataset::read(std::__cxx11::basic_string<char, std::char_traits<char>, std::allocator<char> >)
calls=1 0x40f2 +1 
* * 118760215 32327072 16731225 6397 9943 16633 534 183 8551 16967613 218203 1583877 2702
+5 * 1 0 0 1
+4 * 1
+3 * 1 0 1
cfi=(282)
cfn=(1552) std::__cxx11::basic_string<char, std::char_traits<char>, std::allocator<char> >::~basic_string()
calls=1 0x26b8 919 
* * 94 31 26 0 1 2 0 0 0 2 1
fi=(314)
+5 189 1
+4 * 1
+3 * 1 0 1
cfi=(315)
cfn=(1228) std::__new_allocator<char>::~__new_allocator()
calls=1 0x2c6e -85 
* * 6 2 2
+5 * 1
fe=(281)
+1 18 1
+7 * 1 0 0 1 0 0 1
+4 * 1
+3 * 1
+3 * 1 0 1
cfi=(290) /usr/include/c++/16.1.1/bits/stl_vector.h
cfn=(1616) std::vector<Vector, std::allocator<Vector> >::vector(std::vector<Vector, std::allocator<Vector> > const&)
calls=1 0x27d6 621 
* * 1380567 671750 142743 43 8357 8192 17 0 8095 72921 329 770 1
+5 * 1
+4 * 1
+4 * 1
+3 * 1
+3 * 1 0 1
cfi=(350) /home/ikea/Projects/DV1674-A2/pearson/base/analysis.cpp
cfn=(1640) Analysis::correlation_coefficients(std::vector<Vector, std::allocator<Vector> >)
calls=1 0x523a -3 
* * 3623121158 1747422303 580204976 109 1069343 9211 86 7 8100 170430622 744443 1827937 6
+5 * 1
+4 * 1
+3 * 1 0 1
cfi=(290)
cfn=(1732) std::vector<Vector, std::allocator<Vector> >::~vector()
calls=1 0x2780 790 
* * 54755 17379 9507 5 327 3 2 0 0 8159 24 771
+5 * 1
+7 * 1 0 1 0 0 1
fi=(315)
+7 +70 1
fi=(314)
+1 +80 1
fe=(281)
+1 19 1 1 0 1 0 0 1
+7 * 1
+4 * 1 1 0 0 1
+3 * 1
+7 * 1
+4 * 1
+3 * 1
+3 * 1 0 1
cfi=(282)
cfn=(1022)
calls=1 0x26e0 730 
* * 524 180 143 14 5 2 0 0 0 24 12 4 1
+5 * 1
+4 * 1
+4 * 1
+3 * 1
+3 * 1 0 1
cfi=(290)
cfn=(1746) std::vector<double, std::allocator<double> >::vector(std::vector<double, std::allocator<double> > const&)
calls=1 0x2988 621 
* * 261959 261294 261242 12 4093 4086 12 0 4081 261181 23 3
+5 * 1
+4 * 1
+4 * 1
+3 * 1 0 0 1 0 0 1
+3 * 1 0 1
cfi=(289)
cfn=(1766) Dataset::write(std::vector<double, std::allocator<double> >, std::__cxx11::basic_string<char, std::char_traits<char>, std::allocator<char> >)
calls=1 0x43dc +31 
* * 106369871 27053780 16777955 393 4380 74 206 30 0 14544846 261002 1305688 77
+5 * 1
+4 * 1
+3 * 1 0 1
cfi=(290)
cfn=(1920) std::vector<double, std::allocator<double> >::~vector()
calls=1 0x2932 790 
* * 214 68 46 12 3 2 2 0 0 15 6 3
+5 * 1
+4 * 1
+3 * 1 0 1
cfi=(282)
cfn=(1552)
calls=1 0x26b8 919 
* * 193 65 51 7 5 0 0 0 0 8 3 3
fi=(314)
+5 189 1
+7 * 1
+3 * 1 0 1
cfi=(315)
cfn=(1228)
calls=1 0x2c6e -85 
* * 6 2 2
+5 * 1
fe=(281)
+1 21 1
+5 +1 1
+4 * 1
+3 * 1 0 1 1 0 0 1
cfi=(290)
cfn=(1920)
calls=1 0x2932 790 
* * 214 68 46 0 1 0 0 0 0 15 5 3
+5 * 1
+7 * 1
+3 * 1 0 1
cfi=(290)
cfn=(1732)
calls=1 0x2780 790 
* * 54436 17269 9481 17 333 3 0 0 0 8102 37 771
+5 * 1
+2 * 1 1
+4 * 1 1
+9 * 1 0 0 0 0 0 0 0 0 1 1
0x25f4 * 1 1 0 1
+4 * 1 1 0 0 1
+1 * 1 1

fl=(344) /usr/include/c++/16.1.1/bits/stl_construct.h
fn=(1530) void std::_Construct<Vector, Vector const&>(Vector*, Vector const&)
0x3ad4 123 511 0 511
+1 * 511
+3 * 511 0 511
+2 * 511 0 511
+2 * 511 0 511
+2 * 511 0 511
+1 * 511
+4 * 511 0 511
+4 * 511 0 511
+4 +10 511 511
+4 * 511
+3 * 511
+5 * 511 0 511
cfi=(341) /usr/include/c++/16.1.1/new
cfn=(1458) operator new(unsigned long, void*)
calls=511 0x25fa +37 
* * 3577 1533 1533
+5 * 511
+3 * 511 0 0 1 0 0 1
+6 * 511 511
+4 * 511 0 511
fi=(417) /usr/include/c++/16.1.1/bits/move.h
+4 -60 511 511
fe=(344)
+4 +60 511
+3 * 511
+3 * 511 0 511
cfi=(325) /home/ikea/Projects/DV1674-A2/pearson/base/vector.cpp
cfn=(1462) Vector::Vector(Vector const&)
calls=511 0x3dc0 -98 
* * 2720211 1329596 274754 41 16255 16491 0 0 16350 144169 634 1533 1
+5 * 511
+5 * 511
+2 * 511 0 0 0 0 0 0 0 0 511 2
+13 +1 511
+32 * 511
+4 * 511 511
+1 * 511 511
+2 * 511 511
+2 * 511 511
+2 * 511 511
+1 * 511 511

fn=(1922) void std::_Destroy<double*>(double*, double*)
0x3632 219 2 0 2 1
+1 * 2
+3 * 2 0 2
+4 * 2 0 2
+4 +17 2
+1 * 2 2
+1 * 2 2

fn=(1532) void std::_Destroy<Vector>(Vector*)
0x3802 161 767 0 767 1
+1 * 767
+3 * 767
+4 * 767 0 767
+4 +5 767 767
+4 * 767
+3 * 767 0 767
cfi=(325)
cfn=(1492) Vector::~Vector()
calls=767 0x3d0a 15 
* * 145343 45254 23346 43 954 14 0 0 0 23016 149 2301 1
+5 +2 767
+1 * 767 767
+1 * 767 767

fn=(1486) void std::_Destroy<Vector*>(Vector*, Vector*)
0x34d8 219 11 0 11 6 0 0 1
+1 * 11
+3 * 11
+4 * 11 0 11
+4 * 11 0 11
+4 +6 11
+2 * 767 767
+4 * 767 0 767
fi=(417)
+4 -48 767 767
fe=(344)
+4 +49 767
+3 * 767 0 767
cfn=(1532)
calls=767 0x3802 -65 
* * 153013 47555 25647 44 954 14 0 0 0 23016 149 2301 1
+5 -1 767 0 767
+5 * 767 767
+4 * 767 767
+4 * 767 0 0 0 0 0 0 0 0 767 18
-8 * 11 11 0 7 0 0 1
+4 * 11 11
+4 * 11 0 0 0 0 0 0 0 0 11 4
+2 +11 11
+1 * 11
+1 * 11 11
+1 * 11 11

fl=(282)
fn=(1028) std::__cxx11::basic_string<char, std::char_traits<char>, std::allocator<char> >::_Alloc_hider::_Alloc_hider(char*, std::allocator<char> const&)
0x2c7a 203 2 0 2 1 0 0 1
+1 * 2
+3 * 2 0 2 2 0 0 1
+4 * 2 0 2
+4 * 2 0 2
+4 * 2 2
+4 * 2 0 2
+4 * 2 2
+4 * 2 0 2
+4 * 2 2
+4 * 2 0 2
+4 * 2 2
+4 * 2 0 2
fi=(315)
+4 92 2
fi=(314)
+1 +81 2
fe=(282)
+1 +31 2 2
+4 * 2 2
+4 * 2 0 2 0 0 1
+3 * 2
+1 * 2 2
+1 * 2 2

fn=(1266) std::__cxx11::basic_string<char, std::char_traits<char>, std::allocator<char> >::_M_get_allocator()
0x2bbe 363 4 0 4
+1 * 4 0 0 1 0 0 1
+3 * 4 0 4
+4 +1 4 4
+4 * 4 4
+1 * 4 4

fn=(1022)
0x26e0 730 2 0 2 1 0 0 1
+1 * 2
+3 * 2 0 2
+1 * 2
+4 * 2 0 2
+4 * 2 0 2
+4 * 2 0 2
+4 +1 2 2
+4 * 2 2
+4 * 2
+3 * 2 0 2 1 0 0 1
cfn=(1024) std::__cxx11::basic_string<char, std::char_traits<char>, std::allocator<char> >::_M_local_data()
calls=2 0x2af6 242 
* * 36 14 12 6 0 0 4
+5 * 2
+3 * 2 2
+4 * 2
+3 * 2
+3 * 2
+3 * 2 0 2
cfn=(1028)
calls=2 0x2c7a 203 
* * 42 16 18 3 0 1 2
+5 +3 2 2
+5 * 2 0 0 0 0 0 0 0 0 2 2
+17 +3 2 2
+4 * 2
+3 * 2 0 2
cfi=(284)
cfn=(1030)
calls=2 0x2637 390 
* * 899 294 148 41 26 8 16 0 2 119 16 6 6
+5 * 2 2
+4 * 2 0 0 1 0 0 1
+3 * 2 0 2
+4 +1 2 2
+4 * 2 2
+4 * 2 2
+4 * 2
+3 * 2
+3 * 2 0 2
cfi=(287)
cfn=(1044) void std::__cxx11::basic_string<char, std::char_traits<char>, std::allocator<char> >::_M_construct<char const*>(char const*, char const*, std::forward_iterator_tag)
calls=2 0x2cfe 227 
* * 1647 542 329 34 20 5 16 1 0 165 37 9 4
+5 +1 2
+28 * 2 2
+4 * 2 2
+1 * 2 2

fn=(1024)
0x2af6 242 3 0 3 1 0 0 1
+1 * 3
+3 * 3
+4 * 3 0 3 2 0 0 1
+4 +3 3 3
+4 * 3
+4 * 3
+3 * 3 0 3
cfi=(283) /usr/include/c++/16.1.1/bits/ptr_traits.h
cfn=(1026) std::__ptr_traits_ptr_to<char*, char, false>::pointer_to(char&)
calls=3 0x31ee 134 
* * 24 12 9 3 0 0 2
+5 +4 3 3
+1 * 3 3

fn=(1066) std::__cxx11::basic_string<char, std::char_traits<char>, std::allocator<char> >::_M_length(unsigned long)
0x2c52 232 3 0 3
+1 * 3
+3 * 3 0 3
+4 * 3 0 3
+4 +1 3 3
+4 * 3 3
+4 * 3 0 3
+4 * 3
+1 * 3 3
+1 * 3 3

fn=(1224) std::__cxx11::basic_string<char, std::char_traits<char>, std::allocator<char> >::_Alloc_hider::_Alloc_hider(char*, std::allocator<char>&&)
0x492a 207 1 0 1 1 0 0 1
+1 * 1
+3 * 1 0 1
+4 * 1 0 1
+4 * 1 0 1
+4 * 1 1
+4 * 1 0 1 1 0 0 1
fi=(417)
+4 -68 1 1
+4 * 1 1
+4 * 1 0 1
+4 * 1 0 1
+4 * 1 1
+4 * 1 0 1
+4 * 1 1
+4 * 1 0 1
fi=(315)
+4 -47 1
fi=(314)
+1 +81 1
fe=(282)
+1 +35 1 1
+4 * 1 1
+4 * 1 0 1
+3 * 1
+1 * 1 1
+1 * 1 1

fn=(1554) std::__cxx11::basic_string<char, std::char_traits<char>, std::allocator<char> >::_M_dispose()
0x2b84 295 3 0 3 1
+1 * 3
+3 * 3
+4 * 3 0 3
+4 +2 3 3
+4 * 3
+3 * 3 0 3
cfn=(1556) std::__cxx11::basic_string<char, std::char_traits<char>, std::allocator<char> >::_M_is_local() const
calls=3 +53 -20 
* * 139 50 39 6 2 2 1 0 0 3
+5 * 3
+3 * 3
+2 * 3 0 0 0 0 0 0 0 0 3 1
+2 +1 2 2
+4 * 2 2
+4 * 2 2
+4 * 2
+3 * 2
+3 * 2 0 2
cfn=(1562) std::__cxx11::basic_string<char, std::char_traits<char>, std::allocator<char> >::_M_destroy(unsigned long)
calls=2 0x3204 +5 
* * 284 89 64 5 5 0 0 0 0 27 6 6
+5 +1 3
+1 * 3 3
+1 * 3 3

fn=(1558) std::__cxx11::basic_string<char, std::char_traits<char>, std::allocator<char> >::_M_local_data() const
0x337a 253 3 0 3
+1 * 3
+3 * 3
+4 * 3 0 3
+4 +3 3 3
+4 * 3
+4 * 3
+3 * 3 0 3
cfi=(283)
cfn=(1560) std::__ptr_traits_ptr_to<char const*, char const, false>::pointer_to(char const&)
calls=3 0x37dd 134 
* * 24 12 9 2 0 1
+5 +4 3 3
+1 * 3 3

fn=(1568) std::__cxx11::basic_string<char, std::char_traits<char>, std::allocator<char> >::_Alloc_hider::~_Alloc_hider()
0x2694 196 3 0 3
+1 * 3
+3 * 3
+4 * 3 0 3
+4 * 3 3
+4 * 3 0 3
fi=(314)
+4 -7 3 3
+4 * 3
+3 * 3 0 3
cfi=(315)
cfn=(1228)
calls=3 0x2c6e -85 
* * 18 6 6 1
+5 * 3
fe=(282)
+1 +7 3
+1 * 3 3
+1 * 3 3

fn=(1050) void std::__cxx11::basic_string<char, std::char_traits<char>, std::allocator<char> >::_S_copy_chars<char const*>(char*, char const*, char const*)
0x344d 487 2 0 2 1 0 0 1
+1 * 2
+3 * 2
+4 * 2 0 2
+4 * 2 0 2
+4 * 2 0 2
+4 +6 2 2
+4 * 2 2
+4 * 2
+3 * 2 2
+4 * 2 0 2
fi=(343) /usr/include/c++/16.1.1/bits/stl_iterator.h
+4 3024 2 2
fe=(282)
+4 493 2 2
+4 * 2
+3 * 2 0 0 1 0 0 1
+3 * 2 0 2
cfn=(1052) std::__cxx11::basic_string<char, std::char_traits<char>, std::allocator<char> >::_S_copy(char*, char const*, unsigned long)
calls=2 0x3330 -41 
* * 1111 351 177 14 16 4 6 1 0 144 26 7 4
+5 +17 2
+1 * 2 2
+1 * 2 2

fn=(1052)
0x3330 452 2 0 2 1 0 0 1
+1 * 2
+3 * 2
+4 * 2 0 2
+4 * 2 0 2
+4 * 2 0 2 1 0 0 1
+4 +2 2 2
+5 * 2 0 0 0 0 0 0 0 0 2 2
+23 +3 2 2
+4 * 2 2
+4 * 2 2
+4 * 2
+3 * 2
+3 * 2 0 2
cfi=(284)
cfn=(1054)
calls=2 0x2652 -33 
* * 1077 339 167 12 16 4 4 1 0 142 24 7 4
+5 +1 2
+1 * 2 2
+1 * 2 2

fn=(1260) std::__cxx11::basic_string<char, std::char_traits<char>, std::allocator<char> >::max_size() const
0x33c4 1205 2 0 2 1 0 0 1
+1 * 2
+3 * 2
+4 * 2 0 2
+4 * 2 2
+9 * 2 0 2
+4 * 2
+2 +2 2
+10 * 2 0 2
+4 +2 2 2
+4 * 2
+3 * 2 0 2
cfn=(1262) std::__cxx11::basic_string<char, std::char_traits<char>, std::allocator<char> >::_M_get_allocator() const
calls=2 0x37f4 368 
* * 12 6 4 1 0 0 1
+5 * 2 0 2
+4 * 2 2 0 2 0 0 1
+4 * 2 0 2
+4 * 2 2
+4 * 2 0 2
fi=(315)
+4 245 2
+10 -50 2
fi=(321) /usr/include/c++/16.1.1/bits/alloc_traits.h
+1 752 2
fe=(282)
+1 1209 2 0 2
+4 +1 2
+4 * 2
+4 * 2
+3 * 2
+3 * 2 0 2
cfi=(320) /usr/include/c++/16.1.1/bits/stl_algobase.h
cfn=(1264) unsigned long const& std::min<unsigned long>(unsigned long const&, unsigned long const&)
calls=2 0x3398 232 
* * 26 14 6 1 0 0 1 0 0 2 2
+5 * 2 2
+3 * 2
+4 +1 2 2
+4 * 2 2 0 1
+9 * 2 0 0 0 0 0 0 0 0 2 2
+7 * 2 2
+1 * 2 2

fn=(1552)
0x26b8 919 3 0 3 2
+1 * 3
+3 * 3
+4 * 3 0 3 1
+4 +1 3 3
+4 * 3
+3 * 3 0 3
cfn=(1554)
calls=3 0x2b84 295 
* * 474 154 114 12 7 2 1 0 0 33 7 6
+5 * 3 3
+4 * 3
+3 * 3 0 3
cfn=(1568)
calls=3 -67 196 
* * 57 18 18 1
+5 * 3
+1 * 3 3
+1 * 3 3

fn=(1556)
0x2bcc 277 3 0 3 2
+1 * 3
+3 * 3 0 3
+1 * 3
+4 * 3 0 3
+4 +2 3 3
+4 * 3
+3 * 3 0 3 0 0 1
cfn=(1048) std::__cxx11::basic_string<char, std::char_traits<char>, std::allocator<char> >::_M_data() const
calls=3 0x2ae4 -42 
* * 21 12 6 0 2
+5 * 3
+3 * 3 3
+4 * 3
+3 * 3 0 3
cfn=(1558)
calls=3 0x337a -26 
* * 54 21 18 2 0 1
+5 * 3
+3 * 3
+3 * 3
+2 * 3 0 0 0 0 0 0 0 0 3
+2 +2 1 1
+4 * 1 1
+4 * 1
+4 +2 1
+5 * 1
+2 +2 2 0 0 2 0 0 1
+5 +1 2 2
+4 * 2 2
+1 * 2 2
-5 * 1 1
+4 * 1 1
+1 * 1 1

fn=(1562)
0x3204 303 2 0 2 2
+1 * 2
+3 * 2 0 2
+2 * 2 0 2
+1 * 2
+4 * 2 0 2
+4 * 2 0 2
+4 +1 2 2
+4 * 2
+4 * 2 2
+4 * 2
+3 * 2 0 2
cfn=(1048)
calls=2 0x2ae4 -67 
* * 14 8 4
+5 * 2
+3 * 2 2
+4 * 2
+3 * 2 0 2
cfn=(1266)
calls=2 0x2bbe +59 
* * 12 6 4
+5 * 2 0 2
+4 * 2 0 2 2
+4 * 2 0 2
fi=(321)
+4 689 2 2
+4 * 2 2
+4 * 2 2
+4 * 2
+3 * 2
+3 * 2 0 2
cfi=(315)
cfn=(1564) std::__new_allocator<char>::deallocate(char*, unsigned long)
calls=2 0x3a0c 167 
* * 194 55 34 1 5 0 0 0 0 27 6 6
+5 * 2
fe=(282)
+1 304 2
+1 * 2
+4 * 2 2
+1 * 2 2
+2 * 2 2
+1 * 2 2

fn=(1742) std::__cxx11::basic_string<char, std::char_traits<char>, std::allocator<char> >::_M_data(char*)
0x2c1c 227 1 0 1
+1 * 1
+3 * 1 0 1
+4 * 1 0 1
+4 +1 1 1
+4 * 1 1
+4 * 1 0 1
+3 * 1
+1 * 1 1
+1 * 1 1

fn=(1048)
0x2ae4 237 10 0 10
+1 * 10
+3 * 10 0 10
+4 +1 10 10
+4 * 10 10 0 0 2
+3 * 10 10
+1 * 10 10

fn=(1062) std::__cxx11::basic_string<char, std::char_traits<char>, std::allocator<char> >::_M_set_length(unsigned long)
0x2b14 269 3 0 3
+1 * 3
+3 * 3
+4 * 3 0 3
+4 * 3 0 3
+4 * 3 3
+9 * 3 0 3
+4 * 3
+2 +2 3 0 3
+4 * 3 3
+4 * 3
+3 * 3 0 3 2 0 0 1
cfn=(1048)
calls=3 -90 -34 
* * 21 12 6
+5 * 3 3
+4 * 3
+3 * 3
+4 * 3
+3 * 3
+3 * 3 0 3
cfi=(284)
cfn=(1064)
calls=3 0x261b +77 
* * 33 15 12
+5 +1 3 3
+4 * 3 3
+4 * 3
+3 * 3
+3 * 3 0 3
cfn=(1066)
calls=3 0x2c52 -40 
* * 30 12 12
+5 +1 3
+1 * 3 3
+4 * 3 3
+9 * 3 0 0 0 0 0 0 0 0 3 3
+7 * 3 3 0 1 0 0 1
+1 * 3 3

fn=(1222) std::__cxx11::basic_string<char, std::char_traits<char>, std::allocator<char> >::basic_string()
0x45f2 589 1 0 1
+1 * 1
+3 * 1 0 1
+1 * 1
+4 * 1 0 1
+4 * 1 1 0 1 0 0 1
+9 * 1 0 1
+4 * 1
+2 +5 1 1
+4 * 1
+4 * 1 0 1
fi=(315)
+4 88 1
fi=(314)
+1 +80 1
fe=(282)
+1 594 1 1
+4 * 1
+3 * 1 0 1
cfn=(1024)
calls=1 0x2af6 242 
* * 18 7 6
+5 * 1
+3 * 1
+4 * 1
+3 * 1
+3 * 1
+3 * 1 0 1
cfn=(1224)
calls=1 0x492a 207 
* * 23 9 10 2 0 0 2
fi=(314)
+5 189 1 0 0 1 0 0 1
+4 * 1
+3 * 1 0 1
cfi=(315)
cfn=(1228)
calls=1 0x2c6e -85 
* * 6 2 2
+5 * 1
+1 * 1 1
+4 * 1 0 1
fe=(282)
+4 382 1
+1 597 1 1
+4 * 1
+5 * 1
+3 * 1 0 1
cfn=(1062)
calls=1 0x2b14 269 
* * 57 22 18 0 0 0 0 0 0 1 1
+5 +1 1
+1 * 1 1
+4 * 1 1
+9 * 1 0 0 0 0 0 0 0 0 1 1
+7 * 1 1
+4 * 1 1
+1 * 1 1

fn=(1268) std::__cxx11::basic_string<char, std::char_traits<char>, std::allocator<char> >::_S_allocate(std::allocator<char>&, unsigned long)
0x379a 139 2 0 2 2 0 0 1
+1 * 2
+3 * 2
+4 * 2 0 2
+4 * 2 0 2
+4 * 2 2
+4 * 2 0 2
+4 * 2 2
+4 * 2 0 2
fi=(321)
+4 638 2 2
+4 * 2 2
+4 * 2
+5 * 2
+3 * 2
+3 * 2 0 2
cfi=(315)
cfn=(1270) std::__new_allocator<char>::allocate(unsigned long, void const*)
calls=2 0x3ba8 129 
* * 897 276 162 3 9 9 3 1 1 111 15 7 2
+5 * 2
fe=(282)
+1 141 2 0 2
+4 +10 2 2
+4 +1 2 2
+1 * 2 2

fn=(1262)
0x37f4 368 2 0 2 1 0 0 1
+1 * 2
+3 * 2 0 2
+4 +1 2 2
+4 * 2 2
+1 * 2 2

fn=(1744) std::__cxx11::basic_string<char, std::char_traits<char>, std::allocator<char> >::_M_capacity(unsigned long)
0x2c36 264 1 0 1
+1 * 1
+3 * 1 0 1
+4 * 1 0 1
+4 +1 1 1
+4 * 1 1
+4 * 1 0 1
+4 * 1
+1 * 1 1
+1 * 1 1

fl=(275)
fn=(1962) 0x0000000000002280
0x2280 0 1 0 0 1
+7 0 1
+7 0 1
+3 0 1 0 0 0 0 0 0 0 0 1 1
+23 0 1 1

fn=(1004)
0x22b0 0 1 0 0 1 0 0 1
+7 0 1
+7 0 1 0 0 1 0 0 1
+3 0 1
+3 0 1
+4 0 1
+4 0 1
+3 0 1
+3 0 1 0 0 0 0 0 0 0 0 1 1
+22 0 1 1
+88 0 1 0 0 1 0 0 1
+4 0 1

fn=(996)
0x2250 0 1 0 0 1 0 0 1
+4 0 1
+2 0 1
+3 0 1 1
+1 0 1
+3 0 1
+4 0 1 0 1
+1 0 1 0 1
+1 0 1
+3 0 1
+2 0 1
+7 0 1 1 1 0 1 0 0 0 0 0 0 1 1
cob=(2)
cfi=(276)
cfn=(998)
calls=1 0x277f0 242 
* 0 3850010552 1807773285 614138534 7260 1096966 38235 1038 226 28832 202294475 1224323 4719923 2846

fn=(1948)
0x22f0 0 1 0 0 1
+4 0 1 1 0 0 1
+7 0 1 0 0 0 0 0 0 0 0 1
+2 0 1 0 1
+1 0 1 1 0 1 1 0 1
+8 0 1
+3 0 1 0 0 0 0 0 0 0 0 1
+2 0 1 1
+7 0 1 1 1 0 0 0 0 0 0 0 0 1 1
cob=(2)
cfi=(383)
cfn=(1954)
calls=1 0x40960 45 
* 0 99 22 12 9 4 1 8 1 1 23 6
+6 0 1 0 1
cfn=(1962)
calls=1 0x2280 0 
* 0 5 1 0 1 0 0 0 0 0 1 1
+5 0 1 0 1
+7 0 1 1
+1 0 1 1

fl=(326) /usr/include/c++/16.1.1/bits/stream_iterator.h
fn=(1320) std::istream_iterator<double, char, std::char_traits<char>, long>::_M_read()
0x4972 150 65536 0 65536
+1 * 65536
+3 * 65536
+4 * 65536 0 65536
+4 +2 65536 65536 0 1 0 0 1
+4 * 65536 65536
+3 * 65536
+3 * 65536 0 0 0 0 0 0 0 0 65536
+2 * 65536 65536
+4 * 65536 65536
+3 * 65536 65536
+4 * 65536
+4 * 65536
+3 * 65536
+3 * 65536 0 65536
cob=(7)
cfi=(254)
cfn=(1326)
calls=65536 0x13ec20 +77 
* * 110733196 29118276 15372484 3546 224 57 146 12 14 16448923 211174 1435598 1042
cob=(1)
cfi=(285)
cfn=(1038)
calls=1 0x14550 39 
* * 678 233 128 0 4 0 0 0 0 83 5 2 1
* * 65540 65538 2 1 0 0 0 0 0 0 0 65537 2
+5 * 65536 65536
+3 * 65536
+4 * 65536 65536
+3 * 65536
+3 * 65536
+3 * 65536 0 65536
cob=(7)
cfi=(247)
cfn=(1156)
calls=65536 0x1388d0 -18 
* * 262144 131072
* * 65536 65536 0 0 0 0 0 0 0 0 0 65536 1
+5 * 65536
+2 * 65536 0 0 0 0 0 0 0 0 65536 15
+9 * 65536 0 0 1 0 0 1
+5 * 65536
+2 * 65536 0 0 0 0 0 0 0 0 65536 2
+21 +5 65536
+1 * 65536 65536
+1 * 65536 65536

fn=(1420) std::istream_iterator<double, char, std::char_traits<char>, long>::operator*() const
0x4e32 106 65536 0 65536 256 0 0 1
+1 * 65536
+3 * 65536 0 65536
+4 +5 65536 65536
+4 * 65536 0 0 234 0 0 1
+4 +1 65536 65536
+1 * 65536 65536

fn=(1318) std::istream_iterator<double, char, std::char_traits<char>, long>::istream_iterator(std::istream&)
0x46ae 81 256 0 256
+1 * 256
+3 * 256
+4 * 256 0 256
+4 * 256 0 256
+4 * 256 256 0 1 0 0 1
+4 * 256 0 256
fi=(417)
+4 -28 256 256
fe=(326)
+4 +29 256 256
+4 * 256 0 256
+3 * 256 256
+4 * 256 0 256
+4 +1 256 256
+4 * 256
+3 * 256 0 256
cfn=(1320)
calls=256 0x4972 +67 
* * 439301 116046 60991 3476 212 36 131 11 14 64424 1443 6119 788
+5 * 256
+1 * 256 256
+1 * 256 256

fn=(1422) std::istream_iterator<double, char, std::char_traits<char>, long>::operator++()
0x4e44 120 65280 0 65280
+1 * 65280
+3 * 65280
+4 * 65280 0 65280
+4 +5 65280 65280
+4 * 65280
+3 * 65280 0 65280
cfn=(1320)
calls=65280 0x4972 +25 
* * 112588337 29854433 15573767 73 16 21 17 1 0 16581190 209753 1560554 258
+5 +1 65280 65280
+4 +1 65280 65280
+1 * 65280 65280

fn=(1416) std::istream_iterator<double, char, std::char_traits<char>, long>::istream_iterator(std::istream_iterator<double, char, std::char_traits<char>, long> const&)
0x49e4 86 512 0 512
+1 * 512
+3 * 512 0 512
+4 * 512 0 512
+4 +2 512 512
+4 * 512 512
+3 * 512 512
+4 * 512 0 512
+3 * 512 512 0 1 0 0 1
+4 * 512 512
+5 * 512 512
+4 * 512 0 512
+5 +1 512 512
+4 * 512 512
+4 * 512 512
+4 * 512 0 512
+3 +1 512
+1 * 512 512
+1 * 512 512

fl=(339) /usr/include/c++/16.1.1/bits/stl_algo.h
fn=(1412) double* std::copy_n<std::istream_iterator<double, char, std::char_traits<char>, long>, unsigned int, double*>(std::istream_iterator<double, char, std::char_traits<char>, long>, unsigned int, double*)
0x46e8 682 256 0 256
+1 * 256
+3 * 256 0 256
+1 * 256
+7 * 256 0 256
+7 * 256 0 256 1 0 0 1
+6 * 256 0 256
+7 * 256 256
+9 * 256 0 256
+4 * 256
+2 +7 256 256
+6 * 256
+2 * 256 0 256
cfi=(320)
cfn=(1414) std::__size_to_integer(unsigned int)
calls=256 0x458f 1017 
* * 1536 768 512
+5 * 256 0 256
+3 +1 256 256
+4 * 256 0 0 0 0 0 0 0 0 256 2
+11 +6 256 256
+7 * 256 0 256 1 0 0 1
fi=(343)
+4 3024 256 256
fe=(339)
+4 696 256 256
+7 * 256
+4 * 256
+3 * 256
+3 * 256 0 256
cfi=(326)
cfn=(1416)
calls=256 0x49e4 86 
* * 4864 2816 1536 1 0 0 1
+5 * 256
+4 * 256 0 256
+4 * 256
fi=(343)
+4 3024 256 256
+4 * 256
+3 * 256
+3 * 256 0 256
cfi=(326)
cfn=(1416)
calls=256 0x49e4 86 
* * 4864 2816 1536
fe=(339)
+5 696 256 256
+3 * 256
+4 * 256 0 0 1 0 0 1
+5 * 256
+3 * 256
+3 * 256 0 256
cfi=(320)
cfn=(1418) double* std::__copy_n_a<std::istream_iterator<double, char, std::char_traits<char>, long>, unsigned int, double*>(std::istream_iterator<double, char, std::char_traits<char>, long>, unsigned int, double*, bool)
calls=256 0x4a22 533 
* * 114750769 30640609 16229383 564 16 278 20 1 31 16646982 209755 1560554 258
+5 * 256 0 256
fi=(417)
+4 139 256
fe=(339)
+4 698 256 256
+3 * 256 0 256
fi=(343)
+4 3095 256 256
fe=(339)
+4 698 256
+1 +1 256 256
+4 * 256 256
+9 * 256 0 0 0 0 0 0 0 0 256 2
+7 * 256 256
+4 * 256 256
+1 * 256 256

fl=(283)
fn=(1560)
0x37dd 134 3 0 3 2
+1 * 3
+3 * 3 0 3 0 0 1
+4 * 3 3
+4 * 3 0 3
fi=(417)
+4 +43 3 3
fe=(283)
+4 -42 3 3
+1 * 3 3

fn=(1026)
0x31ee 134 3 0 3 2 0 0 1
+1 * 3
+3 * 3 0 3
+4 * 3 3
+4 * 3 0 3
fi=(417)
+4 +43 3 3 0 1 0 0 1
fe=(283)
+4 -42 3 3
+1 * 3 3

fl=(290)
fn=(1074) std::_Vector_base<Vector, std::allocator<Vector> >::_Vector_base()
0x45ba 321 1 0 1 1 0 0 1
+1 * 1
+3 * 1
+4 * 1 0 1
+4 * 1 1
+4 * 1
+3 * 1 0 1
cfn=(1076) std::_Vector_base<Vector, std::allocator<Vector> >::_Vector_impl::_Vector_impl()
calls=1 0x4680 143 
* * 28 10 10 3 0 0 3
+5 * 1
+1 * 1 1
+1 * 1 1

fn=(1450) std::_Vector_base<Vector, std::allocator<Vector> >::_M_allocate(unsigned long)
0x384c 386 10 0 10
+1 * 10
+3 * 10
+4 * 10 0 10
+4 * 10 0 10
+4 +3 10 10
+5 * 10 0 0 0 0 0 0 0 0 10
+2 * 10 10
+4 * 10 0 10
+4 * 10 10
+4 * 10 0 10
fi=(321)
+4 638 10 10
+4 * 10 10
+4 * 10
+5 * 10 0 0 1 0 0 1
+3 * 10
+3 * 10 0 10
cfi=(315)
cfn=(1452) std::__new_allocator<Vector>::allocate(unsigned long, void const*)
calls=10 0x3bf6 129 
* * 2882 488 346 35 14 3 2 0 2 525 92 20 1
+5 * 10
+1 * 10
fe=(290)
+7 390 10 10
+1 * 10 10

fn=(1738) std::_Vector_base<Vector, std::allocator<Vector> >::_Vector_impl::~_Vector_impl()
0x2e12 139 2 0 2
+1 * 2
+3 * 2
+4 * 2 0 2
+4 * 2 2
+4 * 2 0 2
fi=(314)
+4 +50 2 2
+4 * 2
+3 * 2 0 2
cfi=(315)
cfn=(1626) std::__new_allocator<Vector>::~__new_allocator()
calls=2 0x3512 -85 
* * 12 4 4
+5 * 2
fe=(290)
+1 -50 2
+1 * 2 2
+1 * 2 2

fn=(1758) std::vector<double, std::allocator<double> >::end() const
0x3170 1018 1 0 1 1 0 0 1
+1 * 1
+3 * 1
+4 * 1 0 1
+4 * 1 1 0 1 0 0 1
+9 * 1 0 1
+4 * 1
+2 +1 1 1
+4 * 1
+4 * 1 0 1
fi=(343)
+4 +40 1 1
+4 * 1 1
+3 * 1 0 1
+4 * 1
fe=(290)
+1 -40 1 1
+4 * 1 1
+4 * 1 1
+9 * 1 0 0 0 0 0 0 0 0 1 1
+7 * 1 1
+1 * 1 1

fn=(1434) std::vector<Vector, std::allocator<Vector> >::push_back(Vector const&)
0x47bc 1406 256 0 256
+1 * 256
+3 * 256 0 256 1 0 0 1
+2 * 256 0 256
+2 * 256 0 256
+2 * 256 0 256
+1 * 256
+4 * 256 0 256
+4 * 256 0 256
+4 +2 256 256
+4 * 256 256
+4 * 256 256
+4 * 256 256
+4 * 256
+3 * 256 0 0 0 0 0 0 0 0 256 10
+6 +3 247 247
+4 * 247 247
+4 * 247 247
+4 * 247 0 247
+4 * 247 0 247
+4 * 247 247 0 1 0 0 1
+4 * 247 0 247
+4 * 247 247
+4 * 247 0 247
fi=(417)
+4 73 247 247
+4 * 247 247
+4 * 247 0 247
+4 * 247 0 247
+4 * 247 247
+4 * 247 0 247
fi=(315)
+4 203 247 247
+4 * 247
+3 * 247
+5 * 247 0 247
cfi=(341)
cfn=(1458)
calls=247 0x25fa -33 
* * 1729 741 741
+5 * 247
+3 * 247 0 0 1 0 0 1
+6 * 247 247
+4 * 247 0 247
fi=(417)
+4 73 247 247
fi=(315)
+4 203 247
+3 * 247
+3 * 247 0 247
cfi=(325)
cfn=(1462)
calls=247 0x3dc0 35 
* * 1364127 648939 138271 742 13 7373 0 0 31 84068 1265 741
+5 * 247
+5 * 247
+2 * 247 0 0 0 0 0 0 0 0 247 2
+13 * 247
fi=(321)
+1 720 247
fe=(290)
+1 1413 247 247
+4 * 247 247
+4 * 247
+4 * 247 247
+4 * 247 0 247
+4 +5 247
+32 -1 9 9 0 1 0 0 1
+4 * 9 9
+4 * 9
+3 * 9
+3 * 9 0 9
cfi=(340) /usr/include/c++/16.1.1/bits/vector.tcc
cfn=(1436) void std::vector<Vector, std::allocator<Vector> >::_M_realloc_append<Vector const&>(Vector const&)
calls=9 0x4b00 565 
* * 1480906 711050 157765 217 8275 8527 45 1 8419 83502 674 1602 8
+5 +1 256
+1 * 256
+4 * 256 256 0 0 4
+1 * 256 256
+2 * 256 256
+2 * 256 256 0 1 0 0 1
+2 * 256 256
+1 * 256 256

fn=(1446) std::vector<Vector, std::allocator<Vector> >::size() const
0x2e9c 1107 98477 0 98477 10 0 0 1
+1 * 98477
+3 * 98477 0 98477
+4 +2 98477 98477
+4 * 98477 98477
+4 * 98477 98477
+4 * 98477 98477
+3 * 98477
+3 * 98477
+3 * 98477
+4 * 98477 0 98477
+4 +1 98477 98477
+5 +2 98477 98477
+4 +1 98477 98477
+1 * 98477 98477

fn=(1620) std::_Vector_base<Vector, std::allocator<Vector> >::_Vector_impl::_Vector_impl(std::allocator<Vector> const&)
0x351e 152 1 0 1 1
+1 * 1
+3 * 1
+4 * 1 0 1
+4 * 1 0 1
+4 * 1 1
+4 * 1 0 1
+4 * 1 1
+4 * 1 0 1
+4 * 1 1 0 1 0 0 1
+4 * 1 0 1
+4 * 1 1
+4 * 1 0 1
fi=(315)
+4 -60 1
fi=(314)
+1 +81 1
fe=(290)
+1 -20 1 1
+4 * 1
+3 * 1 0 1
cfn=(1078) std::_Vector_base<Vector, std::allocator<Vector> >::_Vector_impl_data::_Vector_impl_data()
calls=1 0x381e -48 
* * 12 5 5 1 0 1
+5 +1 1
+1 * 1 1
+1 * 1 1

fn=(1692) std::vector<double, std::allocator<double> >::size() const
0x308a 1107 65362 0 65362
+1 * 65362
+3 * 65362 0 65362
+4 +2 65362 65362
+4 * 65362 65362
+4 * 65362 65362
+4 * 65362 65362
+3 * 65362
+3 * 65362
+3 * 65362
+4 * 65362 0 65362
+4 +1 65362 65362
+5 +2 65362 65362
+4 +1 65362 65362
+1 * 65362 65362

fn=(1732)
0x2780 790 2 0 2 2 0 0 1
+1 * 2
+3 * 2
+4 * 2 0 2
+4 +3 2 2
+4 * 2
+3 * 2 0 2
cfn=(1466) std::_Vector_base<Vector, std::allocator<Vector> >::_M_get_Tp_allocator()
calls=2 0x2e8e 307 
* * 12 6 4 1
+5 -1 2 2
+4 * 2 2 0 0 1
+4 * 2 2
+4 * 2 2
+3 * 2 0 2
+4 * 2 0 2
+4 * 2 0 2
fi=(321)
+4 1085 2 2
+4 * 2 2
+4 * 2
+3 * 2 0 0 1
+3 * 2 0 2
cfi=(344)
cfn=(1486)
calls=2 0x34d8 219 
* * 108481 34419 18850 5 652 6 0 0 0 16183 53 1536
+5 +1 2
fe=(290)
+1 795 2 2
+4 * 2
+3 * 2 0 2
cfn=(1736) std::_Vector_base<Vector, std::allocator<Vector> >::~_Vector_base()
calls=2 0x2e36 373 
* * 646 203 118 13 7 0 1 0 0 78 8 6
+5 * 2
+1 * 2 2
+1 * 2 2

fn=(1444) std::vector<Vector, std::allocator<Vector> >::_S_max_size(std::allocator<Vector> const&)
0x50b8 2212 18 0 18 1 0 0 1
+1 * 18
+3 * 18
+4 * 18 0 18 1 0 0 1
+4 * 18 18
+9 * 18 0 18
+4 * 18
+2 +5 18
+10 * 18 0 18
+4 * 18 18
+4 * 18 0 18
+4 * 18 18
+4 * 18 0 18
+4 * 18 18
+4 * 18 0 18
fi=(315)
+4 245 18 0 0 2 0 0 1
+10 -50 18
fi=(321)
+1 752 18
fe=(290)
+1 2219 18 0 18
+4 +1 18
+4 * 18
+4 * 18
+3 * 18
+3 * 18 0 18
cfi=(320)
cfn=(1264)
calls=18 0x3398 232 
* * 234 126 54 0 0 0 0 0 0 18 5
+5 * 18 18
+3 +1 18 18
+4 * 18 18
+9 * 18 0 0 0 0 0 0 0 0 18 5
+7 * 18 18
+1 * 18 18

fn=(1622) std::_Vector_base<Vector, std::allocator<Vector> >::_M_create_storage(unsigned long)
0x3560 405 1 0 1
+1 * 1
+3 * 1
+4 * 1 0 1
+4 * 1 0 1
+4 +2 1 1
+4 * 1 1
+4 * 1
+3 * 1
+3 * 1 0 1 1 0 0 1
cfn=(1450)
calls=1 0x384c -21 
* * 541 100 82 5 3 1 0 0 0 105 12 2
+5 * 1 1
+4 * 1 0 1
+3 +1 1 1
+4 * 1 1
+3 * 1 1
+4 * 1 0 1
+4 +1 1 1
+4 * 1 1
+3 * 1 1
+4 * 1
+4 * 1
+3 * 1 1
+4 * 1 0 1
+4 +1 1
+1 * 1 1
+1 * 1 1

fn=(1642) std::vector<double, std::allocator<double> >::vector()
0x565a 551 1 0 1 1 0 0 1
+1 * 1
+3 * 1
+4 * 1 0 1
+4 * 1 1
+4 * 1
+3 * 1 0 1
cfn=(1644) std::_Vector_base<double, std::allocator<double> >::_Vector_base()
calls=1 -47 321 
* * 38 13 13 3 0 0 3
+5 * 1
+1 * 1 1
+1 * 1 1

fn=(1690) std::vector<double, std::allocator<double> >::_S_max_size(std::allocator<double> const&)
0x5ccf 2212 32 0 32 1 0 0 1
+1 * 32
+3 * 32
+4 * 32 0 32
+4 * 32 32
+9 * 32 0 32
+4 * 32
+2 +5 32
+10 * 32 0 32
+4 * 32 32
+4 * 32 0 32
+4 * 32 32 0 1 0 0 1
+4 * 32 0 32
+4 * 32 32
+4 * 32 0 32
fi=(315)
+4 245 32
+10 -50 32
fi=(321)
+1 752 32
fe=(290)
+1 2219 32 0 32
+4 +1 32
+4 * 32
+4 * 32
+3 * 32
+3 * 32 0 32
cfi=(320)
cfn=(1264)
calls=32 0x3398 232 
* * 416 224 96 1 0 0 0 0 0 32 8
+5 * 32 32
+3 +1 32 32
+4 * 32 32 0 1 0 0 1
+9 * 32 0 0 0 0 0 0 0 0 32 17
+7 * 32 32
+1 * 32 32

fn=(1712) std::_Vector_base<double, std::allocator<double> >::_M_deallocate(double*, unsigned long)
0x35e4 394 17 0 17 1
+1 * 17
+3 * 17
+4 * 17 0 17
+4 * 17 0 17
+4 * 17 0 17 0 0 1
+4 +3 17 17
+5 * 17 0 0 0 0 0 0 0 0 17 1
+2 +1 17 17 0 1 0 0 1
+4 * 17 0 17
+4 * 17 17
+4 * 17 0 17
+4 * 17 17
+4 * 17 0 17
fi=(321)
+4 689 17 17
+4 * 17 17
+4 * 17 17
+4 * 17
+3 * 17
+3 * 17 0 17
cfi=(315)
cfn=(1714) std::__new_allocator<double>::deallocate(double*, unsigned long)
calls=17 0x3b76 167 
* * 1830 531 298 12 56 5 5 0 0 263 43 51
+5 * 17
fe=(290)
+1 399 17
+1 * 17 17
+1 * 17 17

fn=(1746)
0x2988 621 1 0 1 1 0 0 1
+1 * 1
+3 * 1 0 1
+2 * 1 0 1
+2 * 1 0 1
+1 * 1
+4 * 1 0 1
+4 * 1 0 1
+4 * 1 1
+9 * 1 0 1
+4 * 1
+2 +2 1 1
+4 * 1 1
+4 * 1
+3 * 1 0 1
cfn=(1688) std::_Vector_base<double, std::allocator<double> >::_M_get_Tp_allocator() const
calls=1 0x30ba 312 
* * 6 3 2
+5 * 1 0 1
+4 * 1 0 0 1 0 0 1
+4 * 1 1
+4 * 1 0 1
+4 * 1 0 1
+4 * 1 1
+4 * 1 0 1
+4 * 1 1
+4 * 1 0 1
+4 * 1 1
+4 * 1 0 1
fi=(315)
+4 92 1
fi=(314)
+1 +81 1
fi=(321)
+1 766 1
fi=(418) /usr/include/c++/16.1.1/ext/alloc_traits.h
+1 100 1
fe=(290)
+1 623 1 1
+4 * 1
+3 * 1 0 1
cfn=(1692)
calls=1 0x308a 1107 
* * 15 8 3
+5 * 1
+3 * 1
+4 * 1 0 0 1 0 0 1
+3 * 1
+3 * 1
+3 * 1 0 1
cfn=(1748) std::_Vector_base<double, std::allocator<double> >::_Vector_base(unsigned long, std::allocator<double> const&)
calls=1 0x30c8 339 
* * 648 138 109 4 4 3 4 0 1 96 16 2
fi=(314)
+5 189 1
+4 * 1
+3 * 1 0 1
cfi=(315)
cfn=(1756) std::__new_allocator<double>::~__new_allocator()
calls=1 0x3642 -85 
* * 6 2 2
+5 * 1
fe=(290)
+1 628 1 1
+4 * 1
+3 * 1 0 1
cfn=(1704) std::_Vector_base<double, std::allocator<double> >::_M_get_Tp_allocator()
calls=1 0x307c 307 
* * 6 3 2
+5 * 1
+3 -1 1 1
+4 * 1 1
+3 -1 1 1
+4 * 1
+3 * 1 0 1
cfn=(1758)
calls=1 0x3170 1018 
* * 20 9 5 2 0 0 2 0 0 1 1
+5 * 1
+3 * 1 1 0 1 0 0 1
+4 * 1
+3 * 1 0 1
cfn=(1760) std::vector<double, std::allocator<double> >::begin() const
calls=1 0x3126 998 
* * 19 9 5 0 0 0 0 0 0 1 1
+5 * 1
+3 * 1
+3 * 1
+3 * 1
+3 * 1 0 1
cfi=(342) /usr/include/c++/16.1.1/bits/stl_uninitialized.h
cfn=(1762) double* std::__uninitialized_copy_a<__gnu_cxx::__normal_iterator<double const*, std::vector<double, std::allocator<double> > >, __gnu_cxx::__normal_iterator<double const*, std::vector<double, std::allocator<double> > >, double*, double>(__gnu_cxx::__normal_iterator<double const*, std::vector<double, std::allocator<double> > >, __gnu_cxx::__normal_iterator<double const*, std::vector<double, std::allocator<double> > >, double*, std::allocator<double>&)
calls=1 0x31bd +11 
* * 261166 261101 261092 2 4087 4082 2 0 4080 261082 4 1
+5 -1 1 1
+4 * 1 0 1 0 0 1
+4 +4 1
+1 * 1 1 0 0 1
+4 * 1 1
+9 * 1 0 0 0 0 0 0 0 0 1 1
0x2ad8 * 1
+4 * 1 1 0 0 1
+1 * 1 1
+2 * 1 1
+2 * 1 1
+1 * 1 1

fn=(1438) std::vector<Vector, std::allocator<Vector> >::_M_check_len(unsigned long, char const*) const
0x4e62 2192 9 0 9
+1 * 9
+3 * 9 0 9
+1 * 9
+4 * 9 0 9
+4 * 9 0 9
+4 * 9 0 9
+4 * 9 9
+9 * 9 0 9 9 0 0 1
+4 * 9
+2 +2 9 9
+4 * 9
+3 * 9 0 9
cfn=(1440) std::vector<Vector, std::allocator<Vector> >::max_size() const
calls=9 0x502c 1118 
* * 540 198 162 15 0 0 6 0 0 18 4
+5 * 9
+3 * 9 9
+4 * 9
+3 * 9 0 9
cfn=(1446)
calls=9 0x2e9c 1107 
* * 135 72 27 9 0 0 1
+5 * 9
+3 * 9
+3 * 9 9
+4 * 9
+3 * 9
+3 * 9
+2 * 9 0 0 0 0 0 0 0 0 9 2
+34 +3 9 9 0 9 0 0 1
+4 * 9
+3 * 9 0 9
cfn=(1446)
calls=9 0x2e9c 1107 
* * 135 72 27
+5 * 9
+3 * 9 9
+4 * 9
+3 * 9 0 9
cfn=(1446)
calls=9 0x2e9c 1107 
* * 135 72 27
+5 * 9 0 9
+4 * 9
+4 * 9
+4 * 9
+3 * 9 0 0 1 0 0 1
+3 * 9 0 9
cfi=(320)
cfn=(1448) unsigned long const& std::max<unsigned long>(unsigned long const&, unsigned long const&)
calls=9 0x504e 256 
* * 118 63 27 0 0 0 0 0 0 9 2
+5 * 9 9
+3 * 9
+3 * 9 0 9
+4 +1 9 9
+4 * 9
+3 * 9 0 9
cfn=(1446)
calls=9 0x2e9c 1107 
* * 135 72 27
+5 * 9 9
+4 * 9 0 0 0 0 0 0 0 0 9
+2 * 9 9
+4 * 9
+3 * 9 0 9
cfn=(1440)
calls=9 0x502c 1118 
* * 540 198 162 0 0 0 0 0 0 18 6
+5 * 9 9
+4 * 9 0 0 0 0 0 0 0 0 9 3
+16 * 9 9 0 1 0 0 1
+4 +1 9 9
+4 * 9 9
+9 * 9 0 0 0 0 0 0 0 0 9 2
+7 * 9 9
+4 * 9 9
+1 * 9 9

fn=(1534) std::_Vector_base<Vector, std::allocator<Vector> >::_M_deallocate(Vector*, unsigned long)
0x348a 394 10 0 10 2
+1 * 10
+3 * 10
+4 * 10 0 10
+4 * 10 0 10
+4 * 10 0 10
+4 +3 10 10
+5 * 10 0 0 0 0 0 0 0 0 10
+2 +1 10 10
+4 * 10 0 10
+4 * 10 10
+4 * 10 0 10
+4 * 10 10
+4 * 10 0 10
fi=(321)
+4 689 10 10
+4 * 10 10
+4 * 10 10
+4 * 10
+3 * 10
+3 * 10 0 10
cfi=(315)
cfn=(1536) std::__new_allocator<Vector>::deallocate(Vector*, unsigned long)
calls=10 0x3a36 167 
* * 1765 552 306 15 35 1 1 1 0 231 24 33 5
+5 * 10
fe=(290)
+1 399 10
+1 * 10 10
+1 * 10 10

fn=(1628) std::vector<Vector, std::allocator<Vector> >::end() const
0x2f82 1018 1 0 1 1 0 0 1
+1 * 1
+3 * 1
+4 * 1 0 1
+4 * 1 1
+9 * 1 0 1
+4 * 1
+2 +1 1 1
+4 * 1
+4 * 1 0 1
fi=(343)
+4 +40 1 1
+4 * 1 1
+3 * 1 0 1
+4 * 1
fe=(290)
+1 -40 1 1
+4 * 1 1
+4 * 1 1 0 1 0 0 1
+9 * 1 0 0 0 0 0 0 0 0 1 1
+7 * 1 1
+1 * 1 1

fn=(1684) std::vector<double, std::allocator<double> >::_M_check_len(unsigned long, char const*) const
0x5a82 2192 16 0 16 1 0 0 1
+1 * 16
+3 * 16 0 16
+1 * 16
+4 * 16 0 16
+4 * 16 0 16
+4 * 16 0 16
+4 * 16 16
+9 * 16 0 16
+4 * 16
+2 +2 16 16
+4 * 16
+3 * 16 0 16
cfn=(1686) std::vector<double, std::allocator<double> >::max_size() const
calls=16 0x5c44 1118 
* * 960 352 288 7 0 0 6 0 0 32 19
+5 * 16
+3 * 16 16
+4 * 16
+3 * 16 0 16 1 0 0 1
cfn=(1692)
calls=16 0x308a 1107 
* * 240 128 48
+5 * 16
+3 * 16
+3 * 16 16
+4 * 16
+3 * 16
+3 * 16
+2 * 16 0 0 0 0 0 0 0 0 16 4
+34 +3 16 16
+4 * 16
+3 * 16 0 16 1 0 0 1
cfn=(1692)
calls=16 0x308a 1107 
* * 240 128 48
+5 * 16
+3 * 16 16
+4 * 16
+3 * 16 0 16
cfn=(1692)
calls=16 0x308a 1107 
* * 240 128 48
+5 * 16 0 16
+4 * 16
+4 * 16
+4 * 16
+3 * 16
+3 * 16 0 16
cfi=(320)
cfn=(1448)
calls=16 0x504e 256 
* * 209 112 48 0 0 0 0 0 0 16 4
+5 * 16 16
+3 * 16
+3 * 16 0 16
+4 +1 16 16
+4 * 16
+3 * 16 0 16
cfn=(1692)
calls=16 0x308a 1107 
* * 240 128 48
+5 * 16 16 0 1 0 0 1
+4 * 16 0 0 0 0 0 0 0 0 16
+2 * 16 16
+4 * 16
+3 * 16 0 16
cfn=(1686)
calls=16 0x5c44 1118 
* * 960 352 288 0 0 0 0 0 0 32 6
+5 * 16 16
+4 * 16 0 0 0 0 0 0 0 0 16 3
+16 * 16 16
+4 +1 16 16
+4 * 16 16
+9 * 16 0 0 0 0 0 0 0 0 16 2
+7 * 16 16
+4 * 16 16
+1 * 16 16 0 1 0 0 1

fn=(1648) std::_Vector_base<double, std::allocator<double> >::_Vector_impl_data::_Vector_impl_data()
0x3994 105 2 0 2
+1 * 2
+3 * 2 0 2
+4 +1 2 2
+4 * 2 0 2
+7 * 2 2
+4 * 2 0 2
+8 * 2 2
+4 * 2 0 2
+8 +1 2
+1 * 2 2 0 1 0 0 1
+1 * 2 2

fn=(1650) std::vector<Vector, std::allocator<Vector> >::operator[](unsigned long)
0x56a4 1251 65280 0 65280
+1 * 65280
+3 * 65280
+4 * 65280 0 65280
+4 * 65280 0 65280
+4 +2 65280 65280
+4 * 65280
+3 * 65280 0 65280
cfn=(1446)
calls=65280 0x2e9c 1107 
* * 979200 522240 195840
+5 * 65280 65280 0 1 0 0 1
+4 * 65280
+3 * 65280
+3 * 65280
+3 * 65280
+3 * 65280
+2 * 65280 0 0 0 0 0 0 0 0 65280 16
+36 +1 65280 65280
+4 * 65280 65280
+3 * 65280 65280 0 1 0 0 1
+4 * 65280
+4 * 65280
+3 +1 65280 65280
+1 * 65280 65280

fn=(1680) std::vector<double, std::allocator<double> >::push_back(double const&)
0x570a 1406 32640 0 32640
+1 * 32640
+3 * 32640 0 32640
+1 * 32640
+4 * 32640 0 32640
+4 * 32640 0 32640
+4 +2 32640 32640
+4 * 32640 32640
+4 * 32640 32640
+4 * 32640 32640
+4 * 32640
+3 * 32640 0 0 0 0 0 0 0 0 32640 17
+6 +3 32624 32624
+4 * 32624 32624
+4 * 32624 32624
+4 * 32624 0 32624 1 0 0 1
+4 * 32624 0 32624
+4 * 32624 32624
+4 * 32624 0 32624
+4 * 32624 32624
+4 * 32624 0 32624
fi=(417)
+4 73 32624 32624
+4 * 32624 32624
+4 * 32624 0 32624
+4 * 32624 0 32624
+4 * 32624 32624
+4 * 32624 0 32624
fi=(315)
+4 203 32624 32624
+4 * 32624
+3 * 32624
+5 * 32624 0 32624 1 0 0 1
cfi=(341)
cfn=(1458)
calls=32624 0x25fa -33 
* * 228368 97872 97872
+5 * 32624 32624
+4 * 32624 0 32624
fi=(417)
+4 73 32624 32624
fi=(315)
+4 203 32624 32624
+4 * 32624 0 32624 0 0 4068 0 0 3898
+4 * 32624
+5 * 32624
+2 * 32624 0 0 0 0 0 0 0 0 32624 6
+13 * 32624
fi=(321)
+1 720 32624
fe=(290)
+1 1413 32624 32624
+4 * 32624 32624
+4 * 32624
+4 * 32624 32624
+4 * 32624 0 32624
+4 +5 32624
+2 -1 16 16
+4 * 16 16
+4 * 16
+3 * 16
+3 * 16 0 16
cfi=(340)
cfn=(1682) void std::vector<double, std::allocator<double> >::_M_realloc_append<double const&>(double const&)
calls=16 0x5838 565 
* * 260820 250658 249230 59 4217 3866 48 0 3784 246827 233 93 2
+5 +1 32640
+1 * 32640 32640 0 0 3
+4 * 32640 32640
+1 * 32640 32640

fn=(1694) std::_Vector_base<double, std::allocator<double> >::_M_allocate(unsigned long)
0x39c2 386 17 0 17
+1 * 17
+3 * 17
+4 * 17 0 17
+4 * 17 0 17
+4 +3 17 17
+5 * 17 0 0 0 0 0 0 0 0 17
+2 * 17 17
+4 * 17 0 17
+4 * 17 17
+4 * 17 0 17
fi=(321)
+4 638 17 17
+4 * 17 17
+4 * 17
+5 * 17
+3 * 17
+3 * 17 0 17
cfi=(315)
cfn=(1696) std::__new_allocator<double>::allocate(unsigned long, void const*)
calls=17 0x3c82 129 
* * 3936 690 501 18 55 27 15 0 5 659 104 35 1
+5 * 17
+1 * 17
fe=(290)
+7 390 17 17
+1 * 17 17

fn=(1748)
0x30c8 339 1 0 1
+1 * 1
+3 * 1 0 1
+1 * 1
+4 * 1 0 1
+4 * 1 0 1
+4 * 1 0 1
+4 +1 1 1
+4 * 1 1
+4 * 1
+3 * 1
+3 * 1 0 1
cfn=(1750) std::_Vector_base<double, std::allocator<double> >::_Vector_impl::_Vector_impl(std::allocator<double> const&)
calls=1 0x364e 152 
* * 33 12 13 2 0 0 2
+5 +1 1 1
+4 * 1 1
+4 * 1
+3 * 1
+3 * 1 0 1 1 0 0 1
cfn=(1752) std::_Vector_base<double, std::allocator<double> >::_M_create_storage(unsigned long)
calls=1 0x3690 +64 
* * 594 119 89 1 4 3 1 0 1 96 16 2
+5 * 1
+28 * 1 1
+4 * 1 1
+1 * 1 1

fn=(1926) std::_Vector_base<double, std::allocator<double> >::~_Vector_base()
0x3024 373 2 0 2 1 0 0 1
+1 * 2
+3 * 2
+4 * 2 0 2
+4 +2 2 2
+4 * 2 2
+4 * 2 2
+4 * 2 2
+3 * 2
+3 * 2
+3 * 2
+4 * 2 0 2
+4 +1 2 2
+5 +2 2 2
+4 * 2 2
+4 * 2 2
+3 * 2 2
+4 * 2
+3 * 2
+3 * 2 0 2 0 0 1
cfn=(1712)
calls=2 0x35e4 +16 
* * 260 70 44 7 4 1 0 0 0 30 11 6
+5 +1 2 2
+4 * 2
+3 * 2 0 2
cfn=(1928) std::_Vector_base<double, std::allocator<double> >::_Vector_impl::~_Vector_impl()
calls=2 0x3000 139 
* * 38 12 12
+5 * 2
+1 * 2 2
+1 * 2 2

fn=(1072) std::vector<Vector, std::allocator<Vector> >::vector()
0x45d6 551 1 0 1 1 0 0 1
+1 * 1
+3 * 1
+4 * 1 0 1
+4 * 1 1
+4 * 1
+3 * 1 0 1
cfn=(1074)
calls=1 -47 321 
* * 38 13 13 4 0 0 4
+5 * 1
+1 * 1 1
+1 * 1 1

fn=(1616)
0x27d6 621 1 0 1 1 0 0 1
+1 * 1
+3 * 1 0 1
+2 * 1 0 1
+2 * 1 0 1
+1 * 1
+4 * 1 0 1
+4 * 1 0 1
+4 * 1 1
+9 * 1 0 1
+4 * 1
+2 +2 1 1
+4 * 1 1 0 1 0 0 1
+4 * 1
+3 * 1 0 1
cfn=(1442) std::_Vector_base<Vector, std::allocator<Vector> >::_M_get_Tp_allocator() const
calls=1 0x2ecc 312 
* * 6 3 2 1
+5 * 1 0 1
+4 * 1
+4 * 1 1
+4 * 1 0 1
+4 * 1 0 1
+4 * 1 1
+4 * 1 0 1
+4 * 1 1
+4 * 1 0 1
+4 * 1 1
+4 * 1 0 1
fi=(315)
+4 92 1
fi=(314)
+1 +81 1
fi=(321)
+1 766 1
fi=(418)
+1 100 1
fe=(290)
+1 623 1 1
+4 * 1 0 0 1 0 0 1
+3 * 1 0 1
cfn=(1446)
calls=1 0x2e9c 1107 
* * 15 8 3 1
+5 * 1
+3 * 1
+4 * 1
+3 * 1
+3 * 1
+3 * 1 0 1
cfn=(1618) std::_Vector_base<Vector, std::allocator<Vector> >::_Vector_base(unsigned long, std::allocator<Vector> const&)
calls=1 0x2eda 339 
* * 621 131 109 10 3 2 3 0 0 105 12 2
fi=(314)
+5 189 1
+4 * 1
+3 * 1 0 1
cfi=(315)
cfn=(1626)
calls=1 0x3512 -85 
* * 6 2 2
+5 * 1
fe=(290)
+1 628 1 1
+4 * 1
+3 * 1 0 1
cfn=(1466)
calls=1 0x2e8e 307 
* * 6 3 2
+5 * 1
+3 -1 1 1
+4 * 1 1
+3 -1 1 1 0 1 0 0 1
+4 * 1
+3 * 1 0 1
cfn=(1628)
calls=1 0x2f82 1018 
* * 20 9 5 2 0 0 2 0 0 1 1
+5 * 1
+3 * 1 1
+4 * 1
+3 * 1 0 1
cfn=(1630) std::vector<Vector, std::allocator<Vector> >::begin() const
calls=1 0x2f38 998 
* * 19 9 5 1 0 0 1 0 0 1 1
+5 * 1
+3 * 1
+3 * 1
+3 * 1
+3 * 1 0 1
cfi=(342)
cfn=(1632) Vector* std::__uninitialized_copy_a<__gnu_cxx::__normal_iterator<Vector const*, std::vector<Vector, std::allocator<Vector> > >, __gnu_cxx::__normal_iterator<Vector const*, std::vector<Vector, std::allocator<Vector> > >, Vector*, Vector>(__gnu_cxx::__normal_iterator<Vector const*, std::vector<Vector, std::allocator<Vector> > >, __gnu_cxx::__normal_iterator<Vector const*, std::vector<Vector, std::allocator<Vector> > >, Vector*, std::allocator<Vector>&)
calls=1 0x2fcf +11 
* * 1379801 671564 142593 22 8352 8189 5 0 8095 72813 314 768 1
+5 -1 1 1
+4 * 1 0 1 0 0 1
+4 +4 1
+1 * 1 1 0 0 1
+4 * 1 1
+9 * 1 0 0 1 0 0 1 0 0 1 1
0x2926 * 1 0 0 1 0 0 1
+4 * 1 1 0 0 1
+1 * 1 1
+2 * 1 1
+2 * 1 1
+1 * 1 1

fn=(1646) std::_Vector_base<double, std::allocator<double> >::_Vector_impl::_Vector_impl()
0x5676 143 1 0 1
+1 * 1
+3 * 1
+4 * 1 0 1 1 0 0 1
+4 * 1 1
+4 * 1 0 1
+4 * 1 1
+4 * 1 0 1
fi=(315)
+4 -55 1
fi=(314)
+1 +80 1
fe=(290)
+1 -20 1 1
+4 * 1
+3 * 1 0 1
cfn=(1648)
calls=1 0x3994 -43 
* * 12 5 5 1 0 0 1
+5 +1 1
+1 * 1 1
+1 * 1 1

fn=(1710) std::vector<double, std::allocator<double> >::_Guard_alloc::~_Guard_alloc()
0x5bbc 1870 16 0 16
+1 * 16
+3 * 16
+4 * 16 0 16
+4 +2 16 16
+4 * 16 16
+3 * 16
+3 * 16 0 0 0 0 0 0 0 0 16 9
+2 +1 15 15
+4 * 15 15
+4 * 15 15
+4 * 15 15
+4 * 15 15
+4 * 15 15
+3 * 15
+3 * 15
+3 * 15 0 15
cfn=(1712)
calls=15 0x35e4 394 
* * 1978 614 390 7 52 5 6 0 0 250 33 45
+5 +1 16
+1 * 16 16
+1 * 16 16

fn=(1736)
0x2e36 373 2 0 2 2
+1 * 2
+3 * 2
+4 * 2 0 2 1 0 0 1
+4 +2 2 2
+4 * 2 2
+4 * 2 2
+4 * 2 2
+3 * 2
+3 * 2
+3 * 2
+4 * 2 0 2
+4 +1 2 2
+5 +2 2 2
+4 * 2 2
+4 * 2 2
+3 * 2 2
+4 * 2
+3 * 2
+3 * 2 0 2
cfn=(1534)
calls=2 0x348a +16 
* * 556 167 96 10 7 0 0 0 0 78 8 6
+5 +1 2 2
+4 * 2
+3 * 2 0 2
cfn=(1738)
calls=2 0x2e12 139 
* * 38 12 12
+5 * 2
+1 * 2 2
+1 * 2 2

fn=(1760)
0x3126 998 1 0 1
+1 * 1
+3 * 1
+4 * 1 0 1
+4 * 1 1
+9 * 1 0 1
+4 * 1
+2 +1 1 1
+4 * 1 0 1
fi=(343)
+4 +60 1 1
+4 * 1 1
+3 * 1 0 1
+4 * 1
fe=(290)
+1 -60 1 1
+4 * 1 1
+4 * 1 1
+9 * 1 0 0 0 0 0 0 0 0 1 1
+7 * 1 1
+1 * 1 1

fn=(1440)
0x502c 1118 18 0 18 1 0 0 1
+1 * 18
+3 * 18
+4 * 18 0 18
+4 +1 18 18
+4 * 18
+3 * 18 0 18 1 0 0 1
cfn=(1442)
calls=18 0x2ecc 312 
* * 108 54 36 9 0 0 1
+5 * 18
+3 * 18 0 18
cfn=(1444)
calls=18 0x50b8 2212 
* * 774 288 216 4 0 0 3 0 0 36 10
+5 * 18 18
+1 * 18 18

fn=(1442)
0x2ecc 312 19 0 19 10 0 0 1
+1 * 19
+3 * 19 0 19
+4 +1 19 19
+4 * 19 19
+1 * 19 19

fn=(1456) std::vector<Vector, std::allocator<Vector> >::_Guard_alloc::_Guard_alloc(Vector*, unsigned long, std::_Vector_base<Vector, std::allocator<Vector> >&)
0x4f62 1865 9 0 9
+1 * 9
+3 * 9 0 9
+4 * 9 0 9
+4 * 9 0 9
+4 * 9 0 9
+4 +1 9 9
+4 * 9 9
+4 * 9 0 9 1 0 0 1
+3 * 9 9
+4 * 9 9
+4 * 9 0 9
+4 * 9 9
+4 * 9 9
+4 * 9 0 9
+4 +1 9
+1 * 9 9
+1 * 9 9

fn=(1644)
0x563e 321 1 0 1 1 0 0 1
+1 * 1
+3 * 1
+4 * 1 0 1
+4 * 1 1
+4 * 1
+3 * 1 0 1
cfn=(1646)
calls=1 +37 143 
* * 28 10 10 2 0 0 2
+5 * 1
+1 * 1 1
+1 * 1 1

fn=(1686)
0x5c44 1118 32 0 32 1 0 0 1
+1 * 32
+3 * 32
+4 * 32 0 32
+4 +1 32 32
+4 * 32
+3 * 32 0 32
cfn=(1688)
calls=32 0x30ba 312 
* * 192 96 64 2 0 0 2
+5 * 32
+3 * 32 0 32
cfn=(1690)
calls=32 0x5ccf 2212 
* * 1376 512 384 4 0 0 3 0 0 64 25
+5 * 32 32
+1 * 32 32

fn=(1688)
0x30ba 312 33 0 33 1 0 0 1
+1 * 33
+3 * 33 0 33 1 0 0 1
+4 +1 33 33
+4 * 33 33
+1 * 33 33

fn=(1704)
0x307c 307 19 0 19 2 0 0 1
+1 * 19
+3 * 19 0 19
+4 +1 19 19
+4 * 19 19
+1 * 19 19

fn=(1790) std::vector<double, std::allocator<double> >::operator[](unsigned long)
0x48c4 1251 32640 0 32640 1
+1 * 32640
+3 * 32640
+4 * 32640 0 32640
+4 * 32640 0 32640
+4 +2 32640 32640
+4 * 32640
+3 * 32640 0 32640
cfn=(1692)
calls=32640 0x308a 1107 
* * 489600 261120 97920
+5 * 32640 32640
+4 * 32640
+3 * 32640
+3 * 32640
+3 * 32640
+3 * 32640
+2 * 32640 0 0 0 0 0 0 0 0 32640 3
+36 +1 32640 32640 0 1
+4 * 32640 32640
+3 * 32640 32640
+4 * 32640
+4 * 32640
+3 +1 32640 32640
+1 * 32640 32640

fn=(1920)
0x2932 790 2 0 2 1
+1 * 2
+3 * 2
+4 * 2 0 2
+4 +3 2 2 0 1 0 0 1
+4 * 2
+3 * 2 0 2
cfn=(1704)
calls=2 0x307c 307 
* * 12 6 4 1
+5 -1 2 2
+4 * 2 2
+4 * 2 2
+4 * 2 2
+3 * 2 0 2
+4 * 2 0 2
+4 * 2 0 2
fi=(321)
+4 1085 2 2
+4 * 2 2
+4 * 2
+3 * 2
+3 * 2 0 2
cfi=(344)
cfn=(1922)
calls=2 0x3632 219 
* * 14 4 6 1
+5 +1 2
fe=(290)
+1 795 2 2
+4 * 2
+3 * 2 0 2
cfn=(1926)
calls=2 0x3024 373 
* * 350 106 66 8 4 2 1 0 0 30 11 6
+5 * 2
+1 * 2 2
+1 * 2 2

fn=(1078)
0x381e 105 2 0 2 2 0 0 1
+1 * 2
+3 * 2 0 2
+4 +1 2 2
+4 * 2 0 2 0 0 1
+7 * 2 2
+4 * 2 0 2
+8 * 2 2 0 1 0 0 1
+4 * 2 0 2
+8 +1 2
+1 * 2 2
+1 * 2 2

fn=(1466)
0x2e8e 307 12 0 12 1
+1 * 12
+3 * 12 0 12
+4 +1 12 12
+4 * 12 12
+1 * 12 12

fn=(1618)
0x2eda 339 1 0 1
+1 * 1
+3 * 1 0 1
+1 * 1
+4 * 1 0 1
+4 * 1 0 1
+4 * 1 0 1
+4 +1 1 1
+4 * 1 1
+4 * 1
+3 * 1
+3 * 1 0 1 1 0 0 1
cfn=(1620)
calls=1 0x351e 152 
* * 33 12 13 3 0 1 1
+5 +1 1 1
+4 * 1 1
+4 * 1
+3 * 1
+3 * 1 0 1
cfn=(1622)
calls=1 0x3560 +64 
* * 567 112 89 6 3 1 1 0 0 105 12 2
+5 * 1
+28 * 1 1
+4 * 1 1
+1 * 1 1

fn=(1700) std::vector<double, std::allocator<double> >::_Guard_alloc::_Guard_alloc(double*, unsigned long, std::_Vector_base<double, std::allocator<double> >&)
0x5b82 1865 16 0 16
+1 * 16
+3 * 16 0 16
+4 * 16 0 16
+4 * 16 0 16
+4 * 16 0 16
+4 +1 16 16
+4 * 16 16
+4 * 16 0 16
+3 * 16 16
+4 * 16 16
+4 * 16 0 16
+4 * 16 16
+4 * 16 16
+4 * 16 0 16
+4 +1 16
+1 * 16 16
+1 * 16 16

fn=(1750)
0x364e 152 1 0 1 1 0 0 1
+1 * 1
+3 * 1
+4 * 1 0 1
+4 * 1 0 1
+4 * 1 1
+4 * 1 0 1
+4 * 1 1
+4 * 1 0 1
+4 * 1 1
+4 * 1 0 1
+4 * 1 1
+4 * 1 0 1
fi=(315)
+4 -60 1
fi=(314)
+1 +81 1
fe=(290)
+1 -20 1 1 0 1 0 0 1
+4 * 1
+3 * 1 0 1
cfn=(1648)
calls=1 0x3994 -48 
* * 12 5 5
+5 +1 1
+1 * 1 1
+1 * 1 1

fn=(1076)
0x4680 143 1 0 1 1 0 0 1
+1 * 1
+3 * 1
+4 * 1 0 1
+4 * 1 1
+4 * 1 0 1
+4 * 1 1
+4 * 1 0 1
fi=(315)
+4 -55 1
fi=(314)
+1 +80 1
fe=(290)
+1 -20 1 1
+4 * 1
+3 * 1 0 1
cfn=(1078)
calls=1 0x381e -43 
* * 12 5 5 2 0 0 2
+5 +1 1
+1 * 1 1
+1 * 1 1

fn=(1490) std::vector<Vector, std::allocator<Vector> >::_Guard_alloc::~_Guard_alloc()
0x4f9c 1870 9 0 9
+1 * 9
+3 * 9
+4 * 9 0 9
+4 +2 9 9
+4 * 9 9
+3 * 9
+3 * 9 0 0 0 0 0 0 0 0 9 1
+2 +1 8 8
+4 * 8 8
+4 * 8 8
+4 * 8 8
+4 * 8 8
+4 * 8 8
+3 * 8
+3 * 8
+3 * 8 0 8
cfn=(1534)
calls=8 0x348a 394 
* * 1449 475 290 7 28 1 1 1 0 163 16 27 5
+5 +1 9
+1 * 9 9
+1 * 9 9

fn=(1630)
0x2f38 998 1 0 1
+1 * 1
+3 * 1
+4 * 1 0 1 1 0 0 1
+4 * 1 1
+9 * 1 0 1
+4 * 1
+2 +1 1 1
+4 * 1 0 1
fi=(343)
+4 +60 1 1
+4 * 1 1
+3 * 1 0 1
+4 * 1
fe=(290)
+1 -60 1 1
+4 * 1 1
+4 * 1 1
+9 * 1 0 0 0 0 0 0 0 0 1 1
+7 * 1 1
+1 * 1 1

fn=(1752)
0x3690 405 1 0 1
+1 * 1
+3 * 1
+4 * 1 0 1
+4 * 1 0 1
+4 +2 1 1
+4 * 1 1
+4 * 1
+3 * 1
+3 * 1 0 1
cfn=(1694)
calls=1 0x39c2 -21 
* * 568 107 82 0 4 3 0 0 1 96 16 2
+5 * 1 1
+4 * 1 0 1
+3 +1 1 1
+4 * 1 1 0 1 0 0 1
+3 * 1 1
+4 * 1 0 1
+4 +1 1 1
+4 * 1 1
+3 * 1 1
+4 * 1
+4 * 1
+3 * 1 1
+4 * 1 0 1
+4 +1 1
+1 * 1 1
+1 * 1 1

fn=(1928)
0x3000 139 2 0 2
+1 * 2
+3 * 2
+4 * 2 0 2
+4 * 2 2
+4 * 2 0 2
fi=(314)
+4 +50 2 2
+4 * 2
+3 * 2 0 2
cfi=(315)
cfn=(1756)
calls=2 0x3642 -85 
* * 12 4 4
+5 * 2
fe=(290)
+1 -50 2
+1 * 2 2
+1 * 2 2

fl=(289)
fn=(1070)
0x40f2 18 1 0 1 1 0 0 1
+1 * 1
+3 * 1 0 1
+2 * 1 0 1
+1 * 1
+7 * 1 0 1 1 0 0 1
+7 * 1 0 1
+7 * 1 1
+9 * 1 0 1
+4 * 1
+2 +1 1 0 1
+10 +1 1 1
+7 * 1
+4 * 1 0 1
+3 * 1 0 1
+5 * 1 1 0 1 0 0 1
+7 * 1
+3 * 1 0 1
cfi=(290)
cfn=(1072)
calls=1 0x45d6 551 
* * 48 16 16 5 0 0 5
+5 +1 1
+7 * 1
+3 * 1 0 1
cob=(7)
cfi=(291)
cfn=(1084)
calls=1 0x130fc0 561 
* * 511 165 146 10 0 0 10 0 0 39 10 24 7
cob=(1)
cfi=(285)
cfn=(1038)
calls=1 0x14550 +18 
* * 973 277 128 6 13 11 1 4 0 127 14 3 3
* * 5 3 2 1 1 0 1 0 0 0 0 2 1
+5 +2 1 1
+7 * 1
+7 * 1
+5 * 1
+3 * 1
+3 * 1 0 1
cob=(7)
cfi=(291)
cfn=(1098)
calls=1 0x131b60 743 
* * 895 196 165 67 7 7 67 5 7 104 31 14 14
cob=(1)
cfi=(285)
cfn=(1038)
calls=1 0x14550 +16 
* * 1414 346 128 6 15 0 0 7 0 198 16 3 3
* * 5 3 2 0 0 0 0 0 0 0 0 2 1
+5 +2 1
+7 * 1 0 0 1 0 0 1
+6 * 1
+3 * 1 0 1
cob=(7)
cfi=(247)
cfn=(1156)
calls=1 0x1388d0 134 
* * 4 2
cob=(1)
cfi=(285)
cfn=(1038)
calls=1 0x14550 +14 
* * 923 268 128 1 10 0 0 3 0 120 12 3 3
* * 5 3 2 0 0 0 0 0 0 0 0 2 1
+5 * 1
+2 * 1 0 0 0 0 0 0 0 0 1
+71 +6 1 0 0 1 0 0 1
+7 * 1
+7 * 1
+3 * 1
+3 * 1 0 1
cob=(7)
cfi=(254)
cfn=(1162)
calls=1 0x13e0c0 190 
* * 595 185 93 48 10 0 48 3 0 87 24 11 11
cob=(1)
cfi=(285)
cfn=(1038)
calls=1 0x14550 +8 
* * 694 235 128 0 8 0 0 2 0 87 8 2 1
* * 5 3 2 1 0 0 1 0 0 0 0 2 1
+5 +1 1
+7 * 1
+3 * 1 0 1
cfi=(282)
cfn=(1222)
calls=1 0x45f2 589 
* * 144 50 46 4 0 0 4 0 0 2 2
+5 +2 1 0 0 1 0 0 1
+7 * 1
+7 * 1
+3 * 1
+3 * 1 0 1
cob=(7)
cfi=(316)
cfn=(1234)
calls=1 0x1734d0 4462 
* * 116 45 26 8 0 0 8 0 0 12 4 2 2
cob=(1)
cfi=(285)
cfn=(1038)
calls=1 0x14550 +5 
* * 1403 346 128 4 10 0 1 4 0 194 10 3 3
* * 5 3 2 0 0 0 0 0 0 0 0 2 1
+5 +2 1
+5 +2 256
+5 * 256
+5 * 256 0 256
cfi=(322) /usr/include/c++/16.1.1/bits/ios_base.h
cfn=(1286) std::operator|(std::_Ios_Openmode, std::_Ios_Openmode)
calls=256 0x459b 151 
* * 2048 1024 768
+5 * 256
+2 * 256
+7 * 256
+7 * 256
+3 * 256
+3 * 256 0 256 1 0 0 1
cob=(7)
cfi=(323)
cfn=(1292)
calls=256 0x168130 1204 
* * 319740 89249 71406 339 153 236 33 0 24 39600 2403 8960 774
cob=(1)
cfi=(285)
cfn=(1038)
calls=1 0x14550 +1 
* * 1427 350 128 4 12 0 1 7 0 198 8 3 3
* * 260 258 2 1 0 0 1 0 0 0 0 257 2
+5 +1 256 256
+6 * 256
+7 * 256
+2 * 256
+3 * 256 0 256
cfi=(325)
cfn=(1310) Vector::Vector(unsigned int)
calls=256 0x3d4e -14 
* * 63464 14398 9490 12 15 3 7 0 1 10773 798 771 257
+5 +1 256
+7 * 256
+3 * 256 0 256
cfi=(325)
cfn=(1316) Vector::get_data()
calls=256 0x3e44 +10 
* * 1792 1024 512 256 0 0 1
+5 * 256
+3 * 256 256
+6 * 256
+7 * 256 0 0 1 0 0 1
+7 * 256
+3 * 256
+3 * 256 0 256
cfi=(326)
cfn=(1318)
calls=256 0x46ae +41 
* * 443909 117838 62783 3477 212 36 132 11 14 64424 1443 6119 788
+5 * 256
+7 * 256
+3 * 256
+2 * 256
+3 * 256 0 256
cfi=(339)
cfn=(1412)
calls=256 0x46e8 682 
* * 114774577 30650849 16236807 568 16 278 24 1 31 16647494 209759 1560554 258
+5 +3 256
+7 * 256 256
+7 * 256
+3 * 256
+3 * 256 0 256
cfi=(290)
cfn=(1434)
calls=256 0x47bc 1406 
* * 2862081 1366766 301295 964 8292 15900 50 1 8450 168073 1951 2343 8
+5 +1 256
+7 * 256
+3 * 256 0 256
cfi=(325)
cfn=(1492)
calls=256 0x3d0a -29 
* * 43793 13595 7382 312 14 4 15 0 0 6952 177 772 5
+5 * 256
+7 * 256
+3 * 256 0 256
cob=(7)
cfi=(323)
cfn=(1514)
calls=256 0x1624c0 1215 
* * 59749 17911 11770 32 57 12 11 0 0 7531 205 1792 261
cob=(1)
cfi=(285)
cfn=(1038)
calls=1 0x14550 -5 
* * 1109 297 128 4 10 0 0 2 0 147 9 3 3
* * 260 258 2 1 5 0 1 0 0 0 0 257 2
+5 -8 257 0 0 1 0 0 1
+7 * 257
+7 * 257
+3 * 257
+3 * 257 0 257
cob=(7)
cfi=(316)
cfn=(1234)
calls=257 0x1734d0 4462 
* * 160105 47915 24299 171 1005 137 49 128 24 20820 1250 1424 265
* * 257 257 0 0 0 0 0 0 0 0 0 257 1
+5 * 257 257
+3 * 257
+4 * 257 257
+3 * 257
+3 * 257
+3 * 257 0 257 1 0 0 1
cob=(7)
cfi=(247)
cfn=(1284)
calls=257 0x1388c0 +89 
* * 1028 514
cob=(1)
cfi=(285)
cfn=(1038)
calls=1 0x14550 +3 
* * 965 276 128 4 7 0 0 2 0 124 7 3 3
* * 261 259 2 1 1 0 1 0 0 0 0 258 2
+5 * 257
+2 * 257 0 0 0 0 0 0 0 0 257 5
+6 +11 1
+7 * 1
+3 * 1 0 1
cfi=(282)
cfn=(1552)
calls=1 0x26b8 919 
* * 283 88 67 9 1 0 1 0 0 23 3 3
+5 * 1
+7 * 1
+3 * 1 0 1
cob=(7)
cfi=(291)
cfn=(1576)
calls=1 0x12fd80 642 
* * 733 226 148 55 21 1 50 0 0 96 39 21 15
cob=(1)
cfi=(285)
cfn=(1038)
calls=1 0x14550 -8 
* * 981 278 128 15 46 8 0 3 0 129 14 3 2
* * 5 3 2 0 1 0 0 0 0 0 0 2 1
+5 * 1 1 0 0 1
+4 * 1 1
+9 * 1 0 0 0 0 0 0 0 0 1 1
0x43c9 * 1 1 0 1 0 0 1
+7 * 1
+7 * 1 1
+1 * 1 1
+2 * 1 1
+1 * 1 1

fn=(1766)
0x43dc 50 1 0 1
+1 * 1
+3 * 1 0 1
+1 * 1
+7 * 1 0 1 0 0 1
+7 * 1 0 1
+7 * 1 1
+9 * 1 0 1 1 0 0 1
+4 * 1
+2 +1 1
+7 * 1
+3 * 1 0 1
cob=(7)
cfi=(291)
cfn=(1772)
calls=1 0x131cd0 834 
* * 510 165 145 24 29 5 3 0 0 39 5 24 6
cob=(1)
cfi=(285)
cfn=(1038)
calls=1 0x14550 -12 
* * 984 279 128 0 48 24 0 4 0 131 13 3 3
* * 5 3 2 1 2 0 0 0 0 0 0 2 1
+5 +2 1 1
+7 * 1
+7 * 1
+5 * 1
+3 * 1
+3 * 1 0 1
cob=(7)
cfi=(291)
cfn=(1780)
calls=1 0x1327c0 1018 
* * 830 196 176 57 31 10 3 2 0 99 31 14 6
cob=(1)
cfi=(285)
cfn=(1038)
calls=1 0x14550 -14 
* * 1398 344 128 5 15 0 0 3 0 194 13 3 3
* * 5 3 2 0 1 0 0 0 0 0 0 2 1
+5 +2 1
+7 * 1
+6 * 1 0 0 1 0 0 1
+3 * 1 0 1
cob=(7)
cfi=(247)
cfn=(1156)
calls=1 0x1388d0 +79 
* * 4 2
* * 1 1 0 0 1 0 0 0 0 0 0 1
+5 * 1
+2 * 1 0 0 0 0 0 0 0 0 1 1
+76 +6 1 0 1 1 0 0 1
+10 * 1
+2 +2 32640
+5 * 32640 0 32640
cfi=(356)
cfn=(1782)
calls=32640 0x45ad 208 
* * 195840 97920 65280 1
+5 * 32640
+2 * 32640
+7 * 32640
+2 * 32640
+3 * 32640 0 32640
cob=(7)
cfi=(357)
cfn=(1788)
calls=32640 0x15bf30 220 
* * 228480 97920 32640 2 0 0 2
cob=(1)
cfi=(285)
cfn=(1038)
calls=1 0x14550 -24 
* * 1181 308 128 4 13 0 0 4 0 163 15 3 3
* * 32644 32642 2 0 0 0 0 0 0 0 0 32641 2
+5 * 32640 0 0 1 0 0 1
+3 * 32640 32640
+6 * 32640
+3 * 32640 32640
+7 * 32640
+3 * 32640
+3 * 32640 0 32640
cfi=(290)
cfn=(1790)
calls=32640 0x48c4 1251 
* * 1207680 489600 228480 2 0 0 0 0 0 32640 3
+5 * 32640 32640 0 0 4079
+3 * 32640
+5 * 32640
+3 * 32640 0 32640
cob=(7)
cfi=(253)
cfn=(1796)
calls=32640 0x15dab0 231 
* * 92979247 21894336 14263404 188 44 18 168 13 0 13401403 260833 783361 21
cob=(1)
cfi=(285)
cfn=(1038)
calls=1 0x14550 -24 
* * 682 233 128 1 10 0 0 0 0 84 5 2 1
* * 32644 32642 2 1 1 0 0 0 0 0 0 32641 2
+5 * 32640 32640
+7 * 32640
+3 * 32640
+3 * 32640 0 32640
cob=(7)
cfi=(253)
cfn=(1886)
calls=32640 0x15a920 +53 
* * 10118400 3916800 1860480 23 8 0 19 0 0 1077120 19 424320 12
cob=(1)
cfi=(285)
cfn=(1038)
calls=1 0x14550 -24 
* * 770 244 128 1 8 0 0 2 0 97 6 3 3
* * 32644 32642 2 1 1 0 0 0 0 0 0 32641 2
+5 -2 32640 0 32640
+7 * 32640 32640
+6 * 32640
+3 * 32640 32640
+7 * 32640
+3 * 32640 0 32640
cfi=(290)
cfn=(1692)
calls=32640 0x308a 1107 
* * 489600 261120 97920
-19 * 1 1 0 1 0 0 1
+6 * 1
+3 * 1 1
+7 * 1
+3 * 1 0 1
cfi=(290)
cfn=(1692)
calls=1 0x308a 1107 
* * 15 8 3
+5 * 32641
+3 * 32641
+3 * 32641
+2 * 32641 0 0 0 0 0 0 0 0 32641 4
+6 +4 1
+5 * 1
+7 * 1
+3 * 1 0 1
cob=(7)
cfi=(291)
cfn=(1912)
calls=1 0x12fa70 917 
* * 748 231 148 68 38 1 5 0 0 98 34 22 7
cob=(1)
cfi=(285)
cfn=(1038)
calls=1 0x14550 -26 
* * 1028 289 136 6 50 15 0 2 0 135 19 3 3
* * 5 3 2 1 0 0 0 0 0 0 0 2 1
+5 * 1 0 0 1 0 0 1
+3 * 1 1 0 0 1
+4 * 1 1
+9 * 1 0 0 0 0 0 0 0 0 1 1
+58 * 1 1 0 1
+4 * 1 1
+1 * 1 1

fl=(315)
fn=(1536)
0x3a36 167 10 0 10 1 0 0 1
+1 * 10
+3 * 10
+4 * 10 0 10 1
+4 * 10 0 10
+4 * 10 0 10
+4 +16 10 10
+4 * 10
+4 * 10
+3 * 10 10
+4 * 10
+3 * 10
+3 * 10 0 10
cob=(7)
cfi=(346)
cfn=(1542)
calls=10 0xb4df0 32 
* * 902 267 126 7 18 0 0 0 0 146 16 20 1
cob=(1)
cfi=(285)
cfn=(1038)
calls=1 0x14550 39 
* * 689 233 128 6 12 1 0 1 0 85 8 2 2
* * 14 12 2 0 5 0 0 0 0 0 0 11 2
+5 +1 10
+1 * 10 10
+1 * 10 10

fn=(1228)
0x2c6e 104 6 0 6 1
+1 * 6
+3 * 6 0 6
+4 * 6
+1 * 6 6
+1 * 6 6

fn=(1452)
0x3bf6 129 10 0 10
+1 * 10
+3 * 10
+4 * 10 0 10 2 0 0 1
+4 * 10 0 10
+4 * 10 0 10
+4 * 10 10
+4 * 10 0 10
+4 245 10
+10 145 10 10
+4 * 10
+3 * 10
+3 * 10
+3 * 10
+3 * 10
+2 * 10 0 0 0 0 0 0 0 0 10 4
+28 +17 10 10 0 2 0 0 1
+4 * 10
+4 * 10
+3 * 10 0 10
cob=(7)
cfi=(304)
cfn=(1148)
calls=10 0xb6f20 43 
* * 2652 428 286 23 11 3 0 0 2 515 88 10
* * 10 10 0 8 3 0 0 0 0 0 0 10 1
+5 +1 10 10
+1 * 10 10

fn=(1270)
0x3ba8 129 2 0 2 1 0 0 1
+1 * 2
+3 * 2
+4 * 2 0 2
+4 * 2 0 2
+4 * 2 0 2
+4 * 2 2
+4 * 2 0 2 1 0 0 1
+4 245 2
+10 145 2 2
+4 * 2
+3 * 2
+3 * 2
+3 * 2
+3 * 2
+2 * 2 0 0 0 0 0 0 0 0 2 2
+7 +17 2 2
+4 * 2
+3 * 2 0 2
cob=(7)
cfi=(304)
cfn=(1148)
calls=2 0xb6f20 43 
* * 198 35 20 0 5 2 0 0 1 30 8 2
cob=(1)
cfi=(285)
cfn=(1038)
calls=1 0x14550 39 
* * 651 227 128 0 4 7 0 1 0 79 5 2 1
* * 6 4 2 1 0 0 1 0 0 0 0 3 1
+5 +1 2 2
+1 * 2 2

fn=(1756)
0x3642 104 3 0 3
+1 * 3
+3 * 3 0 3
+4 * 3
+1 * 3 3
+1 * 3 3

fn=(1714)
0x3b76 167 17 0 17 1
+1 * 17
+3 * 17
+4 * 17 0 17 2
+4 * 17 0 17
+4 * 17 0 17
+4 +16 17 17
+4 * 17
+8 * 17 17
+4 * 17
+3 * 17
+3 * 17 0 17
cob=(7)
cfi=(346)
cfn=(1542)
calls=17 0xb4df0 32 
* * 1558 446 213 8 53 5 5 0 0 263 43 34
* * 17 17 0 1 3 0 0 0 0 0 0 17
+5 +1 17
+1 * 17 17
+1 * 17 17

fn=(1626)
0x3512 104 3 0 3
+1 * 3
+3 * 3 0 3
+4 * 3
+1 * 3 3
+1 * 3 3

fn=(1696)
0x3c82 129 17 0 17 1 0 0 1
+1 * 17
+3 * 17
+4 * 17 0 17
+4 * 17 0 17
+4 * 17 0 17
+4 * 17 17
+4 * 17 0 17
+4 245 17
+10 145 17 17
+4 * 17
+3 * 17
+3 * 17
+3 * 17
+3 * 17
+2 * 17 0 0 0 0 0 0 0 0 17 4
+28 +17 17 17 0 1 0 0 1
+4 * 17
+4 * 17
+3 * 17 0 17
cob=(7)
cfi=(304)
cfn=(1148)
calls=17 0xb6f20 43 
* * 3545 588 399 16 45 27 13 0 5 642 100 18 1
* * 17 17 0 0 10 0 0 0 0 0 0 17
+5 +1 17 17
+1 * 17 17

fn=(1564)
0x3a0c 167 2 0 2
+1 * 2
+3 * 2
+4 * 2 0 2
+4 * 2 0 2
+4 * 2 0 2
+4 +16 2 2
+4 * 2 2
+4 * 2
+3 * 2
+3 * 2 0 2
cob=(7)
cfi=(346)
cfn=(1542)
calls=2 0xb4df0 32 
* * 164 45 24 0 4 0 0 0 0 27 6 4
* * 2 2 0 1 1 0 0 0 0 0 0 2
+5 +1 2
+1 * 2 2
+1 * 2 2

fl=(322)
fn=(1286)
0x459b 151 256 0 256
+1 * 256
+3 * 256 0 256
+3 * 256 0 256
+3 * 256 256
+3 * 256 256
+3 * 256 256
+1 * 256 256

fl=(325)
fn=(1674) Vector::operator/(double)
0x3fa6 83 65280 0 65280
+1 * 65280
+3 * 65280
+4 * 65280 0 65280
+4 * 65280 0 65280
+4 * 65280 0 65280
+5 +1 65280 65280
+4 * 65280 65280 0 1 0 0 1
+4 * 65280
+3 * 65280
+3 * 65280 0 65280
cfn=(1462)
calls=65280 0x3dc0 -49 
* * 350753280 170267392 35471104 0 0 170 0 0 65 19356416 88832 195840
+5 +2 65280 0 65280
+7 * 65280
+2 +2 16711680 16711680
+3 * 16711680 16711680
+4 * 16711680
+2 * 16711680
+3 * 16711680 0 16711680
cfn=(1658) Vector::operator[](unsigned int)
calls=16711680 0x3e7a -28 
* * 183828480 83558400 50135040
+5 * 16711680 16711680
+4 * 16711680 16711680
+5 * 16711680 0 16711680
+4 -2 16711680 0 16711680
+4 * 16711680 16711680
+4 * 16711680 16711680
+2 * 16711680 16711680
+3 * 16711680
+2 * 16711680 0 0 0 0 0 0 0 0 16711680 65294
-11 * 65280 65280
+4 * 65280 65280
+2 * 65280 65280
+3 * 65280
+2 * 65280 0 0 0 0 0 0 0 0 65280 1
+2 +6 65280 65280
+4 * 65280 65280
+1 * 65280 65280

fn=(1658)
0x3e7a 60 58490880 0 58490880 1
+1 * 58490880
+3 * 58490880 0 58490880
+4 * 58490880 0 58490880
+3 +1 58490880 58490880
+4 * 58490880 58490880
+4 * 58490880 58490880
+3 * 58490880
+4 * 58490880
+3 +1 58490880 58490880
+1 * 58490880 58490880

fn=(1660) Vector::magnitude() const
0x3f2c 77 65280 0 65280
+1 * 65280
+3 * 65280
+4 * 65280 0 65280
+4 * 65280 65280 0 1 0 0 1
+9 * 65280 0 65280
+4 * 65280
+2 +1 65280 65280
+4 * 65280
+4 * 65280
+3 * 65280
+3 * 65280 0 65280
cfn=(1462)
calls=65280 0x3dc0 -43 
* * 350784000 170267392 35471104 0 0 188 0 0 63 19368704 88325 195840
+5 * 65280
+4 * 65280 65280
+4 * 65280
+3 * 65280
+3 * 65280 0 65280
cfn=(1662) Vector::dot(Vector) const
calls=65280 0x4072 +29 
* * 586018560 284490240 117308160 2 0 0 1 0 0 16776960 65296
+5 * 65280
+5 * 65280 0 65280
+4 * 65280
+4 * 65280
+3 * 65280 0 65280 1 0 0 1
cfn=(1492)
calls=65280 0x3d0a -63 
* * 9712678 3058700 1361408 3 9 0 3 0 0 1522182 8843 195840
+5 +1 65280 65280
+4 * 65280
+5 * 65280 0 65280
cob=(3)
cfi=(351) /usr/src/debug/glibc/glibc/math/w_sqrt_compat.c
cfn=(1670) sqrt
calls=65280 0x16610 -45 
* * 522240 65280 0 2 0 0 1 0 0 65280
cob=(1)
cfi=(285)
cfn=(1038)
calls=1 0x14550 -40 
* * 732 243 131 3 55 19 0 5 0 90 10 3 2
* * 65284 65282 2 0 5 0 0 0 0 0 0 65281 2
+5 +1 65280 65280
+4 * 65280 65280
+9 * 65280 0 0 0 0 0 0 0 0 65280 6
+7 * 65280 65280
+1 * 65280 65280

fn=(1492)
0x3d0a 15 294783 0 294783 1 0 0 1
+1 * 294783
+3 * 294783
+4 * 294783 0 294783
+4 +2 294783 294783
+4 * 294783 294783 0 0 181
+4 * 294783
+3 * 294783 0 0 0 0 0 0 0 0 294783 2
+2 +2 294783 294783
+4 * 294783 294783
+4 * 294783
+3 * 294783 0 0 0 0 0 0 0 0 294783 15
+2 * 294783 294783
+4 * 294783 294783
+4 * 294783
+3 * 294783 0 294783
cob=(7)
cfi=(345)
cfn=(1498)
calls=294783 0xb4e10 +15 
* * 37745255 10981756 4982452 358 780 18 19 0 0 6345340 29794 589566 1
cob=(1)
cfi=(285)
cfn=(1038)
calls=1 0x14550 +20 
* * 673 227 128 3 6 0 0 0 0 82 9 3 3
* * 294787 294785 2 0 10 0 0 0 0 0 0 294784 2
+5 +3 294783 294783
+4 * 294783 0 294783
+6 +1 294783
+1 * 294783 294783
+1 * 294783 294783

fn=(1654) Vector::mean() const
0x3e9a 65 65280 0 65280 1 0 0 1
+1 * 65280
+3 * 65280 0 65280
+4 +1 65280
+4 * 65280 0 65280
+5 +2 65280 0 65280
+7 * 65280
+2 +2 16711680 16711680
+4 * 16711680 16711680
+4 * 16711680 16711680
+3 * 16711680
+3 * 16711680
+4 * 16711680
+3 * 16711680 16711680
+4 * 16711680 16711680
+5 * 16711680
+4 * 16711680 0 16711680
+5 -2 16711680 0 16711680
+4 * 16711680 16711680
+4 * 16711680 16711680
+2 * 16711680 16711680
+3 * 16711680
+2 * 16711680 0 0 0 0 0 0 0 0 16711680 65291
-11 * 65280 65280 0 1 0 0 1
+4 * 65280 65280
+2 * 65280 65280
+3 * 65280
+2 * 65280 0 0 0 0 0 0 0 0 65280 3
+2 +5 65280 65280
+4 * 65280 65280
+2 * 65280
+2 * 65280
+3 * 65280 0 0 0 0 0 0 0 0 65280
+2 * 65280
+4 * 65280 0 0 1 0 0 1
+5 * 65280
+27 * 65280 65280
+5 * 65280
+4 * 65280
+4 +1 65280 65280
+1 * 65280 65280

fn=(1310)
0x3d4e 25 294783 0 294783 1 0 0 1
+1 * 294783
+3 * 294783
+4 * 294783 0 294783
+4 * 294783 0 294783
+3 +1 294783 294783
+4 * 294783 294783
+3 * 294783 0 294783 0 0 181 0 0 63
+2 * 294783 294783
+3 * 294783
+10 * 294783
+3 * 294783 0 0 0 0 0 0 0 0 294783 5
+2 * 294783
+4 * 294783
+3 * 294783 0 294783 1 0 0 1
cob=(7)
cfi=(303)
cfn=(1146)
calls=294783 0xb6f90 +5 
* * 62367723 9844849 6041488 550 108 904 5 0 525 11578398 128776 589566
cob=(1)
cfi=(285)
cfn=(1038)
calls=1 0x14550 +13 
* * 659 228 128 0 7 0 0 0 0 81 7 2 1
* * 294787 294785 2 0 3 0 0 0 0 0 0 294784 258
+5 * 294783
+3 * 294783 294783
+4 * 294783 0 294783
+4 +2 294783
+7 * 294783 294783
+1 * 294783 294783

fn=(1656) Vector::operator-(double)
0x400c 95 65280 0 65280 1 0 0 1
+1 * 65280
+3 * 65280
+4 * 65280 0 65280
+4 * 65280 0 65280
+4 * 65280 0 65280
+5 +1 65280 65280
+4 * 65280 65280
+4 * 65280
+3 * 65280
+3 * 65280 0 65280
cfn=(1462)
calls=65280 0x3dc0 -61 
* * 350953106 170275620 35478806 0 7 329 0 0 65 19423513 91409 195840
+5 +2 65280 0 65280
+7 * 65280
+2 +2 16711680 16711680
+3 * 16711680 16711680
+4 * 16711680
+2 * 16711680
+3 * 16711680 0 16711680
cfn=(1658)
calls=16711680 0x3e7a -40 
* * 183828480 83558400 50135040 1
+5 * 16711680 16711680
+4 * 16711680 16711680
+5 * 16711680 0 16711680
+4 -2 16711680 0 16711680
+4 * 16711680 16711680
+4 * 16711680 16711680
+2 * 16711680 16711680
+3 * 16711680
+2 * 16711680 0 0 0 0 0 0 0 0 16711680 65284
-11 * 65280 65280 0 1 0 0 1
+4 * 65280 65280
+2 * 65280 65280
+3 * 65280
+2 * 65280 0 0 0 0 0 0 0 0 65280 1
+2 +6 65280 65280
+4 * 65280 65280
+1 * 65280 65280

ob=(3)
fl=(351)
fn=(1670)
0x16610 34 65280 0 0 1 0 0 1
+4 +1 65280
+4 * 65280
+4 * 65280 0 0 0 0 0 0 0 0 65280
+2 +3 65280
cfi=(352) /usr/src/debug/glibc/glibc/math/../sysdeps/ieee754/dbl-64/e_sqrt.c
cfn=(1672) __sqrt_finite@GLIBC_2.15
calls=65280 0x63b30 +13 
* * 195840 65280 0 1

fl=(176)
fn=(586)
0x7d080 28 1 0 0 1 0 0 1
fi=(151) /usr/src/debug/glibc/glibc/math/../sysdeps/x86_64/fpu/multiarch/ifunc-fma.h
+4 +1 1 1
+7 * 1
+7 * 1 1
+7 * 1 0 0 0 0 0 0 0 0 1
+2 +1 1 1
+7 * 1
+7 * 1
+7 * 1
fe=(176)
+4 -2 1 1

fl=(149)
fn=(490)
0x7e7e0 32 1 0 0 1 0 0 1
fi=(419) /usr/src/debug/glibc/glibc/math/../sysdeps/x86_64/fpu/multiarch/ifunc-sse4_1.h
+4 -3 1 1
+7 * 1
+7 * 1 1
+7 * 1
+7 * 1 0 0 1 0 0 1
fe=(149)
+4 +3 1 1

fl=(165)
fn=(542)
0x7b0f0 29 1 0 0 1 0 0 1
+4 * 1 1
+7 * 1 0 0 1 0 0 1
+7 * 1 1
+7 * 1 0 0 0 0 0 0 0 0 1
fi=(151)
+2 +1 1 1
+7 * 1
+7 * 1
+7 * 1
fe=(165)
+4 -1 1 1

fl=(171)
fn=(562)
0x62c80 29 1 0 0 1 0 0 1
+4 * 1 1
+7 * 1
+7 * 1 1
+7 * 1 0 0 0 0 0 0 0 0 1
fi=(151)
+2 +1 1 1
+7 * 1
+7 * 1
+7 * 1
fe=(171)
+4 -1 1 1

fl=(167)
fn=(550)
0x65150 33 1 0 0 1 0 0 1
fi=(419)
+4 -4 1 1
+7 * 1
+7 * 1 1
+7 * 1
+7 * 1
fe=(167)
+4 +4 1 1

fl=(150)
fn=(492)
0x563c0 28 1 0 0 1 0 0 1
fi=(151)
+4 +1 1 1
+7 * 1
+7 * 1 1
+7 * 1 0 0 0 0 0 0 0 0 1
+2 +1 1 1
+7 * 1
+7 * 1
+7 * 1
fe=(150)
+4 -2 1 1

fl=(157)
fn=(514)
0x69590 32 1 0 0 1 0 0 1
fi=(419)
+4 -3 1 1
+7 * 1
+7 * 1 1
+7 * 1
+7 * 1
fe=(157)
+4 +3 1 1

fl=(152)
fn=(496)
0x63af0 28 1 0 0 1 0 0 1
fi=(151)
+4 +1 1 1
+7 * 1 0 0 1 0 0 1
+7 * 1 1
+7 * 1 0 0 0 0 0 0 0 0 1
+2 +1 1 1
+7 * 1
+7 * 1
+7 * 1
fe=(152)
+4 -2 1 1

fl=(143)
fn=(476)
0x6b3d0 29 1 0 0 1 0 0 1
fi=(144) /usr/src/debug/glibc/glibc/math/../sysdeps/x86_64/fpu/multiarch/ifunc-fma4.h
+4 +2 1 1
+7 * 1 1
+7 * 1 0 0 0 0 0 0 0 0 1
+2 +1 1
+7 * 1 1
+7 * 1 0 0 0 0 0 0 0 0 1 1
fe=(143)
+27 -3 1 1 0 1 0 0 1

fl=(163)
fn=(534)
0x62f80 29 1 0 0 1 0 0 1
fi=(147) /usr/src/debug/glibc/glibc/math/../sysdeps/x86_64/fpu/multiarch/ifunc-avx-fma4.h
+4 +3 1 1
+7 * 1 1
+6 * 1
+3 * 1 0 0 0 0 0 0 0 0 1
+2 +1 1
+7 * 1 1
+7 * 1 0 0 0 0 0 0 0 0 1
fe=(163)
+42 -4 1 1 0 1 0 0 1

fl=(155)
fn=(506)
0x67f00 28 1 0 0 1 0 0 1
fi=(151)
+4 +1 1 1
+7 * 1
+7 * 1 1
+7 * 1 0 0 0 0 0 0 0 0 1
+2 +1 1 1
+7 * 1
+7 * 1
+7 * 1
fe=(155)
+4 -2 1 1

fl=(153)
fn=(500)
0x7f0b0 33 1 0 0 1 0 0 1
fi=(419)
+4 -4 1 1
+7 * 1 0 0 1 0 0 1
+7 * 1 1
+7 * 1
+7 * 1
fe=(153)
+4 +4 1 1

fl=(146)
fn=(574)
0x6a950 36 1
fi=(147)
+4 -4 1 1
+7 * 1 1
+6 * 1
+3 * 1 0 0 0 0 0 0 0 0 1
+2 +1 1
+7 * 1 1
+7 * 1 0 0 0 0 0 0 0 0 1
fe=(146)
+42 +3 1 1 0 1 0 0 1

fn=(482)
0x6a900 29 1 0 0 1 0 0 1
fi=(147)
+4 +3 1 1
+7 * 1 1
+6 * 1
+3 * 1 0 0 0 0 0 0 0 0 1
+2 +1 1
+7 * 1 1
+7 * 1 0 0 0 0 0 0 0 0 1 1
fe=(146)
+42 -4 1 1 0 1 0 0 1

fl=(162)
fn=(530)
0x64f80 28 1 0 0 1 0 0 1
fi=(147)
+4 +4 1 1
+7 * 1 1
+6 * 1
+3 * 1 0 0 0 0 0 0 0 0 1
+2 +1 1
+7 * 1 1
+7 * 1 0 0 0 0 0 0 0 0 1 1
fe=(162)
+42 -5 1 1 0 1 0 0 1

fl=(164)
fn=(538)
0x68cc0 28 1 0 0 1 0 0 1
fi=(151)
+4 +1 1 1
+7 * 1
+7 * 1 1
+7 * 1 0 0 0 0 0 0 0 0 1
+2 +1 1 1
+7 * 1
+7 * 1
+7 * 1
fe=(164)
+4 -2 1 1

fl=(142)
fn=(474)
0x6c1a0 33 1 0 0 1 0 0 1
fi=(419)
+4 -4 1 1
+7 * 1
+7 * 1 1
+7 * 1
+7 * 1 0 0 1 0 0 1
fe=(142)
+4 +4 1 1

fl=(154)
fn=(502)
0x6cad0 29 1 0 0 1 0 0 1
+4 * 1 1
+7 * 1
+7 * 1 1
+7 * 1 0 0 0 0 0 0 0 0 1
fi=(151)
+2 +1 1 1
+7 * 1
+7 * 1
+7 * 1 0 0 1 0 0 1
fe=(154)
+4 -1 1 1

fl=(170)
fn=(558)
0x7ea20 28 1
fi=(151)
+4 +1 1 1
+7 * 1
+7 * 1 1
+7 * 1 0 0 0 0 0 0 0 0 1 1
+2 +1 1 1 0 1 0 0 1
+7 * 1
+7 * 1
+7 * 1
fe=(170)
+4 -2 1 1

fl=(168)
fn=(552)
0x7c150 33 1 0 0 1 0 0 1
fi=(419)
+4 -4 1 1
+7 * 1
+7 * 1 1
+7 * 1
+7 * 1
fe=(168)
+4 +4 1 1

ob=(8)
fl=(325)
fn=(1462)
0x3dc0 35 294527 0 294527 2 0 0 1
+1 * 294527
+3 * 294527
+4 * 294527 0 294527 0 0 3
+4 * 294527 0 294527
+4 +1 294527 294527
+4 * 294527 294527 0 0 8221
+2 * 294527 294527
+4 * 294527
+2 * 294527
+3 * 294527 0 294527
cfn=(1310)
calls=294527 0x3d4e -11 
* * 68790148 11894162 7800826 540 103 1082 0 0 587 11862489 127990 883581 2
+5 +2 294527 0 294527
+7 * 294527
+2 +2 75398912 75398912
+4 * 75398912 75398912
+4 * 75398912 75398912
+3 * 75398912
+3 * 75398912
+4 * 75398912
+3 * 75398912 75398912
+4 * 75398912 75398912
+4 * 75398912 75398912
+3 * 75398912
+3 * 75398912
+4 * 75398912
+3 * 75398912 75398912 0 0 1072991
+4 * 75398912 0 75398912 0 0 24240 0 0 16374
+4 -2 75398912 0 75398912
+4 * 75398912 75398912
+4 * 75398912 75398912
+2 * 75398912 75398912
+3 * 75398912
+2 * 75398912 0 0 0 0 0 0 0 0 75398912 294549
-11 * 294527 294527 0 256 0 0 1
+4 * 294527 294527
+2 * 294527 294527
+3 * 294527
+2 * 294527 0 0 0 0 0 0 0 0 294527 8
+2 +4 294527
+1 * 294527
+1 * 294527 294527
+1 * 294527 294527

fn=(1662)
0x4072 107 97920 0 97920
+1 * 97920
+3 * 97920
+4 * 97920 0 97920
+4 * 97920 0 97920 1 0 0 1
+4 +1 97920
+4 * 97920 0 97920
+5 +2 97920 0 97920
+7 * 97920
+2 +2 25067520 25067520
+4 * 25067520 25067520
+4 * 25067520 25067520
+3 * 25067520
+3 * 25067520
+4 * 25067520
+3 * 25067520 25067520
+4 * 25067520 0 25067520
+5 * 25067520 25067520
+3 * 25067520 25067520
+4 * 25067520
+2 * 25067520
+3 * 25067520 0 25067520
cfn=(1658)
calls=25067520 0x3e7a -52 
* * 275742720 125337600 75202560
+5 * 25067520 25067520
+4 * 25067520 25067520
+5 * 25067520 25067520
+5 * 25067520
+4 * 25067520 0 25067520
+5 -2 25067520 0 25067520
+4 * 25067520 25067520
+4 * 25067520 25067520
+2 * 25067520 25067520
+3 * 25067520
+2 * 25067520 0 0 0 0 0 0 0 0 25067520 97934
-11 * 97920 97920 0 1
+4 * 97920 97920
+2 * 97920 97920
+3 * 97920
+2 * 97920 0 0 0 0 0 0 0 0 97920 2
+2 +5 97920 97920
+5 +1 97920 97920
+1 * 97920 97920

fn=(1316)
0x3e44 50 256 0 256 256 0 0 1
+1 * 256
+3 * 256 0 256
+4 +1 256 256
+4 * 256 256
+4 +1 256 256
+1 * 256 256

fl=(342)
fn=(1708) std::enable_if<std::__is_bitwise_relocatable<double, void>::value, double*>::type std::__relocate_a_1<double, double>(double*, double*, double*, std::allocator<double>&)
0x5c66 1377 16 0 16
+1 * 16
+3 * 16
+4 * 16 0 16
+4 * 16 0 16
+4 * 16 0 16
+4 * 16 0 16
+4 +4 16 16 0 1 0 0 1
+4 * 16 16
+4 * 16
+4 * 16 0 16
+4 +1 16 16
+5 * 16 0 0 0 0 0 0 0 0 16 1
+2 +12 15 15
+4 * 15
+8 * 15 15
+4 * 15 15
+4 * 15
+3 * 15
+3 * 15
+3 * 15
+3 * 15 0 15
cob=(2)
cfi=(288)
cfn=(1060)
calls=15 0x171fc0 255 
* * 247439 246152 246113 9 4101 3823 3 0 3776 245789 55
* * 15 15 0 0 0 0 0 0 0 0 0 15 1
+5 +2 16 16 0 0 3
+4 * 16
+8 * 16 16
+4 * 16
+3 +1 16 16
+1 * 16 16

fn=(1468) Vector* std::__uninitialized_move_if_noexcept_a<Vector*, Vector*, std::allocator<Vector> >(Vector*, Vector*, Vector*, std::allocator<Vector>&)
0x4fd9 709 9 0 9 1 0 0 1
+1 * 9
+3 * 9 0 9
+1 * 9
+4 * 9 0 9
+4 * 9 0 9
+4 * 9 0 9
+4 * 9 0 9
+4 +6 9 9
+4 * 9
+3 * 9 0 9
cfi=(343)
cfn=(1470) Vector const* std::__make_move_if_noexcept_iterator<Vector, Vector const*>(Vector*)
calls=9 0x5079 1835 
* * 54 27 18
+5 * 9
+3 * 9 9
+4 * 9
+3 * 9 0 9
cfi=(343)
cfn=(1470)
calls=9 0x5079 1835 
* * 54 27 18
+5 * 9
+3 * 9 9
+4 * 9 9
+4 * 9
+3 * 9
+3 * 9
+3 * 9 0 9
cfn=(1472) Vector* std::__uninitialized_copy_a<Vector const*, Vector const*, Vector*, Vector>(Vector const*, Vector const*, Vector*, std::allocator<Vector>&)
calls=9 0x5087 -78 
* * 1371554 668330 141662 49 7918 8302 9 0 8255 72408 342 765
+5 +2 9 9 0 0 4
+4 * 9 9
+1 * 9 9

fn=(1764) double* std::uninitialized_copy<__gnu_cxx::__normal_iterator<double const*, std::vector<double, std::allocator<double> > >, double*>(__gnu_cxx::__normal_iterator<double const*, std::vector<double, std::allocator<double> > >, __gnu_cxx::__normal_iterator<double const*, std::vector<double, std::allocator<double> > >, double*)
0x36e6 252 1 0 1
+1 * 1
+3 * 1
+4 * 1 0 1
+4 * 1 0 1
+4 * 1 0 1
+4 * 1 1 0 1 0 0 1
+9 * 1 0 1
+4 * 1
+2 * 1
+4 * 1 0 1
fi=(343)
+4 1166 1 1
+4 1352 1 1
+3 * 1
+4 * 1 0 1
+4 1166 1 1
+4 1352 1 1
+3 * 1
+3 * 1
+3 * 1
fe=(342)
+4 290 1 0 1
+4 +1 1 1
+5 * 1 0 0 0 0 0 0 0 0 1
+2 +5 1 1
+4 -2 1 0 0 1 0 0 1
+8 * 1 1
+4 * 1 0 1
fi=(343)
+4 1166 1
+4 3015 1 1
+3 * 1 1
+4 * 1 0 1
+4 +9 1 1
fe=(342)
+4 294 1
+3 * 1
+3 * 1
+3 * 1
+3 * 1 0 1
cob=(2)
cfi=(288)
cfn=(1060)
calls=1 0x171fc0 -39 
* * 261104 261078 261074 0 4084 4082 0 0 4080 261080 3
* * 1 1 0 0 0 0 0 0 0 0 0 1
+5 +3 1 1 0 0 1
+4 * 1
+4 * 1 0 1
+4 +2 1 1
+4 +39 1 1
+4 * 1 1 0 0 1
+9 * 1 0 0 0 0 0 0 0 0 1 1
+7 * 1 1
+1 * 1 1

fn=(1474) Vector* std::uninitialized_copy<Vector const*, Vector*>(Vector const*, Vector const*, Vector*)
0x5135 252 9 0 9
+1 * 9
+3 * 9
+4 * 9 0 9 9 0 0 1
+4 * 9 0 9
+4 * 9 0 9
+4 +35 9 9
+4 * 9 9
+4 * 9 9
+4 * 9
+3 * 9
+3 * 9 0 9
cfn=(1476) Vector* std::__do_uninit_copy<Vector const*, Vector const*, Vector*>(Vector const*, Vector const*, Vector*)
calls=9 +7 160 
* * 1371293 668240 141563 40 7914 8302 8 0 8255 72408 342 765
+5 +51 9 9 0 0 4
+1 * 9 9

fn=(1636) Vector* std::__do_uninit_copy<__gnu_cxx::__normal_iterator<Vector const*, std::vector<Vector, std::allocator<Vector> > >, __gnu_cxx::__normal_iterator<Vector const*, std::vector<Vector, std::allocator<Vector> > >, Vector*>(__gnu_cxx::__normal_iterator<Vector const*, std::vector<Vector, std::allocator<Vector> > >, __gnu_cxx::__normal_iterator<Vector const*, std::vector<Vector, std::allocator<Vector> > >, Vector*)
0x3895 160 1 0 1
+1 * 1
+3 * 1 0 1
+1 * 1
+4 * 1 0 1
+4 * 1 0 1
+4 * 1 0 1
+4 * 1 1
+9 * 1 0 1
+4 * 1
+2 +3 1
+4 * 1 0 0 1 0 0 1
+4 * 1
+3 * 1
+3 * 1 0 1
cfn=(1478) std::_UninitDestroyGuard<Vector*, void>::_UninitDestroyGuard(Vector*&)
calls=1 0x3a68 -50 
* * 14 7 5 1
+5 +1 1
fi=(343)
+2 1090 256 256
fe=(342)
+4 165 256 256
+4 * 256 0 256
fi=(417)
+4 53 256 256
fe=(342)
+4 165 256
+3 * 256
+3 * 256 0 256
cfi=(344)
cfn=(1530)
calls=256 0x3ad4 -42 
* * 1373038 669225 141025 16 8349 8189 0 0 8095 72554 309 768 1
fi=(343)
+5 1103 256 256
+4 * 256
+4 * 256 0 256
+4 +1 256
fe=(342)
+1 164 256 256
+4 * 256
+4 * 256 0 256
+4 * 256
+4 * 256 0 256
fi=(343)
+4 1166 256 256
+4 +81 256 256
+3 * 256
+4 * 256 0 256
+4 -81 256 256
+4 +81 256 256
+3 * 256
+3 * 256
fe=(342)
+3 164 256
+2 * 256 0 0 0 0 0 0 0 0 256 3
-38 * 1 0 0 1 0 0 1
+4 * 1 0 1
fi=(343)
+4 1166 1 1
+4 +81 1 1
+3 * 1
+4 * 1 0 1
+4 -81 1 1
+4 +81 1 1
+3 * 1
+3 * 1
fe=(342)
+3 164 1
+2 * 1 0 0 0 0 0 0 0 0 1 1
+2 +2 1
+4 * 1
+3 * 1 0 1
cfn=(1480) std::_UninitDestroyGuard<Vector*, void>::release()
calls=1 0x3b5e -35 
* * 8 3 3
+5 +1 1 1
+4 +1 1
+4 * 1 0 0 1 0 0 1
+3 * 1 0 1
cfn=(1482) std::_UninitDestroyGuard<Vector*, void>::~_UninitDestroyGuard()
calls=1 0x3a92 -50 
* * 14 4 2 0 0 0 0 0 0 1
+5 -1 1
+3 +1 1 1
+4 * 1 1 0 0 1
+9 * 1 0 0 0 0 0 0 0 0 1 1
+55 * 1 1 0 1 0 0 1
+4 * 1 1 0 0 1
+1 * 1 1

fn=(1706) double* std::__relocate_a<double*, double*, std::allocator<double> >(double*, double*, double*, std::allocator<double>&)
0x5bf9 1404 16 0 16 1 0 0 1
+1 * 16
+3 * 16 0 0 1 0 0 1
+4 * 16 0 16
+4 * 16 0 16
+4 * 16 0 16
+4 * 16 0 16
+4 * 16 16
+4 * 16 0 16
fi=(343)
+4 3024 16 16
+4 * 16 16
+4 * 16 0 16
+4 * 16 16
+4 * 16 16
+4 * 16 0 16
+4 * 16 16
fe=(342)
+4 1410 16 16
+4 * 16
+3 * 16 0 16
cfn=(1708)
calls=16 +42 -33 
* * 247893 246324 246224 10 4104 3823 4 0 3776 245805 56 15 1
+5 +3 16 16 0 0 3
+1 * 16 16

fn=(1762)
0x31bd 637 1 0 1
+1 * 1
+3 * 1
+4 * 1 0 1
+4 * 1 0 1
+4 * 1 0 1
+4 * 1 0 1
+4 +24 1 1
+4 * 1 1
+4 * 1 1
+4 * 1
+3 * 1
+3 * 1 0 1
cfn=(1764)
calls=1 0x36e6 252 
* * 261151 261096 261086 2 4086 4082 2 0 4080 261082 4 1
+5 +2 1 1 0 0 1
+1 * 1 1

fn=(1472)
0x5087 637 9 0 9
+1 * 9
+3 * 9
+4 * 9 0 9
+4 * 9 0 9
+4 * 9 0 9
+4 * 9 0 9
+4 +24 9 9
+4 * 9 9
+4 * 9 9
+4 * 9
+3 * 9
+3 * 9 0 9
cfn=(1474)
calls=9 0x5135 252 
* * 1371419 668285 141608 49 7918 8302 9 0 8255 72408 342 765
+5 +2 9 9
+1 * 9 9

fn=(1478)
0x3a68 113 10 0 10 1 0 0 1
+1 * 10
+3 * 10 0 10
+4 * 10 0 10
+4 +1 10 10
+4 * 10 10
+3 * 10 10
+4 * 10 0 10 9 0 0 1
+3 * 10 10
+4 * 10 10
+4 * 10 0 10
+4 +1 10
+1 * 10 10
+1 * 10 10

fn=(1480)
0x3b5e 131 10 0 10 1 0 0 1
+1 * 10
+3 * 10 0 10
+4 * 10 10
+4 * 10 0 10
+8 * 10
+1 * 10 10
+1 * 10 10

fn=(1482)
0x3a92 118 10 0 10
+1 * 10
+3 * 10
+4 * 10 0 10
+4 +2 10 10
+4 * 10 10
+4 * 10
+3 * 10
+3 * 10
+3 * 10
+3 * 10 0 0 0 0 0 0 0 0 10 2
+31 +8 10 0 0 1 0 0 1
+1 * 10 10
+1 * 10 10

fn=(1632)
0x2fcf 637 1 0 1
+1 * 1
+3 * 1
+4 * 1 0 1
+4 * 1 0 1
+4 * 1 0 1
+4 * 1 0 1
+4 +24 1 1
+4 * 1 1
+4 * 1 1
+4 * 1
+3 * 1
+3 * 1 0 1
cfn=(1634) Vector* std::uninitialized_copy<__gnu_cxx::__normal_iterator<Vector const*, std::vector<Vector, std::allocator<Vector> > >, Vector*>(__gnu_cxx::__normal_iterator<Vector const*, std::vector<Vector, std::allocator<Vector> > >, __gnu_cxx::__normal_iterator<Vector const*, std::vector<Vector, std::allocator<Vector> > >, Vector*)
calls=1 0x35b6 252 
* * 1379786 671559 142587 22 8351 8189 5 0 8095 72813 314 768 1
+5 +2 1 1 0 0 1
+1 * 1 1

fn=(1476)
0x5162 160 9 0 9
+1 * 9
+3 * 9 0 9
+1 * 9
+4 * 9 0 9
+4 * 9 0 9
+4 * 9 0 9
+4 * 9 9
+9 * 9 0 9 1 0 0 1
+4 * 9
+2 +3 9
+4 * 9
+4 * 9
+3 * 9
+3 * 9 0 9
cfn=(1478)
calls=9 0x3a68 -50 
* * 126 63 45 9 0 0 2
+5 +1 9
+2 +1 255 255
+4 * 255 0 255
fi=(417)
+4 53 255 255
fe=(342)
+4 165 255 255
+4 * 255
+3 * 255
+3 * 255 0 255
cfi=(344)
cfn=(1530)
calls=255 0x3ad4 -42 
* * 1367102 666503 140372 26 7906 8302 1 0 8255 72126 327 765
+5 -1 255 0 255
+5 * 255 255
+4 * 255
+4 * 255 0 255
+4 * 255 255
+4 * 255 255
+4 * 255 0 0 0 0 0 0 0 0 255 8
-8 * 9 9 0 1 0 0 1
+4 * 9 9
+4 * 9 0 0 0 0 0 0 0 0 9 3
+2 +2 9
+4 * 9
+3 * 9 0 9
cfn=(1480)
calls=9 0x3b5e -35 
* * 72 27 27 1 0 0 1
+5 +1 9 9
+4 +1 9
+4 * 9
+3 * 9 0 9
cfn=(1482)
calls=9 0x3a92 -50 
* * 126 36 18 1 0 0 1 0 0 9 2
+5 -1 9
+3 +1 9 9
+4 * 9 9 0 0 4
+9 * 9 0 0 0 0 0 0 0 0 9 2
+55 * 9 9 0 1 4 0 1
+4 * 9 9
+1 * 9 9

fn=(1634)
0x35b6 252 1 0 1
+1 * 1
+3 * 1
+4 * 1 0 1 1 0 0 1
+4 * 1 0 1
+4 * 1 0 1
+4 +35 1 1
+4 * 1 1
+4 * 1 1
+4 * 1
+3 * 1
+3 * 1 0 1
cfn=(1636)
calls=1 0x3895 160 
* * 1379772 671554 142582 21 8351 8189 4 0 8095 72813 314 768 1
+5 +51 1 1
+1 * 1 1

fl=(287)
fn=(1068) std::__cxx11::basic_string<char, std::char_traits<char>, std::allocator<char> >::_M_construct<char const*>(char const*, char const*, std::forward_iterator_tag)::_Guard::~_Guard()
0x2cd4 248 2 0 2
+1 * 2
+3 * 2
+4 * 2 0 2
+4 * 2 2
+4 * 2 2
+3 * 2
+3 * 2 0 0 0 0 0 0 0 0 2 1
+17 * 2
+1 * 2 2
+1 * 2 2

fn=(1044)
0x2cfe 227 2 0 2 1 0 0 1
+1 * 2 0 0 1 0 0 1
+3 * 2
+4 * 2 0 2
+4 * 2 0 2
+4 * 2 0 2
+4 * 2 2
+9 * 2 0 2
+4 * 2
+2 * 2 2
+4 * 2 0 2
+4 * 2 2
+4 * 2 0 2
fi=(420) /usr/include/c++/16.1.1/bits/stl_iterator_base_funcs.h
+4 -34 2 2
+4 * 2 0 2
+4 * 2 2
+4 * 2 0 2 2 0 0 1
+4 -85 2 2
+4 * 2 2
+4 +86 2
fe=(287)
+1 +37 2 0 2
+4 +2 2 2
+4 * 2
+4 * 2 0 0 0 0 0 0 0 0 2 1
+2 +2 1
+4 * 1 1
+4 * 1
+5 * 1
+3 * 1
+3 * 1 0 1
cfn=(1258)
calls=1 0x3268 -92 
* * 184 60 44 6 4 1 0 0 0 13 5 2
+5 * 1
+3 * 1 1
+4 * 1
+3 * 1
+3 * 1 0 1 1
cfi=(282)
cfn=(1742)
calls=1 0x2c1c -8 
* * 10 4 4
+5 +1 1 1
+4 * 1 1
+4 * 1
+3 * 1
+3 * 1 0 1
cfi=(282)
cfn=(1744)
calls=1 0x2c36 +28 
* * 10 4 4
+5 * 1
+2 * 1 1 0 1 0 0 1
+4 * 1 0 1
fi=(282)
+4 382 1
fe=(287)
+1 251 1 1
+4 * 1
+4 * 1
+3 * 1
+3 * 1 0 1
cfn=(1046) std::__cxx11::basic_string<char, std::char_traits<char>, std::allocator<char> >::_M_construct<char const*>(char const*, char const*, std::forward_iterator_tag)::_Guard::_Guard(std::__cxx11::basic_string<char, std::char_traits<char>, std::allocator<char> >*)
calls=1 0x2cba -6 
* * 10 4 4
-14 * 1 1
+4 * 1
+4 * 1
+3 * 1
+3 * 1 0 1
cfn=(1046)
calls=1 0x2cba -6 
* * 10 4 4
+5 +2 2 2
+4 * 2
+3 * 2 0 2
cfi=(282)
cfn=(1048)
calls=2 0x2ae4 -16 
* * 14 8 4
+5 * 2 0 0 2 0 0 1
+3 * 2 2
+4 * 2 2
+4 * 2
+3 * 2
+3 * 2 0 2
cfi=(282)
cfn=(1050)
calls=2 0x344d 487 
* * 1149 365 189 16 16 4 8 1 0 144 26 7 4
+5 +2 2 0 2
+8 +2 2 2
+4 * 2 2
+4 * 2
+3 * 2
+3 * 2 0 2
cfi=(282)
cfn=(1062)
calls=2 0x2b14 +12 
* * 114 44 36 3 0 0 2 0 0 2 2
+5 +1 2
+4 * 2
+3 * 2 0 2
cfn=(1068)
calls=2 0x2cd4 -10 
* * 22 8 4 0 0 0 0 0 0 2 1
+5 * 2 2
+4 * 2 2 0 1 0 0 1
+9 * 2 0 0 0 0 0 0 0 0 2 2
+7 * 2 2
+1 * 2 2

fn=(1258)
0x3268 143 2 0 2 1 0 0 1
+1 * 2
+3 * 2 0 2
+1 * 2
+4 * 2 0 2
+4 * 2 0 2
+4 * 2 0 2
+4 +5 2 2 0 2 0 0 1
+4 * 2 2
+3 * 2 2
+4 * 2
+3 * 2 0 2
cfi=(282)
cfn=(1260)
calls=2 0x33c4 1205 
* * 104 38 30 6 0 0 4 0 0 4 4
+5 * 2
+3 * 2
+3 * 2
+2 * 2 0 0 0 0 0 0 0 0 2 2
+17 +6 2 2
+4 * 2 2
+3 * 2 2
+4 * 2 0 0 0 0 0 0 0 0 2
+2 * 2 2
+4 * 2 2
+3 * 2 2 0 2 0 0 1
+4 * 2
+3 * 2
+3 * 2 0 0 0 0 0 0 0 0 2 2
+65 +10 2 2 0 1
+4 * 2 2
+3 * 2
+4 * 2 2
+4 * 2
+3 * 2 0 2
cfi=(282)
cfn=(1266)
calls=2 0x2bbe 363 
* * 12 6 4 1 0 0 1
+5 * 2
+3 * 2
+3 * 2 0 2
cfi=(282)
cfn=(1268)
calls=2 0x379a -25 
* * 937 290 176 5 9 9 4 1 1 111 15 7 2
+5 +1 2 2
+4 * 2 2
+1 * 2 2

fn=(1046)
0x2cba 245 2 0 2
+1 * 2
+3 * 2 0 2
+4 * 2 0 2
+4 * 2 2
+4 * 2 2
+4 * 2 0 2
+3 * 2
+1 * 2 2
+1 * 2 2

fl=(350)
fn=(1640)
0x523a 15 1 0 1 1
+1 * 1
+3 * 1 0 1
+1 * 1 0 0 1 0 0 1
+4 * 1 0 1
+4 * 1 0 1
+4 * 1 1
+9 * 1 0 1
+4 * 1
+2 +1 1 1
+4 * 1
+4 * 1 0 1
+3 * 1 0 1
+5 * 1 1
+4 * 1
+3 * 1 0 1
cfi=(290)
cfn=(1642)
calls=1 0x565a 551 
* * 48 16 16 4 0 0 4
+5 +2 1 0 1
+7 * 1 0 0 1 0 0 1
+5 +1 255 255
+3 * 255
+3 * 255 0 255
+3 * 255
+5 +1 32640 32640
+3 * 32640
+3 * 32640 32640
+4 * 32640
+3 * 32640
+3 * 32640 0 32640
cfi=(290)
cfn=(1650)
calls=32640 0x56a4 1251 
* * 1207680 489600 228480 2 0 0 2 0 0 32640 14
+5 * 32640
+3 * 32640
+4 * 32640
+3 * 32640
+3 * 32640 0 32640
cfi=(325)
cfn=(1462)
calls=32640 0x3dc0 +15 
* * 175630398 85157536 17757594 3 1057268 141 0 0 32 9745620 54439 97920
+5 * 32640 32640
+3 * 32640
+3 * 32640 32640 0 1 0 0 1
+4 * 32640
+3 * 32640
+3 * 32640 0 32640
cfi=(290)
cfn=(1650)
calls=32640 0x56a4 1251 
* * 1207680 489600 228480 0 0 0 0 0 0 32640 2
+5 * 32640
+3 * 32640
+4 * 32640
+3 * 32640
+3 * 32640 0 32640
cfi=(325)
cfn=(1462)
calls=32640 0x3dc0 +15 
* * 175554816 85150080 17750400 0 7767 137 0 0 32 9734016 46477 97920
+5 * 32640
+4 * 32640
+4 * 32640
+3 * 32640
+3 * 32640 0 32640
cfn=(1652) Analysis::pearson(Vector, Vector)
calls=32640 0x53e1 +9 
* * 3255152491 1571399392 541566640 33 87 996 25 7 354 148960023 624393 1436164 4
+5 * 32640
+5 * 32640 0 32640
+4 * 32640
+4 * 32640
+3 * 32640 0 32640
cfi=(325)
cfn=(1492)
calls=32640 0x3d0a -5 
* * 5039642 1588009 688405 0 0 0 0 0 0 790677 8846 97920
+5 * 32640
+4 * 32640
+3 * 32640 0 32640
cfi=(325)
cfn=(1492)
calls=32640 0x3d0a -5 
* * 5039635 1586694 688896 0 0 0 0 0 0 789763 9734 97920
+5 +1 32640
+4 * 32640 32640
+4 * 32640
+3 * 32640
+3 * 32640 0 32640
cfi=(290)
cfn=(1680)
calls=32640 0x570a 1406 
* * 2153348 1066402 836542 61 4220 7934 50 0 7682 312091 256 93 2
+5 -2 32640 0 32640 0 0 3
+4 * 32640 32640
+3 * 32640
+3 * 32640 32640
+4 * 32640
+3 * 32640 0 32640
cfi=(290)
cfn=(1446)
calls=32640 0x2e9c 1107 
* * 489600 261120 97920
-13 * 255 255 0 1 0 0 1
+3 * 255
+3 * 255 255
+4 * 255
+3 * 255 0 255
cfi=(290)
cfn=(1446)
calls=255 0x2e9c 1107 
* * 3825 2040 765
+5 * 32895
+3 * 32895
+3 * 32895
+2 * 32895 0 0 0 0 0 0 0 0 32895 271
+6 -1 255 0 255
+4 * 255 255
+3 * 255
+3 * 255 255
+4 * 255
+3 * 255 0 255
cfi=(290)
cfn=(1446)
calls=255 0x2e9c 1107 
* * 3825 2040 765
-13 * 1 1 0 1 0 0 1
+3 * 1
+3 * 1 1
+4 * 1
+3 * 1 0 1
cfi=(290)
cfn=(1446)
calls=1 0x2e9c 1107 
* * 15 8 3
+5 * 256
+4 * 256
+3 * 256
+3 * 256
+2 * 256 0 0 0 0 0 0 0 0 256 10
+6 +8 1 1 0 0 1
+4 * 1 1
+9 * 1 0 0 0 0 0 0 0 0 1 1
+89 * 1 1
+4 * 1 1
+4 * 1 1
+1 * 1 1

fn=(1652)
0x53e1 29 32640 0 32640 1 0 0 1
+1 * 32640
+3 * 32640 0 32640
+1 * 32640
+7 * 32640 0 32640
+7 * 32640 0 32640
+7 * 32640 32640 0 1 0 0 1
+9 * 32640 0 32640
+4 * 32640
+2 +1 32640 32640
+7 * 32640
+3 * 32640 0 32640
cfi=(325)
cfn=(1654)
calls=32640 0x3e9a +35 
* * 134509440 67107840 16842240 3 0 0 3 0 0 8421120 32645
+5 * 32640
+5 * 32640 0 32640
+7 +1 32640 32640
+7 * 32640
+3 * 32640 0 32640
cfi=(325)
cfn=(1654)
calls=32640 0x3e9a +34 
* * 134509440 67107840 16842240 0 0 0 0 0 0 8421120 32649
+5 * 32640
+5 * 32640 0 32640
+7 +2 32640 0 0 1 0 0 1
+4 * 32640 32640
+7 * 32640 32640
+7 * 32640
+5 * 32640
+3 * 32640
+3 * 32640 0 32640
cfi=(325)
cfn=(1656)
calls=32640 0x400c +62 
* * 385106560 185673088 68074112 3 1 188 2 0 33 18113280 79634 97920
+5 +1 32640
+4 * 32640 32640
+7 * 32640 32640
+7 * 32640
+5 * 32640
+3 * 32640
+3 * 32640 0 32640 1 0 0 1
cfi=(325)
cfn=(1656)
calls=32640 0x400c +61 
* * 385009426 185664932 68066454 0 6 141 0 0 32 18087193 77060 97920
+5 +2 32640
+4 * 32640
+3 * 32640 0 32640
cfi=(325)
cfn=(1660)
calls=32640 0x3f2c +41 
* * 474531315 229234811 77331589 12 69 207 7 5 63 18899293 85919 228484 3
+5 * 32640
+5 * 32640 0 32640
+4 +1 32640
+4 * 32640
+3 * 32640 0 32640
cfi=(325)
cfn=(1660)
calls=32640 0x3f2c +40 
* * 474530579 229234566 77331456 0 0 0 0 0 0 18899203 76561 228480 1
+5 * 32640
+5 * 32640 0 32640
+4 +2 32640
+4 * 32640 32640
+4 * 32640
+4 * 32640
+5 * 32640 0 0 1 0 0 1
+3 * 32640
+3 * 32640 0 32640
cfi=(325)
cfn=(1674)
calls=32640 0x3fa6 +44 
* * 384973440 185664896 68066432 1 0 0 1 0 0 18072832 76553 97920
+5 +1 32640
+4 * 32640 32640
+4 * 32640
+4 * 32640
+5 * 32640
+3 * 32640
+3 * 32640 0 32640
cfi=(325)
cfn=(1674)
calls=32640 0x3fa6 +43 
* * 384942720 185664896 68066432 0 0 170 0 0 65 18060544 77574 97920
+5 +2 32640
+4 * 32640
+4 * 32640
+3 * 32640
+3 * 32640 0 32640
cfi=(325)
cfn=(1462)
calls=32640 0x3dc0 -7 
* * 175439104 85119360 17724288 0 1 290 0 0 161 9696640 51074 97920
+5 * 32640
+4 * 32640 0 0 1 0 0 1
+4 * 32640
+3 * 32640
+3 * 32640 0 32640
cfi=(325)
cfn=(1662)
calls=32640 0x4072 +65 
* * 293009280 142245120 58654080 0 0 0 0 0 0 8388480 32640
+5 * 32640
+5 * 32640 0 32640
+7 * 32640
+4 * 32640
+3 * 32640 0 32640
cfi=(325)
cfn=(1492)
calls=32640 0x3d0a -27 
* * 4815360 1516032 667392 0 0 0 0 0 0 754944 1026 97920
+5 +2 32640 32640 0 0 5 0 0 1
+8 * 32640 0 32640
+5 * 32640 32640 0 0 5 0 0 1
+8 * 32640 0 32640 1 0 0 1
+8 * 32640
+7 * 32640
+7 * 32640
+3 * 32640
+3 * 32640 0 32640
cfi=(320)
cfn=(1676) double const& std::min<double>(double const&, double const&)
calls=32640 0x57db 232 
* * 424320 228480 97920 2 0 0 2 0 0 32640 4
+5 * 32640
+3 * 32640
+4 * 32640
+3 * 32640
+3 * 32640 0 32640
cfi=(320)
cfn=(1678) double const& std::max<double>(double const&, double const&)
calls=32640 0x5809 256 
* * 424320 228480 97920 0 0 0 0 0 0 32640 4
+5 * 32640 32640
+4 * 32640 0 32640
+8 +1 32640
+4 * 32640
+3 * 32640 0 32640 1 0 0 1
cfi=(325)
cfn=(1492)
calls=32640 0x3d0a -30 
* * 4865555 1533446 682752 0 0 0 0 0 0 764163 1026 97920
+5 * 32640
+4 * 32640
+3 * 32640 0 32640
cfi=(325)
cfn=(1492)
calls=32640 0x3d0a -30 
* * 4856339 1529350 680704 0 0 0 0 0 0 761091 3 97920
+5 * 32640
+4 * 32640
+3 * 32640 0 32640
cfi=(325)
cfn=(1492)
calls=32640 0x3d0a -30 
* * 4856474 1529385 680725 4 0 0 2 0 0 761109 14 97920
+5 * 32640
+4 * 32640
+3 * 32640 0 32640
cfi=(325)
cfn=(1492)
calls=32640 0x3d0a -30 
* * 4856339 1529350 680704 0 0 0 0 0 0 761091 2 97920
+5 -1 32640 32640
+8 +1 32640 32640
+4 * 32640 32640
+9 * 32640 0 0 0 0 0 0 0 0 32640 5
0x5638 * 32640 32640
+4 * 32640 32640
+1 * 32640 32640

fl=(320)
fn=(1264)
0x3398 232 52 0 52 1 0 0 1
+1 * 52
+3 * 52 0 52
+4 * 52 0 52
+4 +5 52 52
+4 * 52 52
+3 * 52 52
+4 * 52 52
+3 * 52
+3 * 52 0 0 0 0 0 0 0 0 52 15
+8 +2 52 52 0 1
+4 +1 52 52
+1 * 52 52

fn=(1448)
0x504e 256 25 0 25
+1 * 25
+3 * 25 0 25
+4 * 25 0 25
+4 +5 25 25
+4 * 25 25
+3 * 25 25
+4 * 25 25
+3 * 25
+3 * 25 0 0 0 0 0 0 0 0 25 6
+2 +1 2 2
+4 * 2
+2 +1 23 23
+4 +1 23 23
+1 * 23 23
-1 * 2 2
+1 * 2 2

fn=(1676)
0x57db 232 32640 0 32640 1 0 0 1
+1 * 32640
+3 * 32640 0 32640
+4 * 32640 0 32640
+4 +5 32640 32640
+4 * 32640 32640
+4 * 32640 32640
+4 * 32640 32640
+4 * 32640
+4 * 32640 0 0 0 0 0 0 0 0 32640 4
+8 +2 32640 32640 0 1 0 0 1
+4 +1 32640 32640
+1 * 32640 32640

fn=(1414)
0x458f 1017 256 0 256
+1 * 256
+3 * 256 0 256
+3 * 256 256
+3 * 256 256
+1 * 256 256

fn=(1418)
0x4a22 533 256 0 256
+1 * 256
+3 * 256
+4 * 256 0 256
+4 * 256 0 256
+3 * 256 0 256
+4 * 256 0 256
+3 +46 256 256
+4 * 256 0 0 0 0 0 0 0 0 256
+2 +4 65536 65536 0 1 0 0 1
+4 * 65536
+3 * 65536 0 65536
cfi=(326)
cfn=(1420)
calls=65536 0x4e32 106 
* * 458752 196608 131072 490 0 0 2
+5 * 65536 65536
+4 * 65536 65536
+4 * 65536 0 65536 0 0 257 0 0 31
+4 +1 65536 0 65536
+5 +1 65536 0 65536
+4 * 65536 65536
+4 * 65536
+3 * 65536
+2 * 65536 0 0 0 0 0 0 0 0 65536 2
+2 +1 65280 65280
+4 * 65280
+3 * 65280 0 65280
cfi=(326)
cfn=(1422)
calls=65280 0x4e44 120 
* * 113241137 30115553 15769607 73 16 21 17 1 0 16581190 209753 1560554 258
+5 -3 65280
+2 +5 256
+1 +3 256 256
+4 +1 256 256
+1 * 256 256

fn=(1678)
0x5809 256 32640 0 32640
+1 * 32640
+3 * 32640 0 32640
+4 * 32640 0 32640
+4 +5 32640 32640
+4 * 32640 32640
+4 * 32640 32640
+4 * 32640 32640
+4 * 32640
+4 * 32640 0 0 0 0 0 0 0 0 32640 4
+8 +2 32640 32640
+4 +1 32640 32640
+1 * 32640 32640

fl=(341)
fn=(1458)
0x25fa 170 33407 0 33407 1 0 0 1
+1 * 33407
+3 * 33407 0 33407
+4 * 33407 0 33407
+4 * 33407 33407
+4 * 33407 33407
+1 * 33407 33407

fl=(340)
fn=(1436)
0x4b00 565 9 0 9 1 0 0 1
+1 * 9
+3 * 9 0 9
+2 * 9 0 9
+2 * 9 0 9
+2 * 9 0 9
+1 * 9
+7 * 9 0 9
+7 * 9 0 9
+7 * 9 9
+9 * 9 0 9
+4 * 9
+2 +9 9
+7 * 9 9
+7 * 9 0 0 1 0 0 1
+5 * 9
+3 * 9 0 9
cfi=(290)
cfn=(1438)
calls=9 0x4e62 2192 
* * 2251 900 594 44 0 0 11 0 0 81 19
+5 * 9 0 9
+7 +1 9 9
+8 +2 9 9
+7 * 9 9
+3 * 9 0 9
+7 +1 9 9
+7 * 9 9
+4 * 9 0 9
+7 +1 9 9 0 1 0 0 1
+7 * 9
+3 * 9 0 9
cfi=(290)
cfn=(1446)
calls=9 0x2e9c 1107 
* * 135 72 27
+5 * 9 0 9
+7 +1 9 9
+7 * 9 9
+7 * 9
+3 * 9
+3 * 9 0 9
cfi=(290)
cfn=(1450)
calls=9 0x384c 386 
* * 2551 458 324 31 11 2 3 0 2 430 80 18 1
+5 * 9 0 9
+7 +1 9 9
+7 * 9 0 9
+7 +3 9 9 0 1 0 0 1
+7 * 9 9
+7 * 9 9
+7 * 9
+4 * 9
+3 * 9 0 9
cfi=(290)
cfn=(1456)
calls=9 0x4f62 1865 
* * 162 72 72 1 0 0 1
+5 * 9 9
+7 * 9 0 9
fi=(417)
+4 73 9 9
fe=(340)
+4 595 9 9
+7 * 9
+3 * 9
+4 -1 9 9 0 1 0 0 1
+7 * 9
+3 * 9 0 9
fi=(283)
+4 211 9 9
fe=(340)
+4 594 9 9
+7 * 9 0 9
+7 * 9 0 9
+7 * 9 0 9
+7 * 9 9
+7 * 9 0 9
fi=(417)
+7 73 9 9 0 1 0 0 1
+7 * 9 9
+7 * 9 0 9
+7 * 9 0 9
+7 * 9 9
+7 * 9 0 9
fi=(315)
+4 203 9 9
+7 * 9
+3 * 9
+5 * 9 0 9
cfi=(341)
cfn=(1458)
calls=9 0x25fa -33 
* * 63 27 27 1 0 0 1
+5 * 9
+3 * 9
+6 * 9 9 0 1 0 0 1
+7 * 9 0 9
fi=(417)
+4 73 9 9
fi=(315)
+4 203 9
+3 * 9
+3 * 9 0 9
cfi=(325)
cfn=(1462)
calls=9 0x3dc0 35 
* * 48940 23583 4964 12 4 206 2 0 162 2782 92 27 1
+5 * 9
+5 * 9
+2 * 9 0 0 0 0 0 0 0 0 9 2
+13 * 9
fi=(321)
+1 720 9
fe=(340)
+1 -85 9 9
+7 * 9 9
+7 * 9
+4 * 9 0 0 1 0 0 1
+3 * 9 9
+7 * 9
+3 * 9
+4 * 9
+3 * 9
+3 * 9 0 9
cfn=(1464) std::vector<Vector, std::allocator<Vector> >::_M_realloc_append<Vector const&>(Vector const&)::_Guard_elts::_Guard_elts(Vector*, std::allocator<Vector>&)
calls=9 0x4a80 -13 
* * 162 72 63 1 0 0 1
+5 +4 9 9
+7 * 9
+3 * 9 0 9
cfi=(290)
cfn=(1466)
calls=9 0x2e8e 307 
* * 54 27 18
+5 * 9
+3 -2 9 9
+7 * 9 9
+7 * 9 9 0 1 0 0 1
+7 * 9
+3 * 9 0 9
cfi=(342)
cfn=(1468)
calls=9 0x4fd9 +72 
* * 1371887 668447 141779 50 7922 8302 10 0 8255 72408 342 765
+5 * 9
+29 * 9 0 9 0 0 4
+7 +4 9 0 9
+8 +3 9 9
+7 * 9 0 9 1 0 4 1
+4 +1 9 9
+7 * 9 0 9
+4 +1 9
+4 * 9
+3 * 9 0 9
cfn=(1484) std::vector<Vector, std::allocator<Vector> >::_M_realloc_append<Vector const&>(Vector const&)::_Guard_elts::~_Guard_elts()
calls=9 0x4aba -19 
* * 51776 16338 9185 53 306 8 3 0 0 7611 118 765 1
+5 +1 9 9
+7 * 9 0 9
+4 +1 9 9
+7 * 9 9 0 0 4
+4 * 9 9
+7 * 9
+4 * 9 0 9
+4 +1 9 0 0 1 0 0 1
+4 * 9
+3 * 9 0 9
cfi=(290)
cfn=(1490)
calls=9 0x4f9c 1870 
* * 1620 559 316 7 28 1 1 1 0 172 17 27 5
+5 +4 9 9
+7 * 9 9
+7 * 9 0 9
+3 +1 9 9
+7 * 9 9
+7 * 9 0 9
+4 +1 9 9
+7 * 9
+4 * 9
+3 * 9 9 0 6 0 0 1
+7 * 9
+3 * 9 9
+7 * 9 0 9
+4 +1 9
+1 * 9 9
+4 * 9 9
+9 * 9 0 0 0 0 0 0 0 0 9 4
+67 * 9
+7 * 9 9
+1 * 9 9
+2 * 9 9
+2 * 9 9
+2 * 9 9
+1 * 9 9

fn=(1464)
0x4a80 622 9 0 9 1 0 0 1
+1 * 9
+3 * 9 0 9
+4 * 9 0 9
+4 * 9 0 9
+4 +1 9 9
+4 * 9 9
+4 * 9 0 9
+3 * 9 9
+4 * 9
+4 * 9 9
+4 * 9 0 9
+4 * 9 9
+4 * 9 9
+4 * 9 0 9
+4 +1 9
+1 * 9 9
+1 * 9 9

ob=(3)
fl=(158)
fn=(516)
0x67f50 33 1 0 0 1 0 0 1
fi=(419)
+4 -4 1 1
+7 * 1
+7 * 1 1
+7 * 1
+7 * 1
fe=(158)
+4 +4 1 1

fl=(169)
fn=(554)
0x7b690 32 1 0 0 1 0 0 1
fi=(151)
+4 -3 1 1
+7 * 1
+7 * 1 1
+7 * 1 0 0 0 0 0 0 0 0 1
+2 +1 1 1
+7 * 1
+7 * 1
+7 * 1 0 0 1 0 0 1
fe=(169)
+4 +2 1 1

fl=(148)
fn=(486)
0x553d0 28 1 0 0 1 0 0 1
fi=(147)
+4 +4 1 1
+7 * 1 1
+6 * 1
+3 * 1 0 0 0 0 0 0 0 0 1
+2 +1 1
+7 * 1 1
+7 * 1 0 0 0 0 0 0 0 0 1
fe=(148)
+42 -5 1 1 0 1 0 0 1

fl=(161)
fn=(522)
0x7e9e0 28 1 0 0 1 0 0 1
fi=(151)
+4 +1 1 1
+7 * 1
+7 * 1 1
+7 * 1 0 0 0 0 0 0 0 0 1
+2 +1 1 1 0 1 0 0 1
+7 * 1
+7 * 1
+7 * 1
fe=(161)
+4 -2 1 1

fl=(166)
fn=(546)
0x63780 29 1 0 0 1 0 0 1
fi=(144)
+4 +2 1 1
+7 * 1 1
+7 * 1 0 0 0 0 0 0 0 0 1
+2 +1 1
+7 * 1 1
+7 * 1 0 0 0 0 0 0 0 0 1 1
fe=(166)
+27 -3 1 1

fl=(156)
fn=(526)
0x54690 37 1
fi=(144)
+4 -6 1 1
+7 * 1 1
+7 * 1 0 0 0 0 0 0 0 0 1
+2 +1 1
+7 * 1 1
+7 * 1 0 0 0 0 0 0 0 0 1 1
fe=(156)
+27 +5 1 1 0 1 0 0 1

fn=(510)
0x54650 29 1 0 0 1 0 0 1
fi=(144)
+4 +2 1 1
+7 * 1 1
+7 * 1 0 0 0 0 0 0 0 0 1
+2 +1 1
+7 * 1 1
+7 * 1 0 0 0 0 0 0 0 0 1 1
fe=(156)
+27 -3 1 1 0 1 0 0 1

fl=(352)
fn=(1672)
0x63b30 51 65280 0 0 1
+4 +2 65280
+4 +92 65280 65280

fl=(145)
fn=(480)
0x7d9c0 44 1 0 0 1 0 0 1
+4 * 1 1
+7 * 1
+7 * 1 1
+7 * 1 0 0 0 0 0 0 0 0 1 1
+27 * 1 1

fl=(173)
fn=(570)
0x7b250 29 1 0 0 1 0 0 1
+4 * 1 1
+7 * 1
+7 * 1 1
+7 * 1 0 0 0 0 0 0 0 0 1
fi=(151)
+2 +1 1 1
+7 * 1
+7 * 1
+7 * 1 0 0 1 0 0 1
fe=(173)
+4 -1 1 1

fl=(175)
fn=(582)
0x569b0 29 1 0 0 1 0 0 1
fi=(147)
+4 +3 1 1
+7 * 1 1 0 1 0 0 1
+6 * 1
+3 * 1 0 0 0 0 0 0 0 0 1
+2 +1 1
+7 * 1 1
+7 * 1 0 0 0 0 0 0 0 0 1 1
fe=(175)
+42 -4 1 1

fl=(159)
fn=(518)
0x7d8a0 33 1 0 0 1 0 0 1
fi=(419)
+4 -4 1 1
+7 * 1
+7 * 1 1
+7 * 1
+7 * 1 0 0 1 0 0 1
fe=(159)
+4 +4 1 1

fl=(174)
fn=(578)
0x76dc0 29 2 0 0 1 0 0 1
+4 * 2 2
+7 * 2
+7 * 2 2
+7 * 2 0 0 0 0 0 0 0 0 2
fi=(151)
+2 +1 2 2
+7 * 2
+7 * 2
+7 * 2
fe=(174)
+4 -1 2 2

fl=(160)
fn=(520)
0x68510 49 1 0 0 1 0 0 1
+4 * 1 1
+7 * 1
+7 * 1 1
+7 * 1 0 0 0 0 0 0 0 0 1 1
+27 * 1 1 0 1 0 0 1

fl=(209)
fn=(2046) btree_destroy
0x10940 0 2 0 2 1 0 0 1
+1 0 2
+2 0 2
+3 0 2 0 2
+2 0 2
+3 0 2 0 2
+1 0 2 2 2 0 1 0 0 0 0 2 1
+3 0 2
+3 0 2 0 0 0 0 0 0 0 0 2 1
+2 0 2 2
+5 0 2
+3 0 2 0 0 0 0 0 0 0 0 2
+27 0 2 2
+1 0 2 2
+2 0 2 2
+1 0 2 2

fn=(716)
0x109f0 0 1 0 0 1 0 0 1
+7 0 1
+7 0 1 0 0 1 0 0 1
+3 0 1
+3 0 1
+4 0 1
+4 0 1
+3 0 1
+3 0 1 0 0 0 0 0 0 0 0 1 1
+22 0 1 1
+88 0 1 0 0 1 0 0 1
+4 0 1

fn=(2048)
0x10a30 0 1 0 0 1
+4 0 1 1 0 0 1
+7 0 1 0 0 0 0 0 0 0 0 1
+2 0 1 0 1
+1 0 1 1 0 1 1 0 1
+8 0 1
+3 0 1 0 0 0 0 0 0 0 0 1
+2 0 1 1
+7 0 1 1 1 0 0 0 0 0 0 0 0 1 1
cob=(2)
cfi=(383)
cfn=(1954)
calls=1 0x40960 45 
* 0 99 22 12 0 0 0 0 0 0 23 2
+6 0 1 0 1
cfn=(2056) 0x00000000000109c0
calls=1 0x109c0 0 
* 0 5 1 0 1 0 0 0 0 0 1
+5 0 1 0 1
+7 0 1 1
+1 0 1 1

fn=(2056)
0x109c0 0 1 0 0 1
+7 0 1
+7 0 1
+3 0 1 0 0 0 0 0 0 0 0 1

ob=(8)
fl=(340)
fn=(1484)
0x4aba 627 9 0 9
+1 * 9
+3 * 9 0 0 1 0 0 1
+4 * 9 0 9
+4 +1 9 9
+4 * 9 9 0 0 4
+4 * 9 9
+4 * 9 9
+4 * 9 9
+4 * 9 9
+3 * 9 0 9
+4 * 9 0 9
+4 * 9 0 9
fi=(321)
+4 1085 9 9
+4 * 9 9
+4 * 9
+3 * 9
+3 * 9 0 9
cfi=(344)
cfn=(1486)
calls=9 0x34d8 219 
* * 51578 16248 9131 52 302 8 2 0 0 7611 118 765 1
+5 +1 9
fe=(340)
+1 628 9
+1 * 9 9
+1 * 9 9

fn=(1682)
0x5838 565 16 0 16
+1 * 16
+3 * 16 0 16
+1 * 16 0 0 1 0 0 1
+7 * 16 0 16
+7 * 16 0 16
+7 * 16 16
+9 * 16 0 16
+4 * 16
+2 +9 16
+7 * 16 16
+7 * 16
+5 * 16
+3 * 16 0 16
cfi=(290)
cfn=(1684)
calls=16 0x5a82 2192 
* * 4001 1600 1056 12 0 0 11 0 0 144 38
+5 * 16 0 16 1 0 0 1
+7 +1 16 16
+8 +2 16 16
+7 * 16 16
+3 * 16 0 16
+7 +1 16 16
+7 * 16 16
+4 * 16 0 16
+7 +1 16 16
+7 * 16
+3 * 16 0 16
cfi=(290)
cfn=(1692)
calls=16 0x308a 1107 
* * 240 128 48
+5 * 16 0 16 1 0 0 1
+7 +1 16 16
+7 * 16 16
+7 * 16
+3 * 16
+3 * 16 0 16
cfi=(290)
cfn=(1694)
calls=16 0x39c2 386 
* * 3725 702 521 18 51 24 15 0 4 580 88 33 1
+5 * 16 0 16
+7 +1 16 16
+7 * 16 0 16
+7 +3 16 16
+7 * 16 16
+7 * 16 16 0 1 0 0 1
+7 * 16
+4 * 16
+3 * 16 0 16
cfi=(290)
cfn=(1700)
calls=16 0x5b82 1865 
* * 288 128 128
+5 * 16 16
+7 * 16 0 16
fi=(417)
+4 73 16 16
fe=(340)
+4 595 16 16
+7 * 16
+8 -1 16 16
+7 * 16
+3 * 16 0 16
fi=(283)
+4 211 16 16 0 1 0 0 1
fe=(340)
+4 594 16 16
+7 * 16 0 16
+4 * 16 0 16
+4 * 16 0 16
+4 * 16 16
+4 * 16 0 16
fi=(417)
+4 73 16 16
+4 * 16 16
+4 * 16 0 16
+4 * 16 0 16
+4 * 16 16
+4 * 16 0 16
fi=(315)
+4 203 16 16
+4 * 16
+3 * 16 0 0 1 0 0 1
+5 * 16 0 16
cfi=(341)
cfn=(1458)
calls=16 0x25fa -33 
* * 112 48 48
+5 * 16 16
+4 * 16 0 16
fi=(417)
+4 73 16 16
fi=(315)
+4 203 16 16
+4 * 16 0 16 0 0 8 0 0 4
+4 * 16
+5 * 16
+2 * 16 0 0 0 0 0 0 0 0 16 5
+13 * 16
fi=(321)
+1 720 16
fe=(340)
+1 609 16 16
+7 * 16
+3 * 16 0 16
cfi=(290)
cfn=(1704)
calls=16 0x307c 307 
* * 96 48 32 1 0 0 1
+5 * 16 0 0 1 0 0 1
+3 -2 16 16
+7 * 16 16
+7 * 16 16
+7 * 16
+3 * 16 0 16
cfi=(342)
cfn=(1706)
calls=16 0x5bf9 1404 
* * 248229 246468 246368 12 4107 3823 6 0 3776 245805 56 15 1
+5 * 16 0 16 0 0 3
+7 +3 16 0 16
+8 +37 16 16
+7 * 16 0 16 0 0 3
+4 +1 16 16 0 1 0 0 1
+7 * 16 16 0 0 3
+4 * 16 16
+7 * 16
+4 * 16 0 16
+4 +1 16
+4 * 16
+3 * 16 0 16
cfi=(290)
cfn=(1710)
calls=16 0x5bbc 1870 
* * 2289 768 437 7 52 5 6 0 0 266 42 45
+5 +4 16 16
+7 * 16 16
+7 * 16 0 16
+3 +1 16 16
+7 * 16 16
+7 * 16 0 16 1 0 0 1
+4 +1 16 16
+7 * 16
+8 * 16 16
+7 * 16
+3 * 16 16
+7 * 16 0 16
+4 +1 16
+1 * 16 16
+4 * 16 16 0 0 1
+9 * 16 0 0 0 0 0 0 0 0 16 4
+7 * 16 16
+4 * 16 16 0 0 3
+1 * 16 16

ob=(3)
fl=(209)
fn=(2056)
0x109e8 0 1 1

fn=(2044)
0x10990 0 1 0 0 1 0 0 1
+4 0 1 0 1
+1 0 1
+7 0 1
+3 0 1 0 1
cfn=(2046)
calls=1 -95 0 
* 0 16 6 4 1 1 0 1 0 0 3 1
+5 0 1
+7 0 1 0 1
cfn=(2046)
calls=1 0x10940 0 
* 0 16 6 4 0 0 0 0 0 0 3 1
+5 0 1 0 1
+7 0 1 1
+1 0 1 1

fl=(172)
fn=(566)
0x6bf10 28 1 0 0 1 0 0 1
fi=(147)
+4 +4 1 1
+7 * 1 1
+6 * 1
+3 * 1 0 0 0 0 0 0 0 0 1
+2 +1 1
+7 * 1 1
+7 * 1 0 0 0 0 0 0 0 0 1 1
fe=(172)
+42 -5 1 1 0 1 0 0 1

ob=(8)
fl=(343)
fn=(1470)
0x5079 1835 18 0 18
+1 * 18
+3 * 18 0 18
+4 +1 18 18
+4 * 18 18
+1 * 18 18

totals: 3852682732 1808447337 614388425 8871 1114723 41107 2617 8929 30789 202714589 1241901 4726340 4328
