# callgrind format
version: 1
creator: callgrind-3.25.1
pid: 50729
cmd:  ./../pearson ../data/1024.data ../data_o/1024_seq.data
part: 1


desc: I1 cache: 32768 B, 64 B, 8-way associative
desc: D1 cache: 49152 B, 64 B, 12-way associative
desc: LL cache: 25165824 B, 64 B, 12-way associative

desc: Timerange: Basic block 0 - 704534787
desc: Trigger: Program termination

positions: instr line
events: Ir Dr Dw I1mr D1mr D1mw ILmr DLmr DLmw Bc Bcm Bi Bim
summary: 5340390926 1806911622 408757863 48674 67949748 495313 2414 8921 461607 541268961 8725408 32233801 2110655


ob=(7) /usr/lib/libstdc++.so.6.0.34
fl=(236) /usr/src/debug/gcc/gcc-build/x86_64-pc-linux-gnu/libstdc++-v3/src/c++98/numeric_members_cow.cc
fn=(816) std::numpunct<char>::_M_initialize_numpunct(__locale_struct*)
0xd25c0 92 1 0 0 1 0 0 1
+4 * 1 0 1
+1 * 1
+3 * 1 0 1
+2 * 1 0 1
+2 * 1 0 1
+2 * 1
+3 * 1 0 1
+1 * 1
+3 * 1
+4 +1 1 1
+5 * 1 0 0 0 0 0 0 0 0 1
+6 +3 1
+3 * 1 0 0 0 0 0 0 0 0 1 1
0xd2657 +68 1 1 0 1 0 0 1
+4 * 1
+7 +1 1 0 1
+8 -1 1 0 1
+4 +3 1
+7 * 1 0 1
+4 +1 1 0 1
+8 +1 1
+4 * 1 1
+1 * 1 1
+2 * 1 1
+2 * 1 1
+2 * 1 1
+1 * 1 1
+3 -70 1 1 0 1 0 0 1
+4 * 1
+7 * 1 0 1
+4 +1 1 0 1
+8 +1 1 0 1
+4 +2 1 0 1
+4 +1 1 1
+4 * 1 0 1
+4 +3 1 1
+7 * 1 1 0 1 0 0 1
+3 -1 1
+2 * 1
+7 * 1
+11 * 1
+11 +1 1 1
+4 * 1 1
+4 * 1 0 1
+4 -1 1
+4 * 1
+4 * 1 0 0 0 0 0 0 0 0 1
-20 +1 35 35
+4 * 35 35
+4 * 35 0 35
+4 -1 35
+4 * 35
+4 * 35 0 0 0 0 0 0 0 0 35 1
+2 +4 1 1
+7 * 1 1
+3 -1 1 0 0 1 0 0 1
+2 * 1
+8 * 1
+11 * 1
+11 +1 1 1
+4 * 1 1
+4 * 1 0 1
+4 -1 1
+4 * 1
+4 * 1 0 0 0 0 0 0 0 0 1 1
-20 +1 25 25
+4 * 25 25
+4 * 25 0 25
+4 -1 25
+4 * 25
+4 * 25 0 0 0 0 0 0 0 0 25 7
+2 * 1

fn=(828) std::numpunct<wchar_t>::_M_initialize_numpunct(__locale_struct*)
0xd2940 183 1 0 0 1 0 0 1
+4 * 1 0 1
+1 * 1
+3 * 1 0 1
+2 * 1 0 1
+2 * 1 0 1
+2 * 1
+3 * 1 0 1
+1 * 1
+3 +1 1 1
+5 * 1 0 0 0 0 0 0 0 0 1
+6 +3 1
+3 * 1 0 0 0 0 0 0 0 0 1 1
+86 +69 1 0 0 1 0 0 1
+7 +1 1 0 1
+8 -1 1 0 1
+4 +3 1
+7 * 1 0 1
+4 +1 1 0 1
+8 +1 1 1
+1 * 1 1
+2 * 1 1
+2 * 1 1
+2 * 1 1
+1 * 1 1
+9 -71 1 1 0 1 0 0 1
+4 * 1
+7 * 1 0 1
+4 +4 1 1 0 1 0 0 1
+7 -3 1 0 1
+8 +3 1 0 1
+4 +6 1 1
+7 -8 1 0 1
+4 +8 1 1
+3 -2 1
+2 * 1
+8 * 1
+11 * 1
+11 +2 1 1 0 1 0 0 1
+4 * 1 0 1
+4 -2 1
+4 * 1
+4 * 1 0 0 0 0 0 0 0 0 1 1
-16 +2 35 35
+4 * 35 0 35
+4 -2 35
+4 * 35
+4 * 35 0 0 0 0 0 0 0 0 35 8
+2 +6 1 1
+7 * 1 1
+3 -2 1
+2 * 1
+2 +2 1 1
+4 * 1 0 1
+7 -2 1
+4 * 1
+4 * 1 0 0 0 0 0 0 0 0 1 1
-19 +2 25 25
+4 * 25 0 25
+7 -2 25
+4 * 25
+4 * 25 0 0 0 0 0 0 0 0 25 9
+2 * 1

fl=(349) /usr/src/debug/gcc/gcc-build/x86_64-pc-linux-gnu/libstdc++-v3/include/x86_64-pc-linux-gnu/bits/c++locale.h
fn=(1526) std::__convert_from_v(__locale_struct* const&, char*, int, char const*, ...)
0x107db0 78 306359 0 0 1 0 0 1
+4 * 306359 0 306359
+1 * 306359
+3 * 306359 0 306359
+2 * 306359
+3 * 306359 0 306359
+2 * 306359 0 0 1 0 0 1
+3 * 306359 0 306359
+2 * 306359 0 306359
+1 * 306359
+2 * 306359
+7 * 306359 0 306359
+7 * 306359 0 306359
+7 * 306359
+2 * 306359 0 0 0 0 0 0 0 0 306359
+2 * 306359 0 306359
+7 * 306359 0 306359
+7 * 306359 0 306359
+4 * 306359 0 306359
+4 * 306359 0 306359
+4 * 306359 0 306359
+4 * 306359 0 306359 1 0 0 1
+4 * 306359 0 306359
+4 * 306359 306359
+9 * 306359 0 306359
+7 * 306359
+2 +2 306359 306359
+3 * 306359 306359 306359 0 1 0 0 1 0 0 0 306359 1
cob=(2) /usr/lib/libc.so.6
cfi=(225) /usr/src/debug/glibc/glibc/locale/uselocale.c
cfn=(776) uselocale
calls=306359 0x35c40 -50 
* * 6739898 2757231 1225436 2 4 0 2 2 0 306359 2
+6 +17 306359
+3 * 306359
+3 * 306359
+3 -17 306359
+3 +14 306359
+4 * 306359 0 306359
+10 +3 306359 0 0 1 0 0 1
+7 -3 306359 0 306359
+7 * 306359
+7 * 306359 0 306359
+10 * 306359 0 306359
+7 +3 306359 306359 306359 0 0 0 0 0 0 0 0 306359 1
cob=(2)
cfi=(350) /usr/src/debug/glibc/glibc/libio/vsnprintf.c
cfn=(1528) vsnprintf
calls=306359 0x8ad60 +5 
* * 727181835 166855118 105489056 128 23 18 128 23 18 111181163 2299209 1838154 4
+6 +8 306359
+3 -8 306359
+2 +8 306359 306359 306359 0 0 0 0 0 0 0 0 306359 1
cob=(2)
cfi=(225)
cfn=(776)
calls=306359 0x35c40 -75 
* * 6739898 2757231 1225436 0 1 0 0 1 0 306359
+6 +9 306359 306359
+7 * 306359 306359 0 1 0 0 1
+9 * 306359 0 0 0 0 0 0 0 0 306359
+2 * 306359
+7 * 306359
+2 * 306359 306359
+1 * 306359 306359
+2 * 306359 306359
+2 * 306359 306359
+2 * 306359 306359
+1 * 306359 306359

fl=(252) /usr/src/debug/gcc/gcc/libstdc++-v3/src/c++11/compatibility-thread-c++0x.cc
fn=(900) _GLOBAL__sub_I_compatibility_thread_c__0x.cc
0xadf30 128 1
+4 * 1 0 1
+1 * 1
+3 -74 1 1 1 0 0 0 0 0 0 0 0 1 1
cfi=(253) /usr/src/debug/gcc/gcc/libstdc++-v3/src/c++11/future.cc
cfn=(902) std::future_category()
calls=1 0xdf8a0 +35 
* * 3 1 0 1 0 0 1
+6 * 1 1 0 1 0 0 1
+7 * 1 0 1
+3 +74 1 1
+1 * 1 1

fl=(203) /usr/src/debug/gcc/gcc/libstdc++-v3/src/c++98/globals_io.cc
fn=(708) _GLOBAL__sub_I.00090_globals_io.cc
0xae260 118 1 0 0 1 0 0 1
+4 * 1 0 1
+1 -38 1
+7 +38 1
+3 -38 1 1 1 0 1 0 0 0 0 0 0 1 1
cfi=(204) /usr/src/debug/gcc/gcc/libstdc++-v3/src/c++98/ios_init.cc
cfn=(710) std::ios_base::Init::Init()
calls=1 0xc6a80 -2 
* * 39311 11268 5082 315 163 148 315 24 115 7296 373 912 169
+6 * 1 1 0 0 1
+7 * 1 0 0 1 0 0 1
+7 +38 1 1
+1 -38 1
+7 * 1 1 0 0 0 0 0 0 0 0 0 1 1
cob=(2)
cfi=(247) /usr/src/debug/glibc/glibc/stdlib/cxa_atexit.c
cfn=(880) __cxa_atexit
calls=1 0x404f0 -13 
* * 73 13 16 8 2 2 8 1 1 9 1

fl=(364) /usr/src/debug/gcc/gcc-build/x86_64-pc-linux-gnu/libstdc++-v3/include/bits/ostream_insert.h
fn=(1600) std::basic_ostream<char, std::char_traits<char> >& std::__ostream_insert<char, std::char_traits<char> >(std::basic_ostream<char, std::char_traits<char> >&, char const*, long)
0x152ec0 84 306358 0 0 1 0 0 1
+4 * 306358 0 306358
+1 * 306358
+3 * 306358 0 306358
+2 * 306358 0 306358
+2 * 306358 0 306358
+2 * 306358 0 306358
+2 * 306358 0 306358
+1 * 306358
+3 * 306358
+4 * 306358 0 306358
+4 +6 306358
+3 * 306358
+4 -6 306358 306358
+9 * 306358 0 306358
+4 * 306358
+3 +6 306358 306358 306358 0 0 0 0 0 0 0 0 306358 1
cfi=(347) /usr/src/debug/gcc/gcc-build/x86_64-pc-linux-gnu/libstdc++-v3/include/bits/ostream.tcc
cfn=(1510) std::ostream::sentry::sentry(std::ostream&)
calls=306358 0x1520d0 -40 
* * 4595370 1531790 919074 0 0 0 0 0 0 612716 5
+6 +1 306358 306358
+4 * 306358 0 0 1 0 0 1 0 0 306358
+6 +4 306358 306358
+3 * 306358 306358
+4 * 306358
fi=(241) /usr/src/debug/gcc/gcc-build/x86_64-pc-linux-gnu/libstdc++-v3/include/bits/ios_base.h
+4 790 306358 306358
+4 * 306358 0 306358
fe=(364)
+4 96 306358
+3 * 306358 0 0 0 0 0 0 0 0 306358 2
fi=(241)
0x152ff0 801 306358 0 306358 1 0 0 1
fi=(242) /usr/src/debug/gcc/gcc-build/x86_64-pc-linux-gnu/libstdc++-v3/include/bits/ostream.h
+8 577 306358 306358
+4 * 306358 306358
+4 * 306358 306358 0 1 0 0 1
+4 * 306358
+3 +1 306358 306358
+5 * 306358 0 0 0 0 0 0 0 0 306358 2
fe=(364)
+10 121 306358 306358
+4 * 306358 306358
+9 * 306358 0 0 0 0 0 0 0 0 306358 2
+6 * 306358
+4 * 306358
+3 * 306358 306358
+1 * 306358 306358
+2 * 306358 306358
+2 * 306358 306358
+2 * 306358 306358
+2 * 306358 306358
+1 * 306358 306358
fi=(239) /usr/src/debug/gcc/gcc-build/x86_64-pc-linux-gnu/libstdc++-v3/include/bits/basic_ios.h
+78 338 306358 306358 0 1 0 0 1
fi=(300) /usr/src/debug/gcc/gcc-build/x86_64-pc-linux-gnu/libstdc++-v3/include/streambuf
+7 460 306358 306358
+4 * 306358
+3 * 306358 306358
+3 * 306358 306358 306358 0 0 0 0 0 0 0 0 306358 1
cfi=(286) /usr/src/debug/gcc/gcc-build/x86_64-pc-linux-gnu/libstdc++-v3/include/bits/fstream.tcc
cfn=(1570) std::basic_filebuf<char, std::char_traits<char> >::xsputn(char const*, long)
calls=306358 0x125640 759 
* * 30638285 8272506 4596105 0 1 3 0 1 0 4901728 320219 919144
fe=(364)
+3 60 306358 306358
+3 * 306358 306358
+4 * 306358
+3 -1 306358
+3 * 306358 0 0 0 0 0 0 0 0 306358 4

fl=(280) /usr/src/debug/gcc/gcc/libstdc++-v3/libsupc++/new_op.cc
fn=(1026) operator new(unsigned long)
0xb26a0 43 1052700 0 0 1 0 0 1
+4 * 1052700 0 1052700
+1 +4 1052700
+5 -4 1052700
+3 * 1052700 0 1052700
+1 * 1052700
+4 +4 1052700
+3 * 1052700
+4 * 1052700
+3 +3 1052700
+3 * 1052700 1052700 1052700 1 17 527 1 0 0 0 0 1052700 1048577
cob=(2)
cfi=(188) /usr/src/debug/glibc/glibc/malloc/malloc.c
cfn=(916) malloc
calls=1052700 0xa7970 3480 
* * 35493348 6439801 3238039 2242 1331 2261 57 1 2110 6459218 7843 1 1
+6 * 1052700
+3 * 1052700 0 0 0 0 0 0 0 0 1052700 2
+2 +9 1052700 1052700
+4 * 1052700 1052700
+1 * 1052700 1052700

fl=(211) /usr/src/debug/gcc/gcc-build/x86_64-pc-linux-gnu/libstdc++-v3/src/c++98/c++locale.cc
fn=(736) std::locale::facet::_S_create_c_locale(__locale_struct*&, char const*, __locale_struct*)
0xd6e60 134 1 0 0 1 0 0 1
+4 * 1 0 1
+1 * 1
+3 * 1 0 1
+1 * 1
+3 +1 1
+5 -1 1
+4 +1 1 1 1 0 1 0 0 0 0 0 0 1 1
cob=(2)
cfi=(212) /usr/src/debug/glibc/glibc/locale/newlocale.c
cfn=(738) newlocale
calls=1 0x34640 -92 
* * 38 12 7 5 0 1 5 0 0 6 3
+6 * 1 0 1
+3 +1 1 0 0 1 0 0 1
+3 * 1 0 0 0 0 0 0 0 0 1
+6 +6 1 1
+4 * 1 1
+1 * 1 1

fn=(1292) void std::__convert_to_v<double>(char const*, double&, std::_Ios_Iostate&, __locale_struct* const&)
0xd6cb0 75 1048576 0 0 3 0 0 1
+4 * 1048576 0 1048576
+1 * 1048576
+3 * 1048576 0 1048576
+2 * 1048576 0 1048576
+2 * 1048576
+3 +2 1048576 0 0 3 0 0 1
+4 -2 1048576 0 1048576
+1 * 1048576
+3 * 1048576
+4 * 1048576 1048576
+9 * 1048576 0 1048576
+4 * 1048576
+3 +2 1048576 1048576
+3 * 1048576 1048576 1048576 0 530 0 0 0 0 0 0 1048576 1
cob=(2)
cfi=(321) /usr/src/debug/glibc/glibc/stdlib/strtod_l.c
cfn=(1294) strtod_l
calls=1048576 0x4c480 1784 
* * 780337902 143784043 81124381 11504 6077 636 83 8 0 118497678 3124492 3039591 1025
+6 +4 1048576 1048576
+4 -4 1048576 0 1048576
+6 +4 1048576
+3 * 1048576 0 0 0 0 0 0 0 0 1048576
+2 * 1048576 1048576
+3 * 1048576 0 0 0 0 0 0 0 0 1048576 3
+18 +15 1048576 1048576
+4 * 1048576 1048576
+9 * 1048576 0 0 0 0 0 0 0 0 1048576
+2 * 1048576
+4 * 1048576 1048576
+1 * 1048576 1048576
+2 * 1048576 1048576
+2 * 1048576 1048576
+1 * 1048576 1048576
+7 -10 1048576 1048576 0 1 1024 0 1
+8 * 1048576 0 0 0 0 0 0 0 0 1048576
+2 * 1048576 0 0 0 0 0 0 0 0 1048576 6
+30 +5 1048576 1048576 0 2 0 0 1
+8 * 1048576 0 0 0 0 0 0 0 0 1048576 2
+2 * 1048576 0 0 0 0 0 0 0 0 1048576 4

fl=(224) /usr/src/debug/gcc/gcc-build/x86_64-pc-linux-gnu/libstdc++-v3/src/c++11/ctype_members.cc
fn=(774) std::ctype<wchar_t>::_M_initialize_ctype()
0xf2760 273 1 0 0 1 0 0 1
+4 * 1 0 1
+1 * 1
+3 * 1 0 1
+2 * 1 0 1
+2 * 1 0 1
+2 * 1
+3 * 1 0 1
+1 +2 1 1
+4 * 1
+2 * 1 1 1 0 1 0 0 0 0 0 0 1 1
cob=(2)
cfi=(225)
cfn=(776)
calls=1 0x35c40 30 
* * 22 9 4 2 0 0 2 0 0 1
+6 * 1 0 0 1 0 0 1
+3 +3 1
+7 +6 128 0 128 0 0 2 0 0 2
+5 -6 128
+4 * 128
+7 * 128 0 0 0 0 0 0 0 0 128 1
fi=(226) /usr/include/wchar.h
+6 +73 128
+2 * 128 128 128 0 1 0 0 0 0 0 0 128 1
cob=(2)
cfi=(227) /usr/src/debug/glibc/glibc/wcsmbs/wctob.c
cfn=(780) wctob
calls=128 0xd0a20 30 
* * 2432 640 256 2 0 0 2 0 0 384 1
fe=(224)
+6 -70 128
+3 * 128 0 0 0 0 0 0 0 0 128 1
+4 +5 1 0 1
+5 +5 1
+2 * 1
+1 * 1
fi=(226)
+11 +54 1 0 0 1 0 0 1
+2 * 1 1 1 0 1 0 0 0 0 0 0 1 1
cob=(2)
cfi=(228) /usr/src/debug/glibc/glibc/wcsmbs/btowc.c
cfn=(782) btowc
calls=1 0xc0940 32 
* * 22 6 3 2 0 0 2 0 0 4
-2 * 255
+2 * 255 255 255 0 0 0 0 0 0 0 0 255
cob=(2)
cfi=(228)
cfn=(782)
calls=255 0xc0940 32 
* * 10090 3578 1277 4 5 0 4 0 0 1660 9 128 1
fe=(224)
+6 -53 256 0 256 0 0 16 0 0 16
+8 -2 256
+4 +1 256
+7 * 256 0 0 0 0 0 0 0 0 256 6
+2 +3 1
+2 +2 1
+5 * 1
+2 * 1
+2 * 1
+4 * 1 0 0 0 0 0 0 0 0 1 1
-13 * 3
+5 * 3
+2 * 3
+2 * 3
+4 * 3 0 0 0 0 0 0 0 0 3 2
+2 * 8
+3 +1 8
+3 -1 8 0 8
+9 +1 8
+3 * 8 8 8 1 1 0 1 0 0 0 0 8 1
cfn=(788) std::ctype<wchar_t>::_M_convert_to_wmask(unsigned short) const
calls=8 0xf20d0 60 
* * 1671 343 106 15 11 0 15 5 0 264 40 64 9
+6 -1 8
+5 +1 8 0 8 0 0 1 0 0 1
+8 -3 8
+4 +2 8
+2 * 8
+2 * 8
+4 * 8 0 0 0 0 0 0 0 0 8 2
+2 * 4
+3 +1 4
+3 -1 4 0 4
+9 +1 4 4 4 0 0 0 0 0 0 0 0 4 1
cfn=(788)
calls=4 0xf20d0 60 
* * 1677 325 81 0 0 0 0 0 0 283 14 63 3
+6 * 4 0 4 0 0 1 0 0 1
+8 -3 4
+4 * 4
+4 * 4 0 0 0 0 0 0 0 0 4
+2 +8 1 1
+1 -2 1
+3 +2 1 1
+2 * 1 1
+2 * 1 1
+2 * 1 1
+1 -2 1 1 0 0 0 0 0 0 0 0 0 1 1
cob=(2)
cfi=(225)
cfn=(776)
calls=1 0x35c40 30 
* * 22 9 4 0 1 0 0 0 0 1
+6 * 1 0 0 1 0 0 1
+5 * 1

fn=(788)
0xf20d0 60 12 0 0 1 0 0 1
+4 +2 12
+5 * 12 0 0 0 0 0 0 0 0 12 3
+6 * 11 0 0 0 0 0 0 0 0 11 2
+2 * 7
+5 * 7 0 0 0 0 0 0 0 0 7 1
+6 * 6 0 0 0 0 0 0 0 0 6 1
+6 * 4
+4 * 4 0 0 0 0 0 0 0 0 4 1
+6 * 3
+4 * 3 0 0 0 0 0 0 0 0 3 1
+6 * 2
+4 * 2 0 0 0 0 0 0 0 0 2 1
+6 +36 1 1
+4 * 1
+7 * 1 1 0 0 0 0 0 0 0 0 0 1 1
cob=(2)
cfi=(231) /usr/src/debug/glibc/glibc/wctype/wctype_l.c
cfn=(790) wctype_l
calls=1 0x11f2a0 -72 
* * 487 96 25 0 0 0 0 0 0 77 3 18
+13 -36 4 0 0 1 0 0 1
+5 * 4 0 0 0 0 0 0 0 0 4 1
+6 * 3 0 0 0 0 0 0 0 0 3
+2 * 3
+5 * 3 0 0 0 0 0 0 0 0 3 1
+6 * 2 0 0 1 0 0 1
+5 * 2 0 0 0 0 0 0 0 0 2 1
+6 +6 1 1
+4 * 1
+7 * 1 1 0 0 0 0 0 0 0 0 0 1 1
cob=(2)
cfi=(231)
cfn=(790)
calls=1 0x11f2a0 -42 
* * 381 76 21 0 0 0 0 0 0 59 3 14
+50 +3 1 1
+4 * 1
+7 * 1 1 0 0 0 0 0 0 0 0 0 1 1
cob=(2)
cfi=(231)
cfn=(790)
calls=1 0x11f2a0 -45 
* * 540 106 27 0 0 0 0 0 0 86 3 20
+13 -9 2 0 0 1 0 0 1
+5 * 2 0 0 0 0 0 0 0 0 2 1
+2 * 1
+5 * 1 0 0 0 0 0 0 0 0 1
+2 +18 1 1
+4 * 1
+7 * 1 1 0 0 0 0 0 0 0 0 0 1 1
cob=(2)
cfi=(231)
cfn=(790)
calls=1 0x11f2a0 -54 
* * 197 42 14 0 0 0 0 0 0 28 6 7
+31 -3 1 1
+4 * 1
+7 * 1 1 0 0 0 0 0 0 0 0 0 1 1
cob=(2)
cfi=(231)
cfn=(790)
calls=1 0x11f2a0 -51 
* * 144 32 12 1 2 0 1 1 0 19 5 5
+13 -3 1 1 0 1 0 0 1
+4 * 1
+7 * 1 1 0 1 1 0 1 0 0 0 0 1 1
cob=(2)
cfi=(231)
cfn=(790)
calls=1 0x11f2a0 -48 
* * 91 22 10 7 6 0 7 2 0 10 3 3 2
+13 +9 1 1
+4 * 1
+7 * 1 1 0 0 0 0 0 0 0 0 0 1 1
cob=(2)
cfi=(231)
cfn=(790)
calls=1 0x11f2a0 -57 
* * 250 52 16 0 1 0 0 1 0 37 3 9
+13 +21 2
+2 * 2 2
+6 -39 1 1
+4 * 1
+7 * 1 1 0 0 0 0 0 0 0 0 0 1 1
cob=(2)
cfi=(231)
cfn=(790)
calls=1 0x11f2a0 -39 
* * 328 66 19 0 1 0 0 1 0 50 6 12
+13 +24 1 1 0 1 0 0 1
+4 * 1
+7 * 1 1 0 0 0 0 0 0 0 0 0 1 1
cob=(2)
cfi=(231)
cfn=(790)
calls=1 0x11f2a0 -63 
* * 191 38 14 0 0 0 0 0 0 26 6 7
+13 -3 1 1
+4 * 1
+7 * 1 1 0 0 0 0 0 0 0 0 0 1 1
cob=(2)
cfi=(231)
cfn=(790)
calls=1 0x11f2a0 -60 
* * 593 116 29 0 0 0 0 0 0 95 2 22

fn=(876) std::ctype<wchar_t>::do_widen(char) const
0xf2590 205 4 0 0 1 0 0 1
+4 * 4
+4 * 4 4
+7 * 4 4

fl=(336) /usr/src/debug/gcc/gcc/libstdc++-v3/libsupc++/del_ops.cc
fn=(1376) operator delete(void*, unsigned long)
0xb0630 32 1045
+4 +1 1045 1045 0 0 16 0 0 0 0 0 0 1045 1
cfi=(330) /usr/src/debug/gcc/gcc/libstdc++-v3/libsupc++/del_op.cc
cfn=(1330) operator delete(void*)
calls=1045 -20 +15 
* * 159915 44669 25948 1039 135 12 16 0 0 27004 1082 1045

fl=(222) /usr/src/debug/gcc/gcc-build/x86_64-pc-linux-gnu/libstdc++-v3/include/x86_64-pc-linux-gnu/bits/messages_members.h
fn=(826) std::messages<char>::messages(unsigned long)
0x13dd60 44 1 0 0 1 0 0 1
+4 * 1 0 1
fi=(214) /usr/src/debug/gcc/gcc-build/x86_64-pc-linux-gnu/libstdc++-v3/include/bits/locale_classes.h
+1 436 1
+2 * 1
+3 * 1
fe=(222)
+3 44 1
+3 * 1 0 1
+2 * 1 0 1
+1 * 1
fi=(214)
+3 436 1 0 1 0 0 1 0 0 1
fe=(222)
+3 46 1 1
+7 * 1 0 0 1 0 0 1
+4 * 1 0 1
+3 -1 1 1 1 0 0 0 0 0 0 0 0 1 1
cfi=(207) /usr/src/debug/gcc/gcc/libstdc++-v3/src/c++98/locale.cc
cfn=(726) std::locale::facet::_S_get_c_locale()
calls=1 0xc8390 221 
* * 18 6 2 0 0 0 0 0 0 2 0 1
+6 * 1 0 1
+4 +1 1 1 1 0 0 0 0 0 0 0 0 1 1
cfi=(207)
cfn=(722) std::locale::facet::_S_get_c_name()
calls=1 0xc83e0 233 
* * 3 1
+6 * 1 0 1
+4 +1 1 1
+1 * 1 1
+2 * 1 1
+1 * 1 1

fn=(810) std::__cxx11::messages<wchar_t>::messages(unsigned long)
0x11f880 44 1 0 0 1 0 0 1
+4 * 1 0 1
fi=(214)
+1 436 1
+2 * 1
+3 * 1
fe=(222)
+3 44 1
+3 * 1 0 1
+2 * 1 0 1
+1 * 1
fi=(214)
+3 436 1 0 1 0 0 1 0 0 1
fe=(222)
+3 46 1 1
+7 * 1
+4 * 1 0 1
+3 -1 1 1 1 0 0 0 0 0 0 0 0 1 1
cfi=(207)
cfn=(726)
calls=1 0xc8390 221 
* * 18 6 2 0 0 0 0 0 0 2 0 1
+6 * 1 0 1
+4 +1 1 1 1 0 0 0 0 0 0 0 0 1 1
cfi=(207)
cfn=(722)
calls=1 0xc83e0 233 
* * 3 1
+6 * 1 0 1
+4 +1 1 1
+1 * 1 1
+2 * 1 1
+1 * 1 1

fn=(770) std::__cxx11::messages<char>::messages(unsigned long)
0x110b80 44 1 0 0 1 0 0 1
+4 * 1 0 1
fi=(214)
+1 436 1
+2 * 1
+3 * 1
fe=(222)
+3 44 1
+3 * 1 0 1
+2 * 1 0 1
+1 * 1
fi=(214)
+3 436 1 0 1
fe=(222)
+3 46 1 1 0 0 1
+7 * 1
+4 * 1 0 1
+3 -1 1 1 1 0 0 0 0 0 0 0 0 1 1
cfi=(207)
cfn=(726)
calls=1 0xc8390 221 
* * 18 6 2 0 0 0 0 0 0 2 0 1
+6 * 1 0 1
+4 +1 1 1 1 0 0 0 0 0 0 0 0 1 1
cfi=(207)
cfn=(722)
calls=1 0xc83e0 233 
* * 3 1
+6 * 1 0 1
+4 +1 1 1
+1 * 1 1
+2 * 1 1
+1 * 1 1

fn=(834) std::messages<wchar_t>::messages(unsigned long)
0x16cb80 44 1 0 0 1 0 0 1
+4 * 1 0 1
fi=(214)
+1 436 1
+2 * 1
+3 * 1
fe=(222)
+3 44 1
+3 * 1 0 1
+2 * 1 0 1
+1 * 1
fi=(214)
+3 436 1 0 1
fe=(222)
+3 46 1 1 0 0 1
+7 * 1
+4 * 1 0 1
+3 -1 1 1 1 0 0 0 0 0 0 0 0 1
cfi=(207)
cfn=(726)
calls=1 0xc8390 221 
* * 18 6 2 0 0 0 0 0 0 2 0 1
+6 * 1 0 1
+4 +1 1 1 1 0 0 0 0 0 0 0 0 1
cfi=(207)
cfn=(722)
calls=1 0xc83e0 233 
* * 3 1
+6 * 1 0 1
+4 +1 1 1
+1 * 1 1
+2 * 1 1
+1 * 1 1

fl=(287) /usr/src/debug/gcc/gcc-build/x86_64-pc-linux-gnu/libstdc++-v3/src/c++11/basic_file.cc
fn=(1074) (anonymous namespace)::fopen_mode(std::_Ios_Openmode)
0xf2870 93 2 0 0 1 0 0 1
+3 * 2
+3 * 2 0 0 0 0 0 0 0 0 2 1
+2 * 2
+7 * 2 2 0 2 2 0 2 2
+4 * 2
+3 * 2 0 0 0 0 0 0 0 0 0 0 2 2
0xf2918 +8 1 0 0 1 0 0 1
+7 * 1 1
+17 -6 1 0 0 1 0 0 1
+7 * 1 1

fn=(1442) std::__basic_file<char>::~__basic_file()
0xf2b50 210 1
+4 * 1 0 1
+1 * 1
+3 +1 1 1 1 0 0 0 0 0 0 0 0 1 1
cfn=(1414) std::__basic_file<char>::close()
calls=1 -88 318 
* * 17 6 3 0 0 0 0 0 0 1 1 1
+6 * 1 1
+1 * 1 1

fn=(1072) std::__basic_file<char>::open(char const*, std::_Ios_Openmode, int)
0xf2a70 255 2 0 0 2 0 0 2
+4 * 2 0 2
+1 * 2
+3 * 2 0 2
+2 * 2 0 2
+2 * 2 0 2
+1 * 2
+3 +2 2 0 0 2 0 0 2
+2 -2 2
+4 +2 2 0 2
cfn=(1074)
calls=2 0xf2870 93 
* * 18 4 0 5 2 0 5 2 0 2 1 2 2
+5 +1 2
+3 * 2 0 0 0 0 0 0 0 0 2
+2 * 2
+3 * 2
+3 * 2
+3 * 2 2 2 0 0 0 0 0 0 0 0 2 1
cfn=(1070) std::__basic_file<char>::is_open() const
calls=2 0xf2950 +46 
* * 8 4
+6 * 2
+2 * 2 0 0 0 0 0 0 0 0 2
+2 +2 2
+3 * 2
+3 * 2 2 2 0 1 0 0 0 0 0 0 2 1
cob=(2)
cfi=(288) /usr/src/debug/glibc/glibc/libio/iofopen.c
cfn=(1076) fopen@@GLIBC_2.2.5
calls=2 0x80c50 85 
* * 1130 253 243 82 17 22 81 12 20 123 43 4 3
+6 * 2 0 2
+3 * 2
+3 * 2 0 0 0 0 0 0 0 0 2
+2 +2 2 0 2
+4 +5 2
+4 -4 2 0 0 1 0 0 1
+3 +4 2 2
+1 * 2 2
+2 * 2 2
+2 * 2 2
+1 * 2 2

fn=(1142) std::__basic_file<char>::xsgetn(char*, long)
0xf2b60 334 770 0 0 770 0 0 1
+4 * 770 0 770
+1 * 770
+3 * 770 0 770
+2 * 770
+3 * 770 0 770
+2 * 770
+3 * 770 0 770
+2 * 770
+3 * 770 0 770
+1 * 770
+19 +14 770 0 0 770 0 0 1
+3 * 770 770 770 0 257 0 0 0 0 0 0 770 1
cfn=(1144) std::__basic_file<char>::fd()
calls=770 0xf2ae0 -39 
* * 7700 3850 0 1 803 0 1 0 0 1540 8 770 1
fi=(302) /usr/include/bits/unistd.h
+6 32 770
+3 * 770
+3 * 770
+2 * 770 770 770 0 0 0 0 0 0 0 0 770 1
cob=(2)
cfi=(303) /usr/src/debug/glibc/glibc/io/../sysdeps/unix/sysv/linux/read.c
cfn=(1150) read
calls=770 0x10da50 -7 
* * 28490 10010 5390 1 768 0 1 0 0 1540
+6 * 770
fe=(287)
+3 349 770
+4 * 770 0 0 0 0 0 0 0 0 770
+2 +3 770
+3 * 770 770
+1 * 770 770
+2 * 770 770
+2 * 770 770
+2 * 770 770
+1 * 770 770

fn=(1606) std::__basic_file<char>::xsputn_2(char const*, long, char const*, long)
0xf2c30 367 772 0 0 1 0 0 1
+4 * 772 0 772
+1 * 772
+3 * 772 0 772
+2 * 772 0 772
+2 * 772
+3 * 772 0 772 1 0 0 1
+2 * 772
+3 * 772 0 772
+2 * 772
+3 * 772 0 772
+1 * 772
+3 * 772
+4 * 772 0 772
+4 * 772 0 772
+4 * 772 772
+9 * 772 0 772
+4 * 772
+2 +3 772 772 772 0 1 0 0 1 0 0 0 772 1
cfn=(1144)
calls=772 0xf2ae0 -61 
* * 7720 3860 0 1 1 0 1 1 0 1544 2 772
+6 167 772 0 772
+4 370 772
+3 163 772
+3 * 772
+4 +5 772 0 772
+4 * 772 0 0 1 0 0 1
+4 -5 772
+3 * 772 0 772
+4 +9 772 0 772
+4 +3 772 772
+4 * 772
+5 * 772
+3 -2 772 0 772
+4 +2 772 772 772 0 0 0 0 0 0 0 0 772 1
cob=(2)
cfi=(365) /usr/src/debug/glibc/glibc/misc/../sysdeps/unix/sysv/linux/writev.c
cfn=(1608) writev
calls=772 0x11a6b0 25 
* * 29326 10028 5404 2 0 0 2 0 0 1543
+6 +1 771
+4 * 771 0 0 0 0 0 0 0 0 771
+2 +6 771
+3 * 771 0 0 0 0 0 0 0 0 771 1
+32 387 771 771 0 1 0 0 1
+4 * 771 771
+9 * 771 0 0 0 0 0 0 0 0 771 2
+2 * 771
+4 * 771
+3 * 771 771
+1 * 771 771
+2 * 771 771
+2 * 771 771
+2 * 771 771
+2 * 771 771
+1 * 771 771

fn=(1414)
0xf2b00 318 2 0 0 1 0 0 1
+4 * 2 0 2
+1 * 2
+3 * 2 0 2
+1 * 2
+3 * 2
+4 +2 2 2 2 0 0 0 0 0 0 0 0 2 1
cfn=(1070)
calls=2 0xf2950 -16 
* * 8 4
+6 * 2
+2 * 2 0 0 0 0 0 0 0 0 2 1
+2 +3 1 1
+4 * 1 0 0 0 0 0 0 0 0 1 1
+9 +4 1
+3 +3 1 1
+4 * 1 1
+1 * 1 1
+1 -6 1 1
+3 * 1 1 1 0 1 0 0 0 0 0 0 1 1
cob=(2)
cfi=(340) /usr/src/debug/glibc/glibc/libio/iofclose.c
cfn=(1416) fclose@@GLIBC_2.2.5
calls=1 0x80060 34 
* * 344 100 60 40 13 1 37 0 0 54 18 3 3
+6 +1 1 0 1
+7 +1 1
+2 * 1 0 0 0 0 0 0 0 0 1 1
+2 +4 1 1
+4 -11 1
+2 +11 1 1
+1 * 1 1

fn=(1070)
0xf2950 304 9 0 0 1
+4 * 9 9
+4 * 9
+3 * 9 9

fn=(1060) std::__basic_file<char>::__basic_file(pthread_mutex_t*)
0xf2940 207 2 0 0 1 0 0 1
+4 +1 2 0 2
+7 * 2 0 2
+4 * 2 2

fn=(1144)
0xf2ae0 309 1542
+4 * 1542 1542
+3 * 1542 1542 0 0 276 0 0 1 0 0 0 1542 1
cob=(2)
cfi=(301) /usr/src/debug/glibc/glibc/libio/fileno.c
cfn=(1146) fileno
calls=1542 0x89940 32 
* * 10794 4626 0 2 528 0 2 0 0 3084 10

fl=(240) /usr/src/debug/gcc/gcc/libstdc++-v3/src/c++11/ios.cc
fn=(1394) std::ios_base::_M_dispose_callbacks()
0xe05d0 177 1025 0 0 1 0 0 1
+4 * 1025 0 1025
+1 * 1025
+3 * 1025 0 1025
+2 * 1025 0 1025
+2 * 1025
+3 * 1025 0 1025
+1 * 1025
+4 +1 1025 1025
+4 +1 1025
+3 * 1025 0 0 0 0 0 0 0 0 1025 4
+70 +6 1025 0 1025 42 0 0 1
+9 +1 1025
+4 * 1025 1025
+1 * 1025 1025
+2 * 1025 1025
+2 * 1025 1025
+1 * 1025 1025

fn=(1392) std::ios_base::_M_call_callbacks(std::ios_base::event)
0xe0580 163 1025 0 0 1 0 0 1
+4 * 1025 0 1025
+1 * 1025
+3 * 1025 0 1025
+2 * 1025 0 1025
+2 * 1025 0 1025
+1 * 1025
+4 +1 1025 1025
+4 +1 1025
+3 * 1025 0 0 0 0 0 0 0 0 1025 4
+28 +8 1025
+4 * 1025 1025
+1 * 1025 1025
+2 * 1025 1025
+2 * 1025 1025
+1 * 1025 1025

fn=(842) std::ios_base::ios_base()
0xe02a0 76 1034 0 0 1 0 0 1
+4 +3 1034 1034 0 0 1 0 0 1
+7 -2 1034
+4 +2 1034
+4 -2 1034 0 1034 0 0 9 0 0 5
+8 +1 1034 0 1034 1 0 0 1
fi=(241)
+7 640 1034
+7 * 1034 0 1034 0 0 4 0 0 3
fe=(240)
+8 79 1034
+4 * 1034 0 1034 0 0 3
+3 * 1034
+3 -2 1034 0 1034
+4 +1 1034 0 1034
+4 * 1034
+7 * 1034
+11 * 1034
fi=(241)
+11 640 1034 0 1034 2 0 0 2
fe=(240)
+7 79 1034
fi=(241)
+4 640 1034 0 1034
fe=(240)
+8 79 1034
+3 * 1034 0 0 0 0 0 0 0 0 1034 12
fi=(241)
-22 640 7238 0 7238 0 0 572 0 0 4
fe=(240)
+7 79 7238
fi=(241)
+4 640 7238 0 7238 0 0 14 0 0 6
fe=(240)
+8 79 7238
+3 * 7238 0 0 0 0 0 0 0 0 7238 33
+2 * 1034 0 1034
+7 * 1034
+7 * 1034 0 1034
+7 * 1034 1034 0 0 613 0 0 1 0 0 0 1034 1025
cfi=(206) /usr/src/debug/gcc/gcc/libstdc++-v3/src/c++11/locale_init.cc
cfn=(714) std::locale::locale()
calls=1034 0xe1ba0 269 
* * 26884 10340 6204 3842 3 2 5 2 2 3102 2

fn=(1390) std::ios_base::~ios_base()
0xe0650 87 1025 0 0 451 0 0 1
+4 * 1025 0 1025
+1 +2 1025
+2 -2 1025
+3 * 1025 0 1025
+1 * 1025
+3 * 1025
+4 * 1025 1025 0 0 31
+7 * 1025
+4 * 1025 0 1025
+3 +2 1025 1025 1025 0 399 0 0 0 0 0 0 1025 1024
cfn=(1392)
calls=1025 0xe0580 +74 
* * 16400 6150 4100 1 0 0 1 0 0 1025 4
+6 +1 1025
+3 * 1025 1025 1025 0 3 0 0 0 0 0 0 1025 1
cfn=(1394)
calls=1025 0xe05d0 +87 
* * 18450 6150 5125 43 0 0 2 0 0 1025 4
+6 +1 1025 1025 0 1 1 0 1
+7 * 1025
+4 * 1025
+3 * 1025 0 0 0 0 0 0 0 0 1025 4
+24 +5 1025
+7 * 1025 1025
+4 * 1025 1025
+1 * 1025 1025 0 0 0 0 0 0 0 0 0 1025 1
cfi=(207)
cfn=(854) std::locale::~locale()
calls=1025 0xc86c0 -5 
* * 6150 3075 0 0 0 0 0 0 0 1025 3

fl=(220) /usr/src/debug/gcc/gcc-build/x86_64-pc-linux-gnu/libstdc++-v3/include/x86_64-pc-linux-gnu/bits/time_members.h
fn=(766) std::__timepunct<char>::__timepunct(std::__timepunct_cache<char>*, unsigned long)
0x13d110 48 1 0 0 1 0 0 1
+4 * 1 0 1
fi=(214)
+1 436 1
+2 * 1
fe=(220)
+3 49 1
fi=(214)
+5 436 1
fe=(220)
+3 48 1
+3 * 1 0 1
+2 * 1 0 1
+1 * 1
fi=(214)
+3 436 1 0 1
fe=(220)
+3 50 1 1 0 0 1
+7 -1 1 0 1
+4 +1 1
+4 * 1 0 1
+3 * 1 1 1 1 0 0 1 0 0 0 0 1 1
cfi=(207)
cfn=(722)
calls=1 0xc83e0 233 
* * 3 1
+6 +1 1
+2 * 1
+3 -1 1 0 1
+4 +1 1 1 1 0 1 0 0 0 0 0 0 1 1
cfi=(221) /usr/src/debug/gcc/gcc-build/x86_64-pc-linux-gnu/libstdc++-v3/src/c++98/time_members.cc
cfn=(768) std::__timepunct<char>::_M_initialize_timepunct(__locale_struct*)
calls=1 0xd5a10 +15 
* * 152 38 34 13 3 0 13 0 0 4 1 2 1
+6 * 1 1
+1 * 1 1
+2 * 1 1
+1 * 1 1

fn=(806) std::__timepunct<wchar_t>::__timepunct(std::__timepunct_cache<wchar_t>*, unsigned long)
0x16c0e0 48 1 0 0 1 0 0 1
+4 * 1 0 1
fi=(214)
+1 436 1
+2 * 1
fe=(220)
+3 49 1
fi=(214)
+5 436 1
fe=(220)
+3 48 1
+3 * 1 0 1
+2 * 1 0 1
+1 * 1
fi=(214)
+3 436 1 0 1 0 0 1 0 0 1
fe=(220)
+3 50 1 1 0 1 1 0 1
+7 -1 1 0 1
+4 +1 1
+4 * 1 0 1
+3 * 1 1 1 0 0 0 0 0 0 0 0 1 1
cfi=(207)
cfn=(722)
calls=1 0xc83e0 233 
* * 3 1
+6 +1 1
+2 * 1
+3 -1 1 0 1
+4 +1 1 1 1 0 1 0 0 0 0 0 0 1 1
cfi=(221)
cfn=(808) std::__timepunct<wchar_t>::_M_initialize_timepunct(__locale_struct*)
calls=1 0xd62f0 222 
* * 148 38 33 14 3 0 14 0 0 4 1 2 1
+6 * 1 1
+1 * 1 1
+2 * 1 1
+1 * 1 1

fl=(248) /usr/src/debug/gcc/gcc/libstdc++-v3/src/c++20/tzdb.cc
fn=(886) _GLOBAL__sub_I.00098_tzdb.cc
0xae680 2174 1 0 0 1 0 0 1
+4 198 1
+7 * 1
+7 * 1
+7 * 1 1 0 0 0 0 0 0 0 0 0 1 1
cob=(2)
cfi=(247)
cfn=(880)
calls=1 0x404f0 67 
* * 76 13 15 0 0 0 0 0 0 10 2

fl=(311) /usr/src/debug/gcc/gcc-build/x86_64-pc-linux-gnu/libstdc++-v3/include/bits/basic_string.h
fn=(1450) std::__cxx11::basic_string<char, std::char_traits<char>, std::allocator<char> >::_M_dispose()
0x165110 296 1 0 0 1 0 0 1
+4 -57 1 1 0 0 1
+3 +18 1
+4 +23 1
+3 * 1 0 0 0 0 0 0 0 0 1
fi=(279) /usr/src/debug/gcc/gcc-build/x86_64-pc-linux-gnu/libstdc++-v3/include/bits/new_allocator.h
+2 172 1
+3 * 1 1 0 0 0 0 0 0 0 0 0 1 1
cfi=(330)
cfn=(1330)
calls=1 0xb0620 48 
* * 36 10 4 0 1 0 0 0 0 7 0 1
fe=(311)

fl=(223) /usr/src/debug/gcc/gcc/libstdc++-v3/src/c++11/ctype.cc
fn=(772) std::ctype<wchar_t>::ctype(unsigned long)
0xdd090 103 1 0 0 1 0 0 1
+4 * 1 0 1
fi=(214)
+1 436 1
+2 * 1
+3 * 1
fe=(223)
+3 103 1
+3 * 1 0 1
+2 * 1 0 1
+1 * 1
fi=(214)
+3 436 1 0 1 0 0 1 0 0 1
fe=(223)
+3 105 1 1 0 0 1
+7 * 1
+4 * 1 0 1
+3 * 1 1 1 0 0 0 0 0 0 0 0 1 1
cfi=(207)
cfn=(726)
calls=1 0xc8390 221 
* * 18 6 2 0 0 0 0 0 0 2 0 1
+6 * 1 0 1 1 0 0 1
+4 +1 1
+3 -1 1 0 1
+4 +1 1 1
+1 * 1 1
+2 * 1 1
+1 * 1 1 0 0 1 0 0 0 0 0 0 1 1
cfi=(224)
cfn=(774)
calls=1 0xf2760 273 
* * 18671 5314 2542 30 21 20 30 5 20 3125 77 653 19

fn=(864) std::ctype<char>::_M_widen_init() const
0xdcdc0 90 1 0 0 1 0 0 1
+4 * 1 0 1
+1 +3 1
+5 * 1
+5 * 1
+4 * 1
+5 * 1
+5 * 1
+5 * 1
+5 * 1
+5 * 1
+5 * 1
+5 -3 1
+3 * 1 0 1
+1 +3 1
+5 * 1 0 0 1 0 0 1
+5 * 1
+7 * 1
+4 * 1
+5 * 1
+5 * 1
+4 * 1
+4 * 1
+3 -3 1
+7 * 1 1 0 0 1 0 0 1
+8 +3 1
+5 -3 1 1 0 1 0 0 1
+9 * 1 0 1
+4 * 1
+3 +3 1
+5 * 1
+5 * 1
+5 * 1
+5 -1 1
+5 +1 1
+5 -1 1
+5 +1 1
+4 -1 1
+4 * 1
+2 * 1
+11 +1 1 0 0 1 0 0 1
+4 * 1
+4 * 1
+5 * 1
+4 * 1
+5 * 1
+5 * 1
+5 * 1
+4 * 1
+4 * 1
+5 * 1
+5 * 1
+5 * 1
+5 * 1
+4 * 1 0 0 1 0 0 1
+5 * 1
+4 * 1
+5 * 1
+5 * 1
+5 * 1
-88 * 15
+4 * 15
+4 * 15
+5 * 15
+4 * 15
+5 * 15
+5 * 15
+5 * 15
+4 * 15
+4 * 15
+5 * 15
+5 * 15
+5 * 15
+5 * 15
+4 * 15
+5 * 15
+4 * 15
+5 * 15
+5 * 15
+5 * 15
+4 * 15
+4 * 15
+5 * 15
+5 * 15
+4 * 15
+5 * 15
+5 -1 15
+4 +1 15
+5 * 15
+5 * 15
+5 * 15
+5 * 15
+5 * 15
+5 * 15
+5 * 15
+5 * 15
+5 * 15
+4 * 15
+4 * 15 0 15
+4 -1 15
+3 * 15 0 0 0 0 0 0 0 0 15 8
-92 +1 1
+4 * 1
+5 * 1
+5 * 1
+4 * 1
+5 * 1
+5 -1 1
+4 +1 1 0 0 1 0 0 1
+5 * 1
+5 * 1
+5 * 1
+5 * 1
+5 * 1
+5 * 1
+5 * 1
+5 * 1
+5 * 1
+4 * 1
+4 * 1 0 1
+4 -1 1
+3 * 1 0 0 0 0 0 0 0 0 1 1
+6 +2 1 1 0 1 0 0 1
+3 * 1
+4 * 1 1 0 0 1
+4 * 1 1 0 0 1
+7 * 1 0 0 0 0 0 0 0 0 1
fi=(216) /usr/src/debug/gcc/gcc-build/x86_64-pc-linux-gnu/libstdc++-v3/include/bits/locale_facets.h
+6 1120 1 1
+8 * 1 0 1
+4 * 1 1
+8 * 1 0 1
+4 * 1 1
+8 * 1 0 1
+4 * 1 1 0 1 0 0 1
+8 * 1 0 1
+4 * 1 1
+8 * 1 0 1
+4 * 1 1
+8 * 1 0 1
+7 * 1 1
+8 * 1 0 1
+7 * 1 1
+8 * 1 0 1
+7 * 1 1 0 1 0 0 1
+8 * 1 0 1
+7 * 1 1
+8 * 1 0 1
+7 * 1 1
+5 * 1 0 1
+7 * 1 1
+5 * 1 0 1
+7 * 1 1
+5 * 1 0 1 1 0 0 1
+7 * 1 1
+5 * 1 0 1
+7 * 1 1
+5 * 1 0 1
+7 * 1 1
+5 * 1 0 1
fe=(223)
+7 98 1
+5 * 1
+3 * 1
+3 * 1 1 1 0 1 0 0 0 0 0 0 1 1
cob=(2)
cfi=(233) /usr/src/debug/glibc/glibc/string/../sysdeps/x86_64/multiarch/memcmp-avx2-movbe.S
cfn=(796) __memcmp_avx2_movbe
calls=1 0x16d620 -25 
* * 47 17 0 3 0 0 3 0 0 9
+6 +1 1
+3 * 1
+5 * 1
+2 * 1 0 1 1 0 0 1
+3 +1 1 1
+4 * 1 1
+9 * 1 0 0 0 0 0 0 0 0 1
+2 * 1 1
+4 * 1 1
+1 * 1 1

fl=(286)
fn=(1134) std::basic_filebuf<char, std::char_traits<char> >::underflow()
0x1249b0 327 770 0 0 1 0 0 1
+4 * 770 0 770
+1 * 770
+3 * 770 0 770
+2 * 770 0 770
+2 * 770 0 770
+2 * 770 0 770
+1 * 770 0 0 1 0 0 1
+4 * 770 770
+9 * 770 0 770
+4 * 770
+2 +5 770 770 0 0 256
+4 * 770 0 0 0 0 0 0 0 0 770
+6 * 770
+3 +2 770 770 0 0 256
+7 * 770 0 0 0 0 0 0 0 0 770
fi=(300)
+6 494 770 770
fi=(296) /usr/src/debug/gcc/gcc-build/x86_64-pc-linux-gnu/libstdc++-v3/include/fstream
+4 230 770 770 0 0 768
+7 * 770 0 0 0 0 0 0 0 0 770
fi=(300)
+6 497 770 770 0 2 0 0 1
fe=(286)
+4 346 770
+3 * 770 0 0 0 0 0 0 0 0 770
+6 +4 770 770
+7 * 770
+6 +7 770 770
+7 -7 770
+3 * 770
+4 * 770
fi=(239)
+4 51 770
+3 * 770 0 0 0 0 0 0 0 0 770
fi=(234) /usr/src/debug/gcc/gcc-build/x86_64-pc-linux-gnu/libstdc++-v3/include/bits/codecvt.h
+6 219 770 770 0 0 768
+3 * 770 770 770 0 258 0 0 0 0 0 0 770 1
cfi=(215) /usr/src/debug/gcc/gcc/libstdc++-v3/src/c++98/codecvt.cc
cfn=(1140) std::codecvt<char, char, __mbstate_t>::do_always_noconv() const
calls=770 0xc2c80 100 
* * 2310 770 0 770 0 0 1
fe=(286)
+3 357 770
+2 * 770 0 0 0 0 0 0 0 0 770
0x124c23 -27 1 0 0 1 0 0 1
+5 * 1
fi=(304) /usr/src/debug/gcc/gcc-build/x86_64-pc-linux-gnu/libstdc++-v3/include/bits/char_traits.h
0x124cc4 452 769 769 0 769 262 0 1
fe=(286)
+3 +30 769 769
+4 * 769 769
+9 * 769 0 0 0 0 0 0 0 0 769
-13 * 1 1 0 1
+4 * 1 1
+9 * 1 0 0 0 0 0 0 0 0 1 1
+6 * 770
+4 * 770 770
+1 * 770 770
+2 * 770 770
+2 * 770 770
+2 * 770 770
+1 * 770 770
0x124de0 359 770 0 0 9 0 0 1
+3 * 770 770
+4 * 770
+4 * 770 770 770 0 10 0 0 0 0 0 0 770 1
cfi=(287)
cfn=(1142)
calls=770 0xf2b60 -25 
* * 56980 20020 10780 1542 1828 0 4 0 0 3850 8 2310 3
+6 * 770
+3 +2 770
+3 * 770 0 0 0 0 0 0 0 0 770 1
+6 +94 769 0 0 2 0 0 1 0 0 769
fi=(296)
+6 +54 769 769
fi=(300)
+7 +58 769 0 769
fe=(286)
+8 458 769 0 769
fi=(296)
+7 +51 769
+3 * 769
+5 * 769 769
+4 * 769
+4 * 769
fi=(300)
+4 +11 769 0 769
+4 +46 769
+4 -44 769 0 769
+4 +44 769 0 769
+4 * 769 0 0 1 0 0 1
fi=(296)
0x124ea8 -55 1 1 0 1 0 0 1
fi=(300)
+8 +56 1 0 1
fe=(286)
+8 467 1 0 1
fi=(300)
+7 +53 1 0 0 1 0 0 1
+4 +2 1 0 1
+5 +44 1
+4 -46 1
+4 +46 1 0 1
+4 -46 1 0 1
+4 * 1
fe=(286)

fn=(1110) std::basic_filebuf<char, std::char_traits<char> >::_M_allocate_internal_buffer()
0x126460 54 2 0 0 1 0 0 1
+4 +5 2 2
+7 * 2 0 0 0 0 0 0 0 0 2
+2 * 2 2
+8 * 2 0 0 0 0 0 0 0 0 2 2
+11 -5 2 0 2 1 0 0 1
+1 * 2
+3 * 2
+3 * 2
+4 +7 2 2
+7 * 2 0 2
+4 * 2 2 2 0 1 0 0 1 0 0 0 2 2
cfi=(297) /usr/src/debug/gcc/gcc/libstdc++-v3/libsupc++/new_opv.cc
cfn=(1112) operator new[](unsigned long)
calls=2 0xb2710 -30 
* * 372 81 44 2 6 1 1 0 1 57 11 4 1
+6 * 2 2
+4 * 2 0 2
+7 +1 2 0 2
+7 +2 2 2
+1 * 2 2

fn=(1570)
0x125640 759 612717 0 0 1 0 0 1
+4 * 612717 0 612717
+1 * 612717
+3 * 612717 0 612717
+2 * 612717 0 612717
+2 * 612717 0 612717
+1 * 612717
+3 * 612717
+4 +8 612717 612717
+4 +1 612717 612717
+7 -1 612717
fi=(239)
+4 51 612717
+3 * 612717 0 0 0 0 0 0 0 0 612717
fi=(234)
+6 219 612717 612717
+3 * 612717 0 612717
+4 -1 612717
+3 +1 612717 612717 612717 0 1 0 0 1 0 0 0 612717 1
cfi=(215)
cfn=(1140)
calls=612717 0xc2c80 100 
* * 1838151 612717 0 1 0 0 1
fe=(286)
+3 769 612717 612717
+4 * 612717
+2 * 612717 0 0 1 0 0 1 0 0 612717
+2 * 612717
+3 * 612717 0 0 0 0 0 0 0 0 612717
+2 * 612717 612717
+7 * 612717 0 0 0 0 0 0 0 0 612717
fi=(300)
+2 541 612717 612717
fe=(286)
+4 771 612717 612717
+4 * 612717
+3 +3 612717 612717
+7 * 612717 0 0 0 0 0 0 0 0 612717 4
+2 * 1 1
+7 +1 1
+4 * 1
+4 * 1
+4 +2 1
+3 * 1 0 0 0 0 0 0 0 0 1 1
-3 * 612716
+3 * 612716 0 0 0 0 0 0 0 0 612716 772
fi=(300)
+2 538 772 772
fe=(286)
+4 781 772 0 0 1 0 0 1
+3 * 772
+3 * 772
+4 -2 772
+3 +2 772
+3 -2 772
+3 +2 772 772 772 0 1 0 0 1 0 0 0 772 1
cfi=(287)
cfn=(1606)
calls=772 0xf2c30 367 
* * 74858 23915 17756 7 2 0 7 2 0 5400 5 2316 2
+6 +3 771
+3 -3 771
+3 +3 771
+3 * 771 0 0 0 0 0 0 0 0 771 2
+2 +6 771
+3 * 771
+3 * 771
+3 * 771
+5 * 771
+4 +10 771
+4 * 771 771
+1 * 771 771
+2 * 771 771
+2 * 771 771
+1 * 771 771
+1 * 611945 0 0 1 0 0 1
+4 -2 611945
+3 * 611945
+3 +2 611945 611945
+1 * 611945 611945
+2 * 611945 611945
+2 * 611945 611945
+1 -2 611945 611945 0 0 1 0 0 1 0 0 0 611945 1
cfi=(363) /usr/src/debug/gcc/gcc-build/x86_64-pc-linux-gnu/libstdc++-v3/include/bits/streambuf.tcc
cfn=(1576) std::basic_streambuf<char, std::char_traits<char> >::xsputn(char const*, long)
calls=611945 0x163c90 84 
* * 33964803 7648982 5813138 10 2 127 10 2 0 4896989 625820 611946 2
fi=(296)
+16 511 771 771
+8 -5 771 771
+4 * 771
fi=(300)
+4 +16 771 0 771
+5 * 771
+4 -2 771 0 771
fi=(296)
+4 -14 771 0 0 0 0 0 0 0 0 771
+2 +7 771 771 0 1 0 0 1
+7 * 771
+4 * 771 0 0 0 0 0 0 0 0 771
+2 +1 771
+5 * 771
fi=(300)
+5 +53 771 0 771
fe=(286)
+4 787 771 0 771
fi=(300)
+7 566 771 0 771
+5 * 771 0 771
+5 * 771
fe=(286)

fn=(1068) std::basic_filebuf<char, std::char_traits<char> >::open(char const*, std::_Ios_Openmode)
0x12a820 183 2 0 0 2 0 0 2
+4 * 2 0 2
+1 * 2
+3 * 2 0 2
+2 * 2
+3 * 2 0 2
+2 * 2
+3 * 2 0 2
+2 * 2 0 2
+1 * 2
fi=(296)
+3 +96 2
+4 * 2 2 2 2 2 0 2 1 0 0 0 2 1
cfi=(287)
cfn=(1070)
calls=2 0xf2950 +25 
* * 8 4
fe=(286)
+6 -92 2
+2 * 2 0 0 0 0 0 0 0 0 2
+6 +2 2
+4 * 2
+5 * 2
+3 * 2
+3 * 2 2 2 0 2 0 0 1 0 0 0 2 1
cfi=(287)
cfn=(1072)
calls=2 0xf2a70 +66 
* * 1220 275 261 92 20 22 91 14 20 131 44 10 7
fi=(296)
+6 +90 2
+4 * 2 2 2 0 0 0 0 0 0 0 0 2 1
cfi=(287)
cfn=(1070)
calls=2 0xf2950 +25 
* * 8 4
fe=(286)
+6 -89 2
+2 * 2 0 0 0 0 0 0 0 0 2
+6 +2 2
+3 * 2 2 2 0 1 0 0 1 0 0 0 2 2
cfn=(1110)
calls=2 0x126460 54 
* * 406 95 54 4 7 1 3 1 1 61 13 6 3
+6 +4 2
fi=(296)
+2 511 2 2 0 2 0 0 2
fe=(286)
+8 193 2 0 2
+4 +3 2 0 2
+7 +5 2 2
fi=(300)
+4 520 2
+4 +2 2 0 2
+5 +44 2
+4 -46 2
+4 +47 2 0 2
fe=(286)
+8 201 2 0 2
+7 * 2 0 2
fi=(300)
+7 520 2 0 2
+4 +46 2 0 2 2 0 0 2
fe=(286)
+4 205 2
+4 * 2 0 0 0 0 0 0 0 0 2 2
+27 +4 2
+3 +4 2 2
+1 * 2 2
+2 * 2 2
+2 * 2 2
+2 * 2 2
+1 * 2 2

fn=(1408) std::basic_filebuf<char, std::char_traits<char> >::close()
0x129bd0 253 1 0 0 1 0 0 1
+4 * 1 0 1
+1 * 1
+3 * 1 0 1
+2 * 1 0 1
fi=(296)
+2 +26 1
fe=(286)
+4 -26 1 0 1
+1 * 1
+4 * 1 1
+9 * 1 0 1
+4 * 1
fi=(296)
+3 +26 1
+3 * 1 1 1 0 1 0 0 0 0 0 0 1 1
cfi=(287)
cfn=(1070)
calls=1 0xf2950 +25 
* * 4 2 0 1
fe=(286)
+6 -23 1
+2 * 1 0 0 1 0 0 1 0 0 1
+6 +9 1 0 1
+4 +15 1
+3 * 1 1 1 0 1 0 0 0 0 0 0 1 1
cfn=(1410) std::basic_filebuf<char, std::char_traits<char> >::_M_terminate_output()
calls=1 0x126790 952 
* * 30 13 7 3 0 0 3 0 0 3 3
+6 * 1
+3 -10 1
+3 -2 1 0 1
+7 +1 1 0 1
+7 +1 1 1 1 0 1 0 0 0 0 0 0 1 1
cfn=(1412) std::basic_filebuf<char, std::char_traits<char> >::_M_destroy_internal_buffer()
calls=1 0x1264b0 68 
* * 144 37 26 2 1 0 2 0 0 23 3 3 1
+6 +1 1
fi=(300)
+2 567 1 0 1
fe=(286)
+8 290 1
fi=(296)
+3 511 1 1 0 1 0 0 1
fe=(286)
+8 271 1 0 1
+7 +3 1 1
fi=(300)
+4 520 1
+4 +2 1 0 1
+5 +44 1
+4 -46 1
fe=(286)
+4 274 1 0 1
+7 * 1 0 1
fi=(300)
+7 520 1 0 1
+4 +46 1 0 1
fe=(286)
+4 290 1 1 1 0 1 0 0 0 0 0 0 1 1
cfi=(287)
cfn=(1414)
calls=1 0xf2b00 +28 
* * 368 109 65 41 14 1 38 0 0 57 20 5 5
+6 +3 1
+4 * 1 0 0 0 0 0 0 0 0 1 1
+2 * 1 0 0 1 0 0 1
+3 * 1 0 0 0 0 0 0 0 0 1
+2 +4 1 1
+4 * 1 1
+9 * 1 0 0 0 0 0 0 0 0 1
+2 * 1
+4 * 1
+3 * 1 1
+1 * 1 1
+2 * 1 1
+2 * 1 1
+1 * 1 1

fn=(1412)
0x1264b0 68 1
+4 * 1 0 1
+1 * 1
+3 * 1 0 1
+1 * 1
+3 * 1
+4 +3 1 1 0 1 0 0 1
+7 * 1 0 0 0 0 0 0 0 0 1
+2 +2 1 1
+7 * 1
+3 * 1 0 0 0 0 0 0 0 0 1
+2 * 1 1 1 0 0 0 0 0 0 0 0 1 1
cfi=(335) /usr/src/debug/gcc/gcc/libstdc++-v3/libsupc++/del_opv.cc
cfn=(1362) operator delete[](void*)
calls=1 0xb0650 -39 
* * 120 30 18 0 1 0 0 0 0 20 2 2
+6 +1 1 0 1
+11 +1 1 0 1
+7 +2 1 1
+7 * 1
+3 * 1 0 0 0 0 0 0 0 0 1 1
+8 +1 1 0 1 1 0 0 1
+11 +2 1
+4 -1 1 0 1
+11 +1 1 0 1
+7 +2 1 1
+4 * 1 1
+1 * 1 1

fn=(1410)
0x126790 952 1 0 0 1 0 0 1
+4 * 1 0 1
+1 * 1
+3 * 1 0 1
+2 * 1 0 1
+2 * 1 0 1
+2 * 1 0 1
+2 * 1
+6 * 1 0 1
+1 * 1
+7 +5 1 1
+4 -5 1 1
+9 * 1 0 1
+4 * 1 0 0 1 0 0 1
+3 +5 1 1
+4 * 1 0 0 0 0 0 0 0 0 1 1
+24 +9 1 1
+8 * 1 0 0 0 0 0 0 0 0 1 1
+30 +43 1 1 0 1 0 0 1
+4 * 1 1
+9 * 1 0 0 0 0 0 0 0 0 1 1
+6 * 1
+7 * 1
+3 * 1 1
+1 * 1 1
+2 * 1 1
+2 * 1 1
+2 * 1 1
+2 * 1 1
+1 * 1 1

fn=(1582) std::basic_filebuf<char, std::char_traits<char> >::overflow(int)
0x1269e0 545 1 0 0 1 0 0 1
+4 * 1 0 1
+1 * 1
+3 * 1 0 1
+2 * 1 0 1
+1 * 1
+4 * 1 1
+9 * 1 0 1
+4 * 1
+2 +6 1 1 0 1 0 0 1
+4 * 1 0 0 0 0 0 0 0 0 1
+6 * 1
+3 * 1
+3 +3 1 1
+7 * 1 0 0 0 0 0 0 0 0 1 1
fi=(300)
0x126a95 -16 1 1 0 1 0 0 1
+4 +3 1 1
fe=(286)
+4 +21 1
+3 * 1 0 0 0 0 0 0 0 0 1 1
fi=(304)
0x126b1d -97 1 0 0 1 0 0 1
fe=(286)
+3 606 1 1
+4 * 1 1
+9 * 1 0 0 0 0 0 0 0 0 1
+6 * 1
+4 * 1 1
+1 * 1 1
+2 * 1 1
+1 * 1 1
+5 -26 1 1 0 1 0 0 1
+7 * 1
+4 * 1 0 0 0 0 0 0 0 0 1 1
fi=(296)
+37 -69 1 1
+8 * 1
+4 * 1
+4 * 1 0 0 1 0 0 1
+4 -5 1 1
+4 * 1 0 0 0 0 0 0 0 0 1
+2 +8 1
+5 * 1
+5 * 1
fi=(300)
+5 +6 1
fe=(286)
+4 +66 1 0 1
fi=(300)
+7 -66 1 0 1
+4 * 1
+4 * 1
+4 * 1 0 1
+4 * 1 0 1
fe=(286)
+4 +67 1
+4 * 1 0 0 0 0 0 0 0 0 1
fi=(304)
+2 446 1 0 0 1 0 0 1
+5 * 1 0 1
fi=(300)
+3 554 1 0 1
fi=(304)
+5 -89 1
fe=(286)

fn=(1058) std::basic_filebuf<char, std::char_traits<char> >::basic_filebuf()
0x125e80 85 2 0 0 2 0 0 2
+4 * 2 0 2
+1 * 2
+3 * 2 0 2
+1 * 2
fi=(300)
+3 475 2
fe=(286)
+4 85 2
fi=(300)
+4 475 2 2 0 0 1 0 0 1
+7 -1 2 0 2 0 0 1
+8 +1 2
+4 * 2
+5 * 2 0 2
+4 * 2
+4 * 2 0 2
+4 * 2 0 2
+4 * 2 2 2 2 0 0 2 0 0 0 0 2 1
cfi=(206)
cfn=(714)
calls=2 0xe1ba0 269 
* * 52 20 12 0 0 0 0 0 0 6 1
fe=(286)
+6 92 2 2 0 0 1 0 0 1
+7 -6 2
+4 * 2
+4 * 2 0 2 0 0 1
+4 * 2
+4 +6 2
+4 -6 2 0 2
+4 +6 2 0 2
+3 -6 2 0 2
+8 * 2 2 2 0 1 0 0 1 0 0 0 2 1
cfi=(287)
cfn=(1060)
calls=2 0xf2940 207 
* * 8 2 4 1 0 0 1
+6 +4 2
+4 -3 2 0 2
fi=(245) /usr/src/debug/gcc/gcc-build/x86_64-pc-linux-gnu/libstdc++-v3/include/bits/locale_classes.tcc
+8 +32 2 2 0 2 1 0 2 1
fe=(286)
+7 -32 2 0 2
+11 * 2 0 2 0 0 1
+11 +1 2 0 2
+10 * 2 0 2
+11 * 2 0 2
+11 +1 2 0 2 2 0 0 2
+10 +1 2 0 2
+7 +1 2 0 2
+11 -1 2 0 2
+7 +1 2 0 2
+7 * 2 0 2
fi=(245)
+7 +28 2 2 2 0 0 0 0 0 0 0 0 2 1
cfi=(207)
cfn=(748) std::locale::id::_M_id() const
calls=2 0xc8910 507 
* * 12 4 0 0 1 0 0 1 0 2 2
+6 * 2
+3 +1 2 2
+4 +11 2 2
fe=(286)
+4 -37 2 2 0 2 0 0 2
+4 * 2 0 2
+7 +1 2 2
+4 * 2 2
+1 * 2 2

fl=(306) /usr/src/debug/gcc/gcc-build/x86_64-pc-linux-gnu/libstdc++-v3/include/bits/locale_facets.tcc
fn=(1162) std::istreambuf_iterator<char, std::char_traits<char> > std::num_get<char, std::istreambuf_iterator<char, std::char_traits<char> > >::_M_extract_int<unsigned int>(std::istreambuf_iterator<char, std::char_traits<char> >, std::istreambuf_iterator<char, std::char_traits<char> >, std::ios_base&, std::_Ios_Iostate&, unsigned int&) const
0x14bdb0 378 1 0 0 1 0 0 1
+4 * 1 0 1
+1 * 1
+3 * 1 0 1
+2 * 1 0 1
+2 * 1 0 1
+2 * 1 0 0 1 0 0 1
+6 * 1 0 1
+2 * 1 0 1
+1 * 1
+3 * 1
+7 * 1 1
+4 * 1 0 1
+4 * 1 0 1
+4 * 1 0 1
+7 * 1 1
+4 * 1 0 1
+4 * 1 0 1
+4 * 1 0 1
fi=(241)
+7 853 1 1
+9 * 1 0 1 1 0 0 1
+4 * 1
fe=(306)
+7 388 1 0 1
cfn=(1164) std::__use_cache<std::__numpunct_cache<char> >::operator()(std::locale const&) const [clone .isra.0]
calls=1 0x140c30 57 
* * 28 13 6 2 0 0 2 0 0 2 1 1
+5 * 1
fi=(241)
+3 87 1 1
+3 * 1
+3 * 1 0 1
fe=(306)
+3 396 1
+3 * 1 0 0 0 0 0 0 0 0 1
+2 * 1
+3 * 1
+6 * 1
+5 * 1
fi=(307) /usr/src/debug/gcc/gcc-build/x86_64-pc-linux-gnu/libstdc++-v3/include/bits/streambuf_iterator.h
+4 238 1
+4 * 1
+4 * 1 0 1
+4 * 1 0 0 1 0 0 1
+3 * 1 0 1
+4 * 1 0 1
cfn=(1166) std::istreambuf_iterator<char, std::char_traits<char> >::equal(std::istreambuf_iterator<char, std::char_traits<char> > const&) const
calls=1 0x1444f0 -37 
* * 29 8 1 2 0 0 2 0 0 3 1
+6 * 1
+3 * 1 1
+4 * 1 0 1
+4 * 1 1
+3 * 1 0 1
fe=(306)
+6 403 1
+3 * 1 0 0 0 0 0 0 0 0 1
fi=(307)
+6 154 1
+3 * 1 0 1
cfn=(1170) std::istreambuf_iterator<char, std::char_traits<char> >::_M_get() const
calls=1 0x111640 +52 
* * 12 6 0 1 0 0 1 0 0 3
fe=(306)
+6 406 1 1 0 0 1
fi=(307)
+5 154 1 1
+4 * 1 1
fe=(306)
+4 408 1 1 0 1 0 0 1
fi=(304)
+5 +38 1
fe=(306)
+3 -39 1
+2 * 1 0 0 0 0 0 0 0 0 1
+2 * 1 1
+4 * 1 0 0 0 0 0 0 0 0 1 1
0x14befd +13 1 0 1 1 0 0 1
+7 +1 1 0 1
+10 +3 1
+3 * 1 0 0 0 0 0 0 0 0 1 1
+12 +1 1 1
+4 * 1 0 0 0 0 0 0 0 0 1
+2 +2 1 1
+4 * 1 0 0 0 0 0 0 0 0 1
+6 +10 1 1
+7 * 1 0 0 0 0 0 0 0 0 1
+6 * 1
+3 +29 1 0 0 1 0 0 1
+4 * 1 0 0 0 0 0 0 0 0 1
+6 * 1
+3 * 1
+3 * 1 0 1
fi=(308) /usr/src/debug/gcc/gcc-build/x86_64-pc-linux-gnu/libstdc++-v3/include/bits/cow_string.h
+7 312 1 1
+7 * 1
+4 * 1 0 1
fe=(306)
+4 472 1
+3 * 1 0 0 0 0 0 0 0 0 1
+6 * 1
+4 * 1 0 1
+7 +8 1
+5 * 1
+2 +5 1 1 0 1 0 0 1
+8 -5 1 0 1
+7 * 1
+3 * 1 0 1
+3 +5 1
+3 * 1 0 0 0 0 0 0 0 0 1
+6 +2 1
+3 * 1 0 0 0 0 0 0 0 0 1 1
fi=(307)
+6 209 1 1
fe=(306)
+7 475 1 0 1
fi=(216)
+4 2178 1
fi=(307)
+3 209 1
fe=(306)
+4 481 1
+3 * 1
+6 +16 4 4 0 1 0 0 1
+8 * 4 4
+4 +1 4
+3 * 4
+3 * 4 0 4
fi=(300)
+3 -4 4 4
fe=(306)
+4 +5 4
+3 +1 4 0 4
fi=(300)
+7 328 4
+3 * 4 0 0 0 0 0 0 0 0 4 2
+6 507 4
+4 * 4 0 4
+4 350 4
+3 * 4 0 0 0 0 0 0 0 0 4
fi=(307)
+6 209 4 4
+5 * 4
+4 * 4
+3 * 4 0 0 0 0 0 0 0 0 4
+6 * 4
fe=(306)
+3 503 4
+3 * 4 0 0 0 0 0 0 0 0 4
fi=(307)
+6 209 4
+3 * 4 0 0 0 0 0 0 0 0 4
fi=(300)
+6 494 4 4
+4 350 4 4
+4 * 4 0 0 0 0 0 0 0 0 4
fi=(304)
+6 452 4 4
fe=(306)
+3 +35 4
fi=(216)
+6 2176 4
+3 * 4 0 0 0 0 0 0 0 0 4
-3 * 1 0 0 1 0 0 1
+3 * 1 0 0 1 0 0 1 0 0 1
+6 +2 5
+3 * 5 0 0 0 0 0 0 0 0 5 1
+6 * 4
+2 * 4 0 0 0 0 0 0 0 0 4
+6 +6 4
fe=(306)
+3 493 4 4
+4 * 4 0 0 0 0 0 0 0 0 4 2
fi=(308)
0x14c0ef 961 1 1 0 1 0 0 1
fe=(306)
+4 559 1 1 0 0 1 0 0 1
+5 * 1 0 0 0 0 0 0 0 0 1
+6 +14 1 1 0 1 0 0 1
+6 * 1
+2 * 1 0 0 0 0 0 0 0 0 1
+45 +16 1
+3 * 1 0 0 0 0 0 0 0 0 1 1
+12 +2 1 0 1 1 0 0 1
+4 +1 1 1
+7 -1 1 0 1
+4 * 1 1
+4 * 1 1
+4 +1 1 1 1 0 1 0 0 0 0 0 0 1 1
cfi=(308)
cfn=(1184) std::basic_string<char, std::char_traits<char>, std::allocator<char> >::~basic_string()
calls=1 0xe9c70 758 
* * 6 3 0 2 0 0 2 0 0 1
+6 * 1 1
+4 * 1 1
+9 * 1 0 0 0 0 0 0 0 0 1
+6 * 1
+7 * 1
+3 * 1
+3 * 1 1
+1 * 1 1 0 1 0 0 1
+2 * 1 1
+2 * 1 1
+2 * 1 1
+2 * 1 1
+1 * 1 1
0x14c1fb -19 1 0 0 1 0 0 1
+3 * 1 0 0 1 0 0 1 0 0 1 1
+6 +5 1 1
+4 * 1 0 0 0 0 0 0 0 0 1 1
0x14c510 474 1 0 0 1 0 0 1
+3 * 1
+3 * 1
0x14c5f0 587 1 0 0 1 0 0 1
+3 * 1
+2 * 1 1
+7 * 1
+4 * 1 1
+7 * 1 0 1
+3 * 1
+30 406 1 0 1 1 0 0 1
+7 * 1

fn=(1270) std::num_get<char, std::istreambuf_iterator<char, std::char_traits<char> > >::_M_extract_float(std::istreambuf_iterator<char, std::char_traits<char> >, std::istreambuf_iterator<char, std::char_traits<char> >, std::ios_base&, std::_Ios_Iostate&, std::string&) const
0x148ae0 152 1048576 0 0 1 0 0 1
+4 * 1048576 0 1048576
fi=(241)
+1 853 1048576
fe=(306)
+7 152 1048576
+3 * 1048576 0 1048576
+2 * 1048576 0 1048576
+2 * 1048576 0 1048576
+2 * 1048576 0 1048576
+2 * 1048576 0 1048576
+1 * 1048576
+7 * 1048576 1048576 0 1024 0 0 1
+4 * 1048576 0 1048576
+4 * 1048576 0 1048576
+4 * 1048576 0 1048576
+4 * 1048576 0 1048576
+4 * 1048576 0 1048576
+7 * 1048576 1048576
+9 * 1048576 0 1048576
+4 * 1048576 1048576
+4 +8 1048576 0 1048576
cfn=(1164)
calls=1048576 0x140c30 57 
* * 29360128 13631488 6291456 0 32 529 0 0 0 2097152 2 1048576
fi=(307)
+5 +78 1048576
fe=(306)
+4 -78 1048576
fi=(307)
+3 +78 1048576
+4 * 1048576 0 1048576 1024 0 0 1
+7 * 1048576 0 1048576
+7 * 1048576
+3 * 1048576 0 1048576
cfn=(1166)
calls=1048576 0x1444f0 -37 
* * 30408704 8388608 1048576 0 0 0 0 0 0 3145728 2
fe=(306)
+6 -70 1048576
+2 * 1048576 0 0 0 0 0 0 0 0 1048576 2
0x148be9 371 1048576 0 1048576 919 0 0 1
+4 +1 1048576 1048576
+7 -1 1048576 0 1048576
+4 * 1048576 1048576
+4 * 1048576 1048576
+4 +1 1048576 1048576 1048576 1 1 0 1 0 0 0 0 1048576 1024
cfi=(308)
cfn=(1184)
calls=1048576 0xe9c70 758 
* * 6291456 3145728 0 2 0 0 0 0 0 1048576
+6 * 1048576 1048576
+4 * 1048576 1048576
+9 * 1048576 0 0 0 0 0 0 0 0 1048576
+6 * 1048576
+7 * 1048576
+3 * 1048576
+3 * 1048576 1048576
+1 * 1048576 1048576
+2 * 1048576 1048576
+2 * 1048576 1048576
+2 * 1048576 1048576
+2 * 1048576 1048576
+1 * 1048576 1048576
fi=(307)
+64 238 1048576 1048576 0 1 0 0 1
+3 -84 1048576 1048576
+7 +84 1048576 1048576
+4 * 1048576 0 1048576 3 0 0 1
+3 -84 1048576 0 1048576
cfn=(1170)
calls=1048576 0x111640 +52 
* * 12582912 6291456 0 0 0 0 0 0 0 3145728 2
fe=(306)
+6 +17 1048576 1048576 0 0 24
fi=(307)
+6 -17 1048576 1048576
+4 * 1048576
fi=(304)
+2 446 1048576
fe=(306)
+3 173 1048576 1048576 0 0 552
fi=(307)
+6 -19 1048576 1048576
fe=(306)
+4 +19 1048576
+2 -1 1048576
+3 * 1048576 0 0 0 0 0 0 0 0 1048576
+6 * 1048576 1048576
+5 * 1048576 0 0 0 0 0 0 0 0 1048576
+6 +14 1048576 0 1048576
+4 * 1048576
+3 -1 1048576
+2 +1 1048576 0 0 769 0 0 1
+3 * 1048576
+2 * 1048576
+3 * 1048576
+3 * 1048576 1048576
+4 +3 1048576
+2 * 1048576 0 0 0 0 0 0 0 0 1048576 2
+12 +1 2096629 2096629
+4 * 2096629 0 0 0 0 0 0 0 0 2096629 2
+6 +2 1048576 1048576
+4 * 1048576 0 0 0 0 0 0 0 0 1048576 523
+6 +2 1048053
+3 * 1048053 0 0 0 0 0 0 0 0 1048053 2
fi=(307)
+2 -19 1048053
fe=(306)
+3 +24 1048053
fi=(307)
+3 -24 1048053 0 1048053
cfi=(300)
cfn=(1282) std::basic_streambuf<char, std::char_traits<char> >::sbumpc() [clone .isra.0]
calls=1048053 0x13a630 494 
* * 6288318 3144159 1048053 62 0 0 2 0 0 1048053
+5 +71 1048053 0 1048053 1 0 0 1
+4 * 1048053 1048053
+7 * 1048053 0 1048053
+7 * 1048053 1048053
+7 * 1048053 0 1048053
+4 * 1048053 0 1048053
+4 * 1048053 0 1048053
cfn=(1166)
calls=1048053 0x1444f0 -45 
* * 30393537 8384424 1048053 0 0 0 0 0 0 3144159 2
fe=(306)
+6 -45 1048053
+2 * 1048053 0 0 0 0 0 0 0 0 1048053
fi=(307)
+2 +45 1048053 1048053
+4 * 1048053 1048053
+4 -92 1048053 1048053
+7 * 1048053 0 1048053
cfn=(1170)
calls=1048053 0x111640 +52 
* * 12576636 6288318 0 0 0 0 0 0 0 3144159 2
+6 * 1048053 1048053
+4 * 1048053 1048053
fi=(304)
+4 446 1048053
+5 * 1048053
fe=(306)
+2 189 1048053 1048053
+5 * 1048053
+2 * 1048053
+2 * 1048053 0 0 0 0 0 0 0 0 1048053
fi=(308)
+8 1276 1048053 1048053 0 2 0 0 1
+4 * 1048053
+5 * 1048053 1048053 1048053 0 0 0 0 0 0 0 0 1048053 1
cfn=(1276) std::string::push_back(char)
calls=1048053 0x101a10 1437 
* * 36681855 13624689 8384424 5 0 0 3 0 0 4192212 4
+6 +1 1048053
0x149326 961 1048576 1048576 0 1 0 0 1
fe=(306)
+4 359 1048576 1048576
+5 * 1048576 0 0 0 0 0 0 0 0 1048576 2
fi=(300)
0x14939e -25 1048576 0 0 1 0 0 1
+4 * 1048576 0 1048576
fe=(306)
+7 186 1048576 0 1048576
+4 * 1048576 0 1048576
+7 * 1048576
fi=(205) /usr/src/debug/gcc/gcc-build/x86_64-pc-linux-gnu/libstdc++-v3/include/ext/atomicity.h
+12 54 3146251 3146251
fi=(308)
+7 221 3146251 3146251
+3 * 3146251 0 0 0 0 0 0 0 0 3146251
+6 1440 3146251 3146251
+3 * 3146251
+2 * 3146251 0 0 0 0 0 0 0 0 3146251 2
+6 * 3146251
fi=(304)
+3 352 3146251 0 3146251
fi=(308)
+4 -22 3146251 3146251
fe=(306)
+3 226 3146251 0 3146251
fi=(308)
+4 338 3146251
+4 -99 3146251 3146251
+4 * 3146251 0 0 0 0 0 0 0 0 3146251 4
fi=(300)
+6 494 4194827 4194827 0 1 0 0 1
+4 +3 4194827 4194827
+4 328 4194827 0 0 1 0 0 1
+3 * 4194827 0 0 0 0 0 0 0 0 4194827 1
+6 507 4194827
+4 * 4194827 0 4194827
+4 350 4194827
+3 * 4194827 0 0 0 0 0 0 0 0 4194827 1024
fi=(307)
+6 209 4193803 4193803
+4 * 4193803
+4 * 4193803
+3 * 4193803
+3 * 4193803
+3 * 4193803
+3 * 4193803 0 0 0 0 0 0 0 0 4193803
fe=(306)
+6 +52 4193803
+3 * 4193803 0 0 0 0 0 0 0 0 4193803
fi=(307)
+6 -52 4193803
+3 * 4193803 0 0 0 0 0 0 0 0 4193803
fi=(300)
+2 494 4193803 4193803
+4 350 4193803 4193803
+4 * 4193803 0 0 0 0 0 0 0 0 4193803
fi=(304)
+6 452 4193803 4193803
fe=(306)
+4 220 4193803
fi=(216)
+6 2178 4193803
+4 * 4193803
+2 * 4193803 0 0 0 0 0 0 0 0 4193803 1048598
-6 * 1048576 0 0 1 0 0 1
+4 * 1048576
+2 * 1048576 0 0 0 0 0 0 0 0 1048576 2
fi=(308)
+2 330 3146251 3146251
+3 961 3146251 3146251
+4 1439 3146251
+4 +1 3146251 3146251
+4 * 3146251 0 0 0 0 0 0 0 0 3146251 2
fe=(306)
+63 228 2096128 2096128 0 1 0 0 1
+5 * 2096128 0 0 0 0 0 0 0 0 2096128 525
+6 +6 1047552 1047552 0 1 0 0 1
+8 * 1047552 0 0 0 0 0 0 0 0 1047552 1
+2 +1 1047552 1047552
+8 * 1047552 0 0 0 0 0 0 0 0 1047552 2
fi=(300)
0x1495f0 353 1024 1024 0 1 0 0 1
+3 * 1024
+3 * 1024 1024 1024 0 2 0 0 0 0 0 0 1024 769
cfi=(319) /usr/src/debug/gcc/gcc-build/x86_64-pc-linux-gnu/libstdc++-v3/include/bits/sstream.tcc
cfn=(1344) std::__cxx11::basic_stringbuf<char, std::char_traits<char>, std::allocator<char> >::underflow()
calls=1024 0x1587f0 153 
* * 16384 5120 0 2 0 0 2 0 0 5120 1024
+3 * 1024
fi=(307)
+3 209 1024
+3 * 1024 0 0 42 0 0 1 0 0 1024
+6 * 1024 1024
+3 * 1024
+3 * 1024
+3 * 1024
+3 * 1024
+3 * 1024
+2 * 1024
+3 * 1024 0 0 0 0 0 0 0 0 1024
fe=(306)
+6 +52 1024
+3 * 1024 0 0 0 0 0 0 0 0 1024 3
fi=(308)
+30 -28 3146251 0 3146251 59 0 0 1
+7 +10 3146251 0 3146251
fi=(304)
+4 352 3146251 0 3146251
fi=(308)
+6 248 3146251
fe=(306)
+79 -19 1048576 1048576 0 1 0 0 1
+4 * 1048576 1048576
+6 * 1048576 0 0 0 0 0 0 0 0 1048576
+6 +3 1048576 0 1048576
fi=(308)
+7 1276 1048576
+5 * 1048576
+3 * 1048576 1048576 1048576 1 0 0 1 0 0 0 0 1048576 1048576
cfn=(1276)
calls=1048576 0x101a10 1437 
* * 36700160 13631488 8388608 0 0 0 0 0 0 4194304 10
+6 +1 1048576 0 1048576
+4 * 1048576
fi=(307)
0x149859 210 1024
+3 * 1024
fi=(308)
+5 312 1048576 0 1048576 1 0 0 1
+4 * 1048576
+3 * 1048576
+3 * 1048576
+3 * 1048576
+3 * 1048576 1048576
+7 * 1048576 0 1048576
+4 * 1048576 0 1048576 1 0 0 1
+6 * 1048576 1048576
+4 * 1048576
+4 * 1048576 0 1048576
+4 * 1048576 0 1048576
fe=(306)
+4 -98 1048576
+2 * 1048576 0 0 0 0 0 0 0 0 1048576
+2 +4 1048576 1048576 0 0 24
+9 * 1048576 0 0 0 0 0 0 0 0 1048576 4

fn=(1164)
0x140c30 57 1354936 0 1354936 2 0 0 2
+1 * 1354936
+3 * 1354936 0 1354936
+2 * 1354936 0 1354936
+2 * 1354936 0 1354936 0 0 529
+2 * 1354936
+3 +2 1354936 1354936 0 2 24 0 2 1
+7 -2 1354936 0 1354936
+1 +2 1354936 1354936 1354936 0 0 0 0 0 0 0 0 1354936
cfi=(207)
cfn=(748)
calls=1354936 0xc8910 507 
* * 8129616 2709872 0 0 0 0 0 0 0 1354936 6
+6 * 1354936
+3 +1 1354936 1354936
+4 +1 1354936 1354936
+4 * 1354936
+4 * 1354936 1354936 0 0 10 0 0 1
+4 * 1354936
+3 * 1354936 0 0 0 0 0 0 0 0 1354936
+2 +16 1354936 1354936
+1 * 1354936 1354936
+2 * 1354936 1354936
+2 * 1354936 1354936
+2 * 1354936 1354936
+1 * 1354936 1354936

fn=(1262) std::num_get<char, std::istreambuf_iterator<char, std::char_traits<char> > >::do_get(std::istreambuf_iterator<char, std::char_traits<char> >, std::istreambuf_iterator<char, std::char_traits<char> >, std::ios_base&, std::_Ios_Iostate&, double&) const
0x149b30 709 1048576 0 0 1024 0 0 1
+4 * 1048576 0 1048576
+1 * 1048576
+3 * 1048576 0 1048576
+2 * 1048576 0 1048576
+2 +5 1048576
+4 -5 1048576 0 0 1024 0 0 1
+3 +5 1048576
+5 -5 1048576 0 1048576
+2 * 1048576
+3 * 1048576 0 1048576
+2 * 1048576 0 1048576
+1 * 1048576
+4 * 1048576 1048576
+4 * 1048576 0 1048576
+4 +5 1048576
+3 -5 1048576 0 1048576
+4 * 1048576 1048576
+4 * 1048576 0 1048576
+4 * 1048576 0 1048576
+4 * 1048576 0 1048576
+4 * 1048576 0 1048576
fi=(308)
+4 312 1048576 1048576
+9 * 1048576 0 1048576 1001 0 0 1
+4 * 1048576 1048576
+7 * 1048576
+4 * 1048576 0 1048576
fe=(306)
+4 714 1048576 1048576 1048576 0 1024 0 0 0 0 0 0 1048576 1
cfi=(308)
cfn=(1264) std::string::reserve(unsigned long)
calls=1048576 0x1013b0 3652 
* * 136315041 36700187 24117260 9 2601 552 8 0 1 15728663 1048591 4194304 1048578
+6 +1 1048576 1048576
+4 * 1048576 1048576
+4 * 1048576 0 1048576
+2 * 1048576
+3 * 1048576 1048576
+4 * 1048576 1048576
+4 * 1048576 0 1048576
+1 * 1048576 1048576
+4 * 1048576 1048576 1048576 0 0 0 0 0 0 0 0 1048576 1
cfn=(1270)
calls=1048576 0x148ae0 152 
* * 545234741 179293399 89123708 3929 635 529 31 0 0 88078292 1051749 4194805 1050370
+6 * 1048576
+3 * 1048576 0 1048576
+4 * 1048576 1048576 0 1 0 0 1
+1 * 1048576 1048576
+1 * 1048576 0 1048576
+4 +1 1048576 1048576 1048576 0 22 0 0 0 0 0 0 1048576 1
cfi=(207)
cfn=(726)
calls=1048576 0xc8390 221 
* * 18874368 6291456 2097152 2 535 0 0 0 0 2097152 0 1048576
+6 * 1048576 0 1048576
+4 * 1048576
+4 * 1048576
+3 * 1048576 1048576
+4 * 1048576 1048576
+4 * 1048576 1048576 1048576 0 0 0 0 0 0 0 0 1048576 1
cfi=(211)
cfn=(1292)
calls=1048576 0xd6cb0 75 
* * 818086638 158464107 88464413 11513 7631 636 87 8 0 125837710 3124507 4088167 1026
fi=(307)
+6 209 1048576 1048576
+4 * 1048576
+3 * 1048576
+3 * 1048576
+3 * 1048576
+2 * 1048576
+2 * 1048576 0 0 0 0 0 0 0 0 1048576 1024
+6 * 1048576 1048576
+4 * 1048576 0 0 1 0 0 1
+3 * 1048576 1048576
+5 * 1048576 0 0 0 0 0 0 0 0 1048576 4
fe=(306)
+6 717 1048576
+2 * 1048576 0 0 0 0 0 0 0 0 1048576 5
fi=(241)
+2 198 1024 0 1024
fe=(306)
+3 719 1024
+3 * 1024 1024
+3 * 1024 1024
+4 * 1024
+10 * 1024
+3 * 1024
+3 * 1024
fi=(308)
+3 330 1024 1024
+4 +8 1024
+4 -69 1024 1024
+7 * 1024 0 0 0 0 0 0 0 0 1024 2
fe=(306)
-44 719 1047552
+3 * 1047552 1047552
+3 * 1047552 1047552
+4 * 1047552
+10 * 1047552
+3 * 1047552
+3 * 1047552
fi=(308)
+3 330 1047552 1047552
+4 +8 1047552
+4 -69 1047552 1047552 0 1 0 0 1
+7 * 1047552 0 0 0 0 0 0 0 0 1047552 2
fe=(306)
+6 720 1048576 1048576
+4 * 1048576 1048576
+9 * 1048576 0 0 0 0 0 0 0 0 1048576 1
+6 * 1048576
+4 * 1048576
+3 * 1048576
+3 * 1048576 1048576
+1 * 1048576 1048576
+2 * 1048576 1048576
+2 * 1048576 1048576
+2 * 1048576 1048576
+2 * 1048576 1048576
+1 * 1048576 1048576
fi=(300)
+50 350 1047552 1047552 0 1024 0 0 1
+4 * 1047552
+2 * 1047552 1047552
+4 * 1047552 0 0 0 0 0 0 0 0 1047552
fi=(205)
+54 54 1048576 1048576 0 769 0 0 1
+7 +46 1048576 1048576
+3 * 1048576 0 0 0 0 0 0 0 0 1048576 1
+2 -14 1048576 1048576
+3 +1 1048576
+3 * 1048576 0 1048576
fi=(308)
+3 282 1048576
+2 * 1048576 0 0 0 0 0 0 0 0 1048576
fi=(279)
+6 172 1048576 1048576 1048576 1 1 0 1 0 0 0 0 1048576 1
cfi=(330)
cfn=(1330)
calls=1048576 0xb0620 48 
* * 37748736 10485760 4194304 4 2 0 4 0 0 7340032 0 1048576 1
fi=(308)
+6 3598 1048576
fe=(306)

fn=(1518) std::ostreambuf_iterator<char, std::char_traits<char> > std::num_put<char, std::ostreambuf_iterator<char, std::char_traits<char> > >::_M_insert_float<double>(std::ostreambuf_iterator<char, std::char_traits<char> >, std::ios_base&, char, char, double) const
0x1412e0 999 306359 0 0 1 0 0 1
+4 * 306359 0 306359
+1 * 306359
+3 * 306359 0 306359
+2 * 306359
+3 * 306359 0 306359
+2 * 306359 0 306359
+2 * 306359 0 306359
+2 * 306359
+3 * 306359 0 306359
+1 * 306359
+3 * 306359
+4 * 306359 0 306359 1 0 0 1
+4 * 306359 0 306359
+7 * 306359 0 306359
+7 * 306359 0 306359
fi=(241)
+5 853 306359 306359
+9 * 306359 0 306359
+4 * 306359
fe=(306)
+7 1006 306359 0 306359
cfn=(1164)
calls=306359 0x140c30 57 
* * 8578052 3982667 1838154 2 2 0 2 2 0 612718 3 306359
fi=(241)
+5 766 306359 306359
fe=(306)
+4 1018 306359
+4 * 306359
+3 -12 306359
+3 +3 306359 0 0 1 0 0 1
+5 * 306359
+3 * 306359
+4 +9 306359
+4 * 306359 0 306359
+4 * 306359
+3 * 306359 306359 306359 0 0 0 0 0 0 0 0 306359 1
cfi=(348) /usr/src/debug/gcc/gcc/libstdc++-v3/src/c++98/locale_facets.cc
cfn=(1522) std::__num_base::_S_format_float(std::ios_base const&, char*, char)
calls=306359 0xc9200 64 
* * 9803488 612718 1225436 4 0 0 4 0 0 1838154 6
fi=(241)
+6 87 306359 306359
fe=(306)
+3 1028 306359
fi=(241)
+3 87 306359
fe=(306)
+5 1028 306359
+3 * 306359 0 0 0 0 0 0 0 0 306359 2
+23 * 306359 0 0 1 0 0 1
+4 * 306359 0 306359
+6 * 306359
+5 * 306359
+4 * 306359 0 306359
+4 +1 306359
+5 * 306359 0 0 0 0 0 0 0 0 306359
+6 +1 306359 306359 306359 0 1 0 0 1 0 0 0 306359 1
cfi=(207)
cfn=(726)
calls=306359 0xc8390 221 
* * 5514462 1838154 612718 2 2 0 2 2 0 612718 0 306359
+6 * 306359 306359
+5 * 306359
+3 * 306359
+3 * 306359 0 306359
+4 * 306359
+4 * 306359 306359
+4 * 306359 0 0 1 0 0 1
+5 * 306359 0 306359
+7 * 306359
+3 * 306359
+5 * 306359 0 306359
cfi=(349)
cfn=(1526)
calls=306359 0x107db0 78 
* * 757205017 176352247 114986185 135 29 18 135 27 18 112406599 2299211 2757231 7
+6 * 306359 0 306359
+3 +7 306359
+3 * 306359 0 0 0 0 0 0 0 0 306359 2
fi=(245)
0x141470 119 306359 306359 0 1 0 0 1
+7 * 306359 306359 306359 0 0 0 0 0 0 0 0 306359 1
cfi=(207)
cfn=(748)
calls=306359 0xc8910 507 
* * 1838154 612718 0 0 0 0 0 0 0 306359
+6 * 306359
+3 +1 306359 306359 0 1 0 0 1
+7 +8 306359 306359
+4 * 306359 306359
+4 228 306359
+3 * 306359 0 0 0 0 0 0 0 0 306359
fe=(306)
+6 1071 306359 306359
+4 * 306359
+3 * 306359
+4 * 306359
+3 * 306359
+3 * 306359
+7 * 306359
+3 * 306359
+3 * 306359 0 0 0 0 0 0 0 0 306359 2
+23 * 306359 0 0 1 0 0 1
+5 * 306359
+3 * 306359
+3 * 306359 0 0 0 0 0 0 0 0 306359
+6 +2 306359 306359
+4 -2 306359
+5 * 306359
+4 +2 306359
fi=(216)
+4 911 306359 306359
fe=(306)
+4 1071 306359 0 306359
fi=(216)
+4 911 306359
+2 * 306359 0 0 0 0 0 0 0 0 306359 2
fi=(304)
+71 399 306359 0 306359 1 0 0 1
+3 +6 306359 306359
+4 * 306359
+3 * 306359
+5 * 306359 306359 306359 0 1 0 0 1 0 0 0 306359 1
cob=(2)
cfi=(316) /usr/src/debug/glibc/glibc/string/../sysdeps/x86_64/multiarch/memchr-avx2.S
cfn=(1214) __memchr_avx2
calls=306359 0x16d380 61 
* * 5820821 612718 0 2 0 0 2 0 0 1225436 4
fe=(306)
+6 1078 306359 306359
+3 * 306359
fi=(304)
+3 405 306359
fe=(306)
+3 1078 306359 0 0 0 0 0 0 0 0 306359
+6 +3 306359 306359 0 0 1 0 0 1
+5 -1 306359 306359
+4 * 306359
+3 +1 306359 0 306359
+3 +6 306359 306359 0 0 1 0 0 1
+5 * 306359 0 0 0 0 0 0 0 0 306359 2
0x1417a3 +27 306359 306359 0 1 0 0 1
fi=(241)
+4 790 306359 306359
fe=(306)
+4 1114 306359
+3 * 306359
+3 * 306359 0 0 0 0 0 0 0 0 306359
fi=(241)
+6 801 306359 306359
+4 * 306359 0 306359 1 0 0 1
+8 +1 306359
fi=(307)
+2 329 306359
+2 * 306359 0 0 0 0 0 0 0 0 306359
fi=(300)
+2 460 306359 306359
+4 * 306359 306359
+4 * 306359
+3 * 306359
+3 * 306359 306359 306359 0 0 0 0 0 0 0 0 306359 1
cfi=(286)
cfn=(1570)
calls=306359 0x125640 759 
* * 29160166 8594999 4916489 23 6 124 23 6 0 3679276 306385 920552 7
fi=(307)
+3 331 306358
+3 * 306358
+5 * 306358
+3 * 306358
+3 * 306358
fe=(306)
+3 1126 306358 306358
+4 * 306358 306358
+9 * 306358 0 0 0 0 0 0 0 0 306358
+6 * 306358 0 0 1 0 0 1
+4 * 306358 306358
+1 * 306358 306358
+2 * 306358 306358
+2 * 306358 306358
+2 * 306358 306358
+2 * 306358 306358
+1 * 306358 306358
fi=(216)
0x141880 913 306359 306359
+4 * 306359
+3 * 306359 0 0 0 0 0 0 0 0 306359
+2 +1 306359 0 306359
+3 * 306359
+3 * 306359
+3 * 306359
+3 * 306359 306359 306359 0 1 0 0 1 0 0 0 306359 1
cob=(2)
cfi=(282) /usr/src/debug/glibc/glibc/string/../sysdeps/x86_64/multiarch/memmove-vec-unaligned-erms.S
cfn=(1038) __memcpy_avx_unaligned_erms
calls=306359 0x16dd80 255 
* * 3369981 919077 612718 0 0 0 0 0 0 612734 22
fi=(304)
+6 399 306359 306359
+3 * 306359
fe=(306)
+10 1071 306359 0 306359 1 0 0 1
+6 * 306359

fn=(1516) std::num_put<char, std::ostreambuf_iterator<char, std::char_traits<char> > >::do_put(std::ostreambuf_iterator<char, std::char_traits<char> >, std::ios_base&, char, double) const
0x141960 1182 306359 0 0 1 0 0 1
+4 +2 306359
+3 * 306359
+4 * 306359 306359 0 0 1 0 0 1 0 0 0 306359 1
cfn=(1518)
calls=306359 0x1412e0 999 
* * 865712180 205473290 133688829 181 44 142 181 42 18 125276660 2605641 6128655 20

fl=(243) /usr/src/debug/gcc/gcc-build/x86_64-pc-linux-gnu/libstdc++-v3/include/bits/basic_ios.tcc
fn=(848) std::basic_ios<char, std::char_traits<char> >::init(std::basic_streambuf<char, std::char_traits<char> >*)
0x12ff60 131 3080 0 0 2 0 0 2
+4 * 3080 0 3080
+1 * 3080
+3 * 3080 0 3080
+2 * 3080
+3 * 3080 0 3080
+1 * 3080
+3 * 3080
+4 +3 3080 3080 3080 0 1025 0 0 1 0 0 0 3080 1
cfi=(244) /usr/src/debug/gcc/gcc/libstdc++-v3/src/c++98/ios_locale.cc
cfn=(850) std::ios_base::_M_init()
calls=3080 0xc7480 -95 
* * 224840 89320 49280 38 537 1 7 4 1 21560 35 9240 4
+6 +3 3080
+3 * 3080 0 0 2 0 0 2
+7 * 3080 3080 3080 0 1024 0 0 1 0 0 0 3080 1
cfn=(858) std::basic_ios<char, std::char_traits<char> >::_M_cache_locale(std::locale const&)
calls=3080 0x12fdd0 +32 
* * 154000 77000 27720 13 1901 0 4 9 0 9240 5 9240 3
+6 +16 3080 3080
+7 * 3080
+2 * 3080
+3 * 3080 0 0 0 0 0 0 0 0 3080
fi=(216)
+2 884 3080 3080 0 0 1 0 0 1
+4 * 3080 0 0 0 0 0 0 0 0 3080 1
+2 +1 3079 3079
fe=(243)
+4 155 3079 0 3079
+6 * 3079
+5 +1 3079 0 3079
+6 +8 3079
+2 * 3079
+3 * 3079
+3 -2 3079 0 3079 1 0 0 1
+7 -1 3079 0 3079
+11 +2 3079 0 3079
+7 +1 3079 0 3079
+3 +1 3079
+4 * 3079 3079
+1 * 3079 3079
+2 * 3079 3079
+1 * 3079 3079
-61 -10 1 0 1
+6 * 1
+5 +1 1 0 1
+6 +8 1
+2 * 1
+3 * 1
+3 -2 1 0 1
+7 -1 1 0 1
+11 +2 1 0 1
+7 +1 1 0 1
+3 +1 1
+4 * 1 1
+1 * 1 1
+2 * 1 1
+1 * 1 1
fi=(216)
+8 886 1 0 1 1 0 0 1
+4 * 1 1 1 0 1 0 0 0 0 0 0 1 1
cfi=(223)
cfn=(864)
calls=1 0xdcdc0 90 
* * 794 44 37 14 4 0 14 1 0 27 9 1 1
+6 +1 1 1
+4 * 1 1
+3 * 1 1
+4 * 1 1 0 1 0 0 1
+7 * 1
+5 * 1 0 0 0 0 0 0 0 0 1 1
fe=(243)

fn=(870) std::basic_ios<wchar_t, std::char_traits<wchar_t> >::_M_cache_locale(std::locale const&)
0x130750 169 4 0 0 1 0 0 1
+4 * 4 0 4
+1 * 4
+3 * 4 0 4
+2 * 4
+3 * 4 0 4
+1 * 4
fi=(245)
+3 -50 4 4
+7 * 4 4 4 0 0 0 0 0 0 0 0 4 1
cfi=(207)
cfn=(748)
calls=4 0xc8910 507 
* * 24 8 0 0 0 0 0 0 0 4
+6 * 4 4
+7 * 4
+3 +1 4 4
+4 +23 4 4
fe=(243)
+4 +28 4 4 0 1 0 0 1
+4 * 4 0 4
fi=(245)
+7 -52 4 4 4 0 0 0 0 0 0 0 0 4 1
cfi=(207)
cfn=(748)
calls=4 0xc8910 507 
* * 24 8 0 0 0 0 0 0 0 4
+6 * 4 4
+7 * 4
+3 +1 4 4
+4 +25 4 4
fe=(243)
+4 +27 4 4
+4 * 4 0 4
fi=(245)
+7 -53 4 4 4 0 0 0 0 0 0 0 0 4 1
cfi=(207)
cfn=(748)
calls=4 0xc8910 507 
* * 24 8 0 0 0 0 0 0 0 4
+6 * 4
+3 +1 4 4
+4 +24 4 4
fe=(243)
+4 +29 4 4 0 1 0 0 1
+4 * 4 0 4
+7 +1 4 4
+1 * 4 4
+2 * 4 4
+1 * 4 4

fn=(868) std::basic_ios<wchar_t, std::char_traits<wchar_t> >::init(std::basic_streambuf<wchar_t, std::char_traits<wchar_t> >*)
0x130bb0 131 4 0 0 1 0 0 1
+4 * 4 0 4
+1 * 4
+3 * 4 0 4
+2 * 4
+3 * 4 0 4
+1 * 4 0 0 1 0 0 1
+3 +3 4 4 4 0 0 0 0 0 0 0 0 4 1
cfi=(244)
cfn=(850)
calls=4 0xc7480 -95 
* * 292 116 64 0 0 0 0 0 0 28 0 12
+6 +3 4
+3 * 4
+7 * 4 4 4 0 0 0 0 0 0 0 0 4 1
cfn=(870)
calls=4 0x130750 +32 
* * 200 100 36 3 0 0 3 0 0 12 0 12 3
+6 +16 4 4
+7 * 4
+2 * 4
+3 * 4 0 0 0 0 0 0 0 0 4
fi=(216)
+2 299 4 4
+3 * 4
+5 * 4 4 4 0 1 0 0 0 0 0 0 4 1
cfi=(224)
cfn=(876)
calls=4 0xf2590 -94 
* * 16 8 0 1 0 0 1
fe=(243)
+3 155 4 0 4
+6 * 4
+5 +1 4 0 4 1 0 0 1
+6 +8 4
+2 * 4
+3 * 4
+3 -2 4 0 4
+7 -1 4 0 4
+11 +2 4 0 4
+7 +1 4 0 4
+3 +1 4 4
+1 * 4 4
+2 * 4 4
+1 * 4 4

fn=(858)
0x12fdd0 169 3080 0 0 10 0 0 2
+4 * 3080 0 3080
+1 * 3080
+3 * 3080 0 3080
+2 * 3080
+3 * 3080 0 3080
+1 * 3080
fi=(245)
+3 -50 3080 3080 0 0 1 0 0 1
+7 * 3080 3080 3080 0 1 0 0 1 0 0 0 3080 1
cfi=(207)
cfn=(748)
calls=3080 0xc8910 507 
* * 18480 6160 0 0 286 0 0 1 0 3080 2
+6 * 3080 3080 0 0 1024 0 0 1
+7 * 3080
+3 +1 3080 3080
+4 +8 3080 3080 0 0 1 0 0 1
fe=(243)
+4 +43 3080 3080 0 2 533 0 1 1
+4 * 3080 0 3080
fi=(245)
+7 -52 3080 3080 3080 0 0 0 0 0 0 0 0 3080 1
cfi=(207)
cfn=(748)
calls=3080 0xc8910 507 
* * 18480 6160 0 0 12 0 0 1 0 3080 2
+6 * 3080 3080 0 0 25 0 0 1
+7 * 3080
+3 +1 3080 3080
+4 +10 3080 3080
fe=(243)
+4 +42 3080 3080 0 0 18 0 0 1
+4 * 3080 0 3080
fi=(245)
+7 -53 3080 3080 3080 0 0 0 0 0 0 0 0 3080 1
cfi=(207)
cfn=(748)
calls=3080 0xc8910 507 
* * 18480 6160 0 0 0 0 0 0 0 3080 1
+6 * 3080
+3 +1 3080 3080
+4 +9 3080 3080
fe=(243)
+4 +44 3080 3080 0 1 0 0 1
+4 * 3080 0 3080
+7 +1 3080 3080
+1 * 3080 3080
+2 * 3080 3080
+1 * 3080 3080

fn=(1118) std::basic_ios<char, std::char_traits<char> >::clear(std::_Ios_Iostate)
0x12fab0 46 1027 0 0 2 0 0 1
fi=(241)
+4 198 1027
+2 * 1027
+3 * 1027 1027 0 1 0 0 1
+8 * 1027
+3 * 1027 0 1027
+3 -5 1027 1027
fe=(243)
+3 52 1027 0 0 0 0 0 0 0 0 1027
+2 * 1027 1027

fl=(208) /usr/src/debug/gcc/gcc-build/x86_64-pc-linux-gnu/libstdc++-v3/src/c++11/ctype_configure_char.cc
fn=(724) std::ctype<char>::ctype(unsigned short const*, bool, unsigned long)
0xf1e00 121 1 0 0 1 0 0 1
+4 * 1 0 1
fi=(214)
+1 436 1
fe=(208)
+2 121 1
+3 * 1 0 1
+2 * 1
+3 * 1 0 1
+2 * 1
+3 * 1 0 1
+1 * 1
+3 * 1
fi=(214)
+4 436 1
+3 * 1
+3 * 1 0 1 0 0 1 0 0 1
fe=(208)
+3 127 1 1 0 0 1
+7 * 1
+4 * 1 0 1
+3 -5 1 1 1 0 1 0 0 0 0 0 0 1 1
cfi=(207)
cfn=(726)
calls=1 0xc8390 +99 
* * 149 40 37 18 6 4 18 2 0 16 9 4 4
+6 +1 1
+3 -1 1 0 1
+4 +1 1 0 0 1 0 0 1
+3 * 1
+3 * 1 0 1
+3 +1 1 1 0 0 1
+4 * 1 0 1 0 0 1 0 0 1
+4 +1 1 1
+4 * 1 0 1
+4 +1 1
+3 * 1 0 0 0 0 0 0 0 0 1 1
+2 +3 1
+4 * 1
+2 * 1
+2 -3 1 0 1
+4 +3 1
+4 -2 1 0 1
+4 +2 1
+2 -2 1 0 1
+7 +2 1 0 0 1 0 0 1
+6 * 1 0 1
+8 * 1 0 1 0 0 1 0 0 1
+11 * 1
+3 * 1 0 1 0 0 0 0 0 0 1 1
* * 31 0 30 0 0 3 0 0 3 31 8
+3 +1 1
+7 * 1 0 1
+11 * 1 0 1
+11 * 1
+4 * 1
+2 * 1
+6 * 1
+3 * 1 0 1 0 0 0 0 0 0 1 1
* * 31 0 30 0 0 3 0 0 3 31 7
+3 +1 1
+4 * 1 1
+1 * 1 1
+2 * 1 1
+2 * 1 1
+1 * 1 1
+5 -5 1 1 0 1 0 0 1
+4 * 1

fl=(219) /usr/src/debug/gcc/gcc-build/x86_64-pc-linux-gnu/libstdc++-v3/src/c++98/monetary_members.cc
fn=(762) std::__cxx11::moneypunct<char, false>::_M_initialize_moneypunct(__locale_struct*, char const*)
0xd3ec0 372 1 0 0 1 0 0 1
+4 * 1 0 1
+1 * 1
+3 * 1 0 1
+2 * 1 0 1
+2 * 1 0 1
+2 * 1 0 1
+2 * 1
+3 * 1 0 1
+1 * 1
+3 * 1
+4 +1 1 1
+5 * 1 0 0 0 0 0 0 0 0 1
+6 +3 1
+3 * 1 0 0 0 0 0 0 0 0 1 1
0xd40e8 +3 1 1 0 1 0 0 1
+4 +12 1 1
+7 -10 1
+7 -2 1 0 1
+4 +1 1 1 0 1 0 0 1
+4 +11 1 1 0 0 1 0 0 1
+2 -11 1 0 1
+4 +1 1 1
+4 * 1 0 1
+4 +1 1 0 1
+8 +1 1 0 1
+4 +1 1 0 1
+4 +1 1 0 1
+8 +1 1 0 1
+4 +1 1 0 1
+8 +1 1 0 1
+4 +1 1 0 1
+8 +1 1 0 1 1 0 0 1
+7 +1 1 0 1
+3 +1 1 1
+4 * 1 0 1
+3 +3 1 1 0 0 1
+7 * 1 1
+3 -1 1
+2 * 1
+3 +1 1 1
+4 * 1 1
+4 * 1 0 1
+4 -1 1
+4 * 1
+4 * 1 0 0 0 0 0 0 0 0 1 1
-20 +1 10 10
+4 * 10 10
+4 * 10 0 10
+4 -1 10
+4 * 10
+4 * 10 0 0 0 0 0 0 0 0 10 6
+2 517 1
+4 * 1 1
+1 * 1 1
+2 * 1 1
+2 * 1 1 0 1 0 0 1
+2 * 1 1
+2 * 1 1
+1 * 1 1

fn=(804) std::__cxx11::moneypunct<wchar_t, true>::_M_initialize_moneypunct(__locale_struct*, char const*)
0xd45c0 558 1 0 0 1 0 0 1
+4 * 1 0 1
+1 * 1
+3 * 1 0 1
+2 * 1 0 1
+2 * 1 0 1
+2 * 1 0 1
+2 * 1
+3 * 1 0 1
+1 * 1
+4 * 1 1
+9 * 1 0 1
+4 * 1
+3 +1 1 1
+5 * 1 0 0 0 0 0 0 0 0 1
+6 +3 1
+3 * 1 0 0 0 0 0 0 0 0 1 1
0xd47fe 731 1 1 0 1 0 0 1
+4 * 1 1
+9 * 1 0 0 0 0 0 0 0 0 1
+6 * 1
+4 * 1 1
+1 * 1 1
+2 * 1 1
+2 * 1 1
+2 * 1 1
+2 * 1 1
+1 * 1 1
+1 565 1 1 0 1 0 0 1
+5 * 1 1
+7 +5 1
+7 -3 1
+7 -2 1 0 1
+4 +12 1 1 0 1 0 0 1
+7 -7 1 0 1
+4 +7 1 1
+2 -5 1 0 1
+4 +2 1 0 1
+4 +3 1 0 1
+3 -10 1 0 1
+4 +1 1 0 1
+8 +1 1 0 1
+4 +2 1 0 1
+8 +2 1 0 1
+8 +2 1 0 1
+8 +1 1 0 1 1 0 0 1
+7 +2 1 1
+5 * 1 0 1
+3 +5 1 1
+7 -1 1 1
+5 +1 1 1
+3 -2 1
+2 * 1
+2 +2 1 1
+4 * 1 0 1
+4 -2 1
+4 * 1
+4 * 1 0 0 0 0 0 0 0 0 1 1
-16 +2 10 10
+4 * 10 0 10
+4 -2 10
+4 * 10
+4 * 10 0 0 0 0 0 0 0 0 10 5
+2 * 1

fn=(764) std::__cxx11::moneypunct<char, true>::_M_initialize_moneypunct(__locale_struct*, char const*)
0xd39a0 216 1 0 0 1 0 0 1
+4 * 1 0 1
+1 * 1
+3 * 1 0 1
+2 * 1 0 1
+2 * 1 0 1
+2 * 1 0 1
+2 * 1
+3 * 1 0 1
+1 * 1
+3 * 1
+4 +1 1 1
+5 * 1 0 0 1 0 0 1 0 0 1
+6 +3 1
+3 * 1 0 0 0 0 0 0 0 0 1 1
0xd3be0 +3 1 1 0 1 0 0 1
+4 +12 1 1
+7 -10 1
+7 -2 1 0 1
+4 +1 1 1
+4 +11 1 1
+2 -11 1 0 1
+4 +1 1 1 0 1 0 0 1
+4 * 1 0 1
+4 +1 1 0 1
+8 +1 1 0 1
+4 +1 1 0 1
+4 +1 1 0 1
+8 +1 1 0 1
+4 +1 1 0 1
+8 +1 1 0 1
+4 +1 1 0 1
+8 +1 1 0 1
+7 +1 1 0 1 1 0 0 1
+3 +1 1 1
+4 * 1 0 1
+3 +3 1 1
+7 * 1 1
+3 -1 1
+2 * 1
+11 +1 1 1
+4 * 1 1
+4 * 1 0 1
+4 -1 1
+4 * 1
+4 * 1 0 0 0 0 0 0 0 0 1
-20 +1 10 10
+4 * 10 10
+4 * 10 0 10
+4 -1 10
+4 * 10
+4 * 10 0 0 0 0 0 0 0 0 10 1
+2 366 1
+4 * 1 1
+1 * 1 1
+2 * 1 1
+2 * 1 1 0 1 0 0 1
+2 * 1 1
+2 * 1 1
+1 * 1 1

fn=(802) std::__cxx11::moneypunct<wchar_t, false>::_M_initialize_moneypunct(__locale_struct*, char const*)
0xd4ba0 741 1 0 0 1 0 0 1
+4 * 1 0 1
+1 * 1
+3 * 1 0 1
+2 * 1 0 1
+2 * 1 0 1
+2 * 1 0 1
+2 * 1
+3 * 1 0 1
+1 * 1
+4 * 1 1 0 1 0 0 1
+9 * 1 0 1
+4 * 1
+3 +1 1 1
+5 * 1 0 0 0 0 0 0 0 0 1
+6 +3 1
+3 * 1 0 0 0 0 0 0 0 0 1 1
0xd4dde 914 1 1 0 1 0 0 1
+4 * 1 1
+9 * 1 0 0 0 0 0 0 0 0 1
+6 * 1
+4 * 1 1
+1 * 1 1
+2 * 1 1
+2 * 1 1
+2 * 1 1
+2 * 1 1
+1 * 1 1
+1 748 1 1 0 1 0 0 1
+5 * 1 1
+7 +5 1
+7 -3 1
+7 -2 1 0 1
+4 +12 1 1
+7 -7 1 0 1
+4 +7 1 1
+2 -5 1 0 1
+4 +2 1 0 1
+4 +3 1 0 1
+3 -10 1 0 1
+4 +1 1 0 1 1 0 0 1
+8 +1 1 0 1
+4 +2 1 0 1
+8 +2 1 0 1
+8 +2 1 0 1
+8 +1 1 0 1
+7 +2 1 1
+5 * 1 0 1
+3 +5 1 1
+7 -1 1 1
+5 +1 1 1
+3 -2 1
+2 * 1
+2 +2 1 1 0 1 0 0 1
+4 * 1 0 1
+4 -2 1
+4 * 1
+4 * 1 0 0 0 0 0 0 0 0 1 1
-16 +2 10 10
+4 * 10 0 10
+4 -2 10
+4 * 10
+4 * 10 0 0 0 0 0 0 0 0 10 4
+2 * 1

fl=(244)
fn=(850)
0xc7480 39 3084 0 0 1 0 0 1
+4 * 3084 0 3084
+1 * 3084
+3 * 3084 0 3084
+2 * 3084 0 3084
+1 * 3084
+4 +2 3084 3084 0 0 2 0 0 2
+8 -2 3084 3084
+9 * 3084 0 3084
+4 * 3084
+3 +4 3084 0 3084
+7 -2 3084 0 3084
+4 +3 3084
+4 * 3084 3084 3084 0 0 1 0 0 1 0 0 3084 2
cfi=(206)
cfn=(714)
calls=3084 0xe1ba0 269 
* * 80184 30840 18504 0 0 0 0 0 0 9252 11
+6 * 3084
+4 * 3084 0 0 1 0 0 1
+7 * 3084 3084 3084 0 534 0 0 1 0 0 0 3084 1
cfi=(207)
cfn=(852) std::locale::operator=(std::locale const&)
calls=3084 0xc8610 +76 
* * 43176 15420 3084 35 0 0 4 0 0 6168 18
+6 * 3084
+4 * 3084 3084 3084 0 1 0 0 1 0 0 0 3084 1
cfi=(207)
cfn=(854)
calls=3084 0xc86c0 +47 
* * 18504 9252 0 1 0 0 1 0 0 3084 6
+6 +1 3084 3084
+4 * 3084 3084
+9 * 3084 0 0 0 0 0 0 0 0 3084
+2 * 3084
+4 * 3084 3084
+1 * 3084 3084
+2 * 3084 3084
+1 * 3084 3084

fl=(217) /usr/src/debug/gcc/gcc-build/x86_64-pc-linux-gnu/libstdc++-v3/src/c++98/numeric_members.cc
fn=(758) std::__cxx11::numpunct<char>::_M_initialize_numpunct(__locale_struct*)
0xd53c0 92 1 0 0 1 0 0 1
+4 * 1 0 1
+1 * 1
+3 * 1 0 1
+2 * 1 0 1
+2 * 1 0 1
+2 * 1
+3 * 1 0 1
+1 * 1
+3 * 1
+4 +1 1 1
+5 * 1 0 0 0 0 0 0 0 0 1
+6 +3 1
+3 * 1 0 0 0 0 0 0 0 0 1 1
0xd5457 +68 1 1 0 1 0 0 1
+4 * 1
+7 +1 1 0 1
+8 -1 1 0 1
+4 +3 1
+7 * 1 0 1
+4 +1 1 0 1
+8 +1 1
+4 * 1 1
+1 * 1 1
+2 * 1 1
+2 * 1 1
+2 * 1 1
+1 * 1 1
+3 -70 1 1 0 1 0 0 1
+4 * 1
+7 * 1 0 1
+4 +1 1 0 1
+8 +1 1 0 1
+4 +2 1 0 1
+4 +1 1 1
+4 * 1 0 1
+4 +3 1 1 0 0 1
+7 * 1 1 0 1 1 0 1
+3 -1 1
+2 * 1
+7 * 1
+11 * 1
+11 +1 1 1 0 0 1 0 0 1
+4 * 1 1
+4 * 1 0 1
+4 -1 1
+4 * 1
+4 * 1 0 0 0 0 0 0 0 0 1 1
-20 +1 35 35 0 0 1 0 0 1
+4 * 35 35
+4 * 35 0 35
+4 -1 35
+4 * 35
+4 * 35 0 0 0 0 0 0 0 0 35 8
+2 +4 1 1
+7 * 1 1
+3 -1 1 0 0 1 0 0 1
+2 * 1
+8 * 1
+11 * 1
+11 +1 1 1 0 0 1 0 0 1
+4 * 1 1
+4 * 1 0 1
+4 -1 1
+4 * 1
+4 * 1 0 0 0 0 0 0 0 0 1 1
-20 +1 25 25
+4 * 25 25
+4 * 25 0 25
+4 -1 25
+4 * 25
+4 * 25 0 0 0 0 0 0 0 0 25 9
+2 * 1

fn=(800) std::__cxx11::numpunct<wchar_t>::_M_initialize_numpunct(__locale_struct*)
0xd5700 183 1 0 0 1 0 0 1
+4 * 1 0 1
+1 * 1
+3 * 1 0 1
+2 * 1 0 1
+2 * 1 0 1
+2 * 1
+3 * 1 0 1
+1 * 1
+3 +1 1 1
+5 * 1 0 0 0 0 0 0 0 0 1
+6 +3 1
+3 * 1 0 0 0 0 0 0 0 0 1 1
+86 +69 1 0 0 1 0 0 1
+7 +1 1 0 1
+8 -1 1 0 1
+4 +3 1
+7 * 1 0 1
+4 +1 1 0 1
+8 +1 1 1
+1 * 1 1
+2 * 1 1
+2 * 1 1
+2 * 1 1
+1 * 1 1
+9 -71 1 1 0 1 0 0 1
+4 * 1
+7 * 1 0 1
+4 +4 1 1 0 1 1 0 1 1
+7 -3 1 0 1
+8 +3 1 0 1
+4 +6 1 1
+7 -8 1 0 1
+4 +8 1 1
+3 -2 1
+2 * 1
+8 * 1
+11 * 1
+11 +2 1 1 0 1 0 0 1
+4 * 1 0 1
+4 -2 1
+4 * 1
+4 * 1 0 0 0 0 0 0 0 0 1 1
-16 +2 35 35
+4 * 35 0 35 0 0 2 0 0 2
+4 -2 35
+4 * 35
+4 * 35 0 0 0 0 0 0 0 0 35 7
+2 +6 1 1
+7 * 1 1
+3 -2 1
+2 * 1
+2 +2 1 1
+4 * 1 0 1
+7 -2 1
+4 * 1
+4 * 1 0 0 0 0 0 0 0 0 1 1
-19 +2 25 25
+4 * 25 0 25 0 0 1 0 0 1
+7 -2 25
+4 * 25
+4 * 25 0 0 0 0 0 0 0 0 25 9
+2 * 1

fl=(335)
fn=(1362)
0xb0650 34 2049 0 0 451 0 0 1
+4 +1 2049 2049 0 0 1 0 0 0 0 0 0 2049 1
cfi=(330)
cfn=(1330)
calls=2049 -52 +13 
* * 315138 86188 49739 2835 2162 1 14 0 0 51945 1133 2049

fl=(363)
fn=(1576)
0x163c90 84 611945 0 0 1 0 0 1
+4 * 611945 0 611945
+1 * 611945
+3 * 611945 0 611945
+2 * 611945
+3 * 611945 0 611945
+2 * 611945
+3 * 611945 0 611945
+2 * 611945
+3 * 611945 0 611945
+2 * 611945 0 611945
+1 +3 611945
+2 -3 611945
+4 +4 611945
+3 * 611945 0 0 0 0 0 0 0 0 611945 1
-3 * 611946
+3 * 611946 0 0 0 0 0 0 0 0 611946 306327
fi=(300)
+2 541 611946 611946
fe=(363)
+4 91 611946 611946
+4 * 611946
+3 * 611946 0 0 1 0 0 1 0 0 611946 1
+2 +2 611945
fi=(304)
+3 429 611945
fe=(363)
+3 93 611945
fi=(258) /usr/src/debug/gcc/gcc-build/x86_64-pc-linux-gnu/libstdc++-v3/include/bits/stl_algobase.h
+3 239 611945
+3 * 611945
fe=(363)
+4 96 611945
fi=(304)
+3 429 611945
fe=(363)
+3 97 611945
fi=(304)
+3 429 611945 611945 611945 0 0 0 0 0 0 0 0 611945 1
cob=(2)
cfi=(282)
cfn=(1038)
calls=611945 0x16dd80 255 
* * 8263042 1529512 917567 0 1 127 0 1 0 2449198 319480
fi=(300)
+6 807 611945 0 611945
fe=(363)
+4 101 611945
+3 * 611945 0 0 0 0 0 0 0 0 611945 7
+8 +2 1 1
+4 * 1 1
fi=(304)
+4 452 1 1 0 0 1 0 0 1
+7 * 1 0 0 1 0 0 1 0 0 1 1
fe=(363)
+2 114 611945
+4 * 611945
+3 * 611945 611945
+1 * 611945 611945
+2 * 611945 611945
+2 * 611945 611945
+2 * 611945 611945
+2 * 611945 611945
+1 * 611945 611945
fi=(304)
+6 452 1 1
fe=(363)
+4 103 1
+3 * 1 0 1 0 0 0 0 0 0 0 0 1 1
cfi=(286)
cfn=(1582)
calls=1 0x1269e0 545 
* * 53 14 10 7 0 0 7 0 0 7 3
+2 +1 1
+3 * 1 0 0 0 0 0 0 0 0 1
+2 +2 1
+4 +1 1
+4 * 1

fl=(297)
fn=(1112)
0xb2710 31 3074 0 0 1 0 0 1
+4 +1 3074 3074 0 0 1 0 0 0 0 0 0 3074 1
cfi=(280)
cfn=(1026)
calls=3074 0xb26a0 +11 
* * 579525 100925 59615 167 1031 2115 20 1 2075 95697 3515 3075 1025

fl=(221)
fn=(808)
0xd62f0 222 1 0 0 1 0 0 1
+4 * 1 0 1
+1 * 1
+3 * 1 0 1
+1 * 1
+3 * 1
+4 * 1 0 1 1 0 0 1
+4 +1 1 1
+5 * 1 0 0 0 0 0 0 0 0 1
+6 +3 1 1
+5 * 1 0 0 0 0 0 0 0 0 1 1
0xd67d0 396 1 1 0 1 0 0 1
+8 * 1
+7 * 1 1
+8 * 1
+5 * 1
+4 * 1
+4 * 1 0 1
+4 * 1 0 1
+4 229 1 1 1 1 0 0 1 0 0 0 0 1 1
cfi=(207)
cfn=(726)
calls=1 0xc8390 -8 
* * 18 6 2 0 0 0 0 0 0 2 0 1
+6 +2 1
+7 * 1 1 0 0 1
+8 * 1 1
+5 -2 1 0 1
+4 +2 1 1
+4 * 1
+5 * 1
+7 * 1
+4 * 1
+5 * 1
+7 * 1 0 1
+4 * 1 0 0 1 0 0 1
+5 * 1 1
+8 * 1
+7 * 1
+5 * 1
+7 * 1 0 1
+7 * 1 1 0 0 1
+8 * 1
+4 * 1
+5 * 1
+7 * 1 0 1 1 0 0 1
+4 +54 1
+7 -54 1 1
+8 * 1
+4 * 1 0 1
+4 * 1 1
+8 * 1
+4 * 1
+5 * 1
+7 * 1 0 1
+4 * 1 1
+8 * 1
+4 * 1 0 0 1 0 0 1
+5 * 1
+7 * 1 0 1
+4 * 1 1
+8 * 1
+4 * 1
+5 * 1
+7 * 1 0 1
+4 * 1 1
+8 * 1
+4 * 1
+5 * 1 0 0 1 0 0 1
+7 * 1 0 1
+4 * 1 1
+8 * 1
+4 * 1
+5 * 1
+7 * 1 0 1
+7 * 1 1
+8 * 1
+4 * 1
+5 * 1
+7 * 1 0 1 1 0 0 1
+7 * 1
+4 * 1 1
+8 * 1 0 1
+7 * 1
+4 * 1
+5 * 1
+7 * 1 0 1
+7 * 1 1
+8 * 1
+4 * 1 0 0 1 0 0 1
+5 * 1
+7 * 1 0 1
+7 * 1 1
+8 * 1
+4 * 1
+5 * 1
+7 * 1 0 1
+7 * 1 1
+8 * 1
+4 * 1
+5 * 1 0 0 1 0 0 1
+7 * 1 0 1
+7 * 1
+5 * 1 1
+8 396 1 1
+4 231 1 1
+5 * 1
+7 +54 1 0 1
+7 -54 1
+4 * 1
+5 * 1 0 0 1 0 0 1
+7 * 1 0 1
+7 * 1 1
+8 * 1 0 1
+7 * 1 1 0 0 1
+8 * 1
+4 * 1
+5 * 1
+4 * 1 0 1
+7 * 1 1
+8 * 1 0 1 1 0 0 1
+7 * 1 1
+8 * 1
+4 * 1
+4 * 1 0 1
+7 * 1 1
+8 * 1 0 1
+7 * 1 1
+8 * 1
+4 * 1
+4 * 1 0 1
+7 * 1 0 1 1 0 0 1
+7 396 1 1
+1 * 1 1

fn=(768)
0xd5a10 66 1 0 0 1 0 0 1
+4 * 1 0 1
+1 * 1
+3 * 1 0 1
+2 * 1 0 1
+1 * 1
+3 * 1
+4 * 1 0 1
+4 +1 1 1
+5 * 1 0 0 0 0 0 0 0 0 1
+6 +3 1 1
+5 * 1 0 0 0 0 0 0 0 0 1 1
0xd5f20 192 1 1 0 1 1 0 1
+8 * 1
+7 * 1 1
+8 * 1
+7 * 1 0 0 1 0 0 1
+5 * 1
+4 * 1
+4 * 1 0 1
+4 * 1 0 1
+4 73 1 1 1 0 0 0 0 0 0 0 0 1 1
cfi=(207)
cfn=(726)
calls=1 0xc8390 221 
* * 18 6 2 0 0 0 0 0 0 2 0 1
+6 +2 1
+7 * 1 1
+8 * 1 1
+5 -2 1 0 1
+4 +2 1 1
+4 * 1
+5 * 1 0 0 1 0 0 1
+7 * 1
+4 * 1
+5 * 1
+7 * 1 0 1
+4 * 1
+5 * 1 1
+8 * 1
+7 * 1
+5 * 1
+7 * 1 0 1
+7 * 1 1 0 1 1 0 1
+8 * 1
+4 * 1
+5 * 1
+7 * 1 0 1
+4 * 1
+5 +54 1
+7 -54 1
+4 * 1 0 1
+4 * 1 1
+8 * 1
+4 * 1
+5 * 1 0 0 1 0 0 1
+7 * 1 0 1
+4 * 1 1
+8 * 1
+4 * 1
+5 * 1
+7 * 1 0 1
+4 * 1 1
+8 * 1
+4 * 1
+5 * 1
+7 * 1 0 1
+4 * 1 1 0 1 0 0 1
+8 * 1
+4 * 1
+5 * 1
+7 * 1 0 1
+4 * 1 1
+8 * 1
+4 * 1
+5 * 1
+7 * 1 0 1
+7 * 1 1 0 1 0 0 1
+8 * 1
+4 * 1
+5 * 1
+7 * 1 0 1
+7 * 1
+4 * 1 1
+8 * 1 0 1
+7 * 1 1
+8 * 1
+4 * 1
+5 * 1 0 0 1 0 0 1
+7 * 1 0 1
+7 * 1
+4 * 1 1
+8 * 1
+4 * 1
+5 * 1
+7 * 1 0 1
+7 * 1 1
+8 * 1
+4 * 1
+5 * 1 0 0 1 0 0 1
+7 * 1 0 1
+7 * 1 1
+8 * 1
+4 * 1
+5 * 1
+7 * 1 0 1
+7 * 1
+5 * 1
+7 * 1 0 1
+7 * 1 1 0 1 0 0 1
+5 * 1 1 0 0 1
+8 * 1
+5 * 1
+7 +54 1 0 1
+7 -54 1 0 1
+7 * 1
+4 * 1
+5 * 1 1
+8 * 1 0 1
+7 * 1 1 0 1 0 0 1
+8 * 1
+4 * 1 0 1
+7 * 1
+4 * 1 1
+8 * 1 0 1
+7 * 1 1
+8 * 1
+4 * 1 0 1
+7 * 1
+4 * 1 1 0 1 0 0 1
+8 * 1 0 1
+7 * 1
+4 * 1 0 1
+7 192 1
+4 * 1 1
+1 * 1 1
+2 * 1 1
+1 * 1 1

fl=(330)
fn=(1330)
0xb0620 48 1051671 0 0 1 0 0 1
+4 +1 1051671 1051671 0 0 18 0 0 0 0 0 0 1051671 1
cob=(2)
cfi=(188)
cfn=(1332) free
calls=1051671 0xa7f30 3516 
* * 36120483 9564956 4269995 3877 2282 13 33 0 0 7418988 2215

fl=(262) /usr/src/debug/gcc/gcc/libstdc++-v3/src/c++98/bitmap_allocator.cc
fn=(934) _GLOBAL__sub_I_bitmap_allocator.cc
0xae170 127 1 0 0 1 0 0 1
fi=(263) /usr/src/debug/gcc/gcc-build/x86_64-pc-linux-gnu/libstdc++-v3/include/ext/bitmap_allocator.h
+4 1113 1
+7 * 1 1 0 0 1
+3 * 1 0 0 0 0 0 0 0 0 1
+2 * 1 0 1 1 0 0 1
+3 106 1
+7 * 1
+2 * 1
+4 * 1 0 1 0 0 1
+4 * 1 0 1
+3 1126 1
+7 * 1 1
+3 * 1 0 0 0 0 0 0 0 0 1 1
+2 +5 1
+7 * 1 1
+3 * 1 0 0 0 0 0 0 0 0 1
fi=(264) /usr/src/debug/gcc/gcc-build/x86_64-pc-linux-gnu/libstdc++-v3/include/ext/concurrence.h
+2 134 1
fi=(263)
+7 1131 1 0 1
fi=(264)
+3 134 1
+5 * 1
+2 * 1 0 1 1 0 1 1
* * 10 0 9 0 0 0 0 0 0 10 10
fi=(263)
+2 1113 1
+7 * 1 1
+3 * 1 0 0 0 0 0 0 0 0 1
+2 * 1 0 1
+3 106 1
+7 * 1
+2 * 1
+4 * 1 0 1 0 0 1
+4 * 1 0 1
+3 1126 1
+7 * 1 1
+3 * 1 0 0 0 0 0 0 0 0 1 1
+2 +5 1
+7 * 1 1
+3 * 1 0 0 0 0 0 0 0 0 1
fi=(264)
+2 134 1
fi=(263)
+7 1131 1 0 1
fi=(264)
+3 134 1
+5 * 1
+2 * 1 0 1 0 0 1
* * 10 0 9 0 0 0 0 0 0 10 10
fe=(262)
+2 -7 1 1
fi=(263)
+1 1126 1 0 1 1 0 0 1
+3 412 1 1 0 0 1
+8 * 1
+7 +9 1 0 1
+8 -9 1 0 1
+3 +10 1
+5 1126 1 0 1
+3 412 1 1
+8 * 1
+7 +9 1 0 1
+8 -9 1 0 1
+3 +10 1
fe=(262)

fl=(206)
fn=(716) std::locale::_S_initialize()
0xe1b30 340 5150 0 0 1025 0 0 2
fi=(205)
+4 54 5150 5150 0 0 1 0 0 1
fe=(206)
+7 342 5150 5150 0 0 1
+3 * 5150 0 0 0 0 0 0 0 0 5150 1
+2 +3 5150 0 0 1025 0 0 2
+7 * 5150 5150 0 0 2 0 0 2
+4 * 5150 0 0 0 0 0 0 0 0 5150 3
+2 * 5149 5149
+51 +1 1
cfn=(718) std::locale::_S_initialize_once()
calls=1 0xe1ad0 -22 
* * 36139 10478 4342 249 135 101 249 20 94 7067 313 812 129

fn=(714)
0xe1ba0 269 5150 0 0 770 0 0 2
+4 * 5150 0 5150
+1 * 5150
+3 * 5150 0 5150
+2 * 5150 0 5150
+1 * 5150
+3 * 5150 0 5150 0 0 1 0 0 1
+7 +2 5150 0 5150 0 0 2 0 0 1
cfn=(716)
calls=5150 0xe1b30 +69 
* * 77339 31077 4342 2299 139 101 253 23 94 17367 317 812 129
+6 +11 5150 0 0 1025 0 0 2
+7 +1 5150
+7 -1 5150 5150
+4 * 5150 0 5150
+3 +1 5150 5150
+3 * 5150 0 0 0 0 0 0 0 0 5150 19
+77 +6 5150 5150 0 2 0 0 2
+1 * 5150 5150
+2 * 5150 5150
+1 * 5150 5150

fn=(720) std::locale::_Impl::_Impl(unsigned long)
0xe0c40 490 1 0 0 1 0 0 1
+4 * 1 0 1
+1 +5 1
+7 * 1
+5 -5 1
+3 * 1 0 1
+2 * 1 0 1
+2 * 1 0 1
+2 * 1 0 1
+2 * 1 0 1 0 0 1
+1 * 1
+3 * 1
+4 * 1 1
+9 * 1 0 1
+4 * 1
+2 +2 1 0 1 0 0 1 0 0 1
+2 * 1 0 1
+8 +3 1
+3 * 1 0 1 1 0 0 1
+4 +1 1
+7 * 1 0 1
+4 -1 1 0 1 0 0 1 0 0 1
* * 48 0 47 0 0 6 0 0 6 48 8
+3 +1 1
+3 * 1
+5 * 1 0 1 0 0 1 0 0 1
* * 48 0 47 0 0 5 0 0 5 48 7
+3 +3 1
+5 * 1
+7 * 1 0 1 0 0 1 0 0 1
* * 11 0 10 0 0 1 0 0 1 11 8
+3 * 1
+7 * 1 0 1
+4 +1 1
+7 * 1 0 1 1 0 0 1
+7 +1 1 1 1 0 0 1 0 0 0 0 0 1 1
cfi=(207)
cfn=(722)
calls=1 0xc83e0 233 
* * 3 1 0 1 0 0 1
+6 +9 1
+5 * 1
+2 * 1
fi=(366) /usr/include/bits/string_fortified.h
+2 29 1 1 0 0 1 0 0 1
fe=(206)
+3 510 1
fi=(366)
+7 29 1 0 1
fe=(206)
+7 510 1 1 1 0 1 0 0 0 0 0 0 1 1
cfi=(208)
cfn=(724)
calls=1 0xf1e00 121 
* * 269 50 117 22 9 13 22 2 9 81 27 5 5
fi=(214)
+6 652 1 1 0 0 1
+7 * 1
+7 * 1
+3 * 1 1 1 1 1 0 1 0 0 0 0 1 1
cfi=(207)
cfn=(746) std::locale::_Impl::_M_install_facet(std::locale::id const*, std::locale::facet const*)
calls=1 0xc8980 325 
* * 398 119 13 8 1 0 8 0 0 103 6 1 1
fe=(206)
+6 511 1
+5 * 1
+7 * 1 1 1 0 1 0 0 0 0 0 0 1 1
cfi=(215)
cfn=(754) std::codecvt<char, char, __mbstate_t>::codecvt(unsigned long)
calls=1 0xc2dc0 38 
* * 37 12 9 1 1 1 1 0 1 2 0 2 1
fi=(214)
+6 652 1 1 0 0 1
+7 * 1
+7 * 1
+3 * 1 1 1 0 0 0 0 0 0 0 0 1 1
cfi=(207)
cfn=(746)
calls=1 0xc8980 325 
* * 398 119 13 0 1 0 0 0 0 103 4 1
fi=(216)
+6 1636 1
+7 -1 1
+2 +85 1
fi=(214)
+2 436 1 0 1 0 0 1 0 0 1
fi=(216)
+10 1633 1 0 1 1 0 0 1
+7 +87 1
+7 -84 1
+4 -4 1 0 1
+11 +4 1 0 1
+7 +83 1 1 0 0 1
+7 -87 1 0 1
+11 +87 1
+4 -85 1 0 1 1 0 0 1
+11 +85 1 0 1 0 0 1 0 0 1
+7 * 1
+7 -85 1 0 1
+11 * 1 0 1
+11 +1 1 0 1 0 0 1 0 0 1
+11 * 1 0 1
+7 +1 1 0 1 1 0 1 1 0 1
fi=(214)
+7 436 1 0 1
fi=(216)
+10 1719 1 0 1
+7 +1 1 1 1 0 1 0 0 0 0 0 0 1 1
cfi=(217)
cfn=(758)
calls=1 0xd53c0 92 
* * 421 138 76 5 5 0 5 3 0 64 20
fi=(214)
+6 652 1 1 0 0 1
+7 * 1
+7 * 1
+3 * 1 1 1 0 0 0 0 0 0 0 0 1 1
cfi=(207)
cfn=(746)
calls=1 0xc8980 325 
* * 398 119 13 0 1 0 0 1 0 103 3 1
fi=(216)
+6 1983 1 1 0 0 1
fi=(214)
+7 652 1 1 0 0 1
+7 * 1 0 0 1 0 0 1
+3 436 1 0 1
+10 652 1
fi=(216)
+7 1983 1
+4 * 1 0 1
fi=(214)
+7 652 1 1 1 0 0 0 0 0 0 0 0 1 1
cfi=(207)
cfn=(746)
calls=1 0xc8980 325 
* * 398 119 13 0 1 0 0 1 0 103 3 1
fi=(216)
+6 2347 1 1 0 0 1
fi=(214)
+7 652 1 1 0 0 1
+7 * 1
+3 436 1 0 1
+10 652 1 0 0 1 0 0 1
fi=(216)
+7 2347 1
+4 * 1 0 1
fi=(214)
+7 652 1 1 1 0 0 0 0 0 0 0 0 1 1
cfi=(207)
cfn=(746)
calls=1 0xc8980 325 
* * 398 119 13 0 0 0 0 0 0 103 3 1
+6 +63 1 1 0 0 1
+7 436 1 0 1
+10 715 1
+4 * 1 0 1
+7 * 1 1 1 0 0 0 0 0 0 0 0 1 1
cfi=(207)
cfn=(726)
calls=1 0xc8390 221 
* * 18 6 2 0 0 0 0 0 0 2 0 1
+6 * 1 0 1
+7 -63 1 1 0 1 1 0 1
+7 * 1
+7 * 1
+3 * 1 1 1 0 0 0 0 0 0 0 0 1 1
cfi=(207)
cfn=(746)
calls=1 0xc8980 325 
* * 398 119 13 0 0 0 0 0 0 103 3 1
fi=(218) /usr/src/debug/gcc/gcc-build/x86_64-pc-linux-gnu/libstdc++-v3/include/bits/locale_facets_nonio.h
+6 1026 1
+7 -6 1
+2 +88 1
fi=(214)
+2 436 1
fi=(218)
+7 1020 1 0 1 0 0 1 0 0 1
+7 +88 1
+2 * 1
+7 -82 1
fi=(214)
+4 436 1 0 1 1 0 0 1
fi=(218)
+10 1026 1 0 1
+7 +81 1 1 0 0 1
+7 -88 1 0 1
+11 +88 1
+4 -88 1 0 1
+11 * 1 0 1
+7 +2 1 0 1
+11 * 1 0 1 1 0 0 1
+11 +1 1 0 1
+11 * 1 0 1 0 0 1 0 0 1
+11 +1 1 0 1
+11 * 1 0 1
+11 +1 1 0 1 1 0 0 1
+10 +1 1 0 1
+11 +1 1 0 1
fi=(214)
+7 436 1 0 1 0 0 1 0 0 1
fi=(218)
+10 1107 1 0 1
+7 * 1 0 1
+7 +1 1 1 1 0 1 0 0 0 0 0 0 1 1
cfi=(219)
cfn=(762)
calls=1 0xd3ec0 372 
* * 114 38 31 5 2 0 5 1 0 13 8
fi=(214)
+6 652 1 1 0 0 1
+7 * 1
+7 * 1 0 0 1 0 0 1
+3 * 1 1 1 0 0 0 0 0 0 0 0 1 1
cfi=(207)
cfn=(746)
calls=1 0xc8980 325 
* * 398 119 13 0 0 0 0 0 0 103 1 1
fi=(218)
+6 1026 1
+7 +82 1
+2 * 1
fi=(214)
+2 436 1 0 1 0 0 1 0 0 1
fi=(218)
+10 1019 1 0 1
+7 +89 1
+7 -82 1
+4 -7 1 0 1
+11 +7 1 0 1 1 0 0 1
+7 -6 1
+2 * 1 0 1
+7 +87 1 1 0 0 1
+7 -88 1 0 1
+11 +88 1
+4 -86 1 0 1
+11 +86 1 0 1
+7 * 1
+7 -86 1 0 1 1 0 0 1
+11 +1 1 0 1
+11 * 1 0 1 0 0 1 0 0 1
+11 +1 1 0 1
+11 * 1 0 1
+11 +1 1 0 1
+10 +1 1 0 1 1 0 0 1
+11 +1 1 0 1
fi=(214)
+7 436 1 0 1
fi=(218)
+10 1107 1 0 1
+7 +1 1 1 1 0 1 0 0 0 0 0 0 1 1
cfi=(219)
cfn=(764)
calls=1 0xd39a0 216 
* * 114 38 31 6 0 0 6 0 0 13 2
fi=(214)
+6 652 1 1 0 0 1
+7 * 1
+7 * 1
+3 * 1 1 1 0 0 0 0 0 0 0 0 1 1
cfi=(207)
cfn=(746)
calls=1 0xc8980 325 
* * 398 119 13 0 0 0 0 0 0 103 1 1
fi=(218)
+6 1530 1 1 0 1 1 0 1
fi=(214)
+7 652 1 1 0 0 1
+7 * 1
+3 436 1 0 1
+10 652 1
fi=(218)
+7 1530 1
+4 * 1 0 1
fi=(214)
+7 652 1 1 1 0 0 0 0 0 0 0 0 1 1
cfi=(207)
cfn=(746)
calls=1 0xc8980 325 
* * 398 119 13 0 0 0 0 0 0 103 1 1
fi=(218)
+6 1690 1 1 0 0 1
fi=(214)
+7 652 1 1
+7 * 1
+3 436 1 0 1 1 0 1 1 0 1
+10 652 1
fi=(218)
+7 1690 1
+4 * 1 0 1
fi=(214)
+7 652 1 1 1 0 0 0 0 0 0 0 0 1 1
cfi=(207)
cfn=(746)
calls=1 0xc8980 325 
* * 398 119 13 0 0 0 0 0 0 103 1 1
fi=(218)
+6 138 1
+7 -13 1
fi=(214)
+4 436 1 0 1 0 0 1 0 0 1
fe=(206)
+10 +97 1
fi=(218)
+5 138 1 0 1 1 0 1 1 0 1
fe=(206)
+7 533 1
+7 * 1
fi=(218)
+7 138 1
+4 -13 1 0 1
+7 +13 1 0 1
+7 * 1 0 1
+11 -13 1 0 1 0 0 1 0 0 1
+7 * 1 0 1
+7 * 1 0 1 1 0 0 1
+7 * 1 0 1
+7 * 1 0 1 0 0 1 0 0 1
+7 * 1 0 1
+7 * 1 0 1
+7 * 1 0 1
+7 * 1 0 1 0 0 1 0 0 1
+7 * 1 0 1
+7 * 1 0 1
+7 * 1 0 1
+7 * 1 0 1 1 0 1 1 0 1
+7 * 1 0 1
+7 * 1 0 1
+7 * 1 0 1
+7 * 1 0 1 0 0 1 0 0 1
+7 * 1 0 1
+7 * 1 0 1
+7 * 1 0 1
+7 * 1 0 1
+7 * 1 0 1 1 0 0 1
fe=(206)
+7 533 1 1 1 0 1 0 0 0 0 0 0 1 1
cfi=(220)
cfn=(766)
calls=1 0x13d110 48 
* * 179 46 43 15 5 0 15 0 0 4 1 4 3
fi=(214)
+6 652 1 1 0 0 1
+7 * 1
+7 * 1
+3 * 1 1 1 0 0 0 0 0 0 0 0 1 1
cfi=(207)
cfn=(746)
calls=1 0xc8980 325 
* * 398 119 13 0 0 0 0 0 0 103 3 1
fi=(218)
+6 422 1 1 0 0 1
fi=(214)
+7 652 1 1 0 0 1
+7 * 1
+3 436 1 0 1 0 0 1 0 0 1
+10 652 1 0 0 1 0 0 1
fi=(218)
+7 422 1
+4 * 1 0 1
fi=(214)
+7 652 1 1 1 0 0 0 0 0 0 0 0 1 1
cfi=(207)
cfn=(746)
calls=1 0xc8980 325 
* * 398 119 13 0 0 0 0 0 0 103 1 1
fi=(218)
+6 859 1 1 0 0 1
fi=(214)
+7 652 1 1 0 0 1
+7 * 1
+3 436 1 0 1
+10 652 1
fi=(218)
+7 859 1
+4 * 1 0 1 1 0 0 1
fi=(214)
+7 652 1 1 1 0 0 0 0 0 0 0 0 1 1
cfi=(207)
cfn=(746)
calls=1 0xc8980 325 
* * 398 119 13 0 1 0 0 1 0 103 1 1
fe=(206)
+6 537 1
+5 * 1
+7 * 1 1 1 0 1 0 0 0 0 0 0 1 1
cfi=(222)
cfn=(770)
calls=1 0x110b80 44 
* * 42 14 11 1 1 0 1 0 0 2 0 3 2
fi=(214)
+6 652 1 1
+7 * 1
+7 * 1
+3 * 1 1 1 0 0 0 0 0 0 0 0 1 1
cfi=(207)
cfn=(746)
calls=1 0xc8980 325 
* * 398 119 13 0 0 0 0 0 0 103 1 1
fe=(206)
+6 540 1
+5 * 1
+7 * 1 1 1 1 1 0 1 0 0 0 0 1 1
cfi=(223)
cfn=(772)
calls=1 0xdd090 103 
* * 18710 5326 2552 32 23 21 32 5 21 3127 77 656 21
fi=(214)
+6 652 1 1 0 0 1
+7 * 1
+7 * 1
+3 * 1 1 1 0 0 0 0 0 0 0 0 1 1
cfi=(207)
cfn=(746)
calls=1 0xc8980 325 
* * 398 119 13 0 1 0 0 1 0 103 3 1
fe=(206)
+6 541 1
+5 * 1
+7 * 1 1 1 0 0 0 0 0 0 0 0 1 1
cfi=(215)
cfn=(798) std::codecvt<wchar_t, char, __mbstate_t>::codecvt(unsigned long)
calls=1 0xc2e60 118 
* * 37 12 9 2 0 2 2 0 2 2 0 2 1
fi=(214)
+6 652 1 1
+7 * 1
+7 * 1
+3 * 1 1 1 1 0 0 1 0 0 0 0 1 1
cfi=(207)
cfn=(746)
calls=1 0xc8980 325 
* * 398 119 13 0 0 0 0 0 0 103 1 1
fi=(216)
+6 1636 1
+7 +84 1
fi=(214)
+2 436 1
+7 * 1 0 1 0 0 1 0 0 1
fi=(216)
+10 1633 1 0 1
+7 +87 1
+7 -84 1
+4 -4 1 0 1
+11 +4 1 0 1 1 0 0 1
+7 +83 1 1 0 0 1
+7 -87 1 0 1
+11 +87 1
+4 -85 1 0 1
+11 * 1 0 1
+11 * 1 0 1
+11 +1 1 0 1 1 0 1 1 0 1
+11 * 1 0 1
+11 +1 1 0 1
fi=(214)
+7 436 1 0 1
fi=(216)
+10 1719 1 0 1
+7 * 1 0 1 0 0 1 0 0 1
+7 +1 1 1 1 0 1 0 0 0 0 0 0 1 1
cfi=(217)
cfn=(800)
calls=1 0xd5700 183 
* * 353 75 75 5 1 3 5 1 3 64 19
fi=(214)
+6 652 1 1 0 0 1
+7 * 1 0 0 1 0 0 1
+7 * 1
+3 * 1 1 1 0 0 0 0 0 0 0 0 1 1
cfi=(207)
cfn=(746)
calls=1 0xc8980 325 
* * 398 119 13 0 1 0 0 1 0 103 1 1
fi=(216)
+6 1983 1 1 0 0 1
fi=(214)
+7 652 1 1
+7 * 1
+3 436 1 0 1
+10 652 1
fi=(216)
+7 1983 1
+4 * 1 0 1
fi=(214)
+7 652 1 1 1 0 0 0 0 0 0 0 0 1 1
cfi=(207)
cfn=(746)
calls=1 0xc8980 325 
* * 398 119 13 0 1 0 0 1 0 103 1 1
fi=(216)
+6 2347 1 1 0 1 1 0 1
fi=(214)
+7 652 1 1
+7 * 1
+3 436 1 0 1
+10 652 1
fi=(216)
+7 2347 1
+4 * 1 0 1
fi=(214)
+7 652 1 1 1 0 0 0 0 0 0 0 0 1 1
cfi=(207)
cfn=(746)
calls=1 0xc8980 325 
* * 398 119 13 0 0 0 0 0 0 103 1 1
+6 +63 1 1
+7 436 1 0 1 1 0 0 1
+10 715 1
+4 * 1 0 1
+7 * 1 1 1 0 0 0 0 0 0 0 0 1 1
cfi=(207)
cfn=(726)
calls=1 0xc8390 221 
* * 18 6 2 0 0 0 0 0 0 2 0 1
+6 * 1
+7 * 1
+5 * 1 1 0 0 1
+8 * 1 1
+8 * 1
+5 * 1
+5 * 1 1 0 1 0 0 1
+8 * 1 0 1
+7 -64 1
+4 * 1
+4 +1 1
+3 * 1 1 0 0 1
+7 * 1
+4 * 1 0 1 0 0 1
+7 * 1
+7 * 1 0 1
+7 * 1 0 1
+4 * 1 1 1 0 0 0 0 0 0 0 0 1 1
cfi=(207)
cfn=(746)
calls=1 0xc8980 325 
* * 398 119 13 0 0 0 0 0 0 103 1 1
fi=(218)
+6 1026 1 0 0 1 0 0 1
+7 +82 1
+2 * 1
fi=(214)
+2 436 1 0 1 0 0 1 0 0 1
fi=(218)
+10 1019 1 0 1
+7 +89 1
+7 -82 1
+4 -7 1 0 1
+11 +7 1 0 1
+7 +81 1 1
+7 -88 1 0 1 1 0 0 1
+11 +88 1
+4 -87 1 0 1
+11 +87 1 0 1 0 0 1 0 0 1
+7 * 1
+7 -86 1 0 1
+11 * 1 0 1
+11 +1 1 0 1 1 0 1 1 0 1
+11 * 1 0 1
+11 +1 1 0 1
+11 * 1 0 1
+11 +1 1 0 1
+10 +1 1 0 1
+11 +1 1 0 1 1 0 1 1 0 1
fi=(214)
+7 436 1 0 1
fi=(218)
+10 1107 1 0 1
+7 +1 1 1 1 0 0 0 0 0 0 0 0 1 1
cfi=(219)
cfn=(802)
calls=1 0xd4ba0 741 
* * 109 30 31 6 0 0 6 0 0 14 6
fi=(214)
+6 652 1 1 0 0 1
+7 * 1
+7 * 1
+3 * 1 1 1 0 0 0 0 0 0 0 0 1 1
cfi=(207)
cfn=(746)
calls=1 0xc8980 325 
* * 398 119 13 0 0 0 0 0 0 103 1 1
fi=(218)
+6 1026 1
+7 +82 1
+2 * 1
fi=(214)
+2 436 1 0 1 1 0 0 1
fi=(218)
+10 1019 1 0 1 0 0 1 0 0 1
+7 +89 1
+7 -82 1
+4 -7 1 0 1
+11 +7 1 0 1
+7 +81 1 1 0 0 1
+7 -88 1 0 1
+11 +88 1
+4 -87 1 0 1 1 0 0 1
+11 +1 1 0 1
+11 * 1 0 1
+11 +1 1 0 1
+11 * 1 0 1
+11 +1 1 0 1 1 0 0 1
+11 * 1 0 1
+11 +1 1 0 1 0 0 1 0 0 1
+10 +1 1 0 1
+11 +1 1 0 1
fi=(214)
+7 436 1 0 1
fi=(218)
+10 1107 1 0 1
+7 * 1 0 1 1 0 0 1
+7 +1 1 1 1 0 1 0 0 0 0 0 0 1 1
cfi=(219)
cfn=(804)
calls=1 0xd45c0 558 
* * 109 30 31 5 0 0 5 0 0 14 7
fi=(214)
+6 652 1 1
+7 * 1
+7 * 1
+3 * 1 1 1 0 0 0 0 0 0 0 0 1 1
cfi=(207)
cfn=(746)
calls=1 0xc8980 325 
* * 398 119 13 0 0 0 0 0 0 103 1 1
fi=(218)
+6 1530 1 1 0 0 1
fi=(214)
+7 652 1 1 0 0 1
+7 * 1
+3 436 1 0 1
+10 652 1
fi=(218)
+7 1530 1 0 0 1 0 0 1
+4 * 1 0 1
fi=(214)
+7 652 1 1 1 0 0 0 0 0 0 0 0 1 1
cfi=(207)
cfn=(746)
calls=1 0xc8980 325 
* * 398 119 13 0 0 0 0 0 0 103 1 1
fi=(218)
+6 1690 1 1 0 0 1
fi=(214)
+7 652 1 1
+7 * 1
+3 436 1 0 1
+10 652 1
fi=(218)
+7 1690 1
+4 * 1 0 1
fi=(214)
+7 652 1 1 1 1 0 0 1 0 0 0 0 1
cfi=(207)
cfn=(746)
calls=1 0xc8980 325 
* * 398 119 13 0 0 0 0 0 0 103 1 1
fi=(218)
+6 138 1
+7 -13 1
fi=(214)
+4 436 1 0 1
fe=(206)
+10 563 1
fi=(218)
+5 138 1 0 1 0 0 1 0 0 1
fe=(206)
+7 563 1
+7 * 1
fi=(218)
+7 138 1
+4 -13 1 0 1
+7 +13 1 0 1 1 0 0 1
+7 * 1 0 1
+11 -13 1 0 1 0 0 1 0 0 1
+7 * 1 0 1
+7 * 1 0 1
+7 * 1 0 1
+7 * 1 0 1 0 0 1 0 0 1
+7 * 1 0 1
+7 * 1 0 1 1 0 0 1
+7 * 1 0 1
+7 * 1 0 1 0 0 1 0 0 1
+7 * 1 0 1
+7 * 1 0 1
+7 * 1 0 1
+7 * 1 0 1 0 0 1 0 0 1
+7 * 1 0 1
+7 * 1 0 1
+7 * 1 0 1
+7 * 1 0 1 1 0 1 1 0 1
+7 * 1 0 1
+7 * 1 0 1
+7 * 1 0 1
+7 * 1 0 1
+7 * 1 0 1
fe=(206)
+7 563 1 1 1 0 0 0 0 0 0 0 0 1 1
cfi=(220)
cfn=(806)
calls=1 0x16c0e0 48 
* * 175 46 42 16 5 1 16 0 1 4 1 4 3
fi=(214)
+6 +89 1 1 0 0 1
+7 * 1
+7 * 1 0 0 1 0 0 1
+3 * 1 1 1 0 0 0 0 0 0 0 0 1 1
cfi=(207)
cfn=(746)
calls=1 0xc8980 325 
* * 398 119 13 0 0 0 0 0 0 103 1 1
fi=(218)
+6 422 1 1 0 0 1
fi=(214)
+7 652 1 1
+7 * 1
+3 436 1 0 1
+10 652 1
fi=(218)
+7 422 1
+4 * 1 0 1
fi=(214)
+7 652 1 1 1 0 0 0 0 0 0 0 0 1 1
cfi=(207)
cfn=(746)
calls=1 0xc8980 325 
* * 398 119 13 0 0 0 0 0 0 103 1 1
fi=(218)
+6 859 1 1 0 1 1 0 1
fi=(214)
+7 652 1 1 0 0 1
+7 * 1
+3 436 1 0 1
+10 652 1
fi=(218)
+7 859 1
+4 * 1 0 1
fi=(214)
+7 652 1 1 1 0 0 0 0 0 0 0 0 1 1
cfi=(207)
cfn=(746)
calls=1 0xc8980 325 
* * 398 119 13 0 1 0 0 1 0 103 1 1
fe=(206)
+6 -85 1
+5 * 1
+7 * 1 1 1 0 1 0 0 0 0 0 0 1 1
cfi=(222)
cfn=(810)
calls=1 0x11f880 44 
* * 42 14 11 1 0 1 1 0 1 2 0 3 2
fi=(214)
+6 +85 1 1 0 1 1 0 1
+7 * 1
+7 * 1
+3 * 1 1 1 0 0 0 0 0 0 0 0 1
cfi=(207)
cfn=(746)
calls=1 0xc8980 325 
* * 398 119 13 0 0 0 0 0 0 103 1 1
fi=(234)
+6 489 1 1 0 0 1
fi=(214)
+7 652 1 1
+7 * 1
+3 436 1 0 1
+10 652 1
fi=(234)
+7 489 1
+4 * 1 0 1 1 0 0 1
fi=(214)
+7 652 1 1 1 0 0 0 0 0 0 0 0 1 1
cfi=(207)
cfn=(746)
calls=1 0xc8980 325 
* * 398 119 13 0 0 0 0 0 0 103 1 1
fi=(234)
+6 546 1 1 0 0 1
fi=(214)
+7 652 1 1
+7 * 1
+3 436 1 0 1
+10 652 1
fi=(234)
+7 546 1
+4 * 1 0 1
fi=(214)
+7 652 1 1 1 0 0 0 0 0 0 0 0 1 1
cfi=(207)
cfn=(746)
calls=1 0xc8980 325 
* * 398 119 13 0 0 0 0 0 0 103 1 1
fi=(234)
+6 -48 1 1 0 1 0 0 1
fi=(214)
+7 +48 1 1
+7 * 1
+3 436 1 0 1
+10 652 1
fi=(234)
+7 -48 1
+4 * 1 0 1
fi=(214)
+7 +48 1 1 1 0 0 0 0 0 0 0 0 1 1
cfi=(207)
cfn=(746)
calls=1 0xc8980 325 
* * 398 119 13 0 0 0 0 0 0 103 1 1
fi=(234)
+6 +9 1 1 0 0 1
fi=(214)
+7 -9 1 1
+7 * 1
+3 436 1 0 1 1 0 0 1
+10 652 1
fi=(234)
+7 +9 1
+4 * 1 0 1
fi=(214)
+7 -9 1 1 1 0 0 0 0 0 0 0 0 1 1
cfi=(207)
cfn=(746)
calls=1 0xc8980 325 
* * 398 119 13 0 0 0 0 0 0 103 1 1
fe=(206)
+6 -62 1 1
+8 * 1 1
+5 +3 1
+4 * 1
+3 -3 1 1
+8 * 1 0 1 1 0 0 1
+4 * 1 0 1
+4 * 1 0 1
+4 +3 1 0 1
cfi=(235) /usr/src/debug/gcc/gcc/libstdc++-v3/src/c++11/cow-locale_init.cc
cfn=(814) std::locale::_Impl::_M_init_extra(std::locale::facet**)
calls=1 0xe5b90 100 
* * 1926 621 463 60 18 7 60 0 7 244 68 40 34
+6 +5 1 1
+4 * 1 1
+7 * 1 1 1 0 0 0 0 0 0 0 0 1 1
cfi=(207)
cfn=(748)
calls=1 0xc8910 -91 
* * 6 2 0 0 0 0 0 0 0 1 1
+6 * 1
+7 +1 1 1
+7 -1 1 0 1
+4 +1 1 1
+4 * 1 1 1 0 0 0 0 0 0 0 0 1 1
cfi=(207)
cfn=(748)
calls=1 0xc8910 -92 
* * 6 2 0 0 0 0 0 0 0 1
+6 +1 1 1 0 1 0 0 1
+7 -1 1 0 1
+4 +1 1 1
+4 * 1 1 1 0 0 0 0 0 0 0 0 1 1
cfi=(207)
cfn=(748)
calls=1 0xc8910 -93 
* * 6 2 0 0 0 0 0 0 0 1
+6 * 1
+7 +1 1 1
+7 -1 1 0 1
+4 +1 1 1
+4 * 1 1 1 0 0 0 0 0 0 0 0 1
cfi=(207)
cfn=(748)
calls=1 0xc8910 -94 
* * 6 2 0 0 0 0 0 0 0 1
+6 * 1
+7 +2 1 1
+7 -2 1 0 1
+4 +2 1 1 0 1 0 0 1
+4 * 1 1 1 0 0 0 0 0 0 0 0 1 1
cfi=(207)
cfn=(748)
calls=1 0xc8910 -96 
* * 6 2 0 0 0 0 0 0 0 1
+6 +1 1 1
+7 -1 1 0 1
+4 +1 1 1
+4 * 1 1 1 0 0 0 0 0 0 0 0 1 1
cfi=(207)
cfn=(748)
calls=1 0xc8910 -97 
* * 6 2 0 0 0 0 0 0 0 1
+6 * 1
+7 +1 1 1
+7 -1 1 0 1
+5 +1 1 1
+4 * 1 1 1 0 0 0 0 0 0 0 0 1 1
cfi=(207)
cfn=(748)
calls=1 0xc8910 -98 
* * 6 2 0 0 0 0 0 0 0 1
+6 +1 1 1
+4 * 1 1 0 1 0 0 1
+7 -1 1 0 1
+5 +1 1 1 1 0 0 0 0 0 0 0 0 1 1
cfi=(207)
cfn=(748)
calls=1 0xc8910 -99 
* * 6 2 0 0 0 0 0 0 0 1
+6 * 1
+7 * 1 0 1
+4 +2 1 1
+4 * 1 1
+9 * 1 0 0 0 0 0 0 0 0 1
+2 * 1
+4 * 1 1
+1 * 1 1
+2 * 1 1
+2 * 1 1
+2 * 1 1
+2 * 1 1
+1 * 1 1

fn=(718)
0xe1ad0 324 1 0 0 1 0 0 1
+4 +4 1
+7 * 1 1
+4 * 1 0 0 0 0 0 0 0 0 1 1
+9 -4 1 0 1
+1 +9 1
+5 * 1
+7 -9 1
+3 +9 1 1 1 0 1 0 0 0 0 0 0 1 1
cfn=(720)
calls=1 0xe0c40 490 
* * 36118 10473 4337 247 134 101 247 20 94 7066 312 810 127
+6 * 1
+7 * 1
+7 +2 1
+7 * 1
+3 -2 1 0 1
+3 +1 1
+7 * 1 0 1
+3 +2 1 1
+1 -1 1 1 0 0 0 0 0 0 0 0 0 1 1
cfi=(207)
cfn=(836) std::locale::locale(std::locale::_Impl*)
calls=1 0xc7c30 88 
* * 3 1 1 1 0 0 1

fl=(235)
fn=(814)
0xe5b90 100 1 0 0 1 0 0 1
+4 * 1 0 1
+1 * 1
+3 * 1 0 1
+2 * 1 0 1
+2 * 1 0 1
+2 * 1
+3 * 1 0 1
+2 * 1 0 1
+1 * 1
fi=(216)
+3 1720 1
fe=(235)
+7 100 1
+4 +3 1 1
+4 -2 1 1
+3 +1 1 1
fi=(216)
+4 1720 1
fi=(214)
+2 436 1 0 1 1 0 1 1 0 1
fe=(235)
+10 103 1 0 1
fi=(216)
+4 1719 1 1 0 0 1
+7 * 1 0 1 0 0 1 0 0 1
+7 * 1
+4 * 1 0 1
+7 +1 1 1 1 0 0 0 0 0 0 0 0 1 1
cfi=(236)
cfn=(816)
calls=1 0xd25c0 92 
* * 421 138 76 5 0 0 5 0 0 64 10
fi=(205)
+6 54 1 1
+7 +56 1 1
+5 * 1 0 0 0 0 0 0 0 0 1
+6 -16 1 0 1 1 0 0 1
fi=(214)
+7 659 1 1
+4 * 1 1 0 0 1
+7 * 1 0 1
+4 * 1 1 1 0 0 0 0 0 0 0 0 1 1
cfi=(207)
cfn=(748)
calls=1 0xc8910 507 
* * 15 5 2 0 0 0 0 0 0 2
+6 * 1 1
+4 * 1
+7 * 1 0 1
+4 +56 1 1 0 0 1
+7 436 1 0 1
+10 715 1
+4 * 1 0 1 1 0 0 1
+7 * 1 1 1 0 0 0 0 0 0 0 0 1 1
cfi=(207)
cfn=(726)
calls=1 0xc8390 221 
* * 18 6 2 0 0 0 0 0 0 2 0 1
+6 * 1 0 1
fi=(205)
+7 110 1 1
+5 * 1 0 0 0 0 0 0 0 0 1
+6 -16 1 0 1
fi=(214)
+7 659 1 1
+4 * 1 1
+7 * 1 0 1
+4 * 1 1 1 0 0 0 0 0 0 0 0 1 1
cfi=(207)
cfn=(748)
calls=1 0xc8910 507 
* * 15 5 2 0 0 0 0 0 0 2 1
+6 * 1 1
fi=(218)
+4 1108 1
fi=(214)
+2 659 1 0 0 1 0 0 1
fi=(218)
+7 1108 1
fi=(214)
+7 659 1 0 1
fi=(218)
+4 1107 1 1
+7 +1 1
fi=(214)
+2 436 1 0 1 0 0 1 0 0 1
fi=(218)
+10 1107 1
+4 * 1 0 1
+7 * 1 0 1
+7 +1 1 1 1 0 0 0 0 0 0 0 0 1 1
cfi=(237) /usr/src/debug/gcc/gcc-build/x86_64-pc-linux-gnu/libstdc++-v3/src/c++98/monetary_members_cow.cc
cfn=(822) std::moneypunct<char, false>::_M_initialize_moneypunct(__locale_struct*, char const*)
calls=1 0xd0ce0 372 
* * 114 38 31 5 0 0 5 0 0 13 10
fi=(205)
+6 110 1 1 0 1 0 0 1
+5 * 1 0 0 0 0 0 0 0 0 1
+6 -16 1 0 1
fi=(214)
+7 659 1 1
+4 * 1 1 0 0 1
+7 * 1 0 1
+4 * 1 1 1 0 0 0 0 0 0 0 0 1 1
cfi=(207)
cfn=(748)
calls=1 0xc8910 507 
* * 15 5 2 0 0 0 0 0 0 2
+6 * 1 1
+4 * 1
fi=(218)
+7 1108 1
fi=(214)
+7 659 1 0 1
fi=(218)
+4 1107 1 1 0 0 1
+7 +1 1 0 0 1 0 0 1
+2 * 1
fi=(214)
+2 436 1 0 1
fi=(218)
+10 1107 1
+4 * 1 0 1
+7 * 1 1
+4 * 1 0 1
+7 +1 1 1 1 0 1 0 0 0 0 0 0 1 1
cfi=(237)
cfn=(824) std::moneypunct<char, true>::_M_initialize_moneypunct(__locale_struct*, char const*)
calls=1 0xd07c0 216 
* * 114 38 31 4 0 0 4 0 0 13 8
fi=(205)
+6 110 1 1
+5 * 1 0 0 0 0 0 0 0 0 1
+6 -16 1 0 1
fi=(214)
+7 659 1 1
+4 * 1 1 0 1 0 0 1
+7 * 1 0 1
+4 * 1 1 1 0 0 0 0 0 0 0 0 1 1
cfi=(207)
cfn=(748)
calls=1 0xc8910 507 
* * 15 5 2 0 0 0 0 0 0 2
+6 * 1 1
+4 * 1
+7 * 1 0 1
fi=(218)
+4 1530 1 1
fi=(214)
+7 436 1 0 1
fi=(218)
+10 1530 1
+4 * 1 0 1
fi=(205)
+7 110 1 1 0 1 0 0 1
+5 * 1 0 0 0 0 0 0 0 0 1
+6 -16 1 0 1
fi=(214)
+10 659 1 1
+4 * 1 1
+7 * 1 0 1
+4 * 1 1 1 0 0 0 0 0 0 0 0 1 1
cfi=(207)
cfn=(748)
calls=1 0xc8910 507 
* * 15 5 2 0 0 0 0 0 0 2
+6 * 1 1
+4 * 1
+7 * 1 0 1
fi=(218)
+4 1690 1 1
fi=(214)
+7 436 1 0 1 1 0 0 1
fi=(218)
+10 1690 1
+4 * 1 0 1
fi=(205)
+7 110 1 1
+5 * 1 0 0 0 0 0 0 0 0 1
+6 -16 1 0 1
fi=(214)
+10 659 1 1
+4 * 1 1
+7 * 1 0 1
+4 * 1 1 1 0 0 0 0 0 0 0 0 1 1
cfi=(207)
cfn=(748)
calls=1 0xc8910 507 
* * 15 5 2 0 0 0 0 0 0 2 1
+6 * 1 1
+4 * 1 0 0 1 0 0 1
+7 * 1 0 1
fi=(218)
+4 422 1 1
fi=(214)
+7 +14 1 0 1
fi=(218)
+10 -14 1
+4 * 1 0 1
fi=(205)
+7 110 1 1
+5 * 1 0 0 0 0 0 0 0 0 1
+6 -16 1 0 1
fi=(214)
+10 659 1 1
+4 * 1 1 0 1 0 0 1
+7 * 1 0 1
+4 * 1 1 1 0 0 0 0 0 0 0 0 1 1
cfi=(207)
cfn=(748)
calls=1 0xc8910 507 
* * 15 5 2 0 0 0 0 0 0 2
+6 * 1 1
+4 * 1
fe=(235)
+7 112 1
fi=(214)
+7 659 1 0 1
fe=(235)
+4 112 1
+5 * 1 1 1 0 0 0 0 0 0 0 0 1 1
cfi=(222)
cfn=(826)
calls=1 0x13dd60 -68 
* * 42 14 11 2 0 1 2 0 1 2 0 3 2
fi=(205)
+6 -2 1 1
+5 * 1 0 0 0 0 0 0 0 0 1 1
+6 -16 1 0 1 1 0 0 1
fi=(214)
+7 659 1 1
+4 * 1 1
+7 * 1 0 1
+4 * 1 1 1 0 0 0 0 0 0 0 0 1 1
cfi=(207)
cfn=(748)
calls=1 0xc8910 507 
* * 15 5 2 0 0 0 0 0 0 2
+6 * 1 1
fi=(216)
+4 1720 1
fi=(214)
+2 659 1
fi=(216)
+7 1720 1
fi=(214)
+7 659 1 0 1
fe=(235)
+4 115 1 1
fi=(214)
+4 436 1 0 1 0 0 1 0 0 1
fe=(235)
+10 114 1 1 0 1 0 0 1
+4 +1 1 0 1
fi=(216)
+4 1719 1 1 0 0 1
fe=(235)
+7 114 1 0 1
+4 +2 1 1
fi=(216)
+4 1719 1
+4 * 1 0 1
+7 * 1 0 1
+7 +1 1 1 1 0 1 0 0 0 0 0 0 1 1
cfi=(236)
cfn=(828)
calls=1 0xd2940 183 
* * 353 75 75 5 0 0 5 0 0 64 20
fi=(205)
+6 110 1 1
+5 * 1 0 0 0 0 0 0 0 0 1
+6 -16 1 0 1
fi=(214)
+7 659 1 1 0 1 0 0 1
+4 * 1 1 0 0 1
+7 * 1 0 1
+4 * 1 1 1 0 0 0 0 0 0 0 0 1 1
cfi=(207)
cfn=(748)
calls=1 0xc8910 507 
* * 15 5 2 0 0 0 0 0 0 2
+6 * 1 1
+4 * 1
+7 * 1 0 1
+4 +56 1 1
+7 436 1 0 1
+10 715 1
+4 * 1 0 1
+7 * 1 1 1 1 0 0 1 0 0 0 0 1 1
cfi=(207)
cfn=(726)
calls=1 0xc8390 221 
* * 18 6 2 0 0 0 0 0 0 2 0 1
+6 * 1 0 1
fi=(205)
+7 110 1 1
+5 * 1 0 0 0 0 0 0 0 0 1
+6 -16 1 0 1
fi=(214)
+7 659 1 1
+4 * 1 1 0 0 1
+7 * 1 0 1
+4 * 1 1 1 0 0 0 0 0 0 0 0 1 1
cfi=(207)
cfn=(748)
calls=1 0xc8910 507 
* * 15 5 2 0 0 0 0 0 0 2
+6 * 1 1
fi=(218)
+4 1108 1
fi=(214)
+2 659 1
fi=(218)
+7 1108 1 0 0 1 0 0 1
fi=(214)
+7 659 1 0 1
fi=(218)
+4 1107 1 1
+7 +1 1
fi=(214)
+2 436 1 0 1 0 0 1 0 0 1
fi=(218)
+10 1107 1
+4 * 1 0 1
+7 * 1 1
+4 * 1 0 1
+7 +1 1 1 1 0 1 0 0 0 0 0 0 1 1
cfi=(237)
cfn=(830) std::moneypunct<wchar_t, false>::_M_initialize_moneypunct(__locale_struct*, char const*)
calls=1 0xd1a20 741 
* * 109 30 31 6 0 0 6 0 0 14 6
fi=(205)
+6 110 1 1
+5 * 1 0 0 1 0 0 1 0 0 1
+6 -16 1 0 1
fi=(214)
+7 659 1 1
+4 * 1 1 0 0 1
+7 * 1 0 1
+4 * 1 1 1 0 0 0 0 0 0 0 0 1 1
cfi=(207)
cfn=(748)
calls=1 0xc8910 507 
* * 15 5 2 0 0 0 0 0 0 2
+6 * 1 1
+4 * 1
fi=(218)
+7 1108 1
fi=(214)
+7 659 1 0 1
fi=(218)
+4 1107 1 1 0 0 1
+7 +1 1
+2 * 1 0 0 1 0 0 1
fi=(214)
+2 436 1 0 1
fi=(218)
+10 1107 1
+4 * 1 0 1
+7 * 1 0 1
+7 +1 1 1 1 0 0 0 0 0 0 0 0 1 1
cfi=(237)
cfn=(832) std::moneypunct<wchar_t, true>::_M_initialize_moneypunct(__locale_struct*, char const*)
calls=1 0xd1440 558 
* * 109 30 31 5 0 0 5 0 0 14 5
fi=(205)
+6 110 1 1
+5 * 1 0 0 0 0 0 0 0 0 1
+6 -16 1 0 1
fi=(214)
+7 659 1 1
+4 * 1 1 0 1 1 0 1
+7 * 1 0 1
+4 * 1 1 1 0 0 0 0 0 0 0 0 1 1
cfi=(207)
cfn=(748)
calls=1 0xc8910 507 
* * 15 5 2 0 0 0 0 0 0 2
+6 * 1 1
+4 * 1
+7 * 1 0 1
fi=(218)
+4 1530 1 1 0 0 1
fi=(214)
+7 436 1 0 1
fi=(218)
+10 1530 1
+4 * 1 0 1
fi=(205)
+7 110 1 1
+5 * 1 0 0 1 0 0 1 0 0 1
+6 -16 1 0 1
fi=(214)
+10 659 1 1
+4 * 1 1 0 0 1
+7 * 1 0 1
+4 * 1 1 1 0 0 0 0 0 0 0 0 1 1
cfi=(207)
cfn=(748)
calls=1 0xc8910 507 
* * 15 5 2 0 0 0 0 0 0 2
+6 * 1 1
+4 * 1
+7 * 1 0 1
fi=(218)
+4 1690 1 1
fi=(214)
+7 436 1 0 1 0 0 1 0 0 1
fi=(218)
+10 1690 1 0 0 1 0 0 1
+4 * 1 0 1
fi=(205)
+7 110 1 1
+5 * 1 0 0 0 0 0 0 0 0 1
+6 -16 1 0 1
fi=(214)
+10 659 1 1
+4 * 1 1
+7 * 1 0 1
+4 * 1 1 1 0 0 0 0 0 0 0 0 1 1
cfi=(207)
cfn=(748)
calls=1 0xc8910 507 
* * 15 5 2 0 0 0 0 0 0 2
+6 * 1 1
+4 * 1
+7 * 1 0 1 1 0 0 1
fi=(218)
+4 422 1 1 0 0 1
fi=(214)
+7 +14 1 0 1
fi=(218)
+10 -14 1
+4 * 1 0 1
fi=(205)
+7 110 1 1
+5 * 1 0 0 0 0 0 0 0 0 1
+6 -16 1 0 1
fi=(214)
+10 659 1 1
+4 * 1 1
+7 * 1 0 1 1 0 0 1
+4 * 1 1 1 0 0 0 0 0 0 0 0 1 1
cfi=(207)
cfn=(748)
calls=1 0xc8910 507 
* * 15 5 2 0 0 0 0 0 0 2
+6 * 1 1
+4 * 1
fe=(235)
+7 125 1
fi=(214)
+7 659 1 0 1
fe=(235)
+4 125 1
+5 * 1 1 1 0 0 0 0 0 0 0 0 1 1
cfi=(222)
cfn=(834)
calls=1 0x16cb80 -81 
* * 42 14 11 1 1 0 1 0 0 2 0 3
fi=(205)
+6 -15 1 1
+5 * 1 0 0 0 0 0 0 0 0 1
+6 -16 1 0 1
fi=(214)
+7 659 1 1 0 1 0 0 1
+4 * 1 1
+7 * 1 1 1 0 0 0 0 0 0 0 0 1 1
cfi=(207)
cfn=(748)
calls=1 0xc8910 507 
* * 15 5 2 0 0 0 0 0 0 2
+6 * 1
fe=(235)
+7 129 1 1
fi=(214)
+7 659 1 0 1
fe=(235)
+4 129 1 1
+4 * 1 1 1 0 0 0 0 0 0 0 0 1 1
cfi=(207)
cfn=(748)
calls=1 0xc8910 507 
* * 6 2 0 0 0 0 0 0 0 1 1
+6 +1 1 1
+7 -1 1 0 1
+4 +1 1 1
+4 * 1 1 1 0 0 0 0 0 0 0 0 1 1
cfi=(207)
cfn=(748)
calls=1 0xc8910 507 
* * 6 2 0 0 0 0 0 0 0 1 1
+6 +1 1 1 0 1 0 0 1
+7 -1 1 0 1
+4 +1 1 1
+4 * 1 1 1 0 0 0 0 0 0 0 0 1 1
cfi=(207)
cfn=(748)
calls=1 0xc8910 507 
* * 6 2 0 0 0 0 0 0 0 1 1
+6 * 1 1
+4 +2 1 1
+7 -2 1 0 1
+4 +2 1 1
+4 * 1 1 1 0 0 0 0 0 0 0 0 1 1
cfi=(207)
cfn=(748)
calls=1 0xc8910 507 
* * 6 2 0 0 0 0 0 0 0 1 1
+6 * 1 1
+4 +1 1 1
+7 -1 1 0 1
+4 +1 1 1
+4 * 1 1 1 1 0 0 1 0 0 0 0 1 1
cfi=(207)
cfn=(748)
calls=1 0xc8910 507 
* * 6 2 0 0 0 0 0 0 0 1 1
+6 * 1 1
+4 +1 1 1
+4 * 1 1
+7 -1 1 0 1
+4 +1 1 1 1 0 0 0 0 0 0 0 0 1 1
cfi=(207)
cfn=(748)
calls=1 0xc8910 507 
* * 6 2 0 0 0 0 0 0 0 1 1
+6 * 1 0 1
+4 +2 1
+4 * 1 1
+1 * 1 1
+2 * 1 1
+2 * 1 1
+2 * 1 1
+2 * 1 1
+1 * 1 1

fl=(207)
fn=(748)
0xc8910 507 1670611 0 0 1 0 0 1
+4 +1 1670611 1670611 0 0 307 0 0 10
+3 * 1670611
+3 * 1670611 0 0 0 0 0 0 0 0 1670611 22
fi=(205)
+2 54 48 48
fe=(207)
+7 521 48 48
+3 * 48 0 0 0 0 0 0 0 0 48
+2 +22 48
+7 * 48 48
+2 * 48
+3 * 48 0 48
+2 * 48
+2 * 48 0 48
+3 +2 48
+4 +1 48 48
-4 -1 1670563
+4 +1 1670563 1670563

fn=(852)
0xc8610 120 3084 0 0 2 0 0 2
+4 * 3084
+3 +1 3084
+7 * 3084 3084
+3 * 3084 3084
+3 * 3084
+3 * 3084 0 0 0 0 0 0 0 0 3084 9
+38 +4 3084 3084
+3 * 3084 0 3084
+3 +2 3084
+3 * 3084 3084
+17 -4 3084 3084 0 33 0 0 2
+3 * 3084
+3 * 3084 0 0 0 0 0 0 0 0 3084 9

fn=(734) std::locale::facet::_S_initialize_once()
0xc7bc0 208 1 0 0 1 0 0 1
+4 +4 1
+7 * 1 1
+4 * 1 0 0 0 0 0 0 0 0 1 1
+9 +4 1
+7 * 1
+2 * 1 1 0 0 1 0 0 0 0 0 0 1 1
cfi=(211)
cfn=(736)
calls=1 0xd6e60 -82 
* * 52 16 11 7 1 1 7 0 0 7 3 1 1

fn=(746)
0xc8980 325 32 0 0 1 0 0 1
+4 * 32 0 32
+1 * 32
+3 * 32 0 32
+2 * 32 0 32
+2 * 32 0 32
+2 * 32 0 32
+2 * 32 0 32
+1 * 32
+4 * 32 0 32
+4 +1 32
+3 * 32 0 0 0 0 0 0 0 0 32 2
+6 * 32
+3 * 32
+3 +2 32 32 32 0 1 0 0 0 0 0 0 32 1
cfn=(748)
calls=32 0xc8910 507 
* * 480 160 64 1 8 0 1 7 0 64
+6 +3 32 32
+4 -3 32
+3 +3 32
+4 * 32
+3 * 32 0 0 1 0 0 1 0 0 32 8
fi=(205)
0xc8adf 54 32 32 0 1 0 0 1
+7 +40 32 32
+4 +16 32 32
+4 * 32 0 0 0 0 0 0 0 0 32
+6 -16 32 0 32
fe=(207)
+4 369 32 32
+4 * 32
+4 +1 32 32 0 1 0 0 1
+3 -1 32 0 32
+4 +1 32
+3 * 32 0 0 0 0 0 0 0 0 32 6
0xc8c00 +36 32 32 0 1 0 0 1
+4 * 32 32
+4 * 32 0 32
+3 +15 32 32
+5 * 32 0 0 0 0 0 0 0 0 32
+2 * 32 32
+4 * 32
+3 * 32
+19 * 1536
+4 * 1536 1536
+4 * 1536 0 0 0 0 0 0 0 0 1536 32
+2 +2 1536 1536
+4 +1 1536 0 0 1 0 0 1
+8 * 1536
+3 * 1536 0 0 0 0 0 0 0 0 1536 4
+75 +7 32 0 0 1 0 0 1
+4 * 32 32
+1 * 32 32
+2 * 32 32
+2 * 32 32
+2 * 32 32
+2 * 32 32
+1 * 32 32

fn=(722)
0xc83e0 233 7 0 0 1 0 0 1
+4 * 7
+7 * 7 7

fn=(726)
0xc8390 221 1354949 0 0 3 0 0 2
fi=(367) /usr/src/debug/gcc/gcc-build/x86_64-pc-linux-gnu/libstdc++-v3/include/x86_64-pc-linux-gnu/bits/gthr-default.h
+4 746 1354949
+7 * 1354949
fe=(207)
+7 221 1354949 0 1354949
+1 * 1354949
fi=(367)
+3 746 1354949 1354949 1354949 0 535 1 0 1 0 0 0 1354949 1
cob=(2)
cfi=(209) /usr/src/debug/glibc/glibc/nptl/pthread_once.c
cfn=(728) pthread_once@@GLIBC_2.34
calls=1354949 0x9bf10 136 
* * 8129825 2709932 35 19 8 3 18 3 0 1354963 9 3 3
fe=(207)
+6 226 1354949
+7 * 1354949 1354949
+3 * 1354949
+3 * 1354949 0 0 0 0 0 0 0 0 1354949
+2 +3 1354949 1354949
+1 * 1354949 1354949

fn=(854)
0xc86c0 91 5134 0 0 1 0 0 1
+4 +2 5134
+7 * 5134 5134
+3 * 5134 5134
+3 * 5134 0 0 0 0 0 0 0 0 5134 13
fi=(214)
+26 605 5134 5134
fe=(207)

fn=(836)
0xc7c30 88 1 0 0 1 0 0 1
+4 * 1 0 1
+3 +1 1 1

fl=(347)
fn=(1510)
0x1520d0 50 612717 0 0 1 0 0 1
+4 +5 612717 612717
+3 -3 612717 0 612717
+3 -2 612717
+3 +2 612717 0 612717
+4 +3 612717 612717
+4 * 612717
fi=(239)
+3 311 612717 612717
+7 147 612717 612717
fe=(347)
+3 -92 612717
+3 * 612717 0 0 0 0 0 0 0 0 612717 10
+75 +3 612717 0 0 1 0 0 1
+2 * 612717 0 0 0 0 0 0 0 0 612717
+2 +1 612717 0 612717
+3 * 612717 612717

fn=(1508) std::ostream& std::ostream::_M_insert<double>(double)
0x154690 67 306359 0 0 1 0 0 1
+4 * 306359 0 306359
+1 * 306359
+3 * 306359 0 306359
+2 * 306359
+5 * 306359 0 306359
+2 * 306359 0 306359
+2 * 306359 0 306359
+2 * 306359 0 306359
+1 * 306359
+3 * 306359
+4 +3 306359 306359
+9 * 306359 0 306359
+4 * 306359
+3 * 306359 0 0 1 0 0 1
+4 * 306359 306359 306359 0 0 0 0 0 0 0 0 306359 1
cfn=(1510)
calls=306359 0x1520d0 -20 
* * 4595385 1531795 919077 2 0 0 2 0 0 612718 5
+6 +1 306359 306359
+4 * 306359 0 0 0 0 0 0 0 0 306359
+2 +6 306359 306359
+3 * 306359 306359
+4 * 306359
+3 * 306359 306359
fi=(239)
+7 -26 306359
+3 * 306359 0 0 0 0 0 0 0 0 306359
+6 389 306359 306359
+7 * 306359 0 0 0 0 0 0 0 0 306359
fi=(216)
+6 2474 306359 306359
fi=(239)
+8 338 306359 306359 0 1 0 0 1
fi=(216)
+7 2474 306359 306359 0 0 1 0 0 1
+4 * 306359
+2 * 306359
+3 * 306359
fi=(307)
+5 287 306359
+3 * 306359
fi=(216)
+3 2474 306359 306359 306359 0 1 0 0 1 0 0 0 306359 1
cfi=(306)
cfn=(1516)
calls=306359 0x141960 1182 
* * 866937616 205779649 133688829 182 45 142 182 43 18 125276660 2605641 6435014 21
fe=(347)
+3 82 306358
+2 * 306358 0 0 0 0 0 0 0 0 306358
fi=(242)
+6 577 306358 306358
+4 * 306358 306358
+4 * 306358 306358
+4 * 306358
+3 +1 306358 306358
+5 * 306358 0 0 0 0 0 0 0 0 306358 6
fe=(347)
+10 96 306358 306358 0 1 0 0 1
+4 * 306358 306358
+9 * 306358 0 0 0 0 0 0 0 0 306358 4
+6 * 306358
+4 * 306358
+3 * 306358 306358
+1 * 306358 306358
+2 * 306358 306358
+2 * 306358 306358
+2 * 306358 306358
+2 * 306358 306358
+1 * 306358 306358

fl=(215)
fn=(1140)
0xc2c80 100 613487 0 0 771 0 0 2
+4 * 613487
+5 * 613487 613487

fn=(798)
0xc2e60 118 1 0 0 1 0 0 1
+4 * 1 0 1
fi=(214)
+1 436 1
+2 * 1
+3 * 1
fe=(215)
+3 118 1
+3 * 1 0 1
+2 * 1 0 1
+1 * 1
fi=(214)
+3 436 1 0 1 0 0 1 0 0 1
fe=(215)
+3 121 1 1
+7 * 1 0 0 1 0 0 1
+4 * 1 0 1
+3 * 1 1 1 0 0 0 0 0 0 0 0 1 1
cfi=(207)
cfn=(726)
calls=1 0xc8390 221 
* * 18 6 2 0 0 0 0 0 0 2 0 1
+6 * 1 0 1 0 0 1 0 0 1
+4 +1 1 1
+1 * 1 1
+2 * 1 1
+1 * 1 1

fn=(754)
0xc2dc0 38 1 0 0 1 0 0 1
+4 * 1 0 1
fi=(214)
+1 436 1
+2 * 1
+3 * 1
fe=(215)
+3 38 1
+3 * 1 0 1
+2 * 1 0 1
+1 * 1
fi=(214)
+3 436 1 0 1 0 0 1 0 0 1
fe=(215)
+3 41 1 1 0 0 1
+7 * 1
+4 * 1 0 1
+3 * 1 1 1 0 0 0 0 0 0 0 0 1 1
cfi=(207)
cfn=(726)
calls=1 0xc8390 221 
* * 18 6 2 0 0 0 0 0 0 2 0 1
+6 * 1 0 1
+4 +1 1 1
+1 * 1 1
+2 * 1 1
+1 * 1 1

fl=(348)
fn=(1522)
0xc9200 64 306359 0 0 1 0 0 1
+4 * 306359
+3 * 306359
+2 +2 306359
fi=(241)
+4 695 306359 306359
fe=(348)
+3 66 306359 0 306359
+3 +2 306359
+3 * 306359 0 0 0 0 0 0 0 0 306359 1
+10 +2 306359
+3 * 306359 0 0 0 0 0 0 0 0 306359
fi=(241)
+9 +17 306359
+2 * 306359
+5 * 306359
fe=(348)
+6 -10 306359
+6 * 306359 0 0 1 0 0 1 0 0 306359
+2 +4 306359
+5 * 306359 0 306359
+3 +4 306359
+3 * 306359 0 0 0 0 0 0 0 0 306359 2
+15 +9 306359
+3 * 306359
+2 * 306359
+3 -1 306359
+6 * 306359 0 0 0 0 0 0 0 0 306359 2
+23 -11 306359 0 0 1 0 0 1
+4 +9 306359
+3 * 306359 0 0 0 0 0 0 0 0 306359 1
+65 +9 306359 0 0 1 0 0 1
+3 * 306359
+4 * 306359 0 306359
+2 +1 306359 0 306359
+3 +1 306359 306359

fl=(204)
fn=(710)
0xc6a80 78 1 0 0 1 0 0 1
+4 * 1 0 1
+1 * 1
+3 * 1 0 1
+2 * 1 0 1
+2 * 1 0 1
+2 * 1 0 1
+2 * 1 0 1
+1 * 1
fi=(205)
+4 +22 1 1 0 0 1
+7 -14 1
+7 +14 1 1
+3 * 1 0 0 0 0 0 0 0 0 1
+2 -14 1 1 0 0 1 0 0 1
+2 +1 1
+3 * 1 0 1
fe=(204)
+2 -7 1
+2 * 1 0 0 0 0 0 0 0 0 1 1
+36 * 1 1 0 1 1 0 1
fi=(300)
+7 475 1
+4 * 1
+7 -1 1 0 1 0 0 1
+11 +1 1 0 1 0 0 1
+7 * 1
+4 * 1 0 0 1 0 0 1
+4 * 1 0 1
+7 * 1
+5 * 1 1 0 0 1
+7 * 1
+5 * 1
+4 * 1
+4 * 1 0 1
+4 * 1
+5 * 1 1 0 0 1
+7 * 1 0 1
+4 * 1
+4 * 1
+4 * 1 0 0 1 0 0 1
+5 * 1 1 0 0 1
+7 * 1
+5 * 1
+4 * 1
+4 * 1 0 1
+4 * 1
fe=(204)
+5 83 1
fi=(300)
+7 475 1 0 1
fe=(204)
+7 83 1 0 1 0 0 1
+3 +2 1 1 0 0 1
fi=(300)
+7 475 1 0 1
fe=(204)
+4 85 1 1
fi=(300)
+3 475 1 1 1 1 1 0 1 0 0 0 0 1 1
cfi=(206)
cfn=(714)
calls=1 0xe1ba0 269 
* * 36165 10487 4348 254 136 102 254 21 94 7070 315 812 129
fi=(238) /usr/src/debug/gcc/gcc-build/x86_64-pc-linux-gnu/libstdc++-v3/include/ext/stdio_sync_filebuf.h
+6 83 1 1 0 0 1
fi=(300)
+7 475 1
+4 * 1 1
fi=(238)
+5 83 1 0 1
fi=(300)
+7 475 1
fi=(238)
+7 83 1
fe=(204)
+4 +3 1 1
fi=(300)
+7 475 1 0 1 0 0 1
+7 * 1 0 1
fe=(204)
+7 86 1 1
fi=(300)
+3 475 1 0 1 1 0 0 1
fi=(238)
+7 83 1 0 1
+7 * 1 0 1
fi=(300)
+10 474 1 0 1
+11 +1 1 1 1 0 0 0 0 0 0 0 0 1 1
cfi=(206)
cfn=(714)
calls=1 0xe1ba0 269 
* * 26 10 6 0 0 0 0 0 0 3 1
fe=(204)
+6 87 1 1 0 0 1
fi=(300)
+7 475 1
+4 * 1 1
+5 * 1 0 1 0 0 1
+7 * 1 0 0 1 0 0 1
+7 * 1 0 1 0 0 1
fi=(238)
+7 83 1 0 1
fe=(204)
+7 +4 1 1
fi=(300)
+3 475 1 0 1
fi=(238)
+7 83 1 0 1
+7 * 1 0 1
fi=(300)
+10 474 1 0 1
+11 +1 1 1 1 0 0 0 0 0 0 0 0 1 1
cfi=(206)
cfn=(714)
calls=1 0xe1ba0 269 
* * 26 10 6 0 0 0 0 0 0 3 1
fi=(239)
+6 +2 1 1 0 1 0 0 1
fi=(238)
+7 83 1 0 1
+7 * 1 0 1
+7 * 1 0 1
fi=(239)
+10 477 1
+4 * 1 1 1 0 1 0 0 0 0 0 0 1 1
cfi=(240)
cfn=(842)
calls=1 0xe02a0 76 
* * 86 12 30 3 0 4 3 0 4 11 5 1 1
fi=(242)
+6 93 1 1
fi=(239)
+5 476 1
+2 +1 1
+4 -1 1 0 1
fi=(242)
+8 93 1
+4 * 1 0 0 1 0 0 1
fi=(239)
+7 476 1 0 1
+11 +1 1 0 1
+8 * 1 0 1 0 0 1 0 0 1
fi=(242)
+8 93 1 0 1
+4 * 1 1 1 0 0 0 0 0 0 0 0 1 1
cfi=(243)
cfn=(848)
calls=1 0x12ff60 +38 
* * 958 111 75 26 8 0 26 2 0 40 18 10 10
fi=(239)
+6 477 1 1 0 0 1
+7 * 1
+4 * 1 1 1 0 0 0 0 0 0 0 0 1 1
cfi=(240)
cfn=(842)
calls=1 0xe02a0 76 
* * 86 12 30 0 0 3 0 0 3 11 6 1
+6 * 1
+4 -1 1 0 0 1 0 0 1
fi=(246) /usr/src/debug/gcc/gcc-build/x86_64-pc-linux-gnu/libstdc++-v3/include/istream
+2 99 1
+4 -1 1 1
fi=(239)
+7 476 1 0 1
fi=(246)
+8 99 1
fi=(239)
+7 476 1 0 1
fi=(246)
+11 98 1
+4 * 1
+4 * 1 0 1
+8 * 1 0 1
+4 * 1 0 1
fi=(239)
+4 477 1 0 1 1 0 0 1
+8 * 1 0 1
fi=(246)
+8 99 1 1 1 0 0 0 0 0 0 0 0 1 1
cfi=(243)
cfn=(848)
calls=1 0x12ff60 +32 
* * 157 63 36 0 0 0 0 0 0 12 5 8 1
fi=(239)
+6 477 1 1 0 0 1
+7 * 1
+5 * 1 1 1 0 0 0 0 0 0 0 0 1 1
cfi=(240)
cfn=(842)
calls=1 0xe02a0 76 
* * 86 12 30 0 0 4 0 0 0 11 2 1
fi=(242)
+6 93 1 1
fi=(239)
+5 477 1
+4 -1 1
+2 * 1 0 1 0 0 1
fi=(242)
+9 93 1 0 0 1 0 0 1
+7 * 1
fi=(239)
+5 476 1 0 1
+12 +1 1 0 1
+9 * 1 0 1
fi=(242)
+9 93 1 0 1
+5 * 1 1 1 0 0 0 0 0 0 0 0 1 1
cfi=(243)
cfn=(848)
calls=1 0x12ff60 +38 
* * 157 63 36 0 0 0 0 0 0 12 0 8
fi=(239)
+6 477 1 1 0 0 1
+7 * 1
+4 * 1 0 1
+4 * 1 1 1 1 0 0 1 0 0 0 0 1 1
cfi=(240)
cfn=(842)
calls=1 0xe02a0 76 
* * 86 12 30 0 0 4 0 0 4 11 0 1
fi=(242)
+6 93 1 1
fi=(239)
+5 477 1
+4 -1 1
+2 * 1 0 1
fi=(242)
+11 93 1 1
+4 * 1
fi=(239)
+7 476 1 0 1
+8 +1 1 0 1
+8 * 1 0 1
fi=(242)
+8 93 1 0 1 1 0 0 1
+4 * 1 1 1 0 0 0 0 0 0 0 0 1 1
cfi=(243)
cfn=(848)
calls=1 0x12ff60 +38 
* * 157 63 36 0 0 0 0 0 0 12 0 8
fe=(204)
+6 +9 1 1
fi=(300)
+7 475 1 1
+5 * 1
fi=(239)
+4 325 1 0 1
+7 * 1 0 1
fi=(300)
+8 475 1
fe=(204)
+7 102 1 1
fi=(300)
+3 475 1 0 1 0 0 1
fi=(241)
+7 107 1 0 1 1 0 0 1
fi=(300)
+9 475 1 0 1
+7 * 1 0 1
+7 -1 1 0 1
+11 +1 1 1 1 0 0 0 0 0 0 0 0 1 1
cfi=(206)
cfn=(714)
calls=1 0xe1ba0 269 
* * 26 10 6 0 0 0 0 0 0 3 1
fi=(238)
+6 83 1 1
fi=(300)
+7 475 1
+4 * 1 1
fi=(238)
+5 83 1 0 1 0 0 1
fi=(300)
+7 475 1
fi=(238)
+7 83 1 0 0 1 0 0 1
fe=(204)
+4 +20 1 1
fi=(300)
+7 475 1 0 1 0 0 1
+7 * 1 0 1
fe=(204)
+7 103 1 1
fi=(300)
+3 475 1 0 1 0 0 1
fi=(238)
+7 83 1 0 1
+7 * 1 0 1
fi=(300)
+10 474 1 0 1
+11 +1 1 1 1 1 0 0 1 0 0 0 0 1 1
cfi=(206)
cfn=(714)
calls=1 0xe1ba0 269 
* * 26 10 6 0 0 0 0 0 0 3 1
fe=(204)
+6 104 1 1
fi=(300)
+7 475 1
+4 * 1 1
+5 * 1 0 1 0 0 1
+7 * 1
+7 * 1 0 1
fi=(238)
+7 83 1 0 1
fe=(204)
+7 +21 1 1
fi=(300)
+3 475 1 0 1
fi=(238)
+7 83 1 0 1
+7 * 1 0 1 1 0 0 1
fi=(300)
+10 474 1 0 1
+11 +1 1 1 1 0 0 0 0 0 0 0 0 1 1
cfi=(206)
cfn=(714)
calls=1 0xe1ba0 269 
* * 26 10 6 0 0 0 0 0 0 3 2
fi=(239)
+6 +2 1 1 0 0 1
fi=(238)
+7 83 1 0 1
+7 * 1 0 1
+7 * 1 0 1
fi=(239)
+10 477 1
+4 * 1 1 1 1 0 0 1 0 0 0 0 1 1
cfi=(240)
cfn=(842)
calls=1 0xe02a0 76 
* * 86 12 30 0 0 4 0 0 4 11 4 1
fi=(242)
+6 93 1 1
fi=(239)
+5 477 1
+4 -1 1 0 1
+11 * 1 0 1
fi=(242)
+11 93 1
+7 * 1
fi=(239)
+4 476 1 0 1
+8 +1 1 0 1
+8 * 1 0 1 1 0 1 1 0 1
fi=(242)
+8 93 1 0 1
+4 * 1 1 1 0 0 0 0 0 0 0 0 1 1
cfi=(243)
cfn=(868)
calls=1 0x130bb0 +38 
* * 159 65 37 7 1 0 7 0 0 11 0 9 6
fi=(239)
+6 477 1 1 0 0 1
+7 * 1
+4 * 1 1 1 0 0 0 0 0 0 0 0 1 1
cfi=(240)
cfn=(842)
calls=1 0xe02a0 76 
* * 86 12 30 0 0 4 0 0 4 11 6 1
fi=(246)
+6 98 1 1 0 0 1
fi=(239)
+7 477 1
+4 -1 1 0 1
+11 * 1 0 1 1 0 0 1
fi=(246)
+11 99 1
+7 * 1
+4 -1 1
+4 * 1
fi=(239)
+4 476 1 0 1
fi=(246)
+8 98 1 0 1
+4 * 1 0 1
+4 * 1 0 1
fi=(239)
+8 477 1 0 1
+8 * 1 0 1
fi=(246)
+8 99 1 1 1 1 0 0 1 0 0 0 0 1 1
cfi=(243)
cfn=(868)
calls=1 0x130bb0 +32 
* * 159 65 37 0 0 0 0 0 0 11 0 9
fi=(239)
+6 477 1 1 0 0 1
+7 * 1
+5 * 1 1 1 0 0 0 0 0 0 0 0 1 1
cfi=(240)
cfn=(842)
calls=1 0xe02a0 76 
* * 86 12 30 0 0 4 0 0 0 11 5 1
fi=(242)
+6 93 1 1
fi=(239)
+5 477 1
+4 -1 1 0 1 0 0 1
+12 * 1 0 1
fi=(242)
+9 93 1
+7 * 1
fi=(239)
+5 476 1 0 1 1 0 0 1
+12 +1 1 0 1
+9 * 1 0 1
fi=(242)
+9 93 1 0 1
+5 * 1 1 1 0 0 0 0 0 0 0 0 1 1
cfi=(243)
cfn=(868)
calls=1 0x130bb0 +38 
* * 159 65 37 0 0 0 0 0 0 11 0 9
fi=(239)
+6 477 1 1
+7 * 1
+4 * 1 0 1
+4 * 1 1 1 0 0 0 0 0 0 0 0 1 1
cfi=(240)
cfn=(842)
calls=1 0xe02a0 76 
* * 86 12 30 0 0 4 0 0 0 11 0 1
fi=(242)
+6 93 1 1 0 1 0 0 1
fi=(239)
+5 477 1
+4 -1 1 0 1
+11 * 1 0 1
fi=(242)
+11 93 1 1
+4 * 1
fi=(239)
+7 476 1 0 1
+8 +1 1 0 1
+8 * 1 0 1
fi=(242)
+8 93 1 0 1 1 0 0 1
+4 * 1 1 1 0 0 0 0 0 0 0 0 1 1
cfi=(243)
cfn=(868)
calls=1 0x130bb0 +38 
* * 159 65 37 0 0 0 0 0 0 11 0 9
fi=(205)
+6 +17 1 1
fi=(239)
+7 325 1 0 1
fi=(241)
+7 107 1 0 1
fi=(239)
+9 325 1 0 1
fi=(205)
+8 110 1 1
+3 * 1 0 0 0 0 0 0 0 0 1
+2 -16 1 0 1
fe=(204)
+3 +27 1
+4 * 1 1
+1 * 1 1
+2 * 1 1
+2 * 1 1
+2 * 1 1
+2 * 1 1
+1 * 1 1

fl=(249) ???
fn=(888) 0x00000000000ae760
0xae6d0 0 1 0 0 1 0 0 1
+7 0 1
+7 0 1
+3 0 1
+3 0 1
+4 0 1
+4 0 1
+3 0 1
+3 0 1 0 0 0 0 0 0 0 0 1 1
+22 0 1 1 0 1 0 0 1
+88 0 1 0 0 1 0 0 1
+4 0 1

fl=(319)
fn=(1344)
0x1587f0 153 1024 0 0 1 0 0 1
+4 +5 1024 1024
+4 * 1024 0 0 0 0 0 0 0 0 1024
fi=(300)
+2 541 1024 1024
+4 -44 1024 1024 0 1 0 0 1
fi=(334) /usr/src/debug/gcc/gcc-build/x86_64-pc-linux-gnu/libstdc++-v3/include/sstream
+4 -77 1024
+3 * 1024 0 0 0 0 0 0 0 0 1024
+2 +3 1024
+3 * 1024 0 0 0 0 0 0 0 0 1024
+2 * 1024
+3 * 1024 0 0 0 0 0 0 0 0 1024
fi=(300)
+2 +71 1024 1024
fe=(319)
+4 163 1024
+3 * 1024 0 0 0 0 0 0 0 0 1024 1024
+24 -7 1024
+5 * 1024 1024

fn=(1240) std::__cxx11::basic_stringbuf<char, std::char_traits<char>, std::allocator<char> >::_M_sync(char*, unsigned long, unsigned long)
0x15a050 249 1024 0 0 1 0 0 1
fi=(311)
+4 -10 1024 1024
fe=(319)
+4 +10 1024
fi=(311)
+3 +8 1024
+4 1165 1024 1024
+4 280 1024
+3 * 1024 0 0 0 0 0 0 0 0 1024
+6 1279 1024 1024
fe=(319)
+4 252 1024 1024
+3 +2 1024
+3 +1 1024
+3 +2 1024
+3 * 1024 0 0 0 0 0 0 0 0 1024 3
+10 +8 1024 0 0 1 0 0 1
+4 * 1024 0 0 0 0 0 0 0 0 1024 3
+14 +1 1024
+3 +1 1024
fi=(300)
+3 520 1024 0 1024
fe=(319)
+4 266 1024 0 1024
fi=(300)
+4 522 1024 0 1024
fe=(319)
+4 267 1024 0 0 0 0 0 0 0 0 1024
+2 +2 1024
+3 * 1024
+3 * 1024 1024 0 0 0 0 0 0 0 0 0 1024 1
cfn=(1244) std::__cxx11::basic_stringbuf<char, std::char_traits<char>, std::allocator<char> >::_M_pbump(char*, char*, long)
calls=1024 0x159ca0 +11 
* * 11264 1024 3072 1026 0 0 2 0 0 1024 3

fn=(1244)
0x159ca0 280 1024 0 0 1024 0 0 1
fi=(300)
+4 566 1024 0 1024
fe=(319)
+4 280 1024
fi=(300)
+3 567 1024 0 1024
fe=(319)
+4 284 1024
+7 * 1024 0 0 0 0 0 0 0 0 1024 3
0x159d50 * 1024 0 0 2 0 0 1
fi=(300)
+3 554 1024
+2 * 1024
+3 * 1024 0 1024
fe=(319)
+4 290 1024 1024

fl=(265) /usr/src/debug/gcc/gcc/libstdc++-v3/src/c++98/parallel_settings.cc
fn=(940) _GLOBAL__sub_I_parallel_settings.cc
0xae2a0 42 1
fi=(368) /usr/src/debug/gcc/gcc-build/x86_64-pc-linux-gnu/libstdc++-v3/include/parallel/settings.h
+4 290 1 1
+8 +10 1
+5 +3 1 1
+8 -5 1 0 1 1 0 1 1 0 1
+11 -9 1 0 1
+11 +1 1 0 1 0 0 1 0 0 1
+7 * 1
+4 * 1
+5 +13 1 0 1
+7 * 1 1 0 0 1 0 0 1
+8 -13 1 0 1
+7 +10 1
+5 +2 1 1 0 1 0 0 1
+7 -2 1
+4 +9 1 0 1 0 0 1 0 0 1
+11 -9 1 0 1
+7 +3 1 0 1
+7 +8 1 0 1
+7 +3 1 0 1 0 0 1 0 0 1
+7 +3 1 0 1
+7 +5 1 0 1 0 0 1 0 0 1
+7 * 1 0 1 1 0 0 1
+7 * 1 0 1
+7 +8 1 1
+8 -28 1 0 1
+7 -13 1
+10 +41 1 0 1
+7 * 1 1
+8 -41 1 0 1
+7 * 1 0 0 1 0 0 1
+10 * 1 0 1
+7 +39 1 1 0 0 1 0 0 1
+7 +2 1 0 1 0 0 1 0 0 1
+7 * 1 1
+8 -2 1 0 1
+7 -39 1 0 1
+11 +27 1 0 1
+11 -27 1 0 1 1 0 0 1
+11 +14 1 0 1
+7 +27 1 0 1
+7 +6 1 1
+7 +2 1 1 0 0 1 0 0 1
+8 +2 1 0 1
+10 -4 1 0 1
+7 +2 1 0 1
fe=(265)
+7 42 1 1

fl=(266) /usr/src/debug/gcc/gcc/libstdc++-v3/src/c++11/locale-inst.cc
fn=(958) _GLOBAL__sub_I_locale_inst.cc
0xae500 160 1 0 0 1 0 0 1
fi=(216)
+4 2310 1 1
+7 * 1 1
+3 * 1 0 0 0 0 0 0 0 0 1
+2 * 1 0 1
+3 2603 1 1
+7 * 1 1
+3 * 1 0 0 0 0 0 0 0 0 1
+2 * 1 0 1
fi=(218)
+3 1653 1 1 0 0 1
+7 * 1 1
+3 * 1 0 0 0 0 0 0 0 0 1
+2 * 1 0 1
+3 1818 1 1 0 0 1
+7 * 1 1
+3 * 1 0 0 0 0 0 0 0 0 1
+2 * 1 0 1
+3 1415 1 1 0 1 0 0 1
+7 * 1 1 0 0 1 0 0 1
+3 * 1 0 0 0 0 0 0 0 0 1
+2 * 1 0 1
+3 * 1 1 0 0 1
+7 * 1 1
+3 * 1 0 0 0 0 0 0 0 0 1
+2 * 1 0 1
fi=(216)
+3 1893 1 1
+7 * 1 1
+3 * 1 0 0 0 0 0 0 0 0 1
+2 * 1 0 1
fi=(218)
+3 328 1 1 0 0 1
+7 * 1 1
+3 * 1 0 0 0 0 0 0 0 0 1
+2 * 1 0 1
+3 929 1 1 0 1 0 0 1
+7 * 1 1
+3 * 1 0 0 0 0 0 0 0 0 1
+2 * 1 0 1
+3 796 1 1 0 0 1
+7 * 1 1
+3 * 1 0 0 0 0 0 0 0 0 1
+2 * 1 0 1
+3 2024 1 1
+7 * 1 1
+3 * 1 0 0 0 0 0 0 0 0 1
+2 * 1 0 1
fi=(214)
+3 838 1 1
+7 * 1 1
+3 * 1 0 0 0 0 0 0 0 0 1
+2 * 1 0 1
fe=(266)
+3 160 1 1

fn=(966) _GLOBAL__sub_I_wlocale_inst.cc
0xae5c0 160 1 0 0 1 0 0 1
fi=(216)
+4 2310 1 1
+7 * 1 1
+3 * 1 0 0 0 0 0 0 0 0 1
+2 * 1 0 1
+3 2603 1 1 0 0 1
+7 * 1 1
+3 * 1 0 0 0 0 0 0 0 0 1
+2 * 1 0 1
fi=(218)
+3 1653 1 1
+7 * 1 1
+3 * 1 0 0 0 0 0 0 0 0 1 1
+2 * 1 0 1
+3 1818 1 1
+7 * 1 1
+3 * 1 0 0 0 0 0 0 0 0 1
+2 * 1 0 1
+3 1415 1 1 0 1 1 0 1
+7 * 1 1 0 0 1 0 0 1
+3 * 1 0 0 0 0 0 0 0 0 1
+2 * 1 0 1
+3 * 1 1
+7 * 1 1
+3 * 1 0 0 0 0 0 0 0 0 1
+2 * 1 0 1
fi=(216)
+3 1893 1 1 0 0 1
+7 * 1 1
+3 * 1 0 0 0 0 0 0 0 0 1
+2 * 1 0 1
fi=(218)
+3 328 1 1
+7 * 1 1
+3 * 1 0 0 0 0 0 0 0 0 1
+2 * 1 0 1
+3 929 1 1 0 1 1 0 1
+7 * 1 1
+3 * 1 0 0 0 0 0 0 0 0 1 1
+2 * 1 0 1
+3 796 1 1
+7 * 1 1
+3 * 1 0 0 0 0 0 0 0 0 1
+2 * 1 0 1
+3 2024 1 1
+7 * 1 1
+3 * 1 0 0 0 0 0 0 0 0 1
+2 * 1 0 1
fi=(214)
+3 838 1 1
+7 * 1 1
+3 * 1 0 0 0 0 0 0 0 0 1
+2 * 1 0 1
fe=(266)
+3 160 1 1

fn=(942) _GLOBAL__sub_I_cxx11_locale_inst.cc
0xae400 160 1 0 0 1 0 0 1
fi=(218)
+4 1653 1 1 0 0 1
+7 * 1 1 0 0 1 0 0 1
+3 * 1 0 0 0 0 0 0 0 0 1
+2 * 1 0 1
+3 1818 1 1
+7 * 1 1
+3 * 1 0 0 0 0 0 0 0 0 1
+2 * 1 0 1
+3 1415 1 1 0 0 1
+7 * 1 1
+3 * 1 0 0 0 0 0 0 0 0 1
+2 * 1 0 1
+3 * 1 1
+7 * 1 1
+3 * 1 0 0 0 0 0 0 0 0 1
+2 * 1 0 1
fi=(216)
+3 1893 1 1 0 1 1 0 1
+7 * 1 1
+3 * 1 0 0 0 0 0 0 0 0 1
+2 * 1 0 1
fi=(218)
+3 796 1 1
+7 * 1 1
+3 * 1 0 0 0 0 0 0 0 0 1
+2 * 1 0 1
+3 2024 1 1
+7 * 1 1
+3 * 1 0 0 0 0 0 0 0 0 1
+2 * 1 0 1
fi=(214)
+3 838 1 1 0 0 1
+7 * 1 1
+3 * 1 0 0 0 0 0 0 0 0 1
+2 * 1 0 1
fe=(266)
+3 160 1 1

fn=(950) _GLOBAL__sub_I_cxx11_wlocale_inst.cc
0xae480 160 1 0 0 1 0 0 1
fi=(218)
+4 1653 1 1
+7 * 1 1 0 0 1 0 0 1
+3 * 1 0 0 0 0 0 0 0 0 1
+2 * 1 0 1
+3 1818 1 1 0 0 1
+7 * 1 1
+3 * 1 0 0 0 0 0 0 0 0 1
+2 * 1 0 1
+3 1415 1 1
+7 * 1 1
+3 * 1 0 0 0 0 0 0 0 0 1
+2 * 1 0 1
+3 * 1 1 0 0 1
+7 * 1 1
+3 * 1 0 0 0 0 0 0 0 0 1
+2 * 1 0 1
fi=(216)
+3 1893 1 1 0 1 0 0 1
+7 * 1 1
+3 * 1 0 0 0 0 0 0 0 0 1
+2 * 1 0 1
fi=(218)
+3 796 1 1 0 0 1
+7 * 1 1
+3 * 1 0 0 0 0 0 0 0 0 1
+2 * 1 0 1
+3 2024 1 1
+7 * 1 1
+3 * 1 0 0 0 0 0 0 0 0 1
+2 * 1 0 1
fi=(214)
+3 838 1 1
+7 * 1 1
+3 * 1 0 0 0 0 0 0 0 0 1
+2 * 1 0 1
fe=(266)
+3 160 1 1

fl=(300)
fn=(1282)
0x13a630 494 1048053 1048053 0 2 0 0 1
+4 328 1048053 1048053
+4 * 1048053 0 0 0 0 0 0 0 0 1048053
+2 507 1048053
+4 * 1048053 0 1048053 60 0 0 1
+4 336 1048053 1048053

fl=(216)
fn=(1160) std::num_get<char, std::istreambuf_iterator<char, std::char_traits<char> > >::do_get(std::istreambuf_iterator<char, std::char_traits<char> >, std::istreambuf_iterator<char, std::char_traits<char> >, std::ios_base&, std::_Ios_Iostate&, unsigned int&) const
0x14c9a0 2238 1 0 0 1 0 0 1
+4 +2 1 1 0 0 1 0 0 0 0 0 0 1 1
cfi=(306)
cfn=(1162)
calls=1 0x14bdb0 378 
* * 366 98 53 27 3 0 27 1 0 69 13 2 1

fl=(250) /usr/src/debug/gcc/gcc/libstdc++-v3/src/c++11/compatibility-c++0x.cc
fn=(896) std::error_category::error_category()
0xafa50 180 2 0 0 1 0 0 1
+4 * 2 2 0 0 1
+7 * 2
+4 * 2 0 2
+3 * 2 2

fn=(894) _GLOBAL__sub_I_compatibility_c__0x.cc
0xade90 260 1 0 0 1 0 0 1
+4 * 1 0 1
+1 -72 1
+7 +30 1 0 1 0 0 1
+11 +42 1
+3 -72 1 1 1 0 0 0 0 0 0 0 0 1 1
cfn=(896)
calls=1 0xafa50 -8 
* * 5 2 1 1 1 0 1
+6 * 1
+7 +30 1
+7 * 1 0 0 1 0 0 1
+7 * 1
+7 -30 1 0 1
+7 +30 1 1 1 0 0 0 0 0 0 0 0 1 1
cob=(2)
cfi=(247)
cfn=(880)
calls=1 0x404f0 67 
* * 76 13 15 0 0 1 0 0 1 10 2
+6 -15 1
+7 +16 1 0 1
+11 -16 1 1 1 0 0 0 0 0 0 0 0 1 1
cfn=(896)
calls=1 0xafa50 -23 
* * 5 2 1
+6 * 1
+7 +57 1 1
+1 -42 1
+7 -15 1 0 1 1 0 0 1
+7 +15 1
+7 * 1
+7 * 1 1 0 0 0 0 0 0 0 0 0 1 1
cob=(2)
cfi=(247)
cfn=(880)
calls=1 0x404f0 67 
* * 76 13 15 0 0 0 0 0 0 10 2

fl=(307)
fn=(1166)
0x1444f0 201 2096630 0 0 1 0 0 1
+4 * 2096630 0 2096630
+1 * 2096630
+3 * 2096630
+3 * 2096630
+4 +8 2096630 2096630 0 1 0 0 1
+3 * 2096630 2096630
+5 * 2096630
+3 * 2096630
+3 * 2096630
+3 * 2096630
+2 * 2096630 0 0 0 0 0 0 0 0 2096630 5
+2 * 2096630 2096630
+3 * 2096630 2096630
+4 * 2096630
+3 * 2096630
+3 * 2096630
+3 * 2096630
+2 * 2096630 0 0 0 0 0 0 0 0 2096630
+2 -7 2096630 2096630
+1 * 2096630
+2 * 2096630
+3 * 2096630 2096630
+2 * 2096630
fi=(300)
+2 350 2096630 2096630
+4 * 2096630 2096630
+4 * 2096630 0 0 0 0 0 0 0 0 2096630
fe=(307)
+2 201 2096630
+2 * 2096630

fn=(1170)
0x111640 206 2096630 0 0 1 0 0 1
+4 +3 2096630 2096630
+3 -1 2096630 2096630
+3 +1 2096630
+3 * 2096630 0 0 0 0 0 0 0 0 2096630
+2 * 2096630
+3 * 2096630 0 0 0 0 0 0 0 0 2096630 4
fi=(300)
+6 494 2096630 2096630
+4 350 2096630 2096630
+4 * 2096630 0 0 0 0 0 0 0 0 2096630
fi=(304)
+2 452 2096630 2096630
+3 * 2096630 2096630
fe=(307)

fl=(310) /usr/src/debug/gcc/gcc/libstdc++-v3/src/c++98/istream-string.cc
fn=(1194) std::basic_istream<char, std::char_traits<char> >& std::getline<char, std::char_traits<char>, std::allocator<char> >(std::basic_istream<char, std::char_traits<char> >&, std::__cxx11::basic_string<char, std::char_traits<char>, std::allocator<char> >&, char)
0xcdda0 124 1026 0 0 1 0 0 1
+4 * 1026 0 1026
+1 * 1026
+3 * 1026 0 1026
+2 * 1026 0 1026
+2 * 1026
+3 * 1026 0 1026
+2 * 1026 0 1026
+2 * 1026
+3 +12 1026
+3 -12 1026 0 1026
+1 * 1026
+4 * 1026 0 1026 1 0 0 1
+3 +12 1026
+5 * 1026 1026
+9 * 1026 0 1026
+4 * 1026
+4 * 1026 1026 1026 0 0 0 0 0 0 0 0 1026 1
cfi=(299) /usr/src/debug/gcc/gcc-build/x86_64-pc-linux-gnu/libstdc++-v3/include/bits/istream.tcc
cfn=(1128) std::istream::sentry::sentry(std::istream&, bool)
calls=1026 0x132ab0 -85 
* * 30780 10260 7182 1 0 0 0 0 0 3078 7
+6 +1 1026 1026
+4 * 1026 0 0 0 0 0 0 0 0 1026 4
+7 +63 1 1
+3 * 1 1
+4 * 1
fi=(241)
+3 -2 1 1
fi=(239)
+3 -31 1 1 1 0 0 0 0 0 0 0 0 1 1
cfi=(243)
cfn=(1118)
calls=1 0x12fab0 46 
* * 9 3 1 0 0 0 0 0 0 1
fe=(310)
+6 +35 1026 1026
+4 * 1026 1026
+9 * 1026 0 0 0 0 0 0 0 0 1026 1
+6 * 1026
+4 * 1026
+3 * 1026 1026
+1 * 1026 1026
+2 * 1026 1026
+2 * 1026 1026
+2 * 1026 1026
+2 * 1026 1026
+1 * 1026 1026
fi=(311)
+1 +32 1026 0 1026 1 0 0 1
+9 +5 1026 1026
fi=(304)
+4 352 1026 0 1026 0 0 31
fe=(310)
+3 144 1026 1026
fi=(239)
+3 338 1026 1026
+4 * 1026 1026
fi=(300)
+8 494 1026 1026 0 1 0 0 1
+4 350 1026 1026
+4 * 1026 0 0 0 0 0 0 0 0 1026 1
fi=(304)
+6 452 1025 1025 0 0 97
fi=(311)
+3 259 1025
fi=(304)
+5 452 1025 1025
fe=(310)
+4 153 1025
fi=(311)
+10 259 1025 0 1025
fi=(304)
+4 452 1025 0 1025
+3 * 1025
fe=(310)
+2 148 1025
+3 * 1025 0 0 0 0 0 0 0 0 1025 1023
fi=(311)
-31 259 1
fi=(304)
+5 452 1 1
fe=(310)
+4 153 1
fi=(311)
+10 259 1 0 1
fi=(304)
+4 452 1 0 1
+3 * 1
fe=(310)
+2 148 1
+3 * 1 0 0 0 0 0 0 0 0 1
-3 * 768
+3 * 768 0 0 0 0 0 0 0 0 768
fi=(304)
+6 405 1793 1793
+4 * 1793 0 1793
fe=(310)
+3 149 1793 1793
+3 * 1793 0 0 1 0 0 1 0 0 1793 1
-3 * 1024 1024
+3 * 1024 0 0 0 0 0 0 0 0 1024 101
fi=(300)
+6 494 1792 1792
fe=(310)
+4 152 1792 1792
+4 +1 1792
+3 * 1792
fi=(311)
+3 1165 1792 1792
fe=(310)
+5 152 1792
fi=(258)
+3 +87 1792
+3 * 1792
fe=(310)
+4 -85 1792
+4 * 1792 0 0 0 0 0 0 0 0 1792
fi=(304)
+6 405 1792 0 1792
+4 * 1792 1792
+3 * 1792
+3 * 1792 0 1792
+4 * 1792 0 1792
+4 * 1792 1792 1792 1 0 0 1 0 0 0 0 1792 1
cob=(2)
cfi=(316)
cfn=(1214)
calls=1792 0x16d380 61 
* * 722460 203839 0 25 34579 0 9 127 0 117004 5329
fe=(310)
+6 160 1792 1792
fi=(311)
+4 422 1792
fi=(304)
+3 -17 1792
fe=(310)
+3 160 1792
+3 * 1792
+3 * 1792 1792
fi=(311)
+5 422 1792 1792
+4 * 1792
+3 * 1792 0 0 0 0 0 0 0 0 1792 10
+6 1570 1792
+3 * 1792
+3 * 1792
+3 * 1792 0 1792
+4 * 1792 0 1792
cfi=(278) /usr/src/debug/gcc/gcc-build/x86_64-pc-linux-gnu/libstdc++-v3/include/bits/basic_string.tcc
cfn=(1216) std::__cxx11::basic_string<char, std::char_traits<char>, std::allocator<char> >::_M_append(char const*, unsigned long) [clone .isra.0]
calls=1792 0xcd8f0 444 
* * 698547 221317 210650 24 324 9649 17 0 97 67235 2351 1796 4
fi=(300)
+5 804 1792 1792
+4 * 1792 1792
+4 * 1792 0 0 1 0 0 1
fe=(310)
+3 163 1792
fi=(300)
+3 804 1792 0 1792
+4 350 1792 1792
+4 * 1792 0 0 0 0 0 0 0 0 1792 768
fe=(310)
+6 149 1024
fi=(304)
+10 452 1024 1024
fe=(310)
+3 149 1024
+3 * 1024 0 0 0 0 0 0 0 0 1024 25
fi=(300)
0xcdfd0 494 1025 1025 0 1 0 0 1
fe=(310)
+4 178 1025
fi=(300)
+4 328 1025 1025
+4 * 1025 0 0 0 0 0 0 0 0 1025
+6 507 1025
+4 * 1025 0 1025
fe=(310)
+4 197 1025
fi=(300)
+6 353 768 768
+3 * 768
+3 * 768 768 768 0 272 0 0 0 0 0 0 768 768
cfi=(286)
cfn=(1134)
calls=768 0x1249b0 -26 
* * 109824 38400 20736 3082 4402 0 0 0 0 10752 8 3840
fe=(310)
+3 149 768 0 0 1 0 0 1
+10 * 768
+3 * 768 0 0 0 0 0 0 0 0 768 2
0xce080 +48 1
+3 * 1 0 0 0 0 0 0 0 0 1
+2 * 1
+5 +2 1
fi=(300)
+6 353 1 1 0 1 0 0 1
+3 * 1
+3 * 1 1 1 0 0 0 0 0 0 0 0 1 1
cfi=(286)
cfn=(1134)
calls=1 0x1249b0 -26 
* * 140 48 27 7 0 0 3 0 0 13 2 5
+3 * 1
fe=(310)

fl=(237)
fn=(830)
0xd1a20 741 1 0 0 1 0 0 1
+4 * 1 0 1
+1 * 1
+3 * 1 0 1
+2 * 1 0 1
+2 * 1 0 1
+2 * 1 0 1
+2 * 1
+3 * 1 0 1
+1 * 1
+4 * 1 1 0 1 0 0 1
+9 * 1 0 1
+4 * 1
+3 +1 1 1
+5 * 1 0 0 0 0 0 0 0 0 1
+6 +3 1
+3 * 1 0 0 0 0 0 0 0 0 1 1
0xd1c5e 914 1 1 0 1 0 0 1
+4 * 1 1
+9 * 1 0 0 0 0 0 0 0 0 1
+6 * 1
+4 * 1 1
+1 * 1 1
+2 * 1 1
+2 * 1 1
+2 * 1 1
+2 * 1 1
+1 * 1 1
+1 748 1 1 0 1 0 0 1
+5 * 1 1
+7 +5 1
+7 -3 1
+7 -2 1 0 1
+4 +12 1 1
+7 -7 1 0 1
+4 +7 1 1
+2 -5 1 0 1
+4 +2 1 0 1
+4 +3 1 0 1
+3 -10 1 0 1
+4 +1 1 0 1 1 0 0 1
+8 +1 1 0 1
+4 +2 1 0 1
+8 +2 1 0 1
+8 +2 1 0 1
+8 +1 1 0 1
+7 +2 1 1
+5 * 1 0 1
+3 +5 1 1
+7 -1 1 1
+5 +1 1 1
+3 -2 1
+2 * 1
+2 +2 1 1 0 1 0 0 1
+4 * 1 0 1
+4 -2 1
+4 * 1
+4 * 1 0 0 0 0 0 0 0 0 1 1
-16 +2 10 10
+4 * 10 0 10
+4 -2 10
+4 * 10
+4 * 10 0 0 0 0 0 0 0 0 10 4
+2 * 1

fn=(824)
0xd07c0 216 1 0 0 1 0 0 1
+4 * 1 0 1
+1 * 1
+3 * 1 0 1
+2 * 1 0 1
+2 * 1 0 1
+2 * 1 0 1
+2 * 1
+3 * 1 0 1
+1 * 1
+3 * 1
+4 +1 1 1
+5 * 1 0 0 0 0 0 0 0 0 1
+6 +3 1
+3 * 1 0 0 0 0 0 0 0 0 1 1
0xd0a00 +3 1 1 0 1 0 0 1
+4 +12 1 1
+7 -10 1
+7 -2 1 0 1
+4 +1 1 1
+4 +11 1 1
+2 -11 1 0 1
+4 +1 1 1
+4 * 1 0 1
+4 +1 1 0 1
+8 +1 1 0 1
+4 +1 1 0 1
+4 +1 1 0 1
+8 +1 1 0 1 1 0 0 1
+4 +1 1 0 1
+8 +1 1 0 1
+4 +1 1 0 1
+8 +1 1 0 1
+7 +1 1 0 1
+3 +1 1 1
+4 * 1 0 1
+3 +3 1 1
+7 * 1 1
+3 -1 1
+2 * 1
+11 +1 1 1 0 1 0 0 1
+4 * 1 1
+4 * 1 0 1
+4 -1 1
+4 * 1
+4 * 1 0 0 0 0 0 0 0 0 1 1
-20 +1 10 10
+4 * 10 10
+4 * 10 0 10
+4 -1 10
+4 * 10
+4 * 10 0 0 0 0 0 0 0 0 10 6
+2 366 1
+4 * 1 1
+1 * 1 1
+2 * 1 1
+2 * 1 1
+2 * 1 1
+2 * 1 1
+1 * 1 1

fn=(832)
0xd1440 558 1 0 0 1 0 0 1
+4 * 1 0 1
+1 * 1
+3 * 1 0 1
+2 * 1 0 1
+2 * 1 0 1
+2 * 1 0 1
+2 * 1
+3 * 1 0 1
+1 * 1
+4 * 1 1
+9 * 1 0 1
+4 * 1
+3 +1 1 1
+5 * 1 0 0 0 0 0 0 0 0 1
+6 +3 1
+3 * 1 0 0 0 0 0 0 0 0 1 1
0xd167e 731 1 1 0 1 0 0 1
+4 * 1 1
+9 * 1 0 0 0 0 0 0 0 0 1
+6 * 1
+4 * 1 1
+1 * 1 1
+2 * 1 1
+2 * 1 1
+2 * 1 1
+2 * 1 1
+1 * 1 1
+1 565 1 1 0 1 0 0 1
+5 * 1 1
+7 +5 1
+7 -3 1
+7 -2 1 0 1
+4 +12 1 1 0 1 0 0 1
+7 -7 1 0 1
+4 +7 1 1
+2 -5 1 0 1
+4 +2 1 0 1
+4 +3 1 0 1
+3 -10 1 0 1
+4 +1 1 0 1
+8 +1 1 0 1
+4 +2 1 0 1
+8 +2 1 0 1
+8 +2 1 0 1
+8 +1 1 0 1 1 0 0 1
+7 +2 1 1
+5 * 1 0 1
+3 +5 1 1
+7 -1 1 1
+5 +1 1 1
+3 -2 1
+2 * 1
+2 +2 1 1
+4 * 1 0 1
+4 -2 1
+4 * 1
+4 * 1 0 0 0 0 0 0 0 0 1 1
-16 +2 10 10
+4 * 10 0 10
+4 -2 10
+4 * 10
+4 * 10 0 0 0 0 0 0 0 0 10 3
+2 * 1

fn=(822)
0xd0ce0 372 1 0 0 1 0 0 1
+4 * 1 0 1
+1 * 1
+3 * 1 0 1
+2 * 1 0 1
+2 * 1 0 1
+2 * 1 0 1
+2 * 1
+3 * 1 0 1
+1 * 1
+3 * 1
+4 +1 1 1
+5 * 1 0 0 1 0 0 1 0 0 1
+6 +3 1
+3 * 1 0 0 0 0 0 0 0 0 1 1
0xd0f08 +3 1 1 0 1 0 0 1
+4 +12 1 1
+7 -10 1
+7 -2 1 0 1
+4 +1 1 1
+4 +11 1 1
+2 -11 1 0 1
+4 +1 1 1
+4 * 1 0 1
+4 +1 1 0 1
+8 +1 1 0 1
+4 +1 1 0 1
+4 +1 1 0 1 1 0 0 1
+8 +1 1 0 1
+4 +1 1 0 1
+8 +1 1 0 1
+4 +1 1 0 1
+8 +1 1 0 1
+7 +1 1 0 1
+3 +1 1 1
+4 * 1 0 1
+3 +3 1 1
+7 * 1 1
+3 -1 1
+2 * 1
+3 +1 1 1 0 1 0 0 1
+4 * 1 1
+4 * 1 0 1
+4 -1 1
+4 * 1
+4 * 1 0 0 0 0 0 0 0 0 1 1
-20 +1 10 10
+4 * 10 10
+4 * 10 0 10
+4 -1 10
+4 * 10
+4 * 10 0 0 0 0 0 0 0 0 10 8
+2 517 1
+4 * 1 1
+1 * 1 1
+2 * 1 1
+2 * 1 1
+2 * 1 1
+2 * 1 1
+1 * 1 1

fl=(253)
fn=(902)
0xdf8a0 89 1 0 0 1 0 0 1
+4 * 1
+7 * 1 1

fl=(278)
fn=(1022) std::__cxx11::basic_string<char, std::char_traits<char>, std::allocator<char> >::_M_create(unsigned long&, unsigned long)
0x1650b0 143 1027 0 0 2 0 0 2
+4 +5 1027
+10 * 1027 1027 0 2 0 0 2
+3 * 1027
+3 * 1027 0 0 0 0 0 0 0 0 1027
+2 +16 1027
+4 -10 1027
+3 * 1027 0 0 0 0 0 0 0 0 1027 1
+2 * 1027
+3 * 1027
+3 * 1027 0 0 0 0 0 0 0 0 1027 5
fi=(279)
+20 -3 1027 1027 0 0 1 0 0 1 0 0 0 1027 1
cfi=(280)
cfn=(1026)
calls=1027 0xb26a0 43 
* * 369271 62558 44186 2056 54 16 29 0 14 74901 4159 1027 1
fe=(278)

fn=(1216)
0xcd8f0 444 1792 0 1792 1 0 0 1
+1 * 1792
+3 * 1792
fi=(311)
+3 259 1792
fe=(278)
+4 444 1792
+3 * 1792 0 0 1 0 0 1
fi=(311)
+4 1165 1792 1792
+4 239 1792 1792
+3 +41 1792
+3 * 1792 0 0 0 0 0 0 0 0 1792 3
+2 1279 1791 1791
fe=(278)
+4 447 1791
+4 +2 1791
+3 * 1791 0 0 0 0 0 0 0 0 1791 1
-7 -2 1
+4 +2 1
+3 * 1 0 0 0 0 0 0 0 0 1 1
+2 +2 1791
+3 * 1791 0 0 0 0 0 0 0 0 1791 1
+2 +1 1791
fi=(311)
+3 -2 1791
+4 * 1791 0 0 0 0 0 0 0 0 1791 4
+2 * 1791 0 1791
fi=(304)
+4 -21 1791
+3 * 1791 0 1791
+4 * 1791 1791 1791 0 37 0 0 0 0 0 0 1791 1
cob=(2)
cfi=(282)
cfn=(1038)
calls=1791 0x16dd80 255 
* * 643928 204940 199671 7 284 9552 0 0 0 59980 2322
fi=(311)
+6 239 1791 1791
+4 454 1791 1791
+4 239 1791 1791
+3 -5 1791 0 1791
fi=(304)
+4 352 1791 0 1791
fe=(278)
+5 459 1791 1791
+1 * 1791 1791
+1 * 1 0 1 1 0 0 1
+4 -4 1
+3 * 1
+3 * 1
+2 * 1 0 1
+4 * 1 1 1 0 0 0 0 0 0 0 0 1 1
cfn=(1220) std::__cxx11::basic_string<char, std::char_traits<char>, std::allocator<char> >::_M_mutate(unsigned long, unsigned long, char const*, unsigned long)
calls=1 0x165530 -99 
* * 861 250 227 13 3 97 13 0 97 89 19 4 2
fi=(311)
+6 239 1 1
+4 * 1 1
+4 * 1 1
+3 -5 1 0 1
fi=(304)
+4 352 1 0 1
fe=(278)
+5 459 1 1
+1 * 1 1
fi=(311)
+5 1279 1 0 0 1 0 0 1
+5 * 1
fe=(278)

fn=(1220)
0x165530 356 1 0 0 1 0 0 1
+4 * 1 0 1
+1 +6 1
+3 * 1
+3 -6 1
+3 * 1 0 1
+2 * 1 0 0 1 0 0 1
+3 * 1 0 1
+2 * 1
+3 * 1 0 1
+2 * 1 0 1
+2 * 1 0 1
+1 * 1
+4 * 1 0 1
fi=(311)
+4 1165 1 1
+9 * 1 0 1
+4 * 1 1
fe=(278)
+4 362 1
+3 * 1 0 1
fi=(311)
+4 257 1
+4 * 1 0 1
+4 +23 1 1
+3 * 1 0 0 0 0 0 0 0 0 1 1
+10 1279 1 0 0 1 0 0 1
+4 * 1 0 1
fe=(278)
+4 363 1
+4 * 1
+3 -3 1
+3 +3 1
+3 * 1 1 1 0 1 0 0 0 0 0 0 1 1
cfn=(1022)
calls=1 0x1650b0 143 
* * 190 33 18 0 0 1 0 0 1 27 4 2
+6 +2 1
+3 * 1 1
+4 -2 1
+3 +2 1 0 0 0 0 0 0 0 0 1 1
+35 +2 1 1 0 1 0 0 1
+5 * 1 0 0 0 0 0 0 0 0 1
+2 * 1
+3 * 1 0 0 0 0 0 0 0 0 1
+2 +1 1
fi=(311)
+5 +82 1
+4 * 1 0 0 0 0 0 0 0 0 1
fi=(304)
+6 -21 1 0 1
+4 * 1
+3 * 1 1
+4 * 1 1 1 0 0 0 0 0 0 0 0 1 1
cob=(2)
cfi=(282)
cfn=(1038)
calls=1 0x16dd80 255 
* * 603 196 193 6 2 96 6 0 96 54 11
+6 * 1 1
+4 * 1
fe=(278)
+6 -60 1 0 0 1 0 0 1
+3 * 1 0 0 0 0 0 0 0 0 1 1
fi=(311)
+30 239 1 1
+3 +41 1 1
+4 * 1 0 0 0 0 0 0 0 0 1 1
+8 -14 1 1
+4 -37 1 0 1
+3 +37 1 0 1
fe=(278)
+4 376 1 1
+4 * 1 1 0 1 0 0 1
+9 * 1 0 0 0 0 0 0 0 0 1
+2 * 1
+4 * 1 1
+1 * 1 1
+2 * 1 1
+2 * 1 1
+2 * 1 1
+2 * 1 1
+1 * 1 1
fi=(311)
+56 1279 1 0 0 1 0 0 1
+5 * 1
fe=(278)

fl=(251) /usr/src/debug/gcc/gcc/libstdc++-v3/src/c++11/compatibility-condvar.cc
fn=(898) _GLOBAL__sub_I_compatibility_condvar.cc
0xadf20 108 1
+4 -26 1 0 1 0 0 1
+11 +26 1 1

fl=(254) /usr/src/debug/gcc/gcc/libstdc++-v3/libsupc++/eh_alloc.cc
fn=(904) _GLOBAL__sub_I_eh_alloc.cc
0xadf50 456 1
+4 * 1 0 1
fi=(264)
+1 134 1
fe=(254)
+4 +61 1
+7 456 1
+3 * 1 0 1
+2 * 1 0 1
+2 * 1 0 1
+2 * 1 0 1
+2 * 1 0 1
+1 * 1
+4 * 1 1
+9 * 1 0 1
+4 * 1
fi=(264)
+2 134 1 0 1 1 0 1 1
+7 * 1 0 1
fe=(254)
+7 +53 1
fi=(264)
+4 -53 1 0 1
fe=(254)
+11 +53 1 0 1
+11 * 1 0 1
+7 +8 1 1 1 0 1 0 0 0 0 0 0 1 1
cob=(2)
cfi=(255) /usr/src/debug/glibc/glibc/stdlib/secure-getenv.c
cfn=(906) secure_getenv
calls=1 0x44200 28 
* * 649 255 9 8 48 0 8 1 0 167 18 3 1
+6 +7 1 0 1
+8 -7 1
+3 +7 1 0 0 1 0 0 1
+7 * 1 0 1
+8 * 1 0 1
fi=(369) /usr/src/debug/gcc/gcc-build/x86_64-pc-linux-gnu/libstdc++-v3/include/string_view
+4 -56 1
+7 -1 1 0 1
+8 +1 1 0 1
fi=(370) /usr/src/debug/gcc/gcc-build/x86_64-pc-linux-gnu/libstdc++-v3/include/bits/stl_pair.h
+4 902 1 0 1
fe=(254)
+7 203 1
+3 * 1 0 0 0 0 0 0 0 0 1 1
fi=(258)
0xae090 +36 1 1 0 1 0 0 1
+3 * 1
fe=(254)
+5 -49 1
fi=(258)
+5 +49 1
+2 * 1
fe=(254)
+3 -11 1 1
+3 -38 1
+2 * 1
+3 +42 1
+3 * 1
+3 -94 1
+4 * 1
+4 * 1
+4 +94 1 0 1 1 0 0 1
+7 +1 1 0 0 0 0 0 0 0 0 1 1
+2 456 1 1
+4 * 1 1
+9 * 1 0 0 0 0 0 0 0 0 1
+6 * 1
+4 * 1 1
+1 * 1 1
+2 * 1 1
+2 * 1 1
+2 * 1 1
+2 * 1 1
+1 * 1 1
+1 235 1
+3 * 1 1 1 0 1 0 0 0 0 0 0 1 1
cob=(2)
cfi=(188)
cfn=(916)
calls=1 0xa7970 3480 
* * 415 86 53 48 3 2 48 2 2 64 24
+6 * 1 0 1
+7 +1 1
+3 * 1 0 0 0 0 0 0 0 0 1
+2 +12 1
+2 -3 1 0 1 1 0 0 1
+7 +2 1 0 1
+3 +1 1 0 1
+4 * 1

fl=(308)
fn=(1264)
0x1013b0 3652 1048576 0 0 1 0 0 1
+4 * 1048576 0 1048576
+1 * 1048576
+3 * 1048576 0 1048576
+2 * 1048576 0 1048576
+1 * 1048576
+4 330 1048576 1048576 0 1 0 0 1
+3 3652 1048576 1048576
+9 * 1048576 0 1048576
+4 * 1048576
+3 1060 1048576 1048576 0 0 1023
+4 * 1048576
+4 3661 1048576
+3 * 1048576 0 0 0 0 0 0 0 0 1048576
+2 +10 1048576
+3 * 1048576
+4 * 1048576 1048576
+4 * 1048576 1048576 1048576 0 1024 0 0 0 0 0 0 1048576 1
cfn=(1266) std::string::_Rep::_M_clone(std::allocator<char> const&, unsigned long)
calls=1048576 0x101310 3784 
* * 102760609 23068699 17825804 6 554 552 5 0 1 12582935 1048591 3145728 1048577
+6 * 1048576
+3 330 1048576 1048576
+3 +8 1048576
+4 -69 1048576 1048576 0 1 0 0 1
+7 * 1048576 0 0 0 0 0 0 0 0 1048576
+2 +65 1048576 0 1048576
+3 3674 1048576 1048576
+4 * 1048576 1048576
+9 * 1048576 0 0 0 0 0 0 0 0 1048576
+6 * 1048576
+4 * 1048576 1048576
+1 * 1048576 1048576
+2 * 1048576 1048576
+1 * 1048576 1048576

fn=(1276)
0x101a10 1437 2096629 0 0 2 0 0 1
+4 * 2096629 0 2096629
+1 * 2096629
+3 * 2096629 0 2096629
+2 * 2096629
+3 * 2096629 0 2096629
+2 * 2096629 0 2096629
+1 * 2096629
+4 330 2096629 2096629
+3 961 2096629 2096629
+4 1439 2096629
+5 +1 2096629 2096629
+4 * 2096629 0 0 0 0 0 0 0 0 2096629
fi=(205)
+2 54 2096629 2096629
fe=(308)
+7 221 2096629 2096629
+3 * 2096629 0 0 1 0 0 1 0 0 2096629 2
+2 1440 2096629 2096629
+3 * 2096629
+2 * 2096629 0 0 0 0 0 0 0 0 2096629 6
fi=(304)
+26 352 2096629 0 2096629
fe=(308)
+4 -22 2096629 2096629
+3 +8 2096629
+4 -99 2096629 2096629
+7 * 2096629 0 0 0 0 0 0 0 0 2096629 6
+29 1440 2096629 0 0 2 0 0 1
+3 * 2096629
+5 233 2096629 0 2096629
+7 +10 2096629 0 2096629
fi=(304)
+4 352 2096629 0 2096629
fe=(308)
+6 1444 2096629
+4 * 2096629 2096629
+1 * 2096629 2096629
+2 * 2096629 2096629
+2 * 2096629 2096629
+1 * 2096629 2096629

fn=(1268) std::string::_Rep::_S_create(unsigned long, unsigned long, std::allocator<char> const&)
0x100210 3706 1048576 0 0 1 0 0 1
+4 +6 1048576
+10 -6 1048576 0 1048576
+1 * 1048576
+3 * 1048576 0 1048576
+1 * 1048576
+4 +6 1048576
+3 * 1048576 0 0 0 0 0 0 0 0 1048576
+2 * 1048576
+3 +35 1048576
+3 * 1048576 0 0 0 0 0 0 0 0 1048576
+2 * 1048576
+4 * 1048576
+3 * 1048576
+4 +8 1048576 0 0 1 0 0 1
+4 +1 1048576
+6 * 1048576 0 0 0 0 0 0 0 0 1048576 1048576
+39 +7 1048576
fi=(279)
+4 151 1048576 1048576 1048576 0 0 0 0 0 0 0 0 1048576 1
cfi=(280)
cfn=(1026)
calls=1048576 0xb26a0 43 
* * 51380385 10485787 6291468 1 1 552 0 0 1 7340055 11 1048576 1047552
fe=(308)
+6 3770 1048576 0 1048576
+4 +10 1048576 1048576 0 1 0 0 1
+4 233 1048576 0 1048576
+7 3780 1048576 1048576
+1 * 1048576 1048576

fn=(1184)
0xe9c70 758 1048577 0 0 1 0 0 1
+4 330 1048577 1048577
+3 +8 1048577
+4 -69 1048577 1048577 0 3 0 0 1
+7 * 1048577 0 0 0 0 0 0 0 0 1048577
+2 759 1048577 1048577

fn=(1266)
0x101310 3784 1048576 0 0 1 0 0 1
+4 * 1048576 0 1048576
+1 * 1048576
+3 * 1048576 0 1048576
+1 * 1048576
+3 * 1048576
+4 +4 1048576 1048576
+3 * 1048576
+3 +1 1048576
+3 * 1048576 1048576
+4 * 1048576 1048576 1048576 0 553 0 0 0 0 0 0 1048576 1024
cfn=(1268)
calls=1048576 0x100210 -83 
* * 76546209 14680091 11534348 4 1 552 3 0 1 10485783 1048587 2097152 1047553
+6 +2 1048576 1048576
+3 -2 1048576
+3 252 1048576
+4 3791 1048576
+3 * 1048576 0 0 1 0 0 1 0 0 1048576 1
+32 239 1048576 1048576
+7 * 1048576 0 0 0 0 0 0 0 0 1048576 3
+36 -6 1048576 0 1048576
+7 3796 1048576
+3 243 1048576 0 1048576
fi=(304)
+3 352 1048576 0 1048576
fe=(308)
+5 3796 1048576 1048576
+4 * 1048576 1048576
+1 * 1048576 1048576

fl=(299)
fn=(1126) std::istream& std::istream::_M_extract<unsigned int>(unsigned int&)
0x134fb0 101 1 0 0 1 0 0 1
+4 * 1 0 1
+1 +3 1
+2 -3 1
+3 * 1 0 1
+2 * 1 0 1
+1 * 1
+3 +3 1 0 0 1 0 0 1
+4 -3 1
+4 * 1 1
+9 * 1 0 1
+4 * 1
+3 +3 1
+3 * 1 1 1 0 1 0 0 0 0 0 0 1 1
cfn=(1128)
calls=1 0x132ab0 -53 
* * 202 74 35 19 6 0 19 1 0 23 4 6 6
+6 +1 1 1
+4 * 1 0 0 0 0 0 0 0 0 1
+2 +6 1 1
+3 -4 1 0 1
+7 +4 1 1
+4 * 1
+3 * 1 1
fi=(239)
+7 -60 1 0 0 1 0 0 1
+3 * 1 0 0 0 0 0 0 0 0 1
fi=(216)
+6 2056 1 1
+7 * 1
+2 * 1
+6 * 1
+3 * 1
+3 +2 1
+3 * 1 1
+3 * 1 0 1
+2 * 1
+3 * 1
+4 * 1 0 1
+1 * 1
+2 * 1 1 1 0 1 0 0 0 0 0 0 1 1
cfn=(1160)
calls=1 0x14c9a0 2238 
* * 368 99 53 28 4 0 28 1 0 69 13 3 2
+3 * 1 1
+1 * 1 1
fe=(299)
+1 125 1 1
+3 * 1
+2 * 1 0 0 0 0 0 0 0 0 1 1
+2 +4 1 1
+4 * 1 1 0 1 0 0 1
+9 * 1 0 0 0 0 0 0 0 0 1
+2 * 1
+4 * 1
+3 * 1 1
+1 * 1 1
+2 * 1 1
+1 * 1 1

fn=(1128)
0x132ab0 51 1049603 0 0 1 0 0 1
+4 * 1049603 0 1049603
+1 * 1049603
+3 * 1049603
+3 * 1049603 0 1049603
+2 * 1049603 0 1049603
+2 * 1049603 0 1049603 1 0 0 1
+2 * 1049603 0 1049603
+1 +4 1049603 1049603
+3 -4 1049603
+3 +1 1049603 0 1049603
+3 +3 1049603 1049603 0 0 1
+4 * 1049603
fi=(239)
+3 +92 1049603 1049603
fe=(299)
+3 -92 1049603
+2 * 1049603 0 0 0 0 0 0 0 0 1049603
+2 * 1049603
fi=(239)
+3 311 1049603 1049603
+7 * 1049603
fe=(299)
+3 59 1049603
+3 * 1049603 0 0 0 0 0 0 0 0 1049603 10
fi=(239)
+32 +88 1048577 1048577
fe=(299)
+3 -58 1048577
+2 * 1048577 0 0 0 0 0 0 0 0 1048577 5
+26 -28 1049603 0 0 2 0 0 1
+2 * 1049603 0 0 0 0 0 0 0 0 1049603 3
+2 * 1048577 1048577
+4 * 1048577 0 0 0 0 0 0 0 0 1048577 4
+2 +29 1049603 0 1049603
+4 +6 1049603 1049603
+1 * 1049603 1049603
+2 * 1049603 1049603
+2 * 1049603 1049603
+2 * 1049603 1049603
+1 * 1049603 1049603
fi=(239)
+2 338 1048577 1048577 0 1024 0 0 1
fi=(300)
+7 494 1048577 1048577
+5 350 1048577 1048577
+5 * 1048577 0 0 0 0 0 0 0 0 1048577 1
fe=(299)
+6 67 1048576 1048576
fi=(304)
+7 452 1048576 1048576
fi=(239)
+3 51 1048576
+3 * 1048576 0 0 0 0 0 0 0 0 1048576
fi=(305) /usr/src/debug/gcc/gcc-build/x86_64-pc-linux-gnu/libstdc++-v3/include/x86_64-pc-linux-gnu/bits/ctype_inline.h
+6 -7 1048577 1048577
+4 * 1048577
fe=(299)
+3 +25 1048577 1048577 0 0 287 0 0 2
+5 * 1048577 0 0 0 0 0 0 0 0 1048577 1024
fi=(300)
+2 494 1047552 1047552
+5 +3 1047552 1047552
+5 328 1047552
+3 * 1047552 0 0 0 0 0 0 0 0 1047552
+2 507 1047552
+4 * 1047552 0 1047552
+5 350 1047552
+3 * 1047552 0 0 0 0 0 0 0 0 1047552
fi=(304)
+2 452 1047552 1047552
fi=(305)
+3 44 1047552 1047552
+4 * 1047552
fe=(299)
+3 +25 1047552 1047552
+5 * 1047552 0 0 0 0 0 0 0 0 1047552
+2 +20 1048577 1048577 0 1001 0 0 1
+3 * 1048577 1048577
+4 * 1048577
+3 * 1048577
fi=(300)
+69 353 1 1 0 1 0 0 1
+4 * 1
+3 * 1 1 1 0 1 0 0 0 0 0 0 1 1
cfi=(286)
cfn=(1134)
calls=1 0x1249b0 -26 
* * 143 50 27 12 4 0 12 0 0 14 0 5 5
fe=(299)
+3 67 1 1 0 1 0 0 1
+3 * 1 1
+4 * 1
+3 * 1 1
fi=(239)
+7 -16 1
+3 * 1 0 0 0 0 0 0 0 0 1
fe=(299)
+2 +18 1
+3 * 1 0 0 0 0 0 0 0 0 1
+2 * 1

fn=(1258) std::istream& std::istream::_M_extract<double>(double&)
0x135b10 101 1048576 0 0 1024 0 0 1
+4 * 1048576 0 1048576
+1 +3 1048576
+2 -3 1048576
+3 * 1048576 0 1048576
+2 * 1048576 0 1048576
+1 * 1048576
+3 +3 1048576
+4 -3 1048576
+4 * 1048576 1048576
+9 * 1048576 0 1048576
+4 * 1048576
+3 +3 1048576
+3 * 1048576 1048576 1048576 1024 0 0 1 0 0 0 0 1048576 2
cfn=(1128)
calls=1048576 0x132ab0 -53 
* * 67095552 27257856 8387584 2023 287 0 0 1 0 11531264 1036
+6 +1 1048576 1048576
+4 * 1048576 0 0 0 0 0 0 0 0 1048576
+2 +6 1048576 1048576
+3 -4 1048576 0 1048576
+7 +4 1048576 1048576
+4 * 1048576
+3 * 1048576 1048576
fi=(239)
+7 -60 1048576
+3 * 1048576 0 0 0 0 0 0 0 0 1048576
fi=(216)
+6 2114 1048576 1048576
+7 * 1048576
+2 * 1048576
+6 * 1048576
+3 * 1048576
+3 +2 1048576
+3 * 1048576 1048576 0 1 0 0 1
+3 * 1048576 0 1048576
+2 * 1048576
+3 * 1048576
+4 * 1048576 0 1048576
+1 * 1048576
+2 * 1048576 1048576 1048576 0 1 0 0 0 0 0 0 1048576 1
cfi=(306)
cfn=(1262)
calls=1048576 0x149b30 709 
* * 1661114052 432127325 234212261 20303 12451 1717 139 8 1 247469433 5225886 19817308 2099980
+3 * 1048576 1048576
+1 * 1048576 1048576
fe=(299)
+1 125 1048576 1048576
+3 * 1048576
+2 * 1048576 0 0 0 0 0 0 0 0 1048576 1025
+2 +4 1048576 1048576
+4 * 1048576 1048576
+9 * 1048576 0 0 0 0 0 0 0 0 1048576 2
+2 * 1048576
+4 * 1048576
+3 * 1048576 1048576
+1 * 1048576 1048576
+2 * 1048576 1048576
+1 * 1048576 1048576
+11 -3 1024 1024 0 1024 0 0 1
+3 * 1024 1024
+4 * 1024
fi=(241)
+3 +72 1024 1024
fi=(239)
+3 -31 1024 1024 1024 0 0 0 0 0 0 0 0 1024 1024
cfi=(243)
cfn=(1118)
calls=1024 0x12fab0 46 
* * 9216 3072 1024 1 0 0 0 0 0 1024
+6 * 1024
fe=(299)

ob=(8) /home/ikea/Projects/DV1674/dv1674_a2/pearson/pearson
fl=(320) /home/ikea/Projects/DV1674/dv1674_a2/pearson/vector.cpp
fn=(1464) Vector::Vector()
0x2cc0 8 3 0 3
+7 * 3 0 3
+8 * 3 3

fn=(1354) Vector::Vector(Vector const&)
0x2d20 24 2048 0 2048
+2 * 2048
+3 * 2048 0 2048
+1 * 2048
+3 * 2048 0 2048
+1 * 2048 2048 0 0 256
+2 -4 2048 0 2048 0 0 722 0 0 255
+3 +4 2048
+3 -4 2048
+4 * 2048 0 2048
cob=(7)
cfi=(297)
cfn=(1112)
calls=2048 0xb2710 +11 
* * 424510 70127 40116 164 1026 2113 18 1 2073 64926 2471 4097 1025
* * 2048 2048 0 0 0 0 0 0 0 0 0 2048 1
+5 * 2048 0 2048
+4 +6 2048 0 0 3 0 0 1
+2 * 2048 0 0 0 0 0 0 0 0 2048
+2 +2 2048 2048
+5 * 2048
+3 -2 2048
+2 * 2048
+7 * 2048
+11 * 2048
+11 * 2048
+11 * 2048
+11 +2 2048 0 0 1 0 0 1
+2 * 2048 2048 0 0 512
+5 * 2048 0 2048 0 0 506 0 0 506
+5 +1 2048
+3 * 2048 2048
+5 * 2048 0 2048
+5 +1 2048
+3 * 2048 2048 0 0 256
+5 * 2048 0 2048 0 0 513 0 0 513
+5 +1 2048
+3 -5 2048
+3 +5 2048 2048
+5 * 2048 0 2048
+5 -5 2048
+2 * 2048 0 0 0 0 0 0 0 0 2048 4
-56 +2 522240
+2 * 522240 522240 0 0 65280
+5 * 522240 0 522240 0 0 129655 0 0 129540
+5 +1 522240
+3 * 522240 522240
+5 * 522240 0 522240
+5 +1 522240
+3 * 522240 522240 0 0 65280
+5 * 522240 0 522240 0 0 129916 0 0 129916
+5 +1 522240
+3 -5 522240
+3 +5 522240 522240
+5 * 522240 0 522240
+5 -5 522240
+2 * 522240 0 0 0 0 0 0 0 0 522240 3082
+2 +7 2048 2048
+1 * 2048 2048
+1 * 2048 2048
+2 * 2048 2048

fn=(1468) Vector::prepeare()
0x3020 111 1024 0 1024 1 0 0 1
+1 * 1024
+3 * 1024 0 1024
+1 * 1024
+4 -44 1024 1024 0 0 256
+2 * 1024
+2 * 1024 0 0 0 0 0 0 0 0 1024
+6 -2 1024
+4 +4 1024 1024
+4 -2 1024
+2 -3 1024 0 0 1 0 0 1
+4 -1 1024
+4 -1 1024
+4 * 1024
+11 * 1024
+11 * 1024
+11 * 1024
+11 * 1024
+11 +7 1024 0 0 1 0 0 1
+2 * 1024 1024 0 0 509
+6 +1 1024
+3 * 1024 1024
+6 +1 1024
+3 * 1024 1024 0 0 257
+6 +1 1024
+3 -5 1024
+3 +5 1024 1024
+6 -5 1024
+2 * 1024 0 0 0 0 0 0 0 0 1024 3
-40 +2 261120
+2 * 261120 261120 0 0 64902
+6 +1 261120
+3 * 261120 261120
+6 +1 261120
+3 * 261120 261120 0 0 65663
+6 +1 261120
+3 -5 261120
+3 +5 261120 261120
+6 -5 261120
+2 * 261120 0 0 0 0 0 0 0 0 261120 1041
+2 +8 1024
+4 * 1024
+2 +13 1024
+2 -13 1024
+4 * 1024
+4 * 1024
+4 * 1024 0 0 1 0 0 1
+5 * 1024
+4 * 1024
+4 +13 1024
+9 * 1024
+11 * 1024
+11 * 1024
+11 * 1024
+11 +2 1024 0 0 1 0 0 1
+2 -2 1024
+3 +2 1024
+4 * 1024 1024
+5 * 1024 1024
+4 * 1024
+4 * 1024
+4 * 1024 0 1024
+4 * 1024 0 1024
+3 -2 1024
+2 * 1024 0 0 0 0 0 0 0 0 1024 2
-35 +2 261120
+2 -2 261120
+3 +2 261120
+4 * 261120 261120
+5 * 261120 261120
+4 * 261120
+4 * 261120
+4 * 261120 0 261120
+4 * 261120 0 261120
+3 -2 261120
+2 * 261120 0 0 0 0 0 0 0 0 261120 1037
+2 -7 1024
+3 * 1024
+3 * 1024 0 1024
cfn=(1470) Vector::dot(Vector const&) const
calls=1024 0x2f50 +39 
* * 4997120 2101248 0 3 0 0 3 0 0 263168 1040
+5 +1 1024
+4 * 1024
+4 * 1024 0 0 0 0 0 0 0 0 1024
+6 * 1024 0 0 1 0 0 1
+4 * 1024
+4 +18 1024
+2 * 1024
+1 * 1024
+11 * 1024
+11 * 1024
+11 * 1024
+11 * 1024
+11 +2 1024 0 0 1 0 0 1
+2 -2 1024
+3 +2 1024
+4 * 1024 1024
+5 * 1024 1024
+4 * 1024
+4 * 1024
+4 * 1024 0 1024
+4 * 1024 0 1024
+3 -2 1024
+2 * 1024 0 0 0 0 0 0 0 0 1024 2
-35 +2 261120
+2 -2 261120
+3 +2 261120
+4 * 261120 261120
+5 * 261120 261120
+4 * 261120
+4 * 261120
+4 * 261120 0 261120
+4 * 261120 0 261120
+3 -2 261120
+2 * 261120 0 0 0 0 0 0 0 0 261120 1035
+2 +16 1024
+4 * 1024 1024
+1 * 1024 1024
+1 * 1024 1024

fn=(1252) Vector::get_data()
0x2dd0 44 1024 1024 0 9 0 0 1
+4 +1 1024 1024

fn=(1246) Vector::Vector(unsigned int)
0x2cf0 20 1024 0 1024 1 0 0 1
+1 * 1024
+3 * 1024 0 1024
+2 * 1024
+2 * 1024
+8 * 1024 0 1024 1 0 0 1
cob=(7)
cfi=(297)
cfn=(1112)
calls=1024 0xb2710 +11 
* * 160791 33791 19455 2 0 1 2 0 1 30714 1033 2048
cob=(1) /usr/lib/ld-linux-x86-64.so.2
cfi=(275) /usr/src/debug/glibc/glibc/elf/../sysdeps/x86_64/dl-trampoline.h
cfn=(1010) _dl_runtime_resolve_xsave
calls=1 0x142e0 +19 
* * 647 234 132 0 8 0 0 1 0 78 5 1 1
* * 1028 1026 2 0 0 0 0 0 0 0 0 1025 1
+5 * 1024 0 1024
+4 * 1024 1024
+1 * 1024 1024

fn=(1356) Vector::~Vector()
0x2cd0 12 2051 2051 0 1 257 0 0 1
+4 * 2051
+3 * 2051 0 0 0 0 0 0 0 0 2051 5
+2 +2 2048
cob=(7)
cfi=(335)
cfn=(1362)
calls=2048 0xb0650 +20 
* * 319116 88207 49721 3286 2162 1 15 0 0 51925 1131 4096 1
cob=(1)
cfi=(275)
cfn=(1010)
calls=1 0x142e0 +25 
* * 689 236 132 6 9 0 0 3 0 81 6 2 2
* * 2052 2050 2 0 1 0 0 1 0 0 0 2049 2
+7 +4 3 3

fn=(1470)
0x2f50 120 524800 0 0 1 0 0 1
+3 +6 524800 524800 0 0 263
+2 * 524800
+2 * 524800 0 0 0 0 0 0 0 0 524800
+6 -2 524800
+4 -74 524800 524800 0 0 130562
+4 +78 524800 524800
+4 -2 524800
+2 -3 524800
+4 -1 524800
+4 -1 524800
+4 * 524800
+9 +7 524800 0 0 1 0 0 1
+2 * 524800 524800 0 0 515
+5 * 524800 524800 0 0 260236
+5 +1 524800
+3 -1 524800
+4 +1 524800 524800
+5 * 524800 524800
+5 +1 524800
+3 -1 524800
+4 +1 524800 524800 0 0 260
+5 * 524800 524800 0 0 131643
+5 +1 524800
+3 -5 524800
+3 +4 524800
+4 +1 524800 524800
+5 * 524800 524800 0 1 0 0 1
+5 * 524800
+4 -5 524800
+2 * 524800 0 0 0 0 0 0 0 0 524800 14
-72 +2 133824000
+2 * 133824000 133824000 0 0 64280
+5 * 133824000 133824000 0 0 33149077
+5 +1 133824000
+3 -1 133824000
+4 +1 133824000 133824000
+5 * 133824000 133824000
+5 +1 133824000
+3 -1 133824000
+4 +1 133824000 133824000 0 0 66095
+5 * 133824000 133824000 0 0 33633754
+5 +1 133824000
+3 -5 133824000
+3 +4 133824000
+4 +1 133824000 133824000
+5 * 133824000 133824000
+5 * 133824000
+4 -5 133824000
+2 * 133824000 0 0 0 0 0 0 0 0 133824000 524844
+2 +8 524800
+4 * 524800
+4 * 524800
+4 * 524800 524800

fl=(267) ???
fn=(984) 0x0000000000002b50
0x2ac0 0 1 0 0 1 0 0 1
+7 0 1
+7 0 1
+3 0 1
+3 0 1
+4 0 1
+4 0 1
+3 0 1
+3 0 1 0 0 0 0 0 0 0 0 1 1
+22 0 1 1
+88 0 1 0 0 1 0 0 1
+4 0 1

fn=(976) (below main)
0x2a60 0 1 0 0 1 0 0 1
+4 0 1
+2 0 1
+3 0 1 1
+1 0 1
+3 0 1
+4 0 1 0 1
+1 0 1 0 1
+1 0 1
+3 0 1
+2 0 1
+7 0 1 1 1 1 1 0 1 0 0 0 0 1 1
cob=(2)
cfi=(268) /usr/src/debug/glibc/glibc/csu/../csu/libc-start.c
cfn=(978) __libc_start_main@@GLIBC_2.34
calls=1 0x276a0 242 
* 0 5337687112 1806222302 408499337 47089 67932703 492481 851 320 459655 540845774 8708147 32227369 2109116

fl=(274) /usr/include/c++/15.2.1/bits/basic_string.h
fn=(1002) std::__cxx11::basic_string<char, std::char_traits<char>, std::allocator<char> >::basic_string<std::allocator<char> >(char const*, std::allocator<char> const&)
0x2b70 706 2 0 2 1 0 0 1
+2 * 2 0 2
+1 * 2 0 2
+1 * 2
+4 246 2 2 0 2 0 0 2
+9 * 2 0 2
+5 * 2
+4 -41 2 0 2 0 0 1 0 0 1
+3 710 2
+3 * 2 0 0 0 0 0 0 0 0 2
+6 * 2
fi=(371) /usr/include/c++/15.2.1/bits/char_traits.h
+3 393 2
+3 * 2
+3 * 2 0 2
cob=(2)
cfi=(232) /usr/src/debug/glibc/glibc/string/../sysdeps/x86_64/multiarch/strlen-avx2.S
cfn=(794) __strlen_avx2
calls=2 0x170b00 52 
* * 28 4 0 1 1 0 1 1 0 4
cob=(1)
cfi=(275)
cfn=(1010)
calls=1 0x142e0 39 
* * 884 290 147 41 33 10 14 1 1 119 15 4 4
* * 6 4 2 1 2 0 1 1 0 0 0 3 3
fi=(277) /usr/include/c++/15.2.1/bits/basic_string.tcc
+5 231 2 0 2
fi=(371)
+5 393 2
fi=(277)
+3 233 2
+4 * 2 0 0 0 0 0 0 0 0 2 2
fe=(274)
+16 +1 2 0 2
fi=(371)
+4 352 2 0 2
fe=(274)
+5 715 2 2
+5 * 2 2
+9 * 2 0 0 0 0 0 0 0 0 2
+2 * 2
+4 * 2 2
+1 * 2 2
+1 * 2 2
+2 * 2 2
fi=(277)
+15 235 2 0 0 2 0 0 2
+5 * 2
+2 * 2
+3 * 2 0 2
+5 * 2 0 2 2 0 0 2
cob=(7)
cfi=(278)
cfn=(1022)
calls=2 0x1650b0 -92 
* * 586 86 151 18 7 13 18 1 12 164 37 4 2
cob=(1)
cfi=(275)
cfn=(1010)
calls=1 0x142e0 39 
* * 1168 317 139 8 17 0 0 3 0 157 20 2 2
* * 6 4 2 1 2 0 1 1 0 0 0 3 2
+5 * 2 2
fe=(274)
+5 -6 2 0 2
fi=(277)
+3 +6 2
fe=(274)
+3 +31 2 2
+5 * 2 0 2
fi=(371)
+4 429 2
+3 * 2
+3 * 2
+3 * 2 0 2
cob=(2)
cfi=(282)
cfn=(1038)
calls=2 0x16dd80 255 
* * 22 6 4 2 0 0 2 0 0 4 3
cob=(1)
cfi=(275)
cfn=(1010)
calls=1 0x142e0 39 
* * 1058 339 165 8 16 0 0 1 0 141 19 4 3
* * 6 4 2 1 2 0 1 0 0 0 0 3 1
fi=(277)
+5 257 2 2
fe=(274)
+5 -18 2 2
fi=(371)
+3 429 2
fe=(274)

fl=(344) /home/ikea/Projects/DV1674/dv1674_a2/pearson/analysis.cpp
fn=(1462) Analysis::correlation_coefficients(std::vector<Vector, std::allocator<Vector> >)
0x4190 113 1 0 1 1 0 0 1
+2 +1 1
+4 -1 1 0 1
+2 * 1 0 1
+2 * 1 0 1
+2 * 1 0 1
+1 * 1 0 1
+1 * 1
+3 * 1
+7 * 1 1 0 0 1
+9 * 1 0 1
+8 * 1
+3 +1 1 0 1 1 0 0 1
+8 * 1 0 1
+3 +2 1
+5 * 1 0 1
+5 * 1 0 1
cfi=(320)
cfn=(1464)
calls=1 0x2cc0 8 
* * 3 1 2
+5 +2 1
+5 * 1
+3 * 1 0 1
+5 * 1 0 1
cfi=(320)
cfn=(1464)
calls=1 0x2cc0 8 
* * 3 1 2
+5 * 1
+5 * 1
+3 * 1 0 1
+5 * 1 0 1
cfi=(320)
cfn=(1464)
calls=1 0x2cc0 8 
* * 3 1 2
fi=(312) /usr/include/c++/15.2.1/bits/stl_vector.h
+5 1119 1 1
+3 * 1 1 0 1 0 0 1
+4 * 1
+3 * 1
+4 * 1 0 1
fe=(344)
+5 121 1
+2 * 1 0 0 0 0 0 0 0 0 1
+2 * 1
+3 * 1
+3 * 1
+4 * 1
fi=(312)
+5 1264 1023 1023
+3 * 1023
+4 * 1023
fe=(344)
+3 123 1023 0 1023
cfi=(320)
cfn=(1468)
calls=1023 0x3020 -12 
* * 13686717 4199415 1050621 0 131457 0 0 0 0 1050621 4123
fi=(312)
-3 1264 1
fe=(344)
+3 123 1 0 1
cfi=(320)
cfn=(1468)
calls=1 0x3020 -12 
* * 13379 4105 1027 10 130 0 10 0 0 1027 37
+5 -2 1024
+3 * 1024 0 0 0 0 0 0 0 0 1024 3
+2 +5 1 1 0 0 1
+5 * 1 0 0 0 0 0 0 0 0 1
+6 -5 1 0 1 1 0 0 1
+9 * 1
+8 +7 1 1
+4 * 1
+3 * 1 1
+4 * 1 0 0 0 0 0 0 0 0 1
-11 * 1022 1022
+4 * 1022
+3 * 1022 1022
+4 * 1022 0 0 0 0 0 0 0 0 1022
+6 * 1023 1023
+4 * 1023 1023
+5 * 1023
+3 * 1023
+3 * 1023
+2 * 1023
+4 * 1023
+5 * 1023
+4 * 1023 0 0 1 0 0 1
+4 * 1023
fi=(313) /usr/include/c++/15.2.1/bits/new_allocator.h
+5 +63 523756 0 523756 0 0 65467 0 0 65444
fe=(344)
+4 -63 523756
fi=(312)
+4 1423 523756
+4 * 523756 0 523756
fe=(344)
+4 128 523756
+3 * 523756 0 0 0 0 0 0 0 0 523756 1023
fi=(312)
+6 1264 523776 523776
+3 * 523776
+4 * 523776
fe=(344)
+3 130 523776 0 523776
cfi=(320)
cfn=(1470)
calls=523776 0x2f50 -10 
* * 2556026880 1074788352 0 0 67436685 0 0 0 0 134610432 523818
+5 * 523776
fi=(333) /usr/include/c++/15.2.1/bits/stl_algobase.h
+4 234 523776 523776 0 0 9 0 0 1
+8 +5 523776
+4 * 523776 0 0 1 0 0 1 0 0 523776
+2 +19 523776 523776
+8 * 523776
fi=(312)
+4 1418 523776 523776
+4 * 523776 523776
+4 * 523776
+3 * 523776 0 0 0 0 0 0 0 0 523776 19
+2 2199 20
+10 1119 20 20
+3 * 20
+3 * 20
+3 * 20
+4 2199 20
+3 * 20 0 0 0 0 0 0 0 0 20
fi=(333)
+6 263 20
+3 * 20 0 0 1 0 0 1
+5 * 20 0 20 0 0 13
+5 * 20
+4 * 20 0 20
+5 * 20 0 20
fi=(312)
+5 2202 20
+3 * 20 0 20
+6 +1 20
+10 * 20
+3 * 20
fi=(313)
+4 151 20
+4 * 20
+3 * 20 0 20
cob=(7)
cfi=(280)
cfn=(1026)
calls=20 0xb26a0 43 
* * 5439 997 655 13 246 98 9 0 18 886 110 20
* * 20 20 0 0 16 0 0 0 0 0 0 20
+5 +40 20 20 0 1 0 0 1
+5 * 20 20
+6 -40 20
fi=(314) /usr/include/c++/15.2.1/bits/stl_uninitialized.h
+3 1331 20 20
+5 * 20 20
+5 * 20
fi=(313)
+3 191 20 0 20 0 0 17 0 0 15
fi=(314)
+5 1331 20 0 0 0 0 0 0 0 0 20 9
+2 +12 19
+3 * 19
+3 * 19 0 19
+5 * 19 0 19
+5 * 19 0 19
+5 * 19 0 19
cob=(2)
cfi=(282)
cfn=(1038)
calls=19 0x16dd80 255 
* * 1380291 1130832 1130777 14 65566 65534 10 0 65505 1044909 476
* * 19 19 0 0 16 0 0 0 0 0 0 19 1
+5 * 19 19 0 0 7
+5 * 19 19
+5 * 19 19
+5 * 19
fi=(315) /usr/include/c++/15.2.1/bits/vector.tcc
+3 601 19
fi=(312)
+5 1882 19
+3 * 19 0 0 0 0 0 0 0 0 19 1
fi=(315)
-8 601 1 0 0 1 0 0 1
fi=(312)
+5 1882 1
+3 * 1 0 0 0 0 0 0 0 0 1 1
fi=(315)
+2 639 19
fi=(313)
+3 172 19
+3 * 19 0 19
fi=(315)
+5 639 19
+3 * 19 0 19
fi=(313)
+5 172 19 0 19
cob=(7)
cfi=(336)
cfn=(1376)
calls=19 0xb0630 32 
* * 2105 599 296 12 147 11 12 0 0 358 37 38
* * 19 19 0 0 7 0 0 0 0 0 0 19
+5 * 19 19
+5 * 19 19
fi=(315)
+5 644 19 0 19 0 0 7
fe=(344)
+3 128 19
fi=(315)
+4 646 19
+3 -1 19 0 19
+4 +1 19 0 19
fe=(344)
+4 128 19
+3 * 19 0 0 0 0 0 0 0 0 19 7
fi=(315)
-21 644 1 0 1
fe=(344)
+3 128 1
fi=(315)
+4 646 1
+3 -1 1 0 1 1 0 0 1
+4 +1 1 0 1
fe=(344)
+4 128 1
+3 * 1 0 0 0 0 0 0 0 0 1 1
+21 -2 1023 1023 0 0 1019
+4 * 1023 0 1023
+6 * 1023
+3 * 1023 1023
+4 * 1023 0 0 0 0 0 0 0 0 1023 3
+6 +10 1 1
+5 * 1 0 1 1 0 0 1
cfi=(320)
cfn=(1356)
calls=1 0x2cd0 12 
* * 4 2 0 0 1 0 0 1 0 1 1
+5 * 1 1
+5 * 1 0 1
cfi=(320)
cfn=(1356)
calls=1 0x2cd0 12 
* * 4 2 0 0 0 0 0 0 0 1 1
+5 * 1 1
+5 * 1 0 1
cfi=(320)
cfn=(1356)
calls=1 0x2cd0 12 
* * 4 2 0 0 0 0 0 0 0 1 1
+5 * 1 1
+8 * 1 1 0 0 1
+9 * 1 0 0 0 0 0 0 0 0 1
+2 * 1
+7 * 1
+3 * 1 1 0 0 1 0 0 1
+1 * 1 1
+1 * 1 1
+2 * 1 1
+2 * 1 1
+2 * 1 1
+2 * 1 1

fl=(283) /home/ikea/Projects/DV1674/dv1674_a2/pearson/dataset.cpp
fn=(1494) Dataset::write(std::vector<double, std::allocator<double> >, std::__cxx11::basic_string<char, std::char_traits<char>, std::allocator<char> >)
0x31e0 53 1 0 1 1 0 0 1
+2 * 1 0 1
+2 * 1 0 1
+2 * 1 0 1
+2 * 1 0 1
+1 * 1
+3 * 1 0 1
+1 * 1
+7 * 1 1 0 0 1
+9 * 1 0 1 1 0 1 1
+8 * 1
fi=(284) /usr/include/c++/15.2.1/bits/basic_ios.h
+3 477 1
+8 * 1 0 1 0 0 1
cob=(7)
cfi=(240)
cfn=(842)
calls=1 0xe02a0 76 
* * 86 12 30 6 5 5 6 4 1 11 3 1 1
* * 1 1 0 0 1 0 0 0 0 0 0 1 1
+5 * 1
fi=(317) /usr/include/c++/15.2.1/bits/ostream.h
+4 -36 1
+5 * 1
fi=(284)
+2 +36 1
fi=(317)
+7 -36 1 1 0 0 1 0 0 1
fi=(284)
+7 +36 1 0 1
+8 * 1 0 1
+8 -1 1
+2 * 1 0 1 1 0 0 1
fi=(317)
+8 -35 1 1 0 0 1 0 0 1
fi=(284)
+7 +36 1 0 1
fi=(317)
+8 -36 1 1 0 0 1 0 0 1
fi=(284)
+4 +35 1 0 1
fi=(317)
+12 -35 1 0 1
+5 * 1 0 1
+3 * 1 0 1
cob=(7)
cfi=(243)
cfn=(848)
calls=1 0x12ff60 131 
* * 157 63 36 6 15 1 6 15 1 12 1 8
* * 1 1 0 0 1 0 0 0 0 0 0 1
fi=(285) /usr/include/c++/15.2.1/fstream
+5 834 1
+7 * 1
+5 * 1 0 1 1 0 0 1
+5 * 1
+4 * 1 0 1
+8 * 1 0 1
cob=(7)
cfi=(286)
cfn=(1058)
calls=1 0x125e80 85 
* * 85 25 34 5 5 3 5 5 0 4 1 3
* * 1 1 0 0 1 0 0 0 0 0 0 1 1
+5 +1 1
+5 * 1
+8 * 1 0 1
cob=(7)
cfi=(243)
cfn=(848)
calls=1 0x12ff60 131 
* * 157 63 36 0 0 0 0 0 0 12 4 8
* * 1 1 0 0 0 0 0 0 0 0 0 1
+5 345 1 1 0 0 1
+3 * 1
+5 * 1
+5 * 1 0 1
cob=(7)
cfi=(286)
cfn=(1068)
calls=1 0x12a820 183 
* * 798 197 174 43 25 15 43 14 13 92 27 12 4
* * 1 1 0 0 1 0 0 0 0 0 0 1 1
+5 1021 1 1
+5 * 1 0 0 1 0 0 1
+5 * 1 1 0 0 1 0 0 1
+4 -1 1
+3 * 1 0 0 0 0 0 0 0 0 1
+6 +5 1
+2 * 1 0 1
cob=(7)
cfi=(243)
cfn=(1118)
calls=1 0x12fab0 46 
* * 9 3 1 0 0 0 0 0 0 1
* * 1 1 0 1 1 0 1 0 0 0 0 1 1
fe=(283)
+5 58 1 1
+8 * 1 0 0 0 0 0 0 0 0 1
fi=(312)
+6 1119 1 1
+4 * 1 1
fe=(283)
+4 64 1
+2 * 1
fi=(312)
+2 1119 1
+3 * 1
+4 * 1
fi=(346) /usr/include/c++/15.2.1/iomanip
+7 222 306359 306359 0 1 0 0 1
fi=(317)
+5 +10 306359 306359 0 0 38296
+5 * 306359
fi=(372) /usr/include/c++/15.2.1/bits/ios_base.h
+5 777 306359 306359
+4 * 306359 0 306359
fi=(317)
+9 232 306359 0 306359
cob=(7)
cfi=(347)
cfn=(1508)
calls=306359 0x154690 67 
* * 888382726 214664047 137365137 188 47 142 188 45 18 127727529 2605656 7047732 23
cob=(1)
cfi=(275)
cfn=(1010)
calls=1 0x142e0 39 
* * 816 260 132 4 45 18 4 44 18 102 9 2 2
* * 306363 306361 2 0 1 0 0 1 0 0 0 306360 2
+5 739 306358
+5 * 306358
+7 * 306358
+3 * 306358 0 306358
cob=(7)
cfi=(364)
cfn=(1600)
calls=306358 0x152ec0 84 
* * 52083345 17463246 9191475 5 1 3 5 1 0 7046234 320234 1531860 2
cob=(1)
cfi=(275)
cfn=(1010)
calls=1 0x142e0 39 
* * 1193 320 132 2 12 0 2 12 0 163 12 2 1
* * 306362 306360 2 1 0 0 1 0 0 0 0 306359 2
fi=(312)
+5 1119 306358 306358
+4 * 306358 306358
fe=(283)
+4 64 306358
+3 * 306358
fi=(312)
+3 1119 306358
+3 * 306358
fe=(283)
+4 64 306358
+3 * 306358 0 0 0 0 0 0 0 0 306358 4
-3 * 1 0 0 1 0 0 1
+3 * 1 0 0 0 0 0 0 0 0 1 1

fn=(1040) Dataset::read(std::__cxx11::basic_string<char, std::char_traits<char>, std::allocator<char> >)
0x35c0 19 1 0 1 1 0 0 1
+2 +2 1
+4 -2 1 0 1
+2 * 1 0 1
+2 * 1 0 1
+2 * 1 0 1
+1 * 1
+3 * 1 0 1
+1 * 1
+7 * 1 1
+9 * 1 0 1
+8 * 1
+3 +2 1 0 1
fi=(284)
+8 477 1
+8 * 1 0 0 1 0 0 1
fe=(283)
+8 21 1 0 1
fi=(284)
+3 477 1
+3 * 1 0 1
+5 * 1 0 1
+5 * 1 0 1
cob=(7)
cfi=(240)
cfn=(842)
calls=1 0xe02a0 76 
* * 86 12 30 0 0 0 0 0 0 11 5 1
cob=(1)
cfi=(275)
cfn=(1010)
calls=1 0x142e0 39 
* * 756 248 132 3 11 17 0 2 0 93 8 2 2
* * 5 3 2 1 0 0 1 0 0 0 0 2 1
+5 * 1
+7 -1 1
fi=(298) /usr/include/c++/15.2.1/istream
+2 703 1
fi=(284)
+2 477 1 0 1
fi=(298)
+8 702 1 1 0 0 1
fi=(284)
+7 477 1
+4 -1 1 0 1
fi=(298)
+8 702 1 1 0 1 0 0 1
fi=(284)
+7 477 1 0 1
+8 * 1 0 1
fi=(298)
+8 702 1 0 1
+8 * 1 1 0 0 1
fi=(284)
+4 476 1 0 1
fi=(298)
+12 702 1 0 1
+8 +1 1 1
+7 -1 1 0 1 1 0 0 1
+12 +1 1 1
+4 * 1
+3 * 1 0 1
cob=(7)
cfi=(243)
cfn=(848)
calls=1 0x12ff60 131 
* * 157 63 36 0 0 0 0 0 0 12 5 8
cob=(1)
cfi=(275)
cfn=(1010)
calls=1 0x142e0 39 
* * 1159 311 132 0 10 0 0 1 0 161 12 2 2
* * 5 3 2 1 1 0 1 0 0 0 0 2 1
fi=(285)
+5 561 1
+7 * 1
+8 * 1 0 1
+8 * 1
+3 * 1
+4 * 1 0 1
+8 * 1 0 1
+5 * 1 0 1 1 0 0 1
cob=(7)
cfi=(286)
cfn=(1058)
calls=1 0x125e80 85 
* * 85 25 34 6 0 0 6 0 0 4 2 3 3
cob=(1)
cfi=(275)
cfn=(1010)
calls=1 0x142e0 39 
* * 976 285 132 4 8 0 0 1 0 129 9 2 2
* * 5 3 2 1 1 0 1 0 0 0 0 2 1
+5 +1 1
+3 * 1
+3 * 1 0 1
cob=(7)
cfi=(243)
cfn=(848)
calls=1 0x12ff60 131 
* * 157 63 36 0 0 0 0 0 0 12 4 8
* * 1 1 0 0 0 0 0 0 0 0 0 1 1
+5 345 1 1
+3 * 1 1
+5 * 1
+5 * 1 0 1
cob=(7)
cfi=(286)
cfn=(1068)
calls=1 0x12a820 183 
* * 940 205 175 61 7 8 59 4 8 106 32 12 11
cob=(1)
cfi=(275)
cfn=(1010)
calls=1 0x142e0 39 
* * 1109 307 132 2 8 0 0 0 0 149 7 2 2
* * 5 3 2 0 0 0 0 0 0 0 0 2 1
+5 746 1 1
+8 * 1 1
+5 * 1 1 0 0 1
+4 -1 1
+3 * 1 0 0 0 0 0 0 0 0 1
+6 +5 1
+2 * 1 0 1 1 0 0 1
cob=(7)
cfi=(243)
cfn=(1118)
calls=1 0x12fab0 46 
* * 9 3 1 2 0 0 2 0 0 1
cob=(1)
cfi=(275)
cfn=(1010)
calls=1 0x142e0 39 
* * 1020 295 132 2 8 0 0 1 0 136 9 1 1
* * 5 3 2 1 0 0 1 0 0 0 0 2 1
fe=(283)
+5 26 1 1
+8 * 1 0 0 0 0 0 0 0 0 1 1
fi=(285)
0x3775 643 1 0 0 1 0 0 1
+7 261 1 1 0 1 0 0 1
+5 643 1 0 1
+8 * 1
+4 * 1 0 1
+8 264 1
+7 * 1 0 1
+8 -3 1 0 1
cob=(7)
cfi=(286)
cfn=(1408)
calls=1 0x129bd0 -8 
* * 598 175 117 51 19 1 47 0 0 87 27 12 10
cob=(1)
cfi=(275)
cfn=(1010)
calls=1 0x142e0 39 
* * 998 290 132 12 45 14 0 0 0 136 12 1 1
* * 5 3 2 0 1 0 0 0 0 0 0 2 1
+5 +3 1
+8 * 1 0 1
cob=(7)
cfi=(287)
cfn=(1442)
calls=1 0xf2b50 -54 
* * 23 9 5 0 0 0 0 0 0 1 1 2 1
cob=(1)
cfi=(275)
cfn=(1010)
calls=1 0x142e0 39 
* * 821 260 132 3 13 0 0 1 0 103 11 2 2
* * 5 3 2 0 0 0 0 0 0 0 0 2 1
fi=(337) /usr/include/c++/15.2.1/streambuf
+5 -57 1
+7 * 1 0 0 1 0 0 1
+8 * 1 0 1
+8 * 1 0 1
cob=(7)
cfi=(207)
cfn=(854)
calls=1 0xc86c0 91 
* * 6 3 0 0 0 0 0 0 0 1 1
* * 1 1 0 0 0 0 0 0 0 0 0 1
fi=(298)
+5 -99 1 1 0 0 1
fi=(284)
+7 296 1 1
fi=(298)
+5 108 1 1
+7 * 1 0 1
+8 * 1 1 0 0 1
+4 * 1 0 1
fi=(284)
+8 296 1
+7 * 1 0 1 1 0 0 1
fi=(298)
+8 108 1 0 1
fi=(284)
+12 296 1 0 1
cob=(7)
cfi=(240)
cfn=(1390)
calls=1 0xe0650 87 
* * 61 22 14 0 1 0 0 0 0 4 4 3
* * 1 1 0 0 0 0 0 0 0 0 0 1
fe=(283)
+5 49 1 1
+8 * 1 1
+9 * 1 0 0 0 0 0 0 0 0 1
+6 * 1
+7 * 1
+3 * 1 1 0 0 1
+1 * 1 1
+1 * 1 1
+2 * 1 1
+2 * 1 1 0 1
+2 * 1 1
+2 * 1 1
fi=(298)
+4 187 1 1 0 1 0 0 1
+5 * 1
+5 * 1 0 1
cob=(7)
cfi=(299)
cfn=(1126)
calls=1 0x134fb0 -86 
* * 620 191 97 51 12 0 51 2 0 96 18 11 10
cob=(1)
cfi=(275)
cfn=(1010)
calls=1 0x142e0 39 
* * 836 263 132 0 9 0 0 0 0 105 5 2 1
* * 5 3 2 0 0 0 0 0 0 0 0 2 1
fi=(274)
+5 +22 1
fi=(371)
+8 352 1 0 1
fi=(274)
+8 209 1 0 1
+5 * 1 0 1
+8 4409 1 1
+8 234 1 0 1 1 0 0 1
+12 4407 1 1
+4 * 1 1
fi=(284)
+8 51 1
+3 * 1 0 0 0 0 0 0 0 0 1
fi=(309) /usr/include/c++/15.2.1/bits/locale_facets.h
+6 884 1 1
+4 * 1 0 0 0 0 0 0 0 0 1
fi=(274)
+6 4409 1 1
+4 * 1
+8 * 1 1
+5 * 1
+3 * 1 0 1
+5 * 1 0 1 1 0 0 1
cob=(7)
cfi=(310)
cfn=(1194)
calls=1 0xcdda0 124 
* * 91 34 22 6 0 0 6 0 0 9 4 1 1
cob=(1)
cfi=(275)
cfn=(1010)
calls=1 0x142e0 39 
* * 1399 352 132 0 13 0 0 2 0 196 9 2 2
* * 5 3 2 0 0 0 0 0 0 0 0 2 1
fi=(312)
+5 1211 1 1
+4 * 1 1
fe=(283)
+4 38 1 1
fi=(312)
+5 1211 1
+3 -1 1
+3 * 1
fi=(315)
+4 72 1
+3 * 1 0 0 0 0 0 0 0 0 1
fi=(313)
+6 +79 1
+4 * 1 0 1
fi=(312)
+5 1119 1 1
fi=(313)
+4 151 1
+3 * 1 0 1
+4 * 1 0 1
cob=(7)
cfi=(280)
cfn=(1026)
calls=1 0xb26a0 43 
* * 183 31 18 0 1 1 0 0 1 25 8 1
cob=(1)
cfi=(275)
cfn=(1010)
calls=1 0x142e0 39 
* * 639 233 132 0 8 0 0 1 0 76 8 1 1
* * 5 3 2 0 0 0 0 0 0 0 0 2 1
fi=(314)
+5 -7 1 0 0 1 0 0 1
+3 * 1 1
fi=(313)
+5 +7 1
fi=(314)
+3 -7 1 0 0 0 0 0 0 0 0 1 1
fi=(312)
+99 1119 1 0 0 1 0 0 1
+3 395 1
+3 * 1 0 0 0 0 0 0 0 0 1 1
fi=(315)
+10 97 1
+3 -1 1 0 1 1 0 0 1
+4 +2 1 1
+4 -1 1 0 1
+4 +1 1 0 1
fi=(274)
+4 4409 1 1
+8 * 1 1
+4 * 1 1
fi=(284)
+8 51 1
+3 * 1 0 0 0 0 0 0 0 0 1 1
+6 * 1 1 0 0 1
+8 * 1 1
+7 * 1 0 1
fi=(309)
+5 884 1 1 0 1 0 0 1
+4 * 1 0 0 0 0 0 0 0 0 1
+6 * 1
fi=(274)
+6 4409 1 1
+4 * 1 1
+5 * 1 1
+5 * 1 0 1
cob=(7)
cfi=(310)
cfn=(1194)
calls=1 0xcdda0 124 
* * 1700 503 262 25 100 97 25 97 97 212 34 7 4
* * 1 1 0 0 0 0 0 0 0 0 0 1 1
-14 * 1024 1024
+4 * 1024 1024
+5 * 1024 1024
+5 * 1024 0 1024
cob=(7)
cfi=(310)
cfn=(1194)
calls=1024 0xcdda0 124 
* * 1704220 522787 267782 3118 39574 9583 8 30 0 213745 9595 9221 771
* * 1024 1024 0 0 0 0 0 0 0 0 0 1024
fe=(283)
+5 39 1025 1025
fi=(284)
+3 147 1025 1025
fe=(283)
+4 39 1025 1025
+5 * 1025 0 0 0 0 0 0 0 0 1025 1
fi=(284)
+6 477 1024
+8 * 1024 0 0 2 0 0 1
+8 * 1024
+3 * 1024 0 1024
+4 * 1024 0 1024
cob=(7)
cfi=(240)
cfn=(842)
calls=1024 0xe02a0 76 
* * 88064 12288 30720 3837 612 568 0 0 0 11264 11 1024 1023
* * 1024 1024 0 0 0 0 0 0 0 0 0 1024 1024
fi=(298)
+5 702 1024 1024 0 0 1
fi=(284)
+7 476 1024
fi=(298)
+2 703 1024
fi=(284)
+2 477 1024
+7 * 1024
+4 -1 1024 0 1024
fi=(298)
+8 702 1024 1024
fi=(284)
+7 477 1024 0 1024
+8 * 1024 0 1024 1 0 0 1
+8 * 1024 0 1024
fi=(298)
+8 702 1024 1024 0 0 1
fi=(284)
+4 476 1024 0 1024
fi=(298)
+12 702 1024 0 1024
+8 * 1024 0 1024
+8 * 1024 0 1024
+12 +1 1024 1024
+4 * 1024 0 0 2 0 0 1
+3 * 1024 0 1024
cob=(7)
cfi=(243)
cfn=(848)
calls=1024 0x12ff60 131 
* * 160768 64512 36864 40 4470 0 0 0 0 12288 0 8192
* * 1024 1024 0 0 0 0 0 0 0 0 0 1024 1
fi=(317)
+5 441 1024 1024 0 0 1
+7 * 1024
+2 * 1024 1024 0 0 1
+4 * 1024 0 1024
+8 * 1024
+8 * 1024 1024
+7 * 1024 0 1024
+3 * 1024 0 1024
cob=(7)
cfi=(243)
cfn=(848)
calls=1024 0x12ff60 131 
* * 160768 64512 36864 0 0 0 0 0 0 12288 7 8192
* * 1024 1024 0 0 0 0 0 0 0 0 0 1024
fi=(298)
+5 1021 1024 1024
+7 * 1024 1024
fi=(318) /usr/include/c++/15.2.1/sstream
+7 +53 1024 0 0 1 0 0 1
+4 * 1024 1024
fi=(298)
+6 -53 1024 1024 0 0 1
+4 * 1024 0 1024
fi=(318)
+8 +53 1024
+7 * 1024 0 1024
+8 * 1024
+4 * 1024 0 1024
fi=(337)
+8 475 1024
+8 * 1024
+3 * 1024 0 1024 1024 0 0 1
fi=(318)
+5 1074 1024 0 1024
+8 * 1024 0 1024
+8 * 1024 0 1024
+8 * 1024 0 1024
fi=(337)
+8 475 1024 0 1024
cob=(7)
cfi=(206)
cfn=(714)
calls=1024 0xe1ba0 269 
* * 26624 10240 6144 0 0 0 0 0 0 3072 1
cob=(1)
cfi=(275)
cfn=(1010)
calls=1 0x142e0 39 
* * 759 247 132 0 8 0 0 0 0 94 6 2 2
* * 1028 1026 2 0 0 0 0 0 0 0 0 1025 2
fi=(318)
+5 151 1024
fi=(274)
+7 +88 1024 1024
fi=(318)
+8 -89 1024 0 1024
+11 +1 1024 0 1024 1024 0 0 1
fi=(274)
+8 +54 1024
+8 1165 1024 1024
+8 205 1024 0 1024
+5 * 1024 0 1024
+8 689 1024
+3 * 1024 0 0 0 0 0 0 0 0 1024 3
fi=(277)
+11 231 1024 0 1024
+8 +2 1024
+4 * 1024 0 0 1024 0 0 1 0 0 1024 3
fi=(274)
+30 +1 1024 0 1024
fi=(318)
+8 347 1024
+2 * 1024
+2 * 1024
fi=(371)
+8 +5 1024 0 1024
fi=(318)
+5 -5 1024 1024
+8 -4 1024 0 1024 1024 0 0 1
+11 +4 1024 0 1024
cob=(7)
cfi=(319)
cfn=(1240)
calls=1024 0x15a050 -98 
* * 35840 6144 6144 1028 0 0 4 0 0 5120 9 1024 1
cob=(1)
cfi=(275)
cfn=(1010)
calls=1 0x142e0 39 
* * 1145 312 132 0 10 0 0 0 0 155 6 2 2
* * 1028 1026 2 0 0 0 0 0 0 0 0 1025 2
+5 1075 1024 1024
+4 * 1024
+8 * 1024 0 1024
cob=(7)
cfi=(243)
cfn=(848)
calls=1024 0x12ff60 131 
* * 160768 64512 36864 0 0 0 0 0 0 12288 7 8192
* * 1024 1024 0 0 0 0 0 0 0 0 0 1024
fe=(283)
+5 42 1024
+5 * 1024 1024
+4 * 1024
+3 * 1024 0 1024
+5 * 1024 0 1024
cfi=(320)
cfn=(1246)
calls=1024 0x2cf0 -22 
* * 171682 37099 23685 4 8 1 4 1 1 30792 1038 3074 2
+5 +1 1024
+3 * 1024 0 1024
cfi=(320)
cfn=(1252)
calls=1024 0x2dd0 +1 
* * 2048 2048 0 9 0 0 1
fi=(298)
+5 226 1024 0 0 1 0 0 1
+8 * 1024
fe=(283)
+3 43 1024 0 1024
+5 * 1024 1024
fi=(331) /usr/include/c++/15.2.1/bits/stream_iterator.h
+5 +39 1024 0 1024
+8 * 1024 0 1024
fi=(298)
+8 226 1024 0 1024
cob=(7)
cfi=(299)
cfn=(1258)
calls=1024 0x135b10 101 
* * 1726163 462048 245159 23411 12728 1717 126 8 1 254052 6245 21401 4007
cob=(1)
cfi=(275)
cfn=(1010)
calls=1 0x142e0 39 
* * 829 260 132 0 10 0 0 1 0 104 10 2 2
* * 1028 1026 2 1 0 0 1 0 0 0 0 1025 1
fi=(331)
+5 -74 1024 1024
+3 * 1024 1024
fi=(284)
+5 -5 1024 1024
fi=(331)
+4 +5 1024 1024
+5 * 1024 0 0 0 0 0 0 0 0 1024 2
fi=(332) /usr/include/c++/15.2.1/bits/stl_algo.h
+22 692 1024 0 0 3 0 0 1
+3 * 1024 0 0 0 0 0 0 0 0 1024 2
+6 * 1024 1024
fi=(331)
+8 89 1024 1024
+8 * 1024 1024
+9 -1 1024 0 1024
+8 +1 1024 0 1024
+7 -1 1024 0 1024 1024 0 0 1
fi=(333)
+9 585 1024 0 1024
+4 +2 1024
+4 * 1024 0 0 0 0 0 0 0 0 1024
+2 * 1024
+4 -1 1024
+4 * 1024
fi=(298)
+4 226 1024
+8 * 1024 0 1024
+5 * 1024
fi=(331)
+5 -74 1046528 1046528
fi=(333)
+8 586 1046528
fi=(331)
+4 152 1046528
+3 * 1046528 0 0 0 0 0 0 0 0 1046528
-3 * 1024
+3 * 1024 0 0 769 0 0 1 0 0 1024
fi=(298)
+2 +74 1047552 1047552
+5 * 1047552 0 1047552
cob=(7)
cfi=(299)
cfn=(1258)
calls=1047552 0x135b10 101 
* * 1778927601 477804669 251793918 1989 11 0 17 1 0 262941973 5221704 21894083 2097000
* * 1047552 1047552 0 0 0 0 0 0 0 0 0 1047552 1
fi=(331)
+5 -74 1047552 1047552
fi=(284)
+3 -5 1047552 1047552
fi=(331)
+4 +5 1047552 1047552
+5 * 1047552 0 0 0 0 0 0 0 0 1047552 2
fi=(333)
+22 585 1047552 1047552
+9 * 1047552 0 1047552 0 0 6523 0 0 127
+6 +2 1047552
+3 * 1047552 0 0 1 0 0 1 0 0 1047552 2
fi=(312)
+2 1418 1024 1024 0 0 4
fi=(313)
+4 191 1024 1024
fi=(312)
+5 1418 1024 1024
+4 * 1024 0 0 0 0 0 0 0 0 1024
fi=(313)
+6 191 1024 0 1024
cfi=(320)
cfn=(1354)
calls=1024 0x2d20 24 
* * 4194717 1092134 1075702 153 919 131797 14 1 131585 302792 4446 3073 1026
fi=(312)
+5 1423 1024 0 1024
fe=(283)
+5 46 1024 1024
+5 * 1024 0 1024
cfi=(320)
cfn=(1356)
calls=1024 0x2cd0 -34 
* * 133658 33999 18566 3291 1109 0 13 3 0 22578 1039 3075 5
fi=(318)
+5 1084 1024
fi=(274)
+7 239 1024 1024
fi=(318)
+8 1084 1024 0 1024
+8 * 1024 0 0 2 0 0 1
+4 * 1024 0 1024
+8 * 1024
+4 * 1024 0 1024
fi=(274)
+8 280 1024 1024
+5 * 1024 0 0 0 0 0 0 0 0 1024
+2 +25 1024 1024
+8 * 1024
fi=(313)
+4 172 1024 0 1024
cob=(7)
cfi=(336)
cfn=(1376)
calls=1024 0xb0630 32 
* * 159589 45025 25600 1027 0 0 4 0 0 26593 1040 2048 1
cob=(1)
cfi=(275)
cfn=(1010)
calls=1 0x142e0 39 
* * 723 237 132 3 12 0 0 0 0 86 8 3 2
* * 1028 1026 2 0 19 0 0 0 0 0 0 1025 2
fi=(337)
+5 +35 1024 1024
+5 * 1024
+7 * 1024 0 1024 1 0 0 1
+8 * 1024 0 1024
cob=(7)
cfi=(207)
cfn=(854)
calls=1024 0xc86c0 91 
* * 6144 3072 0 0 0 0 0 0 0 1024 3
cob=(1)
cfi=(275)
cfn=(1010)
calls=1 0x142e0 39 
* * 783 252 132 0 6 0 0 0 0 101 10 2 2
* * 1028 1026 2 1 0 0 1 0 0 0 0 1025 1024
fi=(298)
+5 1017 1024 1024
+7 * 1024 1024
fi=(284)
+7 296 1024 1024
fi=(298)
+4 1017 1024 1024 0 0 36
+4 * 1024 0 1024
fi=(317)
+8 101 1024 1024
+4 * 1024 1024
+7 * 1024 0 1024
+8 * 1024 0 1024 8 0 0 1
fi=(298)
+8 +7 1024 1024
+4 * 1024 1024
+7 * 1024 0 1024
+8 * 1024 0 1024
fi=(284)
+8 296 1024
+7 * 1024 0 1024
fi=(298)
+8 108 1024 0 1024
fi=(284)
+12 296 1024 0 1024
cob=(7)
cfi=(240)
cfn=(1390)
calls=1024 0xe0650 87 
* * 62464 22528 14336 496 433 0 5 0 0 4096 11 3072 1026
cob=(1)
cfi=(275)
cfn=(1010)
calls=1 0x142e0 39 
* * 771 249 132 3 10 0 0 0 0 96 6 2 2
* * 1028 1026 2 0 0 0 0 0 0 0 0 1025 1024
fi=(274)
+5 4409 1024 1024 0 1 0 0 1
+8 * 1024 1024
+4 * 1024 1024 0 0 1
fi=(284)
+8 51 1024
+3 * 1024 0 0 0 0 0 0 0 0 1024
fi=(309)
+6 884 1024 1024
+4 * 1024 0 0 0 0 0 0 0 0 1024 3
fi=(277)
0x3f00 235 1024 0 0 1 0 0 1
+8 * 1024
+8 * 1024
+2 * 1024 0 1024
cob=(7)
cfi=(278)
cfn=(1022)
calls=1024 0x1650b0 -92 
* * 380819 64493 44017 2042 48 2 15 0 1 77791 4124 2048
* * 1024 1024 0 0 0 0 0 0 0 0 0 1024 1024
fi=(274)
+5 -6 1024 0 1024
fi=(277)
+8 +6 1024
fi=(274)
+3 +31 1024 1024
+8 * 1024 0 1024
fi=(371)
+8 429 1024
+3 * 1024
+3 * 1024 0 1024
cob=(2)
cfi=(282)
cfn=(1038)
calls=1024 0x16dd80 255 
* * 619520 200704 197632 1 0 13678 1 0 95 55296 1043
* * 1024 1024 0 0 0 0 0 0 0 0 0 1024 1
fi=(277)
+5 257 1024 1024 0 1 0 0 1
fi=(274)
+8 -18 1024 1024
fi=(371)
+8 429 1024
fi=(274)
+27 239 1 1
+8 +41 1 1
+5 * 1 0 0 0 0 0 0 0 0 1
+6 +25 1 1
+8 * 1
fi=(313)
+4 172 1 0 1
cob=(7)
cfi=(336)
cfn=(1376)
calls=1 0xb0630 32 
* * 151 43 25 0 0 0 0 0 0 25 1 2
* * 1 1 0 0 0 0 0 0 0 0 0 1
fi=(274)
+5 896 1
fi=(314)
+36 144 1 0 0 1 0 0 1
+3 * 1
fe=(283)

fl=(273) /home/ikea/Projects/DV1674/dv1674_a2/pearson/pearson.cpp
fn=(1000) main
0x2780 12 1 0 1 1 0 0 1
+2 * 1 0 1
+2 * 1 0 1
+2 * 1 0 1
+2 * 1 0 1
+1 * 1 0 1
+1 * 1
+7 * 1 1
+9 * 1 0 1
+8 * 1
+3 +10 1
+3 * 1 0 0 0 0 0 0 0 0 1
+6 +7 1 1
+4 * 1
+8 * 1
+5 * 1 0 1 1 0 0 1
cfi=(274)
cfn=(1002)
calls=1 0x2b70 706 
* * 3720 1045 618 81 70 22 38 5 13 578 92 18 15
+5 * 1
+5 * 1
+8 * 1
+3 * 1 0 1
+5 * 1 0 1
cfi=(283)
cfn=(1040)
calls=1 0x35c0 -10 
* * 1804649140 487918122 256026781 46619 60316 164007 451 157 131916 267142486 5250627 23028715 2109048
fi=(274)
+5 896 1 0 0 1
+8 * 1 0 1
cob=(7)
cfi=(311)
cfn=(1450)
calls=1 0x165110 296 
* * 43 12 4 1 2 0 1 0 0 8 0 2 1
cob=(1)
cfi=(275)
cfn=(1010)
calls=1 0x142e0 39 
* * 1149 310 132 4 15 2 1 4 0 157 11 2 2
* * 5 3 2 1 0 0 1 0 0 0 0 2 1
fi=(312)
+5 1119 1 1
+5 * 1 1
+5 387 1
+3 * 1
+3 * 1 0 0 1 0 0 1 0 0 1
fi=(313)
+6 151 1
+3 * 1 0 1
cob=(7)
cfi=(280)
cfn=(1026)
calls=1 0xb26a0 43 
* * 398 72 53 7 0 1 1 0 0 73 15 1
* * 1 1 0 0 0 0 0 0 0 0 0 1 1
+5 * 1 0 1
fi=(312)
+4 405 1 1
+4 * 1
+5 +2 1
+4 -2 1
+4 +2 1 0 1 0 0 1
+5 -2 1 0 1
fi=(314)
+5 144 1
+3 * 1 0 0 0 0 0 0 0 0 1
+6 * 1
+3 * 1
+1 * 1
fi=(343) /usr/include/c++/15.2.1/bits/stl_construct.h
+11 -11 1 0 0 1 0 0 1
+3 * 1
+3 * 1 0 1
cfi=(320)
cfn=(1354)
calls=1 0x2d20 24 
* * 4145 1093 1068 3 129 115 3 0 0 308 9 3
-6 * 1023
+3 * 1023
+3 * 1023 0 1023
cfi=(320)
cfn=(1354)
calls=1023 0x2d20 24 
* * 4143216 1088388 1072786 12 131562 131513 3 0 131218 288162 1102 3069
fi=(314)
+5 +11 1024
+4 * 1024
+4 * 1024
+3 * 1024 0 0 0 0 0 0 0 0 1024 3
fe=(273)
+2 36 1
+5 * 1
fi=(312)
+5 635 1 0 1 0 0 1
fe=(273)
+5 36 1 0 1
cfi=(344)
cfn=(1462)
calls=1 0x4190 +77 
* * 2581617049 1082750619 3757050 60 67635310 131147 52 3 130982 138282697 529671 116 1
+5 * 1
+5 * 1 0 1
cfi=(312)
cfn=(1490) std::vector<Vector, std::allocator<Vector> >::~vector()
calls=1 0x2c60 800 
* * 201692 58597 32343 4 1324 2 4 1 0 32530 110 3075
+5 +2 1 1 0 0 1 0 0 1
+4 * 1
+5 * 1 0 0 1 0 0 1
+8 * 1 0 1
cfi=(274)
cfn=(1002)
calls=1 0x2b70 706 
* * 134 31 22 7 10 2 7 4 1 17 4 5 2
fi=(312)
+5 1119 1 1
+5 387 1 1
+5 * 1
+3 * 1 0 0 0 0 0 0 0 0 1
fi=(313)
+6 151 1
+3 * 1 0 1
cob=(7)
cfi=(280)
cfn=(1026)
calls=1 0xb26a0 43 
* * 1347 231 144 0 15 5 0 0 1 281 27 1
* * 1 1 0 0 0 0 0 0 0 0 0 1
fi=(312)
+5 405 1
+5 +2 1
fi=(314)
+4 273 1
+3 * 1
fi=(312)
+3 405 1
fi=(314)
+4 273 1
fi=(312)
+3 407 1 0 1 1 0 0 1
+5 -2 1 0 1
fi=(314)
+5 273 1 0 1
cob=(2)
cfi=(282)
cfn=(1038)
calls=1 0x16dd80 -18 
* * 460992 130950 130946 0 65476 65472 0 0 65472 16904 517
* * 1 1 0 0 0 0 0 0 0 0 0 1
fe=(273)
+5 38 1
+8 * 1
fi=(312)
+5 635 1 0 1 0 0 1
fe=(273)
+5 38 1 0 1
cfi=(283)
cfn=(1494)
calls=1 0x31e0 +15 
* * 946596613 234272766 147476289 268 38463 189 268 145 51 135080521 2925952 9192353 41

fl=(312)
fn=(1490)
0x2c60 800 1 0 1 1 0 0 1
+2 * 1
+3 * 1 0 1
+1 * 1 0 1
+1 +2 1 1
+4 * 1 1
fi=(343)
+3 211 1
+3 * 1 0 0 0 0 0 0 0 0 1
+2 * 1
+2 * 1
+11 -45 1 0 0 1 0 0 1
+3 +45 1
+4 -45 1 0 1
cfi=(320)
cfn=(1356)
calls=1 +73 12 
* * 125 32 18 0 15 0 0 1 0 21 3 3
-7 * 1023
+3 +45 1023
+4 -45 1023 0 1023
cfi=(320)
cfn=(1356)
calls=1023 +73 12 
* * 196266 58510 31271 2 1304 1 2 0 0 31455 97 3069
+5 +45 1024
+3 * 1024 0 0 0 0 0 0 0 0 1024 6
fe=(312)
+2 376 1 1
+4 +19 1
+3 * 1 0 0 0 0 0 0 0 0 1
+2 -19 1 1
fi=(313)
+5 172 1
fe=(312)
+3 376 1
+3 805 1 1
+1 * 1 1
+1 * 1 1
fi=(313)
+2 172 1
cob=(7)
cfi=(336)
cfn=(1376)
calls=1 0xb0630 32 
* * 160 47 27 0 4 1 0 0 0 28 4 2
* * 1 1 0 0 1 0 0 0 0 0 0 1
fe=(312)

ob=(1)
fl=(16) /usr/src/debug/glibc/glibc/elf/../sysdeps/x86/cpu-features.c
fn=(36) init_cpu_features.constprop.0
0x17d00 724 1 0 1 1 0 0 1
+1 +23 1
+2 -23 1
+3 * 1 0 1
+2 * 1 0 1
+2 * 1 0 1
+2 * 1 0 1
+2 * 1 0 1
+1 * 1
+7 +3 1 0 1
+7 +9 1 0 1 0 0 1 0 0 1
+10 -8 1 0 1
+7 +1 1 0 1
+7 +9 1 0 1 0 0 1 0 0 1
+11 +9 1 0 0 1 0 0 1
+2 * 1 0 1
+6 +3 1
+6 * 1 0 0 0 0 0 0 0 0 1
+6 * 1
+6 * 1 0 0 0 0 0 0 0 0 1
+6 * 1
+6 * 1 0 0 0 0 0 0 0 0 1
+6 +6 1
+4 * 1
+4 * 1
+4 * 1
+4 * 1
+3 * 1 0 1 1 0 0 1
cfn=(38) get_common_indices.constprop.0
calls=1 0x16d50 431 
* * 71 10 23 5 0 3 5 0 3 8 1
+5 409 1
+5 * 1
+2 * 1
+2 +1 1
+5 * 1 0 0 0 0 0 0 0 0 1
+2 +1 1
+5 * 1
+2 * 1 0 1
+6 * 1 0 1
+6 * 1 0 1
+6 * 1 0 1
+6 +5 1
+6 * 1 0 0 0 0 0 0 0 0 1
+2 +1 1
+5 * 1 0 0 1 0 0 1
+2 * 1 0 1 0 0 1 0 0 1
+6 * 1 0 1
+6 * 1 0 1
+6 * 1 0 1
+6 +5 1
+6 * 1 0 0 0 0 0 0 0 0 1
+2 +1 1
+5 * 1
+2 * 1 0 1
+6 * 1 0 1
+6 * 1 0 1
+6 * 1 0 1 1 0 0 1
+6 761 1 0 1
cfn=(42) update_active.constprop.0
calls=1 0x17740 90 
* * 196 42 39 18 1 1 18 1 1 21 11
+5 +4 1 1
+6 +42 1 1
+6 -38 1 1
+3 +15 1 1
+3 -18 1
+2 +41 1 0 1
+6 -36 1 1
+3 -5 1
+6 +39 1 1
+7 -39 1 0 1
+6 +3 1
+3 * 1 0 0 0 0 0 0 0 0 1 1
+22 886 1 1 0 1 0 0 1
+7 * 1 0 0 0 0 0 0 0 0 1 1
+6 +65 1 1
+7 * 1 0 0 0 0 0 0 0 0 1
+6 +7 1 1
+7 * 1 0 0 0 0 0 0 0 0 1
+2 +2 1
+3 * 1 0 1
+6 +4 1 0 0 1 0 0 1
+7 * 1 0 0 0 0 0 0 0 0 1
+6 +6 1 1
+7 * 1 0 0 0 0 0 0 0 0 1 1
+14 1126 1
+3 754 1
+6 1126 1
fi=(20) /usr/src/debug/glibc/glibc/elf/../sysdeps/x86/dl-cacheinfo.h
+6 999 1
+2 * 1
+3 * 1
+3 * 1 0 1
+6 * 1
+4 * 1 0 1 1 0 0 1
fe=(16)
+4 751 1
0x17f63 1118 1 1 0 1 0 0 1
+6 * 1
+3 * 1 0 0 0 0 0 0 0 0 1
+2 +1 1
+3 * 1 0 1
+6 +3 1
+3 * 1 0 0 0 0 0 0 0 0 1
+2 +1 1
+3 * 1 0 1 1 0 0 1
+6 +3 1
+2 * 1 0 0 0 0 0 0 0 0 1 1
+14 +7 1 0 1
+7 +1 1 0 1
+6 +1 1 0 1
+6 +1 1 0 1
fi=(20)
+6 850 1
+4 * 1 0 0 0 0 0 0 0 0 1 1
0x18062 953 1 1 0 1 0 0 1
+7 +5 1 0 1
+7 +11 1
+3 -7 1 1
+7 +2 1 0 1 1 0 0 1
+7 +5 1
+5 -16 1 0 1 0 0 1 0 0 1
+7 +1 1 1
+7 +15 1
+4 -10 1 0 1
+7 -5 1 0 1
+7 +1 1 1
+7 +5 1 0 1
+7 -5 1 0 1
+7 +1 1 1 0 1 0 0 1
+7 +5 1 0 1
+7 -5 1 0 1
+7 +1 1 1
+7 +5 1 0 1
+7 -5 1 0 1
+7 +6 1 0 1
+7 +37 1 1
+7 * 1 0 0 0 0 0 0 0 0 1
+2 -17 1 1
+4 * 1
+2 * 1
+3 +8 1 0 0 1 0 0 1
+3 * 1
+4 +29 1
+10 * 1
+5 * 1
+3 * 1
+4 * 1
+7 * 1
+4 +9 1
+7 * 1 0 0 0 0 0 0 0 0 1 1
+42 +20 1 1 0 1 0 0 1
+7 * 1
+5 +13 1
+3 * 1
+5 -13 1
+4 +6 1
+4 * 1
+4 +7 1
+2 * 1 0 1
cfi=(11) /usr/src/debug/glibc/glibc/elf/dl-tunables.c
cfn=(28) __tunable_get_val
calls=1 0x14cf0 438 
* * 17 4 1 0 2 0 0 2 0 3 1
+5 * 1 1 0 1 0 0 1
+4 +5 1
+3 * 1
+5 -3 1
+3 * 1 1
+8 +3 1
+2 * 1 0 1
cfi=(11)
cfn=(28)
calls=1 0x14cf0 438 
* * 17 4 1 0 2 0 0 2 0 3 1
+5 * 1 1
+4 +80 1 1
+4 -68 1
+3 -4 1
+7 +4 1
+5 -10 1
+3 +78 1
+4 * 1 1 0 1 0 0 1
+8 -72 1 1
+7 * 1
+4 +72 1 0 1
+7 -68 1
+2 +68 1 0 1
+4 -72 1 0 1
+7 +4 1 0 1
cfi=(11)
cfn=(28)
calls=1 0x14cf0 438 
* * 17 4 1 0 2 0 0 2 0 3 1
+5 * 1 1
+4 +5 1
+3 -4 1
+10 +4 1
+5 -4 1 0 0 1 0 0 1
+7 * 1
+3 +55 1
+4 -51 1
+2 +51 1 0 1
+7 -51 1 0 1
cfi=(11)
cfn=(28)
calls=1 0x14cf0 438 
* * 17 4 1 0 2 0 0 2 0 3 1
+5 * 1 1
+4 +5 1
+3 -4 1
+10 +4 1
+5 -4 1
+7 * 1
+3 +37 1 1
+8 -33 1 0 0 1 0 0 1
+2 +33 1 0 1
+7 * 1 0 1
+7 -33 1 0 1
cfi=(11)
cfn=(28)
calls=1 0x14cf0 438 
* * 17 4 1 0 2 0 0 2 0 3
+5 * 1 1
+4 +7 1
+3 -6 1 1
+7 +6 1
+5 +42 1
+4 -42 1
+2 +42 1 0 1
+7 -42 1 0 1
cfi=(11)
cfn=(28)
calls=1 0x14cf0 438 
* * 17 4 1 0 2 0 0 2 0 3
+5 +2 1 1 0 1 0 0 1
+7 -2 1 1
+4 +2 1 1
+7 * 1 0 0 0 0 0 0 0 0 1
+6 -2 1 0 1
+7 +26 1 0 1
+4 * 1 1
+4 * 1
+4 * 1
+3 * 1
+5 * 1 0 1
+8 * 1 0 1
+8 * 1 0 1 1 0 0 1
+8 * 1 0 1
cfi=(11)
cfn=(58) __GI___tunable_set_val
calls=1 0x14660 162 
* * 39 7 4 4 0 0 4 0 0 6 1
+5 +6 1 1
+7 * 1 0 0 0 0 0 0 0 0 1
+6 +3 1 1
+4 * 1
+4 * 1
+3 * 1
+5 * 1 1
+7 * 1 0 1
+8 * 1 0 1
+8 * 1 0 1 1 0 0 1
+4 * 1 0 1
+8 * 1 0 1
cfi=(11)
cfn=(58)
calls=1 0x14660 162 
* * 39 7 4 0 0 0 0 0 0 6 1
+5 +2 1 1
+4 * 1
+4 * 1
+3 * 1
+5 * 1 0 1
+8 * 1 0 1
+8 * 1 0 1
+8 * 1 0 1
+4 * 1 0 1
cfi=(11)
cfn=(58)
calls=1 0x14660 162 
* * 39 7 4 0 0 0 0 0 0 6 1
+5 +1 1 1 0 1 0 0 1
+7 * 1 1
+4 * 1
+4 * 1
+5 * 1 0 1
+8 * 1 0 1
+4 * 1
+3 * 1 0 1
+8 * 1 0 1
+8 * 1 0 1
cfi=(11)
cfn=(58)
calls=1 0x14660 162 
* * 39 7 4 0 0 0 0 0 0 6 1
+5 +1 1 0 1
+4 * 1 1
+4 * 1 0 0 1 0 0 1
+10 * 1 0 1
+4 * 1
+4 * 1
+3 * 1
+5 * 1
+3 * 1 0 1
+8 * 1 0 1
+8 * 1 0 1
cfi=(11)
cfn=(58)
calls=1 0x14660 162 
* * 39 7 4 0 0 0 0 0 0 6
+5 +3 1
+4 * 1
+3 * 1 0 1
+4 * 1 1 0 1 0 0 1
+7 * 1
+5 * 1 0 1
+8 * 1 0 1
+8 * 1 0 1
+4 * 1
+3 * 1 0 1
cfi=(11)
cfn=(58)
calls=1 0x14660 162 
* * 39 7 4 0 0 0 0 0 0 6
+5 +9 1 1
fe=(16)
+4 -7 1
fi=(20)
+2 +9 1 1
+7 +2 1 1
+7 -1 1 1
fe=(16)
+7 -10 1 0 0 1 0 0 1
fi=(20)
+7 +6 1 0 1
+7 +1 1 0 1
+7 +1 1 1
+7 +1 1 0 1
fe=(16)
+7 -9 1
fi=(20)
+3 +11 1 0 1
+7 -1 1 0 1
+7 -2 1 0 1
+7 +4 1 0 1 1 0 0 1
fe=(16)
+7 -12 1 0 1
cfi=(11)
cfn=(28)
calls=1 0x14cf0 438 
* * 16 3 1 0 2 0 0 2 0 2 2
+5 +3 1
+7 * 1
+3 * 1
+5 * 1 0 1
cfi=(11)
cfn=(28)
calls=1 0x14cf0 438 
* * 18 4 1 0 0 0 0 0 0 3 2
+5 +9 1 1
+6 +4 1 1
+6 -4 1
+5 * 1 0 0 0 0 0 0 0 0 1 1
+97 +55 1 1 0 1 0 0 1
+7 -1 1 0 1
+11 +1 1 0 0 0 0 0 0 0 0 1 1
+6 +45 1
+7 * 1
+3 * 1
+5 * 1 0 1
cfi=(11)
cfn=(28)
calls=1 0x14cf0 438 
* * 16 3 1 0 2 0 0 2 0 2 2
+5 +2 1
+7 * 1 0 0 1 0 0 1
+3 * 1
+5 * 1 0 1
cfi=(11)
cfn=(28)
calls=1 0x14cf0 438 
* * 16 3 1 0 1 0 0 1 0 2 2
+5 +4 1 1
+8 * 1 0 0 0 0 0 0 0 0 1
+6 +3 1 1
+7 * 1 0 0 0 0 0 0 0 0 1
+6 * 1
+7 * 1
+7 +3 1 0 1 0 0 1 0 0 1
+7 +35 1
+3 * 1
+7 * 1
+5 -32 1 0 1
+7 +32 1 0 1
cfi=(11)
cfn=(28)
calls=1 0x14cf0 438 
* * 18 4 1 0 2 0 0 2 0 3 2
+5 +7 1
+7 * 1 1
+1 * 1 1
+2 * 1 1
+2 * 1 1
+2 * 1 1
+2 * 1 1
+1 * 1 1
fi=(20)
+7 1035 1 0 0 1 0 0 1
+3 * 1 0 0 0 0 0 0 0 0 1
+2 * 1 0 1
+11 +3 1 0 0 1 0 0 1
+5 +1 1 0 1
+11 * 1
fe=(16)
+8 1165 1
+2 +1 1
+3 -1 1
+6 +1 1
+2 * 1 0 0 0 0 0 0 0 0 1 1
+75 +45 1 1 0 1 0 0 1
+6 * 1
+5 * 1 0 0 0 0 0 0 0 0 1 1
+23 +27 1 0 1
+7 * 1
+23 -10 1 0 0 1 0 0 1
+2 * 1
+5 * 1 0 0 0 0 0 0 0 0 1
+6 +1 1 1 0 1 0 0 1
+6 * 1
+2 * 1
+5 * 1 0 0 0 0 0 0 0 0 1
+6 +6 1
+7 -3 1 1
+7 * 1 0 0 0 0 0 0 0 0 1 1
fi=(20)
0x186e0 852 1 0 0 1 0 0 1
+5 * 1 0 1
+7 * 1 0 1
cfn=(50) handle_intel.constprop.0
calls=1 0x17650 255 
* * 465 51 20 13 6 0 13 6 0 110 31
+5 +1 1
+5 -1 1 0 1
+7 +1 1 0 1 1 0 0 1
cfn=(50)
calls=1 0x17650 255 
* * 532 51 20 0 0 0 0 0 0 130 28
+5 +4 1
+5 -4 1
+3 * 1 0 1
+4 +1 1 0 1
+4 +3 1 0 1
cfn=(50)
calls=1 0x17650 255 
* * 482 51 20 0 0 0 0 0 0 114 12
+5 +2 1
+5 -2 1 0 1
+7 +2 1 0 1
cfn=(50)
calls=1 0x17650 255 
* * 474 51 20 1 0 0 1 0 0 116 9
+5 +3 1
+5 -3 1 0 1
+7 +1 1 1
+7 * 1 0 1 1 0 0 1
+7 +2 1 0 1
cfn=(50)
calls=1 0x17650 255 
* * 455 51 20 0 0 0 0 0 0 111 12
+5 +2 1
+5 -2 1 0 1
+7 +2 1 0 1
cfn=(50)
calls=1 0x17650 255 
* * 457 51 20 0 0 0 0 0 0 112 10
+5 +2 1
+5 -2 1 0 1
+7 +2 1 0 1
cfn=(50)
calls=1 0x17650 255 
* * 507 51 20 0 0 0 0 0 0 122 17
+5 +2 1
+5 -2 1 0 1
+4 +2 1 0 1
cfn=(50)
calls=1 0x17650 255 
* * 497 51 20 0 0 0 0 0 0 123 10
+5 +2 1
+5 -2 1 0 1 1 0 0 1
+7 +2 1 0 1
cfn=(50)
calls=1 0x17650 255 
* * 499 51 20 0 0 0 0 0 0 124 9
+5 +3 1
+5 -2 1 0 1
+7 -1 1 0 1
+7 +3 1 0 1
cfn=(50)
calls=1 0x17650 255 
* * 522 51 20 0 0 0 0 0 0 131 15
+5 +2 1
+5 -2 1 0 1
+7 +2 1 0 1
cfn=(50)
calls=1 0x17650 255 
* * 524 51 20 0 0 0 0 0 0 132 9
+5 +2 1
+5 -2 1
+3 +2 1 0 1
cfn=(50)
calls=1 0x17650 255 
* * 525 51 20 0 0 0 0 0 0 131 11
+5 +2 1 1 0 1 0 0 1
+4 * 1
+4 * 1
+4 * 1
+4 -2 1 0 1
+7 +2 1 0 1
+7 * 1 0 1
cfn=(56) get_common_cache_info.constprop.0
calls=1 0x16ef0 613 
* * 225 24 19 13 0 0 13 0 0 43 13
+5 990 1 1
+4 -6 1 1
+4 * 1 1
+7 * 1 1
+7 +6 1
+4 -6 1 0 1 1 0 0 1
+7 * 1 1
+7 +6 1
+3 * 1
+4 -6 1 0 1
+4 * 1 1
+7 +6 1
+4 * 1 1
+7 * 1 1
+7 -1 1
+4 * 1
fe=(16)
0x18e30 -96 1 0 0 1 0 0 1
+3 * 1 0 1
+6 +4 1
0x18f38 771 1 1 0 1 0 0 1
+3 * 1
+3 * 1 0 1 1 0 0 1
+3 563 1
+6 * 1 0 0 0 0 0 0 0 0 1
+6 * 1
+7 * 1 1 0 0 1 0 0 1
+5 777 1
+4 * 1 0 0 0 0 0 0 0 0 1
+6 * 1 0 0 0 0 0 0 0 0 1
+6 * 1
+4 * 1 0 0 0 0 0 0 0 0 1 1
0x190c8 +37 1 0 0 1 0 0 1
+3 * 1 0 0 0 0 0 0 0 0 1
+2 +3 1
+7 * 1 0 1
+7 +94 1 0 1
+11 +1 1
+6 * 1

fn=(38)
0x16d50 431 1 0 1 1 0 0 1
+1 * 1
+3 * 1 0 1
+1 +4 1
+3 * 1 0 0 0 0 0 0 0 0 1
+2 * 1
+3 * 1
+3 +3 1
+5 * 1
+2 * 1 0 1 0 0 1 0 0 1
+6 +5 1
+2 * 1
+3 -5 1 0 1
+6 +5 1
+3 -5 1 0 1 1 0 0 1
+6 +4 1 0 1
+6 +1 1 0 1
+2 +1 1
+2 * 1
+3 * 1
+3 * 1 0 1
+2 +1 1
+2 * 1
+3 * 1
+6 * 1 0 1
+3 +1 1
+2 * 1
+3 * 1 0 1
+3 +1 1 1
+3 * 1 0 0 0 0 0 0 0 0 1
+6 +7 1 1
+7 * 1 0 0 0 0 0 0 0 0 1
+6 +2 1 0 0 1 0 0 1
+5 * 1
+2 * 1
+2 * 1 0 1
+6 +5 1
+5 -5 1 0 1
+6 +5 1
+5 -5 1 0 1
+6 * 1 0 1
+6 +5 1
+2 +7 1 1
+7 -7 1 0 1 0 0 1 0 0 1
+6 * 1 0 1
+6 * 1 0 1 1 0 0 1
+6 * 1 0 1
+6 +7 1 0 0 0 0 0 0 0 0 1
+2 +1 1
+5 * 1
+5 * 1
+2 +6 1 1
+7 -6 1 0 1 0 0 1 0 0 1
+6 * 1 0 1
+6 * 1 0 1
+6 * 1 0 1
+6 +6 1 0 0 0 0 0 0 0 0 1 1
fi=(17) /usr/src/debug/glibc/glibc/elf/../sysdeps/unix/sysv/linux/x86/dl-minsigstacksize.h
+77 24 1 1 0 1 0 0 1
+8 * 1 0 0 0 0 0 0 0 0 1
+2 +3 1 1
+7 * 1 0 0 0 0 0 0 0 0 1
+2 +1 1 1
+7 * 1 0 0 0 0 0 0 0 0 1
+2 +37 1
+5 * 1
+2 * 1
+2 +9 1
+6 * 1 0 1
fe=(16)
+7 490 1 1
+4 * 1 1
+1 * 1 1

fn=(42)
0x17740 90 1 0 1 1 0 0 1
+1 * 1
+3 * 1 0 1
+2 * 1 0 1
+2 * 1 0 1
+2 * 1 0 1
+2 * 1 0 1
+1 * 1
+4 +4 1 1
+6 +37 1 1
+7 -9 1 1
+7 -18 1 1
+6 -1 1
+2 -1 1
+2 +25 1
+2 -14 1 1
+7 -10 1
+6 -1 1 0 0 1 0 0 1
+6 * 1 1
+6 +25 1
+6 -24 1
+2 +27 1
+3 -26 1 0 1
+6 +17 1
+3 +6 1
+2 +7 1
+3 -22 1
+5 +18 1
+7 -18 1 1
+6 +18 1 1
+7 +4 1 0 0 1 0 0 1
+6 -7 1 0 1
+6 +7 1 1
+6 -7 1 0 1
+6 -6 1
+6 +13 1 0 1
+6 -13 1 1
+6 -9 1 0 1
+6 +18 1 0 1
+7 +4 1 0 1
+6 +1 1 1
+6 +7 1 1 0 1 0 0 1
+7 +5 1 1
+7 -8 1
+2 -4 1 0 1
+6 +13 1 1 0 0 1 0 0 1
+6 -9 1
+6 * 1 1
+6 +7 1
+3 -7 1 0 1
+6 * 1
+3 +1 1 1
+6 +8 1
+3 * 1 0 1 1 0 0 1
+6 +3 1
+3 -5 1
+7 * 1 1
+7 -6 1
+6 * 1 0 1
+6 +1 1 1
+6 +10 1
+6 * 1
+2 -5 1 0 1
+7 -5 1
+6 * 1 0 1
+6 +6 1 0 0 1 0 0 1
+3 * 1
+6 * 1 1
+6 +4 1
+7 * 1
+3 -4 1 0 1
+6 +4 1 0 1
+6 +14 1
+2 * 1 0 0 0 0 0 0 0 0 1
+6 -2 1 0 1
+10 +6 1
+3 * 1
+6 * 1 0 0 1 0 0 1
+2 * 1 0 1
+6 * 1 0 1
+6 +1 1
+2 * 1
+3 * 1 0 1
+6 +2 1
+2 * 1
+2 * 1 0 0 0 0 0 0 0 0 1 1
+6 +91 1 1
+6 -1 1
+2 * 1 0 0 0 0 0 0 0 0 1 1
0x17950 +17 1 1 0 1 0 0 1
+6 * 1
+2 * 1
+5 * 1 0 0 0 0 0 0 0 0 1
+6 +16 1 1
+7 * 1 0 0 0 0 0 0 0 0 1 1
+16 +4 1 0 1 1 0 0 1
+10 +1 1 1
+6 +3 1
+3 * 1
+4 * 1 1
+7 * 1 0 1
+7 +4 1
+3 * 1 0 0 0 0 0 0 0 0 1 1
fi=(18) /usr/src/debug/glibc/glibc/elf/../sysdeps/x86/get-isa-level.h
+2 30 1 1
fe=(16)
+6 389 1
+4 * 1 0 0 0 0 0 0 0 0 1 1
+9 +4 1 1
+6 * 1
+3 * 1 0 0 1 0 0 1 0 0 1 1
fi=(19) /usr/src/debug/glibc/glibc/elf/../sysdeps/unix/sysv/linux/x86/dl-hwcap2.h
+34 25 1 1
+7 * 1 0 0 0 0 0 0 0 0 1 1
fi=(18)
+13 +6 1
+2 -3 1
+2 +3 1
+5 * 1 0 0 0 0 0 0 0 0 1 1
fe=(16)
+6 402 1 0 1
+6 +1 1
+4 * 1 1
+1 * 1 1
+2 * 1 1
+2 * 1 1
+2 * 1 1
+2 * 1 1
+1 * 1 1
+7 -92 1 0 0 1 0 0 1
+5 * 1
+2 * 1
+2 +1 1
+2 * 1 0 0 0 0 0 0 0 0 1
+6 +5 1
+6 -1 1
+3 +10 1
+3 -6 1
+2 +2 1 0 1 1 0 0 1
+6 -2 1 0 1
+7 +3 1 0 1 0 0 1 0 0 1
+7 +3 1 0 0 0 0 0 0 0 0 1 1
fi=(18)
0x17b00 32 1 1 0 1 0 0 1
+6 * 1
+3 * 1 0 0 0 0 0 0 0 0 1
+6 +7 1 1
+6 * 1
+2 * 1
+2 * 1
+6 * 1 0 0 0 0 0 0 0 0 1
+6 +1 1 1
+6 * 1
+3 * 1 0 0 0 0 0 0 0 0 1
+6 +8 1
+2 -1 1
+5 +1 1
+5 * 1 0 0 1 0 0 1 0 0 1
+6 +3 1 1
+6 * 1
+2 * 1
+6 * 1 0 0 0 0 0 0 0 0 1
+6 +3 1
+3 * 1 0 0 0 0 0 0 0 0 1
+6 +9 1
+6 * 1
+5 * 1
+5 * 1
+3 * 1
fe=(16)
+74 176 1 0 0 1 0 0 1
+6 * 1 0 0 0 0 0 0 0 0 1
+2 +6 1
+4 * 1 0 0 0 0 0 0 0 0 1 1
+6 +14 1
+3 +12 1
+6 * 1 1
+6 -30 1 0 1
+10 +18 1
+5 +12 1
+6 -12 1
+3 +12 1 0 1
+6 -12 1 0 1 1 0 0 1
+6 +2 1
+3 * 1
+3 * 1 1
+6 * 1 0 1
+6 +6 1
+3 * 1
+5 * 1
+3 * 1 0 1
+6 +2 1 1
+6 * 1
+5 * 1
+3 * 1 0 1
+6 +7 1 1 0 1 0 0 1
+6 * 1
+2 * 1
+2 * 1 0 0 0 0 0 0 0 0 1 1
0x17ce0 -24 1 0 1 1 0 0 1
+10 -5 1
+3 * 1 0 1
+6 +4 1

fl=(179) /usr/src/debug/glibc/glibc/elf/dl-call-libc-early-init.c
fn=(614) _dl_call_libc_early_init
0x1f40 27 1 0 0 1 0 0 1
+4 +2 1
+3 * 1 0 0 0 0 0 0 0 0 1
+2 -2 1 0 1
+1 +6 1
+5 * 1
+6 * 1
+7 -6 1
+3 * 1 0 1
+1 * 1
+2 +6 1
+7 -6 1
+4 +6 1 0 1
+4 * 1 0 1
cfi=(176) /usr/src/debug/glibc/glibc/elf/dl-lookup-direct.c
cfn=(600) _dl_lookup_direct
calls=1 0xc480 +41 
* * 253 55 19 0 11 0 0 5 0 24 9 2 2
+5 * 1
+3 +4 1
+3 * 1 0 0 1 0 0 1 0 0 1
+6 * 1 1
+4 +2 1 1
+5 * 1 0 0 0 0 0 0 0 0 1
+2 * 1 1
+3 +1 1
+3 -1 1 1
+4 +2 1 1
+4 * 1 1
+1 -1 1 0 0 0 0 0 0 0 0 0 0 1 1
cob=(2)
cfi=(180) /usr/src/debug/glibc/glibc/elf/libc_early_init.c
cfn=(616) __libc_early_init
calls=1 0x16a4b0 -5 
* * 1389 154 202 30 52 39 28 34 38 202 28 20 20

fl=(45) /usr/src/debug/glibc/glibc/elf/dl-debug.c
fn=(212) _dl_debug_update
0x3620 94 6 0 0 1 0 0 1
+4 -17 6
+7 -1 6
+3 * 6 0 0 0 0 0 0 0 0 6 6
+18 +20 6 6 0 1 1
+5 * 6 0 0 0 0 0 0 0 0 6 1
+2 +4 6 6

fn=(142) _dl_debug_initialize
0x36b0 120 1 0 0 1 0 0 1
+4 -44 1
+3 * 1 0 0 0 0 0 0 0 0 1
+2 +46 1 1 0 1 1 0 1 1
+8 * 1 0 0 0 0 0 0 0 0 1
+2 +5 1
+3 * 1 0 0 0 0 0 0 0 0 1
+2 * 1 0 1
+7 +1 1
+7 +26 1 0 1
+10 -26 1 0 1
+7 +29 1 1
+8 * 1 0 0 0 0 0 0 0 0 1 1
+6 -37 1
+7 +49 1
+3 * 1 1
0x3778 -9 1 1 0 1 0 0 1
+7 * 1 0 1 1 0 0 1
+7 +2 1 1
+7 * 1
+3 * 1 0 0 0 0 0 0 0 0 1 1

fn=(612) _dl_debug_post_relocate
0x3590 46 1 0 0 1 0 0 1
+4 * 1 0 1
+1 +6 1
+3 * 1
+3 * 1
+3 -6 1
+3 * 1
+4 +6 1 1
+7 * 1
+7 * 1 0 1
+2 * 1
+4 * 1 0 1
+2 -1 1 0 1 1 0 0 1
+8 +1 1 0 1
cfi=(79) /usr/src/debug/glibc/glibc/elf/dl-lookup.c
cfn=(296) _dl_lookup_symbol_x
calls=1 0xb780 769 
* * 674 198 82 0 9 0 0 1 0 100 9 1 1
+5 +2 1 1
+1 * 1 1
+1 -2 1
+3 +2 1 1
+4 * 1 1
+5 * 1 0 0 0 0 0 0 0 0 1
+2 +2 1 1
+5 * 1 0 0 0 0 0 0 0 0 1
+2 * 1
+3 * 1 0 0 0 0 0 0 0 0 1 1
+2 * 1 1
+3 * 1 1
+4 * 1
+3 +1 1
+7 * 1
+3 * 1 0 0 0 0 0 0 0 0 1 1
+15 +13 1 1 0 1
+1 * 1 1

fn=(148) _dl_debug_change_state
0x3670 104 2 0 0 1 0 0 1
+4 +3 2
+7 -2 2 0 2
+3 +2 2 0 0 1
+3 * 2 0 0 0 0 0 0 0 0 2 2
+2 +4 2
cfi=(48) /usr/src/debug/glibc/glibc/elf/dl-debug_state.c
cfn=(150) _dl_debug_state
calls=2 0x37c0 -83 
* * 4 2 0 2 0 0 1
+13 -4 2 2
+7 * 2
+3 * 2 0 0 0 0 0 0 0 0 2 2

fl=(14) /usr/src/debug/glibc/glibc/elf/../sysdeps/unix/sysv/linux/brk.c
fn=(30) brk
0x23a50 36 1 0 0 1 0 0 1
fi=(373) /usr/src/debug/glibc/glibc/elf/../sysdeps/unix/sysv/linux/brk_call.h
+4 -12 1
+5 * 1
fe=(14)
+2 +13 1 0 1 0 0 1 0 0 1
+7 +1 1
+3 * 1 0 0 0 0 0 0 0 0 1
+2 +6 1
+2 +1 1 1

fl=(33) /usr/src/debug/glibc/glibc/string/../sysdeps/x86_64/multiarch/../multiarch/strcmp-sse2.S
fn=(100) strcmp
0x26880 98 3547 0 0 2 0 0 1
+4 +33 3547
+2 +1 3547
+2 +2 3547
+4 +1 3547
+4 +21 3547
+3 +1 3547 0 0 0 0 0 0 0 0 3547 303
+2 +1 3188
+3 +1 3188 0 0 0 0 0 0 0 0 3188 216
+2 +1 2926 2926 0 0 238 0 0 95
+4 +1 2926 2926 0 0 20 0 0 10
+4 +1 2926 2926
+5 +1 2926 2926
+5 +17 2926
+4 +1 2926
+4 +1 2926
+4 +1 2926
+4 +1 2926
+4 +1 2926 0 0 1 0 0 1
+6 +1 2926 0 0 0 0 0 0 0 0 2926 97
+6 +5 69
+4 +1 69
+4 * 69
+1 * 69
+11 +9 69
+4 +1 69
+4 +1 69
+5 +1 69
+3 +1 69
+3 +1 69
+3 +1 69
+2 +1 69 0 0 0 0 0 0 0 0 69 6
-24 -7 621 0 0 2 0 0 1
+4 +1 621
+4 +1 621
+5 +1 621
+3 +1 621
+3 +1 621
+3 +1 621
+2 +1 621 0 0 0 0 0 0 0 0 621 23
+2 +1 548 0 0 0 0 0 0 0 0 548 207
+2 +1 240
+3 +1 240
+1 +1 240 0 0 1 0 0 1
+3 +2 240
+4 +1 240
+3 +1 240
+7 +1 240 240 0 0 8 0 0 2
+4 +1 240
+4 +1 240 0 0 0 0 0 0 0 0 0 0 240 187
-22 -5 308
+4 +1 308
+3 +1 308
+7 +1 308 308 0 0 6 0 0 1
+4 +1 308
+4 +1 308 0 0 0 0 0 0 0 0 0 0 308 223
+7 +10 142 142 0 0 11 0 0 2
+4 +1 142
+4 +1 142
+4 +2 142 142 0 0 12 0 0 2
+4 +6 142
+4 +1 142
+5 +1 142
+2 +1 142
+3 +1 142 0 0 2 0 0 1
+3 +5 142 0 0 0 0 0 0 0 0 142 8
+6 +2 81
+7 +1 81
+7 +1 81
+4 * 81
+7 +8 81 81 0 0 14
+5 +1 81 81 0 0 11 0 0 2
+5 +3 81
+4 +1 81
+4 +1 81
+4 +1 81
+4 +1 81
+6 +1 81 0 0 2 0 0 1 0 0 81 7
-32 -9 1 1
+5 +1 1 1 0 0 1
+5 +3 1
+4 +1 1
+4 +1 1
+4 +1 1
+4 +1 1
+6 +1 1 0 0 0 0 0 0 0 0 1
+6 +6 4
+4 +1 4 4
+5 +1 4 4
+5 +3 4
+4 +1 4
+4 +1 4
+4 +1 4
+4 +1 4
+6 +1 4 0 0 0 0 0 0 0 0 4 4
+6 +5 1
+4 +1 1
+12 +9 2 0 0 1 0 0 1
+4 +1 2 2
+4 +1 2 2
+4 +1 2
+4 +1 2
+5 +2 2
+4 +1 2
+4 +1 2
+5 +1 2
+2 +1 2
+3 +1 2
+3 +1 2 0 0 0 0 0 0 0 0 2 1
+6 +1 2 2
+4 +3 2
+4 +1 2
+7 +1 2 0 0 1 0 0 1
+6 +6 2
+4 +1 2
+7 +1 2
+7 * 2
+9 +4 2
+4 +1 2 0 0 0 0 0 0 0 0 2
+6 +3 2 2 0 0 1 0 0 1
+5 +1 2 2
+5 +1 2
+4 +2 2
+5 +1 2 0 0 1 0 0 1
+5 +1 2
+4 +4 2
+4 +1 2
+4 +1 2
+4 +1 2
+4 +1 2
+6 +1 2 0 0 0 0 0 0 0 0 2 1
+6 +6 2
+4 +1 2
+4 +2 2
+4 +1 2 0 0 0 0 0 0 0 0 2
+2 +2 2 2
+5 +1 2 2
+5 +1 2
+4 +2 2 0 0 1 0 0 1
+5 +1 2
+5 +1 2
+4 +4 2
+4 +1 2
+4 +1 2
+4 +1 2
+4 +1 2
+6 +1 2 0 0 0 0 0 0 0 0 2 2
+94 +48 7 0 0 2 0 0 1
+4 +1 7 7 0 0 2 0 0 1
+4 +1 7 7 0 0 3 0 0 1
+4 +1 7
+4 +1 7
+5 +2 7
+4 +1 7
+4 +1 7
+5 +1 7
+2 +1 7
+3 +1 7
+3 +1 7 0 0 0 0 0 0 0 0 7 1
+6 +1 7 7
+4 +3 7
+4 +1 7
+7 +1 7 0 0 2 0 0 1
+6 +6 7
+4 +1 7
+7 +1 7
+7 * 7
+9 +4 7
+4 +1 7 0 0 0 0 0 0 0 0 7
+6 +3 7 7 0 0 1
+5 +1 7 7 0 0 2 0 0 1
+5 +1 7
+4 +2 7
+5 +1 7 0 0 2 0 0 1
+5 +1 7
+4 +4 7
+4 +1 7
+4 +1 7
+4 +1 7
+4 +1 7
+6 +1 7 0 0 0 0 0 0 0 0 7 2
0x26c40 +69 7 0 0 2 0 0 1
+4 +1 7 7 0 0 2 0 0 1
+4 +1 7 7 0 0 2 0 0 2
+4 +1 7
+4 +1 7
+5 +2 7
+4 +1 7
+4 +1 7
+5 +1 7
+2 +1 7
+3 +1 7
+3 +1 7 0 0 0 0 0 0 0 0 7
+6 +1 7 7
+4 +4 7
+4 +1 7
+7 +1 7 0 0 2 0 0 1
+6 +6 7
+4 +1 7
+7 +1 7
+7 * 7
+9 +4 7
+4 +1 7 0 0 0 0 0 0 0 0 7 1
-4 -1 2
+4 +1 2 0 0 0 0 0 0 0 0 2 1
+6 +3 9 9 0 0 3 0 0 3
+5 +1 9 9 0 0 2 0 0 1
+5 +1 9
+4 +2 9
+5 +1 9 0 0 2 0 0 1
+5 +1 9
+4 +4 9
+4 +1 9
+4 +1 9
+4 +1 9
+4 +1 9
+6 +1 9 0 0 0 0 0 0 0 0 9 2
+6 +7 2
+4 +1 2
+4 +2 2
+4 +1 2 0 0 0 0 0 0 0 0 2
+2 +2 2 2
+5 +1 2 2
+5 +1 2
+4 +2 2 0 0 1 0 0 1
+5 +1 2
+5 +1 2
+4 +4 2
+4 +1 2
+4 +1 2
+4 +1 2
+4 +1 2
+6 +1 2 0 0 0 0 0 0 0 0 2 1
+6 +7 2
+4 +1 2
+4 +1 2
+80 +32 6 0 0 2 0 0 1
+4 +1 6 6 0 0 2 0 0 2
+4 +1 6 6 0 0 2
+4 +1 6
+4 +1 6
+5 +2 6
+4 +1 6
+4 +1 6
+5 +1 6
+2 +1 6
+3 +1 6
+3 +1 6 0 0 0 0 0 0 0 0 6 2
+6 +1 6 6
+4 +4 6
+4 +1 6
+7 +1 6 0 0 2 0 0 1
+6 +6 6
+4 +1 6
+7 +1 6
+7 * 6
+9 +4 6
+4 +1 6 0 0 0 0 0 0 0 0 6
-4 -1 2
+4 +1 2 0 0 0 0 0 0 0 0 2
+6 +3 8 8 0 0 2
+5 +1 8 8 0 0 1 0 0 1
+5 +1 8
+4 +2 8
+5 +1 8 0 0 2 0 0 1
+5 +1 8
+4 +4 8
+4 +1 8
+4 +1 8
+4 +1 8
+4 +1 8
+6 +1 8 0 0 0 0 0 0 0 0 8 6
+6 +7 2
+4 +1 2
+4 +2 2
+4 +1 2 0 0 0 0 0 0 0 0 2
+2 +2 2 2
+5 +1 2 2
+5 +1 2
+4 +2 2 0 0 1 0 0 1
+5 +1 2
+5 +1 2
+4 +4 2
+4 +1 2
+4 +1 2
+4 +1 2
+4 +1 2
+6 +1 2 0 0 0 0 0 0 0 0 2 1
+6 +7 2
+4 +1 2
+4 +1 2
+80 +32 14 0 0 1 0 0 1
+4 +1 14 14 0 0 1
+4 +1 14 14 0 0 3 0 0 1
+4 +1 14
+4 +1 14
+5 +2 14
+4 +1 14
+4 +1 14
+5 +1 14
+2 +1 14
+3 +1 14
+3 +1 14 0 0 0 0 0 0 0 0 14 6
+6 +1 9 9
+4 +4 9
+4 +1 9
+7 +1 9 0 0 1 0 0 1
+6 +6 9
+4 +1 9
+7 +1 9
+7 * 9
+9 +4 9
+4 +1 9 0 0 0 0 0 0 0 0 9 1
-4 -1 2
+4 +1 2 0 0 0 0 0 0 0 0 2 1
+6 +3 11 11 0 0 3
+5 +1 11 11 0 0 4 0 0 1
+5 +1 11
+4 +2 11
+5 +1 11 0 0 1 0 0 1
+5 +1 11
+4 +4 11
+4 +1 11
+4 +1 11
+4 +1 11
+4 +1 11
+6 +1 11 0 0 0 0 0 0 0 0 11 6
+6 +7 4
+4 +1 4
+4 +2 4
+4 +1 4 0 0 0 0 0 0 0 0 4
+2 +2 4 4
+5 +1 4 4
+5 +1 4
+4 +2 4 0 0 1 0 0 1
+5 +1 4
+5 +1 4
+4 +4 4
+4 +1 4
+4 +1 4
+4 +1 4
+4 +1 4
+6 +1 4 0 0 0 0 0 0 0 0 4 3
+6 +7 2
+4 +1 2
+4 +1 2
+16 +4 1 0 0 1 0 0 1
+4 +1 1
+4 +1 1
+6 +1 1 0 0 0 0 0 0 0 0 1
+2 +7 1
+4 +1 1
+7 +1 1
+37 +16 6 0 0 2 0 0 1
+4 +1 6 6 0 0 1 0 0 1
+4 +1 6 6 0 0 1
+4 +1 6
+4 +1 6
+5 +2 6
+4 +1 6
+4 +1 6
+5 +1 6
+2 +1 6
+3 +1 6
+3 +1 6 0 0 0 0 0 0 0 0 6 1
+6 +1 5 5
+4 +4 5
+4 +1 5
+7 +1 5 0 0 2 0 0 1
+6 +6 5
+4 +1 5
+7 +1 5
+7 * 5
+9 +4 5
+4 +1 5 0 0 0 0 0 0 0 0 5
-4 -1 2
+4 +1 2 0 0 0 0 0 0 0 0 2
+6 +3 7 7 0 0 1
+5 +1 7 7 0 0 2
+5 +1 7
+4 +2 7
+5 +1 7 0 0 2 0 0 1
+5 +1 7
+4 +4 7
+4 +1 7
+4 +1 7
+4 +1 7
+4 +1 7
+6 +1 7 0 0 0 0 0 0 0 0 7 4
+6 +7 3
+4 +1 3
+4 +2 3
+4 +1 3 0 0 0 0 0 0 0 0 3
+2 +2 3 3
+5 +1 3 3
+5 +1 3
+4 +2 3 0 0 1 0 0 1
+5 +1 3
+5 +1 3
+4 +4 3
+4 +1 3
+4 +1 3
+4 +1 3
+4 +1 3
+6 +1 3 0 0 0 0 0 0 0 0 3 1
+6 +7 2
+4 +1 2
+4 +1 2
+80 +32 25 0 0 1 0 0 1
+4 +1 25 25 0 0 5 0 0 1
+4 +1 25 25 0 0 5 0 0 1
+4 +1 25
+4 +1 25
+5 +2 25
+4 +1 25
+4 +1 25
+5 +1 25
+2 +1 25
+3 +1 25
+3 +1 25 0 0 0 0 0 0 0 0 25 3
+6 +1 19 19
+4 +4 19
+4 +1 19
+7 +1 19 0 0 1 0 0 1
+6 +6 19
+4 +1 19
+7 +1 19
+7 * 19
+9 +4 19
+4 +1 19 0 0 0 0 0 0 0 0 19
+6 +3 19 19 0 0 1
+5 +1 19 19 0 0 4 0 0 1
+5 +1 19
+4 +2 19
+5 +1 19 0 0 1 0 0 1
+5 +1 19
+4 +4 19
+4 +1 19
+4 +1 19
+4 +1 19
+4 +1 19
+6 +1 19 0 0 0 0 0 0 0 0 19 3
0x27280 +69 15 0 0 2 0 0 1
+4 +1 15 15 0 0 2
+4 +1 15 15 0 0 4 0 0 2
+4 +1 15
+4 +1 15
+5 +2 15
+4 +1 15
+4 +1 15
+5 +1 15
+2 +1 15
+3 +1 15
+3 +1 15 0 0 0 0 0 0 0 0 15 3
+6 +1 13 13
+4 +4 13
+4 +1 13
+7 +1 13 0 0 2 0 0 1
+6 +6 13
+4 +1 13
+7 +1 13
+7 * 13
+9 +4 13
+4 +1 13 0 0 0 0 0 0 0 0 13
-4 -1 3
+4 +1 3 0 0 0 0 0 0 0 0 3
+6 +3 16 16 0 0 5 0 0 3
+5 +1 16 16 0 0 3 0 0 2
+5 +1 16
+4 +2 16
+5 +1 16 0 0 2 0 0 1
+5 +1 16
+4 +4 16
+4 +1 16
+4 +1 16
+4 +1 16
+4 +1 16
+6 +1 16 0 0 0 0 0 0 0 0 16 5
+6 +7 4
+4 +1 4
+4 +2 4
+4 +1 4 0 0 0 0 0 0 0 0 4 1
+2 +2 4 4
+5 +1 4 4
+5 +1 4
+4 +2 4 0 0 1 0 0 1
+5 +1 4
+5 +1 4
+4 +4 4
+4 +1 4
+4 +1 4
+4 +1 4
+4 +1 4
+6 +1 4 0 0 0 0 0 0 0 0 4 1
+6 +7 3
+4 +1 3
+4 +1 3
+80 +32 37 0 0 1 0 0 1
+4 +1 37 37 0 0 3 0 0 2
+4 +1 37 37 0 0 5 0 0 2
+4 +1 37
+4 +1 37
+5 +2 37
+4 +1 37
+4 +1 37
+5 +1 37
+2 +1 37
+3 +1 37
+3 +1 37 0 0 0 0 0 0 0 0 37 13
+6 +1 17 17
+4 +4 17
+4 +1 17
+7 +1 17 0 0 2 0 0 1
+6 +6 17
+4 +1 17
+7 +1 17
+7 * 17
+9 +4 17
+4 +1 17 0 0 0 0 0 0 0 0 17
-4 -1 2
+4 +1 2 0 0 0 0 0 0 0 0 2
+6 +3 19 19 0 0 4 0 0 1
+5 +1 19 19 0 0 5 0 0 4
+5 +1 19
+4 +2 19
+5 +1 19 0 0 2 0 0 1
+5 +1 19
+4 +4 19
+4 +1 19
+4 +1 19
+4 +1 19
+4 +1 19
+6 +1 19 0 0 0 0 0 0 0 0 19 4
+6 +7 4
+4 +1 4
+4 +2 4
+4 +1 4 0 0 0 0 0 0 0 0 4
+2 +2 4 4 0 0 1 0 0 1
+5 +1 4 4 0 0 2
+5 +1 4
+4 +2 4 0 0 1 0 0 1
+5 +1 4
+5 +1 4
+4 +4 4
+4 +1 4
+4 +1 4
+4 +1 4
+4 +1 4
+6 +1 4 0 0 0 0 0 0 0 0 4 3
+6 +7 2
+4 +1 2
+4 +1 2
+80 +32 41 0 0 2 0 0 1
+4 +1 41 41 0 0 12 0 0 5
+4 +1 41 41 0 0 4
+4 +1 41
+4 +1 41
+5 +2 41
+4 +1 41
+4 +1 41
+5 +1 41
+2 +1 41
+3 +1 41
+3 +1 41 0 0 0 0 0 0 0 0 41 13
+6 +1 19 19
+4 +4 19
+4 +1 19
+7 +1 19 0 0 1 0 0 1
+6 +6 19
+4 +1 19
+7 +1 19
+7 * 19
+9 +4 19
+4 +1 19 0 0 0 0 0 0 0 0 19
-4 -1 4
+4 +1 4 0 0 0 0 0 0 0 0 4
+6 +3 23 23 0 0 5 0 0 2
+5 +1 23 23 0 0 6 0 0 4
+5 +1 23
+4 +2 23
+5 +1 23 0 0 2 0 0 2
+5 +1 23
+4 +4 23
+4 +1 23
+4 +1 23
+4 +1 23
+4 +1 23
+6 +1 23 0 0 0 0 0 0 0 0 23 8
+6 +7 6
+4 +1 6
+4 +2 6
+4 +1 6 0 0 0 0 0 0 0 0 6 1
+2 +2 6 6
+5 +1 6 6 0 0 1
+5 +1 6
+4 +2 6 0 0 3 0 0 2
+5 +1 6
+5 +1 6
+4 +4 6
+4 +1 6
+4 +1 6
+4 +1 6
+4 +1 6
+6 +1 6 0 0 0 0 0 0 0 0 6 3
+6 +7 4
+4 +1 4
+4 +1 4
+80 +32 57 0 0 1 0 0 1
+4 +1 57 57 0 0 8 0 0 4
+4 +1 57 57 0 0 6 0 0 4
+4 +1 57
+4 +1 57
+5 +2 57
+4 +1 57
+4 +1 57
+5 +1 57
+2 +1 57
+3 +1 57
+3 +1 57 0 0 0 0 0 0 0 0 57 21
+6 +1 47 47
+4 +4 47
+4 +1 47
+7 +1 47 0 0 1 0 0 1
+6 +6 47
+4 +1 47
+7 +1 47
+7 * 47
+9 +4 47
+4 +1 47 0 0 0 0 0 0 0 0 47 1
+6 +3 47 47 0 0 5 0 0 1
+5 +1 47 47 0 0 4 0 0 3
+5 +1 47
+4 +2 47
+5 +1 47 0 0 1 0 0 1
+5 +1 47
+4 +4 47
+4 +1 47
+4 +1 47
+4 +1 47
+4 +1 47
+6 +1 47 0 0 0 0 0 0 0 0 47 6
+6 +7 1
+4 +1 1
+4 +2 1
+4 +1 1 0 0 0 0 0 0 0 0 1
+2 +2 1 1
+5 +1 1 1
+5 +1 1
+4 +2 1 0 0 1 0 0 1
+5 +1 1
+5 +1 1
+4 +4 1
+4 +1 1
+4 +1 1
+4 +1 1
+4 +1 1
+6 +1 1 0 0 0 0 0 0 0 0 1
+94 +41 41 0 0 2 0 0 1
+4 +1 41 41 0 0 7 0 0 4
+4 +1 41 41 0 0 14 0 0 7
+4 +1 41
+4 +1 41
+5 +2 41
+4 +1 41
+4 +1 41
+5 +1 41
+2 +1 41
+3 +1 41
+3 +1 41 0 0 0 0 0 0 0 0 41 7
+6 +1 33 33
+4 +4 33
+4 +1 33
+7 +1 33 0 0 2 0 0 1
+6 +6 33
+4 +1 33
+7 +1 33
+7 * 33
+9 +4 33
+4 +1 33 0 0 0 0 0 0 0 0 33
-4 -1 2
+4 +1 2 0 0 0 0 0 0 0 0 2
+6 +3 35 35 0 0 10 0 0 5
+5 +1 35 35 0 0 5 0 0 2
+5 +1 35
+4 +2 35
+5 +1 35 0 0 2 0 0 1
+5 +1 35
+4 +4 35
+4 +1 35
+4 +1 35
+4 +1 35
+4 +1 35
+6 +1 35 0 0 0 0 0 0 0 0 35 8
+6 +7 6
+4 +1 6
+4 +2 6
+4 +1 6 0 0 0 0 0 0 0 0 6 2
+2 +2 6 6
+5 +1 6 6 0 0 3
+5 +1 6
+4 +2 6 0 0 2 0 0 1
+5 +1 6
+5 +1 6
+4 +4 6
+4 +1 6
+4 +1 6
+4 +1 6
+4 +1 6
+6 +1 6 0 0 0 0 0 0 0 0 6 5
+6 +7 2
+4 +1 2
+4 +1 2
+80 +32 172 0 0 2 0 0 1
+4 +1 172 172 0 0 8 0 0 6
+4 +1 172 172 0 0 14 0 0 3
+4 +1 172
+4 +1 172
+5 +2 172
+4 +1 172
+4 +1 172
+5 +1 172
+2 +1 172
+3 +1 172
+3 +1 172 0 0 0 0 0 0 0 0 172 22
+6 +1 32 32
+4 +4 32
+4 +1 32
+7 +1 32 0 0 2 0 0 1
+6 +6 32
+4 +1 32
+7 +1 32
+7 * 32
+9 +4 32
+4 +1 32 0 0 0 0 0 0 0 0 32 3
-4 -1 4
+4 +1 4 0 0 0 0 0 0 0 0 4 1
+6 +3 36 36 0 0 11 0 0 2
+5 +1 36 36 0 0 6 0 0 5
+5 +1 36
+4 +2 36
+5 +1 36 0 0 2 0 0 1
+5 +1 36
+4 +4 36
+4 +1 36
+4 +1 36
+4 +1 36
+4 +1 36
+6 +1 36 0 0 0 0 0 0 0 0 36 14
+6 +7 8
+4 +1 8
+4 +2 8
+4 +1 8 0 0 0 0 0 0 0 0 8
+2 +2 8 8 0 0 1
+5 +1 8 8 0 0 1
+5 +1 8
+4 +2 8 0 0 2 0 0 1
+5 +1 8
+5 +1 8
+4 +4 8
+4 +1 8
+4 +1 8
+4 +1 8
+4 +1 8
+6 +1 8 0 0 0 0 0 0 0 0 8 5
+6 +7 4
+4 +1 4
+4 +1 4
+16 +4 2 0 0 1 0 0 1
+4 +1 2
+4 +1 2
+6 +1 2 0 0 0 0 0 0 0 0 2
+2 +7 2
+4 +1 2
+7 +1 2
+37 +16 79 0 0 3 0 0 1
+4 +1 79 79 0 0 11 0 0 6
+4 +1 79 79 0 0 10 0 0 2
+4 +1 79
+4 +1 79
+5 +2 79
+4 +1 79
+4 +1 79
+5 +1 79
+2 +1 79
+3 +1 79
+3 +1 79 0 0 0 0 0 0 0 0 79 26
+6 +1 47 47
+4 +4 47
+4 +1 47
+7 +1 47 0 0 2 0 0 1
+6 +6 47
+4 +1 47
+7 +1 47
+7 * 47
+9 +4 47
+4 +1 47 0 0 0 0 0 0 0 0 47
+6 +3 47 47 0 0 7 0 0 3
+5 +1 47 47 0 0 4 0 0 3
+5 +1 47
+4 +2 47
+5 +1 47 0 0 2 0 0 1
+5 +1 47
+4 +4 47
+4 +1 47
+4 +1 47
+4 +1 47
+4 +1 47
+6 +1 47 0 0 0 0 0 0 0 0 47 10
+6 +7 1
+4 +1 1
+4 +2 1
+4 +1 1 0 0 0 0 0 0 0 0 1
+2 +2 1 1
+5 +1 1 1
+5 +1 1
+4 +2 1 0 0 1 0 0 1
+5 +1 1
+5 +1 1
+4 +4 1
+4 +1 1
+4 +1 1
+4 +1 1
+4 +1 1
+6 +1 1 0 0 0 0 0 0 0 0 1 1
+94 +41 39 0 0 3 0 0 1
+4 +1 39 39 0 0 7 0 0 5
+4 +1 39 39 0 0 9 0 0 5
+4 +1 39
+4 +1 39
+5 +2 39
+4 +1 39
+4 +1 39
+5 +1 39
+2 +1 39
+3 +1 39
+3 +1 39 0 0 0 0 0 0 0 0 39 13
+6 +2 13 13
+4 +4 13
+4 +1 13
+7 +1 13 0 0 3 0 0 1
+6 +6 13
+4 +1 13
+7 +2 13
+7 * 13
+9 +4 13
+4 +1 13 0 0 0 0 0 0 0 0 13
+6 +3 13 13 0 0 5 0 0 3
+5 +1 13 13 0 0 1
+5 +1 13
+4 +2 13
+5 +1 13 0 0 3 0 0 1
+5 +1 13
+4 +4 13
+4 +1 13
+4 +1 13
+4 +1 13
+4 +1 13
+6 +1 13 0 0 0 0 0 0 0 0 13 3
0x27c80 +71 357 0 0 1
+5 +2 357
+4 +1 357
+4 +1 357
+3 +1 357 0 0 0 0 0 0 0 0 357 40
-11 -3 333 0 0 2 0 0 1
+4 +1 333
+4 +1 333
+3 +1 333 0 0 0 0 0 0 0 0 333 26
+2 +1 240
+3 * 240
+11 +5 240
+4 +6 240 240
+4 +1 240 240
+4 +8 240
+2 +1 240 240
-14 -16 3307
+4 +6 3307 3307
+4 +1 3307 3307
+4 +8 3307
+2 +1 3307 3307

fn=(258) strncmp
0x28080 98 1 0 0 1 0 0 1
+4 +27 1
+3 +1 1 0 0 0 0 0 0 0 0 1
+6 +1 1
+4 +1 1 0 0 0 0 0 0 0 0 1
+6 +1 1
+3 +2 1
+2 +1 1
+2 +2 1
+4 +1 1
+4 +21 1
+3 +1 1 0 0 0 0 0 0 0 0 1
+2 +1 1
+3 +1 1 0 0 0 0 0 0 0 0 1
+2 +1 1 1
+4 +1 1 1
+4 +1 1 1
+5 +1 1 1 0 1 0 0 1
+5 +17 1
+4 +1 1
+4 +1 1
+4 +1 1
+4 +1 1
+4 +1 1
+6 +1 1 0 0 0 0 0 0 0 0 1 1
0x298b0 2104 1 0 0 1 0 0 1
+4 +3 1
+3 +1 1 0 0 0 0 0 0 0 0 1
+2 +2 1 1
+4 +1 1 1 0 1 0 0 1
+4 +8 1
+2 +1 1 1

fl=(27) /usr/src/debug/glibc/glibc/elf/dl-minimal-malloc.c
fn=(74) __minimal_calloc
0xc780 80 17 0 0 1 0 0 1
+4 +4 17
+3 -4 17
+3 * 17
+3 * 17
+3 * 17
+3 +7 17
+3 +1 17
+4 * 17
+3 * 17 0 0 0 0 0 0 0 0 17 11
fi=(28) /usr/src/debug/glibc/glibc/elf/../include/rtld-malloc.h
+7 -32 17 17 0 0 2 0 0 0 0 0 0 17 1
cfi=(27)
cfn=(78) __minimal_malloc
calls=17 0xc630 -20 
* * 601 109 101 11 4 5 10 2 3 80 32
fe=(27)

fn=(578) __minimal_free
0xc7c0 97 2 0 0 1 0 0 1
+4 +2 2 2
+7 * 2
+3 * 2 0 0 0 0 0 0 0 0 2
+2 * 2 2

fn=(78)
0xc630 36 39 0 0 1 0 0 1
+4 +1 39 39 0 0 3
+7 * 39
+3 * 39 0 0 1 0 0 1 0 0 39 1
+6 +11 38 38
+7 * 38
+4 * 38
+4 +3 38
+4 -3 38 0 38
+7 +3 38
+3 * 38 0 0 0 0 0 0 0 0 38 4
-22 -3 1
+4 * 1
+4 +3 1
+4 -3 1 0 1
+7 +3 1
+3 * 1 0 0 0 0 0 0 0 0 1
+2 * 36
+3 * 36
+3 * 36
+3 * 36 0 0 0 0 0 0 0 0 36 23
+6 +5 3 3
+7 * 3
+3 * 3 0 0 1 0 0 1
+5 * 3
+3 +1 3
+3 * 3 0 0 0 0 0 0 0 0 3 2
+11 -21 3 0 3
+1 +24 3
+3 * 3
+6 * 3
+5 -24 3
+3 * 3 0 3
+2 * 3
+3 +24 3
+2 -24 3 0 3
+1 +23 3
+4 +1 3
+5 * 3
+3 -24 3
+4 +24 3 0 3 1 0 0 1
cfi=(60) /usr/src/debug/glibc/glibc/misc/../sysdeps/unix/sysv/linux/mmap64.c
cfn=(198) mmap
calls=3 0x24dd0 -13 
* * 78 12 9 0 0 1 0 0 1 12 5
+5 +2 3
+4 * 3 0 0 0 0 0 0 0 0 3
+6 +2 3
+3 * 3
+7 * 3
+3 * 3 0 3
+4 * 3 0 3
cfi=(68) /usr/src/debug/glibc/glibc/misc/../sysdeps/unix/sysv/linux/setvmaname.c
cfn=(234) __set_vma_name
calls=3 0x24f50 -4 
* * 107 27 19 5 2 1 4 2 1 11 8
+5 +1 3 3
+4 * 3 3
+7 * 3
+3 * 3 0 0 0 0 0 0 0 0 3 1
+2 +2 3
+3 +4 3
+4 -1 3 0 3
+7 -3 3 0 3
+7 +4 3 0 3
+7 +2 3
+4 * 3 3
+1 * 3 3
+2 * 3 3
+1 * 3 3
+11 -3 36 0 36 0 0 4 0 0 1
+7 +1 36 0 36
+7 +2 36 36
+2 -30 1 1 0 1 0 0 1
+7 -1 1
+7 +1 1 0 0 1 0 0 1
+5 +1 1
+3 * 1
+3 -2 1 0 1
+7 * 1
+8 +28 1 1
+7 * 1

fl=(1) ???
fn=(0) 0x000000000001eb40
0x1eb40 0 1 0 0 1 0 0 1
+3 0 1 0 1 0 0 1 0 0 1
cfi=(2) /usr/src/debug/glibc/glibc/elf/rtld.c
cfn=(2) _dl_start
calls=1 0x1f690 520 
* 0 2661496 677271 253019 1095 16745 2660 1075 8562 1825 415345 16726 5479 1331
+5 0 1 0 0 1
+3 0 1
+3 0 1 1
+6 0 1
+6 0 1 0 0 0 0 0 0 0 0 1 1
+19 0 1
+2 0 1
+4 0 1 0 1
cfi=(77) /usr/src/debug/glibc/glibc/elf/../sysdeps/x86_64/dl-cet.c
cfn=(648) _dl_cet_setup_features
calls=1 0x16690 331 
* 0 4 1 0 2 0 0 2 0 0 1 1
+5 0 1
+3 0 1
+3 0 1 1 0 1 1 0 1
+4 0 1
+3 0 1
+4 0 1 1
+7 0 1
+5 0 1
+4 0 1
+2 0 1 0 1
cfi=(190) /usr/src/debug/glibc/glibc/elf/dl-init.c
cfn=(652) _dl_init
calls=1 0x6300 81 
* 0 42279 12043 5501 482 298 171 482 39 126 7840 533 951 206
+5 0 1 0 0 1
+7 0 1
+3 0 1 0 0 0 0 0 0 0 0 0 0 1 1
cob=(8)
cfi=(267)
cfn=(976)
calls=1 0x2a60 0 
* 0 5337687124 1806222304 408499340 47091 67932704 492481 853 320 459655 540845774 8708147 32227370 2109117

fl=(44) /usr/src/debug/glibc/glibc/string/../sysdeps/x86_64/multiarch/../multiarch/memset-vec-unaligned-erms.S
fn=(140) memset
0x25eb0 137 10 0 0 1 0 0 1
+4 +1 10
+4 * 10
+3 * 10
+4 * 10 0 0 1 0 0 1
+4 * 10
+5 +5 10
+4 +1 10 0 0 0 0 0 0 0 0 10 5
+6 +3 7
+4 +1 7 0 0 0 0 0 0 0 0 7 3
+2 +2 2 0 2 0 0 2 0 0 2
+5 +1 2 0 2
+3 +1 2 2
+10 +84 5 0 5 0 0 5 0 0 5
+3 +1 5 0 5
+4 +12 5
+3 +3 5
+4 +1 5 0 0 0 0 0 0 0 0 5
+2 +12 5 0 5 0 0 2 0 0 2
+4 +1 5 0 5 1 0 2 1 0 2
+4 +13 5
+4 +1 5
+7 +2 5 0 0 0 0 0 0 0 0 5 1
+2 +3 4
+4 +3 4
+4 * 4
+9 +3 4 0 4
+3 +1 4 0 4
+4 +1 4 0 4 0 0 1 0 0 1
+4 +1 4 0 4 0 0 1 0 0 1
+4 +1 4
+4 +1 4
+3 +1 4 0 0 0 0 0 0 0 0 4 2
-22 -6 96 0 96 0 0 39 0 0 39
+3 +1 96 0 96
+4 +1 96 0 96 0 0 55 0 0 55
+4 +1 96 0 96 0 0 2 0 0 2
+4 +1 96
+4 +1 96
+3 +1 96 0 0 0 0 0 0 0 0 96 17
+2 +3 5 0 5 0 0 1 0 0 1
+3 +1 5 0 5 0 0 1 0 0 1
+4 +1 5 0 5
+4 +1 5 0 5 0 0 1 0 0 1
+4 +5 5 5
+9 +46 3 0 0 2 0 0 1
+5 +2 3
+3 +1 3 0 0 0 0 0 0 0 0 3 3
+24 +39 3 0 3 0 0 1 0 0 1
+3 +1 3 0 3
+5 +2 3 3

fl=(50) /usr/src/debug/glibc/glibc/string/../string/strcspn.c
fn=(156) strcspn
0x27d00 32 1 0 0 1 0 0 1
+4 * 1 0 1
+1 * 1
+3 * 1
+3 * 1
+7 +1 1 1 0 0 1 0 0 1
+3 * 1
+2 * 1 0 0 0 0 0 0 0 0 1
+6 +1 1 1
+4 * 1 0 0 0 0 0 0 0 0 1
+6 +5 1
+4 * 1
+7 * 1 0 1 0 0 1 0 0 1
+7 * 1 0 1
+7 * 1 0 1 1 0 0 1
+7 * 1 0 1
+7 +1 1 0 1 0 0 1 0 0 1
+7 * 1 0 1
+7 * 1 0 1
+7 * 1 0 1
+7 +1 1 0 1 0 0 1 0 0 1
+4 * 1 0 1
+4 * 1 0 1
+4 * 1 0 1
+4 +1 1 0 1 0 0 1 0 0 1
+4 * 1 0 1 1 0 0 1
+4 * 1 0 1
+4 * 1 0 1
+4 +2 1
+6 +3 1 1
+3 * 1
+4 * 1 0 1
+4 +1 1
+2 * 1 0 0 0 0 0 0 0 0 1 1
-13 -1 2 2
+3 * 2
+4 * 2 0 2
+4 +1 2
+2 * 2 0 0 0 0 0 0 0 0 2 1
+2 +3 1 1
+4 * 1
+2 * 1 1
+8 * 1 0 0 0 0 0 0 0 0 1
+6 +1 1 1
+5 * 1
+5 * 1 1 0 1 0 0 1
+8 * 1 0 0 0 0 0 0 0 0 1
+2 +1 1 1
+5 * 1
+5 * 1 1
+8 * 1 0 0 0 0 0 0 0 0 1
+2 +1 1 1
+5 * 1
+5 * 1 1
+8 * 1 0 0 0 0 0 0 0 0 1
+2 +2 1
+3 * 1
+4 * 1
+10 +6 1 1 0 1 0 0 1
+4 -1 1
+4 +1 1 1
+4 +2 1 1
+4 * 1 1
+4 -1 1 1
+4 * 1 1
+5 +2 1 1
+4 +2 1 1
+5 * 1
+3 * 1
+3 * 1
+3 * 1
+3 * 1 0 0 0 0 0 0 0 0 1 1
-50 -5 11 11 0 0 1 0 0 1
+4 -1 11
+4 +1 11 11
+4 +2 11 11
+4 * 11 11
+4 -1 11 11
+4 * 11 11
+5 +2 11 11
+4 +2 11 11
+5 * 11
+3 * 11
+3 * 11
+3 * 11
+3 * 11 0 0 0 0 0 0 0 0 11 9
+2 +2 1
+3 +1 1
+3 * 1 0 0 0 0 0 0 0 0 1 1
+14 +1 1 1 0 1 0 0 1
+1 -1 1
+4 * 1
+3 +1 1 1

fl=(60)
fn=(198)
0x24dd0 47 26 0 0 1 0 0 1
+4 +3 26
+7 * 26 0 0 0 0 0 0 0 0 26
+2 -3 26 0 26
+1 * 26
+3 * 26 0 26 0 0 2 0 0 2
+2 * 26
+3 * 26 0 26
+1 * 26
+3 +6 26
+3 * 26 0 0 0 0 0 0 0 0 26 6
+2 +5 26
+3 * 26
+3 * 26
+5 * 26
+2 * 26
+6 * 26 0 0 0 0 0 0 0 0 26
+2 +2 26 26
+1 * 26 26
+2 * 26 26
+1 * 26 26
+32 -7 9 0 0 1 0 0 1
+2 * 9
+6 * 9
+3 * 9
+2 * 9 0 0 0 0 0 0 0 0 9 3
+2 * 5 5
+7 * 5 0 0 0 0 0 0 0 0 5 2

fl=(52) /usr/src/debug/glibc/glibc/setjmp/../sysdeps/x86_64/setjmp.S
fn=(164) __sigsetjmp
0x25140 31 14 0 0 1 0 0 1
+4 +2 14 0 14
+3 +9 14
+3 +1 14 14
+7 * 14
+4 +1 14 0 14
+4 +4 14 0 14 0 0 1 0 0 1
+4 +1 14 0 14
+4 +1 14 0 14 0 0 1 0 0 1
+4 +1 14 0 14
+4 +1 14
+5 +2 14 14
+7 * 14
+4 +2 14 0 14
+4 +1 14 14 0 1 0 0 1
+4 +1 14
+1 +2 14 14
+7 * 14
+4 +2 14 0 14
+4 +8 14
+2 +3 14
+5 +1 14 0 14 0 0 1 0 0 1
+4 +7 14
+2 +1 14 14

fl=(55) /usr/src/debug/glibc/glibc/io/../sysdeps/unix/sysv/linux/open64_nocancel.c
fn=(186) __open_nocancel
0x24bb0 28 6 0 0 1 0 0 1
+4 * 6 0 6
+1 +3 6
+3 -3 6
+3 * 6
+3 * 6 0 6 1 0 1 1 0 1
+4 +3 6
+4 * 6 0 0 0 0 0 0 0 0 6 3
+2 * 6
+2 * 6
+2 * 6
+6 * 6 0 0 0 0 0 0 0 0 6 1
+2 +8 6
+2 * 6
+5 * 6
+3 * 6
+5 * 6
+2 * 6
+6 * 6 0 0 0 0 0 0 0 0 6
+2 +2 6 6
+1 * 6 6

fl=(56) /usr/src/debug/glibc/glibc/io/../sysdeps/unix/sysv/linux/read_nocancel.c
fn=(188) __read_nocancel
0x24c50 25 5 0 0 1 0 0 1
+4 +1 5
+2 * 5
+2 * 5
+6 * 5 0 0 0 0 0 0 0 0 5
+2 +1 5 5

fl=(77)
fn=(284) dl_cet_check
0x16370 269 1 0 1 1 0 0 1
+1 * 1
+3 * 1
+3 * 1
+4 +6 1
+3 * 1 0 0 1 0 0 1 0 0 1
+6 +2 1 1
+6 * 1
+3 -1 1 0 1
+6 +6 1 1
+8 +3 1 0 1
+3 -3 1
+3 +1 1
+4 -1 1
+3 +1 1
+4 -1 1 0 1
+3 +1 1 0 1
+4 +5 1
+3 * 1 0 0 0 0 0 0 0 0 1
+2 +5 1
+2 * 1 0 0 0 0 0 0 0 0 1
0x16427 +25 1 1 0 1 0 0 1
+1 * 1 1

fn=(648)
0x16690 331 1 0 0 1 0 0 1
+4 +3 1
+2 * 1 0 0 0 0 0 0 0 0 1 1
+42 +16 1 1 0 1 0 0 1

fn=(282) _dl_cet_check
0x16710 361 1 0 0 1 0 0 1
+4 +1 1
cfn=(284)
calls=1 0x16370 -93 
* * 23 4 5 3 0 0 3 0 0 3

fl=(63) /usr/src/debug/glibc/glibc/io/../sysdeps/unix/sysv/linux/close_nocancel.c
fn=(206) __GI___close_nocancel
0x24a80 25 6 0 0 1 0 0 1
+4 +1 6
+5 * 6
+2 * 6
+6 * 6 0 0 0 0 0 0 0 0 6
+2 +1 6 6

fl=(43) /usr/src/debug/glibc/glibc/string/../sysdeps/x86_64/multiarch/../multiarch/memcmp-sse2.S
fn=(130) bcmp
0x259e0 59 1 0 0 1 0 0 1
+4 +12 1
+4 +1 1 0 0 0 0 0 0 0 0 1
+6 +22 1
+3 +1 1 0 0 0 0 0 0 0 0 1 1
+47 +45 1 1 0 1 0 0 1
+3 +1 1 1
+3 +2 1
+3 +1 1 0 0 0 0 0 0 0 0 1
+2 +2 1 1
+5 +1 1 1
+5 +2 1
+3 +1 1 0 0 0 0 0 0 0 0 1 1
+24 +47 1 0 0 1 0 0 1
+3 +1 1
+3 +1 1
+3 +1 1
+2 +1 1
+3 +1 1 1

fl=(42) /usr/src/debug/glibc/glibc/string/../sysdeps/x86_64/multiarch/../multiarch/strchr-sse2.S
fn=(126) index
0x26650 32 28 0 0 1 0 0 1
+4 +1 28
+4 +1 28
+2 +1 28
+5 +1 28
+4 +1 28
+5 +1 28
+4 +1 28
+5 +1 28 0 0 0 0 0 0 0 0 28
+6 +1 28 28 0 0 2 0 0 2
+4 +1 28
+4 +1 28 0 0 1 0 0 1
+4 +1 28
+4 +1 28
+4 +1 28
+4 +1 28
+4 +1 28
+2 +1 28 0 0 0 0 0 0 0 0 28 5
+2 +1 23
+3 +4 23
+5 +1 23
+4 +1 23 23
+3 +1 23
+4 +2 23 23
+6 +4 5 5
+5 +1 5
+4 +1 5
+4 +1 5 0 0 1 0 0 1
+4 +1 5
+4 +1 5
+4 +1 5 5 0 0 3 0 0 3
+5 +1 5
+4 +1 5
+4 +1 5
+4 +1 5
+4 +1 5
+4 +1 5
+4 +1 5 5
+5 +1 5
+4 +1 5
+4 +1 5
+4 +1 5
+3 +1 5
+4 +1 5 0 0 1 0 0 1
+4 +1 5
+4 +1 5
+3 +1 5
+3 +1 5 0 0 0 0 0 0 0 0 5 4
0x267c0 +52 5 0 0 1 0 0 1
+4 +4 5
+5 +1 5
+4 +1 5 5
+3 +1 5
+4 +2 5 5

fl=(141) /usr/src/debug/glibc/glibc/misc/../sysdeps/unix/syscall-template.S
fn=(466) mprotect
0x24e80 117 7 0 0 1 0 0 1
+4 * 7
+5 * 7
+2 * 7
+6 * 7 0 0 0 0 0 0 0 0 7
+2 +5 7 7

fn=(642) munmap
0x24eb0 117 1
+4 * 1
+5 * 1
+2 * 1
+6 * 1 0 0 0 0 0 0 0 0 1
+2 +5 1 1

fl=(38) /usr/src/debug/glibc/glibc/elf/dl-hwcaps.c
fn=(114) _dl_important_hwcaps
0x1bf80 171 1 0 0 1 0 0 1
+4 * 1 0 1
+1 * 1
+3 * 1 0 1
+2 * 1
+3 * 1 0 1
+2 * 1
+4 * 1 0 1
+2 +3 1
+3 -3 1 0 1
+2 +3 1
+3 -3 1 0 1
+1 * 1
+3 * 1
+7 * 1 0 1 0 0 1 0 0 1
+4 * 1 0 1
+4 * 1 0 1
+7 +2 1 0 1 0 0 1 0 0 1
cfi=(39) /usr/src/debug/glibc/glibc/elf/../sysdeps/x86_64/dl-hwcaps-subdirs.c
cfn=(116) _dl_hwcaps_subdirs_active
calls=1 0x1c310 29 
* * 36 6 0 3 0 0 3 0 0 7 1
fi=(40) /usr/src/debug/glibc/glibc/elf/./dl-hwcaps.h
+5 43 1 0 1
fe=(38)
+4 173 1 0 1 1 0 0 1
fi=(40)
+3 45 1 0 1
+8 +32 1 0 1
+7 +1 1 0 1
+8 +1 1
fe=(38)
+24 -28 1
+3 * 1 0 1
cfi=(41) /usr/src/debug/glibc/glibc/elf/dl-hwcaps_split.c
cfn=(122) _dl_hwcaps_split_masked
calls=1 0x1c510 * 
* * 20 5 3 3 0 1 3 0 1 2 2
+5 * 1
+2 * 1 0 0 0 0 0 0 0 0 1
fi=(40)
+2 -8 1 0 0 1 0 0 1
+7 +2 1 0 1
+8 -2 1 0 1
+4 +34 1 1
+3 * 1 0 1
+3 +1 1 1
+4 * 1 0 1
+4 +1 1
fe=(38)
+9 -25 2 2
+4 -1 2
+4 +1 2
+3 +2 2
+3 * 2
+4 -5 2
+3 * 2 0 2
cfi=(41)
cfn=(122)
calls=2 0x1c510 * 
* * 140 28 17 0 0 0 0 0 0 17 5
-3 * 1
+3 * 1 0 1 1 0 0 1
cfi=(41)
cfn=(122)
calls=1 0x1c510 * 
* * 158 30 20 5 1 0 5 1 0 19 3
+5 * 3
+2 * 3 0 0 0 0 0 0 0 0 3 2
+2 +48 1
+3 * 1 0 1
+4 * 1
+4 * 1 0 1
fi=(28)
+7 -43 1
+3 * 1 1 1 0 0 0 0 0 0 0 0 1 1
cfi=(27)
cfn=(78)
calls=1 0xc630 -20 
* * 18 3 3 0 0 0 0 0 0 3 1
fe=(38)
+6 +45 1 1
+4 * 1
+3 -2 1 0 1
+7 +2 1 0 0 0 0 0 0 0 0 1
fi=(40)
+6 -58 1 0 1
+4 * 1
+3 * 1
fe=(38)
+2 +61 1 0 1 1 0 0 1
fi=(40)
+7 -59 1 0 1
+8 * 1 0 1
+4 +1 1
fe=(38)
+45 +65 1 0 0 1 0 0 1
+3 * 1 0 1
cfi=(41)
cfn=(124) _dl_hwcaps_split
calls=1 0x1c3a0 -86 
* * 7 2 0 0 0 0 0 0 0 1 1
+5 * 1
+2 * 1 0 0 0 0 0 0 0 0 1
fi=(40)
+2 -68 1
+3 * 1
+3 +2 1 0 1
+8 -2 1
+3 * 1
+7 * 1 0 1
+4 +34 1 1
+3 * 1 0 1
+3 +1 1 1
+4 * 1 0 1
+4 * 1
+3 * 1
+3 * 1
+3 +1 1
fe=(38)
+3 +47 2 2
+4 * 2
+3 * 2
+4 * 2 2
+7 * 2 0 2
+3 +1 2 2
+4 * 2 0 2
+3 +1 2
+3 +1 2
+4 -1 2 0 2
+3 -4 2
+3 * 2 0 2
cfi=(41)
cfn=(122)
calls=2 0x1c510 -73 
* * 140 28 17 0 0 0 0 0 0 17 5
-3 * 1 0 0 1 0 0 1
+3 * 1 0 1
cfi=(41)
cfn=(122)
calls=1 0x1c510 -73 
* * 158 30 20 0 0 0 0 0 0 19 3
+5 * 3
+2 * 3 0 0 0 0 0 0 0 0 3 2
+2 +8 1
+3 * 1 1
+4 * 1
+3 * 1 0 0 1 0 0 1 0 0 1
+6 +9 1 1
+7 * 1
+4 * 1 0 0 0 0 0 0 0 0 1
+6 +3 1 1
+7 * 1 0 1
+7 * 1
+5 * 1 0 1
+7 * 1 0 1
+4 * 1 0 1
+4 * 1 0 1
+7 * 1 0 1 1 0 0 1
+7 * 1 0 1
+7 * 1
+6 -2 1 1
+4 * 1
+3 * 1 0 1
+4 * 1
+3 * 1
+4 * 1
+4 * 1
+10 +8 1 1
+4 * 1 1
+4 +4 1 1
+4 * 1 1
+3 -4 1 0 0 1 0 0 1
+3 * 1
+3 +4 1
+4 * 1
+3 * 1 0 1
cfi=(43)
cfn=(130)
calls=1 0x259e0 -95 
* * 19 5 0 3 0 0 3 0 0 4 2
+5 +1 1
+2 * 1 0 0 0 0 0 0 0 0 1
+2 +1 1 0 0 0 0 0 0 0 0 1 1
+7 +4 1 1
+5 +1 1 1
+4 * 1
+5 +1 1 0 1
+3 -20 1
+4 * 1
+4 +19 1 0 1
+3 +1 1 0 1
+5 -20 1 0 0 1 0 0 1
+4 * 1 0 0 0 0 0 0 0 0 1
+2 * 1 1
+4 -1 1
+4 * 1 1
+4 * 1 0 0 0 0 0 0 0 0 1
+6 * 1 1
+7 * 1 1
+7 * 1 1
+7 * 1 1
+7 * 1 1
+7 +47 1 1
+4 * 1 0 0 1 0 0 1
+5 * 1 0 1
+4 * 1 0 1 0 0 1 0 0 1
+3 -3 1
+4 +7 1 1
+7 -7 1
+3 +7 1
fi=(28)
+5 56 1 1 1 0 0 0 0 0 0 0 0 1
cfi=(27)
cfn=(78)
calls=1 0xc630 -20 
* * 18 3 3 0 0 0 0 0 0 3 1
+6 * 1
fe=(38)
+3 193 1
+3 * 1 0 0 0 0 0 0 0 0 1
+6 +8 1 1
+4 +1 1
+3 * 1
+3 * 1
+2 * 1
+5 * 1 0 1 1 0 0 1
+4 -1 1 1
+3 * 1
+4 * 1
+3 +1 1 0 1
+4 * 1 0 1
cfn=(134) copy_hwcaps
calls=1 0x1bee0 73 
* * 46 11 13 3 0 1 3 0 1 3 2
+5 +1 1 1
+3 * 1 1
+4 * 1
+3 * 1
+7 * 1 0 1
cfn=(134)
calls=1 0x1bee0 73 
* * 394 82 69 1 0 2 1 0 2 43 11
+5 * 1 1
+4 +4 1 1
+4 -23 1 1
+4 +23 1 0 1
+3 +1 1 0 1 1 0 0 1
+8 -24 1 1
+7 * 1
+4 * 1 0 1
+3 +31 1
+7 * 1
+3 * 1 1
+1 * 1 1
+2 * 1 1
+2 * 1 1
+2 * 1 1
+2 * 1 1
+1 * 1 1

fn=(134)
0x1bee0 73 2 0 2 1 0 0 1
+1 * 2
+3 * 2 0 2
+2 * 2
+3 * 2 0 2
+2 +6 2
+10 -6 2 0 2
+2 +6 2 0 0 1 0 0 1
+10 -6 2 0 2
+1 * 2
fi=(40)
+4 -30 2 0 2
+4 +2 2 0 2
+8 +32 2 0 2
+3 +1 2 0 2
+4 +1 2
fe=(38)
+7 -1 2 2
+4 * 2 2
+3 +1 2 2
+4 * 2 2
+4 -1 2 0 2
+3 +1 2
+4 * 2 0 2 0 0 1 0 0 1
+4 * 2 0 2 0 0 1 0 0 1
+4 * 2 0 2
cfi=(29) /usr/src/debug/glibc/glibc/string/../sysdeps/x86_64/multiarch/memmove-vec-unaligned-erms.S
cfn=(136) mempcpy
calls=2 0x25cb0 197 
* * 26 6 4 1 0 0 1 0 0 4 4
+6 +4 2 0 2
+3 +2 2 2
+4 +2 2
+4 -3 2 2
+3 +1 2
+4 * 2 0 2
+4 +1 2
+4 * 2 0 2
+3 +1 2 0 2
+4 -11 2
+4 * 2 0 2
cfi=(41)
cfn=(122)
calls=2 0x1c510 -25 
* * 140 28 17 0 0 0 0 0 0 17 4
-4 * 2 0 0 1 0 0 1
+4 * 2 0 2
cfi=(41)
cfn=(122)
calls=2 0x1c510 -25 
* * 178 35 23 0 0 1 0 0 1 21 3
+5 * 4
+2 * 4 0 0 0 0 0 0 0 0 4 2
+2 +13 2
+4 * 2 2
+1 * 2 2
+2 * 2 2
+2 * 2 2
+2 * 2 2
+1 * 2 2

fl=(69) /usr/src/debug/glibc/glibc/io/../sysdeps/unix/sysv/linux/pread64_nocancel.c
fn=(240) __pread64_nocancel
0x24c20 25 2 0 0 1 0 0 1
+4 * 2
+3 +1 2
+5 * 2
+2 * 2
+6 * 2 0 0 0 0 0 0 0 0 2
+2 +1 2 2

fl=(176)
fn=(600)
0xc480 74 3 0 0 1 0 0 1
+4 * 3 0 3
+1 * 3
+3 * 3 0 3
+2 * 3
+3 * 3 0 3
+2 * 3 0 3
+2 * 3 0 3
+2 * 3
+3 * 3 0 3
+1 * 3
+4 * 3 0 3
+4 +1 3 3
+7 -1 3 0 3
+4 +2 3
+3 * 3 0 0 0 0 0 0 0 0 3
+6 +2 3
+2 * 3
+3 * 3
+2 +37 3
+2 -37 3 3 0 1 0 0 1
+6 * 3 3
+7 * 3 3 0 0 3
+3 +1 3
+2 * 3 0 0 0 0 0 0 0 0 3 2
+2 +2 3 3
+7 * 3 0 3
+4 * 3
+4 * 3
+1 +3 3 3 0 0 3
+3 * 3
+3 * 3
+3 * 3
+2 * 3 0 0 0 0 0 0 0 0 3 1
-11 * 2 2
+3 * 2
+3 * 2
+3 * 2
+2 * 2 0 0 0 0 0 0 0 0 2 1
+2 +3 3 3
+3 * 3 3
+4 -1 3
+3 +1 3
+3 -1 3 3
+4 +1 3
+3 -1 3
+4 +1 3 0 3
cfn=(602) check_match
calls=3 0xc3a0 -56 
* * 545 112 27 4 19 0 4 8 0 56 21 6 6
+5 * 3
+3 +3 3
+3 * 3 0 0 0 0 0 0 0 0 3 3
+2 +3 2 0 0 1 0 0 1
+4 * 2
+4 * 2 0 0 0 0 0 0 0 0 2 2
+4 +23 3
+4 * 3
+3 * 3 3
+1 * 3 3
+2 * 3 3
+2 * 3 3
+2 * 3 3
+2 * 3 3
+1 * 3 3

fn=(602)
0xc3a0 31 3 0 3 1 0 0 1
+1 * 3
+3 * 3 0 3
+2 * 3 0 3
+2 * 3 0 3
+2 * 3
+3 * 3 0 3
+2 * 3
+3 * 3 0 3
+1 * 3
+4 +1 3 3
+4 * 3 3
fi=(4) /usr/src/debug/glibc/glibc/elf/../sysdeps/generic/ldsodefs.h
+4 +47 3 0 0 1 0 0 1
fe=(176)
+2 -47 3 3
+7 * 3 0 0 0 0 0 0 0 0 3 1
+8 +1 3
+3 * 3
+4 * 3
+4 +2 3 3 0 0 3 0 0 1
+4 * 3
+3 +1 3 3
+5 * 3 0 0 0 0 0 0 0 0 3
+2 +12 3
+5 * 3 3 3
+3 * 3 0 0 0 0 0 0 0 0 3
+2 +3 3 3
+4 * 3
+3 * 3 3
+4 +2 3 3
+2 * 3 0 0 1 0 0 1
+4 * 3 0 3
cfi=(33)
cfn=(100)
calls=3 0x26880 +45 
* * 209 28 0 0 8 0 0 5 0 22 9 3 3
+5 * 3
+2 * 3 0 0 0 0 0 0 0 0 3
+2 +4 3 3
+7 * 3 3 0 0 3
+5 +1 3
+5 * 3
+4 * 3 3
+7 * 3 3 0 0 1
+5 * 3 0 0 0 0 0 0 0 0 3 2
+2 +1 3 3
+4 * 3
+3 * 3 0 3
cfi=(33)
cfn=(100)
calls=3 0x26880 +39 
* * 171 21 0 0 4 0 0 2 0 19 9 3 3
+5 -19 3
+2 * 3 0 0 1 0 0 1
+5 * 3
+4 +24 3
+4 * 3
+3 * 3 3
+1 * 3 3
+2 * 3 3
+2 * 3 3
+2 * 3 3
+2 * 3 3
+1 * 3 3

fl=(11)
fn=(28)
0x14cf0 438 40 0 0 3 0 0 1
+4 +3 40
+2 * 40
+7 -3 40
+3 +3 40 0 0 2 0 0 1
+7 * 40
+4 * 40 40 0 0 37 0 0 35
+3 * 40
+3 * 40 0 0 0 0 0 0 0 0 40 4
+2 +9 37 37 0 0 23 0 0 18
+4 -9 37
+2 * 37 0 0 0 0 0 0 0 0 37 17
+2 +19 22 0 22
+3 +7 22
+7 * 22 22 0 0 8 0 0 6
+5 * 22 0 0 0 0 0 0 0 0 22 11
-12 * 18
+7 * 18 18 0 0 2 0 0 2
+5 * 18 0 0 0 0 0 0 0 0 18 11
+22 +2 40 40
+8 -19 18 0 18 4 0 0 1
+3 +1 18
+5 +9 3
+5 * 3

fn=(60) do_tunable_update_val
0x14480 73 6 6 0 1 0 0 1
+3 -3 6
+3 * 6
+3 +3 6
+3 * 6 0 0 0 0 0 0 0 0 6
+6 * 6
+2 * 6 0 0 0 0 0 0 0 0 6
+2 +10 6 6
+3 +11 6 6
+4 +1 6 6
+4 -1 6
+3 * 6 0 0 0 0 0 0 0 0 6
+6 * 6 6
+3 +1 6
+3 * 6
+3 * 6 0 0 0 0 0 0 0 0 6
+2 * 6 6
+3 +4 6
+3 * 6
+4 +2 6 0 0 1 0 0 1
+3 * 6
+4 +4 6
+3 -4 6
+4 * 6
+4 +11 6
+3 * 6 0 0 0 0 0 0 0 0 6
+6 +1 6
+3 * 6 0 0 0 0 0 0 0 0 6 4
+68 +3 6 0 6 1 0 0 1
+4 +1 6 0 6
+4 +1 6 0 6
+4 +1 6 0 6
+4 * 6 6

fn=(22) __GI___tunables_init
0x14680 294 1 0 0 1 0 0 1
+4 +6 1 1
+6 * 1
+2 * 1 0 0 0 0 0 0 0 0 1
+6 -6 1 0 1
+1 +10 1
+5 * 1
+2 -10 1
+3 * 1 0 1
+2 * 1 0 1
+2 * 1
+7 * 1 0 1
+2 * 1 0 1
+2 * 1
+3 +10 1
+7 -10 1 0 1
+1 * 1
+7 +10 1 0 1 1 0 1 1 0 1
* * 27 0 26 0 0 3 0 0 3 27 10
+3 +2 1
+4 * 1
+11 43 1
+3 * 1 0 0 0 0 0 0 0 0 1
-3 * 75
+3 * 75 0 0 0 0 0 0 0 0 75
+6 * 76 76
+4 * 76
+3 * 76 0 0 0 0 0 0 0 0 76 1
+6 +6 75 75 0 0 21 0 0 21
+4 -3 75
+4 +3 75
+2 * 75 0 0 0 0 0 0 0 0 75
+6 * 75
+2 * 75 0 0 0 0 0 0 0 0 75
+2 * 75
+5 * 75
+1 * 75 75 0 1 2 0 1 2
+5 * 75
+3 * 75
+4 * 75
+2 * 75 0 0 0 0 0 0 0 0 75
-14 * 892 892 0 0 14 0 0 14
+5 * 892
+3 * 892
+4 * 892
+2 * 892 0 0 0 0 0 0 0 0 892
+2 * 967
+3 * 967 0 0 0 0 0 0 0 0 967 89
+2 +4 75
+2 * 75 0 0 0 0 0 0 0 0 75
+2 +4 75
fi=(12) /usr/src/debug/glibc/glibc/elf/dl-tunables.h
+5 160 75
fe=(11)
+4 57 75
fi=(12)
+3 160 75
fe=(11)
+5 57 75
+7 * 75
+4 * 75
fi=(12)
+11 160 75 75 0 1 0 0 1
+3 +1 75
+2 * 75 0 0 0 0 0 0 0 0 75
-5 -1 2 2
+3 +1 2
+2 * 2 0 0 0 0 0 0 0 0 2
+6 * 77
+3 * 77 0 0 0 0 0 0 0 0 77 7
+6 -1 2
+4 * 2
+4 * 2 2 0 0 1 0 0 1
+3 * 2
+3 * 2 0 0 0 0 0 0 0 0 2 2
fe=(11)
+30 319 675 0 0 1 0 0 1
+7 * 675
+3 * 675 675 0 0 1 0 0 1
+4 +1 675
+7 * 675
+7 * 675
+5 +2 675 675 0 0 9 0 0 9
+3 * 675
+2 * 675 0 0 0 0 0 0 0 0 675 17
+2 -5 675
+4 * 675
+4 * 675 0 0 0 0 0 0 0 0 675 87
+2 * 75
fi=(12)
+14 160 763 763 0 1 0 0 1
+4 +1 763
+3 * 763 0 0 0 0 0 0 0 0 763 52
+2 * 88
+3 * 88 0 0 0 0 0 0 0 0 88
+2 -1 88 88
+4 * 88
+4 * 88
+4 * 88
+2 * 88 0 0 0 0 0 0 0 0 88 10
fe=(11)
+85 340 1 1 0 1 0 0 1
+6 * 1
+3 * 1
+2 * 1 0 0 0 0 0 0 0 0 1
+2 * 1 0 0 1 0 0 1
+7 * 1
+27 +3 9
+4 * 9
+3 * 9 0 0 0 0 0 0 0 0 9 1
+2 +3 9 9
+3 * 9
+3 * 9 0 0 0 0 0 0 0 0 9 4
+64 +9 1 0 0 1 0 0 1
+7 * 1 1
+1 * 1 1
+2 * 1 1
+2 * 1 1
+2 * 1 1
+2 * 1 1
+1 * 1 1
fi=(12)
+8 165 75 0 0 1 0 0 1
+2 * 75
+3 * 75 0 0 0 0 0 0 0 0 75 5
fe=(11)

fn=(58)
0x14660 162 6 0 0 1 0 0 1
+4 +1 6
+2 * 6
+7 * 6
+7 * 6
+3 +2 6
cfn=(60)
calls=6 0x14480 -92 
* * 198 42 24 3 0 0 3 0 0 36 4

fl=(51) /usr/src/debug/glibc/glibc/elf/dl-catch.c
fn=(250) _dl_receive_error
0x2320 190 1 0 0 1 0 0 1
+4 * 1 0 1
+1 58 1 1
+7 190 1
+3 * 1 0 1
+2 +2 1 1
+7 -2 1 0 1
+1 58 1 0 0 0 0 0 0 0 0 1
+2 +1 1 1 0 1 0 0 1
+7 +11 1 0 1
+11 196 1 0 1
+7 +2 1
+3 * 1 0 1 0 0 0 0 0 0 0 0 1 1
cfi=(2)
cfn=(252) version_check_doit
calls=1 0x1f320 675 
* * 29080 8673 1684 53 136 79 53 130 78 6083 436 90 59
+2 69 1 1
+7 * 1 0 0 0 0 0 0 0 0 1
+2 +1 1 0 1
+7 202 1 1
+1 -1 1 0 1
+7 +1 1 1
+2 * 1 1
+1 * 1 1

fn=(160) _dl_catch_error
0x2580 258 1 0 0 1 0 0 1
+4 * 1 0 1
+1 * 1
+3 * 1 0 1
+2 * 1
+3 * 1 0 1
+2 +2 1
+4 -2 1
+3 +2 1
+3 -2 1 0 1
+1 * 1
+3 +2 1
+3 -2 1
+4 +2 1 0 1
cfn=(162) _dl_catch_exception
calls=1 0x23b0 -52 
* * 2631 576 317 105 37 38 105 37 38 454 157 9 3
+5 * 1
+2 +1 1 1
+4 * 1 0 1
+4 +1 1 1
+4 +1 1 1
+4 -1 1 0 1
+4 +3 1 0 0 1 0 0 1
+2 -2 1 0 1
+3 +2 1
+4 * 1 1
+1 * 1 1
+2 * 1 1
+2 * 1 1
+1 * 1 1

fn=(162)
0x23b0 208 14 0 0 1 0 0 1
+4 * 14 0 14
+1 * 14
+3 * 14 0 14
+1 * 14
+7 * 14 0 14 1 0 2 1 0 2
+7 58 14 14 0 0 1 0 0 1
+7 208 14 0 14
+7 * 14 0 14 0 0 1 0 0 1
+7 +3 14
+3 * 14 0 0 0 0 0 0 0 0 14 2
+6 +21 14 14
+8 * 14
+7 * 14
+5 * 14
+4 * 14 0 14 1 0 1 1 0 1
+7 58 14
+2 * 14 0 0 0 0 0 0 0 0 14 7
+38 239 14
+7 * 14
+2 * 14 0 14
cfi=(52)
cfn=(164)
calls=14 0x25140 31 
* * 336 70 126 2 0 3 2 0 3
+5 * 14
+4 * 14
+2 * 14 0 0 1 0 0 1 0 0 14
+6 +2 14 14
+7 * 14 14
+7 * 14 0 14 0 0 0 0 0 0 0 0 14 2
cfi=(65) /usr/src/debug/glibc/glibc/elf/dl-deps.c
cfn=(220) openaux
calls=13 0x3800 61 
* * 25703 5161 2383 75 195 198 74 195 198 4635 716 85 32
cfi=(2)
cfn=(166) map_doit
calls=1 0x1ec80 642 
* * 2563 560 295 98 35 35 98 35 35 450 156 8 2
+2 69 14 14
+7 +1 14 14
+7 -1 14 0 0 0 0 0 0 0 0 14
+2 +1 14 0 14
+7 243 14 14
+7 * 14
+4 * 14 0 14
+8 * 14 0 14
+3 -25 14
+2 +34 14 14
+4 * 14 14
+1 * 14 14
+6 59 14 14 0 1 1 0 1 1
+7 * 14 0 14
+7 +11 14
+7 * 14 0 14
+7 * 14

fl=(54) /usr/src/debug/glibc/glibc/string/strdup.c
fn=(182) strdup
0x27e80 40 5 0 0 1 0 0 1
+4 * 5 0 5
+1 * 5
+3 * 5 0 5
+2 * 5
+3 * 5 0 5
+1 +1 5 0 5
cfi=(22) /usr/src/debug/glibc/glibc/string/../sysdeps/x86_64/multiarch/../multiarch/strlen-sse2.S
cfn=(62) strlen
calls=5 +82 +16 
* * 175 25 0 1 0 0 1 0 0 15 3
+5 * 5
fi=(374) /usr/src/debug/glibc/glibc/string/../include/rtld-malloc.h
+4 +15 5
+3 * 5 5 5 0 0 0 0 0 0 0 0 5 1
cfi=(27)
cfn=(78)
calls=5 0xc630 -20 
* * 90 15 15 0 0 0 0 0 0 15 1
fe=(54)
+6 -12 5
+3 * 5 0 0 0 0 0 0 0 0 5
+2 +3 5
+3 * 5
+3 +1 5 5
+1 -1 5
+3 +1 5 5
+2 * 5 5
+1 -1 5
cfi=(29)
cfn=(82) memcpy
calls=5 0x25cc0 210 
* * 63 17 12 0 0 3 0 0 3 12 2

fl=(8) /usr/src/debug/glibc/glibc/elf/dl-setup_hash.c
fn=(14) _dl_setup_hash
0x124f0 25 7 0 0 1 0 0 1
+4 +3 7 7
+7 * 7
+3 * 7 0 0 0 0 0 0 0 0 7
+2 +3 7 7 0 1 0 0 1
+4 * 7 7
+7 * 7 0 0 0 0 0 0 0 0 7
+2 +1 7 7 0 0 7 0 0 7
+2 * 7 0 7
+6 +2 7 7 0 0 1 0 0 1
+3 -1 7 7
+3 +3 7
+4 * 7
+3 * 7 0 0 0 0 0 0 0 0 7
+6 +1 7 0 7
+7 +1 7
+4 * 7 7
+3 +2 7 0 7
+7 -2 7 0 7 1 0 0 1
+6 +3 7
+3 * 7
+4 +4 7
+2 * 7
+3 -2 7 0 7
+7 +2 7
+4 * 7 0 7
+7 +5 7 7

fl=(49) /usr/src/debug/glibc/glibc/elf/dl-audit.c
fn=(638) _dl_audit_activity_nsid
0x19a70 41 1 0 0 1
+4 +4 1
+4 * 1
+7 * 1 1 0 1 0 0 1
+4 +2 1 1
+6 * 1
+2 * 1 0 0 0 0 0 0 0 0 1 1
+7 +4 1 1

fn=(152) _dl_audit_activity_map
0x199d0 29 1 0 0 1 0 0 1
+4 +2 1 1
+6 * 1
+2 * 1 0 0 0 0 0 0 0 0 1 1
0x19a60 +6 1 1 0 1 0 0 1

fn=(990) _dl_audit_preinit
0x19d10 118 1 0 0 1 0 0 1
+4 +1 1 1 0 0 1
+6 * 1
+2 * 1 0 0 0 0 0 0 0 0 1
+2 * 1 1

fn=(214) _dl_audit_objopen
0x19b80 77 5 0 0 1 0 0 1
+4 +1 5 5
+6 * 5
+2 * 5 0 0 0 0 0 0 0 0 5
+2 * 5 5

fl=(190)
fn=(654) call_init
0x61d0 29 8 8 0 1 0 0 1
+4 * 8 0 0 0 0 0 0 0 0 8 6
+12 -2 8 0 8
+1 * 8
+3 * 8 0 8
+2 * 8 0 8
+2 * 8
+3 * 8 0 8
+2 * 8
+3 * 8 0 8
+2 * 8
+3 * 8 0 8
+1 * 8
+3 * 8
+4 +8 8 8 0 1 0 0 1
+7 * 8
+2 * 8 0 0 0 0 0 0 0 0 8 8
+10 +2 8
+2 * 8 0 0 0 0 0 0 0 0 8 2
+6 +6 7 7
+7 +3 7 7 0 0 1
+4 -3 7
+3 * 7 0 7
+6 +3 7 7 0 0 5
+3 * 7 0 0 0 0 0 0 0 0 7 1
+6 +5 6 6
+7 * 6 0 0 1 0 0 1 0 0 6
+6 +8 6 6 0 0 5
+7 * 6
+3 * 6 0 0 0 0 0 0 0 0 6 2
+2 +1 4 4 0 0 3
+4 * 4
+3 * 4 4
+3 * 4
+3 * 4
+3 * 4 0 4 0 0 0 0 0 0 0 0 4 4
cob=(4) ???
cfi=(191) ???
cfn=(704) 0x0000000004916000
calls=1 0x4916000 -60 
* * 7 2 0 1 1 0 1 0 0 1
cob=(4)
cfi=(191)
cfn=(694) 0x0000000004b22000
calls=1 0x4b22000 -60 
* * 7 2 0 1 1 0 1 0 0 1
cob=(4)
cfi=(191)
cfn=(678) 0x0000000004c25000
calls=1 0x4c25000 -60 
* * 7 2 0 1 1 0 1 0 0 1 1
cob=(4)
cfi=(191)
cfn=(656) 0x0000000004846000
calls=1 0x4846000 -60 
* * 7 2 0 1 0 0 1 0 0 1 1
+2 +3 6 6 0 0 4
+7 +1 6
+3 * 6 0 0 0 0 0 0 0 0 6 2
+2 +6 5 5 0 0 1
+7 * 5 5 0 0 5
+4 * 5
+4 +3 5
+2 * 5 0 0 0 0 0 0 0 0 5
+2 -1 5 5 0 1 0 0 1
+3 * 5 5
+4 * 5
+3 * 5
+4 * 5
+4 * 5
+7 * 15
+4 +2 15
+3 * 15
+3 * 15
+3 * 15 15 15 0 3 0 0 0 0 0 0 15 15
cob=(7)
cfi=(266)
cfn=(966)
calls=1 0xae5c0 +86 
* * 50 25 12 3 5 0 3 1 0 12 2
cob=(7)
cfi=(266)
cfn=(958)
calls=1 0xae500 +86 
* * 50 25 12 3 6 0 3 1 0 12
cob=(7)
cfi=(266)
cfn=(950)
calls=1 0xae480 +86 
* * 34 17 8 2 4 0 2 1 0 8
cob=(7)
cfi=(266)
cfn=(942)
calls=1 0xae400 +86 
* * 34 17 8 2 5 0 2 1 0 8
cob=(7)
cfi=(265)
cfn=(940)
calls=1 0xae2a0 -32 
* * 47 11 28 5 3 6 5 3 6
cob=(7)
cfi=(262)
cfn=(934)
calls=1 0xae170 +53 
* * 74 9 34 4 2 4 4 0 0 26 22
cob=(7)
cfi=(254)
cfn=(904)
calls=1 0xadf50 456 
* * 1132 355 87 61 53 3 61 3 2 235 44 5 3
cob=(7)
cfi=(252)
cfn=(900)
calls=1 0xadf30 +54 
* * 11 5 3 2 0 0 2 0 0 0 0 1 1
cob=(7)
cfi=(251)
cfn=(898)
calls=1 0xadf20 +34 
* * 3 1 1 0 0 1
cob=(7)
cfi=(250)
cfn=(894)
calls=1 0xade90 260 
* * 184 35 40 4 1 2 4 0 1 20 4 4 4
cob=(7)
cfi=(249)
cfn=(888)
calls=1 0xae760 -74 
* * 12 1 0 3 0 0 3 0 0 1 1
cob=(7)
cfi=(248)
cfn=(886)
calls=1 0xae680 2174 
* * 81 14 15 1 0 0 1 0 0 10 2 1 1
cob=(6) /usr/lib/libgcc_s.so.1
cfi=(201) ???
cfn=(688) 0x0000000000005410
calls=1 0x5410 -74 
* * 12 1 0 2 0 0 2 0 0 1 1
cob=(2)
cfi=(197) /usr/src/debug/glibc/glibc/libio/stdfiles.c
cfn=(676) _IO_stdfiles_init
calls=1 0x274a0 -10 
* * 22 5 3 1 4 1 1 0 0 4 2
cob=(2)
cfi=(196) /usr/src/debug/glibc/glibc/libio/vtables.c
cfn=(674) check_stdfiles_vtables
calls=1 0x27430 545 
* * 12 7 0 2 5 0 2 0 0 3 1
-9 * 5
+3 * 5
+3 * 5
+3 * 5 5 5 0 3 0 0 0 0 0 0 5 5
cob=(7)
cfi=(203)
cfn=(708)
calls=1 0xae260 +44 
* * 39394 11285 5100 325 167 150 325 25 116 7305 374 914 171
cob=(3) /usr/lib/libm.so.6
cfi=(202) ???
cfn=(698) 0x000000000000f8f0
calls=1 0xf8f0 -74 
* * 12 1 0 3 0 0 3 0 0 1 1
cob=(6)
cfi=(198) /usr/src/debug/gcc/gcc/libgcc/config/i386/cpuinfo.c
cfn=(682) __cpu_indicator_init@GCC_4.8.0
calls=1 0x4260 -14 
* * 362 17 45 36 4 0 36 2 0 97 31 1 1
cob=(2)
cfi=(193) /usr/src/debug/glibc/glibc/csu/init-first.c
cfn=(666) _init_first
calls=1 0x273c0 -28 
* * 69 18 10 7 5 3 7 2 1 7 2 1 1
cob=(5) /usr/lib/valgrind/vgpreload_core-amd64-linux.so
cfi=(192) ???
cfn=(660) 0x00000000000010e0
calls=1 0x10e0 -74 
* * 12 1 0 3 0 0 3 0 0 1 1
+2 -1 20
+3 * 20
+3 * 20 0 0 0 0 0 0 0 0 20 14
+2 +3 8
+4 * 8 8
+1 * 8 8
+2 * 8 8
+2 * 8 8
+2 * 8 8
+2 * 8 8
+1 * 8 8
+3 -29 1 0 0 1 0 0 1
+2 * 1 0 0 0 0 0 0 0 0 1 1

fn=(652)
0x6300 81 1 0 0 1 0 0 1
+4 * 1 0 1
+1 * 1
+3 * 1 0 1
+2 * 1
+3 * 1 0 1
+2 * 1
+3 * 1 0 1
+2 * 1
+3 * 1 0 1
+2 * 1
+3 * 1 0 1
+1 * 1
+4 +1 1 1 0 0 1
+7 +1 1 1
+7 +3 1 1
+7 * 1
+3 * 1 0 0 0 0 0 0 0 0 1 1
+6 +8 1 0 0 1 0 0 1
+3 * 1 0 0 0 0 0 0 0 0 1
+7 +25 1 1
+7 +1 1
+2 * 1 0 0 0 0 0 0 0 0 1
+2 * 1
+3 * 1
+4 * 1
+5 +1 1 1
+7 * 1
+3 * 1
+3 * 1
+3 * 1 1
+4 -1 1
+4 +1 1 0 1
cfn=(654)
calls=1 0x61d0 -92 
* * 41 15 7 0 2 0 0 0 0 7 3
-24 * 6 6
+7 * 6
+3 * 6
+3 * 6
+3 * 6 6
+4 -1 6
+4 +1 6 0 6
cfn=(654)
calls=6 0x61d0 -92 
* * 42052 11977 5469 470 292 170 470 39 126 7812 518 949 204
+5 -1 7 0 0 1 0 0 1
+4 * 7 0 0 0 0 0 0 0 0 7 6
+2 +7 1
+4 * 1 1
+1 * 1 1
+2 * 1 1
+2 * 1 1
+2 * 1 1
+2 * 1 1
+1 * 1 1
+79 -22 1 0 1 1 0 1 1
+4 -17 1 0 1
cfn=(654)
calls=1 0x61d0 -59 
* * 84 25 9 8 3 0 8 0 0 11 5 2 2
+5 +1 1 1
+4 * 1 0 1
+11 * 1

fl=(15) /usr/src/debug/glibc/glibc/elf/../sysdeps/x86/dl-get-cpu-features.c
fn=(596) __x86_cpu_features
0x19250 76 1 0 0 1 0 0 1
+4 -37 1 1
+6 * 1
+2 * 1 0 0 0 0 0 0 0 0 1
+2 +37 1
+2 * 1 1

fn=(34) _dl_x86_init_cpu_features
0x19280 37 1 0 0 1 0 0 1
+4 +2 1 1
+6 * 1
+2 * 1 0 0 0 0 0 0 0 0 1 1
+4 +2 1
cfi=(16)
cfn=(36)
calls=1 0x17d00 724 
* * 7287 846 502 98 27 9 98 27 9 1629 228

fl=(39)
fn=(116)
0x1c310 29 1 0 0 1 0 0 1
fi=(18)
+4 +2 1 1
fe=(39)
+6 +7 1
fi=(18)
+2 -7 1
+2 * 1
+5 * 1 0 0 0 0 0 0 0 0 1 1
fe=(39)
+2 +21 1
+2 * 1 1
fi=(18)
+9 -20 1 1
+6 * 1
+3 * 1 0 0 0 0 0 0 0 0 1
+2 +7 1 1 0 1 0 0 1
fe=(39)
+6 -1 1
fi=(18)
+2 +1 1
+2 * 1
+2 * 1
+6 * 1 0 0 0 0 0 0 0 0 1
+2 +1 1 1
+6 * 1
+2 * 1
+3 * 1 0 0 0 0 0 0 0 0 1
+2 +8 1
fe=(39)
+2 -5 1
fi=(18)
+5 +5 1
+5 * 1 0 0 0 0 0 0 0 0 1
+2 +3 1 1
+6 * 1
+2 * 1
+6 * 1 0 0 0 0 0 0 0 0 1
+2 +3 1
+3 * 1 0 0 0 0 0 0 0 0 1
fe=(39)
+2 -3 1 0 0 1 0 0 1
+6 * 1
+5 * 1
+5 * 1
+3 * 1

fl=(64) /usr/src/debug/glibc/glibc/io/../sysdeps/unix/sysv/linux/access.c
fn=(216) access
0x24920 25 1 0 0 1 0 0 1
+4 +2 1
+5 * 1
+2 * 1
+6 * 1 0 0 0 0 0 0 0 0 1 1
+7 * 1
+2 * 1 0 1
+6 * 1
+5 +4 1 1

fl=(78) /usr/src/debug/glibc/glibc/elf/dl-reloc.c
fn=(286) _dl_relocate_object
0x11e00 343 8 0 0 1 0 0 1
+4 +1 8 8
+7 * 8 0 0 0 0 0 0 0 0 8 5
+2 * 2 2
+3 -1 6 0 6
+1 * 6
+3 * 6
+4 +3 6 0 6
+4 * 6 0 6
cfn=(288) _dl_relocate_object_no_relro
calls=6 0xf560 207 
* * 2555991 654100 245151 317 15941 2142 312 7982 1315 393902 14116 5211 1179
+5 +1 6 6
+4 +1 6 6 0 0 2
+1 -1 6
cfn=(464) _dl_protect_relro
calls=6 0xf3f0 +5 
* * 210 48 18 4 2 0 4 0 0 24 6

fn=(464)
0xf3f0 352 7 0 0 1 0 0 1
+4 +1 7 7 0 0 2
+7 * 7
+3 * 7 0 0 0 0 0 0 0 0 7
+2 +3 7 7 0 1 0 0 1
+7 * 7 7
+7 * 7 7
+3 * 7
+3 * 7
+3 +3 7
+3 -3 7
+3 +3 7
+3 +4 7
+3 * 7 0 0 0 0 0 0 0 0 7 7
+13 -11 7 0 7
+1 +12 7
+3 * 7
+5 * 7
+3 -12 7
+3 * 7 0 7
+1 * 7 0 0 1 0 0 1
+3 +12 7
+3 -12 7
+4 +12 7 0 7
cfi=(141)
cfn=(466)
calls=7 0x24e80 117 
* * 42 7 0 1 0 0 1 0 0 7
+5 * 7
+2 * 7 0 0 0 0 0 0 0 0 7
+2 +6 7 7
+4 * 7 7
+1 * 7 7

fn=(288)
0xf560 207 7 0 0 1 0 0 1
+4 * 7 0 7
+1 * 7
+3 * 7 0 7
+2 * 7 0 7
+2 * 7
+3 * 7 0 7
+2 +13 7
+3 -13 7 0 7
+2 * 7 0 7
+1 * 7
+2 * 7
+7 * 7 0 7 1 0 0 1
+6 +16 7
+6 -16 7 0 7
+7 +16 7 0 0 0 0 0 0 0 0 7
+2 +3 7 7 0 0 1
+6 * 7
+2 * 7 0 0 0 0 0 0 0 0 7 4
+83 +20 7 7 0 1 0 0 1
+6 * 7
+2 * 7 0 0 0 0 0 0 0 0 7
+2 +1 7 7 0 1 6 0 1
+8 * 7 0 0 0 0 0 0 0 0 7 5
+6 -30 2 2
+7 * 2
+4 +33 2
+2 * 2 0 0 0 0 0 0 0 0 2 1
+6 +7 2 2
+7 * 2 0 2
+7 * 2
+3 * 2 0 0 0 0 0 0 0 0 2
fi=(6) /usr/src/debug/glibc/glibc/elf/../sysdeps/x86_64/dl-machine.h
+6 78 2 2
+8 * 2 0 0 0 0 0 0 0 0 2 1
+2 * 1
+3 * 1 0 0 0 0 0 0 0 0 1
+2 +6 1 1
+4 * 1 1 0 0 1
+4 * 1 1
+8 * 1 0 0 0 0 0 0 0 0 1 1
+5 +4 1 1 0 0 1 0 0 1
+4 * 1
+3 * 1 0 0 0 0 0 0 0 0 1
+6 +6 1 0 1
+4 +9 1
+2 * 1 0 0 0 0 0 0 0 0 1
+6 +23 1 1 0 0 1
+7 * 1 0 1
fi=(4)
+4 -47 1 1
fe=(78)
+8 296 1
+7 * 1 1 0 0 1
fi=(4)
+3 79 1
+3 * 1
fe=(78)
+4 296 1
+3 * 1 0 0 0 0 0 0 0 0 1
fi=(4)
-28 79 6 6 0 1 0 0 1
fe=(78)
+8 296 6
+7 * 6 6 0 0 3
fi=(4)
+3 79 6
+3 * 6
fe=(78)
+4 296 6
+3 * 6 0 0 0 0 0 0 0 0 6 1
+6 * 6 6 0 0 5
+7 * 6
+3 * 6 0 0 0 0 0 0 0 0 6 1
+6 * 5 5 0 0 4
+4 * 5
+3 * 5
+4 * 5
+4 * 5 5 0 1 2 0 1
+7 * 5 5 0 0 2
+4 * 5
+3 * 5
+3 * 5 0 0 0 0 0 0 0 0 5 2
+6 * 5
+3 * 5
+11 * 24
+3 * 24 0 24 0 0 24 0 0 20
+3 * 24
+4 * 24
+4 * 24
+3 * 24 0 0 0 0 0 0 0 0 24 1
-7 * 121
+4 * 121
+3 * 121 0 0 0 0 0 0 0 0 121 4
+2 * 145 145 0 0 22 0 0 22
+3 * 145
+2 * 145 0 0 0 0 0 0 0 0 145 23
+2 * 121
+3 * 121
+3 * 121 0 0 1 0 0 1 0 0 121 16
+32 * 2286
+3 * 2286
+4 * 2286
+2 * 2286 0 0 0 0 0 0 0 0 2286 222
-2 * 121
+2 * 121 0 0 0 0 0 0 0 0 121 52
+2 * 1090
+3 * 1090
+4 * 1090
+3 * 1090
+11 * 1090
+2 * 1090 0 0 0 0 0 0 0 0 1090 181
-2 * 2875
+2 * 2875 0 0 0 0 0 0 0 0 2875 305
+2 * 2996 0 2996 1 0 685 1 0 681
+3 * 2996
+3 * 2996 0 0 0 0 0 0 0 0 2996 129
+6 * 2875
+4 * 2875
fi=(4)
+12 79 5 5
fe=(78)
+8 296 5 5
fi=(4)
+3 79 5
+3 * 5
fe=(78)
+4 296 5 5
+4 * 5
+4 * 5 0 5
+4 * 5 0 5 1 0 0 1
+4 * 5 0 5
+4 * 5 0 5
+4 * 5
+3 * 5 0 0 0 0 0 0 0 0 5
-27 * 2 2
+4 * 2
+4 * 2 0 2
+4 * 2 0 2
+4 * 2 0 2
+4 * 2 0 2
+4 * 2
+3 * 2 0 0 0 0 0 0 0 0 2
+6 * 7 7 0 0 6
+4 * 7
+2 * 7
+3 * 7 0 0 0 0 0 0 0 0 7
+2 * 7
+4 * 7
+3 * 7
+4 * 7 7 0 0 1
+7 * 7 7
+4 * 7
+5 * 7 7 0 0 6 0 0 1
+7 * 7 0 0 1 0 0 1
+5 * 7
+4 * 7 0 7
+4 * 7
+3 * 7 0 0 0 0 0 0 0 0 7 6
+2 * 1 1 0 0 1
+4 * 1 0 1
+4 * 1 1
+8 * 1 0 0 0 0 0 0 0 0 1
-8 * 6 6
+8 * 6 0 0 0 0 0 0 0 0 6 4
+2 * 3 3
+7 * 3
+3 * 3 3
+4 * 3 3
+4 * 3 3 0 0 1
+4 * 3
+4 * 3 0 0 1 0 0 1
+4 * 3
+3 * 3
+4 * 3
+4 * 3
+4 * 3 0 3
+4 * 3
+3 * 3 0 0 0 0 0 0 0 0 3
+6 * 3
+3 * 3 0 0 0 0 0 0 0 0 3 2
+6 * 1
+5 * 1
+5 * 1 0 1
+4 * 1
+4 * 1 0 1
+4 * 1 0 1
+7 * 1
+4 * 1
+3 * 1 0 1
+6 * 1 0 1
+7 * 1
+3 * 1 1
fi=(5) /usr/src/debug/glibc/glibc/elf/do-rel.h
+5 49 1 1
+4 +4 1
+3 +27 1 1
+4 -32 1
+5 +1 1
+4 +1 1
+4 -1 1
+4 +4 1 1
+4 -3 1
+5 * 1
+4 +3 1 1
+4 -3 1
+5 * 1 0 1
+8 +3 1
+4 * 1
+4 +27 1
+3 * 1 0 0 0 0 0 0 0 0 1 1
fe=(78)
0xf83d 296 6 0 6 1 0 0 1
+7 * 6
+4 * 6
+3 * 6 0 6
+6 * 6 0 6
+7 * 6
+3 * 6 6
fi=(5)
+5 49 6 6
+4 +4 6
+3 +27 6 6
+4 -32 6
+5 +1 6
+4 +1 6
+4 -1 6
+4 +4 6 6
+4 -3 6 0 0 1 0 0 1
+5 * 6
+4 +3 6 6
+4 -3 6
+5 * 6 0 6
+8 +3 6
+4 * 6
+4 +27 6
+3 * 6 0 0 0 0 0 0 0 0 6 5
fe=(78)
-74 296 7 7 0 0 2
fi=(5)
+5 49 7 7
+4 +4 7
+3 +27 7 7
+4 -32 7
+5 +1 7
+4 +1 7
+4 -1 7
+4 +4 7 7
+4 -3 7
+5 * 7
+4 +3 7 7
+4 -3 7
+5 * 7 0 7
+8 +3 7
+4 * 7
+4 +27 7
+3 * 7 0 0 0 0 0 0 0 0 7 6
+6 +3 1
+3 * 1 0 0 0 0 0 0 0 0 1 1
+6 * 1 0 1
+7 * 1 1 0 1 0 0 1
+7 * 1
+3 * 1
+3 * 1
fi=(6)
+8 509 41 41
+3 * 41
+3 +4 41
+4 * 41 0 0 0 0 0 0 0 0 41
+2 +3 41 41
+7 * 41
+3 * 41 0 0 0 0 0 0 0 0 41
+6 +1 41 0 41 0 0 5 0 0 5
fi=(5)
+3 83 41
+4 * 41
+3 * 41 0 0 0 0 0 0 0 0 41 1
+6 +2 41 41 0 0 15 0 0 15
+4 * 41 0 0 1 0 0 1
+2 * 41
+3 * 41 0 0 0 0 0 0 0 0 41 4
0xfab0 -2 1 1 0 1 0 0 1
+7 * 1
+3 * 1
+3 +13 1
+3 * 1 0 0 1 0 0 1 0 0 1 1
fe=(78)
+91 296 11 0 0 1 0 0 1
+4 * 11
+4 * 11
+3 * 11 0 0 0 0 0 0 0 0 11 4
fi=(6)
+6 725 7 7
+6 * 7 7
+8 * 7
+3 * 7 7 0 1 0 0 1
+6 * 7
+2 * 7 0 0 0 0 0 0 0 0 7 1
+2 +4 6 6
+7 * 6 0 0 0 0 0 0 0 0 6
fe=(78)
+6 298 7
+2 * 7 0 0 0 0 0 0 0 0 7
+6 * 7
+3 * 7 0 0 0 0 0 0 0 0 7
+6 +23 7 0 7
+8 +3 7 7
+8 * 7 0 0 0 0 0 0 0 0 7
+6 +14 7
+4 * 7 7
+1 * 7 7 0 1 2 0 1
+2 * 7 7
+2 * 7 7
+2 * 7 7
+2 * 7 7
+1 * 7 7
fi=(5)
0xfc00 105 13 0 0 1 0 0 1
+7 * 13
+3 * 13 0 0 0 0 0 0 0 0 13 2
+2 +9 11
+3 * 11 0 0 0 0 0 0 0 0 11 8
+2 * 1
+4 * 1
fi=(6)
+11 493 1 1 0 0 1
+3 * 1
+4 * 1 0 0 0 0 0 0 0 0 1
-7 * 2 2 0 0 1 0 0 1
+3 * 2
+4 * 2 0 0 0 0 0 0 0 0 2
+2 +5 3
+4 * 3 0 0 0 0 0 0 0 0 3
+6 +1 3 3
+4 * 3 3
fi=(5)
+3 114 3
fi=(6)
+4 499 3
+3 * 3 0 3 0 0 2 0 0 2
fi=(5)
+4 114 3
+3 * 3 0 0 0 0 0 0 0 0 3 2
+2 +3 13 13 0 1 7 0 1
+7 * 13 0 13
+7 * 13
+3 * 13 0 0 0 0 0 0 0 0 13 2
+6 +3 11 11
+7 * 11 11 0 0 3
+4 * 11 0 11
+7 * 11 11
+8 * 11 0 0 1 0 0 1 0 0 11
+6 +2 11 11
+7 * 11 0 0 0 0 0 0 0 0 11 5
fe=(78)
+6 +68 6
fi=(5)
+4 73 6 0 6
fe=(78)
+11 190 6 0 6
fi=(6)
+7 431 6 0 6
+7 * 6 0 6
+11 * 6 0 6
+7 * 6 0 6 1 0 0 1
+7 * 6
+1 * 6
fi=(5)
+11 124 6 6 0 0 4 0 0 1
+4 * 6 6
+7 +1 6 6
+7 -1 6
+3 +5 6
+3 -5 6
+4 * 6 6 0 0 6 0 0 3
+4 +1 6
+4 * 6
+4 * 6 0 6
+4 +4 6
+4 * 6 0 0 1 0 0 1 0 0 6 1
-48 -5 4629 4629 0 0 1368 0 0 1367
+4 * 4629 4629
+7 +1 4629 4629
+7 -1 4629
+3 +5 4629
+3 -5 4629
+4 * 4629 4629 0 0 1531 0 0 244
+4 +1 4629
+4 * 4629
+4 * 4629 0 4629
+4 +4 4629
+4 * 4629 0 0 0 0 0 0 0 0 4629 8
+6 -2 4559
+5 -1 4559 4559
+7 * 4559 4559 0 0 1
+3 * 4559 0 4559
+4 +1 4559
+4 * 4559 4559
+7 -1 4559 0 4559
+7 +1 4559
fi=(6)
+4 262 4559
+4 * 4559 0 0 0 0 0 0 0 0 4559
+6 +7 4559
+4 * 4559 0 0 1 0 0 1 0 0 4559
+6 +4 4559
+3 * 4559 0 0 0 0 0 0 0 0 4559 6
fe=(78)
+6 170 4559 4559 0 0 2539 0 0 1799
+6 * 4559
+2 * 4559
+4 * 4559 0 0 0 0 0 0 0 0 4559 6
fi=(4)
+6 -18 4542 4542
+6 * 4542
+3 * 4542
fe=(78)
+3 +19 4542
+3 * 4542 0 0 0 0 0 0 0 0 4542
+6 +3 4542 4542 0 0 4
+7 * 4542 0 0 0 0 0 0 0 0 4542 931
+6 +8 2824 0 0 1 0 0 1
+4 * 2824 0 0 0 0 0 0 0 0 2824
+6 -8 2824
+6 * 2824
+7 * 2824 0 0 0 0 0 0 0 0 2824 4
+2 * 2820
+6 * 2820
+4 * 2820 0 0 0 0 0 0 0 0 2820 3
+2 * 2809
+3 * 2809
+4 * 2809
+4 +12 2809 2809
+4 * 2809 2809
+4 -3 2809 0 2809
+7 +1 2809 0 2809 1 0 0 1
+7 +2 2809 2809
+4 * 2809
+2 * 2809 2809
+8 * 2809 0 0 0 0 0 0 0 0 2809 2
-36 * 15 15
+4 * 15 15
+4 -3 15 0 15
+7 +1 15 0 15
+7 +2 15 15
+4 * 15
+2 * 15 15
+8 * 15 0 0 0 0 0 0 0 0 15 2
+5 * 2824
+3 +1 2824
+3 -1 2824
+3 +2 2824
+3 * 2824 0 0 0 0 0 0 0 0 2824
+2 -1 2824 2824 0 0 122
+4 * 2824
+3 * 2824
+4 * 2824 0 2824
+7 +3 2824 2824
+7 * 2824 0 0 1 0 0 1
+4 * 2824
+3 * 2824 0 2824
+2 * 2824 0 2824
+2 * 2824 0 2824
cfi=(79)
cfn=(296)
calls=2824 0xb780 769 
* * 2064414 532022 199344 89 9797 10 87 4142 5 299979 11829 541 292
+5 +3 2824 2824
+4 +1 2824 2824
+7 * 2824
+5 -4 2824
+3 +4 2824
+5 * 2824
+4 * 2824 0 2824 0 0 2
+8 * 2824 2824
+1 * 2824 2824
fi=(6)
+2 +88 2824
+3 * 2824
+3 * 2824 0 0 0 0 0 0 0 0 2824 2
-6 * 1718
+3 * 1718
+3 * 1718 0 0 0 0 0 0 0 0 1718
+2 +3 4522 4522 0 1 0 0 1
+4 -3 4522 4522
+4 * 4522 4522
+4 * 4522
+3 * 4522
+4 * 4522 0 0 0 0 0 0 0 0 4522
-15 * 17 17
+4 * 17 17
+4 * 17
+3 * 17
+4 * 17 0 0 0 0 0 0 0 0 17
+6 * 4539 4539 0 0 17
+3 +4 4539
+2 * 4539 0 0 0 0 0 0 0 0 4539 36
+2 * 29
+3 * 29 0 0 0 0 0 0 0 0 29 2
+6 +26 4530
+4 * 4530 0 0 0 0 0 0 0 0 4530
+6 * 4559
+7 * 4559 4559 0 0 5 0 0 2
+4 * 4559
+3 * 4559 0 0 1 0 0 1 0 0 0 0 4559 781
+8 418 2789 2789 0 0 364 0 0 364
+4 * 2789 2789
+7 * 2789 0 2789 0 0 852 0 0 359
fi=(5)
+3 141 2789 2789
+3 * 2789
+4 * 2789 0 0 0 0 0 0 0 0 2789 1
fi=(6)
-17 418 1736 1736
+7 * 1736 0 1736 0 0 529 0 0 212
fi=(5)
+3 141 1736 1736
+3 * 1736
+4 * 1736 0 0 0 0 0 0 0 0 1736
-7 * 11 11
+3 * 11
+4 * 11 0 0 0 0 0 0 0 0 11
-4 * 23
+4 * 23 0 0 0 0 0 0 0 0 23
+6 -19 4635
+4 * 4635 4635
+7 * 4635 0 0 0 0 0 0 0 0 4635 36
+6 +33 6 6
+7 * 6 6 0 1 0 0 1
+7 * 6 6
+7 * 6 6
+7 * 6
+3 * 6 0 0 0 0 0 0 0 0 6 3
+6 +1 3 3
+7 * 3
+3 * 3 0 0 0 0 0 0 0 0 3
+6 * 3 0 3
+7 * 3
+3 * 3
+3 * 3
+3 * 3 0 3
+7 * 3 0 0 1 0 0 1
+3 * 3
+42 +1 76 76
+4 * 76
+3 * 76 0 0 0 0 0 0 0 0 76
+2 +3 76 76
+7 * 76 0 0 1 0 0 1
+4 +4 76 76
+3 -2 76 76
+7 +1 76 76
+8 -3 76 76
+4 +2 76
+4 * 76
+4 * 76 0 76
fe=(78)
+4 +8 76 76 0 0 2 0 0 1
+5 * 76
+2 * 76
+3 * 76 0 0 0 0 0 0 0 0 76 21
fi=(6)
0x10040 282 76 76 0 1 0 0 1
+4 * 76 76
+4 * 76
+3 * 76
+4 * 76 0 0 0 0 0 0 0 0 76
+6 +4 76
+3 * 76 0 0 0 0 0 0 0 0 76 12
+11 471 76 76 0 0 1
+4 * 76 76
+4 +1 76 76
+7 * 76 0 0 0 0 0 0 0 0 76 2
+2 +1 76 0 76 0 0 0 0 0 0 0 0 76 76
cfi=(15)
cfn=(596)
calls=1 0x19250 76 
* * 6 2 0 1 0 0 1 0 0 1
cob=(3)
cfi=(170) /usr/src/debug/glibc/glibc/math/../sysdeps/x86_64/fpu/multiarch/s_cosf.c
cfn=(570) cosf
calls=1 0x704b0 28 
* * 10 4 0 2 0 0 2 0 0 1
cob=(3)
cfi=(169) /usr/src/debug/glibc/glibc/math/../sysdeps/x86_64/fpu/multiarch/e_exp.c
cfn=(566) __exp_finite@GLIBC_2.15
calls=1 0x53c10 29 
* * 9 4 0 2 0 0 2 0 0 2 1
cob=(3)
cfi=(168) /usr/src/debug/glibc/glibc/math/../sysdeps/x86_64/fpu/multiarch/e_expf.c
cfn=(562) expf@@GLIBC_2.27
calls=2 0x6b250 29 
* * 20 8 0 2 0 0 2 0 0 2
cob=(3)
cfi=(145) /usr/src/debug/glibc/glibc/math/../sysdeps/x86_64/fpu/multiarch/s_sin.c
cfn=(558) cos
calls=1 0x5ed30 36 
* * 9 4 0 1 0 0 1 0 0 2 1
cob=(3)
cfi=(167) /usr/src/debug/glibc/glibc/math/../sysdeps/x86_64/fpu/multiarch/e_logf.c
cfn=(554) logf@@GLIBC_2.27
calls=1 0x6f5a0 29 
* * 10 4 0 2 0 0 2 0 0 1
cob=(3)
cfi=(166) /usr/src/debug/glibc/glibc/math/../sysdeps/x86_64/fpu/multiarch/s_tan.c
cfn=(550) tan
calls=1 0x602c0 28 
* * 9 4 0 2 0 0 2 0 0 2 1
cob=(3)
cfi=(165) /usr/src/debug/glibc/glibc/math/../sysdeps/x86_64/fpu/multiarch/e_log2.c
cfn=(546) log2@@GLIBC_2.29
calls=1 0x582f0 29 
* * 10 4 0 2 0 0 2 0 0 1
cob=(3)
cfi=(164) /usr/src/debug/glibc/glibc/math/../sysdeps/x86_64/fpu/multiarch/s_sincosf.c
cfn=(542) sincosf
calls=1 0x72310 28 
* * 10 4 0 1 0 0 1 0 0 1
cob=(3)
cfi=(163) /usr/src/debug/glibc/glibc/math/../sysdeps/x86_64/fpu/multiarch/e_powf.c
cfn=(538) powf@@GLIBC_2.27
calls=1 0x6f9c0 32 
* * 10 4 0 1 0 0 1 0 0 1
cob=(3)
cfi=(162) /usr/src/debug/glibc/glibc/math/../sysdeps/x86_64/fpu/multiarch/e_pow.c
cfn=(534) __pow_finite@GLIBC_2.15
calls=1 0x58db0 29 
* * 8 4 0 2 0 0 2 0 0 2 2
cob=(3)
cfi=(161) /usr/src/debug/glibc/glibc/math/../sysdeps/x86_64/fpu/multiarch/e_log2f.c
cfn=(530) log2f@@GLIBC_2.27
calls=1 0x6f440 29 
* * 10 4 0 1 0 0 1 0 0 1
cob=(3)
cfi=(160) /usr/src/debug/glibc/glibc/math/../sysdeps/x86_64/fpu/multiarch/s_log1p.c
cfn=(526) __log1p
calls=1 0x5cf70 28 
* * 10 4 0 2 0 0 2 0 0 1
cob=(3)
cfi=(159) /usr/src/debug/glibc/glibc/math/../sysdeps/x86_64/fpu/multiarch/e_log.c
cfn=(522) __log_finite@GLIBC_2.15
calls=1 0x585f0 29 
* * 9 4 0 2 0 0 2 0 0 2 1
cob=(3)
cfi=(158) /usr/src/debug/glibc/glibc/math/../sysdeps/x86_64/fpu/multiarch/s_atan.c
cfn=(518) atan
calls=1 0x5a690 28 
* * 9 4 0 2 0 0 2 0 0 2 1
cob=(3)
cfi=(154) /usr/src/debug/glibc/glibc/math/../sysdeps/x86_64/fpu/multiarch/e_asin.c
cfn=(514) __acos_finite@GLIBC_2.15
calls=1 0x52790 37 
* * 8 4 0 1 0 0 1 0 0 2 1
cob=(3)
cfi=(157) /usr/src/debug/glibc/glibc/math/../sysdeps/x86_64/fpu/multiarch/s_sinf.c
cfn=(510) sinf
calls=1 0x722d0 28 
* * 10 4 0 2 0 0 2 0 0 1
cob=(3)
cfi=(156) /usr/src/debug/glibc/glibc/math/../sysdeps/x86_64/fpu/multiarch/s_fma.c
cfn=(508) fma
calls=1 0x5c310 49 
* * 6 3 0 2 0 0 2 0 0 1 1
cob=(3)
cfi=(155) /usr/src/debug/glibc/glibc/math/../sysdeps/x86_64/fpu/multiarch/s_roundeven.c
cfn=(506) roundeven
calls=1 0x5d820 32 
* * 7 3 0 2 0 0 2
cob=(3)
cfi=(154)
cfn=(502) __asin_finite@GLIBC_2.15
calls=1 0x52750 29 
* * 8 4 0 2 0 0 2 0 0 2 2
cob=(3)
cfi=(153) /usr/src/debug/glibc/glibc/math/../sysdeps/x86_64/fpu/multiarch/s_expm1.c
cfn=(498) expm1
calls=1 0x5b7d0 28 
* * 10 4 0 2 0 0 2 0 0 1
cob=(3)
cfi=(152) /usr/src/debug/glibc/glibc/math/../sysdeps/x86_64/fpu/multiarch/e_exp2f.c
cfn=(494) exp2f@@GLIBC_2.27
calls=1 0x61310 29 
* * 10 4 0 2 0 0 2 0 0 1
cob=(3)
cfi=(151) /usr/src/debug/glibc/glibc/math/../sysdeps/x86_64/fpu/multiarch/e_sinh.c
cfn=(490) __sinh_finite@GLIBC_2.15
calls=1 0x594f0 28 
* * 10 4 0 2 0 0 2 0 0 1
cob=(3)
cfi=(149) /usr/src/debug/glibc/glibc/math/../sysdeps/x86_64/fpu/multiarch/e_atanh.c
cfn=(486) __atanh_finite@GLIBC_2.15
calls=1 0x53630 28 
* * 10 4 0 2 0 0 2 0 0 1
cob=(3)
cfi=(148) /usr/src/debug/glibc/glibc/math/../sysdeps/x86_64/fpu/multiarch/s_roundevenf.c
cfn=(484) roundevenf
calls=1 0x720d0 32 
* * 7 3 0 1 0 0 1
cob=(3)
cfi=(147) /usr/src/debug/glibc/glibc/math/../sysdeps/x86_64/fpu/multiarch/e_atan2.c
cfn=(480) __atan2_finite@GLIBC_2.15
calls=1 0x534b0 28 
* * 9 4 0 2 0 0 2 0 0 2 1
cob=(3)
cfi=(145)
cfn=(476) sin
calls=1 0x5ece0 29 
* * 9 4 0 2 0 0 2 0 0 2 1
cob=(3)
cfi=(144) /usr/src/debug/glibc/glibc/math/../sysdeps/x86_64/fpu/multiarch/s_fmaf.c
cfn=(474) fmaf
calls=1 0x70e60 44 
* * 6 3 0 2 0 0 2 0 0 1 1
cob=(3)
cfi=(142) /usr/src/debug/glibc/glibc/math/../sysdeps/x86_64/fpu/multiarch/s_sincos.c
cfn=(470) sincos
calls=1 0x5f780 28 
* * 8 4 0 1 0 0 1 0 0 2 1
cob=(2)
cfi=(140) /usr/src/debug/glibc/glibc/string/../sysdeps/x86_64/multiarch/strspn.c
cfn=(462) strspn
calls=1 0xaf370 29 
* * 7 3 0 2 0 0 2
cob=(2)
cfi=(138) /usr/src/debug/glibc/glibc/string/../sysdeps/x86_64/multiarch/memchr.c
cfn=(458) memchr
calls=1 0xab4f0 29 
* * 21 4 0 2 0 0 2 0 0 4
cob=(2)
cfi=(137) /usr/src/debug/glibc/glibc/string/../sysdeps/x86_64/multiarch/memmove.c
cfn=(454) memmove
calls=1 0xabf40 29 
* * 22 4 0 4 0 0 4 0 0 6 3
cob=(2)
cfi=(136) /usr/src/debug/glibc/glibc/string/../sysdeps/x86_64/multiarch/strncpy.c
cfn=(450) strncpy
calls=1 0xaf000 29 
* * 21 4 0 2 0 0 2 0 0 4 1
cob=(2)
cfi=(135) /usr/src/debug/glibc/glibc/string/../sysdeps/x86_64/multiarch/strlen.c
cfn=(446) strlen
calls=1 0xaed40 29 
* * 25 5 0 2 0 0 2 0 0 5
cob=(2)
cfi=(134) /usr/src/debug/glibc/glibc/string/../sysdeps/x86_64/multiarch/strcasecmp_l.c
cfn=(442) strcasecmp_l
calls=1 0xac530 31 
* * 22 6 0 2 0 0 2 0 0 5 1
cob=(2)
cfi=(133) /usr/src/debug/glibc/glibc/string/../sysdeps/x86_64/multiarch/strcpy.c
cfn=(438) strcpy
calls=1 0xae1f0 29 
* * 19 4 0 2 0 0 2 0 0 5 1
cob=(2)
cfi=(131) /usr/src/debug/glibc/glibc/string/../sysdeps/x86_64/multiarch/memcmp.c
cfn=(434) bcmp
calls=1 0xab570 29 
* * 25 5 0 3 0 0 3 0 0 5 1
cob=(2)
cfi=(130) /usr/src/debug/glibc/glibc/string/../sysdeps/x86_64/multiarch/strchrnul.c
cfn=(430) strchrnul
calls=1 0xad100 31 
* * 25 5 0 2 0 0 2 0 0 5 1
cob=(2)
cfi=(129) /usr/src/debug/glibc/glibc/string/../sysdeps/x86_64/multiarch/strncase_l.c
cfn=(426) strncasecmp_l
calls=1 0xaee60 31 
* * 22 6 0 2 0 0 2 0 0 5 1
cob=(2)
cfi=(128) /usr/src/debug/glibc/glibc/wcsmbs/../sysdeps/x86_64/multiarch/wcscpy.c
cfn=(424) wcscpy
calls=1 0xc38e0 60 
* * 17 4 0 3 0 0 3 0 0 4 1
cob=(2)
cfi=(127) /usr/src/debug/glibc/glibc/string/../sysdeps/x86_64/multiarch/strcspn.c
cfn=(422) strcspn
calls=1 0xae260 29 
* * 7 3 0 2 0 0 2
cob=(2)
cfi=(121) /usr/src/debug/glibc/glibc/string/../sysdeps/x86_64/multiarch/stpncpy.c
cfn=(416) strcasecmp
calls=1 0xac490 31 
* * 22 6 0 2 0 0 2 0 0 5 1
cob=(2)
cfi=(125) /usr/src/debug/glibc/glibc/string/../sysdeps/x86_64/multiarch/strncmp.c
cfn=(414) strncmp
calls=1 0xaef60 67 
* * 22 6 0 3 0 0 3 0 0 5 2
cob=(2)
cfi=(123) /usr/src/debug/glibc/glibc/wcsmbs/../sysdeps/x86_64/multiarch/wmemchr.c
cfn=(410) wmemchr
calls=2 0xd0be0 31 
* * 42 8 0 2 0 0 2 0 0 8
cob=(2)
cfi=(121)
cfn=(406) stpncpy
calls=1 0xac430 31 
* * 21 4 0 2 0 0 2 0 0 4 1
cob=(2)
cfi=(120) /usr/src/debug/glibc/glibc/wcsmbs/../sysdeps/x86_64/multiarch/wcscmp.c
cfn=(402) wcscmp
calls=1 0xc29c0 30 
* * 25 5 0 2 0 0 2 0 0 5
cob=(2)
cfi=(119) /usr/src/debug/glibc/glibc/string/../sysdeps/x86_64/multiarch/strrchr.c
cfn=(398) rindex
calls=1 0xaf170 28 
* * 25 5 0 2 0 0 2 0 0 5 1
cob=(2)
cfi=(118) /usr/src/debug/glibc/glibc/string/../sysdeps/x86_64/multiarch/strchr.c
cfn=(396) index
calls=1 0xad080 65 
* * 21 4 0 2 0 0 2 0 0 5 1
cob=(2)
cfi=(116) /usr/src/debug/glibc/glibc/wcsmbs/../sysdeps/x86_64/multiarch/wcschr.c
cfn=(392) wcschr
calls=2 0xc2920 31 
* * 50 10 0 2 0 0 2 0 0 10
cob=(2)
cfi=(115) /usr/src/debug/glibc/glibc/string/../sysdeps/x86_64/multiarch/memrchr.c
cfn=(388) memrchr
calls=1 0xac160 29 
* * 25 5 0 2 0 0 2 0 0 5
cob=(2)
cfi=(114) /usr/src/debug/glibc/glibc/string/../sysdeps/x86_64/multiarch/strcmp.c
cfn=(386) strcmp
calls=1 0xad180 79 
* * 20 6 0 3 0 0 3 0 0 5 2
cob=(2)
cfi=(113) /usr/src/debug/glibc/glibc/string/../sysdeps/x86_64/multiarch/strpbrk.c
cfn=(384) strpbrk
calls=1 0xaf140 29 
* * 7 3 0 1 0 0 1
cob=(2)
cfi=(111) /usr/src/debug/glibc/glibc/string/../sysdeps/x86_64/multiarch/strnlen.c
cfn=(380) strnlen
calls=2 0xaf0c0 31 
* * 50 10 0 2 1 0 2 0 0 10 2
cob=(2)
cfi=(110) /usr/src/debug/glibc/glibc/wcsmbs/../sysdeps/x86_64/multiarch/wcsnlen.c
cfn=(376) wcsnlen
calls=1 0xc4430 30 
* * 20 6 0 2 0 0 2 0 0 5 1
cob=(2)
cfi=(108) /usr/src/debug/glibc/glibc/string/../sysdeps/x86_64/multiarch/memset.c
cfn=(372) memset
calls=1 0xac1e0 29 
* * 23 4 0 5 0 0 5 0 0 7 2
cob=(2)
cfi=(106) /usr/src/debug/glibc/glibc/wcsmbs/../sysdeps/x86_64/multiarch/wcslen.c
cfn=(368) wcslen
calls=1 0xc3b00 29 
* * 20 6 0 2 0 0 2 0 0 5 1
cob=(2)
cfi=(105) /usr/src/debug/glibc/glibc/debug/../sysdeps/x86_64/multiarch/mempcpy_chk.c
cfn=(364) __mempcpy_chk
calls=1 0x126d90 29 
* * 22 4 0 4 0 0 4 0 0 6 3
cob=(2)
cfi=(104) /usr/src/debug/glibc/glibc/debug/../sysdeps/x86_64/multiarch/memcpy_chk.c
cfn=(360) __memcpy_chk
calls=1 0x126b70 29 
* * 22 4 0 4 0 0 4 0 0 6 3
cob=(2)
cfi=(103) /usr/src/debug/glibc/glibc/wcsmbs/../sysdeps/x86_64/multiarch/wcsncpy.c
cfn=(356) wcsncpy
calls=1 0xc43c0 31 
* * 18 4 0 2 0 0 2 0 0 3 1
cob=(2)
cfi=(102) /usr/src/debug/glibc/glibc/string/../sysdeps/x86_64/multiarch/memcpy.c
cfn=(352) memcpy@@GLIBC_2.14
calls=1 0xab660 29 
* * 22 4 0 4 0 0 4 0 0 6 3
cob=(2)
cfi=(100) /usr/src/debug/glibc/glibc/debug/../sysdeps/x86_64/multiarch/memset_chk.c
cfn=(348) __memset_chk
calls=1 0x126ea0 29 
* * 23 4 0 5 0 0 5 0 0 7 1
cob=(2)
cfi=(99) /usr/src/debug/glibc/glibc/string/../sysdeps/x86_64/multiarch/strcat.c
cfn=(344) strcat
calls=1 0xad010 29 
* * 19 4 0 2 0 0 2 0 0 5 1
cob=(2)
cfi=(97) /usr/src/debug/glibc/glibc/wcsmbs/../sysdeps/x86_64/multiarch/wmemset.c
cfn=(340) wmemset
calls=2 0xd0d10 31 
* * 20 8 0 2 0 0 2 0 0 4 2
cob=(2)
cfi=(96) /usr/src/debug/glibc/glibc/wcsmbs/../sysdeps/x86_64/multiarch/wcscat.c
cfn=(336) wcscat
calls=1 0xc28b0 31 
* * 18 4 0 3 0 0 3 0 0 3 1
cob=(2)
cfi=(94) /usr/src/debug/glibc/glibc/wcsmbs/../sysdeps/x86_64/multiarch/wmemcmp.c
cfn=(332) wmemcmp
calls=1 0xd0c60 29 
* * 25 5 0 3 0 0 3 0 0 5 1
cob=(2)
cfi=(92) /usr/src/debug/glibc/glibc/debug/../sysdeps/x86_64/multiarch/memmove_chk.c
cfn=(328) __memmove_chk
calls=1 0x126c80 29 
* * 22 4 0 4 0 0 4 0 0 6 4
cob=(2)
cfi=(90) /usr/src/debug/glibc/glibc/string/../sysdeps/x86_64/multiarch/stpcpy.c
cfn=(324) stpcpy
calls=1 0xac3c0 33 
* * 19 4 0 2 0 0 2 0 0 5
cob=(2)
cfi=(88) /usr/src/debug/glibc/glibc/wcsmbs/../sysdeps/x86_64/multiarch/wcpncpy.c
cfn=(320) wcpncpy
calls=1 0xc2510 31 
* * 18 4 0 2 0 0 2 0 0 3 1
cob=(2)
cfi=(86) /usr/src/debug/glibc/glibc/string/../sysdeps/x86_64/multiarch/mempcpy.c
cfn=(316) mempcpy
calls=1 0xac050 33 
* * 22 4 0 4 0 0 4 0 0 6 2
cob=(2)
cfi=(84) /usr/src/debug/glibc/glibc/string/../sysdeps/x86_64/multiarch/strncase.c
cfn=(312) strncasecmp
calls=1 0xaedc0 31 
* * 22 6 0 3 1 0 3 0 0 5 1
cob=(2)
cfi=(82) /usr/src/debug/glibc/glibc/string/../sysdeps/x86/cacheinfo.c
cfn=(308) __x86_cacheinfo
calls=1 0xc0750 86 
* * 30 10 9 3 2 2 3 0 2 3 1
fi=(5)
+2 156 76
fi=(6)
+4 474 76 0 76 0 0 5 0 0 3
fi=(5)
+4 156 76 0 0 1 0 0 1
+3 * 76 0 0 0 0 0 0 0 0 76 24
+6 * 3 3
fe=(78)
+7 296 3
+4 * 3
+3 * 3
+4 * 3
+3 * 3 0 0 0 0 0 0 0 0 3
fi=(5)
+6 51 7 7
fi=(4)
+3 +28 7 7
+8 * 7
fi=(6)
0x102b0 347 2 2 0 1 0 0 1
+4 * 2
+3 * 2 0 0 0 0 0 0 0 0 2
+6 +11 2 2
+7 -9 2 2
+4 * 2 2
+4 +9 2 0 2 0 0 1
fi=(5)
+3 141 2 2
+3 * 2
fi=(6)
+14 341 4 0 0 1 0 0 1
+3 * 4 0 0 0 0 0 0 0 0 4
+6 +1 4 4 0 0 3
+7 * 4 4
+7 * 4 0 4 0 0 2 0 0 2
fi=(5)
+3 141 4 4
+3 * 4 0 0 1 0 0 1
fi=(6)
0x10380 395 17 17 0 1 0 0 1
+4 * 17
+3 * 17 0 0 0 0 0 0 0 0 17 2
+6 +2 17 17
+7 * 17
+4 * 17
+4 * 17 0 0 0 0 0 0 0 0 17 1
+6 +4 17 17
+4 +9 17 17
+7 -9 17
+3 * 17 17 0 0 2 0 0 2
+4 +9 17 0 17 0 0 6 0 0 6
fi=(5)
+3 141 17 17
+3 * 17
fi=(6)
+6 455 11 11 0 1 0 0 1
+4 * 11
+3 * 11 0 0 0 0 0 0 0 0 11
+6 +5 11 11
+5 * 11 11 0 0 1 0 0 1
+4 -1 11
+3 * 11 0 11
+7 * 11 11
+7 +1 11
+3 * 11
+4 -1 11 0 11
cfi=(29)
cfn=(82)
calls=11 0x25cc0 210 
* * 293 90 79 5 25 17 3 5 17 42 8
+6 +2 11 11
+4 * 11 11
+5 * 11 11
+7 * 11
+3 * 11 0 0 0 0 0 0 0 0 11 1
+2 +1 11
+3 * 11 0 0 0 0 0 0 0 0 11 5
+36 +3 17 0 0 1 0 0 1
+3 282 17
+3 * 17
fi=(5)
+10 132 76 76 0 1 0 0 1
+7 +1 76 0 76
+7 -1 76
+3 * 76
+4 * 76 0 76
+7 +2 76
fi=(6)
0x104d0 287 29 29 0 1 0 0 1
+7 * 29 0 0 0 0 0 0 0 0 29
+6 +3 29
+3 * 29 0 0 0 0 0 0 0 0 29
+6 +1 29 29
+8 * 29
+2 * 29 0 0 0 0 0 0 0 0 29
0x1056f +11 29 0 29 1 0 0 1
+7 * 29 0 29
+7 +7 29 0 29 0 0 0 0 0 0 0 0 29 29
cob=(2)
cfi=(97)
cfn=(340)
calls=1 0xd0d10 31 
* * 10 4 0 0 0 0 0 0 0 2 1
cob=(2)
cfi=(92)
cfn=(328)
calls=1 0x126c80 29 
* * 22 4 0 1 0 0 0 0 0 6 3
cob=(2)
cfi=(120)
cfn=(402)
calls=1 0xc29c0 30 
* * 25 5 0 0 3 0 0 0 0 5
cob=(2)
cfi=(136)
cfn=(450)
calls=1 0xaf000 29 
* * 21 4 0 0 0 0 0 0 0 4
cob=(2)
cfi=(131)
cfn=(434)
calls=1 0xab570 29 
* * 25 5 0 0 1 0 0 0 0 5 1
cob=(2)
cfi=(114)
cfn=(386)
calls=1 0xad180 79 
* * 20 6 0 0 3 0 0 0 0 5 1
cob=(2)
cfi=(118)
cfn=(396)
calls=1 0xad080 65 
* * 21 4 0 0 0 0 0 0 0 5 2
cob=(2)
cfi=(140)
cfn=(462)
calls=1 0xaf370 29 
* * 7 3 0 0 1
cob=(2)
cfi=(172) /usr/src/debug/glibc/glibc/string/../sysdeps/x86_64/multiarch/strstr.c
cfn=(582) strstr
calls=1 0xafc70 44 
* * 7 3 0 2 2 0 2
cob=(2)
cfi=(123)
cfn=(410)
calls=1 0xd0be0 31 
* * 21 4 0 0 0 0 0 0 0 4 2
cob=(2)
cfi=(104)
cfn=(360)
calls=1 0x126b70 29 
* * 22 4 0 0 1 0 0 0 0 6 3
cob=(2)
cfi=(125)
cfn=(414)
calls=1 0xaef60 67 
* * 22 6 0 0 0 0 0 0 0 5 1
cob=(2)
cfi=(171) /usr/src/debug/glibc/glibc/time/../sysdeps/unix/sysv/linux/gettimeofday.c
cfn=(580) gettimeofday
calls=1 0xd70f0 41 
* * 7 3 0 2 1 0 2
cob=(2)
cfi=(94)
cfn=(332)
calls=1 0xd0c60 29 
* * 25 5 0 0 0 0 0 0 0 5 2
cob=(2)
cfi=(138)
cfn=(458)
calls=1 0xab4f0 29 
* * 21 4 0 0 0 0 0 0 0 4 1
cob=(2)
cfi=(106)
cfn=(368)
calls=1 0xc3b00 29 
* * 20 6 0 0 0 0 0 0 0 5 1
cob=(2)
cfi=(100)
cfn=(348)
calls=2 0x126ea0 29 
* * 46 8 0 0 0 0 0 0 0 14 4
cob=(2)
cfi=(137)
cfn=(454)
calls=3 0xabf40 29 
* * 66 12 0 0 0 0 0 0 0 18 6
cob=(2)
cfi=(102)
cfn=(352)
calls=3 0xab660 29 
* * 66 12 0 0 0 0 0 0 0 18 7
cob=(2)
cfi=(108)
cfn=(372)
calls=2 0xac1e0 29 
* * 46 8 0 0 3 0 0 0 0 14 5
cob=(2)
cfi=(135)
cfn=(446)
calls=3 0xaed40 29 
* * 75 15 0 0 4 0 0 0 0 15 2
+3 * 29 29
+7 * 29 29
+7 * 29
+3 +3 29
+4 * 29 0 0 0 0 0 0 0 0 29 12
fe=(78)
+27 175 1718 1718 0 1 0 0 1
+7 * 1718
+4 * 1718 0 0 1 0 0 1 0 0 1718
+6 * 1718
+7 * 1718 0 0 0 0 0 0 0 0 1718 3
+6 * 1716
+4 * 1716 0 0 0 0 0 0 0 0 1716
+6 * 1716
+4 * 1716 0 0 0 0 0 0 0 0 1716
+6 * 1716
+3 * 1716
+2 * 1716 0 0 0 0 0 0 0 0 1716
+6 +3 1718 1718
+7 -1 1718 0 1718
+8 +19 1718 1718
+7 -18 1718 0 1718
+4 * 1718
+9 296 2 0 0 1 0 0 1
+3 * 2 0 0 0 0 0 0 0 0 2 2
+6 * 2
+3 * 2 0 2
+4 * 2
0x10770 * 121 0 0 1 0 0 1
+7 * 121
+9 * 76 0 0 1 0 0 1
fi=(6)
+5 -14 76
+3 * 76
fe=(78)
+24 175 2
+6 * 2
+3 * 2 0 0 0 0 0 0 0 0 2
+6 * 2
fi=(5)
+25 73 2 0 2 1 0 0 1
+11 +98 2 2
+7 * 2 0 0 0 0 0 0 0 0 2 1
fe=(78)
+6 +19 1
+4 * 1 0 1
+7 * 1 0 1
+7 * 1 0 1
+7 * 1 0 1
fi=(5)
+7 -17 1 1 0 1 1 0 1 1
+4 * 1 1
+7 * 1
+3 +3 1
+3 -3 1
+4 * 1
+4 * 1
+4 * 1 0 1
+4 +3 1
+4 * 1 0 0 0 0 0 0 0 0 1
-37 -3 5 5 0 0 2 0 0 2
+4 * 5 5
+7 * 5
+3 +3 5
+3 -3 5
+4 * 5
+4 * 5
+4 * 5 0 5
+4 +3 5
+4 * 5 0 0 0 0 0 0 0 0 5
+6 -2 6 6
+7 * 6 6
+3 +10 6 0 6
fi=(6)
+4 +78 6
+4 * 6 0 0 1 0 0 1 0 0 6
+6 +7 6
+4 * 6 0 0 0 0 0 0 0 0 6
+6 +4 6
+3 * 6 0 0 0 0 0 0 0 0 6
fe=(78)
+6 170 6 6 0 0 3 0 0 3
+6 * 6
+2 * 6
+4 * 6 0 0 0 0 0 0 0 0 6
fi=(4)
+6 -18 6 6
+6 * 6
+3 * 6
fe=(78)
+3 +19 6
+3 * 6 0 0 0 0 0 0 0 0 6
+6 +3 6 6 0 1 1 0 1
+7 * 6 0 0 0 0 0 0 0 0 6
+6 +8 6
+4 * 6 0 0 0 0 0 0 0 0 6
+6 -8 6
+6 * 6
+7 * 6 0 0 0 0 0 0 0 0 6
+2 * 6
+6 * 6
+4 * 6 0 0 0 0 0 0 0 0 6
+2 * 6
+3 * 6
+4 * 6
+4 +12 6 6
+4 * 6 6 0 1 0 0 1
+4 -3 6 0 6
+7 +1 6 0 6
+7 +2 6 6
+4 * 6
+2 * 6 6
+8 * 6 0 0 0 0 0 0 0 0 6 2
+5 * 6 0 6
+7 * 6
+3 +4 6
+3 * 6
+3 * 6 0 6
+2 * 6 6
+7 * 6
+4 -4 6 0 0 1 0 0 1
+3 +4 6 0 6
+2 * 6 0 6
cfi=(79)
cfn=(296)
calls=6 0xb780 769 
* * 3736 1065 416 0 30 0 0 4 0 577 42 1 1
+5 +3 6 6
+4 +1 6 6
+7 * 6
+5 -4 6
+3 +4 6
+5 * 6
+4 * 6 0 6
+8 * 6 6
+1 * 6 6
fi=(6)
+1 +88 6
+3 * 6
+3 * 6 0 0 0 0 0 0 0 0 6 2
+2 +3 3 3
+4 -3 3 3
+4 * 3 3 0 1 0 0 1
+4 * 3
+3 * 3
+4 * 3 0 0 0 0 0 0 0 0 3
+6 * 3 3
+3 +4 3
+2 * 3 0 0 0 0 0 0 0 0 3 2
+11 +26 6
+4 * 6 0 0 0 0 0 0 0 0 6
+6 * 6
+7 * 6 6 0 0 1 0 0 1
+4 * 6
+3 * 6 0 0 0 0 0 0 0 0 0 0 6 1
+7 418 6 0 6 1 0 1 1 0 1
fi=(5)
+3 187 6 6
+3 * 6
+4 * 6 0 0 0 0 0 0 0 0 6
+6 -16 6
+4 * 6 6
+7 * 6 0 0 0 0 0 0 0 0 6 5
+6 +31 1 1
+7 * 1 1
+7 * 1 1
+7 * 1 1
+7 * 1
+3 * 1 0 0 1 0 0 1 0 0 1 1
fe=(78)
0x11047 +48 5 0 0 1 0 0 1
+2 * 5 0 0 0 0 0 0 0 0 5
+6 +7 5 5 0 0 1
+7 * 5 0 5
+7 * 5
+3 * 5 0 0 0 0 0 0 0 0 5
+6 -9 5
+3 * 5

fl=(24) /usr/src/debug/glibc/glibc/elf/../sysdeps/nptl/dl-tls_init_tp.c
fn=(68) __tls_pre_init_tp
0x13f30 54 1 0 0 1 0 0 1
+4 * 1
+7 * 1
+4 * 1 0 0 1 0 0 1
+4 +3 1
+5 * 1
+5 * 1
+5 * 1
+4 * 1
+4 * 1
+4 * 1 0 1 0 0 1 0 0 1
+3 * 1 0 1
+4 * 1 0 1
+4 +5 1
+7 * 1 0 1
+7 +1 1 0 1
+7 +2 1 1

fn=(278) __tls_init_tp
0x13f80 69 1 0 0 1 0 0 1
+4 * 1 0 1
fi=(375) /usr/src/debug/glibc/glibc/elf/../include/list.h
+1 -25 1
fe=(24)
+7 +25 1
+3 * 1
fi=(375)
+4 -26 1 1
fe=(24)
+7 +27 1 1
+9 +3 1
fi=(375)
+7 -30 1 0 1
+7 +1 1 0 1
+7 +1 1 0 1
+4 +2 1 0 1 1 0 0 1
fe=(24)
+7 +29 1
+7 * 1
+5 * 1
+2 * 1 0 1
+6 +1 1
+7 * 1 0 1
+9 +1 1 0 1
+12 +5 1 1
+7 * 1 0 1 1 0 0 1
+8 +5 1
+7 +6 1
+5 -3 1 0 1
+11 +3 1
+5 -6 1
+5 * 1
+4 * 1 0 1
+7 +6 1
+2 +16 1
+2 * 1
+4 * 1
+5 * 1 0 1
cfi=(11)
cfn=(28)
calls=1 0x14cf0 438 
* * 18 4 1 0 0 0 0 0 0 3 2
fi=(76) /usr/src/debug/glibc/glibc/elf/../sysdeps/unix/sysv/linux/rseq-internal.h
+5 -10 1 1 0 1 0 0 1
+3 -7 1 1
+7 +7 1
+2 * 1 0 0 0 0 0 0 0 0 1 1
+2 +24 1 0 1
fe=(24)
+9 -12 1 0 1
+10 +6 1 1
+7 * 1 0 1
+9 +1 1 1
+1 * 1 1
fi=(76)
+6 -11 1 1
+6 * 1 0 0 1 0 0 1
+5 -15 1 0 1
+4 * 1
+3 +15 1
+2 * 1
+3 +4 1
+2 -19 1 1
+9 +19 1 0 1
+3 * 1
+2 * 1 0 1
cfi=(44)
cfn=(140)
calls=1 0x25eb0 +25 
* * 13 1 2 0 0 1 0 0 1 2
+6 +4 1 1
+4 -4 1
+3 +4 1 0 1
+9 +2 1
+6 * 1 1
+3 * 1
+2 * 1 0 0 1 0 0 1
+5 * 1
+2 +1 1
+5 * 1 0 0 0 0 0 0 0 0 1 1
fe=(24)

fn=(88) rtld_mutex_dummy
0x13f20 43 178
+4 +2 178
+2 * 178 178

fl=(72) /usr/src/debug/glibc/glibc/elf/dl-version.c
fn=(254) _dl_check_all_versions
0x15670 399 1 0 0 1 0 0 1
+4 * 1 0 1
+1 * 1
+3 * 1 0 1
+2 * 1 0 1
+2 * 1 0 1
+2 * 1 0 1
+1 +4 1 0 0 1 0 0 1
+3 * 1 0 0 0 0 0 0 0 0 1
+2 * 1
+3 * 1
+3 * 1
+3 -2 1
+3 * 1
+25 +4 7 7
+7 * 7 0 0 0 0 0 0 0 0 7
+2 * 7
+3 * 7
+3 * 7
+3 * 7 0 7
cfn=(256) _dl_check_map_versions
calls=7 0x14d80 155 
* * 28974 8648 1669 48 136 79 48 130 78 6067 432 90 59
+5 -2 7 7 0 1 0 0 1
+4 +1 7
+3 -1 7
+3 * 7 0 0 0 0 0 0 0 0 7 3
+2 +5 1 1
+1 * 1
+3 * 1 1
+2 * 1 1
+2 * 1 1
+2 * 1 1
+1 * 1 1

fn=(256)
0x14d80 155 7 0 0 1 0 0 1
+4 * 7 0 7
+1 * 7
+3 * 7 0 7
+2 * 7 0 7
+2 * 7 0 7
+2 * 7 0 7
+2 * 7 0 7
+1 * 7
+7 +15 7 7
+4 * 7
+3 * 7 0 0 0 0 0 0 0 0 7
+6 +2 7 7
+4 * 7 7
+7 * 7 0 0 0 0 0 0 0 0 7
+6 +2 7 7 0 0 1
+7 * 7 0 7 1 0 0 1
+6 * 7
+3 +1 7 7
+7 +2 7
+3 * 7 0 0 0 0 0 0 0 0 7 2
+6 +3 5 5
+4 * 5 5
+3 +4 5 5 0 0 4 0 0 4
+4 * 5 0 0 0 0 0 0 0 0 5
+6 -20 5 0 5
+7 -8 5 0 5
+10 +69 5 0 5
+7 * 5 0 5 1 0 0 1
+7 * 5 0 5
+7 * 5
+3 * 5
+3 * 5
+2 * 5
+11 36 5 5
+5 * 5
+7 200 5 5
+3 * 5 5
+7 36 5 5
+4 * 5
+3 * 5 0 0 1 0 0 1 0 0 5
-29 * 8 8
+5 * 8
+7 200 8 8
+3 * 8 8
+7 36 8 8
+4 * 8
+3 * 8 0 0 0 0 0 0 0 0 8
+6 * 13
+3 * 13
+3 * 13
+7 +1 60 60
+5 -1 60
+3 * 60 0 0 0 0 0 0 0 0 60
+6 +2 73
+3 * 73
+3 * 73 0 73
cfi=(53) /usr/src/debug/glibc/glibc/elf/dl-misc.c
cfn=(172) _dl_name_match_p
calls=73 0xc950 +30 
* * 6975 1612 369 2 0 0 2 0 0 864 111 48 32
+5 * 73
+2 * 73 0 0 0 0 0 0 0 0 73 7
+2 * 13
+3 * 13
+3 208 13
+3 * 13 0 0 0 0 0 0 0 0 13 1
+6 +5 13 13 0 0 2 0 0 2
+3 99 13 0 13 1 0 0 1
+7 * 13 0 13
+7 * 13 13
+4 * 13 0 13
+7 213 13
+3 * 13
+5 +4 13 13 0 0 4 0 0 4
+3 * 13 13
+7 +1 13 13
+4 * 13 13
+3 -1 13
+4 +4 13 13
+4 * 13 0 13
+7 -3 13 13 0 1 0 0 1
+7 * 13 13
+4 * 13 13
+4 * 13 0 0 0 0 0 0 0 0 13 5
-47 -1 47 47 0 0 13 0 0 13
+3 * 47 47
+7 +1 47 47
+4 * 47 47
+3 -1 47
+4 +4 47 47
+4 * 47 0 47
+7 -3 47 47
+7 * 47 47
+4 * 47 47
+4 * 47 0 0 0 0 0 0 0 0 47 9
+2 * 13 13
+7 * 13 13
+3 * 13
+7 * 13
+3 * 13
+4 56 13 13
+4 * 13 13
+4 * 13 13
+8 * 13 0 0 0 0 0 0 0 0 13 8
-16 * 47 47
+4 * 47 47
+4 * 47 47
+8 * 47 0 0 0 0 0 0 0 0 47 12
+6 +8 60 60 0 1 0 0 1
+7 * 60 0 0 0 0 0 0 0 0 60
+6 +6 60 60 0 0 1
+7 * 60
+3 * 60 0 0 0 0 0 0 0 0 60 1
+6 +16 60 60 0 0 1
+4 +1 60
+3 * 60 0 0 0 0 0 0 0 0 60
+6 +2 60 60
+4 +5 60 60 0 0 5 0 0 5
+4 * 60 0 0 0 0 0 0 0 0 60
+2 * 60 0 60
+7 * 60
+3 * 60
+3 * 60 0 60 1 0 0 1
+7 * 60
+3 * 60 0 60
+4 * 60
+3 +14 60 60 0 0 2 0 0 2
+4 * 60 0 0 0 0 0 0 0 0 60
-4 * 986 986 0 0 15 0 0 15
+4 * 986 0 0 0 0 0 0 0 0 986 64
+6 +12 986 986 0 0 12 0 0 12
+4 * 986
+2 * 986 0 0 0 0 0 0 0 0 986 2
+6 +4 986
+3 -30 986 986 0 0 27 0 0 27
+6 * 986 0 0 0 0 0 0 0 0 986 6
0x14ffe 231 60 60 0 1 0 0 1
+4 * 60
+5 * 60
+3 * 60
+4 +3 60 60
+3 * 60
+2 * 60 0 0 0 0 0 0 0 0 60 14
+2 +5 47
+3 -24 47
+8 110 60 60 0 1 2 0 1 2
+4 +3 60 0 60
+4 * 60 60 0 0 1 0 0 1
+5 * 60
+3 * 60 0 60
cfi=(33)
cfn=(100)
calls=60 0x26880 -15 
* * 2697 476 0 16 27 0 16 27 0 301 63 28 24
+5 * 60 60
+4 * 60
+2 * 60 0 0 1 0 0 1 0 0 60
+6 * 60 60
+4 224 60
+3 * 60 60
+6 * 60 0 0 0 0 0 0 0 0 60 9
+2 +1 3
+7 * 3
+3 * 3 0 3
cfi=(33)
cfn=(100)
calls=3 0x26880 98 
* * 181 29 0 0 1 0 0 1 0 20 5 2 2
+5 * 3
+2 * 3 0 0 0 0 0 0 0 0 3 1
+2 +3 3 0 3
+8 * 3
+5 * 13 0 13
+4 * 13 13
+7 * 13 13 0 1 0 0 1
+7 +15 13 13
+3 * 13
+2 * 13 0 0 0 0 0 0 0 0 13 4
+6 +5 8
+3 -50 8
0x1522a +59 5 5 0 1 0 0 1
+7 * 5 5
+7 * 5 5
+7 * 5 0 0 1 0 0 1
+3 * 5 0 0 0 0 0 0 0 0 5 1
+6 +3 5 5
+4 * 5 5
+3 +3 5 5
+4 * 5 5
+3 * 5
+5 * 5
+2 * 5
+3 * 5 0 5
+3 * 5
+2 +3 5 5
+3 * 5
+2 * 5 0 0 0 0 0 0 0 0 5
+2 * 5
+9 * 5
+11 +4 5
+3 -7 5 5
+4 * 5
+5 * 5
+2 * 5
+3 +3 5 5
+3 * 5
+2 * 5 0 0 0 0 0 0 0 0 5 4
-22 +4 130
+3 -7 130 130 0 0 11 0 0 11
+4 * 130
+5 * 130
+2 * 130
+3 +3 130 130 0 0 4 0 0 4
+3 * 130
+2 * 130 0 0 0 0 0 0 0 0 130 21
+2 * 5 0 5
+3 +8 5 5
+3 * 5
+2 * 5 0 0 0 0 0 0 0 0 5
+6 +6 6 6 0 1 0 0 1
+3 * 6 0 6
fi=(28)
+4 44 6
fe=(72)
+5 280 6
+3 * 6
fi=(28)
+3 44 6 6 6 0 0 0 0 0 0 0 0 6 1
cfi=(27)
cfn=(74)
calls=6 0xc780 +36 
* * 259 41 33 0 0 0 0 0 0 32 10 6
fe=(72)
+6 281 6 6 0 1 0 0 1
+4 * 6
+3 -2 6 0 6
fi=(28)
+7 44 6
fe=(72)
+3 281 6 0 0 0 0 0 0 0 0 6
+6 +13 6 6 0 0 1
+7 -3 6 0 6
+7 +3 6 6 0 0 1
+4 * 6 6
+8 * 6 0 0 0 0 0 0 0 0 6
+6 * 6 0 6 0 0 1
+7 +2 6
+3 * 6 0 0 1 0 0 1 0 0 6 1
+6 +3 5 5
+3 * 5 5
+4 * 5
+3 * 5
+1 +4 5 5
+3 * 5
+3 * 5
-6 * 8 8
+3 * 8
+3 * 8
+10 +18 47
+3 -15 47 47
+4 +2 47
+3 -2 47
+3 +2 47
+7 -2 47
+6 +2 47
+3 * 47 0 0 0 0 0 0 0 0 47
-26 -2 13 13
+4 +2 13
+3 -2 13
+3 +2 13
+7 -2 13
+6 +2 13
+3 * 13 0 0 0 0 0 0 0 0 13
+2 +2 60 0 0 1 0 0 1
+4 +1 60
+6 -1 60 60
+3 * 60
+4 +1 60 0 60 0 0 19 0 0 19
+5 +1 60 60
+3 -2 60 0 60
+5 +2 60
+3 * 60 0 60 0 0 6 0 0 6
+4 +1 60 60
+3 * 60
+3 * 60 0 60 0 0 2 0 0 2
+5 +3 60 60
+3 * 60
+2 * 60 0 0 0 0 0 0 0 0 60 20
+2 +8 13 13
+3 * 13
+2 * 13 0 0 1 0 0 1 0 0 13 3
+6 +5 8
+3 -28 8
+2 +71 6
+3 * 6 0 0 0 0 0 0 0 0 6 1
+2 +1 5 5
+5 * 5 0 0 0 0 0 0 0 0 5
+2 +1 5 5 0 0 1
+8 * 5 0 0 0 0 0 0 0 0 5 1
+2 +1 4 4
+8 * 4 0 0 0 0 0 0 0 0 4 1
+6 +19 7 7
+6 * 7
+7 * 7 7
+1 * 7 7
+2 * 7 7
+2 * 7 7
+2 * 7 7
+2 * 7 7 0 1 0 0 1
+1 * 7 7
+57 164 2 0 2
+7 -8 2 0 2
+10 257 2
+3 * 2 0 0 0 0 0 0 0 0 2 1
+6 * 1
+2 +77 5 0 0 1 0 0 1
+3 * 5 0 0 0 0 0 0 0 0 5 1
+2 +3 5 5
+4 * 5
+33 +20 135
+3 -14 135 135
+5 * 135 0 0 0 0 0 0 0 0 135
-5 * 5 5 0 1 0 0 1
+5 * 5 0 0 0 0 0 0 0 0 5 3
+2 -2 135 135
+4 +6 135 135
+5 +1 135 135
+4 +1 135 135
+4 -1 135
+5 * 135
+4 +1 135
+3 -1 135 0 135 0 0 35 0 0 35
+4 +1 135 0 135
+4 +1 135 0 135 0 0 16 0 0 16
+9 +3 135 135
+4 * 135
+2 * 135 0 0 0 0 0 0 0 0 135 13
-6 * 5 5
+4 * 5
+2 * 5 0 0 0 0 0 0 0 0 5 1
+2 * 6 6 0 1 0 0 1
+3 * 6
+4 * 6
+5 * 6
+4 +11 207
+4 * 207
+3 * 207 0 0 0 0 0 0 0 0 207 6
+6 +1 207 207
+4 * 207 0 0 0 0 0 0 0 0 207 10
+2 +1 12
+7 * 12 0 12
+3 * 12
+59 -32 1
+3 * 1 0 0 0 0 0 0 0 0 1
+2 -40 1 1
+3 * 1
+5 -20 1 1 0 1 0 0 1
+3 * 1
+2 * 1 0 0 0 0 0 0 0 0 1 1
0x1558c 377 1 1 0 1 0 0 1
+4 * 1 1
+4 * 1 1
+8 * 1 0 0 0 0 0 0 0 0 1 1
+5 +2 1 1
+4 * 1 1
+3 * 1
+3 * 1 0 0 0 0 0 0 0 0 1 1
+21 * 29 29
+4 * 29
+4 * 29
+3 * 29 0 0 0 0 0 0 0 0 29 2
+6 +1 29 0 0 1 0 0 1
+4 * 29 0 0 0 0 0 0 0 0 29 3
+2 +2 1 1
+4 +1 1
+5 * 1
+7 -1 1
+3 +1 1 0 1
cfi=(33)
cfn=(258)
calls=1 0x28080 98 
* * 32 7 0 4 0 0 4 0 0 6 1
+6 * 1
+2 * 1 0 0 0 0 0 0 0 0 1 1

fl=(29)
fn=(82)
0x25cc0 210 39 0 0 2 0 0 1
+4 +1 39
+3 +6 39
+4 +1 39 0 0 0 0 0 0 0 0 39 8
+2 +2 32 32 0 0 9 0 0 1
+3 +1 32
+4 +1 32 0 0 0 0 0 0 0 0 32 12
+2 +2 17 17 0 0 1
+5 +1 17 0 17 0 0 5 0 0 5
+3 +1 17 0 17 0 0 3 0 0 3
+5 +2 17 17
+13 +80 7
+3 +1 7 0 0 0 0 0 0 0 0 7 5
+2 +2 1
+3 +4 1 0 0 0 0 0 0 0 0 1
+2 +1 1
+3 +1 1 0 0 0 0 0 0 0 0 1 1
+2 +1 1 1 0 1 1 0 1 1
+2 +1 1 0 0 0 0 0 0 0 0 1 1
+12 +4 1 0 1 0 0 1 0 0 1
+2 +2 1 1
+17 +39 6 6
+5 +1 6 6
+3 +1 6 0 6 0 0 4 0 0 4
+3 +1 6 0 6 0 0 1 0 0 1
+5 +1 6 6
+1 +7 7 7
+5 +1 7 7
+5 +1 7 0 7 0 0 1 0 0 1
+3 +1 7 0 7 0 0 2 0 0 2
+4 +1 7 0 7 0 0 1 0 0 1
+5 +1 7 0 7
+5 +1 7 7
+4 +11 15 0 0 2 0 0 1
+7 +1 15 0 0 0 0 0 0 0 0 15 1
+2 +2 14 14 0 0 2
+4 +1 14
+4 +1 14 0 0 0 0 0 0 0 0 14 6
+2 +2 7 7 0 0 2
+4 +1 7 7 0 0 3
+4 +1 7 7 0 0 4
+5 +1 7 7
+5 +1 7 7
+5 +1 7 7
+5 +1 7 0 7 1 0 0 1
+3 +1 7 0 7 0 0 1 0 0 1
+4 +1 7 0 7 0 0 4 0 0 4
+4 +1 7 0 7 0 0 2 0 0 2
+4 +1 7 0 7 0 0 3 0 0 3
+5 +1 7 0 7
+5 +1 7 0 7
+5 +1 7 0 7
+5 +1 7 7
+1 +4 1
+3 +1 1
+3 +4 1
+3 +2 1 0 0 0 0 0 0 0 0 1
+6 +16 1
+4 +3 1
+3 +2 1
+4 +2 1 0 0 1 0 0 1
+6 +4 1
+3 +1 1 0 0 0 0 0 0 0 0 1
+2 +9 1 1 0 0 1 0 0 1
+5 +1 1 1
+5 +2 1
+3 +2 1
+4 +1 1 1
+5 +1 1 1 0 0 1 0 0 1
+6 +3 1
+3 +2 1
+3 +2 1
+3 +2 1
+5 +6 1 1
+3 +1 1 1 0 0 1 0 0 1
+4 +1 1 1
+4 +1 1 1 0 1 0 0 1
+4 +1 1
+4 +1 1 0 1
+3 +1 1 0 1 0 0 1 0 0 1
+4 +1 1 0 1
+4 +1 1 0 1
+4 +1 1
+4 +1 1
+3 +1 1 0 0 0 0 0 0 0 0 1 1
-41 -11 2 2
+3 +1 2 2 0 0 1 0 0 1
+4 +1 2 2
+4 +1 2 2
+4 +1 2
+4 +1 2 0 2
+3 +1 2 0 2 0 0 2 0 0 2
+4 +1 2 0 2
+4 +1 2 0 2
+4 +1 2
+4 +1 2
+3 +1 2 0 0 0 0 0 0 0 0 2 1
+2 +2 1 0 1 0 0 1 0 0 1
+4 +1 1 0 1
+4 +1 1 0 1
+4 +1 1 0 1
+4 +2 1 0 1
+3 +4 1 1

fn=(136)
0x25cb0 197 10 0 0 2 0 0 1
+4 +1 10
+3 +1 10
+3 +1 10
+13 +17 10
+4 +1 10 0 0 0 0 0 0 0 0 10 3
+2 +2 6 6 0 0 1
+3 +1 6
+4 +1 6 0 0 0 0 0 0 0 0 6 2
+2 +2 4 4
+5 +1 4 0 4 0 0 1 0 0 1
+3 +1 4 0 4 0 0 1 0 0 1
+5 +2 4 4
+13 +80 4
+3 +1 4 0 0 0 0 0 0 0 0 4 2
+2 +2 2
+3 +4 2 0 0 0 0 0 0 0 0 2
+2 +1 2
+3 +1 2 0 0 0 0 0 0 0 0 2 2
+18 +8 2 2
+17 +39 2 2
+5 +1 2 2
+3 +1 2 0 2
+3 +1 2 0 2
+5 +1 2 2
+1 +7 2 2 0 0 1
+5 +1 2 2
+5 +1 2 0 2 0 0 1 0 0 1
+3 +1 2 0 2 0 0 1 0 0 1
+4 +1 2 0 2
+5 +1 2 0 2
+5 +1 2 2
+4 +11 2
+7 +1 2 0 0 0 0 0 0 0 0 2
+2 +2 2 2
+4 +1 2
+4 +1 2 0 0 0 0 0 0 0 0 2 1

fl=(2)
fn=(252)
0x1f320 675 1 0 0 1 0 0 1
+4 * 1 0 1
+1 +2 1
+5 -2 1
+3 * 1 0 1
+1 * 1
+3 * 1
+4 +2 1 1
+3 * 1 1
+7 * 1 0 1 1 0 0 1
cfi=(72)
cfn=(254)
calls=1 0x15670 399 
* * 29065 8668 1681 51 136 79 51 130 78 6082 435 90 59
+5 * 1
+2 * 1 0 0 0 0 0 0 0 0 1 1
+8 +4 1 1
+4 * 1 1
+1 * 1 1

fn=(260) init_tls
0x1f5c0 735 1 0 1 1 0 0 1
+1 +6 1 1
+8 -6 1
+3 * 1 0 1
+2 * 1 0 1
+1 +2 1 1
+7 * 1 0 1
+7 +4 1 0 0 0 0 0 0 0 0 1
fi=(28)
+6 44 1
fe=(2)
+3 752 1
fi=(28)
+4 44 1
fe=(2)
+5 747 1
+4 +4 1
fi=(28)
+4 44 1 1 1 0 0 0 0 0 0 0 0 1 1
cfi=(27)
cfn=(74)
calls=1 0xc780 +36 
* * 29 4 3 0 0 0 0 0 0 4 3 1
fe=(2)
+6 760 1
+3 -10 1 0 1 1 0 0 1
+7 -3 1 0 1
+3 +10 1 0 1
+8 +3 1 0 1
cfi=(46) /usr/src/debug/glibc/glibc/elf/../elf/dl-tls.c
cfn=(264) _dl_tls_static_surplus_init
calls=1 0x13130 131 
* * 73 15 10 3 3 0 3 3 0 7
+5 +3 1 0 1
cfi=(46)
cfn=(266) _dl_determine_tlsoffset
calls=1 0x13330 249 
* * 234 41 16 9 4 0 9 2 0 27 12
+5 +7 1 0 1
cfi=(46)
cfn=(270) _dl_allocate_tls_storage
calls=1 0x13540 515 
* * 491 41 332 4 0 39 4 0 39 316 17 3 2
+5 * 1
+3 +1 1
+3 * 1 0 0 0 0 0 0 0 0 1
+2 +6 1 1
fi=(75) /usr/src/debug/glibc/glibc/elf/../sysdeps/generic/dl-call_tls_init_tp.h
+4 31 1
+5 * 1
fe=(2)
+3 777 1 0 1
fi=(75)
+7 31 1 0 0 1 0 0 1
+5 * 1 0 1
+3 * 1 0 1
+4 * 1
+2 * 1
+2 * 1 0 0 0 0 0 0 0 0 1
+2 +2 1 0 1
cfi=(24)
cfn=(278)
calls=1 0x13f80 +36 
* * 95 17 22 6 0 1 6 0 1 7 4
fe=(2)
+5 784 1
+3 -3 1 0 1
+7 +3 1 1
+1 * 1 1
+2 * 1 1
+1 * 1 1

fn=(166)
0x1ec80 642 1 0 0 1 0 0 1
+4 * 1 0 1
+1 +2 1
+2 -2 1
+3 * 1 0 1
+1 * 1
+3 * 1
+4 +2 1 1
+4 +1 1 1
+3 * 1 1
+4 -1 1
+7 * 1
+3 +1 1
+3 * 1
+2 * 1 0 1 0 0 1 0 0 1
cfi=(30) /usr/src/debug/glibc/glibc/elf/dl-load.c
cfn=(168) _dl_map_object
calls=1 0xa840 2189 
* * 2544 554 291 97 35 34 97 35 34 450 156 8 2
+5 * 1 0 1
+4 +2 1 1
+4 * 1 1
+1 * 1 1

fn=(2)
0x1f690 520 1 0 0 1 0 0 1
+4 * 1 0 1
+1 * 1
+3 * 1 0 1
+2 * 1 0 1
+2 * 1 0 1
+2 * 1 0 1
+2 * 1 0 1
+1 * 1
+4 * 1 0 1 0 0 1 0 0 1
+4 84 1
fi=(6)
+2 -29 1
fe=(2)
+7 550 1 0 1 0 0 1 0 0 1
+7 -4 1 0 1 0 0 1 0 0 1
+7 84 1 0 0 1 0 0 1
+4 * 1
+3 * 1 0 1 0 0 1 0 0 1
+7 549 1
+7 * 1 0 1
fi=(3) /usr/src/debug/glibc/glibc/elf/./get-dynamic-info.h
+7 45 1 1 0 0 1 0 0 1
+7 * 1
+3 * 1 0 0 0 0 0 0 0 0 1
+6 * 1
+7 +23 1
+7 * 1
+12 * 17 0 17 0 0 7 0 0 7
+4 -23 17 17 0 0 4 0 0 4
+4 * 17
+4 * 17
+3 * 17 0 0 0 0 0 0 0 0 17 1
+2 +4 17 0 0 1 0 0 1
+4 * 17 0 0 0 0 0 0 0 0 17 10
+2 +3 5
+7 -1 5
+4 * 5 0 0 0 0 0 0 0 0 5
+2 +3 5
+5 * 5
+3 * 5
+4 * 5 0 0 0 0 0 0 0 0 5 1
+2 +1 4
+5 * 4
+3 * 4
+3 * 4
+5 +1 1 0 0 1 0 0 1
+3 * 1
+3 * 1
+3 * 1
+3 * 1 0 0 0 0 0 0 0 0 1 1
fi=(4)
+20 +23 1 1
fi=(3)
+7 +31 1 1 0 0 1 0 0 1
+7 -38 1
+2 * 1
+3 * 1 0 0 1 0 0 1 0 0 1
+6 +12 1 1
+7 * 1
+3 * 1 0 0 0 0 0 0 0 0 1 1
+6 +1 1 1 0 0 1 0 0 1
+7 * 1
+3 * 1 0 0 0 0 0 0 0 0 1 1
+6 +1 1 1
+7 * 1
+3 * 1 0 0 0 0 0 0 0 0 1
+2 * 1 0 1
+4 +1 1 1
+7 * 1
+3 * 1 0 0 0 0 0 0 0 0 1
+2 * 1 0 1 1 0 0 1
+4 +1 1 1
+7 * 1
+3 * 1
+3 * 1 0 0 0 0 0 0 0 0 1
+2 * 1 0 1
+4 +1 1 1
+7 * 1
+3 * 1 0 0 0 0 0 0 0 0 1 1
+6 +1 1 1
+7 * 1
+3 * 1 0 0 0 0 0 0 0 0 1
+2 * 1 0 1
+4 +1 1 1
+7 * 1
+3 * 1 0 0 0 0 0 0 0 0 1
+2 * 1 0 1 1 0 0 1
+4 +12 1 1
+7 * 1
+3 * 1
+3 * 1 0 0 0 0 0 0 0 0 1
+6 * 1 1
+4 * 1
+3 * 1 0 0 0 0 0 0 0 0 1 1
+6 +7 1
+3 * 1 0 0 0 0 0 0 0 0 1 1
+16 +13 1 1
+7 * 1 1 0 1 0 0 1
+5 * 1 0 0 0 0 0 0 0 0 1
+6 +6 1 1
+7 * 1
+3 * 1 0 0 0 0 0 0 0 0 1
+2 +1 1 1
+7 * 1 1
+5 * 1 0 0 0 0 0 0 0 0 1
+6 +3 1 1
+8 * 1 0 0 0 0 0 0 0 0 1
+6 +1 1 1
+7 * 1
+3 * 1 0 0 1 0 0 1 0 0 1
+6 +5 1 1
+7 * 1
+3 * 1 0 0 0 0 0 0 0 0 1
+2 * 1 1
+5 * 1 0 0 0 0 0 0 0 0 1
+6 +3 1 1
+7 * 1
+3 * 1 0 0 0 0 0 0 0 0 1
+2 * 1 1
+8 * 1 0 0 0 0 0 0 0 0 1
fe=(2)
+6 566 1
+3 * 1 0 0 0 0 0 0 0 0 1
+6 * 1 1 0 1 0 0 1
+4 * 1
+3 * 1
+4 * 1
+4 * 1 1
+7 * 1 1
+4 * 1
+3 * 1
+3 * 1 0 0 0 0 0 0 0 0 1 1
+33 * 2
+3 * 2
+4 * 2 0 2 0 0 2 0 0 2
+3 * 2
+4 * 2
+3 * 2 0 0 0 0 0 0 0 0 2
+6 * 5 5 0 1 2 0 1 2
+3 * 5
+2 * 5 0 0 0 0 0 0 0 0 5 2
+2 * 3
+3 * 3
+3 * 3 0 0 0 0 0 0 0 0 3 3
+28 * 13
+3 * 13
+4 * 13
+2 * 13 0 0 0 0 0 0 0 0 13
-2 * 3
+2 * 3 0 0 0 0 0 0 0 0 3
+2 * 16
+3 * 16
+4 * 16
+3 * 16
+11 * 16
+2 * 16 0 0 0 0 0 0 0 0 16 8
-2 * 9
+2 * 9 0 0 0 0 0 0 0 0 9 1
+2 * 12 0 12 0 0 4 0 0 4
+3 * 12
+3 * 12 0 0 0 0 0 0 0 0 12 3
+2 * 9
+4 * 9
fi=(3)
+8 59 1 0 0 1 0 0 1
+5 * 1
+3 * 1 0 0 1 0 0 1
+4 * 1 0 0 0 0 0 0 0 0 1 1
fe=(2)
+76 566 3 0 0 1 0 0 1
+4 * 3
+7 * 3
+3 * 3 0 0 0 0 0 0 0 0 3 2
+6 * 1 1
+7 * 1
fi=(4)
+4 79 1
fe=(2)
+2 566 1 1
+7 * 1
+2 * 1 0 1 0 0 1 0 0 1
fi=(4)
+4 79 1 0 0 1 0 0 1
+3 * 1
fe=(2)
+2 566 1 0 1
+4 * 1 0 1
+4 * 1 0 1
+4 * 1
+3 * 1 0 0 0 0 0 0 0 0 1
+2 * 1 1
+4 * 1
+2 * 1
+3 * 1 0 0 0 0 0 0 0 0 1
+2 * 1
+4 * 1
+3 * 1
+4 * 1 1
+7 * 1 1
+4 * 1
+5 * 1 1 0 1 0 0 1
+7 * 1
+5 * 1
+4 * 1 0 1
+4 * 1
+3 * 1 0 0 0 0 0 0 0 0 1 1
+10 * 1
+3 * 1 0 0 0 0 0 0 0 0 1 1
+90 * 1 0 0 1 0 0 1
+4 * 1 1 0 1 0 0 1
fi=(5)
+6 49 1 1
+5 +4 1
+3 -4 1
+4 -1 1
+5 +1 1
+4 +4 1 1
+7 * 1 1
+4 * 1
+4 * 1
+4 +3 1
+3 * 1 0 0 0 0 0 0 0 0 1 1
fe=(2)
-49 566 1 1
fi=(5)
+6 49 1 1
+5 +4 1
+3 -4 1
+4 -1 1
+5 +1 1
+4 +4 1 1
+7 * 1 1
+4 * 1
+4 * 1
+4 +3 1
+3 * 1 0 0 0 0 0 0 0 0 1 1
+54 -6 2 0 0 1 0 0 1
+4 * 2
+5 * 2
+4 * 2
+5 +11 2
+3 * 2 0 0 0 0 0 0 0 0 2 1
+2 * 1
+6 +2 1 1 0 1 0 0 1
fi=(6)
+4 273 1
+3 * 1
+3 * 1 0 0 0 0 0 0 0 0 1
fi=(5)
+2 63 1
+4 +2 1 1
+4 -1 1
+4 * 1
fi=(6)
+4 282 1
+2 * 1
+3 * 1 0 0 0 0 0 0 0 0 1
+2 * 1 1 0 0 1 0 0 1
+5 * 1 1
+5 * 1 1
+4 * 1
+4 * 1
+5 * 1 0 0 0 0 0 0 0 0 1
+2 * 1 1 0 1 0 0 1
+7 +4 1
+4 * 1 0 0 0 0 0 0 0 0 1 1
+8 +26 1
+4 * 1 0 0 0 0 0 0 0 0 1
+2 * 1
+4 * 1 0 0 0 0 0 0 0 0 1 1
fi=(5)
+13 61 1
+4 * 1
+3 * 1 0 0 0 0 0 0 0 0 1
fe=(2)
+2 566 2
+4 * 2
+4 * 2
+3 * 2 0 0 0 0 0 0 0 0 2 1
fi=(5)
+2 51 1 1 0 1 0 0 1
fi=(4)
+7 +28 1 1
+7 * 1
fe=(2)
+86 568 1 0 1 1 0 0 1
+7 455 1 0 1
cfi=(7) /usr/src/debug/glibc/glibc/elf/dl-minimal.c
cfn=(12) __rtld_malloc_init_stubs
calls=1 0x1c780 42 
* * 10 1 4 1 0 2 1 0 2
+5 +4 1
+7 * 1 1
+8 * 1
+5 * 1 0 0 1 0 0 1
+4 * 1 0 1
+7 84 1
+2 477 1
+7 84 1
+4 * 1
+3 * 1 0 1
+7 477 1 0 1
cfi=(8)
cfn=(14)
calls=1 0x124f0 25 
* * 27 8 6 3 1 0 3 1 0 3
+5 +1 1
+7 +4 1
+7 +9 1 0 1
+7 -13 1 0 1 1 0 0 1
+7 +19 1
+7 -17 1 0 1 0 0 1 0 0 1
+7 +2 1 0 1
+7 +15 1 1
+4 * 1 0 1
cfi=(9) /usr/src/debug/glibc/glibc/elf/../sysdeps/unix/sysv/linux/dl-sysdep.c
cfn=(16) _dl_sysdep_start
calls=1 0x1e560 102 
* * 2660750 677181 252946 1062 16733 2639 1044 8551 1804 415187 16679 5479 1331
+5 * 1 0 0 1
+3 +2 1 1
+7 * 1 0 0 0 0 0 0 0 0 1
+6 +87 1
+4 * 1
+3 * 1 1 0 0 1
+1 * 1 1
+2 * 1 1
+2 * 1 1
+2 * 1 1 0 1
+2 * 1 1
+1 * 1 1
fi=(3)
+6 62 1 0 0 1 0 0 1
+5 * 1
+3 * 1
+4 * 1 0 0 0 0 0 0 0 0 1
+6 +2 1
+5 * 1
+3 * 1
+3 * 1
+49 +39 1 0 0 1 0 0 1
+3 * 1 0 1
+4 * 1
fe=(2)

fn=(66) dl_main
0x1fe90 1357 1 0 0 1 0 0 1
+4 * 1 0 1
+1 196 1
+4 1357 1
+3 * 1 0 1
+2 * 1 0 1
+2 * 1 0 1
+2 * 1
+3 * 1 0 1
+2 * 1
+3 * 1 0 1
+1 * 1
+7 * 1 0 1 0 0 1 0 0 1
+6 * 1 0 1
+7 198 1 0 1 1 0 0 1
+11 301 1 0 1
+7 +1 1 0 1
+4 196 1 0 1
+7 +99 1 0 1
+4 * 1 0 1
+4 * 1 0 1
+4 1369 1 0 1 0 0 1 0 0 1
cfi=(24)
cfn=(68)
calls=1 0x13f30 54 
* * 17 1 5 2 0 1 2 0 1
+5 2735 1 1
+6 2512 1 1
+7 2735 1 0 1
+6 * 1 0 0 1 0 0 1
+2 * 1 0 0 0 0 0 0 0 0 1
+6 2583 1 0 1 0 0 1 0 0 1
+7 +2 1
+3 +15 1
+7 * 1
+7 -13 1
+7 * 1 0 1
cfi=(25) /usr/src/debug/glibc/glibc/elf/dl-environ.c
cfn=(70) _dl_next_ld_env_entry
calls=1 0x1bdc0 28 
* * 479 164 1 2 0 0 2 0 0 162 26
-7 * 1
+7 * 1 0 1
cfi=(25)
cfn=(70)
calls=1 0x1bdc0 28 
* * 6 3 0 0 0 0 0 0 0 1
+5 * 2
+3 * 2
+3 * 2 0 0 0 0 0 0 0 0 2 1
+2 +4 1 1
+3 * 1
+3 * 1 0 0 0 0 0 0 0 0 1
+2 -2 1
+2 +2 1
+2 * 1 0 0 1 0 0 1 0 0 1
+2 * 1
+8 * 1
+11 * 1
+11 +1 1
+4 -1 1 1
+4 * 1
+2 * 1 0 0 0 0 0 0 0 0 1
-10 +1 6
+4 -1 6 6
+4 * 6
+2 * 6 0 0 0 0 0 0 0 0 6
+2 * 7
+3 * 7 0 0 0 0 0 0 0 0 7 4
+2 +9 1
+4 * 1
+4 * 1 0 0 0 0 0 0 0 0 1
+2 * 1 1 0 0 1 0 0 1
+4 * 1 0 0 1 0 0 1
+3 * 1 0 0 0 0 0 0 0 0 0 0 1 1
+14 2712 1 1
+6 * 1
+2 * 1 0 0 0 0 0 0 0 0 1 1
+11 1379 1 1
+7 +1 1 1
+7 * 1
+7 -1 1 1
+3 * 1 0 1 1 0 0 1
+7 +1 1 1
+3 * 1 0 0 0 0 0 0 0 0 1 1
0x20231 2625 1 1 0 1 0 0 1
+6 * 1 0 0 0 0 0 0 0 0 1
+6 +10 1 1 0 1 0 0 1
+6 * 1 0 0 0 0 0 0 0 0 1 1
0x203b6 1647 1 0 0 1 0 0 1
+7 * 1
+3 * 1 0 0 1 0 0 1
+2 * 1
+2 * 1
+6 * 1
+3 * 1
+3 * 1 0 1
cfi=(26) /usr/src/debug/glibc/glibc/elf/dl-object.c
cfn=(72) _dl_new_object
calls=1 0xcca0 59 
* * 285 29 50 21 3 15 21 3 15 36 21 2 2
+5 * 1 0 1
+7 +2 1
+3 * 1 0 0 0 0 0 0 0 0 1
+6 +1 1 1
+7 +1 1 1
+7 +5 1
+2 -5 1 0 1
+8 +1 1 1 0 1 0 0 1
+7 -2 1
+3 * 1 0 1
+7 +2 1 1
+3 * 1 0 1
+7 +4 1 0 1
cfi=(26)
cfn=(86) _dl_add_to_namespace_list
calls=1 0xcc00 31 
* * 33 9 8 2 1 0 2 1 0 1 1 2 2
+5 +1 1 1
+7 * 1 0 0 0 0 0 0 0 0 1
+6 1095 1 1
+7 +1 1 1
+8 1362 1
+3 1123 1
+3 -21 1 1 0 1 0 0 1
+7 * 1 1 0 0 1 0 0 1
+8 +21 1
+4 -19 1 0 1
+7 +1 1 0 1
+7 +18 1
+4 -21 1 0 1
+7 +21 1
+3 * 1 0 0 0 0 0 0 0 0 1
+6 +1 1 0 1
+7 -1 1
+3 -25 1 0 0 1 0 0 1
+3 +22 1
+3 +4 1
+7 * 1
+3 * 1
+2 * 1 1 0 0 1 0 0 1
+2 * 1
+3 * 1 0 0 0 0 0 0 0 0 1
-5 * 13 13 0 0 6 0 0 6
+2 * 13
+3 * 13 0 0 0 0 0 0 0 0 13 4
+6 * 10
+2 * 10 0 0 0 0 0 0 0 0 10
+2 * 10
+3 * 10 0 0 0 0 0 0 0 0 10
+2 * 10 10 0 0 2 0 0 2
+4 * 10
+3 * 10 0 0 0 0 0 0 0 0 0 0 10 5
+3 +33 4 4
+7 * 4 4 0 0 1 0 0 1
+4 -1 4 4
+3 +1 4
+3 * 4 0 0 1 0 0 1
+3 * 4
+3 * 4
+3 -1 4
+3 +2 4 4
+7 * 4 0 0 0 0 0 0 0 0 4 2
+2 +1 1 0 1
+7 +2 1 1
+8 * 1
+4 * 1 0 0 0 0 0 0 0 0 1
-12 * 3 3
+8 * 3
+4 * 3 0 0 0 0 0 0 0 0 3
+2 +1 4
+3 * 4 0 0 0 0 0 0 0 0 4 1
+2 * 3
+3 * 3 0 0 0 0 0 0 0 0 3 2
+13 +4 4 4 0 1 3 0 1 3
+4 * 4
+3 +1 4 4
+7 * 4 0 0 0 0 0 0 0 0 4
+2 +1 4 0 4
+7 +4 4
+5 * 4
+3 -49 4
+4 * 4
+3 * 4 0 0 0 0 0 0 0 0 4 3
-7 * 5
+4 * 5
+3 * 5 0 0 0 0 0 0 0 0 5 4
+6 * 1 1
+7 * 1 0 1
+7 * 1 0 1
+7 * 1 1 0 1 0 0 1
+7 * 1
+3 * 1
+3 * 1
+4 +88 11
+5 * 11 0 0 0 0 0 0 0 0 11 7
+2 +6 1
+3 * 1
+5 * 1
+3 * 1 0 1
cfi=(30)
cfn=(90) _dl_process_pt_gnu_property
calls=1 0x7f70 842 
* * 54 13 2 7 0 0 7 0 0 13 1
+6 -7 14
+3 * 14 0 0 0 0 0 0 0 0 14 1
+6 +1 14 14
+5 +6 14
+4 -6 14
+3 * 14 0 0 0 0 0 0 0 0 14 6
fi=(31) /usr/src/debug/glibc/glibc/elf/../sysdeps/x86/dl-prop.h
+2 149 3 3 0 1 0 0 1
+8 * 3 0 0 0 0 0 0 0 0 3 3
fe=(2)
0x207b0 1128 1 0 0 1 0 0 1
+3 -5 1
+4 +5 1 1
+4 * 1 0 1
+3 -5 1 0 0 1 0 0 1
+3 * 1 0 0 0 0 0 0 0 0 1 1
+11 +21 1 1
+3 * 1 1 0 0 1 0 0 1
+4 -21 1
+4 +25 1
+6 -5 1 0 1
+7 +3 1
+7 * 1 0 1
+7 -23 1
+3 * 1 0 0 0 0 0 0 0 0 1 1
+11 +10 1 1 0 1 0 0 1
+3 * 1 1
+4 -10 1
+4 +10 1 0 1
+4 +1 1 1
+4 * 1 1
+8 * 1
+3 * 1
+3 * 1
+4 * 1
+3 * 1
+3 * 1
+3 * 1 0 1
+7 -11 1
+3 * 1 0 0 0 0 0 0 0 0 1 1
+16 +1 4 0 0 1 0 0 1
+6 * 4 0 0 0 0 0 0 0 0 4 1
+6 * 3
+6 * 3 0 0 0 0 0 0 0 0 3 2
+6 +80 1 1 0 0 1 0 0 1
+5 -81 1
+4 +81 1 1
+5 * 1 0 1
+7 -81 1
+3 * 1 0 0 0 0 0 0 0 0 1
+6 * 1 0 0 1 0 0 1
+22 +87 1
+3 * 1 1
+8 * 1 1
+8 +13 1 1
+7 * 1 1 0 0 1 0 0 1
+7 * 1
+3 * 1 0 0 0 0 0 0 0 0 1 1
+19 +3 1 1 0 1 0 0 1
+7 * 1 1
+8 * 1 0 0 0 0 0 0 0 0 1 1
+13 +2 1 1
+8 * 1 0 0 0 0 0 0 0 0 1
+6 1682 1 0 1
cfi=(32) /usr/src/debug/glibc/glibc/elf/dl-execstack-tunable.c
cfn=(96) _dl_handle_execstack_tunable
calls=1 0x4f20 24 
* * 33 7 3 2 2 0 2 2 0 5 2
fi=(4)
+5 96 1 1 0 1 0 0 1
+7 * 1
+3 * 1 0 0 0 0 0 0 0 0 1
+2 +3 1 1
+7 * 1
+2 * 1 1
+7 * 1 1
+8 +1 1 1
fe=(2)
+4 1688 1 1
+4 * 1
+3 * 1 0 0 0 0 0 0 0 0 1
+2 +1 1 1
+7 * 1
+3 * 1 1
+3 * 1 0 1
cfi=(33)
cfn=(100)
calls=1 0x26880 98 
* * 50 6 0 5 3 0 5 3 0 6 2 1 1
+5 * 1
+2 * 1 0 0 1 0 0 1 0 0 1
+2 +3 1 0 1 0 0 1 0 0 1
+7 +1 1 0 1
+11 +1 1 0 1
+10 +2 1 1
+5 * 1 0 0 0 0 0 0 0 0 1
+6 +1 1
+7 * 1 0 1
+4 +5 1 1
+7 * 1 0 0 0 0 0 0 0 0 1
+6 +2 1 0 0 1 0 0 1
+3 * 1 0 0 0 0 0 0 0 0 1
fi=(3)
+6 39 1 1
+7 * 1 1
+4 * 1
+3 * 1 0 0 0 0 0 0 0 0 1
+6 +6 1 1 0 0 1 0 0 1
+3 -2 1
+4 +2 1
+3 * 1 0 0 0 0 0 0 0 0 1 1
+15 +23 28 0 28 0 0 6 0 0 6
+4 -23 28 28 0 0 7 0 0 7
+4 * 28
+4 * 28
+3 * 28 0 0 0 0 0 0 0 0 28 1
+2 +4 28 0 0 1 0 0 1
+4 * 28 0 0 0 0 0 0 0 0 28 11
+2 +3 6
+7 -1 6
+4 * 6 0 0 0 0 0 0 0 0 6
+2 +3 6
+5 * 6
+3 * 6
+4 * 6 0 0 0 0 0 0 0 0 6 1
+6 +1 5
+5 * 5
+3 * 5
+3 * 5
fe=(2)
+9 1200 1 1 0 1 0 0 1
+3 -77 1
+4 +77 1 0 1
+6 -77 1
+3 * 1 0 0 0 0 0 0 0 0 1 1
fi=(3)
+39 72 1 1
+7 * 1 1 0 1 0 0 1
+3 * 1
+3 * 1 0 0 0 0 0 0 0 0 1 1
+25 +43 1 1
+5 * 1 0 0 0 0 0 0 0 0 1
+6 +7 1 1
+7 * 1 1
+5 * 1 0 0 0 0 0 0 0 0 1
+6 +1 1 1 0 1 0 0 1
+7 * 1 1
+7 * 1 1
+5 * 1 0 0 0 0 0 0 0 0 1
+6 +6 1 1
+7 * 1
+3 * 1 0 0 0 0 0 0 0 0 1 1
+27 +18 1 1
+7 * 1 1 0 1 0 0 1
+7 * 1
+3 * 1 0 0 0 0 0 0 0 0 1 1
+59 +15 1 1 0 1 0 0 1
+7 * 1 1
+7 * 1
+3 * 1 0 0 0 0 0 0 0 0 1
+2 +2 1 1
+4 * 1 0 1
+6 * 1
+2 +1 1
+2 * 1 0 0 0 0 0 0 0 0 1 1
+9 +9 1 1
+7 * 1 0 0 0 0 0 0 0 0 1
+6 +6 1
+3 * 1 0 0 0 0 0 0 0 0 1 1
+23 +4 1 1 0 1 0 0 1
+7 * 1 1
+8 * 1 0 0 0 0 0 0 0 0 1 1
fi=(4)
+13 -88 1 1
+7 * 1 1
+7 * 1 0 0 1 0 0 1
+3 * 1 0 0 0 0 0 0 0 0 1 1
fe=(2)
+59 1717 1 1 0 1 0 0 1
+7 * 1 0 1
cfi=(8)
cfn=(14)
calls=1 0x124f0 25 
* * 27 8 6 0 1 0 0 1 0 3
+5 +3 1 1
+4 * 1 0 0 0 0 0 0 0 0 1
fi=(34) /usr/src/debug/glibc/glibc/elf/./setup-vdso.h
+6 24 1 1
+8 * 1 0 0 0 0 0 0 0 0 1 1
fi=(37) /usr/src/debug/glibc/glibc/elf/./dl-main.h
0x2168b +85 1 1 0 1 0 0 1
+4 * 1 1
fi=(36) /usr/src/debug/glibc/glibc/elf/../sysdeps/unix/sysv/linux/dl-vdso-setup.h
+4 -55 1 0 1
fi=(37)
+7 +55 1 1
+4 * 1 1
+4 * 1 0 1
cfi=(30)
cfn=(112) _dl_init_paths
calls=1 0x7c00 680 
* * 1509 305 264 44 1 9 44 1 9 169 49 4 3
fe=(2)
+5 1745 1 1
+7 * 1
+2 * 1 0 1
cfi=(45)
cfn=(142)
calls=1 0x36b0 120 
* * 21 5 4 4 1 0 4 1 0 5 2
+5 +7 1 1
+8 -7 1 0 1 1 0 0 1
+7 +2 1 0 1
+7 +5 1 0 0 0 0 0 0 0 0 1 1
+6 +4 1 1
+7 +1 1 1
+7 +2 1 0 1
+7 -3 1
+3 * 1
+3 * 1 0 1
+6 +1 1 1
+7 * 1 0 1
+4 +3 1 0 1 1 0 0 1
+8 1253 1 1 0 0 1 0 0 1
+8 1758 1 0 1
+4 1253 1 0 0 0 0 0 0 0 0 1
+6 +1 1 1
+8 * 1 0 0 0 0 0 0 0 0 1
+6 +5 1 1
+7 -1 1 1
+7 -2 1
+7 * 1 1 0 1 0 0 1
+7 +13 1
+4 -11 1 0 1 0 0 1 0 0 1
+7 +1 1 0 1
+7 +3 1 0 1
+7 +7 1
+3 * 1
+3 * 1 0 0 0 0 0 0 0 0 1
+2 +4 1 1
+7 -5 1
+2 +5 1
+3 * 1
+3 * 1
+15 -3 8
+4 -1 8
+3 * 8 0 0 0 0 0 0 0 0 8 1
+2 +2 12 12 0 1 7 0 1 7
+3 * 12 0 0 0 0 0 0 0 0 12 6
+2 +2 4 4 0 0 2 0 0 2
+4 +1 4 4
+7 * 4 0 0 0 0 0 0 0 0 4
+2 -1 4
+3 * 4
+3 +2 4
+3 * 4 0 0 0 0 0 0 0 0 4 4
+14 +5 4 4 0 0 1 0 0 1
+4 -10 4
+4 +10 4
+5 * 4 0 0 1 0 0 1
+3 -11 4
+3 * 4 0 0 0 0 0 0 0 0 4 3
+2 * 1
+4 * 1
+21 +18 1
+4 +1 1 1
+6 * 1 0 0 0 0 0 0 0 0 1 1
+10 -1 1
+3 * 1 0 0 0 0 0 0 0 0 1 1
+16 223 1 1 0 1 0 0 1
fi=(4)
+7 79 1 1
fe=(2)
+7 224 1 1
+4 -1 1 1 0 0 1 0 0 1
+7 +1 1
fi=(4)
+2 79 1 0 1
fe=(2)
+6 224 1 1
+4 * 1
+3 * 1 0 0 0 0 0 0 0 0 1 1
0x218af 1774 1 1 0 1 0 0 1
+4 * 1 0 0 0 0 0 0 0 0 1
+6 1363 1 0 1 1 0 0 1
+11 1778 1
+6 +1 1 1
+8 * 1 0 0 0 0 0 0 0 0 1
+6 +24 1 0 1
cfi=(46)
cfn=(144) _dl_count_modids
calls=1 0x132c0 226 
* * 6 3 0 1 1 0 1 1 0 1
+5 * 1 0 1
fi=(47) /usr/src/debug/glibc/glibc/elf/../sysdeps/generic/dl-debug.h
+7 29 1 1
+7 * 1 1
+7 * 1
+3 * 1 0 0 0 0 0 0 0 0 1
+2 +1 1 1
+7 * 1 0 1 1 0 0 1
fe=(2)
+4 1809 1 1
+7 * 1
+5 * 1
+3 * 1 0 1
cfi=(45)
cfn=(148)
calls=1 0x3670 104 
* * 11 2 1 2 0 0 2 0 0 2 2
+5 +1 1
+1 +4 1 1
+7 * 1
+5 * 1 0 1
cfi=(49)
cfn=(152)
calls=1 0x199d0 29 
* * 5 2 0 2 0 0 2 0 0 1 1
+5 +5 1 1
+4 * 1 0 0 0 0 0 0 0 0 1
+6 +2 1
+3 +2 1 1
+5 * 1 0 0 0 0 0 0 0 0 1 1
+6 +9 1 1 0 1 0 0 1
+5 * 1 0 0 0 0 0 0 0 0 1
+6 +16 1
+5 * 1
+7 * 1 0 1
cfi=(64)
cfn=(216)
calls=1 0x24920 25 
* * 9 1 1 1 0 0 1 0 0 1 1
+5 * 1
+2 * 1 0 0 0 0 0 0 0 0 1
+6 +76 1 1
+3 * 1
+3 * 1 0 0 0 0 0 0 0 0 1 1
+6 +16 1 1
+7 * 1
+3 * 1 0 0 0 0 0 0 0 0 1 1
+9 84 1 0 0 1 0 0 1
+2 1950 1
+2 84 1
+3 * 1
+4 1950 1
+3 * 1 1
+7 84 1
+3 1950 1 1
+4 * 1
+3 * 1
+3 * 1
+3 * 1
+3 * 1 0 1
cfi=(65)
cfn=(218) _dl_map_object_deps
calls=1 0x3850 143 
* * 30459 6114 3115 125 203 216 123 202 216 5470 880 104 35
+5 91 1
+2 1960 1 1
+7 * 1 1
+7 -4 1 1 0 1 0 0 1
+6 +16 1 1
+7 91 1
+4 * 1
+3 +9 1
+3 * 1 0 1
+7 1956 1
+2 * 1 0 0 0 0 0 0 0 0 1
+6 * 1
+3 * 1
+4 * 1
+4 * 1
+4 * 1
+11 +1 1 1 0 1 0 0 1
+3 -1 1
+4 +1 1 0 1
+7 -1 1
+3 * 1 0 0 0 0 0 0 0 0 1 1
-17 +1 6 6
+3 -1 6
+4 +1 6 0 6
+7 -1 6
+3 * 6 0 0 0 0 0 0 0 0 6 5
+2 +4 1 0 1
+4 +1 1
+3 * 1 0 0 0 0 0 0 0 0 1
+2 +1 1 0 1
+4 +2 1
+3 * 1 0 0 0 0 0 0 0 0 1
+6 * 1 1
+7 * 1
+4 * 1
+5 * 1
+7 * 5
+3 * 5
+4 * 5
+2 * 5 0 0 0 0 0 0 0 0 5
+2 +1 6 6 0 1 0 0 1
+3 * 6
+3 * 6 0 0 0 0 0 0 0 0 6 6
+2 +7 1
+3 * 1 1
+4 +1 1 1
+3 -1 1 0 1
+7 +1 1
+2 * 1 0 0 0 0 0 0 0 0 1
+6 +2 1
+3 +2 1
+2 * 1 0 0 0 0 0 0 0 0 1 1
+47 +16 1 0 0 1 0 0 1
+3 * 1 0 0 0 0 0 0 0 0 1
+6 * 1
+5 * 1
+2 +1 1 1
+7 * 1 0 1
+4 +1 1 1 0 1 0 0 1
+7 * 1
+3 * 1 0 0 0 0 0 0 0 0 1 1
+23 +10 1 0 1
+6 +2 1
+7 -1 1
+2 * 1
+3 * 1
+3 +1 1
+3 * 1
+7 * 1 0 0 1 0 0 1
+7 -1 1 0 1
+6 +1 1 0 1
cfi=(51)
cfn=(250)
calls=1 0x2320 190 
* * 29101 8681 1692 55 136 79 55 130 78 6085 436 91 60
+5 +10 1 1
+8 +1 1 1
+8 * 1 0 0 0 0 0 0 0 0 1 1
+6 +3 1
+3 * 1 0 0 0 0 0 0 0 0 1
+2 821 1 1
fi=(376) /usr/src/debug/glibc/glibc/elf/../sysdeps/unix/sysv/linux/dl-osinfo.h
+7 39 1 1
+3 * 1
fe=(2)
+2 823 1 0 1
fi=(376)
+9 52 1 1 0 1 0 0 1
fe=(2)
+4 832 1 0 1
+9 +7 1 0 1
+11 -5 1 0 1
+7 2026 1 1
+3 * 1
+2 * 1 0 0 0 0 0 0 0 0 1
+6 2225 1 1
+7 * 1
+7 +4 1 1
+8 -4 1 0 1 1 0 0 1
+7 +10 1 1
+7 -6 1 0 1
+7 +6 1 0 1
+7 +3 1 1
+7 * 1 0 0 0 0 0 0 0 0 1
+6 +8 1 1
+7 * 1 1
fi=(31)
+3 36 1 1
+7 * 1 1
+6 +1 1
+2 * 1 0 0 1 0 0 1 0 0 1 1
+2 * 1 1
+7 * 1
+3 +16 1 1
+6 * 1 1
+7 * 1 1
+7 * 1
+4 * 1
+5 * 6
+4 -13 6 6
+3 +9 6 6
+7 * 6 0 0 0 0 0 0 0 0 6
-10 -9 1 1
+3 +9 1 1
+7 * 1 0 0 0 0 0 0 0 0 1
+2 * 7
+3 * 7 0 0 0 0 0 0 0 0 7 1
+2 * 6 6
+4 * 6 0 0 0 0 0 0 0 0 6
+2 +4 6
+3 * 6
+3 * 6 6 0 0 1
+7 * 6 0 0 0 0 0 0 0 0 6
+6 -16 7 0 0 1 0 0 1
+3 * 7 0 0 0 0 0 0 0 0 7 5
+2 +34 1 1
+7 * 1
fe=(2)
+3 2250 1
fi=(31)
+3 71 1 0 1
cfi=(77)
cfn=(282)
calls=1 0x16710 361 
* * 25 4 5 4 0 0 4 0 0 3
fe=(2)
+5 2250 1 1
+8 * 1
+4 +3 1 0 1 0 0 1
+7 +5 1 1 0 1 0 0 1
+8 * 1 0 0 0 0 0 0 0 0 1
+2 84 1
+2 2263 1 1
+7 -1 1 1
+6 * 1 1
+7 84 1
+3 * 1
+4 * 1
+3 2262 1
+2 * 1
+2 * 1
+3 * 1
+3 * 1 0 1
cfi=(78)
cfn=(286)
calls=1 0x11e00 343 
* * 83019 20503 9064 193 572 232 193 551 226 13973 997 180 90
+5 91 1
+2 * 1
+4 * 1 0 0 1 0 0 1
+3 +9 1
+3 * 1 0 1
+7 -16 1
+2 * 1
+3 2271 1 1
+7 84 1
+4 * 1
+3 2271 1 1
+6 +1 1
+2 * 1 0 0 0 0 0 0 0 0 1
+6 * 1
+4 * 1 0 1
+7 * 1 1
+7 * 1 0 0 1 0 0 1
+7 * 1 0 1
+7 * 1
+4 * 1
+7 * 4
+4 * 4
+4 * 4 0 0 0 0 0 0 0 0 4 1
+2 +2 7 7 0 0 2
+8 * 7 7 0 0 2
+4 +5 7 7
+4 * 7 7 0 0 7
+4 +2 7
+3 * 7 0 0 0 0 0 0 0 0 7 1
+6 +6 7 0 7 1 0 0 1
+8 +2 7 7
+3 * 7
+2 * 7
+3 * 7 7 0 0 7 0 0 1
+7 * 7
+3 * 7
+2 * 7
+3 * 7 0 7
cfi=(78)
cfn=(286)
calls=7 0x11e00 343 
* * 2473256 633667 236123 129 15373 1910 124 7431 1089 379961 13130 5031 1089
+5 +4 7 7 0 0 2
+8 * 7 0 0 0 0 0 0 0 0 7 4
+2 * 3 3 0 0 2
+7 * 3 0 0 0 0 0 0 0 0 3 2
+2 +1 3
+5 * 3
+3 -22 3 0 0 1 0 0 1
+4 +22 3 0 3
cfi=(46)
cfn=(468) _dl_add_to_slotinfo
calls=3 0x13c40 1169 
* * 81 24 12 3 2 1 3 0 1 12 2
+5 -22 3
+4 * 3 0 0 0 0 0 0 0 0 3 1
+2 * 1 1 0 0 1
+8 * 1 1
+7 91 1
+2 * 1
+4 * 1
+3 +1 1
+3 * 1 0 1 0 0 1
+7 2301 1 0 1
cfi=(46)
cfn=(584) _dl_tls_initial_modid_limit_setup
calls=1 0x13bf0 1130 
* * 43 10 1 2 1 1 2 0 0 11 3
+5 +6 1 1
+8 * 1 0 0 1 0 0 1 0 0 1
+6 +4 1
+3 * 1 0 0 0 0 0 0 0 0 1
+6 * 1 1
+8 * 1 0 0 0 0 0 0 0 0 1
+6 +2 1 0 1
+8 +7 1 1
+7 * 1
+5 * 1 0 1
cfi=(46)
cfn=(586) _dl_allocate_tls_init
calls=1 0x13620 608 
* * 322 82 53 10 8 4 8 0 4 54 15 2 2
+5 +3 1 1
+7 * 1 0 0 0 0 0 0 0 0 1
+6 +4 1 1 0 1 0 0 1
+7 * 1 1 0 0 1
+7 * 1 0 0 0 0 0 0 0 0 1
+6 +3 1 0 1
cfi=(173) /usr/src/debug/glibc/glibc/elf/dl-find_object.c
cfn=(588) _dl_find_object_init
calls=1 0x5760 578 
* * 1513 302 124 16 88 7 16 0 5 376 82 1 1
+5 +5 1 1
+8 * 1 0 0 0 0 0 0 0 0 1
+2 84 1
+2 2339 1
+2 * 1 1
+7 * 1 1
+7 * 1 1
+7 84 1
+3 * 1 0 0 1 0 0 1
+4 * 1
+3 2339 1
+2 * 1 0 1
cfi=(78)
cfn=(288)
calls=1 0xf560 207 
* * 260 74 38 1 8 1 1 0 0 40 14 1 1
+5 91 1
+2 * 1
+4 * 1
+3 +9 1
+3 * 1 0 1
+7 2342 1 0 1
cfi=(175) /usr/src/debug/glibc/glibc/elf/../sysdeps/nptl/dl-mutex.c
cfn=(598) __rtld_mutex_init
calls=1 0x1cb70 30 
* * 514 118 45 11 14 0 11 3 0 54 22 4 4
+5 +1 1
+3 * 1 0 1
cfi=(7)
cfn=(604) __rtld_malloc_init_real
calls=1 0x1c9c0 76 
* * 3198 896 391 7 32 0 7 1 0 451 51 6 4
+5 +3 1
+3 * 1 0 1
cfi=(45)
cfn=(612)
calls=1 0x3590 46 
* * 706 208 87 3 9 0 2 1 0 104 11 1 1
+5 +4 1 1
+7 * 1 0 1
cfi=(78)
cfn=(464)
calls=1 0xf3f0 352 
* * 35 8 3 0 0 0 0 0 0 4 1
+5 +5 1 1 0 1 0 0 1
+7 * 1
+5 * 1 0 1
cfi=(179)
cfn=(614)
calls=1 0x1f40 27 
* * 1668 215 225 32 63 39 30 39 38 229 37 23 23
+5 +7 1 0 1
cfi=(9)
cfn=(636) _dl_sysdep_start_cleanup
calls=1 0x1e620 147 
* * 2 1 0 1 0 0 1
+5 +4 1
+2 * 1 0 1
cfi=(45)
cfn=(212)
calls=1 0x3620 94 
* * 7 2 0 1 1 0 0 0 0 2 1
+5 +1 1
+2 * 1
+3 -1 1
+3 +1 1 0 1
cfi=(45)
cfn=(148)
calls=1 0x3670 104 
* * 11 2 1 2 0 0 0 0 0 2 2
+5 +1 1
+1 +3 1
+2 * 1
+2 * 1 0 1
cfi=(49)
cfn=(638)
calls=1 0x19a70 41 
* * 8 3 0 2 0 0 1 0 0 1 1
+5 +4 1 0 1
cfi=(66) /usr/src/debug/glibc/glibc/elf/dl-cache.c
cfn=(640) _dl_unload_cache
calls=1 0x16230 508 
* * 19 5 4 2 1 0 2 0 0 2 1
+5 +5 1
+4 * 1 1 0 0 1
+1 * 1 1
+2 * 1 1 0 1
+2 * 1 1
+2 * 1 1
+2 * 1 1 0 0 1
+1 * 1 1
+1 225 1 0 0 1 0 0 1
+3 * 1 0 0 0 0 0 0 0 0 1
+6 -2 1 1
+7 * 1 1
+7 +2 1
+3 * 1 0 0 0 0 0 0 0 0 1 1
0x21f0a 2283 1 0 1 1 0 0 1
+7 +1 1 1
+4 -3 1
+3 * 1 0 0 0 0 0 0 0 0 1 1
+94 1765 1 1 0 1 1 0 1 1
+8 1290 1 1 0 1 1 0 1 1
+5 * 1 1
+5 * 1 0 1
+7 1765 1 0 0 0 0 0 0 0 0 1 1
fi=(3)
+99 56 1 0 0 1 0 0 1
+3 * 1
+3 * 1
+3 * 1
+3 * 1 0 0 1 0 0 1 0 0 1
+6 +3 1
+5 * 1
+3 * 1
+4 * 1 0 0 0 0 0 0 0 0 1 1
fe=(2)
0x220b0 1979 1 1 0 1 0 0 1
+7 -4 1 0 1
+11 +4 1
+3 * 1 0 0 0 0 0 0 0 0 1 1
+29 +14 1 1
+7 * 1
+2 * 1 1
+4 * 1
fi=(35) /usr/src/debug/glibc/glibc/elf/../sysdeps/unix/sysv/linux/dl-vdso.h
+5 40 1 0 0 1 0 0 1
+7 * 1 1 0 1 0 0 1
+7 +1 1
+4 * 1 0 1
+7 * 1
+3 * 1 0 0 0 0 0 0 0 0 1
fi=(36)
+6 -11 1 0 1
+11 +3 1 0 1
+11 +3 1 0 1
+11 +3 1 0 1 1 0 0 1
+11 +6 1 0 1
fi=(35)
+11 +10 1
+2 * 1
fi=(3)
0x225f7 +17 1 1 0 1 0 0 1
+7 * 1 1 0 1 0 0 1
+7 * 1 0 0 0 0 0 0 0 0 1
+6 +12 1 1
+4 * 1
+3 * 1 0 0 0 0 0 0 0 0 1 1
+6 +1 1 1
+7 * 1 1
+4 * 1
+3 * 1 0 0 0 0 0 0 0 0 1
+2 * 1 0 1
+4 +1 1 1
+7 * 1 1
+4 * 1
+3 * 1 0 0 0 0 0 0 0 0 1
+2 * 1 0 1
+4 +1 1 1 0 1 0 0 1
+7 * 1 1
+4 * 1
+3 * 1 0 0 0 0 0 0 0 0 1
+2 * 1 0 1
+4 +1 1 1
+7 * 1 1 0 0 1 0 0 1
+7 * 1
+3 * 1 0 0 0 0 0 0 0 0 1 1
+6 +1 1 1
+7 * 1 1
+7 * 1
+3 * 1 0 0 0 0 0 0 0 0 1
+2 * 1 0 1 1 0 0 1
+4 +1 1 1
+7 * 1 1
+7 * 1
+3 * 1 0 0 0 0 0 0 0 0 1
+2 * 1 0 1
+4 +1 1 1
+7 * 1 1
+7 * 1
+3 * 1 0 0 0 0 0 0 0 0 1
+2 * 1 0 1
+4 +12 1 1
+7 * 1 1
+4 +7 1 1 0 1 0 0 1
+7 -7 1
+3 * 1 0 0 0 0 0 0 0 0 1
+6 * 1 1
+4 * 1
+3 * 1 0 0 0 0 0 0 0 0 1
+2 * 1
+3 * 1 0 1
+4 +7 1
+3 * 1 0 0 0 0 0 0 0 0 1 1
fe=(2)
0x2287d 1755 1 1 0 1 0 0 1
+7 * 1 1
+3 * 1 0 1
+7 * 1
0x229e5 2019 1 0 0 1 0 0 1
+2 * 1 0 1
cfn=(260)
calls=1 0x1f5c0 735 
* * 963 126 399 25 7 40 25 5 40 364 36 5 3
+5 * 1 0 1
+7 * 1
fi=(3)
0x22c03 62 1 0 0 1 0 0 1
+5 * 1
+3 * 1
+4 * 1 0 0 0 0 0 0 0 0 1
+6 +2 1
+5 * 1
+3 * 1
+3 * 1
fe=(2)
0x22cd3 2635 1 1 0 1 0 0 1
+7 * 1 0 0 0 0 0 0 0 0 1
+6 +2 1
+4 * 1 0 1
+4 +1 1
0x22f5f 84 1 0 0 1 0 0 1
+2 1827 1 1
+7 * 1 1
+4 84 1
+4 * 1
+3 * 1
+3 1827 1
+7 * 1 0 1 1 0 0 1
cfn=(154) handle_preload_list
calls=1 0x1fd70 853 
* * 3002 721 370 122 39 44 122 39 44 486 173 9 3
+6 * 1
+3 91 1
+2 * 1
+4 * 1
+3 +9 1
+3 * 1 0 1
+7 * 1
+5 1928 1
+3 * 1
+3 * 1
+8 * 1
+4 * 1
+4 * 1
+3 * 1
+7 * 1 0 0 1 0 0 1
+3 * 1
+3 * 1 0 0 0 0 0 0 0 0 1 1
0x23114 * 1 0 0 1 0 0 1
+5 * 1
+3 * 1
+3 * 1 0 0 0 0 0 0 0 0 1
+2 * 1 0 1
+6 * 1
+5 +1 1
+2 -1 1
+4 +4 1
+2 * 1
+3 * 1 0 1
+4 +1 1 1
+4 +1 1 0 0 1 0 0 1
+3 * 1 0 0 0 0 0 0 0 0 1
+2 +1 1
+3 * 1 0 0 0 0 0 0 0 0 1
+6 -7 1
+3 * 1

fn=(158) do_preload
0x1ed60 788 1 0 1 1 0 0 1
+1 +12 1
+7 -12 1
+3 * 1 0 1
+2 * 1
+3 * 1 0 1
+2 +12 1
+4 * 1
+4 -12 1 0 1
+1 * 1
+3 * 1 0 0 1 0 0 1
+4 +6 1 0 1
+4 +6 1
+4 -2 1 1
+7 -3 1 0 1
+4 +5 1
+4 -10 1 0 1
+8 +6 1 0 1
+7 +4 1 0 1
cfi=(51)
cfn=(160)
calls=1 0x2580 258 
* * 2659 584 325 107 37 38 107 37 38 454 157 9 3
+5 +1 1 1
+4 * 1
+3 * 1 0 0 0 0 0 0 0 0 1
+2 +8 1
+2 * 1 1
+7 * 1 0 0 1 0 0 1
+3 +6 1
+4 * 1 1
+1 * 1 1
+2 * 1 1
+2 * 1 1
+1 * 1 1

fn=(154)
0x1fd70 853 1 0 0 1 0 0 1
+4 * 1 0 1
+1 * 1
+3 * 1 0 1
+2 * 1 0 1
+2 * 1 0 1
+2 * 1 0 1
+2 * 1 0 1 1 0 0 1
+1 * 1
+7 * 1 0 1 0 0 1 0 0 1
+5 * 1
+4 +5 1 1
+3 * 1 0 0 0 0 0 0 0 0 1
+6 * 1 0 1
+7 * 1
+3 * 1
+3 -4 1
+3 * 1
+13 +17 1
+3 182 1 1
+6 873 1 1
+3 * 1
+4 182 1
+2 * 1 0 0 0 0 0 0 0 0 1
+6 875 1 1
+7 * 1 0 0 0 0 0 0 0 0 1
+2 +1 1 1
+7 * 1
+3 * 1
+7 * 1 0 1
cfn=(158)
calls=1 0x1ed60 -88 
* * 2690 592 334 110 37 38 110 37 38 455 157 9 3
+5 * 1
+3 -18 1 1
+3 * 1 0 0 0 0 0 0 0 0 1 1
+2 +3 1 0 0 1 0 0 1
+7 * 1
+3 * 1 0 1 1 0 0 1
cfi=(50)
cfn=(156)
calls=1 0x27d00 32 
* * 238 111 20 6 2 4 6 2 4 22 13
+6 * 1
+3 +1 1
+4 * 1
+6 * 1 0 0 0 0 0 0 0 0 1
+2 +2 1
+3 * 1
+3 * 1
+7 * 1 0 1
cfi=(29)
cfn=(82)
calls=1 0x25cc0 210 
* * 19 5 4 1 0 1 1 0 1 4 2
+6 +1 1 0 1
+9 * 1
+10 +14 1 0 0 1 0 0 1
+7 * 1
+3 * 1 1
+1 * 1 1
+2 * 1 1
+2 * 1 1
+2 * 1 1
+2 * 1 1
+1 * 1 1

fl=(9)
fn=(18) _dl_sysdep_parse_arguments
0x1d640 78 1 0 1 1 0 0 1
+1 +2 1
+4 -2 1
+3 * 1 0 1 0 0 1 0 0 1
+2 * 1 0 1
+2 * 1 0 1
+2 * 1 0 1
+2 * 1 0 1
+1 * 1
+7 +1 1 1 0 0 1 0 0 1
+4 +1 1 0 1
+7 -1 1 0 1
+6 +2 1
+2 * 1
+5 * 1 0 1 0 0 1 0 0 1
+7 +2 1 1
+4 * 1 0 0 0 0 0 0 0 0 1
+2 * 1
+3 -1 1 0 0 1 0 0 1
+4 +1 1 1
+4 * 1 0 0 0 0 0 0 0 0 1 1
-8 -1 74
+4 +1 74 74 0 0 10 0 0 10
+4 * 74 0 0 0 0 0 0 0 0 74 9
+2 +7 1
+2 * 1
+7 * 1
+5 * 1 0 1 0 0 1 0 0 1
* * 52 0 51 0 0 6 0 0 6 52 10
fi=(10) /usr/src/debug/glibc/glibc/elf/../sysdeps/unix/sysv/linux/dl-parse_auxv.h
+3 -48 1 1
fe=(9)
+4 +44 1
fi=(10)
+4 -53 1
fe=(9)
+7 +53 1 0 1 0 0 1 0 0 1
fi=(10)
+7 -53 1 0 1
+7 +1 1 0 1 1 0 0 1
+11 +1 1 0 1
+11 +7 1
+3 * 1 0 0 0 0 0 0 0 0 1
+6 * 1
+9 +1 1
+4 * 1 0 0 0 0 0 0 0 0 1
-4 * 21
+4 * 21 0 0 0 0 0 0 0 0 21
+2 +1 22 22 0 0 5 0 0 5
+4 * 22 0 22
+8 -2 22 22
+4 * 22
+4 * 22
+3 * 22 0 0 0 0 0 0 0 0 22 6
+2 +13 1 1 0 1 0 0 1
+7 +10 1
fe=(9)
+5 +29 1 1
fi=(10)
+6 -27 1
fe=(9)
+6 +26 1 1
+7 +2 1 1
fi=(10)
+7 -40 1 0 1
+7 +2 1 1
fe=(9)
+7 +37 1 0 1
fi=(10)
+6 -47 1 1
+7 +10 1 0 1 1 0 0 1
+7 +8 1 1
+7 -17 1 1
+7 +1 1 1
+7 +16 1
+3 -15 1 1
+7 +1 1 1
+7 +14 1
+4 +2 1 1
+7 -15 1 1
+7 +1 1 1 0 1 0 0 1
+7 +1 1 1
+8 * 1 1
+8 +13 1
+3 * 1 1
+4 * 1
+4 -18 1 0 1
+7 +6 1 1
+7 -5 1 0 1
+7 +5 1 0 1
+7 +2 1 1 0 1 0 0 1
+7 -6 1 0 1
+7 +6 1 0 1
fe=(9)
+7 +37 1 1
fi=(10)
+6 -42 1 0 1
+7 -4 1 0 1 0 0 1 0 0 1
+7 +5 1 0 1
+7 +1 1 0 1
+8 -8 1 0 1
+7 +21 1 0 1 1 0 1 1 0 1
+7 -20 1 0 1
+7 +18 1 0 1
fe=(9)
+6 +28 1 0 1
+3 +1 1 0 1
+3 +1 1 0 1
+4 +1 1
+7 * 1 1
+1 * 1 1
+2 * 1 1
+2 * 1 1
+2 * 1 1
+2 * 1 1
+1 * 1 1

fn=(16)
0x1e560 102 1 0 0 1 0 0 1
+4 * 1 0 1
+1 * 1
+3 * 1 0 1 0 0 1 0 0 1
+1 * 1
+3 +4 1
+4 -4 1
+4 +1 1 0 1
+7 +3 1 0 1
cfn=(18)
calls=1 0x1d640 -28 
* * 538 149 106 8 16 12 8 16 12 173 26
+5 +4 1 1 0 1 0 0 1
+7 * 1 0 1
cfi=(11)
cfn=(22)
calls=1 0x14680 294 
* * 20239 3416 33 10 48 4 10 48 4 4878 285
+5 +3 1 0 1
cfi=(13) /usr/src/debug/glibc/glibc/elf/dl-sort-maps.c
cfn=(26) _dl_sort_maps_init
calls=1 0x126c0 289 
* * 32 7 4 4 2 0 4 2 0 3 2
+5 +2 1
+2 * 1 0 1
cfi=(14)
cfn=(30)
calls=1 0x23a50 -79 
* * 8 1 1 1 0 1 1 0 1 1
fi=(6)
+5 +94 1 0 1
cfi=(15)
cfn=(34)
calls=1 0x19280 37 
* * 7292 847 502 99 27 9 99 27 9 1630 229
fe=(9)
+5 -87 1 1
+7 * 1
+3 * 1 0 0 0 0 0 0 0 0 1
+2 +1 1 0 1
cfi=(22)
cfn=(62)
calls=1 0x27ee0 -66 
* * 17 2 0 2 1 0 2 1 0 2
+5 * 1 0 1
+7 +2 1
+2 * 1 0 1
cfi=(23) /usr/src/debug/glibc/glibc/elf/../misc/sbrk.c
cfn=(64) sbrk
calls=1 0x24380 -88 
* * 13 3 1 2 0 0 2 0 0 2 1
+5 * 1 0 0 1 0 0 1
+7 * 1
+3 * 1 0 0 0 0 0 0 0 0 1
+2 +12 1 1
+6 * 1
+2 * 1 0 0 0 0 0 0 0 0 1
+2 +3 1 1
+3 * 1 1
+4 * 1
+4 * 1 1
+7 * 1 0 1 0 0 0 0 0 0 0 0 1 1
cfi=(2)
cfn=(66)
calls=1 0x1fe90 1357 
* * 2632574 672746 252287 932 16638 2612 915 8457 1777 408495 16136 5478 1330
+2 +3 1 1 0 1
+4 * 1 1
+4 * 1 1 0 0 1
+1 * 1 1

fn=(636)
0x1e620 147 1 0 0 1 0 0 1
+4 +1 1 1

fl=(70) /usr/src/debug/glibc/glibc/malloc/scratch_buffer_set_array_size.c
fn=(242) __libc_scratch_buffer_set_array_size
0x24cb0 30 5 0 0 1 0 0 1
+4 * 5 0 5
+1 * 5
+3 * 5
+3 * 5
+3 * 5 0 5
+2 * 5 0 5 1 0 0 1
+2 * 5 0 5
+1 * 5
+3 * 5
+4 * 5
+3 * 5
+3 * 5
+3 +4 5
+3 +1 5
+4 * 5 0 0 0 0 0 0 0 0 5 2
+7 +10 5 5
+4 * 5 0 0 0 0 0 0 0 0 5 2
+41 +18 5 0 0 1 0 0 1
+4 -17 5
+5 +17 5 5
+1 * 5 5
+2 * 5 5
+2 * 5 5
+1 * 5 5

fl=(30)
fn=(112)
0x7c00 680 1 0 0 1 0 0 1
+4 * 1 0 1
+1 * 1
+3 * 1 0 1
+2 * 1
+3 * 1
+3 * 1 0 1
+2 +14 1
+7 -14 1 0 1
+2 * 1
+3 * 1
+3 +14 1
+7 -14 1 0 1
+1 +14 1 0 1
cfi=(38)
cfn=(114)
calls=1 0x1bf80 171 
* * 1379 282 232 32 1 7 32 1 7 154 42 2 1
fi=(28)
+5 56 1
fe=(30)
+5 694 1 0 1
fi=(28)
+7 56 1 1 1 0 0 0 0 0 0 0 0 1 1
cfi=(27)
cfn=(78)
calls=1 0xc630 -20 
* * 18 3 3 0 0 0 0 0 0 3 1
fe=(30)
+6 699 1 0 1 1 0 1 1 0 1
+7 +2 1
+3 * 1 0 0 0 0 0 0 0 0 1
+6 +12 1
+10 * 1
+3 -4 1 1
+7 +4 1
+8 * 1
+3 * 1
+4 * 1
+4 * 1
fi=(28)
+4 56 1 1 1 1 0 0 1 0 0 0 0 1 1
cfi=(27)
cfn=(78)
calls=1 0xc630 -20 
* * 18 3 3 0 0 0 0 0 0 3 1
fe=(30)
+6 713 1 0 1
+4 +2 1 1
+7 * 1 1
+3 * 1
+3 * 1 0 0 0 0 0 0 0 0 1
+6 +17 1
+7 +9 1 1
+7 -19 1 0 1
+7 -1 1 0 1
+10 +11 1
+5 +3 1 0 0 1 0 0 1
+7 -5 1 0 1
+4 +5 1 0 1
+4 +1 1 0 1 0 0 1 0 0 1
+8 -4 1 0 1
+4 +9 1
+3 * 1 0 0 0 0 0 0 0 0 1
+2 +1 1
+4 * 1
+4 * 1
+2 * 1 0 1
cfi=(44)
cfn=(140)
calls=1 0x25eb0 137 
* * 14 1 2 3 0 0 3 0 0 2 2
+6 +2 1 0 1
+7 +12 1 1
+7 +3 1 0 0 1 0 0 1
+7 -8 1 0 1
+8 -1 1 0 1
+11 +9 1
+3 * 1
+4 +2 1 1
+7 * 1
+3 * 1
+2 * 1 0 0 0 0 0 0 0 0 1
+6 +2 1 1
+7 * 1
+3 * 1 0 0 0 0 0 0 0 0 1 1
+75 +36 1 0 0 1 0 0 1
+3 * 1 0 0 0 0 0 0 0 0 1 1
+9 +31 1 0 1
+11 +1 1
+4 * 1 1
+1 * 1 1
+2 * 1 1
+2 * 1 1
+2 * 1 1
+1 * 1 1
+75 -49 1 1 0 1 0 0 1
+7 -2 1 0 1 1 0 0 1
+11 +2 1
+3 * 1 0 0 0 0 0 0 0 0 1 1
0x7f0e +14 1 0 1 1 0 0 1
+11 * 1

fn=(176) _dl_map_new_object
0x9d00 1928 5 0 0 1 0 0 1
+4 * 5 0 5
+1 * 5
+3 * 5 0 5
+2 * 5 0 5
+2 * 5
+3 * 5 0 5
+2 * 5
+3 * 5 0 5
+2 * 5
+3 * 5 0 5
+1 * 5
+3 * 5
+7 * 5 0 5 0 0 2 0 0 2
+6 * 5 0 5 0 0 1 0 0 1
+6 +10 5 5
+7 * 5 0 0 0 0 0 0 0 0 5 3
+11 +12 5 5 0 1 0 0 1
+6 -5 5 0 5
+7 -15 5 0 5
+11 +20 5
+2 * 5 0 0 0 0 0 0 0 0 5
+6 +14 5
+5 * 5
+3 * 5 0 5 0 0 2 0 0 2
cfi=(42)
cfn=(126)
calls=5 0x26650 32 
* * 120 15 0 0 0 0 0 0 0 10
+5 * 5
+3 * 5 0 0 0 0 0 0 0 0 5 2
+6 2116 1
+3 * 1 0 0 1 0 0 1 0 0 1
+6 -1 1
+3 * 1
+3 * 1 0 1
cfn=(178) expand_dynamic_string_token
calls=1 0x7580 375 
* * 171 30 20 8 0 2 8 0 2 16 6 1 1
+5 +6 1
+3 -7 1 0 1
+7 +1 1
+3 +2 1
+3 * 1 0 0 0 0 0 0 0 0 1
+6 +4 1
+7 * 1
+2 * 1
+6 * 1
+3 * 1
+3 * 1
+7 * 1 0 1 1 0 0 1
+7 * 1 0 1
cfn=(184) open_verify.constprop.0
calls=1 0x6780 1522 
* * 105 22 15 9 1 1 9 1 1 18 2
+5 +3 1 1
+7 * 1
+3 -3 1
+2 +3 1 0 0 0 0 0 0 0 0 1
+6 +58 1 1
+7 -46 1
+2 * 1
+7 * 1
+4 +46 1 1
+6 * 1 0 1
+2 * 1
+3 * 1
+3 * 1 1 1 1 0 0 1
+6 * 1 1
+7 * 1
+3 * 1
+3 * 1 0 1
+2 * 1 0 1
+1 * 1 0 1
cfn=(190) _dl_map_object_from_fd
calls=1 0x8160 948 
* * 1811 400 210 66 33 26 66 33 26 359 122 5 1
-49 -46 4
+2 * 4
+7 * 4
+4 +46 4 4
+6 * 4 0 4
+2 * 4
+3 * 4
+3 * 4 4 4
+6 * 4 4
+7 * 4
+3 * 4
+3 * 4 0 4
+2 * 4 0 4
+1 * 4 0 4
cfn=(190)
calls=4 0x8160 948 
* * 8950 1744 1376 15 118 186 14 118 186 1768 349 20
+5 * 5
+4 +2 5
+4 * 5 5
+1 * 5 5
+2 * 5 5
+2 * 5 5
+2 * 5 5
+2 * 5 5
+1 * 5 5
0x9ef8 1968 4 0 0 1 0 0 1
+3 * 4 0 4
cfi=(22)
cfn=(62)
calls=4 0x27ee0 57 
* * 68 8 0 0 0 0 0 0 0 8
+5 * 4 0 0 1 0 0 1
+4 * 4 0 4
+7 +2 4 4
+7 * 4 0 0 0 0 0 0 0 0 4
+6 +7 4
+3 * 4 0 0 0 0 0 0 0 0 4
+6 * 4 4
+8 * 4 0 0 0 0 0 0 0 0 4 2
0x9fe8 +4 4 4 0 1 0 0 1
+7 +8 4 0 4 0 0 1 0 0 1
+7 * 4
+3 * 4 0 4
+7 * 4 0 0 1 0 0 1
+7 -8 4 0 4
+7 +5 4
+7 * 4 0 4
+7 +3 4
+3 * 4 0 4
+7 * 4 0 4
+7 * 4
+3 -3 4 4
+7 * 4
+3 * 4 0 0 0 0 0 0 0 0 4 2
+6 +1 4 0 0 1 0 0 1
+3 * 4
+5 * 4
+7 * 4
+3 * 4 0 4
cfn=(222) cache_rpath
calls=4 0x7b90 656 
* * 32 8 0 2 0 0 2 0 0 4 2
+5 * 4
+2 * 4 0 0 0 0 0 0 0 0 4 2
0xa0ca -1 4 4 0 1 0 0 1
+7 * 4 4
+7 * 4 4
+7 * 4 4
+7 +15 4
+3 * 4 0 0 0 0 0 0 0 0 4
+6 +1 4 4
+7 * 4
+3 * 4 0 0 0 0 0 0 0 0 4
+6 * 4 4 0 1 0 0 1
+7 * 4 0 4
+6 * 4
+3 * 4
+2 * 4 0 0 0 0 0 0 0 0 4
+6 * 4
+76 +32 4 0 0 1 0 0 1
+3 * 4 0 0 0 0 0 0 0 0 4
+6 * 4
+4 +1 4
+7 * 4
+5 * 4 0 0 1 0 0 1
+7 * 4
+3 * 4 0 4
cfn=(222)
calls=4 0x7b90 656 
* * 32 8 0 0 0 0 0 0 0 4 2
+5 * 4
+2 * 4 0 0 0 0 0 0 0 0 4
+6 +8 4
+7 * 4 0 0 0 0 0 0 0 0 4
+6 +2 4 4
+6 * 4
+2 * 4 0 0 0 0 0 0 0 0 4
+6 +4 4
+3 * 4 0 4
cfi=(66)
cfn=(224) _dl_load_cache_lookup
calls=4 0x15eb0 386 
* * 5945 962 203 26 75 5 26 75 5 1402 116 4
+5 * 4
+3 +2 4
+3 * 4 0 0 1 0 0 1 0 0 4
+6 +4 4
+3 * 4 0 0 0 0 0 0 0 0 4
+6 +31 4
+3 -23 4 4
+7 * 4 0 0 0 0 0 0 0 0 4
+6 +23 4
+7 * 4
+3 * 4
+5 * 4
+3 * 4
+7 * 4
+3 * 4 0 4
+7 * 4 0 4 1 0 0 1
cfn=(184)
calls=4 0x6780 1522 
* * 456 92 62 6 1 1 6 1 1 79 14
+5 * 4
+2 +4 4
+3 * 4 0 0 0 0 0 0 0 0 4
+6 +18 4 4
+7 -17 4 0 4
+7 +17 4 4
+7 * 4 0 0 0 0 0 0 0 0 4 3
0xa35e 2003 4 4 0 1 0 0 1
+7 * 4 4
+7 * 4
+5 * 4
+7 * 4 0 4
+7 * 4 0 4 1 0 0 1
cfn=(222)
calls=4 0x7b90 656 
* * 32 8 0 0 0 0 0 0 0 4 2
+5 * 4
+2 * 4 0 0 0 0 0 0 0 0 4
+6 +9 4
+7 * 4 0 0 0 0 0 0 0 0 4
+6 +15 4 4
+8 * 4 0 0 0 0 0 0 0 0 4 2

fn=(178)
0x7580 375 1 0 1 1 0 0 1
+1 * 1
+3 * 1 0 1
+2 * 1
+3 +10 1
+3 -10 1 0 1
+1 * 1
+3 * 1
+4 +10 1 0 1 0 0 1 0 0 1
cfn=(180) _dl_dst_count
calls=1 0x7360 228 
* * 63 10 4 5 0 0 5 0 0 4 2
+5 +3 1
+3 * 1 0 0 0 0 0 0 0 0 1
+2 +12 1
+4 -11 1
+3 +11 1 1
+1 * 1 1
+2 * 1 1
+1 -11 1
cfi=(54)
cfn=(182)
calls=1 0x27e80 40 
* * 91 17 12 2 0 1 2 0 1 11 4 1 1

fn=(184)
0x6780 1522 5 0 5 1 0 0 1
+1 * 5
+3 * 5 0 5
+2 * 5 0 5
+2 * 5
+3 * 5 0 5
+2 * 5 0 5
+2 * 5 0 5
+1 * 5
+3 * 5
+4 +32 5 5
+6 -32 5 0 5
+4 * 5 0 5
+4 +32 5
+2 * 5 0 0 0 0 0 0 0 0 5
+6 +19 5
+5 * 5
+3 * 5
+2 * 5 0 5 0 0 1 0 0 1
cfi=(55)
cfn=(186)
calls=5 0x24bb0 28 
* * 105 10 10 2 0 0 2 0 0 15 4
+5 * 5
+3 +2 5 0 0 1 0 0 1
+3 * 5 0 0 0 0 0 0 0 0 5
+6 +8 5 0 5
+10 +1 5
+2 * 5 0 5 0 0 1 0 0 1
+7 +6 5
+5 -1 5
+5 * 5
+3 +1 5
+3 -1 5 0 5
cfi=(56)
cfn=(188)
calls=5 0x24c50 25 
* * 30 5 0 1 0 0 1 0 0 5
+5 * 5
+3 +4 5 5
+3 -2 5
+3 * 5 0 0 0 0 0 0 0 0 5
+2 +2 5
+3 * 5 0 5 1 0 0 1
+3 +2 5
+4 * 5 0 0 0 0 0 0 0 0 5
+2 +6 5
+4 * 5 0 0 0 0 0 0 0 0 5
+6 +15 5
+10 * 5 5
+4 * 5 0 0 0 0 0 0 0 0 5 4
+6 * 5 5 0 0 1 0 0 1
+5 * 5
+2 * 5 0 0 0 0 0 0 0 0 5
+6 * 5 5
+4 * 5
+2 * 5 0 0 0 0 0 0 0 0 5
+2 * 5 5
+4 * 5
+2 * 5 0 0 1 0 0 1 0 0 5 3
+64 * 5 0 0 1 0 0 1
+3 +62 5 5
+5 * 5 0 0 0 0 0 0 0 0 5
+2 +5 5 5
+6 * 5 0 0 0 0 0 0 0 0 5
+2 +6 5 5
+5 * 5
+3 * 5
+4 * 5 0 0 0 0 0 0 0 0 5
+6 +6 5 5
+6 * 5 0 0 0 0 0 0 0 0 5
+6 +6 5 5 0 0 1 0 0 1
+5 +1 5 5
+4 -1 5
+4 +1 5 0 0 1 0 0 1
+4 * 5
+3 * 5 0 0 0 0 0 0 0 0 5 1
+2 +26 5
+4 * 5
+3 * 5 5
+1 * 5 5
+2 * 5 5
+2 * 5 5
+2 * 5 5
+2 * 5 5
+1 * 5 5
+73 -22 1 0 0 1 0 0 1
+5 * 1
+3 * 1
+3 * 1
+6 * 1
+3 * 1
+3 * 1 0 0 0 0 0 0 0 0 1 1
+23 * 1 0 0 1 0 0 1
+5 * 1
+3 * 1
+3 * 1 0 0 0 0 0 0 0 0 1
+6 * 1
+5 +1 1
+3 * 1
+3 -1 1
+4 +1 1 0 1
cfi=(69)
cfn=(240)
calls=1 0x24c20 25 
* * 7 1 0 1 0 0 1 0 0 1
+5 * 1
+3 * 1 0 0 0 0 0 0 0 0 1 1
+98 -91 3 0 0 1 0 0 1
+10 * 3 3
+4 * 3 0 0 0 0 0 0 0 0 3 2
+82 +90 1 0 1 1 0 0 1
+6 * 1 0 0 1 0 0 1

fn=(190)
0x8160 948 5 0 5 1 0 0 1
+1 * 5
+3 * 5 0 5
+2 * 5
+3 * 5 0 5
+2 * 5 0 5
+2 * 5
+3 * 5 0 5
+2 * 5 0 5
+1 * 5
+3 * 5
+7 +15 5 5
+3 -15 5 0 5 1 0 1 1 0 1
+7 * 5 0 5 0 0 2 0 0 2
+7 +15 5
+5 -15 5 0 5
+6 +15 5 0 5
+6 * 5 0 0 0 0 0 0 0 0 5 3
+86 +85 5 5 0 1 0 0 1
+3 * 5
+3 * 5 0 5 1 0 0 1
+6 * 5 0 0 0 0 0 0 0 0 5
+6 +10 5 5
+7 * 5 0 0 0 0 0 0 0 0 5
+6 +7 5 5
+4 * 5 5
+4 * 5
+3 * 5 5
+3 * 5 5
+7 * 5 5
+7 * 5 0 5
cfi=(26)
cfn=(72)
calls=5 0xcca0 59 
* * 1762 354 253 9 8 42 8 8 42 252 74 15 1
+5 * 5
+3 +1 5
+3 * 5 0 0 1 0 0 1 0 0 5
+6 +11 5 5
+4 +1 5 5
+5 -1 5 0 5 0 0 2 0 0 2
+8 +2 5 5
+5 +3 5 5
+4 -3 5 0 5
+9 +2 5
+4 +1 5
+4 * 5 5
+3 * 5 0 0 0 0 0 0 0 0 5 1
+6 +1 4
+5 * 4 0 4 1 0 0 1
+7 +19 4 4
+9 * 4
+3 -2 4 0 4
+7 +2 4
+4 * 4
+4 * 4
+3 * 4
+6 * 4
+3 * 4
+3 * 4 0 0 0 0 0 0 0 0 4 2
-42 * 1 1
+9 * 1
+3 -2 1 0 1
+7 +2 1
+4 * 1
+4 * 1
+3 * 1
+6 * 1
+3 * 1
+3 * 1 0 0 0 0 0 0 0 0 1 1
+23 * 5 0 0 1 0 0 1
+5 * 5
+3 * 5
+3 * 5 0 0 0 0 0 0 0 0 5
+2 * 5 0 5
+6 * 5
+5 * 5
+3 * 5
+4 * 5
+3 +10 5 5
+7 -10 5
+4 * 5 0 5
+7 +10 5
+3 * 5
+3 * 5 0 0 1 0 0 1 0 0 5
+6 +27 5 5
+7 -33 5
+2 -3 5
+2 +2 5 0 5
+7 -1 5 0 5
+7 +8 5 5
+7 +36 5
+3 +27 5 0 5
+7 -36 5
+4 -41 5 0 5
+10 +50 5
+3 +27 5 0 5 1 0 0 1
+7 * 5 0 5
+7 * 5
+5 -62 39
+3 * 39 0 0 0 0 0 0 0 0 39 5
+6 * 34
+3 * 34 0 0 0 0 0 0 0 0 34 1
+6 * 33
+3 * 33 0 0 0 0 0 0 0 0 33 14
+6 +26 20 20 0 0 5 0 0 5
+4 * 20 20
+4 * 20
+3 * 20
+3 * 20
+3 * 20 0 0 1 0 0 1 0 0 20
+6 +8 20
+4 +2 20 20 0 0 2 0 0 2
+4 -1 20
+3 -1 20
+4 +1 20
+3 +1 20
+3 +2 20 20
+4 -3 20 0 20
+7 * 20 0 20 0 0 4 0 0 4
+4 +1 20
+5 +2 20 0 20 0 0 3 0 0 3
+5 +2 20 20
+4 -4 20
+3 * 20 0 20
+5 +4 20
+3 * 20 0 0 1 0 0 1
+3 -3 20 0 20
+5 +3 20
+4 * 20
+4 * 20
+3 * 20
+4 +2 20
+3 * 20 0 20 0 0 2 0 0 2
+5 +13 20
+4 * 20 0 0 0 0 0 0 0 0 20 5
+2 * 15 15
+7 * 15 15
+5 * 15
+4 * 15 0 15
+7 +6 15
+4 +1 15 15
+3 * 15
+6 * 15
+3 * 15
+3 * 15
+3 * 15
+3 * 15
+3 * 15 0 15
+5 -28 15
+3 * 15
+1 -35 15
+4 * 15
+3 * 15 0 0 0 0 0 0 0 0 15
-44 +62 5
+4 +1 5 5
+3 * 5
+6 * 5
+3 * 5
+3 * 5
+3 * 5
+3 * 5
+3 * 5 0 5 0 0 1 0 0 1
+5 -28 5
+3 * 5
+1 -35 5
+4 * 5
+3 * 5 0 0 0 0 0 0 0 0 5
-7 * 39
+4 * 39
+3 * 39 0 0 0 0 0 0 0 0 39
+2 +1 64 64 0 1 10 0 1 10
+2 * 64
+3 * 64 0 0 0 0 0 0 0 0 64 7
+6 * 61 0 0 0 0 0 0 0 0 61 17
+6 * 22
+6 * 22 0 0 1 0 0 1 0 0 22 5
+6 * 17
+6 * 17 0 0 0 0 0 0 0 0 17 13
+2 1225 5 5 0 0 1 0 0 1
+5 1112 5
+4 1225 5 5
+5 * 5 0 5
+9 1112 5
+3 * 5 0 0 0 0 0 0 0 0 5
+2 * 5
+6 1230 5 5
+7 * 5 5
+7 * 5 0 0 1 0 0 1
+3 * 5 0 0 0 0 0 0 0 0 5 2
+6 1078 5 5
+7 1240 5
+2 1078 5 0 5
+6 * 5
+4 * 5
+6 1241 5
+3 -1 5
+4 +1 5 0 5
+3 -1 5
+4 * 5
+3 * 5 0 0 0 0 0 0 0 0 5 2
-17 +1 15
+3 -1 15
+4 +1 15 0 15
+3 -1 15
+4 * 15
+3 * 15 0 0 0 0 0 0 0 0 15 4
+2 +7 5 5
+7 * 5 0 0 0 0 0 0 0 0 5
+6 +10 5 5 0 1 0 0 1
+6 * 5 0 0 0 0 0 0 0 0 5
+6 * 5 5
+7 * 5 0 0 0 0 0 0 0 0 5
+6 +7 5
+4 * 5 5
+7 * 5 5
fi=(59) /usr/src/debug/glibc/glibc/elf/./dl-map-segments.h
+8 29 5 5
fe=(30)
+8 1264 5 5
+5 * 5 0 5
+7 * 5 0 0 1 0 0 1
+3 * 5 0 5
fi=(59)
+7 29 5
+3 * 5 0 0 0 0 0 0 0 0 5
+6 +1 5 5
+7 * 5 5
+7 * 5
+5 * 5 5
+7 * 5 5
+7 * 5 5
+7 * 5 5 0 1 0 0 1
+8 * 5 0 5
cfi=(60)
cfn=(198)
calls=5 0x24dd0 +17 
* * 140 25 15 2 0 1 2 0 1 25 4
+5 +72 5 0 5
+8 -72 5
+3 +73 5
+4 * 5 0 0 0 0 0 0 0 0 5
+6 +3 5 5
+7 * 5
+3 +1 5 5
+7 -1 5 0 5
+8 +1 5 0 5
+4 +2 5 5 0 1 0 0 1
+7 * 5 0 0 0 0 0 0 0 0 5 2
+56 +17 5 0 5 1 0 0 1
+9 -44 5
fi=(61) /usr/src/debug/glibc/glibc/elf/./dl-load.h
+3 +9 5 5
+9 * 5 0 0 0 0 0 0 0 0 5 3
-9 * 15 15
+9 * 15 0 0 0 0 0 0 0 0 15
fi=(59)
+6 +59 20 20
+4 * 20 20
+4 * 20
+3 * 20 0 0 0 0 0 0 0 0 20 11
+6 +6 5 5
+4 +2 5 5
+7 -2 5
+3 +3 5
+3 -2 5
+4 +2 5
+3 -1 5 0 0 1 0 0 1
+5 * 5
+3 +3 5
+3 * 5
+3 * 5
+4 +5 5
+3 * 5 0 0 0 0 0 0 0 0 5
+2 +3 5 5
+4 * 5
+4 * 5 0 0 0 0 0 0 0 0 5
+6 +8 5
+3 * 5 0 5
+7 * 5
+2 * 5
+3 * 5 0 5
+7 * 5
+3 * 5 0 5
+7 * 5 0 5
cfi=(44)
cfn=(140)
calls=5 0x25eb0 -40 
* * 826 5 434 1 0 110 1 0 110 118 25
+6 * 5 5
+7 * 5 5
+7 * 5 5
+7 +6 5
+3 * 5 0 0 0 0 0 0 0 0 5 2
+6 +41 20 0 0 1 0 0 1
+4 -88 20
+4 * 20
+3 * 20
+3 * 20 0 0 0 0 0 0 0 0 20 5
+6 +2 15 15
+4 * 15 15 0 1 0 0 1
+4 * 15
+3 * 15 0 0 0 0 0 0 0 0 15
+6 +2 15 15
+4 * 15 15
+4 +1 15
+3 -1 15
+5 * 15 15
+7 * 15 15
+4 * 15 0 15
cfi=(60)
cfn=(198)
calls=15 0x24dd0 -93 
* * 315 60 45 0 0 0 0 0 0 45
+5 * 15
+4 * 15 0 0 0 0 0 0 0 0 15 2
fi=(57) /usr/src/debug/glibc/glibc/elf/../sysdeps/posix/dl-fileid.h
0x8730 37 5 5 0 1 0 0 1
+6 * 5
+7 * 5 0 5 1 0 2 1 0 2
cfi=(58) /usr/src/debug/glibc/glibc/io/../sysdeps/unix/sysv/linux/fstat64.c
cfn=(194) fstat
calls=5 0x24950 -7 
* * 30 5 0 1 0 0 1 0 0 5
+5 * 5
+2 * 5 0 0 0 0 0 0 0 0 5
+6 +3 5 5 0 0 1 0 0 1
fe=(30)
+7 999 5
fi=(57)
+7 40 5 0 5
+7 +1 5 5
+7 * 5 0 5
fe=(30)
+7 999 5 5
+5 * 5 5
+4 * 5 5
+7 * 5 5 0 1 0 0 1
+7 * 5
+3 * 5 0 0 0 0 0 0 0 0 5 4
+25 * 20 20
+5 * 20
+3 * 20 0 0 0 0 0 0 0 0 20 5
+6 +1 20 20
+9 * 20 0 0 0 0 0 0 0 0 20
fi=(57)
+2 49 20 20 0 1 1 0 1 1
+8 * 20 0 0 0 0 0 0 0 0 20 5
+2 * 10 10
+8 * 10 0 0 0 0 0 0 0 0 10 4
fe=(30)
+39 1469 5
+4 * 5
+3 * 5 5
+1 * 5 5
+2 * 5 5
+2 * 5 5
+2 * 5 5
+2 * 5 5
+1 * 5 5
+5 1133 1 1
+4 * 1 0 1
+8 +1 1
+12 -15 5 5 0 1 1 0 1 1
+5 * 5 0 0 0 0 0 0 0 0 5
+6 +9 5 5
+9 -2 5 5
+4 * 5 0 5
+5 +1 5 5 0 1 1 0 1 1
+4 +1 5
+4 -1 5
+4 * 5 0 5
+9 +1 5 5
+4 * 5
+3 * 5
+3 * 5
+3 * 5
+3 * 5
+3 * 5 0 5
+8 * 5
+11 +93 5 5
+3 * 5 0 5 1 0 0 1
+6 +1 5
+15 -34 3 3 0 0 1 0 0 1
+4 * 3
+3 * 3 0 0 0 0 0 0 0 0 3
+6 +5 3 3 0 0 1 0 0 1
+4 -1 3
+5 * 3
+5 +5 3
+4 -5 3
+4 * 3 0 3 0 0 3 0 0 3
+9 -66 3 3
+4 +71 3 0 0 1 0 0 1
+3 * 3
+3 * 3
+4 * 3 0 3 0 0 1 0 0 1
+8 +1 3 3
+4 +3 3 0 3 0 0 1 0 0 1
+8 -3 3 0 3
+8 +8 3 3
+9 * 3
+3 * 3
+4 * 3 0 0 0 0 0 0 0 0 3 2
+66 1086 1 0 0 1 0 0 1
+4 * 1
+3 * 1 0 0 1 0 0 1
+3 * 1
+6 * 1
+3 * 1
+3 * 1 0 0 0 0 0 0 0 0 1 1
+23 * 1
+5 * 1
+3 * 1
+3 * 1 0 0 0 0 0 0 0 0 1 1
+6 * 1
+5 +1 1 1
+6 * 1
+3 -1 1
+4 +1 1
+3 -1 1 0 1
+7 +1 1 0 1
cfi=(69)
cfn=(240)
calls=1 0x24c20 25 
* * 7 1 0 0 0 0 0 0 0 1
+5 * 1
+3 * 1 0 0 0 0 0 0 0 0 1 1
+30 -69 5 5 0 1 0 0 1
+5 * 5 0 0 1 0 0 1 0 0 5 3
0x8b28 1280 5 5 0 1 0 0 1
+5 * 5 5
+7 * 5
+3 * 5 0 0 0 0 0 0 0 0 5
+6 +1 5 5 0 1 0 0 1
+4 * 5
+4 * 5 0 5
fi=(62) /usr/src/debug/glibc/glibc/elf/get-dynamic-info.h
+5 39 5
+3 * 5 0 0 0 0 0 0 0 0 5
+6 +6 5 5 0 0 5 0 0 5
+3 -2 5
+5 +2 5
+3 * 5 0 0 0 0 0 0 0 0 5 5
+10 +8 6
+6 +15 6 0 6 0 0 2 0 0 2
+4 -23 6 6 0 0 2 0 0 2
+4 * 6
+4 * 6
+3 * 6 0 0 0 0 0 0 0 0 6
-15 +23 132 0 132 0 0 33 0 0 33
+4 -23 132 132 0 0 33 0 0 33
+4 * 132
+4 * 132
+3 * 132 0 0 0 0 0 0 0 0 132 7
+6 +4 138
+4 * 138 0 0 0 0 0 0 0 0 138 59
+2 +3 36
+7 -1 36
+4 * 36 0 0 0 0 0 0 0 0 36 4
+2 +3 30
+6 * 30
+3 * 30
+4 * 30 0 0 0 0 0 0 0 0 30 5
+2 +1 25
+5 * 25
+3 * 25
+3 * 25
fi=(61)
+2 +37 4 4 0 1 0 0 1
+4 * 4 4
+4 * 4
+3 * 4 0 0 1 0 0 1 0 0 4
+6 +2 4 4
+5 -1 4 4
+4 * 4 4
+4 +1 4
+4 -1 4
+3 * 4
+3 +1 4
+3 -1 4
+3 * 4 0 0 0 0 0 0 0 0 4
+6 +3 4
+3 * 4
+3 * 4 0 4
+8 * 4
fi=(62)
+5 -40 5
+4 * 5
+3 * 5 0 0 1 0 0 1
+3 * 5
+4 * 5 0 0 0 0 0 0 0 0 5
+6 +3 5
+6 * 5
+3 * 5
+4 * 5 0 0 0 0 0 0 0 0 5 2
+23 +13 5
+3 * 5 0 0 0 0 0 0 0 0 5
+6 * 5 5 0 1 0 0 1
+9 * 5 0 0 0 0 0 0 0 0 5
+6 +12 5 5
+5 * 5
+3 * 5 0 0 0 0 0 0 0 0 5 2
+6 +1 5 5
+5 * 5
+3 * 5 0 0 0 0 0 0 0 0 5 5
+2 * 2 0 2
+4 +1 2 2
+5 * 2
+3 * 2 0 0 0 0 0 0 0 0 2
-8 * 3 3
+5 * 3
+3 * 3 0 0 0 0 0 0 0 0 3
+2 * 5 0 5
+4 +1 5 5
+5 * 5
+3 * 5 0 0 0 0 0 0 0 0 5
+2 * 5 0 5 1 0 0 1
+4 +1 5 5
+8 * 5
+3 * 5 0 0 0 0 0 0 0 0 5
+2 * 5 0 5
+4 +1 5 5 0 0 1 0 0 1
+8 * 5
+3 * 5 0 0 0 0 0 0 0 0 5 2
+2 * 2 0 2
+4 +1 2 2
+8 * 2
+3 * 2 0 0 0 0 0 0 0 0 2
-11 * 3 3 0 0 1 0 0 1
+8 * 3
+3 * 3 0 0 0 0 0 0 0 0 3 1
+2 * 4 0 4
+4 +1 4 4
+8 * 4
+3 * 4 0 0 0 0 0 0 0 0 4
-11 * 1 1
+8 * 1
+3 * 1 0 0 1 0 0 1 0 0 1
+2 * 5 0 5
+4 +12 5 5
+5 +7 5 5
+8 -7 5
+3 * 5 0 0 0 0 0 0 0 0 5
+6 * 5 5
+4 * 5
+3 * 5 0 0 0 0 0 0 0 0 5
+2 * 5
+3 * 5 0 5
+4 +7 5
+3 * 5 0 0 0 0 0 0 0 0 5 3
+2 +5 2 2
+5 * 2 0 0 0 0 0 0 0 0 2
+6 +7 2 2
+6 * 2 0 0 0 0 0 0 0 0 2
+2 +1 5 5 0 1 0 0 1
+8 * 5 5
+5 * 5 0 0 0 0 0 0 0 0 5
+6 +6 5 5
+8 * 5
+3 * 5 0 0 0 0 0 0 0 0 5
+2 +1 5 5
+8 * 5 5
+5 * 5 0 0 0 0 0 0 0 0 5
+6 +17 5 5
+8 * 5 0 0 1 0 0 1
+3 * 5 0 0 0 0 0 0 0 0 5
+2 +5 5 5
+4 * 5 0 5 0 0 2 0 0 2
+8 +2 5
+3 * 5 0 0 0 0 0 0 0 0 5 4
+10 +2 5
+3 * 5 0 0 0 0 0 0 0 0 5 4
+10 +2 5
+3 * 5 0 0 0 0 0 0 0 0 5
+2 +1 5 0 5
+8 +3 5 5
+8 * 5 0 0 1 0 0 1
+3 * 5 0 0 0 0 0 0 0 0 5
+6 +2 5 5
+4 * 5 0 5
+8 * 5
+2 +1 5
+3 * 5 0 0 0 0 0 0 0 0 5 1
+11 +9 5 5
+7 * 5 0 0 0 0 0 0 0 0 5
+6 +6 5
+2 * 5 0 0 0 0 0 0 0 0 5
+2 +1 5 5
+8 * 5 0 5 1 0 0 1
+8 +3 5 5
+9 * 5 0 0 0 0 0 0 0 0 5 2
fe=(30)
+14 1287 5
+2 * 5
+6 +1 5
+2 * 5 0 0 0 0 0 0 0 0 5 2
+13 +2 5
+2 * 5 0 0 0 0 0 0 0 0 5 2
+16 +10 5 5 0 1 0 0 1
+8 * 5
+3 * 5 0 0 0 0 0 0 0 0 5
+6 +19 5 5
+4 * 5 0 5
+8 +2 5 5
+6 * 5
+2 * 5 5
+6 * 5
+2 * 5 0 0 0 0 0 0 0 0 5
+6 +20 5 5 0 0 2 0 0 2
+8 * 5 0 0 1 0 0 1
+3 * 5 0 0 0 0 0 0 0 0 5 2
+2 +1 3 3
+4 * 3 0 3
+8 +6 3 3
+9 * 3 3
+8 * 3 3
+7 * 3
+4 * 3
+4 * 3
+3 * 3 0 0 0 0 0 0 0 0 3 2
-35 * 2 2
+9 * 2 2
+8 * 2 2
+7 * 2
+4 * 2
+4 * 2
+3 * 2 0 0 0 0 0 0 0 0 2 2
+13 +1 52
+5 * 52 0 0 0 0 0 0 0 0 52 20
+2 +6 5
+3 * 5
+3 * 5
+3 * 5 0 5
cfn=(90)
calls=5 0x7f70 842 
* * 420 82 14 0 9 0 0 9 0 100 13
+6 -7 64 64
+8 * 64 0 0 0 0 0 0 0 0 64 5
+6 +1 64 64 0 1 54 0 1 54
+3 +6 64
+4 -6 64
+3 * 64 0 0 0 0 0 0 0 0 64 25
fi=(31)
+2 149 12 12
+9 * 12 0 0 0 0 0 0 0 0 12 7
fe=(30)
0x9090 984 5 0 5 1 0 0 1
+7 * 5
+18 1086 1 0 1
+6 * 1
+41 1360 5 5 0 1 0 0 1
+6 * 5 0 5
cfi=(63)
cfn=(206)
calls=5 0x24a80 25 
* * 30 5 0 1 0 0 1 0 0 5
+5 * 5
+2 * 5 0 0 0 0 0 0 0 0 5
+6 +13 5 5
+7 * 5 0 0 0 0 0 0 0 0 5
+6 +2 5 5
+8 * 5 5 0 1 0 0 1
+4 * 5
+3 * 5 0 5
+8 +2 5 5
+7 * 5 0 0 0 0 0 0 0 0 5
+6 +16 5
+3 * 5 0 5
cfi=(8)
cfn=(14)
calls=5 0x124f0 25 
* * 135 40 30 0 6 0 0 6 0 15
+5 +4 5 5
+4 * 5 0 0 0 0 0 0 0 0 5
+2 +1 5 5
+9 * 5 0 0 0 0 0 0 0 0 5
+6 +17 5 5 0 1 0 0 1
+9 * 5 0 0 0 0 0 0 0 0 5 4
+2 +1 1 0 1
+7 +3 1 1
+7 * 1 0 1
+8 * 1 1
+7 * 1 0 1
+8 +5 1 1
+8 * 1 0 0 0 0 0 0 0 0 1
-38 -5 4 4
+7 * 4 0 4
+8 * 4 4
+7 * 4 0 4
+8 +5 4 4
+8 * 4 0 0 0 0 0 0 0 0 4
+6 +5 5 5
+8 * 5 0 0 1 0 0 1 0 0 5
+6 +10 5 5
+5 * 5
+7 * 5 5
+6 * 5 0 0 0 0 0 0 0 0 5 3
+6 +8 5 5
+9 * 5 0 0 0 0 0 0 0 0 5 2
+2 +1 3 3
+9 * 3
+3 * 3
+2 * 3 0 0 0 0 0 0 0 0 3
+6 +5 3
+3 * 3 0 3
cfi=(46)
cfn=(238) _dl_assign_tls_modid
calls=3 0x131d0 159 
* * 33 12 9 1 0 0 1 0 0 3
+5 +7 5 5 0 1 0 0 1
+4 * 5
+3 * 5 0 5
cfi=(26)
cfn=(86)
calls=5 0xcc00 31 
* * 255 65 45 0 0 0 0 0 0 25 15 10
+5 +3 5 5
+4 * 5 0 0 0 0 0 0 0 0 5
+6 +3 5 5
+4 * 5 5
+3 * 5
+3 * 5 0 5
cfn=(210) _dl_notify_new_object
calls=5 0x66e0 908 
* * 210 65 30 5 0 0 5 0 0 30 15
+5 * 5
fi=(59)
0x92ce 189 2 0 0 1 0 0 1
+3 * 2 2
+4 * 2
+3 * 2
+6 -3 2 2 0 0 1 0 0 1
+8 +3 2
+3 * 2
+5 * 2
+3 * 2 0 2
+7 -3 2 0 2
+7 * 2 0 0 1 0 0 1
+4 +3 2 0 2
+7 -3 2 0 2
+7 * 2 0 2
+7 * 2 0 2
+7 * 2 0 2
+4 +3 2 0 2
cfi=(60)
cfn=(198)
calls=2 0x24dd0 47 
* * 42 8 6 0 0 0 0 0 0 6
+5 +3 2
+4 * 2 0 0 0 0 0 0 0 0 2
+6 +2 2 0 2
cfi=(68)
cfn=(236) __is_decorate_maps_enabled
calls=2 0x24ee0 33 
* * 12 4 0 0 0 0 0 0 0 2 1
+5 * 2
+2 * 2 0 0 0 0 0 0 0 0 2 2
fi=(4)
0x96cc -98 5 5 0 1 0 0 1
+8 * 5
+3 * 5 0 0 0 0 0 0 0 0 5 1
+6 * 4 4
+9 * 4 4
+5 +3 4
+2 * 4
+3 +1 4 4
+4 -1 4 4
+4 * 4 0 0 0 0 0 0 0 0 4 2
+6 +1 4 0 0 1 0 0 1
fe=(30)
+3 1440 4
+3 * 4
+3 * 4 0 0 0 0 0 0 0 0 4
+6 * 4
+7 * 4 0 4
cfi=(33)
cfn=(100)
calls=4 0x26880 98 
* * 100 28 0 0 5 0 0 5 0 12 1
+5 * 4
+2 * 4 0 0 0 0 0 0 0 0 4 3
+6 +1 1 1
+5 * 1 0 1
+5 * 1
fi=(62)
0x97a2 62 5 0 0 1 0 0 1
+6 * 5
+3 * 5
+4 * 5 0 0 0 0 0 0 0 0 5
+6 +2 5
+6 * 5
+3 * 5 0 0 1 0 0 1
+3 * 5
fe=(30)

fn=(180)
0x7360 228 14 0 0 1 0 0 1
+4 * 14 0 14
+1 +3 14
+5 -3 14
+3 * 14 0 14
+2 +7 14
+3 -7 14 0 14
+1 +3 14 0 14 0 0 1 0 0 1
cfi=(42)
cfn=(126)
calls=14 0x26650 32 
* * 456 57 0 3 5 0 3 5 0 33 9
+5 +3 14
+3 * 14 0 0 0 0 0 0 0 0 14
+2 +20 14
+3 * 14 14 0 1 0 0 1
+1 * 14 14
+2 * 14 14
+1 * 14 14

fn=(210)
0x66e0 908 5 0 5 1 0 0 1
+1 * 5
+3 * 5 0 5
+2 * 5
+3 +2 5
+3 -2 5 0 5
+2 * 5
+3 * 5 0 5
+2 * 5
+3 * 5 0 5
+1 +2 5 0 5
cfi=(45)
cfn=(212)
calls=5 0x3620 94 
* * 35 10 0 1 0 0 1 0 0 10 6
+5 * 5
+3 +1 5 5 0 1 0 0 1
+3 * 5
+2 * 5 0 0 0 0 0 0 0 0 5 4
+25 +21 5 5
+5 * 5
+7 * 5 5
+4 * 5 5
+7 * 5 0 0 0 0 0 0 0 0 5 2
+12 -4 5 0 0 1 0 0 1
+3 * 5 0 0 0 0 0 0 0 0 5 3
+13 +7 5 5
+1 -2 5
+3 * 5
+3 +2 5 5
+2 * 5 5
+2 * 5 5
+2 * 5 5
+1 -2 5
cfi=(49)
cfn=(214)
calls=5 0x19b80 77 
* * 25 10 0 1 0 0 1 0 0 5

fn=(222)
0x7b90 656 12 12 0 1 0 0 1
+3 -1 12
+3 * 12
+3 +1 12
+4 * 12 0 0 0 0 0 0 0 0 12 6
+90 +1 12 0 0 1 0 0 1
+2 +16 12
+2 * 12 12

fn=(90)
0x7f70 842 6 0 0 1 0 0 1
+4 +8 6 6
+5 * 6 0 0 0 0 0 0 0 0 6
+6 -6 6 6 0 1 0 0 1
+4 +12 6
+4 * 6 0 0 0 0 0 0 0 0 6
+6 -13 6 6
+3 +13 6
+5 -13 6 6
+4 * 6
+3 +13 6
+3 * 6
+69 +3 6 6 0 1 5 0 1 5
+2 * 6
+3 * 6 0 0 0 0 0 0 0 0 6
+2 +1 6 6
+4 * 6 0 0 0 0 0 0 0 0 6
+2 +1 6 6
+7 * 6 0 0 0 0 0 0 0 0 6
+2 +3 6 6
+3 * 6
+3 * 6 0 0 1 0 0 1 0 0 6
+6 +1 6
+2 * 6
+3 * 6 0 0 0 0 0 0 0 0 6
+6 +4 6
+4 +1 6
+4 * 6
fi=(31)
+7 97 3
+6 * 3 0 0 0 0 0 0 0 0 3
+6 258 3 3
+7 * 3
+3 * 3 0 0 0 0 0 0 0 0 3
fe=(30)
+6 888 3
+6 * 3 0 0 0 0 0 0 0 0 3 2
+2 +4 5
+4 * 5
+4 * 5
+4 +2 5
+3 * 5
+3 * 5
+4 * 5 0 0 0 0 0 0 0 0 5
+6 -20 11 0 0 1 0 0 1
+2 * 11 11 0 0 2 0 0 2
+2 +4 11
+2 * 11 0 0 0 0 0 0 0 0 11
+2 -3 11 11
+3 +6 11
+4 +1 11
+4 * 11
+3 * 11 0 0 0 0 0 0 0 0 11
fi=(31)
+2 95 11
+3 * 11 0 0 1 0 0 1
+7 * 11
+7 * 11 0 0 0 0 0 0 0 0 11 5
+2 +7 8
+3 * 8 0 0 0 0 0 0 0 0 8
+2 +16 8 8 0 0 2 0 0 2
+3 -3 8
+6 * 8 0 0 0 0 0 0 0 0 8 5
+2 252 3
+2 * 3 0 0 0 0 0 0 0 0 3 2
fe=(30)
+37 904 3 3
fi=(31)
+60 257 3 3 0 1 0 0 1
+7 -4 3 0 3
+6 +4 3
+3 * 3
+3 * 3 0 3
+6 +3 3 3
+2 -6 5
+2 * 5 0 0 0 0 0 0 0 0 5
+2 +1 5 0 5
+6 +2 5 5
+7 * 5
+3 * 5
+3 * 5 0 5
+6 +3 5
fe=(30)

fn=(168)
0xa840 2189 14 0 0 1 0 0 1
+4 * 14 0 14
+1 * 14
+3 * 14 0 14 0 0 1 0 0 1
+2 * 14
+3 * 14 0 14
+2 * 14
+3 +1 14
+3 -1 14 0 14
+2 * 14
+3 * 14 0 14
+2 * 14
+3 * 14 0 14
+1 * 14
+3 * 14
+4 +1 14 0 14 0 0 1 0 0 1
+4 * 14 0 14 0 0 1 0 0 1
cfn=(170) _dl_lookup_map
calls=14 0x9bf0 1893 
* * 9153 2064 472 19 2 2 19 2 2 1301 238 63 32
+5 +1 14 14
+4 * 14
+3 * 14 0 0 0 0 0 0 0 0 14 3
+2 +3 9
+4 * 9 9
+1 * 9 9
+2 * 9 9
+2 * 9 9
+2 * 9 9
+2 * 9 9
+1 * 9 9
+9 * 5 0 0 1 0 0 1
+4 -1 5
+3 * 5
+3 * 5
+3 * 5
+3 * 5
+3 +1 5 5
+1 * 5 5
+2 * 5 5
+2 * 5 5
+2 * 5 5
+2 * 5 5
+1 -1 5
cfn=(176)
calls=5 0x9d00 1928 
* * 18391 3427 2038 150 228 227 149 228 227 3770 631 30 2

fn=(170)
0x9bf0 1893 14 0 0 1 0 0 1
+4 * 14 0 14
+1 * 14
+3 * 14 0 14
+2 * 14 0 14
+1 * 14
+4 +1 14 0 0 1 0 0 1
+3 * 14 0 0 0 0 0 0 0 0 14
+6 +1 14 14 0 0 1 0 0 1
+7 * 14 0 0 0 0 0 0 0 0 14
+6 +3 14
+4 * 14
+7 * 14
+3 * 14 14
+4 * 14
+3 * 14 0 0 0 0 0 0 0 0 14 1
+22 * 51 51
+4 * 51
+3 * 51 0 0 0 0 0 0 0 0 51 6
+6 +5 60 60 0 1 0 0 1
+7 * 60 60
+7 * 60
+3 * 60
+3 * 60
+2 * 60
+2 * 60 0 0 0 0 0 0 0 0 60
+2 +2 60
+3 * 60
+3 * 60 0 60 0 0 1 0 0 1
cfi=(53)
cfn=(172)
calls=60 0xc950 68 
* * 6525 1403 314 14 1 1 14 1 1 806 179 59 31
+5 * 60
+2 * 60 0 0 0 0 0 0 0 0 60 5
+2 +2 51 51
+7 * 51 0 0 0 0 0 0 0 0 51
fi=(4)
+2 96 51 51 0 1 0 0 1
+7 * 51
+3 * 51 0 0 0 0 0 0 0 0 51 28
+2 +4 28 28
+4 -1 28 28
+4 * 28 28
+4 * 28
+2 * 28 28
+7 * 28 0 0 0 0 0 0 0 0 28
+2 +1 28
fe=(30)
+3 1907 28
+3 * 28 0 0 0 0 0 0 0 0 28
+2 +1 28
+3 * 28 0 28
+4 * 28 0 28
cfi=(33)
cfn=(100)
calls=28 0x26880 98 
* * 795 192 0 0 0 0 0 0 0 96 14 4 1
+5 * 28
+2 * 28 0 0 0 0 0 0 0 0 28 5
+22 +13 9
+4 * 9
+3 * 9 9
+1 * 9 9
+2 * 9 9
+1 * 9 9
+15 * 5 0 0 1 0 0 1
+4 -1 5
+2 +1 5
+3 * 5 5
+1 * 5 5
+2 * 5 5
+1 * 5 5

fl=(7)
fn=(604)
0x1c9c0 76 1 0 0 1 0 0 1
+4 * 1 0 1
+1 +10 1
fi=(177) /usr/src/debug/glibc/glibc/elf/../sysdeps/generic/dl-hash.h
+7 -41 1
+5 -1 1
+4 * 1
fe=(7)
+4 +32 1
+3 * 1 0 1
+2 * 1 0 1
+2 * 1 0 1
+2 * 1 0 1
+2 * 1 0 1
+1 * 1
+3 * 1
+4 +11 1 0 1
+7 -1 1 0 1
fi=(177)
+4 -43 1
+5 * 1
+4 +5 1 0 0 1 0 0 1
+4 * 1
+4 * 1
+3 +14 1
+3 * 1
+4 * 1
+6 * 1
+3 -17 1 1
+3 * 1
+3 * 1 0 0 0 0 0 0 0 0 1
-33 +3 5
+4 * 5
+4 * 5
+3 +14 5
+3 * 5
+4 * 5
+6 * 5
+3 -17 5 5
+3 * 5
+3 * 5 0 0 0 0 0 0 0 0 5 4
fe=(7)
+2 +46 1
+4 * 1
fi=(177)
+3 -24 1
fe=(7)
+5 +22 1 0 1
+8 +2 1
fi=(177)
+7 -19 1 0 1 1 0 0 1
fe=(7)
+3 +19 1 0 1
cfn=(608) lookup_malloc_symbol
calls=1 0x1c8f0 -30 
* * 778 222 95 3 7 0 3 0 0 107 17 2 2
+5 +1 1
+4 * 1
+3 * 1
+7 -1 1
+3 +1 1 0 1
cfn=(608)
calls=1 0x1c8f0 -31 
* * 769 223 95 0 10 0 0 0 0 114 12 1
+5 +1 1
+4 * 1
+3 * 1
+7 -1 1
+3 +1 1 0 1
cfn=(608)
calls=1 0x1c8f0 -32 
* * 837 228 95 0 11 0 0 1 0 123 12 2 2
+5 +1 1
+4 * 1
+3 * 1
+7 -1 1 0 0 1 0 0 1
+3 +1 1 0 1
cfn=(608)
calls=1 0x1c8f0 -33 
* * 702 210 88 0 4 0 0 0 0 101 6 1
+5 +5 1 0 1
+7 +1 1 0 1
+7 +1 1 0 1
+7 +1 1 0 1
+7 +1 1
+4 * 1 1
+1 * 1 1
+2 * 1 1
+2 * 1 1
+2 * 1 1
+2 * 1 1
+1 * 1 1

fn=(608)
0x1c8f0 61 4 0 4 1 0 0 1
+1 * 4
+3 +3 4
+3 -3 4
+3 * 4 0 4
+1 * 4
+3 +3 4 0 0 1 0 0 1
+4 -3 4
+4 +3 4 4
+7 * 4
+3 * 4
+3 * 4 0 4
+2 * 4 0 4
+2 -1 4 0 4
+8 +1 4 0 4
cfi=(79)
cfn=(296)
calls=4 0xb780 769 
* * 2930 831 345 0 32 0 0 1 0 425 45 6 4
+5 +4 4 4
+4 * 4 4
+1 -4 4
+3 +4 4 4
+1 * 4 4
+4 * 4
+3 * 4
+2 * 4 0 0 0 0 0 0 0 0 4
+6 +1 4 4 0 1 0 0 1
+5 * 4 0 0 0 0 0 0 0 0 4
+2 * 4
+3 * 4 0 0 0 0 0 0 0 0 4 2
+2 * 4 4
+3 * 4 4
+4 +2 4 0 4
fi=(178) /usr/src/debug/glibc/glibc/elf/./dl-sym-post.h
+4 -30 4
+2 * 4 0 0 0 0 0 0 0 0 4
+2 +12 4 4
+6 * 4
+2 * 4 0 0 0 0 0 0 0 0 4
fe=(7)
+2 +19 4 4
+4 * 4 4
+4 * 4 4
+1 * 4 4

fn=(12)
0x1c780 42 1 0 0 1 0 0 1
+4 +1 1
+7 * 1 0 1 0 0 1 0 0 1
+7 +1 1
+7 * 1 0 1 0 0 1 0 0 1
+7 +1 1
+7 * 1 0 1
+7 +1 1
+7 * 1 0 1
+7 +1 1 1

fl=(58)
fn=(194)
0x24950 30 6 0 0 1 0 0 1
+4 +9 6
+5 * 6
+2 * 6
+6 * 6 0 0 0 0 0 0 0 0 6
+2 +33 6 6

fl=(66)
fn=(224)
0x15eb0 386 4 0 0 1 0 0 1
+4 * 4 0 4
+1 * 4
+3 * 4
+3 * 4 0 4
+1 * 4
+4 +2 4 4 0 1 0 0 1
+7 * 4 0 0 0 0 0 0 0 0 4
+6 +3 4 4
+7 * 4
+3 * 4 0 0 0 0 0 0 0 0 4 1
+6 +69 3
+4 * 3 0 0 0 0 0 0 0 0 3
+6 * 3 3
+7 +5 3 3
+7 * 3
+4 * 3 0 0 0 0 0 0 0 0 3
-11 * 1 1
+7 * 1
+4 * 1 0 0 0 0 0 0 0 0 1
+6 +3 4 4 0 1 0 0 1
+3 * 4
+4 * 4
+6 * 4
+3 * 4 0 4
cfn=(230) search_cache
calls=4 0x157f0 206 
* * 5081 812 107 12 72 0 12 72 0 1296 101
+5 * 4
+3 +15 4 4
+7 * 4 0 0 0 0 0 0 0 0 4
+6 +4 4
+3 * 4 0 0 0 0 0 0 0 0 4
+6 +8 4
+3 * 4 0 4
cfi=(22)
cfn=(62)
calls=4 0x27ee0 57 
* * 140 20 0 0 1 0 0 1 0 12 2
+5 +1 4
+3 -1 4
+4 +1 4
+4 * 4 0 0 1 0 0 1
+3 * 4
+7 * 4
+3 * 4
+3 * 4 0 0 0 0 0 0 0 0 4 2
+23 * 4
+5 * 4
+3 * 4
+3 * 4 0 0 0 0 0 0 0 0 4 2
+6 * 4
+5 +1 4
+3 * 4 0 0 1 0 0 1
+3 -1 4
+4 +1 4 0 4
cfi=(29)
cfn=(82)
calls=4 0x25cc0 210 
* * 44 12 8 0 0 0 0 0 0 8
+6 * 4
+3 +1 4 0 4
cfi=(54)
cfn=(182)
calls=4 0x27e80 40 
* * 332 60 40 0 0 2 0 0 2 36 2 4
+5 +1 4 4
+4 * 4 4
+1 * 4 4
+54 394 1 0 0 1 0 0 1
+7 * 1
+5 * 1
+7 * 1 0 1
+4 * 1 0 1
cfi=(53)
cfn=(226) _dl_sysdep_read_whole_file
calls=1 0xc880 36 
* * 103 16 16 3 1 3 3 1 3 12 4
+5 * 1
+3 +8 1
+4 * 1 0 0 0 0 0 0 0 0 1
+2 * 1 1
+7 * 1 1
+4 * 1 0 0 1 0 0 1
+4 * 1 0 0 0 0 0 0 0 0 1
+6 +1 1
+10 * 1 1 0 0 1 0 0 1
+3 * 1
+10 * 1 1
+4 * 1
+3 * 1 0 0 0 0 0 0 0 0 1 1
+56 +93 4 0 4 1 0 0 1
+6 * 4
0x16158 -93 1 1 0 1 0 0 1
+7 * 1 0 0 0 0 0 0 0 0 1
+6 +3 1
+10 * 1
+3 * 1
+4 * 1
+4 +1 1 1
+3 -1 1
+3 * 1 0 0 1 0 0 1 0 0 1
fi=(67) /usr/src/debug/glibc/glibc/elf/../sysdeps/generic/dl-cache.h
+6 194 1 1
+4 +1 1
+2 * 1 0 0 0 0 0 0 0 0 1
+2 * 1
+3 * 1
+2 * 1 0 0 0 0 0 0 0 0 1 1
fe=(66)
+45 414 1 0 1 1 0 0 1
+7 +1 1 0 1
+7 * 1

fn=(232) _dl_cache_libcmp
0x15700 340 47 0 0 1 0 0 1
+4 +1 47 47
+3 * 47
+2 * 47 0 0 0 0 0 0 0 0 47
-5 * 6 6
+3 * 6
+2 * 6 0 0 0 0 0 0 0 0 6 2
+2 +4 268 268 0 0 38 0 0 38
+3 -2 268
+4 +2 268
+3 -2 268
+4 * 268 0 0 0 0 0 0 0 0 268 9
+2 +20 262
+3 * 262 0 0 0 0 0 0 0 0 262
+6 +2 262
+2 * 262 0 0 0 0 0 0 0 0 262 41
+6 -24 221 221
+4 +28 221
+4 +1 221
+4 -29 221
+2 * 221 0 0 0 0 0 0 0 0 221 10
+2 +32 6 6
+3 * 6
+2 * 6 6
+7 -28 6 0 0 1 0 0 1
+3 * 6 0 0 0 0 0 0 0 0 6
+6 +8 6 6
+4 -2 6
+3 +1 6
+4 * 6
+3 -1 6
+4 +2 6
+4 * 6
+4 * 6 0 0 0 0 0 0 0 0 6 2
+45 +2 6 6 0 1 0 0 1
+4 * 6
+3 * 6
+4 -3 6
+3 +3 6 0 0 0 0 0 0 0 0 6 2
+50 +2 6
+2 * 6 0 0 0 0 0 0 0 0 6 2
+6 +9 41
+2 * 41 41

fn=(230)
0x157f0 206 4 0 0 1 0 0 1
+3 * 4 0 0 0 0 0 0 0 0 4
+6 -8 4 0 4
+1 +11 4
+3 * 4
+3 -11 4 0 0 1 0 0 1
+3 * 4 0 4
+2 * 4
+3 * 4 0 4
+2 * 4 0 4
+2 * 4
+3 * 4 0 4
+2 * 4
+3 * 4 0 4
+1 +1 4
+2 -1 4
+7 * 4 0 4
+4 * 4 0 4
+4 +11 4 0 4
+4 * 4
+6 332 17
+4 206 17
+3 * 17 0 0 0 0 0 0 0 0 17
+2 +2 41
+4 * 41
+3 * 41 0 0 1 0 0 1
+4 * 41
+3 -22 41 41
+4 +22 41
+3 +1 41
+3 -23 41
+4 +23 41 41 0 0 33 0 0 33
+5 +4 41
+3 * 41 0 0 0 0 0 0 0 0 41
+2 +4 41 41
+4 * 41
+3 * 41 0 41
cfn=(232)
calls=41 0x15700 340 
* * 3217 501 0 3 36 0 3 36 0 900 56
+5 +1 41
+2 * 41 0 0 0 0 0 0 0 0 41 2
+2 329 37 0 0 0 0 0 0 0 0 37 22
+2 +1 20
+4 206 20
+3 * 20 0 0 0 0 0 0 0 0 20 2
+24 +8 4 4 0 1 0 0 1
+4 * 4
+4 -6 4
+3 * 4 0 4
+4 * 4 0 4
+7 * 4
+4 * 4
+5 * 4
+3 * 4
+3 * 4 4
+4 * 4
+7 +20 6 6 0 0 1 0 0 1
+3 +3 6
+3 * 6 0 0 0 0 0 0 0 0 6
+2 +2 6
+3 * 6
+3 * 6
+3 * 6 0 6
cfn=(232)
calls=6 0x15700 340 
* * 684 106 0 0 2 0 0 2 0 190 12
+5 * 6
+2 * 6 0 0 0 0 0 0 0 0 6 1
+2 +2 2
+4 -9 2
+3 * 2 0 0 0 0 0 0 0 0 2 2
-3 * 4 0 0 1 0 0 1
+3 * 4 0 0 0 0 0 0 0 0 4 2
+2 * 4 4
+4 * 4
+3 * 4 4
+7 +9 4 0 4
+7 * 4
+3 * 4 4
+4 +37 4 0 4 1 0 0 1
+11 * 4
+4 * 4 0 4
+3 * 4
+3 * 4
+3 * 4
+3 * 4
+3 * 4 0 4
+4 * 4
+27 -27 4 4
+4 * 4 0 0 1 0 0 1 0 0 4 2
+34 +10 4 4
+4 * 4 4
+6 * 4 0 0 0 0 0 0 0 0 4
+2 +1 4
+3 * 4 4
+3 * 4
+3 * 4 0 0 0 0 0 0 0 0 4
+2 +7 4 4
+4 * 4 0 0 0 0 0 0 0 0 4
+2 +9 4 0 0 1 0 0 1
fi=(67)
+10 125 4 4
fe=(66)
+4 272 4
+10 * 4
+3 * 4
+3 * 4 0 0 0 0 0 0 0 0 4
+2 +9 4 4
+8 * 4 0 0 0 0 0 0 0 0 4
+2 +5 4
+3 * 4 0 0 0 0 0 0 0 0 4
+6 +27 4
+4 +23 4
+7 * 4
+3 * 4 4 0 1 0 0 1
+1 * 4 4
+2 * 4 4
+2 * 4 4
+2 * 4 4
+2 * 4 4
+1 * 4 4

fn=(640)
0x16230 508 1 0 0 1 0 0 1
+4 +1 1 1 0 0 1
+7 * 1
+4 * 1 0 0 1 0 0 1
+4 * 1 0 0 0 0 0 0 0 0 1 1
+13 -1 1 0 1
+1 +3 1 1
+7 -3 1
+3 +3 1 0 1
cfi=(141)
cfn=(642)
calls=1 0x24eb0 117 
* * 6 1 0 0 0 0 0 0 0 1
+5 +7 1 1
+1 -6 1 0 1
+11 +4 1 0 1
+10 +2 1 1

fl=(41)
fn=(124)
0x1c3a0 25 15
+4 * 15
+3 +1 15 15
+3 * 15
+3 * 15 0 0 0 0 0 0 0 0 15 3
+6 +4 12 12
+4 * 12 0 12
+3 +4 12 12 0 0 1 0 0 1
+3 * 12
+3 * 12 0 0 1 0 0 1 0 0 12 6
+2 * 6
+4 * 6
+4 * 6
+11 * 6
+11 +1 6 0 6
+3 * 6
+3 -1 6 6
+3 * 6
+4 * 6
+3 * 6 0 0 0 0 0 0 0 0 6
+2 +2 12
+2 * 12 0 0 0 0 0 0 0 0 12 3
+2 -11 9 0 9
+1 +16 9
+5 -16 9
+3 * 9 0 9
+1 * 9
+3 * 9
+4 +16 9 0 9
+4 * 9 0 9
cfi=(42)
cfn=(126)
calls=9 0x26650 -9 
* * 216 27 0 2 0 0 2 0 0 18
+5 +4 9 9
+4 * 9
+3 * 9
+3 -3 9
+3 * 9 0 0 0 0 0 0 0 0 9 3
+2 +1 6 0 6
+4 +3 6
+5 +1 6 6
+4 * 6 6
+1 * 6 6
+3 -20 6 0 0 1 0 0 1
+2 +20 6 6
+6 -4 3 0 3
cfi=(22)
cfn=(62)
calls=3 0x27ee0 +14 
* * 51 6 0 0 0 0 0 0 0 6
+5 * 3
+3 +3 3
+5 -3 3 0 3
+4 +4 3 3
+4 * 3 3
+1 * 3 3

fn=(122)
0x1c510 51 11 0 0 1 0 0 1
+4 * 11 0 11
+1 * 11
+3 * 11 0 11 0 0 1 0 0 1
+1 * 11
+3 * 11
+4 +3 11
+3 * 11 0 11 0 0 1 0 0 1
cfn=(124)
calls=11 0x1c3a0 -29 
* * 467 85 45 4 1 0 4 1 0 56 14
-3 * 3
+3 * 3 0 3
cfn=(124)
calls=3 0x1c3a0 -29 
* * 192 33 21 0 0 0 0 0 0 21
+5 * 14
+2 * 14 0 0 0 0 0 0 0 0 14 5
+2 +2 9 9
+3 +1 9
+2 * 9
+2 * 9 0 9
+3 +1 9
+2 * 9 0 0 0 0 0 0 0 0 9 2
+2 * 6 6
+4 * 6 6
+3 * 6 6
+4 * 6 0 6
cfn=(128) _dl_hwcaps_contains
calls=6 0x1c450 +8 
* * 30 6 0 2 0 0 2 0 0 6 4
+5 * 6
+2 * 6 0 0 0 0 0 0 0 0 6
+2 +4 11 11 0 1 0 0 1
+4 * 11 11
+1 * 11 11

fn=(128)
0x1c450 66 6 0 0 1 0 0 1
+4 +1 6
+3 * 6 0 0 0 0 0 0 0 0 6 4
0x1c4fd +1 6 0 0 1 0 0 1
+5 +9 6 6

fl=(25)
fn=(70)
0x1bdc0 28 2 0 0 1 0 0 1
+4 +1 2 2
+3 +3 2 2
+3 * 2
+3 * 2 0 0 0 0 0 0 0 0 2 1
+2 * 1 1
+17 * 74 74
+4 +13 74
+4 -13 74
+3 * 74 0 0 0 0 0 0 0 0 74
+2 +2 75 75
+3 * 75 0 0 0 0 0 0 0 0 75 19
+2 +1 11 11
+4 * 11 0 0 0 0 0 0 0 0 11 6
+2 * 1 1
+4 * 1 0 0 0 0 0 0 0 0 1
+2 +5 1 0 0 1 0 0 1
+4 -3 1
+4 +3 1 0 1
+3 +2 1 1

fl=(20)
fn=(52) intel_check_word.constprop.0
0x173a0 123 24 0 0 1 0 0 1
+2 * 24 0 0 0 0 0 0 0 0 24
+6 -4 24 0 24
+1 * 24
+3 +10 24
+5 * 24
+2 * 24
+3 +87 24
+7 -97 24
+3 * 24 0 24 1 0 0 1
+2 * 24 0 24
+2 +90 24
+6 -90 24 0 24
+2 * 24
+3 +10 24
+6 * 24
+4 -10 24 0 24
+1 +10 24
+4 +73 24 24
+7 * 24
+3 * 24 24
+7 -73 24
+4 +73 24
+3 * 24
+2 -69 24
+3 +2 24
+2 * 24 0 0 1 0 0 1 0 0 24 8
+67 -10 12
+2 246 12 12
+1 * 12 12
+2 * 12 12
+2 * 12 12
+2 * 12 12
+1 * 12 12
-8 * 12 12
+1 * 12 12
+2 * 12 12
+2 * 12 12
+2 * 12 12
+1 * 12 12
+18 -30 48 0 0 1 0 0 1
+3 * 48
+3 * 48
fi=(21) /usr/src/debug/glibc/glibc/elf/../bits/stdlib-bsearch.h
+5 28 48
+3 * 48
+3 * 48
fe=(20)
+4 +82 48 48 0 0 1 0 0 1
+3 * 48 0 0 0 0 0 0 0 0 48
fi=(21)
-13 -82 276
+3 * 276
+3 * 276
fe=(20)
+4 +82 276 276 0 0 5 0 0 5
+3 * 276 0 0 0 0 0 0 0 0 276
+2 +3 324 0 0 0 0 0 0 0 0 324 38
+2 * 264
fi=(21)
+3 -87 264
+3 * 264 0 0 0 0 0 0 0 0 264 34
-3 * 60
+3 * 60 0 0 0 0 0 0 0 0 60 14
fe=(20)
+2 131 48
+2 * 48
+3 * 48 0 0 0 0 0 0 0 0 48 2
+2 +2 36
+3 +2 36
+2 * 36 0 0 0 0 0 0 0 0 36
+6 * 60 0 0 1 0 0 1
+2 +8 60
+6 * 60 0 0 0 0 0 0 0 0 60 2
+2 +51 48
+3 * 48 0 0 0 0 0 0 0 0 48 8
fi=(21)
+33 44 60 0 0 1 0 0 1
+4 -1 60
+4 +3 60
+3 * 60
fe=(20)
+53 155 12 0 0 1 0 0 1
+5 * 12
+2 * 12
+2 +3 12
+2 * 12
+3 * 12 0 0 0 0 0 0 0 0 12
+6 +9 12
+3 * 12
+4 +1 12
+4 * 12
+4 +1 12
+4 * 12
+4 +1 12
+4 * 12
+4 -18 12
+2 * 12
+11 +12 12
+3 * 12 0 0 0 0 0 0 0 0 12
+2 +1 12
+4 * 12 0 0 0 0 0 0 0 0 12 4
+2 +22 21
+3 -32 21
+5 * 21
+2 * 21
+2 +3 21
+2 * 21
+3 * 21 0 0 0 0 0 0 0 0 21 1
+6 +4 32 0 0 1 0 0 1
+3 * 32
+3 +2 32
+3 * 32
+4 * 32
+3 * 32 0 0 0 0 0 0 0 0 32 7
+2 +3 20
+3 * 20 0 0 0 0 0 0 0 0 20 4
+2 * 9
+3 * 9 0 0 0 0 0 0 0 0 9 3
+2 +1 18
+3 * 18 0 0 0 0 0 0 0 0 18 4
+2 * 7
+3 * 7 0 0 0 0 0 0 0 0 7 4
+2 +1 15
+3 * 15 0 0 0 0 0 0 0 0 15 4
+2 * 4
+3 * 4 0 0 0 0 0 0 0 0 4 3
+2 +1 12
+3 * 12 0 0 0 0 0 0 0 0 12 5
+7 +2 11 0 0 1 0 0 1
+7 +2 11
+3 * 11 0 0 0 0 0 0 0 0 11 4
+2 +6 7
+4 * 7 0 0 0 0 0 0 0 0 7 3
+2 +3 4
+4 * 4 0 0 0 0 0 0 0 0 4
+6 +1 4
+6 * 4 0 0 1 0 0 1
+4 * 4
+42 -3 3
+3 * 3
+3 * 3
+14 -5 4 0 0 1 0 0 1
+2 +2 4
+2 +1 4
+3 -2 4
+3 -1 4
+3 +2 4
+6 * 4
+3 -2 4
+3 +3 4
+3 -2 4
+2 * 4
+6 * 4
+3 +2 4
+3 * 4
+3 * 4
+13 +11 1
+7 * 1

fn=(56)
0x16ef0 613 1 0 1 1 0 0 1
+1 * 1
+3 * 1
+3 * 1 0 1
+2 * 1
+3 * 1 0 1
+2 * 1 0 1
+2 * 1 0 1 1 0 0 1
+2 * 1
+3 * 1 0 1
+1 * 1
+3 +18 1 1
+3 +29 1 1
+6 -32 1 1
+6 +32 1
+6 -17 1
+3 * 1 0 0 0 0 0 0 0 0 1
+6 -11 1 1
+3 +28 1
+2 * 1 0 0 0 0 0 0 0 0 1
+6 +4 1
+3 * 1 0 0 0 0 0 0 0 0 1
+6 -26 1 0 1 1 0 0 1
+7 +31 1
+5 -14 1 0 1
+7 +17 1 0 1
+4 -32 1 1
+7 * 1
+2 * 1
+3 * 1 0 1
+4 +32 1
+3 * 1 0 1
+3 * 1
+8 +10 4
+2 * 4
+3 * 4
+3 * 4
+3 * 4 0 0 0 0 0 0 0 0 4 1
+6 * 3
+3 * 3 0 0 0 0 0 0 0 0 3 2
+2 +14 1
+4 * 1 0 0 0 0 0 0 0 0 1
+6 +4 1
+3 +3 1
+2 +1 1
+3 -4 1
+5 * 1 0 1
+3 +3 1
+2 * 1
+3 * 1 0 1
+3 +6 1
+2 * 1 0 0 0 0 0 0 0 0 1 1
+6 -37 3
+3 * 3
+5 * 3
+2 * 3
+2 +6 3
+4 * 3 0 0 0 0 0 0 0 0 3
-13 -6 1 0 0 1 0 0 1
+5 * 1
+2 * 1
+2 +6 1
+4 * 1 0 0 1 0 0 1 0 0 1
+2 +1 4
+2 * 4 0 0 0 0 0 0 0 0 4 4
+46 812 1
+3 * 1 0 0 0 0 0 0 0 0 1
+2 * 1
+2 * 1 0 0 0 0 0 0 0 0 1
+2 +1 1
+3 * 1
+2 * 1 0 0 1 0 0 1
+2 * 1
+3 * 1
+3 +4 1 1
+4 * 1 0 0 0 0 0 0 0 0 1 1
+27 +7 1 0 1
+3 +1 1 0 1
+4 +1 1 0 1
+3 +1 1 1
+1 * 1 1
+2 * 1 1
+2 * 1 1
+2 * 1 1
+2 * 1 1
+1 * 1 1
+53 687 1 0 0 1 0 0 1
+4 * 1 0 0 0 0 0 0 0 0 1
+6 +4 1
+3 +1 1
+3 -1 1 0 0 1 0 0 1
+5 * 1
+3 +18 1
+2 * 1 0 0 0 0 0 0 0 0 1 1
+6 -69 1 1
+7 * 1
+3 * 1 1
+4 * 1
+4 * 1
+4 * 1
+3 +75 1
+3 * 1 0 0 0 0 0 0 0 0 1
+6 * 1 1
+4 * 1 0 0 0 0 0 0 0 0 1
+6 +8 1
+3 +2 1 1 0 1 0 0 1
+4 -2 1
+3 * 1
+2 * 1 1
+4 * 1
+3 * 1
+2 +2 1
+3 * 1 0 0 0 0 0 0 0 0 1
+6 -2 1
+3 * 1
+3 +22 1 0 1
+4 * 1
+3 * 1
+3 * 1
+3 * 1
+3 +5 1
+6 * 1 0 0 0 0 0 0 0 0 1 1
+6 -21 1
+3 * 1
+5 * 1
+2 * 1
+2 +3 1
+6 +1 1
+6 * 1 0 0 0 0 0 0 0 0 1
-21 -4 1 0 0 1 0 0 1
+5 * 1
+2 * 1
+2 +3 1
+6 +1 1
+6 * 1 0 0 0 0 0 0 0 0 1
+2 * 2
+2 * 2 0 0 0 0 0 0 0 0 2
+2 +2 2
+6 * 2 0 0 0 0 0 0 0 0 2 1
+2 +3 1
+4 * 1 0 0 0 0 0 0 0 0 1
+6 +5 1
+4 +2 1
+6 * 1
+3 +1 1
+3 +1 1
+4 -2 1 0 0 1 0 0 1
+3 * 1
+3 +1 1
+3 -19 1
+3 * 1 0 0 0 0 0 0 0 0 1 1
-3 * 1
+3 * 1 0 0 0 0 0 0 0 0 1
+2 * 1
+3 * 1
+3 * 1
+3 * 1 1
+4 +46 1
+3 * 1 0 0 0 0 0 0 0 0 1
+6 +2 1 1
+3 -1 1
+4 +1 1
+2 * 1 0 0 0 0 0 0 0 0 1
+6 +2 1 1
+4 * 1 0 0 0 0 0 0 0 0 1
+6 -1 1
+3 * 1 0 1
+3 +25 1 1
+3 * 1
+5 * 1
+37 -48 1 0 0 1 0 0 1
+4 * 1 0 0 0 0 0 0 0 0 1
+6 -7 1
+3 +11 1 1 0 1 0 0 1
+4 * 1 0 0 0 0 0 0 0 0 1
+6 +3 1 1
+4 +2 1
+5 * 1
+3 * 1
+2 * 1
+2 +1 1
+2 * 1 0 1
+3 +5 1
+4 * 1

fn=(50)
0x17650 255 12 12 0 1 0 0 1
+7 * 12 0 0 0 0 0 0 0 0 12
+6 -5 12 0 12
+1 +17 12
+5 -17 12
+3 * 12 0 12
+2 * 12 0 12
+2 * 12 0 12
+2 * 12 0 12
+2 * 12
+3 * 12 0 12
+1 * 12
+4 +11 12 0 12
+4 +6 12
+2 * 12 0 12
+3 * 12 0 0 1 0 0 1
+3 +4 12
+2 * 12 0 0 0 0 0 0 0 0 12 9
+20 +34 12
+4 * 12 12
+1 * 12 12
+2 * 12 12
+2 * 12 12
+2 * 12 12
+2 * 12 12
+1 * 12 12
+10 -29 12
+2 +3 12
+4 * 12
+4 -3 12
+2 +3 12 0 12 1 0 0 1
cfn=(52)
calls=12 0x173a0 123 
* * 4140 420 60 6 6 0 6 6 0 1176 102
+5 +2 12
+3 * 12 0 0 0 0 0 0 0 0 12
+2 +3 12
+4 * 12
+4 * 12
+2 * 12
+3 * 12 0 12
cfn=(52)
calls=12 0x173a0 123 
* * 1319 96 60 5 0 0 5 0 0 232 50
+5 +2 12
+3 * 12 0 0 0 0 0 0 0 0 12 12

fl=(26)
fn=(86)
0xcc00 31 6 0 0 1 0 0 1
+4 * 6 0 6
+1 * 6
+3 * 6 0 6
+2 * 6
+3 +2 6
+7 -2 6 0 6
+1 * 6
+3 +2 6 6 6 0 0 0 0 0 0 0 0 6 1
cfi=(24)
cfn=(88)
calls=6 0x13f20 +10 
* * 18 6
+6 +2 6
+4 * 6
+7 * 6 6
+4 * 6
+3 * 6 0 0 0 0 0 0 0 0 6 1
+2 * 5
+3 * 5
+11 +3 5
+3 * 5 5
+4 * 5
+3 * 5 0 0 0 0 0 0 0 0 5 5
-10 * 15
+3 * 15 15
+4 * 15
+3 * 15 0 0 0 0 0 0 0 0 15 10
+2 +2 5 0 5
+5 +2 5 0 5
+4 +4 5
+4 +1 5 5
+7 +3 5
+7 -4 5 0 5
+5 +1 5 0 5
+8 +1 5
+4 +3 5 5
+1 -3 5 0 5
+7 +3 5 5
+2 * 5 5
+1 -1 5 5 0 0 0 0 0 0 0 0 0 5
cfi=(24)
cfn=(88)
calls=5 0x13f20 -7 
* * 15 5
-46 -4 1 0 0 1 0 0 1
+4 +1 1 1 0 0 1 0 0 1
+7 +3 1
+7 -4 1 0 1
+5 +1 1 0 1
+8 +1 1
+4 +3 1 1
+1 -3 1 0 1
+7 +3 1 1
+2 * 1 1
+1 -1 1 1 0 0 0 0 0 0 0 0 0 1 1
cfi=(24)
cfn=(88)
calls=1 0x13f20 -7 
* * 3 1
+13 -5 1 0 1
+4 * 1

fn=(72)
0xcca0 59 6 0 0 1 0 0 1
+4 * 6 0 6
+1 * 6
+3 * 6 0 6
+2 * 6
+3 * 6 0 6
+2 * 6 0 6 0 0 2 0 0 2
+2 * 6
+3 * 6 0 6
+2 * 6 0 6 0 0 1 0 0 1
+1 * 6
+4 * 6 0 6
+4 * 6 0 6 1 0 0 1
+3 * 6 0 6
+4 * 6 0 6
+4 +3 6
+7 * 6 0 0 0 0 0 0 0 0 6 1
+6 +18 5 5
+6 +3 5
+3 * 5 0 5 0 0 2 0 0 2
cfi=(22)
cfn=(62)
calls=5 0x27ee0 -26 
* * 103 13 0 0 0 0 0 0 0 11 1
+5 +4 5
+2 -4 5
+3 +4 5
+4 +5 5
+8 -9 5
+4 * 5 0 5
+4 * 5 0 5
fi=(28)
+4 -39 5
+5 * 5 5 5 0 0 0 0 0 0 0 0 5
cfi=(27)
cfn=(74)
calls=5 0xc780 +36 
* * 262 43 34 7 2 2 6 2 2 33 14 5
fe=(26)
-9 +39 1 0 1 1 0 1 1 0 1
fi=(28)
+4 -39 1
+5 * 1 1 1 0 0 0 0 0 0 0 0 1 1
cfi=(27)
cfn=(74)
calls=1 0xc780 +36 
* * 35 4 4 5 0 1 5 0 1 4 3 1 1
+6 * 6
fe=(26)
+3 +51 6
+3 * 6 0 0 0 0 0 0 0 0 6
+6 +5 6 6
+4 -2 6 0 6 0 0 5 0 0 5
+4 +6 6
+3 -4 6
+8 +4 6 6
+4 -5 6 0 6 0 0 6 0 0 6
+7 +4 6
+4 +1 6
+4 * 6 0 6 1 0 0 1
+4 -1 6 0 6 0 0 1 0 0 1
+4 +1 6 0 6
cfi=(29)
cfn=(82)
calls=6 0x25cc0 210 
* * 77 19 13 2 1 7 2 1 7 17 11
+6 * 6 6
+4 +15 6 6
+4 -15 6 0 6 0 0 2 0 0 2
+4 +2 6 0 6
+8 +13 6 6
+3 * 6 0 0 0 0 0 0 0 0 6 4
+6 +6 1
+4 +2 1 1 0 0 1 0 0 1
+8 * 1 0 1
+4 * 1 1
+4 * 1 0 0 1 0 0 1
+3 * 1
+3 * 1
+2 * 1 0 1
+7 +3 1 1
+7 * 1 0 0 0 0 0 0 0 0 1 1
-38 -3 5 5 0 0 5 0 0 5
+8 * 5 0 5
+4 * 5 5
+4 * 5
+3 * 5
+3 * 5
+2 * 5 0 5
+7 +3 5 5
+7 * 5 0 0 0 0 0 0 0 0 5 4
+6 +6 6 6
+4 -4 6 0 6 0 0 2 0 0 2
+7 +4 6 0 6
+4 +3 6
+2 * 6 0 0 0 0 0 0 0 0 6 4
+2 * 1
+7 * 1
+4 * 1
+7 * 1 0 0 1 0 0 1
+3 * 1
+7 * 1
+1 * 1
+11 * 1
fi=(4)
+11 1389 1
+3 * 1
+3 * 1
fe=(26)
+4 139 1
+4 * 1
+4 +2 1 0 1 0 0 1 0 0 1
+3 -2 1
+3 * 1 0 0 0 0 0 0 0 0 1 1
fi=(4)
-24 1389 15
+3 * 15
+3 * 15
fe=(26)
+4 139 15
+4 * 15
+4 +2 15 0 15 0 0 3 0 0 3
+3 -2 15
+3 * 15 0 0 0 0 0 0 0 0 15 9
+2 +16 6 6
+5 * 6 0 0 1 0 0 1
+7 -5 6 0 6 0 0 6 0 0 6
+11 -1 6
+7 * 6 0 6
+7 +6 6 6 0 0 1 0 0 1
+4 * 6
+3 * 6 0 0 0 0 0 0 0 0 6 4
+6 +2 5
+7 * 5 0 5 0 0 2 0 0 2
+7 +3 5
+3 * 5 0 0 0 0 0 0 0 0 5
+6 -3 5
+5 * 5
+8 +7 5
+3 * 5 5
+7 * 5
+3 * 5 0 0 0 0 0 0 0 0 5
+2 +4 5
+7 * 5
+2 * 5 0 0 0 0 0 0 0 0 5 2
+6 +8 1 0 1 1 0 0 1
+3 +13 1 1
+4 -10 1
+7 * 1 0 1 1 0 1 1 0 1
+7 +10 1 1
+4 * 1
+3 * 1 0 0 0 0 0 0 0 0 1 1
-25 * 5 5
+4 -10 5
+7 * 5 0 5 0 0 1 0 0 1
+7 +10 5 5
+4 * 5
+3 * 5 0 0 0 0 0 0 0 0 5
+6 +2 5 0 5
cfi=(22)
cfn=(62)
calls=5 0x27ee0 57 
* * 175 25 0 0 1 0 0 1 0 15 1
+5 +21 5
+3 -21 5
+3 * 5
+4 * 5 0 5
+4 +17 5
+3 -13 5
+4 * 5 0 0 0 0 0 0 0 0 5
+2 * 5
0xcf1a +50 5 5 0 1 0 0 1
+4 * 5 5
+4 * 5 0 5
cfi=(29)
cfn=(136)
calls=5 0x25cb0 -48 
* * 73 17 12 0 0 3 0 0 3 12 1
+6 * 5
+8 +5 5
+3 * 5
+4 +1 5 5
+3 * 5 0 0 0 0 0 0 0 0 5 1
-10 -1 79
+3 * 79
+4 +1 79 79
+3 * 79 0 0 0 0 0 0 0 0 79 23
+2 +4 5
+3 * 5
+4 +1 5 0 5
+3 +3 5 0 5 0 0 2 0 0 2
+7 +4 5
+4 * 5
+3 * 5 5
+1 * 5 5
+2 * 5 5
+2 * 5 5
+2 * 5 5
+2 * 5 5
+1 * 5 5
-17 * 1
+4 * 1
+3 * 1 1
+1 * 1 1
+2 * 1 1
+2 * 1 1
+2 * 1 1
+2 * 1 1
+1 * 1 1
+2 131 6 0 6 1 0 6 1 0 6
+11 * 6
+5 -8 5
+3 -4 5 5
+4 * 5 0 0 0 0 0 0 0 0 5 4
+17 +34 1 0 0 1 0 0 1
+2 +7 1
+3 * 1 0 0 0 0 0 0 0 0 1
+6 * 1
+7 * 1
+6 +8 5 5
+7 * 5
+7 * 5
+3 * 5 0 0 0 0 0 0 0 0 5 2
fi=(28)
+55 56 5 0 0 1 0 0 1
+3 * 5 5 5 0 0 0 0 0 0 0 0 5 1
cfi=(27)
cfn=(78)
calls=5 0xc630 -20 
* * 90 15 15 0 0 0 0 0 0 15 2
+6 * 5
fe=(26)
+3 200 5
+3 * 5 0 0 0 0 0 0 0 0 5
+2 -1 5
+3 * 5
+12 64 1 0 0 1 0 0 1
+7 * 1 0 0 0 0 0 0 0 0 1 1
+73 +2 1 1 0 1 0 0 1
+3 * 1
+2 * 1 0 0 0 0 0 0 0 0 1
+6 +1 1 1
+5 * 1 0 0 0 0 0 0 0 0 1
+6 * 1 0 1
+8 * 1
+5 * 1
+5 * 1 0 0 1 0 0 1
+3 +10 1
+5 -6 1
+7 * 1

fl=(48)
fn=(150)
0x37c0 28 2 0 0 2 0 0 1
+4 +1 2 2

fl=(79)
fn=(300) do_lookup_x
0xac30 344 2859 0 2859 3 0 0 1
+1 * 2859
+3 * 2859
+3 * 2859 0 2859
+2 * 2859 0 2859
+2 * 2859 0 2859
+2 * 2859 0 2859
+2 * 2859 0 2859 0 0 4 0 0 2
+1 * 2859 0 0 2 0 0 1
+7 * 2859 0 2859
+4 * 2859 2859
+4 * 2859 2859
+4 +1 2859 2859 0 0 2 0 0 1
+4 -1 2859 0 2859 0 0 4 0 0 2
+4 * 2859 0 2859
+4 * 2859 0 2859
fi=(81) /usr/src/debug/glibc/glibc/elf/../sysdeps/generic/dl-protected.h
+4 29 2859
fe=(79)
+3 351 2859 2859
fi=(81)
+3 29 2859 2859
+4 * 2859
+3 * 2859 0 2859
+4 * 2859
fe=(79)
+12 393 9697 9697 0 3 5 0 1 1
+6 * 9697
+2 * 9697 0 0 0 0 0 0 0 0 9697
+2 +8 9697 9697 0 0 17 0 0 2
+4 -4 9697 0 9697
+7 +1 9697 0 9697
+8 +3 9697 9697 0 0 15 0 0 2
+4 * 9697
+2 * 9697 9697
+7 * 9697 0 0 0 0 0 0 0 0 9697 6
+8 +1 9697 9697 0 0 2
+4 * 9697 9697
+4 +3 9697 9697 0 2 0 0 1
+7 -3 9697 0 9697
+4 +4 9697
+3 * 9697 0 0 0 0 0 0 0 0 9697
+6 +3 9697
+3 +4 9697 9697
+6 -4 9697
+3 +1 9697 9697
+6 -2 9697 9697 0 0 1063 0 0 151
+4 +5 9697
+3 * 9697
+2 * 9697
+2 +3 9697
+3 * 9697
+3 * 9697
+3 * 9697
+3 * 9697
+3 * 9697
+3 * 9697 0 0 0 0 0 0 0 0 9697 3221
+6 +99 6872 0 6872
+5 * 6872 6872
+4 * 6872 0 0 0 0 0 0 0 0 6872 23
+6 355 9708 9708 0 2 0 0 1
+4 * 9708 9708 0 0 11 0 0 1
+4 * 9708 9708 0 0 17 0 0 3
+4 +3 9708
+3 * 9708 0 0 0 0 0 0 0 0 9708 4
+2 +4 9708
+4 * 9708 0 0 0 0 0 0 0 0 9708 31
+2 * 33 33
+7 * 33 0 0 0 0 0 0 0 0 33 4
+2 +21 9697 9697 0 0 13 0 0 2
+7 * 9697 0 0 0 0 0 0 0 0 9697 16
+17 +4 9697 9697 0 2 2 0 1
+7 * 9697 0 0 0 0 0 0 0 0 9697 16
fi=(4)
0xae90 151 2836 2836 0 2 0 0 1
+4 * 2836
+2 +1 2836
+3 * 2836
+3 * 2836
fe=(79)
+3 473 2836
+3 * 2836 0 0 0 0 0 0 0 0 2836 2
fi=(81)
+6 29 2836
+3 * 2836 0 0 0 0 0 0 0 0 2836 15
fe=(79)
+12 480 2836 2836
+4 * 2836
+3 * 2836
+2 * 2836 0 0 0 0 0 0 0 0 2836 822
+6 * 1176
+2 * 1176 0 0 0 0 0 0 0 0 1176 49
+6 * 1094
+2 * 1094 0 0 0 0 0 0 0 0 1094
+6 +16 2754 2754
+4 * 2754 0 2754
+3 +1 2754 0 2754
+4 +22 2754
+4 -21 2754
+5 +21 2754 2754
+1 * 2754 2754
+2 * 2754 2754
+2 * 2754 2754
+2 * 2754 2754
+2 * 2754 2754
+1 * 2754 2754
-19 * 82
+4 -21 82
+5 +21 82 82
+1 * 82 82
+2 * 82 82
+2 * 82 82
+2 * 82 82
+2 * 82 82
+1 * 82 82
+4 -99 3019 0 0 2 0 0 1
+3 * 3019
+2 * 3019
+2 -1 3019 3019 0 2 0 0 1
+7 * 3019 3019 0 0 1479 0 0 236
+3 +2 3019
+2 * 3019 0 0 0 0 0 0 0 0 3019 12
+6 +2 3007 3007
+7 +6 3007 0 3007
+4 * 3007
+3 * 3007
+3 * 3007 0 3007
+7 * 3007
+3 -6 3007
+4 +6 3007
+4 * 3007 0 3007
+4 * 3007 0 3007
+4 * 3007 0 3007
+4 * 3007 0 3007 3 0 0 2
+4 * 3007 0 3007
+7 * 3007
+21 +7 4689
+4 * 4689
+3 * 4689 0 0 0 0 0 0 0 0 4689 176
+6 -10 7523 7523 0 0 2413 0 0 562
+4 * 7523
+2 * 7523
+3 * 7523
+2 * 7523 0 0 0 0 0 0 0 0 7523 3159
+2 +2 2848
+3 * 2848 2848 0 2 0 0 1
+4 +1 2848
+4 * 2848 2848 2848 0 0 5 0 0 2
+3 -1 2848
+4 +1 2848
+4 * 2848 2848
+4 +1 2848
+2 -1 2848 0 2848
+1 * 2848 2848
+4 * 2848 0 2848
+2 +1 2848
+4 -1 2848 2848 2848
+3 * 2848
+4 * 2848 2848
+4 * 2848 0 2848
+1 * 2848 2848
+4 * 2848 2848
+3 * 2848 0 2848 0 0 5 0 0 2
cfn=(302) check_match
calls=2848 0xaaa0 70 
* * 270508 80271 20219 92 1483 5 39 642 2 31731 1216 400 313
+5 +4 2848
+4 * 2848
+3 * 2848 0 0 1 0 0 1 0 0 2848 6
+2 * 2834
+3 * 2834 2834
+7 * 2834
+3 * 2834
+3 * 2834 2834
+4 * 2834 2834
+4 * 2834 2834
+4 * 2834 2834
+7 * 2834
0xb078 219 82 82 0 1 0 0 1
+4 * 82
+3 +2 82 0 0 1 0 0 1
+7 -2 82 0 82
+4 * 82 0 82
+4 +2 82
+4 -2 82 0 82
+4 +2 82
+5 +2 82
+3 -2 82 0 82
+7 * 82
+3 * 82 82 82 0 3 0 0 0 0 0 0 82 1
cfi=(24)
cfn=(88)
calls=82 0x13f20 43 
* * 246 82
+6 +2 82 82 0 0 3 0 0 1
+5 +2 82 82
+4 * 82
+3 * 82 0 0 0 0 0 0 0 0 82 1
+6 -1 81 81 0 1 0 0 1
+5 +3 81
+3 * 81
+2 * 81
+3 * 81 0 81
+4 * 81
+3 +1 81 81
+4 -1 81 0 81
+7 * 81 0 81
+7 +1 81
+4 -1 81
+3 +1 81
+2 * 81
+3 -1 81 0 81
+7 * 81
+3 * 81
+3 +1 81 0 0 1 0 0 1
+4 * 81
+3 -1 81
+3 * 81
+4 * 81
+3 * 81
+3 * 81
+3 * 81 0 81
+4 * 81
+3 * 81
+4 * 81
+3 * 81 0 81
+7 * 81
+3 * 81
+4 * 81
-34 * 46
+3 * 46
+3 * 46 0 46
+4 * 46
+3 * 46
+4 * 46
+3 * 46 0 46
+7 * 46
+3 * 46
+4 * 46
+6 +24 176
+3 * 176 0 0 0 0 0 0 0 0 176 84
+6 +3 95
+3 +1 95
+3 * 95
+3 * 95 0 0 0 0 0 0 0 0 95 44
+6 -23 176 176 0 1 99 0 1 42
+4 -1 176 176
+4 * 176 0 0 0 0 0 0 0 0 176 20
+72 484 1660 1660 0 1 2 0 1 1
+6 * 1660
+2 * 1660 0 0 0 0 0 0 0 0 1660 7
+48 +35 23 0 0 1 0 0 1
+4 -1 23
+2 +1 23 23
+1 * 23 23
+2 * 23 23
+2 * 23 23
+2 * 23 23
+2 * 23 23
+1 * 23 23
+1 * 1 0 1
fi=(28)
+4 44 1
+5 * 1
+5 * 1 1 1 0 0 0 0 0 0 0 0 1
cfi=(27)
cfn=(74)
calls=1 0xc780 +36 
* * 29 4 3 0 2 1 0 0 0 4 2 1
+6 * 1
fe=(79)
+3 299 1 0 0 1 0 0 1
+3 * 1 0 0 0 0 0 0 0 0 1
+6 -72 1
+3 +70 1 1
+4 * 1 1
+4 +5 1 0 1
+5 +2 1 1
+7 -7 1
+6 +6 1 0 1
+9 +1 1 0 1
+5 167 1
+10 * 1 0 0 1 0 0 1
+3 * 1
+3 * 1
+3 * 1
+3 * 1
+4 * 1
+4 * 1
+3 * 1
+4 * 1
+3 * 1
+3 * 1
+3 +1 1
+10 * 1
+3 * 1
+4 * 1
+4 * 1
+3 * 1
+4 308 1 1
+2 * 1 1 0 1 0 0 1
+4 * 1
+3 * 1
+4 * 1
+3 -1 1 1
+4 * 1 0 0 0 0 0 0 0 0 1 1
-20 +1 81 81
+2 * 81 81
+4 * 81
+3 * 81
+4 * 81
+3 -1 81 81
+4 * 81 0 0 0 0 0 0 0 0 81 12
+55 +19 82 82 0 1 0 0 1
+5 * 82
+7 * 82 0 82
+4 +2 82 82
+7 -2 82 0 82
+6 +2 82 82 82 0 0 0 0 0 0 0 0 82 1
cfi=(24)
cfn=(88)
calls=82 0x13f20 43 
* * 246 82
+6 +2 82 82
+4 * 82 82
+4 +1 82 0 82
+4 -1 82 0 82
+3 +1 82
+5 173 38
+3 * 38
+3 * 38
+4 * 38
+3 * 38
-10 * 82 0 0 1 0 0 1
+3 * 82
+4 * 82
+3 * 82
+19 -2 84
+3 +1 84
+3 * 84
+3 * 84 0 0 0 0 0 0 0 0 84 36
+2 -3 166 166 0 0 2 0 0 2
+5 * 166 0 0 0 0 0 0 0 0 166 56
+2 +7 82 0 82
+3 +1 82 0 82
+4 +1 82 0 82
+4 +1 82 0 82 1 0 0 1
+4 315 82 82
+7 * 82
+3 * 82
+2 * 82 0 0 0 0 0 0 0 0 82 15
+89 467 173 173 0 2 0 0 1
+4 * 173 0 0 0 0 0 0 0 0 173 1
+6 * 2 2
+4 +2 2
+3 * 2 0 0 0 0 0 0 0 0 2 2
+17 259 81 0 0 1 0 0 1
+3 * 81 81
+5 * 81
+3 * 81 81
+4 * 81
+7 * 81
+4 * 81 81
+7 * 81 81
+7 * 81 81
+7 * 81 81
+7 * 81 0 0 1 0 0 1
+3 * 81 81
+5 * 81 81
+4 * 81
+4 * 81
+3 * 81 0 0 0 0 0 0 0 0 81 15
+6 +7 2
+4 * 2 0 2
+7 * 2 0 2
+4 * 2 0 2
+4 * 2 0 2
cfi=(53)
cfn=(576) _dl_higher_prime_number
calls=2 0xc9b0 85 
* * 159 14 0 2 4 0 2 2 0 22 14
fi=(28)
+5 44 2
fe=(79)
+5 266 2
fi=(28)
+3 44 2
+3 * 2 2 2 0 0 0 0 0 0 0 0 2 1
cfi=(27)
cfn=(74)
calls=2 0xc780 +36 
* * 58 8 6 0 2 1 0 0 0 8 4 2
+6 * 2 0 0 1 0 0 1
fe=(79)
+3 269 2
+3 * 2 0 0 0 0 0 0 0 0 2
+6 168 2
+5 * 2 2
+7 276 2 2
+4 * 2 2
+4 * 2 2
+4 168 2 0 2
+4 * 2
+3 * 2
+4 276 2
+3 * 2 0 0 0 0 0 0 0 0 2
+6 * 2 0 2
+4 * 2
+4 +1 2 2 0 1 2 0 1 1
+4 * 2
+3 * 2 0 0 0 0 0 0 0 0 2 1
-7 * 90 90 0 0 23 0 0 1
+4 * 90
+3 * 90 0 0 0 0 0 0 0 0 90 26
+2 +1 70
+5 * 70 70
+3 167 70
+2 278 70 70
+4 * 70 70
+5 * 70
+3 167 70
+3 +1 70
+2 -1 70
+3 +1 70
+2 * 70 70
+4 * 70
+4 +1 70
+3 * 70
+4 * 70
+3 * 70
+4 * 70 0 0 1 0 0 1
+3 * 70
-10 * 5
+3 * 5
+4 * 5
+3 * 5
+30 +2 14
+3 +1 14
+3 * 14
+3 * 14 0 0 0 0 0 0 0 0 14 5
+6 -3 84 84 0 0 56 0 0 56
+5 * 84 0 0 0 0 0 0 0 0 84 19
+2 +7 70 0 70
+2 +3 70 0 70
+4 -2 70 0 70
+4 +99 70
+4 * 70
+3 * 70 0 0 0 0 0 0 0 0 70 22
-7 * 22 0 0 1 0 0 1
+4 * 22
+3 * 22 0 0 0 0 0 0 0 0 22 7
+6 * 2 2
+4 +6 2 2
+5 * 2
+7 * 2 0 2
+4 * 2
+3 * 2 0 2
+4 * 2
+3 * 2 2 2 0 0 0 0 0 0 0 0 2 1
cfi=(27)
cfn=(578)
calls=2 0xc7c0 97 
* * 10 4 0 1 0 0 1 0 0 2
+4 +4 2 2
+7 167 2
+2 285 2
+3 * 2 2
+4 * 2 2
+4 -2 2 0 2
+4 +3 2 0 2
+4 167 2 2
+4 285 2 0 2
+4 -1 2
+3 167 2
+3 +1 2 2
+4 -1 2
+3 +1 2
+2 * 2 2
+4 * 2
+4 * 2
+6 +88 46 0 0 1 0 0 1
+3 * 46
+3 * 46 46
+4 * 46
+3 * 46
+3 * 46 0 0 1 0 0 1
+3 * 46
0xb648 445 173 0 0 2 0 0 1
+3 * 173 173
+4 * 173
+3 * 173 173
+4 * 173 173
+7 * 173 173
+4 * 173 173
+7 * 173
0xb6d8 173 5 0 0 1 0 0 1
+3 * 5

fn=(296)
0xb780 769 2859 0 0 2 0 0 1
+4 * 2859 0 2859
+1 * 2859
+3 * 2859 0 2859 0 0 4 0 0 1
+2 * 2859 0 2859
+2 * 2859 0 2859
+2 * 2859
+3 * 2859 0 2859
+2 * 2859
+3 * 2859 0 2859
+1 * 2859
+3 * 2859
+7 * 2859 0 2859 0 0 4 0 0 1
+7 * 2859 0 2859
+7 * 2859 0 2859
fi=(80) /usr/src/debug/glibc/glibc/elf/../sysdeps/generic/dl-new-hash.h
+7 74 2859 2859 0 0 1811 0 0 1233
+5 +3 2859
+2 * 2859 0 0 2 0 0 1 0 0 2859 1
+6 -8 2859
+3 +1 2859
+6 * 2859
+4 +10 2859 2859 0 0 49 0 0 45
+4 +1 2859
+2 * 2859 0 0 0 0 0 0 0 0 2859 3
-6 -1 58474 58474 0 0 776 0 0 621
+4 +1 58474
+2 * 58474 0 0 0 0 0 0 0 0 58474 1447
+6 +20 59888
+7 -2 59888
+2 +6 59888
+4 -3 59888
+3 * 59888
+2 +2 59888
+3 -30 59888 59888 0 0 757 0 0 589
+3 +3 59888
+2 * 59888 0 0 0 0 0 0 0 0 59888 1450
fe=(79)
+2 771 2859
+5 +4 2859 0 2859 2 0 2 1 0 1
+8 -4 2859 0 2859 0 0 4 0 0 1
+4 +8 2859
+3 * 2859 0 0 0 0 0 0 0 0 2859 30
+6 * 2832 2832
+4 * 2832 0 0 0 0 0 0 0 0 2832
+6 +3 2832 2832
+5 * 2832 0 0 0 0 0 0 0 0 2832
+6 +6 2832 2832
+7 -7 2832
+2 +7 2832 2832 0 0 1
+3 * 2832
+3 * 2832 0 0 0 0 0 0 0 0 2832
+6 * 2859
+4 * 2859 0 0 2 0 0 1
+3 -15 2859
+4 +15 2859
+3 -15 2859 2859
+7 * 2859 0 2859
+7 * 2859
+4 * 2859 0 2859
+7 * 2859
+3 * 2859 0 2859
+7 * 2859
+3 * 2859
+8 +15 23 23
+4 * 23
+4 +1 23 23
+5 -1 23
+2 * 23
+3 * 23 0 0 0 0 0 0 0 0 23 2
+2 +1 2859 2859 0 2 0 0 1
+6 * 2859 2859
+3 * 2859 0 2859
+4 * 2859 2859 2859 0 0 4 0 0 2
+6 * 2859 2859
+7 * 2859 2859
+7 * 2859 0 2859
+1 * 2859
+3 * 2859 2859
+3 * 2859 2859 2859
+3 * 2859 0 2859
+1 * 2859
+3 * 2859 0 2859 0 0 4 0 0 1
+1 * 2859 0 2859
+1 * 2859 0 2859 2 0 0 1
cfn=(300)
calls=2859 0xac30 344 
* * 1060265 334742 133252 147 6720 25 79 1709 10 148273 9172 572 317
+5 * 2859
+4 * 2859
+2 * 2859 0 0 0 0 0 0 0 0 2859 3
+2 * 2859 2859
+4 * 2859 2859
+7 * 2859
+3 * 2859 0 2859
+7 +5 2859
+3 * 2859 0 0 0 0 0 0 0 0 2859 3
+6 +23 2836 2836
+3 -28 2836 2836
+4 +29 2836
+3 * 2836 0 0 0 0 0 0 0 0 2836 5
+6 * 2831 2831
+4 * 2831
+3 * 2831 0 0 2 0 0 1
+2 * 2831
+2 * 2831 0 0 0 0 0 0 0 0 2831
+2 +35 2836 2836
+8 * 2836
+3 * 2836
+2 * 2836 0 0 0 0 0 0 0 0 2836 2
+6 * 2836
+3 * 2836
+3 * 2836
+3 * 2836
+3 * 2836
+3 +14 2836 2836 0 0 26 0 0 1
+7 * 2836
+2 * 2836 0 0 0 0 0 0 0 0 2836 3
+6 +3 2836 2836
+7 * 2836 0 0 1 0 0 1 0 0 2836
+6 -57 2859 2859
+7 * 2859 0 2859
+4 +76 2859
+4 * 2859
+3 * 2859 2859
+1 * 2859 2859
+2 * 2859 2859
+2 * 2859 2859
+2 * 2859 2859
+2 * 2859 2859
+1 * 2859 2859
fi=(80)
0xba30 87 1445 0 0 4 0 0 2
+3 +1 1445
+3 +1 1445
+3 * 1445
+4 +1 1445 0 0 2 0 0 1
fe=(79)
+11 782 27 27
+5 * 27 0 0 0 0 0 0 0 0 27
+2 +6 27 27
+7 * 27 27
+3 * 27
+3 * 27 0 0 0 0 0 0 0 0 27
+6 -7 27
+2 * 27
+12 +37 5
+3 * 5
0xbaf0 -34 23 0 0 1 0 0 1
+3 * 23
+3 * 23
+3 +12 23 23
+4 * 23
+3 * 23 0 0 1 0 0 1 0 0 23
+2 * 23 23
+4 * 23
+3 * 23
+2 * 23 0 0 0 0 0 0 0 0 23 2
0xbb87 +18 23 0 23
+11 * 23
+3 * 23
+11 +54 1 0 1 1 0 0 1
+11 * 1

fn=(302)
0xaaa0 70 2848 0 0 1 0 0 1
+3 * 2848 2848 0 0 293 0 0 177
+5 +3 2848 2848
+5 * 2848
+3 * 2848 2848 0 0 320 0 0 222
+5 * 2848 0 0 0 0 0 0 0 0 2848
+6 * 2848
+3 * 2848 0 0 1 0 0 1
+3 * 2848
+3 * 2848
+3 +13 2848
+5 * 2848
+2 * 2848
+3 * 2848
+3 * 2848 0 0 0 0 0 0 0 0 2848
+6 -16 2848 0 2848
+1 * 2848
+3 * 2848 0 2848
+2 * 2848
+3 * 2848 0 2848
+2 * 2848
+3 * 2848 0 2848
+1 * 2848
+3 * 2848
+4 +19 2848
+3 * 2848 0 0 0 0 0 0 0 0 2848 312
+2 * 330 330
+3 * 330 330
+4 * 330
+3 * 330 0 0 3
+3 * 330 0 330 0 0 4 0 0 1
cfi=(33)
cfn=(100)
calls=330 0x26880 +9 
* * 17920 2925 0 70 377 0 33 183 0 1992 564 189 163
+5 * 330
+2 * 330 0 0 0 0 0 0 0 0 330
+6 +4 2848 2848 0 1 0 0 1
+4 * 2848 2848 0 0 14 0 0 1
+7 +1 2848
+3 * 2848 0 0 0 0 0 0 0 0 2848 6
+2 +4 2844
+3 * 2844 0 0 0 0 0 0 0 0 2844
+6 +4 2844 2844
+3 * 2844 2844 0 0 227 0 0 50
+5 +1 2844
+3 * 2844
+5 * 2844
+4 * 2844 2844
+4 * 2844 2844 0 4 0 0 1
+7 * 2844
+4 * 2844 2844
+5 * 2844 2844 0 0 59 0 0 1
+3 * 2844 0 0 0 0 0 0 0 0 2844 15
+6 +1 2831 2831 0 0 16
+3 * 2831 2831 0 0 3
+4 * 2831 0 2831
+4 * 2831 0 2831
+4 * 2831 0 2831 0 0 1 0 0 1
cfi=(33)
cfn=(100)
calls=2831 0x26880 -6 
* * 79440 19763 0 6 170 0 0 8 0 9460 302 211 150
+5 * 2831 2831
+4 * 2831 2831
+4 +54 2831
+3 -54 2831
+2 * 2831 0 0 0 0 0 0 0 0 2831 6
+2 +55 2848
+4 * 2848 0 0 4 0 0 1
+3 * 2848 2848
+1 * 2848 2848
+2 * 2848 2848
+2 * 2848 2848
+1 * 2848 2848
+7 -1 4
+3 -17 4
+3 * 4 0 0 0 0 0 0 0 0 4
+2 +2 4 4
+3 * 4 4 0 0 3
+4 +1 4
+2 -1 4
+2 * 4
+6 +1 4
+4 * 4
+3 * 4
+3 -1 4
+2 * 4 0 0 0 0 0 0 0 0 4 3
+2 +4 1
+3 * 1 0 0 0 0 0 0 0 0 1
+2 -35 2 2
+4 * 2 2
+4 * 2 2
+2 * 2
+3 * 2 0 2
+2 * 2
+2 * 2 0 0 0 0 0 0 0 0 2
+2 +3 2 2
+4 * 2 0 2
+3 -37 2
+2 * 2
-2 * 12
+2 * 12
+8 +31 13 13 0 2 0 0 1
+5 * 13
+2 * 13 0 0 0 0 0 0 0 0 13
+2 +1 13 13
+3 +1 13 13 0 0 1
+3 * 13 0 0 0 0 0 0 0 0 13 7
+2 * 1
+4 * 1 0 0 0 0 0 0 0 0 1 1

fl=(173)
fn=(592) _dlfo_process_initial
0x5180 505 2 0 2 1 0 0 1
+1 * 2
+3 * 2
+3 * 2 0 2
+2 * 2 0 2
+2 * 2 0 2
+2 * 2 0 2
+2 * 2 0 2
+1 * 2
+4 +1 2 2
+7 +3 2 2
+9 * 2 0 0 0 0 0 0 0 0 2
+6 +5 2 2 0 0 1
+7 * 2
+7 * 2 0 2
+4 * 2
+3 * 2 0 0 1 0 0 1 0 0 2
+6 * 2 0 2
+8 * 2
+3 * 2
+3 * 2
+2 * 2
+11 +1 2 2
+3 * 2
+3 * 2 0 0 0 0 0 0 0 0 2 2
+10 +1 14 14 0 0 1
+4 -1 14
+3 * 14 0 0 0 0 0 0 0 0 14 2
+2 +3 14
+3 * 14 0 0 0 0 0 0 0 0 14 2
+2 * 12 12 0 1 0 0 1
+4 * 12 0 0 0 0 0 0 0 0 12
+2 +3 12 12
+7 * 12
+3 * 12
+2 * 12 0 0 0 0 0 0 0 0 12 6
+64 -7 2 0 0 1 0 0 1
+4 * 2
+4 * 2 2
+7 * 2 0 0 0 0 0 0 0 0 2
+6 +34 2 2
+4 -2 2 0 2
+7 +2 2
+4 * 2 2
+1 * 2 2
+2 * 2 2
+2 * 2 2
+2 * 2 2
+2 * 2 2
+1 * 2 2
+2 -24 12 12 0 1 0 0 1
+7 * 12 0 0 0 0 0 0 0 0 12 6
+14 +5 12 12 0 0 1
+7 * 12
+3 * 12 0 0 0 0 0 0 0 0 12 4
+2 +3 6
+4 -1 6
+3 * 6
+4 * 6 0 6
cfi=(174) /usr/src/debug/glibc/glibc/elf/./dl-find_object.h
cfn=(590) _dl_find_object_from_map
calls=6 0x4fc0 105 
* * 707 118 45 0 70 5 0 0 5 216 25
+5 +2 12
+4 * 12

fn=(588)
0x5760 578 1 0 0 1 0 0 1
+4 * 1 0 1
+1 * 1
+3 * 1 0 1
+2 * 1 0 1
+1 * 1
+4 +3 1 1 0 0 1
+7 +2 1 1
+7 * 1 0 0 1 0 0 1 0 0 1 1
+17 +13 1 0 1
cfn=(592)
calls=1 0x5180 -91 
* * 152 44 9 5 3 0 5 0 0 42 11
+5 * 1
+3 +1 1 1
+7 * 1
+4 * 1
fi=(28)
+4 56 1 1 1 0 1 0 0 0 0 0 0 1 1
cfi=(27)
cfn=(78)
calls=1 0xc630 -20 
* * 18 3 3 0 1 1 0 0 0 3 1
fe=(173)
+6 597 1 0 1
+7 +2 1
+3 * 1 0 0 0 0 0 0 0 0 1
+2 +3 1
+3 * 1 0 0 0 0 0 0 0 0 1
+6 * 1 0 1 1 0 0 1
+4 +5 1 0 1
+11 +1 1 0 1
cfn=(592)
calls=1 0x5180 505 
* * 883 162 60 0 70 5 0 0 5 258 36
+5 +3 1 1
+7 * 1 1
+4 * 1
+3 * 1 0 0 0 0 0 0 0 0 1 1
+6 +10 1
+4 * 1 1
+1 * 1 1
+2 * 1 1
+1 * 1 1
0x5890 -37 1 0 0 1 0 0 1
+7 * 1 0 1
cfi=(174)
cfn=(590)
calls=1 0x4fc0 105 
* * 135 21 7 3 12 1 3 0 0 43 15
+5 * 1
+12 +29 1 0 1
cfn=(594) _dlfo_sort_mappings
calls=1 0x5680 -60 
* * 282 59 33 3 0 0 3 0 0 26 17
+6 +3 1 1
+7 * 1 1
+7 * 1 0 0 1 0 0 1
+5 * 1
+4 * 1 1
+4 * 1 0 1
+7 +2 1

fn=(594)
0x5680 553 1 0 0 1 0 0 1
+4 +1 1
+4 * 1 0 0 0 0 0 0 0 0 1
+6 -1 1 0 1
+1 * 1
+3 +4 1
+3 * 1
+3 -4 1
+3 * 1 0 1
+2 +4 1
+4 -4 1 0 1
+1 * 1
+3 * 1
+11 +8 1
+3 +1 1
+4 -1 1 1
+3 +1 1
+3 * 1 0 0 1 0 0 1 0 0 1
-13 -1 4
+3 +1 4
+4 -1 4 4
+3 +1 4
+3 * 4 0 0 0 0 0 0 0 0 4 1
+6 * 5
+4 * 5
+3 * 5
+3 * 5
+8 * 5
+11 +1 5 5
+3 * 5
+3 +2 5
+4 * 5
+4 -3 5
+4 * 5
+4 * 5
+3 * 5 0 0 0 0 0 0 0 0 5 5
-25 +1 10 10
+3 * 10
+3 +2 10
+4 * 10
+4 -3 10
+4 * 10
+4 * 10
+3 * 10 0 0 0 0 0 0 0 0 10 7
+2 +8 5
+4 * 5 0 0 1 0 0 1
+4 * 5 5
+3 +1 5 5
+5 * 5
+5 * 5 5
+4 -1 5 5
+5 * 5 5
+4 +1 5 0 5
+3 * 5 5
+6 * 5 0 5
+4 * 5 5
+4 * 5 0 5
+4 +1 5 0 5
+4 * 5 0 5
+4 * 5 0 5
+5 -15 5
+3 * 5
+3 * 5 0 0 0 0 0 0 0 0 5 4
+6 +17 1 1
+1 * 1 1
+2 * 1 1
+1 * 1 1

fl=(174)
fn=(590)
0x4fc0 105 7 7 0 1 3 0 1
+7 +10 7
+4 +1 7
+4 -11 7 0 7 0 0 3 0 0 2
+3 +1 7 7
+7 * 7 0 7
+4 +1 7 0 7 0 0 1 0 0 1
+4 +8 7 0 7 0 0 2 0 0 2
+8 +1 7 0 7
+8 +5 7 7 0 0 5
+7 * 7 7 0 0 1
+7 * 7 0 0 1 0 0 1
+4 * 7
+3 +1 7
+3 * 7 0 0 0 0 0 0 0 0 7
+2 -19 7
+2 * 7
+3 +21 77
+6 * 77 0 0 0 0 0 0 0 0 77 14
+2 +12 3 3
+3 +2 3
+3 -2 3 3 0 0 2
+4 * 3 0 3
+3 +7 3
+3 * 3 0 0 0 0 0 0 0 0 3 2
+2 -21 81
+4 * 81
+3 * 81 0 0 0 0 0 0 0 0 81 4
+2 +2 84 84 0 0 67
+2 * 84
+6 * 84 0 0 0 0 0 0 0 0 84 18
+2 +3 7 7 0 0 1
+3 +5 7 0 0 1 0 0 1
+3 -5 7 7 0 0 3
+4 * 7 0 7
+3 +16 7
+3 * 7 0 0 0 0 0 0 0 0 7 2
+2 +5 7 0 7
+7 +1 7 7

fl=(275)
fn=(1010)
0x142e0 39 24 0 0 1 0 0 1
+4 +5 24 0 24
+1 +3 24
+3 +2 24
+4 +10 24 24 0 0 3 0 0 1
+7 +6 24 0 24 0 0 3 0 0 1
+4 +1 24 0 24
+5 +1 24 0 24 1 0 0 1
+5 +1 24 0 24
+5 +1 24 0 24
+5 +1 24 0 24
+5 +1 24 0 24
+5 +4 24
+5 +1 24
+2 +3 24 0 24
+8 +1 24 0 24
+8 +2 24 0 24
+8 +1 24 0 24
+8 +1 24 0 24 1 0 0 1
+8 +1 24 0 24
+8 +1 24 0 24
+8 +1 24 0 24
+8 +2 24 0 816 0 0 15 0 0 4
+5 +7 24 24
+4 +1 24 24
+4 +1 24 0 24 0 0 3 0 0 1
cfi=(276) /usr/src/debug/glibc/glibc/elf/dl-runtime.c
cfn=(1012) _dl_fixup
calls=24 0x11e30 -52 
* * 21343 5579 1999 100 341 40 17 78 13 2918 233 25 21
+5 +1 24
+3 +5 24
+5 +1 24
+2 +1 24 864
+5 +2 24 24 0 2 0 0 1
+5 +1 24 24
+5 +1 24 24
+5 +1 24 24
+5 +1 24 24
+5 +1 24 24
+5 +1 24 24
+4 +2 24
+3 +2 24 24
+4 +4 24
+4 +2 24 0 0 0 0 0 0 0 0 0 0 24 24

fl=(68)
fn=(234)
0x24f50 60 3 0 0 1 0 0 1
+4 * 3 0 3
+1 * 3
+3 * 3 0 3
+2 * 3
+3 * 3 0 3
+2 * 3
+3 * 3 0 3
+1 * 3
+3 * 3
+4 +1 3 0 3
cfn=(236)
calls=3 0x24ee0 -28 
* * 50 12 4 3 2 1 2 2 1 8 5
+5 * 3
+2 * 3 0 0 0 0 0 0 0 0 3 3
+30 +9 3 0 0 1 0 0 1
+4 * 3 3
+1 * 3 3
+2 * 3 3
+2 * 3 3
+1 * 3 3

fn=(236)
0x24ee0 33 5 0 0 1 0 0 1
+4 +1 5 5
+6 * 5
+2 * 5 0 0 0 0 0 0 0 0 5 3
+2 * 1
+3 * 1 0 0 0 0 0 0 0 0 1 1
+15 -1 1 0 1 1 0 0 1
+1 +4 1
+2 * 1
+5 -4 1
+3 * 1
+4 +4 1
+4 * 1 0 1 0 0 1 0 0 1
cfi=(11)
cfn=(28)
calls=1 0x14cf0 438 
* * 18 4 1 1 2 0 0 2 0 3 2
+5 * 1 1
+3 * 1
+2 * 1 0 0 0 0 0 0 0 0 1
+2 +5 1 0 1
+10 +1 1
+2 +7 1 1
+1 * 1 1
+28 -7 4
+2 * 4 4

fl=(32)
fn=(96)
0x4f20 24 1 0 0 1 0 0 1
+4 * 1 0 1
+1 +1 1
+2 * 1
+5 -1 1
+3 * 1
+4 +1 1
+4 * 1 0 1
cfi=(11)
cfn=(28)
calls=1 0x14cf0 438 
* * 18 4 1 0 2 0 0 2 0 3 2
+5 * 1 1
+3 * 1 0 0 1 0 0 1
+2 * 1 0 0 0 0 0 0 0 0 1
+2 * 1
+3 * 1 0 0 0 0 0 0 0 0 1
+2 +14 1 1
+1 * 1 1

fl=(65)
fn=(218)
0x3850 143 1 0 0 1 0 0 1
+4 * 1 0 1
+1 * 1
+3 * 1
+2 * 1
+3 +1 1
+3 -1 1
+3 +1 1
+4 -1 1
+3 +1 1
+8 -1 1 0 1
+2 * 1 0 1
+2 +1 1
+4 -1 1 0 1
+2 +1 1
+4 -1 1 0 1 1 0 0 1
+2 +1 1
+3 -1 1 0 1
+1 +1 1
+7 -1 1
+7 * 1 0 1 0 0 1 0 0 1
+7 +1 1
+3 * 1
+3 * 1
+3 * 1 0 0 0 0 0 0 0 0 1 1
+23 * 1
+5 * 1 0 0 1 0 0 1
+3 * 1
+3 * 1 0 0 0 0 0 0 0 0 1 1
+6 -8 1 1
+8 +8 1
+5 * 1
+4 -8 1
+3 -6 1
+4 -2 1 0 1 0 0 1 0 0 1
+6 +8 1
+3 +8 1 0 1
+7 -15 1 0 1
+4 +1 1 0 1
+4 +6 1 0 1 1 0 0 1
+7 +24 1
+2 * 1 0 0 0 0 0 0 0 0 1
+6 * 1
+3 * 1
+4 -28 1
+5 * 1 0 1
+7 * 1
+2 -2 1
+3 +31 1 1
+3 -33 1 0 1
+6 +32 1
+4 -30 1
+3 * 1
+4 +30 1
+4 -30 1
+4 -1 1 0 0 1 0 0 1
+5 * 1
+5 * 1
+4 * 1 0 1
+4 +7 1 1
+7 * 1
+3 * 1
+3 * 1 0 1
+6 +24 1
+3 * 1 0 0 0 0 0 0 0 0 1
+2 * 1
+4 +28 1 1
+4 * 1
+4 * 1 0 1
+7 -6 1 1 0 1 0 0 1
+7 -18 1 1
+7 +64 1
fi=(71) /usr/src/debug/glibc/glibc/elf/../include/scratch_buffer.h
+3 78 1 0 1 0 0 1 0 0 1
fe=(65)
+11 228 1 0 1
fi=(71)
+7 77 1
fe=(65)
+7 +87 1 0 1
+8 +20 1 0 1
+10 +44 1 0 1
fi=(71)
+7 77 1 0 1 1 0 0 1
fe=(65)
+7 228 1 0 1
+7 * 1
+3 -31 1 1
+7 -4 1 0 1
+7 +4 1
+3 * 1 0 0 0 0 0 0 0 0 1 1
-17 * 6 6 0 0 1
+7 -4 6 0 6
+7 +4 6
+3 * 6 0 0 0 0 0 0 0 0 6 5
+8 +11 7 7
+5 * 7 0 0 0 0 0 0 0 0 7 3
+6 * 2 2 0 0 2 0 0 2
+8 * 2 0 0 0 0 0 0 0 0 2
+6 -18 2
+3 +18 2 2
+8 * 2 0 0 0 0 0 0 0 0 2
+6 417 7 0 0 1 0 0 1
+3 * 7 0 0 0 0 0 0 0 0 7 2
+6 +2 5
+3 +3 5
+5 -3 5
+4 * 5 0 5
+7 * 5 0 5
+8 +3 5
+4 * 5 0 5 1 0 0 1
fi=(28)
+7 56 5 5 5 0 0 0 0 0 0 0 0 5 1
cfi=(27)
cfn=(78)
calls=5 0xc630 -20 
* * 90 15 15 0 0 0 0 0 0 15 3
fe=(65)
+6 423 5 5
+7 * 5
fi=(28)
+3 56 5
fe=(65)
+3 423 5 0 0 0 0 0 0 0 0 5
+6 +7 5
+8 -1 5 0 5 0 0 1 0 0 1
+3 +1 5
+4 * 5 0 5
cfi=(29)
cfn=(82)
calls=5 0x25cc0 210 
* * 63 17 12 0 0 0 0 0 0 12 3
+6 +1 5 5
+7 * 5
+8 * 5
+3 * 5
+4 * 5
+4 * 5 0 5
cfi=(29)
cfn=(82)
calls=5 0x25cc0 210 
* * 63 17 12 0 0 4 0 0 4 12 6
+6 +4 5 0 5
+8 -1 5 0 5
+7 +5 5 5
+3 * 5
+2 * 5 0 0 0 0 0 0 0 0 5 4
-5 * 2 2 0 1 0 0 1
+3 * 2
+2 * 2 0 0 0 0 0 0 0 0 2 2
+2 188 6 6
+4 * 6
+6 442 6 6
+3 * 6
+2 * 6 0 0 0 0 0 0 0 0 6 5
+2 -1 7 7
+4 +1 7
+3 * 7 0 0 0 0 0 0 0 0 7 5
+2 183 1 1
+7 * 1 1
+7 * 1
+3 * 1
+3 * 1 1
+7 * 1
+5 +27 5 5 0 1 0 0 1
+4 * 5 5
+4 * 5 5
+8 * 5 0 0 0 0 0 0 0 0 5 3
+6 +8 5 5
+6 +3 5 5
+4 -6 5 0 5 1 0 1 1 0 1
+7 +1 5 0 5
+7 +2 5 0 5
+6 +3 5 5
+4 -4 5 0 5
+7 +4 5
+3 * 5 0 0 0 0 0 0 0 0 5
+6 +7 5
+7 +4 5
+7 -13 5 0 5
+7 +9 5
+3 +4 5 0 0 1 0 0 1
+7 * 5 0 5 0 0 1 0 0 1
+7 * 5 0 5
+7 * 5 0 5
+7 * 5 0 5
+7 * 5 0 5
+7 * 5 0 5
+7 -4 5 0 5
+7 +4 5
+3 * 5
+5 -10 5 0 0 1 0 0 1
+4 * 5 0 0 0 0 0 0 0 0 5 1
-4 * 142
+4 * 142 0 0 0 0 0 0 0 0 142 10
+6 +6 13 13
+7 * 13 13
+5 * 13
+3 * 13 0 13
cfi=(30)
cfn=(180)
calls=13 0x7360 * 
* * 603 103 52 0 5 1 0 5 1 43 7
+5 * 13
+3 * 13
+3 * 13 0 0 0 0 0 0 0 0 13 8
0x3c82 +4 13 13 0 1 0 0 1
+7 * 13 13
+7 * 13
+7 -2 13 0 13
+7 +2 13 0 13
cfi=(51)
cfn=(162)
calls=13 0x23b0 -24 
* * 26587 5369 2669 75 195 202 74 195 202 4687 724 98 33
+5 +1 13 13
+8 * 13 0 0 0 0 0 0 0 0 13
+6 +9 13 13
+7 +2 13 13
+7 * 13 0 0 1 0 0 1 0 0 13 5
+2 +5 5
+3 * 5
+3 * 5 0 0 0 0 0 0 0 0 5 3
+23 * 5
+4 * 5 0 5
+6 +6 5 5
+7 +2 5 0 5
+7 -8 5
+5 * 5
+4 +3 5 0 5 1 0 0 1
+4 +1 5 0 5
+6 +1 5 0 5
+8 +1 5 0 5
+4 +4 5 5
+7 -3 5 0 5
+7 +3 5
+3 * 5
+3 * 5 0 5
+6 +4 5 5
+7 * 5
+3 * 5 0 0 0 0 0 0 0 0 5 3
-10 * 8 8
+7 * 8
+3 * 8 0 0 0 0 0 0 0 0 8
+2 +1 9
+3 * 9
+4 * 9 0 9
+4 -43 9 9
+5 * 9
+4 * 9
+3 * 9 0 0 0 0 0 0 0 0 9 3
-12 * 138 138
+5 * 138
+4 * 138
+3 * 138 0 0 0 0 0 0 0 0 138 14
+6 * 5
+3 * 5 5
+7 * 5 5
+7 * 5 5
+7 * 5
+8 +7 13 0 0 1 0 0 1
+3 * 13
+21 +38 134 0 0 1 0 0 1
+4 * 134
+6 * 134 0 0 0 0 0 0 0 0 134 7
fi=(71)
0x3f89 85 1 1 0 1 0 0 1
+7 * 1
+3 * 1 0 0 0 0 0 0 0 0 1 1
fe=(65)
+50 448 1 1 0 1 0 0 1
+6 * 1
+2 * 1 0 0 0 0 0 0 0 0 1
+2 * 1
+3 * 1 0 0 0 0 0 0 0 0 1
+2 +1 1 0 1
+7 +3 1 1
+7 * 1 0 1
+7 * 1
+3 * 1 0 0 0 0 0 0 0 0 1 1
+32 +11 1 1 0 1 0 0 1
+6 * 1 0 1
+7 * 1 0 1
+7 * 1
+4 * 1 0 1
+7 * 1
fi=(28)
+4 56 1 1 1 0 0 0 0 0 0 0 0 1 1
cfi=(27)
cfn=(78)
calls=1 0xc630 -20 
* * 18 3 3 0 0 0 0 0 0 3 1
fe=(65)
+6 465 1 1
+7 * 1 1 0 1 0 0 1
+7 * 1
+3 * 1 1
fi=(28)
+7 56 1
fe=(65)
+3 465 1 0 0 0 0 0 0 0 0 1
+6 +5 1 1
+6 * 1 1
+7 +2 1
+6 -2 1
+3 +1 1 0 1
+7 -1 1
+4 +4 1
+2 -4 1 0 1
+7 +4 1 0 0 1 0 0 1
+64 * 6
+2 +4 6 6
+4 * 6
+3 * 6 0 0 0 0 0 0 0 0 6
-7 * 1 1 0 1 0 0 1
+4 * 1
+3 * 1 0 0 0 0 0 0 0 0 1
+6 +6 7
+3 +1 7 0 7 0 0 2 0 0 2
+4 * 7
+3 -1 7
+4 +6 7 0 7
+7 -16 7 7
+4 * 7
+3 * 7 0 0 0 0 0 0 0 0 7 6
+2 +21 1 1
+7 * 1
+3 * 1 0 0 0 0 0 0 0 0 1 1
0x4313 +37 1 0 0 1 0 0 1
+3 * 1 0 0 0 0 0 0 0 0 1 1
+6 +15 1
+3 -11 1 1
+7 +12 1
+8 -15 1
+3 * 1 0 0 0 0 0 0 0 0 1 1
0x43b1 +20 1 1 0 1 0 0 1
+3 -1 1
+7 * 1
+2 * 1
+3 * 1 0 1 1 0 0 1
+7 +1 1 1
+5 * 1 0 1
+7 -1 1 1
+5 * 1
+3 * 1
+2 * 1
+3 * 1 0 1
cfi=(13)
cfn=(246) _dl_sort_maps
calls=1 0x126f0 298 
* * 444 115 67 13 0 0 12 0 0 85 29
+5 +5 1 0 1
+8 +2 1 1
+7 +1 1 0 1
+8 +1 1
+3 * 1 1 0 1 0 0 1
+7 -2 1 0 1
+7 +2 1 0 0 0 0 0 0 0 0 1 1
+28 +7 1 1
+7 * 1
+3 * 1 0 0 0 0 0 0 0 0 1 1
+21 +3 1 0 0 1 0 0 1
+3 * 1 0 0 0 0 0 0 0 0 1
+6 +3 1
+4 * 1 1
+1 * 1 1
+2 * 1 1
+2 * 1 1
+2 * 1 1
+2 * 1 1
+1 * 1 1
+65 198 7 7 0 1 0 0 1
+8 * 7 0 0 0 0 0 0 0 0 7
+6 * 7 7
+7 * 7 0 0 0 0 0 0 0 0 7 1
+6 * 6 6 0 1 0 0 1
+8 * 6
+3 * 6 0 0 0 0 0 0 0 0 6 1
+6 +3 5
fi=(71)
+3 -70 5
+7 * 5
+5 * 5 0 5
cfi=(70)
cfn=(242)
calls=5 0x24cb0 30 
* * 125 30 20 3 0 0 3 0 0 10 4
fe=(65)
+6 +70 5
+2 * 5 0 0 0 0 0 0 0 0 5
+6 +4 5 5
+7 * 5
0x4640 409 1 0 1 1 0 0 1
+7 547 1
+3 * 1 0 1
+7 * 1 0 1
cfi=(29)
cfn=(82)
calls=1 0x25cc0 210 
* * 19 5 4 0 0 0 0 0 0 4 2
+6 * 1 1
+7 * 1 1
+7 * 1
+35 144 1 0 1 1 0 1 1 0 1
+6 * 1

fn=(220)
0x3800 61 13 0 0 1 0 0 1
+4 * 13 0 13
+1 * 13
+3 * 13 0 13
+1 * 13
+3 * 13
+4 +7 13 13
+3 -4 13 13
+3 * 13 13
+4 * 13 13
+4 +1 13 13
+7 -1 13 13
+4 * 13
+2 * 13
+3 * 13
+2 * 13
+5 * 13
+3 * 13 0 13
cfi=(30)
cfn=(168)
calls=13 0xa840 2189 
* * 25417 5044 2331 74 195 198 73 195 198 4635 716 85 32
+5 * 13 0 13
+4 +5 13 13
+4 * 13 13
+1 * 13 13

fl=(22)
fn=(62)
0x27ee0 57 27 0 0 1 0 0 1
+4 +44 27
+4 +1 27
+4 +1 27
+4 +1 27
+4 +1 27
+3 +1 27
+3 +1 27 0 0 1 0 0 1
+7 +2 27
+7 +2 27 0 0 0 0 0 0 0 0 27
+2 +31 27 27 0 0 2 0 0 2
+4 +1 27
+4 +1 27
+4 +1 27
+2 +1 27 0 0 0 0 0 0 0 0 27 7
+2 +1 12
+3 +2 12 12
+1 +4 15
+4 +1 15 15
+5 +1 15 15 0 0 1 0 0 1
+5 +1 15 15
+5 +1 15
+4 +1 15
+5 +1 15
+4 +1 15 0 0 1 0 0 1
+4 +1 15
+4 +1 15
+3 +1 15
+4 +1 15
+3 +5 15
+3 * 15
+3 * 15
+4 * 15
+3 * 15
+3 * 15 0 0 0 0 0 0 0 0 15
+2 * 15
+4 * 15 15

fl=(13)
fn=(248) dfs_traversal.part.0
0x125c0 135 7 0 7 1 0 0 1
+1 * 7
+3 * 7
+3 * 7
+3 * 7
+4 +10 7 7
+7 -2 7 0 7
+7 +2 7
+3 * 7 0 0 0 0 0 0 0 0 7 2
+2 +2 5 5
+3 * 5
+3 * 5 0 0 0 0 0 0 0 0 5
+2 * 5
+5 -7 5 5
+7 * 5 0 0 0 0 0 0 0 0 5
-7 * 9 9
+7 * 9 0 0 0 0 0 0 0 0 9
+2 +7 14 14
+4 * 14
+4 * 14
+3 * 14 0 0 0 0 0 0 0 0 14 7
+2 +9 7 0 0 1 0 0 1
+3 * 7 0 0 0 0 0 0 0 0 7 3
+2 +15 7 7
+3 * 7
+4 * 7 0 7
+3 +1 7 0 7
+4 +1 7 7
+1 * 7 7

fn=(246)
0x126f0 298 1 0 0 1
+4 * 1 0 1
+1 * 1
+3 * 1 0 1
+2 * 1
+3 * 1 0 1
+2 * 1 0 0 1 0 0 1
+3 * 1 0 1
+2 * 1 0 1
+2 * 1
+3 * 1 0 1
+1 * 1
+4 +8 1 1
+7 -8 1 0 1
+3 +8 1
+3 * 1 0 0 0 0 0 0 0 0 1 1
0x129bd -95 1 0 0 1 0 0 1
+2 -28 1 0 0 1 0 0 1
+3 -2 1 0 1
+4 +1 1 1
+3 +29 1
+4 -28 1
+4 * 1 0 0 0 0 0 0 0 0 1
+6 * 1
+3 * 1
+3 +1 1 1
+4 -1 1
+4 +1 1 0 1
+7 -1 1
+2 * 1 0 0 0 0 0 0 0 0 1 1
-17 +1 6 6
+4 -1 6
+4 +1 6 0 6
+7 -1 6
+2 * 6 0 0 0 0 0 0 0 0 6 5
+2 +28 1
+4 * 1
+3 * 1
+4 * 1
+4 * 1 0 0 1 0 0 1
+3 * 1
+7 * 1
+3 * 1
+3 * 1 0 0 0 0 0 0 0 0 1 1
+23 * 1
+5 * 1
+3 * 1
+3 * 1 0 0 0 0 0 0 0 0 1
+2 * 1 0 1
+6 +5 1
+4 +3 1 0 0 1 0 0 1
+4 * 1 0 1
+4 * 1
+3 -3 1 0 1
+4 +3 1
+2 * 1 1
+4 * 1
+4 * 1
+4 * 1 0 1
+4 * 1
+3 * 1
+3 -1 1 0 1
+4 +3 1
+3 * 1
+3 * 1
+2 * 6
+4 * 6
+3 * 6 0 0 0 0 0 0 0 0 6
+6 +2 7 7 0 1 0 0 1
+4 -83 7 7
+7 * 7 0 0 0 0 0 0 0 0 7
+2 * 7
+3 * 7 0 7
+4 * 7 0 7
cfn=(248)
calls=7 0x125c0 -5 
* * 223 61 28 2 0 0 2 0 0 47 12
+5 * 7 7
+4 +86 7 7
+4 * 7
+3 * 7 0 0 0 0 0 0 0 0 7 5
+2 +18 1
+3 * 1
+3 * 1 1
+4 * 1 1
+4 * 1
+3 * 1 1
+4 * 1 0 0 0 0 0 0 0 0 1 1
+80 +32 1 0 0 1 0 0 1
+3 * 1 0 0 0 0 0 0 0 0 1
+2 * 1 1
+4 * 1 0 0 0 0 0 0 0 0 1 1
+55 +7 1 0 0 1 0 0 1
+4 +27 1
+4 * 1 1
+1 * 1 1
+2 * 1 1
+2 * 1 1
+2 * 1 1
+2 * 1 1
+1 * 1 1
+94 -47 1 0 0 1 0 0 1
+3 * 1
+3 * 1 0 1 1 0 0 1
cfi=(29)
cfn=(82)
calls=1 0x25cc0 -53 
* * 19 5 4 0 0 0 0 0 0 4 2
+6 * 1

fn=(26)
0x126c0 289 1 0 0 1 0 0 1
+4 * 1 0 1
+1 +1 1
+2 * 1
+5 -1 1
+3 * 1
+4 +1 1
+4 * 1 0 1
cfi=(11)
cfn=(28)
calls=1 0x14cf0 438 
* * 18 4 1 3 2 0 3 2 0 3 2
+5 +2 1
+2 * 1 1
+4 * 1
+3 -1 1 0 1
+6 +2 1 1
+1 * 1 1

fl=(175)
fn=(598)
0x1cb70 30 1 0 0 1 0 0 1
+4 * 1 0 1
+1 +10 1
+6 * 1 0 0 1 0 0 1
+7 * 1
+5 * 1
+7 -10 1
+3 * 1 0 1
+2 * 1 0 1
+1 +7 1 1
+7 +3 1
+3 * 1 0 1
cfi=(176)
cfn=(600)
calls=1 0xc480 +34 
* * 246 54 19 7 9 0 7 3 0 26 13 2 2
+5 +4 1
+3 * 1 0 0 0 0 0 0 0 0 1
+6 +1 1
+3 * 1
+3 * 1
+4 * 1 1
+5 * 1 0 0 0 0 0 0 0 0 1
+2 * 1
+3 * 1 0 0 1 0 0 1 0 0 1
+2 * 1 1
+3 * 1 1
+4 +2 1
+6 * 1
+5 * 1
+3 * 1
+7 * 1
+7 -2 1 0 1
+7 +2 1 0 1
cfi=(176)
cfn=(600)
calls=1 0xc480 +27 
* * 224 53 19 0 5 0 0 0 0 22 8 2 2
+5 * 1
+3 +4 1
+3 * 1 0 0 0 0 0 0 0 0 1
+6 +1 1 1 0 1 0 0 1
+5 * 1 0 0 0 0 0 0 0 0 1
+2 * 1
+3 * 1 0 0 0 0 0 0 0 0 1 1
+2 * 1 1
+3 * 1 1
+4 +1 1 1
+1 * 1 1
+2 -1 1 0 1
+7 +1 1 1
+1 * 1 1

fl=(46)
fn=(468)
0x13c40 1169 3 0 0 1 0 0 1
+4 +1 3 3
+8 * 3 0 0 0 0 0 0 0 0 3
+2 * 3
+3 * 3 3
+7 * 3 0 0 0 0 0 0 0 0 3
+2 -1 3 0 3
+1 * 3
+3 * 3
+3 * 3
+4 +9 3 3
+7 +3 3 3 0 0 1
+7 +1 3
+28 +4 3 3 0 1 1 0 1
+3 * 3
+3 * 3 0 0 0 0 0 0 0 0 3
+2 +36 3
+3 * 3 0 0 0 0 0 0 0 0 3 2
+22 +3 3
+4 * 3 0 3 0 0 1 0 0 1
+5 +1 3 3
+7 * 3 0 0 1 0 0 1
+4 * 3 0 3
+5 +5 3
+5 -3 3 0 3
+8 +4 3 3
+1 * 3 3

fn=(274) allocate_dtv
0x12dc0 458 1 0 1 1 0 0 1
fi=(28)
+1 44 1
fe=(46)
+5 458 1
+3 * 1 0 1
+2 * 1
+3 * 1 0 1
+1 +5 1 1
+7 +5 1
fi=(28)
+4 44 1 1 1 0 0 0 0 0 0 0 0 1 1
cfi=(27)
cfn=(74)
calls=1 0xc780 +36 
* * 116 22 18 0 0 0 0 0 0 12 7 1
fe=(46)
+6 469 1
+3 * 1 0 0 0 0 0 0 0 0 1
+2 -2 1
+4 +11 1
+4 -11 1 0 1 0 0 1 0 0 1
+4 +11 1 0 1
+5 * 1
+3 +6 1 1
+1 * 1 1
+2 * 1 1
+1 * 1 1

fn=(586)
0x13620 608 1 0 0 1 0 0 1
+4 * 1 0 1
+1 * 1
+3 * 1 0 1
+2 * 1 0 1
+2 * 1 0 1
+2 * 1 0 1
+2 * 1 0 1
+1 * 1
+4 * 1 0 1
+4 * 1 0 1
+3 +1 1
+3 * 1 0 0 1 0 0 1 0 0 1
+6 +4 1 1 0 0 1
+4 +9 1
+7 -3 1
+7 -6 1 0 1
+4 +6 1 1 1 0 0 0 0 0 0 0 0 1 1
cfi=(24)
cfn=(88)
calls=1 0x13f20 43 
* * 3 1
+6 +3 1 1
+7 * 1 1 0 0 1
+4 * 1 0 0 0 0 0 0 0 0 1
+6 +36 1 1
+7 -43 1
+2 +43 1
+3 * 1
+2 -19 1 0 0 1 0 0 1
+3 * 1
+3 * 1
+4 * 1 1
+3 * 1 0 0 0 0 0 0 0 0 1
+6 * 1
+3 * 1
+3 * 1
+3 * 1 0 1
+4 * 1
+3 * 1
+3 * 1
+10 +9 3
+3 * 3
+4 * 3 3
+5 +1 3
+3 * 3 0 0 1 0 0 1 0 0 3
+6 +6 3 3
+5 * 3 3
+7 * 3 0 0 0 0 0 0 0 0 3
+6 +3 3 3 0 0 2
+7 -2 3
+3 +6 3 3
+7 -6 3
+4 +2 3 3 0 0 1
+8 * 3
+3 +4 3
+4 -4 3
+4 * 3 3 0 1 0 0 1
+4 * 3 0 3 0 0 1 0 0 1
+3 +3 3
+4 * 3 0 0 0 0 0 0 0 0 3
+6 +4 3
+3 * 3 0 0 0 0 0 0 0 0 3
+6 +1 3 3
+7 * 3 3 0 0 1
+7 * 3
+3 * 3 0 0 0 0 0 0 0 0 3
+6 +2 3
+3 * 3 0 0 0 0 0 0 0 0 3
+6 +1 3 3
+4 * 3
+3 +9 3 0 3 1 0 0 1
+3 +10 3 3
+5 * 3 0 0 0 0 0 0 0 0 3 2
+8 * 3 0 3
+4 +2 3 3
+7 * 3 0 3
+4 * 3 0 3
+4 * 3 0 3
cfi=(29)
cfn=(136)
calls=3 0x25cb0 197 
* * 47 7 4 1 2 1 0 0 1 12 5
+6 * 3 3
+4 * 3 3
+4 * 3
+2 * 3
+3 * 3
+3 * 3 0 3
cfi=(44)
cfn=(140)
calls=3 0x25eb0 137 
* * 52 3 12 1 0 2 0 0 2 8 4
+6 +3 3 3
+4 * 3 3
+4 * 3 0 0 0 0 0 0 0 0 3 1
+2 +1 3 0 3
+7 +4 3 3
+7 -59 3
+4 * 3
+4 * 3 3
+3 * 3 0 0 0 0 0 0 0 0 3
+2 +6 4 0 0 1 0 0 1
+3 * 4 0 0 0 0 0 0 0 0 4 3
+6 +59 1
+7 * 1 1 1 0 0 0 0 0 0 0 0 1 1
cfi=(24)
cfn=(88)
calls=1 0x13f20 43 
* * 3 1
+6 +3 1 1
+4 * 1 0 1 1 0 0 1
+3 +3 1 1
+4 * 1
+4 * 1 1
+1 * 1 1
+2 * 1 1
+2 * 1 1
+2 * 1 1
+2 * 1 1
+1 * 1 1

fn=(264)
0x13130 131 1 0 0 1 0 0 1
+4 * 1 0 1
+1 +3 1
+2 -3 1
+3 * 1 0 1
+2 * 1 0 1
+2 +3 1 0 0 1 0 0 1
+4 -3 1
+3 +3 1
+5 -3 1 0 1
+1 * 1
+4 +3 1 0 1
cfi=(11)
cfn=(28)
calls=1 0x14cf0 438 
* * 17 4 1 0 2 0 0 2 0 3
+5 * 1 1
+4 +1 1
+2 * 1
+4 * 1
+5 * 1 0 1
cfi=(11)
cfn=(28)
calls=1 0x14cf0 438 
* * 17 4 1 0 1 0 0 1 0 3
+5 +1 1
+5 +2 1
+5 -3 1 1
+4 +1 1
+3 * 1
+4 +2 1
+3 * 1 0 0 1 0 0 1
+3 * 1 0 0 0 0 0 0 0 0 1
+2 +3 1
+3 +2 1 0 1
+7 -26 1
+4 * 1
+3 * 1
+3 +28 1
+7 * 1
+2 * 1 0 1
+7 +1 1
+4 * 1 1
+1 * 1 1
+2 * 1 1
+2 * 1 1
+1 * 1 1

fn=(584)
0x13bf0 1130 1 0 0 1 0 0 1
+4 +1 1 1
+7 +3 1
+5 * 1 1 0 1 0 0 1
+3 * 1
+4 * 1 0 0 0 0 0 0 0 0 1
+9 +6 3 3
+7 * 3 0 0 0 0 0 0 0 0 3
+2 -6 3
+4 * 3
+3 * 3 0 0 0 0 0 0 0 0 3
+2 +2 4
+3 * 4
+4 * 4 4 0 0 1
+5 +1 4
+3 * 4 0 0 0 0 0 0 0 0 4 3
+2 +6 1 0 1 0 0 1
+7 +1 1 1

fn=(144)
0x132c0 226 1 0 0 1 0 0 1
+4 +2 1 1
+7 * 1 0 0 0 0 0 0 0 0 1
+2 +1 1 1 0 0 1 0 0 1
+7 +15 1
+3 * 1 1

fn=(270)
0x13540 515 1 0 0 1 0 0 1
+4 * 1 0 1
+1 * 1
+3 * 1 0 1
+2 * 1 0 1
+1 * 1
fi=(74) /usr/src/debug/glibc/glibc/elf/./dl-tls_block_align.h
+4 23 1 1
fe=(46)
+7 +74 1 1 1 0 0 0 0 0 0 1
+8 521 1 1
+7 * 1
fi=(28)
+5 56 1 1 1 0 0 0 0 0 0 0 0 1 1
cfi=(27)
cfn=(78)
calls=1 0xc630 -20 
* * 18 3 3 0 0 0 0 0 0 3
fe=(46)
+6 523 1
+3 * 1 0 0 0 0 0 0 0 0 1
fi=(74)
+6 41 1 1
+7 * 1 0 0 1 0 0 1
+3 +6 1
+2 * 1
+5 * 1
+3 * 1
+3 +5 1
+2 -5 1
+3 +1 1
+8 +4 1
+4 * 1
+3 * 1 0 1 0 0 1 0 0 1
+7 * 1 0 1 0 0 1 0 0 1
+11 * 1
+4 * 1
+3 * 1 0 0 1 0 0 1
+6 * 1
+3 * 1 0 1 0 0 0 0 0 0 1 1
* * 295 0 294 0 0 35 0 0 35 295 9
fe=(46)
+3 533 1 0 1 0 0 1 0 0 1
+7 +2 1
+3 * 1 0 1
cfn=(274)
calls=1 0x12dc0 -77 
* * 136 28 24 1 0 1 1 0 1 13 7 2 1
+5 +1 1
+3 * 1 0 0 0 0 0 0 0 0 1
+2 103 1 1 1 0 0 0 0 0 0 1
+8 541 1
+4 * 1 1
+1 * 1 1
+2 * 1 1
+1 * 1 1

fn=(238)
0x131d0 159 3 0 0 1 0 0 1
+4 +3 3 3
+7 * 3 3
+7 -3 3 0 3
+1 * 3
+3 +3 3 0 0 0 0 0 0 0 0 3
+2 +53 3
+4 +2 3 0 3
+7 +3 3 0 3
+7 +1 3 3
+1 * 3 3

fn=(266)
0x13330 249 1 0 0 1 0 0 1
+4 * 1 0 1
+1 * 1
+3 * 1 0 1
+2 * 1 0 1
+2 * 1 0 1
+2 * 1 0 1
+1 +35 1 0 0 1 0 0 1
+2 -35 1
+4 +37 1 1
+7 * 1
+3 * 1 0 0 0 0 0 0 0 0 1 1
+6 -34 1
+3 -1 1
+3 -1 1
+6 * 1
+7 +63 3
+4 * 3
+2 * 3
+3 +3 3
+3 -3 3
+3 * 3
+3 * 3
+3 * 3
+3 * 3
+4 +5 3
+3 +7 3 0 3
+7 -7 3
+3 * 3
+3 * 3
+4 * 3
+4 +3 3
+3 -34 3 3
+4 -1 3
+3 * 3 0 0 0 0 0 0 0 0 3
-7 +1 4 4
+4 -1 4
+3 * 4 0 0 0 0 0 0 0 0 4 1
+2 +3 7 7 0 1 2 0 1
+7 * 7
+3 * 7 0 0 0 0 0 0 0 0 7 4
+2 +4 3 3
+7 -1 3 3 0 1 0 0 1
+7 +5 3
+3 -5 3
+3 +1 3
+4 -1 3
+3 +3 3
+3 * 3
+4 +2 3
+3 * 3
+3 * 3 0 0 0 0 0 0 0 0 3 2
fi=(73) /usr/src/debug/glibc/glibc/elf/../sysdeps/unix/sysv/linux/dl-extra_tls.h
+68 32 1 0 0 1 0 0 1
+2 * 1
+4 * 1
+5 +12 1
+6 -12 1 0 1
cfi=(11)
cfn=(28)
calls=1 0x14cf0 438 
* * 18 4 1 0 2 0 0 2 0 3 1
+5 +1 1 1
+3 * 1
+2 * 1 0 0 0 0 0 0 0 0 1
+2 +4 1 1 0 1 0 0 1
+6 * 1
+5 * 1 1
+7 * 1
+2 * 1
+3 * 1
+2 * 1
+5 * 1
+3 * 1
+3 * 1
+3 +14 1
+2 * 1
+4 * 1
+5 * 1 0 1
cfi=(11)
cfn=(28)
calls=1 0x14cf0 438 
* * 18 4 1 0 0 0 0 0 0 3 2
+5 +1 1 1
+3 * 1
+2 * 1 0 0 0 0 0 0 0 0 1 1
fe=(46)
+19 348 1 0 0 1 0 0 1
+5 * 1
+2 * 1
+3 * 1
+3 * 1
+3 * 1
+3 +14 1
+2 +91 1 0 1
+7 -94 1
+3 +2 1 0 1
+7 -2 1
+3 * 1 0 1
+7 +3 1 1
+7 * 1
+5 * 1
+3 * 1
+3 * 1
+3 * 1
+3 +2 1
+7 * 1 0 1
+7 +90 1
+4 * 1 1
+1 * 1 1
+2 * 1 1
+2 * 1 1
+2 * 1 1
+1 * 1 1
fi=(73)
+2 54 1 1 0 1 0 0 1
fe=(46)
+7 342 1
+3 * 1
+3 * 1 0 0 1 0 0 1
+4 +6 1
+3 * 1 0 0 0 0 0 0 0 0 1
+2 * 1

fl=(53)
fn=(576)
0xc9b0 85 2
+4 +38 2
+7 -1 2
+4 +3 2 0 0 1 0 0 1
+65 +2 10
+3 * 10
+3 * 10
+3 * 10
+4 * 10
+4 * 10
+3 * 10
+3 * 10
+4 +1 10 10 0 0 4 0 0 2
+2 * 10
+3 * 10 0 0 0 0 0 0 0 0 10 3
+2 +3 7
+3 -6 7
+3 * 7 0 0 0 0 0 0 0 0 7 7
-3 * 5 0 0 1 0 0 1
+3 * 5 0 0 0 0 0 0 0 0 5 4
+2 +18 2 2
+2 +1 2 2
+4 -15 3
+4 * 3

fn=(172)
0xc950 68 133 0 0 1 0 0 1
+4 * 133 0 133
+1 * 133
+3 * 133 0 133 0 0 1 0 0 1
+2 * 133
+3 * 133 0 133
+1 * 133
+3 +1 133 133
+4 * 133 0 133
cfi=(33)
cfn=(100)
calls=133 0x26880 +29 
* * 4064 898 0 4 0 0 4 0 0 480 80 33 26
+5 * 133
+2 +1 133
+5 -1 133 0 0 0 0 0 0 0 0 133
+2 +3 133 133
+4 +2 133
+3 * 133 0 0 0 0 0 0 0 0 133 14
+6 +4 129 129
+4 -4 129
+3 * 129 0 0 0 0 0 0 0 0 129 26
+2 +1 151 151 0 1 0 0 1
+3 * 151
+3 * 151 0 151
cfi=(33)
cfn=(100)
calls=151 0x26880 +23 
* * 5634 1039 0 10 1 0 10 1 0 644 141 74 37
+5 * 151
+2 * 151 0 0 0 0 0 0 0 0 151 29
+2 -5 22
+5 +11 22 22
+1 * 22 22
+2 * 22 22
+1 * 22 22
+7 * 111 111
+1 -1 111
+2 +1 111 111
+2 * 111 111
+1 * 111 111

fn=(226)
0xc880 36 1 0 0 1 0 0 1
+4 * 1 0 1
+1 +3 1
+2 -3 1
+3 * 1 0 1 0 0 1 0 0 1
+2 * 1
+3 * 1 0 1
+1 * 1
+3 +3 1
+5 -3 1
+7 +3 1 0 1 0 0 1 0 0 1
cfi=(55)
cfn=(186)
calls=1 0x24bb0 -11 
* * 21 2 2 0 0 1 0 0 1 3
+5 +1 1
+7 * 1
+2 * 1 0 0 0 0 0 0 0 0 1 1
+19 +2 1 0 0 1 0 0 1
+7 * 1
+2 * 1 0 1
+6 * 1 0 1
cfi=(58)
cfn=(194)
calls=1 0x24950 -12 
* * 6 1 0 0 0 0 0 0 0 1
+5 * 1 1
+7 * 1
+2 * 1 0 0 0 0 0 0 0 0 1
+2 +2 1 1 0 0 1 0 0 1
+4 * 1 0 1
+3 +3 1
+3 * 1 0 0 0 0 0 0 0 0 1 1
+9 +13 1
+3 * 1 0 1
+7 * 1 0 1
cfi=(63)
cfn=(206)
calls=1 0x24a80 -35 
* * 6 1 0 0 0 0 0 0 0 1
+5 * 1 1
+7 +3 1
+7 * 1 1
+1 * 1 1
+2 * 1
+3 * 1 1
+1 * 1 1
+10 -14 1 0 0 1 0 0 1
+3 * 1
+3 * 1
+5 * 1
+2 * 1 0 1
+7 * 1 0 1
cfi=(60)
cfn=(198)
calls=1 0x24dd0 -2 
* * 26 4 3 0 0 0 0 0 0 4 2
+5 * 1 1
+7 * 1
+3 * 1

fl=(276)
fn=(1012)
0x11e30 46 24 0 0 1
+4 * 24 0 24
+1 +2 24
+2 -2 24
+3 * 24 0 24
+2 * 24 0 24
+2 * 24 0 24
+2 * 24 0 24 1 0 0 1
+2 +9 24
+3 -9 24 0 24
+1 * 24
fi=(377) /usr/src/debug/glibc/glibc/elf/../sysdeps/x86_64/dl-runtime.h
+3 -18 24
fe=(276)
+4 +18 24
+4 +2 24 24 0 0 2 0 0 1
+4 * 24 24 0 0 2 0 0 1
+3 * 24 24 0 0 2 0 0 1
+7 * 24 24 0 0 3 0 0 1
+4 * 24
+4 * 24
+4 * 24
+4 +1 24 24
+4 * 24 24
+4 +5 24 24 0 0 2 0 0 1
+7 +1 24 24 0 1 3 0 1 1
+4 * 24
+4 * 24
+3 +1 24 24 0 0 10 0 0 2
+4 +2 24 24 0 0 2
+4 -2 24
+3 * 24
+4 * 24
+4 * 24
+3 * 24
+4 * 24 0 24 0 0 3 0 0 1
+4 +7 24
+4 * 24 0 0 0 0 0 0 0 0 24 2
+6 +4 24 24 0 0 19 0 0 13
+4 * 24 0 0 0 0 0 0 0 0 24 1
+6 +4 24 24 0 1 3 0 1 1
+7 -22 24
+3 +20 24
+3 +2 24
+3 * 24 0 0 0 0 0 0 0 0 24 1
+2 +4 24
+3 * 24 24 0 0 3 0 0 1
+4 * 24 24 0 0 6 0 0 2
+3 +1 24
+6 * 24
+4 * 24 24 0 0 2 0 0 1
+7 * 24
+4 -7 24
+2 * 24 24 0 0 6 0 0 1
+4 * 24
+3 * 24
+4 +16 24 24 0 1 0 0 1
+8 -1 24
+5 +1 24
+2 * 24 0 0 0 0 0 0 0 0 24 17
+19 +10 24 24 0 0 2 0 0 1
+7 * 24 24
+2 * 24 0 24
+2 * 24
+6 * 24 0 24
+1 * 24
+3 * 24
+4 * 24
+3 * 24 0 24
cfi=(79)
cfn=(296)
calls=24 0xb780 769 
* * 18790 4680 1705 82 272 37 6 50 12 2643 198 23 19
+5 * 24
+3 +4 24 24 0 2 0 0 2
+8 * 24 24
+2 * 24 24
+2 * 24
+2 * 24 0 0 0 0 0 0 0 0 24
+6 +10 24 24
+4 * 24
+3 * 24 0 0 0 0 0 0 0 0 24
+6 * 24 24
+5 * 24 0 0 0 0 0 0 0 0 24
+6 * 24
+3 * 24 0 0 0 0 0 0 0 0 24
+6 * 24 24
+3 * 24 24
+4 * 24 0 24
+4 +15 24 24 0 1 0 0 1
+4 * 24
+3 * 24
+2 * 24 0 0 0 0 0 0 0 0 24 4
+6 +9 24 24
+7 * 24
+3 * 24 0 0 0 0 0 0 0 0 24 6
+30 +26 24 24
+6 * 24
+2 * 24 0 0 0 0 0 0 0 0 24
fi=(6)
+2 +64 24 0 24 1 0 0 1
fe=(276)
+4 -60 24
+4 * 24 24
+1 * 24 24
+2 * 24 24
+2 * 24 24
+2 * 24 24
+2 * 24 24
+1 * 24 24
0x12038 -1 24 24 0 1 0 0 1
+4 * 24 0 0 1 0 0 1
0x120c0 -39 2 0 2 1 0 0 1
fi=(378) /usr/src/debug/glibc/glibc/elf/../sysdeps/x86_64/dl-irel.h
+4 -91 2 0 2 0 0 0 0 0 0 0 0 2 2
cob=(2)
cfi=(102)
cfn=(352)
calls=1 0xab660 -3 
* * 22 4 0 4 0 0 0 0 0 6 3
cob=(2)
cfi=(135)
cfn=(446)
calls=1 0xaed40 -3 
* * 25 5 0 2 2 0 0 0 0 5 1
fe=(276)
+2 +93 2 2
+4 * 2 0 2
+4 * 2

fl=(23)
fn=(64)
0x24380 37 1 0 0 1 0 0 1
+4 * 1 0 1
+1 * 1
+3 * 1
+3 * 1
+4 +3 1 1
+7 +18 1
+3 * 1 0 0 0 0 0 0 0 0 1
+2 +4 1
+3 * 1 0 0 0 0 0 0 0 0 1 1
+30 +16 1 1
+1 * 1
+3 * 1 1 0 1 0 0 1

ob=(2)
fl=(94)
fn=(332)
0xd0c60 29 2 0 0 1 0 0 1
fi=(95) /usr/src/debug/glibc/glibc/wcsmbs/../sysdeps/x86_64/multiarch/ifunc-memcmp.h
+4 +5 2 2
+7 * 2
+7 * 2 2
+6 * 2
+2 * 2
+2 * 2 0 0 1 0 0 1
+6 * 2 0 0 0 0 0 0 0 0 2 2
fe=(94)
+2 -5 2
+3 * 2 2
fi=(95)
+9 +6 2 2
+7 * 2 0 0 0 0 0 0 0 0 2
+2 +2 2 2
+6 * 2
+3 * 2 0 0 0 0 0 0 0 0 2
+2 +4 2
+6 * 2 0 0 0 0 0 0 0 0 2 1
+2 +3 2
+7 * 2
+3 * 2 0 0 0 0 0 0 0 0 2
+2 +3 2
+3 * 2 0 0 1 0 0 1
+7 * 2
+7 * 2
+4 * 2
fe=(94)

fl=(97)
fn=(340)
0xd0d10 31 3 0 0 1 0 0 1
fi=(98) /usr/src/debug/glibc/glibc/wcsmbs/../sysdeps/x86_64/multiarch/ifunc-wmemset.h
+4 +5 3 3
+7 * 3
+7 * 3 3
+6 * 3
+3 * 3 0 0 0 0 0 0 0 0 3
+2 +1 3 3
+6 * 3
+3 * 3 0 0 0 0 0 0 0 0 3 3
fe=(97)
+39 -6 3 3 0 1 0 0 1

fl=(289) /usr/src/debug/glibc/glibc/libio/genops.c
fn=(1418) _IO_un_link
0x8f8d0 67 2
+4 +1 2 2
+3 * 2 0 0 0 0 0 0 0 0 2 1
+2 +36 1 1
+7 * 1
cfn=(1420) __GI__IO_un_link.part.0
calls=1 0x8f5a0 -38 
* * 100 33 25 13 5 1 10 0 0 14 3

fn=(1080) _IO_no_init
0x90850 589 2 0 0 2 0 0 2
+4 * 2 0 2
+1 * 2
+3 * 2 0 2
+2 * 2
+3 * 2 0 2
+2 * 2
+3 * 2 0 2
+2 * 2
+3 * 2 0 2
+1 * 2
+3 +1 2 0 2
cfn=(1082) _IO_old_init
calls=2 0x907e0 -33 
* * 52 6 26 4 2 5 4 2 5 2
+6 +1 2 0 2
+7 +1 2
+3 * 2 0 0 0 0 0 0 0 0 2
+2 +2 2 0 2 2 0 0 2
+7 +4 2
+4 +7 2 0 2 0 0 2 0 0 2
+9 +2 2 0 2 0 0 1
+8 -9 2 0 2
+5 * 2 0 2 0 0 2 0 0 2
+6 * 2 0 2
+6 * 2 0 2
+6 * 2 0 2
+6 +15 2 0 2 2 0 0 2
+11 +1 2 0 2
+11 +1 2 2
+1 * 2 2
+2 * 2 2
+2 * 2 2
+2 * 2 2
+1 * 2 2

fn=(1430) _IO_setb
0x90160 355 1 0 0 1 0 0 1
+4 * 1 0 1
+1 * 1
+3 * 1
+3 * 1
+4 +1 1 1
+4 * 1 1
+3 * 1
+3 * 1 0 0 0 0 0 0 0 0 1 1
+6 +3 1 0 1 1 0 0 1
+4 +2 1
+2 * 1
+3 * 1
+3 * 1
+2 -3 1 0 1
+4 +3 1
+3 * 1 0 1
+3 +3 1 1
+1 * 1 1

fn=(1436) _IO_default_finish
0x90950 628 1 0 0 1 0 0 1
+4 * 1 0 1
+1 * 1
+3 * 1 0 1
+1 * 1
+3 * 1
+4 +2 1 1
+4 * 1
+3 * 1 0 0 0 0 0 0 0 0 1 1
+7 +6 1 1
+4 * 1
+3 * 1 0 0 0 0 0 0 0 0 1 1
+27 +3 1 1 0 1 0 0 1
+4 * 1
+3 * 1 0 0 0 0 0 0 0 0 1 1
+25 68 1 1
+3 * 1 0 0 0 0 0 0 0 0 1
+2 651 1 1
+4 * 1 1
+1 * 1 1

fn=(1082)
0x907e0 557 2 0 0 2 0 0 2
+4 +3 2 2 0 0 2 0 0 2
+6 * 2
+2 +5 2
+4 * 2 0 2 0 0 2 0 0 2
+4 -7 2
+6 +12 2 0 2 2 0 0 2
+8 -10 2
+2 -2 2 0 2 0 0 1 0 0 1
+2 +2 2
+3 +16 2
+2 -11 2 0 2
+4 -5 2
+3 +16 2 0 2
+7 * 2 0 2
+4 +5 2 2
+7 -16 2 0 2
+4 * 2 0 2
+4 * 2 0 2
+4 * 2 0 2
+4 * 2 0 2
+4 +16 2
+3 * 2 0 0 0 0 0 0 0 0 2
+2 +1 2 0 2 0 0 2 0 0 2
+7 * 2 0 2
+8 +2 2 2

fn=(1424) _IO_unsave_markers
0x91870 977 1 0 0 1 0 0 1
+4 +2 1 1
+5 * 1 0 0 0 0 0 0 0 0 1 1
+10 +5 1 1 0 1 0 0 1
+5 * 1 0 0 0 0 0 0 0 0 1 1
+72 +2 1 1 0 1 0 0 1

fn=(1086) _IO_link_in
0x8f8f0 109 4 0 0 1 0 0 1
+4 * 4 0 4
+1 * 4
+3 * 4
+4 +1 4 4 0 2 0 0 2
+9 * 4 0 4
+4 * 4 4
+2 * 4
+2 * 4 0 0 0 0 0 0 0 0 4 2
+2 +24 4 4
+4 * 4 4
+9 * 4 0 0 0 0 0 0 0 0 4 1
+6 * 4 4
+1 * 4 4
+5 -22 2
+2 +2 2
+4 -2 2 0 2 0 0 1 0 0 1
+4 * 2 0 2
+2 +2 2
+7 * 2
+3 * 2 0 2 2 0 0 2
+4 * 2 0 2
+4 * 2 0 2
+8 * 2 0 2 0 0 1 0 0 1
cfi=(291) /usr/src/debug/glibc/glibc/nptl/libc-cleanup.c
cfn=(1088) __libc_cleanup_push_defer
calls=2 0x938f0 -90 
* * 26 8 6 3 2 0 3 2 0 2
+5 +1 2 2
+7 * 2 2
+7 * 2 2
+9 * 2 2
+4 * 2
+2 * 2 2
+4 * 2 0 0 0 0 0 0 0 0 2 1
+2 * 2
+3 * 2 0 0 0 0 0 0 0 0 2 2
0x8fa0e +4 2 2 0 2 1 0 2 1
+7 +3 2
+7 * 2 0 2
+7 -3 2 0 2
+4 +4 2
+3 * 2 0 0 0 0 0 0 0 0 2 2
+2 +1 2
+4 * 2 0 2 0 0 1 0 0 1
+7 +2 2 0 2
+7 +2 2
+2 * 2 0 0 2 0 0 2 0 0 2
+6 * 2 2
+7 * 2 2
+4 * 2
+2 * 2 0 0 0 0 0 0 0 0 2
+6 * 2
+2 * 2 0 0 0 0 0 0 0 0 2
+6 * 2 0 2
+8 * 2 2
+7 +1 2 0 2
+11 +1 2 2 0 2 0 0 2
+6 -2 2 0 2
+6 +2 2
+2 * 2 0 0 0 0 0 0 0 0 2
+6 * 2 0 2
+11 * 2 0 2
+10 * 2
0x8fb2f +1 2 0 0 2 0 0 2
+3 * 2 0 2
cfi=(291)
cfn=(1090) __libc_cleanup_pop_restore
calls=2 0x93940 -77 
* * 20 10 2 2 0 0 2 0 0 2 2
+5 +3 2
+65 -19 2 0 2 2 0 0 2
+10 * 2 0 2
+7 +1 2 0 2
+7 +1 2 2
+4 * 2 0 0 0 0 0 0 0 0 2
+6 * 2 2
+9 * 2 2
+7 * 2 2
+4 * 2
+3 * 2 0 0 0 0 0 0 0 0 2
+6 * 2 0 2
+6 * 2 0 2 2 0 0 2
+4 +11 2 2
+2 * 2
+6 -11 2

fn=(1420)
0x8f5a0 66 1 0 1 1 0 0 1
+1 +6 1
+7 -6 1
+3 * 1 0 1
+2 * 1 0 1
+1 * 1
+4 * 1 1
+9 * 1 0 1
+4 * 1 0 0 1 0 0 1
+3 +6 1
+4 * 1 0 1
+4 * 1 0 1
+8 * 1 0 1
cfi=(291)
cfn=(1088)
calls=1 0x938f0 -48 
* * 13 4 3 1 1 0 0 0 0 1
+5 +1 1 1
+7 * 1 1
+9 * 1 1 0 0 1
+7 * 1 0 0 0 0 0 0 0 0 1
+2 * 1
+3 * 1 0 0 0 0 0 0 0 0 1 1
+43 +2 1 1 0 1 0 0 1
+2 -1 1 0 1
+7 +1 1
+3 * 1 0 0 0 0 0 0 0 0 1
+6 * 1 1 0 0 1
+7 * 1 1
+7 * 1 1 0 1 0 0 1
+9 * 1 1 0 0 1
+4 * 1 0 0 0 0 0 0 0 0 1
+2 * 1
+3 * 1 0 0 0 0 0 0 0 0 1 1
+43 +2 1 1 0 1 1 0 1
+8 * 1 0 0 0 0 0 0 0 0 1
+2 +4 1 1
+7 +1 1 1
+4 +1 1 0 1
+3 +1 1
+3 * 1 0 0 0 0 0 0 0 0 1
+2 +1 1 0 1 0 0 1
+7 +11 1 1
+2 * 1
+2 * 1
+3 * 1 0 1
+2 +2 1 1
+7 * 1
+3 * 1 0 0 0 0 0 0 0 0 1
+6 * 1 1
+7 * 1 1 0 1 0 0 1
+3 * 1
+2 * 1 0 0 0 0 0 0 0 0 1
+6 * 1
+2 * 1 0 0 0 0 0 0 0 0 1
+6 * 1 0 1
+8 * 1 1
+7 +1 1 0 1
+11 -1 1 0 1
+6 +2 1 1
+6 * 1
+2 * 1 0 0 0 0 0 0 0 0 1
+6 * 1 0 1 1 0 0 1
+11 * 1 0 1
+10 * 1
0x8f785 +1 1 0 0 1 0 0 1
+4 * 1 0 1
cfi=(291)
cfn=(1090)
calls=1 0x93940 -47 
* * 10 5 1 2 0 0 0 0 0 1 1
+5 +3 1 1
+4 * 1 1
+9 * 1 0 0 0 0 0 0 0 0 1
+6 * 1
+4 * 1 1
+1 * 1 1
+2 * 1 1
+1 * 1 1
+55 -31 1 0 1 1 0 0 1
+10 * 1 0 1
+7 * 1
+95 +2 1 0 1 1 0 0 1
+6 * 1 0 1
+4 * 1

fl=(327) /usr/src/debug/glibc/glibc/stdlib/../include/rounding-mode.h
fn=(1316) round_away
0x49400 46 1048045 0 0 1 0 0 1
+7 * 1048045 0 0 0 0 0 0 0 0 1048045 1
+2 * 1048045
+5 * 1048045 0 0 0 0 0 0 0 0 1048045
+2 +3 1048045
+2 * 1048045
+2 * 1048045
+2 * 1048045
+2 * 1048045
+2 * 1048045
+3 * 1048045
+3 * 1048045 1048045

fl=(185) /usr/src/debug/glibc/glibc/stdlib/../sysdeps/unix/sysv/linux/getrandom.c
fn=(626) __getrandom_early_init
0x42080 238 1 0 0 1 0 0 1
+4 * 1 0 1
+1 * 1
+3 * 1
+4 * 1 1
+9 * 1 0 1
+4 * 1
+2 +3 1
+3 * 1 0 0 0 0 0 0 0 0 1
+2 * 1 1
+7 * 1 1 0 0 1
+7 * 1
+3 * 1 0 0 0 0 0 0 0 0 1 1
+26 +37 1 1 0 1 0 0 1
+4 * 1 1
+9 * 1 0 0 0 0 0 0 0 0 1
+2 * 1 1
+1 * 1 1

fl=(105)
fn=(364)
0x126d90 29 1 0 0 1 0 0 1
fi=(93) /usr/src/debug/glibc/glibc/debug/../sysdeps/x86_64/multiarch/ifunc-memmove.h
+4 +27 1 1
+7 * 1
+7 * 1 1
+6 +1 1
+3 * 1 0 0 0 0 0 0 0 0 1 1
+5 +3 1 1
+6 * 1
+6 * 1 0 0 0 0 0 0 0 0 1 1
+52 +14 1 0 0 1 0 0 1
+3 * 1 0 0 0 0 0 0 0 0 1 1
+53 +3 1 0 0 1 0 0 1
+2 * 1 0 0 0 0 0 0 0 0 1
+2 +8 1
+6 * 1 0 0 0 0 0 0 0 0 1
+2 +8 1
+3 * 1 0 0 0 0 0 0 0 0 1
+2 +3 1
+6 * 1 0 0 1 0 0 1
+7 * 1
+7 * 1
+4 * 1 1
fe=(105)

fl=(210) /usr/src/debug/glibc/glibc/nptl/cleanup_compat.c
fn=(732) _pthread_cleanup_push@@GLIBC_2.34
0x93270 25 1 0 0 1 0 0 1
+4 +3 1 0 1
+3 +1 1 0 1
+4 +1 1 1 0 1 1 0 1
+9 * 1 0 1
+4 +2 1 0 1
+9 +1 1 1

fn=(740) _pthread_cleanup_pop@@GLIBC_2.34
0x932a0 40 1
+4 +3 1 1
+4 * 1 0 1
+9 +4 1
+2 * 1 0 0 0 0 0 0 0 0 1 1
+21 +2 1 1 0 1 0 0 1

fl=(355) /usr/src/debug/glibc/glibc/stdlib/../sysdeps/ieee754/dbl-64/dbl2mpn.c
fn=(1544) __mpn_extract_double
0x55a20 33 306359 0 0 1 0 0 1
+4 +2 306359
+5 -2 306359
+3 +4 306359
+3 * 306359
+4 * 306359 0 306359
+2 +1 306359
+3 * 306359
+4 * 306359 0 0 1 0 0 1
+6 * 306359
+6 * 306359 0 306359
+2 +9 306359
+10 * 306359
+3 +9 306359
+4 -9 306359 0 306359 0 0 1 0 0 1
+3 +9 306359
+5 * 306359 0 0 0 0 0 0 0 0 306359 2
+29 +47 306359 0 0 1 0 0 1
+5 +4 306359
+5 -4 306359 0 306359
+3 +4 306359 306359

fl=(82)
fn=(308)
0xc0750 86 1 0 0 1 0 0 1
fi=(83) /usr/src/debug/glibc/glibc/string/../sysdeps/x86/cacheinfo.h
+4 -24 1 1
+7 +3 1 1 0 0 1
+7 * 1
+7 * 1 0 0 0 0 0 0 0 0 1
+2 +2 1
+3 +1 1 0 1 0 0 1 0 0 1
+7 -1 1
+3 * 1 0 1
+7 +7 1 1 0 1 0 0 1
+7 * 1
+7 * 1 0 0 0 0 0 0 0 0 1
+2 +2 1
+3 +1 1 0 1
+7 -1 1
+3 * 1 0 1
+7 +5 1 1
+7 * 1 0 1 0 0 1 0 0 1
+7 +3 1 1
+7 * 1 0 1
+7 +2 1 1 0 1 1 0 1
+7 * 1 0 1
+7 +1 1 1
+7 * 1 0 1
+7 +1 1 1
+7 * 1 0 1
+7 +2 1 1
+7 * 1 0 0 0 0 0 0 0 0 1 1
fe=(82)
+9 -4 1
+2 * 1 1

fl=(135)
fn=(446)
0xaed40 29 5 0 0 2 0 0 1
fi=(112) /usr/src/debug/glibc/glibc/string/../sysdeps/x86_64/multiarch/ifunc-avx2.h
+4 +9 5 5 0 0 1
+7 * 5
+7 * 5 5 0 0 2
+6 +2 5
+2 * 5
+2 * 5
+6 * 5 0 0 0 0 0 0 0 0 5 3
+6 +1 5 5 0 0 2
+7 * 5 0 0 0 0 0 0 0 0 5
+2 +1 5 5 0 0 1
+6 * 5
+6 * 5 0 0 0 0 0 0 0 0 5
+2 +4 5 0 0 2 0 0 1
+2 * 5
+2 * 5
+6 * 5 0 0 0 0 0 0 0 0 5
+2 +3 5
+7 * 5
+3 * 5 0 0 0 0 0 0 0 0 5
+2 +3 5
+6 * 5
+7 * 5
+7 * 5
+4 * 5 5
fe=(135)

fl=(232)
fn=(794)
0x170b00 52 1355006 0 0 1026 0 0 2
+4 +13 1355006
+2 +1 1355006
+3 +1 1355006
+4 +3 1355006
+5 +2 1355006
+5 +1 1355006 0 0 0 0 0 0 0 0 1355006 2
+6 +3 1355006 1355006 0 0 1031 0 0 8
+4 +1 1355006
+4 +8 1355006
+2 +1 1355006 0 0 0 0 0 0 0 0 1355006 3
+2 +1 1355006
+4 +5 1355006
+3 * 1355006 1355006

fl=(209)
fn=(728)
0x9bf10 136 1354949 0 0 3 0 0 2
+4 +3 1354949 1354949 0 0 4 0 0 2
+2 +1 1354949
+2 * 1354949 0 0 0 0 0 0 0 0 1354949 1
+2 +4 1354948
+2 * 1354948 1354948
+4 -8 1 0 1
+1 * 1
+3 +7 1 0 1
cfn=(730) __pthread_once_slow.isra.0
calls=1 0x9bdc0 -76 
* * 127 33 33 16 4 3 16 1 0 14 8 3 3
+5 +1 1
+2 * 1 1
+1 * 1 1

fn=(730)
0x9bdc0 67 1 0 1 1 0 0 1
+1 * 1
+3 * 1
+3 * 1 0 1
+2 * 1 0 1
+1 * 1
+4 * 1 1
+9 * 1 0 1
+4 * 1
+3 +9 1 1
+3 +4 1
+2 * 1 0 0 0 0 0 0 0 0 1 1
+2 +52 1 1
+4 * 1 1
+9 * 1 0 0 0 0 0 0 0 0 1
+6 * 1
+4 * 1 1
+1 * 1 1
+2 * 1 1
+1 * 1 1
+8 -44 1 1 0 1 1 0 1 1
+6 * 1
+3 +4 1 0 1
+5 * 1 0 0 0 0 0 0 0 0 1
+2 +9 1
+2 * 1 0 0 0 0 0 0 0 0 1 1
+78 +13 1 0 0 1 0 0 1
+4 * 1
+4 * 1
+4 * 1 0 1 0 0 1
+4 * 1
+7 * 1 0 0 1 0 0 1
+7 * 1 0 1
+7 * 1 0 1
+4 * 1 0 1
+4 * 1 0 1
+4 * 1 0 1
+7 * 1 0 1
+4 * 1 0 1
+4 * 1 0 1 0 0 1
cfi=(210)
cfn=(732)
calls=1 0x93270 -89 
* * 7 2 4 2 1 0 2
+5 +2 1 1
+4 * 1 0 1 0 0 0 0 0 0 0 0 1 1
cob=(7)
cfi=(207)
cfn=(734)
calls=1 0xc7bc0 +92 
* * 59 18 11 8 2 1 8 0 0 8 4 2 2
+3 +2 1
+2 * 1
+4 * 1 0 1
cfi=(210)
cfn=(740)
calls=1 0x932a0 -78 
* * 6 2 1 1 0 0 1 0 0 1 1
fi=(213) /usr/src/debug/glibc/glibc/nptl/../sysdeps/nptl/futex-internal.h
+5 +91 1 0 0 1 0 0 1
+3 * 1
+5 * 1
+5 * 1
fe=(209)
+5 -85 1 1
+4 * 1 0 1
fi=(213)
+7 +85 1
+3 * 1
+2 * 1
+6 * 1 0 0 0 0 0 0 0 0 1 1
fe=(209)

fl=(323) /usr/src/debug/glibc/glibc/stdlib/mul.c
fn=(1304) __mpn_mul
0x54700 48 1257330 0 0 1 0 0 1
+4 * 1257330 0 1257330
+1 * 1257330
+3 * 1257330
+3 * 1257330 0 1257330
+2 * 1257330
+3 * 1257330 0 1257330
+2 * 1257330 0 1257330 0 0 547
+2 * 1257330
+3 * 1257330 0 1257330
+2 * 1257330
+3 * 1257330 0 1257330 0 0 1 0 0 1
+1 * 1257330
+3 * 1257330
+4 * 1257330 1257330
+9 * 1257330 0 1257330
+4 * 1257330
+2 +6 1257330
+4 * 1257330 0 0 0 0 0 0 0 0 1257330
+2 +12 1257330
+3 * 1257330 0 0 0 0 0 0 0 0 1257330 11
+2 +76 1257330 1257330
+4 * 1257330 1257330
+9 * 1257330 0 0 0 0 0 0 0 0 1257330
+6 * 1257330
+4 * 1257330 1257330
+1 * 1257330 1257330
+2 * 1257330 1257330
+2 * 1257330 1257330
+2 * 1257330 1257330
+2 * 1257330 1257330
+1 * 1257330 1257330
+1 -71 1257330 1257330 0 1 2 0 1 2
+3 +1 1257330
+4 * 1257330 0 0 0 0 0 0 0 0 1257330 8
0x54950 +69 1257330 0 1257330 2 0 0 2
+4 -60 1257330 0 1257330 0 0 1 0 0 1
cfi=(324) /usr/src/debug/glibc/glibc/stdlib/../sysdeps/x86_64/mul_1.S
cfn=(1306) __mpn_mul_1
calls=1257330 0x54ad0 -50 
* * 30169974 4085827 2828497 2051 0 0 5 0 0 4715483 5
+5 * 1257330 1257330
+4 +2 1257330 0 1257330
+4 +5 1257330
+4 * 1257330 0 0 0 0 0 0 0 0 1257330 4

fl=(127)
fn=(422)
0xae260 29 1 0 0 1 0 0 1
fi=(379) /usr/src/debug/glibc/glibc/string/../sysdeps/x86_64/multiarch/ifunc-sse4_2.h
+4 +7 1 1
+7 * 1
+7 * 1 1
+7 * 1
+7 * 1 0 0 1 0 0 1
fe=(127)
+4 -7 1 1

fl=(194) /usr/src/debug/glibc/glibc/misc/init-misc.c
fn=(668) __init_misc
0x11a6e0 30 1 0 0 1 0 0 1
+4 +1 1
+3 * 1 0 0 0 0 0 0 0 0 1
+2 * 1 1
+3 * 1
+3 * 1 0 0 0 0 0 0 0 0 1
+2 -1 1 0 1
+1 +3 1
+3 -3 1
+3 * 1
+4 * 1 0 1
+4 +3 1 0 0 1 0 0 1
+5 * 1 0 1
+4 * 1 0 1
cob=(4)
cfi=(191)
cfn=(670) 0x0000000004c72320
calls=1 0x4c72320 -33 
* * 24 3 0 3 2 0 3 1 0 3 1 1 1
+5 +4 1 1
+4 +1 1 1
+4 -1 1
+4 * 1
+3 * 1 1
+7 * 1
+4 * 1 0 1 0 0 1
+3 +1 1 1
+7 * 1 1
+3 * 1 0 1
+3 +2 1 1
+1 * 1 1

fl=(365)
fn=(1608)
0x11a6b0 25 772 0 0 1 0 0 1
+4 * 772 0 772
+1 +1 772
+3 * 772
+3 * 772
+3 * 772 0 0 1 0 0 1
+3 * 772
+2 -1 772
+3 +1 772
+4 * 772 0 772
+2 * 772 0 772
cfi=(293) /usr/src/debug/glibc/glibc/nptl/cancellation.c
cfn=(1098) __syscall_cancel
calls=772 0x931e0 +48 
* * 19292 8486 3088 0 0 0 0 0 0 1543
+5 +1 771 771
+1 * 771 771

fl=(128)
fn=(424)
0xc38e0 60 1 0 0 1 0 0 1
+4 -18 1 1
+7 * 1 1
+6 +1 1
+2 * 1
+2 * 1
+6 * 1 0 0 0 0 0 0 0 0 1 1
+37 +1 1 1 0 1 0 0 1
+6 * 1
+3 * 1 0 0 0 0 0 0 0 0 1
+2 +3 1
+2 * 1
+5 * 1 0 0 0 0 0 0 0 0 1
+2 +3 1
+7 * 1
+3 * 1 0 0 0 0 0 0 0 0 1
+2 +10 1 1 0 1 0 0 1

fl=(225)
fn=(776)
0x35c40 30 612720 0 0 2 0 0 2
+4 +1 612720 612720 0 0 1 0 0 1
+7 * 612720
+7 * 612720 612720 0 0 1
+4 +2 612720
+3 * 612720 0 0 0 0 0 0 0 0 612720 2
+2 +3 612720
+4 -1 612720
+4 +2 612720 0 612720
+4 +28 612720 612720 0 0 1
+7 * 612720 612720 0 0 3 0 0 2
+4 * 612720 0 612720
+4 +1 612720 612720
+7 * 612720 612720 0 2 0 0 2
+4 * 612720 0 612720
+4 +1 612720 612720
+7 * 612720 612720
+4 * 612720 0 612720
+4 +3 612720
+3 * 612720
+7 * 612720
+4 +1 612720 612720

fl=(321)
fn=(1294)
0x4c480 1784 1048576 0 0 1 0 0 1
+4 +1 1048576
+3 * 1048576
+2 * 1048576
cfn=(1296) ____strtod_l_internal
calls=1048576 0x49b40 510 
* * 776143598 143784043 81124381 11503 6077 636 82 8 0 118497678 3124492 3039591 1025

fn=(1296)
0x49b40 510 1048576 0 0 1024 0 0 1
+4 * 1048576 0 1048576
+1 * 1048576
+3 * 1048576 0 1048576
+2 +79 1048576
+3 -79 1048576 0 1048576
+2 * 1048576 0 1048576
+2 +45 1048576
+3 -45 1048576 0 1048576
+2 * 1048576
+3 * 1048576 0 1048576
+1 * 1048576
+7 * 1048576 0 1048576
+7 +53 1048576 1048576 0 0 613
+5 -53 1048576 0 1048576 0 0 2
+7 * 1048576 1048576
+9 * 1048576 0 1048576 1001 0 0 1
+4 * 1048576
+2 +55 1048576
+2 * 1048576 0 0 0 0 0 0 0 0 1048576
+6 +32 1048576 1048576 0 0 1024
+4 +1 1048576
+3 * 1048576 0 1048576
cob=(4)
cfi=(191)
cfn=(792) 0x0000000004c72240
calls=1048576 0x4c72240 0 
* * 16777216 3145728 0 1024 1025 0 0 1 0 2097152 0 1048576
+5 * 1048576 0 1048576
+7 +1 1048576
+3 * 1048576 0 0 0 0 0 0 0 0 1048576
+6 +10 1048576 1048576
+7 +4 1048576 1048576 0 0 635
+5 -10 1048576 0 1048576
+11 +6 1048576 0 0 919 0 0 1
+4 * 1048576
+8 * 1048576
+11 * 1048576
+11 +3 1048576
+3 * 1048576 1048576
+5 * 1048576
+4 * 1048576
+3 +1 1048576 1048576
+5 * 1048576 0 0 0 0 0 0 0 0 1048576 1
+2 +3 1048576
+2 * 1048576 0 0 0 0 0 0 0 0 1048576
+6 -12 1048576 0 1048576 1 0 0 1
+10 +17 1048576
+2 * 1048576 0 0 0 0 0 0 0 0 1048576
+6 +13 1048576 1048576
+3 * 1048576
+2 * 1048576 0 0 0 0 0 0 0 0 1048576 1
+6 * 1048576
+2 * 1048576
+2 * 1048576
+49 +1 1048576 1048576 0 1 0 0 1
+4 * 1048576 0 0 0 0 0 0 0 0 1048576 1
+2 +8 1048576
+4 * 1048576
+3 * 1048576 0 0 0 0 0 0 0 0 1048576 2
+6 +48 1048576
+4 * 1048576 0 0 0 0 0 0 0 0 1048576 525
+6 +19 523
+3 * 523 0 0 0 0 0 0 0 0 523 523
+6 516 523 0 523
+10 734 523 523
+5 * 523
+3 516 523
+3 * 523
+3 777 523
+4 * 523
+3 * 523 0 0 0 0 0 0 0 0 523 523
-13 516 1048053 0 0 3 0 0 1
+3 * 1048053
+3 777 1048053
+4 * 1048053
+3 * 1048053 0 0 0 0 0 0 0 0 1048053
-7 * 523
+4 * 523
+3 * 523 0 0 0 0 0 0 0 0 523
+6 +1 1048576 1048576
+7 * 1048576 0 0 0 0 0 0 0 0 1048576
+6 +12 1048576
+3 * 1048576 0 0 0 0 0 0 0 0 1048576
+6 +16 1048576
+3 * 1048576 0 0 0 0 0 0 0 0 1048576 2
+11 +42 1048576 0 0 769 0 0 1
+4 * 1048576
+3 +9 1048576
+2 * 1048576 0 0 0 0 0 0 0 0 1048576
+6 * 1048576
+2 * 1048576
+16 * 1048576
+4 * 1048576 1048576
+4 * 1048576
+2 * 1048576 0 0 0 0 0 0 0 0 1048576 2
+6 +1 1048576 1048576
+3 * 1048576 0 0 0 0 0 0 0 0 1048576 4
0x49dd1 687 531
+4 1772 531 531
+4 * 531 531
+9 * 531 0 0 0 0 0 0 0 0 531 2
-13 * 1048045 1048045 0 9 0 0 1
+4 * 1048045 1048045
+9 * 1048045 0 0 0 0 0 0 0 0 1048045 2
+6 * 1048576
+4 * 1048576 1048576
+1 * 1048576 1048576
+2 * 1048576 1048576
+2 * 1048576 1048576
+2 * 1048576 1048576
+2 * 1048576 1048576
+1 * 1048576 1048576
+74 803 523 523 0 1 0 0 1
+5 -22 523
+4 +22 523
+4 -26 523
0x49eb1 -36 1048053 0 0 1 0 0 1
+2 * 1048053
+2 * 1048053
+11 * 1048053
+4 * 1048053 1048053
+4 * 1048053
+2 * 1048053 0 0 0 0 0 0 0 0 1048053
+6 +1 1048053 1048053 0 1 0 0 1
+4 * 1048053 0 0 0 0 0 0 0 0 1048053 2
+60 864 1048576 1048576 0 1 0 0 1
+7 +1 1048576
+3 * 1048576 1048576
+7 +1 1048576
+2 -1 1048576 1048576
+4 +1 1048576
+3 * 1048576
+31 +4 3145728
+4 * 3145728 0 0 0 0 0 0 0 0 3145728 345261
+2 +1 2831092
+4 * 2831092
+4 +2 2831092 2831092
+5 * 2831092
+4 * 2831092
+4 -7 2831092
+4 * 2831092
+4 +1 2831092
+3 * 2831092 0 0 0 0 0 0 0 0 2831092 6
-24 +6 314636 314636
+5 * 314636
+4 * 314636
+4 -7 314636
+4 * 314636
+4 +1 314636
+3 * 314636 0 0 0 0 0 0 0 0 314636 6
-11 -1 1048576 0 0 1 0 0 1
+4 * 1048576
+4 +1 1048576
+3 * 1048576 0 0 0 0 0 0 0 0 1048576 2
+2 * 1048576
+4 * 1048576 0 0 0 0 0 0 0 0 1048576
+2 +9 1048576
+3 * 1048576 0 0 0 0 0 0 0 0 1048576
+6 +6 1048576 1048576 0 1 0 0 1
+5 +1 1048576 0 1048576
+7 -1 1048576 1048576 0 0 1 0 0 1
+5 +2 1048576 1048576
+7 * 1048576 0 0 0 0 0 0 0 0 1048576 1
+2 * 1048576
+3 * 1048576 0 0 0 0 0 0 0 0 1048576 2
+6 * 1048576
+2 * 1048576
+11 +98 1048576
+3 +33 1048576
+3 * 1048576 0 0 0 0 0 0 0 0 1048576
+2 +2 1048576 1048576
+4 * 1048576 0 0 0 0 0 0 0 0 1048576 2
+2 879 105083 0 0 1 0 0 1
+3 * 105083
+4 * 105083
+11 1019 105083
+4 -2 105083 105083
+4 * 105083 0 0 0 0 0 0 0 0 105083 11477
-8 +2 11560
+4 -2 11560 11560
+4 * 11560 0 0 0 0 0 0 0 0 11560 1147
+2 * 105083
+3 +3 105083
+3 +2 105083
+3 * 105083 0 0 0 0 0 0 0 0 105083
+6 * 105083
+3 +3 105083
+3 * 105083 0 0 0 0 0 0 0 0 105083 3
+6 * 1054
+3 * 1054 0 0 0 0 0 0 0 0 1054 494
+6 * 523 523
+7 * 523
+3 * 523 0 0 0 0 0 0 0 0 523 1
+6 +19 944016 944016 0 1 0 0 1
+7 * 944016
+3 * 944016 0 0 0 0 0 0 0 0 944016
+2 +1 944016 0 944016
+3 +5 944016
+3 * 944016 0 0 0 0 0 0 0 0 944016 103655
-3 * 104029
+3 * 104029 0 0 0 0 0 0 0 0 104029 10384
+6 +9 103965 103965
+3 * 103965 103965
+4 * 103965
+7 * 103965 103965
+3 * 103965 0 0 0 0 0 0 0 0 103965
+2 +2 103965
+2 * 103965
+3 * 103965 0 0 0 0 0 0 0 0 103965 4
+52 +9 103965 103965 0 1 0 0 1
+7 * 103965
+3 * 103965
+3 +1 103965 103965
+7 * 103965 0 0 0 0 0 0 0 0 103965
+6 * 103965
+3 * 103965 0 0 0 0 0 0 0 0 103965
+6 +3 103965 103965
+7 * 103965
+10 * 103965
+3 * 103965
+3 * 103965 0 0 0 0 0 0 0 0 103965
+6 +4 103965
+3 +1 103965
+3 +96 103965
+3 * 103965
+3 * 103965
+3 * 103965
+3 * 103965
+3 * 103965
+4 * 103965
+3 * 103965
+3 * 103965
+4 * 103965
+3 * 103965
+4 +4 103965
+3 -1 103965
+4 +1 103965 0 103965
+7 * 103965
+3 +3 103965
+5 * 103965
+3 * 103965
+3 * 103965 0 0 0 0 0 0 0 0 103965
-64 -7 944080 0 0 1 0 0 1
+3 * 944080
+3 * 944080 0 0 1 0 0 1
+3 * 944080
+3 * 944080
+3 * 944080
+4 * 944080
+3 * 944080
+3 * 944080
+4 * 944080
+3 * 944080
+4 +4 944080
+3 -1 944080
+4 +1 944080 0 944080
+7 * 944080
+3 +3 944080
+5 * 944080
+3 * 944080
+3 * 944080 0 0 0 0 0 0 0 0 944080
+6 +12 1048045 0 0 1 0 0 1
+7 * 1048045 0 0 0 0 0 0 0 0 1048045
+6 +3 1048045
+3 * 1048045 0 0 0 0 0 0 0 0 1048045 2
+6 1359 1047522
+3 * 1047522 0 0 0 0 0 0 0 0 1047522
+6 * 1047522
+7 * 1047522
+6 * 1047522 0 0 0 0 0 0 0 0 1047522
+6 +18 1047522 1047522
+4 * 1047522 0 0 0 0 0 0 0 0 1047522 60
+6 +3 1047522 0 0 1 0 0 1
+10 * 1047522
+5 * 1047522
+3 * 1047522
+4 * 1047522
+4 * 1047522
+3 +13 1047522
+2 -13 1047522
+3 * 1047522
+3 +8 1047522
+5 * 1047522 0 0 0 0 0 0 0 0 1047522 4
+28 +13 1047522 0 0 1 0 0 1
+3 * 1047522
+3 +3 1047522
+3 * 1047522
+3 -3 1047522
+3 +3 1047522
+3 * 1047522
+2 * 1047522
+4 +6 1047522
+2 -3 1047522
+5 -3 1047522
+3 * 1047522
+3 +3 1047522
+4 * 1047522
+3 * 1047522 0 1047522
+6 +5 1047522
+3 * 1047522
+7 * 1047522
+3 * 1047522 0 0 1 0 0 1
+3 * 1047522 0 1047522
+6 * 1047522
+3 +7 1047522
+4 * 1047522 0 0 0 0 0 0 0 0 1047522 102914
+6 * 952945 952945
+7 * 952945
+6 * 952945
+3 * 952945 0 952945
+7 * 952945
+7 * 952945 0 952945
+7 * 952945 0 952945 1 0 0 1
+7 * 952945
+4 * 952945
+11 +3 952945 0 952945
+7 +4 952945 952945 0 0 487 0 0 1
+4 -4 952945
+3 +2 952945
+3 * 952945 0 0 0 0 0 0 0 0 952945
-17 -2 1038070 0 1038070
+7 +4 1038070 1038070 0 0 18 0 0 1
+4 -4 1038070
+3 +2 1038070
+3 * 1038070 0 0 0 0 0 0 0 0 1038070 103002
+6 +3 1047522 1047522 0 0 46
+3 -1 1047522
+4 +1 1047522
+7 * 1047522 0 1047522
fi=(322) /usr/src/debug/glibc/glibc/stdlib/../string/bits/string_fortified.h
+7 29 1047522 1047522 0 1 0 0 1
fe=(321)
+7 1427 1047522
+8 * 1047522
fi=(322)
+5 29 1047522
+5 * 1047522 1047522 1047522 0 25 0 0 0 0 0 0 1047522 1
cfi=(282)
cfn=(1298) __memcpy_chk_avx_unaligned_erms
calls=1047522 0x16dd50 249 
* * 20950440 3142566 2095044 3 636 23 2 1 0 4190088 7
+6 * 1047522 1047522
+7 * 1047522 1047522
fe=(321)
+7 1445 1047522
+3 * 1047522 0 0 0 0 0 0 0 0 1047522 9529
-3 * 94577
+3 * 94577 0 0 0 0 0 0 0 0 94577 3
+6 -3 1038070
+3 +1 1038070
+4 -24 1038070
+3 * 1038070 0 0 0 0 0 0 0 0 1038070 2
0x4a33b 1044 104560 104560 0 1 0 0 1
+7 * 104560
+3 * 104560 0 0 0 0 0 0 0 0 104560
+2 +1 104560 0 104560
+3 +2 104560
+3 * 104560 0 0 0 0 0 0 0 0 104560 4
+6 767 531 531
+6 * 531
+2 * 531 0 0 0 0 0 0 0 0 531 2
+21 -76 1048053 1048053 0 1 0 0 1
+5 * 1048053 1048053
+5 * 1048053
+3 * 1048053 1048053 0 1 533 0 1 1
+4 * 1048053 0 0 0 0 0 0 0 0 1048053
+6 516 1048053 0 1048053
+10 710 1048053
+6 * 1048053
+3 * 1048053 0 0 0 0 0 0 0 0 1048053
+6 516 1048053
+3 * 1048053
+2 * 1048053
+11 712 1048053 1048053
+5 * 1048053
+4 -1 1048053
+4 * 1048053 0 0 0 0 0 0 0 0 1048053
+2 +24 1048053 0 0 1 0 0 1
+4 * 1048053
+3 * 1048053 0 0 0 0 0 0 0 0 1048053
+6 -1 1048053
+4 +2 1048053 1048053
+7 -2 1048053 1048053
+3 +2 1048053
+3 * 1048053
+2 * 1048053
+3 * 1048053
+3 * 1048053 0 0 0 0 0 0 0 0 1048053 2
0x4a7f0 1074 944080 944080 0 1 0 0 1
+7 +9 944080 944080
+7 * 944080 0 0 1 0 0 1 0 0 944080 6
0x4a9f0 741 1048053 0 0 1 0 0 1
+2 * 1048053 0 0 0 0 0 0 0 0 1048053 2
+6 +8 1048053 1048053
+7 * 1048053 0 0 2 0 0 1 0 0 1048053 2
0x4ad88 1433 943493 943493 0 1 0 0 1
+3 -1 943493
+4 * 943493
+3 * 943493
+7 * 943493 943493
+7 +1 943493 0 943493
+7 -1 943493
+5 * 943493 943493
+7 * 943493 0 943493
cfi=(323)
cfn=(1304)
calls=943493 0x54700 48 
* * 58496566 14152395 11321916 2052 0 547 6 0 0 8491437 7
+5 +4 943493 943493
+7 +1 943493 943493 0 9 0 0 1
+7 * 943493
+3 -1 943493 943493
+4 * 943493
+5 +1 943493 0 0 0 0 0 0 0 0 943493
+6 +1 943493 943493
+7 +1 943493 943493
+7 -1 943493
+4 +1 943493 0 943493
+7 * 943493 0 943493
+7 +6 943493
+3 * 943493 0 0 1 0 0 1 0 0 943493
+6 +2 1047522 1047522
+7 * 1047522 1047522
+7 * 1047522 0 0 0 0 0 0 0 0 1047522 2
+6 381 1047522 1047522
+6 -1 1047522 0 1047522
+11 +1 1047522
+2 * 1047522 0 0 0 0 0 0 0 0 1047522
+6 * 1047522
+4 * 1047522 1047522
+7 * 1047522
+3 * 1047522 1047522 0 1 0 0 1
+7 * 1047522 0 1047522
+2 * 1047522
+7 * 1047522
+7 * 1047522 0 1047522
cfn=(1308) str_to_mpn.part.0.constprop.0
calls=1047522 0x49890 -14 
* * 81482890 16429423 9427698 6 10 64 5 1 0 11785407 1906698
+5 1468 1047522
+5 +7 1047522 1047522
+7 -7 1047522 0 1047522
+7 +2 1047522 1047522
+1 -2 1047522 1047522
+9 +2 1047522 1047522
+1 -2 1047522
+4 * 1047522
+3 +2 1047522
+2 * 1047522 0 0 1 0 0 1 0 0 1047522 6
+6 +17 1047522
+3 * 1047522 0 1047522
+7 +2 1047522
+4 * 1047522 0 0 0 0 0 0 0 0 1047522 2
0x4b339 1718 94577 94577 0 1 0 0 1
+7 * 94577 0 0 1 0 0 1
+6 * 94577
+3 * 94577 0 94577
+7 * 94577
+7 * 94577 0 94577
+7 * 94577 0 94577
+7 * 94577
+37 380 523 0 523 1 0 0 1
+11 1200 523
+3 381 523
+3 * 523 0 0 0 0 0 0 0 0 523
+6 * 523
+4 * 523 0 523
+7 * 523
+3 * 523
+7 * 523 0 523
+2 * 523 523
+7 * 523 0 0 1 0 0 1
+3 * 523
+7 * 523
+7 * 523 0 523
+7 * 523 0 523
cfn=(1308)
calls=523 0x49890 -14 
* * 26673 6799 4707 0 0 0 0 0 0 2615 7
+5 1206 523 523
+7 * 523 523
+1 +20 523 523
+7 -20 523 523
+7 * 523
+3 * 523
+3 * 523 523
+2 * 523 0 0 0 0 0 0 0 0 523 2
0x4b590 +44 523 0 0 1 0 0 1
+4 +1 523
+3 -1 523 523
+9 +1 523
+4 -1 523
+4 +1 523
+3 * 523
+3 +4 523
+7 * 523 0 0 0 0 0 0 0 0 523
+6 +6 523
+4 * 523 0 0 1 0 0 1 0 0 523
+6 +32 523
+3 * 523 0 0 0 0 0 0 0 0 523
+6 +3 523
+4 +4 523
+7 -4 523
+3 +4 523 0 523
+7 -4 523
+3 * 523
+3 * 523
+4 * 523
+3 * 523
+2 +4 523
+5 * 523
+3 * 523
+4 * 523 0 0 74 0 0 1
+3 -2 523
+3 * 523 0 0 0 0 0 0 0 0 523
+6 +10 523
+5 * 523 523
+7 * 523
+2 * 523
+3 * 523 0 523
cfi=(325) /usr/src/debug/glibc/glibc/stdlib/../sysdeps/x86_64/lshift.S
cfn=(1310) __mpn_lshift
calls=523 0x54580 28 
* * 8368 1046 523 0 0 0 0 0 0 1569 525
+5 +4 523
+3 * 523 0 0 0 0 0 0 0 0 523 2
+13 +15 523 523
+6 * 523
+3 * 523
+3 * 523
+3 * 523 523 0 423 0 0 1
+7 * 523
+2 * 523 0 523
cfn=(1312) round_and_return
calls=523 0x49440 215 
* * 50731 6799 4184 0 0 0 0 0 0 5753 3
+5 * 523
0x4b74a 1474 1047522 1047522 0 1 0 0 1
+7 * 1047522
+2 * 1047522
+3 * 1047522 0 1047522
+7 * 1047522
+3 * 1047522 0 1047522
cfi=(325)
cfn=(1310)
calls=1047522 0x54580 28 
* * 16760352 2095044 1047522 2 0 0 2 0 0 3142566 4
+5 +1 1047522 1047522
+7 * 1047522 1047522
+7 * 1047522
+3 * 1047522
+3 * 1047522 0 1047522
cfi=(325)
cfn=(1310)
calls=1047522 0x54580 28 
* * 16760352 2095044 1047522 0 0 0 0 0 0 3142566 3
+5 +1 1047522 1047522 0 1 0 0 1
+7 * 1047522
+3 * 1047522 0 0 0 0 0 0 0 0 1047522 2
0x4b854 1637 1047522 1047522 0 1 0 0 1
+6 * 1047522 1047522
+7 * 1047522
+3 * 1047522 1047522
+7 * 1047522 0 1047522
cfn=(1312)
calls=1047522 0x49440 215 
* * 98001081 15698400 8903943 1065 1024 0 10 1 0 11013429 527645
+5 * 1047522
0x4b9a9 1496 1047522 1047522 0 1 0 0 1
+7 +1 1047522 1047522
+7 +1 1047522
+4 * 1047522 0 0 1 0 0 1 0 0 1047522
+6 * 1047522
+3 * 1047522 0 0 0 0 0 0 0 0 1047522
+6 +4 1047522
+3 * 1047522
+2 * 1047522
+3 * 1047522
+3 * 1047522
+3 +38 1047522
+2 * 1047522 0 0 0 0 0 0 0 0 1047522 2
+75 +4 1047522 0 0 2 0 0 1
+3 * 1047522
+3 * 1047522
+4 * 1047522
+4 * 1047522
+13 -4 1047522 0 0 1 0 0 1
+3 * 1047522 0 0 0 0 0 0 0 0 1047522 2
+14 * 1047522
+3 * 1047522
+4 * 1047522
+3 * 1047522
+4 * 1047522
+3 * 1047522
+3 * 1047522
+3 * 1047522 0 0 0 0 0 0 0 0 1047522
+2 * 1047522
+3 * 1047522
+3 +5 1047522
+6 -5 1047522
+2 +5 1047522
+3 * 1047522 0 0 2 0 0 1
+7 -5 1047522
+2 * 1047522 0 1047522
+7 +4 1047522
+3 -4 1047522
+3 * 1047522 0 1047522
+7 +2 1047522
0x4bb53 1393 1047522 0 0 1024 0 0 1
+2 +5 1047522
+2 * 1047522 0 0 0 0 0 0 0 0 1047522
+6 * 1047522
+7 * 1047522
+2 * 1047522 0 1047522
+7 * 1047522
+66 1145 943493 0 943493 1024 0 0 1
fi=(322)
+7 29 943493
+3 * 943493
+5 * 943493 943493 0 1024 0 0 1
fe=(321)
+7 1448 943493
fi=(322)
+8 29 943493 943493 943493 0 0 0 0 0 0 0 0 943493 1024
cfi=(282)
cfn=(1298)
calls=943493 0x16dd50 249 
* * 18869860 2830479 1886986 0 0 0 0 0 0 3773972 4
+6 * 943493 943493
+7 * 943493
fe=(321)

fn=(1308)
0x49890 367 1048045 0 1048045 1 0 0 1
+1 * 1048045
+3 * 1048045 0 1048045 0 0 64
+2 * 1048045
+3 +9 1048045
+2 -9 1048045 0 1048045
+2 * 1048045
+3 * 1048045 0 1048045
+2 * 1048045
+3 * 1048045 0 1048045
+2 * 1048045
+3 * 1048045 0 1048045
+1 +10 1048045
+2 -10 1048045
+4 * 1048045 0 1048045
+4 * 1048045 1048045
+4 * 1048045
+7 +61 2916125 0 0 1 0 0 1
+4 +1 2916125
+3 * 2916125
+5 -14 2916125 2916125
+5 * 2916125
+3 * 2916125
+3 * 2916125 0 0 0 0 0 0 0 0 2916125 859316
+2 +3 943557
+3 * 943557 0 0 0 0 0 0 0 0 943557 4
+11 +7 943557
+3 +3 943557 943557
+5 * 943557
+4 * 943557
+4 +3 943557
+4 * 943557 0 0 0 0 0 0 0 0 943557 10313
-12 -3 1972568
+4 * 1972568
+4 +3 1972568
+4 * 1972568 0 0 0 0 0 0 0 0 1972568 103083
+6 -47 2916125 0 0 1 0 0 1
+3 * 2916125 0 0 0 0 0 0 0 0 2916125 6
0x49a20 +49 1048045 1048045 0 2 0 0 1
+4 * 1048045 1048045
+3 * 1048045
+3 * 1048045 0 0 0 0 0 0 0 0 1048045 933983
+16 +7 1048045 0 0 1 0 0 1
+7 * 1048045
+3 * 1048045 1048045 0 0 10 0 0 1
+4 +2 1048045 1048045
+3 * 1048045
+3 * 1048045 0 0 0 0 0 0 0 0 1048045
+2 +2 1048045 0 1048045
+3 +1 1048045 0 1048045
+7 +15 1048045
+4 * 1048045
+3 * 1048045 1048045
+1 * 1048045 1048045
+2 * 1048045 1048045
+2 * 1048045 1048045
+2 * 1048045 1048045
+2 * 1048045 1048045
+1 * 1048045 1048045

fn=(1312)
0x49440 215 1048045 0 1048045 1 0 0 1
+1 * 1048045
+3 * 1048045 0 1048045
+2 * 1048045
+3 * 1048045 0 1048045
+2 * 1048045 0 1048045
+2 * 1048045
+3 * 1048045 0 1048045
+1 * 1048045
+3 * 1048045
+4 * 1048045 1048045
+9 * 1048045 0 1048045
+4 * 1048045
fi=(326) /usr/src/debug/glibc/glibc/stdlib/../sysdeps/generic/get-rounding-mode.h
+3 94 1048045 0 1048045
+3 +1 1048045 1048045
+4 * 1048045
+4 * 1048045
+4 * 1048045 0 0 0 0 0 0 0 0 1048045
+6 * 1048045 0 0 1 0 0 1 0 0 1048045
+6 * 1048045
+3 * 1048045
+3 * 1048045
+4 * 1048045
fe=(321)
+4 218 1048045
+7 * 1048045 0 0 0 0 0 0 0 0 1048045 3
0x4959d +97 1048045 0 0 1 0 0 1
+7 * 1048045 0 0 0 0 0 0 0 0 1048045
+6 +3 1048045
+3 * 1048045
+3 -93 1048045
+3 +93 1048045
+3 * 1048045
+4 +3 1048045
+3 * 1048045 0 0 1 0 0 1 0 0 1048045 7264
+6 * 7738
+7 * 7738
+2 * 7738
+3 * 7738
+3 * 7738
+3 +2 7738 7738
+3 -2 7738
+3 +1 7738
+4 * 7738
+3 -1 7738
+3 * 7738
+4 +1 7738
+3 * 7738
+3 -1 7738
+3 +1 7738
+3 * 7738 0 7738
cfi=(327)
cfn=(1316)
calls=7738 0x49400 46 
* * 92856 7738 0 0 0 0 0 0 0 15476 1
+5 * 7738
+2 * 7738 0 0 0 0 0 0 0 0 7738
+6 +35 531505 0 0 1 0 0 1
+2 -5 531505
+3 * 531505 0 0 0 0 0 0 0 0 531505 2
+6 * 7738
+3 * 7738 0 0 0 0 0 0 0 0 7738
+6 +5 1048045 1048045
+4 * 1048045 1048045
+9 * 1048045 0 0 0 0 0 0 0 0 1048045 2
+6 +1 1048045
+4 -1 1048045
+3 * 1048045
+3 +1 1048045 1048045
+1 * 1048045 1048045
+2 * 1048045 1048045
+2 * 1048045 1048045
+2 * 1048045 1048045
+1 -1 1048045
cfi=(329) /usr/src/debug/glibc/glibc/stdlib/../sysdeps/ieee754/dbl-64/mpn2dbl.c
cfn=(1320) __mpn_construct_double
calls=1048045 0x55b80 29 
* * 16768720 2096090 0 997 0 0 1
+53 -34 1040307 1040307 0 60 0 0 1
+3 -1 1040307
+4 * 1040307
+3 * 1040307
+5 * 1040307 0 0 1 0 0 1
+3 * 1040307
+3 * 1040307
+3 * 1040307 0 1040307
cfi=(327)
cfn=(1316)
calls=1040307 0x49400 46 
* * 12483684 1040307 0 1 0 0 1 0 0 2080614
+5 +35 1040307
+2 -35 1040307
+3 * 1040307
+2 * 1040307 0 0 0 0 0 0 0 0 1040307 520374
fi=(328) /usr/src/debug/glibc/glibc/stdlib/../stdlib/gmp.h
+2 453 523767
fe=(321)
+4 330 523767
fi=(328)
+5 454 523767 0 523767
fe=(321)
+3 330 523767 0 0 0 0 0 0 0 0 523767
+2 +10 523767
+7 * 523767 0 0 0 0 0 0 0 0 523767 2
+37 +14 1040307 1040307 0 1 1024 0 1 1
+8 * 1040307 1040307
+8 +1 1040307

fl=(256) /usr/src/debug/glibc/glibc/stdlib/getenv.c
fn=(908) getenv
0x41b00 25 1 0 0 1 0 0 1
+4 * 1 0 1
+1 * 1
+3 * 1 0 1
+2 * 1 0 1
+2 * 1
+3 * 1 0 1
+2 * 1 0 1
+2 * 1 0 1
+1 * 1
+4 +4 1 1
+7 +13 1 1
+7 * 1 1
+3 +1 1
+3 * 1 0 0 0 0 0 0 0 0 1
+6 * 1 1 0 0 1 0 0 1
+4 * 1 0 0 0 0 0 0 0 0 1
+6 +3 1
+3 * 1 0 1 1 0 0 1
cob=(4)
cfi=(191)
cfn=(792)
calls=1 0x4c72240 -46 
* * 16 3 0 0 0 0 0 0 0 2 0 1
+5 * 1
+3 +1 1
+25 * 75
+4 +2 75 75 0 0 10
+4 +1 75
+3 * 75 0 0 0 0 0 0 0 0 75 1
-7 -1 1 1
+4 +1 1
+3 * 1 0 0 0 0 0 0 0 0 1
+2 +5 75 75 0 0 35
+3 * 75 75
+3 * 75 0 0 0 0 0 0 0 0 75 13
+2 +1 2
+3 * 2
+3 * 2
+3 * 2 0 2 1 0 0 1
cob=(4)
cfi=(191)
cfn=(910) 0x0000000004c722e0
calls=2 0x4c722e0 -56 
* * 54 12 0 3 2 0 3 0 0 8 2 2 1
+5 * 2
+2 * 2 0 0 0 0 0 0 0 0 2 2
+35 +13 1 1
+7 * 1
+3 * 1 0 0 0 0 0 0 0 0 1
+6 +85 1
+4 44 1
+2 154 1 1
+1 * 1 1 0 1 0 0 1
+2 * 1 1
+2 * 1 1
+2 * 1 1
+2 * 1 1
+1 * 1 1

fl=(269) /usr/src/debug/glibc/glibc/csu/../sysdeps/nptl/libc_start_call_main.h
fn=(992) (below main)
0x27600 29 1 0 1 1 0 0 1
+1 * 1
+3 * 1
+7 * 1 0 1
+4 * 1 0 1
+3 * 1 0 1
+7 +15 1 1
+9 * 1 0 1
+4 * 1
+4 * 1 0 1
cfi=(270) /usr/src/debug/glibc/glibc/setjmp/../sysdeps/x86_64/bsd-_setjmp.S
cfn=(994) _setjmp
calls=1 0x3e140 -16 
* * 31 6 9 4 1 0 4 0 0 2 1
+5 * 1
+4 +2 1
+2 * 1 0 0 0 0 0 0 0 0 1
+2 +5 1 1 0 0 1
+9 * 1 0 1 1 0 0 1
+4 +1 1 1
+9 * 1 0 1
+4 +3 1
+4 * 1 0 1
+9 +3 1 1
+7 * 1 1
+7 * 1 1
+3 * 1 1
+3 * 1 1 1 0 0 0 0 0 0 0 0 1 1
cob=(8)
cfi=(273)
cfn=(1000)
calls=1 0x2780 -46 
* * 5337686885 1806222250 408499287 47074 67932693 492480 836 320 459654 540845750 8708140 32227365 2109112

fl=(303)
fn=(1150)
0x10da50 25 770 0 0 1 0 0 1
+4 * 770 0 770
+1 +1 770
+3 * 770
+3 * 770
+3 * 770
+2 -1 770
+3 +1 770
+4 * 770 0 770
+2 * 770 0 770
cfi=(293)
cfn=(1098)
calls=770 0x931e0 +48 
* * 19250 8470 3080 0 768 0 0 0 0 1540
+5 +1 770 770
+1 * 770 770

fl=(108)
fn=(372)
0xac1e0 29 3 0 0 1 0 0 1
fi=(109) /usr/src/debug/glibc/glibc/string/../sysdeps/x86_64/multiarch/ifunc-memset.h
+4 +32 3 3 0 0 1
+7 * 3
+7 * 3 3 0 0 1
+6 * 3
+3 * 3 0 0 0 0 0 0 0 0 3 1
+2 +3 3 3 0 1 1 0 1
+6 * 3
+6 * 3 0 0 0 0 0 0 0 0 3
+2 +16 3
+3 * 3 0 0 0 0 0 0 0 0 3
+2 +4 3
+2 * 3
+2 * 3
+5 * 3 0 0 0 0 0 0 0 0 3
+6 +8 3
+3 * 3 0 0 0 0 0 0 0 0 3 3
fe=(108)
+75 -63 3 3 0 1 0 0 1
fi=(109)
+67 +71 3 0 0 1 0 0 1
+3 * 3 0 0 0 0 0 0 0 0 3
+2 -48 3
+7 +1 3
+3 * 3 0 0 1 0 0 1 0 0 3 3
fe=(108)

fl=(195) /usr/src/debug/glibc/glibc/string/../sysdeps/x86_64/multiarch/strrchr-avx2.S
fn=(672) __strrchr_avx2
0x1729b0 53 1 0 0 1 0 0 1
+4 +1 1
+4 +1 1
+2 +2 1
+5 +1 1 0 0 1 0 0 1
+4 +4 1
+3 +1 1
+5 +1 1 0 0 0 0 0 0 0 0 1
+6 +3 1 1 0 0 1 0 0 1
+4 +2 1
+4 +1 1
+4 +1 1
+2 +1 1 0 0 0 0 0 0 0 0 1
+6 +3 1
+4 +1 1
+4 +2 1
+5 +1 1
+2 +1 1 0 0 0 0 0 0 0 0 1 1
+2 +1 1
+3 +1 1
+3 +9 1
+3 * 1 1

fl=(118)
fn=(396)
0xad080 65 2 0 0 1 0 0 1
+4 -23 2 2
+7 * 2 2
+6 +2 2 2
+6 -1 2
+2 * 2
+2 * 2
+5 * 2 0 0 0 0 0 0 0 0 2 2
+32 +1 2 0 0 1 0 0 1
+3 * 2 0 0 0 0 0 0 0 0 2
+2 +4 2
+2 * 2
+2 * 2
+5 * 2 0 0 0 0 0 0 0 0 2 1
+2 +3 2
+7 * 2
+3 * 2 0 0 0 0 0 0 0 0 2
+2 +3 2
+7 * 2
+3 * 2 0 0 0 0 0 0 0 0 2
+2 +11 2 2

fl=(140)
fn=(462)
0xaf370 29 2 0 0 1 0 0 1
fi=(379)
+4 +7 2 2
+7 * 2 0 0 1 0 0 1
+7 * 2 2 0 0 1
+7 * 2
+7 * 2
fe=(140)
+4 -7 2 2

fl=(340)
fn=(1416)
0x80060 34 1 0 0 1 0 0 1
+4 * 1 0 1
+1 * 1
+3 * 1 0 1
+2 * 1 0 1
+1 * 1
+3 * 1
+4 +14 1 1
+3 * 1
+7 * 1 0 0 1 0 0 1 0 0 1 1
+30 +9 1 1
fi=(342) /usr/src/debug/glibc/glibc/libio/libioP.h
+7 1036 1
+7 * 1
+3 * 1
+3 +1 1
+7 * 1 0 0 0 0 0 0 0 0 1
fe=(340)
+6 57 1
+2 * 1
+3 * 1 1 1 1 1 0 1 0 0 0 0 1 1
cfi=(290) /usr/src/debug/glibc/glibc/libio/fileops.c
cfn=(1434) _IO_file_finish@@GLIBC_2.2.5
calls=1 0x8d270 202 
* * 25 8 2 4 0 0 4 0 0 5 4
+3 +1 1 1
+7 * 1
+3 * 1 0 0 0 0 0 0 0 0 1
+6 +13 1 1
+5 * 1 0 0 0 0 0 0 0 0 1 1
fi=(342)
+10 962 1 1
+7 * 1
+3 * 1 1 0 0 1
+7 * 1
+3 +1 1
+2 * 1 0 0 0 0 0 0 0 0 1
+2 * 1 1 0 0 1
+7 * 1 0 0 0 0 0 0 0 0 1
+2 +6 1
+3 * 1 1 1 0 1 0 0 0 0 0 0 1 1
cfi=(188)
cfn=(1332)
calls=1 0xa7f30 3516 
* * 34 9 4 0 3 0 0 0 0 7
fe=(340)
+6 76 1
+4 * 1
+3 * 1 1
+1 * 1 1
+2 * 1 1
+1 * 1 1
+9 -27 1 0 1 1 0 0 1
cfi=(289)
cfn=(1418)
calls=1 0x8f8d0 +18 
* * 104 34 25 13 5 1 10 0 0 15 4
+5 +2 1 1
+3 * 1
+7 * 1 0 0 0 0 0 0 0 0 1
+6 * 1 1
+7 * 1 1 0 1 0 0 1
+7 * 1 1
+9 * 1 1
+4 * 1 0 0 0 0 0 0 0 0 1 1
+46 +1 1 0 0 1 0 0 1
+7 * 1 0 0 0 0 0 0 0 0 1 1
fi=(342)
+25 990 1
+2 * 1 0 0 0 0 0 0 0 0 1
+6 +1 1 1
+7 * 1 1
+7 * 1 1
+3 * 1 0 0 0 0 0 0 0 0 1
+2 * 1
+2 * 1 0 0 0 0 0 0 0 0 1
+2 * 1 0 1
+8 * 1 1
+7 * 1 0 1
+6 * 1
fe=(340)
+14 51 1 0 0 1 0 0 1
+3 * 1 0 0 0 0 0 0 0 0 1
+6 * 1 0 1
+6 * 1 0 1
+4 +1 1 1
+3 -1 1
0x8027d +2 1 0 0 1 0 0 1
+3 * 1 0 1 1 0 0 1
cfi=(290)
cfn=(1422) _IO_file_close_it@@GLIBC_2.2.5
calls=1 0x8cfe0 +76 
* * 106 25 18 14 1 0 14 0 0 14 6 1 1
+5 * 1
fi=(342)
+3 990 1 1
+2 * 1
+5 * 1
fe=(340)

fl=(351) /usr/src/debug/glibc/glibc/stdio-common/vfprintf-internal.c
fn=(1530) __printf_buffer
0x64050 601 306359 0 0 1 0 0 1
+4 * 306359 0 306359
+1 * 306359
+3 * 306359 0 306359
+2 * 306359 0 306359
+2 * 306359
+3 * 306359 0 306359
+2 * 306359 0 306359
+2 * 306359 0 306359
+1 * 306359
fi=(380) /usr/src/debug/glibc/glibc/stdio-common/printf-parse.h
+3 82 306359
fe=(351)
+3 601 306359
+7 * 306359 0 306359 0 0 1 0 0 1
fi=(380)
+7 82 306359
fe=(351)
+5 601 306359 0 306359 1 0 1 1 0 1
+7 * 306359 0 306359 0 0 1 0 0 1
+6 +27 306359 306359
+9 * 306359 0 306359
+4 * 306359 306359
+7 +9 306359 306359
+4 -9 306359 306359
+3 +9 306359 0 306359 0 0 1 0 0 1
+7 -9 306359 0 306359
+6 +9 306359 306359
+4 * 306359 0 306359
fi=(380)
+7 82 306359 0 306359 1 0 0 1
cob=(4)
cfi=(191)
cfn=(1532) 0x0000000004c72290
calls=306359 0x4c72290 -82 
* * 6433539 919077 0 3 1 0 3 1 0 612718 0 306359 1
fe=(351)
+5 653 306359
+3 -1 306359
+3 +1 306359
fi=(380)
+3 82 306359 0 306359
+7 * 306359
fe=(351)
+3 653 306359
+3 -1 306359 0 306359
cfi=(352) /usr/src/debug/glibc/glibc/stdio-common/Xprintf_buffer_write.c
cfn=(1536) __printf_buffer_write
calls=306359 0x5b530 27 
* * 5820821 2144513 1531795 3 0 1 3 0 1 612718 2
+5 +2 306359 306359
+3 * 306359
+2 * 306359 0 0 0 0 0 0 0 0 306359
+6 +4 306359 306359
+4 * 306359 0 0 0 0 0 0 0 0 306359
+6 +4 306359 306359 0 0 1 0 0 1
+7 * 306359 0 306359
+7 * 306359 0 0 1 0 0 1
+3 * 306359 0 0 0 0 0 0 0 0 306359
+6 * 306359 306359
+8 * 306359 0 0 0 0 0 0 0 0 306359
+6 * 306359 306359
+8 -32 306359 0 306359
+10 +11 306359 0 306359
+10 -8 306359 0 306359
+11 +29 306359 0 0 0 0 0 0 0 0 306359
+2 +42 306359 306359 0 1 0 0 1
+5 * 306359
+4 * 306359
+2 * 306359 0 0 0 0 0 0 0 0 306359 1
+37 1043 306359 306359
+4 * 306359 306359
+9 * 306359 0 0 1 0 0 1 0 0 306359
+6 * 306359
+4 * 306359 306359
+1 * 306359 306359
+2 * 306359 306359
+2 * 306359 306359
+2 * 306359 306359
+2 * 306359 306359
+1 * 306359 306359
0x64220 704 306359 0 0 1 0 0 1
+4 * 306359
+4 -12 306359
+3 +6 306359 0 306359
+7 +6 306359
+3 * 306359
+7 -13 306359
+3 -1 306359 0 0 1 0 0 1
+3 +14 306359
+2 -10 306359
+6 -8 306359
+3 +11 306359 0 306359
+10 +7 306359 306359 0 0 1 0 0 1
+4 * 306359
+7 -11 306359 0 306359
+10 -8 306359 0 306359
+10 -1 306359 0 306359
+10 +20 306359 306359 0 1 1 0 1 1
+4 * 306359
+7 -21 306359 0 306359
+10 -1 306359 0 306359
+10 +22 306359
+3 -15 306359
+2 * 306359 0 0 0 0 0 0 0 0 0 0 306359 1
+12 * 306359
+4 * 306359
+4 972 306359 306359
+7 * 306359 0 0 1 0 0 1 0 0 306359
+6 +3 306359
+2 * 306359
+3 * 306359
+3 * 306359
+5 * 306359 0 306359
+10 * 306359 306359
+6 * 306359
+2 * 306359
+8 * 306359
+4 * 306359 0 306359
+7 * 306359
+2 * 306359 306359
+7 * 306359 0 306359 1 0 0 1
+6 * 306359 0 306359
+7 * 306359
+3 * 306359
+2 * 306359 306359
+7 * 306359
+3 * 306359
+2 * 306359 306359
+7 * 306359
+3 * 306359
+2 * 306359 306359
+7 * 306359
+3 * 306359
+2 * 306359
+3 * 306359
+3 * 306359
+2 * 306359 306359 0 1 0 0 1
+7 * 306359
+3 * 306359
+2 * 306359
+5 * 306359 0 306359
+7 * 306359 306359
+7 * 306359 0 306359
+6 +20 306359
+2 * 306359 0 0 0 0 0 0 0 0 306359 2
+6 * 306359 306359
+7 * 306359 306359
+3 * 306359
+5 * 306359 0 0 0 0 0 0 0 0 306359
+6 * 306359 0 0 1 0 0 1
+2 * 306359
+3 * 306359 306359
+4 * 306359 0 306359
+3 * 306359 306359
+4 * 306359 0 306359
+8 +1 306359
+7 263 306359
+4 +1 306359
+3 996 306359 0 306359
+7 743 306359 306359
+7 264 306359
+7 * 306359 0 0 1 0 0 1
+7 743 306359 306359
+4 263 306359
+4 * 306359 0 0 0 0 0 0 0 0 306359 2
+22 1023 306359
fi=(380)
+4 82 306359
fe=(351)
+5 1017 306359 0 306359
fi=(380)
+7 82 306359
+3 * 306359 0 306359
cob=(4)
cfi=(191)
cfn=(1532)
calls=306359 0x4c72290 -82 
* * 6433539 919077 0 0 0 0 0 0 0 612718 2 306359
fe=(351)
+5 1027 306359
+3 * 306359
+3 +1 306359 0 0 1 0 0 1
fi=(380)
+3 82 306359
fe=(351)
+3 1028 306359
+3 -1 306359 0 306359
cfi=(352)
cfn=(1536)
calls=306359 0x5b530 27 
* * 5820821 2144513 1531795 0 0 0 0 0 0 612718 2
+5 +3 306359 306359
+4 * 306359 0 0 0 0 0 0 0 0 306359 2
0x64770 708 306359 0 0 1 0 0 1
+4 813 306359 306359
+5 -1 306359
+4 +1 306359
+3 * 306359 0 0 1 0 0 1 0 0 306359 2
+31 +41 306359
+3 * 306359
+4 * 306359
+3 * 306359 0 0 0 0 0 0 0 0 306359
+6 * 306359
+4 * 306359
+7 * 306359
+3 * 306359
+3 * 306359 306359 0 1 1 0 1 1
+4 * 306359
+7 * 306359
+7 * 306359 306359 0 0 1 0 0 1
+4 * 306359
+3 * 306359 0 0 0 0 0 0 0 0 0 0 306359 1
0x65880 266 306359 0 306359 1 0 0 1
cfi=(353) /usr/src/debug/glibc/glibc/stdio-common/printf_fp.c
cfn=(1538) __printf_fp_l_buffer
calls=306359 0x5dba0 1099 
* * 623632493 142346398 86494798 95 17 12 95 17 12 101377675 2299194 612718 1
+5 1000 306359
0x660a8 818 306359 306359 0 1 0 0 1
+5 -1 306359
+4 +1 306359
+3 * 306359
+3 * 306359 0 0 0 0 0 0 0 0 306359
+6 +15 306359 306359 0 1 0 0 1
+7 * 306359 306359
+2 * 306359
+3 * 306359 0 0 0 0 0 0 0 0 306359
+6 * 306359 306359
+7 * 306359
+2 * 306359
+3 * 306359 0 306359
+2 * 306359 306359
+4 +3 306359 306359
+2 * 306359
+5 +18 306359 306359
+4 -37 306359
+3 +19 306359
+2 * 306359
+3 * 306359
+3 * 306359

fl=(99)
fn=(344)
0xad010 29 1 0 0 1 0 0 1
fi=(91) /usr/src/debug/glibc/glibc/string/../sysdeps/x86_64/multiarch/ifunc-strcpy.h
+4 +9 1 1
+7 * 1 1
+6 +1 1 1
+6 -1 1
+3 * 1 0 0 0 0 0 0 0 0 1
+2 +1 1
+3 * 1 0 0 0 0 0 0 0 0 1
+2 +4 1
+2 * 1
+2 * 1
+5 * 1 0 0 0 0 0 0 0 0 1
+2 +3 1 0 0 1 0 0 1
+7 * 1
+3 * 1 0 0 0 0 0 0 0 0 1
+2 +3 1
+7 * 1
+3 * 1 0 0 0 0 0 0 0 0 1 1
fe=(99)
+37 -20 1 1

fl=(115)
fn=(388)
0xac160 29 1 0 0 1 0 0 1
fi=(112)
+4 +9 1 1
+7 * 1
+7 * 1 1
+6 +2 1
+2 * 1
+2 * 1 0 0 1 0 0 1
+6 * 1 0 0 0 0 0 0 0 0 1
+6 +1 1 1
+7 * 1 0 0 0 0 0 0 0 0 1
+2 +1 1 1
+6 * 1
+6 * 1 0 0 0 0 0 0 0 0 1
+2 +4 1
+2 * 1
+2 * 1
+6 * 1 0 0 0 0 0 0 0 0 1
+2 +3 1
+7 * 1
+3 * 1 0 0 0 0 0 0 0 0 1
+2 +3 1
+6 * 1
+7 * 1
+7 * 1
+4 * 1 1
fe=(115)

fl=(339) /usr/src/debug/glibc/glibc/misc/../sysdeps/unix/sysv/linux/setvmaname.c
fn=(1402) __is_decorate_maps_enabled
0x11b300 33 14 0 0 1 0 0 1
+4 * 14 0 14
+1 * 14
+3 * 14
+4 +1 14 14
+9 * 14 0 14
+4 * 14 14 0 0 14 0 0 1
+6 * 14
+2 * 14 0 0 0 0 0 0 0 0 14 2
+2 * 1
+3 * 1 0 0 0 0 0 0 0 0 1 1
+10 +3 1
+4 * 1
+2 * 1
+5 * 1 1 1 1 1 0 1 0 0 0 0 1 1
cob=(1)
cfi=(11)
cfn=(28)
calls=1 0x14cf0 438 
* * 18 4 1 3 2 0 0 0 0 3 2
+6 * 1 1
+3 * 1
+2 * 1 0 0 0 0 0 0 0 0 1
+2 +5 1 0 1
+10 +1 1
+2 +7 1 1
+4 * 1 1
+9 * 1 0 0 0 0 0 0 0 0 1
-15 -7 13
+2 +7 13 13
+4 * 13 13
+9 * 13 0 0 0 0 0 0 0 0 13
+2 * 14 14
+1 * 14 14

fn=(1400) __set_vma_name
0x11b380 60 14 0 0 2 0 0 1
+4 * 14 0 14
+1 * 14
+3 * 14 0 14
+2 * 14
+3 * 14 0 14
+2 * 14
+3 * 14 0 14 0 0 1
+1 * 14
+3 * 14
+4 +1 14 0 14 0 0 8
cfn=(1402)
calls=14 0x11b300 -28 
* * 238 90 31 5 17 0 2 1 0 33 5 1 1
+5 * 14
+2 * 14 0 0 0 0 0 0 0 0 14 3
+30 +9 14 0 0 1 0 0 1
+4 * 14 14
+1 * 14 14
+2 * 14 14
+2 * 14 14
+1 * 14 14

fl=(350)
fn=(1528)
0x8ad60 102 306359 0 0 1 0 0 1
+4 * 306359 0 306359
fi=(381) /usr/src/debug/glibc/glibc/libio/../include/printf_buffer.h
+1 +22 306359
fe=(350)
+5 -22 306359
fi=(381)
+3 +22 306359
fe=(350)
+4 -22 306359
+3 * 306359 0 306359
+1 * 306359
+7 * 306359 306359 0 1 0 0 1
+9 * 306359 0 306359
+4 * 306359
fi=(381)
+3 +35 306359
+4 -13 306359 0 306359
+7 +13 306359 0 306359
+7 -10 306359 0 306359
+11 +1 306359 0 306359
fe=(350)
+10 -65 306359
+3 * 306359 0 0 0 0 0 0 0 0 306359
+2 +3 306359 0 306359
+3 +30 306359
+3 * 306359
+2 * 306359 0 0 1 0 0 1
+7 * 306359 0 306359 0 0 1 0 0 1
cfi=(351)
cfn=(1530)
calls=306359 0x64050 601 
* * 710944808 162872451 102119107 122 23 17 122 23 17 108730291 2299209 1838154 4
+6 -21 306359 306359
+7 * 306359 306359
+7 * 306359 0 0 0 0 0 0 0 0 306359
+2 +1 306359 0 306359
+3 +11 306359
+7 * 306359 0 306359
cfi=(362) /usr/src/debug/glibc/glibc/stdio-common/Xprintf_buffer_done.c
cfn=(1560) __printf_buffer_done
calls=306359 0x5aff0 -62 
* * 5514462 1531795 0 2 0 0 2 0 0 1531795
+5 +17 306359 306359
+4 * 306359 306359
+9 * 306359 0 0 0 0 0 0 0 0 306359
+2 * 306359 306359
+4 * 306359 306359
+1 * 306359 306359 0 1 0 0 1

fl=(212)
fn=(738)
0x34640 43 1 0 0 1 0 0 1
+4 * 1 0 1
+1 * 1
+3 * 1 0 1
+2 * 1 0 1
+2 * 1 0 1 0 0 1
+2 * 1 0 1
+2 * 1
+3 * 1 0 1
+1 * 1
+7 * 1 1
+9 * 1 0 1
+4 * 1
+3 +12 1
+3 * 1 0 0 0 0 0 0 0 0 1 1
0x34875 277 1 1 0 1 0 0 1
+4 * 1 1
+9 * 1 0 0 0 0 0 0 0 0 1
+6 * 1
+4 * 1
+3 * 1 1
+1 * 1 1
+2 * 1 1
+2 * 1 1
+2 * 1 1
+2 * 1 1
+1 * 1 1
+7 63 1 0 0 1 0 0 1
+3 * 1 0 0 0 0 0 0 0 0 1
+6 +3 1
+7 -10 1
+6 +10 1
+3 * 1 0 0 0 0 0 0 0 0 1
+6 +7 1 1 0 1 0 0 1
+5 * 1 0 0 0 0 0 0 0 0 1 1
0x34b60 +2 1 0 0 1 0 0 1
+7 -2 1 1
+6 * 1 0 0 0 0 0 0 0 0 1 1

fl=(104)
fn=(360)
0x126b70 29 2 0 0 1 0 0 1
fi=(93)
+4 +27 2 2
+7 * 2 0 0 1 0 0 1
+7 * 2 2
+6 +1 2
+3 * 2 0 0 0 0 0 0 0 0 2 2
+5 +3 2 2 0 0 1
+6 * 2
+6 * 2 0 0 0 0 0 0 0 0 2 2
+52 +14 2 0 0 1 0 0 1
+3 * 2 0 0 0 0 0 0 0 0 2 2
+53 +3 2 0 0 1 0 0 1
+2 * 2 0 0 0 0 0 0 0 0 2
+2 +8 2
+6 * 2 0 0 0 0 0 0 0 0 2
+2 +8 2
+3 * 2 0 0 0 0 0 0 0 0 2
+2 +3 2
+6 * 2
+7 * 2
+7 * 2
+4 * 2 2
fe=(104)

fl=(291)
fn=(1088)
0x938f0 24 3 0 0 2 0 0 2
+4 +1 3 3
+9 +2 3 3 0 2 2 0 1 1
+9 * 3 0 3
+4 +2 3
+7 * 3 3 0 0 1 0 0 1
+6 +3 3
+2 * 3 0 0 0 0 0 0 0 0 3
+2 +14 3
+2 * 3
+3 * 3 0 3
+3 +2 3 0 3
+9 +1 3 3

fn=(1090)
0x93940 54 3 0 0 2 0 0 1
+4 +3 3 3
+4 * 3 0 3
+9 +2 3 3
+9 * 3
+7 * 3 3
+6 +1 3 3
+3 * 3
+2 * 3 0 0 0 0 0 0 0 0 3 3
+25 +11 3 3 0 2 0 0 1

fl=(102)
fn=(352)
0xab660 29 5 0 0 2 0 0 1
fi=(87) /usr/src/debug/glibc/glibc/string/../sysdeps/x86_64/multiarch/ifunc-memmove.h
+4 +27 5 5
+7 * 5
+7 * 5 5
+6 +1 5
+3 * 5 0 0 0 0 0 0 0 0 5 5
+5 +3 5 5 0 2 0 0 1
+6 * 5
+6 * 5 0 0 0 0 0 0 0 0 5 4
+52 +14 5 0 0 2 0 0 1
+3 * 5 0 0 0 0 0 0 0 0 5 4
+53 +3 5
+2 * 5 0 0 0 0 0 0 0 0 5
+2 +8 5 0 0 2 0 0 1
+6 * 5 0 0 0 0 0 0 0 0 5
+2 +8 5
+3 * 5 0 0 0 0 0 0 0 0 5
+2 +3 5
+6 * 5
+7 * 5
+7 * 5
+4 * 5 5
fe=(102)

fl=(295) /usr/src/debug/glibc/glibc/string/../sysdeps/x86_64/multiarch/strchr-avx2.S
fn=(1534) __strchrnul_avx2
0x170160 53 612718 0 0 1 0 0 1
+4 +2 612718
+4 +1 612718
+2 +1 612718
+5 +1 612718
+5 +1 612718
+4 +3 612718
+5 +1 612718 0 0 1 0 0 1 0 0 612718 2
+6 +4 612718 612718
+4 +1 612718
+4 +1 612718
+4 +1 612718
+4 +1 612718
+4 +1 612718
+2 +1 612718 0 0 0 0 0 0 0 0 612718
+2 +1 612718
+4 +13 612718
+3 +2 612718
+3 * 612718 612718

fn=(1106) __strchr_avx2
0x16ff20 53 2 0 0 2 0 0 2
+4 +2 2
+4 +1 2
+2 +1 2
+5 +1 2
+5 +1 2
+4 +3 2
+5 +1 2 0 0 2 0 0 2 0 0 2
+6 +4 2 2
+4 +1 2
+4 +1 2
+4 +1 2
+4 +1 2
+4 +1 2
+2 +1 2 0 0 0 0 0 0 0 0 2
+6 +1 2
+4 +3 2 2
+4 +8 2 0 0 0 0 0 0 0 0 2 2
+9 +8 2
+2 +1 2
+3 * 2 2

fl=(290)
fn=(1094) _IO_file_open
0x8d340 216 2 0 0 2 0 0 2
+4 * 2 0 2
+1 * 2
+3 * 2
+2 * 2
+2 * 2
+3 * 2 0 2
+2 * 2
+3 * 2 0 2
+1 * 2
+3 * 2
+4 +2 2 2
+4 +1 2
+3 * 2
+5 -1 2 0 0 0 0 0 0 0 0 2
+6 +4 2 0 2
cfi=(292) /usr/src/debug/glibc/glibc/io/../sysdeps/unix/sysv/linux/open64.c
cfn=(1096) open
calls=2 0x10d270 30 
* * 110 33 21 7 0 3 7 0 3 9 3
+5 * 2
+2 +1 2
+2 * 2 0 0 0 0 0 0 0 0 2
+6 +3 2 2
+2 * 2 0 0 2 0 0 2
+3 +3 2
+3 -4 2 0 2
+3 +1 2
+6 * 2
+5 * 2
+2 +3 2
+7 -3 2 0 2
+2 +3 2 0 0 0 0 0 0 0 0 2 2
+57 +10 2 0 0 2 0 0 2
+3 * 2 0 2
cfi=(289)
cfn=(1086)
calls=2 0x8f8f0 109 
* * 28 12 4 0 0 0 0 0 0 4
+5 +2 2
+4 -1 2
+3 +1 2 2
+1 * 2 2
+2 * 2 2
+1 * 2 2

fn=(1434)
0x8d270 202 1 0 0 1 0 0 1
+4 +1 1 1
+4 * 1 0 0 0 0 0 0 0 0 1 1
0x8d310 +6 1 0 0 1 0 0 1
+2 * 1
cfi=(289)
cfn=(1436)
calls=1 0x90950 628 
* * 20 7 2 2 0 0 2 0 0 4 3

fn=(1426) _IO_file_close
0x8eb30 1225 1 0 0 1 0 0 1
+4 +3 1 1
+3 * 1
cfi=(341) /usr/src/debug/glibc/glibc/io/../sysdeps/unix/sysv/linux/close_nocancel.c
cfn=(1428) __close_nocancel
calls=1 0x10e540 25 
* * 6 1 0 1 0 0 1 0 0 1 1

fn=(1422)
0x8cfe0 129 1 0 0 1 0 0 1
+4 * 1 0 1
+1 * 1
+3 * 1 0 1
+2 * 1 0 1
+2 * 1 0 1
+1 * 1
+4 +2 1 1
+4 * 1
+4 * 1 0 0 0 0 0 0 0 0 1 1
+6 +3 1 1 0 1 0 0 1
+2 * 1
+3 * 1
+2 * 1
+6 +1 1
+6 * 1 0 0 0 0 0 0 0 0 1
+6 +2 1
+3 * 1 0 0 0 0 0 0 0 0 1
+6 +14 1
+3 * 1 0 0 0 0 0 0 0 0 1
+2 +1 1 1
+6 * 1
+2 * 1 0 0 0 0 0 0 0 0 1
0x8d0ce -22 1 0 0 1 0 0 1
+3 +43 1
+3 +2 1
+3 -2 1 0 1
cfi=(289)
cfn=(1424)
calls=1 0x91870 977 
* * 6 3 0 3 0 0 3 0 0 2 2
+5 +3 1 1
+4 * 1 0 0 0 0 0 0 0 0 1
+2 * 1 1
fi=(342)
+7 1036 1
+7 * 1
+3 * 1
+3 +1 1
+6 * 1 0 0 1 0 0 1 0 0 1
fe=(290)
+6 176 1
+3 * 1 1 1 0 1 0 0 0 0 0 0 1 1
cfn=(1426)
calls=1 0x8eb30 1225 
* * 9 2 0 2 0 0 2 0 0 1 1
+8 * 1
+3 +3 1 1
+6 * 1
+2 * 1 0 0 0 0 0 0 0 0 1 1
+60 +8 1 0 0 1 0 0 1
+2 * 1
+2 * 1
+2 * 1
+3 * 1 0 1
cfi=(289)
cfn=(1430)
calls=1 0x90160 355 
* * 19 4 4 2 0 0 2 0 0 1 1
+5 +1 1
+4 +3 1
+3 -3 1 0 1
+4 * 1 0 1
+4 * 1 0 1
+4 +3 1 0 1
cfi=(289)
cfn=(1418)
calls=1 0x8f8d0 67 
* * 4 2 0 0 0 0 0 0 0 1
+5 +5 1
+3 -4 1 0 1 1 0 0 1
+6 +1 1 0 1
+7 +3 1
+4 -2 1 0 1
+11 +3 1
+4 * 1
+3 * 1 1
+1 * 1 1
+2 * 1 1
+2 * 1 1
+1 * 1 1
+90 -45 1 1 0 1 0 0 1
+4 * 1 1
+4 * 1 0 0 0 0 0 0 0 0 1
+6 * 1

fn=(1092) _IO_file_fopen@@GLIBC_2.2.5
0x8d430 247 2 0 0 1 0 0 1
+4 * 2 0 2
+1 * 2
+3 * 2 0 2
+2 * 2 0 2
+2 * 2 0 2
+2 * 2 0 2
+2 * 2 0 2 1 0 0 1
+1 * 2
+3 * 2
+4 * 2 2
+9 * 2 0 2
+4 * 2
+3 +9 2 2
+4 * 2 0 0 0 0 0 0 0 0 2 1
+6 +2 2 2 0 0 2 0 0 2
+3 * 2
+3 * 2
+3 * 2 0 0 0 0 0 0 0 0 2 1
+6 * 1
+3 * 1 0 0 0 0 0 0 0 0 1 1
+28 +21 2 0 0 1 0 0 1
+4 -8 2
+3 +10 2
+7 * 2 2
+4 * 2
+4 * 2
+4 * 2 0 0 0 0 0 0 0 0 2
+2 * 2
+4 * 2 0 0 0 0 0 0 0 0 2 2
+49 391 2 2 0 1 0 0 1
+4 * 2 2
+9 * 2 0 0 0 0 0 0 0 0 2
+6 * 2
+4 * 2
+3 * 2 2
+1 * 2 2
+2 * 2 2
+2 * 2 2
+2 * 2 2
+2 * 2 2
+1 * 2 2
+36 -76 2 0 0 1 0 0 1
+3 * 2
+3 * 2
+3 * 2
+3 * 2
+5 * 2 0 2
cfn=(1094)
calls=2 0x8d340 -99 
* * 212 57 39 13 0 3 13 0 3 19 5
+5 * 2 0 0 1 0 0 1
+3 +3 2
+3 * 2 0 0 0 0 0 0 0 0 2
+2 +3 2
+4 * 2
+7 * 2 0 2
cfi=(294) /usr/src/debug/glibc/glibc/string/../string/strstr.c
cfn=(1102) __GI_strstr
calls=2 0xaf920 77 
* * 118 30 18 12 3 1 11 3 1 12 4 2 2
+5 +1 2
+3 * 2 0 0 0 0 0 0 0 0 2 2
0x8d640 -64 1 0 0 1 0 0 1
+6 * 1
+6 * 1
+5 * 1
0x8d6e0 +23 2 0 0 2 0 0 2
+4 * 2 0 0 0 0 0 0 0 0 2
+6 * 2
+4 * 2 0 0 0 0 0 0 0 0 2
+6 * 2
+3 * 2 0 0 0 0 0 0 0 0 2 2
0x8d868 -19 1 0 0 1 0 0 1
+6 -1 1
+3 -13 1
+2 * 1

fn=(1084) _IO_new_file_init_internal
0x8cf50 107 2 0 0 2 0 0 2
+4 * 2 0 2
+1 * 2
+3 * 2 0 2
+1 * 2
+3 * 2
+4 +5 2 0 2
+6 -1 2 0 2
+11 +3 2 0 2
cfi=(289)
cfn=(1086)
calls=2 0x8f8f0 -5 
* * 202 60 54 22 3 3 22 3 3 26 10
+5 +1 2 0 2
+7 +1 2 2 0 2 0 0 2
+4 * 2 2
+1 * 2 2

fl=(316)
fn=(1214)
0x16d380 61 308151 0 0 2 0 0 2
+4 +7 308151
+3 +2 308151 0 0 0 0 0 0 0 0 308151
+2 +3 308151
+4 +1 308151
+5 +2 308151
+2 +1 308151
+5 +1 308151
+5 +1 308151 0 0 0 0 0 0 0 0 308151 20
+6 +3 308131 308131 0 0 178 0 0 1
+4 +1 308131
+4 +3 308131
+4 +1 308131 0 0 0 0 0 0 0 0 308131 6
+2 +2 1772
+2 +1 1772 0 0 0 0 0 0 0 0 1772 1762
+2 +1 9
+3 +1 9
+3 +2 9
+3 * 9 9
+1 +7 306359 0 0 1 0 0 1
+4 +5 306359
+3 +7 306359
+2 +1 306359 0 0 0 0 0 0 0 0 306359
+2 +1 306359
+3 +1 306359 306359
+2 +5 10 0 0 1 0 0 1
+3 +1 10
+3 +1 10
+3 +1 10
+3 * 10 10
+4 +9 11
+4 +1 11
+4 +1 11
+3 +1 11
+3 * 11 11
+2 +4 11
+4 +1 11
+4 +1 11
+3 +1 11
+3 * 11 11
+2 +5 10
+4 +1 10
+4 +1 10
+3 +1 10
+3 * 10 10
+2 +10 1783 0 0 1 0 0 1
+2 +1 1783
+2 +1 1783
+4 +2 1783
+7 +10 1783 1783 0 0 786
+5 +1 1783
+4 +3 1783
+3 +1 1783 0 0 0 0 0 0 0 0 1783
+6 +2 1783
+2 +1 1783 0 0 0 0 0 0 0 0 1783 225
+2 +2 1773 1773 0 0 196
+5 +1 1773
+4 +1 1773
+2 +1 1773 0 0 1 0 0 1 0 0 1773 11
+2 +2 1762 1762 0 0 993 0 0 2
+5 +1 1762
+4 +1 1762
+2 +1 1762 0 0 0 0 0 0 0 0 1762 11
+2 +2 1751 1751 0 0 293
+5 +1 1751
+4 +1 1751
+2 +1 1751 0 0 0 0 0 0 0 0 1751 10
+2 +4 1741
+7 +1 1741 0 0 0 0 0 0 0 0 1741
+6 +3 1741
+3 +1 1741
+2 +1 1741
+4 +1 1741
+3 +5 1741
+3 * 1741
+8 +10 1741 1741 0 1 152 0 1
+5 +1 1741 1741
+5 +1 1741 1741 0 0 1070 0 0 2
+5 +1 1741 1741
+5 +1 1741
+4 +1 1741
+4 +1 1741
+4 +2 1741
+4 +6 1741
+2 +1 1741 0 0 0 0 0 0 0 0 1741 22
-38 -15 46363 46363 0 0 15102 0 0 61
+5 +1 46363 46363
+5 +1 46363 46363 0 0 15540 0 0 61
+5 +1 46363 46363
+5 +1 46363
+4 +1 46363
+4 +1 46363
+4 +2 46363
+4 +6 46363
+2 +1 46363 0 0 0 0 0 0 0 0 46363 950
+2 +2 47132
+4 +2 47132
+7 +1 47132 0 0 0 0 0 0 0 0 47132 2245
+2 +4 769 769 0 0 269
+5 +1 769
+4 * 769
+2 +8 769
+2 +1 769 0 0 0 0 0 0 0 0 769
+2 +3 769
+3 +1 769 0 0 0 0 0 0 0 0 769
+6 +4 769
+3 +1 769 0 0 0 0 0 0 0 0 769 3
+2 +3 1 1
+5 +1 1
+4 +1 1
+4 +1 1
+2 +1 1 0 0 0 0 0 0 0 0 1
+2 +1 1
+4 +1 1
+3 +2 1
+3 * 1 1
-3 * 768
+3 * 768 768
+3 +8 972 0 0 1 0 0 1
+4 +1 972
+2 +1 972 0 0 0 0 0 0 0 0 972 32
+2 +2 727
+4 +1 727
+2 +1 727 0 0 0 0 0 0 0 0 727 32
+2 +2 491 0 0 1 0 0 1
+4 +2 491
+4 +1 491
+3 +1 491
+5 +4 491
+4 +2 491
+3 +1 491
+3 * 491 491
+38 +22 245
+4 +4 245
+3 +2 245
+3 +1 245
+3 * 245 245
+3 +4 236 0 0 1 0 0 1
+4 +4 236
+4 +2 236
+3 +1 236
+3 * 236 236
0x16d5e0 +67 20 0 0 1 0 0 1
+3 +3 20
+4 +1 20 20
+5 +1 20
+4 +3 20
+4 +1 20
+3 +7 20
+5 +3 20
+3 +1 20 0 0 16 0 0 0 0 0 20 2
+6 +2 20
+2 +1 20 0 0 0 0 0 0 0 0 20 2

fl=(229) /usr/src/debug/glibc/glibc/elf/libc-dl-profstub.c
fn=(784) _dl_mcount_wrapper_check
0x16a450 40 128 0 0 1 0 0 1
+4 +1 128 128
+7 * 128 128
+8 * 128 0 0 0 0 0 0 0 0 128 2
+37 +1 128 128

fl=(271) /usr/src/debug/glibc/glibc/setjmp/../sysdeps/x86_64/setjmp.S
fn=(996) __sigsetjmp
0x3e070 31 1 0 0 1 0 0 1
+4 +2 1 0 1
+3 +9 1
+3 +1 1 1 0 1 0 0 1
+9 * 1
+4 +1 1 0 1
+4 +4 1 0 1
+4 +1 1 0 1
+4 +1 1 0 1
+4 +1 1 0 1
+4 +1 1
+5 +2 1 1
+9 * 1
+4 +2 1 0 1
+4 +1 1 1
+4 +1 1
+1 +2 1 1
+9 * 1 0 0 1 0 0 1
+4 +2 1 0 1
+4 +5 1 1 0 0 1
+12 +1 1 0 0 0 0 0 0 0 0 1 1
+11 +17 1
cfi=(272) /usr/src/debug/glibc/glibc/setjmp/sigjmp.c
cfn=(998) __sigjmp_save
calls=1 +18 -57 
* * 6 1 1 0 0 0 0 0 0 1

fl=(353)
fn=(1538)
0x5dba0 1099 306359 0 0 1 0 0 1
+4 * 306359 0 306359
+1 * 306359
+3 * 306359 0 306359
+2 * 306359 0 306359
+2 * 306359
+3 * 306359 0 306359
+2 * 306359
+3 * 306359 0 306359
+2 * 306359 0 306359
+1 * 306359
+7 * 306359 0 306359 1 0 1 1 0 1
+7 +3 306359 306359
+5 -3 306359 306359
+9 * 306359 0 306359
+4 * 306359
+3 +3 306359
+4 * 306359 0 0 0 0 0 0 0 0 306359 1
+41 +13 306359 0 0 1 0 0 1
+3 * 306359 0 306359
+7 * 306359 0 306359
cob=(4)
cfi=(191)
cfn=(792)
calls=306359 0x4c72240 0 
* * 4901744 919077 0 1 1 0 1 1 0 612718 0 306359
+5 * 306359 306359
+3 * 306359 0 306359
+6 +1 306359 306359 0 0 1 0 0 1
+4 * 306359 0 0 0 0 0 0 0 0 306359
+2 * 306359
+2 * 306359 306359
+7 * 306359 0 0 0 0 0 0 0 0 306359 2
0x5dcce +31 306359 306359
+4 * 306359 306359
+9 * 306359 0 0 0 0 0 0 0 0 306359
+6 * 306359
+7 * 306359 306359
+1 * 306359 306359
+2 * 306359 306359
+2 * 306359 306359
+2 * 306359 306359
+2 * 306359 306359
+1 * 306359 306359
fi=(354) /usr/src/debug/glibc/glibc/stdio-common/../include/../locale/localeinfo.h
+6 330 306359 306359 0 1 1 0 1 1
+4 * 306359 306359 0 0 1 0 0 1
fe=(353)
+4 1111 306359 0 306359 1 0 1 1 0 1
fi=(354)
+7 330 306359 306359
fe=(353)
+4 1112 306359 0 306359
+7 * 306359
+30 +5 306359
+4 * 306359 0 0 0 0 0 0 0 0 306359 2
+52 +5 306359 306359 0 1 0 0 1
+3 * 306359 306359
+3 * 306359
+3 * 306359
+3 * 306359 306359
+7 * 306359
+3 * 306359 0 306359 1 0 0 1
cfn=(1542) __printf_fp_buffer_1.isra.0
calls=306359 0x5b750 138 
* * 601881004 135300141 82205772 87 13 10 87 13 10 99233162 2299189 306359 1
+5 +4 306359

fn=(1542)
0x5b750 138 306359 0 306359 1 0 0 1
+1 * 306359
+3 * 306359 0 306359
+2 * 306359 0 306359
+2 * 306359 0 306359 0 0 1 0 0 1
+2 * 306359 0 306359
+2 * 306359 0 306359
+1 * 306359
+3 * 306359
+7 * 306359 0 306359 0 0 1 0 0 1
+7 * 306359 0 306359 0 0 1 0 0 1
+6 * 306359 0 306359
+6 * 306359 0 306359 1 0 0 1
+7 * 306359 306359
+9 * 306359 0 306359
+4 * 306359
+2 +21 306359 306359
+5 +18 306359 0 306359 0 0 1 0 0 1
+10 +10 306359 0 306359
+10 -28 306359
+2 * 306359
+3 * 306359
+3 * 306359
+2 * 306359
+3 * 306359
+3 * 306359 0 306359
+6 +62 306359 0 0 1 0 0 1
+2 * 306359 0 0 0 0 0 0 0 0 306359 2
0x5b8d0 +5 306359 306359 0 1 0 0 1
+7 * 306359 306359
+4 * 306359
+3 * 306359 0 0 0 0 0 0 0 0 306359 2
+66 +4 306359 306359 0 1 0 0 1
+5 * 306359
+4 * 306359 0 0 0 0 0 0 0 0 306359
+6 * 306359
+4 * 306359 306359 0 0 1 0 0 1
+8 * 306359 306359 0 1 1 0 1 1
+8 * 306359 0 0 0 0 0 0 0 0 306359 2
0x5b9c0 1030 306359 306359 0 1 0 0 1
+4 * 306359 306359
+9 * 306359 0 0 0 0 0 0 0 0 306359
+6 * 306359
+4 * 306359 306359
+1 * 306359 306359
+2 * 306359 306359
+2 * 306359 306359
+2 * 306359 306359
+2 * 306359 306359
+1 * 306359 306359
+60 266 306359 306359 0 1 0 0 1
+6 +5 306359
+3 -49 306359 0 306359
+7 +44 306359
+2 * 306359
+2 * 306359
+3 * 306359
+3 +1 306359
+3 +1 306359
+3 * 306359
+2 +3 306359 0 0 1 0 0 1
+8 * 306359
+3 * 306359
+7 * 306359
+3 * 306359
+3 * 306359 0 0 0 0 0 0 0 0 306359 2
+23 * 306359
+3 * 306359
+6 * 306359
+3 * 306359
+3 * 306359 0 0 0 0 0 0 0 0 306359
+2 * 306359 0 306359 1 0 0 1
+6 +1 306359
+3 -1 306359
+5 +1 306359
+3 * 306359
+7 -1 306359
+4 +1 306359
+3 -1 306359 0 306359
+7 +1 306359
+3 * 306359 0 0 0 0 0 0 0 0 306359 1
+23 * 306359 0 0 1 0 0 1
+3 * 306359
+6 * 306359
+3 * 306359
+3 * 306359 0 0 0 0 0 0 0 0 306359
+2 * 306359 0 306359
+6 * 306359
+5 +1 306359
+3 -1 306359
+4 +1 306359
+7 -1 306359 0 306359
+4 +1 306359
+3 * 306359
+3 * 306359
+3 * 306359 0 0 0 0 0 0 0 0 306359 2
+23 * 306359 0 0 1 0 0 1
+5 * 306359
+3 * 306359
+3 * 306359 0 0 0 0 0 0 0 0 306359
+2 * 306359 0 306359 0 0 1 0 0 1
+6 * 306359
+5 +6 306359 0 306359
+8 -6 306359
+4 * 306359 0 306359
+4 +7 306359
+3 * 306359 0 0 0 0 0 0 0 0 306359 2
0x5be40 665 306359 306359 0 1 0 0 1
+7 +9 306359 306359
+7 -9 306359 306359
+3 +9 306359 306359
+4 +6 306359 306359
+2 -15 306359 0 306359
+6 +9 306359 306359
+4 * 306359
+3 +6 306359 0 306359
+6 -6 306359 306359 0 0 1 0 0 1
+3 * 306359 0 306359
+6 +2 306359
+3 * 306359 0 0 0 0 0 0 0 0 306359 70065
+6 +16 306359 306359 0 1 0 0 1
+6 -6 306359 306359
+7 * 306359 0 0 0 0 0 0 0 0 306359
+6 +20 306359 306359
+6 * 306359
+5 * 306359
+2 * 306359
+3 * 306359
+5 * 306359
+3 -12 306359 306359
+6 +12 306359 0 306359
+6 +1 306359
+2 * 306359 0 0 0 0 0 0 0 0 306359
+6 +1 306359
+3 * 306359 0 0 1 0 0 1 0 0 306359 805
+6 +13 305560 0 305560
+10 * 305560 305560
+6 * 305560 0 305560
+6 +7 305560 305560
+7 +3 305560
+3 * 305560 305560
+7 -11 305560 0 305560
+10 +8 305560
+4 +3 305560 305560
+4 -3 305560 0 305560 1 0 0 1
+7 +10 305560 305560
+7 * 305560
+3 -7 305560
+4 * 305560 0 305560
+6 +7 305560 305560
+7 * 305560 0 0 0 0 0 0 0 0 305560 2
+6 +8 306359 306359
+7 * 306359
fi=(358) /usr/src/debug/glibc/glibc/stdio-common/../sysdeps/pthread/allocalim.h
+4 27 306359
fe=(353)
+3 746 306359 0 306359
fi=(358)
+7 27 306359 0 306359
cfi=(357) /usr/src/debug/glibc/glibc/nptl/alloca_cutoff.c
cfn=(1548) __libc_alloca_cutoff
calls=306359 0x93090 * 
* * 3063590 612718 0 1 1 0 1 1 0 306359
+5 +2 306359 0 0 1 0 0 1
+2 * 306359 0 0 0 0 0 0 0 0 306359 8
fe=(353)
+15 759 306359 306359
+7 * 306359
+3 -67 306359 306359
+6 +67 306359
+4 * 306359
+3 * 306359
+7 * 306359
+3 * 306359
+3 * 306359 0 0 0 0 0 0 0 0 306359 6
+23 * 306359 0 0 1 0 0 1
+5 * 306359
+3 * 306359
+3 * 306359 0 0 0 0 0 0 0 0 306359
+2 * 306359 0 306359
fi=(358)
+6 29 306359 0 306359
fe=(353)
+10 759 306359
+5 * 306359
+4 * 306359 0 306359
+7 +1 306359 306359
+7 * 306359 0 0 1 0 0 1
+4 * 306359 0 306359
+7 +3 306359
+2 * 306359 0 0 0 0 0 0 0 0 306359 799
+6 * 306359 306359
+7 * 306359 0 0 0 0 0 0 0 0 306359 2
+6 +2 799 799
+7 * 799 0 0 0 0 0 0 0 0 799
+6 +4 799
+7 * 799
+3 * 799 0 799
+7 * 799 0 799 1 0 0 1
cfn=(1552) hack_digit
calls=799 0x5b600 91 
* * 40749 10387 5593 0 0 0 0 0 0 5593 2
+5 * 799 799
+7 * 799 0 799
+10 * 799 0 799
+3 -3 799 799
+6 * 799 799
+7 * 799
+3 * 799
+5 +7 799 799
+7 * 799 799
+4 * 799 0 0 0 0 0 0 0 0 799
+2 * 799 799
+7 * 799
+3 * 799 0 0 0 0 0 0 0 0 799 2
+6 +2 799 799
+7 * 799
+4 -4 799
+6 +4 799 0 799
+3 +13 799 0 799
+10 * 799 799
+7 -1 799
+3 +2 799
+3 +1 799
+3 * 799 0 0 0 0 0 0 0 0 799
-26 -2 305560 0 305560 1 0 0 1
+10 * 305560 305560
+7 -1 305560
+3 +2 305560
+3 +1 305560
+3 * 305560 0 0 0 0 0 0 0 0 305560
-6 -1 388275
+3 +1 388275
+3 * 388275 0 0 0 0 0 0 0 0 388275
+2 * 5595579 5595579
+7 * 5595579 0 0 1 0 0 1 0 0 5595579 307239
+6 * 5289220 5289220
+8 * 5289220 0 0 0 0 0 0 0 0 5289220
+6 +3 5289220 5289220
+7 -1 5289220
+4 +2 5289220
+4 -1 5289220 0 5289220
cfn=(1552)
calls=5289220 0x5b600 91 
* * 284329530 70154345 39583850 4 0 0 4 0 0 40360400 311608
+5 * 5289220 0 5289220
+4 +3 5289220
+2 * 5289220 0 0 0 0 0 0 0 0 5289220 506309
+2 * 852160
+3 * 852160 0 0 0 0 0 0 0 0 852160 1
+6 -1 4900945
+6 -6 4900945
+3 +1 4900945
+3 * 4900945 0 0 0 0 0 0 0 0 4900945 6
+44 230 306359 0 0 1 0 0 1
+4 * 306359
+7 * 306359
+5 * 306359 0 0 1 0 0 1
+7 * 306359
+3 * 306359 0 306359 0 0 1 0 0 1
cfi=(355)
cfn=(1544)
calls=306359 0x55a20 33 
* * 6433539 306359 1225436 3 0 1 3 0 1 306359 2
+5 * 306359
+3 * 306359
+3 * 306359
+4 * 306359
+4 +4 306359
0x5c299 805 306359 306359 0 1 0 0 1
+5 * 306359 306359
+7 * 306359 0 0 0 0 0 0 0 0 306359 4
+7 +1 306359 306359
+7 * 306359 0 306359
+6 * 306359 0 306359
cfn=(1552)
calls=306359 0x5b600 91 
* * 17457669 4288227 2450073 0 0 0 0 0 0 2450073 816
+5 +2 306359 306359 0 1 0 0 1
+6 * 306359
+2 -2 306359
+2 +2 306359
+4 * 306359
+2 * 306359
+3 * 306359
+3 * 306359 0 0 0 0 0 0 0 0 306359 72420
+2 +2 61504 61504
+7 * 61504
+4 * 61504 0 0 0 0 0 0 0 0 61504
+6 +3 61504 61504
+5 * 61504 0 0 0 0 0 0 0 0 61504
+6 +5 61504 61504
+7 * 61504
+7 * 67623
+4 * 67623 67623
+5 * 67623 0 0 0 0 0 0 0 0 67623 6767
+6 * 67623
+3 * 67623 0 0 0 0 0 0 0 0 67623 3
fi=(359) /usr/src/debug/glibc/glibc/stdio-common/../sysdeps/generic/get-rounding-mode.h
+14 94 306359 0 306359 1 0 0 1
+6 +1 306359 306359
+7 * 306359
+4 * 306359
+4 * 306359 0 0 0 0 0 0 0 0 306359 2
+6 * 306359 0 0 1 0 0 1 0 0 306359 2
+6 * 306359
+3 * 306359 0 0 0 0 0 0 0 0 306359 6
fi=(360) /usr/src/debug/glibc/glibc/stdio-common/../include/rounding-mode.h
+27 -37 76411
+3 * 76411 0 0 0 0 0 0 0 0 76411 4
fe=(353)
+6 935 153246 153246
+6 -11 153246
+3 * 153246 0 0 0 0 0 0 0 0 153246 4
+15 +3 33990
+4 -1 33990
+4 -2 33990
+3 * 33990 0 0 0 0 0 0 0 0 33990 17195
+2 * 340349 340349 0 1 0 0 1
+5 * 340349 0 0 0 0 0 0 0 0 340349 20441
+2 +7 306359
+3 * 306359 0 0 0 0 0 0 0 0 306359 14
+34 +4 306359
+3 * 306359 0 0 1 0 0 1 0 0 306359 813
+6 +2 799 799
+7 * 799
+3 * 799 0 0 0 0 0 0 0 0 799 10
+6 +19 799 0 799
+3 +1 799 799
+7 * 799
+2 * 799
+3 * 799
+3 * 799 0 799
+4 +4 799 799
+6 * 799
+3 * 799 0 0 0 0 0 0 0 0 799 6
0x5c470 +14 799
+3 * 799
+4 * 799 0 799
+2 +5 799 799
+7 * 799 799
+4 * 799 799
+7 * 799 0 0 0 0 0 0 0 0 799 4
-18 * 305560 305560 0 1 0 0 1
+7 * 305560 305560 0 1 0 0 1
+4 * 305560 305560
+7 * 305560 0 0 0 0 0 0 0 0 305560 7249
+10 +3 306359 0 306359
+10 * 306359
+2 +4 306359 306359
+6 +9 306359
+2 -5 306359
+3 -3 306359 306359
+7 +3 306359 306359
+7 +5 306359
+3 -9 306359
+2 * 306359 0 0 1 0 0 1 0 0 306359 152898
+6 +1 152729
+4 +6 152729
+3 * 152729
+3 * 152729
+2 * 152729 0 152729
+6 +2 152729
+2 * 152729 0 0 0 0 0 0 0 0 152729
+2 * 152729 152729
+7 * 152729 152729
+3 * 152729
+3 * 152729 0 0 0 0 0 0 0 0 152729
fi=(361) /usr/src/debug/glibc/glibc/stdio-common/../include/printf_buffer.h
+2 163 152729
+2 * 152729 0 0 0 0 0 0 0 0 152729 1
+6 -15 152729 152729
+4 * 152729 152729
+4 * 152729 0 0 0 0 0 0 0 0 152729
+6 +1 152729
+4 * 152729 0 152729
+4 * 152729 0 152729
fe=(353)
+3 1006 152729 152729
+7 * 152729 152729
+4 * 152729
+3 * 152729 0 0 0 0 0 0 0 0 152729
-3 * 153630 0 0 1 0 0 1
+3 * 153630 0 0 0 0 0 0 0 0 153630
fi=(361)
+2 163 306359 306359
+7 * 306359 306359
+4 * 306359 0 0 0 0 0 0 0 0 306359 4
fe=(353)
+16 1009 306359 306359
+6 * 306359
+2 * 306359 0 0 1 0 0 1 0 0 306359 4
0x5c602 +13 306359 306359 0 1 0 0 1
+7 * 306359
+3 * 306359
+3 * 306359 0 306359
cfi=(352)
cfn=(1536)
calls=306359 0x5b530 27 
* * 15011637 4289026 2757231 1 1 0 1 1 0 1838177 38 306359 1
+5 +2 306359 306359
+7 * 306359 306359
+4 * 306359 0 0 0 0 0 0 0 0 306359 4
+26 +4 306359 306359
+7 * 306359 0 0 0 0 0 0 0 0 306359 4
+32 799 388275 388275 0 1 0 0 1
+6 * 388275 388275
+6 -1 388275 0 388275
+7 * 388275
+3 * 388275
+2 * 388275
+3 * 388275 0 388275
+6 * 388275
+2 * 388275
+2 * 388275
+4 * 388275
+5 483 306359 0 0 1 0 0 1
+2 * 306359 0 0 0 0 0 0 0 0 306359 2
0x5c708 987 153630 0 0 1 0 0 1
+3 * 153630 0 0 0 0 0 0 0 0 153630 8694
+28 +9 153630 153630
+7 * 153630 153630
+3 * 153630
+3 * 153630 0 0 0 0 0 0 0 0 153630 1
fi=(361)
+2 163 153630
+2 * 153630 0 0 0 0 0 0 0 0 153630
+6 * 153630
fe=(353)
+2 1001 153630 0 0 1 0 0 1
+3 * 153630 0 0 0 0 0 0 0 0 153630
+6 +2 153630
+3 * 153630 0 0 0 0 0 0 0 0 153630 2
fi=(360)
+52 52 306359 0 0 1 0 0 1
+3 * 306359 0 0 0 0 0 0 0 0 306359 153510
+6 * 153113
+4 * 153113 0 0 0 0 0 0 0 0 153113 76447
fe=(353)
+6 830 153113
+3 * 153113 0 0 0 0 0 0 0 0 153113
+6 +5 153113 153113
+5 * 153113 153113
+6 * 153113
+4 * 153113
+3 * 153113
+2 * 153113 0 0 0 0 0 0 0 0 153113
+6 * 153113
+3 * 153113 0 0 0 0 0 0 0 0 153113 18065
+2 * 137730
+5 * 17102
+3 * 17102 0 0 0 0 0 0 0 0 17102 1891
+2 +2 17102 0 17102
+3 -2 17102
+3 * 17102 17102
+4 * 17102
+4 * 17102
+2 * 17102 0 0 0 0 0 0 0 0 17102 8
+2 +3 15383
+3 * 15383
+2 +2 15383 15383
+6 * 15383 15383
+6 * 15383
+4 * 15383
+2 * 15383
+2 * 15383
+4 * 15383
+2 * 15383
+2 +2 15383 15383
+6 * 15383 0 0 0 0 0 0 0 0 15383
-34 -2 137730 137730 0 1 0 0 1
+6 * 137730 137730
+6 * 137730
+4 * 137730
+2 * 137730
+2 * 137730
+4 * 137730
+2 * 137730
+2 +2 137730 137730
+6 * 137730 0 0 1 0 0 1 0 0 137730
+6 +2 153113
+3 * 153113 0 153113
+2 +80 153113 153113
+6 * 153113
+2 -69 153113 153113
+6 * 153113 0 0 0 0 0 0 0 0 153113
+6 +80 153113 153113
+6 -11 153113
+3 * 153113 0 0 0 0 0 0 0 0 153113 10
0x5c94c +42 799 0 799
+5 * 799
+4 +9 799 799
+6 * 799
+29 809 61504 0 0 1 0 0 1
+5 * 61504 0 0 1 0 0 1
0x5ca40 -78 799 0 799 1 0 0 1
+10 -20 799
+3 +20 799
+3 -20 799 0 799
+6 +3 799 799
+6 * 799
+3 +2 799
+3 -2 799 0 799
+6 +2 799
+4 * 799 0 799
+7 +15 799 799
+7 * 799 799
+4 * 799 0 0 1 0 0 1
+4 * 799 0 799
+6 * 799
0x5cbdb +43 799 799 0 1 0 0 1
+7 * 799
+3 * 799 0 0 0 0 0 0 0 0 799
+2 * 799 799
+8 * 799 0 0 0 0 0 0 0 0 799
0x5cc63 +7 305560 305560 0 1 0 0 1
+7 +2 305560 305560
+7 669 305560 0 305560
+10 781 305560 0 305560
+4 +2 305560 0 0 1 0 0 1
+4 -1 305560 0 305560
+7 +1 305560 0 305560
+4 * 305560
+7 * 305560 0 305560
+7 * 305560
0x5cd16 499 306359 0 0 1 0 0 1
+3 * 306359
+3 * 306359 0 306359 0 0 1 0 0 1
cfi=(325)
cfn=(1310)
calls=306359 0x54580 28 
* * 4901744 612718 306359 0 0 0 0 0 0 919077 3
+5 +1 306359 306359
+7 * 306359 306359
+7 * 306359
+4 * 306359 0 306359
+7 * 306359 0 306359
+4 +1 306359 0 0 1 0 0 1
+4 * 306359 0 0 0 0 0 0 0 0 306359 2
+31 +2 306359 0 306359
+10 +1 306359 306359
+6 * 306359
+2 +7 306359 306359 0 0 1 0 0 1
+6 -7 306359 0 306359
+6 +7 306359 0 0 1 0 0 1 0 0 306359 2
+33 +7 313837 313837
+4 +1 313837 313837
+4 * 313837
+7 -1 313837 313837
+7 +2 313837 313837 0 0 1 0 0 1
+4 -2 313837
+4 * 313837 0 0 1 0 0 1
+3 * 313837 0 0 0 0 0 0 0 0 313837 9
+22 +9 313837 313837
+4 * 313837 313837
+7 +4 313837 313837
+4 -4 313837
+3 * 313837
+4 * 313837
+4 +4 313837
+5 -4 313837 0 313837
+4 +4 313837 313837
+3 * 313837
+3 * 313837 0 0 1 0 0 1 0 0 313837
+6 * 313837
+4 * 313837
+4 * 313837
+3 +1 313837
+3 * 313837
+3 +1 313837
+2 * 313837
+3 * 313837
+4 * 313837
+3 +2 313837 313837
+4 * 313837 0 0 0 0 0 0 0 0 313837
+6 +5 313837 313837
+6 * 313837
+3 * 313837
+2 * 313837
+3 * 313837 0 0 0 0 0 0 0 0 313837 9617
+6 +22 304386
+3 * 304386
+3 * 304386 0 0 0 0 0 0 0 0 304386 2737
+6 +61 313837
+4 * 313837 0 0 0 0 0 0 0 0 313837 8497
+6 * 321631 0 0 1 0 0 1
+2 * 321631 0 0 0 0 0 0 0 0 321631 872
+6 -2 314545
+3 509 314545
+4 621 314545
+4 511 314545 314545 0 0 1 0 0 1
+4 * 314545 0 0 0 0 0 0 0 0 314545 120
+2 623 1532503
+4 * 1532503 0 0 0 0 0 0 0 0 1532503 16
+6 -2 1531795
+4 509 1531795 0 0 1 0 0 1
+4 +2 1531795 1531795 0 0 1 0 0 1
+3 * 1531795 0 0 0 0 0 0 0 0 1531795 15272
+2 623 1516523
+3 * 1516523 0 0 0 0 0 0 0 0 1516523
+6 509 1516523
+3 * 1516523
+4 621 1516523
+4 511 1516523 1516523 0 0 2 0 0 2
+4 * 1516523 0 0 0 0 0 0 0 0 1516523 291077
+2 * 291073
+4 * 291073
+11 * 291073 291073
+7 * 291073
-7 * 7492 7492
+7 * 7492
+25 +14 313837 0 0 1 0 0 1
+5 -1 313837
+3 * 313837
+3 * 313837
+3 * 313837 0 313837
cfi=(323)
cfn=(1304)
calls=313837 0x54700 48 
* * 23223938 5021392 4079881 3 2 2 3 2 2 2510696 21
+5 * 313837
+13 * 15272 15272
+7 +97 15272
+3 * 15272
+6 -79 9451 0 0 1 0 0 1
+4 * 9451 0 0 0 0 0 0 0 0 9451
+6 +4 9451
+5 * 9451
+5 -2 9451 0 9451
+8 +2 9451
+3 * 9451
+3 +16 9451
+3 -16 9451 0 9451
+4 +16 9451
+3 * 9451 0 0 0 0 0 0 0 0 9451
+6 +2 9451 9451
+3 * 9451 0 0 0 0 0 0 0 0 9451 4565
+2 +1 5057 0 0 0 0 0 0 0 0 5057 30
+2 +58 5057
+2 * 5057
+5 -57 29 29
+4 * 29 29
+5 * 29 0 0 0 0 0 0 0 0 29 1
+2 +4 4394
+3 +1 4394
+5 * 4394
+3 -1 4394 0 4394
+6 +1 4394
+2 * 4394
+3 +5 4394
+3 +3 4394 4394
+3 * 4394
+3 * 4394 0 0 0 0 0 0 0 0 4394 2
-9 -3 161848
+3 +3 161848 161848
+3 * 161848
+3 * 161848 0 0 0 0 0 0 0 0 161848 1
-6 * 139803 139803 0 1 0 0 1
+3 * 139803
+3 * 139803 0 0 0 0 0 0 0 0 139803 2
+94 +34 306045 306045
+7 * 306045 0 306045
cfi=(356) /usr/src/debug/glibc/glibc/stdlib/../sysdeps/x86_64/rshift.S
cfn=(1546) __mpn_rshift
calls=306045 0x55770 28 
* * 5508810 918135 612090 3 0 0 3 0 0 1224180 14
+5 +3 306045 306045
+4 * 306045
+3 * 306045 0 306045
+7 +7 306045 306045
+6 * 306045
+13 -52 301651 0 0 1 0 0 1
+5 * 301651
+3 -1 301651
+3 +1 301651 0 0 1 0 0 1
+2 -1 301651 0 301651
+6 +1 301651
+3 +4 301651
+2 * 301651 0 0 0 0 0 0 0 0 301651 148996
+6 * 161848
+5 +50 298565
+2 * 298565 0 0 0 0 0 0 0 0 298565 82384
+6 +4 70065 70065
+7 * 70065 70065
+4 * 70065
+5 * 70065 70065
+7 * 70065 0 70065
cfi=(324)
cfn=(1306)
calls=70065 0x54ad0 31 
* * 2312145 280260 210195 0 0 0 0 0 0 210195 8
+5 +1 70065 70065 0 1 0 0 1
+7 +1 70065 70065
+4 -1 70065 0 70065
+4 +1 70065
+3 * 70065 0 0 0 0 0 0 0 0 70065 8
+14 +3 70065 70065
+6 * 70065
+5 -1 70065 70065
+3 +3 70065 70065
+7 -2 70065
+2 * 70065
+3 -1 70065
+3 * 70065 0 0 0 0 0 0 0 0 70065 695
+6 * 70065 0 0 1 0 0 1
+5 +1 70065
+2 * 70065 0 0 0 0 0 0 0 0 70065 6
+54 +9 70065 70065
+4 * 70065 0 70065
+7 +2 70065 70065
+6 * 70065 0 0 0 0 0 0 0 0 70065
+6 -1 70065
+4 +3 70065 0 70065
+7 * 70065
-7 * 236294 0 236294 1 0 0 1
+7 * 236294
0x5d217 994 153630 0 0 1 0 0 1
+3 * 153630
+3 * 153630
+2 * 153630 0 153630
+6 +2 153630
+2 * 153630 0 0 0 0 0 0 0 0 153630
+6 * 153630
0x5d43a 511 306359 0 0 1 0 0 1
+6 * 306359 0 0 1 0 0 1
+7 * 306359
+3 * 306359
0x5d4da 937 799 799 0 1 0 0 1
+7 * 799 0 0 0 0 0 0 0 0 799 8
0x5d6ea 642 70065 0 0 1 0 0 1
+3 * 70065 0 70065
cfi=(356)
cfn=(1546)
calls=70065 0x55770 28 
* * 1261170 210195 140130 0 0 0 0 0 0 280260 12
+5 +3 70065 70065
+7 * 70065
+19 834 137730
+2 * 137730
+34 580 306045 0 0 1 0 0 1
+4 * 306045 0 0 0 0 0 0 0 0 306045
+6 +10 306045
+5 -3 306045 0 0 1 0 0 1
+5 +3 306045
+3 * 306045
+2 * 306045 0 0 0 0 0 0 0 0 306045
+2 * 306045
+3 * 306045

fn=(1552)
0x5b600 91 5596378 5596378 0 1 0 0 1
+2 * 5596378
+2 * 5596378 0 0 0 0 0 0 0 0 5596378
+2 * 5596378 5596378
+4 * 5596378 0 0 0 0 0 0 0 0 5596378 5322
+6 -3 5208103 0 5208103
+1 * 5208103
+3 * 5208103 0 5208103
+2 * 5208103 0 5208103
+1 * 5208103
+3 * 5208103
+4 +5 5208103 5208103
+4 +2 5208103 5208103
+4 * 5208103 5208103
+4 -2 5208103
+3 * 5208103 0 0 0 0 0 0 0 0 5208103 23
0x5b6e0 +2 5208103 0 0 1 0 0 1
+4 +1 5208103
+5 * 5208103
+3 -1 5208103
+4 * 5208103 5208103
+3 +1 5208103 0 5208103
cfi=(324)
cfn=(1306)
calls=5208103 0x54ad0 -65 
* * 109370163 15624309 10416206 1 0 0 1 0 0 20832412 1
+5 * 5208103 0 5208103
+3 +31 5208103
+4 +1 5208103
+4 * 5208103 5208103
+1 * 5208103
+3 * 5208103 5208103
+2 * 5208103 5208103
+1 * 5208103 5208103
+6 -37 5582795 5582795 0 1 0 0 1
+3 * 5582795
+6 * 5582795
+3 * 5582795 0 5582795
+3 * 5582795
+2 * 5582795 0 0 0 0 0 0 0 0 5582795 307080
+6 +37 388275
+3 * 388275 388275

fl=(134)
fn=(442)
0xac530 31 1
fi=(85) /usr/src/debug/glibc/glibc/string/../sysdeps/x86_64/multiarch/ifunc-strcasecmp.h
+4 +5 1 1
+7 +1 1 1 0 1 0 0 1
+6 * 1
+2 * 1
+6 * 1 0 0 0 0 0 0 0 0 1 1
fe=(134)
+43 -6 1
+3 * 1 1
fi=(85)
+9 +7 1 1 0 1 0 0 1
+6 * 1
+6 * 1 0 0 0 0 0 0 0 0 1
+2 +4 1 1
+6 * 1
+2 * 1
+6 * 1 0 0 0 0 0 0 0 0 1
+2 +3 1
+7 * 1 1
+7 * 1 0 0 0 0 0 0 0 0 1
+2 +3 1
+6 * 1
+7 * 1 0 0 0 0 0 0 0 0 1
+2 * 1
fe=(134)

fl=(136)
fn=(450)
0xaf000 29 2 0 0 1 0 0 1
fi=(122) /usr/src/debug/glibc/glibc/string/../sysdeps/x86_64/multiarch/ifunc-strncpy.h
+4 +6 2 2
+7 * 2
+7 * 2 2
+6 * 2
+3 * 2 0 0 0 0 0 0 0 0 2 1
+2 +1 2 2
+6 * 2
+3 * 2 0 0 0 0 0 0 0 0 2
+2 +4 2
+2 * 2
+2 * 2
+5 * 2 0 0 0 0 0 0 0 0 2
+2 +3 2
+7 * 2
+3 * 2 0 0 0 0 0 0 0 0 2
+2 +3 2 0 0 1 0 0 1
+3 * 2
+7 * 2
+7 * 2
+4 * 2 2
fe=(136)

fl=(272)
fn=(998)
0x3e0f0 28 1
+4 +2 1
+2 * 1 0 0 0 0 0 0 0 0 1
+2 -1 1 0 1
+3 +5 1
+2 * 1 1

fl=(172)
fn=(582)
0xafc70 44 1 0 0 1 0 0 1
+4 * 1 1 0 0 1
+7 * 1 0 0 1 0 0 1
+7 * 1 1 0 0 1
+7 * 1
+7 * 1
+4 * 1 1

fl=(116)
fn=(392)
0xc2920 31 2
fi=(117) /usr/src/debug/glibc/glibc/wcsmbs/../sysdeps/x86_64/multiarch/ifunc-avx2.h
+4 +7 2 2
+7 * 2
+7 * 2 2
+6 +2 2
+2 * 2
+2 * 2 0 0 1 0 0 1
+6 * 2 0 0 0 0 0 0 0 0 2
+6 +1 2 2
+7 * 2 0 0 0 0 0 0 0 0 2
+2 +1 2 2
+6 * 2
+6 * 2 0 0 0 0 0 0 0 0 2
+2 +4 2
+2 * 2
+2 * 2
+6 * 2 0 0 0 0 0 0 0 0 2
+2 +3 2
+7 * 2
+3 * 2 0 0 0 0 0 0 0 0 2
+2 +3 2
+6 * 2 0 0 1 0 0 1
+7 * 2
+7 * 2
+4 * 2 2
fe=(116)

fl=(338) /usr/src/debug/glibc/glibc/misc/../sysdeps/unix/sysv/linux/mmap64.c
fn=(1398) mmap
0x116c60 47 14 0 0 2 0 0 1
+4 +3 14
+7 * 14 0 0 0 0 0 0 0 0 14
+2 -3 14 0 14
+1 * 14
+3 * 14 0 14 0 0 4
+2 * 14
+3 * 14 0 14
+1 * 14
+3 +6 14
+3 * 14 0 0 0 0 0 0 0 0 14 4
+2 +5 14 0 0 2 0 0 1
+3 * 14
+3 * 14
+5 * 14
+2 * 14
+6 * 14 0 0 0 0 0 0 0 0 14
+2 +2 14 14
+1 * 14 14
+2 * 14 14
+1 * 14 14
+40 -7 14 0 0 2 0 0 1
+2 * 14
+6 * 14
+3 * 14
+2 * 14 0 0 0 0 0 0 0 0 14 5

fl=(88)
fn=(320)
0xc2510 31 1 0 0 1 0 0 1
fi=(89) /usr/src/debug/glibc/glibc/wcsmbs/../sysdeps/x86_64/multiarch/ifunc-wcs.h
+4 +8 1 1
+7 * 1
+7 +1 1 1
+6 * 1
+2 * 1
+6 * 1 0 0 0 0 0 0 0 0 1 1
+16 +1 1 1 0 1 0 0 1
+6 * 1
+3 * 1 0 0 0 0 0 0 0 0 1
+2 +4 1
+6 * 1 0 0 0 0 0 0 0 0 1
+2 +3 1
+3 * 1
+7 * 1
+7 * 1
fe=(88)
+4 -17 1
+3 * 1 1

fl=(282)
fn=(1298)
0x16dd50 249 1991015 0 0 2 0 0 1
+4 +1 1991015
+3 +1 1991015 0 0 0 0 0 0 0 0 1991015
+6 * 1991015
+2 * 1991015
+11 * 1991015
+11 * 1991015
+11 +4 1991015
+4 +1 1991015
+3 +6 1991015
+4 +1 1991015 0 0 0 0 0 0 0 0 1991015 6
+37 +42 1991015
+3 +1 1991015 0 0 0 0 0 0 0 0 1991015
+2 +2 1991015
+3 +1 1991015 0 0 0 0 0 0 0 0 1991015 5
+72 +55 1991015 1991015 0 1 636 0 1 1
+5 +1 1991015 1991015
+3 +1 1991015 0 1991015 0 0 23
+3 +1 1991015 0 1991015
+5 +1 1991015 1991015

fn=(1038)
0x16dd80 255 1227501 0 0 1 0 0 1
+4 +1 1227501
+3 +6 1227501
+4 +1 1227501 0 0 0 0 0 0 0 0 1227501 19
+2 +2 2825 2825 0 0 14
+4 +1 2825
+4 +1 2825 0 0 0 0 0 0 0 0 2825 514
+6 +3 13 13
+6 +1 13 0 13
+4 +1 13 0 13
+6 +3 13
+3 * 13 13
+2 +30 1224676
+3 +1 1224676 0 0 0 0 0 0 0 0 1224676 319506
+2 +2 306382
+3 +1 306382 0 0 0 0 0 0 0 0 306382 22
+2 +2 306324
+3 +4 306324 0 0 0 0 0 0 0 0 306324 1
+2 +1 306323
+3 +1 306323 0 0 0 0 0 0 0 0 306323 2
+2 +1 306323 306323 0 0 1 0 0 1
+2 +1 306323 0 0 0 0 0 0 0 0 306323
+12 +4 306323 0 306323 0 0 3
+2 +2 306323 306323
+1 +6 1 1 0 1
+4 +1 1 1
+2 +1 1 0 1
+4 +1 1 0 1
+2 +1 1 1
+1 +7 918294 918294 0 8 0 0 1
+4 +1 918294 918294
+6 +1 918294 0 918294 0 0 101
+4 +1 918294 0 918294 0 0 23
+6 +2 918294 918294
+10 +17 58 58
+5 +1 58 58
+3 +1 58 0 58
+3 +1 58 0 58
+5 +1 58 58
+1 +7 22 22
+6 +1 22 22
+6 +1 22 0 22 0 0 1
+4 +1 22 0 22
+5 +1 22 0 22
+6 +1 22 0 22
+6 +1 22
+3 * 22 22
+11 +5 2812 2812 0 1 301 0 1
+7 +1 2812 0 0 0 0 0 0 0 0 2812 3
+6 +5 2803
+7 +1 2803 0 0 0 0 0 0 0 0 2803 69
+2 +2 66 66 0 0 1
+5 +1 66
+7 +1 66 0 0 0 0 0 0 0 0 66 5
+2 +2 44 44 0 0 1
+5 +1 44 44
+5 +1 44 44
+6 +1 44 44 0 0 1
+6 +1 44 44
+6 +1 44 44
+6 +1 44 0 44
+4 +1 44 0 44
+5 +1 44 0 44 0 0 1 0 0 1
+5 +1 44 0 44
+5 +1 44 0 44 0 0 1 0 0 1
+6 +1 44 0 44
+6 +1 44 0 44 0 0 1 0 0 1
+6 +1 44 0 44
+6 +1 44
+3 * 44 44
+1 +4 2737 0 0 1 0 0 1
+3 +1 2737
+3 +4 2737
+3 +2 2737 0 0 1 0 0 1 0 0 2737
+6 +4 2737 2737 0 0 6
+7 +1 2737 0 0 0 0 0 0 0 0 2737
+6 +11 2737
+4 +3 2737
+3 +2 2737
+4 +2 2737
+6 +4 2737
+3 +1 2737 0 0 0 0 0 0 0 0 2737 38
+6 +9 2708 2708
+6 +1 2708 2708
+6 +2 2708
+3 +2 2708
+4 +1 2708 2708 0 1 4 0 1
+6 +1 2708 2708
+6 +3 2708
+3 +2 2708
+3 +2 2708
+3 +2 2708
+5 * 2708
+8 +6 2708 2708 0 0 1
+4 +1 2708 2708 0 0 3
+5 +1 2708 2708 0 0 1
+5 +1 2708 2708 0 0 3
+5 +1 2708
+4 +1 2708 0 2708 0 0 13 0 0 1
+4 +1 2708 0 2708 0 0 26 0 0 3
+5 +1 2708 0 2708 1 0 22 0 0 1
+5 +1 2708 0 2708 0 0 1220 0 0 3
+5 +1 2708
+4 +1 2708
+3 +1 2708 0 0 0 0 0 0 0 0 2708 12
-49 -11 92306 92306 0 0 14
+4 +1 92306 92306 0 0 38
+5 +1 92306 92306 0 0 13
+5 +1 92306 92306 0 0 35
+5 +1 92306
+4 +1 92306 0 92306 0 0 993 0 0 30
+4 +1 92306 0 92306 0 0 8877 0 0 62
+5 +1 92306 0 92306 0 0 1050 0 0 30
+5 +1 92306 0 92306 0 0 10860 0 0 62
+5 +1 92306
+4 +1 92306
+3 +1 92306 0 0 0 0 0 0 0 0 92306 2705
+2 +2 2708 0 2708 0 0 72 0 0 3
+5 +1 2708 0 2708 0 0 64 0 0 1
+5 +1 2708 0 2708
+5 +1 2708 0 2708
+4 +2 2708 0 2708
+4 +4 2708
+3 * 2708 2708
+8 +13 29 29 0 1 0 0 1
+5 +1 29 29 0 0 1
+5 +2 29 0 0 2 0 0 1
+8 +1 29 29
+5 +1 29 29
+6 +2 29
+3 +2 29
+4 +2 29
+3 * 29
+4 +6 29 29 0 0 1
+5 +1 29 29
+5 +1 29 29 0 0 1
+5 +1 29 29
+4 +1 29
+4 +1 29 0 29 0 0 2 0 0 2
+5 +1 29 0 29 2 0 11 1 0 2
+5 +1 29 0 29
+5 +1 29 0 29 0 0 11 0 0 2
+4 +1 29
+4 +1 29
+3 +1 29 0 0 0 0 0 0 0 0 29 2
-49 -11 918 918 0 0 62
+5 +1 918 918
+5 +1 918 918 0 0 61
+5 +1 918 918
+4 +1 918
+4 +1 918 0 918
+5 +1 918 0 918 0 0 172 0 0 108
+5 +1 918 0 918
+5 +1 918 0 918 0 0 166 0 0 108
+4 +1 918
+4 +1 918
+3 +1 918 0 0 0 0 0 0 0 0 918 36
+2 +2 29 0 29 0 0 11 0 0 2
+4 +1 29 0 29
+5 +1 29 0 29
+5 +1 29 0 29
+5 +2 29 0 29
+6 +1 29
+3 * 29 29
+17 +9 6 6 0 1 3 0 1
+5 +7 6
+6 +1 6 0 0 0 0 0 0 0 0 6 1
+2 +6 5
+3 +3 5
+5 +2 5
+4 +3 5
+5 +1 5
+3 +2 5
+3 +2 5 5 5 0 1 5 0 0 5 5 2
* * 769840 769835 769835 0 12026 12026 0 0 12023 769840 18
+2 +2 5 0 5 0 0 3
+5 +2 5 0 5 0 0 2
+6 +2 5
+3 * 5 5 0 0 4
+12 +5 9 0 0 1 0 0 1
+3 +1 9
+3 +4 9
+3 +2 9 0 0 0 0 0 0 0 0 9
+6 +3 9
+3 +4 9 9 0 0 9
+7 +1 9 0 0 0 0 0 0 0 0 9 3
+2 +4 6 6
+7 +4 6 0 0 0 0 0 0 0 0 6 2
+16 +24 1
+3 +2 1
+4 +2 1
+4 +2 1 0 0 1 0 0 1
+4 +3 1
+3 +1 1
+3 +2 1 1 1 0 0 1 0 0 1 1 1
* * 262096 262095 262095 0 4095 4095 0 0 4094 262096 6
+2 +3 1 0 1 0 0 1
+5 +2 1 0 1 0 0 1
+6 +2 1
+3 * 1 1 0 0 1
+9 +17 3 3
+7 +1 3
+3 +1 3 0 0 0 0 0 0 0 0 3 1
+6 +5 3
+3 +1 3
+3 +1 3 0 0 0 0 0 0 0 0 3
+6 +7 3 3 0 1 3 0 1
+5 +6 3 0 3
+4 +2 3 0 3 0 0 3 0 0 3
+5 +8 3
+3 +1 3
+4 +2 3
+4 +2 3
+3 +2 3
+3 +2 3
+3 +8 3
+2 +1 3
+3 +1 3
+6 +1 3 0 0 0 0 0 0 0 0 3
+6 +5 3
+4 +1 3
+3 +1 3 0 0 0 0 0 0 0 0 3
+6 +3 3 0 0 1 0 0 1
+6 +2 3
+4 * 3
+10 +5 3
+5 +2 3
+7 * 3
+7 +1 3
+7 * 3
+7 +1 3
+7 * 3
+7 +1 3 0 0 1 0 0 1
+7 * 3
+7 +2 3 3
+4 * 3 3
+5 * 3 3 0 0 3
+5 * 3 3
+5 +1 3 3 0 0 3
+8 * 3 3
+8 * 3 3 0 0 3
+8 * 3 3
+8 +1 3 0 0 1 0 0 1
+4 +2 3 0 3
+4 * 3 0 3
+5 * 3 0 3 0 0 3 0 0 3
+5 * 3 0 3
+5 +1 3 0 3 0 0 3 0 0 3
+8 * 3 0 3
+8 * 3 0 3 0 0 3 0 0 3
+8 * 3 0 3
+8 +1 3
+4 +1 3
+2 +1 3 0 0 1 0 0 1 0 0 3 2
0x16e110 -15 890
+5 +2 890
+7 * 890
+7 +1 890
+7 * 890
+7 +1 890
+7 * 890
+7 +1 890
+7 * 890
+7 +2 890 890 0 0 890
+4 * 890 890
+5 * 890 890 0 0 890
+5 * 890 890
+5 +1 890 890 0 0 890
+8 * 890 890
+8 * 890 890 0 0 890
+8 * 890 890
+8 +1 890
+4 +2 890 0 890 0 0 890 0 0 890
+4 * 890 0 890
+5 * 890 0 890 0 0 890 0 0 890
+5 * 890 0 890
+5 +1 890 0 890 0 0 890 0 0 890
+8 * 890 0 890
+8 * 890 0 890 0 0 890 0 0 890
+8 * 890 0 890
+8 +1 890
+4 +1 890
+2 +1 890 0 0 0 0 0 0 0 0 890 2
0x16e115 -13 27683
+7 * 27683
+7 +1 27683
+7 * 27683
+7 +1 27683
+7 * 27683
+7 +1 27683
+7 * 27683
+7 +2 27683 27683 0 0 27683
+4 * 27683 27683
+5 * 27683 27683 0 0 27683
+5 * 27683 27683
+5 +1 27683 27683 0 0 27683
+8 * 27683 27683
+8 * 27683 27683 0 0 27683
+8 * 27683 27683
+8 +1 27683
+4 +2 27683 0 27683 0 0 27683 0 0 27683
+4 * 27683 0 27683
+5 * 27683 0 27683 0 0 27683 0 0 27683
+5 * 27683 0 27683
+5 +1 27683 0 27683 0 0 27683 0 0 27683
+8 * 27683 0 27683
+8 * 27683 0 27683 0 0 27683 0 0 27683
+8 * 27683 0 27683
+8 +1 27683
+4 +1 27683
+2 +1 27683 0 0 0 0 0 0 0 0 27683 915
+6 +1 893
+7 +1 893
+7 +1 893
+3 +1 893 0 0 0 0 0 0 0 0 893 5
+6 +1 3
+3 +3 3
+6 +1 3 0 0 0 0 0 0 0 0 3
+2 +5 157
+7 * 157
+7 +1 157
+7 * 157 0 0 1 0 0 1
+7 +1 157 157 0 0 157
+4 +1 157 157
+5 +1 157 157 0 0 157
+5 +1 157 157
+5 +1 157
+4 +1 157
+3 +1 157 0 157 0 0 157 0 0 157
+4 +1 157 0 157
+5 +1 157 0 157 0 0 157 0 0 157
+5 +1 157 0 157
+5 +1 157
+4 +1 157
+6 +1 157 0 0 0 0 0 0 0 0 157 13
+2 +4 3 3
+6 +1 3 3 0 1 3 0 1
+6 +1 3 3
+6 +1 3 3 0 0 3
+6 +2 3 0 3
+6 +1 3 0 3 0 0 3 0 0 3
+6 +1 3 0 3
+6 +1 3 0 3 0 0 3 0 0 1
+6 +1 3
+3 * 3 3 0 0 3

fl=(119)
fn=(398)
0xaf170 28 1
fi=(112)
+4 +10 1 1
+7 * 1 0 0 1 0 0 1
+7 * 1 1
+6 +2 1
+2 * 1
+2 * 1
+6 * 1 0 0 0 0 0 0 0 0 1 1
+6 +1 1 1
+7 * 1 0 0 0 0 0 0 0 0 1
+2 +1 1 1
+6 * 1
+6 * 1 0 0 0 0 0 0 0 0 1
+2 +4 1
+2 * 1
+2 * 1
+6 * 1 0 0 0 0 0 0 0 0 1
+2 +3 1 0 0 1 0 0 1
+7 * 1
+3 * 1 0 0 0 0 0 0 0 0 1
+2 +3 1
+6 * 1
+7 * 1
+7 * 1
+4 * 1 1
fe=(119)

fl=(293)
fn=(1098)
0x931e0 74 1544 0 0 1 0 0 1
+4 * 1544 0 1544
+1 * 1544
+3 +1 1544
+4 * 1544 1544 1544
+3 * 1544 0 1544 0 0 1 0 0 1
cfn=(1100) __internal_syscall_cancel
calls=1544 0x93150 -45 
* * 20070 9262 1544 1 768 0 1 0 0 1544 2
+5 +4 1543 1543
+1 * 1543 1543
+1 * 1543
+6 * 1543 0 0 0 0 0 0 0 0 1543
+2 +1 1543 1543
+1 * 1543 1543

fn=(1100)
0x93150 30 1544 0 0 1 0 0 1
+4 * 1544 0 1544
+1 * 1544
+3 * 1544
+3 * 1544
+4 +7 1544 1544
+9 * 1544 1544 0 0 768
+7 +1 1544 1544
+7 * 1544 0 0 0 0 0 0 0 0 1544 2
+82 +2 1544 1544
+4 * 1544
+2 +24 1543 1543
+1 * 1543 1543

fl=(352)
fn=(1536)
0x5b530 27 919077 0 0 1 0 0 1
+4 +1 919077 919077
+3 * 919077
+2 * 919077 0 0 0 0 0 0 0 0 919077
+6 -1 919077 0 919077
+1 * 919077 0 0 1 0 0 1
+3 * 919077 0 919077 0 0 1 0 0 1
+2 * 919077 0 919077
+2 * 919077 0 919077
+2 * 919077
+3 * 919077 0 919077
+1 +4 919077
+3 * 919077 0 0 0 0 0 0 0 0 919077 4
+2 * 306359
+3 * 306359
+3 +2 306359 306359
+4 * 306359
+4 +3 306359
fi=(382) /usr/src/debug/glibc/glibc/stdio-common/../string/bits/string_fortified.h
+3 -7 306359
fe=(352)
+3 +8 306359
+3 * 306359
fi=(382)
+4 -8 306359
fe=(352)
+3 +12 306359
fi=(382)
+3 -12 306359 306359 306359 0 1 0 0 1 0 0 0 306359 1
cfi=(282)
cfn=(1038)
calls=306359 0x16dd80 255 
* * 3369995 919077 612718 0 0 0 0 0 0 612741 31
fe=(352)
+6 +11 306359 306359
+4 * 306359
+3 * 306359 0 306359
+4 -9 306359
+3 * 306359 0 0 0 0 0 0 0 0 306359 3
+2 +2 306359 306359 0 1 0 0 1
+4 * 306359
+3 * 306359 0 0 0 0 0 0 0 0 306359 4
+64 +11 919077 919077 0 1 0 0 1
+1 * 919077 919077
+2 * 919077 919077
+2 * 919077 919077
+2 * 919077 919077
+1 * 919077 919077

fl=(187) /usr/src/debug/glibc/glibc/malloc/arena.c
fn=(630) __ptmalloc_init
0xa76d0 252 1 0 0 1 0 0 1
+4 * 1 0 1
fi=(383) /usr/src/debug/glibc/glibc/malloc/../sysdeps/unix/sysv/linux/not-cancel.h
+1 96 1
+5 * 1
+5 * 1
fe=(187)
+7 252 1
+3 * 1 0 1
+2 * 1 0 1
+1 * 1
fi=(383)
+4 96 1 1
+9 * 1 0 1
+4 * 1 0 0 1 0 0 1
+5 * 1
fi=(188)
+2 3155 1
+4 * 1 0 0 0 0 0 0 0 0 1 1
0xa7770 +13 1 0 0 1 0 0 1
+7 * 1
+6 * 1 0 0 0 0 0 0 0 0 1
+2 +1 1 0 1 1 0 0 1
cfi=(189) ???
cfn=(634) __popcountdi2
calls=1 0x190ad0 0 
* * 21 1 0 2 0 0 2
+6 +1 1
+3 * 1
+3 * 1 0 0 0 0 0 0 0 0 1
fe=(187)
+2 276 1 1
+7 * 1 0 0 0 0 0 0 0 0 1 1
+9 +4 1 1 0 0 1
+7 * 1
+7 * 1
+7 * 1 0 1
fi=(188)
+4 1957 1
+4 * 1
+6 +3 1 0 0 1 0 0 1
+5 -3 1
+4 +3 1
+4 * 1 0 1 0 0 1 0 0 1
+3 -3 1
+3 * 1 0 0 0 0 0 0 0 0 1 1
-19 +3 126
+5 -3 126
+4 +3 126
+4 * 126 0 126 0 0 32 0 0 31
+3 -3 126
+3 * 126 0 0 0 0 0 0 0 0 126 8
+2 +11 1 0 1
+7 +3 1
fe=(187)
+7 284 1
+7 * 1
fi=(188)
+5 1969 1 0 1 0 0 1 0 0 1
fe=(187)
+10 284 1
fi=(188)
+4 1971 1 0 1 1 0 0 1
fe=(187)
+7 284 1 1 1 0 0 0 0 0 0 0 0 1 1
cob=(1)
cfi=(11)
cfn=(28)
calls=1 0x14cf0 438 
* * 17 4 1 0 2 0 0 1 0 3 1
+6 +1 1
+7 * 1
+4 * 1
+5 * 1 1 1 0 0 0 0 0 0 0 0 1 1
cob=(1)
cfi=(11)
cfn=(28)
calls=1 0x14cf0 438 
* * 18 4 1 0 1 0 0 0 0 3 1
+6 +1 1
+7 * 1
+4 * 1
+5 * 1 1 1 0 0 0 0 0 0 0 0 1 1
cob=(1)
cfi=(11)
cfn=(28)
calls=1 0x14cf0 438 
* * 17 4 1 0 2 0 0 1 0 3 1
+6 +1 1
+7 * 1 0 0 1 0 0 1
+4 * 1
+5 * 1 1 1 0 0 0 0 0 0 0 0 1 1
cob=(1)
cfi=(11)
cfn=(28)
calls=1 0x14cf0 438 
* * 17 4 1 0 2 0 0 1 0 3
+6 +1 1
+7 * 1
+4 * 1
+5 * 1 1 1 0 0 0 0 0 0 0 0 1 1
cob=(1)
cfi=(11)
cfn=(28)
calls=1 0x14cf0 438 
* * 18 4 1 0 2 0 0 1 0 3 1
+6 +1 1
+7 * 1
+4 * 1
+5 * 1 1 1 0 0 0 0 0 0 0 0 1 1
cob=(1)
cfi=(11)
cfn=(28)
calls=1 0x14cf0 438 
* * 17 4 1 0 2 0 0 1 0 3 1
+6 +1 1
+7 * 1 0 0 1 0 0 1
+4 * 1
+5 * 1 1 1 0 0 0 0 0 0 0 0 1 1
cob=(1)
cfi=(11)
cfn=(28)
calls=1 0x14cf0 438 
* * 17 4 1 0 2 0 0 1 0 3
+6 +2 1
+7 * 1
+4 * 1
+5 * 1 1 1 0 0 0 0 0 0 0 0 1 1
cob=(1)
cfi=(11)
cfn=(28)
calls=1 0x14cf0 438 
* * 17 4 1 0 2 0 0 2 0 3
+6 +1 1
+7 * 1
+4 * 1
+5 * 1 1 1 0 0 0 0 0 0 0 0 1 1
cob=(1)
cfi=(11)
cfn=(28)
calls=1 0x14cf0 438 
* * 17 4 1 0 2 0 0 2 0 3
+6 +1 1 0 0 1 0 0 1
+7 * 1
+4 * 1
+5 * 1 1 1 0 0 0 0 0 0 0 0 1 1
cob=(1)
cfi=(11)
cfn=(28)
calls=1 0x14cf0 438 
* * 17 4 1 0 2 0 0 2 0 3
+6 +3 1
+7 * 1
+4 * 1
+5 * 1 1 1 0 0 0 0 0 0 0 0 1 1
cob=(1)
cfi=(11)
cfn=(28)
calls=1 0x14cf0 438 
* * 17 4 1 0 2 0 0 2 0 3
+6 +1 1
+7 * 1
+4 * 1
+5 * 1 1 1 0 0 0 0 0 0 0 0 1 1
cob=(1)
cfi=(11)
cfn=(28)
calls=1 0x14cf0 438 
* * 17 4 1 0 2 0 0 2 0 3
+6 +2 1 1 0 0 1 0 0 1
+7 * 1
+4 * 1
+6 * 1 0 0 0 0 0 0 0 0 1
+2 +10 1 1
+4 * 1 1
+9 * 1 0 0 0 0 0 0 0 0 1
+2 * 1
+4 * 1 1
+1 * 1 1
+2 * 1 1
+1 * 1 1
fi=(188)
+1 3168 1 1 0 1 1 0 1 1
+7 * 1
fe=(187)

fl=(329)
fn=(1320)
0x55b80 29 1048045 0 0 997 0 0 1
+4 +10 1048045 1048045
+3 -6 1048045
+5 +7 1048045
+3 * 1048045
+6 * 1048045
+3 * 1048045
+3 * 1048045
+2 * 1048045
+4 * 1048045
+6 * 1048045
+2 * 1048045
+2 * 1048045
+4 +6 1048045
+3 +1 1048045
+5 * 1048045 1048045

fl=(84)
fn=(312)
0xaedc0 31 1 0 0 1 0 0 1
fi=(85)
+4 +5 1 1
+7 +1 1 1 0 0 1
+6 * 1
+2 * 1
+6 * 1 0 0 0 0 0 0 0 0 1 1
fe=(84)
+43 -6 1
+3 * 1 1
fi=(85)
+9 +7 1 1 0 1 0 0 1
+6 * 1
+6 * 1 0 0 0 0 0 0 0 0 1
+2 +4 1 1
+6 * 1
+2 * 1
+6 * 1 0 0 0 0 0 0 0 0 1
+2 +3 1
+7 * 1 1
+7 * 1 0 0 0 0 0 0 0 0 1
+2 +3 1 0 0 1 0 0 1
+6 * 1
+7 * 1 0 0 0 0 0 0 0 0 1
+2 * 1
fe=(84)

fl=(111)
fn=(380)
0xaf0c0 31 2 0 0 1 0 0 1
fi=(112)
+4 +7 2 2
+7 * 2
+7 * 2 2
+6 +2 2
+2 * 2
+2 * 2
+6 * 2 0 0 0 0 0 0 0 0 2 1
+6 +1 2 2 0 0 1
+7 * 2 0 0 0 0 0 0 0 0 2
+2 +1 2 2
+6 * 2
+6 * 2 0 0 0 0 0 0 0 0 2 1
+2 +4 2 0 0 1 0 0 1
+2 * 2
+2 * 2
+6 * 2 0 0 0 0 0 0 0 0 2
+2 +3 2
+7 * 2
+3 * 2 0 0 0 0 0 0 0 0 2
+2 +3 2
+6 * 2
+7 * 2
+7 * 2
+4 * 2 2
fe=(111)

fl=(230) /usr/src/debug/glibc/glibc/iconv/gconv_simple.c
fn=(786) __gconv_btwoc_ascii
0x2a8c0 49 128 0 0 1 0 0 1
+4 +2 128
+4 * 128
+3 * 128
+5 * 128
+3 +3 128 128

fl=(255)
fn=(906)
0x44200 28 1 0 0 1 0 0 1
+4 +1 1 1
+7 * 1 1
+2 * 1
+2 * 1 0 0 0 0 0 0 0 0 1
+2 * 1
cfi=(256)
cfn=(908)
calls=1 0x41b00 -4 
* * 643 253 9 7 48 0 7 1 0 166 18 3 1

fl=(96)
fn=(336)
0xc28b0 31 1 0 0 1 0 0 1
fi=(89)
+4 +8 1 1
+7 * 1 0 0 1 0 0 1
+7 +1 1 1
+6 * 1
+2 * 1
+6 * 1 0 0 0 0 0 0 0 0 1 1
+16 +1 1 1
+6 * 1
+3 * 1 0 0 0 0 0 0 0 0 1
+2 +4 1
+6 * 1 0 0 0 0 0 0 0 0 1
+2 +3 1
+3 * 1
+7 * 1 0 0 1 0 0 1
+7 * 1
fe=(96)
+4 -17 1
+3 * 1 1

fl=(138)
fn=(458)
0xab4f0 29 2 0 0 1 0 0 1
fi=(139) /usr/src/debug/glibc/glibc/string/../sysdeps/x86_64/multiarch/ifunc-evex.h
+4 +8 2 2
+7 * 2 0 0 1 0 0 1
+7 * 2 2
+6 +1 2
+2 * 2
+2 * 2
+6 * 2 0 0 0 0 0 0 0 0 2 1
+6 +1 2 2
+6 * 2
+3 * 2 0 0 0 0 0 0 0 0 2
+2 +4 2
+6 * 2 0 0 0 0 0 0 0 0 2
+2 +8 2
+7 * 2
+3 * 2 0 0 0 0 0 0 0 0 2
+2 +3 2
+3 * 2
+7 * 2
+7 * 2
fe=(138)
+4 -25 2 2

fl=(345) /usr/src/debug/glibc/glibc/misc/../sysdeps/unix/syscall-template.S
fn=(1488) munmap
0x1175e0 117 3 0 0 1 0 0 1
+4 * 3
+5 * 3
+2 * 3
+6 * 3 0 0 0 0 0 0 0 0 3
+2 +5 3 3

fl=(260) /usr/src/debug/glibc/glibc/misc/sbrk.c
fn=(926) sbrk
0x118050 37 72 0 0 2 0 0 1
+4 * 72 0 72
+1 * 72
+3 * 72
+3 * 72
+4 +6 72 72 0 0 70
+7 * 72 0 0 0 0 0 0 0 0 72 6
+28 +35 4 4
+1 * 4
+3 * 4 4
+10 -38 72 72 0 2 70 0 1
+7 * 72 72 0 0 71 0 0 1
+3 +18 72
+3 * 72 0 0 0 0 0 0 0 0 72 1
+2 +4 72
+3 * 72 0 0 0 0 0 0 0 0 72 3
+2 +4 68 0 0 0 0 0 0 0 0 68
+2 +1 68
+4 -1 68
+3 * 68 0 0 0 0 0 0 0 0 68 1
+2 * 68 0 68
+4 +8 68 0 68 0 0 8
cfi=(261) /usr/src/debug/glibc/glibc/misc/../sysdeps/unix/sysv/linux/brk.c
cfn=(928) brk
calls=68 0x10f7b0 -38 
* * 630 145 77 1 8 8 0 0 0 68 2
+5 * 68 68
+4 * 68
+2 * 68 0 0 0 0 0 0 0 0 68 2
+2 +4 59 59 0 1
+1 * 59
+3 * 59 59
+29 * 9 9
+1 -28 9
+7 +28 9
+3 * 9 9
+4 * 1 0 1 1 0 0 1
+4 -19 1
+2 * 1 0 1
cfi=(261)
cfn=(928)
calls=1 0x10f7b0 -23 
* * 9 2 1 2 0 0 2 0 0 1
+5 * 1
+2 * 1 0 0 0 0 0 0 0 0 1
+2 +4 1 1 0 1 0 0 1
+7 * 1 1
+4 * 1 1
+3 * 1

fl=(362)
fn=(1560)
0x5aff0 25 306359 0 0 1 0 0 1
+4 +1 306359 306359
+3 * 306359
+2 * 306359 0 0 0 0 0 0 0 0 306359
+2 +5 306359 306359
+4 * 306359 306359 0 1 0 0 1
+3 +2 306359
+2 * 306359
+3 * 306359 306359
+4 * 306359 0 0 0 0 0 0 0 0 306359
+2 * 306359
+3 * 306359 0 0 0 0 0 0 0 0 306359
+2 * 306359
+3 * 306359
+3 * 306359 0 0 0 0 0 0 0 0 306359
+2 * 306359
+2 * 306359 0 0 0 0 0 0 0 0 306359
+2 +7 306359 306359

fl=(100)
fn=(348)
0x126ea0 29 3 0 0 1 0 0 1
fi=(101) /usr/src/debug/glibc/glibc/debug/../sysdeps/x86_64/multiarch/ifunc-memset.h
+4 +32 3 3
+7 * 3
+7 * 3 3
+6 * 3
+3 * 3 0 0 0 0 0 0 0 0 3
+2 +3 3 3 0 1 0 0 1
+6 * 3
+6 * 3 0 0 0 0 0 0 0 0 3
+2 +16 3
+3 * 3 0 0 0 0 0 0 0 0 3
+2 +4 3
+2 * 3
+2 * 3
+5 * 3 0 0 0 0 0 0 0 0 3
+6 +8 3
+3 * 3 0 0 0 0 0 0 0 0 3 2
fe=(100)
+75 -63 3 3 0 1 0 0 1
fi=(101)
+67 +71 3 0 0 1 0 0 1
+3 * 3 0 0 0 0 0 0 0 0 3
+2 -48 3
+7 +1 3
+3 * 3 0 0 1 0 0 1 0 0 3 3
fe=(100)

fl=(120)
fn=(402)
0xc29c0 30 2 0 0 1 0 0 1
fi=(117)
+4 +8 2 2
+7 * 2
+7 * 2 2 0 0 1
+6 +2 2
+2 * 2
+2 * 2
+6 * 2 0 0 0 0 0 0 0 0 2
+6 +1 2 2 0 0 1
+7 * 2 0 0 0 0 0 0 0 0 2
+2 +1 2 2 0 0 1
+6 * 2
+6 * 2 0 0 0 0 0 0 0 0 2
+2 +4 2 0 0 1 0 0 1
+2 * 2
+2 * 2
+6 * 2 0 0 0 0 0 0 0 0 2
+2 +3 2
+7 * 2
+3 * 2 0 0 0 0 0 0 0 0 2
+2 +3 2
+6 * 2
+7 * 2
+7 * 2
+4 * 2 2
fe=(120)

fl=(228)
fn=(782)
0xc0940 32 256 0 0 1 0 0 1
+4 * 256 0 256
+1 * 256
+3 * 256 0 256
+1 * 256
+7 +5 256 256
+9 * 256 0 256
+4 * 256
+6 * 256
+6 * 256 0 0 0 0 0 0 0 0 256
+6 * 256
+2 * 256
+3 * 256 0 0 0 0 0 0 0 0 256 1
+6 * 256
+2 +5 256
+3 * 256 0 0 1 0 0 1 0 0 256 3
+2 +52 128 128
+4 * 128 128
+9 * 128 0 0 0 0 0 0 0 0 128
+6 * 128 128
+4 * 128 128
+1 * 128 128
+7 -48 128 128
+7 * 128 128
+4 * 128 128 0 0 1
fi=(384) /usr/src/debug/glibc/glibc/wcsmbs/./wcsmbsload.h
+3 +23 128 128
+4 +1 128 128 0 0 1
+3 * 128
+3 * 128 0 0 0 0 0 0 0 0 128
fe=(228)
+6 -23 128 128 0 1 1 0 1
+3 * 128 128 0 0 1
+4 +1 128 128 0 0 1
+4 * 128 0 0 0 0 0 0 0 0 128 3
+15 +4 128 128
+5 * 128 0 0 0 0 0 0 0 0 128
+2 * 128
+3 * 128 0 0 0 0 0 0 0 0 128
+2 +3 128
+3 * 128 0 128
+4 * 128 0 128
+4 * 128 0 128
+6 * 128 0 128
cfi=(229)
cfn=(784)
calls=128 0x16a450 -15 
* * 640 384 0 1 0 0 1 0 0 128 2
+5 * 128 128
+4 * 128 128 0 1 0 0 1
+4 * 128 128
+4 * 128 128
+9 * 128 0 0 0 0 0 0 0 0 128
+6 * 128 128
+7 * 128 128
+3 +39 128 128
+4 * 128 128
+1 -39 128 0 0 0 0 0 0 0 0 0 0 128 1
cfi=(230)
cfn=(786)
calls=128 0x2a8c0 -6 
* * 768 128 0 1 0 0 1

fl=(231)
fn=(790)
0x11f2a0 26 10 0 0 1 0 0 1
+4 * 10 0 10
+1 * 10
+3 * 10 0 10
+2 * 10 0 10
+2 * 10
+3 * 10 0 10
+2 * 10 0 10
+2 +7 10
+3 -7 10 0 10
+1 * 10
+3 * 10
+4 +3 10 0 10 1 0 0 1
cob=(4)
cfi=(191)
cfn=(792)
calls=10 0x4c72240 -29 
* * 160 30 0 2 4 0 2 3 0 20 1 10 1
+5 * 10
+3 +3 10 10
+3 * 10 0 10
+4 * 10 10 0 0 1
+7 +1 10
+12 +7 48
+5 +1 48 48
+3 * 48 0 0 0 0 0 0 0 0 48
+2 -8 48
+4 +2 48
+3 * 48 0 48
cob=(4)
cfi=(191)
cfn=(792)
calls=48 0x4c72240 -35 
* * 768 144 0 0 1 0 0 1 0 96 0 48
-3 * 10
+3 * 10 0 10
cob=(4)
cfi=(191)
cfn=(792)
calls=10 0x4c72240 -35 
* * 160 30 0 0 1 0 0 1 0 20 4 10
+5 * 58
+3 +2 58
+3 * 58 0 0 0 0 0 0 0 0 58 10
+2 * 49 0 0 1 0 0 1
+3 * 49
+3 * 49
+3 * 49 49 49 0 0 0 0 0 0 0 0 49 1
cfi=(233)
cfn=(796)
calls=49 0x16d620 +36 
* * 1048 225 0 3 0 0 3 0 0 196 23
+6 * 49
+2 * 49 0 0 0 0 0 0 0 0 49 2
+2 +8 10 10
+4 * 10 10 0 0 1
+7 +1 10 10 0 0 2
+5 +1 10
+4 * 10 10
+1 * 10 10
+2 * 10 10
+2 * 10 10
+2 * 10 10
+2 * 10 10
+1 * 10 10

fl=(86)
fn=(316)
0xac050 33 1 0 0 1 0 0 1
fi=(87)
+4 +23 1 1
+7 * 1
+7 * 1 1
+6 +1 1
+3 * 1 0 0 0 0 0 0 0 0 1
+5 +3 1 1
+6 * 1
+6 * 1 0 0 0 0 0 0 0 0 1 1
+52 +14 1 0 0 1 0 0 1
+3 * 1 0 0 0 0 0 0 0 0 1 1
+53 +3 1 0 0 1 0 0 1
+2 * 1 0 0 0 0 0 0 0 0 1
+2 +8 1
+6 * 1 0 0 0 0 0 0 0 0 1
+2 +8 1
+3 * 1 0 0 0 0 0 0 0 0 1
+2 +3 1
+6 * 1 0 0 1 0 0 1
+7 * 1
+7 * 1
+4 * 1 1
fe=(86)

fl=(92)
fn=(328)
0x126c80 29 2 0 0 2 0 0 1
fi=(93)
+4 +27 2 2
+7 * 2
+7 * 2 2
+6 +1 2
+3 * 2 0 0 0 0 0 0 0 0 2 2
+5 +3 2 2
+6 * 2
+6 * 2 0 0 0 0 0 0 0 0 2 2
+52 +14 2 0 0 1 0 0 1
+3 * 2 0 0 0 0 0 0 0 0 2 2
+53 +3 2 0 0 1 0 0 1
+2 * 2 0 0 0 0 0 0 0 0 2
+2 +8 2
+6 * 2 0 0 0 0 0 0 0 0 2
+2 +8 2
+3 * 2 0 0 0 0 0 0 0 0 2 1
+2 +3 2
+6 * 2
+7 * 2
+7 * 2 0 0 1 0 0 1
+4 * 2 2
fe=(92)

fl=(294)
fn=(1102)
0xaf920 77 2 0 0 2 0 0 2
+4 * 2 0 2
+1 * 2
+3 * 2 0 2
+2 * 2 0 2
+2 * 2 0 2
+2 * 2 0 2
+2 * 2 0 2
+1 * 2
+7 +5 2 2 0 0 2 0 0 2
+4 -5 2 2 0 2 0 0 2
+9 * 2 0 2
+4 * 2
+2 * 2 0 2 0 0 1 0 0 1
+7 +5 2
+3 * 2 0 0 0 0 0 0 0 0 2
+6 +2 2
+4 * 2
+3 * 2
+3 * 2 0 2
cob=(4)
cfi=(191)
cfn=(1104) 0x0000000004c72330
calls=2 0x4c72330 -84 
* * 46 8 0 6 1 0 5 1 0 6 2 2 2
+5 * 2
+3 +1 2
+3 * 2 0 0 0 0 0 0 0 0 2 2
0xafb53 -40 2 0 0 2 0 0 2
+3 161 2 2
+4 * 2 2
+9 * 2 0 0 0 0 0 0 0 0 2
+6 * 2
+7 * 2
+3 * 2 2
+1 * 2 2
+2 * 2 2
+2 * 2 2
+2 * 2 2
+2 * 2 2
+1 * 2 2

fl=(357)
fn=(1548)
0x93090 27 306359 0 0 1 0 0 1
+4 +1 306359 306359 0 0 1 0 0 1
+9 * 306359
+4 * 306359
+5 * 306359
+6 * 306359 0 0 0 0 0 0 0 0 306359
+2 * 306359
+2 * 306359
+3 * 306359
+3 +7 306359 306359

fl=(90)
fn=(324)
0xac3c0 33 1 0 0 1 0 0 1
fi=(91)
+4 +5 1 1
+7 * 1 1
+6 +1 1 1
+6 -1 1
+3 * 1 0 0 0 0 0 0 0 0 1
+2 +1 1
+3 * 1 0 0 0 0 0 0 0 0 1
+2 +4 1
+2 * 1
+2 * 1
+5 * 1 0 0 0 0 0 0 0 0 1
+2 +3 1
+7 * 1
+3 * 1 0 0 0 0 0 0 0 0 1
+2 +3 1
+7 * 1 0 0 1 0 0 1
+3 * 1 0 0 0 0 0 0 0 0 1
fe=(90)
+37 -16 1 1

fl=(324)
fn=(1306)
0x54ad0 31 6535498 0 0 1 0 0 1
+4 +1 6535498 0 6535498
+1 +3 6535498
+3 +1 6535498 6535498
+3 +1 6535498
+3 +1 6535498
+3 +1 6535498
+3 +2 6535498
+3 +1 6535498
+4 +2 6535498
+3 +1 6535498 0 0 0 0 0 0 0 0 6535498 1
+2 +1 6535498
+3 +1 6535498 0 0 0 0 0 0 0 0 6535498 13
+2 +1 6151596 0 0 0 0 0 0 0 0 6151596
+2 +2 6151596
+3 +1 6151596 0 0 0 0 0 0 0 0 6151596
+2 +1 6151596 0 6151596
+3 +1 6151596 0 0 1025 0 0 2
+79 +26 383902 0 0 1 0 0 1
+5 +1 383902
+5 +1 383902
+3 +1 383902
+3 +1 383902
+2 +1 383902
+3 +1 383902 383902
+5 +1 383902
+3 +1 383902
+94 +26 383902 0 0 1 0 0 1
+3 +1 383902
+4 +1 383902 0 0 0 0 0 0 0 0 383902
+2 +2 383902 0 383902
+4 +1 383902
+3 +1 383902
+3 +1 383902 0 383902
+5 +1 383902
+3 +1 383902
+3 +2 383902 383902
+1 +3 383902 383902
-4 -5 6151596 0 0 1024 0 0 1
+3 +2 6151596 6151596
+1 +3 6151596 6151596

fl=(325)
fn=(1310)
0x54580 28 2401926 0 0 1 0 0 1
+4 +1 2401926
+5 +1 2401926
+5 +2 2401926
+2 +1 2401926
+3 +1 2401926 0 0 0 0 0 0 0 0 2401926 528
+32 +12 2401926
+3 +1 2401926 0 0 0 0 0 0 0 0 2401926
+2 +1 2401926 2401926
+3 +1 2401926
+2 +1 2401926 0 0 1 0 0 1
+4 +1 2401926
+4 +1 2401926 0 0 0 0 0 0 0 0 2401926 7
+20 +6 2401926
+3 +1 2401926 0 2401926
+3 +1 2401926 2401926

fl=(268)
fn=(978)
0x276a0 242 1 0 0 1 0 0 1
+4 * 1 0 1
+1 * 1
+3 * 1 0 1
+2 * 1 0 1
+2 * 1
+3 * 1 0 1
+2 * 1
+3 * 1 0 1
+2 * 1
+3 * 1 0 1
+1 * 1
+4 * 1 0 1 1 0 0 1
+4 +69 1
+3 * 1 0 0 0 0 0 0 0 0 1
+2 +1 1
+2 * 1
+2 * 1
+3 * 1 0 1
cfi=(247)
cfn=(880)
calls=1 0x404f0 67 
* * 76 13 15 0 0 1 0 0 1 10 2
+5 +25 1 1
+7 * 1 1
+2 * 1
+2 * 1 0 1
+3 * 1
+3 * 1 0 0 0 0 0 0 0 0 1
+6 +6 1 1
+7 * 1 1
+3 -3 1
+3 * 1 0 0 0 0 0 0 0 0 1 1
+18 +10 1 1
+3 * 1 1 1 0 0 0 0 0 0 0 0 1 1
cob=(1)
cfi=(49)
cfn=(990)
calls=1 0x19d10 118 
* * 5 2 0 1 1 0 1 0 0 1
+6 +2 1
+2 * 1 0 0 0 0 0 0 0 0 1 1
+6 +8 1 1
+4 * 1
+3 * 1
+3 * 1 0 1
cfi=(269)
cfn=(992)
calls=1 0x27600 29 
* * 5337686940 1806222264 408499306 47080 67932695 492480 842 320 459654 540845753 8708141 32227366 2109113
+5 128 1 1 0 1 0 0 1
+7 * 1 1 0 0 1
+3 +6 1 1 0 0 1
+7 * 1
+3 * 1 0 0 0 0 0 0 0 0 1
+2 +1 1 0 1 1 0 0 1
+4 * 1 1 0 0 1
+4 * 1
+3 * 1
+3 * 1 1
+3 * 1 0 1 0 0 0 0 0 0 0 0 1 1
cob=(4)
cfi=(191)
cfn=(980) 0x0000000004002000
calls=1 0x4002000 0 
* * 7 2 0 1 1 0 1 0 0 1 1
+2 * 1 1
+4 +3 1 1 0 0 1
+7 +1 1
+3 * 1 0 0 0 0 0 0 0 0 1
+2 +3 1 1
+7 * 1 1 0 0 1
+4 * 1
+4 +2 1
+2 * 1 0 0 0 0 0 0 0 0 1
+2 -1 1 1
+3 * 1 1
+4 * 1
+3 * 1 0 0 1 0 0 1
+4 * 1
+4 * 1 0 1
+4 * 1
+13 +2 1 0 1
+4 * 1
+3 * 1
+3 * 1 1 1 0 1 0 0 0 0 0 0 1 1
cob=(8)
cfi=(267)
cfn=(984)
calls=1 0x2b50 0 
* * 12 1 0 2 0 0 2 0 0 1 1
+2 -1 1
+3 * 1 1
+4 * 1 0 0 0 0 0 0 0 0 1
+2 * 1

fl=(171)
fn=(580)
0xd70f0 41 1 0 0 1 0 0 1
+4 * 1 1
+7 * 1 0 0 1 0 0 1
+7 * 1 1 0 0 1
+7 * 1
+3 * 1
+4 * 1 1

fl=(259) /usr/src/debug/glibc/glibc/malloc/morecore.c
fn=(924) __glibc_morecore
0xa46b0 25 72 0 0 2 0 0 1
+4 +1 72 72
+7 * 72 0 0 0 0 0 0 0 0 72 1
+2 -1 72 0 72
+1 * 72 0 0 2 0 0 1
+3 +4 72 0 72
cfi=(260)
cfn=(926)
calls=72 0x118050 +8 
* * 2421 578 288 10 219 16 6 1 0 490 15
+5 +1 72
+4 * 72 0 0 0 0 0 0 0 0 72 1
+2 +4 63 63
+1 * 63 63
+3 -7 9
+2 +7 9 9
+1 * 9 9

fl=(270)
fn=(994)
0x3e140 28 1 0 0 1 0 0 1
+4 +2 1
+2 +2 1
cfi=(271)
cfn=(996)
calls=1 0x3e070 -1 
* * 28 6 9 3 1 0 3 0 0 2 1

fl=(103)
fn=(356)
0xc43c0 31 1 0 0 1 0 0 1
fi=(89)
+4 +8 1 1
+7 * 1
+7 +1 1 1
+6 * 1
+2 * 1
+6 * 1 0 0 0 0 0 0 0 0 1 1
+16 +1 1 1
+6 * 1
+3 * 1 0 0 0 0 0 0 0 0 1
+2 +4 1 0 0 1 0 0 1
+6 * 1 0 0 0 0 0 0 0 0 1
+2 +3 1
+3 * 1
+7 * 1
+7 * 1
fe=(103)
+4 -17 1
+3 * 1 1

fl=(130)
fn=(430)
0xad100 31 1 0 0 1 0 0 1
fi=(112)
+4 +7 1 1
+7 * 1
+7 * 1 1
+6 +2 1
+2 * 1
+2 * 1
+6 * 1 0 0 0 0 0 0 0 0 1 1
+6 +1 1 1
+7 * 1 0 0 0 0 0 0 0 0 1
+2 +1 1 1
+6 * 1
+6 * 1 0 0 0 0 0 0 0 0 1
+2 +4 1 0 0 1 0 0 1
+2 * 1
+2 * 1
+6 * 1 0 0 0 0 0 0 0 0 1
+2 +3 1
+7 * 1
+3 * 1 0 0 0 0 0 0 0 0 1
+2 +3 1
+6 * 1
+7 * 1
+7 * 1
+4 * 1 1
fe=(130)

fl=(137)
fn=(454)
0xabf40 29 4 0 0 1 0 0 1
fi=(87)
+4 +27 4 4
+7 * 4
+7 * 4 4
+6 +1 4
+3 * 4 0 0 0 0 0 0 0 0 4 3
+5 +3 4 4
+6 * 4
+6 * 4 0 0 0 0 0 0 0 0 4 3
+52 +14 4 0 0 1 0 0 1
+3 * 4 0 0 0 0 0 0 0 0 4 3
+53 +3 4 0 0 1 0 0 1
+2 * 4 0 0 0 0 0 0 0 0 4
+2 +8 4
+6 * 4 0 0 0 0 0 0 0 0 4
+2 +8 4
+3 * 4 0 0 0 0 0 0 0 0 4
+2 +3 4
+6 * 4
+7 * 4
+7 * 4 0 0 1 0 0 1
+4 * 4 4
fe=(137)

fl=(186) /usr/src/debug/glibc/glibc/nptl/../sysdeps/unix/sysv/linux/x86/elision-conf.c
fn=(628) __lll_elision_init
0x93450 92 1 0 0 1 0 0 1
+4 * 1 0 1
+1 +4 1
+5 -4 1
+3 * 1 0 1
+1 +4 1
+4 -4 1
+4 +4 1 1
+9 * 1 0 1
+4 * 1
+7 * 1 1 1 0 0 0 0 0 0 0 0 1 1
cob=(1)
cfi=(11)
cfn=(28)
calls=1 0x14cf0 438 
* * 18 4 1 0 2 0 0 2 0 3 2
+6 +2 1 0 0 1 0 0 1
+7 * 1
+4 * 1
+5 * 1 1 1 0 0 0 0 0 0 0 0 1 1
cob=(1)
cfi=(11)
cfn=(28)
calls=1 0x14cf0 438 
* * 18 4 1 0 2 0 0 2 0 3 2
+6 +2 1
+7 * 1
+4 * 1
+5 * 1 1 1 0 0 0 0 0 0 0 0 1 1
cob=(1)
cfi=(11)
cfn=(28)
calls=1 0x14cf0 438 
* * 18 4 1 0 2 0 0 2 0 3 1
+6 +2 1
+7 * 1
+4 * 1
+5 * 1 1 1 1 0 0 1 0 0 0 0 1 1
cob=(1)
cfi=(11)
cfn=(28)
calls=1 0x14cf0 438 
* * 18 4 1 0 2 0 0 2 0 3 1
+6 +2 1
+7 * 1
+4 * 1
+5 * 1 1 1 0 0 0 0 0 0 0 0 1 1
cob=(1)
cfi=(11)
cfn=(28)
calls=1 0x14cf0 438 
* * 18 4 1 0 2 0 0 2 0 3
+6 +3 1 1 0 0 1 0 0 1
+6 * 1
+2 * 1 0 0 0 0 0 0 0 0 1
+2 +1 1 0 1 0 0 1 0 0 1
+10 +1 1 1
+4 * 1 1
+9 * 1 0 0 0 0 0 0 0 0 1
+2 * 1 1
+4 * 1 1
+1 * 1 1 0 1 0 0 1

fl=(189)
fn=(634)
0x190ad0 0 1 0 0 1 0 0 1
+4 0 1
+10 0 1
+3 0 1
+3 0 1
+3 0 1
+3 0 1
+10 0 1
+3 0 1
+4 0 1
+3 0 1 0 0 1 0 0 1
+3 0 1
+3 0 1
+3 0 1
+4 0 1
+3 0 1
+10 0 1
+3 0 1
+10 0 1
+4 0 1
+4 0 1 1

fl=(341)
fn=(1428)
0x10e540 25 1 0 0 1 0 0 1
+4 +1 1
+5 * 1
+2 * 1
+6 * 1 0 0 0 0 0 0 0 0 1 1
+2 +1 1 1

fl=(356)
fn=(1546)
0x55770 28 376110 0 0 1 0 0 1
+4 +1 376110
+2 +1 376110
+3 +1 376110 0 0 0 0 0 0 0 0 376110 12
+36 +13 376110 0 0 1 0 0 1
+3 +1 376110 0 0 0 0 0 0 0 0 376110 8
+42 +16 376110 0 0 1 0 0 1 0 0 376110
+2 +1 376110 376110
+3 +1 376110 376110
+4 +1 376110
+2 +1 376110
+4 +1 376110
+4 +1 376110 0 0 0 0 0 0 0 0 376110 6
+16 +5 376110
+4 +1 376110 0 376110
+3 +1 376110
+3 +1 376110 0 376110
+4 +1 376110 376110

fl=(123)
fn=(410)
0xd0be0 31 3 0 0 1 0 0 1
fi=(124) /usr/src/debug/glibc/glibc/wcsmbs/../sysdeps/x86_64/multiarch/ifunc-evex.h
+4 +6 3 3
+7 * 3
+7 * 3 3
+6 +1 3
+2 * 3
+2 * 3 0 0 1 0 0 1
+6 * 3 0 0 0 0 0 0 0 0 3 1
+6 +1 3 3
+6 * 3
+3 * 3 0 0 0 0 0 0 0 0 3 1
+2 +4 3
+6 * 3 0 0 0 0 0 0 0 0 3
+2 +8 3
+7 * 3
+3 * 3 0 0 0 0 0 0 0 0 3
+2 +3 3
+3 * 3
+7 * 3
+7 * 3
fe=(123)
+4 -23 3 3

fl=(233)
fn=(796)
0x16d620 73 50 0 0 1 0 0 1
+4 +7 50
+4 +1 50 0 0 0 0 0 0 0 0 50 8
+6 +3 1 1
+4 +1 1 1
+4 +1 1
+4 +4 1
+2 +1 1 0 0 1 0 0 1 0 0 1
+6 +2 1
+4 +1 1 0 0 0 0 0 0 0 0 1
+6 +3 1 1
+5 +1 1 1
+5 +1 1
+4 +3 1
+2 +1 1 0 0 0 0 0 0 0 0 1
+6 +3 1
+7 +1 1 0 0 0 0 0 0 0 0 1
+6 +3 1 1
+5 +1 1 1
+5 +1 1
+4 +1 1
+2 +1 1 0 0 1 0 0 1 0 0 1
+6 +1 1 1
+5 +1 1 1
+5 +1 1
+4 +1 1
+2 +1 1 0 0 0 0 0 0 0 0 1
+6 +3 1
+7 +1 1 0 0 0 0 0 0 0 0 1
+6 +6 1 1
+6 +1 1 1
+6 +1 1
+5 +1 1
+5 +4 1 1 0 1 0 0 1
+4 +1 1 1
+5 +2 1 1
+5 +1 1 1
+5 +1 1 1
+5 +1 1 1
+5 +3 1
+4 +1 1
+4 +1 1
+4 +1 1
+4 +1 1
+2 +1 1 0 0 0 0 0 0 0 0 1
+2 +2 1
+3 * 1 1
+14 +4 39 0 0 1 0 0 1
+4 +10 39 39
+4 +1 39 39
+4 +1 39
+2 +3 39
+3 * 39 39
0x16d900 401 49 0 0 1 0 0 1
+3 +1 49 0 0 0 0 0 0 0 0 49
+2 +5 49
+2 +1 49
+2 +1 49
+5 +1 49
+5 +1 49 0 0 0 0 0 0 0 0 49 2
+2 +3 49 49
+4 +1 49 49
+4 +1 49
+4 +1 49
+2 +3 49
+5 +1 49 0 0 0 0 0 0 0 0 49 13
+6 +1 10
+2 +1 10
+3 * 10 10

fl=(182) /usr/src/debug/glibc/glibc/resource/../sysdeps/unix/sysv/linux/getrlimit64.c
fn=(620) getrlimit
0x10f280 38 1 0 0 1 0 0 1
+4 * 1
+3 +1 1
+2 * 1
+2 * 1
+5 * 1
+2 * 1
+2 * 1
+6 * 1 0 0 0 0 0 0 0 0 1
+2 +1 1 1

fl=(121)
fn=(406)
0xac430 31 1
fi=(122)
+4 +4 1 1
+7 * 1 0 0 1 0 0 1
+7 * 1 1
+6 * 1
+3 * 1 0 0 0 0 0 0 0 0 1 1
+2 +1 1 1
+6 * 1
+3 * 1 0 0 0 0 0 0 0 0 1
+2 +4 1
+2 * 1
+2 * 1
+5 * 1 0 0 0 0 0 0 0 0 1
+2 +3 1
+7 * 1
+3 * 1 0 0 0 0 0 0 0 0 1
+2 +3 1
+3 * 1
+7 * 1
+7 * 1 0 0 1 0 0 1
+4 * 1 1
fe=(121)

fn=(416)
0xac490 31 1
fi=(85)
+4 +5 1 1
+7 +1 1 1
+6 * 1
+2 * 1
+6 * 1 0 0 0 0 0 0 0 0 1 1
fi=(126) /usr/src/debug/glibc/glibc/string/../sysdeps/x86_64/multiarch/strcasecmp.c
+43 -6 1
+3 * 1 1
fi=(85)
+9 +7 1 1 0 1 0 0 1
+6 * 1
+6 * 1 0 0 0 0 0 0 0 0 1
+2 +4 1 1
+6 * 1
+2 * 1
+6 * 1 0 0 0 0 0 0 0 0 1
+2 +3 1 0 0 1 0 0 1
+7 * 1 1
+7 * 1 0 0 0 0 0 0 0 0 1
+2 +3 1
+6 * 1
+7 * 1 0 0 0 0 0 0 0 0 1
+2 * 1
fe=(121)

fl=(227)
fn=(780)
0xd0a20 30 128 0 0 1 0 0 1
+4 * 128 0 128
+1 * 128
+3 * 128
+4 * 128 128
+9 * 128 0 128
+4 * 128
+2 +9 128
+3 * 128 0 0 1 0 0 1 0 0 128 1
+6 * 128
+2 +6 128
+2 -1 128
+3 * 128 0 0 0 0 0 0 0 0 128
+2 +35 128 128
+4 * 128 128
+9 * 128 0 0 0 0 0 0 0 0 128
+6 * 128 128
+1 * 128
+2 * 128 128

fl=(125)
fn=(414)
0xaef60 67 2 0 0 1 0 0 1
+4 -24 2 2
+7 +1 2 2
+6 * 2
+2 * 2
+6 * 2 0 0 0 0 0 0 0 0 2 2
+43 +23 2
+3 * 2 2
+9 -22 2 2 0 1 0 0 1
+6 * 2
+6 * 2 0 0 0 0 0 0 0 0 2
+2 +4 2 2 0 1 0 0 1
+6 * 2
+2 * 2
+6 * 2 0 0 0 0 0 0 0 0 2
+2 +3 2
+7 * 2 2
+7 * 2 0 0 0 0 0 0 0 0 2 1
+2 +3 2
+6 * 2
+7 * 2 0 0 0 0 0 0 0 0 2
+2 * 2

fl=(180)
fn=(616)
0x16a4b0 35 1 0 0 1 0 0 1
+4 * 1 0 1
+1 * 1
+3 * 1 0 1
+1 * 1
+4 * 1 1 0 1 0 0 1
+9 * 1 0 1
+4 * 1
+2 +2 1 0 1
cfi=(181) /usr/src/debug/glibc/glibc/ctype/ctype-info.c
cfn=(618) __ctype_init
calls=1 0x36760 * 
* * 17 10 3 2 6 0 2
+5 +3 1 1 0 0 1
fi=(183) /usr/src/debug/glibc/glibc/elf/../sysdeps/nptl/pthread_early_init.h
+7 -7 1
+5 * 1
fe=(180)
+4 +7 1 0 1 0 0 1 0 0 1
+2 +3 1 0 1 0 0 1 0 0 1
+6 * 1 0 1
fi=(183)
+6 -10 1 0 1
cfi=(182)
cfn=(620)
calls=1 0x10f280 +5 
* * 10 1 0 1 0 0 1 0 0 1
+5 * 1
+5 * 1
+2 * 1 0 0 0 0 0 0 0 0 1
+2 +1 1 1 0 1 0 0 1
+4 +4 1
+5 * 1
+3 * 1
+4 * 1
+4 * 1
+4 +7 1 1 0 0 1
fi=(385) /usr/src/debug/glibc/glibc/elf/../nptl/nptl-stack.h
+7 +16 1
+2 * 1 1
+7 * 1 1
fi=(183)
+7 -16 1 1
fi=(385)
+4 +16 1
+5 * 1
fi=(183)
+3 -7 1 0 1 0 0 1 0 0 1
fi=(385)
+7 +7 1 0 0 1 0 0 1
+3 * 1
fi=(183)
+3 -9 1
+3 -6 1
+8 +2 1
+3 * 1
+4 +4 1
+3 * 1
+5 * 1
+3 * 1 0 1
+4 +1 1 0 1 0 0 1 0 0 1
+7 +3 1 0 1
cfi=(184) /usr/src/debug/glibc/glibc/nptl/pthread_mutex_conf.c
cfn=(624) __pthread_tunables_init
calls=1 0x99500 -1 
* * 78 21 9 4 6 0 2 5 0 10 5 3 3
fe=(180)
+5 -8 1
+3 * 1 0 1
cfi=(185)
cfn=(626)
calls=1 0x42080 238 
* * 18 7 2 2 1 0 2 0 0 3 1
+5 +3 1 0 1
cfi=(186)
cfn=(628)
calls=1 0x93450 +41 
* * 127 32 14 4 11 1 4 11 1 17 6 5 5
+5 +4 1 1 0 1 0 0 1
+4 * 1 1
+9 * 1 0 0 0 0 0 0 0 0 1
+2 +1 1 1
+4 * 1 1
+1 -1 1
cfi=(187)
cfn=(630)
calls=1 0xa76d0 252 
* * 1085 72 160 12 26 34 12 18 33 169 16 12 12

fl=(131)
fn=(434)
0xab570 29 2 0 0 1 0 0 1
fi=(132) /usr/src/debug/glibc/glibc/string/../sysdeps/x86_64/multiarch/ifunc-memcmp.h
+4 +5 2 2
+7 * 2 0 0 1 0 0 1
+7 * 2 2
+6 * 2
+2 * 2
+2 * 2
+6 * 2 0 0 0 0 0 0 0 0 2 2
fe=(131)
+2 -5 2
+3 * 2 2
fi=(132)
+9 +6 2 2
+7 * 2 0 0 0 0 0 0 0 0 2
+2 +2 2 2 0 0 1
+6 * 2
+3 * 2 0 0 0 0 0 0 0 0 2
+2 +4 2
+6 * 2 0 0 0 0 0 0 0 0 2
+2 +3 2 0 0 1 0 0 1
+7 * 2
+3 * 2 0 0 0 0 0 0 0 0 2
+2 +3 2
+3 * 2
+7 * 2
+7 * 2
+4 * 2
fe=(131)

fl=(292)
fn=(1096)
0x10d270 30 2 0 0 2 0 0 2
+4 * 2 0 2
+1 * 2
+3 * 2
+3 * 2
+4 * 2 0 2 2 0 1 2 0 1
+4 * 2 2
+9 * 2 0 2
+4 * 2
+2 +3 2
+4 * 2 0 0 0 0 0 0 0 0 2 1
+2 * 1
+2 * 1
+2 * 1
+2 * 1
+6 * 1 0 0 0 0 0 0 0 0 1
+2 +8 2
+4 * 2
+3 * 2
+3 * 2
+3 * 2 0 2
+5 * 2
+3 * 2 0 0 1 0 0 1
+7 * 2 0 2
cfi=(293)
cfn=(1098)
calls=2 0x931e0 +33 
* * 50 22 8 2 0 1 2 0 1 4 2
+5 +2 2 2
+4 * 2 2
+9 * 2 0 0 0 0 0 0 0 0 2
+2 * 2 2
+1 * 2 2
+9 -7 1
+4 * 1 0 1 0 0 1 0 0 1
+7 +5 1 1
+4 -5 1 0 1
+4 * 1
+4 * 1 0 1
+4 +2 1

fl=(110)
fn=(376)
0xc4430 30 1
fi=(107) /usr/src/debug/glibc/glibc/wcsmbs/../sysdeps/x86_64/multiarch/ifunc-wcslen.h
+4 +10 1 1
+7 +1 1 1 0 1 0 0 1
+6 * 1
+2 * 1
+5 * 1 0 0 0 0 0 0 0 0 1 1
+32 +1 1 1
+6 * 1
+6 * 1 0 0 0 0 0 0 0 0 1
+2 +4 1 1
+6 * 1
+2 * 1 0 0 1 0 0 1
+5 * 1 0 0 0 0 0 0 0 0 1
+2 +3 1
+7 * 1 1
+7 * 1 0 0 0 0 0 0 0 0 1
+2 +3 1
+6 * 1
+7 * 1 0 0 0 0 0 0 0 0 1
fe=(110)
+2 -22 1 1

fl=(184)
fn=(624)
0x99500 55 1 0 0 1 0 0 1
+4 * 1 0 1
+1 +1 1
+5 -1 1
+3 * 1 0 1
+1 +1 1
+4 -1 1
+4 +1 1 1
+9 * 1 0 1
+4 * 1
+7 * 1 1 1 0 1 0 0 0 0 0 0 1 1
cob=(1)
cfi=(11)
cfn=(28)
calls=1 0x14cf0 438 
* * 18 4 1 2 1 0 0 1 0 3 2
+6 +2 1
+7 * 1
+4 * 1
+5 * 1 1 1 1 0 0 1 0 0 0 0 1 1
cob=(1)
cfi=(11)
cfn=(28)
calls=1 0x14cf0 438 
* * 17 4 1 0 2 0 0 2 0 3 1
+6 +2 1
+7 * 1
+4 * 1
+5 * 1 1 1 0 0 0 0 0 0 0 0 1 1
cob=(1)
cfi=(11)
cfn=(28)
calls=1 0x14cf0 438 
* * 18 4 1 0 2 0 0 2 0 3 2
+6 +2 1 1
+4 * 1 1
+9 * 1 0 0 0 0 0 0 0 0 1
+2 * 1 1
+4 * 1 1
+1 * 1 1

fl=(106)
fn=(368)
0xc3b00 29 2 0 0 1 0 0 1
fi=(107)
+4 +11 2 2
+7 +1 2 2
+6 * 2
+2 * 2
+5 * 2 0 0 0 0 0 0 0 0 2 2
+32 +1 2 2
+6 * 2 0 0 1 0 0 1
+6 * 2 0 0 0 0 0 0 0 0 2
+2 +4 2 2
+6 * 2
+2 * 2
+5 * 2 0 0 0 0 0 0 0 0 2
+2 +3 2
+7 * 2 2
+7 * 2 0 0 0 0 0 0 0 0 2
+2 +3 2
+6 * 2
+7 * 2 0 0 0 0 0 0 0 0 2
fe=(106)
+2 -23 2 2

fl=(301)
fn=(1146)
0x89940 32 1542 0 0 2 0 0 2
+4 +3 1542 1542 0 0 272
+4 * 1542 0 0 0 0 0 0 0 0 1542 2
+2 * 1542 1542 0 0 256
+3 * 1542
+2 * 1542 0 0 0 0 0 0 0 0 1542 8
+2 +7 1542 1542

fl=(129)
fn=(426)
0xaee60 31 1
fi=(85)
+4 +5 1 1
+7 +1 1 1
+6 * 1
+2 * 1
+6 * 1 0 0 0 0 0 0 0 0 1 1
fe=(129)
+43 -6 1
+3 * 1 1
fi=(85)
+9 +7 1 1 0 1 0 0 1
+6 * 1
+6 * 1 0 0 0 0 0 0 0 0 1
+2 +4 1 1 0 1 0 0 1
+6 * 1
+2 * 1
+6 * 1 0 0 0 0 0 0 0 0 1
+2 +3 1
+7 * 1 1
+7 * 1 0 0 0 0 0 0 0 0 1
+2 +3 1
+6 * 1
+7 * 1 0 0 0 0 0 0 0 0 1
+2 * 1
fe=(129)

fl=(257) /usr/src/debug/glibc/glibc/string/../sysdeps/x86_64/multiarch/strcmp-avx2.S
fn=(912) __strncmp_avx2
0x171be0 206 2 0 0 1 0 0 1
+4 +24 2
+4 +5 2 0 0 0 0 0 0 0 0 2
+2 +14 2
+5 +25 2
+2 +1 2
+2 +1 2
+3 +2 2
+5 +1 2 0 0 1 0 0 1 0 0 2
+6 +4 2 2
+4 +4 2 2 0 0 2
+4 +2 2
+4 +2 2
+4 +3 2
+4 +2 2
+4 +1 2 0 0 0 0 0 0 0 0 2 2
+7 +11 2
+4 +10 2 2
+4 +1 2 2
+4 +3 2
+2 +4 2
+3 * 2 2
+1 +5 2
+2 +1 2
+5 +1 2 0 0 0 0 0 0 0 0 2

fl=(181)
fn=(618)
0x36760 37 1 0 0 1 0 0 1
+4 +2 1 1 0 0 1
+7 * 1 1 0 0 1
+7 * 1 1
+4 * 1 1 0 0 1
+3 * 1 1 0 0 1
+4 * 1 0 0 1 0 0 1
+7 * 1 0 1
+4 +2 1 1 0 0 1
+4 * 1 1 0 0 1
+7 * 1
+7 * 1 0 1
+4 +2 1 1
+4 -1 1 1
+7 +1 1
+6 -1 1 0 1
+4 +2 1 1

fl=(247)
fn=(882) __internal_atexit
0x403f0 36 5 0 0 1 0 0 1
+4 * 5 0 5
+1 * 5
+3 * 5 0 5
+2 * 5 0 5
+2 * 5 0 5
+1 * 5 0 0 1 0 0 1
+4 +5 5
+3 * 5 0 0 0 0 0 0 0 0 5
+6 * 5
+3 +2 5
+7 * 5
+3 * 5
+3 * 5
+2 * 5
+5 * 5 0 5 0 0 1
+4 * 5 0 0 0 0 0 0 0 0 5
+2 +1 5
+3 * 5 0 5
cfn=(884) __new_exitfn
calls=5 0x402c0 +36 
* * 162 30 21 4 2 0 4 1 0 24 9
+5 +2 5
+3 * 5 0 0 0 0 0 0 0 0 5
+2 +9 5 0 5 0 0 3 0 0 3
+4 +2 5
+7 -5 5 0 0 1 0 0 1
+3 +2 5 0 5
+4 +2 5 0 5
+7 -4 5 5
+9 * 5
+4 +1 5 0 5
+4 +4 5
+2 * 5 5 5 0 0 0 0 0 0 5
+2 * 5
+3 * 5 0 0 0 0 0 0 0 0 5
+2 +1 5
+2 +1 5
+4 * 5 5
+1 * 5 5
+2 * 5 5
+2 * 5 5
+1 * 5 5

fn=(880)
0x404f0 67 5 0 0 1 0 0 1
+4 +1 5
+7 * 5
cfn=(882)
calls=5 0x403f0 -32 
* * 362 65 76 7 2 4 7 1 3 49 9

fn=(884)
0x402c0 80 5 0 0 1 0 0 1
+4 +6 5 5 0 0 1 0 0 1
+7 * 5 0 0 0 0 0 0 0 0 5
+6 -6 5 0 5
+1 * 5
+3 * 5
+3 * 5
+4 +11 5 5 0 0 1
+3 -10 5
+2 +10 5
+3 * 5
+3 * 5 0 0 0 0 0 0 0 0 5
+6 * 5
+3 +2 5 5
+4 * 5
+12 +1 4
+4 * 4
+4 * 4 4
+6 * 4 0 0 0 0 0 0 0 0 4 4
+6 -1 5 0 0 1 0 0 1
+3 * 5 0 0 0 0 0 0 0 0 5 4
+2 -2 1 1
+3 +10 1 0 1
+8 -10 1
+3 * 1
+3 * 1 0 0 0 0 0 0 0 0 1 1
+14 +13 4
+4 * 4 0 0 0 0 0 0 0 0 4
+2 +25 4
+3 +1 4
+4 * 4 0 4
+4 -1 4
+4 * 4
+5 +7 4 0 4
+7 +5 4
+3 -4 4 0 4
+8 +4 4 4
+1 * 4 4
-19 -5 1 0 1
+7 +5 1
+3 -4 1 0 1
+8 +4 1 1
+1 * 1 1
+19 -18 1 0 1 1 0 0 1
+8 -1 1 0 0 1 0 0 1
+4 +12 1

fl=(188)
fn=(1480) _int_free_maybe_consolidate.part.0
0xa47a0 4887 963 0 963 1 0 0 1
+1 * 963
+3 * 963 0 963
+2 * 963 0 963
+2 * 963 0 963
+2 * 963 0 963
+2 * 963 0 963
+1 * 963
+4 * 963 963 0 0 3
+9 * 963 0 963
+4 * 963 0 0 1 0 0 1
+3 +9 963 963
+3 * 963
+2 * 963 0 0 0 0 0 0 0 0 963 1
+6 +3 963
+7 * 963
+3 * 963 0 0 0 0 0 0 0 0 963 11
0xa4980 +17 960 960 0 1 0 0 1
+4 * 960 960
+9 * 960 0 0 0 0 0 0 0 0 960
+6 * 960
+4 * 960 960
+1 * 960 960
+2 * 960 960
+2 * 960 960
+2 * 960 960
+2 * 960 960
+1 * 960 960
+31 -14 963 963 0 1 0 0 1
+4 * 963 963
+4 * 963
+4 * 963 963 0 0 4
+7 * 963 0 0 0 0 0 0 0 0 963 8
+2 +1 3 3
+4 * 3 3
+9 * 3 0 0 0 0 0 0 0 0 3
+6 * 3 3
+7 +13 3
+4 * 3 3
+1 * 3 3
+2 * 3 3
+2 * 3 3
+2 * 3 3
+2 * 3 3
+1 -13 3 0 0 1 0 0 1
cfn=(1482) systrim.constprop.0
calls=3 0xa46e0 2977 
* * 171 51 21 2 15 0 2 0 0 27 6

fn=(1484) sysmalloc_mmap.isra.0
0xa4540 2411 5 0 5 1 0 0 1
+1 * 5
+3 * 5 0 5 0 0 1
+1 +13 5
+5 * 5
+3 * 5
+3 -13 5
+4 +18 5
+3 * 5 0 0 0 0 0 0 0 0 5 2
+25 +3 5
+2 * 5 0 5
+3 * 5
+3 * 5
+6 * 5 0 0 1 0 0 1
+3 * 5
+5 * 5
+3 * 5
+2 * 5 0 5
cfi=(338)
cfn=(1398)
calls=5 0x116c60 47 
* * 130 20 15 0 0 4 0 0 0 20 4
+5 * 5
+3 +3 5
+4 * 5 0 0 0 0 0 0 0 0 5
+2 +4 5 5
+4 * 5 0 0 0 0 0 0 0 0 5 2
+6 +4 5
+3 * 5
+3 * 5
+7 * 5 0 5
+4 * 5 0 5
cfi=(339)
cfn=(1400)
calls=5 0x11b380 60 
* * 170 55 35 0 5 1 0 0 0 15
+5 +16 5 5
+4 * 5 0 0 1 0 0 1
+4 * 5
+3 * 5 0 0 0 0 0 0 0 0 5
+6 +19 5
+3 -1 5 0 5 0 0 5 0 0 5
+7 +5 5
+5 -4 5
+4 * 5 0 5
+4 +4 5 5 5 0 0 0 0 0 0 5
+8 * 5
+7 * 5
+3 +1 5 5
+3 * 5
+2 * 5 0 0 0 0 0 0 0 0 5 2
+2 * 2 0 2
+8 * 2 0 0 0 0 0 0 0 0 2
+2 +3 5
+3 * 5 5 5 0 0 0 0 0 0 5
+9 * 5
+3 +1 5 5
+4 * 5
+3 * 5 0 0 0 0 0 0 0 0 5
+6 * 5 0 5
+9 * 5 0 0 0 0 0 0 0 0 5
+2 +5 5 5
+4 * 5
+3 * 5 5
+1 * 5 5
+5 2019 5 5 0 1 0 0 1
+7 * 5 0 0 1 0 0 1
+4 * 5
+3 * 5 0 0 0 0 0 0 0 0 5 2

fn=(916)
0xa7970 3480 1052703 0 0 1 0 0 1
+4 1337 1052703
+3 * 1052703 0 0 0 0 0 0 0 0 1052703
+6 +19 1052703 0 0 1 0 0 1
+4 * 1052703
+3 * 1052703
+4 * 1052703
+4 * 1052703
+5 * 1052703
+4 3489 1052703 1052703 0 0 18 0 0 1
+7 * 1052703 0 0 0 0 0 0 0 0 1052703 18
+2 +3 1048588 1048588 0 0 6
+7 * 1048588 1048588 0 0 6
+4 * 1048588
+3 * 1048588 0 0 0 0 0 0 0 0 1048588 1
+6 -1 1048587
+3 * 1048587
+4 * 1048587
+4 +4 1048587 0 0 1 0 0 1
+4 * 1048587 0 0 0 0 0 0 0 0 1048587
+2 +2 1048587
+4 * 1048587 1048587 0 0 8
+5 * 1048587
+3 * 1048587 0 0 0 0 0 0 0 0 1048587 8
+2 3224 1048579
+2 * 1048579 0 0 0 0 0 0 0 0 1048579
+6 +4 1048579
+3 * 1048579
+4 * 1048579 1048579 0 0 4 0 0 1
+3 * 1048579 0 1048579
+5 +4 1048579 0 1048579 0 0 27
+5 +1 1048579 0 1048579
+8 3498 1048579 1048579
+11 +12 4123 0 0 1 0 0 1
cfn=(918) __libc_malloc2
calls=4123 0xa6a10 -66 
* * 840803 144236 92231 2275 1297 2226 90 2 2101 159423 7820 1 1
0xa7a90 -17 1 0 0 1 0 0 1
cfn=(1028) tcache_malloc_init
calls=1 0xa6ca0 -96 
* * 481 65 142 11 1 12 11 0 12 147 33

fn=(1378) unlink_chunk.isra.0
0xa3830 1619 3085 0 3085 1 0 0 1
+1 +2 3085 3085
+4 * 3085
+3 * 3085
+4 -2 3085
+3 +2 3085 3085 0 1 4 0 1
+4 * 3085 0 0 0 0 0 0 0 0 3085
+6 +3 3085 3085 0 0 3
+4 +3 3085 3085 0 0 7
+4 * 3085 0 0 0 0 0 0 0 0 3085
+2 -2 3085 3085
+4 +2 3085 3085 0 0 6
+4 * 3085 0 0 0 0 0 0 0 0 3085
+2 +3 3085 0 3085
+4 +1 3085 0 3085
+4 +1 3085
+7 * 3085 0 0 0 0 0 0 0 0 3085 3
+2 * 3085 3085 0 0 4
+4 * 3085
+3 * 3085 0 0 0 0 0 0 0 0 3085 11
+2 +2 1040 1040
+4 * 1040 0 0 0 0 0 0 0 0 1040
+2 +1 1040 1040
+4 * 1040 1040
+4 * 1040 0 0 0 0 0 0 0 0 1040
+2 +3 1040 1040 0 0 21
+5 * 1040 0 0 0 0 0 0 0 0 1040 3
+2 +14 1038 0 1038
+4 +1 1038 0 1038
+4 +3 1038 1038
+1 * 1038 1038
-1 * 2045 2045 0 1 0 0 1
+1 * 2045 2045
+9 -16 2
+3 * 2 0 0 0 0 0 0 0 0 2 2
+53 +1 2 0 0 1 0 0 1
+5 * 2
+4 * 2 0 2
+4 +15 2 2
+1 * 2 2

fn=(1396) sysmalloc_mmap_fallback.constprop.0
0xa4440 2501 9 0 9 1 0 0 1
+1 * 9
+3 * 9 0 9
+2 * 9 0 9
+2 * 9 0 9
+2 * 9 0 9
+2 * 9 0 9
+1 * 9
+4 +4 9 9
+3 +3 9
+3 * 9 9
+7 * 9 0 0 0 0 0 0 0 0 9 2
+2 +1 1
+5 * 1
+3 * 1
+3 * 1
+3 * 1
+3 +3 1
+3 +1 1
+4 * 1
+4 +4 1
+3 -1 1 0 0 1 0 0 1
+3 * 1 0 0 0 0 0 0 0 0 1
-17 -4 8
+3 +1 8
+4 * 8
+4 +4 8
+3 -1 8
+3 * 8 0 0 0 0 0 0 0 0 8
+2 +3 9
+3 * 9
+3 * 9
+3 * 9
+3 * 9
+3 * 9
+6 * 9
+5 * 9
+2 * 9
+3 * 9 0 9
cfi=(338)
cfn=(1398)
calls=9 0x116c60 47 
* * 234 36 27 6 0 0 3 0 0 36 5
+5 * 9
+3 +3 9
+4 * 9 0 0 0 0 0 0 0 0 9
+2 +4 9
+7 * 9 0 0 0 0 0 0 0 0 9 3
+2 +4 9
+7 * 9
+3 * 9
+3 * 9 0 9
cfi=(339)
cfn=(1400)
calls=9 0x11b380 60 
* * 334 105 66 8 12 8 4 1 0 32 8 1 1
+5 +5 9 0 9
+7 +2 9 0 9
+3 +2 9
+4 * 9
+3 * 9 9
+1 * 9 9
+2 * 9 9
+2 * 9 9
+2 * 9 9
+2 * 9 9
+1 * 9 9
+9 2019 9 9 0 1 0 0 1
+7 * 9
+4 * 9
+3 * 9 0 0 0 0 0 0 0 0 9 2

fn=(1030) tcache_init.part.0
0xa6c00 3395 1 0 1 1 0 0 1
+1 +11 1
+5 -11 1
+3 +11 1 0 1
cfn=(918)
calls=1 0xa6a10 +38 
* * 156 26 15 5 1 1 5 0 1 22 11
+5 * 1
+3 * 1 1
+7 * 1 0 1
+4 +2 1
+3 * 1 0 0 0 0 0 0 0 0 1
fi=(281) /usr/src/debug/glibc/glibc/malloc/../string/bits/string_fortified.h
+2 59 1
+4 * 1
+3 * 1
+2 * 1 0 1
+7 * 1 0 1
+11 * 1
+4 * 1 0 0 1 0 0 1
+3 * 1
+6 * 1
+3 * 1 0 1 0 0 0 0 0 0 1 1
* * 94 0 93 0 0 11 0 0 11 94 9
fe=(188)
+3 3411 1
+7 +1 1 1
+8 * 1
+4 * 1
+5 * 1
+4 * 1
+3 * 1
+4 * 1
+5 * 1 0 1
+3 * 1
+4 * 1 0 1
+4 * 1 0 1
+4 -1 1
+3 * 1 0 0 0 0 0 0 0 0 1 1
-18 +1 2 0 2
+3 * 2
+4 * 2 0 2
+4 * 2 0 2
+4 -1 2
+3 * 2 0 0 0 0 0 0 0 0 2 1
+2 +1 1 0 1
+8 +2 1 1
+1 * 1 1

fn=(1482)
0xa46e0 2977 3 3
+7 * 3 3
+4 * 3
+4 +2 3
+4 +1 3
+3 * 3 0 0 0 0 0 0 0 0 3
+2 +5 3 3
+7 +1 3 0 0 1 0 0 1
+3 -1 3
+3 * 3 0 0 0 0 0 0 0 0 3
+2 +4 3 3 0 0 3
+7 * 3 3 0 0 3
+4 * 3
+3 * 3
+3 +2 3
+3 * 3 0 0 0 0 0 0 0 0 3 2
+5 -23 3 0 3
+1 +30 3
+2 -30 3
+3 * 3
+4 +30 3 0 3
+4 * 3 0 3
+4 * 3 0 3
cfi=(259)
cfn=(924)
calls=3 0xa46b0 25 
* * 78 24 9 0 9 0 0 0 0 15 4
+6 * 3
+3 +1 3 3
+4 * 3 3 0 1 0 0 1
+7 * 3
+3 * 3 0 0 0 0 0 0 0 0 3
+2 +32 3 3
+1 -50 3
+2 +50 3 3

fn=(918)
0xa6a10 3444 4125 0 4125 1 0 0 1
+1 * 4125
+3 * 4125 0 4125 0 0 17
+2 * 4125 0 4125
+1 * 4125
+3 * 4125
+4 +4 4125 4125 0 0 17
+7 * 4125 0 0 0 0 0 0 0 0 4125 21
0xa6a8f +28 4125 0 0 1 0 0 1
+4 * 4125 4125
+1 * 4125 4125
+2 * 4125 4125
+1 * 4125 4125
0xa6b10 -26 4125 0 0 1 0 0 1
+3 * 4125
+7 * 4125 0 4125
cfn=(920) _int_malloc
calls=4125 0xa59a0 3977 
* * 746263 119541 75761 2279 1281 2210 94 2 2102 142974 7751 1 1
+5 +1 4125
+3 * 4125 0 0 0 0 0 0 0 0 4125 1
+2 * 4125 4125
+4 * 4125
+3 * 4125 0 0 0 0 0 0 0 0 4125 1
fi=(187)
+6 151 4120
+3 * 4120 0 0 0 0 0 0 0 0 4120 67
fe=(188)

fn=(1370) _int_free_create_chunk
0xa3ab0 4817 3092 3092 0 1 0 0 1
+4 * 3092 0 0 0 0 0 0 0 0 3092 3
+6 -1 3090 0 3090
+1 * 3090
+3 * 3090 0 0 1 0 0 1
+3 * 3090
+3 * 3090
+4 +7 3090 3090 0 0 1026
+6 * 3090 0 0 0 0 0 0 0 0 3090 1040
+2 +4 2054 0 2054
+5 +4 2054
+6 * 2054 0 0 0 0 0 0 0 0 2054
+2 +9 3090 3090
+4 -1 3090
+4 +2 3090 3090
+4 * 3090 0 0 0 0 0 0 0 0 3090
+6 +2 3090
+4 * 3090 0 3090 0 0 10 0 0 8
+4 +22 3090
+3 -5 3090 0 3090
+4 +5 3090 0 0 1024 0 0 1
+4 -4 3090 0 3090
+4 +1 3090 0 3090
+4 +1 3090 0 3090
+4 +2 3090 0 3090
+4 +1 3090 0 3090
+4 +15 3090 3090
+1 * 3090 3090
+9 * 1036 0 1036
+4 -57 1036
+3 * 1036 0 1036
+4 * 1036 0 1036
+4 * 1036 0 1036
+4 * 1036 0 1036
cfn=(1378)
calls=1036 0xa3830 1619 
* * 22852 9348 3118 4 10 0 4 0 0 5200 12
+5 +1 1036 1036
+4 * 1036 1036
+4 * 1036 1036 0 1024 0 0 1
+4 * 1036 1036
+4 +6 1036
+6 * 1036 0 0 0 0 0 0 0 0 1036 8
+66 +43 2 0 0 1 0 0 1
+4 +1 2
+3 * 2
+4 * 2 0 2
+4 +1 2 0 2
+4 +5 2 2

fn=(922) sysmalloc
0xa50f0 2543 73 0 73 2 0 0 1
+1 * 73
+3 * 73 0 73
+2 * 73 0 73
+2 * 73 0 73
+2 * 73
+3 * 73 0 73
+2 * 73 0 73 0 0 8
+1 * 73 0 0 1 0 0 1
+4 +20 73 73 0 0 72
+7 -20 73 73 0 0 12
+9 * 73 0 73 0 0 4
+4 * 73
+3 +20 73 73 0 0 72
+4 +11 73
+3 * 73 0 0 0 0 0 0 0 0 73
+6 +1 73 73 0 0 71
+7 * 73 0 0 0 0 0 0 0 0 73 3
+6 -11 68 0 68
+4 +35 68 68
+4 +11 68 0 0 1 0 0 1
+4 -10 68 68
+4 * 68
+3 * 68
+4 +1 68
+4 +9 68
+3 * 68 0 0 0 0 0 0 0 0 68 2
+2 * 1
+4 * 1
+3 * 1 0 0 0 0 0 0 0 0 1 1
+2 * 67
+4 * 67 0 0 0 0 0 0 0 0 67
+6 * 67
+2 * 67 0 0 0 0 0 0 0 0 67
+6 * 67
+4 * 67
+3 * 67 0 0 0 0 0 0 0 0 67
+6 +6 67
+4 * 67
+3 * 67 0 0 0 0 0 0 0 0 67
+6 +3 68 0 0 1 0 0 1
+7 * 68
+3 * 68 0 0 0 0 0 0 0 0 68 68
0xa5210 2932 68 68 0 1 0 0 1
+7 * 68 68
+7 * 68 0 0 0 0 0 0 0 0 68
+2 +1 68 0 68
+7 +5 68 68
+4 * 68
+4 +3 68
+3 * 68 0 0 0 0 0 0 0 0 68
+6 +5 68
+7 * 68 0 0 1 0 0 1
+2 -2 68
+4 +2 68
+3 -1 68 0 68
+4 +1 68
+3 -3 68
+3 +3 68
+4 +1 68
+4 -1 68
+3 * 68
+4 * 68 0 68
+4 +1 68 0 68 0 0 68 0 0 68
+4 +2 68
+4 +6 68 68
+4 * 68 68
+9 * 68 0 0 0 0 0 0 0 0 68 2
-13 * 5 5
+4 * 5 5
+9 * 5 0 0 0 0 0 0 0 0 5
+6 * 73 0 0 2 0 0 1
+4 * 73 73
+1 * 73 73
+2 * 73 73
+2 * 73 73
+2 * 73 73
+2 * 73 73
+1 * 73 73
+2 2576 5 5
+6 * 5 5
+6 * 5 0 0 0 0 0 0 0 0 5
+6 +3 5 5
+7 * 5
+4 * 5
+3 * 5 0 0 0 0 0 0 0 0 5
+6 +8 5
+2 * 5
+3 * 5
+3 * 5 0 5 1 0 5 1
cfn=(1484)
calls=5 0xa4540 2411 
* * 599 125 107 5 5 11 5 0 5 87 12
+5 +1 5
+4 * 5 0 0 0 0 0 0 0 0 5 2
0xa5388 +92 68 68 0 3 0 0 1
+7 * 68
+5 +9 68
+3 * 68
+3 * 68 68
+4 * 68
+4 +13 68 68
+7 * 68
+3 * 68 0 0 0 0 0 0 0 0 68
+6 +8 68
+5 * 68
+3 * 68
+3 * 68
+3 * 68 0 68 2 0 0 1
+4 +8 68
+3 * 68 0 0 0 0 0 0 0 0 68 3
+6 +20 9 9
+7 * 9
+4 * 9
+3 * 9 0 0 0 0 0 0 0 0 9 2
+68 +15 9 0 0 1 0 0 1
+3 * 9 0 0 0 0 0 0 0 0 9
+6 -4 9 9
+4 +6 9 9
+8 -6 9
+4 +6 9 0 0 0 0 0 0 0 0 9
+6 +2 9 9 0 1
+7 * 9
+2 * 9
+3 * 9 0 9
+7 +9 9 9
+7 * 9 0 0 0 0 0 0 0 0 9 1
-7 * 1 1 0 1 0 0 1
+7 * 1 0 0 0 0 0 0 0 0 1
+6 * 1
+3 * 1 0 0 0 0 0 0 0 0 1 1
+32 +40 1 0 0 1 0 0 1
+3 * 1
+3 * 1 0 0 0 0 0 0 0 0 1 1
+25 +22 1
+3 * 1
+3 +1 1
+5 * 1
+3 * 1
+3 * 1
+3 * 1
+3 +2 1 0 0 0 0 0 0 0 0 1
+6 * 1 0 1 1 0 0 1
+4 +1 1
+3 * 1 0 1
+4 * 1 0 1
cfi=(259)
cfn=(924)
calls=1 0xa46b0 25 
* * 26 8 3 0 0 0 0 0 0 5 3
+6 +12 1 1
+4 * 1 1
+4 * 1
+3 -12 1
+3 +12 1 0 0 0 0 0 0 0 0 1
+6 2019 1 1
+7 * 1
+4 * 1
+3 * 1 0 0 0 0 0 0 0 0 1
+6 2793 1 1
+4 * 1
0xa5588 -50 9 0 0 1 0 0 1
+3 * 9
+5 * 9
+3 * 9
+3 * 9
+3 * 9 0 9
+4 * 9 0 9
+4 * 9 0 9
cfn=(1396)
calls=9 0xa4440 2501 
* * 1041 231 183 17 12 8 10 1 0 113 20 1 1
+5 +2 9 9
+4 * 9 9
+4 * 9
+4 -2 9
+3 +2 9 0 0 0 0 0 0 0 0 9 3
+83 2937 68 0 68 61 0 0 1
+4 2720 68
+3 * 68 0 68
+4 * 68 0 68
+4 * 68 0 68
+4 * 68 0 68 0 0 8
cfi=(259)
cfn=(924)
calls=68 0xa46b0 25 
* * 3046 762 420 14 210 16 8 1 0 614 10
+6 +1 68 68
+4 * 68 68
+4 * 68
+3 * 68 68
+4 -1 68
+3 +1 68 0 0 0 0 0 0 0 0 68 60
+2 2019 59 59
+7 * 59 59
+4 * 59 0 0 59 0 0 1
+4 * 59
+3 * 59 0 0 0 0 0 0 0 0 59 2
+60 2723 68 0 0 2 0 0 1
+1 +3 68
+3 * 68 0 0 0 0 0 0 0 0 68 2
+6 +29 59 59
+8 +2 59 59
+4 -2 59 0 0 0 0 0 0 0 0 59 1
+6 +2 59 59
+7 * 59
+3 * 59 0 59
+7 +6 59
+3 * 59 0 0 0 0 0 0 0 0 59 1
+6 +1 58
+3 2937 58 58 0 1
+7 2764 58
+4 * 58 0 58
+4 * 58
+5 +94 9
+3 * 9
+4 * 9 0 0 0 0 0 0 0 0 9
+6 -65 9
+3 +84 9
+3 * 9 0 0 0 0 0 0 0 0 9
+6 +10 10 0 0 1 0 0 1
+3 -1 10 0 10
+7 +1 10
+3 * 10
+4 * 10 0 10 0 0 10 0 0 10
+4 +1 10 0 10 1 0 0 1
+7 +11 10
+3 * 10 0 0 0 0 0 0 0 0 10 1
+6 +7 9
+4 * 9
+4 +1 9
+3 * 9
+4 * 9 0 9
+4 +8 9 0 9 0 0 9 0 0 9
+9 +2 9 0 9
+9 +5 9
+4 * 9 0 0 0 0 0 0 0 0 9
+6 +2 9 9
+4 * 9
+5 * 9
+3 * 9 0 9
+4 * 9
+7 * 9
+4 * 9 0 9
cfn=(1366) _int_free_chunk
calls=9 0xa4dd0 4634 
* * 864 234 162 4 0 8 0 0 8 135 6
+5 +13 9 9
+7 * 9 9
+4 * 9
+8 2756 1 0 1 1 0 0 1
+7 * 1
0xa57e0 +38 1 0 1 1 0 0 1
+4 * 1
+3 * 1
0xa5895 2028 1 0 0 1 0 0 1
+3 * 1
+5 * 1

fn=(1366)
0xa4dd0 4634 3095 0 3095 9 0 0 1
+1 * 3095
+3 * 3095
+3 * 3095
+3 * 3095
+3 * 3095
+3 * 3095 0 3095
+1 * 3095
+4 1805 3095 3095 0 0 8
+7 4642 3095
+3 * 3095 0 0 0 0 0 0 0 0 3095 6
0xa4e90 +78 3095 3095 0 1 541 0 1
+7 -3 3095 3095
+4 +3 3095 3095 0 0 583
+3 -3 3095
+2 * 3095 0 0 0 0 0 0 0 0 3095 4
+2 +6 3092 3092 0 0 5
+7 * 3092 0 0 0 0 0 0 0 0 3092
+6 +6 3092
+3 * 3092
+3 * 3092
+3 * 3092 0 3092 0 0 4
cfn=(1368) _int_free_merge_chunk
calls=3092 0xa4c60 +39 
* * 320948 93871 63422 3861 1098 14 21 0 8 54292 1158
+5 +2 3092
+3 +16 3 3
+6 * 3
+2 * 3 0 0 0 0 0 0 0 0 3
+2 +10 3
+3 * 3 0 3 0 0 3
cfn=(1486) munmap_chunk
calls=3 0xa2ef0 3035 
* * 105 24 9 3 6 0 3 0 0 15
+5 +2 3095 3095 0 1 0 0 1
+7 * 3095 0 3095
+3 +2 3095 3095
+4 * 3095 3095
+1 * 3095 3095
+87 -12 3 3 0 1 3 0 1
+7 * 3 0 0 1 0 0 1 0 0 3
+2 * 3
+6 * 3 0 0 0 0 0 0 0 0 3
+2 +2 3
+4 +1 3
+4 -1 3 0 3
+7 +1 3 0 3
+7 +1 3
+1 * 3

fn=(1486)
0xa2ef0 3035 3 0 3
+1 +2 3 3
+4 -2 3
+3 +4 3
+4 * 3 0 0 0 0 0 0 0 0 3
+2 +3 3 3 0 1 0 0 1
+3 * 3
+3 -5 3
+4 +4 3
+4 +1 3
+3 +1 3
+3 -7 3 3 0 0 3
+7 +13 3 3 0 0 3
+4 * 3
+3 * 3
+3 * 3
+4 +1 3
+3 -1 3
+3 +1 3
+4 * 3
+3 * 3
+3 * 3 0 0 0 0 0 0 0 0 3
+2 +3 3 3 3 1 0 0 1 0 0 3
+8 +1 3
+3 * 3
+3 * 3 3 3 0 0 0 0 0 0 3
+8 +6 3 3
+1 -1 3
+3 * 3
cfi=(345)
cfn=(1488)
calls=3 0x1175e0 117 
* * 18 3 0 1 0 0 1 0 0 3

fn=(1368)
0xa4c60 4768 3092 0 3092 3 0 0 1
+1 * 3092
+3 * 3092 0 3092
+2 * 3092 0 3092
+2 * 3092 0 3092 0 0 4
+1 * 3092
+4 +5 3092 3092 0 0 5
+4 * 3092
+3 * 3092 0 0 0 0 0 0 0 0 3092 2
+6 * 3092
+3 * 3092
+3 -4 3092 0 0 1024 0 0 1
+4 +7 3092
+3 * 3092 3092 0 0 5
+4 * 3092 0 0 0 0 0 0 0 0 3092 4
+6 +5 3092 3092 0 0 13
+4 * 3092
+4 * 3092 0 0 0 0 0 0 0 0 3092
+6 +4 3092
+4 * 3092 0 0 0 0 0 0 0 0 3092
+6 -1 3092
+4 +1 3092 3092 0 0 5
+7 * 3092 0 0 0 0 0 0 0 0 3092
+6 2003 3092 3092
+6 * 3092 0 0 769 0 0 1
+2 * 3092 0 0 0 0 0 0 0 0 3092
+6 4792 3092 3092
+4 * 3092 0 0 0 0 0 0 0 0 3092 17
+2 +2 1019 1019
+3 +2 1019
+3 +1 1019 1019 0 0 4
+4 * 1019
+4 * 1019
+3 * 1019 0 0 0 0 0 0 0 0 1019
+6 +2 1019
+3 * 1019 0 1019
+4 -4 1019
+3 +4 1019 0 1019
+4 * 1019 0 1019
cfn=(1378)
calls=1019 0xa3830 1619 
* * 22463 9191 3067 0 8 0 0 0 0 5110 2
+5 * 1019 1019
+4 * 1019 1019
+4 +4 1019
+3 * 1019
+3 * 1019
+3 * 1019 0 1019
cfn=(1370)
calls=1019 0xa3ab0 +14 
* * 28773 6222 9217 2 1024 0 2 0 0 4121 23
-9 * 2073 0 0 1 0 0 1
+3 * 2073
+3 * 2073
+3 * 2073 0 2073
cfn=(1370)
calls=2073 0xa3ab0 +14 
* * 89939 25814 25859 2053 12 10 7 0 8 13441 1040
+5 +91 3092
+6 * 3092 0 0 0 0 0 0 0 0 3092 42
+2 -89 2129
+4 * 2129 2129
+1 * 2129 2129
+2 * 2129 2129
+2 * 2129 2129
+1 * 2129 2129
+8 * 963
+4 * 963
+3 * 963 963
+1 * 963 963
+2 * 963 963
+2 * 963 963
+1 * 963
cfn=(1480)
calls=963 0xa47a0 +82 
* * 31953 13533 6762 7 22 0 7 0 0 3879 26
+43 -29 1986 1986 0 2 0 0 1
+4 * 1986
+4 * 1986
+3 * 1986
+3 * 1986 0 0 0 0 0 0 0 0 1986 2

fn=(920)
0xa59a0 3977 4125 0 4125 1 0 0 1
+1 * 4125
+3 * 4125 0 4125
+2 * 4125 0 4125
+2 * 4125 0 4125 0 0 17
+2 * 4125 0 4125
+2 * 4125 0 4125
+1 * 4125
+4 1337 4125
+3 * 4125 0 0 0 0 0 0 0 0 4125 2
+6 +19 4125
+4 * 4125 0 0 1 0 0 1
+3 * 4125
+3 * 4125
+4 * 4125 0 0 0 0 0 0 0 0 4125
+6 * 4125
+4 4018 4125
+3 * 4125 0 0 0 0 0 0 0 0 4125
+6 1805 4125 4125 0 0 17
+7 4045 4125
+3 * 4125 0 0 0 0 0 0 0 0 4125 9
+6 +67 4
+3 * 4
+4 -65 4
+4 * 4
+3 * 4
+4 * 4 0 0 2 0 0 1
+4 +3 4 4 0 0 1
+4 +2 4
+3 * 4 0 0 0 0 0 0 0 0 4 4
0xa5b00 1996 1023 1023
+6 * 1023
+2 * 1023 0 0 0 0 0 0 0 0 1023
+6 4623 4125
+4 * 4125
+3 * 4125 4125
+1 * 4125 4125
+2 * 4125 4125
+2 * 4125 4125
+2 * 4125 4125
+2 * 4125 4125
+1 * 4125 4125
+1 4110 4121 0 0 1 0 0 1
+7 * 4121 0 0 0 0 0 0 0 0 4121 6
+6 +62 4116
+3 * 4116
+4 * 4116
+4 * 4116
+7 * 4116 0 0 2 0 0 1 0 0 4116 3
+2 * 4114
+3 * 4114
+4 * 4114
+4 * 4114
+7 * 4114 0 0 0 0 0 0 0 0 4114 6
+2 * 13
+3 * 13
+4 * 13
+4 * 13
+7 * 13 0 0 0 0 0 0 0 0 13 4
+2 * 9
+3 * 9
+5 * 9
+3 * 9
+4 * 9
+4 * 9
+3 * 9 0 0 1 0 0 1
+3 * 9
+4 * 9
+4 * 9
+4 * 9
+4 * 9
+3 * 9
+11 +1 9 9 0 0 7
+4 * 9
+2 * 9 0 0 0 0 0 0 0 0 9
-6 * 4107 4107 0 0 7
+4 * 4107
+2 * 4107 0 0 0 0 0 0 0 0 4107 1
+6 +19 4125
+3 +1 4125 4125 0 0 13
+7 -2 4125
+2 +1 4125
+4 * 4125
+4 +1 4125 4125 0 1 36 0 1
+5 * 4125 0 0 0 0 0 0 0 0 4125 4
+2 -2 4123 4123
+7 * 4123
+4 +12 4123 4123 0 0 18
+4 * 4123
+4 * 4123 0 4123
+8 * 4123
+3 * 4123 0 0 0 0 0 0 0 0 4123 1048
-19 * 2 2
+4 * 2
+4 * 2 0 2
+8 * 2
+3 * 2 0 0 0 0 0 0 0 0 2 2
+6 -1 2071 0 2071
+7 * 2071
+3 * 2071 0 2071
+4 * 2071
+3 +4 2071 2071 0 0 9
+4 * 2071 0 0 2 0 0 1
+4 +3 2071
+4 * 2071 0 0 0 0 0 0 0 0 2071 2
-12 -3 12 12 0 0 1
+4 * 12
+4 +3 12
+4 * 12 0 0 0 0 0 0 0 0 12
+6 +1 2083 2083 0 0 14
+7 * 2083
+3 * 2083 0 0 0 0 0 0 0 0 2083 6
+6 -3 2083
+4 +5 2083 2083 0 0 15
+5 +1 2083
+4 * 2083 0 0 0 0 0 0 0 0 2083
+6 * 2083
+3 * 2083 0 0 0 0 0 0 0 0 2083 1
+6 +2 2083 2083
+4 * 2083 0 0 3 0 0 1
+4 * 2083
+3 * 2083 0 0 0 0 0 0 0 0 2083
+6 -10 2083 2083 0 0 2
+4 +12 2083 2083 0 0 8
+4 * 2083 0 0 0 0 0 0 0 0 2083
+6 +1 2083 2083
+4 * 2083 0 0 0 0 0 0 0 0 2083 1
+6 +2 2083
+3 * 2083 0 0 0 0 0 0 0 0 2083
+6 +11 2083
+7 * 2083 0 0 0 0 0 0 0 0 2083 6
+2 * 4
+3 * 4 0 0 0 0 0 0 0 0 4 2
+6 +29 2079 0 2079 769 0 0 1
+4 +1 2079 0 2079
+4 +4 2079
+3 * 2079 0 0 0 0 0 0 0 0 2079 1023
+6 +29 1056
+6 * 1056 0 0 0 0 0 0 0 0 1056
+6 +8 1056
+3 * 1056
+4 * 1056
+6 * 1056 0 0 0 0 0 0 0 0 1056 5
+6 * 5
+3 * 5
+5 * 5 0 5
+3 * 5
+3 * 5
+4 +1 5 0 0 1
+3 +1 5 5 0 0 5
+4 -1 5
+5 +4 5
+3 * 5 0 0 0 0 0 0 0 0 5
-15 -4 1051 0 0 768 0 0 1
+3 +1 1051 1051 0 0 19
+4 -1 1051
+5 +4 1051
+3 * 1051 0 0 0 0 0 0 0 0 1051 12
+6 +5 15 15
+5 * 15 15 0 0 8
+5 * 15
+4 * 15 0 0 0 0 0 0 0 0 15
+6 -2 15
+4 +3 15
+3 * 15 0 0 0 0 0 0 0 0 15 4
+46 +44 1056 1056 0 2 0 0 1
+3 * 1056
+6 +9 1056 0 1056
+5 -9 1056
+2 * 1056
+3 * 1056
+3 * 1056
+2 * 1056 0 1056 0 0 13
+8 +2 1056 0 1056 1 0 0 1
+4 -1 1056 0 1056
+4 +2 1056 0 1056
+4 +7 1056 1056
+3 -6 1056 0 1056
+5 +6 1056
+2 * 1056 0 0 0 0 0 0 0 0 1056 12
0xa5e2e 4113 9 0 0 2 0 0 1
+3 +2 9 9 0 0 6
+4 -2 9
+4 +2 9
+3 * 9 0 0 1 0 0 1 0 0 9 6
0xa5f6b -63 4 0 0 3 0 0 1
+5 * 4
+4 * 4
+60 4267 1023 0 0 1 0 0 1
+4 +1 1023
+7 -1 1023 0 1023
+5 +1 1023 0 0 1 0 0 1
+3 * 1023 0 0 0 0 0 0 0 0 1023 2
+7 -14 1023
+4 +19 1023
+3 * 1023 0 0 0 0 0 0 0 0 1023
+79 4376 1056 0 0 1 0 0 1
+4 * 1056
+3 * 1056
+5 * 1056 0 0 0 0 0 0 0 0 1056
+2 4203 1056 1056
+4 * 1056
+3 * 1056 0 0 0 0 0 0 0 0 1056 8
+6 4382 1044 1044
+3 * 1044
+3 * 1044 1044
+4 * 1044
+2 * 1044 0 0 0 0 0 0 0 0 1044
+6 +11 3098 0 0 1 0 0 1
+4 * 3098
+7 * 3098 0 0 0 0 0 0 0 0 3098 5
+2 +2 3093
+4 * 3093
+3 * 3093
+4 +3 3093 3093 0 0 543
+3 -3 3093
+4 +3 3093
+3 * 3093 0 0 0 0 0 0 0 0 3093 11
+2 +1 3 3
+4 * 3 0 0 0 0 0 0 0 0 3 2
+6 * 3096
+3 * 3096 0 0 1 0 0 1
+3 * 3096
+3 +67 3096
+4 +1 3096
+3 +1 3096
+3 -1 3096
+5 +1 3096
+4 +1 3096
+3 * 3096 3096 0 0 1
+8 +1 3096
+5 * 3096
+2 * 3096
+7 +5 3096
+3 * 3096
+2 * 3096 0 0 0 0 0 0 0 0 3096 10
-5 * 1025
+3 * 1025
+2 * 1025 0 0 0 0 0 0 0 0 1025 1
+2 * 2070
+9 +16 14348
+4 +2 14348
+2 * 14348 0 0 0 0 0 0 0 0 14348
+6 -4 16401 0 0 1 0 0 1
+2 * 16401 0 0 0 0 0 0 0 0 16401 2066
+2 +8 2053 2053 0 0 4
+4 +3 2053
+3 * 2053 0 0 0 0 0 0 0 0 2053 1028
+6 +2 1025
+2 +1 1025
+4 +1 1025
+2 -2 1025
+2 * 1025
+2 * 1025
+3 * 1025 0 1025
+8 -27 1025
0xa6190 4302 1051 0 0 1 0 0 1
+3 * 1051
+4 * 1051
+6 * 1051 0 0 0 0 0 0 0 0 1051 5
+6 * 1037
+3 * 1037
+4 * 1037
+6 * 1037 0 0 0 0 0 0 0 0 1037 1027
+6 * 1026
+8 * 1026 0 0 1 0 0 1
+3 * 1026
+3 * 1026 0 1026
+3 * 1026
+4 * 1026
+21 -70 4 4
+4 * 4 0 0 0 0 0 0 0 0 4
+6 +2 4
+4 -1 4
+3 * 4 0 0 0 0 0 0 0 0 4 2
+79 +65 14 0 0 1 0 0 1
+8 +4 14
+3 * 14
+3 * 14 0 14
+3 * 14
+4 * 14
+59 +52 1041 0 0 1 0 0 1
+5 -51 1041
+3 +51 1041
+4 * 1041 0 1041 0 0 5
+4 * 1041
0xa6320 3241 5 0 0 2 0 0 1
+2 4112 5
+3 * 5
+3 * 5
+4 * 5
+3 * 5
+4 * 5
+13 4328 15 15 0 1 7 0 1
+4 * 15
+4 * 15 0 0 0 0 0 0 0 0 15 4
+42 +1 15
+3 * 15 0 0 0 0 0 0 0 0 15
+2 +6 15 0 0 0 0 0 0 0 0 15 3
+6 +7 1 1
+4 -1 1
+5 * 1
+5 * 1
+4 * 1 0 1
+4 +2 1 1
+4 * 1 0 0 0 0 0 0 0 0 1
+6 +2 1 0 1
+4 +1 1 1
+4 * 1
+3 * 1 0 1
+4 +2 1 1
+4 +1 1 1
+5 * 1 0 0 0 0 0 0 0 0 1 1
-9 -1 14 14 0 1 7 0 1
+4 +1 14 14
+5 * 14 0 0 0 0 0 0 0 0 14 2
+59 4065 2070 0 0 1 0 0 1
+4 * 2070
+3 * 2070
+8 * 2070 0 0 1 0 0 1
+33 4482 15 15
+2 * 15
+4 * 15
+2 * 15 0 0 0 0 0 0 0 0 15 2
+6 * 13
+3 -3 13
+3 * 13
+3 * 13 0 0 0 0 0 0 0 0 13 5
-6 * 2070
+3 * 2070
+3 * 2070 0 0 0 0 0 0 0 0 2070 5
+2 4579 2068 2068
+4 +1 2068 2068 0 1 38 0 1
+4 * 2068
+4 +2 2068 2068 0 0 3
+7 * 2068 0 0 0 0 0 0 0 0 2068 2
+6 +3 2068
+5 * 2068
+3 * 2068 0 0 0 0 0 0 0 0 2068 76
+6 +17 73 73
+4 * 73
+2 * 73 0 0 0 0 0 0 0 0 73 63
0xa64d0 4302 11
+3 * 11
+4 * 11
+6 * 11 0 0 0 0 0 0 0 0 11 2
+2 * 2
+8 * 2
+3 * 2
+3 * 2 0 2
+3 * 2
+4 * 2
+5 4484 2 0 0 1 0 0 1
+3 * 2
+3 * 2
+5 +1 2
+5 * 2
+17 4338 14 14 0 1 8 0 1
+4 * 14
+5 -36 9
+3 * 9
+5 * 9
+4 * 9
+3 * 9
+4 * 9
+8 * 9 0 0 1 0 0 1
+3 * 9
+3 * 9 0 9
+3 * 9
+4 * 9
+61 4509 1028 1028 0 1 3 0 1
+4 * 1028
+3 * 1028
+3 * 1028
+4 +3 1028
+3 * 1028 0 0 0 0 0 0 0 0 1028
+6 +2 1028
+3 +3 1028
+3 * 1028 0 1028
+4 -3 1028
+3 * 1028 0 1028
+4 * 1028 0 1028
+4 * 1028 0 1028
+4 +3 1028 0 1028 0 0 4
cfn=(1378)
calls=1028 0xa3830 1619 
* * 31859 13360 5138 0 26 0 0 0 0 8221 4
+5 +3 1028 1028 0 1 0 0 1
+4 * 1028 1028
+4 * 1028 1028
+4 * 1028 1028
+4 * 1028
+4 * 1028 0 0 0 0 0 0 0 0 1028
+6 +15 1028 1028
+4 +1 1028 1028
+4 * 1028 0 0 0 0 0 0 0 0 1028 1
+6 +3 1028
+5 * 1028
+5 -9 1028
+4 +9 1028
+4 * 1028 0 1028 0 0 3 0 0 2
+4 +1 1028 0 1028
+4 +1 1028 0 1028 43 0 0 1
+4 +3 1028
+7 * 1028 0 0 0 0 0 0 0 0 1028 1027
+2 +1 1 0 1
+4 +1 1
+7 * 1 0 0 0 0 0 0 0 0 1
-7 * 1027
+7 * 1027 0 0 0 0 0 0 0 0 1027
+2 +2 1028
+4 * 1028 0 1028 0 0 1 0 0 1
+4 +3 1028
+7 * 1028
+3 * 1028
+3 * 1028
+3 * 1028
+4 * 1028
+3 * 1028
+4 * 1028 0 1028 452 0 0 1
+5 +2 1028
+3 * 1028
+4 * 1028 0 1028
+4 +1 1028 0 1028
+4 1996 1028 1028
+6 4557 1028
+4 1996 1028
+2 * 1028 0 0 0 0 0 0 0 0 1028 2
0xa6789 4402 2 2 0 1 0 0 1
+4 +1 2
+7 * 2 2
+5 * 2
+3 * 2
+4 * 2
+3 * 2 0 0 0 0 0 0 0 0 2
+2 +6 2 2
+4 * 2 0 0 0 0 0 0 0 0 2 2
+16 +5 2
+3 +1 2
+3 * 2 0 2 1 0 0 1
+4 -1 2
+3 * 2 0 2
+4 * 2 0 2
+4 * 2 0 2
+4 +1 2 0 2
cfn=(1378)
calls=2 0xa3830 1619 
* * 62 26 10 0 1 0 0 0 0 16 1
+5 +3 2 2
+4 * 2 2
+4 * 2 2
+4 * 2 2
+4 * 2
+4 * 2 0 0 0 0 0 0 0 0 2 1
0xa685d 4595 1997
+4 +1 1997
+3 * 1997
+3 * 1997 0 1997 0 0 6
cfn=(930) alloc_perturb
calls=1997 0xa2ed0 1995 
* * 9985 3994 0 0 0 0 0 0 0 1997
+5 +1 1997
+5 -9 1995 0 0 1 0 0 1
+3 * 1995
+3 * 1995
+4 +2 1995 0 0 1 0 0 1
+7 * 1995
+3 -1 1995 0 1995
+4 +1 1995
+3 -3 1995
+3 +3 1995
+3 +2 1995
+4 -2 1995
+4 * 1995
+3 * 1995
+4 * 1995 0 1995
+5 +2 1995 0 1995 0 0 1994 0 0 1994
+4 * 1995
+2 4238 4
+4 -1 4
+3 +3 4
+5 -1 4 0 4
+4 +1 4
+4 * 4 0 4 1 0 0 1
+5 +1 4
+5 * 4
+4 * 4 0 4 0 0 3 0 0 3
+4 +1 4
+6 * 4 0 0 0 0 0 0 0 0 4
+2 +2 4
+4 * 4 0 4 0 0 1 0 0 1
+4 +4 4
+7 * 4
+3 * 4
+3 * 4
+3 * 4
+4 * 4
+3 * 4
+4 * 4 0 4
+4 +2 4
+3 * 4
+4 * 4 0 4 0 0 1 0 0 1
+4 +1 4 0 4
+4 +3 4
+4 +1 4
+3 * 4
+3 * 4 0 4 0 0 3
cfn=(930)
calls=4 0xa2ed0 1995 
* * 20 8 0 0 0 0 0 0 0 4
+5 +1 4
+5 4617 73 0 0 2 0 0 1
+3 * 73
+3 * 73 0 73
+4 * 73 0 73 0 0 4
cfn=(922)
calls=73 0xa50f0 2543 
* * 14512 3520 2372 189 454 155 46 2 100 2266 207 1 1
+5 * 73
+3 +1 73
+3 * 73 0 0 0 0 0 0 0 0 73 2
+6 +1 73 73 0 3 0 0 1
+4 * 73
+3 * 73 0 73
cfn=(930)
calls=73 0xa2ed0 1995 
* * 365 146 0 1 0 0 1 0 0 73 3
+5 * 73
+88 4421 2 0 0 1 0 0 1
+7 -1 2 0 2
+6 +1 2
+3 * 2 0 0 0 0 0 0 0 0 2

fn=(1028)
0xa6ca0 3397 1 1 0 1 0 0 1
+7 * 1 1
+4 * 1 0 0 0 0 0 0 0 0 1
+2 +28 1 0 1
+1 * 1
+3 * 1
+4 -23 1 1
+7 * 1 1 0 1 0 0 1
+8 * 1 0 0 0 0 0 0 0 0 1
+2 * 1 0 1
+4 * 1 0 1
cfn=(1030)
calls=1 0xa6c00 -7 
* * 298 30 124 7 1 12 7 0 12 121 23
+5 * 1 1
+4 +26 1 1
+1 -1 1
cfn=(918)
calls=1 0xa6a10 +17 
* * 169 29 15 2 0 0 2 0 0 24 10

fn=(930)
0xa2ed0 1995 2074 0 0 1 0 0 1
+3 +1 2074 2074
+6 * 2074
+2 * 2074 0 0 0 0 0 0 0 0 2074 3
+2 +2 2074 2074

fn=(1332)
0xa7f30 3516 1051672 0 0 1 0 0 1
+4 +3 1051672
+3 * 1051672 0 0 0 0 0 0 0 0 1051672 2
+6 +15 1051672 0 0 1 0 0 1
+4 * 1051672 0 0 0 0 0 0 0 0 1051672 1
+6 -4 1051672 1051672 0 0 21
+4 * 1051672
+3 * 1051672
+4 +10 1051672 1051672 0 0 8
+7 * 1051672 0 0 0 0 0 0 0 0 1051672 1035
+2 * 1048586 1048586
+7 * 1048586 1048586
+4 * 1048586
+3 * 1048586 0 0 0 0 0 0 0 0 1048586 1
+2 +6 1048586 1048586
+7 * 1048586 1048586
+4 * 1048586 0 0 0 0 0 0 0 0 1048586 2
+6 +3 1048586
+4 * 1048586 0 0 1 0 0 1
+3 * 1048586
+4 +1 1048586
+7 * 1048586 0 0 0 0 0 0 0 0 1048586 2
+2 +2 1048586 1048586 0 0 6
+4 * 1048586
+3 * 1048586 0 0 0 0 0 0 0 0 1048586
+2 3201 1048586
+3 +8 1048586
+3 -12 1048586 0 1048586
+4 +4 1048586
+4 * 1048586 1048586 0 0 6
+8 * 1048586 0 1048586
+3 +1 1048586 0 1048586
+8 +7 1048586 0 1048586
+4 3553 1048586 1048586
+2 -4 3086 0 0 1 0 0 1
+4 -22 3086
+4 +40 3086
+3 * 3086 0 0 0 0 0 0 0 0 3086 1
fi=(187)
+6 151 3086
+4 * 3086
+7 * 3086 0 0 0 0 0 0 0 0 3086 9
fe=(188)
+14 3571 3086
+2 * 3086
+3 * 3086
cfn=(1366)
calls=3086 0xa4dd0 4634 
* * 406873 121519 75655 3873 2244 13 29 0 0 63463 1162

fl=(113)
fn=(384)
0xaf140 29 1 0 0 1 0 0 1
fi=(379)
+4 +7 1 1
+7 * 1
+7 * 1 1
+7 * 1
+7 * 1
fe=(113)
+4 -7 1 1

fl=(193)
fn=(666)
0x273c0 46 1 0 0 1 0 0 1
+4 * 1 0 1
+1 * 1
+2 * 1
+3 * 1
+4 +5 1 1
+7 * 1 0 0 0 0 0 0 0 0 1
+2 +4 1 1 0 0 1
+7 * 1 1 0 0 1 0 0 1
+3 * 1 1
+7 * 1 1
+4 * 1 0 0 0 0 0 0 0 0 1 1
+2 +8 1 1 0 0 1
+7 -2 1 0 1 0 0 1
+6 +10 1
+2 -9 1 0 1 1 0 0 1
+7 +1 1 0 1 0 0 1 0 0 1
+3 +9 1 1
+1 -1 1
cfi=(194)
cfn=(668)
calls=1 0x11a6e0 -41 
* * 50 11 6 5 2 1 5 1 0 5 1 1 1

fl=(288)
fn=(1076)
0x80c50 85 2 0 0 2 0 0 2
+4 +1 2
+5 * 2
cfn=(1078) __fopen_internal
calls=2 0x80b50 -29 
* * 1124 253 243 80 17 22 79 12 20 123 43 4 3

fn=(1078)
0x80b50 57 2 0 0 2 0 0 2
+4 * 2 0 2
+1 * 2
+3 * 2 0 2
+2 * 2
+3 * 2 0 2
+2 * 2
+3 * 2 0 2
+2 * 2
+3 +8 2
+5 -8 2 0 2
+2 * 2 0 2
+1 * 2
+4 +8 2 2 2 0 1 1 0 1 1 0 0 2 1
cfi=(188)
cfn=(916)
calls=2 0xa7970 3480 
* * 224 38 18 1 6 2 1 1 1 35 13
+6 +2 2
+3 * 2 0 0 2 0 0 2 0 0 2
+6 * 2
+3 +3 2
+7 +2 2
+2 * 2
+2 * 2
+7 -2 2 0 2 0 0 2 0 0 2
+7 +2 2
+3 * 2
+3 * 2
+7 * 2 0 2
cfi=(289)
cfn=(1080)
calls=2 0x90850 589 
* * 116 18 60 10 2 10 10 2 9 4
+6 +1 2
+7 +1 2
+3 -1 2 0 2 2 0 0 2
+7 +1 2 0 2
cfi=(290)
cfn=(1084)
calls=2 0x8cf50 +33 
* * 228 66 66 26 3 3 26 3 3 26 10
+5 +1 2
+3 * 2
+3 * 2
+3 * 2
+3 * 2 0 2
cfi=(290)
cfn=(1092)
calls=2 0x8d430 247 
* * 460 113 75 35 5 4 34 5 4 52 18 2 2
+5 * 2
+3 * 2 0 0 0 0 0 0 0 0 2
+2 -38 2 2
+4 * 2 0 0 0 0 0 0 0 0 2 2
+48 +44 2 0 0 2 0 0 2
+4 * 2
+3 * 2 2
+1 * 2 2
+2 * 2 2
+2 * 2 2
+2 * 2 2
+2 * 2 2
+1 * 2 2

fl=(133)
fn=(438)
0xae1f0 29 1 0 0 1 0 0 1
fi=(91)
+4 +9 1 1
+7 * 1 1 0 1 0 0 1
+6 +1 1 1
+6 -1 1
+3 * 1 0 0 0 0 0 0 0 0 1
+2 +1 1
+3 * 1 0 0 0 0 0 0 0 0 1
+2 +4 1
+2 * 1
+2 * 1
+5 * 1 0 0 0 0 0 0 0 0 1
+2 +3 1
+7 * 1
+3 * 1 0 0 0 0 0 0 0 0 1
+2 +3 1
+7 * 1
+3 * 1 0 0 0 0 0 0 0 0 1 1
fe=(133)
+37 -20 1 1

fl=(196)
fn=(674)
0x27430 545 1
+4 +1 1 1 0 0 1
+7 * 1 0 0 1 0 0 1
+7 * 1 1 0 0 1
+7 * 1 0 0 0 0 0 0 0 0 1 1
+30 +1 1 1 0 0 1
+7 * 1 1 0 0 1
+7 * 1 0 0 0 0 0 0 0 0 1
+2 +1 1 1
+7 * 1 1 0 1 1 0 1
+7 * 1 0 0 0 0 0 0 0 0 1
+2 +2 1 1

fl=(197)
fn=(676)
0x274a0 64 1
+4 +3 1 1 0 0 1
+7 * 1
+3 * 1 0 0 0 0 0 0 0 0 1
+2 -1 1
+7 * 1
+9 +3 1 0 1 1 0 0 1
+7 -1 1
+4 -1 1 1 0 0 1
+4 * 1
+3 * 1 0 0 0 0 0 0 0 0 1 1
-18 +2 2 0 2 0 0 1
+7 -1 2
+4 -1 2 2 0 0 2
+4 * 2
+3 * 2 0 0 0 0 0 0 0 0 2 1
+2 +3 1 1

fl=(114)
fn=(386)
0xad180 79 2 0 0 1 0 0 1
+4 -32 2 2 0 0 1
+7 +1 2 2 0 0 1
+6 +1 2 2 0 0 1
+6 -1 2
+2 * 2
+5 * 2 0 0 0 0 0 0 0 0 2 2
+50 +1 2 0 0 1 0 0 1
+3 * 2 0 0 0 0 0 0 0 0 2
+2 +4 2 2
+6 * 2
+2 * 2
+5 * 2 0 0 0 0 0 0 0 0 2 1
+2 +3 2
+7 * 2 2
+7 * 2 0 0 0 0 0 0 0 0 2
+2 +3 2
+7 * 2
+3 * 2 0 0 0 0 0 0 0 0 2
+2 +20 2 2 0 1 0 0 1

fl=(261)
fn=(928)
0x10f7b0 36 69 0 0 1 0 0 1
fi=(386) /usr/src/debug/glibc/glibc/misc/../sysdeps/unix/sysv/linux/brk_call.h
+4 -12 69
+5 * 69
fe=(261)
+2 +13 69 69 0 2 0 0 1
+7 * 69 0 69
+3 +1 69
+3 * 69 0 0 0 0 0 0 0 0 69 2
+2 +6 60
+2 +1 60 60
+4 -5 9 9 0 0 8
+7 * 9 0 9 0 0 8
+7 +1 9
+5 * 9 9

ob=(6)
fl=(198)
fn=(682)
0x4260 60 1 0 0 1 0 0 1
fi=(200) /usr/src/debug/gcc/gcc/libgcc/../gcc/common/config/i386/cpuinfo.h
+4 1123 1 1 0 0 1
+7 * 1 1 0 0 1
+2 * 1
+2 * 1 0 0 0 0 0 0 0 0 1
fe=(198)
+6 60 1 0 1
fi=(199) /usr/src/debug/gcc/gcc-build/gcc/include/cpuid.h
+1 309 1
fe=(198)
+2 60 1
+3 * 1 0 1
+2 * 1 0 1
+2 * 1 0 1 1 0 0 1
+2 * 1 0 1
+2 * 1 0 1
fi=(199)
+1 309 1
+2 +21 1
+2 * 1 0 0 0 0 0 0 0 0 1
+6 +3 1
+2 * 1
+2 * 1
+3 * 1
fi=(200)
+3 1136 1
+2 * 1 0 0 0 0 0 0 0 0 1
fi=(199)
+6 309 1
+2 * 1
+2 +21 1
+2 * 1 0 0 0 0 0 0 0 0 1
+6 +3 1
+5 * 1
+2 * 1
fi=(200)
+3 1150 1
+2 +1 1
fi=(199)
+3 333 1
fi=(200)
+3 1150 1 0 0 1 0 0 1
+3 +1 1
+4 -1 1
+3 +1 1
+4 -1 1 0 1
+3 +2 1
+2 +1 1
+3 -2 1
+3 +2 1
+3 -1 1
+3 +1 1 0 1
+3 744 1
+2 1152 1
+6 744 1
+5 1152 1 0 1
+3 744 1
+2 * 1 0 0 0 0 0 0 0 0 1 1
+20 +24 1 0 0 1 0 0 1
+7 * 1 0 0 0 0 0 0 0 0 1
+2 92 1 0 1
+4 770 1
+7 * 1 0 0 0 0 0 0 0 0 1
+2 92 1 0 1
+4 772 1
+7 * 1 0 0 0 0 0 0 0 0 1
+2 92 1 0 1
+4 774 1
+7 * 1 0 0 0 0 0 0 0 0 1 1
+2 92 1 0 1
+4 +9 1 0 0 1 0 0 1
+7 776 1
+7 * 1 0 0 0 0 0 0 0 0 1 1
+6 +2 1
+7 * 1 0 0 0 0 0 0 0 0 1 1
+6 +3 1
+7 * 1 0 0 0 0 0 0 0 0 1
+2 92 1 0 1
+4 783 1
+3 * 1
+5 * 1 0 0 0 0 0 0 0 0 1
+2 92 1 0 1
+7 785 1
+4 * 1 0 0 0 0 0 0 0 0 1 1
+2 92 1 0 1 1 0 0 1
+7 787 1
+4 * 1 0 0 0 0 0 0 0 0 1
+2 92 1 0 1
+4 789 1
+7 * 1 0 0 0 0 0 0 0 0 1
+2 92 1 0 1
+4 791 1
+7 * 1 0 0 0 0 0 0 0 0 1 1
+2 92 1 0 1
+7 793 1
+7 * 1 0 0 0 0 0 0 0 0 1
+2 92 1 0 1
+7 795 1
+2 * 1 0 0 1 0 0 1 0 0 1 1
+6 +2 1
+7 * 1 0 0 0 0 0 0 0 0 1 1
+6 +2 1
+7 * 1 0 0 0 0 0 0 0 0 1 1
+6 +2 1
+2 * 1 0 0 0 0 0 0 0 0 1 1
+2 92 1 0 1
+7 803 1
+7 * 1 0 0 0 0 0 0 0 0 1 1
+6 +2 1
+7 * 1 0 0 1 0 0 1 0 0 1 1
+6 +2 1
+3 * 1 0 0 0 0 0 0 0 0 1
+2 +2 1
+7 * 1 0 0 0 0 0 0 0 0 1
+2 92 1 0 1
+7 811 1
+7 * 1 0 0 0 0 0 0 0 0 1
+2 92 1 0 1
+7 813 1
+7 * 1 0 0 0 0 0 0 0 0 1 1
+6 +5 1
+4 * 1 0 0 0 0 0 0 0 0 1
+6 +4 1 0 0 1 0 0 1
+5 * 1
+2 * 1
+2 * 1
+3 * 1
+3 +1 1
+3 * 1 0 0 0 0 0 0 0 0 1
+2 92 1 0 1
+7 825 1
+4 * 1 0 0 0 0 0 0 0 0 1
+6 +2 1
+4 * 1 0 0 0 0 0 0 0 0 1
+6 +2 1
+7 * 1 0 0 0 0 0 0 0 0 1
+6 +2 1
+3 * 1 0 0 1 0 0 1 0 0 1
+2 +2 1
+4 * 1 0 0 0 0 0 0 0 0 1
+2 92 1 0 1
+7 835 1
+7 * 1 0 0 0 0 0 0 0 0 1
+6 +2 1
+7 * 1 0 0 0 0 0 0 0 0 1
+6 +3 1
+7 * 1 0 0 0 0 0 0 0 0 1
+2 92 1 0 1
+7 842 1
+4 * 1 0 0 1 0 0 1 0 0 1
+6 +2 1
+7 * 1 0 0 0 0 0 0 0 0 1 1
+6 +2 1
+7 * 1 0 0 0 0 0 0 0 0 1
+6 +2 1
+7 * 1 0 0 0 0 0 0 0 0 1
+6 +2 1
+7 * 1 0 0 0 0 0 0 0 0 1 1
+6 +2 1
+7 * 1 0 0 1 0 0 1 0 0 1
+6 +3 1
+4 * 1 0 0 0 0 0 0 0 0 1
+6 +2 1
+7 * 1 0 0 0 0 0 0 0 0 1
+6 +2 1
+7 * 1 0 0 0 0 0 0 0 0 1
+6 +2 1
+7 * 1 0 0 0 0 0 0 0 0 1
+6 +2 1
+7 * 1 0 0 1 0 0 1 0 0 1
+6 +2 1
+7 * 1 0 0 0 0 0 0 0 0 1
+6 +2 1
+7 * 1 0 0 0 0 0 0 0 0 1
+6 +2 1
+4 * 1 0 0 0 0 0 0 0 0 1
+6 +2 1
+4 * 1 0 0 0 0 0 0 0 0 1
+6 +4 1
+3 * 1 0 0 0 0 0 0 0 0 1
+6 +2 1
+6 * 1 0 0 1 0 0 1 0 0 1
+6 +2 1
+6 * 1 0 0 0 0 0 0 0 0 1
+6 +2 1
+6 * 1 0 0 0 0 0 0 0 0 1
+6 +2 1
+3 * 1 0 0 0 0 0 0 0 0 1 1
+6 +2 1
+3 * 1 0 0 0 0 0 0 0 0 1 1
+38 +9 1 0 0 1 0 0 1
+3 * 1 0 0 0 0 0 0 0 0 1
0x4689 +30 1 0 0 1 0 0 1
+2 * 1 0 0 0 0 0 0 0 0 1 1
0x4769 +58 1 0 0 1 0 0 1
+4 * 1 0 0 0 0 0 0 0 0 1
+2 +2 1
+5 * 1
+5 * 1
+2 +1 1
+2 * 1 0 0 1 0 0 1 0 0 1
+6 +2 1
+2 * 1 0 0 0 0 0 0 0 0 1
+6 +2 1
+2 * 1 0 0 0 0 0 0 0 0 1
+6 +5 1
+4 * 1 0 0 0 0 0 0 0 0 1 1
+52 +63 1 0 0 1 0 0 1
+5 * 1
+2 * 1
+3 +4 1
+5 * 1 0 0 0 0 0 0 0 0 1
+6 +2 1
+5 * 1
+2 +2 1
+3 * 1 0 0 0 0 0 0 0 0 1 1
+9 +2 1
+3 * 1 0 0 0 0 0 0 0 0 1 1
+6 +2 1
+2 * 1 0 0 1 0 0 1
+3 * 1 0 0 0 0 0 0 0 0 1 1
+6 +2 1
+3 * 1 0 0 0 0 0 0 0 0 1
+6 +2 1
+6 * 1 0 0 0 0 0 0 0 0 1
+6 +2 1
+2 * 1 0 0 0 0 0 0 0 0 1 1
+6 +2 1
+3 * 1 0 0 0 0 0 0 0 0 1
+6 +2 1
+6 * 1 0 0 0 0 0 0 0 0 1
+6 +3 1
+6 * 1 0 0 1 0 0 1 0 0 1 1
+6 +2 1
+6 * 1 0 0 0 0 0 0 0 0 1
+6 +2 1
+2 * 1 0 0 0 0 0 0 0 0 1
+6 +3 1
+3 * 1 0 0 0 0 0 0 0 0 1 1
+2 +2 1
+6 * 1 0 0 0 0 0 0 0 0 1 1
+9 +2 1
+3 * 1 0 0 0 0 0 0 0 0 1
+6 +5 1
+7 * 1 0 0 0 0 0 0 0 0 1
+2 +2 1 0 0 1 0 0 1
+5 * 1
+2 * 1
+3 +1 1
+3 * 1 0 0 0 0 0 0 0 0 1
+6 +2 1
+7 * 1 0 0 0 0 0 0 0 0 1
+6 75 1 1
+2 1159 1
+7 * 1 0 0 0 0 0 0 0 0 1 1
+52 +16 1 0 1 1 0 0 1
+2 75 1 1
+2 1216 1
+5 * 1 0 0 0 0 0 0 0 0 1
+2 66 1 1
+3 1217 1
+3 * 1 0 0 0 0 0 0 0 0 1 1
fe=(198)
+21 64 1 1
+1 * 1 1
+2 * 1 1
+2 * 1 1
+2 * 1 1
+2 * 1 1
+1 * 1 1
fi=(200)
+4 750 1 0 0 1 0 0 1
+2 * 1
+3 +3 1
+2 * 1
+2 * 1
+3 * 1 0 0 0 0 0 0 0 0 1 1
+12 +7 1
+2 * 1
+3 * 1
+2 * 1
+6 * 1
+4 +2 1
+3 -1 1
+3 * 1 0 1 1 0 0 1
+3 * 1
+5 1162 1
+4 * 1 0 0 0 0 0 0 0 0 1
+6 +5 1
+4 * 1 0 0 0 0 0 0 0 0 1 1
+6 +8 1
+5 * 1
+5 101 1 0 1
+6 +2 1
+5 -2 1 0 1
+6 +2 1
+5 -2 1 0 1 1 0 0 1
+6 +2 1
+5 -2 1 0 1
+7 +2 1
+5 -2 1 0 1
+4 +2 1
+5 -2 1 0 1
+6 +2 1
+5 -2 1 0 1
+6 +2 1
+5 742 1
+3 * 1
+84 1222 1 0 0 1 0 0 1
+2 101 1 0 1
+7 1222 1
+2 * 1
+6 * 1 0 0 0 0 0 0 0 0 1
+6 +1 1
+2 * 1
+2 * 1
+6 * 1 0 0 0 0 0 0 0 0 1
+6 101 1 1
+3 * 1
+2 * 1
+3 * 1 0 1
+3 1232 1
+2 * 1
+2 * 1 0 0 1 0 0 1
+6 * 1 0 0 0 0 0 0 0 0 1
+6 +1 1
+2 * 1
+5 * 1 0 0 0 0 0 0 0 0 1
+6 101 1
+2 * 1
+2 * 1
+2 * 1
+3 * 1
+3 * 1
+6 * 1
+3 * 1 0 1
+3 1124 1
+2 * 1
0x4bdc +44 1 1 0 1 0 0 1
+3 * 1 1
+3 348 1
+6 * 1 0 0 0 0 0 0 0 0 1
+6 * 1
+3 * 1 0 0 0 0 0 0 0 0 1
+6 * 1
+3 * 1
+6 * 1 0 0 1 0 0 1 0 0 1 1
+6 * 1
+7 * 1 1 0 0 1 0 0 1
+4 * 1
+3 * 1 0 0 0 0 0 0 0 0 0 0 1 1
0x4db0 +99 1 1 0 1 1 0 1 1
+7 * 1 0 1
+4 +2 1
0x4f16 757 1 0 0 1 0 0 1
+2 * 1
+3 -2 1
+6 +2 1
+2 * 1
+3 * 1
+4 * 1
+41 101 1 0 1 1 0 0 1
+4 +2 1
+16 -2 1 0 1
+6 +2 1
+25 -2 1 0 1 1 0 0 1
+6 +2 1
0x5056 -2 1 0 1 1 0 0 1
+6 +2 1
+51 -2 1 0 1
+6 +2 1
+5 -2 1 0 1 1 0 0 1
+6 +2 1
fe=(198)

fl=(201)
fn=(688)
0x5380 0 1 0 0 1 0 0 1
+7 0 1
+7 0 1
+3 0 1
+3 0 1
+4 0 1
+4 0 1
+3 0 1
+3 0 1 0 0 0 0 0 0 0 0 1 1
+22 0 1 1
+88 0 1 0 0 1 0 0 1
+4 0 1

ob=(3)
fl=(156)
fn=(508)
0x5c310 49 1 0 0 1 0 0 1
+4 * 1 1
+7 * 1
+7 * 1 1
+7 * 1 0 0 0 0 0 0 0 0 1 1
+27 * 1 1 0 1 0 0 1

fl=(149)
fn=(486)
0x53630 28 1 0 0 1 0 0 1
fi=(150) /usr/src/debug/glibc/glibc/math/../sysdeps/x86_64/fpu/multiarch/ifunc-fma.h
+4 +1 1 1
+7 * 1 0 0 1 0 0 1
+7 * 1 1
+7 * 1 0 0 0 0 0 0 0 0 1
+2 +1 1 1
+7 * 1
+7 * 1
+7 * 1
fe=(149)
+4 -2 1 1

fl=(161)
fn=(530)
0x6f440 29 1 0 0 1 0 0 1
+4 * 1 1
+7 * 1
+7 * 1 1
+7 * 1 0 0 0 0 0 0 0 0 1
fi=(150)
+2 +1 1 1
+7 * 1
+7 * 1
+7 * 1
fe=(161)
+4 -1 1 1

fl=(167)
fn=(554)
0x6f5a0 29 1 0 0 1 0 0 1
+4 * 1 1
+7 * 1
+7 * 1 1
+7 * 1 0 0 0 0 0 0 0 0 1
fi=(150)
+2 +1 1 1 0 1 0 0 1
+7 * 1
+7 * 1
+7 * 1
fe=(167)
+4 -1 1 1

fl=(169)
fn=(566)
0x53c10 29 1 0 0 1 0 0 1
fi=(146) /usr/src/debug/glibc/glibc/math/../sysdeps/x86_64/fpu/multiarch/ifunc-avx-fma4.h
+4 +3 1 1
+7 * 1 1
+6 * 1
+3 * 1 0 0 0 0 0 0 0 0 1
+2 * 1
+7 +1 1 1
+7 * 1 0 0 0 0 0 0 0 0 1 1
fe=(169)
+42 -4 1 1 0 1 0 0 1

fl=(153)
fn=(498)
0x5b7d0 28 1 0 0 1 0 0 1
fi=(150)
+4 +1 1 1
+7 * 1
+7 * 1 1
+7 * 1 0 0 0 0 0 0 0 0 1
+2 +1 1 1
+7 * 1
+7 * 1
+7 * 1 0 0 1 0 0 1
fe=(153)
+4 -2 1 1

fl=(168)
fn=(562)
0x6b250 29 2 0 0 1 0 0 1
+4 * 2 2
+7 * 2
+7 * 2 2
+7 * 2 0 0 0 0 0 0 0 0 2
fi=(150)
+2 +1 2 2
+7 * 2
+7 * 2
+7 * 2 0 0 1 0 0 1
fe=(168)
+4 -1 2 2

fl=(152)
fn=(494)
0x61310 29 1 0 0 1 0 0 1
+4 * 1 1
+7 * 1
+7 * 1 1
+7 * 1 0 0 0 0 0 0 0 0 1
fi=(150)
+2 +1 1 1
+7 * 1
+7 * 1
+7 * 1 0 0 1 0 0 1
fe=(152)
+4 -1 1 1

fl=(166)
fn=(550)
0x602c0 28 1 0 0 1 0 0 1
fi=(146)
+4 +4 1 1
+7 * 1 1
+6 * 1
+3 * 1 0 0 0 0 0 0 0 0 1
+2 * 1
+7 +1 1 1
+7 * 1 0 0 0 0 0 0 0 0 1 1
fe=(166)
+42 -5 1 1 0 1 0 0 1

fl=(170)
fn=(570)
0x704b0 28 1 0 0 1 0 0 1
fi=(150)
+4 +1 1 1
+7 * 1 0 0 1 0 0 1
+7 * 1 1
+7 * 1 0 0 0 0 0 0 0 0 1
+2 +1 1 1
+7 * 1
+7 * 1
+7 * 1
fe=(170)
+4 -2 1 1

fl=(145)
fn=(476)
0x5ece0 29 1 0 0 1 0 0 1
fi=(146)
+4 +3 1 1
+7 * 1 1
+6 * 1
+3 * 1 0 0 0 0 0 0 0 0 1
+2 * 1
+7 +1 1 1 0 1 0 0 1
+7 * 1 0 0 0 0 0 0 0 0 1 1
fe=(145)
+42 -4 1 1

fn=(558)
0x5ed30 36 1
fi=(146)
+4 -4 1 1
+7 * 1 1 0 1 0 0 1
+6 * 1
+3 * 1 0 0 0 0 0 0 0 0 1
+2 * 1
+7 +1 1 1
+7 * 1 0 0 0 0 0 0 0 0 1 1
fe=(145)
+42 +3 1 1

fl=(159)
fn=(522)
0x585f0 29 1 0 0 1 0 0 1
fi=(146)
+4 +3 1 1
+7 * 1 1 0 1 0 0 1
+6 * 1
+3 * 1 0 0 0 0 0 0 0 0 1
+2 * 1
+7 +1 1 1
+7 * 1 0 0 0 0 0 0 0 0 1 1
fe=(159)
+42 -4 1 1

fl=(165)
fn=(546)
0x582f0 29 1 0 0 1 0 0 1
+4 * 1 1
+7 * 1 0 0 1 0 0 1
+7 * 1 1
+7 * 1 0 0 0 0 0 0 0 0 1
fi=(150)
+2 +1 1 1
+7 * 1
+7 * 1
+7 * 1
fe=(165)
+4 -1 1 1

fl=(158)
fn=(518)
0x5a690 28 1 0 0 1 0 0 1
fi=(146)
+4 +4 1 1
+7 * 1 1
+6 * 1
+3 * 1 0 0 0 0 0 0 0 0 1
+2 * 1
+7 +1 1 1
+7 * 1 0 0 0 0 0 0 0 0 1 1
fe=(158)
+42 -5 1 1 0 1 0 0 1

fl=(154)
fn=(514)
0x52790 37 1
fi=(143) /usr/src/debug/glibc/glibc/math/../sysdeps/x86_64/fpu/multiarch/ifunc-fma4.h
+4 -6 1 1
+7 * 1 1
+7 * 1 0 0 0 0 0 0 0 0 1
+2 * 1
+7 +1 1 1
+7 * 1 0 0 0 0 0 0 0 0 1 1
fe=(154)
+27 +5 1 1 0 1 0 0 1

fn=(502)
0x52750 29 1 0 0 1 0 0 1
fi=(143)
+4 +2 1 1
+7 * 1 1
+7 * 1 0 0 0 0 0 0 0 0 1 1
+2 * 1
+7 +1 1 1
+7 * 1 0 0 0 0 0 0 0 0 1 1
fe=(154)
+27 -3 1 1 0 1 0 0 1

fl=(160)
fn=(526)
0x5cf70 28 1 0 0 1 0 0 1
fi=(150)
+4 +1 1 1
+7 * 1 0 0 1 0 0 1
+7 * 1 1
+7 * 1 0 0 0 0 0 0 0 0 1
+2 +1 1 1
+7 * 1
+7 * 1
+7 * 1
fe=(160)
+4 -2 1 1

fl=(147)
fn=(480)
0x534b0 28 1 0 0 1 0 0 1
fi=(146)
+4 +4 1 1
+7 * 1 1 0 1 0 0 1
+6 * 1
+3 * 1 0 0 0 0 0 0 0 0 1
+2 * 1
+7 +1 1 1
+7 * 1 0 0 0 0 0 0 0 0 1 1
fe=(147)
+42 -5 1 1

fl=(151)
fn=(490)
0x594f0 28 1 0 0 1 0 0 1
fi=(150)
+4 +1 1 1
+7 * 1 0 0 1 0 0 1
+7 * 1 1
+7 * 1 0 0 0 0 0 0 0 0 1
+2 +1 1 1
+7 * 1
+7 * 1
+7 * 1
fe=(151)
+4 -2 1 1

fl=(142)
fn=(470)
0x5f780 28 1 0 0 1 0 0 1
fi=(143)
+4 +3 1 1
+7 * 1 1
+7 * 1 0 0 0 0 0 0 0 0 1
+2 * 1
+7 +1 1 1
+7 * 1 0 0 0 0 0 0 0 0 1 1
fe=(142)
+27 -4 1 1

fl=(157)
fn=(510)
0x722d0 28 1 0 0 1 0 0 1
fi=(150)
+4 +1 1 1
+7 * 1
+7 * 1 1
+7 * 1 0 0 0 0 0 0 0 0 1
+2 +1 1 1
+7 * 1
+7 * 1
+7 * 1 0 0 1 0 0 1
fe=(157)
+4 -2 1 1

fl=(144)
fn=(474)
0x70e60 44 1 0 0 1 0 0 1
+4 * 1 1
+7 * 1
+7 * 1 1
+7 * 1 0 0 0 0 0 0 0 0 1 1
+27 * 1 1 0 1 0 0 1

fl=(162)
fn=(534)
0x58db0 29 1 0 0 1 0 0 1
fi=(143)
+4 +2 1 1
+7 * 1 1 0 1 0 0 1
+7 * 1 0 0 0 0 0 0 0 0 1 1
+2 * 1
+7 +1 1 1
+7 * 1 0 0 0 0 0 0 0 0 1 1
fe=(162)
+27 -3 1 1

fl=(164)
fn=(542)
0x72310 28 1
fi=(150)
+4 +1 1 1
+7 * 1
+7 * 1 1
+7 * 1 0 0 0 0 0 0 0 0 1
+2 +1 1 1
+7 * 1
+7 * 1
+7 * 1 0 0 1 0 0 1
fe=(164)
+4 -2 1 1

fl=(202)
fn=(698)
0xf860 0 1 0 0 1 0 0 1
+7 0 1
+7 0 1
+3 0 1
+3 0 1
+4 0 1
+4 0 1
+3 0 1 0 0 1 0 0 1
+3 0 1 0 0 0 0 0 0 0 0 1 1
+22 0 1 1
+88 0 1 0 0 1 0 0 1
+4 0 1

fl=(163)
fn=(538)
0x6f9c0 32 1 0 0 1 0 0 1
fi=(150)
+4 -3 1 1
+7 * 1
+7 * 1 1
+7 * 1 0 0 0 0 0 0 0 0 1
+2 +1 1 1
+7 * 1
+7 * 1
+7 * 1
fe=(163)
+4 +2 1 1

fl=(155)
fn=(506)
0x5d820 32 1 0 0 1 0 0 1
fi=(387) /usr/src/debug/glibc/glibc/math/../sysdeps/x86_64/fpu/multiarch/ifunc-sse4_1.h
+4 -3 1 1
+7 * 1
+7 * 1 1
+7 * 1
+7 * 1 0 0 1 0 0 1
fe=(155)
+4 +3 1 1

fl=(148)
fn=(484)
0x720d0 32 1 0 0 1 0 0 1
fi=(387)
+4 -3 1 1
+7 * 1
+7 * 1 1
+7 * 1
+7 * 1
fe=(148)
+4 +3 1 1

ob=(4)
fl=(191)
fn=(656)
0x4846000 0 1 0 0 1 0 0 1
+4 0 1
+4 0 1 1
+7 0 1
+3 0 1 0 0 0 0 0 0 0 0 1 1
+4 0 1
+4 0 1 1

fn=(910)
0x4c722e0 0 2 0 0 1 0 0 1
+4 0 2 2 0 0 0 0 0 0 0 0 0 2 1
cob=(2)
cfi=(257)
cfn=(912)
calls=2 0x171be0 206 
* 0 50 10 0 2 2 0 2 0 0 8 2

fn=(792)
0x4c72240 0 1355004 0 0 2 0 0 2
+4 0 1355004 1355004 0 0 2 0 0 0 0 0 0 1355004 1
cob=(2)
cfi=(232)
cfn=(794)
calls=1355004 0x170b00 52 
* 0 18970056 2710008 0 1025 1030 0 1 7 0 2710008 5

fn=(1104)
0x4c72330 0 2 0 0 2 0 0 1
+4 0 2 2 0 0 1 0 0 1 0 0 0 2 2
cob=(2)
cfi=(295)
cfn=(1106)
calls=2 0x16ff20 53 
* 0 42 6 0 4 0 0 4 0 0 6 2

fn=(980)
0x4002000 0 1 0 0 1 0 0 1
+4 0 1
+4 0 1 1 0 0 1
+7 0 1
+3 0 1 0 0 0 0 0 0 0 0 1 1
+4 0 1
+4 0 1 1

fn=(670)
0x4c72320 0 1 0 0 1 0 0 1
+4 0 1 1 0 0 1 0 0 0 0 0 0 1 1
cob=(2)
cfi=(195)
cfn=(672)
calls=1 0x1729b0 53 
* 0 22 2 0 2 1 0 2 1 0 3 1

fn=(1532)
0x4c72290 0 612718 0 0 1 0 0 1
+4 0 612718 612718 0 0 1 0 0 1 0 0 0 612718 1
cob=(2)
cfi=(295)
cfn=(1534)
calls=612718 0x170160 53 
* 0 11641642 1225436 0 2 0 0 2 0 0 1225436 2

fn=(694)
0x4b22000 0 1 0 0 1 0 0 1
+4 0 1
+4 0 1 1 0 0 1
+7 0 1
+3 0 1 0 0 0 0 0 0 0 0 1
+4 0 1
+4 0 1 1

ob=(5)
fl=(192)
fn=(660)
0x1050 0 1 0 0 1 0 0 1
+7 0 1
+7 0 1
+3 0 1
+3 0 1
+4 0 1
+4 0 1
+3 0 1
+3 0 1 0 0 0 0 0 0 0 0 1 1
+22 0 1 1 0 1 0 0 1
+88 0 1 0 0 1 0 0 1
+4 0 1

ob=(4)
fl=(191)
fn=(704)
0x4916000 0 1 0 0 1 0 0 1
+4 0 1
+4 0 1 1 0 0 1
+7 0 1
+3 0 1 0 0 0 0 0 0 0 0 1
+4 0 1
+4 0 1 1

fn=(678)
0x4c25000 0 1 0 0 1 0 0 1
+4 0 1
+4 0 1 1 0 0 1
+7 0 1
+3 0 1 0 0 0 0 0 0 0 0 1 1
+4 0 1
+4 0 1 1

totals: 5340390926 1806911622 408757863 48674 67949748 495313 2414 8921 461607 541268961 8725408 32233801 2110655
